------------d=1, t=2, lambda=1, filename=./evaluation/Mobile/Mobile_2_1.csv------------
Grouping d-sets by partitioned row counts for detecting arrays...
Ready to look at pairs for detecting arrays...
First Stage N=157, Time=811
There are 2956241 remaining non-locating pairs
Generation #0
403,35072,0.001, 0.0192819, 0.0378253, 0.0436689, 0.0488421, 0.126569, 0.176682, 0.209859, 0.221429, 0.300978, 0.30798, 0.31238, 0.403985, 0.428618, 0.466309, 0.477084, 0.480443, 0.516741, 0.598261, 0.60291, 0.664985, 0.665158, 0.675267, 0.722877, 0.734149, 0.744981, 0.775216, 0.791826, 0.832947, 0.942984, 1, 

380,71233,0.001, 0.0723409, 0.180615, 0.22446, 0.224752, 0.245964, 0.275398, 0.275729, 0.294928, 0.309666, 0.327123, 0.536348, 0.592582, 0.64311, 0.649497, 0.729504, 0.803184, 1, 

387,36379,0.001, 0.0132409, 0.10743, 0.116454, 0.147917, 0.171059, 0.224309, 0.273342, 0.352849, 0.358231, 0.399618, 0.453289, 0.569653, 0.571095, 0.635839, 0.655891, 0.688787, 0.807226, 0.84979, 0.890548, 0.89197, 1, 

Generation #1
380,71233,0.001, 0.0723409, 0.180615, 0.22446, 0.224752, 0.245964, 0.275398, 0.275729, 0.294928, 0.309666, 0.327123, 0.536348, 0.592582, 0.64311, 0.649497, 0.729504, 0.803184, 1, 

387,36379,0.001, 0.0132409, 0.10743, 0.116454, 0.147917, 0.171059, 0.224309, 0.273342, 0.352849, 0.358231, 0.399618, 0.453289, 0.569653, 0.571095, 0.635839, 0.655891, 0.688787, 0.807226, 0.84979, 0.890548, 0.89197, 1, 

381,66390,0.001, 0.0324431, 0.0455655, 0.073143, 0.103517, 0.154117, 0.213493, 0.235176, 0.287924, 0.29615, 0.3056, 0.307592, 0.362031, 0.373905, 0.469255, 0.641315, 0.689143, 0.720659, 0.802766, 0.810145, 0.900286, 0.893594, 0.918591, 0.967924, 1, 

400,30852,0.001, 0.0324431, 0.0455655, 0.073143, 0.103517, 0.154117, 0.213493, 0.235176, 0.287924, 0.29615, 0.3056, 0.307592, 0.475175, 0.373905, 0.469255, 0.641315, 0.689143, 0.647936, 0.668665, 0.678038, 0.728113, 0.73703, 0.788185, 0.869616, 0.942274, 1, 

Generation #2
387,36379,0.001, 0.0132409, 0.10743, 0.116454, 0.147917, 0.171059, 0.224309, 0.273342, 0.352849, 0.358231, 0.399618, 0.453289, 0.569653, 0.571095, 0.635839, 0.655891, 0.688787, 0.807226, 0.84979, 0.890548, 0.89197, 1, 

389,28602,0.001, 0.0278463, 0.212888, 0.256819, 0.32315, 0.323634, 0.41392, 0.419031, 0.43532, 0.480247, 0.539379, 0.58799, 0.592777, 0.6455, 0.666385, 0.666902, 0.68006, 0.807226, 0.84979, 0.890548, 0.89197, 1, 

393,23716,0.001, 0.00678773, 0.100622, 0.104796, 0.20227, 0.253433, 0.262472, 0.26818, 0.317525, 0.328629, 0.380194, 0.409397, 0.41404, 0.64332, 0.790743, 0.906927, 0.985873, 1, 

378,49051,0.001, 0.0354781, 0.068483, 0.10635, 0.124822, 0.222459, 0.271276, 0.311536, 0.32438, 0.39446, 0.561246, 0.453289, 0.569653, 0.571095, 0.635839, 0.655891, 0.688787, 0.807226, 0.84979, 0.890548, 0.89197, 1, 

Generation #3
389,28602,0.001, 0.0278463, 0.212888, 0.256819, 0.32315, 0.323634, 0.41392, 0.419031, 0.43532, 0.480247, 0.539379, 0.58799, 0.592777, 0.6455, 0.666385, 0.666902, 0.68006, 0.807226, 0.84979, 0.890548, 0.89197, 1, 

376,46086,0.001, 0.023756, 0.0685886, 0.0863197, 0.0999441, 0.104579, 0.146107, 0.162459, 0.177797, 0.290789, 0.30162, 0.894347, 0.919133, 0.955022, 1, 

392,20806,0.001, 0.00678773, 0.100622, 0.104796, 0.20227, 0.253433, 0.262472, 0.26818, 0.317525, 0.328629, 0.380194, 0.409397, 0.41404, 0.708944, 0.830003, 0.846306, 1, 

387,31629,0.001, 0.00678773, 0.100622, 0.104796, 0.20227, 0.253433, 0.262472, 0.26818, 0.317525, 0.328629, 0.380194, 0.409397, 0.41404, 0.64332, 0.790743, 0.906927, 0.985873, 1, 

Generation #4
392,20806,0.001, 0.00678773, 0.100622, 0.104796, 0.20227, 0.253433, 0.262472, 0.26818, 0.317525, 0.328629, 0.380194, 0.409397, 0.41404, 0.708944, 0.830003, 0.846306, 1, 

415,18848,0.001, 0.0588066, 0.0893308, 0.115271, 0.126515, 0.153482, 0.224309, 0.273342, 0.352849, 0.358231, 0.399618, 0.453289, 0.569653, 0.571095, 0.635839, 0.891943, 0.688787, 0.807226, 0.84979, 0.890548, 0.89197, 1, 

384,25457,0.001, 0.00884098, 0.0610299, 0.0686073, 0.0869937, 0.193502, 0.311925, 0.456095, 0.483578, 0.590807, 0.723909, 0.777246, 0.854417, 0.875574, 0.970578, 1, 

368,25461,0.001, 0.0324431, 0.0455655, 0.073143, 0.103517, 0.154117, 0.213493, 0.235176, 0.287924, 0.29615, 0.3056, 0.190516, 0.919133, 0.955022, 1, 

Generation #5
392,20806,0.001, 0.00678773, 0.100622, 0.104796, 0.20227, 0.253433, 0.262472, 0.26818, 0.317525, 0.328629, 0.380194, 0.409397, 0.41404, 0.708944, 0.830003, 0.846306, 1, 

415,18848,0.001, 0.0588066, 0.0893308, 0.115271, 0.126515, 0.153482, 0.224309, 0.273342, 0.352849, 0.358231, 0.399618, 0.453289, 0.569653, 0.571095, 0.635839, 0.891943, 0.688787, 0.807226, 0.84979, 0.890548, 0.89197, 1, 

384,25457,0.001, 0.00884098, 0.0610299, 0.0686073, 0.0869937, 0.193502, 0.311925, 0.456095, 0.483578, 0.590807, 0.723909, 0.777246, 0.854417, 0.875574, 0.970578, 1, 

368,25461,0.001, 0.0324431, 0.0455655, 0.073143, 0.103517, 0.154117, 0.213493, 0.235176, 0.287924, 0.29615, 0.3056, 0.190516, 0.919133, 0.955022, 1, 

Generation #6
392,20806,0.001, 0.00678773, 0.100622, 0.104796, 0.20227, 0.253433, 0.262472, 0.26818, 0.317525, 0.328629, 0.380194, 0.409397, 0.41404, 0.708944, 0.830003, 0.846306, 1, 

415,18848,0.001, 0.0588066, 0.0893308, 0.115271, 0.126515, 0.153482, 0.224309, 0.273342, 0.352849, 0.358231, 0.399618, 0.453289, 0.569653, 0.571095, 0.635839, 0.891943, 0.688787, 0.807226, 0.84979, 0.890548, 0.89197, 1, 

384,25457,0.001, 0.00884098, 0.0610299, 0.0686073, 0.0869937, 0.193502, 0.311925, 0.456095, 0.483578, 0.590807, 0.723909, 0.777246, 0.854417, 0.875574, 0.970578, 1, 

368,25461,0.001, 0.0324431, 0.0455655, 0.073143, 0.103517, 0.154117, 0.213493, 0.235176, 0.287924, 0.29615, 0.3056, 0.190516, 0.919133, 0.955022, 1, 

Generation #7
392,20806,0.001, 0.00678773, 0.100622, 0.104796, 0.20227, 0.253433, 0.262472, 0.26818, 0.317525, 0.328629, 0.380194, 0.409397, 0.41404, 0.708944, 0.830003, 0.846306, 1, 

415,18848,0.001, 0.0588066, 0.0893308, 0.115271, 0.126515, 0.153482, 0.224309, 0.273342, 0.352849, 0.358231, 0.399618, 0.453289, 0.569653, 0.571095, 0.635839, 0.891943, 0.688787, 0.807226, 0.84979, 0.890548, 0.89197, 1, 

384,25457,0.001, 0.00884098, 0.0610299, 0.0686073, 0.0869937, 0.193502, 0.311925, 0.456095, 0.483578, 0.590807, 0.723909, 0.777246, 0.854417, 0.875574, 0.970578, 1, 

368,25461,0.001, 0.0324431, 0.0455655, 0.073143, 0.103517, 0.154117, 0.213493, 0.235176, 0.287924, 0.29615, 0.3056, 0.190516, 0.919133, 0.955022, 1, 

Generation #8
392,20806,0.001, 0.00678773, 0.100622, 0.104796, 0.20227, 0.253433, 0.262472, 0.26818, 0.317525, 0.328629, 0.380194, 0.409397, 0.41404, 0.708944, 0.830003, 0.846306, 1, 

415,18848,0.001, 0.0588066, 0.0893308, 0.115271, 0.126515, 0.153482, 0.224309, 0.273342, 0.352849, 0.358231, 0.399618, 0.453289, 0.569653, 0.571095, 0.635839, 0.891943, 0.688787, 0.807226, 0.84979, 0.890548, 0.89197, 1, 

384,25457,0.001, 0.00884098, 0.0610299, 0.0686073, 0.0869937, 0.193502, 0.311925, 0.456095, 0.483578, 0.590807, 0.723909, 0.777246, 0.854417, 0.875574, 0.970578, 1, 

368,25461,0.001, 0.0324431, 0.0455655, 0.073143, 0.103517, 0.154117, 0.213493, 0.235176, 0.287924, 0.29615, 0.3056, 0.190516, 0.919133, 0.955022, 1, 

Generation #9
392,20806,0.001, 0.00678773, 0.100622, 0.104796, 0.20227, 0.253433, 0.262472, 0.26818, 0.317525, 0.328629, 0.380194, 0.409397, 0.41404, 0.708944, 0.830003, 0.846306, 1, 

415,18848,0.001, 0.0588066, 0.0893308, 0.115271, 0.126515, 0.153482, 0.224309, 0.273342, 0.352849, 0.358231, 0.399618, 0.453289, 0.569653, 0.571095, 0.635839, 0.891943, 0.688787, 0.807226, 0.84979, 0.890548, 0.89197, 1, 

384,25457,0.001, 0.00884098, 0.0610299, 0.0686073, 0.0869937, 0.193502, 0.311925, 0.456095, 0.483578, 0.590807, 0.723909, 0.777246, 0.854417, 0.875574, 0.970578, 1, 

368,25461,0.001, 0.0324431, 0.0455655, 0.073143, 0.103517, 0.154117, 0.213493, 0.235176, 0.287924, 0.29615, 0.3056, 0.190516, 0.919133, 0.955022, 1, 

Generation #10
392,20806,0.001, 0.00678773, 0.100622, 0.104796, 0.20227, 0.253433, 0.262472, 0.26818, 0.317525, 0.328629, 0.380194, 0.409397, 0.41404, 0.708944, 0.830003, 0.846306, 1, 

415,18848,0.001, 0.0588066, 0.0893308, 0.115271, 0.126515, 0.153482, 0.224309, 0.273342, 0.352849, 0.358231, 0.399618, 0.453289, 0.569653, 0.571095, 0.635839, 0.891943, 0.688787, 0.807226, 0.84979, 0.890548, 0.89197, 1, 

384,25457,0.001, 0.00884098, 0.0610299, 0.0686073, 0.0869937, 0.193502, 0.311925, 0.456095, 0.483578, 0.590807, 0.723909, 0.777246, 0.854417, 0.875574, 0.970578, 1, 

368,25461,0.001, 0.0324431, 0.0455655, 0.073143, 0.103517, 0.154117, 0.213493, 0.235176, 0.287924, 0.29615, 0.3056, 0.190516, 0.919133, 0.955022, 1, 

386,21446,0.001, 0.00678773, 0.100622, 0.104796, 0.20227, 0.262511, 0.262472, 0.26818, 0.317525, 0.328629, 0.380194, 0.409397, 0.41404, 0.64332, 0.790743, 0.906927, 0.985873, 1, 

403,18937,0.001, 0.00678773, 0.100622, 0.104796, 0.20227, 0.262511, 0.262472, 0.162459, 0.44375, 0.290789, 0.30162, 0.453289, 0.571095, 0.635839, 0.891943, 0.688787, 0.807226, 0.84979, 0.890548, 0.89197, 1, 

Generation #11
392,20806,0.001, 0.00678773, 0.100622, 0.104796, 0.20227, 0.253433, 0.262472, 0.26818, 0.317525, 0.328629, 0.380194, 0.409397, 0.41404, 0.708944, 0.830003, 0.846306, 1, 

415,18848,0.001, 0.0588066, 0.0893308, 0.115271, 0.126515, 0.153482, 0.224309, 0.273342, 0.352849, 0.358231, 0.399618, 0.453289, 0.569653, 0.571095, 0.635839, 0.891943, 0.688787, 0.807226, 0.84979, 0.890548, 0.89197, 1, 

384,25457,0.001, 0.00884098, 0.0610299, 0.0686073, 0.0869937, 0.193502, 0.311925, 0.456095, 0.483578, 0.590807, 0.723909, 0.777246, 0.854417, 0.875574, 0.970578, 1, 

368,25461,0.001, 0.0324431, 0.0455655, 0.073143, 0.103517, 0.154117, 0.213493, 0.235176, 0.287924, 0.29615, 0.3056, 0.190516, 0.919133, 0.955022, 1, 

386,21446,0.001, 0.00678773, 0.100622, 0.104796, 0.20227, 0.262511, 0.262472, 0.26818, 0.317525, 0.328629, 0.380194, 0.409397, 0.41404, 0.64332, 0.790743, 0.906927, 0.985873, 1, 

403,18937,0.001, 0.00678773, 0.100622, 0.104796, 0.20227, 0.262511, 0.262472, 0.162459, 0.44375, 0.290789, 0.30162, 0.453289, 0.571095, 0.635839, 0.891943, 0.688787, 0.807226, 0.84979, 0.890548, 0.89197, 1, 

Generation #12
392,20806,0.001, 0.00678773, 0.100622, 0.104796, 0.20227, 0.253433, 0.262472, 0.26818, 0.317525, 0.328629, 0.380194, 0.409397, 0.41404, 0.708944, 0.830003, 0.846306, 1, 

415,18848,0.001, 0.0588066, 0.0893308, 0.115271, 0.126515, 0.153482, 0.224309, 0.273342, 0.352849, 0.358231, 0.399618, 0.453289, 0.569653, 0.571095, 0.635839, 0.891943, 0.688787, 0.807226, 0.84979, 0.890548, 0.89197, 1, 

384,25457,0.001, 0.00884098, 0.0610299, 0.0686073, 0.0869937, 0.193502, 0.311925, 0.456095, 0.483578, 0.590807, 0.723909, 0.777246, 0.854417, 0.875574, 0.970578, 1, 

368,25461,0.001, 0.0324431, 0.0455655, 0.073143, 0.103517, 0.154117, 0.213493, 0.235176, 0.287924, 0.29615, 0.3056, 0.190516, 0.919133, 0.955022, 1, 

386,21446,0.001, 0.00678773, 0.100622, 0.104796, 0.20227, 0.262511, 0.262472, 0.26818, 0.317525, 0.328629, 0.380194, 0.409397, 0.41404, 0.64332, 0.790743, 0.906927, 0.985873, 1, 

403,18937,0.001, 0.00678773, 0.100622, 0.104796, 0.20227, 0.262511, 0.262472, 0.162459, 0.44375, 0.290789, 0.30162, 0.453289, 0.571095, 0.635839, 0.891943, 0.688787, 0.807226, 0.84979, 0.890548, 0.89197, 1, 

Generation #13
392,20806,0.001, 0.00678773, 0.100622, 0.104796, 0.20227, 0.253433, 0.262472, 0.26818, 0.317525, 0.328629, 0.380194, 0.409397, 0.41404, 0.708944, 0.830003, 0.846306, 1, 

415,18848,0.001, 0.0588066, 0.0893308, 0.115271, 0.126515, 0.153482, 0.224309, 0.273342, 0.352849, 0.358231, 0.399618, 0.453289, 0.569653, 0.571095, 0.635839, 0.891943, 0.688787, 0.807226, 0.84979, 0.890548, 0.89197, 1, 

384,25457,0.001, 0.00884098, 0.0610299, 0.0686073, 0.0869937, 0.193502, 0.311925, 0.456095, 0.483578, 0.590807, 0.723909, 0.777246, 0.854417, 0.875574, 0.970578, 1, 

368,25461,0.001, 0.0324431, 0.0455655, 0.073143, 0.103517, 0.154117, 0.213493, 0.235176, 0.287924, 0.29615, 0.3056, 0.190516, 0.919133, 0.955022, 1, 

386,21446,0.001, 0.00678773, 0.100622, 0.104796, 0.20227, 0.262511, 0.262472, 0.26818, 0.317525, 0.328629, 0.380194, 0.409397, 0.41404, 0.64332, 0.790743, 0.906927, 0.985873, 1, 

403,18937,0.001, 0.00678773, 0.100622, 0.104796, 0.20227, 0.262511, 0.262472, 0.162459, 0.44375, 0.290789, 0.30162, 0.453289, 0.571095, 0.635839, 0.891943, 0.688787, 0.807226, 0.84979, 0.890548, 0.89197, 1, 

Generation #14
392,20806,0.001, 0.00678773, 0.100622, 0.104796, 0.20227, 0.253433, 0.262472, 0.26818, 0.317525, 0.328629, 0.380194, 0.409397, 0.41404, 0.708944, 0.830003, 0.846306, 1, 

415,18848,0.001, 0.0588066, 0.0893308, 0.115271, 0.126515, 0.153482, 0.224309, 0.273342, 0.352849, 0.358231, 0.399618, 0.453289, 0.569653, 0.571095, 0.635839, 0.891943, 0.688787, 0.807226, 0.84979, 0.890548, 0.89197, 1, 

368,25461,0.001, 0.0324431, 0.0455655, 0.073143, 0.103517, 0.154117, 0.213493, 0.235176, 0.287924, 0.29615, 0.3056, 0.190516, 0.919133, 0.955022, 1, 

386,21446,0.001, 0.00678773, 0.100622, 0.104796, 0.20227, 0.262511, 0.262472, 0.26818, 0.317525, 0.328629, 0.380194, 0.409397, 0.41404, 0.64332, 0.790743, 0.906927, 0.985873, 1, 

403,18937,0.001, 0.00678773, 0.100622, 0.104796, 0.20227, 0.262511, 0.262472, 0.162459, 0.44375, 0.290789, 0.30162, 0.453289, 0.571095, 0.635839, 0.891943, 0.688787, 0.807226, 0.84979, 0.890548, 0.89197, 1, 

375,24254,0.001, 0.00678773, 0.104796, 0.20227, 0.253433, 0.262472, 0.26818, 0.317525, 0.328629, 0.380194, 0.409397, 0.41404, 0.708944, 0.830003, 0.846306, 1, 

Generation #15
392,20806,0.001, 0.00678773, 0.100622, 0.104796, 0.20227, 0.253433, 0.262472, 0.26818, 0.317525, 0.328629, 0.380194, 0.409397, 0.41404, 0.708944, 0.830003, 0.846306, 1, 

415,18848,0.001, 0.0588066, 0.0893308, 0.115271, 0.126515, 0.153482, 0.224309, 0.273342, 0.352849, 0.358231, 0.399618, 0.453289, 0.569653, 0.571095, 0.635839, 0.891943, 0.688787, 0.807226, 0.84979, 0.890548, 0.89197, 1, 

368,25461,0.001, 0.0324431, 0.0455655, 0.073143, 0.103517, 0.154117, 0.213493, 0.235176, 0.287924, 0.29615, 0.3056, 0.190516, 0.919133, 0.955022, 1, 

403,18937,0.001, 0.00678773, 0.100622, 0.104796, 0.20227, 0.262511, 0.262472, 0.162459, 0.44375, 0.290789, 0.30162, 0.453289, 0.571095, 0.635839, 0.891943, 0.688787, 0.807226, 0.84979, 0.890548, 0.89197, 1, 

375,24254,0.001, 0.00678773, 0.104796, 0.20227, 0.253433, 0.262472, 0.26818, 0.317525, 0.328629, 0.380194, 0.409397, 0.41404, 0.708944, 0.830003, 0.846306, 1, 

376,21363,0.001, 0.00678773, 0.100622, 0.104796, 0.20227, 0.262511, 0.262472, 0.26818, 0.317525, 0.328629, 0.380194, 0.409397, 0.41404, 0.64332, 0.790743, 0.906927, 0.985873, 1, 

394,19659,0.001, 0.00884098, 0.0610299, 0.0686073, 0.0869937, 0.193502, 0.311925, 0.26818, 0.317525, 0.328629, 0.356811, 0.390622, 0.421565, 0.708944, 1, 

Generation #16
415,18848,0.001, 0.0588066, 0.0893308, 0.115271, 0.126515, 0.153482, 0.224309, 0.273342, 0.352849, 0.358231, 0.399618, 0.453289, 0.569653, 0.571095, 0.635839, 0.891943, 0.688787, 0.807226, 0.84979, 0.890548, 0.89197, 1, 

368,25461,0.001, 0.0324431, 0.0455655, 0.073143, 0.103517, 0.154117, 0.213493, 0.235176, 0.287924, 0.29615, 0.3056, 0.190516, 0.919133, 0.955022, 1, 

403,18937,0.001, 0.00678773, 0.100622, 0.104796, 0.20227, 0.262511, 0.262472, 0.162459, 0.44375, 0.290789, 0.30162, 0.453289, 0.571095, 0.635839, 0.891943, 0.688787, 0.807226, 0.84979, 0.890548, 0.89197, 1, 

375,24254,0.001, 0.00678773, 0.104796, 0.20227, 0.253433, 0.262472, 0.26818, 0.317525, 0.328629, 0.380194, 0.409397, 0.41404, 0.708944, 0.830003, 0.846306, 1, 

376,21363,0.001, 0.00678773, 0.100622, 0.104796, 0.20227, 0.262511, 0.262472, 0.26818, 0.317525, 0.328629, 0.380194, 0.409397, 0.41404, 0.64332, 0.790743, 0.906927, 0.985873, 1, 

394,19659,0.001, 0.00884098, 0.0610299, 0.0686073, 0.0869937, 0.193502, 0.311925, 0.26818, 0.317525, 0.328629, 0.356811, 0.390622, 0.421565, 0.708944, 1, 

386,20619,0.001, 0.00884098, 0.0610299, 0.0686073, 0.0869937, 0.193502, 0.311925, 0.162459, 0.177797, 0.290789, 0.539379, 0.58799, 0.592777, 0.6455, 0.830003, 0.846306, 1, 

371,24451,0.001, 0.00678773, 0.100622, 0.104796, 0.20227, 0.262511, 0.262472, 0.26818, 0.317525, 0.328629, 0.356811, 0.390622, 0.421565, 0.478526, 0.520061, 0.522452, 0.803184, 1, 

Generation #17
368,25461,0.001, 0.0324431, 0.0455655, 0.073143, 0.103517, 0.154117, 0.213493, 0.235176, 0.287924, 0.29615, 0.3056, 0.190516, 0.919133, 0.955022, 1, 

375,24254,0.001, 0.00678773, 0.104796, 0.20227, 0.253433, 0.262472, 0.26818, 0.317525, 0.328629, 0.380194, 0.409397, 0.41404, 0.708944, 0.830003, 0.846306, 1, 

376,21363,0.001, 0.00678773, 0.100622, 0.104796, 0.20227, 0.262511, 0.262472, 0.26818, 0.317525, 0.328629, 0.380194, 0.409397, 0.41404, 0.64332, 0.790743, 0.906927, 0.985873, 1, 

386,20619,0.001, 0.00884098, 0.0610299, 0.0686073, 0.0869937, 0.193502, 0.311925, 0.162459, 0.177797, 0.290789, 0.539379, 0.58799, 0.592777, 0.6455, 0.830003, 0.846306, 1, 

371,24451,0.001, 0.00678773, 0.100622, 0.104796, 0.20227, 0.262511, 0.262472, 0.26818, 0.317525, 0.328629, 0.356811, 0.390622, 0.421565, 0.478526, 0.520061, 0.522452, 0.803184, 1, 

388,17134,0.001, 0.00678773, 0.100622, 0.104796, 0.20227, 0.0864389, 0.158656, 0.176569, 0.183534, 0.212071, 0.212473, 0.380194, 0.41404, 0.64332, 1, 

Generation #18
368,25461,0.001, 0.0324431, 0.0455655, 0.073143, 0.103517, 0.154117, 0.213493, 0.235176, 0.287924, 0.29615, 0.3056, 0.190516, 0.919133, 0.955022, 1, 

375,24254,0.001, 0.00678773, 0.104796, 0.20227, 0.253433, 0.262472, 0.26818, 0.317525, 0.328629, 0.380194, 0.409397, 0.41404, 0.708944, 0.830003, 0.846306, 1, 

376,21363,0.001, 0.00678773, 0.100622, 0.104796, 0.20227, 0.262511, 0.262472, 0.26818, 0.317525, 0.328629, 0.380194, 0.409397, 0.41404, 0.64332, 0.790743, 0.906927, 0.985873, 1, 

386,20619,0.001, 0.00884098, 0.0610299, 0.0686073, 0.0869937, 0.193502, 0.311925, 0.162459, 0.177797, 0.290789, 0.539379, 0.58799, 0.592777, 0.6455, 0.830003, 0.846306, 1, 

371,24451,0.001, 0.00678773, 0.100622, 0.104796, 0.20227, 0.262511, 0.262472, 0.26818, 0.317525, 0.328629, 0.356811, 0.390622, 0.421565, 0.478526, 0.520061, 0.522452, 0.803184, 1, 

388,17134,0.001, 0.00678773, 0.100622, 0.104796, 0.20227, 0.0864389, 0.158656, 0.176569, 0.183534, 0.212071, 0.212473, 0.380194, 0.41404, 0.64332, 1, 

Generation #19
368,25461,0.001, 0.0324431, 0.0455655, 0.073143, 0.103517, 0.154117, 0.213493, 0.235176, 0.287924, 0.29615, 0.3056, 0.190516, 0.919133, 0.955022, 1, 

375,24254,0.001, 0.00678773, 0.104796, 0.20227, 0.253433, 0.262472, 0.26818, 0.317525, 0.328629, 0.380194, 0.409397, 0.41404, 0.708944, 0.830003, 0.846306, 1, 

376,21363,0.001, 0.00678773, 0.100622, 0.104796, 0.20227, 0.262511, 0.262472, 0.26818, 0.317525, 0.328629, 0.380194, 0.409397, 0.41404, 0.64332, 0.790743, 0.906927, 0.985873, 1, 

386,20619,0.001, 0.00884098, 0.0610299, 0.0686073, 0.0869937, 0.193502, 0.311925, 0.162459, 0.177797, 0.290789, 0.539379, 0.58799, 0.592777, 0.6455, 0.830003, 0.846306, 1, 

371,24451,0.001, 0.00678773, 0.100622, 0.104796, 0.20227, 0.262511, 0.262472, 0.26818, 0.317525, 0.328629, 0.356811, 0.390622, 0.421565, 0.478526, 0.520061, 0.522452, 0.803184, 1, 

388,17134,0.001, 0.00678773, 0.100622, 0.104796, 0.20227, 0.0864389, 0.158656, 0.176569, 0.183534, 0.212071, 0.212473, 0.380194, 0.41404, 0.64332, 1, 

Generation #20
368,25461,0.001, 0.0324431, 0.0455655, 0.073143, 0.103517, 0.154117, 0.213493, 0.235176, 0.287924, 0.29615, 0.3056, 0.190516, 0.919133, 0.955022, 1, 

375,24254,0.001, 0.00678773, 0.104796, 0.20227, 0.253433, 0.262472, 0.26818, 0.317525, 0.328629, 0.380194, 0.409397, 0.41404, 0.708944, 0.830003, 0.846306, 1, 

376,21363,0.001, 0.00678773, 0.100622, 0.104796, 0.20227, 0.262511, 0.262472, 0.26818, 0.317525, 0.328629, 0.380194, 0.409397, 0.41404, 0.64332, 0.790743, 0.906927, 0.985873, 1, 

386,20619,0.001, 0.00884098, 0.0610299, 0.0686073, 0.0869937, 0.193502, 0.311925, 0.162459, 0.177797, 0.290789, 0.539379, 0.58799, 0.592777, 0.6455, 0.830003, 0.846306, 1, 

371,24451,0.001, 0.00678773, 0.100622, 0.104796, 0.20227, 0.262511, 0.262472, 0.26818, 0.317525, 0.328629, 0.356811, 0.390622, 0.421565, 0.478526, 0.520061, 0.522452, 0.803184, 1, 

388,17134,0.001, 0.00678773, 0.100622, 0.104796, 0.20227, 0.0864389, 0.158656, 0.176569, 0.183534, 0.212071, 0.212473, 0.380194, 0.41404, 0.64332, 1, 

Generation #21
368,25461,0.001, 0.0324431, 0.0455655, 0.073143, 0.103517, 0.154117, 0.213493, 0.235176, 0.287924, 0.29615, 0.3056, 0.190516, 0.919133, 0.955022, 1, 

375,24254,0.001, 0.00678773, 0.104796, 0.20227, 0.253433, 0.262472, 0.26818, 0.317525, 0.328629, 0.380194, 0.409397, 0.41404, 0.708944, 0.830003, 0.846306, 1, 

376,21363,0.001, 0.00678773, 0.100622, 0.104796, 0.20227, 0.262511, 0.262472, 0.26818, 0.317525, 0.328629, 0.380194, 0.409397, 0.41404, 0.64332, 0.790743, 0.906927, 0.985873, 1, 

371,24451,0.001, 0.00678773, 0.100622, 0.104796, 0.20227, 0.262511, 0.262472, 0.26818, 0.317525, 0.328629, 0.356811, 0.390622, 0.421565, 0.478526, 0.520061, 0.522452, 0.803184, 1, 

388,17134,0.001, 0.00678773, 0.100622, 0.104796, 0.20227, 0.0864389, 0.158656, 0.176569, 0.183534, 0.212071, 0.212473, 0.380194, 0.41404, 0.64332, 1, 

385,17356,0.001, 0.00678773, 0.100622, 0.115271, 0.153482, 0.16883, 0.227021, 0.272484, 0.26818, 0.317525, 0.328629, 0.380194, 0.41404, 0.64332, 1, 

383,20303,0.001, 0.00884098, 0.0610299, 0.0686073, 0.0869937, 0.262511, 0.262472, 0.26818, 0.317525, 0.328629, 0.356811, 0.390622, 0.421565, 0.708944, 1, 

Generation #22
368,25461,0.001, 0.0324431, 0.0455655, 0.073143, 0.103517, 0.154117, 0.213493, 0.235176, 0.287924, 0.29615, 0.3056, 0.190516, 0.919133, 0.955022, 1, 

375,24254,0.001, 0.00678773, 0.104796, 0.20227, 0.253433, 0.262472, 0.26818, 0.317525, 0.328629, 0.380194, 0.409397, 0.41404, 0.708944, 0.830003, 0.846306, 1, 

376,21363,0.001, 0.00678773, 0.100622, 0.104796, 0.20227, 0.262511, 0.262472, 0.26818, 0.317525, 0.328629, 0.380194, 0.409397, 0.41404, 0.64332, 0.790743, 0.906927, 0.985873, 1, 

371,24451,0.001, 0.00678773, 0.100622, 0.104796, 0.20227, 0.262511, 0.262472, 0.26818, 0.317525, 0.328629, 0.356811, 0.390622, 0.421565, 0.478526, 0.520061, 0.522452, 0.803184, 1, 

388,17134,0.001, 0.00678773, 0.100622, 0.104796, 0.20227, 0.0864389, 0.158656, 0.176569, 0.183534, 0.212071, 0.212473, 0.380194, 0.41404, 0.64332, 1, 

385,17356,0.001, 0.00678773, 0.100622, 0.115271, 0.153482, 0.16883, 0.227021, 0.272484, 0.26818, 0.317525, 0.328629, 0.380194, 0.41404, 0.64332, 1, 

383,20273,0.001, 0.00678773, 0.100622, 0.104796, 0.20227, 0.262511, 0.262472, 0.26818, 0.317525, 0.328629, 0.380194, 0.409397, 0.41404, 0.708944, 1, 

Generation #23
368,25461,0.001, 0.0324431, 0.0455655, 0.073143, 0.103517, 0.154117, 0.213493, 0.235176, 0.287924, 0.29615, 0.3056, 0.190516, 0.919133, 0.955022, 1, 

371,24451,0.001, 0.00678773, 0.100622, 0.104796, 0.20227, 0.262511, 0.262472, 0.26818, 0.317525, 0.328629, 0.356811, 0.390622, 0.421565, 0.478526, 0.520061, 0.522452, 0.803184, 1, 

388,17134,0.001, 0.00678773, 0.100622, 0.104796, 0.20227, 0.0864389, 0.158656, 0.176569, 0.183534, 0.212071, 0.212473, 0.380194, 0.41404, 0.64332, 1, 

385,17356,0.001, 0.00678773, 0.100622, 0.115271, 0.153482, 0.16883, 0.227021, 0.272484, 0.26818, 0.317525, 0.328629, 0.380194, 0.41404, 0.64332, 1, 

375,19858,0.001, 0.00884098, 0.0610299, 0.0686073, 0.0869937, 0.193502, 0.311925, 0.162459, 0.177797, 0.290789, 0.539379, 0.58799, 0.592777, 0.6455, 1, 

Generation #24
368,25461,0.001, 0.0324431, 0.0455655, 0.073143, 0.103517, 0.154117, 0.213493, 0.235176, 0.287924, 0.29615, 0.3056, 0.190516, 0.919133, 0.955022, 1, 

371,24451,0.001, 0.00678773, 0.100622, 0.104796, 0.20227, 0.262511, 0.262472, 0.26818, 0.317525, 0.328629, 0.356811, 0.390622, 0.421565, 0.478526, 0.520061, 0.522452, 0.803184, 1, 

388,17134,0.001, 0.00678773, 0.100622, 0.104796, 0.20227, 0.0864389, 0.158656, 0.176569, 0.183534, 0.212071, 0.212473, 0.380194, 0.41404, 0.64332, 1, 

385,17356,0.001, 0.00678773, 0.100622, 0.115271, 0.153482, 0.16883, 0.227021, 0.272484, 0.26818, 0.317525, 0.328629, 0.380194, 0.41404, 0.64332, 1, 

375,19858,0.001, 0.00884098, 0.0610299, 0.0686073, 0.0869937, 0.193502, 0.311925, 0.162459, 0.177797, 0.290789, 0.539379, 0.58799, 0.592777, 0.6455, 1, 

Generation #25
368,25461,0.001, 0.0324431, 0.0455655, 0.073143, 0.103517, 0.154117, 0.213493, 0.235176, 0.287924, 0.29615, 0.3056, 0.190516, 0.919133, 0.955022, 1, 

371,24451,0.001, 0.00678773, 0.100622, 0.104796, 0.20227, 0.262511, 0.262472, 0.26818, 0.317525, 0.328629, 0.356811, 0.390622, 0.421565, 0.478526, 0.520061, 0.522452, 0.803184, 1, 

375,19858,0.001, 0.00884098, 0.0610299, 0.0686073, 0.0869937, 0.193502, 0.311925, 0.162459, 0.177797, 0.290789, 0.539379, 0.58799, 0.592777, 0.6455, 1, 

383,16197,0.001, 0.00678773, 0.104796, 0.20227, 0.253433, 0.262472, 0.158656, 0.176569, 0.183534, 0.240577, 0.590807, 0.723909, 0.777246, 0.854417, 0.875574, 0.970578, 1, 

Generation #26
368,25461,0.001, 0.0324431, 0.0455655, 0.073143, 0.103517, 0.154117, 0.213493, 0.235176, 0.287924, 0.29615, 0.3056, 0.190516, 0.919133, 0.955022, 1, 

371,24451,0.001, 0.00678773, 0.100622, 0.104796, 0.20227, 0.262511, 0.262472, 0.26818, 0.317525, 0.328629, 0.356811, 0.390622, 0.421565, 0.478526, 0.520061, 0.522452, 0.803184, 1, 

375,19858,0.001, 0.00884098, 0.0610299, 0.0686073, 0.0869937, 0.193502, 0.311925, 0.162459, 0.177797, 0.290789, 0.539379, 0.58799, 0.592777, 0.6455, 1, 

383,16197,0.001, 0.00678773, 0.104796, 0.20227, 0.253433, 0.262472, 0.158656, 0.176569, 0.183534, 0.240577, 0.590807, 0.723909, 0.777246, 0.854417, 0.875574, 0.970578, 1, 

373,20699,0.001, 0.00678773, 0.0610299, 0.0686073, 0.20227, 0.0864389, 0.158656, 0.275398, 0.176569, 0.183534, 0.212071, 0.212473, 0.380194, 0.41404, 0.64332, 1, 

Generation #27
368,25461,0.001, 0.0324431, 0.0455655, 0.073143, 0.103517, 0.154117, 0.213493, 0.235176, 0.287924, 0.29615, 0.3056, 0.190516, 0.919133, 0.955022, 1, 

371,24451,0.001, 0.00678773, 0.100622, 0.104796, 0.20227, 0.262511, 0.262472, 0.26818, 0.317525, 0.328629, 0.356811, 0.390622, 0.421565, 0.478526, 0.520061, 0.522452, 0.803184, 1, 

375,19858,0.001, 0.00884098, 0.0610299, 0.0686073, 0.0869937, 0.193502, 0.311925, 0.162459, 0.177797, 0.290789, 0.539379, 0.58799, 0.592777, 0.6455, 1, 

383,16197,0.001, 0.00678773, 0.104796, 0.20227, 0.253433, 0.262472, 0.158656, 0.176569, 0.183534, 0.240577, 0.590807, 0.723909, 0.777246, 0.854417, 0.875574, 0.970578, 1, 

373,20699,0.001, 0.00678773, 0.0610299, 0.0686073, 0.20227, 0.0864389, 0.158656, 0.275398, 0.176569, 0.183534, 0.212071, 0.212473, 0.380194, 0.41404, 0.64332, 1, 

365,26573,0.001, 0.00884098, 0.0610299, 0.0686073, 0.0869937, 0.153482, 0.224309, 0.273342, 0.183534, 0.212071, 0.212473, 0.380194, 0.41404, 0.64332, 1, 

Generation #28
368,25461,0.001, 0.0324431, 0.0455655, 0.073143, 0.103517, 0.154117, 0.213493, 0.235176, 0.287924, 0.29615, 0.3056, 0.190516, 0.919133, 0.955022, 1, 

371,24451,0.001, 0.00678773, 0.100622, 0.104796, 0.20227, 0.262511, 0.262472, 0.26818, 0.317525, 0.328629, 0.356811, 0.390622, 0.421565, 0.478526, 0.520061, 0.522452, 0.803184, 1, 

375,19858,0.001, 0.00884098, 0.0610299, 0.0686073, 0.0869937, 0.193502, 0.311925, 0.162459, 0.177797, 0.290789, 0.539379, 0.58799, 0.592777, 0.6455, 1, 

383,16197,0.001, 0.00678773, 0.104796, 0.20227, 0.253433, 0.262472, 0.158656, 0.176569, 0.183534, 0.240577, 0.590807, 0.723909, 0.777246, 0.854417, 0.875574, 0.970578, 1, 

373,20699,0.001, 0.00678773, 0.0610299, 0.0686073, 0.20227, 0.0864389, 0.158656, 0.275398, 0.176569, 0.183534, 0.212071, 0.212473, 0.380194, 0.41404, 0.64332, 1, 

365,26573,0.001, 0.00884098, 0.0610299, 0.0686073, 0.0869937, 0.153482, 0.224309, 0.273342, 0.183534, 0.212071, 0.212473, 0.380194, 0.41404, 0.64332, 1, 

Generation #29
368,25461,0.001, 0.0324431, 0.0455655, 0.073143, 0.103517, 0.154117, 0.213493, 0.235176, 0.287924, 0.29615, 0.3056, 0.190516, 0.919133, 0.955022, 1, 

371,24451,0.001, 0.00678773, 0.100622, 0.104796, 0.20227, 0.262511, 0.262472, 0.26818, 0.317525, 0.328629, 0.356811, 0.390622, 0.421565, 0.478526, 0.520061, 0.522452, 0.803184, 1, 

375,19858,0.001, 0.00884098, 0.0610299, 0.0686073, 0.0869937, 0.193502, 0.311925, 0.162459, 0.177797, 0.290789, 0.539379, 0.58799, 0.592777, 0.6455, 1, 

383,16197,0.001, 0.00678773, 0.104796, 0.20227, 0.253433, 0.262472, 0.158656, 0.176569, 0.183534, 0.240577, 0.590807, 0.723909, 0.777246, 0.854417, 0.875574, 0.970578, 1, 

373,20699,0.001, 0.00678773, 0.0610299, 0.0686073, 0.20227, 0.0864389, 0.158656, 0.275398, 0.176569, 0.183534, 0.212071, 0.212473, 0.380194, 0.41404, 0.64332, 1, 

365,26573,0.001, 0.00884098, 0.0610299, 0.0686073, 0.0869937, 0.153482, 0.224309, 0.273342, 0.183534, 0.212071, 0.212473, 0.380194, 0.41404, 0.64332, 1, 

379,18850,0.001, 0.00678773, 0.100622, 0.115271, 0.153482, 0.16883, 0.227021, 0.272484, 0.26818, 0.317525, 0.328629, 0.380194, 0.41404, 0.64332, 1, 

Generation #30
368,25461,0.001, 0.0324431, 0.0455655, 0.073143, 0.103517, 0.154117, 0.213493, 0.235176, 0.287924, 0.29615, 0.3056, 0.190516, 0.919133, 0.955022, 1, 

371,24451,0.001, 0.00678773, 0.100622, 0.104796, 0.20227, 0.262511, 0.262472, 0.26818, 0.317525, 0.328629, 0.356811, 0.390622, 0.421565, 0.478526, 0.520061, 0.522452, 0.803184, 1, 

375,19858,0.001, 0.00884098, 0.0610299, 0.0686073, 0.0869937, 0.193502, 0.311925, 0.162459, 0.177797, 0.290789, 0.539379, 0.58799, 0.592777, 0.6455, 1, 

383,16197,0.001, 0.00678773, 0.104796, 0.20227, 0.253433, 0.262472, 0.158656, 0.176569, 0.183534, 0.240577, 0.590807, 0.723909, 0.777246, 0.854417, 0.875574, 0.970578, 1, 

373,20699,0.001, 0.00678773, 0.0610299, 0.0686073, 0.20227, 0.0864389, 0.158656, 0.275398, 0.176569, 0.183534, 0.212071, 0.212473, 0.380194, 0.41404, 0.64332, 1, 

365,26573,0.001, 0.00884098, 0.0610299, 0.0686073, 0.0869937, 0.153482, 0.224309, 0.273342, 0.183534, 0.212071, 0.212473, 0.380194, 0.41404, 0.64332, 1, 

379,18850,0.001, 0.00678773, 0.100622, 0.115271, 0.153482, 0.16883, 0.227021, 0.272484, 0.26818, 0.317525, 0.328629, 0.380194, 0.41404, 0.64332, 1, 

Generation #31
368,25461,0.001, 0.0324431, 0.0455655, 0.073143, 0.103517, 0.154117, 0.213493, 0.235176, 0.287924, 0.29615, 0.3056, 0.190516, 0.919133, 0.955022, 1, 

371,24451,0.001, 0.00678773, 0.100622, 0.104796, 0.20227, 0.262511, 0.262472, 0.26818, 0.317525, 0.328629, 0.356811, 0.390622, 0.421565, 0.478526, 0.520061, 0.522452, 0.803184, 1, 

375,19858,0.001, 0.00884098, 0.0610299, 0.0686073, 0.0869937, 0.193502, 0.311925, 0.162459, 0.177797, 0.290789, 0.539379, 0.58799, 0.592777, 0.6455, 1, 

383,16197,0.001, 0.00678773, 0.104796, 0.20227, 0.253433, 0.262472, 0.158656, 0.176569, 0.183534, 0.240577, 0.590807, 0.723909, 0.777246, 0.854417, 0.875574, 0.970578, 1, 

373,20699,0.001, 0.00678773, 0.0610299, 0.0686073, 0.20227, 0.0864389, 0.158656, 0.275398, 0.176569, 0.183534, 0.212071, 0.212473, 0.380194, 0.41404, 0.64332, 1, 

365,26573,0.001, 0.00884098, 0.0610299, 0.0686073, 0.0869937, 0.153482, 0.224309, 0.273342, 0.183534, 0.212071, 0.212473, 0.380194, 0.41404, 0.64332, 1, 

379,18850,0.001, 0.00678773, 0.100622, 0.115271, 0.153482, 0.16883, 0.227021, 0.272484, 0.26818, 0.317525, 0.328629, 0.380194, 0.41404, 0.64332, 1, 

397,14200,0.001, 0.00678773, 0.0610299, 0.0686073, 0.20227, 0.0864389, 0.158656, 0.275398, 0.176569, 0.183534, 0.3056, 0.380194, 0.41404, 0.64332, 1, 

Generation #32
368,25461,0.001, 0.0324431, 0.0455655, 0.073143, 0.103517, 0.154117, 0.213493, 0.235176, 0.287924, 0.29615, 0.3056, 0.190516, 0.919133, 0.955022, 1, 

371,24451,0.001, 0.00678773, 0.100622, 0.104796, 0.20227, 0.262511, 0.262472, 0.26818, 0.317525, 0.328629, 0.356811, 0.390622, 0.421565, 0.478526, 0.520061, 0.522452, 0.803184, 1, 

375,19858,0.001, 0.00884098, 0.0610299, 0.0686073, 0.0869937, 0.193502, 0.311925, 0.162459, 0.177797, 0.290789, 0.539379, 0.58799, 0.592777, 0.6455, 1, 

383,16197,0.001, 0.00678773, 0.104796, 0.20227, 0.253433, 0.262472, 0.158656, 0.176569, 0.183534, 0.240577, 0.590807, 0.723909, 0.777246, 0.854417, 0.875574, 0.970578, 1, 

373,20699,0.001, 0.00678773, 0.0610299, 0.0686073, 0.20227, 0.0864389, 0.158656, 0.275398, 0.176569, 0.183534, 0.212071, 0.212473, 0.380194, 0.41404, 0.64332, 1, 

365,26573,0.001, 0.00884098, 0.0610299, 0.0686073, 0.0869937, 0.153482, 0.224309, 0.273342, 0.183534, 0.212071, 0.212473, 0.380194, 0.41404, 0.64332, 1, 

379,18850,0.001, 0.00678773, 0.100622, 0.115271, 0.153482, 0.16883, 0.227021, 0.272484, 0.26818, 0.317525, 0.328629, 0.380194, 0.41404, 0.64332, 1, 

397,14200,0.001, 0.00678773, 0.0610299, 0.0686073, 0.20227, 0.0864389, 0.158656, 0.275398, 0.176569, 0.183534, 0.3056, 0.380194, 0.41404, 0.64332, 1, 

Generation #33
368,25461,0.001, 0.0324431, 0.0455655, 0.073143, 0.103517, 0.154117, 0.213493, 0.235176, 0.287924, 0.29615, 0.3056, 0.190516, 0.919133, 0.955022, 1, 

371,24451,0.001, 0.00678773, 0.100622, 0.104796, 0.20227, 0.262511, 0.262472, 0.26818, 0.317525, 0.328629, 0.356811, 0.390622, 0.421565, 0.478526, 0.520061, 0.522452, 0.803184, 1, 

375,19858,0.001, 0.00884098, 0.0610299, 0.0686073, 0.0869937, 0.193502, 0.311925, 0.162459, 0.177797, 0.290789, 0.539379, 0.58799, 0.592777, 0.6455, 1, 

383,16197,0.001, 0.00678773, 0.104796, 0.20227, 0.253433, 0.262472, 0.158656, 0.176569, 0.183534, 0.240577, 0.590807, 0.723909, 0.777246, 0.854417, 0.875574, 0.970578, 1, 

373,20699,0.001, 0.00678773, 0.0610299, 0.0686073, 0.20227, 0.0864389, 0.158656, 0.275398, 0.176569, 0.183534, 0.212071, 0.212473, 0.380194, 0.41404, 0.64332, 1, 

365,26573,0.001, 0.00884098, 0.0610299, 0.0686073, 0.0869937, 0.153482, 0.224309, 0.273342, 0.183534, 0.212071, 0.212473, 0.380194, 0.41404, 0.64332, 1, 

397,14200,0.001, 0.00678773, 0.0610299, 0.0686073, 0.20227, 0.0864389, 0.158656, 0.275398, 0.176569, 0.183534, 0.3056, 0.380194, 0.41404, 0.64332, 1, 

379,17937,0.001, 0.00678773, 0.100622, 0.104796, 0.20227, 0.0864389, 0.158656, 0.176569, 0.317525, 0.328629, 0.380194, 0.409397, 0.41404, 0.955022, 1, 

Generation #34
368,25461,0.001, 0.0324431, 0.0455655, 0.073143, 0.103517, 0.154117, 0.213493, 0.235176, 0.287924, 0.29615, 0.3056, 0.190516, 0.919133, 0.955022, 1, 

371,24451,0.001, 0.00678773, 0.100622, 0.104796, 0.20227, 0.262511, 0.262472, 0.26818, 0.317525, 0.328629, 0.356811, 0.390622, 0.421565, 0.478526, 0.520061, 0.522452, 0.803184, 1, 

375,19858,0.001, 0.00884098, 0.0610299, 0.0686073, 0.0869937, 0.193502, 0.311925, 0.162459, 0.177797, 0.290789, 0.539379, 0.58799, 0.592777, 0.6455, 1, 

373,20699,0.001, 0.00678773, 0.0610299, 0.0686073, 0.20227, 0.0864389, 0.158656, 0.275398, 0.176569, 0.183534, 0.212071, 0.212473, 0.380194, 0.41404, 0.64332, 1, 

365,26573,0.001, 0.00884098, 0.0610299, 0.0686073, 0.0869937, 0.153482, 0.224309, 0.273342, 0.183534, 0.212071, 0.212473, 0.380194, 0.41404, 0.64332, 1, 

397,14200,0.001, 0.00678773, 0.0610299, 0.0686073, 0.20227, 0.0864389, 0.158656, 0.275398, 0.176569, 0.183534, 0.3056, 0.380194, 0.41404, 0.64332, 1, 

378,14397,0.001, 0.00884098, 0.0610299, 0.0686073, 0.20227, 0.0864389, 0.158656, 0.275398, 0.176569, 0.183534, 0.3056, 0.41404, 0.64332, 1, 

Generation #35
368,25461,0.001, 0.0324431, 0.0455655, 0.073143, 0.103517, 0.154117, 0.213493, 0.235176, 0.287924, 0.29615, 0.3056, 0.190516, 0.919133, 0.955022, 1, 

371,24451,0.001, 0.00678773, 0.100622, 0.104796, 0.20227, 0.262511, 0.262472, 0.26818, 0.317525, 0.328629, 0.356811, 0.390622, 0.421565, 0.478526, 0.520061, 0.522452, 0.803184, 1, 

375,19858,0.001, 0.00884098, 0.0610299, 0.0686073, 0.0869937, 0.193502, 0.311925, 0.162459, 0.177797, 0.290789, 0.539379, 0.58799, 0.592777, 0.6455, 1, 

365,26573,0.001, 0.00884098, 0.0610299, 0.0686073, 0.0869937, 0.153482, 0.224309, 0.273342, 0.183534, 0.212071, 0.212473, 0.380194, 0.41404, 0.64332, 1, 

397,14200,0.001, 0.00678773, 0.0610299, 0.0686073, 0.20227, 0.0864389, 0.158656, 0.275398, 0.176569, 0.183534, 0.3056, 0.380194, 0.41404, 0.64332, 1, 

378,14397,0.001, 0.00884098, 0.0610299, 0.0686073, 0.20227, 0.0864389, 0.158656, 0.275398, 0.176569, 0.183534, 0.3056, 0.41404, 0.64332, 1, 

372,20693,0.001, 0.00884098, 0.0610299, 0.0686073, 0.253433, 0.262472, 0.26818, 0.317525, 0.328629, 0.380194, 0.409397, 0.41404, 0.708944, 0.830003, 1, 

Generation #36
368,25461,0.001, 0.0324431, 0.0455655, 0.073143, 0.103517, 0.154117, 0.213493, 0.235176, 0.287924, 0.29615, 0.3056, 0.190516, 0.919133, 0.955022, 1, 

371,24451,0.001, 0.00678773, 0.100622, 0.104796, 0.20227, 0.262511, 0.262472, 0.26818, 0.317525, 0.328629, 0.356811, 0.390622, 0.421565, 0.478526, 0.520061, 0.522452, 0.803184, 1, 

375,19858,0.001, 0.00884098, 0.0610299, 0.0686073, 0.0869937, 0.193502, 0.311925, 0.162459, 0.177797, 0.290789, 0.539379, 0.58799, 0.592777, 0.6455, 1, 

365,26573,0.001, 0.00884098, 0.0610299, 0.0686073, 0.0869937, 0.153482, 0.224309, 0.273342, 0.183534, 0.212071, 0.212473, 0.380194, 0.41404, 0.64332, 1, 

397,14200,0.001, 0.00678773, 0.0610299, 0.0686073, 0.20227, 0.0864389, 0.158656, 0.275398, 0.176569, 0.183534, 0.3056, 0.380194, 0.41404, 0.64332, 1, 

378,14397,0.001, 0.00884098, 0.0610299, 0.0686073, 0.20227, 0.0864389, 0.158656, 0.275398, 0.176569, 0.183534, 0.3056, 0.41404, 0.64332, 1, 

372,20693,0.001, 0.00884098, 0.0610299, 0.0686073, 0.253433, 0.262472, 0.26818, 0.317525, 0.328629, 0.380194, 0.409397, 0.41404, 0.708944, 0.830003, 1, 

Generation #37
368,25461,0.001, 0.0324431, 0.0455655, 0.073143, 0.103517, 0.154117, 0.213493, 0.235176, 0.287924, 0.29615, 0.3056, 0.190516, 0.919133, 0.955022, 1, 

371,24451,0.001, 0.00678773, 0.100622, 0.104796, 0.20227, 0.262511, 0.262472, 0.26818, 0.317525, 0.328629, 0.356811, 0.390622, 0.421565, 0.478526, 0.520061, 0.522452, 0.803184, 1, 

375,19858,0.001, 0.00884098, 0.0610299, 0.0686073, 0.0869937, 0.193502, 0.311925, 0.162459, 0.177797, 0.290789, 0.539379, 0.58799, 0.592777, 0.6455, 1, 

365,26573,0.001, 0.00884098, 0.0610299, 0.0686073, 0.0869937, 0.153482, 0.224309, 0.273342, 0.183534, 0.212071, 0.212473, 0.380194, 0.41404, 0.64332, 1, 

397,14200,0.001, 0.00678773, 0.0610299, 0.0686073, 0.20227, 0.0864389, 0.158656, 0.275398, 0.176569, 0.183534, 0.3056, 0.380194, 0.41404, 0.64332, 1, 

378,14397,0.001, 0.00884098, 0.0610299, 0.0686073, 0.20227, 0.0864389, 0.158656, 0.275398, 0.176569, 0.183534, 0.3056, 0.41404, 0.64332, 1, 

372,20693,0.001, 0.00884098, 0.0610299, 0.0686073, 0.253433, 0.262472, 0.26818, 0.317525, 0.328629, 0.380194, 0.409397, 0.41404, 0.708944, 0.830003, 1, 

Generation #38
368,25461,0.001, 0.0324431, 0.0455655, 0.073143, 0.103517, 0.154117, 0.213493, 0.235176, 0.287924, 0.29615, 0.3056, 0.190516, 0.919133, 0.955022, 1, 

371,24451,0.001, 0.00678773, 0.100622, 0.104796, 0.20227, 0.262511, 0.262472, 0.26818, 0.317525, 0.328629, 0.356811, 0.390622, 0.421565, 0.478526, 0.520061, 0.522452, 0.803184, 1, 

375,19858,0.001, 0.00884098, 0.0610299, 0.0686073, 0.0869937, 0.193502, 0.311925, 0.162459, 0.177797, 0.290789, 0.539379, 0.58799, 0.592777, 0.6455, 1, 

365,26573,0.001, 0.00884098, 0.0610299, 0.0686073, 0.0869937, 0.153482, 0.224309, 0.273342, 0.183534, 0.212071, 0.212473, 0.380194, 0.41404, 0.64332, 1, 

397,14200,0.001, 0.00678773, 0.0610299, 0.0686073, 0.20227, 0.0864389, 0.158656, 0.275398, 0.176569, 0.183534, 0.3056, 0.380194, 0.41404, 0.64332, 1, 

378,14397,0.001, 0.00884098, 0.0610299, 0.0686073, 0.20227, 0.0864389, 0.158656, 0.275398, 0.176569, 0.183534, 0.3056, 0.41404, 0.64332, 1, 

372,20693,0.001, 0.00884098, 0.0610299, 0.0686073, 0.253433, 0.262472, 0.26818, 0.317525, 0.328629, 0.380194, 0.409397, 0.41404, 0.708944, 0.830003, 1, 

Generation #39
368,25461,0.001, 0.0324431, 0.0455655, 0.073143, 0.103517, 0.154117, 0.213493, 0.235176, 0.287924, 0.29615, 0.3056, 0.190516, 0.919133, 0.955022, 1, 

371,24451,0.001, 0.00678773, 0.100622, 0.104796, 0.20227, 0.262511, 0.262472, 0.26818, 0.317525, 0.328629, 0.356811, 0.390622, 0.421565, 0.478526, 0.520061, 0.522452, 0.803184, 1, 

375,19858,0.001, 0.00884098, 0.0610299, 0.0686073, 0.0869937, 0.193502, 0.311925, 0.162459, 0.177797, 0.290789, 0.539379, 0.58799, 0.592777, 0.6455, 1, 

365,26573,0.001, 0.00884098, 0.0610299, 0.0686073, 0.0869937, 0.153482, 0.224309, 0.273342, 0.183534, 0.212071, 0.212473, 0.380194, 0.41404, 0.64332, 1, 

397,14200,0.001, 0.00678773, 0.0610299, 0.0686073, 0.20227, 0.0864389, 0.158656, 0.275398, 0.176569, 0.183534, 0.3056, 0.380194, 0.41404, 0.64332, 1, 

378,14397,0.001, 0.00884098, 0.0610299, 0.0686073, 0.20227, 0.0864389, 0.158656, 0.275398, 0.176569, 0.183534, 0.3056, 0.41404, 0.64332, 1, 

372,20693,0.001, 0.00884098, 0.0610299, 0.0686073, 0.253433, 0.262472, 0.26818, 0.317525, 0.328629, 0.380194, 0.409397, 0.41404, 0.708944, 0.830003, 1, 

Generation #40
375,19858,0.001, 0.00884098, 0.0610299, 0.0686073, 0.0869937, 0.193502, 0.311925, 0.162459, 0.177797, 0.290789, 0.539379, 0.58799, 0.592777, 0.6455, 1, 

365,26573,0.001, 0.00884098, 0.0610299, 0.0686073, 0.0869937, 0.153482, 0.224309, 0.273342, 0.183534, 0.212071, 0.212473, 0.380194, 0.41404, 0.64332, 1, 

397,14200,0.001, 0.00678773, 0.0610299, 0.0686073, 0.20227, 0.0864389, 0.158656, 0.275398, 0.176569, 0.183534, 0.3056, 0.380194, 0.41404, 0.64332, 1, 

378,14397,0.001, 0.00884098, 0.0610299, 0.0686073, 0.20227, 0.0864389, 0.158656, 0.275398, 0.176569, 0.183534, 0.3056, 0.41404, 0.64332, 1, 

367,20311,0.001, 0.00678773, 0.0610299, 0.0686073, 0.20227, 0.0864389, 0.158656, 0.275398, 0.176569, 0.183534, 0.212071, 0.212473, 0.380194, 0.41404, 0.64332, 1, 

Generation #41
375,19858,0.001, 0.00884098, 0.0610299, 0.0686073, 0.0869937, 0.193502, 0.311925, 0.162459, 0.177797, 0.290789, 0.539379, 0.58799, 0.592777, 0.6455, 1, 

365,26573,0.001, 0.00884098, 0.0610299, 0.0686073, 0.0869937, 0.153482, 0.224309, 0.273342, 0.183534, 0.212071, 0.212473, 0.380194, 0.41404, 0.64332, 1, 

397,14200,0.001, 0.00678773, 0.0610299, 0.0686073, 0.20227, 0.0864389, 0.158656, 0.275398, 0.176569, 0.183534, 0.3056, 0.380194, 0.41404, 0.64332, 1, 

378,14397,0.001, 0.00884098, 0.0610299, 0.0686073, 0.20227, 0.0864389, 0.158656, 0.275398, 0.176569, 0.183534, 0.3056, 0.41404, 0.64332, 1, 

367,20311,0.001, 0.00678773, 0.0610299, 0.0686073, 0.20227, 0.0864389, 0.158656, 0.275398, 0.176569, 0.183534, 0.212071, 0.212473, 0.380194, 0.41404, 0.64332, 1, 

Generation #42
375,19858,0.001, 0.00884098, 0.0610299, 0.0686073, 0.0869937, 0.193502, 0.311925, 0.162459, 0.177797, 0.290789, 0.539379, 0.58799, 0.592777, 0.6455, 1, 

365,26573,0.001, 0.00884098, 0.0610299, 0.0686073, 0.0869937, 0.153482, 0.224309, 0.273342, 0.183534, 0.212071, 0.212473, 0.380194, 0.41404, 0.64332, 1, 

397,14200,0.001, 0.00678773, 0.0610299, 0.0686073, 0.20227, 0.0864389, 0.158656, 0.275398, 0.176569, 0.183534, 0.3056, 0.380194, 0.41404, 0.64332, 1, 

378,14397,0.001, 0.00884098, 0.0610299, 0.0686073, 0.20227, 0.0864389, 0.158656, 0.275398, 0.176569, 0.183534, 0.3056, 0.41404, 0.64332, 1, 

367,20311,0.001, 0.00678773, 0.0610299, 0.0686073, 0.20227, 0.0864389, 0.158656, 0.275398, 0.176569, 0.183534, 0.212071, 0.212473, 0.380194, 0.41404, 0.64332, 1, 

376,19359,0.001, 0.00678773, 0.0610299, 0.0686073, 0.20227, 0.0864389, 0.0274344, 0.158656, 0.275398, 0.176569, 0.317525, 0.328629, 0.421565, 0.64332, 1, 

Generation #43
375,19858,0.001, 0.00884098, 0.0610299, 0.0686073, 0.0869937, 0.193502, 0.311925, 0.162459, 0.177797, 0.290789, 0.539379, 0.58799, 0.592777, 0.6455, 1, 

365,26573,0.001, 0.00884098, 0.0610299, 0.0686073, 0.0869937, 0.153482, 0.224309, 0.273342, 0.183534, 0.212071, 0.212473, 0.380194, 0.41404, 0.64332, 1, 

397,14200,0.001, 0.00678773, 0.0610299, 0.0686073, 0.20227, 0.0864389, 0.158656, 0.275398, 0.176569, 0.183534, 0.3056, 0.380194, 0.41404, 0.64332, 1, 

378,14397,0.001, 0.00884098, 0.0610299, 0.0686073, 0.20227, 0.0864389, 0.158656, 0.275398, 0.176569, 0.183534, 0.3056, 0.41404, 0.64332, 1, 

367,20311,0.001, 0.00678773, 0.0610299, 0.0686073, 0.20227, 0.0864389, 0.158656, 0.275398, 0.176569, 0.183534, 0.212071, 0.212473, 0.380194, 0.41404, 0.64332, 1, 

376,19359,0.001, 0.00678773, 0.0610299, 0.0686073, 0.20227, 0.0864389, 0.0274344, 0.158656, 0.275398, 0.176569, 0.317525, 0.328629, 0.421565, 0.64332, 1, 

Generation #44
375,19858,0.001, 0.00884098, 0.0610299, 0.0686073, 0.0869937, 0.193502, 0.311925, 0.162459, 0.177797, 0.290789, 0.539379, 0.58799, 0.592777, 0.6455, 1, 

365,26573,0.001, 0.00884098, 0.0610299, 0.0686073, 0.0869937, 0.153482, 0.224309, 0.273342, 0.183534, 0.212071, 0.212473, 0.380194, 0.41404, 0.64332, 1, 

397,14200,0.001, 0.00678773, 0.0610299, 0.0686073, 0.20227, 0.0864389, 0.158656, 0.275398, 0.176569, 0.183534, 0.3056, 0.380194, 0.41404, 0.64332, 1, 

378,14397,0.001, 0.00884098, 0.0610299, 0.0686073, 0.20227, 0.0864389, 0.158656, 0.275398, 0.176569, 0.183534, 0.3056, 0.41404, 0.64332, 1, 

367,20311,0.001, 0.00678773, 0.0610299, 0.0686073, 0.20227, 0.0864389, 0.158656, 0.275398, 0.176569, 0.183534, 0.212071, 0.212473, 0.380194, 0.41404, 0.64332, 1, 

376,19359,0.001, 0.00678773, 0.0610299, 0.0686073, 0.20227, 0.0864389, 0.0274344, 0.158656, 0.275398, 0.176569, 0.317525, 0.328629, 0.421565, 0.64332, 1, 

Generation #45
375,19858,0.001, 0.00884098, 0.0610299, 0.0686073, 0.0869937, 0.193502, 0.311925, 0.162459, 0.177797, 0.290789, 0.539379, 0.58799, 0.592777, 0.6455, 1, 

365,26573,0.001, 0.00884098, 0.0610299, 0.0686073, 0.0869937, 0.153482, 0.224309, 0.273342, 0.183534, 0.212071, 0.212473, 0.380194, 0.41404, 0.64332, 1, 

397,14200,0.001, 0.00678773, 0.0610299, 0.0686073, 0.20227, 0.0864389, 0.158656, 0.275398, 0.176569, 0.183534, 0.3056, 0.380194, 0.41404, 0.64332, 1, 

378,14397,0.001, 0.00884098, 0.0610299, 0.0686073, 0.20227, 0.0864389, 0.158656, 0.275398, 0.176569, 0.183534, 0.3056, 0.41404, 0.64332, 1, 

367,20311,0.001, 0.00678773, 0.0610299, 0.0686073, 0.20227, 0.0864389, 0.158656, 0.275398, 0.176569, 0.183534, 0.212071, 0.212473, 0.380194, 0.41404, 0.64332, 1, 

376,18733,0.001, 0.00678773, 0.0610299, 0.0686073, 0.0869937, 0.262511, 0.262472, 0.26818, 0.317525, 0.328629, 0.409397, 0.41404, 0.708944, 0.830003, 1, 

Generation #46
375,19858,0.001, 0.00884098, 0.0610299, 0.0686073, 0.0869937, 0.193502, 0.311925, 0.162459, 0.177797, 0.290789, 0.539379, 0.58799, 0.592777, 0.6455, 1, 

365,26573,0.001, 0.00884098, 0.0610299, 0.0686073, 0.0869937, 0.153482, 0.224309, 0.273342, 0.183534, 0.212071, 0.212473, 0.380194, 0.41404, 0.64332, 1, 

397,14200,0.001, 0.00678773, 0.0610299, 0.0686073, 0.20227, 0.0864389, 0.158656, 0.275398, 0.176569, 0.183534, 0.3056, 0.380194, 0.41404, 0.64332, 1, 

378,14397,0.001, 0.00884098, 0.0610299, 0.0686073, 0.20227, 0.0864389, 0.158656, 0.275398, 0.176569, 0.183534, 0.3056, 0.41404, 0.64332, 1, 

367,20311,0.001, 0.00678773, 0.0610299, 0.0686073, 0.20227, 0.0864389, 0.158656, 0.275398, 0.176569, 0.183534, 0.212071, 0.212473, 0.380194, 0.41404, 0.64332, 1, 

376,18733,0.001, 0.00678773, 0.0610299, 0.0686073, 0.0869937, 0.262511, 0.262472, 0.26818, 0.317525, 0.328629, 0.409397, 0.41404, 0.708944, 0.830003, 1, 

Generation #47
375,19858,0.001, 0.00884098, 0.0610299, 0.0686073, 0.0869937, 0.193502, 0.311925, 0.162459, 0.177797, 0.290789, 0.539379, 0.58799, 0.592777, 0.6455, 1, 

365,26573,0.001, 0.00884098, 0.0610299, 0.0686073, 0.0869937, 0.153482, 0.224309, 0.273342, 0.183534, 0.212071, 0.212473, 0.380194, 0.41404, 0.64332, 1, 

397,14200,0.001, 0.00678773, 0.0610299, 0.0686073, 0.20227, 0.0864389, 0.158656, 0.275398, 0.176569, 0.183534, 0.3056, 0.380194, 0.41404, 0.64332, 1, 

378,14397,0.001, 0.00884098, 0.0610299, 0.0686073, 0.20227, 0.0864389, 0.158656, 0.275398, 0.176569, 0.183534, 0.3056, 0.41404, 0.64332, 1, 

367,20311,0.001, 0.00678773, 0.0610299, 0.0686073, 0.20227, 0.0864389, 0.158656, 0.275398, 0.176569, 0.183534, 0.212071, 0.212473, 0.380194, 0.41404, 0.64332, 1, 

376,18733,0.001, 0.00678773, 0.0610299, 0.0686073, 0.0869937, 0.262511, 0.262472, 0.26818, 0.317525, 0.328629, 0.409397, 0.41404, 0.708944, 0.830003, 1, 

Generation #48
375,19858,0.001, 0.00884098, 0.0610299, 0.0686073, 0.0869937, 0.193502, 0.311925, 0.162459, 0.177797, 0.290789, 0.539379, 0.58799, 0.592777, 0.6455, 1, 

365,26573,0.001, 0.00884098, 0.0610299, 0.0686073, 0.0869937, 0.153482, 0.224309, 0.273342, 0.183534, 0.212071, 0.212473, 0.380194, 0.41404, 0.64332, 1, 

397,14200,0.001, 0.00678773, 0.0610299, 0.0686073, 0.20227, 0.0864389, 0.158656, 0.275398, 0.176569, 0.183534, 0.3056, 0.380194, 0.41404, 0.64332, 1, 

378,14397,0.001, 0.00884098, 0.0610299, 0.0686073, 0.20227, 0.0864389, 0.158656, 0.275398, 0.176569, 0.183534, 0.3056, 0.41404, 0.64332, 1, 

367,20311,0.001, 0.00678773, 0.0610299, 0.0686073, 0.20227, 0.0864389, 0.158656, 0.275398, 0.176569, 0.183534, 0.212071, 0.212473, 0.380194, 0.41404, 0.64332, 1, 

376,18733,0.001, 0.00678773, 0.0610299, 0.0686073, 0.0869937, 0.262511, 0.262472, 0.26818, 0.317525, 0.328629, 0.409397, 0.41404, 0.708944, 0.830003, 1, 

Generation #49
365,26573,0.001, 0.00884098, 0.0610299, 0.0686073, 0.0869937, 0.153482, 0.224309, 0.273342, 0.183534, 0.212071, 0.212473, 0.380194, 0.41404, 0.64332, 1, 

397,14200,0.001, 0.00678773, 0.0610299, 0.0686073, 0.20227, 0.0864389, 0.158656, 0.275398, 0.176569, 0.183534, 0.3056, 0.380194, 0.41404, 0.64332, 1, 

378,14397,0.001, 0.00884098, 0.0610299, 0.0686073, 0.20227, 0.0864389, 0.158656, 0.275398, 0.176569, 0.183534, 0.3056, 0.41404, 0.64332, 1, 

367,20311,0.001, 0.00678773, 0.0610299, 0.0686073, 0.20227, 0.0864389, 0.158656, 0.275398, 0.176569, 0.183534, 0.212071, 0.212473, 0.380194, 0.41404, 0.64332, 1, 

375,18655,0.001, 0.00678773, 0.0610299, 0.104796, 0.20227, 0.262511, 0.262472, 0.26818, 0.317525, 0.328629, 0.356811, 0.390622, 0.421565, 0.478526, 0.520061, 0.522452, 0.803184, 1, 

N total=522, Time total=27384, percents=0.001, 0.00884098, 0.0610299, 0.0686073, 0.0869937, 0.153482, 0.224309, 0.273342, 0.183534, 0.212071, 0.212473, 0.380194, 0.41404, 0.64332, 1, 

N total=554, Time total=15011, percents=0.001, 0.00678773, 0.0610299, 0.0686073, 0.20227, 0.0864389, 0.158656, 0.275398, 0.176569, 0.183534, 0.3056, 0.380194, 0.41404, 0.64332, 1, 

N total=535, Time total=15208, percents=0.001, 0.00884098, 0.0610299, 0.0686073, 0.20227, 0.0864389, 0.158656, 0.275398, 0.176569, 0.183534, 0.3056, 0.41404, 0.64332, 1, 

N total=524, Time total=21122, percents=0.001, 0.00678773, 0.0610299, 0.0686073, 0.20227, 0.0864389, 0.158656, 0.275398, 0.176569, 0.183534, 0.212071, 0.212473, 0.380194, 0.41404, 0.64332, 1, 

N total=532, Time total=19466, percents=0.001, 0.00678773, 0.0610299, 0.104796, 0.20227, 0.262511, 0.262472, 0.26818, 0.317525, 0.328629, 0.356811, 0.390622, 0.421565, 0.478526, 0.520061, 0.522452, 0.803184, 1, 

------------d=1, t=2, lambda=2, filename=./evaluation/Mobile/Mobile_2_2.csv------------
Grouping d-sets by partitioned row counts for detecting arrays...
Ready to look at pairs for detecting arrays...
First Stage N=255, Time=333
There are 416165 remaining non-locating pairs
Generation #0
341,33620,0.001, 0.115436, 0.130151, 0.19102, 0.263797, 0.407267, 0.471655, 0.587456, 0.679495, 0.782977, 0.828301, 0.833914, 0.848029, 1, 

357,20498,0.001, 0.0217893, 0.16441, 0.203288, 0.437571, 0.537354, 0.654881, 0.78549, 0.806688, 0.819591, 1, 

344,31639,0.001, 0.0471155, 0.0959941, 0.112501, 0.11714, 0.138818, 0.163562, 0.237878, 0.242798, 0.340797, 0.351735, 0.358177, 0.363147, 0.366403, 0.404306, 0.417565, 0.532715, 0.553726, 0.587845, 0.665934, 0.746558, 0.837206, 0.861557, 0.867972, 0.873982, 0.914933, 0.957682, 0.959043, 0.977514, 0.992436, 1, 

360,13405,0.001, 0.00965951, 0.0348319, 0.117089, 0.197146, 0.219506, 0.249387, 0.331498, 0.335696, 0.383336, 0.401506, 0.416434, 0.426504, 0.570771, 0.59582, 0.614751, 0.645633, 0.679157, 0.751195, 0.782148, 0.796899, 0.835036, 0.894047, 0.954398, 0.982785, 1, 

362,13139,0.001, 0.0153596, 0.017013, 0.0196026, 0.0584732, 0.107792, 0.111126, 0.274442, 0.296743, 0.303929, 0.341349, 0.347201, 0.39095, 0.443105, 0.527794, 0.540509, 0.559291, 0.649788, 0.695218, 0.736508, 0.771927, 0.888763, 0.933016, 0.958112, 0.958729, 1, 

355,22555,0.001, 0.0392748, 0.064091, 0.107494, 0.114811, 0.16379, 0.200798, 0.212748, 0.264055, 0.340679, 0.386119, 0.412677, 0.419369, 0.449658, 0.455364, 0.496725, 0.514408, 0.521492, 0.559372, 0.576145, 0.585291, 0.622757, 0.629194, 0.75481, 0.757061, 0.820799, 0.827534, 0.984851, 1, 

371,12602,0.001, 0.0147269, 0.0190047, 0.0215417, 0.0621125, 0.126646, 0.133367, 0.158815, 0.238991, 0.28072, 0.297625, 0.308862, 0.38139, 0.389495, 0.427415, 0.543672, 0.581347, 0.627073, 0.633191, 0.698852, 0.771473, 0.785543, 0.899675, 0.901318, 0.910753, 0.926596, 1, 

Generation #1
341,33620,0.001, 0.115436, 0.130151, 0.19102, 0.263797, 0.407267, 0.471655, 0.587456, 0.679495, 0.782977, 0.828301, 0.833914, 0.848029, 1, 

344,31639,0.001, 0.0471155, 0.0959941, 0.112501, 0.11714, 0.138818, 0.163562, 0.237878, 0.242798, 0.340797, 0.351735, 0.358177, 0.363147, 0.366403, 0.404306, 0.417565, 0.532715, 0.553726, 0.587845, 0.665934, 0.746558, 0.837206, 0.861557, 0.867972, 0.873982, 0.914933, 0.957682, 0.959043, 0.977514, 0.992436, 1, 

340,38820,0.001, 0.0618072, 0.0842982, 0.118652, 0.135896, 0.147691, 0.176957, 0.186989, 0.196338, 0.25592, 0.297103, 0.358654, 0.364756, 0.382808, 0.842902, 0.852039, 0.877555, 0.963026, 1, 

355,12061,0.001, 0.0178595, 0.0577756, 0.316103, 0.370748, 0.497215, 0.5099, 0.51997, 0.593029, 0.639152, 0.691648, 0.724166, 0.755192, 0.848029, 1, 

345,14799,0.001, 0.0545639, 0.0910784, 0.230932, 0.315687, 0.367139, 0.386996, 0.430441, 0.618174, 0.686247, 0.703798, 0.710222, 0.83384, 0.888689, 0.977807, 0.991169, 1, 

356,10033,0.001, 0.0153596, 0.017013, 0.0196026, 0.0584732, 0.107792, 0.111126, 0.274442, 0.296743, 0.303929, 0.341349, 0.347201, 0.39095, 0.443105, 0.747225, 0.748355, 0.066971, 0.754433, 0.773201, 0.836382, 0.841529, 0.946676, 1, 

Generation #2
341,33620,0.001, 0.115436, 0.130151, 0.19102, 0.263797, 0.407267, 0.471655, 0.587456, 0.679495, 0.782977, 0.828301, 0.833914, 0.848029, 1, 

344,31639,0.001, 0.0471155, 0.0959941, 0.112501, 0.11714, 0.138818, 0.163562, 0.237878, 0.242798, 0.340797, 0.351735, 0.358177, 0.363147, 0.366403, 0.404306, 0.417565, 0.532715, 0.553726, 0.587845, 0.665934, 0.746558, 0.837206, 0.861557, 0.867972, 0.873982, 0.914933, 0.957682, 0.959043, 0.977514, 0.992436, 1, 

340,38820,0.001, 0.0618072, 0.0842982, 0.118652, 0.135896, 0.147691, 0.176957, 0.186989, 0.196338, 0.25592, 0.297103, 0.358654, 0.364756, 0.382808, 0.842902, 0.852039, 0.877555, 0.963026, 1, 

345,14799,0.001, 0.0545639, 0.0910784, 0.230932, 0.315687, 0.367139, 0.386996, 0.430441, 0.618174, 0.686247, 0.703798, 0.710222, 0.83384, 0.888689, 0.977807, 0.991169, 1, 

356,10033,0.001, 0.0153596, 0.017013, 0.0196026, 0.0584732, 0.107792, 0.111126, 0.274442, 0.296743, 0.303929, 0.341349, 0.347201, 0.39095, 0.443105, 0.747225, 0.748355, 0.066971, 0.754433, 0.773201, 0.836382, 0.841529, 0.946676, 1, 

389,6827,0.001, 0.00965951, 0.0348319, 0.117089, 0.197146, 0.219506, 0.249387, 0.331498, 0.335696, 0.383336, 0.401506, 0.416434, 0.426504, 0.570771, 0.59582, 0.614751, 0.645633, 0.679157, 0.702099, 0.709526, 0.72246, 0.761732, 0.833752, 0.857231, 0.878207, 0.449057, 0.942893, 0.997914, 1, 

353,10105,0.001, 0.00965951, 0.0348319, 0.117089, 0.197146, 0.219506, 0.249387, 0.38531, 0.451033, 0.452941, 0.68262, 0.709917, 0.873982, 1, 

364,9677,0.001, 0.00965951, 0.0348319, 0.117089, 0.197146, 0.219506, 0.249387, 0.331498, 0.335696, 0.383336, 0.401506, 0.416434, 0.426504, 0.675288, 0.747225, 0.748355, 0.754433, 0.773201, 0.836382, 0.841529, 0.946676, 1, 

378,9414,0.001, 0.0147269, 0.0190047, 0.0215417, 0.437571, 0.537354, 0.654881, 0.78549, 0.806688, 0.819591, 1, 

349,12398,0.001, 0.0153596, 0.017013, 0.0196026, 0.0584732, 0.107792, 0.111126, 0.274442, 0.296743, 0.32843, 0.397587, 0.546787, 0.579203, 0.607755, 0.621001, 0.635459, 0.687742, 0.757894, 0.762462, 0.801699, 0.840285, 0.853181, 0.855349, 0.879815, 0.939481, 0.983809, 1, 

Generation #3
345,14799,0.001, 0.0545639, 0.0910784, 0.230932, 0.315687, 0.367139, 0.386996, 0.430441, 0.618174, 0.686247, 0.703798, 0.710222, 0.83384, 0.888689, 0.977807, 0.991169, 1, 

389,6827,0.001, 0.00965951, 0.0348319, 0.117089, 0.197146, 0.219506, 0.249387, 0.331498, 0.335696, 0.383336, 0.401506, 0.416434, 0.426504, 0.570771, 0.59582, 0.614751, 0.645633, 0.679157, 0.702099, 0.709526, 0.72246, 0.761732, 0.833752, 0.857231, 0.878207, 0.449057, 0.942893, 0.997914, 1, 

378,9414,0.001, 0.0147269, 0.0190047, 0.0215417, 0.437571, 0.537354, 0.654881, 0.78549, 0.806688, 0.819591, 1, 

340,15101,0.001, 0.0207801, 0.0348319, 0.117089, 0.197146, 0.219506, 0.249387, 0.38531, 0.451033, 0.452941, 0.68262, 0.709917, 0.873982, 1, 

348,9941,0.001, 0.00965951, 0.0348319, 0.117089, 0.197146, 0.219506, 0.249387, 0.331498, 0.335696, 0.383336, 0.401506, 0.416434, 0.901275, 0.957331, 1, 

333,25719,0.001, 0.0392748, 0.064091, 0.107494, 0.114811, 0.16379, 0.200798, 0.212748, 0.698205, 0.706407, 0.810275, 1, 

354,9470,0.001, 0.0207801, 0.0221527, 0.0940409, 0.169064, 0.192017, 0.202968, 0.430441, 0.618174, 0.686247, 0.703798, 0.710222, 0.83384, 0.888689, 0.977807, 0.991169, 1, 

Generation #4
389,6827,0.001, 0.00965951, 0.0348319, 0.117089, 0.197146, 0.219506, 0.249387, 0.331498, 0.335696, 0.383336, 0.401506, 0.416434, 0.426504, 0.570771, 0.59582, 0.614751, 0.645633, 0.679157, 0.702099, 0.709526, 0.72246, 0.761732, 0.833752, 0.857231, 0.878207, 0.449057, 0.942893, 0.997914, 1, 

340,15101,0.001, 0.0207801, 0.0348319, 0.117089, 0.197146, 0.219506, 0.249387, 0.38531, 0.451033, 0.452941, 0.68262, 0.709917, 0.873982, 1, 

333,25719,0.001, 0.0392748, 0.064091, 0.107494, 0.114811, 0.16379, 0.200798, 0.212748, 0.698205, 0.706407, 0.810275, 1, 

350,8959,0.001, 0.0147269, 0.0190047, 0.0215417, 0.0621125, 0.126646, 0.133367, 0.158815, 0.238991, 0.595537, 0.140077, 0.876507, 0.901275, 0.957331, 1, 

344,9145,0.001, 0.00965951, 0.0348319, 0.117089, 0.197146, 0.219506, 0.249387, 0.331498, 0.335696, 0.303929, 0.341349, 0.710222, 0.83384, 0.888689, 0.977807, 0.991169, 1, 

360,7780,0.001, 0.00965951, 0.0348319, 0.117089, 0.197146, 0.219506, 0.249387, 0.331498, 0.839719, 0.921086, 0.932729, 0.976717, 1, 

343,12114,0.001, 0.0178341, 0.062379, 0.131047, 0.164314, 0.166499, 0.179416, 0.199869, 0.263344, 0.276084, 1, 

Generation #5
333,25719,0.001, 0.0392748, 0.064091, 0.107494, 0.114811, 0.16379, 0.200798, 0.212748, 0.698205, 0.706407, 0.810275, 1, 

338,6798,0.001, 0.00965951, 0.0348319, 0.117089, 0.197146, 0.135896, 0.147691, 0.176957, 0.78549, 0.806688, 0.819591, 1, 

348,5344,0.001, 0.00965951, 0.0348319, 0.117089, 0.197146, 0.219506, 0.249387, 0.38531, 0.451033, 0.452941, 0.68262, 0.709917, 0.873982, 1, 

Generation #6
333,25719,0.001, 0.0392748, 0.064091, 0.107494, 0.114811, 0.16379, 0.200798, 0.212748, 0.698205, 0.706407, 0.810275, 1, 

338,6798,0.001, 0.00965951, 0.0348319, 0.117089, 0.197146, 0.135896, 0.147691, 0.176957, 0.78549, 0.806688, 0.819591, 1, 

348,5344,0.001, 0.00965951, 0.0348319, 0.117089, 0.197146, 0.219506, 0.249387, 0.38531, 0.451033, 0.452941, 0.68262, 0.709917, 0.873982, 1, 

Generation #7
333,25719,0.001, 0.0392748, 0.064091, 0.107494, 0.114811, 0.16379, 0.200798, 0.212748, 0.698205, 0.706407, 0.810275, 1, 

348,5344,0.001, 0.00965951, 0.0348319, 0.117089, 0.197146, 0.219506, 0.249387, 0.38531, 0.451033, 0.452941, 0.68262, 0.709917, 0.873982, 1, 

337,6149,0.001, 0.00965951, 0.0348319, 0.117089, 0.197146, 0.219506, 0.249387, 0.331498, 0.335696, 0.303929, 0.341349, 0.710222, 0.83384, 0.888689, 0.881582, 1, 

Generation #8
333,25719,0.001, 0.0392748, 0.064091, 0.107494, 0.114811, 0.16379, 0.200798, 0.212748, 0.698205, 0.706407, 0.810275, 1, 

348,5344,0.001, 0.00965951, 0.0348319, 0.117089, 0.197146, 0.219506, 0.249387, 0.38531, 0.451033, 0.452941, 0.68262, 0.709917, 0.873982, 1, 

337,6149,0.001, 0.00965951, 0.0348319, 0.117089, 0.197146, 0.219506, 0.249387, 0.331498, 0.335696, 0.303929, 0.341349, 0.710222, 0.83384, 0.888689, 0.881582, 1, 

Generation #9
333,25719,0.001, 0.0392748, 0.064091, 0.107494, 0.114811, 0.16379, 0.200798, 0.212748, 0.698205, 0.706407, 0.810275, 1, 

348,5344,0.001, 0.00965951, 0.0348319, 0.117089, 0.197146, 0.219506, 0.249387, 0.38531, 0.451033, 0.452941, 0.68262, 0.709917, 0.873982, 1, 

337,6149,0.001, 0.00965951, 0.0348319, 0.117089, 0.197146, 0.219506, 0.249387, 0.331498, 0.335696, 0.303929, 0.341349, 0.710222, 0.83384, 0.888689, 0.881582, 1, 

Generation #10
333,25719,0.001, 0.0392748, 0.064091, 0.107494, 0.114811, 0.16379, 0.200798, 0.212748, 0.698205, 0.706407, 0.810275, 1, 

348,5344,0.001, 0.00965951, 0.0348319, 0.117089, 0.197146, 0.219506, 0.249387, 0.38531, 0.451033, 0.452941, 0.68262, 0.709917, 0.873982, 1, 

337,6149,0.001, 0.00965951, 0.0348319, 0.117089, 0.197146, 0.219506, 0.249387, 0.331498, 0.335696, 0.303929, 0.341349, 0.710222, 0.83384, 0.888689, 0.881582, 1, 

Generation #11
333,25719,0.001, 0.0392748, 0.064091, 0.107494, 0.114811, 0.16379, 0.200798, 0.212748, 0.698205, 0.706407, 0.810275, 1, 

348,5344,0.001, 0.00965951, 0.0348319, 0.117089, 0.197146, 0.219506, 0.249387, 0.38531, 0.451033, 0.452941, 0.68262, 0.709917, 0.873982, 1, 

337,6149,0.001, 0.00965951, 0.0348319, 0.117089, 0.197146, 0.219506, 0.249387, 0.331498, 0.335696, 0.303929, 0.341349, 0.710222, 0.83384, 0.888689, 0.881582, 1, 

361,4818,0.001, 0.00965951, 0.0348319, 0.117089, 0.11714, 0.138818, 0.163562, 0.237878, 0.264055, 0.452941, 0.68262, 0.709917, 0.873982, 0.848029, 0.747225, 0.748355, 0.754433, 0.773201, 0.836382, 0.841529, 0.946676, 1, 

Generation #12
333,25719,0.001, 0.0392748, 0.064091, 0.107494, 0.114811, 0.16379, 0.200798, 0.212748, 0.698205, 0.706407, 0.810275, 1, 

348,5344,0.001, 0.00965951, 0.0348319, 0.117089, 0.197146, 0.219506, 0.249387, 0.38531, 0.451033, 0.452941, 0.68262, 0.709917, 0.873982, 1, 

337,6149,0.001, 0.00965951, 0.0348319, 0.117089, 0.197146, 0.219506, 0.249387, 0.331498, 0.335696, 0.303929, 0.341349, 0.710222, 0.83384, 0.888689, 0.881582, 1, 

361,4818,0.001, 0.00965951, 0.0348319, 0.117089, 0.11714, 0.138818, 0.163562, 0.237878, 0.264055, 0.452941, 0.68262, 0.709917, 0.873982, 0.848029, 0.747225, 0.748355, 0.754433, 0.773201, 0.836382, 0.841529, 0.946676, 1, 

Generation #13
333,25719,0.001, 0.0392748, 0.064091, 0.107494, 0.114811, 0.16379, 0.200798, 0.212748, 0.698205, 0.706407, 0.810275, 1, 

348,5344,0.001, 0.00965951, 0.0348319, 0.117089, 0.197146, 0.219506, 0.249387, 0.38531, 0.451033, 0.452941, 0.68262, 0.709917, 0.873982, 1, 

337,6149,0.001, 0.00965951, 0.0348319, 0.117089, 0.197146, 0.219506, 0.249387, 0.331498, 0.335696, 0.303929, 0.341349, 0.710222, 0.83384, 0.888689, 0.881582, 1, 

361,4818,0.001, 0.00965951, 0.0348319, 0.117089, 0.11714, 0.138818, 0.163562, 0.237878, 0.264055, 0.452941, 0.68262, 0.709917, 0.873982, 0.848029, 0.747225, 0.748355, 0.754433, 0.773201, 0.836382, 0.841529, 0.946676, 1, 

351,5014,0.001, 0.00965951, 0.017013, 0.0196026, 0.0584732, 0.197146, 0.249387, 0.38531, 0.451033, 0.452941, 0.68262, 0.709917, 0.873982, 1, 

Generation #14
333,25719,0.001, 0.0392748, 0.064091, 0.107494, 0.114811, 0.16379, 0.200798, 0.212748, 0.698205, 0.706407, 0.810275, 1, 

348,5344,0.001, 0.00965951, 0.0348319, 0.117089, 0.197146, 0.219506, 0.249387, 0.38531, 0.451033, 0.452941, 0.68262, 0.709917, 0.873982, 1, 

337,6149,0.001, 0.00965951, 0.0348319, 0.117089, 0.197146, 0.219506, 0.249387, 0.331498, 0.335696, 0.303929, 0.341349, 0.710222, 0.83384, 0.888689, 0.881582, 1, 

361,4818,0.001, 0.00965951, 0.0348319, 0.117089, 0.11714, 0.138818, 0.163562, 0.237878, 0.264055, 0.452941, 0.68262, 0.709917, 0.873982, 0.848029, 0.747225, 0.748355, 0.754433, 0.773201, 0.836382, 0.841529, 0.946676, 1, 

351,5014,0.001, 0.00965951, 0.017013, 0.0196026, 0.0584732, 0.197146, 0.249387, 0.38531, 0.451033, 0.452941, 0.68262, 0.709917, 0.873982, 1, 

Generation #15
333,25719,0.001, 0.0392748, 0.064091, 0.107494, 0.114811, 0.16379, 0.200798, 0.212748, 0.698205, 0.706407, 0.810275, 1, 

348,5344,0.001, 0.00965951, 0.0348319, 0.117089, 0.197146, 0.219506, 0.249387, 0.38531, 0.451033, 0.452941, 0.68262, 0.709917, 0.873982, 1, 

337,6149,0.001, 0.00965951, 0.0348319, 0.117089, 0.197146, 0.219506, 0.249387, 0.331498, 0.335696, 0.303929, 0.341349, 0.710222, 0.83384, 0.888689, 0.881582, 1, 

361,4818,0.001, 0.00965951, 0.0348319, 0.117089, 0.11714, 0.138818, 0.163562, 0.237878, 0.264055, 0.452941, 0.68262, 0.709917, 0.873982, 0.848029, 0.747225, 0.748355, 0.754433, 0.773201, 0.836382, 0.841529, 0.946676, 1, 

351,5014,0.001, 0.00965951, 0.017013, 0.0196026, 0.0584732, 0.197146, 0.249387, 0.38531, 0.451033, 0.452941, 0.68262, 0.709917, 0.873982, 1, 

332,31399,0.001, 0.0392748, 0.00965951, 0.0348319, 0.117089, 0.197146, 0.166499, 0.179416, 0.199869, 0.263344, 0.819591, 1, 

Generation #16
333,25719,0.001, 0.0392748, 0.064091, 0.107494, 0.114811, 0.16379, 0.200798, 0.212748, 0.698205, 0.706407, 0.810275, 1, 

348,5344,0.001, 0.00965951, 0.0348319, 0.117089, 0.197146, 0.219506, 0.249387, 0.38531, 0.451033, 0.452941, 0.68262, 0.709917, 0.873982, 1, 

337,6149,0.001, 0.00965951, 0.0348319, 0.117089, 0.197146, 0.219506, 0.249387, 0.331498, 0.335696, 0.303929, 0.341349, 0.710222, 0.83384, 0.888689, 0.881582, 1, 

361,4818,0.001, 0.00965951, 0.0348319, 0.117089, 0.11714, 0.138818, 0.163562, 0.237878, 0.264055, 0.452941, 0.68262, 0.709917, 0.873982, 0.848029, 0.747225, 0.748355, 0.754433, 0.773201, 0.836382, 0.841529, 0.946676, 1, 

351,5014,0.001, 0.00965951, 0.017013, 0.0196026, 0.0584732, 0.197146, 0.249387, 0.38531, 0.451033, 0.452941, 0.68262, 0.709917, 0.873982, 1, 

332,31399,0.001, 0.0392748, 0.00965951, 0.0348319, 0.117089, 0.197146, 0.166499, 0.179416, 0.199869, 0.263344, 0.819591, 1, 

Generation #17
333,25719,0.001, 0.0392748, 0.064091, 0.107494, 0.114811, 0.16379, 0.200798, 0.212748, 0.698205, 0.706407, 0.810275, 1, 

348,5344,0.001, 0.00965951, 0.0348319, 0.117089, 0.197146, 0.219506, 0.249387, 0.38531, 0.451033, 0.452941, 0.68262, 0.709917, 0.873982, 1, 

337,6149,0.001, 0.00965951, 0.0348319, 0.117089, 0.197146, 0.219506, 0.249387, 0.331498, 0.335696, 0.303929, 0.341349, 0.710222, 0.83384, 0.888689, 0.881582, 1, 

361,4818,0.001, 0.00965951, 0.0348319, 0.117089, 0.11714, 0.138818, 0.163562, 0.237878, 0.264055, 0.452941, 0.68262, 0.709917, 0.873982, 0.848029, 0.747225, 0.748355, 0.754433, 0.773201, 0.836382, 0.841529, 0.946676, 1, 

351,5014,0.001, 0.00965951, 0.017013, 0.0196026, 0.0584732, 0.197146, 0.249387, 0.38531, 0.451033, 0.452941, 0.68262, 0.709917, 0.873982, 1, 

332,31399,0.001, 0.0392748, 0.00965951, 0.0348319, 0.117089, 0.197146, 0.166499, 0.179416, 0.199869, 0.263344, 0.819591, 1, 

Generation #18
333,25719,0.001, 0.0392748, 0.064091, 0.107494, 0.114811, 0.16379, 0.200798, 0.212748, 0.698205, 0.706407, 0.810275, 1, 

348,5344,0.001, 0.00965951, 0.0348319, 0.117089, 0.197146, 0.219506, 0.249387, 0.38531, 0.451033, 0.452941, 0.68262, 0.709917, 0.873982, 1, 

337,6149,0.001, 0.00965951, 0.0348319, 0.117089, 0.197146, 0.219506, 0.249387, 0.331498, 0.335696, 0.303929, 0.341349, 0.710222, 0.83384, 0.888689, 0.881582, 1, 

361,4818,0.001, 0.00965951, 0.0348319, 0.117089, 0.11714, 0.138818, 0.163562, 0.237878, 0.264055, 0.452941, 0.68262, 0.709917, 0.873982, 0.848029, 0.747225, 0.748355, 0.754433, 0.773201, 0.836382, 0.841529, 0.946676, 1, 

351,5014,0.001, 0.00965951, 0.017013, 0.0196026, 0.0584732, 0.197146, 0.249387, 0.38531, 0.451033, 0.452941, 0.68262, 0.709917, 0.873982, 1, 

332,31399,0.001, 0.0392748, 0.00965951, 0.0348319, 0.117089, 0.197146, 0.166499, 0.179416, 0.199869, 0.263344, 0.819591, 1, 

334,8150,0.001, 0.00965951, 0.0348319, 0.117089, 0.0322075, 0.197146, 0.219506, 0.249387, 0.331498, 0.335696, 0.383336, 1, 

Generation #19
333,25719,0.001, 0.0392748, 0.064091, 0.107494, 0.114811, 0.16379, 0.200798, 0.212748, 0.698205, 0.706407, 0.810275, 1, 

348,5344,0.001, 0.00965951, 0.0348319, 0.117089, 0.197146, 0.219506, 0.249387, 0.38531, 0.451033, 0.452941, 0.68262, 0.709917, 0.873982, 1, 

337,6149,0.001, 0.00965951, 0.0348319, 0.117089, 0.197146, 0.219506, 0.249387, 0.331498, 0.335696, 0.303929, 0.341349, 0.710222, 0.83384, 0.888689, 0.881582, 1, 

361,4818,0.001, 0.00965951, 0.0348319, 0.117089, 0.11714, 0.138818, 0.163562, 0.237878, 0.264055, 0.452941, 0.68262, 0.709917, 0.873982, 0.848029, 0.747225, 0.748355, 0.754433, 0.773201, 0.836382, 0.841529, 0.946676, 1, 

351,5014,0.001, 0.00965951, 0.017013, 0.0196026, 0.0584732, 0.197146, 0.249387, 0.38531, 0.451033, 0.452941, 0.68262, 0.709917, 0.873982, 1, 

332,31399,0.001, 0.0392748, 0.00965951, 0.0348319, 0.117089, 0.197146, 0.166499, 0.179416, 0.199869, 0.263344, 0.819591, 1, 

334,8150,0.001, 0.00965951, 0.0348319, 0.117089, 0.0322075, 0.197146, 0.219506, 0.249387, 0.331498, 0.335696, 0.383336, 1, 

Generation #20
333,25719,0.001, 0.0392748, 0.064091, 0.107494, 0.114811, 0.16379, 0.200798, 0.212748, 0.698205, 0.706407, 0.810275, 1, 

348,5344,0.001, 0.00965951, 0.0348319, 0.117089, 0.197146, 0.219506, 0.249387, 0.38531, 0.451033, 0.452941, 0.68262, 0.709917, 0.873982, 1, 

337,6149,0.001, 0.00965951, 0.0348319, 0.117089, 0.197146, 0.219506, 0.249387, 0.331498, 0.335696, 0.303929, 0.341349, 0.710222, 0.83384, 0.888689, 0.881582, 1, 

361,4818,0.001, 0.00965951, 0.0348319, 0.117089, 0.11714, 0.138818, 0.163562, 0.237878, 0.264055, 0.452941, 0.68262, 0.709917, 0.873982, 0.848029, 0.747225, 0.748355, 0.754433, 0.773201, 0.836382, 0.841529, 0.946676, 1, 

332,31399,0.001, 0.0392748, 0.00965951, 0.0348319, 0.117089, 0.197146, 0.166499, 0.179416, 0.199869, 0.263344, 0.819591, 1, 

334,8150,0.001, 0.00965951, 0.0348319, 0.117089, 0.0322075, 0.197146, 0.219506, 0.249387, 0.331498, 0.335696, 0.383336, 1, 

350,4925,0.001, 0.00965951, 0.0348319, 0.117089, 0.0322075, 0.197146, 0.219506, 0.793483, 0.331498, 0.706407, 1, 

Generation #21
333,25719,0.001, 0.0392748, 0.064091, 0.107494, 0.114811, 0.16379, 0.200798, 0.212748, 0.698205, 0.706407, 0.810275, 1, 

348,5344,0.001, 0.00965951, 0.0348319, 0.117089, 0.197146, 0.219506, 0.249387, 0.38531, 0.451033, 0.452941, 0.68262, 0.709917, 0.873982, 1, 

337,6149,0.001, 0.00965951, 0.0348319, 0.117089, 0.197146, 0.219506, 0.249387, 0.331498, 0.335696, 0.303929, 0.341349, 0.710222, 0.83384, 0.888689, 0.881582, 1, 

361,4818,0.001, 0.00965951, 0.0348319, 0.117089, 0.11714, 0.138818, 0.163562, 0.237878, 0.264055, 0.452941, 0.68262, 0.709917, 0.873982, 0.848029, 0.747225, 0.748355, 0.754433, 0.773201, 0.836382, 0.841529, 0.946676, 1, 

332,31399,0.001, 0.0392748, 0.00965951, 0.0348319, 0.117089, 0.197146, 0.166499, 0.179416, 0.199869, 0.263344, 0.819591, 1, 

334,8150,0.001, 0.00965951, 0.0348319, 0.117089, 0.0322075, 0.197146, 0.219506, 0.249387, 0.331498, 0.335696, 0.383336, 1, 

350,4925,0.001, 0.00965951, 0.0348319, 0.117089, 0.0322075, 0.197146, 0.219506, 0.793483, 0.331498, 0.706407, 1, 

Generation #22
333,25719,0.001, 0.0392748, 0.064091, 0.107494, 0.114811, 0.16379, 0.200798, 0.212748, 0.698205, 0.706407, 0.810275, 1, 

348,5344,0.001, 0.00965951, 0.0348319, 0.117089, 0.197146, 0.219506, 0.249387, 0.38531, 0.451033, 0.452941, 0.68262, 0.709917, 0.873982, 1, 

337,6149,0.001, 0.00965951, 0.0348319, 0.117089, 0.197146, 0.219506, 0.249387, 0.331498, 0.335696, 0.303929, 0.341349, 0.710222, 0.83384, 0.888689, 0.881582, 1, 

361,4818,0.001, 0.00965951, 0.0348319, 0.117089, 0.11714, 0.138818, 0.163562, 0.237878, 0.264055, 0.452941, 0.68262, 0.709917, 0.873982, 0.848029, 0.747225, 0.748355, 0.754433, 0.773201, 0.836382, 0.841529, 0.946676, 1, 

332,31399,0.001, 0.0392748, 0.00965951, 0.0348319, 0.117089, 0.197146, 0.166499, 0.179416, 0.199869, 0.263344, 0.819591, 1, 

334,8150,0.001, 0.00965951, 0.0348319, 0.117089, 0.0322075, 0.197146, 0.219506, 0.249387, 0.331498, 0.335696, 0.383336, 1, 

350,4925,0.001, 0.00965951, 0.0348319, 0.117089, 0.0322075, 0.197146, 0.219506, 0.793483, 0.331498, 0.706407, 1, 

Generation #23
333,25719,0.001, 0.0392748, 0.064091, 0.107494, 0.114811, 0.16379, 0.200798, 0.212748, 0.698205, 0.706407, 0.810275, 1, 

348,5344,0.001, 0.00965951, 0.0348319, 0.117089, 0.197146, 0.219506, 0.249387, 0.38531, 0.451033, 0.452941, 0.68262, 0.709917, 0.873982, 1, 

337,6149,0.001, 0.00965951, 0.0348319, 0.117089, 0.197146, 0.219506, 0.249387, 0.331498, 0.335696, 0.303929, 0.341349, 0.710222, 0.83384, 0.888689, 0.881582, 1, 

361,4818,0.001, 0.00965951, 0.0348319, 0.117089, 0.11714, 0.138818, 0.163562, 0.237878, 0.264055, 0.452941, 0.68262, 0.709917, 0.873982, 0.848029, 0.747225, 0.748355, 0.754433, 0.773201, 0.836382, 0.841529, 0.946676, 1, 

332,31399,0.001, 0.0392748, 0.00965951, 0.0348319, 0.117089, 0.197146, 0.166499, 0.179416, 0.199869, 0.263344, 0.819591, 1, 

334,8150,0.001, 0.00965951, 0.0348319, 0.117089, 0.0322075, 0.197146, 0.219506, 0.249387, 0.331498, 0.335696, 0.383336, 1, 

350,4925,0.001, 0.00965951, 0.0348319, 0.117089, 0.0322075, 0.197146, 0.219506, 0.793483, 0.331498, 0.706407, 1, 

Generation #24
333,25719,0.001, 0.0392748, 0.064091, 0.107494, 0.114811, 0.16379, 0.200798, 0.212748, 0.698205, 0.706407, 0.810275, 1, 

348,5344,0.001, 0.00965951, 0.0348319, 0.117089, 0.197146, 0.219506, 0.249387, 0.38531, 0.451033, 0.452941, 0.68262, 0.709917, 0.873982, 1, 

337,6149,0.001, 0.00965951, 0.0348319, 0.117089, 0.197146, 0.219506, 0.249387, 0.331498, 0.335696, 0.303929, 0.341349, 0.710222, 0.83384, 0.888689, 0.881582, 1, 

361,4818,0.001, 0.00965951, 0.0348319, 0.117089, 0.11714, 0.138818, 0.163562, 0.237878, 0.264055, 0.452941, 0.68262, 0.709917, 0.873982, 0.848029, 0.747225, 0.748355, 0.754433, 0.773201, 0.836382, 0.841529, 0.946676, 1, 

332,31399,0.001, 0.0392748, 0.00965951, 0.0348319, 0.117089, 0.197146, 0.166499, 0.179416, 0.199869, 0.263344, 0.819591, 1, 

334,8150,0.001, 0.00965951, 0.0348319, 0.117089, 0.0322075, 0.197146, 0.219506, 0.249387, 0.331498, 0.335696, 0.383336, 1, 

350,4925,0.001, 0.00965951, 0.0348319, 0.117089, 0.0322075, 0.197146, 0.219506, 0.793483, 0.331498, 0.706407, 1, 

Generation #25
348,5344,0.001, 0.00965951, 0.0348319, 0.117089, 0.197146, 0.219506, 0.249387, 0.38531, 0.451033, 0.452941, 0.68262, 0.709917, 0.873982, 1, 

337,6149,0.001, 0.00965951, 0.0348319, 0.117089, 0.197146, 0.219506, 0.249387, 0.331498, 0.335696, 0.303929, 0.341349, 0.710222, 0.83384, 0.888689, 0.881582, 1, 

361,4818,0.001, 0.00965951, 0.0348319, 0.117089, 0.11714, 0.138818, 0.163562, 0.237878, 0.264055, 0.452941, 0.68262, 0.709917, 0.873982, 0.848029, 0.747225, 0.748355, 0.754433, 0.773201, 0.836382, 0.841529, 0.946676, 1, 

332,31399,0.001, 0.0392748, 0.00965951, 0.0348319, 0.117089, 0.197146, 0.166499, 0.179416, 0.199869, 0.263344, 0.819591, 1, 

334,8150,0.001, 0.00965951, 0.0348319, 0.117089, 0.0322075, 0.197146, 0.219506, 0.249387, 0.331498, 0.335696, 0.383336, 1, 

350,4925,0.001, 0.00965951, 0.0348319, 0.117089, 0.0322075, 0.197146, 0.219506, 0.793483, 0.331498, 0.706407, 1, 

333,9612,0.001, 0.00965951, 0.0348319, 0.117089, 0.11714, 0.138818, 0.163562, 0.249387, 0.331498, 0.605451, 1, 

Generation #26
348,5344,0.001, 0.00965951, 0.0348319, 0.117089, 0.197146, 0.219506, 0.249387, 0.38531, 0.451033, 0.452941, 0.68262, 0.709917, 0.873982, 1, 

337,6149,0.001, 0.00965951, 0.0348319, 0.117089, 0.197146, 0.219506, 0.249387, 0.331498, 0.335696, 0.303929, 0.341349, 0.710222, 0.83384, 0.888689, 0.881582, 1, 

361,4818,0.001, 0.00965951, 0.0348319, 0.117089, 0.11714, 0.138818, 0.163562, 0.237878, 0.264055, 0.452941, 0.68262, 0.709917, 0.873982, 0.848029, 0.747225, 0.748355, 0.754433, 0.773201, 0.836382, 0.841529, 0.946676, 1, 

332,31399,0.001, 0.0392748, 0.00965951, 0.0348319, 0.117089, 0.197146, 0.166499, 0.179416, 0.199869, 0.263344, 0.819591, 1, 

334,8150,0.001, 0.00965951, 0.0348319, 0.117089, 0.0322075, 0.197146, 0.219506, 0.249387, 0.331498, 0.335696, 0.383336, 1, 

350,4925,0.001, 0.00965951, 0.0348319, 0.117089, 0.0322075, 0.197146, 0.219506, 0.793483, 0.331498, 0.706407, 1, 

333,9612,0.001, 0.00965951, 0.0348319, 0.117089, 0.11714, 0.138818, 0.163562, 0.249387, 0.331498, 0.605451, 1, 

Generation #27
348,5344,0.001, 0.00965951, 0.0348319, 0.117089, 0.197146, 0.219506, 0.249387, 0.38531, 0.451033, 0.452941, 0.68262, 0.709917, 0.873982, 1, 

337,6149,0.001, 0.00965951, 0.0348319, 0.117089, 0.197146, 0.219506, 0.249387, 0.331498, 0.335696, 0.303929, 0.341349, 0.710222, 0.83384, 0.888689, 0.881582, 1, 

361,4818,0.001, 0.00965951, 0.0348319, 0.117089, 0.11714, 0.138818, 0.163562, 0.237878, 0.264055, 0.452941, 0.68262, 0.709917, 0.873982, 0.848029, 0.747225, 0.748355, 0.754433, 0.773201, 0.836382, 0.841529, 0.946676, 1, 

332,31399,0.001, 0.0392748, 0.00965951, 0.0348319, 0.117089, 0.197146, 0.166499, 0.179416, 0.199869, 0.263344, 0.819591, 1, 

334,8150,0.001, 0.00965951, 0.0348319, 0.117089, 0.0322075, 0.197146, 0.219506, 0.249387, 0.331498, 0.335696, 0.383336, 1, 

350,4925,0.001, 0.00965951, 0.0348319, 0.117089, 0.0322075, 0.197146, 0.219506, 0.793483, 0.331498, 0.706407, 1, 

333,9612,0.001, 0.00965951, 0.0348319, 0.117089, 0.11714, 0.138818, 0.163562, 0.249387, 0.331498, 0.605451, 1, 

Generation #28
348,5344,0.001, 0.00965951, 0.0348319, 0.117089, 0.197146, 0.219506, 0.249387, 0.38531, 0.451033, 0.452941, 0.68262, 0.709917, 0.873982, 1, 

337,6149,0.001, 0.00965951, 0.0348319, 0.117089, 0.197146, 0.219506, 0.249387, 0.331498, 0.335696, 0.303929, 0.341349, 0.710222, 0.83384, 0.888689, 0.881582, 1, 

361,4818,0.001, 0.00965951, 0.0348319, 0.117089, 0.11714, 0.138818, 0.163562, 0.237878, 0.264055, 0.452941, 0.68262, 0.709917, 0.873982, 0.848029, 0.747225, 0.748355, 0.754433, 0.773201, 0.836382, 0.841529, 0.946676, 1, 

332,31399,0.001, 0.0392748, 0.00965951, 0.0348319, 0.117089, 0.197146, 0.166499, 0.179416, 0.199869, 0.263344, 0.819591, 1, 

334,8150,0.001, 0.00965951, 0.0348319, 0.117089, 0.0322075, 0.197146, 0.219506, 0.249387, 0.331498, 0.335696, 0.383336, 1, 

350,4925,0.001, 0.00965951, 0.0348319, 0.117089, 0.0322075, 0.197146, 0.219506, 0.793483, 0.331498, 0.706407, 1, 

333,9612,0.001, 0.00965951, 0.0348319, 0.117089, 0.11714, 0.138818, 0.163562, 0.249387, 0.331498, 0.605451, 1, 

356,4825,0.001, 0.00965951, 0.0348319, 0.117089, 0.197146, 0.219506, 0.249387, 0.38531, 0.451033, 0.335696, 0.383336, 1, 

344,5535,0.001, 0.00965951, 0.0348319, 0.117089, 0.174804, 0.197146, 0.219506, 0.249387, 0.331498, 0.335696, 0.383336, 0.401506, 0.416434, 0.901275, 0.957331, 1, 

Generation #29
348,5344,0.001, 0.00965951, 0.0348319, 0.117089, 0.197146, 0.219506, 0.249387, 0.38531, 0.451033, 0.452941, 0.68262, 0.709917, 0.873982, 1, 

337,6149,0.001, 0.00965951, 0.0348319, 0.117089, 0.197146, 0.219506, 0.249387, 0.331498, 0.335696, 0.303929, 0.341349, 0.710222, 0.83384, 0.888689, 0.881582, 1, 

361,4818,0.001, 0.00965951, 0.0348319, 0.117089, 0.11714, 0.138818, 0.163562, 0.237878, 0.264055, 0.452941, 0.68262, 0.709917, 0.873982, 0.848029, 0.747225, 0.748355, 0.754433, 0.773201, 0.836382, 0.841529, 0.946676, 1, 

332,31399,0.001, 0.0392748, 0.00965951, 0.0348319, 0.117089, 0.197146, 0.166499, 0.179416, 0.199869, 0.263344, 0.819591, 1, 

334,8150,0.001, 0.00965951, 0.0348319, 0.117089, 0.0322075, 0.197146, 0.219506, 0.249387, 0.331498, 0.335696, 0.383336, 1, 

350,4925,0.001, 0.00965951, 0.0348319, 0.117089, 0.0322075, 0.197146, 0.219506, 0.793483, 0.331498, 0.706407, 1, 

333,9612,0.001, 0.00965951, 0.0348319, 0.117089, 0.11714, 0.138818, 0.163562, 0.249387, 0.331498, 0.605451, 1, 

356,4825,0.001, 0.00965951, 0.0348319, 0.117089, 0.197146, 0.219506, 0.249387, 0.38531, 0.451033, 0.335696, 0.383336, 1, 

344,5535,0.001, 0.00965951, 0.0348319, 0.117089, 0.174804, 0.197146, 0.219506, 0.249387, 0.331498, 0.335696, 0.383336, 0.401506, 0.416434, 0.901275, 0.957331, 1, 

Generation #30
348,5344,0.001, 0.00965951, 0.0348319, 0.117089, 0.197146, 0.219506, 0.249387, 0.38531, 0.451033, 0.452941, 0.68262, 0.709917, 0.873982, 1, 

337,6149,0.001, 0.00965951, 0.0348319, 0.117089, 0.197146, 0.219506, 0.249387, 0.331498, 0.335696, 0.303929, 0.341349, 0.710222, 0.83384, 0.888689, 0.881582, 1, 

361,4818,0.001, 0.00965951, 0.0348319, 0.117089, 0.11714, 0.138818, 0.163562, 0.237878, 0.264055, 0.452941, 0.68262, 0.709917, 0.873982, 0.848029, 0.747225, 0.748355, 0.754433, 0.773201, 0.836382, 0.841529, 0.946676, 1, 

332,31399,0.001, 0.0392748, 0.00965951, 0.0348319, 0.117089, 0.197146, 0.166499, 0.179416, 0.199869, 0.263344, 0.819591, 1, 

334,8150,0.001, 0.00965951, 0.0348319, 0.117089, 0.0322075, 0.197146, 0.219506, 0.249387, 0.331498, 0.335696, 0.383336, 1, 

350,4925,0.001, 0.00965951, 0.0348319, 0.117089, 0.0322075, 0.197146, 0.219506, 0.793483, 0.331498, 0.706407, 1, 

333,9612,0.001, 0.00965951, 0.0348319, 0.117089, 0.11714, 0.138818, 0.163562, 0.249387, 0.331498, 0.605451, 1, 

356,4825,0.001, 0.00965951, 0.0348319, 0.117089, 0.197146, 0.219506, 0.249387, 0.38531, 0.451033, 0.335696, 0.383336, 1, 

344,5535,0.001, 0.00965951, 0.0348319, 0.117089, 0.174804, 0.197146, 0.219506, 0.249387, 0.331498, 0.335696, 0.383336, 0.401506, 0.416434, 0.901275, 0.957331, 1, 

Generation #31
348,5344,0.001, 0.00965951, 0.0348319, 0.117089, 0.197146, 0.219506, 0.249387, 0.38531, 0.451033, 0.452941, 0.68262, 0.709917, 0.873982, 1, 

337,6149,0.001, 0.00965951, 0.0348319, 0.117089, 0.197146, 0.219506, 0.249387, 0.331498, 0.335696, 0.303929, 0.341349, 0.710222, 0.83384, 0.888689, 0.881582, 1, 

361,4818,0.001, 0.00965951, 0.0348319, 0.117089, 0.11714, 0.138818, 0.163562, 0.237878, 0.264055, 0.452941, 0.68262, 0.709917, 0.873982, 0.848029, 0.747225, 0.748355, 0.754433, 0.773201, 0.836382, 0.841529, 0.946676, 1, 

332,31399,0.001, 0.0392748, 0.00965951, 0.0348319, 0.117089, 0.197146, 0.166499, 0.179416, 0.199869, 0.263344, 0.819591, 1, 

334,8150,0.001, 0.00965951, 0.0348319, 0.117089, 0.0322075, 0.197146, 0.219506, 0.249387, 0.331498, 0.335696, 0.383336, 1, 

350,4925,0.001, 0.00965951, 0.0348319, 0.117089, 0.0322075, 0.197146, 0.219506, 0.793483, 0.331498, 0.706407, 1, 

333,9612,0.001, 0.00965951, 0.0348319, 0.117089, 0.11714, 0.138818, 0.163562, 0.249387, 0.331498, 0.605451, 1, 

356,4825,0.001, 0.00965951, 0.0348319, 0.117089, 0.197146, 0.219506, 0.249387, 0.38531, 0.451033, 0.335696, 0.383336, 1, 

344,5535,0.001, 0.00965951, 0.0348319, 0.117089, 0.174804, 0.197146, 0.219506, 0.249387, 0.331498, 0.335696, 0.383336, 0.401506, 0.416434, 0.901275, 0.957331, 1, 

Generation #32
348,5344,0.001, 0.00965951, 0.0348319, 0.117089, 0.197146, 0.219506, 0.249387, 0.38531, 0.451033, 0.452941, 0.68262, 0.709917, 0.873982, 1, 

337,6149,0.001, 0.00965951, 0.0348319, 0.117089, 0.197146, 0.219506, 0.249387, 0.331498, 0.335696, 0.303929, 0.341349, 0.710222, 0.83384, 0.888689, 0.881582, 1, 

361,4818,0.001, 0.00965951, 0.0348319, 0.117089, 0.11714, 0.138818, 0.163562, 0.237878, 0.264055, 0.452941, 0.68262, 0.709917, 0.873982, 0.848029, 0.747225, 0.748355, 0.754433, 0.773201, 0.836382, 0.841529, 0.946676, 1, 

332,31399,0.001, 0.0392748, 0.00965951, 0.0348319, 0.117089, 0.197146, 0.166499, 0.179416, 0.199869, 0.263344, 0.819591, 1, 

334,8150,0.001, 0.00965951, 0.0348319, 0.117089, 0.0322075, 0.197146, 0.219506, 0.249387, 0.331498, 0.335696, 0.383336, 1, 

350,4925,0.001, 0.00965951, 0.0348319, 0.117089, 0.0322075, 0.197146, 0.219506, 0.793483, 0.331498, 0.706407, 1, 

333,9612,0.001, 0.00965951, 0.0348319, 0.117089, 0.11714, 0.138818, 0.163562, 0.249387, 0.331498, 0.605451, 1, 

356,4825,0.001, 0.00965951, 0.0348319, 0.117089, 0.197146, 0.219506, 0.249387, 0.38531, 0.451033, 0.335696, 0.383336, 1, 

344,5535,0.001, 0.00965951, 0.0348319, 0.117089, 0.174804, 0.197146, 0.219506, 0.249387, 0.331498, 0.335696, 0.383336, 0.401506, 0.416434, 0.901275, 0.957331, 1, 

Generation #33
348,5344,0.001, 0.00965951, 0.0348319, 0.117089, 0.197146, 0.219506, 0.249387, 0.38531, 0.451033, 0.452941, 0.68262, 0.709917, 0.873982, 1, 

337,6149,0.001, 0.00965951, 0.0348319, 0.117089, 0.197146, 0.219506, 0.249387, 0.331498, 0.335696, 0.303929, 0.341349, 0.710222, 0.83384, 0.888689, 0.881582, 1, 

361,4818,0.001, 0.00965951, 0.0348319, 0.117089, 0.11714, 0.138818, 0.163562, 0.237878, 0.264055, 0.452941, 0.68262, 0.709917, 0.873982, 0.848029, 0.747225, 0.748355, 0.754433, 0.773201, 0.836382, 0.841529, 0.946676, 1, 

332,31399,0.001, 0.0392748, 0.00965951, 0.0348319, 0.117089, 0.197146, 0.166499, 0.179416, 0.199869, 0.263344, 0.819591, 1, 

334,8150,0.001, 0.00965951, 0.0348319, 0.117089, 0.0322075, 0.197146, 0.219506, 0.249387, 0.331498, 0.335696, 0.383336, 1, 

350,4925,0.001, 0.00965951, 0.0348319, 0.117089, 0.0322075, 0.197146, 0.219506, 0.793483, 0.331498, 0.706407, 1, 

333,9612,0.001, 0.00965951, 0.0348319, 0.117089, 0.11714, 0.138818, 0.163562, 0.249387, 0.331498, 0.605451, 1, 

356,4825,0.001, 0.00965951, 0.0348319, 0.117089, 0.197146, 0.219506, 0.249387, 0.38531, 0.451033, 0.335696, 0.383336, 1, 

344,5535,0.001, 0.00965951, 0.0348319, 0.117089, 0.174804, 0.197146, 0.219506, 0.249387, 0.331498, 0.335696, 0.383336, 0.401506, 0.416434, 0.901275, 0.957331, 1, 

Generation #34
348,5344,0.001, 0.00965951, 0.0348319, 0.117089, 0.197146, 0.219506, 0.249387, 0.38531, 0.451033, 0.452941, 0.68262, 0.709917, 0.873982, 1, 

337,6149,0.001, 0.00965951, 0.0348319, 0.117089, 0.197146, 0.219506, 0.249387, 0.331498, 0.335696, 0.303929, 0.341349, 0.710222, 0.83384, 0.888689, 0.881582, 1, 

361,4818,0.001, 0.00965951, 0.0348319, 0.117089, 0.11714, 0.138818, 0.163562, 0.237878, 0.264055, 0.452941, 0.68262, 0.709917, 0.873982, 0.848029, 0.747225, 0.748355, 0.754433, 0.773201, 0.836382, 0.841529, 0.946676, 1, 

332,31399,0.001, 0.0392748, 0.00965951, 0.0348319, 0.117089, 0.197146, 0.166499, 0.179416, 0.199869, 0.263344, 0.819591, 1, 

334,8150,0.001, 0.00965951, 0.0348319, 0.117089, 0.0322075, 0.197146, 0.219506, 0.249387, 0.331498, 0.335696, 0.383336, 1, 

350,4925,0.001, 0.00965951, 0.0348319, 0.117089, 0.0322075, 0.197146, 0.219506, 0.793483, 0.331498, 0.706407, 1, 

333,9612,0.001, 0.00965951, 0.0348319, 0.117089, 0.11714, 0.138818, 0.163562, 0.249387, 0.331498, 0.605451, 1, 

356,4825,0.001, 0.00965951, 0.0348319, 0.117089, 0.197146, 0.219506, 0.249387, 0.38531, 0.451033, 0.335696, 0.383336, 1, 

344,5535,0.001, 0.00965951, 0.0348319, 0.117089, 0.174804, 0.197146, 0.219506, 0.249387, 0.331498, 0.335696, 0.383336, 0.401506, 0.416434, 0.901275, 0.957331, 1, 

Generation #35
348,5344,0.001, 0.00965951, 0.0348319, 0.117089, 0.197146, 0.219506, 0.249387, 0.38531, 0.451033, 0.452941, 0.68262, 0.709917, 0.873982, 1, 

337,6149,0.001, 0.00965951, 0.0348319, 0.117089, 0.197146, 0.219506, 0.249387, 0.331498, 0.335696, 0.303929, 0.341349, 0.710222, 0.83384, 0.888689, 0.881582, 1, 

361,4818,0.001, 0.00965951, 0.0348319, 0.117089, 0.11714, 0.138818, 0.163562, 0.237878, 0.264055, 0.452941, 0.68262, 0.709917, 0.873982, 0.848029, 0.747225, 0.748355, 0.754433, 0.773201, 0.836382, 0.841529, 0.946676, 1, 

332,31399,0.001, 0.0392748, 0.00965951, 0.0348319, 0.117089, 0.197146, 0.166499, 0.179416, 0.199869, 0.263344, 0.819591, 1, 

334,8150,0.001, 0.00965951, 0.0348319, 0.117089, 0.0322075, 0.197146, 0.219506, 0.249387, 0.331498, 0.335696, 0.383336, 1, 

350,4925,0.001, 0.00965951, 0.0348319, 0.117089, 0.0322075, 0.197146, 0.219506, 0.793483, 0.331498, 0.706407, 1, 

333,9612,0.001, 0.00965951, 0.0348319, 0.117089, 0.11714, 0.138818, 0.163562, 0.249387, 0.331498, 0.605451, 1, 

356,4825,0.001, 0.00965951, 0.0348319, 0.117089, 0.197146, 0.219506, 0.249387, 0.38531, 0.451033, 0.335696, 0.383336, 1, 

344,5535,0.001, 0.00965951, 0.0348319, 0.117089, 0.174804, 0.197146, 0.219506, 0.249387, 0.331498, 0.335696, 0.383336, 0.401506, 0.416434, 0.901275, 0.957331, 1, 

368,4795,0.001, 0.00965951, 0.0348319, 0.117089, 0.0322075, 0.197146, 0.163562, 0.237878, 0.264055, 0.452941, 0.68262, 0.709917, 0.873982, 0.848029, 0.747225, 0.748355, 0.754433, 0.773201, 0.836382, 0.841529, 0.946676, 1, 

341,5826,0.001, 0.00965951, 0.0348319, 0.117089, 0.197146, 0.249387, 0.176957, 0.78549, 0.819591, 1, 

Generation #36
348,5344,0.001, 0.00965951, 0.0348319, 0.117089, 0.197146, 0.219506, 0.249387, 0.38531, 0.451033, 0.452941, 0.68262, 0.709917, 0.873982, 1, 

361,4818,0.001, 0.00965951, 0.0348319, 0.117089, 0.11714, 0.138818, 0.163562, 0.237878, 0.264055, 0.452941, 0.68262, 0.709917, 0.873982, 0.848029, 0.747225, 0.748355, 0.754433, 0.773201, 0.836382, 0.841529, 0.946676, 1, 

350,4925,0.001, 0.00965951, 0.0348319, 0.117089, 0.0322075, 0.197146, 0.219506, 0.793483, 0.331498, 0.706407, 1, 

356,4825,0.001, 0.00965951, 0.0348319, 0.117089, 0.197146, 0.219506, 0.249387, 0.38531, 0.451033, 0.335696, 0.383336, 1, 

344,5535,0.001, 0.00965951, 0.0348319, 0.117089, 0.174804, 0.197146, 0.219506, 0.249387, 0.331498, 0.335696, 0.383336, 0.401506, 0.416434, 0.901275, 0.957331, 1, 

368,4795,0.001, 0.00965951, 0.0348319, 0.117089, 0.0322075, 0.197146, 0.163562, 0.237878, 0.264055, 0.452941, 0.68262, 0.709917, 0.873982, 0.848029, 0.747225, 0.748355, 0.754433, 0.773201, 0.836382, 0.841529, 0.946676, 1, 

341,5826,0.001, 0.00965951, 0.0348319, 0.117089, 0.197146, 0.249387, 0.176957, 0.78549, 0.819591, 1, 

324,5995,0.001, 0.00965951, 0.0348319, 0.117089, 0.0322075, 0.197146, 0.179416, 0.199869, 0.263344, 0.605451, 0.671791, 1, 

Generation #37
348,5344,0.001, 0.00965951, 0.0348319, 0.117089, 0.197146, 0.219506, 0.249387, 0.38531, 0.451033, 0.452941, 0.68262, 0.709917, 0.873982, 1, 

361,4818,0.001, 0.00965951, 0.0348319, 0.117089, 0.11714, 0.138818, 0.163562, 0.237878, 0.264055, 0.452941, 0.68262, 0.709917, 0.873982, 0.848029, 0.747225, 0.748355, 0.754433, 0.773201, 0.836382, 0.841529, 0.946676, 1, 

350,4925,0.001, 0.00965951, 0.0348319, 0.117089, 0.0322075, 0.197146, 0.219506, 0.793483, 0.331498, 0.706407, 1, 

356,4825,0.001, 0.00965951, 0.0348319, 0.117089, 0.197146, 0.219506, 0.249387, 0.38531, 0.451033, 0.335696, 0.383336, 1, 

344,5535,0.001, 0.00965951, 0.0348319, 0.117089, 0.174804, 0.197146, 0.219506, 0.249387, 0.331498, 0.335696, 0.383336, 0.401506, 0.416434, 0.901275, 0.957331, 1, 

368,4795,0.001, 0.00965951, 0.0348319, 0.117089, 0.0322075, 0.197146, 0.163562, 0.237878, 0.264055, 0.452941, 0.68262, 0.709917, 0.873982, 0.848029, 0.747225, 0.748355, 0.754433, 0.773201, 0.836382, 0.841529, 0.946676, 1, 

341,5826,0.001, 0.00965951, 0.0348319, 0.117089, 0.197146, 0.249387, 0.176957, 0.78549, 0.819591, 1, 

324,5995,0.001, 0.00965951, 0.0348319, 0.117089, 0.0322075, 0.197146, 0.179416, 0.199869, 0.263344, 0.605451, 0.671791, 1, 

Generation #38
348,5344,0.001, 0.00965951, 0.0348319, 0.117089, 0.197146, 0.219506, 0.249387, 0.38531, 0.451033, 0.452941, 0.68262, 0.709917, 0.873982, 1, 

361,4818,0.001, 0.00965951, 0.0348319, 0.117089, 0.11714, 0.138818, 0.163562, 0.237878, 0.264055, 0.452941, 0.68262, 0.709917, 0.873982, 0.848029, 0.747225, 0.748355, 0.754433, 0.773201, 0.836382, 0.841529, 0.946676, 1, 

350,4925,0.001, 0.00965951, 0.0348319, 0.117089, 0.0322075, 0.197146, 0.219506, 0.793483, 0.331498, 0.706407, 1, 

356,4825,0.001, 0.00965951, 0.0348319, 0.117089, 0.197146, 0.219506, 0.249387, 0.38531, 0.451033, 0.335696, 0.383336, 1, 

344,5535,0.001, 0.00965951, 0.0348319, 0.117089, 0.174804, 0.197146, 0.219506, 0.249387, 0.331498, 0.335696, 0.383336, 0.401506, 0.416434, 0.901275, 0.957331, 1, 

368,4795,0.001, 0.00965951, 0.0348319, 0.117089, 0.0322075, 0.197146, 0.163562, 0.237878, 0.264055, 0.452941, 0.68262, 0.709917, 0.873982, 0.848029, 0.747225, 0.748355, 0.754433, 0.773201, 0.836382, 0.841529, 0.946676, 1, 

341,5826,0.001, 0.00965951, 0.0348319, 0.117089, 0.197146, 0.249387, 0.176957, 0.78549, 0.819591, 1, 

324,5995,0.001, 0.00965951, 0.0348319, 0.117089, 0.0322075, 0.197146, 0.179416, 0.199869, 0.263344, 0.605451, 0.671791, 1, 

Generation #39
348,5344,0.001, 0.00965951, 0.0348319, 0.117089, 0.197146, 0.219506, 0.249387, 0.38531, 0.451033, 0.452941, 0.68262, 0.709917, 0.873982, 1, 

361,4818,0.001, 0.00965951, 0.0348319, 0.117089, 0.11714, 0.138818, 0.163562, 0.237878, 0.264055, 0.452941, 0.68262, 0.709917, 0.873982, 0.848029, 0.747225, 0.748355, 0.754433, 0.773201, 0.836382, 0.841529, 0.946676, 1, 

350,4925,0.001, 0.00965951, 0.0348319, 0.117089, 0.0322075, 0.197146, 0.219506, 0.793483, 0.331498, 0.706407, 1, 

356,4825,0.001, 0.00965951, 0.0348319, 0.117089, 0.197146, 0.219506, 0.249387, 0.38531, 0.451033, 0.335696, 0.383336, 1, 

344,5535,0.001, 0.00965951, 0.0348319, 0.117089, 0.174804, 0.197146, 0.219506, 0.249387, 0.331498, 0.335696, 0.383336, 0.401506, 0.416434, 0.901275, 0.957331, 1, 

368,4795,0.001, 0.00965951, 0.0348319, 0.117089, 0.0322075, 0.197146, 0.163562, 0.237878, 0.264055, 0.452941, 0.68262, 0.709917, 0.873982, 0.848029, 0.747225, 0.748355, 0.754433, 0.773201, 0.836382, 0.841529, 0.946676, 1, 

341,5826,0.001, 0.00965951, 0.0348319, 0.117089, 0.197146, 0.249387, 0.176957, 0.78549, 0.819591, 1, 

324,5995,0.001, 0.00965951, 0.0348319, 0.117089, 0.0322075, 0.197146, 0.179416, 0.199869, 0.263344, 0.605451, 0.671791, 1, 

Generation #40
348,5344,0.001, 0.00965951, 0.0348319, 0.117089, 0.197146, 0.219506, 0.249387, 0.38531, 0.451033, 0.452941, 0.68262, 0.709917, 0.873982, 1, 

361,4818,0.001, 0.00965951, 0.0348319, 0.117089, 0.11714, 0.138818, 0.163562, 0.237878, 0.264055, 0.452941, 0.68262, 0.709917, 0.873982, 0.848029, 0.747225, 0.748355, 0.754433, 0.773201, 0.836382, 0.841529, 0.946676, 1, 

350,4925,0.001, 0.00965951, 0.0348319, 0.117089, 0.0322075, 0.197146, 0.219506, 0.793483, 0.331498, 0.706407, 1, 

356,4825,0.001, 0.00965951, 0.0348319, 0.117089, 0.197146, 0.219506, 0.249387, 0.38531, 0.451033, 0.335696, 0.383336, 1, 

344,5535,0.001, 0.00965951, 0.0348319, 0.117089, 0.174804, 0.197146, 0.219506, 0.249387, 0.331498, 0.335696, 0.383336, 0.401506, 0.416434, 0.901275, 0.957331, 1, 

368,4795,0.001, 0.00965951, 0.0348319, 0.117089, 0.0322075, 0.197146, 0.163562, 0.237878, 0.264055, 0.452941, 0.68262, 0.709917, 0.873982, 0.848029, 0.747225, 0.748355, 0.754433, 0.773201, 0.836382, 0.841529, 0.946676, 1, 

341,5826,0.001, 0.00965951, 0.0348319, 0.117089, 0.197146, 0.249387, 0.176957, 0.78549, 0.819591, 1, 

324,5995,0.001, 0.00965951, 0.0348319, 0.117089, 0.0322075, 0.197146, 0.179416, 0.199869, 0.263344, 0.605451, 0.671791, 1, 

Generation #41
348,5344,0.001, 0.00965951, 0.0348319, 0.117089, 0.197146, 0.219506, 0.249387, 0.38531, 0.451033, 0.452941, 0.68262, 0.709917, 0.873982, 1, 

361,4818,0.001, 0.00965951, 0.0348319, 0.117089, 0.11714, 0.138818, 0.163562, 0.237878, 0.264055, 0.452941, 0.68262, 0.709917, 0.873982, 0.848029, 0.747225, 0.748355, 0.754433, 0.773201, 0.836382, 0.841529, 0.946676, 1, 

350,4925,0.001, 0.00965951, 0.0348319, 0.117089, 0.0322075, 0.197146, 0.219506, 0.793483, 0.331498, 0.706407, 1, 

356,4825,0.001, 0.00965951, 0.0348319, 0.117089, 0.197146, 0.219506, 0.249387, 0.38531, 0.451033, 0.335696, 0.383336, 1, 

368,4795,0.001, 0.00965951, 0.0348319, 0.117089, 0.0322075, 0.197146, 0.163562, 0.237878, 0.264055, 0.452941, 0.68262, 0.709917, 0.873982, 0.848029, 0.747225, 0.748355, 0.754433, 0.773201, 0.836382, 0.841529, 0.946676, 1, 

341,5826,0.001, 0.00965951, 0.0348319, 0.117089, 0.197146, 0.249387, 0.176957, 0.78549, 0.819591, 1, 

324,5995,0.001, 0.00965951, 0.0348319, 0.117089, 0.0322075, 0.197146, 0.179416, 0.199869, 0.263344, 0.605451, 0.671791, 1, 

343,5478,0.001, 0.00965951, 0.0348319, 0.117089, 0.0322075, 0.197146, 0.219506, 0.199869, 0.26041, 0.263344, 0.605451, 0.671791, 1, 

Generation #42
341,5826,0.001, 0.00965951, 0.0348319, 0.117089, 0.197146, 0.249387, 0.176957, 0.78549, 0.819591, 1, 

324,5995,0.001, 0.00965951, 0.0348319, 0.117089, 0.0322075, 0.197146, 0.179416, 0.199869, 0.263344, 0.605451, 0.671791, 1, 

343,5478,0.001, 0.00965951, 0.0348319, 0.117089, 0.0322075, 0.197146, 0.219506, 0.199869, 0.26041, 0.263344, 0.605451, 0.671791, 1, 

345,4548,0.001, 0.00965951, 0.0348319, 0.117089, 0.0322075, 0.197146, 0.202968, 0.211954, 0.819591, 0.518566, 0.611185, 1, 

Generation #43
341,5826,0.001, 0.00965951, 0.0348319, 0.117089, 0.197146, 0.249387, 0.176957, 0.78549, 0.819591, 1, 

324,5995,0.001, 0.00965951, 0.0348319, 0.117089, 0.0322075, 0.197146, 0.179416, 0.199869, 0.263344, 0.605451, 0.671791, 1, 

343,5478,0.001, 0.00965951, 0.0348319, 0.117089, 0.0322075, 0.197146, 0.219506, 0.199869, 0.26041, 0.263344, 0.605451, 0.671791, 1, 

345,4548,0.001, 0.00965951, 0.0348319, 0.117089, 0.0322075, 0.197146, 0.202968, 0.211954, 0.819591, 0.518566, 0.611185, 1, 

Generation #44
341,5826,0.001, 0.00965951, 0.0348319, 0.117089, 0.197146, 0.249387, 0.176957, 0.78549, 0.819591, 1, 

324,5995,0.001, 0.00965951, 0.0348319, 0.117089, 0.0322075, 0.197146, 0.179416, 0.199869, 0.263344, 0.605451, 0.671791, 1, 

343,5478,0.001, 0.00965951, 0.0348319, 0.117089, 0.0322075, 0.197146, 0.219506, 0.199869, 0.26041, 0.263344, 0.605451, 0.671791, 1, 

345,4548,0.001, 0.00965951, 0.0348319, 0.117089, 0.0322075, 0.197146, 0.202968, 0.211954, 0.819591, 0.518566, 0.611185, 1, 

Generation #45
341,5826,0.001, 0.00965951, 0.0348319, 0.117089, 0.197146, 0.249387, 0.176957, 0.78549, 0.819591, 1, 

324,5995,0.001, 0.00965951, 0.0348319, 0.117089, 0.0322075, 0.197146, 0.179416, 0.199869, 0.263344, 0.605451, 0.671791, 1, 

343,5478,0.001, 0.00965951, 0.0348319, 0.117089, 0.0322075, 0.197146, 0.219506, 0.199869, 0.26041, 0.263344, 0.605451, 0.671791, 1, 

345,4548,0.001, 0.00965951, 0.0348319, 0.117089, 0.0322075, 0.197146, 0.202968, 0.211954, 0.819591, 0.518566, 0.611185, 1, 

Generation #46
341,5826,0.001, 0.00965951, 0.0348319, 0.117089, 0.197146, 0.249387, 0.176957, 0.78549, 0.819591, 1, 

324,5995,0.001, 0.00965951, 0.0348319, 0.117089, 0.0322075, 0.197146, 0.179416, 0.199869, 0.263344, 0.605451, 0.671791, 1, 

343,5478,0.001, 0.00965951, 0.0348319, 0.117089, 0.0322075, 0.197146, 0.219506, 0.199869, 0.26041, 0.263344, 0.605451, 0.671791, 1, 

345,4548,0.001, 0.00965951, 0.0348319, 0.117089, 0.0322075, 0.197146, 0.202968, 0.211954, 0.819591, 0.518566, 0.611185, 1, 

Generation #47
341,5826,0.001, 0.00965951, 0.0348319, 0.117089, 0.197146, 0.249387, 0.176957, 0.78549, 0.819591, 1, 

324,5995,0.001, 0.00965951, 0.0348319, 0.117089, 0.0322075, 0.197146, 0.179416, 0.199869, 0.263344, 0.605451, 0.671791, 1, 

343,5478,0.001, 0.00965951, 0.0348319, 0.117089, 0.0322075, 0.197146, 0.219506, 0.199869, 0.26041, 0.263344, 0.605451, 0.671791, 1, 

345,4548,0.001, 0.00965951, 0.0348319, 0.117089, 0.0322075, 0.197146, 0.202968, 0.211954, 0.819591, 0.518566, 0.611185, 1, 

Generation #48
341,5826,0.001, 0.00965951, 0.0348319, 0.117089, 0.197146, 0.249387, 0.176957, 0.78549, 0.819591, 1, 

324,5995,0.001, 0.00965951, 0.0348319, 0.117089, 0.0322075, 0.197146, 0.179416, 0.199869, 0.263344, 0.605451, 0.671791, 1, 

343,5478,0.001, 0.00965951, 0.0348319, 0.117089, 0.0322075, 0.197146, 0.219506, 0.199869, 0.26041, 0.263344, 0.605451, 0.671791, 1, 

345,4548,0.001, 0.00965951, 0.0348319, 0.117089, 0.0322075, 0.197146, 0.202968, 0.211954, 0.819591, 0.518566, 0.611185, 1, 

342,5817,0.001, 0.00965951, 0.0348319, 0.169064, 0.0584732, 0.107792, 0.111126, 0.274442, 0.296743, 0.303929, 0.341349, 0.347201, 0.38673, 0.881582, 1, 

Generation #49
341,5826,0.001, 0.00965951, 0.0348319, 0.117089, 0.197146, 0.249387, 0.176957, 0.78549, 0.819591, 1, 

324,5995,0.001, 0.00965951, 0.0348319, 0.117089, 0.0322075, 0.197146, 0.179416, 0.199869, 0.263344, 0.605451, 0.671791, 1, 

343,5478,0.001, 0.00965951, 0.0348319, 0.117089, 0.0322075, 0.197146, 0.219506, 0.199869, 0.26041, 0.263344, 0.605451, 0.671791, 1, 

345,4548,0.001, 0.00965951, 0.0348319, 0.117089, 0.0322075, 0.197146, 0.202968, 0.211954, 0.819591, 0.518566, 0.611185, 1, 

342,5817,0.001, 0.00965951, 0.0348319, 0.169064, 0.0584732, 0.107792, 0.111126, 0.274442, 0.296743, 0.303929, 0.341349, 0.347201, 0.38673, 0.881582, 1, 

N total=596, Time total=6159, percents=0.001, 0.00965951, 0.0348319, 0.117089, 0.197146, 0.249387, 0.176957, 0.78549, 0.819591, 1, 

N total=579, Time total=6328, percents=0.001, 0.00965951, 0.0348319, 0.117089, 0.0322075, 0.197146, 0.179416, 0.199869, 0.263344, 0.605451, 0.671791, 1, 

N total=598, Time total=5811, percents=0.001, 0.00965951, 0.0348319, 0.117089, 0.0322075, 0.197146, 0.219506, 0.199869, 0.26041, 0.263344, 0.605451, 0.671791, 1, 

N total=600, Time total=4881, percents=0.001, 0.00965951, 0.0348319, 0.117089, 0.0322075, 0.197146, 0.202968, 0.211954, 0.819591, 0.518566, 0.611185, 1, 

N total=597, Time total=6150, percents=0.001, 0.00965951, 0.0348319, 0.169064, 0.0584732, 0.107792, 0.111126, 0.274442, 0.296743, 0.303929, 0.341349, 0.347201, 0.38673, 0.881582, 1, 

------------d=1, t=2, lambda=3, filename=./evaluation/Mobile/Mobile_2_3.csv------------
Grouping d-sets by partitioned row counts for detecting arrays...
Ready to look at pairs for detecting arrays...
First Stage N=357, Time=309
There are 116832 remaining non-locating pairs
Generation #0
349,5287,0.001, 0.0129058, 0.0287647, 0.0854038, 0.105175, 0.105871, 0.14792, 0.207287, 0.37586, 0.379065, 0.388543, 0.393634, 0.401566, 0.408739, 0.417417, 0.428209, 0.464479, 0.481876, 0.634811, 0.640288, 0.658625, 0.817, 0.82911, 0.856394, 0.874294, 0.882047, 1, 

325,8764,0.001, 0.0217742, 0.0465442, 0.0544338, 0.0808075, 0.18924, 0.248272, 0.346751, 0.400011, 0.400986, 0.437701, 0.451715, 0.461222, 0.518138, 0.542718, 0.547782, 0.665783, 0.689159, 0.771051, 0.784741, 0.938339, 0.963157, 0.970085, 0.992058, 1, 

330,7455,0.001, 0.0138873, 0.021733, 0.166927, 0.169739, 0.184623, 0.209472, 0.243427, 0.249283, 0.287089, 0.303119, 0.391284, 0.430561, 0.487228, 0.508226, 0.612198, 0.617088, 0.729648, 0.868775, 0.972813, 1, 

317,17376,0.001, 0.0644786, 0.11931, 0.191859, 0.26294, 0.297383, 0.338267, 0.376486, 0.402188, 0.500169, 0.560489, 1, 

320,15374,0.001, 0.0547773, 0.05829, 0.10714, 0.107721, 0.137176, 0.1373, 0.161991, 0.287932, 0.334998, 0.442798, 0.450805, 0.454166, 0.491575, 0.68477, 0.704661, 0.736549, 0.758759, 0.824069, 0.903292, 0.954226, 0.987501, 1, 

Generation #1
349,5287,0.001, 0.0129058, 0.0287647, 0.0854038, 0.105175, 0.105871, 0.14792, 0.207287, 0.37586, 0.379065, 0.388543, 0.393634, 0.401566, 0.408739, 0.417417, 0.428209, 0.464479, 0.481876, 0.634811, 0.640288, 0.658625, 0.817, 0.82911, 0.856394, 0.874294, 0.882047, 1, 

325,8764,0.001, 0.0217742, 0.0465442, 0.0544338, 0.0808075, 0.18924, 0.248272, 0.346751, 0.400011, 0.400986, 0.437701, 0.451715, 0.461222, 0.518138, 0.542718, 0.547782, 0.665783, 0.689159, 0.771051, 0.784741, 0.938339, 0.963157, 0.970085, 0.992058, 1, 

330,7455,0.001, 0.0138873, 0.021733, 0.166927, 0.169739, 0.184623, 0.209472, 0.243427, 0.249283, 0.287089, 0.303119, 0.391284, 0.430561, 0.487228, 0.508226, 0.612198, 0.617088, 0.729648, 0.868775, 0.972813, 1, 

317,17376,0.001, 0.0644786, 0.11931, 0.191859, 0.26294, 0.297383, 0.338267, 0.376486, 0.402188, 0.500169, 0.560489, 1, 

320,15374,0.001, 0.0547773, 0.05829, 0.10714, 0.107721, 0.137176, 0.1373, 0.161991, 0.287932, 0.334998, 0.442798, 0.450805, 0.454166, 0.491575, 0.68477, 0.704661, 0.736549, 0.758759, 0.824069, 0.903292, 0.954226, 0.987501, 1, 

334,6809,0.001, 0.0124744, 0.110313, 0.137857, 0.142753, 0.194001, 0.21452, 0.286249, 0.296159, 0.301597, 0.36095, 0.374665, 0.418237, 0.476576, 0.482099, 0.528518, 0.530273, 0.53434, 0.556701, 0.755388, 0.830778, 0.853393, 0.899998, 0.929193, 0.970573, 1, 

336,5867,0.001, 0.0138873, 0.021733, 0.166927, 0.169739, 0.184623, 0.209472, 0.243427, 0.249283, 0.287089, 0.370849, 0.492888, 0.498558, 0.535239, 0.584535, 0.599532, 0.630483, 0.781036, 0.808576, 0.916506, 0.975479, 1, 

Generation #2
322,5816,0.001, 0.00834227, 0.0863792, 0.147883, 0.167145, 0.223125, 0.253669, 0.273114, 0.368767, 0.375353, 0.423815, 0.45071, 0.468863, 0.511939, 0.53848, 0.616394, 0.643348, 0.693341, 0.755388, 0.830778, 0.853393, 0.899998, 0.929193, 0.970573, 1, 

323,5027,0.001, 0.0124744, 0.0490483, 0.0576659, 0.0752863, 0.10826, 0.155454, 0.211118, 0.261684, 0.285025, 0.298895, 0.310144, 0.33194, 0.336094, 0.380958, 0.538032, 0.596745, 0.629541, 0.693905, 0.711051, 0.749045, 0.756677, 0.868879, 0.947319, 1, 

315,26343,0.001, 0.106795, 0.14342, 0.205404, 0.235274, 0.350157, 0.403342, 0.21452, 0.286249, 0.296159, 0.559567, 0.674035, 0.675478, 0.868131, 0.906241, 0.986882, 1, 

317,7341,0.001, 0.0138873, 0.021733, 0.166927, 0.169739, 0.184623, 0.209472, 0.243427, 0.249283, 0.287089, 0.700044, 0.760542, 0.811257, 0.827436, 1, 

Generation #3
307,4682,0.001, 0.0129058, 0.0287647, 0.0854038, 0.26294, 0.297383, 0.338267, 0.376486, 0.402188, 0.500169, 0.560489, 1, 

359,4413,0.001, 0.0129058, 0.0287647, 0.0854038, 0.26294, 0.297383, 0.338267, 0.376486, 0.130111, 0.156358, 0.176575, 0.178258, 0.26387, 0.286969, 0.331051, 0.387043, 0.436678, 0.445304, 0.600291, 0.628193, 0.656065, 0.661436, 0.438775, 0.818377, 0.847586, 0.850118, 0.860594, 0.86917, 0.929757, 0.938642, 1, 

Generation #4
307,4682,0.001, 0.0129058, 0.0287647, 0.0854038, 0.26294, 0.297383, 0.338267, 0.376486, 0.402188, 0.500169, 0.560489, 1, 

359,4413,0.001, 0.0129058, 0.0287647, 0.0854038, 0.26294, 0.297383, 0.338267, 0.376486, 0.130111, 0.156358, 0.176575, 0.178258, 0.26387, 0.286969, 0.331051, 0.387043, 0.436678, 0.445304, 0.600291, 0.628193, 0.656065, 0.661436, 0.438775, 0.818377, 0.847586, 0.850118, 0.860594, 0.86917, 0.929757, 0.938642, 1, 

Generation #5
307,4682,0.001, 0.0129058, 0.0287647, 0.0854038, 0.26294, 0.297383, 0.338267, 0.376486, 0.402188, 0.500169, 0.560489, 1, 

359,4413,0.001, 0.0129058, 0.0287647, 0.0854038, 0.26294, 0.297383, 0.338267, 0.376486, 0.130111, 0.156358, 0.176575, 0.178258, 0.26387, 0.286969, 0.331051, 0.387043, 0.436678, 0.445304, 0.600291, 0.628193, 0.656065, 0.661436, 0.438775, 0.818377, 0.847586, 0.850118, 0.860594, 0.86917, 0.929757, 0.938642, 1, 

331,4441,0.001, 0.0129058, 0.0287647, 0.0854038, 0.105175, 0.105871, 0.14792, 0.207287, 0.37586, 0.379065, 0.388543, 0.393634, 0.401566, 0.408739, 0.417417, 0.428209, 0.464479, 0.481876, 0.634811, 0.640288, 0.658625, 0.817, 0.82911, 0.856394, 0.970573, 1, 

Generation #6
307,4682,0.001, 0.0129058, 0.0287647, 0.0854038, 0.26294, 0.297383, 0.338267, 0.376486, 0.402188, 0.500169, 0.560489, 1, 

319,4369,0.001, 0.0129058, 0.0651061, 0.0739151, 0.130736, 0.162621, 0.178584, 0.219259, 0.223742, 0.246126, 0.323452, 0.415523, 0.438514, 0.490925, 0.491313, 0.496004, 0.695733, 0.713184, 0.758037, 0.773684, 0.888421, 0.893192, 1, 

Generation #7
307,4682,0.001, 0.0129058, 0.0287647, 0.0854038, 0.26294, 0.297383, 0.338267, 0.376486, 0.402188, 0.500169, 0.560489, 1, 

319,4369,0.001, 0.0129058, 0.0651061, 0.0739151, 0.130736, 0.162621, 0.178584, 0.219259, 0.223742, 0.246126, 0.323452, 0.415523, 0.438514, 0.490925, 0.491313, 0.496004, 0.695733, 0.713184, 0.758037, 0.773684, 0.888421, 0.893192, 1, 

298,9218,0.001, 0.0287647, 0.0854038, 0.26294, 0.297383, 0.338267, 0.376486, 0.130111, 0.156358, 0.375353, 1, 

318,4654,0.001, 0.0129058, 0.0287647, 0.0854038, 0.26294, 0.512877, 0.338267, 0.376486, 0.402188, 0.500169, 0.375353, 0.423815, 0.767296, 1, 

323,4044,0.001, 0.0124744, 0.0490483, 0.0576659, 0.0752863, 0.10826, 0.155454, 0.211118, 0.261684, 0.285025, 0.559567, 0.674035, 0.868131, 0.906241, 0.986882, 1, 

Generation #8
307,4682,0.001, 0.0129058, 0.0287647, 0.0854038, 0.26294, 0.297383, 0.338267, 0.376486, 0.402188, 0.500169, 0.560489, 1, 

319,4369,0.001, 0.0129058, 0.0651061, 0.0739151, 0.130736, 0.162621, 0.178584, 0.219259, 0.223742, 0.246126, 0.323452, 0.415523, 0.438514, 0.490925, 0.491313, 0.496004, 0.695733, 0.713184, 0.758037, 0.773684, 0.888421, 0.893192, 1, 

298,9218,0.001, 0.0287647, 0.0854038, 0.26294, 0.297383, 0.338267, 0.376486, 0.130111, 0.156358, 0.375353, 1, 

323,4044,0.001, 0.0124744, 0.0490483, 0.0576659, 0.0752863, 0.10826, 0.155454, 0.211118, 0.261684, 0.285025, 0.559567, 0.674035, 0.868131, 0.906241, 0.986882, 1, 

312,4463,0.001, 0.0129058, 0.0287647, 0.0854038, 0.105175, 0.105871, 0.169057, 0.192777, 0.249283, 0.287089, 0.370849, 0.391284, 0.430561, 0.487228, 0.508226, 0.612198, 1, 

Generation #9
307,4682,0.001, 0.0129058, 0.0287647, 0.0854038, 0.26294, 0.297383, 0.338267, 0.376486, 0.402188, 0.500169, 0.560489, 1, 

298,9218,0.001, 0.0287647, 0.0854038, 0.26294, 0.297383, 0.338267, 0.376486, 0.130111, 0.156358, 0.375353, 1, 

323,4044,0.001, 0.0124744, 0.0490483, 0.0576659, 0.0752863, 0.10826, 0.155454, 0.211118, 0.261684, 0.285025, 0.559567, 0.674035, 0.868131, 0.906241, 0.986882, 1, 

312,4345,0.001, 0.0129058, 0.0287647, 0.0576659, 0.0752863, 0.10826, 0.155454, 0.0344103, 0.356644, 0.359674, 0.370849, 0.767296, 1, 

Generation #10
307,4682,0.001, 0.0129058, 0.0287647, 0.0854038, 0.26294, 0.297383, 0.338267, 0.376486, 0.402188, 0.500169, 0.560489, 1, 

298,9218,0.001, 0.0287647, 0.0854038, 0.26294, 0.297383, 0.338267, 0.376486, 0.130111, 0.156358, 0.375353, 1, 

323,4044,0.001, 0.0124744, 0.0490483, 0.0576659, 0.0752863, 0.10826, 0.155454, 0.211118, 0.261684, 0.285025, 0.559567, 0.674035, 0.868131, 0.906241, 0.986882, 1, 

312,4345,0.001, 0.0129058, 0.0287647, 0.0576659, 0.0752863, 0.10826, 0.155454, 0.0344103, 0.356644, 0.359674, 0.370849, 0.767296, 1, 

304,4910,0.001, 0.0129058, 0.0651061, 0.0739151, 0.130736, 0.162621, 0.178584, 0.219259, 0.156358, 0.375353, 1, 

309,4494,0.001, 0.0129058, 0.0287647, 0.0576659, 0.0752863, 0.10826, 0.155454, 0.192777, 0.249283, 0.287089, 0.370849, 0.498558, 1, 

Generation #11
307,4682,0.001, 0.0129058, 0.0287647, 0.0854038, 0.26294, 0.297383, 0.338267, 0.376486, 0.402188, 0.500169, 0.560489, 1, 

298,9218,0.001, 0.0287647, 0.0854038, 0.26294, 0.297383, 0.338267, 0.376486, 0.130111, 0.156358, 0.375353, 1, 

312,4345,0.001, 0.0129058, 0.0287647, 0.0576659, 0.0752863, 0.10826, 0.155454, 0.0344103, 0.356644, 0.359674, 0.370849, 0.767296, 1, 

309,4494,0.001, 0.0129058, 0.0287647, 0.0576659, 0.0752863, 0.10826, 0.155454, 0.192777, 0.249283, 0.287089, 0.370849, 0.498558, 1, 

317,4011,0.001, 0.0129058, 0.0287647, 0.0854038, 0.118444, 0.135874, 0.338267, 0.376486, 0.402188, 0.500169, 0.560489, 1, 

303,4684,0.001, 0.0129058, 0.0287647, 0.0854038, 0.105175, 0.105871, 0.14792, 0.207287, 0.37586, 0.287089, 0.285025, 0.767296, 1, 

Generation #12
307,4682,0.001, 0.0129058, 0.0287647, 0.0854038, 0.26294, 0.297383, 0.338267, 0.376486, 0.402188, 0.500169, 0.560489, 1, 

298,9218,0.001, 0.0287647, 0.0854038, 0.26294, 0.297383, 0.338267, 0.376486, 0.130111, 0.156358, 0.375353, 1, 

312,4345,0.001, 0.0129058, 0.0287647, 0.0576659, 0.0752863, 0.10826, 0.155454, 0.0344103, 0.356644, 0.359674, 0.370849, 0.767296, 1, 

309,4494,0.001, 0.0129058, 0.0287647, 0.0576659, 0.0752863, 0.10826, 0.155454, 0.192777, 0.249283, 0.287089, 0.370849, 0.498558, 1, 

317,4011,0.001, 0.0129058, 0.0287647, 0.0854038, 0.118444, 0.135874, 0.338267, 0.376486, 0.402188, 0.500169, 0.560489, 1, 

303,4684,0.001, 0.0129058, 0.0287647, 0.0854038, 0.105175, 0.105871, 0.14792, 0.207287, 0.37586, 0.287089, 0.285025, 0.767296, 1, 

Generation #13
307,4682,0.001, 0.0129058, 0.0287647, 0.0854038, 0.26294, 0.297383, 0.338267, 0.376486, 0.402188, 0.500169, 0.560489, 1, 

298,9218,0.001, 0.0287647, 0.0854038, 0.26294, 0.297383, 0.338267, 0.376486, 0.130111, 0.156358, 0.375353, 1, 

312,4345,0.001, 0.0129058, 0.0287647, 0.0576659, 0.0752863, 0.10826, 0.155454, 0.0344103, 0.356644, 0.359674, 0.370849, 0.767296, 1, 

309,4494,0.001, 0.0129058, 0.0287647, 0.0576659, 0.0752863, 0.10826, 0.155454, 0.192777, 0.249283, 0.287089, 0.370849, 0.498558, 1, 

317,4011,0.001, 0.0129058, 0.0287647, 0.0854038, 0.118444, 0.135874, 0.338267, 0.376486, 0.402188, 0.500169, 0.560489, 1, 

303,4684,0.001, 0.0129058, 0.0287647, 0.0854038, 0.105175, 0.105871, 0.14792, 0.207287, 0.37586, 0.287089, 0.285025, 0.767296, 1, 

Generation #14
307,4682,0.001, 0.0129058, 0.0287647, 0.0854038, 0.26294, 0.297383, 0.338267, 0.376486, 0.402188, 0.500169, 0.560489, 1, 

298,9218,0.001, 0.0287647, 0.0854038, 0.26294, 0.297383, 0.338267, 0.376486, 0.130111, 0.156358, 0.375353, 1, 

312,4345,0.001, 0.0129058, 0.0287647, 0.0576659, 0.0752863, 0.10826, 0.155454, 0.0344103, 0.356644, 0.359674, 0.370849, 0.767296, 1, 

309,4494,0.001, 0.0129058, 0.0287647, 0.0576659, 0.0752863, 0.10826, 0.155454, 0.192777, 0.249283, 0.287089, 0.370849, 0.498558, 1, 

317,4011,0.001, 0.0129058, 0.0287647, 0.0854038, 0.118444, 0.135874, 0.338267, 0.376486, 0.402188, 0.500169, 0.560489, 1, 

303,4684,0.001, 0.0129058, 0.0287647, 0.0854038, 0.105175, 0.105871, 0.14792, 0.207287, 0.37586, 0.287089, 0.285025, 0.767296, 1, 

Generation #15
307,4682,0.001, 0.0129058, 0.0287647, 0.0854038, 0.26294, 0.297383, 0.338267, 0.376486, 0.402188, 0.500169, 0.560489, 1, 

298,9218,0.001, 0.0287647, 0.0854038, 0.26294, 0.297383, 0.338267, 0.376486, 0.130111, 0.156358, 0.375353, 1, 

312,4345,0.001, 0.0129058, 0.0287647, 0.0576659, 0.0752863, 0.10826, 0.155454, 0.0344103, 0.356644, 0.359674, 0.370849, 0.767296, 1, 

309,4494,0.001, 0.0129058, 0.0287647, 0.0576659, 0.0752863, 0.10826, 0.155454, 0.192777, 0.249283, 0.287089, 0.370849, 0.498558, 1, 

317,4011,0.001, 0.0129058, 0.0287647, 0.0854038, 0.118444, 0.135874, 0.338267, 0.376486, 0.402188, 0.500169, 0.560489, 1, 

303,4684,0.001, 0.0129058, 0.0287647, 0.0854038, 0.105175, 0.105871, 0.14792, 0.207287, 0.37586, 0.287089, 0.285025, 0.767296, 1, 

299,4916,0.001, 0.0129058, 0.0287647, 0.0854038, 0.105175, 0.10826, 0.155454, 0.192777, 0.249283, 0.287089, 0.370849, 0.498558, 1, 

Generation #16
307,4682,0.001, 0.0129058, 0.0287647, 0.0854038, 0.26294, 0.297383, 0.338267, 0.376486, 0.402188, 0.500169, 0.560489, 1, 

298,9218,0.001, 0.0287647, 0.0854038, 0.26294, 0.297383, 0.338267, 0.376486, 0.130111, 0.156358, 0.375353, 1, 

312,4345,0.001, 0.0129058, 0.0287647, 0.0576659, 0.0752863, 0.10826, 0.155454, 0.0344103, 0.356644, 0.359674, 0.370849, 0.767296, 1, 

309,4494,0.001, 0.0129058, 0.0287647, 0.0576659, 0.0752863, 0.10826, 0.155454, 0.192777, 0.249283, 0.287089, 0.370849, 0.498558, 1, 

317,4011,0.001, 0.0129058, 0.0287647, 0.0854038, 0.118444, 0.135874, 0.338267, 0.376486, 0.402188, 0.500169, 0.560489, 1, 

303,4684,0.001, 0.0129058, 0.0287647, 0.0854038, 0.105175, 0.105871, 0.14792, 0.207287, 0.37586, 0.287089, 0.285025, 0.767296, 1, 

299,4916,0.001, 0.0129058, 0.0287647, 0.0854038, 0.105175, 0.10826, 0.155454, 0.192777, 0.249283, 0.287089, 0.370849, 0.498558, 1, 

Generation #17
298,9218,0.001, 0.0287647, 0.0854038, 0.26294, 0.297383, 0.338267, 0.376486, 0.130111, 0.156358, 0.375353, 1, 

317,4011,0.001, 0.0129058, 0.0287647, 0.0854038, 0.118444, 0.135874, 0.338267, 0.376486, 0.402188, 0.500169, 0.560489, 1, 

303,4684,0.001, 0.0129058, 0.0287647, 0.0854038, 0.105175, 0.105871, 0.14792, 0.207287, 0.37586, 0.287089, 0.285025, 0.767296, 1, 

299,4916,0.001, 0.0129058, 0.0287647, 0.0854038, 0.105175, 0.10826, 0.155454, 0.192777, 0.249283, 0.287089, 0.370849, 0.498558, 1, 

307,4083,0.001, 0.0129058, 0.0287647, 0.0739151, 0.130736, 0.162621, 0.178584, 0.219259, 0.37586, 0.287089, 1, 

Generation #18
298,9218,0.001, 0.0287647, 0.0854038, 0.26294, 0.297383, 0.338267, 0.376486, 0.130111, 0.156358, 0.375353, 1, 

317,4011,0.001, 0.0129058, 0.0287647, 0.0854038, 0.118444, 0.135874, 0.338267, 0.376486, 0.402188, 0.500169, 0.560489, 1, 

303,4684,0.001, 0.0129058, 0.0287647, 0.0854038, 0.105175, 0.105871, 0.14792, 0.207287, 0.37586, 0.287089, 0.285025, 0.767296, 1, 

299,4916,0.001, 0.0129058, 0.0287647, 0.0854038, 0.105175, 0.10826, 0.155454, 0.192777, 0.249283, 0.287089, 0.370849, 0.498558, 1, 

307,4083,0.001, 0.0129058, 0.0287647, 0.0739151, 0.130736, 0.162621, 0.178584, 0.219259, 0.37586, 0.287089, 1, 

330,3794,0.00457032, 0.001, 0.0129058, 0.0287647, 0.0854038, 0.26294, 0.297383, 0.338267, 0.376486, 0.402188, 0.500169, 0.560489, 1, 

Generation #19
317,4011,0.001, 0.0129058, 0.0287647, 0.0854038, 0.118444, 0.135874, 0.338267, 0.376486, 0.402188, 0.500169, 0.560489, 1, 

303,4684,0.001, 0.0129058, 0.0287647, 0.0854038, 0.105175, 0.105871, 0.14792, 0.207287, 0.37586, 0.287089, 0.285025, 0.767296, 1, 

299,4916,0.001, 0.0129058, 0.0287647, 0.0854038, 0.105175, 0.10826, 0.155454, 0.192777, 0.249283, 0.287089, 0.370849, 0.498558, 1, 

297,5553,0.001, 0.0129058, 0.0287647, 0.0854038, 0.105175, 0.105871, 0.155454, 0.192777, 0.287089, 1, 

327,3653,0.00457032, 0.001, 0.0129058, 0.0287647, 0.0854038, 0.175967, 0.297383, 0.338267, 0.261684, 0.285025, 0.559567, 0.674035, 0.868131, 0.906241, 0.986882, 1, 

306,4056,0.001, 0.0129058, 0.0287647, 0.0576659, 0.0752863, 0.10826, 0.155454, 0.192777, 0.249283, 0.287089, 0.223147, 0.370849, 0.498558, 1, 

318,3713,0.00457032, 0.001, 0.0129058, 0.0287647, 0.0854038, 0.26294, 0.297383, 0.0344103, 0.356644, 0.359674, 0.767296, 1, 

Generation #20
317,4011,0.001, 0.0129058, 0.0287647, 0.0854038, 0.118444, 0.135874, 0.338267, 0.376486, 0.402188, 0.500169, 0.560489, 1, 

303,4684,0.001, 0.0129058, 0.0287647, 0.0854038, 0.105175, 0.105871, 0.14792, 0.207287, 0.37586, 0.287089, 0.285025, 0.767296, 1, 

299,4916,0.001, 0.0129058, 0.0287647, 0.0854038, 0.105175, 0.10826, 0.155454, 0.192777, 0.249283, 0.287089, 0.370849, 0.498558, 1, 

297,5553,0.001, 0.0129058, 0.0287647, 0.0854038, 0.105175, 0.105871, 0.155454, 0.192777, 0.287089, 1, 

306,4056,0.001, 0.0129058, 0.0287647, 0.0576659, 0.0752863, 0.10826, 0.155454, 0.192777, 0.249283, 0.287089, 0.223147, 0.370849, 0.498558, 1, 

318,3713,0.00457032, 0.001, 0.0129058, 0.0287647, 0.0854038, 0.26294, 0.297383, 0.0344103, 0.356644, 0.359674, 0.767296, 1, 

320,3290,0.00457032, 0.001, 0.0129058, 0.0287647, 0.0854038, 0.10826, 0.155454, 0.211118, 0.261684, 0.285025, 0.559567, 0.674035, 0.868131, 0.906241, 0.986882, 1, 

Generation #21
317,4011,0.001, 0.0129058, 0.0287647, 0.0854038, 0.118444, 0.135874, 0.338267, 0.376486, 0.402188, 0.500169, 0.560489, 1, 

303,4684,0.001, 0.0129058, 0.0287647, 0.0854038, 0.105175, 0.105871, 0.14792, 0.207287, 0.37586, 0.287089, 0.285025, 0.767296, 1, 

299,4916,0.001, 0.0129058, 0.0287647, 0.0854038, 0.105175, 0.10826, 0.155454, 0.192777, 0.249283, 0.287089, 0.370849, 0.498558, 1, 

297,5553,0.001, 0.0129058, 0.0287647, 0.0854038, 0.105175, 0.105871, 0.155454, 0.192777, 0.287089, 1, 

306,4056,0.001, 0.0129058, 0.0287647, 0.0576659, 0.0752863, 0.10826, 0.155454, 0.192777, 0.249283, 0.287089, 0.223147, 0.370849, 0.498558, 1, 

318,3713,0.00457032, 0.001, 0.0129058, 0.0287647, 0.0854038, 0.26294, 0.297383, 0.0344103, 0.356644, 0.359674, 0.767296, 1, 

320,3290,0.00457032, 0.001, 0.0129058, 0.0287647, 0.0854038, 0.10826, 0.155454, 0.211118, 0.261684, 0.285025, 0.559567, 0.674035, 0.868131, 0.906241, 0.986882, 1, 

319,3572,0.001, 0.0129058, 0.0287647, 0.0576659, 0.0752863, 0.10826, 0.155454, 0.376486, 0.402188, 0.500169, 0.560489, 1, 

Generation #22
306,4056,0.001, 0.0129058, 0.0287647, 0.0576659, 0.0752863, 0.10826, 0.155454, 0.192777, 0.249283, 0.287089, 0.223147, 0.370849, 0.498558, 1, 

320,3290,0.00457032, 0.001, 0.0129058, 0.0287647, 0.0854038, 0.10826, 0.155454, 0.211118, 0.261684, 0.285025, 0.559567, 0.674035, 0.868131, 0.906241, 0.986882, 1, 

319,3572,0.001, 0.0129058, 0.0287647, 0.0576659, 0.0752863, 0.10826, 0.155454, 0.376486, 0.402188, 0.500169, 0.560489, 1, 

317,3632,0.00457032, 0.001, 0.0129058, 0.0576659, 0.0752863, 0.10826, 0.155454, 0.0344103, 0.356644, 0.359674, 0.370849, 0.767296, 1, 

297,4265,0.001, 0.0129058, 0.0287647, 0.0576659, 0.0752863, 0.10826, 0.192777, 0.249283, 0.287089, 0.661461, 0.370849, 0.498558, 1, 

325,3260,0.00457032, 0.0129058, 0.0287647, 0.0576659, 0.0752863, 0.10826, 0.155454, 0.356644, 0.359674, 0.370849, 0.767296, 1, 

Generation #23
306,4056,0.001, 0.0129058, 0.0287647, 0.0576659, 0.0752863, 0.10826, 0.155454, 0.192777, 0.249283, 0.287089, 0.223147, 0.370849, 0.498558, 1, 

297,4265,0.001, 0.0129058, 0.0287647, 0.0576659, 0.0752863, 0.10826, 0.192777, 0.249283, 0.287089, 0.661461, 0.370849, 0.498558, 1, 

315,3572,0.00457032, 0.001, 0.0129058, 0.0287647, 0.0854038, 0.10826, 0.10826, 0.155454, 0.356644, 0.287089, 0.370849, 0.498558, 1, 

316,2956,0.00457032, 0.001, 0.0129058, 0.0576659, 0.0752863, 0.10826, 0.155454, 0.0788854, 0.130111, 0.359674, 0.370849, 0.767296, 1, 

314,3646,0.00457032, 0.001, 0.0129058, 0.0287647, 0.105175, 0.10826, 0.155454, 0.211118, 0.261684, 0.285025, 0.559567, 0.674035, 0.868131, 0.906241, 0.986882, 1, 

Generation #24
306,4056,0.001, 0.0129058, 0.0287647, 0.0576659, 0.0752863, 0.10826, 0.155454, 0.192777, 0.249283, 0.287089, 0.223147, 0.370849, 0.498558, 1, 

297,4265,0.001, 0.0129058, 0.0287647, 0.0576659, 0.0752863, 0.10826, 0.192777, 0.249283, 0.287089, 0.661461, 0.370849, 0.498558, 1, 

316,2956,0.00457032, 0.001, 0.0129058, 0.0576659, 0.0752863, 0.10826, 0.155454, 0.0788854, 0.130111, 0.359674, 0.370849, 0.767296, 1, 

324,2952,0.00457032, 0.001, 0.0129058, 0.0287647, 0.0854038, 0.10826, 0.10826, 0.0344103, 0.356644, 0.359674, 0.767296, 1, 

309,3291,0.00457032, 0.001, 0.0129058, 0.0576659, 0.0752863, 0.10826, 0.10826, 0.311707, 0.155454, 0.356644, 0.287089, 0.370849, 0.498558, 1, 

Generation #25
306,4056,0.001, 0.0129058, 0.0287647, 0.0576659, 0.0752863, 0.10826, 0.155454, 0.192777, 0.249283, 0.287089, 0.223147, 0.370849, 0.498558, 1, 

297,4265,0.001, 0.0129058, 0.0287647, 0.0576659, 0.0752863, 0.10826, 0.192777, 0.249283, 0.287089, 0.661461, 0.370849, 0.498558, 1, 

316,2956,0.00457032, 0.001, 0.0129058, 0.0576659, 0.0752863, 0.10826, 0.155454, 0.0788854, 0.130111, 0.359674, 0.370849, 0.767296, 1, 

324,2952,0.00457032, 0.001, 0.0129058, 0.0287647, 0.0854038, 0.10826, 0.10826, 0.0344103, 0.356644, 0.359674, 0.767296, 1, 

309,3291,0.00457032, 0.001, 0.0129058, 0.0576659, 0.0752863, 0.10826, 0.10826, 0.311707, 0.155454, 0.356644, 0.287089, 0.370849, 0.498558, 1, 

Generation #26
306,4056,0.001, 0.0129058, 0.0287647, 0.0576659, 0.0752863, 0.10826, 0.155454, 0.192777, 0.249283, 0.287089, 0.223147, 0.370849, 0.498558, 1, 

297,4265,0.001, 0.0129058, 0.0287647, 0.0576659, 0.0752863, 0.10826, 0.192777, 0.249283, 0.287089, 0.661461, 0.370849, 0.498558, 1, 

316,2956,0.00457032, 0.001, 0.0129058, 0.0576659, 0.0752863, 0.10826, 0.155454, 0.0788854, 0.130111, 0.359674, 0.370849, 0.767296, 1, 

324,2952,0.00457032, 0.001, 0.0129058, 0.0287647, 0.0854038, 0.10826, 0.10826, 0.0344103, 0.356644, 0.359674, 0.767296, 1, 

309,3291,0.00457032, 0.001, 0.0129058, 0.0576659, 0.0752863, 0.10826, 0.10826, 0.311707, 0.155454, 0.356644, 0.287089, 0.370849, 0.498558, 1, 

310,2972,0.00457032, 0.001, 0.0129058, 0.0576659, 0.0752863, 0.10826, 0.155454, 0.0788854, 0.130111, 0.287089, 0.223147, 0.370849, 0.498558, 1, 

Generation #27
306,4056,0.001, 0.0129058, 0.0287647, 0.0576659, 0.0752863, 0.10826, 0.155454, 0.192777, 0.249283, 0.287089, 0.223147, 0.370849, 0.498558, 1, 

297,4265,0.001, 0.0129058, 0.0287647, 0.0576659, 0.0752863, 0.10826, 0.192777, 0.249283, 0.287089, 0.661461, 0.370849, 0.498558, 1, 

316,2956,0.00457032, 0.001, 0.0129058, 0.0576659, 0.0752863, 0.10826, 0.155454, 0.0788854, 0.130111, 0.359674, 0.370849, 0.767296, 1, 

324,2952,0.00457032, 0.001, 0.0129058, 0.0287647, 0.0854038, 0.10826, 0.10826, 0.0344103, 0.356644, 0.359674, 0.767296, 1, 

310,2972,0.00457032, 0.001, 0.0129058, 0.0576659, 0.0752863, 0.10826, 0.155454, 0.0788854, 0.130111, 0.287089, 0.223147, 0.370849, 0.498558, 1, 

308,3083,0.00457032, 0.001, 0.0129058, 0.0287647, 0.0752863, 0.10826, 0.338267, 0.376486, 0.402188, 0.500169, 0.560489, 1, 

305,4123,0.00457032, 0.001, 0.0129058, 0.0576659, 0.0752863, 0.10826, 0.155454, 0.192777, 0.249283, 0.287089, 0.223147, 0.370849, 0.498558, 1, 

292,5066,0.001, 0.0129058, 0.0287647, 0.0854038, 0.0752863, 0.10826, 0.155454, 0.192777, 0.249283, 0.287089, 0.370849, 0.498558, 1, 

Generation #28
306,4056,0.001, 0.0129058, 0.0287647, 0.0576659, 0.0752863, 0.10826, 0.155454, 0.192777, 0.249283, 0.287089, 0.223147, 0.370849, 0.498558, 1, 

297,4265,0.001, 0.0129058, 0.0287647, 0.0576659, 0.0752863, 0.10826, 0.192777, 0.249283, 0.287089, 0.661461, 0.370849, 0.498558, 1, 

316,2956,0.00457032, 0.001, 0.0129058, 0.0576659, 0.0752863, 0.10826, 0.155454, 0.0788854, 0.130111, 0.359674, 0.370849, 0.767296, 1, 

324,2952,0.00457032, 0.001, 0.0129058, 0.0287647, 0.0854038, 0.10826, 0.10826, 0.0344103, 0.356644, 0.359674, 0.767296, 1, 

310,2972,0.00457032, 0.001, 0.0129058, 0.0576659, 0.0752863, 0.10826, 0.155454, 0.0788854, 0.130111, 0.287089, 0.223147, 0.370849, 0.498558, 1, 

308,3083,0.00457032, 0.001, 0.0129058, 0.0287647, 0.0752863, 0.10826, 0.338267, 0.376486, 0.402188, 0.500169, 0.560489, 1, 

305,4123,0.00457032, 0.001, 0.0129058, 0.0576659, 0.0752863, 0.10826, 0.155454, 0.192777, 0.249283, 0.287089, 0.223147, 0.370849, 0.498558, 1, 

292,5066,0.001, 0.0129058, 0.0287647, 0.0854038, 0.0752863, 0.10826, 0.155454, 0.192777, 0.249283, 0.287089, 0.370849, 0.498558, 1, 

Generation #29
306,4056,0.001, 0.0129058, 0.0287647, 0.0576659, 0.0752863, 0.10826, 0.155454, 0.192777, 0.249283, 0.287089, 0.223147, 0.370849, 0.498558, 1, 

297,4265,0.001, 0.0129058, 0.0287647, 0.0576659, 0.0752863, 0.10826, 0.192777, 0.249283, 0.287089, 0.661461, 0.370849, 0.498558, 1, 

316,2956,0.00457032, 0.001, 0.0129058, 0.0576659, 0.0752863, 0.10826, 0.155454, 0.0788854, 0.130111, 0.359674, 0.370849, 0.767296, 1, 

324,2952,0.00457032, 0.001, 0.0129058, 0.0287647, 0.0854038, 0.10826, 0.10826, 0.0344103, 0.356644, 0.359674, 0.767296, 1, 

310,2972,0.00457032, 0.001, 0.0129058, 0.0576659, 0.0752863, 0.10826, 0.155454, 0.0788854, 0.130111, 0.287089, 0.223147, 0.370849, 0.498558, 1, 

308,3083,0.00457032, 0.001, 0.0129058, 0.0287647, 0.0752863, 0.10826, 0.338267, 0.376486, 0.402188, 0.500169, 0.560489, 1, 

305,4123,0.00457032, 0.001, 0.0129058, 0.0576659, 0.0752863, 0.10826, 0.155454, 0.192777, 0.249283, 0.287089, 0.223147, 0.370849, 0.498558, 1, 

292,5066,0.001, 0.0129058, 0.0287647, 0.0854038, 0.0752863, 0.10826, 0.155454, 0.192777, 0.249283, 0.287089, 0.370849, 0.498558, 1, 

335,2618,0.00457032, 0.001, 0.0129058, 0.0287647, 0.0752863, 0.10826, 0.155454, 0.0788854, 0.130111, 0.287089, 0.223147, 0.370849, 0.498558, 1, 

Generation #30
297,4265,0.001, 0.0129058, 0.0287647, 0.0576659, 0.0752863, 0.10826, 0.192777, 0.249283, 0.287089, 0.661461, 0.370849, 0.498558, 1, 

316,2956,0.00457032, 0.001, 0.0129058, 0.0576659, 0.0752863, 0.10826, 0.155454, 0.0788854, 0.130111, 0.359674, 0.370849, 0.767296, 1, 

324,2952,0.00457032, 0.001, 0.0129058, 0.0287647, 0.0854038, 0.10826, 0.10826, 0.0344103, 0.356644, 0.359674, 0.767296, 1, 

310,2972,0.00457032, 0.001, 0.0129058, 0.0576659, 0.0752863, 0.10826, 0.155454, 0.0788854, 0.130111, 0.287089, 0.223147, 0.370849, 0.498558, 1, 

308,3083,0.00457032, 0.001, 0.0129058, 0.0287647, 0.0752863, 0.10826, 0.338267, 0.376486, 0.402188, 0.500169, 0.560489, 1, 

292,5066,0.001, 0.0129058, 0.0287647, 0.0854038, 0.0752863, 0.10826, 0.155454, 0.192777, 0.249283, 0.287089, 0.370849, 0.498558, 1, 

335,2618,0.00457032, 0.001, 0.0129058, 0.0287647, 0.0752863, 0.10826, 0.155454, 0.0788854, 0.130111, 0.287089, 0.223147, 0.370849, 0.498558, 1, 

305,3583,0.00457032, 0.001, 0.0129058, 0.0287647, 0.0752863, 0.10826, 0.155454, 0.356644, 0.359674, 0.370849, 0.084348, 0.767296, 1, 

Generation #31
297,4265,0.001, 0.0129058, 0.0287647, 0.0576659, 0.0752863, 0.10826, 0.192777, 0.249283, 0.287089, 0.661461, 0.370849, 0.498558, 1, 

316,2956,0.00457032, 0.001, 0.0129058, 0.0576659, 0.0752863, 0.10826, 0.155454, 0.0788854, 0.130111, 0.359674, 0.370849, 0.767296, 1, 

324,2952,0.00457032, 0.001, 0.0129058, 0.0287647, 0.0854038, 0.10826, 0.10826, 0.0344103, 0.356644, 0.359674, 0.767296, 1, 

310,2972,0.00457032, 0.001, 0.0129058, 0.0576659, 0.0752863, 0.10826, 0.155454, 0.0788854, 0.130111, 0.287089, 0.223147, 0.370849, 0.498558, 1, 

308,3083,0.00457032, 0.001, 0.0129058, 0.0287647, 0.0752863, 0.10826, 0.338267, 0.376486, 0.402188, 0.500169, 0.560489, 1, 

292,5066,0.001, 0.0129058, 0.0287647, 0.0854038, 0.0752863, 0.10826, 0.155454, 0.192777, 0.249283, 0.287089, 0.370849, 0.498558, 1, 

335,2618,0.00457032, 0.001, 0.0129058, 0.0287647, 0.0752863, 0.10826, 0.155454, 0.0788854, 0.130111, 0.287089, 0.223147, 0.370849, 0.498558, 1, 

305,3583,0.00457032, 0.001, 0.0129058, 0.0287647, 0.0752863, 0.10826, 0.155454, 0.356644, 0.359674, 0.370849, 0.084348, 0.767296, 1, 

327,2860,0.00457032, 0.001, 0.0129058, 0.0287647, 0.0854038, 0.105871, 0.155454, 0.192777, 0.249283, 0.287089, 0.370849, 0.498558, 1, 

Generation #32
297,4265,0.001, 0.0129058, 0.0287647, 0.0576659, 0.0752863, 0.10826, 0.192777, 0.249283, 0.287089, 0.661461, 0.370849, 0.498558, 1, 

316,2956,0.00457032, 0.001, 0.0129058, 0.0576659, 0.0752863, 0.10826, 0.155454, 0.0788854, 0.130111, 0.359674, 0.370849, 0.767296, 1, 

324,2952,0.00457032, 0.001, 0.0129058, 0.0287647, 0.0854038, 0.10826, 0.10826, 0.0344103, 0.356644, 0.359674, 0.767296, 1, 

310,2972,0.00457032, 0.001, 0.0129058, 0.0576659, 0.0752863, 0.10826, 0.155454, 0.0788854, 0.130111, 0.287089, 0.223147, 0.370849, 0.498558, 1, 

308,3083,0.00457032, 0.001, 0.0129058, 0.0287647, 0.0752863, 0.10826, 0.338267, 0.376486, 0.402188, 0.500169, 0.560489, 1, 

292,5066,0.001, 0.0129058, 0.0287647, 0.0854038, 0.0752863, 0.10826, 0.155454, 0.192777, 0.249283, 0.287089, 0.370849, 0.498558, 1, 

335,2618,0.00457032, 0.001, 0.0129058, 0.0287647, 0.0752863, 0.10826, 0.155454, 0.0788854, 0.130111, 0.287089, 0.223147, 0.370849, 0.498558, 1, 

305,3583,0.00457032, 0.001, 0.0129058, 0.0287647, 0.0752863, 0.10826, 0.155454, 0.356644, 0.359674, 0.370849, 0.084348, 0.767296, 1, 

327,2860,0.00457032, 0.001, 0.0129058, 0.0287647, 0.0854038, 0.105871, 0.155454, 0.192777, 0.249283, 0.287089, 0.370849, 0.498558, 1, 

Generation #33
297,4265,0.001, 0.0129058, 0.0287647, 0.0576659, 0.0752863, 0.10826, 0.192777, 0.249283, 0.287089, 0.661461, 0.370849, 0.498558, 1, 

316,2956,0.00457032, 0.001, 0.0129058, 0.0576659, 0.0752863, 0.10826, 0.155454, 0.0788854, 0.130111, 0.359674, 0.370849, 0.767296, 1, 

324,2952,0.00457032, 0.001, 0.0129058, 0.0287647, 0.0854038, 0.10826, 0.10826, 0.0344103, 0.356644, 0.359674, 0.767296, 1, 

310,2972,0.00457032, 0.001, 0.0129058, 0.0576659, 0.0752863, 0.10826, 0.155454, 0.0788854, 0.130111, 0.287089, 0.223147, 0.370849, 0.498558, 1, 

308,3083,0.00457032, 0.001, 0.0129058, 0.0287647, 0.0752863, 0.10826, 0.338267, 0.376486, 0.402188, 0.500169, 0.560489, 1, 

292,5066,0.001, 0.0129058, 0.0287647, 0.0854038, 0.0752863, 0.10826, 0.155454, 0.192777, 0.249283, 0.287089, 0.370849, 0.498558, 1, 

335,2618,0.00457032, 0.001, 0.0129058, 0.0287647, 0.0752863, 0.10826, 0.155454, 0.0788854, 0.130111, 0.287089, 0.223147, 0.370849, 0.498558, 1, 

305,3583,0.00457032, 0.001, 0.0129058, 0.0287647, 0.0752863, 0.10826, 0.155454, 0.356644, 0.359674, 0.370849, 0.084348, 0.767296, 1, 

327,2860,0.00457032, 0.001, 0.0129058, 0.0287647, 0.0854038, 0.105871, 0.155454, 0.192777, 0.249283, 0.287089, 0.370849, 0.498558, 1, 

Generation #34
297,4265,0.001, 0.0129058, 0.0287647, 0.0576659, 0.0752863, 0.10826, 0.192777, 0.249283, 0.287089, 0.661461, 0.370849, 0.498558, 1, 

324,2952,0.00457032, 0.001, 0.0129058, 0.0287647, 0.0854038, 0.10826, 0.10826, 0.0344103, 0.356644, 0.359674, 0.767296, 1, 

310,2972,0.00457032, 0.001, 0.0129058, 0.0576659, 0.0752863, 0.10826, 0.155454, 0.0788854, 0.130111, 0.287089, 0.223147, 0.370849, 0.498558, 1, 

308,3083,0.00457032, 0.001, 0.0129058, 0.0287647, 0.0752863, 0.10826, 0.338267, 0.376486, 0.402188, 0.500169, 0.560489, 1, 

292,5066,0.001, 0.0129058, 0.0287647, 0.0854038, 0.0752863, 0.10826, 0.155454, 0.192777, 0.249283, 0.287089, 0.370849, 0.498558, 1, 

335,2618,0.00457032, 0.001, 0.0129058, 0.0287647, 0.0752863, 0.10826, 0.155454, 0.0788854, 0.130111, 0.287089, 0.223147, 0.370849, 0.498558, 1, 

305,3583,0.00457032, 0.001, 0.0129058, 0.0287647, 0.0752863, 0.10826, 0.155454, 0.356644, 0.359674, 0.370849, 0.084348, 0.767296, 1, 

327,2860,0.00457032, 0.001, 0.0129058, 0.0287647, 0.0854038, 0.105871, 0.155454, 0.192777, 0.249283, 0.287089, 0.370849, 0.498558, 1, 

315,2954,0.00457032, 0.001, 0.0129058, 0.0287647, 0.0752863, 0.0755066, 0.10826, 0.155454, 0.192777, 0.249283, 0.287089, 0.370849, 0.498558, 1, 

Generation #35
297,4265,0.001, 0.0129058, 0.0287647, 0.0576659, 0.0752863, 0.10826, 0.192777, 0.249283, 0.287089, 0.661461, 0.370849, 0.498558, 1, 

292,5066,0.001, 0.0129058, 0.0287647, 0.0854038, 0.0752863, 0.10826, 0.155454, 0.192777, 0.249283, 0.287089, 0.370849, 0.498558, 1, 

305,3583,0.00457032, 0.001, 0.0129058, 0.0287647, 0.0752863, 0.10826, 0.155454, 0.356644, 0.359674, 0.370849, 0.084348, 0.767296, 1, 

307,2509,0.00457032, 0.001, 0.0129058, 0.0287647, 0.0752863, 0.0755066, 0.10826, 0.155454, 0.192777, 0.287089, 0.370849, 0.498558, 1, 

Generation #36
297,4265,0.001, 0.0129058, 0.0287647, 0.0576659, 0.0752863, 0.10826, 0.192777, 0.249283, 0.287089, 0.661461, 0.370849, 0.498558, 1, 

292,5066,0.001, 0.0129058, 0.0287647, 0.0854038, 0.0752863, 0.10826, 0.155454, 0.192777, 0.249283, 0.287089, 0.370849, 0.498558, 1, 

307,2509,0.00457032, 0.001, 0.0129058, 0.0287647, 0.0752863, 0.0755066, 0.10826, 0.155454, 0.192777, 0.287089, 0.370849, 0.498558, 1, 

300,3301,0.00457032, 0.001, 0.0129058, 0.0287647, 0.0752863, 0.10826, 0.155454, 0.192777, 0.249283, 0.287089, 0.285025, 0.767296, 1, 

Generation #37
297,4265,0.001, 0.0129058, 0.0287647, 0.0576659, 0.0752863, 0.10826, 0.192777, 0.249283, 0.287089, 0.661461, 0.370849, 0.498558, 1, 

292,5066,0.001, 0.0129058, 0.0287647, 0.0854038, 0.0752863, 0.10826, 0.155454, 0.192777, 0.249283, 0.287089, 0.370849, 0.498558, 1, 

307,2509,0.00457032, 0.001, 0.0129058, 0.0287647, 0.0752863, 0.0755066, 0.10826, 0.155454, 0.192777, 0.287089, 0.370849, 0.498558, 1, 

300,3301,0.00457032, 0.001, 0.0129058, 0.0287647, 0.0752863, 0.10826, 0.155454, 0.192777, 0.249283, 0.287089, 0.285025, 0.767296, 1, 

Generation #38
297,4265,0.001, 0.0129058, 0.0287647, 0.0576659, 0.0752863, 0.10826, 0.192777, 0.249283, 0.287089, 0.661461, 0.370849, 0.498558, 1, 

292,5066,0.001, 0.0129058, 0.0287647, 0.0854038, 0.0752863, 0.10826, 0.155454, 0.192777, 0.249283, 0.287089, 0.370849, 0.498558, 1, 

307,2509,0.00457032, 0.001, 0.0129058, 0.0287647, 0.0752863, 0.0755066, 0.10826, 0.155454, 0.192777, 0.287089, 0.370849, 0.498558, 1, 

300,3301,0.00457032, 0.001, 0.0129058, 0.0287647, 0.0752863, 0.10826, 0.155454, 0.192777, 0.249283, 0.287089, 0.285025, 0.767296, 1, 

303,3223,0.00457032, 0.001, 0.0129058, 0.0287647, 0.0752863, 0.10826, 0.155454, 0.192777, 0.249283, 0.287089, 0.223147, 0.370849, 0.498558, 1, 

Generation #39
297,4265,0.001, 0.0129058, 0.0287647, 0.0576659, 0.0752863, 0.10826, 0.192777, 0.249283, 0.287089, 0.661461, 0.370849, 0.498558, 1, 

292,5066,0.001, 0.0129058, 0.0287647, 0.0854038, 0.0752863, 0.10826, 0.155454, 0.192777, 0.249283, 0.287089, 0.370849, 0.498558, 1, 

307,2509,0.00457032, 0.001, 0.0129058, 0.0287647, 0.0752863, 0.0755066, 0.10826, 0.155454, 0.192777, 0.287089, 0.370849, 0.498558, 1, 

300,3301,0.00457032, 0.001, 0.0129058, 0.0287647, 0.0752863, 0.10826, 0.155454, 0.192777, 0.249283, 0.287089, 0.285025, 0.767296, 1, 

303,3223,0.00457032, 0.001, 0.0129058, 0.0287647, 0.0752863, 0.10826, 0.155454, 0.192777, 0.249283, 0.287089, 0.223147, 0.370849, 0.498558, 1, 

Generation #40
297,4265,0.001, 0.0129058, 0.0287647, 0.0576659, 0.0752863, 0.10826, 0.192777, 0.249283, 0.287089, 0.661461, 0.370849, 0.498558, 1, 

292,5066,0.001, 0.0129058, 0.0287647, 0.0854038, 0.0752863, 0.10826, 0.155454, 0.192777, 0.249283, 0.287089, 0.370849, 0.498558, 1, 

307,2509,0.00457032, 0.001, 0.0129058, 0.0287647, 0.0752863, 0.0755066, 0.10826, 0.155454, 0.192777, 0.287089, 0.370849, 0.498558, 1, 

300,3301,0.00457032, 0.001, 0.0129058, 0.0287647, 0.0752863, 0.10826, 0.155454, 0.192777, 0.249283, 0.287089, 0.285025, 0.767296, 1, 

303,3223,0.00457032, 0.001, 0.0129058, 0.0287647, 0.0752863, 0.10826, 0.155454, 0.192777, 0.249283, 0.287089, 0.223147, 0.370849, 0.498558, 1, 

Generation #41
297,4265,0.001, 0.0129058, 0.0287647, 0.0576659, 0.0752863, 0.10826, 0.192777, 0.249283, 0.287089, 0.661461, 0.370849, 0.498558, 1, 

292,5066,0.001, 0.0129058, 0.0287647, 0.0854038, 0.0752863, 0.10826, 0.155454, 0.192777, 0.249283, 0.287089, 0.370849, 0.498558, 1, 

307,2509,0.00457032, 0.001, 0.0129058, 0.0287647, 0.0752863, 0.0755066, 0.10826, 0.155454, 0.192777, 0.287089, 0.370849, 0.498558, 1, 

300,3301,0.00457032, 0.001, 0.0129058, 0.0287647, 0.0752863, 0.10826, 0.155454, 0.192777, 0.249283, 0.287089, 0.285025, 0.767296, 1, 

303,3223,0.00457032, 0.001, 0.0129058, 0.0287647, 0.0752863, 0.10826, 0.155454, 0.192777, 0.249283, 0.287089, 0.223147, 0.370849, 0.498558, 1, 

Generation #42
297,4265,0.001, 0.0129058, 0.0287647, 0.0576659, 0.0752863, 0.10826, 0.192777, 0.249283, 0.287089, 0.661461, 0.370849, 0.498558, 1, 

292,5066,0.001, 0.0129058, 0.0287647, 0.0854038, 0.0752863, 0.10826, 0.155454, 0.192777, 0.249283, 0.287089, 0.370849, 0.498558, 1, 

307,2509,0.00457032, 0.001, 0.0129058, 0.0287647, 0.0752863, 0.0755066, 0.10826, 0.155454, 0.192777, 0.287089, 0.370849, 0.498558, 1, 

300,3301,0.00457032, 0.001, 0.0129058, 0.0287647, 0.0752863, 0.10826, 0.155454, 0.192777, 0.249283, 0.287089, 0.285025, 0.767296, 1, 

303,3223,0.00457032, 0.001, 0.0129058, 0.0287647, 0.0752863, 0.10826, 0.155454, 0.192777, 0.249283, 0.287089, 0.223147, 0.370849, 0.498558, 1, 

Generation #43
297,4265,0.001, 0.0129058, 0.0287647, 0.0576659, 0.0752863, 0.10826, 0.192777, 0.249283, 0.287089, 0.661461, 0.370849, 0.498558, 1, 

292,5066,0.001, 0.0129058, 0.0287647, 0.0854038, 0.0752863, 0.10826, 0.155454, 0.192777, 0.249283, 0.287089, 0.370849, 0.498558, 1, 

307,2509,0.00457032, 0.001, 0.0129058, 0.0287647, 0.0752863, 0.0755066, 0.10826, 0.155454, 0.192777, 0.287089, 0.370849, 0.498558, 1, 

300,3301,0.00457032, 0.001, 0.0129058, 0.0287647, 0.0752863, 0.10826, 0.155454, 0.192777, 0.249283, 0.287089, 0.285025, 0.767296, 1, 

303,3223,0.00457032, 0.001, 0.0129058, 0.0287647, 0.0752863, 0.10826, 0.155454, 0.192777, 0.249283, 0.287089, 0.223147, 0.370849, 0.498558, 1, 

Generation #44
297,4265,0.001, 0.0129058, 0.0287647, 0.0576659, 0.0752863, 0.10826, 0.192777, 0.249283, 0.287089, 0.661461, 0.370849, 0.498558, 1, 

292,5066,0.001, 0.0129058, 0.0287647, 0.0854038, 0.0752863, 0.10826, 0.155454, 0.192777, 0.249283, 0.287089, 0.370849, 0.498558, 1, 

307,2509,0.00457032, 0.001, 0.0129058, 0.0287647, 0.0752863, 0.0755066, 0.10826, 0.155454, 0.192777, 0.287089, 0.370849, 0.498558, 1, 

300,3301,0.00457032, 0.001, 0.0129058, 0.0287647, 0.0752863, 0.10826, 0.155454, 0.192777, 0.249283, 0.287089, 0.285025, 0.767296, 1, 

303,3223,0.00457032, 0.001, 0.0129058, 0.0287647, 0.0752863, 0.10826, 0.155454, 0.192777, 0.249283, 0.287089, 0.223147, 0.370849, 0.498558, 1, 

295,4821,0.001, 0.0129058, 0.0287647, 0.0854038, 0.0752863, 0.10826, 0.155454, 0.0788854, 0.130111, 0.287089, 0.223147, 0.370849, 0.498558, 1, 

Generation #45
297,4265,0.001, 0.0129058, 0.0287647, 0.0576659, 0.0752863, 0.10826, 0.192777, 0.249283, 0.287089, 0.661461, 0.370849, 0.498558, 1, 

292,5066,0.001, 0.0129058, 0.0287647, 0.0854038, 0.0752863, 0.10826, 0.155454, 0.192777, 0.249283, 0.287089, 0.370849, 0.498558, 1, 

307,2509,0.00457032, 0.001, 0.0129058, 0.0287647, 0.0752863, 0.0755066, 0.10826, 0.155454, 0.192777, 0.287089, 0.370849, 0.498558, 1, 

300,3301,0.00457032, 0.001, 0.0129058, 0.0287647, 0.0752863, 0.10826, 0.155454, 0.192777, 0.249283, 0.287089, 0.285025, 0.767296, 1, 

303,3223,0.00457032, 0.001, 0.0129058, 0.0287647, 0.0752863, 0.10826, 0.155454, 0.192777, 0.249283, 0.287089, 0.223147, 0.370849, 0.498558, 1, 

295,4821,0.001, 0.0129058, 0.0287647, 0.0854038, 0.0752863, 0.10826, 0.155454, 0.0788854, 0.130111, 0.287089, 0.223147, 0.370849, 0.498558, 1, 

Generation #46
297,4265,0.001, 0.0129058, 0.0287647, 0.0576659, 0.0752863, 0.10826, 0.192777, 0.249283, 0.287089, 0.661461, 0.370849, 0.498558, 1, 

292,5066,0.001, 0.0129058, 0.0287647, 0.0854038, 0.0752863, 0.10826, 0.155454, 0.192777, 0.249283, 0.287089, 0.370849, 0.498558, 1, 

307,2509,0.00457032, 0.001, 0.0129058, 0.0287647, 0.0752863, 0.0755066, 0.10826, 0.155454, 0.192777, 0.287089, 0.370849, 0.498558, 1, 

300,3301,0.00457032, 0.001, 0.0129058, 0.0287647, 0.0752863, 0.10826, 0.155454, 0.192777, 0.249283, 0.287089, 0.285025, 0.767296, 1, 

303,3223,0.00457032, 0.001, 0.0129058, 0.0287647, 0.0752863, 0.10826, 0.155454, 0.192777, 0.249283, 0.287089, 0.223147, 0.370849, 0.498558, 1, 

295,4821,0.001, 0.0129058, 0.0287647, 0.0854038, 0.0752863, 0.10826, 0.155454, 0.0788854, 0.130111, 0.287089, 0.223147, 0.370849, 0.498558, 1, 

Generation #47
297,4265,0.001, 0.0129058, 0.0287647, 0.0576659, 0.0752863, 0.10826, 0.192777, 0.249283, 0.287089, 0.661461, 0.370849, 0.498558, 1, 

292,5066,0.001, 0.0129058, 0.0287647, 0.0854038, 0.0752863, 0.10826, 0.155454, 0.192777, 0.249283, 0.287089, 0.370849, 0.498558, 1, 

307,2509,0.00457032, 0.001, 0.0129058, 0.0287647, 0.0752863, 0.0755066, 0.10826, 0.155454, 0.192777, 0.287089, 0.370849, 0.498558, 1, 

300,3301,0.00457032, 0.001, 0.0129058, 0.0287647, 0.0752863, 0.10826, 0.155454, 0.192777, 0.249283, 0.287089, 0.285025, 0.767296, 1, 

303,3223,0.00457032, 0.001, 0.0129058, 0.0287647, 0.0752863, 0.10826, 0.155454, 0.192777, 0.249283, 0.287089, 0.223147, 0.370849, 0.498558, 1, 

295,4821,0.001, 0.0129058, 0.0287647, 0.0854038, 0.0752863, 0.10826, 0.155454, 0.0788854, 0.130111, 0.287089, 0.223147, 0.370849, 0.498558, 1, 

321,2267,0.00457032, 0.001, 0.0129058, 0.0287647, 0.0752863, 0.10826, 0.155454, 0.0788854, 0.249283, 0.287089, 0.370849, 0.136984, 0.498558, 1, 

Generation #48
297,4265,0.001, 0.0129058, 0.0287647, 0.0576659, 0.0752863, 0.10826, 0.192777, 0.249283, 0.287089, 0.661461, 0.370849, 0.498558, 1, 

292,5066,0.001, 0.0129058, 0.0287647, 0.0854038, 0.0752863, 0.10826, 0.155454, 0.192777, 0.249283, 0.287089, 0.370849, 0.498558, 1, 

307,2509,0.00457032, 0.001, 0.0129058, 0.0287647, 0.0752863, 0.0755066, 0.10826, 0.155454, 0.192777, 0.287089, 0.370849, 0.498558, 1, 

300,3301,0.00457032, 0.001, 0.0129058, 0.0287647, 0.0752863, 0.10826, 0.155454, 0.192777, 0.249283, 0.287089, 0.285025, 0.767296, 1, 

303,3223,0.00457032, 0.001, 0.0129058, 0.0287647, 0.0752863, 0.10826, 0.155454, 0.192777, 0.249283, 0.287089, 0.223147, 0.370849, 0.498558, 1, 

295,4821,0.001, 0.0129058, 0.0287647, 0.0854038, 0.0752863, 0.10826, 0.155454, 0.0788854, 0.130111, 0.287089, 0.223147, 0.370849, 0.498558, 1, 

321,2267,0.00457032, 0.001, 0.0129058, 0.0287647, 0.0752863, 0.10826, 0.155454, 0.0788854, 0.249283, 0.287089, 0.370849, 0.136984, 0.498558, 1, 

Generation #49
297,4265,0.001, 0.0129058, 0.0287647, 0.0576659, 0.0752863, 0.10826, 0.192777, 0.249283, 0.287089, 0.661461, 0.370849, 0.498558, 1, 

292,5066,0.001, 0.0129058, 0.0287647, 0.0854038, 0.0752863, 0.10826, 0.155454, 0.192777, 0.249283, 0.287089, 0.370849, 0.498558, 1, 

307,2509,0.00457032, 0.001, 0.0129058, 0.0287647, 0.0752863, 0.0755066, 0.10826, 0.155454, 0.192777, 0.287089, 0.370849, 0.498558, 1, 

300,3301,0.00457032, 0.001, 0.0129058, 0.0287647, 0.0752863, 0.10826, 0.155454, 0.192777, 0.249283, 0.287089, 0.285025, 0.767296, 1, 

303,3223,0.00457032, 0.001, 0.0129058, 0.0287647, 0.0752863, 0.10826, 0.155454, 0.192777, 0.249283, 0.287089, 0.223147, 0.370849, 0.498558, 1, 

295,4821,0.001, 0.0129058, 0.0287647, 0.0854038, 0.0752863, 0.10826, 0.155454, 0.0788854, 0.130111, 0.287089, 0.223147, 0.370849, 0.498558, 1, 

321,2267,0.00457032, 0.001, 0.0129058, 0.0287647, 0.0752863, 0.10826, 0.155454, 0.0788854, 0.249283, 0.287089, 0.370849, 0.136984, 0.498558, 1, 

304,3042,0.00457032, 0.001, 0.0129058, 0.0287647, 0.0752863, 0.10826, 0.155454, 0.0788854, 0.130111, 0.287089, 0.498558, 1, 

N total=654, Time total=4574, percents=0.001, 0.0129058, 0.0287647, 0.0576659, 0.0752863, 0.10826, 0.192777, 0.249283, 0.287089, 0.661461, 0.370849, 0.498558, 1, 

N total=649, Time total=5375, percents=0.001, 0.0129058, 0.0287647, 0.0854038, 0.0752863, 0.10826, 0.155454, 0.192777, 0.249283, 0.287089, 0.370849, 0.498558, 1, 

N total=664, Time total=2818, percents=0.00457032, 0.001, 0.0129058, 0.0287647, 0.0752863, 0.0755066, 0.10826, 0.155454, 0.192777, 0.287089, 0.370849, 0.498558, 1, 

N total=657, Time total=3610, percents=0.00457032, 0.001, 0.0129058, 0.0287647, 0.0752863, 0.10826, 0.155454, 0.192777, 0.249283, 0.287089, 0.285025, 0.767296, 1, 

N total=660, Time total=3532, percents=0.00457032, 0.001, 0.0129058, 0.0287647, 0.0752863, 0.10826, 0.155454, 0.192777, 0.249283, 0.287089, 0.223147, 0.370849, 0.498558, 1, 

N total=652, Time total=5130, percents=0.001, 0.0129058, 0.0287647, 0.0854038, 0.0752863, 0.10826, 0.155454, 0.0788854, 0.130111, 0.287089, 0.223147, 0.370849, 0.498558, 1, 

N total=678, Time total=2576, percents=0.00457032, 0.001, 0.0129058, 0.0287647, 0.0752863, 0.10826, 0.155454, 0.0788854, 0.249283, 0.287089, 0.370849, 0.136984, 0.498558, 1, 

N total=661, Time total=3351, percents=0.00457032, 0.001, 0.0129058, 0.0287647, 0.0752863, 0.10826, 0.155454, 0.0788854, 0.130111, 0.287089, 0.498558, 1, 

------------d=1, t=2, lambda=4, filename=./evaluation/Mobile/Mobile_2_4.csv------------
Grouping d-sets by partitioned row counts for detecting arrays...
Ready to look at pairs for detecting arrays...
First Stage N=448, Time=362
There are 54072 remaining non-locating pairs
Generation #0
327,2806,0.001, 0.00709903, 0.0385731, 0.1028, 0.202379, 0.282974, 0.30941, 0.338287, 0.351682, 0.407284, 0.428974, 0.454185, 0.496825, 0.509789, 0.582015, 0.583996, 0.584978, 0.632527, 0.686195, 0.734332, 0.803122, 0.849783, 1, 

325,3360,0.001, 0.0147122, 0.0242233, 0.0250935, 0.0448139, 0.159789, 0.290301, 0.304463, 0.322342, 0.328983, 0.34194, 0.359166, 0.36993, 0.372408, 0.462946, 0.494772, 0.544535, 0.564059, 0.578474, 0.666109, 0.67264, 0.728479, 0.731876, 0.842333, 0.988547, 1, 

303,3510,0.001, 0.0189509, 0.0313835, 0.0320078, 0.0889558, 0.164169, 0.168264, 0.348583, 0.461048, 0.555099, 0.635162, 0.662157, 0.822767, 0.951956, 1, 

301,12757,0.001, 0.0749889, 0.0808205, 0.146208, 0.159192, 0.333865, 0.340844, 0.503512, 0.610717, 0.691409, 0.694648, 0.714438, 0.757704, 0.847746, 0.855962, 0.902162, 0.912972, 0.994665, 1, 

Generation #1
327,2806,0.001, 0.00709903, 0.0385731, 0.1028, 0.202379, 0.282974, 0.30941, 0.338287, 0.351682, 0.407284, 0.428974, 0.454185, 0.496825, 0.509789, 0.582015, 0.583996, 0.584978, 0.632527, 0.686195, 0.734332, 0.803122, 0.849783, 1, 

300,3375,0.001, 0.00709903, 0.0385731, 0.1028, 0.202379, 0.282974, 0.30941, 0.338287, 0.351682, 0.740714, 0.938957, 1, 

313,2974,0.001, 0.00709903, 0.0385731, 0.1028, 0.202379, 0.282974, 0.30941, 0.338287, 0.351682, 0.407284, 0.428974, 0.454185, 0.496825, 0.509789, 0.582015, 0.665128, 0.795628, 0.898627, 0.919419, 0.94182, 0.946383, 1, 

Generation #2
300,3375,0.001, 0.00709903, 0.0385731, 0.1028, 0.202379, 0.282974, 0.30941, 0.338287, 0.351682, 0.740714, 0.938957, 1, 

313,2974,0.001, 0.00709903, 0.0385731, 0.1028, 0.202379, 0.282974, 0.30941, 0.338287, 0.351682, 0.407284, 0.428974, 0.454185, 0.496825, 0.509789, 0.582015, 0.665128, 0.795628, 0.898627, 0.919419, 0.94182, 0.946383, 1, 

326,2427,0.001, 0.00709903, 0.0385731, 0.1028, 0.202379, 0.30941, 0.338287, 0.351682, 0.407284, 0.428974, 0.454185, 0.496825, 0.951956, 1, 

Generation #3
300,3375,0.001, 0.00709903, 0.0385731, 0.1028, 0.202379, 0.282974, 0.30941, 0.338287, 0.351682, 0.740714, 0.938957, 1, 

313,2974,0.001, 0.00709903, 0.0385731, 0.1028, 0.202379, 0.282974, 0.30941, 0.338287, 0.351682, 0.407284, 0.428974, 0.454185, 0.496825, 0.509789, 0.582015, 0.665128, 0.795628, 0.898627, 0.919419, 0.94182, 0.946383, 1, 

326,2427,0.001, 0.00709903, 0.0385731, 0.1028, 0.202379, 0.30941, 0.338287, 0.351682, 0.407284, 0.428974, 0.454185, 0.496825, 0.951956, 1, 

315,2964,0.001, 0.00709903, 0.0385731, 0.1028, 0.202379, 0.282637, 0.295061, 0.300335, 0.713907, 0.322457, 0.909039, 1, 

324,2871,0.001, 0.00709903, 0.0385731, 0.1028, 0.223405, 0.268537, 0.324945, 0.333279, 0.405973, 0.432549, 0.524639, 0.575131, 0.60911, 0.631507, 0.634078, 0.674903, 0.683336, 0.795049, 1, 

Generation #4
326,2427,0.001, 0.00709903, 0.0385731, 0.1028, 0.202379, 0.30941, 0.338287, 0.351682, 0.407284, 0.428974, 0.454185, 0.496825, 0.951956, 1, 

306,2674,0.001, 0.00709903, 0.0242233, 0.0250935, 0.0448139, 0.159789, 0.290301, 0.628417, 0.645648, 0.740714, 0.938957, 1, 

293,3120,0.001, 0.00709903, 0.0385731, 0.1028, 0.202379, 0.282637, 0.295061, 0.300335, 0.713907, 0.322457, 0.909039, 1, 

Generation #5
326,2427,0.001, 0.00709903, 0.0385731, 0.1028, 0.202379, 0.30941, 0.338287, 0.351682, 0.407284, 0.428974, 0.454185, 0.496825, 0.951956, 1, 

306,2674,0.001, 0.00709903, 0.0242233, 0.0250935, 0.0448139, 0.159789, 0.290301, 0.628417, 0.645648, 0.740714, 0.938957, 1, 

293,3120,0.001, 0.00709903, 0.0385731, 0.1028, 0.202379, 0.282637, 0.295061, 0.300335, 0.713907, 0.322457, 0.909039, 1, 

296,3016,0.001, 0.00709903, 0.0385731, 0.1028, 0.202379, 0.282637, 0.295061, 0.300335, 0.713907, 0.322457, 0.909039, 0.989361, 1, 

338,2415,0.001, 0.00709903, 0.0385731, 0.1028, 0.202379, 0.282974, 0.30941, 0.338287, 0.351682, 0.407284, 0.428974, 0.454185, 0.496825, 0.509789, 0.582015, 0.665128, 0.795628, 0.898627, 0.919419, 0.94182, 0.946383, 1, 

321,2483,0.001, 0.00709903, 0.0385731, 0.1028, 0.202379, 0.0889558, 0.164169, 0.628417, 0.134351, 0.524373, 0.909039, 0.989361, 1, 

Generation #6
326,2427,0.001, 0.00709903, 0.0385731, 0.1028, 0.202379, 0.30941, 0.338287, 0.351682, 0.407284, 0.428974, 0.454185, 0.496825, 0.951956, 1, 

306,2674,0.001, 0.00709903, 0.0242233, 0.0250935, 0.0448139, 0.159789, 0.290301, 0.628417, 0.645648, 0.740714, 0.938957, 1, 

293,3120,0.001, 0.00709903, 0.0385731, 0.1028, 0.202379, 0.282637, 0.295061, 0.300335, 0.713907, 0.322457, 0.909039, 1, 

296,3016,0.001, 0.00709903, 0.0385731, 0.1028, 0.202379, 0.282637, 0.295061, 0.300335, 0.713907, 0.322457, 0.909039, 0.989361, 1, 

338,2415,0.001, 0.00709903, 0.0385731, 0.1028, 0.202379, 0.282974, 0.30941, 0.338287, 0.351682, 0.407284, 0.428974, 0.454185, 0.496825, 0.509789, 0.582015, 0.665128, 0.795628, 0.898627, 0.919419, 0.94182, 0.946383, 1, 

321,2483,0.001, 0.00709903, 0.0385731, 0.1028, 0.202379, 0.0889558, 0.164169, 0.628417, 0.134351, 0.524373, 0.909039, 0.989361, 1, 

Generation #7
326,2427,0.001, 0.00709903, 0.0385731, 0.1028, 0.202379, 0.30941, 0.338287, 0.351682, 0.407284, 0.428974, 0.454185, 0.496825, 0.951956, 1, 

306,2674,0.001, 0.00709903, 0.0242233, 0.0250935, 0.0448139, 0.159789, 0.290301, 0.628417, 0.645648, 0.740714, 0.938957, 1, 

293,3120,0.001, 0.00709903, 0.0385731, 0.1028, 0.202379, 0.282637, 0.295061, 0.300335, 0.713907, 0.322457, 0.909039, 1, 

296,3016,0.001, 0.00709903, 0.0385731, 0.1028, 0.202379, 0.282637, 0.295061, 0.300335, 0.713907, 0.322457, 0.909039, 0.989361, 1, 

338,2415,0.001, 0.00709903, 0.0385731, 0.1028, 0.202379, 0.282974, 0.30941, 0.338287, 0.351682, 0.407284, 0.428974, 0.454185, 0.496825, 0.509789, 0.582015, 0.665128, 0.795628, 0.898627, 0.919419, 0.94182, 0.946383, 1, 

311,2479,0.001, 0.0189509, 0.0313835, 0.0320078, 0.0889558, 0.164169, 0.168264, 0.348583, 0.461048, 0.555099, 0.635162, 0.938957, 1, 

Generation #8
293,3120,0.001, 0.00709903, 0.0385731, 0.1028, 0.202379, 0.282637, 0.295061, 0.300335, 0.713907, 0.322457, 0.909039, 1, 

294,2407,0.001, 0.00709903, 0.0242233, 0.0250935, 0.0448139, 0.159789, 0.290301, 0.645648, 0.740714, 0.938957, 1, 

328,2385,0.001, 0.00709903, 0.0385731, 0.1028, 0.202379, 0.282974, 0.30941, 0.338287, 0.351682, 0.407284, 0.428974, 0.454185, 0.496825, 0.509789, 0.582015, 0.665128, 0.898627, 0.919419, 0.90159, 0.927036, 0.970146, 0.98425, 0.98865, 0.990105, 0.999675, 1, 

Generation #9
293,3120,0.001, 0.00709903, 0.0385731, 0.1028, 0.202379, 0.282637, 0.295061, 0.300335, 0.713907, 0.322457, 0.909039, 1, 

294,2407,0.001, 0.00709903, 0.0242233, 0.0250935, 0.0448139, 0.159789, 0.290301, 0.645648, 0.740714, 0.938957, 1, 

303,2113,0.001, 0.00709903, 0.0242233, 0.0250935, 0.0448139, 0.164169, 0.168264, 0.348583, 0.461048, 0.555099, 0.635162, 0.662157, 0.822767, 0.951956, 1, 

Generation #10
293,3120,0.001, 0.00709903, 0.0385731, 0.1028, 0.202379, 0.282637, 0.295061, 0.300335, 0.713907, 0.322457, 0.909039, 1, 

294,2407,0.001, 0.00709903, 0.0242233, 0.0250935, 0.0448139, 0.159789, 0.290301, 0.645648, 0.740714, 0.938957, 1, 

303,2113,0.001, 0.00709903, 0.0242233, 0.0250935, 0.0448139, 0.164169, 0.168264, 0.348583, 0.461048, 0.555099, 0.635162, 0.662157, 0.822767, 0.951956, 1, 

Generation #11
293,3120,0.001, 0.00709903, 0.0385731, 0.1028, 0.202379, 0.282637, 0.295061, 0.300335, 0.713907, 0.322457, 0.909039, 1, 

294,2407,0.001, 0.00709903, 0.0242233, 0.0250935, 0.0448139, 0.159789, 0.290301, 0.645648, 0.740714, 0.938957, 1, 

303,2113,0.001, 0.00709903, 0.0242233, 0.0250935, 0.0448139, 0.164169, 0.168264, 0.348583, 0.461048, 0.555099, 0.635162, 0.662157, 0.822767, 0.951956, 1, 

Generation #12
293,3120,0.001, 0.00709903, 0.0385731, 0.1028, 0.202379, 0.282637, 0.295061, 0.300335, 0.713907, 0.322457, 0.909039, 1, 

294,2407,0.001, 0.00709903, 0.0242233, 0.0250935, 0.0448139, 0.159789, 0.290301, 0.645648, 0.740714, 0.938957, 1, 

303,2113,0.001, 0.00709903, 0.0242233, 0.0250935, 0.0448139, 0.164169, 0.168264, 0.348583, 0.461048, 0.555099, 0.635162, 0.662157, 0.822767, 0.951956, 1, 

Generation #13
293,3120,0.001, 0.00709903, 0.0385731, 0.1028, 0.202379, 0.282637, 0.295061, 0.300335, 0.713907, 0.322457, 0.909039, 1, 

294,2407,0.001, 0.00709903, 0.0242233, 0.0250935, 0.0448139, 0.159789, 0.290301, 0.645648, 0.740714, 0.938957, 1, 

303,2113,0.001, 0.00709903, 0.0242233, 0.0250935, 0.0448139, 0.164169, 0.168264, 0.348583, 0.461048, 0.555099, 0.635162, 0.662157, 0.822767, 0.951956, 1, 

Generation #14
293,3120,0.001, 0.00709903, 0.0385731, 0.1028, 0.202379, 0.282637, 0.295061, 0.300335, 0.713907, 0.322457, 0.909039, 1, 

294,2407,0.001, 0.00709903, 0.0242233, 0.0250935, 0.0448139, 0.159789, 0.290301, 0.645648, 0.740714, 0.938957, 1, 

296,1758,0.001, 0.00709903, 0.0313835, 0.0320078, 0.0889558, 0.164169, 0.168264, 0.461048, 0.555099, 1, 

Generation #15
293,3120,0.001, 0.00709903, 0.0385731, 0.1028, 0.202379, 0.282637, 0.295061, 0.300335, 0.713907, 0.322457, 0.909039, 1, 

294,2407,0.001, 0.00709903, 0.0242233, 0.0250935, 0.0448139, 0.159789, 0.290301, 0.645648, 0.740714, 0.938957, 1, 

296,1758,0.001, 0.00709903, 0.0313835, 0.0320078, 0.0889558, 0.164169, 0.168264, 0.461048, 0.555099, 1, 

Generation #16
293,3120,0.001, 0.00709903, 0.0385731, 0.1028, 0.202379, 0.282637, 0.295061, 0.300335, 0.713907, 0.322457, 0.909039, 1, 

294,2407,0.001, 0.00709903, 0.0242233, 0.0250935, 0.0448139, 0.159789, 0.290301, 0.645648, 0.740714, 0.938957, 1, 

296,1758,0.001, 0.00709903, 0.0313835, 0.0320078, 0.0889558, 0.164169, 0.168264, 0.461048, 0.555099, 1, 

Generation #17
293,3120,0.001, 0.00709903, 0.0385731, 0.1028, 0.202379, 0.282637, 0.295061, 0.300335, 0.713907, 0.322457, 0.909039, 1, 

294,2407,0.001, 0.00709903, 0.0242233, 0.0250935, 0.0448139, 0.159789, 0.290301, 0.645648, 0.740714, 0.938957, 1, 

296,1758,0.001, 0.00709903, 0.0313835, 0.0320078, 0.0889558, 0.164169, 0.168264, 0.461048, 0.555099, 1, 

Generation #18
293,3120,0.001, 0.00709903, 0.0385731, 0.1028, 0.202379, 0.282637, 0.295061, 0.300335, 0.713907, 0.322457, 0.909039, 1, 

294,2407,0.001, 0.00709903, 0.0242233, 0.0250935, 0.0448139, 0.159789, 0.290301, 0.645648, 0.740714, 0.938957, 1, 

296,1758,0.001, 0.00709903, 0.0313835, 0.0320078, 0.0889558, 0.164169, 0.168264, 0.461048, 0.555099, 1, 

Generation #19
293,3120,0.001, 0.00709903, 0.0385731, 0.1028, 0.202379, 0.282637, 0.295061, 0.300335, 0.713907, 0.322457, 0.909039, 1, 

294,2407,0.001, 0.00709903, 0.0242233, 0.0250935, 0.0448139, 0.159789, 0.290301, 0.645648, 0.740714, 0.938957, 1, 

296,1758,0.001, 0.00709903, 0.0313835, 0.0320078, 0.0889558, 0.164169, 0.168264, 0.461048, 0.555099, 1, 

Generation #20
293,3120,0.001, 0.00709903, 0.0385731, 0.1028, 0.202379, 0.282637, 0.295061, 0.300335, 0.713907, 0.322457, 0.909039, 1, 

294,2407,0.001, 0.00709903, 0.0242233, 0.0250935, 0.0448139, 0.159789, 0.290301, 0.645648, 0.740714, 0.938957, 1, 

296,1758,0.001, 0.00709903, 0.0313835, 0.0320078, 0.0889558, 0.164169, 0.168264, 0.461048, 0.555099, 1, 

Generation #21
293,3120,0.001, 0.00709903, 0.0385731, 0.1028, 0.202379, 0.282637, 0.295061, 0.300335, 0.713907, 0.322457, 0.909039, 1, 

294,2407,0.001, 0.00709903, 0.0242233, 0.0250935, 0.0448139, 0.159789, 0.290301, 0.645648, 0.740714, 0.938957, 1, 

296,1758,0.001, 0.00709903, 0.0313835, 0.0320078, 0.0889558, 0.164169, 0.168264, 0.461048, 0.555099, 1, 

Generation #22
293,3120,0.001, 0.00709903, 0.0385731, 0.1028, 0.202379, 0.282637, 0.295061, 0.300335, 0.713907, 0.322457, 0.909039, 1, 

294,2407,0.001, 0.00709903, 0.0242233, 0.0250935, 0.0448139, 0.159789, 0.290301, 0.645648, 0.740714, 0.938957, 1, 

296,1758,0.001, 0.00709903, 0.0313835, 0.0320078, 0.0889558, 0.164169, 0.168264, 0.461048, 0.555099, 1, 

Generation #23
294,2407,0.001, 0.00709903, 0.0242233, 0.0250935, 0.0448139, 0.159789, 0.290301, 0.645648, 0.740714, 0.938957, 1, 

296,1758,0.001, 0.00709903, 0.0313835, 0.0320078, 0.0889558, 0.164169, 0.168264, 0.461048, 0.555099, 1, 

293,2667,0.001, 0.00709903, 0.0313835, 0.0250935, 0.0448139, 0.164169, 0.168264, 0.348583, 0.461048, 0.555099, 0.617217, 0.633301, 1, 

Generation #24
294,2407,0.001, 0.00709903, 0.0242233, 0.0250935, 0.0448139, 0.159789, 0.290301, 0.645648, 0.740714, 0.938957, 1, 

296,1758,0.001, 0.00709903, 0.0313835, 0.0320078, 0.0889558, 0.164169, 0.168264, 0.461048, 0.555099, 1, 

293,2667,0.001, 0.00709903, 0.0313835, 0.0250935, 0.0448139, 0.164169, 0.168264, 0.348583, 0.461048, 0.555099, 0.617217, 0.633301, 1, 

Generation #25
294,2407,0.001, 0.00709903, 0.0242233, 0.0250935, 0.0448139, 0.159789, 0.290301, 0.645648, 0.740714, 0.938957, 1, 

296,1758,0.001, 0.00709903, 0.0313835, 0.0320078, 0.0889558, 0.164169, 0.168264, 0.461048, 0.555099, 1, 

293,2667,0.001, 0.00709903, 0.0313835, 0.0250935, 0.0448139, 0.164169, 0.168264, 0.348583, 0.461048, 0.555099, 0.617217, 0.633301, 1, 

Generation #26
294,2407,0.001, 0.00709903, 0.0242233, 0.0250935, 0.0448139, 0.159789, 0.290301, 0.645648, 0.740714, 0.938957, 1, 

296,1758,0.001, 0.00709903, 0.0313835, 0.0320078, 0.0889558, 0.164169, 0.168264, 0.461048, 0.555099, 1, 

293,2667,0.001, 0.00709903, 0.0313835, 0.0250935, 0.0448139, 0.164169, 0.168264, 0.348583, 0.461048, 0.555099, 0.617217, 0.633301, 1, 

287,2960,0.001, 0.00709903, 0.0385731, 0.1028, 0.202379, 0.282974, 0.30941, 0.338287, 0.351682, 0.407284, 0.909039, 1, 

Generation #27
294,2407,0.001, 0.00709903, 0.0242233, 0.0250935, 0.0448139, 0.159789, 0.290301, 0.645648, 0.740714, 0.938957, 1, 

296,1758,0.001, 0.00709903, 0.0313835, 0.0320078, 0.0889558, 0.164169, 0.168264, 0.461048, 0.555099, 1, 

293,2667,0.001, 0.00709903, 0.0313835, 0.0250935, 0.0448139, 0.164169, 0.168264, 0.348583, 0.461048, 0.555099, 0.617217, 0.633301, 1, 

287,2960,0.001, 0.00709903, 0.0385731, 0.1028, 0.202379, 0.282974, 0.30941, 0.338287, 0.351682, 0.407284, 0.909039, 1, 

Generation #28
294,2407,0.001, 0.00709903, 0.0242233, 0.0250935, 0.0448139, 0.159789, 0.290301, 0.645648, 0.740714, 0.938957, 1, 

296,1758,0.001, 0.00709903, 0.0313835, 0.0320078, 0.0889558, 0.164169, 0.168264, 0.461048, 0.555099, 1, 

293,2667,0.001, 0.00709903, 0.0313835, 0.0250935, 0.0448139, 0.164169, 0.168264, 0.348583, 0.461048, 0.555099, 0.617217, 0.633301, 1, 

287,2960,0.001, 0.00709903, 0.0385731, 0.1028, 0.202379, 0.282974, 0.30941, 0.338287, 0.351682, 0.407284, 0.909039, 1, 

Generation #29
294,2407,0.001, 0.00709903, 0.0242233, 0.0250935, 0.0448139, 0.159789, 0.290301, 0.645648, 0.740714, 0.938957, 1, 

296,1758,0.001, 0.00709903, 0.0313835, 0.0320078, 0.0889558, 0.164169, 0.168264, 0.461048, 0.555099, 1, 

291,2518,0.001, 0.00709903, 0.0313835, 0.0250935, 0.0448139, 0.164169, 0.168264, 0.348583, 0.461048, 0.555099, 0.740714, 0.938957, 1, 

287,2866,0.001, 0.00709903, 0.0313835, 0.0320078, 0.0889558, 0.164169, 0.168264, 0.461048, 0.555099, 1, 

Generation #30
294,2407,0.001, 0.00709903, 0.0242233, 0.0250935, 0.0448139, 0.159789, 0.290301, 0.645648, 0.740714, 0.938957, 1, 

296,1758,0.001, 0.00709903, 0.0313835, 0.0320078, 0.0889558, 0.164169, 0.168264, 0.461048, 0.555099, 1, 

291,2518,0.001, 0.00709903, 0.0313835, 0.0250935, 0.0448139, 0.164169, 0.168264, 0.348583, 0.461048, 0.555099, 0.740714, 0.938957, 1, 

287,2866,0.001, 0.00709903, 0.0313835, 0.0320078, 0.0889558, 0.164169, 0.168264, 0.461048, 0.555099, 1, 

Generation #31
294,2407,0.001, 0.00709903, 0.0242233, 0.0250935, 0.0448139, 0.159789, 0.290301, 0.645648, 0.740714, 0.938957, 1, 

296,1758,0.001, 0.00709903, 0.0313835, 0.0320078, 0.0889558, 0.164169, 0.168264, 0.461048, 0.555099, 1, 

291,2518,0.001, 0.00709903, 0.0313835, 0.0250935, 0.0448139, 0.164169, 0.168264, 0.348583, 0.461048, 0.555099, 0.740714, 0.938957, 1, 

287,2866,0.001, 0.00709903, 0.0313835, 0.0320078, 0.0889558, 0.164169, 0.168264, 0.461048, 0.555099, 1, 

Generation #32
294,2407,0.001, 0.00709903, 0.0242233, 0.0250935, 0.0448139, 0.159789, 0.290301, 0.645648, 0.740714, 0.938957, 1, 

296,1758,0.001, 0.00709903, 0.0313835, 0.0320078, 0.0889558, 0.164169, 0.168264, 0.461048, 0.555099, 1, 

291,2518,0.001, 0.00709903, 0.0313835, 0.0250935, 0.0448139, 0.164169, 0.168264, 0.348583, 0.461048, 0.555099, 0.740714, 0.938957, 1, 

287,2866,0.001, 0.00709903, 0.0313835, 0.0320078, 0.0889558, 0.164169, 0.168264, 0.461048, 0.555099, 1, 

Generation #33
296,1758,0.001, 0.00709903, 0.0313835, 0.0320078, 0.0889558, 0.164169, 0.168264, 0.461048, 0.555099, 1, 

287,2866,0.001, 0.00709903, 0.0313835, 0.0320078, 0.0889558, 0.164169, 0.168264, 0.461048, 0.555099, 1, 

291,2378,0.001, 0.00709903, 0.0242233, 0.0250935, 0.0448139, 0.164169, 0.168264, 0.348583, 0.461048, 0.555099, 0.909039, 0.989361, 1, 

Generation #34
296,1758,0.001, 0.00709903, 0.0313835, 0.0320078, 0.0889558, 0.164169, 0.168264, 0.461048, 0.555099, 1, 

287,2866,0.001, 0.00709903, 0.0313835, 0.0320078, 0.0889558, 0.164169, 0.168264, 0.461048, 0.555099, 1, 

291,2378,0.001, 0.00709903, 0.0242233, 0.0250935, 0.0448139, 0.164169, 0.168264, 0.348583, 0.461048, 0.555099, 0.909039, 0.989361, 1, 

Generation #35
296,1758,0.001, 0.00709903, 0.0313835, 0.0320078, 0.0889558, 0.164169, 0.168264, 0.461048, 0.555099, 1, 

287,2866,0.001, 0.00709903, 0.0313835, 0.0320078, 0.0889558, 0.164169, 0.168264, 0.461048, 0.555099, 1, 

291,2378,0.001, 0.00709903, 0.0242233, 0.0250935, 0.0448139, 0.164169, 0.168264, 0.348583, 0.461048, 0.555099, 0.909039, 0.989361, 1, 

Generation #36
296,1758,0.001, 0.00709903, 0.0313835, 0.0320078, 0.0889558, 0.164169, 0.168264, 0.461048, 0.555099, 1, 

287,2866,0.001, 0.00709903, 0.0313835, 0.0320078, 0.0889558, 0.164169, 0.168264, 0.461048, 0.555099, 1, 

291,2378,0.001, 0.00709903, 0.0242233, 0.0250935, 0.0448139, 0.164169, 0.168264, 0.348583, 0.461048, 0.555099, 0.909039, 0.989361, 1, 

Generation #37
296,1758,0.001, 0.00709903, 0.0313835, 0.0320078, 0.0889558, 0.164169, 0.168264, 0.461048, 0.555099, 1, 

287,2866,0.001, 0.00709903, 0.0313835, 0.0320078, 0.0889558, 0.164169, 0.168264, 0.461048, 0.555099, 1, 

291,2378,0.001, 0.00709903, 0.0242233, 0.0250935, 0.0448139, 0.164169, 0.168264, 0.348583, 0.461048, 0.555099, 0.909039, 0.989361, 1, 

Generation #38
296,1758,0.001, 0.00709903, 0.0313835, 0.0320078, 0.0889558, 0.164169, 0.168264, 0.461048, 0.555099, 1, 

287,2866,0.001, 0.00709903, 0.0313835, 0.0320078, 0.0889558, 0.164169, 0.168264, 0.461048, 0.555099, 1, 

291,2378,0.001, 0.00709903, 0.0242233, 0.0250935, 0.0448139, 0.164169, 0.168264, 0.348583, 0.461048, 0.555099, 0.909039, 0.989361, 1, 

Generation #39
296,1758,0.001, 0.00709903, 0.0313835, 0.0320078, 0.0889558, 0.164169, 0.168264, 0.461048, 0.555099, 1, 

287,2866,0.001, 0.00709903, 0.0313835, 0.0320078, 0.0889558, 0.164169, 0.168264, 0.461048, 0.555099, 1, 

291,2378,0.001, 0.00709903, 0.0242233, 0.0250935, 0.0448139, 0.164169, 0.168264, 0.348583, 0.461048, 0.555099, 0.909039, 0.989361, 1, 

Generation #40
296,1758,0.001, 0.00709903, 0.0313835, 0.0320078, 0.0889558, 0.164169, 0.168264, 0.461048, 0.555099, 1, 

287,2866,0.001, 0.00709903, 0.0313835, 0.0320078, 0.0889558, 0.164169, 0.168264, 0.461048, 0.555099, 1, 

291,2378,0.001, 0.00709903, 0.0242233, 0.0250935, 0.0448139, 0.164169, 0.168264, 0.348583, 0.461048, 0.555099, 0.909039, 0.989361, 1, 

Generation #41
296,1758,0.001, 0.00709903, 0.0313835, 0.0320078, 0.0889558, 0.164169, 0.168264, 0.461048, 0.555099, 1, 

287,2866,0.001, 0.00709903, 0.0313835, 0.0320078, 0.0889558, 0.164169, 0.168264, 0.461048, 0.555099, 1, 

291,2378,0.001, 0.00709903, 0.0242233, 0.0250935, 0.0448139, 0.164169, 0.168264, 0.348583, 0.461048, 0.555099, 0.909039, 0.989361, 1, 

290,2496,0.001, 0.00709903, 0.0242233, 0.0250935, 0.0448139, 0.159789, 0.290301, 0.338287, 0.351682, 0.407284, 0.909039, 1, 

Generation #42
296,1758,0.001, 0.00709903, 0.0313835, 0.0320078, 0.0889558, 0.164169, 0.168264, 0.461048, 0.555099, 1, 

287,2866,0.001, 0.00709903, 0.0313835, 0.0320078, 0.0889558, 0.164169, 0.168264, 0.461048, 0.555099, 1, 

291,2378,0.001, 0.00709903, 0.0242233, 0.0250935, 0.0448139, 0.164169, 0.168264, 0.348583, 0.461048, 0.555099, 0.909039, 0.989361, 1, 

290,2496,0.001, 0.00709903, 0.0242233, 0.0250935, 0.0448139, 0.159789, 0.290301, 0.338287, 0.351682, 0.407284, 0.909039, 1, 

Generation #43
296,1758,0.001, 0.00709903, 0.0313835, 0.0320078, 0.0889558, 0.164169, 0.168264, 0.461048, 0.555099, 1, 

287,2866,0.001, 0.00709903, 0.0313835, 0.0320078, 0.0889558, 0.164169, 0.168264, 0.461048, 0.555099, 1, 

291,2378,0.001, 0.00709903, 0.0242233, 0.0250935, 0.0448139, 0.164169, 0.168264, 0.348583, 0.461048, 0.555099, 0.909039, 0.989361, 1, 

290,2496,0.001, 0.00709903, 0.0242233, 0.0250935, 0.0448139, 0.159789, 0.290301, 0.338287, 0.351682, 0.407284, 0.909039, 1, 

Generation #44
296,1758,0.001, 0.00709903, 0.0313835, 0.0320078, 0.0889558, 0.164169, 0.168264, 0.461048, 0.555099, 1, 

287,2866,0.001, 0.00709903, 0.0313835, 0.0320078, 0.0889558, 0.164169, 0.168264, 0.461048, 0.555099, 1, 

290,2496,0.001, 0.00709903, 0.0242233, 0.0250935, 0.0448139, 0.159789, 0.290301, 0.338287, 0.351682, 0.407284, 0.909039, 1, 

291,2295,0.001, 0.00709903, 0.0313835, 0.1028, 0.202379, 0.282637, 0.295061, 0.348583, 0.461048, 0.555099, 0.909039, 0.989361, 1, 

Generation #45
296,1758,0.001, 0.00709903, 0.0313835, 0.0320078, 0.0889558, 0.164169, 0.168264, 0.461048, 0.555099, 1, 

287,2866,0.001, 0.00709903, 0.0313835, 0.0320078, 0.0889558, 0.164169, 0.168264, 0.461048, 0.555099, 1, 

290,2496,0.001, 0.00709903, 0.0242233, 0.0250935, 0.0448139, 0.159789, 0.290301, 0.338287, 0.351682, 0.407284, 0.909039, 1, 

291,2295,0.001, 0.00709903, 0.0313835, 0.1028, 0.202379, 0.282637, 0.295061, 0.348583, 0.461048, 0.555099, 0.909039, 0.989361, 1, 

Generation #46
296,1758,0.001, 0.00709903, 0.0313835, 0.0320078, 0.0889558, 0.164169, 0.168264, 0.461048, 0.555099, 1, 

287,2866,0.001, 0.00709903, 0.0313835, 0.0320078, 0.0889558, 0.164169, 0.168264, 0.461048, 0.555099, 1, 

290,2496,0.001, 0.00709903, 0.0242233, 0.0250935, 0.0448139, 0.159789, 0.290301, 0.338287, 0.351682, 0.407284, 0.909039, 1, 

291,2295,0.001, 0.00709903, 0.0313835, 0.1028, 0.202379, 0.282637, 0.295061, 0.348583, 0.461048, 0.555099, 0.909039, 0.989361, 1, 

Generation #47
296,1758,0.001, 0.00709903, 0.0313835, 0.0320078, 0.0889558, 0.164169, 0.168264, 0.461048, 0.555099, 1, 

287,2866,0.001, 0.00709903, 0.0313835, 0.0320078, 0.0889558, 0.164169, 0.168264, 0.461048, 0.555099, 1, 

290,2496,0.001, 0.00709903, 0.0242233, 0.0250935, 0.0448139, 0.159789, 0.290301, 0.338287, 0.351682, 0.407284, 0.909039, 1, 

291,2295,0.001, 0.00709903, 0.0313835, 0.1028, 0.202379, 0.282637, 0.295061, 0.348583, 0.461048, 0.555099, 0.909039, 0.989361, 1, 

Generation #48
296,1758,0.001, 0.00709903, 0.0313835, 0.0320078, 0.0889558, 0.164169, 0.168264, 0.461048, 0.555099, 1, 

287,2866,0.001, 0.00709903, 0.0313835, 0.0320078, 0.0889558, 0.164169, 0.168264, 0.461048, 0.555099, 1, 

290,2496,0.001, 0.00709903, 0.0242233, 0.0250935, 0.0448139, 0.159789, 0.290301, 0.338287, 0.351682, 0.407284, 0.909039, 1, 

291,2295,0.001, 0.00709903, 0.0313835, 0.1028, 0.202379, 0.282637, 0.295061, 0.348583, 0.461048, 0.555099, 0.909039, 0.989361, 1, 

Generation #49
296,1758,0.001, 0.00709903, 0.0313835, 0.0320078, 0.0889558, 0.164169, 0.168264, 0.461048, 0.555099, 1, 

287,2866,0.001, 0.00709903, 0.0313835, 0.0320078, 0.0889558, 0.164169, 0.168264, 0.461048, 0.555099, 1, 

290,2496,0.001, 0.00709903, 0.0242233, 0.0250935, 0.0448139, 0.159789, 0.290301, 0.338287, 0.351682, 0.407284, 0.909039, 1, 

291,2295,0.001, 0.00709903, 0.0313835, 0.1028, 0.202379, 0.282637, 0.295061, 0.348583, 0.461048, 0.555099, 0.909039, 0.989361, 1, 

N total=744, Time total=2120, percents=0.001, 0.00709903, 0.0313835, 0.0320078, 0.0889558, 0.164169, 0.168264, 0.461048, 0.555099, 1, 

N total=735, Time total=3228, percents=0.001, 0.00709903, 0.0313835, 0.0320078, 0.0889558, 0.164169, 0.168264, 0.461048, 0.555099, 1, 

N total=738, Time total=2858, percents=0.001, 0.00709903, 0.0242233, 0.0250935, 0.0448139, 0.159789, 0.290301, 0.338287, 0.351682, 0.407284, 0.909039, 1, 

N total=739, Time total=2657, percents=0.001, 0.00709903, 0.0313835, 0.1028, 0.202379, 0.282637, 0.295061, 0.348583, 0.461048, 0.555099, 0.909039, 0.989361, 1, 

