------------d=1, t=2, lambda=1, filename=./evaluation/Mobile/Mobile_2_1.csv------------
Computing partitioned counts of d-sets...
Ready to look at pairs based on partitioned counts...
First Stage N=157, Time=2016
There are 143227 remaining non-locating pairs
Generation #0
293,25984,0.001, 0.179639, 0.238664, 0.248595, 0.553951, 0.565195, 0.638078, 0.649769, 0.683494, 0.750056, 0.783272, 0.94374, 1, 

320,3326,0.001, 0.0196905, 0.0353342, 0.0478842, 0.061475, 0.178203, 0.190539, 0.255738, 0.256696, 0.296372, 0.319679, 0.482123, 0.490425, 0.498136, 0.584051, 0.601316, 0.674883, 0.696279, 0.700045, 0.748599, 0.76431, 0.794748, 0.899311, 0.924478, 0.951384, 0.952576, 0.956597, 1, 

295,15182,0.001, 0.123885, 0.174371, 0.226001, 0.361577, 0.437307, 0.443262, 0.451392, 0.470141, 0.475259, 0.479727, 0.673821, 0.68525, 0.750439, 0.761547, 0.844212, 0.91356, 0.982765, 0.993366, 1, 

302,5662,0.001, 0.0388501, 0.0520528, 0.0623115, 0.123668, 0.164737, 0.18173, 0.184358, 0.197238, 0.200135, 0.204213, 0.231522, 0.257678, 0.3248, 0.327175, 0.329985, 0.347111, 0.355801, 0.383132, 0.388232, 0.549338, 0.582952, 0.702024, 0.730993, 0.755727, 0.872248, 0.944719, 0.976613, 1, 

314,4287,0.001, 0.0220061, 0.0403541, 0.147682, 0.216712, 0.259018, 0.442634, 0.460517, 0.502375, 0.620516, 0.640219, 0.894347, 0.919133, 0.955022, 1, 

304,4507,0.001, 0.023756, 0.0685886, 0.0863197, 0.0999441, 0.104579, 0.146107, 0.162459, 0.177797, 0.290789, 0.30162, 0.303438, 0.324566, 0.337896, 0.427717, 0.540978, 0.573822, 0.663614, 0.709919, 0.826592, 0.852468, 0.862056, 0.866477, 0.918952, 0.95169, 0.969154, 0.970766, 1, 

Generation #1
293,25984,0.001, 0.179639, 0.238664, 0.248595, 0.553951, 0.565195, 0.638078, 0.649769, 0.683494, 0.750056, 0.783272, 0.94374, 1, 

320,3326,0.001, 0.0196905, 0.0353342, 0.0478842, 0.061475, 0.178203, 0.190539, 0.255738, 0.256696, 0.296372, 0.319679, 0.482123, 0.490425, 0.498136, 0.584051, 0.601316, 0.674883, 0.696279, 0.700045, 0.748599, 0.76431, 0.794748, 0.899311, 0.924478, 0.951384, 0.952576, 0.956597, 1, 

295,15182,0.001, 0.123885, 0.174371, 0.226001, 0.361577, 0.437307, 0.443262, 0.451392, 0.470141, 0.475259, 0.479727, 0.673821, 0.68525, 0.750439, 0.761547, 0.844212, 0.91356, 0.982765, 0.993366, 1, 

302,5662,0.001, 0.0388501, 0.0520528, 0.0623115, 0.123668, 0.164737, 0.18173, 0.184358, 0.197238, 0.200135, 0.204213, 0.231522, 0.257678, 0.3248, 0.327175, 0.329985, 0.347111, 0.355801, 0.383132, 0.388232, 0.549338, 0.582952, 0.702024, 0.730993, 0.755727, 0.872248, 0.944719, 0.976613, 1, 

314,4287,0.001, 0.0220061, 0.0403541, 0.147682, 0.216712, 0.259018, 0.442634, 0.460517, 0.502375, 0.620516, 0.640219, 0.894347, 0.919133, 0.955022, 1, 

304,4507,0.001, 0.023756, 0.0685886, 0.0863197, 0.0999441, 0.104579, 0.146107, 0.162459, 0.177797, 0.290789, 0.30162, 0.303438, 0.324566, 0.337896, 0.427717, 0.540978, 0.573822, 0.663614, 0.709919, 0.826592, 0.852468, 0.862056, 0.866477, 0.918952, 0.95169, 0.969154, 0.970766, 1, 

303,4735,0.001, 0.0235501, 0.0278572, 0.0673173, 0.0836384, 0.0864389, 0.158656, 0.176569, 0.183534, 0.212071, 0.212473, 0.229874, 0.278894, 0.328678, 0.382116, 0.388795, 0.390942, 0.394486, 0.699124, 0.742846, 0.743262, 0.753813, 0.806813, 0.876862, 0.903702, 0.928756, 0.976755, 0.996873, 1, 

298,6277,0.001, 0.023756, 0.0685886, 0.0863197, 0.0999441, 0.613385, 0.642988, 0.658969, 0.746261, 0.882329, 0.959006, 1, 

Generation #2
293,25984,0.001, 0.179639, 0.238664, 0.248595, 0.553951, 0.565195, 0.638078, 0.649769, 0.683494, 0.750056, 0.783272, 0.94374, 1, 

320,3326,0.001, 0.0196905, 0.0353342, 0.0478842, 0.061475, 0.178203, 0.190539, 0.255738, 0.256696, 0.296372, 0.319679, 0.482123, 0.490425, 0.498136, 0.584051, 0.601316, 0.674883, 0.696279, 0.700045, 0.748599, 0.76431, 0.794748, 0.899311, 0.924478, 0.951384, 0.952576, 0.956597, 1, 

304,4507,0.001, 0.023756, 0.0685886, 0.0863197, 0.0999441, 0.104579, 0.146107, 0.162459, 0.177797, 0.290789, 0.30162, 0.303438, 0.324566, 0.337896, 0.427717, 0.540978, 0.573822, 0.663614, 0.709919, 0.826592, 0.852468, 0.862056, 0.866477, 0.918952, 0.95169, 0.969154, 0.970766, 1, 

303,4735,0.001, 0.0235501, 0.0278572, 0.0673173, 0.0836384, 0.0864389, 0.158656, 0.176569, 0.183534, 0.212071, 0.212473, 0.229874, 0.278894, 0.328678, 0.382116, 0.388795, 0.390942, 0.394486, 0.699124, 0.742846, 0.743262, 0.753813, 0.806813, 0.876862, 0.903702, 0.928756, 0.976755, 0.996873, 1, 

312,4227,0.001, 0.0192819, 0.0378253, 0.0436689, 0.0488421, 0.126569, 0.176682, 0.209859, 0.300978, 0.30798, 0.31238, 0.403985, 0.428618, 0.466309, 0.477084, 0.480443, 0.516741, 0.598261, 0.60291, 0.664985, 0.665158, 0.675267, 0.722877, 0.734149, 0.744981, 0.775216, 0.791826, 0.832947, 0.942984, 1, 

295,5260,0.001, 0.0196905, 0.0353342, 0.0478842, 0.061475, 0.178203, 0.190539, 0.255738, 0.256696, 0.296372, 0.319679, 0.482123, 0.490425, 0.498136, 0.64332, 0.790743, 0.985873, 1, 

297,4941,0.001, 0.0250035, 0.0346475, 0.160651, 0.171957, 0.213287, 0.228891, 0.249238, 0.186111, 0.267404, 0.270401, 0.467478, 0.595443, 0.651315, 0.665159, 0.757966, 0.949475, 1, 

Generation #3
320,3326,0.001, 0.0196905, 0.0353342, 0.0478842, 0.061475, 0.178203, 0.190539, 0.255738, 0.256696, 0.296372, 0.319679, 0.482123, 0.490425, 0.498136, 0.584051, 0.601316, 0.674883, 0.696279, 0.700045, 0.748599, 0.76431, 0.794748, 0.899311, 0.924478, 0.951384, 0.952576, 0.956597, 1, 

304,4507,0.001, 0.023756, 0.0685886, 0.0863197, 0.0999441, 0.104579, 0.146107, 0.162459, 0.177797, 0.290789, 0.30162, 0.303438, 0.324566, 0.337896, 0.427717, 0.540978, 0.573822, 0.663614, 0.709919, 0.826592, 0.852468, 0.862056, 0.866477, 0.918952, 0.95169, 0.969154, 0.970766, 1, 

303,4735,0.001, 0.0235501, 0.0278572, 0.0673173, 0.0836384, 0.0864389, 0.158656, 0.176569, 0.183534, 0.212071, 0.212473, 0.229874, 0.278894, 0.328678, 0.382116, 0.388795, 0.390942, 0.394486, 0.699124, 0.742846, 0.743262, 0.753813, 0.806813, 0.876862, 0.903702, 0.928756, 0.976755, 0.996873, 1, 

312,4227,0.001, 0.0192819, 0.0378253, 0.0436689, 0.0488421, 0.126569, 0.176682, 0.209859, 0.300978, 0.30798, 0.31238, 0.403985, 0.428618, 0.466309, 0.477084, 0.480443, 0.516741, 0.598261, 0.60291, 0.664985, 0.665158, 0.675267, 0.722877, 0.734149, 0.744981, 0.775216, 0.791826, 0.832947, 0.942984, 1, 

295,5260,0.001, 0.0196905, 0.0353342, 0.0478842, 0.061475, 0.178203, 0.190539, 0.255738, 0.256696, 0.296372, 0.319679, 0.482123, 0.490425, 0.498136, 0.64332, 0.790743, 0.985873, 1, 

297,4941,0.001, 0.0250035, 0.0346475, 0.160651, 0.171957, 0.213287, 0.228891, 0.249238, 0.186111, 0.267404, 0.270401, 0.467478, 0.595443, 0.651315, 0.665159, 0.757966, 0.949475, 1, 

291,6559,0.001, 0.0354781, 0.068483, 0.10635, 0.124822, 0.222459, 0.271276, 0.632241, 0.311536, 0.32438, 0.39446, 1, 

Generation #4
320,3326,0.001, 0.0196905, 0.0353342, 0.0478842, 0.061475, 0.178203, 0.190539, 0.255738, 0.256696, 0.296372, 0.319679, 0.482123, 0.490425, 0.498136, 0.584051, 0.601316, 0.674883, 0.696279, 0.700045, 0.748599, 0.76431, 0.794748, 0.899311, 0.924478, 0.951384, 0.952576, 0.956597, 1, 

312,4227,0.001, 0.0192819, 0.0378253, 0.0436689, 0.0488421, 0.126569, 0.176682, 0.209859, 0.300978, 0.30798, 0.31238, 0.403985, 0.428618, 0.466309, 0.477084, 0.480443, 0.516741, 0.598261, 0.60291, 0.664985, 0.665158, 0.675267, 0.722877, 0.734149, 0.744981, 0.775216, 0.791826, 0.832947, 0.942984, 1, 

295,5260,0.001, 0.0196905, 0.0353342, 0.0478842, 0.061475, 0.178203, 0.190539, 0.255738, 0.256696, 0.296372, 0.319679, 0.482123, 0.490425, 0.498136, 0.64332, 0.790743, 0.985873, 1, 

297,4941,0.001, 0.0250035, 0.0346475, 0.160651, 0.171957, 0.213287, 0.228891, 0.249238, 0.186111, 0.267404, 0.270401, 0.467478, 0.595443, 0.651315, 0.665159, 0.757966, 0.949475, 1, 

291,6559,0.001, 0.0354781, 0.068483, 0.10635, 0.124822, 0.222459, 0.271276, 0.632241, 0.311536, 0.32438, 0.39446, 1, 

296,5136,0.001, 0.0196905, 0.0353342, 0.0478842, 0.061475, 0.178203, 0.190539, 0.255738, 0.256696, 0.296372, 0.319679, 0.482123, 0.919133, 0.955022, 1, 

292,5910,0.001, 0.0250035, 0.0346475, 0.10635, 0.124822, 0.222459, 0.271276, 0.632241, 0.32438, 0.39446, 1, 

300,4295,0.001, 0.0235501, 0.0278572, 0.0673173, 0.0836384, 0.0864389, 0.158656, 0.176569, 0.32438, 0.39446, 0.561246, 0.574092, 0.64229, 0.64332, 0.906927, 0.985873, 1, 

317,4183,0.001, 0.0235501, 0.0278572, 0.0673173, 0.0836384, 0.0864389, 0.158656, 0.176569, 0.183534, 0.200135, 0.204213, 0.231522, 0.257678, 0.3248, 0.327175, 0.329985, 0.347111, 0.355801, 0.383132, 0.388232, 0.549338, 0.582952, 0.702024, 0.730993, 0.755727, 0.872248, 0.944719, 0.976613, 1, 

Generation #5
320,3326,0.001, 0.0196905, 0.0353342, 0.0478842, 0.061475, 0.178203, 0.190539, 0.255738, 0.256696, 0.296372, 0.319679, 0.482123, 0.490425, 0.498136, 0.584051, 0.601316, 0.674883, 0.696279, 0.700045, 0.748599, 0.76431, 0.794748, 0.899311, 0.924478, 0.951384, 0.952576, 0.956597, 1, 

291,6559,0.001, 0.0354781, 0.068483, 0.10635, 0.124822, 0.222459, 0.271276, 0.632241, 0.311536, 0.32438, 0.39446, 1, 

300,4295,0.001, 0.0235501, 0.0278572, 0.0673173, 0.0836384, 0.0864389, 0.158656, 0.176569, 0.32438, 0.39446, 0.561246, 0.574092, 0.64229, 0.64332, 0.906927, 0.985873, 1, 

312,3544,0.001, 0.0235501, 0.0278572, 0.0673173, 0.124822, 0.222459, 0.271276, 0.632241, 0.311536, 0.32438, 0.39446, 1, 

294,4660,0.001, 0.0220061, 0.0403541, 0.147682, 0.216712, 0.259018, 0.442634, 0.460517, 0.711532, 0.712934, 0.959006, 1, 

292,5781,0.001, 0.0354781, 0.068483, 0.10635, 0.124822, 0.222459, 0.271276, 0.632241, 0.311536, 0.32438, 0.39446, 1, 

Generation #6
320,3326,0.001, 0.0196905, 0.0353342, 0.0478842, 0.061475, 0.178203, 0.190539, 0.255738, 0.256696, 0.296372, 0.319679, 0.482123, 0.490425, 0.498136, 0.584051, 0.601316, 0.674883, 0.696279, 0.700045, 0.748599, 0.76431, 0.794748, 0.899311, 0.924478, 0.951384, 0.952576, 0.956597, 1, 

312,3544,0.001, 0.0235501, 0.0278572, 0.0673173, 0.124822, 0.222459, 0.271276, 0.632241, 0.311536, 0.32438, 0.39446, 1, 

294,4660,0.001, 0.0220061, 0.0403541, 0.147682, 0.216712, 0.259018, 0.442634, 0.460517, 0.711532, 0.712934, 0.959006, 1, 

302,4104,0.001, 0.0196905, 0.0353342, 0.0478842, 0.061475, 0.178203, 0.190539, 0.255738, 0.183534, 0.32438, 0.39446, 1, 

291,4761,0.001, 0.0235501, 0.0278572, 0.0673173, 0.0836384, 0.222459, 0.271276, 0.632241, 0.311536, 0.32438, 0.39446, 1, 

303,3861,0.001, 0.0235501, 0.0278572, 0.0673173, 0.12221, 0.123391, 0.130126, 0.14251, 0.175311, 0.190577, 0.205981, 0.244003, 0.325757, 0.395331, 0.436727, 0.511864, 0.985873, 1, 

298,4196,0.001, 0.0196905, 0.0353342, 0.0478842, 0.061475, 0.178203, 0.190539, 0.255738, 0.256696, 0.32438, 0.39446, 1, 

289,5020,0.001, 0.0235501, 0.0278572, 0.0673173, 0.0836384, 0.0864389, 0.158656, 0.176569, 0.183534, 0.212071, 0.212473, 0.229874, 0.278894, 0.665159, 0.757966, 0.949475, 1, 

Generation #7
320,3326,0.001, 0.0196905, 0.0353342, 0.0478842, 0.061475, 0.178203, 0.190539, 0.255738, 0.256696, 0.296372, 0.319679, 0.482123, 0.490425, 0.498136, 0.584051, 0.601316, 0.674883, 0.696279, 0.700045, 0.748599, 0.76431, 0.794748, 0.899311, 0.924478, 0.951384, 0.952576, 0.956597, 1, 

312,3544,0.001, 0.0235501, 0.0278572, 0.0673173, 0.124822, 0.222459, 0.271276, 0.632241, 0.311536, 0.32438, 0.39446, 1, 

294,4660,0.001, 0.0220061, 0.0403541, 0.147682, 0.216712, 0.259018, 0.442634, 0.460517, 0.711532, 0.712934, 0.959006, 1, 

302,4104,0.001, 0.0196905, 0.0353342, 0.0478842, 0.061475, 0.178203, 0.190539, 0.255738, 0.183534, 0.32438, 0.39446, 1, 

291,4761,0.001, 0.0235501, 0.0278572, 0.0673173, 0.0836384, 0.222459, 0.271276, 0.632241, 0.311536, 0.32438, 0.39446, 1, 

303,3861,0.001, 0.0235501, 0.0278572, 0.0673173, 0.12221, 0.123391, 0.130126, 0.14251, 0.175311, 0.190577, 0.205981, 0.244003, 0.325757, 0.395331, 0.436727, 0.511864, 0.985873, 1, 

298,4196,0.001, 0.0196905, 0.0353342, 0.0478842, 0.061475, 0.178203, 0.190539, 0.255738, 0.256696, 0.32438, 0.39446, 1, 

289,5020,0.001, 0.0235501, 0.0278572, 0.0673173, 0.0836384, 0.0864389, 0.158656, 0.176569, 0.183534, 0.212071, 0.212473, 0.229874, 0.278894, 0.665159, 0.757966, 0.949475, 1, 

Generation #8
320,3326,0.001, 0.0196905, 0.0353342, 0.0478842, 0.061475, 0.178203, 0.190539, 0.255738, 0.256696, 0.296372, 0.319679, 0.482123, 0.490425, 0.498136, 0.584051, 0.601316, 0.674883, 0.696279, 0.700045, 0.748599, 0.76431, 0.794748, 0.899311, 0.924478, 0.951384, 0.952576, 0.956597, 1, 

312,3544,0.001, 0.0235501, 0.0278572, 0.0673173, 0.124822, 0.222459, 0.271276, 0.632241, 0.311536, 0.32438, 0.39446, 1, 

294,4660,0.001, 0.0220061, 0.0403541, 0.147682, 0.216712, 0.259018, 0.442634, 0.460517, 0.711532, 0.712934, 0.959006, 1, 

302,4104,0.001, 0.0196905, 0.0353342, 0.0478842, 0.061475, 0.178203, 0.190539, 0.255738, 0.183534, 0.32438, 0.39446, 1, 

291,4761,0.001, 0.0235501, 0.0278572, 0.0673173, 0.0836384, 0.222459, 0.271276, 0.632241, 0.311536, 0.32438, 0.39446, 1, 

303,3861,0.001, 0.0235501, 0.0278572, 0.0673173, 0.12221, 0.123391, 0.130126, 0.14251, 0.175311, 0.190577, 0.205981, 0.244003, 0.325757, 0.395331, 0.436727, 0.511864, 0.985873, 1, 

298,4196,0.001, 0.0196905, 0.0353342, 0.0478842, 0.061475, 0.178203, 0.190539, 0.255738, 0.256696, 0.32438, 0.39446, 1, 

289,5020,0.001, 0.0235501, 0.0278572, 0.0673173, 0.0836384, 0.0864389, 0.158656, 0.176569, 0.183534, 0.212071, 0.212473, 0.229874, 0.278894, 0.665159, 0.757966, 0.949475, 1, 

Generation #9
320,3326,0.001, 0.0196905, 0.0353342, 0.0478842, 0.061475, 0.178203, 0.190539, 0.255738, 0.256696, 0.296372, 0.319679, 0.482123, 0.490425, 0.498136, 0.584051, 0.601316, 0.674883, 0.696279, 0.700045, 0.748599, 0.76431, 0.794748, 0.899311, 0.924478, 0.951384, 0.952576, 0.956597, 1, 

312,3544,0.001, 0.0235501, 0.0278572, 0.0673173, 0.124822, 0.222459, 0.271276, 0.632241, 0.311536, 0.32438, 0.39446, 1, 

294,4660,0.001, 0.0220061, 0.0403541, 0.147682, 0.216712, 0.259018, 0.442634, 0.460517, 0.711532, 0.712934, 0.959006, 1, 

291,4761,0.001, 0.0235501, 0.0278572, 0.0673173, 0.0836384, 0.222459, 0.271276, 0.632241, 0.311536, 0.32438, 0.39446, 1, 

298,4196,0.001, 0.0196905, 0.0353342, 0.0478842, 0.061475, 0.178203, 0.190539, 0.255738, 0.256696, 0.32438, 0.39446, 1, 

289,5020,0.001, 0.0235501, 0.0278572, 0.0673173, 0.0836384, 0.0864389, 0.158656, 0.176569, 0.183534, 0.212071, 0.212473, 0.229874, 0.278894, 0.665159, 0.757966, 0.949475, 1, 

302,3568,0.001, 0.0196905, 0.0353342, 0.0478842, 0.061475, 0.178203, 0.190539, 0.255738, 0.256696, 0.296372, 0.319679, 0.229874, 0.278894, 0.328678, 0.382116, 0.388795, 0.347111, 0.355801, 0.383132, 0.388232, 0.549338, 0.582952, 0.702024, 0.730993, 0.755727, 0.872248, 0.944719, 0.976613, 0.93816, 1, 

286,6643,0.001, 0.024165, 0.0623982, 0.163275, 0.168537, 0.178203, 0.190539, 0.255738, 0.256696, 0.296372, 0.319679, 0.482123, 0.490425, 0.498136, 0.64332, 0.790743, 0.985873, 1, 

Generation #10
320,3326,0.001, 0.0196905, 0.0353342, 0.0478842, 0.061475, 0.178203, 0.190539, 0.255738, 0.256696, 0.296372, 0.319679, 0.482123, 0.490425, 0.498136, 0.584051, 0.601316, 0.674883, 0.696279, 0.700045, 0.748599, 0.76431, 0.794748, 0.899311, 0.924478, 0.951384, 0.952576, 0.956597, 1, 

312,3544,0.001, 0.0235501, 0.0278572, 0.0673173, 0.124822, 0.222459, 0.271276, 0.632241, 0.311536, 0.32438, 0.39446, 1, 

294,4660,0.001, 0.0220061, 0.0403541, 0.147682, 0.216712, 0.259018, 0.442634, 0.460517, 0.711532, 0.712934, 0.959006, 1, 

291,4761,0.001, 0.0235501, 0.0278572, 0.0673173, 0.0836384, 0.222459, 0.271276, 0.632241, 0.311536, 0.32438, 0.39446, 1, 

298,4196,0.001, 0.0196905, 0.0353342, 0.0478842, 0.061475, 0.178203, 0.190539, 0.255738, 0.256696, 0.32438, 0.39446, 1, 

289,5020,0.001, 0.0235501, 0.0278572, 0.0673173, 0.0836384, 0.0864389, 0.158656, 0.176569, 0.183534, 0.212071, 0.212473, 0.229874, 0.278894, 0.665159, 0.757966, 0.949475, 1, 

302,3568,0.001, 0.0196905, 0.0353342, 0.0478842, 0.061475, 0.178203, 0.190539, 0.255738, 0.256696, 0.296372, 0.319679, 0.229874, 0.278894, 0.328678, 0.382116, 0.388795, 0.347111, 0.355801, 0.383132, 0.388232, 0.549338, 0.582952, 0.702024, 0.730993, 0.755727, 0.872248, 0.944719, 0.976613, 0.93816, 1, 

286,6643,0.001, 0.024165, 0.0623982, 0.163275, 0.168537, 0.178203, 0.190539, 0.255738, 0.256696, 0.296372, 0.319679, 0.482123, 0.490425, 0.498136, 0.64332, 0.790743, 0.985873, 1, 

Generation #11
320,3326,0.001, 0.0196905, 0.0353342, 0.0478842, 0.061475, 0.178203, 0.190539, 0.255738, 0.256696, 0.296372, 0.319679, 0.482123, 0.490425, 0.498136, 0.584051, 0.601316, 0.674883, 0.696279, 0.700045, 0.748599, 0.76431, 0.794748, 0.899311, 0.924478, 0.951384, 0.952576, 0.956597, 1, 

312,3544,0.001, 0.0235501, 0.0278572, 0.0673173, 0.124822, 0.222459, 0.271276, 0.632241, 0.311536, 0.32438, 0.39446, 1, 

294,4660,0.001, 0.0220061, 0.0403541, 0.147682, 0.216712, 0.259018, 0.442634, 0.460517, 0.711532, 0.712934, 0.959006, 1, 

291,4761,0.001, 0.0235501, 0.0278572, 0.0673173, 0.0836384, 0.222459, 0.271276, 0.632241, 0.311536, 0.32438, 0.39446, 1, 

298,4196,0.001, 0.0196905, 0.0353342, 0.0478842, 0.061475, 0.178203, 0.190539, 0.255738, 0.256696, 0.32438, 0.39446, 1, 

289,5020,0.001, 0.0235501, 0.0278572, 0.0673173, 0.0836384, 0.0864389, 0.158656, 0.176569, 0.183534, 0.212071, 0.212473, 0.229874, 0.278894, 0.665159, 0.757966, 0.949475, 1, 

302,3568,0.001, 0.0196905, 0.0353342, 0.0478842, 0.061475, 0.178203, 0.190539, 0.255738, 0.256696, 0.296372, 0.319679, 0.229874, 0.278894, 0.328678, 0.382116, 0.388795, 0.347111, 0.355801, 0.383132, 0.388232, 0.549338, 0.582952, 0.702024, 0.730993, 0.755727, 0.872248, 0.944719, 0.976613, 0.93816, 1, 

286,6643,0.001, 0.024165, 0.0623982, 0.163275, 0.168537, 0.178203, 0.190539, 0.255738, 0.256696, 0.296372, 0.319679, 0.482123, 0.490425, 0.498136, 0.64332, 0.790743, 0.985873, 1, 

301,3996,0.001, 0.0192819, 0.0378253, 0.0436689, 0.0488421, 0.126569, 0.176682, 0.209859, 0.300978, 0.32438, 0.39446, 1, 

300,4156,0.001, 0.0235501, 0.0278572, 0.0673173, 0.0836384, 0.0864389, 0.158656, 0.176569, 0.183534, 0.32438, 0.39446, 1, 

Generation #12
294,4660,0.001, 0.0220061, 0.0403541, 0.147682, 0.216712, 0.259018, 0.442634, 0.460517, 0.711532, 0.712934, 0.959006, 1, 

298,4196,0.001, 0.0196905, 0.0353342, 0.0478842, 0.061475, 0.178203, 0.190539, 0.255738, 0.256696, 0.32438, 0.39446, 1, 

302,3568,0.001, 0.0196905, 0.0353342, 0.0478842, 0.061475, 0.178203, 0.190539, 0.255738, 0.256696, 0.296372, 0.319679, 0.229874, 0.278894, 0.328678, 0.382116, 0.388795, 0.347111, 0.355801, 0.383132, 0.388232, 0.549338, 0.582952, 0.702024, 0.730993, 0.755727, 0.872248, 0.944719, 0.976613, 0.93816, 1, 

300,3724,0.001, 0.0196905, 0.0353342, 0.0478842, 0.061475, 0.178203, 0.271276, 0.632241, 0.311536, 0.32438, 0.39446, 1, 

286,4704,0.001, 0.0235501, 0.0278572, 0.0673173, 0.0836384, 0.178203, 0.190539, 0.176569, 0.183534, 0.212071, 0.212473, 0.229874, 0.278894, 0.665159, 0.757966, 0.949475, 1, 

295,4651,0.001, 0.00678773, 0.0278572, 0.0673173, 0.124822, 0.222459, 0.271276, 0.176569, 0.32438, 0.39446, 0.561246, 0.574092, 0.64229, 0.64332, 0.906927, 0.985873, 1, 

308,3259,0.001, 0.00678773, 0.0278572, 0.0673173, 0.124822, 0.222459, 0.271276, 0.632241, 0.311536, 0.32438, 1, 

Generation #13
294,4660,0.001, 0.0220061, 0.0403541, 0.147682, 0.216712, 0.259018, 0.442634, 0.460517, 0.711532, 0.712934, 0.959006, 1, 

302,3568,0.001, 0.0196905, 0.0353342, 0.0478842, 0.061475, 0.178203, 0.190539, 0.255738, 0.256696, 0.296372, 0.319679, 0.229874, 0.278894, 0.328678, 0.382116, 0.388795, 0.347111, 0.355801, 0.383132, 0.388232, 0.549338, 0.582952, 0.702024, 0.730993, 0.755727, 0.872248, 0.944719, 0.976613, 0.93816, 1, 

300,3724,0.001, 0.0196905, 0.0353342, 0.0478842, 0.061475, 0.178203, 0.271276, 0.632241, 0.311536, 0.32438, 0.39446, 1, 

286,4704,0.001, 0.0235501, 0.0278572, 0.0673173, 0.0836384, 0.178203, 0.190539, 0.176569, 0.183534, 0.212071, 0.212473, 0.229874, 0.278894, 0.665159, 0.757966, 0.949475, 1, 

295,4651,0.001, 0.00678773, 0.0278572, 0.0673173, 0.124822, 0.222459, 0.271276, 0.176569, 0.32438, 0.39446, 0.561246, 0.574092, 0.64229, 0.64332, 0.906927, 0.985873, 1, 

308,3259,0.001, 0.00678773, 0.0278572, 0.0673173, 0.124822, 0.222459, 0.271276, 0.632241, 0.311536, 0.32438, 1, 

296,4088,0.001, 0.0196905, 0.0353342, 0.0478842, 0.061475, 0.178203, 0.190539, 0.255738, 0.183534, 0.32438, 0.39446, 1, 

Generation #14
294,4660,0.001, 0.0220061, 0.0403541, 0.147682, 0.216712, 0.259018, 0.442634, 0.460517, 0.711532, 0.712934, 0.959006, 1, 

302,3568,0.001, 0.0196905, 0.0353342, 0.0478842, 0.061475, 0.178203, 0.190539, 0.255738, 0.256696, 0.296372, 0.319679, 0.229874, 0.278894, 0.328678, 0.382116, 0.388795, 0.347111, 0.355801, 0.383132, 0.388232, 0.549338, 0.582952, 0.702024, 0.730993, 0.755727, 0.872248, 0.944719, 0.976613, 0.93816, 1, 

300,3724,0.001, 0.0196905, 0.0353342, 0.0478842, 0.061475, 0.178203, 0.271276, 0.632241, 0.311536, 0.32438, 0.39446, 1, 

286,4704,0.001, 0.0235501, 0.0278572, 0.0673173, 0.0836384, 0.178203, 0.190539, 0.176569, 0.183534, 0.212071, 0.212473, 0.229874, 0.278894, 0.665159, 0.757966, 0.949475, 1, 

308,3259,0.001, 0.00678773, 0.0278572, 0.0673173, 0.124822, 0.222459, 0.271276, 0.632241, 0.311536, 0.32438, 1, 

321,2949,0.001, 0.0235501, 0.0278572, 0.0673173, 0.0836384, 0.0864389, 0.158656, 0.632241, 0.311536, 0.68103, 0.39446, 1, 

295,3891,0.001, 0.00678773, 0.0278572, 0.0673173, 0.124822, 0.178203, 0.190539, 0.255738, 0.256696, 0.296372, 0.319679, 1, 

Generation #15
294,4660,0.001, 0.0220061, 0.0403541, 0.147682, 0.216712, 0.259018, 0.442634, 0.460517, 0.711532, 0.712934, 0.959006, 1, 

302,3568,0.001, 0.0196905, 0.0353342, 0.0478842, 0.061475, 0.178203, 0.190539, 0.255738, 0.256696, 0.296372, 0.319679, 0.229874, 0.278894, 0.328678, 0.382116, 0.388795, 0.347111, 0.355801, 0.383132, 0.388232, 0.549338, 0.582952, 0.702024, 0.730993, 0.755727, 0.872248, 0.944719, 0.976613, 0.93816, 1, 

300,3724,0.001, 0.0196905, 0.0353342, 0.0478842, 0.061475, 0.178203, 0.271276, 0.632241, 0.311536, 0.32438, 0.39446, 1, 

286,4704,0.001, 0.0235501, 0.0278572, 0.0673173, 0.0836384, 0.178203, 0.190539, 0.176569, 0.183534, 0.212071, 0.212473, 0.229874, 0.278894, 0.665159, 0.757966, 0.949475, 1, 

308,3259,0.001, 0.00678773, 0.0278572, 0.0673173, 0.124822, 0.222459, 0.271276, 0.632241, 0.311536, 0.32438, 1, 

321,2949,0.001, 0.0235501, 0.0278572, 0.0673173, 0.0836384, 0.0864389, 0.158656, 0.632241, 0.311536, 0.68103, 0.39446, 1, 

295,3891,0.001, 0.00678773, 0.0278572, 0.0673173, 0.124822, 0.178203, 0.190539, 0.255738, 0.256696, 0.296372, 0.319679, 1, 

Generation #16
294,4660,0.001, 0.0220061, 0.0403541, 0.147682, 0.216712, 0.259018, 0.442634, 0.460517, 0.711532, 0.712934, 0.959006, 1, 

302,3568,0.001, 0.0196905, 0.0353342, 0.0478842, 0.061475, 0.178203, 0.190539, 0.255738, 0.256696, 0.296372, 0.319679, 0.229874, 0.278894, 0.328678, 0.382116, 0.388795, 0.347111, 0.355801, 0.383132, 0.388232, 0.549338, 0.582952, 0.702024, 0.730993, 0.755727, 0.872248, 0.944719, 0.976613, 0.93816, 1, 

300,3724,0.001, 0.0196905, 0.0353342, 0.0478842, 0.061475, 0.178203, 0.271276, 0.632241, 0.311536, 0.32438, 0.39446, 1, 

286,4704,0.001, 0.0235501, 0.0278572, 0.0673173, 0.0836384, 0.178203, 0.190539, 0.176569, 0.183534, 0.212071, 0.212473, 0.229874, 0.278894, 0.665159, 0.757966, 0.949475, 1, 

308,3259,0.001, 0.00678773, 0.0278572, 0.0673173, 0.124822, 0.222459, 0.271276, 0.632241, 0.311536, 0.32438, 1, 

321,2949,0.001, 0.0235501, 0.0278572, 0.0673173, 0.0836384, 0.0864389, 0.158656, 0.632241, 0.311536, 0.68103, 0.39446, 1, 

295,3891,0.001, 0.00678773, 0.0278572, 0.0673173, 0.124822, 0.178203, 0.190539, 0.255738, 0.256696, 0.296372, 0.319679, 1, 

Generation #17
302,3568,0.001, 0.0196905, 0.0353342, 0.0478842, 0.061475, 0.178203, 0.190539, 0.255738, 0.256696, 0.296372, 0.319679, 0.229874, 0.278894, 0.328678, 0.382116, 0.388795, 0.347111, 0.355801, 0.383132, 0.388232, 0.549338, 0.582952, 0.702024, 0.730993, 0.755727, 0.872248, 0.944719, 0.976613, 0.93816, 1, 

286,4704,0.001, 0.0235501, 0.0278572, 0.0673173, 0.0836384, 0.178203, 0.190539, 0.176569, 0.183534, 0.212071, 0.212473, 0.229874, 0.278894, 0.665159, 0.757966, 0.949475, 1, 

308,3259,0.001, 0.00678773, 0.0278572, 0.0673173, 0.124822, 0.222459, 0.271276, 0.632241, 0.311536, 0.32438, 1, 

321,2949,0.001, 0.0235501, 0.0278572, 0.0673173, 0.0836384, 0.0864389, 0.158656, 0.632241, 0.311536, 0.68103, 0.39446, 1, 

285,5540,0.001, 0.0250035, 0.0346475, 0.10635, 0.124822, 0.178203, 0.190539, 0.255738, 0.256696, 0.296372, 0.319679, 0.482123, 0.77719, 0.665159, 0.757966, 0.949475, 1, 

304,3275,0.001, 0.00678773, 0.0278572, 0.0673173, 0.124822, 0.222459, 0.271276, 0.176569, 0.32438, 0.39446, 0.561246, 0.574092, 0.64229, 0.64332, 0.906927, 0.985873, 0.985873, 1, 

295,3575,0.001, 0.00678773, 0.0278572, 0.0673173, 0.124822, 0.178203, 0.190539, 0.209859, 0.300978, 0.32438, 0.39446, 1, 

293,4082,0.001, 0.00678773, 0.0278572, 0.0673173, 0.124822, 0.178203, 0.190539, 0.255738, 0.311536, 0.68103, 0.515736, 1, 

Generation #18
302,3568,0.001, 0.0196905, 0.0353342, 0.0478842, 0.061475, 0.178203, 0.190539, 0.255738, 0.256696, 0.296372, 0.319679, 0.229874, 0.278894, 0.328678, 0.382116, 0.388795, 0.347111, 0.355801, 0.383132, 0.388232, 0.549338, 0.582952, 0.702024, 0.730993, 0.755727, 0.872248, 0.944719, 0.976613, 0.93816, 1, 

286,4704,0.001, 0.0235501, 0.0278572, 0.0673173, 0.0836384, 0.178203, 0.190539, 0.176569, 0.183534, 0.212071, 0.212473, 0.229874, 0.278894, 0.665159, 0.757966, 0.949475, 1, 

308,3259,0.001, 0.00678773, 0.0278572, 0.0673173, 0.124822, 0.222459, 0.271276, 0.632241, 0.311536, 0.32438, 1, 

321,2949,0.001, 0.0235501, 0.0278572, 0.0673173, 0.0836384, 0.0864389, 0.158656, 0.632241, 0.311536, 0.68103, 0.39446, 1, 

285,5540,0.001, 0.0250035, 0.0346475, 0.10635, 0.124822, 0.178203, 0.190539, 0.255738, 0.256696, 0.296372, 0.319679, 0.482123, 0.77719, 0.665159, 0.757966, 0.949475, 1, 

304,3275,0.001, 0.00678773, 0.0278572, 0.0673173, 0.124822, 0.222459, 0.271276, 0.176569, 0.32438, 0.39446, 0.561246, 0.574092, 0.64229, 0.64332, 0.906927, 0.985873, 0.985873, 1, 

295,3575,0.001, 0.00678773, 0.0278572, 0.0673173, 0.124822, 0.178203, 0.190539, 0.209859, 0.300978, 0.32438, 0.39446, 1, 

293,4082,0.001, 0.00678773, 0.0278572, 0.0673173, 0.124822, 0.178203, 0.190539, 0.255738, 0.311536, 0.68103, 0.515736, 1, 

Generation #19
302,3568,0.001, 0.0196905, 0.0353342, 0.0478842, 0.061475, 0.178203, 0.190539, 0.255738, 0.256696, 0.296372, 0.319679, 0.229874, 0.278894, 0.328678, 0.382116, 0.388795, 0.347111, 0.355801, 0.383132, 0.388232, 0.549338, 0.582952, 0.702024, 0.730993, 0.755727, 0.872248, 0.944719, 0.976613, 0.93816, 1, 

286,4704,0.001, 0.0235501, 0.0278572, 0.0673173, 0.0836384, 0.178203, 0.190539, 0.176569, 0.183534, 0.212071, 0.212473, 0.229874, 0.278894, 0.665159, 0.757966, 0.949475, 1, 

308,3259,0.001, 0.00678773, 0.0278572, 0.0673173, 0.124822, 0.222459, 0.271276, 0.632241, 0.311536, 0.32438, 1, 

321,2949,0.001, 0.0235501, 0.0278572, 0.0673173, 0.0836384, 0.0864389, 0.158656, 0.632241, 0.311536, 0.68103, 0.39446, 1, 

285,5540,0.001, 0.0250035, 0.0346475, 0.10635, 0.124822, 0.178203, 0.190539, 0.255738, 0.256696, 0.296372, 0.319679, 0.482123, 0.77719, 0.665159, 0.757966, 0.949475, 1, 

304,3275,0.001, 0.00678773, 0.0278572, 0.0673173, 0.124822, 0.222459, 0.271276, 0.176569, 0.32438, 0.39446, 0.561246, 0.574092, 0.64229, 0.64332, 0.906927, 0.985873, 0.985873, 1, 

295,3575,0.001, 0.00678773, 0.0278572, 0.0673173, 0.124822, 0.178203, 0.190539, 0.209859, 0.300978, 0.32438, 0.39446, 1, 

293,4082,0.001, 0.00678773, 0.0278572, 0.0673173, 0.124822, 0.178203, 0.190539, 0.255738, 0.311536, 0.68103, 0.515736, 1, 

311,3142,0.001, 0.00678773, 0.0278572, 0.0673173, 0.222459, 0.271276, 0.632241, 0.32438, 0.39446, 0.561246, 0.574092, 0.64229, 0.64332, 0.906927, 0.985873, 1, 

289,4699,0.001, 0.00678773, 0.0278572, 0.0673173, 0.124822, 0.222459, 0.271276, 0.632241, 0.311536, 0.296372, 0.319679, 0.482123, 0.77719, 0.665159, 0.757966, 1, 

Generation #20
302,3568,0.001, 0.0196905, 0.0353342, 0.0478842, 0.061475, 0.178203, 0.190539, 0.255738, 0.256696, 0.296372, 0.319679, 0.229874, 0.278894, 0.328678, 0.382116, 0.388795, 0.347111, 0.355801, 0.383132, 0.388232, 0.549338, 0.582952, 0.702024, 0.730993, 0.755727, 0.872248, 0.944719, 0.976613, 0.93816, 1, 

286,4704,0.001, 0.0235501, 0.0278572, 0.0673173, 0.0836384, 0.178203, 0.190539, 0.176569, 0.183534, 0.212071, 0.212473, 0.229874, 0.278894, 0.665159, 0.757966, 0.949475, 1, 

308,3259,0.001, 0.00678773, 0.0278572, 0.0673173, 0.124822, 0.222459, 0.271276, 0.632241, 0.311536, 0.32438, 1, 

321,2949,0.001, 0.0235501, 0.0278572, 0.0673173, 0.0836384, 0.0864389, 0.158656, 0.632241, 0.311536, 0.68103, 0.39446, 1, 

285,5540,0.001, 0.0250035, 0.0346475, 0.10635, 0.124822, 0.178203, 0.190539, 0.255738, 0.256696, 0.296372, 0.319679, 0.482123, 0.77719, 0.665159, 0.757966, 0.949475, 1, 

304,3275,0.001, 0.00678773, 0.0278572, 0.0673173, 0.124822, 0.222459, 0.271276, 0.176569, 0.32438, 0.39446, 0.561246, 0.574092, 0.64229, 0.64332, 0.906927, 0.985873, 0.985873, 1, 

295,3575,0.001, 0.00678773, 0.0278572, 0.0673173, 0.124822, 0.178203, 0.190539, 0.209859, 0.300978, 0.32438, 0.39446, 1, 

293,4082,0.001, 0.00678773, 0.0278572, 0.0673173, 0.124822, 0.178203, 0.190539, 0.255738, 0.311536, 0.68103, 0.515736, 1, 

311,3142,0.001, 0.00678773, 0.0278572, 0.0673173, 0.222459, 0.271276, 0.632241, 0.32438, 0.39446, 0.561246, 0.574092, 0.64229, 0.64332, 0.906927, 0.985873, 1, 

289,4699,0.001, 0.00678773, 0.0278572, 0.0673173, 0.124822, 0.222459, 0.271276, 0.632241, 0.311536, 0.296372, 0.319679, 0.482123, 0.77719, 0.665159, 0.757966, 1, 

Generation #21
302,3568,0.001, 0.0196905, 0.0353342, 0.0478842, 0.061475, 0.178203, 0.190539, 0.255738, 0.256696, 0.296372, 0.319679, 0.229874, 0.278894, 0.328678, 0.382116, 0.388795, 0.347111, 0.355801, 0.383132, 0.388232, 0.549338, 0.582952, 0.702024, 0.730993, 0.755727, 0.872248, 0.944719, 0.976613, 0.93816, 1, 

286,4704,0.001, 0.0235501, 0.0278572, 0.0673173, 0.0836384, 0.178203, 0.190539, 0.176569, 0.183534, 0.212071, 0.212473, 0.229874, 0.278894, 0.665159, 0.757966, 0.949475, 1, 

308,3259,0.001, 0.00678773, 0.0278572, 0.0673173, 0.124822, 0.222459, 0.271276, 0.632241, 0.311536, 0.32438, 1, 

321,2949,0.001, 0.0235501, 0.0278572, 0.0673173, 0.0836384, 0.0864389, 0.158656, 0.632241, 0.311536, 0.68103, 0.39446, 1, 

285,5540,0.001, 0.0250035, 0.0346475, 0.10635, 0.124822, 0.178203, 0.190539, 0.255738, 0.256696, 0.296372, 0.319679, 0.482123, 0.77719, 0.665159, 0.757966, 0.949475, 1, 

304,3275,0.001, 0.00678773, 0.0278572, 0.0673173, 0.124822, 0.222459, 0.271276, 0.176569, 0.32438, 0.39446, 0.561246, 0.574092, 0.64229, 0.64332, 0.906927, 0.985873, 0.985873, 1, 

295,3575,0.001, 0.00678773, 0.0278572, 0.0673173, 0.124822, 0.178203, 0.190539, 0.209859, 0.300978, 0.32438, 0.39446, 1, 

293,4082,0.001, 0.00678773, 0.0278572, 0.0673173, 0.124822, 0.178203, 0.190539, 0.255738, 0.311536, 0.68103, 0.515736, 1, 

311,3142,0.001, 0.00678773, 0.0278572, 0.0673173, 0.222459, 0.271276, 0.632241, 0.32438, 0.39446, 0.561246, 0.574092, 0.64229, 0.64332, 0.906927, 0.985873, 1, 

289,4699,0.001, 0.00678773, 0.0278572, 0.0673173, 0.124822, 0.222459, 0.271276, 0.632241, 0.311536, 0.296372, 0.319679, 0.482123, 0.77719, 0.665159, 0.757966, 1, 

292,4334,0.001, 0.0196905, 0.0353342, 0.0478842, 0.061475, 0.178203, 0.190539, 0.255738, 0.311536, 0.68103, 0.39446, 1, 

Generation #22
302,3568,0.001, 0.0196905, 0.0353342, 0.0478842, 0.061475, 0.178203, 0.190539, 0.255738, 0.256696, 0.296372, 0.319679, 0.229874, 0.278894, 0.328678, 0.382116, 0.388795, 0.347111, 0.355801, 0.383132, 0.388232, 0.549338, 0.582952, 0.702024, 0.730993, 0.755727, 0.872248, 0.944719, 0.976613, 0.93816, 1, 

286,4704,0.001, 0.0235501, 0.0278572, 0.0673173, 0.0836384, 0.178203, 0.190539, 0.176569, 0.183534, 0.212071, 0.212473, 0.229874, 0.278894, 0.665159, 0.757966, 0.949475, 1, 

308,3259,0.001, 0.00678773, 0.0278572, 0.0673173, 0.124822, 0.222459, 0.271276, 0.632241, 0.311536, 0.32438, 1, 

321,2949,0.001, 0.0235501, 0.0278572, 0.0673173, 0.0836384, 0.0864389, 0.158656, 0.632241, 0.311536, 0.68103, 0.39446, 1, 

285,5540,0.001, 0.0250035, 0.0346475, 0.10635, 0.124822, 0.178203, 0.190539, 0.255738, 0.256696, 0.296372, 0.319679, 0.482123, 0.77719, 0.665159, 0.757966, 0.949475, 1, 

304,3275,0.001, 0.00678773, 0.0278572, 0.0673173, 0.124822, 0.222459, 0.271276, 0.176569, 0.32438, 0.39446, 0.561246, 0.574092, 0.64229, 0.64332, 0.906927, 0.985873, 0.985873, 1, 

295,3575,0.001, 0.00678773, 0.0278572, 0.0673173, 0.124822, 0.178203, 0.190539, 0.209859, 0.300978, 0.32438, 0.39446, 1, 

293,4082,0.001, 0.00678773, 0.0278572, 0.0673173, 0.124822, 0.178203, 0.190539, 0.255738, 0.311536, 0.68103, 0.515736, 1, 

311,3142,0.001, 0.00678773, 0.0278572, 0.0673173, 0.222459, 0.271276, 0.632241, 0.32438, 0.39446, 0.561246, 0.574092, 0.64229, 0.64332, 0.906927, 0.985873, 1, 

289,4699,0.001, 0.00678773, 0.0278572, 0.0673173, 0.124822, 0.222459, 0.271276, 0.632241, 0.311536, 0.296372, 0.319679, 0.482123, 0.77719, 0.665159, 0.757966, 1, 

292,4334,0.001, 0.0196905, 0.0353342, 0.0478842, 0.061475, 0.178203, 0.190539, 0.255738, 0.311536, 0.68103, 0.39446, 1, 

294,4017,0.001, 0.00678773, 0.0278572, 0.0673173, 0.124822, 0.178203, 0.190539, 0.632241, 0.32438, 0.39446, 1, 

Generation #23
286,4704,0.001, 0.0235501, 0.0278572, 0.0673173, 0.0836384, 0.178203, 0.190539, 0.176569, 0.183534, 0.212071, 0.212473, 0.229874, 0.278894, 0.665159, 0.757966, 0.949475, 1, 

308,3259,0.001, 0.00678773, 0.0278572, 0.0673173, 0.124822, 0.222459, 0.271276, 0.632241, 0.311536, 0.32438, 1, 

321,2949,0.001, 0.0235501, 0.0278572, 0.0673173, 0.0836384, 0.0864389, 0.158656, 0.632241, 0.311536, 0.68103, 0.39446, 1, 

285,5540,0.001, 0.0250035, 0.0346475, 0.10635, 0.124822, 0.178203, 0.190539, 0.255738, 0.256696, 0.296372, 0.319679, 0.482123, 0.77719, 0.665159, 0.757966, 0.949475, 1, 

304,3275,0.001, 0.00678773, 0.0278572, 0.0673173, 0.124822, 0.222459, 0.271276, 0.176569, 0.32438, 0.39446, 0.561246, 0.574092, 0.64229, 0.64332, 0.906927, 0.985873, 0.985873, 1, 

295,3575,0.001, 0.00678773, 0.0278572, 0.0673173, 0.124822, 0.178203, 0.190539, 0.209859, 0.300978, 0.32438, 0.39446, 1, 

293,4082,0.001, 0.00678773, 0.0278572, 0.0673173, 0.124822, 0.178203, 0.190539, 0.255738, 0.311536, 0.68103, 0.515736, 1, 

311,3142,0.001, 0.00678773, 0.0278572, 0.0673173, 0.222459, 0.271276, 0.632241, 0.32438, 0.39446, 0.561246, 0.574092, 0.64229, 0.64332, 0.906927, 0.985873, 1, 

289,4699,0.001, 0.00678773, 0.0278572, 0.0673173, 0.124822, 0.222459, 0.271276, 0.632241, 0.311536, 0.296372, 0.319679, 0.482123, 0.77719, 0.665159, 0.757966, 1, 

294,4017,0.001, 0.00678773, 0.0278572, 0.0673173, 0.124822, 0.178203, 0.190539, 0.632241, 0.32438, 0.39446, 1, 

297,3477,0.001, 0.00678773, 0.0278572, 0.0673173, 0.124822, 0.0864389, 0.158656, 0.176569, 0.183534, 0.200135, 0.204213, 0.231522, 0.257678, 0.665159, 0.757966, 0.949475, 1, 

291,4137,0.001, 0.0196905, 0.0353342, 0.0478842, 0.061475, 0.178203, 0.190539, 0.255738, 0.311536, 0.32438, 1, 

Generation #24
286,4704,0.001, 0.0235501, 0.0278572, 0.0673173, 0.0836384, 0.178203, 0.190539, 0.176569, 0.183534, 0.212071, 0.212473, 0.229874, 0.278894, 0.665159, 0.757966, 0.949475, 1, 

321,2949,0.001, 0.0235501, 0.0278572, 0.0673173, 0.0836384, 0.0864389, 0.158656, 0.632241, 0.311536, 0.68103, 0.39446, 1, 

285,5540,0.001, 0.0250035, 0.0346475, 0.10635, 0.124822, 0.178203, 0.190539, 0.255738, 0.256696, 0.296372, 0.319679, 0.482123, 0.77719, 0.665159, 0.757966, 0.949475, 1, 

295,3575,0.001, 0.00678773, 0.0278572, 0.0673173, 0.124822, 0.178203, 0.190539, 0.209859, 0.300978, 0.32438, 0.39446, 1, 

293,4082,0.001, 0.00678773, 0.0278572, 0.0673173, 0.124822, 0.178203, 0.190539, 0.255738, 0.311536, 0.68103, 0.515736, 1, 

311,3142,0.001, 0.00678773, 0.0278572, 0.0673173, 0.222459, 0.271276, 0.632241, 0.32438, 0.39446, 0.561246, 0.574092, 0.64229, 0.64332, 0.906927, 0.985873, 1, 

289,4699,0.001, 0.00678773, 0.0278572, 0.0673173, 0.124822, 0.222459, 0.271276, 0.632241, 0.311536, 0.296372, 0.319679, 0.482123, 0.77719, 0.665159, 0.757966, 1, 

294,4017,0.001, 0.00678773, 0.0278572, 0.0673173, 0.124822, 0.178203, 0.190539, 0.632241, 0.32438, 0.39446, 1, 

291,4137,0.001, 0.0196905, 0.0353342, 0.0478842, 0.061475, 0.178203, 0.190539, 0.255738, 0.311536, 0.32438, 1, 

296,3195,0.001, 0.0192819, 0.0378253, 0.0436689, 0.0488421, 0.126569, 0.176682, 0.209859, 0.39446, 0.561246, 0.574092, 0.64229, 0.64332, 0.906927, 0.985873, 1, 

Generation #25
286,4704,0.001, 0.0235501, 0.0278572, 0.0673173, 0.0836384, 0.178203, 0.190539, 0.176569, 0.183534, 0.212071, 0.212473, 0.229874, 0.278894, 0.665159, 0.757966, 0.949475, 1, 

321,2949,0.001, 0.0235501, 0.0278572, 0.0673173, 0.0836384, 0.0864389, 0.158656, 0.632241, 0.311536, 0.68103, 0.39446, 1, 

285,5540,0.001, 0.0250035, 0.0346475, 0.10635, 0.124822, 0.178203, 0.190539, 0.255738, 0.256696, 0.296372, 0.319679, 0.482123, 0.77719, 0.665159, 0.757966, 0.949475, 1, 

295,3575,0.001, 0.00678773, 0.0278572, 0.0673173, 0.124822, 0.178203, 0.190539, 0.209859, 0.300978, 0.32438, 0.39446, 1, 

293,4082,0.001, 0.00678773, 0.0278572, 0.0673173, 0.124822, 0.178203, 0.190539, 0.255738, 0.311536, 0.68103, 0.515736, 1, 

311,3142,0.001, 0.00678773, 0.0278572, 0.0673173, 0.222459, 0.271276, 0.632241, 0.32438, 0.39446, 0.561246, 0.574092, 0.64229, 0.64332, 0.906927, 0.985873, 1, 

289,4699,0.001, 0.00678773, 0.0278572, 0.0673173, 0.124822, 0.222459, 0.271276, 0.632241, 0.311536, 0.296372, 0.319679, 0.482123, 0.77719, 0.665159, 0.757966, 1, 

294,4017,0.001, 0.00678773, 0.0278572, 0.0673173, 0.124822, 0.178203, 0.190539, 0.632241, 0.32438, 0.39446, 1, 

291,4137,0.001, 0.0196905, 0.0353342, 0.0478842, 0.061475, 0.178203, 0.190539, 0.255738, 0.311536, 0.32438, 1, 

296,3195,0.001, 0.0192819, 0.0378253, 0.0436689, 0.0488421, 0.126569, 0.176682, 0.209859, 0.39446, 0.561246, 0.574092, 0.64229, 0.64332, 0.906927, 0.985873, 1, 

Generation #26
286,4704,0.001, 0.0235501, 0.0278572, 0.0673173, 0.0836384, 0.178203, 0.190539, 0.176569, 0.183534, 0.212071, 0.212473, 0.229874, 0.278894, 0.665159, 0.757966, 0.949475, 1, 

321,2949,0.001, 0.0235501, 0.0278572, 0.0673173, 0.0836384, 0.0864389, 0.158656, 0.632241, 0.311536, 0.68103, 0.39446, 1, 

285,5540,0.001, 0.0250035, 0.0346475, 0.10635, 0.124822, 0.178203, 0.190539, 0.255738, 0.256696, 0.296372, 0.319679, 0.482123, 0.77719, 0.665159, 0.757966, 0.949475, 1, 

295,3575,0.001, 0.00678773, 0.0278572, 0.0673173, 0.124822, 0.178203, 0.190539, 0.209859, 0.300978, 0.32438, 0.39446, 1, 

293,4082,0.001, 0.00678773, 0.0278572, 0.0673173, 0.124822, 0.178203, 0.190539, 0.255738, 0.311536, 0.68103, 0.515736, 1, 

311,3142,0.001, 0.00678773, 0.0278572, 0.0673173, 0.222459, 0.271276, 0.632241, 0.32438, 0.39446, 0.561246, 0.574092, 0.64229, 0.64332, 0.906927, 0.985873, 1, 

289,4699,0.001, 0.00678773, 0.0278572, 0.0673173, 0.124822, 0.222459, 0.271276, 0.632241, 0.311536, 0.296372, 0.319679, 0.482123, 0.77719, 0.665159, 0.757966, 1, 

294,4017,0.001, 0.00678773, 0.0278572, 0.0673173, 0.124822, 0.178203, 0.190539, 0.632241, 0.32438, 0.39446, 1, 

291,4137,0.001, 0.0196905, 0.0353342, 0.0478842, 0.061475, 0.178203, 0.190539, 0.255738, 0.311536, 0.32438, 1, 

296,3195,0.001, 0.0192819, 0.0378253, 0.0436689, 0.0488421, 0.126569, 0.176682, 0.209859, 0.39446, 0.561246, 0.574092, 0.64229, 0.64332, 0.906927, 0.985873, 1, 

Generation #27
286,4704,0.001, 0.0235501, 0.0278572, 0.0673173, 0.0836384, 0.178203, 0.190539, 0.176569, 0.183534, 0.212071, 0.212473, 0.229874, 0.278894, 0.665159, 0.757966, 0.949475, 1, 

321,2949,0.001, 0.0235501, 0.0278572, 0.0673173, 0.0836384, 0.0864389, 0.158656, 0.632241, 0.311536, 0.68103, 0.39446, 1, 

285,5540,0.001, 0.0250035, 0.0346475, 0.10635, 0.124822, 0.178203, 0.190539, 0.255738, 0.256696, 0.296372, 0.319679, 0.482123, 0.77719, 0.665159, 0.757966, 0.949475, 1, 

295,3575,0.001, 0.00678773, 0.0278572, 0.0673173, 0.124822, 0.178203, 0.190539, 0.209859, 0.300978, 0.32438, 0.39446, 1, 

293,4082,0.001, 0.00678773, 0.0278572, 0.0673173, 0.124822, 0.178203, 0.190539, 0.255738, 0.311536, 0.68103, 0.515736, 1, 

311,3142,0.001, 0.00678773, 0.0278572, 0.0673173, 0.222459, 0.271276, 0.632241, 0.32438, 0.39446, 0.561246, 0.574092, 0.64229, 0.64332, 0.906927, 0.985873, 1, 

289,4699,0.001, 0.00678773, 0.0278572, 0.0673173, 0.124822, 0.222459, 0.271276, 0.632241, 0.311536, 0.296372, 0.319679, 0.482123, 0.77719, 0.665159, 0.757966, 1, 

294,4017,0.001, 0.00678773, 0.0278572, 0.0673173, 0.124822, 0.178203, 0.190539, 0.632241, 0.32438, 0.39446, 1, 

291,4137,0.001, 0.0196905, 0.0353342, 0.0478842, 0.061475, 0.178203, 0.190539, 0.255738, 0.311536, 0.32438, 1, 

296,3195,0.001, 0.0192819, 0.0378253, 0.0436689, 0.0488421, 0.126569, 0.176682, 0.209859, 0.39446, 0.561246, 0.574092, 0.64229, 0.64332, 0.906927, 0.985873, 1, 

Generation #28
286,4704,0.001, 0.0235501, 0.0278572, 0.0673173, 0.0836384, 0.178203, 0.190539, 0.176569, 0.183534, 0.212071, 0.212473, 0.229874, 0.278894, 0.665159, 0.757966, 0.949475, 1, 

321,2949,0.001, 0.0235501, 0.0278572, 0.0673173, 0.0836384, 0.0864389, 0.158656, 0.632241, 0.311536, 0.68103, 0.39446, 1, 

285,5540,0.001, 0.0250035, 0.0346475, 0.10635, 0.124822, 0.178203, 0.190539, 0.255738, 0.256696, 0.296372, 0.319679, 0.482123, 0.77719, 0.665159, 0.757966, 0.949475, 1, 

295,3575,0.001, 0.00678773, 0.0278572, 0.0673173, 0.124822, 0.178203, 0.190539, 0.209859, 0.300978, 0.32438, 0.39446, 1, 

293,4082,0.001, 0.00678773, 0.0278572, 0.0673173, 0.124822, 0.178203, 0.190539, 0.255738, 0.311536, 0.68103, 0.515736, 1, 

311,3142,0.001, 0.00678773, 0.0278572, 0.0673173, 0.222459, 0.271276, 0.632241, 0.32438, 0.39446, 0.561246, 0.574092, 0.64229, 0.64332, 0.906927, 0.985873, 1, 

289,4699,0.001, 0.00678773, 0.0278572, 0.0673173, 0.124822, 0.222459, 0.271276, 0.632241, 0.311536, 0.296372, 0.319679, 0.482123, 0.77719, 0.665159, 0.757966, 1, 

294,4017,0.001, 0.00678773, 0.0278572, 0.0673173, 0.124822, 0.178203, 0.190539, 0.632241, 0.32438, 0.39446, 1, 

291,4137,0.001, 0.0196905, 0.0353342, 0.0478842, 0.061475, 0.178203, 0.190539, 0.255738, 0.311536, 0.32438, 1, 

296,3195,0.001, 0.0192819, 0.0378253, 0.0436689, 0.0488421, 0.126569, 0.176682, 0.209859, 0.39446, 0.561246, 0.574092, 0.64229, 0.64332, 0.906927, 0.985873, 1, 

Generation #29
286,4704,0.001, 0.0235501, 0.0278572, 0.0673173, 0.0836384, 0.178203, 0.190539, 0.176569, 0.183534, 0.212071, 0.212473, 0.229874, 0.278894, 0.665159, 0.757966, 0.949475, 1, 

321,2949,0.001, 0.0235501, 0.0278572, 0.0673173, 0.0836384, 0.0864389, 0.158656, 0.632241, 0.311536, 0.68103, 0.39446, 1, 

285,5540,0.001, 0.0250035, 0.0346475, 0.10635, 0.124822, 0.178203, 0.190539, 0.255738, 0.256696, 0.296372, 0.319679, 0.482123, 0.77719, 0.665159, 0.757966, 0.949475, 1, 

295,3575,0.001, 0.00678773, 0.0278572, 0.0673173, 0.124822, 0.178203, 0.190539, 0.209859, 0.300978, 0.32438, 0.39446, 1, 

293,4082,0.001, 0.00678773, 0.0278572, 0.0673173, 0.124822, 0.178203, 0.190539, 0.255738, 0.311536, 0.68103, 0.515736, 1, 

311,3142,0.001, 0.00678773, 0.0278572, 0.0673173, 0.222459, 0.271276, 0.632241, 0.32438, 0.39446, 0.561246, 0.574092, 0.64229, 0.64332, 0.906927, 0.985873, 1, 

289,4699,0.001, 0.00678773, 0.0278572, 0.0673173, 0.124822, 0.222459, 0.271276, 0.632241, 0.311536, 0.296372, 0.319679, 0.482123, 0.77719, 0.665159, 0.757966, 1, 

294,4017,0.001, 0.00678773, 0.0278572, 0.0673173, 0.124822, 0.178203, 0.190539, 0.632241, 0.32438, 0.39446, 1, 

291,4137,0.001, 0.0196905, 0.0353342, 0.0478842, 0.061475, 0.178203, 0.190539, 0.255738, 0.311536, 0.32438, 1, 

296,3195,0.001, 0.0192819, 0.0378253, 0.0436689, 0.0488421, 0.126569, 0.176682, 0.209859, 0.39446, 0.561246, 0.574092, 0.64229, 0.64332, 0.906927, 0.985873, 1, 

Generation #30
286,4704,0.001, 0.0235501, 0.0278572, 0.0673173, 0.0836384, 0.178203, 0.190539, 0.176569, 0.183534, 0.212071, 0.212473, 0.229874, 0.278894, 0.665159, 0.757966, 0.949475, 1, 

321,2949,0.001, 0.0235501, 0.0278572, 0.0673173, 0.0836384, 0.0864389, 0.158656, 0.632241, 0.311536, 0.68103, 0.39446, 1, 

285,5540,0.001, 0.0250035, 0.0346475, 0.10635, 0.124822, 0.178203, 0.190539, 0.255738, 0.256696, 0.296372, 0.319679, 0.482123, 0.77719, 0.665159, 0.757966, 0.949475, 1, 

295,3575,0.001, 0.00678773, 0.0278572, 0.0673173, 0.124822, 0.178203, 0.190539, 0.209859, 0.300978, 0.32438, 0.39446, 1, 

293,4082,0.001, 0.00678773, 0.0278572, 0.0673173, 0.124822, 0.178203, 0.190539, 0.255738, 0.311536, 0.68103, 0.515736, 1, 

311,3142,0.001, 0.00678773, 0.0278572, 0.0673173, 0.222459, 0.271276, 0.632241, 0.32438, 0.39446, 0.561246, 0.574092, 0.64229, 0.64332, 0.906927, 0.985873, 1, 

289,4699,0.001, 0.00678773, 0.0278572, 0.0673173, 0.124822, 0.222459, 0.271276, 0.632241, 0.311536, 0.296372, 0.319679, 0.482123, 0.77719, 0.665159, 0.757966, 1, 

294,4017,0.001, 0.00678773, 0.0278572, 0.0673173, 0.124822, 0.178203, 0.190539, 0.632241, 0.32438, 0.39446, 1, 

291,4137,0.001, 0.0196905, 0.0353342, 0.0478842, 0.061475, 0.178203, 0.190539, 0.255738, 0.311536, 0.32438, 1, 

296,3195,0.001, 0.0192819, 0.0378253, 0.0436689, 0.0488421, 0.126569, 0.176682, 0.209859, 0.39446, 0.561246, 0.574092, 0.64229, 0.64332, 0.906927, 0.985873, 1, 

Generation #31
286,4704,0.001, 0.0235501, 0.0278572, 0.0673173, 0.0836384, 0.178203, 0.190539, 0.176569, 0.183534, 0.212071, 0.212473, 0.229874, 0.278894, 0.665159, 0.757966, 0.949475, 1, 

321,2949,0.001, 0.0235501, 0.0278572, 0.0673173, 0.0836384, 0.0864389, 0.158656, 0.632241, 0.311536, 0.68103, 0.39446, 1, 

285,5540,0.001, 0.0250035, 0.0346475, 0.10635, 0.124822, 0.178203, 0.190539, 0.255738, 0.256696, 0.296372, 0.319679, 0.482123, 0.77719, 0.665159, 0.757966, 0.949475, 1, 

295,3575,0.001, 0.00678773, 0.0278572, 0.0673173, 0.124822, 0.178203, 0.190539, 0.209859, 0.300978, 0.32438, 0.39446, 1, 

293,4082,0.001, 0.00678773, 0.0278572, 0.0673173, 0.124822, 0.178203, 0.190539, 0.255738, 0.311536, 0.68103, 0.515736, 1, 

311,3142,0.001, 0.00678773, 0.0278572, 0.0673173, 0.222459, 0.271276, 0.632241, 0.32438, 0.39446, 0.561246, 0.574092, 0.64229, 0.64332, 0.906927, 0.985873, 1, 

289,4699,0.001, 0.00678773, 0.0278572, 0.0673173, 0.124822, 0.222459, 0.271276, 0.632241, 0.311536, 0.296372, 0.319679, 0.482123, 0.77719, 0.665159, 0.757966, 1, 

294,4017,0.001, 0.00678773, 0.0278572, 0.0673173, 0.124822, 0.178203, 0.190539, 0.632241, 0.32438, 0.39446, 1, 

291,4137,0.001, 0.0196905, 0.0353342, 0.0478842, 0.061475, 0.178203, 0.190539, 0.255738, 0.311536, 0.32438, 1, 

296,3195,0.001, 0.0192819, 0.0378253, 0.0436689, 0.0488421, 0.126569, 0.176682, 0.209859, 0.39446, 0.561246, 0.574092, 0.64229, 0.64332, 0.906927, 0.985873, 1, 

Generation #32
286,4704,0.001, 0.0235501, 0.0278572, 0.0673173, 0.0836384, 0.178203, 0.190539, 0.176569, 0.183534, 0.212071, 0.212473, 0.229874, 0.278894, 0.665159, 0.757966, 0.949475, 1, 

321,2949,0.001, 0.0235501, 0.0278572, 0.0673173, 0.0836384, 0.0864389, 0.158656, 0.632241, 0.311536, 0.68103, 0.39446, 1, 

285,5540,0.001, 0.0250035, 0.0346475, 0.10635, 0.124822, 0.178203, 0.190539, 0.255738, 0.256696, 0.296372, 0.319679, 0.482123, 0.77719, 0.665159, 0.757966, 0.949475, 1, 

295,3575,0.001, 0.00678773, 0.0278572, 0.0673173, 0.124822, 0.178203, 0.190539, 0.209859, 0.300978, 0.32438, 0.39446, 1, 

293,4082,0.001, 0.00678773, 0.0278572, 0.0673173, 0.124822, 0.178203, 0.190539, 0.255738, 0.311536, 0.68103, 0.515736, 1, 

311,3142,0.001, 0.00678773, 0.0278572, 0.0673173, 0.222459, 0.271276, 0.632241, 0.32438, 0.39446, 0.561246, 0.574092, 0.64229, 0.64332, 0.906927, 0.985873, 1, 

289,4699,0.001, 0.00678773, 0.0278572, 0.0673173, 0.124822, 0.222459, 0.271276, 0.632241, 0.311536, 0.296372, 0.319679, 0.482123, 0.77719, 0.665159, 0.757966, 1, 

291,4137,0.001, 0.0196905, 0.0353342, 0.0478842, 0.061475, 0.178203, 0.190539, 0.255738, 0.311536, 0.32438, 1, 

296,3195,0.001, 0.0192819, 0.0378253, 0.0436689, 0.0488421, 0.126569, 0.176682, 0.209859, 0.39446, 0.561246, 0.574092, 0.64229, 0.64332, 0.906927, 0.985873, 1, 

294,3666,0.001, 0.0196905, 0.0353342, 0.0478842, 0.061475, 0.178203, 0.190539, 0.255738, 0.197238, 0.200135, 0.204213, 1, 

Generation #33
286,4704,0.001, 0.0235501, 0.0278572, 0.0673173, 0.0836384, 0.178203, 0.190539, 0.176569, 0.183534, 0.212071, 0.212473, 0.229874, 0.278894, 0.665159, 0.757966, 0.949475, 1, 

321,2949,0.001, 0.0235501, 0.0278572, 0.0673173, 0.0836384, 0.0864389, 0.158656, 0.632241, 0.311536, 0.68103, 0.39446, 1, 

285,5540,0.001, 0.0250035, 0.0346475, 0.10635, 0.124822, 0.178203, 0.190539, 0.255738, 0.256696, 0.296372, 0.319679, 0.482123, 0.77719, 0.665159, 0.757966, 0.949475, 1, 

311,3142,0.001, 0.00678773, 0.0278572, 0.0673173, 0.222459, 0.271276, 0.632241, 0.32438, 0.39446, 0.561246, 0.574092, 0.64229, 0.64332, 0.906927, 0.985873, 1, 

289,4699,0.001, 0.00678773, 0.0278572, 0.0673173, 0.124822, 0.222459, 0.271276, 0.632241, 0.311536, 0.296372, 0.319679, 0.482123, 0.77719, 0.665159, 0.757966, 1, 

291,4137,0.001, 0.0196905, 0.0353342, 0.0478842, 0.061475, 0.178203, 0.190539, 0.255738, 0.311536, 0.32438, 1, 

296,3195,0.001, 0.0192819, 0.0378253, 0.0436689, 0.0488421, 0.126569, 0.176682, 0.209859, 0.39446, 0.561246, 0.574092, 0.64229, 0.64332, 0.906927, 0.985873, 1, 

292,3488,0.001, 0.00678773, 0.0278572, 0.0673173, 0.061475, 0.178203, 0.190539, 0.255738, 0.311536, 0.32438, 0.39446, 1, 

Generation #34
286,4704,0.001, 0.0235501, 0.0278572, 0.0673173, 0.0836384, 0.178203, 0.190539, 0.176569, 0.183534, 0.212071, 0.212473, 0.229874, 0.278894, 0.665159, 0.757966, 0.949475, 1, 

321,2949,0.001, 0.0235501, 0.0278572, 0.0673173, 0.0836384, 0.0864389, 0.158656, 0.632241, 0.311536, 0.68103, 0.39446, 1, 

285,5540,0.001, 0.0250035, 0.0346475, 0.10635, 0.124822, 0.178203, 0.190539, 0.255738, 0.256696, 0.296372, 0.319679, 0.482123, 0.77719, 0.665159, 0.757966, 0.949475, 1, 

311,3142,0.001, 0.00678773, 0.0278572, 0.0673173, 0.222459, 0.271276, 0.632241, 0.32438, 0.39446, 0.561246, 0.574092, 0.64229, 0.64332, 0.906927, 0.985873, 1, 

289,4699,0.001, 0.00678773, 0.0278572, 0.0673173, 0.124822, 0.222459, 0.271276, 0.632241, 0.311536, 0.296372, 0.319679, 0.482123, 0.77719, 0.665159, 0.757966, 1, 

291,4137,0.001, 0.0196905, 0.0353342, 0.0478842, 0.061475, 0.178203, 0.190539, 0.255738, 0.311536, 0.32438, 1, 

296,3195,0.001, 0.0192819, 0.0378253, 0.0436689, 0.0488421, 0.126569, 0.176682, 0.209859, 0.39446, 0.561246, 0.574092, 0.64229, 0.64332, 0.906927, 0.985873, 1, 

292,3488,0.001, 0.00678773, 0.0278572, 0.0673173, 0.061475, 0.178203, 0.190539, 0.255738, 0.311536, 0.32438, 0.39446, 1, 

Generation #35
286,4704,0.001, 0.0235501, 0.0278572, 0.0673173, 0.0836384, 0.178203, 0.190539, 0.176569, 0.183534, 0.212071, 0.212473, 0.229874, 0.278894, 0.665159, 0.757966, 0.949475, 1, 

321,2949,0.001, 0.0235501, 0.0278572, 0.0673173, 0.0836384, 0.0864389, 0.158656, 0.632241, 0.311536, 0.68103, 0.39446, 1, 

285,5540,0.001, 0.0250035, 0.0346475, 0.10635, 0.124822, 0.178203, 0.190539, 0.255738, 0.256696, 0.296372, 0.319679, 0.482123, 0.77719, 0.665159, 0.757966, 0.949475, 1, 

311,3142,0.001, 0.00678773, 0.0278572, 0.0673173, 0.222459, 0.271276, 0.632241, 0.32438, 0.39446, 0.561246, 0.574092, 0.64229, 0.64332, 0.906927, 0.985873, 1, 

289,4699,0.001, 0.00678773, 0.0278572, 0.0673173, 0.124822, 0.222459, 0.271276, 0.632241, 0.311536, 0.296372, 0.319679, 0.482123, 0.77719, 0.665159, 0.757966, 1, 

296,3195,0.001, 0.0192819, 0.0378253, 0.0436689, 0.0488421, 0.126569, 0.176682, 0.209859, 0.39446, 0.561246, 0.574092, 0.64229, 0.64332, 0.906927, 0.985873, 1, 

292,3488,0.001, 0.00678773, 0.0278572, 0.0673173, 0.061475, 0.178203, 0.190539, 0.255738, 0.311536, 0.32438, 0.39446, 1, 

290,3848,0.001, 0.00678773, 0.0278572, 0.0673173, 0.124822, 0.178203, 0.190539, 0.255738, 0.256696, 0.296372, 0.319679, 1, 

Generation #36
286,4704,0.001, 0.0235501, 0.0278572, 0.0673173, 0.0836384, 0.178203, 0.190539, 0.176569, 0.183534, 0.212071, 0.212473, 0.229874, 0.278894, 0.665159, 0.757966, 0.949475, 1, 

321,2949,0.001, 0.0235501, 0.0278572, 0.0673173, 0.0836384, 0.0864389, 0.158656, 0.632241, 0.311536, 0.68103, 0.39446, 1, 

285,5540,0.001, 0.0250035, 0.0346475, 0.10635, 0.124822, 0.178203, 0.190539, 0.255738, 0.256696, 0.296372, 0.319679, 0.482123, 0.77719, 0.665159, 0.757966, 0.949475, 1, 

311,3142,0.001, 0.00678773, 0.0278572, 0.0673173, 0.222459, 0.271276, 0.632241, 0.32438, 0.39446, 0.561246, 0.574092, 0.64229, 0.64332, 0.906927, 0.985873, 1, 

289,4699,0.001, 0.00678773, 0.0278572, 0.0673173, 0.124822, 0.222459, 0.271276, 0.632241, 0.311536, 0.296372, 0.319679, 0.482123, 0.77719, 0.665159, 0.757966, 1, 

296,3195,0.001, 0.0192819, 0.0378253, 0.0436689, 0.0488421, 0.126569, 0.176682, 0.209859, 0.39446, 0.561246, 0.574092, 0.64229, 0.64332, 0.906927, 0.985873, 1, 

292,3488,0.001, 0.00678773, 0.0278572, 0.0673173, 0.061475, 0.178203, 0.190539, 0.255738, 0.311536, 0.32438, 0.39446, 1, 

290,3848,0.001, 0.00678773, 0.0278572, 0.0673173, 0.124822, 0.178203, 0.190539, 0.255738, 0.256696, 0.296372, 0.319679, 1, 

Generation #37
286,4704,0.001, 0.0235501, 0.0278572, 0.0673173, 0.0836384, 0.178203, 0.190539, 0.176569, 0.183534, 0.212071, 0.212473, 0.229874, 0.278894, 0.665159, 0.757966, 0.949475, 1, 

321,2949,0.001, 0.0235501, 0.0278572, 0.0673173, 0.0836384, 0.0864389, 0.158656, 0.632241, 0.311536, 0.68103, 0.39446, 1, 

285,5540,0.001, 0.0250035, 0.0346475, 0.10635, 0.124822, 0.178203, 0.190539, 0.255738, 0.256696, 0.296372, 0.319679, 0.482123, 0.77719, 0.665159, 0.757966, 0.949475, 1, 

311,3142,0.001, 0.00678773, 0.0278572, 0.0673173, 0.222459, 0.271276, 0.632241, 0.32438, 0.39446, 0.561246, 0.574092, 0.64229, 0.64332, 0.906927, 0.985873, 1, 

289,4699,0.001, 0.00678773, 0.0278572, 0.0673173, 0.124822, 0.222459, 0.271276, 0.632241, 0.311536, 0.296372, 0.319679, 0.482123, 0.77719, 0.665159, 0.757966, 1, 

296,3195,0.001, 0.0192819, 0.0378253, 0.0436689, 0.0488421, 0.126569, 0.176682, 0.209859, 0.39446, 0.561246, 0.574092, 0.64229, 0.64332, 0.906927, 0.985873, 1, 

292,3488,0.001, 0.00678773, 0.0278572, 0.0673173, 0.061475, 0.178203, 0.190539, 0.255738, 0.311536, 0.32438, 0.39446, 1, 

290,3848,0.001, 0.00678773, 0.0278572, 0.0673173, 0.124822, 0.178203, 0.190539, 0.255738, 0.256696, 0.296372, 0.319679, 1, 

Generation #38
286,4704,0.001, 0.0235501, 0.0278572, 0.0673173, 0.0836384, 0.178203, 0.190539, 0.176569, 0.183534, 0.212071, 0.212473, 0.229874, 0.278894, 0.665159, 0.757966, 0.949475, 1, 

285,5540,0.001, 0.0250035, 0.0346475, 0.10635, 0.124822, 0.178203, 0.190539, 0.255738, 0.256696, 0.296372, 0.319679, 0.482123, 0.77719, 0.665159, 0.757966, 0.949475, 1, 

311,3142,0.001, 0.00678773, 0.0278572, 0.0673173, 0.222459, 0.271276, 0.632241, 0.32438, 0.39446, 0.561246, 0.574092, 0.64229, 0.64332, 0.906927, 0.985873, 1, 

289,4699,0.001, 0.00678773, 0.0278572, 0.0673173, 0.124822, 0.222459, 0.271276, 0.632241, 0.311536, 0.296372, 0.319679, 0.482123, 0.77719, 0.665159, 0.757966, 1, 

296,3195,0.001, 0.0192819, 0.0378253, 0.0436689, 0.0488421, 0.126569, 0.176682, 0.209859, 0.39446, 0.561246, 0.574092, 0.64229, 0.64332, 0.906927, 0.985873, 1, 

292,3488,0.001, 0.00678773, 0.0278572, 0.0673173, 0.061475, 0.178203, 0.190539, 0.255738, 0.311536, 0.32438, 0.39446, 1, 

290,3848,0.001, 0.00678773, 0.0278572, 0.0673173, 0.124822, 0.178203, 0.190539, 0.255738, 0.256696, 0.296372, 0.319679, 1, 

314,3121,0.001, 0.00678773, 0.0278572, 0.0673173, 0.124822, 0.178203, 0.190539, 0.709805, 0.255738, 0.256696, 0.296372, 0.319679, 1, 

317,2881,0.001, 0.00678773, 0.0278572, 0.0673173, 0.124822, 0.178203, 0.190539, 0.255738, 0.311536, 0.32438, 0.39446, 1, 

Generation #39
286,4704,0.001, 0.0235501, 0.0278572, 0.0673173, 0.0836384, 0.178203, 0.190539, 0.176569, 0.183534, 0.212071, 0.212473, 0.229874, 0.278894, 0.665159, 0.757966, 0.949475, 1, 

285,5540,0.001, 0.0250035, 0.0346475, 0.10635, 0.124822, 0.178203, 0.190539, 0.255738, 0.256696, 0.296372, 0.319679, 0.482123, 0.77719, 0.665159, 0.757966, 0.949475, 1, 

311,3142,0.001, 0.00678773, 0.0278572, 0.0673173, 0.222459, 0.271276, 0.632241, 0.32438, 0.39446, 0.561246, 0.574092, 0.64229, 0.64332, 0.906927, 0.985873, 1, 

289,4699,0.001, 0.00678773, 0.0278572, 0.0673173, 0.124822, 0.222459, 0.271276, 0.632241, 0.311536, 0.296372, 0.319679, 0.482123, 0.77719, 0.665159, 0.757966, 1, 

296,3195,0.001, 0.0192819, 0.0378253, 0.0436689, 0.0488421, 0.126569, 0.176682, 0.209859, 0.39446, 0.561246, 0.574092, 0.64229, 0.64332, 0.906927, 0.985873, 1, 

292,3488,0.001, 0.00678773, 0.0278572, 0.0673173, 0.061475, 0.178203, 0.190539, 0.255738, 0.311536, 0.32438, 0.39446, 1, 

290,3848,0.001, 0.00678773, 0.0278572, 0.0673173, 0.124822, 0.178203, 0.190539, 0.255738, 0.256696, 0.296372, 0.319679, 1, 

314,3121,0.001, 0.00678773, 0.0278572, 0.0673173, 0.124822, 0.178203, 0.190539, 0.709805, 0.255738, 0.256696, 0.296372, 0.319679, 1, 

317,2881,0.001, 0.00678773, 0.0278572, 0.0673173, 0.124822, 0.178203, 0.190539, 0.255738, 0.311536, 0.32438, 0.39446, 1, 

Generation #40
286,4704,0.001, 0.0235501, 0.0278572, 0.0673173, 0.0836384, 0.178203, 0.190539, 0.176569, 0.183534, 0.212071, 0.212473, 0.229874, 0.278894, 0.665159, 0.757966, 0.949475, 1, 

285,5540,0.001, 0.0250035, 0.0346475, 0.10635, 0.124822, 0.178203, 0.190539, 0.255738, 0.256696, 0.296372, 0.319679, 0.482123, 0.77719, 0.665159, 0.757966, 0.949475, 1, 

311,3142,0.001, 0.00678773, 0.0278572, 0.0673173, 0.222459, 0.271276, 0.632241, 0.32438, 0.39446, 0.561246, 0.574092, 0.64229, 0.64332, 0.906927, 0.985873, 1, 

289,4699,0.001, 0.00678773, 0.0278572, 0.0673173, 0.124822, 0.222459, 0.271276, 0.632241, 0.311536, 0.296372, 0.319679, 0.482123, 0.77719, 0.665159, 0.757966, 1, 

296,3195,0.001, 0.0192819, 0.0378253, 0.0436689, 0.0488421, 0.126569, 0.176682, 0.209859, 0.39446, 0.561246, 0.574092, 0.64229, 0.64332, 0.906927, 0.985873, 1, 

292,3488,0.001, 0.00678773, 0.0278572, 0.0673173, 0.061475, 0.178203, 0.190539, 0.255738, 0.311536, 0.32438, 0.39446, 1, 

290,3848,0.001, 0.00678773, 0.0278572, 0.0673173, 0.124822, 0.178203, 0.190539, 0.255738, 0.256696, 0.296372, 0.319679, 1, 

314,3121,0.001, 0.00678773, 0.0278572, 0.0673173, 0.124822, 0.178203, 0.190539, 0.709805, 0.255738, 0.256696, 0.296372, 0.319679, 1, 

317,2881,0.001, 0.00678773, 0.0278572, 0.0673173, 0.124822, 0.178203, 0.190539, 0.255738, 0.311536, 0.32438, 0.39446, 1, 

Generation #41
286,4704,0.001, 0.0235501, 0.0278572, 0.0673173, 0.0836384, 0.178203, 0.190539, 0.176569, 0.183534, 0.212071, 0.212473, 0.229874, 0.278894, 0.665159, 0.757966, 0.949475, 1, 

285,5540,0.001, 0.0250035, 0.0346475, 0.10635, 0.124822, 0.178203, 0.190539, 0.255738, 0.256696, 0.296372, 0.319679, 0.482123, 0.77719, 0.665159, 0.757966, 0.949475, 1, 

289,4699,0.001, 0.00678773, 0.0278572, 0.0673173, 0.124822, 0.222459, 0.271276, 0.632241, 0.311536, 0.296372, 0.319679, 0.482123, 0.77719, 0.665159, 0.757966, 1, 

296,3195,0.001, 0.0192819, 0.0378253, 0.0436689, 0.0488421, 0.126569, 0.176682, 0.209859, 0.39446, 0.561246, 0.574092, 0.64229, 0.64332, 0.906927, 0.985873, 1, 

292,3488,0.001, 0.00678773, 0.0278572, 0.0673173, 0.061475, 0.178203, 0.190539, 0.255738, 0.311536, 0.32438, 0.39446, 1, 

290,3848,0.001, 0.00678773, 0.0278572, 0.0673173, 0.124822, 0.178203, 0.190539, 0.255738, 0.256696, 0.296372, 0.319679, 1, 

317,2881,0.001, 0.00678773, 0.0278572, 0.0673173, 0.124822, 0.178203, 0.190539, 0.255738, 0.311536, 0.32438, 0.39446, 1, 

298,3033,0.001, 0.00678773, 0.0278572, 0.0673173, 0.124822, 0.178203, 0.190539, 0.162662, 0.255738, 0.256696, 0.296372, 1, 

Generation #42
286,4704,0.001, 0.0235501, 0.0278572, 0.0673173, 0.0836384, 0.178203, 0.190539, 0.176569, 0.183534, 0.212071, 0.212473, 0.229874, 0.278894, 0.665159, 0.757966, 0.949475, 1, 

285,5540,0.001, 0.0250035, 0.0346475, 0.10635, 0.124822, 0.178203, 0.190539, 0.255738, 0.256696, 0.296372, 0.319679, 0.482123, 0.77719, 0.665159, 0.757966, 0.949475, 1, 

289,4699,0.001, 0.00678773, 0.0278572, 0.0673173, 0.124822, 0.222459, 0.271276, 0.632241, 0.311536, 0.296372, 0.319679, 0.482123, 0.77719, 0.665159, 0.757966, 1, 

296,3195,0.001, 0.0192819, 0.0378253, 0.0436689, 0.0488421, 0.126569, 0.176682, 0.209859, 0.39446, 0.561246, 0.574092, 0.64229, 0.64332, 0.906927, 0.985873, 1, 

292,3488,0.001, 0.00678773, 0.0278572, 0.0673173, 0.061475, 0.178203, 0.190539, 0.255738, 0.311536, 0.32438, 0.39446, 1, 

290,3848,0.001, 0.00678773, 0.0278572, 0.0673173, 0.124822, 0.178203, 0.190539, 0.255738, 0.256696, 0.296372, 0.319679, 1, 

317,2881,0.001, 0.00678773, 0.0278572, 0.0673173, 0.124822, 0.178203, 0.190539, 0.255738, 0.311536, 0.32438, 0.39446, 1, 

298,3033,0.001, 0.00678773, 0.0278572, 0.0673173, 0.124822, 0.178203, 0.190539, 0.162662, 0.255738, 0.256696, 0.296372, 1, 

Generation #43
286,4704,0.001, 0.0235501, 0.0278572, 0.0673173, 0.0836384, 0.178203, 0.190539, 0.176569, 0.183534, 0.212071, 0.212473, 0.229874, 0.278894, 0.665159, 0.757966, 0.949475, 1, 

285,5540,0.001, 0.0250035, 0.0346475, 0.10635, 0.124822, 0.178203, 0.190539, 0.255738, 0.256696, 0.296372, 0.319679, 0.482123, 0.77719, 0.665159, 0.757966, 0.949475, 1, 

289,4699,0.001, 0.00678773, 0.0278572, 0.0673173, 0.124822, 0.222459, 0.271276, 0.632241, 0.311536, 0.296372, 0.319679, 0.482123, 0.77719, 0.665159, 0.757966, 1, 

296,3195,0.001, 0.0192819, 0.0378253, 0.0436689, 0.0488421, 0.126569, 0.176682, 0.209859, 0.39446, 0.561246, 0.574092, 0.64229, 0.64332, 0.906927, 0.985873, 1, 

292,3488,0.001, 0.00678773, 0.0278572, 0.0673173, 0.061475, 0.178203, 0.190539, 0.255738, 0.311536, 0.32438, 0.39446, 1, 

290,3848,0.001, 0.00678773, 0.0278572, 0.0673173, 0.124822, 0.178203, 0.190539, 0.255738, 0.256696, 0.296372, 0.319679, 1, 

317,2881,0.001, 0.00678773, 0.0278572, 0.0673173, 0.124822, 0.178203, 0.190539, 0.255738, 0.311536, 0.32438, 0.39446, 1, 

298,3033,0.001, 0.00678773, 0.0278572, 0.0673173, 0.124822, 0.178203, 0.190539, 0.162662, 0.255738, 0.256696, 0.296372, 1, 

Generation #44
286,4704,0.001, 0.0235501, 0.0278572, 0.0673173, 0.0836384, 0.178203, 0.190539, 0.176569, 0.183534, 0.212071, 0.212473, 0.229874, 0.278894, 0.665159, 0.757966, 0.949475, 1, 

285,5540,0.001, 0.0250035, 0.0346475, 0.10635, 0.124822, 0.178203, 0.190539, 0.255738, 0.256696, 0.296372, 0.319679, 0.482123, 0.77719, 0.665159, 0.757966, 0.949475, 1, 

289,4699,0.001, 0.00678773, 0.0278572, 0.0673173, 0.124822, 0.222459, 0.271276, 0.632241, 0.311536, 0.296372, 0.319679, 0.482123, 0.77719, 0.665159, 0.757966, 1, 

296,3195,0.001, 0.0192819, 0.0378253, 0.0436689, 0.0488421, 0.126569, 0.176682, 0.209859, 0.39446, 0.561246, 0.574092, 0.64229, 0.64332, 0.906927, 0.985873, 1, 

292,3488,0.001, 0.00678773, 0.0278572, 0.0673173, 0.061475, 0.178203, 0.190539, 0.255738, 0.311536, 0.32438, 0.39446, 1, 

290,3848,0.001, 0.00678773, 0.0278572, 0.0673173, 0.124822, 0.178203, 0.190539, 0.255738, 0.256696, 0.296372, 0.319679, 1, 

317,2881,0.001, 0.00678773, 0.0278572, 0.0673173, 0.124822, 0.178203, 0.190539, 0.255738, 0.311536, 0.32438, 0.39446, 1, 

298,3033,0.001, 0.00678773, 0.0278572, 0.0673173, 0.124822, 0.178203, 0.190539, 0.162662, 0.255738, 0.256696, 0.296372, 1, 

Generation #45
286,4704,0.001, 0.0235501, 0.0278572, 0.0673173, 0.0836384, 0.178203, 0.190539, 0.176569, 0.183534, 0.212071, 0.212473, 0.229874, 0.278894, 0.665159, 0.757966, 0.949475, 1, 

285,5540,0.001, 0.0250035, 0.0346475, 0.10635, 0.124822, 0.178203, 0.190539, 0.255738, 0.256696, 0.296372, 0.319679, 0.482123, 0.77719, 0.665159, 0.757966, 0.949475, 1, 

289,4699,0.001, 0.00678773, 0.0278572, 0.0673173, 0.124822, 0.222459, 0.271276, 0.632241, 0.311536, 0.296372, 0.319679, 0.482123, 0.77719, 0.665159, 0.757966, 1, 

296,3195,0.001, 0.0192819, 0.0378253, 0.0436689, 0.0488421, 0.126569, 0.176682, 0.209859, 0.39446, 0.561246, 0.574092, 0.64229, 0.64332, 0.906927, 0.985873, 1, 

292,3488,0.001, 0.00678773, 0.0278572, 0.0673173, 0.061475, 0.178203, 0.190539, 0.255738, 0.311536, 0.32438, 0.39446, 1, 

290,3848,0.001, 0.00678773, 0.0278572, 0.0673173, 0.124822, 0.178203, 0.190539, 0.255738, 0.256696, 0.296372, 0.319679, 1, 

317,2881,0.001, 0.00678773, 0.0278572, 0.0673173, 0.124822, 0.178203, 0.190539, 0.255738, 0.311536, 0.32438, 0.39446, 1, 

298,3033,0.001, 0.00678773, 0.0278572, 0.0673173, 0.124822, 0.178203, 0.190539, 0.162662, 0.255738, 0.256696, 0.296372, 1, 

Generation #46
286,4704,0.001, 0.0235501, 0.0278572, 0.0673173, 0.0836384, 0.178203, 0.190539, 0.176569, 0.183534, 0.212071, 0.212473, 0.229874, 0.278894, 0.665159, 0.757966, 0.949475, 1, 

285,5540,0.001, 0.0250035, 0.0346475, 0.10635, 0.124822, 0.178203, 0.190539, 0.255738, 0.256696, 0.296372, 0.319679, 0.482123, 0.77719, 0.665159, 0.757966, 0.949475, 1, 

289,4699,0.001, 0.00678773, 0.0278572, 0.0673173, 0.124822, 0.222459, 0.271276, 0.632241, 0.311536, 0.296372, 0.319679, 0.482123, 0.77719, 0.665159, 0.757966, 1, 

296,3195,0.001, 0.0192819, 0.0378253, 0.0436689, 0.0488421, 0.126569, 0.176682, 0.209859, 0.39446, 0.561246, 0.574092, 0.64229, 0.64332, 0.906927, 0.985873, 1, 

292,3488,0.001, 0.00678773, 0.0278572, 0.0673173, 0.061475, 0.178203, 0.190539, 0.255738, 0.311536, 0.32438, 0.39446, 1, 

290,3848,0.001, 0.00678773, 0.0278572, 0.0673173, 0.124822, 0.178203, 0.190539, 0.255738, 0.256696, 0.296372, 0.319679, 1, 

317,2881,0.001, 0.00678773, 0.0278572, 0.0673173, 0.124822, 0.178203, 0.190539, 0.255738, 0.311536, 0.32438, 0.39446, 1, 

298,3033,0.001, 0.00678773, 0.0278572, 0.0673173, 0.124822, 0.178203, 0.190539, 0.162662, 0.255738, 0.256696, 0.296372, 1, 

Generation #47
285,5540,0.001, 0.0250035, 0.0346475, 0.10635, 0.124822, 0.178203, 0.190539, 0.255738, 0.256696, 0.296372, 0.319679, 0.482123, 0.77719, 0.665159, 0.757966, 0.949475, 1, 

296,3195,0.001, 0.0192819, 0.0378253, 0.0436689, 0.0488421, 0.126569, 0.176682, 0.209859, 0.39446, 0.561246, 0.574092, 0.64229, 0.64332, 0.906927, 0.985873, 1, 

292,3488,0.001, 0.00678773, 0.0278572, 0.0673173, 0.061475, 0.178203, 0.190539, 0.255738, 0.311536, 0.32438, 0.39446, 1, 

317,2881,0.001, 0.00678773, 0.0278572, 0.0673173, 0.124822, 0.178203, 0.190539, 0.255738, 0.311536, 0.32438, 0.39446, 1, 

298,3033,0.001, 0.00678773, 0.0278572, 0.0673173, 0.124822, 0.178203, 0.190539, 0.162662, 0.255738, 0.256696, 0.296372, 1, 

295,3407,0.001, 0.00678773, 0.0278572, 0.0673173, 0.124822, 0.178203, 0.190539, 0.209859, 0.300978, 0.32438, 0.39446, 1, 

286,3800,0.001, 0.00678773, 0.0278572, 0.0673173, 0.124822, 0.628004, 0.190539, 0.255738, 0.256696, 0.296372, 0.319679, 1, 

Generation #48
285,5540,0.001, 0.0250035, 0.0346475, 0.10635, 0.124822, 0.178203, 0.190539, 0.255738, 0.256696, 0.296372, 0.319679, 0.482123, 0.77719, 0.665159, 0.757966, 0.949475, 1, 

296,3195,0.001, 0.0192819, 0.0378253, 0.0436689, 0.0488421, 0.126569, 0.176682, 0.209859, 0.39446, 0.561246, 0.574092, 0.64229, 0.64332, 0.906927, 0.985873, 1, 

292,3488,0.001, 0.00678773, 0.0278572, 0.0673173, 0.061475, 0.178203, 0.190539, 0.255738, 0.311536, 0.32438, 0.39446, 1, 

317,2881,0.001, 0.00678773, 0.0278572, 0.0673173, 0.124822, 0.178203, 0.190539, 0.255738, 0.311536, 0.32438, 0.39446, 1, 

298,3033,0.001, 0.00678773, 0.0278572, 0.0673173, 0.124822, 0.178203, 0.190539, 0.162662, 0.255738, 0.256696, 0.296372, 1, 

295,3407,0.001, 0.00678773, 0.0278572, 0.0673173, 0.124822, 0.178203, 0.190539, 0.209859, 0.300978, 0.32438, 0.39446, 1, 

286,3800,0.001, 0.00678773, 0.0278572, 0.0673173, 0.124822, 0.628004, 0.190539, 0.255738, 0.256696, 0.296372, 0.319679, 1, 

Generation #49
285,5540,0.001, 0.0250035, 0.0346475, 0.10635, 0.124822, 0.178203, 0.190539, 0.255738, 0.256696, 0.296372, 0.319679, 0.482123, 0.77719, 0.665159, 0.757966, 0.949475, 1, 

296,3195,0.001, 0.0192819, 0.0378253, 0.0436689, 0.0488421, 0.126569, 0.176682, 0.209859, 0.39446, 0.561246, 0.574092, 0.64229, 0.64332, 0.906927, 0.985873, 1, 

292,3488,0.001, 0.00678773, 0.0278572, 0.0673173, 0.061475, 0.178203, 0.190539, 0.255738, 0.311536, 0.32438, 0.39446, 1, 

317,2881,0.001, 0.00678773, 0.0278572, 0.0673173, 0.124822, 0.178203, 0.190539, 0.255738, 0.311536, 0.32438, 0.39446, 1, 

298,3033,0.001, 0.00678773, 0.0278572, 0.0673173, 0.124822, 0.178203, 0.190539, 0.162662, 0.255738, 0.256696, 0.296372, 1, 

295,3407,0.001, 0.00678773, 0.0278572, 0.0673173, 0.124822, 0.178203, 0.190539, 0.209859, 0.300978, 0.32438, 0.39446, 1, 

286,3800,0.001, 0.00678773, 0.0278572, 0.0673173, 0.124822, 0.628004, 0.190539, 0.255738, 0.256696, 0.296372, 0.319679, 1, 

N total=442, Time total=7556, percents=0.001, 0.0250035, 0.0346475, 0.10635, 0.124822, 0.178203, 0.190539, 0.255738, 0.256696, 0.296372, 0.319679, 0.482123, 0.77719, 0.665159, 0.757966, 0.949475, 1, 

N total=453, Time total=5211, percents=0.001, 0.0192819, 0.0378253, 0.0436689, 0.0488421, 0.126569, 0.176682, 0.209859, 0.39446, 0.561246, 0.574092, 0.64229, 0.64332, 0.906927, 0.985873, 1, 

N total=449, Time total=5504, percents=0.001, 0.00678773, 0.0278572, 0.0673173, 0.061475, 0.178203, 0.190539, 0.255738, 0.311536, 0.32438, 0.39446, 1, 

N total=474, Time total=4897, percents=0.001, 0.00678773, 0.0278572, 0.0673173, 0.124822, 0.178203, 0.190539, 0.255738, 0.311536, 0.32438, 0.39446, 1, 

N total=455, Time total=5049, percents=0.001, 0.00678773, 0.0278572, 0.0673173, 0.124822, 0.178203, 0.190539, 0.162662, 0.255738, 0.256696, 0.296372, 1, 

N total=452, Time total=5423, percents=0.001, 0.00678773, 0.0278572, 0.0673173, 0.124822, 0.178203, 0.190539, 0.209859, 0.300978, 0.32438, 0.39446, 1, 

N total=443, Time total=5816, percents=0.001, 0.00678773, 0.0278572, 0.0673173, 0.124822, 0.628004, 0.190539, 0.255738, 0.256696, 0.296372, 0.319679, 1, 

------------d=1, t=2, lambda=2, filename=./evaluation/Mobile/Mobile_2_2.csv------------
Computing partitioned counts of d-sets...
Ready to look at pairs based on partitioned counts...
First Stage N=255, Time=542
There are 911 remaining non-locating pairs
Generation #0
266,596,0.001, 0.0319905, 0.0358922, 0.0691746, 0.111542, 0.146391, 0.208994, 0.224436, 0.250002, 0.325599, 0.340365, 0.387003, 0.39305, 0.415004, 0.51407, 0.614474, 0.628367, 0.630029, 0.668913, 0.715736, 0.770542, 0.815721, 0.849463, 0.942011, 0.969088, 0.998129, 1, 

263,597,0.001, 0.0507565, 0.077017, 0.123792, 0.160723, 0.202949, 0.247636, 0.298687, 0.314979, 0.334378, 0.362005, 0.374145, 0.395132, 0.426642, 0.427549, 0.447916, 0.484703, 0.490831, 0.520646, 0.53623, 0.555902, 0.650651, 0.654746, 0.657786, 0.669786, 0.825556, 0.846551, 0.857058, 0.922791, 1, 

240,1178,0.001, 0.0546412, 0.241852, 0.285423, 0.349123, 0.366959, 0.416501, 0.444188, 0.528902, 0.628083, 0.649364, 0.669712, 0.740746, 0.938036, 0.973763, 1, 

234,1197,0.001, 0.0973122, 0.101243, 0.159339, 0.183828, 0.204761, 0.3059, 0.372955, 0.43384, 0.44881, 0.452599, 0.464969, 0.49776, 0.602868, 0.724007, 0.726242, 0.764535, 0.844179, 0.899372, 0.909714, 1, 

248,817,0.001, 0.0228351, 0.0332014, 0.114311, 0.147892, 0.265409, 0.26627, 0.312501, 0.34092, 0.375216, 0.378455, 0.511602, 0.529654, 0.578063, 0.610275, 0.654092, 0.784255, 0.786167, 0.801044, 0.818939, 0.838522, 0.85995, 0.884601, 0.901127, 0.959293, 1, 

256,744,0.001, 0.0408939, 0.0971883, 0.10954, 0.126002, 0.136839, 0.189448, 0.211647, 0.331008, 0.34561, 0.407692, 0.407835, 0.44766, 0.533769, 0.581941, 0.619094, 0.627273, 0.637975, 0.651877, 0.705088, 0.707151, 0.763248, 0.803936, 0.804464, 0.804821, 0.814371, 0.828132, 0.834423, 0.959287, 0.961625, 1, 

247,835,0.001, 0.0733071, 0.10585, 0.131694, 0.134943, 0.141513, 0.170704, 0.247235, 0.266851, 0.273533, 0.352459, 0.364078, 0.372256, 0.415134, 0.418458, 0.504268, 0.523417, 0.617635, 0.669148, 0.682112, 0.692129, 0.75084, 0.827161, 0.904155, 0.921234, 1, 

Generation #1
234,1197,0.001, 0.0973122, 0.101243, 0.159339, 0.183828, 0.204761, 0.3059, 0.372955, 0.43384, 0.44881, 0.452599, 0.464969, 0.49776, 0.602868, 0.724007, 0.726242, 0.764535, 0.844179, 0.899372, 0.909714, 1, 

240,867,0.001, 0.0649984, 0.0758231, 0.0856311, 0.113116, 0.119484, 0.17924, 0.259832, 0.625992, 0.644574, 0.603383, 0.673097, 0.681589, 0.802924, 0.982324, 1, 

243,795,0.001, 0.0551382, 0.0922028, 0.117048, 0.121088, 0.185751, 0.197821, 0.198467, 0.233653, 0.255285, 0.282579, 0.30054, 0.406421, 0.429185, 0.449529, 0.452213, 0.854458, 1, 

251,587,0.001, 0.0319905, 0.0358922, 0.0691746, 0.111542, 0.146391, 0.208994, 0.224436, 0.250002, 0.325599, 0.340365, 0.387003, 0.39305, 0.415004, 0.51407, 0.614474, 0.926878, 0.628367, 0.630029, 0.668913, 0.715736, 0.770542, 0.815721, 0.849463, 0.942011, 0.969088, 0.998129, 1, 

249,794,0.001, 0.0493953, 0.121236, 0.151693, 0.152969, 0.15519, 0.1671, 0.249428, 0.400774, 0.406132, 0.420844, 0.427014, 0.467462, 0.526796, 0.538682, 0.628901, 0.673829, 0.712109, 0.779857, 0.840472, 0.841167, 0.88599, 0.931123, 1, 

Generation #2
243,795,0.001, 0.0551382, 0.0922028, 0.117048, 0.121088, 0.185751, 0.197821, 0.198467, 0.233653, 0.255285, 0.282579, 0.30054, 0.406421, 0.429185, 0.449529, 0.452213, 0.854458, 1, 

248,583,0.001, 0.0194774, 0.0214873, 0.0427317, 0.149614, 0.165759, 0.181179, 0.272248, 0.318553, 0.326362, 0.326857, 0.350053, 0.353901, 0.416386, 0.438823, 0.510249, 0.525728, 0.546024, 0.594169, 0.622944, 0.629271, 0.744185, 0.764208, 0.778768, 0.797282, 0.859823, 0.980303, 0.986481, 1, 

247,623,0.001, 0.0147555, 0.0462022, 0.0652243, 0.0960996, 0.0984569, 0.116217, 0.150429, 0.210395, 0.265928, 0.32663, 0.424872, 0.474952, 0.533563, 0.546383, 0.550053, 0.645723, 0.680313, 0.683995, 0.712212, 0.752018, 0.772441, 0.853064, 0.856034, 0.892635, 0.950592, 1, 

239,807,0.001, 0.00968155, 0.0464212, 0.136164, 0.164971, 0.167225, 0.171007, 0.172288, 0.237498, 0.253641, 0.429069, 0.480476, 0.488194, 0.869536, 0.961603, 0.964645, 1, 

244,632,0.001, 0.0147555, 0.0462022, 0.0652243, 0.0960996, 0.0984569, 0.116217, 0.150429, 0.210395, 0.261242, 0.265928, 0.32663, 0.424872, 0.474952, 0.731162, 0.734849, 0.914307, 0.935326, 0.93825, 1, 

304,571,0.001, 0.0194774, 0.0214873, 0.0427317, 0.149614, 0.165759, 0.181179, 0.312501, 0.00167865, 0.375216, 0.378455, 0.511602, 0.529654, 0.578063, 0.610275, 0.654092, 0.784255, 0.786167, 0.801044, 0.818939, 0.838522, 0.85995, 0.884601, 0.901127, 0.959293, 1, 

232,1142,0.001, 0.0945806, 0.121864, 0.171353, 0.178048, 0.183371, 0.213104, 0.293983, 0.299915, 0.325076, 0.34925, 0.38298, 0.422317, 0.576538, 0.651103, 0.687724, 0.795555, 0.871346, 0.893912, 0.97344, 1, 

Generation #3
248,583,0.001, 0.0194774, 0.0214873, 0.0427317, 0.149614, 0.165759, 0.181179, 0.272248, 0.318553, 0.326362, 0.326857, 0.350053, 0.353901, 0.416386, 0.438823, 0.510249, 0.525728, 0.546024, 0.594169, 0.622944, 0.629271, 0.744185, 0.764208, 0.778768, 0.797282, 0.859823, 0.980303, 0.986481, 1, 

232,1142,0.001, 0.0945806, 0.121864, 0.171353, 0.178048, 0.183371, 0.213104, 0.293983, 0.299915, 0.325076, 0.34925, 0.38298, 0.422317, 0.576538, 0.651103, 0.687724, 0.795555, 0.871346, 0.893912, 0.97344, 1, 

264,542,0.001, 0.0194774, 0.0214873, 0.0427317, 0.149614, 0.165759, 0.181179, 0.272248, 0.318553, 0.326362, 0.326857, 0.350053, 0.353901, 0.416386, 0.438823, 0.510249, 0.525728, 0.0928508, 0.594169, 0.622944, 0.629271, 0.744185, 0.764208, 0.778768, 0.797282, 0.859823, 0.980303, 0.986481, 1, 

236,590,0.001, 0.0228351, 0.0332014, 0.114311, 0.147892, 0.265409, 0.1671, 0.314083, 0.336691, 0.415116, 0.479169, 0.464969, 0.49776, 0.602868, 0.724007, 0.726242, 0.764535, 0.844179, 0.899372, 0.909714, 1, 

227,1507,0.001, 0.131885, 0.172205, 0.0795505, 0.108084, 0.121923, 0.123704, 0.188133, 0.198545, 0.229752, 0.262617, 0.280192, 0.341283, 0.375966, 0.391175, 0.392509, 0.431845, 0.45511, 0.464557, 0.544753, 0.624512, 0.654195, 0.678637, 0.749892, 0.76945, 0.772801, 0.804807, 0.838228, 0.970353, 1, 

235,742,0.001, 0.0493953, 0.0214873, 0.0427317, 0.149614, 0.165759, 0.181179, 0.312501, 0.00167865, 0.375216, 0.378455, 0.511602, 0.529654, 0.578063, 0.610275, 0.654092, 0.784255, 0.786167, 0.801044, 0.818939, 0.838522, 0.85995, 0.884601, 0.901127, 0.959293, 1, 

Generation #4
218,818,0.001, 0.00968155, 0.0464212, 0.136164, 0.164971, 0.167225, 0.171007, 0.172288, 0.237498, 0.253641, 0.429069, 0.673097, 0.663145, 0.802924, 0.982324, 1, 

267,530,0.001, 0.0147555, 0.0462022, 0.0652243, 0.0960996, 0.0984569, 0.116217, 0.150429, 0.250002, 0.325599, 0.340365, 0.634111, 0.39305, 0.415004, 0.878852, 0.948335, 0.965313, 1, 

230,543,0.001, 0.0319905, 0.0358922, 0.0691746, 0.111542, 0.146391, 0.208994, 0.224436, 0.250002, 0.325599, 0.340365, 0.387003, 0.39305, 0.991814, 0.995377, 1, 

262,539,0.001, 0.0319905, 0.0358922, 0.0691746, 0.111542, 0.146391, 0.208994, 0.224436, 0.570432, 0.210395, 0.261242, 0.265928, 0.32663, 0.424872, 0.474952, 0.731162, 0.734849, 0.914307, 0.935326, 0.93825, 1, 

Generation #5
218,818,0.001, 0.00968155, 0.0464212, 0.136164, 0.164971, 0.167225, 0.171007, 0.172288, 0.237498, 0.253641, 0.429069, 0.673097, 0.663145, 0.802924, 0.982324, 1, 

230,543,0.001, 0.0319905, 0.0358922, 0.0691746, 0.111542, 0.146391, 0.208994, 0.224436, 0.250002, 0.325599, 0.340365, 0.387003, 0.39305, 0.991814, 0.995377, 1, 

233,482,0.001, 0.0319905, 0.0358922, 0.0691746, 0.111542, 0.146391, 0.208994, 0.224436, 0.250002, 0.325599, 0.340365, 0.387003, 0.39305, 0.802924, 0.982324, 1, 

Generation #6
218,818,0.001, 0.00968155, 0.0464212, 0.136164, 0.164971, 0.167225, 0.171007, 0.172288, 0.237498, 0.253641, 0.429069, 0.673097, 0.663145, 0.802924, 0.982324, 1, 

230,543,0.001, 0.0319905, 0.0358922, 0.0691746, 0.111542, 0.146391, 0.208994, 0.224436, 0.250002, 0.325599, 0.340365, 0.387003, 0.39305, 0.991814, 0.995377, 1, 

233,482,0.001, 0.0319905, 0.0358922, 0.0691746, 0.111542, 0.146391, 0.208994, 0.224436, 0.250002, 0.325599, 0.340365, 0.387003, 0.39305, 0.802924, 0.982324, 1, 

Generation #7
218,818,0.001, 0.00968155, 0.0464212, 0.136164, 0.164971, 0.167225, 0.171007, 0.172288, 0.237498, 0.253641, 0.429069, 0.673097, 0.663145, 0.802924, 0.982324, 1, 

230,543,0.001, 0.0319905, 0.0358922, 0.0691746, 0.111542, 0.146391, 0.208994, 0.224436, 0.250002, 0.325599, 0.340365, 0.387003, 0.39305, 0.991814, 0.995377, 1, 

233,482,0.001, 0.0319905, 0.0358922, 0.0691746, 0.111542, 0.146391, 0.208994, 0.224436, 0.250002, 0.325599, 0.340365, 0.387003, 0.39305, 0.802924, 0.982324, 1, 

Generation #8
218,818,0.001, 0.00968155, 0.0464212, 0.136164, 0.164971, 0.167225, 0.171007, 0.172288, 0.237498, 0.253641, 0.429069, 0.673097, 0.663145, 0.802924, 0.982324, 1, 

230,543,0.001, 0.0319905, 0.0358922, 0.0691746, 0.111542, 0.146391, 0.208994, 0.224436, 0.250002, 0.325599, 0.340365, 0.387003, 0.39305, 0.991814, 0.995377, 1, 

233,482,0.001, 0.0319905, 0.0358922, 0.0691746, 0.111542, 0.146391, 0.208994, 0.224436, 0.250002, 0.325599, 0.340365, 0.387003, 0.39305, 0.802924, 0.982324, 1, 

226,545,0.001, 0.0147555, 0.0462022, 0.0652243, 0.0960996, 0.0984569, 0.116217, 0.150429, 0.210395, 0.261242, 0.265928, 0.32663, 0.44766, 0.533769, 0.581941, 0.619094, 0.627273, 0.712109, 0.779857, 0.840472, 0.841167, 0.88599, 0.931123, 1, 

Generation #9
218,818,0.001, 0.00968155, 0.0464212, 0.136164, 0.164971, 0.167225, 0.171007, 0.172288, 0.237498, 0.253641, 0.429069, 0.673097, 0.663145, 0.802924, 0.982324, 1, 

230,543,0.001, 0.0319905, 0.0358922, 0.0691746, 0.111542, 0.146391, 0.208994, 0.224436, 0.250002, 0.325599, 0.340365, 0.387003, 0.39305, 0.991814, 0.995377, 1, 

233,482,0.001, 0.0319905, 0.0358922, 0.0691746, 0.111542, 0.146391, 0.208994, 0.224436, 0.250002, 0.325599, 0.340365, 0.387003, 0.39305, 0.802924, 0.982324, 1, 

226,545,0.001, 0.0147555, 0.0462022, 0.0652243, 0.0960996, 0.0984569, 0.116217, 0.150429, 0.210395, 0.261242, 0.265928, 0.32663, 0.44766, 0.533769, 0.581941, 0.619094, 0.627273, 0.712109, 0.779857, 0.840472, 0.841167, 0.88599, 0.931123, 1, 

Generation #10
218,818,0.001, 0.00968155, 0.0464212, 0.136164, 0.164971, 0.167225, 0.171007, 0.172288, 0.237498, 0.253641, 0.429069, 0.673097, 0.663145, 0.802924, 0.982324, 1, 

230,543,0.001, 0.0319905, 0.0358922, 0.0691746, 0.111542, 0.146391, 0.208994, 0.224436, 0.250002, 0.325599, 0.340365, 0.387003, 0.39305, 0.991814, 0.995377, 1, 

233,482,0.001, 0.0319905, 0.0358922, 0.0691746, 0.111542, 0.146391, 0.208994, 0.224436, 0.250002, 0.325599, 0.340365, 0.387003, 0.39305, 0.802924, 0.982324, 1, 

226,545,0.001, 0.0147555, 0.0462022, 0.0652243, 0.0960996, 0.0984569, 0.116217, 0.150429, 0.210395, 0.261242, 0.265928, 0.32663, 0.44766, 0.533769, 0.581941, 0.619094, 0.627273, 0.712109, 0.779857, 0.840472, 0.841167, 0.88599, 0.931123, 1, 

Generation #11
218,818,0.001, 0.00968155, 0.0464212, 0.136164, 0.164971, 0.167225, 0.171007, 0.172288, 0.237498, 0.253641, 0.429069, 0.673097, 0.663145, 0.802924, 0.982324, 1, 

230,543,0.001, 0.0319905, 0.0358922, 0.0691746, 0.111542, 0.146391, 0.208994, 0.224436, 0.250002, 0.325599, 0.340365, 0.387003, 0.39305, 0.991814, 0.995377, 1, 

233,482,0.001, 0.0319905, 0.0358922, 0.0691746, 0.111542, 0.146391, 0.208994, 0.224436, 0.250002, 0.325599, 0.340365, 0.387003, 0.39305, 0.802924, 0.982324, 1, 

226,545,0.001, 0.0147555, 0.0462022, 0.0652243, 0.0960996, 0.0984569, 0.116217, 0.150429, 0.210395, 0.261242, 0.265928, 0.32663, 0.44766, 0.533769, 0.581941, 0.619094, 0.627273, 0.712109, 0.779857, 0.840472, 0.841167, 0.88599, 0.931123, 1, 

Generation #12
218,818,0.001, 0.00968155, 0.0464212, 0.136164, 0.164971, 0.167225, 0.171007, 0.172288, 0.237498, 0.253641, 0.429069, 0.673097, 0.663145, 0.802924, 0.982324, 1, 

230,543,0.001, 0.0319905, 0.0358922, 0.0691746, 0.111542, 0.146391, 0.208994, 0.224436, 0.250002, 0.325599, 0.340365, 0.387003, 0.39305, 0.991814, 0.995377, 1, 

233,482,0.001, 0.0319905, 0.0358922, 0.0691746, 0.111542, 0.146391, 0.208994, 0.224436, 0.250002, 0.325599, 0.340365, 0.387003, 0.39305, 0.802924, 0.982324, 1, 

226,545,0.001, 0.0147555, 0.0462022, 0.0652243, 0.0960996, 0.0984569, 0.116217, 0.150429, 0.210395, 0.261242, 0.265928, 0.32663, 0.44766, 0.533769, 0.581941, 0.619094, 0.627273, 0.712109, 0.779857, 0.840472, 0.841167, 0.88599, 0.931123, 1, 

Generation #13
218,818,0.001, 0.00968155, 0.0464212, 0.136164, 0.164971, 0.167225, 0.171007, 0.172288, 0.237498, 0.253641, 0.429069, 0.673097, 0.663145, 0.802924, 0.982324, 1, 

230,543,0.001, 0.0319905, 0.0358922, 0.0691746, 0.111542, 0.146391, 0.208994, 0.224436, 0.250002, 0.325599, 0.340365, 0.387003, 0.39305, 0.991814, 0.995377, 1, 

233,482,0.001, 0.0319905, 0.0358922, 0.0691746, 0.111542, 0.146391, 0.208994, 0.224436, 0.250002, 0.325599, 0.340365, 0.387003, 0.39305, 0.802924, 0.982324, 1, 

226,545,0.001, 0.0147555, 0.0462022, 0.0652243, 0.0960996, 0.0984569, 0.116217, 0.150429, 0.210395, 0.261242, 0.265928, 0.32663, 0.44766, 0.533769, 0.581941, 0.619094, 0.627273, 0.712109, 0.779857, 0.840472, 0.841167, 0.88599, 0.931123, 1, 

Generation #14
218,818,0.001, 0.00968155, 0.0464212, 0.136164, 0.164971, 0.167225, 0.171007, 0.172288, 0.237498, 0.253641, 0.429069, 0.673097, 0.663145, 0.802924, 0.982324, 1, 

230,543,0.001, 0.0319905, 0.0358922, 0.0691746, 0.111542, 0.146391, 0.208994, 0.224436, 0.250002, 0.325599, 0.340365, 0.387003, 0.39305, 0.991814, 0.995377, 1, 

233,482,0.001, 0.0319905, 0.0358922, 0.0691746, 0.111542, 0.146391, 0.208994, 0.224436, 0.250002, 0.325599, 0.340365, 0.387003, 0.39305, 0.802924, 0.982324, 1, 

226,545,0.001, 0.0147555, 0.0462022, 0.0652243, 0.0960996, 0.0984569, 0.116217, 0.150429, 0.210395, 0.261242, 0.265928, 0.32663, 0.44766, 0.533769, 0.581941, 0.619094, 0.627273, 0.712109, 0.779857, 0.840472, 0.841167, 0.88599, 0.931123, 1, 

279,475,0.001, 0.0319905, 0.0358922, 0.0691746, 0.111542, 0.146391, 0.116217, 0.150429, 0.210395, 0.261242, 0.340365, 0.634111, 1, 

Generation #15
218,818,0.001, 0.00968155, 0.0464212, 0.136164, 0.164971, 0.167225, 0.171007, 0.172288, 0.237498, 0.253641, 0.429069, 0.673097, 0.663145, 0.802924, 0.982324, 1, 

230,543,0.001, 0.0319905, 0.0358922, 0.0691746, 0.111542, 0.146391, 0.208994, 0.224436, 0.250002, 0.325599, 0.340365, 0.387003, 0.39305, 0.991814, 0.995377, 1, 

233,482,0.001, 0.0319905, 0.0358922, 0.0691746, 0.111542, 0.146391, 0.208994, 0.224436, 0.250002, 0.325599, 0.340365, 0.387003, 0.39305, 0.802924, 0.982324, 1, 

226,545,0.001, 0.0147555, 0.0462022, 0.0652243, 0.0960996, 0.0984569, 0.116217, 0.150429, 0.210395, 0.261242, 0.265928, 0.32663, 0.44766, 0.533769, 0.581941, 0.619094, 0.627273, 0.712109, 0.779857, 0.840472, 0.841167, 0.88599, 0.931123, 1, 

279,475,0.001, 0.0319905, 0.0358922, 0.0691746, 0.111542, 0.146391, 0.116217, 0.150429, 0.210395, 0.261242, 0.340365, 0.634111, 1, 

225,633,0.001, 0.0319905, 0.0358922, 0.0691746, 0.111542, 0.146391, 0.208994, 0.188133, 0.324588, 0.198545, 0.768606, 0.850383, 1, 

Generation #16
218,818,0.001, 0.00968155, 0.0464212, 0.136164, 0.164971, 0.167225, 0.171007, 0.172288, 0.237498, 0.253641, 0.429069, 0.673097, 0.663145, 0.802924, 0.982324, 1, 

230,543,0.001, 0.0319905, 0.0358922, 0.0691746, 0.111542, 0.146391, 0.208994, 0.224436, 0.250002, 0.325599, 0.340365, 0.387003, 0.39305, 0.991814, 0.995377, 1, 

233,482,0.001, 0.0319905, 0.0358922, 0.0691746, 0.111542, 0.146391, 0.208994, 0.224436, 0.250002, 0.325599, 0.340365, 0.387003, 0.39305, 0.802924, 0.982324, 1, 

226,545,0.001, 0.0147555, 0.0462022, 0.0652243, 0.0960996, 0.0984569, 0.116217, 0.150429, 0.210395, 0.261242, 0.265928, 0.32663, 0.44766, 0.533769, 0.581941, 0.619094, 0.627273, 0.712109, 0.779857, 0.840472, 0.841167, 0.88599, 0.931123, 1, 

279,475,0.001, 0.0319905, 0.0358922, 0.0691746, 0.111542, 0.146391, 0.116217, 0.150429, 0.210395, 0.261242, 0.340365, 0.634111, 1, 

225,633,0.001, 0.0319905, 0.0358922, 0.0691746, 0.111542, 0.146391, 0.208994, 0.188133, 0.324588, 0.198545, 0.768606, 0.850383, 1, 

Generation #17
218,818,0.001, 0.00968155, 0.0464212, 0.136164, 0.164971, 0.167225, 0.171007, 0.172288, 0.237498, 0.253641, 0.429069, 0.673097, 0.663145, 0.802924, 0.982324, 1, 

230,543,0.001, 0.0319905, 0.0358922, 0.0691746, 0.111542, 0.146391, 0.208994, 0.224436, 0.250002, 0.325599, 0.340365, 0.387003, 0.39305, 0.991814, 0.995377, 1, 

233,482,0.001, 0.0319905, 0.0358922, 0.0691746, 0.111542, 0.146391, 0.208994, 0.224436, 0.250002, 0.325599, 0.340365, 0.387003, 0.39305, 0.802924, 0.982324, 1, 

226,545,0.001, 0.0147555, 0.0462022, 0.0652243, 0.0960996, 0.0984569, 0.116217, 0.150429, 0.210395, 0.261242, 0.265928, 0.32663, 0.44766, 0.533769, 0.581941, 0.619094, 0.627273, 0.712109, 0.779857, 0.840472, 0.841167, 0.88599, 0.931123, 1, 

279,475,0.001, 0.0319905, 0.0358922, 0.0691746, 0.111542, 0.146391, 0.116217, 0.150429, 0.210395, 0.261242, 0.340365, 0.634111, 1, 

225,633,0.001, 0.0319905, 0.0358922, 0.0691746, 0.111542, 0.146391, 0.208994, 0.188133, 0.324588, 0.198545, 0.768606, 0.850383, 1, 

Generation #18
218,818,0.001, 0.00968155, 0.0464212, 0.136164, 0.164971, 0.167225, 0.171007, 0.172288, 0.237498, 0.253641, 0.429069, 0.673097, 0.663145, 0.802924, 0.982324, 1, 

233,482,0.001, 0.0319905, 0.0358922, 0.0691746, 0.111542, 0.146391, 0.208994, 0.224436, 0.250002, 0.325599, 0.340365, 0.387003, 0.39305, 0.802924, 0.982324, 1, 

279,475,0.001, 0.0319905, 0.0358922, 0.0691746, 0.111542, 0.146391, 0.116217, 0.150429, 0.210395, 0.261242, 0.340365, 0.634111, 1, 

225,541,0.001, 0.0319905, 0.0358922, 0.0691746, 0.111542, 0.146391, 0.208994, 0.224436, 0.250002, 0.325599, 0.340365, 0.387003, 0.869952, 0.924656, 0.474952, 0.731162, 0.632579, 0.914307, 0.935326, 0.93825, 1, 

Generation #19
218,818,0.001, 0.00968155, 0.0464212, 0.136164, 0.164971, 0.167225, 0.171007, 0.172288, 0.237498, 0.253641, 0.429069, 0.673097, 0.663145, 0.802924, 0.982324, 1, 

233,482,0.001, 0.0319905, 0.0358922, 0.0691746, 0.111542, 0.146391, 0.208994, 0.224436, 0.250002, 0.325599, 0.340365, 0.387003, 0.39305, 0.802924, 0.982324, 1, 

279,475,0.001, 0.0319905, 0.0358922, 0.0691746, 0.111542, 0.146391, 0.116217, 0.150429, 0.210395, 0.261242, 0.340365, 0.634111, 1, 

221,539,0.001, 0.0147555, 0.0462022, 0.0652243, 0.0960996, 0.0984569, 0.116217, 0.150429, 0.210395, 0.261242, 0.265928, 0.670155, 1, 

Generation #20
218,818,0.001, 0.00968155, 0.0464212, 0.136164, 0.164971, 0.167225, 0.171007, 0.172288, 0.237498, 0.253641, 0.429069, 0.673097, 0.663145, 0.802924, 0.982324, 1, 

233,482,0.001, 0.0319905, 0.0358922, 0.0691746, 0.111542, 0.146391, 0.208994, 0.224436, 0.250002, 0.325599, 0.340365, 0.387003, 0.39305, 0.802924, 0.982324, 1, 

279,475,0.001, 0.0319905, 0.0358922, 0.0691746, 0.111542, 0.146391, 0.116217, 0.150429, 0.210395, 0.261242, 0.340365, 0.634111, 1, 

221,539,0.001, 0.0147555, 0.0462022, 0.0652243, 0.0960996, 0.0984569, 0.116217, 0.150429, 0.210395, 0.261242, 0.265928, 0.670155, 1, 

Generation #21
218,818,0.001, 0.00968155, 0.0464212, 0.136164, 0.164971, 0.167225, 0.171007, 0.172288, 0.237498, 0.253641, 0.429069, 0.673097, 0.663145, 0.802924, 0.982324, 1, 

233,482,0.001, 0.0319905, 0.0358922, 0.0691746, 0.111542, 0.146391, 0.208994, 0.224436, 0.250002, 0.325599, 0.340365, 0.387003, 0.39305, 0.802924, 0.982324, 1, 

279,475,0.001, 0.0319905, 0.0358922, 0.0691746, 0.111542, 0.146391, 0.116217, 0.150429, 0.210395, 0.261242, 0.340365, 0.634111, 1, 

221,539,0.001, 0.0147555, 0.0462022, 0.0652243, 0.0960996, 0.0984569, 0.116217, 0.150429, 0.210395, 0.261242, 0.265928, 0.670155, 1, 

Generation #22
233,482,0.001, 0.0319905, 0.0358922, 0.0691746, 0.111542, 0.146391, 0.208994, 0.224436, 0.250002, 0.325599, 0.340365, 0.387003, 0.39305, 0.802924, 0.982324, 1, 

221,539,0.001, 0.0147555, 0.0462022, 0.0652243, 0.0960996, 0.0984569, 0.116217, 0.150429, 0.210395, 0.261242, 0.265928, 0.670155, 1, 

242,473,0.001, 0.0147555, 0.0462022, 0.0652243, 0.0960996, 0.0984569, 0.116217, 0.224436, 0.250002, 0.340365, 0.387003, 0.634111, 1, 

215,664,0.001, 0.0319905, 0.0358922, 0.0691746, 0.111542, 0.146391, 0.181179, 0.272248, 0.326362, 0.340365, 0.387003, 0.39305, 0.991814, 0.995377, 1, 

Generation #23
233,482,0.001, 0.0319905, 0.0358922, 0.0691746, 0.111542, 0.146391, 0.208994, 0.224436, 0.250002, 0.325599, 0.340365, 0.387003, 0.39305, 0.802924, 0.982324, 1, 

221,539,0.001, 0.0147555, 0.0462022, 0.0652243, 0.0960996, 0.0984569, 0.116217, 0.150429, 0.210395, 0.261242, 0.265928, 0.670155, 1, 

242,473,0.001, 0.0147555, 0.0462022, 0.0652243, 0.0960996, 0.0984569, 0.116217, 0.224436, 0.250002, 0.340365, 0.387003, 0.634111, 1, 

215,664,0.001, 0.0319905, 0.0358922, 0.0691746, 0.111542, 0.146391, 0.181179, 0.272248, 0.326362, 0.340365, 0.387003, 0.39305, 0.991814, 0.995377, 1, 

231,518,0.001, 0.0319905, 0.0462022, 0.0652243, 0.0960996, 0.119484, 0.17924, 0.150429, 0.250002, 0.325599, 0.340365, 0.634111, 0.39305, 0.415004, 0.878852, 0.948335, 0.965313, 1, 

225,528,0.001, 0.0147555, 0.0462022, 0.0652243, 0.0960996, 0.0984569, 0.116217, 0.150429, 0.210395, 0.261242, 0.265928, 0.32663, 0.44766, 0.533769, 0.982324, 1, 

Generation #24
221,539,0.001, 0.0147555, 0.0462022, 0.0652243, 0.0960996, 0.0984569, 0.116217, 0.150429, 0.210395, 0.261242, 0.265928, 0.670155, 1, 

215,664,0.001, 0.0319905, 0.0358922, 0.0691746, 0.111542, 0.146391, 0.181179, 0.272248, 0.326362, 0.340365, 0.387003, 0.39305, 0.991814, 0.995377, 1, 

225,528,0.001, 0.0147555, 0.0462022, 0.0652243, 0.0960996, 0.0984569, 0.116217, 0.150429, 0.210395, 0.261242, 0.265928, 0.32663, 0.44766, 0.533769, 0.982324, 1, 

229,389,0.001, 0.0319905, 0.0358922, 0.0691746, 0.0960996, 0.0984569, 0.116217, 0.224436, 0.250002, 0.340365, 0.387003, 0.634111, 1, 

Generation #25
221,539,0.001, 0.0147555, 0.0462022, 0.0652243, 0.0960996, 0.0984569, 0.116217, 0.150429, 0.210395, 0.261242, 0.265928, 0.670155, 1, 

215,664,0.001, 0.0319905, 0.0358922, 0.0691746, 0.111542, 0.146391, 0.181179, 0.272248, 0.326362, 0.340365, 0.387003, 0.39305, 0.991814, 0.995377, 1, 

225,528,0.001, 0.0147555, 0.0462022, 0.0652243, 0.0960996, 0.0984569, 0.116217, 0.150429, 0.210395, 0.261242, 0.265928, 0.32663, 0.44766, 0.533769, 0.982324, 1, 

229,389,0.001, 0.0319905, 0.0358922, 0.0691746, 0.0960996, 0.0984569, 0.116217, 0.224436, 0.250002, 0.340365, 0.387003, 0.634111, 1, 

220,650,0.001, 0.0147555, 0.0462022, 0.0652243, 0.0960996, 0.208994, 0.224436, 0.250002, 0.325599, 0.340365, 0.387003, 0.424872, 0.474952, 0.533563, 0.974293, 1, 

Generation #26
221,539,0.001, 0.0147555, 0.0462022, 0.0652243, 0.0960996, 0.0984569, 0.116217, 0.150429, 0.210395, 0.261242, 0.265928, 0.670155, 1, 

215,664,0.001, 0.0319905, 0.0358922, 0.0691746, 0.111542, 0.146391, 0.181179, 0.272248, 0.326362, 0.340365, 0.387003, 0.39305, 0.991814, 0.995377, 1, 

225,528,0.001, 0.0147555, 0.0462022, 0.0652243, 0.0960996, 0.0984569, 0.116217, 0.150429, 0.210395, 0.261242, 0.265928, 0.32663, 0.44766, 0.533769, 0.982324, 1, 

229,389,0.001, 0.0319905, 0.0358922, 0.0691746, 0.0960996, 0.0984569, 0.116217, 0.224436, 0.250002, 0.340365, 0.387003, 0.634111, 1, 

220,650,0.001, 0.0147555, 0.0462022, 0.0652243, 0.0960996, 0.208994, 0.224436, 0.250002, 0.325599, 0.340365, 0.387003, 0.424872, 0.474952, 0.533563, 0.974293, 1, 

Generation #27
221,539,0.001, 0.0147555, 0.0462022, 0.0652243, 0.0960996, 0.0984569, 0.116217, 0.150429, 0.210395, 0.261242, 0.265928, 0.670155, 1, 

215,664,0.001, 0.0319905, 0.0358922, 0.0691746, 0.111542, 0.146391, 0.181179, 0.272248, 0.326362, 0.340365, 0.387003, 0.39305, 0.991814, 0.995377, 1, 

225,528,0.001, 0.0147555, 0.0462022, 0.0652243, 0.0960996, 0.0984569, 0.116217, 0.150429, 0.210395, 0.261242, 0.265928, 0.32663, 0.44766, 0.533769, 0.982324, 1, 

229,389,0.001, 0.0319905, 0.0358922, 0.0691746, 0.0960996, 0.0984569, 0.116217, 0.224436, 0.250002, 0.340365, 0.387003, 0.634111, 1, 

220,650,0.001, 0.0147555, 0.0462022, 0.0652243, 0.0960996, 0.208994, 0.224436, 0.250002, 0.325599, 0.340365, 0.387003, 0.424872, 0.474952, 0.533563, 0.974293, 1, 

Generation #28
221,539,0.001, 0.0147555, 0.0462022, 0.0652243, 0.0960996, 0.0984569, 0.116217, 0.150429, 0.210395, 0.261242, 0.265928, 0.670155, 1, 

215,664,0.001, 0.0319905, 0.0358922, 0.0691746, 0.111542, 0.146391, 0.181179, 0.272248, 0.326362, 0.340365, 0.387003, 0.39305, 0.991814, 0.995377, 1, 

225,528,0.001, 0.0147555, 0.0462022, 0.0652243, 0.0960996, 0.0984569, 0.116217, 0.150429, 0.210395, 0.261242, 0.265928, 0.32663, 0.44766, 0.533769, 0.982324, 1, 

229,389,0.001, 0.0319905, 0.0358922, 0.0691746, 0.0960996, 0.0984569, 0.116217, 0.224436, 0.250002, 0.340365, 0.387003, 0.634111, 1, 

217,551,0.001, 0.0194774, 0.0214873, 0.0427317, 0.149614, 0.165759, 0.181179, 0.272248, 0.326362, 0.340365, 0.387003, 0.39305, 0.991814, 0.995377, 1, 

Generation #29
221,539,0.001, 0.0147555, 0.0462022, 0.0652243, 0.0960996, 0.0984569, 0.116217, 0.150429, 0.210395, 0.261242, 0.265928, 0.670155, 1, 

215,664,0.001, 0.0319905, 0.0358922, 0.0691746, 0.111542, 0.146391, 0.181179, 0.272248, 0.326362, 0.340365, 0.387003, 0.39305, 0.991814, 0.995377, 1, 

225,528,0.001, 0.0147555, 0.0462022, 0.0652243, 0.0960996, 0.0984569, 0.116217, 0.150429, 0.210395, 0.261242, 0.265928, 0.32663, 0.44766, 0.533769, 0.982324, 1, 

229,389,0.001, 0.0319905, 0.0358922, 0.0691746, 0.0960996, 0.0984569, 0.116217, 0.224436, 0.250002, 0.340365, 0.387003, 0.634111, 1, 

217,551,0.001, 0.0194774, 0.0214873, 0.0427317, 0.149614, 0.165759, 0.181179, 0.272248, 0.326362, 0.340365, 0.387003, 0.39305, 0.991814, 0.995377, 1, 

Generation #30
221,539,0.001, 0.0147555, 0.0462022, 0.0652243, 0.0960996, 0.0984569, 0.116217, 0.150429, 0.210395, 0.261242, 0.265928, 0.670155, 1, 

215,664,0.001, 0.0319905, 0.0358922, 0.0691746, 0.111542, 0.146391, 0.181179, 0.272248, 0.326362, 0.340365, 0.387003, 0.39305, 0.991814, 0.995377, 1, 

225,528,0.001, 0.0147555, 0.0462022, 0.0652243, 0.0960996, 0.0984569, 0.116217, 0.150429, 0.210395, 0.261242, 0.265928, 0.32663, 0.44766, 0.533769, 0.982324, 1, 

229,389,0.001, 0.0319905, 0.0358922, 0.0691746, 0.0960996, 0.0984569, 0.116217, 0.224436, 0.250002, 0.340365, 0.387003, 0.634111, 1, 

217,551,0.001, 0.0194774, 0.0214873, 0.0427317, 0.149614, 0.165759, 0.181179, 0.272248, 0.326362, 0.340365, 0.387003, 0.39305, 0.991814, 0.995377, 1, 

Generation #31
221,539,0.001, 0.0147555, 0.0462022, 0.0652243, 0.0960996, 0.0984569, 0.116217, 0.150429, 0.210395, 0.261242, 0.265928, 0.670155, 1, 

215,664,0.001, 0.0319905, 0.0358922, 0.0691746, 0.111542, 0.146391, 0.181179, 0.272248, 0.326362, 0.340365, 0.387003, 0.39305, 0.991814, 0.995377, 1, 

225,528,0.001, 0.0147555, 0.0462022, 0.0652243, 0.0960996, 0.0984569, 0.116217, 0.150429, 0.210395, 0.261242, 0.265928, 0.32663, 0.44766, 0.533769, 0.982324, 1, 

229,389,0.001, 0.0319905, 0.0358922, 0.0691746, 0.0960996, 0.0984569, 0.116217, 0.224436, 0.250002, 0.340365, 0.387003, 0.634111, 1, 

217,551,0.001, 0.0194774, 0.0214873, 0.0427317, 0.149614, 0.165759, 0.181179, 0.272248, 0.326362, 0.340365, 0.387003, 0.39305, 0.991814, 0.995377, 1, 

Generation #32
221,539,0.001, 0.0147555, 0.0462022, 0.0652243, 0.0960996, 0.0984569, 0.116217, 0.150429, 0.210395, 0.261242, 0.265928, 0.670155, 1, 

215,664,0.001, 0.0319905, 0.0358922, 0.0691746, 0.111542, 0.146391, 0.181179, 0.272248, 0.326362, 0.340365, 0.387003, 0.39305, 0.991814, 0.995377, 1, 

225,528,0.001, 0.0147555, 0.0462022, 0.0652243, 0.0960996, 0.0984569, 0.116217, 0.150429, 0.210395, 0.261242, 0.265928, 0.32663, 0.44766, 0.533769, 0.982324, 1, 

229,389,0.001, 0.0319905, 0.0358922, 0.0691746, 0.0960996, 0.0984569, 0.116217, 0.224436, 0.250002, 0.340365, 0.387003, 0.634111, 1, 

217,551,0.001, 0.0194774, 0.0214873, 0.0427317, 0.149614, 0.165759, 0.181179, 0.272248, 0.326362, 0.340365, 0.387003, 0.39305, 0.991814, 0.995377, 1, 

Generation #33
221,539,0.001, 0.0147555, 0.0462022, 0.0652243, 0.0960996, 0.0984569, 0.116217, 0.150429, 0.210395, 0.261242, 0.265928, 0.670155, 1, 

215,664,0.001, 0.0319905, 0.0358922, 0.0691746, 0.111542, 0.146391, 0.181179, 0.272248, 0.326362, 0.340365, 0.387003, 0.39305, 0.991814, 0.995377, 1, 

225,528,0.001, 0.0147555, 0.0462022, 0.0652243, 0.0960996, 0.0984569, 0.116217, 0.150429, 0.210395, 0.261242, 0.265928, 0.32663, 0.44766, 0.533769, 0.982324, 1, 

229,389,0.001, 0.0319905, 0.0358922, 0.0691746, 0.0960996, 0.0984569, 0.116217, 0.224436, 0.250002, 0.340365, 0.387003, 0.634111, 1, 

217,551,0.001, 0.0194774, 0.0214873, 0.0427317, 0.149614, 0.165759, 0.181179, 0.272248, 0.326362, 0.340365, 0.387003, 0.39305, 0.991814, 0.995377, 1, 

Generation #34
221,539,0.001, 0.0147555, 0.0462022, 0.0652243, 0.0960996, 0.0984569, 0.116217, 0.150429, 0.210395, 0.261242, 0.265928, 0.670155, 1, 

215,664,0.001, 0.0319905, 0.0358922, 0.0691746, 0.111542, 0.146391, 0.181179, 0.272248, 0.326362, 0.340365, 0.387003, 0.39305, 0.991814, 0.995377, 1, 

225,528,0.001, 0.0147555, 0.0462022, 0.0652243, 0.0960996, 0.0984569, 0.116217, 0.150429, 0.210395, 0.261242, 0.265928, 0.32663, 0.44766, 0.533769, 0.982324, 1, 

229,389,0.001, 0.0319905, 0.0358922, 0.0691746, 0.0960996, 0.0984569, 0.116217, 0.224436, 0.250002, 0.340365, 0.387003, 0.634111, 1, 

217,540,0.001, 0.0194774, 0.0214873, 0.0652243, 0.0960996, 0.0984569, 0.116217, 0.224436, 0.250002, 0.340365, 0.387003, 0.634111, 1, 

223,529,0.001, 0.0194774, 0.0214873, 0.0427317, 0.146391, 0.208994, 0.224436, 0.250002, 0.325599, 0.340365, 0.387003, 1, 

Generation #35
221,539,0.001, 0.0147555, 0.0462022, 0.0652243, 0.0960996, 0.0984569, 0.116217, 0.150429, 0.210395, 0.261242, 0.265928, 0.670155, 1, 

215,664,0.001, 0.0319905, 0.0358922, 0.0691746, 0.111542, 0.146391, 0.181179, 0.272248, 0.326362, 0.340365, 0.387003, 0.39305, 0.991814, 0.995377, 1, 

225,528,0.001, 0.0147555, 0.0462022, 0.0652243, 0.0960996, 0.0984569, 0.116217, 0.150429, 0.210395, 0.261242, 0.265928, 0.32663, 0.44766, 0.533769, 0.982324, 1, 

229,389,0.001, 0.0319905, 0.0358922, 0.0691746, 0.0960996, 0.0984569, 0.116217, 0.224436, 0.250002, 0.340365, 0.387003, 0.634111, 1, 

217,540,0.001, 0.0194774, 0.0214873, 0.0652243, 0.0960996, 0.0984569, 0.116217, 0.224436, 0.250002, 0.340365, 0.387003, 0.634111, 1, 

223,529,0.001, 0.0194774, 0.0214873, 0.0427317, 0.146391, 0.208994, 0.224436, 0.250002, 0.325599, 0.340365, 0.387003, 1, 

Generation #36
221,539,0.001, 0.0147555, 0.0462022, 0.0652243, 0.0960996, 0.0984569, 0.116217, 0.150429, 0.210395, 0.261242, 0.265928, 0.670155, 1, 

215,664,0.001, 0.0319905, 0.0358922, 0.0691746, 0.111542, 0.146391, 0.181179, 0.272248, 0.326362, 0.340365, 0.387003, 0.39305, 0.991814, 0.995377, 1, 

225,528,0.001, 0.0147555, 0.0462022, 0.0652243, 0.0960996, 0.0984569, 0.116217, 0.150429, 0.210395, 0.261242, 0.265928, 0.32663, 0.44766, 0.533769, 0.982324, 1, 

229,389,0.001, 0.0319905, 0.0358922, 0.0691746, 0.0960996, 0.0984569, 0.116217, 0.224436, 0.250002, 0.340365, 0.387003, 0.634111, 1, 

217,540,0.001, 0.0194774, 0.0214873, 0.0652243, 0.0960996, 0.0984569, 0.116217, 0.224436, 0.250002, 0.340365, 0.387003, 0.634111, 1, 

223,529,0.001, 0.0194774, 0.0214873, 0.0427317, 0.146391, 0.208994, 0.224436, 0.250002, 0.325599, 0.340365, 0.387003, 1, 

Generation #37
221,539,0.001, 0.0147555, 0.0462022, 0.0652243, 0.0960996, 0.0984569, 0.116217, 0.150429, 0.210395, 0.261242, 0.265928, 0.670155, 1, 

215,664,0.001, 0.0319905, 0.0358922, 0.0691746, 0.111542, 0.146391, 0.181179, 0.272248, 0.326362, 0.340365, 0.387003, 0.39305, 0.991814, 0.995377, 1, 

225,528,0.001, 0.0147555, 0.0462022, 0.0652243, 0.0960996, 0.0984569, 0.116217, 0.150429, 0.210395, 0.261242, 0.265928, 0.32663, 0.44766, 0.533769, 0.982324, 1, 

229,389,0.001, 0.0319905, 0.0358922, 0.0691746, 0.0960996, 0.0984569, 0.116217, 0.224436, 0.250002, 0.340365, 0.387003, 0.634111, 1, 

217,540,0.001, 0.0194774, 0.0214873, 0.0652243, 0.0960996, 0.0984569, 0.116217, 0.224436, 0.250002, 0.340365, 0.387003, 0.634111, 1, 

223,529,0.001, 0.0194774, 0.0214873, 0.0427317, 0.146391, 0.208994, 0.224436, 0.250002, 0.325599, 0.340365, 0.387003, 1, 

Generation #38
221,539,0.001, 0.0147555, 0.0462022, 0.0652243, 0.0960996, 0.0984569, 0.116217, 0.150429, 0.210395, 0.261242, 0.265928, 0.670155, 1, 

215,664,0.001, 0.0319905, 0.0358922, 0.0691746, 0.111542, 0.146391, 0.181179, 0.272248, 0.326362, 0.340365, 0.387003, 0.39305, 0.991814, 0.995377, 1, 

225,528,0.001, 0.0147555, 0.0462022, 0.0652243, 0.0960996, 0.0984569, 0.116217, 0.150429, 0.210395, 0.261242, 0.265928, 0.32663, 0.44766, 0.533769, 0.982324, 1, 

229,389,0.001, 0.0319905, 0.0358922, 0.0691746, 0.0960996, 0.0984569, 0.116217, 0.224436, 0.250002, 0.340365, 0.387003, 0.634111, 1, 

217,540,0.001, 0.0194774, 0.0214873, 0.0652243, 0.0960996, 0.0984569, 0.116217, 0.224436, 0.250002, 0.340365, 0.387003, 0.634111, 1, 

223,529,0.001, 0.0194774, 0.0214873, 0.0427317, 0.146391, 0.208994, 0.224436, 0.250002, 0.325599, 0.340365, 0.387003, 1, 

Generation #39
221,539,0.001, 0.0147555, 0.0462022, 0.0652243, 0.0960996, 0.0984569, 0.116217, 0.150429, 0.210395, 0.261242, 0.265928, 0.670155, 1, 

215,664,0.001, 0.0319905, 0.0358922, 0.0691746, 0.111542, 0.146391, 0.181179, 0.272248, 0.326362, 0.340365, 0.387003, 0.39305, 0.991814, 0.995377, 1, 

225,528,0.001, 0.0147555, 0.0462022, 0.0652243, 0.0960996, 0.0984569, 0.116217, 0.150429, 0.210395, 0.261242, 0.265928, 0.32663, 0.44766, 0.533769, 0.982324, 1, 

229,389,0.001, 0.0319905, 0.0358922, 0.0691746, 0.0960996, 0.0984569, 0.116217, 0.224436, 0.250002, 0.340365, 0.387003, 0.634111, 1, 

217,540,0.001, 0.0194774, 0.0214873, 0.0652243, 0.0960996, 0.0984569, 0.116217, 0.224436, 0.250002, 0.340365, 0.387003, 0.634111, 1, 

223,529,0.001, 0.0194774, 0.0214873, 0.0427317, 0.146391, 0.208994, 0.224436, 0.250002, 0.325599, 0.340365, 0.387003, 1, 

Generation #40
221,539,0.001, 0.0147555, 0.0462022, 0.0652243, 0.0960996, 0.0984569, 0.116217, 0.150429, 0.210395, 0.261242, 0.265928, 0.670155, 1, 

215,664,0.001, 0.0319905, 0.0358922, 0.0691746, 0.111542, 0.146391, 0.181179, 0.272248, 0.326362, 0.340365, 0.387003, 0.39305, 0.991814, 0.995377, 1, 

225,528,0.001, 0.0147555, 0.0462022, 0.0652243, 0.0960996, 0.0984569, 0.116217, 0.150429, 0.210395, 0.261242, 0.265928, 0.32663, 0.44766, 0.533769, 0.982324, 1, 

229,389,0.001, 0.0319905, 0.0358922, 0.0691746, 0.0960996, 0.0984569, 0.116217, 0.224436, 0.250002, 0.340365, 0.387003, 0.634111, 1, 

217,540,0.001, 0.0194774, 0.0214873, 0.0652243, 0.0960996, 0.0984569, 0.116217, 0.224436, 0.250002, 0.340365, 0.387003, 0.634111, 1, 

223,529,0.001, 0.0194774, 0.0214873, 0.0427317, 0.146391, 0.208994, 0.224436, 0.250002, 0.325599, 0.340365, 0.387003, 1, 

Generation #41
221,539,0.001, 0.0147555, 0.0462022, 0.0652243, 0.0960996, 0.0984569, 0.116217, 0.150429, 0.210395, 0.261242, 0.265928, 0.670155, 1, 

215,664,0.001, 0.0319905, 0.0358922, 0.0691746, 0.111542, 0.146391, 0.181179, 0.272248, 0.326362, 0.340365, 0.387003, 0.39305, 0.991814, 0.995377, 1, 

225,528,0.001, 0.0147555, 0.0462022, 0.0652243, 0.0960996, 0.0984569, 0.116217, 0.150429, 0.210395, 0.261242, 0.265928, 0.32663, 0.44766, 0.533769, 0.982324, 1, 

229,389,0.001, 0.0319905, 0.0358922, 0.0691746, 0.0960996, 0.0984569, 0.116217, 0.224436, 0.250002, 0.340365, 0.387003, 0.634111, 1, 

217,540,0.001, 0.0194774, 0.0214873, 0.0652243, 0.0960996, 0.0984569, 0.116217, 0.224436, 0.250002, 0.340365, 0.387003, 0.634111, 1, 

223,529,0.001, 0.0194774, 0.0214873, 0.0427317, 0.146391, 0.208994, 0.224436, 0.250002, 0.325599, 0.340365, 0.387003, 1, 

Generation #42
221,539,0.001, 0.0147555, 0.0462022, 0.0652243, 0.0960996, 0.0984569, 0.116217, 0.150429, 0.210395, 0.261242, 0.265928, 0.670155, 1, 

215,664,0.001, 0.0319905, 0.0358922, 0.0691746, 0.111542, 0.146391, 0.181179, 0.272248, 0.326362, 0.340365, 0.387003, 0.39305, 0.991814, 0.995377, 1, 

225,528,0.001, 0.0147555, 0.0462022, 0.0652243, 0.0960996, 0.0984569, 0.116217, 0.150429, 0.210395, 0.261242, 0.265928, 0.32663, 0.44766, 0.533769, 0.982324, 1, 

229,389,0.001, 0.0319905, 0.0358922, 0.0691746, 0.0960996, 0.0984569, 0.116217, 0.224436, 0.250002, 0.340365, 0.387003, 0.634111, 1, 

217,540,0.001, 0.0194774, 0.0214873, 0.0652243, 0.0960996, 0.0984569, 0.116217, 0.224436, 0.250002, 0.340365, 0.387003, 0.634111, 1, 

223,529,0.001, 0.0194774, 0.0214873, 0.0427317, 0.146391, 0.208994, 0.224436, 0.250002, 0.325599, 0.340365, 0.387003, 1, 

Generation #43
221,539,0.001, 0.0147555, 0.0462022, 0.0652243, 0.0960996, 0.0984569, 0.116217, 0.150429, 0.210395, 0.261242, 0.265928, 0.670155, 1, 

215,664,0.001, 0.0319905, 0.0358922, 0.0691746, 0.111542, 0.146391, 0.181179, 0.272248, 0.326362, 0.340365, 0.387003, 0.39305, 0.991814, 0.995377, 1, 

225,528,0.001, 0.0147555, 0.0462022, 0.0652243, 0.0960996, 0.0984569, 0.116217, 0.150429, 0.210395, 0.261242, 0.265928, 0.32663, 0.44766, 0.533769, 0.982324, 1, 

229,389,0.001, 0.0319905, 0.0358922, 0.0691746, 0.0960996, 0.0984569, 0.116217, 0.224436, 0.250002, 0.340365, 0.387003, 0.634111, 1, 

217,540,0.001, 0.0194774, 0.0214873, 0.0652243, 0.0960996, 0.0984569, 0.116217, 0.224436, 0.250002, 0.340365, 0.387003, 0.634111, 1, 

223,529,0.001, 0.0194774, 0.0214873, 0.0427317, 0.146391, 0.208994, 0.224436, 0.250002, 0.325599, 0.340365, 0.387003, 1, 

Generation #44
221,539,0.001, 0.0147555, 0.0462022, 0.0652243, 0.0960996, 0.0984569, 0.116217, 0.150429, 0.210395, 0.261242, 0.265928, 0.670155, 1, 

215,664,0.001, 0.0319905, 0.0358922, 0.0691746, 0.111542, 0.146391, 0.181179, 0.272248, 0.326362, 0.340365, 0.387003, 0.39305, 0.991814, 0.995377, 1, 

225,528,0.001, 0.0147555, 0.0462022, 0.0652243, 0.0960996, 0.0984569, 0.116217, 0.150429, 0.210395, 0.261242, 0.265928, 0.32663, 0.44766, 0.533769, 0.982324, 1, 

229,389,0.001, 0.0319905, 0.0358922, 0.0691746, 0.0960996, 0.0984569, 0.116217, 0.224436, 0.250002, 0.340365, 0.387003, 0.634111, 1, 

217,540,0.001, 0.0194774, 0.0214873, 0.0652243, 0.0960996, 0.0984569, 0.116217, 0.224436, 0.250002, 0.340365, 0.387003, 0.634111, 1, 

223,529,0.001, 0.0194774, 0.0214873, 0.0427317, 0.146391, 0.208994, 0.224436, 0.250002, 0.325599, 0.340365, 0.387003, 1, 

Generation #45
221,539,0.001, 0.0147555, 0.0462022, 0.0652243, 0.0960996, 0.0984569, 0.116217, 0.150429, 0.210395, 0.261242, 0.265928, 0.670155, 1, 

215,664,0.001, 0.0319905, 0.0358922, 0.0691746, 0.111542, 0.146391, 0.181179, 0.272248, 0.326362, 0.340365, 0.387003, 0.39305, 0.991814, 0.995377, 1, 

225,528,0.001, 0.0147555, 0.0462022, 0.0652243, 0.0960996, 0.0984569, 0.116217, 0.150429, 0.210395, 0.261242, 0.265928, 0.32663, 0.44766, 0.533769, 0.982324, 1, 

229,389,0.001, 0.0319905, 0.0358922, 0.0691746, 0.0960996, 0.0984569, 0.116217, 0.224436, 0.250002, 0.340365, 0.387003, 0.634111, 1, 

217,540,0.001, 0.0194774, 0.0214873, 0.0652243, 0.0960996, 0.0984569, 0.116217, 0.224436, 0.250002, 0.340365, 0.387003, 0.634111, 1, 

223,529,0.001, 0.0194774, 0.0214873, 0.0427317, 0.146391, 0.208994, 0.224436, 0.250002, 0.325599, 0.340365, 0.387003, 1, 

Generation #46
221,539,0.001, 0.0147555, 0.0462022, 0.0652243, 0.0960996, 0.0984569, 0.116217, 0.150429, 0.210395, 0.261242, 0.265928, 0.670155, 1, 

215,664,0.001, 0.0319905, 0.0358922, 0.0691746, 0.111542, 0.146391, 0.181179, 0.272248, 0.326362, 0.340365, 0.387003, 0.39305, 0.991814, 0.995377, 1, 

225,528,0.001, 0.0147555, 0.0462022, 0.0652243, 0.0960996, 0.0984569, 0.116217, 0.150429, 0.210395, 0.261242, 0.265928, 0.32663, 0.44766, 0.533769, 0.982324, 1, 

229,389,0.001, 0.0319905, 0.0358922, 0.0691746, 0.0960996, 0.0984569, 0.116217, 0.224436, 0.250002, 0.340365, 0.387003, 0.634111, 1, 

217,540,0.001, 0.0194774, 0.0214873, 0.0652243, 0.0960996, 0.0984569, 0.116217, 0.224436, 0.250002, 0.340365, 0.387003, 0.634111, 1, 

223,529,0.001, 0.0194774, 0.0214873, 0.0427317, 0.146391, 0.208994, 0.224436, 0.250002, 0.325599, 0.340365, 0.387003, 1, 

211,694,0.001, 0.0194774, 0.0652243, 0.0960996, 0.0984569, 0.116217, 0.150429, 0.210395, 0.261242, 0.265928, 0.32663, 0.44766, 0.533769, 0.0167449, 0.974293, 1, 

Generation #47
221,539,0.001, 0.0147555, 0.0462022, 0.0652243, 0.0960996, 0.0984569, 0.116217, 0.150429, 0.210395, 0.261242, 0.265928, 0.670155, 1, 

225,528,0.001, 0.0147555, 0.0462022, 0.0652243, 0.0960996, 0.0984569, 0.116217, 0.150429, 0.210395, 0.261242, 0.265928, 0.32663, 0.44766, 0.533769, 0.982324, 1, 

229,389,0.001, 0.0319905, 0.0358922, 0.0691746, 0.0960996, 0.0984569, 0.116217, 0.224436, 0.250002, 0.340365, 0.387003, 0.634111, 1, 

217,540,0.001, 0.0194774, 0.0214873, 0.0652243, 0.0960996, 0.0984569, 0.116217, 0.224436, 0.250002, 0.340365, 0.387003, 0.634111, 1, 

223,529,0.001, 0.0194774, 0.0214873, 0.0427317, 0.146391, 0.208994, 0.224436, 0.250002, 0.325599, 0.340365, 0.387003, 1, 

211,694,0.001, 0.0194774, 0.0652243, 0.0960996, 0.0984569, 0.116217, 0.150429, 0.210395, 0.261242, 0.265928, 0.32663, 0.44766, 0.533769, 0.0167449, 0.974293, 1, 

214,552,0.001, 0.0147555, 0.0462022, 0.0652243, 0.0960996, 0.0984569, 0.116217, 0.224436, 0.250002, 0.340365, 0.387003, 1, 

Generation #48
221,539,0.001, 0.0147555, 0.0462022, 0.0652243, 0.0960996, 0.0984569, 0.116217, 0.150429, 0.210395, 0.261242, 0.265928, 0.670155, 1, 

225,528,0.001, 0.0147555, 0.0462022, 0.0652243, 0.0960996, 0.0984569, 0.116217, 0.150429, 0.210395, 0.261242, 0.265928, 0.32663, 0.44766, 0.533769, 0.982324, 1, 

229,389,0.001, 0.0319905, 0.0358922, 0.0691746, 0.0960996, 0.0984569, 0.116217, 0.224436, 0.250002, 0.340365, 0.387003, 0.634111, 1, 

217,540,0.001, 0.0194774, 0.0214873, 0.0652243, 0.0960996, 0.0984569, 0.116217, 0.224436, 0.250002, 0.340365, 0.387003, 0.634111, 1, 

223,529,0.001, 0.0194774, 0.0214873, 0.0427317, 0.146391, 0.208994, 0.224436, 0.250002, 0.325599, 0.340365, 0.387003, 1, 

211,694,0.001, 0.0194774, 0.0652243, 0.0960996, 0.0984569, 0.116217, 0.150429, 0.210395, 0.261242, 0.265928, 0.32663, 0.44766, 0.533769, 0.0167449, 0.974293, 1, 

214,552,0.001, 0.0147555, 0.0462022, 0.0652243, 0.0960996, 0.0984569, 0.116217, 0.224436, 0.250002, 0.340365, 0.387003, 1, 

213,685,0.001, 0.0194774, 0.0652243, 0.0960996, 0.0984569, 0.116217, 0.150429, 0.210395, 0.261242, 0.265928, 0.32663, 0.44766, 1, 

Generation #49
221,539,0.001, 0.0147555, 0.0462022, 0.0652243, 0.0960996, 0.0984569, 0.116217, 0.150429, 0.210395, 0.261242, 0.265928, 0.670155, 1, 

225,528,0.001, 0.0147555, 0.0462022, 0.0652243, 0.0960996, 0.0984569, 0.116217, 0.150429, 0.210395, 0.261242, 0.265928, 0.32663, 0.44766, 0.533769, 0.982324, 1, 

229,389,0.001, 0.0319905, 0.0358922, 0.0691746, 0.0960996, 0.0984569, 0.116217, 0.224436, 0.250002, 0.340365, 0.387003, 0.634111, 1, 

217,540,0.001, 0.0194774, 0.0214873, 0.0652243, 0.0960996, 0.0984569, 0.116217, 0.224436, 0.250002, 0.340365, 0.387003, 0.634111, 1, 

223,529,0.001, 0.0194774, 0.0214873, 0.0427317, 0.146391, 0.208994, 0.224436, 0.250002, 0.325599, 0.340365, 0.387003, 1, 

211,694,0.001, 0.0194774, 0.0652243, 0.0960996, 0.0984569, 0.116217, 0.150429, 0.210395, 0.261242, 0.265928, 0.32663, 0.44766, 0.533769, 0.0167449, 0.974293, 1, 

214,552,0.001, 0.0147555, 0.0462022, 0.0652243, 0.0960996, 0.0984569, 0.116217, 0.224436, 0.250002, 0.340365, 0.387003, 1, 

213,685,0.001, 0.0194774, 0.0652243, 0.0960996, 0.0984569, 0.116217, 0.150429, 0.210395, 0.261242, 0.265928, 0.32663, 0.44766, 1, 

226,514,0.001, 0.0147555, 0.0462022, 0.0652243, 0.0960996, 0.0984569, 0.116217, 0.150429, 0.210395, 0.261242, 0.265928, 0.32663, 0.44766, 0.533769, 0.982324, 1, 

N total=476, Time total=1081, percents=0.001, 0.0147555, 0.0462022, 0.0652243, 0.0960996, 0.0984569, 0.116217, 0.150429, 0.210395, 0.261242, 0.265928, 0.670155, 1, 

N total=480, Time total=1070, percents=0.001, 0.0147555, 0.0462022, 0.0652243, 0.0960996, 0.0984569, 0.116217, 0.150429, 0.210395, 0.261242, 0.265928, 0.32663, 0.44766, 0.533769, 0.982324, 1, 

N total=484, Time total=931, percents=0.001, 0.0319905, 0.0358922, 0.0691746, 0.0960996, 0.0984569, 0.116217, 0.224436, 0.250002, 0.340365, 0.387003, 0.634111, 1, 

N total=472, Time total=1082, percents=0.001, 0.0194774, 0.0214873, 0.0652243, 0.0960996, 0.0984569, 0.116217, 0.224436, 0.250002, 0.340365, 0.387003, 0.634111, 1, 

N total=478, Time total=1071, percents=0.001, 0.0194774, 0.0214873, 0.0427317, 0.146391, 0.208994, 0.224436, 0.250002, 0.325599, 0.340365, 0.387003, 1, 

N total=466, Time total=1236, percents=0.001, 0.0194774, 0.0652243, 0.0960996, 0.0984569, 0.116217, 0.150429, 0.210395, 0.261242, 0.265928, 0.32663, 0.44766, 0.533769, 0.0167449, 0.974293, 1, 

N total=469, Time total=1094, percents=0.001, 0.0147555, 0.0462022, 0.0652243, 0.0960996, 0.0984569, 0.116217, 0.224436, 0.250002, 0.340365, 0.387003, 1, 

N total=468, Time total=1227, percents=0.001, 0.0194774, 0.0652243, 0.0960996, 0.0984569, 0.116217, 0.150429, 0.210395, 0.261242, 0.265928, 0.32663, 0.44766, 1, 

N total=481, Time total=1056, percents=0.001, 0.0147555, 0.0462022, 0.0652243, 0.0960996, 0.0984569, 0.116217, 0.150429, 0.210395, 0.261242, 0.265928, 0.32663, 0.44766, 0.533769, 0.982324, 1, 

------------d=1, t=2, lambda=3, filename=./evaluation/Mobile/Mobile_2_3.csv------------
Computing partitioned counts of d-sets...
Ready to look at pairs based on partitioned counts...
First Stage N=357, Time=298
There are 234 remaining non-locating pairs
Generation #0
150,187,0.001, 0.0256816, 0.0304295, 0.121446, 0.152066, 0.225605, 0.259288, 0.351362, 0.356178, 0.396094, 0.428757, 0.456974, 0.527711, 0.554145, 0.580382, 0.654826, 0.69337, 0.694629, 0.910898, 1, 

175,139,0.001, 0.0349067, 0.0386301, 0.0431542, 0.0572123, 0.0990136, 0.105137, 0.106392, 0.135055, 0.2214, 0.251105, 0.27793, 0.371919, 0.378409, 0.386041, 0.394024, 0.409167, 0.426327, 0.497105, 0.633798, 0.645126, 0.649306, 0.684918, 0.709828, 0.726899, 0.742784, 0.798183, 0.817593, 0.912015, 0.984646, 1, 

146,200,0.001, 0.074342, 0.087087, 0.127441, 0.185137, 0.223848, 0.249213, 0.307013, 0.392956, 0.425397, 0.452165, 0.508337, 0.65589, 0.768266, 0.796645, 0.796884, 0.836129, 0.84001, 0.918094, 1, 

153,184,0.001, 0.00857424, 0.0144147, 0.0577421, 0.130514, 0.132849, 0.151941, 0.190082, 0.196629, 0.25676, 0.316986, 0.389897, 0.417197, 0.434628, 0.46267, 0.489333, 0.536162, 0.626829, 0.674628, 0.683786, 0.727127, 0.762543, 0.782512, 0.799555, 0.828321, 0.889262, 0.927451, 0.929617, 0.93578, 1, 

139,503,0.001, 0.228185, 0.316108, 0.345201, 0.347982, 0.532174, 0.565012, 0.654969, 0.69269, 0.718602, 0.734899, 0.770614, 0.804271, 0.981685, 0.98865, 1, 

135,712,0.001, 0.356414, 0.394401, 0.421841, 0.475086, 0.541443, 0.600613, 0.601667, 0.620783, 0.642074, 0.701401, 0.709634, 0.84741, 0.900053, 0.955974, 1, 

Generation #1
150,187,0.001, 0.0256816, 0.0304295, 0.121446, 0.152066, 0.225605, 0.259288, 0.351362, 0.356178, 0.396094, 0.428757, 0.456974, 0.527711, 0.554145, 0.580382, 0.654826, 0.69337, 0.694629, 0.910898, 1, 

175,139,0.001, 0.0349067, 0.0386301, 0.0431542, 0.0572123, 0.0990136, 0.105137, 0.106392, 0.135055, 0.2214, 0.251105, 0.27793, 0.371919, 0.378409, 0.386041, 0.394024, 0.409167, 0.426327, 0.497105, 0.633798, 0.645126, 0.649306, 0.684918, 0.709828, 0.726899, 0.742784, 0.798183, 0.817593, 0.912015, 0.984646, 1, 

146,200,0.001, 0.074342, 0.087087, 0.127441, 0.185137, 0.223848, 0.249213, 0.307013, 0.392956, 0.425397, 0.452165, 0.508337, 0.65589, 0.768266, 0.796645, 0.796884, 0.836129, 0.84001, 0.918094, 1, 

153,184,0.001, 0.00857424, 0.0144147, 0.0577421, 0.130514, 0.132849, 0.151941, 0.190082, 0.196629, 0.25676, 0.316986, 0.389897, 0.417197, 0.434628, 0.46267, 0.489333, 0.536162, 0.626829, 0.674628, 0.683786, 0.727127, 0.762543, 0.782512, 0.799555, 0.828321, 0.889262, 0.927451, 0.929617, 0.93578, 1, 

139,503,0.001, 0.228185, 0.316108, 0.345201, 0.347982, 0.532174, 0.565012, 0.654969, 0.69269, 0.718602, 0.734899, 0.770614, 0.804271, 0.981685, 0.98865, 1, 

135,712,0.001, 0.356414, 0.394401, 0.421841, 0.475086, 0.541443, 0.600613, 0.601667, 0.620783, 0.642074, 0.701401, 0.709634, 0.84741, 0.900053, 0.955974, 1, 

165,175,0.001, 0.0444403, 0.0534203, 0.0560496, 0.0596342, 0.0733355, 0.0859083, 0.132615, 0.157909, 0.966708, 1, 

141,214,0.001, 0.0644854, 0.0823171, 0.17068, 0.173064, 0.345107, 0.383675, 0.385367, 0.468168, 0.509294, 0.515467, 0.536574, 0.580991, 0.608813, 0.620259, 0.651723, 0.666203, 0.793563, 0.827465, 0.92771, 0.955042, 0.993665, 1, 

168,155,0.001, 0.0534125, 0.0695305, 0.102034, 0.145131, 0.184971, 0.251326, 0.252071, 0.302456, 0.330522, 0.381232, 0.394023, 0.395805, 0.428814, 0.501529, 0.534469, 0.555961, 0.628021, 0.635859, 0.647673, 0.78064, 0.795419, 0.833149, 0.849913, 0.726899, 0.742784, 0.798183, 0.817593, 0.912015, 0.984646, 1, 

Generation #2
175,139,0.001, 0.0349067, 0.0386301, 0.0431542, 0.0572123, 0.0990136, 0.105137, 0.106392, 0.135055, 0.2214, 0.251105, 0.27793, 0.371919, 0.378409, 0.386041, 0.394024, 0.409167, 0.426327, 0.497105, 0.633798, 0.645126, 0.649306, 0.684918, 0.709828, 0.726899, 0.742784, 0.798183, 0.817593, 0.912015, 0.984646, 1, 

168,155,0.001, 0.0534125, 0.0695305, 0.102034, 0.145131, 0.184971, 0.251326, 0.252071, 0.302456, 0.330522, 0.381232, 0.394023, 0.395805, 0.428814, 0.501529, 0.534469, 0.555961, 0.628021, 0.635859, 0.647673, 0.78064, 0.795419, 0.833149, 0.849913, 0.726899, 0.742784, 0.798183, 0.817593, 0.912015, 0.984646, 1, 

130,189,0.001, 0.0256816, 0.0304295, 0.421841, 0.475086, 0.541443, 0.600613, 0.601667, 0.620783, 0.642074, 0.709634, 0.84741, 0.900053, 0.955974, 1, 

164,159,0.001, 0.0366532, 0.0857935, 0.103245, 0.198653, 0.215652, 0.246366, 0.267597, 0.352362, 0.377268, 0.408828, 0.432886, 0.498062, 0.50445, 0.546381, 0.555477, 0.578873, 0.672233, 0.757056, 0.761875, 0.781603, 0.792, 0.80016, 0.813714, 0.842588, 0.869851, 0.893343, 1, 

144,174,0.001, 0.016161, 0.0215192, 0.0661459, 0.340648, 0.355622, 0.367223, 0.524605, 0.596987, 0.648165, 0.674926, 0.700284, 0.705386, 0.728929, 0.780253, 0.834684, 0.881384, 0.895527, 0.951628, 0.956588, 0.959441, 0.96168, 1, 

Generation #3
175,139,0.001, 0.0349067, 0.0386301, 0.0431542, 0.0572123, 0.0990136, 0.105137, 0.106392, 0.135055, 0.2214, 0.251105, 0.27793, 0.371919, 0.378409, 0.386041, 0.394024, 0.409167, 0.426327, 0.497105, 0.633798, 0.645126, 0.649306, 0.684918, 0.709828, 0.726899, 0.742784, 0.798183, 0.817593, 0.912015, 0.984646, 1, 

168,155,0.001, 0.0534125, 0.0695305, 0.102034, 0.145131, 0.184971, 0.251326, 0.252071, 0.302456, 0.330522, 0.381232, 0.394023, 0.395805, 0.428814, 0.501529, 0.534469, 0.555961, 0.628021, 0.635859, 0.647673, 0.78064, 0.795419, 0.833149, 0.849913, 0.726899, 0.742784, 0.798183, 0.817593, 0.912015, 0.984646, 1, 

164,159,0.001, 0.0366532, 0.0857935, 0.103245, 0.198653, 0.215652, 0.246366, 0.267597, 0.352362, 0.377268, 0.408828, 0.432886, 0.498062, 0.50445, 0.546381, 0.555477, 0.578873, 0.672233, 0.757056, 0.761875, 0.781603, 0.792, 0.80016, 0.813714, 0.842588, 0.869851, 0.893343, 1, 

129,166,0.001, 0.0571851, 0.0573161, 0.09242, 0.0929232, 0.120207, 0.139113, 0.220378, 0.353624, 0.390347, 0.407968, 0.516047, 0.546182, 0.569602, 0.631807, 0.643721, 0.743995, 0.782472, 0.914557, 0.947298, 1, 

Generation #4
175,139,0.001, 0.0349067, 0.0386301, 0.0431542, 0.0572123, 0.0990136, 0.105137, 0.106392, 0.135055, 0.2214, 0.251105, 0.27793, 0.371919, 0.378409, 0.386041, 0.394024, 0.409167, 0.426327, 0.497105, 0.633798, 0.645126, 0.649306, 0.684918, 0.709828, 0.726899, 0.742784, 0.798183, 0.817593, 0.912015, 0.984646, 1, 

129,166,0.001, 0.0571851, 0.0573161, 0.09242, 0.0929232, 0.120207, 0.139113, 0.220378, 0.353624, 0.390347, 0.407968, 0.516047, 0.546182, 0.569602, 0.631807, 0.643721, 0.743995, 0.782472, 0.914557, 0.947298, 1, 

157,153,0.001, 0.0256816, 0.0304295, 0.121446, 0.0596342, 0.0733355, 0.0859083, 0.132615, 0.157909, 0.175985, 0.297456, 0.323357, 0.397967, 0.446702, 0.493418, 0.661119, 0.793061, 0.81588, 0.844713, 0.85935, 0.867983, 0.925213, 0.982465, 0.999468, 1, 

Generation #5
175,139,0.001, 0.0349067, 0.0386301, 0.0431542, 0.0572123, 0.0990136, 0.105137, 0.106392, 0.135055, 0.2214, 0.251105, 0.27793, 0.371919, 0.378409, 0.386041, 0.394024, 0.409167, 0.426327, 0.497105, 0.633798, 0.645126, 0.649306, 0.684918, 0.709828, 0.726899, 0.742784, 0.798183, 0.817593, 0.912015, 0.984646, 1, 

129,166,0.001, 0.0571851, 0.0573161, 0.09242, 0.0929232, 0.120207, 0.139113, 0.220378, 0.353624, 0.390347, 0.407968, 0.516047, 0.546182, 0.569602, 0.631807, 0.643721, 0.743995, 0.782472, 0.914557, 0.947298, 1, 

157,153,0.001, 0.0256816, 0.0304295, 0.121446, 0.0596342, 0.0733355, 0.0859083, 0.132615, 0.157909, 0.175985, 0.297456, 0.323357, 0.397967, 0.446702, 0.493418, 0.661119, 0.793061, 0.81588, 0.844713, 0.85935, 0.867983, 0.925213, 0.982465, 0.999468, 1, 

195,122,0.001, 0.0349067, 0.0386301, 0.0431542, 0.0572123, 0.0990136, 0.105137, 0.106392, 0.135055, 0.2214, 0.251105, 0.27793, 0.371919, 0.378409, 0.386041, 0.394024, 0.409167, 0.426327, 0.497105, 0.633798, 0.645126, 0.649306, 0.684918, 0.690977, 0.699566, 0.702738, 0.798578, 0.877928, 0.967164, 0.975567, 1, 

144,158,0.001, 0.0444403, 0.0534203, 0.0560496, 0.0596342, 0.0733355, 0.0859083, 0.132615, 0.157909, 0.175985, 0.297456, 0.323357, 0.397967, 0.446702, 0.493418, 0.661119, 0.793061, 0.694629, 0.910898, 1, 

Generation #6
175,139,0.001, 0.0349067, 0.0386301, 0.0431542, 0.0572123, 0.0990136, 0.105137, 0.106392, 0.135055, 0.2214, 0.251105, 0.27793, 0.371919, 0.378409, 0.386041, 0.394024, 0.409167, 0.426327, 0.497105, 0.633798, 0.645126, 0.649306, 0.684918, 0.709828, 0.726899, 0.742784, 0.798183, 0.817593, 0.912015, 0.984646, 1, 

129,166,0.001, 0.0571851, 0.0573161, 0.09242, 0.0929232, 0.120207, 0.139113, 0.220378, 0.353624, 0.390347, 0.407968, 0.516047, 0.546182, 0.569602, 0.631807, 0.643721, 0.743995, 0.782472, 0.914557, 0.947298, 1, 

157,153,0.001, 0.0256816, 0.0304295, 0.121446, 0.0596342, 0.0733355, 0.0859083, 0.132615, 0.157909, 0.175985, 0.297456, 0.323357, 0.397967, 0.446702, 0.493418, 0.661119, 0.793061, 0.81588, 0.844713, 0.85935, 0.867983, 0.925213, 0.982465, 0.999468, 1, 

195,122,0.001, 0.0349067, 0.0386301, 0.0431542, 0.0572123, 0.0990136, 0.105137, 0.106392, 0.135055, 0.2214, 0.251105, 0.27793, 0.371919, 0.378409, 0.386041, 0.394024, 0.409167, 0.426327, 0.497105, 0.633798, 0.645126, 0.649306, 0.684918, 0.690977, 0.699566, 0.702738, 0.798578, 0.877928, 0.967164, 0.975567, 1, 

156,154,0.001, 0.0349067, 0.0386301, 0.0431542, 0.178175, 0.263854, 0.302389, 0.310584, 0.321386, 0.347886, 0.440912, 0.456515, 0.474546, 0.51077, 0.549941, 0.595445, 0.622536, 0.635473, 0.762951, 0.768375, 0.817748, 0.841877, 0.865857, 0.901181, 0.908987, 0.989395, 1, 

133,155,0.001, 0.0444403, 0.0560496, 0.0596342, 0.0733355, 0.0859083, 0.132615, 0.540224, 0.175985, 0.297456, 0.323357, 1, 

Generation #7
175,139,0.001, 0.0349067, 0.0386301, 0.0431542, 0.0572123, 0.0990136, 0.105137, 0.106392, 0.135055, 0.2214, 0.251105, 0.27793, 0.371919, 0.378409, 0.386041, 0.394024, 0.409167, 0.426327, 0.497105, 0.633798, 0.645126, 0.649306, 0.684918, 0.709828, 0.726899, 0.742784, 0.798183, 0.817593, 0.912015, 0.984646, 1, 

129,166,0.001, 0.0571851, 0.0573161, 0.09242, 0.0929232, 0.120207, 0.139113, 0.220378, 0.353624, 0.390347, 0.407968, 0.516047, 0.546182, 0.569602, 0.631807, 0.643721, 0.743995, 0.782472, 0.914557, 0.947298, 1, 

157,153,0.001, 0.0256816, 0.0304295, 0.121446, 0.0596342, 0.0733355, 0.0859083, 0.132615, 0.157909, 0.175985, 0.297456, 0.323357, 0.397967, 0.446702, 0.493418, 0.661119, 0.793061, 0.81588, 0.844713, 0.85935, 0.867983, 0.925213, 0.982465, 0.999468, 1, 

195,122,0.001, 0.0349067, 0.0386301, 0.0431542, 0.0572123, 0.0990136, 0.105137, 0.106392, 0.135055, 0.2214, 0.251105, 0.27793, 0.371919, 0.378409, 0.386041, 0.394024, 0.409167, 0.426327, 0.497105, 0.633798, 0.645126, 0.649306, 0.684918, 0.690977, 0.699566, 0.702738, 0.798578, 0.877928, 0.967164, 0.975567, 1, 

156,154,0.001, 0.0349067, 0.0386301, 0.0431542, 0.178175, 0.263854, 0.302389, 0.310584, 0.321386, 0.347886, 0.440912, 0.456515, 0.474546, 0.51077, 0.549941, 0.595445, 0.622536, 0.635473, 0.762951, 0.768375, 0.817748, 0.841877, 0.865857, 0.901181, 0.908987, 0.989395, 1, 

133,155,0.001, 0.0444403, 0.0560496, 0.0596342, 0.0733355, 0.0859083, 0.132615, 0.540224, 0.175985, 0.297456, 0.323357, 1, 

126,190,0.001, 0.0256816, 0.0304295, 0.121446, 0.152066, 0.225605, 0.259288, 0.351362, 0.356178, 0.396094, 0.428757, 0.456974, 0.527711, 0.608813, 0.620259, 0.651723, 0.666203, 0.793563, 0.658768, 0.956588, 0.959441, 0.96168, 1, 

159,151,0.001, 0.0142598, 0.0304295, 0.121446, 0.152066, 0.225605, 0.259288, 0.351362, 0.356178, 0.396094, 0.428757, 0.456974, 0.527711, 0.608813, 0.620259, 0.651723, 0.666203, 0.793563, 0.827465, 0.92771, 0.955042, 0.993665, 1, 

Generation #8
175,139,0.001, 0.0349067, 0.0386301, 0.0431542, 0.0572123, 0.0990136, 0.105137, 0.106392, 0.135055, 0.2214, 0.251105, 0.27793, 0.371919, 0.378409, 0.386041, 0.394024, 0.409167, 0.426327, 0.497105, 0.633798, 0.645126, 0.649306, 0.684918, 0.709828, 0.726899, 0.742784, 0.798183, 0.817593, 0.912015, 0.984646, 1, 

129,166,0.001, 0.0571851, 0.0573161, 0.09242, 0.0929232, 0.120207, 0.139113, 0.220378, 0.353624, 0.390347, 0.407968, 0.516047, 0.546182, 0.569602, 0.631807, 0.643721, 0.743995, 0.782472, 0.914557, 0.947298, 1, 

195,122,0.001, 0.0349067, 0.0386301, 0.0431542, 0.0572123, 0.0990136, 0.105137, 0.106392, 0.135055, 0.2214, 0.251105, 0.27793, 0.371919, 0.378409, 0.386041, 0.394024, 0.409167, 0.426327, 0.497105, 0.633798, 0.645126, 0.649306, 0.684918, 0.690977, 0.699566, 0.702738, 0.798578, 0.877928, 0.967164, 0.975567, 1, 

126,190,0.001, 0.0256816, 0.0304295, 0.121446, 0.152066, 0.225605, 0.259288, 0.351362, 0.356178, 0.396094, 0.428757, 0.456974, 0.527711, 0.608813, 0.620259, 0.651723, 0.666203, 0.793563, 0.658768, 0.956588, 0.959441, 0.96168, 1, 

130,144,0.001, 0.0444403, 0.0534203, 0.0560496, 0.182483, 0.194851, 0.228353, 0.232659, 0.273844, 0.318958, 0.342293, 0.343038, 0.599854, 0.636553, 0.751581, 0.79136, 0.88038, 0.88279, 0.918054, 0.918667, 0.92517, 1, 

Generation #9
175,139,0.001, 0.0349067, 0.0386301, 0.0431542, 0.0572123, 0.0990136, 0.105137, 0.106392, 0.135055, 0.2214, 0.251105, 0.27793, 0.371919, 0.378409, 0.386041, 0.394024, 0.409167, 0.426327, 0.497105, 0.633798, 0.645126, 0.649306, 0.684918, 0.709828, 0.726899, 0.742784, 0.798183, 0.817593, 0.912015, 0.984646, 1, 

129,166,0.001, 0.0571851, 0.0573161, 0.09242, 0.0929232, 0.120207, 0.139113, 0.220378, 0.353624, 0.390347, 0.407968, 0.516047, 0.546182, 0.569602, 0.631807, 0.643721, 0.743995, 0.782472, 0.914557, 0.947298, 1, 

195,122,0.001, 0.0349067, 0.0386301, 0.0431542, 0.0572123, 0.0990136, 0.105137, 0.106392, 0.135055, 0.2214, 0.251105, 0.27793, 0.371919, 0.378409, 0.386041, 0.394024, 0.409167, 0.426327, 0.497105, 0.633798, 0.645126, 0.649306, 0.684918, 0.690977, 0.699566, 0.702738, 0.798578, 0.877928, 0.967164, 0.975567, 1, 

126,190,0.001, 0.0256816, 0.0304295, 0.121446, 0.152066, 0.225605, 0.259288, 0.351362, 0.356178, 0.396094, 0.428757, 0.456974, 0.527711, 0.608813, 0.620259, 0.651723, 0.666203, 0.793563, 0.658768, 0.956588, 0.959441, 0.96168, 1, 

130,144,0.001, 0.0444403, 0.0534203, 0.0560496, 0.182483, 0.194851, 0.228353, 0.232659, 0.273844, 0.318958, 0.342293, 0.343038, 0.599854, 0.636553, 0.751581, 0.79136, 0.88038, 0.88279, 0.918054, 0.918667, 0.92517, 1, 

142,143,0.001, 0.0349067, 0.0386301, 0.0431542, 0.0572123, 0.0990136, 0.232007, 0.232659, 0.318958, 0.342293, 0.343038, 0.460864, 0.461712, 0.470286, 0.520201, 0.556777, 0.587832, 0.658768, 0.713498, 0.959441, 0.96168, 1, 

Generation #10
175,139,0.001, 0.0349067, 0.0386301, 0.0431542, 0.0572123, 0.0990136, 0.105137, 0.106392, 0.135055, 0.2214, 0.251105, 0.27793, 0.371919, 0.378409, 0.386041, 0.394024, 0.409167, 0.426327, 0.497105, 0.633798, 0.645126, 0.649306, 0.684918, 0.709828, 0.726899, 0.742784, 0.798183, 0.817593, 0.912015, 0.984646, 1, 

129,166,0.001, 0.0571851, 0.0573161, 0.09242, 0.0929232, 0.120207, 0.139113, 0.220378, 0.353624, 0.390347, 0.407968, 0.516047, 0.546182, 0.569602, 0.631807, 0.643721, 0.743995, 0.782472, 0.914557, 0.947298, 1, 

195,122,0.001, 0.0349067, 0.0386301, 0.0431542, 0.0572123, 0.0990136, 0.105137, 0.106392, 0.135055, 0.2214, 0.251105, 0.27793, 0.371919, 0.378409, 0.386041, 0.394024, 0.409167, 0.426327, 0.497105, 0.633798, 0.645126, 0.649306, 0.684918, 0.690977, 0.699566, 0.702738, 0.798578, 0.877928, 0.967164, 0.975567, 1, 

126,190,0.001, 0.0256816, 0.0304295, 0.121446, 0.152066, 0.225605, 0.259288, 0.351362, 0.356178, 0.396094, 0.428757, 0.456974, 0.527711, 0.608813, 0.620259, 0.651723, 0.666203, 0.793563, 0.658768, 0.956588, 0.959441, 0.96168, 1, 

130,144,0.001, 0.0444403, 0.0534203, 0.0560496, 0.182483, 0.194851, 0.228353, 0.232659, 0.273844, 0.318958, 0.342293, 0.343038, 0.599854, 0.636553, 0.751581, 0.79136, 0.88038, 0.88279, 0.918054, 0.918667, 0.92517, 1, 

142,143,0.001, 0.0349067, 0.0386301, 0.0431542, 0.0572123, 0.0990136, 0.232007, 0.232659, 0.318958, 0.342293, 0.343038, 0.460864, 0.461712, 0.470286, 0.520201, 0.556777, 0.587832, 0.658768, 0.713498, 0.959441, 0.96168, 1, 

Generation #11
175,139,0.001, 0.0349067, 0.0386301, 0.0431542, 0.0572123, 0.0990136, 0.105137, 0.106392, 0.135055, 0.2214, 0.251105, 0.27793, 0.371919, 0.378409, 0.386041, 0.394024, 0.409167, 0.426327, 0.497105, 0.633798, 0.645126, 0.649306, 0.684918, 0.709828, 0.726899, 0.742784, 0.798183, 0.817593, 0.912015, 0.984646, 1, 

129,166,0.001, 0.0571851, 0.0573161, 0.09242, 0.0929232, 0.120207, 0.139113, 0.220378, 0.353624, 0.390347, 0.407968, 0.516047, 0.546182, 0.569602, 0.631807, 0.643721, 0.743995, 0.782472, 0.914557, 0.947298, 1, 

195,122,0.001, 0.0349067, 0.0386301, 0.0431542, 0.0572123, 0.0990136, 0.105137, 0.106392, 0.135055, 0.2214, 0.251105, 0.27793, 0.371919, 0.378409, 0.386041, 0.394024, 0.409167, 0.426327, 0.497105, 0.633798, 0.645126, 0.649306, 0.684918, 0.690977, 0.699566, 0.702738, 0.798578, 0.877928, 0.967164, 0.975567, 1, 

126,190,0.001, 0.0256816, 0.0304295, 0.121446, 0.152066, 0.225605, 0.259288, 0.351362, 0.356178, 0.396094, 0.428757, 0.456974, 0.527711, 0.608813, 0.620259, 0.651723, 0.666203, 0.793563, 0.658768, 0.956588, 0.959441, 0.96168, 1, 

130,144,0.001, 0.0444403, 0.0534203, 0.0560496, 0.182483, 0.194851, 0.228353, 0.232659, 0.273844, 0.318958, 0.342293, 0.343038, 0.599854, 0.636553, 0.751581, 0.79136, 0.88038, 0.88279, 0.918054, 0.918667, 0.92517, 1, 

142,143,0.001, 0.0349067, 0.0386301, 0.0431542, 0.0572123, 0.0990136, 0.232007, 0.232659, 0.318958, 0.342293, 0.343038, 0.460864, 0.461712, 0.470286, 0.520201, 0.556777, 0.587832, 0.658768, 0.713498, 0.959441, 0.96168, 1, 

Generation #12
129,166,0.001, 0.0571851, 0.0573161, 0.09242, 0.0929232, 0.120207, 0.139113, 0.220378, 0.353624, 0.390347, 0.407968, 0.516047, 0.546182, 0.569602, 0.631807, 0.643721, 0.743995, 0.782472, 0.914557, 0.947298, 1, 

126,190,0.001, 0.0256816, 0.0304295, 0.121446, 0.152066, 0.225605, 0.259288, 0.351362, 0.356178, 0.396094, 0.428757, 0.456974, 0.527711, 0.608813, 0.620259, 0.651723, 0.666203, 0.793563, 0.658768, 0.956588, 0.959441, 0.96168, 1, 

130,144,0.001, 0.0444403, 0.0534203, 0.0560496, 0.182483, 0.194851, 0.228353, 0.232659, 0.273844, 0.318958, 0.342293, 0.343038, 0.599854, 0.636553, 0.751581, 0.79136, 0.88038, 0.88279, 0.918054, 0.918667, 0.92517, 1, 

142,143,0.001, 0.0349067, 0.0386301, 0.0431542, 0.0572123, 0.0990136, 0.232007, 0.232659, 0.318958, 0.342293, 0.343038, 0.460864, 0.461712, 0.470286, 0.520201, 0.556777, 0.587832, 0.658768, 0.713498, 0.959441, 0.96168, 1, 

158,122,0.001, 0.0256816, 0.0304295, 0.121446, 0.152066, 0.225605, 0.105137, 0.106392, 0.200426, 0.135055, 0.2214, 0.251105, 0.27793, 0.371919, 0.378409, 0.46267, 0.489333, 0.536162, 0.626829, 0.674628, 0.683786, 0.727127, 0.762543, 0.782512, 0.799555, 0.828321, 0.889262, 0.927451, 0.929617, 0.93578, 1, 

Generation #13
129,166,0.001, 0.0571851, 0.0573161, 0.09242, 0.0929232, 0.120207, 0.139113, 0.220378, 0.353624, 0.390347, 0.407968, 0.516047, 0.546182, 0.569602, 0.631807, 0.643721, 0.743995, 0.782472, 0.914557, 0.947298, 1, 

126,190,0.001, 0.0256816, 0.0304295, 0.121446, 0.152066, 0.225605, 0.259288, 0.351362, 0.356178, 0.396094, 0.428757, 0.456974, 0.527711, 0.608813, 0.620259, 0.651723, 0.666203, 0.793563, 0.658768, 0.956588, 0.959441, 0.96168, 1, 

130,144,0.001, 0.0444403, 0.0534203, 0.0560496, 0.182483, 0.194851, 0.228353, 0.232659, 0.273844, 0.318958, 0.342293, 0.343038, 0.599854, 0.636553, 0.751581, 0.79136, 0.88038, 0.88279, 0.918054, 0.918667, 0.92517, 1, 

158,122,0.001, 0.0256816, 0.0304295, 0.121446, 0.152066, 0.225605, 0.105137, 0.106392, 0.200426, 0.135055, 0.2214, 0.251105, 0.27793, 0.371919, 0.378409, 0.46267, 0.489333, 0.536162, 0.626829, 0.674628, 0.683786, 0.727127, 0.762543, 0.782512, 0.799555, 0.828321, 0.889262, 0.927451, 0.929617, 0.93578, 1, 

139,130,0.001, 0.0256816, 0.0304295, 0.121446, 0.0596342, 0.0733355, 0.0859083, 0.132615, 0.157909, 0.175985, 0.297456, 0.323357, 0.397967, 0.446702, 0.493418, 0.661119, 0.651723, 0.666203, 0.895527, 0.951628, 0.956588, 0.959441, 0.96168, 1, 

Generation #14
126,190,0.001, 0.0256816, 0.0304295, 0.121446, 0.152066, 0.225605, 0.259288, 0.351362, 0.356178, 0.396094, 0.428757, 0.456974, 0.527711, 0.608813, 0.620259, 0.651723, 0.666203, 0.793563, 0.658768, 0.956588, 0.959441, 0.96168, 1, 

130,144,0.001, 0.0444403, 0.0534203, 0.0560496, 0.182483, 0.194851, 0.228353, 0.232659, 0.273844, 0.318958, 0.342293, 0.343038, 0.599854, 0.636553, 0.751581, 0.79136, 0.88038, 0.88279, 0.918054, 0.918667, 0.92517, 1, 

158,122,0.001, 0.0256816, 0.0304295, 0.121446, 0.152066, 0.225605, 0.105137, 0.106392, 0.200426, 0.135055, 0.2214, 0.251105, 0.27793, 0.371919, 0.378409, 0.46267, 0.489333, 0.536162, 0.626829, 0.674628, 0.683786, 0.727127, 0.762543, 0.782512, 0.799555, 0.828321, 0.889262, 0.927451, 0.929617, 0.93578, 1, 

139,130,0.001, 0.0256816, 0.0304295, 0.121446, 0.0596342, 0.0733355, 0.0859083, 0.132615, 0.157909, 0.175985, 0.297456, 0.323357, 0.397967, 0.446702, 0.493418, 0.661119, 0.651723, 0.666203, 0.895527, 0.951628, 0.956588, 0.959441, 0.96168, 1, 

127,146,0.001, 0.0444403, 0.0560496, 0.198259, 0.0596342, 0.0943436, 0.184971, 0.232007, 0.233053, 0.245314, 0.278795, 0.300997, 0.3212, 0.35774, 0.608813, 0.620259, 0.651723, 0.666203, 0.793563, 0.827465, 0.92771, 0.955042, 0.993665, 1, 

Generation #15
126,190,0.001, 0.0256816, 0.0304295, 0.121446, 0.152066, 0.225605, 0.259288, 0.351362, 0.356178, 0.396094, 0.428757, 0.456974, 0.527711, 0.608813, 0.620259, 0.651723, 0.666203, 0.793563, 0.658768, 0.956588, 0.959441, 0.96168, 1, 

130,144,0.001, 0.0444403, 0.0534203, 0.0560496, 0.182483, 0.194851, 0.228353, 0.232659, 0.273844, 0.318958, 0.342293, 0.343038, 0.599854, 0.636553, 0.751581, 0.79136, 0.88038, 0.88279, 0.918054, 0.918667, 0.92517, 1, 

158,122,0.001, 0.0256816, 0.0304295, 0.121446, 0.152066, 0.225605, 0.105137, 0.106392, 0.200426, 0.135055, 0.2214, 0.251105, 0.27793, 0.371919, 0.378409, 0.46267, 0.489333, 0.536162, 0.626829, 0.674628, 0.683786, 0.727127, 0.762543, 0.782512, 0.799555, 0.828321, 0.889262, 0.927451, 0.929617, 0.93578, 1, 

139,130,0.001, 0.0256816, 0.0304295, 0.121446, 0.0596342, 0.0733355, 0.0859083, 0.132615, 0.157909, 0.175985, 0.297456, 0.323357, 0.397967, 0.446702, 0.493418, 0.661119, 0.651723, 0.666203, 0.895527, 0.951628, 0.956588, 0.959441, 0.96168, 1, 

127,146,0.001, 0.0444403, 0.0560496, 0.198259, 0.0596342, 0.0943436, 0.184971, 0.232007, 0.233053, 0.245314, 0.278795, 0.300997, 0.3212, 0.35774, 0.608813, 0.620259, 0.651723, 0.666203, 0.793563, 0.827465, 0.92771, 0.955042, 0.993665, 1, 

201,114,0.001, 0.0349067, 0.0386301, 0.0431542, 0.0572123, 0.0990136, 0.232007, 0.233053, 0.245314, 0.278795, 0.300997, 0.3212, 0.35774, 0.576609, 0.620259, 0.651723, 0.666203, 0.793563, 0.827465, 0.92771, 0.955042, 0.993665, 1, 

Generation #16
126,190,0.001, 0.0256816, 0.0304295, 0.121446, 0.152066, 0.225605, 0.259288, 0.351362, 0.356178, 0.396094, 0.428757, 0.456974, 0.527711, 0.608813, 0.620259, 0.651723, 0.666203, 0.793563, 0.658768, 0.956588, 0.959441, 0.96168, 1, 

130,144,0.001, 0.0444403, 0.0534203, 0.0560496, 0.182483, 0.194851, 0.228353, 0.232659, 0.273844, 0.318958, 0.342293, 0.343038, 0.599854, 0.636553, 0.751581, 0.79136, 0.88038, 0.88279, 0.918054, 0.918667, 0.92517, 1, 

158,122,0.001, 0.0256816, 0.0304295, 0.121446, 0.152066, 0.225605, 0.105137, 0.106392, 0.200426, 0.135055, 0.2214, 0.251105, 0.27793, 0.371919, 0.378409, 0.46267, 0.489333, 0.536162, 0.626829, 0.674628, 0.683786, 0.727127, 0.762543, 0.782512, 0.799555, 0.828321, 0.889262, 0.927451, 0.929617, 0.93578, 1, 

139,130,0.001, 0.0256816, 0.0304295, 0.121446, 0.0596342, 0.0733355, 0.0859083, 0.132615, 0.157909, 0.175985, 0.297456, 0.323357, 0.397967, 0.446702, 0.493418, 0.661119, 0.651723, 0.666203, 0.895527, 0.951628, 0.956588, 0.959441, 0.96168, 1, 

127,146,0.001, 0.0444403, 0.0560496, 0.198259, 0.0596342, 0.0943436, 0.184971, 0.232007, 0.233053, 0.245314, 0.278795, 0.300997, 0.3212, 0.35774, 0.608813, 0.620259, 0.651723, 0.666203, 0.793563, 0.827465, 0.92771, 0.955042, 0.993665, 1, 

201,114,0.001, 0.0349067, 0.0386301, 0.0431542, 0.0572123, 0.0990136, 0.232007, 0.233053, 0.245314, 0.278795, 0.300997, 0.3212, 0.35774, 0.576609, 0.620259, 0.651723, 0.666203, 0.793563, 0.827465, 0.92771, 0.955042, 0.993665, 1, 

Generation #17
126,190,0.001, 0.0256816, 0.0304295, 0.121446, 0.152066, 0.225605, 0.259288, 0.351362, 0.356178, 0.396094, 0.428757, 0.456974, 0.527711, 0.608813, 0.620259, 0.651723, 0.666203, 0.793563, 0.658768, 0.956588, 0.959441, 0.96168, 1, 

130,144,0.001, 0.0444403, 0.0534203, 0.0560496, 0.182483, 0.194851, 0.228353, 0.232659, 0.273844, 0.318958, 0.342293, 0.343038, 0.599854, 0.636553, 0.751581, 0.79136, 0.88038, 0.88279, 0.918054, 0.918667, 0.92517, 1, 

158,122,0.001, 0.0256816, 0.0304295, 0.121446, 0.152066, 0.225605, 0.105137, 0.106392, 0.200426, 0.135055, 0.2214, 0.251105, 0.27793, 0.371919, 0.378409, 0.46267, 0.489333, 0.536162, 0.626829, 0.674628, 0.683786, 0.727127, 0.762543, 0.782512, 0.799555, 0.828321, 0.889262, 0.927451, 0.929617, 0.93578, 1, 

139,130,0.001, 0.0256816, 0.0304295, 0.121446, 0.0596342, 0.0733355, 0.0859083, 0.132615, 0.157909, 0.175985, 0.297456, 0.323357, 0.397967, 0.446702, 0.493418, 0.661119, 0.651723, 0.666203, 0.895527, 0.951628, 0.956588, 0.959441, 0.96168, 1, 

127,146,0.001, 0.0444403, 0.0560496, 0.198259, 0.0596342, 0.0943436, 0.184971, 0.232007, 0.233053, 0.245314, 0.278795, 0.300997, 0.3212, 0.35774, 0.608813, 0.620259, 0.651723, 0.666203, 0.793563, 0.827465, 0.92771, 0.955042, 0.993665, 1, 

201,114,0.001, 0.0349067, 0.0386301, 0.0431542, 0.0572123, 0.0990136, 0.232007, 0.233053, 0.245314, 0.278795, 0.300997, 0.3212, 0.35774, 0.576609, 0.620259, 0.651723, 0.666203, 0.793563, 0.827465, 0.92771, 0.955042, 0.993665, 1, 

166,120,0.001, 0.0256816, 0.0304295, 0.121446, 0.152066, 0.225605, 0.173005, 0.175284, 0.352362, 0.377268, 0.408828, 0.432886, 0.580991, 0.608813, 0.620259, 0.651723, 0.666203, 0.793563, 0.827465, 0.92771, 0.955042, 0.993665, 1, 

Generation #18
126,190,0.001, 0.0256816, 0.0304295, 0.121446, 0.152066, 0.225605, 0.259288, 0.351362, 0.356178, 0.396094, 0.428757, 0.456974, 0.527711, 0.608813, 0.620259, 0.651723, 0.666203, 0.793563, 0.658768, 0.956588, 0.959441, 0.96168, 1, 

130,144,0.001, 0.0444403, 0.0534203, 0.0560496, 0.182483, 0.194851, 0.228353, 0.232659, 0.273844, 0.318958, 0.342293, 0.343038, 0.599854, 0.636553, 0.751581, 0.79136, 0.88038, 0.88279, 0.918054, 0.918667, 0.92517, 1, 

158,122,0.001, 0.0256816, 0.0304295, 0.121446, 0.152066, 0.225605, 0.105137, 0.106392, 0.200426, 0.135055, 0.2214, 0.251105, 0.27793, 0.371919, 0.378409, 0.46267, 0.489333, 0.536162, 0.626829, 0.674628, 0.683786, 0.727127, 0.762543, 0.782512, 0.799555, 0.828321, 0.889262, 0.927451, 0.929617, 0.93578, 1, 

139,130,0.001, 0.0256816, 0.0304295, 0.121446, 0.0596342, 0.0733355, 0.0859083, 0.132615, 0.157909, 0.175985, 0.297456, 0.323357, 0.397967, 0.446702, 0.493418, 0.661119, 0.651723, 0.666203, 0.895527, 0.951628, 0.956588, 0.959441, 0.96168, 1, 

127,146,0.001, 0.0444403, 0.0560496, 0.198259, 0.0596342, 0.0943436, 0.184971, 0.232007, 0.233053, 0.245314, 0.278795, 0.300997, 0.3212, 0.35774, 0.608813, 0.620259, 0.651723, 0.666203, 0.793563, 0.827465, 0.92771, 0.955042, 0.993665, 1, 

201,114,0.001, 0.0349067, 0.0386301, 0.0431542, 0.0572123, 0.0990136, 0.232007, 0.233053, 0.245314, 0.278795, 0.300997, 0.3212, 0.35774, 0.576609, 0.620259, 0.651723, 0.666203, 0.793563, 0.827465, 0.92771, 0.955042, 0.993665, 1, 

166,120,0.001, 0.0256816, 0.0304295, 0.121446, 0.152066, 0.225605, 0.173005, 0.175284, 0.352362, 0.377268, 0.408828, 0.432886, 0.580991, 0.608813, 0.620259, 0.651723, 0.666203, 0.793563, 0.827465, 0.92771, 0.955042, 0.993665, 1, 

Generation #19
126,190,0.001, 0.0256816, 0.0304295, 0.121446, 0.152066, 0.225605, 0.259288, 0.351362, 0.356178, 0.396094, 0.428757, 0.456974, 0.527711, 0.608813, 0.620259, 0.651723, 0.666203, 0.793563, 0.658768, 0.956588, 0.959441, 0.96168, 1, 

130,144,0.001, 0.0444403, 0.0534203, 0.0560496, 0.182483, 0.194851, 0.228353, 0.232659, 0.273844, 0.318958, 0.342293, 0.343038, 0.599854, 0.636553, 0.751581, 0.79136, 0.88038, 0.88279, 0.918054, 0.918667, 0.92517, 1, 

158,122,0.001, 0.0256816, 0.0304295, 0.121446, 0.152066, 0.225605, 0.105137, 0.106392, 0.200426, 0.135055, 0.2214, 0.251105, 0.27793, 0.371919, 0.378409, 0.46267, 0.489333, 0.536162, 0.626829, 0.674628, 0.683786, 0.727127, 0.762543, 0.782512, 0.799555, 0.828321, 0.889262, 0.927451, 0.929617, 0.93578, 1, 

139,130,0.001, 0.0256816, 0.0304295, 0.121446, 0.0596342, 0.0733355, 0.0859083, 0.132615, 0.157909, 0.175985, 0.297456, 0.323357, 0.397967, 0.446702, 0.493418, 0.661119, 0.651723, 0.666203, 0.895527, 0.951628, 0.956588, 0.959441, 0.96168, 1, 

127,146,0.001, 0.0444403, 0.0560496, 0.198259, 0.0596342, 0.0943436, 0.184971, 0.232007, 0.233053, 0.245314, 0.278795, 0.300997, 0.3212, 0.35774, 0.608813, 0.620259, 0.651723, 0.666203, 0.793563, 0.827465, 0.92771, 0.955042, 0.993665, 1, 

201,114,0.001, 0.0349067, 0.0386301, 0.0431542, 0.0572123, 0.0990136, 0.232007, 0.233053, 0.245314, 0.278795, 0.300997, 0.3212, 0.35774, 0.576609, 0.620259, 0.651723, 0.666203, 0.793563, 0.827465, 0.92771, 0.955042, 0.993665, 1, 

166,120,0.001, 0.0256816, 0.0304295, 0.121446, 0.152066, 0.225605, 0.173005, 0.175284, 0.352362, 0.377268, 0.408828, 0.432886, 0.580991, 0.608813, 0.620259, 0.651723, 0.666203, 0.793563, 0.827465, 0.92771, 0.955042, 0.993665, 1, 

Generation #20
126,190,0.001, 0.0256816, 0.0304295, 0.121446, 0.152066, 0.225605, 0.259288, 0.351362, 0.356178, 0.396094, 0.428757, 0.456974, 0.527711, 0.608813, 0.620259, 0.651723, 0.666203, 0.793563, 0.658768, 0.956588, 0.959441, 0.96168, 1, 

130,144,0.001, 0.0444403, 0.0534203, 0.0560496, 0.182483, 0.194851, 0.228353, 0.232659, 0.273844, 0.318958, 0.342293, 0.343038, 0.599854, 0.636553, 0.751581, 0.79136, 0.88038, 0.88279, 0.918054, 0.918667, 0.92517, 1, 

158,122,0.001, 0.0256816, 0.0304295, 0.121446, 0.152066, 0.225605, 0.105137, 0.106392, 0.200426, 0.135055, 0.2214, 0.251105, 0.27793, 0.371919, 0.378409, 0.46267, 0.489333, 0.536162, 0.626829, 0.674628, 0.683786, 0.727127, 0.762543, 0.782512, 0.799555, 0.828321, 0.889262, 0.927451, 0.929617, 0.93578, 1, 

139,130,0.001, 0.0256816, 0.0304295, 0.121446, 0.0596342, 0.0733355, 0.0859083, 0.132615, 0.157909, 0.175985, 0.297456, 0.323357, 0.397967, 0.446702, 0.493418, 0.661119, 0.651723, 0.666203, 0.895527, 0.951628, 0.956588, 0.959441, 0.96168, 1, 

127,146,0.001, 0.0444403, 0.0560496, 0.198259, 0.0596342, 0.0943436, 0.184971, 0.232007, 0.233053, 0.245314, 0.278795, 0.300997, 0.3212, 0.35774, 0.608813, 0.620259, 0.651723, 0.666203, 0.793563, 0.827465, 0.92771, 0.955042, 0.993665, 1, 

201,114,0.001, 0.0349067, 0.0386301, 0.0431542, 0.0572123, 0.0990136, 0.232007, 0.233053, 0.245314, 0.278795, 0.300997, 0.3212, 0.35774, 0.576609, 0.620259, 0.651723, 0.666203, 0.793563, 0.827465, 0.92771, 0.955042, 0.993665, 1, 

166,120,0.001, 0.0256816, 0.0304295, 0.121446, 0.152066, 0.225605, 0.173005, 0.175284, 0.352362, 0.377268, 0.408828, 0.432886, 0.580991, 0.608813, 0.620259, 0.651723, 0.666203, 0.793563, 0.827465, 0.92771, 0.955042, 0.993665, 1, 

Generation #21
126,190,0.001, 0.0256816, 0.0304295, 0.121446, 0.152066, 0.225605, 0.259288, 0.351362, 0.356178, 0.396094, 0.428757, 0.456974, 0.527711, 0.608813, 0.620259, 0.651723, 0.666203, 0.793563, 0.658768, 0.956588, 0.959441, 0.96168, 1, 

130,144,0.001, 0.0444403, 0.0534203, 0.0560496, 0.182483, 0.194851, 0.228353, 0.232659, 0.273844, 0.318958, 0.342293, 0.343038, 0.599854, 0.636553, 0.751581, 0.79136, 0.88038, 0.88279, 0.918054, 0.918667, 0.92517, 1, 

158,122,0.001, 0.0256816, 0.0304295, 0.121446, 0.152066, 0.225605, 0.105137, 0.106392, 0.200426, 0.135055, 0.2214, 0.251105, 0.27793, 0.371919, 0.378409, 0.46267, 0.489333, 0.536162, 0.626829, 0.674628, 0.683786, 0.727127, 0.762543, 0.782512, 0.799555, 0.828321, 0.889262, 0.927451, 0.929617, 0.93578, 1, 

139,130,0.001, 0.0256816, 0.0304295, 0.121446, 0.0596342, 0.0733355, 0.0859083, 0.132615, 0.157909, 0.175985, 0.297456, 0.323357, 0.397967, 0.446702, 0.493418, 0.661119, 0.651723, 0.666203, 0.895527, 0.951628, 0.956588, 0.959441, 0.96168, 1, 

127,146,0.001, 0.0444403, 0.0560496, 0.198259, 0.0596342, 0.0943436, 0.184971, 0.232007, 0.233053, 0.245314, 0.278795, 0.300997, 0.3212, 0.35774, 0.608813, 0.620259, 0.651723, 0.666203, 0.793563, 0.827465, 0.92771, 0.955042, 0.993665, 1, 

201,114,0.001, 0.0349067, 0.0386301, 0.0431542, 0.0572123, 0.0990136, 0.232007, 0.233053, 0.245314, 0.278795, 0.300997, 0.3212, 0.35774, 0.576609, 0.620259, 0.651723, 0.666203, 0.793563, 0.827465, 0.92771, 0.955042, 0.993665, 1, 

166,120,0.001, 0.0256816, 0.0304295, 0.121446, 0.152066, 0.225605, 0.173005, 0.175284, 0.352362, 0.377268, 0.408828, 0.432886, 0.580991, 0.608813, 0.620259, 0.651723, 0.666203, 0.793563, 0.827465, 0.92771, 0.955042, 0.993665, 1, 

173,117,0.001, 0.0256816, 0.0304295, 0.121446, 0.152066, 0.225605, 0.173005, 0.175284, 0.194267, 0.343894, 0.359072, 0.300997, 0.3212, 0.269609, 0.473351, 0.48691, 0.523941, 0.497105, 0.633798, 0.645126, 0.649306, 0.684918, 0.709828, 0.726899, 0.742784, 0.798183, 0.817593, 0.912015, 0.984646, 1, 

Generation #22
130,144,0.001, 0.0444403, 0.0534203, 0.0560496, 0.182483, 0.194851, 0.228353, 0.232659, 0.273844, 0.318958, 0.342293, 0.343038, 0.599854, 0.636553, 0.751581, 0.79136, 0.88038, 0.88279, 0.918054, 0.918667, 0.92517, 1, 

158,122,0.001, 0.0256816, 0.0304295, 0.121446, 0.152066, 0.225605, 0.105137, 0.106392, 0.200426, 0.135055, 0.2214, 0.251105, 0.27793, 0.371919, 0.378409, 0.46267, 0.489333, 0.536162, 0.626829, 0.674628, 0.683786, 0.727127, 0.762543, 0.782512, 0.799555, 0.828321, 0.889262, 0.927451, 0.929617, 0.93578, 1, 

139,130,0.001, 0.0256816, 0.0304295, 0.121446, 0.0596342, 0.0733355, 0.0859083, 0.132615, 0.157909, 0.175985, 0.297456, 0.323357, 0.397967, 0.446702, 0.493418, 0.661119, 0.651723, 0.666203, 0.895527, 0.951628, 0.956588, 0.959441, 0.96168, 1, 

127,146,0.001, 0.0444403, 0.0560496, 0.198259, 0.0596342, 0.0943436, 0.184971, 0.232007, 0.233053, 0.245314, 0.278795, 0.300997, 0.3212, 0.35774, 0.608813, 0.620259, 0.651723, 0.666203, 0.793563, 0.827465, 0.92771, 0.955042, 0.993665, 1, 

201,114,0.001, 0.0349067, 0.0386301, 0.0431542, 0.0572123, 0.0990136, 0.232007, 0.233053, 0.245314, 0.278795, 0.300997, 0.3212, 0.35774, 0.576609, 0.620259, 0.651723, 0.666203, 0.793563, 0.827465, 0.92771, 0.955042, 0.993665, 1, 

166,120,0.001, 0.0256816, 0.0304295, 0.121446, 0.152066, 0.225605, 0.173005, 0.175284, 0.352362, 0.377268, 0.408828, 0.432886, 0.580991, 0.608813, 0.620259, 0.651723, 0.666203, 0.793563, 0.827465, 0.92771, 0.955042, 0.993665, 1, 

173,117,0.001, 0.0256816, 0.0304295, 0.121446, 0.152066, 0.225605, 0.173005, 0.175284, 0.194267, 0.343894, 0.359072, 0.300997, 0.3212, 0.269609, 0.473351, 0.48691, 0.523941, 0.497105, 0.633798, 0.645126, 0.649306, 0.684918, 0.709828, 0.726899, 0.742784, 0.798183, 0.817593, 0.912015, 0.984646, 1, 

151,129,0.001, 0.0349067, 0.0386301, 0.17068, 0.173064, 0.196898, 0.2041, 0.212022, 0.243745, 0.318958, 0.452165, 0.508337, 0.65589, 0.768266, 0.796645, 0.796884, 0.836129, 0.84001, 0.918094, 1, 

126,155,0.001, 0.0415992, 0.0896994, 0.0933487, 0.182483, 0.194851, 0.228353, 0.232659, 0.273844, 0.318958, 0.975472, 0.951697, 1, 

Generation #23
130,144,0.001, 0.0444403, 0.0534203, 0.0560496, 0.182483, 0.194851, 0.228353, 0.232659, 0.273844, 0.318958, 0.342293, 0.343038, 0.599854, 0.636553, 0.751581, 0.79136, 0.88038, 0.88279, 0.918054, 0.918667, 0.92517, 1, 

158,122,0.001, 0.0256816, 0.0304295, 0.121446, 0.152066, 0.225605, 0.105137, 0.106392, 0.200426, 0.135055, 0.2214, 0.251105, 0.27793, 0.371919, 0.378409, 0.46267, 0.489333, 0.536162, 0.626829, 0.674628, 0.683786, 0.727127, 0.762543, 0.782512, 0.799555, 0.828321, 0.889262, 0.927451, 0.929617, 0.93578, 1, 

139,130,0.001, 0.0256816, 0.0304295, 0.121446, 0.0596342, 0.0733355, 0.0859083, 0.132615, 0.157909, 0.175985, 0.297456, 0.323357, 0.397967, 0.446702, 0.493418, 0.661119, 0.651723, 0.666203, 0.895527, 0.951628, 0.956588, 0.959441, 0.96168, 1, 

127,146,0.001, 0.0444403, 0.0560496, 0.198259, 0.0596342, 0.0943436, 0.184971, 0.232007, 0.233053, 0.245314, 0.278795, 0.300997, 0.3212, 0.35774, 0.608813, 0.620259, 0.651723, 0.666203, 0.793563, 0.827465, 0.92771, 0.955042, 0.993665, 1, 

201,114,0.001, 0.0349067, 0.0386301, 0.0431542, 0.0572123, 0.0990136, 0.232007, 0.233053, 0.245314, 0.278795, 0.300997, 0.3212, 0.35774, 0.576609, 0.620259, 0.651723, 0.666203, 0.793563, 0.827465, 0.92771, 0.955042, 0.993665, 1, 

166,120,0.001, 0.0256816, 0.0304295, 0.121446, 0.152066, 0.225605, 0.173005, 0.175284, 0.352362, 0.377268, 0.408828, 0.432886, 0.580991, 0.608813, 0.620259, 0.651723, 0.666203, 0.793563, 0.827465, 0.92771, 0.955042, 0.993665, 1, 

173,117,0.001, 0.0256816, 0.0304295, 0.121446, 0.152066, 0.225605, 0.173005, 0.175284, 0.194267, 0.343894, 0.359072, 0.300997, 0.3212, 0.269609, 0.473351, 0.48691, 0.523941, 0.497105, 0.633798, 0.645126, 0.649306, 0.684918, 0.709828, 0.726899, 0.742784, 0.798183, 0.817593, 0.912015, 0.984646, 1, 

151,129,0.001, 0.0349067, 0.0386301, 0.17068, 0.173064, 0.196898, 0.2041, 0.212022, 0.243745, 0.318958, 0.452165, 0.508337, 0.65589, 0.768266, 0.796645, 0.796884, 0.836129, 0.84001, 0.918094, 1, 

126,155,0.001, 0.0415992, 0.0896994, 0.0933487, 0.182483, 0.194851, 0.228353, 0.232659, 0.273844, 0.318958, 0.975472, 0.951697, 1, 

Generation #24
130,144,0.001, 0.0444403, 0.0534203, 0.0560496, 0.182483, 0.194851, 0.228353, 0.232659, 0.273844, 0.318958, 0.342293, 0.343038, 0.599854, 0.636553, 0.751581, 0.79136, 0.88038, 0.88279, 0.918054, 0.918667, 0.92517, 1, 

158,122,0.001, 0.0256816, 0.0304295, 0.121446, 0.152066, 0.225605, 0.105137, 0.106392, 0.200426, 0.135055, 0.2214, 0.251105, 0.27793, 0.371919, 0.378409, 0.46267, 0.489333, 0.536162, 0.626829, 0.674628, 0.683786, 0.727127, 0.762543, 0.782512, 0.799555, 0.828321, 0.889262, 0.927451, 0.929617, 0.93578, 1, 

139,130,0.001, 0.0256816, 0.0304295, 0.121446, 0.0596342, 0.0733355, 0.0859083, 0.132615, 0.157909, 0.175985, 0.297456, 0.323357, 0.397967, 0.446702, 0.493418, 0.661119, 0.651723, 0.666203, 0.895527, 0.951628, 0.956588, 0.959441, 0.96168, 1, 

127,146,0.001, 0.0444403, 0.0560496, 0.198259, 0.0596342, 0.0943436, 0.184971, 0.232007, 0.233053, 0.245314, 0.278795, 0.300997, 0.3212, 0.35774, 0.608813, 0.620259, 0.651723, 0.666203, 0.793563, 0.827465, 0.92771, 0.955042, 0.993665, 1, 

201,114,0.001, 0.0349067, 0.0386301, 0.0431542, 0.0572123, 0.0990136, 0.232007, 0.233053, 0.245314, 0.278795, 0.300997, 0.3212, 0.35774, 0.576609, 0.620259, 0.651723, 0.666203, 0.793563, 0.827465, 0.92771, 0.955042, 0.993665, 1, 

166,120,0.001, 0.0256816, 0.0304295, 0.121446, 0.152066, 0.225605, 0.173005, 0.175284, 0.352362, 0.377268, 0.408828, 0.432886, 0.580991, 0.608813, 0.620259, 0.651723, 0.666203, 0.793563, 0.827465, 0.92771, 0.955042, 0.993665, 1, 

173,117,0.001, 0.0256816, 0.0304295, 0.121446, 0.152066, 0.225605, 0.173005, 0.175284, 0.194267, 0.343894, 0.359072, 0.300997, 0.3212, 0.269609, 0.473351, 0.48691, 0.523941, 0.497105, 0.633798, 0.645126, 0.649306, 0.684918, 0.709828, 0.726899, 0.742784, 0.798183, 0.817593, 0.912015, 0.984646, 1, 

151,129,0.001, 0.0349067, 0.0386301, 0.17068, 0.173064, 0.196898, 0.2041, 0.212022, 0.243745, 0.318958, 0.452165, 0.508337, 0.65589, 0.768266, 0.796645, 0.796884, 0.836129, 0.84001, 0.918094, 1, 

126,155,0.001, 0.0415992, 0.0896994, 0.0933487, 0.182483, 0.194851, 0.228353, 0.232659, 0.273844, 0.318958, 0.975472, 0.951697, 1, 

Generation #25
158,122,0.001, 0.0256816, 0.0304295, 0.121446, 0.152066, 0.225605, 0.105137, 0.106392, 0.200426, 0.135055, 0.2214, 0.251105, 0.27793, 0.371919, 0.378409, 0.46267, 0.489333, 0.536162, 0.626829, 0.674628, 0.683786, 0.727127, 0.762543, 0.782512, 0.799555, 0.828321, 0.889262, 0.927451, 0.929617, 0.93578, 1, 

139,130,0.001, 0.0256816, 0.0304295, 0.121446, 0.0596342, 0.0733355, 0.0859083, 0.132615, 0.157909, 0.175985, 0.297456, 0.323357, 0.397967, 0.446702, 0.493418, 0.661119, 0.651723, 0.666203, 0.895527, 0.951628, 0.956588, 0.959441, 0.96168, 1, 

201,114,0.001, 0.0349067, 0.0386301, 0.0431542, 0.0572123, 0.0990136, 0.232007, 0.233053, 0.245314, 0.278795, 0.300997, 0.3212, 0.35774, 0.576609, 0.620259, 0.651723, 0.666203, 0.793563, 0.827465, 0.92771, 0.955042, 0.993665, 1, 

166,120,0.001, 0.0256816, 0.0304295, 0.121446, 0.152066, 0.225605, 0.173005, 0.175284, 0.352362, 0.377268, 0.408828, 0.432886, 0.580991, 0.608813, 0.620259, 0.651723, 0.666203, 0.793563, 0.827465, 0.92771, 0.955042, 0.993665, 1, 

173,117,0.001, 0.0256816, 0.0304295, 0.121446, 0.152066, 0.225605, 0.173005, 0.175284, 0.194267, 0.343894, 0.359072, 0.300997, 0.3212, 0.269609, 0.473351, 0.48691, 0.523941, 0.497105, 0.633798, 0.645126, 0.649306, 0.684918, 0.709828, 0.726899, 0.742784, 0.798183, 0.817593, 0.912015, 0.984646, 1, 

151,129,0.001, 0.0349067, 0.0386301, 0.17068, 0.173064, 0.196898, 0.2041, 0.212022, 0.243745, 0.318958, 0.452165, 0.508337, 0.65589, 0.768266, 0.796645, 0.796884, 0.836129, 0.84001, 0.918094, 1, 

121,155,0.001, 0.0349067, 0.0386301, 0.0431542, 0.0572123, 0.0990136, 0.105137, 0.106392, 0.135055, 0.2214, 0.251105, 0.27793, 0.371919, 0.394024, 0.409167, 0.796884, 0.587832, 0.658768, 0.713498, 0.959441, 0.96168, 1, 

124,141,0.001, 0.0349067, 0.0386301, 0.0431542, 0.0572123, 0.0990136, 0.105137, 0.106392, 0.135055, 0.2214, 0.251105, 0.27793, 0.371919, 0.378409, 0.386041, 1, 

Generation #26
158,122,0.001, 0.0256816, 0.0304295, 0.121446, 0.152066, 0.225605, 0.105137, 0.106392, 0.200426, 0.135055, 0.2214, 0.251105, 0.27793, 0.371919, 0.378409, 0.46267, 0.489333, 0.536162, 0.626829, 0.674628, 0.683786, 0.727127, 0.762543, 0.782512, 0.799555, 0.828321, 0.889262, 0.927451, 0.929617, 0.93578, 1, 

139,130,0.001, 0.0256816, 0.0304295, 0.121446, 0.0596342, 0.0733355, 0.0859083, 0.132615, 0.157909, 0.175985, 0.297456, 0.323357, 0.397967, 0.446702, 0.493418, 0.661119, 0.651723, 0.666203, 0.895527, 0.951628, 0.956588, 0.959441, 0.96168, 1, 

201,114,0.001, 0.0349067, 0.0386301, 0.0431542, 0.0572123, 0.0990136, 0.232007, 0.233053, 0.245314, 0.278795, 0.300997, 0.3212, 0.35774, 0.576609, 0.620259, 0.651723, 0.666203, 0.793563, 0.827465, 0.92771, 0.955042, 0.993665, 1, 

166,120,0.001, 0.0256816, 0.0304295, 0.121446, 0.152066, 0.225605, 0.173005, 0.175284, 0.352362, 0.377268, 0.408828, 0.432886, 0.580991, 0.608813, 0.620259, 0.651723, 0.666203, 0.793563, 0.827465, 0.92771, 0.955042, 0.993665, 1, 

173,117,0.001, 0.0256816, 0.0304295, 0.121446, 0.152066, 0.225605, 0.173005, 0.175284, 0.194267, 0.343894, 0.359072, 0.300997, 0.3212, 0.269609, 0.473351, 0.48691, 0.523941, 0.497105, 0.633798, 0.645126, 0.649306, 0.684918, 0.709828, 0.726899, 0.742784, 0.798183, 0.817593, 0.912015, 0.984646, 1, 

151,129,0.001, 0.0349067, 0.0386301, 0.17068, 0.173064, 0.196898, 0.2041, 0.212022, 0.243745, 0.318958, 0.452165, 0.508337, 0.65589, 0.768266, 0.796645, 0.796884, 0.836129, 0.84001, 0.918094, 1, 

121,155,0.001, 0.0349067, 0.0386301, 0.0431542, 0.0572123, 0.0990136, 0.105137, 0.106392, 0.135055, 0.2214, 0.251105, 0.27793, 0.371919, 0.394024, 0.409167, 0.796884, 0.587832, 0.658768, 0.713498, 0.959441, 0.96168, 1, 

124,141,0.001, 0.0349067, 0.0386301, 0.0431542, 0.0572123, 0.0990136, 0.105137, 0.106392, 0.135055, 0.2214, 0.251105, 0.27793, 0.371919, 0.378409, 0.386041, 1, 

156,125,0.001, 0.0349067, 0.0386301, 0.0431542, 0.0572123, 0.0990136, 0.105137, 0.106392, 0.499058, 0.135055, 0.2214, 0.251105, 0.84741, 0.900053, 0.955974, 1, 

Generation #27
158,122,0.001, 0.0256816, 0.0304295, 0.121446, 0.152066, 0.225605, 0.105137, 0.106392, 0.200426, 0.135055, 0.2214, 0.251105, 0.27793, 0.371919, 0.378409, 0.46267, 0.489333, 0.536162, 0.626829, 0.674628, 0.683786, 0.727127, 0.762543, 0.782512, 0.799555, 0.828321, 0.889262, 0.927451, 0.929617, 0.93578, 1, 

139,130,0.001, 0.0256816, 0.0304295, 0.121446, 0.0596342, 0.0733355, 0.0859083, 0.132615, 0.157909, 0.175985, 0.297456, 0.323357, 0.397967, 0.446702, 0.493418, 0.661119, 0.651723, 0.666203, 0.895527, 0.951628, 0.956588, 0.959441, 0.96168, 1, 

201,114,0.001, 0.0349067, 0.0386301, 0.0431542, 0.0572123, 0.0990136, 0.232007, 0.233053, 0.245314, 0.278795, 0.300997, 0.3212, 0.35774, 0.576609, 0.620259, 0.651723, 0.666203, 0.793563, 0.827465, 0.92771, 0.955042, 0.993665, 1, 

166,120,0.001, 0.0256816, 0.0304295, 0.121446, 0.152066, 0.225605, 0.173005, 0.175284, 0.352362, 0.377268, 0.408828, 0.432886, 0.580991, 0.608813, 0.620259, 0.651723, 0.666203, 0.793563, 0.827465, 0.92771, 0.955042, 0.993665, 1, 

173,117,0.001, 0.0256816, 0.0304295, 0.121446, 0.152066, 0.225605, 0.173005, 0.175284, 0.194267, 0.343894, 0.359072, 0.300997, 0.3212, 0.269609, 0.473351, 0.48691, 0.523941, 0.497105, 0.633798, 0.645126, 0.649306, 0.684918, 0.709828, 0.726899, 0.742784, 0.798183, 0.817593, 0.912015, 0.984646, 1, 

151,129,0.001, 0.0349067, 0.0386301, 0.17068, 0.173064, 0.196898, 0.2041, 0.212022, 0.243745, 0.318958, 0.452165, 0.508337, 0.65589, 0.768266, 0.796645, 0.796884, 0.836129, 0.84001, 0.918094, 1, 

121,155,0.001, 0.0349067, 0.0386301, 0.0431542, 0.0572123, 0.0990136, 0.105137, 0.106392, 0.135055, 0.2214, 0.251105, 0.27793, 0.371919, 0.394024, 0.409167, 0.796884, 0.587832, 0.658768, 0.713498, 0.959441, 0.96168, 1, 

124,141,0.001, 0.0349067, 0.0386301, 0.0431542, 0.0572123, 0.0990136, 0.105137, 0.106392, 0.135055, 0.2214, 0.251105, 0.27793, 0.371919, 0.378409, 0.386041, 1, 

156,125,0.001, 0.0349067, 0.0386301, 0.0431542, 0.0572123, 0.0990136, 0.105137, 0.106392, 0.499058, 0.135055, 0.2214, 0.251105, 0.84741, 0.900053, 0.955974, 1, 

Generation #28
158,122,0.001, 0.0256816, 0.0304295, 0.121446, 0.152066, 0.225605, 0.105137, 0.106392, 0.200426, 0.135055, 0.2214, 0.251105, 0.27793, 0.371919, 0.378409, 0.46267, 0.489333, 0.536162, 0.626829, 0.674628, 0.683786, 0.727127, 0.762543, 0.782512, 0.799555, 0.828321, 0.889262, 0.927451, 0.929617, 0.93578, 1, 

139,130,0.001, 0.0256816, 0.0304295, 0.121446, 0.0596342, 0.0733355, 0.0859083, 0.132615, 0.157909, 0.175985, 0.297456, 0.323357, 0.397967, 0.446702, 0.493418, 0.661119, 0.651723, 0.666203, 0.895527, 0.951628, 0.956588, 0.959441, 0.96168, 1, 

201,114,0.001, 0.0349067, 0.0386301, 0.0431542, 0.0572123, 0.0990136, 0.232007, 0.233053, 0.245314, 0.278795, 0.300997, 0.3212, 0.35774, 0.576609, 0.620259, 0.651723, 0.666203, 0.793563, 0.827465, 0.92771, 0.955042, 0.993665, 1, 

166,120,0.001, 0.0256816, 0.0304295, 0.121446, 0.152066, 0.225605, 0.173005, 0.175284, 0.352362, 0.377268, 0.408828, 0.432886, 0.580991, 0.608813, 0.620259, 0.651723, 0.666203, 0.793563, 0.827465, 0.92771, 0.955042, 0.993665, 1, 

173,117,0.001, 0.0256816, 0.0304295, 0.121446, 0.152066, 0.225605, 0.173005, 0.175284, 0.194267, 0.343894, 0.359072, 0.300997, 0.3212, 0.269609, 0.473351, 0.48691, 0.523941, 0.497105, 0.633798, 0.645126, 0.649306, 0.684918, 0.709828, 0.726899, 0.742784, 0.798183, 0.817593, 0.912015, 0.984646, 1, 

151,129,0.001, 0.0349067, 0.0386301, 0.17068, 0.173064, 0.196898, 0.2041, 0.212022, 0.243745, 0.318958, 0.452165, 0.508337, 0.65589, 0.768266, 0.796645, 0.796884, 0.836129, 0.84001, 0.918094, 1, 

121,155,0.001, 0.0349067, 0.0386301, 0.0431542, 0.0572123, 0.0990136, 0.105137, 0.106392, 0.135055, 0.2214, 0.251105, 0.27793, 0.371919, 0.394024, 0.409167, 0.796884, 0.587832, 0.658768, 0.713498, 0.959441, 0.96168, 1, 

124,141,0.001, 0.0349067, 0.0386301, 0.0431542, 0.0572123, 0.0990136, 0.105137, 0.106392, 0.135055, 0.2214, 0.251105, 0.27793, 0.371919, 0.378409, 0.386041, 1, 

156,125,0.001, 0.0349067, 0.0386301, 0.0431542, 0.0572123, 0.0990136, 0.105137, 0.106392, 0.499058, 0.135055, 0.2214, 0.251105, 0.84741, 0.900053, 0.955974, 1, 

Generation #29
158,122,0.001, 0.0256816, 0.0304295, 0.121446, 0.152066, 0.225605, 0.105137, 0.106392, 0.200426, 0.135055, 0.2214, 0.251105, 0.27793, 0.371919, 0.378409, 0.46267, 0.489333, 0.536162, 0.626829, 0.674628, 0.683786, 0.727127, 0.762543, 0.782512, 0.799555, 0.828321, 0.889262, 0.927451, 0.929617, 0.93578, 1, 

139,130,0.001, 0.0256816, 0.0304295, 0.121446, 0.0596342, 0.0733355, 0.0859083, 0.132615, 0.157909, 0.175985, 0.297456, 0.323357, 0.397967, 0.446702, 0.493418, 0.661119, 0.651723, 0.666203, 0.895527, 0.951628, 0.956588, 0.959441, 0.96168, 1, 

201,114,0.001, 0.0349067, 0.0386301, 0.0431542, 0.0572123, 0.0990136, 0.232007, 0.233053, 0.245314, 0.278795, 0.300997, 0.3212, 0.35774, 0.576609, 0.620259, 0.651723, 0.666203, 0.793563, 0.827465, 0.92771, 0.955042, 0.993665, 1, 

166,120,0.001, 0.0256816, 0.0304295, 0.121446, 0.152066, 0.225605, 0.173005, 0.175284, 0.352362, 0.377268, 0.408828, 0.432886, 0.580991, 0.608813, 0.620259, 0.651723, 0.666203, 0.793563, 0.827465, 0.92771, 0.955042, 0.993665, 1, 

173,117,0.001, 0.0256816, 0.0304295, 0.121446, 0.152066, 0.225605, 0.173005, 0.175284, 0.194267, 0.343894, 0.359072, 0.300997, 0.3212, 0.269609, 0.473351, 0.48691, 0.523941, 0.497105, 0.633798, 0.645126, 0.649306, 0.684918, 0.709828, 0.726899, 0.742784, 0.798183, 0.817593, 0.912015, 0.984646, 1, 

151,129,0.001, 0.0349067, 0.0386301, 0.17068, 0.173064, 0.196898, 0.2041, 0.212022, 0.243745, 0.318958, 0.452165, 0.508337, 0.65589, 0.768266, 0.796645, 0.796884, 0.836129, 0.84001, 0.918094, 1, 

121,155,0.001, 0.0349067, 0.0386301, 0.0431542, 0.0572123, 0.0990136, 0.105137, 0.106392, 0.135055, 0.2214, 0.251105, 0.27793, 0.371919, 0.394024, 0.409167, 0.796884, 0.587832, 0.658768, 0.713498, 0.959441, 0.96168, 1, 

124,141,0.001, 0.0349067, 0.0386301, 0.0431542, 0.0572123, 0.0990136, 0.105137, 0.106392, 0.135055, 0.2214, 0.251105, 0.27793, 0.371919, 0.378409, 0.386041, 1, 

156,125,0.001, 0.0349067, 0.0386301, 0.0431542, 0.0572123, 0.0990136, 0.105137, 0.106392, 0.499058, 0.135055, 0.2214, 0.251105, 0.84741, 0.900053, 0.955974, 1, 

Generation #30
158,122,0.001, 0.0256816, 0.0304295, 0.121446, 0.152066, 0.225605, 0.105137, 0.106392, 0.200426, 0.135055, 0.2214, 0.251105, 0.27793, 0.371919, 0.378409, 0.46267, 0.489333, 0.536162, 0.626829, 0.674628, 0.683786, 0.727127, 0.762543, 0.782512, 0.799555, 0.828321, 0.889262, 0.927451, 0.929617, 0.93578, 1, 

139,130,0.001, 0.0256816, 0.0304295, 0.121446, 0.0596342, 0.0733355, 0.0859083, 0.132615, 0.157909, 0.175985, 0.297456, 0.323357, 0.397967, 0.446702, 0.493418, 0.661119, 0.651723, 0.666203, 0.895527, 0.951628, 0.956588, 0.959441, 0.96168, 1, 

201,114,0.001, 0.0349067, 0.0386301, 0.0431542, 0.0572123, 0.0990136, 0.232007, 0.233053, 0.245314, 0.278795, 0.300997, 0.3212, 0.35774, 0.576609, 0.620259, 0.651723, 0.666203, 0.793563, 0.827465, 0.92771, 0.955042, 0.993665, 1, 

166,120,0.001, 0.0256816, 0.0304295, 0.121446, 0.152066, 0.225605, 0.173005, 0.175284, 0.352362, 0.377268, 0.408828, 0.432886, 0.580991, 0.608813, 0.620259, 0.651723, 0.666203, 0.793563, 0.827465, 0.92771, 0.955042, 0.993665, 1, 

173,117,0.001, 0.0256816, 0.0304295, 0.121446, 0.152066, 0.225605, 0.173005, 0.175284, 0.194267, 0.343894, 0.359072, 0.300997, 0.3212, 0.269609, 0.473351, 0.48691, 0.523941, 0.497105, 0.633798, 0.645126, 0.649306, 0.684918, 0.709828, 0.726899, 0.742784, 0.798183, 0.817593, 0.912015, 0.984646, 1, 

151,129,0.001, 0.0349067, 0.0386301, 0.17068, 0.173064, 0.196898, 0.2041, 0.212022, 0.243745, 0.318958, 0.452165, 0.508337, 0.65589, 0.768266, 0.796645, 0.796884, 0.836129, 0.84001, 0.918094, 1, 

121,155,0.001, 0.0349067, 0.0386301, 0.0431542, 0.0572123, 0.0990136, 0.105137, 0.106392, 0.135055, 0.2214, 0.251105, 0.27793, 0.371919, 0.394024, 0.409167, 0.796884, 0.587832, 0.658768, 0.713498, 0.959441, 0.96168, 1, 

124,141,0.001, 0.0349067, 0.0386301, 0.0431542, 0.0572123, 0.0990136, 0.105137, 0.106392, 0.135055, 0.2214, 0.251105, 0.27793, 0.371919, 0.378409, 0.386041, 1, 

156,125,0.001, 0.0349067, 0.0386301, 0.0431542, 0.0572123, 0.0990136, 0.105137, 0.106392, 0.499058, 0.135055, 0.2214, 0.251105, 0.84741, 0.900053, 0.955974, 1, 

Generation #31
158,122,0.001, 0.0256816, 0.0304295, 0.121446, 0.152066, 0.225605, 0.105137, 0.106392, 0.200426, 0.135055, 0.2214, 0.251105, 0.27793, 0.371919, 0.378409, 0.46267, 0.489333, 0.536162, 0.626829, 0.674628, 0.683786, 0.727127, 0.762543, 0.782512, 0.799555, 0.828321, 0.889262, 0.927451, 0.929617, 0.93578, 1, 

139,130,0.001, 0.0256816, 0.0304295, 0.121446, 0.0596342, 0.0733355, 0.0859083, 0.132615, 0.157909, 0.175985, 0.297456, 0.323357, 0.397967, 0.446702, 0.493418, 0.661119, 0.651723, 0.666203, 0.895527, 0.951628, 0.956588, 0.959441, 0.96168, 1, 

201,114,0.001, 0.0349067, 0.0386301, 0.0431542, 0.0572123, 0.0990136, 0.232007, 0.233053, 0.245314, 0.278795, 0.300997, 0.3212, 0.35774, 0.576609, 0.620259, 0.651723, 0.666203, 0.793563, 0.827465, 0.92771, 0.955042, 0.993665, 1, 

166,120,0.001, 0.0256816, 0.0304295, 0.121446, 0.152066, 0.225605, 0.173005, 0.175284, 0.352362, 0.377268, 0.408828, 0.432886, 0.580991, 0.608813, 0.620259, 0.651723, 0.666203, 0.793563, 0.827465, 0.92771, 0.955042, 0.993665, 1, 

173,117,0.001, 0.0256816, 0.0304295, 0.121446, 0.152066, 0.225605, 0.173005, 0.175284, 0.194267, 0.343894, 0.359072, 0.300997, 0.3212, 0.269609, 0.473351, 0.48691, 0.523941, 0.497105, 0.633798, 0.645126, 0.649306, 0.684918, 0.709828, 0.726899, 0.742784, 0.798183, 0.817593, 0.912015, 0.984646, 1, 

151,129,0.001, 0.0349067, 0.0386301, 0.17068, 0.173064, 0.196898, 0.2041, 0.212022, 0.243745, 0.318958, 0.452165, 0.508337, 0.65589, 0.768266, 0.796645, 0.796884, 0.836129, 0.84001, 0.918094, 1, 

121,155,0.001, 0.0349067, 0.0386301, 0.0431542, 0.0572123, 0.0990136, 0.105137, 0.106392, 0.135055, 0.2214, 0.251105, 0.27793, 0.371919, 0.394024, 0.409167, 0.796884, 0.587832, 0.658768, 0.713498, 0.959441, 0.96168, 1, 

124,141,0.001, 0.0349067, 0.0386301, 0.0431542, 0.0572123, 0.0990136, 0.105137, 0.106392, 0.135055, 0.2214, 0.251105, 0.27793, 0.371919, 0.378409, 0.386041, 1, 

156,125,0.001, 0.0349067, 0.0386301, 0.0431542, 0.0572123, 0.0990136, 0.105137, 0.106392, 0.499058, 0.135055, 0.2214, 0.251105, 0.84741, 0.900053, 0.955974, 1, 

Generation #32
158,122,0.001, 0.0256816, 0.0304295, 0.121446, 0.152066, 0.225605, 0.105137, 0.106392, 0.200426, 0.135055, 0.2214, 0.251105, 0.27793, 0.371919, 0.378409, 0.46267, 0.489333, 0.536162, 0.626829, 0.674628, 0.683786, 0.727127, 0.762543, 0.782512, 0.799555, 0.828321, 0.889262, 0.927451, 0.929617, 0.93578, 1, 

139,130,0.001, 0.0256816, 0.0304295, 0.121446, 0.0596342, 0.0733355, 0.0859083, 0.132615, 0.157909, 0.175985, 0.297456, 0.323357, 0.397967, 0.446702, 0.493418, 0.661119, 0.651723, 0.666203, 0.895527, 0.951628, 0.956588, 0.959441, 0.96168, 1, 

201,114,0.001, 0.0349067, 0.0386301, 0.0431542, 0.0572123, 0.0990136, 0.232007, 0.233053, 0.245314, 0.278795, 0.300997, 0.3212, 0.35774, 0.576609, 0.620259, 0.651723, 0.666203, 0.793563, 0.827465, 0.92771, 0.955042, 0.993665, 1, 

166,120,0.001, 0.0256816, 0.0304295, 0.121446, 0.152066, 0.225605, 0.173005, 0.175284, 0.352362, 0.377268, 0.408828, 0.432886, 0.580991, 0.608813, 0.620259, 0.651723, 0.666203, 0.793563, 0.827465, 0.92771, 0.955042, 0.993665, 1, 

173,117,0.001, 0.0256816, 0.0304295, 0.121446, 0.152066, 0.225605, 0.173005, 0.175284, 0.194267, 0.343894, 0.359072, 0.300997, 0.3212, 0.269609, 0.473351, 0.48691, 0.523941, 0.497105, 0.633798, 0.645126, 0.649306, 0.684918, 0.709828, 0.726899, 0.742784, 0.798183, 0.817593, 0.912015, 0.984646, 1, 

151,129,0.001, 0.0349067, 0.0386301, 0.17068, 0.173064, 0.196898, 0.2041, 0.212022, 0.243745, 0.318958, 0.452165, 0.508337, 0.65589, 0.768266, 0.796645, 0.796884, 0.836129, 0.84001, 0.918094, 1, 

121,155,0.001, 0.0349067, 0.0386301, 0.0431542, 0.0572123, 0.0990136, 0.105137, 0.106392, 0.135055, 0.2214, 0.251105, 0.27793, 0.371919, 0.394024, 0.409167, 0.796884, 0.587832, 0.658768, 0.713498, 0.959441, 0.96168, 1, 

124,141,0.001, 0.0349067, 0.0386301, 0.0431542, 0.0572123, 0.0990136, 0.105137, 0.106392, 0.135055, 0.2214, 0.251105, 0.27793, 0.371919, 0.378409, 0.386041, 1, 

156,125,0.001, 0.0349067, 0.0386301, 0.0431542, 0.0572123, 0.0990136, 0.105137, 0.106392, 0.499058, 0.135055, 0.2214, 0.251105, 0.84741, 0.900053, 0.955974, 1, 

Generation #33
158,122,0.001, 0.0256816, 0.0304295, 0.121446, 0.152066, 0.225605, 0.105137, 0.106392, 0.200426, 0.135055, 0.2214, 0.251105, 0.27793, 0.371919, 0.378409, 0.46267, 0.489333, 0.536162, 0.626829, 0.674628, 0.683786, 0.727127, 0.762543, 0.782512, 0.799555, 0.828321, 0.889262, 0.927451, 0.929617, 0.93578, 1, 

139,130,0.001, 0.0256816, 0.0304295, 0.121446, 0.0596342, 0.0733355, 0.0859083, 0.132615, 0.157909, 0.175985, 0.297456, 0.323357, 0.397967, 0.446702, 0.493418, 0.661119, 0.651723, 0.666203, 0.895527, 0.951628, 0.956588, 0.959441, 0.96168, 1, 

201,114,0.001, 0.0349067, 0.0386301, 0.0431542, 0.0572123, 0.0990136, 0.232007, 0.233053, 0.245314, 0.278795, 0.300997, 0.3212, 0.35774, 0.576609, 0.620259, 0.651723, 0.666203, 0.793563, 0.827465, 0.92771, 0.955042, 0.993665, 1, 

166,120,0.001, 0.0256816, 0.0304295, 0.121446, 0.152066, 0.225605, 0.173005, 0.175284, 0.352362, 0.377268, 0.408828, 0.432886, 0.580991, 0.608813, 0.620259, 0.651723, 0.666203, 0.793563, 0.827465, 0.92771, 0.955042, 0.993665, 1, 

173,117,0.001, 0.0256816, 0.0304295, 0.121446, 0.152066, 0.225605, 0.173005, 0.175284, 0.194267, 0.343894, 0.359072, 0.300997, 0.3212, 0.269609, 0.473351, 0.48691, 0.523941, 0.497105, 0.633798, 0.645126, 0.649306, 0.684918, 0.709828, 0.726899, 0.742784, 0.798183, 0.817593, 0.912015, 0.984646, 1, 

151,129,0.001, 0.0349067, 0.0386301, 0.17068, 0.173064, 0.196898, 0.2041, 0.212022, 0.243745, 0.318958, 0.452165, 0.508337, 0.65589, 0.768266, 0.796645, 0.796884, 0.836129, 0.84001, 0.918094, 1, 

121,155,0.001, 0.0349067, 0.0386301, 0.0431542, 0.0572123, 0.0990136, 0.105137, 0.106392, 0.135055, 0.2214, 0.251105, 0.27793, 0.371919, 0.394024, 0.409167, 0.796884, 0.587832, 0.658768, 0.713498, 0.959441, 0.96168, 1, 

124,141,0.001, 0.0349067, 0.0386301, 0.0431542, 0.0572123, 0.0990136, 0.105137, 0.106392, 0.135055, 0.2214, 0.251105, 0.27793, 0.371919, 0.378409, 0.386041, 1, 

156,125,0.001, 0.0349067, 0.0386301, 0.0431542, 0.0572123, 0.0990136, 0.105137, 0.106392, 0.499058, 0.135055, 0.2214, 0.251105, 0.84741, 0.900053, 0.955974, 1, 

Generation #34
158,122,0.001, 0.0256816, 0.0304295, 0.121446, 0.152066, 0.225605, 0.105137, 0.106392, 0.200426, 0.135055, 0.2214, 0.251105, 0.27793, 0.371919, 0.378409, 0.46267, 0.489333, 0.536162, 0.626829, 0.674628, 0.683786, 0.727127, 0.762543, 0.782512, 0.799555, 0.828321, 0.889262, 0.927451, 0.929617, 0.93578, 1, 

139,130,0.001, 0.0256816, 0.0304295, 0.121446, 0.0596342, 0.0733355, 0.0859083, 0.132615, 0.157909, 0.175985, 0.297456, 0.323357, 0.397967, 0.446702, 0.493418, 0.661119, 0.651723, 0.666203, 0.895527, 0.951628, 0.956588, 0.959441, 0.96168, 1, 

201,114,0.001, 0.0349067, 0.0386301, 0.0431542, 0.0572123, 0.0990136, 0.232007, 0.233053, 0.245314, 0.278795, 0.300997, 0.3212, 0.35774, 0.576609, 0.620259, 0.651723, 0.666203, 0.793563, 0.827465, 0.92771, 0.955042, 0.993665, 1, 

166,120,0.001, 0.0256816, 0.0304295, 0.121446, 0.152066, 0.225605, 0.173005, 0.175284, 0.352362, 0.377268, 0.408828, 0.432886, 0.580991, 0.608813, 0.620259, 0.651723, 0.666203, 0.793563, 0.827465, 0.92771, 0.955042, 0.993665, 1, 

173,117,0.001, 0.0256816, 0.0304295, 0.121446, 0.152066, 0.225605, 0.173005, 0.175284, 0.194267, 0.343894, 0.359072, 0.300997, 0.3212, 0.269609, 0.473351, 0.48691, 0.523941, 0.497105, 0.633798, 0.645126, 0.649306, 0.684918, 0.709828, 0.726899, 0.742784, 0.798183, 0.817593, 0.912015, 0.984646, 1, 

151,129,0.001, 0.0349067, 0.0386301, 0.17068, 0.173064, 0.196898, 0.2041, 0.212022, 0.243745, 0.318958, 0.452165, 0.508337, 0.65589, 0.768266, 0.796645, 0.796884, 0.836129, 0.84001, 0.918094, 1, 

121,155,0.001, 0.0349067, 0.0386301, 0.0431542, 0.0572123, 0.0990136, 0.105137, 0.106392, 0.135055, 0.2214, 0.251105, 0.27793, 0.371919, 0.394024, 0.409167, 0.796884, 0.587832, 0.658768, 0.713498, 0.959441, 0.96168, 1, 

124,141,0.001, 0.0349067, 0.0386301, 0.0431542, 0.0572123, 0.0990136, 0.105137, 0.106392, 0.135055, 0.2214, 0.251105, 0.27793, 0.371919, 0.378409, 0.386041, 1, 

156,125,0.001, 0.0349067, 0.0386301, 0.0431542, 0.0572123, 0.0990136, 0.105137, 0.106392, 0.499058, 0.135055, 0.2214, 0.251105, 0.84741, 0.900053, 0.955974, 1, 

Generation #35
158,122,0.001, 0.0256816, 0.0304295, 0.121446, 0.152066, 0.225605, 0.105137, 0.106392, 0.200426, 0.135055, 0.2214, 0.251105, 0.27793, 0.371919, 0.378409, 0.46267, 0.489333, 0.536162, 0.626829, 0.674628, 0.683786, 0.727127, 0.762543, 0.782512, 0.799555, 0.828321, 0.889262, 0.927451, 0.929617, 0.93578, 1, 

139,130,0.001, 0.0256816, 0.0304295, 0.121446, 0.0596342, 0.0733355, 0.0859083, 0.132615, 0.157909, 0.175985, 0.297456, 0.323357, 0.397967, 0.446702, 0.493418, 0.661119, 0.651723, 0.666203, 0.895527, 0.951628, 0.956588, 0.959441, 0.96168, 1, 

201,114,0.001, 0.0349067, 0.0386301, 0.0431542, 0.0572123, 0.0990136, 0.232007, 0.233053, 0.245314, 0.278795, 0.300997, 0.3212, 0.35774, 0.576609, 0.620259, 0.651723, 0.666203, 0.793563, 0.827465, 0.92771, 0.955042, 0.993665, 1, 

166,120,0.001, 0.0256816, 0.0304295, 0.121446, 0.152066, 0.225605, 0.173005, 0.175284, 0.352362, 0.377268, 0.408828, 0.432886, 0.580991, 0.608813, 0.620259, 0.651723, 0.666203, 0.793563, 0.827465, 0.92771, 0.955042, 0.993665, 1, 

173,117,0.001, 0.0256816, 0.0304295, 0.121446, 0.152066, 0.225605, 0.173005, 0.175284, 0.194267, 0.343894, 0.359072, 0.300997, 0.3212, 0.269609, 0.473351, 0.48691, 0.523941, 0.497105, 0.633798, 0.645126, 0.649306, 0.684918, 0.709828, 0.726899, 0.742784, 0.798183, 0.817593, 0.912015, 0.984646, 1, 

151,129,0.001, 0.0349067, 0.0386301, 0.17068, 0.173064, 0.196898, 0.2041, 0.212022, 0.243745, 0.318958, 0.452165, 0.508337, 0.65589, 0.768266, 0.796645, 0.796884, 0.836129, 0.84001, 0.918094, 1, 

121,155,0.001, 0.0349067, 0.0386301, 0.0431542, 0.0572123, 0.0990136, 0.105137, 0.106392, 0.135055, 0.2214, 0.251105, 0.27793, 0.371919, 0.394024, 0.409167, 0.796884, 0.587832, 0.658768, 0.713498, 0.959441, 0.96168, 1, 

124,141,0.001, 0.0349067, 0.0386301, 0.0431542, 0.0572123, 0.0990136, 0.105137, 0.106392, 0.135055, 0.2214, 0.251105, 0.27793, 0.371919, 0.378409, 0.386041, 1, 

156,125,0.001, 0.0349067, 0.0386301, 0.0431542, 0.0572123, 0.0990136, 0.105137, 0.106392, 0.499058, 0.135055, 0.2214, 0.251105, 0.84741, 0.900053, 0.955974, 1, 

135,136,0.001, 0.0349067, 0.0386301, 0.0933487, 0.182483, 0.194851, 0.228353, 0.232659, 0.273844, 0.318958, 0.342293, 0.343038, 0.460864, 0.981685, 0.98865, 1, 

Generation #36
158,122,0.001, 0.0256816, 0.0304295, 0.121446, 0.152066, 0.225605, 0.105137, 0.106392, 0.200426, 0.135055, 0.2214, 0.251105, 0.27793, 0.371919, 0.378409, 0.46267, 0.489333, 0.536162, 0.626829, 0.674628, 0.683786, 0.727127, 0.762543, 0.782512, 0.799555, 0.828321, 0.889262, 0.927451, 0.929617, 0.93578, 1, 

139,130,0.001, 0.0256816, 0.0304295, 0.121446, 0.0596342, 0.0733355, 0.0859083, 0.132615, 0.157909, 0.175985, 0.297456, 0.323357, 0.397967, 0.446702, 0.493418, 0.661119, 0.651723, 0.666203, 0.895527, 0.951628, 0.956588, 0.959441, 0.96168, 1, 

201,114,0.001, 0.0349067, 0.0386301, 0.0431542, 0.0572123, 0.0990136, 0.232007, 0.233053, 0.245314, 0.278795, 0.300997, 0.3212, 0.35774, 0.576609, 0.620259, 0.651723, 0.666203, 0.793563, 0.827465, 0.92771, 0.955042, 0.993665, 1, 

166,120,0.001, 0.0256816, 0.0304295, 0.121446, 0.152066, 0.225605, 0.173005, 0.175284, 0.352362, 0.377268, 0.408828, 0.432886, 0.580991, 0.608813, 0.620259, 0.651723, 0.666203, 0.793563, 0.827465, 0.92771, 0.955042, 0.993665, 1, 

173,117,0.001, 0.0256816, 0.0304295, 0.121446, 0.152066, 0.225605, 0.173005, 0.175284, 0.194267, 0.343894, 0.359072, 0.300997, 0.3212, 0.269609, 0.473351, 0.48691, 0.523941, 0.497105, 0.633798, 0.645126, 0.649306, 0.684918, 0.709828, 0.726899, 0.742784, 0.798183, 0.817593, 0.912015, 0.984646, 1, 

121,155,0.001, 0.0349067, 0.0386301, 0.0431542, 0.0572123, 0.0990136, 0.105137, 0.106392, 0.135055, 0.2214, 0.251105, 0.27793, 0.371919, 0.394024, 0.409167, 0.796884, 0.587832, 0.658768, 0.713498, 0.959441, 0.96168, 1, 

124,141,0.001, 0.0349067, 0.0386301, 0.0431542, 0.0572123, 0.0990136, 0.105137, 0.106392, 0.135055, 0.2214, 0.251105, 0.27793, 0.371919, 0.378409, 0.386041, 1, 

135,136,0.001, 0.0349067, 0.0386301, 0.0933487, 0.182483, 0.194851, 0.228353, 0.232659, 0.273844, 0.318958, 0.342293, 0.343038, 0.460864, 0.981685, 0.98865, 1, 

146,123,0.001, 0.0142598, 0.0304295, 0.121446, 0.152066, 0.225605, 0.259288, 0.351362, 0.356178, 0.396094, 0.428757, 0.456974, 0.527711, 0.608813, 0.620259, 0.651723, 0.666203, 0.793563, 0.497105, 0.92771, 0.955042, 0.993665, 1, 

Generation #37
158,122,0.001, 0.0256816, 0.0304295, 0.121446, 0.152066, 0.225605, 0.105137, 0.106392, 0.200426, 0.135055, 0.2214, 0.251105, 0.27793, 0.371919, 0.378409, 0.46267, 0.489333, 0.536162, 0.626829, 0.674628, 0.683786, 0.727127, 0.762543, 0.782512, 0.799555, 0.828321, 0.889262, 0.927451, 0.929617, 0.93578, 1, 

139,130,0.001, 0.0256816, 0.0304295, 0.121446, 0.0596342, 0.0733355, 0.0859083, 0.132615, 0.157909, 0.175985, 0.297456, 0.323357, 0.397967, 0.446702, 0.493418, 0.661119, 0.651723, 0.666203, 0.895527, 0.951628, 0.956588, 0.959441, 0.96168, 1, 

201,114,0.001, 0.0349067, 0.0386301, 0.0431542, 0.0572123, 0.0990136, 0.232007, 0.233053, 0.245314, 0.278795, 0.300997, 0.3212, 0.35774, 0.576609, 0.620259, 0.651723, 0.666203, 0.793563, 0.827465, 0.92771, 0.955042, 0.993665, 1, 

166,120,0.001, 0.0256816, 0.0304295, 0.121446, 0.152066, 0.225605, 0.173005, 0.175284, 0.352362, 0.377268, 0.408828, 0.432886, 0.580991, 0.608813, 0.620259, 0.651723, 0.666203, 0.793563, 0.827465, 0.92771, 0.955042, 0.993665, 1, 

173,117,0.001, 0.0256816, 0.0304295, 0.121446, 0.152066, 0.225605, 0.173005, 0.175284, 0.194267, 0.343894, 0.359072, 0.300997, 0.3212, 0.269609, 0.473351, 0.48691, 0.523941, 0.497105, 0.633798, 0.645126, 0.649306, 0.684918, 0.709828, 0.726899, 0.742784, 0.798183, 0.817593, 0.912015, 0.984646, 1, 

121,155,0.001, 0.0349067, 0.0386301, 0.0431542, 0.0572123, 0.0990136, 0.105137, 0.106392, 0.135055, 0.2214, 0.251105, 0.27793, 0.371919, 0.394024, 0.409167, 0.796884, 0.587832, 0.658768, 0.713498, 0.959441, 0.96168, 1, 

124,141,0.001, 0.0349067, 0.0386301, 0.0431542, 0.0572123, 0.0990136, 0.105137, 0.106392, 0.135055, 0.2214, 0.251105, 0.27793, 0.371919, 0.378409, 0.386041, 1, 

135,136,0.001, 0.0349067, 0.0386301, 0.0933487, 0.182483, 0.194851, 0.228353, 0.232659, 0.273844, 0.318958, 0.342293, 0.343038, 0.460864, 0.981685, 0.98865, 1, 

146,123,0.001, 0.0142598, 0.0304295, 0.121446, 0.152066, 0.225605, 0.259288, 0.351362, 0.356178, 0.396094, 0.428757, 0.456974, 0.527711, 0.608813, 0.620259, 0.651723, 0.666203, 0.793563, 0.497105, 0.92771, 0.955042, 0.993665, 1, 

214,106,0.001, 0.0349067, 0.0386301, 0.0933487, 0.182483, 0.194851, 0.228353, 0.232659, 0.273844, 0.318958, 0.452165, 0.508337, 0.426609, 0.462527, 0.473351, 0.48691, 0.523941, 0.497105, 0.633798, 0.645126, 0.649306, 0.684918, 0.709828, 0.726899, 0.742784, 0.798183, 0.817593, 0.912015, 0.984646, 1, 

Generation #38
158,122,0.001, 0.0256816, 0.0304295, 0.121446, 0.152066, 0.225605, 0.105137, 0.106392, 0.200426, 0.135055, 0.2214, 0.251105, 0.27793, 0.371919, 0.378409, 0.46267, 0.489333, 0.536162, 0.626829, 0.674628, 0.683786, 0.727127, 0.762543, 0.782512, 0.799555, 0.828321, 0.889262, 0.927451, 0.929617, 0.93578, 1, 

139,130,0.001, 0.0256816, 0.0304295, 0.121446, 0.0596342, 0.0733355, 0.0859083, 0.132615, 0.157909, 0.175985, 0.297456, 0.323357, 0.397967, 0.446702, 0.493418, 0.661119, 0.651723, 0.666203, 0.895527, 0.951628, 0.956588, 0.959441, 0.96168, 1, 

201,114,0.001, 0.0349067, 0.0386301, 0.0431542, 0.0572123, 0.0990136, 0.232007, 0.233053, 0.245314, 0.278795, 0.300997, 0.3212, 0.35774, 0.576609, 0.620259, 0.651723, 0.666203, 0.793563, 0.827465, 0.92771, 0.955042, 0.993665, 1, 

166,120,0.001, 0.0256816, 0.0304295, 0.121446, 0.152066, 0.225605, 0.173005, 0.175284, 0.352362, 0.377268, 0.408828, 0.432886, 0.580991, 0.608813, 0.620259, 0.651723, 0.666203, 0.793563, 0.827465, 0.92771, 0.955042, 0.993665, 1, 

173,117,0.001, 0.0256816, 0.0304295, 0.121446, 0.152066, 0.225605, 0.173005, 0.175284, 0.194267, 0.343894, 0.359072, 0.300997, 0.3212, 0.269609, 0.473351, 0.48691, 0.523941, 0.497105, 0.633798, 0.645126, 0.649306, 0.684918, 0.709828, 0.726899, 0.742784, 0.798183, 0.817593, 0.912015, 0.984646, 1, 

121,155,0.001, 0.0349067, 0.0386301, 0.0431542, 0.0572123, 0.0990136, 0.105137, 0.106392, 0.135055, 0.2214, 0.251105, 0.27793, 0.371919, 0.394024, 0.409167, 0.796884, 0.587832, 0.658768, 0.713498, 0.959441, 0.96168, 1, 

124,141,0.001, 0.0349067, 0.0386301, 0.0431542, 0.0572123, 0.0990136, 0.105137, 0.106392, 0.135055, 0.2214, 0.251105, 0.27793, 0.371919, 0.378409, 0.386041, 1, 

135,136,0.001, 0.0349067, 0.0386301, 0.0933487, 0.182483, 0.194851, 0.228353, 0.232659, 0.273844, 0.318958, 0.342293, 0.343038, 0.460864, 0.981685, 0.98865, 1, 

146,123,0.001, 0.0142598, 0.0304295, 0.121446, 0.152066, 0.225605, 0.259288, 0.351362, 0.356178, 0.396094, 0.428757, 0.456974, 0.527711, 0.608813, 0.620259, 0.651723, 0.666203, 0.793563, 0.497105, 0.92771, 0.955042, 0.993665, 1, 

214,106,0.001, 0.0349067, 0.0386301, 0.0933487, 0.182483, 0.194851, 0.228353, 0.232659, 0.273844, 0.318958, 0.452165, 0.508337, 0.426609, 0.462527, 0.473351, 0.48691, 0.523941, 0.497105, 0.633798, 0.645126, 0.649306, 0.684918, 0.709828, 0.726899, 0.742784, 0.798183, 0.817593, 0.912015, 0.984646, 1, 

Generation #39
158,122,0.001, 0.0256816, 0.0304295, 0.121446, 0.152066, 0.225605, 0.105137, 0.106392, 0.200426, 0.135055, 0.2214, 0.251105, 0.27793, 0.371919, 0.378409, 0.46267, 0.489333, 0.536162, 0.626829, 0.674628, 0.683786, 0.727127, 0.762543, 0.782512, 0.799555, 0.828321, 0.889262, 0.927451, 0.929617, 0.93578, 1, 

139,130,0.001, 0.0256816, 0.0304295, 0.121446, 0.0596342, 0.0733355, 0.0859083, 0.132615, 0.157909, 0.175985, 0.297456, 0.323357, 0.397967, 0.446702, 0.493418, 0.661119, 0.651723, 0.666203, 0.895527, 0.951628, 0.956588, 0.959441, 0.96168, 1, 

201,114,0.001, 0.0349067, 0.0386301, 0.0431542, 0.0572123, 0.0990136, 0.232007, 0.233053, 0.245314, 0.278795, 0.300997, 0.3212, 0.35774, 0.576609, 0.620259, 0.651723, 0.666203, 0.793563, 0.827465, 0.92771, 0.955042, 0.993665, 1, 

166,120,0.001, 0.0256816, 0.0304295, 0.121446, 0.152066, 0.225605, 0.173005, 0.175284, 0.352362, 0.377268, 0.408828, 0.432886, 0.580991, 0.608813, 0.620259, 0.651723, 0.666203, 0.793563, 0.827465, 0.92771, 0.955042, 0.993665, 1, 

173,117,0.001, 0.0256816, 0.0304295, 0.121446, 0.152066, 0.225605, 0.173005, 0.175284, 0.194267, 0.343894, 0.359072, 0.300997, 0.3212, 0.269609, 0.473351, 0.48691, 0.523941, 0.497105, 0.633798, 0.645126, 0.649306, 0.684918, 0.709828, 0.726899, 0.742784, 0.798183, 0.817593, 0.912015, 0.984646, 1, 

121,155,0.001, 0.0349067, 0.0386301, 0.0431542, 0.0572123, 0.0990136, 0.105137, 0.106392, 0.135055, 0.2214, 0.251105, 0.27793, 0.371919, 0.394024, 0.409167, 0.796884, 0.587832, 0.658768, 0.713498, 0.959441, 0.96168, 1, 

124,141,0.001, 0.0349067, 0.0386301, 0.0431542, 0.0572123, 0.0990136, 0.105137, 0.106392, 0.135055, 0.2214, 0.251105, 0.27793, 0.371919, 0.378409, 0.386041, 1, 

135,136,0.001, 0.0349067, 0.0386301, 0.0933487, 0.182483, 0.194851, 0.228353, 0.232659, 0.273844, 0.318958, 0.342293, 0.343038, 0.460864, 0.981685, 0.98865, 1, 

146,123,0.001, 0.0142598, 0.0304295, 0.121446, 0.152066, 0.225605, 0.259288, 0.351362, 0.356178, 0.396094, 0.428757, 0.456974, 0.527711, 0.608813, 0.620259, 0.651723, 0.666203, 0.793563, 0.497105, 0.92771, 0.955042, 0.993665, 1, 

214,106,0.001, 0.0349067, 0.0386301, 0.0933487, 0.182483, 0.194851, 0.228353, 0.232659, 0.273844, 0.318958, 0.452165, 0.508337, 0.426609, 0.462527, 0.473351, 0.48691, 0.523941, 0.497105, 0.633798, 0.645126, 0.649306, 0.684918, 0.709828, 0.726899, 0.742784, 0.798183, 0.817593, 0.912015, 0.984646, 1, 

Generation #40
158,122,0.001, 0.0256816, 0.0304295, 0.121446, 0.152066, 0.225605, 0.105137, 0.106392, 0.200426, 0.135055, 0.2214, 0.251105, 0.27793, 0.371919, 0.378409, 0.46267, 0.489333, 0.536162, 0.626829, 0.674628, 0.683786, 0.727127, 0.762543, 0.782512, 0.799555, 0.828321, 0.889262, 0.927451, 0.929617, 0.93578, 1, 

139,130,0.001, 0.0256816, 0.0304295, 0.121446, 0.0596342, 0.0733355, 0.0859083, 0.132615, 0.157909, 0.175985, 0.297456, 0.323357, 0.397967, 0.446702, 0.493418, 0.661119, 0.651723, 0.666203, 0.895527, 0.951628, 0.956588, 0.959441, 0.96168, 1, 

201,114,0.001, 0.0349067, 0.0386301, 0.0431542, 0.0572123, 0.0990136, 0.232007, 0.233053, 0.245314, 0.278795, 0.300997, 0.3212, 0.35774, 0.576609, 0.620259, 0.651723, 0.666203, 0.793563, 0.827465, 0.92771, 0.955042, 0.993665, 1, 

166,120,0.001, 0.0256816, 0.0304295, 0.121446, 0.152066, 0.225605, 0.173005, 0.175284, 0.352362, 0.377268, 0.408828, 0.432886, 0.580991, 0.608813, 0.620259, 0.651723, 0.666203, 0.793563, 0.827465, 0.92771, 0.955042, 0.993665, 1, 

173,117,0.001, 0.0256816, 0.0304295, 0.121446, 0.152066, 0.225605, 0.173005, 0.175284, 0.194267, 0.343894, 0.359072, 0.300997, 0.3212, 0.269609, 0.473351, 0.48691, 0.523941, 0.497105, 0.633798, 0.645126, 0.649306, 0.684918, 0.709828, 0.726899, 0.742784, 0.798183, 0.817593, 0.912015, 0.984646, 1, 

121,155,0.001, 0.0349067, 0.0386301, 0.0431542, 0.0572123, 0.0990136, 0.105137, 0.106392, 0.135055, 0.2214, 0.251105, 0.27793, 0.371919, 0.394024, 0.409167, 0.796884, 0.587832, 0.658768, 0.713498, 0.959441, 0.96168, 1, 

124,141,0.001, 0.0349067, 0.0386301, 0.0431542, 0.0572123, 0.0990136, 0.105137, 0.106392, 0.135055, 0.2214, 0.251105, 0.27793, 0.371919, 0.378409, 0.386041, 1, 

135,136,0.001, 0.0349067, 0.0386301, 0.0933487, 0.182483, 0.194851, 0.228353, 0.232659, 0.273844, 0.318958, 0.342293, 0.343038, 0.460864, 0.981685, 0.98865, 1, 

146,123,0.001, 0.0142598, 0.0304295, 0.121446, 0.152066, 0.225605, 0.259288, 0.351362, 0.356178, 0.396094, 0.428757, 0.456974, 0.527711, 0.608813, 0.620259, 0.651723, 0.666203, 0.793563, 0.497105, 0.92771, 0.955042, 0.993665, 1, 

214,106,0.001, 0.0349067, 0.0386301, 0.0933487, 0.182483, 0.194851, 0.228353, 0.232659, 0.273844, 0.318958, 0.452165, 0.508337, 0.426609, 0.462527, 0.473351, 0.48691, 0.523941, 0.497105, 0.633798, 0.645126, 0.649306, 0.684918, 0.709828, 0.726899, 0.742784, 0.798183, 0.817593, 0.912015, 0.984646, 1, 

Generation #41
158,122,0.001, 0.0256816, 0.0304295, 0.121446, 0.152066, 0.225605, 0.105137, 0.106392, 0.200426, 0.135055, 0.2214, 0.251105, 0.27793, 0.371919, 0.378409, 0.46267, 0.489333, 0.536162, 0.626829, 0.674628, 0.683786, 0.727127, 0.762543, 0.782512, 0.799555, 0.828321, 0.889262, 0.927451, 0.929617, 0.93578, 1, 

139,130,0.001, 0.0256816, 0.0304295, 0.121446, 0.0596342, 0.0733355, 0.0859083, 0.132615, 0.157909, 0.175985, 0.297456, 0.323357, 0.397967, 0.446702, 0.493418, 0.661119, 0.651723, 0.666203, 0.895527, 0.951628, 0.956588, 0.959441, 0.96168, 1, 

201,114,0.001, 0.0349067, 0.0386301, 0.0431542, 0.0572123, 0.0990136, 0.232007, 0.233053, 0.245314, 0.278795, 0.300997, 0.3212, 0.35774, 0.576609, 0.620259, 0.651723, 0.666203, 0.793563, 0.827465, 0.92771, 0.955042, 0.993665, 1, 

166,120,0.001, 0.0256816, 0.0304295, 0.121446, 0.152066, 0.225605, 0.173005, 0.175284, 0.352362, 0.377268, 0.408828, 0.432886, 0.580991, 0.608813, 0.620259, 0.651723, 0.666203, 0.793563, 0.827465, 0.92771, 0.955042, 0.993665, 1, 

173,117,0.001, 0.0256816, 0.0304295, 0.121446, 0.152066, 0.225605, 0.173005, 0.175284, 0.194267, 0.343894, 0.359072, 0.300997, 0.3212, 0.269609, 0.473351, 0.48691, 0.523941, 0.497105, 0.633798, 0.645126, 0.649306, 0.684918, 0.709828, 0.726899, 0.742784, 0.798183, 0.817593, 0.912015, 0.984646, 1, 

121,155,0.001, 0.0349067, 0.0386301, 0.0431542, 0.0572123, 0.0990136, 0.105137, 0.106392, 0.135055, 0.2214, 0.251105, 0.27793, 0.371919, 0.394024, 0.409167, 0.796884, 0.587832, 0.658768, 0.713498, 0.959441, 0.96168, 1, 

124,141,0.001, 0.0349067, 0.0386301, 0.0431542, 0.0572123, 0.0990136, 0.105137, 0.106392, 0.135055, 0.2214, 0.251105, 0.27793, 0.371919, 0.378409, 0.386041, 1, 

135,136,0.001, 0.0349067, 0.0386301, 0.0933487, 0.182483, 0.194851, 0.228353, 0.232659, 0.273844, 0.318958, 0.342293, 0.343038, 0.460864, 0.981685, 0.98865, 1, 

146,123,0.001, 0.0142598, 0.0304295, 0.121446, 0.152066, 0.225605, 0.259288, 0.351362, 0.356178, 0.396094, 0.428757, 0.456974, 0.527711, 0.608813, 0.620259, 0.651723, 0.666203, 0.793563, 0.497105, 0.92771, 0.955042, 0.993665, 1, 

214,106,0.001, 0.0349067, 0.0386301, 0.0933487, 0.182483, 0.194851, 0.228353, 0.232659, 0.273844, 0.318958, 0.452165, 0.508337, 0.426609, 0.462527, 0.473351, 0.48691, 0.523941, 0.497105, 0.633798, 0.645126, 0.649306, 0.684918, 0.709828, 0.726899, 0.742784, 0.798183, 0.817593, 0.912015, 0.984646, 1, 

Generation #42
158,122,0.001, 0.0256816, 0.0304295, 0.121446, 0.152066, 0.225605, 0.105137, 0.106392, 0.200426, 0.135055, 0.2214, 0.251105, 0.27793, 0.371919, 0.378409, 0.46267, 0.489333, 0.536162, 0.626829, 0.674628, 0.683786, 0.727127, 0.762543, 0.782512, 0.799555, 0.828321, 0.889262, 0.927451, 0.929617, 0.93578, 1, 

139,130,0.001, 0.0256816, 0.0304295, 0.121446, 0.0596342, 0.0733355, 0.0859083, 0.132615, 0.157909, 0.175985, 0.297456, 0.323357, 0.397967, 0.446702, 0.493418, 0.661119, 0.651723, 0.666203, 0.895527, 0.951628, 0.956588, 0.959441, 0.96168, 1, 

201,114,0.001, 0.0349067, 0.0386301, 0.0431542, 0.0572123, 0.0990136, 0.232007, 0.233053, 0.245314, 0.278795, 0.300997, 0.3212, 0.35774, 0.576609, 0.620259, 0.651723, 0.666203, 0.793563, 0.827465, 0.92771, 0.955042, 0.993665, 1, 

166,120,0.001, 0.0256816, 0.0304295, 0.121446, 0.152066, 0.225605, 0.173005, 0.175284, 0.352362, 0.377268, 0.408828, 0.432886, 0.580991, 0.608813, 0.620259, 0.651723, 0.666203, 0.793563, 0.827465, 0.92771, 0.955042, 0.993665, 1, 

173,117,0.001, 0.0256816, 0.0304295, 0.121446, 0.152066, 0.225605, 0.173005, 0.175284, 0.194267, 0.343894, 0.359072, 0.300997, 0.3212, 0.269609, 0.473351, 0.48691, 0.523941, 0.497105, 0.633798, 0.645126, 0.649306, 0.684918, 0.709828, 0.726899, 0.742784, 0.798183, 0.817593, 0.912015, 0.984646, 1, 

121,155,0.001, 0.0349067, 0.0386301, 0.0431542, 0.0572123, 0.0990136, 0.105137, 0.106392, 0.135055, 0.2214, 0.251105, 0.27793, 0.371919, 0.394024, 0.409167, 0.796884, 0.587832, 0.658768, 0.713498, 0.959441, 0.96168, 1, 

124,141,0.001, 0.0349067, 0.0386301, 0.0431542, 0.0572123, 0.0990136, 0.105137, 0.106392, 0.135055, 0.2214, 0.251105, 0.27793, 0.371919, 0.378409, 0.386041, 1, 

135,136,0.001, 0.0349067, 0.0386301, 0.0933487, 0.182483, 0.194851, 0.228353, 0.232659, 0.273844, 0.318958, 0.342293, 0.343038, 0.460864, 0.981685, 0.98865, 1, 

146,123,0.001, 0.0142598, 0.0304295, 0.121446, 0.152066, 0.225605, 0.259288, 0.351362, 0.356178, 0.396094, 0.428757, 0.456974, 0.527711, 0.608813, 0.620259, 0.651723, 0.666203, 0.793563, 0.497105, 0.92771, 0.955042, 0.993665, 1, 

214,106,0.001, 0.0349067, 0.0386301, 0.0933487, 0.182483, 0.194851, 0.228353, 0.232659, 0.273844, 0.318958, 0.452165, 0.508337, 0.426609, 0.462527, 0.473351, 0.48691, 0.523941, 0.497105, 0.633798, 0.645126, 0.649306, 0.684918, 0.709828, 0.726899, 0.742784, 0.798183, 0.817593, 0.912015, 0.984646, 1, 

Generation #43
158,122,0.001, 0.0256816, 0.0304295, 0.121446, 0.152066, 0.225605, 0.105137, 0.106392, 0.200426, 0.135055, 0.2214, 0.251105, 0.27793, 0.371919, 0.378409, 0.46267, 0.489333, 0.536162, 0.626829, 0.674628, 0.683786, 0.727127, 0.762543, 0.782512, 0.799555, 0.828321, 0.889262, 0.927451, 0.929617, 0.93578, 1, 

139,130,0.001, 0.0256816, 0.0304295, 0.121446, 0.0596342, 0.0733355, 0.0859083, 0.132615, 0.157909, 0.175985, 0.297456, 0.323357, 0.397967, 0.446702, 0.493418, 0.661119, 0.651723, 0.666203, 0.895527, 0.951628, 0.956588, 0.959441, 0.96168, 1, 

201,114,0.001, 0.0349067, 0.0386301, 0.0431542, 0.0572123, 0.0990136, 0.232007, 0.233053, 0.245314, 0.278795, 0.300997, 0.3212, 0.35774, 0.576609, 0.620259, 0.651723, 0.666203, 0.793563, 0.827465, 0.92771, 0.955042, 0.993665, 1, 

166,120,0.001, 0.0256816, 0.0304295, 0.121446, 0.152066, 0.225605, 0.173005, 0.175284, 0.352362, 0.377268, 0.408828, 0.432886, 0.580991, 0.608813, 0.620259, 0.651723, 0.666203, 0.793563, 0.827465, 0.92771, 0.955042, 0.993665, 1, 

173,117,0.001, 0.0256816, 0.0304295, 0.121446, 0.152066, 0.225605, 0.173005, 0.175284, 0.194267, 0.343894, 0.359072, 0.300997, 0.3212, 0.269609, 0.473351, 0.48691, 0.523941, 0.497105, 0.633798, 0.645126, 0.649306, 0.684918, 0.709828, 0.726899, 0.742784, 0.798183, 0.817593, 0.912015, 0.984646, 1, 

121,155,0.001, 0.0349067, 0.0386301, 0.0431542, 0.0572123, 0.0990136, 0.105137, 0.106392, 0.135055, 0.2214, 0.251105, 0.27793, 0.371919, 0.394024, 0.409167, 0.796884, 0.587832, 0.658768, 0.713498, 0.959441, 0.96168, 1, 

124,141,0.001, 0.0349067, 0.0386301, 0.0431542, 0.0572123, 0.0990136, 0.105137, 0.106392, 0.135055, 0.2214, 0.251105, 0.27793, 0.371919, 0.378409, 0.386041, 1, 

135,136,0.001, 0.0349067, 0.0386301, 0.0933487, 0.182483, 0.194851, 0.228353, 0.232659, 0.273844, 0.318958, 0.342293, 0.343038, 0.460864, 0.981685, 0.98865, 1, 

146,123,0.001, 0.0142598, 0.0304295, 0.121446, 0.152066, 0.225605, 0.259288, 0.351362, 0.356178, 0.396094, 0.428757, 0.456974, 0.527711, 0.608813, 0.620259, 0.651723, 0.666203, 0.793563, 0.497105, 0.92771, 0.955042, 0.993665, 1, 

214,106,0.001, 0.0349067, 0.0386301, 0.0933487, 0.182483, 0.194851, 0.228353, 0.232659, 0.273844, 0.318958, 0.452165, 0.508337, 0.426609, 0.462527, 0.473351, 0.48691, 0.523941, 0.497105, 0.633798, 0.645126, 0.649306, 0.684918, 0.709828, 0.726899, 0.742784, 0.798183, 0.817593, 0.912015, 0.984646, 1, 

Generation #44
158,122,0.001, 0.0256816, 0.0304295, 0.121446, 0.152066, 0.225605, 0.105137, 0.106392, 0.200426, 0.135055, 0.2214, 0.251105, 0.27793, 0.371919, 0.378409, 0.46267, 0.489333, 0.536162, 0.626829, 0.674628, 0.683786, 0.727127, 0.762543, 0.782512, 0.799555, 0.828321, 0.889262, 0.927451, 0.929617, 0.93578, 1, 

139,130,0.001, 0.0256816, 0.0304295, 0.121446, 0.0596342, 0.0733355, 0.0859083, 0.132615, 0.157909, 0.175985, 0.297456, 0.323357, 0.397967, 0.446702, 0.493418, 0.661119, 0.651723, 0.666203, 0.895527, 0.951628, 0.956588, 0.959441, 0.96168, 1, 

201,114,0.001, 0.0349067, 0.0386301, 0.0431542, 0.0572123, 0.0990136, 0.232007, 0.233053, 0.245314, 0.278795, 0.300997, 0.3212, 0.35774, 0.576609, 0.620259, 0.651723, 0.666203, 0.793563, 0.827465, 0.92771, 0.955042, 0.993665, 1, 

166,120,0.001, 0.0256816, 0.0304295, 0.121446, 0.152066, 0.225605, 0.173005, 0.175284, 0.352362, 0.377268, 0.408828, 0.432886, 0.580991, 0.608813, 0.620259, 0.651723, 0.666203, 0.793563, 0.827465, 0.92771, 0.955042, 0.993665, 1, 

173,117,0.001, 0.0256816, 0.0304295, 0.121446, 0.152066, 0.225605, 0.173005, 0.175284, 0.194267, 0.343894, 0.359072, 0.300997, 0.3212, 0.269609, 0.473351, 0.48691, 0.523941, 0.497105, 0.633798, 0.645126, 0.649306, 0.684918, 0.709828, 0.726899, 0.742784, 0.798183, 0.817593, 0.912015, 0.984646, 1, 

121,155,0.001, 0.0349067, 0.0386301, 0.0431542, 0.0572123, 0.0990136, 0.105137, 0.106392, 0.135055, 0.2214, 0.251105, 0.27793, 0.371919, 0.394024, 0.409167, 0.796884, 0.587832, 0.658768, 0.713498, 0.959441, 0.96168, 1, 

124,141,0.001, 0.0349067, 0.0386301, 0.0431542, 0.0572123, 0.0990136, 0.105137, 0.106392, 0.135055, 0.2214, 0.251105, 0.27793, 0.371919, 0.378409, 0.386041, 1, 

135,136,0.001, 0.0349067, 0.0386301, 0.0933487, 0.182483, 0.194851, 0.228353, 0.232659, 0.273844, 0.318958, 0.342293, 0.343038, 0.460864, 0.981685, 0.98865, 1, 

146,123,0.001, 0.0142598, 0.0304295, 0.121446, 0.152066, 0.225605, 0.259288, 0.351362, 0.356178, 0.396094, 0.428757, 0.456974, 0.527711, 0.608813, 0.620259, 0.651723, 0.666203, 0.793563, 0.497105, 0.92771, 0.955042, 0.993665, 1, 

214,106,0.001, 0.0349067, 0.0386301, 0.0933487, 0.182483, 0.194851, 0.228353, 0.232659, 0.273844, 0.318958, 0.452165, 0.508337, 0.426609, 0.462527, 0.473351, 0.48691, 0.523941, 0.497105, 0.633798, 0.645126, 0.649306, 0.684918, 0.709828, 0.726899, 0.742784, 0.798183, 0.817593, 0.912015, 0.984646, 1, 

Generation #45
158,122,0.001, 0.0256816, 0.0304295, 0.121446, 0.152066, 0.225605, 0.105137, 0.106392, 0.200426, 0.135055, 0.2214, 0.251105, 0.27793, 0.371919, 0.378409, 0.46267, 0.489333, 0.536162, 0.626829, 0.674628, 0.683786, 0.727127, 0.762543, 0.782512, 0.799555, 0.828321, 0.889262, 0.927451, 0.929617, 0.93578, 1, 

139,130,0.001, 0.0256816, 0.0304295, 0.121446, 0.0596342, 0.0733355, 0.0859083, 0.132615, 0.157909, 0.175985, 0.297456, 0.323357, 0.397967, 0.446702, 0.493418, 0.661119, 0.651723, 0.666203, 0.895527, 0.951628, 0.956588, 0.959441, 0.96168, 1, 

201,114,0.001, 0.0349067, 0.0386301, 0.0431542, 0.0572123, 0.0990136, 0.232007, 0.233053, 0.245314, 0.278795, 0.300997, 0.3212, 0.35774, 0.576609, 0.620259, 0.651723, 0.666203, 0.793563, 0.827465, 0.92771, 0.955042, 0.993665, 1, 

166,120,0.001, 0.0256816, 0.0304295, 0.121446, 0.152066, 0.225605, 0.173005, 0.175284, 0.352362, 0.377268, 0.408828, 0.432886, 0.580991, 0.608813, 0.620259, 0.651723, 0.666203, 0.793563, 0.827465, 0.92771, 0.955042, 0.993665, 1, 

173,117,0.001, 0.0256816, 0.0304295, 0.121446, 0.152066, 0.225605, 0.173005, 0.175284, 0.194267, 0.343894, 0.359072, 0.300997, 0.3212, 0.269609, 0.473351, 0.48691, 0.523941, 0.497105, 0.633798, 0.645126, 0.649306, 0.684918, 0.709828, 0.726899, 0.742784, 0.798183, 0.817593, 0.912015, 0.984646, 1, 

121,155,0.001, 0.0349067, 0.0386301, 0.0431542, 0.0572123, 0.0990136, 0.105137, 0.106392, 0.135055, 0.2214, 0.251105, 0.27793, 0.371919, 0.394024, 0.409167, 0.796884, 0.587832, 0.658768, 0.713498, 0.959441, 0.96168, 1, 

124,141,0.001, 0.0349067, 0.0386301, 0.0431542, 0.0572123, 0.0990136, 0.105137, 0.106392, 0.135055, 0.2214, 0.251105, 0.27793, 0.371919, 0.378409, 0.386041, 1, 

135,136,0.001, 0.0349067, 0.0386301, 0.0933487, 0.182483, 0.194851, 0.228353, 0.232659, 0.273844, 0.318958, 0.342293, 0.343038, 0.460864, 0.981685, 0.98865, 1, 

146,123,0.001, 0.0142598, 0.0304295, 0.121446, 0.152066, 0.225605, 0.259288, 0.351362, 0.356178, 0.396094, 0.428757, 0.456974, 0.527711, 0.608813, 0.620259, 0.651723, 0.666203, 0.793563, 0.497105, 0.92771, 0.955042, 0.993665, 1, 

214,106,0.001, 0.0349067, 0.0386301, 0.0933487, 0.182483, 0.194851, 0.228353, 0.232659, 0.273844, 0.318958, 0.452165, 0.508337, 0.426609, 0.462527, 0.473351, 0.48691, 0.523941, 0.497105, 0.633798, 0.645126, 0.649306, 0.684918, 0.709828, 0.726899, 0.742784, 0.798183, 0.817593, 0.912015, 0.984646, 1, 

Generation #46
158,122,0.001, 0.0256816, 0.0304295, 0.121446, 0.152066, 0.225605, 0.105137, 0.106392, 0.200426, 0.135055, 0.2214, 0.251105, 0.27793, 0.371919, 0.378409, 0.46267, 0.489333, 0.536162, 0.626829, 0.674628, 0.683786, 0.727127, 0.762543, 0.782512, 0.799555, 0.828321, 0.889262, 0.927451, 0.929617, 0.93578, 1, 

139,130,0.001, 0.0256816, 0.0304295, 0.121446, 0.0596342, 0.0733355, 0.0859083, 0.132615, 0.157909, 0.175985, 0.297456, 0.323357, 0.397967, 0.446702, 0.493418, 0.661119, 0.651723, 0.666203, 0.895527, 0.951628, 0.956588, 0.959441, 0.96168, 1, 

201,114,0.001, 0.0349067, 0.0386301, 0.0431542, 0.0572123, 0.0990136, 0.232007, 0.233053, 0.245314, 0.278795, 0.300997, 0.3212, 0.35774, 0.576609, 0.620259, 0.651723, 0.666203, 0.793563, 0.827465, 0.92771, 0.955042, 0.993665, 1, 

166,120,0.001, 0.0256816, 0.0304295, 0.121446, 0.152066, 0.225605, 0.173005, 0.175284, 0.352362, 0.377268, 0.408828, 0.432886, 0.580991, 0.608813, 0.620259, 0.651723, 0.666203, 0.793563, 0.827465, 0.92771, 0.955042, 0.993665, 1, 

173,117,0.001, 0.0256816, 0.0304295, 0.121446, 0.152066, 0.225605, 0.173005, 0.175284, 0.194267, 0.343894, 0.359072, 0.300997, 0.3212, 0.269609, 0.473351, 0.48691, 0.523941, 0.497105, 0.633798, 0.645126, 0.649306, 0.684918, 0.709828, 0.726899, 0.742784, 0.798183, 0.817593, 0.912015, 0.984646, 1, 

121,155,0.001, 0.0349067, 0.0386301, 0.0431542, 0.0572123, 0.0990136, 0.105137, 0.106392, 0.135055, 0.2214, 0.251105, 0.27793, 0.371919, 0.394024, 0.409167, 0.796884, 0.587832, 0.658768, 0.713498, 0.959441, 0.96168, 1, 

124,141,0.001, 0.0349067, 0.0386301, 0.0431542, 0.0572123, 0.0990136, 0.105137, 0.106392, 0.135055, 0.2214, 0.251105, 0.27793, 0.371919, 0.378409, 0.386041, 1, 

146,123,0.001, 0.0142598, 0.0304295, 0.121446, 0.152066, 0.225605, 0.259288, 0.351362, 0.356178, 0.396094, 0.428757, 0.456974, 0.527711, 0.608813, 0.620259, 0.651723, 0.666203, 0.793563, 0.497105, 0.92771, 0.955042, 0.993665, 1, 

214,106,0.001, 0.0349067, 0.0386301, 0.0933487, 0.182483, 0.194851, 0.228353, 0.232659, 0.273844, 0.318958, 0.452165, 0.508337, 0.426609, 0.462527, 0.473351, 0.48691, 0.523941, 0.497105, 0.633798, 0.645126, 0.649306, 0.684918, 0.709828, 0.726899, 0.742784, 0.798183, 0.817593, 0.912015, 0.984646, 1, 

133,134,0.001, 0.0256816, 0.0304295, 0.09242, 0.0929232, 0.120207, 0.139113, 0.220378, 0.353624, 0.390347, 0.428757, 0.456974, 0.527711, 0.608813, 0.620259, 0.651723, 0.666203, 0.793563, 0.658768, 0.956588, 0.959441, 0.96168, 1, 

Generation #47
158,122,0.001, 0.0256816, 0.0304295, 0.121446, 0.152066, 0.225605, 0.105137, 0.106392, 0.200426, 0.135055, 0.2214, 0.251105, 0.27793, 0.371919, 0.378409, 0.46267, 0.489333, 0.536162, 0.626829, 0.674628, 0.683786, 0.727127, 0.762543, 0.782512, 0.799555, 0.828321, 0.889262, 0.927451, 0.929617, 0.93578, 1, 

139,130,0.001, 0.0256816, 0.0304295, 0.121446, 0.0596342, 0.0733355, 0.0859083, 0.132615, 0.157909, 0.175985, 0.297456, 0.323357, 0.397967, 0.446702, 0.493418, 0.661119, 0.651723, 0.666203, 0.895527, 0.951628, 0.956588, 0.959441, 0.96168, 1, 

201,114,0.001, 0.0349067, 0.0386301, 0.0431542, 0.0572123, 0.0990136, 0.232007, 0.233053, 0.245314, 0.278795, 0.300997, 0.3212, 0.35774, 0.576609, 0.620259, 0.651723, 0.666203, 0.793563, 0.827465, 0.92771, 0.955042, 0.993665, 1, 

166,120,0.001, 0.0256816, 0.0304295, 0.121446, 0.152066, 0.225605, 0.173005, 0.175284, 0.352362, 0.377268, 0.408828, 0.432886, 0.580991, 0.608813, 0.620259, 0.651723, 0.666203, 0.793563, 0.827465, 0.92771, 0.955042, 0.993665, 1, 

173,117,0.001, 0.0256816, 0.0304295, 0.121446, 0.152066, 0.225605, 0.173005, 0.175284, 0.194267, 0.343894, 0.359072, 0.300997, 0.3212, 0.269609, 0.473351, 0.48691, 0.523941, 0.497105, 0.633798, 0.645126, 0.649306, 0.684918, 0.709828, 0.726899, 0.742784, 0.798183, 0.817593, 0.912015, 0.984646, 1, 

121,155,0.001, 0.0349067, 0.0386301, 0.0431542, 0.0572123, 0.0990136, 0.105137, 0.106392, 0.135055, 0.2214, 0.251105, 0.27793, 0.371919, 0.394024, 0.409167, 0.796884, 0.587832, 0.658768, 0.713498, 0.959441, 0.96168, 1, 

124,141,0.001, 0.0349067, 0.0386301, 0.0431542, 0.0572123, 0.0990136, 0.105137, 0.106392, 0.135055, 0.2214, 0.251105, 0.27793, 0.371919, 0.378409, 0.386041, 1, 

146,123,0.001, 0.0142598, 0.0304295, 0.121446, 0.152066, 0.225605, 0.259288, 0.351362, 0.356178, 0.396094, 0.428757, 0.456974, 0.527711, 0.608813, 0.620259, 0.651723, 0.666203, 0.793563, 0.497105, 0.92771, 0.955042, 0.993665, 1, 

214,106,0.001, 0.0349067, 0.0386301, 0.0933487, 0.182483, 0.194851, 0.228353, 0.232659, 0.273844, 0.318958, 0.452165, 0.508337, 0.426609, 0.462527, 0.473351, 0.48691, 0.523941, 0.497105, 0.633798, 0.645126, 0.649306, 0.684918, 0.709828, 0.726899, 0.742784, 0.798183, 0.817593, 0.912015, 0.984646, 1, 

133,134,0.001, 0.0256816, 0.0304295, 0.09242, 0.0929232, 0.120207, 0.139113, 0.220378, 0.353624, 0.390347, 0.428757, 0.456974, 0.527711, 0.608813, 0.620259, 0.651723, 0.666203, 0.793563, 0.658768, 0.956588, 0.959441, 0.96168, 1, 

Generation #48
158,122,0.001, 0.0256816, 0.0304295, 0.121446, 0.152066, 0.225605, 0.105137, 0.106392, 0.200426, 0.135055, 0.2214, 0.251105, 0.27793, 0.371919, 0.378409, 0.46267, 0.489333, 0.536162, 0.626829, 0.674628, 0.683786, 0.727127, 0.762543, 0.782512, 0.799555, 0.828321, 0.889262, 0.927451, 0.929617, 0.93578, 1, 

139,130,0.001, 0.0256816, 0.0304295, 0.121446, 0.0596342, 0.0733355, 0.0859083, 0.132615, 0.157909, 0.175985, 0.297456, 0.323357, 0.397967, 0.446702, 0.493418, 0.661119, 0.651723, 0.666203, 0.895527, 0.951628, 0.956588, 0.959441, 0.96168, 1, 

201,114,0.001, 0.0349067, 0.0386301, 0.0431542, 0.0572123, 0.0990136, 0.232007, 0.233053, 0.245314, 0.278795, 0.300997, 0.3212, 0.35774, 0.576609, 0.620259, 0.651723, 0.666203, 0.793563, 0.827465, 0.92771, 0.955042, 0.993665, 1, 

121,155,0.001, 0.0349067, 0.0386301, 0.0431542, 0.0572123, 0.0990136, 0.105137, 0.106392, 0.135055, 0.2214, 0.251105, 0.27793, 0.371919, 0.394024, 0.409167, 0.796884, 0.587832, 0.658768, 0.713498, 0.959441, 0.96168, 1, 

124,141,0.001, 0.0349067, 0.0386301, 0.0431542, 0.0572123, 0.0990136, 0.105137, 0.106392, 0.135055, 0.2214, 0.251105, 0.27793, 0.371919, 0.378409, 0.386041, 1, 

146,123,0.001, 0.0142598, 0.0304295, 0.121446, 0.152066, 0.225605, 0.259288, 0.351362, 0.356178, 0.396094, 0.428757, 0.456974, 0.527711, 0.608813, 0.620259, 0.651723, 0.666203, 0.793563, 0.497105, 0.92771, 0.955042, 0.993665, 1, 

214,106,0.001, 0.0349067, 0.0386301, 0.0933487, 0.182483, 0.194851, 0.228353, 0.232659, 0.273844, 0.318958, 0.452165, 0.508337, 0.426609, 0.462527, 0.473351, 0.48691, 0.523941, 0.497105, 0.633798, 0.645126, 0.649306, 0.684918, 0.709828, 0.726899, 0.742784, 0.798183, 0.817593, 0.912015, 0.984646, 1, 

133,134,0.001, 0.0256816, 0.0304295, 0.09242, 0.0929232, 0.120207, 0.139113, 0.220378, 0.353624, 0.390347, 0.428757, 0.456974, 0.527711, 0.608813, 0.620259, 0.651723, 0.666203, 0.793563, 0.658768, 0.956588, 0.959441, 0.96168, 1, 

164,116,0.001, 0.0349067, 0.0386301, 0.0431542, 0.0572123, 0.0990136, 0.105137, 0.106392, 0.135055, 0.2214, 0.251105, 0.27793, 0.371919, 0.378409, 0.386041, 0.394024, 0.836129, 0.84001, 0.918094, 1, 

Generation #49
158,122,0.001, 0.0256816, 0.0304295, 0.121446, 0.152066, 0.225605, 0.105137, 0.106392, 0.200426, 0.135055, 0.2214, 0.251105, 0.27793, 0.371919, 0.378409, 0.46267, 0.489333, 0.536162, 0.626829, 0.674628, 0.683786, 0.727127, 0.762543, 0.782512, 0.799555, 0.828321, 0.889262, 0.927451, 0.929617, 0.93578, 1, 

139,130,0.001, 0.0256816, 0.0304295, 0.121446, 0.0596342, 0.0733355, 0.0859083, 0.132615, 0.157909, 0.175985, 0.297456, 0.323357, 0.397967, 0.446702, 0.493418, 0.661119, 0.651723, 0.666203, 0.895527, 0.951628, 0.956588, 0.959441, 0.96168, 1, 

201,114,0.001, 0.0349067, 0.0386301, 0.0431542, 0.0572123, 0.0990136, 0.232007, 0.233053, 0.245314, 0.278795, 0.300997, 0.3212, 0.35774, 0.576609, 0.620259, 0.651723, 0.666203, 0.793563, 0.827465, 0.92771, 0.955042, 0.993665, 1, 

121,155,0.001, 0.0349067, 0.0386301, 0.0431542, 0.0572123, 0.0990136, 0.105137, 0.106392, 0.135055, 0.2214, 0.251105, 0.27793, 0.371919, 0.394024, 0.409167, 0.796884, 0.587832, 0.658768, 0.713498, 0.959441, 0.96168, 1, 

124,141,0.001, 0.0349067, 0.0386301, 0.0431542, 0.0572123, 0.0990136, 0.105137, 0.106392, 0.135055, 0.2214, 0.251105, 0.27793, 0.371919, 0.378409, 0.386041, 1, 

146,123,0.001, 0.0142598, 0.0304295, 0.121446, 0.152066, 0.225605, 0.259288, 0.351362, 0.356178, 0.396094, 0.428757, 0.456974, 0.527711, 0.608813, 0.620259, 0.651723, 0.666203, 0.793563, 0.497105, 0.92771, 0.955042, 0.993665, 1, 

214,106,0.001, 0.0349067, 0.0386301, 0.0933487, 0.182483, 0.194851, 0.228353, 0.232659, 0.273844, 0.318958, 0.452165, 0.508337, 0.426609, 0.462527, 0.473351, 0.48691, 0.523941, 0.497105, 0.633798, 0.645126, 0.649306, 0.684918, 0.709828, 0.726899, 0.742784, 0.798183, 0.817593, 0.912015, 0.984646, 1, 

133,134,0.001, 0.0256816, 0.0304295, 0.09242, 0.0929232, 0.120207, 0.139113, 0.220378, 0.353624, 0.390347, 0.428757, 0.456974, 0.527711, 0.608813, 0.620259, 0.651723, 0.666203, 0.793563, 0.658768, 0.956588, 0.959441, 0.96168, 1, 

164,116,0.001, 0.0349067, 0.0386301, 0.0431542, 0.0572123, 0.0990136, 0.105137, 0.106392, 0.135055, 0.2214, 0.251105, 0.27793, 0.371919, 0.378409, 0.386041, 0.394024, 0.836129, 0.84001, 0.918094, 1, 

N total=515, Time total=420, percents=0.001, 0.0256816, 0.0304295, 0.121446, 0.152066, 0.225605, 0.105137, 0.106392, 0.200426, 0.135055, 0.2214, 0.251105, 0.27793, 0.371919, 0.378409, 0.46267, 0.489333, 0.536162, 0.626829, 0.674628, 0.683786, 0.727127, 0.762543, 0.782512, 0.799555, 0.828321, 0.889262, 0.927451, 0.929617, 0.93578, 1, 

N total=496, Time total=428, percents=0.001, 0.0256816, 0.0304295, 0.121446, 0.0596342, 0.0733355, 0.0859083, 0.132615, 0.157909, 0.175985, 0.297456, 0.323357, 0.397967, 0.446702, 0.493418, 0.661119, 0.651723, 0.666203, 0.895527, 0.951628, 0.956588, 0.959441, 0.96168, 1, 

N total=558, Time total=412, percents=0.001, 0.0349067, 0.0386301, 0.0431542, 0.0572123, 0.0990136, 0.232007, 0.233053, 0.245314, 0.278795, 0.300997, 0.3212, 0.35774, 0.576609, 0.620259, 0.651723, 0.666203, 0.793563, 0.827465, 0.92771, 0.955042, 0.993665, 1, 

N total=478, Time total=453, percents=0.001, 0.0349067, 0.0386301, 0.0431542, 0.0572123, 0.0990136, 0.105137, 0.106392, 0.135055, 0.2214, 0.251105, 0.27793, 0.371919, 0.394024, 0.409167, 0.796884, 0.587832, 0.658768, 0.713498, 0.959441, 0.96168, 1, 

N total=481, Time total=439, percents=0.001, 0.0349067, 0.0386301, 0.0431542, 0.0572123, 0.0990136, 0.105137, 0.106392, 0.135055, 0.2214, 0.251105, 0.27793, 0.371919, 0.378409, 0.386041, 1, 

N total=503, Time total=421, percents=0.001, 0.0142598, 0.0304295, 0.121446, 0.152066, 0.225605, 0.259288, 0.351362, 0.356178, 0.396094, 0.428757, 0.456974, 0.527711, 0.608813, 0.620259, 0.651723, 0.666203, 0.793563, 0.497105, 0.92771, 0.955042, 0.993665, 1, 

N total=571, Time total=404, percents=0.001, 0.0349067, 0.0386301, 0.0933487, 0.182483, 0.194851, 0.228353, 0.232659, 0.273844, 0.318958, 0.452165, 0.508337, 0.426609, 0.462527, 0.473351, 0.48691, 0.523941, 0.497105, 0.633798, 0.645126, 0.649306, 0.684918, 0.709828, 0.726899, 0.742784, 0.798183, 0.817593, 0.912015, 0.984646, 1, 

N total=490, Time total=432, percents=0.001, 0.0256816, 0.0304295, 0.09242, 0.0929232, 0.120207, 0.139113, 0.220378, 0.353624, 0.390347, 0.428757, 0.456974, 0.527711, 0.608813, 0.620259, 0.651723, 0.666203, 0.793563, 0.658768, 0.956588, 0.959441, 0.96168, 1, 

N total=521, Time total=414, percents=0.001, 0.0349067, 0.0386301, 0.0431542, 0.0572123, 0.0990136, 0.105137, 0.106392, 0.135055, 0.2214, 0.251105, 0.27793, 0.371919, 0.378409, 0.386041, 0.394024, 0.836129, 0.84001, 0.918094, 1, 

------------d=1, t=2, lambda=4, filename=./evaluation/Mobile/Mobile_2_4.csv------------
Computing partitioned counts of d-sets...
Ready to look at pairs based on partitioned counts...
First Stage N=448, Time=246
There are 11 remaining non-locating pairs
Generation #0
47,11,0.001, 0.0458277, 0.0703369, 0.0809872, 0.106054, 0.118209, 0.142029, 0.222919, 0.236735, 0.273203, 0.33239, 0.333607, 0.341293, 0.400737, 0.436808, 0.455208, 0.468697, 0.483281, 0.497905, 0.506623, 0.555619, 0.594746, 0.729042, 0.821059, 0.854066, 0.85836, 0.869818, 0.88554, 0.942907, 0.949507, 1, 

36,20,0.001, 0.0854803, 0.26462, 0.276213, 0.479375, 0.496739, 0.648727, 0.794644, 0.79908, 0.853708, 0.862985, 0.942428, 1, 

46,13,0.001, 0.04957, 0.124062, 0.158502, 0.165855, 0.265927, 0.289467, 0.313318, 0.409268, 0.43092, 0.45932, 0.531639, 0.59865, 0.734816, 0.776776, 0.778458, 0.78217, 0.833723, 0.85518, 0.865792, 0.876443, 0.965188, 0.981666, 1, 

39,18,0.001, 0.103302, 0.196002, 0.208721, 0.233498, 0.287732, 0.310422, 0.542172, 0.560182, 0.571114, 0.674771, 0.679148, 0.757449, 0.771035, 0.818494, 0.835512, 0.837998, 0.856796, 0.873415, 1, 

Generation #1
36,20,0.001, 0.0854803, 0.26462, 0.276213, 0.479375, 0.496739, 0.648727, 0.794644, 0.79908, 0.853708, 0.862985, 0.942428, 1, 

39,18,0.001, 0.103302, 0.196002, 0.208721, 0.233498, 0.287732, 0.310422, 0.542172, 0.560182, 0.571114, 0.674771, 0.679148, 0.757449, 0.771035, 0.818494, 0.835512, 0.837998, 0.856796, 0.873415, 1, 

41,17,0.001, 0.0990331, 0.216456, 0.221396, 0.227042, 0.293414, 0.294985, 0.303848, 0.304662, 0.344131, 0.355272, 0.775675, 0.809172, 0.966389, 0.98083, 1, 

42,11,0.001, 0.116884, 0.154052, 0.22258, 0.236505, 0.313727, 0.382254, 0.384531, 0.27203, 0.295451, 0.451738, 0.489807, 0.494196, 0.505303, 0.566918, 0.58086, 0.590506, 0.631216, 0.647833, 0.699886, 0.714632, 0.743321, 0.781512, 0.793148, 0.85389, 0.946788, 0.954468, 1, 

Generation #2
36,20,0.001, 0.0854803, 0.26462, 0.276213, 0.479375, 0.496739, 0.648727, 0.794644, 0.79908, 0.853708, 0.862985, 0.942428, 1, 

39,18,0.001, 0.103302, 0.196002, 0.208721, 0.233498, 0.287732, 0.310422, 0.542172, 0.560182, 0.571114, 0.674771, 0.679148, 0.757449, 0.771035, 0.818494, 0.835512, 0.837998, 0.856796, 0.873415, 1, 

41,17,0.001, 0.0990331, 0.216456, 0.221396, 0.227042, 0.293414, 0.294985, 0.303848, 0.304662, 0.344131, 0.355272, 0.775675, 0.809172, 0.966389, 0.98083, 1, 

42,11,0.001, 0.116884, 0.154052, 0.22258, 0.236505, 0.313727, 0.382254, 0.384531, 0.27203, 0.295451, 0.451738, 0.489807, 0.494196, 0.505303, 0.566918, 0.58086, 0.590506, 0.631216, 0.647833, 0.699886, 0.714632, 0.743321, 0.781512, 0.793148, 0.85389, 0.946788, 0.954468, 1, 

Generation #3
42,11,0.001, 0.116884, 0.154052, 0.22258, 0.236505, 0.313727, 0.382254, 0.384531, 0.27203, 0.295451, 0.451738, 0.489807, 0.494196, 0.505303, 0.566918, 0.58086, 0.590506, 0.631216, 0.647833, 0.699886, 0.714632, 0.743321, 0.781512, 0.793148, 0.85389, 0.946788, 0.954468, 1, 

32,20,0.001, 0.0399852, 0.0735306, 0.110165, 0.115419, 0.125946, 0.428692, 0.694815, 0.974048, 1, 

39,17,0.001, 0.0577042, 0.16493, 0.205688, 0.253453, 0.266754, 0.352422, 0.355817, 0.441497, 0.445874, 0.634209, 0.660199, 0.759811, 0.795291, 0.956153, 1, 

Generation #4
42,11,0.001, 0.116884, 0.154052, 0.22258, 0.236505, 0.313727, 0.382254, 0.384531, 0.27203, 0.295451, 0.451738, 0.489807, 0.494196, 0.505303, 0.566918, 0.58086, 0.590506, 0.631216, 0.647833, 0.699886, 0.714632, 0.743321, 0.781512, 0.793148, 0.85389, 0.946788, 0.954468, 1, 

32,20,0.001, 0.0399852, 0.0735306, 0.110165, 0.115419, 0.125946, 0.428692, 0.694815, 0.974048, 1, 

37,12,0.001, 0.0191308, 0.0386982, 0.0559005, 0.0878337, 0.0906416, 0.0982375, 0.187595, 0.236325, 0.250107, 0.311946, 0.369071, 0.486463, 0.488269, 0.534628, 0.56506, 0.745689, 0.803101, 0.809455, 0.936547, 1, 

Generation #5
42,11,0.001, 0.116884, 0.154052, 0.22258, 0.236505, 0.313727, 0.382254, 0.384531, 0.27203, 0.295451, 0.451738, 0.489807, 0.494196, 0.505303, 0.566918, 0.58086, 0.590506, 0.631216, 0.647833, 0.699886, 0.714632, 0.743321, 0.781512, 0.793148, 0.85389, 0.946788, 0.954468, 1, 

32,20,0.001, 0.0399852, 0.0735306, 0.110165, 0.115419, 0.125946, 0.428692, 0.694815, 0.974048, 1, 

37,12,0.001, 0.0191308, 0.0386982, 0.0559005, 0.0878337, 0.0906416, 0.0982375, 0.187595, 0.236325, 0.250107, 0.311946, 0.369071, 0.486463, 0.488269, 0.534628, 0.56506, 0.745689, 0.803101, 0.809455, 0.936547, 1, 

Generation #6
32,20,0.001, 0.0399852, 0.0735306, 0.110165, 0.115419, 0.125946, 0.428692, 0.694815, 0.974048, 1, 

36,9,0.001, 0.103302, 0.196002, 0.208721, 0.233498, 0.287732, 0.310422, 0.542172, 0.560182, 0.571114, 0.521957, 0.579706, 0.70329, 0.721886, 0.742724, 0.862588, 0.91809, 0.953001, 0.969301, 1, 

Generation #7
32,20,0.001, 0.0399852, 0.0735306, 0.110165, 0.115419, 0.125946, 0.428692, 0.694815, 0.974048, 1, 

36,9,0.001, 0.103302, 0.196002, 0.208721, 0.233498, 0.287732, 0.310422, 0.542172, 0.560182, 0.571114, 0.521957, 0.579706, 0.70329, 0.721886, 0.742724, 0.862588, 0.91809, 0.953001, 0.969301, 1, 

33,10,0.001, 0.0657006, 0.103068, 0.116994, 0.147871, 0.155347, 0.15726, 0.17352, 0.283032, 0.323097, 0.521957, 0.579706, 0.70329, 0.872956, 0.923648, 0.955033, 1, 

Generation #8
32,20,0.001, 0.0399852, 0.0735306, 0.110165, 0.115419, 0.125946, 0.428692, 0.694815, 0.974048, 1, 

36,9,0.001, 0.103302, 0.196002, 0.208721, 0.233498, 0.287732, 0.310422, 0.542172, 0.560182, 0.571114, 0.521957, 0.579706, 0.70329, 0.721886, 0.742724, 0.862588, 0.91809, 0.953001, 0.969301, 1, 

33,10,0.001, 0.0657006, 0.103068, 0.116994, 0.147871, 0.155347, 0.15726, 0.17352, 0.283032, 0.323097, 0.521957, 0.579706, 0.70329, 0.872956, 0.923648, 0.955033, 1, 

Generation #9
32,20,0.001, 0.0399852, 0.0735306, 0.110165, 0.115419, 0.125946, 0.428692, 0.694815, 0.974048, 1, 

36,9,0.001, 0.103302, 0.196002, 0.208721, 0.233498, 0.287732, 0.310422, 0.542172, 0.560182, 0.571114, 0.521957, 0.579706, 0.70329, 0.721886, 0.742724, 0.862588, 0.91809, 0.953001, 0.969301, 1, 

33,10,0.001, 0.0657006, 0.103068, 0.116994, 0.147871, 0.155347, 0.15726, 0.17352, 0.283032, 0.323097, 0.521957, 0.579706, 0.70329, 0.872956, 0.923648, 0.955033, 1, 

Generation #10
32,20,0.001, 0.0399852, 0.0735306, 0.110165, 0.115419, 0.125946, 0.428692, 0.694815, 0.974048, 1, 

36,9,0.001, 0.103302, 0.196002, 0.208721, 0.233498, 0.287732, 0.310422, 0.542172, 0.560182, 0.571114, 0.521957, 0.579706, 0.70329, 0.721886, 0.742724, 0.862588, 0.91809, 0.953001, 0.969301, 1, 

33,10,0.001, 0.0657006, 0.103068, 0.116994, 0.147871, 0.155347, 0.15726, 0.17352, 0.283032, 0.323097, 0.521957, 0.579706, 0.70329, 0.872956, 0.923648, 0.955033, 1, 

Generation #11
36,9,0.001, 0.103302, 0.196002, 0.208721, 0.233498, 0.287732, 0.310422, 0.542172, 0.560182, 0.571114, 0.521957, 0.579706, 0.70329, 0.721886, 0.742724, 0.862588, 0.91809, 0.953001, 0.969301, 1, 

33,10,0.001, 0.0657006, 0.103068, 0.116994, 0.147871, 0.155347, 0.15726, 0.17352, 0.283032, 0.323097, 0.521957, 0.579706, 0.70329, 0.872956, 0.923648, 0.955033, 1, 

31,11,0.001, 0.090216, 0.100569, 0.115072, 0.127317, 0.155347, 0.15726, 0.17352, 0.283032, 0.323097, 0.749141, 0.862985, 0.942428, 1, 

Generation #12
30,9,0.001, 0.0990331, 0.216456, 0.221396, 0.227042, 0.293414, 0.249336, 0.261027, 0.27002, 0.278464, 0.446147, 0.437052, 0.44206, 0.520344, 1, 

Generation #13
30,9,0.001, 0.0990331, 0.216456, 0.221396, 0.227042, 0.293414, 0.249336, 0.261027, 0.27002, 0.278464, 0.446147, 0.437052, 0.44206, 0.520344, 1, 

Generation #14
30,9,0.001, 0.0990331, 0.216456, 0.221396, 0.227042, 0.293414, 0.249336, 0.261027, 0.27002, 0.278464, 0.446147, 0.437052, 0.44206, 0.520344, 1, 

Generation #15
30,9,0.001, 0.0990331, 0.216456, 0.221396, 0.227042, 0.293414, 0.249336, 0.261027, 0.27002, 0.278464, 0.446147, 0.437052, 0.44206, 0.520344, 1, 

Generation #16
30,9,0.001, 0.0990331, 0.216456, 0.221396, 0.227042, 0.293414, 0.249336, 0.261027, 0.27002, 0.278464, 0.446147, 0.437052, 0.44206, 0.520344, 1, 

Generation #17
30,9,0.001, 0.0990331, 0.216456, 0.221396, 0.227042, 0.293414, 0.249336, 0.261027, 0.27002, 0.278464, 0.446147, 0.437052, 0.44206, 0.520344, 1, 

Generation #18
30,9,0.001, 0.0990331, 0.216456, 0.221396, 0.227042, 0.293414, 0.249336, 0.261027, 0.27002, 0.278464, 0.446147, 0.437052, 0.44206, 0.520344, 1, 

Generation #19
30,9,0.001, 0.0990331, 0.216456, 0.221396, 0.227042, 0.293414, 0.249336, 0.261027, 0.27002, 0.278464, 0.446147, 0.437052, 0.44206, 0.520344, 1, 

Generation #20
30,9,0.001, 0.0990331, 0.216456, 0.221396, 0.227042, 0.293414, 0.249336, 0.261027, 0.27002, 0.278464, 0.446147, 0.437052, 0.44206, 0.520344, 1, 

Generation #21
30,9,0.001, 0.0990331, 0.216456, 0.221396, 0.227042, 0.293414, 0.249336, 0.261027, 0.27002, 0.278464, 0.446147, 0.437052, 0.44206, 0.520344, 1, 

Generation #22
30,9,0.001, 0.0990331, 0.216456, 0.221396, 0.227042, 0.293414, 0.249336, 0.261027, 0.27002, 0.278464, 0.446147, 0.437052, 0.44206, 0.520344, 1, 

46,8,0.001, 0.090216, 0.100569, 0.115072, 0.127317, 0.248039, 0.249336, 0.261027, 0.27002, 0.278464, 0.429074, 0.446147, 0.437052, 0.44206, 0.436808, 0.455208, 0.468697, 0.483281, 0.497905, 0.506623, 0.555619, 0.594746, 0.729042, 0.821059, 0.854066, 0.85836, 0.869818, 0.88554, 0.942907, 0.949507, 1, 

Generation #23
30,9,0.001, 0.0990331, 0.216456, 0.221396, 0.227042, 0.293414, 0.249336, 0.261027, 0.27002, 0.278464, 0.446147, 0.437052, 0.44206, 0.520344, 1, 

46,8,0.001, 0.090216, 0.100569, 0.115072, 0.127317, 0.248039, 0.249336, 0.261027, 0.27002, 0.278464, 0.429074, 0.446147, 0.437052, 0.44206, 0.436808, 0.455208, 0.468697, 0.483281, 0.497905, 0.506623, 0.555619, 0.594746, 0.729042, 0.821059, 0.854066, 0.85836, 0.869818, 0.88554, 0.942907, 0.949507, 1, 

Generation #24
30,9,0.001, 0.0990331, 0.216456, 0.221396, 0.227042, 0.293414, 0.249336, 0.261027, 0.27002, 0.278464, 0.446147, 0.437052, 0.44206, 0.520344, 1, 

46,8,0.001, 0.090216, 0.100569, 0.115072, 0.127317, 0.248039, 0.249336, 0.261027, 0.27002, 0.278464, 0.429074, 0.446147, 0.437052, 0.44206, 0.436808, 0.455208, 0.468697, 0.483281, 0.497905, 0.506623, 0.555619, 0.594746, 0.729042, 0.821059, 0.854066, 0.85836, 0.869818, 0.88554, 0.942907, 0.949507, 1, 

Generation #25
30,9,0.001, 0.0990331, 0.216456, 0.221396, 0.227042, 0.293414, 0.249336, 0.261027, 0.27002, 0.278464, 0.446147, 0.437052, 0.44206, 0.520344, 1, 

46,8,0.001, 0.090216, 0.100569, 0.115072, 0.127317, 0.248039, 0.249336, 0.261027, 0.27002, 0.278464, 0.429074, 0.446147, 0.437052, 0.44206, 0.436808, 0.455208, 0.468697, 0.483281, 0.497905, 0.506623, 0.555619, 0.594746, 0.729042, 0.821059, 0.854066, 0.85836, 0.869818, 0.88554, 0.942907, 0.949507, 1, 

Generation #26
30,9,0.001, 0.0990331, 0.216456, 0.221396, 0.227042, 0.293414, 0.249336, 0.261027, 0.27002, 0.278464, 0.446147, 0.437052, 0.44206, 0.520344, 1, 

46,8,0.001, 0.090216, 0.100569, 0.115072, 0.127317, 0.248039, 0.249336, 0.261027, 0.27002, 0.278464, 0.429074, 0.446147, 0.437052, 0.44206, 0.436808, 0.455208, 0.468697, 0.483281, 0.497905, 0.506623, 0.555619, 0.594746, 0.729042, 0.821059, 0.854066, 0.85836, 0.869818, 0.88554, 0.942907, 0.949507, 1, 

Generation #27
30,9,0.001, 0.0990331, 0.216456, 0.221396, 0.227042, 0.293414, 0.249336, 0.261027, 0.27002, 0.278464, 0.446147, 0.437052, 0.44206, 0.520344, 1, 

46,8,0.001, 0.090216, 0.100569, 0.115072, 0.127317, 0.248039, 0.249336, 0.261027, 0.27002, 0.278464, 0.429074, 0.446147, 0.437052, 0.44206, 0.436808, 0.455208, 0.468697, 0.483281, 0.497905, 0.506623, 0.555619, 0.594746, 0.729042, 0.821059, 0.854066, 0.85836, 0.869818, 0.88554, 0.942907, 0.949507, 1, 

Generation #28
30,9,0.001, 0.0990331, 0.216456, 0.221396, 0.227042, 0.293414, 0.249336, 0.261027, 0.27002, 0.278464, 0.446147, 0.437052, 0.44206, 0.520344, 1, 

46,8,0.001, 0.090216, 0.100569, 0.115072, 0.127317, 0.248039, 0.249336, 0.261027, 0.27002, 0.278464, 0.429074, 0.446147, 0.437052, 0.44206, 0.436808, 0.455208, 0.468697, 0.483281, 0.497905, 0.506623, 0.555619, 0.594746, 0.729042, 0.821059, 0.854066, 0.85836, 0.869818, 0.88554, 0.942907, 0.949507, 1, 

Generation #29
30,9,0.001, 0.0990331, 0.216456, 0.221396, 0.227042, 0.293414, 0.249336, 0.261027, 0.27002, 0.278464, 0.446147, 0.437052, 0.44206, 0.520344, 1, 

46,8,0.001, 0.090216, 0.100569, 0.115072, 0.127317, 0.248039, 0.249336, 0.261027, 0.27002, 0.278464, 0.429074, 0.446147, 0.437052, 0.44206, 0.436808, 0.455208, 0.468697, 0.483281, 0.497905, 0.506623, 0.555619, 0.594746, 0.729042, 0.821059, 0.854066, 0.85836, 0.869818, 0.88554, 0.942907, 0.949507, 1, 

Generation #30
30,9,0.001, 0.0990331, 0.216456, 0.221396, 0.227042, 0.293414, 0.249336, 0.261027, 0.27002, 0.278464, 0.446147, 0.437052, 0.44206, 0.520344, 1, 

46,8,0.001, 0.090216, 0.100569, 0.115072, 0.127317, 0.248039, 0.249336, 0.261027, 0.27002, 0.278464, 0.429074, 0.446147, 0.437052, 0.44206, 0.436808, 0.455208, 0.468697, 0.483281, 0.497905, 0.506623, 0.555619, 0.594746, 0.729042, 0.821059, 0.854066, 0.85836, 0.869818, 0.88554, 0.942907, 0.949507, 1, 

Generation #31
30,9,0.001, 0.0990331, 0.216456, 0.221396, 0.227042, 0.293414, 0.249336, 0.261027, 0.27002, 0.278464, 0.446147, 0.437052, 0.44206, 0.520344, 1, 

46,8,0.001, 0.090216, 0.100569, 0.115072, 0.127317, 0.248039, 0.249336, 0.261027, 0.27002, 0.278464, 0.429074, 0.446147, 0.437052, 0.44206, 0.436808, 0.455208, 0.468697, 0.483281, 0.497905, 0.506623, 0.555619, 0.594746, 0.729042, 0.821059, 0.854066, 0.85836, 0.869818, 0.88554, 0.942907, 0.949507, 1, 

Generation #32
30,9,0.001, 0.0990331, 0.216456, 0.221396, 0.227042, 0.293414, 0.249336, 0.261027, 0.27002, 0.278464, 0.446147, 0.437052, 0.44206, 0.520344, 1, 

46,8,0.001, 0.090216, 0.100569, 0.115072, 0.127317, 0.248039, 0.249336, 0.261027, 0.27002, 0.278464, 0.429074, 0.446147, 0.437052, 0.44206, 0.436808, 0.455208, 0.468697, 0.483281, 0.497905, 0.506623, 0.555619, 0.594746, 0.729042, 0.821059, 0.854066, 0.85836, 0.869818, 0.88554, 0.942907, 0.949507, 1, 

Generation #33
30,9,0.001, 0.0990331, 0.216456, 0.221396, 0.227042, 0.293414, 0.249336, 0.261027, 0.27002, 0.278464, 0.446147, 0.437052, 0.44206, 0.520344, 1, 

46,8,0.001, 0.090216, 0.100569, 0.115072, 0.127317, 0.248039, 0.249336, 0.261027, 0.27002, 0.278464, 0.429074, 0.446147, 0.437052, 0.44206, 0.436808, 0.455208, 0.468697, 0.483281, 0.497905, 0.506623, 0.555619, 0.594746, 0.729042, 0.821059, 0.854066, 0.85836, 0.869818, 0.88554, 0.942907, 0.949507, 1, 

Generation #34
30,9,0.001, 0.0990331, 0.216456, 0.221396, 0.227042, 0.293414, 0.249336, 0.261027, 0.27002, 0.278464, 0.446147, 0.437052, 0.44206, 0.520344, 1, 

46,8,0.001, 0.090216, 0.100569, 0.115072, 0.127317, 0.248039, 0.249336, 0.261027, 0.27002, 0.278464, 0.429074, 0.446147, 0.437052, 0.44206, 0.436808, 0.455208, 0.468697, 0.483281, 0.497905, 0.506623, 0.555619, 0.594746, 0.729042, 0.821059, 0.854066, 0.85836, 0.869818, 0.88554, 0.942907, 0.949507, 1, 

24,12,0.001, 0.090216, 0.110387, 0.0809872, 0.106054, 0.142029, 0.222919, 0.694815, 1, 

Generation #35
30,9,0.001, 0.0990331, 0.216456, 0.221396, 0.227042, 0.293414, 0.249336, 0.261027, 0.27002, 0.278464, 0.446147, 0.437052, 0.44206, 0.520344, 1, 

46,8,0.001, 0.090216, 0.100569, 0.115072, 0.127317, 0.248039, 0.249336, 0.261027, 0.27002, 0.278464, 0.429074, 0.446147, 0.437052, 0.44206, 0.436808, 0.455208, 0.468697, 0.483281, 0.497905, 0.506623, 0.555619, 0.594746, 0.729042, 0.821059, 0.854066, 0.85836, 0.869818, 0.88554, 0.942907, 0.949507, 1, 

24,12,0.001, 0.090216, 0.110387, 0.0809872, 0.106054, 0.142029, 0.222919, 0.694815, 1, 

Generation #36
46,8,0.001, 0.090216, 0.100569, 0.115072, 0.127317, 0.248039, 0.249336, 0.261027, 0.27002, 0.278464, 0.429074, 0.446147, 0.437052, 0.44206, 0.436808, 0.455208, 0.468697, 0.483281, 0.497905, 0.506623, 0.555619, 0.594746, 0.729042, 0.821059, 0.854066, 0.85836, 0.869818, 0.88554, 0.942907, 0.949507, 1, 

24,12,0.001, 0.090216, 0.110387, 0.0809872, 0.106054, 0.142029, 0.222919, 0.694815, 1, 

26,9,0.001, 0.0458277, 0.0703369, 0.0809872, 0.106054, 0.125946, 0.428692, 0.261027, 0.27002, 0.278464, 0.446147, 0.437052, 0.44206, 0.520344, 1, 

Generation #37
46,8,0.001, 0.090216, 0.100569, 0.115072, 0.127317, 0.248039, 0.249336, 0.261027, 0.27002, 0.278464, 0.429074, 0.446147, 0.437052, 0.44206, 0.436808, 0.455208, 0.468697, 0.483281, 0.497905, 0.506623, 0.555619, 0.594746, 0.729042, 0.821059, 0.854066, 0.85836, 0.869818, 0.88554, 0.942907, 0.949507, 1, 

24,12,0.001, 0.090216, 0.110387, 0.0809872, 0.106054, 0.142029, 0.222919, 0.694815, 1, 

26,9,0.001, 0.0458277, 0.0703369, 0.0809872, 0.106054, 0.125946, 0.428692, 0.261027, 0.27002, 0.278464, 0.446147, 0.437052, 0.44206, 0.520344, 1, 

Generation #38
46,8,0.001, 0.090216, 0.100569, 0.115072, 0.127317, 0.248039, 0.249336, 0.261027, 0.27002, 0.278464, 0.429074, 0.446147, 0.437052, 0.44206, 0.436808, 0.455208, 0.468697, 0.483281, 0.497905, 0.506623, 0.555619, 0.594746, 0.729042, 0.821059, 0.854066, 0.85836, 0.869818, 0.88554, 0.942907, 0.949507, 1, 

24,12,0.001, 0.090216, 0.110387, 0.0809872, 0.106054, 0.142029, 0.222919, 0.694815, 1, 

26,9,0.001, 0.0458277, 0.0703369, 0.0809872, 0.106054, 0.125946, 0.428692, 0.261027, 0.27002, 0.278464, 0.446147, 0.437052, 0.44206, 0.520344, 1, 

Generation #39
46,8,0.001, 0.090216, 0.100569, 0.115072, 0.127317, 0.248039, 0.249336, 0.261027, 0.27002, 0.278464, 0.429074, 0.446147, 0.437052, 0.44206, 0.436808, 0.455208, 0.468697, 0.483281, 0.497905, 0.506623, 0.555619, 0.594746, 0.729042, 0.821059, 0.854066, 0.85836, 0.869818, 0.88554, 0.942907, 0.949507, 1, 

24,12,0.001, 0.090216, 0.110387, 0.0809872, 0.106054, 0.142029, 0.222919, 0.694815, 1, 

26,9,0.001, 0.0458277, 0.0703369, 0.0809872, 0.106054, 0.125946, 0.428692, 0.261027, 0.27002, 0.278464, 0.446147, 0.437052, 0.44206, 0.520344, 1, 

Generation #40
46,8,0.001, 0.090216, 0.100569, 0.115072, 0.127317, 0.248039, 0.249336, 0.261027, 0.27002, 0.278464, 0.429074, 0.446147, 0.437052, 0.44206, 0.436808, 0.455208, 0.468697, 0.483281, 0.497905, 0.506623, 0.555619, 0.594746, 0.729042, 0.821059, 0.854066, 0.85836, 0.869818, 0.88554, 0.942907, 0.949507, 1, 

24,12,0.001, 0.090216, 0.110387, 0.0809872, 0.106054, 0.142029, 0.222919, 0.694815, 1, 

26,9,0.001, 0.0458277, 0.0703369, 0.0809872, 0.106054, 0.125946, 0.428692, 0.261027, 0.27002, 0.278464, 0.446147, 0.437052, 0.44206, 0.520344, 1, 

Generation #41
46,8,0.001, 0.090216, 0.100569, 0.115072, 0.127317, 0.248039, 0.249336, 0.261027, 0.27002, 0.278464, 0.429074, 0.446147, 0.437052, 0.44206, 0.436808, 0.455208, 0.468697, 0.483281, 0.497905, 0.506623, 0.555619, 0.594746, 0.729042, 0.821059, 0.854066, 0.85836, 0.869818, 0.88554, 0.942907, 0.949507, 1, 

24,12,0.001, 0.090216, 0.110387, 0.0809872, 0.106054, 0.142029, 0.222919, 0.694815, 1, 

26,9,0.001, 0.0458277, 0.0703369, 0.0809872, 0.106054, 0.125946, 0.428692, 0.261027, 0.27002, 0.278464, 0.446147, 0.437052, 0.44206, 0.520344, 1, 

Generation #42
46,8,0.001, 0.090216, 0.100569, 0.115072, 0.127317, 0.248039, 0.249336, 0.261027, 0.27002, 0.278464, 0.429074, 0.446147, 0.437052, 0.44206, 0.436808, 0.455208, 0.468697, 0.483281, 0.497905, 0.506623, 0.555619, 0.594746, 0.729042, 0.821059, 0.854066, 0.85836, 0.869818, 0.88554, 0.942907, 0.949507, 1, 

24,12,0.001, 0.090216, 0.110387, 0.0809872, 0.106054, 0.142029, 0.222919, 0.694815, 1, 

26,9,0.001, 0.0458277, 0.0703369, 0.0809872, 0.106054, 0.125946, 0.428692, 0.261027, 0.27002, 0.278464, 0.446147, 0.437052, 0.44206, 0.520344, 1, 

Generation #43
46,8,0.001, 0.090216, 0.100569, 0.115072, 0.127317, 0.248039, 0.249336, 0.261027, 0.27002, 0.278464, 0.429074, 0.446147, 0.437052, 0.44206, 0.436808, 0.455208, 0.468697, 0.483281, 0.497905, 0.506623, 0.555619, 0.594746, 0.729042, 0.821059, 0.854066, 0.85836, 0.869818, 0.88554, 0.942907, 0.949507, 1, 

24,12,0.001, 0.090216, 0.110387, 0.0809872, 0.106054, 0.142029, 0.222919, 0.694815, 1, 

26,9,0.001, 0.0458277, 0.0703369, 0.0809872, 0.106054, 0.125946, 0.428692, 0.261027, 0.27002, 0.278464, 0.446147, 0.437052, 0.44206, 0.520344, 1, 

Generation #44
46,8,0.001, 0.090216, 0.100569, 0.115072, 0.127317, 0.248039, 0.249336, 0.261027, 0.27002, 0.278464, 0.429074, 0.446147, 0.437052, 0.44206, 0.436808, 0.455208, 0.468697, 0.483281, 0.497905, 0.506623, 0.555619, 0.594746, 0.729042, 0.821059, 0.854066, 0.85836, 0.869818, 0.88554, 0.942907, 0.949507, 1, 

24,12,0.001, 0.090216, 0.110387, 0.0809872, 0.106054, 0.142029, 0.222919, 0.694815, 1, 

26,9,0.001, 0.0458277, 0.0703369, 0.0809872, 0.106054, 0.125946, 0.428692, 0.261027, 0.27002, 0.278464, 0.446147, 0.437052, 0.44206, 0.520344, 1, 

Generation #45
46,8,0.001, 0.090216, 0.100569, 0.115072, 0.127317, 0.248039, 0.249336, 0.261027, 0.27002, 0.278464, 0.429074, 0.446147, 0.437052, 0.44206, 0.436808, 0.455208, 0.468697, 0.483281, 0.497905, 0.506623, 0.555619, 0.594746, 0.729042, 0.821059, 0.854066, 0.85836, 0.869818, 0.88554, 0.942907, 0.949507, 1, 

24,12,0.001, 0.090216, 0.110387, 0.0809872, 0.106054, 0.142029, 0.222919, 0.694815, 1, 

26,9,0.001, 0.0458277, 0.0703369, 0.0809872, 0.106054, 0.125946, 0.428692, 0.261027, 0.27002, 0.278464, 0.446147, 0.437052, 0.44206, 0.520344, 1, 

Generation #46
46,8,0.001, 0.090216, 0.100569, 0.115072, 0.127317, 0.248039, 0.249336, 0.261027, 0.27002, 0.278464, 0.429074, 0.446147, 0.437052, 0.44206, 0.436808, 0.455208, 0.468697, 0.483281, 0.497905, 0.506623, 0.555619, 0.594746, 0.729042, 0.821059, 0.854066, 0.85836, 0.869818, 0.88554, 0.942907, 0.949507, 1, 

24,12,0.001, 0.090216, 0.110387, 0.0809872, 0.106054, 0.142029, 0.222919, 0.694815, 1, 

26,9,0.001, 0.0458277, 0.0703369, 0.0809872, 0.106054, 0.125946, 0.428692, 0.261027, 0.27002, 0.278464, 0.446147, 0.437052, 0.44206, 0.520344, 1, 

Generation #47
46,8,0.001, 0.090216, 0.100569, 0.115072, 0.127317, 0.248039, 0.249336, 0.261027, 0.27002, 0.278464, 0.429074, 0.446147, 0.437052, 0.44206, 0.436808, 0.455208, 0.468697, 0.483281, 0.497905, 0.506623, 0.555619, 0.594746, 0.729042, 0.821059, 0.854066, 0.85836, 0.869818, 0.88554, 0.942907, 0.949507, 1, 

24,12,0.001, 0.090216, 0.110387, 0.0809872, 0.106054, 0.142029, 0.222919, 0.694815, 1, 

26,9,0.001, 0.0458277, 0.0703369, 0.0809872, 0.106054, 0.125946, 0.428692, 0.261027, 0.27002, 0.278464, 0.446147, 0.437052, 0.44206, 0.520344, 1, 

Generation #48
46,8,0.001, 0.090216, 0.100569, 0.115072, 0.127317, 0.248039, 0.249336, 0.261027, 0.27002, 0.278464, 0.429074, 0.446147, 0.437052, 0.44206, 0.436808, 0.455208, 0.468697, 0.483281, 0.497905, 0.506623, 0.555619, 0.594746, 0.729042, 0.821059, 0.854066, 0.85836, 0.869818, 0.88554, 0.942907, 0.949507, 1, 

24,12,0.001, 0.090216, 0.110387, 0.0809872, 0.106054, 0.142029, 0.222919, 0.694815, 1, 

26,9,0.001, 0.0458277, 0.0703369, 0.0809872, 0.106054, 0.125946, 0.428692, 0.261027, 0.27002, 0.278464, 0.446147, 0.437052, 0.44206, 0.520344, 1, 

Generation #49
46,8,0.001, 0.090216, 0.100569, 0.115072, 0.127317, 0.248039, 0.249336, 0.261027, 0.27002, 0.278464, 0.429074, 0.446147, 0.437052, 0.44206, 0.436808, 0.455208, 0.468697, 0.483281, 0.497905, 0.506623, 0.555619, 0.594746, 0.729042, 0.821059, 0.854066, 0.85836, 0.869818, 0.88554, 0.942907, 0.949507, 1, 

24,12,0.001, 0.090216, 0.110387, 0.0809872, 0.106054, 0.142029, 0.222919, 0.694815, 1, 

26,9,0.001, 0.0458277, 0.0703369, 0.0809872, 0.106054, 0.125946, 0.428692, 0.261027, 0.27002, 0.278464, 0.446147, 0.437052, 0.44206, 0.520344, 1, 

N total=494, Time total=254, percents=0.001, 0.090216, 0.100569, 0.115072, 0.127317, 0.248039, 0.249336, 0.261027, 0.27002, 0.278464, 0.429074, 0.446147, 0.437052, 0.44206, 0.436808, 0.455208, 0.468697, 0.483281, 0.497905, 0.506623, 0.555619, 0.594746, 0.729042, 0.821059, 0.854066, 0.85836, 0.869818, 0.88554, 0.942907, 0.949507, 1, 

N total=472, Time total=258, percents=0.001, 0.090216, 0.110387, 0.0809872, 0.106054, 0.142029, 0.222919, 0.694815, 1, 

N total=474, Time total=255, percents=0.001, 0.0458277, 0.0703369, 0.0809872, 0.106054, 0.125946, 0.428692, 0.261027, 0.27002, 0.278464, 0.446147, 0.437052, 0.44206, 0.520344, 1, 

