------------d=1, t=2, lambda=1, filename=./evaluation/Mobile/Mobile_2_1.csv------------
Computing partitioned counts of d-sets...
Ready to look at pairs based on partitioned counts...
First Stage N=157, Time=2012
There are 143227 remaining non-locating pairs
Generation #0
304,5694,0.001, 0.0192819, 0.0378253, 0.0436689, 0.0488421, 0.126569, 0.176682, 0.209859, 0.221429, 0.300978, 0.30798, 0.31238, 0.403985, 0.428618, 0.466309, 0.477084, 0.480443, 0.516741, 0.598261, 0.60291, 0.664985, 0.665158, 0.675267, 0.722877, 0.734149, 0.744981, 0.775216, 0.791826, 0.832947, 0.942984, 1, 

289,35374,0.001, 0.228103, 0.317669, 0.342888, 0.345656, 0.37595, 0.602242, 0.631645, 0.711532, 0.712934, 0.810691, 0.879409, 1, 

311,5334,0.001, 0.0235501, 0.0278572, 0.0673173, 0.0836384, 0.0864389, 0.158656, 0.176569, 0.183534, 0.212071, 0.212473, 0.229874, 0.278894, 0.328678, 0.382116, 0.388795, 0.390942, 0.394486, 0.4106, 0.478931, 0.490735, 0.577507, 0.58295, 0.656479, 0.790041, 0.971768, 1, 

299,7099,0.001, 0.0324431, 0.0455655, 0.073143, 0.103517, 0.154117, 0.213493, 0.235176, 0.287924, 0.29615, 0.3056, 0.307592, 0.362031, 0.373905, 0.469255, 0.641315, 0.689143, 0.720659, 0.802766, 0.810145, 0.900286, 0.942871, 0.962562, 1, 

Generation #1
289,35374,0.001, 0.228103, 0.317669, 0.342888, 0.345656, 0.37595, 0.602242, 0.631645, 0.711532, 0.712934, 0.810691, 0.879409, 1, 

296,6179,0.001, 0.0354781, 0.068483, 0.10635, 0.124822, 0.222459, 0.356714, 0.271276, 0.311536, 0.32438, 0.39446, 0.810691, 0.879409, 1, 

301,4129,0.001, 0.0192819, 0.0378253, 0.0436689, 0.0488421, 0.126569, 0.176682, 0.456095, 0.483578, 0.590807, 0.723909, 0.777246, 0.854417, 0.875574, 0.970578, 1, 

Generation #2
289,35374,0.001, 0.228103, 0.317669, 0.342888, 0.345656, 0.37595, 0.602242, 0.631645, 0.711532, 0.712934, 0.810691, 0.879409, 1, 

296,6179,0.001, 0.0354781, 0.068483, 0.10635, 0.124822, 0.222459, 0.356714, 0.271276, 0.311536, 0.32438, 0.39446, 0.810691, 0.879409, 1, 

301,4129,0.001, 0.0192819, 0.0378253, 0.0436689, 0.0488421, 0.126569, 0.176682, 0.456095, 0.483578, 0.590807, 0.723909, 0.777246, 0.854417, 0.875574, 0.970578, 1, 

Generation #3
289,35374,0.001, 0.228103, 0.317669, 0.342888, 0.345656, 0.37595, 0.602242, 0.631645, 0.711532, 0.712934, 0.810691, 0.879409, 1, 

296,6179,0.001, 0.0354781, 0.068483, 0.10635, 0.124822, 0.222459, 0.356714, 0.271276, 0.311536, 0.32438, 0.39446, 0.810691, 0.879409, 1, 

301,4129,0.001, 0.0192819, 0.0378253, 0.0436689, 0.0488421, 0.126569, 0.176682, 0.456095, 0.483578, 0.590807, 0.723909, 0.777246, 0.854417, 0.875574, 0.970578, 1, 

300,6144,0.001, 0.0250035, 0.0346475, 0.160651, 0.171957, 0.213287, 0.228891, 0.245044, 0.248861, 0.288042, 0.394181, 0.403664, 0.464555, 0.508211, 0.531955, 0.57118, 0.272205, 0.946469, 1, 

310,3785,0.001, 0.026976, 0.038055, 0.0615289, 0.0820275, 0.213287, 0.228891, 0.249238, 0.267404, 0.270401, 0.356811, 0.390622, 0.421565, 0.478526, 0.520061, 0.522452, 0.593141, 0.617118, 0.620662, 0.663249, 0.725134, 0.80163, 0.80548, 0.860025, 0.872087, 0.922062, 0.950187, 1, 

Generation #4
289,35374,0.001, 0.228103, 0.317669, 0.342888, 0.345656, 0.37595, 0.602242, 0.631645, 0.711532, 0.712934, 0.810691, 0.879409, 1, 

301,4129,0.001, 0.0192819, 0.0378253, 0.0436689, 0.0488421, 0.126569, 0.176682, 0.456095, 0.483578, 0.590807, 0.723909, 0.777246, 0.854417, 0.875574, 0.970578, 1, 

310,3785,0.001, 0.026976, 0.038055, 0.0615289, 0.0820275, 0.213287, 0.228891, 0.249238, 0.267404, 0.270401, 0.356811, 0.390622, 0.421565, 0.478526, 0.520061, 0.522452, 0.593141, 0.617118, 0.620662, 0.663249, 0.725134, 0.80163, 0.80548, 0.860025, 0.872087, 0.922062, 0.950187, 1, 

296,4987,0.001, 0.026976, 0.038055, 0.0615289, 0.0820275, 0.439838, 0.51483, 0.549997, 0.58264, 0.645138, 0.675279, 0.708491, 0.708617, 0.748482, 0.921082, 0.929627, 0.949475, 1, 

294,6584,0.001, 0.0250035, 0.0346475, 0.160651, 0.171957, 0.213287, 0.228891, 0.249238, 0.396616, 0.480891, 0.810691, 0.879409, 1, 

Generation #5
289,35374,0.001, 0.228103, 0.317669, 0.342888, 0.345656, 0.37595, 0.602242, 0.631645, 0.711532, 0.712934, 0.810691, 0.879409, 1, 

301,4129,0.001, 0.0192819, 0.0378253, 0.0436689, 0.0488421, 0.126569, 0.176682, 0.456095, 0.483578, 0.590807, 0.723909, 0.777246, 0.854417, 0.875574, 0.970578, 1, 

310,3785,0.001, 0.026976, 0.038055, 0.0615289, 0.0820275, 0.213287, 0.228891, 0.249238, 0.267404, 0.270401, 0.356811, 0.390622, 0.421565, 0.478526, 0.520061, 0.522452, 0.593141, 0.617118, 0.620662, 0.663249, 0.725134, 0.80163, 0.80548, 0.860025, 0.872087, 0.922062, 0.950187, 1, 

296,4987,0.001, 0.026976, 0.038055, 0.0615289, 0.0820275, 0.439838, 0.51483, 0.549997, 0.58264, 0.645138, 0.675279, 0.708491, 0.708617, 0.748482, 0.921082, 0.929627, 0.949475, 1, 

294,6584,0.001, 0.0250035, 0.0346475, 0.160651, 0.171957, 0.213287, 0.228891, 0.249238, 0.396616, 0.480891, 0.810691, 0.879409, 1, 

309,3906,0.001, 0.0192819, 0.0378253, 0.0673173, 0.0836384, 0.0864389, 0.158656, 0.176569, 0.183534, 0.212071, 0.212473, 0.229874, 0.278894, 0.328678, 0.382116, 0.388795, 0.390942, 0.394486, 0.4106, 0.478931, 0.490735, 0.577507, 0.58295, 0.656479, 0.790041, 0.971768, 1, 

Generation #6
289,35374,0.001, 0.228103, 0.317669, 0.342888, 0.345656, 0.37595, 0.602242, 0.631645, 0.711532, 0.712934, 0.810691, 0.879409, 1, 

301,4129,0.001, 0.0192819, 0.0378253, 0.0436689, 0.0488421, 0.126569, 0.176682, 0.456095, 0.483578, 0.590807, 0.723909, 0.777246, 0.854417, 0.875574, 0.970578, 1, 

296,4987,0.001, 0.026976, 0.038055, 0.0615289, 0.0820275, 0.439838, 0.51483, 0.549997, 0.58264, 0.645138, 0.675279, 0.708491, 0.708617, 0.748482, 0.921082, 0.929627, 0.949475, 1, 

294,6584,0.001, 0.0250035, 0.0346475, 0.160651, 0.171957, 0.213287, 0.228891, 0.249238, 0.396616, 0.480891, 0.810691, 0.879409, 1, 

299,4603,0.001, 0.0192819, 0.0378253, 0.0436689, 0.0488421, 0.126569, 0.176682, 0.209859, 0.221429, 0.300978, 0.30798, 0.31238, 0.403985, 0.428618, 0.466309, 0.477084, 1, 

306,3754,0.001, 0.0235501, 0.0278572, 0.0673173, 0.0836384, 0.0864389, 0.158656, 0.176569, 0.183534, 0.415669, 0.458444, 0.461614, 0.463928, 0.912383, 0.608487, 0.633539, 0.758794, 0.761124, 0.793773, 0.82423, 0.888736, 0.907149, 0.940859, 0.965071, 1, 

Generation #7
289,35374,0.001, 0.228103, 0.317669, 0.342888, 0.345656, 0.37595, 0.602242, 0.631645, 0.711532, 0.712934, 0.810691, 0.879409, 1, 

299,4603,0.001, 0.0192819, 0.0378253, 0.0436689, 0.0488421, 0.126569, 0.176682, 0.209859, 0.221429, 0.300978, 0.30798, 0.31238, 0.403985, 0.428618, 0.466309, 0.477084, 1, 

292,4879,0.001, 0.0235501, 0.0278572, 0.0673173, 0.0489427, 0.0864389, 0.158656, 0.176569, 0.183534, 0.415669, 0.458444, 0.879409, 1, 

303,3722,0.001, 0.0192819, 0.0378253, 0.0615289, 0.0820275, 0.126569, 0.209859, 0.221429, 0.300978, 0.30798, 0.31238, 0.403985, 0.428618, 0.466309, 0.477084, 0.480443, 0.516741, 0.598261, 0.659565, 0.72473, 0.726782, 0.748975, 1, 

301,3937,0.001, 0.0235501, 0.0278572, 0.0673173, 0.0836384, 0.0864389, 0.373903, 0.463656, 0.471602, 0.784036, 0.798912, 1, 

Generation #8
289,35374,0.001, 0.228103, 0.317669, 0.342888, 0.345656, 0.37595, 0.602242, 0.631645, 0.711532, 0.712934, 0.810691, 0.879409, 1, 

292,4879,0.001, 0.0235501, 0.0278572, 0.0673173, 0.0489427, 0.0864389, 0.158656, 0.176569, 0.183534, 0.415669, 0.458444, 0.879409, 1, 

303,3722,0.001, 0.0192819, 0.0378253, 0.0615289, 0.0820275, 0.126569, 0.209859, 0.221429, 0.300978, 0.30798, 0.31238, 0.403985, 0.428618, 0.466309, 0.477084, 0.480443, 0.516741, 0.598261, 0.659565, 0.72473, 0.726782, 0.748975, 1, 

301,3937,0.001, 0.0235501, 0.0278572, 0.0673173, 0.0836384, 0.0864389, 0.373903, 0.463656, 0.471602, 0.784036, 0.798912, 1, 

296,4311,0.001, 0.0278572, 0.0378253, 0.0315152, 0.0436689, 0.0446583, 0.0488421, 0.126569, 0.176682, 0.456095, 0.248861, 0.288042, 0.394181, 0.854417, 0.875574, 0.970578, 1, 

305,3686,0.001, 0.0192819, 0.0378253, 0.0673173, 0.0836384, 0.0864389, 0.158656, 0.176569, 0.183534, 0.212071, 0.212473, 0.229874, 0.278894, 0.328678, 0.382116, 0.388795, 0.390942, 0.394486, 0.4106, 0.478931, 0.490735, 0.577507, 0.58295, 0.656479, 0.790041, 0.971768, 1, 

291,5956,0.001, 0.0278572, 0.0673173, 0.0836384, 0.0864389, 0.158656, 0.176569, 0.183534, 0.212071, 0.810691, 0.879409, 1, 

Generation #9
289,35374,0.001, 0.228103, 0.317669, 0.342888, 0.345656, 0.37595, 0.602242, 0.631645, 0.711532, 0.712934, 0.810691, 0.879409, 1, 

292,4879,0.001, 0.0235501, 0.0278572, 0.0673173, 0.0489427, 0.0864389, 0.158656, 0.176569, 0.183534, 0.415669, 0.458444, 0.879409, 1, 

303,3722,0.001, 0.0192819, 0.0378253, 0.0615289, 0.0820275, 0.126569, 0.209859, 0.221429, 0.300978, 0.30798, 0.31238, 0.403985, 0.428618, 0.466309, 0.477084, 0.480443, 0.516741, 0.598261, 0.659565, 0.72473, 0.726782, 0.748975, 1, 

301,3937,0.001, 0.0235501, 0.0278572, 0.0673173, 0.0836384, 0.0864389, 0.373903, 0.463656, 0.471602, 0.784036, 0.798912, 1, 

296,4311,0.001, 0.0278572, 0.0378253, 0.0315152, 0.0436689, 0.0446583, 0.0488421, 0.126569, 0.176682, 0.456095, 0.248861, 0.288042, 0.394181, 0.854417, 0.875574, 0.970578, 1, 

305,3686,0.001, 0.0192819, 0.0378253, 0.0673173, 0.0836384, 0.0864389, 0.158656, 0.176569, 0.183534, 0.212071, 0.212473, 0.229874, 0.278894, 0.328678, 0.382116, 0.388795, 0.390942, 0.394486, 0.4106, 0.478931, 0.490735, 0.577507, 0.58295, 0.656479, 0.790041, 0.971768, 1, 

290,5547,0.001, 0.024165, 0.0623982, 0.163275, 0.168537, 0.193728, 0.205286, 0.20709, 0.29463, 0.317925, 0.798912, 1, 

Generation #10
303,3722,0.001, 0.0192819, 0.0378253, 0.0615289, 0.0820275, 0.126569, 0.209859, 0.221429, 0.300978, 0.30798, 0.31238, 0.403985, 0.428618, 0.466309, 0.477084, 0.480443, 0.516741, 0.598261, 0.659565, 0.72473, 0.726782, 0.748975, 1, 

305,3686,0.001, 0.0192819, 0.0378253, 0.0673173, 0.0836384, 0.0864389, 0.158656, 0.176569, 0.183534, 0.212071, 0.212473, 0.229874, 0.278894, 0.328678, 0.382116, 0.388795, 0.390942, 0.394486, 0.4106, 0.478931, 0.490735, 0.577507, 0.58295, 0.656479, 0.790041, 0.971768, 1, 

291,4660,0.001, 0.026976, 0.038055, 0.0615289, 0.0820275, 0.213287, 0.373903, 0.463656, 0.248861, 0.288042, 0.394181, 1, 

288,4859,0.001, 0.0192819, 0.0378253, 0.0673173, 0.0836384, 0.0864389, 0.158656, 0.176569, 0.183534, 0.300978, 0.30798, 0.31238, 0.403985, 0.428618, 0.466309, 0.477084, 1, 

294,3874,0.001, 0.0192819, 0.0378253, 0.0436689, 0.0488421, 0.126569, 0.209859, 0.176569, 0.183534, 0.415669, 1, 

Generation #11
303,3722,0.001, 0.0192819, 0.0378253, 0.0615289, 0.0820275, 0.126569, 0.209859, 0.221429, 0.300978, 0.30798, 0.31238, 0.403985, 0.428618, 0.466309, 0.477084, 0.480443, 0.516741, 0.598261, 0.659565, 0.72473, 0.726782, 0.748975, 1, 

305,3686,0.001, 0.0192819, 0.0378253, 0.0673173, 0.0836384, 0.0864389, 0.158656, 0.176569, 0.183534, 0.212071, 0.212473, 0.229874, 0.278894, 0.328678, 0.382116, 0.388795, 0.390942, 0.394486, 0.4106, 0.478931, 0.490735, 0.577507, 0.58295, 0.656479, 0.790041, 0.971768, 1, 

291,4660,0.001, 0.026976, 0.038055, 0.0615289, 0.0820275, 0.213287, 0.373903, 0.463656, 0.248861, 0.288042, 0.394181, 1, 

288,4859,0.001, 0.0192819, 0.0378253, 0.0673173, 0.0836384, 0.0864389, 0.158656, 0.176569, 0.183534, 0.300978, 0.30798, 0.31238, 0.403985, 0.428618, 0.466309, 0.477084, 1, 

294,3874,0.001, 0.0192819, 0.0378253, 0.0436689, 0.0488421, 0.126569, 0.209859, 0.176569, 0.183534, 0.415669, 1, 

308,3602,0.001, 0.0192819, 0.0378253, 0.0436689, 0.0488421, 0.126569, 0.209859, 0.221429, 0.300978, 0.30798, 0.31238, 0.403985, 0.428618, 0.466309, 0.921082, 0.929627, 0.949475, 1, 

Generation #12
303,3722,0.001, 0.0192819, 0.0378253, 0.0615289, 0.0820275, 0.126569, 0.209859, 0.221429, 0.300978, 0.30798, 0.31238, 0.403985, 0.428618, 0.466309, 0.477084, 0.480443, 0.516741, 0.598261, 0.659565, 0.72473, 0.726782, 0.748975, 1, 

305,3686,0.001, 0.0192819, 0.0378253, 0.0673173, 0.0836384, 0.0864389, 0.158656, 0.176569, 0.183534, 0.212071, 0.212473, 0.229874, 0.278894, 0.328678, 0.382116, 0.388795, 0.390942, 0.394486, 0.4106, 0.478931, 0.490735, 0.577507, 0.58295, 0.656479, 0.790041, 0.971768, 1, 

291,4660,0.001, 0.026976, 0.038055, 0.0615289, 0.0820275, 0.213287, 0.373903, 0.463656, 0.248861, 0.288042, 0.394181, 1, 

288,4859,0.001, 0.0192819, 0.0378253, 0.0673173, 0.0836384, 0.0864389, 0.158656, 0.176569, 0.183534, 0.300978, 0.30798, 0.31238, 0.403985, 0.428618, 0.466309, 0.477084, 1, 

294,3874,0.001, 0.0192819, 0.0378253, 0.0436689, 0.0488421, 0.126569, 0.209859, 0.176569, 0.183534, 0.415669, 1, 

308,3602,0.001, 0.0192819, 0.0378253, 0.0436689, 0.0488421, 0.126569, 0.209859, 0.221429, 0.300978, 0.30798, 0.31238, 0.403985, 0.428618, 0.466309, 0.921082, 0.929627, 0.949475, 1, 

287,5157,0.001, 0.0235501, 0.0278572, 0.0673173, 0.0489427, 0.0864389, 0.158656, 0.176569, 0.183534, 0.415669, 0.798912, 1, 

Generation #13
303,3722,0.001, 0.0192819, 0.0378253, 0.0615289, 0.0820275, 0.126569, 0.209859, 0.221429, 0.300978, 0.30798, 0.31238, 0.403985, 0.428618, 0.466309, 0.477084, 0.480443, 0.516741, 0.598261, 0.659565, 0.72473, 0.726782, 0.748975, 1, 

305,3686,0.001, 0.0192819, 0.0378253, 0.0673173, 0.0836384, 0.0864389, 0.158656, 0.176569, 0.183534, 0.212071, 0.212473, 0.229874, 0.278894, 0.328678, 0.382116, 0.388795, 0.390942, 0.394486, 0.4106, 0.478931, 0.490735, 0.577507, 0.58295, 0.656479, 0.790041, 0.971768, 1, 

291,4660,0.001, 0.026976, 0.038055, 0.0615289, 0.0820275, 0.213287, 0.373903, 0.463656, 0.248861, 0.288042, 0.394181, 1, 

288,4859,0.001, 0.0192819, 0.0378253, 0.0673173, 0.0836384, 0.0864389, 0.158656, 0.176569, 0.183534, 0.300978, 0.30798, 0.31238, 0.403985, 0.428618, 0.466309, 0.477084, 1, 

294,3874,0.001, 0.0192819, 0.0378253, 0.0436689, 0.0488421, 0.126569, 0.209859, 0.176569, 0.183534, 0.415669, 1, 

308,3602,0.001, 0.0192819, 0.0378253, 0.0436689, 0.0488421, 0.126569, 0.209859, 0.221429, 0.300978, 0.30798, 0.31238, 0.403985, 0.428618, 0.466309, 0.921082, 0.929627, 0.949475, 1, 

287,5157,0.001, 0.0235501, 0.0278572, 0.0673173, 0.0489427, 0.0864389, 0.158656, 0.176569, 0.183534, 0.415669, 0.798912, 1, 

Generation #14
303,3722,0.001, 0.0192819, 0.0378253, 0.0615289, 0.0820275, 0.126569, 0.209859, 0.221429, 0.300978, 0.30798, 0.31238, 0.403985, 0.428618, 0.466309, 0.477084, 0.480443, 0.516741, 0.598261, 0.659565, 0.72473, 0.726782, 0.748975, 1, 

305,3686,0.001, 0.0192819, 0.0378253, 0.0673173, 0.0836384, 0.0864389, 0.158656, 0.176569, 0.183534, 0.212071, 0.212473, 0.229874, 0.278894, 0.328678, 0.382116, 0.388795, 0.390942, 0.394486, 0.4106, 0.478931, 0.490735, 0.577507, 0.58295, 0.656479, 0.790041, 0.971768, 1, 

291,4660,0.001, 0.026976, 0.038055, 0.0615289, 0.0820275, 0.213287, 0.373903, 0.463656, 0.248861, 0.288042, 0.394181, 1, 

288,4859,0.001, 0.0192819, 0.0378253, 0.0673173, 0.0836384, 0.0864389, 0.158656, 0.176569, 0.183534, 0.300978, 0.30798, 0.31238, 0.403985, 0.428618, 0.466309, 0.477084, 1, 

294,3874,0.001, 0.0192819, 0.0378253, 0.0436689, 0.0488421, 0.126569, 0.209859, 0.176569, 0.183534, 0.415669, 1, 

308,3602,0.001, 0.0192819, 0.0378253, 0.0436689, 0.0488421, 0.126569, 0.209859, 0.221429, 0.300978, 0.30798, 0.31238, 0.403985, 0.428618, 0.466309, 0.921082, 0.929627, 0.949475, 1, 

287,5157,0.001, 0.0235501, 0.0278572, 0.0673173, 0.0489427, 0.0864389, 0.158656, 0.176569, 0.183534, 0.415669, 0.798912, 1, 

Generation #15
303,3722,0.001, 0.0192819, 0.0378253, 0.0615289, 0.0820275, 0.126569, 0.209859, 0.221429, 0.300978, 0.30798, 0.31238, 0.403985, 0.428618, 0.466309, 0.477084, 0.480443, 0.516741, 0.598261, 0.659565, 0.72473, 0.726782, 0.748975, 1, 

305,3686,0.001, 0.0192819, 0.0378253, 0.0673173, 0.0836384, 0.0864389, 0.158656, 0.176569, 0.183534, 0.212071, 0.212473, 0.229874, 0.278894, 0.328678, 0.382116, 0.388795, 0.390942, 0.394486, 0.4106, 0.478931, 0.490735, 0.577507, 0.58295, 0.656479, 0.790041, 0.971768, 1, 

291,4660,0.001, 0.026976, 0.038055, 0.0615289, 0.0820275, 0.213287, 0.373903, 0.463656, 0.248861, 0.288042, 0.394181, 1, 

288,4859,0.001, 0.0192819, 0.0378253, 0.0673173, 0.0836384, 0.0864389, 0.158656, 0.176569, 0.183534, 0.300978, 0.30798, 0.31238, 0.403985, 0.428618, 0.466309, 0.477084, 1, 

294,3874,0.001, 0.0192819, 0.0378253, 0.0436689, 0.0488421, 0.126569, 0.209859, 0.176569, 0.183534, 0.415669, 1, 

308,3602,0.001, 0.0192819, 0.0378253, 0.0436689, 0.0488421, 0.126569, 0.209859, 0.221429, 0.300978, 0.30798, 0.31238, 0.403985, 0.428618, 0.466309, 0.921082, 0.929627, 0.949475, 1, 

287,5157,0.001, 0.0235501, 0.0278572, 0.0673173, 0.0489427, 0.0864389, 0.158656, 0.176569, 0.183534, 0.415669, 0.798912, 1, 

296,3795,0.001, 0.0235501, 0.0278572, 0.0673173, 0.0489427, 0.0864389, 0.158656, 0.183534, 0.317925, 0.798912, 1, 

Generation #16
303,3722,0.001, 0.0192819, 0.0378253, 0.0615289, 0.0820275, 0.126569, 0.209859, 0.221429, 0.300978, 0.30798, 0.31238, 0.403985, 0.428618, 0.466309, 0.477084, 0.480443, 0.516741, 0.598261, 0.659565, 0.72473, 0.726782, 0.748975, 1, 

305,3686,0.001, 0.0192819, 0.0378253, 0.0673173, 0.0836384, 0.0864389, 0.158656, 0.176569, 0.183534, 0.212071, 0.212473, 0.229874, 0.278894, 0.328678, 0.382116, 0.388795, 0.390942, 0.394486, 0.4106, 0.478931, 0.490735, 0.577507, 0.58295, 0.656479, 0.790041, 0.971768, 1, 

291,4660,0.001, 0.026976, 0.038055, 0.0615289, 0.0820275, 0.213287, 0.373903, 0.463656, 0.248861, 0.288042, 0.394181, 1, 

288,4859,0.001, 0.0192819, 0.0378253, 0.0673173, 0.0836384, 0.0864389, 0.158656, 0.176569, 0.183534, 0.300978, 0.30798, 0.31238, 0.403985, 0.428618, 0.466309, 0.477084, 1, 

294,3874,0.001, 0.0192819, 0.0378253, 0.0436689, 0.0488421, 0.126569, 0.209859, 0.176569, 0.183534, 0.415669, 1, 

308,3602,0.001, 0.0192819, 0.0378253, 0.0436689, 0.0488421, 0.126569, 0.209859, 0.221429, 0.300978, 0.30798, 0.31238, 0.403985, 0.428618, 0.466309, 0.921082, 0.929627, 0.949475, 1, 

287,5157,0.001, 0.0235501, 0.0278572, 0.0673173, 0.0489427, 0.0864389, 0.158656, 0.176569, 0.183534, 0.415669, 0.798912, 1, 

296,3795,0.001, 0.0235501, 0.0278572, 0.0673173, 0.0489427, 0.0864389, 0.158656, 0.183534, 0.317925, 0.798912, 1, 

Generation #17
303,3722,0.001, 0.0192819, 0.0378253, 0.0615289, 0.0820275, 0.126569, 0.209859, 0.221429, 0.300978, 0.30798, 0.31238, 0.403985, 0.428618, 0.466309, 0.477084, 0.480443, 0.516741, 0.598261, 0.659565, 0.72473, 0.726782, 0.748975, 1, 

305,3686,0.001, 0.0192819, 0.0378253, 0.0673173, 0.0836384, 0.0864389, 0.158656, 0.176569, 0.183534, 0.212071, 0.212473, 0.229874, 0.278894, 0.328678, 0.382116, 0.388795, 0.390942, 0.394486, 0.4106, 0.478931, 0.490735, 0.577507, 0.58295, 0.656479, 0.790041, 0.971768, 1, 

291,4660,0.001, 0.026976, 0.038055, 0.0615289, 0.0820275, 0.213287, 0.373903, 0.463656, 0.248861, 0.288042, 0.394181, 1, 

288,4859,0.001, 0.0192819, 0.0378253, 0.0673173, 0.0836384, 0.0864389, 0.158656, 0.176569, 0.183534, 0.300978, 0.30798, 0.31238, 0.403985, 0.428618, 0.466309, 0.477084, 1, 

294,3874,0.001, 0.0192819, 0.0378253, 0.0436689, 0.0488421, 0.126569, 0.209859, 0.176569, 0.183534, 0.415669, 1, 

308,3602,0.001, 0.0192819, 0.0378253, 0.0436689, 0.0488421, 0.126569, 0.209859, 0.221429, 0.300978, 0.30798, 0.31238, 0.403985, 0.428618, 0.466309, 0.921082, 0.929627, 0.949475, 1, 

287,5157,0.001, 0.0235501, 0.0278572, 0.0673173, 0.0489427, 0.0864389, 0.158656, 0.176569, 0.183534, 0.415669, 0.798912, 1, 

296,3795,0.001, 0.0235501, 0.0278572, 0.0673173, 0.0489427, 0.0864389, 0.158656, 0.183534, 0.317925, 0.798912, 1, 

Generation #18
303,3722,0.001, 0.0192819, 0.0378253, 0.0615289, 0.0820275, 0.126569, 0.209859, 0.221429, 0.300978, 0.30798, 0.31238, 0.403985, 0.428618, 0.466309, 0.477084, 0.480443, 0.516741, 0.598261, 0.659565, 0.72473, 0.726782, 0.748975, 1, 

305,3686,0.001, 0.0192819, 0.0378253, 0.0673173, 0.0836384, 0.0864389, 0.158656, 0.176569, 0.183534, 0.212071, 0.212473, 0.229874, 0.278894, 0.328678, 0.382116, 0.388795, 0.390942, 0.394486, 0.4106, 0.478931, 0.490735, 0.577507, 0.58295, 0.656479, 0.790041, 0.971768, 1, 

291,4660,0.001, 0.026976, 0.038055, 0.0615289, 0.0820275, 0.213287, 0.373903, 0.463656, 0.248861, 0.288042, 0.394181, 1, 

288,4859,0.001, 0.0192819, 0.0378253, 0.0673173, 0.0836384, 0.0864389, 0.158656, 0.176569, 0.183534, 0.300978, 0.30798, 0.31238, 0.403985, 0.428618, 0.466309, 0.477084, 1, 

294,3874,0.001, 0.0192819, 0.0378253, 0.0436689, 0.0488421, 0.126569, 0.209859, 0.176569, 0.183534, 0.415669, 1, 

308,3602,0.001, 0.0192819, 0.0378253, 0.0436689, 0.0488421, 0.126569, 0.209859, 0.221429, 0.300978, 0.30798, 0.31238, 0.403985, 0.428618, 0.466309, 0.921082, 0.929627, 0.949475, 1, 

287,5157,0.001, 0.0235501, 0.0278572, 0.0673173, 0.0489427, 0.0864389, 0.158656, 0.176569, 0.183534, 0.415669, 0.798912, 1, 

296,3795,0.001, 0.0235501, 0.0278572, 0.0673173, 0.0489427, 0.0864389, 0.158656, 0.183534, 0.317925, 0.798912, 1, 

Generation #19
303,3722,0.001, 0.0192819, 0.0378253, 0.0615289, 0.0820275, 0.126569, 0.209859, 0.221429, 0.300978, 0.30798, 0.31238, 0.403985, 0.428618, 0.466309, 0.477084, 0.480443, 0.516741, 0.598261, 0.659565, 0.72473, 0.726782, 0.748975, 1, 

305,3686,0.001, 0.0192819, 0.0378253, 0.0673173, 0.0836384, 0.0864389, 0.158656, 0.176569, 0.183534, 0.212071, 0.212473, 0.229874, 0.278894, 0.328678, 0.382116, 0.388795, 0.390942, 0.394486, 0.4106, 0.478931, 0.490735, 0.577507, 0.58295, 0.656479, 0.790041, 0.971768, 1, 

291,4660,0.001, 0.026976, 0.038055, 0.0615289, 0.0820275, 0.213287, 0.373903, 0.463656, 0.248861, 0.288042, 0.394181, 1, 

288,4859,0.001, 0.0192819, 0.0378253, 0.0673173, 0.0836384, 0.0864389, 0.158656, 0.176569, 0.183534, 0.300978, 0.30798, 0.31238, 0.403985, 0.428618, 0.466309, 0.477084, 1, 

294,3874,0.001, 0.0192819, 0.0378253, 0.0436689, 0.0488421, 0.126569, 0.209859, 0.176569, 0.183534, 0.415669, 1, 

308,3602,0.001, 0.0192819, 0.0378253, 0.0436689, 0.0488421, 0.126569, 0.209859, 0.221429, 0.300978, 0.30798, 0.31238, 0.403985, 0.428618, 0.466309, 0.921082, 0.929627, 0.949475, 1, 

287,5157,0.001, 0.0235501, 0.0278572, 0.0673173, 0.0489427, 0.0864389, 0.158656, 0.176569, 0.183534, 0.415669, 0.798912, 1, 

296,3795,0.001, 0.0235501, 0.0278572, 0.0673173, 0.0489427, 0.0864389, 0.158656, 0.183534, 0.317925, 0.798912, 1, 

Generation #20
303,3722,0.001, 0.0192819, 0.0378253, 0.0615289, 0.0820275, 0.126569, 0.209859, 0.221429, 0.300978, 0.30798, 0.31238, 0.403985, 0.428618, 0.466309, 0.477084, 0.480443, 0.516741, 0.598261, 0.659565, 0.72473, 0.726782, 0.748975, 1, 

305,3686,0.001, 0.0192819, 0.0378253, 0.0673173, 0.0836384, 0.0864389, 0.158656, 0.176569, 0.183534, 0.212071, 0.212473, 0.229874, 0.278894, 0.328678, 0.382116, 0.388795, 0.390942, 0.394486, 0.4106, 0.478931, 0.490735, 0.577507, 0.58295, 0.656479, 0.790041, 0.971768, 1, 

291,4660,0.001, 0.026976, 0.038055, 0.0615289, 0.0820275, 0.213287, 0.373903, 0.463656, 0.248861, 0.288042, 0.394181, 1, 

288,4859,0.001, 0.0192819, 0.0378253, 0.0673173, 0.0836384, 0.0864389, 0.158656, 0.176569, 0.183534, 0.300978, 0.30798, 0.31238, 0.403985, 0.428618, 0.466309, 0.477084, 1, 

294,3874,0.001, 0.0192819, 0.0378253, 0.0436689, 0.0488421, 0.126569, 0.209859, 0.176569, 0.183534, 0.415669, 1, 

308,3602,0.001, 0.0192819, 0.0378253, 0.0436689, 0.0488421, 0.126569, 0.209859, 0.221429, 0.300978, 0.30798, 0.31238, 0.403985, 0.428618, 0.466309, 0.921082, 0.929627, 0.949475, 1, 

287,5157,0.001, 0.0235501, 0.0278572, 0.0673173, 0.0489427, 0.0864389, 0.158656, 0.176569, 0.183534, 0.415669, 0.798912, 1, 

296,3795,0.001, 0.0235501, 0.0278572, 0.0673173, 0.0489427, 0.0864389, 0.158656, 0.183534, 0.317925, 0.798912, 1, 

Generation #21
303,3722,0.001, 0.0192819, 0.0378253, 0.0615289, 0.0820275, 0.126569, 0.209859, 0.221429, 0.300978, 0.30798, 0.31238, 0.403985, 0.428618, 0.466309, 0.477084, 0.480443, 0.516741, 0.598261, 0.659565, 0.72473, 0.726782, 0.748975, 1, 

305,3686,0.001, 0.0192819, 0.0378253, 0.0673173, 0.0836384, 0.0864389, 0.158656, 0.176569, 0.183534, 0.212071, 0.212473, 0.229874, 0.278894, 0.328678, 0.382116, 0.388795, 0.390942, 0.394486, 0.4106, 0.478931, 0.490735, 0.577507, 0.58295, 0.656479, 0.790041, 0.971768, 1, 

291,4660,0.001, 0.026976, 0.038055, 0.0615289, 0.0820275, 0.213287, 0.373903, 0.463656, 0.248861, 0.288042, 0.394181, 1, 

288,4859,0.001, 0.0192819, 0.0378253, 0.0673173, 0.0836384, 0.0864389, 0.158656, 0.176569, 0.183534, 0.300978, 0.30798, 0.31238, 0.403985, 0.428618, 0.466309, 0.477084, 1, 

294,3874,0.001, 0.0192819, 0.0378253, 0.0436689, 0.0488421, 0.126569, 0.209859, 0.176569, 0.183534, 0.415669, 1, 

308,3602,0.001, 0.0192819, 0.0378253, 0.0436689, 0.0488421, 0.126569, 0.209859, 0.221429, 0.300978, 0.30798, 0.31238, 0.403985, 0.428618, 0.466309, 0.921082, 0.929627, 0.949475, 1, 

287,5157,0.001, 0.0235501, 0.0278572, 0.0673173, 0.0489427, 0.0864389, 0.158656, 0.176569, 0.183534, 0.415669, 0.798912, 1, 

296,3795,0.001, 0.0235501, 0.0278572, 0.0673173, 0.0489427, 0.0864389, 0.158656, 0.183534, 0.317925, 0.798912, 1, 

292,4202,0.001, 0.0192819, 0.0378253, 0.0436689, 0.0488421, 0.126569, 0.176682, 0.209859, 0.221429, 0.415669, 0.458444, 0.777246, 0.854417, 0.875574, 0.970578, 1, 

Generation #22
303,3722,0.001, 0.0192819, 0.0378253, 0.0615289, 0.0820275, 0.126569, 0.209859, 0.221429, 0.300978, 0.30798, 0.31238, 0.403985, 0.428618, 0.466309, 0.477084, 0.480443, 0.516741, 0.598261, 0.659565, 0.72473, 0.726782, 0.748975, 1, 

305,3686,0.001, 0.0192819, 0.0378253, 0.0673173, 0.0836384, 0.0864389, 0.158656, 0.176569, 0.183534, 0.212071, 0.212473, 0.229874, 0.278894, 0.328678, 0.382116, 0.388795, 0.390942, 0.394486, 0.4106, 0.478931, 0.490735, 0.577507, 0.58295, 0.656479, 0.790041, 0.971768, 1, 

291,4660,0.001, 0.026976, 0.038055, 0.0615289, 0.0820275, 0.213287, 0.373903, 0.463656, 0.248861, 0.288042, 0.394181, 1, 

288,4859,0.001, 0.0192819, 0.0378253, 0.0673173, 0.0836384, 0.0864389, 0.158656, 0.176569, 0.183534, 0.300978, 0.30798, 0.31238, 0.403985, 0.428618, 0.466309, 0.477084, 1, 

294,3874,0.001, 0.0192819, 0.0378253, 0.0436689, 0.0488421, 0.126569, 0.209859, 0.176569, 0.183534, 0.415669, 1, 

287,5157,0.001, 0.0235501, 0.0278572, 0.0673173, 0.0489427, 0.0864389, 0.158656, 0.176569, 0.183534, 0.415669, 0.798912, 1, 

296,3795,0.001, 0.0235501, 0.0278572, 0.0673173, 0.0489427, 0.0864389, 0.158656, 0.183534, 0.317925, 0.798912, 1, 

292,4202,0.001, 0.0192819, 0.0378253, 0.0436689, 0.0488421, 0.126569, 0.176682, 0.209859, 0.221429, 0.415669, 0.458444, 0.777246, 0.854417, 0.875574, 0.970578, 1, 

306,3519,0.001, 0.0192819, 0.0378253, 0.0615289, 0.0820275, 0.126569, 0.209859, 0.221429, 0.300978, 0.30798, 0.31238, 0.403985, 0.428618, 0.466309, 0.477084, 0.522452, 0.593141, 0.617118, 0.620662, 0.663249, 0.725134, 0.80163, 0.80548, 0.860025, 0.872087, 0.922062, 0.950187, 1, 

284,5213,0.001, 0.0192819, 0.0378253, 0.0436689, 0.0446583, 0.0488421, 0.200952, 0.245044, 0.248861, 0.784036, 0.798912, 1, 

Generation #23
303,3722,0.001, 0.0192819, 0.0378253, 0.0615289, 0.0820275, 0.126569, 0.209859, 0.221429, 0.300978, 0.30798, 0.31238, 0.403985, 0.428618, 0.466309, 0.477084, 0.480443, 0.516741, 0.598261, 0.659565, 0.72473, 0.726782, 0.748975, 1, 

305,3686,0.001, 0.0192819, 0.0378253, 0.0673173, 0.0836384, 0.0864389, 0.158656, 0.176569, 0.183534, 0.212071, 0.212473, 0.229874, 0.278894, 0.328678, 0.382116, 0.388795, 0.390942, 0.394486, 0.4106, 0.478931, 0.490735, 0.577507, 0.58295, 0.656479, 0.790041, 0.971768, 1, 

291,4660,0.001, 0.026976, 0.038055, 0.0615289, 0.0820275, 0.213287, 0.373903, 0.463656, 0.248861, 0.288042, 0.394181, 1, 

288,4859,0.001, 0.0192819, 0.0378253, 0.0673173, 0.0836384, 0.0864389, 0.158656, 0.176569, 0.183534, 0.300978, 0.30798, 0.31238, 0.403985, 0.428618, 0.466309, 0.477084, 1, 

294,3874,0.001, 0.0192819, 0.0378253, 0.0436689, 0.0488421, 0.126569, 0.209859, 0.176569, 0.183534, 0.415669, 1, 

287,5157,0.001, 0.0235501, 0.0278572, 0.0673173, 0.0489427, 0.0864389, 0.158656, 0.176569, 0.183534, 0.415669, 0.798912, 1, 

296,3795,0.001, 0.0235501, 0.0278572, 0.0673173, 0.0489427, 0.0864389, 0.158656, 0.183534, 0.317925, 0.798912, 1, 

292,4202,0.001, 0.0192819, 0.0378253, 0.0436689, 0.0488421, 0.126569, 0.176682, 0.209859, 0.221429, 0.415669, 0.458444, 0.777246, 0.854417, 0.875574, 0.970578, 1, 

306,3519,0.001, 0.0192819, 0.0378253, 0.0615289, 0.0820275, 0.126569, 0.209859, 0.221429, 0.300978, 0.30798, 0.31238, 0.403985, 0.428618, 0.466309, 0.477084, 0.522452, 0.593141, 0.617118, 0.620662, 0.663249, 0.725134, 0.80163, 0.80548, 0.860025, 0.872087, 0.922062, 0.950187, 1, 

284,5213,0.001, 0.0192819, 0.0378253, 0.0436689, 0.0446583, 0.0488421, 0.200952, 0.245044, 0.248861, 0.784036, 0.798912, 1, 

Generation #24
303,3722,0.001, 0.0192819, 0.0378253, 0.0615289, 0.0820275, 0.126569, 0.209859, 0.221429, 0.300978, 0.30798, 0.31238, 0.403985, 0.428618, 0.466309, 0.477084, 0.480443, 0.516741, 0.598261, 0.659565, 0.72473, 0.726782, 0.748975, 1, 

305,3686,0.001, 0.0192819, 0.0378253, 0.0673173, 0.0836384, 0.0864389, 0.158656, 0.176569, 0.183534, 0.212071, 0.212473, 0.229874, 0.278894, 0.328678, 0.382116, 0.388795, 0.390942, 0.394486, 0.4106, 0.478931, 0.490735, 0.577507, 0.58295, 0.656479, 0.790041, 0.971768, 1, 

288,4859,0.001, 0.0192819, 0.0378253, 0.0673173, 0.0836384, 0.0864389, 0.158656, 0.176569, 0.183534, 0.300978, 0.30798, 0.31238, 0.403985, 0.428618, 0.466309, 0.477084, 1, 

294,3874,0.001, 0.0192819, 0.0378253, 0.0436689, 0.0488421, 0.126569, 0.209859, 0.176569, 0.183534, 0.415669, 1, 

287,5157,0.001, 0.0235501, 0.0278572, 0.0673173, 0.0489427, 0.0864389, 0.158656, 0.176569, 0.183534, 0.415669, 0.798912, 1, 

296,3795,0.001, 0.0235501, 0.0278572, 0.0673173, 0.0489427, 0.0864389, 0.158656, 0.183534, 0.317925, 0.798912, 1, 

292,4202,0.001, 0.0192819, 0.0378253, 0.0436689, 0.0488421, 0.126569, 0.176682, 0.209859, 0.221429, 0.415669, 0.458444, 0.777246, 0.854417, 0.875574, 0.970578, 1, 

306,3519,0.001, 0.0192819, 0.0378253, 0.0615289, 0.0820275, 0.126569, 0.209859, 0.221429, 0.300978, 0.30798, 0.31238, 0.403985, 0.428618, 0.466309, 0.477084, 0.522452, 0.593141, 0.617118, 0.620662, 0.663249, 0.725134, 0.80163, 0.80548, 0.860025, 0.872087, 0.922062, 0.950187, 1, 

284,5213,0.001, 0.0192819, 0.0378253, 0.0436689, 0.0446583, 0.0488421, 0.200952, 0.245044, 0.248861, 0.784036, 0.798912, 1, 

289,4651,0.001, 0.0235501, 0.0278572, 0.0673173, 0.0836384, 0.0864389, 0.158656, 0.176569, 0.183534, 0.394181, 0.879409, 1, 

Generation #25
288,4859,0.001, 0.0192819, 0.0378253, 0.0673173, 0.0836384, 0.0864389, 0.158656, 0.176569, 0.183534, 0.300978, 0.30798, 0.31238, 0.403985, 0.428618, 0.466309, 0.477084, 1, 

294,3874,0.001, 0.0192819, 0.0378253, 0.0436689, 0.0488421, 0.126569, 0.209859, 0.176569, 0.183534, 0.415669, 1, 

287,5157,0.001, 0.0235501, 0.0278572, 0.0673173, 0.0489427, 0.0864389, 0.158656, 0.176569, 0.183534, 0.415669, 0.798912, 1, 

296,3795,0.001, 0.0235501, 0.0278572, 0.0673173, 0.0489427, 0.0864389, 0.158656, 0.183534, 0.317925, 0.798912, 1, 

292,4202,0.001, 0.0192819, 0.0378253, 0.0436689, 0.0488421, 0.126569, 0.176682, 0.209859, 0.221429, 0.415669, 0.458444, 0.777246, 0.854417, 0.875574, 0.970578, 1, 

306,3519,0.001, 0.0192819, 0.0378253, 0.0615289, 0.0820275, 0.126569, 0.209859, 0.221429, 0.300978, 0.30798, 0.31238, 0.403985, 0.428618, 0.466309, 0.477084, 0.522452, 0.593141, 0.617118, 0.620662, 0.663249, 0.725134, 0.80163, 0.80548, 0.860025, 0.872087, 0.922062, 0.950187, 1, 

284,5213,0.001, 0.0192819, 0.0378253, 0.0436689, 0.0446583, 0.0488421, 0.200952, 0.245044, 0.248861, 0.784036, 0.798912, 1, 

289,4651,0.001, 0.0235501, 0.0278572, 0.0673173, 0.0836384, 0.0864389, 0.158656, 0.176569, 0.183534, 0.394181, 0.879409, 1, 

303,3673,0.001, 0.0192819, 0.0378253, 0.0436689, 0.0489427, 0.158656, 0.158656, 0.126569, 0.183534, 0.300978, 0.30798, 0.31238, 0.403985, 0.428618, 0.477084, 1, 

Generation #26
288,4859,0.001, 0.0192819, 0.0378253, 0.0673173, 0.0836384, 0.0864389, 0.158656, 0.176569, 0.183534, 0.300978, 0.30798, 0.31238, 0.403985, 0.428618, 0.466309, 0.477084, 1, 

294,3874,0.001, 0.0192819, 0.0378253, 0.0436689, 0.0488421, 0.126569, 0.209859, 0.176569, 0.183534, 0.415669, 1, 

287,5157,0.001, 0.0235501, 0.0278572, 0.0673173, 0.0489427, 0.0864389, 0.158656, 0.176569, 0.183534, 0.415669, 0.798912, 1, 

296,3795,0.001, 0.0235501, 0.0278572, 0.0673173, 0.0489427, 0.0864389, 0.158656, 0.183534, 0.317925, 0.798912, 1, 

306,3519,0.001, 0.0192819, 0.0378253, 0.0615289, 0.0820275, 0.126569, 0.209859, 0.221429, 0.300978, 0.30798, 0.31238, 0.403985, 0.428618, 0.466309, 0.477084, 0.522452, 0.593141, 0.617118, 0.620662, 0.663249, 0.725134, 0.80163, 0.80548, 0.860025, 0.872087, 0.922062, 0.950187, 1, 

284,5213,0.001, 0.0192819, 0.0378253, 0.0436689, 0.0446583, 0.0488421, 0.200952, 0.245044, 0.248861, 0.784036, 0.798912, 1, 

289,4651,0.001, 0.0235501, 0.0278572, 0.0673173, 0.0836384, 0.0864389, 0.158656, 0.176569, 0.183534, 0.394181, 0.879409, 1, 

303,3673,0.001, 0.0192819, 0.0378253, 0.0436689, 0.0489427, 0.158656, 0.158656, 0.126569, 0.183534, 0.300978, 0.30798, 0.31238, 0.403985, 0.428618, 0.477084, 1, 

292,4065,0.001, 0.0192819, 0.0378253, 0.0673173, 0.0836384, 0.0864389, 0.176682, 0.209859, 0.221429, 0.415669, 0.458444, 0.777246, 0.854417, 0.875574, 0.970578, 1, 

Generation #27
288,4859,0.001, 0.0192819, 0.0378253, 0.0673173, 0.0836384, 0.0864389, 0.158656, 0.176569, 0.183534, 0.300978, 0.30798, 0.31238, 0.403985, 0.428618, 0.466309, 0.477084, 1, 

294,3874,0.001, 0.0192819, 0.0378253, 0.0436689, 0.0488421, 0.126569, 0.209859, 0.176569, 0.183534, 0.415669, 1, 

287,5157,0.001, 0.0235501, 0.0278572, 0.0673173, 0.0489427, 0.0864389, 0.158656, 0.176569, 0.183534, 0.415669, 0.798912, 1, 

296,3795,0.001, 0.0235501, 0.0278572, 0.0673173, 0.0489427, 0.0864389, 0.158656, 0.183534, 0.317925, 0.798912, 1, 

306,3519,0.001, 0.0192819, 0.0378253, 0.0615289, 0.0820275, 0.126569, 0.209859, 0.221429, 0.300978, 0.30798, 0.31238, 0.403985, 0.428618, 0.466309, 0.477084, 0.522452, 0.593141, 0.617118, 0.620662, 0.663249, 0.725134, 0.80163, 0.80548, 0.860025, 0.872087, 0.922062, 0.950187, 1, 

284,5213,0.001, 0.0192819, 0.0378253, 0.0436689, 0.0446583, 0.0488421, 0.200952, 0.245044, 0.248861, 0.784036, 0.798912, 1, 

289,4651,0.001, 0.0235501, 0.0278572, 0.0673173, 0.0836384, 0.0864389, 0.158656, 0.176569, 0.183534, 0.394181, 0.879409, 1, 

303,3673,0.001, 0.0192819, 0.0378253, 0.0436689, 0.0489427, 0.158656, 0.158656, 0.126569, 0.183534, 0.300978, 0.30798, 0.31238, 0.403985, 0.428618, 0.477084, 1, 

292,4065,0.001, 0.0192819, 0.0378253, 0.0673173, 0.0836384, 0.0864389, 0.176682, 0.209859, 0.221429, 0.415669, 0.458444, 0.777246, 0.854417, 0.875574, 0.970578, 1, 

Generation #28
288,4859,0.001, 0.0192819, 0.0378253, 0.0673173, 0.0836384, 0.0864389, 0.158656, 0.176569, 0.183534, 0.300978, 0.30798, 0.31238, 0.403985, 0.428618, 0.466309, 0.477084, 1, 

294,3874,0.001, 0.0192819, 0.0378253, 0.0436689, 0.0488421, 0.126569, 0.209859, 0.176569, 0.183534, 0.415669, 1, 

287,5157,0.001, 0.0235501, 0.0278572, 0.0673173, 0.0489427, 0.0864389, 0.158656, 0.176569, 0.183534, 0.415669, 0.798912, 1, 

296,3795,0.001, 0.0235501, 0.0278572, 0.0673173, 0.0489427, 0.0864389, 0.158656, 0.183534, 0.317925, 0.798912, 1, 

306,3519,0.001, 0.0192819, 0.0378253, 0.0615289, 0.0820275, 0.126569, 0.209859, 0.221429, 0.300978, 0.30798, 0.31238, 0.403985, 0.428618, 0.466309, 0.477084, 0.522452, 0.593141, 0.617118, 0.620662, 0.663249, 0.725134, 0.80163, 0.80548, 0.860025, 0.872087, 0.922062, 0.950187, 1, 

284,5213,0.001, 0.0192819, 0.0378253, 0.0436689, 0.0446583, 0.0488421, 0.200952, 0.245044, 0.248861, 0.784036, 0.798912, 1, 

289,4651,0.001, 0.0235501, 0.0278572, 0.0673173, 0.0836384, 0.0864389, 0.158656, 0.176569, 0.183534, 0.394181, 0.879409, 1, 

292,4065,0.001, 0.0192819, 0.0378253, 0.0673173, 0.0836384, 0.0864389, 0.176682, 0.209859, 0.221429, 0.415669, 0.458444, 0.777246, 0.854417, 0.875574, 0.970578, 1, 

291,4427,0.001, 0.0192819, 0.0378253, 0.0436689, 0.0489427, 0.158656, 0.158656, 0.126569, 0.176682, 0.456095, 0.248861, 0.288042, 0.394181, 0.875574, 0.970578, 1, 

301,3631,0.001, 0.0192819, 0.0378253, 0.0436689, 0.0488421, 0.126569, 0.209859, 0.176569, 0.183534, 0.317925, 0.798912, 1, 

Generation #29
288,4859,0.001, 0.0192819, 0.0378253, 0.0673173, 0.0836384, 0.0864389, 0.158656, 0.176569, 0.183534, 0.300978, 0.30798, 0.31238, 0.403985, 0.428618, 0.466309, 0.477084, 1, 

294,3874,0.001, 0.0192819, 0.0378253, 0.0436689, 0.0488421, 0.126569, 0.209859, 0.176569, 0.183534, 0.415669, 1, 

287,5157,0.001, 0.0235501, 0.0278572, 0.0673173, 0.0489427, 0.0864389, 0.158656, 0.176569, 0.183534, 0.415669, 0.798912, 1, 

296,3795,0.001, 0.0235501, 0.0278572, 0.0673173, 0.0489427, 0.0864389, 0.158656, 0.183534, 0.317925, 0.798912, 1, 

306,3519,0.001, 0.0192819, 0.0378253, 0.0615289, 0.0820275, 0.126569, 0.209859, 0.221429, 0.300978, 0.30798, 0.31238, 0.403985, 0.428618, 0.466309, 0.477084, 0.522452, 0.593141, 0.617118, 0.620662, 0.663249, 0.725134, 0.80163, 0.80548, 0.860025, 0.872087, 0.922062, 0.950187, 1, 

284,5213,0.001, 0.0192819, 0.0378253, 0.0436689, 0.0446583, 0.0488421, 0.200952, 0.245044, 0.248861, 0.784036, 0.798912, 1, 

289,4651,0.001, 0.0235501, 0.0278572, 0.0673173, 0.0836384, 0.0864389, 0.158656, 0.176569, 0.183534, 0.394181, 0.879409, 1, 

292,4065,0.001, 0.0192819, 0.0378253, 0.0673173, 0.0836384, 0.0864389, 0.176682, 0.209859, 0.221429, 0.415669, 0.458444, 0.777246, 0.854417, 0.875574, 0.970578, 1, 

291,4427,0.001, 0.0192819, 0.0378253, 0.0436689, 0.0489427, 0.158656, 0.158656, 0.126569, 0.176682, 0.456095, 0.248861, 0.288042, 0.394181, 0.875574, 0.970578, 1, 

301,3631,0.001, 0.0192819, 0.0378253, 0.0436689, 0.0488421, 0.126569, 0.209859, 0.176569, 0.183534, 0.317925, 0.798912, 1, 

Generation #30
288,4859,0.001, 0.0192819, 0.0378253, 0.0673173, 0.0836384, 0.0864389, 0.158656, 0.176569, 0.183534, 0.300978, 0.30798, 0.31238, 0.403985, 0.428618, 0.466309, 0.477084, 1, 

294,3874,0.001, 0.0192819, 0.0378253, 0.0436689, 0.0488421, 0.126569, 0.209859, 0.176569, 0.183534, 0.415669, 1, 

287,5157,0.001, 0.0235501, 0.0278572, 0.0673173, 0.0489427, 0.0864389, 0.158656, 0.176569, 0.183534, 0.415669, 0.798912, 1, 

296,3795,0.001, 0.0235501, 0.0278572, 0.0673173, 0.0489427, 0.0864389, 0.158656, 0.183534, 0.317925, 0.798912, 1, 

306,3519,0.001, 0.0192819, 0.0378253, 0.0615289, 0.0820275, 0.126569, 0.209859, 0.221429, 0.300978, 0.30798, 0.31238, 0.403985, 0.428618, 0.466309, 0.477084, 0.522452, 0.593141, 0.617118, 0.620662, 0.663249, 0.725134, 0.80163, 0.80548, 0.860025, 0.872087, 0.922062, 0.950187, 1, 

284,5213,0.001, 0.0192819, 0.0378253, 0.0436689, 0.0446583, 0.0488421, 0.200952, 0.245044, 0.248861, 0.784036, 0.798912, 1, 

289,4651,0.001, 0.0235501, 0.0278572, 0.0673173, 0.0836384, 0.0864389, 0.158656, 0.176569, 0.183534, 0.394181, 0.879409, 1, 

292,4065,0.001, 0.0192819, 0.0378253, 0.0673173, 0.0836384, 0.0864389, 0.176682, 0.209859, 0.221429, 0.415669, 0.458444, 0.777246, 0.854417, 0.875574, 0.970578, 1, 

291,4427,0.001, 0.0192819, 0.0378253, 0.0436689, 0.0489427, 0.158656, 0.158656, 0.126569, 0.176682, 0.456095, 0.248861, 0.288042, 0.394181, 0.875574, 0.970578, 1, 

301,3631,0.001, 0.0192819, 0.0378253, 0.0436689, 0.0488421, 0.126569, 0.209859, 0.176569, 0.183534, 0.317925, 0.798912, 1, 

Generation #31
288,4859,0.001, 0.0192819, 0.0378253, 0.0673173, 0.0836384, 0.0864389, 0.158656, 0.176569, 0.183534, 0.300978, 0.30798, 0.31238, 0.403985, 0.428618, 0.466309, 0.477084, 1, 

294,3874,0.001, 0.0192819, 0.0378253, 0.0436689, 0.0488421, 0.126569, 0.209859, 0.176569, 0.183534, 0.415669, 1, 

287,5157,0.001, 0.0235501, 0.0278572, 0.0673173, 0.0489427, 0.0864389, 0.158656, 0.176569, 0.183534, 0.415669, 0.798912, 1, 

296,3795,0.001, 0.0235501, 0.0278572, 0.0673173, 0.0489427, 0.0864389, 0.158656, 0.183534, 0.317925, 0.798912, 1, 

306,3519,0.001, 0.0192819, 0.0378253, 0.0615289, 0.0820275, 0.126569, 0.209859, 0.221429, 0.300978, 0.30798, 0.31238, 0.403985, 0.428618, 0.466309, 0.477084, 0.522452, 0.593141, 0.617118, 0.620662, 0.663249, 0.725134, 0.80163, 0.80548, 0.860025, 0.872087, 0.922062, 0.950187, 1, 

284,5213,0.001, 0.0192819, 0.0378253, 0.0436689, 0.0446583, 0.0488421, 0.200952, 0.245044, 0.248861, 0.784036, 0.798912, 1, 

289,4651,0.001, 0.0235501, 0.0278572, 0.0673173, 0.0836384, 0.0864389, 0.158656, 0.176569, 0.183534, 0.394181, 0.879409, 1, 

292,4065,0.001, 0.0192819, 0.0378253, 0.0673173, 0.0836384, 0.0864389, 0.176682, 0.209859, 0.221429, 0.415669, 0.458444, 0.777246, 0.854417, 0.875574, 0.970578, 1, 

291,4427,0.001, 0.0192819, 0.0378253, 0.0436689, 0.0489427, 0.158656, 0.158656, 0.126569, 0.176682, 0.456095, 0.248861, 0.288042, 0.394181, 0.875574, 0.970578, 1, 

301,3631,0.001, 0.0192819, 0.0378253, 0.0436689, 0.0488421, 0.126569, 0.209859, 0.176569, 0.183534, 0.317925, 0.798912, 1, 

Generation #32
288,4859,0.001, 0.0192819, 0.0378253, 0.0673173, 0.0836384, 0.0864389, 0.158656, 0.176569, 0.183534, 0.300978, 0.30798, 0.31238, 0.403985, 0.428618, 0.466309, 0.477084, 1, 

294,3874,0.001, 0.0192819, 0.0378253, 0.0436689, 0.0488421, 0.126569, 0.209859, 0.176569, 0.183534, 0.415669, 1, 

287,5157,0.001, 0.0235501, 0.0278572, 0.0673173, 0.0489427, 0.0864389, 0.158656, 0.176569, 0.183534, 0.415669, 0.798912, 1, 

296,3795,0.001, 0.0235501, 0.0278572, 0.0673173, 0.0489427, 0.0864389, 0.158656, 0.183534, 0.317925, 0.798912, 1, 

306,3519,0.001, 0.0192819, 0.0378253, 0.0615289, 0.0820275, 0.126569, 0.209859, 0.221429, 0.300978, 0.30798, 0.31238, 0.403985, 0.428618, 0.466309, 0.477084, 0.522452, 0.593141, 0.617118, 0.620662, 0.663249, 0.725134, 0.80163, 0.80548, 0.860025, 0.872087, 0.922062, 0.950187, 1, 

284,5213,0.001, 0.0192819, 0.0378253, 0.0436689, 0.0446583, 0.0488421, 0.200952, 0.245044, 0.248861, 0.784036, 0.798912, 1, 

289,4651,0.001, 0.0235501, 0.0278572, 0.0673173, 0.0836384, 0.0864389, 0.158656, 0.176569, 0.183534, 0.394181, 0.879409, 1, 

292,4065,0.001, 0.0192819, 0.0378253, 0.0673173, 0.0836384, 0.0864389, 0.176682, 0.209859, 0.221429, 0.415669, 0.458444, 0.777246, 0.854417, 0.875574, 0.970578, 1, 

291,4427,0.001, 0.0192819, 0.0378253, 0.0436689, 0.0489427, 0.158656, 0.158656, 0.126569, 0.176682, 0.456095, 0.248861, 0.288042, 0.394181, 0.875574, 0.970578, 1, 

301,3631,0.001, 0.0192819, 0.0378253, 0.0436689, 0.0488421, 0.126569, 0.209859, 0.176569, 0.183534, 0.317925, 0.798912, 1, 

Generation #33
288,4859,0.001, 0.0192819, 0.0378253, 0.0673173, 0.0836384, 0.0864389, 0.158656, 0.176569, 0.183534, 0.300978, 0.30798, 0.31238, 0.403985, 0.428618, 0.466309, 0.477084, 1, 

294,3874,0.001, 0.0192819, 0.0378253, 0.0436689, 0.0488421, 0.126569, 0.209859, 0.176569, 0.183534, 0.415669, 1, 

287,5157,0.001, 0.0235501, 0.0278572, 0.0673173, 0.0489427, 0.0864389, 0.158656, 0.176569, 0.183534, 0.415669, 0.798912, 1, 

296,3795,0.001, 0.0235501, 0.0278572, 0.0673173, 0.0489427, 0.0864389, 0.158656, 0.183534, 0.317925, 0.798912, 1, 

306,3519,0.001, 0.0192819, 0.0378253, 0.0615289, 0.0820275, 0.126569, 0.209859, 0.221429, 0.300978, 0.30798, 0.31238, 0.403985, 0.428618, 0.466309, 0.477084, 0.522452, 0.593141, 0.617118, 0.620662, 0.663249, 0.725134, 0.80163, 0.80548, 0.860025, 0.872087, 0.922062, 0.950187, 1, 

284,5213,0.001, 0.0192819, 0.0378253, 0.0436689, 0.0446583, 0.0488421, 0.200952, 0.245044, 0.248861, 0.784036, 0.798912, 1, 

289,4651,0.001, 0.0235501, 0.0278572, 0.0673173, 0.0836384, 0.0864389, 0.158656, 0.176569, 0.183534, 0.394181, 0.879409, 1, 

292,4065,0.001, 0.0192819, 0.0378253, 0.0673173, 0.0836384, 0.0864389, 0.176682, 0.209859, 0.221429, 0.415669, 0.458444, 0.777246, 0.854417, 0.875574, 0.970578, 1, 

291,4427,0.001, 0.0192819, 0.0378253, 0.0436689, 0.0489427, 0.158656, 0.158656, 0.126569, 0.176682, 0.456095, 0.248861, 0.288042, 0.394181, 0.875574, 0.970578, 1, 

301,3631,0.001, 0.0192819, 0.0378253, 0.0436689, 0.0488421, 0.126569, 0.209859, 0.176569, 0.183534, 0.317925, 0.798912, 1, 

Generation #34
288,4859,0.001, 0.0192819, 0.0378253, 0.0673173, 0.0836384, 0.0864389, 0.158656, 0.176569, 0.183534, 0.300978, 0.30798, 0.31238, 0.403985, 0.428618, 0.466309, 0.477084, 1, 

294,3874,0.001, 0.0192819, 0.0378253, 0.0436689, 0.0488421, 0.126569, 0.209859, 0.176569, 0.183534, 0.415669, 1, 

287,5157,0.001, 0.0235501, 0.0278572, 0.0673173, 0.0489427, 0.0864389, 0.158656, 0.176569, 0.183534, 0.415669, 0.798912, 1, 

296,3795,0.001, 0.0235501, 0.0278572, 0.0673173, 0.0489427, 0.0864389, 0.158656, 0.183534, 0.317925, 0.798912, 1, 

306,3519,0.001, 0.0192819, 0.0378253, 0.0615289, 0.0820275, 0.126569, 0.209859, 0.221429, 0.300978, 0.30798, 0.31238, 0.403985, 0.428618, 0.466309, 0.477084, 0.522452, 0.593141, 0.617118, 0.620662, 0.663249, 0.725134, 0.80163, 0.80548, 0.860025, 0.872087, 0.922062, 0.950187, 1, 

284,5213,0.001, 0.0192819, 0.0378253, 0.0436689, 0.0446583, 0.0488421, 0.200952, 0.245044, 0.248861, 0.784036, 0.798912, 1, 

289,4651,0.001, 0.0235501, 0.0278572, 0.0673173, 0.0836384, 0.0864389, 0.158656, 0.176569, 0.183534, 0.394181, 0.879409, 1, 

292,4065,0.001, 0.0192819, 0.0378253, 0.0673173, 0.0836384, 0.0864389, 0.176682, 0.209859, 0.221429, 0.415669, 0.458444, 0.777246, 0.854417, 0.875574, 0.970578, 1, 

291,4427,0.001, 0.0192819, 0.0378253, 0.0436689, 0.0489427, 0.158656, 0.158656, 0.126569, 0.176682, 0.456095, 0.248861, 0.288042, 0.394181, 0.875574, 0.970578, 1, 

301,3631,0.001, 0.0192819, 0.0378253, 0.0436689, 0.0488421, 0.126569, 0.209859, 0.176569, 0.183534, 0.317925, 0.798912, 1, 

Generation #35
288,4859,0.001, 0.0192819, 0.0378253, 0.0673173, 0.0836384, 0.0864389, 0.158656, 0.176569, 0.183534, 0.300978, 0.30798, 0.31238, 0.403985, 0.428618, 0.466309, 0.477084, 1, 

294,3874,0.001, 0.0192819, 0.0378253, 0.0436689, 0.0488421, 0.126569, 0.209859, 0.176569, 0.183534, 0.415669, 1, 

287,5157,0.001, 0.0235501, 0.0278572, 0.0673173, 0.0489427, 0.0864389, 0.158656, 0.176569, 0.183534, 0.415669, 0.798912, 1, 

296,3795,0.001, 0.0235501, 0.0278572, 0.0673173, 0.0489427, 0.0864389, 0.158656, 0.183534, 0.317925, 0.798912, 1, 

306,3519,0.001, 0.0192819, 0.0378253, 0.0615289, 0.0820275, 0.126569, 0.209859, 0.221429, 0.300978, 0.30798, 0.31238, 0.403985, 0.428618, 0.466309, 0.477084, 0.522452, 0.593141, 0.617118, 0.620662, 0.663249, 0.725134, 0.80163, 0.80548, 0.860025, 0.872087, 0.922062, 0.950187, 1, 

284,5213,0.001, 0.0192819, 0.0378253, 0.0436689, 0.0446583, 0.0488421, 0.200952, 0.245044, 0.248861, 0.784036, 0.798912, 1, 

289,4651,0.001, 0.0235501, 0.0278572, 0.0673173, 0.0836384, 0.0864389, 0.158656, 0.176569, 0.183534, 0.394181, 0.879409, 1, 

292,4065,0.001, 0.0192819, 0.0378253, 0.0673173, 0.0836384, 0.0864389, 0.176682, 0.209859, 0.221429, 0.415669, 0.458444, 0.777246, 0.854417, 0.875574, 0.970578, 1, 

291,4427,0.001, 0.0192819, 0.0378253, 0.0436689, 0.0489427, 0.158656, 0.158656, 0.126569, 0.176682, 0.456095, 0.248861, 0.288042, 0.394181, 0.875574, 0.970578, 1, 

301,3631,0.001, 0.0192819, 0.0378253, 0.0436689, 0.0488421, 0.126569, 0.209859, 0.176569, 0.183534, 0.317925, 0.798912, 1, 

Generation #36
288,4859,0.001, 0.0192819, 0.0378253, 0.0673173, 0.0836384, 0.0864389, 0.158656, 0.176569, 0.183534, 0.300978, 0.30798, 0.31238, 0.403985, 0.428618, 0.466309, 0.477084, 1, 

294,3874,0.001, 0.0192819, 0.0378253, 0.0436689, 0.0488421, 0.126569, 0.209859, 0.176569, 0.183534, 0.415669, 1, 

287,5157,0.001, 0.0235501, 0.0278572, 0.0673173, 0.0489427, 0.0864389, 0.158656, 0.176569, 0.183534, 0.415669, 0.798912, 1, 

296,3795,0.001, 0.0235501, 0.0278572, 0.0673173, 0.0489427, 0.0864389, 0.158656, 0.183534, 0.317925, 0.798912, 1, 

306,3519,0.001, 0.0192819, 0.0378253, 0.0615289, 0.0820275, 0.126569, 0.209859, 0.221429, 0.300978, 0.30798, 0.31238, 0.403985, 0.428618, 0.466309, 0.477084, 0.522452, 0.593141, 0.617118, 0.620662, 0.663249, 0.725134, 0.80163, 0.80548, 0.860025, 0.872087, 0.922062, 0.950187, 1, 

284,5213,0.001, 0.0192819, 0.0378253, 0.0436689, 0.0446583, 0.0488421, 0.200952, 0.245044, 0.248861, 0.784036, 0.798912, 1, 

289,4651,0.001, 0.0235501, 0.0278572, 0.0673173, 0.0836384, 0.0864389, 0.158656, 0.176569, 0.183534, 0.394181, 0.879409, 1, 

292,4065,0.001, 0.0192819, 0.0378253, 0.0673173, 0.0836384, 0.0864389, 0.176682, 0.209859, 0.221429, 0.415669, 0.458444, 0.777246, 0.854417, 0.875574, 0.970578, 1, 

291,4427,0.001, 0.0192819, 0.0378253, 0.0436689, 0.0489427, 0.158656, 0.158656, 0.126569, 0.176682, 0.456095, 0.248861, 0.288042, 0.394181, 0.875574, 0.970578, 1, 

301,3631,0.001, 0.0192819, 0.0378253, 0.0436689, 0.0488421, 0.126569, 0.209859, 0.176569, 0.183534, 0.317925, 0.798912, 1, 

Generation #37
288,4859,0.001, 0.0192819, 0.0378253, 0.0673173, 0.0836384, 0.0864389, 0.158656, 0.176569, 0.183534, 0.300978, 0.30798, 0.31238, 0.403985, 0.428618, 0.466309, 0.477084, 1, 

294,3874,0.001, 0.0192819, 0.0378253, 0.0436689, 0.0488421, 0.126569, 0.209859, 0.176569, 0.183534, 0.415669, 1, 

287,5157,0.001, 0.0235501, 0.0278572, 0.0673173, 0.0489427, 0.0864389, 0.158656, 0.176569, 0.183534, 0.415669, 0.798912, 1, 

296,3795,0.001, 0.0235501, 0.0278572, 0.0673173, 0.0489427, 0.0864389, 0.158656, 0.183534, 0.317925, 0.798912, 1, 

306,3519,0.001, 0.0192819, 0.0378253, 0.0615289, 0.0820275, 0.126569, 0.209859, 0.221429, 0.300978, 0.30798, 0.31238, 0.403985, 0.428618, 0.466309, 0.477084, 0.522452, 0.593141, 0.617118, 0.620662, 0.663249, 0.725134, 0.80163, 0.80548, 0.860025, 0.872087, 0.922062, 0.950187, 1, 

284,5213,0.001, 0.0192819, 0.0378253, 0.0436689, 0.0446583, 0.0488421, 0.200952, 0.245044, 0.248861, 0.784036, 0.798912, 1, 

289,4651,0.001, 0.0235501, 0.0278572, 0.0673173, 0.0836384, 0.0864389, 0.158656, 0.176569, 0.183534, 0.394181, 0.879409, 1, 

292,4065,0.001, 0.0192819, 0.0378253, 0.0673173, 0.0836384, 0.0864389, 0.176682, 0.209859, 0.221429, 0.415669, 0.458444, 0.777246, 0.854417, 0.875574, 0.970578, 1, 

291,4427,0.001, 0.0192819, 0.0378253, 0.0436689, 0.0489427, 0.158656, 0.158656, 0.126569, 0.176682, 0.456095, 0.248861, 0.288042, 0.394181, 0.875574, 0.970578, 1, 

301,3631,0.001, 0.0192819, 0.0378253, 0.0436689, 0.0488421, 0.126569, 0.209859, 0.176569, 0.183534, 0.317925, 0.798912, 1, 

Generation #38
288,4859,0.001, 0.0192819, 0.0378253, 0.0673173, 0.0836384, 0.0864389, 0.158656, 0.176569, 0.183534, 0.300978, 0.30798, 0.31238, 0.403985, 0.428618, 0.466309, 0.477084, 1, 

294,3874,0.001, 0.0192819, 0.0378253, 0.0436689, 0.0488421, 0.126569, 0.209859, 0.176569, 0.183534, 0.415669, 1, 

287,5157,0.001, 0.0235501, 0.0278572, 0.0673173, 0.0489427, 0.0864389, 0.158656, 0.176569, 0.183534, 0.415669, 0.798912, 1, 

296,3795,0.001, 0.0235501, 0.0278572, 0.0673173, 0.0489427, 0.0864389, 0.158656, 0.183534, 0.317925, 0.798912, 1, 

306,3519,0.001, 0.0192819, 0.0378253, 0.0615289, 0.0820275, 0.126569, 0.209859, 0.221429, 0.300978, 0.30798, 0.31238, 0.403985, 0.428618, 0.466309, 0.477084, 0.522452, 0.593141, 0.617118, 0.620662, 0.663249, 0.725134, 0.80163, 0.80548, 0.860025, 0.872087, 0.922062, 0.950187, 1, 

284,5213,0.001, 0.0192819, 0.0378253, 0.0436689, 0.0446583, 0.0488421, 0.200952, 0.245044, 0.248861, 0.784036, 0.798912, 1, 

289,4651,0.001, 0.0235501, 0.0278572, 0.0673173, 0.0836384, 0.0864389, 0.158656, 0.176569, 0.183534, 0.394181, 0.879409, 1, 

292,4065,0.001, 0.0192819, 0.0378253, 0.0673173, 0.0836384, 0.0864389, 0.176682, 0.209859, 0.221429, 0.415669, 0.458444, 0.777246, 0.854417, 0.875574, 0.970578, 1, 

291,4427,0.001, 0.0192819, 0.0378253, 0.0436689, 0.0489427, 0.158656, 0.158656, 0.126569, 0.176682, 0.456095, 0.248861, 0.288042, 0.394181, 0.875574, 0.970578, 1, 

301,3631,0.001, 0.0192819, 0.0378253, 0.0436689, 0.0488421, 0.126569, 0.209859, 0.176569, 0.183534, 0.317925, 0.798912, 1, 

297,3635,0.001, 0.0235501, 0.0278572, 0.0820275, 0.126569, 0.209859, 0.221429, 0.300978, 0.30798, 0.31238, 0.403985, 0.428618, 0.466309, 0.477084, 0.480443, 0.516741, 0.598261, 0.659565, 0.72473, 0.726782, 0.748975, 1, 

Generation #39
288,4859,0.001, 0.0192819, 0.0378253, 0.0673173, 0.0836384, 0.0864389, 0.158656, 0.176569, 0.183534, 0.300978, 0.30798, 0.31238, 0.403985, 0.428618, 0.466309, 0.477084, 1, 

294,3874,0.001, 0.0192819, 0.0378253, 0.0436689, 0.0488421, 0.126569, 0.209859, 0.176569, 0.183534, 0.415669, 1, 

287,5157,0.001, 0.0235501, 0.0278572, 0.0673173, 0.0489427, 0.0864389, 0.158656, 0.176569, 0.183534, 0.415669, 0.798912, 1, 

296,3795,0.001, 0.0235501, 0.0278572, 0.0673173, 0.0489427, 0.0864389, 0.158656, 0.183534, 0.317925, 0.798912, 1, 

306,3519,0.001, 0.0192819, 0.0378253, 0.0615289, 0.0820275, 0.126569, 0.209859, 0.221429, 0.300978, 0.30798, 0.31238, 0.403985, 0.428618, 0.466309, 0.477084, 0.522452, 0.593141, 0.617118, 0.620662, 0.663249, 0.725134, 0.80163, 0.80548, 0.860025, 0.872087, 0.922062, 0.950187, 1, 

284,5213,0.001, 0.0192819, 0.0378253, 0.0436689, 0.0446583, 0.0488421, 0.200952, 0.245044, 0.248861, 0.784036, 0.798912, 1, 

289,4651,0.001, 0.0235501, 0.0278572, 0.0673173, 0.0836384, 0.0864389, 0.158656, 0.176569, 0.183534, 0.394181, 0.879409, 1, 

292,4065,0.001, 0.0192819, 0.0378253, 0.0673173, 0.0836384, 0.0864389, 0.176682, 0.209859, 0.221429, 0.415669, 0.458444, 0.777246, 0.854417, 0.875574, 0.970578, 1, 

291,4427,0.001, 0.0192819, 0.0378253, 0.0436689, 0.0489427, 0.158656, 0.158656, 0.126569, 0.176682, 0.456095, 0.248861, 0.288042, 0.394181, 0.875574, 0.970578, 1, 

301,3631,0.001, 0.0192819, 0.0378253, 0.0436689, 0.0488421, 0.126569, 0.209859, 0.176569, 0.183534, 0.317925, 0.798912, 1, 

297,3635,0.001, 0.0235501, 0.0278572, 0.0820275, 0.126569, 0.209859, 0.221429, 0.300978, 0.30798, 0.31238, 0.403985, 0.428618, 0.466309, 0.477084, 0.480443, 0.516741, 0.598261, 0.659565, 0.72473, 0.726782, 0.748975, 1, 

Generation #40
288,4859,0.001, 0.0192819, 0.0378253, 0.0673173, 0.0836384, 0.0864389, 0.158656, 0.176569, 0.183534, 0.300978, 0.30798, 0.31238, 0.403985, 0.428618, 0.466309, 0.477084, 1, 

294,3874,0.001, 0.0192819, 0.0378253, 0.0436689, 0.0488421, 0.126569, 0.209859, 0.176569, 0.183534, 0.415669, 1, 

287,5157,0.001, 0.0235501, 0.0278572, 0.0673173, 0.0489427, 0.0864389, 0.158656, 0.176569, 0.183534, 0.415669, 0.798912, 1, 

296,3795,0.001, 0.0235501, 0.0278572, 0.0673173, 0.0489427, 0.0864389, 0.158656, 0.183534, 0.317925, 0.798912, 1, 

306,3519,0.001, 0.0192819, 0.0378253, 0.0615289, 0.0820275, 0.126569, 0.209859, 0.221429, 0.300978, 0.30798, 0.31238, 0.403985, 0.428618, 0.466309, 0.477084, 0.522452, 0.593141, 0.617118, 0.620662, 0.663249, 0.725134, 0.80163, 0.80548, 0.860025, 0.872087, 0.922062, 0.950187, 1, 

284,5213,0.001, 0.0192819, 0.0378253, 0.0436689, 0.0446583, 0.0488421, 0.200952, 0.245044, 0.248861, 0.784036, 0.798912, 1, 

289,4651,0.001, 0.0235501, 0.0278572, 0.0673173, 0.0836384, 0.0864389, 0.158656, 0.176569, 0.183534, 0.394181, 0.879409, 1, 

292,4065,0.001, 0.0192819, 0.0378253, 0.0673173, 0.0836384, 0.0864389, 0.176682, 0.209859, 0.221429, 0.415669, 0.458444, 0.777246, 0.854417, 0.875574, 0.970578, 1, 

291,4427,0.001, 0.0192819, 0.0378253, 0.0436689, 0.0489427, 0.158656, 0.158656, 0.126569, 0.176682, 0.456095, 0.248861, 0.288042, 0.394181, 0.875574, 0.970578, 1, 

301,3631,0.001, 0.0192819, 0.0378253, 0.0436689, 0.0488421, 0.126569, 0.209859, 0.176569, 0.183534, 0.317925, 0.798912, 1, 

297,3635,0.001, 0.0235501, 0.0278572, 0.0820275, 0.126569, 0.209859, 0.221429, 0.300978, 0.30798, 0.31238, 0.403985, 0.428618, 0.466309, 0.477084, 0.480443, 0.516741, 0.598261, 0.659565, 0.72473, 0.726782, 0.748975, 1, 

Generation #41
284,5213,0.001, 0.0192819, 0.0378253, 0.0436689, 0.0446583, 0.0488421, 0.200952, 0.245044, 0.248861, 0.784036, 0.798912, 1, 

301,3631,0.001, 0.0192819, 0.0378253, 0.0436689, 0.0488421, 0.126569, 0.209859, 0.176569, 0.183534, 0.317925, 0.798912, 1, 

297,3635,0.001, 0.0235501, 0.0278572, 0.0820275, 0.126569, 0.209859, 0.221429, 0.300978, 0.30798, 0.31238, 0.403985, 0.428618, 0.466309, 0.477084, 0.480443, 0.516741, 0.598261, 0.659565, 0.72473, 0.726782, 0.748975, 1, 

287,3712,0.001, 0.0192819, 0.0378253, 0.0436689, 0.0836384, 0.126569, 0.209859, 0.176569, 0.183534, 0.317925, 0.798912, 0.879409, 1, 

304,3290,0.001, 0.0192819, 0.0378253, 0.0436689, 0.0488421, 0.126569, 0.209859, 0.221429, 0.300978, 0.30798, 0.31238, 0.403985, 0.428618, 0.466309, 0.921082, 0.929627, 0.949475, 1, 

Generation #42
284,5213,0.001, 0.0192819, 0.0378253, 0.0436689, 0.0446583, 0.0488421, 0.200952, 0.245044, 0.248861, 0.784036, 0.798912, 1, 

301,3631,0.001, 0.0192819, 0.0378253, 0.0436689, 0.0488421, 0.126569, 0.209859, 0.176569, 0.183534, 0.317925, 0.798912, 1, 

297,3635,0.001, 0.0235501, 0.0278572, 0.0820275, 0.126569, 0.209859, 0.221429, 0.300978, 0.30798, 0.31238, 0.403985, 0.428618, 0.466309, 0.477084, 0.480443, 0.516741, 0.598261, 0.659565, 0.72473, 0.726782, 0.748975, 1, 

287,3712,0.001, 0.0192819, 0.0378253, 0.0436689, 0.0836384, 0.126569, 0.209859, 0.176569, 0.183534, 0.317925, 0.798912, 0.879409, 1, 

304,3290,0.001, 0.0192819, 0.0378253, 0.0436689, 0.0488421, 0.126569, 0.209859, 0.221429, 0.300978, 0.30798, 0.31238, 0.403985, 0.428618, 0.466309, 0.921082, 0.929627, 0.949475, 1, 

Generation #43
284,5213,0.001, 0.0192819, 0.0378253, 0.0436689, 0.0446583, 0.0488421, 0.200952, 0.245044, 0.248861, 0.784036, 0.798912, 1, 

301,3631,0.001, 0.0192819, 0.0378253, 0.0436689, 0.0488421, 0.126569, 0.209859, 0.176569, 0.183534, 0.317925, 0.798912, 1, 

297,3635,0.001, 0.0235501, 0.0278572, 0.0820275, 0.126569, 0.209859, 0.221429, 0.300978, 0.30798, 0.31238, 0.403985, 0.428618, 0.466309, 0.477084, 0.480443, 0.516741, 0.598261, 0.659565, 0.72473, 0.726782, 0.748975, 1, 

287,3712,0.001, 0.0192819, 0.0378253, 0.0436689, 0.0836384, 0.126569, 0.209859, 0.176569, 0.183534, 0.317925, 0.798912, 0.879409, 1, 

304,3290,0.001, 0.0192819, 0.0378253, 0.0436689, 0.0488421, 0.126569, 0.209859, 0.221429, 0.300978, 0.30798, 0.31238, 0.403985, 0.428618, 0.466309, 0.921082, 0.929627, 0.949475, 1, 

Generation #44
284,5213,0.001, 0.0192819, 0.0378253, 0.0436689, 0.0446583, 0.0488421, 0.200952, 0.245044, 0.248861, 0.784036, 0.798912, 1, 

301,3631,0.001, 0.0192819, 0.0378253, 0.0436689, 0.0488421, 0.126569, 0.209859, 0.176569, 0.183534, 0.317925, 0.798912, 1, 

297,3635,0.001, 0.0235501, 0.0278572, 0.0820275, 0.126569, 0.209859, 0.221429, 0.300978, 0.30798, 0.31238, 0.403985, 0.428618, 0.466309, 0.477084, 0.480443, 0.516741, 0.598261, 0.659565, 0.72473, 0.726782, 0.748975, 1, 

287,3712,0.001, 0.0192819, 0.0378253, 0.0436689, 0.0836384, 0.126569, 0.209859, 0.176569, 0.183534, 0.317925, 0.798912, 0.879409, 1, 

304,3290,0.001, 0.0192819, 0.0378253, 0.0436689, 0.0488421, 0.126569, 0.209859, 0.221429, 0.300978, 0.30798, 0.31238, 0.403985, 0.428618, 0.466309, 0.921082, 0.929627, 0.949475, 1, 

Generation #45
284,5213,0.001, 0.0192819, 0.0378253, 0.0436689, 0.0446583, 0.0488421, 0.200952, 0.245044, 0.248861, 0.784036, 0.798912, 1, 

301,3631,0.001, 0.0192819, 0.0378253, 0.0436689, 0.0488421, 0.126569, 0.209859, 0.176569, 0.183534, 0.317925, 0.798912, 1, 

297,3635,0.001, 0.0235501, 0.0278572, 0.0820275, 0.126569, 0.209859, 0.221429, 0.300978, 0.30798, 0.31238, 0.403985, 0.428618, 0.466309, 0.477084, 0.480443, 0.516741, 0.598261, 0.659565, 0.72473, 0.726782, 0.748975, 1, 

287,3712,0.001, 0.0192819, 0.0378253, 0.0436689, 0.0836384, 0.126569, 0.209859, 0.176569, 0.183534, 0.317925, 0.798912, 0.879409, 1, 

304,3290,0.001, 0.0192819, 0.0378253, 0.0436689, 0.0488421, 0.126569, 0.209859, 0.221429, 0.300978, 0.30798, 0.31238, 0.403985, 0.428618, 0.466309, 0.921082, 0.929627, 0.949475, 1, 

Generation #46
284,5213,0.001, 0.0192819, 0.0378253, 0.0436689, 0.0446583, 0.0488421, 0.200952, 0.245044, 0.248861, 0.784036, 0.798912, 1, 

287,3712,0.001, 0.0192819, 0.0378253, 0.0436689, 0.0836384, 0.126569, 0.209859, 0.176569, 0.183534, 0.317925, 0.798912, 0.879409, 1, 

294,2433,0.001, 0.0192819, 0.0378253, 0.0673173, 0.0836384, 0.0864389, 0.158656, 0.176569, 0.183534, 0.415669, 0.458444, 0.879409, 1, 

Generation #47
284,5213,0.001, 0.0192819, 0.0378253, 0.0436689, 0.0446583, 0.0488421, 0.200952, 0.245044, 0.248861, 0.784036, 0.798912, 1, 

287,3712,0.001, 0.0192819, 0.0378253, 0.0436689, 0.0836384, 0.126569, 0.209859, 0.176569, 0.183534, 0.317925, 0.798912, 0.879409, 1, 

294,2433,0.001, 0.0192819, 0.0378253, 0.0673173, 0.0836384, 0.0864389, 0.158656, 0.176569, 0.183534, 0.415669, 0.458444, 0.879409, 1, 

310,2267,0.001, 0.0192819, 0.0378253, 0.0436689, 0.0489427, 0.158656, 0.158656, 0.126569, 0.176682, 0.456095, 0.248861, 0.288042, 0.394181, 0.875574, 0.970578, 1, 

Generation #48
284,5213,0.001, 0.0192819, 0.0378253, 0.0436689, 0.0446583, 0.0488421, 0.200952, 0.245044, 0.248861, 0.784036, 0.798912, 1, 

287,3712,0.001, 0.0192819, 0.0378253, 0.0436689, 0.0836384, 0.126569, 0.209859, 0.176569, 0.183534, 0.317925, 0.798912, 0.879409, 1, 

294,2433,0.001, 0.0192819, 0.0378253, 0.0673173, 0.0836384, 0.0864389, 0.158656, 0.176569, 0.183534, 0.415669, 0.458444, 0.879409, 1, 

310,2267,0.001, 0.0192819, 0.0378253, 0.0436689, 0.0489427, 0.158656, 0.158656, 0.126569, 0.176682, 0.456095, 0.248861, 0.288042, 0.394181, 0.875574, 0.970578, 1, 

Generation #49
284,5213,0.001, 0.0192819, 0.0378253, 0.0436689, 0.0446583, 0.0488421, 0.200952, 0.245044, 0.248861, 0.784036, 0.798912, 1, 

287,3712,0.001, 0.0192819, 0.0378253, 0.0436689, 0.0836384, 0.126569, 0.209859, 0.176569, 0.183534, 0.317925, 0.798912, 0.879409, 1, 

294,2433,0.001, 0.0192819, 0.0378253, 0.0673173, 0.0836384, 0.0864389, 0.158656, 0.176569, 0.183534, 0.415669, 0.458444, 0.879409, 1, 

310,2267,0.001, 0.0192819, 0.0378253, 0.0436689, 0.0489427, 0.158656, 0.158656, 0.126569, 0.176682, 0.456095, 0.248861, 0.288042, 0.394181, 0.875574, 0.970578, 1, 

N total=441, Time total=7225, percents=0.001, 0.0192819, 0.0378253, 0.0436689, 0.0446583, 0.0488421, 0.200952, 0.245044, 0.248861, 0.784036, 0.798912, 1, 

N total=444, Time total=5724, percents=0.001, 0.0192819, 0.0378253, 0.0436689, 0.0836384, 0.126569, 0.209859, 0.176569, 0.183534, 0.317925, 0.798912, 0.879409, 1, 

N total=451, Time total=4445, percents=0.001, 0.0192819, 0.0378253, 0.0673173, 0.0836384, 0.0864389, 0.158656, 0.176569, 0.183534, 0.415669, 0.458444, 0.879409, 1, 

N total=467, Time total=4279, percents=0.001, 0.0192819, 0.0378253, 0.0436689, 0.0489427, 0.158656, 0.158656, 0.126569, 0.176682, 0.456095, 0.248861, 0.288042, 0.394181, 0.875574, 0.970578, 1, 

------------d=1, t=2, lambda=2, filename=./evaluation/Mobile/Mobile_2_2.csv------------
Computing partitioned counts of d-sets...
Ready to look at pairs based on partitioned counts...
First Stage N=255, Time=549
There are 891 remaining non-locating pairs
Generation #0
283,650,0.001, 0.038549, 0.0512358, 0.0762603, 0.16259, 0.205045, 0.218216, 0.23276, 0.260129, 0.318162, 0.338998, 0.392472, 0.430517, 0.442505, 0.508318, 0.531917, 0.597244, 0.603149, 0.630753, 0.669678, 0.773948, 0.788057, 0.817678, 0.847113, 0.953766, 0.982637, 1, 

252,757,0.001, 0.03287, 0.0484279, 0.0753037, 0.0965384, 0.131748, 0.15391, 0.157549, 0.183051, 0.263675, 0.325981, 0.364029, 0.428767, 0.433495, 0.528641, 0.538614, 0.541981, 0.650976, 0.685633, 0.693686, 0.725461, 0.89063, 0.947503, 0.964275, 0.979372, 1, 

289,622,0.001, 0.0297692, 0.0472456, 0.0644364, 0.0683987, 0.0979398, 0.115533, 0.158537, 0.175416, 0.202475, 0.207293, 0.211629, 0.278607, 0.330102, 0.334743, 0.378408, 0.506003, 0.531772, 0.53256, 0.557946, 0.635161, 0.63725, 0.648811, 0.691421, 0.698747, 0.739602, 0.745544, 0.885962, 0.96224, 0.965927, 1, 

230,1080,0.001, 0.0685536, 0.110219, 0.232834, 0.262562, 0.281666, 0.315509, 0.438751, 0.501276, 0.506996, 0.51951, 0.630918, 0.735224, 0.803738, 0.902304, 0.973151, 1, 

238,790,0.001, 0.0387093, 0.0568569, 0.10654, 0.174037, 0.224181, 0.301928, 0.322291, 0.347342, 0.354562, 0.412496, 0.507049, 0.54922, 0.60367, 0.705154, 0.707781, 0.775009, 0.880763, 0.886163, 0.896185, 0.898344, 0.927834, 0.948403, 1, 

229,4442,0.001, 0.310469, 0.384978, 0.393572, 0.417269, 0.643219, 0.736194, 0.746837, 0.762525, 0.864107, 0.870309, 1, 

254,685,0.001, 0.0352027, 0.0498154, 0.0550324, 0.0900965, 0.0923159, 0.156039, 0.186152, 0.204609, 0.206193, 0.227619, 0.237191, 0.29684, 0.334884, 0.337719, 0.366275, 0.409535, 0.549869, 0.554196, 0.595641, 0.661006, 0.734377, 0.810415, 0.810629, 0.816429, 0.85009, 0.876623, 0.930707, 0.963788, 0.996973, 1, 

235,1050,0.001, 0.0232863, 0.0862501, 0.0962511, 0.0995047, 0.132621, 0.169609, 0.185833, 0.217512, 0.320197, 0.32485, 0.347962, 0.383626, 0.414748, 0.466029, 0.488417, 0.495125, 0.554949, 0.566606, 0.602396, 0.625674, 0.661436, 0.668369, 0.769132, 0.816879, 0.874273, 0.947917, 0.997657, 1, 

Generation #1
236,595,0.001, 0.0422209, 0.0513598, 0.0533333, 0.119848, 0.130765, 0.243663, 0.283958, 0.287712, 0.310397, 0.314887, 0.338702, 0.351648, 0.429271, 0.450382, 0.464596, 0.470644, 0.501179, 0.549133, 0.555168, 0.645022, 0.704544, 0.89914, 0.907418, 1, 

229,894,0.001, 0.0766431, 0.0789633, 0.101249, 0.113977, 0.321817, 0.322164, 0.368712, 0.380542, 0.402525, 0.42742, 0.429062, 0.891572, 0.90097, 0.91526, 1, 

Generation #2
217,718,0.001, 0.038549, 0.0512358, 0.0762603, 0.16259, 0.205045, 0.218216, 0.23276, 0.260129, 0.318162, 0.412496, 0.507049, 0.54922, 0.154838, 0.705154, 0.707781, 0.775009, 0.715608, 0.777144, 0.962974, 1, 

242,568,0.001, 0.0297692, 0.0472456, 0.0644364, 0.0683987, 0.0979398, 0.115533, 0.158537, 0.175416, 0.202475, 0.207293, 0.211629, 0.411641, 0.278607, 0.330102, 0.334743, 0.378408, 0.802076, 0.842239, 0.873341, 0.89584, 0.905513, 0.97504, 0.977118, 1, 

212,772,0.001, 0.0232863, 0.0862501, 0.0962511, 0.0995047, 0.132621, 0.169609, 0.185833, 0.217512, 0.354562, 0.998824, 1, 

226,589,0.001, 0.0456312, 0.0467525, 0.0472714, 0.0854192, 0.130172, 0.17436, 0.157549, 0.183051, 0.263675, 0.325981, 0.364029, 0.428767, 0.433495, 0.528641, 0.538614, 0.541981, 0.650976, 0.685633, 0.693686, 0.725461, 0.89063, 0.947503, 0.964275, 0.979372, 1, 

267,561,0.001, 0.0270621, 0.0304653, 0.0850645, 0.0953935, 0.136931, 0.148961, 0.162567, 0.164441, 0.199786, 0.229681, 0.24297, 0.270143, 0.278397, 0.285509, 0.367807, 0.402767, 0.501179, 0.549133, 0.555168, 0.645022, 0.704544, 0.89914, 0.907418, 1, 

Generation #3
242,568,0.001, 0.0297692, 0.0472456, 0.0644364, 0.0683987, 0.0979398, 0.115533, 0.158537, 0.175416, 0.202475, 0.207293, 0.211629, 0.411641, 0.278607, 0.330102, 0.334743, 0.378408, 0.802076, 0.842239, 0.873341, 0.89584, 0.905513, 0.97504, 0.977118, 1, 

212,772,0.001, 0.0232863, 0.0862501, 0.0962511, 0.0995047, 0.132621, 0.169609, 0.185833, 0.217512, 0.354562, 0.998824, 1, 

226,589,0.001, 0.0456312, 0.0467525, 0.0472714, 0.0854192, 0.130172, 0.17436, 0.157549, 0.183051, 0.263675, 0.325981, 0.364029, 0.428767, 0.433495, 0.528641, 0.538614, 0.541981, 0.650976, 0.685633, 0.693686, 0.725461, 0.89063, 0.947503, 0.964275, 0.979372, 1, 

267,561,0.001, 0.0270621, 0.0304653, 0.0850645, 0.0953935, 0.136931, 0.148961, 0.162567, 0.164441, 0.199786, 0.229681, 0.24297, 0.270143, 0.278397, 0.285509, 0.367807, 0.402767, 0.501179, 0.549133, 0.555168, 0.645022, 0.704544, 0.89914, 0.907418, 1, 

248,567,0.001, 0.0422209, 0.0513598, 0.0533333, 0.119848, 0.130765, 0.243663, 0.283958, 0.287712, 0.310397, 0.314887, 0.338702, 0.351648, 0.429271, 0.450382, 0.464596, 0.470644, 0.501179, 0.549133, 0.555168, 0.645022, 0.704544, 0.729754, 0.732771, 0.767127, 0.788859, 0.847891, 0.85036, 0.856174, 0.900113, 1, 

216,668,0.001, 0.0297692, 0.0472456, 0.0644364, 0.0683987, 0.115533, 0.185833, 0.217512, 0.354562, 0.998824, 1, 

Generation #4
242,568,0.001, 0.0297692, 0.0472456, 0.0644364, 0.0683987, 0.0979398, 0.115533, 0.158537, 0.175416, 0.202475, 0.207293, 0.211629, 0.411641, 0.278607, 0.330102, 0.334743, 0.378408, 0.802076, 0.842239, 0.873341, 0.89584, 0.905513, 0.97504, 0.977118, 1, 

212,772,0.001, 0.0232863, 0.0862501, 0.0962511, 0.0995047, 0.132621, 0.169609, 0.185833, 0.217512, 0.354562, 0.998824, 1, 

226,589,0.001, 0.0456312, 0.0467525, 0.0472714, 0.0854192, 0.130172, 0.17436, 0.157549, 0.183051, 0.263675, 0.325981, 0.364029, 0.428767, 0.433495, 0.528641, 0.538614, 0.541981, 0.650976, 0.685633, 0.693686, 0.725461, 0.89063, 0.947503, 0.964275, 0.979372, 1, 

248,567,0.001, 0.0422209, 0.0513598, 0.0533333, 0.119848, 0.130765, 0.243663, 0.283958, 0.287712, 0.310397, 0.314887, 0.338702, 0.351648, 0.429271, 0.450382, 0.464596, 0.470644, 0.501179, 0.549133, 0.555168, 0.645022, 0.704544, 0.729754, 0.732771, 0.767127, 0.788859, 0.847891, 0.85036, 0.856174, 0.900113, 1, 

216,668,0.001, 0.0297692, 0.0472456, 0.0644364, 0.0683987, 0.115533, 0.185833, 0.217512, 0.354562, 0.998824, 1, 

265,547,0.001, 0.0297692, 0.0472456, 0.0644364, 0.0683987, 0.0979398, 0.115533, 0.158537, 0.175416, 0.202475, 0.207293, 0.211629, 0.278607, 0.330102, 0.334743, 0.378408, 0.506003, 0.531772, 0.53256, 0.602396, 0.625674, 0.661436, 0.668369, 0.769132, 0.816879, 0.874273, 0.947917, 0.997657, 1, 

249,555,0.001, 0.0297692, 0.0472456, 0.0644364, 0.0683987, 0.115533, 0.185833, 0.217512, 0.183051, 0.263675, 0.325981, 0.364029, 0.428767, 0.433495, 0.528641, 0.538614, 0.541981, 0.650976, 0.685633, 0.693686, 0.725461, 0.89063, 0.947503, 0.964275, 0.979372, 1, 

213,756,0.001, 0.038549, 0.0512358, 0.0762603, 0.16259, 0.130172, 0.17436, 0.248527, 0.252054, 0.324525, 0.397537, 0.436555, 0.735224, 0.803738, 0.902304, 0.973151, 1, 

Generation #5
242,568,0.001, 0.0297692, 0.0472456, 0.0644364, 0.0683987, 0.0979398, 0.115533, 0.158537, 0.175416, 0.202475, 0.207293, 0.211629, 0.411641, 0.278607, 0.330102, 0.334743, 0.378408, 0.802076, 0.842239, 0.873341, 0.89584, 0.905513, 0.97504, 0.977118, 1, 

212,772,0.001, 0.0232863, 0.0862501, 0.0962511, 0.0995047, 0.132621, 0.169609, 0.185833, 0.217512, 0.354562, 0.998824, 1, 

226,589,0.001, 0.0456312, 0.0467525, 0.0472714, 0.0854192, 0.130172, 0.17436, 0.157549, 0.183051, 0.263675, 0.325981, 0.364029, 0.428767, 0.433495, 0.528641, 0.538614, 0.541981, 0.650976, 0.685633, 0.693686, 0.725461, 0.89063, 0.947503, 0.964275, 0.979372, 1, 

248,567,0.001, 0.0422209, 0.0513598, 0.0533333, 0.119848, 0.130765, 0.243663, 0.283958, 0.287712, 0.310397, 0.314887, 0.338702, 0.351648, 0.429271, 0.450382, 0.464596, 0.470644, 0.501179, 0.549133, 0.555168, 0.645022, 0.704544, 0.729754, 0.732771, 0.767127, 0.788859, 0.847891, 0.85036, 0.856174, 0.900113, 1, 

216,668,0.001, 0.0297692, 0.0472456, 0.0644364, 0.0683987, 0.115533, 0.185833, 0.217512, 0.354562, 0.998824, 1, 

265,547,0.001, 0.0297692, 0.0472456, 0.0644364, 0.0683987, 0.0979398, 0.115533, 0.158537, 0.175416, 0.202475, 0.207293, 0.211629, 0.278607, 0.330102, 0.334743, 0.378408, 0.506003, 0.531772, 0.53256, 0.602396, 0.625674, 0.661436, 0.668369, 0.769132, 0.816879, 0.874273, 0.947917, 0.997657, 1, 

249,555,0.001, 0.0297692, 0.0472456, 0.0644364, 0.0683987, 0.115533, 0.185833, 0.217512, 0.183051, 0.263675, 0.325981, 0.364029, 0.428767, 0.433495, 0.528641, 0.538614, 0.541981, 0.650976, 0.685633, 0.693686, 0.725461, 0.89063, 0.947503, 0.964275, 0.979372, 1, 

213,756,0.001, 0.038549, 0.0512358, 0.0762603, 0.16259, 0.130172, 0.17436, 0.248527, 0.252054, 0.324525, 0.397537, 0.436555, 0.735224, 0.803738, 0.902304, 0.973151, 1, 

255,550,0.001, 0.0297692, 0.0472456, 0.0644364, 0.0683987, 0.0979398, 0.115533, 0.158537, 0.175416, 0.202475, 0.207293, 0.211629, 0.21238, 0.411641, 0.278607, 0.330102, 0.334743, 0.0924332, 0.929742, 0.959259, 1, 

Generation #6
212,772,0.001, 0.0232863, 0.0862501, 0.0962511, 0.0995047, 0.132621, 0.169609, 0.185833, 0.217512, 0.354562, 0.998824, 1, 

226,589,0.001, 0.0456312, 0.0467525, 0.0472714, 0.0854192, 0.130172, 0.17436, 0.157549, 0.183051, 0.263675, 0.325981, 0.364029, 0.428767, 0.433495, 0.528641, 0.538614, 0.541981, 0.650976, 0.685633, 0.693686, 0.725461, 0.89063, 0.947503, 0.964275, 0.979372, 1, 

216,668,0.001, 0.0297692, 0.0472456, 0.0644364, 0.0683987, 0.115533, 0.185833, 0.217512, 0.354562, 0.998824, 1, 

213,756,0.001, 0.038549, 0.0512358, 0.0762603, 0.16259, 0.130172, 0.17436, 0.248527, 0.252054, 0.324525, 0.397537, 0.436555, 0.735224, 0.803738, 0.902304, 0.973151, 1, 

245,539,0.001, 0.0297692, 0.0472456, 0.0644364, 0.0683987, 0.0979398, 0.115533, 0.158537, 0.175416, 0.202475, 0.207293, 0.211629, 0.411641, 0.278607, 0.637041, 0.656045, 0.671797, 0.715608, 0.777144, 0.0504982, 1, 

242,547,0.001, 0.0297692, 0.0472456, 0.0644364, 0.0683987, 0.0979398, 0.115533, 0.158537, 0.175416, 0.202475, 0.207293, 0.211629, 0.21238, 0.411641, 0.278607, 0.330102, 0.334743, 0.378408, 0.777144, 0.0504982, 1, 

Generation #7
212,772,0.001, 0.0232863, 0.0862501, 0.0962511, 0.0995047, 0.132621, 0.169609, 0.185833, 0.217512, 0.354562, 0.998824, 1, 

226,589,0.001, 0.0456312, 0.0467525, 0.0472714, 0.0854192, 0.130172, 0.17436, 0.157549, 0.183051, 0.263675, 0.325981, 0.364029, 0.428767, 0.433495, 0.528641, 0.538614, 0.541981, 0.650976, 0.685633, 0.693686, 0.725461, 0.89063, 0.947503, 0.964275, 0.979372, 1, 

216,668,0.001, 0.0297692, 0.0472456, 0.0644364, 0.0683987, 0.115533, 0.185833, 0.217512, 0.354562, 0.998824, 1, 

213,756,0.001, 0.038549, 0.0512358, 0.0762603, 0.16259, 0.130172, 0.17436, 0.248527, 0.252054, 0.324525, 0.397537, 0.436555, 0.735224, 0.803738, 0.902304, 0.973151, 1, 

245,539,0.001, 0.0297692, 0.0472456, 0.0644364, 0.0683987, 0.0979398, 0.115533, 0.158537, 0.175416, 0.202475, 0.207293, 0.211629, 0.411641, 0.278607, 0.637041, 0.656045, 0.671797, 0.715608, 0.777144, 0.0504982, 1, 

242,547,0.001, 0.0297692, 0.0472456, 0.0644364, 0.0683987, 0.0979398, 0.115533, 0.158537, 0.175416, 0.202475, 0.207293, 0.211629, 0.21238, 0.411641, 0.278607, 0.330102, 0.334743, 0.378408, 0.777144, 0.0504982, 1, 

236,550,0.001, 0.0297692, 0.0472456, 0.0644364, 0.0683987, 0.0979398, 0.115533, 0.158537, 0.175416, 0.202475, 0.397537, 0.436555, 0.735224, 0.803738, 0.902304, 0.973151, 1, 

234,574,0.001, 0.0456312, 0.0467525, 0.0472714, 0.0683987, 0.0979398, 0.115533, 0.158537, 0.175416, 0.202475, 0.207293, 0.211629, 0.278607, 0.330102, 0.334743, 0.490603, 0.565454, 0.639956, 0.747338, 1, 

Generation #8
212,772,0.001, 0.0232863, 0.0862501, 0.0962511, 0.0995047, 0.132621, 0.169609, 0.185833, 0.217512, 0.354562, 0.998824, 1, 

226,589,0.001, 0.0456312, 0.0467525, 0.0472714, 0.0854192, 0.130172, 0.17436, 0.157549, 0.183051, 0.263675, 0.325981, 0.364029, 0.428767, 0.433495, 0.528641, 0.538614, 0.541981, 0.650976, 0.685633, 0.693686, 0.725461, 0.89063, 0.947503, 0.964275, 0.979372, 1, 

216,668,0.001, 0.0297692, 0.0472456, 0.0644364, 0.0683987, 0.115533, 0.185833, 0.217512, 0.354562, 0.998824, 1, 

213,756,0.001, 0.038549, 0.0512358, 0.0762603, 0.16259, 0.130172, 0.17436, 0.248527, 0.252054, 0.324525, 0.397537, 0.436555, 0.735224, 0.803738, 0.902304, 0.973151, 1, 

236,550,0.001, 0.0297692, 0.0472456, 0.0644364, 0.0683987, 0.0979398, 0.115533, 0.158537, 0.175416, 0.202475, 0.397537, 0.436555, 0.735224, 0.803738, 0.902304, 0.973151, 1, 

234,574,0.001, 0.0456312, 0.0467525, 0.0472714, 0.0683987, 0.0979398, 0.115533, 0.158537, 0.175416, 0.202475, 0.207293, 0.211629, 0.278607, 0.330102, 0.334743, 0.490603, 0.565454, 0.639956, 0.747338, 1, 

258,503,0.001, 0.038549, 0.0472456, 0.0644364, 0.0683987, 0.0979398, 0.115533, 0.158537, 0.175416, 0.202475, 0.207293, 0.211629, 0.411641, 0.278607, 0.637041, 0.656045, 0.671797, 0.715608, 0.0504982, 1, 

242,515,0.001, 0.0232863, 0.0484279, 0.0644364, 0.0683987, 0.0979398, 0.115533, 0.158537, 0.175416, 0.202475, 0.207293, 0.211629, 0.411641, 0.278607, 0.330102, 0.334743, 0.378408, 0.506003, 0.531772, 0.53256, 0.557946, 0.635161, 0.63725, 0.648811, 0.691421, 0.698747, 0.739602, 0.745544, 1, 

Generation #9
212,772,0.001, 0.0232863, 0.0862501, 0.0962511, 0.0995047, 0.132621, 0.169609, 0.185833, 0.217512, 0.354562, 0.998824, 1, 

226,589,0.001, 0.0456312, 0.0467525, 0.0472714, 0.0854192, 0.130172, 0.17436, 0.157549, 0.183051, 0.263675, 0.325981, 0.364029, 0.428767, 0.433495, 0.528641, 0.538614, 0.541981, 0.650976, 0.685633, 0.693686, 0.725461, 0.89063, 0.947503, 0.964275, 0.979372, 1, 

216,668,0.001, 0.0297692, 0.0472456, 0.0644364, 0.0683987, 0.115533, 0.185833, 0.217512, 0.354562, 0.998824, 1, 

213,756,0.001, 0.038549, 0.0512358, 0.0762603, 0.16259, 0.130172, 0.17436, 0.248527, 0.252054, 0.324525, 0.397537, 0.436555, 0.735224, 0.803738, 0.902304, 0.973151, 1, 

242,515,0.001, 0.0232863, 0.0484279, 0.0644364, 0.0683987, 0.0979398, 0.115533, 0.158537, 0.175416, 0.202475, 0.207293, 0.211629, 0.411641, 0.278607, 0.330102, 0.334743, 0.378408, 0.506003, 0.531772, 0.53256, 0.557946, 0.635161, 0.63725, 0.648811, 0.691421, 0.698747, 0.739602, 0.745544, 1, 

244,492,0.001, 0.0297692, 0.0472456, 0.0644364, 0.0683987, 0.0979398, 0.115533, 0.158537, 0.175416, 0.202475, 0.207293, 0.211629, 0.411641, 0.278607, 0.330102, 0.334743, 0.378408, 0.506003, 0.531772, 0.53256, 0.557946, 0.635161, 0.63725, 0.648811, 0.691421, 0.698747, 0.739602, 0.745544, 1, 

228,549,0.001, 0.0297692, 0.0472456, 0.0644364, 0.0683987, 0.0979398, 0.115533, 0.158537, 0.175416, 0.202475, 0.211629, 0.278607, 0.330102, 0.334743, 0.378408, 0.506003, 0.531772, 0.53256, 0.602396, 0.625674, 0.661436, 0.668369, 0.769132, 0.816879, 0.874273, 0.947917, 0.997657, 1, 

281,476,0.001, 0.0232863, 0.0484279, 0.0644364, 0.0683987, 0.0979398, 0.115533, 0.162567, 0.164441, 0.199786, 0.229681, 0.24297, 0.270143, 0.531285, 0.285509, 0.367807, 0.402767, 0.497156, 0.598498, 0.600183, 0.741646, 0.772482, 0.947503, 0.964275, 0.979372, 1, 

Generation #10
212,772,0.001, 0.0232863, 0.0862501, 0.0962511, 0.0995047, 0.132621, 0.169609, 0.185833, 0.217512, 0.354562, 0.998824, 1, 

226,589,0.001, 0.0456312, 0.0467525, 0.0472714, 0.0854192, 0.130172, 0.17436, 0.157549, 0.183051, 0.263675, 0.325981, 0.364029, 0.428767, 0.433495, 0.528641, 0.538614, 0.541981, 0.650976, 0.685633, 0.693686, 0.725461, 0.89063, 0.947503, 0.964275, 0.979372, 1, 

216,668,0.001, 0.0297692, 0.0472456, 0.0644364, 0.0683987, 0.115533, 0.185833, 0.217512, 0.354562, 0.998824, 1, 

213,756,0.001, 0.038549, 0.0512358, 0.0762603, 0.16259, 0.130172, 0.17436, 0.248527, 0.252054, 0.324525, 0.397537, 0.436555, 0.735224, 0.803738, 0.902304, 0.973151, 1, 

242,515,0.001, 0.0232863, 0.0484279, 0.0644364, 0.0683987, 0.0979398, 0.115533, 0.158537, 0.175416, 0.202475, 0.207293, 0.211629, 0.411641, 0.278607, 0.330102, 0.334743, 0.378408, 0.506003, 0.531772, 0.53256, 0.557946, 0.635161, 0.63725, 0.648811, 0.691421, 0.698747, 0.739602, 0.745544, 1, 

244,492,0.001, 0.0297692, 0.0472456, 0.0644364, 0.0683987, 0.0979398, 0.115533, 0.158537, 0.175416, 0.202475, 0.207293, 0.211629, 0.411641, 0.278607, 0.330102, 0.334743, 0.378408, 0.506003, 0.531772, 0.53256, 0.557946, 0.635161, 0.63725, 0.648811, 0.691421, 0.698747, 0.739602, 0.745544, 1, 

228,549,0.001, 0.0297692, 0.0472456, 0.0644364, 0.0683987, 0.0979398, 0.115533, 0.158537, 0.175416, 0.202475, 0.211629, 0.278607, 0.330102, 0.334743, 0.378408, 0.506003, 0.531772, 0.53256, 0.602396, 0.625674, 0.661436, 0.668369, 0.769132, 0.816879, 0.874273, 0.947917, 0.997657, 1, 

281,476,0.001, 0.0232863, 0.0484279, 0.0644364, 0.0683987, 0.0979398, 0.115533, 0.162567, 0.164441, 0.199786, 0.229681, 0.24297, 0.270143, 0.531285, 0.285509, 0.367807, 0.402767, 0.497156, 0.598498, 0.600183, 0.741646, 0.772482, 0.947503, 0.964275, 0.979372, 1, 

219,596,0.001, 0.0297692, 0.0472456, 0.0644364, 0.0683987, 0.0979398, 0.115533, 0.158537, 0.175416, 0.202475, 0.211629, 0.278607, 0.330102, 0.334743, 0.378408, 0.506003, 0.531772, 0.53256, 0.602396, 0.625674, 1, 

230,538,0.001, 0.0297692, 0.0472456, 0.0644364, 0.0683987, 0.0979398, 0.115533, 0.158537, 0.175416, 0.202475, 0.211629, 0.278607, 0.330102, 0.334743, 0.378408, 0.506003, 0.531772, 0.53256, 0.602396, 0.625674, 0.661436, 0.668369, 0.769132, 0.816879, 0.874273, 0.947917, 0.997657, 1, 

Generation #11
212,772,0.001, 0.0232863, 0.0862501, 0.0962511, 0.0995047, 0.132621, 0.169609, 0.185833, 0.217512, 0.354562, 0.998824, 1, 

216,668,0.001, 0.0297692, 0.0472456, 0.0644364, 0.0683987, 0.115533, 0.185833, 0.217512, 0.354562, 0.998824, 1, 

213,756,0.001, 0.038549, 0.0512358, 0.0762603, 0.16259, 0.130172, 0.17436, 0.248527, 0.252054, 0.324525, 0.397537, 0.436555, 0.735224, 0.803738, 0.902304, 0.973151, 1, 

242,515,0.001, 0.0232863, 0.0484279, 0.0644364, 0.0683987, 0.0979398, 0.115533, 0.158537, 0.175416, 0.202475, 0.207293, 0.211629, 0.411641, 0.278607, 0.330102, 0.334743, 0.378408, 0.506003, 0.531772, 0.53256, 0.557946, 0.635161, 0.63725, 0.648811, 0.691421, 0.698747, 0.739602, 0.745544, 1, 

244,492,0.001, 0.0297692, 0.0472456, 0.0644364, 0.0683987, 0.0979398, 0.115533, 0.158537, 0.175416, 0.202475, 0.207293, 0.211629, 0.411641, 0.278607, 0.330102, 0.334743, 0.378408, 0.506003, 0.531772, 0.53256, 0.557946, 0.635161, 0.63725, 0.648811, 0.691421, 0.698747, 0.739602, 0.745544, 1, 

281,476,0.001, 0.0232863, 0.0484279, 0.0644364, 0.0683987, 0.0979398, 0.115533, 0.162567, 0.164441, 0.199786, 0.229681, 0.24297, 0.270143, 0.531285, 0.285509, 0.367807, 0.402767, 0.497156, 0.598498, 0.600183, 0.741646, 0.772482, 0.947503, 0.964275, 0.979372, 1, 

219,596,0.001, 0.0297692, 0.0472456, 0.0644364, 0.0683987, 0.0979398, 0.115533, 0.158537, 0.175416, 0.202475, 0.211629, 0.278607, 0.330102, 0.334743, 0.378408, 0.506003, 0.531772, 0.53256, 0.602396, 0.625674, 1, 

230,538,0.001, 0.0297692, 0.0472456, 0.0644364, 0.0683987, 0.0979398, 0.115533, 0.158537, 0.175416, 0.202475, 0.211629, 0.278607, 0.330102, 0.334743, 0.378408, 0.506003, 0.531772, 0.53256, 0.602396, 0.625674, 0.661436, 0.668369, 0.769132, 0.816879, 0.874273, 0.947917, 0.997657, 1, 

220,540,0.001, 0.0297692, 0.0472456, 0.0644364, 0.0683987, 0.0979398, 0.115533, 0.158537, 0.175416, 0.202475, 0.211629, 0.278607, 0.330102, 0.334743, 0.378408, 0.506003, 0.776832, 0.53256, 0.602396, 0.625674, 1, 

250,477,0.001, 0.0297692, 0.0472456, 0.0644364, 0.0683987, 0.0979398, 0.115533, 0.162567, 0.164441, 0.199786, 0.229681, 0.24297, 0.270143, 0.531285, 0.285509, 0.367807, 0.402767, 0.497156, 0.598498, 0.600183, 0.741646, 0.772482, 0.947503, 0.964275, 0.979372, 1, 

240,526,0.001, 0.038549, 0.0472456, 0.0644364, 0.0683987, 0.0979398, 0.115533, 0.158537, 0.175416, 0.202475, 0.207293, 0.211629, 0.411641, 0.278607, 0.637041, 0.656045, 0.671797, 0.715608, 0.501179, 0.549133, 0.555168, 0.645022, 0.704544, 0.89914, 0.907418, 1, 

Generation #12
212,772,0.001, 0.0232863, 0.0862501, 0.0962511, 0.0995047, 0.132621, 0.169609, 0.185833, 0.217512, 0.354562, 0.998824, 1, 

216,668,0.001, 0.0297692, 0.0472456, 0.0644364, 0.0683987, 0.115533, 0.185833, 0.217512, 0.354562, 0.998824, 1, 

213,756,0.001, 0.038549, 0.0512358, 0.0762603, 0.16259, 0.130172, 0.17436, 0.248527, 0.252054, 0.324525, 0.397537, 0.436555, 0.735224, 0.803738, 0.902304, 0.973151, 1, 

242,515,0.001, 0.0232863, 0.0484279, 0.0644364, 0.0683987, 0.0979398, 0.115533, 0.158537, 0.175416, 0.202475, 0.207293, 0.211629, 0.411641, 0.278607, 0.330102, 0.334743, 0.378408, 0.506003, 0.531772, 0.53256, 0.557946, 0.635161, 0.63725, 0.648811, 0.691421, 0.698747, 0.739602, 0.745544, 1, 

244,492,0.001, 0.0297692, 0.0472456, 0.0644364, 0.0683987, 0.0979398, 0.115533, 0.158537, 0.175416, 0.202475, 0.207293, 0.211629, 0.411641, 0.278607, 0.330102, 0.334743, 0.378408, 0.506003, 0.531772, 0.53256, 0.557946, 0.635161, 0.63725, 0.648811, 0.691421, 0.698747, 0.739602, 0.745544, 1, 

219,596,0.001, 0.0297692, 0.0472456, 0.0644364, 0.0683987, 0.0979398, 0.115533, 0.158537, 0.175416, 0.202475, 0.211629, 0.278607, 0.330102, 0.334743, 0.378408, 0.506003, 0.531772, 0.53256, 0.602396, 0.625674, 1, 

230,538,0.001, 0.0297692, 0.0472456, 0.0644364, 0.0683987, 0.0979398, 0.115533, 0.158537, 0.175416, 0.202475, 0.211629, 0.278607, 0.330102, 0.334743, 0.378408, 0.506003, 0.531772, 0.53256, 0.602396, 0.625674, 0.661436, 0.668369, 0.769132, 0.816879, 0.874273, 0.947917, 0.997657, 1, 

220,540,0.001, 0.0297692, 0.0472456, 0.0644364, 0.0683987, 0.0979398, 0.115533, 0.158537, 0.175416, 0.202475, 0.211629, 0.278607, 0.330102, 0.334743, 0.378408, 0.506003, 0.776832, 0.53256, 0.602396, 0.625674, 1, 

250,477,0.001, 0.0297692, 0.0472456, 0.0644364, 0.0683987, 0.0979398, 0.115533, 0.162567, 0.164441, 0.199786, 0.229681, 0.24297, 0.270143, 0.531285, 0.285509, 0.367807, 0.402767, 0.497156, 0.598498, 0.600183, 0.741646, 0.772482, 0.947503, 0.964275, 0.979372, 1, 

240,526,0.001, 0.038549, 0.0472456, 0.0644364, 0.0683987, 0.0979398, 0.115533, 0.158537, 0.175416, 0.202475, 0.207293, 0.211629, 0.411641, 0.278607, 0.637041, 0.656045, 0.671797, 0.715608, 0.501179, 0.549133, 0.555168, 0.645022, 0.704544, 0.89914, 0.907418, 1, 

255,457,0.001, 0.0232863, 0.0484279, 0.0644364, 0.0683987, 0.0979398, 0.169609, 0.185833, 0.217512, 0.202475, 0.207293, 0.211629, 0.278607, 0.330102, 0.334743, 0.490603, 0.565454, 0.639956, 0.747338, 1, 

Generation #13
212,772,0.001, 0.0232863, 0.0862501, 0.0962511, 0.0995047, 0.132621, 0.169609, 0.185833, 0.217512, 0.354562, 0.998824, 1, 

216,668,0.001, 0.0297692, 0.0472456, 0.0644364, 0.0683987, 0.115533, 0.185833, 0.217512, 0.354562, 0.998824, 1, 

213,756,0.001, 0.038549, 0.0512358, 0.0762603, 0.16259, 0.130172, 0.17436, 0.248527, 0.252054, 0.324525, 0.397537, 0.436555, 0.735224, 0.803738, 0.902304, 0.973151, 1, 

242,515,0.001, 0.0232863, 0.0484279, 0.0644364, 0.0683987, 0.0979398, 0.115533, 0.158537, 0.175416, 0.202475, 0.207293, 0.211629, 0.411641, 0.278607, 0.330102, 0.334743, 0.378408, 0.506003, 0.531772, 0.53256, 0.557946, 0.635161, 0.63725, 0.648811, 0.691421, 0.698747, 0.739602, 0.745544, 1, 

244,492,0.001, 0.0297692, 0.0472456, 0.0644364, 0.0683987, 0.0979398, 0.115533, 0.158537, 0.175416, 0.202475, 0.207293, 0.211629, 0.411641, 0.278607, 0.330102, 0.334743, 0.378408, 0.506003, 0.531772, 0.53256, 0.557946, 0.635161, 0.63725, 0.648811, 0.691421, 0.698747, 0.739602, 0.745544, 1, 

219,596,0.001, 0.0297692, 0.0472456, 0.0644364, 0.0683987, 0.0979398, 0.115533, 0.158537, 0.175416, 0.202475, 0.211629, 0.278607, 0.330102, 0.334743, 0.378408, 0.506003, 0.531772, 0.53256, 0.602396, 0.625674, 1, 

230,538,0.001, 0.0297692, 0.0472456, 0.0644364, 0.0683987, 0.0979398, 0.115533, 0.158537, 0.175416, 0.202475, 0.211629, 0.278607, 0.330102, 0.334743, 0.378408, 0.506003, 0.531772, 0.53256, 0.602396, 0.625674, 0.661436, 0.668369, 0.769132, 0.816879, 0.874273, 0.947917, 0.997657, 1, 

220,540,0.001, 0.0297692, 0.0472456, 0.0644364, 0.0683987, 0.0979398, 0.115533, 0.158537, 0.175416, 0.202475, 0.211629, 0.278607, 0.330102, 0.334743, 0.378408, 0.506003, 0.776832, 0.53256, 0.602396, 0.625674, 1, 

250,477,0.001, 0.0297692, 0.0472456, 0.0644364, 0.0683987, 0.0979398, 0.115533, 0.162567, 0.164441, 0.199786, 0.229681, 0.24297, 0.270143, 0.531285, 0.285509, 0.367807, 0.402767, 0.497156, 0.598498, 0.600183, 0.741646, 0.772482, 0.947503, 0.964275, 0.979372, 1, 

240,526,0.001, 0.038549, 0.0472456, 0.0644364, 0.0683987, 0.0979398, 0.115533, 0.158537, 0.175416, 0.202475, 0.207293, 0.211629, 0.411641, 0.278607, 0.637041, 0.656045, 0.671797, 0.715608, 0.501179, 0.549133, 0.555168, 0.645022, 0.704544, 0.89914, 0.907418, 1, 

255,457,0.001, 0.0232863, 0.0484279, 0.0644364, 0.0683987, 0.0979398, 0.169609, 0.185833, 0.217512, 0.202475, 0.207293, 0.211629, 0.278607, 0.330102, 0.334743, 0.490603, 0.565454, 0.639956, 0.747338, 1, 

263,424,0.001, 0.0232863, 0.0484279, 0.0644364, 0.0683987, 0.0979398, 0.169609, 0.185833, 0.217512, 0.354562, 0.207293, 0.211629, 0.278607, 0.330102, 0.334743, 0.490603, 0.565454, 0.639956, 0.747338, 0.756304, 0.769686, 0.786021, 0.790367, 0.885551, 0.897392, 0.874273, 0.947917, 0.997657, 1, 

Generation #14
212,772,0.001, 0.0232863, 0.0862501, 0.0962511, 0.0995047, 0.132621, 0.169609, 0.185833, 0.217512, 0.354562, 0.998824, 1, 

216,668,0.001, 0.0297692, 0.0472456, 0.0644364, 0.0683987, 0.115533, 0.185833, 0.217512, 0.354562, 0.998824, 1, 

213,756,0.001, 0.038549, 0.0512358, 0.0762603, 0.16259, 0.130172, 0.17436, 0.248527, 0.252054, 0.324525, 0.397537, 0.436555, 0.735224, 0.803738, 0.902304, 0.973151, 1, 

242,515,0.001, 0.0232863, 0.0484279, 0.0644364, 0.0683987, 0.0979398, 0.115533, 0.158537, 0.175416, 0.202475, 0.207293, 0.211629, 0.411641, 0.278607, 0.330102, 0.334743, 0.378408, 0.506003, 0.531772, 0.53256, 0.557946, 0.635161, 0.63725, 0.648811, 0.691421, 0.698747, 0.739602, 0.745544, 1, 

244,492,0.001, 0.0297692, 0.0472456, 0.0644364, 0.0683987, 0.0979398, 0.115533, 0.158537, 0.175416, 0.202475, 0.207293, 0.211629, 0.411641, 0.278607, 0.330102, 0.334743, 0.378408, 0.506003, 0.531772, 0.53256, 0.557946, 0.635161, 0.63725, 0.648811, 0.691421, 0.698747, 0.739602, 0.745544, 1, 

219,596,0.001, 0.0297692, 0.0472456, 0.0644364, 0.0683987, 0.0979398, 0.115533, 0.158537, 0.175416, 0.202475, 0.211629, 0.278607, 0.330102, 0.334743, 0.378408, 0.506003, 0.531772, 0.53256, 0.602396, 0.625674, 1, 

230,538,0.001, 0.0297692, 0.0472456, 0.0644364, 0.0683987, 0.0979398, 0.115533, 0.158537, 0.175416, 0.202475, 0.211629, 0.278607, 0.330102, 0.334743, 0.378408, 0.506003, 0.531772, 0.53256, 0.602396, 0.625674, 0.661436, 0.668369, 0.769132, 0.816879, 0.874273, 0.947917, 0.997657, 1, 

220,540,0.001, 0.0297692, 0.0472456, 0.0644364, 0.0683987, 0.0979398, 0.115533, 0.158537, 0.175416, 0.202475, 0.211629, 0.278607, 0.330102, 0.334743, 0.378408, 0.506003, 0.776832, 0.53256, 0.602396, 0.625674, 1, 

250,477,0.001, 0.0297692, 0.0472456, 0.0644364, 0.0683987, 0.0979398, 0.115533, 0.162567, 0.164441, 0.199786, 0.229681, 0.24297, 0.270143, 0.531285, 0.285509, 0.367807, 0.402767, 0.497156, 0.598498, 0.600183, 0.741646, 0.772482, 0.947503, 0.964275, 0.979372, 1, 

240,526,0.001, 0.038549, 0.0472456, 0.0644364, 0.0683987, 0.0979398, 0.115533, 0.158537, 0.175416, 0.202475, 0.207293, 0.211629, 0.411641, 0.278607, 0.637041, 0.656045, 0.671797, 0.715608, 0.501179, 0.549133, 0.555168, 0.645022, 0.704544, 0.89914, 0.907418, 1, 

255,457,0.001, 0.0232863, 0.0484279, 0.0644364, 0.0683987, 0.0979398, 0.169609, 0.185833, 0.217512, 0.202475, 0.207293, 0.211629, 0.278607, 0.330102, 0.334743, 0.490603, 0.565454, 0.639956, 0.747338, 1, 

263,424,0.001, 0.0232863, 0.0484279, 0.0644364, 0.0683987, 0.0979398, 0.169609, 0.185833, 0.217512, 0.354562, 0.207293, 0.211629, 0.278607, 0.330102, 0.334743, 0.490603, 0.565454, 0.639956, 0.747338, 0.756304, 0.769686, 0.786021, 0.790367, 0.885551, 0.897392, 0.874273, 0.947917, 0.997657, 1, 

235,536,0.001, 0.0456312, 0.0467525, 0.0472714, 0.0854192, 0.130172, 0.17436, 0.157549, 0.183051, 0.0864584, 0.263675, 0.325981, 0.364029, 0.21238, 0.411641, 0.278607, 0.330102, 0.334743, 0.378408, 0.777144, 0.0504982, 1, 

Generation #15
212,772,0.001, 0.0232863, 0.0862501, 0.0962511, 0.0995047, 0.132621, 0.169609, 0.185833, 0.217512, 0.354562, 0.998824, 1, 

213,756,0.001, 0.038549, 0.0512358, 0.0762603, 0.16259, 0.130172, 0.17436, 0.248527, 0.252054, 0.324525, 0.397537, 0.436555, 0.735224, 0.803738, 0.902304, 0.973151, 1, 

219,596,0.001, 0.0297692, 0.0472456, 0.0644364, 0.0683987, 0.0979398, 0.115533, 0.158537, 0.175416, 0.202475, 0.211629, 0.278607, 0.330102, 0.334743, 0.378408, 0.506003, 0.531772, 0.53256, 0.602396, 0.625674, 1, 

230,538,0.001, 0.0297692, 0.0472456, 0.0644364, 0.0683987, 0.0979398, 0.115533, 0.158537, 0.175416, 0.202475, 0.211629, 0.278607, 0.330102, 0.334743, 0.378408, 0.506003, 0.531772, 0.53256, 0.602396, 0.625674, 0.661436, 0.668369, 0.769132, 0.816879, 0.874273, 0.947917, 0.997657, 1, 

220,540,0.001, 0.0297692, 0.0472456, 0.0644364, 0.0683987, 0.0979398, 0.115533, 0.158537, 0.175416, 0.202475, 0.211629, 0.278607, 0.330102, 0.334743, 0.378408, 0.506003, 0.776832, 0.53256, 0.602396, 0.625674, 1, 

240,526,0.001, 0.038549, 0.0472456, 0.0644364, 0.0683987, 0.0979398, 0.115533, 0.158537, 0.175416, 0.202475, 0.207293, 0.211629, 0.411641, 0.278607, 0.637041, 0.656045, 0.671797, 0.715608, 0.501179, 0.549133, 0.555168, 0.645022, 0.704544, 0.89914, 0.907418, 1, 

235,536,0.001, 0.0456312, 0.0467525, 0.0472714, 0.0854192, 0.130172, 0.17436, 0.157549, 0.183051, 0.0864584, 0.263675, 0.325981, 0.364029, 0.21238, 0.411641, 0.278607, 0.330102, 0.334743, 0.378408, 0.777144, 0.0504982, 1, 

214,631,0.001, 0.0232863, 0.0862501, 0.0962511, 0.0995047, 0.132621, 0.169609, 0.185833, 0.164441, 0.207293, 0.211629, 0.21238, 0.411641, 0.278607, 0.330102, 0.334743, 0.378408, 0.777144, 0.0504982, 1, 

242,418,0.001, 0.0297692, 0.0472456, 0.0644364, 0.0683987, 0.0979398, 0.115533, 0.158537, 0.175416, 0.202475, 0.211629, 0.278607, 0.330102, 0.334743, 0.378408, 0.506003, 0.531772, 0.53256, 0.602396, 0.625674, 0.661436, 0.668369, 0.769132, 0.816879, 0.874273, 0.947917, 0.997657, 1, 

Generation #16
212,772,0.001, 0.0232863, 0.0862501, 0.0962511, 0.0995047, 0.132621, 0.169609, 0.185833, 0.217512, 0.354562, 0.998824, 1, 

213,756,0.001, 0.038549, 0.0512358, 0.0762603, 0.16259, 0.130172, 0.17436, 0.248527, 0.252054, 0.324525, 0.397537, 0.436555, 0.735224, 0.803738, 0.902304, 0.973151, 1, 

219,596,0.001, 0.0297692, 0.0472456, 0.0644364, 0.0683987, 0.0979398, 0.115533, 0.158537, 0.175416, 0.202475, 0.211629, 0.278607, 0.330102, 0.334743, 0.378408, 0.506003, 0.531772, 0.53256, 0.602396, 0.625674, 1, 

230,538,0.001, 0.0297692, 0.0472456, 0.0644364, 0.0683987, 0.0979398, 0.115533, 0.158537, 0.175416, 0.202475, 0.211629, 0.278607, 0.330102, 0.334743, 0.378408, 0.506003, 0.531772, 0.53256, 0.602396, 0.625674, 0.661436, 0.668369, 0.769132, 0.816879, 0.874273, 0.947917, 0.997657, 1, 

220,540,0.001, 0.0297692, 0.0472456, 0.0644364, 0.0683987, 0.0979398, 0.115533, 0.158537, 0.175416, 0.202475, 0.211629, 0.278607, 0.330102, 0.334743, 0.378408, 0.506003, 0.776832, 0.53256, 0.602396, 0.625674, 1, 

235,536,0.001, 0.0456312, 0.0467525, 0.0472714, 0.0854192, 0.130172, 0.17436, 0.157549, 0.183051, 0.0864584, 0.263675, 0.325981, 0.364029, 0.21238, 0.411641, 0.278607, 0.330102, 0.334743, 0.378408, 0.777144, 0.0504982, 1, 

214,631,0.001, 0.0232863, 0.0862501, 0.0962511, 0.0995047, 0.132621, 0.169609, 0.185833, 0.164441, 0.207293, 0.211629, 0.21238, 0.411641, 0.278607, 0.330102, 0.334743, 0.378408, 0.777144, 0.0504982, 1, 

242,418,0.001, 0.0297692, 0.0472456, 0.0644364, 0.0683987, 0.0979398, 0.115533, 0.158537, 0.175416, 0.202475, 0.211629, 0.278607, 0.330102, 0.334743, 0.378408, 0.506003, 0.531772, 0.53256, 0.602396, 0.625674, 0.661436, 0.668369, 0.769132, 0.816879, 0.874273, 0.947917, 0.997657, 1, 

240,501,0.001, 0.0297692, 0.0472456, 0.0644364, 0.0683987, 0.0979398, 0.115533, 0.158537, 0.175416, 0.263675, 0.325981, 0.364029, 0.428767, 0.433495, 0.528641, 0.538614, 1, 

Generation #17
212,772,0.001, 0.0232863, 0.0862501, 0.0962511, 0.0995047, 0.132621, 0.169609, 0.185833, 0.217512, 0.354562, 0.998824, 1, 

213,756,0.001, 0.038549, 0.0512358, 0.0762603, 0.16259, 0.130172, 0.17436, 0.248527, 0.252054, 0.324525, 0.397537, 0.436555, 0.735224, 0.803738, 0.902304, 0.973151, 1, 

219,596,0.001, 0.0297692, 0.0472456, 0.0644364, 0.0683987, 0.0979398, 0.115533, 0.158537, 0.175416, 0.202475, 0.211629, 0.278607, 0.330102, 0.334743, 0.378408, 0.506003, 0.531772, 0.53256, 0.602396, 0.625674, 1, 

230,538,0.001, 0.0297692, 0.0472456, 0.0644364, 0.0683987, 0.0979398, 0.115533, 0.158537, 0.175416, 0.202475, 0.211629, 0.278607, 0.330102, 0.334743, 0.378408, 0.506003, 0.531772, 0.53256, 0.602396, 0.625674, 0.661436, 0.668369, 0.769132, 0.816879, 0.874273, 0.947917, 0.997657, 1, 

220,540,0.001, 0.0297692, 0.0472456, 0.0644364, 0.0683987, 0.0979398, 0.115533, 0.158537, 0.175416, 0.202475, 0.211629, 0.278607, 0.330102, 0.334743, 0.378408, 0.506003, 0.776832, 0.53256, 0.602396, 0.625674, 1, 

214,631,0.001, 0.0232863, 0.0862501, 0.0962511, 0.0995047, 0.132621, 0.169609, 0.185833, 0.164441, 0.207293, 0.211629, 0.21238, 0.411641, 0.278607, 0.330102, 0.334743, 0.378408, 0.777144, 0.0504982, 1, 

242,418,0.001, 0.0297692, 0.0472456, 0.0644364, 0.0683987, 0.0979398, 0.115533, 0.158537, 0.175416, 0.202475, 0.211629, 0.278607, 0.330102, 0.334743, 0.378408, 0.506003, 0.531772, 0.53256, 0.602396, 0.625674, 0.661436, 0.668369, 0.769132, 0.816879, 0.874273, 0.947917, 0.997657, 1, 

240,501,0.001, 0.0297692, 0.0472456, 0.0644364, 0.0683987, 0.0979398, 0.115533, 0.158537, 0.175416, 0.263675, 0.325981, 0.364029, 0.428767, 0.433495, 0.528641, 0.538614, 1, 

232,524,0.001, 0.0456312, 0.0467525, 0.0472714, 0.0683987, 0.0979398, 0.115533, 0.158537, 0.175416, 0.202475, 0.207293, 0.211629, 0.278607, 0.330102, 0.334743, 0.490603, 0.565454, 0.639956, 0.747338, 0.756304, 0.769686, 0.786021, 0.790367, 0.885551, 0.897392, 0.947917, 0.997657, 1, 

255,412,0.001, 0.022969, 0.0297692, 0.0484279, 0.0644364, 0.0683987, 0.0979398, 0.169609, 0.185833, 0.217512, 0.354562, 0.207293, 0.211629, 0.278607, 0.330102, 0.334743, 0.490603, 0.565454, 0.639956, 0.747338, 0.756304, 0.769686, 0.786021, 0.790367, 0.885551, 0.897392, 0.874273, 0.947917, 0.997657, 1, 

Generation #18
212,772,0.001, 0.0232863, 0.0862501, 0.0962511, 0.0995047, 0.132621, 0.169609, 0.185833, 0.217512, 0.354562, 0.998824, 1, 

213,756,0.001, 0.038549, 0.0512358, 0.0762603, 0.16259, 0.130172, 0.17436, 0.248527, 0.252054, 0.324525, 0.397537, 0.436555, 0.735224, 0.803738, 0.902304, 0.973151, 1, 

219,596,0.001, 0.0297692, 0.0472456, 0.0644364, 0.0683987, 0.0979398, 0.115533, 0.158537, 0.175416, 0.202475, 0.211629, 0.278607, 0.330102, 0.334743, 0.378408, 0.506003, 0.531772, 0.53256, 0.602396, 0.625674, 1, 

230,538,0.001, 0.0297692, 0.0472456, 0.0644364, 0.0683987, 0.0979398, 0.115533, 0.158537, 0.175416, 0.202475, 0.211629, 0.278607, 0.330102, 0.334743, 0.378408, 0.506003, 0.531772, 0.53256, 0.602396, 0.625674, 0.661436, 0.668369, 0.769132, 0.816879, 0.874273, 0.947917, 0.997657, 1, 

220,540,0.001, 0.0297692, 0.0472456, 0.0644364, 0.0683987, 0.0979398, 0.115533, 0.158537, 0.175416, 0.202475, 0.211629, 0.278607, 0.330102, 0.334743, 0.378408, 0.506003, 0.776832, 0.53256, 0.602396, 0.625674, 1, 

214,631,0.001, 0.0232863, 0.0862501, 0.0962511, 0.0995047, 0.132621, 0.169609, 0.185833, 0.164441, 0.207293, 0.211629, 0.21238, 0.411641, 0.278607, 0.330102, 0.334743, 0.378408, 0.777144, 0.0504982, 1, 

242,418,0.001, 0.0297692, 0.0472456, 0.0644364, 0.0683987, 0.0979398, 0.115533, 0.158537, 0.175416, 0.202475, 0.211629, 0.278607, 0.330102, 0.334743, 0.378408, 0.506003, 0.531772, 0.53256, 0.602396, 0.625674, 0.661436, 0.668369, 0.769132, 0.816879, 0.874273, 0.947917, 0.997657, 1, 

240,501,0.001, 0.0297692, 0.0472456, 0.0644364, 0.0683987, 0.0979398, 0.115533, 0.158537, 0.175416, 0.263675, 0.325981, 0.364029, 0.428767, 0.433495, 0.528641, 0.538614, 1, 

232,524,0.001, 0.0456312, 0.0467525, 0.0472714, 0.0683987, 0.0979398, 0.115533, 0.158537, 0.175416, 0.202475, 0.207293, 0.211629, 0.278607, 0.330102, 0.334743, 0.490603, 0.565454, 0.639956, 0.747338, 0.756304, 0.769686, 0.786021, 0.790367, 0.885551, 0.897392, 0.947917, 0.997657, 1, 

255,412,0.001, 0.022969, 0.0297692, 0.0484279, 0.0644364, 0.0683987, 0.0979398, 0.169609, 0.185833, 0.217512, 0.354562, 0.207293, 0.211629, 0.278607, 0.330102, 0.334743, 0.490603, 0.565454, 0.639956, 0.747338, 0.756304, 0.769686, 0.786021, 0.790367, 0.885551, 0.897392, 0.874273, 0.947917, 0.997657, 1, 

Generation #19
212,772,0.001, 0.0232863, 0.0862501, 0.0962511, 0.0995047, 0.132621, 0.169609, 0.185833, 0.217512, 0.354562, 0.998824, 1, 

213,756,0.001, 0.038549, 0.0512358, 0.0762603, 0.16259, 0.130172, 0.17436, 0.248527, 0.252054, 0.324525, 0.397537, 0.436555, 0.735224, 0.803738, 0.902304, 0.973151, 1, 

219,596,0.001, 0.0297692, 0.0472456, 0.0644364, 0.0683987, 0.0979398, 0.115533, 0.158537, 0.175416, 0.202475, 0.211629, 0.278607, 0.330102, 0.334743, 0.378408, 0.506003, 0.531772, 0.53256, 0.602396, 0.625674, 1, 

230,538,0.001, 0.0297692, 0.0472456, 0.0644364, 0.0683987, 0.0979398, 0.115533, 0.158537, 0.175416, 0.202475, 0.211629, 0.278607, 0.330102, 0.334743, 0.378408, 0.506003, 0.531772, 0.53256, 0.602396, 0.625674, 0.661436, 0.668369, 0.769132, 0.816879, 0.874273, 0.947917, 0.997657, 1, 

220,540,0.001, 0.0297692, 0.0472456, 0.0644364, 0.0683987, 0.0979398, 0.115533, 0.158537, 0.175416, 0.202475, 0.211629, 0.278607, 0.330102, 0.334743, 0.378408, 0.506003, 0.776832, 0.53256, 0.602396, 0.625674, 1, 

214,631,0.001, 0.0232863, 0.0862501, 0.0962511, 0.0995047, 0.132621, 0.169609, 0.185833, 0.164441, 0.207293, 0.211629, 0.21238, 0.411641, 0.278607, 0.330102, 0.334743, 0.378408, 0.777144, 0.0504982, 1, 

242,418,0.001, 0.0297692, 0.0472456, 0.0644364, 0.0683987, 0.0979398, 0.115533, 0.158537, 0.175416, 0.202475, 0.211629, 0.278607, 0.330102, 0.334743, 0.378408, 0.506003, 0.531772, 0.53256, 0.602396, 0.625674, 0.661436, 0.668369, 0.769132, 0.816879, 0.874273, 0.947917, 0.997657, 1, 

240,501,0.001, 0.0297692, 0.0472456, 0.0644364, 0.0683987, 0.0979398, 0.115533, 0.158537, 0.175416, 0.263675, 0.325981, 0.364029, 0.428767, 0.433495, 0.528641, 0.538614, 1, 

232,524,0.001, 0.0456312, 0.0467525, 0.0472714, 0.0683987, 0.0979398, 0.115533, 0.158537, 0.175416, 0.202475, 0.207293, 0.211629, 0.278607, 0.330102, 0.334743, 0.490603, 0.565454, 0.639956, 0.747338, 0.756304, 0.769686, 0.786021, 0.790367, 0.885551, 0.897392, 0.947917, 0.997657, 1, 

255,412,0.001, 0.022969, 0.0297692, 0.0484279, 0.0644364, 0.0683987, 0.0979398, 0.169609, 0.185833, 0.217512, 0.354562, 0.207293, 0.211629, 0.278607, 0.330102, 0.334743, 0.490603, 0.565454, 0.639956, 0.747338, 0.756304, 0.769686, 0.786021, 0.790367, 0.885551, 0.897392, 0.874273, 0.947917, 0.997657, 1, 

239,512,0.001, 0.0297692, 0.0472456, 0.0644364, 0.0683987, 0.0979398, 0.115533, 0.158537, 0.175416, 0.202475, 0.211629, 0.278607, 0.330102, 0.330102, 0.334743, 0.490603, 1, 

Generation #20
212,772,0.001, 0.0232863, 0.0862501, 0.0962511, 0.0995047, 0.132621, 0.169609, 0.185833, 0.217512, 0.354562, 0.998824, 1, 

213,756,0.001, 0.038549, 0.0512358, 0.0762603, 0.16259, 0.130172, 0.17436, 0.248527, 0.252054, 0.324525, 0.397537, 0.436555, 0.735224, 0.803738, 0.902304, 0.973151, 1, 

219,596,0.001, 0.0297692, 0.0472456, 0.0644364, 0.0683987, 0.0979398, 0.115533, 0.158537, 0.175416, 0.202475, 0.211629, 0.278607, 0.330102, 0.334743, 0.378408, 0.506003, 0.531772, 0.53256, 0.602396, 0.625674, 1, 

220,540,0.001, 0.0297692, 0.0472456, 0.0644364, 0.0683987, 0.0979398, 0.115533, 0.158537, 0.175416, 0.202475, 0.211629, 0.278607, 0.330102, 0.334743, 0.378408, 0.506003, 0.776832, 0.53256, 0.602396, 0.625674, 1, 

214,631,0.001, 0.0232863, 0.0862501, 0.0962511, 0.0995047, 0.132621, 0.169609, 0.185833, 0.164441, 0.207293, 0.211629, 0.21238, 0.411641, 0.278607, 0.330102, 0.334743, 0.378408, 0.777144, 0.0504982, 1, 

242,418,0.001, 0.0297692, 0.0472456, 0.0644364, 0.0683987, 0.0979398, 0.115533, 0.158537, 0.175416, 0.202475, 0.211629, 0.278607, 0.330102, 0.334743, 0.378408, 0.506003, 0.531772, 0.53256, 0.602396, 0.625674, 0.661436, 0.668369, 0.769132, 0.816879, 0.874273, 0.947917, 0.997657, 1, 

255,412,0.001, 0.022969, 0.0297692, 0.0484279, 0.0644364, 0.0683987, 0.0979398, 0.169609, 0.185833, 0.217512, 0.354562, 0.207293, 0.211629, 0.278607, 0.330102, 0.334743, 0.490603, 0.565454, 0.639956, 0.747338, 0.756304, 0.769686, 0.786021, 0.790367, 0.885551, 0.897392, 0.874273, 0.947917, 0.997657, 1, 

228,487,0.001, 0.0297692, 0.0472456, 0.0644364, 0.0683987, 0.0979398, 0.115533, 0.158537, 0.175416, 0.202475, 0.207293, 0.211629, 0.411641, 0.278607, 0.330102, 0.334743, 0.378408, 0.506003, 0.531772, 0.53256, 0.557946, 0.25953, 0.635161, 0.63725, 0.648811, 0.691421, 0.698747, 0.739602, 0.745544, 1, 

Generation #21
212,772,0.001, 0.0232863, 0.0862501, 0.0962511, 0.0995047, 0.132621, 0.169609, 0.185833, 0.217512, 0.354562, 0.998824, 1, 

213,756,0.001, 0.038549, 0.0512358, 0.0762603, 0.16259, 0.130172, 0.17436, 0.248527, 0.252054, 0.324525, 0.397537, 0.436555, 0.735224, 0.803738, 0.902304, 0.973151, 1, 

219,596,0.001, 0.0297692, 0.0472456, 0.0644364, 0.0683987, 0.0979398, 0.115533, 0.158537, 0.175416, 0.202475, 0.211629, 0.278607, 0.330102, 0.334743, 0.378408, 0.506003, 0.531772, 0.53256, 0.602396, 0.625674, 1, 

220,540,0.001, 0.0297692, 0.0472456, 0.0644364, 0.0683987, 0.0979398, 0.115533, 0.158537, 0.175416, 0.202475, 0.211629, 0.278607, 0.330102, 0.334743, 0.378408, 0.506003, 0.776832, 0.53256, 0.602396, 0.625674, 1, 

214,631,0.001, 0.0232863, 0.0862501, 0.0962511, 0.0995047, 0.132621, 0.169609, 0.185833, 0.164441, 0.207293, 0.211629, 0.21238, 0.411641, 0.278607, 0.330102, 0.334743, 0.378408, 0.777144, 0.0504982, 1, 

242,418,0.001, 0.0297692, 0.0472456, 0.0644364, 0.0683987, 0.0979398, 0.115533, 0.158537, 0.175416, 0.202475, 0.211629, 0.278607, 0.330102, 0.334743, 0.378408, 0.506003, 0.531772, 0.53256, 0.602396, 0.625674, 0.661436, 0.668369, 0.769132, 0.816879, 0.874273, 0.947917, 0.997657, 1, 

255,412,0.001, 0.022969, 0.0297692, 0.0484279, 0.0644364, 0.0683987, 0.0979398, 0.169609, 0.185833, 0.217512, 0.354562, 0.207293, 0.211629, 0.278607, 0.330102, 0.334743, 0.490603, 0.565454, 0.639956, 0.747338, 0.756304, 0.769686, 0.786021, 0.790367, 0.885551, 0.897392, 0.874273, 0.947917, 0.997657, 1, 

228,487,0.001, 0.0297692, 0.0472456, 0.0644364, 0.0683987, 0.0979398, 0.115533, 0.158537, 0.175416, 0.202475, 0.207293, 0.211629, 0.411641, 0.278607, 0.330102, 0.334743, 0.378408, 0.506003, 0.531772, 0.53256, 0.557946, 0.25953, 0.635161, 0.63725, 0.648811, 0.691421, 0.698747, 0.739602, 0.745544, 1, 

227,514,0.001, 0.0297692, 0.0472456, 0.0644364, 0.0683987, 0.0979398, 0.115533, 0.158537, 0.175416, 0.202475, 0.282414, 0.278607, 0.330102, 0.330102, 0.334743, 0.490603, 1, 

Generation #22
212,772,0.001, 0.0232863, 0.0862501, 0.0962511, 0.0995047, 0.132621, 0.169609, 0.185833, 0.217512, 0.354562, 0.998824, 1, 

213,756,0.001, 0.038549, 0.0512358, 0.0762603, 0.16259, 0.130172, 0.17436, 0.248527, 0.252054, 0.324525, 0.397537, 0.436555, 0.735224, 0.803738, 0.902304, 0.973151, 1, 

219,596,0.001, 0.0297692, 0.0472456, 0.0644364, 0.0683987, 0.0979398, 0.115533, 0.158537, 0.175416, 0.202475, 0.211629, 0.278607, 0.330102, 0.334743, 0.378408, 0.506003, 0.531772, 0.53256, 0.602396, 0.625674, 1, 

220,540,0.001, 0.0297692, 0.0472456, 0.0644364, 0.0683987, 0.0979398, 0.115533, 0.158537, 0.175416, 0.202475, 0.211629, 0.278607, 0.330102, 0.334743, 0.378408, 0.506003, 0.776832, 0.53256, 0.602396, 0.625674, 1, 

214,631,0.001, 0.0232863, 0.0862501, 0.0962511, 0.0995047, 0.132621, 0.169609, 0.185833, 0.164441, 0.207293, 0.211629, 0.21238, 0.411641, 0.278607, 0.330102, 0.334743, 0.378408, 0.777144, 0.0504982, 1, 

242,418,0.001, 0.0297692, 0.0472456, 0.0644364, 0.0683987, 0.0979398, 0.115533, 0.158537, 0.175416, 0.202475, 0.211629, 0.278607, 0.330102, 0.334743, 0.378408, 0.506003, 0.531772, 0.53256, 0.602396, 0.625674, 0.661436, 0.668369, 0.769132, 0.816879, 0.874273, 0.947917, 0.997657, 1, 

255,412,0.001, 0.022969, 0.0297692, 0.0484279, 0.0644364, 0.0683987, 0.0979398, 0.169609, 0.185833, 0.217512, 0.354562, 0.207293, 0.211629, 0.278607, 0.330102, 0.334743, 0.490603, 0.565454, 0.639956, 0.747338, 0.756304, 0.769686, 0.786021, 0.790367, 0.885551, 0.897392, 0.874273, 0.947917, 0.997657, 1, 

228,487,0.001, 0.0297692, 0.0472456, 0.0644364, 0.0683987, 0.0979398, 0.115533, 0.158537, 0.175416, 0.202475, 0.207293, 0.211629, 0.411641, 0.278607, 0.330102, 0.334743, 0.378408, 0.506003, 0.531772, 0.53256, 0.557946, 0.25953, 0.635161, 0.63725, 0.648811, 0.691421, 0.698747, 0.739602, 0.745544, 1, 

227,514,0.001, 0.0297692, 0.0472456, 0.0644364, 0.0683987, 0.0979398, 0.115533, 0.158537, 0.175416, 0.202475, 0.282414, 0.278607, 0.330102, 0.330102, 0.334743, 0.490603, 1, 

Generation #23
212,772,0.001, 0.0232863, 0.0862501, 0.0962511, 0.0995047, 0.132621, 0.169609, 0.185833, 0.217512, 0.354562, 0.998824, 1, 

213,756,0.001, 0.038549, 0.0512358, 0.0762603, 0.16259, 0.130172, 0.17436, 0.248527, 0.252054, 0.324525, 0.397537, 0.436555, 0.735224, 0.803738, 0.902304, 0.973151, 1, 

219,596,0.001, 0.0297692, 0.0472456, 0.0644364, 0.0683987, 0.0979398, 0.115533, 0.158537, 0.175416, 0.202475, 0.211629, 0.278607, 0.330102, 0.334743, 0.378408, 0.506003, 0.531772, 0.53256, 0.602396, 0.625674, 1, 

220,540,0.001, 0.0297692, 0.0472456, 0.0644364, 0.0683987, 0.0979398, 0.115533, 0.158537, 0.175416, 0.202475, 0.211629, 0.278607, 0.330102, 0.334743, 0.378408, 0.506003, 0.776832, 0.53256, 0.602396, 0.625674, 1, 

214,631,0.001, 0.0232863, 0.0862501, 0.0962511, 0.0995047, 0.132621, 0.169609, 0.185833, 0.164441, 0.207293, 0.211629, 0.21238, 0.411641, 0.278607, 0.330102, 0.334743, 0.378408, 0.777144, 0.0504982, 1, 

242,418,0.001, 0.0297692, 0.0472456, 0.0644364, 0.0683987, 0.0979398, 0.115533, 0.158537, 0.175416, 0.202475, 0.211629, 0.278607, 0.330102, 0.334743, 0.378408, 0.506003, 0.531772, 0.53256, 0.602396, 0.625674, 0.661436, 0.668369, 0.769132, 0.816879, 0.874273, 0.947917, 0.997657, 1, 

255,412,0.001, 0.022969, 0.0297692, 0.0484279, 0.0644364, 0.0683987, 0.0979398, 0.169609, 0.185833, 0.217512, 0.354562, 0.207293, 0.211629, 0.278607, 0.330102, 0.334743, 0.490603, 0.565454, 0.639956, 0.747338, 0.756304, 0.769686, 0.786021, 0.790367, 0.885551, 0.897392, 0.874273, 0.947917, 0.997657, 1, 

228,487,0.001, 0.0297692, 0.0472456, 0.0644364, 0.0683987, 0.0979398, 0.115533, 0.158537, 0.175416, 0.202475, 0.207293, 0.211629, 0.411641, 0.278607, 0.330102, 0.334743, 0.378408, 0.506003, 0.531772, 0.53256, 0.557946, 0.25953, 0.635161, 0.63725, 0.648811, 0.691421, 0.698747, 0.739602, 0.745544, 1, 

227,514,0.001, 0.0297692, 0.0472456, 0.0644364, 0.0683987, 0.0979398, 0.115533, 0.158537, 0.175416, 0.202475, 0.282414, 0.278607, 0.330102, 0.330102, 0.334743, 0.490603, 1, 

Generation #24
212,772,0.001, 0.0232863, 0.0862501, 0.0962511, 0.0995047, 0.132621, 0.169609, 0.185833, 0.217512, 0.354562, 0.998824, 1, 

213,756,0.001, 0.038549, 0.0512358, 0.0762603, 0.16259, 0.130172, 0.17436, 0.248527, 0.252054, 0.324525, 0.397537, 0.436555, 0.735224, 0.803738, 0.902304, 0.973151, 1, 

219,596,0.001, 0.0297692, 0.0472456, 0.0644364, 0.0683987, 0.0979398, 0.115533, 0.158537, 0.175416, 0.202475, 0.211629, 0.278607, 0.330102, 0.334743, 0.378408, 0.506003, 0.531772, 0.53256, 0.602396, 0.625674, 1, 

220,540,0.001, 0.0297692, 0.0472456, 0.0644364, 0.0683987, 0.0979398, 0.115533, 0.158537, 0.175416, 0.202475, 0.211629, 0.278607, 0.330102, 0.334743, 0.378408, 0.506003, 0.776832, 0.53256, 0.602396, 0.625674, 1, 

214,631,0.001, 0.0232863, 0.0862501, 0.0962511, 0.0995047, 0.132621, 0.169609, 0.185833, 0.164441, 0.207293, 0.211629, 0.21238, 0.411641, 0.278607, 0.330102, 0.334743, 0.378408, 0.777144, 0.0504982, 1, 

242,418,0.001, 0.0297692, 0.0472456, 0.0644364, 0.0683987, 0.0979398, 0.115533, 0.158537, 0.175416, 0.202475, 0.211629, 0.278607, 0.330102, 0.334743, 0.378408, 0.506003, 0.531772, 0.53256, 0.602396, 0.625674, 0.661436, 0.668369, 0.769132, 0.816879, 0.874273, 0.947917, 0.997657, 1, 

255,412,0.001, 0.022969, 0.0297692, 0.0484279, 0.0644364, 0.0683987, 0.0979398, 0.169609, 0.185833, 0.217512, 0.354562, 0.207293, 0.211629, 0.278607, 0.330102, 0.334743, 0.490603, 0.565454, 0.639956, 0.747338, 0.756304, 0.769686, 0.786021, 0.790367, 0.885551, 0.897392, 0.874273, 0.947917, 0.997657, 1, 

228,487,0.001, 0.0297692, 0.0472456, 0.0644364, 0.0683987, 0.0979398, 0.115533, 0.158537, 0.175416, 0.202475, 0.207293, 0.211629, 0.411641, 0.278607, 0.330102, 0.334743, 0.378408, 0.506003, 0.531772, 0.53256, 0.557946, 0.25953, 0.635161, 0.63725, 0.648811, 0.691421, 0.698747, 0.739602, 0.745544, 1, 

227,514,0.001, 0.0297692, 0.0472456, 0.0644364, 0.0683987, 0.0979398, 0.115533, 0.158537, 0.175416, 0.202475, 0.282414, 0.278607, 0.330102, 0.330102, 0.334743, 0.490603, 1, 

Generation #25
212,772,0.001, 0.0232863, 0.0862501, 0.0962511, 0.0995047, 0.132621, 0.169609, 0.185833, 0.217512, 0.354562, 0.998824, 1, 

213,756,0.001, 0.038549, 0.0512358, 0.0762603, 0.16259, 0.130172, 0.17436, 0.248527, 0.252054, 0.324525, 0.397537, 0.436555, 0.735224, 0.803738, 0.902304, 0.973151, 1, 

220,540,0.001, 0.0297692, 0.0472456, 0.0644364, 0.0683987, 0.0979398, 0.115533, 0.158537, 0.175416, 0.202475, 0.211629, 0.278607, 0.330102, 0.334743, 0.378408, 0.506003, 0.776832, 0.53256, 0.602396, 0.625674, 1, 

214,631,0.001, 0.0232863, 0.0862501, 0.0962511, 0.0995047, 0.132621, 0.169609, 0.185833, 0.164441, 0.207293, 0.211629, 0.21238, 0.411641, 0.278607, 0.330102, 0.334743, 0.378408, 0.777144, 0.0504982, 1, 

242,418,0.001, 0.0297692, 0.0472456, 0.0644364, 0.0683987, 0.0979398, 0.115533, 0.158537, 0.175416, 0.202475, 0.211629, 0.278607, 0.330102, 0.334743, 0.378408, 0.506003, 0.531772, 0.53256, 0.602396, 0.625674, 0.661436, 0.668369, 0.769132, 0.816879, 0.874273, 0.947917, 0.997657, 1, 

255,412,0.001, 0.022969, 0.0297692, 0.0484279, 0.0644364, 0.0683987, 0.0979398, 0.169609, 0.185833, 0.217512, 0.354562, 0.207293, 0.211629, 0.278607, 0.330102, 0.334743, 0.490603, 0.565454, 0.639956, 0.747338, 0.756304, 0.769686, 0.786021, 0.790367, 0.885551, 0.897392, 0.874273, 0.947917, 0.997657, 1, 

228,487,0.001, 0.0297692, 0.0472456, 0.0644364, 0.0683987, 0.0979398, 0.115533, 0.158537, 0.175416, 0.202475, 0.207293, 0.211629, 0.411641, 0.278607, 0.330102, 0.334743, 0.378408, 0.506003, 0.531772, 0.53256, 0.557946, 0.25953, 0.635161, 0.63725, 0.648811, 0.691421, 0.698747, 0.739602, 0.745544, 1, 

227,514,0.001, 0.0297692, 0.0472456, 0.0644364, 0.0683987, 0.0979398, 0.115533, 0.158537, 0.175416, 0.202475, 0.282414, 0.278607, 0.330102, 0.330102, 0.334743, 0.490603, 1, 

238,438,0.001, 0.022969, 0.0297692, 0.0484279, 0.0644364, 0.0683987, 0.0979398, 0.169609, 0.185833, 0.217512, 0.354562, 0.207293, 0.211629, 0.278607, 0.330102, 0.334743, 0.490603, 0.565454, 0.639956, 0.747338, 0.756304, 0.769686, 0.786021, 0.790367, 0.885551, 0.897392, 0.874273, 0.947917, 0.997657, 1, 

218,593,0.001, 0.0297692, 0.0472456, 0.0644364, 0.0683987, 0.0979398, 0.115533, 0.158537, 0.354562, 0.998824, 1, 

Generation #26
212,772,0.001, 0.0232863, 0.0862501, 0.0962511, 0.0995047, 0.132621, 0.169609, 0.185833, 0.217512, 0.354562, 0.998824, 1, 

213,756,0.001, 0.038549, 0.0512358, 0.0762603, 0.16259, 0.130172, 0.17436, 0.248527, 0.252054, 0.324525, 0.397537, 0.436555, 0.735224, 0.803738, 0.902304, 0.973151, 1, 

220,540,0.001, 0.0297692, 0.0472456, 0.0644364, 0.0683987, 0.0979398, 0.115533, 0.158537, 0.175416, 0.202475, 0.211629, 0.278607, 0.330102, 0.334743, 0.378408, 0.506003, 0.776832, 0.53256, 0.602396, 0.625674, 1, 

214,631,0.001, 0.0232863, 0.0862501, 0.0962511, 0.0995047, 0.132621, 0.169609, 0.185833, 0.164441, 0.207293, 0.211629, 0.21238, 0.411641, 0.278607, 0.330102, 0.334743, 0.378408, 0.777144, 0.0504982, 1, 

242,418,0.001, 0.0297692, 0.0472456, 0.0644364, 0.0683987, 0.0979398, 0.115533, 0.158537, 0.175416, 0.202475, 0.211629, 0.278607, 0.330102, 0.334743, 0.378408, 0.506003, 0.531772, 0.53256, 0.602396, 0.625674, 0.661436, 0.668369, 0.769132, 0.816879, 0.874273, 0.947917, 0.997657, 1, 

255,412,0.001, 0.022969, 0.0297692, 0.0484279, 0.0644364, 0.0683987, 0.0979398, 0.169609, 0.185833, 0.217512, 0.354562, 0.207293, 0.211629, 0.278607, 0.330102, 0.334743, 0.490603, 0.565454, 0.639956, 0.747338, 0.756304, 0.769686, 0.786021, 0.790367, 0.885551, 0.897392, 0.874273, 0.947917, 0.997657, 1, 

228,487,0.001, 0.0297692, 0.0472456, 0.0644364, 0.0683987, 0.0979398, 0.115533, 0.158537, 0.175416, 0.202475, 0.207293, 0.211629, 0.411641, 0.278607, 0.330102, 0.334743, 0.378408, 0.506003, 0.531772, 0.53256, 0.557946, 0.25953, 0.635161, 0.63725, 0.648811, 0.691421, 0.698747, 0.739602, 0.745544, 1, 

227,514,0.001, 0.0297692, 0.0472456, 0.0644364, 0.0683987, 0.0979398, 0.115533, 0.158537, 0.175416, 0.202475, 0.282414, 0.278607, 0.330102, 0.330102, 0.334743, 0.490603, 1, 

238,438,0.001, 0.022969, 0.0297692, 0.0484279, 0.0644364, 0.0683987, 0.0979398, 0.169609, 0.185833, 0.217512, 0.354562, 0.207293, 0.211629, 0.278607, 0.330102, 0.334743, 0.490603, 0.565454, 0.639956, 0.747338, 0.756304, 0.769686, 0.786021, 0.790367, 0.885551, 0.897392, 0.874273, 0.947917, 0.997657, 1, 

218,593,0.001, 0.0297692, 0.0472456, 0.0644364, 0.0683987, 0.0979398, 0.115533, 0.158537, 0.354562, 0.998824, 1, 

Generation #27
212,772,0.001, 0.0232863, 0.0862501, 0.0962511, 0.0995047, 0.132621, 0.169609, 0.185833, 0.217512, 0.354562, 0.998824, 1, 

213,756,0.001, 0.038549, 0.0512358, 0.0762603, 0.16259, 0.130172, 0.17436, 0.248527, 0.252054, 0.324525, 0.397537, 0.436555, 0.735224, 0.803738, 0.902304, 0.973151, 1, 

220,540,0.001, 0.0297692, 0.0472456, 0.0644364, 0.0683987, 0.0979398, 0.115533, 0.158537, 0.175416, 0.202475, 0.211629, 0.278607, 0.330102, 0.334743, 0.378408, 0.506003, 0.776832, 0.53256, 0.602396, 0.625674, 1, 

214,631,0.001, 0.0232863, 0.0862501, 0.0962511, 0.0995047, 0.132621, 0.169609, 0.185833, 0.164441, 0.207293, 0.211629, 0.21238, 0.411641, 0.278607, 0.330102, 0.334743, 0.378408, 0.777144, 0.0504982, 1, 

242,418,0.001, 0.0297692, 0.0472456, 0.0644364, 0.0683987, 0.0979398, 0.115533, 0.158537, 0.175416, 0.202475, 0.211629, 0.278607, 0.330102, 0.334743, 0.378408, 0.506003, 0.531772, 0.53256, 0.602396, 0.625674, 0.661436, 0.668369, 0.769132, 0.816879, 0.874273, 0.947917, 0.997657, 1, 

228,487,0.001, 0.0297692, 0.0472456, 0.0644364, 0.0683987, 0.0979398, 0.115533, 0.158537, 0.175416, 0.202475, 0.207293, 0.211629, 0.411641, 0.278607, 0.330102, 0.334743, 0.378408, 0.506003, 0.531772, 0.53256, 0.557946, 0.25953, 0.635161, 0.63725, 0.648811, 0.691421, 0.698747, 0.739602, 0.745544, 1, 

227,514,0.001, 0.0297692, 0.0472456, 0.0644364, 0.0683987, 0.0979398, 0.115533, 0.158537, 0.175416, 0.202475, 0.282414, 0.278607, 0.330102, 0.330102, 0.334743, 0.490603, 1, 

238,438,0.001, 0.022969, 0.0297692, 0.0484279, 0.0644364, 0.0683987, 0.0979398, 0.169609, 0.185833, 0.217512, 0.354562, 0.207293, 0.211629, 0.278607, 0.330102, 0.334743, 0.490603, 0.565454, 0.639956, 0.747338, 0.756304, 0.769686, 0.786021, 0.790367, 0.885551, 0.897392, 0.874273, 0.947917, 0.997657, 1, 

218,593,0.001, 0.0297692, 0.0472456, 0.0644364, 0.0683987, 0.0979398, 0.115533, 0.158537, 0.354562, 0.998824, 1, 

254,343,0.001, 0.022969, 0.0297692, 0.0484279, 0.0644364, 0.0683987, 0.0979398, 0.169609, 0.185833, 0.217512, 0.354562, 0.207293, 0.211629, 0.278607, 0.330102, 0.334743, 0.490603, 0.565454, 0.602396, 0.625674, 0.661436, 0.668369, 0.769132, 0.816879, 0.874273, 0.947917, 0.997657, 1, 

Generation #28
212,772,0.001, 0.0232863, 0.0862501, 0.0962511, 0.0995047, 0.132621, 0.169609, 0.185833, 0.217512, 0.354562, 0.998824, 1, 

213,756,0.001, 0.038549, 0.0512358, 0.0762603, 0.16259, 0.130172, 0.17436, 0.248527, 0.252054, 0.324525, 0.397537, 0.436555, 0.735224, 0.803738, 0.902304, 0.973151, 1, 

220,540,0.001, 0.0297692, 0.0472456, 0.0644364, 0.0683987, 0.0979398, 0.115533, 0.158537, 0.175416, 0.202475, 0.211629, 0.278607, 0.330102, 0.334743, 0.378408, 0.506003, 0.776832, 0.53256, 0.602396, 0.625674, 1, 

214,631,0.001, 0.0232863, 0.0862501, 0.0962511, 0.0995047, 0.132621, 0.169609, 0.185833, 0.164441, 0.207293, 0.211629, 0.21238, 0.411641, 0.278607, 0.330102, 0.334743, 0.378408, 0.777144, 0.0504982, 1, 

242,418,0.001, 0.0297692, 0.0472456, 0.0644364, 0.0683987, 0.0979398, 0.115533, 0.158537, 0.175416, 0.202475, 0.211629, 0.278607, 0.330102, 0.334743, 0.378408, 0.506003, 0.531772, 0.53256, 0.602396, 0.625674, 0.661436, 0.668369, 0.769132, 0.816879, 0.874273, 0.947917, 0.997657, 1, 

228,487,0.001, 0.0297692, 0.0472456, 0.0644364, 0.0683987, 0.0979398, 0.115533, 0.158537, 0.175416, 0.202475, 0.207293, 0.211629, 0.411641, 0.278607, 0.330102, 0.334743, 0.378408, 0.506003, 0.531772, 0.53256, 0.557946, 0.25953, 0.635161, 0.63725, 0.648811, 0.691421, 0.698747, 0.739602, 0.745544, 1, 

227,514,0.001, 0.0297692, 0.0472456, 0.0644364, 0.0683987, 0.0979398, 0.115533, 0.158537, 0.175416, 0.202475, 0.282414, 0.278607, 0.330102, 0.330102, 0.334743, 0.490603, 1, 

238,438,0.001, 0.022969, 0.0297692, 0.0484279, 0.0644364, 0.0683987, 0.0979398, 0.169609, 0.185833, 0.217512, 0.354562, 0.207293, 0.211629, 0.278607, 0.330102, 0.334743, 0.490603, 0.565454, 0.639956, 0.747338, 0.756304, 0.769686, 0.786021, 0.790367, 0.885551, 0.897392, 0.874273, 0.947917, 0.997657, 1, 

218,593,0.001, 0.0297692, 0.0472456, 0.0644364, 0.0683987, 0.0979398, 0.115533, 0.158537, 0.354562, 0.998824, 1, 

254,343,0.001, 0.022969, 0.0297692, 0.0484279, 0.0644364, 0.0683987, 0.0979398, 0.169609, 0.185833, 0.217512, 0.354562, 0.207293, 0.211629, 0.278607, 0.330102, 0.334743, 0.490603, 0.565454, 0.602396, 0.625674, 0.661436, 0.668369, 0.769132, 0.816879, 0.874273, 0.947917, 0.997657, 1, 

Generation #29
212,772,0.001, 0.0232863, 0.0862501, 0.0962511, 0.0995047, 0.132621, 0.169609, 0.185833, 0.217512, 0.354562, 0.998824, 1, 

213,756,0.001, 0.038549, 0.0512358, 0.0762603, 0.16259, 0.130172, 0.17436, 0.248527, 0.252054, 0.324525, 0.397537, 0.436555, 0.735224, 0.803738, 0.902304, 0.973151, 1, 

220,540,0.001, 0.0297692, 0.0472456, 0.0644364, 0.0683987, 0.0979398, 0.115533, 0.158537, 0.175416, 0.202475, 0.211629, 0.278607, 0.330102, 0.334743, 0.378408, 0.506003, 0.776832, 0.53256, 0.602396, 0.625674, 1, 

214,631,0.001, 0.0232863, 0.0862501, 0.0962511, 0.0995047, 0.132621, 0.169609, 0.185833, 0.164441, 0.207293, 0.211629, 0.21238, 0.411641, 0.278607, 0.330102, 0.334743, 0.378408, 0.777144, 0.0504982, 1, 

242,418,0.001, 0.0297692, 0.0472456, 0.0644364, 0.0683987, 0.0979398, 0.115533, 0.158537, 0.175416, 0.202475, 0.211629, 0.278607, 0.330102, 0.334743, 0.378408, 0.506003, 0.531772, 0.53256, 0.602396, 0.625674, 0.661436, 0.668369, 0.769132, 0.816879, 0.874273, 0.947917, 0.997657, 1, 

228,487,0.001, 0.0297692, 0.0472456, 0.0644364, 0.0683987, 0.0979398, 0.115533, 0.158537, 0.175416, 0.202475, 0.207293, 0.211629, 0.411641, 0.278607, 0.330102, 0.334743, 0.378408, 0.506003, 0.531772, 0.53256, 0.557946, 0.25953, 0.635161, 0.63725, 0.648811, 0.691421, 0.698747, 0.739602, 0.745544, 1, 

227,514,0.001, 0.0297692, 0.0472456, 0.0644364, 0.0683987, 0.0979398, 0.115533, 0.158537, 0.175416, 0.202475, 0.282414, 0.278607, 0.330102, 0.330102, 0.334743, 0.490603, 1, 

238,438,0.001, 0.022969, 0.0297692, 0.0484279, 0.0644364, 0.0683987, 0.0979398, 0.169609, 0.185833, 0.217512, 0.354562, 0.207293, 0.211629, 0.278607, 0.330102, 0.334743, 0.490603, 0.565454, 0.639956, 0.747338, 0.756304, 0.769686, 0.786021, 0.790367, 0.885551, 0.897392, 0.874273, 0.947917, 0.997657, 1, 

218,593,0.001, 0.0297692, 0.0472456, 0.0644364, 0.0683987, 0.0979398, 0.115533, 0.158537, 0.354562, 0.998824, 1, 

254,343,0.001, 0.022969, 0.0297692, 0.0484279, 0.0644364, 0.0683987, 0.0979398, 0.169609, 0.185833, 0.217512, 0.354562, 0.207293, 0.211629, 0.278607, 0.330102, 0.334743, 0.490603, 0.565454, 0.602396, 0.625674, 0.661436, 0.668369, 0.769132, 0.816879, 0.874273, 0.947917, 0.997657, 1, 

Generation #30
212,772,0.001, 0.0232863, 0.0862501, 0.0962511, 0.0995047, 0.132621, 0.169609, 0.185833, 0.217512, 0.354562, 0.998824, 1, 

213,756,0.001, 0.038549, 0.0512358, 0.0762603, 0.16259, 0.130172, 0.17436, 0.248527, 0.252054, 0.324525, 0.397537, 0.436555, 0.735224, 0.803738, 0.902304, 0.973151, 1, 

220,540,0.001, 0.0297692, 0.0472456, 0.0644364, 0.0683987, 0.0979398, 0.115533, 0.158537, 0.175416, 0.202475, 0.211629, 0.278607, 0.330102, 0.334743, 0.378408, 0.506003, 0.776832, 0.53256, 0.602396, 0.625674, 1, 

214,631,0.001, 0.0232863, 0.0862501, 0.0962511, 0.0995047, 0.132621, 0.169609, 0.185833, 0.164441, 0.207293, 0.211629, 0.21238, 0.411641, 0.278607, 0.330102, 0.334743, 0.378408, 0.777144, 0.0504982, 1, 

242,418,0.001, 0.0297692, 0.0472456, 0.0644364, 0.0683987, 0.0979398, 0.115533, 0.158537, 0.175416, 0.202475, 0.211629, 0.278607, 0.330102, 0.334743, 0.378408, 0.506003, 0.531772, 0.53256, 0.602396, 0.625674, 0.661436, 0.668369, 0.769132, 0.816879, 0.874273, 0.947917, 0.997657, 1, 

228,487,0.001, 0.0297692, 0.0472456, 0.0644364, 0.0683987, 0.0979398, 0.115533, 0.158537, 0.175416, 0.202475, 0.207293, 0.211629, 0.411641, 0.278607, 0.330102, 0.334743, 0.378408, 0.506003, 0.531772, 0.53256, 0.557946, 0.25953, 0.635161, 0.63725, 0.648811, 0.691421, 0.698747, 0.739602, 0.745544, 1, 

227,514,0.001, 0.0297692, 0.0472456, 0.0644364, 0.0683987, 0.0979398, 0.115533, 0.158537, 0.175416, 0.202475, 0.282414, 0.278607, 0.330102, 0.330102, 0.334743, 0.490603, 1, 

238,438,0.001, 0.022969, 0.0297692, 0.0484279, 0.0644364, 0.0683987, 0.0979398, 0.169609, 0.185833, 0.217512, 0.354562, 0.207293, 0.211629, 0.278607, 0.330102, 0.334743, 0.490603, 0.565454, 0.639956, 0.747338, 0.756304, 0.769686, 0.786021, 0.790367, 0.885551, 0.897392, 0.874273, 0.947917, 0.997657, 1, 

218,593,0.001, 0.0297692, 0.0472456, 0.0644364, 0.0683987, 0.0979398, 0.115533, 0.158537, 0.354562, 0.998824, 1, 

254,343,0.001, 0.022969, 0.0297692, 0.0484279, 0.0644364, 0.0683987, 0.0979398, 0.169609, 0.185833, 0.217512, 0.354562, 0.207293, 0.211629, 0.278607, 0.330102, 0.334743, 0.490603, 0.565454, 0.602396, 0.625674, 0.661436, 0.668369, 0.769132, 0.816879, 0.874273, 0.947917, 0.997657, 1, 

Generation #31
212,772,0.001, 0.0232863, 0.0862501, 0.0962511, 0.0995047, 0.132621, 0.169609, 0.185833, 0.217512, 0.354562, 0.998824, 1, 

213,756,0.001, 0.038549, 0.0512358, 0.0762603, 0.16259, 0.130172, 0.17436, 0.248527, 0.252054, 0.324525, 0.397537, 0.436555, 0.735224, 0.803738, 0.902304, 0.973151, 1, 

220,540,0.001, 0.0297692, 0.0472456, 0.0644364, 0.0683987, 0.0979398, 0.115533, 0.158537, 0.175416, 0.202475, 0.211629, 0.278607, 0.330102, 0.334743, 0.378408, 0.506003, 0.776832, 0.53256, 0.602396, 0.625674, 1, 

214,631,0.001, 0.0232863, 0.0862501, 0.0962511, 0.0995047, 0.132621, 0.169609, 0.185833, 0.164441, 0.207293, 0.211629, 0.21238, 0.411641, 0.278607, 0.330102, 0.334743, 0.378408, 0.777144, 0.0504982, 1, 

242,418,0.001, 0.0297692, 0.0472456, 0.0644364, 0.0683987, 0.0979398, 0.115533, 0.158537, 0.175416, 0.202475, 0.211629, 0.278607, 0.330102, 0.334743, 0.378408, 0.506003, 0.531772, 0.53256, 0.602396, 0.625674, 0.661436, 0.668369, 0.769132, 0.816879, 0.874273, 0.947917, 0.997657, 1, 

228,487,0.001, 0.0297692, 0.0472456, 0.0644364, 0.0683987, 0.0979398, 0.115533, 0.158537, 0.175416, 0.202475, 0.207293, 0.211629, 0.411641, 0.278607, 0.330102, 0.334743, 0.378408, 0.506003, 0.531772, 0.53256, 0.557946, 0.25953, 0.635161, 0.63725, 0.648811, 0.691421, 0.698747, 0.739602, 0.745544, 1, 

227,514,0.001, 0.0297692, 0.0472456, 0.0644364, 0.0683987, 0.0979398, 0.115533, 0.158537, 0.175416, 0.202475, 0.282414, 0.278607, 0.330102, 0.330102, 0.334743, 0.490603, 1, 

238,438,0.001, 0.022969, 0.0297692, 0.0484279, 0.0644364, 0.0683987, 0.0979398, 0.169609, 0.185833, 0.217512, 0.354562, 0.207293, 0.211629, 0.278607, 0.330102, 0.334743, 0.490603, 0.565454, 0.639956, 0.747338, 0.756304, 0.769686, 0.786021, 0.790367, 0.885551, 0.897392, 0.874273, 0.947917, 0.997657, 1, 

218,593,0.001, 0.0297692, 0.0472456, 0.0644364, 0.0683987, 0.0979398, 0.115533, 0.158537, 0.354562, 0.998824, 1, 

254,343,0.001, 0.022969, 0.0297692, 0.0484279, 0.0644364, 0.0683987, 0.0979398, 0.169609, 0.185833, 0.217512, 0.354562, 0.207293, 0.211629, 0.278607, 0.330102, 0.334743, 0.490603, 0.565454, 0.602396, 0.625674, 0.661436, 0.668369, 0.769132, 0.816879, 0.874273, 0.947917, 0.997657, 1, 

231,484,0.001, 0.0232863, 0.0484279, 0.0644364, 0.0683987, 0.0979398, 0.169609, 0.185833, 0.217512, 0.202475, 0.207293, 0.364029, 0.428767, 0.433495, 0.528641, 0.538614, 1, 

Generation #32
212,772,0.001, 0.0232863, 0.0862501, 0.0962511, 0.0995047, 0.132621, 0.169609, 0.185833, 0.217512, 0.354562, 0.998824, 1, 

213,756,0.001, 0.038549, 0.0512358, 0.0762603, 0.16259, 0.130172, 0.17436, 0.248527, 0.252054, 0.324525, 0.397537, 0.436555, 0.735224, 0.803738, 0.902304, 0.973151, 1, 

220,540,0.001, 0.0297692, 0.0472456, 0.0644364, 0.0683987, 0.0979398, 0.115533, 0.158537, 0.175416, 0.202475, 0.211629, 0.278607, 0.330102, 0.334743, 0.378408, 0.506003, 0.776832, 0.53256, 0.602396, 0.625674, 1, 

214,631,0.001, 0.0232863, 0.0862501, 0.0962511, 0.0995047, 0.132621, 0.169609, 0.185833, 0.164441, 0.207293, 0.211629, 0.21238, 0.411641, 0.278607, 0.330102, 0.334743, 0.378408, 0.777144, 0.0504982, 1, 

242,418,0.001, 0.0297692, 0.0472456, 0.0644364, 0.0683987, 0.0979398, 0.115533, 0.158537, 0.175416, 0.202475, 0.211629, 0.278607, 0.330102, 0.334743, 0.378408, 0.506003, 0.531772, 0.53256, 0.602396, 0.625674, 0.661436, 0.668369, 0.769132, 0.816879, 0.874273, 0.947917, 0.997657, 1, 

228,487,0.001, 0.0297692, 0.0472456, 0.0644364, 0.0683987, 0.0979398, 0.115533, 0.158537, 0.175416, 0.202475, 0.207293, 0.211629, 0.411641, 0.278607, 0.330102, 0.334743, 0.378408, 0.506003, 0.531772, 0.53256, 0.557946, 0.25953, 0.635161, 0.63725, 0.648811, 0.691421, 0.698747, 0.739602, 0.745544, 1, 

227,514,0.001, 0.0297692, 0.0472456, 0.0644364, 0.0683987, 0.0979398, 0.115533, 0.158537, 0.175416, 0.202475, 0.282414, 0.278607, 0.330102, 0.330102, 0.334743, 0.490603, 1, 

238,438,0.001, 0.022969, 0.0297692, 0.0484279, 0.0644364, 0.0683987, 0.0979398, 0.169609, 0.185833, 0.217512, 0.354562, 0.207293, 0.211629, 0.278607, 0.330102, 0.334743, 0.490603, 0.565454, 0.639956, 0.747338, 0.756304, 0.769686, 0.786021, 0.790367, 0.885551, 0.897392, 0.874273, 0.947917, 0.997657, 1, 

218,593,0.001, 0.0297692, 0.0472456, 0.0644364, 0.0683987, 0.0979398, 0.115533, 0.158537, 0.354562, 0.998824, 1, 

254,343,0.001, 0.022969, 0.0297692, 0.0484279, 0.0644364, 0.0683987, 0.0979398, 0.169609, 0.185833, 0.217512, 0.354562, 0.207293, 0.211629, 0.278607, 0.330102, 0.334743, 0.490603, 0.565454, 0.602396, 0.625674, 0.661436, 0.668369, 0.769132, 0.816879, 0.874273, 0.947917, 0.997657, 1, 

229,479,0.001, 0.022969, 0.0297692, 0.0484279, 0.0644364, 0.0683987, 0.0979398, 0.169609, 0.185833, 0.202475, 0.207293, 0.211629, 0.278607, 0.330102, 0.330102, 0.334743, 0.378408, 0.777144, 0.0504982, 1, 

Generation #33
212,772,0.001, 0.0232863, 0.0862501, 0.0962511, 0.0995047, 0.132621, 0.169609, 0.185833, 0.217512, 0.354562, 0.998824, 1, 

213,756,0.001, 0.038549, 0.0512358, 0.0762603, 0.16259, 0.130172, 0.17436, 0.248527, 0.252054, 0.324525, 0.397537, 0.436555, 0.735224, 0.803738, 0.902304, 0.973151, 1, 

220,540,0.001, 0.0297692, 0.0472456, 0.0644364, 0.0683987, 0.0979398, 0.115533, 0.158537, 0.175416, 0.202475, 0.211629, 0.278607, 0.330102, 0.334743, 0.378408, 0.506003, 0.776832, 0.53256, 0.602396, 0.625674, 1, 

214,631,0.001, 0.0232863, 0.0862501, 0.0962511, 0.0995047, 0.132621, 0.169609, 0.185833, 0.164441, 0.207293, 0.211629, 0.21238, 0.411641, 0.278607, 0.330102, 0.334743, 0.378408, 0.777144, 0.0504982, 1, 

242,418,0.001, 0.0297692, 0.0472456, 0.0644364, 0.0683987, 0.0979398, 0.115533, 0.158537, 0.175416, 0.202475, 0.211629, 0.278607, 0.330102, 0.334743, 0.378408, 0.506003, 0.531772, 0.53256, 0.602396, 0.625674, 0.661436, 0.668369, 0.769132, 0.816879, 0.874273, 0.947917, 0.997657, 1, 

228,487,0.001, 0.0297692, 0.0472456, 0.0644364, 0.0683987, 0.0979398, 0.115533, 0.158537, 0.175416, 0.202475, 0.207293, 0.211629, 0.411641, 0.278607, 0.330102, 0.334743, 0.378408, 0.506003, 0.531772, 0.53256, 0.557946, 0.25953, 0.635161, 0.63725, 0.648811, 0.691421, 0.698747, 0.739602, 0.745544, 1, 

227,514,0.001, 0.0297692, 0.0472456, 0.0644364, 0.0683987, 0.0979398, 0.115533, 0.158537, 0.175416, 0.202475, 0.282414, 0.278607, 0.330102, 0.330102, 0.334743, 0.490603, 1, 

238,438,0.001, 0.022969, 0.0297692, 0.0484279, 0.0644364, 0.0683987, 0.0979398, 0.169609, 0.185833, 0.217512, 0.354562, 0.207293, 0.211629, 0.278607, 0.330102, 0.334743, 0.490603, 0.565454, 0.639956, 0.747338, 0.756304, 0.769686, 0.786021, 0.790367, 0.885551, 0.897392, 0.874273, 0.947917, 0.997657, 1, 

218,593,0.001, 0.0297692, 0.0472456, 0.0644364, 0.0683987, 0.0979398, 0.115533, 0.158537, 0.354562, 0.998824, 1, 

254,343,0.001, 0.022969, 0.0297692, 0.0484279, 0.0644364, 0.0683987, 0.0979398, 0.169609, 0.185833, 0.217512, 0.354562, 0.207293, 0.211629, 0.278607, 0.330102, 0.334743, 0.490603, 0.565454, 0.602396, 0.625674, 0.661436, 0.668369, 0.769132, 0.816879, 0.874273, 0.947917, 0.997657, 1, 

229,479,0.001, 0.022969, 0.0297692, 0.0484279, 0.0644364, 0.0683987, 0.0979398, 0.169609, 0.185833, 0.202475, 0.207293, 0.211629, 0.278607, 0.330102, 0.330102, 0.334743, 0.378408, 0.777144, 0.0504982, 1, 

Generation #34
212,772,0.001, 0.0232863, 0.0862501, 0.0962511, 0.0995047, 0.132621, 0.169609, 0.185833, 0.217512, 0.354562, 0.998824, 1, 

213,756,0.001, 0.038549, 0.0512358, 0.0762603, 0.16259, 0.130172, 0.17436, 0.248527, 0.252054, 0.324525, 0.397537, 0.436555, 0.735224, 0.803738, 0.902304, 0.973151, 1, 

220,540,0.001, 0.0297692, 0.0472456, 0.0644364, 0.0683987, 0.0979398, 0.115533, 0.158537, 0.175416, 0.202475, 0.211629, 0.278607, 0.330102, 0.334743, 0.378408, 0.506003, 0.776832, 0.53256, 0.602396, 0.625674, 1, 

214,631,0.001, 0.0232863, 0.0862501, 0.0962511, 0.0995047, 0.132621, 0.169609, 0.185833, 0.164441, 0.207293, 0.211629, 0.21238, 0.411641, 0.278607, 0.330102, 0.334743, 0.378408, 0.777144, 0.0504982, 1, 

242,418,0.001, 0.0297692, 0.0472456, 0.0644364, 0.0683987, 0.0979398, 0.115533, 0.158537, 0.175416, 0.202475, 0.211629, 0.278607, 0.330102, 0.334743, 0.378408, 0.506003, 0.531772, 0.53256, 0.602396, 0.625674, 0.661436, 0.668369, 0.769132, 0.816879, 0.874273, 0.947917, 0.997657, 1, 

228,487,0.001, 0.0297692, 0.0472456, 0.0644364, 0.0683987, 0.0979398, 0.115533, 0.158537, 0.175416, 0.202475, 0.207293, 0.211629, 0.411641, 0.278607, 0.330102, 0.334743, 0.378408, 0.506003, 0.531772, 0.53256, 0.557946, 0.25953, 0.635161, 0.63725, 0.648811, 0.691421, 0.698747, 0.739602, 0.745544, 1, 

227,514,0.001, 0.0297692, 0.0472456, 0.0644364, 0.0683987, 0.0979398, 0.115533, 0.158537, 0.175416, 0.202475, 0.282414, 0.278607, 0.330102, 0.330102, 0.334743, 0.490603, 1, 

218,593,0.001, 0.0297692, 0.0472456, 0.0644364, 0.0683987, 0.0979398, 0.115533, 0.158537, 0.354562, 0.998824, 1, 

254,343,0.001, 0.022969, 0.0297692, 0.0484279, 0.0644364, 0.0683987, 0.0979398, 0.169609, 0.185833, 0.217512, 0.354562, 0.207293, 0.211629, 0.278607, 0.330102, 0.334743, 0.490603, 0.565454, 0.602396, 0.625674, 0.661436, 0.668369, 0.769132, 0.816879, 0.874273, 0.947917, 0.997657, 1, 

229,479,0.001, 0.022969, 0.0297692, 0.0484279, 0.0644364, 0.0683987, 0.0979398, 0.169609, 0.185833, 0.202475, 0.207293, 0.211629, 0.278607, 0.330102, 0.330102, 0.334743, 0.378408, 0.777144, 0.0504982, 1, 

230,424,0.001, 0.022969, 0.0297692, 0.0484279, 0.0644364, 0.0979398, 0.115533, 0.158537, 0.175416, 0.202475, 0.211629, 0.507049, 0.54922, 0.154838, 0.705154, 0.707781, 0.775009, 0.715608, 0.777144, 0.962974, 1, 

Generation #35
212,772,0.001, 0.0232863, 0.0862501, 0.0962511, 0.0995047, 0.132621, 0.169609, 0.185833, 0.217512, 0.354562, 0.998824, 1, 

213,756,0.001, 0.038549, 0.0512358, 0.0762603, 0.16259, 0.130172, 0.17436, 0.248527, 0.252054, 0.324525, 0.397537, 0.436555, 0.735224, 0.803738, 0.902304, 0.973151, 1, 

220,540,0.001, 0.0297692, 0.0472456, 0.0644364, 0.0683987, 0.0979398, 0.115533, 0.158537, 0.175416, 0.202475, 0.211629, 0.278607, 0.330102, 0.334743, 0.378408, 0.506003, 0.776832, 0.53256, 0.602396, 0.625674, 1, 

214,631,0.001, 0.0232863, 0.0862501, 0.0962511, 0.0995047, 0.132621, 0.169609, 0.185833, 0.164441, 0.207293, 0.211629, 0.21238, 0.411641, 0.278607, 0.330102, 0.334743, 0.378408, 0.777144, 0.0504982, 1, 

242,418,0.001, 0.0297692, 0.0472456, 0.0644364, 0.0683987, 0.0979398, 0.115533, 0.158537, 0.175416, 0.202475, 0.211629, 0.278607, 0.330102, 0.334743, 0.378408, 0.506003, 0.531772, 0.53256, 0.602396, 0.625674, 0.661436, 0.668369, 0.769132, 0.816879, 0.874273, 0.947917, 0.997657, 1, 

228,487,0.001, 0.0297692, 0.0472456, 0.0644364, 0.0683987, 0.0979398, 0.115533, 0.158537, 0.175416, 0.202475, 0.207293, 0.211629, 0.411641, 0.278607, 0.330102, 0.334743, 0.378408, 0.506003, 0.531772, 0.53256, 0.557946, 0.25953, 0.635161, 0.63725, 0.648811, 0.691421, 0.698747, 0.739602, 0.745544, 1, 

227,514,0.001, 0.0297692, 0.0472456, 0.0644364, 0.0683987, 0.0979398, 0.115533, 0.158537, 0.175416, 0.202475, 0.282414, 0.278607, 0.330102, 0.330102, 0.334743, 0.490603, 1, 

218,593,0.001, 0.0297692, 0.0472456, 0.0644364, 0.0683987, 0.0979398, 0.115533, 0.158537, 0.354562, 0.998824, 1, 

254,343,0.001, 0.022969, 0.0297692, 0.0484279, 0.0644364, 0.0683987, 0.0979398, 0.169609, 0.185833, 0.217512, 0.354562, 0.207293, 0.211629, 0.278607, 0.330102, 0.334743, 0.490603, 0.565454, 0.602396, 0.625674, 0.661436, 0.668369, 0.769132, 0.816879, 0.874273, 0.947917, 0.997657, 1, 

229,479,0.001, 0.022969, 0.0297692, 0.0484279, 0.0644364, 0.0683987, 0.0979398, 0.169609, 0.185833, 0.202475, 0.207293, 0.211629, 0.278607, 0.330102, 0.330102, 0.334743, 0.378408, 0.777144, 0.0504982, 1, 

230,424,0.001, 0.022969, 0.0297692, 0.0484279, 0.0644364, 0.0979398, 0.115533, 0.158537, 0.175416, 0.202475, 0.211629, 0.507049, 0.54922, 0.154838, 0.705154, 0.707781, 0.775009, 0.715608, 0.777144, 0.962974, 1, 

Generation #36
212,772,0.001, 0.0232863, 0.0862501, 0.0962511, 0.0995047, 0.132621, 0.169609, 0.185833, 0.217512, 0.354562, 0.998824, 1, 

213,756,0.001, 0.038549, 0.0512358, 0.0762603, 0.16259, 0.130172, 0.17436, 0.248527, 0.252054, 0.324525, 0.397537, 0.436555, 0.735224, 0.803738, 0.902304, 0.973151, 1, 

220,540,0.001, 0.0297692, 0.0472456, 0.0644364, 0.0683987, 0.0979398, 0.115533, 0.158537, 0.175416, 0.202475, 0.211629, 0.278607, 0.330102, 0.334743, 0.378408, 0.506003, 0.776832, 0.53256, 0.602396, 0.625674, 1, 

214,631,0.001, 0.0232863, 0.0862501, 0.0962511, 0.0995047, 0.132621, 0.169609, 0.185833, 0.164441, 0.207293, 0.211629, 0.21238, 0.411641, 0.278607, 0.330102, 0.334743, 0.378408, 0.777144, 0.0504982, 1, 

242,418,0.001, 0.0297692, 0.0472456, 0.0644364, 0.0683987, 0.0979398, 0.115533, 0.158537, 0.175416, 0.202475, 0.211629, 0.278607, 0.330102, 0.334743, 0.378408, 0.506003, 0.531772, 0.53256, 0.602396, 0.625674, 0.661436, 0.668369, 0.769132, 0.816879, 0.874273, 0.947917, 0.997657, 1, 

228,487,0.001, 0.0297692, 0.0472456, 0.0644364, 0.0683987, 0.0979398, 0.115533, 0.158537, 0.175416, 0.202475, 0.207293, 0.211629, 0.411641, 0.278607, 0.330102, 0.334743, 0.378408, 0.506003, 0.531772, 0.53256, 0.557946, 0.25953, 0.635161, 0.63725, 0.648811, 0.691421, 0.698747, 0.739602, 0.745544, 1, 

227,514,0.001, 0.0297692, 0.0472456, 0.0644364, 0.0683987, 0.0979398, 0.115533, 0.158537, 0.175416, 0.202475, 0.282414, 0.278607, 0.330102, 0.330102, 0.334743, 0.490603, 1, 

218,593,0.001, 0.0297692, 0.0472456, 0.0644364, 0.0683987, 0.0979398, 0.115533, 0.158537, 0.354562, 0.998824, 1, 

254,343,0.001, 0.022969, 0.0297692, 0.0484279, 0.0644364, 0.0683987, 0.0979398, 0.169609, 0.185833, 0.217512, 0.354562, 0.207293, 0.211629, 0.278607, 0.330102, 0.334743, 0.490603, 0.565454, 0.602396, 0.625674, 0.661436, 0.668369, 0.769132, 0.816879, 0.874273, 0.947917, 0.997657, 1, 

229,479,0.001, 0.022969, 0.0297692, 0.0484279, 0.0644364, 0.0683987, 0.0979398, 0.169609, 0.185833, 0.202475, 0.207293, 0.211629, 0.278607, 0.330102, 0.330102, 0.334743, 0.378408, 0.777144, 0.0504982, 1, 

230,424,0.001, 0.022969, 0.0297692, 0.0484279, 0.0644364, 0.0979398, 0.115533, 0.158537, 0.175416, 0.202475, 0.211629, 0.507049, 0.54922, 0.154838, 0.705154, 0.707781, 0.775009, 0.715608, 0.777144, 0.962974, 1, 

Generation #37
212,772,0.001, 0.0232863, 0.0862501, 0.0962511, 0.0995047, 0.132621, 0.169609, 0.185833, 0.217512, 0.354562, 0.998824, 1, 

213,756,0.001, 0.038549, 0.0512358, 0.0762603, 0.16259, 0.130172, 0.17436, 0.248527, 0.252054, 0.324525, 0.397537, 0.436555, 0.735224, 0.803738, 0.902304, 0.973151, 1, 

220,540,0.001, 0.0297692, 0.0472456, 0.0644364, 0.0683987, 0.0979398, 0.115533, 0.158537, 0.175416, 0.202475, 0.211629, 0.278607, 0.330102, 0.334743, 0.378408, 0.506003, 0.776832, 0.53256, 0.602396, 0.625674, 1, 

214,631,0.001, 0.0232863, 0.0862501, 0.0962511, 0.0995047, 0.132621, 0.169609, 0.185833, 0.164441, 0.207293, 0.211629, 0.21238, 0.411641, 0.278607, 0.330102, 0.334743, 0.378408, 0.777144, 0.0504982, 1, 

242,418,0.001, 0.0297692, 0.0472456, 0.0644364, 0.0683987, 0.0979398, 0.115533, 0.158537, 0.175416, 0.202475, 0.211629, 0.278607, 0.330102, 0.334743, 0.378408, 0.506003, 0.531772, 0.53256, 0.602396, 0.625674, 0.661436, 0.668369, 0.769132, 0.816879, 0.874273, 0.947917, 0.997657, 1, 

228,487,0.001, 0.0297692, 0.0472456, 0.0644364, 0.0683987, 0.0979398, 0.115533, 0.158537, 0.175416, 0.202475, 0.207293, 0.211629, 0.411641, 0.278607, 0.330102, 0.334743, 0.378408, 0.506003, 0.531772, 0.53256, 0.557946, 0.25953, 0.635161, 0.63725, 0.648811, 0.691421, 0.698747, 0.739602, 0.745544, 1, 

227,514,0.001, 0.0297692, 0.0472456, 0.0644364, 0.0683987, 0.0979398, 0.115533, 0.158537, 0.175416, 0.202475, 0.282414, 0.278607, 0.330102, 0.330102, 0.334743, 0.490603, 1, 

218,593,0.001, 0.0297692, 0.0472456, 0.0644364, 0.0683987, 0.0979398, 0.115533, 0.158537, 0.354562, 0.998824, 1, 

254,343,0.001, 0.022969, 0.0297692, 0.0484279, 0.0644364, 0.0683987, 0.0979398, 0.169609, 0.185833, 0.217512, 0.354562, 0.207293, 0.211629, 0.278607, 0.330102, 0.334743, 0.490603, 0.565454, 0.602396, 0.625674, 0.661436, 0.668369, 0.769132, 0.816879, 0.874273, 0.947917, 0.997657, 1, 

229,479,0.001, 0.022969, 0.0297692, 0.0484279, 0.0644364, 0.0683987, 0.0979398, 0.169609, 0.185833, 0.202475, 0.207293, 0.211629, 0.278607, 0.330102, 0.330102, 0.334743, 0.378408, 0.777144, 0.0504982, 1, 

230,424,0.001, 0.022969, 0.0297692, 0.0484279, 0.0644364, 0.0979398, 0.115533, 0.158537, 0.175416, 0.202475, 0.211629, 0.507049, 0.54922, 0.154838, 0.705154, 0.707781, 0.775009, 0.715608, 0.777144, 0.962974, 1, 

243,354,0.001, 0.022969, 0.0297692, 0.0484279, 0.0644364, 0.0683987, 0.115533, 0.158537, 0.175416, 0.202475, 0.211629, 0.278607, 0.330102, 0.334743, 0.378408, 0.506003, 0.776832, 0.509621, 0.53256, 0.602396, 0.625674, 1, 

Generation #38
212,772,0.001, 0.0232863, 0.0862501, 0.0962511, 0.0995047, 0.132621, 0.169609, 0.185833, 0.217512, 0.354562, 0.998824, 1, 

213,756,0.001, 0.038549, 0.0512358, 0.0762603, 0.16259, 0.130172, 0.17436, 0.248527, 0.252054, 0.324525, 0.397537, 0.436555, 0.735224, 0.803738, 0.902304, 0.973151, 1, 

220,540,0.001, 0.0297692, 0.0472456, 0.0644364, 0.0683987, 0.0979398, 0.115533, 0.158537, 0.175416, 0.202475, 0.211629, 0.278607, 0.330102, 0.334743, 0.378408, 0.506003, 0.776832, 0.53256, 0.602396, 0.625674, 1, 

242,418,0.001, 0.0297692, 0.0472456, 0.0644364, 0.0683987, 0.0979398, 0.115533, 0.158537, 0.175416, 0.202475, 0.211629, 0.278607, 0.330102, 0.334743, 0.378408, 0.506003, 0.531772, 0.53256, 0.602396, 0.625674, 0.661436, 0.668369, 0.769132, 0.816879, 0.874273, 0.947917, 0.997657, 1, 

228,487,0.001, 0.0297692, 0.0472456, 0.0644364, 0.0683987, 0.0979398, 0.115533, 0.158537, 0.175416, 0.202475, 0.207293, 0.211629, 0.411641, 0.278607, 0.330102, 0.334743, 0.378408, 0.506003, 0.531772, 0.53256, 0.557946, 0.25953, 0.635161, 0.63725, 0.648811, 0.691421, 0.698747, 0.739602, 0.745544, 1, 

227,514,0.001, 0.0297692, 0.0472456, 0.0644364, 0.0683987, 0.0979398, 0.115533, 0.158537, 0.175416, 0.202475, 0.282414, 0.278607, 0.330102, 0.330102, 0.334743, 0.490603, 1, 

254,343,0.001, 0.022969, 0.0297692, 0.0484279, 0.0644364, 0.0683987, 0.0979398, 0.169609, 0.185833, 0.217512, 0.354562, 0.207293, 0.211629, 0.278607, 0.330102, 0.334743, 0.490603, 0.565454, 0.602396, 0.625674, 0.661436, 0.668369, 0.769132, 0.816879, 0.874273, 0.947917, 0.997657, 1, 

229,479,0.001, 0.022969, 0.0297692, 0.0484279, 0.0644364, 0.0683987, 0.0979398, 0.169609, 0.185833, 0.202475, 0.207293, 0.211629, 0.278607, 0.330102, 0.330102, 0.334743, 0.378408, 0.777144, 0.0504982, 1, 

230,424,0.001, 0.022969, 0.0297692, 0.0484279, 0.0644364, 0.0979398, 0.115533, 0.158537, 0.175416, 0.202475, 0.211629, 0.507049, 0.54922, 0.154838, 0.705154, 0.707781, 0.775009, 0.715608, 0.777144, 0.962974, 1, 

243,354,0.001, 0.022969, 0.0297692, 0.0484279, 0.0644364, 0.0683987, 0.115533, 0.158537, 0.175416, 0.202475, 0.211629, 0.278607, 0.330102, 0.334743, 0.378408, 0.506003, 0.776832, 0.509621, 0.53256, 0.602396, 0.625674, 1, 

214,565,0.001, 0.0297692, 0.0472456, 0.0644364, 0.0683987, 0.0979398, 0.115533, 0.162567, 0.164441, 0.207293, 0.211629, 0.429507, 0.21238, 0.411641, 0.278607, 0.330102, 0.334743, 0.378408, 0.777144, 0.0504982, 1, 

Generation #39
212,772,0.001, 0.0232863, 0.0862501, 0.0962511, 0.0995047, 0.132621, 0.169609, 0.185833, 0.217512, 0.354562, 0.998824, 1, 

213,756,0.001, 0.038549, 0.0512358, 0.0762603, 0.16259, 0.130172, 0.17436, 0.248527, 0.252054, 0.324525, 0.397537, 0.436555, 0.735224, 0.803738, 0.902304, 0.973151, 1, 

220,540,0.001, 0.0297692, 0.0472456, 0.0644364, 0.0683987, 0.0979398, 0.115533, 0.158537, 0.175416, 0.202475, 0.211629, 0.278607, 0.330102, 0.334743, 0.378408, 0.506003, 0.776832, 0.53256, 0.602396, 0.625674, 1, 

242,418,0.001, 0.0297692, 0.0472456, 0.0644364, 0.0683987, 0.0979398, 0.115533, 0.158537, 0.175416, 0.202475, 0.211629, 0.278607, 0.330102, 0.334743, 0.378408, 0.506003, 0.531772, 0.53256, 0.602396, 0.625674, 0.661436, 0.668369, 0.769132, 0.816879, 0.874273, 0.947917, 0.997657, 1, 

228,487,0.001, 0.0297692, 0.0472456, 0.0644364, 0.0683987, 0.0979398, 0.115533, 0.158537, 0.175416, 0.202475, 0.207293, 0.211629, 0.411641, 0.278607, 0.330102, 0.334743, 0.378408, 0.506003, 0.531772, 0.53256, 0.557946, 0.25953, 0.635161, 0.63725, 0.648811, 0.691421, 0.698747, 0.739602, 0.745544, 1, 

227,514,0.001, 0.0297692, 0.0472456, 0.0644364, 0.0683987, 0.0979398, 0.115533, 0.158537, 0.175416, 0.202475, 0.282414, 0.278607, 0.330102, 0.330102, 0.334743, 0.490603, 1, 

254,343,0.001, 0.022969, 0.0297692, 0.0484279, 0.0644364, 0.0683987, 0.0979398, 0.169609, 0.185833, 0.217512, 0.354562, 0.207293, 0.211629, 0.278607, 0.330102, 0.334743, 0.490603, 0.565454, 0.602396, 0.625674, 0.661436, 0.668369, 0.769132, 0.816879, 0.874273, 0.947917, 0.997657, 1, 

229,479,0.001, 0.022969, 0.0297692, 0.0484279, 0.0644364, 0.0683987, 0.0979398, 0.169609, 0.185833, 0.202475, 0.207293, 0.211629, 0.278607, 0.330102, 0.330102, 0.334743, 0.378408, 0.777144, 0.0504982, 1, 

230,424,0.001, 0.022969, 0.0297692, 0.0484279, 0.0644364, 0.0979398, 0.115533, 0.158537, 0.175416, 0.202475, 0.211629, 0.507049, 0.54922, 0.154838, 0.705154, 0.707781, 0.775009, 0.715608, 0.777144, 0.962974, 1, 

243,354,0.001, 0.022969, 0.0297692, 0.0484279, 0.0644364, 0.0683987, 0.115533, 0.158537, 0.175416, 0.202475, 0.211629, 0.278607, 0.330102, 0.334743, 0.378408, 0.506003, 0.776832, 0.509621, 0.53256, 0.602396, 0.625674, 1, 

214,565,0.001, 0.0297692, 0.0472456, 0.0644364, 0.0683987, 0.0979398, 0.115533, 0.162567, 0.164441, 0.207293, 0.211629, 0.429507, 0.21238, 0.411641, 0.278607, 0.330102, 0.334743, 0.378408, 0.777144, 0.0504982, 1, 

Generation #40
212,772,0.001, 0.0232863, 0.0862501, 0.0962511, 0.0995047, 0.132621, 0.169609, 0.185833, 0.217512, 0.354562, 0.998824, 1, 

213,756,0.001, 0.038549, 0.0512358, 0.0762603, 0.16259, 0.130172, 0.17436, 0.248527, 0.252054, 0.324525, 0.397537, 0.436555, 0.735224, 0.803738, 0.902304, 0.973151, 1, 

220,540,0.001, 0.0297692, 0.0472456, 0.0644364, 0.0683987, 0.0979398, 0.115533, 0.158537, 0.175416, 0.202475, 0.211629, 0.278607, 0.330102, 0.334743, 0.378408, 0.506003, 0.776832, 0.53256, 0.602396, 0.625674, 1, 

242,418,0.001, 0.0297692, 0.0472456, 0.0644364, 0.0683987, 0.0979398, 0.115533, 0.158537, 0.175416, 0.202475, 0.211629, 0.278607, 0.330102, 0.334743, 0.378408, 0.506003, 0.531772, 0.53256, 0.602396, 0.625674, 0.661436, 0.668369, 0.769132, 0.816879, 0.874273, 0.947917, 0.997657, 1, 

228,487,0.001, 0.0297692, 0.0472456, 0.0644364, 0.0683987, 0.0979398, 0.115533, 0.158537, 0.175416, 0.202475, 0.207293, 0.211629, 0.411641, 0.278607, 0.330102, 0.334743, 0.378408, 0.506003, 0.531772, 0.53256, 0.557946, 0.25953, 0.635161, 0.63725, 0.648811, 0.691421, 0.698747, 0.739602, 0.745544, 1, 

227,514,0.001, 0.0297692, 0.0472456, 0.0644364, 0.0683987, 0.0979398, 0.115533, 0.158537, 0.175416, 0.202475, 0.282414, 0.278607, 0.330102, 0.330102, 0.334743, 0.490603, 1, 

254,343,0.001, 0.022969, 0.0297692, 0.0484279, 0.0644364, 0.0683987, 0.0979398, 0.169609, 0.185833, 0.217512, 0.354562, 0.207293, 0.211629, 0.278607, 0.330102, 0.334743, 0.490603, 0.565454, 0.602396, 0.625674, 0.661436, 0.668369, 0.769132, 0.816879, 0.874273, 0.947917, 0.997657, 1, 

229,479,0.001, 0.022969, 0.0297692, 0.0484279, 0.0644364, 0.0683987, 0.0979398, 0.169609, 0.185833, 0.202475, 0.207293, 0.211629, 0.278607, 0.330102, 0.330102, 0.334743, 0.378408, 0.777144, 0.0504982, 1, 

230,424,0.001, 0.022969, 0.0297692, 0.0484279, 0.0644364, 0.0979398, 0.115533, 0.158537, 0.175416, 0.202475, 0.211629, 0.507049, 0.54922, 0.154838, 0.705154, 0.707781, 0.775009, 0.715608, 0.777144, 0.962974, 1, 

243,354,0.001, 0.022969, 0.0297692, 0.0484279, 0.0644364, 0.0683987, 0.115533, 0.158537, 0.175416, 0.202475, 0.211629, 0.278607, 0.330102, 0.334743, 0.378408, 0.506003, 0.776832, 0.509621, 0.53256, 0.602396, 0.625674, 1, 

214,565,0.001, 0.0297692, 0.0472456, 0.0644364, 0.0683987, 0.0979398, 0.115533, 0.162567, 0.164441, 0.207293, 0.211629, 0.429507, 0.21238, 0.411641, 0.278607, 0.330102, 0.334743, 0.378408, 0.777144, 0.0504982, 1, 

223,522,0.001, 0.0297692, 0.0472456, 0.0644364, 0.0683987, 0.0979398, 0.0979398, 0.169609, 0.185833, 0.217512, 0.354562, 0.207293, 0.211629, 0.278607, 0.330102, 0.334743, 0.490603, 0.565454, 0.639956, 0.747338, 0.756304, 0.769686, 0.786021, 0.790367, 0.885551, 0.897392, 0.874273, 0.947917, 0.997657, 1, 

Generation #41
212,772,0.001, 0.0232863, 0.0862501, 0.0962511, 0.0995047, 0.132621, 0.169609, 0.185833, 0.217512, 0.354562, 0.998824, 1, 

213,756,0.001, 0.038549, 0.0512358, 0.0762603, 0.16259, 0.130172, 0.17436, 0.248527, 0.252054, 0.324525, 0.397537, 0.436555, 0.735224, 0.803738, 0.902304, 0.973151, 1, 

220,540,0.001, 0.0297692, 0.0472456, 0.0644364, 0.0683987, 0.0979398, 0.115533, 0.158537, 0.175416, 0.202475, 0.211629, 0.278607, 0.330102, 0.334743, 0.378408, 0.506003, 0.776832, 0.53256, 0.602396, 0.625674, 1, 

242,418,0.001, 0.0297692, 0.0472456, 0.0644364, 0.0683987, 0.0979398, 0.115533, 0.158537, 0.175416, 0.202475, 0.211629, 0.278607, 0.330102, 0.334743, 0.378408, 0.506003, 0.531772, 0.53256, 0.602396, 0.625674, 0.661436, 0.668369, 0.769132, 0.816879, 0.874273, 0.947917, 0.997657, 1, 

228,487,0.001, 0.0297692, 0.0472456, 0.0644364, 0.0683987, 0.0979398, 0.115533, 0.158537, 0.175416, 0.202475, 0.207293, 0.211629, 0.411641, 0.278607, 0.330102, 0.334743, 0.378408, 0.506003, 0.531772, 0.53256, 0.557946, 0.25953, 0.635161, 0.63725, 0.648811, 0.691421, 0.698747, 0.739602, 0.745544, 1, 

227,514,0.001, 0.0297692, 0.0472456, 0.0644364, 0.0683987, 0.0979398, 0.115533, 0.158537, 0.175416, 0.202475, 0.282414, 0.278607, 0.330102, 0.330102, 0.334743, 0.490603, 1, 

254,343,0.001, 0.022969, 0.0297692, 0.0484279, 0.0644364, 0.0683987, 0.0979398, 0.169609, 0.185833, 0.217512, 0.354562, 0.207293, 0.211629, 0.278607, 0.330102, 0.334743, 0.490603, 0.565454, 0.602396, 0.625674, 0.661436, 0.668369, 0.769132, 0.816879, 0.874273, 0.947917, 0.997657, 1, 

229,479,0.001, 0.022969, 0.0297692, 0.0484279, 0.0644364, 0.0683987, 0.0979398, 0.169609, 0.185833, 0.202475, 0.207293, 0.211629, 0.278607, 0.330102, 0.330102, 0.334743, 0.378408, 0.777144, 0.0504982, 1, 

230,424,0.001, 0.022969, 0.0297692, 0.0484279, 0.0644364, 0.0979398, 0.115533, 0.158537, 0.175416, 0.202475, 0.211629, 0.507049, 0.54922, 0.154838, 0.705154, 0.707781, 0.775009, 0.715608, 0.777144, 0.962974, 1, 

243,354,0.001, 0.022969, 0.0297692, 0.0484279, 0.0644364, 0.0683987, 0.115533, 0.158537, 0.175416, 0.202475, 0.211629, 0.278607, 0.330102, 0.334743, 0.378408, 0.506003, 0.776832, 0.509621, 0.53256, 0.602396, 0.625674, 1, 

214,565,0.001, 0.0297692, 0.0472456, 0.0644364, 0.0683987, 0.0979398, 0.115533, 0.162567, 0.164441, 0.207293, 0.211629, 0.429507, 0.21238, 0.411641, 0.278607, 0.330102, 0.334743, 0.378408, 0.777144, 0.0504982, 1, 

223,522,0.001, 0.0297692, 0.0472456, 0.0644364, 0.0683987, 0.0979398, 0.0979398, 0.169609, 0.185833, 0.217512, 0.354562, 0.207293, 0.211629, 0.278607, 0.330102, 0.334743, 0.490603, 0.565454, 0.639956, 0.747338, 0.756304, 0.769686, 0.786021, 0.790367, 0.885551, 0.897392, 0.874273, 0.947917, 0.997657, 1, 

Generation #42
212,772,0.001, 0.0232863, 0.0862501, 0.0962511, 0.0995047, 0.132621, 0.169609, 0.185833, 0.217512, 0.354562, 0.998824, 1, 

213,756,0.001, 0.038549, 0.0512358, 0.0762603, 0.16259, 0.130172, 0.17436, 0.248527, 0.252054, 0.324525, 0.397537, 0.436555, 0.735224, 0.803738, 0.902304, 0.973151, 1, 

220,540,0.001, 0.0297692, 0.0472456, 0.0644364, 0.0683987, 0.0979398, 0.115533, 0.158537, 0.175416, 0.202475, 0.211629, 0.278607, 0.330102, 0.334743, 0.378408, 0.506003, 0.776832, 0.53256, 0.602396, 0.625674, 1, 

242,418,0.001, 0.0297692, 0.0472456, 0.0644364, 0.0683987, 0.0979398, 0.115533, 0.158537, 0.175416, 0.202475, 0.211629, 0.278607, 0.330102, 0.334743, 0.378408, 0.506003, 0.531772, 0.53256, 0.602396, 0.625674, 0.661436, 0.668369, 0.769132, 0.816879, 0.874273, 0.947917, 0.997657, 1, 

228,487,0.001, 0.0297692, 0.0472456, 0.0644364, 0.0683987, 0.0979398, 0.115533, 0.158537, 0.175416, 0.202475, 0.207293, 0.211629, 0.411641, 0.278607, 0.330102, 0.334743, 0.378408, 0.506003, 0.531772, 0.53256, 0.557946, 0.25953, 0.635161, 0.63725, 0.648811, 0.691421, 0.698747, 0.739602, 0.745544, 1, 

227,514,0.001, 0.0297692, 0.0472456, 0.0644364, 0.0683987, 0.0979398, 0.115533, 0.158537, 0.175416, 0.202475, 0.282414, 0.278607, 0.330102, 0.330102, 0.334743, 0.490603, 1, 

254,343,0.001, 0.022969, 0.0297692, 0.0484279, 0.0644364, 0.0683987, 0.0979398, 0.169609, 0.185833, 0.217512, 0.354562, 0.207293, 0.211629, 0.278607, 0.330102, 0.334743, 0.490603, 0.565454, 0.602396, 0.625674, 0.661436, 0.668369, 0.769132, 0.816879, 0.874273, 0.947917, 0.997657, 1, 

229,479,0.001, 0.022969, 0.0297692, 0.0484279, 0.0644364, 0.0683987, 0.0979398, 0.169609, 0.185833, 0.202475, 0.207293, 0.211629, 0.278607, 0.330102, 0.330102, 0.334743, 0.378408, 0.777144, 0.0504982, 1, 

230,424,0.001, 0.022969, 0.0297692, 0.0484279, 0.0644364, 0.0979398, 0.115533, 0.158537, 0.175416, 0.202475, 0.211629, 0.507049, 0.54922, 0.154838, 0.705154, 0.707781, 0.775009, 0.715608, 0.777144, 0.962974, 1, 

243,354,0.001, 0.022969, 0.0297692, 0.0484279, 0.0644364, 0.0683987, 0.115533, 0.158537, 0.175416, 0.202475, 0.211629, 0.278607, 0.330102, 0.334743, 0.378408, 0.506003, 0.776832, 0.509621, 0.53256, 0.602396, 0.625674, 1, 

214,565,0.001, 0.0297692, 0.0472456, 0.0644364, 0.0683987, 0.0979398, 0.115533, 0.162567, 0.164441, 0.207293, 0.211629, 0.429507, 0.21238, 0.411641, 0.278607, 0.330102, 0.334743, 0.378408, 0.777144, 0.0504982, 1, 

223,522,0.001, 0.0297692, 0.0472456, 0.0644364, 0.0683987, 0.0979398, 0.0979398, 0.169609, 0.185833, 0.217512, 0.354562, 0.207293, 0.211629, 0.278607, 0.330102, 0.334743, 0.490603, 0.565454, 0.639956, 0.747338, 0.756304, 0.769686, 0.786021, 0.790367, 0.885551, 0.897392, 0.874273, 0.947917, 0.997657, 1, 

Generation #43
212,772,0.001, 0.0232863, 0.0862501, 0.0962511, 0.0995047, 0.132621, 0.169609, 0.185833, 0.217512, 0.354562, 0.998824, 1, 

213,756,0.001, 0.038549, 0.0512358, 0.0762603, 0.16259, 0.130172, 0.17436, 0.248527, 0.252054, 0.324525, 0.397537, 0.436555, 0.735224, 0.803738, 0.902304, 0.973151, 1, 

220,540,0.001, 0.0297692, 0.0472456, 0.0644364, 0.0683987, 0.0979398, 0.115533, 0.158537, 0.175416, 0.202475, 0.211629, 0.278607, 0.330102, 0.334743, 0.378408, 0.506003, 0.776832, 0.53256, 0.602396, 0.625674, 1, 

242,418,0.001, 0.0297692, 0.0472456, 0.0644364, 0.0683987, 0.0979398, 0.115533, 0.158537, 0.175416, 0.202475, 0.211629, 0.278607, 0.330102, 0.334743, 0.378408, 0.506003, 0.531772, 0.53256, 0.602396, 0.625674, 0.661436, 0.668369, 0.769132, 0.816879, 0.874273, 0.947917, 0.997657, 1, 

228,487,0.001, 0.0297692, 0.0472456, 0.0644364, 0.0683987, 0.0979398, 0.115533, 0.158537, 0.175416, 0.202475, 0.207293, 0.211629, 0.411641, 0.278607, 0.330102, 0.334743, 0.378408, 0.506003, 0.531772, 0.53256, 0.557946, 0.25953, 0.635161, 0.63725, 0.648811, 0.691421, 0.698747, 0.739602, 0.745544, 1, 

227,514,0.001, 0.0297692, 0.0472456, 0.0644364, 0.0683987, 0.0979398, 0.115533, 0.158537, 0.175416, 0.202475, 0.282414, 0.278607, 0.330102, 0.330102, 0.334743, 0.490603, 1, 

254,343,0.001, 0.022969, 0.0297692, 0.0484279, 0.0644364, 0.0683987, 0.0979398, 0.169609, 0.185833, 0.217512, 0.354562, 0.207293, 0.211629, 0.278607, 0.330102, 0.334743, 0.490603, 0.565454, 0.602396, 0.625674, 0.661436, 0.668369, 0.769132, 0.816879, 0.874273, 0.947917, 0.997657, 1, 

229,479,0.001, 0.022969, 0.0297692, 0.0484279, 0.0644364, 0.0683987, 0.0979398, 0.169609, 0.185833, 0.202475, 0.207293, 0.211629, 0.278607, 0.330102, 0.330102, 0.334743, 0.378408, 0.777144, 0.0504982, 1, 

230,424,0.001, 0.022969, 0.0297692, 0.0484279, 0.0644364, 0.0979398, 0.115533, 0.158537, 0.175416, 0.202475, 0.211629, 0.507049, 0.54922, 0.154838, 0.705154, 0.707781, 0.775009, 0.715608, 0.777144, 0.962974, 1, 

243,354,0.001, 0.022969, 0.0297692, 0.0484279, 0.0644364, 0.0683987, 0.115533, 0.158537, 0.175416, 0.202475, 0.211629, 0.278607, 0.330102, 0.334743, 0.378408, 0.506003, 0.776832, 0.509621, 0.53256, 0.602396, 0.625674, 1, 

214,565,0.001, 0.0297692, 0.0472456, 0.0644364, 0.0683987, 0.0979398, 0.115533, 0.162567, 0.164441, 0.207293, 0.211629, 0.429507, 0.21238, 0.411641, 0.278607, 0.330102, 0.334743, 0.378408, 0.777144, 0.0504982, 1, 

223,522,0.001, 0.0297692, 0.0472456, 0.0644364, 0.0683987, 0.0979398, 0.0979398, 0.169609, 0.185833, 0.217512, 0.354562, 0.207293, 0.211629, 0.278607, 0.330102, 0.334743, 0.490603, 0.565454, 0.639956, 0.747338, 0.756304, 0.769686, 0.786021, 0.790367, 0.885551, 0.897392, 0.874273, 0.947917, 0.997657, 1, 

Generation #44
212,772,0.001, 0.0232863, 0.0862501, 0.0962511, 0.0995047, 0.132621, 0.169609, 0.185833, 0.217512, 0.354562, 0.998824, 1, 

213,756,0.001, 0.038549, 0.0512358, 0.0762603, 0.16259, 0.130172, 0.17436, 0.248527, 0.252054, 0.324525, 0.397537, 0.436555, 0.735224, 0.803738, 0.902304, 0.973151, 1, 

220,540,0.001, 0.0297692, 0.0472456, 0.0644364, 0.0683987, 0.0979398, 0.115533, 0.158537, 0.175416, 0.202475, 0.211629, 0.278607, 0.330102, 0.334743, 0.378408, 0.506003, 0.776832, 0.53256, 0.602396, 0.625674, 1, 

242,418,0.001, 0.0297692, 0.0472456, 0.0644364, 0.0683987, 0.0979398, 0.115533, 0.158537, 0.175416, 0.202475, 0.211629, 0.278607, 0.330102, 0.334743, 0.378408, 0.506003, 0.531772, 0.53256, 0.602396, 0.625674, 0.661436, 0.668369, 0.769132, 0.816879, 0.874273, 0.947917, 0.997657, 1, 

228,487,0.001, 0.0297692, 0.0472456, 0.0644364, 0.0683987, 0.0979398, 0.115533, 0.158537, 0.175416, 0.202475, 0.207293, 0.211629, 0.411641, 0.278607, 0.330102, 0.334743, 0.378408, 0.506003, 0.531772, 0.53256, 0.557946, 0.25953, 0.635161, 0.63725, 0.648811, 0.691421, 0.698747, 0.739602, 0.745544, 1, 

254,343,0.001, 0.022969, 0.0297692, 0.0484279, 0.0644364, 0.0683987, 0.0979398, 0.169609, 0.185833, 0.217512, 0.354562, 0.207293, 0.211629, 0.278607, 0.330102, 0.334743, 0.490603, 0.565454, 0.602396, 0.625674, 0.661436, 0.668369, 0.769132, 0.816879, 0.874273, 0.947917, 0.997657, 1, 

229,479,0.001, 0.022969, 0.0297692, 0.0484279, 0.0644364, 0.0683987, 0.0979398, 0.169609, 0.185833, 0.202475, 0.207293, 0.211629, 0.278607, 0.330102, 0.330102, 0.334743, 0.378408, 0.777144, 0.0504982, 1, 

230,424,0.001, 0.022969, 0.0297692, 0.0484279, 0.0644364, 0.0979398, 0.115533, 0.158537, 0.175416, 0.202475, 0.211629, 0.507049, 0.54922, 0.154838, 0.705154, 0.707781, 0.775009, 0.715608, 0.777144, 0.962974, 1, 

243,354,0.001, 0.022969, 0.0297692, 0.0484279, 0.0644364, 0.0683987, 0.115533, 0.158537, 0.175416, 0.202475, 0.211629, 0.278607, 0.330102, 0.334743, 0.378408, 0.506003, 0.776832, 0.509621, 0.53256, 0.602396, 0.625674, 1, 

214,565,0.001, 0.0297692, 0.0472456, 0.0644364, 0.0683987, 0.0979398, 0.115533, 0.162567, 0.164441, 0.207293, 0.211629, 0.429507, 0.21238, 0.411641, 0.278607, 0.330102, 0.334743, 0.378408, 0.777144, 0.0504982, 1, 

221,513,0.001, 0.022969, 0.0297692, 0.0484279, 0.0644364, 0.0683987, 0.0979398, 0.169609, 0.185833, 0.207293, 0.211629, 0.21238, 0.411641, 0.278607, 0.330102, 0.334743, 0.378408, 0.777144, 0.0504982, 1, 

Generation #45
212,772,0.001, 0.0232863, 0.0862501, 0.0962511, 0.0995047, 0.132621, 0.169609, 0.185833, 0.217512, 0.354562, 0.998824, 1, 

242,418,0.001, 0.0297692, 0.0472456, 0.0644364, 0.0683987, 0.0979398, 0.115533, 0.158537, 0.175416, 0.202475, 0.211629, 0.278607, 0.330102, 0.334743, 0.378408, 0.506003, 0.531772, 0.53256, 0.602396, 0.625674, 0.661436, 0.668369, 0.769132, 0.816879, 0.874273, 0.947917, 0.997657, 1, 

228,487,0.001, 0.0297692, 0.0472456, 0.0644364, 0.0683987, 0.0979398, 0.115533, 0.158537, 0.175416, 0.202475, 0.207293, 0.211629, 0.411641, 0.278607, 0.330102, 0.334743, 0.378408, 0.506003, 0.531772, 0.53256, 0.557946, 0.25953, 0.635161, 0.63725, 0.648811, 0.691421, 0.698747, 0.739602, 0.745544, 1, 

254,343,0.001, 0.022969, 0.0297692, 0.0484279, 0.0644364, 0.0683987, 0.0979398, 0.169609, 0.185833, 0.217512, 0.354562, 0.207293, 0.211629, 0.278607, 0.330102, 0.334743, 0.490603, 0.565454, 0.602396, 0.625674, 0.661436, 0.668369, 0.769132, 0.816879, 0.874273, 0.947917, 0.997657, 1, 

229,479,0.001, 0.022969, 0.0297692, 0.0484279, 0.0644364, 0.0683987, 0.0979398, 0.169609, 0.185833, 0.202475, 0.207293, 0.211629, 0.278607, 0.330102, 0.330102, 0.334743, 0.378408, 0.777144, 0.0504982, 1, 

230,424,0.001, 0.022969, 0.0297692, 0.0484279, 0.0644364, 0.0979398, 0.115533, 0.158537, 0.175416, 0.202475, 0.211629, 0.507049, 0.54922, 0.154838, 0.705154, 0.707781, 0.775009, 0.715608, 0.777144, 0.962974, 1, 

243,354,0.001, 0.022969, 0.0297692, 0.0484279, 0.0644364, 0.0683987, 0.115533, 0.158537, 0.175416, 0.202475, 0.211629, 0.278607, 0.330102, 0.334743, 0.378408, 0.506003, 0.776832, 0.509621, 0.53256, 0.602396, 0.625674, 1, 

213,490,0.001, 0.0297692, 0.0472456, 0.0644364, 0.0683987, 0.115533, 0.115533, 0.158537, 0.183051, 0.202475, 0.207293, 0.278607, 0.330102, 0.334743, 0.378408, 0.506003, 0.776832, 0.993562, 0.53256, 0.602396, 0.625674, 1, 

Generation #46
212,772,0.001, 0.0232863, 0.0862501, 0.0962511, 0.0995047, 0.132621, 0.169609, 0.185833, 0.217512, 0.354562, 0.998824, 1, 

242,418,0.001, 0.0297692, 0.0472456, 0.0644364, 0.0683987, 0.0979398, 0.115533, 0.158537, 0.175416, 0.202475, 0.211629, 0.278607, 0.330102, 0.334743, 0.378408, 0.506003, 0.531772, 0.53256, 0.602396, 0.625674, 0.661436, 0.668369, 0.769132, 0.816879, 0.874273, 0.947917, 0.997657, 1, 

228,487,0.001, 0.0297692, 0.0472456, 0.0644364, 0.0683987, 0.0979398, 0.115533, 0.158537, 0.175416, 0.202475, 0.207293, 0.211629, 0.411641, 0.278607, 0.330102, 0.334743, 0.378408, 0.506003, 0.531772, 0.53256, 0.557946, 0.25953, 0.635161, 0.63725, 0.648811, 0.691421, 0.698747, 0.739602, 0.745544, 1, 

254,343,0.001, 0.022969, 0.0297692, 0.0484279, 0.0644364, 0.0683987, 0.0979398, 0.169609, 0.185833, 0.217512, 0.354562, 0.207293, 0.211629, 0.278607, 0.330102, 0.334743, 0.490603, 0.565454, 0.602396, 0.625674, 0.661436, 0.668369, 0.769132, 0.816879, 0.874273, 0.947917, 0.997657, 1, 

230,424,0.001, 0.022969, 0.0297692, 0.0484279, 0.0644364, 0.0979398, 0.115533, 0.158537, 0.175416, 0.202475, 0.211629, 0.507049, 0.54922, 0.154838, 0.705154, 0.707781, 0.775009, 0.715608, 0.777144, 0.962974, 1, 

243,354,0.001, 0.022969, 0.0297692, 0.0484279, 0.0644364, 0.0683987, 0.115533, 0.158537, 0.175416, 0.202475, 0.211629, 0.278607, 0.330102, 0.334743, 0.378408, 0.506003, 0.776832, 0.509621, 0.53256, 0.602396, 0.625674, 1, 

213,490,0.001, 0.0297692, 0.0472456, 0.0644364, 0.0683987, 0.115533, 0.115533, 0.158537, 0.183051, 0.202475, 0.207293, 0.278607, 0.330102, 0.334743, 0.378408, 0.506003, 0.776832, 0.993562, 0.53256, 0.602396, 0.625674, 1, 

229,430,0.0154648, 0.022969, 0.0297692, 0.0484279, 0.0644364, 0.0683987, 0.0979398, 0.169609, 0.185833, 0.217512, 0.354562, 0.211629, 0.411641, 0.278607, 0.330102, 0.330102, 0.334743, 0.378408, 0.777144, 0.0504982, 1, 

Generation #47
212,772,0.001, 0.0232863, 0.0862501, 0.0962511, 0.0995047, 0.132621, 0.169609, 0.185833, 0.217512, 0.354562, 0.998824, 1, 

242,418,0.001, 0.0297692, 0.0472456, 0.0644364, 0.0683987, 0.0979398, 0.115533, 0.158537, 0.175416, 0.202475, 0.211629, 0.278607, 0.330102, 0.334743, 0.378408, 0.506003, 0.531772, 0.53256, 0.602396, 0.625674, 0.661436, 0.668369, 0.769132, 0.816879, 0.874273, 0.947917, 0.997657, 1, 

228,487,0.001, 0.0297692, 0.0472456, 0.0644364, 0.0683987, 0.0979398, 0.115533, 0.158537, 0.175416, 0.202475, 0.207293, 0.211629, 0.411641, 0.278607, 0.330102, 0.334743, 0.378408, 0.506003, 0.531772, 0.53256, 0.557946, 0.25953, 0.635161, 0.63725, 0.648811, 0.691421, 0.698747, 0.739602, 0.745544, 1, 

254,343,0.001, 0.022969, 0.0297692, 0.0484279, 0.0644364, 0.0683987, 0.0979398, 0.169609, 0.185833, 0.217512, 0.354562, 0.207293, 0.211629, 0.278607, 0.330102, 0.334743, 0.490603, 0.565454, 0.602396, 0.625674, 0.661436, 0.668369, 0.769132, 0.816879, 0.874273, 0.947917, 0.997657, 1, 

230,424,0.001, 0.022969, 0.0297692, 0.0484279, 0.0644364, 0.0979398, 0.115533, 0.158537, 0.175416, 0.202475, 0.211629, 0.507049, 0.54922, 0.154838, 0.705154, 0.707781, 0.775009, 0.715608, 0.777144, 0.962974, 1, 

243,354,0.001, 0.022969, 0.0297692, 0.0484279, 0.0644364, 0.0683987, 0.115533, 0.158537, 0.175416, 0.202475, 0.211629, 0.278607, 0.330102, 0.334743, 0.378408, 0.506003, 0.776832, 0.509621, 0.53256, 0.602396, 0.625674, 1, 

213,490,0.001, 0.0297692, 0.0472456, 0.0644364, 0.0683987, 0.115533, 0.115533, 0.158537, 0.183051, 0.202475, 0.207293, 0.278607, 0.330102, 0.334743, 0.378408, 0.506003, 0.776832, 0.993562, 0.53256, 0.602396, 0.625674, 1, 

229,430,0.0154648, 0.022969, 0.0297692, 0.0484279, 0.0644364, 0.0683987, 0.0979398, 0.169609, 0.185833, 0.217512, 0.354562, 0.211629, 0.411641, 0.278607, 0.330102, 0.330102, 0.334743, 0.378408, 0.777144, 0.0504982, 1, 

Generation #48
212,772,0.001, 0.0232863, 0.0862501, 0.0962511, 0.0995047, 0.132621, 0.169609, 0.185833, 0.217512, 0.354562, 0.998824, 1, 

242,418,0.001, 0.0297692, 0.0472456, 0.0644364, 0.0683987, 0.0979398, 0.115533, 0.158537, 0.175416, 0.202475, 0.211629, 0.278607, 0.330102, 0.334743, 0.378408, 0.506003, 0.531772, 0.53256, 0.602396, 0.625674, 0.661436, 0.668369, 0.769132, 0.816879, 0.874273, 0.947917, 0.997657, 1, 

228,487,0.001, 0.0297692, 0.0472456, 0.0644364, 0.0683987, 0.0979398, 0.115533, 0.158537, 0.175416, 0.202475, 0.207293, 0.211629, 0.411641, 0.278607, 0.330102, 0.334743, 0.378408, 0.506003, 0.531772, 0.53256, 0.557946, 0.25953, 0.635161, 0.63725, 0.648811, 0.691421, 0.698747, 0.739602, 0.745544, 1, 

254,343,0.001, 0.022969, 0.0297692, 0.0484279, 0.0644364, 0.0683987, 0.0979398, 0.169609, 0.185833, 0.217512, 0.354562, 0.207293, 0.211629, 0.278607, 0.330102, 0.334743, 0.490603, 0.565454, 0.602396, 0.625674, 0.661436, 0.668369, 0.769132, 0.816879, 0.874273, 0.947917, 0.997657, 1, 

230,424,0.001, 0.022969, 0.0297692, 0.0484279, 0.0644364, 0.0979398, 0.115533, 0.158537, 0.175416, 0.202475, 0.211629, 0.507049, 0.54922, 0.154838, 0.705154, 0.707781, 0.775009, 0.715608, 0.777144, 0.962974, 1, 

243,354,0.001, 0.022969, 0.0297692, 0.0484279, 0.0644364, 0.0683987, 0.115533, 0.158537, 0.175416, 0.202475, 0.211629, 0.278607, 0.330102, 0.334743, 0.378408, 0.506003, 0.776832, 0.509621, 0.53256, 0.602396, 0.625674, 1, 

213,490,0.001, 0.0297692, 0.0472456, 0.0644364, 0.0683987, 0.115533, 0.115533, 0.158537, 0.183051, 0.202475, 0.207293, 0.278607, 0.330102, 0.334743, 0.378408, 0.506003, 0.776832, 0.993562, 0.53256, 0.602396, 0.625674, 1, 

229,430,0.0154648, 0.022969, 0.0297692, 0.0484279, 0.0644364, 0.0683987, 0.0979398, 0.169609, 0.185833, 0.217512, 0.354562, 0.211629, 0.411641, 0.278607, 0.330102, 0.330102, 0.334743, 0.378408, 0.777144, 0.0504982, 1, 

Generation #49
212,772,0.001, 0.0232863, 0.0862501, 0.0962511, 0.0995047, 0.132621, 0.169609, 0.185833, 0.217512, 0.354562, 0.998824, 1, 

228,487,0.001, 0.0297692, 0.0472456, 0.0644364, 0.0683987, 0.0979398, 0.115533, 0.158537, 0.175416, 0.202475, 0.207293, 0.211629, 0.411641, 0.278607, 0.330102, 0.334743, 0.378408, 0.506003, 0.531772, 0.53256, 0.557946, 0.25953, 0.635161, 0.63725, 0.648811, 0.691421, 0.698747, 0.739602, 0.745544, 1, 

254,343,0.001, 0.022969, 0.0297692, 0.0484279, 0.0644364, 0.0683987, 0.0979398, 0.169609, 0.185833, 0.217512, 0.354562, 0.207293, 0.211629, 0.278607, 0.330102, 0.334743, 0.490603, 0.565454, 0.602396, 0.625674, 0.661436, 0.668369, 0.769132, 0.816879, 0.874273, 0.947917, 0.997657, 1, 

230,424,0.001, 0.022969, 0.0297692, 0.0484279, 0.0644364, 0.0979398, 0.115533, 0.158537, 0.175416, 0.202475, 0.211629, 0.507049, 0.54922, 0.154838, 0.705154, 0.707781, 0.775009, 0.715608, 0.777144, 0.962974, 1, 

243,354,0.001, 0.022969, 0.0297692, 0.0484279, 0.0644364, 0.0683987, 0.115533, 0.158537, 0.175416, 0.202475, 0.211629, 0.278607, 0.330102, 0.334743, 0.378408, 0.506003, 0.776832, 0.509621, 0.53256, 0.602396, 0.625674, 1, 

213,490,0.001, 0.0297692, 0.0472456, 0.0644364, 0.0683987, 0.115533, 0.115533, 0.158537, 0.183051, 0.202475, 0.207293, 0.278607, 0.330102, 0.334743, 0.378408, 0.506003, 0.776832, 0.993562, 0.53256, 0.602396, 0.625674, 1, 

229,430,0.0154648, 0.022969, 0.0297692, 0.0484279, 0.0644364, 0.0683987, 0.0979398, 0.169609, 0.185833, 0.217512, 0.354562, 0.211629, 0.411641, 0.278607, 0.330102, 0.330102, 0.334743, 0.378408, 0.777144, 0.0504982, 1, 

236,379,0.001, 0.0232863, 0.0484279, 0.0644364, 0.0683987, 0.0979398, 0.115533, 0.158537, 0.175416, 0.202475, 0.211629, 0.278607, 0.330102, 0.334743, 0.278607, 0.539725, 0.330102, 0.334743, 0.378408, 0.602396, 0.625674, 1, 

N total=467, Time total=1321, percents=0.001, 0.0232863, 0.0862501, 0.0962511, 0.0995047, 0.132621, 0.169609, 0.185833, 0.217512, 0.354562, 0.998824, 1, 

N total=483, Time total=1036, percents=0.001, 0.0297692, 0.0472456, 0.0644364, 0.0683987, 0.0979398, 0.115533, 0.158537, 0.175416, 0.202475, 0.207293, 0.211629, 0.411641, 0.278607, 0.330102, 0.334743, 0.378408, 0.506003, 0.531772, 0.53256, 0.557946, 0.25953, 0.635161, 0.63725, 0.648811, 0.691421, 0.698747, 0.739602, 0.745544, 1, 

N total=509, Time total=892, percents=0.001, 0.022969, 0.0297692, 0.0484279, 0.0644364, 0.0683987, 0.0979398, 0.169609, 0.185833, 0.217512, 0.354562, 0.207293, 0.211629, 0.278607, 0.330102, 0.334743, 0.490603, 0.565454, 0.602396, 0.625674, 0.661436, 0.668369, 0.769132, 0.816879, 0.874273, 0.947917, 0.997657, 1, 

N total=485, Time total=973, percents=0.001, 0.022969, 0.0297692, 0.0484279, 0.0644364, 0.0979398, 0.115533, 0.158537, 0.175416, 0.202475, 0.211629, 0.507049, 0.54922, 0.154838, 0.705154, 0.707781, 0.775009, 0.715608, 0.777144, 0.962974, 1, 

N total=498, Time total=903, percents=0.001, 0.022969, 0.0297692, 0.0484279, 0.0644364, 0.0683987, 0.115533, 0.158537, 0.175416, 0.202475, 0.211629, 0.278607, 0.330102, 0.334743, 0.378408, 0.506003, 0.776832, 0.509621, 0.53256, 0.602396, 0.625674, 1, 

N total=468, Time total=1039, percents=0.001, 0.0297692, 0.0472456, 0.0644364, 0.0683987, 0.115533, 0.115533, 0.158537, 0.183051, 0.202475, 0.207293, 0.278607, 0.330102, 0.334743, 0.378408, 0.506003, 0.776832, 0.993562, 0.53256, 0.602396, 0.625674, 1, 

N total=484, Time total=979, percents=0.0154648, 0.022969, 0.0297692, 0.0484279, 0.0644364, 0.0683987, 0.0979398, 0.169609, 0.185833, 0.217512, 0.354562, 0.211629, 0.411641, 0.278607, 0.330102, 0.330102, 0.334743, 0.378408, 0.777144, 0.0504982, 1, 

N total=491, Time total=928, percents=0.001, 0.0232863, 0.0484279, 0.0644364, 0.0683987, 0.0979398, 0.115533, 0.158537, 0.175416, 0.202475, 0.211629, 0.278607, 0.330102, 0.334743, 0.278607, 0.539725, 0.330102, 0.334743, 0.378408, 0.602396, 0.625674, 1, 

------------d=1, t=2, lambda=3, filename=./evaluation/Mobile/Mobile_2_3.csv------------
Computing partitioned counts of d-sets...
Ready to look at pairs based on partitioned counts...
First Stage N=357, Time=305
There are 257 remaining non-locating pairs
Generation #0
129,533,0.001, 0.0810503, 0.117273, 0.232633, 0.31732, 0.361412, 0.444672, 0.569223, 0.727733, 0.775118, 0.871117, 1, 

144,296,0.001, 0.092192, 0.121517, 0.24745, 0.27904, 0.284384, 0.317082, 0.334274, 0.439704, 0.544156, 0.550284, 0.58124, 0.641061, 0.774884, 0.837517, 0.922562, 1, 

160,138,0.001, 0.0143864, 0.0965867, 0.139924, 0.163994, 0.208363, 0.24569, 0.279075, 0.284513, 0.35008, 0.363454, 0.400947, 0.440926, 0.448329, 0.460208, 0.497786, 0.50452, 0.581467, 0.658395, 0.736374, 0.853403, 0.874113, 0.894386, 0.897498, 0.912454, 0.946062, 1, 

135,327,0.001, 0.113565, 0.257551, 0.296371, 0.306674, 0.605157, 0.634037, 0.733135, 0.733328, 0.767464, 0.801231, 0.980645, 1, 

150,166,0.001, 0.0218484, 0.0355499, 0.0592674, 0.131008, 0.141907, 0.187958, 0.195079, 0.372696, 0.481066, 0.537907, 0.578584, 0.626925, 0.645757, 0.680852, 0.737043, 0.751399, 0.760135, 0.764693, 0.972217, 1, 

143,318,0.001, 0.065789, 0.118016, 0.129042, 0.180657, 0.186402, 0.221528, 0.272856, 0.324684, 0.34117, 0.38153, 0.402094, 0.754007, 1, 

Generation #1
129,533,0.001, 0.0810503, 0.117273, 0.232633, 0.31732, 0.361412, 0.444672, 0.569223, 0.727733, 0.775118, 0.871117, 1, 

137,130,0.001, 0.0172098, 0.0670442, 0.094105, 0.121839, 0.133438, 0.138721, 0.177301, 0.208768, 0.396379, 0.40191, 0.698824, 0.729503, 0.778848, 0.883044, 0.893176, 0.979664, 1, 

134,189,0.0478172, 0.0670879, 0.0799094, 0.255966, 0.276412, 0.346863, 0.357381, 0.369576, 0.955862, 0.991808, 1, 

Generation #2
137,130,0.001, 0.0172098, 0.0670442, 0.094105, 0.121839, 0.133438, 0.138721, 0.177301, 0.208768, 0.396379, 0.40191, 0.698824, 0.729503, 0.778848, 0.883044, 0.893176, 0.979664, 1, 

134,189,0.0478172, 0.0670879, 0.0799094, 0.255966, 0.276412, 0.346863, 0.357381, 0.369576, 0.955862, 0.991808, 1, 

126,211,0.001, 0.0218484, 0.0355499, 0.0592674, 0.131008, 0.141907, 0.187958, 0.66796, 0.821737, 0.955862, 0.991808, 1, 

Generation #3
137,130,0.001, 0.0172098, 0.0670442, 0.094105, 0.121839, 0.133438, 0.138721, 0.177301, 0.208768, 0.396379, 0.40191, 0.698824, 0.729503, 0.778848, 0.883044, 0.893176, 0.979664, 1, 

134,189,0.0478172, 0.0670879, 0.0799094, 0.255966, 0.276412, 0.346863, 0.357381, 0.369576, 0.955862, 0.991808, 1, 

126,211,0.001, 0.0218484, 0.0355499, 0.0592674, 0.131008, 0.141907, 0.187958, 0.66796, 0.821737, 0.955862, 0.991808, 1, 

Generation #4
137,130,0.001, 0.0172098, 0.0670442, 0.094105, 0.121839, 0.133438, 0.138721, 0.177301, 0.208768, 0.396379, 0.40191, 0.698824, 0.729503, 0.778848, 0.883044, 0.893176, 0.979664, 1, 

134,189,0.0478172, 0.0670879, 0.0799094, 0.255966, 0.276412, 0.346863, 0.357381, 0.369576, 0.955862, 0.991808, 1, 

126,211,0.001, 0.0218484, 0.0355499, 0.0592674, 0.131008, 0.141907, 0.187958, 0.66796, 0.821737, 0.955862, 0.991808, 1, 

Generation #5
137,130,0.001, 0.0172098, 0.0670442, 0.094105, 0.121839, 0.133438, 0.138721, 0.177301, 0.208768, 0.396379, 0.40191, 0.698824, 0.729503, 0.778848, 0.883044, 0.893176, 0.979664, 1, 

134,189,0.0478172, 0.0670879, 0.0799094, 0.255966, 0.276412, 0.346863, 0.357381, 0.369576, 0.955862, 0.991808, 1, 

126,211,0.001, 0.0218484, 0.0355499, 0.0592674, 0.131008, 0.141907, 0.187958, 0.66796, 0.821737, 0.955862, 0.991808, 1, 

155,114,0.001, 0.0218484, 0.0355499, 0.0592674, 0.131008, 0.141907, 0.317082, 0.334274, 0.439704, 0.544156, 0.892864, 0.904227, 1, 

Generation #6
137,130,0.001, 0.0172098, 0.0670442, 0.094105, 0.121839, 0.133438, 0.138721, 0.177301, 0.208768, 0.396379, 0.40191, 0.698824, 0.729503, 0.778848, 0.883044, 0.893176, 0.979664, 1, 

134,189,0.0478172, 0.0670879, 0.0799094, 0.255966, 0.276412, 0.346863, 0.357381, 0.369576, 0.955862, 0.991808, 1, 

126,211,0.001, 0.0218484, 0.0355499, 0.0592674, 0.131008, 0.141907, 0.187958, 0.66796, 0.821737, 0.955862, 0.991808, 1, 

155,114,0.001, 0.0218484, 0.0355499, 0.0592674, 0.131008, 0.141907, 0.317082, 0.334274, 0.439704, 0.544156, 0.892864, 0.904227, 1, 

Generation #7
137,130,0.001, 0.0172098, 0.0670442, 0.094105, 0.121839, 0.133438, 0.138721, 0.177301, 0.208768, 0.396379, 0.40191, 0.698824, 0.729503, 0.778848, 0.883044, 0.893176, 0.979664, 1, 

134,189,0.0478172, 0.0670879, 0.0799094, 0.255966, 0.276412, 0.346863, 0.357381, 0.369576, 0.955862, 0.991808, 1, 

126,211,0.001, 0.0218484, 0.0355499, 0.0592674, 0.131008, 0.141907, 0.187958, 0.66796, 0.821737, 0.955862, 0.991808, 1, 

155,114,0.001, 0.0218484, 0.0355499, 0.0592674, 0.131008, 0.141907, 0.317082, 0.334274, 0.439704, 0.544156, 0.892864, 0.904227, 1, 

Generation #8
137,130,0.001, 0.0172098, 0.0670442, 0.094105, 0.121839, 0.133438, 0.138721, 0.177301, 0.208768, 0.396379, 0.40191, 0.698824, 0.729503, 0.778848, 0.883044, 0.893176, 0.979664, 1, 

126,211,0.001, 0.0218484, 0.0355499, 0.0592674, 0.131008, 0.141907, 0.187958, 0.66796, 0.821737, 0.955862, 0.991808, 1, 

155,114,0.001, 0.0218484, 0.0355499, 0.0592674, 0.131008, 0.141907, 0.317082, 0.334274, 0.439704, 0.544156, 0.892864, 0.904227, 1, 

130,168,0.001, 0.0410835, 0.0638103, 0.0695953, 0.116195, 0.159823, 0.249184, 0.300918, 0.326869, 0.331002, 0.445782, 0.456243, 0.483076, 0.523655, 0.776751, 0.943296, 0.958691, 1, 

Generation #9
137,130,0.001, 0.0172098, 0.0670442, 0.094105, 0.121839, 0.133438, 0.138721, 0.177301, 0.208768, 0.396379, 0.40191, 0.698824, 0.729503, 0.778848, 0.883044, 0.893176, 0.979664, 1, 

126,211,0.001, 0.0218484, 0.0355499, 0.0592674, 0.131008, 0.141907, 0.187958, 0.66796, 0.821737, 0.955862, 0.991808, 1, 

155,114,0.001, 0.0218484, 0.0355499, 0.0592674, 0.131008, 0.141907, 0.317082, 0.334274, 0.439704, 0.544156, 0.892864, 0.904227, 1, 

130,168,0.001, 0.0410835, 0.0638103, 0.0695953, 0.116195, 0.159823, 0.249184, 0.300918, 0.326869, 0.331002, 0.445782, 0.456243, 0.483076, 0.523655, 0.776751, 0.943296, 0.958691, 1, 

Generation #10
137,130,0.001, 0.0172098, 0.0670442, 0.094105, 0.121839, 0.133438, 0.138721, 0.177301, 0.208768, 0.396379, 0.40191, 0.698824, 0.729503, 0.778848, 0.883044, 0.893176, 0.979664, 1, 

126,211,0.001, 0.0218484, 0.0355499, 0.0592674, 0.131008, 0.141907, 0.187958, 0.66796, 0.821737, 0.955862, 0.991808, 1, 

155,114,0.001, 0.0218484, 0.0355499, 0.0592674, 0.131008, 0.141907, 0.317082, 0.334274, 0.439704, 0.544156, 0.892864, 0.904227, 1, 

130,133,0.001, 0.0218484, 0.0355499, 0.0592674, 0.131008, 0.141907, 0.187958, 0.276423, 0.326331, 0.360947, 0.423965, 0.483019, 0.523655, 0.776751, 0.915242, 0.943296, 0.958691, 1, 

Generation #11
137,130,0.001, 0.0172098, 0.0670442, 0.094105, 0.121839, 0.133438, 0.138721, 0.177301, 0.208768, 0.396379, 0.40191, 0.698824, 0.729503, 0.778848, 0.883044, 0.893176, 0.979664, 1, 

126,211,0.001, 0.0218484, 0.0355499, 0.0592674, 0.131008, 0.141907, 0.187958, 0.66796, 0.821737, 0.955862, 0.991808, 1, 

155,114,0.001, 0.0218484, 0.0355499, 0.0592674, 0.131008, 0.141907, 0.317082, 0.334274, 0.439704, 0.544156, 0.892864, 0.904227, 1, 

130,133,0.001, 0.0218484, 0.0355499, 0.0592674, 0.131008, 0.141907, 0.187958, 0.276423, 0.326331, 0.360947, 0.423965, 0.483019, 0.523655, 0.776751, 0.915242, 0.943296, 0.958691, 1, 

Generation #12
137,130,0.001, 0.0172098, 0.0670442, 0.094105, 0.121839, 0.133438, 0.138721, 0.177301, 0.208768, 0.396379, 0.40191, 0.698824, 0.729503, 0.778848, 0.883044, 0.893176, 0.979664, 1, 

155,114,0.001, 0.0218484, 0.0355499, 0.0592674, 0.131008, 0.141907, 0.317082, 0.334274, 0.439704, 0.544156, 0.892864, 0.904227, 1, 

130,133,0.001, 0.0218484, 0.0355499, 0.0592674, 0.131008, 0.141907, 0.187958, 0.276423, 0.326331, 0.360947, 0.423965, 0.483019, 0.523655, 0.776751, 0.915242, 0.943296, 0.958691, 1, 

119,203,0.0562769, 0.001, 0.0172098, 0.0670442, 0.094105, 0.121839, 0.133438, 0.138721, 0.177301, 0.167006, 0.220083, 0.325781, 0.980645, 1, 

Generation #13
137,130,0.001, 0.0172098, 0.0670442, 0.094105, 0.121839, 0.133438, 0.138721, 0.177301, 0.208768, 0.396379, 0.40191, 0.698824, 0.729503, 0.778848, 0.883044, 0.893176, 0.979664, 1, 

155,114,0.001, 0.0218484, 0.0355499, 0.0592674, 0.131008, 0.141907, 0.317082, 0.334274, 0.439704, 0.544156, 0.892864, 0.904227, 1, 

130,133,0.001, 0.0218484, 0.0355499, 0.0592674, 0.131008, 0.141907, 0.187958, 0.276423, 0.326331, 0.360947, 0.423965, 0.483019, 0.523655, 0.776751, 0.915242, 0.943296, 0.958691, 1, 

119,203,0.0562769, 0.001, 0.0172098, 0.0670442, 0.094105, 0.121839, 0.133438, 0.138721, 0.177301, 0.167006, 0.220083, 0.325781, 0.980645, 1, 

Generation #14
137,130,0.001, 0.0172098, 0.0670442, 0.094105, 0.121839, 0.133438, 0.138721, 0.177301, 0.208768, 0.396379, 0.40191, 0.698824, 0.729503, 0.778848, 0.883044, 0.893176, 0.979664, 1, 

155,114,0.001, 0.0218484, 0.0355499, 0.0592674, 0.131008, 0.141907, 0.317082, 0.334274, 0.439704, 0.544156, 0.892864, 0.904227, 1, 

130,133,0.001, 0.0218484, 0.0355499, 0.0592674, 0.131008, 0.141907, 0.187958, 0.276423, 0.326331, 0.360947, 0.423965, 0.483019, 0.523655, 0.776751, 0.915242, 0.943296, 0.958691, 1, 

119,203,0.0562769, 0.001, 0.0172098, 0.0670442, 0.094105, 0.121839, 0.133438, 0.138721, 0.177301, 0.167006, 0.220083, 0.325781, 0.980645, 1, 

Generation #15
137,130,0.001, 0.0172098, 0.0670442, 0.094105, 0.121839, 0.133438, 0.138721, 0.177301, 0.208768, 0.396379, 0.40191, 0.698824, 0.729503, 0.778848, 0.883044, 0.893176, 0.979664, 1, 

155,114,0.001, 0.0218484, 0.0355499, 0.0592674, 0.131008, 0.141907, 0.317082, 0.334274, 0.439704, 0.544156, 0.892864, 0.904227, 1, 

130,133,0.001, 0.0218484, 0.0355499, 0.0592674, 0.131008, 0.141907, 0.187958, 0.276423, 0.326331, 0.360947, 0.423965, 0.483019, 0.523655, 0.776751, 0.915242, 0.943296, 0.958691, 1, 

119,203,0.0562769, 0.001, 0.0172098, 0.0670442, 0.094105, 0.121839, 0.133438, 0.138721, 0.177301, 0.167006, 0.220083, 0.325781, 0.980645, 1, 

Generation #16
155,114,0.001, 0.0218484, 0.0355499, 0.0592674, 0.131008, 0.141907, 0.317082, 0.334274, 0.439704, 0.544156, 0.892864, 0.904227, 1, 

130,133,0.001, 0.0218484, 0.0355499, 0.0592674, 0.131008, 0.141907, 0.187958, 0.276423, 0.326331, 0.360947, 0.423965, 0.483019, 0.523655, 0.776751, 0.915242, 0.943296, 0.958691, 1, 

119,203,0.0562769, 0.001, 0.0172098, 0.0670442, 0.094105, 0.121839, 0.133438, 0.138721, 0.177301, 0.167006, 0.220083, 0.325781, 0.980645, 1, 

136,119,0.001, 0.0109773, 0.0226591, 0.0592674, 0.131008, 0.141907, 0.187958, 0.195079, 0.372696, 0.481066, 0.537907, 0.578584, 0.626925, 0.645757, 0.680852, 0.737043, 0.751399, 0.760135, 0.764693, 0.972217, 1, 

Generation #17
155,114,0.001, 0.0218484, 0.0355499, 0.0592674, 0.131008, 0.141907, 0.317082, 0.334274, 0.439704, 0.544156, 0.892864, 0.904227, 1, 

130,133,0.001, 0.0218484, 0.0355499, 0.0592674, 0.131008, 0.141907, 0.187958, 0.276423, 0.326331, 0.360947, 0.423965, 0.483019, 0.523655, 0.776751, 0.915242, 0.943296, 0.958691, 1, 

119,203,0.0562769, 0.001, 0.0172098, 0.0670442, 0.094105, 0.121839, 0.133438, 0.138721, 0.177301, 0.167006, 0.220083, 0.325781, 0.980645, 1, 

136,119,0.001, 0.0109773, 0.0226591, 0.0592674, 0.131008, 0.141907, 0.187958, 0.195079, 0.372696, 0.481066, 0.537907, 0.578584, 0.626925, 0.645757, 0.680852, 0.737043, 0.751399, 0.760135, 0.764693, 0.972217, 1, 

Generation #18
155,114,0.001, 0.0218484, 0.0355499, 0.0592674, 0.131008, 0.141907, 0.317082, 0.334274, 0.439704, 0.544156, 0.892864, 0.904227, 1, 

130,133,0.001, 0.0218484, 0.0355499, 0.0592674, 0.131008, 0.141907, 0.187958, 0.276423, 0.326331, 0.360947, 0.423965, 0.483019, 0.523655, 0.776751, 0.915242, 0.943296, 0.958691, 1, 

119,203,0.0562769, 0.001, 0.0172098, 0.0670442, 0.094105, 0.121839, 0.133438, 0.138721, 0.177301, 0.167006, 0.220083, 0.325781, 0.980645, 1, 

136,119,0.001, 0.0109773, 0.0226591, 0.0592674, 0.131008, 0.141907, 0.187958, 0.195079, 0.372696, 0.481066, 0.537907, 0.578584, 0.626925, 0.645757, 0.680852, 0.737043, 0.751399, 0.760135, 0.764693, 0.972217, 1, 

Generation #19
155,114,0.001, 0.0218484, 0.0355499, 0.0592674, 0.131008, 0.141907, 0.317082, 0.334274, 0.439704, 0.544156, 0.892864, 0.904227, 1, 

130,133,0.001, 0.0218484, 0.0355499, 0.0592674, 0.131008, 0.141907, 0.187958, 0.276423, 0.326331, 0.360947, 0.423965, 0.483019, 0.523655, 0.776751, 0.915242, 0.943296, 0.958691, 1, 

119,203,0.0562769, 0.001, 0.0172098, 0.0670442, 0.094105, 0.121839, 0.133438, 0.138721, 0.177301, 0.167006, 0.220083, 0.325781, 0.980645, 1, 

136,119,0.001, 0.0109773, 0.0226591, 0.0592674, 0.131008, 0.141907, 0.187958, 0.195079, 0.372696, 0.481066, 0.537907, 0.578584, 0.626925, 0.645757, 0.680852, 0.737043, 0.751399, 0.760135, 0.764693, 0.972217, 1, 

Generation #20
155,114,0.001, 0.0218484, 0.0355499, 0.0592674, 0.131008, 0.141907, 0.317082, 0.334274, 0.439704, 0.544156, 0.892864, 0.904227, 1, 

130,133,0.001, 0.0218484, 0.0355499, 0.0592674, 0.131008, 0.141907, 0.187958, 0.276423, 0.326331, 0.360947, 0.423965, 0.483019, 0.523655, 0.776751, 0.915242, 0.943296, 0.958691, 1, 

119,203,0.0562769, 0.001, 0.0172098, 0.0670442, 0.094105, 0.121839, 0.133438, 0.138721, 0.177301, 0.167006, 0.220083, 0.325781, 0.980645, 1, 

136,119,0.001, 0.0109773, 0.0226591, 0.0592674, 0.131008, 0.141907, 0.187958, 0.195079, 0.372696, 0.481066, 0.537907, 0.578584, 0.626925, 0.645757, 0.680852, 0.737043, 0.751399, 0.760135, 0.764693, 0.972217, 1, 

Generation #21
155,114,0.001, 0.0218484, 0.0355499, 0.0592674, 0.131008, 0.141907, 0.317082, 0.334274, 0.439704, 0.544156, 0.892864, 0.904227, 1, 

130,133,0.001, 0.0218484, 0.0355499, 0.0592674, 0.131008, 0.141907, 0.187958, 0.276423, 0.326331, 0.360947, 0.423965, 0.483019, 0.523655, 0.776751, 0.915242, 0.943296, 0.958691, 1, 

119,203,0.0562769, 0.001, 0.0172098, 0.0670442, 0.094105, 0.121839, 0.133438, 0.138721, 0.177301, 0.167006, 0.220083, 0.325781, 0.980645, 1, 

136,119,0.001, 0.0109773, 0.0226591, 0.0592674, 0.131008, 0.141907, 0.187958, 0.195079, 0.372696, 0.481066, 0.537907, 0.578584, 0.626925, 0.645757, 0.680852, 0.737043, 0.751399, 0.760135, 0.764693, 0.972217, 1, 

Generation #22
155,114,0.001, 0.0218484, 0.0355499, 0.0592674, 0.131008, 0.141907, 0.317082, 0.334274, 0.439704, 0.544156, 0.892864, 0.904227, 1, 

130,133,0.001, 0.0218484, 0.0355499, 0.0592674, 0.131008, 0.141907, 0.187958, 0.276423, 0.326331, 0.360947, 0.423965, 0.483019, 0.523655, 0.776751, 0.915242, 0.943296, 0.958691, 1, 

136,119,0.001, 0.0109773, 0.0226591, 0.0592674, 0.131008, 0.141907, 0.187958, 0.195079, 0.372696, 0.481066, 0.537907, 0.578584, 0.626925, 0.645757, 0.680852, 0.737043, 0.751399, 0.760135, 0.764693, 0.972217, 1, 

119,170,0.001, 0.0218484, 0.0592674, 0.146485, 0.212387, 0.212622, 0.229723, 0.2328, 0.395304, 0.40931, 0.454259, 0.459677, 0.485196, 0.522449, 0.922562, 1, 

Generation #23
155,114,0.001, 0.0218484, 0.0355499, 0.0592674, 0.131008, 0.141907, 0.317082, 0.334274, 0.439704, 0.544156, 0.892864, 0.904227, 1, 

130,133,0.001, 0.0218484, 0.0355499, 0.0592674, 0.131008, 0.141907, 0.187958, 0.276423, 0.326331, 0.360947, 0.423965, 0.483019, 0.523655, 0.776751, 0.915242, 0.943296, 0.958691, 1, 

136,119,0.001, 0.0109773, 0.0226591, 0.0592674, 0.131008, 0.141907, 0.187958, 0.195079, 0.372696, 0.481066, 0.537907, 0.578584, 0.626925, 0.645757, 0.680852, 0.737043, 0.751399, 0.760135, 0.764693, 0.972217, 1, 

119,170,0.001, 0.0218484, 0.0592674, 0.146485, 0.212387, 0.212622, 0.229723, 0.2328, 0.395304, 0.40931, 0.454259, 0.459677, 0.485196, 0.522449, 0.922562, 1, 

Generation #24
155,114,0.001, 0.0218484, 0.0355499, 0.0592674, 0.131008, 0.141907, 0.317082, 0.334274, 0.439704, 0.544156, 0.892864, 0.904227, 1, 

130,133,0.001, 0.0218484, 0.0355499, 0.0592674, 0.131008, 0.141907, 0.187958, 0.276423, 0.326331, 0.360947, 0.423965, 0.483019, 0.523655, 0.776751, 0.915242, 0.943296, 0.958691, 1, 

136,119,0.001, 0.0109773, 0.0226591, 0.0592674, 0.131008, 0.141907, 0.187958, 0.195079, 0.372696, 0.481066, 0.537907, 0.578584, 0.626925, 0.645757, 0.680852, 0.737043, 0.751399, 0.760135, 0.764693, 0.972217, 1, 

119,170,0.001, 0.0218484, 0.0592674, 0.146485, 0.212387, 0.212622, 0.229723, 0.2328, 0.395304, 0.40931, 0.454259, 0.459677, 0.485196, 0.522449, 0.922562, 1, 

Generation #25
155,114,0.001, 0.0218484, 0.0355499, 0.0592674, 0.131008, 0.141907, 0.317082, 0.334274, 0.439704, 0.544156, 0.892864, 0.904227, 1, 

130,133,0.001, 0.0218484, 0.0355499, 0.0592674, 0.131008, 0.141907, 0.187958, 0.276423, 0.326331, 0.360947, 0.423965, 0.483019, 0.523655, 0.776751, 0.915242, 0.943296, 0.958691, 1, 

136,119,0.001, 0.0109773, 0.0226591, 0.0592674, 0.131008, 0.141907, 0.187958, 0.195079, 0.372696, 0.481066, 0.537907, 0.578584, 0.626925, 0.645757, 0.680852, 0.737043, 0.751399, 0.760135, 0.764693, 0.972217, 1, 

119,170,0.001, 0.0218484, 0.0592674, 0.146485, 0.212387, 0.212622, 0.229723, 0.2328, 0.395304, 0.40931, 0.454259, 0.459677, 0.485196, 0.522449, 0.922562, 1, 

Generation #26
155,114,0.001, 0.0218484, 0.0355499, 0.0592674, 0.131008, 0.141907, 0.317082, 0.334274, 0.439704, 0.544156, 0.892864, 0.904227, 1, 

130,133,0.001, 0.0218484, 0.0355499, 0.0592674, 0.131008, 0.141907, 0.187958, 0.276423, 0.326331, 0.360947, 0.423965, 0.483019, 0.523655, 0.776751, 0.915242, 0.943296, 0.958691, 1, 

136,119,0.001, 0.0109773, 0.0226591, 0.0592674, 0.131008, 0.141907, 0.187958, 0.195079, 0.372696, 0.481066, 0.537907, 0.578584, 0.626925, 0.645757, 0.680852, 0.737043, 0.751399, 0.760135, 0.764693, 0.972217, 1, 

119,170,0.001, 0.0218484, 0.0592674, 0.146485, 0.212387, 0.212622, 0.229723, 0.2328, 0.395304, 0.40931, 0.454259, 0.459677, 0.485196, 0.522449, 0.922562, 1, 

Generation #27
155,114,0.001, 0.0218484, 0.0355499, 0.0592674, 0.131008, 0.141907, 0.317082, 0.334274, 0.439704, 0.544156, 0.892864, 0.904227, 1, 

130,133,0.001, 0.0218484, 0.0355499, 0.0592674, 0.131008, 0.141907, 0.187958, 0.276423, 0.326331, 0.360947, 0.423965, 0.483019, 0.523655, 0.776751, 0.915242, 0.943296, 0.958691, 1, 

136,119,0.001, 0.0109773, 0.0226591, 0.0592674, 0.131008, 0.141907, 0.187958, 0.195079, 0.372696, 0.481066, 0.537907, 0.578584, 0.626925, 0.645757, 0.680852, 0.737043, 0.751399, 0.760135, 0.764693, 0.972217, 1, 

119,170,0.001, 0.0218484, 0.0592674, 0.146485, 0.212387, 0.212622, 0.229723, 0.2328, 0.395304, 0.40931, 0.454259, 0.459677, 0.485196, 0.522449, 0.922562, 1, 

112,177,0.001, 0.0143864, 0.0965867, 0.139924, 0.163994, 0.208363, 0.229723, 0.2328, 0.40931, 0.454259, 0.459677, 0.485196, 0.522449, 0.922562, 1, 

Generation #28
155,114,0.001, 0.0218484, 0.0355499, 0.0592674, 0.131008, 0.141907, 0.317082, 0.334274, 0.439704, 0.544156, 0.892864, 0.904227, 1, 

130,133,0.001, 0.0218484, 0.0355499, 0.0592674, 0.131008, 0.141907, 0.187958, 0.276423, 0.326331, 0.360947, 0.423965, 0.483019, 0.523655, 0.776751, 0.915242, 0.943296, 0.958691, 1, 

136,119,0.001, 0.0109773, 0.0226591, 0.0592674, 0.131008, 0.141907, 0.187958, 0.195079, 0.372696, 0.481066, 0.537907, 0.578584, 0.626925, 0.645757, 0.680852, 0.737043, 0.751399, 0.760135, 0.764693, 0.972217, 1, 

119,170,0.001, 0.0218484, 0.0592674, 0.146485, 0.212387, 0.212622, 0.229723, 0.2328, 0.395304, 0.40931, 0.454259, 0.459677, 0.485196, 0.522449, 0.922562, 1, 

112,177,0.001, 0.0143864, 0.0965867, 0.139924, 0.163994, 0.208363, 0.229723, 0.2328, 0.40931, 0.454259, 0.459677, 0.485196, 0.522449, 0.922562, 1, 

Generation #29
155,114,0.001, 0.0218484, 0.0355499, 0.0592674, 0.131008, 0.141907, 0.317082, 0.334274, 0.439704, 0.544156, 0.892864, 0.904227, 1, 

130,133,0.001, 0.0218484, 0.0355499, 0.0592674, 0.131008, 0.141907, 0.187958, 0.276423, 0.326331, 0.360947, 0.423965, 0.483019, 0.523655, 0.776751, 0.915242, 0.943296, 0.958691, 1, 

136,119,0.001, 0.0109773, 0.0226591, 0.0592674, 0.131008, 0.141907, 0.187958, 0.195079, 0.372696, 0.481066, 0.537907, 0.578584, 0.626925, 0.645757, 0.680852, 0.737043, 0.751399, 0.760135, 0.764693, 0.972217, 1, 

119,170,0.001, 0.0218484, 0.0592674, 0.146485, 0.212387, 0.212622, 0.229723, 0.2328, 0.395304, 0.40931, 0.454259, 0.459677, 0.485196, 0.522449, 0.922562, 1, 

112,177,0.001, 0.0143864, 0.0965867, 0.139924, 0.163994, 0.208363, 0.229723, 0.2328, 0.40931, 0.454259, 0.459677, 0.485196, 0.522449, 0.922562, 1, 

Generation #30
155,114,0.001, 0.0218484, 0.0355499, 0.0592674, 0.131008, 0.141907, 0.317082, 0.334274, 0.439704, 0.544156, 0.892864, 0.904227, 1, 

130,133,0.001, 0.0218484, 0.0355499, 0.0592674, 0.131008, 0.141907, 0.187958, 0.276423, 0.326331, 0.360947, 0.423965, 0.483019, 0.523655, 0.776751, 0.915242, 0.943296, 0.958691, 1, 

136,119,0.001, 0.0109773, 0.0226591, 0.0592674, 0.131008, 0.141907, 0.187958, 0.195079, 0.372696, 0.481066, 0.537907, 0.578584, 0.626925, 0.645757, 0.680852, 0.737043, 0.751399, 0.760135, 0.764693, 0.972217, 1, 

119,170,0.001, 0.0218484, 0.0592674, 0.146485, 0.212387, 0.212622, 0.229723, 0.2328, 0.395304, 0.40931, 0.454259, 0.459677, 0.485196, 0.522449, 0.922562, 1, 

112,177,0.001, 0.0143864, 0.0965867, 0.139924, 0.163994, 0.208363, 0.229723, 0.2328, 0.40931, 0.454259, 0.459677, 0.485196, 0.522449, 0.922562, 1, 

Generation #31
155,114,0.001, 0.0218484, 0.0355499, 0.0592674, 0.131008, 0.141907, 0.317082, 0.334274, 0.439704, 0.544156, 0.892864, 0.904227, 1, 

130,133,0.001, 0.0218484, 0.0355499, 0.0592674, 0.131008, 0.141907, 0.187958, 0.276423, 0.326331, 0.360947, 0.423965, 0.483019, 0.523655, 0.776751, 0.915242, 0.943296, 0.958691, 1, 

136,119,0.001, 0.0109773, 0.0226591, 0.0592674, 0.131008, 0.141907, 0.187958, 0.195079, 0.372696, 0.481066, 0.537907, 0.578584, 0.626925, 0.645757, 0.680852, 0.737043, 0.751399, 0.760135, 0.764693, 0.972217, 1, 

119,170,0.001, 0.0218484, 0.0592674, 0.146485, 0.212387, 0.212622, 0.229723, 0.2328, 0.395304, 0.40931, 0.454259, 0.459677, 0.485196, 0.522449, 0.922562, 1, 

112,177,0.001, 0.0143864, 0.0965867, 0.139924, 0.163994, 0.208363, 0.229723, 0.2328, 0.40931, 0.454259, 0.459677, 0.485196, 0.522449, 0.922562, 1, 

Generation #32
155,114,0.001, 0.0218484, 0.0355499, 0.0592674, 0.131008, 0.141907, 0.317082, 0.334274, 0.439704, 0.544156, 0.892864, 0.904227, 1, 

130,133,0.001, 0.0218484, 0.0355499, 0.0592674, 0.131008, 0.141907, 0.187958, 0.276423, 0.326331, 0.360947, 0.423965, 0.483019, 0.523655, 0.776751, 0.915242, 0.943296, 0.958691, 1, 

136,119,0.001, 0.0109773, 0.0226591, 0.0592674, 0.131008, 0.141907, 0.187958, 0.195079, 0.372696, 0.481066, 0.537907, 0.578584, 0.626925, 0.645757, 0.680852, 0.737043, 0.751399, 0.760135, 0.764693, 0.972217, 1, 

119,170,0.001, 0.0218484, 0.0592674, 0.146485, 0.212387, 0.212622, 0.229723, 0.2328, 0.395304, 0.40931, 0.454259, 0.459677, 0.485196, 0.522449, 0.922562, 1, 

112,177,0.001, 0.0143864, 0.0965867, 0.139924, 0.163994, 0.208363, 0.229723, 0.2328, 0.40931, 0.454259, 0.459677, 0.485196, 0.522449, 0.922562, 1, 

Generation #33
155,114,0.001, 0.0218484, 0.0355499, 0.0592674, 0.131008, 0.141907, 0.317082, 0.334274, 0.439704, 0.544156, 0.892864, 0.904227, 1, 

130,133,0.001, 0.0218484, 0.0355499, 0.0592674, 0.131008, 0.141907, 0.187958, 0.276423, 0.326331, 0.360947, 0.423965, 0.483019, 0.523655, 0.776751, 0.915242, 0.943296, 0.958691, 1, 

136,119,0.001, 0.0109773, 0.0226591, 0.0592674, 0.131008, 0.141907, 0.187958, 0.195079, 0.372696, 0.481066, 0.537907, 0.578584, 0.626925, 0.645757, 0.680852, 0.737043, 0.751399, 0.760135, 0.764693, 0.972217, 1, 

119,170,0.001, 0.0218484, 0.0592674, 0.146485, 0.212387, 0.212622, 0.229723, 0.2328, 0.395304, 0.40931, 0.454259, 0.459677, 0.485196, 0.522449, 0.922562, 1, 

112,177,0.001, 0.0143864, 0.0965867, 0.139924, 0.163994, 0.208363, 0.229723, 0.2328, 0.40931, 0.454259, 0.459677, 0.485196, 0.522449, 0.922562, 1, 

128,153,0.001, 0.0218484, 0.0355499, 0.0592674, 0.146485, 0.159823, 0.249184, 0.300918, 0.326869, 0.331002, 0.445782, 0.456243, 0.483076, 0.523655, 0.776751, 0.943296, 0.958691, 1, 

Generation #34
155,114,0.001, 0.0218484, 0.0355499, 0.0592674, 0.131008, 0.141907, 0.317082, 0.334274, 0.439704, 0.544156, 0.892864, 0.904227, 1, 

130,133,0.001, 0.0218484, 0.0355499, 0.0592674, 0.131008, 0.141907, 0.187958, 0.276423, 0.326331, 0.360947, 0.423965, 0.483019, 0.523655, 0.776751, 0.915242, 0.943296, 0.958691, 1, 

136,119,0.001, 0.0109773, 0.0226591, 0.0592674, 0.131008, 0.141907, 0.187958, 0.195079, 0.372696, 0.481066, 0.537907, 0.578584, 0.626925, 0.645757, 0.680852, 0.737043, 0.751399, 0.760135, 0.764693, 0.972217, 1, 

119,170,0.001, 0.0218484, 0.0592674, 0.146485, 0.212387, 0.212622, 0.229723, 0.2328, 0.395304, 0.40931, 0.454259, 0.459677, 0.485196, 0.522449, 0.922562, 1, 

112,177,0.001, 0.0143864, 0.0965867, 0.139924, 0.163994, 0.208363, 0.229723, 0.2328, 0.40931, 0.454259, 0.459677, 0.485196, 0.522449, 0.922562, 1, 

128,153,0.001, 0.0218484, 0.0355499, 0.0592674, 0.146485, 0.159823, 0.249184, 0.300918, 0.326869, 0.331002, 0.445782, 0.456243, 0.483076, 0.523655, 0.776751, 0.943296, 0.958691, 1, 

Generation #35
155,114,0.001, 0.0218484, 0.0355499, 0.0592674, 0.131008, 0.141907, 0.317082, 0.334274, 0.439704, 0.544156, 0.892864, 0.904227, 1, 

130,133,0.001, 0.0218484, 0.0355499, 0.0592674, 0.131008, 0.141907, 0.187958, 0.276423, 0.326331, 0.360947, 0.423965, 0.483019, 0.523655, 0.776751, 0.915242, 0.943296, 0.958691, 1, 

136,119,0.001, 0.0109773, 0.0226591, 0.0592674, 0.131008, 0.141907, 0.187958, 0.195079, 0.372696, 0.481066, 0.537907, 0.578584, 0.626925, 0.645757, 0.680852, 0.737043, 0.751399, 0.760135, 0.764693, 0.972217, 1, 

119,170,0.001, 0.0218484, 0.0592674, 0.146485, 0.212387, 0.212622, 0.229723, 0.2328, 0.395304, 0.40931, 0.454259, 0.459677, 0.485196, 0.522449, 0.922562, 1, 

112,177,0.001, 0.0143864, 0.0965867, 0.139924, 0.163994, 0.208363, 0.229723, 0.2328, 0.40931, 0.454259, 0.459677, 0.485196, 0.522449, 0.922562, 1, 

128,153,0.001, 0.0218484, 0.0355499, 0.0592674, 0.146485, 0.159823, 0.249184, 0.300918, 0.326869, 0.331002, 0.445782, 0.456243, 0.483076, 0.523655, 0.776751, 0.943296, 0.958691, 1, 

Generation #36
155,114,0.001, 0.0218484, 0.0355499, 0.0592674, 0.131008, 0.141907, 0.317082, 0.334274, 0.439704, 0.544156, 0.892864, 0.904227, 1, 

130,133,0.001, 0.0218484, 0.0355499, 0.0592674, 0.131008, 0.141907, 0.187958, 0.276423, 0.326331, 0.360947, 0.423965, 0.483019, 0.523655, 0.776751, 0.915242, 0.943296, 0.958691, 1, 

136,119,0.001, 0.0109773, 0.0226591, 0.0592674, 0.131008, 0.141907, 0.187958, 0.195079, 0.372696, 0.481066, 0.537907, 0.578584, 0.626925, 0.645757, 0.680852, 0.737043, 0.751399, 0.760135, 0.764693, 0.972217, 1, 

119,170,0.001, 0.0218484, 0.0592674, 0.146485, 0.212387, 0.212622, 0.229723, 0.2328, 0.395304, 0.40931, 0.454259, 0.459677, 0.485196, 0.522449, 0.922562, 1, 

112,177,0.001, 0.0143864, 0.0965867, 0.139924, 0.163994, 0.208363, 0.229723, 0.2328, 0.40931, 0.454259, 0.459677, 0.485196, 0.522449, 0.922562, 1, 

128,153,0.001, 0.0218484, 0.0355499, 0.0592674, 0.146485, 0.159823, 0.249184, 0.300918, 0.326869, 0.331002, 0.445782, 0.456243, 0.483076, 0.523655, 0.776751, 0.943296, 0.958691, 1, 

Generation #37
155,114,0.001, 0.0218484, 0.0355499, 0.0592674, 0.131008, 0.141907, 0.317082, 0.334274, 0.439704, 0.544156, 0.892864, 0.904227, 1, 

130,133,0.001, 0.0218484, 0.0355499, 0.0592674, 0.131008, 0.141907, 0.187958, 0.276423, 0.326331, 0.360947, 0.423965, 0.483019, 0.523655, 0.776751, 0.915242, 0.943296, 0.958691, 1, 

136,119,0.001, 0.0109773, 0.0226591, 0.0592674, 0.131008, 0.141907, 0.187958, 0.195079, 0.372696, 0.481066, 0.537907, 0.578584, 0.626925, 0.645757, 0.680852, 0.737043, 0.751399, 0.760135, 0.764693, 0.972217, 1, 

119,170,0.001, 0.0218484, 0.0592674, 0.146485, 0.212387, 0.212622, 0.229723, 0.2328, 0.395304, 0.40931, 0.454259, 0.459677, 0.485196, 0.522449, 0.922562, 1, 

112,177,0.001, 0.0143864, 0.0965867, 0.139924, 0.163994, 0.208363, 0.229723, 0.2328, 0.40931, 0.454259, 0.459677, 0.485196, 0.522449, 0.922562, 1, 

128,153,0.001, 0.0218484, 0.0355499, 0.0592674, 0.146485, 0.159823, 0.249184, 0.300918, 0.326869, 0.331002, 0.445782, 0.456243, 0.483076, 0.523655, 0.776751, 0.943296, 0.958691, 1, 

Generation #38
155,114,0.001, 0.0218484, 0.0355499, 0.0592674, 0.131008, 0.141907, 0.317082, 0.334274, 0.439704, 0.544156, 0.892864, 0.904227, 1, 

130,133,0.001, 0.0218484, 0.0355499, 0.0592674, 0.131008, 0.141907, 0.187958, 0.276423, 0.326331, 0.360947, 0.423965, 0.483019, 0.523655, 0.776751, 0.915242, 0.943296, 0.958691, 1, 

136,119,0.001, 0.0109773, 0.0226591, 0.0592674, 0.131008, 0.141907, 0.187958, 0.195079, 0.372696, 0.481066, 0.537907, 0.578584, 0.626925, 0.645757, 0.680852, 0.737043, 0.751399, 0.760135, 0.764693, 0.972217, 1, 

119,170,0.001, 0.0218484, 0.0592674, 0.146485, 0.212387, 0.212622, 0.229723, 0.2328, 0.395304, 0.40931, 0.454259, 0.459677, 0.485196, 0.522449, 0.922562, 1, 

112,177,0.001, 0.0143864, 0.0965867, 0.139924, 0.163994, 0.208363, 0.229723, 0.2328, 0.40931, 0.454259, 0.459677, 0.485196, 0.522449, 0.922562, 1, 

128,153,0.001, 0.0218484, 0.0355499, 0.0592674, 0.146485, 0.159823, 0.249184, 0.300918, 0.326869, 0.331002, 0.445782, 0.456243, 0.483076, 0.523655, 0.776751, 0.943296, 0.958691, 1, 

Generation #39
155,114,0.001, 0.0218484, 0.0355499, 0.0592674, 0.131008, 0.141907, 0.317082, 0.334274, 0.439704, 0.544156, 0.892864, 0.904227, 1, 

130,133,0.001, 0.0218484, 0.0355499, 0.0592674, 0.131008, 0.141907, 0.187958, 0.276423, 0.326331, 0.360947, 0.423965, 0.483019, 0.523655, 0.776751, 0.915242, 0.943296, 0.958691, 1, 

136,119,0.001, 0.0109773, 0.0226591, 0.0592674, 0.131008, 0.141907, 0.187958, 0.195079, 0.372696, 0.481066, 0.537907, 0.578584, 0.626925, 0.645757, 0.680852, 0.737043, 0.751399, 0.760135, 0.764693, 0.972217, 1, 

119,170,0.001, 0.0218484, 0.0592674, 0.146485, 0.212387, 0.212622, 0.229723, 0.2328, 0.395304, 0.40931, 0.454259, 0.459677, 0.485196, 0.522449, 0.922562, 1, 

112,177,0.001, 0.0143864, 0.0965867, 0.139924, 0.163994, 0.208363, 0.229723, 0.2328, 0.40931, 0.454259, 0.459677, 0.485196, 0.522449, 0.922562, 1, 

128,153,0.001, 0.0218484, 0.0355499, 0.0592674, 0.146485, 0.159823, 0.249184, 0.300918, 0.326869, 0.331002, 0.445782, 0.456243, 0.483076, 0.523655, 0.776751, 0.943296, 0.958691, 1, 

Generation #40
155,114,0.001, 0.0218484, 0.0355499, 0.0592674, 0.131008, 0.141907, 0.317082, 0.334274, 0.439704, 0.544156, 0.892864, 0.904227, 1, 

130,133,0.001, 0.0218484, 0.0355499, 0.0592674, 0.131008, 0.141907, 0.187958, 0.276423, 0.326331, 0.360947, 0.423965, 0.483019, 0.523655, 0.776751, 0.915242, 0.943296, 0.958691, 1, 

136,119,0.001, 0.0109773, 0.0226591, 0.0592674, 0.131008, 0.141907, 0.187958, 0.195079, 0.372696, 0.481066, 0.537907, 0.578584, 0.626925, 0.645757, 0.680852, 0.737043, 0.751399, 0.760135, 0.764693, 0.972217, 1, 

119,170,0.001, 0.0218484, 0.0592674, 0.146485, 0.212387, 0.212622, 0.229723, 0.2328, 0.395304, 0.40931, 0.454259, 0.459677, 0.485196, 0.522449, 0.922562, 1, 

112,177,0.001, 0.0143864, 0.0965867, 0.139924, 0.163994, 0.208363, 0.229723, 0.2328, 0.40931, 0.454259, 0.459677, 0.485196, 0.522449, 0.922562, 1, 

128,153,0.001, 0.0218484, 0.0355499, 0.0592674, 0.146485, 0.159823, 0.249184, 0.300918, 0.326869, 0.331002, 0.445782, 0.456243, 0.483076, 0.523655, 0.776751, 0.943296, 0.958691, 1, 

Generation #41
155,114,0.001, 0.0218484, 0.0355499, 0.0592674, 0.131008, 0.141907, 0.317082, 0.334274, 0.439704, 0.544156, 0.892864, 0.904227, 1, 

130,133,0.001, 0.0218484, 0.0355499, 0.0592674, 0.131008, 0.141907, 0.187958, 0.276423, 0.326331, 0.360947, 0.423965, 0.483019, 0.523655, 0.776751, 0.915242, 0.943296, 0.958691, 1, 

136,119,0.001, 0.0109773, 0.0226591, 0.0592674, 0.131008, 0.141907, 0.187958, 0.195079, 0.372696, 0.481066, 0.537907, 0.578584, 0.626925, 0.645757, 0.680852, 0.737043, 0.751399, 0.760135, 0.764693, 0.972217, 1, 

119,170,0.001, 0.0218484, 0.0592674, 0.146485, 0.212387, 0.212622, 0.229723, 0.2328, 0.395304, 0.40931, 0.454259, 0.459677, 0.485196, 0.522449, 0.922562, 1, 

112,177,0.001, 0.0143864, 0.0965867, 0.139924, 0.163994, 0.208363, 0.229723, 0.2328, 0.40931, 0.454259, 0.459677, 0.485196, 0.522449, 0.922562, 1, 

128,153,0.001, 0.0218484, 0.0355499, 0.0592674, 0.146485, 0.159823, 0.249184, 0.300918, 0.326869, 0.331002, 0.445782, 0.456243, 0.483076, 0.523655, 0.776751, 0.943296, 0.958691, 1, 

Generation #42
155,114,0.001, 0.0218484, 0.0355499, 0.0592674, 0.131008, 0.141907, 0.317082, 0.334274, 0.439704, 0.544156, 0.892864, 0.904227, 1, 

130,133,0.001, 0.0218484, 0.0355499, 0.0592674, 0.131008, 0.141907, 0.187958, 0.276423, 0.326331, 0.360947, 0.423965, 0.483019, 0.523655, 0.776751, 0.915242, 0.943296, 0.958691, 1, 

136,119,0.001, 0.0109773, 0.0226591, 0.0592674, 0.131008, 0.141907, 0.187958, 0.195079, 0.372696, 0.481066, 0.537907, 0.578584, 0.626925, 0.645757, 0.680852, 0.737043, 0.751399, 0.760135, 0.764693, 0.972217, 1, 

119,170,0.001, 0.0218484, 0.0592674, 0.146485, 0.212387, 0.212622, 0.229723, 0.2328, 0.395304, 0.40931, 0.454259, 0.459677, 0.485196, 0.522449, 0.922562, 1, 

112,177,0.001, 0.0143864, 0.0965867, 0.139924, 0.163994, 0.208363, 0.229723, 0.2328, 0.40931, 0.454259, 0.459677, 0.485196, 0.522449, 0.922562, 1, 

128,153,0.001, 0.0218484, 0.0355499, 0.0592674, 0.146485, 0.159823, 0.249184, 0.300918, 0.326869, 0.331002, 0.445782, 0.456243, 0.483076, 0.523655, 0.776751, 0.943296, 0.958691, 1, 

Generation #43
155,114,0.001, 0.0218484, 0.0355499, 0.0592674, 0.131008, 0.141907, 0.317082, 0.334274, 0.439704, 0.544156, 0.892864, 0.904227, 1, 

130,133,0.001, 0.0218484, 0.0355499, 0.0592674, 0.131008, 0.141907, 0.187958, 0.276423, 0.326331, 0.360947, 0.423965, 0.483019, 0.523655, 0.776751, 0.915242, 0.943296, 0.958691, 1, 

136,119,0.001, 0.0109773, 0.0226591, 0.0592674, 0.131008, 0.141907, 0.187958, 0.195079, 0.372696, 0.481066, 0.537907, 0.578584, 0.626925, 0.645757, 0.680852, 0.737043, 0.751399, 0.760135, 0.764693, 0.972217, 1, 

119,170,0.001, 0.0218484, 0.0592674, 0.146485, 0.212387, 0.212622, 0.229723, 0.2328, 0.395304, 0.40931, 0.454259, 0.459677, 0.485196, 0.522449, 0.922562, 1, 

112,177,0.001, 0.0143864, 0.0965867, 0.139924, 0.163994, 0.208363, 0.229723, 0.2328, 0.40931, 0.454259, 0.459677, 0.485196, 0.522449, 0.922562, 1, 

128,153,0.001, 0.0218484, 0.0355499, 0.0592674, 0.146485, 0.159823, 0.249184, 0.300918, 0.326869, 0.331002, 0.445782, 0.456243, 0.483076, 0.523655, 0.776751, 0.943296, 0.958691, 1, 

Generation #44
155,114,0.001, 0.0218484, 0.0355499, 0.0592674, 0.131008, 0.141907, 0.317082, 0.334274, 0.439704, 0.544156, 0.892864, 0.904227, 1, 

130,133,0.001, 0.0218484, 0.0355499, 0.0592674, 0.131008, 0.141907, 0.187958, 0.276423, 0.326331, 0.360947, 0.423965, 0.483019, 0.523655, 0.776751, 0.915242, 0.943296, 0.958691, 1, 

136,119,0.001, 0.0109773, 0.0226591, 0.0592674, 0.131008, 0.141907, 0.187958, 0.195079, 0.372696, 0.481066, 0.537907, 0.578584, 0.626925, 0.645757, 0.680852, 0.737043, 0.751399, 0.760135, 0.764693, 0.972217, 1, 

119,170,0.001, 0.0218484, 0.0592674, 0.146485, 0.212387, 0.212622, 0.229723, 0.2328, 0.395304, 0.40931, 0.454259, 0.459677, 0.485196, 0.522449, 0.922562, 1, 

112,177,0.001, 0.0143864, 0.0965867, 0.139924, 0.163994, 0.208363, 0.229723, 0.2328, 0.40931, 0.454259, 0.459677, 0.485196, 0.522449, 0.922562, 1, 

128,153,0.001, 0.0218484, 0.0355499, 0.0592674, 0.146485, 0.159823, 0.249184, 0.300918, 0.326869, 0.331002, 0.445782, 0.456243, 0.483076, 0.523655, 0.776751, 0.943296, 0.958691, 1, 

Generation #45
155,114,0.001, 0.0218484, 0.0355499, 0.0592674, 0.131008, 0.141907, 0.317082, 0.334274, 0.439704, 0.544156, 0.892864, 0.904227, 1, 

130,133,0.001, 0.0218484, 0.0355499, 0.0592674, 0.131008, 0.141907, 0.187958, 0.276423, 0.326331, 0.360947, 0.423965, 0.483019, 0.523655, 0.776751, 0.915242, 0.943296, 0.958691, 1, 

136,119,0.001, 0.0109773, 0.0226591, 0.0592674, 0.131008, 0.141907, 0.187958, 0.195079, 0.372696, 0.481066, 0.537907, 0.578584, 0.626925, 0.645757, 0.680852, 0.737043, 0.751399, 0.760135, 0.764693, 0.972217, 1, 

119,170,0.001, 0.0218484, 0.0592674, 0.146485, 0.212387, 0.212622, 0.229723, 0.2328, 0.395304, 0.40931, 0.454259, 0.459677, 0.485196, 0.522449, 0.922562, 1, 

112,177,0.001, 0.0143864, 0.0965867, 0.139924, 0.163994, 0.208363, 0.229723, 0.2328, 0.40931, 0.454259, 0.459677, 0.485196, 0.522449, 0.922562, 1, 

128,153,0.001, 0.0218484, 0.0355499, 0.0592674, 0.146485, 0.159823, 0.249184, 0.300918, 0.326869, 0.331002, 0.445782, 0.456243, 0.483076, 0.523655, 0.776751, 0.943296, 0.958691, 1, 

Generation #46
155,114,0.001, 0.0218484, 0.0355499, 0.0592674, 0.131008, 0.141907, 0.317082, 0.334274, 0.439704, 0.544156, 0.892864, 0.904227, 1, 

130,133,0.001, 0.0218484, 0.0355499, 0.0592674, 0.131008, 0.141907, 0.187958, 0.276423, 0.326331, 0.360947, 0.423965, 0.483019, 0.523655, 0.776751, 0.915242, 0.943296, 0.958691, 1, 

136,119,0.001, 0.0109773, 0.0226591, 0.0592674, 0.131008, 0.141907, 0.187958, 0.195079, 0.372696, 0.481066, 0.537907, 0.578584, 0.626925, 0.645757, 0.680852, 0.737043, 0.751399, 0.760135, 0.764693, 0.972217, 1, 

119,170,0.001, 0.0218484, 0.0592674, 0.146485, 0.212387, 0.212622, 0.229723, 0.2328, 0.395304, 0.40931, 0.454259, 0.459677, 0.485196, 0.522449, 0.922562, 1, 

112,177,0.001, 0.0143864, 0.0965867, 0.139924, 0.163994, 0.208363, 0.229723, 0.2328, 0.40931, 0.454259, 0.459677, 0.485196, 0.522449, 0.922562, 1, 

128,153,0.001, 0.0218484, 0.0355499, 0.0592674, 0.146485, 0.159823, 0.249184, 0.300918, 0.326869, 0.331002, 0.445782, 0.456243, 0.483076, 0.523655, 0.776751, 0.943296, 0.958691, 1, 

Generation #47
155,114,0.001, 0.0218484, 0.0355499, 0.0592674, 0.131008, 0.141907, 0.317082, 0.334274, 0.439704, 0.544156, 0.892864, 0.904227, 1, 

130,133,0.001, 0.0218484, 0.0355499, 0.0592674, 0.131008, 0.141907, 0.187958, 0.276423, 0.326331, 0.360947, 0.423965, 0.483019, 0.523655, 0.776751, 0.915242, 0.943296, 0.958691, 1, 

136,119,0.001, 0.0109773, 0.0226591, 0.0592674, 0.131008, 0.141907, 0.187958, 0.195079, 0.372696, 0.481066, 0.537907, 0.578584, 0.626925, 0.645757, 0.680852, 0.737043, 0.751399, 0.760135, 0.764693, 0.972217, 1, 

119,170,0.001, 0.0218484, 0.0592674, 0.146485, 0.212387, 0.212622, 0.229723, 0.2328, 0.395304, 0.40931, 0.454259, 0.459677, 0.485196, 0.522449, 0.922562, 1, 

112,177,0.001, 0.0143864, 0.0965867, 0.139924, 0.163994, 0.208363, 0.229723, 0.2328, 0.40931, 0.454259, 0.459677, 0.485196, 0.522449, 0.922562, 1, 

128,153,0.001, 0.0218484, 0.0355499, 0.0592674, 0.146485, 0.159823, 0.249184, 0.300918, 0.326869, 0.331002, 0.445782, 0.456243, 0.483076, 0.523655, 0.776751, 0.943296, 0.958691, 1, 

Generation #48
155,114,0.001, 0.0218484, 0.0355499, 0.0592674, 0.131008, 0.141907, 0.317082, 0.334274, 0.439704, 0.544156, 0.892864, 0.904227, 1, 

130,133,0.001, 0.0218484, 0.0355499, 0.0592674, 0.131008, 0.141907, 0.187958, 0.276423, 0.326331, 0.360947, 0.423965, 0.483019, 0.523655, 0.776751, 0.915242, 0.943296, 0.958691, 1, 

136,119,0.001, 0.0109773, 0.0226591, 0.0592674, 0.131008, 0.141907, 0.187958, 0.195079, 0.372696, 0.481066, 0.537907, 0.578584, 0.626925, 0.645757, 0.680852, 0.737043, 0.751399, 0.760135, 0.764693, 0.972217, 1, 

119,170,0.001, 0.0218484, 0.0592674, 0.146485, 0.212387, 0.212622, 0.229723, 0.2328, 0.395304, 0.40931, 0.454259, 0.459677, 0.485196, 0.522449, 0.922562, 1, 

112,177,0.001, 0.0143864, 0.0965867, 0.139924, 0.163994, 0.208363, 0.229723, 0.2328, 0.40931, 0.454259, 0.459677, 0.485196, 0.522449, 0.922562, 1, 

128,153,0.001, 0.0218484, 0.0355499, 0.0592674, 0.146485, 0.159823, 0.249184, 0.300918, 0.326869, 0.331002, 0.445782, 0.456243, 0.483076, 0.523655, 0.776751, 0.943296, 0.958691, 1, 

Generation #49
155,114,0.001, 0.0218484, 0.0355499, 0.0592674, 0.131008, 0.141907, 0.317082, 0.334274, 0.439704, 0.544156, 0.892864, 0.904227, 1, 

130,133,0.001, 0.0218484, 0.0355499, 0.0592674, 0.131008, 0.141907, 0.187958, 0.276423, 0.326331, 0.360947, 0.423965, 0.483019, 0.523655, 0.776751, 0.915242, 0.943296, 0.958691, 1, 

136,119,0.001, 0.0109773, 0.0226591, 0.0592674, 0.131008, 0.141907, 0.187958, 0.195079, 0.372696, 0.481066, 0.537907, 0.578584, 0.626925, 0.645757, 0.680852, 0.737043, 0.751399, 0.760135, 0.764693, 0.972217, 1, 

119,170,0.001, 0.0218484, 0.0592674, 0.146485, 0.212387, 0.212622, 0.229723, 0.2328, 0.395304, 0.40931, 0.454259, 0.459677, 0.485196, 0.522449, 0.922562, 1, 

112,177,0.001, 0.0143864, 0.0965867, 0.139924, 0.163994, 0.208363, 0.229723, 0.2328, 0.40931, 0.454259, 0.459677, 0.485196, 0.522449, 0.922562, 1, 

128,153,0.001, 0.0218484, 0.0355499, 0.0592674, 0.146485, 0.159823, 0.249184, 0.300918, 0.326869, 0.331002, 0.445782, 0.456243, 0.483076, 0.523655, 0.776751, 0.943296, 0.958691, 1, 

N total=512, Time total=419, percents=0.001, 0.0218484, 0.0355499, 0.0592674, 0.131008, 0.141907, 0.317082, 0.334274, 0.439704, 0.544156, 0.892864, 0.904227, 1, 

N total=487, Time total=438, percents=0.001, 0.0218484, 0.0355499, 0.0592674, 0.131008, 0.141907, 0.187958, 0.276423, 0.326331, 0.360947, 0.423965, 0.483019, 0.523655, 0.776751, 0.915242, 0.943296, 0.958691, 1, 

N total=493, Time total=424, percents=0.001, 0.0109773, 0.0226591, 0.0592674, 0.131008, 0.141907, 0.187958, 0.195079, 0.372696, 0.481066, 0.537907, 0.578584, 0.626925, 0.645757, 0.680852, 0.737043, 0.751399, 0.760135, 0.764693, 0.972217, 1, 

N total=476, Time total=475, percents=0.001, 0.0218484, 0.0592674, 0.146485, 0.212387, 0.212622, 0.229723, 0.2328, 0.395304, 0.40931, 0.454259, 0.459677, 0.485196, 0.522449, 0.922562, 1, 

N total=469, Time total=482, percents=0.001, 0.0143864, 0.0965867, 0.139924, 0.163994, 0.208363, 0.229723, 0.2328, 0.40931, 0.454259, 0.459677, 0.485196, 0.522449, 0.922562, 1, 

N total=485, Time total=458, percents=0.001, 0.0218484, 0.0355499, 0.0592674, 0.146485, 0.159823, 0.249184, 0.300918, 0.326869, 0.331002, 0.445782, 0.456243, 0.483076, 0.523655, 0.776751, 0.943296, 0.958691, 1, 

------------d=1, t=2, lambda=4, filename=./evaluation/Mobile/Mobile_2_4.csv------------
Computing partitioned counts of d-sets...
Ready to look at pairs based on partitioned counts...
First Stage N=448, Time=245
There are 11 remaining non-locating pairs
Generation #0
65,49,0.001, 0.0513749, 0.0954482, 0.0959469, 0.111617, 0.157492, 0.200774, 0.216706, 0.218211, 0.259178, 0.280294, 0.299051, 0.410965, 0.452335, 0.461437, 0.552004, 0.563565, 0.789948, 0.804797, 1, 

56,73,0.001, 0.0671263, 0.107218, 0.12315, 0.156597, 0.384607, 0.469892, 0.529271, 0.682565, 0.719916, 0.833974, 0.894312, 1, 

Generation #1
41,23,0.001, 0.0335468, 0.0619931, 0.0960175, 0.15768, 0.177533, 0.180874, 0.188705, 0.201934, 0.231533, 0.251266, 0.967706, 0.969008, 1, 

Generation #2
41,23,0.001, 0.0335468, 0.0619931, 0.0960175, 0.15768, 0.177533, 0.180874, 0.188705, 0.201934, 0.231533, 0.251266, 0.967706, 0.969008, 1, 

Generation #3
41,23,0.001, 0.0335468, 0.0619931, 0.0960175, 0.15768, 0.177533, 0.180874, 0.188705, 0.201934, 0.231533, 0.251266, 0.967706, 0.969008, 1, 

Generation #4
41,23,0.001, 0.0335468, 0.0619931, 0.0960175, 0.15768, 0.177533, 0.180874, 0.188705, 0.201934, 0.231533, 0.251266, 0.967706, 0.969008, 1, 

Generation #5
41,23,0.001, 0.0335468, 0.0619931, 0.0960175, 0.15768, 0.177533, 0.180874, 0.188705, 0.201934, 0.231533, 0.251266, 0.967706, 0.969008, 1, 

Generation #6
41,23,0.001, 0.0335468, 0.0619931, 0.0960175, 0.15768, 0.177533, 0.180874, 0.188705, 0.201934, 0.231533, 0.251266, 0.967706, 0.969008, 1, 

Generation #7
41,23,0.001, 0.0335468, 0.0619931, 0.0960175, 0.15768, 0.177533, 0.180874, 0.188705, 0.201934, 0.231533, 0.251266, 0.967706, 0.969008, 1, 

Generation #8
41,23,0.001, 0.0335468, 0.0619931, 0.0960175, 0.15768, 0.177533, 0.180874, 0.188705, 0.201934, 0.231533, 0.251266, 0.967706, 0.969008, 1, 

Generation #9
41,23,0.001, 0.0335468, 0.0619931, 0.0960175, 0.15768, 0.177533, 0.180874, 0.188705, 0.201934, 0.231533, 0.251266, 0.967706, 0.969008, 1, 

Generation #10
41,23,0.001, 0.0335468, 0.0619931, 0.0960175, 0.15768, 0.177533, 0.180874, 0.188705, 0.201934, 0.231533, 0.251266, 0.967706, 0.969008, 1, 

Generation #11
41,23,0.001, 0.0335468, 0.0619931, 0.0960175, 0.15768, 0.177533, 0.180874, 0.188705, 0.201934, 0.231533, 0.251266, 0.967706, 0.969008, 1, 

Generation #12
41,23,0.001, 0.0335468, 0.0619931, 0.0960175, 0.15768, 0.177533, 0.180874, 0.188705, 0.201934, 0.231533, 0.251266, 0.967706, 0.969008, 1, 

Generation #13
41,23,0.001, 0.0335468, 0.0619931, 0.0960175, 0.15768, 0.177533, 0.180874, 0.188705, 0.201934, 0.231533, 0.251266, 0.967706, 0.969008, 1, 

Generation #14
41,23,0.001, 0.0335468, 0.0619931, 0.0960175, 0.15768, 0.177533, 0.180874, 0.188705, 0.201934, 0.231533, 0.251266, 0.967706, 0.969008, 1, 

Generation #15
41,23,0.001, 0.0335468, 0.0619931, 0.0960175, 0.15768, 0.177533, 0.180874, 0.188705, 0.201934, 0.231533, 0.251266, 0.967706, 0.969008, 1, 

Generation #16
41,23,0.001, 0.0335468, 0.0619931, 0.0960175, 0.15768, 0.177533, 0.180874, 0.188705, 0.201934, 0.231533, 0.251266, 0.967706, 0.969008, 1, 

Generation #17
41,23,0.001, 0.0335468, 0.0619931, 0.0960175, 0.15768, 0.177533, 0.180874, 0.188705, 0.201934, 0.231533, 0.251266, 0.967706, 0.969008, 1, 

Generation #18
41,23,0.001, 0.0335468, 0.0619931, 0.0960175, 0.15768, 0.177533, 0.180874, 0.188705, 0.201934, 0.231533, 0.251266, 0.967706, 0.969008, 1, 

Generation #19
41,23,0.001, 0.0335468, 0.0619931, 0.0960175, 0.15768, 0.177533, 0.180874, 0.188705, 0.201934, 0.231533, 0.251266, 0.967706, 0.969008, 1, 

Generation #20
41,23,0.001, 0.0335468, 0.0619931, 0.0960175, 0.15768, 0.177533, 0.180874, 0.188705, 0.201934, 0.231533, 0.251266, 0.967706, 0.969008, 1, 

Generation #21
41,23,0.001, 0.0335468, 0.0619931, 0.0960175, 0.15768, 0.177533, 0.180874, 0.188705, 0.201934, 0.231533, 0.251266, 0.967706, 0.969008, 1, 

Generation #22
41,23,0.001, 0.0335468, 0.0619931, 0.0960175, 0.15768, 0.177533, 0.180874, 0.188705, 0.201934, 0.231533, 0.251266, 0.967706, 0.969008, 1, 

63,22,0.001, 0.0996522, 0.0954482, 0.0959469, 0.111617, 0.157492, 0.200774, 0.216706, 0.320902, 0.379605, 0.411492, 0.477956, 0.511195, 0.557199, 0.587507, 0.596124, 0.606303, 0.626455, 0.642283, 0.702884, 0.724791, 0.748292, 0.942151, 1, 

Generation #23
41,23,0.001, 0.0335468, 0.0619931, 0.0960175, 0.15768, 0.177533, 0.180874, 0.188705, 0.201934, 0.231533, 0.251266, 0.967706, 0.969008, 1, 

63,22,0.001, 0.0996522, 0.0954482, 0.0959469, 0.111617, 0.157492, 0.200774, 0.216706, 0.320902, 0.379605, 0.411492, 0.477956, 0.511195, 0.557199, 0.587507, 0.596124, 0.606303, 0.626455, 0.642283, 0.702884, 0.724791, 0.748292, 0.942151, 1, 

Generation #24
41,23,0.001, 0.0335468, 0.0619931, 0.0960175, 0.15768, 0.177533, 0.180874, 0.188705, 0.201934, 0.231533, 0.251266, 0.967706, 0.969008, 1, 

63,22,0.001, 0.0996522, 0.0954482, 0.0959469, 0.111617, 0.157492, 0.200774, 0.216706, 0.320902, 0.379605, 0.411492, 0.477956, 0.511195, 0.557199, 0.587507, 0.596124, 0.606303, 0.626455, 0.642283, 0.702884, 0.724791, 0.748292, 0.942151, 1, 

Generation #25
41,23,0.001, 0.0335468, 0.0619931, 0.0960175, 0.15768, 0.177533, 0.180874, 0.188705, 0.201934, 0.231533, 0.251266, 0.967706, 0.969008, 1, 

63,22,0.001, 0.0996522, 0.0954482, 0.0959469, 0.111617, 0.157492, 0.200774, 0.216706, 0.320902, 0.379605, 0.411492, 0.477956, 0.511195, 0.557199, 0.587507, 0.596124, 0.606303, 0.626455, 0.642283, 0.702884, 0.724791, 0.748292, 0.942151, 1, 

Generation #26
41,23,0.001, 0.0335468, 0.0619931, 0.0960175, 0.15768, 0.177533, 0.180874, 0.188705, 0.201934, 0.231533, 0.251266, 0.967706, 0.969008, 1, 

63,22,0.001, 0.0996522, 0.0954482, 0.0959469, 0.111617, 0.157492, 0.200774, 0.216706, 0.320902, 0.379605, 0.411492, 0.477956, 0.511195, 0.557199, 0.587507, 0.596124, 0.606303, 0.626455, 0.642283, 0.702884, 0.724791, 0.748292, 0.942151, 1, 

Generation #27
41,23,0.001, 0.0335468, 0.0619931, 0.0960175, 0.15768, 0.177533, 0.180874, 0.188705, 0.201934, 0.231533, 0.251266, 0.967706, 0.969008, 1, 

63,22,0.001, 0.0996522, 0.0954482, 0.0959469, 0.111617, 0.157492, 0.200774, 0.216706, 0.320902, 0.379605, 0.411492, 0.477956, 0.511195, 0.557199, 0.587507, 0.596124, 0.606303, 0.626455, 0.642283, 0.702884, 0.724791, 0.748292, 0.942151, 1, 

Generation #28
41,23,0.001, 0.0335468, 0.0619931, 0.0960175, 0.15768, 0.177533, 0.180874, 0.188705, 0.201934, 0.231533, 0.251266, 0.967706, 0.969008, 1, 

63,22,0.001, 0.0996522, 0.0954482, 0.0959469, 0.111617, 0.157492, 0.200774, 0.216706, 0.320902, 0.379605, 0.411492, 0.477956, 0.511195, 0.557199, 0.587507, 0.596124, 0.606303, 0.626455, 0.642283, 0.702884, 0.724791, 0.748292, 0.942151, 1, 

Generation #29
41,23,0.001, 0.0335468, 0.0619931, 0.0960175, 0.15768, 0.177533, 0.180874, 0.188705, 0.201934, 0.231533, 0.251266, 0.967706, 0.969008, 1, 

63,22,0.001, 0.0996522, 0.0954482, 0.0959469, 0.111617, 0.157492, 0.200774, 0.216706, 0.320902, 0.379605, 0.411492, 0.477956, 0.511195, 0.557199, 0.587507, 0.596124, 0.606303, 0.626455, 0.642283, 0.702884, 0.724791, 0.748292, 0.942151, 1, 

Generation #30
41,23,0.001, 0.0335468, 0.0619931, 0.0960175, 0.15768, 0.177533, 0.180874, 0.188705, 0.201934, 0.231533, 0.251266, 0.967706, 0.969008, 1, 

63,22,0.001, 0.0996522, 0.0954482, 0.0959469, 0.111617, 0.157492, 0.200774, 0.216706, 0.320902, 0.379605, 0.411492, 0.477956, 0.511195, 0.557199, 0.587507, 0.596124, 0.606303, 0.626455, 0.642283, 0.702884, 0.724791, 0.748292, 0.942151, 1, 

Generation #31
41,23,0.001, 0.0335468, 0.0619931, 0.0960175, 0.15768, 0.177533, 0.180874, 0.188705, 0.201934, 0.231533, 0.251266, 0.967706, 0.969008, 1, 

63,22,0.001, 0.0996522, 0.0954482, 0.0959469, 0.111617, 0.157492, 0.200774, 0.216706, 0.320902, 0.379605, 0.411492, 0.477956, 0.511195, 0.557199, 0.587507, 0.596124, 0.606303, 0.626455, 0.642283, 0.702884, 0.724791, 0.748292, 0.942151, 1, 

Generation #32
41,23,0.001, 0.0335468, 0.0619931, 0.0960175, 0.15768, 0.177533, 0.180874, 0.188705, 0.201934, 0.231533, 0.251266, 0.967706, 0.969008, 1, 

63,22,0.001, 0.0996522, 0.0954482, 0.0959469, 0.111617, 0.157492, 0.200774, 0.216706, 0.320902, 0.379605, 0.411492, 0.477956, 0.511195, 0.557199, 0.587507, 0.596124, 0.606303, 0.626455, 0.642283, 0.702884, 0.724791, 0.748292, 0.942151, 1, 

Generation #33
41,23,0.001, 0.0335468, 0.0619931, 0.0960175, 0.15768, 0.177533, 0.180874, 0.188705, 0.201934, 0.231533, 0.251266, 0.967706, 0.969008, 1, 

63,22,0.001, 0.0996522, 0.0954482, 0.0959469, 0.111617, 0.157492, 0.200774, 0.216706, 0.320902, 0.379605, 0.411492, 0.477956, 0.511195, 0.557199, 0.587507, 0.596124, 0.606303, 0.626455, 0.642283, 0.702884, 0.724791, 0.748292, 0.942151, 1, 

Generation #34
41,23,0.001, 0.0335468, 0.0619931, 0.0960175, 0.15768, 0.177533, 0.180874, 0.188705, 0.201934, 0.231533, 0.251266, 0.967706, 0.969008, 1, 

63,22,0.001, 0.0996522, 0.0954482, 0.0959469, 0.111617, 0.157492, 0.200774, 0.216706, 0.320902, 0.379605, 0.411492, 0.477956, 0.511195, 0.557199, 0.587507, 0.596124, 0.606303, 0.626455, 0.642283, 0.702884, 0.724791, 0.748292, 0.942151, 1, 

Generation #35
63,22,0.001, 0.0996522, 0.0954482, 0.0959469, 0.111617, 0.157492, 0.200774, 0.216706, 0.320902, 0.379605, 0.411492, 0.477956, 0.511195, 0.557199, 0.587507, 0.596124, 0.606303, 0.626455, 0.642283, 0.702884, 0.724791, 0.748292, 0.942151, 1, 

37,23,0.001, 0.167666, 0.215462, 0.0959469, 0.111617, 0.157492, 0.200774, 0.560043, 0.88514, 0.946839, 0.962006, 1, 

Generation #36
63,22,0.001, 0.0996522, 0.0954482, 0.0959469, 0.111617, 0.157492, 0.200774, 0.216706, 0.320902, 0.379605, 0.411492, 0.477956, 0.511195, 0.557199, 0.587507, 0.596124, 0.606303, 0.626455, 0.642283, 0.702884, 0.724791, 0.748292, 0.942151, 1, 

37,23,0.001, 0.167666, 0.215462, 0.0959469, 0.111617, 0.157492, 0.200774, 0.560043, 0.88514, 0.946839, 0.962006, 1, 

Generation #37
63,22,0.001, 0.0996522, 0.0954482, 0.0959469, 0.111617, 0.157492, 0.200774, 0.216706, 0.320902, 0.379605, 0.411492, 0.477956, 0.511195, 0.557199, 0.587507, 0.596124, 0.606303, 0.626455, 0.642283, 0.702884, 0.724791, 0.748292, 0.942151, 1, 

37,23,0.001, 0.167666, 0.215462, 0.0959469, 0.111617, 0.157492, 0.200774, 0.560043, 0.88514, 0.946839, 0.962006, 1, 

Generation #38
63,22,0.001, 0.0996522, 0.0954482, 0.0959469, 0.111617, 0.157492, 0.200774, 0.216706, 0.320902, 0.379605, 0.411492, 0.477956, 0.511195, 0.557199, 0.587507, 0.596124, 0.606303, 0.626455, 0.642283, 0.702884, 0.724791, 0.748292, 0.942151, 1, 

37,23,0.001, 0.167666, 0.215462, 0.0959469, 0.111617, 0.157492, 0.200774, 0.560043, 0.88514, 0.946839, 0.962006, 1, 

Generation #39
63,22,0.001, 0.0996522, 0.0954482, 0.0959469, 0.111617, 0.157492, 0.200774, 0.216706, 0.320902, 0.379605, 0.411492, 0.477956, 0.511195, 0.557199, 0.587507, 0.596124, 0.606303, 0.626455, 0.642283, 0.702884, 0.724791, 0.748292, 0.942151, 1, 

37,23,0.001, 0.167666, 0.215462, 0.0959469, 0.111617, 0.157492, 0.200774, 0.560043, 0.88514, 0.946839, 0.962006, 1, 

Generation #40
63,22,0.001, 0.0996522, 0.0954482, 0.0959469, 0.111617, 0.157492, 0.200774, 0.216706, 0.320902, 0.379605, 0.411492, 0.477956, 0.511195, 0.557199, 0.587507, 0.596124, 0.606303, 0.626455, 0.642283, 0.702884, 0.724791, 0.748292, 0.942151, 1, 

37,23,0.001, 0.167666, 0.215462, 0.0959469, 0.111617, 0.157492, 0.200774, 0.560043, 0.88514, 0.946839, 0.962006, 1, 

Generation #41
63,22,0.001, 0.0996522, 0.0954482, 0.0959469, 0.111617, 0.157492, 0.200774, 0.216706, 0.320902, 0.379605, 0.411492, 0.477956, 0.511195, 0.557199, 0.587507, 0.596124, 0.606303, 0.626455, 0.642283, 0.702884, 0.724791, 0.748292, 0.942151, 1, 

37,23,0.001, 0.167666, 0.215462, 0.0959469, 0.111617, 0.157492, 0.200774, 0.560043, 0.88514, 0.946839, 0.962006, 1, 

Generation #42
63,22,0.001, 0.0996522, 0.0954482, 0.0959469, 0.111617, 0.157492, 0.200774, 0.216706, 0.320902, 0.379605, 0.411492, 0.477956, 0.511195, 0.557199, 0.587507, 0.596124, 0.606303, 0.626455, 0.642283, 0.702884, 0.724791, 0.748292, 0.942151, 1, 

37,23,0.001, 0.167666, 0.215462, 0.0959469, 0.111617, 0.157492, 0.200774, 0.560043, 0.88514, 0.946839, 0.962006, 1, 

Generation #43
63,22,0.001, 0.0996522, 0.0954482, 0.0959469, 0.111617, 0.157492, 0.200774, 0.216706, 0.320902, 0.379605, 0.411492, 0.477956, 0.511195, 0.557199, 0.587507, 0.596124, 0.606303, 0.626455, 0.642283, 0.702884, 0.724791, 0.748292, 0.942151, 1, 

37,23,0.001, 0.167666, 0.215462, 0.0959469, 0.111617, 0.157492, 0.200774, 0.560043, 0.88514, 0.946839, 0.962006, 1, 

Generation #44
37,23,0.001, 0.167666, 0.215462, 0.0959469, 0.111617, 0.157492, 0.200774, 0.560043, 0.88514, 0.946839, 0.962006, 1, 

49,21,0.001, 0.0335468, 0.0752548, 0.0847624, 0.176488, 0.190667, 0.221885, 0.273693, 0.276692, 0.370214, 0.379756, 0.435999, 0.854559, 1, 

Generation #45
34,19,0.001, 0.0335468, 0.0619931, 0.0849928, 0.166748, 0.18182, 0.212232, 0.237758, 0.335929, 0.417627, 0.498431, 0.962006, 1, 

Generation #46
34,19,0.001, 0.0335468, 0.0619931, 0.0849928, 0.166748, 0.18182, 0.212232, 0.237758, 0.335929, 0.417627, 0.498431, 0.962006, 1, 

Generation #47
34,19,0.001, 0.0335468, 0.0619931, 0.0849928, 0.166748, 0.18182, 0.212232, 0.237758, 0.335929, 0.417627, 0.498431, 0.962006, 1, 

Generation #48
34,19,0.001, 0.0335468, 0.0619931, 0.0849928, 0.166748, 0.18182, 0.212232, 0.237758, 0.335929, 0.417627, 0.498431, 0.962006, 1, 

Generation #49
34,19,0.001, 0.0335468, 0.0619931, 0.0849928, 0.166748, 0.18182, 0.212232, 0.237758, 0.335929, 0.417627, 0.498431, 0.962006, 1, 

N total=482, Time total=264, percents=0.001, 0.0335468, 0.0619931, 0.0849928, 0.166748, 0.18182, 0.212232, 0.237758, 0.335929, 0.417627, 0.498431, 0.962006, 1, 

