------------d=1, t=2, lambda=1, filename=./evaluation/Mobile/Mobile_2_1.csv------------
Grouping d-sets by partitioned row counts for detecting arrays...
Ready to look at pairs for detecting arrays...
First Stage N=157, Time=826
There are 2956241 remaining non-locating pairs
Generation #0
404,20573,0.001, 0.0225445, 0.0751139, 0.299146, 0.348594, 0.353911, 0.375112, 0.390588, 0.435046, 0.456559, 0.512465, 0.601671, 0.674479, 0.704197, 0.782662, 0.850533, 0.862383, 0.907508, 0.982566, 1, 

395,26797,0.001, 0.00678773, 0.100622, 0.104796, 0.20227, 0.253433, 0.262472, 0.26818, 0.317525, 0.328629, 0.380194, 0.409397, 0.41404, 0.458934, 0.523723, 0.647671, 0.651003, 0.683758, 0.725943, 0.731576, 0.769023, 0.779115, 0.816714, 0.841415, 0.864093, 0.959526, 1, 

388,32288,0.001, 0.0220061, 0.0403541, 0.147682, 0.216712, 0.259018, 0.442634, 0.460517, 0.502375, 0.620516, 0.640219, 0.894347, 0.919133, 0.955022, 1, 

370,48024,0.001, 0.023756, 0.0685886, 0.0863197, 0.0999441, 0.104579, 0.146107, 0.162459, 0.177797, 0.290789, 0.30162, 0.303438, 0.324566, 0.337896, 0.427717, 0.540978, 0.573822, 0.663614, 0.709919, 0.826592, 0.852468, 0.862056, 0.866477, 0.918952, 0.95169, 0.969154, 0.970766, 1, 

399,24584,0.001, 0.00884098, 0.106841, 0.108225, 0.133988, 0.197412, 0.226942, 0.243068, 0.269401, 0.3485, 0.453081, 0.514156, 0.565754, 0.577324, 0.605069, 0.665142, 0.676658, 0.707408, 0.728441, 0.740713, 0.826851, 0.843009, 0.906373, 0.934854, 1, 

Generation #1
404,20573,0.001, 0.0225445, 0.0751139, 0.299146, 0.348594, 0.353911, 0.375112, 0.390588, 0.435046, 0.456559, 0.512465, 0.601671, 0.674479, 0.704197, 0.782662, 0.850533, 0.862383, 0.907508, 0.982566, 1, 

388,32288,0.001, 0.0220061, 0.0403541, 0.147682, 0.216712, 0.259018, 0.442634, 0.460517, 0.502375, 0.620516, 0.640219, 0.894347, 0.919133, 0.955022, 1, 

370,48024,0.001, 0.023756, 0.0685886, 0.0863197, 0.0999441, 0.104579, 0.146107, 0.162459, 0.177797, 0.290789, 0.30162, 0.303438, 0.324566, 0.337896, 0.427717, 0.540978, 0.573822, 0.663614, 0.709919, 0.826592, 0.852468, 0.862056, 0.866477, 0.918952, 0.95169, 0.969154, 0.970766, 1, 

399,24584,0.001, 0.00884098, 0.106841, 0.108225, 0.133988, 0.197412, 0.226942, 0.243068, 0.269401, 0.3485, 0.453081, 0.514156, 0.565754, 0.577324, 0.605069, 0.665142, 0.676658, 0.707408, 0.728441, 0.740713, 0.826851, 0.843009, 0.906373, 0.934854, 1, 

395,25461,0.001, 0.0196905, 0.0353342, 0.0478842, 0.061475, 0.178203, 0.190539, 0.255738, 0.256696, 0.296372, 0.319679, 0.482123, 0.490425, 0.498136, 0.584051, 0.601316, 0.674883, 0.355801, 0.383132, 0.388232, 0.549338, 0.582952, 0.702024, 0.730993, 0.755727, 0.872248, 0.944719, 0.976613, 1, 

Generation #2
404,20573,0.001, 0.0225445, 0.0751139, 0.299146, 0.348594, 0.353911, 0.375112, 0.390588, 0.435046, 0.456559, 0.512465, 0.601671, 0.674479, 0.704197, 0.782662, 0.850533, 0.862383, 0.907508, 0.982566, 1, 

388,32288,0.001, 0.0220061, 0.0403541, 0.147682, 0.216712, 0.259018, 0.442634, 0.460517, 0.502375, 0.620516, 0.640219, 0.894347, 0.919133, 0.955022, 1, 

370,48024,0.001, 0.023756, 0.0685886, 0.0863197, 0.0999441, 0.104579, 0.146107, 0.162459, 0.177797, 0.290789, 0.30162, 0.303438, 0.324566, 0.337896, 0.427717, 0.540978, 0.573822, 0.663614, 0.709919, 0.826592, 0.852468, 0.862056, 0.866477, 0.918952, 0.95169, 0.969154, 0.970766, 1, 

392,24366,0.001, 0.00884098, 0.106841, 0.108225, 0.197412, 0.226942, 0.243068, 0.269401, 0.3485, 0.453081, 0.514156, 0.565754, 0.577324, 0.469499, 0.542081, 0.542895, 0.746562, 0.761837, 0.813497, 0.881228, 0.945053, 0.964465, 1, 

399,22742,0.001, 0.0132409, 0.10743, 0.116454, 0.147917, 0.171059, 0.224309, 0.273342, 0.352849, 0.358231, 0.399618, 1, 

381,44882,0.001, 0.0235501, 0.0278572, 0.0673173, 0.0836384, 0.0864389, 0.158656, 0.176569, 0.183534, 0.212071, 0.212473, 0.229874, 0.278894, 0.328678, 0.382116, 0.388795, 0.390942, 0.394486, 0.4106, 0.478931, 0.490735, 0.577507, 0.58295, 0.656479, 0.790041, 0.915571, 0.930495, 0.969109, 1, 

Generation #3
404,20573,0.001, 0.0225445, 0.0751139, 0.299146, 0.348594, 0.353911, 0.375112, 0.390588, 0.435046, 0.456559, 0.512465, 0.601671, 0.674479, 0.704197, 0.782662, 0.850533, 0.862383, 0.907508, 0.982566, 1, 

388,32288,0.001, 0.0220061, 0.0403541, 0.147682, 0.216712, 0.259018, 0.442634, 0.460517, 0.502375, 0.620516, 0.640219, 0.894347, 0.919133, 0.955022, 1, 

370,48024,0.001, 0.023756, 0.0685886, 0.0863197, 0.0999441, 0.104579, 0.146107, 0.162459, 0.177797, 0.290789, 0.30162, 0.303438, 0.324566, 0.337896, 0.427717, 0.540978, 0.573822, 0.663614, 0.709919, 0.826592, 0.852468, 0.862056, 0.866477, 0.918952, 0.95169, 0.969154, 0.970766, 1, 

392,24366,0.001, 0.00884098, 0.106841, 0.108225, 0.197412, 0.226942, 0.243068, 0.269401, 0.3485, 0.453081, 0.514156, 0.565754, 0.577324, 0.469499, 0.542081, 0.542895, 0.746562, 0.761837, 0.813497, 0.881228, 0.945053, 0.964465, 1, 

399,22742,0.001, 0.0132409, 0.10743, 0.116454, 0.147917, 0.171059, 0.224309, 0.273342, 0.352849, 0.358231, 0.399618, 1, 

377,41759,0.001, 0.0250035, 0.0346475, 0.0863197, 0.300045, 0.315021, 0.38194, 0.193044, 0.471602, 0.784036, 0.798912, 1, 

405,17309,0.001, 0.00678773, 0.100622, 0.104796, 0.20227, 0.253433, 0.262472, 0.26818, 0.317525, 0.328629, 0.241312, 0.290979, 0.362031, 0.373905, 0.469255, 0.641315, 0.689143, 0.720659, 0.802766, 0.810145, 0.900286, 0.942871, 0.962562, 1, 

391,29318,0.001, 0.00884098, 0.106841, 0.108225, 0.197412, 0.226942, 0.243068, 0.669889, 0.71723, 0.755751, 0.911009, 1, 

Generation #4
388,32288,0.001, 0.0220061, 0.0403541, 0.147682, 0.216712, 0.259018, 0.442634, 0.460517, 0.502375, 0.620516, 0.640219, 0.894347, 0.919133, 0.955022, 1, 

370,48024,0.001, 0.023756, 0.0685886, 0.0863197, 0.0999441, 0.104579, 0.146107, 0.162459, 0.177797, 0.290789, 0.30162, 0.303438, 0.324566, 0.337896, 0.427717, 0.540978, 0.573822, 0.663614, 0.709919, 0.826592, 0.852468, 0.862056, 0.866477, 0.918952, 0.95169, 0.969154, 0.970766, 1, 

392,24366,0.001, 0.00884098, 0.106841, 0.108225, 0.197412, 0.226942, 0.243068, 0.269401, 0.3485, 0.453081, 0.514156, 0.565754, 0.577324, 0.469499, 0.542081, 0.542895, 0.746562, 0.761837, 0.813497, 0.881228, 0.945053, 0.964465, 1, 

377,41759,0.001, 0.0250035, 0.0346475, 0.0863197, 0.300045, 0.315021, 0.38194, 0.193044, 0.471602, 0.784036, 0.798912, 1, 

405,17309,0.001, 0.00678773, 0.100622, 0.104796, 0.20227, 0.253433, 0.262472, 0.26818, 0.317525, 0.328629, 0.241312, 0.290979, 0.362031, 0.373905, 0.469255, 0.641315, 0.689143, 0.720659, 0.802766, 0.810145, 0.900286, 0.942871, 0.962562, 1, 

389,27254,0.001, 0.0132409, 0.10743, 0.0863197, 0.0999441, 0.104579, 0.146107, 0.162459, 0.177797, 0.290789, 0.30162, 0.303438, 0.41404, 0.458934, 0.523723, 0.647671, 0.651003, 0.960899, 0.913295, 1, 

397,19981,0.001, 0.00678773, 0.100622, 0.104796, 0.20227, 0.253433, 0.262472, 0.26818, 0.317525, 0.328629, 0.241312, 0.942971, 0.362031, 0.373905, 0.469255, 0.641315, 0.689143, 0.720659, 0.802766, 0.810145, 0.900286, 0.942871, 0.962562, 1, 

391,24892,0.001, 0.00884098, 0.106841, 0.108225, 0.172268, 0.37595, 0.602242, 0.631645, 0.711532, 0.712934, 0.810691, 0.879409, 1, 

393,23116,0.001, 0.00678773, 0.100622, 0.104796, 0.20227, 0.253433, 0.262472, 0.26818, 0.317525, 0.328629, 0.380194, 0.514156, 0.565754, 0.577324, 0.605069, 0.665142, 0.676658, 0.707408, 0.728441, 0.740713, 0.826851, 0.843009, 0.906373, 0.934854, 1, 

Generation #5
370,48024,0.001, 0.023756, 0.0685886, 0.0863197, 0.0999441, 0.104579, 0.146107, 0.162459, 0.177797, 0.290789, 0.30162, 0.303438, 0.324566, 0.337896, 0.427717, 0.540978, 0.573822, 0.663614, 0.709919, 0.826592, 0.852468, 0.862056, 0.866477, 0.918952, 0.95169, 0.969154, 0.970766, 1, 

392,24366,0.001, 0.00884098, 0.106841, 0.108225, 0.197412, 0.226942, 0.243068, 0.269401, 0.3485, 0.453081, 0.514156, 0.565754, 0.577324, 0.469499, 0.542081, 0.542895, 0.746562, 0.761837, 0.813497, 0.881228, 0.945053, 0.964465, 1, 

377,41759,0.001, 0.0250035, 0.0346475, 0.0863197, 0.300045, 0.315021, 0.38194, 0.193044, 0.471602, 0.784036, 0.798912, 1, 

405,17309,0.001, 0.00678773, 0.100622, 0.104796, 0.20227, 0.253433, 0.262472, 0.26818, 0.317525, 0.328629, 0.241312, 0.290979, 0.362031, 0.373905, 0.469255, 0.641315, 0.689143, 0.720659, 0.802766, 0.810145, 0.900286, 0.942871, 0.962562, 1, 

389,27254,0.001, 0.0132409, 0.10743, 0.0863197, 0.0999441, 0.104579, 0.146107, 0.162459, 0.177797, 0.290789, 0.30162, 0.303438, 0.41404, 0.458934, 0.523723, 0.647671, 0.651003, 0.960899, 0.913295, 1, 

397,19981,0.001, 0.00678773, 0.100622, 0.104796, 0.20227, 0.253433, 0.262472, 0.26818, 0.317525, 0.328629, 0.241312, 0.942971, 0.362031, 0.373905, 0.469255, 0.641315, 0.689143, 0.720659, 0.802766, 0.810145, 0.900286, 0.942871, 0.962562, 1, 

391,24892,0.001, 0.00884098, 0.106841, 0.108225, 0.172268, 0.37595, 0.602242, 0.631645, 0.711532, 0.712934, 0.810691, 0.879409, 1, 

393,23116,0.001, 0.00678773, 0.100622, 0.104796, 0.20227, 0.253433, 0.262472, 0.26818, 0.317525, 0.328629, 0.380194, 0.514156, 0.565754, 0.577324, 0.605069, 0.665142, 0.676658, 0.707408, 0.728441, 0.740713, 0.826851, 0.843009, 0.906373, 0.934854, 1, 

382,27668,0.001, 0.00884098, 0.106841, 0.0863197, 0.0999441, 0.104579, 0.146107, 0.162459, 0.177797, 0.290789, 0.30162, 0.303438, 0.41404, 0.458934, 0.523723, 0.647671, 0.651003, 0.960899, 0.913295, 1, 

381,29040,0.001, 0.0250035, 0.0346475, 0.0863197, 0.0999441, 0.104579, 0.607439, 0.669889, 0.71723, 0.755751, 0.911009, 1, 

Generation #6
370,48024,0.001, 0.023756, 0.0685886, 0.0863197, 0.0999441, 0.104579, 0.146107, 0.162459, 0.177797, 0.290789, 0.30162, 0.303438, 0.324566, 0.337896, 0.427717, 0.540978, 0.573822, 0.663614, 0.709919, 0.826592, 0.852468, 0.862056, 0.866477, 0.918952, 0.95169, 0.969154, 0.970766, 1, 

392,24366,0.001, 0.00884098, 0.106841, 0.108225, 0.197412, 0.226942, 0.243068, 0.269401, 0.3485, 0.453081, 0.514156, 0.565754, 0.577324, 0.469499, 0.542081, 0.542895, 0.746562, 0.761837, 0.813497, 0.881228, 0.945053, 0.964465, 1, 

377,41759,0.001, 0.0250035, 0.0346475, 0.0863197, 0.300045, 0.315021, 0.38194, 0.193044, 0.471602, 0.784036, 0.798912, 1, 

405,17309,0.001, 0.00678773, 0.100622, 0.104796, 0.20227, 0.253433, 0.262472, 0.26818, 0.317525, 0.328629, 0.241312, 0.290979, 0.362031, 0.373905, 0.469255, 0.641315, 0.689143, 0.720659, 0.802766, 0.810145, 0.900286, 0.942871, 0.962562, 1, 

397,19981,0.001, 0.00678773, 0.100622, 0.104796, 0.20227, 0.253433, 0.262472, 0.26818, 0.317525, 0.328629, 0.241312, 0.942971, 0.362031, 0.373905, 0.469255, 0.641315, 0.689143, 0.720659, 0.802766, 0.810145, 0.900286, 0.942871, 0.962562, 1, 

393,23116,0.001, 0.00678773, 0.100622, 0.104796, 0.20227, 0.253433, 0.262472, 0.26818, 0.317525, 0.328629, 0.380194, 0.514156, 0.565754, 0.577324, 0.605069, 0.665142, 0.676658, 0.707408, 0.728441, 0.740713, 0.826851, 0.843009, 0.906373, 0.934854, 1, 

382,27668,0.001, 0.00884098, 0.106841, 0.0863197, 0.0999441, 0.104579, 0.146107, 0.162459, 0.177797, 0.290789, 0.30162, 0.303438, 0.41404, 0.458934, 0.523723, 0.647671, 0.651003, 0.960899, 0.913295, 1, 

381,29040,0.001, 0.0250035, 0.0346475, 0.0863197, 0.0999441, 0.104579, 0.607439, 0.669889, 0.71723, 0.755751, 0.911009, 1, 

387,27038,0.001, 0.00884098, 0.106841, 0.108225, 0.133988, 0.226942, 0.243068, 0.669889, 0.71723, 0.755751, 0.911009, 1, 

390,25771,0.001, 0.00884098, 0.106841, 0.0863197, 0.0999441, 0.104579, 0.146107, 0.162459, 0.711532, 0.819626, 0.810691, 0.879409, 1, 

402,19376,0.001, 0.00678773, 0.100622, 0.104796, 0.20227, 0.253433, 0.262472, 0.193044, 0.471602, 0.784036, 0.798912, 1, 

391,24374,0.001, 0.00884098, 0.106841, 0.108225, 0.172268, 0.177465, 0.230265, 0.244805, 0.281006, 0.336563, 0.400494, 0.418015, 0.469576, 0.525982, 0.529594, 0.575313, 0.585177, 0.647936, 0.802766, 0.810145, 0.900286, 0.942871, 0.962562, 1, 

Generation #7
370,48024,0.001, 0.023756, 0.0685886, 0.0863197, 0.0999441, 0.104579, 0.146107, 0.162459, 0.177797, 0.290789, 0.30162, 0.303438, 0.324566, 0.337896, 0.427717, 0.540978, 0.573822, 0.663614, 0.709919, 0.826592, 0.852468, 0.862056, 0.866477, 0.918952, 0.95169, 0.969154, 0.970766, 1, 

377,41759,0.001, 0.0250035, 0.0346475, 0.0863197, 0.300045, 0.315021, 0.38194, 0.193044, 0.471602, 0.784036, 0.798912, 1, 

405,17309,0.001, 0.00678773, 0.100622, 0.104796, 0.20227, 0.253433, 0.262472, 0.26818, 0.317525, 0.328629, 0.241312, 0.290979, 0.362031, 0.373905, 0.469255, 0.641315, 0.689143, 0.720659, 0.802766, 0.810145, 0.900286, 0.942871, 0.962562, 1, 

397,19981,0.001, 0.00678773, 0.100622, 0.104796, 0.20227, 0.253433, 0.262472, 0.26818, 0.317525, 0.328629, 0.241312, 0.942971, 0.362031, 0.373905, 0.469255, 0.641315, 0.689143, 0.720659, 0.802766, 0.810145, 0.900286, 0.942871, 0.962562, 1, 

382,27668,0.001, 0.00884098, 0.106841, 0.0863197, 0.0999441, 0.104579, 0.146107, 0.162459, 0.177797, 0.290789, 0.30162, 0.303438, 0.41404, 0.458934, 0.523723, 0.647671, 0.651003, 0.960899, 0.913295, 1, 

381,29040,0.001, 0.0250035, 0.0346475, 0.0863197, 0.0999441, 0.104579, 0.607439, 0.669889, 0.71723, 0.755751, 0.911009, 1, 

387,27038,0.001, 0.00884098, 0.106841, 0.108225, 0.133988, 0.226942, 0.243068, 0.669889, 0.71723, 0.755751, 0.911009, 1, 

390,25771,0.001, 0.00884098, 0.106841, 0.0863197, 0.0999441, 0.104579, 0.146107, 0.162459, 0.711532, 0.819626, 0.810691, 0.879409, 1, 

391,24374,0.001, 0.00884098, 0.106841, 0.108225, 0.172268, 0.177465, 0.230265, 0.244805, 0.281006, 0.336563, 0.400494, 0.418015, 0.469576, 0.525982, 0.529594, 0.575313, 0.585177, 0.647936, 0.802766, 0.810145, 0.900286, 0.942871, 0.962562, 1, 

400,18120,0.001, 0.00678773, 0.038055, 0.0615289, 0.0820275, 0.158728, 0.200952, 0.245044, 0.248861, 0.288042, 0.394181, 0.403664, 0.464555, 0.508211, 0.531955, 0.57118, 0.573936, 0.593658, 0.659565, 0.72473, 0.726782, 0.748975, 0.796207, 0.848545, 0.921405, 0.929978, 0.930152, 0.934932, 0.97862, 0.992431, 1, 

392,20810,0.001, 0.00678773, 0.0751139, 0.299146, 0.348594, 0.353911, 0.390588, 0.435046, 0.456559, 0.512465, 0.601671, 0.674479, 0.704197, 0.782662, 0.850533, 0.862383, 0.907508, 0.982566, 1, 

Generation #8
370,48024,0.001, 0.023756, 0.0685886, 0.0863197, 0.0999441, 0.104579, 0.146107, 0.162459, 0.177797, 0.290789, 0.30162, 0.303438, 0.324566, 0.337896, 0.427717, 0.540978, 0.573822, 0.663614, 0.709919, 0.826592, 0.852468, 0.862056, 0.866477, 0.918952, 0.95169, 0.969154, 0.970766, 1, 

377,41759,0.001, 0.0250035, 0.0346475, 0.0863197, 0.300045, 0.315021, 0.38194, 0.193044, 0.471602, 0.784036, 0.798912, 1, 

405,17309,0.001, 0.00678773, 0.100622, 0.104796, 0.20227, 0.253433, 0.262472, 0.26818, 0.317525, 0.328629, 0.241312, 0.290979, 0.362031, 0.373905, 0.469255, 0.641315, 0.689143, 0.720659, 0.802766, 0.810145, 0.900286, 0.942871, 0.962562, 1, 

382,27668,0.001, 0.00884098, 0.106841, 0.0863197, 0.0999441, 0.104579, 0.146107, 0.162459, 0.177797, 0.290789, 0.30162, 0.303438, 0.41404, 0.458934, 0.523723, 0.647671, 0.651003, 0.960899, 0.913295, 1, 

381,29040,0.001, 0.0250035, 0.0346475, 0.0863197, 0.0999441, 0.104579, 0.607439, 0.669889, 0.71723, 0.755751, 0.911009, 1, 

400,18120,0.001, 0.00678773, 0.038055, 0.0615289, 0.0820275, 0.158728, 0.200952, 0.245044, 0.248861, 0.288042, 0.394181, 0.403664, 0.464555, 0.508211, 0.531955, 0.57118, 0.573936, 0.593658, 0.659565, 0.72473, 0.726782, 0.748975, 0.796207, 0.848545, 0.921405, 0.929978, 0.930152, 0.934932, 0.97862, 0.992431, 1, 

387,20757,0.001, 0.00678773, 0.0751139, 0.299146, 0.348594, 0.353911, 0.390588, 0.435046, 0.456559, 0.512465, 0.601671, 0.879409, 1, 

385,27334,0.001, 0.00884098, 0.106841, 0.108225, 0.172268, 0.177465, 0.230265, 0.244805, 0.281006, 0.336563, 0.798912, 0.869567, 0.884178, 0.957092, 0.983604, 0.989532, 1, 

395,18417,0.001, 0.00678773, 0.100622, 0.104796, 0.20227, 0.253433, 0.262472, 0.26818, 0.317525, 0.380194, 0.911009, 1, 

386,22700,0.001, 0.00678773, 0.100622, 0.104796, 0.20227, 0.253433, 0.262472, 0.26818, 0.317525, 0.328629, 0.996179, 0.514156, 0.565754, 0.782662, 0.850533, 0.862383, 0.907508, 0.982566, 1, 

Generation #9
370,48024,0.001, 0.023756, 0.0685886, 0.0863197, 0.0999441, 0.104579, 0.146107, 0.162459, 0.177797, 0.290789, 0.30162, 0.303438, 0.324566, 0.337896, 0.427717, 0.540978, 0.573822, 0.663614, 0.709919, 0.826592, 0.852468, 0.862056, 0.866477, 0.918952, 0.95169, 0.969154, 0.970766, 1, 

377,41759,0.001, 0.0250035, 0.0346475, 0.0863197, 0.300045, 0.315021, 0.38194, 0.193044, 0.471602, 0.784036, 0.798912, 1, 

387,20757,0.001, 0.00678773, 0.0751139, 0.299146, 0.348594, 0.353911, 0.390588, 0.435046, 0.456559, 0.512465, 0.601671, 0.879409, 1, 

386,22700,0.001, 0.00678773, 0.100622, 0.104796, 0.20227, 0.253433, 0.262472, 0.26818, 0.317525, 0.328629, 0.996179, 0.514156, 0.565754, 0.782662, 0.850533, 0.862383, 0.907508, 0.982566, 1, 

394,15260,0.001, 0.00678773, 0.038055, 0.0615289, 0.0820275, 0.158728, 0.200952, 0.245044, 0.248861, 0.747144, 0.3485, 0.453081, 0.879409, 1, 

381,25707,0.001, 0.00884098, 0.106841, 0.108225, 0.197412, 0.226942, 0.243068, 0.669889, 0.71723, 0.755751, 0.911009, 1, 

Generation #10
370,48024,0.001, 0.023756, 0.0685886, 0.0863197, 0.0999441, 0.104579, 0.146107, 0.162459, 0.177797, 0.290789, 0.30162, 0.303438, 0.324566, 0.337896, 0.427717, 0.540978, 0.573822, 0.663614, 0.709919, 0.826592, 0.852468, 0.862056, 0.866477, 0.918952, 0.95169, 0.969154, 0.970766, 1, 

387,20757,0.001, 0.00678773, 0.0751139, 0.299146, 0.348594, 0.353911, 0.390588, 0.435046, 0.456559, 0.512465, 0.601671, 0.879409, 1, 

386,22700,0.001, 0.00678773, 0.100622, 0.104796, 0.20227, 0.253433, 0.262472, 0.26818, 0.317525, 0.328629, 0.996179, 0.514156, 0.565754, 0.782662, 0.850533, 0.862383, 0.907508, 0.982566, 1, 

394,15260,0.001, 0.00678773, 0.038055, 0.0615289, 0.0820275, 0.158728, 0.200952, 0.245044, 0.248861, 0.747144, 0.3485, 0.453081, 0.879409, 1, 

377,24456,0.001, 0.00884098, 0.106841, 0.108225, 0.197412, 0.226942, 0.243068, 0.26818, 0.317525, 0.527836, 0.380194, 0.911009, 1, 

Generation #11
370,48024,0.001, 0.023756, 0.0685886, 0.0863197, 0.0999441, 0.104579, 0.146107, 0.162459, 0.177797, 0.290789, 0.30162, 0.303438, 0.324566, 0.337896, 0.427717, 0.540978, 0.573822, 0.663614, 0.709919, 0.826592, 0.852468, 0.862056, 0.866477, 0.918952, 0.95169, 0.969154, 0.970766, 1, 

394,15260,0.001, 0.00678773, 0.038055, 0.0615289, 0.0820275, 0.158728, 0.200952, 0.245044, 0.248861, 0.747144, 0.3485, 0.453081, 0.879409, 1, 

377,24456,0.001, 0.00884098, 0.106841, 0.108225, 0.197412, 0.226942, 0.243068, 0.26818, 0.317525, 0.527836, 0.380194, 0.911009, 1, 

390,20148,0.001, 0.00678773, 0.0613788, 0.104796, 0.226942, 0.226942, 0.243068, 0.669889, 0.71723, 0.755751, 0.911009, 1, 

385,20339,0.001, 0.00884098, 0.106841, 0.0863197, 0.0999441, 0.104579, 0.146107, 0.162459, 0.177797, 0.290789, 0.30162, 1, 

373,24527,0.001, 0.00678773, 0.100622, 0.104796, 0.20227, 0.253433, 0.262472, 0.26818, 0.317525, 0.380194, 0.911009, 1, 

391,16902,0.001, 0.00678773, 0.0751139, 0.348594, 0.353911, 0.390588, 0.435046, 0.421231, 0.467074, 0.507873, 0.547463, 0.687964, 0.707853, 0.817689, 0.834871, 0.838442, 0.960899, 0.913295, 1, 

Generation #12
370,48024,0.001, 0.023756, 0.0685886, 0.0863197, 0.0999441, 0.104579, 0.146107, 0.162459, 0.177797, 0.290789, 0.30162, 0.303438, 0.324566, 0.337896, 0.427717, 0.540978, 0.573822, 0.663614, 0.709919, 0.826592, 0.852468, 0.862056, 0.866477, 0.918952, 0.95169, 0.969154, 0.970766, 1, 

394,15260,0.001, 0.00678773, 0.038055, 0.0615289, 0.0820275, 0.158728, 0.200952, 0.245044, 0.248861, 0.747144, 0.3485, 0.453081, 0.879409, 1, 

377,24456,0.001, 0.00884098, 0.106841, 0.108225, 0.197412, 0.226942, 0.243068, 0.26818, 0.317525, 0.527836, 0.380194, 0.911009, 1, 

385,20339,0.001, 0.00884098, 0.106841, 0.0863197, 0.0999441, 0.104579, 0.146107, 0.162459, 0.177797, 0.290789, 0.30162, 1, 

373,24527,0.001, 0.00678773, 0.100622, 0.104796, 0.20227, 0.253433, 0.262472, 0.26818, 0.317525, 0.380194, 0.911009, 1, 

391,16902,0.001, 0.00678773, 0.0751139, 0.348594, 0.353911, 0.390588, 0.435046, 0.421231, 0.467074, 0.507873, 0.547463, 0.687964, 0.707853, 0.817689, 0.834871, 0.838442, 0.960899, 0.913295, 1, 

386,18635,0.001, 0.00678773, 0.038055, 0.0615289, 0.0820275, 0.158728, 0.262472, 0.26818, 0.456559, 0.512465, 0.601671, 0.879409, 1, 

380,23694,0.001, 0.00678773, 0.100622, 0.104796, 0.20227, 0.253433, 0.262472, 0.26818, 0.456559, 0.512465, 0.601671, 0.879409, 1, 

Generation #13
394,15260,0.001, 0.00678773, 0.038055, 0.0615289, 0.0820275, 0.158728, 0.200952, 0.245044, 0.248861, 0.747144, 0.3485, 0.453081, 0.879409, 1, 

377,24456,0.001, 0.00884098, 0.106841, 0.108225, 0.197412, 0.226942, 0.243068, 0.26818, 0.317525, 0.527836, 0.380194, 0.911009, 1, 

385,20339,0.001, 0.00884098, 0.106841, 0.0863197, 0.0999441, 0.104579, 0.146107, 0.162459, 0.177797, 0.290789, 0.30162, 1, 

373,24527,0.001, 0.00678773, 0.100622, 0.104796, 0.20227, 0.253433, 0.262472, 0.26818, 0.317525, 0.380194, 0.911009, 1, 

386,18635,0.001, 0.00678773, 0.038055, 0.0615289, 0.0820275, 0.158728, 0.262472, 0.26818, 0.456559, 0.512465, 0.601671, 0.879409, 1, 

380,23694,0.001, 0.00678773, 0.100622, 0.104796, 0.20227, 0.253433, 0.262472, 0.26818, 0.456559, 0.512465, 0.601671, 0.879409, 1, 

370,30613,0.001, 0.00678773, 0.100622, 0.104796, 0.20227, 0.253433, 0.262472, 0.26818, 0.317525, 0.328629, 0.996179, 0.514156, 0.879409, 1, 

387,16679,0.001, 0.00678773, 0.100622, 0.104796, 0.20227, 0.253433, 0.262472, 0.26818, 0.456559, 0.512465, 0.601671, 0.653083, 1, 

384,20609,0.001, 0.00678773, 0.100622, 0.104796, 0.20227, 0.253433, 0.262472, 0.26818, 0.317525, 0.380194, 0.911009, 1, 

Generation #14
394,15260,0.001, 0.00678773, 0.038055, 0.0615289, 0.0820275, 0.158728, 0.200952, 0.245044, 0.248861, 0.747144, 0.3485, 0.453081, 0.879409, 1, 

377,24456,0.001, 0.00884098, 0.106841, 0.108225, 0.197412, 0.226942, 0.243068, 0.26818, 0.317525, 0.527836, 0.380194, 0.911009, 1, 

385,20339,0.001, 0.00884098, 0.106841, 0.0863197, 0.0999441, 0.104579, 0.146107, 0.162459, 0.177797, 0.290789, 0.30162, 1, 

373,24527,0.001, 0.00678773, 0.100622, 0.104796, 0.20227, 0.253433, 0.262472, 0.26818, 0.317525, 0.380194, 0.911009, 1, 

386,18635,0.001, 0.00678773, 0.038055, 0.0615289, 0.0820275, 0.158728, 0.262472, 0.26818, 0.456559, 0.512465, 0.601671, 0.879409, 1, 

380,23694,0.001, 0.00678773, 0.100622, 0.104796, 0.20227, 0.253433, 0.262472, 0.26818, 0.456559, 0.512465, 0.601671, 0.879409, 1, 

370,30613,0.001, 0.00678773, 0.100622, 0.104796, 0.20227, 0.253433, 0.262472, 0.26818, 0.317525, 0.328629, 0.996179, 0.514156, 0.879409, 1, 

387,16679,0.001, 0.00678773, 0.100622, 0.104796, 0.20227, 0.253433, 0.262472, 0.26818, 0.456559, 0.512465, 0.601671, 0.653083, 1, 

384,20609,0.001, 0.00678773, 0.100622, 0.104796, 0.20227, 0.253433, 0.262472, 0.26818, 0.317525, 0.380194, 0.911009, 1, 

Generation #15
394,15260,0.001, 0.00678773, 0.038055, 0.0615289, 0.0820275, 0.158728, 0.200952, 0.245044, 0.248861, 0.747144, 0.3485, 0.453081, 0.879409, 1, 

377,24456,0.001, 0.00884098, 0.106841, 0.108225, 0.197412, 0.226942, 0.243068, 0.26818, 0.317525, 0.527836, 0.380194, 0.911009, 1, 

373,24527,0.001, 0.00678773, 0.100622, 0.104796, 0.20227, 0.253433, 0.262472, 0.26818, 0.317525, 0.380194, 0.911009, 1, 

380,23694,0.001, 0.00678773, 0.100622, 0.104796, 0.20227, 0.253433, 0.262472, 0.26818, 0.456559, 0.512465, 0.601671, 0.879409, 1, 

370,30613,0.001, 0.00678773, 0.100622, 0.104796, 0.20227, 0.253433, 0.262472, 0.26818, 0.317525, 0.328629, 0.996179, 0.514156, 0.879409, 1, 

387,16679,0.001, 0.00678773, 0.100622, 0.104796, 0.20227, 0.253433, 0.262472, 0.26818, 0.456559, 0.512465, 0.601671, 0.653083, 1, 

382,23464,0.001, 0.00678773, 0.038055, 0.0615289, 0.0820275, 0.226942, 0.243068, 0.26818, 0.317525, 0.527836, 0.380194, 0.911009, 1, 

372,27893,0.001, 0.00678773, 0.100622, 0.104796, 0.20227, 0.253433, 0.262472, 0.26818, 0.317525, 0.380194, 0.911009, 1, 

383,18098,0.001, 0.00678773, 0.038055, 0.0615289, 0.0820275, 0.158728, 0.200952, 0.245044, 0.248861, 0.958626, 0.288042, 0.911009, 1, 

Generation #16
394,15260,0.001, 0.00678773, 0.038055, 0.0615289, 0.0820275, 0.158728, 0.200952, 0.245044, 0.248861, 0.747144, 0.3485, 0.453081, 0.879409, 1, 

377,24456,0.001, 0.00884098, 0.106841, 0.108225, 0.197412, 0.226942, 0.243068, 0.26818, 0.317525, 0.527836, 0.380194, 0.911009, 1, 

373,24527,0.001, 0.00678773, 0.100622, 0.104796, 0.20227, 0.253433, 0.262472, 0.26818, 0.317525, 0.380194, 0.911009, 1, 

380,23694,0.001, 0.00678773, 0.100622, 0.104796, 0.20227, 0.253433, 0.262472, 0.26818, 0.456559, 0.512465, 0.601671, 0.879409, 1, 

370,30613,0.001, 0.00678773, 0.100622, 0.104796, 0.20227, 0.253433, 0.262472, 0.26818, 0.317525, 0.328629, 0.996179, 0.514156, 0.879409, 1, 

387,16679,0.001, 0.00678773, 0.100622, 0.104796, 0.20227, 0.253433, 0.262472, 0.26818, 0.456559, 0.512465, 0.601671, 0.653083, 1, 

382,23464,0.001, 0.00678773, 0.038055, 0.0615289, 0.0820275, 0.226942, 0.243068, 0.26818, 0.317525, 0.527836, 0.380194, 0.911009, 1, 

383,18098,0.001, 0.00678773, 0.038055, 0.0615289, 0.0820275, 0.158728, 0.200952, 0.245044, 0.248861, 0.958626, 0.288042, 0.911009, 1, 

371,26392,0.001, 0.00678773, 0.100622, 0.104796, 0.20227, 0.253433, 0.262472, 0.26818, 0.317525, 0.380194, 0.3485, 0.453081, 0.879409, 1, 

Generation #17
394,15260,0.001, 0.00678773, 0.038055, 0.0615289, 0.0820275, 0.158728, 0.200952, 0.245044, 0.248861, 0.747144, 0.3485, 0.453081, 0.879409, 1, 

373,24527,0.001, 0.00678773, 0.100622, 0.104796, 0.20227, 0.253433, 0.262472, 0.26818, 0.317525, 0.380194, 0.911009, 1, 

370,30613,0.001, 0.00678773, 0.100622, 0.104796, 0.20227, 0.253433, 0.262472, 0.26818, 0.317525, 0.328629, 0.996179, 0.514156, 0.879409, 1, 

387,16679,0.001, 0.00678773, 0.100622, 0.104796, 0.20227, 0.253433, 0.262472, 0.26818, 0.456559, 0.512465, 0.601671, 0.653083, 1, 

371,26392,0.001, 0.00678773, 0.100622, 0.104796, 0.20227, 0.253433, 0.262472, 0.26818, 0.317525, 0.380194, 0.3485, 0.453081, 0.879409, 1, 

375,20720,0.001, 0.00678773, 0.0615289, 0.0820275, 0.0820275, 0.158728, 0.200952, 0.245044, 0.248861, 0.512465, 0.0197072, 0.879409, 1, 

383,17120,0.001, 0.00678773, 0.038055, 0.0615289, 0.0820275, 0.158728, 0.200952, 0.245044, 0.248861, 0.958626, 0.601671, 0.879409, 1, 

Generation #18
394,15260,0.001, 0.00678773, 0.038055, 0.0615289, 0.0820275, 0.158728, 0.200952, 0.245044, 0.248861, 0.747144, 0.3485, 0.453081, 0.879409, 1, 

373,24527,0.001, 0.00678773, 0.100622, 0.104796, 0.20227, 0.253433, 0.262472, 0.26818, 0.317525, 0.380194, 0.911009, 1, 

370,30613,0.001, 0.00678773, 0.100622, 0.104796, 0.20227, 0.253433, 0.262472, 0.26818, 0.317525, 0.328629, 0.996179, 0.514156, 0.879409, 1, 

371,26392,0.001, 0.00678773, 0.100622, 0.104796, 0.20227, 0.253433, 0.262472, 0.26818, 0.317525, 0.380194, 0.3485, 0.453081, 0.879409, 1, 

375,20720,0.001, 0.00678773, 0.0615289, 0.0820275, 0.0820275, 0.158728, 0.200952, 0.245044, 0.248861, 0.512465, 0.0197072, 0.879409, 1, 

377,16576,0.001, 0.00678773, 0.100622, 0.104796, 0.20227, 0.253433, 0.262472, 0.26818, 0.317525, 0.911009, 1, 

Generation #19
394,15260,0.001, 0.00678773, 0.038055, 0.0615289, 0.0820275, 0.158728, 0.200952, 0.245044, 0.248861, 0.747144, 0.3485, 0.453081, 0.879409, 1, 

373,24527,0.001, 0.00678773, 0.100622, 0.104796, 0.20227, 0.253433, 0.262472, 0.26818, 0.317525, 0.380194, 0.911009, 1, 

370,30613,0.001, 0.00678773, 0.100622, 0.104796, 0.20227, 0.253433, 0.262472, 0.26818, 0.317525, 0.328629, 0.996179, 0.514156, 0.879409, 1, 

371,26392,0.001, 0.00678773, 0.100622, 0.104796, 0.20227, 0.253433, 0.262472, 0.26818, 0.317525, 0.380194, 0.3485, 0.453081, 0.879409, 1, 

375,20720,0.001, 0.00678773, 0.0615289, 0.0820275, 0.0820275, 0.158728, 0.200952, 0.245044, 0.248861, 0.512465, 0.0197072, 0.879409, 1, 

377,16576,0.001, 0.00678773, 0.100622, 0.104796, 0.20227, 0.253433, 0.262472, 0.26818, 0.317525, 0.911009, 1, 

395,15208,0.001, 0.00678773, 0.038055, 0.0615289, 0.0820275, 0.158728, 0.200952, 0.245044, 0.248861, 0.958626, 0.601671, 0.879409, 1, 

380,15520,0.001, 0.00678773, 0.038055, 0.0615289, 0.0820275, 0.226942, 0.243068, 0.26818, 0.317525, 0.527836, 0.380194, 0.879409, 1, 

Generation #20
394,15260,0.001, 0.00678773, 0.038055, 0.0615289, 0.0820275, 0.158728, 0.200952, 0.245044, 0.248861, 0.747144, 0.3485, 0.453081, 0.879409, 1, 

375,20720,0.001, 0.00678773, 0.0615289, 0.0820275, 0.0820275, 0.158728, 0.200952, 0.245044, 0.248861, 0.512465, 0.0197072, 0.879409, 1, 

377,16576,0.001, 0.00678773, 0.100622, 0.104796, 0.20227, 0.253433, 0.262472, 0.26818, 0.317525, 0.911009, 1, 

395,15208,0.001, 0.00678773, 0.038055, 0.0615289, 0.0820275, 0.158728, 0.200952, 0.245044, 0.248861, 0.958626, 0.601671, 0.879409, 1, 

380,15520,0.001, 0.00678773, 0.038055, 0.0615289, 0.0820275, 0.226942, 0.243068, 0.26818, 0.317525, 0.527836, 0.380194, 0.879409, 1, 

368,24129,0.001, 0.00884098, 0.106841, 0.0863197, 0.0999441, 0.104579, 0.262472, 0.26818, 0.456559, 0.512465, 0.601671, 1, 

Generation #21
394,15260,0.001, 0.00678773, 0.038055, 0.0615289, 0.0820275, 0.158728, 0.200952, 0.245044, 0.248861, 0.747144, 0.3485, 0.453081, 0.879409, 1, 

375,20720,0.001, 0.00678773, 0.0615289, 0.0820275, 0.0820275, 0.158728, 0.200952, 0.245044, 0.248861, 0.512465, 0.0197072, 0.879409, 1, 

377,16576,0.001, 0.00678773, 0.100622, 0.104796, 0.20227, 0.253433, 0.262472, 0.26818, 0.317525, 0.911009, 1, 

395,15208,0.001, 0.00678773, 0.038055, 0.0615289, 0.0820275, 0.158728, 0.200952, 0.245044, 0.248861, 0.958626, 0.601671, 0.879409, 1, 

380,15520,0.001, 0.00678773, 0.038055, 0.0615289, 0.0820275, 0.226942, 0.243068, 0.26818, 0.317525, 0.527836, 0.380194, 0.879409, 1, 

368,24129,0.001, 0.00884098, 0.106841, 0.0863197, 0.0999441, 0.104579, 0.262472, 0.26818, 0.456559, 0.512465, 0.601671, 1, 

385,15340,0.001, 0.00678773, 0.038055, 0.0615289, 0.0820275, 0.158728, 0.262472, 0.26818, 0.456559, 0.512465, 0.601671, 0.879409, 1, 

Generation #22
394,15260,0.001, 0.00678773, 0.038055, 0.0615289, 0.0820275, 0.158728, 0.200952, 0.245044, 0.248861, 0.747144, 0.3485, 0.453081, 0.879409, 1, 

375,20720,0.001, 0.00678773, 0.0615289, 0.0820275, 0.0820275, 0.158728, 0.200952, 0.245044, 0.248861, 0.512465, 0.0197072, 0.879409, 1, 

377,16576,0.001, 0.00678773, 0.100622, 0.104796, 0.20227, 0.253433, 0.262472, 0.26818, 0.317525, 0.911009, 1, 

395,15208,0.001, 0.00678773, 0.038055, 0.0615289, 0.0820275, 0.158728, 0.200952, 0.245044, 0.248861, 0.958626, 0.601671, 0.879409, 1, 

380,15520,0.001, 0.00678773, 0.038055, 0.0615289, 0.0820275, 0.226942, 0.243068, 0.26818, 0.317525, 0.527836, 0.380194, 0.879409, 1, 

368,24129,0.001, 0.00884098, 0.106841, 0.0863197, 0.0999441, 0.104579, 0.262472, 0.26818, 0.456559, 0.512465, 0.601671, 1, 

385,15340,0.001, 0.00678773, 0.038055, 0.0615289, 0.0820275, 0.158728, 0.262472, 0.26818, 0.456559, 0.512465, 0.601671, 0.879409, 1, 

Generation #23
375,20720,0.001, 0.00678773, 0.0615289, 0.0820275, 0.0820275, 0.158728, 0.200952, 0.245044, 0.248861, 0.512465, 0.0197072, 0.879409, 1, 

377,16576,0.001, 0.00678773, 0.100622, 0.104796, 0.20227, 0.253433, 0.262472, 0.26818, 0.317525, 0.911009, 1, 

380,15520,0.001, 0.00678773, 0.038055, 0.0615289, 0.0820275, 0.226942, 0.243068, 0.26818, 0.317525, 0.527836, 0.380194, 0.879409, 1, 

368,24129,0.001, 0.00884098, 0.106841, 0.0863197, 0.0999441, 0.104579, 0.262472, 0.26818, 0.456559, 0.512465, 0.601671, 1, 

385,15340,0.001, 0.00678773, 0.038055, 0.0615289, 0.0820275, 0.158728, 0.262472, 0.26818, 0.456559, 0.512465, 0.601671, 0.879409, 1, 

374,21998,0.001, 0.00678773, 0.038055, 0.0615289, 0.0820275, 0.158728, 0.200952, 0.245044, 0.317525, 0.380194, 0.911009, 1, 

391,14824,0.001, 0.00678773, 0.038055, 0.0615289, 0.0820275, 0.158728, 0.262472, 0.26818, 0.317525, 0.380194, 0.911009, 0.653083, 1, 

Generation #24
375,20720,0.001, 0.00678773, 0.0615289, 0.0820275, 0.0820275, 0.158728, 0.200952, 0.245044, 0.248861, 0.512465, 0.0197072, 0.879409, 1, 

377,16576,0.001, 0.00678773, 0.100622, 0.104796, 0.20227, 0.253433, 0.262472, 0.26818, 0.317525, 0.911009, 1, 

380,15520,0.001, 0.00678773, 0.038055, 0.0615289, 0.0820275, 0.226942, 0.243068, 0.26818, 0.317525, 0.527836, 0.380194, 0.879409, 1, 

368,24129,0.001, 0.00884098, 0.106841, 0.0863197, 0.0999441, 0.104579, 0.262472, 0.26818, 0.456559, 0.512465, 0.601671, 1, 

385,15340,0.001, 0.00678773, 0.038055, 0.0615289, 0.0820275, 0.158728, 0.262472, 0.26818, 0.456559, 0.512465, 0.601671, 0.879409, 1, 

374,21998,0.001, 0.00678773, 0.038055, 0.0615289, 0.0820275, 0.158728, 0.200952, 0.245044, 0.317525, 0.380194, 0.911009, 1, 

391,14824,0.001, 0.00678773, 0.038055, 0.0615289, 0.0820275, 0.158728, 0.262472, 0.26818, 0.317525, 0.380194, 0.911009, 0.653083, 1, 

376,18564,0.001, 0.00678773, 0.038055, 0.0615289, 0.0820275, 0.243068, 0.26818, 0.317525, 0.527836, 0.380194, 0.879409, 1, 

Generation #25
375,20720,0.001, 0.00678773, 0.0615289, 0.0820275, 0.0820275, 0.158728, 0.200952, 0.245044, 0.248861, 0.512465, 0.0197072, 0.879409, 1, 

377,16576,0.001, 0.00678773, 0.100622, 0.104796, 0.20227, 0.253433, 0.262472, 0.26818, 0.317525, 0.911009, 1, 

380,15520,0.001, 0.00678773, 0.038055, 0.0615289, 0.0820275, 0.226942, 0.243068, 0.26818, 0.317525, 0.527836, 0.380194, 0.879409, 1, 

368,24129,0.001, 0.00884098, 0.106841, 0.0863197, 0.0999441, 0.104579, 0.262472, 0.26818, 0.456559, 0.512465, 0.601671, 1, 

385,15340,0.001, 0.00678773, 0.038055, 0.0615289, 0.0820275, 0.158728, 0.262472, 0.26818, 0.456559, 0.512465, 0.601671, 0.879409, 1, 

374,21998,0.001, 0.00678773, 0.038055, 0.0615289, 0.0820275, 0.158728, 0.200952, 0.245044, 0.317525, 0.380194, 0.911009, 1, 

391,14824,0.001, 0.00678773, 0.038055, 0.0615289, 0.0820275, 0.158728, 0.262472, 0.26818, 0.317525, 0.380194, 0.911009, 0.653083, 1, 

376,18564,0.001, 0.00678773, 0.038055, 0.0615289, 0.0820275, 0.243068, 0.26818, 0.317525, 0.527836, 0.380194, 0.879409, 1, 

Generation #26
375,20720,0.001, 0.00678773, 0.0615289, 0.0820275, 0.0820275, 0.158728, 0.200952, 0.245044, 0.248861, 0.512465, 0.0197072, 0.879409, 1, 

377,16576,0.001, 0.00678773, 0.100622, 0.104796, 0.20227, 0.253433, 0.262472, 0.26818, 0.317525, 0.911009, 1, 

380,15520,0.001, 0.00678773, 0.038055, 0.0615289, 0.0820275, 0.226942, 0.243068, 0.26818, 0.317525, 0.527836, 0.380194, 0.879409, 1, 

368,24129,0.001, 0.00884098, 0.106841, 0.0863197, 0.0999441, 0.104579, 0.262472, 0.26818, 0.456559, 0.512465, 0.601671, 1, 

385,15340,0.001, 0.00678773, 0.038055, 0.0615289, 0.0820275, 0.158728, 0.262472, 0.26818, 0.456559, 0.512465, 0.601671, 0.879409, 1, 

374,21998,0.001, 0.00678773, 0.038055, 0.0615289, 0.0820275, 0.158728, 0.200952, 0.245044, 0.317525, 0.380194, 0.911009, 1, 

391,14824,0.001, 0.00678773, 0.038055, 0.0615289, 0.0820275, 0.158728, 0.262472, 0.26818, 0.317525, 0.380194, 0.911009, 0.653083, 1, 

376,18564,0.001, 0.00678773, 0.038055, 0.0615289, 0.0820275, 0.243068, 0.26818, 0.317525, 0.527836, 0.380194, 0.879409, 1, 

Generation #27
375,20720,0.001, 0.00678773, 0.0615289, 0.0820275, 0.0820275, 0.158728, 0.200952, 0.245044, 0.248861, 0.512465, 0.0197072, 0.879409, 1, 

377,16576,0.001, 0.00678773, 0.100622, 0.104796, 0.20227, 0.253433, 0.262472, 0.26818, 0.317525, 0.911009, 1, 

380,15520,0.001, 0.00678773, 0.038055, 0.0615289, 0.0820275, 0.226942, 0.243068, 0.26818, 0.317525, 0.527836, 0.380194, 0.879409, 1, 

368,24129,0.001, 0.00884098, 0.106841, 0.0863197, 0.0999441, 0.104579, 0.262472, 0.26818, 0.456559, 0.512465, 0.601671, 1, 

385,15340,0.001, 0.00678773, 0.038055, 0.0615289, 0.0820275, 0.158728, 0.262472, 0.26818, 0.456559, 0.512465, 0.601671, 0.879409, 1, 

374,21998,0.001, 0.00678773, 0.038055, 0.0615289, 0.0820275, 0.158728, 0.200952, 0.245044, 0.317525, 0.380194, 0.911009, 1, 

391,14824,0.001, 0.00678773, 0.038055, 0.0615289, 0.0820275, 0.158728, 0.262472, 0.26818, 0.317525, 0.380194, 0.911009, 0.653083, 1, 

376,18564,0.001, 0.00678773, 0.038055, 0.0615289, 0.0820275, 0.243068, 0.26818, 0.317525, 0.527836, 0.380194, 0.879409, 1, 

Generation #28
375,20720,0.001, 0.00678773, 0.0615289, 0.0820275, 0.0820275, 0.158728, 0.200952, 0.245044, 0.248861, 0.512465, 0.0197072, 0.879409, 1, 

377,16576,0.001, 0.00678773, 0.100622, 0.104796, 0.20227, 0.253433, 0.262472, 0.26818, 0.317525, 0.911009, 1, 

380,15520,0.001, 0.00678773, 0.038055, 0.0615289, 0.0820275, 0.226942, 0.243068, 0.26818, 0.317525, 0.527836, 0.380194, 0.879409, 1, 

368,24129,0.001, 0.00884098, 0.106841, 0.0863197, 0.0999441, 0.104579, 0.262472, 0.26818, 0.456559, 0.512465, 0.601671, 1, 

385,15340,0.001, 0.00678773, 0.038055, 0.0615289, 0.0820275, 0.158728, 0.262472, 0.26818, 0.456559, 0.512465, 0.601671, 0.879409, 1, 

374,21998,0.001, 0.00678773, 0.038055, 0.0615289, 0.0820275, 0.158728, 0.200952, 0.245044, 0.317525, 0.380194, 0.911009, 1, 

391,14824,0.001, 0.00678773, 0.038055, 0.0615289, 0.0820275, 0.158728, 0.262472, 0.26818, 0.317525, 0.380194, 0.911009, 0.653083, 1, 

376,18564,0.001, 0.00678773, 0.038055, 0.0615289, 0.0820275, 0.243068, 0.26818, 0.317525, 0.527836, 0.380194, 0.879409, 1, 

Generation #29
375,20720,0.001, 0.00678773, 0.0615289, 0.0820275, 0.0820275, 0.158728, 0.200952, 0.245044, 0.248861, 0.512465, 0.0197072, 0.879409, 1, 

377,16576,0.001, 0.00678773, 0.100622, 0.104796, 0.20227, 0.253433, 0.262472, 0.26818, 0.317525, 0.911009, 1, 

380,15520,0.001, 0.00678773, 0.038055, 0.0615289, 0.0820275, 0.226942, 0.243068, 0.26818, 0.317525, 0.527836, 0.380194, 0.879409, 1, 

368,24129,0.001, 0.00884098, 0.106841, 0.0863197, 0.0999441, 0.104579, 0.262472, 0.26818, 0.456559, 0.512465, 0.601671, 1, 

385,15340,0.001, 0.00678773, 0.038055, 0.0615289, 0.0820275, 0.158728, 0.262472, 0.26818, 0.456559, 0.512465, 0.601671, 0.879409, 1, 

374,21998,0.001, 0.00678773, 0.038055, 0.0615289, 0.0820275, 0.158728, 0.200952, 0.245044, 0.317525, 0.380194, 0.911009, 1, 

391,14824,0.001, 0.00678773, 0.038055, 0.0615289, 0.0820275, 0.158728, 0.262472, 0.26818, 0.317525, 0.380194, 0.911009, 0.653083, 1, 

376,18564,0.001, 0.00678773, 0.038055, 0.0615289, 0.0820275, 0.243068, 0.26818, 0.317525, 0.527836, 0.380194, 0.879409, 1, 

Generation #30
375,20720,0.001, 0.00678773, 0.0615289, 0.0820275, 0.0820275, 0.158728, 0.200952, 0.245044, 0.248861, 0.512465, 0.0197072, 0.879409, 1, 

377,16576,0.001, 0.00678773, 0.100622, 0.104796, 0.20227, 0.253433, 0.262472, 0.26818, 0.317525, 0.911009, 1, 

380,15520,0.001, 0.00678773, 0.038055, 0.0615289, 0.0820275, 0.226942, 0.243068, 0.26818, 0.317525, 0.527836, 0.380194, 0.879409, 1, 

368,24129,0.001, 0.00884098, 0.106841, 0.0863197, 0.0999441, 0.104579, 0.262472, 0.26818, 0.456559, 0.512465, 0.601671, 1, 

385,15340,0.001, 0.00678773, 0.038055, 0.0615289, 0.0820275, 0.158728, 0.262472, 0.26818, 0.456559, 0.512465, 0.601671, 0.879409, 1, 

374,21998,0.001, 0.00678773, 0.038055, 0.0615289, 0.0820275, 0.158728, 0.200952, 0.245044, 0.317525, 0.380194, 0.911009, 1, 

391,14824,0.001, 0.00678773, 0.038055, 0.0615289, 0.0820275, 0.158728, 0.262472, 0.26818, 0.317525, 0.380194, 0.911009, 0.653083, 1, 

376,18564,0.001, 0.00678773, 0.038055, 0.0615289, 0.0820275, 0.243068, 0.26818, 0.317525, 0.527836, 0.380194, 0.879409, 1, 

Generation #31
375,20720,0.001, 0.00678773, 0.0615289, 0.0820275, 0.0820275, 0.158728, 0.200952, 0.245044, 0.248861, 0.512465, 0.0197072, 0.879409, 1, 

377,16576,0.001, 0.00678773, 0.100622, 0.104796, 0.20227, 0.253433, 0.262472, 0.26818, 0.317525, 0.911009, 1, 

380,15520,0.001, 0.00678773, 0.038055, 0.0615289, 0.0820275, 0.226942, 0.243068, 0.26818, 0.317525, 0.527836, 0.380194, 0.879409, 1, 

368,24129,0.001, 0.00884098, 0.106841, 0.0863197, 0.0999441, 0.104579, 0.262472, 0.26818, 0.456559, 0.512465, 0.601671, 1, 

385,15340,0.001, 0.00678773, 0.038055, 0.0615289, 0.0820275, 0.158728, 0.262472, 0.26818, 0.456559, 0.512465, 0.601671, 0.879409, 1, 

374,21998,0.001, 0.00678773, 0.038055, 0.0615289, 0.0820275, 0.158728, 0.200952, 0.245044, 0.317525, 0.380194, 0.911009, 1, 

391,14824,0.001, 0.00678773, 0.038055, 0.0615289, 0.0820275, 0.158728, 0.262472, 0.26818, 0.317525, 0.380194, 0.911009, 0.653083, 1, 

376,18564,0.001, 0.00678773, 0.038055, 0.0615289, 0.0820275, 0.243068, 0.26818, 0.317525, 0.527836, 0.380194, 0.879409, 1, 

Generation #32
375,20720,0.001, 0.00678773, 0.0615289, 0.0820275, 0.0820275, 0.158728, 0.200952, 0.245044, 0.248861, 0.512465, 0.0197072, 0.879409, 1, 

377,16576,0.001, 0.00678773, 0.100622, 0.104796, 0.20227, 0.253433, 0.262472, 0.26818, 0.317525, 0.911009, 1, 

380,15520,0.001, 0.00678773, 0.038055, 0.0615289, 0.0820275, 0.226942, 0.243068, 0.26818, 0.317525, 0.527836, 0.380194, 0.879409, 1, 

368,24129,0.001, 0.00884098, 0.106841, 0.0863197, 0.0999441, 0.104579, 0.262472, 0.26818, 0.456559, 0.512465, 0.601671, 1, 

385,15340,0.001, 0.00678773, 0.038055, 0.0615289, 0.0820275, 0.158728, 0.262472, 0.26818, 0.456559, 0.512465, 0.601671, 0.879409, 1, 

374,21998,0.001, 0.00678773, 0.038055, 0.0615289, 0.0820275, 0.158728, 0.200952, 0.245044, 0.317525, 0.380194, 0.911009, 1, 

391,14824,0.001, 0.00678773, 0.038055, 0.0615289, 0.0820275, 0.158728, 0.262472, 0.26818, 0.317525, 0.380194, 0.911009, 0.653083, 1, 

376,18564,0.001, 0.00678773, 0.038055, 0.0615289, 0.0820275, 0.243068, 0.26818, 0.317525, 0.527836, 0.380194, 0.879409, 1, 

401,12202,0.001, 0.00678773, 0.038055, 0.0615289, 0.0820275, 0.0397389, 0.200952, 0.245044, 0.248861, 0.527836, 0.380194, 1, 

Generation #33
375,20720,0.001, 0.00678773, 0.0615289, 0.0820275, 0.0820275, 0.158728, 0.200952, 0.245044, 0.248861, 0.512465, 0.0197072, 0.879409, 1, 

377,16576,0.001, 0.00678773, 0.100622, 0.104796, 0.20227, 0.253433, 0.262472, 0.26818, 0.317525, 0.911009, 1, 

380,15520,0.001, 0.00678773, 0.038055, 0.0615289, 0.0820275, 0.226942, 0.243068, 0.26818, 0.317525, 0.527836, 0.380194, 0.879409, 1, 

368,24129,0.001, 0.00884098, 0.106841, 0.0863197, 0.0999441, 0.104579, 0.262472, 0.26818, 0.456559, 0.512465, 0.601671, 1, 

385,15340,0.001, 0.00678773, 0.038055, 0.0615289, 0.0820275, 0.158728, 0.262472, 0.26818, 0.456559, 0.512465, 0.601671, 0.879409, 1, 

374,21998,0.001, 0.00678773, 0.038055, 0.0615289, 0.0820275, 0.158728, 0.200952, 0.245044, 0.317525, 0.380194, 0.911009, 1, 

391,14824,0.001, 0.00678773, 0.038055, 0.0615289, 0.0820275, 0.158728, 0.262472, 0.26818, 0.317525, 0.380194, 0.911009, 0.653083, 1, 

376,18564,0.001, 0.00678773, 0.038055, 0.0615289, 0.0820275, 0.243068, 0.26818, 0.317525, 0.527836, 0.380194, 0.879409, 1, 

401,12202,0.001, 0.00678773, 0.038055, 0.0615289, 0.0820275, 0.0397389, 0.200952, 0.245044, 0.248861, 0.527836, 0.380194, 1, 

371,23799,0.001, 0.00678773, 0.038055, 0.0615289, 0.0820275, 0.128069, 0.158728, 0.262472, 0.317525, 0.527836, 0.380194, 0.879409, 1, 

Generation #34
375,20720,0.001, 0.00678773, 0.0615289, 0.0820275, 0.0820275, 0.158728, 0.200952, 0.245044, 0.248861, 0.512465, 0.0197072, 0.879409, 1, 

377,16576,0.001, 0.00678773, 0.100622, 0.104796, 0.20227, 0.253433, 0.262472, 0.26818, 0.317525, 0.911009, 1, 

380,15520,0.001, 0.00678773, 0.038055, 0.0615289, 0.0820275, 0.226942, 0.243068, 0.26818, 0.317525, 0.527836, 0.380194, 0.879409, 1, 

368,24129,0.001, 0.00884098, 0.106841, 0.0863197, 0.0999441, 0.104579, 0.262472, 0.26818, 0.456559, 0.512465, 0.601671, 1, 

374,21998,0.001, 0.00678773, 0.038055, 0.0615289, 0.0820275, 0.158728, 0.200952, 0.245044, 0.317525, 0.380194, 0.911009, 1, 

401,12202,0.001, 0.00678773, 0.038055, 0.0615289, 0.0820275, 0.0397389, 0.200952, 0.245044, 0.248861, 0.527836, 0.380194, 1, 

371,23799,0.001, 0.00678773, 0.038055, 0.0615289, 0.0820275, 0.128069, 0.158728, 0.262472, 0.317525, 0.527836, 0.380194, 0.879409, 1, 

382,14284,0.001, 0.00678773, 0.038055, 0.0615289, 0.0820275, 0.158728, 0.262472, 0.26818, 0.317525, 0.380194, 0.380194, 1, 

376,18112,0.001, 0.00678773, 0.038055, 0.0615289, 0.172268, 0.177465, 0.230265, 0.244805, 0.317525, 0.380194, 0.911009, 1, 

Generation #35
375,20720,0.001, 0.00678773, 0.0615289, 0.0820275, 0.0820275, 0.158728, 0.200952, 0.245044, 0.248861, 0.512465, 0.0197072, 0.879409, 1, 

377,16576,0.001, 0.00678773, 0.100622, 0.104796, 0.20227, 0.253433, 0.262472, 0.26818, 0.317525, 0.911009, 1, 

380,15520,0.001, 0.00678773, 0.038055, 0.0615289, 0.0820275, 0.226942, 0.243068, 0.26818, 0.317525, 0.527836, 0.380194, 0.879409, 1, 

368,24129,0.001, 0.00884098, 0.106841, 0.0863197, 0.0999441, 0.104579, 0.262472, 0.26818, 0.456559, 0.512465, 0.601671, 1, 

374,21998,0.001, 0.00678773, 0.038055, 0.0615289, 0.0820275, 0.158728, 0.200952, 0.245044, 0.317525, 0.380194, 0.911009, 1, 

401,12202,0.001, 0.00678773, 0.038055, 0.0615289, 0.0820275, 0.0397389, 0.200952, 0.245044, 0.248861, 0.527836, 0.380194, 1, 

371,23799,0.001, 0.00678773, 0.038055, 0.0615289, 0.0820275, 0.128069, 0.158728, 0.262472, 0.317525, 0.527836, 0.380194, 0.879409, 1, 

382,14284,0.001, 0.00678773, 0.038055, 0.0615289, 0.0820275, 0.158728, 0.262472, 0.26818, 0.317525, 0.380194, 0.380194, 1, 

376,18112,0.001, 0.00678773, 0.038055, 0.0615289, 0.172268, 0.177465, 0.230265, 0.244805, 0.317525, 0.380194, 0.911009, 1, 

Generation #36
375,20720,0.001, 0.00678773, 0.0615289, 0.0820275, 0.0820275, 0.158728, 0.200952, 0.245044, 0.248861, 0.512465, 0.0197072, 0.879409, 1, 

377,16576,0.001, 0.00678773, 0.100622, 0.104796, 0.20227, 0.253433, 0.262472, 0.26818, 0.317525, 0.911009, 1, 

368,24129,0.001, 0.00884098, 0.106841, 0.0863197, 0.0999441, 0.104579, 0.262472, 0.26818, 0.456559, 0.512465, 0.601671, 1, 

374,21998,0.001, 0.00678773, 0.038055, 0.0615289, 0.0820275, 0.158728, 0.200952, 0.245044, 0.317525, 0.380194, 0.911009, 1, 

401,12202,0.001, 0.00678773, 0.038055, 0.0615289, 0.0820275, 0.0397389, 0.200952, 0.245044, 0.248861, 0.527836, 0.380194, 1, 

371,23799,0.001, 0.00678773, 0.038055, 0.0615289, 0.0820275, 0.128069, 0.158728, 0.262472, 0.317525, 0.527836, 0.380194, 0.879409, 1, 

382,14284,0.001, 0.00678773, 0.038055, 0.0615289, 0.0820275, 0.158728, 0.262472, 0.26818, 0.317525, 0.380194, 0.380194, 1, 

376,18112,0.001, 0.00678773, 0.038055, 0.0615289, 0.172268, 0.177465, 0.230265, 0.244805, 0.317525, 0.380194, 0.911009, 1, 

380,14901,0.001, 0.00678773, 0.038055, 0.0615289, 0.0820275, 0.158728, 0.200952, 0.245044, 0.248861, 0.196534, 0.958626, 0.288042, 0.911009, 1, 

Generation #37
375,20720,0.001, 0.00678773, 0.0615289, 0.0820275, 0.0820275, 0.158728, 0.200952, 0.245044, 0.248861, 0.512465, 0.0197072, 0.879409, 1, 

377,16576,0.001, 0.00678773, 0.100622, 0.104796, 0.20227, 0.253433, 0.262472, 0.26818, 0.317525, 0.911009, 1, 

368,24129,0.001, 0.00884098, 0.106841, 0.0863197, 0.0999441, 0.104579, 0.262472, 0.26818, 0.456559, 0.512465, 0.601671, 1, 

374,21998,0.001, 0.00678773, 0.038055, 0.0615289, 0.0820275, 0.158728, 0.200952, 0.245044, 0.317525, 0.380194, 0.911009, 1, 

401,12202,0.001, 0.00678773, 0.038055, 0.0615289, 0.0820275, 0.0397389, 0.200952, 0.245044, 0.248861, 0.527836, 0.380194, 1, 

371,23799,0.001, 0.00678773, 0.038055, 0.0615289, 0.0820275, 0.128069, 0.158728, 0.262472, 0.317525, 0.527836, 0.380194, 0.879409, 1, 

382,14284,0.001, 0.00678773, 0.038055, 0.0615289, 0.0820275, 0.158728, 0.262472, 0.26818, 0.317525, 0.380194, 0.380194, 1, 

376,18112,0.001, 0.00678773, 0.038055, 0.0615289, 0.172268, 0.177465, 0.230265, 0.244805, 0.317525, 0.380194, 0.911009, 1, 

380,14901,0.001, 0.00678773, 0.038055, 0.0615289, 0.0820275, 0.158728, 0.200952, 0.245044, 0.248861, 0.196534, 0.958626, 0.288042, 0.911009, 1, 

Generation #38
375,20720,0.001, 0.00678773, 0.0615289, 0.0820275, 0.0820275, 0.158728, 0.200952, 0.245044, 0.248861, 0.512465, 0.0197072, 0.879409, 1, 

377,16576,0.001, 0.00678773, 0.100622, 0.104796, 0.20227, 0.253433, 0.262472, 0.26818, 0.317525, 0.911009, 1, 

368,24129,0.001, 0.00884098, 0.106841, 0.0863197, 0.0999441, 0.104579, 0.262472, 0.26818, 0.456559, 0.512465, 0.601671, 1, 

374,21998,0.001, 0.00678773, 0.038055, 0.0615289, 0.0820275, 0.158728, 0.200952, 0.245044, 0.317525, 0.380194, 0.911009, 1, 

401,12202,0.001, 0.00678773, 0.038055, 0.0615289, 0.0820275, 0.0397389, 0.200952, 0.245044, 0.248861, 0.527836, 0.380194, 1, 

371,23799,0.001, 0.00678773, 0.038055, 0.0615289, 0.0820275, 0.128069, 0.158728, 0.262472, 0.317525, 0.527836, 0.380194, 0.879409, 1, 

382,14284,0.001, 0.00678773, 0.038055, 0.0615289, 0.0820275, 0.158728, 0.262472, 0.26818, 0.317525, 0.380194, 0.380194, 1, 

376,18112,0.001, 0.00678773, 0.038055, 0.0615289, 0.172268, 0.177465, 0.230265, 0.244805, 0.317525, 0.380194, 0.911009, 1, 

380,14901,0.001, 0.00678773, 0.038055, 0.0615289, 0.0820275, 0.158728, 0.200952, 0.245044, 0.248861, 0.196534, 0.958626, 0.288042, 0.911009, 1, 

Generation #39
375,20720,0.001, 0.00678773, 0.0615289, 0.0820275, 0.0820275, 0.158728, 0.200952, 0.245044, 0.248861, 0.512465, 0.0197072, 0.879409, 1, 

377,16576,0.001, 0.00678773, 0.100622, 0.104796, 0.20227, 0.253433, 0.262472, 0.26818, 0.317525, 0.911009, 1, 

368,24129,0.001, 0.00884098, 0.106841, 0.0863197, 0.0999441, 0.104579, 0.262472, 0.26818, 0.456559, 0.512465, 0.601671, 1, 

374,21998,0.001, 0.00678773, 0.038055, 0.0615289, 0.0820275, 0.158728, 0.200952, 0.245044, 0.317525, 0.380194, 0.911009, 1, 

401,12202,0.001, 0.00678773, 0.038055, 0.0615289, 0.0820275, 0.0397389, 0.200952, 0.245044, 0.248861, 0.527836, 0.380194, 1, 

371,23799,0.001, 0.00678773, 0.038055, 0.0615289, 0.0820275, 0.128069, 0.158728, 0.262472, 0.317525, 0.527836, 0.380194, 0.879409, 1, 

382,14284,0.001, 0.00678773, 0.038055, 0.0615289, 0.0820275, 0.158728, 0.262472, 0.26818, 0.317525, 0.380194, 0.380194, 1, 

376,18112,0.001, 0.00678773, 0.038055, 0.0615289, 0.172268, 0.177465, 0.230265, 0.244805, 0.317525, 0.380194, 0.911009, 1, 

380,14901,0.001, 0.00678773, 0.038055, 0.0615289, 0.0820275, 0.158728, 0.200952, 0.245044, 0.248861, 0.196534, 0.958626, 0.288042, 0.911009, 1, 

Generation #40
375,20720,0.001, 0.00678773, 0.0615289, 0.0820275, 0.0820275, 0.158728, 0.200952, 0.245044, 0.248861, 0.512465, 0.0197072, 0.879409, 1, 

377,16576,0.001, 0.00678773, 0.100622, 0.104796, 0.20227, 0.253433, 0.262472, 0.26818, 0.317525, 0.911009, 1, 

368,24129,0.001, 0.00884098, 0.106841, 0.0863197, 0.0999441, 0.104579, 0.262472, 0.26818, 0.456559, 0.512465, 0.601671, 1, 

374,21998,0.001, 0.00678773, 0.038055, 0.0615289, 0.0820275, 0.158728, 0.200952, 0.245044, 0.317525, 0.380194, 0.911009, 1, 

401,12202,0.001, 0.00678773, 0.038055, 0.0615289, 0.0820275, 0.0397389, 0.200952, 0.245044, 0.248861, 0.527836, 0.380194, 1, 

371,23799,0.001, 0.00678773, 0.038055, 0.0615289, 0.0820275, 0.128069, 0.158728, 0.262472, 0.317525, 0.527836, 0.380194, 0.879409, 1, 

382,14284,0.001, 0.00678773, 0.038055, 0.0615289, 0.0820275, 0.158728, 0.262472, 0.26818, 0.317525, 0.380194, 0.380194, 1, 

376,18112,0.001, 0.00678773, 0.038055, 0.0615289, 0.172268, 0.177465, 0.230265, 0.244805, 0.317525, 0.380194, 0.911009, 1, 

380,14901,0.001, 0.00678773, 0.038055, 0.0615289, 0.0820275, 0.158728, 0.200952, 0.245044, 0.248861, 0.196534, 0.958626, 0.288042, 0.911009, 1, 

Generation #41
375,20720,0.001, 0.00678773, 0.0615289, 0.0820275, 0.0820275, 0.158728, 0.200952, 0.245044, 0.248861, 0.512465, 0.0197072, 0.879409, 1, 

377,16576,0.001, 0.00678773, 0.100622, 0.104796, 0.20227, 0.253433, 0.262472, 0.26818, 0.317525, 0.911009, 1, 

368,24129,0.001, 0.00884098, 0.106841, 0.0863197, 0.0999441, 0.104579, 0.262472, 0.26818, 0.456559, 0.512465, 0.601671, 1, 

374,21998,0.001, 0.00678773, 0.038055, 0.0615289, 0.0820275, 0.158728, 0.200952, 0.245044, 0.317525, 0.380194, 0.911009, 1, 

401,12202,0.001, 0.00678773, 0.038055, 0.0615289, 0.0820275, 0.0397389, 0.200952, 0.245044, 0.248861, 0.527836, 0.380194, 1, 

371,23799,0.001, 0.00678773, 0.038055, 0.0615289, 0.0820275, 0.128069, 0.158728, 0.262472, 0.317525, 0.527836, 0.380194, 0.879409, 1, 

382,14284,0.001, 0.00678773, 0.038055, 0.0615289, 0.0820275, 0.158728, 0.262472, 0.26818, 0.317525, 0.380194, 0.380194, 1, 

376,18112,0.001, 0.00678773, 0.038055, 0.0615289, 0.172268, 0.177465, 0.230265, 0.244805, 0.317525, 0.380194, 0.911009, 1, 

380,14901,0.001, 0.00678773, 0.038055, 0.0615289, 0.0820275, 0.158728, 0.200952, 0.245044, 0.248861, 0.196534, 0.958626, 0.288042, 0.911009, 1, 

395,13463,0.001, 0.00678773, 0.038055, 0.0615289, 0.0820275, 0.158728, 0.200952, 0.245044, 0.248861, 0.958626, 0.288042, 0.335369, 0.911009, 1, 

Generation #42
377,16576,0.001, 0.00678773, 0.100622, 0.104796, 0.20227, 0.253433, 0.262472, 0.26818, 0.317525, 0.911009, 1, 

368,24129,0.001, 0.00884098, 0.106841, 0.0863197, 0.0999441, 0.104579, 0.262472, 0.26818, 0.456559, 0.512465, 0.601671, 1, 

401,12202,0.001, 0.00678773, 0.038055, 0.0615289, 0.0820275, 0.0397389, 0.200952, 0.245044, 0.248861, 0.527836, 0.380194, 1, 

382,14284,0.001, 0.00678773, 0.038055, 0.0615289, 0.0820275, 0.158728, 0.262472, 0.26818, 0.317525, 0.380194, 0.380194, 1, 

380,14901,0.001, 0.00678773, 0.038055, 0.0615289, 0.0820275, 0.158728, 0.200952, 0.245044, 0.248861, 0.196534, 0.958626, 0.288042, 0.911009, 1, 

395,13463,0.001, 0.00678773, 0.038055, 0.0615289, 0.0820275, 0.158728, 0.200952, 0.245044, 0.248861, 0.958626, 0.288042, 0.335369, 0.911009, 1, 

371,17374,0.001, 0.00678773, 0.038055, 0.0615289, 0.0820275, 0.128069, 0.158728, 0.262472, 0.26818, 0.317525, 0.911009, 1, 

Generation #43
377,16576,0.001, 0.00678773, 0.100622, 0.104796, 0.20227, 0.253433, 0.262472, 0.26818, 0.317525, 0.911009, 1, 

368,24129,0.001, 0.00884098, 0.106841, 0.0863197, 0.0999441, 0.104579, 0.262472, 0.26818, 0.456559, 0.512465, 0.601671, 1, 

401,12202,0.001, 0.00678773, 0.038055, 0.0615289, 0.0820275, 0.0397389, 0.200952, 0.245044, 0.248861, 0.527836, 0.380194, 1, 

382,14284,0.001, 0.00678773, 0.038055, 0.0615289, 0.0820275, 0.158728, 0.262472, 0.26818, 0.317525, 0.380194, 0.380194, 1, 

371,17374,0.001, 0.00678773, 0.038055, 0.0615289, 0.0820275, 0.128069, 0.158728, 0.262472, 0.26818, 0.317525, 0.911009, 1, 

393,13270,0.001, 0.00678773, 0.038055, 0.0615289, 0.0820275, 0.158728, 0.200952, 0.245044, 0.248861, 0.747144, 0.3485, 0.453081, 0.879409, 1, 

379,14535,0.001, 0.00678773, 0.038055, 0.0615289, 0.0820275, 0.158728, 0.200952, 0.262472, 0.26818, 0.317525, 0.911009, 1, 

Generation #44
377,16576,0.001, 0.00678773, 0.100622, 0.104796, 0.20227, 0.253433, 0.262472, 0.26818, 0.317525, 0.911009, 1, 

368,24129,0.001, 0.00884098, 0.106841, 0.0863197, 0.0999441, 0.104579, 0.262472, 0.26818, 0.456559, 0.512465, 0.601671, 1, 

401,12202,0.001, 0.00678773, 0.038055, 0.0615289, 0.0820275, 0.0397389, 0.200952, 0.245044, 0.248861, 0.527836, 0.380194, 1, 

382,14284,0.001, 0.00678773, 0.038055, 0.0615289, 0.0820275, 0.158728, 0.262472, 0.26818, 0.317525, 0.380194, 0.380194, 1, 

371,17374,0.001, 0.00678773, 0.038055, 0.0615289, 0.0820275, 0.128069, 0.158728, 0.262472, 0.26818, 0.317525, 0.911009, 1, 

393,13270,0.001, 0.00678773, 0.038055, 0.0615289, 0.0820275, 0.158728, 0.200952, 0.245044, 0.248861, 0.747144, 0.3485, 0.453081, 0.879409, 1, 

379,14535,0.001, 0.00678773, 0.038055, 0.0615289, 0.0820275, 0.158728, 0.200952, 0.262472, 0.26818, 0.317525, 0.911009, 1, 

Generation #45
377,16576,0.001, 0.00678773, 0.100622, 0.104796, 0.20227, 0.253433, 0.262472, 0.26818, 0.317525, 0.911009, 1, 

368,24129,0.001, 0.00884098, 0.106841, 0.0863197, 0.0999441, 0.104579, 0.262472, 0.26818, 0.456559, 0.512465, 0.601671, 1, 

401,12202,0.001, 0.00678773, 0.038055, 0.0615289, 0.0820275, 0.0397389, 0.200952, 0.245044, 0.248861, 0.527836, 0.380194, 1, 

382,14284,0.001, 0.00678773, 0.038055, 0.0615289, 0.0820275, 0.158728, 0.262472, 0.26818, 0.317525, 0.380194, 0.380194, 1, 

371,17374,0.001, 0.00678773, 0.038055, 0.0615289, 0.0820275, 0.128069, 0.158728, 0.262472, 0.26818, 0.317525, 0.911009, 1, 

393,13270,0.001, 0.00678773, 0.038055, 0.0615289, 0.0820275, 0.158728, 0.200952, 0.245044, 0.248861, 0.747144, 0.3485, 0.453081, 0.879409, 1, 

379,14535,0.001, 0.00678773, 0.038055, 0.0615289, 0.0820275, 0.158728, 0.200952, 0.262472, 0.26818, 0.317525, 0.911009, 1, 

Generation #46
377,16576,0.001, 0.00678773, 0.100622, 0.104796, 0.20227, 0.253433, 0.262472, 0.26818, 0.317525, 0.911009, 1, 

368,24129,0.001, 0.00884098, 0.106841, 0.0863197, 0.0999441, 0.104579, 0.262472, 0.26818, 0.456559, 0.512465, 0.601671, 1, 

401,12202,0.001, 0.00678773, 0.038055, 0.0615289, 0.0820275, 0.0397389, 0.200952, 0.245044, 0.248861, 0.527836, 0.380194, 1, 

382,14284,0.001, 0.00678773, 0.038055, 0.0615289, 0.0820275, 0.158728, 0.262472, 0.26818, 0.317525, 0.380194, 0.380194, 1, 

371,17374,0.001, 0.00678773, 0.038055, 0.0615289, 0.0820275, 0.128069, 0.158728, 0.262472, 0.26818, 0.317525, 0.911009, 1, 

393,13270,0.001, 0.00678773, 0.038055, 0.0615289, 0.0820275, 0.158728, 0.200952, 0.245044, 0.248861, 0.747144, 0.3485, 0.453081, 0.879409, 1, 

379,14535,0.001, 0.00678773, 0.038055, 0.0615289, 0.0820275, 0.158728, 0.200952, 0.262472, 0.26818, 0.317525, 0.911009, 1, 

Generation #47
377,16576,0.001, 0.00678773, 0.100622, 0.104796, 0.20227, 0.253433, 0.262472, 0.26818, 0.317525, 0.911009, 1, 

368,24129,0.001, 0.00884098, 0.106841, 0.0863197, 0.0999441, 0.104579, 0.262472, 0.26818, 0.456559, 0.512465, 0.601671, 1, 

401,12202,0.001, 0.00678773, 0.038055, 0.0615289, 0.0820275, 0.0397389, 0.200952, 0.245044, 0.248861, 0.527836, 0.380194, 1, 

382,14284,0.001, 0.00678773, 0.038055, 0.0615289, 0.0820275, 0.158728, 0.262472, 0.26818, 0.317525, 0.380194, 0.380194, 1, 

371,17374,0.001, 0.00678773, 0.038055, 0.0615289, 0.0820275, 0.128069, 0.158728, 0.262472, 0.26818, 0.317525, 0.911009, 1, 

393,13270,0.001, 0.00678773, 0.038055, 0.0615289, 0.0820275, 0.158728, 0.200952, 0.245044, 0.248861, 0.747144, 0.3485, 0.453081, 0.879409, 1, 

379,14535,0.001, 0.00678773, 0.038055, 0.0615289, 0.0820275, 0.158728, 0.200952, 0.262472, 0.26818, 0.317525, 0.911009, 1, 

Generation #48
377,16576,0.001, 0.00678773, 0.100622, 0.104796, 0.20227, 0.253433, 0.262472, 0.26818, 0.317525, 0.911009, 1, 

368,24129,0.001, 0.00884098, 0.106841, 0.0863197, 0.0999441, 0.104579, 0.262472, 0.26818, 0.456559, 0.512465, 0.601671, 1, 

401,12202,0.001, 0.00678773, 0.038055, 0.0615289, 0.0820275, 0.0397389, 0.200952, 0.245044, 0.248861, 0.527836, 0.380194, 1, 

382,14284,0.001, 0.00678773, 0.038055, 0.0615289, 0.0820275, 0.158728, 0.262472, 0.26818, 0.317525, 0.380194, 0.380194, 1, 

371,17374,0.001, 0.00678773, 0.038055, 0.0615289, 0.0820275, 0.128069, 0.158728, 0.262472, 0.26818, 0.317525, 0.911009, 1, 

393,13270,0.001, 0.00678773, 0.038055, 0.0615289, 0.0820275, 0.158728, 0.200952, 0.245044, 0.248861, 0.747144, 0.3485, 0.453081, 0.879409, 1, 

379,14535,0.001, 0.00678773, 0.038055, 0.0615289, 0.0820275, 0.158728, 0.200952, 0.262472, 0.26818, 0.317525, 0.911009, 1, 

383,13717,0.001, 0.00678773, 0.038055, 0.0615289, 0.0820275, 0.128069, 0.158728, 0.262472, 0.317525, 0.527836, 0.380194, 0.288845, 1, 

376,17102,0.001, 0.00678773, 0.038055, 0.0615289, 0.0820275, 0.158728, 0.200952, 0.245044, 0.248861, 0.747144, 0.380194, 1, 

Generation #49
377,16576,0.001, 0.00678773, 0.100622, 0.104796, 0.20227, 0.253433, 0.262472, 0.26818, 0.317525, 0.911009, 1, 

368,24129,0.001, 0.00884098, 0.106841, 0.0863197, 0.0999441, 0.104579, 0.262472, 0.26818, 0.456559, 0.512465, 0.601671, 1, 

401,12202,0.001, 0.00678773, 0.038055, 0.0615289, 0.0820275, 0.0397389, 0.200952, 0.245044, 0.248861, 0.527836, 0.380194, 1, 

382,14284,0.001, 0.00678773, 0.038055, 0.0615289, 0.0820275, 0.158728, 0.262472, 0.26818, 0.317525, 0.380194, 0.380194, 1, 

371,17374,0.001, 0.00678773, 0.038055, 0.0615289, 0.0820275, 0.128069, 0.158728, 0.262472, 0.26818, 0.317525, 0.911009, 1, 

393,13270,0.001, 0.00678773, 0.038055, 0.0615289, 0.0820275, 0.158728, 0.200952, 0.245044, 0.248861, 0.747144, 0.3485, 0.453081, 0.879409, 1, 

379,14535,0.001, 0.00678773, 0.038055, 0.0615289, 0.0820275, 0.158728, 0.200952, 0.262472, 0.26818, 0.317525, 0.911009, 1, 

383,13717,0.001, 0.00678773, 0.038055, 0.0615289, 0.0820275, 0.128069, 0.158728, 0.262472, 0.317525, 0.527836, 0.380194, 0.288845, 1, 

376,17102,0.001, 0.00678773, 0.038055, 0.0615289, 0.0820275, 0.158728, 0.200952, 0.245044, 0.248861, 0.747144, 0.380194, 1, 

N total=534, Time total=17402, percents=0.001, 0.00678773, 0.100622, 0.104796, 0.20227, 0.253433, 0.262472, 0.26818, 0.317525, 0.911009, 1, 

N total=525, Time total=24955, percents=0.001, 0.00884098, 0.106841, 0.0863197, 0.0999441, 0.104579, 0.262472, 0.26818, 0.456559, 0.512465, 0.601671, 1, 

N total=558, Time total=13028, percents=0.001, 0.00678773, 0.038055, 0.0615289, 0.0820275, 0.0397389, 0.200952, 0.245044, 0.248861, 0.527836, 0.380194, 1, 

N total=539, Time total=15110, percents=0.001, 0.00678773, 0.038055, 0.0615289, 0.0820275, 0.158728, 0.262472, 0.26818, 0.317525, 0.380194, 0.380194, 1, 

N total=528, Time total=18200, percents=0.001, 0.00678773, 0.038055, 0.0615289, 0.0820275, 0.128069, 0.158728, 0.262472, 0.26818, 0.317525, 0.911009, 1, 

N total=550, Time total=14096, percents=0.001, 0.00678773, 0.038055, 0.0615289, 0.0820275, 0.158728, 0.200952, 0.245044, 0.248861, 0.747144, 0.3485, 0.453081, 0.879409, 1, 

N total=536, Time total=15361, percents=0.001, 0.00678773, 0.038055, 0.0615289, 0.0820275, 0.158728, 0.200952, 0.262472, 0.26818, 0.317525, 0.911009, 1, 

N total=540, Time total=14543, percents=0.001, 0.00678773, 0.038055, 0.0615289, 0.0820275, 0.128069, 0.158728, 0.262472, 0.317525, 0.527836, 0.380194, 0.288845, 1, 

N total=533, Time total=17928, percents=0.001, 0.00678773, 0.038055, 0.0615289, 0.0820275, 0.158728, 0.200952, 0.245044, 0.248861, 0.747144, 0.380194, 1, 

------------d=1, t=2, lambda=2, filename=./evaluation/Mobile/Mobile_2_2.csv------------
Grouping d-sets by partitioned row counts for detecting arrays...
Ready to look at pairs for detecting arrays...
First Stage N=255, Time=248
There are 411031 remaining non-locating pairs
Generation #0
348,44834,0.001, 0.128121, 0.149307, 0.167292, 0.238361, 0.309214, 0.311999, 0.406, 0.418133, 0.453397, 0.462019, 0.478079, 0.480652, 0.579471, 0.763937, 0.931927, 1, 

349,20983,0.001, 0.0255962, 0.100008, 0.106651, 0.279161, 0.436883, 0.58585, 0.651614, 0.655404, 0.791212, 0.797281, 1, 

351,6361,0.001, 0.00736545, 0.0235752, 0.0374977, 0.0519681, 0.0539254, 0.0663054, 0.124568, 0.153773, 0.161111, 0.169751, 0.252839, 0.339988, 0.352458, 0.396749, 0.478191, 0.611575, 0.648978, 0.678341, 0.679394, 0.769613, 0.776254, 0.853626, 0.869789, 0.935334, 0.96156, 0.99086, 1, 

360,6313,0.001, 0.00819265, 0.0184179, 0.0315623, 0.0446363, 0.0481269, 0.0556892, 0.086916, 0.102836, 0.111185, 0.125094, 0.155556, 0.174407, 0.216804, 0.230786, 0.316706, 0.433084, 0.490221, 0.497485, 0.528548, 0.606142, 0.61366, 0.65279, 0.681169, 0.702215, 0.712206, 0.775168, 0.837565, 0.915649, 0.968288, 1, 

Generation #1
351,6361,0.001, 0.00736545, 0.0235752, 0.0374977, 0.0519681, 0.0539254, 0.0663054, 0.124568, 0.153773, 0.161111, 0.169751, 0.252839, 0.339988, 0.352458, 0.396749, 0.478191, 0.611575, 0.648978, 0.678341, 0.679394, 0.769613, 0.776254, 0.853626, 0.869789, 0.935334, 0.96156, 0.99086, 1, 

360,6313,0.001, 0.00819265, 0.0184179, 0.0315623, 0.0446363, 0.0481269, 0.0556892, 0.086916, 0.102836, 0.111185, 0.125094, 0.155556, 0.174407, 0.216804, 0.230786, 0.316706, 0.433084, 0.490221, 0.497485, 0.528548, 0.606142, 0.61366, 0.65279, 0.681169, 0.702215, 0.712206, 0.775168, 0.837565, 0.915649, 0.968288, 1, 

345,12550,0.001, 0.0202125, 0.0210501, 0.064674, 0.0806926, 0.608561, 0.694494, 0.780879, 0.74403, 0.862441, 0.901519, 0.914895, 1, 

Generation #2
351,6361,0.001, 0.00736545, 0.0235752, 0.0374977, 0.0519681, 0.0539254, 0.0663054, 0.124568, 0.153773, 0.161111, 0.169751, 0.252839, 0.339988, 0.352458, 0.396749, 0.478191, 0.611575, 0.648978, 0.678341, 0.679394, 0.769613, 0.776254, 0.853626, 0.869789, 0.935334, 0.96156, 0.99086, 1, 

360,6313,0.001, 0.00819265, 0.0184179, 0.0315623, 0.0446363, 0.0481269, 0.0556892, 0.086916, 0.102836, 0.111185, 0.125094, 0.155556, 0.174407, 0.216804, 0.230786, 0.316706, 0.433084, 0.490221, 0.497485, 0.528548, 0.606142, 0.61366, 0.65279, 0.681169, 0.702215, 0.712206, 0.775168, 0.837565, 0.915649, 0.968288, 1, 

345,12550,0.001, 0.0202125, 0.0210501, 0.064674, 0.0806926, 0.608561, 0.694494, 0.780879, 0.74403, 0.862441, 0.901519, 0.914895, 1, 

342,22872,0.001, 0.0305149, 0.0681247, 0.0716735, 0.0718163, 0.0780902, 0.0803308, 0.115263, 0.168016, 0.215888, 0.330982, 0.769654, 0.774722, 0.78342, 0.885364, 0.984847, 1, 

346,9433,0.001, 0.00819265, 0.0184179, 0.432827, 0.0801028, 0.0957928, 0.106079, 0.112459, 0.22186, 0.320273, 0.347321, 0.769654, 0.774722, 0.78342, 0.885364, 0.984847, 1, 

Generation #3
351,6361,0.001, 0.00736545, 0.0235752, 0.0374977, 0.0519681, 0.0539254, 0.0663054, 0.124568, 0.153773, 0.161111, 0.169751, 0.252839, 0.339988, 0.352458, 0.396749, 0.478191, 0.611575, 0.648978, 0.678341, 0.679394, 0.769613, 0.776254, 0.853626, 0.869789, 0.935334, 0.96156, 0.99086, 1, 

360,6313,0.001, 0.00819265, 0.0184179, 0.0315623, 0.0446363, 0.0481269, 0.0556892, 0.086916, 0.102836, 0.111185, 0.125094, 0.155556, 0.174407, 0.216804, 0.230786, 0.316706, 0.433084, 0.490221, 0.497485, 0.528548, 0.606142, 0.61366, 0.65279, 0.681169, 0.702215, 0.712206, 0.775168, 0.837565, 0.915649, 0.968288, 1, 

342,22872,0.001, 0.0305149, 0.0681247, 0.0716735, 0.0718163, 0.0780902, 0.0803308, 0.115263, 0.168016, 0.215888, 0.330982, 0.769654, 0.774722, 0.78342, 0.885364, 0.984847, 1, 

364,5692,0.001, 0.00819265, 0.0235752, 0.0374977, 0.0519681, 0.0539254, 0.0663054, 0.124568, 0.153773, 0.161111, 0.169751, 0.604783, 0.621242, 0.635433, 0.644581, 0.675875, 0.700985, 0.717688, 0.723444, 0.818644, 0.841551, 0.881111, 0.921634, 1, 

345,7436,0.001, 0.00819265, 0.0184179, 0.0315623, 0.0519681, 0.0539254, 0.0663054, 0.124568, 0.153773, 0.161111, 0.169751, 0.604783, 0.621242, 0.635433, 0.644581, 1, 

374,5676,0.001, 0.00819265, 0.0184179, 0.0315623, 0.0446363, 0.0481269, 0.37237, 0.47737, 0.506278, 0.578945, 0.621439, 0.74832, 0.833571, 0.888099, 0.968791, 0.979249, 0.594717, 1, 

Generation #4
351,6361,0.001, 0.00736545, 0.0235752, 0.0374977, 0.0519681, 0.0539254, 0.0663054, 0.124568, 0.153773, 0.161111, 0.169751, 0.252839, 0.339988, 0.352458, 0.396749, 0.478191, 0.611575, 0.648978, 0.678341, 0.679394, 0.769613, 0.776254, 0.853626, 0.869789, 0.935334, 0.96156, 0.99086, 1, 

364,5692,0.001, 0.00819265, 0.0235752, 0.0374977, 0.0519681, 0.0539254, 0.0663054, 0.124568, 0.153773, 0.161111, 0.169751, 0.604783, 0.621242, 0.635433, 0.644581, 0.675875, 0.700985, 0.717688, 0.723444, 0.818644, 0.841551, 0.881111, 0.921634, 1, 

345,7436,0.001, 0.00819265, 0.0184179, 0.0315623, 0.0519681, 0.0539254, 0.0663054, 0.124568, 0.153773, 0.161111, 0.169751, 0.604783, 0.621242, 0.635433, 0.644581, 1, 

359,5770,0.001, 0.00819265, 0.0184179, 0.0315623, 0.0446363, 0.0481269, 0.0556892, 0.086916, 0.102836, 0.111185, 0.125094, 0.155556, 0.774722, 0.78342, 0.885364, 0.984847, 1, 

350,6410,0.001, 0.00982022, 0.0416691, 0.0902504, 0.182008, 0.191561, 0.58585, 0.651614, 0.655404, 0.791212, 0.797281, 1, 

369,5379,0.001, 0.00736545, 0.0235752, 0.0374977, 0.0519681, 0.0539254, 0.0663054, 0.124568, 0.153773, 0.161111, 0.797281, 0.317751, 0.440187, 0.455403, 0.50778, 0.511206, 0.560967, 0.928537, 1, 

340,7741,0.001, 0.00982022, 0.0416691, 0.0902504, 0.182008, 0.191561, 0.389059, 0.430778, 0.469115, 0.495702, 0.556804, 0.662431, 0.746168, 0.833488, 0.86224, 0.914926, 1, 

Generation #5
339,3750,0.001, 0.00819265, 0.0235752, 0.0374977, 0.0519681, 0.0539254, 0.0663054, 0.124568, 0.153773, 0.456004, 1, 

Generation #6
339,3750,0.001, 0.00819265, 0.0235752, 0.0374977, 0.0519681, 0.0539254, 0.0663054, 0.124568, 0.153773, 0.456004, 1, 

Generation #7
339,3750,0.001, 0.00819265, 0.0235752, 0.0374977, 0.0519681, 0.0539254, 0.0663054, 0.124568, 0.153773, 0.456004, 1, 

Generation #8
339,3750,0.001, 0.00819265, 0.0235752, 0.0374977, 0.0519681, 0.0539254, 0.0663054, 0.124568, 0.153773, 0.456004, 1, 

Generation #9
339,3750,0.001, 0.00819265, 0.0235752, 0.0374977, 0.0519681, 0.0539254, 0.0663054, 0.124568, 0.153773, 0.456004, 1, 

335,5961,0.001, 0.00736545, 0.0235752, 0.0374977, 0.0519681, 0.0539254, 0.0663054, 0.124568, 0.153773, 0.161111, 0.169751, 0.396574, 0.418947, 0.888099, 0.968791, 0.979249, 0.174413, 1, 

Generation #10
339,3750,0.001, 0.00819265, 0.0235752, 0.0374977, 0.0519681, 0.0539254, 0.0663054, 0.124568, 0.153773, 0.456004, 1, 

335,5961,0.001, 0.00736545, 0.0235752, 0.0374977, 0.0519681, 0.0539254, 0.0663054, 0.124568, 0.153773, 0.161111, 0.169751, 0.396574, 0.418947, 0.888099, 0.968791, 0.979249, 0.174413, 1, 

Generation #11
339,3750,0.001, 0.00819265, 0.0235752, 0.0374977, 0.0519681, 0.0539254, 0.0663054, 0.124568, 0.153773, 0.456004, 1, 

335,5961,0.001, 0.00736545, 0.0235752, 0.0374977, 0.0519681, 0.0539254, 0.0663054, 0.124568, 0.153773, 0.161111, 0.169751, 0.396574, 0.418947, 0.888099, 0.968791, 0.979249, 0.174413, 1, 

Generation #12
339,3750,0.001, 0.00819265, 0.0235752, 0.0374977, 0.0519681, 0.0539254, 0.0663054, 0.124568, 0.153773, 0.456004, 1, 

335,5961,0.001, 0.00736545, 0.0235752, 0.0374977, 0.0519681, 0.0539254, 0.0663054, 0.124568, 0.153773, 0.161111, 0.169751, 0.396574, 0.418947, 0.888099, 0.968791, 0.979249, 0.174413, 1, 

Generation #13
339,3750,0.001, 0.00819265, 0.0235752, 0.0374977, 0.0519681, 0.0539254, 0.0663054, 0.124568, 0.153773, 0.456004, 1, 

335,5961,0.001, 0.00736545, 0.0235752, 0.0374977, 0.0519681, 0.0539254, 0.0663054, 0.124568, 0.153773, 0.161111, 0.169751, 0.396574, 0.418947, 0.888099, 0.968791, 0.979249, 0.174413, 1, 

Generation #14
339,3750,0.001, 0.00819265, 0.0235752, 0.0374977, 0.0519681, 0.0539254, 0.0663054, 0.124568, 0.153773, 0.456004, 1, 

335,5961,0.001, 0.00736545, 0.0235752, 0.0374977, 0.0519681, 0.0539254, 0.0663054, 0.124568, 0.153773, 0.161111, 0.169751, 0.396574, 0.418947, 0.888099, 0.968791, 0.979249, 0.174413, 1, 

332,9170,0.001, 0.00982022, 0.0416691, 0.0902504, 0.0718163, 0.0780902, 0.0663054, 0.086916, 0.102836, 0.111185, 0.125094, 0.155556, 0.78342, 0.885364, 0.984847, 1, 

Generation #15
339,3750,0.001, 0.00819265, 0.0235752, 0.0374977, 0.0519681, 0.0539254, 0.0663054, 0.124568, 0.153773, 0.456004, 1, 

335,5961,0.001, 0.00736545, 0.0235752, 0.0374977, 0.0519681, 0.0539254, 0.0663054, 0.124568, 0.153773, 0.161111, 0.169751, 0.396574, 0.418947, 0.888099, 0.968791, 0.979249, 0.174413, 1, 

332,9170,0.001, 0.00982022, 0.0416691, 0.0902504, 0.0718163, 0.0780902, 0.0663054, 0.086916, 0.102836, 0.111185, 0.125094, 0.155556, 0.78342, 0.885364, 0.984847, 1, 

334,9148,0.001, 0.00819265, 0.0235752, 0.0902504, 0.191561, 0.299547, 0.124568, 0.153773, 0.456004, 1, 

Generation #16
339,3750,0.001, 0.00819265, 0.0235752, 0.0374977, 0.0519681, 0.0539254, 0.0663054, 0.124568, 0.153773, 0.456004, 1, 

335,5961,0.001, 0.00736545, 0.0235752, 0.0374977, 0.0519681, 0.0539254, 0.0663054, 0.124568, 0.153773, 0.161111, 0.169751, 0.396574, 0.418947, 0.888099, 0.968791, 0.979249, 0.174413, 1, 

332,9170,0.001, 0.00982022, 0.0416691, 0.0902504, 0.0718163, 0.0780902, 0.0663054, 0.086916, 0.102836, 0.111185, 0.125094, 0.155556, 0.78342, 0.885364, 0.984847, 1, 

334,9148,0.001, 0.00819265, 0.0235752, 0.0902504, 0.191561, 0.299547, 0.124568, 0.153773, 0.456004, 1, 

349,3620,0.001, 0.00736545, 0.0235752, 0.0374977, 0.0519681, 0.0803308, 0.0663054, 0.124568, 0.153773, 0.161111, 0.169751, 0.252839, 0.339988, 0.352458, 0.396749, 0.478191, 0.611575, 0.648978, 0.678341, 0.679394, 0.769613, 0.881111, 0.921634, 1, 

Generation #17
339,3750,0.001, 0.00819265, 0.0235752, 0.0374977, 0.0519681, 0.0539254, 0.0663054, 0.124568, 0.153773, 0.456004, 1, 

335,5961,0.001, 0.00736545, 0.0235752, 0.0374977, 0.0519681, 0.0539254, 0.0663054, 0.124568, 0.153773, 0.161111, 0.169751, 0.396574, 0.418947, 0.888099, 0.968791, 0.979249, 0.174413, 1, 

332,9170,0.001, 0.00982022, 0.0416691, 0.0902504, 0.0718163, 0.0780902, 0.0663054, 0.086916, 0.102836, 0.111185, 0.125094, 0.155556, 0.78342, 0.885364, 0.984847, 1, 

334,9148,0.001, 0.00819265, 0.0235752, 0.0902504, 0.191561, 0.299547, 0.124568, 0.153773, 0.456004, 1, 

349,3620,0.001, 0.00736545, 0.0235752, 0.0374977, 0.0519681, 0.0803308, 0.0663054, 0.124568, 0.153773, 0.161111, 0.169751, 0.252839, 0.339988, 0.352458, 0.396749, 0.478191, 0.611575, 0.648978, 0.678341, 0.679394, 0.769613, 0.881111, 0.921634, 1, 

338,4840,0.001, 0.00819265, 0.0235752, 0.0374977, 0.0539254, 0.0663054, 0.124568, 0.153773, 0.161111, 0.492398, 0.52426, 0.590773, 0.637038, 0.731322, 0.899375, 1, 

Generation #18
339,3750,0.001, 0.00819265, 0.0235752, 0.0374977, 0.0519681, 0.0539254, 0.0663054, 0.124568, 0.153773, 0.456004, 1, 

335,5961,0.001, 0.00736545, 0.0235752, 0.0374977, 0.0519681, 0.0539254, 0.0663054, 0.124568, 0.153773, 0.161111, 0.169751, 0.396574, 0.418947, 0.888099, 0.968791, 0.979249, 0.174413, 1, 

349,3620,0.001, 0.00736545, 0.0235752, 0.0374977, 0.0519681, 0.0803308, 0.0663054, 0.124568, 0.153773, 0.161111, 0.169751, 0.252839, 0.339988, 0.352458, 0.396749, 0.478191, 0.611575, 0.648978, 0.678341, 0.679394, 0.769613, 0.881111, 0.921634, 1, 

338,4840,0.001, 0.00819265, 0.0235752, 0.0374977, 0.0539254, 0.0663054, 0.124568, 0.153773, 0.161111, 0.492398, 0.52426, 0.590773, 0.637038, 0.731322, 0.899375, 1, 

329,6132,0.001, 0.00736545, 0.0235752, 0.0374977, 0.0519681, 0.0803308, 0.0663054, 0.124568, 0.153773, 0.161111, 0.169751, 0.252839, 0.339988, 0.635433, 0.644581, 1, 

Generation #19
339,3750,0.001, 0.00819265, 0.0235752, 0.0374977, 0.0519681, 0.0539254, 0.0663054, 0.124568, 0.153773, 0.456004, 1, 

335,5961,0.001, 0.00736545, 0.0235752, 0.0374977, 0.0519681, 0.0539254, 0.0663054, 0.124568, 0.153773, 0.161111, 0.169751, 0.396574, 0.418947, 0.888099, 0.968791, 0.979249, 0.174413, 1, 

349,3620,0.001, 0.00736545, 0.0235752, 0.0374977, 0.0519681, 0.0803308, 0.0663054, 0.124568, 0.153773, 0.161111, 0.169751, 0.252839, 0.339988, 0.352458, 0.396749, 0.478191, 0.611575, 0.648978, 0.678341, 0.679394, 0.769613, 0.881111, 0.921634, 1, 

338,4840,0.001, 0.00819265, 0.0235752, 0.0374977, 0.0539254, 0.0663054, 0.124568, 0.153773, 0.161111, 0.492398, 0.52426, 0.590773, 0.637038, 0.731322, 0.899375, 1, 

329,6132,0.001, 0.00736545, 0.0235752, 0.0374977, 0.0519681, 0.0803308, 0.0663054, 0.124568, 0.153773, 0.161111, 0.169751, 0.252839, 0.339988, 0.635433, 0.644581, 1, 

Generation #20
339,3750,0.001, 0.00819265, 0.0235752, 0.0374977, 0.0519681, 0.0539254, 0.0663054, 0.124568, 0.153773, 0.456004, 1, 

335,5961,0.001, 0.00736545, 0.0235752, 0.0374977, 0.0519681, 0.0539254, 0.0663054, 0.124568, 0.153773, 0.161111, 0.169751, 0.396574, 0.418947, 0.888099, 0.968791, 0.979249, 0.174413, 1, 

349,3620,0.001, 0.00736545, 0.0235752, 0.0374977, 0.0519681, 0.0803308, 0.0663054, 0.124568, 0.153773, 0.161111, 0.169751, 0.252839, 0.339988, 0.352458, 0.396749, 0.478191, 0.611575, 0.648978, 0.678341, 0.679394, 0.769613, 0.881111, 0.921634, 1, 

338,4840,0.001, 0.00819265, 0.0235752, 0.0374977, 0.0539254, 0.0663054, 0.124568, 0.153773, 0.161111, 0.492398, 0.52426, 0.590773, 0.637038, 0.731322, 0.899375, 1, 

329,6132,0.001, 0.00736545, 0.0235752, 0.0374977, 0.0519681, 0.0803308, 0.0663054, 0.124568, 0.153773, 0.161111, 0.169751, 0.252839, 0.339988, 0.635433, 0.644581, 1, 

Generation #21
339,3750,0.001, 0.00819265, 0.0235752, 0.0374977, 0.0519681, 0.0539254, 0.0663054, 0.124568, 0.153773, 0.456004, 1, 

335,5961,0.001, 0.00736545, 0.0235752, 0.0374977, 0.0519681, 0.0539254, 0.0663054, 0.124568, 0.153773, 0.161111, 0.169751, 0.396574, 0.418947, 0.888099, 0.968791, 0.979249, 0.174413, 1, 

349,3620,0.001, 0.00736545, 0.0235752, 0.0374977, 0.0519681, 0.0803308, 0.0663054, 0.124568, 0.153773, 0.161111, 0.169751, 0.252839, 0.339988, 0.352458, 0.396749, 0.478191, 0.611575, 0.648978, 0.678341, 0.679394, 0.769613, 0.881111, 0.921634, 1, 

338,4840,0.001, 0.00819265, 0.0235752, 0.0374977, 0.0539254, 0.0663054, 0.124568, 0.153773, 0.161111, 0.492398, 0.52426, 0.590773, 0.637038, 0.731322, 0.899375, 1, 

329,6132,0.001, 0.00736545, 0.0235752, 0.0374977, 0.0519681, 0.0803308, 0.0663054, 0.124568, 0.153773, 0.161111, 0.169751, 0.252839, 0.339988, 0.635433, 0.644581, 1, 

354,3440,0.001, 0.00819265, 0.0235752, 0.0374977, 0.0519681, 0.0539254, 0.0663054, 0.124568, 0.153773, 0.161111, 0.169751, 0.914895, 1, 

Generation #22
339,3750,0.001, 0.00819265, 0.0235752, 0.0374977, 0.0519681, 0.0539254, 0.0663054, 0.124568, 0.153773, 0.456004, 1, 

335,5961,0.001, 0.00736545, 0.0235752, 0.0374977, 0.0519681, 0.0539254, 0.0663054, 0.124568, 0.153773, 0.161111, 0.169751, 0.396574, 0.418947, 0.888099, 0.968791, 0.979249, 0.174413, 1, 

349,3620,0.001, 0.00736545, 0.0235752, 0.0374977, 0.0519681, 0.0803308, 0.0663054, 0.124568, 0.153773, 0.161111, 0.169751, 0.252839, 0.339988, 0.352458, 0.396749, 0.478191, 0.611575, 0.648978, 0.678341, 0.679394, 0.769613, 0.881111, 0.921634, 1, 

338,4840,0.001, 0.00819265, 0.0235752, 0.0374977, 0.0539254, 0.0663054, 0.124568, 0.153773, 0.161111, 0.492398, 0.52426, 0.590773, 0.637038, 0.731322, 0.899375, 1, 

329,6132,0.001, 0.00736545, 0.0235752, 0.0374977, 0.0519681, 0.0803308, 0.0663054, 0.124568, 0.153773, 0.161111, 0.169751, 0.252839, 0.339988, 0.635433, 0.644581, 1, 

354,3440,0.001, 0.00819265, 0.0235752, 0.0374977, 0.0519681, 0.0539254, 0.0663054, 0.124568, 0.153773, 0.161111, 0.169751, 0.914895, 1, 

Generation #23
339,3750,0.001, 0.00819265, 0.0235752, 0.0374977, 0.0519681, 0.0539254, 0.0663054, 0.124568, 0.153773, 0.456004, 1, 

335,5961,0.001, 0.00736545, 0.0235752, 0.0374977, 0.0519681, 0.0539254, 0.0663054, 0.124568, 0.153773, 0.161111, 0.169751, 0.396574, 0.418947, 0.888099, 0.968791, 0.979249, 0.174413, 1, 

349,3620,0.001, 0.00736545, 0.0235752, 0.0374977, 0.0519681, 0.0803308, 0.0663054, 0.124568, 0.153773, 0.161111, 0.169751, 0.252839, 0.339988, 0.352458, 0.396749, 0.478191, 0.611575, 0.648978, 0.678341, 0.679394, 0.769613, 0.881111, 0.921634, 1, 

338,4840,0.001, 0.00819265, 0.0235752, 0.0374977, 0.0539254, 0.0663054, 0.124568, 0.153773, 0.161111, 0.492398, 0.52426, 0.590773, 0.637038, 0.731322, 0.899375, 1, 

329,6132,0.001, 0.00736545, 0.0235752, 0.0374977, 0.0519681, 0.0803308, 0.0663054, 0.124568, 0.153773, 0.161111, 0.169751, 0.252839, 0.339988, 0.635433, 0.644581, 1, 

354,3440,0.001, 0.00819265, 0.0235752, 0.0374977, 0.0519681, 0.0539254, 0.0663054, 0.124568, 0.153773, 0.161111, 0.169751, 0.914895, 1, 

Generation #24
339,3750,0.001, 0.00819265, 0.0235752, 0.0374977, 0.0519681, 0.0539254, 0.0663054, 0.124568, 0.153773, 0.456004, 1, 

335,5961,0.001, 0.00736545, 0.0235752, 0.0374977, 0.0519681, 0.0539254, 0.0663054, 0.124568, 0.153773, 0.161111, 0.169751, 0.396574, 0.418947, 0.888099, 0.968791, 0.979249, 0.174413, 1, 

349,3620,0.001, 0.00736545, 0.0235752, 0.0374977, 0.0519681, 0.0803308, 0.0663054, 0.124568, 0.153773, 0.161111, 0.169751, 0.252839, 0.339988, 0.352458, 0.396749, 0.478191, 0.611575, 0.648978, 0.678341, 0.679394, 0.769613, 0.881111, 0.921634, 1, 

338,4840,0.001, 0.00819265, 0.0235752, 0.0374977, 0.0539254, 0.0663054, 0.124568, 0.153773, 0.161111, 0.492398, 0.52426, 0.590773, 0.637038, 0.731322, 0.899375, 1, 

329,6132,0.001, 0.00736545, 0.0235752, 0.0374977, 0.0519681, 0.0803308, 0.0663054, 0.124568, 0.153773, 0.161111, 0.169751, 0.252839, 0.339988, 0.635433, 0.644581, 1, 

354,3440,0.001, 0.00819265, 0.0235752, 0.0374977, 0.0519681, 0.0539254, 0.0663054, 0.124568, 0.153773, 0.161111, 0.169751, 0.914895, 1, 

Generation #25
339,3750,0.001, 0.00819265, 0.0235752, 0.0374977, 0.0519681, 0.0539254, 0.0663054, 0.124568, 0.153773, 0.456004, 1, 

335,5961,0.001, 0.00736545, 0.0235752, 0.0374977, 0.0519681, 0.0539254, 0.0663054, 0.124568, 0.153773, 0.161111, 0.169751, 0.396574, 0.418947, 0.888099, 0.968791, 0.979249, 0.174413, 1, 

349,3620,0.001, 0.00736545, 0.0235752, 0.0374977, 0.0519681, 0.0803308, 0.0663054, 0.124568, 0.153773, 0.161111, 0.169751, 0.252839, 0.339988, 0.352458, 0.396749, 0.478191, 0.611575, 0.648978, 0.678341, 0.679394, 0.769613, 0.881111, 0.921634, 1, 

338,4840,0.001, 0.00819265, 0.0235752, 0.0374977, 0.0539254, 0.0663054, 0.124568, 0.153773, 0.161111, 0.492398, 0.52426, 0.590773, 0.637038, 0.731322, 0.899375, 1, 

329,6132,0.001, 0.00736545, 0.0235752, 0.0374977, 0.0519681, 0.0803308, 0.0663054, 0.124568, 0.153773, 0.161111, 0.169751, 0.252839, 0.339988, 0.635433, 0.644581, 1, 

354,3440,0.001, 0.00819265, 0.0235752, 0.0374977, 0.0519681, 0.0539254, 0.0663054, 0.124568, 0.153773, 0.161111, 0.169751, 0.914895, 1, 

Generation #26
339,3750,0.001, 0.00819265, 0.0235752, 0.0374977, 0.0519681, 0.0539254, 0.0663054, 0.124568, 0.153773, 0.456004, 1, 

335,5961,0.001, 0.00736545, 0.0235752, 0.0374977, 0.0519681, 0.0539254, 0.0663054, 0.124568, 0.153773, 0.161111, 0.169751, 0.396574, 0.418947, 0.888099, 0.968791, 0.979249, 0.174413, 1, 

349,3620,0.001, 0.00736545, 0.0235752, 0.0374977, 0.0519681, 0.0803308, 0.0663054, 0.124568, 0.153773, 0.161111, 0.169751, 0.252839, 0.339988, 0.352458, 0.396749, 0.478191, 0.611575, 0.648978, 0.678341, 0.679394, 0.769613, 0.881111, 0.921634, 1, 

338,4840,0.001, 0.00819265, 0.0235752, 0.0374977, 0.0539254, 0.0663054, 0.124568, 0.153773, 0.161111, 0.492398, 0.52426, 0.590773, 0.637038, 0.731322, 0.899375, 1, 

329,6132,0.001, 0.00736545, 0.0235752, 0.0374977, 0.0519681, 0.0803308, 0.0663054, 0.124568, 0.153773, 0.161111, 0.169751, 0.252839, 0.339988, 0.635433, 0.644581, 1, 

354,3440,0.001, 0.00819265, 0.0235752, 0.0374977, 0.0519681, 0.0539254, 0.0663054, 0.124568, 0.153773, 0.161111, 0.169751, 0.914895, 1, 

Generation #27
339,3750,0.001, 0.00819265, 0.0235752, 0.0374977, 0.0519681, 0.0539254, 0.0663054, 0.124568, 0.153773, 0.456004, 1, 

335,5961,0.001, 0.00736545, 0.0235752, 0.0374977, 0.0519681, 0.0539254, 0.0663054, 0.124568, 0.153773, 0.161111, 0.169751, 0.396574, 0.418947, 0.888099, 0.968791, 0.979249, 0.174413, 1, 

349,3620,0.001, 0.00736545, 0.0235752, 0.0374977, 0.0519681, 0.0803308, 0.0663054, 0.124568, 0.153773, 0.161111, 0.169751, 0.252839, 0.339988, 0.352458, 0.396749, 0.478191, 0.611575, 0.648978, 0.678341, 0.679394, 0.769613, 0.881111, 0.921634, 1, 

338,4840,0.001, 0.00819265, 0.0235752, 0.0374977, 0.0539254, 0.0663054, 0.124568, 0.153773, 0.161111, 0.492398, 0.52426, 0.590773, 0.637038, 0.731322, 0.899375, 1, 

329,6132,0.001, 0.00736545, 0.0235752, 0.0374977, 0.0519681, 0.0803308, 0.0663054, 0.124568, 0.153773, 0.161111, 0.169751, 0.252839, 0.339988, 0.635433, 0.644581, 1, 

354,3345,0.001, 0.00736545, 0.0184179, 0.0374977, 0.0519681, 0.0539254, 0.0556892, 0.438362, 0.086916, 0.102836, 0.111185, 0.125094, 0.252839, 0.339988, 0.0930388, 0.984847, 1, 

327,6150,0.001, 0.00736545, 0.0235752, 0.0374977, 0.0519681, 0.0539254, 0.0663054, 0.124568, 0.153773, 0.161111, 0.169751, 0.914895, 1, 

Generation #28
339,3750,0.001, 0.00819265, 0.0235752, 0.0374977, 0.0519681, 0.0539254, 0.0663054, 0.124568, 0.153773, 0.456004, 1, 

335,5961,0.001, 0.00736545, 0.0235752, 0.0374977, 0.0519681, 0.0539254, 0.0663054, 0.124568, 0.153773, 0.161111, 0.169751, 0.396574, 0.418947, 0.888099, 0.968791, 0.979249, 0.174413, 1, 

349,3620,0.001, 0.00736545, 0.0235752, 0.0374977, 0.0519681, 0.0803308, 0.0663054, 0.124568, 0.153773, 0.161111, 0.169751, 0.252839, 0.339988, 0.352458, 0.396749, 0.478191, 0.611575, 0.648978, 0.678341, 0.679394, 0.769613, 0.881111, 0.921634, 1, 

338,4840,0.001, 0.00819265, 0.0235752, 0.0374977, 0.0539254, 0.0663054, 0.124568, 0.153773, 0.161111, 0.492398, 0.52426, 0.590773, 0.637038, 0.731322, 0.899375, 1, 

329,6132,0.001, 0.00736545, 0.0235752, 0.0374977, 0.0519681, 0.0803308, 0.0663054, 0.124568, 0.153773, 0.161111, 0.169751, 0.252839, 0.339988, 0.635433, 0.644581, 1, 

354,3345,0.001, 0.00736545, 0.0184179, 0.0374977, 0.0519681, 0.0539254, 0.0556892, 0.438362, 0.086916, 0.102836, 0.111185, 0.125094, 0.252839, 0.339988, 0.0930388, 0.984847, 1, 

327,6150,0.001, 0.00736545, 0.0235752, 0.0374977, 0.0519681, 0.0539254, 0.0663054, 0.124568, 0.153773, 0.161111, 0.169751, 0.914895, 1, 

Generation #29
339,3750,0.001, 0.00819265, 0.0235752, 0.0374977, 0.0519681, 0.0539254, 0.0663054, 0.124568, 0.153773, 0.456004, 1, 

335,5961,0.001, 0.00736545, 0.0235752, 0.0374977, 0.0519681, 0.0539254, 0.0663054, 0.124568, 0.153773, 0.161111, 0.169751, 0.396574, 0.418947, 0.888099, 0.968791, 0.979249, 0.174413, 1, 

349,3620,0.001, 0.00736545, 0.0235752, 0.0374977, 0.0519681, 0.0803308, 0.0663054, 0.124568, 0.153773, 0.161111, 0.169751, 0.252839, 0.339988, 0.352458, 0.396749, 0.478191, 0.611575, 0.648978, 0.678341, 0.679394, 0.769613, 0.881111, 0.921634, 1, 

338,4840,0.001, 0.00819265, 0.0235752, 0.0374977, 0.0539254, 0.0663054, 0.124568, 0.153773, 0.161111, 0.492398, 0.52426, 0.590773, 0.637038, 0.731322, 0.899375, 1, 

329,6132,0.001, 0.00736545, 0.0235752, 0.0374977, 0.0519681, 0.0803308, 0.0663054, 0.124568, 0.153773, 0.161111, 0.169751, 0.252839, 0.339988, 0.635433, 0.644581, 1, 

354,3345,0.001, 0.00736545, 0.0184179, 0.0374977, 0.0519681, 0.0539254, 0.0556892, 0.438362, 0.086916, 0.102836, 0.111185, 0.125094, 0.252839, 0.339988, 0.0930388, 0.984847, 1, 

327,6150,0.001, 0.00736545, 0.0235752, 0.0374977, 0.0519681, 0.0539254, 0.0663054, 0.124568, 0.153773, 0.161111, 0.169751, 0.914895, 1, 

Generation #30
339,3750,0.001, 0.00819265, 0.0235752, 0.0374977, 0.0519681, 0.0539254, 0.0663054, 0.124568, 0.153773, 0.456004, 1, 

335,5961,0.001, 0.00736545, 0.0235752, 0.0374977, 0.0519681, 0.0539254, 0.0663054, 0.124568, 0.153773, 0.161111, 0.169751, 0.396574, 0.418947, 0.888099, 0.968791, 0.979249, 0.174413, 1, 

349,3620,0.001, 0.00736545, 0.0235752, 0.0374977, 0.0519681, 0.0803308, 0.0663054, 0.124568, 0.153773, 0.161111, 0.169751, 0.252839, 0.339988, 0.352458, 0.396749, 0.478191, 0.611575, 0.648978, 0.678341, 0.679394, 0.769613, 0.881111, 0.921634, 1, 

338,4840,0.001, 0.00819265, 0.0235752, 0.0374977, 0.0539254, 0.0663054, 0.124568, 0.153773, 0.161111, 0.492398, 0.52426, 0.590773, 0.637038, 0.731322, 0.899375, 1, 

329,6132,0.001, 0.00736545, 0.0235752, 0.0374977, 0.0519681, 0.0803308, 0.0663054, 0.124568, 0.153773, 0.161111, 0.169751, 0.252839, 0.339988, 0.635433, 0.644581, 1, 

354,3345,0.001, 0.00736545, 0.0184179, 0.0374977, 0.0519681, 0.0539254, 0.0556892, 0.438362, 0.086916, 0.102836, 0.111185, 0.125094, 0.252839, 0.339988, 0.0930388, 0.984847, 1, 

327,6150,0.001, 0.00736545, 0.0235752, 0.0374977, 0.0519681, 0.0539254, 0.0663054, 0.124568, 0.153773, 0.161111, 0.169751, 0.914895, 1, 

Generation #31
339,3750,0.001, 0.00819265, 0.0235752, 0.0374977, 0.0519681, 0.0539254, 0.0663054, 0.124568, 0.153773, 0.456004, 1, 

349,3620,0.001, 0.00736545, 0.0235752, 0.0374977, 0.0519681, 0.0803308, 0.0663054, 0.124568, 0.153773, 0.161111, 0.169751, 0.252839, 0.339988, 0.352458, 0.396749, 0.478191, 0.611575, 0.648978, 0.678341, 0.679394, 0.769613, 0.881111, 0.921634, 1, 

329,6132,0.001, 0.00736545, 0.0235752, 0.0374977, 0.0519681, 0.0803308, 0.0663054, 0.124568, 0.153773, 0.161111, 0.169751, 0.252839, 0.339988, 0.635433, 0.644581, 1, 

354,3345,0.001, 0.00736545, 0.0184179, 0.0374977, 0.0519681, 0.0539254, 0.0556892, 0.438362, 0.086916, 0.102836, 0.111185, 0.125094, 0.252839, 0.339988, 0.0930388, 0.984847, 1, 

327,6150,0.001, 0.00736545, 0.0235752, 0.0374977, 0.0519681, 0.0539254, 0.0663054, 0.124568, 0.153773, 0.161111, 0.169751, 0.914895, 1, 

335,5763,0.001, 0.00736545, 0.0184179, 0.0374977, 0.0519681, 0.0539254, 0.0663054, 0.124568, 0.153773, 0.161111, 0.169751, 0.914895, 1, 

332,5972,0.001, 0.00736545, 0.0235752, 0.0374977, 0.0519681, 0.0539254, 0.0556892, 0.086916, 0.153773, 0.161111, 0.169751, 0.604783, 0.621242, 0.635433, 0.644581, 1, 

337,4159,0.001, 0.00736545, 0.0235752, 0.0374977, 0.0519681, 0.0803308, 0.0663054, 0.124568, 0.153773, 0.161111, 0.169751, 0.200133, 0.252839, 0.339988, 0.352458, 0.396749, 0.478191, 0.611575, 1, 

Generation #32
339,3750,0.001, 0.00819265, 0.0235752, 0.0374977, 0.0519681, 0.0539254, 0.0663054, 0.124568, 0.153773, 0.456004, 1, 

349,3620,0.001, 0.00736545, 0.0235752, 0.0374977, 0.0519681, 0.0803308, 0.0663054, 0.124568, 0.153773, 0.161111, 0.169751, 0.252839, 0.339988, 0.352458, 0.396749, 0.478191, 0.611575, 0.648978, 0.678341, 0.679394, 0.769613, 0.881111, 0.921634, 1, 

329,6132,0.001, 0.00736545, 0.0235752, 0.0374977, 0.0519681, 0.0803308, 0.0663054, 0.124568, 0.153773, 0.161111, 0.169751, 0.252839, 0.339988, 0.635433, 0.644581, 1, 

354,3345,0.001, 0.00736545, 0.0184179, 0.0374977, 0.0519681, 0.0539254, 0.0556892, 0.438362, 0.086916, 0.102836, 0.111185, 0.125094, 0.252839, 0.339988, 0.0930388, 0.984847, 1, 

327,6150,0.001, 0.00736545, 0.0235752, 0.0374977, 0.0519681, 0.0539254, 0.0663054, 0.124568, 0.153773, 0.161111, 0.169751, 0.914895, 1, 

335,5763,0.001, 0.00736545, 0.0184179, 0.0374977, 0.0519681, 0.0539254, 0.0663054, 0.124568, 0.153773, 0.161111, 0.169751, 0.914895, 1, 

332,5972,0.001, 0.00736545, 0.0235752, 0.0374977, 0.0519681, 0.0539254, 0.0556892, 0.086916, 0.153773, 0.161111, 0.169751, 0.604783, 0.621242, 0.635433, 0.644581, 1, 

337,4159,0.001, 0.00736545, 0.0235752, 0.0374977, 0.0519681, 0.0803308, 0.0663054, 0.124568, 0.153773, 0.161111, 0.169751, 0.200133, 0.252839, 0.339988, 0.352458, 0.396749, 0.478191, 0.611575, 1, 

Generation #33
339,3750,0.001, 0.00819265, 0.0235752, 0.0374977, 0.0519681, 0.0539254, 0.0663054, 0.124568, 0.153773, 0.456004, 1, 

349,3620,0.001, 0.00736545, 0.0235752, 0.0374977, 0.0519681, 0.0803308, 0.0663054, 0.124568, 0.153773, 0.161111, 0.169751, 0.252839, 0.339988, 0.352458, 0.396749, 0.478191, 0.611575, 0.648978, 0.678341, 0.679394, 0.769613, 0.881111, 0.921634, 1, 

329,6132,0.001, 0.00736545, 0.0235752, 0.0374977, 0.0519681, 0.0803308, 0.0663054, 0.124568, 0.153773, 0.161111, 0.169751, 0.252839, 0.339988, 0.635433, 0.644581, 1, 

354,3345,0.001, 0.00736545, 0.0184179, 0.0374977, 0.0519681, 0.0539254, 0.0556892, 0.438362, 0.086916, 0.102836, 0.111185, 0.125094, 0.252839, 0.339988, 0.0930388, 0.984847, 1, 

327,6150,0.001, 0.00736545, 0.0235752, 0.0374977, 0.0519681, 0.0539254, 0.0663054, 0.124568, 0.153773, 0.161111, 0.169751, 0.914895, 1, 

335,5763,0.001, 0.00736545, 0.0184179, 0.0374977, 0.0519681, 0.0539254, 0.0663054, 0.124568, 0.153773, 0.161111, 0.169751, 0.914895, 1, 

332,5972,0.001, 0.00736545, 0.0235752, 0.0374977, 0.0519681, 0.0539254, 0.0556892, 0.086916, 0.153773, 0.161111, 0.169751, 0.604783, 0.621242, 0.635433, 0.644581, 1, 

337,4159,0.001, 0.00736545, 0.0235752, 0.0374977, 0.0519681, 0.0803308, 0.0663054, 0.124568, 0.153773, 0.161111, 0.169751, 0.200133, 0.252839, 0.339988, 0.352458, 0.396749, 0.478191, 0.611575, 1, 

Generation #34
339,3750,0.001, 0.00819265, 0.0235752, 0.0374977, 0.0519681, 0.0539254, 0.0663054, 0.124568, 0.153773, 0.456004, 1, 

349,3620,0.001, 0.00736545, 0.0235752, 0.0374977, 0.0519681, 0.0803308, 0.0663054, 0.124568, 0.153773, 0.161111, 0.169751, 0.252839, 0.339988, 0.352458, 0.396749, 0.478191, 0.611575, 0.648978, 0.678341, 0.679394, 0.769613, 0.881111, 0.921634, 1, 

329,6132,0.001, 0.00736545, 0.0235752, 0.0374977, 0.0519681, 0.0803308, 0.0663054, 0.124568, 0.153773, 0.161111, 0.169751, 0.252839, 0.339988, 0.635433, 0.644581, 1, 

354,3345,0.001, 0.00736545, 0.0184179, 0.0374977, 0.0519681, 0.0539254, 0.0556892, 0.438362, 0.086916, 0.102836, 0.111185, 0.125094, 0.252839, 0.339988, 0.0930388, 0.984847, 1, 

327,6150,0.001, 0.00736545, 0.0235752, 0.0374977, 0.0519681, 0.0539254, 0.0663054, 0.124568, 0.153773, 0.161111, 0.169751, 0.914895, 1, 

332,5972,0.001, 0.00736545, 0.0235752, 0.0374977, 0.0519681, 0.0539254, 0.0556892, 0.086916, 0.153773, 0.161111, 0.169751, 0.604783, 0.621242, 0.635433, 0.644581, 1, 

337,4159,0.001, 0.00736545, 0.0235752, 0.0374977, 0.0519681, 0.0803308, 0.0663054, 0.124568, 0.153773, 0.161111, 0.169751, 0.200133, 0.252839, 0.339988, 0.352458, 0.396749, 0.478191, 0.611575, 1, 

333,5789,0.001, 0.00736545, 0.0235752, 0.0374977, 0.0519681, 0.0539254, 0.0663054, 0.124568, 0.153773, 0.161111, 0.169751, 0.200133, 0.252839, 0.339988, 0.352458, 0.396749, 0.478191, 0.611575, 1, 

334,5481,0.001, 0.00736545, 0.0235752, 0.0374977, 0.0519681, 0.0539254, 0.0663054, 0.124568, 0.153773, 0.161111, 0.169751, 0.989688, 1, 

Generation #35
339,3750,0.001, 0.00819265, 0.0235752, 0.0374977, 0.0519681, 0.0539254, 0.0663054, 0.124568, 0.153773, 0.456004, 1, 

349,3620,0.001, 0.00736545, 0.0235752, 0.0374977, 0.0519681, 0.0803308, 0.0663054, 0.124568, 0.153773, 0.161111, 0.169751, 0.252839, 0.339988, 0.352458, 0.396749, 0.478191, 0.611575, 0.648978, 0.678341, 0.679394, 0.769613, 0.881111, 0.921634, 1, 

329,6132,0.001, 0.00736545, 0.0235752, 0.0374977, 0.0519681, 0.0803308, 0.0663054, 0.124568, 0.153773, 0.161111, 0.169751, 0.252839, 0.339988, 0.635433, 0.644581, 1, 

354,3345,0.001, 0.00736545, 0.0184179, 0.0374977, 0.0519681, 0.0539254, 0.0556892, 0.438362, 0.086916, 0.102836, 0.111185, 0.125094, 0.252839, 0.339988, 0.0930388, 0.984847, 1, 

327,6150,0.001, 0.00736545, 0.0235752, 0.0374977, 0.0519681, 0.0539254, 0.0663054, 0.124568, 0.153773, 0.161111, 0.169751, 0.914895, 1, 

336,3785,0.001, 0.00736545, 0.0235752, 0.0374977, 0.0519681, 0.0539254, 0.0663054, 0.124568, 0.153773, 0.285025, 0.169751, 0.252839, 0.339988, 0.0930388, 0.833488, 0.86224, 0.914926, 1, 

330,3819,0.001, 0.00736545, 0.0235752, 0.0374977, 0.0519681, 0.0539254, 0.0663054, 0.124568, 0.153773, 0.161111, 0.169751, 0.200133, 0.252839, 0.339988, 0.352458, 0.396749, 0.478191, 0.611575, 1, 

Generation #36
339,3750,0.001, 0.00819265, 0.0235752, 0.0374977, 0.0519681, 0.0539254, 0.0663054, 0.124568, 0.153773, 0.456004, 1, 

349,3620,0.001, 0.00736545, 0.0235752, 0.0374977, 0.0519681, 0.0803308, 0.0663054, 0.124568, 0.153773, 0.161111, 0.169751, 0.252839, 0.339988, 0.352458, 0.396749, 0.478191, 0.611575, 0.648978, 0.678341, 0.679394, 0.769613, 0.881111, 0.921634, 1, 

329,6132,0.001, 0.00736545, 0.0235752, 0.0374977, 0.0519681, 0.0803308, 0.0663054, 0.124568, 0.153773, 0.161111, 0.169751, 0.252839, 0.339988, 0.635433, 0.644581, 1, 

354,3345,0.001, 0.00736545, 0.0184179, 0.0374977, 0.0519681, 0.0539254, 0.0556892, 0.438362, 0.086916, 0.102836, 0.111185, 0.125094, 0.252839, 0.339988, 0.0930388, 0.984847, 1, 

327,6150,0.001, 0.00736545, 0.0235752, 0.0374977, 0.0519681, 0.0539254, 0.0663054, 0.124568, 0.153773, 0.161111, 0.169751, 0.914895, 1, 

336,3785,0.001, 0.00736545, 0.0235752, 0.0374977, 0.0519681, 0.0539254, 0.0663054, 0.124568, 0.153773, 0.285025, 0.169751, 0.252839, 0.339988, 0.0930388, 0.833488, 0.86224, 0.914926, 1, 

330,3819,0.001, 0.00736545, 0.0235752, 0.0374977, 0.0519681, 0.0539254, 0.0663054, 0.124568, 0.153773, 0.161111, 0.169751, 0.200133, 0.252839, 0.339988, 0.352458, 0.396749, 0.478191, 0.611575, 1, 

Generation #37
339,3750,0.001, 0.00819265, 0.0235752, 0.0374977, 0.0519681, 0.0539254, 0.0663054, 0.124568, 0.153773, 0.456004, 1, 

349,3620,0.001, 0.00736545, 0.0235752, 0.0374977, 0.0519681, 0.0803308, 0.0663054, 0.124568, 0.153773, 0.161111, 0.169751, 0.252839, 0.339988, 0.352458, 0.396749, 0.478191, 0.611575, 0.648978, 0.678341, 0.679394, 0.769613, 0.881111, 0.921634, 1, 

329,6132,0.001, 0.00736545, 0.0235752, 0.0374977, 0.0519681, 0.0803308, 0.0663054, 0.124568, 0.153773, 0.161111, 0.169751, 0.252839, 0.339988, 0.635433, 0.644581, 1, 

354,3345,0.001, 0.00736545, 0.0184179, 0.0374977, 0.0519681, 0.0539254, 0.0556892, 0.438362, 0.086916, 0.102836, 0.111185, 0.125094, 0.252839, 0.339988, 0.0930388, 0.984847, 1, 

327,6150,0.001, 0.00736545, 0.0235752, 0.0374977, 0.0519681, 0.0539254, 0.0663054, 0.124568, 0.153773, 0.161111, 0.169751, 0.914895, 1, 

336,3785,0.001, 0.00736545, 0.0235752, 0.0374977, 0.0519681, 0.0539254, 0.0663054, 0.124568, 0.153773, 0.285025, 0.169751, 0.252839, 0.339988, 0.0930388, 0.833488, 0.86224, 0.914926, 1, 

330,3819,0.001, 0.00736545, 0.0235752, 0.0374977, 0.0519681, 0.0539254, 0.0663054, 0.124568, 0.153773, 0.161111, 0.169751, 0.200133, 0.252839, 0.339988, 0.352458, 0.396749, 0.478191, 0.611575, 1, 

Generation #38
339,3750,0.001, 0.00819265, 0.0235752, 0.0374977, 0.0519681, 0.0539254, 0.0663054, 0.124568, 0.153773, 0.456004, 1, 

349,3620,0.001, 0.00736545, 0.0235752, 0.0374977, 0.0519681, 0.0803308, 0.0663054, 0.124568, 0.153773, 0.161111, 0.169751, 0.252839, 0.339988, 0.352458, 0.396749, 0.478191, 0.611575, 0.648978, 0.678341, 0.679394, 0.769613, 0.881111, 0.921634, 1, 

329,6132,0.001, 0.00736545, 0.0235752, 0.0374977, 0.0519681, 0.0803308, 0.0663054, 0.124568, 0.153773, 0.161111, 0.169751, 0.252839, 0.339988, 0.635433, 0.644581, 1, 

354,3345,0.001, 0.00736545, 0.0184179, 0.0374977, 0.0519681, 0.0539254, 0.0556892, 0.438362, 0.086916, 0.102836, 0.111185, 0.125094, 0.252839, 0.339988, 0.0930388, 0.984847, 1, 

327,6150,0.001, 0.00736545, 0.0235752, 0.0374977, 0.0519681, 0.0539254, 0.0663054, 0.124568, 0.153773, 0.161111, 0.169751, 0.914895, 1, 

336,3785,0.001, 0.00736545, 0.0235752, 0.0374977, 0.0519681, 0.0539254, 0.0663054, 0.124568, 0.153773, 0.285025, 0.169751, 0.252839, 0.339988, 0.0930388, 0.833488, 0.86224, 0.914926, 1, 

330,3819,0.001, 0.00736545, 0.0235752, 0.0374977, 0.0519681, 0.0539254, 0.0663054, 0.124568, 0.153773, 0.161111, 0.169751, 0.200133, 0.252839, 0.339988, 0.352458, 0.396749, 0.478191, 0.611575, 1, 

Generation #39
339,3750,0.001, 0.00819265, 0.0235752, 0.0374977, 0.0519681, 0.0539254, 0.0663054, 0.124568, 0.153773, 0.456004, 1, 

349,3620,0.001, 0.00736545, 0.0235752, 0.0374977, 0.0519681, 0.0803308, 0.0663054, 0.124568, 0.153773, 0.161111, 0.169751, 0.252839, 0.339988, 0.352458, 0.396749, 0.478191, 0.611575, 0.648978, 0.678341, 0.679394, 0.769613, 0.881111, 0.921634, 1, 

329,6132,0.001, 0.00736545, 0.0235752, 0.0374977, 0.0519681, 0.0803308, 0.0663054, 0.124568, 0.153773, 0.161111, 0.169751, 0.252839, 0.339988, 0.635433, 0.644581, 1, 

354,3345,0.001, 0.00736545, 0.0184179, 0.0374977, 0.0519681, 0.0539254, 0.0556892, 0.438362, 0.086916, 0.102836, 0.111185, 0.125094, 0.252839, 0.339988, 0.0930388, 0.984847, 1, 

327,6150,0.001, 0.00736545, 0.0235752, 0.0374977, 0.0519681, 0.0539254, 0.0663054, 0.124568, 0.153773, 0.161111, 0.169751, 0.914895, 1, 

336,3785,0.001, 0.00736545, 0.0235752, 0.0374977, 0.0519681, 0.0539254, 0.0663054, 0.124568, 0.153773, 0.285025, 0.169751, 0.252839, 0.339988, 0.0930388, 0.833488, 0.86224, 0.914926, 1, 

330,3819,0.001, 0.00736545, 0.0235752, 0.0374977, 0.0519681, 0.0539254, 0.0663054, 0.124568, 0.153773, 0.161111, 0.169751, 0.200133, 0.252839, 0.339988, 0.352458, 0.396749, 0.478191, 0.611575, 1, 

Generation #40
339,3750,0.001, 0.00819265, 0.0235752, 0.0374977, 0.0519681, 0.0539254, 0.0663054, 0.124568, 0.153773, 0.456004, 1, 

349,3620,0.001, 0.00736545, 0.0235752, 0.0374977, 0.0519681, 0.0803308, 0.0663054, 0.124568, 0.153773, 0.161111, 0.169751, 0.252839, 0.339988, 0.352458, 0.396749, 0.478191, 0.611575, 0.648978, 0.678341, 0.679394, 0.769613, 0.881111, 0.921634, 1, 

329,6132,0.001, 0.00736545, 0.0235752, 0.0374977, 0.0519681, 0.0803308, 0.0663054, 0.124568, 0.153773, 0.161111, 0.169751, 0.252839, 0.339988, 0.635433, 0.644581, 1, 

354,3345,0.001, 0.00736545, 0.0184179, 0.0374977, 0.0519681, 0.0539254, 0.0556892, 0.438362, 0.086916, 0.102836, 0.111185, 0.125094, 0.252839, 0.339988, 0.0930388, 0.984847, 1, 

327,6150,0.001, 0.00736545, 0.0235752, 0.0374977, 0.0519681, 0.0539254, 0.0663054, 0.124568, 0.153773, 0.161111, 0.169751, 0.914895, 1, 

336,3785,0.001, 0.00736545, 0.0235752, 0.0374977, 0.0519681, 0.0539254, 0.0663054, 0.124568, 0.153773, 0.285025, 0.169751, 0.252839, 0.339988, 0.0930388, 0.833488, 0.86224, 0.914926, 1, 

330,3819,0.001, 0.00736545, 0.0235752, 0.0374977, 0.0519681, 0.0539254, 0.0663054, 0.124568, 0.153773, 0.161111, 0.169751, 0.200133, 0.252839, 0.339988, 0.352458, 0.396749, 0.478191, 0.611575, 1, 

Generation #41
339,3750,0.001, 0.00819265, 0.0235752, 0.0374977, 0.0519681, 0.0539254, 0.0663054, 0.124568, 0.153773, 0.456004, 1, 

349,3620,0.001, 0.00736545, 0.0235752, 0.0374977, 0.0519681, 0.0803308, 0.0663054, 0.124568, 0.153773, 0.161111, 0.169751, 0.252839, 0.339988, 0.352458, 0.396749, 0.478191, 0.611575, 0.648978, 0.678341, 0.679394, 0.769613, 0.881111, 0.921634, 1, 

329,6132,0.001, 0.00736545, 0.0235752, 0.0374977, 0.0519681, 0.0803308, 0.0663054, 0.124568, 0.153773, 0.161111, 0.169751, 0.252839, 0.339988, 0.635433, 0.644581, 1, 

354,3345,0.001, 0.00736545, 0.0184179, 0.0374977, 0.0519681, 0.0539254, 0.0556892, 0.438362, 0.086916, 0.102836, 0.111185, 0.125094, 0.252839, 0.339988, 0.0930388, 0.984847, 1, 

327,6150,0.001, 0.00736545, 0.0235752, 0.0374977, 0.0519681, 0.0539254, 0.0663054, 0.124568, 0.153773, 0.161111, 0.169751, 0.914895, 1, 

336,3785,0.001, 0.00736545, 0.0235752, 0.0374977, 0.0519681, 0.0539254, 0.0663054, 0.124568, 0.153773, 0.285025, 0.169751, 0.252839, 0.339988, 0.0930388, 0.833488, 0.86224, 0.914926, 1, 

330,3819,0.001, 0.00736545, 0.0235752, 0.0374977, 0.0519681, 0.0539254, 0.0663054, 0.124568, 0.153773, 0.161111, 0.169751, 0.200133, 0.252839, 0.339988, 0.352458, 0.396749, 0.478191, 0.611575, 1, 

Generation #42
339,3750,0.001, 0.00819265, 0.0235752, 0.0374977, 0.0519681, 0.0539254, 0.0663054, 0.124568, 0.153773, 0.456004, 1, 

349,3620,0.001, 0.00736545, 0.0235752, 0.0374977, 0.0519681, 0.0803308, 0.0663054, 0.124568, 0.153773, 0.161111, 0.169751, 0.252839, 0.339988, 0.352458, 0.396749, 0.478191, 0.611575, 0.648978, 0.678341, 0.679394, 0.769613, 0.881111, 0.921634, 1, 

329,6132,0.001, 0.00736545, 0.0235752, 0.0374977, 0.0519681, 0.0803308, 0.0663054, 0.124568, 0.153773, 0.161111, 0.169751, 0.252839, 0.339988, 0.635433, 0.644581, 1, 

354,3345,0.001, 0.00736545, 0.0184179, 0.0374977, 0.0519681, 0.0539254, 0.0556892, 0.438362, 0.086916, 0.102836, 0.111185, 0.125094, 0.252839, 0.339988, 0.0930388, 0.984847, 1, 

327,6150,0.001, 0.00736545, 0.0235752, 0.0374977, 0.0519681, 0.0539254, 0.0663054, 0.124568, 0.153773, 0.161111, 0.169751, 0.914895, 1, 

336,3785,0.001, 0.00736545, 0.0235752, 0.0374977, 0.0519681, 0.0539254, 0.0663054, 0.124568, 0.153773, 0.285025, 0.169751, 0.252839, 0.339988, 0.0930388, 0.833488, 0.86224, 0.914926, 1, 

330,3819,0.001, 0.00736545, 0.0235752, 0.0374977, 0.0519681, 0.0539254, 0.0663054, 0.124568, 0.153773, 0.161111, 0.169751, 0.200133, 0.252839, 0.339988, 0.352458, 0.396749, 0.478191, 0.611575, 1, 

Generation #43
339,3750,0.001, 0.00819265, 0.0235752, 0.0374977, 0.0519681, 0.0539254, 0.0663054, 0.124568, 0.153773, 0.456004, 1, 

349,3620,0.001, 0.00736545, 0.0235752, 0.0374977, 0.0519681, 0.0803308, 0.0663054, 0.124568, 0.153773, 0.161111, 0.169751, 0.252839, 0.339988, 0.352458, 0.396749, 0.478191, 0.611575, 0.648978, 0.678341, 0.679394, 0.769613, 0.881111, 0.921634, 1, 

329,6132,0.001, 0.00736545, 0.0235752, 0.0374977, 0.0519681, 0.0803308, 0.0663054, 0.124568, 0.153773, 0.161111, 0.169751, 0.252839, 0.339988, 0.635433, 0.644581, 1, 

354,3345,0.001, 0.00736545, 0.0184179, 0.0374977, 0.0519681, 0.0539254, 0.0556892, 0.438362, 0.086916, 0.102836, 0.111185, 0.125094, 0.252839, 0.339988, 0.0930388, 0.984847, 1, 

327,6150,0.001, 0.00736545, 0.0235752, 0.0374977, 0.0519681, 0.0539254, 0.0663054, 0.124568, 0.153773, 0.161111, 0.169751, 0.914895, 1, 

336,3785,0.001, 0.00736545, 0.0235752, 0.0374977, 0.0519681, 0.0539254, 0.0663054, 0.124568, 0.153773, 0.285025, 0.169751, 0.252839, 0.339988, 0.0930388, 0.833488, 0.86224, 0.914926, 1, 

330,3819,0.001, 0.00736545, 0.0235752, 0.0374977, 0.0519681, 0.0539254, 0.0663054, 0.124568, 0.153773, 0.161111, 0.169751, 0.200133, 0.252839, 0.339988, 0.352458, 0.396749, 0.478191, 0.611575, 1, 

Generation #44
339,3750,0.001, 0.00819265, 0.0235752, 0.0374977, 0.0519681, 0.0539254, 0.0663054, 0.124568, 0.153773, 0.456004, 1, 

349,3620,0.001, 0.00736545, 0.0235752, 0.0374977, 0.0519681, 0.0803308, 0.0663054, 0.124568, 0.153773, 0.161111, 0.169751, 0.252839, 0.339988, 0.352458, 0.396749, 0.478191, 0.611575, 0.648978, 0.678341, 0.679394, 0.769613, 0.881111, 0.921634, 1, 

329,6132,0.001, 0.00736545, 0.0235752, 0.0374977, 0.0519681, 0.0803308, 0.0663054, 0.124568, 0.153773, 0.161111, 0.169751, 0.252839, 0.339988, 0.635433, 0.644581, 1, 

354,3345,0.001, 0.00736545, 0.0184179, 0.0374977, 0.0519681, 0.0539254, 0.0556892, 0.438362, 0.086916, 0.102836, 0.111185, 0.125094, 0.252839, 0.339988, 0.0930388, 0.984847, 1, 

327,6150,0.001, 0.00736545, 0.0235752, 0.0374977, 0.0519681, 0.0539254, 0.0663054, 0.124568, 0.153773, 0.161111, 0.169751, 0.914895, 1, 

336,3785,0.001, 0.00736545, 0.0235752, 0.0374977, 0.0519681, 0.0539254, 0.0663054, 0.124568, 0.153773, 0.285025, 0.169751, 0.252839, 0.339988, 0.0930388, 0.833488, 0.86224, 0.914926, 1, 

330,3819,0.001, 0.00736545, 0.0235752, 0.0374977, 0.0519681, 0.0539254, 0.0663054, 0.124568, 0.153773, 0.161111, 0.169751, 0.200133, 0.252839, 0.339988, 0.352458, 0.396749, 0.478191, 0.611575, 1, 

Generation #45
339,3750,0.001, 0.00819265, 0.0235752, 0.0374977, 0.0519681, 0.0539254, 0.0663054, 0.124568, 0.153773, 0.456004, 1, 

349,3620,0.001, 0.00736545, 0.0235752, 0.0374977, 0.0519681, 0.0803308, 0.0663054, 0.124568, 0.153773, 0.161111, 0.169751, 0.252839, 0.339988, 0.352458, 0.396749, 0.478191, 0.611575, 0.648978, 0.678341, 0.679394, 0.769613, 0.881111, 0.921634, 1, 

329,6132,0.001, 0.00736545, 0.0235752, 0.0374977, 0.0519681, 0.0803308, 0.0663054, 0.124568, 0.153773, 0.161111, 0.169751, 0.252839, 0.339988, 0.635433, 0.644581, 1, 

354,3345,0.001, 0.00736545, 0.0184179, 0.0374977, 0.0519681, 0.0539254, 0.0556892, 0.438362, 0.086916, 0.102836, 0.111185, 0.125094, 0.252839, 0.339988, 0.0930388, 0.984847, 1, 

327,6150,0.001, 0.00736545, 0.0235752, 0.0374977, 0.0519681, 0.0539254, 0.0663054, 0.124568, 0.153773, 0.161111, 0.169751, 0.914895, 1, 

336,3785,0.001, 0.00736545, 0.0235752, 0.0374977, 0.0519681, 0.0539254, 0.0663054, 0.124568, 0.153773, 0.285025, 0.169751, 0.252839, 0.339988, 0.0930388, 0.833488, 0.86224, 0.914926, 1, 

330,3819,0.001, 0.00736545, 0.0235752, 0.0374977, 0.0519681, 0.0539254, 0.0663054, 0.124568, 0.153773, 0.161111, 0.169751, 0.200133, 0.252839, 0.339988, 0.352458, 0.396749, 0.478191, 0.611575, 1, 

Generation #46
339,3750,0.001, 0.00819265, 0.0235752, 0.0374977, 0.0519681, 0.0539254, 0.0663054, 0.124568, 0.153773, 0.456004, 1, 

349,3620,0.001, 0.00736545, 0.0235752, 0.0374977, 0.0519681, 0.0803308, 0.0663054, 0.124568, 0.153773, 0.161111, 0.169751, 0.252839, 0.339988, 0.352458, 0.396749, 0.478191, 0.611575, 0.648978, 0.678341, 0.679394, 0.769613, 0.881111, 0.921634, 1, 

329,6132,0.001, 0.00736545, 0.0235752, 0.0374977, 0.0519681, 0.0803308, 0.0663054, 0.124568, 0.153773, 0.161111, 0.169751, 0.252839, 0.339988, 0.635433, 0.644581, 1, 

354,3345,0.001, 0.00736545, 0.0184179, 0.0374977, 0.0519681, 0.0539254, 0.0556892, 0.438362, 0.086916, 0.102836, 0.111185, 0.125094, 0.252839, 0.339988, 0.0930388, 0.984847, 1, 

327,6150,0.001, 0.00736545, 0.0235752, 0.0374977, 0.0519681, 0.0539254, 0.0663054, 0.124568, 0.153773, 0.161111, 0.169751, 0.914895, 1, 

336,3785,0.001, 0.00736545, 0.0235752, 0.0374977, 0.0519681, 0.0539254, 0.0663054, 0.124568, 0.153773, 0.285025, 0.169751, 0.252839, 0.339988, 0.0930388, 0.833488, 0.86224, 0.914926, 1, 

330,3819,0.001, 0.00736545, 0.0235752, 0.0374977, 0.0519681, 0.0539254, 0.0663054, 0.124568, 0.153773, 0.161111, 0.169751, 0.200133, 0.252839, 0.339988, 0.352458, 0.396749, 0.478191, 0.611575, 1, 

Generation #47
339,3750,0.001, 0.00819265, 0.0235752, 0.0374977, 0.0519681, 0.0539254, 0.0663054, 0.124568, 0.153773, 0.456004, 1, 

349,3620,0.001, 0.00736545, 0.0235752, 0.0374977, 0.0519681, 0.0803308, 0.0663054, 0.124568, 0.153773, 0.161111, 0.169751, 0.252839, 0.339988, 0.352458, 0.396749, 0.478191, 0.611575, 0.648978, 0.678341, 0.679394, 0.769613, 0.881111, 0.921634, 1, 

329,6132,0.001, 0.00736545, 0.0235752, 0.0374977, 0.0519681, 0.0803308, 0.0663054, 0.124568, 0.153773, 0.161111, 0.169751, 0.252839, 0.339988, 0.635433, 0.644581, 1, 

354,3345,0.001, 0.00736545, 0.0184179, 0.0374977, 0.0519681, 0.0539254, 0.0556892, 0.438362, 0.086916, 0.102836, 0.111185, 0.125094, 0.252839, 0.339988, 0.0930388, 0.984847, 1, 

327,6150,0.001, 0.00736545, 0.0235752, 0.0374977, 0.0519681, 0.0539254, 0.0663054, 0.124568, 0.153773, 0.161111, 0.169751, 0.914895, 1, 

336,3785,0.001, 0.00736545, 0.0235752, 0.0374977, 0.0519681, 0.0539254, 0.0663054, 0.124568, 0.153773, 0.285025, 0.169751, 0.252839, 0.339988, 0.0930388, 0.833488, 0.86224, 0.914926, 1, 

330,3819,0.001, 0.00736545, 0.0235752, 0.0374977, 0.0519681, 0.0539254, 0.0663054, 0.124568, 0.153773, 0.161111, 0.169751, 0.200133, 0.252839, 0.339988, 0.352458, 0.396749, 0.478191, 0.611575, 1, 

Generation #48
339,3750,0.001, 0.00819265, 0.0235752, 0.0374977, 0.0519681, 0.0539254, 0.0663054, 0.124568, 0.153773, 0.456004, 1, 

349,3620,0.001, 0.00736545, 0.0235752, 0.0374977, 0.0519681, 0.0803308, 0.0663054, 0.124568, 0.153773, 0.161111, 0.169751, 0.252839, 0.339988, 0.352458, 0.396749, 0.478191, 0.611575, 0.648978, 0.678341, 0.679394, 0.769613, 0.881111, 0.921634, 1, 

329,6132,0.001, 0.00736545, 0.0235752, 0.0374977, 0.0519681, 0.0803308, 0.0663054, 0.124568, 0.153773, 0.161111, 0.169751, 0.252839, 0.339988, 0.635433, 0.644581, 1, 

354,3345,0.001, 0.00736545, 0.0184179, 0.0374977, 0.0519681, 0.0539254, 0.0556892, 0.438362, 0.086916, 0.102836, 0.111185, 0.125094, 0.252839, 0.339988, 0.0930388, 0.984847, 1, 

327,6150,0.001, 0.00736545, 0.0235752, 0.0374977, 0.0519681, 0.0539254, 0.0663054, 0.124568, 0.153773, 0.161111, 0.169751, 0.914895, 1, 

336,3785,0.001, 0.00736545, 0.0235752, 0.0374977, 0.0519681, 0.0539254, 0.0663054, 0.124568, 0.153773, 0.285025, 0.169751, 0.252839, 0.339988, 0.0930388, 0.833488, 0.86224, 0.914926, 1, 

330,3819,0.001, 0.00736545, 0.0235752, 0.0374977, 0.0519681, 0.0539254, 0.0663054, 0.124568, 0.153773, 0.161111, 0.169751, 0.200133, 0.252839, 0.339988, 0.352458, 0.396749, 0.478191, 0.611575, 1, 

Generation #49
339,3750,0.001, 0.00819265, 0.0235752, 0.0374977, 0.0519681, 0.0539254, 0.0663054, 0.124568, 0.153773, 0.456004, 1, 

349,3620,0.001, 0.00736545, 0.0235752, 0.0374977, 0.0519681, 0.0803308, 0.0663054, 0.124568, 0.153773, 0.161111, 0.169751, 0.252839, 0.339988, 0.352458, 0.396749, 0.478191, 0.611575, 0.648978, 0.678341, 0.679394, 0.769613, 0.881111, 0.921634, 1, 

329,6132,0.001, 0.00736545, 0.0235752, 0.0374977, 0.0519681, 0.0803308, 0.0663054, 0.124568, 0.153773, 0.161111, 0.169751, 0.252839, 0.339988, 0.635433, 0.644581, 1, 

354,3345,0.001, 0.00736545, 0.0184179, 0.0374977, 0.0519681, 0.0539254, 0.0556892, 0.438362, 0.086916, 0.102836, 0.111185, 0.125094, 0.252839, 0.339988, 0.0930388, 0.984847, 1, 

327,6150,0.001, 0.00736545, 0.0235752, 0.0374977, 0.0519681, 0.0539254, 0.0663054, 0.124568, 0.153773, 0.161111, 0.169751, 0.914895, 1, 

336,3785,0.001, 0.00736545, 0.0235752, 0.0374977, 0.0519681, 0.0539254, 0.0663054, 0.124568, 0.153773, 0.285025, 0.169751, 0.252839, 0.339988, 0.0930388, 0.833488, 0.86224, 0.914926, 1, 

330,3819,0.001, 0.00736545, 0.0235752, 0.0374977, 0.0519681, 0.0539254, 0.0663054, 0.124568, 0.153773, 0.161111, 0.169751, 0.200133, 0.252839, 0.339988, 0.352458, 0.396749, 0.478191, 0.611575, 1, 

N total=594, Time total=3998, percents=0.001, 0.00819265, 0.0235752, 0.0374977, 0.0519681, 0.0539254, 0.0663054, 0.124568, 0.153773, 0.456004, 1, 

N total=604, Time total=3868, percents=0.001, 0.00736545, 0.0235752, 0.0374977, 0.0519681, 0.0803308, 0.0663054, 0.124568, 0.153773, 0.161111, 0.169751, 0.252839, 0.339988, 0.352458, 0.396749, 0.478191, 0.611575, 0.648978, 0.678341, 0.679394, 0.769613, 0.881111, 0.921634, 1, 

N total=584, Time total=6380, percents=0.001, 0.00736545, 0.0235752, 0.0374977, 0.0519681, 0.0803308, 0.0663054, 0.124568, 0.153773, 0.161111, 0.169751, 0.252839, 0.339988, 0.635433, 0.644581, 1, 

N total=609, Time total=3593, percents=0.001, 0.00736545, 0.0184179, 0.0374977, 0.0519681, 0.0539254, 0.0556892, 0.438362, 0.086916, 0.102836, 0.111185, 0.125094, 0.252839, 0.339988, 0.0930388, 0.984847, 1, 

N total=582, Time total=6398, percents=0.001, 0.00736545, 0.0235752, 0.0374977, 0.0519681, 0.0539254, 0.0663054, 0.124568, 0.153773, 0.161111, 0.169751, 0.914895, 1, 

N total=591, Time total=4033, percents=0.001, 0.00736545, 0.0235752, 0.0374977, 0.0519681, 0.0539254, 0.0663054, 0.124568, 0.153773, 0.285025, 0.169751, 0.252839, 0.339988, 0.0930388, 0.833488, 0.86224, 0.914926, 1, 

N total=585, Time total=4067, percents=0.001, 0.00736545, 0.0235752, 0.0374977, 0.0519681, 0.0539254, 0.0663054, 0.124568, 0.153773, 0.161111, 0.169751, 0.200133, 0.252839, 0.339988, 0.352458, 0.396749, 0.478191, 0.611575, 1, 

------------d=1, t=2, lambda=3, filename=./evaluation/Mobile/Mobile_2_3.csv------------
Grouping d-sets by partitioned row counts for detecting arrays...
Ready to look at pairs for detecting arrays...
First Stage N=357, Time=267
There are 116235 remaining non-locating pairs
Generation #0
319,8397,0.001, 0.0060488, 0.0740325, 0.115034, 0.122708, 0.134097, 0.222025, 0.237443, 0.303003, 0.329095, 0.430745, 0.478191, 0.500652, 0.510787, 0.615667, 0.617568, 0.632314, 0.692477, 0.839482, 0.841624, 0.939567, 0.946195, 0.966617, 1, 

343,4559,0.001, 0.0026049, 0.016794, 0.061487, 0.0681018, 0.0854582, 0.142414, 0.175364, 0.208943, 0.356822, 0.372102, 0.387638, 0.393306, 0.395305, 0.417939, 0.431846, 0.49743, 0.561794, 0.56952, 0.612934, 0.619511, 0.680603, 0.753266, 0.770674, 0.863936, 0.925021, 0.926222, 0.949944, 0.963903, 0.972522, 1, 

345,3995,0.001, 0.00515932, 0.0355103, 0.087308, 0.0894667, 0.165641, 0.174192, 0.210299, 0.295219, 0.29572, 0.307527, 0.332082, 0.358127, 0.414426, 0.46358, 0.49903, 0.538337, 0.590843, 0.639286, 0.667871, 0.707955, 0.735826, 0.756353, 0.790425, 0.824729, 0.89032, 0.971392, 0.992026, 1, 

322,6123,0.001, 0.0174387, 0.0738857, 0.0759723, 0.0940992, 0.0984404, 0.14771, 0.211176, 0.249391, 0.253135, 0.313302, 0.445004, 0.471915, 0.509224, 0.572278, 0.580527, 0.621294, 0.658857, 0.668541, 0.706164, 0.733291, 0.757342, 0.800002, 0.82106, 0.850132, 0.944971, 1, 

Generation #1
319,8397,0.001, 0.0060488, 0.0740325, 0.115034, 0.122708, 0.134097, 0.222025, 0.237443, 0.303003, 0.329095, 0.430745, 0.478191, 0.500652, 0.510787, 0.615667, 0.617568, 0.632314, 0.692477, 0.839482, 0.841624, 0.939567, 0.946195, 0.966617, 1, 

327,3986,0.001, 0.0026049, 0.016794, 0.061487, 0.0681018, 0.0854582, 0.142414, 0.175364, 0.208943, 0.356822, 0.372102, 0.836891, 0.935362, 1, 

317,23572,0.001, 0.0786561, 0.138094, 0.150345, 0.19441, 0.234151, 0.304668, 0.321029, 0.429692, 0.5324, 0.584015, 0.594023, 0.959419, 0.98083, 0.995208, 1, 

321,5100,0.001, 0.00515932, 0.0355103, 0.087308, 0.0894667, 0.165641, 0.174192, 0.210299, 0.295219, 0.49738, 0.510405, 0.515551, 0.699614, 0.702493, 0.767177, 0.845593, 0.859885, 0.877017, 1, 

318,22171,0.001, 0.0710013, 0.120468, 0.167601, 0.241715, 0.550981, 0.58863, 0.674991, 0.735115, 0.00404921, 0.886492, 0.903963, 1, 

Generation #2
327,3986,0.001, 0.0026049, 0.016794, 0.061487, 0.0681018, 0.0854582, 0.142414, 0.175364, 0.208943, 0.356822, 0.372102, 0.836891, 0.935362, 1, 

321,5100,0.001, 0.00515932, 0.0355103, 0.087308, 0.0894667, 0.165641, 0.174192, 0.210299, 0.295219, 0.49738, 0.510405, 0.515551, 0.699614, 0.702493, 0.767177, 0.845593, 0.859885, 0.877017, 1, 

319,6988,0.001, 0.0155865, 0.0755655, 0.136718, 0.221727, 0.469426, 0.643714, 0.672686, 0.798864, 0.825268, 0.826583, 0.939426, 0.959419, 0.98083, 0.995208, 1, 

312,11574,0.001, 0.0364287, 0.0371768, 0.116397, 0.0894667, 0.165641, 0.174192, 0.210299, 0.295219, 0.869142, 1, 

324,4677,0.001, 0.00515932, 0.0355103, 0.087308, 0.0894667, 0.165641, 0.174192, 0.210299, 0.295219, 0.5324, 0.584015, 0.594023, 0.959419, 0.98083, 0.995208, 1, 

Generation #3
327,3986,0.001, 0.0026049, 0.016794, 0.061487, 0.0681018, 0.0854582, 0.142414, 0.175364, 0.208943, 0.356822, 0.372102, 0.836891, 0.935362, 1, 

321,5100,0.001, 0.00515932, 0.0355103, 0.087308, 0.0894667, 0.165641, 0.174192, 0.210299, 0.295219, 0.49738, 0.510405, 0.515551, 0.699614, 0.702493, 0.767177, 0.845593, 0.859885, 0.877017, 1, 

319,6988,0.001, 0.0155865, 0.0755655, 0.136718, 0.221727, 0.469426, 0.643714, 0.672686, 0.798864, 0.825268, 0.826583, 0.939426, 0.959419, 0.98083, 0.995208, 1, 

312,11574,0.001, 0.0364287, 0.0371768, 0.116397, 0.0894667, 0.165641, 0.174192, 0.210299, 0.295219, 0.869142, 1, 

324,4677,0.001, 0.00515932, 0.0355103, 0.087308, 0.0894667, 0.165641, 0.174192, 0.210299, 0.295219, 0.5324, 0.584015, 0.594023, 0.959419, 0.98083, 0.995208, 1, 

338,3929,0.001, 0.00515932, 0.0355103, 0.087308, 0.0894667, 0.165641, 0.193195, 0.210299, 0.295219, 0.29572, 0.307527, 0.332082, 0.358127, 0.414426, 0.46358, 0.49903, 0.538337, 1, 

325,4198,0.001, 0.00515932, 0.0355103, 0.087308, 0.0894667, 0.23386, 0.235423, 0.388702, 0.474992, 0.526921, 0.639408, 0.643993, 0.701668, 0.747361, 1, 

Generation #4
327,3986,0.001, 0.0026049, 0.016794, 0.061487, 0.0681018, 0.0854582, 0.142414, 0.175364, 0.208943, 0.356822, 0.372102, 0.836891, 0.935362, 1, 

315,4052,0.001, 0.0026049, 0.016794, 0.061487, 0.0681018, 0.0854582, 0.142414, 0.175364, 0.208943, 0.356822, 0.372102, 0.387638, 0.959419, 0.98083, 0.995208, 1, 

311,6298,0.001, 0.0155865, 0.037479, 0.0544059, 0.175019, 0.211775, 0.253943, 0.304118, 0.367188, 0.479118, 0.532138, 0.704376, 0.358127, 1, 

305,6336,0.001, 0.0155865, 0.037479, 0.0860658, 0.188157, 0.273086, 0.307297, 0.430447, 0.521122, 0.542415, 0.574892, 0.643796, 0.935362, 1, 

330,3857,0.001, 0.00515932, 0.0355103, 0.087308, 0.0894667, 0.211775, 0.253943, 0.304118, 0.735115, 0.00404921, 0.886492, 0.903963, 1, 

337,3509,0.001, 0.0026049, 0.016794, 0.061487, 0.0681018, 0.0854582, 0.142414, 0.175364, 0.208943, 0.356822, 0.74029, 0.387638, 0.393306, 0.395305, 0.417939, 0.431846, 0.49743, 0.471904, 0.54668, 0.629917, 0.647193, 0.687285, 0.689724, 0.736266, 0.738191, 0.944971, 1, 

Generation #5
315,4052,0.001, 0.0026049, 0.016794, 0.061487, 0.0681018, 0.0854582, 0.142414, 0.175364, 0.208943, 0.356822, 0.372102, 0.387638, 0.959419, 0.98083, 0.995208, 1, 

305,6336,0.001, 0.0155865, 0.037479, 0.0860658, 0.188157, 0.273086, 0.307297, 0.430447, 0.521122, 0.542415, 0.574892, 0.643796, 0.935362, 1, 

337,3509,0.001, 0.0026049, 0.016794, 0.061487, 0.0681018, 0.0854582, 0.142414, 0.175364, 0.208943, 0.356822, 0.74029, 0.387638, 0.393306, 0.395305, 0.417939, 0.431846, 0.49743, 0.471904, 0.54668, 0.629917, 0.647193, 0.687285, 0.689724, 0.736266, 0.738191, 0.944971, 1, 

317,3808,0.001, 0.00515932, 0.0355103, 0.087308, 0.0894667, 0.306777, 0.253943, 0.304118, 0.735115, 0.00404921, 0.886492, 0.903963, 0.701668, 0.747361, 1, 

311,5875,0.001, 0.00515932, 0.0355103, 0.087308, 0.0894667, 0.165641, 0.174192, 0.210299, 0.295219, 0.479118, 0.532138, 0.704376, 0.966112, 1, 

Generation #6
315,4052,0.001, 0.0026049, 0.016794, 0.061487, 0.0681018, 0.0854582, 0.142414, 0.175364, 0.208943, 0.356822, 0.372102, 0.387638, 0.959419, 0.98083, 0.995208, 1, 

305,6336,0.001, 0.0155865, 0.037479, 0.0860658, 0.188157, 0.273086, 0.307297, 0.430447, 0.521122, 0.542415, 0.574892, 0.643796, 0.935362, 1, 

311,5875,0.001, 0.00515932, 0.0355103, 0.087308, 0.0894667, 0.165641, 0.174192, 0.210299, 0.295219, 0.479118, 0.532138, 0.704376, 0.966112, 1, 

316,2837,0.001, 0.00515932, 0.016794, 0.061487, 0.0681018, 0.0854582, 0.142414, 0.674991, 0.735115, 0.00404921, 0.260467, 0.886492, 0.903963, 1, 

Generation #7
305,6336,0.001, 0.0155865, 0.037479, 0.0860658, 0.188157, 0.273086, 0.307297, 0.430447, 0.521122, 0.542415, 0.574892, 0.643796, 0.935362, 1, 

316,2837,0.001, 0.00515932, 0.016794, 0.061487, 0.0681018, 0.0854582, 0.142414, 0.674991, 0.735115, 0.00404921, 0.260467, 0.886492, 0.903963, 1, 

310,5768,0.00515932, 0.0355103, 0.087308, 0.0894667, 0.165641, 0.307297, 0.430447, 0.521122, 0.542415, 0.574892, 0.643796, 0.935362, 1, 

315,3517,0.001, 0.00515932, 0.0355103, 0.087308, 0.0894667, 0.23386, 0.235423, 0.388702, 0.474992, 0.526921, 0.307527, 0.332082, 0.358127, 0.414426, 0.46358, 0.49903, 0.538337, 1, 

Generation #8
305,6336,0.001, 0.0155865, 0.037479, 0.0860658, 0.188157, 0.273086, 0.307297, 0.430447, 0.521122, 0.542415, 0.574892, 0.643796, 0.935362, 1, 

316,2837,0.001, 0.00515932, 0.016794, 0.061487, 0.0681018, 0.0854582, 0.142414, 0.674991, 0.735115, 0.00404921, 0.260467, 0.886492, 0.903963, 1, 

315,3517,0.001, 0.00515932, 0.0355103, 0.087308, 0.0894667, 0.23386, 0.235423, 0.388702, 0.474992, 0.526921, 0.307527, 0.332082, 0.358127, 0.414426, 0.46358, 0.49903, 0.538337, 1, 

309,4174,0.001, 0.00515932, 0.0355103, 0.087308, 0.0894667, 0.165641, 0.174192, 0.210299, 0.295219, 0.479118, 0.532138, 0.704376, 0.358127, 1, 

Generation #9
316,2837,0.001, 0.00515932, 0.016794, 0.061487, 0.0681018, 0.0854582, 0.142414, 0.674991, 0.735115, 0.00404921, 0.260467, 0.886492, 0.903963, 1, 

309,4174,0.001, 0.00515932, 0.0355103, 0.087308, 0.0894667, 0.165641, 0.174192, 0.210299, 0.295219, 0.479118, 0.532138, 0.704376, 0.358127, 1, 

304,4847,0.001, 0.00515932, 0.0355103, 0.087308, 0.0894667, 0.165641, 0.174192, 0.101854, 0.210299, 0.303003, 0.329095, 0.46304, 0.547221, 0.583217, 0.665542, 1, 

314,3684,0.001, 0.00515932, 0.0355103, 0.087308, 0.0894667, 0.0854582, 0.142414, 0.304118, 0.735115, 0.00404921, 0.886492, 0.903963, 1, 

315,3503,0.001, 0.0026049, 0.016794, 0.061487, 0.0681018, 0.0854582, 0.142414, 0.175364, 0.295219, 0.869142, 1, 

Generation #10
316,2837,0.001, 0.00515932, 0.016794, 0.061487, 0.0681018, 0.0854582, 0.142414, 0.674991, 0.735115, 0.00404921, 0.260467, 0.886492, 0.903963, 1, 

309,4174,0.001, 0.00515932, 0.0355103, 0.087308, 0.0894667, 0.165641, 0.174192, 0.210299, 0.295219, 0.479118, 0.532138, 0.704376, 0.358127, 1, 

304,4847,0.001, 0.00515932, 0.0355103, 0.087308, 0.0894667, 0.165641, 0.174192, 0.101854, 0.210299, 0.303003, 0.329095, 0.46304, 0.547221, 0.583217, 0.665542, 1, 

311,3167,0.001, 0.00515932, 0.016794, 0.061487, 0.0681018, 0.0854582, 0.142414, 0.175364, 0.208943, 0.356822, 0.372102, 0.387638, 0.959419, 0.98083, 0.995208, 1, 

Generation #11
316,2837,0.001, 0.00515932, 0.016794, 0.061487, 0.0681018, 0.0854582, 0.142414, 0.674991, 0.735115, 0.00404921, 0.260467, 0.886492, 0.903963, 1, 

309,4174,0.001, 0.00515932, 0.0355103, 0.087308, 0.0894667, 0.165641, 0.174192, 0.210299, 0.295219, 0.479118, 0.532138, 0.704376, 0.358127, 1, 

311,3167,0.001, 0.00515932, 0.016794, 0.061487, 0.0681018, 0.0854582, 0.142414, 0.175364, 0.208943, 0.356822, 0.372102, 0.387638, 0.959419, 0.98083, 0.995208, 1, 

299,4825,0.001, 0.00515932, 0.0355103, 0.087308, 0.0894667, 0.165641, 0.142414, 0.175364, 0.295219, 0.869142, 1, 

Generation #12
316,2837,0.001, 0.00515932, 0.016794, 0.061487, 0.0681018, 0.0854582, 0.142414, 0.674991, 0.735115, 0.00404921, 0.260467, 0.886492, 0.903963, 1, 

309,4174,0.001, 0.00515932, 0.0355103, 0.087308, 0.0894667, 0.165641, 0.174192, 0.210299, 0.295219, 0.479118, 0.532138, 0.704376, 0.358127, 1, 

311,3167,0.001, 0.00515932, 0.016794, 0.061487, 0.0681018, 0.0854582, 0.142414, 0.175364, 0.208943, 0.356822, 0.372102, 0.387638, 0.959419, 0.98083, 0.995208, 1, 

299,4825,0.001, 0.00515932, 0.0355103, 0.087308, 0.0894667, 0.165641, 0.142414, 0.175364, 0.295219, 0.869142, 1, 

321,2805,0.001, 0.0026049, 0.016794, 0.061487, 0.0681018, 0.0854582, 0.174192, 0.210299, 0.295219, 0.479118, 0.532138, 0.704376, 0.966112, 0.935362, 1, 

315,3043,0.001, 0.00515932, 0.0355103, 0.087308, 0.0894667, 0.165641, 0.142414, 0.175364, 0.295219, 0.869142, 1, 

Generation #13
316,2837,0.001, 0.00515932, 0.016794, 0.061487, 0.0681018, 0.0854582, 0.142414, 0.674991, 0.735115, 0.00404921, 0.260467, 0.886492, 0.903963, 1, 

309,4174,0.001, 0.00515932, 0.0355103, 0.087308, 0.0894667, 0.165641, 0.174192, 0.210299, 0.295219, 0.479118, 0.532138, 0.704376, 0.358127, 1, 

311,3167,0.001, 0.00515932, 0.016794, 0.061487, 0.0681018, 0.0854582, 0.142414, 0.175364, 0.208943, 0.356822, 0.372102, 0.387638, 0.959419, 0.98083, 0.995208, 1, 

299,4825,0.001, 0.00515932, 0.0355103, 0.087308, 0.0894667, 0.165641, 0.142414, 0.175364, 0.295219, 0.869142, 1, 

321,2805,0.001, 0.0026049, 0.016794, 0.061487, 0.0681018, 0.0854582, 0.174192, 0.210299, 0.295219, 0.479118, 0.532138, 0.704376, 0.966112, 0.935362, 1, 

315,3043,0.001, 0.00515932, 0.0355103, 0.087308, 0.0894667, 0.165641, 0.142414, 0.175364, 0.295219, 0.869142, 1, 

Generation #14
316,2837,0.001, 0.00515932, 0.016794, 0.061487, 0.0681018, 0.0854582, 0.142414, 0.674991, 0.735115, 0.00404921, 0.260467, 0.886492, 0.903963, 1, 

311,3167,0.001, 0.00515932, 0.016794, 0.061487, 0.0681018, 0.0854582, 0.142414, 0.175364, 0.208943, 0.356822, 0.372102, 0.387638, 0.959419, 0.98083, 0.995208, 1, 

299,4825,0.001, 0.00515932, 0.0355103, 0.087308, 0.0894667, 0.165641, 0.142414, 0.175364, 0.295219, 0.869142, 1, 

321,2805,0.001, 0.0026049, 0.016794, 0.061487, 0.0681018, 0.0854582, 0.174192, 0.210299, 0.295219, 0.479118, 0.532138, 0.704376, 0.966112, 0.935362, 1, 

315,3043,0.001, 0.00515932, 0.0355103, 0.087308, 0.0894667, 0.165641, 0.142414, 0.175364, 0.295219, 0.869142, 1, 

305,3389,0.001, 0.00515932, 0.016794, 0.061487, 0.0681018, 0.0854582, 0.413786, 0.175364, 0.735115, 0.00404921, 0.886492, 0.903963, 1, 

Generation #15
316,2837,0.001, 0.00515932, 0.016794, 0.061487, 0.0681018, 0.0854582, 0.142414, 0.674991, 0.735115, 0.00404921, 0.260467, 0.886492, 0.903963, 1, 

311,3167,0.001, 0.00515932, 0.016794, 0.061487, 0.0681018, 0.0854582, 0.142414, 0.175364, 0.208943, 0.356822, 0.372102, 0.387638, 0.959419, 0.98083, 0.995208, 1, 

299,4825,0.001, 0.00515932, 0.0355103, 0.087308, 0.0894667, 0.165641, 0.142414, 0.175364, 0.295219, 0.869142, 1, 

321,2805,0.001, 0.0026049, 0.016794, 0.061487, 0.0681018, 0.0854582, 0.174192, 0.210299, 0.295219, 0.479118, 0.532138, 0.704376, 0.966112, 0.935362, 1, 

315,3043,0.001, 0.00515932, 0.0355103, 0.087308, 0.0894667, 0.165641, 0.142414, 0.175364, 0.295219, 0.869142, 1, 

305,3389,0.001, 0.00515932, 0.016794, 0.061487, 0.0681018, 0.0854582, 0.413786, 0.175364, 0.735115, 0.00404921, 0.886492, 0.903963, 1, 

Generation #16
316,2837,0.001, 0.00515932, 0.016794, 0.061487, 0.0681018, 0.0854582, 0.142414, 0.674991, 0.735115, 0.00404921, 0.260467, 0.886492, 0.903963, 1, 

311,3167,0.001, 0.00515932, 0.016794, 0.061487, 0.0681018, 0.0854582, 0.142414, 0.175364, 0.208943, 0.356822, 0.372102, 0.387638, 0.959419, 0.98083, 0.995208, 1, 

299,4825,0.001, 0.00515932, 0.0355103, 0.087308, 0.0894667, 0.165641, 0.142414, 0.175364, 0.295219, 0.869142, 1, 

321,2805,0.001, 0.0026049, 0.016794, 0.061487, 0.0681018, 0.0854582, 0.174192, 0.210299, 0.295219, 0.479118, 0.532138, 0.704376, 0.966112, 0.935362, 1, 

315,3043,0.001, 0.00515932, 0.0355103, 0.087308, 0.0894667, 0.165641, 0.142414, 0.175364, 0.295219, 0.869142, 1, 

305,3389,0.001, 0.00515932, 0.016794, 0.061487, 0.0681018, 0.0854582, 0.413786, 0.175364, 0.735115, 0.00404921, 0.886492, 0.903963, 1, 

Generation #17
316,2837,0.001, 0.00515932, 0.016794, 0.061487, 0.0681018, 0.0854582, 0.142414, 0.674991, 0.735115, 0.00404921, 0.260467, 0.886492, 0.903963, 1, 

311,3167,0.001, 0.00515932, 0.016794, 0.061487, 0.0681018, 0.0854582, 0.142414, 0.175364, 0.208943, 0.356822, 0.372102, 0.387638, 0.959419, 0.98083, 0.995208, 1, 

299,4825,0.001, 0.00515932, 0.0355103, 0.087308, 0.0894667, 0.165641, 0.142414, 0.175364, 0.295219, 0.869142, 1, 

321,2805,0.001, 0.0026049, 0.016794, 0.061487, 0.0681018, 0.0854582, 0.174192, 0.210299, 0.295219, 0.479118, 0.532138, 0.704376, 0.966112, 0.935362, 1, 

315,3043,0.001, 0.00515932, 0.0355103, 0.087308, 0.0894667, 0.165641, 0.142414, 0.175364, 0.295219, 0.869142, 1, 

305,3389,0.001, 0.00515932, 0.016794, 0.061487, 0.0681018, 0.0854582, 0.413786, 0.175364, 0.735115, 0.00404921, 0.886492, 0.903963, 1, 

303,4066,0.001, 0.0026049, 0.016794, 0.061487, 0.0681018, 0.0854582, 0.142414, 0.101854, 0.210299, 0.303003, 0.643796, 0.935362, 1, 

Generation #18
316,2837,0.001, 0.00515932, 0.016794, 0.061487, 0.0681018, 0.0854582, 0.142414, 0.674991, 0.735115, 0.00404921, 0.260467, 0.886492, 0.903963, 1, 

311,3167,0.001, 0.00515932, 0.016794, 0.061487, 0.0681018, 0.0854582, 0.142414, 0.175364, 0.208943, 0.356822, 0.372102, 0.387638, 0.959419, 0.98083, 0.995208, 1, 

299,4825,0.001, 0.00515932, 0.0355103, 0.087308, 0.0894667, 0.165641, 0.142414, 0.175364, 0.295219, 0.869142, 1, 

321,2805,0.001, 0.0026049, 0.016794, 0.061487, 0.0681018, 0.0854582, 0.174192, 0.210299, 0.295219, 0.479118, 0.532138, 0.704376, 0.966112, 0.935362, 1, 

315,3043,0.001, 0.00515932, 0.0355103, 0.087308, 0.0894667, 0.165641, 0.142414, 0.175364, 0.295219, 0.869142, 1, 

305,3389,0.001, 0.00515932, 0.016794, 0.061487, 0.0681018, 0.0854582, 0.413786, 0.175364, 0.735115, 0.00404921, 0.886492, 0.903963, 1, 

303,4066,0.001, 0.0026049, 0.016794, 0.061487, 0.0681018, 0.0854582, 0.142414, 0.101854, 0.210299, 0.303003, 0.643796, 0.935362, 1, 

325,2743,0.001, 0.00515932, 0.016794, 0.061487, 0.0681018, 0.0854582, 0.413786, 0.175364, 0.208943, 0.187909, 0.506657, 0.609016, 0.935362, 1, 

Generation #19
316,2837,0.001, 0.00515932, 0.016794, 0.061487, 0.0681018, 0.0854582, 0.142414, 0.674991, 0.735115, 0.00404921, 0.260467, 0.886492, 0.903963, 1, 

311,3167,0.001, 0.00515932, 0.016794, 0.061487, 0.0681018, 0.0854582, 0.142414, 0.175364, 0.208943, 0.356822, 0.372102, 0.387638, 0.959419, 0.98083, 0.995208, 1, 

299,4825,0.001, 0.00515932, 0.0355103, 0.087308, 0.0894667, 0.165641, 0.142414, 0.175364, 0.295219, 0.869142, 1, 

321,2805,0.001, 0.0026049, 0.016794, 0.061487, 0.0681018, 0.0854582, 0.174192, 0.210299, 0.295219, 0.479118, 0.532138, 0.704376, 0.966112, 0.935362, 1, 

315,3043,0.001, 0.00515932, 0.0355103, 0.087308, 0.0894667, 0.165641, 0.142414, 0.175364, 0.295219, 0.869142, 1, 

305,3389,0.001, 0.00515932, 0.016794, 0.061487, 0.0681018, 0.0854582, 0.413786, 0.175364, 0.735115, 0.00404921, 0.886492, 0.903963, 1, 

303,4066,0.001, 0.0026049, 0.016794, 0.061487, 0.0681018, 0.0854582, 0.142414, 0.101854, 0.210299, 0.303003, 0.643796, 0.935362, 1, 

325,2743,0.001, 0.00515932, 0.016794, 0.061487, 0.0681018, 0.0854582, 0.413786, 0.175364, 0.208943, 0.187909, 0.506657, 0.609016, 0.935362, 1, 

Generation #20
316,2837,0.001, 0.00515932, 0.016794, 0.061487, 0.0681018, 0.0854582, 0.142414, 0.674991, 0.735115, 0.00404921, 0.260467, 0.886492, 0.903963, 1, 

311,3167,0.001, 0.00515932, 0.016794, 0.061487, 0.0681018, 0.0854582, 0.142414, 0.175364, 0.208943, 0.356822, 0.372102, 0.387638, 0.959419, 0.98083, 0.995208, 1, 

299,4825,0.001, 0.00515932, 0.0355103, 0.087308, 0.0894667, 0.165641, 0.142414, 0.175364, 0.295219, 0.869142, 1, 

321,2805,0.001, 0.0026049, 0.016794, 0.061487, 0.0681018, 0.0854582, 0.174192, 0.210299, 0.295219, 0.479118, 0.532138, 0.704376, 0.966112, 0.935362, 1, 

305,3389,0.001, 0.00515932, 0.016794, 0.061487, 0.0681018, 0.0854582, 0.413786, 0.175364, 0.735115, 0.00404921, 0.886492, 0.903963, 1, 

303,4066,0.001, 0.0026049, 0.016794, 0.061487, 0.0681018, 0.0854582, 0.142414, 0.101854, 0.210299, 0.303003, 0.643796, 0.935362, 1, 

325,2743,0.001, 0.00515932, 0.016794, 0.061487, 0.0681018, 0.0854582, 0.413786, 0.175364, 0.208943, 0.187909, 0.506657, 0.609016, 0.935362, 1, 

313,2905,0.001, 0.00515932, 0.016794, 0.0894667, 0.165641, 0.307297, 0.211775, 0.253943, 0.304118, 0.735115, 0.00404921, 0.886492, 0.903963, 1, 

Generation #21
316,2837,0.001, 0.00515932, 0.016794, 0.061487, 0.0681018, 0.0854582, 0.142414, 0.674991, 0.735115, 0.00404921, 0.260467, 0.886492, 0.903963, 1, 

311,3167,0.001, 0.00515932, 0.016794, 0.061487, 0.0681018, 0.0854582, 0.142414, 0.175364, 0.208943, 0.356822, 0.372102, 0.387638, 0.959419, 0.98083, 0.995208, 1, 

299,4825,0.001, 0.00515932, 0.0355103, 0.087308, 0.0894667, 0.165641, 0.142414, 0.175364, 0.295219, 0.869142, 1, 

321,2805,0.001, 0.0026049, 0.016794, 0.061487, 0.0681018, 0.0854582, 0.174192, 0.210299, 0.295219, 0.479118, 0.532138, 0.704376, 0.966112, 0.935362, 1, 

305,3389,0.001, 0.00515932, 0.016794, 0.061487, 0.0681018, 0.0854582, 0.413786, 0.175364, 0.735115, 0.00404921, 0.886492, 0.903963, 1, 

303,4066,0.001, 0.0026049, 0.016794, 0.061487, 0.0681018, 0.0854582, 0.142414, 0.101854, 0.210299, 0.303003, 0.643796, 0.935362, 1, 

325,2743,0.001, 0.00515932, 0.016794, 0.061487, 0.0681018, 0.0854582, 0.413786, 0.175364, 0.208943, 0.187909, 0.506657, 0.609016, 0.935362, 1, 

313,2905,0.001, 0.00515932, 0.016794, 0.0894667, 0.165641, 0.307297, 0.211775, 0.253943, 0.304118, 0.735115, 0.00404921, 0.886492, 0.903963, 1, 

Generation #22
316,2837,0.001, 0.00515932, 0.016794, 0.061487, 0.0681018, 0.0854582, 0.142414, 0.674991, 0.735115, 0.00404921, 0.260467, 0.886492, 0.903963, 1, 

311,3167,0.001, 0.00515932, 0.016794, 0.061487, 0.0681018, 0.0854582, 0.142414, 0.175364, 0.208943, 0.356822, 0.372102, 0.387638, 0.959419, 0.98083, 0.995208, 1, 

299,4825,0.001, 0.00515932, 0.0355103, 0.087308, 0.0894667, 0.165641, 0.142414, 0.175364, 0.295219, 0.869142, 1, 

321,2805,0.001, 0.0026049, 0.016794, 0.061487, 0.0681018, 0.0854582, 0.174192, 0.210299, 0.295219, 0.479118, 0.532138, 0.704376, 0.966112, 0.935362, 1, 

305,3389,0.001, 0.00515932, 0.016794, 0.061487, 0.0681018, 0.0854582, 0.413786, 0.175364, 0.735115, 0.00404921, 0.886492, 0.903963, 1, 

303,4066,0.001, 0.0026049, 0.016794, 0.061487, 0.0681018, 0.0854582, 0.142414, 0.101854, 0.210299, 0.303003, 0.643796, 0.935362, 1, 

325,2743,0.001, 0.00515932, 0.016794, 0.061487, 0.0681018, 0.0854582, 0.413786, 0.175364, 0.208943, 0.187909, 0.506657, 0.609016, 0.935362, 1, 

313,2905,0.001, 0.00515932, 0.016794, 0.0894667, 0.165641, 0.307297, 0.211775, 0.253943, 0.304118, 0.735115, 0.00404921, 0.886492, 0.903963, 1, 

332,2501,0.001, 0.00515932, 0.016794, 0.061487, 0.0681018, 0.0854582, 0.142414, 0.304118, 0.735115, 0.00404921, 0.886492, 0.903963, 0.615603, 0.939426, 0.98083, 0.995208, 1, 

Generation #23
316,2837,0.001, 0.00515932, 0.016794, 0.061487, 0.0681018, 0.0854582, 0.142414, 0.674991, 0.735115, 0.00404921, 0.260467, 0.886492, 0.903963, 1, 

311,3167,0.001, 0.00515932, 0.016794, 0.061487, 0.0681018, 0.0854582, 0.142414, 0.175364, 0.208943, 0.356822, 0.372102, 0.387638, 0.959419, 0.98083, 0.995208, 1, 

299,4825,0.001, 0.00515932, 0.0355103, 0.087308, 0.0894667, 0.165641, 0.142414, 0.175364, 0.295219, 0.869142, 1, 

321,2805,0.001, 0.0026049, 0.016794, 0.061487, 0.0681018, 0.0854582, 0.174192, 0.210299, 0.295219, 0.479118, 0.532138, 0.704376, 0.966112, 0.935362, 1, 

325,2743,0.001, 0.00515932, 0.016794, 0.061487, 0.0681018, 0.0854582, 0.413786, 0.175364, 0.208943, 0.187909, 0.506657, 0.609016, 0.935362, 1, 

313,2905,0.001, 0.00515932, 0.016794, 0.0894667, 0.165641, 0.307297, 0.211775, 0.253943, 0.304118, 0.735115, 0.00404921, 0.886492, 0.903963, 1, 

332,2501,0.001, 0.00515932, 0.016794, 0.061487, 0.0681018, 0.0854582, 0.142414, 0.304118, 0.735115, 0.00404921, 0.886492, 0.903963, 0.615603, 0.939426, 0.98083, 0.995208, 1, 

302,3209,0.001, 0.00515932, 0.016794, 0.061487, 0.0681018, 0.0854582, 0.174192, 0.210299, 0.295219, 0.479118, 0.532138, 0.704376, 0.966112, 1, 

Generation #24
316,2837,0.001, 0.00515932, 0.016794, 0.061487, 0.0681018, 0.0854582, 0.142414, 0.674991, 0.735115, 0.00404921, 0.260467, 0.886492, 0.903963, 1, 

311,3167,0.001, 0.00515932, 0.016794, 0.061487, 0.0681018, 0.0854582, 0.142414, 0.175364, 0.208943, 0.356822, 0.372102, 0.387638, 0.959419, 0.98083, 0.995208, 1, 

299,4825,0.001, 0.00515932, 0.0355103, 0.087308, 0.0894667, 0.165641, 0.142414, 0.175364, 0.295219, 0.869142, 1, 

321,2805,0.001, 0.0026049, 0.016794, 0.061487, 0.0681018, 0.0854582, 0.174192, 0.210299, 0.295219, 0.479118, 0.532138, 0.704376, 0.966112, 0.935362, 1, 

325,2743,0.001, 0.00515932, 0.016794, 0.061487, 0.0681018, 0.0854582, 0.413786, 0.175364, 0.208943, 0.187909, 0.506657, 0.609016, 0.935362, 1, 

313,2905,0.001, 0.00515932, 0.016794, 0.0894667, 0.165641, 0.307297, 0.211775, 0.253943, 0.304118, 0.735115, 0.00404921, 0.886492, 0.903963, 1, 

332,2501,0.001, 0.00515932, 0.016794, 0.061487, 0.0681018, 0.0854582, 0.142414, 0.304118, 0.735115, 0.00404921, 0.886492, 0.903963, 0.615603, 0.939426, 0.98083, 0.995208, 1, 

302,3209,0.001, 0.00515932, 0.016794, 0.061487, 0.0681018, 0.0854582, 0.174192, 0.210299, 0.295219, 0.479118, 0.532138, 0.704376, 0.966112, 1, 

Generation #25
316,2837,0.001, 0.00515932, 0.016794, 0.061487, 0.0681018, 0.0854582, 0.142414, 0.674991, 0.735115, 0.00404921, 0.260467, 0.886492, 0.903963, 1, 

311,3167,0.001, 0.00515932, 0.016794, 0.061487, 0.0681018, 0.0854582, 0.142414, 0.175364, 0.208943, 0.356822, 0.372102, 0.387638, 0.959419, 0.98083, 0.995208, 1, 

299,4825,0.001, 0.00515932, 0.0355103, 0.087308, 0.0894667, 0.165641, 0.142414, 0.175364, 0.295219, 0.869142, 1, 

313,2905,0.001, 0.00515932, 0.016794, 0.0894667, 0.165641, 0.307297, 0.211775, 0.253943, 0.304118, 0.735115, 0.00404921, 0.886492, 0.903963, 1, 

332,2501,0.001, 0.00515932, 0.016794, 0.061487, 0.0681018, 0.0854582, 0.142414, 0.304118, 0.735115, 0.00404921, 0.886492, 0.903963, 0.615603, 0.939426, 0.98083, 0.995208, 1, 

302,3209,0.001, 0.00515932, 0.016794, 0.061487, 0.0681018, 0.0854582, 0.174192, 0.210299, 0.295219, 0.479118, 0.532138, 0.704376, 0.966112, 1, 

320,2721,0.001, 0.00515932, 0.016794, 0.0280747, 0.0681018, 0.0854582, 0.142414, 0.101854, 0.210299, 0.303003, 0.643796, 0.935362, 1, 

Generation #26
316,2837,0.001, 0.00515932, 0.016794, 0.061487, 0.0681018, 0.0854582, 0.142414, 0.674991, 0.735115, 0.00404921, 0.260467, 0.886492, 0.903963, 1, 

311,3167,0.001, 0.00515932, 0.016794, 0.061487, 0.0681018, 0.0854582, 0.142414, 0.175364, 0.208943, 0.356822, 0.372102, 0.387638, 0.959419, 0.98083, 0.995208, 1, 

299,4825,0.001, 0.00515932, 0.0355103, 0.087308, 0.0894667, 0.165641, 0.142414, 0.175364, 0.295219, 0.869142, 1, 

313,2905,0.001, 0.00515932, 0.016794, 0.0894667, 0.165641, 0.307297, 0.211775, 0.253943, 0.304118, 0.735115, 0.00404921, 0.886492, 0.903963, 1, 

332,2501,0.001, 0.00515932, 0.016794, 0.061487, 0.0681018, 0.0854582, 0.142414, 0.304118, 0.735115, 0.00404921, 0.886492, 0.903963, 0.615603, 0.939426, 0.98083, 0.995208, 1, 

302,3209,0.001, 0.00515932, 0.016794, 0.061487, 0.0681018, 0.0854582, 0.174192, 0.210299, 0.295219, 0.479118, 0.532138, 0.704376, 0.966112, 1, 

320,2721,0.001, 0.00515932, 0.016794, 0.0280747, 0.0681018, 0.0854582, 0.142414, 0.101854, 0.210299, 0.303003, 0.643796, 0.935362, 1, 

Generation #27
316,2837,0.001, 0.00515932, 0.016794, 0.061487, 0.0681018, 0.0854582, 0.142414, 0.674991, 0.735115, 0.00404921, 0.260467, 0.886492, 0.903963, 1, 

311,3167,0.001, 0.00515932, 0.016794, 0.061487, 0.0681018, 0.0854582, 0.142414, 0.175364, 0.208943, 0.356822, 0.372102, 0.387638, 0.959419, 0.98083, 0.995208, 1, 

299,4825,0.001, 0.00515932, 0.0355103, 0.087308, 0.0894667, 0.165641, 0.142414, 0.175364, 0.295219, 0.869142, 1, 

313,2905,0.001, 0.00515932, 0.016794, 0.0894667, 0.165641, 0.307297, 0.211775, 0.253943, 0.304118, 0.735115, 0.00404921, 0.886492, 0.903963, 1, 

332,2501,0.001, 0.00515932, 0.016794, 0.061487, 0.0681018, 0.0854582, 0.142414, 0.304118, 0.735115, 0.00404921, 0.886492, 0.903963, 0.615603, 0.939426, 0.98083, 0.995208, 1, 

302,3209,0.001, 0.00515932, 0.016794, 0.061487, 0.0681018, 0.0854582, 0.174192, 0.210299, 0.295219, 0.479118, 0.532138, 0.704376, 0.966112, 1, 

320,2721,0.001, 0.00515932, 0.016794, 0.0280747, 0.0681018, 0.0854582, 0.142414, 0.101854, 0.210299, 0.303003, 0.643796, 0.935362, 1, 

Generation #28
316,2837,0.001, 0.00515932, 0.016794, 0.061487, 0.0681018, 0.0854582, 0.142414, 0.674991, 0.735115, 0.00404921, 0.260467, 0.886492, 0.903963, 1, 

311,3167,0.001, 0.00515932, 0.016794, 0.061487, 0.0681018, 0.0854582, 0.142414, 0.175364, 0.208943, 0.356822, 0.372102, 0.387638, 0.959419, 0.98083, 0.995208, 1, 

299,4825,0.001, 0.00515932, 0.0355103, 0.087308, 0.0894667, 0.165641, 0.142414, 0.175364, 0.295219, 0.869142, 1, 

313,2905,0.001, 0.00515932, 0.016794, 0.0894667, 0.165641, 0.307297, 0.211775, 0.253943, 0.304118, 0.735115, 0.00404921, 0.886492, 0.903963, 1, 

332,2501,0.001, 0.00515932, 0.016794, 0.061487, 0.0681018, 0.0854582, 0.142414, 0.304118, 0.735115, 0.00404921, 0.886492, 0.903963, 0.615603, 0.939426, 0.98083, 0.995208, 1, 

302,3209,0.001, 0.00515932, 0.016794, 0.061487, 0.0681018, 0.0854582, 0.174192, 0.210299, 0.295219, 0.479118, 0.532138, 0.704376, 0.966112, 1, 

320,2721,0.001, 0.00515932, 0.016794, 0.0280747, 0.0681018, 0.0854582, 0.142414, 0.101854, 0.210299, 0.303003, 0.643796, 0.935362, 1, 

Generation #29
316,2837,0.001, 0.00515932, 0.016794, 0.061487, 0.0681018, 0.0854582, 0.142414, 0.674991, 0.735115, 0.00404921, 0.260467, 0.886492, 0.903963, 1, 

311,3167,0.001, 0.00515932, 0.016794, 0.061487, 0.0681018, 0.0854582, 0.142414, 0.175364, 0.208943, 0.356822, 0.372102, 0.387638, 0.959419, 0.98083, 0.995208, 1, 

299,4825,0.001, 0.00515932, 0.0355103, 0.087308, 0.0894667, 0.165641, 0.142414, 0.175364, 0.295219, 0.869142, 1, 

313,2905,0.001, 0.00515932, 0.016794, 0.0894667, 0.165641, 0.307297, 0.211775, 0.253943, 0.304118, 0.735115, 0.00404921, 0.886492, 0.903963, 1, 

332,2501,0.001, 0.00515932, 0.016794, 0.061487, 0.0681018, 0.0854582, 0.142414, 0.304118, 0.735115, 0.00404921, 0.886492, 0.903963, 0.615603, 0.939426, 0.98083, 0.995208, 1, 

302,3209,0.001, 0.00515932, 0.016794, 0.061487, 0.0681018, 0.0854582, 0.174192, 0.210299, 0.295219, 0.479118, 0.532138, 0.704376, 0.966112, 1, 

320,2721,0.001, 0.00515932, 0.016794, 0.0280747, 0.0681018, 0.0854582, 0.142414, 0.101854, 0.210299, 0.303003, 0.643796, 0.935362, 1, 

Generation #30
311,3167,0.001, 0.00515932, 0.016794, 0.061487, 0.0681018, 0.0854582, 0.142414, 0.175364, 0.208943, 0.356822, 0.372102, 0.387638, 0.959419, 0.98083, 0.995208, 1, 

299,4825,0.001, 0.00515932, 0.0355103, 0.087308, 0.0894667, 0.165641, 0.142414, 0.175364, 0.295219, 0.869142, 1, 

313,2905,0.001, 0.00515932, 0.016794, 0.0894667, 0.165641, 0.307297, 0.211775, 0.253943, 0.304118, 0.735115, 0.00404921, 0.886492, 0.903963, 1, 

332,2501,0.001, 0.00515932, 0.016794, 0.061487, 0.0681018, 0.0854582, 0.142414, 0.304118, 0.735115, 0.00404921, 0.886492, 0.903963, 0.615603, 0.939426, 0.98083, 0.995208, 1, 

302,3209,0.001, 0.00515932, 0.016794, 0.061487, 0.0681018, 0.0854582, 0.174192, 0.210299, 0.295219, 0.479118, 0.532138, 0.704376, 0.966112, 1, 

316,2712,0.001, 0.00515932, 0.016794, 0.061487, 0.0681018, 0.0854582, 0.142414, 0.175364, 0.295219, 0.479118, 0.506657, 0.609016, 0.935362, 1, 

Generation #31
299,4825,0.001, 0.00515932, 0.0355103, 0.087308, 0.0894667, 0.165641, 0.142414, 0.175364, 0.295219, 0.869142, 1, 

332,2501,0.001, 0.00515932, 0.016794, 0.061487, 0.0681018, 0.0854582, 0.142414, 0.304118, 0.735115, 0.00404921, 0.886492, 0.903963, 0.615603, 0.939426, 0.98083, 0.995208, 1, 

302,3209,0.001, 0.00515932, 0.016794, 0.061487, 0.0681018, 0.0854582, 0.174192, 0.210299, 0.295219, 0.479118, 0.532138, 0.704376, 0.966112, 1, 

308,3043,0.001, 0.00515932, 0.016794, 0.0280747, 0.0681018, 0.0854582, 0.142414, 0.175364, 0.208943, 0.356822, 0.372102, 0.903963, 1, 

313,2706,0.001, 0.00515932, 0.016794, 0.061487, 0.0681018, 0.0854582, 0.142414, 0.175364, 0.295219, 0.479118, 0.532138, 0.704376, 0.966112, 1, 

306,3088,0.001, 0.00515932, 0.016794, 0.061487, 0.0681018, 0.0854582, 0.142414, 0.175364, 0.295219, 0.869142, 1, 

Generation #32
299,4825,0.001, 0.00515932, 0.0355103, 0.087308, 0.0894667, 0.165641, 0.142414, 0.175364, 0.295219, 0.869142, 1, 

332,2501,0.001, 0.00515932, 0.016794, 0.061487, 0.0681018, 0.0854582, 0.142414, 0.304118, 0.735115, 0.00404921, 0.886492, 0.903963, 0.615603, 0.939426, 0.98083, 0.995208, 1, 

302,3209,0.001, 0.00515932, 0.016794, 0.061487, 0.0681018, 0.0854582, 0.174192, 0.210299, 0.295219, 0.479118, 0.532138, 0.704376, 0.966112, 1, 

308,3043,0.001, 0.00515932, 0.016794, 0.0280747, 0.0681018, 0.0854582, 0.142414, 0.175364, 0.208943, 0.356822, 0.372102, 0.903963, 1, 

313,2706,0.001, 0.00515932, 0.016794, 0.061487, 0.0681018, 0.0854582, 0.142414, 0.175364, 0.295219, 0.479118, 0.532138, 0.704376, 0.966112, 1, 

306,3088,0.001, 0.00515932, 0.016794, 0.061487, 0.0681018, 0.0854582, 0.142414, 0.175364, 0.295219, 0.869142, 1, 

Generation #33
299,4825,0.001, 0.00515932, 0.0355103, 0.087308, 0.0894667, 0.165641, 0.142414, 0.175364, 0.295219, 0.869142, 1, 

332,2501,0.001, 0.00515932, 0.016794, 0.061487, 0.0681018, 0.0854582, 0.142414, 0.304118, 0.735115, 0.00404921, 0.886492, 0.903963, 0.615603, 0.939426, 0.98083, 0.995208, 1, 

302,3209,0.001, 0.00515932, 0.016794, 0.061487, 0.0681018, 0.0854582, 0.174192, 0.210299, 0.295219, 0.479118, 0.532138, 0.704376, 0.966112, 1, 

308,3043,0.001, 0.00515932, 0.016794, 0.0280747, 0.0681018, 0.0854582, 0.142414, 0.175364, 0.208943, 0.356822, 0.372102, 0.903963, 1, 

313,2706,0.001, 0.00515932, 0.016794, 0.061487, 0.0681018, 0.0854582, 0.142414, 0.175364, 0.295219, 0.479118, 0.532138, 0.704376, 0.966112, 1, 

306,3088,0.001, 0.00515932, 0.016794, 0.061487, 0.0681018, 0.0854582, 0.142414, 0.175364, 0.295219, 0.869142, 1, 

318,2647,0.001, 0.00515932, 0.016794, 0.0280747, 0.0681018, 0.0854582, 0.142414, 0.101854, 0.210299, 0.187909, 0.506657, 0.609016, 0.935362, 1, 

Generation #34
299,4825,0.001, 0.00515932, 0.0355103, 0.087308, 0.0894667, 0.165641, 0.142414, 0.175364, 0.295219, 0.869142, 1, 

332,2501,0.001, 0.00515932, 0.016794, 0.061487, 0.0681018, 0.0854582, 0.142414, 0.304118, 0.735115, 0.00404921, 0.886492, 0.903963, 0.615603, 0.939426, 0.98083, 0.995208, 1, 

302,3209,0.001, 0.00515932, 0.016794, 0.061487, 0.0681018, 0.0854582, 0.174192, 0.210299, 0.295219, 0.479118, 0.532138, 0.704376, 0.966112, 1, 

308,3043,0.001, 0.00515932, 0.016794, 0.0280747, 0.0681018, 0.0854582, 0.142414, 0.175364, 0.208943, 0.356822, 0.372102, 0.903963, 1, 

313,2706,0.001, 0.00515932, 0.016794, 0.061487, 0.0681018, 0.0854582, 0.142414, 0.175364, 0.295219, 0.479118, 0.532138, 0.704376, 0.966112, 1, 

306,3088,0.001, 0.00515932, 0.016794, 0.061487, 0.0681018, 0.0854582, 0.142414, 0.175364, 0.295219, 0.869142, 1, 

318,2647,0.001, 0.00515932, 0.016794, 0.0280747, 0.0681018, 0.0854582, 0.142414, 0.101854, 0.210299, 0.187909, 0.506657, 0.609016, 0.935362, 1, 

322,2503,0.001, 0.0026049, 0.016794, 0.0280747, 0.0681018, 0.0854582, 0.142414, 0.101854, 0.210299, 0.303003, 0.593114, 0.643796, 0.935362, 1, 

Generation #35
299,4825,0.001, 0.00515932, 0.0355103, 0.087308, 0.0894667, 0.165641, 0.142414, 0.175364, 0.295219, 0.869142, 1, 

332,2501,0.001, 0.00515932, 0.016794, 0.061487, 0.0681018, 0.0854582, 0.142414, 0.304118, 0.735115, 0.00404921, 0.886492, 0.903963, 0.615603, 0.939426, 0.98083, 0.995208, 1, 

302,3209,0.001, 0.00515932, 0.016794, 0.061487, 0.0681018, 0.0854582, 0.174192, 0.210299, 0.295219, 0.479118, 0.532138, 0.704376, 0.966112, 1, 

308,3043,0.001, 0.00515932, 0.016794, 0.0280747, 0.0681018, 0.0854582, 0.142414, 0.175364, 0.208943, 0.356822, 0.372102, 0.903963, 1, 

313,2706,0.001, 0.00515932, 0.016794, 0.061487, 0.0681018, 0.0854582, 0.142414, 0.175364, 0.295219, 0.479118, 0.532138, 0.704376, 0.966112, 1, 

306,3088,0.001, 0.00515932, 0.016794, 0.061487, 0.0681018, 0.0854582, 0.142414, 0.175364, 0.295219, 0.869142, 1, 

318,2647,0.001, 0.00515932, 0.016794, 0.0280747, 0.0681018, 0.0854582, 0.142414, 0.101854, 0.210299, 0.187909, 0.506657, 0.609016, 0.935362, 1, 

322,2503,0.001, 0.0026049, 0.016794, 0.0280747, 0.0681018, 0.0854582, 0.142414, 0.101854, 0.210299, 0.303003, 0.593114, 0.643796, 0.935362, 1, 

Generation #36
299,4825,0.001, 0.00515932, 0.0355103, 0.087308, 0.0894667, 0.165641, 0.142414, 0.175364, 0.295219, 0.869142, 1, 

332,2501,0.001, 0.00515932, 0.016794, 0.061487, 0.0681018, 0.0854582, 0.142414, 0.304118, 0.735115, 0.00404921, 0.886492, 0.903963, 0.615603, 0.939426, 0.98083, 0.995208, 1, 

302,3209,0.001, 0.00515932, 0.016794, 0.061487, 0.0681018, 0.0854582, 0.174192, 0.210299, 0.295219, 0.479118, 0.532138, 0.704376, 0.966112, 1, 

313,2706,0.001, 0.00515932, 0.016794, 0.061487, 0.0681018, 0.0854582, 0.142414, 0.175364, 0.295219, 0.479118, 0.532138, 0.704376, 0.966112, 1, 

306,3088,0.001, 0.00515932, 0.016794, 0.061487, 0.0681018, 0.0854582, 0.142414, 0.175364, 0.295219, 0.869142, 1, 

318,2647,0.001, 0.00515932, 0.016794, 0.0280747, 0.0681018, 0.0854582, 0.142414, 0.101854, 0.210299, 0.187909, 0.506657, 0.609016, 0.935362, 1, 

322,2503,0.001, 0.0026049, 0.016794, 0.0280747, 0.0681018, 0.0854582, 0.142414, 0.101854, 0.210299, 0.303003, 0.593114, 0.643796, 0.935362, 1, 

308,3033,0.001, 0.00515932, 0.016794, 0.0280747, 0.0681018, 0.0854582, 0.142414, 0.175364, 0.208943, 0.356822, 0.372102, 0.387638, 0.393306, 0.747361, 1, 

Generation #37
299,4825,0.001, 0.00515932, 0.0355103, 0.087308, 0.0894667, 0.165641, 0.142414, 0.175364, 0.295219, 0.869142, 1, 

332,2501,0.001, 0.00515932, 0.016794, 0.061487, 0.0681018, 0.0854582, 0.142414, 0.304118, 0.735115, 0.00404921, 0.886492, 0.903963, 0.615603, 0.939426, 0.98083, 0.995208, 1, 

302,3209,0.001, 0.00515932, 0.016794, 0.061487, 0.0681018, 0.0854582, 0.174192, 0.210299, 0.295219, 0.479118, 0.532138, 0.704376, 0.966112, 1, 

313,2706,0.001, 0.00515932, 0.016794, 0.061487, 0.0681018, 0.0854582, 0.142414, 0.175364, 0.295219, 0.479118, 0.532138, 0.704376, 0.966112, 1, 

306,3088,0.001, 0.00515932, 0.016794, 0.061487, 0.0681018, 0.0854582, 0.142414, 0.175364, 0.295219, 0.869142, 1, 

318,2647,0.001, 0.00515932, 0.016794, 0.0280747, 0.0681018, 0.0854582, 0.142414, 0.101854, 0.210299, 0.187909, 0.506657, 0.609016, 0.935362, 1, 

322,2503,0.001, 0.0026049, 0.016794, 0.0280747, 0.0681018, 0.0854582, 0.142414, 0.101854, 0.210299, 0.303003, 0.593114, 0.643796, 0.935362, 1, 

308,3033,0.001, 0.00515932, 0.016794, 0.0280747, 0.0681018, 0.0854582, 0.142414, 0.175364, 0.208943, 0.356822, 0.372102, 0.387638, 0.393306, 0.747361, 1, 

Generation #38
299,4825,0.001, 0.00515932, 0.0355103, 0.087308, 0.0894667, 0.165641, 0.142414, 0.175364, 0.295219, 0.869142, 1, 

332,2501,0.001, 0.00515932, 0.016794, 0.061487, 0.0681018, 0.0854582, 0.142414, 0.304118, 0.735115, 0.00404921, 0.886492, 0.903963, 0.615603, 0.939426, 0.98083, 0.995208, 1, 

302,3209,0.001, 0.00515932, 0.016794, 0.061487, 0.0681018, 0.0854582, 0.174192, 0.210299, 0.295219, 0.479118, 0.532138, 0.704376, 0.966112, 1, 

313,2706,0.001, 0.00515932, 0.016794, 0.061487, 0.0681018, 0.0854582, 0.142414, 0.175364, 0.295219, 0.479118, 0.532138, 0.704376, 0.966112, 1, 

306,3088,0.001, 0.00515932, 0.016794, 0.061487, 0.0681018, 0.0854582, 0.142414, 0.175364, 0.295219, 0.869142, 1, 

318,2647,0.001, 0.00515932, 0.016794, 0.0280747, 0.0681018, 0.0854582, 0.142414, 0.101854, 0.210299, 0.187909, 0.506657, 0.609016, 0.935362, 1, 

322,2503,0.001, 0.0026049, 0.016794, 0.0280747, 0.0681018, 0.0854582, 0.142414, 0.101854, 0.210299, 0.303003, 0.593114, 0.643796, 0.935362, 1, 

308,3033,0.001, 0.00515932, 0.016794, 0.0280747, 0.0681018, 0.0854582, 0.142414, 0.175364, 0.208943, 0.356822, 0.372102, 0.387638, 0.393306, 0.747361, 1, 

Generation #39
299,4825,0.001, 0.00515932, 0.0355103, 0.087308, 0.0894667, 0.165641, 0.142414, 0.175364, 0.295219, 0.869142, 1, 

332,2501,0.001, 0.00515932, 0.016794, 0.061487, 0.0681018, 0.0854582, 0.142414, 0.304118, 0.735115, 0.00404921, 0.886492, 0.903963, 0.615603, 0.939426, 0.98083, 0.995208, 1, 

302,3209,0.001, 0.00515932, 0.016794, 0.061487, 0.0681018, 0.0854582, 0.174192, 0.210299, 0.295219, 0.479118, 0.532138, 0.704376, 0.966112, 1, 

313,2706,0.001, 0.00515932, 0.016794, 0.061487, 0.0681018, 0.0854582, 0.142414, 0.175364, 0.295219, 0.479118, 0.532138, 0.704376, 0.966112, 1, 

306,3088,0.001, 0.00515932, 0.016794, 0.061487, 0.0681018, 0.0854582, 0.142414, 0.175364, 0.295219, 0.869142, 1, 

318,2647,0.001, 0.00515932, 0.016794, 0.0280747, 0.0681018, 0.0854582, 0.142414, 0.101854, 0.210299, 0.187909, 0.506657, 0.609016, 0.935362, 1, 

322,2503,0.001, 0.0026049, 0.016794, 0.0280747, 0.0681018, 0.0854582, 0.142414, 0.101854, 0.210299, 0.303003, 0.593114, 0.643796, 0.935362, 1, 

308,3033,0.001, 0.00515932, 0.016794, 0.0280747, 0.0681018, 0.0854582, 0.142414, 0.175364, 0.208943, 0.356822, 0.372102, 0.387638, 0.393306, 0.747361, 1, 

304,3092,0.001, 0.00515932, 0.016794, 0.087308, 0.0894667, 0.165641, 0.174192, 0.210299, 0.295219, 0.356822, 0.372102, 0.903963, 1, 

Generation #40
299,4825,0.001, 0.00515932, 0.0355103, 0.087308, 0.0894667, 0.165641, 0.142414, 0.175364, 0.295219, 0.869142, 1, 

332,2501,0.001, 0.00515932, 0.016794, 0.061487, 0.0681018, 0.0854582, 0.142414, 0.304118, 0.735115, 0.00404921, 0.886492, 0.903963, 0.615603, 0.939426, 0.98083, 0.995208, 1, 

302,3209,0.001, 0.00515932, 0.016794, 0.061487, 0.0681018, 0.0854582, 0.174192, 0.210299, 0.295219, 0.479118, 0.532138, 0.704376, 0.966112, 1, 

313,2706,0.001, 0.00515932, 0.016794, 0.061487, 0.0681018, 0.0854582, 0.142414, 0.175364, 0.295219, 0.479118, 0.532138, 0.704376, 0.966112, 1, 

318,2647,0.001, 0.00515932, 0.016794, 0.0280747, 0.0681018, 0.0854582, 0.142414, 0.101854, 0.210299, 0.187909, 0.506657, 0.609016, 0.935362, 1, 

322,2503,0.001, 0.0026049, 0.016794, 0.0280747, 0.0681018, 0.0854582, 0.142414, 0.101854, 0.210299, 0.303003, 0.593114, 0.643796, 0.935362, 1, 

304,3092,0.001, 0.00515932, 0.016794, 0.087308, 0.0894667, 0.165641, 0.174192, 0.210299, 0.295219, 0.356822, 0.372102, 0.903963, 1, 

306,2895,0.001, 0.00515932, 0.016794, 0.0280747, 0.0894667, 0.165641, 0.174192, 0.101854, 0.210299, 0.303003, 0.329095, 0.46304, 0.966112, 1, 

Generation #41
299,4825,0.001, 0.00515932, 0.0355103, 0.087308, 0.0894667, 0.165641, 0.142414, 0.175364, 0.295219, 0.869142, 1, 

332,2501,0.001, 0.00515932, 0.016794, 0.061487, 0.0681018, 0.0854582, 0.142414, 0.304118, 0.735115, 0.00404921, 0.886492, 0.903963, 0.615603, 0.939426, 0.98083, 0.995208, 1, 

302,3209,0.001, 0.00515932, 0.016794, 0.061487, 0.0681018, 0.0854582, 0.174192, 0.210299, 0.295219, 0.479118, 0.532138, 0.704376, 0.966112, 1, 

313,2706,0.001, 0.00515932, 0.016794, 0.061487, 0.0681018, 0.0854582, 0.142414, 0.175364, 0.295219, 0.479118, 0.532138, 0.704376, 0.966112, 1, 

318,2647,0.001, 0.00515932, 0.016794, 0.0280747, 0.0681018, 0.0854582, 0.142414, 0.101854, 0.210299, 0.187909, 0.506657, 0.609016, 0.935362, 1, 

322,2503,0.001, 0.0026049, 0.016794, 0.0280747, 0.0681018, 0.0854582, 0.142414, 0.101854, 0.210299, 0.303003, 0.593114, 0.643796, 0.935362, 1, 

304,3092,0.001, 0.00515932, 0.016794, 0.087308, 0.0894667, 0.165641, 0.174192, 0.210299, 0.295219, 0.356822, 0.372102, 0.903963, 1, 

306,2895,0.001, 0.00515932, 0.016794, 0.0280747, 0.0894667, 0.165641, 0.174192, 0.101854, 0.210299, 0.303003, 0.329095, 0.46304, 0.966112, 1, 

Generation #42
299,4825,0.001, 0.00515932, 0.0355103, 0.087308, 0.0894667, 0.165641, 0.142414, 0.175364, 0.295219, 0.869142, 1, 

302,3209,0.001, 0.00515932, 0.016794, 0.061487, 0.0681018, 0.0854582, 0.174192, 0.210299, 0.295219, 0.479118, 0.532138, 0.704376, 0.966112, 1, 

318,2647,0.001, 0.00515932, 0.016794, 0.0280747, 0.0681018, 0.0854582, 0.142414, 0.101854, 0.210299, 0.187909, 0.506657, 0.609016, 0.935362, 1, 

322,2503,0.001, 0.0026049, 0.016794, 0.0280747, 0.0681018, 0.0854582, 0.142414, 0.101854, 0.210299, 0.303003, 0.593114, 0.643796, 0.935362, 1, 

304,3092,0.001, 0.00515932, 0.016794, 0.087308, 0.0894667, 0.165641, 0.174192, 0.210299, 0.295219, 0.356822, 0.372102, 0.903963, 1, 

306,2895,0.001, 0.00515932, 0.016794, 0.0280747, 0.0894667, 0.165641, 0.174192, 0.101854, 0.210299, 0.303003, 0.329095, 0.46304, 0.966112, 1, 

309,2672,0.001, 0.00515932, 0.016794, 0.061487, 0.0681018, 0.0854582, 0.142414, 0.175364, 0.295219, 0.869142, 1, 

324,2472,0.001, 0.00515932, 0.016794, 0.087308, 0.0894667, 0.165641, 0.174192, 0.210299, 0.295219, 0.356822, 0.372102, 0.903963, 1, 

Generation #43
299,4825,0.001, 0.00515932, 0.0355103, 0.087308, 0.0894667, 0.165641, 0.142414, 0.175364, 0.295219, 0.869142, 1, 

302,3209,0.001, 0.00515932, 0.016794, 0.061487, 0.0681018, 0.0854582, 0.174192, 0.210299, 0.295219, 0.479118, 0.532138, 0.704376, 0.966112, 1, 

322,2503,0.001, 0.0026049, 0.016794, 0.0280747, 0.0681018, 0.0854582, 0.142414, 0.101854, 0.210299, 0.303003, 0.593114, 0.643796, 0.935362, 1, 

304,3092,0.001, 0.00515932, 0.016794, 0.087308, 0.0894667, 0.165641, 0.174192, 0.210299, 0.295219, 0.356822, 0.372102, 0.903963, 1, 

306,2895,0.001, 0.00515932, 0.016794, 0.0280747, 0.0894667, 0.165641, 0.174192, 0.101854, 0.210299, 0.303003, 0.329095, 0.46304, 0.966112, 1, 

309,2672,0.001, 0.00515932, 0.016794, 0.061487, 0.0681018, 0.0854582, 0.142414, 0.175364, 0.295219, 0.869142, 1, 

324,2472,0.001, 0.00515932, 0.016794, 0.087308, 0.0894667, 0.165641, 0.174192, 0.210299, 0.295219, 0.356822, 0.372102, 0.903963, 1, 

317,2636,0.001, 0.00515932, 0.016794, 0.087308, 0.0894667, 0.165641, 0.142414, 0.175364, 0.295219, 0.869142, 1, 

Generation #44
299,4825,0.001, 0.00515932, 0.0355103, 0.087308, 0.0894667, 0.165641, 0.142414, 0.175364, 0.295219, 0.869142, 1, 

302,3209,0.001, 0.00515932, 0.016794, 0.061487, 0.0681018, 0.0854582, 0.174192, 0.210299, 0.295219, 0.479118, 0.532138, 0.704376, 0.966112, 1, 

322,2503,0.001, 0.0026049, 0.016794, 0.0280747, 0.0681018, 0.0854582, 0.142414, 0.101854, 0.210299, 0.303003, 0.593114, 0.643796, 0.935362, 1, 

304,3092,0.001, 0.00515932, 0.016794, 0.087308, 0.0894667, 0.165641, 0.174192, 0.210299, 0.295219, 0.356822, 0.372102, 0.903963, 1, 

306,2895,0.001, 0.00515932, 0.016794, 0.0280747, 0.0894667, 0.165641, 0.174192, 0.101854, 0.210299, 0.303003, 0.329095, 0.46304, 0.966112, 1, 

309,2672,0.001, 0.00515932, 0.016794, 0.061487, 0.0681018, 0.0854582, 0.142414, 0.175364, 0.295219, 0.869142, 1, 

324,2472,0.001, 0.00515932, 0.016794, 0.087308, 0.0894667, 0.165641, 0.174192, 0.210299, 0.295219, 0.356822, 0.372102, 0.903963, 1, 

317,2636,0.001, 0.00515932, 0.016794, 0.087308, 0.0894667, 0.165641, 0.142414, 0.175364, 0.295219, 0.869142, 1, 

Generation #45
299,4825,0.001, 0.00515932, 0.0355103, 0.087308, 0.0894667, 0.165641, 0.142414, 0.175364, 0.295219, 0.869142, 1, 

302,3209,0.001, 0.00515932, 0.016794, 0.061487, 0.0681018, 0.0854582, 0.174192, 0.210299, 0.295219, 0.479118, 0.532138, 0.704376, 0.966112, 1, 

322,2503,0.001, 0.0026049, 0.016794, 0.0280747, 0.0681018, 0.0854582, 0.142414, 0.101854, 0.210299, 0.303003, 0.593114, 0.643796, 0.935362, 1, 

304,3092,0.001, 0.00515932, 0.016794, 0.087308, 0.0894667, 0.165641, 0.174192, 0.210299, 0.295219, 0.356822, 0.372102, 0.903963, 1, 

306,2895,0.001, 0.00515932, 0.016794, 0.0280747, 0.0894667, 0.165641, 0.174192, 0.101854, 0.210299, 0.303003, 0.329095, 0.46304, 0.966112, 1, 

309,2672,0.001, 0.00515932, 0.016794, 0.061487, 0.0681018, 0.0854582, 0.142414, 0.175364, 0.295219, 0.869142, 1, 

324,2472,0.001, 0.00515932, 0.016794, 0.087308, 0.0894667, 0.165641, 0.174192, 0.210299, 0.295219, 0.356822, 0.372102, 0.903963, 1, 

317,2636,0.001, 0.00515932, 0.016794, 0.087308, 0.0894667, 0.165641, 0.142414, 0.175364, 0.295219, 0.869142, 1, 

Generation #46
299,4825,0.001, 0.00515932, 0.0355103, 0.087308, 0.0894667, 0.165641, 0.142414, 0.175364, 0.295219, 0.869142, 1, 

302,3209,0.001, 0.00515932, 0.016794, 0.061487, 0.0681018, 0.0854582, 0.174192, 0.210299, 0.295219, 0.479118, 0.532138, 0.704376, 0.966112, 1, 

322,2503,0.001, 0.0026049, 0.016794, 0.0280747, 0.0681018, 0.0854582, 0.142414, 0.101854, 0.210299, 0.303003, 0.593114, 0.643796, 0.935362, 1, 

304,3092,0.001, 0.00515932, 0.016794, 0.087308, 0.0894667, 0.165641, 0.174192, 0.210299, 0.295219, 0.356822, 0.372102, 0.903963, 1, 

306,2895,0.001, 0.00515932, 0.016794, 0.0280747, 0.0894667, 0.165641, 0.174192, 0.101854, 0.210299, 0.303003, 0.329095, 0.46304, 0.966112, 1, 

309,2672,0.001, 0.00515932, 0.016794, 0.061487, 0.0681018, 0.0854582, 0.142414, 0.175364, 0.295219, 0.869142, 1, 

317,2636,0.001, 0.00515932, 0.016794, 0.087308, 0.0894667, 0.165641, 0.142414, 0.175364, 0.295219, 0.869142, 1, 

324,2439,0.001, 0.00515932, 0.00502887, 0.016794, 0.0280747, 0.0681018, 0.0854582, 0.142414, 0.175364, 0.208943, 0.356822, 0.260467, 0.643796, 0.935362, 1, 

Generation #47
299,4825,0.001, 0.00515932, 0.0355103, 0.087308, 0.0894667, 0.165641, 0.142414, 0.175364, 0.295219, 0.869142, 1, 

302,3209,0.001, 0.00515932, 0.016794, 0.061487, 0.0681018, 0.0854582, 0.174192, 0.210299, 0.295219, 0.479118, 0.532138, 0.704376, 0.966112, 1, 

304,3092,0.001, 0.00515932, 0.016794, 0.087308, 0.0894667, 0.165641, 0.174192, 0.210299, 0.295219, 0.356822, 0.372102, 0.903963, 1, 

306,2895,0.001, 0.00515932, 0.016794, 0.0280747, 0.0894667, 0.165641, 0.174192, 0.101854, 0.210299, 0.303003, 0.329095, 0.46304, 0.966112, 1, 

309,2672,0.001, 0.00515932, 0.016794, 0.061487, 0.0681018, 0.0854582, 0.142414, 0.175364, 0.295219, 0.869142, 1, 

324,2439,0.001, 0.00515932, 0.00502887, 0.016794, 0.0280747, 0.0681018, 0.0854582, 0.142414, 0.175364, 0.208943, 0.356822, 0.260467, 0.643796, 0.935362, 1, 

317,2496,0.001, 0.00515932, 0.00502887, 0.016794, 0.0280747, 0.0681018, 0.0854582, 0.142414, 0.175364, 0.208943, 0.356822, 0.260467, 0.643796, 0.935362, 1, 

Generation #48
299,4825,0.001, 0.00515932, 0.0355103, 0.087308, 0.0894667, 0.165641, 0.142414, 0.175364, 0.295219, 0.869142, 1, 

302,3209,0.001, 0.00515932, 0.016794, 0.061487, 0.0681018, 0.0854582, 0.174192, 0.210299, 0.295219, 0.479118, 0.532138, 0.704376, 0.966112, 1, 

304,3092,0.001, 0.00515932, 0.016794, 0.087308, 0.0894667, 0.165641, 0.174192, 0.210299, 0.295219, 0.356822, 0.372102, 0.903963, 1, 

306,2895,0.001, 0.00515932, 0.016794, 0.0280747, 0.0894667, 0.165641, 0.174192, 0.101854, 0.210299, 0.303003, 0.329095, 0.46304, 0.966112, 1, 

309,2672,0.001, 0.00515932, 0.016794, 0.061487, 0.0681018, 0.0854582, 0.142414, 0.175364, 0.295219, 0.869142, 1, 

324,2439,0.001, 0.00515932, 0.00502887, 0.016794, 0.0280747, 0.0681018, 0.0854582, 0.142414, 0.175364, 0.208943, 0.356822, 0.260467, 0.643796, 0.935362, 1, 

317,2496,0.001, 0.00515932, 0.00502887, 0.016794, 0.0280747, 0.0681018, 0.0854582, 0.142414, 0.175364, 0.208943, 0.356822, 0.260467, 0.643796, 0.935362, 1, 

337,2423,0.001, 0.00515932, 0.00502887, 0.016794, 0.0280747, 0.0681018, 0.0854582, 0.142414, 0.175364, 0.208943, 0.356822, 0.260467, 0.643796, 0.935362, 1, 

Generation #49
299,4825,0.001, 0.00515932, 0.0355103, 0.087308, 0.0894667, 0.165641, 0.142414, 0.175364, 0.295219, 0.869142, 1, 

302,3209,0.001, 0.00515932, 0.016794, 0.061487, 0.0681018, 0.0854582, 0.174192, 0.210299, 0.295219, 0.479118, 0.532138, 0.704376, 0.966112, 1, 

304,3092,0.001, 0.00515932, 0.016794, 0.087308, 0.0894667, 0.165641, 0.174192, 0.210299, 0.295219, 0.356822, 0.372102, 0.903963, 1, 

306,2895,0.001, 0.00515932, 0.016794, 0.0280747, 0.0894667, 0.165641, 0.174192, 0.101854, 0.210299, 0.303003, 0.329095, 0.46304, 0.966112, 1, 

309,2672,0.001, 0.00515932, 0.016794, 0.061487, 0.0681018, 0.0854582, 0.142414, 0.175364, 0.295219, 0.869142, 1, 

324,2439,0.001, 0.00515932, 0.00502887, 0.016794, 0.0280747, 0.0681018, 0.0854582, 0.142414, 0.175364, 0.208943, 0.356822, 0.260467, 0.643796, 0.935362, 1, 

317,2496,0.001, 0.00515932, 0.00502887, 0.016794, 0.0280747, 0.0681018, 0.0854582, 0.142414, 0.175364, 0.208943, 0.356822, 0.260467, 0.643796, 0.935362, 1, 

337,2423,0.001, 0.00515932, 0.00502887, 0.016794, 0.0280747, 0.0681018, 0.0854582, 0.142414, 0.175364, 0.208943, 0.356822, 0.260467, 0.643796, 0.935362, 1, 

N total=656, Time total=5092, percents=0.001, 0.00515932, 0.0355103, 0.087308, 0.0894667, 0.165641, 0.142414, 0.175364, 0.295219, 0.869142, 1, 

N total=659, Time total=3476, percents=0.001, 0.00515932, 0.016794, 0.061487, 0.0681018, 0.0854582, 0.174192, 0.210299, 0.295219, 0.479118, 0.532138, 0.704376, 0.966112, 1, 

N total=661, Time total=3359, percents=0.001, 0.00515932, 0.016794, 0.087308, 0.0894667, 0.165641, 0.174192, 0.210299, 0.295219, 0.356822, 0.372102, 0.903963, 1, 

N total=663, Time total=3162, percents=0.001, 0.00515932, 0.016794, 0.0280747, 0.0894667, 0.165641, 0.174192, 0.101854, 0.210299, 0.303003, 0.329095, 0.46304, 0.966112, 1, 

N total=666, Time total=2939, percents=0.001, 0.00515932, 0.016794, 0.061487, 0.0681018, 0.0854582, 0.142414, 0.175364, 0.295219, 0.869142, 1, 

N total=681, Time total=2706, percents=0.001, 0.00515932, 0.00502887, 0.016794, 0.0280747, 0.0681018, 0.0854582, 0.142414, 0.175364, 0.208943, 0.356822, 0.260467, 0.643796, 0.935362, 1, 

N total=674, Time total=2763, percents=0.001, 0.00515932, 0.00502887, 0.016794, 0.0280747, 0.0681018, 0.0854582, 0.142414, 0.175364, 0.208943, 0.356822, 0.260467, 0.643796, 0.935362, 1, 

N total=694, Time total=2690, percents=0.001, 0.00515932, 0.00502887, 0.016794, 0.0280747, 0.0681018, 0.0854582, 0.142414, 0.175364, 0.208943, 0.356822, 0.260467, 0.643796, 0.935362, 1, 

------------d=1, t=2, lambda=4, filename=./evaluation/Mobile/Mobile_2_4.csv------------
Grouping d-sets by partitioned row counts for detecting arrays...
Ready to look at pairs for detecting arrays...
First Stage N=448, Time=313
There are 53386 remaining non-locating pairs
Generation #0
310,4528,0.001, 0.0291622, 0.0501218, 0.088314, 0.128422, 0.148726, 0.190933, 0.241876, 0.489898, 0.515632, 0.539024, 0.55276, 0.649547, 0.780401, 0.818626, 0.84231, 1, 

316,2780,0.001, 0.0192856, 0.0355584, 0.100386, 0.124147, 0.181177, 0.244965, 0.449188, 0.667511, 0.78062, 0.798985, 0.84845, 0.977812, 0.986328, 1, 

303,8180,0.001, 0.055433, 0.0916859, 0.108868, 0.110568, 0.12046, 0.152107, 0.163315, 0.186226, 0.19147, 0.241819, 0.28083, 0.302629, 0.348716, 0.382574, 0.387419, 0.448472, 0.479526, 0.487117, 0.533265, 0.613142, 0.746834, 0.811477, 0.847541, 0.884361, 0.885004, 0.966276, 0.973525, 1, 

307,4554,0.001, 0.0227754, 0.0602362, 0.18994, 0.269572, 0.298741, 0.391973, 0.473257, 0.544517, 0.715229, 0.964362, 0.975518, 1, 

336,2102,0.001, 0.0120853, 0.0125279, 0.0137533, 0.028279, 0.0624284, 0.084732, 0.0886469, 0.101247, 0.104429, 0.23409, 0.293403, 0.313333, 0.318974, 0.327553, 0.37778, 0.379131, 0.399492, 0.458199, 0.514933, 0.598782, 0.602726, 0.71431, 0.812997, 0.890907, 0.934049, 0.946949, 0.969058, 0.986385, 1, 

Generation #1
336,2102,0.001, 0.0120853, 0.0125279, 0.0137533, 0.028279, 0.0624284, 0.084732, 0.0886469, 0.101247, 0.104429, 0.23409, 0.293403, 0.313333, 0.318974, 0.327553, 0.37778, 0.379131, 0.399492, 0.458199, 0.514933, 0.598782, 0.602726, 0.71431, 0.812997, 0.890907, 0.934049, 0.946949, 0.969058, 0.986385, 1, 

302,5094,0.001, 0.0332341, 0.07454, 0.102946, 0.149937, 0.161636, 0.426587, 0.446544, 0.815436, 0.502917, 0.509545, 0.608922, 0.618403, 0.883169, 0.991261, 1, 

305,4446,0.001, 0.0227754, 0.0602362, 0.18994, 0.269572, 0.298741, 0.391973, 0.473257, 0.544517, 0.715229, 0.964362, 0.975518, 1, 

314,3960,0.001, 0.0257414, 0.0489293, 0.0974345, 0.181315, 0.217477, 0.249803, 0.330992, 0.509876, 0.516674, 0.564625, 0.573211, 0.617862, 1, 

301,23888,0.001, 0.149026, 0.0501218, 0.088314, 0.128422, 0.148726, 0.190933, 0.241876, 0.489898, 0.515632, 0.539024, 0.55276, 0.649547, 0.780401, 0.818626, 0.84231, 1, 

315,2678,0.001, 0.0126064, 0.01508, 0.0372655, 0.0861085, 0.14317, 0.160247, 0.446544, 0.502917, 0.509545, 0.0547272, 0.608922, 0.618403, 0.883169, 0.991261, 1, 

Generation #2
288,2391,0.001, 0.0120853, 0.0125279, 0.0137533, 0.028279, 0.0624284, 0.084732, 0.0886469, 0.101247, 0.104429, 0.23409, 0.293403, 0.313333, 0.318974, 0.327553, 0.37778, 1, 

326,2050,0.001, 0.00857393, 0.0125279, 0.0137533, 0.028279, 0.0624284, 0.084732, 0.0886469, 0.101247, 0.104429, 0.23409, 0.293403, 0.313333, 0.318974, 0.327553, 0.37778, 0.379131, 0.399492, 0.514933, 0.598782, 0.602726, 0.71431, 0.812997, 0.890907, 0.934049, 0.946949, 0.969058, 0.986385, 1, 

Generation #3
288,2391,0.001, 0.0120853, 0.0125279, 0.0137533, 0.028279, 0.0624284, 0.084732, 0.0886469, 0.101247, 0.104429, 0.23409, 0.293403, 0.313333, 0.318974, 0.327553, 0.37778, 1, 

326,2050,0.001, 0.00857393, 0.0125279, 0.0137533, 0.028279, 0.0624284, 0.084732, 0.0886469, 0.101247, 0.104429, 0.23409, 0.293403, 0.313333, 0.318974, 0.327553, 0.37778, 0.379131, 0.399492, 0.514933, 0.598782, 0.602726, 0.71431, 0.812997, 0.890907, 0.934049, 0.946949, 0.969058, 0.986385, 1, 

315,2250,0.001, 0.0120853, 0.0125279, 0.0137533, 0.028279, 0.0624284, 0.084732, 0.0886469, 0.101247, 0.189778, 0.250971, 0.353708, 0.366106, 0.370474, 0.38803, 0.4503, 0.470149, 0.522355, 0.546988, 0.561331, 0.694428, 0.712132, 0.728705, 0.259855, 0.764691, 0.797994, 0.817156, 0.870395, 0.980972, 1, 

Generation #4
288,2391,0.001, 0.0120853, 0.0125279, 0.0137533, 0.028279, 0.0624284, 0.084732, 0.0886469, 0.101247, 0.104429, 0.23409, 0.293403, 0.313333, 0.318974, 0.327553, 0.37778, 1, 

326,2050,0.001, 0.00857393, 0.0125279, 0.0137533, 0.028279, 0.0624284, 0.084732, 0.0886469, 0.101247, 0.104429, 0.23409, 0.293403, 0.313333, 0.318974, 0.327553, 0.37778, 0.379131, 0.399492, 0.514933, 0.598782, 0.602726, 0.71431, 0.812997, 0.890907, 0.934049, 0.946949, 0.969058, 0.986385, 1, 

315,2250,0.001, 0.0120853, 0.0125279, 0.0137533, 0.028279, 0.0624284, 0.084732, 0.0886469, 0.101247, 0.189778, 0.250971, 0.353708, 0.366106, 0.370474, 0.38803, 0.4503, 0.470149, 0.522355, 0.546988, 0.561331, 0.694428, 0.712132, 0.728705, 0.259855, 0.764691, 0.797994, 0.817156, 0.870395, 0.980972, 1, 

307,2294,0.001, 0.00857393, 0.0125279, 0.0137533, 0.028279, 0.0624284, 0.084732, 0.0886469, 0.101247, 0.396749, 0.23409, 0.293403, 0.313333, 0.318974, 0.818626, 0.84231, 1, 

Generation #5
288,2391,0.001, 0.0120853, 0.0125279, 0.0137533, 0.028279, 0.0624284, 0.084732, 0.0886469, 0.101247, 0.104429, 0.23409, 0.293403, 0.313333, 0.318974, 0.327553, 0.37778, 1, 

307,2294,0.001, 0.00857393, 0.0125279, 0.0137533, 0.028279, 0.0624284, 0.084732, 0.0886469, 0.101247, 0.396749, 0.23409, 0.293403, 0.313333, 0.318974, 0.818626, 0.84231, 1, 

310,2000,0.001, 0.00857393, 0.0125279, 0.0137533, 0.028279, 0.0624284, 0.084732, 0.0886469, 0.101247, 0.396749, 0.23409, 0.293403, 0.313333, 0.318974, 0.327553, 0.37778, 1, 

Generation #6
288,2391,0.001, 0.0120853, 0.0125279, 0.0137533, 0.028279, 0.0624284, 0.084732, 0.0886469, 0.101247, 0.104429, 0.23409, 0.293403, 0.313333, 0.318974, 0.327553, 0.37778, 1, 

307,2294,0.001, 0.00857393, 0.0125279, 0.0137533, 0.028279, 0.0624284, 0.084732, 0.0886469, 0.101247, 0.396749, 0.23409, 0.293403, 0.313333, 0.318974, 0.818626, 0.84231, 1, 

310,2000,0.001, 0.00857393, 0.0125279, 0.0137533, 0.028279, 0.0624284, 0.084732, 0.0886469, 0.101247, 0.396749, 0.23409, 0.293403, 0.313333, 0.318974, 0.327553, 0.37778, 1, 

309,2087,0.001, 0.0120853, 0.0125279, 0.0137533, 0.028279, 0.0624284, 0.084732, 0.0886469, 0.101247, 0.104429, 0.23409, 0.55276, 0.649547, 0.780401, 0.818626, 0.84231, 1, 

Generation #7
288,2391,0.001, 0.0120853, 0.0125279, 0.0137533, 0.028279, 0.0624284, 0.084732, 0.0886469, 0.101247, 0.104429, 0.23409, 0.293403, 0.313333, 0.318974, 0.327553, 0.37778, 1, 

307,2294,0.001, 0.00857393, 0.0125279, 0.0137533, 0.028279, 0.0624284, 0.084732, 0.0886469, 0.101247, 0.396749, 0.23409, 0.293403, 0.313333, 0.318974, 0.818626, 0.84231, 1, 

310,2000,0.001, 0.00857393, 0.0125279, 0.0137533, 0.028279, 0.0624284, 0.084732, 0.0886469, 0.101247, 0.396749, 0.23409, 0.293403, 0.313333, 0.318974, 0.327553, 0.37778, 1, 

309,2087,0.001, 0.0120853, 0.0125279, 0.0137533, 0.028279, 0.0624284, 0.084732, 0.0886469, 0.101247, 0.104429, 0.23409, 0.55276, 0.649547, 0.780401, 0.818626, 0.84231, 1, 

Generation #8
288,2391,0.001, 0.0120853, 0.0125279, 0.0137533, 0.028279, 0.0624284, 0.084732, 0.0886469, 0.101247, 0.104429, 0.23409, 0.293403, 0.313333, 0.318974, 0.327553, 0.37778, 1, 

310,2000,0.001, 0.00857393, 0.0125279, 0.0137533, 0.028279, 0.0624284, 0.084732, 0.0886469, 0.101247, 0.396749, 0.23409, 0.293403, 0.313333, 0.318974, 0.327553, 0.37778, 1, 

309,2087,0.001, 0.0120853, 0.0125279, 0.0137533, 0.028279, 0.0624284, 0.084732, 0.0886469, 0.101247, 0.104429, 0.23409, 0.55276, 0.649547, 0.780401, 0.818626, 0.84231, 1, 

317,1794,0.001, 0.00857393, 0.0125279, 0.0137533, 0.028279, 0.0624284, 0.084732, 0.0886469, 0.101247, 0.396749, 0.23409, 0.293403, 0.313333, 0.318974, 0.818626, 0.84231, 1, 

311,1940,0.001, 0.0120853, 0.0125279, 0.0137533, 0.028279, 0.0267817, 0.0624284, 0.084732, 0.241876, 0.489898, 0.515632, 0.539024, 0.55276, 0.649547, 0.780401, 0.818626, 1, 

302,2160,0.001, 0.00857393, 0.0125279, 0.0137533, 0.028279, 0.0624284, 0.084732, 0.0886469, 0.101247, 0.396749, 0.23409, 0.293403, 0.313333, 0.318974, 0.327553, 0.37778, 1, 

Generation #9
288,2391,0.001, 0.0120853, 0.0125279, 0.0137533, 0.028279, 0.0624284, 0.084732, 0.0886469, 0.101247, 0.104429, 0.23409, 0.293403, 0.313333, 0.318974, 0.327553, 0.37778, 1, 

310,2000,0.001, 0.00857393, 0.0125279, 0.0137533, 0.028279, 0.0624284, 0.084732, 0.0886469, 0.101247, 0.396749, 0.23409, 0.293403, 0.313333, 0.318974, 0.327553, 0.37778, 1, 

309,2087,0.001, 0.0120853, 0.0125279, 0.0137533, 0.028279, 0.0624284, 0.084732, 0.0886469, 0.101247, 0.104429, 0.23409, 0.55276, 0.649547, 0.780401, 0.818626, 0.84231, 1, 

317,1794,0.001, 0.00857393, 0.0125279, 0.0137533, 0.028279, 0.0624284, 0.084732, 0.0886469, 0.101247, 0.396749, 0.23409, 0.293403, 0.313333, 0.318974, 0.818626, 0.84231, 1, 

311,1940,0.001, 0.0120853, 0.0125279, 0.0137533, 0.028279, 0.0267817, 0.0624284, 0.084732, 0.241876, 0.489898, 0.515632, 0.539024, 0.55276, 0.649547, 0.780401, 0.818626, 1, 

302,2160,0.001, 0.00857393, 0.0125279, 0.0137533, 0.028279, 0.0624284, 0.084732, 0.0886469, 0.101247, 0.396749, 0.23409, 0.293403, 0.313333, 0.318974, 0.327553, 0.37778, 1, 

Generation #10
288,2391,0.001, 0.0120853, 0.0125279, 0.0137533, 0.028279, 0.0624284, 0.084732, 0.0886469, 0.101247, 0.104429, 0.23409, 0.293403, 0.313333, 0.318974, 0.327553, 0.37778, 1, 

310,2000,0.001, 0.00857393, 0.0125279, 0.0137533, 0.028279, 0.0624284, 0.084732, 0.0886469, 0.101247, 0.396749, 0.23409, 0.293403, 0.313333, 0.318974, 0.327553, 0.37778, 1, 

309,2087,0.001, 0.0120853, 0.0125279, 0.0137533, 0.028279, 0.0624284, 0.084732, 0.0886469, 0.101247, 0.104429, 0.23409, 0.55276, 0.649547, 0.780401, 0.818626, 0.84231, 1, 

311,1940,0.001, 0.0120853, 0.0125279, 0.0137533, 0.028279, 0.0267817, 0.0624284, 0.084732, 0.241876, 0.489898, 0.515632, 0.539024, 0.55276, 0.649547, 0.780401, 0.818626, 1, 

302,2160,0.001, 0.00857393, 0.0125279, 0.0137533, 0.028279, 0.0624284, 0.084732, 0.0886469, 0.101247, 0.396749, 0.23409, 0.293403, 0.313333, 0.318974, 0.327553, 0.37778, 1, 

300,2259,0.001, 0.00857393, 0.0125279, 0.0137533, 0.028279, 0.0624284, 0.084732, 0.0886469, 0.101247, 0.104429, 0.23409, 1, 

313,1701,0.001, 0.00857393, 0.0125279, 0.0137533, 0.028279, 0.0624284, 0.084732, 0.0886469, 0.101247, 0.104429, 0.23409, 0.389301, 0.293403, 0.313333, 0.318974, 0.327553, 0.37778, 0.828511, 0.963923, 1, 

Generation #11
288,2391,0.001, 0.0120853, 0.0125279, 0.0137533, 0.028279, 0.0624284, 0.084732, 0.0886469, 0.101247, 0.104429, 0.23409, 0.293403, 0.313333, 0.318974, 0.327553, 0.37778, 1, 

313,1701,0.001, 0.00857393, 0.0125279, 0.0137533, 0.028279, 0.0624284, 0.084732, 0.0886469, 0.101247, 0.104429, 0.23409, 0.389301, 0.293403, 0.313333, 0.318974, 0.327553, 0.37778, 0.828511, 0.963923, 1, 

303,1718,0.001, 0.00857393, 0.0125279, 0.0137533, 0.028279, 0.0624284, 0.084732, 0.0886469, 0.101247, 0.396749, 0.23409, 0.293403, 0.313333, 0.318974, 0.818626, 0.84231, 1, 

297,2035,0.001, 0.00857393, 0.0125279, 0.0137533, 0.028279, 0.0624284, 0.099389, 0.0886469, 0.101247, 0.104429, 0.23409, 0.293403, 0.313333, 0.318974, 0.327553, 0.37778, 1, 

Generation #12
288,2391,0.001, 0.0120853, 0.0125279, 0.0137533, 0.028279, 0.0624284, 0.084732, 0.0886469, 0.101247, 0.104429, 0.23409, 0.293403, 0.313333, 0.318974, 0.327553, 0.37778, 1, 

313,1701,0.001, 0.00857393, 0.0125279, 0.0137533, 0.028279, 0.0624284, 0.084732, 0.0886469, 0.101247, 0.104429, 0.23409, 0.389301, 0.293403, 0.313333, 0.318974, 0.327553, 0.37778, 0.828511, 0.963923, 1, 

303,1718,0.001, 0.00857393, 0.0125279, 0.0137533, 0.028279, 0.0624284, 0.084732, 0.0886469, 0.101247, 0.396749, 0.23409, 0.293403, 0.313333, 0.318974, 0.818626, 0.84231, 1, 

297,2035,0.001, 0.00857393, 0.0125279, 0.0137533, 0.028279, 0.0624284, 0.099389, 0.0886469, 0.101247, 0.104429, 0.23409, 0.293403, 0.313333, 0.318974, 0.327553, 0.37778, 1, 

294,2146,0.001, 0.00857393, 0.0125279, 0.0137533, 0.028279, 0.0624284, 0.099389, 0.0886469, 0.101247, 0.104429, 0.23409, 0.293403, 0.313333, 0.318974, 0.327553, 0.37778, 1, 

Generation #13
288,2391,0.001, 0.0120853, 0.0125279, 0.0137533, 0.028279, 0.0624284, 0.084732, 0.0886469, 0.101247, 0.104429, 0.23409, 0.293403, 0.313333, 0.318974, 0.327553, 0.37778, 1, 

313,1701,0.001, 0.00857393, 0.0125279, 0.0137533, 0.028279, 0.0624284, 0.084732, 0.0886469, 0.101247, 0.104429, 0.23409, 0.389301, 0.293403, 0.313333, 0.318974, 0.327553, 0.37778, 0.828511, 0.963923, 1, 

303,1718,0.001, 0.00857393, 0.0125279, 0.0137533, 0.028279, 0.0624284, 0.084732, 0.0886469, 0.101247, 0.396749, 0.23409, 0.293403, 0.313333, 0.318974, 0.818626, 0.84231, 1, 

297,2035,0.001, 0.00857393, 0.0125279, 0.0137533, 0.028279, 0.0624284, 0.099389, 0.0886469, 0.101247, 0.104429, 0.23409, 0.293403, 0.313333, 0.318974, 0.327553, 0.37778, 1, 

294,2146,0.001, 0.00857393, 0.0125279, 0.0137533, 0.028279, 0.0624284, 0.099389, 0.0886469, 0.101247, 0.104429, 0.23409, 0.293403, 0.313333, 0.318974, 0.327553, 0.37778, 1, 

301,1942,0.001, 0.00851867, 0.0120853, 0.0137533, 0.028279, 0.0624284, 0.084732, 0.0886469, 0.101247, 0.104429, 0.23409, 0.293403, 0.313333, 0.318974, 0.327553, 0.37778, 1, 

Generation #14
288,2391,0.001, 0.0120853, 0.0125279, 0.0137533, 0.028279, 0.0624284, 0.084732, 0.0886469, 0.101247, 0.104429, 0.23409, 0.293403, 0.313333, 0.318974, 0.327553, 0.37778, 1, 

313,1701,0.001, 0.00857393, 0.0125279, 0.0137533, 0.028279, 0.0624284, 0.084732, 0.0886469, 0.101247, 0.104429, 0.23409, 0.389301, 0.293403, 0.313333, 0.318974, 0.327553, 0.37778, 0.828511, 0.963923, 1, 

303,1718,0.001, 0.00857393, 0.0125279, 0.0137533, 0.028279, 0.0624284, 0.084732, 0.0886469, 0.101247, 0.396749, 0.23409, 0.293403, 0.313333, 0.318974, 0.818626, 0.84231, 1, 

297,2035,0.001, 0.00857393, 0.0125279, 0.0137533, 0.028279, 0.0624284, 0.099389, 0.0886469, 0.101247, 0.104429, 0.23409, 0.293403, 0.313333, 0.318974, 0.327553, 0.37778, 1, 

294,2146,0.001, 0.00857393, 0.0125279, 0.0137533, 0.028279, 0.0624284, 0.099389, 0.0886469, 0.101247, 0.104429, 0.23409, 0.293403, 0.313333, 0.318974, 0.327553, 0.37778, 1, 

301,1942,0.001, 0.00851867, 0.0120853, 0.0137533, 0.028279, 0.0624284, 0.084732, 0.0886469, 0.101247, 0.104429, 0.23409, 0.293403, 0.313333, 0.318974, 0.327553, 0.37778, 1, 

Generation #15
288,2391,0.001, 0.0120853, 0.0125279, 0.0137533, 0.028279, 0.0624284, 0.084732, 0.0886469, 0.101247, 0.104429, 0.23409, 0.293403, 0.313333, 0.318974, 0.327553, 0.37778, 1, 

303,1718,0.001, 0.00857393, 0.0125279, 0.0137533, 0.028279, 0.0624284, 0.084732, 0.0886469, 0.101247, 0.396749, 0.23409, 0.293403, 0.313333, 0.318974, 0.818626, 0.84231, 1, 

294,2146,0.001, 0.00857393, 0.0125279, 0.0137533, 0.028279, 0.0624284, 0.099389, 0.0886469, 0.101247, 0.104429, 0.23409, 0.293403, 0.313333, 0.318974, 0.327553, 0.37778, 1, 

308,1383,0.001, 0.00851867, 0.0125279, 0.0137533, 0.028279, 0.0624284, 0.084732, 0.0886469, 0.101247, 0.104429, 0.23409, 0.293403, 0.313333, 0.318974, 0.327553, 0.37778, 1, 

300,1872,0.001, 0.00857393, 0.0125279, 0.0137533, 0.028279, 0.0624284, 0.084732, 0.0886469, 0.101247, 0.104429, 0.23409, 0.293403, 0.313333, 0.318974, 0.327553, 0.37778, 1, 

296,1961,0.001, 0.00851867, 0.0120853, 0.0137533, 0.028279, 0.0624284, 0.084732, 0.0886469, 0.101247, 0.104429, 0.23409, 0.649547, 0.780401, 0.818626, 0.84231, 1, 

Generation #16
288,2391,0.001, 0.0120853, 0.0125279, 0.0137533, 0.028279, 0.0624284, 0.084732, 0.0886469, 0.101247, 0.104429, 0.23409, 0.293403, 0.313333, 0.318974, 0.327553, 0.37778, 1, 

303,1718,0.001, 0.00857393, 0.0125279, 0.0137533, 0.028279, 0.0624284, 0.084732, 0.0886469, 0.101247, 0.396749, 0.23409, 0.293403, 0.313333, 0.318974, 0.818626, 0.84231, 1, 

294,2146,0.001, 0.00857393, 0.0125279, 0.0137533, 0.028279, 0.0624284, 0.099389, 0.0886469, 0.101247, 0.104429, 0.23409, 0.293403, 0.313333, 0.318974, 0.327553, 0.37778, 1, 

308,1383,0.001, 0.00851867, 0.0125279, 0.0137533, 0.028279, 0.0624284, 0.084732, 0.0886469, 0.101247, 0.104429, 0.23409, 0.293403, 0.313333, 0.318974, 0.327553, 0.37778, 1, 

300,1872,0.001, 0.00857393, 0.0125279, 0.0137533, 0.028279, 0.0624284, 0.084732, 0.0886469, 0.101247, 0.104429, 0.23409, 0.293403, 0.313333, 0.318974, 0.327553, 0.37778, 1, 

296,1961,0.001, 0.00851867, 0.0120853, 0.0137533, 0.028279, 0.0624284, 0.084732, 0.0886469, 0.101247, 0.104429, 0.23409, 0.649547, 0.780401, 0.818626, 0.84231, 1, 

Generation #17
288,2391,0.001, 0.0120853, 0.0125279, 0.0137533, 0.028279, 0.0624284, 0.084732, 0.0886469, 0.101247, 0.104429, 0.23409, 0.293403, 0.313333, 0.318974, 0.327553, 0.37778, 1, 

303,1718,0.001, 0.00857393, 0.0125279, 0.0137533, 0.028279, 0.0624284, 0.084732, 0.0886469, 0.101247, 0.396749, 0.23409, 0.293403, 0.313333, 0.318974, 0.818626, 0.84231, 1, 

294,2146,0.001, 0.00857393, 0.0125279, 0.0137533, 0.028279, 0.0624284, 0.099389, 0.0886469, 0.101247, 0.104429, 0.23409, 0.293403, 0.313333, 0.318974, 0.327553, 0.37778, 1, 

308,1383,0.001, 0.00851867, 0.0125279, 0.0137533, 0.028279, 0.0624284, 0.084732, 0.0886469, 0.101247, 0.104429, 0.23409, 0.293403, 0.313333, 0.318974, 0.327553, 0.37778, 1, 

300,1872,0.001, 0.00857393, 0.0125279, 0.0137533, 0.028279, 0.0624284, 0.084732, 0.0886469, 0.101247, 0.104429, 0.23409, 0.293403, 0.313333, 0.318974, 0.327553, 0.37778, 1, 

296,1961,0.001, 0.00851867, 0.0120853, 0.0137533, 0.028279, 0.0624284, 0.084732, 0.0886469, 0.101247, 0.104429, 0.23409, 0.649547, 0.780401, 0.818626, 0.84231, 1, 

301,1832,0.001, 0.00857393, 0.0125279, 0.0137533, 0.028279, 0.0624284, 0.084732, 0.0886469, 0.101247, 0.104429, 0.23409, 0.293403, 0.263741, 0.318974, 0.327553, 0.37778, 1, 

Generation #18
303,1718,0.001, 0.00857393, 0.0125279, 0.0137533, 0.028279, 0.0624284, 0.084732, 0.0886469, 0.101247, 0.396749, 0.23409, 0.293403, 0.313333, 0.318974, 0.818626, 0.84231, 1, 

294,2146,0.001, 0.00857393, 0.0125279, 0.0137533, 0.028279, 0.0624284, 0.099389, 0.0886469, 0.101247, 0.104429, 0.23409, 0.293403, 0.313333, 0.318974, 0.327553, 0.37778, 1, 

308,1383,0.001, 0.00851867, 0.0125279, 0.0137533, 0.028279, 0.0624284, 0.084732, 0.0886469, 0.101247, 0.104429, 0.23409, 0.293403, 0.313333, 0.318974, 0.327553, 0.37778, 1, 

300,1872,0.001, 0.00857393, 0.0125279, 0.0137533, 0.028279, 0.0624284, 0.084732, 0.0886469, 0.101247, 0.104429, 0.23409, 0.293403, 0.313333, 0.318974, 0.327553, 0.37778, 1, 

296,1961,0.001, 0.00851867, 0.0120853, 0.0137533, 0.028279, 0.0624284, 0.084732, 0.0886469, 0.101247, 0.104429, 0.23409, 0.649547, 0.780401, 0.818626, 0.84231, 1, 

301,1832,0.001, 0.00857393, 0.0125279, 0.0137533, 0.028279, 0.0624284, 0.084732, 0.0886469, 0.101247, 0.104429, 0.23409, 0.293403, 0.263741, 0.318974, 0.327553, 0.37778, 1, 

287,2327,0.001, 0.00851867, 0.0120853, 0.0137533, 0.028279, 0.0624284, 0.084732, 0.0886469, 0.101247, 0.104429, 0.23409, 0.649547, 0.780401, 0.818626, 0.818626, 0.84231, 1, 

Generation #19
303,1718,0.001, 0.00857393, 0.0125279, 0.0137533, 0.028279, 0.0624284, 0.084732, 0.0886469, 0.101247, 0.396749, 0.23409, 0.293403, 0.313333, 0.318974, 0.818626, 0.84231, 1, 

294,2146,0.001, 0.00857393, 0.0125279, 0.0137533, 0.028279, 0.0624284, 0.099389, 0.0886469, 0.101247, 0.104429, 0.23409, 0.293403, 0.313333, 0.318974, 0.327553, 0.37778, 1, 

308,1383,0.001, 0.00851867, 0.0125279, 0.0137533, 0.028279, 0.0624284, 0.084732, 0.0886469, 0.101247, 0.104429, 0.23409, 0.293403, 0.313333, 0.318974, 0.327553, 0.37778, 1, 

300,1872,0.001, 0.00857393, 0.0125279, 0.0137533, 0.028279, 0.0624284, 0.084732, 0.0886469, 0.101247, 0.104429, 0.23409, 0.293403, 0.313333, 0.318974, 0.327553, 0.37778, 1, 

296,1961,0.001, 0.00851867, 0.0120853, 0.0137533, 0.028279, 0.0624284, 0.084732, 0.0886469, 0.101247, 0.104429, 0.23409, 0.649547, 0.780401, 0.818626, 0.84231, 1, 

301,1832,0.001, 0.00857393, 0.0125279, 0.0137533, 0.028279, 0.0624284, 0.084732, 0.0886469, 0.101247, 0.104429, 0.23409, 0.293403, 0.263741, 0.318974, 0.327553, 0.37778, 1, 

287,2327,0.001, 0.00851867, 0.0120853, 0.0137533, 0.028279, 0.0624284, 0.084732, 0.0886469, 0.101247, 0.104429, 0.23409, 0.649547, 0.780401, 0.818626, 0.818626, 0.84231, 1, 

Generation #20
303,1718,0.001, 0.00857393, 0.0125279, 0.0137533, 0.028279, 0.0624284, 0.084732, 0.0886469, 0.101247, 0.396749, 0.23409, 0.293403, 0.313333, 0.318974, 0.818626, 0.84231, 1, 

308,1383,0.001, 0.00851867, 0.0125279, 0.0137533, 0.028279, 0.0624284, 0.084732, 0.0886469, 0.101247, 0.104429, 0.23409, 0.293403, 0.313333, 0.318974, 0.327553, 0.37778, 1, 

296,1961,0.001, 0.00851867, 0.0120853, 0.0137533, 0.028279, 0.0624284, 0.084732, 0.0886469, 0.101247, 0.104429, 0.23409, 0.649547, 0.780401, 0.818626, 0.84231, 1, 

301,1832,0.001, 0.00857393, 0.0125279, 0.0137533, 0.028279, 0.0624284, 0.084732, 0.0886469, 0.101247, 0.104429, 0.23409, 0.293403, 0.263741, 0.318974, 0.327553, 0.37778, 1, 

287,2327,0.001, 0.00851867, 0.0120853, 0.0137533, 0.028279, 0.0624284, 0.084732, 0.0886469, 0.101247, 0.104429, 0.23409, 0.649547, 0.780401, 0.818626, 0.818626, 0.84231, 1, 

292,2143,0.001, 0.00851867, 0.0125279, 0.0137533, 0.028279, 0.0624284, 0.084732, 0.0886469, 0.101247, 0.104429, 0.23409, 0.293403, 0.313333, 0.327553, 0.37778, 1, 

298,1840,0.001, 0.00851867, 0.0120853, 0.0137533, 0.028279, 0.0624284, 0.084732, 0.0886469, 0.101247, 0.104429, 0.23409, 0.293403, 0.263741, 0.318974, 0.327553, 0.37778, 1, 

Generation #21
308,1383,0.001, 0.00851867, 0.0125279, 0.0137533, 0.028279, 0.0624284, 0.084732, 0.0886469, 0.101247, 0.104429, 0.23409, 0.293403, 0.313333, 0.318974, 0.327553, 0.37778, 1, 

287,2327,0.001, 0.00851867, 0.0120853, 0.0137533, 0.028279, 0.0624284, 0.084732, 0.0886469, 0.101247, 0.104429, 0.23409, 0.649547, 0.780401, 0.818626, 0.818626, 0.84231, 1, 

292,2143,0.001, 0.00851867, 0.0125279, 0.0137533, 0.028279, 0.0624284, 0.084732, 0.0886469, 0.101247, 0.104429, 0.23409, 0.293403, 0.313333, 0.327553, 0.37778, 1, 

295,2104,0.001, 0.00857393, 0.0120853, 0.0137533, 0.028279, 0.0624284, 0.084732, 0.0886469, 0.101247, 0.104429, 0.23409, 0.293403, 0.313333, 0.318974, 0.327553, 0.37778, 1, 

298,1493,0.00445221, 0.001, 0.00857393, 0.0125279, 0.0137533, 0.028279, 0.0624284, 0.099389, 0.0886469, 0.101247, 0.104429, 0.293403, 0.313333, 0.318974, 0.327553, 0.37778, 1, 

296,1948,0.00445221, 0.001, 0.00857393, 0.0125279, 0.0137533, 0.028279, 0.0624284, 0.099389, 0.0886469, 0.104429, 0.23409, 0.0286869, 0.313333, 0.318974, 0.327553, 0.37778, 1, 

Generation #22
308,1383,0.001, 0.00851867, 0.0125279, 0.0137533, 0.028279, 0.0624284, 0.084732, 0.0886469, 0.101247, 0.104429, 0.23409, 0.293403, 0.313333, 0.318974, 0.327553, 0.37778, 1, 

287,2327,0.001, 0.00851867, 0.0120853, 0.0137533, 0.028279, 0.0624284, 0.084732, 0.0886469, 0.101247, 0.104429, 0.23409, 0.649547, 0.780401, 0.818626, 0.818626, 0.84231, 1, 

298,1493,0.00445221, 0.001, 0.00857393, 0.0125279, 0.0137533, 0.028279, 0.0624284, 0.099389, 0.0886469, 0.101247, 0.104429, 0.293403, 0.313333, 0.318974, 0.327553, 0.37778, 1, 

296,1948,0.00445221, 0.001, 0.00857393, 0.0125279, 0.0137533, 0.028279, 0.0624284, 0.099389, 0.0886469, 0.104429, 0.23409, 0.0286869, 0.313333, 0.318974, 0.327553, 0.37778, 1, 

290,2017,0.001, 0.00857393, 0.0125279, 0.0137533, 0.028279, 0.0624284, 0.084732, 0.0886469, 0.101247, 0.104429, 0.23409, 0.293403, 0.263741, 0.318974, 0.327553, 0.37778, 1, 

Generation #23
308,1383,0.001, 0.00851867, 0.0125279, 0.0137533, 0.028279, 0.0624284, 0.084732, 0.0886469, 0.101247, 0.104429, 0.23409, 0.293403, 0.313333, 0.318974, 0.327553, 0.37778, 1, 

287,2327,0.001, 0.00851867, 0.0120853, 0.0137533, 0.028279, 0.0624284, 0.084732, 0.0886469, 0.101247, 0.104429, 0.23409, 0.649547, 0.780401, 0.818626, 0.818626, 0.84231, 1, 

298,1493,0.00445221, 0.001, 0.00857393, 0.0125279, 0.0137533, 0.028279, 0.0624284, 0.099389, 0.0886469, 0.101247, 0.104429, 0.293403, 0.313333, 0.318974, 0.327553, 0.37778, 1, 

296,1948,0.00445221, 0.001, 0.00857393, 0.0125279, 0.0137533, 0.028279, 0.0624284, 0.099389, 0.0886469, 0.104429, 0.23409, 0.0286869, 0.313333, 0.318974, 0.327553, 0.37778, 1, 

290,2017,0.001, 0.00857393, 0.0125279, 0.0137533, 0.028279, 0.0624284, 0.084732, 0.0886469, 0.101247, 0.104429, 0.23409, 0.293403, 0.263741, 0.318974, 0.327553, 0.37778, 1, 

288,2050,0.001, 0.00857393, 0.0125279, 0.0137533, 0.028279, 0.0624284, 0.084732, 0.0886469, 0.101247, 0.104429, 0.23409, 0.55276, 0.649547, 0.780401, 0.818626, 0.13928, 0.875382, 0.818626, 1, 

Generation #24
308,1383,0.001, 0.00851867, 0.0125279, 0.0137533, 0.028279, 0.0624284, 0.084732, 0.0886469, 0.101247, 0.104429, 0.23409, 0.293403, 0.313333, 0.318974, 0.327553, 0.37778, 1, 

287,2327,0.001, 0.00851867, 0.0120853, 0.0137533, 0.028279, 0.0624284, 0.084732, 0.0886469, 0.101247, 0.104429, 0.23409, 0.649547, 0.780401, 0.818626, 0.818626, 0.84231, 1, 

298,1493,0.00445221, 0.001, 0.00857393, 0.0125279, 0.0137533, 0.028279, 0.0624284, 0.099389, 0.0886469, 0.101247, 0.104429, 0.293403, 0.313333, 0.318974, 0.327553, 0.37778, 1, 

296,1948,0.00445221, 0.001, 0.00857393, 0.0125279, 0.0137533, 0.028279, 0.0624284, 0.099389, 0.0886469, 0.104429, 0.23409, 0.0286869, 0.313333, 0.318974, 0.327553, 0.37778, 1, 

290,2017,0.001, 0.00857393, 0.0125279, 0.0137533, 0.028279, 0.0624284, 0.084732, 0.0886469, 0.101247, 0.104429, 0.23409, 0.293403, 0.263741, 0.318974, 0.327553, 0.37778, 1, 

288,2050,0.001, 0.00857393, 0.0125279, 0.0137533, 0.028279, 0.0624284, 0.084732, 0.0886469, 0.101247, 0.104429, 0.23409, 0.55276, 0.649547, 0.780401, 0.818626, 0.13928, 0.875382, 0.818626, 1, 

Generation #25
308,1383,0.001, 0.00851867, 0.0125279, 0.0137533, 0.028279, 0.0624284, 0.084732, 0.0886469, 0.101247, 0.104429, 0.23409, 0.293403, 0.313333, 0.318974, 0.327553, 0.37778, 1, 

287,2327,0.001, 0.00851867, 0.0120853, 0.0137533, 0.028279, 0.0624284, 0.084732, 0.0886469, 0.101247, 0.104429, 0.23409, 0.649547, 0.780401, 0.818626, 0.818626, 0.84231, 1, 

298,1493,0.00445221, 0.001, 0.00857393, 0.0125279, 0.0137533, 0.028279, 0.0624284, 0.099389, 0.0886469, 0.101247, 0.104429, 0.293403, 0.313333, 0.318974, 0.327553, 0.37778, 1, 

296,1948,0.00445221, 0.001, 0.00857393, 0.0125279, 0.0137533, 0.028279, 0.0624284, 0.099389, 0.0886469, 0.104429, 0.23409, 0.0286869, 0.313333, 0.318974, 0.327553, 0.37778, 1, 

290,2017,0.001, 0.00857393, 0.0125279, 0.0137533, 0.028279, 0.0624284, 0.084732, 0.0886469, 0.101247, 0.104429, 0.23409, 0.293403, 0.263741, 0.318974, 0.327553, 0.37778, 1, 

288,2050,0.001, 0.00857393, 0.0125279, 0.0137533, 0.028279, 0.0624284, 0.084732, 0.0886469, 0.101247, 0.104429, 0.23409, 0.55276, 0.649547, 0.780401, 0.818626, 0.13928, 0.875382, 0.818626, 1, 

Generation #26
308,1383,0.001, 0.00851867, 0.0125279, 0.0137533, 0.028279, 0.0624284, 0.084732, 0.0886469, 0.101247, 0.104429, 0.23409, 0.293403, 0.313333, 0.318974, 0.327553, 0.37778, 1, 

287,2327,0.001, 0.00851867, 0.0120853, 0.0137533, 0.028279, 0.0624284, 0.084732, 0.0886469, 0.101247, 0.104429, 0.23409, 0.649547, 0.780401, 0.818626, 0.818626, 0.84231, 1, 

298,1493,0.00445221, 0.001, 0.00857393, 0.0125279, 0.0137533, 0.028279, 0.0624284, 0.099389, 0.0886469, 0.101247, 0.104429, 0.293403, 0.313333, 0.318974, 0.327553, 0.37778, 1, 

288,1784,0.001, 0.00857393, 0.0125279, 0.0137533, 0.028279, 0.0624284, 0.084732, 0.0886469, 0.101247, 0.104429, 0.23409, 0.293403, 0.313333, 0.318974, 0.327553, 0.37778, 1, 

Generation #27
308,1383,0.001, 0.00851867, 0.0125279, 0.0137533, 0.028279, 0.0624284, 0.084732, 0.0886469, 0.101247, 0.104429, 0.23409, 0.293403, 0.313333, 0.318974, 0.327553, 0.37778, 1, 

287,2327,0.001, 0.00851867, 0.0120853, 0.0137533, 0.028279, 0.0624284, 0.084732, 0.0886469, 0.101247, 0.104429, 0.23409, 0.649547, 0.780401, 0.818626, 0.818626, 0.84231, 1, 

298,1493,0.00445221, 0.001, 0.00857393, 0.0125279, 0.0137533, 0.028279, 0.0624284, 0.099389, 0.0886469, 0.101247, 0.104429, 0.293403, 0.313333, 0.318974, 0.327553, 0.37778, 1, 

288,1784,0.001, 0.00857393, 0.0125279, 0.0137533, 0.028279, 0.0624284, 0.084732, 0.0886469, 0.101247, 0.104429, 0.23409, 0.293403, 0.313333, 0.318974, 0.327553, 0.37778, 1, 

Generation #28
308,1383,0.001, 0.00851867, 0.0125279, 0.0137533, 0.028279, 0.0624284, 0.084732, 0.0886469, 0.101247, 0.104429, 0.23409, 0.293403, 0.313333, 0.318974, 0.327553, 0.37778, 1, 

287,2327,0.001, 0.00851867, 0.0120853, 0.0137533, 0.028279, 0.0624284, 0.084732, 0.0886469, 0.101247, 0.104429, 0.23409, 0.649547, 0.780401, 0.818626, 0.818626, 0.84231, 1, 

298,1493,0.00445221, 0.001, 0.00857393, 0.0125279, 0.0137533, 0.028279, 0.0624284, 0.099389, 0.0886469, 0.101247, 0.104429, 0.293403, 0.313333, 0.318974, 0.327553, 0.37778, 1, 

288,1784,0.001, 0.00857393, 0.0125279, 0.0137533, 0.028279, 0.0624284, 0.084732, 0.0886469, 0.101247, 0.104429, 0.23409, 0.293403, 0.313333, 0.318974, 0.327553, 0.37778, 1, 

Generation #29
308,1383,0.001, 0.00851867, 0.0125279, 0.0137533, 0.028279, 0.0624284, 0.084732, 0.0886469, 0.101247, 0.104429, 0.23409, 0.293403, 0.313333, 0.318974, 0.327553, 0.37778, 1, 

287,2327,0.001, 0.00851867, 0.0120853, 0.0137533, 0.028279, 0.0624284, 0.084732, 0.0886469, 0.101247, 0.104429, 0.23409, 0.649547, 0.780401, 0.818626, 0.818626, 0.84231, 1, 

298,1493,0.00445221, 0.001, 0.00857393, 0.0125279, 0.0137533, 0.028279, 0.0624284, 0.099389, 0.0886469, 0.101247, 0.104429, 0.293403, 0.313333, 0.318974, 0.327553, 0.37778, 1, 

288,1784,0.001, 0.00857393, 0.0125279, 0.0137533, 0.028279, 0.0624284, 0.084732, 0.0886469, 0.101247, 0.104429, 0.23409, 0.293403, 0.313333, 0.318974, 0.327553, 0.37778, 1, 

Generation #30
308,1383,0.001, 0.00851867, 0.0125279, 0.0137533, 0.028279, 0.0624284, 0.084732, 0.0886469, 0.101247, 0.104429, 0.23409, 0.293403, 0.313333, 0.318974, 0.327553, 0.37778, 1, 

287,2327,0.001, 0.00851867, 0.0120853, 0.0137533, 0.028279, 0.0624284, 0.084732, 0.0886469, 0.101247, 0.104429, 0.23409, 0.649547, 0.780401, 0.818626, 0.818626, 0.84231, 1, 

298,1493,0.00445221, 0.001, 0.00857393, 0.0125279, 0.0137533, 0.028279, 0.0624284, 0.099389, 0.0886469, 0.101247, 0.104429, 0.293403, 0.313333, 0.318974, 0.327553, 0.37778, 1, 

288,1784,0.001, 0.00857393, 0.0125279, 0.0137533, 0.028279, 0.0624284, 0.084732, 0.0886469, 0.101247, 0.104429, 0.23409, 0.293403, 0.313333, 0.318974, 0.327553, 0.37778, 1, 

Generation #31
308,1383,0.001, 0.00851867, 0.0125279, 0.0137533, 0.028279, 0.0624284, 0.084732, 0.0886469, 0.101247, 0.104429, 0.23409, 0.293403, 0.313333, 0.318974, 0.327553, 0.37778, 1, 

287,2327,0.001, 0.00851867, 0.0120853, 0.0137533, 0.028279, 0.0624284, 0.084732, 0.0886469, 0.101247, 0.104429, 0.23409, 0.649547, 0.780401, 0.818626, 0.818626, 0.84231, 1, 

298,1493,0.00445221, 0.001, 0.00857393, 0.0125279, 0.0137533, 0.028279, 0.0624284, 0.099389, 0.0886469, 0.101247, 0.104429, 0.293403, 0.313333, 0.318974, 0.327553, 0.37778, 1, 

288,1784,0.001, 0.00857393, 0.0125279, 0.0137533, 0.028279, 0.0624284, 0.084732, 0.0886469, 0.101247, 0.104429, 0.23409, 0.293403, 0.313333, 0.318974, 0.327553, 0.37778, 1, 

Generation #32
308,1383,0.001, 0.00851867, 0.0125279, 0.0137533, 0.028279, 0.0624284, 0.084732, 0.0886469, 0.101247, 0.104429, 0.23409, 0.293403, 0.313333, 0.318974, 0.327553, 0.37778, 1, 

287,2327,0.001, 0.00851867, 0.0120853, 0.0137533, 0.028279, 0.0624284, 0.084732, 0.0886469, 0.101247, 0.104429, 0.23409, 0.649547, 0.780401, 0.818626, 0.818626, 0.84231, 1, 

298,1493,0.00445221, 0.001, 0.00857393, 0.0125279, 0.0137533, 0.028279, 0.0624284, 0.099389, 0.0886469, 0.101247, 0.104429, 0.293403, 0.313333, 0.318974, 0.327553, 0.37778, 1, 

288,1784,0.001, 0.00857393, 0.0125279, 0.0137533, 0.028279, 0.0624284, 0.084732, 0.0886469, 0.101247, 0.104429, 0.23409, 0.293403, 0.313333, 0.318974, 0.327553, 0.37778, 1, 

292,1704,0.00445221, 0.001, 0.00857393, 0.0125279, 0.0137533, 0.0624284, 0.084732, 0.0886469, 0.101247, 0.104429, 0.23409, 0.293403, 0.313333, 0.318974, 0.327553, 0.37778, 1, 

Generation #33
308,1383,0.001, 0.00851867, 0.0125279, 0.0137533, 0.028279, 0.0624284, 0.084732, 0.0886469, 0.101247, 0.104429, 0.23409, 0.293403, 0.313333, 0.318974, 0.327553, 0.37778, 1, 

287,2327,0.001, 0.00851867, 0.0120853, 0.0137533, 0.028279, 0.0624284, 0.084732, 0.0886469, 0.101247, 0.104429, 0.23409, 0.649547, 0.780401, 0.818626, 0.818626, 0.84231, 1, 

298,1493,0.00445221, 0.001, 0.00857393, 0.0125279, 0.0137533, 0.028279, 0.0624284, 0.099389, 0.0886469, 0.101247, 0.104429, 0.293403, 0.313333, 0.318974, 0.327553, 0.37778, 1, 

288,1784,0.001, 0.00857393, 0.0125279, 0.0137533, 0.028279, 0.0624284, 0.084732, 0.0886469, 0.101247, 0.104429, 0.23409, 0.293403, 0.313333, 0.318974, 0.327553, 0.37778, 1, 

292,1704,0.00445221, 0.001, 0.00857393, 0.0125279, 0.0137533, 0.0624284, 0.084732, 0.0886469, 0.101247, 0.104429, 0.23409, 0.293403, 0.313333, 0.318974, 0.327553, 0.37778, 1, 

Generation #34
308,1383,0.001, 0.00851867, 0.0125279, 0.0137533, 0.028279, 0.0624284, 0.084732, 0.0886469, 0.101247, 0.104429, 0.23409, 0.293403, 0.313333, 0.318974, 0.327553, 0.37778, 1, 

298,1493,0.00445221, 0.001, 0.00857393, 0.0125279, 0.0137533, 0.028279, 0.0624284, 0.099389, 0.0886469, 0.101247, 0.104429, 0.293403, 0.313333, 0.318974, 0.327553, 0.37778, 1, 

288,1784,0.001, 0.00857393, 0.0125279, 0.0137533, 0.028279, 0.0624284, 0.084732, 0.0886469, 0.101247, 0.104429, 0.23409, 0.293403, 0.313333, 0.318974, 0.327553, 0.37778, 1, 

292,1704,0.00445221, 0.001, 0.00857393, 0.0125279, 0.0137533, 0.0624284, 0.084732, 0.0886469, 0.101247, 0.104429, 0.23409, 0.293403, 0.313333, 0.318974, 0.327553, 0.37778, 1, 

295,1624,0.00445221, 0.001, 0.00857393, 0.0125279, 0.0137533, 0.028279, 0.0624284, 0.099389, 0.0886469, 0.104429, 0.23409, 0.0286869, 0.313333, 0.318974, 0.327553, 0.37778, 1, 

281,1853,0.00445221, 0.001, 0.00857393, 0.0125279, 0.0137533, 0.028279, 0.0624284, 0.099389, 0.0886469, 0.101247, 0.104429, 0.23409, 0.293403, 0.313333, 0.37778, 1, 

Generation #35
308,1383,0.001, 0.00851867, 0.0125279, 0.0137533, 0.028279, 0.0624284, 0.084732, 0.0886469, 0.101247, 0.104429, 0.23409, 0.293403, 0.313333, 0.318974, 0.327553, 0.37778, 1, 

298,1493,0.00445221, 0.001, 0.00857393, 0.0125279, 0.0137533, 0.028279, 0.0624284, 0.099389, 0.0886469, 0.101247, 0.104429, 0.293403, 0.313333, 0.318974, 0.327553, 0.37778, 1, 

288,1784,0.001, 0.00857393, 0.0125279, 0.0137533, 0.028279, 0.0624284, 0.084732, 0.0886469, 0.101247, 0.104429, 0.23409, 0.293403, 0.313333, 0.318974, 0.327553, 0.37778, 1, 

292,1704,0.00445221, 0.001, 0.00857393, 0.0125279, 0.0137533, 0.0624284, 0.084732, 0.0886469, 0.101247, 0.104429, 0.23409, 0.293403, 0.313333, 0.318974, 0.327553, 0.37778, 1, 

295,1624,0.00445221, 0.001, 0.00857393, 0.0125279, 0.0137533, 0.028279, 0.0624284, 0.099389, 0.0886469, 0.104429, 0.23409, 0.0286869, 0.313333, 0.318974, 0.327553, 0.37778, 1, 

281,1853,0.00445221, 0.001, 0.00857393, 0.0125279, 0.0137533, 0.028279, 0.0624284, 0.099389, 0.0886469, 0.101247, 0.104429, 0.23409, 0.293403, 0.313333, 0.37778, 1, 

Generation #36
308,1383,0.001, 0.00851867, 0.0125279, 0.0137533, 0.028279, 0.0624284, 0.084732, 0.0886469, 0.101247, 0.104429, 0.23409, 0.293403, 0.313333, 0.318974, 0.327553, 0.37778, 1, 

288,1784,0.001, 0.00857393, 0.0125279, 0.0137533, 0.028279, 0.0624284, 0.084732, 0.0886469, 0.101247, 0.104429, 0.23409, 0.293403, 0.313333, 0.318974, 0.327553, 0.37778, 1, 

292,1704,0.00445221, 0.001, 0.00857393, 0.0125279, 0.0137533, 0.0624284, 0.084732, 0.0886469, 0.101247, 0.104429, 0.23409, 0.293403, 0.313333, 0.318974, 0.327553, 0.37778, 1, 

295,1624,0.00445221, 0.001, 0.00857393, 0.0125279, 0.0137533, 0.028279, 0.0624284, 0.099389, 0.0886469, 0.104429, 0.23409, 0.0286869, 0.313333, 0.318974, 0.327553, 0.37778, 1, 

281,1853,0.00445221, 0.001, 0.00857393, 0.0125279, 0.0137533, 0.028279, 0.0624284, 0.099389, 0.0886469, 0.101247, 0.104429, 0.23409, 0.293403, 0.313333, 0.37778, 1, 

296,1484,0.00445221, 0.001, 0.0125279, 0.0137533, 0.028279, 0.0624284, 0.0624284, 0.099389, 0.0886469, 0.101247, 0.104429, 0.293403, 0.313333, 0.318974, 0.327553, 1, 

Generation #37
308,1383,0.001, 0.00851867, 0.0125279, 0.0137533, 0.028279, 0.0624284, 0.084732, 0.0886469, 0.101247, 0.104429, 0.23409, 0.293403, 0.313333, 0.318974, 0.327553, 0.37778, 1, 

288,1784,0.001, 0.00857393, 0.0125279, 0.0137533, 0.028279, 0.0624284, 0.084732, 0.0886469, 0.101247, 0.104429, 0.23409, 0.293403, 0.313333, 0.318974, 0.327553, 0.37778, 1, 

292,1704,0.00445221, 0.001, 0.00857393, 0.0125279, 0.0137533, 0.0624284, 0.084732, 0.0886469, 0.101247, 0.104429, 0.23409, 0.293403, 0.313333, 0.318974, 0.327553, 0.37778, 1, 

295,1624,0.00445221, 0.001, 0.00857393, 0.0125279, 0.0137533, 0.028279, 0.0624284, 0.099389, 0.0886469, 0.104429, 0.23409, 0.0286869, 0.313333, 0.318974, 0.327553, 0.37778, 1, 

281,1853,0.00445221, 0.001, 0.00857393, 0.0125279, 0.0137533, 0.028279, 0.0624284, 0.099389, 0.0886469, 0.101247, 0.104429, 0.23409, 0.293403, 0.313333, 0.37778, 1, 

296,1484,0.00445221, 0.001, 0.0125279, 0.0137533, 0.028279, 0.0624284, 0.0624284, 0.099389, 0.0886469, 0.101247, 0.104429, 0.293403, 0.313333, 0.318974, 0.327553, 1, 

Generation #38
308,1383,0.001, 0.00851867, 0.0125279, 0.0137533, 0.028279, 0.0624284, 0.084732, 0.0886469, 0.101247, 0.104429, 0.23409, 0.293403, 0.313333, 0.318974, 0.327553, 0.37778, 1, 

288,1784,0.001, 0.00857393, 0.0125279, 0.0137533, 0.028279, 0.0624284, 0.084732, 0.0886469, 0.101247, 0.104429, 0.23409, 0.293403, 0.313333, 0.318974, 0.327553, 0.37778, 1, 

292,1704,0.00445221, 0.001, 0.00857393, 0.0125279, 0.0137533, 0.0624284, 0.084732, 0.0886469, 0.101247, 0.104429, 0.23409, 0.293403, 0.313333, 0.318974, 0.327553, 0.37778, 1, 

295,1624,0.00445221, 0.001, 0.00857393, 0.0125279, 0.0137533, 0.028279, 0.0624284, 0.099389, 0.0886469, 0.104429, 0.23409, 0.0286869, 0.313333, 0.318974, 0.327553, 0.37778, 1, 

281,1853,0.00445221, 0.001, 0.00857393, 0.0125279, 0.0137533, 0.028279, 0.0624284, 0.099389, 0.0886469, 0.101247, 0.104429, 0.23409, 0.293403, 0.313333, 0.37778, 1, 

296,1484,0.00445221, 0.001, 0.0125279, 0.0137533, 0.028279, 0.0624284, 0.0624284, 0.099389, 0.0886469, 0.101247, 0.104429, 0.293403, 0.313333, 0.318974, 0.327553, 1, 

Generation #39
308,1383,0.001, 0.00851867, 0.0125279, 0.0137533, 0.028279, 0.0624284, 0.084732, 0.0886469, 0.101247, 0.104429, 0.23409, 0.293403, 0.313333, 0.318974, 0.327553, 0.37778, 1, 

288,1784,0.001, 0.00857393, 0.0125279, 0.0137533, 0.028279, 0.0624284, 0.084732, 0.0886469, 0.101247, 0.104429, 0.23409, 0.293403, 0.313333, 0.318974, 0.327553, 0.37778, 1, 

292,1704,0.00445221, 0.001, 0.00857393, 0.0125279, 0.0137533, 0.0624284, 0.084732, 0.0886469, 0.101247, 0.104429, 0.23409, 0.293403, 0.313333, 0.318974, 0.327553, 0.37778, 1, 

295,1624,0.00445221, 0.001, 0.00857393, 0.0125279, 0.0137533, 0.028279, 0.0624284, 0.099389, 0.0886469, 0.104429, 0.23409, 0.0286869, 0.313333, 0.318974, 0.327553, 0.37778, 1, 

281,1853,0.00445221, 0.001, 0.00857393, 0.0125279, 0.0137533, 0.028279, 0.0624284, 0.099389, 0.0886469, 0.101247, 0.104429, 0.23409, 0.293403, 0.313333, 0.37778, 1, 

296,1484,0.00445221, 0.001, 0.0125279, 0.0137533, 0.028279, 0.0624284, 0.0624284, 0.099389, 0.0886469, 0.101247, 0.104429, 0.293403, 0.313333, 0.318974, 0.327553, 1, 

Generation #40
308,1383,0.001, 0.00851867, 0.0125279, 0.0137533, 0.028279, 0.0624284, 0.084732, 0.0886469, 0.101247, 0.104429, 0.23409, 0.293403, 0.313333, 0.318974, 0.327553, 0.37778, 1, 

288,1784,0.001, 0.00857393, 0.0125279, 0.0137533, 0.028279, 0.0624284, 0.084732, 0.0886469, 0.101247, 0.104429, 0.23409, 0.293403, 0.313333, 0.318974, 0.327553, 0.37778, 1, 

295,1624,0.00445221, 0.001, 0.00857393, 0.0125279, 0.0137533, 0.028279, 0.0624284, 0.099389, 0.0886469, 0.104429, 0.23409, 0.0286869, 0.313333, 0.318974, 0.327553, 0.37778, 1, 

281,1853,0.00445221, 0.001, 0.00857393, 0.0125279, 0.0137533, 0.028279, 0.0624284, 0.099389, 0.0886469, 0.101247, 0.104429, 0.23409, 0.293403, 0.313333, 0.37778, 1, 

296,1484,0.00445221, 0.001, 0.0125279, 0.0137533, 0.028279, 0.0624284, 0.0624284, 0.099389, 0.0886469, 0.101247, 0.104429, 0.293403, 0.313333, 0.318974, 0.327553, 1, 

289,1664,0.00445221, 0.001, 0.00857393, 0.0125279, 0.0137533, 0.028279, 0.0624284, 0.099389, 0.0886469, 0.101247, 0.104429, 0.23409, 0.318974, 0.327553, 0.37778, 0.37778, 1, 

Generation #41
308,1383,0.001, 0.00851867, 0.0125279, 0.0137533, 0.028279, 0.0624284, 0.084732, 0.0886469, 0.101247, 0.104429, 0.23409, 0.293403, 0.313333, 0.318974, 0.327553, 0.37778, 1, 

288,1784,0.001, 0.00857393, 0.0125279, 0.0137533, 0.028279, 0.0624284, 0.084732, 0.0886469, 0.101247, 0.104429, 0.23409, 0.293403, 0.313333, 0.318974, 0.327553, 0.37778, 1, 

295,1624,0.00445221, 0.001, 0.00857393, 0.0125279, 0.0137533, 0.028279, 0.0624284, 0.099389, 0.0886469, 0.104429, 0.23409, 0.0286869, 0.313333, 0.318974, 0.327553, 0.37778, 1, 

281,1853,0.00445221, 0.001, 0.00857393, 0.0125279, 0.0137533, 0.028279, 0.0624284, 0.099389, 0.0886469, 0.101247, 0.104429, 0.23409, 0.293403, 0.313333, 0.37778, 1, 

296,1484,0.00445221, 0.001, 0.0125279, 0.0137533, 0.028279, 0.0624284, 0.0624284, 0.099389, 0.0886469, 0.101247, 0.104429, 0.293403, 0.313333, 0.318974, 0.327553, 1, 

289,1664,0.00445221, 0.001, 0.00857393, 0.0125279, 0.0137533, 0.028279, 0.0624284, 0.099389, 0.0886469, 0.101247, 0.104429, 0.23409, 0.318974, 0.327553, 0.37778, 0.37778, 1, 

Generation #42
308,1383,0.001, 0.00851867, 0.0125279, 0.0137533, 0.028279, 0.0624284, 0.084732, 0.0886469, 0.101247, 0.104429, 0.23409, 0.293403, 0.313333, 0.318974, 0.327553, 0.37778, 1, 

288,1784,0.001, 0.00857393, 0.0125279, 0.0137533, 0.028279, 0.0624284, 0.084732, 0.0886469, 0.101247, 0.104429, 0.23409, 0.293403, 0.313333, 0.318974, 0.327553, 0.37778, 1, 

281,1853,0.00445221, 0.001, 0.00857393, 0.0125279, 0.0137533, 0.028279, 0.0624284, 0.099389, 0.0886469, 0.101247, 0.104429, 0.23409, 0.293403, 0.313333, 0.37778, 1, 

296,1484,0.00445221, 0.001, 0.0125279, 0.0137533, 0.028279, 0.0624284, 0.0624284, 0.099389, 0.0886469, 0.101247, 0.104429, 0.293403, 0.313333, 0.318974, 0.327553, 1, 

289,1664,0.00445221, 0.001, 0.00857393, 0.0125279, 0.0137533, 0.028279, 0.0624284, 0.099389, 0.0886469, 0.101247, 0.104429, 0.23409, 0.318974, 0.327553, 0.37778, 0.37778, 1, 

295,1500,0.00445221, 0.001, 0.00857393, 0.0125279, 0.0137533, 0.028279, 0.0624284, 0.099389, 0.0886469, 0.104429, 0.23409, 0.0286869, 0.313333, 0.318974, 0.327553, 0.37778, 1, 

Generation #43
308,1383,0.001, 0.00851867, 0.0125279, 0.0137533, 0.028279, 0.0624284, 0.084732, 0.0886469, 0.101247, 0.104429, 0.23409, 0.293403, 0.313333, 0.318974, 0.327553, 0.37778, 1, 

288,1784,0.001, 0.00857393, 0.0125279, 0.0137533, 0.028279, 0.0624284, 0.084732, 0.0886469, 0.101247, 0.104429, 0.23409, 0.293403, 0.313333, 0.318974, 0.327553, 0.37778, 1, 

281,1853,0.00445221, 0.001, 0.00857393, 0.0125279, 0.0137533, 0.028279, 0.0624284, 0.099389, 0.0886469, 0.101247, 0.104429, 0.23409, 0.293403, 0.313333, 0.37778, 1, 

296,1484,0.00445221, 0.001, 0.0125279, 0.0137533, 0.028279, 0.0624284, 0.0624284, 0.099389, 0.0886469, 0.101247, 0.104429, 0.293403, 0.313333, 0.318974, 0.327553, 1, 

289,1664,0.00445221, 0.001, 0.00857393, 0.0125279, 0.0137533, 0.028279, 0.0624284, 0.099389, 0.0886469, 0.101247, 0.104429, 0.23409, 0.318974, 0.327553, 0.37778, 0.37778, 1, 

295,1500,0.00445221, 0.001, 0.00857393, 0.0125279, 0.0137533, 0.028279, 0.0624284, 0.099389, 0.0886469, 0.104429, 0.23409, 0.0286869, 0.313333, 0.318974, 0.327553, 0.37778, 1, 

Generation #44
308,1383,0.001, 0.00851867, 0.0125279, 0.0137533, 0.028279, 0.0624284, 0.084732, 0.0886469, 0.101247, 0.104429, 0.23409, 0.293403, 0.313333, 0.318974, 0.327553, 0.37778, 1, 

288,1784,0.001, 0.00857393, 0.0125279, 0.0137533, 0.028279, 0.0624284, 0.084732, 0.0886469, 0.101247, 0.104429, 0.23409, 0.293403, 0.313333, 0.318974, 0.327553, 0.37778, 1, 

281,1853,0.00445221, 0.001, 0.00857393, 0.0125279, 0.0137533, 0.028279, 0.0624284, 0.099389, 0.0886469, 0.101247, 0.104429, 0.23409, 0.293403, 0.313333, 0.37778, 1, 

296,1484,0.00445221, 0.001, 0.0125279, 0.0137533, 0.028279, 0.0624284, 0.0624284, 0.099389, 0.0886469, 0.101247, 0.104429, 0.293403, 0.313333, 0.318974, 0.327553, 1, 

289,1664,0.00445221, 0.001, 0.00857393, 0.0125279, 0.0137533, 0.028279, 0.0624284, 0.099389, 0.0886469, 0.101247, 0.104429, 0.23409, 0.318974, 0.327553, 0.37778, 0.37778, 1, 

295,1500,0.00445221, 0.001, 0.00857393, 0.0125279, 0.0137533, 0.028279, 0.0624284, 0.099389, 0.0886469, 0.104429, 0.23409, 0.0286869, 0.313333, 0.318974, 0.327553, 0.37778, 1, 

291,1555,0.00445221, 0.001, 0.0125279, 0.0137533, 0.028279, 0.0624284, 0.084732, 0.0217143, 0.101247, 0.104429, 0.23409, 0.293403, 0.313333, 0.364533, 0.327553, 0.37778, 1, 

Generation #45
308,1383,0.001, 0.00851867, 0.0125279, 0.0137533, 0.028279, 0.0624284, 0.084732, 0.0886469, 0.101247, 0.104429, 0.23409, 0.293403, 0.313333, 0.318974, 0.327553, 0.37778, 1, 

288,1784,0.001, 0.00857393, 0.0125279, 0.0137533, 0.028279, 0.0624284, 0.084732, 0.0886469, 0.101247, 0.104429, 0.23409, 0.293403, 0.313333, 0.318974, 0.327553, 0.37778, 1, 

281,1853,0.00445221, 0.001, 0.00857393, 0.0125279, 0.0137533, 0.028279, 0.0624284, 0.099389, 0.0886469, 0.101247, 0.104429, 0.23409, 0.293403, 0.313333, 0.37778, 1, 

296,1484,0.00445221, 0.001, 0.0125279, 0.0137533, 0.028279, 0.0624284, 0.0624284, 0.099389, 0.0886469, 0.101247, 0.104429, 0.293403, 0.313333, 0.318974, 0.327553, 1, 

289,1664,0.00445221, 0.001, 0.00857393, 0.0125279, 0.0137533, 0.028279, 0.0624284, 0.099389, 0.0886469, 0.101247, 0.104429, 0.23409, 0.318974, 0.327553, 0.37778, 0.37778, 1, 

295,1500,0.00445221, 0.001, 0.00857393, 0.0125279, 0.0137533, 0.028279, 0.0624284, 0.099389, 0.0886469, 0.104429, 0.23409, 0.0286869, 0.313333, 0.318974, 0.327553, 0.37778, 1, 

291,1555,0.00445221, 0.001, 0.0125279, 0.0137533, 0.028279, 0.0624284, 0.084732, 0.0217143, 0.101247, 0.104429, 0.23409, 0.293403, 0.313333, 0.364533, 0.327553, 0.37778, 1, 

Generation #46
308,1383,0.001, 0.00851867, 0.0125279, 0.0137533, 0.028279, 0.0624284, 0.084732, 0.0886469, 0.101247, 0.104429, 0.23409, 0.293403, 0.313333, 0.318974, 0.327553, 0.37778, 1, 

288,1784,0.001, 0.00857393, 0.0125279, 0.0137533, 0.028279, 0.0624284, 0.084732, 0.0886469, 0.101247, 0.104429, 0.23409, 0.293403, 0.313333, 0.318974, 0.327553, 0.37778, 1, 

281,1853,0.00445221, 0.001, 0.00857393, 0.0125279, 0.0137533, 0.028279, 0.0624284, 0.099389, 0.0886469, 0.101247, 0.104429, 0.23409, 0.293403, 0.313333, 0.37778, 1, 

296,1484,0.00445221, 0.001, 0.0125279, 0.0137533, 0.028279, 0.0624284, 0.0624284, 0.099389, 0.0886469, 0.101247, 0.104429, 0.293403, 0.313333, 0.318974, 0.327553, 1, 

289,1664,0.00445221, 0.001, 0.00857393, 0.0125279, 0.0137533, 0.028279, 0.0624284, 0.099389, 0.0886469, 0.101247, 0.104429, 0.23409, 0.318974, 0.327553, 0.37778, 0.37778, 1, 

295,1500,0.00445221, 0.001, 0.00857393, 0.0125279, 0.0137533, 0.028279, 0.0624284, 0.099389, 0.0886469, 0.104429, 0.23409, 0.0286869, 0.313333, 0.318974, 0.327553, 0.37778, 1, 

291,1555,0.00445221, 0.001, 0.0125279, 0.0137533, 0.028279, 0.0624284, 0.084732, 0.0217143, 0.101247, 0.104429, 0.23409, 0.293403, 0.313333, 0.364533, 0.327553, 0.37778, 1, 

300,1472,0.00445221, 0.001, 0.00857393, 0.0125279, 0.0137533, 0.028279, 0.0624284, 0.099389, 0.0886469, 0.101247, 0.104429, 0.23409, 0.293403, 0.313333, 0.37778, 1, 

Generation #47
308,1383,0.001, 0.00851867, 0.0125279, 0.0137533, 0.028279, 0.0624284, 0.084732, 0.0886469, 0.101247, 0.104429, 0.23409, 0.293403, 0.313333, 0.318974, 0.327553, 0.37778, 1, 

288,1784,0.001, 0.00857393, 0.0125279, 0.0137533, 0.028279, 0.0624284, 0.084732, 0.0886469, 0.101247, 0.104429, 0.23409, 0.293403, 0.313333, 0.318974, 0.327553, 0.37778, 1, 

281,1853,0.00445221, 0.001, 0.00857393, 0.0125279, 0.0137533, 0.028279, 0.0624284, 0.099389, 0.0886469, 0.101247, 0.104429, 0.23409, 0.293403, 0.313333, 0.37778, 1, 

296,1484,0.00445221, 0.001, 0.0125279, 0.0137533, 0.028279, 0.0624284, 0.0624284, 0.099389, 0.0886469, 0.101247, 0.104429, 0.293403, 0.313333, 0.318974, 0.327553, 1, 

289,1664,0.00445221, 0.001, 0.00857393, 0.0125279, 0.0137533, 0.028279, 0.0624284, 0.099389, 0.0886469, 0.101247, 0.104429, 0.23409, 0.318974, 0.327553, 0.37778, 0.37778, 1, 

295,1500,0.00445221, 0.001, 0.00857393, 0.0125279, 0.0137533, 0.028279, 0.0624284, 0.099389, 0.0886469, 0.104429, 0.23409, 0.0286869, 0.313333, 0.318974, 0.327553, 0.37778, 1, 

291,1555,0.00445221, 0.001, 0.0125279, 0.0137533, 0.028279, 0.0624284, 0.084732, 0.0217143, 0.101247, 0.104429, 0.23409, 0.293403, 0.313333, 0.364533, 0.327553, 0.37778, 1, 

300,1472,0.00445221, 0.001, 0.00857393, 0.0125279, 0.0137533, 0.028279, 0.0624284, 0.099389, 0.0886469, 0.101247, 0.104429, 0.23409, 0.293403, 0.313333, 0.37778, 1, 

Generation #48
308,1383,0.001, 0.00851867, 0.0125279, 0.0137533, 0.028279, 0.0624284, 0.084732, 0.0886469, 0.101247, 0.104429, 0.23409, 0.293403, 0.313333, 0.318974, 0.327553, 0.37778, 1, 

288,1784,0.001, 0.00857393, 0.0125279, 0.0137533, 0.028279, 0.0624284, 0.084732, 0.0886469, 0.101247, 0.104429, 0.23409, 0.293403, 0.313333, 0.318974, 0.327553, 0.37778, 1, 

281,1853,0.00445221, 0.001, 0.00857393, 0.0125279, 0.0137533, 0.028279, 0.0624284, 0.099389, 0.0886469, 0.101247, 0.104429, 0.23409, 0.293403, 0.313333, 0.37778, 1, 

296,1484,0.00445221, 0.001, 0.0125279, 0.0137533, 0.028279, 0.0624284, 0.0624284, 0.099389, 0.0886469, 0.101247, 0.104429, 0.293403, 0.313333, 0.318974, 0.327553, 1, 

289,1664,0.00445221, 0.001, 0.00857393, 0.0125279, 0.0137533, 0.028279, 0.0624284, 0.099389, 0.0886469, 0.101247, 0.104429, 0.23409, 0.318974, 0.327553, 0.37778, 0.37778, 1, 

295,1500,0.00445221, 0.001, 0.00857393, 0.0125279, 0.0137533, 0.028279, 0.0624284, 0.099389, 0.0886469, 0.104429, 0.23409, 0.0286869, 0.313333, 0.318974, 0.327553, 0.37778, 1, 

291,1555,0.00445221, 0.001, 0.0125279, 0.0137533, 0.028279, 0.0624284, 0.084732, 0.0217143, 0.101247, 0.104429, 0.23409, 0.293403, 0.313333, 0.364533, 0.327553, 0.37778, 1, 

300,1472,0.00445221, 0.001, 0.00857393, 0.0125279, 0.0137533, 0.028279, 0.0624284, 0.099389, 0.0886469, 0.101247, 0.104429, 0.23409, 0.293403, 0.313333, 0.37778, 1, 

Generation #49
308,1383,0.001, 0.00851867, 0.0125279, 0.0137533, 0.028279, 0.0624284, 0.084732, 0.0886469, 0.101247, 0.104429, 0.23409, 0.293403, 0.313333, 0.318974, 0.327553, 0.37778, 1, 

281,1853,0.00445221, 0.001, 0.00857393, 0.0125279, 0.0137533, 0.028279, 0.0624284, 0.099389, 0.0886469, 0.101247, 0.104429, 0.23409, 0.293403, 0.313333, 0.37778, 1, 

296,1484,0.00445221, 0.001, 0.0125279, 0.0137533, 0.028279, 0.0624284, 0.0624284, 0.099389, 0.0886469, 0.101247, 0.104429, 0.293403, 0.313333, 0.318974, 0.327553, 1, 

295,1500,0.00445221, 0.001, 0.00857393, 0.0125279, 0.0137533, 0.028279, 0.0624284, 0.099389, 0.0886469, 0.104429, 0.23409, 0.0286869, 0.313333, 0.318974, 0.327553, 0.37778, 1, 

300,1472,0.00445221, 0.001, 0.00857393, 0.0125279, 0.0137533, 0.028279, 0.0624284, 0.099389, 0.0886469, 0.101247, 0.104429, 0.23409, 0.293403, 0.313333, 0.37778, 1, 

286,1620,0.00445221, 0.001, 0.00857393, 0.0125279, 0.0137533, 0.028279, 0.0624284, 0.099389, 0.0886469, 0.101247, 0.23409, 0.293403, 0.318974, 0.327553, 0.37778, 1, 

291,1538,0.00445221, 0.001, 0.00857393, 0.0125279, 0.0137533, 0.028279, 0.0624284, 0.099389, 0.0886469, 0.101247, 0.104429, 0.293403, 0.313333, 0.318974, 0.37778, 1, 

N total=756, Time total=1696, percents=0.001, 0.00851867, 0.0125279, 0.0137533, 0.028279, 0.0624284, 0.084732, 0.0886469, 0.101247, 0.104429, 0.23409, 0.293403, 0.313333, 0.318974, 0.327553, 0.37778, 1, 

N total=729, Time total=2166, percents=0.00445221, 0.001, 0.00857393, 0.0125279, 0.0137533, 0.028279, 0.0624284, 0.099389, 0.0886469, 0.101247, 0.104429, 0.23409, 0.293403, 0.313333, 0.37778, 1, 

N total=744, Time total=1797, percents=0.00445221, 0.001, 0.0125279, 0.0137533, 0.028279, 0.0624284, 0.0624284, 0.099389, 0.0886469, 0.101247, 0.104429, 0.293403, 0.313333, 0.318974, 0.327553, 1, 

N total=743, Time total=1813, percents=0.00445221, 0.001, 0.00857393, 0.0125279, 0.0137533, 0.028279, 0.0624284, 0.099389, 0.0886469, 0.104429, 0.23409, 0.0286869, 0.313333, 0.318974, 0.327553, 0.37778, 1, 

N total=748, Time total=1785, percents=0.00445221, 0.001, 0.00857393, 0.0125279, 0.0137533, 0.028279, 0.0624284, 0.099389, 0.0886469, 0.101247, 0.104429, 0.23409, 0.293403, 0.313333, 0.37778, 1, 

N total=734, Time total=1933, percents=0.00445221, 0.001, 0.00857393, 0.0125279, 0.0137533, 0.028279, 0.0624284, 0.099389, 0.0886469, 0.101247, 0.23409, 0.293403, 0.318974, 0.327553, 0.37778, 1, 

N total=739, Time total=1851, percents=0.00445221, 0.001, 0.00857393, 0.0125279, 0.0137533, 0.028279, 0.0624284, 0.099389, 0.0886469, 0.101247, 0.104429, 0.293403, 0.313333, 0.318974, 0.37778, 1, 

