------------d=1, t=2, lambda=1, filename=./evaluation/Apache/Apache_2_1.csv------------
Computing partitioned counts of d-sets...
Ready to look at pairs based on partitioned counts...
First Stage N=60, Time=164
There are 1256 remaining non-locating pairs
--- Running GA Algorithm (phase2) ---
Running GA with std::execution::par
Generation #0
39,664,0.001, 0.139605, 0.219523, 0.33745, 0.371203, 0.465486, 0.467519, 0.710549, 0.845754, 0.979017, 1, 

40,427,0.001, 0.0600788, 0.0635621, 0.186926, 0.393744, 0.428939, 0.462547, 0.528912, 0.586828, 0.59682, 0.710195, 0.749947, 0.797568, 0.797852, 0.857405, 1, 

35,1509,0.001, 0.241673, 0.265286, 0.290314, 0.336279, 0.487772, 0.620769, 0.816555, 0.932469, 0.993654, 1, 

44,326,0.001, 0.0141455, 0.0218816, 0.0456565, 0.126535, 0.171676, 0.223503, 0.360442, 0.365705, 0.45636, 0.479251, 0.508095, 0.573131, 0.69156, 0.698453, 0.828251, 0.841254, 0.951562, 1, 

36,862,0.001, 0.114574, 0.207754, 0.488192, 0.608378, 0.656133, 0.80047, 0.927298, 0.950905, 0.999048, 1, 

41,381,0.001, 0.0485364, 0.0638381, 0.103473, 0.112512, 0.157387, 0.207509, 0.233497, 0.34024, 0.425078, 0.623749, 0.642961, 0.77327, 0.821051, 0.86027, 0.97724, 1, 

51,268,0.001, 0.0234395, 0.0390873, 0.0460126, 0.10239, 0.111185, 0.134715, 0.142228, 0.147769, 0.164878, 0.182603, 0.226503, 0.233886, 0.288066, 0.436146, 0.459913, 0.494666, 0.552769, 0.560013, 0.560173, 0.589613, 0.739437, 0.740977, 0.79267, 0.822098, 0.937526, 0.967304, 1, 

38,688,0.001, 0.0913149, 0.0944587, 0.224379, 0.371329, 0.372239, 0.376172, 0.471627, 0.496676, 0.646755, 0.764687, 0.803333, 0.833078, 0.955158, 1, 

Generation #1
44,199,0.001, 0.017851, 0.0501659, 0.0513067, 0.110065, 0.137015, 0.187127, 0.248876, 0.279032, 0.421249, 0.482314, 0.608711, 0.629831, 0.648283, 0.693314, 0.753794, 0.76718, 0.888482, 0.910419, 0.911522, 1, 

50,188,0.001, 0.0254464, 0.0366954, 0.0698214, 0.10015, 0.173493, 0.182069, 0.201765, 0.215415, 0.215567, 0.254165, 0.298254, 0.324787, 0.363879, 0.391268, 0.504137, 0.516423, 0.523615, 0.547289, 0.599489, 0.601581, 0.63591, 0.637151, 0.649966, 0.652885, 0.667381, 0.687122, 1, 

33,1274,0.001, 0.0566752, 0.0752839, 0.714621, 0.730876, 0.740987, 0.905804, 0.913058, 0.939807, 1, 

36,621,0.001, 0.145816, 0.146418, 0.150165, 0.28743, 0.388153, 0.444671, 0.927298, 0.950905, 0.999048, 1, 

43,256,0.001, 0.0141455, 0.0218816, 0.0456565, 0.126535, 0.171676, 0.223503, 0.360442, 0.365705, 0.45636, 0.479251, 0.508095, 0.573131, 0.69156, 0.698453, 0.828251, 0.841254, 0.951562, 1, 

37,257,0.001, 0.0340047, 0.0418319, 0.0980574, 0.126465, 0.20244, 0.211292, 0.212053, 0.264579, 0.275149, 0.728669, 1, 

Generation #2
44,199,0.001, 0.017851, 0.0501659, 0.0513067, 0.110065, 0.137015, 0.187127, 0.248876, 0.279032, 0.421249, 0.482314, 0.608711, 0.629831, 0.648283, 0.693314, 0.753794, 0.76718, 0.888482, 0.910419, 0.911522, 1, 

50,188,0.001, 0.0254464, 0.0366954, 0.0698214, 0.10015, 0.173493, 0.182069, 0.201765, 0.215415, 0.215567, 0.254165, 0.298254, 0.324787, 0.363879, 0.391268, 0.504137, 0.516423, 0.523615, 0.547289, 0.599489, 0.601581, 0.63591, 0.637151, 0.649966, 0.652885, 0.667381, 0.687122, 1, 

43,256,0.001, 0.0141455, 0.0218816, 0.0456565, 0.126535, 0.171676, 0.223503, 0.360442, 0.365705, 0.45636, 0.479251, 0.508095, 0.573131, 0.69156, 0.698453, 0.828251, 0.841254, 0.951562, 1, 

37,257,0.001, 0.0340047, 0.0418319, 0.0980574, 0.126465, 0.20244, 0.211292, 0.212053, 0.264579, 0.275149, 0.728669, 1, 

32,305,0.001, 0.0691965, 0.0903244, 0.091733, 0.181093, 0.206716, 0.275426, 0.927298, 0.950905, 0.999048, 1, 

35,302,0.001, 0.0340047, 0.0501067, 0.0980574, 0.126465, 0.20244, 0.211292, 0.212053, 0.264579, 0.999048, 1, 

Generation #3
32,305,0.001, 0.0691965, 0.0903244, 0.091733, 0.181093, 0.206716, 0.275426, 0.927298, 0.950905, 0.999048, 1, 

39,192,0.001, 0.0254464, 0.0366954, 0.103473, 0.112512, 0.157387, 0.207509, 0.233497, 0.157369, 0.34024, 0.425078, 0.623749, 0.642961, 0.833078, 0.955158, 1, 

35,213,0.001, 0.0340047, 0.0418319, 0.0980574, 0.126465, 0.20244, 0.0369993, 0.212053, 0.264579, 0.275149, 0.728669, 1, 

45,178,0.001, 0.0234395, 0.0390873, 0.0460126, 0.10239, 0.111185, 0.134715, 0.142228, 0.147769, 0.164878, 0.182603, 0.226503, 0.233886, 0.288066, 0.436146, 0.735605, 0.75248, 0.863046, 0.870344, 0.885862, 1, 

Generation #4
32,305,0.001, 0.0691965, 0.0903244, 0.091733, 0.181093, 0.206716, 0.275426, 0.927298, 0.950905, 0.999048, 1, 

36,173,0.001, 0.0234395, 0.0390873, 0.0460126, 0.10239, 0.134715, 0.142228, 0.147769, 0.164878, 0.182603, 0.226503, 0.233886, 1, 

34,204,0.001, 0.0234395, 0.0390873, 0.0460126, 0.10239, 0.111185, 0.134715, 0.142228, 0.147769, 1, 

Generation #5
32,305,0.001, 0.0691965, 0.0903244, 0.091733, 0.181093, 0.206716, 0.275426, 0.927298, 0.950905, 0.999048, 1, 

36,173,0.001, 0.0234395, 0.0390873, 0.0460126, 0.10239, 0.134715, 0.142228, 0.147769, 0.164878, 0.182603, 0.226503, 0.233886, 1, 

34,204,0.001, 0.0234395, 0.0390873, 0.0460126, 0.10239, 0.111185, 0.134715, 0.142228, 0.147769, 1, 

Generation #6
32,305,0.001, 0.0691965, 0.0903244, 0.091733, 0.181093, 0.206716, 0.275426, 0.927298, 0.950905, 0.999048, 1, 

34,167,0.001, 0.0254464, 0.0366954, 0.0698214, 0.10239, 0.111185, 0.134715, 0.142228, 0.147769, 0.164878, 0.182603, 0.226503, 0.233886, 1, 

33,271,0.001, 0.0254464, 0.0903244, 0.091733, 0.181093, 0.206716, 0.190131, 0.294544, 0.950905, 0.999048, 1, 

Generation #7
32,305,0.001, 0.0691965, 0.0903244, 0.091733, 0.181093, 0.206716, 0.275426, 0.927298, 0.950905, 0.999048, 1, 

34,167,0.001, 0.0254464, 0.0366954, 0.0698214, 0.10239, 0.111185, 0.134715, 0.142228, 0.147769, 0.164878, 0.182603, 0.226503, 0.233886, 1, 

33,271,0.001, 0.0254464, 0.0903244, 0.091733, 0.181093, 0.206716, 0.190131, 0.294544, 0.950905, 0.999048, 1, 

Generation #8
32,305,0.001, 0.0691965, 0.0903244, 0.091733, 0.181093, 0.206716, 0.275426, 0.927298, 0.950905, 0.999048, 1, 

34,167,0.001, 0.0254464, 0.0366954, 0.0698214, 0.10239, 0.111185, 0.134715, 0.142228, 0.147769, 0.164878, 0.182603, 0.226503, 0.233886, 1, 

33,271,0.001, 0.0254464, 0.0903244, 0.091733, 0.181093, 0.206716, 0.190131, 0.294544, 0.950905, 0.999048, 1, 

Generation #9
32,305,0.001, 0.0691965, 0.0903244, 0.091733, 0.181093, 0.206716, 0.275426, 0.927298, 0.950905, 0.999048, 1, 

34,167,0.001, 0.0254464, 0.0366954, 0.0698214, 0.10239, 0.111185, 0.134715, 0.142228, 0.147769, 0.164878, 0.182603, 0.226503, 0.233886, 1, 

33,271,0.001, 0.0254464, 0.0903244, 0.091733, 0.181093, 0.206716, 0.190131, 0.294544, 0.950905, 0.999048, 1, 

31,319,0.001, 0.0340047, 0.0418319, 0.0698214, 0.10239, 0.111185, 0.134715, 0.142228, 0.147769, 1, 

43,163,0.001, 0.0234395, 0.0390873, 0.0460126, 0.10239, 0.119161, 0.211292, 0.212053, 0.594561, 0.264579, 0.275149, 0.226503, 0.233886, 0.288066, 0.436146, 0.735605, 0.75248, 0.870344, 0.885862, 1, 

Generation #10
31,188,0.001, 0.0254464, 0.0366954, 0.0698214, 0.10015, 0.173493, 0.182069, 0.294544, 0.950905, 0.999048, 1, 

34,160,0.001, 0.017851, 0.0501659, 0.0513067, 0.10015, 0.20244, 0.211292, 0.212053, 0.264579, 0.215753, 1, 

40,151,0.001, 0.017851, 0.0612566, 0.0501659, 0.0513067, 0.110065, 0.137015, 0.207509, 0.233497, 0.157369, 0.34024, 0.425078, 0.623749, 0.642961, 0.833078, 0.955158, 1, 

Generation #11
31,188,0.001, 0.0254464, 0.0366954, 0.0698214, 0.10015, 0.173493, 0.182069, 0.294544, 0.950905, 0.999048, 1, 

34,160,0.001, 0.017851, 0.0501659, 0.0513067, 0.10015, 0.20244, 0.211292, 0.212053, 0.264579, 0.215753, 1, 

40,151,0.001, 0.017851, 0.0612566, 0.0501659, 0.0513067, 0.110065, 0.137015, 0.207509, 0.233497, 0.157369, 0.34024, 0.425078, 0.623749, 0.642961, 0.833078, 0.955158, 1, 

Generation #12
31,188,0.001, 0.0254464, 0.0366954, 0.0698214, 0.10015, 0.173493, 0.182069, 0.294544, 0.950905, 0.999048, 1, 

34,160,0.001, 0.017851, 0.0501659, 0.0513067, 0.10015, 0.20244, 0.211292, 0.212053, 0.264579, 0.215753, 1, 

40,151,0.001, 0.017851, 0.0612566, 0.0501659, 0.0513067, 0.110065, 0.137015, 0.207509, 0.233497, 0.157369, 0.34024, 0.425078, 0.623749, 0.642961, 0.833078, 0.955158, 1, 

33,170,0.001, 0.0234395, 0.0390873, 0.0460126, 0.10239, 0.111185, 0.142228, 0.147769, 0.164878, 1, 

46,146,0.001, 0.0234395, 0.0390873, 0.0460126, 0.10239, 0.111185, 0.134715, 0.142228, 0.147769, 0.164878, 0.182603, 0.226503, 0.233886, 0.288066, 0.436146, 0.735605, 0.75248, 0.863046, 0.870344, 0.885862, 1, 

Generation #13
31,188,0.001, 0.0254464, 0.0366954, 0.0698214, 0.10015, 0.173493, 0.182069, 0.294544, 0.950905, 0.999048, 1, 

34,160,0.001, 0.017851, 0.0501659, 0.0513067, 0.10015, 0.20244, 0.211292, 0.212053, 0.264579, 0.215753, 1, 

40,151,0.001, 0.017851, 0.0612566, 0.0501659, 0.0513067, 0.110065, 0.137015, 0.207509, 0.233497, 0.157369, 0.34024, 0.425078, 0.623749, 0.642961, 0.833078, 0.955158, 1, 

33,170,0.001, 0.0234395, 0.0390873, 0.0460126, 0.10239, 0.111185, 0.142228, 0.147769, 0.164878, 1, 

46,146,0.001, 0.0234395, 0.0390873, 0.0460126, 0.10239, 0.111185, 0.134715, 0.142228, 0.147769, 0.164878, 0.182603, 0.226503, 0.233886, 0.288066, 0.436146, 0.735605, 0.75248, 0.863046, 0.870344, 0.885862, 1, 

Generation #14
31,188,0.001, 0.0254464, 0.0366954, 0.0698214, 0.10015, 0.173493, 0.182069, 0.294544, 0.950905, 0.999048, 1, 

34,160,0.001, 0.017851, 0.0501659, 0.0513067, 0.10015, 0.20244, 0.211292, 0.212053, 0.264579, 0.215753, 1, 

33,170,0.001, 0.0234395, 0.0390873, 0.0460126, 0.10239, 0.111185, 0.142228, 0.147769, 0.164878, 1, 

46,146,0.001, 0.0234395, 0.0390873, 0.0460126, 0.10239, 0.111185, 0.134715, 0.142228, 0.147769, 0.164878, 0.182603, 0.226503, 0.233886, 0.288066, 0.436146, 0.735605, 0.75248, 0.863046, 0.870344, 0.885862, 1, 

39,147,0.001, 0.0234395, 0.0390873, 0.0501659, 0.0513067, 0.110065, 0.137015, 0.207509, 0.233497, 0.157369, 0.34024, 0.425078, 0.746842, 0.623749, 0.642961, 0.833078, 0.955158, 1, 

Generation #15
31,188,0.001, 0.0254464, 0.0366954, 0.0698214, 0.10015, 0.173493, 0.182069, 0.294544, 0.950905, 0.999048, 1, 

34,160,0.001, 0.017851, 0.0501659, 0.0513067, 0.10015, 0.20244, 0.211292, 0.212053, 0.264579, 0.215753, 1, 

33,170,0.001, 0.0234395, 0.0390873, 0.0460126, 0.10239, 0.111185, 0.142228, 0.147769, 0.164878, 1, 

39,147,0.001, 0.0234395, 0.0390873, 0.0501659, 0.0513067, 0.110065, 0.137015, 0.207509, 0.233497, 0.157369, 0.34024, 0.425078, 0.746842, 0.623749, 0.642961, 0.833078, 0.955158, 1, 

43,145,0.001, 0.0234395, 0.0390873, 0.0460126, 0.10239, 0.111185, 0.134715, 0.142228, 0.147769, 0.164878, 0.182603, 0.226503, 0.233886, 0.288066, 0.436146, 0.343296, 0.735605, 0.75248, 0.863046, 0.870344, 0.885862, 1, 

Generation #16
31,188,0.001, 0.0254464, 0.0366954, 0.0698214, 0.10015, 0.173493, 0.182069, 0.294544, 0.950905, 0.999048, 1, 

35,159,0.001, 0.0254464, 0.0366954, 0.0698214, 0.10239, 0.134715, 0.142228, 0.147769, 0.369654, 0.728669, 1, 

33,160,0.001, 0.0234395, 0.0390873, 0.0460126, 0.126465, 0.20244, 0.232698, 0.211292, 0.147769, 0.164878, 1, 

39,143,0.001, 0.0234395, 0.0390873, 0.0460126, 0.10239, 0.111185, 0.134715, 0.142228, 0.369654, 0.728669, 1, 

Generation #17
31,188,0.001, 0.0254464, 0.0366954, 0.0698214, 0.10015, 0.173493, 0.182069, 0.294544, 0.950905, 0.999048, 1, 

39,143,0.001, 0.0234395, 0.0390873, 0.0460126, 0.10239, 0.111185, 0.134715, 0.142228, 0.369654, 0.728669, 1, 

33,159,0.001, 0.0234395, 0.0390873, 0.0460126, 0.10239, 0.111185, 0.134715, 0.147769, 0.164878, 1, 

32,174,0.001, 0.0254464, 0.0366954, 0.0698214, 0.10239, 0.111185, 0.134715, 0.142228, 0.147769, 1, 

Generation #18
31,188,0.001, 0.0254464, 0.0366954, 0.0698214, 0.10015, 0.173493, 0.182069, 0.294544, 0.950905, 0.999048, 1, 

39,143,0.001, 0.0234395, 0.0390873, 0.0460126, 0.10239, 0.111185, 0.134715, 0.142228, 0.369654, 0.728669, 1, 

33,159,0.001, 0.0234395, 0.0390873, 0.0460126, 0.10239, 0.111185, 0.134715, 0.147769, 0.164878, 1, 

32,174,0.001, 0.0254464, 0.0366954, 0.0698214, 0.10239, 0.111185, 0.134715, 0.142228, 0.147769, 1, 

Generation #19
31,188,0.001, 0.0254464, 0.0366954, 0.0698214, 0.10015, 0.173493, 0.182069, 0.294544, 0.950905, 0.999048, 1, 

39,143,0.001, 0.0234395, 0.0390873, 0.0460126, 0.10239, 0.111185, 0.134715, 0.142228, 0.369654, 0.728669, 1, 

33,159,0.001, 0.0234395, 0.0390873, 0.0460126, 0.10239, 0.111185, 0.134715, 0.147769, 0.164878, 1, 

32,174,0.001, 0.0254464, 0.0366954, 0.0698214, 0.10239, 0.111185, 0.134715, 0.142228, 0.147769, 1, 

36,156,0.001, 0.0254464, 0.0390873, 0.0698214, 0.10015, 0.173493, 0.182069, 0.294544, 0.950905, 0.999048, 1, 

Generation #20
39,143,0.001, 0.0234395, 0.0390873, 0.0460126, 0.10239, 0.111185, 0.134715, 0.142228, 0.369654, 0.728669, 1, 

33,159,0.001, 0.0234395, 0.0390873, 0.0460126, 0.10239, 0.111185, 0.134715, 0.147769, 0.164878, 1, 

32,174,0.001, 0.0254464, 0.0366954, 0.0698214, 0.10239, 0.111185, 0.134715, 0.142228, 0.147769, 1, 

36,156,0.001, 0.0254464, 0.0390873, 0.0698214, 0.10015, 0.173493, 0.182069, 0.294544, 0.950905, 0.999048, 1, 

31,175,0.001, 0.0254464, 0.0366954, 0.0698214, 0.10239, 0.111185, 0.134715, 0.142228, 0.147769, 1, 

Generation #21
39,143,0.001, 0.0234395, 0.0390873, 0.0460126, 0.10239, 0.111185, 0.134715, 0.142228, 0.369654, 0.728669, 1, 

33,159,0.001, 0.0234395, 0.0390873, 0.0460126, 0.10239, 0.111185, 0.134715, 0.147769, 0.164878, 1, 

36,156,0.001, 0.0254464, 0.0390873, 0.0698214, 0.10015, 0.173493, 0.182069, 0.294544, 0.950905, 0.999048, 1, 

31,175,0.001, 0.0254464, 0.0366954, 0.0698214, 0.10239, 0.111185, 0.134715, 0.142228, 0.147769, 1, 

32,173,0.001, 0.0254464, 0.0390873, 0.0460126, 0.10239, 0.20244, 0.211292, 0.212053, 0.264579, 0.215753, 1, 

Generation #22
39,143,0.001, 0.0234395, 0.0390873, 0.0460126, 0.10239, 0.111185, 0.134715, 0.142228, 0.369654, 0.728669, 1, 

33,159,0.001, 0.0234395, 0.0390873, 0.0460126, 0.10239, 0.111185, 0.134715, 0.147769, 0.164878, 1, 

36,156,0.001, 0.0254464, 0.0390873, 0.0698214, 0.10015, 0.173493, 0.182069, 0.294544, 0.950905, 0.999048, 1, 

31,175,0.001, 0.0254464, 0.0366954, 0.0698214, 0.10239, 0.111185, 0.134715, 0.142228, 0.147769, 1, 

32,173,0.001, 0.0254464, 0.0390873, 0.0460126, 0.10239, 0.20244, 0.211292, 0.212053, 0.264579, 0.215753, 1, 

Generation #23
39,143,0.001, 0.0234395, 0.0390873, 0.0460126, 0.10239, 0.111185, 0.134715, 0.142228, 0.369654, 0.728669, 1, 

33,159,0.001, 0.0234395, 0.0390873, 0.0460126, 0.10239, 0.111185, 0.134715, 0.147769, 0.164878, 1, 

36,156,0.001, 0.0254464, 0.0390873, 0.0698214, 0.10015, 0.173493, 0.182069, 0.294544, 0.950905, 0.999048, 1, 

31,175,0.001, 0.0254464, 0.0366954, 0.0698214, 0.10239, 0.111185, 0.134715, 0.142228, 0.147769, 1, 

32,163,0.001, 0.0234395, 0.0390873, 0.0460126, 0.10239, 0.111185, 0.134715, 0.142228, 0.147769, 0.503057, 1, 

Generation #24
39,143,0.001, 0.0234395, 0.0390873, 0.0460126, 0.10239, 0.111185, 0.134715, 0.142228, 0.369654, 0.728669, 1, 

33,159,0.001, 0.0234395, 0.0390873, 0.0460126, 0.10239, 0.111185, 0.134715, 0.147769, 0.164878, 1, 

36,156,0.001, 0.0254464, 0.0390873, 0.0698214, 0.10015, 0.173493, 0.182069, 0.294544, 0.950905, 0.999048, 1, 

31,175,0.001, 0.0254464, 0.0366954, 0.0698214, 0.10239, 0.111185, 0.134715, 0.142228, 0.147769, 1, 

32,163,0.001, 0.0234395, 0.0390873, 0.0460126, 0.10239, 0.111185, 0.134715, 0.142228, 0.147769, 0.503057, 1, 

Generation #25
39,143,0.001, 0.0234395, 0.0390873, 0.0460126, 0.10239, 0.111185, 0.134715, 0.142228, 0.369654, 0.728669, 1, 

33,159,0.001, 0.0234395, 0.0390873, 0.0460126, 0.10239, 0.111185, 0.134715, 0.147769, 0.164878, 1, 

36,156,0.001, 0.0254464, 0.0390873, 0.0698214, 0.10015, 0.173493, 0.182069, 0.294544, 0.950905, 0.999048, 1, 

31,175,0.001, 0.0254464, 0.0366954, 0.0698214, 0.10239, 0.111185, 0.134715, 0.142228, 0.147769, 1, 

32,163,0.001, 0.0234395, 0.0390873, 0.0460126, 0.10239, 0.111185, 0.134715, 0.142228, 0.147769, 0.503057, 1, 

Generation #26
39,143,0.001, 0.0234395, 0.0390873, 0.0460126, 0.10239, 0.111185, 0.134715, 0.142228, 0.369654, 0.728669, 1, 

31,175,0.001, 0.0254464, 0.0366954, 0.0698214, 0.10239, 0.111185, 0.134715, 0.142228, 0.147769, 1, 

32,152,0.001, 0.0234395, 0.0390873, 0.0460126, 0.10239, 0.111185, 0.134715, 0.212053, 0.264579, 0.215753, 1, 

Generation #27
39,143,0.001, 0.0234395, 0.0390873, 0.0460126, 0.10239, 0.111185, 0.134715, 0.142228, 0.369654, 0.728669, 1, 

31,175,0.001, 0.0254464, 0.0366954, 0.0698214, 0.10239, 0.111185, 0.134715, 0.142228, 0.147769, 1, 

32,152,0.001, 0.0234395, 0.0390873, 0.0460126, 0.10239, 0.111185, 0.134715, 0.212053, 0.264579, 0.215753, 1, 

33,148,0.001, 0.017851, 0.0390873, 0.0460126, 0.10239, 0.111185, 0.134715, 0.142228, 0.147769, 1, 

Generation #28
39,143,0.001, 0.0234395, 0.0390873, 0.0460126, 0.10239, 0.111185, 0.134715, 0.142228, 0.369654, 0.728669, 1, 

31,175,0.001, 0.0254464, 0.0366954, 0.0698214, 0.10239, 0.111185, 0.134715, 0.142228, 0.147769, 1, 

32,152,0.001, 0.0234395, 0.0390873, 0.0460126, 0.10239, 0.111185, 0.134715, 0.212053, 0.264579, 0.215753, 1, 

33,148,0.001, 0.017851, 0.0390873, 0.0460126, 0.10239, 0.111185, 0.134715, 0.142228, 0.147769, 1, 

Generation #29
39,143,0.001, 0.0234395, 0.0390873, 0.0460126, 0.10239, 0.111185, 0.134715, 0.142228, 0.369654, 0.728669, 1, 

31,175,0.001, 0.0254464, 0.0366954, 0.0698214, 0.10239, 0.111185, 0.134715, 0.142228, 0.147769, 1, 

32,152,0.001, 0.0234395, 0.0390873, 0.0460126, 0.10239, 0.111185, 0.134715, 0.212053, 0.264579, 0.215753, 1, 

33,148,0.001, 0.017851, 0.0390873, 0.0460126, 0.10239, 0.111185, 0.134715, 0.142228, 0.147769, 1, 

Generation #30
39,143,0.001, 0.0234395, 0.0390873, 0.0460126, 0.10239, 0.111185, 0.134715, 0.142228, 0.369654, 0.728669, 1, 

31,175,0.001, 0.0254464, 0.0366954, 0.0698214, 0.10239, 0.111185, 0.134715, 0.142228, 0.147769, 1, 

32,152,0.001, 0.0234395, 0.0390873, 0.0460126, 0.10239, 0.111185, 0.134715, 0.212053, 0.264579, 0.215753, 1, 

33,148,0.001, 0.017851, 0.0390873, 0.0460126, 0.10239, 0.111185, 0.134715, 0.142228, 0.147769, 1, 

Generation #31
39,143,0.001, 0.0234395, 0.0390873, 0.0460126, 0.10239, 0.111185, 0.134715, 0.142228, 0.369654, 0.728669, 1, 

31,175,0.001, 0.0254464, 0.0366954, 0.0698214, 0.10239, 0.111185, 0.134715, 0.142228, 0.147769, 1, 

32,152,0.001, 0.0234395, 0.0390873, 0.0460126, 0.10239, 0.111185, 0.134715, 0.212053, 0.264579, 0.215753, 1, 

33,148,0.001, 0.017851, 0.0390873, 0.0460126, 0.10239, 0.111185, 0.134715, 0.142228, 0.147769, 1, 

Generation #32
39,143,0.001, 0.0234395, 0.0390873, 0.0460126, 0.10239, 0.111185, 0.134715, 0.142228, 0.369654, 0.728669, 1, 

31,175,0.001, 0.0254464, 0.0366954, 0.0698214, 0.10239, 0.111185, 0.134715, 0.142228, 0.147769, 1, 

32,152,0.001, 0.0234395, 0.0390873, 0.0460126, 0.10239, 0.111185, 0.134715, 0.212053, 0.264579, 0.215753, 1, 

33,148,0.001, 0.017851, 0.0390873, 0.0460126, 0.10239, 0.111185, 0.134715, 0.142228, 0.147769, 1, 

34,144,0.001, 0.0234395, 0.0390873, 0.0501659, 0.0513067, 0.110065, 0.211292, 0.212053, 0.197145, 0.215753, 1, 

Generation #33
39,143,0.001, 0.0234395, 0.0390873, 0.0460126, 0.10239, 0.111185, 0.134715, 0.142228, 0.369654, 0.728669, 1, 

31,175,0.001, 0.0254464, 0.0366954, 0.0698214, 0.10239, 0.111185, 0.134715, 0.142228, 0.147769, 1, 

32,152,0.001, 0.0234395, 0.0390873, 0.0460126, 0.10239, 0.111185, 0.134715, 0.212053, 0.264579, 0.215753, 1, 

33,148,0.001, 0.017851, 0.0390873, 0.0460126, 0.10239, 0.111185, 0.134715, 0.142228, 0.147769, 1, 

34,144,0.001, 0.0234395, 0.0390873, 0.0501659, 0.0513067, 0.110065, 0.211292, 0.212053, 0.197145, 0.215753, 1, 

Generation #34
39,143,0.001, 0.0234395, 0.0390873, 0.0460126, 0.10239, 0.111185, 0.134715, 0.142228, 0.369654, 0.728669, 1, 

31,175,0.001, 0.0254464, 0.0366954, 0.0698214, 0.10239, 0.111185, 0.134715, 0.142228, 0.147769, 1, 

32,152,0.001, 0.0234395, 0.0390873, 0.0460126, 0.10239, 0.111185, 0.134715, 0.212053, 0.264579, 0.215753, 1, 

33,148,0.001, 0.017851, 0.0390873, 0.0460126, 0.10239, 0.111185, 0.134715, 0.142228, 0.147769, 1, 

34,144,0.001, 0.0234395, 0.0390873, 0.0501659, 0.0513067, 0.110065, 0.211292, 0.212053, 0.197145, 0.215753, 1, 

Generation #35
39,143,0.001, 0.0234395, 0.0390873, 0.0460126, 0.10239, 0.111185, 0.134715, 0.142228, 0.369654, 0.728669, 1, 

31,175,0.001, 0.0254464, 0.0366954, 0.0698214, 0.10239, 0.111185, 0.134715, 0.142228, 0.147769, 1, 

32,152,0.001, 0.0234395, 0.0390873, 0.0460126, 0.10239, 0.111185, 0.134715, 0.212053, 0.264579, 0.215753, 1, 

33,148,0.001, 0.017851, 0.0390873, 0.0460126, 0.10239, 0.111185, 0.134715, 0.142228, 0.147769, 1, 

34,144,0.001, 0.0234395, 0.0390873, 0.0501659, 0.0513067, 0.110065, 0.211292, 0.212053, 0.197145, 0.215753, 1, 

Generation #36
39,143,0.001, 0.0234395, 0.0390873, 0.0460126, 0.10239, 0.111185, 0.134715, 0.142228, 0.369654, 0.728669, 1, 

31,175,0.001, 0.0254464, 0.0366954, 0.0698214, 0.10239, 0.111185, 0.134715, 0.142228, 0.147769, 1, 

32,152,0.001, 0.0234395, 0.0390873, 0.0460126, 0.10239, 0.111185, 0.134715, 0.212053, 0.264579, 0.215753, 1, 

33,148,0.001, 0.017851, 0.0390873, 0.0460126, 0.10239, 0.111185, 0.134715, 0.142228, 0.147769, 1, 

34,144,0.001, 0.0234395, 0.0390873, 0.0501659, 0.0513067, 0.110065, 0.211292, 0.212053, 0.197145, 0.215753, 1, 

Generation #37
39,143,0.001, 0.0234395, 0.0390873, 0.0460126, 0.10239, 0.111185, 0.134715, 0.142228, 0.369654, 0.728669, 1, 

31,175,0.001, 0.0254464, 0.0366954, 0.0698214, 0.10239, 0.111185, 0.134715, 0.142228, 0.147769, 1, 

32,152,0.001, 0.0234395, 0.0390873, 0.0460126, 0.10239, 0.111185, 0.134715, 0.212053, 0.264579, 0.215753, 1, 

33,148,0.001, 0.017851, 0.0390873, 0.0460126, 0.10239, 0.111185, 0.134715, 0.142228, 0.147769, 1, 

34,144,0.001, 0.0234395, 0.0390873, 0.0501659, 0.0513067, 0.110065, 0.211292, 0.212053, 0.197145, 0.215753, 1, 

Generation #38
39,143,0.001, 0.0234395, 0.0390873, 0.0460126, 0.10239, 0.111185, 0.134715, 0.142228, 0.369654, 0.728669, 1, 

31,175,0.001, 0.0254464, 0.0366954, 0.0698214, 0.10239, 0.111185, 0.134715, 0.142228, 0.147769, 1, 

32,152,0.001, 0.0234395, 0.0390873, 0.0460126, 0.10239, 0.111185, 0.134715, 0.212053, 0.264579, 0.215753, 1, 

33,148,0.001, 0.017851, 0.0390873, 0.0460126, 0.10239, 0.111185, 0.134715, 0.142228, 0.147769, 1, 

34,144,0.001, 0.0234395, 0.0390873, 0.0501659, 0.0513067, 0.110065, 0.211292, 0.212053, 0.197145, 0.215753, 1, 

44,130,0.001, 0.0234395, 0.0390873, 0.0460126, 0.10239, 0.111185, 0.134715, 0.142228, 0.147769, 0.164878, 0.182603, 0.226503, 0.233886, 0.288066, 0.436146, 0.735605, 0.75248, 0.863046, 0.870344, 0.885862, 1, 

Generation #39
31,175,0.001, 0.0254464, 0.0366954, 0.0698214, 0.10239, 0.111185, 0.134715, 0.142228, 0.147769, 1, 

32,152,0.001, 0.0234395, 0.0390873, 0.0460126, 0.10239, 0.111185, 0.134715, 0.212053, 0.264579, 0.215753, 1, 

33,148,0.001, 0.017851, 0.0390873, 0.0460126, 0.10239, 0.111185, 0.134715, 0.142228, 0.147769, 1, 

34,144,0.001, 0.0234395, 0.0390873, 0.0501659, 0.0513067, 0.110065, 0.211292, 0.212053, 0.197145, 0.215753, 1, 

44,130,0.001, 0.0234395, 0.0390873, 0.0460126, 0.10239, 0.111185, 0.134715, 0.142228, 0.147769, 0.164878, 0.182603, 0.226503, 0.233886, 0.288066, 0.436146, 0.735605, 0.75248, 0.863046, 0.870344, 0.885862, 1, 

38,139,0.001, 0.0234395, 0.0390873, 0.0501659, 0.0513067, 0.110065, 0.211292, 0.212053, 0.403544, 0.197145, 0.215753, 1, 

Generation #40
31,175,0.001, 0.0254464, 0.0366954, 0.0698214, 0.10239, 0.111185, 0.134715, 0.142228, 0.147769, 1, 

32,152,0.001, 0.0234395, 0.0390873, 0.0460126, 0.10239, 0.111185, 0.134715, 0.212053, 0.264579, 0.215753, 1, 

33,148,0.001, 0.017851, 0.0390873, 0.0460126, 0.10239, 0.111185, 0.134715, 0.142228, 0.147769, 1, 

34,144,0.001, 0.0234395, 0.0390873, 0.0501659, 0.0513067, 0.110065, 0.211292, 0.212053, 0.197145, 0.215753, 1, 

44,130,0.001, 0.0234395, 0.0390873, 0.0460126, 0.10239, 0.111185, 0.134715, 0.142228, 0.147769, 0.164878, 0.182603, 0.226503, 0.233886, 0.288066, 0.436146, 0.735605, 0.75248, 0.863046, 0.870344, 0.885862, 1, 

38,139,0.001, 0.0234395, 0.0390873, 0.0501659, 0.0513067, 0.110065, 0.211292, 0.212053, 0.403544, 0.197145, 0.215753, 1, 

Generation #41
31,175,0.001, 0.0254464, 0.0366954, 0.0698214, 0.10239, 0.111185, 0.134715, 0.142228, 0.147769, 1, 

32,152,0.001, 0.0234395, 0.0390873, 0.0460126, 0.10239, 0.111185, 0.134715, 0.212053, 0.264579, 0.215753, 1, 

33,148,0.001, 0.017851, 0.0390873, 0.0460126, 0.10239, 0.111185, 0.134715, 0.142228, 0.147769, 1, 

34,144,0.001, 0.0234395, 0.0390873, 0.0501659, 0.0513067, 0.110065, 0.211292, 0.212053, 0.197145, 0.215753, 1, 

44,130,0.001, 0.0234395, 0.0390873, 0.0460126, 0.10239, 0.111185, 0.134715, 0.142228, 0.147769, 0.164878, 0.182603, 0.226503, 0.233886, 0.288066, 0.436146, 0.735605, 0.75248, 0.863046, 0.870344, 0.885862, 1, 

38,139,0.001, 0.0234395, 0.0390873, 0.0501659, 0.0513067, 0.110065, 0.211292, 0.212053, 0.403544, 0.197145, 0.215753, 1, 

Generation #42
31,175,0.001, 0.0254464, 0.0366954, 0.0698214, 0.10239, 0.111185, 0.134715, 0.142228, 0.147769, 1, 

32,152,0.001, 0.0234395, 0.0390873, 0.0460126, 0.10239, 0.111185, 0.134715, 0.212053, 0.264579, 0.215753, 1, 

33,148,0.001, 0.017851, 0.0390873, 0.0460126, 0.10239, 0.111185, 0.134715, 0.142228, 0.147769, 1, 

34,144,0.001, 0.0234395, 0.0390873, 0.0501659, 0.0513067, 0.110065, 0.211292, 0.212053, 0.197145, 0.215753, 1, 

44,130,0.001, 0.0234395, 0.0390873, 0.0460126, 0.10239, 0.111185, 0.134715, 0.142228, 0.147769, 0.164878, 0.182603, 0.226503, 0.233886, 0.288066, 0.436146, 0.735605, 0.75248, 0.863046, 0.870344, 0.885862, 1, 

38,139,0.001, 0.0234395, 0.0390873, 0.0501659, 0.0513067, 0.110065, 0.211292, 0.212053, 0.403544, 0.197145, 0.215753, 1, 

Generation #43
31,175,0.001, 0.0254464, 0.0366954, 0.0698214, 0.10239, 0.111185, 0.134715, 0.142228, 0.147769, 1, 

32,152,0.001, 0.0234395, 0.0390873, 0.0460126, 0.10239, 0.111185, 0.134715, 0.212053, 0.264579, 0.215753, 1, 

33,148,0.001, 0.017851, 0.0390873, 0.0460126, 0.10239, 0.111185, 0.134715, 0.142228, 0.147769, 1, 

34,144,0.001, 0.0234395, 0.0390873, 0.0501659, 0.0513067, 0.110065, 0.211292, 0.212053, 0.197145, 0.215753, 1, 

44,130,0.001, 0.0234395, 0.0390873, 0.0460126, 0.10239, 0.111185, 0.134715, 0.142228, 0.147769, 0.164878, 0.182603, 0.226503, 0.233886, 0.288066, 0.436146, 0.735605, 0.75248, 0.863046, 0.870344, 0.885862, 1, 

38,139,0.001, 0.0234395, 0.0390873, 0.0501659, 0.0513067, 0.110065, 0.211292, 0.212053, 0.403544, 0.197145, 0.215753, 1, 

Generation #44
31,175,0.001, 0.0254464, 0.0366954, 0.0698214, 0.10239, 0.111185, 0.134715, 0.142228, 0.147769, 1, 

32,152,0.001, 0.0234395, 0.0390873, 0.0460126, 0.10239, 0.111185, 0.134715, 0.212053, 0.264579, 0.215753, 1, 

33,148,0.001, 0.017851, 0.0390873, 0.0460126, 0.10239, 0.111185, 0.134715, 0.142228, 0.147769, 1, 

34,144,0.001, 0.0234395, 0.0390873, 0.0501659, 0.0513067, 0.110065, 0.211292, 0.212053, 0.197145, 0.215753, 1, 

44,130,0.001, 0.0234395, 0.0390873, 0.0460126, 0.10239, 0.111185, 0.134715, 0.142228, 0.147769, 0.164878, 0.182603, 0.226503, 0.233886, 0.288066, 0.436146, 0.735605, 0.75248, 0.863046, 0.870344, 0.885862, 1, 

38,139,0.001, 0.0234395, 0.0390873, 0.0501659, 0.0513067, 0.110065, 0.211292, 0.212053, 0.403544, 0.197145, 0.215753, 1, 

Generation #45
31,175,0.001, 0.0254464, 0.0366954, 0.0698214, 0.10239, 0.111185, 0.134715, 0.142228, 0.147769, 1, 

32,152,0.001, 0.0234395, 0.0390873, 0.0460126, 0.10239, 0.111185, 0.134715, 0.212053, 0.264579, 0.215753, 1, 

33,148,0.001, 0.017851, 0.0390873, 0.0460126, 0.10239, 0.111185, 0.134715, 0.142228, 0.147769, 1, 

34,144,0.001, 0.0234395, 0.0390873, 0.0501659, 0.0513067, 0.110065, 0.211292, 0.212053, 0.197145, 0.215753, 1, 

44,130,0.001, 0.0234395, 0.0390873, 0.0460126, 0.10239, 0.111185, 0.134715, 0.142228, 0.147769, 0.164878, 0.182603, 0.226503, 0.233886, 0.288066, 0.436146, 0.735605, 0.75248, 0.863046, 0.870344, 0.885862, 1, 

38,139,0.001, 0.0234395, 0.0390873, 0.0501659, 0.0513067, 0.110065, 0.211292, 0.212053, 0.403544, 0.197145, 0.215753, 1, 

Generation #46
31,175,0.001, 0.0254464, 0.0366954, 0.0698214, 0.10239, 0.111185, 0.134715, 0.142228, 0.147769, 1, 

32,152,0.001, 0.0234395, 0.0390873, 0.0460126, 0.10239, 0.111185, 0.134715, 0.212053, 0.264579, 0.215753, 1, 

33,148,0.001, 0.017851, 0.0390873, 0.0460126, 0.10239, 0.111185, 0.134715, 0.142228, 0.147769, 1, 

34,144,0.001, 0.0234395, 0.0390873, 0.0501659, 0.0513067, 0.110065, 0.211292, 0.212053, 0.197145, 0.215753, 1, 

44,130,0.001, 0.0234395, 0.0390873, 0.0460126, 0.10239, 0.111185, 0.134715, 0.142228, 0.147769, 0.164878, 0.182603, 0.226503, 0.233886, 0.288066, 0.436146, 0.735605, 0.75248, 0.863046, 0.870344, 0.885862, 1, 

38,139,0.001, 0.0234395, 0.0390873, 0.0501659, 0.0513067, 0.110065, 0.211292, 0.212053, 0.403544, 0.197145, 0.215753, 1, 

Generation #47
32,152,0.001, 0.0234395, 0.0390873, 0.0460126, 0.10239, 0.111185, 0.134715, 0.212053, 0.264579, 0.215753, 1, 

33,148,0.001, 0.017851, 0.0390873, 0.0460126, 0.10239, 0.111185, 0.134715, 0.142228, 0.147769, 1, 

34,144,0.001, 0.0234395, 0.0390873, 0.0501659, 0.0513067, 0.110065, 0.211292, 0.212053, 0.197145, 0.215753, 1, 

44,130,0.001, 0.0234395, 0.0390873, 0.0460126, 0.10239, 0.111185, 0.134715, 0.142228, 0.147769, 0.164878, 0.182603, 0.226503, 0.233886, 0.288066, 0.436146, 0.735605, 0.75248, 0.863046, 0.870344, 0.885862, 1, 

38,139,0.001, 0.0234395, 0.0390873, 0.0501659, 0.0513067, 0.110065, 0.211292, 0.212053, 0.403544, 0.197145, 0.215753, 1, 

31,174,0.001, 0.0234395, 0.0390873, 0.0460126, 0.10239, 0.111185, 0.134715, 0.142228, 0.147769, 1, 

Generation #48
32,152,0.001, 0.0234395, 0.0390873, 0.0460126, 0.10239, 0.111185, 0.134715, 0.212053, 0.264579, 0.215753, 1, 

33,148,0.001, 0.017851, 0.0390873, 0.0460126, 0.10239, 0.111185, 0.134715, 0.142228, 0.147769, 1, 

34,144,0.001, 0.0234395, 0.0390873, 0.0501659, 0.0513067, 0.110065, 0.211292, 0.212053, 0.197145, 0.215753, 1, 

44,130,0.001, 0.0234395, 0.0390873, 0.0460126, 0.10239, 0.111185, 0.134715, 0.142228, 0.147769, 0.164878, 0.182603, 0.226503, 0.233886, 0.288066, 0.436146, 0.735605, 0.75248, 0.863046, 0.870344, 0.885862, 1, 

38,139,0.001, 0.0234395, 0.0390873, 0.0501659, 0.0513067, 0.110065, 0.211292, 0.212053, 0.403544, 0.197145, 0.215753, 1, 

31,174,0.001, 0.0234395, 0.0390873, 0.0460126, 0.10239, 0.111185, 0.134715, 0.142228, 0.147769, 1, 

Generation #49
32,152,0.001, 0.0234395, 0.0390873, 0.0460126, 0.10239, 0.111185, 0.134715, 0.212053, 0.264579, 0.215753, 1, 

33,148,0.001, 0.017851, 0.0390873, 0.0460126, 0.10239, 0.111185, 0.134715, 0.142228, 0.147769, 1, 

34,144,0.001, 0.0234395, 0.0390873, 0.0501659, 0.0513067, 0.110065, 0.211292, 0.212053, 0.197145, 0.215753, 1, 

44,130,0.001, 0.0234395, 0.0390873, 0.0460126, 0.10239, 0.111185, 0.134715, 0.142228, 0.147769, 0.164878, 0.182603, 0.226503, 0.233886, 0.288066, 0.436146, 0.735605, 0.75248, 0.863046, 0.870344, 0.885862, 1, 

38,139,0.001, 0.0234395, 0.0390873, 0.0501659, 0.0513067, 0.110065, 0.211292, 0.212053, 0.403544, 0.197145, 0.215753, 1, 

31,174,0.001, 0.0234395, 0.0390873, 0.0460126, 0.10239, 0.111185, 0.134715, 0.142228, 0.147769, 1, 

--- Pareto Front Solutions ---
Solution 0: N total=92 (N_initial=60, N_added=32), Time total=316 ms, Saved to: ./results/Apache_t2_l1_pareto_0.csv, percents=0.001, 0.0234395, 0.0390873, 0.0460126, 0.10239, 0.111185, 0.134715, 0.212053, 0.264579, 0.215753, 1, 

Solution 1: N total=93 (N_initial=60, N_added=33), Time total=312 ms, Saved to: ./results/Apache_t2_l1_pareto_1.csv, percents=0.001, 0.017851, 0.0390873, 0.0460126, 0.10239, 0.111185, 0.134715, 0.142228, 0.147769, 1, 

Solution 2: N total=94 (N_initial=60, N_added=34), Time total=308 ms, Saved to: ./results/Apache_t2_l1_pareto_2.csv, percents=0.001, 0.0234395, 0.0390873, 0.0501659, 0.0513067, 0.110065, 0.211292, 0.212053, 0.197145, 0.215753, 1, 

Solution 3: N total=104 (N_initial=60, N_added=44), Time total=294 ms, Saved to: ./results/Apache_t2_l1_pareto_3.csv, percents=0.001, 0.0234395, 0.0390873, 0.0460126, 0.10239, 0.111185, 0.134715, 0.142228, 0.147769, 0.164878, 0.182603, 0.226503, 0.233886, 0.288066, 0.436146, 0.735605, 0.75248, 0.863046, 0.870344, 0.885862, 1, 

Solution 4: N total=98 (N_initial=60, N_added=38), Time total=303 ms, Saved to: ./results/Apache_t2_l1_pareto_4.csv, percents=0.001, 0.0234395, 0.0390873, 0.0501659, 0.0513067, 0.110065, 0.211292, 0.212053, 0.403544, 0.197145, 0.215753, 1, 

Solution 5: N total=91 (N_initial=60, N_added=31), Time total=338 ms, Saved to: ./results/Apache_t2_l1_pareto_5.csv, percents=0.001, 0.0234395, 0.0390873, 0.0460126, 0.10239, 0.111185, 0.134715, 0.142228, 0.147769, 1, 

------------d=1, t=2, lambda=2, filename=./evaluation/Apache/Apache_2_2.csv------------
Computing partitioned counts of d-sets...
Ready to look at pairs based on partitioned counts...
First Stage N=60, Time=152
There are 1256 remaining non-locating pairs
--- Running GA Algorithm (phase2) ---
Running GA with std::execution::par
Generation #0
56,828,0.001, 0.12844, 0.16814, 0.330058, 0.54365, 0.552348, 0.552861, 0.618407, 0.706453, 0.780291, 1, 

58,440,0.001, 0.0513036, 0.0696797, 0.0794093, 0.0949713, 0.135844, 0.165044, 0.201767, 0.275131, 0.340947, 0.373538, 0.506176, 0.614319, 0.686681, 0.819602, 0.892029, 0.992946, 0.995885, 1, 

62,295,0.001, 0.0217633, 0.0571757, 0.106556, 0.133392, 0.153081, 0.185587, 0.207423, 0.253659, 0.282251, 0.363333, 0.367952, 0.714958, 0.802174, 0.832195, 0.990185, 1, 

57,495,0.001, 0.0746041, 0.086474, 0.100744, 0.146574, 0.225146, 0.339684, 0.363235, 0.447634, 0.854677, 1, 

Generation #1
62,295,0.001, 0.0217633, 0.0571757, 0.106556, 0.133392, 0.153081, 0.185587, 0.207423, 0.253659, 0.282251, 0.363333, 0.367952, 0.714958, 0.802174, 0.832195, 0.990185, 1, 

58,380,0.001, 0.0664558, 0.0665005, 0.0872093, 0.120764, 0.208344, 0.211116, 0.359917, 0.39998, 0.462203, 1, 

53,423,0.001, 0.0480411, 0.102939, 0.179201, 0.198893, 0.286193, 0.303181, 0.735058, 0.84754, 0.878555, 1, 

60,308,0.001, 0.0331572, 0.0364926, 0.0415168, 0.0676995, 0.225146, 0.339684, 0.363235, 0.447634, 0.854677, 1, 

64,286,0.001, 0.0217076, 0.0224793, 0.101957, 0.113172, 0.155567, 0.188424, 0.19194, 0.237236, 0.29959, 0.349501, 0.530828, 0.608868, 0.698737, 0.845303, 0.849104, 0.876458, 0.882744, 1, 

Generation #2
53,269,0.001, 0.0331572, 0.0364926, 0.0415168, 0.0676995, 0.0794402, 0.190972, 0.196241, 0.218591, 0.854677, 1, 

Generation #3
52,268,0.001, 0.0331572, 0.0364926, 0.0415168, 0.0676995, 0.0794402, 0.190972, 0.196241, 0.706453, 0.780291, 1, 

75,254,0.001, 0.0121521, 0.0264409, 0.0406044, 0.106612, 0.154214, 0.155644, 0.156563, 0.213475, 0.222086, 0.264464, 0.291492, 0.301709, 0.336048, 0.422608, 0.425321, 0.441671, 0.470731, 0.520985, 0.574691, 0.627791, 0.631442, 0.724668, 0.758575, 0.947602, 0.985389, 1, 

Generation #4
52,268,0.001, 0.0331572, 0.0364926, 0.0415168, 0.0676995, 0.0794402, 0.190972, 0.196241, 0.706453, 0.780291, 1, 

57,252,0.001, 0.0121521, 0.0264409, 0.0406044, 0.106612, 0.154214, 0.268118, 0.713668, 0.779434, 0.854677, 1, 

Generation #5
52,268,0.001, 0.0331572, 0.0364926, 0.0415168, 0.0676995, 0.0794402, 0.190972, 0.196241, 0.706453, 0.780291, 1, 

57,252,0.001, 0.0121521, 0.0264409, 0.0406044, 0.106612, 0.154214, 0.268118, 0.713668, 0.779434, 0.854677, 1, 

54,254,0.001, 0.0331572, 0.0364926, 0.0415168, 0.0676995, 0.0794402, 0.188424, 0.19194, 0.237236, 0.29959, 1, 

74,230,0.001, 0.0217633, 0.0571757, 0.106556, 0.133392, 0.153081, 0.185587, 0.207423, 0.342726, 0.403738, 0.33788, 0.373538, 0.506176, 0.614319, 0.686681, 0.819602, 0.992946, 0.995885, 0.528483, 0.594669, 0.610193, 0.612325, 0.653841, 0.801788, 0.813899, 0.846816, 0.898819, 0.946388, 0.974929, 0.975653, 1, 

59,239,0.001, 0.0121521, 0.0264409, 0.0406044, 0.106612, 0.154214, 0.211116, 0.359917, 0.39998, 0.462203, 1, 

51,317,0.001, 0.039064, 0.0808662, 0.0794093, 0.0949713, 0.135844, 0.165044, 0.201767, 0.447634, 0.854677, 1, 

53,257,0.001, 0.0331572, 0.0364926, 0.0415168, 0.0676995, 0.0794402, 0.190972, 0.196241, 0.218591, 0.854677, 1, 

Generation #6
74,230,0.001, 0.0217633, 0.0571757, 0.106556, 0.133392, 0.153081, 0.185587, 0.207423, 0.342726, 0.403738, 0.33788, 0.373538, 0.506176, 0.614319, 0.686681, 0.819602, 0.992946, 0.995885, 0.528483, 0.594669, 0.610193, 0.612325, 0.653841, 0.801788, 0.813899, 0.846816, 0.898819, 0.946388, 0.974929, 0.975653, 1, 

51,317,0.001, 0.039064, 0.0808662, 0.0794093, 0.0949713, 0.135844, 0.165044, 0.201767, 0.447634, 0.854677, 1, 

52,240,0.001, 0.0217633, 0.0571757, 0.0676995, 0.0794402, 0.190972, 0.196241, 0.218591, 0.854677, 1, 

58,231,0.001, 0.0121521, 0.0264409, 0.0406044, 0.106612, 0.0794402, 0.190972, 0.196241, 0.218591, 0.854677, 1, 

Generation #7
51,317,0.001, 0.039064, 0.0808662, 0.0794093, 0.0949713, 0.135844, 0.165044, 0.201767, 0.447634, 0.854677, 1, 

52,240,0.001, 0.0217633, 0.0571757, 0.0676995, 0.0794402, 0.190972, 0.196241, 0.218591, 0.854677, 1, 

59,212,0.001, 0.0217076, 0.0364926, 0.0415168, 0.0676995, 0.0794402, 0.190972, 0.196241, 0.218591, 0.854677, 1, 

55,227,0.001, 0.0217076, 0.0364926, 0.0415168, 0.0676995, 0.0794402, 0.339684, 0.363235, 0.447634, 0.854677, 1, 

Generation #8
51,317,0.001, 0.039064, 0.0808662, 0.0794093, 0.0949713, 0.135844, 0.165044, 0.201767, 0.447634, 0.854677, 1, 

52,240,0.001, 0.0217633, 0.0571757, 0.0676995, 0.0794402, 0.190972, 0.196241, 0.218591, 0.854677, 1, 

59,212,0.001, 0.0217076, 0.0364926, 0.0415168, 0.0676995, 0.0794402, 0.190972, 0.196241, 0.218591, 0.854677, 1, 

55,227,0.001, 0.0217076, 0.0364926, 0.0415168, 0.0676995, 0.0794402, 0.339684, 0.363235, 0.447634, 0.854677, 1, 

54,237,0.001, 0.0217076, 0.0364926, 0.0415168, 0.0676995, 0.0794402, 0.190972, 0.196241, 0.218591, 0.854677, 1, 

Generation #9
51,317,0.001, 0.039064, 0.0808662, 0.0794093, 0.0949713, 0.135844, 0.165044, 0.201767, 0.447634, 0.854677, 1, 

52,240,0.001, 0.0217633, 0.0571757, 0.0676995, 0.0794402, 0.190972, 0.196241, 0.218591, 0.854677, 1, 

54,237,0.001, 0.0217076, 0.0364926, 0.0415168, 0.0676995, 0.0794402, 0.190972, 0.196241, 0.218591, 0.854677, 1, 

55,207,0.001, 0.0121521, 0.0264409, 0.0406044, 0.106612, 0.0794402, 0.188424, 0.19194, 0.237236, 0.29959, 1, 

Generation #10
51,317,0.001, 0.039064, 0.0808662, 0.0794093, 0.0949713, 0.135844, 0.165044, 0.201767, 0.447634, 0.854677, 1, 

55,207,0.001, 0.0121521, 0.0264409, 0.0406044, 0.106612, 0.0794402, 0.188424, 0.19194, 0.237236, 0.29959, 1, 

54,233,0.001, 0.0121521, 0.0264409, 0.0406044, 0.106612, 0.154214, 0.339684, 0.363235, 0.765822, 0.447634, 0.854677, 1, 

52,235,0.0217076, 0.0364926, 0.0415168, 0.0676995, 0.0794402, 0.190972, 0.196241, 0.218591, 0.854677, 1, 

Generation #11
51,317,0.001, 0.039064, 0.0808662, 0.0794093, 0.0949713, 0.135844, 0.165044, 0.201767, 0.447634, 0.854677, 1, 

52,231,0.001, 0.0121521, 0.0264409, 0.0406044, 0.106612, 0.0794402, 0.339684, 0.363235, 0.447634, 0.854677, 1, 

54,206,0.001, 0.0217076, 0.0364926, 0.0415168, 0.0676995, 0.0794402, 0.190972, 0.196241, 0.447634, 0.854677, 1, 

Generation #12
51,317,0.001, 0.039064, 0.0808662, 0.0794093, 0.0949713, 0.135844, 0.165044, 0.201767, 0.447634, 0.854677, 1, 

52,231,0.001, 0.0121521, 0.0264409, 0.0406044, 0.106612, 0.0794402, 0.339684, 0.363235, 0.447634, 0.854677, 1, 

54,206,0.001, 0.0217076, 0.0364926, 0.0415168, 0.0676995, 0.0794402, 0.190972, 0.196241, 0.447634, 0.854677, 1, 

Generation #13
51,317,0.001, 0.039064, 0.0808662, 0.0794093, 0.0949713, 0.135844, 0.165044, 0.201767, 0.447634, 0.854677, 1, 

52,231,0.001, 0.0121521, 0.0264409, 0.0406044, 0.106612, 0.0794402, 0.339684, 0.363235, 0.447634, 0.854677, 1, 

54,206,0.001, 0.0217076, 0.0364926, 0.0415168, 0.0676995, 0.0794402, 0.190972, 0.196241, 0.447634, 0.854677, 1, 

Generation #14
51,317,0.001, 0.039064, 0.0808662, 0.0794093, 0.0949713, 0.135844, 0.165044, 0.201767, 0.447634, 0.854677, 1, 

52,231,0.001, 0.0121521, 0.0264409, 0.0406044, 0.106612, 0.0794402, 0.339684, 0.363235, 0.447634, 0.854677, 1, 

54,206,0.001, 0.0217076, 0.0364926, 0.0415168, 0.0676995, 0.0794402, 0.190972, 0.196241, 0.447634, 0.854677, 1, 

57,157,0.001, 0.0121521, 0.0264409, 0.0406044, 0.0676995, 0.0794402, 0.190972, 0.196241, 0.447634, 0.854677, 1, 

56,201,0.001, 0.0121521, 0.022065, 0.0264409, 0.0406044, 0.0676995, 0.0794402, 0.190972, 0.196241, 0.218591, 0.854677, 1, 

Generation #15
57,157,0.001, 0.0121521, 0.0264409, 0.0406044, 0.0676995, 0.0794402, 0.190972, 0.196241, 0.447634, 0.854677, 1, 

53,186,0.001, 0.0121521, 0.0264409, 0.0406044, 0.0676995, 0.0794402, 0.190972, 0.196241, 0.447634, 0.854677, 1, 

51,194,0.001, 0.0121521, 0.022065, 0.0264409, 0.0406044, 0.0676995, 0.0794402, 0.19194, 0.237236, 0.29959, 1, 

Generation #16
57,157,0.001, 0.0121521, 0.0264409, 0.0406044, 0.0676995, 0.0794402, 0.190972, 0.196241, 0.447634, 0.854677, 1, 

53,186,0.001, 0.0121521, 0.0264409, 0.0406044, 0.0676995, 0.0794402, 0.190972, 0.196241, 0.447634, 0.854677, 1, 

51,194,0.001, 0.0121521, 0.022065, 0.0264409, 0.0406044, 0.0676995, 0.0794402, 0.19194, 0.237236, 0.29959, 1, 

50,256,0.001, 0.0217076, 0.0364926, 0.0415168, 0.0676995, 0.129643, 0.190972, 0.196241, 0.218591, 0.854677, 1, 

Generation #17
57,157,0.001, 0.0121521, 0.0264409, 0.0406044, 0.0676995, 0.0794402, 0.190972, 0.196241, 0.447634, 0.854677, 1, 

49,183,0.001, 0.0217633, 0.0364926, 0.0415168, 0.0676995, 0.0794402, 0.190972, 0.196241, 0.213475, 1, 

Generation #18
57,157,0.001, 0.0121521, 0.0264409, 0.0406044, 0.0676995, 0.0794402, 0.190972, 0.196241, 0.447634, 0.854677, 1, 

49,183,0.001, 0.0217633, 0.0364926, 0.0415168, 0.0676995, 0.0794402, 0.190972, 0.196241, 0.213475, 1, 

Generation #19
57,157,0.001, 0.0121521, 0.0264409, 0.0406044, 0.0676995, 0.0794402, 0.190972, 0.196241, 0.447634, 0.854677, 1, 

49,183,0.001, 0.0217633, 0.0364926, 0.0415168, 0.0676995, 0.0794402, 0.190972, 0.196241, 0.213475, 1, 

48,222,0.001, 0.0121521, 0.0264409, 0.0406044, 0.106612, 0.0794402, 0.165044, 0.237236, 0.29959, 1, 

Generation #20
57,157,0.001, 0.0121521, 0.0264409, 0.0406044, 0.0676995, 0.0794402, 0.190972, 0.196241, 0.447634, 0.854677, 1, 

49,183,0.001, 0.0217633, 0.0364926, 0.0415168, 0.0676995, 0.0794402, 0.190972, 0.196241, 0.213475, 1, 

48,222,0.001, 0.0121521, 0.0264409, 0.0406044, 0.106612, 0.0794402, 0.165044, 0.237236, 0.29959, 1, 

Generation #21
57,157,0.001, 0.0121521, 0.0264409, 0.0406044, 0.0676995, 0.0794402, 0.190972, 0.196241, 0.447634, 0.854677, 1, 

49,183,0.001, 0.0217633, 0.0364926, 0.0415168, 0.0676995, 0.0794402, 0.190972, 0.196241, 0.213475, 1, 

48,222,0.001, 0.0121521, 0.0264409, 0.0406044, 0.106612, 0.0794402, 0.165044, 0.237236, 0.29959, 1, 

Generation #22
57,157,0.001, 0.0121521, 0.0264409, 0.0406044, 0.0676995, 0.0794402, 0.190972, 0.196241, 0.447634, 0.854677, 1, 

49,183,0.001, 0.0217633, 0.0364926, 0.0415168, 0.0676995, 0.0794402, 0.190972, 0.196241, 0.213475, 1, 

48,222,0.001, 0.0121521, 0.0264409, 0.0406044, 0.106612, 0.0794402, 0.165044, 0.237236, 0.29959, 1, 

Generation #23
57,157,0.001, 0.0121521, 0.0264409, 0.0406044, 0.0676995, 0.0794402, 0.190972, 0.196241, 0.447634, 0.854677, 1, 

49,183,0.001, 0.0217633, 0.0364926, 0.0415168, 0.0676995, 0.0794402, 0.190972, 0.196241, 0.213475, 1, 

48,222,0.001, 0.0121521, 0.0264409, 0.0406044, 0.106612, 0.0794402, 0.165044, 0.237236, 0.29959, 1, 

Generation #24
57,157,0.001, 0.0121521, 0.0264409, 0.0406044, 0.0676995, 0.0794402, 0.190972, 0.196241, 0.447634, 0.854677, 1, 

49,183,0.001, 0.0217633, 0.0364926, 0.0415168, 0.0676995, 0.0794402, 0.190972, 0.196241, 0.213475, 1, 

48,222,0.001, 0.0121521, 0.0264409, 0.0406044, 0.106612, 0.0794402, 0.165044, 0.237236, 0.29959, 1, 

Generation #25
57,157,0.001, 0.0121521, 0.0264409, 0.0406044, 0.0676995, 0.0794402, 0.190972, 0.196241, 0.447634, 0.854677, 1, 

49,183,0.001, 0.0217633, 0.0364926, 0.0415168, 0.0676995, 0.0794402, 0.190972, 0.196241, 0.213475, 1, 

48,222,0.001, 0.0121521, 0.0264409, 0.0406044, 0.106612, 0.0794402, 0.165044, 0.237236, 0.29959, 1, 

Generation #26
57,157,0.001, 0.0121521, 0.0264409, 0.0406044, 0.0676995, 0.0794402, 0.190972, 0.196241, 0.447634, 0.854677, 1, 

49,183,0.001, 0.0217633, 0.0364926, 0.0415168, 0.0676995, 0.0794402, 0.190972, 0.196241, 0.213475, 1, 

48,222,0.001, 0.0121521, 0.0264409, 0.0406044, 0.106612, 0.0794402, 0.165044, 0.237236, 0.29959, 1, 

Generation #27
57,157,0.001, 0.0121521, 0.0264409, 0.0406044, 0.0676995, 0.0794402, 0.190972, 0.196241, 0.447634, 0.854677, 1, 

49,183,0.001, 0.0217633, 0.0364926, 0.0415168, 0.0676995, 0.0794402, 0.190972, 0.196241, 0.213475, 1, 

48,222,0.001, 0.0121521, 0.0264409, 0.0406044, 0.106612, 0.0794402, 0.165044, 0.237236, 0.29959, 1, 

Generation #28
57,157,0.001, 0.0121521, 0.0264409, 0.0406044, 0.0676995, 0.0794402, 0.190972, 0.196241, 0.447634, 0.854677, 1, 

49,183,0.001, 0.0217633, 0.0364926, 0.0415168, 0.0676995, 0.0794402, 0.190972, 0.196241, 0.213475, 1, 

48,222,0.001, 0.0121521, 0.0264409, 0.0406044, 0.106612, 0.0794402, 0.165044, 0.237236, 0.29959, 1, 

54,178,0.001, 0.0121521, 0.022065, 0.0264409, 0.0406044, 0.0676995, 0.0794402, 0.19194, 0.196241, 0.218591, 0.854677, 1, 

Generation #29
57,157,0.001, 0.0121521, 0.0264409, 0.0406044, 0.0676995, 0.0794402, 0.190972, 0.196241, 0.447634, 0.854677, 1, 

49,183,0.001, 0.0217633, 0.0364926, 0.0415168, 0.0676995, 0.0794402, 0.190972, 0.196241, 0.213475, 1, 

48,222,0.001, 0.0121521, 0.0264409, 0.0406044, 0.106612, 0.0794402, 0.165044, 0.237236, 0.29959, 1, 

52,163,0.001, 0.0121521, 0.022065, 0.0264409, 0.0406044, 0.0676995, 0.0676995, 0.0794402, 0.19194, 0.237236, 0.29959, 1, 

Generation #30
57,157,0.001, 0.0121521, 0.0264409, 0.0406044, 0.0676995, 0.0794402, 0.190972, 0.196241, 0.447634, 0.854677, 1, 

49,183,0.001, 0.0217633, 0.0364926, 0.0415168, 0.0676995, 0.0794402, 0.190972, 0.196241, 0.213475, 1, 

48,222,0.001, 0.0121521, 0.0264409, 0.0406044, 0.106612, 0.0794402, 0.165044, 0.237236, 0.29959, 1, 

52,163,0.001, 0.0121521, 0.022065, 0.0264409, 0.0406044, 0.0676995, 0.0676995, 0.0794402, 0.19194, 0.237236, 0.29959, 1, 

Generation #31
57,157,0.001, 0.0121521, 0.0264409, 0.0406044, 0.0676995, 0.0794402, 0.190972, 0.196241, 0.447634, 0.854677, 1, 

49,183,0.001, 0.0217633, 0.0364926, 0.0415168, 0.0676995, 0.0794402, 0.190972, 0.196241, 0.213475, 1, 

48,222,0.001, 0.0121521, 0.0264409, 0.0406044, 0.106612, 0.0794402, 0.165044, 0.237236, 0.29959, 1, 

52,163,0.001, 0.0121521, 0.022065, 0.0264409, 0.0406044, 0.0676995, 0.0676995, 0.0794402, 0.19194, 0.237236, 0.29959, 1, 

Generation #32
57,157,0.001, 0.0121521, 0.0264409, 0.0406044, 0.0676995, 0.0794402, 0.190972, 0.196241, 0.447634, 0.854677, 1, 

49,183,0.001, 0.0217633, 0.0364926, 0.0415168, 0.0676995, 0.0794402, 0.190972, 0.196241, 0.213475, 1, 

48,222,0.001, 0.0121521, 0.0264409, 0.0406044, 0.106612, 0.0794402, 0.165044, 0.237236, 0.29959, 1, 

52,163,0.001, 0.0121521, 0.022065, 0.0264409, 0.0406044, 0.0676995, 0.0676995, 0.0794402, 0.19194, 0.237236, 0.29959, 1, 

Generation #33
57,157,0.001, 0.0121521, 0.0264409, 0.0406044, 0.0676995, 0.0794402, 0.190972, 0.196241, 0.447634, 0.854677, 1, 

49,183,0.001, 0.0217633, 0.0364926, 0.0415168, 0.0676995, 0.0794402, 0.190972, 0.196241, 0.213475, 1, 

48,222,0.001, 0.0121521, 0.0264409, 0.0406044, 0.106612, 0.0794402, 0.165044, 0.237236, 0.29959, 1, 

52,163,0.001, 0.0121521, 0.022065, 0.0264409, 0.0406044, 0.0676995, 0.0676995, 0.0794402, 0.19194, 0.237236, 0.29959, 1, 

51,167,0.001, 0.0121521, 0.022065, 0.0264409, 0.0406044, 0.00480288, 0.0794402, 0.190972, 0.196241, 0.218591, 1, 

Generation #34
57,157,0.001, 0.0121521, 0.0264409, 0.0406044, 0.0676995, 0.0794402, 0.190972, 0.196241, 0.447634, 0.854677, 1, 

49,183,0.001, 0.0217633, 0.0364926, 0.0415168, 0.0676995, 0.0794402, 0.190972, 0.196241, 0.213475, 1, 

48,222,0.001, 0.0121521, 0.0264409, 0.0406044, 0.106612, 0.0794402, 0.165044, 0.237236, 0.29959, 1, 

52,163,0.001, 0.0121521, 0.022065, 0.0264409, 0.0406044, 0.0676995, 0.0676995, 0.0794402, 0.19194, 0.237236, 0.29959, 1, 

51,167,0.001, 0.0121521, 0.022065, 0.0264409, 0.0406044, 0.00480288, 0.0794402, 0.190972, 0.196241, 0.218591, 1, 

Generation #35
57,157,0.001, 0.0121521, 0.0264409, 0.0406044, 0.0676995, 0.0794402, 0.190972, 0.196241, 0.447634, 0.854677, 1, 

49,183,0.001, 0.0217633, 0.0364926, 0.0415168, 0.0676995, 0.0794402, 0.190972, 0.196241, 0.213475, 1, 

48,222,0.001, 0.0121521, 0.0264409, 0.0406044, 0.106612, 0.0794402, 0.165044, 0.237236, 0.29959, 1, 

52,163,0.001, 0.0121521, 0.022065, 0.0264409, 0.0406044, 0.0676995, 0.0676995, 0.0794402, 0.19194, 0.237236, 0.29959, 1, 

51,167,0.001, 0.0121521, 0.022065, 0.0264409, 0.0406044, 0.00480288, 0.0794402, 0.190972, 0.196241, 0.218591, 1, 

Generation #36
57,157,0.001, 0.0121521, 0.0264409, 0.0406044, 0.0676995, 0.0794402, 0.190972, 0.196241, 0.447634, 0.854677, 1, 

49,183,0.001, 0.0217633, 0.0364926, 0.0415168, 0.0676995, 0.0794402, 0.190972, 0.196241, 0.213475, 1, 

48,222,0.001, 0.0121521, 0.0264409, 0.0406044, 0.106612, 0.0794402, 0.165044, 0.237236, 0.29959, 1, 

52,163,0.001, 0.0121521, 0.022065, 0.0264409, 0.0406044, 0.0676995, 0.0676995, 0.0794402, 0.19194, 0.237236, 0.29959, 1, 

51,167,0.001, 0.0121521, 0.022065, 0.0264409, 0.0406044, 0.00480288, 0.0794402, 0.190972, 0.196241, 0.218591, 1, 

Generation #37
57,157,0.001, 0.0121521, 0.0264409, 0.0406044, 0.0676995, 0.0794402, 0.190972, 0.196241, 0.447634, 0.854677, 1, 

49,183,0.001, 0.0217633, 0.0364926, 0.0415168, 0.0676995, 0.0794402, 0.190972, 0.196241, 0.213475, 1, 

48,222,0.001, 0.0121521, 0.0264409, 0.0406044, 0.106612, 0.0794402, 0.165044, 0.237236, 0.29959, 1, 

52,163,0.001, 0.0121521, 0.022065, 0.0264409, 0.0406044, 0.0676995, 0.0676995, 0.0794402, 0.19194, 0.237236, 0.29959, 1, 

51,167,0.001, 0.0121521, 0.022065, 0.0264409, 0.0406044, 0.00480288, 0.0794402, 0.190972, 0.196241, 0.218591, 1, 

Generation #38
57,157,0.001, 0.0121521, 0.0264409, 0.0406044, 0.0676995, 0.0794402, 0.190972, 0.196241, 0.447634, 0.854677, 1, 

49,183,0.001, 0.0217633, 0.0364926, 0.0415168, 0.0676995, 0.0794402, 0.190972, 0.196241, 0.213475, 1, 

48,222,0.001, 0.0121521, 0.0264409, 0.0406044, 0.106612, 0.0794402, 0.165044, 0.237236, 0.29959, 1, 

52,163,0.001, 0.0121521, 0.022065, 0.0264409, 0.0406044, 0.0676995, 0.0676995, 0.0794402, 0.19194, 0.237236, 0.29959, 1, 

51,167,0.001, 0.0121521, 0.022065, 0.0264409, 0.0406044, 0.00480288, 0.0794402, 0.190972, 0.196241, 0.218591, 1, 

Generation #39
57,157,0.001, 0.0121521, 0.0264409, 0.0406044, 0.0676995, 0.0794402, 0.190972, 0.196241, 0.447634, 0.854677, 1, 

49,183,0.001, 0.0217633, 0.0364926, 0.0415168, 0.0676995, 0.0794402, 0.190972, 0.196241, 0.213475, 1, 

48,222,0.001, 0.0121521, 0.0264409, 0.0406044, 0.106612, 0.0794402, 0.165044, 0.237236, 0.29959, 1, 

52,163,0.001, 0.0121521, 0.022065, 0.0264409, 0.0406044, 0.0676995, 0.0676995, 0.0794402, 0.19194, 0.237236, 0.29959, 1, 

51,167,0.001, 0.0121521, 0.022065, 0.0264409, 0.0406044, 0.00480288, 0.0794402, 0.190972, 0.196241, 0.218591, 1, 

Generation #40
57,157,0.001, 0.0121521, 0.0264409, 0.0406044, 0.0676995, 0.0794402, 0.190972, 0.196241, 0.447634, 0.854677, 1, 

49,183,0.001, 0.0217633, 0.0364926, 0.0415168, 0.0676995, 0.0794402, 0.190972, 0.196241, 0.213475, 1, 

48,222,0.001, 0.0121521, 0.0264409, 0.0406044, 0.106612, 0.0794402, 0.165044, 0.237236, 0.29959, 1, 

52,163,0.001, 0.0121521, 0.022065, 0.0264409, 0.0406044, 0.0676995, 0.0676995, 0.0794402, 0.19194, 0.237236, 0.29959, 1, 

51,167,0.001, 0.0121521, 0.022065, 0.0264409, 0.0406044, 0.00480288, 0.0794402, 0.190972, 0.196241, 0.218591, 1, 

56,162,0.001, 0.0121521, 0.022065, 0.0264409, 0.0406044, 0.0676995, 0.0676995, 0.0794402, 0.19194, 0.237236, 0.29959, 1, 

Generation #41
49,183,0.001, 0.0217633, 0.0364926, 0.0415168, 0.0676995, 0.0794402, 0.190972, 0.196241, 0.213475, 1, 

48,222,0.001, 0.0121521, 0.0264409, 0.0406044, 0.106612, 0.0794402, 0.165044, 0.237236, 0.29959, 1, 

52,163,0.001, 0.0121521, 0.022065, 0.0264409, 0.0406044, 0.0676995, 0.0676995, 0.0794402, 0.19194, 0.237236, 0.29959, 1, 

51,167,0.001, 0.0121521, 0.022065, 0.0264409, 0.0406044, 0.00480288, 0.0794402, 0.190972, 0.196241, 0.218591, 1, 

53,152,0.001, 0.0121521, 0.022065, 0.0264409, 0.0406044, 0.0676995, 0.0794402, 0.19194, 0.218591, 0.387929, 1, 

Generation #42
49,183,0.001, 0.0217633, 0.0364926, 0.0415168, 0.0676995, 0.0794402, 0.190972, 0.196241, 0.213475, 1, 

48,222,0.001, 0.0121521, 0.0264409, 0.0406044, 0.106612, 0.0794402, 0.165044, 0.237236, 0.29959, 1, 

52,163,0.001, 0.0121521, 0.022065, 0.0264409, 0.0406044, 0.0676995, 0.0676995, 0.0794402, 0.19194, 0.237236, 0.29959, 1, 

51,167,0.001, 0.0121521, 0.022065, 0.0264409, 0.0406044, 0.00480288, 0.0794402, 0.190972, 0.196241, 0.218591, 1, 

53,152,0.001, 0.0121521, 0.022065, 0.0264409, 0.0406044, 0.0676995, 0.0794402, 0.19194, 0.218591, 0.387929, 1, 

Generation #43
49,183,0.001, 0.0217633, 0.0364926, 0.0415168, 0.0676995, 0.0794402, 0.190972, 0.196241, 0.213475, 1, 

48,222,0.001, 0.0121521, 0.0264409, 0.0406044, 0.106612, 0.0794402, 0.165044, 0.237236, 0.29959, 1, 

52,163,0.001, 0.0121521, 0.022065, 0.0264409, 0.0406044, 0.0676995, 0.0676995, 0.0794402, 0.19194, 0.237236, 0.29959, 1, 

51,167,0.001, 0.0121521, 0.022065, 0.0264409, 0.0406044, 0.00480288, 0.0794402, 0.190972, 0.196241, 0.218591, 1, 

53,152,0.001, 0.0121521, 0.022065, 0.0264409, 0.0406044, 0.0676995, 0.0794402, 0.19194, 0.218591, 0.387929, 1, 

Generation #44
49,183,0.001, 0.0217633, 0.0364926, 0.0415168, 0.0676995, 0.0794402, 0.190972, 0.196241, 0.213475, 1, 

48,222,0.001, 0.0121521, 0.0264409, 0.0406044, 0.106612, 0.0794402, 0.165044, 0.237236, 0.29959, 1, 

52,163,0.001, 0.0121521, 0.022065, 0.0264409, 0.0406044, 0.0676995, 0.0676995, 0.0794402, 0.19194, 0.237236, 0.29959, 1, 

51,167,0.001, 0.0121521, 0.022065, 0.0264409, 0.0406044, 0.00480288, 0.0794402, 0.190972, 0.196241, 0.218591, 1, 

53,152,0.001, 0.0121521, 0.022065, 0.0264409, 0.0406044, 0.0676995, 0.0794402, 0.19194, 0.218591, 0.387929, 1, 

Generation #45
49,183,0.001, 0.0217633, 0.0364926, 0.0415168, 0.0676995, 0.0794402, 0.190972, 0.196241, 0.213475, 1, 

48,222,0.001, 0.0121521, 0.0264409, 0.0406044, 0.106612, 0.0794402, 0.165044, 0.237236, 0.29959, 1, 

52,163,0.001, 0.0121521, 0.022065, 0.0264409, 0.0406044, 0.0676995, 0.0676995, 0.0794402, 0.19194, 0.237236, 0.29959, 1, 

51,167,0.001, 0.0121521, 0.022065, 0.0264409, 0.0406044, 0.00480288, 0.0794402, 0.190972, 0.196241, 0.218591, 1, 

53,152,0.001, 0.0121521, 0.022065, 0.0264409, 0.0406044, 0.0676995, 0.0794402, 0.19194, 0.218591, 0.387929, 1, 

Generation #46
49,183,0.001, 0.0217633, 0.0364926, 0.0415168, 0.0676995, 0.0794402, 0.190972, 0.196241, 0.213475, 1, 

48,222,0.001, 0.0121521, 0.0264409, 0.0406044, 0.106612, 0.0794402, 0.165044, 0.237236, 0.29959, 1, 

52,163,0.001, 0.0121521, 0.022065, 0.0264409, 0.0406044, 0.0676995, 0.0676995, 0.0794402, 0.19194, 0.237236, 0.29959, 1, 

51,167,0.001, 0.0121521, 0.022065, 0.0264409, 0.0406044, 0.00480288, 0.0794402, 0.190972, 0.196241, 0.218591, 1, 

53,152,0.001, 0.0121521, 0.022065, 0.0264409, 0.0406044, 0.0676995, 0.0794402, 0.19194, 0.218591, 0.387929, 1, 

Generation #47
49,183,0.001, 0.0217633, 0.0364926, 0.0415168, 0.0676995, 0.0794402, 0.190972, 0.196241, 0.213475, 1, 

48,222,0.001, 0.0121521, 0.0264409, 0.0406044, 0.106612, 0.0794402, 0.165044, 0.237236, 0.29959, 1, 

52,163,0.001, 0.0121521, 0.022065, 0.0264409, 0.0406044, 0.0676995, 0.0676995, 0.0794402, 0.19194, 0.237236, 0.29959, 1, 

51,167,0.001, 0.0121521, 0.022065, 0.0264409, 0.0406044, 0.00480288, 0.0794402, 0.190972, 0.196241, 0.218591, 1, 

53,152,0.001, 0.0121521, 0.022065, 0.0264409, 0.0406044, 0.0676995, 0.0794402, 0.19194, 0.218591, 0.387929, 1, 

Generation #48
49,183,0.001, 0.0217633, 0.0364926, 0.0415168, 0.0676995, 0.0794402, 0.190972, 0.196241, 0.213475, 1, 

48,222,0.001, 0.0121521, 0.0264409, 0.0406044, 0.106612, 0.0794402, 0.165044, 0.237236, 0.29959, 1, 

52,163,0.001, 0.0121521, 0.022065, 0.0264409, 0.0406044, 0.0676995, 0.0676995, 0.0794402, 0.19194, 0.237236, 0.29959, 1, 

51,167,0.001, 0.0121521, 0.022065, 0.0264409, 0.0406044, 0.00480288, 0.0794402, 0.190972, 0.196241, 0.218591, 1, 

53,152,0.001, 0.0121521, 0.022065, 0.0264409, 0.0406044, 0.0676995, 0.0794402, 0.19194, 0.218591, 0.387929, 1, 

Generation #49
49,183,0.001, 0.0217633, 0.0364926, 0.0415168, 0.0676995, 0.0794402, 0.190972, 0.196241, 0.213475, 1, 

48,222,0.001, 0.0121521, 0.0264409, 0.0406044, 0.106612, 0.0794402, 0.165044, 0.237236, 0.29959, 1, 

52,163,0.001, 0.0121521, 0.022065, 0.0264409, 0.0406044, 0.0676995, 0.0676995, 0.0794402, 0.19194, 0.237236, 0.29959, 1, 

51,167,0.001, 0.0121521, 0.022065, 0.0264409, 0.0406044, 0.00480288, 0.0794402, 0.190972, 0.196241, 0.218591, 1, 

53,152,0.001, 0.0121521, 0.022065, 0.0264409, 0.0406044, 0.0676995, 0.0794402, 0.19194, 0.218591, 0.387929, 1, 

--- Pareto Front Solutions ---
Solution 0: N total=109 (N_initial=60, N_added=49), Time total=335 ms, Saved to: ./results/Apache_t2_l2_pareto_0.csv, percents=0.001, 0.0217633, 0.0364926, 0.0415168, 0.0676995, 0.0794402, 0.190972, 0.196241, 0.213475, 1, 

Solution 1: N total=108 (N_initial=60, N_added=48), Time total=374 ms, Saved to: ./results/Apache_t2_l2_pareto_1.csv, percents=0.001, 0.0121521, 0.0264409, 0.0406044, 0.106612, 0.0794402, 0.165044, 0.237236, 0.29959, 1, 

Solution 2: N total=112 (N_initial=60, N_added=52), Time total=315 ms, Saved to: ./results/Apache_t2_l2_pareto_2.csv, percents=0.001, 0.0121521, 0.022065, 0.0264409, 0.0406044, 0.0676995, 0.0676995, 0.0794402, 0.19194, 0.237236, 0.29959, 1, 

Solution 3: N total=111 (N_initial=60, N_added=51), Time total=319 ms, Saved to: ./results/Apache_t2_l2_pareto_3.csv, percents=0.001, 0.0121521, 0.022065, 0.0264409, 0.0406044, 0.00480288, 0.0794402, 0.190972, 0.196241, 0.218591, 1, 

Solution 4: N total=113 (N_initial=60, N_added=53), Time total=304 ms, Saved to: ./results/Apache_t2_l2_pareto_4.csv, percents=0.001, 0.0121521, 0.022065, 0.0264409, 0.0406044, 0.0676995, 0.0794402, 0.19194, 0.218591, 0.387929, 1, 

------------d=1, t=2, lambda=3, filename=./evaluation/Apache/Apache_2_3.csv------------
Computing partitioned counts of d-sets...
Ready to look at pairs based on partitioned counts...
First Stage N=90, Time=127
There are 533 remaining non-locating pairs
--- Running GA Algorithm (phase2) ---
Running GA with std::execution::par
Generation #0
43,138,0.001, 0.0650783, 0.16906, 0.328433, 0.369785, 0.395026, 0.425312, 0.470836, 0.610054, 0.670066, 0.699034, 0.801148, 0.810224, 0.810781, 1, 

58,78,0.001, 0.0145896, 0.0428496, 0.0584409, 0.149427, 0.166749, 0.233148, 0.24337, 0.279037, 0.286618, 0.34673, 0.358724, 0.359528, 0.436785, 0.500285, 0.512515, 0.618548, 0.678121, 0.7145, 0.748293, 0.804375, 0.830963, 0.842887, 0.854223, 0.874744, 1, 

45,113,0.001, 0.0404369, 0.0450973, 0.120553, 0.18355, 0.187003, 0.328929, 0.410163, 0.627136, 0.696057, 0.725425, 0.728039, 0.897679, 0.92574, 1, 

42,199,0.001, 0.0975241, 0.132857, 0.415022, 0.611194, 0.63051, 0.668262, 0.828077, 0.949618, 0.957984, 1, 

55,95,0.001, 0.047307, 0.0483979, 0.159031, 0.16059, 0.170524, 0.175012, 0.251776, 0.312179, 0.315347, 0.404882, 0.543322, 0.637019, 0.653493, 0.792384, 0.855981, 0.887249, 0.887287, 0.922332, 0.990348, 1, 

49,102,0.001, 0.0532511, 0.0686424, 0.0798929, 0.0863973, 0.0926028, 0.0950414, 0.128522, 0.176252, 0.295324, 0.329092, 0.412573, 0.529781, 0.560164, 0.682155, 0.763224, 0.769213, 0.787954, 0.815554, 0.912023, 0.915177, 0.942225, 0.96281, 0.994376, 1, 

Generation #1
43,138,0.001, 0.0650783, 0.16906, 0.328433, 0.369785, 0.395026, 0.425312, 0.470836, 0.610054, 0.670066, 0.699034, 0.801148, 0.810224, 0.810781, 1, 

42,173,0.001, 0.0795368, 0.226875, 0.347011, 0.452007, 0.484848, 0.491312, 0.567603, 0.57392, 0.666694, 1, 

45,92,0.001, 0.0471007, 0.0560685, 0.130757, 0.231368, 0.23957, 0.323719, 0.379952, 0.32903, 0.446575, 0.544374, 0.625795, 0.801171, 0.88602, 1, 

58,68,0.001, 0.0354728, 0.0608272, 0.11285, 0.478631, 0.193228, 0.202822, 0.231496, 0.296379, 0.324402, 0.360992, 0.374014, 0.384117, 0.405987, 0.490366, 0.665696, 0.685927, 0.713211, 0.715419, 0.774551, 0.800738, 0.832298, 0.833341, 0.847142, 0.935547, 1, 

41,280,0.001, 0.146348, 0.246002, 0.347011, 0.452007, 0.484848, 0.491312, 0.567603, 0.666694, 1, 

48,88,0.001, 0.0218235, 0.0738483, 0.0903984, 0.0985993, 0.160272, 0.180201, 0.482668, 0.22042, 0.724938, 0.774749, 0.914568, 0.923478, 0.965455, 0.996517, 1, 

Generation #2
58,68,0.001, 0.0354728, 0.0608272, 0.11285, 0.478631, 0.193228, 0.202822, 0.231496, 0.296379, 0.324402, 0.360992, 0.374014, 0.384117, 0.405987, 0.490366, 0.665696, 0.685927, 0.713211, 0.715419, 0.774551, 0.800738, 0.832298, 0.833341, 0.847142, 0.935547, 1, 

41,280,0.001, 0.146348, 0.246002, 0.347011, 0.452007, 0.484848, 0.491312, 0.567603, 0.666694, 1, 

45,82,0.001, 0.0145896, 0.0428496, 0.0584409, 0.149427, 0.166749, 0.233148, 0.24337, 0.717182, 0.720161, 0.758602, 0.834272, 0.97516, 0.976359, 1, 

42,125,0.001, 0.047506, 0.0752625, 0.0791926, 0.129571, 0.187734, 0.194002, 0.433047, 0.451834, 0.478118, 0.548371, 0.590407, 0.700276, 0.737801, 0.838705, 1, 

Generation #3
39,66,0.001, 0.015108, 0.0242758, 0.0606851, 0.115533, 0.190788, 0.193719, 0.252886, 0.288435, 0.356403, 0.955253, 1, 

Generation #4
38,62,0.001, 0.00918646, 0.0251708, 0.0475557, 0.0489063, 0.0700772, 0.0748612, 0.519501, 0.166946, 0.356403, 0.468838, 0.827722, 0.877851, 1, 

Generation #5
38,62,0.001, 0.00918646, 0.0251708, 0.0475557, 0.0489063, 0.0700772, 0.0748612, 0.519501, 0.166946, 0.356403, 0.468838, 0.827722, 0.877851, 1, 

Generation #6
38,62,0.001, 0.00918646, 0.0251708, 0.0475557, 0.0489063, 0.0700772, 0.0748612, 0.519501, 0.166946, 0.356403, 0.468838, 0.827722, 0.877851, 1, 

Generation #7
38,62,0.001, 0.00918646, 0.0251708, 0.0475557, 0.0489063, 0.0700772, 0.0748612, 0.519501, 0.166946, 0.356403, 0.468838, 0.827722, 0.877851, 1, 

Generation #8
38,62,0.001, 0.00918646, 0.0251708, 0.0475557, 0.0489063, 0.0700772, 0.0748612, 0.519501, 0.166946, 0.356403, 0.468838, 0.827722, 0.877851, 1, 

Generation #9
38,62,0.001, 0.00918646, 0.0251708, 0.0475557, 0.0489063, 0.0700772, 0.0748612, 0.519501, 0.166946, 0.356403, 0.468838, 0.827722, 0.877851, 1, 

40,58,0.001, 0.00918646, 0.0251708, 0.0475557, 0.0489063, 0.0700772, 0.0748612, 0.166946, 0.183352, 0.276559, 0.696936, 0.964607, 1, 

Generation #10
38,62,0.001, 0.00918646, 0.0251708, 0.0475557, 0.0489063, 0.0700772, 0.0748612, 0.519501, 0.166946, 0.356403, 0.468838, 0.827722, 0.877851, 1, 

40,58,0.001, 0.00918646, 0.0251708, 0.0475557, 0.0489063, 0.0700772, 0.0748612, 0.166946, 0.183352, 0.276559, 0.696936, 0.964607, 1, 

Generation #11
38,62,0.001, 0.00918646, 0.0251708, 0.0475557, 0.0489063, 0.0700772, 0.0748612, 0.519501, 0.166946, 0.356403, 0.468838, 0.827722, 0.877851, 1, 

40,58,0.001, 0.00918646, 0.0251708, 0.0475557, 0.0489063, 0.0700772, 0.0748612, 0.166946, 0.183352, 0.276559, 0.696936, 0.964607, 1, 

37,83,0.0233079, 0.001, 0.00918646, 0.0251708, 0.0475557, 0.0489063, 0.0700772, 0.0748612, 1, 

48,52,0.001, 0.00918646, 0.0251708, 0.0475557, 0.0489063, 0.0700772, 0.193719, 0.252886, 0.183352, 0.912524, 0.758602, 0.412573, 0.529781, 0.799003, 0.968904, 0.986567, 1, 

Generation #12
38,62,0.001, 0.00918646, 0.0251708, 0.0475557, 0.0489063, 0.0700772, 0.0748612, 0.519501, 0.166946, 0.356403, 0.468838, 0.827722, 0.877851, 1, 

40,58,0.001, 0.00918646, 0.0251708, 0.0475557, 0.0489063, 0.0700772, 0.0748612, 0.166946, 0.183352, 0.276559, 0.696936, 0.964607, 1, 

37,83,0.0233079, 0.001, 0.00918646, 0.0251708, 0.0475557, 0.0489063, 0.0700772, 0.0748612, 1, 

48,52,0.001, 0.00918646, 0.0251708, 0.0475557, 0.0489063, 0.0700772, 0.193719, 0.252886, 0.183352, 0.912524, 0.758602, 0.412573, 0.529781, 0.799003, 0.968904, 0.986567, 1, 

Generation #13
38,62,0.001, 0.00918646, 0.0251708, 0.0475557, 0.0489063, 0.0700772, 0.0748612, 0.519501, 0.166946, 0.356403, 0.468838, 0.827722, 0.877851, 1, 

40,58,0.001, 0.00918646, 0.0251708, 0.0475557, 0.0489063, 0.0700772, 0.0748612, 0.166946, 0.183352, 0.276559, 0.696936, 0.964607, 1, 

37,83,0.0233079, 0.001, 0.00918646, 0.0251708, 0.0475557, 0.0489063, 0.0700772, 0.0748612, 1, 

48,52,0.001, 0.00918646, 0.0251708, 0.0475557, 0.0489063, 0.0700772, 0.193719, 0.252886, 0.183352, 0.912524, 0.758602, 0.412573, 0.529781, 0.799003, 0.968904, 0.986567, 1, 

36,1300,0.436093, 0.00918646, 0.0251708, 0.0475557, 0.0489063, 0.0700772, 0.0748612, 0.166946, 0.288435, 1, 

Generation #14
38,62,0.001, 0.00918646, 0.0251708, 0.0475557, 0.0489063, 0.0700772, 0.0748612, 0.519501, 0.166946, 0.356403, 0.468838, 0.827722, 0.877851, 1, 

40,58,0.001, 0.00918646, 0.0251708, 0.0475557, 0.0489063, 0.0700772, 0.0748612, 0.166946, 0.183352, 0.276559, 0.696936, 0.964607, 1, 

37,83,0.0233079, 0.001, 0.00918646, 0.0251708, 0.0475557, 0.0489063, 0.0700772, 0.0748612, 1, 

48,52,0.001, 0.00918646, 0.0251708, 0.0475557, 0.0489063, 0.0700772, 0.193719, 0.252886, 0.183352, 0.912524, 0.758602, 0.412573, 0.529781, 0.799003, 0.968904, 0.986567, 1, 

36,1300,0.436093, 0.00918646, 0.0251708, 0.0475557, 0.0489063, 0.0700772, 0.0748612, 0.166946, 0.288435, 1, 

Generation #15
34,48,0.001, 0.015108, 0.0242758, 0.0606851, 0.115533, 0.190788, 0.193719, 0.252886, 0.288435, 1, 

Generation #16
34,48,0.001, 0.015108, 0.0242758, 0.0606851, 0.115533, 0.190788, 0.193719, 0.252886, 0.288435, 1, 

Generation #17
34,48,0.001, 0.015108, 0.0242758, 0.0606851, 0.115533, 0.190788, 0.193719, 0.252886, 0.288435, 1, 

Generation #18
34,48,0.001, 0.015108, 0.0242758, 0.0606851, 0.115533, 0.190788, 0.193719, 0.252886, 0.288435, 1, 

Generation #19
34,48,0.001, 0.015108, 0.0242758, 0.0606851, 0.115533, 0.190788, 0.193719, 0.252886, 0.288435, 1, 

Generation #20
34,48,0.001, 0.015108, 0.0242758, 0.0606851, 0.115533, 0.190788, 0.193719, 0.252886, 0.288435, 1, 

Generation #21
34,48,0.001, 0.015108, 0.0242758, 0.0606851, 0.115533, 0.190788, 0.193719, 0.252886, 0.288435, 1, 

Generation #22
34,48,0.001, 0.015108, 0.0242758, 0.0606851, 0.115533, 0.190788, 0.193719, 0.252886, 0.288435, 1, 

Generation #23
34,48,0.001, 0.015108, 0.0242758, 0.0606851, 0.115533, 0.190788, 0.193719, 0.252886, 0.288435, 1, 

Generation #24
34,48,0.001, 0.015108, 0.0242758, 0.0606851, 0.115533, 0.190788, 0.193719, 0.252886, 0.288435, 1, 

Generation #25
34,48,0.001, 0.015108, 0.0242758, 0.0606851, 0.115533, 0.190788, 0.193719, 0.252886, 0.288435, 1, 

42,46,0.001, 0.00918646, 0.0251708, 0.0475557, 0.0489063, 0.0700772, 0.0748612, 0.166946, 0.183352, 0.276559, 0.379051, 0.358724, 0.359528, 1, 

33,97,0.001, 0.00918646, 0.0251708, 0.0475557, 0.0489063, 0.0700772, 0.0748612, 0.166946, 0.183352, 1, 

Generation #26
34,48,0.001, 0.015108, 0.0242758, 0.0606851, 0.115533, 0.190788, 0.193719, 0.252886, 0.288435, 1, 

42,46,0.001, 0.00918646, 0.0251708, 0.0475557, 0.0489063, 0.0700772, 0.0748612, 0.166946, 0.183352, 0.276559, 0.379051, 0.358724, 0.359528, 1, 

33,97,0.001, 0.00918646, 0.0251708, 0.0475557, 0.0489063, 0.0700772, 0.0748612, 0.166946, 0.183352, 1, 

Generation #27
34,48,0.001, 0.015108, 0.0242758, 0.0606851, 0.115533, 0.190788, 0.193719, 0.252886, 0.288435, 1, 

33,97,0.001, 0.00918646, 0.0251708, 0.0475557, 0.0489063, 0.0700772, 0.0748612, 0.166946, 0.183352, 1, 

40,46,0.001, 0.00918646, 0.0251708, 0.0475557, 0.0489063, 0.0700772, 0.0748612, 0.166946, 0.183352, 0.276559, 0.34673, 0.513625, 0.359528, 1, 

Generation #28
34,48,0.001, 0.015108, 0.0242758, 0.0606851, 0.115533, 0.190788, 0.193719, 0.252886, 0.288435, 1, 

33,97,0.001, 0.00918646, 0.0251708, 0.0475557, 0.0489063, 0.0700772, 0.0748612, 0.166946, 0.183352, 1, 

40,46,0.001, 0.00918646, 0.0251708, 0.0475557, 0.0489063, 0.0700772, 0.0748612, 0.166946, 0.183352, 0.276559, 0.34673, 0.513625, 0.359528, 1, 

Generation #29
34,48,0.001, 0.015108, 0.0242758, 0.0606851, 0.115533, 0.190788, 0.193719, 0.252886, 0.288435, 1, 

33,97,0.001, 0.00918646, 0.0251708, 0.0475557, 0.0489063, 0.0700772, 0.0748612, 0.166946, 0.183352, 1, 

40,46,0.001, 0.00918646, 0.0251708, 0.0475557, 0.0489063, 0.0700772, 0.0748612, 0.166946, 0.183352, 0.276559, 0.34673, 0.513625, 0.359528, 1, 

Generation #30
34,48,0.001, 0.015108, 0.0242758, 0.0606851, 0.115533, 0.190788, 0.193719, 0.252886, 0.288435, 1, 

33,97,0.001, 0.00918646, 0.0251708, 0.0475557, 0.0489063, 0.0700772, 0.0748612, 0.166946, 0.183352, 1, 

40,46,0.001, 0.00918646, 0.0251708, 0.0475557, 0.0489063, 0.0700772, 0.0748612, 0.166946, 0.183352, 0.276559, 0.34673, 0.513625, 0.359528, 1, 

Generation #31
34,48,0.001, 0.015108, 0.0242758, 0.0606851, 0.115533, 0.190788, 0.193719, 0.252886, 0.288435, 1, 

33,97,0.001, 0.00918646, 0.0251708, 0.0475557, 0.0489063, 0.0700772, 0.0748612, 0.166946, 0.183352, 1, 

40,46,0.001, 0.00918646, 0.0251708, 0.0475557, 0.0489063, 0.0700772, 0.0748612, 0.166946, 0.183352, 0.276559, 0.34673, 0.513625, 0.359528, 1, 

Generation #32
34,48,0.001, 0.015108, 0.0242758, 0.0606851, 0.115533, 0.190788, 0.193719, 0.252886, 0.288435, 1, 

33,97,0.001, 0.00918646, 0.0251708, 0.0475557, 0.0489063, 0.0700772, 0.0748612, 0.166946, 0.183352, 1, 

40,46,0.001, 0.00918646, 0.0251708, 0.0475557, 0.0489063, 0.0700772, 0.0748612, 0.166946, 0.183352, 0.276559, 0.34673, 0.513625, 0.359528, 1, 

41,41,0.001, 0.015108, 0.0251708, 0.0475557, 0.0489063, 0.0700772, 0.0748612, 0.166946, 0.183352, 0.276559, 0.34673, 0.513625, 0.359528, 1, 

Generation #33
34,48,0.001, 0.015108, 0.0242758, 0.0606851, 0.115533, 0.190788, 0.193719, 0.252886, 0.288435, 1, 

33,97,0.001, 0.00918646, 0.0251708, 0.0475557, 0.0489063, 0.0700772, 0.0748612, 0.166946, 0.183352, 1, 

40,46,0.001, 0.00918646, 0.0251708, 0.0475557, 0.0489063, 0.0700772, 0.0748612, 0.166946, 0.183352, 0.276559, 0.34673, 0.513625, 0.359528, 1, 

41,41,0.001, 0.015108, 0.0251708, 0.0475557, 0.0489063, 0.0700772, 0.0748612, 0.166946, 0.183352, 0.276559, 0.34673, 0.513625, 0.359528, 1, 

Generation #34
34,48,0.001, 0.015108, 0.0242758, 0.0606851, 0.115533, 0.190788, 0.193719, 0.252886, 0.288435, 1, 

33,97,0.001, 0.00918646, 0.0251708, 0.0475557, 0.0489063, 0.0700772, 0.0748612, 0.166946, 0.183352, 1, 

40,46,0.001, 0.00918646, 0.0251708, 0.0475557, 0.0489063, 0.0700772, 0.0748612, 0.166946, 0.183352, 0.276559, 0.34673, 0.513625, 0.359528, 1, 

41,41,0.001, 0.015108, 0.0251708, 0.0475557, 0.0489063, 0.0700772, 0.0748612, 0.166946, 0.183352, 0.276559, 0.34673, 0.513625, 0.359528, 1, 

Generation #35
34,48,0.001, 0.015108, 0.0242758, 0.0606851, 0.115533, 0.190788, 0.193719, 0.252886, 0.288435, 1, 

33,97,0.001, 0.00918646, 0.0251708, 0.0475557, 0.0489063, 0.0700772, 0.0748612, 0.166946, 0.183352, 1, 

40,46,0.001, 0.00918646, 0.0251708, 0.0475557, 0.0489063, 0.0700772, 0.0748612, 0.166946, 0.183352, 0.276559, 0.34673, 0.513625, 0.359528, 1, 

41,41,0.001, 0.015108, 0.0251708, 0.0475557, 0.0489063, 0.0700772, 0.0748612, 0.166946, 0.183352, 0.276559, 0.34673, 0.513625, 0.359528, 1, 

Generation #36
34,48,0.001, 0.015108, 0.0242758, 0.0606851, 0.115533, 0.190788, 0.193719, 0.252886, 0.288435, 1, 

33,97,0.001, 0.00918646, 0.0251708, 0.0475557, 0.0489063, 0.0700772, 0.0748612, 0.166946, 0.183352, 1, 

40,46,0.001, 0.00918646, 0.0251708, 0.0475557, 0.0489063, 0.0700772, 0.0748612, 0.166946, 0.183352, 0.276559, 0.34673, 0.513625, 0.359528, 1, 

41,41,0.001, 0.015108, 0.0251708, 0.0475557, 0.0489063, 0.0700772, 0.0748612, 0.166946, 0.183352, 0.276559, 0.34673, 0.513625, 0.359528, 1, 

Generation #37
34,48,0.001, 0.015108, 0.0242758, 0.0606851, 0.115533, 0.190788, 0.193719, 0.252886, 0.288435, 1, 

33,97,0.001, 0.00918646, 0.0251708, 0.0475557, 0.0489063, 0.0700772, 0.0748612, 0.166946, 0.183352, 1, 

40,46,0.001, 0.00918646, 0.0251708, 0.0475557, 0.0489063, 0.0700772, 0.0748612, 0.166946, 0.183352, 0.276559, 0.34673, 0.513625, 0.359528, 1, 

41,41,0.001, 0.015108, 0.0251708, 0.0475557, 0.0489063, 0.0700772, 0.0748612, 0.166946, 0.183352, 0.276559, 0.34673, 0.513625, 0.359528, 1, 

Generation #38
34,48,0.001, 0.015108, 0.0242758, 0.0606851, 0.115533, 0.190788, 0.193719, 0.252886, 0.288435, 1, 

33,97,0.001, 0.00918646, 0.0251708, 0.0475557, 0.0489063, 0.0700772, 0.0748612, 0.166946, 0.183352, 1, 

40,46,0.001, 0.00918646, 0.0251708, 0.0475557, 0.0489063, 0.0700772, 0.0748612, 0.166946, 0.183352, 0.276559, 0.34673, 0.513625, 0.359528, 1, 

41,41,0.001, 0.015108, 0.0251708, 0.0475557, 0.0489063, 0.0700772, 0.0748612, 0.166946, 0.183352, 0.276559, 0.34673, 0.513625, 0.359528, 1, 

Generation #39
34,48,0.001, 0.015108, 0.0242758, 0.0606851, 0.115533, 0.190788, 0.193719, 0.252886, 0.288435, 1, 

33,97,0.001, 0.00918646, 0.0251708, 0.0475557, 0.0489063, 0.0700772, 0.0748612, 0.166946, 0.183352, 1, 

40,46,0.001, 0.00918646, 0.0251708, 0.0475557, 0.0489063, 0.0700772, 0.0748612, 0.166946, 0.183352, 0.276559, 0.34673, 0.513625, 0.359528, 1, 

41,41,0.001, 0.015108, 0.0251708, 0.0475557, 0.0489063, 0.0700772, 0.0748612, 0.166946, 0.183352, 0.276559, 0.34673, 0.513625, 0.359528, 1, 

Generation #40
34,48,0.001, 0.015108, 0.0242758, 0.0606851, 0.115533, 0.190788, 0.193719, 0.252886, 0.288435, 1, 

33,97,0.001, 0.00918646, 0.0251708, 0.0475557, 0.0489063, 0.0700772, 0.0748612, 0.166946, 0.183352, 1, 

40,46,0.001, 0.00918646, 0.0251708, 0.0475557, 0.0489063, 0.0700772, 0.0748612, 0.166946, 0.183352, 0.276559, 0.34673, 0.513625, 0.359528, 1, 

41,41,0.001, 0.015108, 0.0251708, 0.0475557, 0.0489063, 0.0700772, 0.0748612, 0.166946, 0.183352, 0.276559, 0.34673, 0.513625, 0.359528, 1, 

Generation #41
34,48,0.001, 0.015108, 0.0242758, 0.0606851, 0.115533, 0.190788, 0.193719, 0.252886, 0.288435, 1, 

33,97,0.001, 0.00918646, 0.0251708, 0.0475557, 0.0489063, 0.0700772, 0.0748612, 0.166946, 0.183352, 1, 

40,46,0.001, 0.00918646, 0.0251708, 0.0475557, 0.0489063, 0.0700772, 0.0748612, 0.166946, 0.183352, 0.276559, 0.34673, 0.513625, 0.359528, 1, 

41,41,0.001, 0.015108, 0.0251708, 0.0475557, 0.0489063, 0.0700772, 0.0748612, 0.166946, 0.183352, 0.276559, 0.34673, 0.513625, 0.359528, 1, 

Generation #42
34,48,0.001, 0.015108, 0.0242758, 0.0606851, 0.115533, 0.190788, 0.193719, 0.252886, 0.288435, 1, 

33,97,0.001, 0.00918646, 0.0251708, 0.0475557, 0.0489063, 0.0700772, 0.0748612, 0.166946, 0.183352, 1, 

40,46,0.001, 0.00918646, 0.0251708, 0.0475557, 0.0489063, 0.0700772, 0.0748612, 0.166946, 0.183352, 0.276559, 0.34673, 0.513625, 0.359528, 1, 

41,41,0.001, 0.015108, 0.0251708, 0.0475557, 0.0489063, 0.0700772, 0.0748612, 0.166946, 0.183352, 0.276559, 0.34673, 0.513625, 0.359528, 1, 

Generation #43
34,48,0.001, 0.015108, 0.0242758, 0.0606851, 0.115533, 0.190788, 0.193719, 0.252886, 0.288435, 1, 

33,97,0.001, 0.00918646, 0.0251708, 0.0475557, 0.0489063, 0.0700772, 0.0748612, 0.166946, 0.183352, 1, 

40,46,0.001, 0.00918646, 0.0251708, 0.0475557, 0.0489063, 0.0700772, 0.0748612, 0.166946, 0.183352, 0.276559, 0.34673, 0.513625, 0.359528, 1, 

41,41,0.001, 0.015108, 0.0251708, 0.0475557, 0.0489063, 0.0700772, 0.0748612, 0.166946, 0.183352, 0.276559, 0.34673, 0.513625, 0.359528, 1, 

Generation #44
34,48,0.001, 0.015108, 0.0242758, 0.0606851, 0.115533, 0.190788, 0.193719, 0.252886, 0.288435, 1, 

33,97,0.001, 0.00918646, 0.0251708, 0.0475557, 0.0489063, 0.0700772, 0.0748612, 0.166946, 0.183352, 1, 

40,46,0.001, 0.00918646, 0.0251708, 0.0475557, 0.0489063, 0.0700772, 0.0748612, 0.166946, 0.183352, 0.276559, 0.34673, 0.513625, 0.359528, 1, 

41,41,0.001, 0.015108, 0.0251708, 0.0475557, 0.0489063, 0.0700772, 0.0748612, 0.166946, 0.183352, 0.276559, 0.34673, 0.513625, 0.359528, 1, 

Generation #45
34,48,0.001, 0.015108, 0.0242758, 0.0606851, 0.115533, 0.190788, 0.193719, 0.252886, 0.288435, 1, 

33,97,0.001, 0.00918646, 0.0251708, 0.0475557, 0.0489063, 0.0700772, 0.0748612, 0.166946, 0.183352, 1, 

40,46,0.001, 0.00918646, 0.0251708, 0.0475557, 0.0489063, 0.0700772, 0.0748612, 0.166946, 0.183352, 0.276559, 0.34673, 0.513625, 0.359528, 1, 

41,41,0.001, 0.015108, 0.0251708, 0.0475557, 0.0489063, 0.0700772, 0.0748612, 0.166946, 0.183352, 0.276559, 0.34673, 0.513625, 0.359528, 1, 

Generation #46
34,48,0.001, 0.015108, 0.0242758, 0.0606851, 0.115533, 0.190788, 0.193719, 0.252886, 0.288435, 1, 

33,97,0.001, 0.00918646, 0.0251708, 0.0475557, 0.0489063, 0.0700772, 0.0748612, 0.166946, 0.183352, 1, 

40,46,0.001, 0.00918646, 0.0251708, 0.0475557, 0.0489063, 0.0700772, 0.0748612, 0.166946, 0.183352, 0.276559, 0.34673, 0.513625, 0.359528, 1, 

41,41,0.001, 0.015108, 0.0251708, 0.0475557, 0.0489063, 0.0700772, 0.0748612, 0.166946, 0.183352, 0.276559, 0.34673, 0.513625, 0.359528, 1, 

Generation #47
34,48,0.001, 0.015108, 0.0242758, 0.0606851, 0.115533, 0.190788, 0.193719, 0.252886, 0.288435, 1, 

33,97,0.001, 0.00918646, 0.0251708, 0.0475557, 0.0489063, 0.0700772, 0.0748612, 0.166946, 0.183352, 1, 

40,46,0.001, 0.00918646, 0.0251708, 0.0475557, 0.0489063, 0.0700772, 0.0748612, 0.166946, 0.183352, 0.276559, 0.34673, 0.513625, 0.359528, 1, 

41,41,0.001, 0.015108, 0.0251708, 0.0475557, 0.0489063, 0.0700772, 0.0748612, 0.166946, 0.183352, 0.276559, 0.34673, 0.513625, 0.359528, 1, 

Generation #48
34,48,0.001, 0.015108, 0.0242758, 0.0606851, 0.115533, 0.190788, 0.193719, 0.252886, 0.288435, 1, 

33,97,0.001, 0.00918646, 0.0251708, 0.0475557, 0.0489063, 0.0700772, 0.0748612, 0.166946, 0.183352, 1, 

40,46,0.001, 0.00918646, 0.0251708, 0.0475557, 0.0489063, 0.0700772, 0.0748612, 0.166946, 0.183352, 0.276559, 0.34673, 0.513625, 0.359528, 1, 

41,41,0.001, 0.015108, 0.0251708, 0.0475557, 0.0489063, 0.0700772, 0.0748612, 0.166946, 0.183352, 0.276559, 0.34673, 0.513625, 0.359528, 1, 

Generation #49
34,48,0.001, 0.015108, 0.0242758, 0.0606851, 0.115533, 0.190788, 0.193719, 0.252886, 0.288435, 1, 

33,97,0.001, 0.00918646, 0.0251708, 0.0475557, 0.0489063, 0.0700772, 0.0748612, 0.166946, 0.183352, 1, 

40,46,0.001, 0.00918646, 0.0251708, 0.0475557, 0.0489063, 0.0700772, 0.0748612, 0.166946, 0.183352, 0.276559, 0.34673, 0.513625, 0.359528, 1, 

41,41,0.001, 0.015108, 0.0251708, 0.0475557, 0.0489063, 0.0700772, 0.0748612, 0.166946, 0.183352, 0.276559, 0.34673, 0.513625, 0.359528, 1, 

--- Pareto Front Solutions ---
Solution 0: N total=124 (N_initial=90, N_added=34), Time total=175 ms, Saved to: ./results/Apache_t2_l3_pareto_0.csv, percents=0.001, 0.015108, 0.0242758, 0.0606851, 0.115533, 0.190788, 0.193719, 0.252886, 0.288435, 1, 

Solution 1: N total=123 (N_initial=90, N_added=33), Time total=224 ms, Saved to: ./results/Apache_t2_l3_pareto_1.csv, percents=0.001, 0.00918646, 0.0251708, 0.0475557, 0.0489063, 0.0700772, 0.0748612, 0.166946, 0.183352, 1, 

Solution 2: N total=130 (N_initial=90, N_added=40), Time total=173 ms, Saved to: ./results/Apache_t2_l3_pareto_2.csv, percents=0.001, 0.00918646, 0.0251708, 0.0475557, 0.0489063, 0.0700772, 0.0748612, 0.166946, 0.183352, 0.276559, 0.34673, 0.513625, 0.359528, 1, 

Solution 3: N total=131 (N_initial=90, N_added=41), Time total=168 ms, Saved to: ./results/Apache_t2_l3_pareto_3.csv, percents=0.001, 0.015108, 0.0251708, 0.0475557, 0.0489063, 0.0700772, 0.0748612, 0.166946, 0.183352, 0.276559, 0.34673, 0.513625, 0.359528, 1, 

------------d=1, t=2, lambda=4, filename=./evaluation/Apache/Apache_2_4.csv------------
Computing partitioned counts of d-sets...
Ready to look at pairs based on partitioned counts...
First Stage N=120, Time=169
There are 61 remaining non-locating pairs
--- Running GA Algorithm (phase2) ---
Running GA with std::execution::par
Generation #0
48,26,0.001, 0.0237609, 0.0558584, 0.0607626, 0.0680707, 0.125926, 0.187344, 0.264666, 0.271317, 0.293618, 0.325864, 0.356472, 0.358303, 0.403009, 0.410505, 0.410774, 0.420341, 0.47347, 0.58766, 0.596299, 0.653912, 0.73565, 0.847576, 0.84795, 0.864061, 0.88645, 0.943011, 0.970372, 0.984978, 1, 

34,34,0.001, 0.0380449, 0.0819915, 0.0952645, 0.119179, 0.138741, 0.14858, 0.187339, 0.34293, 0.538692, 0.541404, 0.567725, 0.626065, 0.667305, 0.744823, 0.756769, 0.764338, 0.791883, 0.857091, 1, 

32,112,0.001, 0.381007, 0.394662, 0.413674, 0.41624, 0.672941, 0.687416, 0.707488, 0.708436, 0.876797, 0.91726, 1, 

33,43,0.001, 0.0608028, 0.0997896, 0.228554, 0.261007, 0.281989, 0.423681, 0.523739, 0.583781, 0.917464, 0.947874, 1, 

Generation #1
46,22,0.001, 0.0327764, 0.0612276, 0.0717858, 0.185024, 0.202655, 0.215789, 0.279099, 0.349805, 0.392756, 0.397758, 0.497175, 0.612772, 0.64965, 0.692606, 0.740698, 0.759593, 0.761478, 0.863505, 0.911989, 0.915934, 0.946949, 1, 

37,23,0.001, 0.0442676, 0.0725018, 0.0988128, 0.146739, 0.168914, 0.206346, 0.217665, 0.222613, 0.2882, 0.466786, 0.472273, 0.485995, 0.564657, 0.661853, 0.740692, 0.829546, 0.834256, 0.840743, 0.846305, 0.89921, 1, 

33,34,0.001, 0.0442676, 0.0725018, 0.0988128, 0.146739, 0.168914, 0.206346, 0.217665, 0.222613, 0.2882, 0.306806, 0.955704, 1, 

30,56,0.001, 0.0119246, 0.0357734, 0.124411, 0.13559, 0.158433, 0.635184, 0.702022, 0.81811, 0.922847, 1, 

Generation #2
46,22,0.001, 0.0327764, 0.0612276, 0.0717858, 0.185024, 0.202655, 0.215789, 0.279099, 0.349805, 0.392756, 0.397758, 0.497175, 0.612772, 0.64965, 0.692606, 0.740698, 0.759593, 0.761478, 0.863505, 0.911989, 0.915934, 0.946949, 1, 

37,23,0.001, 0.0442676, 0.0725018, 0.0988128, 0.146739, 0.168914, 0.206346, 0.217665, 0.222613, 0.2882, 0.466786, 0.472273, 0.485995, 0.564657, 0.661853, 0.740692, 0.829546, 0.834256, 0.840743, 0.846305, 0.89921, 1, 

30,56,0.001, 0.0119246, 0.0357734, 0.124411, 0.13559, 0.158433, 0.635184, 0.702022, 0.81811, 0.922847, 1, 

31,26,0.001, 0.0489818, 0.0711008, 0.097601, 0.102361, 0.103642, 0.108813, 0.12552, 0.168532, 0.176102, 0.190446, 1, 

Generation #3
46,22,0.001, 0.0327764, 0.0612276, 0.0717858, 0.185024, 0.202655, 0.215789, 0.279099, 0.349805, 0.392756, 0.397758, 0.497175, 0.612772, 0.64965, 0.692606, 0.740698, 0.759593, 0.761478, 0.863505, 0.911989, 0.915934, 0.946949, 1, 

37,23,0.001, 0.0442676, 0.0725018, 0.0988128, 0.146739, 0.168914, 0.206346, 0.217665, 0.222613, 0.2882, 0.466786, 0.472273, 0.485995, 0.564657, 0.661853, 0.740692, 0.829546, 0.834256, 0.840743, 0.846305, 0.89921, 1, 

31,26,0.001, 0.0489818, 0.0711008, 0.097601, 0.102361, 0.103642, 0.108813, 0.12552, 0.168532, 0.176102, 0.190446, 1, 

30,31,0.001, 0.0774429, 0.077443, 0.0936147, 0.139997, 0.514743, 0.557365, 0.614836, 0.690812, 0.82688, 0.839248, 1, 

Generation #4
46,22,0.001, 0.0327764, 0.0612276, 0.0717858, 0.185024, 0.202655, 0.215789, 0.279099, 0.349805, 0.392756, 0.397758, 0.497175, 0.612772, 0.64965, 0.692606, 0.740698, 0.759593, 0.761478, 0.863505, 0.911989, 0.915934, 0.946949, 1, 

37,23,0.001, 0.0442676, 0.0725018, 0.0988128, 0.146739, 0.168914, 0.206346, 0.217665, 0.222613, 0.2882, 0.466786, 0.472273, 0.485995, 0.564657, 0.661853, 0.740692, 0.829546, 0.834256, 0.840743, 0.846305, 0.89921, 1, 

47,20,0.001, 0.0442676, 0.0725018, 0.0988128, 0.146739, 0.168914, 0.206346, 0.217665, 0.222613, 0.2882, 0.190446, 0.199426, 0.221655, 0.257663, 0.439589, 0.457531, 0.471712, 0.482539, 0.49336, 0.502529, 0.547795, 0.58172, 0.700181, 0.810029, 0.863209, 0.899995, 0.914164, 0.937709, 0.951189, 0.993397, 1, 

27,26,0.001, 0.0327764, 0.0612276, 0.0727854, 0.139997, 0.514743, 0.557365, 0.614836, 0.690812, 0.813606, 0.91726, 1, 

Generation #5
46,22,0.001, 0.0327764, 0.0612276, 0.0717858, 0.185024, 0.202655, 0.215789, 0.279099, 0.349805, 0.392756, 0.397758, 0.497175, 0.612772, 0.64965, 0.692606, 0.740698, 0.759593, 0.761478, 0.863505, 0.911989, 0.915934, 0.946949, 1, 

37,23,0.001, 0.0442676, 0.0725018, 0.0988128, 0.146739, 0.168914, 0.206346, 0.217665, 0.222613, 0.2882, 0.466786, 0.472273, 0.485995, 0.564657, 0.661853, 0.740692, 0.829546, 0.834256, 0.840743, 0.846305, 0.89921, 1, 

47,20,0.001, 0.0442676, 0.0725018, 0.0988128, 0.146739, 0.168914, 0.206346, 0.217665, 0.222613, 0.2882, 0.190446, 0.199426, 0.221655, 0.257663, 0.439589, 0.457531, 0.471712, 0.482539, 0.49336, 0.502529, 0.547795, 0.58172, 0.700181, 0.810029, 0.863209, 0.899995, 0.914164, 0.937709, 0.951189, 0.993397, 1, 

27,26,0.001, 0.0327764, 0.0612276, 0.0727854, 0.139997, 0.514743, 0.557365, 0.614836, 0.690812, 0.813606, 0.91726, 1, 

34,24,0.001, 0.0470281, 0.0686463, 0.0717858, 0.185024, 0.202655, 0.215789, 0.279099, 0.349805, 0.432496, 0.568593, 0.664541, 0.912659, 0.704669, 0.729985, 0.730624, 0.817587, 0.856794, 1, 

Generation #6
46,22,0.001, 0.0327764, 0.0612276, 0.0717858, 0.185024, 0.202655, 0.215789, 0.279099, 0.349805, 0.392756, 0.397758, 0.497175, 0.612772, 0.64965, 0.692606, 0.740698, 0.759593, 0.761478, 0.863505, 0.911989, 0.915934, 0.946949, 1, 

27,26,0.001, 0.0327764, 0.0612276, 0.0727854, 0.139997, 0.514743, 0.557365, 0.614836, 0.690812, 0.813606, 0.91726, 1, 

29,23,0.001, 0.0237609, 0.065104, 0.109683, 0.147055, 0.152965, 0.183602, 0.190229, 0.212965, 0.237327, 1, 

47,19,0.001, 0.0489818, 0.0711008, 0.097601, 0.102361, 0.103642, 0.108813, 0.12552, 0.168532, 0.176102, 0.190446, 0.199426, 0.221655, 0.257663, 0.439589, 0.457531, 0.471712, 0.482539, 0.49336, 0.502529, 0.547795, 0.58172, 0.700181, 0.810029, 0.863209, 0.899995, 0.914164, 0.937709, 0.951189, 0.993397, 1, 

Generation #7
27,26,0.001, 0.0327764, 0.0612276, 0.0727854, 0.139997, 0.514743, 0.557365, 0.614836, 0.690812, 0.813606, 0.91726, 1, 

29,23,0.001, 0.0237609, 0.065104, 0.109683, 0.147055, 0.152965, 0.183602, 0.190229, 0.212965, 0.237327, 1, 

47,19,0.001, 0.0489818, 0.0711008, 0.097601, 0.102361, 0.103642, 0.108813, 0.12552, 0.168532, 0.176102, 0.190446, 0.199426, 0.221655, 0.257663, 0.439589, 0.457531, 0.471712, 0.482539, 0.49336, 0.502529, 0.547795, 0.58172, 0.700181, 0.810029, 0.863209, 0.899995, 0.914164, 0.937709, 0.951189, 0.993397, 1, 

28,25,0.001, 0.0497185, 0.0619909, 0.0681935, 0.0694751, 0.0934929, 0.107693, 0.12552, 0.168532, 0.176102, 0.190446, 1, 

26,30,0.001, 0.0489818, 0.0711008, 0.097601, 0.102361, 0.103642, 0.108813, 0.12552, 0.168532, 0.922847, 1, 

34,21,0.001, 0.0489818, 0.0711008, 0.097601, 0.102361, 0.103642, 0.108813, 0.12552, 0.168532, 0.82688, 0.839248, 1, 

Generation #8
27,26,0.001, 0.0327764, 0.0612276, 0.0727854, 0.139997, 0.514743, 0.557365, 0.614836, 0.690812, 0.813606, 0.91726, 1, 

29,23,0.001, 0.0237609, 0.065104, 0.109683, 0.147055, 0.152965, 0.183602, 0.190229, 0.212965, 0.237327, 1, 

28,25,0.001, 0.0497185, 0.0619909, 0.0681935, 0.0694751, 0.0934929, 0.107693, 0.12552, 0.168532, 0.176102, 0.190446, 1, 

26,30,0.001, 0.0489818, 0.0711008, 0.097601, 0.102361, 0.103642, 0.108813, 0.12552, 0.168532, 0.922847, 1, 

34,21,0.001, 0.0489818, 0.0711008, 0.097601, 0.102361, 0.103642, 0.108813, 0.12552, 0.168532, 0.82688, 0.839248, 1, 

44,16,0.001, 0.0203768, 0.0572455, 0.097601, 0.102361, 0.103642, 0.108813, 0.12552, 0.168532, 0.176102, 0.190446, 0.199426, 0.221655, 0.257663, 0.439589, 0.457531, 0.471712, 0.482539, 0.49336, 0.502529, 0.547795, 0.58172, 0.700181, 0.810029, 0.863209, 0.899995, 0.914164, 0.937709, 0.951189, 0.993397, 1, 

30,22,0.001, 0.0442676, 0.0725018, 0.0988128, 0.146739, 0.206346, 0.217665, 0.3684, 0.368726, 1, 

Generation #9
26,30,0.001, 0.0489818, 0.0711008, 0.097601, 0.102361, 0.103642, 0.108813, 0.12552, 0.168532, 0.922847, 1, 

44,16,0.001, 0.0203768, 0.0572455, 0.097601, 0.102361, 0.103642, 0.108813, 0.12552, 0.168532, 0.176102, 0.190446, 0.199426, 0.221655, 0.257663, 0.439589, 0.457531, 0.471712, 0.482539, 0.49336, 0.502529, 0.547795, 0.58172, 0.700181, 0.810029, 0.863209, 0.899995, 0.914164, 0.937709, 0.951189, 0.993397, 1, 

32,19,0.001, 0.0327764, 0.0612276, 0.0727854, 0.139997, 0.514743, 0.557365, 0.614836, 0.690812, 0.813606, 0.91726, 1, 

27,25,0.001, 0.0470281, 0.0711008, 0.097601, 0.102361, 0.103642, 0.108813, 0.12552, 0.168532, 0.176102, 0.190446, 1, 

29,22,0.001, 0.0203768, 0.0572455, 0.0891086, 0.121171, 0.168914, 0.206346, 0.217665, 0.212965, 0.813606, 0.82688, 0.839248, 1, 

Generation #10
26,30,0.001, 0.0489818, 0.0711008, 0.097601, 0.102361, 0.103642, 0.108813, 0.12552, 0.168532, 0.922847, 1, 

44,16,0.001, 0.0203768, 0.0572455, 0.097601, 0.102361, 0.103642, 0.108813, 0.12552, 0.168532, 0.176102, 0.190446, 0.199426, 0.221655, 0.257663, 0.439589, 0.457531, 0.471712, 0.482539, 0.49336, 0.502529, 0.547795, 0.58172, 0.700181, 0.810029, 0.863209, 0.899995, 0.914164, 0.937709, 0.951189, 0.993397, 1, 

32,19,0.001, 0.0327764, 0.0612276, 0.0727854, 0.139997, 0.514743, 0.557365, 0.614836, 0.690812, 0.813606, 0.91726, 1, 

27,25,0.001, 0.0470281, 0.0711008, 0.097601, 0.102361, 0.103642, 0.108813, 0.12552, 0.168532, 0.176102, 0.190446, 1, 

29,22,0.001, 0.0203768, 0.0572455, 0.0891086, 0.121171, 0.168914, 0.206346, 0.217665, 0.212965, 0.813606, 0.82688, 0.839248, 1, 

Generation #11
44,16,0.001, 0.0203768, 0.0572455, 0.097601, 0.102361, 0.103642, 0.108813, 0.12552, 0.168532, 0.176102, 0.190446, 0.199426, 0.221655, 0.257663, 0.439589, 0.457531, 0.471712, 0.482539, 0.49336, 0.502529, 0.547795, 0.58172, 0.700181, 0.810029, 0.863209, 0.899995, 0.914164, 0.937709, 0.951189, 0.993397, 1, 

32,19,0.001, 0.0327764, 0.0612276, 0.0727854, 0.139997, 0.514743, 0.557365, 0.614836, 0.690812, 0.813606, 0.91726, 1, 

27,25,0.001, 0.0470281, 0.0711008, 0.097601, 0.102361, 0.103642, 0.108813, 0.12552, 0.168532, 0.176102, 0.190446, 1, 

29,22,0.001, 0.0203768, 0.0572455, 0.0891086, 0.121171, 0.168914, 0.206346, 0.217665, 0.212965, 0.813606, 0.82688, 0.839248, 1, 

28,23,0.001, 0.0497185, 0.0619909, 0.0681935, 0.0934929, 0.107693, 0.217665, 0.222613, 0.176102, 0.190446, 1, 

26,26,0.001, 0.0327764, 0.0612276, 0.0717858, 0.185024, 0.202655, 0.183602, 0.190229, 0.212965, 0.237327, 1, 

Generation #12
44,16,0.001, 0.0203768, 0.0572455, 0.097601, 0.102361, 0.103642, 0.108813, 0.12552, 0.168532, 0.176102, 0.190446, 0.199426, 0.221655, 0.257663, 0.439589, 0.457531, 0.471712, 0.482539, 0.49336, 0.502529, 0.547795, 0.58172, 0.700181, 0.810029, 0.863209, 0.899995, 0.914164, 0.937709, 0.951189, 0.993397, 1, 

32,19,0.001, 0.0327764, 0.0612276, 0.0727854, 0.139997, 0.514743, 0.557365, 0.614836, 0.690812, 0.813606, 0.91726, 1, 

27,25,0.001, 0.0470281, 0.0711008, 0.097601, 0.102361, 0.103642, 0.108813, 0.12552, 0.168532, 0.176102, 0.190446, 1, 

28,23,0.001, 0.0497185, 0.0619909, 0.0681935, 0.0934929, 0.107693, 0.217665, 0.222613, 0.176102, 0.190446, 1, 

26,26,0.001, 0.0327764, 0.0612276, 0.0717858, 0.185024, 0.202655, 0.183602, 0.190229, 0.212965, 0.237327, 1, 

29,21,0.001, 0.0489818, 0.0711008, 0.097601, 0.102361, 0.103642, 0.108813, 0.12552, 0.168532, 0.176102, 0.190446, 0.839248, 1, 

Generation #13
44,16,0.001, 0.0203768, 0.0572455, 0.097601, 0.102361, 0.103642, 0.108813, 0.12552, 0.168532, 0.176102, 0.190446, 0.199426, 0.221655, 0.257663, 0.439589, 0.457531, 0.471712, 0.482539, 0.49336, 0.502529, 0.547795, 0.58172, 0.700181, 0.810029, 0.863209, 0.899995, 0.914164, 0.937709, 0.951189, 0.993397, 1, 

32,19,0.001, 0.0327764, 0.0612276, 0.0727854, 0.139997, 0.514743, 0.557365, 0.614836, 0.690812, 0.813606, 0.91726, 1, 

27,25,0.001, 0.0470281, 0.0711008, 0.097601, 0.102361, 0.103642, 0.108813, 0.12552, 0.168532, 0.176102, 0.190446, 1, 

28,23,0.001, 0.0497185, 0.0619909, 0.0681935, 0.0934929, 0.107693, 0.217665, 0.222613, 0.176102, 0.190446, 1, 

26,26,0.001, 0.0327764, 0.0612276, 0.0717858, 0.185024, 0.202655, 0.183602, 0.190229, 0.212965, 0.237327, 1, 

29,21,0.001, 0.0489818, 0.0711008, 0.097601, 0.102361, 0.103642, 0.108813, 0.12552, 0.168532, 0.176102, 0.190446, 0.839248, 1, 

25,40,0.001, 0.0470281, 0.0711008, 0.097601, 0.102361, 0.103642, 0.108813, 0.12552, 0.168532, 1, 

Generation #14
44,16,0.001, 0.0203768, 0.0572455, 0.097601, 0.102361, 0.103642, 0.108813, 0.12552, 0.168532, 0.176102, 0.190446, 0.199426, 0.221655, 0.257663, 0.439589, 0.457531, 0.471712, 0.482539, 0.49336, 0.502529, 0.547795, 0.58172, 0.700181, 0.810029, 0.863209, 0.899995, 0.914164, 0.937709, 0.951189, 0.993397, 1, 

32,19,0.001, 0.0327764, 0.0612276, 0.0727854, 0.139997, 0.514743, 0.557365, 0.614836, 0.690812, 0.813606, 0.91726, 1, 

28,23,0.001, 0.0497185, 0.0619909, 0.0681935, 0.0934929, 0.107693, 0.217665, 0.222613, 0.176102, 0.190446, 1, 

29,21,0.001, 0.0489818, 0.0711008, 0.097601, 0.102361, 0.103642, 0.108813, 0.12552, 0.168532, 0.176102, 0.190446, 0.839248, 1, 

25,24,0.001, 0.0497185, 0.0619909, 0.0681935, 0.102361, 0.103642, 0.108813, 0.190229, 0.212965, 0.190446, 1, 

Generation #15
44,16,0.001, 0.0203768, 0.0572455, 0.097601, 0.102361, 0.103642, 0.108813, 0.12552, 0.168532, 0.176102, 0.190446, 0.199426, 0.221655, 0.257663, 0.439589, 0.457531, 0.471712, 0.482539, 0.49336, 0.502529, 0.547795, 0.58172, 0.700181, 0.810029, 0.863209, 0.899995, 0.914164, 0.937709, 0.951189, 0.993397, 1, 

32,19,0.001, 0.0327764, 0.0612276, 0.0727854, 0.139997, 0.514743, 0.557365, 0.614836, 0.690812, 0.813606, 0.91726, 1, 

28,23,0.001, 0.0497185, 0.0619909, 0.0681935, 0.0934929, 0.107693, 0.217665, 0.222613, 0.176102, 0.190446, 1, 

29,21,0.001, 0.0489818, 0.0711008, 0.097601, 0.102361, 0.103642, 0.108813, 0.12552, 0.168532, 0.176102, 0.190446, 0.839248, 1, 

25,24,0.001, 0.0497185, 0.0619909, 0.0681935, 0.102361, 0.103642, 0.108813, 0.190229, 0.212965, 0.190446, 1, 

Generation #16
44,16,0.001, 0.0203768, 0.0572455, 0.097601, 0.102361, 0.103642, 0.108813, 0.12552, 0.168532, 0.176102, 0.190446, 0.199426, 0.221655, 0.257663, 0.439589, 0.457531, 0.471712, 0.482539, 0.49336, 0.502529, 0.547795, 0.58172, 0.700181, 0.810029, 0.863209, 0.899995, 0.914164, 0.937709, 0.951189, 0.993397, 1, 

32,19,0.001, 0.0327764, 0.0612276, 0.0727854, 0.139997, 0.514743, 0.557365, 0.614836, 0.690812, 0.813606, 0.91726, 1, 

28,23,0.001, 0.0497185, 0.0619909, 0.0681935, 0.0934929, 0.107693, 0.217665, 0.222613, 0.176102, 0.190446, 1, 

29,21,0.001, 0.0489818, 0.0711008, 0.097601, 0.102361, 0.103642, 0.108813, 0.12552, 0.168532, 0.176102, 0.190446, 0.839248, 1, 

25,24,0.001, 0.0497185, 0.0619909, 0.0681935, 0.102361, 0.103642, 0.108813, 0.190229, 0.212965, 0.190446, 1, 

Generation #17
44,16,0.001, 0.0203768, 0.0572455, 0.097601, 0.102361, 0.103642, 0.108813, 0.12552, 0.168532, 0.176102, 0.190446, 0.199426, 0.221655, 0.257663, 0.439589, 0.457531, 0.471712, 0.482539, 0.49336, 0.502529, 0.547795, 0.58172, 0.700181, 0.810029, 0.863209, 0.899995, 0.914164, 0.937709, 0.951189, 0.993397, 1, 

32,19,0.001, 0.0327764, 0.0612276, 0.0727854, 0.139997, 0.514743, 0.557365, 0.614836, 0.690812, 0.813606, 0.91726, 1, 

25,24,0.001, 0.0497185, 0.0619909, 0.0681935, 0.102361, 0.103642, 0.108813, 0.190229, 0.212965, 0.190446, 1, 

28,21,0.001, 0.0489818, 0.0711008, 0.097601, 0.102361, 0.103642, 0.206346, 0.34293, 0.538692, 1, 

Generation #18
32,19,0.001, 0.0327764, 0.0612276, 0.0727854, 0.139997, 0.514743, 0.557365, 0.614836, 0.690812, 0.813606, 0.91726, 1, 

25,24,0.001, 0.0497185, 0.0619909, 0.0681935, 0.102361, 0.103642, 0.108813, 0.190229, 0.212965, 0.190446, 1, 

28,21,0.001, 0.0489818, 0.0711008, 0.097601, 0.102361, 0.103642, 0.206346, 0.34293, 0.538692, 1, 

40,15,0.001, 0.0442676, 0.0725018, 0.097601, 0.102361, 0.103642, 0.107693, 0.217665, 0.222613, 0.176102, 0.199426, 0.221655, 0.257663, 0.439589, 0.457531, 0.471712, 0.49336, 0.502529, 0.547795, 0.58172, 0.700181, 0.810029, 0.863209, 0.644479, 0.914164, 0.937709, 0.951189, 0.993397, 1, 

24,33,0.001, 0.0600055, 0.0612683, 0.097601, 0.102361, 0.103642, 0.576578, 0.12552, 0.168532, 1, 

Generation #19
32,19,0.001, 0.0327764, 0.0612276, 0.0727854, 0.139997, 0.514743, 0.557365, 0.614836, 0.690812, 0.813606, 0.91726, 1, 

25,24,0.001, 0.0497185, 0.0619909, 0.0681935, 0.102361, 0.103642, 0.108813, 0.190229, 0.212965, 0.190446, 1, 

28,21,0.001, 0.0489818, 0.0711008, 0.097601, 0.102361, 0.103642, 0.206346, 0.34293, 0.538692, 1, 

40,15,0.001, 0.0442676, 0.0725018, 0.097601, 0.102361, 0.103642, 0.107693, 0.217665, 0.222613, 0.176102, 0.199426, 0.221655, 0.257663, 0.439589, 0.457531, 0.471712, 0.49336, 0.502529, 0.547795, 0.58172, 0.700181, 0.810029, 0.863209, 0.644479, 0.914164, 0.937709, 0.951189, 0.993397, 1, 

24,33,0.001, 0.0600055, 0.0612683, 0.097601, 0.102361, 0.103642, 0.576578, 0.12552, 0.168532, 1, 

Generation #20
40,15,0.001, 0.0442676, 0.0725018, 0.097601, 0.102361, 0.103642, 0.107693, 0.217665, 0.222613, 0.176102, 0.199426, 0.221655, 0.257663, 0.439589, 0.457531, 0.471712, 0.49336, 0.502529, 0.547795, 0.58172, 0.700181, 0.810029, 0.863209, 0.644479, 0.914164, 0.937709, 0.951189, 0.993397, 1, 

24,33,0.001, 0.0600055, 0.0612683, 0.097601, 0.102361, 0.103642, 0.576578, 0.12552, 0.168532, 1, 

25,19,0.001, 0.0489818, 0.0711008, 0.097601, 0.102361, 0.103642, 0.206346, 0.34293, 0.538692, 1, 

Generation #21
40,15,0.001, 0.0442676, 0.0725018, 0.097601, 0.102361, 0.103642, 0.107693, 0.217665, 0.222613, 0.176102, 0.199426, 0.221655, 0.257663, 0.439589, 0.457531, 0.471712, 0.49336, 0.502529, 0.547795, 0.58172, 0.700181, 0.810029, 0.863209, 0.644479, 0.914164, 0.937709, 0.951189, 0.993397, 1, 

24,33,0.001, 0.0600055, 0.0612683, 0.097601, 0.102361, 0.103642, 0.576578, 0.12552, 0.168532, 1, 

25,19,0.001, 0.0489818, 0.0711008, 0.097601, 0.102361, 0.103642, 0.206346, 0.34293, 0.538692, 1, 

28,17,0.001, 0.0489818, 0.0711008, 0.097601, 0.0694751, 0.0934929, 0.107693, 0.12552, 0.168532, 0.176102, 0.190446, 1, 

Generation #22
40,15,0.001, 0.0442676, 0.0725018, 0.097601, 0.102361, 0.103642, 0.107693, 0.217665, 0.222613, 0.176102, 0.199426, 0.221655, 0.257663, 0.439589, 0.457531, 0.471712, 0.49336, 0.502529, 0.547795, 0.58172, 0.700181, 0.810029, 0.863209, 0.644479, 0.914164, 0.937709, 0.951189, 0.993397, 1, 

24,33,0.001, 0.0600055, 0.0612683, 0.097601, 0.102361, 0.103642, 0.576578, 0.12552, 0.168532, 1, 

25,19,0.001, 0.0489818, 0.0711008, 0.097601, 0.102361, 0.103642, 0.206346, 0.34293, 0.538692, 1, 

28,17,0.001, 0.0489818, 0.0711008, 0.097601, 0.0694751, 0.0934929, 0.107693, 0.12552, 0.168532, 0.176102, 0.190446, 1, 

Generation #23
40,15,0.001, 0.0442676, 0.0725018, 0.097601, 0.102361, 0.103642, 0.107693, 0.217665, 0.222613, 0.176102, 0.199426, 0.221655, 0.257663, 0.439589, 0.457531, 0.471712, 0.49336, 0.502529, 0.547795, 0.58172, 0.700181, 0.810029, 0.863209, 0.644479, 0.914164, 0.937709, 0.951189, 0.993397, 1, 

24,33,0.001, 0.0600055, 0.0612683, 0.097601, 0.102361, 0.103642, 0.576578, 0.12552, 0.168532, 1, 

25,19,0.001, 0.0489818, 0.0711008, 0.097601, 0.102361, 0.103642, 0.206346, 0.34293, 0.538692, 1, 

28,17,0.001, 0.0489818, 0.0711008, 0.097601, 0.0694751, 0.0934929, 0.107693, 0.12552, 0.168532, 0.176102, 0.190446, 1, 

Generation #24
40,15,0.001, 0.0442676, 0.0725018, 0.097601, 0.102361, 0.103642, 0.107693, 0.217665, 0.222613, 0.176102, 0.199426, 0.221655, 0.257663, 0.439589, 0.457531, 0.471712, 0.49336, 0.502529, 0.547795, 0.58172, 0.700181, 0.810029, 0.863209, 0.644479, 0.914164, 0.937709, 0.951189, 0.993397, 1, 

24,33,0.001, 0.0600055, 0.0612683, 0.097601, 0.102361, 0.103642, 0.576578, 0.12552, 0.168532, 1, 

25,19,0.001, 0.0489818, 0.0711008, 0.097601, 0.102361, 0.103642, 0.206346, 0.34293, 0.538692, 1, 

28,17,0.001, 0.0489818, 0.0711008, 0.097601, 0.0694751, 0.0934929, 0.107693, 0.12552, 0.168532, 0.176102, 0.190446, 1, 

Generation #25
40,15,0.001, 0.0442676, 0.0725018, 0.097601, 0.102361, 0.103642, 0.107693, 0.217665, 0.222613, 0.176102, 0.199426, 0.221655, 0.257663, 0.439589, 0.457531, 0.471712, 0.49336, 0.502529, 0.547795, 0.58172, 0.700181, 0.810029, 0.863209, 0.644479, 0.914164, 0.937709, 0.951189, 0.993397, 1, 

24,33,0.001, 0.0600055, 0.0612683, 0.097601, 0.102361, 0.103642, 0.576578, 0.12552, 0.168532, 1, 

25,19,0.001, 0.0489818, 0.0711008, 0.097601, 0.102361, 0.103642, 0.206346, 0.34293, 0.538692, 1, 

28,17,0.001, 0.0489818, 0.0711008, 0.097601, 0.0694751, 0.0934929, 0.107693, 0.12552, 0.168532, 0.176102, 0.190446, 1, 

Generation #26
40,15,0.001, 0.0442676, 0.0725018, 0.097601, 0.102361, 0.103642, 0.107693, 0.217665, 0.222613, 0.176102, 0.199426, 0.221655, 0.257663, 0.439589, 0.457531, 0.471712, 0.49336, 0.502529, 0.547795, 0.58172, 0.700181, 0.810029, 0.863209, 0.644479, 0.914164, 0.937709, 0.951189, 0.993397, 1, 

24,33,0.001, 0.0600055, 0.0612683, 0.097601, 0.102361, 0.103642, 0.576578, 0.12552, 0.168532, 1, 

25,19,0.001, 0.0489818, 0.0711008, 0.097601, 0.102361, 0.103642, 0.206346, 0.34293, 0.538692, 1, 

28,17,0.001, 0.0489818, 0.0711008, 0.097601, 0.0694751, 0.0934929, 0.107693, 0.12552, 0.168532, 0.176102, 0.190446, 1, 

Generation #27
40,15,0.001, 0.0442676, 0.0725018, 0.097601, 0.102361, 0.103642, 0.107693, 0.217665, 0.222613, 0.176102, 0.199426, 0.221655, 0.257663, 0.439589, 0.457531, 0.471712, 0.49336, 0.502529, 0.547795, 0.58172, 0.700181, 0.810029, 0.863209, 0.644479, 0.914164, 0.937709, 0.951189, 0.993397, 1, 

24,33,0.001, 0.0600055, 0.0612683, 0.097601, 0.102361, 0.103642, 0.576578, 0.12552, 0.168532, 1, 

25,19,0.001, 0.0489818, 0.0711008, 0.097601, 0.102361, 0.103642, 0.206346, 0.34293, 0.538692, 1, 

28,17,0.001, 0.0489818, 0.0711008, 0.097601, 0.0694751, 0.0934929, 0.107693, 0.12552, 0.168532, 0.176102, 0.190446, 1, 

Generation #28
40,15,0.001, 0.0442676, 0.0725018, 0.097601, 0.102361, 0.103642, 0.107693, 0.217665, 0.222613, 0.176102, 0.199426, 0.221655, 0.257663, 0.439589, 0.457531, 0.471712, 0.49336, 0.502529, 0.547795, 0.58172, 0.700181, 0.810029, 0.863209, 0.644479, 0.914164, 0.937709, 0.951189, 0.993397, 1, 

24,33,0.001, 0.0600055, 0.0612683, 0.097601, 0.102361, 0.103642, 0.576578, 0.12552, 0.168532, 1, 

25,19,0.001, 0.0489818, 0.0711008, 0.097601, 0.102361, 0.103642, 0.206346, 0.34293, 0.538692, 1, 

28,17,0.001, 0.0489818, 0.0711008, 0.097601, 0.0694751, 0.0934929, 0.107693, 0.12552, 0.168532, 0.176102, 0.190446, 1, 

Generation #29
40,15,0.001, 0.0442676, 0.0725018, 0.097601, 0.102361, 0.103642, 0.107693, 0.217665, 0.222613, 0.176102, 0.199426, 0.221655, 0.257663, 0.439589, 0.457531, 0.471712, 0.49336, 0.502529, 0.547795, 0.58172, 0.700181, 0.810029, 0.863209, 0.644479, 0.914164, 0.937709, 0.951189, 0.993397, 1, 

24,33,0.001, 0.0600055, 0.0612683, 0.097601, 0.102361, 0.103642, 0.576578, 0.12552, 0.168532, 1, 

25,19,0.001, 0.0489818, 0.0711008, 0.097601, 0.102361, 0.103642, 0.206346, 0.34293, 0.538692, 1, 

28,17,0.001, 0.0489818, 0.0711008, 0.097601, 0.0694751, 0.0934929, 0.107693, 0.12552, 0.168532, 0.176102, 0.190446, 1, 

32,16,0.001, 0.0470281, 0.0612945, 0.077443, 0.102361, 0.103642, 0.108813, 0.12552, 0.168532, 0.176102, 0.190446, 0.839248, 1, 

Generation #30
40,15,0.001, 0.0442676, 0.0725018, 0.097601, 0.102361, 0.103642, 0.107693, 0.217665, 0.222613, 0.176102, 0.199426, 0.221655, 0.257663, 0.439589, 0.457531, 0.471712, 0.49336, 0.502529, 0.547795, 0.58172, 0.700181, 0.810029, 0.863209, 0.644479, 0.914164, 0.937709, 0.951189, 0.993397, 1, 

24,33,0.001, 0.0600055, 0.0612683, 0.097601, 0.102361, 0.103642, 0.576578, 0.12552, 0.168532, 1, 

25,19,0.001, 0.0489818, 0.0711008, 0.097601, 0.102361, 0.103642, 0.206346, 0.34293, 0.538692, 1, 

28,17,0.001, 0.0489818, 0.0711008, 0.097601, 0.0694751, 0.0934929, 0.107693, 0.12552, 0.168532, 0.176102, 0.190446, 1, 

32,16,0.001, 0.0470281, 0.0612945, 0.077443, 0.102361, 0.103642, 0.108813, 0.12552, 0.168532, 0.176102, 0.190446, 0.839248, 1, 

23,35,0.001, 0.0327764, 0.0612276, 0.097601, 0.822091, 0.102361, 0.103642, 0.206346, 0.34293, 0.538692, 1, 

Generation #31
40,15,0.001, 0.0442676, 0.0725018, 0.097601, 0.102361, 0.103642, 0.107693, 0.217665, 0.222613, 0.176102, 0.199426, 0.221655, 0.257663, 0.439589, 0.457531, 0.471712, 0.49336, 0.502529, 0.547795, 0.58172, 0.700181, 0.810029, 0.863209, 0.644479, 0.914164, 0.937709, 0.951189, 0.993397, 1, 

24,33,0.001, 0.0600055, 0.0612683, 0.097601, 0.102361, 0.103642, 0.576578, 0.12552, 0.168532, 1, 

25,19,0.001, 0.0489818, 0.0711008, 0.097601, 0.102361, 0.103642, 0.206346, 0.34293, 0.538692, 1, 

28,17,0.001, 0.0489818, 0.0711008, 0.097601, 0.0694751, 0.0934929, 0.107693, 0.12552, 0.168532, 0.176102, 0.190446, 1, 

32,16,0.001, 0.0470281, 0.0612945, 0.077443, 0.102361, 0.103642, 0.108813, 0.12552, 0.168532, 0.176102, 0.190446, 0.839248, 1, 

23,35,0.001, 0.0327764, 0.0612276, 0.097601, 0.822091, 0.102361, 0.103642, 0.206346, 0.34293, 0.538692, 1, 

Generation #32
40,15,0.001, 0.0442676, 0.0725018, 0.097601, 0.102361, 0.103642, 0.107693, 0.217665, 0.222613, 0.176102, 0.199426, 0.221655, 0.257663, 0.439589, 0.457531, 0.471712, 0.49336, 0.502529, 0.547795, 0.58172, 0.700181, 0.810029, 0.863209, 0.644479, 0.914164, 0.937709, 0.951189, 0.993397, 1, 

24,33,0.001, 0.0600055, 0.0612683, 0.097601, 0.102361, 0.103642, 0.576578, 0.12552, 0.168532, 1, 

25,19,0.001, 0.0489818, 0.0711008, 0.097601, 0.102361, 0.103642, 0.206346, 0.34293, 0.538692, 1, 

28,17,0.001, 0.0489818, 0.0711008, 0.097601, 0.0694751, 0.0934929, 0.107693, 0.12552, 0.168532, 0.176102, 0.190446, 1, 

32,16,0.001, 0.0470281, 0.0612945, 0.077443, 0.102361, 0.103642, 0.108813, 0.12552, 0.168532, 0.176102, 0.190446, 0.839248, 1, 

23,35,0.001, 0.0327764, 0.0612276, 0.097601, 0.822091, 0.102361, 0.103642, 0.206346, 0.34293, 0.538692, 1, 

Generation #33
40,15,0.001, 0.0442676, 0.0725018, 0.097601, 0.102361, 0.103642, 0.107693, 0.217665, 0.222613, 0.176102, 0.199426, 0.221655, 0.257663, 0.439589, 0.457531, 0.471712, 0.49336, 0.502529, 0.547795, 0.58172, 0.700181, 0.810029, 0.863209, 0.644479, 0.914164, 0.937709, 0.951189, 0.993397, 1, 

24,33,0.001, 0.0600055, 0.0612683, 0.097601, 0.102361, 0.103642, 0.576578, 0.12552, 0.168532, 1, 

25,19,0.001, 0.0489818, 0.0711008, 0.097601, 0.102361, 0.103642, 0.206346, 0.34293, 0.538692, 1, 

28,17,0.001, 0.0489818, 0.0711008, 0.097601, 0.0694751, 0.0934929, 0.107693, 0.12552, 0.168532, 0.176102, 0.190446, 1, 

32,16,0.001, 0.0470281, 0.0612945, 0.077443, 0.102361, 0.103642, 0.108813, 0.12552, 0.168532, 0.176102, 0.190446, 0.839248, 1, 

23,35,0.001, 0.0327764, 0.0612276, 0.097601, 0.822091, 0.102361, 0.103642, 0.206346, 0.34293, 0.538692, 1, 

Generation #34
40,15,0.001, 0.0442676, 0.0725018, 0.097601, 0.102361, 0.103642, 0.107693, 0.217665, 0.222613, 0.176102, 0.199426, 0.221655, 0.257663, 0.439589, 0.457531, 0.471712, 0.49336, 0.502529, 0.547795, 0.58172, 0.700181, 0.810029, 0.863209, 0.644479, 0.914164, 0.937709, 0.951189, 0.993397, 1, 

24,33,0.001, 0.0600055, 0.0612683, 0.097601, 0.102361, 0.103642, 0.576578, 0.12552, 0.168532, 1, 

25,19,0.001, 0.0489818, 0.0711008, 0.097601, 0.102361, 0.103642, 0.206346, 0.34293, 0.538692, 1, 

28,17,0.001, 0.0489818, 0.0711008, 0.097601, 0.0694751, 0.0934929, 0.107693, 0.12552, 0.168532, 0.176102, 0.190446, 1, 

32,16,0.001, 0.0470281, 0.0612945, 0.077443, 0.102361, 0.103642, 0.108813, 0.12552, 0.168532, 0.176102, 0.190446, 0.839248, 1, 

23,35,0.001, 0.0327764, 0.0612276, 0.097601, 0.822091, 0.102361, 0.103642, 0.206346, 0.34293, 0.538692, 1, 

Generation #35
40,15,0.001, 0.0442676, 0.0725018, 0.097601, 0.102361, 0.103642, 0.107693, 0.217665, 0.222613, 0.176102, 0.199426, 0.221655, 0.257663, 0.439589, 0.457531, 0.471712, 0.49336, 0.502529, 0.547795, 0.58172, 0.700181, 0.810029, 0.863209, 0.644479, 0.914164, 0.937709, 0.951189, 0.993397, 1, 

25,19,0.001, 0.0489818, 0.0711008, 0.097601, 0.102361, 0.103642, 0.206346, 0.34293, 0.538692, 1, 

28,17,0.001, 0.0489818, 0.0711008, 0.097601, 0.0694751, 0.0934929, 0.107693, 0.12552, 0.168532, 0.176102, 0.190446, 1, 

32,16,0.001, 0.0470281, 0.0612945, 0.077443, 0.102361, 0.103642, 0.108813, 0.12552, 0.168532, 0.176102, 0.190446, 0.839248, 1, 

23,35,0.001, 0.0327764, 0.0612276, 0.097601, 0.822091, 0.102361, 0.103642, 0.206346, 0.34293, 0.538692, 1, 

24,29,0.001, 0.0470281, 0.0612945, 0.077443, 0.102361, 0.103642, 0.108813, 0.12552, 0.168532, 0.176102, 1, 

Generation #36
40,15,0.001, 0.0442676, 0.0725018, 0.097601, 0.102361, 0.103642, 0.107693, 0.217665, 0.222613, 0.176102, 0.199426, 0.221655, 0.257663, 0.439589, 0.457531, 0.471712, 0.49336, 0.502529, 0.547795, 0.58172, 0.700181, 0.810029, 0.863209, 0.644479, 0.914164, 0.937709, 0.951189, 0.993397, 1, 

25,19,0.001, 0.0489818, 0.0711008, 0.097601, 0.102361, 0.103642, 0.206346, 0.34293, 0.538692, 1, 

28,17,0.001, 0.0489818, 0.0711008, 0.097601, 0.0694751, 0.0934929, 0.107693, 0.12552, 0.168532, 0.176102, 0.190446, 1, 

32,16,0.001, 0.0470281, 0.0612945, 0.077443, 0.102361, 0.103642, 0.108813, 0.12552, 0.168532, 0.176102, 0.190446, 0.839248, 1, 

23,35,0.001, 0.0327764, 0.0612276, 0.097601, 0.822091, 0.102361, 0.103642, 0.206346, 0.34293, 0.538692, 1, 

24,29,0.001, 0.0470281, 0.0612945, 0.077443, 0.102361, 0.103642, 0.108813, 0.12552, 0.168532, 0.176102, 1, 

Generation #37
40,15,0.001, 0.0442676, 0.0725018, 0.097601, 0.102361, 0.103642, 0.107693, 0.217665, 0.222613, 0.176102, 0.199426, 0.221655, 0.257663, 0.439589, 0.457531, 0.471712, 0.49336, 0.502529, 0.547795, 0.58172, 0.700181, 0.810029, 0.863209, 0.644479, 0.914164, 0.937709, 0.951189, 0.993397, 1, 

25,19,0.001, 0.0489818, 0.0711008, 0.097601, 0.102361, 0.103642, 0.206346, 0.34293, 0.538692, 1, 

28,17,0.001, 0.0489818, 0.0711008, 0.097601, 0.0694751, 0.0934929, 0.107693, 0.12552, 0.168532, 0.176102, 0.190446, 1, 

32,16,0.001, 0.0470281, 0.0612945, 0.077443, 0.102361, 0.103642, 0.108813, 0.12552, 0.168532, 0.176102, 0.190446, 0.839248, 1, 

23,35,0.001, 0.0327764, 0.0612276, 0.097601, 0.822091, 0.102361, 0.103642, 0.206346, 0.34293, 0.538692, 1, 

24,29,0.001, 0.0470281, 0.0612945, 0.077443, 0.102361, 0.103642, 0.108813, 0.12552, 0.168532, 0.176102, 1, 

Generation #38
40,15,0.001, 0.0442676, 0.0725018, 0.097601, 0.102361, 0.103642, 0.107693, 0.217665, 0.222613, 0.176102, 0.199426, 0.221655, 0.257663, 0.439589, 0.457531, 0.471712, 0.49336, 0.502529, 0.547795, 0.58172, 0.700181, 0.810029, 0.863209, 0.644479, 0.914164, 0.937709, 0.951189, 0.993397, 1, 

25,19,0.001, 0.0489818, 0.0711008, 0.097601, 0.102361, 0.103642, 0.206346, 0.34293, 0.538692, 1, 

28,17,0.001, 0.0489818, 0.0711008, 0.097601, 0.0694751, 0.0934929, 0.107693, 0.12552, 0.168532, 0.176102, 0.190446, 1, 

32,16,0.001, 0.0470281, 0.0612945, 0.077443, 0.102361, 0.103642, 0.108813, 0.12552, 0.168532, 0.176102, 0.190446, 0.839248, 1, 

23,35,0.001, 0.0327764, 0.0612276, 0.097601, 0.822091, 0.102361, 0.103642, 0.206346, 0.34293, 0.538692, 1, 

24,29,0.001, 0.0470281, 0.0612945, 0.077443, 0.102361, 0.103642, 0.108813, 0.12552, 0.168532, 0.176102, 1, 

Generation #39
40,15,0.001, 0.0442676, 0.0725018, 0.097601, 0.102361, 0.103642, 0.107693, 0.217665, 0.222613, 0.176102, 0.199426, 0.221655, 0.257663, 0.439589, 0.457531, 0.471712, 0.49336, 0.502529, 0.547795, 0.58172, 0.700181, 0.810029, 0.863209, 0.644479, 0.914164, 0.937709, 0.951189, 0.993397, 1, 

25,19,0.001, 0.0489818, 0.0711008, 0.097601, 0.102361, 0.103642, 0.206346, 0.34293, 0.538692, 1, 

28,17,0.001, 0.0489818, 0.0711008, 0.097601, 0.0694751, 0.0934929, 0.107693, 0.12552, 0.168532, 0.176102, 0.190446, 1, 

32,16,0.001, 0.0470281, 0.0612945, 0.077443, 0.102361, 0.103642, 0.108813, 0.12552, 0.168532, 0.176102, 0.190446, 0.839248, 1, 

23,35,0.001, 0.0327764, 0.0612276, 0.097601, 0.822091, 0.102361, 0.103642, 0.206346, 0.34293, 0.538692, 1, 

24,29,0.001, 0.0470281, 0.0612945, 0.077443, 0.102361, 0.103642, 0.108813, 0.12552, 0.168532, 0.176102, 1, 

Generation #40
40,15,0.001, 0.0442676, 0.0725018, 0.097601, 0.102361, 0.103642, 0.107693, 0.217665, 0.222613, 0.176102, 0.199426, 0.221655, 0.257663, 0.439589, 0.457531, 0.471712, 0.49336, 0.502529, 0.547795, 0.58172, 0.700181, 0.810029, 0.863209, 0.644479, 0.914164, 0.937709, 0.951189, 0.993397, 1, 

25,19,0.001, 0.0489818, 0.0711008, 0.097601, 0.102361, 0.103642, 0.206346, 0.34293, 0.538692, 1, 

28,17,0.001, 0.0489818, 0.0711008, 0.097601, 0.0694751, 0.0934929, 0.107693, 0.12552, 0.168532, 0.176102, 0.190446, 1, 

32,16,0.001, 0.0470281, 0.0612945, 0.077443, 0.102361, 0.103642, 0.108813, 0.12552, 0.168532, 0.176102, 0.190446, 0.839248, 1, 

23,35,0.001, 0.0327764, 0.0612276, 0.097601, 0.822091, 0.102361, 0.103642, 0.206346, 0.34293, 0.538692, 1, 

24,29,0.001, 0.0470281, 0.0612945, 0.077443, 0.102361, 0.103642, 0.108813, 0.12552, 0.168532, 0.176102, 1, 

Generation #41
40,15,0.001, 0.0442676, 0.0725018, 0.097601, 0.102361, 0.103642, 0.107693, 0.217665, 0.222613, 0.176102, 0.199426, 0.221655, 0.257663, 0.439589, 0.457531, 0.471712, 0.49336, 0.502529, 0.547795, 0.58172, 0.700181, 0.810029, 0.863209, 0.644479, 0.914164, 0.937709, 0.951189, 0.993397, 1, 

25,19,0.001, 0.0489818, 0.0711008, 0.097601, 0.102361, 0.103642, 0.206346, 0.34293, 0.538692, 1, 

28,17,0.001, 0.0489818, 0.0711008, 0.097601, 0.0694751, 0.0934929, 0.107693, 0.12552, 0.168532, 0.176102, 0.190446, 1, 

32,16,0.001, 0.0470281, 0.0612945, 0.077443, 0.102361, 0.103642, 0.108813, 0.12552, 0.168532, 0.176102, 0.190446, 0.839248, 1, 

23,35,0.001, 0.0327764, 0.0612276, 0.097601, 0.822091, 0.102361, 0.103642, 0.206346, 0.34293, 0.538692, 1, 

24,29,0.001, 0.0470281, 0.0612945, 0.077443, 0.102361, 0.103642, 0.108813, 0.12552, 0.168532, 0.176102, 1, 

Generation #42
40,15,0.001, 0.0442676, 0.0725018, 0.097601, 0.102361, 0.103642, 0.107693, 0.217665, 0.222613, 0.176102, 0.199426, 0.221655, 0.257663, 0.439589, 0.457531, 0.471712, 0.49336, 0.502529, 0.547795, 0.58172, 0.700181, 0.810029, 0.863209, 0.644479, 0.914164, 0.937709, 0.951189, 0.993397, 1, 

25,19,0.001, 0.0489818, 0.0711008, 0.097601, 0.102361, 0.103642, 0.206346, 0.34293, 0.538692, 1, 

28,17,0.001, 0.0489818, 0.0711008, 0.097601, 0.0694751, 0.0934929, 0.107693, 0.12552, 0.168532, 0.176102, 0.190446, 1, 

32,16,0.001, 0.0470281, 0.0612945, 0.077443, 0.102361, 0.103642, 0.108813, 0.12552, 0.168532, 0.176102, 0.190446, 0.839248, 1, 

23,35,0.001, 0.0327764, 0.0612276, 0.097601, 0.822091, 0.102361, 0.103642, 0.206346, 0.34293, 0.538692, 1, 

24,29,0.001, 0.0470281, 0.0612945, 0.077443, 0.102361, 0.103642, 0.108813, 0.12552, 0.168532, 0.176102, 1, 

Generation #43
40,15,0.001, 0.0442676, 0.0725018, 0.097601, 0.102361, 0.103642, 0.107693, 0.217665, 0.222613, 0.176102, 0.199426, 0.221655, 0.257663, 0.439589, 0.457531, 0.471712, 0.49336, 0.502529, 0.547795, 0.58172, 0.700181, 0.810029, 0.863209, 0.644479, 0.914164, 0.937709, 0.951189, 0.993397, 1, 

25,19,0.001, 0.0489818, 0.0711008, 0.097601, 0.102361, 0.103642, 0.206346, 0.34293, 0.538692, 1, 

28,17,0.001, 0.0489818, 0.0711008, 0.097601, 0.0694751, 0.0934929, 0.107693, 0.12552, 0.168532, 0.176102, 0.190446, 1, 

32,16,0.001, 0.0470281, 0.0612945, 0.077443, 0.102361, 0.103642, 0.108813, 0.12552, 0.168532, 0.176102, 0.190446, 0.839248, 1, 

23,35,0.001, 0.0327764, 0.0612276, 0.097601, 0.822091, 0.102361, 0.103642, 0.206346, 0.34293, 0.538692, 1, 

24,29,0.001, 0.0470281, 0.0612945, 0.077443, 0.102361, 0.103642, 0.108813, 0.12552, 0.168532, 0.176102, 1, 

Generation #44
40,15,0.001, 0.0442676, 0.0725018, 0.097601, 0.102361, 0.103642, 0.107693, 0.217665, 0.222613, 0.176102, 0.199426, 0.221655, 0.257663, 0.439589, 0.457531, 0.471712, 0.49336, 0.502529, 0.547795, 0.58172, 0.700181, 0.810029, 0.863209, 0.644479, 0.914164, 0.937709, 0.951189, 0.993397, 1, 

25,19,0.001, 0.0489818, 0.0711008, 0.097601, 0.102361, 0.103642, 0.206346, 0.34293, 0.538692, 1, 

28,17,0.001, 0.0489818, 0.0711008, 0.097601, 0.0694751, 0.0934929, 0.107693, 0.12552, 0.168532, 0.176102, 0.190446, 1, 

32,16,0.001, 0.0470281, 0.0612945, 0.077443, 0.102361, 0.103642, 0.108813, 0.12552, 0.168532, 0.176102, 0.190446, 0.839248, 1, 

23,35,0.001, 0.0327764, 0.0612276, 0.097601, 0.822091, 0.102361, 0.103642, 0.206346, 0.34293, 0.538692, 1, 

24,29,0.001, 0.0470281, 0.0612945, 0.077443, 0.102361, 0.103642, 0.108813, 0.12552, 0.168532, 0.176102, 1, 

Generation #45
40,15,0.001, 0.0442676, 0.0725018, 0.097601, 0.102361, 0.103642, 0.107693, 0.217665, 0.222613, 0.176102, 0.199426, 0.221655, 0.257663, 0.439589, 0.457531, 0.471712, 0.49336, 0.502529, 0.547795, 0.58172, 0.700181, 0.810029, 0.863209, 0.644479, 0.914164, 0.937709, 0.951189, 0.993397, 1, 

25,19,0.001, 0.0489818, 0.0711008, 0.097601, 0.102361, 0.103642, 0.206346, 0.34293, 0.538692, 1, 

28,17,0.001, 0.0489818, 0.0711008, 0.097601, 0.0694751, 0.0934929, 0.107693, 0.12552, 0.168532, 0.176102, 0.190446, 1, 

32,16,0.001, 0.0470281, 0.0612945, 0.077443, 0.102361, 0.103642, 0.108813, 0.12552, 0.168532, 0.176102, 0.190446, 0.839248, 1, 

23,35,0.001, 0.0327764, 0.0612276, 0.097601, 0.822091, 0.102361, 0.103642, 0.206346, 0.34293, 0.538692, 1, 

24,29,0.001, 0.0470281, 0.0612945, 0.077443, 0.102361, 0.103642, 0.108813, 0.12552, 0.168532, 0.176102, 1, 

Generation #46
40,15,0.001, 0.0442676, 0.0725018, 0.097601, 0.102361, 0.103642, 0.107693, 0.217665, 0.222613, 0.176102, 0.199426, 0.221655, 0.257663, 0.439589, 0.457531, 0.471712, 0.49336, 0.502529, 0.547795, 0.58172, 0.700181, 0.810029, 0.863209, 0.644479, 0.914164, 0.937709, 0.951189, 0.993397, 1, 

25,19,0.001, 0.0489818, 0.0711008, 0.097601, 0.102361, 0.103642, 0.206346, 0.34293, 0.538692, 1, 

28,17,0.001, 0.0489818, 0.0711008, 0.097601, 0.0694751, 0.0934929, 0.107693, 0.12552, 0.168532, 0.176102, 0.190446, 1, 

32,16,0.001, 0.0470281, 0.0612945, 0.077443, 0.102361, 0.103642, 0.108813, 0.12552, 0.168532, 0.176102, 0.190446, 0.839248, 1, 

23,35,0.001, 0.0327764, 0.0612276, 0.097601, 0.822091, 0.102361, 0.103642, 0.206346, 0.34293, 0.538692, 1, 

24,29,0.001, 0.0470281, 0.0612945, 0.077443, 0.102361, 0.103642, 0.108813, 0.12552, 0.168532, 0.176102, 1, 

Generation #47
40,15,0.001, 0.0442676, 0.0725018, 0.097601, 0.102361, 0.103642, 0.107693, 0.217665, 0.222613, 0.176102, 0.199426, 0.221655, 0.257663, 0.439589, 0.457531, 0.471712, 0.49336, 0.502529, 0.547795, 0.58172, 0.700181, 0.810029, 0.863209, 0.644479, 0.914164, 0.937709, 0.951189, 0.993397, 1, 

25,19,0.001, 0.0489818, 0.0711008, 0.097601, 0.102361, 0.103642, 0.206346, 0.34293, 0.538692, 1, 

28,17,0.001, 0.0489818, 0.0711008, 0.097601, 0.0694751, 0.0934929, 0.107693, 0.12552, 0.168532, 0.176102, 0.190446, 1, 

32,16,0.001, 0.0470281, 0.0612945, 0.077443, 0.102361, 0.103642, 0.108813, 0.12552, 0.168532, 0.176102, 0.190446, 0.839248, 1, 

23,35,0.001, 0.0327764, 0.0612276, 0.097601, 0.822091, 0.102361, 0.103642, 0.206346, 0.34293, 0.538692, 1, 

24,29,0.001, 0.0470281, 0.0612945, 0.077443, 0.102361, 0.103642, 0.108813, 0.12552, 0.168532, 0.176102, 1, 

Generation #48
40,15,0.001, 0.0442676, 0.0725018, 0.097601, 0.102361, 0.103642, 0.107693, 0.217665, 0.222613, 0.176102, 0.199426, 0.221655, 0.257663, 0.439589, 0.457531, 0.471712, 0.49336, 0.502529, 0.547795, 0.58172, 0.700181, 0.810029, 0.863209, 0.644479, 0.914164, 0.937709, 0.951189, 0.993397, 1, 

25,19,0.001, 0.0489818, 0.0711008, 0.097601, 0.102361, 0.103642, 0.206346, 0.34293, 0.538692, 1, 

28,17,0.001, 0.0489818, 0.0711008, 0.097601, 0.0694751, 0.0934929, 0.107693, 0.12552, 0.168532, 0.176102, 0.190446, 1, 

32,16,0.001, 0.0470281, 0.0612945, 0.077443, 0.102361, 0.103642, 0.108813, 0.12552, 0.168532, 0.176102, 0.190446, 0.839248, 1, 

23,35,0.001, 0.0327764, 0.0612276, 0.097601, 0.822091, 0.102361, 0.103642, 0.206346, 0.34293, 0.538692, 1, 

24,29,0.001, 0.0470281, 0.0612945, 0.077443, 0.102361, 0.103642, 0.108813, 0.12552, 0.168532, 0.176102, 1, 

Generation #49
40,15,0.001, 0.0442676, 0.0725018, 0.097601, 0.102361, 0.103642, 0.107693, 0.217665, 0.222613, 0.176102, 0.199426, 0.221655, 0.257663, 0.439589, 0.457531, 0.471712, 0.49336, 0.502529, 0.547795, 0.58172, 0.700181, 0.810029, 0.863209, 0.644479, 0.914164, 0.937709, 0.951189, 0.993397, 1, 

25,19,0.001, 0.0489818, 0.0711008, 0.097601, 0.102361, 0.103642, 0.206346, 0.34293, 0.538692, 1, 

28,17,0.001, 0.0489818, 0.0711008, 0.097601, 0.0694751, 0.0934929, 0.107693, 0.12552, 0.168532, 0.176102, 0.190446, 1, 

32,16,0.001, 0.0470281, 0.0612945, 0.077443, 0.102361, 0.103642, 0.108813, 0.12552, 0.168532, 0.176102, 0.190446, 0.839248, 1, 

23,35,0.001, 0.0327764, 0.0612276, 0.097601, 0.822091, 0.102361, 0.103642, 0.206346, 0.34293, 0.538692, 1, 

24,29,0.001, 0.0470281, 0.0612945, 0.077443, 0.102361, 0.103642, 0.108813, 0.12552, 0.168532, 0.176102, 1, 

--- Pareto Front Solutions ---
Solution 0: N total=160 (N_initial=120, N_added=40), Time total=184 ms, Saved to: ./results/Apache_t2_l4_pareto_0.csv, percents=0.001, 0.0442676, 0.0725018, 0.097601, 0.102361, 0.103642, 0.107693, 0.217665, 0.222613, 0.176102, 0.199426, 0.221655, 0.257663, 0.439589, 0.457531, 0.471712, 0.49336, 0.502529, 0.547795, 0.58172, 0.700181, 0.810029, 0.863209, 0.644479, 0.914164, 0.937709, 0.951189, 0.993397, 1, 

Solution 1: N total=145 (N_initial=120, N_added=25), Time total=188 ms, Saved to: ./results/Apache_t2_l4_pareto_1.csv, percents=0.001, 0.0489818, 0.0711008, 0.097601, 0.102361, 0.103642, 0.206346, 0.34293, 0.538692, 1, 

Solution 2: N total=148 (N_initial=120, N_added=28), Time total=186 ms, Saved to: ./results/Apache_t2_l4_pareto_2.csv, percents=0.001, 0.0489818, 0.0711008, 0.097601, 0.0694751, 0.0934929, 0.107693, 0.12552, 0.168532, 0.176102, 0.190446, 1, 

Solution 3: N total=152 (N_initial=120, N_added=32), Time total=185 ms, Saved to: ./results/Apache_t2_l4_pareto_3.csv, percents=0.001, 0.0470281, 0.0612945, 0.077443, 0.102361, 0.103642, 0.108813, 0.12552, 0.168532, 0.176102, 0.190446, 0.839248, 1, 

Solution 4: N total=143 (N_initial=120, N_added=23), Time total=204 ms, Saved to: ./results/Apache_t2_l4_pareto_4.csv, percents=0.001, 0.0327764, 0.0612276, 0.097601, 0.822091, 0.102361, 0.103642, 0.206346, 0.34293, 0.538692, 1, 

Solution 5: N total=144 (N_initial=120, N_added=24), Time total=198 ms, Saved to: ./results/Apache_t2_l4_pareto_5.csv, percents=0.001, 0.0470281, 0.0612945, 0.077443, 0.102361, 0.103642, 0.108813, 0.12552, 0.168532, 0.176102, 1, 

