------------d=1, t=2, lambda=1, filename=./evaluation/Bugzilla/Bugzilla_2_1.csv------------
Computing partitioned counts of d-sets...
Ready to look at pairs based on partitioned counts...
First Stage N=18, Time=29
There are 9089 remaining non-locating pairs
--- Running GA Algorithm (phase2) ---
Running GA with std::execution::par
Generation #0
37,951,0.001, 0.0735423, 0.205442, 0.220777, 0.22262, 0.436605, 0.474762, 0.492357, 0.499475, 0.578835, 0.632639, 0.714346, 0.747626, 0.902875, 0.966634, 1, 

38,556,0.001, 0.0141455, 0.0218816, 0.0456565, 0.126535, 0.171676, 0.223503, 0.360442, 0.365705, 0.45636, 0.479251, 0.508095, 0.573131, 0.69156, 0.698453, 0.828251, 0.841254, 0.951562, 1, 

42,502,0.001, 0.017851, 0.0501659, 0.0513067, 0.110065, 0.137015, 0.159559, 0.187127, 0.248876, 0.279032, 0.421249, 0.482314, 0.608711, 0.629831, 0.648283, 0.693314, 0.753794, 0.76718, 0.888482, 0.910419, 0.911522, 1, 

30,1485,0.001, 0.114574, 0.207754, 0.488192, 0.608378, 0.656133, 0.80047, 0.927298, 0.950905, 0.999048, 1, 

35,1020,0.001, 0.0498482, 0.216652, 0.249468, 0.280081, 0.356849, 0.456092, 0.578588, 0.814896, 0.815772, 0.872318, 0.886671, 0.887786, 1, 

Generation #1
30,1485,0.001, 0.114574, 0.207754, 0.488192, 0.608378, 0.656133, 0.80047, 0.927298, 0.950905, 0.999048, 1, 

40,296,0.001, 0.0219461, 0.0261442, 0.0262016, 0.0663368, 0.100799, 0.164494, 0.217953, 0.230267, 0.239707, 0.475426, 0.687891, 0.670719, 0.694369, 0.712898, 0.739363, 0.774425, 0.818322, 0.834638, 0.970637, 0.979585, 1, 

35,349,0.001, 0.017851, 0.0501659, 0.0513067, 0.110065, 0.137015, 0.462547, 0.528912, 0.586828, 0.59682, 0.710195, 0.749947, 0.797568, 0.797852, 0.857405, 1, 

31,370,0.001, 0.0211516, 0.0392133, 0.0765168, 0.109886, 0.119161, 0.216399, 0.246362, 0.302584, 0.345675, 0.346068, 1, 

Generation #2
30,1485,0.001, 0.114574, 0.207754, 0.488192, 0.608378, 0.656133, 0.80047, 0.927298, 0.950905, 0.999048, 1, 

40,296,0.001, 0.0219461, 0.0261442, 0.0262016, 0.0663368, 0.100799, 0.164494, 0.217953, 0.230267, 0.239707, 0.475426, 0.687891, 0.670719, 0.694369, 0.712898, 0.739363, 0.774425, 0.818322, 0.834638, 0.970637, 0.979585, 1, 

35,349,0.001, 0.017851, 0.0501659, 0.0513067, 0.110065, 0.137015, 0.462547, 0.528912, 0.586828, 0.59682, 0.710195, 0.749947, 0.797568, 0.797852, 0.857405, 1, 

31,370,0.001, 0.0211516, 0.0392133, 0.0765168, 0.109886, 0.119161, 0.216399, 0.246362, 0.302584, 0.345675, 0.346068, 1, 

Generation #3
40,296,0.001, 0.0219461, 0.0261442, 0.0262016, 0.0663368, 0.100799, 0.164494, 0.217953, 0.230267, 0.239707, 0.475426, 0.687891, 0.670719, 0.694369, 0.712898, 0.739363, 0.774425, 0.818322, 0.834638, 0.970637, 0.979585, 1, 

30,369,0.001, 0.0211516, 0.0392133, 0.0765168, 0.109886, 0.119161, 0.216399, 0.246362, 0.302584, 0.345675, 1, 

32,303,0.001, 0.0211516, 0.0392133, 0.0262016, 0.0663368, 0.100799, 0.164494, 0.217953, 0.401264, 0.44847, 0.484486, 0.49426, 1, 

Generation #4
40,296,0.001, 0.0219461, 0.0261442, 0.0262016, 0.0663368, 0.100799, 0.164494, 0.217953, 0.230267, 0.239707, 0.475426, 0.687891, 0.670719, 0.694369, 0.712898, 0.739363, 0.774425, 0.818322, 0.834638, 0.970637, 0.979585, 1, 

30,369,0.001, 0.0211516, 0.0392133, 0.0765168, 0.109886, 0.119161, 0.216399, 0.246362, 0.302584, 0.345675, 1, 

32,303,0.001, 0.0211516, 0.0392133, 0.0262016, 0.0663368, 0.100799, 0.164494, 0.217953, 0.401264, 0.44847, 0.484486, 0.49426, 1, 

Generation #5
40,296,0.001, 0.0219461, 0.0261442, 0.0262016, 0.0663368, 0.100799, 0.164494, 0.217953, 0.230267, 0.239707, 0.475426, 0.687891, 0.670719, 0.694369, 0.712898, 0.739363, 0.774425, 0.818322, 0.834638, 0.970637, 0.979585, 1, 

32,303,0.001, 0.0211516, 0.0392133, 0.0262016, 0.0663368, 0.100799, 0.164494, 0.217953, 0.401264, 0.44847, 0.484486, 0.49426, 1, 

30,365,0.001, 0.0211516, 0.0392133, 0.0765168, 0.109886, 0.119161, 0.216399, 0.807921, 0.990146, 1, 

Generation #6
40,296,0.001, 0.0219461, 0.0261442, 0.0262016, 0.0663368, 0.100799, 0.164494, 0.217953, 0.230267, 0.239707, 0.475426, 0.687891, 0.670719, 0.694369, 0.712898, 0.739363, 0.774425, 0.818322, 0.834638, 0.970637, 0.979585, 1, 

32,303,0.001, 0.0211516, 0.0392133, 0.0262016, 0.0663368, 0.100799, 0.164494, 0.217953, 0.401264, 0.44847, 0.484486, 0.49426, 1, 

29,328,0.001, 0.00563984, 0.0472926, 0.0698625, 0.109886, 0.216399, 0.246362, 0.302584, 0.345675, 1, 

31,312,0.001, 0.0211516, 0.0392133, 0.0262016, 0.0663368, 0.100799, 0.164494, 0.217953, 0.401264, 0.475426, 0.803073, 0.930679, 1, 

Generation #7
29,328,0.001, 0.00563984, 0.0472926, 0.0698625, 0.109886, 0.216399, 0.246362, 0.302584, 0.345675, 1, 

31,309,0.001, 0.0219461, 0.0261442, 0.0262016, 0.110065, 0.137015, 0.159559, 0.187127, 0.248876, 0.783244, 0.803073, 0.930679, 1, 

32,287,0.001, 0.0219461, 0.0261442, 0.0262016, 0.0663368, 0.100799, 0.159559, 0.187127, 0.248876, 0.783244, 0.803073, 0.930679, 1, 

Generation #8
29,328,0.001, 0.00563984, 0.0472926, 0.0698625, 0.109886, 0.216399, 0.246362, 0.302584, 0.345675, 1, 

31,309,0.001, 0.0219461, 0.0261442, 0.0262016, 0.110065, 0.137015, 0.159559, 0.187127, 0.248876, 0.783244, 0.803073, 0.930679, 1, 

32,287,0.001, 0.0219461, 0.0261442, 0.0262016, 0.0663368, 0.100799, 0.159559, 0.187127, 0.248876, 0.783244, 0.803073, 0.930679, 1, 

Generation #9
29,328,0.001, 0.00563984, 0.0472926, 0.0698625, 0.109886, 0.216399, 0.246362, 0.302584, 0.345675, 1, 

31,274,0.001, 0.0211516, 0.0261442, 0.0262016, 0.0663368, 0.100799, 0.216399, 0.246362, 0.272222, 0.345675, 1, 

27,462,0.001, 0.0219461, 0.0261442, 0.0262016, 0.0663368, 0.150345, 1, 

Generation #10
31,274,0.001, 0.0211516, 0.0261442, 0.0262016, 0.0663368, 0.100799, 0.216399, 0.246362, 0.272222, 0.345675, 1, 

27,286,0.001, 0.0219461, 0.0261442, 0.0262016, 0.0663368, 0.100799, 0.246362, 0.302584, 0.69337, 1, 

Generation #11
31,274,0.001, 0.0211516, 0.0261442, 0.0262016, 0.0663368, 0.100799, 0.216399, 0.246362, 0.272222, 0.345675, 1, 

27,286,0.001, 0.0219461, 0.0261442, 0.0262016, 0.0663368, 0.100799, 0.246362, 0.302584, 0.69337, 1, 

Generation #12
31,274,0.001, 0.0211516, 0.0261442, 0.0262016, 0.0663368, 0.100799, 0.216399, 0.246362, 0.272222, 0.345675, 1, 

27,286,0.001, 0.0219461, 0.0261442, 0.0262016, 0.0663368, 0.100799, 0.246362, 0.302584, 0.69337, 1, 

33,269,0.001, 0.00563984, 0.0261442, 0.0262016, 0.0663368, 0.137015, 0.159559, 0.187127, 0.248876, 0.783244, 0.803073, 0.930679, 1, 

Generation #13
27,286,0.001, 0.0219461, 0.0261442, 0.0262016, 0.0663368, 0.100799, 0.246362, 0.302584, 0.69337, 1, 

29,276,0.001, 0.00563984, 0.0261442, 0.0262016, 0.0663368, 0.100799, 0.246362, 0.302584, 0.69337, 1, 

30,264,0.001, 0.0211516, 0.0261442, 0.0262016, 0.0663368, 0.100799, 0.164494, 0.302584, 0.345675, 0.346068, 1, 

Generation #14
27,286,0.001, 0.0219461, 0.0261442, 0.0262016, 0.0663368, 0.100799, 0.246362, 0.302584, 0.69337, 1, 

28,266,0.001, 0.0219461, 0.0261442, 0.0262016, 0.0663368, 0.164494, 0.217953, 0.345675, 0.346068, 1, 

30,255,0.001, 0.00563984, 0.0261442, 0.0262016, 0.0663368, 0.100799, 0.159559, 0.187127, 0.248876, 0.783244, 0.803073, 0.930679, 1, 

Generation #15
27,286,0.001, 0.0219461, 0.0261442, 0.0262016, 0.0663368, 0.100799, 0.246362, 0.302584, 0.69337, 1, 

28,266,0.001, 0.0219461, 0.0261442, 0.0262016, 0.0663368, 0.164494, 0.217953, 0.345675, 0.346068, 1, 

30,255,0.001, 0.00563984, 0.0261442, 0.0262016, 0.0663368, 0.100799, 0.159559, 0.187127, 0.248876, 0.783244, 0.803073, 0.930679, 1, 

Generation #16
27,286,0.001, 0.0219461, 0.0261442, 0.0262016, 0.0663368, 0.100799, 0.246362, 0.302584, 0.69337, 1, 

28,266,0.001, 0.0219461, 0.0261442, 0.0262016, 0.0663368, 0.164494, 0.217953, 0.345675, 0.346068, 1, 

30,255,0.001, 0.00563984, 0.0261442, 0.0262016, 0.0663368, 0.100799, 0.159559, 0.187127, 0.248876, 0.783244, 0.803073, 0.930679, 1, 

Generation #17
27,286,0.001, 0.0219461, 0.0261442, 0.0262016, 0.0663368, 0.100799, 0.246362, 0.302584, 0.69337, 1, 

28,266,0.001, 0.0219461, 0.0261442, 0.0262016, 0.0663368, 0.164494, 0.217953, 0.345675, 0.346068, 1, 

30,255,0.001, 0.00563984, 0.0261442, 0.0262016, 0.0663368, 0.100799, 0.159559, 0.187127, 0.248876, 0.783244, 0.803073, 0.930679, 1, 

Generation #18
27,286,0.001, 0.0219461, 0.0261442, 0.0262016, 0.0663368, 0.100799, 0.246362, 0.302584, 0.69337, 1, 

28,266,0.001, 0.0219461, 0.0261442, 0.0262016, 0.0663368, 0.164494, 0.217953, 0.345675, 0.346068, 1, 

30,255,0.001, 0.00563984, 0.0261442, 0.0262016, 0.0663368, 0.100799, 0.159559, 0.187127, 0.248876, 0.783244, 0.803073, 0.930679, 1, 

25,554,0.001, 0.00563984, 0.0261442, 0.0262016, 0.0663368, 0.150345, 1, 

Generation #19
27,286,0.001, 0.0219461, 0.0261442, 0.0262016, 0.0663368, 0.100799, 0.246362, 0.302584, 0.69337, 1, 

28,266,0.001, 0.0219461, 0.0261442, 0.0262016, 0.0663368, 0.164494, 0.217953, 0.345675, 0.346068, 1, 

25,554,0.001, 0.00563984, 0.0261442, 0.0262016, 0.0663368, 0.150345, 1, 

29,263,0.001, 0.00563984, 0.0261442, 0.0262016, 0.0663368, 0.100799, 0.164494, 0.217953, 0.230267, 1, 

30,225,0.001, 0.00563984, 0.0261442, 0.0262016, 0.0663368, 0.100799, 0.164494, 0.217953, 0.230267, 0.345675, 0.346068, 1, 

Generation #20
27,286,0.001, 0.0219461, 0.0261442, 0.0262016, 0.0663368, 0.100799, 0.246362, 0.302584, 0.69337, 1, 

28,266,0.001, 0.0219461, 0.0261442, 0.0262016, 0.0663368, 0.164494, 0.217953, 0.345675, 0.346068, 1, 

25,554,0.001, 0.00563984, 0.0261442, 0.0262016, 0.0663368, 0.150345, 1, 

29,263,0.001, 0.00563984, 0.0261442, 0.0262016, 0.0663368, 0.100799, 0.164494, 0.217953, 0.230267, 1, 

30,225,0.001, 0.00563984, 0.0261442, 0.0262016, 0.0663368, 0.100799, 0.164494, 0.217953, 0.230267, 0.345675, 0.346068, 1, 

Generation #21
27,286,0.001, 0.0219461, 0.0261442, 0.0262016, 0.0663368, 0.100799, 0.246362, 0.302584, 0.69337, 1, 

25,554,0.001, 0.00563984, 0.0261442, 0.0262016, 0.0663368, 0.150345, 1, 

28,211,0.00241177, 0.001, 0.0219461, 0.0261442, 0.0262016, 0.0663368, 0.210881, 0.241929, 1, 

Generation #22
27,286,0.001, 0.0219461, 0.0261442, 0.0262016, 0.0663368, 0.100799, 0.246362, 0.302584, 0.69337, 1, 

25,554,0.001, 0.00563984, 0.0261442, 0.0262016, 0.0663368, 0.150345, 1, 

28,211,0.00241177, 0.001, 0.0219461, 0.0261442, 0.0262016, 0.0663368, 0.210881, 0.241929, 1, 

26,546,0.001, 0.00563984, 0.0261442, 0.0262016, 0.0663368, 0.100799, 0.345675, 0.346068, 1, 

Generation #23
27,286,0.001, 0.0219461, 0.0261442, 0.0262016, 0.0663368, 0.100799, 0.246362, 0.302584, 0.69337, 1, 

25,554,0.001, 0.00563984, 0.0261442, 0.0262016, 0.0663368, 0.150345, 1, 

28,211,0.00241177, 0.001, 0.0219461, 0.0261442, 0.0262016, 0.0663368, 0.210881, 0.241929, 1, 

26,546,0.001, 0.00563984, 0.0261442, 0.0262016, 0.0663368, 0.100799, 0.345675, 0.346068, 1, 

Generation #24
27,286,0.001, 0.0219461, 0.0261442, 0.0262016, 0.0663368, 0.100799, 0.246362, 0.302584, 0.69337, 1, 

25,554,0.001, 0.00563984, 0.0261442, 0.0262016, 0.0663368, 0.150345, 1, 

28,211,0.00241177, 0.001, 0.0219461, 0.0261442, 0.0262016, 0.0663368, 0.210881, 0.241929, 1, 

26,546,0.001, 0.00563984, 0.0261442, 0.0262016, 0.0663368, 0.100799, 0.345675, 0.346068, 1, 

Generation #25
25,554,0.001, 0.00563984, 0.0261442, 0.0262016, 0.0663368, 0.150345, 1, 

28,211,0.00241177, 0.001, 0.0219461, 0.0261442, 0.0262016, 0.0663368, 0.210881, 0.241929, 1, 

27,255,0.001, 0.00563984, 0.0261442, 0.0262016, 0.0663368, 0.100799, 0.345675, 0.346068, 1, 

26,270,0.001, 0.00563984, 0.0261442, 0.0262016, 0.0663368, 0.164494, 0.217953, 0.346068, 1, 

Generation #26
25,554,0.001, 0.00563984, 0.0261442, 0.0262016, 0.0663368, 0.150345, 1, 

28,211,0.00241177, 0.001, 0.0219461, 0.0261442, 0.0262016, 0.0663368, 0.210881, 0.241929, 1, 

27,255,0.001, 0.00563984, 0.0261442, 0.0262016, 0.0663368, 0.100799, 0.345675, 0.346068, 1, 

26,270,0.001, 0.00563984, 0.0261442, 0.0262016, 0.0663368, 0.164494, 0.217953, 0.346068, 1, 

Generation #27
25,554,0.001, 0.00563984, 0.0261442, 0.0262016, 0.0663368, 0.150345, 1, 

28,211,0.00241177, 0.001, 0.0219461, 0.0261442, 0.0262016, 0.0663368, 0.210881, 0.241929, 1, 

27,255,0.001, 0.00563984, 0.0261442, 0.0262016, 0.0663368, 0.100799, 0.345675, 0.346068, 1, 

26,270,0.001, 0.00563984, 0.0261442, 0.0262016, 0.0663368, 0.164494, 0.217953, 0.346068, 1, 

Generation #28
25,554,0.001, 0.00563984, 0.0261442, 0.0262016, 0.0663368, 0.150345, 1, 

28,211,0.00241177, 0.001, 0.0219461, 0.0261442, 0.0262016, 0.0663368, 0.210881, 0.241929, 1, 

27,255,0.001, 0.00563984, 0.0261442, 0.0262016, 0.0663368, 0.100799, 0.345675, 0.346068, 1, 

26,270,0.001, 0.00563984, 0.0261442, 0.0262016, 0.0663368, 0.164494, 0.217953, 0.346068, 1, 

Generation #29
25,554,0.001, 0.00563984, 0.0261442, 0.0262016, 0.0663368, 0.150345, 1, 

28,211,0.00241177, 0.001, 0.0219461, 0.0261442, 0.0262016, 0.0663368, 0.210881, 0.241929, 1, 

27,255,0.001, 0.00563984, 0.0261442, 0.0262016, 0.0663368, 0.100799, 0.345675, 0.346068, 1, 

26,270,0.001, 0.00563984, 0.0261442, 0.0262016, 0.0663368, 0.164494, 0.217953, 0.346068, 1, 

Generation #30
25,554,0.001, 0.00563984, 0.0261442, 0.0262016, 0.0663368, 0.150345, 1, 

28,211,0.00241177, 0.001, 0.0219461, 0.0261442, 0.0262016, 0.0663368, 0.210881, 0.241929, 1, 

27,255,0.001, 0.00563984, 0.0261442, 0.0262016, 0.0663368, 0.100799, 0.345675, 0.346068, 1, 

26,270,0.001, 0.00563984, 0.0261442, 0.0262016, 0.0663368, 0.164494, 0.217953, 0.346068, 1, 

Generation #31
25,554,0.001, 0.00563984, 0.0261442, 0.0262016, 0.0663368, 0.150345, 1, 

28,211,0.00241177, 0.001, 0.0219461, 0.0261442, 0.0262016, 0.0663368, 0.210881, 0.241929, 1, 

27,255,0.001, 0.00563984, 0.0261442, 0.0262016, 0.0663368, 0.100799, 0.345675, 0.346068, 1, 

26,270,0.001, 0.00563984, 0.0261442, 0.0262016, 0.0663368, 0.164494, 0.217953, 0.346068, 1, 

Generation #32
25,554,0.001, 0.00563984, 0.0261442, 0.0262016, 0.0663368, 0.150345, 1, 

28,211,0.00241177, 0.001, 0.0219461, 0.0261442, 0.0262016, 0.0663368, 0.210881, 0.241929, 1, 

27,255,0.001, 0.00563984, 0.0261442, 0.0262016, 0.0663368, 0.100799, 0.345675, 0.346068, 1, 

26,270,0.001, 0.00563984, 0.0261442, 0.0262016, 0.0663368, 0.164494, 0.217953, 0.346068, 1, 

Generation #33
25,554,0.001, 0.00563984, 0.0261442, 0.0262016, 0.0663368, 0.150345, 1, 

28,211,0.00241177, 0.001, 0.0219461, 0.0261442, 0.0262016, 0.0663368, 0.210881, 0.241929, 1, 

27,255,0.001, 0.00563984, 0.0261442, 0.0262016, 0.0663368, 0.100799, 0.345675, 0.346068, 1, 

26,270,0.001, 0.00563984, 0.0261442, 0.0262016, 0.0663368, 0.164494, 0.217953, 0.346068, 1, 

Generation #34
25,554,0.001, 0.00563984, 0.0261442, 0.0262016, 0.0663368, 0.150345, 1, 

28,211,0.00241177, 0.001, 0.0219461, 0.0261442, 0.0262016, 0.0663368, 0.210881, 0.241929, 1, 

27,255,0.001, 0.00563984, 0.0261442, 0.0262016, 0.0663368, 0.100799, 0.345675, 0.346068, 1, 

26,270,0.001, 0.00563984, 0.0261442, 0.0262016, 0.0663368, 0.164494, 0.217953, 0.346068, 1, 

Generation #35
25,554,0.001, 0.00563984, 0.0261442, 0.0262016, 0.0663368, 0.150345, 1, 

28,211,0.00241177, 0.001, 0.0219461, 0.0261442, 0.0262016, 0.0663368, 0.210881, 0.241929, 1, 

27,255,0.001, 0.00563984, 0.0261442, 0.0262016, 0.0663368, 0.100799, 0.345675, 0.346068, 1, 

26,270,0.001, 0.00563984, 0.0261442, 0.0262016, 0.0663368, 0.164494, 0.217953, 0.346068, 1, 

Generation #36
25,554,0.001, 0.00563984, 0.0261442, 0.0262016, 0.0663368, 0.150345, 1, 

28,211,0.00241177, 0.001, 0.0219461, 0.0261442, 0.0262016, 0.0663368, 0.210881, 0.241929, 1, 

26,270,0.001, 0.00563984, 0.0261442, 0.0262016, 0.0663368, 0.164494, 0.217953, 0.346068, 1, 

27,242,0.00241177, 0.001, 0.0219461, 0.0261442, 0.0663368, 0.100799, 0.164494, 0.217953, 0.230267, 1, 

Generation #37
25,554,0.001, 0.00563984, 0.0261442, 0.0262016, 0.0663368, 0.150345, 1, 

28,211,0.00241177, 0.001, 0.0219461, 0.0261442, 0.0262016, 0.0663368, 0.210881, 0.241929, 1, 

26,270,0.001, 0.00563984, 0.0261442, 0.0262016, 0.0663368, 0.164494, 0.217953, 0.346068, 1, 

27,242,0.00241177, 0.001, 0.0219461, 0.0261442, 0.0663368, 0.100799, 0.164494, 0.217953, 0.230267, 1, 

Generation #38
25,554,0.001, 0.00563984, 0.0261442, 0.0262016, 0.0663368, 0.150345, 1, 

28,211,0.00241177, 0.001, 0.0219461, 0.0261442, 0.0262016, 0.0663368, 0.210881, 0.241929, 1, 

26,270,0.001, 0.00563984, 0.0261442, 0.0262016, 0.0663368, 0.164494, 0.217953, 0.346068, 1, 

27,242,0.00241177, 0.001, 0.0219461, 0.0261442, 0.0663368, 0.100799, 0.164494, 0.217953, 0.230267, 1, 

Generation #39
25,554,0.001, 0.00563984, 0.0261442, 0.0262016, 0.0663368, 0.150345, 1, 

28,211,0.00241177, 0.001, 0.0219461, 0.0261442, 0.0262016, 0.0663368, 0.210881, 0.241929, 1, 

26,270,0.001, 0.00563984, 0.0261442, 0.0262016, 0.0663368, 0.164494, 0.217953, 0.346068, 1, 

27,242,0.00241177, 0.001, 0.0219461, 0.0261442, 0.0663368, 0.100799, 0.164494, 0.217953, 0.230267, 1, 

Generation #40
25,554,0.001, 0.00563984, 0.0261442, 0.0262016, 0.0663368, 0.150345, 1, 

28,211,0.00241177, 0.001, 0.0219461, 0.0261442, 0.0262016, 0.0663368, 0.210881, 0.241929, 1, 

26,270,0.001, 0.00563984, 0.0261442, 0.0262016, 0.0663368, 0.164494, 0.217953, 0.346068, 1, 

27,242,0.00241177, 0.001, 0.0219461, 0.0261442, 0.0663368, 0.100799, 0.164494, 0.217953, 0.230267, 1, 

Generation #41
25,554,0.001, 0.00563984, 0.0261442, 0.0262016, 0.0663368, 0.150345, 1, 

28,211,0.00241177, 0.001, 0.0219461, 0.0261442, 0.0262016, 0.0663368, 0.210881, 0.241929, 1, 

27,242,0.00241177, 0.001, 0.0219461, 0.0261442, 0.0663368, 0.100799, 0.164494, 0.217953, 0.230267, 1, 

26,268,0.001, 0.00563984, 0.0261442, 0.0262016, 0.0663368, 0.0564536, 0.210881, 0.241929, 1, 

Generation #42
25,554,0.001, 0.00563984, 0.0261442, 0.0262016, 0.0663368, 0.150345, 1, 

28,211,0.00241177, 0.001, 0.0219461, 0.0261442, 0.0262016, 0.0663368, 0.210881, 0.241929, 1, 

27,242,0.00241177, 0.001, 0.0219461, 0.0261442, 0.0663368, 0.100799, 0.164494, 0.217953, 0.230267, 1, 

26,268,0.001, 0.00563984, 0.0261442, 0.0262016, 0.0663368, 0.0564536, 0.210881, 0.241929, 1, 

Generation #43
25,554,0.001, 0.00563984, 0.0261442, 0.0262016, 0.0663368, 0.150345, 1, 

28,211,0.00241177, 0.001, 0.0219461, 0.0261442, 0.0262016, 0.0663368, 0.210881, 0.241929, 1, 

27,242,0.00241177, 0.001, 0.0219461, 0.0261442, 0.0663368, 0.100799, 0.164494, 0.217953, 0.230267, 1, 

26,268,0.001, 0.00563984, 0.0261442, 0.0262016, 0.0663368, 0.0564536, 0.210881, 0.241929, 1, 

Generation #44
25,554,0.001, 0.00563984, 0.0261442, 0.0262016, 0.0663368, 0.150345, 1, 

28,211,0.00241177, 0.001, 0.0219461, 0.0261442, 0.0262016, 0.0663368, 0.210881, 0.241929, 1, 

27,242,0.00241177, 0.001, 0.0219461, 0.0261442, 0.0663368, 0.100799, 0.164494, 0.217953, 0.230267, 1, 

26,268,0.001, 0.00563984, 0.0261442, 0.0262016, 0.0663368, 0.0564536, 0.210881, 0.241929, 1, 

Generation #45
25,554,0.001, 0.00563984, 0.0261442, 0.0262016, 0.0663368, 0.150345, 1, 

28,211,0.00241177, 0.001, 0.0219461, 0.0261442, 0.0262016, 0.0663368, 0.210881, 0.241929, 1, 

27,242,0.00241177, 0.001, 0.0219461, 0.0261442, 0.0663368, 0.100799, 0.164494, 0.217953, 0.230267, 1, 

26,268,0.001, 0.00563984, 0.0261442, 0.0262016, 0.0663368, 0.0564536, 0.210881, 0.241929, 1, 

Generation #46
28,211,0.00241177, 0.001, 0.0219461, 0.0261442, 0.0262016, 0.0663368, 0.210881, 0.241929, 1, 

27,242,0.00241177, 0.001, 0.0219461, 0.0261442, 0.0663368, 0.100799, 0.164494, 0.217953, 0.230267, 1, 

26,268,0.001, 0.00563984, 0.0261442, 0.0262016, 0.0663368, 0.0564536, 0.210881, 0.241929, 1, 

25,346,0.00241177, 0.0261442, 0.0262016, 0.0663368, 0.100799, 0.345675, 0.346068, 1, 

Generation #47
28,211,0.00241177, 0.001, 0.0219461, 0.0261442, 0.0262016, 0.0663368, 0.210881, 0.241929, 1, 

27,242,0.00241177, 0.001, 0.0219461, 0.0261442, 0.0663368, 0.100799, 0.164494, 0.217953, 0.230267, 1, 

26,268,0.001, 0.00563984, 0.0261442, 0.0262016, 0.0663368, 0.0564536, 0.210881, 0.241929, 1, 

25,300,0.001, 0.00563984, 0.0261442, 0.0262016, 0.0663368, 0.150345, 1, 

Generation #48
28,211,0.00241177, 0.001, 0.0219461, 0.0261442, 0.0262016, 0.0663368, 0.210881, 0.241929, 1, 

27,242,0.00241177, 0.001, 0.0219461, 0.0261442, 0.0663368, 0.100799, 0.164494, 0.217953, 0.230267, 1, 

26,268,0.001, 0.00563984, 0.0261442, 0.0262016, 0.0663368, 0.0564536, 0.210881, 0.241929, 1, 

25,300,0.001, 0.00563984, 0.0261442, 0.0262016, 0.0663368, 0.150345, 1, 

Generation #49
28,211,0.00241177, 0.001, 0.0219461, 0.0261442, 0.0262016, 0.0663368, 0.210881, 0.241929, 1, 

27,242,0.00241177, 0.001, 0.0219461, 0.0261442, 0.0663368, 0.100799, 0.164494, 0.217953, 0.230267, 1, 

26,268,0.001, 0.00563984, 0.0261442, 0.0262016, 0.0663368, 0.0564536, 0.210881, 0.241929, 1, 

25,300,0.001, 0.00563984, 0.0261442, 0.0262016, 0.0663368, 0.150345, 1, 

32,204,0.00241177, 0.001, 0.0219461, 0.0261442, 0.0262016, 0.0522319, 0.0663368, 0.164494, 0.217953, 0.345675, 0.803073, 0.930679, 1, 

--- Pareto Front Solutions ---
Solution 0: N total=46 (N_initial=18, N_added=28), Time total=240 ms, Saved to: ./results/Bugzilla_t2_l1_pareto_0.csv, percents=0.00241177, 0.001, 0.0219461, 0.0261442, 0.0262016, 0.0663368, 0.210881, 0.241929, 1, 

Solution 1: N total=45 (N_initial=18, N_added=27), Time total=271 ms, Saved to: ./results/Bugzilla_t2_l1_pareto_1.csv, percents=0.00241177, 0.001, 0.0219461, 0.0261442, 0.0663368, 0.100799, 0.164494, 0.217953, 0.230267, 1, 

Solution 2: N total=44 (N_initial=18, N_added=26), Time total=297 ms, Saved to: ./results/Bugzilla_t2_l1_pareto_2.csv, percents=0.001, 0.00563984, 0.0261442, 0.0262016, 0.0663368, 0.0564536, 0.210881, 0.241929, 1, 

Solution 3: N total=43 (N_initial=18, N_added=25), Time total=329 ms, Saved to: ./results/Bugzilla_t2_l1_pareto_3.csv, percents=0.001, 0.00563984, 0.0261442, 0.0262016, 0.0663368, 0.150345, 1, 

Solution 4: N total=50 (N_initial=18, N_added=32), Time total=233 ms, Saved to: ./results/Bugzilla_t2_l1_pareto_4.csv, percents=0.00241177, 0.001, 0.0219461, 0.0261442, 0.0262016, 0.0522319, 0.0663368, 0.164494, 0.217953, 0.345675, 0.803073, 0.930679, 1, 

------------d=1, t=2, lambda=2, filename=./evaluation/Bugzilla/Bugzilla_2_2.csv------------
Computing partitioned counts of d-sets...
Ready to look at pairs based on partitioned counts...
First Stage N=32, Time=12
There are 491 remaining non-locating pairs
--- Running GA Algorithm (phase2) ---
Running GA with std::execution::par
Generation #0
34,315,0.001, 0.27046, 0.304094, 0.416713, 0.781914, 0.84709, 0.879151, 0.904238, 0.928107, 0.968828, 1, 

40,105,0.001, 0.0445423, 0.0779851, 0.149898, 0.152278, 0.226118, 0.277508, 0.282761, 0.290258, 0.388538, 0.449464, 0.494972, 0.521948, 0.765845, 0.838215, 0.954484, 1, 

37,195,0.001, 0.0997754, 0.128224, 0.139858, 0.140996, 0.16408, 0.260033, 0.434188, 0.482, 0.594574, 0.605673, 0.773454, 0.871155, 1, 

33,323,0.001, 0.193164, 0.519914, 0.530789, 0.683312, 0.733278, 0.734182, 0.888284, 0.915288, 0.946359, 1, 

32,584,0.001, 0.368494, 0.48779, 0.514786, 0.52394, 0.54502, 0.563092, 0.631637, 0.637675, 0.766592, 0.942876, 1, 

31,629,0.001, 0.353298, 0.368883, 0.435797, 0.557698, 0.645042, 0.720323, 0.735389, 0.933898, 0.969088, 1, 

35,213,0.001, 0.0892313, 0.18078, 0.21149, 0.213462, 0.401706, 0.557532, 0.684984, 0.719297, 0.748394, 0.864248, 0.916395, 0.978692, 1, 

38,123,0.001, 0.0171854, 0.127321, 0.136827, 0.17814, 0.365069, 0.400058, 0.480994, 0.483526, 0.560206, 0.873299, 0.87604, 0.878945, 0.945044, 1, 

50,43,0.001, 0.00499315, 0.0233592, 0.0325699, 0.0448166, 0.0548285, 0.0586415, 0.0791325, 0.0800316, 0.114706, 0.128987, 0.148654, 0.240332, 0.242493, 0.244994, 0.363713, 0.427498, 0.527858, 0.53381, 0.640146, 0.644448, 0.680833, 0.702801, 0.708668, 0.726064, 0.728795, 0.79798, 1, 

Generation #1
31,629,0.001, 0.353298, 0.368883, 0.435797, 0.557698, 0.645042, 0.720323, 0.735389, 0.933898, 0.969088, 1, 

50,43,0.001, 0.00499315, 0.0233592, 0.0325699, 0.0448166, 0.0548285, 0.0586415, 0.0791325, 0.0800316, 0.114706, 0.128987, 0.148654, 0.240332, 0.242493, 0.244994, 0.363713, 0.427498, 0.527858, 0.53381, 0.640146, 0.644448, 0.680833, 0.702801, 0.708668, 0.726064, 0.728795, 0.79798, 1, 

33,118,0.001, 0.0655734, 0.0797543, 0.159745, 0.161378, 0.280901, 0.321605, 0.356323, 0.363166, 0.453121, 0.45517, 1, 

34,61,0.001, 0.0136247, 0.0296402, 0.06754, 0.113069, 0.173937, 0.184246, 0.225963, 0.334798, 0.347629, 0.732034, 0.739386, 0.85368, 1, 

32,229,0.001, 0.136111, 0.184435, 0.18487, 0.210653, 0.219554, 0.243647, 0.35028, 0.350586, 0.441808, 0.922771, 1, 

Generation #2
50,43,0.001, 0.00499315, 0.0233592, 0.0325699, 0.0448166, 0.0548285, 0.0586415, 0.0791325, 0.0800316, 0.114706, 0.128987, 0.148654, 0.240332, 0.242493, 0.244994, 0.363713, 0.427498, 0.527858, 0.53381, 0.640146, 0.644448, 0.680833, 0.702801, 0.708668, 0.726064, 0.728795, 0.79798, 1, 

34,61,0.001, 0.0136247, 0.0296402, 0.06754, 0.113069, 0.173937, 0.184246, 0.225963, 0.334798, 0.347629, 0.732034, 0.739386, 0.85368, 1, 

30,136,0.064954, 0.0800798, 0.152532, 0.161496, 0.214707, 0.23041, 0.250092, 0.29011, 0.828395, 0.922771, 1, 

31,112,0.001, 0.0144092, 0.0782178, 0.15115, 0.175155, 0.246102, 0.286137, 0.308344, 0.357823, 0.733701, 0.394834, 1, 

35,60,0.001, 0.0136247, 0.0296402, 0.06754, 0.113069, 0.173937, 0.184246, 0.225963, 0.334798, 0.347629, 0.862079, 0.89878, 0.933376, 0.97442, 1, 

Generation #3
50,43,0.001, 0.00499315, 0.0233592, 0.0325699, 0.0448166, 0.0548285, 0.0586415, 0.0791325, 0.0800316, 0.114706, 0.128987, 0.148654, 0.240332, 0.242493, 0.244994, 0.363713, 0.427498, 0.527858, 0.53381, 0.640146, 0.644448, 0.680833, 0.702801, 0.708668, 0.726064, 0.728795, 0.79798, 1, 

34,61,0.001, 0.0136247, 0.0296402, 0.06754, 0.113069, 0.173937, 0.184246, 0.225963, 0.334798, 0.347629, 0.732034, 0.739386, 0.85368, 1, 

30,136,0.064954, 0.0800798, 0.152532, 0.161496, 0.214707, 0.23041, 0.250092, 0.29011, 0.828395, 0.922771, 1, 

31,112,0.001, 0.0144092, 0.0782178, 0.15115, 0.175155, 0.246102, 0.286137, 0.308344, 0.357823, 0.733701, 0.394834, 1, 

35,60,0.001, 0.0136247, 0.0296402, 0.06754, 0.113069, 0.173937, 0.184246, 0.225963, 0.334798, 0.347629, 0.862079, 0.89878, 0.933376, 0.97442, 1, 

33,107,0.001, 0.0450193, 0.0753499, 0.0869944, 0.109916, 0.115276, 0.237051, 0.243647, 0.35028, 0.350586, 0.441808, 0.994403, 1, 

Generation #4
35,60,0.001, 0.0136247, 0.0296402, 0.06754, 0.113069, 0.173937, 0.184246, 0.225963, 0.334798, 0.347629, 0.862079, 0.89878, 0.933376, 0.97442, 1, 

29,108,0.001, 0.0144092, 0.0782178, 0.15115, 0.175155, 0.246102, 0.286137, 0.308344, 0.357823, 0.969088, 1, 

48,41,0.001, 0.00499315, 0.0233592, 0.0325699, 0.0448166, 0.0548285, 0.0586415, 0.0791325, 0.0800316, 0.114706, 0.128987, 0.268182, 0.279351, 0.286823, 0.330201, 0.363713, 0.292578, 0.427498, 0.527858, 0.53381, 0.640146, 0.644448, 0.680833, 0.702801, 0.708668, 0.726064, 0.728795, 0.79798, 1, 

32,61,0.0136247, 0.0296402, 0.06754, 0.113069, 0.264226, 0.420371, 0.441159, 0.688848, 0.930594, 0.994403, 1, 

44,52,0.001, 0.0136247, 0.0287218, 0.028802, 0.0484715, 0.0614857, 0.0727512, 0.0974152, 0.179998, 0.18099, 0.237209, 0.399331, 0.425087, 0.427624, 0.474756, 0.486937, 0.521996, 0.59666, 0.712085, 0.81366, 0.827945, 0.884292, 0.965238, 0.991786, 1, 

Generation #5
35,60,0.001, 0.0136247, 0.0296402, 0.06754, 0.113069, 0.173937, 0.184246, 0.225963, 0.334798, 0.347629, 0.862079, 0.89878, 0.933376, 0.97442, 1, 

29,108,0.001, 0.0144092, 0.0782178, 0.15115, 0.175155, 0.246102, 0.286137, 0.308344, 0.357823, 0.969088, 1, 

32,61,0.0136247, 0.0296402, 0.06754, 0.113069, 0.264226, 0.420371, 0.441159, 0.688848, 0.930594, 0.994403, 1, 

39,36,0.001, 0.00499315, 0.0233592, 0.0325699, 0.0448166, 0.0548285, 0.0586415, 0.0791325, 0.0800316, 0.114706, 0.388576, 0.399331, 0.861424, 0.887679, 0.923007, 0.935987, 1, 

31,89,0.001, 0.0240258, 0.0517012, 0.087196, 0.091855, 0.214576, 0.260116, 0.262972, 0.306446, 0.355396, 1, 

Generation #6
29,108,0.001, 0.0144092, 0.0782178, 0.15115, 0.175155, 0.246102, 0.286137, 0.308344, 0.357823, 0.969088, 1, 

39,36,0.001, 0.00499315, 0.0233592, 0.0325699, 0.0448166, 0.0548285, 0.0586415, 0.0791325, 0.0800316, 0.114706, 0.388576, 0.399331, 0.861424, 0.887679, 0.923007, 0.935987, 1, 

30,57,0.001, 0.00499315, 0.0233592, 0.0325699, 0.0448166, 0.0548285, 0.0586415, 0.0791325, 0.0800316, 0.114706, 0.128987, 0.994403, 1, 

Generation #7
39,36,0.001, 0.00499315, 0.0233592, 0.0325699, 0.0448166, 0.0548285, 0.0586415, 0.0791325, 0.0800316, 0.114706, 0.388576, 0.399331, 0.861424, 0.887679, 0.923007, 0.935987, 1, 

30,57,0.001, 0.00499315, 0.0233592, 0.0325699, 0.0448166, 0.0548285, 0.0586415, 0.0791325, 0.0800316, 0.114706, 0.128987, 0.994403, 1, 

29,80,0.001, 0.0240258, 0.0517012, 0.087196, 0.091855, 0.214576, 0.260116, 0.262972, 0.306446, 0.355396, 1, 

Generation #8
39,36,0.001, 0.00499315, 0.0233592, 0.0325699, 0.0448166, 0.0548285, 0.0586415, 0.0791325, 0.0800316, 0.114706, 0.388576, 0.399331, 0.861424, 0.887679, 0.923007, 0.935987, 1, 

30,57,0.001, 0.00499315, 0.0233592, 0.0325699, 0.0448166, 0.0548285, 0.0586415, 0.0791325, 0.0800316, 0.114706, 0.128987, 0.994403, 1, 

29,80,0.001, 0.0240258, 0.0517012, 0.087196, 0.091855, 0.214576, 0.260116, 0.262972, 0.306446, 0.355396, 1, 

28,103,0.001, 0.0239551, 0.0592373, 0.06754, 0.173937, 0.184246, 0.225963, 0.334798, 0.27726, 1, 

Generation #9
39,36,0.001, 0.00499315, 0.0233592, 0.0325699, 0.0448166, 0.0548285, 0.0586415, 0.0791325, 0.0800316, 0.114706, 0.388576, 0.399331, 0.861424, 0.887679, 0.923007, 0.935987, 1, 

30,57,0.001, 0.00499315, 0.0233592, 0.0325699, 0.0448166, 0.0548285, 0.0586415, 0.0791325, 0.0800316, 0.114706, 0.128987, 0.994403, 1, 

29,80,0.001, 0.0240258, 0.0517012, 0.087196, 0.091855, 0.214576, 0.260116, 0.262972, 0.306446, 0.355396, 1, 

28,103,0.001, 0.0239551, 0.0592373, 0.06754, 0.173937, 0.184246, 0.225963, 0.334798, 0.27726, 1, 

31,43,0.001, 0.00499315, 0.0233592, 0.0325699, 0.0448166, 0.0548285, 0.0586415, 0.0791325, 0.0800316, 0.922771, 1, 

Generation #10
39,36,0.001, 0.00499315, 0.0233592, 0.0325699, 0.0448166, 0.0548285, 0.0586415, 0.0791325, 0.0800316, 0.114706, 0.388576, 0.399331, 0.861424, 0.887679, 0.923007, 0.935987, 1, 

30,57,0.001, 0.00499315, 0.0233592, 0.0325699, 0.0448166, 0.0548285, 0.0586415, 0.0791325, 0.0800316, 0.114706, 0.128987, 0.994403, 1, 

31,43,0.001, 0.00499315, 0.0233592, 0.0325699, 0.0448166, 0.0548285, 0.0586415, 0.0791325, 0.0800316, 0.922771, 1, 

28,70,0.001, 0.00499315, 0.0233592, 0.0325699, 0.0448166, 0.0548285, 0.0586415, 0.0791325, 0.0800316, 0.114706, 1, 

Generation #11
39,36,0.001, 0.00499315, 0.0233592, 0.0325699, 0.0448166, 0.0548285, 0.0586415, 0.0791325, 0.0800316, 0.114706, 0.388576, 0.399331, 0.861424, 0.887679, 0.923007, 0.935987, 1, 

30,57,0.001, 0.00499315, 0.0233592, 0.0325699, 0.0448166, 0.0548285, 0.0586415, 0.0791325, 0.0800316, 0.114706, 0.128987, 0.994403, 1, 

31,43,0.001, 0.00499315, 0.0233592, 0.0325699, 0.0448166, 0.0548285, 0.0586415, 0.0791325, 0.0800316, 0.922771, 1, 

28,70,0.001, 0.00499315, 0.0233592, 0.0325699, 0.0448166, 0.0548285, 0.0586415, 0.0791325, 0.0800316, 0.114706, 1, 

29,61,0.00499315, 0.0233592, 0.0325699, 0.0448166, 0.0548285, 0.0586415, 0.0791325, 0.0800316, 0.114706, 1, 

Generation #12
39,36,0.001, 0.00499315, 0.0233592, 0.0325699, 0.0448166, 0.0548285, 0.0586415, 0.0791325, 0.0800316, 0.114706, 0.388576, 0.399331, 0.861424, 0.887679, 0.923007, 0.935987, 1, 

30,57,0.001, 0.00499315, 0.0233592, 0.0325699, 0.0448166, 0.0548285, 0.0586415, 0.0791325, 0.0800316, 0.114706, 0.128987, 0.994403, 1, 

31,43,0.001, 0.00499315, 0.0233592, 0.0325699, 0.0448166, 0.0548285, 0.0586415, 0.0791325, 0.0800316, 0.922771, 1, 

28,70,0.001, 0.00499315, 0.0233592, 0.0325699, 0.0448166, 0.0548285, 0.0586415, 0.0791325, 0.0800316, 0.114706, 1, 

29,61,0.00499315, 0.0233592, 0.0325699, 0.0448166, 0.0548285, 0.0586415, 0.0791325, 0.0800316, 0.114706, 1, 

44,33,0.001, 0.00499315, 0.0233592, 0.0325699, 0.0448166, 0.0548285, 0.0586415, 0.0791325, 0.0800316, 0.114706, 0.128987, 0.268182, 0.279351, 0.0522169, 0.286823, 0.330201, 0.363713, 0.292578, 0.427498, 0.81366, 0.827945, 0.884292, 0.965238, 0.991786, 1, 

Generation #13
31,43,0.001, 0.00499315, 0.0233592, 0.0325699, 0.0448166, 0.0548285, 0.0586415, 0.0791325, 0.0800316, 0.922771, 1, 

28,70,0.001, 0.00499315, 0.0233592, 0.0325699, 0.0448166, 0.0548285, 0.0586415, 0.0791325, 0.0800316, 0.114706, 1, 

29,61,0.00499315, 0.0233592, 0.0325699, 0.0448166, 0.0548285, 0.0586415, 0.0791325, 0.0800316, 0.114706, 1, 

32,34,0.001, 0.00499315, 0.0233592, 0.0325699, 0.0448166, 0.0548285, 0.0586415, 0.0791325, 0.0800316, 0.114706, 0.128987, 0.739386, 0.85368, 1, 

44,32,0.001, 0.00499315, 0.0233592, 0.0325699, 0.0448166, 0.0548285, 0.0586415, 0.0791325, 0.0800316, 0.114706, 0.128987, 0.268182, 0.279351, 0.286823, 0.330201, 0.363713, 0.292578, 0.427498, 0.53381, 0.640146, 0.644448, 0.680833, 0.702801, 0.708668, 0.726064, 0.728795, 0.79798, 1, 

30,54,0.001, 0.00499315, 0.0233592, 0.0325699, 0.0448166, 0.0548285, 0.0586415, 0.0791325, 0.0800316, 0.114706, 1, 

Generation #14
28,70,0.001, 0.00499315, 0.0233592, 0.0325699, 0.0448166, 0.0548285, 0.0586415, 0.0791325, 0.0800316, 0.114706, 1, 

32,34,0.001, 0.00499315, 0.0233592, 0.0325699, 0.0448166, 0.0548285, 0.0586415, 0.0791325, 0.0800316, 0.114706, 0.128987, 0.739386, 0.85368, 1, 

44,32,0.001, 0.00499315, 0.0233592, 0.0325699, 0.0448166, 0.0548285, 0.0586415, 0.0791325, 0.0800316, 0.114706, 0.128987, 0.268182, 0.279351, 0.286823, 0.330201, 0.363713, 0.292578, 0.427498, 0.53381, 0.640146, 0.644448, 0.680833, 0.702801, 0.708668, 0.726064, 0.728795, 0.79798, 1, 

30,37,0.001, 0.00499315, 0.0233592, 0.0325699, 0.0448166, 0.0548285, 0.0586415, 0.0791325, 0.0800316, 0.355396, 1, 

29,51,0.001, 0.00499315, 0.0233592, 0.0325699, 0.0448166, 0.0548285, 0.0586415, 0.0791325, 0.0800316, 0.114706, 0.922771, 1, 

Generation #15
32,34,0.001, 0.00499315, 0.0233592, 0.0325699, 0.0448166, 0.0548285, 0.0586415, 0.0791325, 0.0800316, 0.114706, 0.128987, 0.739386, 0.85368, 1, 

44,32,0.001, 0.00499315, 0.0233592, 0.0325699, 0.0448166, 0.0548285, 0.0586415, 0.0791325, 0.0800316, 0.114706, 0.128987, 0.268182, 0.279351, 0.286823, 0.330201, 0.363713, 0.292578, 0.427498, 0.53381, 0.640146, 0.644448, 0.680833, 0.702801, 0.708668, 0.726064, 0.728795, 0.79798, 1, 

30,37,0.001, 0.00499315, 0.0233592, 0.0325699, 0.0448166, 0.0548285, 0.0586415, 0.0791325, 0.0800316, 0.355396, 1, 

29,51,0.001, 0.00499315, 0.0233592, 0.0325699, 0.0448166, 0.0548285, 0.0586415, 0.0791325, 0.0800316, 0.114706, 0.922771, 1, 

28,61,0.001, 0.00499315, 0.0233592, 0.0325699, 0.0448166, 0.0548285, 0.0586415, 0.0791325, 0.0800316, 0.922771, 1, 

Generation #16
32,34,0.001, 0.00499315, 0.0233592, 0.0325699, 0.0448166, 0.0548285, 0.0586415, 0.0791325, 0.0800316, 0.114706, 0.128987, 0.739386, 0.85368, 1, 

44,32,0.001, 0.00499315, 0.0233592, 0.0325699, 0.0448166, 0.0548285, 0.0586415, 0.0791325, 0.0800316, 0.114706, 0.128987, 0.268182, 0.279351, 0.286823, 0.330201, 0.363713, 0.292578, 0.427498, 0.53381, 0.640146, 0.644448, 0.680833, 0.702801, 0.708668, 0.726064, 0.728795, 0.79798, 1, 

30,37,0.001, 0.00499315, 0.0233592, 0.0325699, 0.0448166, 0.0548285, 0.0586415, 0.0791325, 0.0800316, 0.355396, 1, 

28,61,0.001, 0.00499315, 0.0233592, 0.0325699, 0.0448166, 0.0548285, 0.0586415, 0.0791325, 0.0800316, 0.922771, 1, 

27,120,0.001, 0.00499315, 0.0233592, 0.0325699, 0.0448166, 0.0548285, 0.0586415, 0.0791325, 0.0800316, 0.114706, 1, 

29,44,0.001, 0.00499315, 0.0233592, 0.0325699, 0.0448166, 0.0548285, 0.0586415, 0.0791325, 0.0800316, 0.114706, 1, 

Generation #17
32,34,0.001, 0.00499315, 0.0233592, 0.0325699, 0.0448166, 0.0548285, 0.0586415, 0.0791325, 0.0800316, 0.114706, 0.128987, 0.739386, 0.85368, 1, 

44,32,0.001, 0.00499315, 0.0233592, 0.0325699, 0.0448166, 0.0548285, 0.0586415, 0.0791325, 0.0800316, 0.114706, 0.128987, 0.268182, 0.279351, 0.286823, 0.330201, 0.363713, 0.292578, 0.427498, 0.53381, 0.640146, 0.644448, 0.680833, 0.702801, 0.708668, 0.726064, 0.728795, 0.79798, 1, 

30,37,0.001, 0.00499315, 0.0233592, 0.0325699, 0.0448166, 0.0548285, 0.0586415, 0.0791325, 0.0800316, 0.355396, 1, 

28,61,0.001, 0.00499315, 0.0233592, 0.0325699, 0.0448166, 0.0548285, 0.0586415, 0.0791325, 0.0800316, 0.922771, 1, 

27,120,0.001, 0.00499315, 0.0233592, 0.0325699, 0.0448166, 0.0548285, 0.0586415, 0.0791325, 0.0800316, 0.114706, 1, 

29,44,0.001, 0.00499315, 0.0233592, 0.0325699, 0.0448166, 0.0548285, 0.0586415, 0.0791325, 0.0800316, 0.114706, 1, 

Generation #18
32,34,0.001, 0.00499315, 0.0233592, 0.0325699, 0.0448166, 0.0548285, 0.0586415, 0.0791325, 0.0800316, 0.114706, 0.128987, 0.739386, 0.85368, 1, 

44,32,0.001, 0.00499315, 0.0233592, 0.0325699, 0.0448166, 0.0548285, 0.0586415, 0.0791325, 0.0800316, 0.114706, 0.128987, 0.268182, 0.279351, 0.286823, 0.330201, 0.363713, 0.292578, 0.427498, 0.53381, 0.640146, 0.644448, 0.680833, 0.702801, 0.708668, 0.726064, 0.728795, 0.79798, 1, 

30,37,0.001, 0.00499315, 0.0233592, 0.0325699, 0.0448166, 0.0548285, 0.0586415, 0.0791325, 0.0800316, 0.355396, 1, 

28,61,0.001, 0.00499315, 0.0233592, 0.0325699, 0.0448166, 0.0548285, 0.0586415, 0.0791325, 0.0800316, 0.922771, 1, 

27,120,0.001, 0.00499315, 0.0233592, 0.0325699, 0.0448166, 0.0548285, 0.0586415, 0.0791325, 0.0800316, 0.114706, 1, 

29,44,0.001, 0.00499315, 0.0233592, 0.0325699, 0.0448166, 0.0548285, 0.0586415, 0.0791325, 0.0800316, 0.114706, 1, 

Generation #19
32,34,0.001, 0.00499315, 0.0233592, 0.0325699, 0.0448166, 0.0548285, 0.0586415, 0.0791325, 0.0800316, 0.114706, 0.128987, 0.739386, 0.85368, 1, 

44,32,0.001, 0.00499315, 0.0233592, 0.0325699, 0.0448166, 0.0548285, 0.0586415, 0.0791325, 0.0800316, 0.114706, 0.128987, 0.268182, 0.279351, 0.286823, 0.330201, 0.363713, 0.292578, 0.427498, 0.53381, 0.640146, 0.644448, 0.680833, 0.702801, 0.708668, 0.726064, 0.728795, 0.79798, 1, 

30,37,0.001, 0.00499315, 0.0233592, 0.0325699, 0.0448166, 0.0548285, 0.0586415, 0.0791325, 0.0800316, 0.355396, 1, 

28,61,0.001, 0.00499315, 0.0233592, 0.0325699, 0.0448166, 0.0548285, 0.0586415, 0.0791325, 0.0800316, 0.922771, 1, 

27,120,0.001, 0.00499315, 0.0233592, 0.0325699, 0.0448166, 0.0548285, 0.0586415, 0.0791325, 0.0800316, 0.114706, 1, 

29,44,0.001, 0.00499315, 0.0233592, 0.0325699, 0.0448166, 0.0548285, 0.0586415, 0.0791325, 0.0800316, 0.114706, 1, 

Generation #20
32,34,0.001, 0.00499315, 0.0233592, 0.0325699, 0.0448166, 0.0548285, 0.0586415, 0.0791325, 0.0800316, 0.114706, 0.128987, 0.739386, 0.85368, 1, 

44,32,0.001, 0.00499315, 0.0233592, 0.0325699, 0.0448166, 0.0548285, 0.0586415, 0.0791325, 0.0800316, 0.114706, 0.128987, 0.268182, 0.279351, 0.286823, 0.330201, 0.363713, 0.292578, 0.427498, 0.53381, 0.640146, 0.644448, 0.680833, 0.702801, 0.708668, 0.726064, 0.728795, 0.79798, 1, 

30,37,0.001, 0.00499315, 0.0233592, 0.0325699, 0.0448166, 0.0548285, 0.0586415, 0.0791325, 0.0800316, 0.355396, 1, 

28,61,0.001, 0.00499315, 0.0233592, 0.0325699, 0.0448166, 0.0548285, 0.0586415, 0.0791325, 0.0800316, 0.922771, 1, 

27,120,0.001, 0.00499315, 0.0233592, 0.0325699, 0.0448166, 0.0548285, 0.0586415, 0.0791325, 0.0800316, 0.114706, 1, 

29,44,0.001, 0.00499315, 0.0233592, 0.0325699, 0.0448166, 0.0548285, 0.0586415, 0.0791325, 0.0800316, 0.114706, 1, 

Generation #21
32,34,0.001, 0.00499315, 0.0233592, 0.0325699, 0.0448166, 0.0548285, 0.0586415, 0.0791325, 0.0800316, 0.114706, 0.128987, 0.739386, 0.85368, 1, 

44,32,0.001, 0.00499315, 0.0233592, 0.0325699, 0.0448166, 0.0548285, 0.0586415, 0.0791325, 0.0800316, 0.114706, 0.128987, 0.268182, 0.279351, 0.286823, 0.330201, 0.363713, 0.292578, 0.427498, 0.53381, 0.640146, 0.644448, 0.680833, 0.702801, 0.708668, 0.726064, 0.728795, 0.79798, 1, 

30,37,0.001, 0.00499315, 0.0233592, 0.0325699, 0.0448166, 0.0548285, 0.0586415, 0.0791325, 0.0800316, 0.355396, 1, 

28,61,0.001, 0.00499315, 0.0233592, 0.0325699, 0.0448166, 0.0548285, 0.0586415, 0.0791325, 0.0800316, 0.922771, 1, 

27,120,0.001, 0.00499315, 0.0233592, 0.0325699, 0.0448166, 0.0548285, 0.0586415, 0.0791325, 0.0800316, 0.114706, 1, 

29,44,0.001, 0.00499315, 0.0233592, 0.0325699, 0.0448166, 0.0548285, 0.0586415, 0.0791325, 0.0800316, 0.114706, 1, 

31,35,0.001, 0.00499315, 0.0233592, 0.0325699, 0.0448166, 0.0548285, 0.0586415, 0.0791325, 0.271059, 0.0800316, 0.114706, 1, 

Generation #22
32,34,0.001, 0.00499315, 0.0233592, 0.0325699, 0.0448166, 0.0548285, 0.0586415, 0.0791325, 0.0800316, 0.114706, 0.128987, 0.739386, 0.85368, 1, 

44,32,0.001, 0.00499315, 0.0233592, 0.0325699, 0.0448166, 0.0548285, 0.0586415, 0.0791325, 0.0800316, 0.114706, 0.128987, 0.268182, 0.279351, 0.286823, 0.330201, 0.363713, 0.292578, 0.427498, 0.53381, 0.640146, 0.644448, 0.680833, 0.702801, 0.708668, 0.726064, 0.728795, 0.79798, 1, 

30,37,0.001, 0.00499315, 0.0233592, 0.0325699, 0.0448166, 0.0548285, 0.0586415, 0.0791325, 0.0800316, 0.355396, 1, 

27,120,0.001, 0.00499315, 0.0233592, 0.0325699, 0.0448166, 0.0548285, 0.0586415, 0.0791325, 0.0800316, 0.114706, 1, 

29,44,0.001, 0.00499315, 0.0233592, 0.0325699, 0.0448166, 0.0548285, 0.0586415, 0.0791325, 0.0800316, 0.114706, 1, 

31,35,0.001, 0.00499315, 0.0233592, 0.0325699, 0.0448166, 0.0548285, 0.0586415, 0.0791325, 0.271059, 0.0800316, 0.114706, 1, 

28,55,0.001, 0.00499315, 0.0233592, 0.0325699, 0.0448166, 0.0548285, 0.0586415, 0.0791325, 0.0800316, 0.114706, 1, 

Generation #23
32,34,0.001, 0.00499315, 0.0233592, 0.0325699, 0.0448166, 0.0548285, 0.0586415, 0.0791325, 0.0800316, 0.114706, 0.128987, 0.739386, 0.85368, 1, 

44,32,0.001, 0.00499315, 0.0233592, 0.0325699, 0.0448166, 0.0548285, 0.0586415, 0.0791325, 0.0800316, 0.114706, 0.128987, 0.268182, 0.279351, 0.286823, 0.330201, 0.363713, 0.292578, 0.427498, 0.53381, 0.640146, 0.644448, 0.680833, 0.702801, 0.708668, 0.726064, 0.728795, 0.79798, 1, 

30,37,0.001, 0.00499315, 0.0233592, 0.0325699, 0.0448166, 0.0548285, 0.0586415, 0.0791325, 0.0800316, 0.355396, 1, 

27,120,0.001, 0.00499315, 0.0233592, 0.0325699, 0.0448166, 0.0548285, 0.0586415, 0.0791325, 0.0800316, 0.114706, 1, 

29,44,0.001, 0.00499315, 0.0233592, 0.0325699, 0.0448166, 0.0548285, 0.0586415, 0.0791325, 0.0800316, 0.114706, 1, 

31,35,0.001, 0.00499315, 0.0233592, 0.0325699, 0.0448166, 0.0548285, 0.0586415, 0.0791325, 0.271059, 0.0800316, 0.114706, 1, 

28,50,0.001, 0.00499315, 0.0233592, 0.0325699, 0.0448166, 0.0548285, 0.0586415, 0.262972, 0.355396, 1, 

Generation #24
32,34,0.001, 0.00499315, 0.0233592, 0.0325699, 0.0448166, 0.0548285, 0.0586415, 0.0791325, 0.0800316, 0.114706, 0.128987, 0.739386, 0.85368, 1, 

44,32,0.001, 0.00499315, 0.0233592, 0.0325699, 0.0448166, 0.0548285, 0.0586415, 0.0791325, 0.0800316, 0.114706, 0.128987, 0.268182, 0.279351, 0.286823, 0.330201, 0.363713, 0.292578, 0.427498, 0.53381, 0.640146, 0.644448, 0.680833, 0.702801, 0.708668, 0.726064, 0.728795, 0.79798, 1, 

30,37,0.001, 0.00499315, 0.0233592, 0.0325699, 0.0448166, 0.0548285, 0.0586415, 0.0791325, 0.0800316, 0.355396, 1, 

27,120,0.001, 0.00499315, 0.0233592, 0.0325699, 0.0448166, 0.0548285, 0.0586415, 0.0791325, 0.0800316, 0.114706, 1, 

31,35,0.001, 0.00499315, 0.0233592, 0.0325699, 0.0448166, 0.0548285, 0.0586415, 0.0791325, 0.271059, 0.0800316, 0.114706, 1, 

28,50,0.001, 0.00499315, 0.0233592, 0.0325699, 0.0448166, 0.0548285, 0.0586415, 0.262972, 0.355396, 1, 

41,33,0.001, 0.00499315, 0.0233592, 0.0325699, 0.0448166, 0.0548285, 0.0586415, 0.0791325, 0.0800316, 0.114706, 0.128987, 0.268182, 0.279351, 0.286823, 0.330201, 0.363713, 0.292578, 0.427498, 0.527858, 0.81366, 0.827945, 0.884292, 0.965238, 0.991786, 1, 

29,40,0.001, 0.00499315, 0.0233592, 0.0325699, 0.0448166, 0.0548285, 0.0586415, 0.0791325, 0.0800316, 0.114706, 1, 

Generation #25
32,34,0.001, 0.00499315, 0.0233592, 0.0325699, 0.0448166, 0.0548285, 0.0586415, 0.0791325, 0.0800316, 0.114706, 0.128987, 0.739386, 0.85368, 1, 

44,32,0.001, 0.00499315, 0.0233592, 0.0325699, 0.0448166, 0.0548285, 0.0586415, 0.0791325, 0.0800316, 0.114706, 0.128987, 0.268182, 0.279351, 0.286823, 0.330201, 0.363713, 0.292578, 0.427498, 0.53381, 0.640146, 0.644448, 0.680833, 0.702801, 0.708668, 0.726064, 0.728795, 0.79798, 1, 

30,37,0.001, 0.00499315, 0.0233592, 0.0325699, 0.0448166, 0.0548285, 0.0586415, 0.0791325, 0.0800316, 0.355396, 1, 

27,120,0.001, 0.00499315, 0.0233592, 0.0325699, 0.0448166, 0.0548285, 0.0586415, 0.0791325, 0.0800316, 0.114706, 1, 

31,35,0.001, 0.00499315, 0.0233592, 0.0325699, 0.0448166, 0.0548285, 0.0586415, 0.0791325, 0.271059, 0.0800316, 0.114706, 1, 

28,50,0.001, 0.00499315, 0.0233592, 0.0325699, 0.0448166, 0.0548285, 0.0586415, 0.262972, 0.355396, 1, 

41,33,0.001, 0.00499315, 0.0233592, 0.0325699, 0.0448166, 0.0548285, 0.0586415, 0.0791325, 0.0800316, 0.114706, 0.128987, 0.268182, 0.279351, 0.286823, 0.330201, 0.363713, 0.292578, 0.427498, 0.527858, 0.81366, 0.827945, 0.884292, 0.965238, 0.991786, 1, 

29,40,0.001, 0.00499315, 0.0233592, 0.0325699, 0.0448166, 0.0548285, 0.0586415, 0.0791325, 0.0800316, 0.114706, 1, 

Generation #26
32,34,0.001, 0.00499315, 0.0233592, 0.0325699, 0.0448166, 0.0548285, 0.0586415, 0.0791325, 0.0800316, 0.114706, 0.128987, 0.739386, 0.85368, 1, 

44,32,0.001, 0.00499315, 0.0233592, 0.0325699, 0.0448166, 0.0548285, 0.0586415, 0.0791325, 0.0800316, 0.114706, 0.128987, 0.268182, 0.279351, 0.286823, 0.330201, 0.363713, 0.292578, 0.427498, 0.53381, 0.640146, 0.644448, 0.680833, 0.702801, 0.708668, 0.726064, 0.728795, 0.79798, 1, 

41,33,0.001, 0.00499315, 0.0233592, 0.0325699, 0.0448166, 0.0548285, 0.0586415, 0.0791325, 0.0800316, 0.114706, 0.128987, 0.268182, 0.279351, 0.286823, 0.330201, 0.363713, 0.292578, 0.427498, 0.527858, 0.81366, 0.827945, 0.884292, 0.965238, 0.991786, 1, 

27,69,0.001, 0.00499315, 0.0233592, 0.0325699, 0.0448166, 0.0548285, 0.0586415, 0.0791325, 0.0800316, 0.114706, 1, 

29,35,0.001, 0.00499315, 0.0233592, 0.0325699, 0.0448166, 0.0586415, 0.0791325, 0.0800316, 0.306446, 0.355396, 1, 

28,44,0.001, 0.00499315, 0.0233592, 0.0325699, 0.0448166, 0.0548285, 0.0586415, 0.0791325, 0.114706, 0.114706, 1, 

Generation #27
32,34,0.001, 0.00499315, 0.0233592, 0.0325699, 0.0448166, 0.0548285, 0.0586415, 0.0791325, 0.0800316, 0.114706, 0.128987, 0.739386, 0.85368, 1, 

41,33,0.001, 0.00499315, 0.0233592, 0.0325699, 0.0448166, 0.0548285, 0.0586415, 0.0791325, 0.0800316, 0.114706, 0.128987, 0.268182, 0.279351, 0.286823, 0.330201, 0.363713, 0.292578, 0.427498, 0.527858, 0.81366, 0.827945, 0.884292, 0.965238, 0.991786, 1, 

27,69,0.001, 0.00499315, 0.0233592, 0.0325699, 0.0448166, 0.0548285, 0.0586415, 0.0791325, 0.0800316, 0.114706, 1, 

29,35,0.001, 0.00499315, 0.0233592, 0.0325699, 0.0448166, 0.0586415, 0.0791325, 0.0800316, 0.306446, 0.355396, 1, 

28,44,0.001, 0.00499315, 0.0233592, 0.0325699, 0.0448166, 0.0548285, 0.0586415, 0.0791325, 0.114706, 0.114706, 1, 

42,32,0.001, 0.00499315, 0.0233592, 0.0325699, 0.0448166, 0.0548285, 0.0586415, 0.0791325, 0.0800316, 0.114706, 0.237209, 0.399331, 0.425087, 0.427624, 0.474756, 0.486937, 0.521996, 0.59666, 0.712085, 0.81366, 0.827945, 0.884292, 0.0527073, 0.991786, 1, 

Generation #28
32,34,0.001, 0.00499315, 0.0233592, 0.0325699, 0.0448166, 0.0548285, 0.0586415, 0.0791325, 0.0800316, 0.114706, 0.128987, 0.739386, 0.85368, 1, 

41,33,0.001, 0.00499315, 0.0233592, 0.0325699, 0.0448166, 0.0548285, 0.0586415, 0.0791325, 0.0800316, 0.114706, 0.128987, 0.268182, 0.279351, 0.286823, 0.330201, 0.363713, 0.292578, 0.427498, 0.527858, 0.81366, 0.827945, 0.884292, 0.965238, 0.991786, 1, 

27,69,0.001, 0.00499315, 0.0233592, 0.0325699, 0.0448166, 0.0548285, 0.0586415, 0.0791325, 0.0800316, 0.114706, 1, 

29,35,0.001, 0.00499315, 0.0233592, 0.0325699, 0.0448166, 0.0586415, 0.0791325, 0.0800316, 0.306446, 0.355396, 1, 

42,32,0.001, 0.00499315, 0.0233592, 0.0325699, 0.0448166, 0.0548285, 0.0586415, 0.0791325, 0.0800316, 0.114706, 0.237209, 0.399331, 0.425087, 0.427624, 0.474756, 0.486937, 0.521996, 0.59666, 0.712085, 0.81366, 0.827945, 0.884292, 0.0527073, 0.991786, 1, 

28,38,0.001, 0.00499315, 0.0233592, 0.0325699, 0.0448166, 0.0586415, 0.0791325, 0.0800316, 0.306446, 0.355396, 1, 

Generation #29
32,34,0.001, 0.00499315, 0.0233592, 0.0325699, 0.0448166, 0.0548285, 0.0586415, 0.0791325, 0.0800316, 0.114706, 0.128987, 0.739386, 0.85368, 1, 

41,33,0.001, 0.00499315, 0.0233592, 0.0325699, 0.0448166, 0.0548285, 0.0586415, 0.0791325, 0.0800316, 0.114706, 0.128987, 0.268182, 0.279351, 0.286823, 0.330201, 0.363713, 0.292578, 0.427498, 0.527858, 0.81366, 0.827945, 0.884292, 0.965238, 0.991786, 1, 

27,69,0.001, 0.00499315, 0.0233592, 0.0325699, 0.0448166, 0.0548285, 0.0586415, 0.0791325, 0.0800316, 0.114706, 1, 

29,35,0.001, 0.00499315, 0.0233592, 0.0325699, 0.0448166, 0.0586415, 0.0791325, 0.0800316, 0.306446, 0.355396, 1, 

42,32,0.001, 0.00499315, 0.0233592, 0.0325699, 0.0448166, 0.0548285, 0.0586415, 0.0791325, 0.0800316, 0.114706, 0.237209, 0.399331, 0.425087, 0.427624, 0.474756, 0.486937, 0.521996, 0.59666, 0.712085, 0.81366, 0.827945, 0.884292, 0.0527073, 0.991786, 1, 

28,38,0.001, 0.00499315, 0.0233592, 0.0325699, 0.0448166, 0.0586415, 0.0791325, 0.0800316, 0.306446, 0.355396, 1, 

Generation #30
32,34,0.001, 0.00499315, 0.0233592, 0.0325699, 0.0448166, 0.0548285, 0.0586415, 0.0791325, 0.0800316, 0.114706, 0.128987, 0.739386, 0.85368, 1, 

41,33,0.001, 0.00499315, 0.0233592, 0.0325699, 0.0448166, 0.0548285, 0.0586415, 0.0791325, 0.0800316, 0.114706, 0.128987, 0.268182, 0.279351, 0.286823, 0.330201, 0.363713, 0.292578, 0.427498, 0.527858, 0.81366, 0.827945, 0.884292, 0.965238, 0.991786, 1, 

29,35,0.001, 0.00499315, 0.0233592, 0.0325699, 0.0448166, 0.0586415, 0.0791325, 0.0800316, 0.306446, 0.355396, 1, 

42,32,0.001, 0.00499315, 0.0233592, 0.0325699, 0.0448166, 0.0548285, 0.0586415, 0.0791325, 0.0800316, 0.114706, 0.237209, 0.399331, 0.425087, 0.427624, 0.474756, 0.486937, 0.521996, 0.59666, 0.712085, 0.81366, 0.827945, 0.884292, 0.0527073, 0.991786, 1, 

28,38,0.001, 0.00499315, 0.0233592, 0.0325699, 0.0448166, 0.0586415, 0.0791325, 0.0800316, 0.306446, 0.355396, 1, 

27,62,0.001, 0.00499315, 0.0233592, 0.0325699, 0.0448166, 0.0548285, 0.0586415, 0.0791325, 0.0800316, 0.922771, 1, 

Generation #31
32,34,0.001, 0.00499315, 0.0233592, 0.0325699, 0.0448166, 0.0548285, 0.0586415, 0.0791325, 0.0800316, 0.114706, 0.128987, 0.739386, 0.85368, 1, 

41,33,0.001, 0.00499315, 0.0233592, 0.0325699, 0.0448166, 0.0548285, 0.0586415, 0.0791325, 0.0800316, 0.114706, 0.128987, 0.268182, 0.279351, 0.286823, 0.330201, 0.363713, 0.292578, 0.427498, 0.527858, 0.81366, 0.827945, 0.884292, 0.965238, 0.991786, 1, 

29,35,0.001, 0.00499315, 0.0233592, 0.0325699, 0.0448166, 0.0586415, 0.0791325, 0.0800316, 0.306446, 0.355396, 1, 

42,32,0.001, 0.00499315, 0.0233592, 0.0325699, 0.0448166, 0.0548285, 0.0586415, 0.0791325, 0.0800316, 0.114706, 0.237209, 0.399331, 0.425087, 0.427624, 0.474756, 0.486937, 0.521996, 0.59666, 0.712085, 0.81366, 0.827945, 0.884292, 0.0527073, 0.991786, 1, 

28,38,0.001, 0.00499315, 0.0233592, 0.0325699, 0.0448166, 0.0586415, 0.0791325, 0.0800316, 0.306446, 0.355396, 1, 

27,62,0.001, 0.00499315, 0.0233592, 0.0325699, 0.0448166, 0.0548285, 0.0586415, 0.0791325, 0.0800316, 0.922771, 1, 

Generation #32
32,34,0.001, 0.00499315, 0.0233592, 0.0325699, 0.0448166, 0.0548285, 0.0586415, 0.0791325, 0.0800316, 0.114706, 0.128987, 0.739386, 0.85368, 1, 

41,33,0.001, 0.00499315, 0.0233592, 0.0325699, 0.0448166, 0.0548285, 0.0586415, 0.0791325, 0.0800316, 0.114706, 0.128987, 0.268182, 0.279351, 0.286823, 0.330201, 0.363713, 0.292578, 0.427498, 0.527858, 0.81366, 0.827945, 0.884292, 0.965238, 0.991786, 1, 

29,35,0.001, 0.00499315, 0.0233592, 0.0325699, 0.0448166, 0.0586415, 0.0791325, 0.0800316, 0.306446, 0.355396, 1, 

42,32,0.001, 0.00499315, 0.0233592, 0.0325699, 0.0448166, 0.0548285, 0.0586415, 0.0791325, 0.0800316, 0.114706, 0.237209, 0.399331, 0.425087, 0.427624, 0.474756, 0.486937, 0.521996, 0.59666, 0.712085, 0.81366, 0.827945, 0.884292, 0.0527073, 0.991786, 1, 

28,38,0.001, 0.00499315, 0.0233592, 0.0325699, 0.0448166, 0.0586415, 0.0791325, 0.0800316, 0.306446, 0.355396, 1, 

27,62,0.001, 0.00499315, 0.0233592, 0.0325699, 0.0448166, 0.0548285, 0.0586415, 0.0791325, 0.0800316, 0.922771, 1, 

Generation #33
32,34,0.001, 0.00499315, 0.0233592, 0.0325699, 0.0448166, 0.0548285, 0.0586415, 0.0791325, 0.0800316, 0.114706, 0.128987, 0.739386, 0.85368, 1, 

41,33,0.001, 0.00499315, 0.0233592, 0.0325699, 0.0448166, 0.0548285, 0.0586415, 0.0791325, 0.0800316, 0.114706, 0.128987, 0.268182, 0.279351, 0.286823, 0.330201, 0.363713, 0.292578, 0.427498, 0.527858, 0.81366, 0.827945, 0.884292, 0.965238, 0.991786, 1, 

29,35,0.001, 0.00499315, 0.0233592, 0.0325699, 0.0448166, 0.0586415, 0.0791325, 0.0800316, 0.306446, 0.355396, 1, 

42,32,0.001, 0.00499315, 0.0233592, 0.0325699, 0.0448166, 0.0548285, 0.0586415, 0.0791325, 0.0800316, 0.114706, 0.237209, 0.399331, 0.425087, 0.427624, 0.474756, 0.486937, 0.521996, 0.59666, 0.712085, 0.81366, 0.827945, 0.884292, 0.0527073, 0.991786, 1, 

28,38,0.001, 0.00499315, 0.0233592, 0.0325699, 0.0448166, 0.0586415, 0.0791325, 0.0800316, 0.306446, 0.355396, 1, 

27,62,0.001, 0.00499315, 0.0233592, 0.0325699, 0.0448166, 0.0548285, 0.0586415, 0.0791325, 0.0800316, 0.922771, 1, 

Generation #34
32,34,0.001, 0.00499315, 0.0233592, 0.0325699, 0.0448166, 0.0548285, 0.0586415, 0.0791325, 0.0800316, 0.114706, 0.128987, 0.739386, 0.85368, 1, 

41,33,0.001, 0.00499315, 0.0233592, 0.0325699, 0.0448166, 0.0548285, 0.0586415, 0.0791325, 0.0800316, 0.114706, 0.128987, 0.268182, 0.279351, 0.286823, 0.330201, 0.363713, 0.292578, 0.427498, 0.527858, 0.81366, 0.827945, 0.884292, 0.965238, 0.991786, 1, 

29,35,0.001, 0.00499315, 0.0233592, 0.0325699, 0.0448166, 0.0586415, 0.0791325, 0.0800316, 0.306446, 0.355396, 1, 

42,32,0.001, 0.00499315, 0.0233592, 0.0325699, 0.0448166, 0.0548285, 0.0586415, 0.0791325, 0.0800316, 0.114706, 0.237209, 0.399331, 0.425087, 0.427624, 0.474756, 0.486937, 0.521996, 0.59666, 0.712085, 0.81366, 0.827945, 0.884292, 0.0527073, 0.991786, 1, 

28,38,0.001, 0.00499315, 0.0233592, 0.0325699, 0.0448166, 0.0586415, 0.0791325, 0.0800316, 0.306446, 0.355396, 1, 

27,62,0.001, 0.00499315, 0.0233592, 0.0325699, 0.0448166, 0.0548285, 0.0586415, 0.0791325, 0.0800316, 0.922771, 1, 

Generation #35
32,34,0.001, 0.00499315, 0.0233592, 0.0325699, 0.0448166, 0.0548285, 0.0586415, 0.0791325, 0.0800316, 0.114706, 0.128987, 0.739386, 0.85368, 1, 

41,33,0.001, 0.00499315, 0.0233592, 0.0325699, 0.0448166, 0.0548285, 0.0586415, 0.0791325, 0.0800316, 0.114706, 0.128987, 0.268182, 0.279351, 0.286823, 0.330201, 0.363713, 0.292578, 0.427498, 0.527858, 0.81366, 0.827945, 0.884292, 0.965238, 0.991786, 1, 

29,35,0.001, 0.00499315, 0.0233592, 0.0325699, 0.0448166, 0.0586415, 0.0791325, 0.0800316, 0.306446, 0.355396, 1, 

42,32,0.001, 0.00499315, 0.0233592, 0.0325699, 0.0448166, 0.0548285, 0.0586415, 0.0791325, 0.0800316, 0.114706, 0.237209, 0.399331, 0.425087, 0.427624, 0.474756, 0.486937, 0.521996, 0.59666, 0.712085, 0.81366, 0.827945, 0.884292, 0.0527073, 0.991786, 1, 

28,38,0.001, 0.00499315, 0.0233592, 0.0325699, 0.0448166, 0.0586415, 0.0791325, 0.0800316, 0.306446, 0.355396, 1, 

27,62,0.001, 0.00499315, 0.0233592, 0.0325699, 0.0448166, 0.0548285, 0.0586415, 0.0791325, 0.0800316, 0.922771, 1, 

Generation #36
32,34,0.001, 0.00499315, 0.0233592, 0.0325699, 0.0448166, 0.0548285, 0.0586415, 0.0791325, 0.0800316, 0.114706, 0.128987, 0.739386, 0.85368, 1, 

41,33,0.001, 0.00499315, 0.0233592, 0.0325699, 0.0448166, 0.0548285, 0.0586415, 0.0791325, 0.0800316, 0.114706, 0.128987, 0.268182, 0.279351, 0.286823, 0.330201, 0.363713, 0.292578, 0.427498, 0.527858, 0.81366, 0.827945, 0.884292, 0.965238, 0.991786, 1, 

29,35,0.001, 0.00499315, 0.0233592, 0.0325699, 0.0448166, 0.0586415, 0.0791325, 0.0800316, 0.306446, 0.355396, 1, 

42,32,0.001, 0.00499315, 0.0233592, 0.0325699, 0.0448166, 0.0548285, 0.0586415, 0.0791325, 0.0800316, 0.114706, 0.237209, 0.399331, 0.425087, 0.427624, 0.474756, 0.486937, 0.521996, 0.59666, 0.712085, 0.81366, 0.827945, 0.884292, 0.0527073, 0.991786, 1, 

28,38,0.001, 0.00499315, 0.0233592, 0.0325699, 0.0448166, 0.0586415, 0.0791325, 0.0800316, 0.306446, 0.355396, 1, 

27,62,0.001, 0.00499315, 0.0233592, 0.0325699, 0.0448166, 0.0548285, 0.0586415, 0.0791325, 0.0800316, 0.922771, 1, 

Generation #37
32,34,0.001, 0.00499315, 0.0233592, 0.0325699, 0.0448166, 0.0548285, 0.0586415, 0.0791325, 0.0800316, 0.114706, 0.128987, 0.739386, 0.85368, 1, 

41,33,0.001, 0.00499315, 0.0233592, 0.0325699, 0.0448166, 0.0548285, 0.0586415, 0.0791325, 0.0800316, 0.114706, 0.128987, 0.268182, 0.279351, 0.286823, 0.330201, 0.363713, 0.292578, 0.427498, 0.527858, 0.81366, 0.827945, 0.884292, 0.965238, 0.991786, 1, 

29,35,0.001, 0.00499315, 0.0233592, 0.0325699, 0.0448166, 0.0586415, 0.0791325, 0.0800316, 0.306446, 0.355396, 1, 

42,32,0.001, 0.00499315, 0.0233592, 0.0325699, 0.0448166, 0.0548285, 0.0586415, 0.0791325, 0.0800316, 0.114706, 0.237209, 0.399331, 0.425087, 0.427624, 0.474756, 0.486937, 0.521996, 0.59666, 0.712085, 0.81366, 0.827945, 0.884292, 0.0527073, 0.991786, 1, 

28,38,0.001, 0.00499315, 0.0233592, 0.0325699, 0.0448166, 0.0586415, 0.0791325, 0.0800316, 0.306446, 0.355396, 1, 

27,62,0.001, 0.00499315, 0.0233592, 0.0325699, 0.0448166, 0.0548285, 0.0586415, 0.0791325, 0.0800316, 0.922771, 1, 

Generation #38
41,33,0.001, 0.00499315, 0.0233592, 0.0325699, 0.0448166, 0.0548285, 0.0586415, 0.0791325, 0.0800316, 0.114706, 0.128987, 0.268182, 0.279351, 0.286823, 0.330201, 0.363713, 0.292578, 0.427498, 0.527858, 0.81366, 0.827945, 0.884292, 0.965238, 0.991786, 1, 

29,35,0.001, 0.00499315, 0.0233592, 0.0325699, 0.0448166, 0.0586415, 0.0791325, 0.0800316, 0.306446, 0.355396, 1, 

42,32,0.001, 0.00499315, 0.0233592, 0.0325699, 0.0448166, 0.0548285, 0.0586415, 0.0791325, 0.0800316, 0.114706, 0.237209, 0.399331, 0.425087, 0.427624, 0.474756, 0.486937, 0.521996, 0.59666, 0.712085, 0.81366, 0.827945, 0.884292, 0.0527073, 0.991786, 1, 

28,38,0.001, 0.00499315, 0.0233592, 0.0325699, 0.0448166, 0.0586415, 0.0791325, 0.0800316, 0.306446, 0.355396, 1, 

27,62,0.001, 0.00499315, 0.0233592, 0.0325699, 0.0448166, 0.0548285, 0.0586415, 0.0791325, 0.0800316, 0.922771, 1, 

31,34,0.001, 0.00499315, 0.0233592, 0.0325699, 0.0448166, 0.0586415, 0.0791325, 0.0800316, 0.306446, 0.128987, 0.268182, 0.850671, 0.85368, 1, 

Generation #39
29,35,0.001, 0.00499315, 0.0233592, 0.0325699, 0.0448166, 0.0586415, 0.0791325, 0.0800316, 0.306446, 0.355396, 1, 

28,38,0.001, 0.00499315, 0.0233592, 0.0325699, 0.0448166, 0.0586415, 0.0791325, 0.0800316, 0.306446, 0.355396, 1, 

27,62,0.001, 0.00499315, 0.0233592, 0.0325699, 0.0448166, 0.0548285, 0.0586415, 0.0791325, 0.0800316, 0.922771, 1, 

30,31,0.00499315, 0.0233592, 0.0325699, 0.0325699, 0.0448166, 0.0548285, 0.0586415, 0.0791325, 0.114706, 0.128987, 0.268182, 0.850671, 0.85368, 1, 

Generation #40
29,35,0.001, 0.00499315, 0.0233592, 0.0325699, 0.0448166, 0.0586415, 0.0791325, 0.0800316, 0.306446, 0.355396, 1, 

28,38,0.001, 0.00499315, 0.0233592, 0.0325699, 0.0448166, 0.0586415, 0.0791325, 0.0800316, 0.306446, 0.355396, 1, 

27,62,0.001, 0.00499315, 0.0233592, 0.0325699, 0.0448166, 0.0548285, 0.0586415, 0.0791325, 0.0800316, 0.922771, 1, 

30,31,0.00499315, 0.0233592, 0.0325699, 0.0325699, 0.0448166, 0.0548285, 0.0586415, 0.0791325, 0.114706, 0.128987, 0.268182, 0.850671, 0.85368, 1, 

Generation #41
29,35,0.001, 0.00499315, 0.0233592, 0.0325699, 0.0448166, 0.0586415, 0.0791325, 0.0800316, 0.306446, 0.355396, 1, 

28,38,0.001, 0.00499315, 0.0233592, 0.0325699, 0.0448166, 0.0586415, 0.0791325, 0.0800316, 0.306446, 0.355396, 1, 

27,62,0.001, 0.00499315, 0.0233592, 0.0325699, 0.0448166, 0.0548285, 0.0586415, 0.0791325, 0.0800316, 0.922771, 1, 

30,31,0.00499315, 0.0233592, 0.0325699, 0.0325699, 0.0448166, 0.0548285, 0.0586415, 0.0791325, 0.114706, 0.128987, 0.268182, 0.850671, 0.85368, 1, 

47,29,0.001, 0.00499315, 0.0233592, 0.0325699, 0.0448166, 0.0548285, 0.0791325, 0.0800316, 0.114706, 0.128987, 0.268182, 0.279351, 0.286823, 0.330201, 0.354503, 0.427495, 0.437472, 0.453599, 0.567097, 0.601367, 0.633852, 0.656811, 0.730879, 0.744614, 0.791792, 0.811078, 0.859425, 1, 

Generation #42
29,35,0.001, 0.00499315, 0.0233592, 0.0325699, 0.0448166, 0.0586415, 0.0791325, 0.0800316, 0.306446, 0.355396, 1, 

28,38,0.001, 0.00499315, 0.0233592, 0.0325699, 0.0448166, 0.0586415, 0.0791325, 0.0800316, 0.306446, 0.355396, 1, 

27,62,0.001, 0.00499315, 0.0233592, 0.0325699, 0.0448166, 0.0548285, 0.0586415, 0.0791325, 0.0800316, 0.922771, 1, 

30,31,0.00499315, 0.0233592, 0.0325699, 0.0325699, 0.0448166, 0.0548285, 0.0586415, 0.0791325, 0.114706, 0.128987, 0.268182, 0.850671, 0.85368, 1, 

47,29,0.001, 0.00499315, 0.0233592, 0.0325699, 0.0448166, 0.0548285, 0.0791325, 0.0800316, 0.114706, 0.128987, 0.268182, 0.279351, 0.286823, 0.330201, 0.354503, 0.427495, 0.437472, 0.453599, 0.567097, 0.601367, 0.633852, 0.656811, 0.730879, 0.744614, 0.791792, 0.811078, 0.859425, 1, 

Generation #43
29,35,0.001, 0.00499315, 0.0233592, 0.0325699, 0.0448166, 0.0586415, 0.0791325, 0.0800316, 0.306446, 0.355396, 1, 

28,38,0.001, 0.00499315, 0.0233592, 0.0325699, 0.0448166, 0.0586415, 0.0791325, 0.0800316, 0.306446, 0.355396, 1, 

27,62,0.001, 0.00499315, 0.0233592, 0.0325699, 0.0448166, 0.0548285, 0.0586415, 0.0791325, 0.0800316, 0.922771, 1, 

30,31,0.00499315, 0.0233592, 0.0325699, 0.0325699, 0.0448166, 0.0548285, 0.0586415, 0.0791325, 0.114706, 0.128987, 0.268182, 0.850671, 0.85368, 1, 

47,29,0.001, 0.00499315, 0.0233592, 0.0325699, 0.0448166, 0.0548285, 0.0791325, 0.0800316, 0.114706, 0.128987, 0.268182, 0.279351, 0.286823, 0.330201, 0.354503, 0.427495, 0.437472, 0.453599, 0.567097, 0.601367, 0.633852, 0.656811, 0.730879, 0.744614, 0.791792, 0.811078, 0.859425, 1, 

Generation #44
29,35,0.001, 0.00499315, 0.0233592, 0.0325699, 0.0448166, 0.0586415, 0.0791325, 0.0800316, 0.306446, 0.355396, 1, 

28,38,0.001, 0.00499315, 0.0233592, 0.0325699, 0.0448166, 0.0586415, 0.0791325, 0.0800316, 0.306446, 0.355396, 1, 

27,62,0.001, 0.00499315, 0.0233592, 0.0325699, 0.0448166, 0.0548285, 0.0586415, 0.0791325, 0.0800316, 0.922771, 1, 

47,29,0.001, 0.00499315, 0.0233592, 0.0325699, 0.0448166, 0.0548285, 0.0791325, 0.0800316, 0.114706, 0.128987, 0.268182, 0.279351, 0.286823, 0.330201, 0.354503, 0.427495, 0.437472, 0.453599, 0.567097, 0.601367, 0.633852, 0.656811, 0.730879, 0.744614, 0.791792, 0.811078, 0.859425, 1, 

30,30,0.001, 0.00499315, 0.0233592, 0.0325699, 0.0448166, 0.0548285, 0.0586415, 0.0791325, 0.0800316, 0.114706, 0.268182, 0.850671, 0.85368, 1, 

Generation #45
29,35,0.001, 0.00499315, 0.0233592, 0.0325699, 0.0448166, 0.0586415, 0.0791325, 0.0800316, 0.306446, 0.355396, 1, 

28,38,0.001, 0.00499315, 0.0233592, 0.0325699, 0.0448166, 0.0586415, 0.0791325, 0.0800316, 0.306446, 0.355396, 1, 

27,62,0.001, 0.00499315, 0.0233592, 0.0325699, 0.0448166, 0.0548285, 0.0586415, 0.0791325, 0.0800316, 0.922771, 1, 

47,29,0.001, 0.00499315, 0.0233592, 0.0325699, 0.0448166, 0.0548285, 0.0791325, 0.0800316, 0.114706, 0.128987, 0.268182, 0.279351, 0.286823, 0.330201, 0.354503, 0.427495, 0.437472, 0.453599, 0.567097, 0.601367, 0.633852, 0.656811, 0.730879, 0.744614, 0.791792, 0.811078, 0.859425, 1, 

30,30,0.001, 0.00499315, 0.0233592, 0.0325699, 0.0448166, 0.0548285, 0.0586415, 0.0791325, 0.0800316, 0.114706, 0.268182, 0.850671, 0.85368, 1, 

Generation #46
29,35,0.001, 0.00499315, 0.0233592, 0.0325699, 0.0448166, 0.0586415, 0.0791325, 0.0800316, 0.306446, 0.355396, 1, 

28,38,0.001, 0.00499315, 0.0233592, 0.0325699, 0.0448166, 0.0586415, 0.0791325, 0.0800316, 0.306446, 0.355396, 1, 

27,62,0.001, 0.00499315, 0.0233592, 0.0325699, 0.0448166, 0.0548285, 0.0586415, 0.0791325, 0.0800316, 0.922771, 1, 

47,29,0.001, 0.00499315, 0.0233592, 0.0325699, 0.0448166, 0.0548285, 0.0791325, 0.0800316, 0.114706, 0.128987, 0.268182, 0.279351, 0.286823, 0.330201, 0.354503, 0.427495, 0.437472, 0.453599, 0.567097, 0.601367, 0.633852, 0.656811, 0.730879, 0.744614, 0.791792, 0.811078, 0.859425, 1, 

30,30,0.001, 0.00499315, 0.0233592, 0.0325699, 0.0448166, 0.0548285, 0.0586415, 0.0791325, 0.0800316, 0.114706, 0.268182, 0.850671, 0.85368, 1, 

Generation #47
29,35,0.001, 0.00499315, 0.0233592, 0.0325699, 0.0448166, 0.0586415, 0.0791325, 0.0800316, 0.306446, 0.355396, 1, 

28,38,0.001, 0.00499315, 0.0233592, 0.0325699, 0.0448166, 0.0586415, 0.0791325, 0.0800316, 0.306446, 0.355396, 1, 

27,62,0.001, 0.00499315, 0.0233592, 0.0325699, 0.0448166, 0.0548285, 0.0586415, 0.0791325, 0.0800316, 0.922771, 1, 

47,29,0.001, 0.00499315, 0.0233592, 0.0325699, 0.0448166, 0.0548285, 0.0791325, 0.0800316, 0.114706, 0.128987, 0.268182, 0.279351, 0.286823, 0.330201, 0.354503, 0.427495, 0.437472, 0.453599, 0.567097, 0.601367, 0.633852, 0.656811, 0.730879, 0.744614, 0.791792, 0.811078, 0.859425, 1, 

30,30,0.001, 0.00499315, 0.0233592, 0.0325699, 0.0448166, 0.0548285, 0.0586415, 0.0791325, 0.0800316, 0.114706, 0.268182, 0.850671, 0.85368, 1, 

26,70,0.00499315, 0.0233592, 0.0233592, 0.0325699, 0.0448166, 0.0586415, 0.0791325, 0.0800316, 0.355396, 1, 

Generation #48
29,35,0.001, 0.00499315, 0.0233592, 0.0325699, 0.0448166, 0.0586415, 0.0791325, 0.0800316, 0.306446, 0.355396, 1, 

28,38,0.001, 0.00499315, 0.0233592, 0.0325699, 0.0448166, 0.0586415, 0.0791325, 0.0800316, 0.306446, 0.355396, 1, 

27,62,0.001, 0.00499315, 0.0233592, 0.0325699, 0.0448166, 0.0548285, 0.0586415, 0.0791325, 0.0800316, 0.922771, 1, 

47,29,0.001, 0.00499315, 0.0233592, 0.0325699, 0.0448166, 0.0548285, 0.0791325, 0.0800316, 0.114706, 0.128987, 0.268182, 0.279351, 0.286823, 0.330201, 0.354503, 0.427495, 0.437472, 0.453599, 0.567097, 0.601367, 0.633852, 0.656811, 0.730879, 0.744614, 0.791792, 0.811078, 0.859425, 1, 

30,30,0.001, 0.00499315, 0.0233592, 0.0325699, 0.0448166, 0.0548285, 0.0586415, 0.0791325, 0.0800316, 0.114706, 0.268182, 0.850671, 0.85368, 1, 

26,70,0.00499315, 0.0233592, 0.0233592, 0.0325699, 0.0448166, 0.0586415, 0.0791325, 0.0800316, 0.355396, 1, 

Generation #49
29,35,0.001, 0.00499315, 0.0233592, 0.0325699, 0.0448166, 0.0586415, 0.0791325, 0.0800316, 0.306446, 0.355396, 1, 

28,38,0.001, 0.00499315, 0.0233592, 0.0325699, 0.0448166, 0.0586415, 0.0791325, 0.0800316, 0.306446, 0.355396, 1, 

47,29,0.001, 0.00499315, 0.0233592, 0.0325699, 0.0448166, 0.0548285, 0.0791325, 0.0800316, 0.114706, 0.128987, 0.268182, 0.279351, 0.286823, 0.330201, 0.354503, 0.427495, 0.437472, 0.453599, 0.567097, 0.601367, 0.633852, 0.656811, 0.730879, 0.744614, 0.791792, 0.811078, 0.859425, 1, 

30,30,0.001, 0.00499315, 0.0233592, 0.0325699, 0.0448166, 0.0548285, 0.0586415, 0.0791325, 0.0800316, 0.114706, 0.268182, 0.850671, 0.85368, 1, 

26,70,0.00499315, 0.0233592, 0.0233592, 0.0325699, 0.0448166, 0.0586415, 0.0791325, 0.0800316, 0.355396, 1, 

27,53,0.00499315, 0.0233592, 0.0233592, 0.0325699, 0.0448166, 0.0548285, 0.0586415, 0.0791325, 0.306446, 0.355396, 1, 

--- Pareto Front Solutions ---
Solution 0: N total=61 (N_initial=32, N_added=29), Time total=47 ms, Saved to: ./results/Bugzilla_t2_l2_pareto_0.csv, percents=0.001, 0.00499315, 0.0233592, 0.0325699, 0.0448166, 0.0586415, 0.0791325, 0.0800316, 0.306446, 0.355396, 1, 

Solution 1: N total=60 (N_initial=32, N_added=28), Time total=50 ms, Saved to: ./results/Bugzilla_t2_l2_pareto_1.csv, percents=0.001, 0.00499315, 0.0233592, 0.0325699, 0.0448166, 0.0586415, 0.0791325, 0.0800316, 0.306446, 0.355396, 1, 

Solution 2: N total=79 (N_initial=32, N_added=47), Time total=41 ms, Saved to: ./results/Bugzilla_t2_l2_pareto_2.csv, percents=0.001, 0.00499315, 0.0233592, 0.0325699, 0.0448166, 0.0548285, 0.0791325, 0.0800316, 0.114706, 0.128987, 0.268182, 0.279351, 0.286823, 0.330201, 0.354503, 0.427495, 0.437472, 0.453599, 0.567097, 0.601367, 0.633852, 0.656811, 0.730879, 0.744614, 0.791792, 0.811078, 0.859425, 1, 

Solution 3: N total=62 (N_initial=32, N_added=30), Time total=42 ms, Saved to: ./results/Bugzilla_t2_l2_pareto_3.csv, percents=0.001, 0.00499315, 0.0233592, 0.0325699, 0.0448166, 0.0548285, 0.0586415, 0.0791325, 0.0800316, 0.114706, 0.268182, 0.850671, 0.85368, 1, 

Solution 4: N total=58 (N_initial=32, N_added=26), Time total=82 ms, Saved to: ./results/Bugzilla_t2_l2_pareto_4.csv, percents=0.00499315, 0.0233592, 0.0233592, 0.0325699, 0.0448166, 0.0586415, 0.0791325, 0.0800316, 0.355396, 1, 

Solution 5: N total=59 (N_initial=32, N_added=27), Time total=65 ms, Saved to: ./results/Bugzilla_t2_l2_pareto_5.csv, percents=0.00499315, 0.0233592, 0.0233592, 0.0325699, 0.0448166, 0.0548285, 0.0586415, 0.0791325, 0.306446, 0.355396, 1, 

------------d=1, t=2, lambda=3, filename=./evaluation/Bugzilla/Bugzilla_2_3.csv------------
Computing partitioned counts of d-sets...
Ready to look at pairs based on partitioned counts...
First Stage N=48, Time=13
There are 196 remaining non-locating pairs
--- Running GA Algorithm (phase2) ---
Running GA with std::execution::par
Generation #0
29,97,0.001, 0.126554, 0.209798, 0.242304, 0.271682, 0.313, 0.431678, 0.447361, 0.820051, 0.885693, 1, 

31,32,0.001, 0.0385458, 0.0581431, 0.0752554, 0.164758, 0.210374, 0.234074, 0.311034, 0.396019, 0.638079, 0.676464, 0.685673, 0.863227, 0.918494, 1, 

27,107,0.001, 0.0276277, 0.143624, 0.160913, 0.321791, 0.340666, 0.453961, 0.507254, 0.674934, 0.768309, 0.862044, 0.897234, 0.919191, 1, 

25,245,0.001, 0.410218, 0.455924, 0.517502, 0.522237, 0.595526, 0.610285, 0.653863, 0.921686, 0.966117, 0.996154, 1, 

45,27,0.001, 0.0220799, 0.0310764, 0.0548789, 0.102787, 0.105081, 0.138187, 0.179469, 0.180491, 0.185262, 0.238965, 0.277153, 0.346256, 0.370005, 0.439129, 0.452653, 0.487188, 0.506725, 0.531347, 0.562027, 0.611875, 0.739112, 0.761213, 0.810218, 0.871233, 0.94127, 0.984235, 0.999008, 1, 

Generation #1
31,28,0.001, 0.0469265, 0.0515935, 0.0859302, 0.0860561, 0.0895062, 0.129459, 0.702703, 0.855275, 0.934108, 0.971319, 1, 

24,65,0.001, 0.0117712, 0.0164295, 0.110116, 0.145773, 0.291716, 0.302176, 0.533598, 0.698827, 0.791142, 0.85484, 1, 

40,21,0.001, 0.0385458, 0.0581431, 0.0752554, 0.164758, 0.210374, 0.234074, 0.311034, 0.396019, 0.638079, 0.676464, 0.685673, 0.614893, 0.637342, 0.659867, 0.661008, 0.723549, 0.769456, 0.803468, 0.824471, 0.825286, 0.870048, 0.891179, 0.913148, 0.975509, 1, 

Generation #2
31,28,0.001, 0.0469265, 0.0515935, 0.0859302, 0.0860561, 0.0895062, 0.129459, 0.702703, 0.855275, 0.934108, 0.971319, 1, 

24,65,0.001, 0.0117712, 0.0164295, 0.110116, 0.145773, 0.291716, 0.302176, 0.533598, 0.698827, 0.791142, 0.85484, 1, 

40,21,0.001, 0.0385458, 0.0581431, 0.0752554, 0.164758, 0.210374, 0.234074, 0.311034, 0.396019, 0.638079, 0.676464, 0.685673, 0.614893, 0.637342, 0.659867, 0.661008, 0.723549, 0.769456, 0.803468, 0.824471, 0.825286, 0.870048, 0.891179, 0.913148, 0.975509, 1, 

30,41,0.001, 0.0394292, 0.0753492, 0.113123, 0.201271, 0.211334, 0.284947, 0.294162, 0.34511, 0.87012, 1, 

Generation #3
24,65,0.001, 0.0117712, 0.0164295, 0.110116, 0.145773, 0.291716, 0.302176, 0.533598, 0.698827, 0.791142, 0.85484, 1, 

40,21,0.001, 0.0385458, 0.0581431, 0.0752554, 0.164758, 0.210374, 0.234074, 0.311034, 0.396019, 0.638079, 0.676464, 0.685673, 0.614893, 0.637342, 0.659867, 0.661008, 0.723549, 0.769456, 0.803468, 0.824471, 0.825286, 0.870048, 0.891179, 0.913148, 0.975509, 1, 

30,28,0.001, 0.0220799, 0.0310764, 0.0548789, 0.102787, 0.105081, 0.138187, 0.180491, 0.185262, 0.676464, 0.685673, 0.863227, 0.918494, 1, 

28,37,0.001, 0.0469265, 0.0515935, 0.0859302, 0.0860561, 0.0895062, 0.129459, 0.702703, 0.855275, 0.934108, 0.971319, 1, 

Generation #4
24,65,0.001, 0.0117712, 0.0164295, 0.110116, 0.145773, 0.291716, 0.302176, 0.533598, 0.698827, 0.791142, 0.85484, 1, 

40,21,0.001, 0.0385458, 0.0581431, 0.0752554, 0.164758, 0.210374, 0.234074, 0.311034, 0.396019, 0.638079, 0.676464, 0.685673, 0.614893, 0.637342, 0.659867, 0.661008, 0.723549, 0.769456, 0.803468, 0.824471, 0.825286, 0.870048, 0.891179, 0.913148, 0.975509, 1, 

28,26,0.001, 0.0293773, 0.0569952, 0.0672747, 0.0860561, 0.0895062, 0.129459, 0.590585, 0.692127, 0.713726, 0.918423, 0.992287, 1, 

Generation #5
40,21,0.001, 0.0385458, 0.0581431, 0.0752554, 0.164758, 0.210374, 0.234074, 0.311034, 0.396019, 0.638079, 0.676464, 0.685673, 0.614893, 0.637342, 0.659867, 0.661008, 0.723549, 0.769456, 0.803468, 0.824471, 0.825286, 0.870048, 0.891179, 0.913148, 0.975509, 1, 

28,26,0.001, 0.0293773, 0.0569952, 0.0672747, 0.0860561, 0.0895062, 0.129459, 0.590585, 0.692127, 0.713726, 0.918423, 0.992287, 1, 

25,35,0.001, 0.0469265, 0.0515935, 0.0859302, 0.0860561, 0.0895062, 0.129459, 0.702703, 0.855275, 0.934108, 0.971319, 1, 

24,46,0.001, 0.0276277, 0.143624, 0.110116, 0.291716, 0.302176, 0.294162, 0.34511, 0.87012, 1, 

Generation #6
28,26,0.001, 0.0293773, 0.0569952, 0.0672747, 0.0860561, 0.0895062, 0.129459, 0.590585, 0.692127, 0.713726, 0.918423, 0.992287, 1, 

23,29,0.001, 0.0394292, 0.0753492, 0.113123, 0.201271, 0.313, 0.431678, 0.447361, 0.820051, 0.885693, 1, 

37,16,0.001, 0.0293773, 0.0569952, 0.0672747, 0.0860561, 0.0895062, 0.129459, 0.167735, 0.198727, 0.209553, 0.209832, 0.363595, 0.36485, 0.386356, 0.393563, 0.407483, 0.417783, 0.854476, 0.870225, 0.911316, 0.934294, 0.949807, 0.986848, 1, 

Generation #7
23,29,0.001, 0.0394292, 0.0753492, 0.113123, 0.201271, 0.313, 0.431678, 0.447361, 0.820051, 0.885693, 1, 

37,16,0.001, 0.0293773, 0.0569952, 0.0672747, 0.0860561, 0.0895062, 0.129459, 0.167735, 0.198727, 0.209553, 0.209832, 0.363595, 0.36485, 0.386356, 0.393563, 0.407483, 0.417783, 0.854476, 0.870225, 0.911316, 0.934294, 0.949807, 0.986848, 1, 

29,23,0.001, 0.0220799, 0.0310764, 0.0859302, 0.0860561, 0.0895062, 0.702703, 0.285668, 0.323944, 0.38745, 0.862044, 0.897234, 0.919191, 1, 

25,26,0.001, 0.0220799, 0.0310764, 0.0548789, 0.102787, 0.105081, 0.138187, 0.179469, 0.814149, 1, 

Generation #8
23,29,0.001, 0.0394292, 0.0753492, 0.113123, 0.201271, 0.313, 0.431678, 0.447361, 0.820051, 0.885693, 1, 

37,16,0.001, 0.0293773, 0.0569952, 0.0672747, 0.0860561, 0.0895062, 0.129459, 0.167735, 0.198727, 0.209553, 0.209832, 0.363595, 0.36485, 0.386356, 0.393563, 0.407483, 0.417783, 0.854476, 0.870225, 0.911316, 0.934294, 0.949807, 0.986848, 1, 

25,26,0.001, 0.0220799, 0.0310764, 0.0548789, 0.102787, 0.105081, 0.138187, 0.179469, 0.814149, 1, 

27,23,0.001, 0.0293773, 0.0569952, 0.0672747, 0.0860561, 0.0895062, 0.129459, 0.167735, 0.198727, 0.209553, 0.209832, 0.992287, 1, 

30,22,0.001, 0.0293773, 0.0569952, 0.0672747, 0.0860561, 0.0895062, 0.129459, 0.590585, 0.795952, 0.483269, 0.80454, 0.981948, 1, 

Generation #9
23,29,0.001, 0.0394292, 0.0753492, 0.113123, 0.201271, 0.313, 0.431678, 0.447361, 0.820051, 0.885693, 1, 

37,16,0.001, 0.0293773, 0.0569952, 0.0672747, 0.0860561, 0.0895062, 0.129459, 0.167735, 0.198727, 0.209553, 0.209832, 0.363595, 0.36485, 0.386356, 0.393563, 0.407483, 0.417783, 0.854476, 0.870225, 0.911316, 0.934294, 0.949807, 0.986848, 1, 

25,26,0.001, 0.0220799, 0.0310764, 0.0548789, 0.102787, 0.105081, 0.138187, 0.179469, 0.814149, 1, 

27,20,0.001, 0.0293773, 0.0569952, 0.0672747, 0.0860561, 0.0895062, 0.129459, 0.590585, 0.795952, 0.483269, 0.80454, 0.981948, 1, 

Generation #10
23,29,0.001, 0.0394292, 0.0753492, 0.113123, 0.201271, 0.313, 0.431678, 0.447361, 0.820051, 0.885693, 1, 

37,16,0.001, 0.0293773, 0.0569952, 0.0672747, 0.0860561, 0.0895062, 0.129459, 0.167735, 0.198727, 0.209553, 0.209832, 0.363595, 0.36485, 0.386356, 0.393563, 0.407483, 0.417783, 0.854476, 0.870225, 0.911316, 0.934294, 0.949807, 0.986848, 1, 

25,26,0.001, 0.0220799, 0.0310764, 0.0548789, 0.102787, 0.105081, 0.138187, 0.179469, 0.814149, 1, 

26,20,0.001, 0.0220799, 0.0310764, 0.0548789, 0.0860561, 0.0895062, 0.157817, 0.202259, 0.2052, 0.885693, 1, 

Generation #11
23,29,0.001, 0.0394292, 0.0753492, 0.113123, 0.201271, 0.313, 0.431678, 0.447361, 0.820051, 0.885693, 1, 

37,16,0.001, 0.0293773, 0.0569952, 0.0672747, 0.0860561, 0.0895062, 0.129459, 0.167735, 0.198727, 0.209553, 0.209832, 0.363595, 0.36485, 0.386356, 0.393563, 0.407483, 0.417783, 0.854476, 0.870225, 0.911316, 0.934294, 0.949807, 0.986848, 1, 

25,26,0.001, 0.0220799, 0.0310764, 0.0548789, 0.102787, 0.105081, 0.138187, 0.179469, 0.814149, 1, 

26,20,0.001, 0.0220799, 0.0310764, 0.0548789, 0.0860561, 0.0895062, 0.157817, 0.202259, 0.2052, 0.885693, 1, 

Generation #12
23,29,0.001, 0.0394292, 0.0753492, 0.113123, 0.201271, 0.313, 0.431678, 0.447361, 0.820051, 0.885693, 1, 

37,16,0.001, 0.0293773, 0.0569952, 0.0672747, 0.0860561, 0.0895062, 0.129459, 0.167735, 0.198727, 0.209553, 0.209832, 0.363595, 0.36485, 0.386356, 0.393563, 0.407483, 0.417783, 0.854476, 0.870225, 0.911316, 0.934294, 0.949807, 0.986848, 1, 

25,26,0.001, 0.0220799, 0.0310764, 0.0548789, 0.102787, 0.105081, 0.138187, 0.179469, 0.814149, 1, 

26,20,0.001, 0.0220799, 0.0310764, 0.0548789, 0.0860561, 0.0895062, 0.157817, 0.202259, 0.2052, 0.885693, 1, 

Generation #13
23,29,0.001, 0.0394292, 0.0753492, 0.113123, 0.201271, 0.313, 0.431678, 0.447361, 0.820051, 0.885693, 1, 

37,16,0.001, 0.0293773, 0.0569952, 0.0672747, 0.0860561, 0.0895062, 0.129459, 0.167735, 0.198727, 0.209553, 0.209832, 0.363595, 0.36485, 0.386356, 0.393563, 0.407483, 0.417783, 0.854476, 0.870225, 0.911316, 0.934294, 0.949807, 0.986848, 1, 

25,26,0.001, 0.0220799, 0.0310764, 0.0548789, 0.102787, 0.105081, 0.138187, 0.179469, 0.814149, 1, 

26,20,0.001, 0.0220799, 0.0310764, 0.0548789, 0.0860561, 0.0895062, 0.157817, 0.202259, 0.2052, 0.885693, 1, 

Generation #14
23,29,0.001, 0.0394292, 0.0753492, 0.113123, 0.201271, 0.313, 0.431678, 0.447361, 0.820051, 0.885693, 1, 

37,16,0.001, 0.0293773, 0.0569952, 0.0672747, 0.0860561, 0.0895062, 0.129459, 0.167735, 0.198727, 0.209553, 0.209832, 0.363595, 0.36485, 0.386356, 0.393563, 0.407483, 0.417783, 0.854476, 0.870225, 0.911316, 0.934294, 0.949807, 0.986848, 1, 

25,26,0.001, 0.0220799, 0.0310764, 0.0548789, 0.102787, 0.105081, 0.138187, 0.179469, 0.814149, 1, 

26,20,0.001, 0.0220799, 0.0310764, 0.0548789, 0.0860561, 0.0895062, 0.157817, 0.202259, 0.2052, 0.885693, 1, 

Generation #15
23,29,0.001, 0.0394292, 0.0753492, 0.113123, 0.201271, 0.313, 0.431678, 0.447361, 0.820051, 0.885693, 1, 

37,16,0.001, 0.0293773, 0.0569952, 0.0672747, 0.0860561, 0.0895062, 0.129459, 0.167735, 0.198727, 0.209553, 0.209832, 0.363595, 0.36485, 0.386356, 0.393563, 0.407483, 0.417783, 0.854476, 0.870225, 0.911316, 0.934294, 0.949807, 0.986848, 1, 

26,20,0.001, 0.0220799, 0.0310764, 0.0548789, 0.0860561, 0.0895062, 0.157817, 0.202259, 0.2052, 0.885693, 1, 

25,22,0.001, 0.0293773, 0.0569952, 0.0672747, 0.0860561, 0.0895062, 0.431678, 0.447361, 0.820051, 1, 

24,27,0.001, 0.0293773, 0.0569952, 0.0672747, 0.0860561, 0.0895062, 0.157817, 0.202259, 0.885693, 1, 

Generation #16
23,29,0.001, 0.0394292, 0.0753492, 0.113123, 0.201271, 0.313, 0.431678, 0.447361, 0.820051, 0.885693, 1, 

37,16,0.001, 0.0293773, 0.0569952, 0.0672747, 0.0860561, 0.0895062, 0.129459, 0.167735, 0.198727, 0.209553, 0.209832, 0.363595, 0.36485, 0.386356, 0.393563, 0.407483, 0.417783, 0.854476, 0.870225, 0.911316, 0.934294, 0.949807, 0.986848, 1, 

26,20,0.001, 0.0220799, 0.0310764, 0.0548789, 0.0860561, 0.0895062, 0.157817, 0.202259, 0.2052, 0.885693, 1, 

24,22,0.001, 0.0293773, 0.0569952, 0.0672747, 0.0860561, 0.105081, 0.138187, 0.179469, 0.814149, 1, 

Generation #17
23,29,0.001, 0.0394292, 0.0753492, 0.113123, 0.201271, 0.313, 0.431678, 0.447361, 0.820051, 0.885693, 1, 

37,16,0.001, 0.0293773, 0.0569952, 0.0672747, 0.0860561, 0.0895062, 0.129459, 0.167735, 0.198727, 0.209553, 0.209832, 0.363595, 0.36485, 0.386356, 0.393563, 0.407483, 0.417783, 0.854476, 0.870225, 0.911316, 0.934294, 0.949807, 0.986848, 1, 

26,20,0.001, 0.0220799, 0.0310764, 0.0548789, 0.0860561, 0.0895062, 0.157817, 0.202259, 0.2052, 0.885693, 1, 

24,22,0.001, 0.0293773, 0.0569952, 0.0672747, 0.0860561, 0.105081, 0.138187, 0.179469, 0.814149, 1, 

29,18,0.001, 0.0220799, 0.0310764, 0.0548789, 0.0668327, 0.0860561, 0.0895062, 0.129459, 0.167735, 0.820051, 0.885693, 1, 

22,36,0.001, 0.0276277, 0.143624, 0.110116, 0.291716, 0.302176, 0.294162, 0.34511, 0.87012, 1, 

Generation #18
23,29,0.001, 0.0394292, 0.0753492, 0.113123, 0.201271, 0.313, 0.431678, 0.447361, 0.820051, 0.885693, 1, 

37,16,0.001, 0.0293773, 0.0569952, 0.0672747, 0.0860561, 0.0895062, 0.129459, 0.167735, 0.198727, 0.209553, 0.209832, 0.363595, 0.36485, 0.386356, 0.393563, 0.407483, 0.417783, 0.854476, 0.870225, 0.911316, 0.934294, 0.949807, 0.986848, 1, 

26,20,0.001, 0.0220799, 0.0310764, 0.0548789, 0.0860561, 0.0895062, 0.157817, 0.202259, 0.2052, 0.885693, 1, 

24,22,0.001, 0.0293773, 0.0569952, 0.0672747, 0.0860561, 0.105081, 0.138187, 0.179469, 0.814149, 1, 

29,18,0.001, 0.0220799, 0.0310764, 0.0548789, 0.0668327, 0.0860561, 0.0895062, 0.129459, 0.167735, 0.820051, 0.885693, 1, 

22,36,0.001, 0.0276277, 0.143624, 0.110116, 0.291716, 0.302176, 0.294162, 0.34511, 0.87012, 1, 

Generation #19
23,29,0.001, 0.0394292, 0.0753492, 0.113123, 0.201271, 0.313, 0.431678, 0.447361, 0.820051, 0.885693, 1, 

37,16,0.001, 0.0293773, 0.0569952, 0.0672747, 0.0860561, 0.0895062, 0.129459, 0.167735, 0.198727, 0.209553, 0.209832, 0.363595, 0.36485, 0.386356, 0.393563, 0.407483, 0.417783, 0.854476, 0.870225, 0.911316, 0.934294, 0.949807, 0.986848, 1, 

26,20,0.001, 0.0220799, 0.0310764, 0.0548789, 0.0860561, 0.0895062, 0.157817, 0.202259, 0.2052, 0.885693, 1, 

24,22,0.001, 0.0293773, 0.0569952, 0.0672747, 0.0860561, 0.105081, 0.138187, 0.179469, 0.814149, 1, 

29,18,0.001, 0.0220799, 0.0310764, 0.0548789, 0.0668327, 0.0860561, 0.0895062, 0.129459, 0.167735, 0.820051, 0.885693, 1, 

22,36,0.001, 0.0276277, 0.143624, 0.110116, 0.291716, 0.302176, 0.294162, 0.34511, 0.87012, 1, 

Generation #20
22,36,0.001, 0.0276277, 0.143624, 0.110116, 0.291716, 0.302176, 0.294162, 0.34511, 0.87012, 1, 

24,15,0.001, 0.0220799, 0.0310764, 0.0548789, 0.0860561, 0.0895062, 0.129459, 0.167735, 0.198727, 1, 

23,26,0.001, 0.0293773, 0.0569952, 0.0672747, 0.0860561, 0.0895062, 0.431678, 0.447361, 0.820051, 0.885693, 1, 

Generation #21
22,36,0.001, 0.0276277, 0.143624, 0.110116, 0.291716, 0.302176, 0.294162, 0.34511, 0.87012, 1, 

24,15,0.001, 0.0220799, 0.0310764, 0.0548789, 0.0860561, 0.0895062, 0.129459, 0.167735, 0.198727, 1, 

23,26,0.001, 0.0293773, 0.0569952, 0.0672747, 0.0860561, 0.0895062, 0.431678, 0.447361, 0.820051, 0.885693, 1, 

Generation #22
22,36,0.001, 0.0276277, 0.143624, 0.110116, 0.291716, 0.302176, 0.294162, 0.34511, 0.87012, 1, 

24,15,0.001, 0.0220799, 0.0310764, 0.0548789, 0.0860561, 0.0895062, 0.129459, 0.167735, 0.198727, 1, 

23,26,0.001, 0.0293773, 0.0569952, 0.0672747, 0.0860561, 0.0895062, 0.431678, 0.447361, 0.820051, 0.885693, 1, 

Generation #23
22,36,0.001, 0.0276277, 0.143624, 0.110116, 0.291716, 0.302176, 0.294162, 0.34511, 0.87012, 1, 

24,15,0.001, 0.0220799, 0.0310764, 0.0548789, 0.0860561, 0.0895062, 0.129459, 0.167735, 0.198727, 1, 

23,26,0.001, 0.0293773, 0.0569952, 0.0672747, 0.0860561, 0.0895062, 0.431678, 0.447361, 0.820051, 0.885693, 1, 

28,12,0.001, 0.0220799, 0.0310764, 0.0548789, 0.0668327, 0.0895062, 0.129459, 0.167735, 0.254437, 0.209553, 0.918423, 0.992287, 1, 

Generation #24
22,36,0.001, 0.0276277, 0.143624, 0.110116, 0.291716, 0.302176, 0.294162, 0.34511, 0.87012, 1, 

24,15,0.001, 0.0220799, 0.0310764, 0.0548789, 0.0860561, 0.0895062, 0.129459, 0.167735, 0.198727, 1, 

23,26,0.001, 0.0293773, 0.0569952, 0.0672747, 0.0860561, 0.0895062, 0.431678, 0.447361, 0.820051, 0.885693, 1, 

28,12,0.001, 0.0220799, 0.0310764, 0.0548789, 0.0668327, 0.0895062, 0.129459, 0.167735, 0.254437, 0.209553, 0.918423, 0.992287, 1, 

Generation #25
22,36,0.001, 0.0276277, 0.143624, 0.110116, 0.291716, 0.302176, 0.294162, 0.34511, 0.87012, 1, 

24,15,0.001, 0.0220799, 0.0310764, 0.0548789, 0.0860561, 0.0895062, 0.129459, 0.167735, 0.198727, 1, 

23,26,0.001, 0.0293773, 0.0569952, 0.0672747, 0.0860561, 0.0895062, 0.431678, 0.447361, 0.820051, 0.885693, 1, 

28,12,0.001, 0.0220799, 0.0310764, 0.0548789, 0.0668327, 0.0895062, 0.129459, 0.167735, 0.254437, 0.209553, 0.918423, 0.992287, 1, 

Generation #26
22,36,0.001, 0.0276277, 0.143624, 0.110116, 0.291716, 0.302176, 0.294162, 0.34511, 0.87012, 1, 

24,15,0.001, 0.0220799, 0.0310764, 0.0548789, 0.0860561, 0.0895062, 0.129459, 0.167735, 0.198727, 1, 

28,12,0.001, 0.0220799, 0.0310764, 0.0548789, 0.0668327, 0.0895062, 0.129459, 0.167735, 0.254437, 0.209553, 0.918423, 0.992287, 1, 

23,25,0.001, 0.0293773, 0.0310764, 0.0548789, 0.102787, 0.105081, 0.298742, 0.820051, 0.885693, 1, 

Generation #27
22,36,0.001, 0.0276277, 0.143624, 0.110116, 0.291716, 0.302176, 0.294162, 0.34511, 0.87012, 1, 

24,15,0.001, 0.0220799, 0.0310764, 0.0548789, 0.0860561, 0.0895062, 0.129459, 0.167735, 0.198727, 1, 

28,12,0.001, 0.0220799, 0.0310764, 0.0548789, 0.0668327, 0.0895062, 0.129459, 0.167735, 0.254437, 0.209553, 0.918423, 0.992287, 1, 

23,25,0.001, 0.0293773, 0.0310764, 0.0548789, 0.102787, 0.105081, 0.298742, 0.820051, 0.885693, 1, 

Generation #28
22,36,0.001, 0.0276277, 0.143624, 0.110116, 0.291716, 0.302176, 0.294162, 0.34511, 0.87012, 1, 

24,15,0.001, 0.0220799, 0.0310764, 0.0548789, 0.0860561, 0.0895062, 0.129459, 0.167735, 0.198727, 1, 

28,12,0.001, 0.0220799, 0.0310764, 0.0548789, 0.0668327, 0.0895062, 0.129459, 0.167735, 0.254437, 0.209553, 0.918423, 0.992287, 1, 

23,25,0.001, 0.0293773, 0.0310764, 0.0548789, 0.102787, 0.105081, 0.298742, 0.820051, 0.885693, 1, 

Generation #29
24,15,0.001, 0.0220799, 0.0310764, 0.0548789, 0.0860561, 0.0895062, 0.129459, 0.167735, 0.198727, 1, 

28,12,0.001, 0.0220799, 0.0310764, 0.0548789, 0.0668327, 0.0895062, 0.129459, 0.167735, 0.254437, 0.209553, 0.918423, 0.992287, 1, 

22,21,0.001, 0.0293773, 0.0569952, 0.0672747, 0.102787, 0.105081, 0.138187, 0.432256, 0.814149, 1, 

Generation #30
24,15,0.001, 0.0220799, 0.0310764, 0.0548789, 0.0860561, 0.0895062, 0.129459, 0.167735, 0.198727, 1, 

28,12,0.001, 0.0220799, 0.0310764, 0.0548789, 0.0668327, 0.0895062, 0.129459, 0.167735, 0.254437, 0.209553, 0.918423, 0.992287, 1, 

22,21,0.001, 0.0293773, 0.0569952, 0.0672747, 0.102787, 0.105081, 0.138187, 0.432256, 0.814149, 1, 

Generation #31
24,15,0.001, 0.0220799, 0.0310764, 0.0548789, 0.0860561, 0.0895062, 0.129459, 0.167735, 0.198727, 1, 

28,12,0.001, 0.0220799, 0.0310764, 0.0548789, 0.0668327, 0.0895062, 0.129459, 0.167735, 0.254437, 0.209553, 0.918423, 0.992287, 1, 

22,21,0.001, 0.0293773, 0.0569952, 0.0672747, 0.102787, 0.105081, 0.138187, 0.432256, 0.814149, 1, 

Generation #32
24,15,0.001, 0.0220799, 0.0310764, 0.0548789, 0.0860561, 0.0895062, 0.129459, 0.167735, 0.198727, 1, 

28,12,0.001, 0.0220799, 0.0310764, 0.0548789, 0.0668327, 0.0895062, 0.129459, 0.167735, 0.254437, 0.209553, 0.918423, 0.992287, 1, 

22,21,0.001, 0.0293773, 0.0569952, 0.0672747, 0.102787, 0.105081, 0.138187, 0.432256, 0.814149, 1, 

Generation #33
24,15,0.001, 0.0220799, 0.0310764, 0.0548789, 0.0860561, 0.0895062, 0.129459, 0.167735, 0.198727, 1, 

28,12,0.001, 0.0220799, 0.0310764, 0.0548789, 0.0668327, 0.0895062, 0.129459, 0.167735, 0.254437, 0.209553, 0.918423, 0.992287, 1, 

22,21,0.001, 0.0293773, 0.0569952, 0.0672747, 0.102787, 0.105081, 0.138187, 0.432256, 0.814149, 1, 

Generation #34
24,15,0.001, 0.0220799, 0.0310764, 0.0548789, 0.0860561, 0.0895062, 0.129459, 0.167735, 0.198727, 1, 

28,12,0.001, 0.0220799, 0.0310764, 0.0548789, 0.0668327, 0.0895062, 0.129459, 0.167735, 0.254437, 0.209553, 0.918423, 0.992287, 1, 

22,21,0.001, 0.0293773, 0.0569952, 0.0672747, 0.102787, 0.105081, 0.138187, 0.432256, 0.814149, 1, 

Generation #35
24,15,0.001, 0.0220799, 0.0310764, 0.0548789, 0.0860561, 0.0895062, 0.129459, 0.167735, 0.198727, 1, 

28,12,0.001, 0.0220799, 0.0310764, 0.0548789, 0.0668327, 0.0895062, 0.129459, 0.167735, 0.254437, 0.209553, 0.918423, 0.992287, 1, 

22,19,0.001, 0.0220799, 0.0310764, 0.0548789, 0.0668327, 0.0895062, 0.129459, 0.167735, 0.609794, 1, 

Generation #36
24,15,0.001, 0.0220799, 0.0310764, 0.0548789, 0.0860561, 0.0895062, 0.129459, 0.167735, 0.198727, 1, 

28,12,0.001, 0.0220799, 0.0310764, 0.0548789, 0.0668327, 0.0895062, 0.129459, 0.167735, 0.254437, 0.209553, 0.918423, 0.992287, 1, 

22,19,0.001, 0.0220799, 0.0310764, 0.0548789, 0.0668327, 0.0895062, 0.129459, 0.167735, 0.609794, 1, 

27,13,0.001, 0.0293773, 0.0569952, 0.0548789, 0.035733, 0.0860561, 0.0895062, 0.157817, 0.202259, 0.2052, 0.885693, 0.918423, 0.992287, 1, 

Generation #37
24,15,0.001, 0.0220799, 0.0310764, 0.0548789, 0.0860561, 0.0895062, 0.129459, 0.167735, 0.198727, 1, 

28,12,0.001, 0.0220799, 0.0310764, 0.0548789, 0.0668327, 0.0895062, 0.129459, 0.167735, 0.254437, 0.209553, 0.918423, 0.992287, 1, 

22,19,0.001, 0.0220799, 0.0310764, 0.0548789, 0.0668327, 0.0895062, 0.129459, 0.167735, 0.609794, 1, 

27,13,0.001, 0.0293773, 0.0569952, 0.0548789, 0.035733, 0.0860561, 0.0895062, 0.157817, 0.202259, 0.2052, 0.885693, 0.918423, 0.992287, 1, 

36,10,0.001, 0.0220799, 0.0310764, 0.0672747, 0.0860561, 0.0895062, 0.129459, 0.167735, 0.198727, 0.209553, 0.209832, 0.36485, 0.386356, 0.393563, 0.407483, 0.417783, 0.854476, 0.870225, 0.911316, 0.934294, 0.949807, 0.986848, 1, 

Generation #38
24,15,0.001, 0.0220799, 0.0310764, 0.0548789, 0.0860561, 0.0895062, 0.129459, 0.167735, 0.198727, 1, 

28,12,0.001, 0.0220799, 0.0310764, 0.0548789, 0.0668327, 0.0895062, 0.129459, 0.167735, 0.254437, 0.209553, 0.918423, 0.992287, 1, 

22,19,0.001, 0.0220799, 0.0310764, 0.0548789, 0.0668327, 0.0895062, 0.129459, 0.167735, 0.609794, 1, 

27,13,0.001, 0.0293773, 0.0569952, 0.0548789, 0.035733, 0.0860561, 0.0895062, 0.157817, 0.202259, 0.2052, 0.885693, 0.918423, 0.992287, 1, 

36,10,0.001, 0.0220799, 0.0310764, 0.0672747, 0.0860561, 0.0895062, 0.129459, 0.167735, 0.198727, 0.209553, 0.209832, 0.36485, 0.386356, 0.393563, 0.407483, 0.417783, 0.854476, 0.870225, 0.911316, 0.934294, 0.949807, 0.986848, 1, 

Generation #39
24,15,0.001, 0.0220799, 0.0310764, 0.0548789, 0.0860561, 0.0895062, 0.129459, 0.167735, 0.198727, 1, 

28,12,0.001, 0.0220799, 0.0310764, 0.0548789, 0.0668327, 0.0895062, 0.129459, 0.167735, 0.254437, 0.209553, 0.918423, 0.992287, 1, 

22,19,0.001, 0.0220799, 0.0310764, 0.0548789, 0.0668327, 0.0895062, 0.129459, 0.167735, 0.609794, 1, 

27,13,0.001, 0.0293773, 0.0569952, 0.0548789, 0.035733, 0.0860561, 0.0895062, 0.157817, 0.202259, 0.2052, 0.885693, 0.918423, 0.992287, 1, 

36,10,0.001, 0.0220799, 0.0310764, 0.0672747, 0.0860561, 0.0895062, 0.129459, 0.167735, 0.198727, 0.209553, 0.209832, 0.36485, 0.386356, 0.393563, 0.407483, 0.417783, 0.854476, 0.870225, 0.911316, 0.934294, 0.949807, 0.986848, 1, 

Generation #40
28,12,0.001, 0.0220799, 0.0310764, 0.0548789, 0.0668327, 0.0895062, 0.129459, 0.167735, 0.254437, 0.209553, 0.918423, 0.992287, 1, 

22,19,0.001, 0.0220799, 0.0310764, 0.0548789, 0.0668327, 0.0895062, 0.129459, 0.167735, 0.609794, 1, 

27,13,0.001, 0.0293773, 0.0569952, 0.0548789, 0.035733, 0.0860561, 0.0895062, 0.157817, 0.202259, 0.2052, 0.885693, 0.918423, 0.992287, 1, 

36,10,0.001, 0.0220799, 0.0310764, 0.0672747, 0.0860561, 0.0895062, 0.129459, 0.167735, 0.198727, 0.209553, 0.209832, 0.36485, 0.386356, 0.393563, 0.407483, 0.417783, 0.854476, 0.870225, 0.911316, 0.934294, 0.949807, 0.986848, 1, 

24,14,0.001, 0.0220799, 0.0166053, 0.0681989, 0.0672747, 0.0860561, 0.0895062, 0.431678, 0.447361, 0.820051, 0.885693, 1, 

Generation #41
28,12,0.001, 0.0220799, 0.0310764, 0.0548789, 0.0668327, 0.0895062, 0.129459, 0.167735, 0.254437, 0.209553, 0.918423, 0.992287, 1, 

22,19,0.001, 0.0220799, 0.0310764, 0.0548789, 0.0668327, 0.0895062, 0.129459, 0.167735, 0.609794, 1, 

27,13,0.001, 0.0293773, 0.0569952, 0.0548789, 0.035733, 0.0860561, 0.0895062, 0.157817, 0.202259, 0.2052, 0.885693, 0.918423, 0.992287, 1, 

36,10,0.001, 0.0220799, 0.0310764, 0.0672747, 0.0860561, 0.0895062, 0.129459, 0.167735, 0.198727, 0.209553, 0.209832, 0.36485, 0.386356, 0.393563, 0.407483, 0.417783, 0.854476, 0.870225, 0.911316, 0.934294, 0.949807, 0.986848, 1, 

24,14,0.001, 0.0220799, 0.0166053, 0.0681989, 0.0672747, 0.0860561, 0.0895062, 0.431678, 0.447361, 0.820051, 0.885693, 1, 

Generation #42
28,12,0.001, 0.0220799, 0.0310764, 0.0548789, 0.0668327, 0.0895062, 0.129459, 0.167735, 0.254437, 0.209553, 0.918423, 0.992287, 1, 

22,19,0.001, 0.0220799, 0.0310764, 0.0548789, 0.0668327, 0.0895062, 0.129459, 0.167735, 0.609794, 1, 

27,13,0.001, 0.0293773, 0.0569952, 0.0548789, 0.035733, 0.0860561, 0.0895062, 0.157817, 0.202259, 0.2052, 0.885693, 0.918423, 0.992287, 1, 

36,10,0.001, 0.0220799, 0.0310764, 0.0672747, 0.0860561, 0.0895062, 0.129459, 0.167735, 0.198727, 0.209553, 0.209832, 0.36485, 0.386356, 0.393563, 0.407483, 0.417783, 0.854476, 0.870225, 0.911316, 0.934294, 0.949807, 0.986848, 1, 

24,14,0.001, 0.0220799, 0.0166053, 0.0681989, 0.0672747, 0.0860561, 0.0895062, 0.431678, 0.447361, 0.820051, 0.885693, 1, 

Generation #43
28,12,0.001, 0.0220799, 0.0310764, 0.0548789, 0.0668327, 0.0895062, 0.129459, 0.167735, 0.254437, 0.209553, 0.918423, 0.992287, 1, 

22,19,0.001, 0.0220799, 0.0310764, 0.0548789, 0.0668327, 0.0895062, 0.129459, 0.167735, 0.609794, 1, 

27,13,0.001, 0.0293773, 0.0569952, 0.0548789, 0.035733, 0.0860561, 0.0895062, 0.157817, 0.202259, 0.2052, 0.885693, 0.918423, 0.992287, 1, 

36,10,0.001, 0.0220799, 0.0310764, 0.0672747, 0.0860561, 0.0895062, 0.129459, 0.167735, 0.198727, 0.209553, 0.209832, 0.36485, 0.386356, 0.393563, 0.407483, 0.417783, 0.854476, 0.870225, 0.911316, 0.934294, 0.949807, 0.986848, 1, 

24,14,0.001, 0.0220799, 0.0166053, 0.0681989, 0.0672747, 0.0860561, 0.0895062, 0.431678, 0.447361, 0.820051, 0.885693, 1, 

Generation #44
28,12,0.001, 0.0220799, 0.0310764, 0.0548789, 0.0668327, 0.0895062, 0.129459, 0.167735, 0.254437, 0.209553, 0.918423, 0.992287, 1, 

22,19,0.001, 0.0220799, 0.0310764, 0.0548789, 0.0668327, 0.0895062, 0.129459, 0.167735, 0.609794, 1, 

27,13,0.001, 0.0293773, 0.0569952, 0.0548789, 0.035733, 0.0860561, 0.0895062, 0.157817, 0.202259, 0.2052, 0.885693, 0.918423, 0.992287, 1, 

36,10,0.001, 0.0220799, 0.0310764, 0.0672747, 0.0860561, 0.0895062, 0.129459, 0.167735, 0.198727, 0.209553, 0.209832, 0.36485, 0.386356, 0.393563, 0.407483, 0.417783, 0.854476, 0.870225, 0.911316, 0.934294, 0.949807, 0.986848, 1, 

24,14,0.001, 0.0220799, 0.0166053, 0.0681989, 0.0672747, 0.0860561, 0.0895062, 0.431678, 0.447361, 0.820051, 0.885693, 1, 

Generation #45
28,12,0.001, 0.0220799, 0.0310764, 0.0548789, 0.0668327, 0.0895062, 0.129459, 0.167735, 0.254437, 0.209553, 0.918423, 0.992287, 1, 

22,19,0.001, 0.0220799, 0.0310764, 0.0548789, 0.0668327, 0.0895062, 0.129459, 0.167735, 0.609794, 1, 

27,13,0.001, 0.0293773, 0.0569952, 0.0548789, 0.035733, 0.0860561, 0.0895062, 0.157817, 0.202259, 0.2052, 0.885693, 0.918423, 0.992287, 1, 

36,10,0.001, 0.0220799, 0.0310764, 0.0672747, 0.0860561, 0.0895062, 0.129459, 0.167735, 0.198727, 0.209553, 0.209832, 0.36485, 0.386356, 0.393563, 0.407483, 0.417783, 0.854476, 0.870225, 0.911316, 0.934294, 0.949807, 0.986848, 1, 

24,14,0.001, 0.0220799, 0.0166053, 0.0681989, 0.0672747, 0.0860561, 0.0895062, 0.431678, 0.447361, 0.820051, 0.885693, 1, 

Generation #46
28,12,0.001, 0.0220799, 0.0310764, 0.0548789, 0.0668327, 0.0895062, 0.129459, 0.167735, 0.254437, 0.209553, 0.918423, 0.992287, 1, 

22,19,0.001, 0.0220799, 0.0310764, 0.0548789, 0.0668327, 0.0895062, 0.129459, 0.167735, 0.609794, 1, 

27,13,0.001, 0.0293773, 0.0569952, 0.0548789, 0.035733, 0.0860561, 0.0895062, 0.157817, 0.202259, 0.2052, 0.885693, 0.918423, 0.992287, 1, 

36,10,0.001, 0.0220799, 0.0310764, 0.0672747, 0.0860561, 0.0895062, 0.129459, 0.167735, 0.198727, 0.209553, 0.209832, 0.36485, 0.386356, 0.393563, 0.407483, 0.417783, 0.854476, 0.870225, 0.911316, 0.934294, 0.949807, 0.986848, 1, 

24,14,0.001, 0.0220799, 0.0166053, 0.0681989, 0.0672747, 0.0860561, 0.0895062, 0.431678, 0.447361, 0.820051, 0.885693, 1, 

Generation #47
28,12,0.001, 0.0220799, 0.0310764, 0.0548789, 0.0668327, 0.0895062, 0.129459, 0.167735, 0.254437, 0.209553, 0.918423, 0.992287, 1, 

22,19,0.001, 0.0220799, 0.0310764, 0.0548789, 0.0668327, 0.0895062, 0.129459, 0.167735, 0.609794, 1, 

27,13,0.001, 0.0293773, 0.0569952, 0.0548789, 0.035733, 0.0860561, 0.0895062, 0.157817, 0.202259, 0.2052, 0.885693, 0.918423, 0.992287, 1, 

36,10,0.001, 0.0220799, 0.0310764, 0.0672747, 0.0860561, 0.0895062, 0.129459, 0.167735, 0.198727, 0.209553, 0.209832, 0.36485, 0.386356, 0.393563, 0.407483, 0.417783, 0.854476, 0.870225, 0.911316, 0.934294, 0.949807, 0.986848, 1, 

24,14,0.001, 0.0220799, 0.0166053, 0.0681989, 0.0672747, 0.0860561, 0.0895062, 0.431678, 0.447361, 0.820051, 0.885693, 1, 

Generation #48
28,12,0.001, 0.0220799, 0.0310764, 0.0548789, 0.0668327, 0.0895062, 0.129459, 0.167735, 0.254437, 0.209553, 0.918423, 0.992287, 1, 

22,19,0.001, 0.0220799, 0.0310764, 0.0548789, 0.0668327, 0.0895062, 0.129459, 0.167735, 0.609794, 1, 

27,13,0.001, 0.0293773, 0.0569952, 0.0548789, 0.035733, 0.0860561, 0.0895062, 0.157817, 0.202259, 0.2052, 0.885693, 0.918423, 0.992287, 1, 

36,10,0.001, 0.0220799, 0.0310764, 0.0672747, 0.0860561, 0.0895062, 0.129459, 0.167735, 0.198727, 0.209553, 0.209832, 0.36485, 0.386356, 0.393563, 0.407483, 0.417783, 0.854476, 0.870225, 0.911316, 0.934294, 0.949807, 0.986848, 1, 

24,14,0.001, 0.0220799, 0.0166053, 0.0681989, 0.0672747, 0.0860561, 0.0895062, 0.431678, 0.447361, 0.820051, 0.885693, 1, 

Generation #49
28,12,0.001, 0.0220799, 0.0310764, 0.0548789, 0.0668327, 0.0895062, 0.129459, 0.167735, 0.254437, 0.209553, 0.918423, 0.992287, 1, 

22,19,0.001, 0.0220799, 0.0310764, 0.0548789, 0.0668327, 0.0895062, 0.129459, 0.167735, 0.609794, 1, 

27,13,0.001, 0.0293773, 0.0569952, 0.0548789, 0.035733, 0.0860561, 0.0895062, 0.157817, 0.202259, 0.2052, 0.885693, 0.918423, 0.992287, 1, 

36,10,0.001, 0.0220799, 0.0310764, 0.0672747, 0.0860561, 0.0895062, 0.129459, 0.167735, 0.198727, 0.209553, 0.209832, 0.36485, 0.386356, 0.393563, 0.407483, 0.417783, 0.854476, 0.870225, 0.911316, 0.934294, 0.949807, 0.986848, 1, 

24,14,0.001, 0.0220799, 0.0166053, 0.0681989, 0.0672747, 0.0860561, 0.0895062, 0.431678, 0.447361, 0.820051, 0.885693, 1, 

--- Pareto Front Solutions ---
Solution 0: N total=76 (N_initial=48, N_added=28), Time total=25 ms, Saved to: ./results/Bugzilla_t2_l3_pareto_0.csv, percents=0.001, 0.0220799, 0.0310764, 0.0548789, 0.0668327, 0.0895062, 0.129459, 0.167735, 0.254437, 0.209553, 0.918423, 0.992287, 1, 

Solution 1: N total=70 (N_initial=48, N_added=22), Time total=32 ms, Saved to: ./results/Bugzilla_t2_l3_pareto_1.csv, percents=0.001, 0.0220799, 0.0310764, 0.0548789, 0.0668327, 0.0895062, 0.129459, 0.167735, 0.609794, 1, 

Solution 2: N total=75 (N_initial=48, N_added=27), Time total=26 ms, Saved to: ./results/Bugzilla_t2_l3_pareto_2.csv, percents=0.001, 0.0293773, 0.0569952, 0.0548789, 0.035733, 0.0860561, 0.0895062, 0.157817, 0.202259, 0.2052, 0.885693, 0.918423, 0.992287, 1, 

Solution 3: N total=84 (N_initial=48, N_added=36), Time total=23 ms, Saved to: ./results/Bugzilla_t2_l3_pareto_3.csv, percents=0.001, 0.0220799, 0.0310764, 0.0672747, 0.0860561, 0.0895062, 0.129459, 0.167735, 0.198727, 0.209553, 0.209832, 0.36485, 0.386356, 0.393563, 0.407483, 0.417783, 0.854476, 0.870225, 0.911316, 0.934294, 0.949807, 0.986848, 1, 

Solution 4: N total=72 (N_initial=48, N_added=24), Time total=27 ms, Saved to: ./results/Bugzilla_t2_l3_pareto_4.csv, percents=0.001, 0.0220799, 0.0166053, 0.0681989, 0.0672747, 0.0860561, 0.0895062, 0.431678, 0.447361, 0.820051, 0.885693, 1, 

------------d=1, t=2, lambda=4, filename=./evaluation/Bugzilla/Bugzilla_2_4.csv------------
Computing partitioned counts of d-sets...
Ready to look at pairs based on partitioned counts...
First Stage N=64, Time=10
There are 33 remaining non-locating pairs
--- Running GA Algorithm (phase2) ---
Running GA with std::execution::par
Generation #0
29,21,0.001, 0.056319, 0.0937253, 0.0963689, 0.156638, 0.208767, 0.344168, 0.413454, 0.570296, 0.606353, 0.679485, 0.850099, 0.861435, 0.927696, 1, 

27,22,0.001, 0.0705405, 0.0764478, 0.157558, 0.260695, 0.499435, 0.524657, 0.552823, 0.597273, 0.671623, 1, 

39,10,0.001, 0.0415989, 0.12522, 0.139548, 0.154567, 0.160088, 0.197792, 0.234701, 0.272054, 0.394177, 0.401833, 0.45247, 0.471685, 0.476648, 0.550497, 0.567261, 0.629266, 0.658216, 0.718294, 0.737234, 0.761003, 0.787126, 0.805893, 0.890209, 0.949692, 0.955114, 0.992781, 1, 

35,11,0.001, 0.0166477, 0.037927, 0.0445472, 0.189672, 0.209551, 0.222731, 0.249765, 0.327181, 0.341354, 0.471155, 0.619484, 0.730449, 0.840992, 0.99793, 0.998242, 1, 

30,19,0.001, 0.0458311, 0.0469563, 0.130243, 0.33719, 0.421267, 0.465248, 0.471171, 0.499888, 0.607732, 0.707866, 0.918291, 0.978759, 1, 

31,12,0.001, 0.0475379, 0.109194, 0.121662, 0.159912, 0.199012, 0.251925, 0.326582, 0.440915, 0.473749, 0.555279, 0.619183, 0.634892, 0.876915, 0.955863, 1, 

26,27,0.001, 0.0800207, 0.1212, 0.311831, 0.463514, 0.472165, 0.730393, 0.823056, 0.912532, 0.916776, 1, 

Generation #1
39,10,0.001, 0.0415989, 0.12522, 0.139548, 0.154567, 0.160088, 0.197792, 0.234701, 0.272054, 0.394177, 0.401833, 0.45247, 0.471685, 0.476648, 0.550497, 0.567261, 0.629266, 0.658216, 0.718294, 0.737234, 0.761003, 0.787126, 0.805893, 0.890209, 0.949692, 0.955114, 0.992781, 1, 

35,11,0.001, 0.0166477, 0.037927, 0.0445472, 0.189672, 0.209551, 0.222731, 0.249765, 0.327181, 0.341354, 0.471155, 0.619484, 0.730449, 0.840992, 0.99793, 0.998242, 1, 

31,12,0.001, 0.0475379, 0.109194, 0.121662, 0.159912, 0.199012, 0.251925, 0.326582, 0.440915, 0.473749, 0.555279, 0.619183, 0.634892, 0.876915, 0.955863, 1, 

24,14,0.001, 0.161514, 0.183809, 0.203276, 0.313209, 0.491971, 0.519257, 0.53433, 0.597273, 0.671623, 1, 

Generation #2
36,4,0.001, 0.0325504, 0.0404251, 0.0474762, 0.0556359, 0.13458, 0.15435, 0.212034, 0.214507, 0.272995, 0.314944, 0.324677, 0.386163, 0.396489, 0.411918, 0.470904, 0.487869, 0.645207, 0.687632, 0.72727, 0.803473, 0.839159, 0.999003, 1, 

26,9,0.001, 0.056319, 0.0937253, 0.0963689, 0.156638, 0.208767, 0.344168, 0.413454, 0.570296, 0.946225, 1, 

21,13,0.001, 0.0415989, 0.12522, 0.139548, 0.154567, 0.160088, 0.197792, 0.53433, 0.671623, 1, 

Generation #3
36,4,0.001, 0.0325504, 0.0404251, 0.0474762, 0.0556359, 0.13458, 0.15435, 0.212034, 0.214507, 0.272995, 0.314944, 0.324677, 0.386163, 0.396489, 0.411918, 0.470904, 0.487869, 0.645207, 0.687632, 0.72727, 0.803473, 0.839159, 0.999003, 1, 

21,13,0.001, 0.0415989, 0.12522, 0.139548, 0.154567, 0.160088, 0.197792, 0.53433, 0.671623, 1, 

23,6,0.001, 0.0332506, 0.0937364, 0.0961811, 0.108948, 0.110765, 0.128834, 0.139163, 0.207106, 1, 

Generation #4
36,4,0.001, 0.0325504, 0.0404251, 0.0474762, 0.0556359, 0.13458, 0.15435, 0.212034, 0.214507, 0.272995, 0.314944, 0.324677, 0.386163, 0.396489, 0.411918, 0.470904, 0.487869, 0.645207, 0.687632, 0.72727, 0.803473, 0.839159, 0.999003, 1, 

21,13,0.001, 0.0415989, 0.12522, 0.139548, 0.154567, 0.160088, 0.197792, 0.53433, 0.671623, 1, 

23,6,0.001, 0.0332506, 0.0937364, 0.0961811, 0.108948, 0.110765, 0.128834, 0.139163, 0.207106, 1, 

Generation #5
36,4,0.001, 0.0325504, 0.0404251, 0.0474762, 0.0556359, 0.13458, 0.15435, 0.212034, 0.214507, 0.272995, 0.314944, 0.324677, 0.386163, 0.396489, 0.411918, 0.470904, 0.487869, 0.645207, 0.687632, 0.72727, 0.803473, 0.839159, 0.999003, 1, 

21,13,0.001, 0.0415989, 0.12522, 0.139548, 0.154567, 0.160088, 0.197792, 0.53433, 0.671623, 1, 

23,6,0.001, 0.0332506, 0.0937364, 0.0961811, 0.108948, 0.110765, 0.128834, 0.139163, 0.207106, 1, 

Generation #6
36,4,0.001, 0.0325504, 0.0404251, 0.0474762, 0.0556359, 0.13458, 0.15435, 0.212034, 0.214507, 0.272995, 0.314944, 0.324677, 0.386163, 0.396489, 0.411918, 0.470904, 0.487869, 0.645207, 0.687632, 0.72727, 0.803473, 0.839159, 0.999003, 1, 

21,13,0.001, 0.0415989, 0.12522, 0.139548, 0.154567, 0.160088, 0.197792, 0.53433, 0.671623, 1, 

23,6,0.001, 0.0332506, 0.0937364, 0.0961811, 0.108948, 0.110765, 0.128834, 0.139163, 0.207106, 1, 

22,8,0.001, 0.0332506, 0.0937364, 0.0961811, 0.108948, 0.110765, 0.128834, 0.234701, 0.272054, 0.916776, 1, 

Generation #7
36,4,0.001, 0.0325504, 0.0404251, 0.0474762, 0.0556359, 0.13458, 0.15435, 0.212034, 0.214507, 0.272995, 0.314944, 0.324677, 0.386163, 0.396489, 0.411918, 0.470904, 0.487869, 0.645207, 0.687632, 0.72727, 0.803473, 0.839159, 0.999003, 1, 

21,13,0.001, 0.0415989, 0.12522, 0.139548, 0.154567, 0.160088, 0.197792, 0.53433, 0.671623, 1, 

23,6,0.001, 0.0332506, 0.0937364, 0.0961811, 0.108948, 0.110765, 0.128834, 0.139163, 0.207106, 1, 

22,8,0.001, 0.0332506, 0.0937364, 0.0961811, 0.108948, 0.110765, 0.128834, 0.234701, 0.272054, 0.916776, 1, 

Generation #8
36,4,0.001, 0.0325504, 0.0404251, 0.0474762, 0.0556359, 0.13458, 0.15435, 0.212034, 0.214507, 0.272995, 0.314944, 0.324677, 0.386163, 0.396489, 0.411918, 0.470904, 0.487869, 0.645207, 0.687632, 0.72727, 0.803473, 0.839159, 0.999003, 1, 

21,13,0.001, 0.0415989, 0.12522, 0.139548, 0.154567, 0.160088, 0.197792, 0.53433, 0.671623, 1, 

23,6,0.001, 0.0332506, 0.0937364, 0.0961811, 0.108948, 0.110765, 0.128834, 0.139163, 0.207106, 1, 

22,8,0.001, 0.0332506, 0.0937364, 0.0961811, 0.108948, 0.110765, 0.128834, 0.234701, 0.272054, 0.916776, 1, 

27,5,0.001, 0.0332506, 0.0937364, 0.0961811, 0.108948, 0.110765, 0.128834, 0.212034, 0.214507, 0.272995, 0.314944, 0.324677, 0.386163, 0.918291, 0.978759, 1, 

Generation #9
36,4,0.001, 0.0325504, 0.0404251, 0.0474762, 0.0556359, 0.13458, 0.15435, 0.212034, 0.214507, 0.272995, 0.314944, 0.324677, 0.386163, 0.396489, 0.411918, 0.470904, 0.487869, 0.645207, 0.687632, 0.72727, 0.803473, 0.839159, 0.999003, 1, 

21,13,0.001, 0.0415989, 0.12522, 0.139548, 0.154567, 0.160088, 0.197792, 0.53433, 0.671623, 1, 

23,6,0.001, 0.0332506, 0.0937364, 0.0961811, 0.108948, 0.110765, 0.128834, 0.139163, 0.207106, 1, 

22,8,0.001, 0.0332506, 0.0937364, 0.0961811, 0.108948, 0.110765, 0.128834, 0.234701, 0.272054, 0.916776, 1, 

27,5,0.001, 0.0332506, 0.0937364, 0.0961811, 0.108948, 0.110765, 0.128834, 0.212034, 0.214507, 0.272995, 0.314944, 0.324677, 0.386163, 0.918291, 0.978759, 1, 

Generation #10
36,4,0.001, 0.0325504, 0.0404251, 0.0474762, 0.0556359, 0.13458, 0.15435, 0.212034, 0.214507, 0.272995, 0.314944, 0.324677, 0.386163, 0.396489, 0.411918, 0.470904, 0.487869, 0.645207, 0.687632, 0.72727, 0.803473, 0.839159, 0.999003, 1, 

21,13,0.001, 0.0415989, 0.12522, 0.139548, 0.154567, 0.160088, 0.197792, 0.53433, 0.671623, 1, 

23,6,0.001, 0.0332506, 0.0937364, 0.0961811, 0.108948, 0.110765, 0.128834, 0.139163, 0.207106, 1, 

22,8,0.001, 0.0332506, 0.0937364, 0.0961811, 0.108948, 0.110765, 0.128834, 0.234701, 0.272054, 0.916776, 1, 

27,5,0.001, 0.0332506, 0.0937364, 0.0961811, 0.108948, 0.110765, 0.128834, 0.212034, 0.214507, 0.272995, 0.314944, 0.324677, 0.386163, 0.918291, 0.978759, 1, 

37,2,0.001, 0.0325504, 0.0404251, 0.0474762, 0.0556359, 0.13458, 0.15435, 0.212034, 0.214507, 0.272995, 0.314944, 0.324677, 0.386163, 0.396489, 0.476648, 0.550497, 0.567261, 0.629266, 0.658216, 0.718294, 0.737234, 0.761003, 0.787126, 0.805893, 0.890209, 0.949692, 0.955114, 0.992781, 1, 

Generation #11
36,4,0.001, 0.0325504, 0.0404251, 0.0474762, 0.0556359, 0.13458, 0.15435, 0.212034, 0.214507, 0.272995, 0.314944, 0.324677, 0.386163, 0.396489, 0.411918, 0.470904, 0.487869, 0.645207, 0.687632, 0.72727, 0.803473, 0.839159, 0.999003, 1, 

21,13,0.001, 0.0415989, 0.12522, 0.139548, 0.154567, 0.160088, 0.197792, 0.53433, 0.671623, 1, 

23,6,0.001, 0.0332506, 0.0937364, 0.0961811, 0.108948, 0.110765, 0.128834, 0.139163, 0.207106, 1, 

22,8,0.001, 0.0332506, 0.0937364, 0.0961811, 0.108948, 0.110765, 0.128834, 0.234701, 0.272054, 0.916776, 1, 

27,5,0.001, 0.0332506, 0.0937364, 0.0961811, 0.108948, 0.110765, 0.128834, 0.212034, 0.214507, 0.272995, 0.314944, 0.324677, 0.386163, 0.918291, 0.978759, 1, 

37,2,0.001, 0.0325504, 0.0404251, 0.0474762, 0.0556359, 0.13458, 0.15435, 0.212034, 0.214507, 0.272995, 0.314944, 0.324677, 0.386163, 0.396489, 0.476648, 0.550497, 0.567261, 0.629266, 0.658216, 0.718294, 0.737234, 0.761003, 0.787126, 0.805893, 0.890209, 0.949692, 0.955114, 0.992781, 1, 

Generation #12
36,4,0.001, 0.0325504, 0.0404251, 0.0474762, 0.0556359, 0.13458, 0.15435, 0.212034, 0.214507, 0.272995, 0.314944, 0.324677, 0.386163, 0.396489, 0.411918, 0.470904, 0.487869, 0.645207, 0.687632, 0.72727, 0.803473, 0.839159, 0.999003, 1, 

21,13,0.001, 0.0415989, 0.12522, 0.139548, 0.154567, 0.160088, 0.197792, 0.53433, 0.671623, 1, 

23,6,0.001, 0.0332506, 0.0937364, 0.0961811, 0.108948, 0.110765, 0.128834, 0.139163, 0.207106, 1, 

22,8,0.001, 0.0332506, 0.0937364, 0.0961811, 0.108948, 0.110765, 0.128834, 0.234701, 0.272054, 0.916776, 1, 

37,2,0.001, 0.0325504, 0.0404251, 0.0474762, 0.0556359, 0.13458, 0.15435, 0.212034, 0.214507, 0.272995, 0.314944, 0.324677, 0.386163, 0.396489, 0.476648, 0.550497, 0.567261, 0.629266, 0.658216, 0.718294, 0.737234, 0.761003, 0.787126, 0.805893, 0.890209, 0.949692, 0.955114, 0.992781, 1, 

24,5,0.001, 0.056319, 0.0937253, 0.0804244, 0.0851146, 0.0901018, 0.138317, 0.139346, 0.17107, 0.356278, 0.386163, 0.396489, 0.411918, 0.840992, 1, 

20,15,0.001, 0.0210918, 0.0327599, 0.0353492, 0.0539399, 0.156269, 0.297806, 0.370157, 1, 

Generation #13
36,4,0.001, 0.0325504, 0.0404251, 0.0474762, 0.0556359, 0.13458, 0.15435, 0.212034, 0.214507, 0.272995, 0.314944, 0.324677, 0.386163, 0.396489, 0.411918, 0.470904, 0.487869, 0.645207, 0.687632, 0.72727, 0.803473, 0.839159, 0.999003, 1, 

23,6,0.001, 0.0332506, 0.0937364, 0.0961811, 0.108948, 0.110765, 0.128834, 0.139163, 0.207106, 1, 

22,8,0.001, 0.0332506, 0.0937364, 0.0961811, 0.108948, 0.110765, 0.128834, 0.234701, 0.272054, 0.916776, 1, 

37,2,0.001, 0.0325504, 0.0404251, 0.0474762, 0.0556359, 0.13458, 0.15435, 0.212034, 0.214507, 0.272995, 0.314944, 0.324677, 0.386163, 0.396489, 0.476648, 0.550497, 0.567261, 0.629266, 0.658216, 0.718294, 0.737234, 0.761003, 0.787126, 0.805893, 0.890209, 0.949692, 0.955114, 0.992781, 1, 

24,5,0.001, 0.056319, 0.0937253, 0.0804244, 0.0851146, 0.0901018, 0.138317, 0.139346, 0.17107, 0.356278, 0.386163, 0.396489, 0.411918, 0.840992, 1, 

20,15,0.001, 0.0210918, 0.0327599, 0.0353492, 0.0539399, 0.156269, 0.297806, 0.370157, 1, 

21,10,0.001, 0.0240718, 0.122054, 0.0804244, 0.0851146, 0.0901018, 0.128834, 0.139163, 0.207106, 1, 

Generation #14
36,4,0.001, 0.0325504, 0.0404251, 0.0474762, 0.0556359, 0.13458, 0.15435, 0.212034, 0.214507, 0.272995, 0.314944, 0.324677, 0.386163, 0.396489, 0.411918, 0.470904, 0.487869, 0.645207, 0.687632, 0.72727, 0.803473, 0.839159, 0.999003, 1, 

23,6,0.001, 0.0332506, 0.0937364, 0.0961811, 0.108948, 0.110765, 0.128834, 0.139163, 0.207106, 1, 

22,8,0.001, 0.0332506, 0.0937364, 0.0961811, 0.108948, 0.110765, 0.128834, 0.234701, 0.272054, 0.916776, 1, 

37,2,0.001, 0.0325504, 0.0404251, 0.0474762, 0.0556359, 0.13458, 0.15435, 0.212034, 0.214507, 0.272995, 0.314944, 0.324677, 0.386163, 0.396489, 0.476648, 0.550497, 0.567261, 0.629266, 0.658216, 0.718294, 0.737234, 0.761003, 0.787126, 0.805893, 0.890209, 0.949692, 0.955114, 0.992781, 1, 

24,5,0.001, 0.056319, 0.0937253, 0.0804244, 0.0851146, 0.0901018, 0.138317, 0.139346, 0.17107, 0.356278, 0.386163, 0.396489, 0.411918, 0.840992, 1, 

20,15,0.001, 0.0210918, 0.0327599, 0.0353492, 0.0539399, 0.156269, 0.297806, 0.370157, 1, 

21,10,0.001, 0.0240718, 0.122054, 0.0804244, 0.0851146, 0.0901018, 0.128834, 0.139163, 0.207106, 1, 

Generation #15
36,4,0.001, 0.0325504, 0.0404251, 0.0474762, 0.0556359, 0.13458, 0.15435, 0.212034, 0.214507, 0.272995, 0.314944, 0.324677, 0.386163, 0.396489, 0.411918, 0.470904, 0.487869, 0.645207, 0.687632, 0.72727, 0.803473, 0.839159, 0.999003, 1, 

37,2,0.001, 0.0325504, 0.0404251, 0.0474762, 0.0556359, 0.13458, 0.15435, 0.212034, 0.214507, 0.272995, 0.314944, 0.324677, 0.386163, 0.396489, 0.476648, 0.550497, 0.567261, 0.629266, 0.658216, 0.718294, 0.737234, 0.761003, 0.787126, 0.805893, 0.890209, 0.949692, 0.955114, 0.992781, 1, 

24,5,0.001, 0.056319, 0.0937253, 0.0804244, 0.0851146, 0.0901018, 0.138317, 0.139346, 0.17107, 0.356278, 0.386163, 0.396489, 0.411918, 0.840992, 1, 

20,15,0.001, 0.0210918, 0.0327599, 0.0353492, 0.0539399, 0.156269, 0.297806, 0.370157, 1, 

21,10,0.001, 0.0240718, 0.122054, 0.0804244, 0.0851146, 0.0901018, 0.128834, 0.139163, 0.207106, 1, 

19,34,0.001, 0.0332506, 0.029077, 0.0306379, 0.0871963, 0.0901018, 0.370157, 1, 

22,6,0.001, 0.0325504, 0.0404251, 0.0474762, 0.0901018, 0.138317, 0.139346, 0.17107, 0.208889, 0.356278, 0.634892, 0.876915, 0.955863, 1, 

Generation #16
37,2,0.001, 0.0325504, 0.0404251, 0.0474762, 0.0556359, 0.13458, 0.15435, 0.212034, 0.214507, 0.272995, 0.314944, 0.324677, 0.386163, 0.396489, 0.476648, 0.550497, 0.567261, 0.629266, 0.658216, 0.718294, 0.737234, 0.761003, 0.787126, 0.805893, 0.890209, 0.949692, 0.955114, 0.992781, 1, 

24,5,0.001, 0.056319, 0.0937253, 0.0804244, 0.0851146, 0.0901018, 0.138317, 0.139346, 0.17107, 0.356278, 0.386163, 0.396489, 0.411918, 0.840992, 1, 

20,15,0.001, 0.0210918, 0.0327599, 0.0353492, 0.0539399, 0.156269, 0.297806, 0.370157, 1, 

21,10,0.001, 0.0240718, 0.122054, 0.0804244, 0.0851146, 0.0901018, 0.128834, 0.139163, 0.207106, 1, 

19,34,0.001, 0.0332506, 0.029077, 0.0306379, 0.0871963, 0.0901018, 0.370157, 1, 

22,6,0.001, 0.0325504, 0.0404251, 0.0474762, 0.0901018, 0.138317, 0.139346, 0.17107, 0.208889, 0.356278, 0.634892, 0.876915, 0.955863, 1, 

25,3,0.001, 0.0332506, 0.0937364, 0.0353492, 0.0539399, 0.156269, 0.110765, 0.128834, 0.139163, 0.00513797, 0.183431, 0.207106, 0.22398, 0.918291, 0.978759, 1, 

Generation #17
37,2,0.001, 0.0325504, 0.0404251, 0.0474762, 0.0556359, 0.13458, 0.15435, 0.212034, 0.214507, 0.272995, 0.314944, 0.324677, 0.386163, 0.396489, 0.476648, 0.550497, 0.567261, 0.629266, 0.658216, 0.718294, 0.737234, 0.761003, 0.787126, 0.805893, 0.890209, 0.949692, 0.955114, 0.992781, 1, 

24,5,0.001, 0.056319, 0.0937253, 0.0804244, 0.0851146, 0.0901018, 0.138317, 0.139346, 0.17107, 0.356278, 0.386163, 0.396489, 0.411918, 0.840992, 1, 

20,15,0.001, 0.0210918, 0.0327599, 0.0353492, 0.0539399, 0.156269, 0.297806, 0.370157, 1, 

21,10,0.001, 0.0240718, 0.122054, 0.0804244, 0.0851146, 0.0901018, 0.128834, 0.139163, 0.207106, 1, 

19,34,0.001, 0.0332506, 0.029077, 0.0306379, 0.0871963, 0.0901018, 0.370157, 1, 

22,6,0.001, 0.0325504, 0.0404251, 0.0474762, 0.0901018, 0.138317, 0.139346, 0.17107, 0.208889, 0.356278, 0.634892, 0.876915, 0.955863, 1, 

25,3,0.001, 0.0332506, 0.0937364, 0.0353492, 0.0539399, 0.156269, 0.110765, 0.128834, 0.139163, 0.00513797, 0.183431, 0.207106, 0.22398, 0.918291, 0.978759, 1, 

Generation #18
37,2,0.001, 0.0325504, 0.0404251, 0.0474762, 0.0556359, 0.13458, 0.15435, 0.212034, 0.214507, 0.272995, 0.314944, 0.324677, 0.386163, 0.396489, 0.476648, 0.550497, 0.567261, 0.629266, 0.658216, 0.718294, 0.737234, 0.761003, 0.787126, 0.805893, 0.890209, 0.949692, 0.955114, 0.992781, 1, 

24,5,0.001, 0.056319, 0.0937253, 0.0804244, 0.0851146, 0.0901018, 0.138317, 0.139346, 0.17107, 0.356278, 0.386163, 0.396489, 0.411918, 0.840992, 1, 

20,15,0.001, 0.0210918, 0.0327599, 0.0353492, 0.0539399, 0.156269, 0.297806, 0.370157, 1, 

21,10,0.001, 0.0240718, 0.122054, 0.0804244, 0.0851146, 0.0901018, 0.128834, 0.139163, 0.207106, 1, 

19,34,0.001, 0.0332506, 0.029077, 0.0306379, 0.0871963, 0.0901018, 0.370157, 1, 

22,6,0.001, 0.0325504, 0.0404251, 0.0474762, 0.0901018, 0.138317, 0.139346, 0.17107, 0.208889, 0.356278, 0.634892, 0.876915, 0.955863, 1, 

25,3,0.001, 0.0332506, 0.0937364, 0.0353492, 0.0539399, 0.156269, 0.110765, 0.128834, 0.139163, 0.00513797, 0.183431, 0.207106, 0.22398, 0.918291, 0.978759, 1, 

Generation #19
37,2,0.001, 0.0325504, 0.0404251, 0.0474762, 0.0556359, 0.13458, 0.15435, 0.212034, 0.214507, 0.272995, 0.314944, 0.324677, 0.386163, 0.396489, 0.476648, 0.550497, 0.567261, 0.629266, 0.658216, 0.718294, 0.737234, 0.761003, 0.787126, 0.805893, 0.890209, 0.949692, 0.955114, 0.992781, 1, 

24,5,0.001, 0.056319, 0.0937253, 0.0804244, 0.0851146, 0.0901018, 0.138317, 0.139346, 0.17107, 0.356278, 0.386163, 0.396489, 0.411918, 0.840992, 1, 

19,34,0.001, 0.0332506, 0.029077, 0.0306379, 0.0871963, 0.0901018, 0.370157, 1, 

22,6,0.001, 0.0325504, 0.0404251, 0.0474762, 0.0901018, 0.138317, 0.139346, 0.17107, 0.208889, 0.356278, 0.634892, 0.876915, 0.955863, 1, 

25,3,0.001, 0.0332506, 0.0937364, 0.0353492, 0.0539399, 0.156269, 0.110765, 0.128834, 0.139163, 0.00513797, 0.183431, 0.207106, 0.22398, 0.918291, 0.978759, 1, 

20,8,0.001, 0.0209215, 0.0327599, 0.0353492, 0.0539399, 0.156269, 0.110765, 0.31141, 0.609192, 1, 

Generation #20
37,2,0.001, 0.0325504, 0.0404251, 0.0474762, 0.0556359, 0.13458, 0.15435, 0.212034, 0.214507, 0.272995, 0.314944, 0.324677, 0.386163, 0.396489, 0.476648, 0.550497, 0.567261, 0.629266, 0.658216, 0.718294, 0.737234, 0.761003, 0.787126, 0.805893, 0.890209, 0.949692, 0.955114, 0.992781, 1, 

24,5,0.001, 0.056319, 0.0937253, 0.0804244, 0.0851146, 0.0901018, 0.138317, 0.139346, 0.17107, 0.356278, 0.386163, 0.396489, 0.411918, 0.840992, 1, 

22,6,0.001, 0.0325504, 0.0404251, 0.0474762, 0.0901018, 0.138317, 0.139346, 0.17107, 0.208889, 0.356278, 0.634892, 0.876915, 0.955863, 1, 

25,3,0.001, 0.0332506, 0.0937364, 0.0353492, 0.0539399, 0.156269, 0.110765, 0.128834, 0.139163, 0.00513797, 0.183431, 0.207106, 0.22398, 0.918291, 0.978759, 1, 

20,8,0.001, 0.0209215, 0.0327599, 0.0353492, 0.0539399, 0.156269, 0.110765, 0.31141, 0.609192, 1, 

19,14,0.001, 0.0332506, 0.0937364, 0.110765, 0.156269, 0.370157, 1, 

Generation #21
37,2,0.001, 0.0325504, 0.0404251, 0.0474762, 0.0556359, 0.13458, 0.15435, 0.212034, 0.214507, 0.272995, 0.314944, 0.324677, 0.386163, 0.396489, 0.476648, 0.550497, 0.567261, 0.629266, 0.658216, 0.718294, 0.737234, 0.761003, 0.787126, 0.805893, 0.890209, 0.949692, 0.955114, 0.992781, 1, 

22,6,0.001, 0.0325504, 0.0404251, 0.0474762, 0.0901018, 0.138317, 0.139346, 0.17107, 0.208889, 0.356278, 0.634892, 0.876915, 0.955863, 1, 

20,8,0.001, 0.0209215, 0.0327599, 0.0353492, 0.0539399, 0.156269, 0.110765, 0.31141, 0.609192, 1, 

19,14,0.001, 0.0332506, 0.0937364, 0.110765, 0.156269, 0.370157, 1, 

24,3,0.001, 0.0325504, 0.0404251, 0.0474762, 0.0556359, 0.13458, 0.15435, 0.212034, 0.17107, 0.183431, 0.207106, 0.386163, 0.918291, 0.978759, 1, 

Generation #22
37,2,0.001, 0.0325504, 0.0404251, 0.0474762, 0.0556359, 0.13458, 0.15435, 0.212034, 0.214507, 0.272995, 0.314944, 0.324677, 0.386163, 0.396489, 0.476648, 0.550497, 0.567261, 0.629266, 0.658216, 0.718294, 0.737234, 0.761003, 0.787126, 0.805893, 0.890209, 0.949692, 0.955114, 0.992781, 1, 

22,6,0.001, 0.0325504, 0.0404251, 0.0474762, 0.0901018, 0.138317, 0.139346, 0.17107, 0.208889, 0.356278, 0.634892, 0.876915, 0.955863, 1, 

20,8,0.001, 0.0209215, 0.0327599, 0.0353492, 0.0539399, 0.156269, 0.110765, 0.31141, 0.609192, 1, 

19,14,0.001, 0.0332506, 0.0937364, 0.110765, 0.156269, 0.370157, 1, 

24,3,0.001, 0.0325504, 0.0404251, 0.0474762, 0.0556359, 0.13458, 0.15435, 0.212034, 0.17107, 0.183431, 0.207106, 0.386163, 0.918291, 0.978759, 1, 

Generation #23
37,2,0.001, 0.0325504, 0.0404251, 0.0474762, 0.0556359, 0.13458, 0.15435, 0.212034, 0.214507, 0.272995, 0.314944, 0.324677, 0.386163, 0.396489, 0.476648, 0.550497, 0.567261, 0.629266, 0.658216, 0.718294, 0.737234, 0.761003, 0.787126, 0.805893, 0.890209, 0.949692, 0.955114, 0.992781, 1, 

22,6,0.001, 0.0325504, 0.0404251, 0.0474762, 0.0901018, 0.138317, 0.139346, 0.17107, 0.208889, 0.356278, 0.634892, 0.876915, 0.955863, 1, 

20,8,0.001, 0.0209215, 0.0327599, 0.0353492, 0.0539399, 0.156269, 0.110765, 0.31141, 0.609192, 1, 

19,14,0.001, 0.0332506, 0.0937364, 0.110765, 0.156269, 0.370157, 1, 

24,3,0.001, 0.0325504, 0.0404251, 0.0474762, 0.0556359, 0.13458, 0.15435, 0.212034, 0.17107, 0.183431, 0.207106, 0.386163, 0.918291, 0.978759, 1, 

Generation #24
37,2,0.001, 0.0325504, 0.0404251, 0.0474762, 0.0556359, 0.13458, 0.15435, 0.212034, 0.214507, 0.272995, 0.314944, 0.324677, 0.386163, 0.396489, 0.476648, 0.550497, 0.567261, 0.629266, 0.658216, 0.718294, 0.737234, 0.761003, 0.787126, 0.805893, 0.890209, 0.949692, 0.955114, 0.992781, 1, 

22,6,0.001, 0.0325504, 0.0404251, 0.0474762, 0.0901018, 0.138317, 0.139346, 0.17107, 0.208889, 0.356278, 0.634892, 0.876915, 0.955863, 1, 

20,8,0.001, 0.0209215, 0.0327599, 0.0353492, 0.0539399, 0.156269, 0.110765, 0.31141, 0.609192, 1, 

19,14,0.001, 0.0332506, 0.0937364, 0.110765, 0.156269, 0.370157, 1, 

24,3,0.001, 0.0325504, 0.0404251, 0.0474762, 0.0556359, 0.13458, 0.15435, 0.212034, 0.17107, 0.183431, 0.207106, 0.386163, 0.918291, 0.978759, 1, 

Generation #25
37,2,0.001, 0.0325504, 0.0404251, 0.0474762, 0.0556359, 0.13458, 0.15435, 0.212034, 0.214507, 0.272995, 0.314944, 0.324677, 0.386163, 0.396489, 0.476648, 0.550497, 0.567261, 0.629266, 0.658216, 0.718294, 0.737234, 0.761003, 0.787126, 0.805893, 0.890209, 0.949692, 0.955114, 0.992781, 1, 

22,6,0.001, 0.0325504, 0.0404251, 0.0474762, 0.0901018, 0.138317, 0.139346, 0.17107, 0.208889, 0.356278, 0.634892, 0.876915, 0.955863, 1, 

20,8,0.001, 0.0209215, 0.0327599, 0.0353492, 0.0539399, 0.156269, 0.110765, 0.31141, 0.609192, 1, 

19,14,0.001, 0.0332506, 0.0937364, 0.110765, 0.156269, 0.370157, 1, 

24,3,0.001, 0.0325504, 0.0404251, 0.0474762, 0.0556359, 0.13458, 0.15435, 0.212034, 0.17107, 0.183431, 0.207106, 0.386163, 0.918291, 0.978759, 1, 

Generation #26
37,2,0.001, 0.0325504, 0.0404251, 0.0474762, 0.0556359, 0.13458, 0.15435, 0.212034, 0.214507, 0.272995, 0.314944, 0.324677, 0.386163, 0.396489, 0.476648, 0.550497, 0.567261, 0.629266, 0.658216, 0.718294, 0.737234, 0.761003, 0.787126, 0.805893, 0.890209, 0.949692, 0.955114, 0.992781, 1, 

22,6,0.001, 0.0325504, 0.0404251, 0.0474762, 0.0901018, 0.138317, 0.139346, 0.17107, 0.208889, 0.356278, 0.634892, 0.876915, 0.955863, 1, 

20,8,0.001, 0.0209215, 0.0327599, 0.0353492, 0.0539399, 0.156269, 0.110765, 0.31141, 0.609192, 1, 

19,14,0.001, 0.0332506, 0.0937364, 0.110765, 0.156269, 0.370157, 1, 

24,3,0.001, 0.0325504, 0.0404251, 0.0474762, 0.0556359, 0.13458, 0.15435, 0.212034, 0.17107, 0.183431, 0.207106, 0.386163, 0.918291, 0.978759, 1, 

Generation #27
37,2,0.001, 0.0325504, 0.0404251, 0.0474762, 0.0556359, 0.13458, 0.15435, 0.212034, 0.214507, 0.272995, 0.314944, 0.324677, 0.386163, 0.396489, 0.476648, 0.550497, 0.567261, 0.629266, 0.658216, 0.718294, 0.737234, 0.761003, 0.787126, 0.805893, 0.890209, 0.949692, 0.955114, 0.992781, 1, 

22,6,0.001, 0.0325504, 0.0404251, 0.0474762, 0.0901018, 0.138317, 0.139346, 0.17107, 0.208889, 0.356278, 0.634892, 0.876915, 0.955863, 1, 

20,8,0.001, 0.0209215, 0.0327599, 0.0353492, 0.0539399, 0.156269, 0.110765, 0.31141, 0.609192, 1, 

19,14,0.001, 0.0332506, 0.0937364, 0.110765, 0.156269, 0.370157, 1, 

24,3,0.001, 0.0325504, 0.0404251, 0.0474762, 0.0556359, 0.13458, 0.15435, 0.212034, 0.17107, 0.183431, 0.207106, 0.386163, 0.918291, 0.978759, 1, 

Generation #28
37,2,0.001, 0.0325504, 0.0404251, 0.0474762, 0.0556359, 0.13458, 0.15435, 0.212034, 0.214507, 0.272995, 0.314944, 0.324677, 0.386163, 0.396489, 0.476648, 0.550497, 0.567261, 0.629266, 0.658216, 0.718294, 0.737234, 0.761003, 0.787126, 0.805893, 0.890209, 0.949692, 0.955114, 0.992781, 1, 

22,6,0.001, 0.0325504, 0.0404251, 0.0474762, 0.0901018, 0.138317, 0.139346, 0.17107, 0.208889, 0.356278, 0.634892, 0.876915, 0.955863, 1, 

20,8,0.001, 0.0209215, 0.0327599, 0.0353492, 0.0539399, 0.156269, 0.110765, 0.31141, 0.609192, 1, 

19,14,0.001, 0.0332506, 0.0937364, 0.110765, 0.156269, 0.370157, 1, 

24,3,0.001, 0.0325504, 0.0404251, 0.0474762, 0.0556359, 0.13458, 0.15435, 0.212034, 0.17107, 0.183431, 0.207106, 0.386163, 0.918291, 0.978759, 1, 

Generation #29
37,2,0.001, 0.0325504, 0.0404251, 0.0474762, 0.0556359, 0.13458, 0.15435, 0.212034, 0.214507, 0.272995, 0.314944, 0.324677, 0.386163, 0.396489, 0.476648, 0.550497, 0.567261, 0.629266, 0.658216, 0.718294, 0.737234, 0.761003, 0.787126, 0.805893, 0.890209, 0.949692, 0.955114, 0.992781, 1, 

22,6,0.001, 0.0325504, 0.0404251, 0.0474762, 0.0901018, 0.138317, 0.139346, 0.17107, 0.208889, 0.356278, 0.634892, 0.876915, 0.955863, 1, 

20,8,0.001, 0.0209215, 0.0327599, 0.0353492, 0.0539399, 0.156269, 0.110765, 0.31141, 0.609192, 1, 

19,14,0.001, 0.0332506, 0.0937364, 0.110765, 0.156269, 0.370157, 1, 

24,3,0.001, 0.0325504, 0.0404251, 0.0474762, 0.0556359, 0.13458, 0.15435, 0.212034, 0.17107, 0.183431, 0.207106, 0.386163, 0.918291, 0.978759, 1, 

Generation #30
37,2,0.001, 0.0325504, 0.0404251, 0.0474762, 0.0556359, 0.13458, 0.15435, 0.212034, 0.214507, 0.272995, 0.314944, 0.324677, 0.386163, 0.396489, 0.476648, 0.550497, 0.567261, 0.629266, 0.658216, 0.718294, 0.737234, 0.761003, 0.787126, 0.805893, 0.890209, 0.949692, 0.955114, 0.992781, 1, 

22,6,0.001, 0.0325504, 0.0404251, 0.0474762, 0.0901018, 0.138317, 0.139346, 0.17107, 0.208889, 0.356278, 0.634892, 0.876915, 0.955863, 1, 

20,8,0.001, 0.0209215, 0.0327599, 0.0353492, 0.0539399, 0.156269, 0.110765, 0.31141, 0.609192, 1, 

24,3,0.001, 0.0325504, 0.0404251, 0.0474762, 0.0556359, 0.13458, 0.15435, 0.212034, 0.17107, 0.183431, 0.207106, 0.386163, 0.918291, 0.978759, 1, 

18,30,0.001, 0.0209215, 0.122054, 0.0804244, 0.370157, 1, 

19,10,0.00961375, 0.0404251, 0.0353492, 0.0539399, 0.274578, 0.297806, 0.370157, 1, 

Generation #31
37,2,0.001, 0.0325504, 0.0404251, 0.0474762, 0.0556359, 0.13458, 0.15435, 0.212034, 0.214507, 0.272995, 0.314944, 0.324677, 0.386163, 0.396489, 0.476648, 0.550497, 0.567261, 0.629266, 0.658216, 0.718294, 0.737234, 0.761003, 0.787126, 0.805893, 0.890209, 0.949692, 0.955114, 0.992781, 1, 

22,6,0.001, 0.0325504, 0.0404251, 0.0474762, 0.0901018, 0.138317, 0.139346, 0.17107, 0.208889, 0.356278, 0.634892, 0.876915, 0.955863, 1, 

20,8,0.001, 0.0209215, 0.0327599, 0.0353492, 0.0539399, 0.156269, 0.110765, 0.31141, 0.609192, 1, 

24,3,0.001, 0.0325504, 0.0404251, 0.0474762, 0.0556359, 0.13458, 0.15435, 0.212034, 0.17107, 0.183431, 0.207106, 0.386163, 0.918291, 0.978759, 1, 

18,30,0.001, 0.0209215, 0.122054, 0.0804244, 0.370157, 1, 

19,10,0.00961375, 0.0404251, 0.0353492, 0.0539399, 0.274578, 0.297806, 0.370157, 1, 

Generation #32
37,2,0.001, 0.0325504, 0.0404251, 0.0474762, 0.0556359, 0.13458, 0.15435, 0.212034, 0.214507, 0.272995, 0.314944, 0.324677, 0.386163, 0.396489, 0.476648, 0.550497, 0.567261, 0.629266, 0.658216, 0.718294, 0.737234, 0.761003, 0.787126, 0.805893, 0.890209, 0.949692, 0.955114, 0.992781, 1, 

22,6,0.001, 0.0325504, 0.0404251, 0.0474762, 0.0901018, 0.138317, 0.139346, 0.17107, 0.208889, 0.356278, 0.634892, 0.876915, 0.955863, 1, 

20,8,0.001, 0.0209215, 0.0327599, 0.0353492, 0.0539399, 0.156269, 0.110765, 0.31141, 0.609192, 1, 

24,3,0.001, 0.0325504, 0.0404251, 0.0474762, 0.0556359, 0.13458, 0.15435, 0.212034, 0.17107, 0.183431, 0.207106, 0.386163, 0.918291, 0.978759, 1, 

18,30,0.001, 0.0209215, 0.122054, 0.0804244, 0.370157, 1, 

19,10,0.00961375, 0.0404251, 0.0353492, 0.0539399, 0.274578, 0.297806, 0.370157, 1, 

Generation #33
37,2,0.001, 0.0325504, 0.0404251, 0.0474762, 0.0556359, 0.13458, 0.15435, 0.212034, 0.214507, 0.272995, 0.314944, 0.324677, 0.386163, 0.396489, 0.476648, 0.550497, 0.567261, 0.629266, 0.658216, 0.718294, 0.737234, 0.761003, 0.787126, 0.805893, 0.890209, 0.949692, 0.955114, 0.992781, 1, 

22,6,0.001, 0.0325504, 0.0404251, 0.0474762, 0.0901018, 0.138317, 0.139346, 0.17107, 0.208889, 0.356278, 0.634892, 0.876915, 0.955863, 1, 

20,8,0.001, 0.0209215, 0.0327599, 0.0353492, 0.0539399, 0.156269, 0.110765, 0.31141, 0.609192, 1, 

24,3,0.001, 0.0325504, 0.0404251, 0.0474762, 0.0556359, 0.13458, 0.15435, 0.212034, 0.17107, 0.183431, 0.207106, 0.386163, 0.918291, 0.978759, 1, 

18,30,0.001, 0.0209215, 0.122054, 0.0804244, 0.370157, 1, 

19,10,0.00961375, 0.0404251, 0.0353492, 0.0539399, 0.274578, 0.297806, 0.370157, 1, 

Generation #34
37,2,0.001, 0.0325504, 0.0404251, 0.0474762, 0.0556359, 0.13458, 0.15435, 0.212034, 0.214507, 0.272995, 0.314944, 0.324677, 0.386163, 0.396489, 0.476648, 0.550497, 0.567261, 0.629266, 0.658216, 0.718294, 0.737234, 0.761003, 0.787126, 0.805893, 0.890209, 0.949692, 0.955114, 0.992781, 1, 

22,6,0.001, 0.0325504, 0.0404251, 0.0474762, 0.0901018, 0.138317, 0.139346, 0.17107, 0.208889, 0.356278, 0.634892, 0.876915, 0.955863, 1, 

20,8,0.001, 0.0209215, 0.0327599, 0.0353492, 0.0539399, 0.156269, 0.110765, 0.31141, 0.609192, 1, 

24,3,0.001, 0.0325504, 0.0404251, 0.0474762, 0.0556359, 0.13458, 0.15435, 0.212034, 0.17107, 0.183431, 0.207106, 0.386163, 0.918291, 0.978759, 1, 

18,30,0.001, 0.0209215, 0.122054, 0.0804244, 0.370157, 1, 

19,10,0.00961375, 0.0404251, 0.0353492, 0.0539399, 0.274578, 0.297806, 0.370157, 1, 

Generation #35
37,2,0.001, 0.0325504, 0.0404251, 0.0474762, 0.0556359, 0.13458, 0.15435, 0.212034, 0.214507, 0.272995, 0.314944, 0.324677, 0.386163, 0.396489, 0.476648, 0.550497, 0.567261, 0.629266, 0.658216, 0.718294, 0.737234, 0.761003, 0.787126, 0.805893, 0.890209, 0.949692, 0.955114, 0.992781, 1, 

22,6,0.001, 0.0325504, 0.0404251, 0.0474762, 0.0901018, 0.138317, 0.139346, 0.17107, 0.208889, 0.356278, 0.634892, 0.876915, 0.955863, 1, 

20,8,0.001, 0.0209215, 0.0327599, 0.0353492, 0.0539399, 0.156269, 0.110765, 0.31141, 0.609192, 1, 

24,3,0.001, 0.0325504, 0.0404251, 0.0474762, 0.0556359, 0.13458, 0.15435, 0.212034, 0.17107, 0.183431, 0.207106, 0.386163, 0.918291, 0.978759, 1, 

18,30,0.001, 0.0209215, 0.122054, 0.0804244, 0.370157, 1, 

19,10,0.00961375, 0.0404251, 0.0353492, 0.0539399, 0.274578, 0.297806, 0.370157, 1, 

Generation #36
37,2,0.001, 0.0325504, 0.0404251, 0.0474762, 0.0556359, 0.13458, 0.15435, 0.212034, 0.214507, 0.272995, 0.314944, 0.324677, 0.386163, 0.396489, 0.476648, 0.550497, 0.567261, 0.629266, 0.658216, 0.718294, 0.737234, 0.761003, 0.787126, 0.805893, 0.890209, 0.949692, 0.955114, 0.992781, 1, 

22,6,0.001, 0.0325504, 0.0404251, 0.0474762, 0.0901018, 0.138317, 0.139346, 0.17107, 0.208889, 0.356278, 0.634892, 0.876915, 0.955863, 1, 

24,3,0.001, 0.0325504, 0.0404251, 0.0474762, 0.0556359, 0.13458, 0.15435, 0.212034, 0.17107, 0.183431, 0.207106, 0.386163, 0.918291, 0.978759, 1, 

18,30,0.001, 0.0209215, 0.122054, 0.0804244, 0.370157, 1, 

19,10,0.00961375, 0.0404251, 0.0353492, 0.0539399, 0.274578, 0.297806, 0.370157, 1, 

20,7,0.001, 0.0240718, 0.122054, 0.0804244, 0.0851146, 0.0901018, 0.128834, 0.139163, 0.207106, 1, 

Generation #37
37,2,0.001, 0.0325504, 0.0404251, 0.0474762, 0.0556359, 0.13458, 0.15435, 0.212034, 0.214507, 0.272995, 0.314944, 0.324677, 0.386163, 0.396489, 0.476648, 0.550497, 0.567261, 0.629266, 0.658216, 0.718294, 0.737234, 0.761003, 0.787126, 0.805893, 0.890209, 0.949692, 0.955114, 0.992781, 1, 

22,6,0.001, 0.0325504, 0.0404251, 0.0474762, 0.0901018, 0.138317, 0.139346, 0.17107, 0.208889, 0.356278, 0.634892, 0.876915, 0.955863, 1, 

24,3,0.001, 0.0325504, 0.0404251, 0.0474762, 0.0556359, 0.13458, 0.15435, 0.212034, 0.17107, 0.183431, 0.207106, 0.386163, 0.918291, 0.978759, 1, 

18,30,0.001, 0.0209215, 0.122054, 0.0804244, 0.370157, 1, 

19,10,0.00961375, 0.0404251, 0.0353492, 0.0539399, 0.274578, 0.297806, 0.370157, 1, 

20,7,0.001, 0.0240718, 0.122054, 0.0804244, 0.0851146, 0.0901018, 0.128834, 0.139163, 0.207106, 1, 

Generation #38
37,2,0.001, 0.0325504, 0.0404251, 0.0474762, 0.0556359, 0.13458, 0.15435, 0.212034, 0.214507, 0.272995, 0.314944, 0.324677, 0.386163, 0.396489, 0.476648, 0.550497, 0.567261, 0.629266, 0.658216, 0.718294, 0.737234, 0.761003, 0.787126, 0.805893, 0.890209, 0.949692, 0.955114, 0.992781, 1, 

18,30,0.001, 0.0209215, 0.122054, 0.0804244, 0.370157, 1, 

19,6,0.001, 0.132018, 0.0332506, 0.0937364, 0.0961811, 0.13458, 0.128834, 0.139163, 0.207106, 1, 

23,3,0.001, 0.0415989, 0.029077, 0.0306379, 0.0871963, 0.104812, 0.127863, 0.139163, 0.183431, 0.207106, 0.22398, 0.918291, 0.978759, 0.978759, 1, 

Generation #39
37,2,0.001, 0.0325504, 0.0404251, 0.0474762, 0.0556359, 0.13458, 0.15435, 0.212034, 0.214507, 0.272995, 0.314944, 0.324677, 0.386163, 0.396489, 0.476648, 0.550497, 0.567261, 0.629266, 0.658216, 0.718294, 0.737234, 0.761003, 0.787126, 0.805893, 0.890209, 0.949692, 0.955114, 0.992781, 1, 

18,30,0.001, 0.0209215, 0.122054, 0.0804244, 0.370157, 1, 

19,6,0.001, 0.132018, 0.0332506, 0.0937364, 0.0961811, 0.13458, 0.128834, 0.139163, 0.207106, 1, 

23,3,0.001, 0.0415989, 0.029077, 0.0306379, 0.0871963, 0.104812, 0.127863, 0.139163, 0.183431, 0.207106, 0.22398, 0.918291, 0.978759, 0.978759, 1, 

Generation #40
37,2,0.001, 0.0325504, 0.0404251, 0.0474762, 0.0556359, 0.13458, 0.15435, 0.212034, 0.214507, 0.272995, 0.314944, 0.324677, 0.386163, 0.396489, 0.476648, 0.550497, 0.567261, 0.629266, 0.658216, 0.718294, 0.737234, 0.761003, 0.787126, 0.805893, 0.890209, 0.949692, 0.955114, 0.992781, 1, 

18,30,0.001, 0.0209215, 0.122054, 0.0804244, 0.370157, 1, 

19,6,0.001, 0.132018, 0.0332506, 0.0937364, 0.0961811, 0.13458, 0.128834, 0.139163, 0.207106, 1, 

23,3,0.001, 0.0415989, 0.029077, 0.0306379, 0.0871963, 0.104812, 0.127863, 0.139163, 0.183431, 0.207106, 0.22398, 0.918291, 0.978759, 0.978759, 1, 

22,5,0.001, 0.0209215, 0.0327599, 0.0353492, 0.108948, 0.110765, 0.128834, 0.128834, 0.139163, 0.00513797, 0.183431, 0.207106, 0.22398, 0.918291, 1, 

Generation #41
37,2,0.001, 0.0325504, 0.0404251, 0.0474762, 0.0556359, 0.13458, 0.15435, 0.212034, 0.214507, 0.272995, 0.314944, 0.324677, 0.386163, 0.396489, 0.476648, 0.550497, 0.567261, 0.629266, 0.658216, 0.718294, 0.737234, 0.761003, 0.787126, 0.805893, 0.890209, 0.949692, 0.955114, 0.992781, 1, 

18,30,0.001, 0.0209215, 0.122054, 0.0804244, 0.370157, 1, 

19,6,0.001, 0.132018, 0.0332506, 0.0937364, 0.0961811, 0.13458, 0.128834, 0.139163, 0.207106, 1, 

23,3,0.001, 0.0415989, 0.029077, 0.0306379, 0.0871963, 0.104812, 0.127863, 0.139163, 0.183431, 0.207106, 0.22398, 0.918291, 0.978759, 0.978759, 1, 

22,5,0.001, 0.0209215, 0.0327599, 0.0353492, 0.108948, 0.110765, 0.128834, 0.128834, 0.139163, 0.00513797, 0.183431, 0.207106, 0.22398, 0.918291, 1, 

Generation #42
37,2,0.001, 0.0325504, 0.0404251, 0.0474762, 0.0556359, 0.13458, 0.15435, 0.212034, 0.214507, 0.272995, 0.314944, 0.324677, 0.386163, 0.396489, 0.476648, 0.550497, 0.567261, 0.629266, 0.658216, 0.718294, 0.737234, 0.761003, 0.787126, 0.805893, 0.890209, 0.949692, 0.955114, 0.992781, 1, 

18,30,0.001, 0.0209215, 0.122054, 0.0804244, 0.370157, 1, 

19,6,0.001, 0.132018, 0.0332506, 0.0937364, 0.0961811, 0.13458, 0.128834, 0.139163, 0.207106, 1, 

23,3,0.001, 0.0415989, 0.029077, 0.0306379, 0.0871963, 0.104812, 0.127863, 0.139163, 0.183431, 0.207106, 0.22398, 0.918291, 0.978759, 0.978759, 1, 

22,5,0.001, 0.0209215, 0.0327599, 0.0353492, 0.108948, 0.110765, 0.128834, 0.128834, 0.139163, 0.00513797, 0.183431, 0.207106, 0.22398, 0.918291, 1, 

Generation #43
37,2,0.001, 0.0325504, 0.0404251, 0.0474762, 0.0556359, 0.13458, 0.15435, 0.212034, 0.214507, 0.272995, 0.314944, 0.324677, 0.386163, 0.396489, 0.476648, 0.550497, 0.567261, 0.629266, 0.658216, 0.718294, 0.737234, 0.761003, 0.787126, 0.805893, 0.890209, 0.949692, 0.955114, 0.992781, 1, 

18,30,0.001, 0.0209215, 0.122054, 0.0804244, 0.370157, 1, 

19,6,0.001, 0.132018, 0.0332506, 0.0937364, 0.0961811, 0.13458, 0.128834, 0.139163, 0.207106, 1, 

23,3,0.001, 0.0415989, 0.029077, 0.0306379, 0.0871963, 0.104812, 0.127863, 0.139163, 0.183431, 0.207106, 0.22398, 0.918291, 0.978759, 0.978759, 1, 

22,5,0.001, 0.0209215, 0.0327599, 0.0353492, 0.108948, 0.110765, 0.128834, 0.128834, 0.139163, 0.00513797, 0.183431, 0.207106, 0.22398, 0.918291, 1, 

Generation #44
37,2,0.001, 0.0325504, 0.0404251, 0.0474762, 0.0556359, 0.13458, 0.15435, 0.212034, 0.214507, 0.272995, 0.314944, 0.324677, 0.386163, 0.396489, 0.476648, 0.550497, 0.567261, 0.629266, 0.658216, 0.718294, 0.737234, 0.761003, 0.787126, 0.805893, 0.890209, 0.949692, 0.955114, 0.992781, 1, 

18,30,0.001, 0.0209215, 0.122054, 0.0804244, 0.370157, 1, 

19,6,0.001, 0.132018, 0.0332506, 0.0937364, 0.0961811, 0.13458, 0.128834, 0.139163, 0.207106, 1, 

23,3,0.001, 0.0415989, 0.029077, 0.0306379, 0.0871963, 0.104812, 0.127863, 0.139163, 0.183431, 0.207106, 0.22398, 0.918291, 0.978759, 0.978759, 1, 

22,5,0.001, 0.0209215, 0.0327599, 0.0353492, 0.108948, 0.110765, 0.128834, 0.128834, 0.139163, 0.00513797, 0.183431, 0.207106, 0.22398, 0.918291, 1, 

Generation #45
37,2,0.001, 0.0325504, 0.0404251, 0.0474762, 0.0556359, 0.13458, 0.15435, 0.212034, 0.214507, 0.272995, 0.314944, 0.324677, 0.386163, 0.396489, 0.476648, 0.550497, 0.567261, 0.629266, 0.658216, 0.718294, 0.737234, 0.761003, 0.787126, 0.805893, 0.890209, 0.949692, 0.955114, 0.992781, 1, 

19,6,0.001, 0.132018, 0.0332506, 0.0937364, 0.0961811, 0.13458, 0.128834, 0.139163, 0.207106, 1, 

23,3,0.001, 0.0415989, 0.029077, 0.0306379, 0.0871963, 0.104812, 0.127863, 0.139163, 0.183431, 0.207106, 0.22398, 0.918291, 0.978759, 0.978759, 1, 

22,5,0.001, 0.0209215, 0.0327599, 0.0353492, 0.108948, 0.110765, 0.128834, 0.128834, 0.139163, 0.00513797, 0.183431, 0.207106, 0.22398, 0.918291, 1, 

18,25,0.001, 0.0325504, 0.0404251, 0.0353492, 0.0539399, 0.370157, 1, 

Generation #46
37,2,0.001, 0.0325504, 0.0404251, 0.0474762, 0.0556359, 0.13458, 0.15435, 0.212034, 0.214507, 0.272995, 0.314944, 0.324677, 0.386163, 0.396489, 0.476648, 0.550497, 0.567261, 0.629266, 0.658216, 0.718294, 0.737234, 0.761003, 0.787126, 0.805893, 0.890209, 0.949692, 0.955114, 0.992781, 1, 

19,6,0.001, 0.132018, 0.0332506, 0.0937364, 0.0961811, 0.13458, 0.128834, 0.139163, 0.207106, 1, 

23,3,0.001, 0.0415989, 0.029077, 0.0306379, 0.0871963, 0.104812, 0.127863, 0.139163, 0.183431, 0.207106, 0.22398, 0.918291, 0.978759, 0.978759, 1, 

22,5,0.001, 0.0209215, 0.0327599, 0.0353492, 0.108948, 0.110765, 0.128834, 0.128834, 0.139163, 0.00513797, 0.183431, 0.207106, 0.22398, 0.918291, 1, 

18,25,0.001, 0.0325504, 0.0404251, 0.0353492, 0.0539399, 0.370157, 1, 

Generation #47
37,2,0.001, 0.0325504, 0.0404251, 0.0474762, 0.0556359, 0.13458, 0.15435, 0.212034, 0.214507, 0.272995, 0.314944, 0.324677, 0.386163, 0.396489, 0.476648, 0.550497, 0.567261, 0.629266, 0.658216, 0.718294, 0.737234, 0.761003, 0.787126, 0.805893, 0.890209, 0.949692, 0.955114, 0.992781, 1, 

19,6,0.001, 0.132018, 0.0332506, 0.0937364, 0.0961811, 0.13458, 0.128834, 0.139163, 0.207106, 1, 

23,3,0.001, 0.0415989, 0.029077, 0.0306379, 0.0871963, 0.104812, 0.127863, 0.139163, 0.183431, 0.207106, 0.22398, 0.918291, 0.978759, 0.978759, 1, 

22,5,0.001, 0.0209215, 0.0327599, 0.0353492, 0.108948, 0.110765, 0.128834, 0.128834, 0.139163, 0.00513797, 0.183431, 0.207106, 0.22398, 0.918291, 1, 

18,25,0.001, 0.0325504, 0.0404251, 0.0353492, 0.0539399, 0.370157, 1, 

Generation #48
37,2,0.001, 0.0325504, 0.0404251, 0.0474762, 0.0556359, 0.13458, 0.15435, 0.212034, 0.214507, 0.272995, 0.314944, 0.324677, 0.386163, 0.396489, 0.476648, 0.550497, 0.567261, 0.629266, 0.658216, 0.718294, 0.737234, 0.761003, 0.787126, 0.805893, 0.890209, 0.949692, 0.955114, 0.992781, 1, 

19,6,0.001, 0.132018, 0.0332506, 0.0937364, 0.0961811, 0.13458, 0.128834, 0.139163, 0.207106, 1, 

23,3,0.001, 0.0415989, 0.029077, 0.0306379, 0.0871963, 0.104812, 0.127863, 0.139163, 0.183431, 0.207106, 0.22398, 0.918291, 0.978759, 0.978759, 1, 

22,5,0.001, 0.0209215, 0.0327599, 0.0353492, 0.108948, 0.110765, 0.128834, 0.128834, 0.139163, 0.00513797, 0.183431, 0.207106, 0.22398, 0.918291, 1, 

18,25,0.001, 0.0325504, 0.0404251, 0.0353492, 0.0539399, 0.370157, 1, 

Generation #49
37,2,0.001, 0.0325504, 0.0404251, 0.0474762, 0.0556359, 0.13458, 0.15435, 0.212034, 0.214507, 0.272995, 0.314944, 0.324677, 0.386163, 0.396489, 0.476648, 0.550497, 0.567261, 0.629266, 0.658216, 0.718294, 0.737234, 0.761003, 0.787126, 0.805893, 0.890209, 0.949692, 0.955114, 0.992781, 1, 

19,6,0.001, 0.132018, 0.0332506, 0.0937364, 0.0961811, 0.13458, 0.128834, 0.139163, 0.207106, 1, 

23,3,0.001, 0.0415989, 0.029077, 0.0306379, 0.0871963, 0.104812, 0.127863, 0.139163, 0.183431, 0.207106, 0.22398, 0.918291, 0.978759, 0.978759, 1, 

22,5,0.001, 0.0209215, 0.0327599, 0.0353492, 0.108948, 0.110765, 0.128834, 0.128834, 0.139163, 0.00513797, 0.183431, 0.207106, 0.22398, 0.918291, 1, 

18,25,0.001, 0.0325504, 0.0404251, 0.0353492, 0.0539399, 0.370157, 1, 

--- Pareto Front Solutions ---
Solution 0: N total=101 (N_initial=64, N_added=37), Time total=12 ms, Saved to: ./results/Bugzilla_t2_l4_pareto_0.csv, percents=0.001, 0.0325504, 0.0404251, 0.0474762, 0.0556359, 0.13458, 0.15435, 0.212034, 0.214507, 0.272995, 0.314944, 0.324677, 0.386163, 0.396489, 0.476648, 0.550497, 0.567261, 0.629266, 0.658216, 0.718294, 0.737234, 0.761003, 0.787126, 0.805893, 0.890209, 0.949692, 0.955114, 0.992781, 1, 

Solution 1: N total=83 (N_initial=64, N_added=19), Time total=16 ms, Saved to: ./results/Bugzilla_t2_l4_pareto_1.csv, percents=0.001, 0.132018, 0.0332506, 0.0937364, 0.0961811, 0.13458, 0.128834, 0.139163, 0.207106, 1, 

Solution 2: N total=87 (N_initial=64, N_added=23), Time total=13 ms, Saved to: ./results/Bugzilla_t2_l4_pareto_2.csv, percents=0.001, 0.0415989, 0.029077, 0.0306379, 0.0871963, 0.104812, 0.127863, 0.139163, 0.183431, 0.207106, 0.22398, 0.918291, 0.978759, 0.978759, 1, 

Solution 3: N total=86 (N_initial=64, N_added=22), Time total=15 ms, Saved to: ./results/Bugzilla_t2_l4_pareto_3.csv, percents=0.001, 0.0209215, 0.0327599, 0.0353492, 0.108948, 0.110765, 0.128834, 0.128834, 0.139163, 0.00513797, 0.183431, 0.207106, 0.22398, 0.918291, 1, 

Solution 4: N total=82 (N_initial=64, N_added=18), Time total=35 ms, Saved to: ./results/Bugzilla_t2_l4_pareto_4.csv, percents=0.001, 0.0325504, 0.0404251, 0.0353492, 0.0539399, 0.370157, 1, 

