------------d=1, t=2, lambda=1, filename=./evaluation/Bugzilla/Bugzilla_2_1.csv------------
Computing partitioned counts of d-sets...
Ready to look at pairs based on partitioned counts...
First Stage N=18, Time=28
There are 9089 remaining non-locating pairs
--- Running GA Algorithm (phase2) ---
Running GA with std::execution::par
Generation #0
39,725,0.001, 0.0565881, 0.0702306, 0.105083, 0.274594, 0.306062, 0.341232, 0.378361, 0.404308, 0.419595, 0.487233, 0.499855, 0.560467, 0.596326, 0.623889, 0.668683, 0.687021, 0.786031, 0.860464, 0.966642, 1, 

41,603,0.001, 0.0691965, 0.0903244, 0.091733, 0.181093, 0.206716, 0.275426, 0.294544, 0.367745, 0.376844, 0.419575, 0.58257, 0.681956, 0.730174, 0.790543, 0.830789, 0.837945, 0.848143, 0.885335, 1, 

37,922,0.001, 0.0600788, 0.0635621, 0.186926, 0.393744, 0.428939, 0.462547, 0.528912, 0.586828, 0.59682, 0.710195, 0.749947, 0.797568, 0.797852, 0.857405, 1, 

30,1194,0.001, 0.0970704, 0.133815, 0.193307, 0.314824, 0.330009, 0.392028, 0.397921, 0.422169, 0.783244, 0.803073, 0.930679, 1, 

42,396,0.001, 0.0219461, 0.0261442, 0.0262016, 0.0663368, 0.100799, 0.164494, 0.217953, 0.230267, 0.239707, 0.475426, 0.477239, 0.511489, 0.606937, 0.610299, 0.685118, 0.749872, 0.761045, 0.79815, 0.843834, 0.85952, 0.956795, 1, 

40,662,0.001, 0.0141455, 0.0218816, 0.0456565, 0.126535, 0.171676, 0.223503, 0.360442, 0.365705, 0.45636, 0.479251, 0.508095, 0.573131, 0.69156, 0.698453, 0.828251, 0.841254, 0.951562, 1, 

Generation #1
30,1194,0.001, 0.0970704, 0.133815, 0.193307, 0.314824, 0.330009, 0.392028, 0.397921, 0.422169, 0.783244, 0.803073, 0.930679, 1, 

41,306,0.001, 0.0219461, 0.0261442, 0.0262016, 0.0663368, 0.100799, 0.164494, 0.217953, 0.230267, 0.239707, 0.475426, 0.477239, 0.511489, 0.606937, 0.739363, 0.774425, 0.818322, 0.834638, 0.970637, 0.979585, 1, 

31,705,0.001, 0.0919523, 0.097478, 0.113159, 0.163775, 0.169612, 0.218198, 0.235176, 0.932469, 0.993654, 1, 

38,329,0.001, 0.0219461, 0.0261442, 0.0262016, 0.0663368, 0.100799, 0.425028, 0.44652, 0.475025, 0.556769, 0.629394, 0.724175, 0.7556, 0.828216, 0.865924, 0.931853, 0.697555, 1, 

32,337,0.001, 0.0211516, 0.0392133, 0.0765168, 0.109886, 0.119161, 0.216399, 0.246362, 0.302584, 0.345675, 0.346068, 0.886671, 0.887786, 1, 

Generation #2
41,306,0.001, 0.0219461, 0.0261442, 0.0262016, 0.0663368, 0.100799, 0.164494, 0.217953, 0.230267, 0.239707, 0.475426, 0.477239, 0.511489, 0.606937, 0.739363, 0.774425, 0.818322, 0.834638, 0.970637, 0.979585, 1, 

28,599,0.001, 0.017851, 0.0501659, 0.0513067, 0.423571, 0.542285, 0.631528, 0.655526, 0.842261, 1, 

30,391,0.001, 0.016831, 0.0528152, 0.0980615, 0.106911, 0.119235, 0.150345, 0.17776, 0.247358, 0.979017, 1, 

32,328,0.001, 0.0219461, 0.0261442, 0.0262016, 0.0663368, 0.100799, 0.164494, 0.217953, 0.230267, 0.239707, 0.475426, 0.477239, 0.511489, 1, 

Generation #3
41,306,0.001, 0.0219461, 0.0261442, 0.0262016, 0.0663368, 0.100799, 0.164494, 0.217953, 0.230267, 0.239707, 0.475426, 0.477239, 0.511489, 0.606937, 0.739363, 0.774425, 0.818322, 0.834638, 0.970637, 0.979585, 1, 

28,599,0.001, 0.017851, 0.0501659, 0.0513067, 0.423571, 0.542285, 0.631528, 0.655526, 0.842261, 1, 

30,391,0.001, 0.016831, 0.0528152, 0.0980615, 0.106911, 0.119235, 0.150345, 0.17776, 0.247358, 0.979017, 1, 

32,328,0.001, 0.0219461, 0.0261442, 0.0262016, 0.0663368, 0.100799, 0.164494, 0.217953, 0.230267, 0.239707, 0.475426, 0.477239, 0.511489, 1, 

Generation #4
41,306,0.001, 0.0219461, 0.0261442, 0.0262016, 0.0663368, 0.100799, 0.164494, 0.217953, 0.230267, 0.239707, 0.475426, 0.477239, 0.511489, 0.606937, 0.739363, 0.774425, 0.818322, 0.834638, 0.970637, 0.979585, 1, 

28,599,0.001, 0.017851, 0.0501659, 0.0513067, 0.423571, 0.542285, 0.631528, 0.655526, 0.842261, 1, 

30,391,0.001, 0.016831, 0.0528152, 0.0980615, 0.106911, 0.119235, 0.150345, 0.17776, 0.247358, 0.979017, 1, 

32,328,0.001, 0.0219461, 0.0261442, 0.0262016, 0.0663368, 0.100799, 0.164494, 0.217953, 0.230267, 0.239707, 0.475426, 0.477239, 0.511489, 1, 

29,565,0.001, 0.016831, 0.0528152, 0.0980615, 0.106911, 0.119235, 0.150345, 0.17776, 0.247358, 0.299091, 1, 

Generation #5
41,306,0.001, 0.0219461, 0.0261442, 0.0262016, 0.0663368, 0.100799, 0.164494, 0.217953, 0.230267, 0.239707, 0.475426, 0.477239, 0.511489, 0.606937, 0.739363, 0.774425, 0.818322, 0.834638, 0.970637, 0.979585, 1, 

28,599,0.001, 0.017851, 0.0501659, 0.0513067, 0.423571, 0.542285, 0.631528, 0.655526, 0.842261, 1, 

32,328,0.001, 0.0219461, 0.0261442, 0.0262016, 0.0663368, 0.100799, 0.164494, 0.217953, 0.230267, 0.239707, 0.475426, 0.477239, 0.511489, 1, 

29,565,0.001, 0.016831, 0.0528152, 0.0980615, 0.106911, 0.119235, 0.150345, 0.17776, 0.247358, 0.299091, 1, 

30,374,0.001, 0.0141455, 0.0218816, 0.0456565, 0.126535, 0.171676, 0.223503, 0.710549, 0.529451, 0.635177, 1, 

39,317,0.001, 0.0141455, 0.0218816, 0.0513067, 0.0863873, 0.182181, 0.199982, 0.212079, 0.243302, 0.376844, 0.419575, 0.58257, 0.681956, 0.730174, 0.790543, 0.830789, 0.837945, 0.76718, 0.888482, 0.910419, 0.911522, 1, 

Generation #6
41,306,0.001, 0.0219461, 0.0261442, 0.0262016, 0.0663368, 0.100799, 0.164494, 0.217953, 0.230267, 0.239707, 0.475426, 0.477239, 0.511489, 0.606937, 0.739363, 0.774425, 0.818322, 0.834638, 0.970637, 0.979585, 1, 

28,599,0.001, 0.017851, 0.0501659, 0.0513067, 0.423571, 0.542285, 0.631528, 0.655526, 0.842261, 1, 

32,328,0.001, 0.0219461, 0.0261442, 0.0262016, 0.0663368, 0.100799, 0.164494, 0.217953, 0.230267, 0.239707, 0.475426, 0.477239, 0.511489, 1, 

30,374,0.001, 0.0141455, 0.0218816, 0.0456565, 0.126535, 0.171676, 0.223503, 0.710549, 0.529451, 0.635177, 1, 

39,317,0.001, 0.0141455, 0.0218816, 0.0513067, 0.0863873, 0.182181, 0.199982, 0.212079, 0.243302, 0.376844, 0.419575, 0.58257, 0.681956, 0.730174, 0.790543, 0.830789, 0.837945, 0.76718, 0.888482, 0.910419, 0.911522, 1, 

33,326,0.001, 0.0219461, 0.0261442, 0.0262016, 0.0663368, 0.100799, 0.218198, 0.235176, 0.932469, 0.993654, 1, 

34,319,0.001, 0.017851, 0.0501659, 0.0513067, 0.110065, 0.137015, 0.159559, 0.187127, 0.248876, 0.279032, 0.710195, 1, 

29,555,0.001, 0.016831, 0.0528152, 0.0980615, 0.106911, 0.119235, 0.150345, 0.17776, 0.299091, 0.981794, 1, 

Generation #7
41,306,0.001, 0.0219461, 0.0261442, 0.0262016, 0.0663368, 0.100799, 0.164494, 0.217953, 0.230267, 0.239707, 0.475426, 0.477239, 0.511489, 0.606937, 0.739363, 0.774425, 0.818322, 0.834638, 0.970637, 0.979585, 1, 

28,599,0.001, 0.017851, 0.0501659, 0.0513067, 0.423571, 0.542285, 0.631528, 0.655526, 0.842261, 1, 

32,328,0.001, 0.0219461, 0.0261442, 0.0262016, 0.0663368, 0.100799, 0.164494, 0.217953, 0.230267, 0.239707, 0.475426, 0.477239, 0.511489, 1, 

39,317,0.001, 0.0141455, 0.0218816, 0.0513067, 0.0863873, 0.182181, 0.199982, 0.212079, 0.243302, 0.376844, 0.419575, 0.58257, 0.681956, 0.730174, 0.790543, 0.830789, 0.837945, 0.76718, 0.888482, 0.910419, 0.911522, 1, 

33,326,0.001, 0.0219461, 0.0261442, 0.0262016, 0.0663368, 0.100799, 0.218198, 0.235176, 0.932469, 0.993654, 1, 

34,319,0.001, 0.017851, 0.0501659, 0.0513067, 0.110065, 0.137015, 0.159559, 0.187127, 0.248876, 0.279032, 0.710195, 1, 

30,373,0.001, 0.0219461, 0.0261442, 0.0262016, 0.0663368, 0.100799, 0.218198, 0.235176, 0.993654, 1, 

29,377,0.001, 0.0211516, 0.0392133, 0.0765168, 0.109886, 0.216399, 0.655526, 0.842261, 1, 

31,334,0.001, 0.0141455, 0.0218816, 0.0513067, 0.0863873, 0.182181, 0.150345, 0.17776, 0.299091, 0.981794, 1, 

Generation #8
28,373,0.001, 0.017851, 0.0501659, 0.0513067, 0.110065, 0.137015, 0.80868, 0.548899, 0.913058, 0.939807, 1, 

30,297,0.001, 0.017851, 0.0501659, 0.0460126, 0.10239, 0.111185, 0.134715, 0.142228, 0.147769, 0.164878, 1, 

Generation #9
28,373,0.001, 0.017851, 0.0501659, 0.0513067, 0.110065, 0.137015, 0.80868, 0.548899, 0.913058, 0.939807, 1, 

30,297,0.001, 0.017851, 0.0501659, 0.0460126, 0.10239, 0.111185, 0.134715, 0.142228, 0.147769, 0.164878, 1, 

33,277,0.001, 0.0234395, 0.021504, 0.0390873, 0.0460126, 0.10239, 0.111185, 0.134715, 0.142228, 0.147769, 0.164878, 0.182603, 0.886671, 0.887786, 1, 

42,243,0.001, 0.017851, 0.0261442, 0.0262016, 0.0663368, 0.100799, 0.164494, 0.217953, 0.230267, 0.239707, 0.475426, 0.477239, 0.511489, 0.606937, 0.739363, 0.774425, 0.818322, 0.834638, 0.970637, 0.979585, 1, 

34,269,0.001, 0.0219461, 0.0261442, 0.0262016, 0.0663368, 0.111185, 0.134715, 0.142228, 0.147769, 0.164878, 0.182603, 0.886671, 0.887786, 1, 

29,348,0.001, 0.0211516, 0.0392133, 0.0765168, 0.109886, 0.119161, 0.216399, 0.217953, 0.230267, 1, 

Generation #10
28,373,0.001, 0.017851, 0.0501659, 0.0513067, 0.110065, 0.137015, 0.80868, 0.548899, 0.913058, 0.939807, 1, 

30,297,0.001, 0.017851, 0.0501659, 0.0460126, 0.10239, 0.111185, 0.134715, 0.142228, 0.147769, 0.164878, 1, 

33,277,0.001, 0.0234395, 0.021504, 0.0390873, 0.0460126, 0.10239, 0.111185, 0.134715, 0.142228, 0.147769, 0.164878, 0.182603, 0.886671, 0.887786, 1, 

42,243,0.001, 0.017851, 0.0261442, 0.0262016, 0.0663368, 0.100799, 0.164494, 0.217953, 0.230267, 0.239707, 0.475426, 0.477239, 0.511489, 0.606937, 0.739363, 0.774425, 0.818322, 0.834638, 0.970637, 0.979585, 1, 

29,348,0.001, 0.0211516, 0.0392133, 0.0765168, 0.109886, 0.119161, 0.216399, 0.217953, 0.230267, 1, 

34,249,0.001, 0.0141455, 0.0218816, 0.0513067, 0.0460126, 0.10239, 0.111185, 0.134715, 0.142228, 0.147769, 0.164878, 0.182603, 0.886671, 0.887786, 1, 

Generation #11
33,277,0.001, 0.0234395, 0.021504, 0.0390873, 0.0460126, 0.10239, 0.111185, 0.134715, 0.142228, 0.147769, 0.164878, 0.182603, 0.886671, 0.887786, 1, 

42,243,0.001, 0.017851, 0.0261442, 0.0262016, 0.0663368, 0.100799, 0.164494, 0.217953, 0.230267, 0.239707, 0.475426, 0.477239, 0.511489, 0.606937, 0.739363, 0.774425, 0.818322, 0.834638, 0.970637, 0.979585, 1, 

34,249,0.001, 0.0141455, 0.0218816, 0.0513067, 0.0460126, 0.10239, 0.111185, 0.134715, 0.142228, 0.147769, 0.164878, 0.182603, 0.886671, 0.887786, 1, 

30,286,0.001, 0.0219461, 0.0261442, 0.0262016, 0.0663368, 0.119161, 0.216399, 0.142228, 0.147769, 0.164878, 1, 

28,326,0.001, 0.0234395, 0.0390873, 0.0513067, 0.110065, 0.159559, 0.187127, 0.248876, 0.993654, 1, 

27,377,0.001, 0.0234395, 0.0390873, 0.0460126, 0.10239, 0.111185, 0.134715, 0.422169, 1, 

29,311,0.001, 0.017851, 0.0390873, 0.0460126, 0.106911, 0.119235, 0.150345, 0.299091, 0.981794, 1, 

Generation #12
33,277,0.001, 0.0234395, 0.021504, 0.0390873, 0.0460126, 0.10239, 0.111185, 0.134715, 0.142228, 0.147769, 0.164878, 0.182603, 0.886671, 0.887786, 1, 

42,243,0.001, 0.017851, 0.0261442, 0.0262016, 0.0663368, 0.100799, 0.164494, 0.217953, 0.230267, 0.239707, 0.475426, 0.477239, 0.511489, 0.606937, 0.739363, 0.774425, 0.818322, 0.834638, 0.970637, 0.979585, 1, 

34,249,0.001, 0.0141455, 0.0218816, 0.0513067, 0.0460126, 0.10239, 0.111185, 0.134715, 0.142228, 0.147769, 0.164878, 0.182603, 0.886671, 0.887786, 1, 

30,286,0.001, 0.0219461, 0.0261442, 0.0262016, 0.0663368, 0.119161, 0.216399, 0.142228, 0.147769, 0.164878, 1, 

28,326,0.001, 0.0234395, 0.0390873, 0.0513067, 0.110065, 0.159559, 0.187127, 0.248876, 0.993654, 1, 

27,377,0.001, 0.0234395, 0.0390873, 0.0460126, 0.10239, 0.111185, 0.134715, 0.422169, 1, 

29,311,0.001, 0.017851, 0.0390873, 0.0460126, 0.106911, 0.119235, 0.150345, 0.299091, 0.981794, 1, 

Generation #13
33,277,0.001, 0.0234395, 0.021504, 0.0390873, 0.0460126, 0.10239, 0.111185, 0.134715, 0.142228, 0.147769, 0.164878, 0.182603, 0.886671, 0.887786, 1, 

42,243,0.001, 0.017851, 0.0261442, 0.0262016, 0.0663368, 0.100799, 0.164494, 0.217953, 0.230267, 0.239707, 0.475426, 0.477239, 0.511489, 0.606937, 0.739363, 0.774425, 0.818322, 0.834638, 0.970637, 0.979585, 1, 

34,249,0.001, 0.0141455, 0.0218816, 0.0513067, 0.0460126, 0.10239, 0.111185, 0.134715, 0.142228, 0.147769, 0.164878, 0.182603, 0.886671, 0.887786, 1, 

30,286,0.001, 0.0219461, 0.0261442, 0.0262016, 0.0663368, 0.119161, 0.216399, 0.142228, 0.147769, 0.164878, 1, 

28,326,0.001, 0.0234395, 0.0390873, 0.0513067, 0.110065, 0.159559, 0.187127, 0.248876, 0.993654, 1, 

27,377,0.001, 0.0234395, 0.0390873, 0.0460126, 0.10239, 0.111185, 0.134715, 0.422169, 1, 

29,311,0.001, 0.017851, 0.0390873, 0.0460126, 0.106911, 0.119235, 0.150345, 0.299091, 0.981794, 1, 

Generation #14
33,277,0.001, 0.0234395, 0.021504, 0.0390873, 0.0460126, 0.10239, 0.111185, 0.134715, 0.142228, 0.147769, 0.164878, 0.182603, 0.886671, 0.887786, 1, 

42,243,0.001, 0.017851, 0.0261442, 0.0262016, 0.0663368, 0.100799, 0.164494, 0.217953, 0.230267, 0.239707, 0.475426, 0.477239, 0.511489, 0.606937, 0.739363, 0.774425, 0.818322, 0.834638, 0.970637, 0.979585, 1, 

34,249,0.001, 0.0141455, 0.0218816, 0.0513067, 0.0460126, 0.10239, 0.111185, 0.134715, 0.142228, 0.147769, 0.164878, 0.182603, 0.886671, 0.887786, 1, 

30,286,0.001, 0.0219461, 0.0261442, 0.0262016, 0.0663368, 0.119161, 0.216399, 0.142228, 0.147769, 0.164878, 1, 

28,326,0.001, 0.0234395, 0.0390873, 0.0513067, 0.110065, 0.159559, 0.187127, 0.248876, 0.993654, 1, 

27,377,0.001, 0.0234395, 0.0390873, 0.0460126, 0.10239, 0.111185, 0.134715, 0.422169, 1, 

29,292,0.001, 0.0234395, 0.021504, 0.0390873, 0.0460126, 0.10239, 0.159559, 0.248876, 0.279032, 0.710195, 1, 

Generation #15
33,277,0.001, 0.0234395, 0.021504, 0.0390873, 0.0460126, 0.10239, 0.111185, 0.134715, 0.142228, 0.147769, 0.164878, 0.182603, 0.886671, 0.887786, 1, 

42,243,0.001, 0.017851, 0.0261442, 0.0262016, 0.0663368, 0.100799, 0.164494, 0.217953, 0.230267, 0.239707, 0.475426, 0.477239, 0.511489, 0.606937, 0.739363, 0.774425, 0.818322, 0.834638, 0.970637, 0.979585, 1, 

34,249,0.001, 0.0141455, 0.0218816, 0.0513067, 0.0460126, 0.10239, 0.111185, 0.134715, 0.142228, 0.147769, 0.164878, 0.182603, 0.886671, 0.887786, 1, 

30,286,0.001, 0.0219461, 0.0261442, 0.0262016, 0.0663368, 0.119161, 0.216399, 0.142228, 0.147769, 0.164878, 1, 

28,326,0.001, 0.0234395, 0.0390873, 0.0513067, 0.110065, 0.159559, 0.187127, 0.248876, 0.993654, 1, 

27,377,0.001, 0.0234395, 0.0390873, 0.0460126, 0.10239, 0.111185, 0.134715, 0.422169, 1, 

29,292,0.001, 0.0234395, 0.021504, 0.0390873, 0.0460126, 0.10239, 0.159559, 0.248876, 0.279032, 0.710195, 1, 

Generation #16
42,243,0.001, 0.017851, 0.0261442, 0.0262016, 0.0663368, 0.100799, 0.164494, 0.217953, 0.230267, 0.239707, 0.475426, 0.477239, 0.511489, 0.606937, 0.739363, 0.774425, 0.818322, 0.834638, 0.970637, 0.979585, 1, 

34,249,0.001, 0.0141455, 0.0218816, 0.0513067, 0.0460126, 0.10239, 0.111185, 0.134715, 0.142228, 0.147769, 0.164878, 0.182603, 0.886671, 0.887786, 1, 

30,286,0.001, 0.0219461, 0.0261442, 0.0262016, 0.0663368, 0.119161, 0.216399, 0.142228, 0.147769, 0.164878, 1, 

28,326,0.001, 0.0234395, 0.0390873, 0.0513067, 0.110065, 0.159559, 0.187127, 0.248876, 0.993654, 1, 

29,292,0.001, 0.0234395, 0.021504, 0.0390873, 0.0460126, 0.10239, 0.159559, 0.248876, 0.279032, 0.710195, 1, 

31,272,0.001, 0.0234395, 0.021504, 0.0390873, 0.0460126, 0.111185, 0.134715, 0.142228, 0.147769, 0.164878, 1, 

27,357,0.001, 0.0141455, 0.0390873, 0.10239, 0.111185, 0.134715, 0.422169, 1, 

Generation #17
42,243,0.001, 0.017851, 0.0261442, 0.0262016, 0.0663368, 0.100799, 0.164494, 0.217953, 0.230267, 0.239707, 0.475426, 0.477239, 0.511489, 0.606937, 0.739363, 0.774425, 0.818322, 0.834638, 0.970637, 0.979585, 1, 

34,249,0.001, 0.0141455, 0.0218816, 0.0513067, 0.0460126, 0.10239, 0.111185, 0.134715, 0.142228, 0.147769, 0.164878, 0.182603, 0.886671, 0.887786, 1, 

30,286,0.001, 0.0219461, 0.0261442, 0.0262016, 0.0663368, 0.119161, 0.216399, 0.142228, 0.147769, 0.164878, 1, 

31,272,0.001, 0.0234395, 0.021504, 0.0390873, 0.0460126, 0.111185, 0.134715, 0.142228, 0.147769, 0.164878, 1, 

27,357,0.001, 0.0141455, 0.0390873, 0.10239, 0.111185, 0.134715, 0.422169, 1, 

28,287,0.001, 0.0219461, 0.0261442, 0.0262016, 0.0663368, 0.119161, 0.17776, 0.299091, 1, 

Generation #18
42,243,0.001, 0.017851, 0.0261442, 0.0262016, 0.0663368, 0.100799, 0.164494, 0.217953, 0.230267, 0.239707, 0.475426, 0.477239, 0.511489, 0.606937, 0.739363, 0.774425, 0.818322, 0.834638, 0.970637, 0.979585, 1, 

34,249,0.001, 0.0141455, 0.0218816, 0.0513067, 0.0460126, 0.10239, 0.111185, 0.134715, 0.142228, 0.147769, 0.164878, 0.182603, 0.886671, 0.887786, 1, 

30,286,0.001, 0.0219461, 0.0261442, 0.0262016, 0.0663368, 0.119161, 0.216399, 0.142228, 0.147769, 0.164878, 1, 

31,272,0.001, 0.0234395, 0.021504, 0.0390873, 0.0460126, 0.111185, 0.134715, 0.142228, 0.147769, 0.164878, 1, 

28,287,0.001, 0.0219461, 0.0261442, 0.0262016, 0.0663368, 0.119161, 0.17776, 0.299091, 1, 

27,325,0.001, 0.0219461, 0.0261442, 0.0262016, 0.0663368, 0.100799, 0.164494, 0.217953, 0.230267, 1, 

Generation #19
42,243,0.001, 0.017851, 0.0261442, 0.0262016, 0.0663368, 0.100799, 0.164494, 0.217953, 0.230267, 0.239707, 0.475426, 0.477239, 0.511489, 0.606937, 0.739363, 0.774425, 0.818322, 0.834638, 0.970637, 0.979585, 1, 

34,249,0.001, 0.0141455, 0.0218816, 0.0513067, 0.0460126, 0.10239, 0.111185, 0.134715, 0.142228, 0.147769, 0.164878, 0.182603, 0.886671, 0.887786, 1, 

28,287,0.001, 0.0219461, 0.0261442, 0.0262016, 0.0663368, 0.119161, 0.17776, 0.299091, 1, 

27,325,0.001, 0.0219461, 0.0261442, 0.0262016, 0.0663368, 0.100799, 0.164494, 0.217953, 0.230267, 1, 

30,277,0.001, 0.017851, 0.0261442, 0.0262016, 0.0663368, 0.100799, 0.164494, 0.142228, 0.147769, 0.164878, 1, 

31,265,0.001, 0.0141455, 0.0218816, 0.0513067, 0.0460126, 0.10239, 0.134715, 0.142228, 0.147769, 0.164878, 0.182603, 0.886671, 0.887786, 1, 

Generation #20
42,243,0.001, 0.017851, 0.0261442, 0.0262016, 0.0663368, 0.100799, 0.164494, 0.217953, 0.230267, 0.239707, 0.475426, 0.477239, 0.511489, 0.606937, 0.739363, 0.774425, 0.818322, 0.834638, 0.970637, 0.979585, 1, 

34,249,0.001, 0.0141455, 0.0218816, 0.0513067, 0.0460126, 0.10239, 0.111185, 0.134715, 0.142228, 0.147769, 0.164878, 0.182603, 0.886671, 0.887786, 1, 

28,287,0.001, 0.0219461, 0.0261442, 0.0262016, 0.0663368, 0.119161, 0.17776, 0.299091, 1, 

27,325,0.001, 0.0219461, 0.0261442, 0.0262016, 0.0663368, 0.100799, 0.164494, 0.217953, 0.230267, 1, 

30,277,0.001, 0.017851, 0.0261442, 0.0262016, 0.0663368, 0.100799, 0.164494, 0.142228, 0.147769, 0.164878, 1, 

31,265,0.001, 0.0141455, 0.0218816, 0.0513067, 0.0460126, 0.10239, 0.134715, 0.142228, 0.147769, 0.164878, 0.182603, 0.886671, 0.887786, 1, 

Generation #21
42,243,0.001, 0.017851, 0.0261442, 0.0262016, 0.0663368, 0.100799, 0.164494, 0.217953, 0.230267, 0.239707, 0.475426, 0.477239, 0.511489, 0.606937, 0.739363, 0.774425, 0.818322, 0.834638, 0.970637, 0.979585, 1, 

34,249,0.001, 0.0141455, 0.0218816, 0.0513067, 0.0460126, 0.10239, 0.111185, 0.134715, 0.142228, 0.147769, 0.164878, 0.182603, 0.886671, 0.887786, 1, 

28,287,0.001, 0.0219461, 0.0261442, 0.0262016, 0.0663368, 0.119161, 0.17776, 0.299091, 1, 

27,325,0.001, 0.0219461, 0.0261442, 0.0262016, 0.0663368, 0.100799, 0.164494, 0.217953, 0.230267, 1, 

30,277,0.001, 0.017851, 0.0261442, 0.0262016, 0.0663368, 0.100799, 0.164494, 0.142228, 0.147769, 0.164878, 1, 

31,265,0.001, 0.0141455, 0.0218816, 0.0513067, 0.0460126, 0.10239, 0.134715, 0.142228, 0.147769, 0.164878, 0.182603, 0.886671, 0.887786, 1, 

Generation #22
42,243,0.001, 0.017851, 0.0261442, 0.0262016, 0.0663368, 0.100799, 0.164494, 0.217953, 0.230267, 0.239707, 0.475426, 0.477239, 0.511489, 0.606937, 0.739363, 0.774425, 0.818322, 0.834638, 0.970637, 0.979585, 1, 

34,249,0.001, 0.0141455, 0.0218816, 0.0513067, 0.0460126, 0.10239, 0.111185, 0.134715, 0.142228, 0.147769, 0.164878, 0.182603, 0.886671, 0.887786, 1, 

28,287,0.001, 0.0219461, 0.0261442, 0.0262016, 0.0663368, 0.119161, 0.17776, 0.299091, 1, 

27,325,0.001, 0.0219461, 0.0261442, 0.0262016, 0.0663368, 0.100799, 0.164494, 0.217953, 0.230267, 1, 

30,254,0.001, 0.0141455, 0.0218816, 0.0513067, 0.0460126, 0.10239, 0.134715, 0.142228, 0.147769, 0.164878, 1, 

Generation #23
42,243,0.001, 0.017851, 0.0261442, 0.0262016, 0.0663368, 0.100799, 0.164494, 0.217953, 0.230267, 0.239707, 0.475426, 0.477239, 0.511489, 0.606937, 0.739363, 0.774425, 0.818322, 0.834638, 0.970637, 0.979585, 1, 

34,249,0.001, 0.0141455, 0.0218816, 0.0513067, 0.0460126, 0.10239, 0.111185, 0.134715, 0.142228, 0.147769, 0.164878, 0.182603, 0.886671, 0.887786, 1, 

28,287,0.001, 0.0219461, 0.0261442, 0.0262016, 0.0663368, 0.119161, 0.17776, 0.299091, 1, 

27,325,0.001, 0.0219461, 0.0261442, 0.0262016, 0.0663368, 0.100799, 0.164494, 0.217953, 0.230267, 1, 

30,254,0.001, 0.0141455, 0.0218816, 0.0513067, 0.0460126, 0.10239, 0.134715, 0.142228, 0.147769, 0.164878, 1, 

Generation #24
42,243,0.001, 0.017851, 0.0261442, 0.0262016, 0.0663368, 0.100799, 0.164494, 0.217953, 0.230267, 0.239707, 0.475426, 0.477239, 0.511489, 0.606937, 0.739363, 0.774425, 0.818322, 0.834638, 0.970637, 0.979585, 1, 

34,249,0.001, 0.0141455, 0.0218816, 0.0513067, 0.0460126, 0.10239, 0.111185, 0.134715, 0.142228, 0.147769, 0.164878, 0.182603, 0.886671, 0.887786, 1, 

28,287,0.001, 0.0219461, 0.0261442, 0.0262016, 0.0663368, 0.119161, 0.17776, 0.299091, 1, 

27,325,0.001, 0.0219461, 0.0261442, 0.0262016, 0.0663368, 0.100799, 0.164494, 0.217953, 0.230267, 1, 

30,254,0.001, 0.0141455, 0.0218816, 0.0513067, 0.0460126, 0.10239, 0.134715, 0.142228, 0.147769, 0.164878, 1, 

Generation #25
42,243,0.001, 0.017851, 0.0261442, 0.0262016, 0.0663368, 0.100799, 0.164494, 0.217953, 0.230267, 0.239707, 0.475426, 0.477239, 0.511489, 0.606937, 0.739363, 0.774425, 0.818322, 0.834638, 0.970637, 0.979585, 1, 

34,249,0.001, 0.0141455, 0.0218816, 0.0513067, 0.0460126, 0.10239, 0.111185, 0.134715, 0.142228, 0.147769, 0.164878, 0.182603, 0.886671, 0.887786, 1, 

28,287,0.001, 0.0219461, 0.0261442, 0.0262016, 0.0663368, 0.119161, 0.17776, 0.299091, 1, 

27,325,0.001, 0.0219461, 0.0261442, 0.0262016, 0.0663368, 0.100799, 0.164494, 0.217953, 0.230267, 1, 

30,254,0.001, 0.0141455, 0.0218816, 0.0513067, 0.0460126, 0.10239, 0.134715, 0.142228, 0.147769, 0.164878, 1, 

29,276,0.001, 0.0234395, 0.021504, 0.0390873, 0.0460126, 0.119161, 0.216399, 0.142228, 0.147769, 0.164878, 1, 

Generation #26
42,243,0.001, 0.017851, 0.0261442, 0.0262016, 0.0663368, 0.100799, 0.164494, 0.217953, 0.230267, 0.239707, 0.475426, 0.477239, 0.511489, 0.606937, 0.739363, 0.774425, 0.818322, 0.834638, 0.970637, 0.979585, 1, 

34,249,0.001, 0.0141455, 0.0218816, 0.0513067, 0.0460126, 0.10239, 0.111185, 0.134715, 0.142228, 0.147769, 0.164878, 0.182603, 0.886671, 0.887786, 1, 

28,287,0.001, 0.0219461, 0.0261442, 0.0262016, 0.0663368, 0.119161, 0.17776, 0.299091, 1, 

27,325,0.001, 0.0219461, 0.0261442, 0.0262016, 0.0663368, 0.100799, 0.164494, 0.217953, 0.230267, 1, 

30,254,0.001, 0.0141455, 0.0218816, 0.0513067, 0.0460126, 0.10239, 0.134715, 0.142228, 0.147769, 0.164878, 1, 

29,276,0.001, 0.0234395, 0.021504, 0.0390873, 0.0460126, 0.119161, 0.216399, 0.142228, 0.147769, 0.164878, 1, 

Generation #27
28,287,0.001, 0.0219461, 0.0261442, 0.0262016, 0.0663368, 0.119161, 0.17776, 0.299091, 1, 

27,292,0.001, 0.0141455, 0.021504, 0.0390873, 0.10239, 0.111185, 0.134715, 0.422169, 1, 

29,230,0.001, 0.0234395, 0.021504, 0.0390873, 0.0460126, 0.111185, 0.134715, 0.142228, 0.147769, 0.164878, 1, 

Generation #28
28,287,0.001, 0.0219461, 0.0261442, 0.0262016, 0.0663368, 0.119161, 0.17776, 0.299091, 1, 

27,292,0.001, 0.0141455, 0.021504, 0.0390873, 0.10239, 0.111185, 0.134715, 0.422169, 1, 

29,230,0.001, 0.0234395, 0.021504, 0.0390873, 0.0460126, 0.111185, 0.134715, 0.142228, 0.147769, 0.164878, 1, 

Generation #29
28,287,0.001, 0.0219461, 0.0261442, 0.0262016, 0.0663368, 0.119161, 0.17776, 0.299091, 1, 

27,292,0.001, 0.0141455, 0.021504, 0.0390873, 0.10239, 0.111185, 0.134715, 0.422169, 1, 

29,230,0.001, 0.0234395, 0.021504, 0.0390873, 0.0460126, 0.111185, 0.134715, 0.142228, 0.147769, 0.164878, 1, 

Generation #30
27,292,0.001, 0.0141455, 0.021504, 0.0390873, 0.10239, 0.111185, 0.134715, 0.422169, 1, 

29,230,0.001, 0.0234395, 0.021504, 0.0390873, 0.0460126, 0.111185, 0.134715, 0.142228, 0.147769, 0.164878, 1, 

26,456,0.001, 0.0141455, 0.0390873, 0.10239, 0.119161, 0.216399, 1, 

28,258,0.001, 0.017851, 0.0261442, 0.0262016, 0.0663368, 0.100799, 0.164494, 0.217953, 0.147769, 0.164878, 1, 

Generation #31
27,292,0.001, 0.0141455, 0.021504, 0.0390873, 0.10239, 0.111185, 0.134715, 0.422169, 1, 

29,230,0.001, 0.0234395, 0.021504, 0.0390873, 0.0460126, 0.111185, 0.134715, 0.142228, 0.147769, 0.164878, 1, 

26,456,0.001, 0.0141455, 0.0390873, 0.10239, 0.119161, 0.216399, 1, 

28,258,0.001, 0.017851, 0.0261442, 0.0262016, 0.0663368, 0.100799, 0.164494, 0.217953, 0.147769, 0.164878, 1, 

30,219,0.001, 0.0141455, 0.0218816, 0.0513067, 0.0460126, 0.10239, 0.111185, 0.134715, 0.147769, 0.164878, 1, 

Generation #32
27,292,0.001, 0.0141455, 0.021504, 0.0390873, 0.10239, 0.111185, 0.134715, 0.422169, 1, 

29,230,0.001, 0.0234395, 0.021504, 0.0390873, 0.0460126, 0.111185, 0.134715, 0.142228, 0.147769, 0.164878, 1, 

26,456,0.001, 0.0141455, 0.0390873, 0.10239, 0.119161, 0.216399, 1, 

28,258,0.001, 0.017851, 0.0261442, 0.0262016, 0.0663368, 0.100799, 0.164494, 0.217953, 0.147769, 0.164878, 1, 

30,219,0.001, 0.0141455, 0.0218816, 0.0513067, 0.0460126, 0.10239, 0.111185, 0.134715, 0.147769, 0.164878, 1, 

Generation #33
27,292,0.001, 0.0141455, 0.021504, 0.0390873, 0.10239, 0.111185, 0.134715, 0.422169, 1, 

29,230,0.001, 0.0234395, 0.021504, 0.0390873, 0.0460126, 0.111185, 0.134715, 0.142228, 0.147769, 0.164878, 1, 

26,456,0.001, 0.0141455, 0.0390873, 0.10239, 0.119161, 0.216399, 1, 

28,258,0.001, 0.017851, 0.0261442, 0.0262016, 0.0663368, 0.100799, 0.164494, 0.217953, 0.147769, 0.164878, 1, 

30,219,0.001, 0.0141455, 0.0218816, 0.0513067, 0.0460126, 0.10239, 0.111185, 0.134715, 0.147769, 0.164878, 1, 

Generation #34
27,292,0.001, 0.0141455, 0.021504, 0.0390873, 0.10239, 0.111185, 0.134715, 0.422169, 1, 

29,230,0.001, 0.0234395, 0.021504, 0.0390873, 0.0460126, 0.111185, 0.134715, 0.142228, 0.147769, 0.164878, 1, 

26,456,0.001, 0.0141455, 0.0390873, 0.10239, 0.119161, 0.216399, 1, 

28,258,0.001, 0.017851, 0.0261442, 0.0262016, 0.0663368, 0.100799, 0.164494, 0.217953, 0.147769, 0.164878, 1, 

30,219,0.001, 0.0141455, 0.0218816, 0.0513067, 0.0460126, 0.10239, 0.111185, 0.134715, 0.147769, 0.164878, 1, 

Generation #35
27,292,0.001, 0.0141455, 0.021504, 0.0390873, 0.10239, 0.111185, 0.134715, 0.422169, 1, 

29,230,0.001, 0.0234395, 0.021504, 0.0390873, 0.0460126, 0.111185, 0.134715, 0.142228, 0.147769, 0.164878, 1, 

26,456,0.001, 0.0141455, 0.0390873, 0.10239, 0.119161, 0.216399, 1, 

28,258,0.001, 0.017851, 0.0261442, 0.0262016, 0.0663368, 0.100799, 0.164494, 0.217953, 0.147769, 0.164878, 1, 

30,219,0.001, 0.0141455, 0.0218816, 0.0513067, 0.0460126, 0.10239, 0.111185, 0.134715, 0.147769, 0.164878, 1, 

Generation #36
27,292,0.001, 0.0141455, 0.021504, 0.0390873, 0.10239, 0.111185, 0.134715, 0.422169, 1, 

29,230,0.001, 0.0234395, 0.021504, 0.0390873, 0.0460126, 0.111185, 0.134715, 0.142228, 0.147769, 0.164878, 1, 

26,456,0.001, 0.0141455, 0.0390873, 0.10239, 0.119161, 0.216399, 1, 

28,258,0.001, 0.017851, 0.0261442, 0.0262016, 0.0663368, 0.100799, 0.164494, 0.217953, 0.147769, 0.164878, 1, 

30,219,0.001, 0.0141455, 0.0218816, 0.0513067, 0.0460126, 0.10239, 0.111185, 0.134715, 0.147769, 0.164878, 1, 

Generation #37
29,230,0.001, 0.0234395, 0.021504, 0.0390873, 0.0460126, 0.111185, 0.134715, 0.142228, 0.147769, 0.164878, 1, 

26,456,0.001, 0.0141455, 0.0390873, 0.10239, 0.119161, 0.216399, 1, 

28,258,0.001, 0.017851, 0.0261442, 0.0262016, 0.0663368, 0.100799, 0.164494, 0.217953, 0.147769, 0.164878, 1, 

30,219,0.001, 0.0141455, 0.0218816, 0.0513067, 0.0460126, 0.10239, 0.111185, 0.134715, 0.147769, 0.164878, 1, 

27,282,0.001, 0.0141455, 0.0218816, 0.0513067, 0.0460126, 0.134715, 0.142228, 0.147769, 0.164878, 1, 

Generation #38
29,230,0.001, 0.0234395, 0.021504, 0.0390873, 0.0460126, 0.111185, 0.134715, 0.142228, 0.147769, 0.164878, 1, 

26,456,0.001, 0.0141455, 0.0390873, 0.10239, 0.119161, 0.216399, 1, 

28,258,0.001, 0.017851, 0.0261442, 0.0262016, 0.0663368, 0.100799, 0.164494, 0.217953, 0.147769, 0.164878, 1, 

30,219,0.001, 0.0141455, 0.0218816, 0.0513067, 0.0460126, 0.10239, 0.111185, 0.134715, 0.147769, 0.164878, 1, 

27,282,0.001, 0.0141455, 0.0218816, 0.0513067, 0.0460126, 0.134715, 0.142228, 0.147769, 0.164878, 1, 

Generation #39
29,230,0.001, 0.0234395, 0.021504, 0.0390873, 0.0460126, 0.111185, 0.134715, 0.142228, 0.147769, 0.164878, 1, 

26,456,0.001, 0.0141455, 0.0390873, 0.10239, 0.119161, 0.216399, 1, 

28,258,0.001, 0.017851, 0.0261442, 0.0262016, 0.0663368, 0.100799, 0.164494, 0.217953, 0.147769, 0.164878, 1, 

30,219,0.001, 0.0141455, 0.0218816, 0.0513067, 0.0460126, 0.10239, 0.111185, 0.134715, 0.147769, 0.164878, 1, 

27,282,0.001, 0.0141455, 0.0218816, 0.0513067, 0.0460126, 0.134715, 0.142228, 0.147769, 0.164878, 1, 

Generation #40
29,230,0.001, 0.0234395, 0.021504, 0.0390873, 0.0460126, 0.111185, 0.134715, 0.142228, 0.147769, 0.164878, 1, 

26,456,0.001, 0.0141455, 0.0390873, 0.10239, 0.119161, 0.216399, 1, 

28,258,0.001, 0.017851, 0.0261442, 0.0262016, 0.0663368, 0.100799, 0.164494, 0.217953, 0.147769, 0.164878, 1, 

30,219,0.001, 0.0141455, 0.0218816, 0.0513067, 0.0460126, 0.10239, 0.111185, 0.134715, 0.147769, 0.164878, 1, 

27,282,0.001, 0.0141455, 0.0218816, 0.0513067, 0.0460126, 0.134715, 0.142228, 0.147769, 0.164878, 1, 

Generation #41
30,219,0.001, 0.0141455, 0.0218816, 0.0513067, 0.0460126, 0.10239, 0.111185, 0.134715, 0.147769, 0.164878, 1, 

26,450,0.001, 0.0234395, 0.021504, 0.0390873, 0.0663368, 0.119161, 1, 

29,227,0.001, 0.0141455, 0.0218816, 0.0390873, 0.0460126, 0.10239, 0.111185, 0.134715, 0.142228, 0.147769, 0.164878, 0.182603, 0.887786, 1, 

27,242,0.001, 0.0141455, 0.0218816, 0.0390873, 0.0460126, 0.134715, 0.142228, 0.147769, 0.164878, 1, 

Generation #42
30,219,0.001, 0.0141455, 0.0218816, 0.0513067, 0.0460126, 0.10239, 0.111185, 0.134715, 0.147769, 0.164878, 1, 

26,450,0.001, 0.0234395, 0.021504, 0.0390873, 0.0663368, 0.119161, 1, 

29,227,0.001, 0.0141455, 0.0218816, 0.0390873, 0.0460126, 0.10239, 0.111185, 0.134715, 0.142228, 0.147769, 0.164878, 0.182603, 0.887786, 1, 

27,242,0.001, 0.0141455, 0.0218816, 0.0390873, 0.0460126, 0.134715, 0.142228, 0.147769, 0.164878, 1, 

Generation #43
30,219,0.001, 0.0141455, 0.0218816, 0.0513067, 0.0460126, 0.10239, 0.111185, 0.134715, 0.147769, 0.164878, 1, 

26,450,0.001, 0.0234395, 0.021504, 0.0390873, 0.0663368, 0.119161, 1, 

29,227,0.001, 0.0141455, 0.0218816, 0.0390873, 0.0460126, 0.10239, 0.111185, 0.134715, 0.142228, 0.147769, 0.164878, 0.182603, 0.887786, 1, 

27,242,0.001, 0.0141455, 0.0218816, 0.0390873, 0.0460126, 0.134715, 0.142228, 0.147769, 0.164878, 1, 

Generation #44
30,219,0.001, 0.0141455, 0.0218816, 0.0513067, 0.0460126, 0.10239, 0.111185, 0.134715, 0.147769, 0.164878, 1, 

26,450,0.001, 0.0234395, 0.021504, 0.0390873, 0.0663368, 0.119161, 1, 

29,227,0.001, 0.0141455, 0.0218816, 0.0390873, 0.0460126, 0.10239, 0.111185, 0.134715, 0.142228, 0.147769, 0.164878, 0.182603, 0.887786, 1, 

27,242,0.001, 0.0141455, 0.0218816, 0.0390873, 0.0460126, 0.134715, 0.142228, 0.147769, 0.164878, 1, 

25,832,0.001, 0.0141455, 0.0218816, 0.0513067, 0.0460126, 0.119161, 1, 

Generation #45
30,219,0.001, 0.0141455, 0.0218816, 0.0513067, 0.0460126, 0.10239, 0.111185, 0.134715, 0.147769, 0.164878, 1, 

26,450,0.001, 0.0234395, 0.021504, 0.0390873, 0.0663368, 0.119161, 1, 

29,227,0.001, 0.0141455, 0.0218816, 0.0390873, 0.0460126, 0.10239, 0.111185, 0.134715, 0.142228, 0.147769, 0.164878, 0.182603, 0.887786, 1, 

27,242,0.001, 0.0141455, 0.0218816, 0.0390873, 0.0460126, 0.134715, 0.142228, 0.147769, 0.164878, 1, 

25,832,0.001, 0.0141455, 0.0218816, 0.0513067, 0.0460126, 0.119161, 1, 

Generation #46
30,219,0.001, 0.0141455, 0.0218816, 0.0513067, 0.0460126, 0.10239, 0.111185, 0.134715, 0.147769, 0.164878, 1, 

29,227,0.001, 0.0141455, 0.0218816, 0.0390873, 0.0460126, 0.10239, 0.111185, 0.134715, 0.142228, 0.147769, 0.164878, 0.182603, 0.887786, 1, 

27,242,0.001, 0.0141455, 0.0218816, 0.0390873, 0.0460126, 0.134715, 0.142228, 0.147769, 0.164878, 1, 

25,832,0.001, 0.0141455, 0.0218816, 0.0513067, 0.0460126, 0.119161, 1, 

26,448,0.001, 0.0141455, 0.0218816, 0.0513067, 0.119161, 0.216399, 1, 

Generation #47
30,219,0.001, 0.0141455, 0.0218816, 0.0513067, 0.0460126, 0.10239, 0.111185, 0.134715, 0.147769, 0.164878, 1, 

29,227,0.001, 0.0141455, 0.0218816, 0.0390873, 0.0460126, 0.10239, 0.111185, 0.134715, 0.142228, 0.147769, 0.164878, 0.182603, 0.887786, 1, 

27,242,0.001, 0.0141455, 0.0218816, 0.0390873, 0.0460126, 0.134715, 0.142228, 0.147769, 0.164878, 1, 

25,832,0.001, 0.0141455, 0.0218816, 0.0513067, 0.0460126, 0.119161, 1, 

26,448,0.001, 0.0141455, 0.0218816, 0.0513067, 0.119161, 0.216399, 1, 

Generation #48
30,219,0.001, 0.0141455, 0.0218816, 0.0513067, 0.0460126, 0.10239, 0.111185, 0.134715, 0.147769, 0.164878, 1, 

29,227,0.001, 0.0141455, 0.0218816, 0.0390873, 0.0460126, 0.10239, 0.111185, 0.134715, 0.142228, 0.147769, 0.164878, 0.182603, 0.887786, 1, 

27,242,0.001, 0.0141455, 0.0218816, 0.0390873, 0.0460126, 0.134715, 0.142228, 0.147769, 0.164878, 1, 

25,832,0.001, 0.0141455, 0.0218816, 0.0513067, 0.0460126, 0.119161, 1, 

26,448,0.001, 0.0141455, 0.0218816, 0.0513067, 0.119161, 0.216399, 1, 

Generation #49
30,219,0.001, 0.0141455, 0.0218816, 0.0513067, 0.0460126, 0.10239, 0.111185, 0.134715, 0.147769, 0.164878, 1, 

29,227,0.001, 0.0141455, 0.0218816, 0.0390873, 0.0460126, 0.10239, 0.111185, 0.134715, 0.142228, 0.147769, 0.164878, 0.182603, 0.887786, 1, 

27,242,0.001, 0.0141455, 0.0218816, 0.0390873, 0.0460126, 0.134715, 0.142228, 0.147769, 0.164878, 1, 

25,832,0.001, 0.0141455, 0.0218816, 0.0513067, 0.0460126, 0.119161, 1, 

26,448,0.001, 0.0141455, 0.0218816, 0.0513067, 0.119161, 0.216399, 1, 

--- Pareto Front Solutions ---
Solution 0: N total=48 (N_initial=18, N_added=30), Time total=247 ms, Saved to: ./results/Bugzilla_t2_l1_pareto_0.csv, percents=0.001, 0.0141455, 0.0218816, 0.0513067, 0.0460126, 0.10239, 0.111185, 0.134715, 0.147769, 0.164878, 1, 

Solution 1: N total=47 (N_initial=18, N_added=29), Time total=255 ms, Saved to: ./results/Bugzilla_t2_l1_pareto_1.csv, percents=0.001, 0.0141455, 0.0218816, 0.0390873, 0.0460126, 0.10239, 0.111185, 0.134715, 0.142228, 0.147769, 0.164878, 0.182603, 0.887786, 1, 

Solution 2: N total=45 (N_initial=18, N_added=27), Time total=270 ms, Saved to: ./results/Bugzilla_t2_l1_pareto_2.csv, percents=0.001, 0.0141455, 0.0218816, 0.0390873, 0.0460126, 0.134715, 0.142228, 0.147769, 0.164878, 1, 

Solution 3: N total=43 (N_initial=18, N_added=25), Time total=860 ms, Saved to: ./results/Bugzilla_t2_l1_pareto_3.csv, percents=0.001, 0.0141455, 0.0218816, 0.0513067, 0.0460126, 0.119161, 1, 

Solution 4: N total=44 (N_initial=18, N_added=26), Time total=476 ms, Saved to: ./results/Bugzilla_t2_l1_pareto_4.csv, percents=0.001, 0.0141455, 0.0218816, 0.0513067, 0.119161, 0.216399, 1, 

------------d=1, t=2, lambda=2, filename=./evaluation/Bugzilla/Bugzilla_2_2.csv------------
Computing partitioned counts of d-sets...
Ready to look at pairs based on partitioned counts...
First Stage N=32, Time=12
There are 491 remaining non-locating pairs
--- Running GA Algorithm (phase2) ---
Running GA with std::execution::par
Generation #0
45,119,0.001, 0.00928621, 0.0538615, 0.131234, 0.189071, 0.199645, 0.270744, 0.374811, 0.389693, 0.481682, 0.576562, 0.636955, 0.684139, 0.714033, 0.719425, 0.742977, 0.779373, 0.782231, 0.870703, 0.904732, 0.960035, 1, 

48,94,0.001, 0.0414436, 0.0462982, 0.074312, 0.149166, 0.202813, 0.207827, 0.211476, 0.216225, 0.257829, 0.265752, 0.269182, 0.305456, 0.317039, 0.32853, 0.334716, 0.372458, 0.414581, 0.414861, 0.493421, 0.555476, 0.570821, 0.621465, 0.722642, 0.734174, 0.791299, 0.953217, 1, 

42,136,0.001, 0.051133, 0.0516047, 0.136088, 0.218206, 0.243821, 0.313299, 0.331475, 0.356163, 0.461508, 0.464119, 0.657131, 0.689026, 0.714477, 0.737257, 0.805557, 0.851769, 0.91101, 0.928208, 0.931387, 0.946227, 1, 

49,85,0.001, 0.0183847, 0.0423322, 0.0446906, 0.0914196, 0.163596, 0.277473, 0.280961, 0.281339, 0.318201, 0.329147, 0.338031, 0.363495, 0.402996, 0.43608, 0.48708, 0.555212, 0.581244, 0.589301, 0.607214, 0.644818, 0.707025, 0.713647, 0.774317, 0.892559, 0.985671, 0.999408, 1, 

37,170,0.001, 0.0820241, 0.0844429, 0.221327, 0.26714, 0.30661, 0.338856, 0.380413, 0.487699, 0.565152, 0.594675, 0.607463, 0.61444, 0.661608, 0.82359, 0.836658, 1, 

44,133,0.001, 0.0199244, 0.0687314, 0.0822074, 0.102086, 0.104055, 0.106887, 0.308702, 0.393656, 0.439939, 0.478197, 0.522629, 0.58319, 0.595125, 0.596806, 0.601713, 0.781686, 0.793709, 0.914916, 0.918478, 1, 

32,210,0.001, 0.119416, 0.231938, 0.255468, 0.520903, 0.528691, 0.551536, 0.612984, 0.689085, 0.735405, 0.740667, 0.926169, 0.981796, 1, 

34,194,0.001, 0.0816891, 0.129594, 0.176782, 0.237594, 0.576257, 0.645679, 0.709588, 0.770651, 0.838697, 0.957088, 1, 

41,149,0.001, 0.0314424, 0.120018, 0.24779, 0.486406, 0.508077, 0.524034, 0.551048, 0.612972, 0.776885, 0.806856, 0.828035, 0.851215, 0.92966, 0.930662, 1, 

Generation #1
35,74,0.001, 0.0199244, 0.0687314, 0.0822074, 0.102086, 0.104055, 0.106887, 0.308702, 0.393656, 0.439939, 0.478197, 0.522629, 1, 

32,117,0.001, 0.0147292, 0.0423604, 0.126579, 0.131235, 0.233628, 0.289152, 0.308262, 0.584941, 0.969364, 0.988227, 1, 

31,405,0.001, 0.201985, 0.263844, 0.310978, 0.385857, 0.439672, 0.440396, 0.567061, 0.956392, 1, 

49,64,0.001, 0.0314424, 0.0368654, 0.0608993, 0.137172, 0.142998, 0.146408, 0.146494, 0.18256, 0.207199, 0.407457, 0.607455, 0.642264, 0.660859, 0.662495, 0.711344, 0.724637, 0.838201, 0.893088, 0.900348, 0.901129, 0.929365, 0.950051, 0.954055, 0.956375, 0.964847, 1, 

53,57,0.001, 0.0120361, 0.0198926, 0.0421751, 0.062444, 0.0702647, 0.125006, 0.140376, 0.173458, 0.234735, 0.26666, 0.32511, 0.396428, 0.433031, 0.438783, 0.461361, 0.540915, 0.596278, 0.607031, 0.644275, 0.649055, 0.684981, 0.687922, 0.794686, 0.82727, 0.848493, 0.861386, 0.875785, 0.978099, 1, 

Generation #2
35,74,0.001, 0.0199244, 0.0687314, 0.0822074, 0.102086, 0.104055, 0.106887, 0.308702, 0.393656, 0.439939, 0.478197, 0.522629, 1, 

49,64,0.001, 0.0314424, 0.0368654, 0.0608993, 0.137172, 0.142998, 0.146408, 0.146494, 0.18256, 0.207199, 0.407457, 0.607455, 0.642264, 0.660859, 0.662495, 0.711344, 0.724637, 0.838201, 0.893088, 0.900348, 0.901129, 0.929365, 0.950051, 0.954055, 0.956375, 0.964847, 1, 

53,57,0.001, 0.0120361, 0.0198926, 0.0421751, 0.062444, 0.0702647, 0.125006, 0.140376, 0.173458, 0.234735, 0.26666, 0.32511, 0.396428, 0.433031, 0.438783, 0.461361, 0.540915, 0.596278, 0.607031, 0.644275, 0.649055, 0.684981, 0.687922, 0.794686, 0.82727, 0.848493, 0.861386, 0.875785, 0.978099, 1, 

32,90,0.001, 0.0183847, 0.0423322, 0.0446906, 0.131235, 0.233628, 0.289152, 0.308262, 0.584941, 0.23522, 0.969364, 0.988227, 1, 

34,83,0.001, 0.00465535, 0.0392299, 0.0780001, 0.171932, 0.182781, 0.240275, 0.253727, 0.283113, 0.332074, 0.318057, 0.404013, 0.404614, 1, 

40,68,0.001, 0.0234378, 0.0374347, 0.0406212, 0.125226, 0.167932, 0.178993, 0.232568, 0.271709, 0.406655, 0.408011, 0.412481, 0.50301, 0.643979, 0.663131, 0.864234, 0.875472, 0.967541, 1, 

31,92,0.001, 0.0234378, 0.0374347, 0.0406212, 0.310978, 0.385857, 0.439672, 0.567061, 0.956392, 1, 

Generation #3
35,74,0.001, 0.0199244, 0.0687314, 0.0822074, 0.102086, 0.104055, 0.106887, 0.308702, 0.393656, 0.439939, 0.478197, 0.522629, 1, 

49,64,0.001, 0.0314424, 0.0368654, 0.0608993, 0.137172, 0.142998, 0.146408, 0.146494, 0.18256, 0.207199, 0.407457, 0.607455, 0.642264, 0.660859, 0.662495, 0.711344, 0.724637, 0.838201, 0.893088, 0.900348, 0.901129, 0.929365, 0.950051, 0.954055, 0.956375, 0.964847, 1, 

53,57,0.001, 0.0120361, 0.0198926, 0.0421751, 0.062444, 0.0702647, 0.125006, 0.140376, 0.173458, 0.234735, 0.26666, 0.32511, 0.396428, 0.433031, 0.438783, 0.461361, 0.540915, 0.596278, 0.607031, 0.644275, 0.649055, 0.684981, 0.687922, 0.794686, 0.82727, 0.848493, 0.861386, 0.875785, 0.978099, 1, 

28,327,0.001, 0.257939, 0.00465535, 0.0392299, 0.0780001, 0.171932, 0.182781, 0.240275, 0.253727, 0.283113, 1, 

31,87,0.001, 0.0414436, 0.0462982, 0.074312, 0.149166, 0.202813, 0.207827, 0.211476, 0.216225, 1, 

30,247,0.001, 0.0120361, 0.0198926, 0.369969, 0.455178, 0.501159, 0.733097, 0.771782, 0.786482, 0.870975, 1, 

32,79,0.001, 0.0183847, 0.0423322, 0.0446906, 0.149166, 0.202813, 0.207827, 0.211476, 0.216225, 1, 

39,67,0.001, 0.0147292, 0.0423604, 0.0406212, 0.125226, 0.167932, 0.178993, 0.232568, 0.271709, 0.406655, 0.408011, 0.412481, 0.50301, 0.643979, 0.663131, 0.864234, 0.875472, 0.967541, 1, 

Generation #4
28,327,0.001, 0.257939, 0.00465535, 0.0392299, 0.0780001, 0.171932, 0.182781, 0.240275, 0.253727, 0.283113, 1, 

31,87,0.001, 0.0414436, 0.0462982, 0.074312, 0.149166, 0.202813, 0.207827, 0.211476, 0.216225, 1, 

30,247,0.001, 0.0120361, 0.0198926, 0.369969, 0.455178, 0.501159, 0.733097, 0.771782, 0.786482, 0.870975, 1, 

32,79,0.001, 0.0183847, 0.0423322, 0.0446906, 0.149166, 0.202813, 0.207827, 0.211476, 0.216225, 1, 

39,52,0.001, 0.0120361, 0.0198926, 0.0421751, 0.062444, 0.0702647, 0.125006, 0.140376, 0.173458, 0.406655, 0.408011, 0.412481, 0.50301, 0.643979, 0.663131, 0.742977, 0.779373, 0.782231, 0.870703, 0.960035, 1, 

34,69,0.001, 0.0120361, 0.0198926, 0.0421751, 0.062444, 0.0702647, 0.232379, 0.325538, 0.385662, 0.430551, 0.478197, 0.522629, 1, 

Generation #5
28,327,0.001, 0.257939, 0.00465535, 0.0392299, 0.0780001, 0.171932, 0.182781, 0.240275, 0.253727, 0.283113, 1, 

31,87,0.001, 0.0414436, 0.0462982, 0.074312, 0.149166, 0.202813, 0.207827, 0.211476, 0.216225, 1, 

32,79,0.001, 0.0183847, 0.0423322, 0.0446906, 0.149166, 0.202813, 0.207827, 0.211476, 0.216225, 1, 

39,52,0.001, 0.0120361, 0.0198926, 0.0421751, 0.062444, 0.0702647, 0.125006, 0.140376, 0.173458, 0.406655, 0.408011, 0.412481, 0.50301, 0.643979, 0.663131, 0.742977, 0.779373, 0.782231, 0.870703, 0.960035, 1, 

34,69,0.001, 0.0120361, 0.0198926, 0.0421751, 0.062444, 0.0702647, 0.232379, 0.325538, 0.385662, 0.430551, 0.478197, 0.522629, 1, 

30,126,0.001, 0.0414436, 0.0462982, 0.074312, 0.149166, 0.202813, 0.207827, 0.211476, 0.216225, 1, 

33,73,0.001, 0.0199244, 0.0687314, 0.0822074, 0.102086, 0.106887, 0.308702, 0.393656, 0.439939, 0.478197, 0.522629, 1, 

35,56,0.001, 0.0183847, 0.0423322, 0.0446906, 0.0914196, 0.163596, 0.277473, 0.280961, 0.281339, 0.318201, 0.329147, 0.338031, 0.363495, 1, 

Generation #6
30,73,0.001, 0.0120361, 0.0198926, 0.0421751, 0.102086, 0.104055, 0.106887, 0.567061, 0.956392, 1, 

31,51,0.001, 0.0120361, 0.0198926, 0.0446906, 0.0914196, 0.0702647, 0.125006, 0.140376, 0.173458, 0.283113, 1, 

28,120,0.001, 0.0234378, 0.0374347, 0.0406212, 0.125226, 0.167932, 0.178993, 0.211476, 0.216225, 1, 

Generation #7
30,73,0.001, 0.0120361, 0.0198926, 0.0421751, 0.102086, 0.104055, 0.106887, 0.567061, 0.956392, 1, 

31,51,0.001, 0.0120361, 0.0198926, 0.0446906, 0.0914196, 0.0702647, 0.125006, 0.140376, 0.173458, 0.283113, 1, 

28,120,0.001, 0.0234378, 0.0374347, 0.0406212, 0.125226, 0.167932, 0.178993, 0.211476, 0.216225, 1, 

43,50,0.001, 0.0120361, 0.0198926, 0.0421751, 0.062444, 0.0702647, 0.125006, 0.140376, 0.173458, 0.234735, 0.468162, 0.511239, 0.523729, 0.528528, 0.594462, 0.626253, 0.684925, 0.775187, 0.789859, 0.864282, 0.931972, 0.937836, 0.959396, 1, 

Generation #8
30,73,0.001, 0.0120361, 0.0198926, 0.0421751, 0.102086, 0.104055, 0.106887, 0.567061, 0.956392, 1, 

31,51,0.001, 0.0120361, 0.0198926, 0.0446906, 0.0914196, 0.0702647, 0.125006, 0.140376, 0.173458, 0.283113, 1, 

43,50,0.001, 0.0120361, 0.0198926, 0.0421751, 0.062444, 0.0702647, 0.125006, 0.140376, 0.173458, 0.234735, 0.468162, 0.511239, 0.523729, 0.528528, 0.594462, 0.626253, 0.684925, 0.775187, 0.789859, 0.864282, 0.931972, 0.937836, 0.959396, 1, 

29,104,0.001, 0.0147292, 0.0198926, 0.0421751, 0.062444, 0.0702647, 0.140376, 0.439939, 0.478197, 0.522629, 1, 

28,119,0.001, 0.0183847, 0.0423322, 0.0446906, 0.0914196, 0.0702647, 0.211476, 0.216225, 1, 

Generation #9
31,51,0.001, 0.0120361, 0.0198926, 0.0446906, 0.0914196, 0.0702647, 0.125006, 0.140376, 0.173458, 0.283113, 1, 

29,104,0.001, 0.0147292, 0.0198926, 0.0421751, 0.062444, 0.0702647, 0.140376, 0.439939, 0.478197, 0.522629, 1, 

28,119,0.001, 0.0183847, 0.0423322, 0.0446906, 0.0914196, 0.0702647, 0.211476, 0.216225, 1, 

34,46,0.001, 0.0120361, 0.0198926, 0.0421751, 0.062444, 0.0702647, 0.125006, 0.140376, 0.173458, 0.406655, 0.408011, 0.412481, 1, 

30,65,0.001, 0.0120361, 0.0198926, 0.0421751, 0.102086, 0.104055, 0.106887, 0.567061, 0.956392, 1, 

Generation #10
31,51,0.001, 0.0120361, 0.0198926, 0.0446906, 0.0914196, 0.0702647, 0.125006, 0.140376, 0.173458, 0.283113, 1, 

34,46,0.001, 0.0120361, 0.0198926, 0.0421751, 0.062444, 0.0702647, 0.125006, 0.140376, 0.173458, 0.406655, 0.408011, 0.412481, 1, 

28,61,0.001, 0.0120361, 0.0198926, 0.0421751, 0.062444, 0.104055, 0.232379, 0.325538, 0.385662, 1, 

30,56,0.001, 0.0120361, 0.0198926, 0.0421751, 0.062444, 0.0702647, 0.140376, 0.439939, 0.478197, 0.522629, 1, 

35,44,0.001, 0.0120361, 0.0198926, 0.0421751, 0.062444, 0.0702647, 0.125006, 0.140376, 0.588198, 0.324079, 0.68529, 0.761452, 0.790359, 0.835033, 1, 

Generation #11
30,56,0.001, 0.0120361, 0.0198926, 0.0421751, 0.062444, 0.0702647, 0.140376, 0.439939, 0.478197, 0.522629, 1, 

36,40,0.001, 0.0120361, 0.0198926, 0.0421751, 0.062444, 0.0702647, 0.125006, 0.140376, 0.173458, 0.234735, 0.408011, 0.412481, 0.50301, 0.643979, 0.663131, 0.864234, 0.875472, 0.967541, 1, 

31,45,0.001, 0.0120361, 0.0198926, 0.0421751, 0.102086, 0.104055, 0.106887, 0.567061, 0.386292, 0.956392, 1, 

28,57,0.001, 0.0120361, 0.0198926, 0.0421751, 0.062444, 0.0702647, 0.125006, 0.140376, 0.173458, 1, 

32,41,0.001, 0.0120361, 0.0198926, 0.0421751, 0.062444, 0.0702647, 0.125006, 0.140376, 0.173458, 0.406655, 0.408011, 0.412481, 1, 

Generation #12
36,40,0.001, 0.0120361, 0.0198926, 0.0421751, 0.062444, 0.0702647, 0.125006, 0.140376, 0.173458, 0.234735, 0.408011, 0.412481, 0.50301, 0.643979, 0.663131, 0.864234, 0.875472, 0.967541, 1, 

31,45,0.001, 0.0120361, 0.0198926, 0.0421751, 0.102086, 0.104055, 0.106887, 0.567061, 0.386292, 0.956392, 1, 

28,57,0.001, 0.0120361, 0.0198926, 0.0421751, 0.062444, 0.0702647, 0.125006, 0.140376, 0.173458, 1, 

32,41,0.001, 0.0120361, 0.0198926, 0.0421751, 0.062444, 0.0702647, 0.125006, 0.140376, 0.173458, 0.406655, 0.408011, 0.412481, 1, 

29,55,0.001, 0.0120361, 0.0198926, 0.0421751, 0.062444, 0.0702647, 0.125006, 0.140376, 0.173458, 1, 

Generation #13
36,40,0.001, 0.0120361, 0.0198926, 0.0421751, 0.062444, 0.0702647, 0.125006, 0.140376, 0.173458, 0.234735, 0.408011, 0.412481, 0.50301, 0.643979, 0.663131, 0.864234, 0.875472, 0.967541, 1, 

31,45,0.001, 0.0120361, 0.0198926, 0.0421751, 0.102086, 0.104055, 0.106887, 0.567061, 0.386292, 0.956392, 1, 

28,57,0.001, 0.0120361, 0.0198926, 0.0421751, 0.062444, 0.0702647, 0.125006, 0.140376, 0.173458, 1, 

32,41,0.001, 0.0120361, 0.0198926, 0.0421751, 0.062444, 0.0702647, 0.125006, 0.140376, 0.173458, 0.406655, 0.408011, 0.412481, 1, 

29,50,0.001, 0.0120361, 0.0198926, 0.0421751, 0.102086, 0.104055, 0.106887, 0.140376, 0.216225, 1, 

Generation #14
28,57,0.001, 0.0120361, 0.0198926, 0.0421751, 0.062444, 0.0702647, 0.125006, 0.140376, 0.173458, 1, 

29,34,0.001, 0.0120361, 0.0198926, 0.0446906, 0.062444, 0.0702647, 0.125006, 0.140376, 0.173458, 0.234735, 0.468162, 1, 

Generation #15
28,57,0.001, 0.0120361, 0.0198926, 0.0421751, 0.062444, 0.0702647, 0.125006, 0.140376, 0.173458, 1, 

29,34,0.001, 0.0120361, 0.0198926, 0.0446906, 0.062444, 0.0702647, 0.125006, 0.140376, 0.173458, 0.234735, 0.468162, 1, 

27,81,0.001, 0.0120361, 0.0198926, 0.0446906, 0.0914196, 0.0702647, 0.211476, 0.216225, 1, 

Generation #16
28,57,0.001, 0.0120361, 0.0198926, 0.0421751, 0.062444, 0.0702647, 0.125006, 0.140376, 0.173458, 1, 

29,34,0.001, 0.0120361, 0.0198926, 0.0446906, 0.062444, 0.0702647, 0.125006, 0.140376, 0.173458, 0.234735, 0.468162, 1, 

27,81,0.001, 0.0120361, 0.0198926, 0.0446906, 0.0914196, 0.0702647, 0.211476, 0.216225, 1, 

Generation #17
28,57,0.001, 0.0120361, 0.0198926, 0.0421751, 0.062444, 0.0702647, 0.125006, 0.140376, 0.173458, 1, 

29,34,0.001, 0.0120361, 0.0198926, 0.0446906, 0.062444, 0.0702647, 0.125006, 0.140376, 0.173458, 0.234735, 0.468162, 1, 

27,81,0.001, 0.0120361, 0.0198926, 0.0446906, 0.0914196, 0.0702647, 0.211476, 0.216225, 1, 

Generation #18
28,57,0.001, 0.0120361, 0.0198926, 0.0421751, 0.062444, 0.0702647, 0.125006, 0.140376, 0.173458, 1, 

29,34,0.001, 0.0120361, 0.0198926, 0.0446906, 0.062444, 0.0702647, 0.125006, 0.140376, 0.173458, 0.234735, 0.468162, 1, 

27,81,0.001, 0.0120361, 0.0198926, 0.0446906, 0.0914196, 0.0702647, 0.211476, 0.216225, 1, 

Generation #19
29,34,0.001, 0.0120361, 0.0198926, 0.0446906, 0.062444, 0.0702647, 0.125006, 0.140376, 0.173458, 0.234735, 0.468162, 1, 

27,81,0.001, 0.0120361, 0.0198926, 0.0446906, 0.0914196, 0.0702647, 0.211476, 0.216225, 1, 

28,44,0.001, 0.0120361, 0.0198926, 0.0421751, 0.062444, 0.0709228, 0.0702647, 0.125006, 0.308702, 0.216225, 1, 

Generation #20
29,34,0.001, 0.0120361, 0.0198926, 0.0446906, 0.062444, 0.0702647, 0.125006, 0.140376, 0.173458, 0.234735, 0.468162, 1, 

27,81,0.001, 0.0120361, 0.0198926, 0.0446906, 0.0914196, 0.0702647, 0.211476, 0.216225, 1, 

28,44,0.001, 0.0120361, 0.0198926, 0.0421751, 0.062444, 0.0709228, 0.0702647, 0.125006, 0.308702, 0.216225, 1, 

26,243,0.001, 0.0120361, 0.273651, 0.0198926, 0.0421751, 0.062444, 0.0702647, 0.308702, 0.216225, 1, 

Generation #21
29,34,0.001, 0.0120361, 0.0198926, 0.0446906, 0.062444, 0.0702647, 0.125006, 0.140376, 0.173458, 0.234735, 0.468162, 1, 

27,81,0.001, 0.0120361, 0.0198926, 0.0446906, 0.0914196, 0.0702647, 0.211476, 0.216225, 1, 

28,44,0.001, 0.0120361, 0.0198926, 0.0421751, 0.062444, 0.0709228, 0.0702647, 0.125006, 0.308702, 0.216225, 1, 

26,243,0.001, 0.0120361, 0.273651, 0.0198926, 0.0421751, 0.062444, 0.0702647, 0.308702, 0.216225, 1, 

Generation #22
29,34,0.001, 0.0120361, 0.0198926, 0.0446906, 0.062444, 0.0702647, 0.125006, 0.140376, 0.173458, 0.234735, 0.468162, 1, 

27,81,0.001, 0.0120361, 0.0198926, 0.0446906, 0.0914196, 0.0702647, 0.211476, 0.216225, 1, 

28,44,0.001, 0.0120361, 0.0198926, 0.0421751, 0.062444, 0.0709228, 0.0702647, 0.125006, 0.308702, 0.216225, 1, 

26,243,0.001, 0.0120361, 0.273651, 0.0198926, 0.0421751, 0.062444, 0.0702647, 0.308702, 0.216225, 1, 

Generation #23
29,34,0.001, 0.0120361, 0.0198926, 0.0446906, 0.062444, 0.0702647, 0.125006, 0.140376, 0.173458, 0.234735, 0.468162, 1, 

28,44,0.001, 0.0120361, 0.0198926, 0.0421751, 0.062444, 0.0709228, 0.0702647, 0.125006, 0.308702, 0.216225, 1, 

26,73,0.001, 0.0120361, 0.0198926, 0.0421751, 0.0702647, 0.211476, 0.216225, 1, 

Generation #24
29,34,0.001, 0.0120361, 0.0198926, 0.0446906, 0.062444, 0.0702647, 0.125006, 0.140376, 0.173458, 0.234735, 0.468162, 1, 

28,44,0.001, 0.0120361, 0.0198926, 0.0421751, 0.062444, 0.0709228, 0.0702647, 0.125006, 0.308702, 0.216225, 1, 

26,73,0.001, 0.0120361, 0.0198926, 0.0421751, 0.0702647, 0.211476, 0.216225, 1, 

Generation #25
29,34,0.001, 0.0120361, 0.0198926, 0.0446906, 0.062444, 0.0702647, 0.125006, 0.140376, 0.173458, 0.234735, 0.468162, 1, 

28,44,0.001, 0.0120361, 0.0198926, 0.0421751, 0.062444, 0.0709228, 0.0702647, 0.125006, 0.308702, 0.216225, 1, 

26,73,0.001, 0.0120361, 0.0198926, 0.0421751, 0.0702647, 0.211476, 0.216225, 1, 

Generation #26
29,34,0.001, 0.0120361, 0.0198926, 0.0446906, 0.062444, 0.0702647, 0.125006, 0.140376, 0.173458, 0.234735, 0.468162, 1, 

28,44,0.001, 0.0120361, 0.0198926, 0.0421751, 0.062444, 0.0709228, 0.0702647, 0.125006, 0.308702, 0.216225, 1, 

26,73,0.001, 0.0120361, 0.0198926, 0.0421751, 0.0702647, 0.211476, 0.216225, 1, 

Generation #27
29,34,0.001, 0.0120361, 0.0198926, 0.0446906, 0.062444, 0.0702647, 0.125006, 0.140376, 0.173458, 0.234735, 0.468162, 1, 

28,44,0.001, 0.0120361, 0.0198926, 0.0421751, 0.062444, 0.0709228, 0.0702647, 0.125006, 0.308702, 0.216225, 1, 

26,73,0.001, 0.0120361, 0.0198926, 0.0421751, 0.0702647, 0.211476, 0.216225, 1, 

Generation #28
29,34,0.001, 0.0120361, 0.0198926, 0.0446906, 0.062444, 0.0702647, 0.125006, 0.140376, 0.173458, 0.234735, 0.468162, 1, 

28,44,0.001, 0.0120361, 0.0198926, 0.0421751, 0.062444, 0.0709228, 0.0702647, 0.125006, 0.308702, 0.216225, 1, 

26,73,0.001, 0.0120361, 0.0198926, 0.0421751, 0.0702647, 0.211476, 0.216225, 1, 

Generation #29
29,34,0.001, 0.0120361, 0.0198926, 0.0446906, 0.062444, 0.0702647, 0.125006, 0.140376, 0.173458, 0.234735, 0.468162, 1, 

28,44,0.001, 0.0120361, 0.0198926, 0.0421751, 0.062444, 0.0709228, 0.0702647, 0.125006, 0.308702, 0.216225, 1, 

26,73,0.001, 0.0120361, 0.0198926, 0.0421751, 0.0702647, 0.211476, 0.216225, 1, 

30,31,0.001, 0.0120361, 0.0198926, 0.0198926, 0.0421751, 0.0709228, 0.0702647, 0.125006, 0.308702, 0.216225, 1, 

Generation #30
29,34,0.001, 0.0120361, 0.0198926, 0.0446906, 0.062444, 0.0702647, 0.125006, 0.140376, 0.173458, 0.234735, 0.468162, 1, 

28,44,0.001, 0.0120361, 0.0198926, 0.0421751, 0.062444, 0.0709228, 0.0702647, 0.125006, 0.308702, 0.216225, 1, 

26,73,0.001, 0.0120361, 0.0198926, 0.0421751, 0.0702647, 0.211476, 0.216225, 1, 

30,31,0.001, 0.0120361, 0.0198926, 0.0198926, 0.0421751, 0.0709228, 0.0702647, 0.125006, 0.308702, 0.216225, 1, 

Generation #31
26,73,0.001, 0.0120361, 0.0198926, 0.0421751, 0.0702647, 0.211476, 0.216225, 1, 

30,31,0.001, 0.0120361, 0.0198926, 0.0198926, 0.0421751, 0.0709228, 0.0702647, 0.125006, 0.308702, 0.216225, 1, 

27,49,0.001, 0.0120361, 0.0198926, 0.0421751, 0.062444, 0.0709228, 0.0702647, 0.125006, 0.308702, 0.216225, 1, 

28,33,0.001, 0.0120361, 0.0198926, 0.0421751, 0.062444, 0.0702647, 0.125006, 0.140376, 0.216225, 1, 

Generation #32
26,73,0.001, 0.0120361, 0.0198926, 0.0421751, 0.0702647, 0.211476, 0.216225, 1, 

30,31,0.001, 0.0120361, 0.0198926, 0.0198926, 0.0421751, 0.0709228, 0.0702647, 0.125006, 0.308702, 0.216225, 1, 

27,49,0.001, 0.0120361, 0.0198926, 0.0421751, 0.062444, 0.0709228, 0.0702647, 0.125006, 0.308702, 0.216225, 1, 

28,33,0.001, 0.0120361, 0.0198926, 0.0421751, 0.062444, 0.0702647, 0.125006, 0.140376, 0.216225, 1, 

Generation #33
26,73,0.001, 0.0120361, 0.0198926, 0.0421751, 0.0702647, 0.211476, 0.216225, 1, 

30,31,0.001, 0.0120361, 0.0198926, 0.0198926, 0.0421751, 0.0709228, 0.0702647, 0.125006, 0.308702, 0.216225, 1, 

27,49,0.001, 0.0120361, 0.0198926, 0.0421751, 0.062444, 0.0709228, 0.0702647, 0.125006, 0.308702, 0.216225, 1, 

28,33,0.001, 0.0120361, 0.0198926, 0.0421751, 0.062444, 0.0702647, 0.125006, 0.140376, 0.216225, 1, 

Generation #34
26,73,0.001, 0.0120361, 0.0198926, 0.0421751, 0.0702647, 0.211476, 0.216225, 1, 

30,31,0.001, 0.0120361, 0.0198926, 0.0198926, 0.0421751, 0.0709228, 0.0702647, 0.125006, 0.308702, 0.216225, 1, 

27,49,0.001, 0.0120361, 0.0198926, 0.0421751, 0.062444, 0.0709228, 0.0702647, 0.125006, 0.308702, 0.216225, 1, 

28,33,0.001, 0.0120361, 0.0198926, 0.0421751, 0.062444, 0.0702647, 0.125006, 0.140376, 0.216225, 1, 

Generation #35
26,73,0.001, 0.0120361, 0.0198926, 0.0421751, 0.0702647, 0.211476, 0.216225, 1, 

30,31,0.001, 0.0120361, 0.0198926, 0.0198926, 0.0421751, 0.0709228, 0.0702647, 0.125006, 0.308702, 0.216225, 1, 

27,49,0.001, 0.0120361, 0.0198926, 0.0421751, 0.062444, 0.0709228, 0.0702647, 0.125006, 0.308702, 0.216225, 1, 

28,33,0.001, 0.0120361, 0.0198926, 0.0421751, 0.062444, 0.0702647, 0.125006, 0.140376, 0.216225, 1, 

Generation #36
26,73,0.001, 0.0120361, 0.0198926, 0.0421751, 0.0702647, 0.211476, 0.216225, 1, 

30,31,0.001, 0.0120361, 0.0198926, 0.0198926, 0.0421751, 0.0709228, 0.0702647, 0.125006, 0.308702, 0.216225, 1, 

27,49,0.001, 0.0120361, 0.0198926, 0.0421751, 0.062444, 0.0709228, 0.0702647, 0.125006, 0.308702, 0.216225, 1, 

28,33,0.001, 0.0120361, 0.0198926, 0.0421751, 0.062444, 0.0702647, 0.125006, 0.140376, 0.216225, 1, 

Generation #37
26,73,0.001, 0.0120361, 0.0198926, 0.0421751, 0.0702647, 0.211476, 0.216225, 1, 

30,31,0.001, 0.0120361, 0.0198926, 0.0198926, 0.0421751, 0.0709228, 0.0702647, 0.125006, 0.308702, 0.216225, 1, 

28,33,0.001, 0.0120361, 0.0198926, 0.0421751, 0.062444, 0.0702647, 0.125006, 0.140376, 0.216225, 1, 

27,47,0.001, 0.0120361, 0.0198926, 0.0421751, 0.062444, 0.0702647, 0.125006, 1, 

Generation #38
26,73,0.001, 0.0120361, 0.0198926, 0.0421751, 0.0702647, 0.211476, 0.216225, 1, 

30,31,0.001, 0.0120361, 0.0198926, 0.0198926, 0.0421751, 0.0709228, 0.0702647, 0.125006, 0.308702, 0.216225, 1, 

28,33,0.001, 0.0120361, 0.0198926, 0.0421751, 0.062444, 0.0702647, 0.125006, 0.140376, 0.216225, 1, 

27,47,0.001, 0.0120361, 0.0198926, 0.0421751, 0.062444, 0.0702647, 0.125006, 1, 

Generation #39
26,73,0.001, 0.0120361, 0.0198926, 0.0421751, 0.0702647, 0.211476, 0.216225, 1, 

30,31,0.001, 0.0120361, 0.0198926, 0.0198926, 0.0421751, 0.0709228, 0.0702647, 0.125006, 0.308702, 0.216225, 1, 

28,33,0.001, 0.0120361, 0.0198926, 0.0421751, 0.062444, 0.0702647, 0.125006, 0.140376, 0.216225, 1, 

27,47,0.001, 0.0120361, 0.0198926, 0.0421751, 0.062444, 0.0702647, 0.125006, 1, 

Generation #40
26,73,0.001, 0.0120361, 0.0198926, 0.0421751, 0.0702647, 0.211476, 0.216225, 1, 

30,31,0.001, 0.0120361, 0.0198926, 0.0198926, 0.0421751, 0.0709228, 0.0702647, 0.125006, 0.308702, 0.216225, 1, 

28,33,0.001, 0.0120361, 0.0198926, 0.0421751, 0.062444, 0.0702647, 0.125006, 0.140376, 0.216225, 1, 

27,47,0.001, 0.0120361, 0.0198926, 0.0421751, 0.062444, 0.0702647, 0.125006, 1, 

Generation #41
26,73,0.001, 0.0120361, 0.0198926, 0.0421751, 0.0702647, 0.211476, 0.216225, 1, 

30,31,0.001, 0.0120361, 0.0198926, 0.0198926, 0.0421751, 0.0709228, 0.0702647, 0.125006, 0.308702, 0.216225, 1, 

28,33,0.001, 0.0120361, 0.0198926, 0.0421751, 0.062444, 0.0702647, 0.125006, 0.140376, 0.216225, 1, 

27,47,0.001, 0.0120361, 0.0198926, 0.0421751, 0.062444, 0.0702647, 0.125006, 1, 

Generation #42
26,73,0.001, 0.0120361, 0.0198926, 0.0421751, 0.0702647, 0.211476, 0.216225, 1, 

30,31,0.001, 0.0120361, 0.0198926, 0.0198926, 0.0421751, 0.0709228, 0.0702647, 0.125006, 0.308702, 0.216225, 1, 

28,33,0.001, 0.0120361, 0.0198926, 0.0421751, 0.062444, 0.0702647, 0.125006, 0.140376, 0.216225, 1, 

27,47,0.001, 0.0120361, 0.0198926, 0.0421751, 0.062444, 0.0702647, 0.125006, 1, 

Generation #43
26,73,0.001, 0.0120361, 0.0198926, 0.0421751, 0.0702647, 0.211476, 0.216225, 1, 

30,31,0.001, 0.0120361, 0.0198926, 0.0198926, 0.0421751, 0.0709228, 0.0702647, 0.125006, 0.308702, 0.216225, 1, 

28,33,0.001, 0.0120361, 0.0198926, 0.0421751, 0.062444, 0.0702647, 0.125006, 0.140376, 0.216225, 1, 

27,47,0.001, 0.0120361, 0.0198926, 0.0421751, 0.062444, 0.0702647, 0.125006, 1, 

Generation #44
26,73,0.001, 0.0120361, 0.0198926, 0.0421751, 0.0702647, 0.211476, 0.216225, 1, 

30,31,0.001, 0.0120361, 0.0198926, 0.0198926, 0.0421751, 0.0709228, 0.0702647, 0.125006, 0.308702, 0.216225, 1, 

28,33,0.001, 0.0120361, 0.0198926, 0.0421751, 0.062444, 0.0702647, 0.125006, 0.140376, 0.216225, 1, 

27,47,0.001, 0.0120361, 0.0198926, 0.0421751, 0.062444, 0.0702647, 0.125006, 1, 

Generation #45
26,73,0.001, 0.0120361, 0.0198926, 0.0421751, 0.0702647, 0.211476, 0.216225, 1, 

30,31,0.001, 0.0120361, 0.0198926, 0.0198926, 0.0421751, 0.0709228, 0.0702647, 0.125006, 0.308702, 0.216225, 1, 

28,33,0.001, 0.0120361, 0.0198926, 0.0421751, 0.062444, 0.0702647, 0.125006, 0.140376, 0.216225, 1, 

27,47,0.001, 0.0120361, 0.0198926, 0.0421751, 0.062444, 0.0702647, 0.125006, 1, 

Generation #46
26,73,0.001, 0.0120361, 0.0198926, 0.0421751, 0.0702647, 0.211476, 0.216225, 1, 

30,31,0.001, 0.0120361, 0.0198926, 0.0198926, 0.0421751, 0.0709228, 0.0702647, 0.125006, 0.308702, 0.216225, 1, 

28,33,0.001, 0.0120361, 0.0198926, 0.0421751, 0.062444, 0.0702647, 0.125006, 0.140376, 0.216225, 1, 

27,47,0.001, 0.0120361, 0.0198926, 0.0421751, 0.062444, 0.0702647, 0.125006, 1, 

Generation #47
26,73,0.001, 0.0120361, 0.0198926, 0.0421751, 0.0702647, 0.211476, 0.216225, 1, 

30,31,0.001, 0.0120361, 0.0198926, 0.0198926, 0.0421751, 0.0709228, 0.0702647, 0.125006, 0.308702, 0.216225, 1, 

28,33,0.001, 0.0120361, 0.0198926, 0.0421751, 0.062444, 0.0702647, 0.125006, 0.140376, 0.216225, 1, 

27,47,0.001, 0.0120361, 0.0198926, 0.0421751, 0.062444, 0.0702647, 0.125006, 1, 

Generation #48
26,73,0.001, 0.0120361, 0.0198926, 0.0421751, 0.0702647, 0.211476, 0.216225, 1, 

30,31,0.001, 0.0120361, 0.0198926, 0.0198926, 0.0421751, 0.0709228, 0.0702647, 0.125006, 0.308702, 0.216225, 1, 

28,33,0.001, 0.0120361, 0.0198926, 0.0421751, 0.062444, 0.0702647, 0.125006, 0.140376, 0.216225, 1, 

27,47,0.001, 0.0120361, 0.0198926, 0.0421751, 0.062444, 0.0702647, 0.125006, 1, 

Generation #49
30,31,0.001, 0.0120361, 0.0198926, 0.0198926, 0.0421751, 0.0709228, 0.0702647, 0.125006, 0.308702, 0.216225, 1, 

28,33,0.001, 0.0120361, 0.0198926, 0.0421751, 0.062444, 0.0702647, 0.125006, 0.140376, 0.216225, 1, 

27,47,0.001, 0.0120361, 0.0198926, 0.0421751, 0.062444, 0.0702647, 0.125006, 1, 

26,66,0.001, 0.0120361, 0.0198926, 0.0421751, 0.062444, 0.0702647, 0.125006, 1, 

--- Pareto Front Solutions ---
Solution 0: N total=62 (N_initial=32, N_added=30), Time total=43 ms, Saved to: ./results/Bugzilla_t2_l2_pareto_0.csv, percents=0.001, 0.0120361, 0.0198926, 0.0198926, 0.0421751, 0.0709228, 0.0702647, 0.125006, 0.308702, 0.216225, 1, 

Solution 1: N total=60 (N_initial=32, N_added=28), Time total=45 ms, Saved to: ./results/Bugzilla_t2_l2_pareto_1.csv, percents=0.001, 0.0120361, 0.0198926, 0.0421751, 0.062444, 0.0702647, 0.125006, 0.140376, 0.216225, 1, 

Solution 2: N total=59 (N_initial=32, N_added=27), Time total=59 ms, Saved to: ./results/Bugzilla_t2_l2_pareto_2.csv, percents=0.001, 0.0120361, 0.0198926, 0.0421751, 0.062444, 0.0702647, 0.125006, 1, 

Solution 3: N total=58 (N_initial=32, N_added=26), Time total=78 ms, Saved to: ./results/Bugzilla_t2_l2_pareto_3.csv, percents=0.001, 0.0120361, 0.0198926, 0.0421751, 0.062444, 0.0702647, 0.125006, 1, 

------------d=1, t=2, lambda=3, filename=./evaluation/Bugzilla/Bugzilla_2_3.csv------------
Computing partitioned counts of d-sets...
Ready to look at pairs based on partitioned counts...
First Stage N=48, Time=12
There are 196 remaining non-locating pairs
--- Running GA Algorithm (phase2) ---
Running GA with std::execution::par
Generation #0
35,29,0.001, 0.0126897, 0.0210146, 0.104038, 0.119306, 0.141029, 0.215352, 0.225267, 0.298626, 0.488408, 0.542648, 0.578062, 0.885105, 0.898261, 0.905854, 0.921315, 0.921766, 0.927824, 0.992769, 0.994624, 1, 

34,49,0.001, 0.0596305, 0.112016, 0.118603, 0.191108, 0.209342, 0.231709, 0.239073, 0.342755, 0.352107, 0.358182, 0.715569, 0.81277, 0.958533, 1, 

37,22,0.001, 0.0377274, 0.0447503, 0.0567035, 0.125985, 0.190083, 0.203111, 0.387786, 0.482219, 0.511743, 0.532862, 0.563172, 0.603279, 0.621047, 0.688182, 0.722712, 0.753608, 0.835652, 0.850282, 0.865556, 0.936458, 1, 

31,63,0.001, 0.0956959, 0.226977, 0.238771, 0.349417, 0.427899, 0.453012, 0.479106, 0.735202, 0.865854, 0.902395, 0.95104, 1, 

26,85,0.001, 0.158444, 0.174094, 0.370563, 0.467805, 0.587601, 0.893874, 0.92775, 0.930848, 0.945232, 1, 

Generation #1
40,20,0.001, 0.0192898, 0.0348095, 0.0408907, 0.0447737, 0.0624169, 0.100333, 0.125827, 0.212503, 0.246882, 0.300508, 0.346406, 0.350244, 0.35968, 0.403297, 0.42445, 0.439645, 0.471996, 0.474807, 0.525226, 0.575297, 0.579654, 1, 

28,37,0.001, 0.0338986, 0.0888503, 0.0982803, 0.161121, 0.173769, 0.192163, 0.212622, 0.499057, 0.832643, 0.958354, 1, 

29,28,0.001, 0.0116125, 0.0468796, 0.0548342, 0.103133, 0.113838, 0.269321, 0.640567, 0.71322, 0.799898, 0.84805, 0.911926, 1, 

31,21,0.001, 0.0131048, 0.0384272, 0.064436, 0.0867769, 0.120605, 0.126263, 0.126945, 0.136761, 0.148283, 0.174266, 0.278852, 0.294796, 0.298402, 0.298759, 0.382015, 0.402296, 1, 

24,69,0.001, 0.0338986, 0.376627, 0.396938, 0.51739, 0.62067, 0.68, 0.747968, 0.759811, 0.791201, 0.834437, 1, 

Generation #2
28,37,0.001, 0.0338986, 0.0888503, 0.0982803, 0.161121, 0.173769, 0.192163, 0.212622, 0.499057, 0.832643, 0.958354, 1, 

31,21,0.001, 0.0131048, 0.0384272, 0.064436, 0.0867769, 0.120605, 0.126263, 0.126945, 0.136761, 0.148283, 0.174266, 0.278852, 0.294796, 0.298402, 0.298759, 0.382015, 0.402296, 1, 

24,69,0.001, 0.0338986, 0.376627, 0.396938, 0.51739, 0.62067, 0.68, 0.747968, 0.759811, 0.791201, 0.834437, 1, 

29,26,0.001, 0.0456179, 0.0619541, 0.0626026, 0.0755832, 0.173769, 0.192163, 0.212622, 0.224363, 0.615537, 0.65081, 0.819438, 0.964312, 0.979188, 0.982601, 1, 

38,19,0.001, 0.00696419, 0.0348095, 0.0408907, 0.0447737, 0.0624169, 0.100333, 0.125827, 0.212503, 0.246882, 0.300508, 0.346406, 0.350244, 0.35968, 0.403297, 0.42445, 0.439645, 0.471996, 0.474807, 0.525226, 0.575297, 0.579654, 1, 

30,22,0.001, 0.039838, 0.0467893, 0.0705593, 0.0707928, 0.0738493, 0.259932, 0.297921, 0.339059, 0.377298, 0.391848, 1, 

Generation #3
31,21,0.001, 0.0131048, 0.0384272, 0.064436, 0.0867769, 0.120605, 0.126263, 0.126945, 0.136761, 0.148283, 0.174266, 0.278852, 0.294796, 0.298402, 0.298759, 0.382015, 0.402296, 1, 

24,69,0.001, 0.0338986, 0.376627, 0.396938, 0.51739, 0.62067, 0.68, 0.747968, 0.759811, 0.791201, 0.834437, 1, 

29,26,0.001, 0.0456179, 0.0619541, 0.0626026, 0.0755832, 0.173769, 0.192163, 0.212622, 0.224363, 0.615537, 0.65081, 0.819438, 0.964312, 0.979188, 0.982601, 1, 

38,19,0.001, 0.00696419, 0.0348095, 0.0408907, 0.0447737, 0.0624169, 0.100333, 0.125827, 0.212503, 0.246882, 0.300508, 0.346406, 0.350244, 0.35968, 0.403297, 0.42445, 0.439645, 0.471996, 0.474807, 0.525226, 0.575297, 0.579654, 1, 

30,22,0.001, 0.039838, 0.0467893, 0.0705593, 0.0707928, 0.0738493, 0.259932, 0.297921, 0.339059, 0.377298, 0.391848, 1, 

28,31,0.001, 0.0456179, 0.0619541, 0.0626026, 0.0755832, 0.173769, 0.192163, 0.212622, 0.224363, 0.615537, 0.65081, 0.819438, 1, 

27,32,0.001, 0.0377274, 0.0447503, 0.0567035, 0.125985, 0.190083, 0.203111, 0.372528, 0.436434, 1, 

26,40,0.001, 0.039838, 0.0467893, 0.0705593, 0.0707928, 0.0738493, 0.259932, 0.304689, 0.344551, 0.468853, 0.97855, 1, 

33,20,0.001, 0.0131048, 0.0384272, 0.064436, 0.0867769, 0.120605, 0.126263, 0.126945, 0.136761, 0.385807, 0.536222, 0.539404, 0.560849, 0.610278, 0.650353, 0.723095, 0.949881, 1, 

Generation #4
24,18,0.001, 0.0131048, 0.0384272, 0.064436, 0.0867769, 0.120605, 0.126263, 0.126945, 0.136761, 0.385807, 1, 

Generation #5
24,18,0.001, 0.0131048, 0.0384272, 0.064436, 0.0867769, 0.120605, 0.126263, 0.126945, 0.136761, 0.385807, 1, 

45,14,0.001, 0.0192898, 0.0348095, 0.0408907, 0.0447737, 0.0624169, 0.100333, 0.125827, 0.212503, 0.246882, 0.300508, 0.346406, 0.350244, 0.35968, 0.403297, 0.42445, 0.439645, 0.471996, 0.474807, 0.525226, 0.575297, 0.579654, 0.580417, 0.903293, 0.931155, 0.983334, 0.98915, 1, 

Generation #6
24,18,0.001, 0.0131048, 0.0384272, 0.064436, 0.0867769, 0.120605, 0.126263, 0.126945, 0.136761, 0.385807, 1, 

45,14,0.001, 0.0192898, 0.0348095, 0.0408907, 0.0447737, 0.0624169, 0.100333, 0.125827, 0.212503, 0.246882, 0.300508, 0.346406, 0.350244, 0.35968, 0.403297, 0.42445, 0.439645, 0.471996, 0.474807, 0.525226, 0.575297, 0.579654, 0.580417, 0.903293, 0.931155, 0.983334, 0.98915, 1, 

22,30,0.001, 0.0131048, 0.0384272, 0.064436, 0.0867769, 0.120605, 0.304689, 0.344551, 0.468853, 0.97855, 1, 

23,20,0.001, 0.0192898, 0.0348095, 0.0408907, 0.0447737, 0.0624169, 0.100333, 0.668302, 0.740027, 0.774335, 0.955412, 1, 

Generation #7
24,18,0.001, 0.0131048, 0.0384272, 0.064436, 0.0867769, 0.120605, 0.126263, 0.126945, 0.136761, 0.385807, 1, 

45,14,0.001, 0.0192898, 0.0348095, 0.0408907, 0.0447737, 0.0624169, 0.100333, 0.125827, 0.212503, 0.246882, 0.300508, 0.346406, 0.350244, 0.35968, 0.403297, 0.42445, 0.439645, 0.471996, 0.474807, 0.525226, 0.575297, 0.579654, 0.580417, 0.903293, 0.931155, 0.983334, 0.98915, 1, 

22,30,0.001, 0.0131048, 0.0384272, 0.064436, 0.0867769, 0.120605, 0.304689, 0.344551, 0.468853, 0.97855, 1, 

23,20,0.001, 0.0192898, 0.0348095, 0.0408907, 0.0447737, 0.0624169, 0.100333, 0.668302, 0.740027, 0.774335, 0.955412, 1, 

Generation #8
24,18,0.001, 0.0131048, 0.0384272, 0.064436, 0.0867769, 0.120605, 0.126263, 0.126945, 0.136761, 0.385807, 1, 

45,14,0.001, 0.0192898, 0.0348095, 0.0408907, 0.0447737, 0.0624169, 0.100333, 0.125827, 0.212503, 0.246882, 0.300508, 0.346406, 0.350244, 0.35968, 0.403297, 0.42445, 0.439645, 0.471996, 0.474807, 0.525226, 0.575297, 0.579654, 0.580417, 0.903293, 0.931155, 0.983334, 0.98915, 1, 

22,30,0.001, 0.0131048, 0.0384272, 0.064436, 0.0867769, 0.120605, 0.304689, 0.344551, 0.468853, 0.97855, 1, 

23,20,0.001, 0.0192898, 0.0348095, 0.0408907, 0.0447737, 0.0624169, 0.100333, 0.668302, 0.740027, 0.774335, 0.955412, 1, 

30,17,0.001, 0.0192898, 0.0348095, 0.0408907, 0.0447737, 0.0624169, 0.100333, 0.126945, 0.136761, 0.22195, 0.148283, 0.174266, 1, 

38,15,0.001, 0.0116125, 0.0468796, 0.0548342, 0.103133, 0.113838, 0.269321, 0.281523, 0.930848, 0.189271, 0.346406, 0.505267, 0.644953, 0.708671, 0.760239, 0.824469, 0.867604, 0.886629, 0.97499, 0.982485, 1, 

Generation #9
24,18,0.001, 0.0131048, 0.0384272, 0.064436, 0.0867769, 0.120605, 0.126263, 0.126945, 0.136761, 0.385807, 1, 

45,14,0.001, 0.0192898, 0.0348095, 0.0408907, 0.0447737, 0.0624169, 0.100333, 0.125827, 0.212503, 0.246882, 0.300508, 0.346406, 0.350244, 0.35968, 0.403297, 0.42445, 0.439645, 0.471996, 0.474807, 0.525226, 0.575297, 0.579654, 0.580417, 0.903293, 0.931155, 0.983334, 0.98915, 1, 

22,30,0.001, 0.0131048, 0.0384272, 0.064436, 0.0867769, 0.120605, 0.304689, 0.344551, 0.468853, 0.97855, 1, 

23,20,0.001, 0.0192898, 0.0348095, 0.0408907, 0.0447737, 0.0624169, 0.100333, 0.668302, 0.740027, 0.774335, 0.955412, 1, 

28,15,0.001, 0.0131048, 0.0384272, 0.064436, 0.0867769, 0.0624169, 0.100333, 0.125827, 0.212503, 0.246882, 0.300508, 0.819438, 0.964312, 0.979188, 0.982601, 1, 

26,17,0.001, 0.0116125, 0.0468796, 0.0548342, 0.103133, 0.113838, 0.269321, 0.281523, 0.930848, 0.189271, 0.331833, 0.918131, 0.975873, 1, 

Generation #10
24,18,0.001, 0.0131048, 0.0384272, 0.064436, 0.0867769, 0.120605, 0.126263, 0.126945, 0.136761, 0.385807, 1, 

45,14,0.001, 0.0192898, 0.0348095, 0.0408907, 0.0447737, 0.0624169, 0.100333, 0.125827, 0.212503, 0.246882, 0.300508, 0.346406, 0.350244, 0.35968, 0.403297, 0.42445, 0.439645, 0.471996, 0.474807, 0.525226, 0.575297, 0.579654, 0.580417, 0.903293, 0.931155, 0.983334, 0.98915, 1, 

22,30,0.001, 0.0131048, 0.0384272, 0.064436, 0.0867769, 0.120605, 0.304689, 0.344551, 0.468853, 0.97855, 1, 

23,20,0.001, 0.0192898, 0.0348095, 0.0408907, 0.0447737, 0.0624169, 0.100333, 0.668302, 0.740027, 0.774335, 0.955412, 1, 

28,15,0.001, 0.0131048, 0.0384272, 0.064436, 0.0867769, 0.0624169, 0.100333, 0.125827, 0.212503, 0.246882, 0.300508, 0.819438, 0.964312, 0.979188, 0.982601, 1, 

26,16,0.001, 0.0131048, 0.0384272, 0.030792, 0.064436, 0.0867769, 0.0624169, 0.100333, 0.281523, 0.306584, 0.434754, 0.444019, 1, 

Generation #11
24,18,0.001, 0.0131048, 0.0384272, 0.064436, 0.0867769, 0.120605, 0.126263, 0.126945, 0.136761, 0.385807, 1, 

45,14,0.001, 0.0192898, 0.0348095, 0.0408907, 0.0447737, 0.0624169, 0.100333, 0.125827, 0.212503, 0.246882, 0.300508, 0.346406, 0.350244, 0.35968, 0.403297, 0.42445, 0.439645, 0.471996, 0.474807, 0.525226, 0.575297, 0.579654, 0.580417, 0.903293, 0.931155, 0.983334, 0.98915, 1, 

22,30,0.001, 0.0131048, 0.0384272, 0.064436, 0.0867769, 0.120605, 0.304689, 0.344551, 0.468853, 0.97855, 1, 

23,20,0.001, 0.0192898, 0.0348095, 0.0408907, 0.0447737, 0.0624169, 0.100333, 0.668302, 0.740027, 0.774335, 0.955412, 1, 

28,15,0.001, 0.0131048, 0.0384272, 0.064436, 0.0867769, 0.0624169, 0.100333, 0.125827, 0.212503, 0.246882, 0.300508, 0.819438, 0.964312, 0.979188, 0.982601, 1, 

26,16,0.001, 0.0131048, 0.0384272, 0.030792, 0.064436, 0.0867769, 0.0624169, 0.100333, 0.281523, 0.306584, 0.434754, 0.444019, 1, 

Generation #12
24,18,0.001, 0.0131048, 0.0384272, 0.064436, 0.0867769, 0.120605, 0.126263, 0.126945, 0.136761, 0.385807, 1, 

45,14,0.001, 0.0192898, 0.0348095, 0.0408907, 0.0447737, 0.0624169, 0.100333, 0.125827, 0.212503, 0.246882, 0.300508, 0.346406, 0.350244, 0.35968, 0.403297, 0.42445, 0.439645, 0.471996, 0.474807, 0.525226, 0.575297, 0.579654, 0.580417, 0.903293, 0.931155, 0.983334, 0.98915, 1, 

22,30,0.001, 0.0131048, 0.0384272, 0.064436, 0.0867769, 0.120605, 0.304689, 0.344551, 0.468853, 0.97855, 1, 

23,20,0.001, 0.0192898, 0.0348095, 0.0408907, 0.0447737, 0.0624169, 0.100333, 0.668302, 0.740027, 0.774335, 0.955412, 1, 

28,15,0.001, 0.0131048, 0.0384272, 0.064436, 0.0867769, 0.0624169, 0.100333, 0.125827, 0.212503, 0.246882, 0.300508, 0.819438, 0.964312, 0.979188, 0.982601, 1, 

26,16,0.001, 0.0131048, 0.0384272, 0.030792, 0.064436, 0.0867769, 0.0624169, 0.100333, 0.281523, 0.306584, 0.434754, 0.444019, 1, 

Generation #13
24,18,0.001, 0.0131048, 0.0384272, 0.064436, 0.0867769, 0.120605, 0.126263, 0.126945, 0.136761, 0.385807, 1, 

22,30,0.001, 0.0131048, 0.0384272, 0.064436, 0.0867769, 0.120605, 0.304689, 0.344551, 0.468853, 0.97855, 1, 

23,20,0.001, 0.0192898, 0.0348095, 0.0408907, 0.0447737, 0.0624169, 0.100333, 0.668302, 0.740027, 0.774335, 0.955412, 1, 

25,13,0.001, 0.00696419, 0.0348095, 0.0408907, 0.0447737, 0.0624169, 0.201859, 0.271106, 0.299647, 0.759811, 0.539549, 1, 

Generation #14
24,18,0.001, 0.0131048, 0.0384272, 0.064436, 0.0867769, 0.120605, 0.126263, 0.126945, 0.136761, 0.385807, 1, 

22,30,0.001, 0.0131048, 0.0384272, 0.064436, 0.0867769, 0.120605, 0.304689, 0.344551, 0.468853, 0.97855, 1, 

23,20,0.001, 0.0192898, 0.0348095, 0.0408907, 0.0447737, 0.0624169, 0.100333, 0.668302, 0.740027, 0.774335, 0.955412, 1, 

25,13,0.001, 0.00696419, 0.0348095, 0.0408907, 0.0447737, 0.0624169, 0.201859, 0.271106, 0.299647, 0.759811, 0.539549, 1, 

Generation #15
24,18,0.001, 0.0131048, 0.0384272, 0.064436, 0.0867769, 0.120605, 0.126263, 0.126945, 0.136761, 0.385807, 1, 

22,30,0.001, 0.0131048, 0.0384272, 0.064436, 0.0867769, 0.120605, 0.304689, 0.344551, 0.468853, 0.97855, 1, 

23,20,0.001, 0.0192898, 0.0348095, 0.0408907, 0.0447737, 0.0624169, 0.100333, 0.668302, 0.740027, 0.774335, 0.955412, 1, 

25,13,0.001, 0.00696419, 0.0348095, 0.0408907, 0.0447737, 0.0624169, 0.201859, 0.271106, 0.299647, 0.759811, 0.539549, 1, 

Generation #16
22,30,0.001, 0.0131048, 0.0384272, 0.064436, 0.0867769, 0.120605, 0.304689, 0.344551, 0.468853, 0.97855, 1, 

25,13,0.001, 0.00696419, 0.0348095, 0.0408907, 0.0447737, 0.0624169, 0.201859, 0.271106, 0.299647, 0.759811, 0.539549, 1, 

23,14,0.001, 0.0192898, 0.0348095, 0.0408907, 0.0447737, 0.0624169, 0.100333, 0.125827, 0.136761, 0.148283, 0.174266, 1, 

Generation #17
22,30,0.001, 0.0131048, 0.0384272, 0.064436, 0.0867769, 0.120605, 0.304689, 0.344551, 0.468853, 0.97855, 1, 

25,13,0.001, 0.00696419, 0.0348095, 0.0408907, 0.0447737, 0.0624169, 0.201859, 0.271106, 0.299647, 0.759811, 0.539549, 1, 

23,14,0.001, 0.0192898, 0.0348095, 0.0408907, 0.0447737, 0.0624169, 0.100333, 0.125827, 0.136761, 0.148283, 0.174266, 1, 

35,12,0.001, 0.0192898, 0.0348095, 0.0408907, 0.0447737, 0.0624169, 0.100333, 0.125827, 0.136761, 0.189271, 0.346406, 0.505267, 0.644953, 0.708671, 0.760239, 0.824469, 0.867604, 0.886629, 0.97499, 0.982485, 1, 

Generation #18
22,30,0.001, 0.0131048, 0.0384272, 0.064436, 0.0867769, 0.120605, 0.304689, 0.344551, 0.468853, 0.97855, 1, 

25,13,0.001, 0.00696419, 0.0348095, 0.0408907, 0.0447737, 0.0624169, 0.201859, 0.271106, 0.299647, 0.759811, 0.539549, 1, 

23,14,0.001, 0.0192898, 0.0348095, 0.0408907, 0.0447737, 0.0624169, 0.100333, 0.125827, 0.136761, 0.148283, 0.174266, 1, 

35,12,0.001, 0.0192898, 0.0348095, 0.0408907, 0.0447737, 0.0624169, 0.100333, 0.125827, 0.136761, 0.189271, 0.346406, 0.505267, 0.644953, 0.708671, 0.760239, 0.824469, 0.867604, 0.886629, 0.97499, 0.982485, 1, 

Generation #19
22,30,0.001, 0.0131048, 0.0384272, 0.064436, 0.0867769, 0.120605, 0.304689, 0.344551, 0.468853, 0.97855, 1, 

25,13,0.001, 0.00696419, 0.0348095, 0.0408907, 0.0447737, 0.0624169, 0.201859, 0.271106, 0.299647, 0.759811, 0.539549, 1, 

23,14,0.001, 0.0192898, 0.0348095, 0.0408907, 0.0447737, 0.0624169, 0.100333, 0.125827, 0.136761, 0.148283, 0.174266, 1, 

35,12,0.001, 0.0192898, 0.0348095, 0.0408907, 0.0447737, 0.0624169, 0.100333, 0.125827, 0.136761, 0.189271, 0.346406, 0.505267, 0.644953, 0.708671, 0.760239, 0.824469, 0.867604, 0.886629, 0.97499, 0.982485, 1, 

Generation #20
22,30,0.001, 0.0131048, 0.0384272, 0.064436, 0.0867769, 0.120605, 0.304689, 0.344551, 0.468853, 0.97855, 1, 

25,13,0.001, 0.00696419, 0.0348095, 0.0408907, 0.0447737, 0.0624169, 0.201859, 0.271106, 0.299647, 0.759811, 0.539549, 1, 

23,14,0.001, 0.0192898, 0.0348095, 0.0408907, 0.0447737, 0.0624169, 0.100333, 0.125827, 0.136761, 0.148283, 0.174266, 1, 

31,12,0.001, 0.0131048, 0.0384272, 0.064436, 0.0867769, 0.0624169, 0.100333, 0.125827, 0.212503, 0.246882, 0.300508, 0.819438, 0.964312, 0.979188, 0.982601, 1, 

Generation #21
22,30,0.001, 0.0131048, 0.0384272, 0.064436, 0.0867769, 0.120605, 0.304689, 0.344551, 0.468853, 0.97855, 1, 

25,13,0.001, 0.00696419, 0.0348095, 0.0408907, 0.0447737, 0.0624169, 0.201859, 0.271106, 0.299647, 0.759811, 0.539549, 1, 

23,14,0.001, 0.0192898, 0.0348095, 0.0408907, 0.0447737, 0.0624169, 0.100333, 0.125827, 0.136761, 0.148283, 0.174266, 1, 

31,12,0.001, 0.0131048, 0.0384272, 0.064436, 0.0867769, 0.0624169, 0.100333, 0.125827, 0.212503, 0.246882, 0.300508, 0.819438, 0.964312, 0.979188, 0.982601, 1, 

Generation #22
22,30,0.001, 0.0131048, 0.0384272, 0.064436, 0.0867769, 0.120605, 0.304689, 0.344551, 0.468853, 0.97855, 1, 

25,13,0.001, 0.00696419, 0.0348095, 0.0408907, 0.0447737, 0.0624169, 0.201859, 0.271106, 0.299647, 0.759811, 0.539549, 1, 

23,14,0.001, 0.0192898, 0.0348095, 0.0408907, 0.0447737, 0.0624169, 0.100333, 0.125827, 0.136761, 0.148283, 0.174266, 1, 

31,12,0.001, 0.0131048, 0.0384272, 0.064436, 0.0867769, 0.0624169, 0.100333, 0.125827, 0.212503, 0.246882, 0.300508, 0.819438, 0.964312, 0.979188, 0.982601, 1, 

Generation #23
22,30,0.001, 0.0131048, 0.0384272, 0.064436, 0.0867769, 0.120605, 0.304689, 0.344551, 0.468853, 0.97855, 1, 

25,13,0.001, 0.00696419, 0.0348095, 0.0408907, 0.0447737, 0.0624169, 0.201859, 0.271106, 0.299647, 0.759811, 0.539549, 1, 

23,14,0.001, 0.0192898, 0.0348095, 0.0408907, 0.0447737, 0.0624169, 0.100333, 0.125827, 0.136761, 0.148283, 0.174266, 1, 

31,12,0.001, 0.0131048, 0.0384272, 0.064436, 0.0867769, 0.0624169, 0.100333, 0.125827, 0.212503, 0.246882, 0.300508, 0.819438, 0.964312, 0.979188, 0.982601, 1, 

Generation #24
22,30,0.001, 0.0131048, 0.0384272, 0.064436, 0.0867769, 0.120605, 0.304689, 0.344551, 0.468853, 0.97855, 1, 

25,13,0.001, 0.00696419, 0.0348095, 0.0408907, 0.0447737, 0.0624169, 0.201859, 0.271106, 0.299647, 0.759811, 0.539549, 1, 

23,14,0.001, 0.0192898, 0.0348095, 0.0408907, 0.0447737, 0.0624169, 0.100333, 0.125827, 0.136761, 0.148283, 0.174266, 1, 

31,12,0.001, 0.0131048, 0.0384272, 0.064436, 0.0867769, 0.0624169, 0.100333, 0.125827, 0.212503, 0.246882, 0.300508, 0.819438, 0.964312, 0.979188, 0.982601, 1, 

Generation #25
22,30,0.001, 0.0131048, 0.0384272, 0.064436, 0.0867769, 0.120605, 0.304689, 0.344551, 0.468853, 0.97855, 1, 

25,13,0.001, 0.00696419, 0.0348095, 0.0408907, 0.0447737, 0.0624169, 0.201859, 0.271106, 0.299647, 0.759811, 0.539549, 1, 

23,14,0.001, 0.0192898, 0.0348095, 0.0408907, 0.0447737, 0.0624169, 0.100333, 0.125827, 0.136761, 0.148283, 0.174266, 1, 

31,12,0.001, 0.0131048, 0.0384272, 0.064436, 0.0867769, 0.0624169, 0.100333, 0.125827, 0.212503, 0.246882, 0.300508, 0.819438, 0.964312, 0.979188, 0.982601, 1, 

Generation #26
22,30,0.001, 0.0131048, 0.0384272, 0.064436, 0.0867769, 0.120605, 0.304689, 0.344551, 0.468853, 0.97855, 1, 

25,13,0.001, 0.00696419, 0.0348095, 0.0408907, 0.0447737, 0.0624169, 0.201859, 0.271106, 0.299647, 0.759811, 0.539549, 1, 

23,14,0.001, 0.0192898, 0.0348095, 0.0408907, 0.0447737, 0.0624169, 0.100333, 0.125827, 0.136761, 0.148283, 0.174266, 1, 

31,12,0.001, 0.0131048, 0.0384272, 0.064436, 0.0867769, 0.0624169, 0.100333, 0.125827, 0.212503, 0.246882, 0.300508, 0.819438, 0.964312, 0.979188, 0.982601, 1, 

Generation #27
22,30,0.001, 0.0131048, 0.0384272, 0.064436, 0.0867769, 0.120605, 0.304689, 0.344551, 0.468853, 0.97855, 1, 

25,13,0.001, 0.00696419, 0.0348095, 0.0408907, 0.0447737, 0.0624169, 0.201859, 0.271106, 0.299647, 0.759811, 0.539549, 1, 

23,14,0.001, 0.0192898, 0.0348095, 0.0408907, 0.0447737, 0.0624169, 0.100333, 0.125827, 0.136761, 0.148283, 0.174266, 1, 

31,12,0.001, 0.0131048, 0.0384272, 0.064436, 0.0867769, 0.0624169, 0.100333, 0.125827, 0.212503, 0.246882, 0.300508, 0.819438, 0.964312, 0.979188, 0.982601, 1, 

Generation #28
22,30,0.001, 0.0131048, 0.0384272, 0.064436, 0.0867769, 0.120605, 0.304689, 0.344551, 0.468853, 0.97855, 1, 

25,13,0.001, 0.00696419, 0.0348095, 0.0408907, 0.0447737, 0.0624169, 0.201859, 0.271106, 0.299647, 0.759811, 0.539549, 1, 

23,14,0.001, 0.0192898, 0.0348095, 0.0408907, 0.0447737, 0.0624169, 0.100333, 0.125827, 0.136761, 0.148283, 0.174266, 1, 

31,12,0.001, 0.0131048, 0.0384272, 0.064436, 0.0867769, 0.0624169, 0.100333, 0.125827, 0.212503, 0.246882, 0.300508, 0.819438, 0.964312, 0.979188, 0.982601, 1, 

Generation #29
22,30,0.001, 0.0131048, 0.0384272, 0.064436, 0.0867769, 0.120605, 0.304689, 0.344551, 0.468853, 0.97855, 1, 

25,13,0.001, 0.00696419, 0.0348095, 0.0408907, 0.0447737, 0.0624169, 0.201859, 0.271106, 0.299647, 0.759811, 0.539549, 1, 

23,14,0.001, 0.0192898, 0.0348095, 0.0408907, 0.0447737, 0.0624169, 0.100333, 0.125827, 0.136761, 0.148283, 0.174266, 1, 

31,12,0.001, 0.0131048, 0.0384272, 0.064436, 0.0867769, 0.0624169, 0.100333, 0.125827, 0.212503, 0.246882, 0.300508, 0.819438, 0.964312, 0.979188, 0.982601, 1, 

Generation #30
25,13,0.001, 0.00696419, 0.0348095, 0.0408907, 0.0447737, 0.0624169, 0.201859, 0.271106, 0.299647, 0.759811, 0.539549, 1, 

23,14,0.001, 0.0192898, 0.0348095, 0.0408907, 0.0447737, 0.0624169, 0.100333, 0.125827, 0.136761, 0.148283, 0.174266, 1, 

31,12,0.001, 0.0131048, 0.0384272, 0.064436, 0.0867769, 0.0624169, 0.100333, 0.125827, 0.212503, 0.246882, 0.300508, 0.819438, 0.964312, 0.979188, 0.982601, 1, 

22,21,0.001, 0.0192898, 0.0348095, 0.0408907, 0.0447737, 0.0624169, 0.100333, 0.125827, 0.136761, 0.385807, 1, 

Generation #31
25,13,0.001, 0.00696419, 0.0348095, 0.0408907, 0.0447737, 0.0624169, 0.201859, 0.271106, 0.299647, 0.759811, 0.539549, 1, 

23,14,0.001, 0.0192898, 0.0348095, 0.0408907, 0.0447737, 0.0624169, 0.100333, 0.125827, 0.136761, 0.148283, 0.174266, 1, 

31,12,0.001, 0.0131048, 0.0384272, 0.064436, 0.0867769, 0.0624169, 0.100333, 0.125827, 0.212503, 0.246882, 0.300508, 0.819438, 0.964312, 0.979188, 0.982601, 1, 

22,21,0.001, 0.0192898, 0.0348095, 0.0408907, 0.0447737, 0.0624169, 0.100333, 0.125827, 0.136761, 0.385807, 1, 

Generation #32
25,13,0.001, 0.00696419, 0.0348095, 0.0408907, 0.0447737, 0.0624169, 0.201859, 0.271106, 0.299647, 0.759811, 0.539549, 1, 

23,14,0.001, 0.0192898, 0.0348095, 0.0408907, 0.0447737, 0.0624169, 0.100333, 0.125827, 0.136761, 0.148283, 0.174266, 1, 

31,12,0.001, 0.0131048, 0.0384272, 0.064436, 0.0867769, 0.0624169, 0.100333, 0.125827, 0.212503, 0.246882, 0.300508, 0.819438, 0.964312, 0.979188, 0.982601, 1, 

22,21,0.001, 0.0192898, 0.0348095, 0.0408907, 0.0447737, 0.0624169, 0.100333, 0.125827, 0.136761, 0.385807, 1, 

21,46,0.001, 0.0131048, 0.0348095, 0.0408907, 0.0447737, 0.0624169, 0.100333, 0.372528, 0.436434, 1, 

Generation #33
25,13,0.001, 0.00696419, 0.0348095, 0.0408907, 0.0447737, 0.0624169, 0.201859, 0.271106, 0.299647, 0.759811, 0.539549, 1, 

23,14,0.001, 0.0192898, 0.0348095, 0.0408907, 0.0447737, 0.0624169, 0.100333, 0.125827, 0.136761, 0.148283, 0.174266, 1, 

31,12,0.001, 0.0131048, 0.0384272, 0.064436, 0.0867769, 0.0624169, 0.100333, 0.125827, 0.212503, 0.246882, 0.300508, 0.819438, 0.964312, 0.979188, 0.982601, 1, 

22,21,0.001, 0.0192898, 0.0348095, 0.0408907, 0.0447737, 0.0624169, 0.100333, 0.125827, 0.136761, 0.385807, 1, 

21,46,0.001, 0.0131048, 0.0348095, 0.0408907, 0.0447737, 0.0624169, 0.100333, 0.372528, 0.436434, 1, 

Generation #34
25,13,0.001, 0.00696419, 0.0348095, 0.0408907, 0.0447737, 0.0624169, 0.201859, 0.271106, 0.299647, 0.759811, 0.539549, 1, 

23,14,0.001, 0.0192898, 0.0348095, 0.0408907, 0.0447737, 0.0624169, 0.100333, 0.125827, 0.136761, 0.148283, 0.174266, 1, 

31,12,0.001, 0.0131048, 0.0384272, 0.064436, 0.0867769, 0.0624169, 0.100333, 0.125827, 0.212503, 0.246882, 0.300508, 0.819438, 0.964312, 0.979188, 0.982601, 1, 

22,21,0.001, 0.0192898, 0.0348095, 0.0408907, 0.0447737, 0.0624169, 0.100333, 0.125827, 0.136761, 0.385807, 1, 

21,46,0.001, 0.0131048, 0.0348095, 0.0408907, 0.0447737, 0.0624169, 0.100333, 0.372528, 0.436434, 1, 

Generation #35
25,13,0.001, 0.00696419, 0.0348095, 0.0408907, 0.0447737, 0.0624169, 0.201859, 0.271106, 0.299647, 0.759811, 0.539549, 1, 

23,14,0.001, 0.0192898, 0.0348095, 0.0408907, 0.0447737, 0.0624169, 0.100333, 0.125827, 0.136761, 0.148283, 0.174266, 1, 

31,12,0.001, 0.0131048, 0.0384272, 0.064436, 0.0867769, 0.0624169, 0.100333, 0.125827, 0.212503, 0.246882, 0.300508, 0.819438, 0.964312, 0.979188, 0.982601, 1, 

22,21,0.001, 0.0192898, 0.0348095, 0.0408907, 0.0447737, 0.0624169, 0.100333, 0.125827, 0.136761, 0.385807, 1, 

21,46,0.001, 0.0131048, 0.0348095, 0.0408907, 0.0447737, 0.0624169, 0.100333, 0.372528, 0.436434, 1, 

Generation #36
25,13,0.001, 0.00696419, 0.0348095, 0.0408907, 0.0447737, 0.0624169, 0.201859, 0.271106, 0.299647, 0.759811, 0.539549, 1, 

23,14,0.001, 0.0192898, 0.0348095, 0.0408907, 0.0447737, 0.0624169, 0.100333, 0.125827, 0.136761, 0.148283, 0.174266, 1, 

31,12,0.001, 0.0131048, 0.0384272, 0.064436, 0.0867769, 0.0624169, 0.100333, 0.125827, 0.212503, 0.246882, 0.300508, 0.819438, 0.964312, 0.979188, 0.982601, 1, 

22,21,0.001, 0.0192898, 0.0348095, 0.0408907, 0.0447737, 0.0624169, 0.100333, 0.125827, 0.136761, 0.385807, 1, 

21,46,0.001, 0.0131048, 0.0348095, 0.0408907, 0.0447737, 0.0624169, 0.100333, 0.372528, 0.436434, 1, 

Generation #37
23,14,0.001, 0.0192898, 0.0348095, 0.0408907, 0.0447737, 0.0624169, 0.100333, 0.125827, 0.136761, 0.148283, 0.174266, 1, 

22,21,0.001, 0.0192898, 0.0348095, 0.0408907, 0.0447737, 0.0624169, 0.100333, 0.125827, 0.136761, 0.385807, 1, 

21,46,0.001, 0.0131048, 0.0348095, 0.0408907, 0.0447737, 0.0624169, 0.100333, 0.372528, 0.436434, 1, 

24,12,0.001, 0.0131048, 0.0384272, 0.030792, 0.064436, 0.0867769, 0.0624169, 0.100333, 0.281523, 0.306584, 0.434754, 0.444019, 1, 

Generation #38
23,14,0.001, 0.0192898, 0.0348095, 0.0408907, 0.0447737, 0.0624169, 0.100333, 0.125827, 0.136761, 0.148283, 0.174266, 1, 

22,21,0.001, 0.0192898, 0.0348095, 0.0408907, 0.0447737, 0.0624169, 0.100333, 0.125827, 0.136761, 0.385807, 1, 

21,46,0.001, 0.0131048, 0.0348095, 0.0408907, 0.0447737, 0.0624169, 0.100333, 0.372528, 0.436434, 1, 

24,12,0.001, 0.0131048, 0.0384272, 0.030792, 0.064436, 0.0867769, 0.0624169, 0.100333, 0.281523, 0.306584, 0.434754, 0.444019, 1, 

Generation #39
24,12,0.001, 0.0131048, 0.0384272, 0.030792, 0.064436, 0.0867769, 0.0624169, 0.100333, 0.281523, 0.306584, 0.434754, 0.444019, 1, 

21,13,0.001, 0.0192898, 0.0348095, 0.0408907, 0.0447737, 0.0624169, 0.100333, 0.372528, 0.436434, 1, 

Generation #40
24,12,0.001, 0.0131048, 0.0384272, 0.030792, 0.064436, 0.0867769, 0.0624169, 0.100333, 0.281523, 0.306584, 0.434754, 0.444019, 1, 

21,13,0.001, 0.0192898, 0.0348095, 0.0408907, 0.0447737, 0.0624169, 0.100333, 0.372528, 0.436434, 1, 

Generation #41
24,12,0.001, 0.0131048, 0.0384272, 0.030792, 0.064436, 0.0867769, 0.0624169, 0.100333, 0.281523, 0.306584, 0.434754, 0.444019, 1, 

21,13,0.001, 0.0192898, 0.0348095, 0.0408907, 0.0447737, 0.0624169, 0.100333, 0.372528, 0.436434, 1, 

Generation #42
24,12,0.001, 0.0131048, 0.0384272, 0.030792, 0.064436, 0.0867769, 0.0624169, 0.100333, 0.281523, 0.306584, 0.434754, 0.444019, 1, 

21,13,0.001, 0.0192898, 0.0348095, 0.0408907, 0.0447737, 0.0624169, 0.100333, 0.372528, 0.436434, 1, 

Generation #43
24,12,0.001, 0.0131048, 0.0384272, 0.030792, 0.064436, 0.0867769, 0.0624169, 0.100333, 0.281523, 0.306584, 0.434754, 0.444019, 1, 

21,13,0.001, 0.0192898, 0.0348095, 0.0408907, 0.0447737, 0.0624169, 0.100333, 0.372528, 0.436434, 1, 

Generation #44
24,12,0.001, 0.0131048, 0.0384272, 0.030792, 0.064436, 0.0867769, 0.0624169, 0.100333, 0.281523, 0.306584, 0.434754, 0.444019, 1, 

21,13,0.001, 0.0192898, 0.0348095, 0.0408907, 0.0447737, 0.0624169, 0.100333, 0.372528, 0.436434, 1, 

Generation #45
24,12,0.001, 0.0131048, 0.0384272, 0.030792, 0.064436, 0.0867769, 0.0624169, 0.100333, 0.281523, 0.306584, 0.434754, 0.444019, 1, 

21,13,0.001, 0.0192898, 0.0348095, 0.0408907, 0.0447737, 0.0624169, 0.100333, 0.372528, 0.436434, 1, 

Generation #46
24,12,0.001, 0.0131048, 0.0384272, 0.030792, 0.064436, 0.0867769, 0.0624169, 0.100333, 0.281523, 0.306584, 0.434754, 0.444019, 1, 

21,13,0.001, 0.0192898, 0.0348095, 0.0408907, 0.0447737, 0.0624169, 0.100333, 0.372528, 0.436434, 1, 

Generation #47
24,12,0.001, 0.0131048, 0.0384272, 0.030792, 0.064436, 0.0867769, 0.0624169, 0.100333, 0.281523, 0.306584, 0.434754, 0.444019, 1, 

21,13,0.001, 0.0192898, 0.0348095, 0.0408907, 0.0447737, 0.0624169, 0.100333, 0.372528, 0.436434, 1, 

Generation #48
24,12,0.001, 0.0131048, 0.0384272, 0.030792, 0.064436, 0.0867769, 0.0624169, 0.100333, 0.281523, 0.306584, 0.434754, 0.444019, 1, 

21,13,0.001, 0.0192898, 0.0348095, 0.0408907, 0.0447737, 0.0624169, 0.100333, 0.372528, 0.436434, 1, 

Generation #49
24,12,0.001, 0.0131048, 0.0384272, 0.030792, 0.064436, 0.0867769, 0.0624169, 0.100333, 0.281523, 0.306584, 0.434754, 0.444019, 1, 

21,13,0.001, 0.0192898, 0.0348095, 0.0408907, 0.0447737, 0.0624169, 0.100333, 0.372528, 0.436434, 1, 

--- Pareto Front Solutions ---
Solution 0: N total=72 (N_initial=48, N_added=24), Time total=24 ms, Saved to: ./results/Bugzilla_t2_l3_pareto_0.csv, percents=0.001, 0.0131048, 0.0384272, 0.030792, 0.064436, 0.0867769, 0.0624169, 0.100333, 0.281523, 0.306584, 0.434754, 0.444019, 1, 

Solution 1: N total=69 (N_initial=48, N_added=21), Time total=25 ms, Saved to: ./results/Bugzilla_t2_l3_pareto_1.csv, percents=0.001, 0.0192898, 0.0348095, 0.0408907, 0.0447737, 0.0624169, 0.100333, 0.372528, 0.436434, 1, 

------------d=1, t=2, lambda=4, filename=./evaluation/Bugzilla/Bugzilla_2_4.csv------------
Computing partitioned counts of d-sets...
Ready to look at pairs based on partitioned counts...
First Stage N=64, Time=10
There are 33 remaining non-locating pairs
--- Running GA Algorithm (phase2) ---
Running GA with std::execution::par
Generation #0
36,12,0.001, 0.0605825, 0.0798256, 0.158188, 0.166846, 0.169093, 0.290535, 0.355244, 0.370037, 0.409465, 0.488725, 0.521575, 0.549681, 0.654004, 0.797007, 0.835325, 0.973181, 1, 

41,10,0.001, 0.097647, 0.0998323, 0.134023, 0.188942, 0.194262, 0.279878, 0.299298, 0.300268, 0.316492, 0.32123, 0.334956, 0.376227, 0.379917, 0.407383, 0.412651, 0.516099, 0.543073, 0.5681, 0.598457, 0.612298, 0.711279, 0.744826, 0.768464, 0.825793, 0.963949, 0.970066, 1, 

27,20,0.001, 0.0982959, 0.15811, 0.188102, 0.302469, 0.552398, 0.669824, 0.686106, 0.807156, 0.877183, 0.930956, 0.939678, 1, 

28,16,0.001, 0.0526641, 0.116812, 0.132933, 0.323528, 0.413324, 0.481565, 0.610498, 0.869238, 0.878241, 1, 

33,13,0.001, 0.0560649, 0.0864824, 0.122846, 0.141001, 0.14287, 0.158608, 0.252718, 0.279708, 0.429346, 0.443485, 0.513355, 0.754397, 0.907358, 0.922945, 0.94127, 0.989312, 1, 

26,34,0.001, 0.10346, 0.239512, 0.28113, 0.315009, 0.565118, 0.57035, 0.734362, 0.767064, 0.82443, 1, 

Generation #1
27,20,0.001, 0.0982959, 0.15811, 0.188102, 0.302469, 0.552398, 0.669824, 0.686106, 0.807156, 0.877183, 0.930956, 0.939678, 1, 

28,16,0.001, 0.0526641, 0.116812, 0.132933, 0.323528, 0.413324, 0.481565, 0.610498, 0.869238, 0.878241, 1, 

30,7,0.001, 0.0589989, 0.0818253, 0.0939812, 0.10083, 0.10664, 0.170582, 0.288063, 0.325894, 0.327572, 0.446014, 0.453458, 0.453736, 0.487518, 0.549378, 0.191846, 0.620019, 1, 

26,30,0.001, 0.184715, 0.242505, 0.278115, 0.344985, 0.505003, 0.59043, 0.646551, 0.837993, 0.923534, 1, 

Generation #2
28,16,0.001, 0.0526641, 0.116812, 0.132933, 0.323528, 0.413324, 0.481565, 0.610498, 0.869238, 0.878241, 1, 

30,7,0.001, 0.0589989, 0.0818253, 0.0939812, 0.10083, 0.10664, 0.170582, 0.288063, 0.325894, 0.327572, 0.446014, 0.453458, 0.453736, 0.487518, 0.549378, 0.191846, 0.620019, 1, 

23,17,0.001, 0.24096, 0.140491, 0.255282, 0.331609, 0.455237, 0.45558, 0.678022, 0.854241, 0.939355, 1, 

Generation #3
30,7,0.001, 0.0589989, 0.0818253, 0.0939812, 0.10083, 0.10664, 0.170582, 0.288063, 0.325894, 0.327572, 0.446014, 0.453458, 0.453736, 0.487518, 0.549378, 0.191846, 0.620019, 1, 

23,17,0.001, 0.24096, 0.140491, 0.255282, 0.331609, 0.455237, 0.45558, 0.678022, 0.854241, 0.939355, 1, 

27,13,0.001, 0.0605825, 0.0798256, 0.158188, 0.00436016, 0.169093, 0.414057, 0.502034, 0.524834, 0.68689, 0.988275, 1, 

Generation #4
30,7,0.001, 0.0589989, 0.0818253, 0.0939812, 0.10083, 0.10664, 0.170582, 0.288063, 0.325894, 0.327572, 0.446014, 0.453458, 0.453736, 0.487518, 0.549378, 0.191846, 0.620019, 1, 

23,17,0.001, 0.24096, 0.140491, 0.255282, 0.331609, 0.455237, 0.45558, 0.678022, 0.854241, 0.939355, 1, 

25,11,0.001, 0.0700199, 0.0826016, 0.108221, 0.192937, 0.211152, 0.23233, 0.317181, 0.34194, 0.356304, 1, 

Generation #5
30,7,0.001, 0.0589989, 0.0818253, 0.0939812, 0.10083, 0.10664, 0.170582, 0.288063, 0.325894, 0.327572, 0.446014, 0.453458, 0.453736, 0.487518, 0.549378, 0.191846, 0.620019, 1, 

25,11,0.001, 0.0700199, 0.0826016, 0.108221, 0.192937, 0.211152, 0.23233, 0.317181, 0.34194, 0.356304, 1, 

29,9,0.001, 0.0640373, 0.0912143, 0.10404, 0.154814, 0.250403, 0.357969, 0.646551, 0.837993, 0.923534, 1, 

23,14,0.001, 0.0998323, 0.134023, 0.188942, 0.279878, 0.299298, 0.300268, 0.316492, 1, 

Generation #6
30,7,0.001, 0.0589989, 0.0818253, 0.0939812, 0.10083, 0.10664, 0.170582, 0.288063, 0.325894, 0.327572, 0.446014, 0.453458, 0.453736, 0.487518, 0.549378, 0.191846, 0.620019, 1, 

29,9,0.001, 0.0640373, 0.0912143, 0.10404, 0.154814, 0.250403, 0.357969, 0.646551, 0.837993, 0.923534, 1, 

22,10,0.001, 0.0313797, 0.0441483, 0.0485873, 0.071644, 0.134708, 0.171623, 0.288063, 0.325894, 1, 

Generation #7
30,7,0.001, 0.0589989, 0.0818253, 0.0939812, 0.10083, 0.10664, 0.170582, 0.288063, 0.325894, 0.327572, 0.446014, 0.453458, 0.453736, 0.487518, 0.549378, 0.191846, 0.620019, 1, 

29,9,0.001, 0.0640373, 0.0912143, 0.10404, 0.154814, 0.250403, 0.357969, 0.646551, 0.837993, 0.923534, 1, 

22,10,0.001, 0.0313797, 0.0441483, 0.0485873, 0.071644, 0.134708, 0.171623, 0.288063, 0.325894, 1, 

Generation #8
30,7,0.001, 0.0589989, 0.0818253, 0.0939812, 0.10083, 0.10664, 0.170582, 0.288063, 0.325894, 0.327572, 0.446014, 0.453458, 0.453736, 0.487518, 0.549378, 0.191846, 0.620019, 1, 

22,10,0.001, 0.0313797, 0.0441483, 0.0485873, 0.071644, 0.134708, 0.171623, 0.288063, 0.325894, 1, 

26,9,0.001, 0.0313797, 0.0441483, 0.0485873, 0.071644, 0.134708, 0.288063, 0.325894, 1, 

Generation #9
30,7,0.001, 0.0589989, 0.0818253, 0.0939812, 0.10083, 0.10664, 0.170582, 0.288063, 0.325894, 0.327572, 0.446014, 0.453458, 0.453736, 0.487518, 0.549378, 0.191846, 0.620019, 1, 

22,10,0.001, 0.0313797, 0.0441483, 0.0485873, 0.071644, 0.134708, 0.171623, 0.288063, 0.325894, 1, 

26,9,0.001, 0.0313797, 0.0441483, 0.0485873, 0.071644, 0.134708, 0.288063, 0.325894, 1, 

Generation #10
30,7,0.001, 0.0589989, 0.0818253, 0.0939812, 0.10083, 0.10664, 0.170582, 0.288063, 0.325894, 0.327572, 0.446014, 0.453458, 0.453736, 0.487518, 0.549378, 0.191846, 0.620019, 1, 

22,10,0.001, 0.0313797, 0.0441483, 0.0485873, 0.071644, 0.134708, 0.171623, 0.288063, 0.325894, 1, 

26,9,0.001, 0.0313797, 0.0441483, 0.0485873, 0.071644, 0.134708, 0.288063, 0.325894, 1, 

21,15,0.001, 0.0798256, 0.158188, 0.166846, 0.169093, 0.170582, 0.288063, 0.715892, 1, 

Generation #11
30,7,0.001, 0.0589989, 0.0818253, 0.0939812, 0.10083, 0.10664, 0.170582, 0.288063, 0.325894, 0.327572, 0.446014, 0.453458, 0.453736, 0.487518, 0.549378, 0.191846, 0.620019, 1, 

22,10,0.001, 0.0313797, 0.0441483, 0.0485873, 0.071644, 0.134708, 0.171623, 0.288063, 0.325894, 1, 

21,15,0.001, 0.0798256, 0.158188, 0.166846, 0.169093, 0.170582, 0.288063, 0.715892, 1, 

23,9,0.001, 0.269328, 0.0818253, 0.10083, 0.10664, 0.170582, 0.288063, 0.325894, 1, 

Generation #12
21,5,0.001, 0.0313797, 0.0441483, 0.0485873, 0.071644, 0.134708, 0.171623, 0.193135, 0.197675, 0.203383, 1, 

Generation #13
21,5,0.001, 0.0313797, 0.0441483, 0.0485873, 0.071644, 0.134708, 0.171623, 0.193135, 0.197675, 0.203383, 1, 

Generation #14
21,5,0.001, 0.0313797, 0.0441483, 0.0485873, 0.071644, 0.134708, 0.171623, 0.193135, 0.197675, 0.203383, 1, 

Generation #15
21,5,0.001, 0.0313797, 0.0441483, 0.0485873, 0.071644, 0.134708, 0.171623, 0.193135, 0.197675, 0.203383, 1, 

Generation #16
21,5,0.001, 0.0313797, 0.0441483, 0.0485873, 0.071644, 0.134708, 0.171623, 0.193135, 0.197675, 0.203383, 1, 

22,3,0.001, 0.0589989, 0.0818253, 0.0939812, 0.10083, 0.10664, 0.170582, 0.288063, 0.325894, 0.327572, 0.988275, 1, 

Generation #17
21,5,0.001, 0.0313797, 0.0441483, 0.0485873, 0.071644, 0.134708, 0.171623, 0.193135, 0.197675, 0.203383, 1, 

22,3,0.001, 0.0589989, 0.0818253, 0.0939812, 0.10083, 0.10664, 0.170582, 0.288063, 0.325894, 0.327572, 0.988275, 1, 

Generation #18
21,5,0.001, 0.0313797, 0.0441483, 0.0485873, 0.071644, 0.134708, 0.171623, 0.193135, 0.197675, 0.203383, 1, 

22,3,0.001, 0.0589989, 0.0818253, 0.0939812, 0.10083, 0.10664, 0.170582, 0.288063, 0.325894, 0.327572, 0.988275, 1, 

Generation #19
21,5,0.001, 0.0313797, 0.0441483, 0.0485873, 0.071644, 0.134708, 0.171623, 0.193135, 0.197675, 0.203383, 1, 

22,3,0.001, 0.0589989, 0.0818253, 0.0939812, 0.10083, 0.10664, 0.170582, 0.288063, 0.325894, 0.327572, 0.988275, 1, 

Generation #20
21,5,0.001, 0.0313797, 0.0441483, 0.0485873, 0.071644, 0.134708, 0.171623, 0.193135, 0.197675, 0.203383, 1, 

22,3,0.001, 0.0589989, 0.0818253, 0.0939812, 0.10083, 0.10664, 0.170582, 0.288063, 0.325894, 0.327572, 0.988275, 1, 

20,25,0.001, 0.0313797, 0.0441483, 0.0485873, 0.071644, 0.134708, 0.372948, 0.471302, 0.638561, 1, 

Generation #21
21,5,0.001, 0.0313797, 0.0441483, 0.0485873, 0.071644, 0.134708, 0.171623, 0.193135, 0.197675, 0.203383, 1, 

22,3,0.001, 0.0589989, 0.0818253, 0.0939812, 0.10083, 0.10664, 0.170582, 0.288063, 0.325894, 0.327572, 0.988275, 1, 

20,25,0.001, 0.0313797, 0.0441483, 0.0485873, 0.071644, 0.134708, 0.372948, 0.471302, 0.638561, 1, 

Generation #22
21,5,0.001, 0.0313797, 0.0441483, 0.0485873, 0.071644, 0.134708, 0.171623, 0.193135, 0.197675, 0.203383, 1, 

22,3,0.001, 0.0589989, 0.0818253, 0.0939812, 0.10083, 0.10664, 0.170582, 0.288063, 0.325894, 0.327572, 0.988275, 1, 

20,6,0.001, 0.0313797, 0.0441483, 0.0485873, 0.071644, 0.134708, 0.288063, 0.325894, 1, 

Generation #23
21,5,0.001, 0.0313797, 0.0441483, 0.0485873, 0.071644, 0.134708, 0.171623, 0.193135, 0.197675, 0.203383, 1, 

22,3,0.001, 0.0589989, 0.0818253, 0.0939812, 0.10083, 0.10664, 0.170582, 0.288063, 0.325894, 0.327572, 0.988275, 1, 

20,6,0.001, 0.0313797, 0.0441483, 0.0485873, 0.071644, 0.134708, 0.288063, 0.325894, 1, 

Generation #24
21,5,0.001, 0.0313797, 0.0441483, 0.0485873, 0.071644, 0.134708, 0.171623, 0.193135, 0.197675, 0.203383, 1, 

22,3,0.001, 0.0589989, 0.0818253, 0.0939812, 0.10083, 0.10664, 0.170582, 0.288063, 0.325894, 0.327572, 0.988275, 1, 

20,6,0.001, 0.0313797, 0.0441483, 0.0485873, 0.071644, 0.134708, 0.288063, 0.325894, 1, 

Generation #25
21,5,0.001, 0.0313797, 0.0441483, 0.0485873, 0.071644, 0.134708, 0.171623, 0.193135, 0.197675, 0.203383, 1, 

22,3,0.001, 0.0589989, 0.0818253, 0.0939812, 0.10083, 0.10664, 0.170582, 0.288063, 0.325894, 0.327572, 0.988275, 1, 

20,6,0.001, 0.0313797, 0.0441483, 0.0485873, 0.071644, 0.134708, 0.288063, 0.325894, 1, 

Generation #26
21,5,0.001, 0.0313797, 0.0441483, 0.0485873, 0.071644, 0.134708, 0.171623, 0.193135, 0.197675, 0.203383, 1, 

22,3,0.001, 0.0589989, 0.0818253, 0.0939812, 0.10083, 0.10664, 0.170582, 0.288063, 0.325894, 0.327572, 0.988275, 1, 

20,6,0.001, 0.0313797, 0.0441483, 0.0485873, 0.071644, 0.134708, 0.288063, 0.325894, 1, 

Generation #27
21,5,0.001, 0.0313797, 0.0441483, 0.0485873, 0.071644, 0.134708, 0.171623, 0.193135, 0.197675, 0.203383, 1, 

22,3,0.001, 0.0589989, 0.0818253, 0.0939812, 0.10083, 0.10664, 0.170582, 0.288063, 0.325894, 0.327572, 0.988275, 1, 

20,6,0.001, 0.0313797, 0.0441483, 0.0485873, 0.071644, 0.134708, 0.288063, 0.325894, 1, 

Generation #28
21,5,0.001, 0.0313797, 0.0441483, 0.0485873, 0.071644, 0.134708, 0.171623, 0.193135, 0.197675, 0.203383, 1, 

22,3,0.001, 0.0589989, 0.0818253, 0.0939812, 0.10083, 0.10664, 0.170582, 0.288063, 0.325894, 0.327572, 0.988275, 1, 

20,6,0.001, 0.0313797, 0.0441483, 0.0485873, 0.071644, 0.134708, 0.288063, 0.325894, 1, 

Generation #29
21,5,0.001, 0.0313797, 0.0441483, 0.0485873, 0.071644, 0.134708, 0.171623, 0.193135, 0.197675, 0.203383, 1, 

22,3,0.001, 0.0589989, 0.0818253, 0.0939812, 0.10083, 0.10664, 0.170582, 0.288063, 0.325894, 0.327572, 0.988275, 1, 

20,6,0.001, 0.0313797, 0.0441483, 0.0485873, 0.071644, 0.134708, 0.288063, 0.325894, 1, 

Generation #30
21,5,0.001, 0.0313797, 0.0441483, 0.0485873, 0.071644, 0.134708, 0.171623, 0.193135, 0.197675, 0.203383, 1, 

22,3,0.001, 0.0589989, 0.0818253, 0.0939812, 0.10083, 0.10664, 0.170582, 0.288063, 0.325894, 0.327572, 0.988275, 1, 

20,6,0.001, 0.0313797, 0.0441483, 0.0485873, 0.071644, 0.134708, 0.288063, 0.325894, 1, 

Generation #31
21,5,0.001, 0.0313797, 0.0441483, 0.0485873, 0.071644, 0.134708, 0.171623, 0.193135, 0.197675, 0.203383, 1, 

22,3,0.001, 0.0589989, 0.0818253, 0.0939812, 0.10083, 0.10664, 0.170582, 0.288063, 0.325894, 0.327572, 0.988275, 1, 

20,6,0.001, 0.0313797, 0.0441483, 0.0485873, 0.071644, 0.134708, 0.288063, 0.325894, 1, 

Generation #32
21,5,0.001, 0.0313797, 0.0441483, 0.0485873, 0.071644, 0.134708, 0.171623, 0.193135, 0.197675, 0.203383, 1, 

22,3,0.001, 0.0589989, 0.0818253, 0.0939812, 0.10083, 0.10664, 0.170582, 0.288063, 0.325894, 0.327572, 0.988275, 1, 

20,6,0.001, 0.0313797, 0.0441483, 0.0485873, 0.071644, 0.134708, 0.288063, 0.325894, 1, 

Generation #33
21,5,0.001, 0.0313797, 0.0441483, 0.0485873, 0.071644, 0.134708, 0.171623, 0.193135, 0.197675, 0.203383, 1, 

22,3,0.001, 0.0589989, 0.0818253, 0.0939812, 0.10083, 0.10664, 0.170582, 0.288063, 0.325894, 0.327572, 0.988275, 1, 

20,6,0.001, 0.0313797, 0.0441483, 0.0485873, 0.071644, 0.134708, 0.288063, 0.325894, 1, 

Generation #34
21,5,0.001, 0.0313797, 0.0441483, 0.0485873, 0.071644, 0.134708, 0.171623, 0.193135, 0.197675, 0.203383, 1, 

22,3,0.001, 0.0589989, 0.0818253, 0.0939812, 0.10083, 0.10664, 0.170582, 0.288063, 0.325894, 0.327572, 0.988275, 1, 

20,6,0.001, 0.0313797, 0.0441483, 0.0485873, 0.071644, 0.134708, 0.288063, 0.325894, 1, 

Generation #35
21,5,0.001, 0.0313797, 0.0441483, 0.0485873, 0.071644, 0.134708, 0.171623, 0.193135, 0.197675, 0.203383, 1, 

22,3,0.001, 0.0589989, 0.0818253, 0.0939812, 0.10083, 0.10664, 0.170582, 0.288063, 0.325894, 0.327572, 0.988275, 1, 

20,6,0.001, 0.0313797, 0.0441483, 0.0485873, 0.071644, 0.134708, 0.288063, 0.325894, 1, 

Generation #36
21,5,0.001, 0.0313797, 0.0441483, 0.0485873, 0.071644, 0.134708, 0.171623, 0.193135, 0.197675, 0.203383, 1, 

22,3,0.001, 0.0589989, 0.0818253, 0.0939812, 0.10083, 0.10664, 0.170582, 0.288063, 0.325894, 0.327572, 0.988275, 1, 

20,6,0.001, 0.0313797, 0.0441483, 0.0485873, 0.071644, 0.134708, 0.288063, 0.325894, 1, 

Generation #37
21,5,0.001, 0.0313797, 0.0441483, 0.0485873, 0.071644, 0.134708, 0.171623, 0.193135, 0.197675, 0.203383, 1, 

22,3,0.001, 0.0589989, 0.0818253, 0.0939812, 0.10083, 0.10664, 0.170582, 0.288063, 0.325894, 0.327572, 0.988275, 1, 

20,6,0.001, 0.0313797, 0.0441483, 0.0485873, 0.071644, 0.134708, 0.288063, 0.325894, 1, 

Generation #38
21,5,0.001, 0.0313797, 0.0441483, 0.0485873, 0.071644, 0.134708, 0.171623, 0.193135, 0.197675, 0.203383, 1, 

22,3,0.001, 0.0589989, 0.0818253, 0.0939812, 0.10083, 0.10664, 0.170582, 0.288063, 0.325894, 0.327572, 0.988275, 1, 

20,6,0.001, 0.0313797, 0.0441483, 0.0485873, 0.071644, 0.134708, 0.288063, 0.325894, 1, 

Generation #39
21,5,0.001, 0.0313797, 0.0441483, 0.0485873, 0.071644, 0.134708, 0.171623, 0.193135, 0.197675, 0.203383, 1, 

22,3,0.001, 0.0589989, 0.0818253, 0.0939812, 0.10083, 0.10664, 0.170582, 0.288063, 0.325894, 0.327572, 0.988275, 1, 

20,6,0.001, 0.0313797, 0.0441483, 0.0485873, 0.071644, 0.134708, 0.288063, 0.325894, 1, 

Generation #40
21,5,0.001, 0.0313797, 0.0441483, 0.0485873, 0.071644, 0.134708, 0.171623, 0.193135, 0.197675, 0.203383, 1, 

22,3,0.001, 0.0589989, 0.0818253, 0.0939812, 0.10083, 0.10664, 0.170582, 0.288063, 0.325894, 0.327572, 0.988275, 1, 

20,6,0.001, 0.0313797, 0.0441483, 0.0485873, 0.071644, 0.134708, 0.288063, 0.325894, 1, 

Generation #41
21,5,0.001, 0.0313797, 0.0441483, 0.0485873, 0.071644, 0.134708, 0.171623, 0.193135, 0.197675, 0.203383, 1, 

22,3,0.001, 0.0589989, 0.0818253, 0.0939812, 0.10083, 0.10664, 0.170582, 0.288063, 0.325894, 0.327572, 0.988275, 1, 

20,6,0.001, 0.0313797, 0.0441483, 0.0485873, 0.071644, 0.134708, 0.288063, 0.325894, 1, 

Generation #42
21,5,0.001, 0.0313797, 0.0441483, 0.0485873, 0.071644, 0.134708, 0.171623, 0.193135, 0.197675, 0.203383, 1, 

22,3,0.001, 0.0589989, 0.0818253, 0.0939812, 0.10083, 0.10664, 0.170582, 0.288063, 0.325894, 0.327572, 0.988275, 1, 

20,6,0.001, 0.0313797, 0.0441483, 0.0485873, 0.071644, 0.134708, 0.288063, 0.325894, 1, 

Generation #43
21,5,0.001, 0.0313797, 0.0441483, 0.0485873, 0.071644, 0.134708, 0.171623, 0.193135, 0.197675, 0.203383, 1, 

22,3,0.001, 0.0589989, 0.0818253, 0.0939812, 0.10083, 0.10664, 0.170582, 0.288063, 0.325894, 0.327572, 0.988275, 1, 

20,6,0.001, 0.0313797, 0.0441483, 0.0485873, 0.071644, 0.134708, 0.288063, 0.325894, 1, 

Generation #44
21,5,0.001, 0.0313797, 0.0441483, 0.0485873, 0.071644, 0.134708, 0.171623, 0.193135, 0.197675, 0.203383, 1, 

22,3,0.001, 0.0589989, 0.0818253, 0.0939812, 0.10083, 0.10664, 0.170582, 0.288063, 0.325894, 0.327572, 0.988275, 1, 

20,6,0.001, 0.0313797, 0.0441483, 0.0485873, 0.071644, 0.134708, 0.288063, 0.325894, 1, 

Generation #45
21,5,0.001, 0.0313797, 0.0441483, 0.0485873, 0.071644, 0.134708, 0.171623, 0.193135, 0.197675, 0.203383, 1, 

22,3,0.001, 0.0589989, 0.0818253, 0.0939812, 0.10083, 0.10664, 0.170582, 0.288063, 0.325894, 0.327572, 0.988275, 1, 

20,6,0.001, 0.0313797, 0.0441483, 0.0485873, 0.071644, 0.134708, 0.288063, 0.325894, 1, 

Generation #46
21,5,0.001, 0.0313797, 0.0441483, 0.0485873, 0.071644, 0.134708, 0.171623, 0.193135, 0.197675, 0.203383, 1, 

22,3,0.001, 0.0589989, 0.0818253, 0.0939812, 0.10083, 0.10664, 0.170582, 0.288063, 0.325894, 0.327572, 0.988275, 1, 

20,6,0.001, 0.0313797, 0.0441483, 0.0485873, 0.071644, 0.134708, 0.288063, 0.325894, 1, 

Generation #47
21,5,0.001, 0.0313797, 0.0441483, 0.0485873, 0.071644, 0.134708, 0.171623, 0.193135, 0.197675, 0.203383, 1, 

22,3,0.001, 0.0589989, 0.0818253, 0.0939812, 0.10083, 0.10664, 0.170582, 0.288063, 0.325894, 0.327572, 0.988275, 1, 

20,6,0.001, 0.0313797, 0.0441483, 0.0485873, 0.071644, 0.134708, 0.288063, 0.325894, 1, 

Generation #48
21,5,0.001, 0.0313797, 0.0441483, 0.0485873, 0.071644, 0.134708, 0.171623, 0.193135, 0.197675, 0.203383, 1, 

22,3,0.001, 0.0589989, 0.0818253, 0.0939812, 0.10083, 0.10664, 0.170582, 0.288063, 0.325894, 0.327572, 0.988275, 1, 

20,6,0.001, 0.0313797, 0.0441483, 0.0485873, 0.071644, 0.134708, 0.288063, 0.325894, 1, 

Generation #49
21,5,0.001, 0.0313797, 0.0441483, 0.0485873, 0.071644, 0.134708, 0.171623, 0.193135, 0.197675, 0.203383, 1, 

22,3,0.001, 0.0589989, 0.0818253, 0.0939812, 0.10083, 0.10664, 0.170582, 0.288063, 0.325894, 0.327572, 0.988275, 1, 

20,6,0.001, 0.0313797, 0.0441483, 0.0485873, 0.071644, 0.134708, 0.288063, 0.325894, 1, 

--- Pareto Front Solutions ---
Solution 0: N total=85 (N_initial=64, N_added=21), Time total=15 ms, Saved to: ./results/Bugzilla_t2_l4_pareto_0.csv, percents=0.001, 0.0313797, 0.0441483, 0.0485873, 0.071644, 0.134708, 0.171623, 0.193135, 0.197675, 0.203383, 1, 

Solution 1: N total=86 (N_initial=64, N_added=22), Time total=13 ms, Saved to: ./results/Bugzilla_t2_l4_pareto_1.csv, percents=0.001, 0.0589989, 0.0818253, 0.0939812, 0.10083, 0.10664, 0.170582, 0.288063, 0.325894, 0.327572, 0.988275, 1, 

Solution 2: N total=84 (N_initial=64, N_added=20), Time total=16 ms, Saved to: ./results/Bugzilla_t2_l4_pareto_2.csv, percents=0.001, 0.0313797, 0.0441483, 0.0485873, 0.071644, 0.134708, 0.288063, 0.325894, 1, 

