------------d=1, t=2, lambda=1, filename=./evaluation/Bugzilla/Bugzilla_2_1.csv------------
Computing partitioned counts of d-sets...
Ready to look at pairs based on partitioned counts...
First Stage N=18, Time=28
There are 9089 remaining non-locating pairs
--- Running GA Algorithm (phase2) ---
Running GA with std::execution::par
Generation #0
35,1121,0.001, 0.0930755, 0.117456, 0.246838, 0.266876, 0.268594, 0.459387, 0.461979, 0.480012, 0.650595, 0.662716, 0.705202, 0.789084, 1, 

36,1040,0.001, 0.0735423, 0.205442, 0.220777, 0.22262, 0.436605, 0.474762, 0.492357, 0.499475, 0.578835, 0.632639, 0.714346, 0.747626, 0.902875, 0.966634, 1, 

32,1124,0.001, 0.0970704, 0.133815, 0.193307, 0.314824, 0.330009, 0.392028, 0.397921, 0.422169, 0.783244, 0.803073, 0.930679, 1, 

38,573,0.001, 0.0141455, 0.0218816, 0.0456565, 0.126535, 0.171676, 0.223503, 0.360442, 0.365705, 0.45636, 0.479251, 0.508095, 0.573131, 0.69156, 0.698453, 0.828251, 0.841254, 0.951562, 1, 

52,561,0.001, 0.016774, 0.0547898, 0.114905, 0.167029, 0.204664, 0.210881, 0.23582, 0.244813, 0.262717, 0.352138, 0.413039, 0.418693, 0.466229, 0.520547, 0.531108, 0.535225, 0.607002, 0.66901, 0.687382, 0.732609, 0.736278, 0.751343, 0.77478, 0.801021, 0.804286, 0.873096, 0.898873, 0.915177, 0.951407, 1, 

Generation #1
35,570,0.001, 0.0600788, 0.0635621, 0.186926, 0.393744, 0.428939, 0.462547, 0.528912, 0.586828, 0.59682, 0.710195, 0.930679, 1, 

31,654,0.001, 0.0481836, 0.152529, 0.166563, 0.215614, 0.315211, 0.339545, 0.375901, 0.401264, 0.44847, 0.484486, 1, 

36,497,0.001, 0.0370946, 0.0407183, 0.081086, 0.140626, 0.39629, 0.452333, 0.476821, 0.529451, 0.635177, 0.648952, 0.726148, 0.943837, 0.951523, 1, 

41,386,0.001, 0.00563984, 0.0472926, 0.0698625, 0.0751163, 0.198198, 0.173791, 0.274555, 0.301448, 0.330416, 0.408317, 0.413537, 0.600954, 0.665264, 0.673547, 0.693171, 0.748014, 0.773028, 0.803385, 0.892334, 0.903401, 1, 

37,439,0.001, 0.0340047, 0.0418319, 0.0980574, 0.126465, 0.20244, 0.211292, 0.212053, 0.264579, 0.275149, 0.356605, 0.380371, 0.473197, 0.478227, 0.870795, 0.937226, 1, 

Generation #2
31,654,0.001, 0.0481836, 0.152529, 0.166563, 0.215614, 0.315211, 0.339545, 0.375901, 0.401264, 0.44847, 0.484486, 1, 

33,580,0.001, 0.0481836, 0.152529, 0.166563, 0.215614, 0.666923, 0.687387, 0.775528, 0.797689, 0.831146, 0.990146, 1, 

36,382,0.001, 0.0211516, 0.0392133, 0.0765168, 0.109886, 0.119161, 0.216399, 0.246362, 0.302584, 0.345675, 0.346068, 0.390185, 0.943837, 0.951523, 1, 

34,435,0.001, 0.0340047, 0.0418319, 0.0980574, 0.126465, 0.20244, 0.211292, 0.212053, 0.264579, 0.275149, 0.806633, 1, 

Generation #3
31,654,0.001, 0.0481836, 0.152529, 0.166563, 0.215614, 0.315211, 0.339545, 0.375901, 0.401264, 0.44847, 0.484486, 1, 

32,374,0.001, 0.00563984, 0.0472926, 0.0698625, 0.0751163, 0.198198, 0.173791, 0.274555, 0.301448, 0.330416, 0.408317, 0.413537, 0.600954, 1, 

Generation #4
31,654,0.001, 0.0481836, 0.152529, 0.166563, 0.215614, 0.315211, 0.339545, 0.375901, 0.401264, 0.44847, 0.484486, 1, 

32,341,0.001, 0.0211516, 0.0392133, 0.0765168, 0.109886, 0.119161, 0.216399, 0.246362, 0.302584, 0.345675, 0.806633, 1, 

30,814,0.001, 0.0970704, 0.133815, 0.193307, 0.314824, 0.80047, 0.927298, 0.950905, 0.999048, 1, 

Generation #5
31,290,0.001, 0.0141455, 0.0218816, 0.0456565, 0.126535, 0.171676, 0.223503, 0.360442, 0.365705, 0.45636, 0.930679, 1, 

30,361,0.001, 0.0211516, 0.0392133, 0.0765168, 0.109886, 0.119161, 0.216399, 0.246362, 0.302584, 1, 

Generation #6
31,290,0.001, 0.0141455, 0.0218816, 0.0456565, 0.126535, 0.171676, 0.223503, 0.360442, 0.365705, 0.45636, 0.930679, 1, 

30,361,0.001, 0.0211516, 0.0392133, 0.0765168, 0.109886, 0.119161, 0.216399, 0.246362, 0.302584, 1, 

29,598,0.001, 0.0141455, 0.0218816, 0.0456565, 0.126535, 0.171676, 0.223503, 0.233497, 1, 

Generation #7
31,290,0.001, 0.0141455, 0.0218816, 0.0456565, 0.126535, 0.171676, 0.223503, 0.360442, 0.365705, 0.45636, 0.930679, 1, 

29,315,0.001, 0.0141455, 0.0218816, 0.040253, 0.075425, 0.14546, 0.153692, 0.999048, 1, 

Generation #8
31,290,0.001, 0.0141455, 0.0218816, 0.0456565, 0.126535, 0.171676, 0.223503, 0.360442, 0.365705, 0.45636, 0.930679, 1, 

29,315,0.001, 0.0141455, 0.0218816, 0.040253, 0.075425, 0.14546, 0.153692, 0.999048, 1, 

28,415,0.001, 0.0211516, 0.0392133, 0.0765168, 0.109886, 0.212053, 0.999048, 1, 

Generation #9
31,290,0.001, 0.0141455, 0.0218816, 0.0456565, 0.126535, 0.171676, 0.223503, 0.360442, 0.365705, 0.45636, 0.930679, 1, 

29,315,0.001, 0.0141455, 0.0218816, 0.040253, 0.075425, 0.14546, 0.153692, 0.999048, 1, 

28,415,0.001, 0.0211516, 0.0392133, 0.0765168, 0.109886, 0.212053, 0.999048, 1, 

Generation #10
31,290,0.001, 0.0141455, 0.0218816, 0.0456565, 0.126535, 0.171676, 0.223503, 0.360442, 0.365705, 0.45636, 0.930679, 1, 

28,377,0.001, 0.0266537, 0.0392133, 0.0765168, 0.109886, 0.119161, 0.216399, 0.212053, 0.264579, 0.275149, 0.806633, 1, 

29,303,0.001, 0.00563984, 0.0472926, 0.0698625, 0.075425, 0.211292, 0.212053, 0.264579, 0.275149, 0.806633, 1, 

Generation #11
31,290,0.001, 0.0141455, 0.0218816, 0.0456565, 0.126535, 0.171676, 0.223503, 0.360442, 0.365705, 0.45636, 0.930679, 1, 

28,377,0.001, 0.0266537, 0.0392133, 0.0765168, 0.109886, 0.119161, 0.216399, 0.212053, 0.264579, 0.275149, 0.806633, 1, 

29,303,0.001, 0.00563984, 0.0472926, 0.0698625, 0.075425, 0.211292, 0.212053, 0.264579, 0.275149, 0.806633, 1, 

27,410,0.001, 0.0141455, 0.0218816, 0.0456565, 0.0751163, 0.198198, 0.173791, 1, 

Generation #12
29,303,0.001, 0.00563984, 0.0472926, 0.0698625, 0.075425, 0.211292, 0.212053, 0.264579, 0.275149, 0.806633, 1, 

31,272,0.001, 0.0141455, 0.0218816, 0.040253, 0.075425, 0.14546, 0.153692, 0.476821, 0.529451, 0.635177, 0.930679, 1, 

27,354,0.001, 0.0211516, 0.0392133, 0.0765168, 0.109886, 0.119161, 0.216399, 1, 

Generation #13
29,303,0.001, 0.00563984, 0.0472926, 0.0698625, 0.075425, 0.211292, 0.212053, 0.264579, 0.275149, 0.806633, 1, 

31,272,0.001, 0.0141455, 0.0218816, 0.040253, 0.075425, 0.14546, 0.153692, 0.476821, 0.529451, 0.635177, 0.930679, 1, 

27,354,0.001, 0.0211516, 0.0392133, 0.0765168, 0.109886, 0.119161, 0.216399, 1, 

26,538,0.001, 0.0376041, 0.0141455, 0.0218816, 0.0456565, 0.233497, 1, 

Generation #14
29,303,0.001, 0.00563984, 0.0472926, 0.0698625, 0.075425, 0.211292, 0.212053, 0.264579, 0.275149, 0.806633, 1, 

31,272,0.001, 0.0141455, 0.0218816, 0.040253, 0.075425, 0.14546, 0.153692, 0.476821, 0.529451, 0.635177, 0.930679, 1, 

27,354,0.001, 0.0211516, 0.0392133, 0.0765168, 0.109886, 0.119161, 0.216399, 1, 

26,538,0.001, 0.0376041, 0.0141455, 0.0218816, 0.0456565, 0.233497, 1, 

25,1801,0.001, 0.0141455, 0.0218816, 0.0456565, 0.999048, 1, 

Generation #15
29,303,0.001, 0.00563984, 0.0472926, 0.0698625, 0.075425, 0.211292, 0.212053, 0.264579, 0.275149, 0.806633, 1, 

31,272,0.001, 0.0141455, 0.0218816, 0.040253, 0.075425, 0.14546, 0.153692, 0.476821, 0.529451, 0.635177, 0.930679, 1, 

27,354,0.001, 0.0211516, 0.0392133, 0.0765168, 0.109886, 0.119161, 0.216399, 1, 

25,442,0.001, 0.0141455, 0.0218816, 0.040253, 0.075425, 0.212053, 1, 

28,351,0.001, 0.0141455, 0.0218816, 0.040253, 0.075425, 0.14546, 0.153692, 0.999048, 1, 

Generation #16
29,303,0.001, 0.00563984, 0.0472926, 0.0698625, 0.075425, 0.211292, 0.212053, 0.264579, 0.275149, 0.806633, 1, 

31,272,0.001, 0.0141455, 0.0218816, 0.040253, 0.075425, 0.14546, 0.153692, 0.476821, 0.529451, 0.635177, 0.930679, 1, 

25,442,0.001, 0.0141455, 0.0218816, 0.040253, 0.075425, 0.212053, 1, 

27,327,0.001, 0.0141455, 0.0218816, 0.0456565, 0.109886, 0.20244, 0.211292, 0.212053, 1, 

Generation #17
29,303,0.001, 0.00563984, 0.0472926, 0.0698625, 0.075425, 0.211292, 0.212053, 0.264579, 0.275149, 0.806633, 1, 

25,442,0.001, 0.0141455, 0.0218816, 0.040253, 0.075425, 0.212053, 1, 

31,259,0.001, 0.0141455, 0.0218816, 0.040253, 0.075425, 0.14546, 0.153692, 0.476821, 0.232453, 0.345675, 1, 

27,326,0.001, 0.0141455, 0.0218816, 0.0456565, 0.0751163, 0.198198, 0.173791, 0.212053, 0.365705, 0.458133, 1, 

Generation #18
29,303,0.001, 0.00563984, 0.0472926, 0.0698625, 0.075425, 0.211292, 0.212053, 0.264579, 0.275149, 0.806633, 1, 

25,442,0.001, 0.0141455, 0.0218816, 0.040253, 0.075425, 0.212053, 1, 

31,259,0.001, 0.0141455, 0.0218816, 0.040253, 0.075425, 0.14546, 0.153692, 0.476821, 0.232453, 0.345675, 1, 

27,326,0.001, 0.0141455, 0.0218816, 0.0456565, 0.0751163, 0.198198, 0.173791, 0.212053, 0.365705, 0.458133, 1, 

26,403,0.001, 0.0141455, 0.0218816, 0.040253, 0.075425, 0.212053, 1, 

30,273,0.001, 0.0141455, 0.0218816, 0.040253, 0.075425, 0.14546, 0.153692, 0.476821, 0.232453, 0.345675, 1, 

Generation #19
29,303,0.001, 0.00563984, 0.0472926, 0.0698625, 0.075425, 0.211292, 0.212053, 0.264579, 0.275149, 0.806633, 1, 

25,442,0.001, 0.0141455, 0.0218816, 0.040253, 0.075425, 0.212053, 1, 

31,259,0.001, 0.0141455, 0.0218816, 0.040253, 0.075425, 0.14546, 0.153692, 0.476821, 0.232453, 0.345675, 1, 

27,326,0.001, 0.0141455, 0.0218816, 0.0456565, 0.0751163, 0.198198, 0.173791, 0.212053, 0.365705, 0.458133, 1, 

26,403,0.001, 0.0141455, 0.0218816, 0.040253, 0.075425, 0.212053, 1, 

30,273,0.001, 0.0141455, 0.0218816, 0.040253, 0.075425, 0.14546, 0.153692, 0.476821, 0.232453, 0.345675, 1, 

28,309,0.001, 0.0141455, 0.0218816, 0.040253, 0.075425, 0.14546, 0.153692, 0.212053, 1, 

Generation #20
29,303,0.001, 0.00563984, 0.0472926, 0.0698625, 0.075425, 0.211292, 0.212053, 0.264579, 0.275149, 0.806633, 1, 

25,442,0.001, 0.0141455, 0.0218816, 0.040253, 0.075425, 0.212053, 1, 

31,259,0.001, 0.0141455, 0.0218816, 0.040253, 0.075425, 0.14546, 0.153692, 0.476821, 0.232453, 0.345675, 1, 

27,326,0.001, 0.0141455, 0.0218816, 0.0456565, 0.0751163, 0.198198, 0.173791, 0.212053, 0.365705, 0.458133, 1, 

26,403,0.001, 0.0141455, 0.0218816, 0.040253, 0.075425, 0.212053, 1, 

30,273,0.001, 0.0141455, 0.0218816, 0.040253, 0.075425, 0.14546, 0.153692, 0.476821, 0.232453, 0.345675, 1, 

28,309,0.001, 0.0141455, 0.0218816, 0.040253, 0.075425, 0.14546, 0.153692, 0.212053, 1, 

32,257,0.001, 0.0141455, 0.0218816, 0.040253, 0.075425, 0.14546, 0.153692, 0.476821, 0.529451, 0.458133, 1, 

Generation #21
29,303,0.001, 0.00563984, 0.0472926, 0.0698625, 0.075425, 0.211292, 0.212053, 0.264579, 0.275149, 0.806633, 1, 

25,442,0.001, 0.0141455, 0.0218816, 0.040253, 0.075425, 0.212053, 1, 

31,259,0.001, 0.0141455, 0.0218816, 0.040253, 0.075425, 0.14546, 0.153692, 0.476821, 0.232453, 0.345675, 1, 

27,326,0.001, 0.0141455, 0.0218816, 0.0456565, 0.0751163, 0.198198, 0.173791, 0.212053, 0.365705, 0.458133, 1, 

26,403,0.001, 0.0141455, 0.0218816, 0.040253, 0.075425, 0.212053, 1, 

30,273,0.001, 0.0141455, 0.0218816, 0.040253, 0.075425, 0.14546, 0.153692, 0.476821, 0.232453, 0.345675, 1, 

28,309,0.001, 0.0141455, 0.0218816, 0.040253, 0.075425, 0.14546, 0.153692, 0.212053, 1, 

32,257,0.001, 0.0141455, 0.0218816, 0.040253, 0.075425, 0.14546, 0.153692, 0.476821, 0.529451, 0.458133, 1, 

Generation #22
25,442,0.001, 0.0141455, 0.0218816, 0.040253, 0.075425, 0.212053, 1, 

31,259,0.001, 0.0141455, 0.0218816, 0.040253, 0.075425, 0.14546, 0.153692, 0.476821, 0.232453, 0.345675, 1, 

26,403,0.001, 0.0141455, 0.0218816, 0.040253, 0.075425, 0.212053, 1, 

30,273,0.001, 0.0141455, 0.0218816, 0.040253, 0.075425, 0.14546, 0.153692, 0.476821, 0.232453, 0.345675, 1, 

32,257,0.001, 0.0141455, 0.0218816, 0.040253, 0.075425, 0.14546, 0.153692, 0.476821, 0.529451, 0.458133, 1, 

29,296,0.001, 0.0141455, 0.0218816, 0.040253, 0.075425, 0.14546, 0.211292, 0.212053, 1, 

27,300,0.001, 0.00563984, 0.0472926, 0.040253, 0.075425, 0.212053, 0.264579, 0.275149, 1, 

Generation #23
25,442,0.001, 0.0141455, 0.0218816, 0.040253, 0.075425, 0.212053, 1, 

31,259,0.001, 0.0141455, 0.0218816, 0.040253, 0.075425, 0.14546, 0.153692, 0.476821, 0.232453, 0.345675, 1, 

26,403,0.001, 0.0141455, 0.0218816, 0.040253, 0.075425, 0.212053, 1, 

32,257,0.001, 0.0141455, 0.0218816, 0.040253, 0.075425, 0.14546, 0.153692, 0.476821, 0.529451, 0.458133, 1, 

27,300,0.001, 0.00563984, 0.0472926, 0.040253, 0.075425, 0.212053, 0.264579, 0.275149, 1, 

29,289,0.001, 0.0141455, 0.0218816, 0.040253, 0.075425, 0.14546, 0.153692, 0.0713898, 0.212053, 1, 

30,272,0.001, 0.0141455, 0.0644917, 0.0218816, 0.040253, 0.075425, 0.171676, 0.223503, 0.212053, 1, 

Generation #24
25,442,0.001, 0.0141455, 0.0218816, 0.040253, 0.075425, 0.212053, 1, 

31,259,0.001, 0.0141455, 0.0218816, 0.040253, 0.075425, 0.14546, 0.153692, 0.476821, 0.232453, 0.345675, 1, 

32,257,0.001, 0.0141455, 0.0218816, 0.040253, 0.075425, 0.14546, 0.153692, 0.476821, 0.529451, 0.458133, 1, 

27,300,0.001, 0.00563984, 0.0472926, 0.040253, 0.075425, 0.212053, 0.264579, 0.275149, 1, 

29,289,0.001, 0.0141455, 0.0218816, 0.040253, 0.075425, 0.14546, 0.153692, 0.0713898, 0.212053, 1, 

30,272,0.001, 0.0141455, 0.0644917, 0.0218816, 0.040253, 0.075425, 0.171676, 0.223503, 0.212053, 1, 

24,1842,0.001, 0.0141455, 0.0218816, 0.0456565, 1, 

26,395,0.001, 0.0141455, 0.0218816, 0.040253, 0.075425, 0.212053, 1, 

Generation #25
25,442,0.001, 0.0141455, 0.0218816, 0.040253, 0.075425, 0.212053, 1, 

31,259,0.001, 0.0141455, 0.0218816, 0.040253, 0.075425, 0.14546, 0.153692, 0.476821, 0.232453, 0.345675, 1, 

32,257,0.001, 0.0141455, 0.0218816, 0.040253, 0.075425, 0.14546, 0.153692, 0.476821, 0.529451, 0.458133, 1, 

27,300,0.001, 0.00563984, 0.0472926, 0.040253, 0.075425, 0.212053, 0.264579, 0.275149, 1, 

29,289,0.001, 0.0141455, 0.0218816, 0.040253, 0.075425, 0.14546, 0.153692, 0.0713898, 0.212053, 1, 

30,272,0.001, 0.0141455, 0.0644917, 0.0218816, 0.040253, 0.075425, 0.171676, 0.223503, 0.212053, 1, 

24,1842,0.001, 0.0141455, 0.0218816, 0.0456565, 1, 

26,395,0.001, 0.0141455, 0.0218816, 0.040253, 0.075425, 0.212053, 1, 

Generation #26
25,442,0.001, 0.0141455, 0.0218816, 0.040253, 0.075425, 0.212053, 1, 

31,259,0.001, 0.0141455, 0.0218816, 0.040253, 0.075425, 0.14546, 0.153692, 0.476821, 0.232453, 0.345675, 1, 

32,257,0.001, 0.0141455, 0.0218816, 0.040253, 0.075425, 0.14546, 0.153692, 0.476821, 0.529451, 0.458133, 1, 

27,300,0.001, 0.00563984, 0.0472926, 0.040253, 0.075425, 0.212053, 0.264579, 0.275149, 1, 

30,272,0.001, 0.0141455, 0.0644917, 0.0218816, 0.040253, 0.075425, 0.171676, 0.223503, 0.212053, 1, 

24,1842,0.001, 0.0141455, 0.0218816, 0.0456565, 1, 

26,395,0.001, 0.0141455, 0.0218816, 0.040253, 0.075425, 0.212053, 1, 

29,276,0.001, 0.0141455, 0.0644917, 0.0218816, 0.040253, 0.075425, 0.171676, 0.223503, 0.212053, 1, 

Generation #27
25,442,0.001, 0.0141455, 0.0218816, 0.040253, 0.075425, 0.212053, 1, 

31,259,0.001, 0.0141455, 0.0218816, 0.040253, 0.075425, 0.14546, 0.153692, 0.476821, 0.232453, 0.345675, 1, 

32,257,0.001, 0.0141455, 0.0218816, 0.040253, 0.075425, 0.14546, 0.153692, 0.476821, 0.529451, 0.458133, 1, 

27,300,0.001, 0.00563984, 0.0472926, 0.040253, 0.075425, 0.212053, 0.264579, 0.275149, 1, 

30,272,0.001, 0.0141455, 0.0644917, 0.0218816, 0.040253, 0.075425, 0.171676, 0.223503, 0.212053, 1, 

24,1842,0.001, 0.0141455, 0.0218816, 0.0456565, 1, 

26,395,0.001, 0.0141455, 0.0218816, 0.040253, 0.075425, 0.212053, 1, 

29,276,0.001, 0.0141455, 0.0644917, 0.0218816, 0.040253, 0.075425, 0.171676, 0.223503, 0.212053, 1, 

Generation #28
25,442,0.001, 0.0141455, 0.0218816, 0.040253, 0.075425, 0.212053, 1, 

31,259,0.001, 0.0141455, 0.0218816, 0.040253, 0.075425, 0.14546, 0.153692, 0.476821, 0.232453, 0.345675, 1, 

32,257,0.001, 0.0141455, 0.0218816, 0.040253, 0.075425, 0.14546, 0.153692, 0.476821, 0.529451, 0.458133, 1, 

27,300,0.001, 0.00563984, 0.0472926, 0.040253, 0.075425, 0.212053, 0.264579, 0.275149, 1, 

24,1842,0.001, 0.0141455, 0.0218816, 0.0456565, 1, 

26,395,0.001, 0.0141455, 0.0218816, 0.040253, 0.075425, 0.212053, 1, 

29,276,0.001, 0.0141455, 0.0644917, 0.0218816, 0.040253, 0.075425, 0.171676, 0.223503, 0.212053, 1, 

30,266,0.001, 0.0141455, 0.0218816, 0.040253, 0.075425, 0.14546, 0.211292, 0.212053, 1, 

Generation #29
25,442,0.001, 0.0141455, 0.0218816, 0.040253, 0.075425, 0.212053, 1, 

31,259,0.001, 0.0141455, 0.0218816, 0.040253, 0.075425, 0.14546, 0.153692, 0.476821, 0.232453, 0.345675, 1, 

32,257,0.001, 0.0141455, 0.0218816, 0.040253, 0.075425, 0.14546, 0.153692, 0.476821, 0.529451, 0.458133, 1, 

27,300,0.001, 0.00563984, 0.0472926, 0.040253, 0.075425, 0.212053, 0.264579, 0.275149, 1, 

24,1842,0.001, 0.0141455, 0.0218816, 0.0456565, 1, 

26,395,0.001, 0.0141455, 0.0218816, 0.040253, 0.075425, 0.212053, 1, 

29,276,0.001, 0.0141455, 0.0644917, 0.0218816, 0.040253, 0.075425, 0.171676, 0.223503, 0.212053, 1, 

30,266,0.001, 0.0141455, 0.0218816, 0.040253, 0.075425, 0.14546, 0.211292, 0.212053, 1, 

Generation #30
31,259,0.001, 0.0141455, 0.0218816, 0.040253, 0.075425, 0.14546, 0.153692, 0.476821, 0.232453, 0.345675, 1, 

32,257,0.001, 0.0141455, 0.0218816, 0.040253, 0.075425, 0.14546, 0.153692, 0.476821, 0.529451, 0.458133, 1, 

29,276,0.001, 0.0141455, 0.0644917, 0.0218816, 0.040253, 0.075425, 0.171676, 0.223503, 0.212053, 1, 

30,266,0.001, 0.0141455, 0.0218816, 0.040253, 0.075425, 0.14546, 0.211292, 0.212053, 1, 

26,289,0.001, 0.00563984, 0.0472926, 0.040253, 0.075425, 0.273726, 1, 

25,359,0.001, 0.00563984, 0.0472926, 0.0698625, 0.0751163, 0.273726, 1, 

24,1022,0.001, 0.0141455, 0.0218816, 0.0456565, 0.0751163, 1, 

Generation #31
31,259,0.001, 0.0141455, 0.0218816, 0.040253, 0.075425, 0.14546, 0.153692, 0.476821, 0.232453, 0.345675, 1, 

29,276,0.001, 0.0141455, 0.0644917, 0.0218816, 0.040253, 0.075425, 0.171676, 0.223503, 0.212053, 1, 

30,266,0.001, 0.0141455, 0.0218816, 0.040253, 0.075425, 0.14546, 0.211292, 0.212053, 1, 

26,289,0.001, 0.00563984, 0.0472926, 0.040253, 0.075425, 0.273726, 1, 

25,359,0.001, 0.00563984, 0.0472926, 0.0698625, 0.0751163, 0.273726, 1, 

24,1022,0.001, 0.0141455, 0.0218816, 0.0456565, 0.0751163, 1, 

32,237,0.001, 0.00563984, 0.0218816, 0.040253, 0.075425, 0.14546, 0.153692, 0.274555, 0.301448, 0.330416, 0.408317, 0.413537, 0.600954, 1, 

Generation #32
31,259,0.001, 0.0141455, 0.0218816, 0.040253, 0.075425, 0.14546, 0.153692, 0.476821, 0.232453, 0.345675, 1, 

29,276,0.001, 0.0141455, 0.0644917, 0.0218816, 0.040253, 0.075425, 0.171676, 0.223503, 0.212053, 1, 

30,266,0.001, 0.0141455, 0.0218816, 0.040253, 0.075425, 0.14546, 0.211292, 0.212053, 1, 

26,289,0.001, 0.00563984, 0.0472926, 0.040253, 0.075425, 0.273726, 1, 

25,359,0.001, 0.00563984, 0.0472926, 0.0698625, 0.0751163, 0.273726, 1, 

24,1022,0.001, 0.0141455, 0.0218816, 0.0456565, 0.0751163, 1, 

32,237,0.001, 0.00563984, 0.0218816, 0.040253, 0.075425, 0.14546, 0.153692, 0.274555, 0.301448, 0.330416, 0.408317, 0.413537, 0.600954, 1, 

Generation #33
31,259,0.001, 0.0141455, 0.0218816, 0.040253, 0.075425, 0.14546, 0.153692, 0.476821, 0.232453, 0.345675, 1, 

29,276,0.001, 0.0141455, 0.0644917, 0.0218816, 0.040253, 0.075425, 0.171676, 0.223503, 0.212053, 1, 

30,266,0.001, 0.0141455, 0.0218816, 0.040253, 0.075425, 0.14546, 0.211292, 0.212053, 1, 

26,289,0.001, 0.00563984, 0.0472926, 0.040253, 0.075425, 0.273726, 1, 

25,359,0.001, 0.00563984, 0.0472926, 0.0698625, 0.0751163, 0.273726, 1, 

24,1022,0.001, 0.0141455, 0.0218816, 0.0456565, 0.0751163, 1, 

32,237,0.001, 0.00563984, 0.0218816, 0.040253, 0.075425, 0.14546, 0.153692, 0.274555, 0.301448, 0.330416, 0.408317, 0.413537, 0.600954, 1, 

Generation #34
31,259,0.001, 0.0141455, 0.0218816, 0.040253, 0.075425, 0.14546, 0.153692, 0.476821, 0.232453, 0.345675, 1, 

29,276,0.001, 0.0141455, 0.0644917, 0.0218816, 0.040253, 0.075425, 0.171676, 0.223503, 0.212053, 1, 

30,266,0.001, 0.0141455, 0.0218816, 0.040253, 0.075425, 0.14546, 0.211292, 0.212053, 1, 

26,289,0.001, 0.00563984, 0.0472926, 0.040253, 0.075425, 0.273726, 1, 

25,359,0.001, 0.00563984, 0.0472926, 0.0698625, 0.0751163, 0.273726, 1, 

24,1022,0.001, 0.0141455, 0.0218816, 0.0456565, 0.0751163, 1, 

32,237,0.001, 0.00563984, 0.0218816, 0.040253, 0.075425, 0.14546, 0.153692, 0.274555, 0.301448, 0.330416, 0.408317, 0.413537, 0.600954, 1, 

Generation #35
31,259,0.001, 0.0141455, 0.0218816, 0.040253, 0.075425, 0.14546, 0.153692, 0.476821, 0.232453, 0.345675, 1, 

29,276,0.001, 0.0141455, 0.0644917, 0.0218816, 0.040253, 0.075425, 0.171676, 0.223503, 0.212053, 1, 

30,266,0.001, 0.0141455, 0.0218816, 0.040253, 0.075425, 0.14546, 0.211292, 0.212053, 1, 

26,289,0.001, 0.00563984, 0.0472926, 0.040253, 0.075425, 0.273726, 1, 

25,359,0.001, 0.00563984, 0.0472926, 0.0698625, 0.0751163, 0.273726, 1, 

24,1022,0.001, 0.0141455, 0.0218816, 0.0456565, 0.0751163, 1, 

32,237,0.001, 0.00563984, 0.0218816, 0.040253, 0.075425, 0.14546, 0.153692, 0.274555, 0.301448, 0.330416, 0.408317, 0.413537, 0.600954, 1, 

Generation #36
31,259,0.001, 0.0141455, 0.0218816, 0.040253, 0.075425, 0.14546, 0.153692, 0.476821, 0.232453, 0.345675, 1, 

29,276,0.001, 0.0141455, 0.0644917, 0.0218816, 0.040253, 0.075425, 0.171676, 0.223503, 0.212053, 1, 

30,266,0.001, 0.0141455, 0.0218816, 0.040253, 0.075425, 0.14546, 0.211292, 0.212053, 1, 

26,289,0.001, 0.00563984, 0.0472926, 0.040253, 0.075425, 0.273726, 1, 

25,359,0.001, 0.00563984, 0.0472926, 0.0698625, 0.0751163, 0.273726, 1, 

24,1022,0.001, 0.0141455, 0.0218816, 0.0456565, 0.0751163, 1, 

32,237,0.001, 0.00563984, 0.0218816, 0.040253, 0.075425, 0.14546, 0.153692, 0.274555, 0.301448, 0.330416, 0.408317, 0.413537, 0.600954, 1, 

Generation #37
31,259,0.001, 0.0141455, 0.0218816, 0.040253, 0.075425, 0.14546, 0.153692, 0.476821, 0.232453, 0.345675, 1, 

29,276,0.001, 0.0141455, 0.0644917, 0.0218816, 0.040253, 0.075425, 0.171676, 0.223503, 0.212053, 1, 

30,266,0.001, 0.0141455, 0.0218816, 0.040253, 0.075425, 0.14546, 0.211292, 0.212053, 1, 

26,289,0.001, 0.00563984, 0.0472926, 0.040253, 0.075425, 0.273726, 1, 

25,359,0.001, 0.00563984, 0.0472926, 0.0698625, 0.0751163, 0.273726, 1, 

24,1022,0.001, 0.0141455, 0.0218816, 0.0456565, 0.0751163, 1, 

32,237,0.001, 0.00563984, 0.0218816, 0.040253, 0.075425, 0.14546, 0.153692, 0.274555, 0.301448, 0.330416, 0.408317, 0.413537, 0.600954, 1, 

Generation #38
31,259,0.001, 0.0141455, 0.0218816, 0.040253, 0.075425, 0.14546, 0.153692, 0.476821, 0.232453, 0.345675, 1, 

29,276,0.001, 0.0141455, 0.0644917, 0.0218816, 0.040253, 0.075425, 0.171676, 0.223503, 0.212053, 1, 

30,266,0.001, 0.0141455, 0.0218816, 0.040253, 0.075425, 0.14546, 0.211292, 0.212053, 1, 

26,289,0.001, 0.00563984, 0.0472926, 0.040253, 0.075425, 0.273726, 1, 

25,359,0.001, 0.00563984, 0.0472926, 0.0698625, 0.0751163, 0.273726, 1, 

24,1022,0.001, 0.0141455, 0.0218816, 0.0456565, 0.0751163, 1, 

32,237,0.001, 0.00563984, 0.0218816, 0.040253, 0.075425, 0.14546, 0.153692, 0.274555, 0.301448, 0.330416, 0.408317, 0.413537, 0.600954, 1, 

Generation #39
26,289,0.001, 0.00563984, 0.0472926, 0.040253, 0.075425, 0.273726, 1, 

25,359,0.001, 0.00563984, 0.0472926, 0.0698625, 0.0751163, 0.273726, 1, 

24,1022,0.001, 0.0141455, 0.0218816, 0.0456565, 0.0751163, 1, 

32,237,0.001, 0.00563984, 0.0218816, 0.040253, 0.075425, 0.14546, 0.153692, 0.274555, 0.301448, 0.330416, 0.408317, 0.413537, 0.600954, 1, 

28,248,0.001, 0.0141455, 0.0218816, 0.040253, 0.075425, 0.14546, 0.211292, 0.212053, 1, 

Generation #40
26,289,0.001, 0.00563984, 0.0472926, 0.040253, 0.075425, 0.273726, 1, 

25,359,0.001, 0.00563984, 0.0472926, 0.0698625, 0.0751163, 0.273726, 1, 

24,1022,0.001, 0.0141455, 0.0218816, 0.0456565, 0.0751163, 1, 

32,237,0.001, 0.00563984, 0.0218816, 0.040253, 0.075425, 0.14546, 0.153692, 0.274555, 0.301448, 0.330416, 0.408317, 0.413537, 0.600954, 1, 

28,248,0.001, 0.0141455, 0.0218816, 0.040253, 0.075425, 0.14546, 0.211292, 0.212053, 1, 

Generation #41
26,289,0.001, 0.00563984, 0.0472926, 0.040253, 0.075425, 0.273726, 1, 

25,359,0.001, 0.00563984, 0.0472926, 0.0698625, 0.0751163, 0.273726, 1, 

24,1022,0.001, 0.0141455, 0.0218816, 0.0456565, 0.0751163, 1, 

32,237,0.001, 0.00563984, 0.0218816, 0.040253, 0.075425, 0.14546, 0.153692, 0.274555, 0.301448, 0.330416, 0.408317, 0.413537, 0.600954, 1, 

28,248,0.001, 0.0141455, 0.0218816, 0.040253, 0.075425, 0.14546, 0.211292, 0.212053, 1, 

Generation #42
26,289,0.001, 0.00563984, 0.0472926, 0.040253, 0.075425, 0.273726, 1, 

25,359,0.001, 0.00563984, 0.0472926, 0.0698625, 0.0751163, 0.273726, 1, 

24,1022,0.001, 0.0141455, 0.0218816, 0.0456565, 0.0751163, 1, 

32,237,0.001, 0.00563984, 0.0218816, 0.040253, 0.075425, 0.14546, 0.153692, 0.274555, 0.301448, 0.330416, 0.408317, 0.413537, 0.600954, 1, 

28,248,0.001, 0.0141455, 0.0218816, 0.040253, 0.075425, 0.14546, 0.211292, 0.212053, 1, 

27,262,0.001, 0.0141455, 0.0218816, 0.040253, 0.040253, 0.075425, 0.171676, 1, 

30,247,0.001, 0.0141455, 0.0218816, 0.0218816, 0.040253, 0.075425, 0.171676, 0.223503, 0.212053, 1, 

Generation #43
26,289,0.001, 0.00563984, 0.0472926, 0.040253, 0.075425, 0.273726, 1, 

25,359,0.001, 0.00563984, 0.0472926, 0.0698625, 0.0751163, 0.273726, 1, 

24,1022,0.001, 0.0141455, 0.0218816, 0.0456565, 0.0751163, 1, 

32,237,0.001, 0.00563984, 0.0218816, 0.040253, 0.075425, 0.14546, 0.153692, 0.274555, 0.301448, 0.330416, 0.408317, 0.413537, 0.600954, 1, 

28,248,0.001, 0.0141455, 0.0218816, 0.040253, 0.075425, 0.14546, 0.211292, 0.212053, 1, 

27,262,0.001, 0.0141455, 0.0218816, 0.040253, 0.040253, 0.075425, 0.171676, 1, 

30,247,0.001, 0.0141455, 0.0218816, 0.0218816, 0.040253, 0.075425, 0.171676, 0.223503, 0.212053, 1, 

34,233,0.001, 0.0141455, 0.0218816, 0.040253, 0.040253, 0.075425, 0.171676, 0.274555, 0.301448, 0.330416, 0.408317, 0.413537, 0.600954, 1, 

Generation #44
26,289,0.001, 0.00563984, 0.0472926, 0.040253, 0.075425, 0.273726, 1, 

25,359,0.001, 0.00563984, 0.0472926, 0.0698625, 0.0751163, 0.273726, 1, 

24,1022,0.001, 0.0141455, 0.0218816, 0.0456565, 0.0751163, 1, 

32,237,0.001, 0.00563984, 0.0218816, 0.040253, 0.075425, 0.14546, 0.153692, 0.274555, 0.301448, 0.330416, 0.408317, 0.413537, 0.600954, 1, 

28,248,0.001, 0.0141455, 0.0218816, 0.040253, 0.075425, 0.14546, 0.211292, 0.212053, 1, 

27,262,0.001, 0.0141455, 0.0218816, 0.040253, 0.040253, 0.075425, 0.171676, 1, 

30,247,0.001, 0.0141455, 0.0218816, 0.0218816, 0.040253, 0.075425, 0.171676, 0.223503, 0.212053, 1, 

34,233,0.001, 0.0141455, 0.0218816, 0.040253, 0.040253, 0.075425, 0.171676, 0.274555, 0.301448, 0.330416, 0.408317, 0.413537, 0.600954, 1, 

Generation #45
26,289,0.001, 0.00563984, 0.0472926, 0.040253, 0.075425, 0.273726, 1, 

24,1022,0.001, 0.0141455, 0.0218816, 0.0456565, 0.0751163, 1, 

32,237,0.001, 0.00563984, 0.0218816, 0.040253, 0.075425, 0.14546, 0.153692, 0.274555, 0.301448, 0.330416, 0.408317, 0.413537, 0.600954, 1, 

28,248,0.001, 0.0141455, 0.0218816, 0.040253, 0.075425, 0.14546, 0.211292, 0.212053, 1, 

27,262,0.001, 0.0141455, 0.0218816, 0.040253, 0.040253, 0.075425, 0.171676, 1, 

30,247,0.001, 0.0141455, 0.0218816, 0.0218816, 0.040253, 0.075425, 0.171676, 0.223503, 0.212053, 1, 

34,233,0.001, 0.0141455, 0.0218816, 0.040253, 0.040253, 0.075425, 0.171676, 0.274555, 0.301448, 0.330416, 0.408317, 0.413537, 0.600954, 1, 

25,352,0.001, 0.0141455, 0.0218816, 0.0698625, 0.0751163, 0.273726, 1, 

Generation #46
26,289,0.001, 0.00563984, 0.0472926, 0.040253, 0.075425, 0.273726, 1, 

24,1022,0.001, 0.0141455, 0.0218816, 0.0456565, 0.0751163, 1, 

32,237,0.001, 0.00563984, 0.0218816, 0.040253, 0.075425, 0.14546, 0.153692, 0.274555, 0.301448, 0.330416, 0.408317, 0.413537, 0.600954, 1, 

28,248,0.001, 0.0141455, 0.0218816, 0.040253, 0.075425, 0.14546, 0.211292, 0.212053, 1, 

27,262,0.001, 0.0141455, 0.0218816, 0.040253, 0.040253, 0.075425, 0.171676, 1, 

30,247,0.001, 0.0141455, 0.0218816, 0.0218816, 0.040253, 0.075425, 0.171676, 0.223503, 0.212053, 1, 

34,233,0.001, 0.0141455, 0.0218816, 0.040253, 0.040253, 0.075425, 0.171676, 0.274555, 0.301448, 0.330416, 0.408317, 0.413537, 0.600954, 1, 

25,352,0.001, 0.0141455, 0.0218816, 0.0698625, 0.0751163, 0.273726, 1, 

Generation #47
26,289,0.001, 0.00563984, 0.0472926, 0.040253, 0.075425, 0.273726, 1, 

24,1022,0.001, 0.0141455, 0.0218816, 0.0456565, 0.0751163, 1, 

32,237,0.001, 0.00563984, 0.0218816, 0.040253, 0.075425, 0.14546, 0.153692, 0.274555, 0.301448, 0.330416, 0.408317, 0.413537, 0.600954, 1, 

28,248,0.001, 0.0141455, 0.0218816, 0.040253, 0.075425, 0.14546, 0.211292, 0.212053, 1, 

27,262,0.001, 0.0141455, 0.0218816, 0.040253, 0.040253, 0.075425, 0.171676, 1, 

30,247,0.001, 0.0141455, 0.0218816, 0.0218816, 0.040253, 0.075425, 0.171676, 0.223503, 0.212053, 1, 

34,233,0.001, 0.0141455, 0.0218816, 0.040253, 0.040253, 0.075425, 0.171676, 0.274555, 0.301448, 0.330416, 0.408317, 0.413537, 0.600954, 1, 

25,352,0.001, 0.0141455, 0.0218816, 0.0698625, 0.0751163, 0.273726, 1, 

Generation #48
26,289,0.001, 0.00563984, 0.0472926, 0.040253, 0.075425, 0.273726, 1, 

24,1022,0.001, 0.0141455, 0.0218816, 0.0456565, 0.0751163, 1, 

32,237,0.001, 0.00563984, 0.0218816, 0.040253, 0.075425, 0.14546, 0.153692, 0.274555, 0.301448, 0.330416, 0.408317, 0.413537, 0.600954, 1, 

27,262,0.001, 0.0141455, 0.0218816, 0.040253, 0.040253, 0.075425, 0.171676, 1, 

34,233,0.001, 0.0141455, 0.0218816, 0.040253, 0.040253, 0.075425, 0.171676, 0.274555, 0.301448, 0.330416, 0.408317, 0.413537, 0.600954, 1, 

25,352,0.001, 0.0141455, 0.0218816, 0.0698625, 0.0751163, 0.273726, 1, 

28,245,0.001, 0.0141455, 0.0218816, 0.040253, 0.040253, 0.075425, 0.171676, 0.223503, 0.212053, 1, 

Generation #49
26,289,0.001, 0.00563984, 0.0472926, 0.040253, 0.075425, 0.273726, 1, 

24,1022,0.001, 0.0141455, 0.0218816, 0.0456565, 0.0751163, 1, 

27,262,0.001, 0.0141455, 0.0218816, 0.040253, 0.040253, 0.075425, 0.171676, 1, 

25,352,0.001, 0.0141455, 0.0218816, 0.0698625, 0.0751163, 0.273726, 1, 

28,245,0.001, 0.0141455, 0.0218816, 0.040253, 0.040253, 0.075425, 0.171676, 0.223503, 0.212053, 1, 

29,224,0.001, 0.00401444, 0.0218816, 0.040253, 0.040253, 0.075425, 0.171676, 0.223503, 0.212053, 1, 

--- Pareto Front Solutions ---
Solution 0: N total=44 (N_initial=18, N_added=26), Time total=317 ms, Saved to: ./results/Bugzilla_t2_l1_pareto_0.csv, percents=0.001, 0.00563984, 0.0472926, 0.040253, 0.075425, 0.273726, 1, 

Solution 1: N total=42 (N_initial=18, N_added=24), Time total=1050 ms, Saved to: ./results/Bugzilla_t2_l1_pareto_1.csv, percents=0.001, 0.0141455, 0.0218816, 0.0456565, 0.0751163, 1, 

Solution 2: N total=45 (N_initial=18, N_added=27), Time total=290 ms, Saved to: ./results/Bugzilla_t2_l1_pareto_2.csv, percents=0.001, 0.0141455, 0.0218816, 0.040253, 0.040253, 0.075425, 0.171676, 1, 

Solution 3: N total=43 (N_initial=18, N_added=25), Time total=380 ms, Saved to: ./results/Bugzilla_t2_l1_pareto_3.csv, percents=0.001, 0.0141455, 0.0218816, 0.0698625, 0.0751163, 0.273726, 1, 

Solution 4: N total=46 (N_initial=18, N_added=28), Time total=273 ms, Saved to: ./results/Bugzilla_t2_l1_pareto_4.csv, percents=0.001, 0.0141455, 0.0218816, 0.040253, 0.040253, 0.075425, 0.171676, 0.223503, 0.212053, 1, 

Solution 5: N total=47 (N_initial=18, N_added=29), Time total=252 ms, Saved to: ./results/Bugzilla_t2_l1_pareto_5.csv, percents=0.001, 0.00401444, 0.0218816, 0.040253, 0.040253, 0.075425, 0.171676, 0.223503, 0.212053, 1, 

------------d=1, t=2, lambda=2, filename=./evaluation/Bugzilla/Bugzilla_2_2.csv------------
Computing partitioned counts of d-sets...
Ready to look at pairs based on partitioned counts...
First Stage N=32, Time=17
There are 491 remaining non-locating pairs
--- Running GA Algorithm (phase2) ---
Running GA with std::execution::par
Generation #0
33,280,0.001, 0.148617, 0.352981, 0.377344, 0.395374, 0.423106, 0.5755, 0.619779, 0.85508, 0.936386, 1, 

34,149,0.001, 0.0751718, 0.0785484, 0.18191, 0.276322, 0.371531, 0.419687, 0.431151, 0.515774, 0.549127, 0.813445, 0.969389, 1, 

32,354,0.001, 0.150591, 0.259099, 0.266036, 0.297835, 0.346158, 0.479025, 0.543269, 0.733778, 0.777929, 0.838805, 0.870205, 0.97444, 1, 

31,469,0.001, 0.0386365, 0.424867, 0.559789, 0.586581, 0.614696, 0.625335, 0.683735, 0.946196, 0.967947, 1, 

43,75,0.001, 0.0230557, 0.0286828, 0.0489283, 0.0772902, 0.116143, 0.26473, 0.275955, 0.324917, 0.331351, 0.350277, 0.361782, 0.391036, 0.497855, 0.535633, 0.545829, 0.760107, 0.785738, 0.790504, 0.912266, 0.918559, 0.931373, 0.937605, 0.948514, 1, 

Generation #1
31,469,0.001, 0.0386365, 0.424867, 0.559789, 0.586581, 0.614696, 0.625335, 0.683735, 0.946196, 0.967947, 1, 

43,75,0.001, 0.0230557, 0.0286828, 0.0489283, 0.0772902, 0.116143, 0.26473, 0.275955, 0.324917, 0.331351, 0.350277, 0.361782, 0.391036, 0.497855, 0.535633, 0.545829, 0.760107, 0.785738, 0.790504, 0.912266, 0.918559, 0.931373, 0.937605, 0.948514, 1, 

38,111,0.001, 0.0247445, 0.141553, 0.16674, 0.229793, 0.2517, 0.326238, 0.368346, 0.651823, 0.693228, 0.933755, 0.934228, 1, 

41,110,0.001, 0.0523813, 0.0709003, 0.137542, 0.148841, 0.322164, 0.324779, 0.326483, 0.372769, 0.389831, 0.406314, 0.436659, 0.464671, 0.751196, 0.768166, 0.778158, 0.780235, 0.956139, 0.957015, 1, 

32,176,0.001, 0.0131268, 0.0685224, 0.0861748, 0.112119, 0.149387, 0.20399, 0.231103, 0.83941, 0.840863, 0.954067, 1, 

33,139,0.001, 0.0374058, 0.0709003, 0.137542, 0.148841, 0.435992, 0.546904, 0.674927, 0.936696, 0.965677, 1, 

34,124,0.001, 0.0273734, 0.0308049, 0.0579173, 0.0769128, 0.0779278, 0.546904, 0.674927, 0.936696, 0.965677, 1, 

47,70,0.001, 0.0277591, 0.0342423, 0.0634542, 0.146952, 0.172903, 0.172926, 0.207338, 0.239601, 0.259119, 0.280951, 0.303163, 0.306533, 0.411041, 0.458897, 0.459754, 0.718371, 0.801896, 0.853702, 0.85572, 0.884692, 0.887452, 0.899908, 0.907607, 0.920901, 0.947846, 0.950575, 1, 

Generation #2
32,103,0.001, 0.0106743, 0.0885789, 0.109111, 0.115046, 0.208865, 0.228578, 0.269206, 0.273541, 0.274696, 0.386533, 1, 

30,231,0.001, 0.158521, 0.20359, 0.215874, 0.224706, 0.346521, 0.644113, 0.672581, 0.747477, 0.965677, 1, 

34,64,0.001, 0.0230557, 0.0286828, 0.0489283, 0.0772902, 0.116143, 0.26473, 0.275955, 0.324917, 0.331351, 0.350277, 0.361782, 0.391036, 0.497855, 0.535633, 1, 

Generation #3
49,41,0.001, 0.0147294, 0.0232287, 0.031429, 0.0324058, 0.032813, 0.0339661, 0.0710008, 0.114398, 0.126018, 0.231069, 0.319918, 0.343409, 0.391094, 0.438436, 0.471795, 0.541869, 0.592501, 0.605564, 0.669936, 0.720508, 0.748425, 0.765026, 0.828898, 0.854733, 0.872144, 0.888857, 0.894375, 0.896247, 0.899698, 1, 

48,45,0.001, 0.0147294, 0.0232287, 0.031429, 0.0324058, 0.032813, 0.055327, 0.0710008, 0.202649, 0.288546, 0.294139, 0.310821, 0.36387, 0.41114, 0.534913, 0.544497, 0.567438, 0.579647, 0.669011, 0.690617, 0.703635, 0.735005, 0.741154, 0.758454, 0.783881, 0.811579, 0.81254, 0.832974, 0.92621, 0.978365, 1, 

30,51,0.001, 0.0257701, 0.0292397, 0.0295754, 0.0424468, 0.0615262, 0.12198, 0.11985, 0.155572, 0.166572, 0.215573, 1, 

Generation #4
49,41,0.001, 0.0147294, 0.0232287, 0.031429, 0.0324058, 0.032813, 0.0339661, 0.0710008, 0.114398, 0.126018, 0.231069, 0.319918, 0.343409, 0.391094, 0.438436, 0.471795, 0.541869, 0.592501, 0.605564, 0.669936, 0.720508, 0.748425, 0.765026, 0.828898, 0.854733, 0.872144, 0.888857, 0.894375, 0.896247, 0.899698, 1, 

48,45,0.001, 0.0147294, 0.0232287, 0.031429, 0.0324058, 0.032813, 0.055327, 0.0710008, 0.202649, 0.288546, 0.294139, 0.310821, 0.36387, 0.41114, 0.534913, 0.544497, 0.567438, 0.579647, 0.669011, 0.690617, 0.703635, 0.735005, 0.741154, 0.758454, 0.783881, 0.811579, 0.81254, 0.832974, 0.92621, 0.978365, 1, 

30,51,0.001, 0.0257701, 0.0292397, 0.0295754, 0.0424468, 0.0615262, 0.12198, 0.11985, 0.155572, 0.166572, 0.215573, 1, 

Generation #5
30,51,0.001, 0.0257701, 0.0292397, 0.0295754, 0.0424468, 0.0615262, 0.12198, 0.11985, 0.155572, 0.166572, 0.215573, 1, 

39,41,0.001, 0.0147294, 0.0232287, 0.031429, 0.0324058, 0.032813, 0.055327, 0.0710008, 0.114398, 0.126018, 0.231069, 0.319918, 0.343409, 0.842272, 0.863614, 0.92913, 0.943353, 0.979132, 1, 

29,223,0.001, 0.168256, 0.183793, 0.255004, 0.549298, 0.639222, 0.149387, 0.674927, 0.936696, 1, 

Generation #6
30,51,0.001, 0.0257701, 0.0292397, 0.0295754, 0.0424468, 0.0615262, 0.12198, 0.11985, 0.155572, 0.166572, 0.215573, 1, 

29,223,0.001, 0.168256, 0.183793, 0.255004, 0.549298, 0.639222, 0.149387, 0.674927, 0.936696, 1, 

37,39,0.001, 0.0147294, 0.0232287, 0.031429, 0.0324058, 0.032813, 0.055327, 0.0710008, 0.114398, 0.126018, 0.231069, 0.319918, 0.343409, 0.842272, 0.863614, 0.92913, 0.943353, 0.979132, 1, 

33,47,0.001, 0.0147294, 0.0232287, 0.031429, 0.0324058, 0.032813, 0.055327, 0.139365, 0.202649, 0.837273, 0.91058, 1, 

Generation #7
30,51,0.001, 0.0257701, 0.0292397, 0.0295754, 0.0424468, 0.0615262, 0.12198, 0.11985, 0.155572, 0.166572, 0.215573, 1, 

37,39,0.001, 0.0147294, 0.0232287, 0.031429, 0.0324058, 0.032813, 0.055327, 0.0710008, 0.114398, 0.126018, 0.231069, 0.319918, 0.343409, 0.842272, 0.863614, 0.92913, 0.943353, 0.979132, 1, 

33,47,0.001, 0.0147294, 0.0232287, 0.031429, 0.0324058, 0.032813, 0.055327, 0.139365, 0.202649, 0.837273, 0.91058, 1, 

29,94,0.001, 0.0257701, 0.0232287, 0.031429, 0.0324058, 0.032813, 0.055327, 0.0710008, 0.114398, 0.166572, 0.215573, 1, 

Generation #8
30,51,0.001, 0.0257701, 0.0292397, 0.0295754, 0.0424468, 0.0615262, 0.12198, 0.11985, 0.155572, 0.166572, 0.215573, 1, 

37,39,0.001, 0.0147294, 0.0232287, 0.031429, 0.0324058, 0.032813, 0.055327, 0.0710008, 0.114398, 0.126018, 0.231069, 0.319918, 0.343409, 0.842272, 0.863614, 0.92913, 0.943353, 0.979132, 1, 

33,47,0.001, 0.0147294, 0.0232287, 0.031429, 0.0324058, 0.032813, 0.055327, 0.139365, 0.202649, 0.837273, 0.91058, 1, 

27,54,0.001, 0.0147294, 0.0232287, 0.031429, 0.0324058, 0.0779278, 0.113508, 0.269206, 0.827104, 1, 

Generation #9
30,51,0.001, 0.0257701, 0.0292397, 0.0295754, 0.0424468, 0.0615262, 0.12198, 0.11985, 0.155572, 0.166572, 0.215573, 1, 

37,39,0.001, 0.0147294, 0.0232287, 0.031429, 0.0324058, 0.032813, 0.055327, 0.0710008, 0.114398, 0.126018, 0.231069, 0.319918, 0.343409, 0.842272, 0.863614, 0.92913, 0.943353, 0.979132, 1, 

33,47,0.001, 0.0147294, 0.0232287, 0.031429, 0.0324058, 0.032813, 0.055327, 0.139365, 0.202649, 0.837273, 0.91058, 1, 

27,54,0.001, 0.0147294, 0.0232287, 0.031429, 0.0324058, 0.0779278, 0.113508, 0.269206, 0.827104, 1, 

Generation #10
37,39,0.001, 0.0147294, 0.0232287, 0.031429, 0.0324058, 0.032813, 0.055327, 0.0710008, 0.114398, 0.126018, 0.231069, 0.319918, 0.343409, 0.842272, 0.863614, 0.92913, 0.943353, 0.979132, 1, 

27,54,0.001, 0.0147294, 0.0232287, 0.031429, 0.0324058, 0.0779278, 0.113508, 0.269206, 0.827104, 1, 

46,33,0.001, 0.0147294, 0.0232287, 0.031429, 0.0324058, 0.032813, 0.055327, 0.0710008, 0.202649, 0.288546, 0.294139, 0.310821, 0.36387, 0.41114, 0.534913, 0.544497, 0.567438, 0.579647, 0.669011, 0.690617, 0.703635, 0.735005, 0.741154, 0.758454, 0.783881, 0.811579, 0.81254, 0.832974, 0.92621, 0.978365, 1, 

32,40,0.001, 0.0147294, 0.0232287, 0.031429, 0.0324058, 0.032813, 0.055327, 0.0710008, 0.114398, 0.166572, 0.215573, 1, 

30,43,0.001, 0.0147294, 0.0232287, 0.0324058, 0.032813, 0.00221909, 0.0710008, 0.114398, 0.166572, 0.215573, 1, 

Generation #11
27,54,0.001, 0.0147294, 0.0232287, 0.031429, 0.0324058, 0.0779278, 0.113508, 0.269206, 0.827104, 1, 

46,33,0.001, 0.0147294, 0.0232287, 0.031429, 0.0324058, 0.032813, 0.055327, 0.0710008, 0.202649, 0.288546, 0.294139, 0.310821, 0.36387, 0.41114, 0.534913, 0.544497, 0.567438, 0.579647, 0.669011, 0.690617, 0.703635, 0.735005, 0.741154, 0.758454, 0.783881, 0.811579, 0.81254, 0.832974, 0.92621, 0.978365, 1, 

32,38,0.001, 0.0147294, 0.0232287, 0.031429, 0.0324058, 0.032813, 0.055327, 0.0710008, 0.114398, 0.166572, 0.215573, 1, 

29,42,0.001, 0.0147294, 0.0232287, 0.031429, 0.0324058, 0.032813, 0.0339661, 0.0710008, 0.114398, 0.166572, 0.215573, 1, 

30,40,0.001, 0.0147294, 0.0232287, 0.031429, 0.0324058, 0.032813, 0.055327, 0.0710008, 0.114398, 0.166572, 0.215573, 1, 

Generation #12
27,54,0.001, 0.0147294, 0.0232287, 0.031429, 0.0324058, 0.0779278, 0.113508, 0.269206, 0.827104, 1, 

46,33,0.001, 0.0147294, 0.0232287, 0.031429, 0.0324058, 0.032813, 0.055327, 0.0710008, 0.202649, 0.288546, 0.294139, 0.310821, 0.36387, 0.41114, 0.534913, 0.544497, 0.567438, 0.579647, 0.669011, 0.690617, 0.703635, 0.735005, 0.741154, 0.758454, 0.783881, 0.811579, 0.81254, 0.832974, 0.92621, 0.978365, 1, 

32,38,0.001, 0.0147294, 0.0232287, 0.031429, 0.0324058, 0.032813, 0.055327, 0.0710008, 0.114398, 0.166572, 0.215573, 1, 

29,42,0.001, 0.0147294, 0.0232287, 0.031429, 0.0324058, 0.032813, 0.0339661, 0.0710008, 0.114398, 0.166572, 0.215573, 1, 

30,40,0.001, 0.0147294, 0.0232287, 0.031429, 0.0324058, 0.032813, 0.055327, 0.0710008, 0.114398, 0.166572, 0.215573, 1, 

Generation #13
27,54,0.001, 0.0147294, 0.0232287, 0.031429, 0.0324058, 0.0779278, 0.113508, 0.269206, 0.827104, 1, 

46,33,0.001, 0.0147294, 0.0232287, 0.031429, 0.0324058, 0.032813, 0.055327, 0.0710008, 0.202649, 0.288546, 0.294139, 0.310821, 0.36387, 0.41114, 0.534913, 0.544497, 0.567438, 0.579647, 0.669011, 0.690617, 0.703635, 0.735005, 0.741154, 0.758454, 0.783881, 0.811579, 0.81254, 0.832974, 0.92621, 0.978365, 1, 

32,38,0.001, 0.0147294, 0.0232287, 0.031429, 0.0324058, 0.032813, 0.055327, 0.0710008, 0.114398, 0.166572, 0.215573, 1, 

28,39,0.001, 0.0147294, 0.0232287, 0.031429, 0.0324058, 0.032813, 0.055327, 0.0710008, 0.114398, 0.166572, 0.215573, 1, 

Generation #14
27,54,0.001, 0.0147294, 0.0232287, 0.031429, 0.0324058, 0.0779278, 0.113508, 0.269206, 0.827104, 1, 

46,33,0.001, 0.0147294, 0.0232287, 0.031429, 0.0324058, 0.032813, 0.055327, 0.0710008, 0.202649, 0.288546, 0.294139, 0.310821, 0.36387, 0.41114, 0.534913, 0.544497, 0.567438, 0.579647, 0.669011, 0.690617, 0.703635, 0.735005, 0.741154, 0.758454, 0.783881, 0.811579, 0.81254, 0.832974, 0.92621, 0.978365, 1, 

32,38,0.001, 0.0147294, 0.0232287, 0.031429, 0.0324058, 0.032813, 0.055327, 0.0710008, 0.114398, 0.166572, 0.215573, 1, 

28,39,0.001, 0.0147294, 0.0232287, 0.031429, 0.0324058, 0.032813, 0.055327, 0.0710008, 0.114398, 0.166572, 0.215573, 1, 

33,35,0.001, 0.0147294, 0.0232287, 0.031429, 0.0324058, 0.032813, 0.055327, 0.0710008, 0.114398, 0.166572, 0.215573, 1, 

Generation #15
27,54,0.001, 0.0147294, 0.0232287, 0.031429, 0.0324058, 0.0779278, 0.113508, 0.269206, 0.827104, 1, 

46,33,0.001, 0.0147294, 0.0232287, 0.031429, 0.0324058, 0.032813, 0.055327, 0.0710008, 0.202649, 0.288546, 0.294139, 0.310821, 0.36387, 0.41114, 0.534913, 0.544497, 0.567438, 0.579647, 0.669011, 0.690617, 0.703635, 0.735005, 0.741154, 0.758454, 0.783881, 0.811579, 0.81254, 0.832974, 0.92621, 0.978365, 1, 

28,39,0.001, 0.0147294, 0.0232287, 0.031429, 0.0324058, 0.032813, 0.055327, 0.0710008, 0.114398, 0.166572, 0.215573, 1, 

33,35,0.001, 0.0147294, 0.0232287, 0.031429, 0.0324058, 0.032813, 0.055327, 0.0710008, 0.114398, 0.166572, 0.215573, 1, 

30,37,0.0147294, 0.0232287, 0.031429, 0.0324058, 0.032813, 0.055327, 0.0710008, 0.114398, 0.114398, 0.166572, 0.215573, 1, 

Generation #16
27,54,0.001, 0.0147294, 0.0232287, 0.031429, 0.0324058, 0.0779278, 0.113508, 0.269206, 0.827104, 1, 

46,33,0.001, 0.0147294, 0.0232287, 0.031429, 0.0324058, 0.032813, 0.055327, 0.0710008, 0.202649, 0.288546, 0.294139, 0.310821, 0.36387, 0.41114, 0.534913, 0.544497, 0.567438, 0.579647, 0.669011, 0.690617, 0.703635, 0.735005, 0.741154, 0.758454, 0.783881, 0.811579, 0.81254, 0.832974, 0.92621, 0.978365, 1, 

28,39,0.001, 0.0147294, 0.0232287, 0.031429, 0.0324058, 0.032813, 0.055327, 0.0710008, 0.114398, 0.166572, 0.215573, 1, 

33,35,0.001, 0.0147294, 0.0232287, 0.031429, 0.0324058, 0.032813, 0.055327, 0.0710008, 0.114398, 0.166572, 0.215573, 1, 

30,37,0.0147294, 0.0232287, 0.031429, 0.0324058, 0.032813, 0.055327, 0.0710008, 0.114398, 0.114398, 0.166572, 0.215573, 1, 

Generation #17
46,33,0.001, 0.0147294, 0.0232287, 0.031429, 0.0324058, 0.032813, 0.055327, 0.0710008, 0.202649, 0.288546, 0.294139, 0.310821, 0.36387, 0.41114, 0.534913, 0.544497, 0.567438, 0.579647, 0.669011, 0.690617, 0.703635, 0.735005, 0.741154, 0.758454, 0.783881, 0.811579, 0.81254, 0.832974, 0.92621, 0.978365, 1, 

28,39,0.001, 0.0147294, 0.0232287, 0.031429, 0.0324058, 0.032813, 0.055327, 0.0710008, 0.114398, 0.166572, 0.215573, 1, 

33,35,0.001, 0.0147294, 0.0232287, 0.031429, 0.0324058, 0.032813, 0.055327, 0.0710008, 0.114398, 0.166572, 0.215573, 1, 

30,37,0.0147294, 0.0232287, 0.031429, 0.0324058, 0.032813, 0.055327, 0.0710008, 0.114398, 0.114398, 0.166572, 0.215573, 1, 

27,50,0.001, 0.0147294, 0.0232287, 0.0324058, 0.032813, 0.00221909, 0.0710008, 0.114398, 0.166572, 0.215573, 1, 

Generation #18
46,33,0.001, 0.0147294, 0.0232287, 0.031429, 0.0324058, 0.032813, 0.055327, 0.0710008, 0.202649, 0.288546, 0.294139, 0.310821, 0.36387, 0.41114, 0.534913, 0.544497, 0.567438, 0.579647, 0.669011, 0.690617, 0.703635, 0.735005, 0.741154, 0.758454, 0.783881, 0.811579, 0.81254, 0.832974, 0.92621, 0.978365, 1, 

28,39,0.001, 0.0147294, 0.0232287, 0.031429, 0.0324058, 0.032813, 0.055327, 0.0710008, 0.114398, 0.166572, 0.215573, 1, 

33,35,0.001, 0.0147294, 0.0232287, 0.031429, 0.0324058, 0.032813, 0.055327, 0.0710008, 0.114398, 0.166572, 0.215573, 1, 

30,37,0.0147294, 0.0232287, 0.031429, 0.0324058, 0.032813, 0.055327, 0.0710008, 0.114398, 0.114398, 0.166572, 0.215573, 1, 

27,50,0.001, 0.0147294, 0.0232287, 0.0324058, 0.032813, 0.00221909, 0.0710008, 0.114398, 0.166572, 0.215573, 1, 

Generation #19
46,33,0.001, 0.0147294, 0.0232287, 0.031429, 0.0324058, 0.032813, 0.055327, 0.0710008, 0.202649, 0.288546, 0.294139, 0.310821, 0.36387, 0.41114, 0.534913, 0.544497, 0.567438, 0.579647, 0.669011, 0.690617, 0.703635, 0.735005, 0.741154, 0.758454, 0.783881, 0.811579, 0.81254, 0.832974, 0.92621, 0.978365, 1, 

28,39,0.001, 0.0147294, 0.0232287, 0.031429, 0.0324058, 0.032813, 0.055327, 0.0710008, 0.114398, 0.166572, 0.215573, 1, 

33,35,0.001, 0.0147294, 0.0232287, 0.031429, 0.0324058, 0.032813, 0.055327, 0.0710008, 0.114398, 0.166572, 0.215573, 1, 

27,50,0.001, 0.0147294, 0.0232287, 0.0324058, 0.032813, 0.00221909, 0.0710008, 0.114398, 0.166572, 0.215573, 1, 

29,36,0.019349, 0.0147294, 0.0232287, 0.031429, 0.0324058, 0.032813, 0.055327, 0.0710008, 0.114398, 0.166572, 0.215573, 1, 

Generation #20
46,33,0.001, 0.0147294, 0.0232287, 0.031429, 0.0324058, 0.032813, 0.055327, 0.0710008, 0.202649, 0.288546, 0.294139, 0.310821, 0.36387, 0.41114, 0.534913, 0.544497, 0.567438, 0.579647, 0.669011, 0.690617, 0.703635, 0.735005, 0.741154, 0.758454, 0.783881, 0.811579, 0.81254, 0.832974, 0.92621, 0.978365, 1, 

28,39,0.001, 0.0147294, 0.0232287, 0.031429, 0.0324058, 0.032813, 0.055327, 0.0710008, 0.114398, 0.166572, 0.215573, 1, 

27,50,0.001, 0.0147294, 0.0232287, 0.0324058, 0.032813, 0.00221909, 0.0710008, 0.114398, 0.166572, 0.215573, 1, 

29,36,0.019349, 0.0147294, 0.0232287, 0.031429, 0.0324058, 0.032813, 0.055327, 0.0710008, 0.114398, 0.166572, 0.215573, 1, 

31,35,0.0147294, 0.0232287, 0.031429, 0.0324058, 0.032813, 0.055327, 0.0710008, 0.114398, 0.114398, 0.166572, 0.215573, 1, 

Generation #21
46,33,0.001, 0.0147294, 0.0232287, 0.031429, 0.0324058, 0.032813, 0.055327, 0.0710008, 0.202649, 0.288546, 0.294139, 0.310821, 0.36387, 0.41114, 0.534913, 0.544497, 0.567438, 0.579647, 0.669011, 0.690617, 0.703635, 0.735005, 0.741154, 0.758454, 0.783881, 0.811579, 0.81254, 0.832974, 0.92621, 0.978365, 1, 

28,39,0.001, 0.0147294, 0.0232287, 0.031429, 0.0324058, 0.032813, 0.055327, 0.0710008, 0.114398, 0.166572, 0.215573, 1, 

27,50,0.001, 0.0147294, 0.0232287, 0.0324058, 0.032813, 0.00221909, 0.0710008, 0.114398, 0.166572, 0.215573, 1, 

29,36,0.019349, 0.0147294, 0.0232287, 0.031429, 0.0324058, 0.032813, 0.055327, 0.0710008, 0.114398, 0.166572, 0.215573, 1, 

31,35,0.0147294, 0.0232287, 0.031429, 0.0324058, 0.032813, 0.055327, 0.0710008, 0.114398, 0.114398, 0.166572, 0.215573, 1, 

Generation #22
46,33,0.001, 0.0147294, 0.0232287, 0.031429, 0.0324058, 0.032813, 0.055327, 0.0710008, 0.202649, 0.288546, 0.294139, 0.310821, 0.36387, 0.41114, 0.534913, 0.544497, 0.567438, 0.579647, 0.669011, 0.690617, 0.703635, 0.735005, 0.741154, 0.758454, 0.783881, 0.811579, 0.81254, 0.832974, 0.92621, 0.978365, 1, 

28,39,0.001, 0.0147294, 0.0232287, 0.031429, 0.0324058, 0.032813, 0.055327, 0.0710008, 0.114398, 0.166572, 0.215573, 1, 

27,50,0.001, 0.0147294, 0.0232287, 0.0324058, 0.032813, 0.00221909, 0.0710008, 0.114398, 0.166572, 0.215573, 1, 

29,36,0.019349, 0.0147294, 0.0232287, 0.031429, 0.0324058, 0.032813, 0.055327, 0.0710008, 0.114398, 0.166572, 0.215573, 1, 

31,35,0.0147294, 0.0232287, 0.031429, 0.0324058, 0.032813, 0.055327, 0.0710008, 0.114398, 0.114398, 0.166572, 0.215573, 1, 

Generation #23
46,33,0.001, 0.0147294, 0.0232287, 0.031429, 0.0324058, 0.032813, 0.055327, 0.0710008, 0.202649, 0.288546, 0.294139, 0.310821, 0.36387, 0.41114, 0.534913, 0.544497, 0.567438, 0.579647, 0.669011, 0.690617, 0.703635, 0.735005, 0.741154, 0.758454, 0.783881, 0.811579, 0.81254, 0.832974, 0.92621, 0.978365, 1, 

28,39,0.001, 0.0147294, 0.0232287, 0.031429, 0.0324058, 0.032813, 0.055327, 0.0710008, 0.114398, 0.166572, 0.215573, 1, 

27,50,0.001, 0.0147294, 0.0232287, 0.0324058, 0.032813, 0.00221909, 0.0710008, 0.114398, 0.166572, 0.215573, 1, 

29,36,0.019349, 0.0147294, 0.0232287, 0.031429, 0.0324058, 0.032813, 0.055327, 0.0710008, 0.114398, 0.166572, 0.215573, 1, 

31,35,0.0147294, 0.0232287, 0.031429, 0.0324058, 0.032813, 0.055327, 0.0710008, 0.114398, 0.114398, 0.166572, 0.215573, 1, 

Generation #24
46,33,0.001, 0.0147294, 0.0232287, 0.031429, 0.0324058, 0.032813, 0.055327, 0.0710008, 0.202649, 0.288546, 0.294139, 0.310821, 0.36387, 0.41114, 0.534913, 0.544497, 0.567438, 0.579647, 0.669011, 0.690617, 0.703635, 0.735005, 0.741154, 0.758454, 0.783881, 0.811579, 0.81254, 0.832974, 0.92621, 0.978365, 1, 

28,39,0.001, 0.0147294, 0.0232287, 0.031429, 0.0324058, 0.032813, 0.055327, 0.0710008, 0.114398, 0.166572, 0.215573, 1, 

27,50,0.001, 0.0147294, 0.0232287, 0.0324058, 0.032813, 0.00221909, 0.0710008, 0.114398, 0.166572, 0.215573, 1, 

29,36,0.019349, 0.0147294, 0.0232287, 0.031429, 0.0324058, 0.032813, 0.055327, 0.0710008, 0.114398, 0.166572, 0.215573, 1, 

31,35,0.0147294, 0.0232287, 0.031429, 0.0324058, 0.032813, 0.055327, 0.0710008, 0.114398, 0.114398, 0.166572, 0.215573, 1, 

Generation #25
46,33,0.001, 0.0147294, 0.0232287, 0.031429, 0.0324058, 0.032813, 0.055327, 0.0710008, 0.202649, 0.288546, 0.294139, 0.310821, 0.36387, 0.41114, 0.534913, 0.544497, 0.567438, 0.579647, 0.669011, 0.690617, 0.703635, 0.735005, 0.741154, 0.758454, 0.783881, 0.811579, 0.81254, 0.832974, 0.92621, 0.978365, 1, 

28,39,0.001, 0.0147294, 0.0232287, 0.031429, 0.0324058, 0.032813, 0.055327, 0.0710008, 0.114398, 0.166572, 0.215573, 1, 

27,50,0.001, 0.0147294, 0.0232287, 0.0324058, 0.032813, 0.00221909, 0.0710008, 0.114398, 0.166572, 0.215573, 1, 

29,36,0.019349, 0.0147294, 0.0232287, 0.031429, 0.0324058, 0.032813, 0.055327, 0.0710008, 0.114398, 0.166572, 0.215573, 1, 

31,35,0.0147294, 0.0232287, 0.031429, 0.0324058, 0.032813, 0.055327, 0.0710008, 0.114398, 0.114398, 0.166572, 0.215573, 1, 

Generation #26
46,33,0.001, 0.0147294, 0.0232287, 0.031429, 0.0324058, 0.032813, 0.055327, 0.0710008, 0.202649, 0.288546, 0.294139, 0.310821, 0.36387, 0.41114, 0.534913, 0.544497, 0.567438, 0.579647, 0.669011, 0.690617, 0.703635, 0.735005, 0.741154, 0.758454, 0.783881, 0.811579, 0.81254, 0.832974, 0.92621, 0.978365, 1, 

28,39,0.001, 0.0147294, 0.0232287, 0.031429, 0.0324058, 0.032813, 0.055327, 0.0710008, 0.114398, 0.166572, 0.215573, 1, 

27,50,0.001, 0.0147294, 0.0232287, 0.0324058, 0.032813, 0.00221909, 0.0710008, 0.114398, 0.166572, 0.215573, 1, 

29,36,0.019349, 0.0147294, 0.0232287, 0.031429, 0.0324058, 0.032813, 0.055327, 0.0710008, 0.114398, 0.166572, 0.215573, 1, 

31,35,0.0147294, 0.0232287, 0.031429, 0.0324058, 0.032813, 0.055327, 0.0710008, 0.114398, 0.114398, 0.166572, 0.215573, 1, 

Generation #27
28,39,0.001, 0.0147294, 0.0232287, 0.031429, 0.0324058, 0.032813, 0.055327, 0.0710008, 0.114398, 0.166572, 0.215573, 1, 

29,36,0.019349, 0.0147294, 0.0232287, 0.031429, 0.0324058, 0.032813, 0.055327, 0.0710008, 0.114398, 0.166572, 0.215573, 1, 

30,32,0.0147294, 0.0147294, 0.0232287, 0.031429, 0.0324058, 0.032813, 0.055327, 0.0710008, 0.114398, 0.166572, 0.215573, 1, 

27,46,0.001, 0.0147294, 0.0232287, 0.031429, 0.0324058, 0.032813, 0.055327, 0.0710008, 0.114398, 0.166572, 0.215573, 1, 

Generation #28
28,39,0.001, 0.0147294, 0.0232287, 0.031429, 0.0324058, 0.032813, 0.055327, 0.0710008, 0.114398, 0.166572, 0.215573, 1, 

30,32,0.0147294, 0.0147294, 0.0232287, 0.031429, 0.0324058, 0.032813, 0.055327, 0.0710008, 0.114398, 0.166572, 0.215573, 1, 

27,46,0.001, 0.0147294, 0.0232287, 0.031429, 0.0324058, 0.032813, 0.055327, 0.0710008, 0.114398, 0.166572, 0.215573, 1, 

29,35,0.001, 0.0147294, 0.0232287, 0.031429, 0.0324058, 0.032813, 0.0339661, 0.0710008, 0.114398, 0.166572, 0.215573, 1, 

Generation #29
28,39,0.001, 0.0147294, 0.0232287, 0.031429, 0.0324058, 0.032813, 0.055327, 0.0710008, 0.114398, 0.166572, 0.215573, 1, 

30,32,0.0147294, 0.0147294, 0.0232287, 0.031429, 0.0324058, 0.032813, 0.055327, 0.0710008, 0.114398, 0.166572, 0.215573, 1, 

27,46,0.001, 0.0147294, 0.0232287, 0.031429, 0.0324058, 0.032813, 0.055327, 0.0710008, 0.114398, 0.166572, 0.215573, 1, 

29,35,0.001, 0.0147294, 0.0232287, 0.031429, 0.0324058, 0.032813, 0.0339661, 0.0710008, 0.114398, 0.166572, 0.215573, 1, 

Generation #30
28,39,0.001, 0.0147294, 0.0232287, 0.031429, 0.0324058, 0.032813, 0.055327, 0.0710008, 0.114398, 0.166572, 0.215573, 1, 

30,32,0.0147294, 0.0147294, 0.0232287, 0.031429, 0.0324058, 0.032813, 0.055327, 0.0710008, 0.114398, 0.166572, 0.215573, 1, 

27,46,0.001, 0.0147294, 0.0232287, 0.031429, 0.0324058, 0.032813, 0.055327, 0.0710008, 0.114398, 0.166572, 0.215573, 1, 

29,35,0.001, 0.0147294, 0.0232287, 0.031429, 0.0324058, 0.032813, 0.0339661, 0.0710008, 0.114398, 0.166572, 0.215573, 1, 

Generation #31
28,39,0.001, 0.0147294, 0.0232287, 0.031429, 0.0324058, 0.032813, 0.055327, 0.0710008, 0.114398, 0.166572, 0.215573, 1, 

30,32,0.0147294, 0.0147294, 0.0232287, 0.031429, 0.0324058, 0.032813, 0.055327, 0.0710008, 0.114398, 0.166572, 0.215573, 1, 

27,46,0.001, 0.0147294, 0.0232287, 0.031429, 0.0324058, 0.032813, 0.055327, 0.0710008, 0.114398, 0.166572, 0.215573, 1, 

29,35,0.001, 0.0147294, 0.0232287, 0.031429, 0.0324058, 0.032813, 0.0339661, 0.0710008, 0.114398, 0.166572, 0.215573, 1, 

Generation #32
28,39,0.001, 0.0147294, 0.0232287, 0.031429, 0.0324058, 0.032813, 0.055327, 0.0710008, 0.114398, 0.166572, 0.215573, 1, 

30,32,0.0147294, 0.0147294, 0.0232287, 0.031429, 0.0324058, 0.032813, 0.055327, 0.0710008, 0.114398, 0.166572, 0.215573, 1, 

27,46,0.001, 0.0147294, 0.0232287, 0.031429, 0.0324058, 0.032813, 0.055327, 0.0710008, 0.114398, 0.166572, 0.215573, 1, 

29,35,0.001, 0.0147294, 0.0232287, 0.031429, 0.0324058, 0.032813, 0.0339661, 0.0710008, 0.114398, 0.166572, 0.215573, 1, 

Generation #33
28,39,0.001, 0.0147294, 0.0232287, 0.031429, 0.0324058, 0.032813, 0.055327, 0.0710008, 0.114398, 0.166572, 0.215573, 1, 

30,32,0.0147294, 0.0147294, 0.0232287, 0.031429, 0.0324058, 0.032813, 0.055327, 0.0710008, 0.114398, 0.166572, 0.215573, 1, 

27,46,0.001, 0.0147294, 0.0232287, 0.031429, 0.0324058, 0.032813, 0.055327, 0.0710008, 0.114398, 0.166572, 0.215573, 1, 

29,35,0.001, 0.0147294, 0.0232287, 0.031429, 0.0324058, 0.032813, 0.0339661, 0.0710008, 0.114398, 0.166572, 0.215573, 1, 

Generation #34
28,39,0.001, 0.0147294, 0.0232287, 0.031429, 0.0324058, 0.032813, 0.055327, 0.0710008, 0.114398, 0.166572, 0.215573, 1, 

30,32,0.0147294, 0.0147294, 0.0232287, 0.031429, 0.0324058, 0.032813, 0.055327, 0.0710008, 0.114398, 0.166572, 0.215573, 1, 

27,46,0.001, 0.0147294, 0.0232287, 0.031429, 0.0324058, 0.032813, 0.055327, 0.0710008, 0.114398, 0.166572, 0.215573, 1, 

29,35,0.001, 0.0147294, 0.0232287, 0.031429, 0.0324058, 0.032813, 0.0339661, 0.0710008, 0.114398, 0.166572, 0.215573, 1, 

Generation #35
28,39,0.001, 0.0147294, 0.0232287, 0.031429, 0.0324058, 0.032813, 0.055327, 0.0710008, 0.114398, 0.166572, 0.215573, 1, 

30,32,0.0147294, 0.0147294, 0.0232287, 0.031429, 0.0324058, 0.032813, 0.055327, 0.0710008, 0.114398, 0.166572, 0.215573, 1, 

27,46,0.001, 0.0147294, 0.0232287, 0.031429, 0.0324058, 0.032813, 0.055327, 0.0710008, 0.114398, 0.166572, 0.215573, 1, 

29,35,0.001, 0.0147294, 0.0232287, 0.031429, 0.0324058, 0.032813, 0.0339661, 0.0710008, 0.114398, 0.166572, 0.215573, 1, 

Generation #36
28,39,0.001, 0.0147294, 0.0232287, 0.031429, 0.0324058, 0.032813, 0.055327, 0.0710008, 0.114398, 0.166572, 0.215573, 1, 

30,32,0.0147294, 0.0147294, 0.0232287, 0.031429, 0.0324058, 0.032813, 0.055327, 0.0710008, 0.114398, 0.166572, 0.215573, 1, 

27,46,0.001, 0.0147294, 0.0232287, 0.031429, 0.0324058, 0.032813, 0.055327, 0.0710008, 0.114398, 0.166572, 0.215573, 1, 

29,35,0.001, 0.0147294, 0.0232287, 0.031429, 0.0324058, 0.032813, 0.0339661, 0.0710008, 0.114398, 0.166572, 0.215573, 1, 

Generation #37
28,39,0.001, 0.0147294, 0.0232287, 0.031429, 0.0324058, 0.032813, 0.055327, 0.0710008, 0.114398, 0.166572, 0.215573, 1, 

30,32,0.0147294, 0.0147294, 0.0232287, 0.031429, 0.0324058, 0.032813, 0.055327, 0.0710008, 0.114398, 0.166572, 0.215573, 1, 

27,46,0.001, 0.0147294, 0.0232287, 0.031429, 0.0324058, 0.032813, 0.055327, 0.0710008, 0.114398, 0.166572, 0.215573, 1, 

29,35,0.001, 0.0147294, 0.0232287, 0.031429, 0.0324058, 0.032813, 0.0339661, 0.0710008, 0.114398, 0.166572, 0.215573, 1, 

Generation #38
28,39,0.001, 0.0147294, 0.0232287, 0.031429, 0.0324058, 0.032813, 0.055327, 0.0710008, 0.114398, 0.166572, 0.215573, 1, 

30,32,0.0147294, 0.0147294, 0.0232287, 0.031429, 0.0324058, 0.032813, 0.055327, 0.0710008, 0.114398, 0.166572, 0.215573, 1, 

27,46,0.001, 0.0147294, 0.0232287, 0.031429, 0.0324058, 0.032813, 0.055327, 0.0710008, 0.114398, 0.166572, 0.215573, 1, 

29,35,0.001, 0.0147294, 0.0232287, 0.031429, 0.0324058, 0.032813, 0.0339661, 0.0710008, 0.114398, 0.166572, 0.215573, 1, 

Generation #39
28,39,0.001, 0.0147294, 0.0232287, 0.031429, 0.0324058, 0.032813, 0.055327, 0.0710008, 0.114398, 0.166572, 0.215573, 1, 

30,32,0.0147294, 0.0147294, 0.0232287, 0.031429, 0.0324058, 0.032813, 0.055327, 0.0710008, 0.114398, 0.166572, 0.215573, 1, 

27,46,0.001, 0.0147294, 0.0232287, 0.031429, 0.0324058, 0.032813, 0.055327, 0.0710008, 0.114398, 0.166572, 0.215573, 1, 

29,35,0.001, 0.0147294, 0.0232287, 0.031429, 0.0324058, 0.032813, 0.0339661, 0.0710008, 0.114398, 0.166572, 0.215573, 1, 

Generation #40
28,39,0.001, 0.0147294, 0.0232287, 0.031429, 0.0324058, 0.032813, 0.055327, 0.0710008, 0.114398, 0.166572, 0.215573, 1, 

30,32,0.0147294, 0.0147294, 0.0232287, 0.031429, 0.0324058, 0.032813, 0.055327, 0.0710008, 0.114398, 0.166572, 0.215573, 1, 

27,46,0.001, 0.0147294, 0.0232287, 0.031429, 0.0324058, 0.032813, 0.055327, 0.0710008, 0.114398, 0.166572, 0.215573, 1, 

29,35,0.001, 0.0147294, 0.0232287, 0.031429, 0.0324058, 0.032813, 0.0339661, 0.0710008, 0.114398, 0.166572, 0.215573, 1, 

37,31,0.001, 0.0147294, 0.0232287, 0.031429, 0.0324058, 0.032813, 0.055327, 0.114398, 0.166572, 0.215573, 0.319918, 0.343409, 0.842272, 0.863614, 0.92913, 0.943353, 0.979132, 1, 

Generation #41
30,32,0.0147294, 0.0147294, 0.0232287, 0.031429, 0.0324058, 0.032813, 0.055327, 0.0710008, 0.114398, 0.166572, 0.215573, 1, 

27,46,0.001, 0.0147294, 0.0232287, 0.031429, 0.0324058, 0.032813, 0.055327, 0.0710008, 0.114398, 0.166572, 0.215573, 1, 

37,31,0.001, 0.0147294, 0.0232287, 0.031429, 0.0324058, 0.032813, 0.055327, 0.114398, 0.166572, 0.215573, 0.319918, 0.343409, 0.842272, 0.863614, 0.92913, 0.943353, 0.979132, 1, 

28,35,0.001, 0.0147294, 0.0232287, 0.031429, 0.0324058, 0.032813, 0.0710008, 0.114398, 0.166572, 0.215573, 1, 

Generation #42
30,32,0.0147294, 0.0147294, 0.0232287, 0.031429, 0.0324058, 0.032813, 0.055327, 0.0710008, 0.114398, 0.166572, 0.215573, 1, 

27,46,0.001, 0.0147294, 0.0232287, 0.031429, 0.0324058, 0.032813, 0.055327, 0.0710008, 0.114398, 0.166572, 0.215573, 1, 

37,31,0.001, 0.0147294, 0.0232287, 0.031429, 0.0324058, 0.032813, 0.055327, 0.114398, 0.166572, 0.215573, 0.319918, 0.343409, 0.842272, 0.863614, 0.92913, 0.943353, 0.979132, 1, 

28,35,0.001, 0.0147294, 0.0232287, 0.031429, 0.0324058, 0.032813, 0.0710008, 0.114398, 0.166572, 0.215573, 1, 

Generation #43
30,32,0.0147294, 0.0147294, 0.0232287, 0.031429, 0.0324058, 0.032813, 0.055327, 0.0710008, 0.114398, 0.166572, 0.215573, 1, 

37,31,0.001, 0.0147294, 0.0232287, 0.031429, 0.0324058, 0.032813, 0.055327, 0.114398, 0.166572, 0.215573, 0.319918, 0.343409, 0.842272, 0.863614, 0.92913, 0.943353, 0.979132, 1, 

28,35,0.001, 0.0147294, 0.0232287, 0.031429, 0.0324058, 0.032813, 0.0710008, 0.114398, 0.166572, 0.215573, 1, 

27,42,0.001, 0.0147294, 0.0232287, 0.031429, 0.0324058, 0.032813, 0.0710008, 0.114398, 0.166572, 0.215573, 1, 

Generation #44
30,32,0.0147294, 0.0147294, 0.0232287, 0.031429, 0.0324058, 0.032813, 0.055327, 0.0710008, 0.114398, 0.166572, 0.215573, 1, 

37,31,0.001, 0.0147294, 0.0232287, 0.031429, 0.0324058, 0.032813, 0.055327, 0.114398, 0.166572, 0.215573, 0.319918, 0.343409, 0.842272, 0.863614, 0.92913, 0.943353, 0.979132, 1, 

28,35,0.001, 0.0147294, 0.0232287, 0.031429, 0.0324058, 0.032813, 0.0710008, 0.114398, 0.166572, 0.215573, 1, 

27,42,0.001, 0.0147294, 0.0232287, 0.031429, 0.0324058, 0.032813, 0.0710008, 0.114398, 0.166572, 0.215573, 1, 

47,29,0.0147294, 0.0147294, 0.0232287, 0.031429, 0.0324058, 0.032813, 0.055327, 0.0710008, 0.114398, 0.126018, 0.231069, 0.319918, 0.343409, 0.814285, 0.438436, 0.471795, 0.541869, 0.592501, 0.605564, 0.669936, 0.720508, 0.748425, 0.765026, 0.828898, 0.854733, 0.872144, 0.888857, 0.894375, 0.896247, 0.899698, 1, 

Generation #45
30,32,0.0147294, 0.0147294, 0.0232287, 0.031429, 0.0324058, 0.032813, 0.055327, 0.0710008, 0.114398, 0.166572, 0.215573, 1, 

37,31,0.001, 0.0147294, 0.0232287, 0.031429, 0.0324058, 0.032813, 0.055327, 0.114398, 0.166572, 0.215573, 0.319918, 0.343409, 0.842272, 0.863614, 0.92913, 0.943353, 0.979132, 1, 

28,35,0.001, 0.0147294, 0.0232287, 0.031429, 0.0324058, 0.032813, 0.0710008, 0.114398, 0.166572, 0.215573, 1, 

47,29,0.0147294, 0.0147294, 0.0232287, 0.031429, 0.0324058, 0.032813, 0.055327, 0.0710008, 0.114398, 0.126018, 0.231069, 0.319918, 0.343409, 0.814285, 0.438436, 0.471795, 0.541869, 0.592501, 0.605564, 0.669936, 0.720508, 0.748425, 0.765026, 0.828898, 0.854733, 0.872144, 0.888857, 0.894375, 0.896247, 0.899698, 1, 

27,36,0.0147294, 0.0147294, 0.0232287, 0.031429, 0.0324058, 0.032813, 0.055327, 0.0710008, 0.114398, 0.166572, 0.215573, 1, 

Generation #46
30,32,0.0147294, 0.0147294, 0.0232287, 0.031429, 0.0324058, 0.032813, 0.055327, 0.0710008, 0.114398, 0.166572, 0.215573, 1, 

37,31,0.001, 0.0147294, 0.0232287, 0.031429, 0.0324058, 0.032813, 0.055327, 0.114398, 0.166572, 0.215573, 0.319918, 0.343409, 0.842272, 0.863614, 0.92913, 0.943353, 0.979132, 1, 

28,35,0.001, 0.0147294, 0.0232287, 0.031429, 0.0324058, 0.032813, 0.0710008, 0.114398, 0.166572, 0.215573, 1, 

47,29,0.0147294, 0.0147294, 0.0232287, 0.031429, 0.0324058, 0.032813, 0.055327, 0.0710008, 0.114398, 0.126018, 0.231069, 0.319918, 0.343409, 0.814285, 0.438436, 0.471795, 0.541869, 0.592501, 0.605564, 0.669936, 0.720508, 0.748425, 0.765026, 0.828898, 0.854733, 0.872144, 0.888857, 0.894375, 0.896247, 0.899698, 1, 

27,36,0.0147294, 0.0147294, 0.0232287, 0.031429, 0.0324058, 0.032813, 0.055327, 0.0710008, 0.114398, 0.166572, 0.215573, 1, 

Generation #47
30,32,0.0147294, 0.0147294, 0.0232287, 0.031429, 0.0324058, 0.032813, 0.055327, 0.0710008, 0.114398, 0.166572, 0.215573, 1, 

37,31,0.001, 0.0147294, 0.0232287, 0.031429, 0.0324058, 0.032813, 0.055327, 0.114398, 0.166572, 0.215573, 0.319918, 0.343409, 0.842272, 0.863614, 0.92913, 0.943353, 0.979132, 1, 

28,35,0.001, 0.0147294, 0.0232287, 0.031429, 0.0324058, 0.032813, 0.0710008, 0.114398, 0.166572, 0.215573, 1, 

47,29,0.0147294, 0.0147294, 0.0232287, 0.031429, 0.0324058, 0.032813, 0.055327, 0.0710008, 0.114398, 0.126018, 0.231069, 0.319918, 0.343409, 0.814285, 0.438436, 0.471795, 0.541869, 0.592501, 0.605564, 0.669936, 0.720508, 0.748425, 0.765026, 0.828898, 0.854733, 0.872144, 0.888857, 0.894375, 0.896247, 0.899698, 1, 

27,36,0.0147294, 0.0147294, 0.0232287, 0.031429, 0.0324058, 0.032813, 0.055327, 0.0710008, 0.114398, 0.166572, 0.215573, 1, 

Generation #48
30,32,0.0147294, 0.0147294, 0.0232287, 0.031429, 0.0324058, 0.032813, 0.055327, 0.0710008, 0.114398, 0.166572, 0.215573, 1, 

37,31,0.001, 0.0147294, 0.0232287, 0.031429, 0.0324058, 0.032813, 0.055327, 0.114398, 0.166572, 0.215573, 0.319918, 0.343409, 0.842272, 0.863614, 0.92913, 0.943353, 0.979132, 1, 

28,35,0.001, 0.0147294, 0.0232287, 0.031429, 0.0324058, 0.032813, 0.0710008, 0.114398, 0.166572, 0.215573, 1, 

47,29,0.0147294, 0.0147294, 0.0232287, 0.031429, 0.0324058, 0.032813, 0.055327, 0.0710008, 0.114398, 0.126018, 0.231069, 0.319918, 0.343409, 0.814285, 0.438436, 0.471795, 0.541869, 0.592501, 0.605564, 0.669936, 0.720508, 0.748425, 0.765026, 0.828898, 0.854733, 0.872144, 0.888857, 0.894375, 0.896247, 0.899698, 1, 

27,36,0.0147294, 0.0147294, 0.0232287, 0.031429, 0.0324058, 0.032813, 0.055327, 0.0710008, 0.114398, 0.166572, 0.215573, 1, 

Generation #49
30,32,0.0147294, 0.0147294, 0.0232287, 0.031429, 0.0324058, 0.032813, 0.055327, 0.0710008, 0.114398, 0.166572, 0.215573, 1, 

37,31,0.001, 0.0147294, 0.0232287, 0.031429, 0.0324058, 0.032813, 0.055327, 0.114398, 0.166572, 0.215573, 0.319918, 0.343409, 0.842272, 0.863614, 0.92913, 0.943353, 0.979132, 1, 

28,35,0.001, 0.0147294, 0.0232287, 0.031429, 0.0324058, 0.032813, 0.0710008, 0.114398, 0.166572, 0.215573, 1, 

47,29,0.0147294, 0.0147294, 0.0232287, 0.031429, 0.0324058, 0.032813, 0.055327, 0.0710008, 0.114398, 0.126018, 0.231069, 0.319918, 0.343409, 0.814285, 0.438436, 0.471795, 0.541869, 0.592501, 0.605564, 0.669936, 0.720508, 0.748425, 0.765026, 0.828898, 0.854733, 0.872144, 0.888857, 0.894375, 0.896247, 0.899698, 1, 

27,36,0.0147294, 0.0147294, 0.0232287, 0.031429, 0.0324058, 0.032813, 0.055327, 0.0710008, 0.114398, 0.166572, 0.215573, 1, 

--- Pareto Front Solutions ---
Solution 0: N total=62 (N_initial=32, N_added=30), Time total=49 ms, Saved to: ./results/Bugzilla_t2_l2_pareto_0.csv, percents=0.0147294, 0.0147294, 0.0232287, 0.031429, 0.0324058, 0.032813, 0.055327, 0.0710008, 0.114398, 0.166572, 0.215573, 1, 

Solution 1: N total=69 (N_initial=32, N_added=37), Time total=48 ms, Saved to: ./results/Bugzilla_t2_l2_pareto_1.csv, percents=0.001, 0.0147294, 0.0232287, 0.031429, 0.0324058, 0.032813, 0.055327, 0.114398, 0.166572, 0.215573, 0.319918, 0.343409, 0.842272, 0.863614, 0.92913, 0.943353, 0.979132, 1, 

Solution 2: N total=60 (N_initial=32, N_added=28), Time total=52 ms, Saved to: ./results/Bugzilla_t2_l2_pareto_2.csv, percents=0.001, 0.0147294, 0.0232287, 0.031429, 0.0324058, 0.032813, 0.0710008, 0.114398, 0.166572, 0.215573, 1, 

Solution 3: N total=79 (N_initial=32, N_added=47), Time total=46 ms, Saved to: ./results/Bugzilla_t2_l2_pareto_3.csv, percents=0.0147294, 0.0147294, 0.0232287, 0.031429, 0.0324058, 0.032813, 0.055327, 0.0710008, 0.114398, 0.126018, 0.231069, 0.319918, 0.343409, 0.814285, 0.438436, 0.471795, 0.541869, 0.592501, 0.605564, 0.669936, 0.720508, 0.748425, 0.765026, 0.828898, 0.854733, 0.872144, 0.888857, 0.894375, 0.896247, 0.899698, 1, 

Solution 4: N total=59 (N_initial=32, N_added=27), Time total=53 ms, Saved to: ./results/Bugzilla_t2_l2_pareto_4.csv, percents=0.0147294, 0.0147294, 0.0232287, 0.031429, 0.0324058, 0.032813, 0.055327, 0.0710008, 0.114398, 0.166572, 0.215573, 1, 

------------d=1, t=2, lambda=3, filename=./evaluation/Bugzilla/Bugzilla_2_3.csv------------
Computing partitioned counts of d-sets...
Ready to look at pairs based on partitioned counts...
First Stage N=48, Time=11
There are 196 remaining non-locating pairs
--- Running GA Algorithm (phase2) ---
Running GA with std::execution::par
Generation #0
28,37,0.001, 0.0195917, 0.0353191, 0.133633, 0.185442, 0.23098, 0.274749, 0.430609, 0.536015, 0.724779, 0.91766, 0.997627, 1, 

27,192,0.001, 0.274309, 0.374408, 0.438566, 0.652578, 0.751337, 0.814168, 0.852048, 0.950799, 0.993622, 1, 

43,33,0.001, 0.0317918, 0.0832026, 0.11214, 0.140119, 0.196063, 0.243148, 0.258391, 0.265097, 0.361219, 0.431263, 0.480471, 0.572094, 0.587651, 0.597502, 0.615676, 0.659261, 0.664403, 0.765487, 0.821773, 0.892372, 0.898321, 0.910908, 0.959505, 1, 

Generation #1
31,28,0.001, 0.107552, 0.0580193, 0.0637066, 0.193384, 0.204302, 0.217493, 0.223279, 0.298563, 0.403046, 0.427069, 0.530859, 0.728873, 0.735414, 0.750078, 0.870552, 0.905246, 1, 

25,50,0.001, 0.0838475, 0.139402, 0.201341, 0.2116, 0.325947, 0.337414, 0.448448, 0.473774, 0.742459, 1, 

27,31,0.001, 0.0195917, 0.0353191, 0.133633, 0.185442, 0.31027, 0.274749, 0.430609, 0.536015, 0.724779, 1, 

Generation #2
31,28,0.001, 0.107552, 0.0580193, 0.0637066, 0.193384, 0.204302, 0.217493, 0.223279, 0.298563, 0.403046, 0.427069, 0.530859, 0.728873, 0.735414, 0.750078, 0.870552, 0.905246, 1, 

25,50,0.001, 0.0838475, 0.139402, 0.201341, 0.2116, 0.325947, 0.337414, 0.448448, 0.473774, 0.742459, 1, 

27,31,0.001, 0.0195917, 0.0353191, 0.133633, 0.185442, 0.31027, 0.274749, 0.430609, 0.536015, 0.724779, 1, 

26,47,0.001, 0.0150048, 0.0165871, 0.115104, 0.136633, 0.234766, 0.255247, 0.999493, 1, 

Generation #3
25,50,0.001, 0.0838475, 0.139402, 0.201341, 0.2116, 0.325947, 0.337414, 0.448448, 0.473774, 0.742459, 1, 

26,47,0.001, 0.0150048, 0.0165871, 0.115104, 0.136633, 0.234766, 0.255247, 0.999493, 1, 

27,23,0.001, 0.0317918, 0.0832026, 0.11214, 0.140119, 0.196063, 0.243148, 0.258391, 0.265097, 0.729912, 0.75026, 0.443947, 0.990961, 1, 

Generation #4
25,50,0.001, 0.0838475, 0.139402, 0.201341, 0.2116, 0.325947, 0.337414, 0.448448, 0.473774, 0.742459, 1, 

27,23,0.001, 0.0317918, 0.0832026, 0.11214, 0.140119, 0.196063, 0.243148, 0.258391, 0.265097, 0.729912, 0.75026, 0.443947, 0.990961, 1, 

26,24,0.001, 0.0150048, 0.0165871, 0.115104, 0.136633, 0.193046, 0.234766, 0.370956, 0.472868, 0.416431, 0.990588, 0.904369, 0.98806, 1, 

Generation #5
27,23,0.001, 0.0317918, 0.0832026, 0.11214, 0.140119, 0.196063, 0.243148, 0.258391, 0.265097, 0.729912, 0.75026, 0.443947, 0.990961, 1, 

26,24,0.001, 0.0150048, 0.0165871, 0.115104, 0.136633, 0.193046, 0.234766, 0.370956, 0.472868, 0.416431, 0.990588, 0.904369, 0.98806, 1, 

24,33,0.001, 0.0317918, 0.0832026, 0.11214, 0.140119, 0.196063, 0.243148, 0.247993, 0.275638, 0.990588, 0.995201, 1, 

Generation #6
24,23,0.001, 0.0317918, 0.0832026, 0.0765781, 0.079378, 0.101262, 0.156021, 0.16149, 0.197984, 0.216074, 1, 

28,22,0.001, 0.0317918, 0.0832026, 0.11214, 0.079378, 0.101262, 0.156021, 0.16149, 0.197984, 0.216074, 1, 

Generation #7
24,23,0.001, 0.0317918, 0.0832026, 0.0765781, 0.079378, 0.101262, 0.156021, 0.16149, 0.197984, 0.216074, 1, 

28,22,0.001, 0.0317918, 0.0832026, 0.11214, 0.079378, 0.101262, 0.156021, 0.16149, 0.197984, 0.216074, 1, 

Generation #8
24,23,0.001, 0.0317918, 0.0832026, 0.0765781, 0.079378, 0.101262, 0.156021, 0.16149, 0.197984, 0.216074, 1, 

25,19,0.001, 0.0227473, 0.0673803, 0.0765781, 0.079378, 0.101262, 0.156021, 0.477885, 0.473774, 0.742459, 1, 

Generation #9
24,23,0.001, 0.0317918, 0.0832026, 0.0765781, 0.079378, 0.101262, 0.156021, 0.16149, 0.197984, 0.216074, 1, 

25,19,0.001, 0.0227473, 0.0673803, 0.0765781, 0.079378, 0.101262, 0.156021, 0.477885, 0.473774, 0.742459, 1, 

Generation #10
24,23,0.001, 0.0317918, 0.0832026, 0.0765781, 0.079378, 0.101262, 0.156021, 0.16149, 0.197984, 0.216074, 1, 

25,19,0.001, 0.0227473, 0.0673803, 0.0765781, 0.079378, 0.101262, 0.156021, 0.477885, 0.473774, 0.742459, 1, 

Generation #11
24,23,0.001, 0.0317918, 0.0832026, 0.0765781, 0.079378, 0.101262, 0.156021, 0.16149, 0.197984, 0.216074, 1, 

25,19,0.001, 0.0227473, 0.0673803, 0.0765781, 0.079378, 0.101262, 0.156021, 0.477885, 0.473774, 0.742459, 1, 

22,66,0.001, 0.0227473, 0.0673803, 0.272614, 0.32158, 0.477885, 0.473774, 0.742459, 1, 

Generation #12
24,23,0.001, 0.0317918, 0.0832026, 0.0765781, 0.079378, 0.101262, 0.156021, 0.16149, 0.197984, 0.216074, 1, 

25,19,0.001, 0.0227473, 0.0673803, 0.0765781, 0.079378, 0.101262, 0.156021, 0.477885, 0.473774, 0.742459, 1, 

22,66,0.001, 0.0227473, 0.0673803, 0.272614, 0.32158, 0.477885, 0.473774, 0.742459, 1, 

23,33,0.001, 0.0150048, 0.0165871, 0.115104, 0.136633, 0.234766, 0.234766, 0.247993, 0.275638, 1, 

Generation #13
24,23,0.001, 0.0317918, 0.0832026, 0.0765781, 0.079378, 0.101262, 0.156021, 0.16149, 0.197984, 0.216074, 1, 

25,19,0.001, 0.0227473, 0.0673803, 0.0765781, 0.079378, 0.101262, 0.156021, 0.477885, 0.473774, 0.742459, 1, 

22,66,0.001, 0.0227473, 0.0673803, 0.272614, 0.32158, 0.477885, 0.473774, 0.742459, 1, 

23,33,0.001, 0.0150048, 0.0165871, 0.115104, 0.136633, 0.234766, 0.234766, 0.247993, 0.275638, 1, 

Generation #14
24,23,0.001, 0.0317918, 0.0832026, 0.0765781, 0.079378, 0.101262, 0.156021, 0.16149, 0.197984, 0.216074, 1, 

25,19,0.001, 0.0227473, 0.0673803, 0.0765781, 0.079378, 0.101262, 0.156021, 0.477885, 0.473774, 0.742459, 1, 

22,66,0.001, 0.0227473, 0.0673803, 0.272614, 0.32158, 0.477885, 0.473774, 0.742459, 1, 

23,33,0.001, 0.0150048, 0.0165871, 0.115104, 0.136633, 0.234766, 0.234766, 0.247993, 0.275638, 1, 

Generation #15
24,23,0.001, 0.0317918, 0.0832026, 0.0765781, 0.079378, 0.101262, 0.156021, 0.16149, 0.197984, 0.216074, 1, 

25,19,0.001, 0.0227473, 0.0673803, 0.0765781, 0.079378, 0.101262, 0.156021, 0.477885, 0.473774, 0.742459, 1, 

22,66,0.001, 0.0227473, 0.0673803, 0.272614, 0.32158, 0.477885, 0.473774, 0.742459, 1, 

23,33,0.001, 0.0150048, 0.0165871, 0.115104, 0.136633, 0.234766, 0.234766, 0.247993, 0.275638, 1, 

Generation #16
24,23,0.001, 0.0317918, 0.0832026, 0.0765781, 0.079378, 0.101262, 0.156021, 0.16149, 0.197984, 0.216074, 1, 

25,19,0.001, 0.0227473, 0.0673803, 0.0765781, 0.079378, 0.101262, 0.156021, 0.477885, 0.473774, 0.742459, 1, 

22,66,0.001, 0.0227473, 0.0673803, 0.272614, 0.32158, 0.477885, 0.473774, 0.742459, 1, 

23,33,0.001, 0.0150048, 0.0165871, 0.115104, 0.136633, 0.234766, 0.234766, 0.247993, 0.275638, 1, 

27,18,0.001, 0.0227473, 0.0673803, 0.0765781, 0.079378, 0.101262, 0.156021, 0.16149, 0.277335, 0.819409, 1, 

Generation #17
25,19,0.001, 0.0227473, 0.0673803, 0.0765781, 0.079378, 0.101262, 0.156021, 0.477885, 0.473774, 0.742459, 1, 

22,66,0.001, 0.0227473, 0.0673803, 0.272614, 0.32158, 0.477885, 0.473774, 0.742459, 1, 

27,18,0.001, 0.0227473, 0.0673803, 0.0765781, 0.079378, 0.101262, 0.156021, 0.16149, 0.277335, 0.819409, 1, 

23,23,0.001, 0.0227473, 0.0673803, 0.0765781, 0.079378, 0.101262, 0.156021, 0.16149, 0.277335, 0.819409, 1, 

Generation #18
25,19,0.001, 0.0227473, 0.0673803, 0.0765781, 0.079378, 0.101262, 0.156021, 0.477885, 0.473774, 0.742459, 1, 

22,66,0.001, 0.0227473, 0.0673803, 0.272614, 0.32158, 0.477885, 0.473774, 0.742459, 1, 

23,23,0.001, 0.0227473, 0.0673803, 0.0765781, 0.079378, 0.101262, 0.156021, 0.16149, 0.277335, 0.819409, 1, 

24,20,0.001, 0.0317918, 0.0832026, 0.0765781, 0.079378, 0.101262, 0.156021, 0.148575, 0.16149, 0.216074, 1, 

26,12,0.001, 0.0227473, 0.0673803, 0.0765781, 0.079378, 0.101262, 0.156021, 0.16149, 0.6567, 0.819409, 0.742459, 1, 

Generation #19
25,19,0.001, 0.0227473, 0.0673803, 0.0765781, 0.079378, 0.101262, 0.156021, 0.477885, 0.473774, 0.742459, 1, 

22,66,0.001, 0.0227473, 0.0673803, 0.272614, 0.32158, 0.477885, 0.473774, 0.742459, 1, 

23,23,0.001, 0.0227473, 0.0673803, 0.0765781, 0.079378, 0.101262, 0.156021, 0.16149, 0.277335, 0.819409, 1, 

24,20,0.001, 0.0317918, 0.0832026, 0.0765781, 0.079378, 0.101262, 0.156021, 0.148575, 0.16149, 0.216074, 1, 

26,12,0.001, 0.0227473, 0.0673803, 0.0765781, 0.079378, 0.101262, 0.156021, 0.16149, 0.6567, 0.819409, 0.742459, 1, 

Generation #20
25,19,0.001, 0.0227473, 0.0673803, 0.0765781, 0.079378, 0.101262, 0.156021, 0.477885, 0.473774, 0.742459, 1, 

22,66,0.001, 0.0227473, 0.0673803, 0.272614, 0.32158, 0.477885, 0.473774, 0.742459, 1, 

23,23,0.001, 0.0227473, 0.0673803, 0.0765781, 0.079378, 0.101262, 0.156021, 0.16149, 0.277335, 0.819409, 1, 

24,20,0.001, 0.0317918, 0.0832026, 0.0765781, 0.079378, 0.101262, 0.156021, 0.148575, 0.16149, 0.216074, 1, 

26,12,0.001, 0.0227473, 0.0673803, 0.0765781, 0.079378, 0.101262, 0.156021, 0.16149, 0.6567, 0.819409, 0.742459, 1, 

Generation #21
25,19,0.001, 0.0227473, 0.0673803, 0.0765781, 0.079378, 0.101262, 0.156021, 0.477885, 0.473774, 0.742459, 1, 

24,20,0.001, 0.0317918, 0.0832026, 0.0765781, 0.079378, 0.101262, 0.156021, 0.148575, 0.16149, 0.216074, 1, 

26,12,0.001, 0.0227473, 0.0673803, 0.0765781, 0.079378, 0.101262, 0.156021, 0.16149, 0.6567, 0.819409, 0.742459, 1, 

22,21,0.001, 0.0317918, 0.0673803, 0.0765781, 0.079378, 0.101262, 0.156021, 0.16149, 1, 

Generation #22
25,19,0.001, 0.0227473, 0.0673803, 0.0765781, 0.079378, 0.101262, 0.156021, 0.477885, 0.473774, 0.742459, 1, 

26,12,0.001, 0.0227473, 0.0673803, 0.0765781, 0.079378, 0.101262, 0.156021, 0.16149, 0.6567, 0.819409, 0.742459, 1, 

22,21,0.001, 0.0317918, 0.0673803, 0.0765781, 0.079378, 0.101262, 0.156021, 0.16149, 1, 

23,20,0.001, 0.0227473, 0.0673803, 0.0765781, 0.079378, 0.101262, 0.156021, 0.16149, 0.173782, 0.277335, 0.819409, 1, 

Generation #23
25,19,0.001, 0.0227473, 0.0673803, 0.0765781, 0.079378, 0.101262, 0.156021, 0.477885, 0.473774, 0.742459, 1, 

26,12,0.001, 0.0227473, 0.0673803, 0.0765781, 0.079378, 0.101262, 0.156021, 0.16149, 0.6567, 0.819409, 0.742459, 1, 

22,21,0.001, 0.0317918, 0.0673803, 0.0765781, 0.079378, 0.101262, 0.156021, 0.16149, 1, 

23,20,0.001, 0.0227473, 0.0673803, 0.0765781, 0.079378, 0.101262, 0.156021, 0.16149, 0.173782, 0.277335, 0.819409, 1, 

21,37,0.001, 0.0832026, 0.079378, 0.079378, 0.101262, 0.234766, 0.247993, 0.275638, 1, 

Generation #24
25,19,0.001, 0.0227473, 0.0673803, 0.0765781, 0.079378, 0.101262, 0.156021, 0.477885, 0.473774, 0.742459, 1, 

26,12,0.001, 0.0227473, 0.0673803, 0.0765781, 0.079378, 0.101262, 0.156021, 0.16149, 0.6567, 0.819409, 0.742459, 1, 

22,21,0.001, 0.0317918, 0.0673803, 0.0765781, 0.079378, 0.101262, 0.156021, 0.16149, 1, 

23,20,0.001, 0.0227473, 0.0673803, 0.0765781, 0.079378, 0.101262, 0.156021, 0.16149, 0.173782, 0.277335, 0.819409, 1, 

21,37,0.001, 0.0832026, 0.079378, 0.079378, 0.101262, 0.234766, 0.247993, 0.275638, 1, 

Generation #25
25,19,0.001, 0.0227473, 0.0673803, 0.0765781, 0.079378, 0.101262, 0.156021, 0.477885, 0.473774, 0.742459, 1, 

26,12,0.001, 0.0227473, 0.0673803, 0.0765781, 0.079378, 0.101262, 0.156021, 0.16149, 0.6567, 0.819409, 0.742459, 1, 

22,21,0.001, 0.0317918, 0.0673803, 0.0765781, 0.079378, 0.101262, 0.156021, 0.16149, 1, 

23,20,0.001, 0.0227473, 0.0673803, 0.0765781, 0.079378, 0.101262, 0.156021, 0.16149, 0.173782, 0.277335, 0.819409, 1, 

21,37,0.001, 0.0832026, 0.079378, 0.079378, 0.101262, 0.234766, 0.247993, 0.275638, 1, 

Generation #26
25,19,0.001, 0.0227473, 0.0673803, 0.0765781, 0.079378, 0.101262, 0.156021, 0.477885, 0.473774, 0.742459, 1, 

26,12,0.001, 0.0227473, 0.0673803, 0.0765781, 0.079378, 0.101262, 0.156021, 0.16149, 0.6567, 0.819409, 0.742459, 1, 

22,21,0.001, 0.0317918, 0.0673803, 0.0765781, 0.079378, 0.101262, 0.156021, 0.16149, 1, 

23,20,0.001, 0.0227473, 0.0673803, 0.0765781, 0.079378, 0.101262, 0.156021, 0.16149, 0.173782, 0.277335, 0.819409, 1, 

21,37,0.001, 0.0832026, 0.079378, 0.079378, 0.101262, 0.234766, 0.247993, 0.275638, 1, 

Generation #27
25,19,0.001, 0.0227473, 0.0673803, 0.0765781, 0.079378, 0.101262, 0.156021, 0.477885, 0.473774, 0.742459, 1, 

26,12,0.001, 0.0227473, 0.0673803, 0.0765781, 0.079378, 0.101262, 0.156021, 0.16149, 0.6567, 0.819409, 0.742459, 1, 

22,21,0.001, 0.0317918, 0.0673803, 0.0765781, 0.079378, 0.101262, 0.156021, 0.16149, 1, 

23,20,0.001, 0.0227473, 0.0673803, 0.0765781, 0.079378, 0.101262, 0.156021, 0.16149, 0.173782, 0.277335, 0.819409, 1, 

21,37,0.001, 0.0832026, 0.079378, 0.079378, 0.101262, 0.234766, 0.247993, 0.275638, 1, 

Generation #28
25,19,0.001, 0.0227473, 0.0673803, 0.0765781, 0.079378, 0.101262, 0.156021, 0.477885, 0.473774, 0.742459, 1, 

26,12,0.001, 0.0227473, 0.0673803, 0.0765781, 0.079378, 0.101262, 0.156021, 0.16149, 0.6567, 0.819409, 0.742459, 1, 

22,21,0.001, 0.0317918, 0.0673803, 0.0765781, 0.079378, 0.101262, 0.156021, 0.16149, 1, 

23,20,0.001, 0.0227473, 0.0673803, 0.0765781, 0.079378, 0.101262, 0.156021, 0.16149, 0.173782, 0.277335, 0.819409, 1, 

21,37,0.001, 0.0832026, 0.079378, 0.079378, 0.101262, 0.234766, 0.247993, 0.275638, 1, 

Generation #29
25,19,0.001, 0.0227473, 0.0673803, 0.0765781, 0.079378, 0.101262, 0.156021, 0.477885, 0.473774, 0.742459, 1, 

26,12,0.001, 0.0227473, 0.0673803, 0.0765781, 0.079378, 0.101262, 0.156021, 0.16149, 0.6567, 0.819409, 0.742459, 1, 

22,21,0.001, 0.0317918, 0.0673803, 0.0765781, 0.079378, 0.101262, 0.156021, 0.16149, 1, 

23,20,0.001, 0.0227473, 0.0673803, 0.0765781, 0.079378, 0.101262, 0.156021, 0.16149, 0.173782, 0.277335, 0.819409, 1, 

21,37,0.001, 0.0832026, 0.079378, 0.079378, 0.101262, 0.234766, 0.247993, 0.275638, 1, 

Generation #30
26,12,0.001, 0.0227473, 0.0673803, 0.0765781, 0.079378, 0.101262, 0.156021, 0.16149, 0.6567, 0.819409, 0.742459, 1, 

22,21,0.001, 0.0317918, 0.0673803, 0.0765781, 0.079378, 0.101262, 0.156021, 0.16149, 1, 

23,20,0.001, 0.0227473, 0.0673803, 0.0765781, 0.079378, 0.101262, 0.156021, 0.16149, 0.173782, 0.277335, 0.819409, 1, 

21,37,0.001, 0.0832026, 0.079378, 0.079378, 0.101262, 0.234766, 0.247993, 0.275638, 1, 

25,16,0.001, 0.0317918, 0.0832026, 0.0765781, 0.079378, 0.079378, 0.101262, 0.156021, 0.16149, 0.473774, 0.742459, 1, 

Generation #31
26,12,0.001, 0.0227473, 0.0673803, 0.0765781, 0.079378, 0.101262, 0.156021, 0.16149, 0.6567, 0.819409, 0.742459, 1, 

22,21,0.001, 0.0317918, 0.0673803, 0.0765781, 0.079378, 0.101262, 0.156021, 0.16149, 1, 

23,20,0.001, 0.0227473, 0.0673803, 0.0765781, 0.079378, 0.101262, 0.156021, 0.16149, 0.173782, 0.277335, 0.819409, 1, 

21,37,0.001, 0.0832026, 0.079378, 0.079378, 0.101262, 0.234766, 0.247993, 0.275638, 1, 

25,16,0.001, 0.0317918, 0.0832026, 0.0765781, 0.079378, 0.079378, 0.101262, 0.156021, 0.16149, 0.473774, 0.742459, 1, 

24,17,0.001, 0.0227473, 0.0673803, 0.0765781, 0.079378, 0.101262, 0.156021, 0.228236, 0.819409, 1, 

Generation #32
26,12,0.001, 0.0227473, 0.0673803, 0.0765781, 0.079378, 0.101262, 0.156021, 0.16149, 0.6567, 0.819409, 0.742459, 1, 

22,21,0.001, 0.0317918, 0.0673803, 0.0765781, 0.079378, 0.101262, 0.156021, 0.16149, 1, 

23,20,0.001, 0.0227473, 0.0673803, 0.0765781, 0.079378, 0.101262, 0.156021, 0.16149, 0.173782, 0.277335, 0.819409, 1, 

21,37,0.001, 0.0832026, 0.079378, 0.079378, 0.101262, 0.234766, 0.247993, 0.275638, 1, 

25,16,0.001, 0.0317918, 0.0832026, 0.0765781, 0.079378, 0.079378, 0.101262, 0.156021, 0.16149, 0.473774, 0.742459, 1, 

24,17,0.001, 0.0227473, 0.0673803, 0.0765781, 0.079378, 0.101262, 0.156021, 0.228236, 0.819409, 1, 

Generation #33
26,12,0.001, 0.0227473, 0.0673803, 0.0765781, 0.079378, 0.101262, 0.156021, 0.16149, 0.6567, 0.819409, 0.742459, 1, 

22,21,0.001, 0.0317918, 0.0673803, 0.0765781, 0.079378, 0.101262, 0.156021, 0.16149, 1, 

23,20,0.001, 0.0227473, 0.0673803, 0.0765781, 0.079378, 0.101262, 0.156021, 0.16149, 0.173782, 0.277335, 0.819409, 1, 

21,37,0.001, 0.0832026, 0.079378, 0.079378, 0.101262, 0.234766, 0.247993, 0.275638, 1, 

25,16,0.001, 0.0317918, 0.0832026, 0.0765781, 0.079378, 0.079378, 0.101262, 0.156021, 0.16149, 0.473774, 0.742459, 1, 

24,17,0.001, 0.0227473, 0.0673803, 0.0765781, 0.079378, 0.101262, 0.156021, 0.228236, 0.819409, 1, 

Generation #34
26,12,0.001, 0.0227473, 0.0673803, 0.0765781, 0.079378, 0.101262, 0.156021, 0.16149, 0.6567, 0.819409, 0.742459, 1, 

22,21,0.001, 0.0317918, 0.0673803, 0.0765781, 0.079378, 0.101262, 0.156021, 0.16149, 1, 

23,20,0.001, 0.0227473, 0.0673803, 0.0765781, 0.079378, 0.101262, 0.156021, 0.16149, 0.173782, 0.277335, 0.819409, 1, 

21,37,0.001, 0.0832026, 0.079378, 0.079378, 0.101262, 0.234766, 0.247993, 0.275638, 1, 

25,16,0.001, 0.0317918, 0.0832026, 0.0765781, 0.079378, 0.079378, 0.101262, 0.156021, 0.16149, 0.473774, 0.742459, 1, 

24,17,0.001, 0.0227473, 0.0673803, 0.0765781, 0.079378, 0.101262, 0.156021, 0.228236, 0.819409, 1, 

Generation #35
26,12,0.001, 0.0227473, 0.0673803, 0.0765781, 0.079378, 0.101262, 0.156021, 0.16149, 0.6567, 0.819409, 0.742459, 1, 

22,21,0.001, 0.0317918, 0.0673803, 0.0765781, 0.079378, 0.101262, 0.156021, 0.16149, 1, 

23,20,0.001, 0.0227473, 0.0673803, 0.0765781, 0.079378, 0.101262, 0.156021, 0.16149, 0.173782, 0.277335, 0.819409, 1, 

21,37,0.001, 0.0832026, 0.079378, 0.079378, 0.101262, 0.234766, 0.247993, 0.275638, 1, 

24,17,0.001, 0.0227473, 0.0673803, 0.0765781, 0.079378, 0.101262, 0.156021, 0.228236, 0.819409, 1, 

25,14,0.001, 0.0227473, 0.0673803, 0.0765781, 0.079378, 0.101262, 0.16149, 0.197984, 0.216074, 1, 

Generation #36
26,12,0.001, 0.0227473, 0.0673803, 0.0765781, 0.079378, 0.101262, 0.156021, 0.16149, 0.6567, 0.819409, 0.742459, 1, 

22,21,0.001, 0.0317918, 0.0673803, 0.0765781, 0.079378, 0.101262, 0.156021, 0.16149, 1, 

23,20,0.001, 0.0227473, 0.0673803, 0.0765781, 0.079378, 0.101262, 0.156021, 0.16149, 0.173782, 0.277335, 0.819409, 1, 

21,37,0.001, 0.0832026, 0.079378, 0.079378, 0.101262, 0.234766, 0.247993, 0.275638, 1, 

25,14,0.001, 0.0227473, 0.0673803, 0.0765781, 0.079378, 0.101262, 0.16149, 0.197984, 0.216074, 1, 

24,16,0.001, 0.0317918, 0.0832026, 0.079378, 0.079378, 0.079378, 0.101262, 0.156021, 0.16149, 0.473774, 0.742459, 1, 

Generation #37
26,12,0.001, 0.0227473, 0.0673803, 0.0765781, 0.079378, 0.101262, 0.156021, 0.16149, 0.6567, 0.819409, 0.742459, 1, 

22,21,0.001, 0.0317918, 0.0673803, 0.0765781, 0.079378, 0.101262, 0.156021, 0.16149, 1, 

21,37,0.001, 0.0832026, 0.079378, 0.079378, 0.101262, 0.234766, 0.247993, 0.275638, 1, 

25,14,0.001, 0.0227473, 0.0673803, 0.0765781, 0.079378, 0.101262, 0.16149, 0.197984, 0.216074, 1, 

24,16,0.001, 0.0317918, 0.0832026, 0.079378, 0.079378, 0.079378, 0.101262, 0.156021, 0.16149, 0.473774, 0.742459, 1, 

23,17,0.001, 0.0227473, 0.0673803, 0.079378, 0.079378, 0.101262, 0.234766, 0.295138, 0.16149, 0.742459, 1, 

Generation #38
26,12,0.001, 0.0227473, 0.0673803, 0.0765781, 0.079378, 0.101262, 0.156021, 0.16149, 0.6567, 0.819409, 0.742459, 1, 

22,21,0.001, 0.0317918, 0.0673803, 0.0765781, 0.079378, 0.101262, 0.156021, 0.16149, 1, 

21,37,0.001, 0.0832026, 0.079378, 0.079378, 0.101262, 0.234766, 0.247993, 0.275638, 1, 

25,14,0.001, 0.0227473, 0.0673803, 0.0765781, 0.079378, 0.101262, 0.16149, 0.197984, 0.216074, 1, 

24,16,0.001, 0.0317918, 0.0832026, 0.079378, 0.079378, 0.079378, 0.101262, 0.156021, 0.16149, 0.473774, 0.742459, 1, 

23,17,0.001, 0.0227473, 0.0673803, 0.079378, 0.079378, 0.101262, 0.234766, 0.295138, 0.16149, 0.742459, 1, 

Generation #39
26,12,0.001, 0.0227473, 0.0673803, 0.0765781, 0.079378, 0.101262, 0.156021, 0.16149, 0.6567, 0.819409, 0.742459, 1, 

22,21,0.001, 0.0317918, 0.0673803, 0.0765781, 0.079378, 0.101262, 0.156021, 0.16149, 1, 

21,37,0.001, 0.0832026, 0.079378, 0.079378, 0.101262, 0.234766, 0.247993, 0.275638, 1, 

25,14,0.001, 0.0227473, 0.0673803, 0.0765781, 0.079378, 0.101262, 0.16149, 0.197984, 0.216074, 1, 

24,16,0.001, 0.0317918, 0.0832026, 0.079378, 0.079378, 0.079378, 0.101262, 0.156021, 0.16149, 0.473774, 0.742459, 1, 

23,17,0.001, 0.0227473, 0.0673803, 0.079378, 0.079378, 0.101262, 0.234766, 0.295138, 0.16149, 0.742459, 1, 

Generation #40
26,12,0.001, 0.0227473, 0.0673803, 0.0765781, 0.079378, 0.101262, 0.156021, 0.16149, 0.6567, 0.819409, 0.742459, 1, 

22,21,0.001, 0.0317918, 0.0673803, 0.0765781, 0.079378, 0.101262, 0.156021, 0.16149, 1, 

21,37,0.001, 0.0832026, 0.079378, 0.079378, 0.101262, 0.234766, 0.247993, 0.275638, 1, 

25,14,0.001, 0.0227473, 0.0673803, 0.0765781, 0.079378, 0.101262, 0.16149, 0.197984, 0.216074, 1, 

24,16,0.001, 0.0317918, 0.0832026, 0.079378, 0.079378, 0.079378, 0.101262, 0.156021, 0.16149, 0.473774, 0.742459, 1, 

23,17,0.001, 0.0227473, 0.0673803, 0.079378, 0.079378, 0.101262, 0.234766, 0.295138, 0.16149, 0.742459, 1, 

Generation #41
26,12,0.001, 0.0227473, 0.0673803, 0.0765781, 0.079378, 0.101262, 0.156021, 0.16149, 0.6567, 0.819409, 0.742459, 1, 

22,21,0.001, 0.0317918, 0.0673803, 0.0765781, 0.079378, 0.101262, 0.156021, 0.16149, 1, 

21,37,0.001, 0.0832026, 0.079378, 0.079378, 0.101262, 0.234766, 0.247993, 0.275638, 1, 

25,14,0.001, 0.0227473, 0.0673803, 0.0765781, 0.079378, 0.101262, 0.16149, 0.197984, 0.216074, 1, 

23,17,0.001, 0.0227473, 0.0673803, 0.079378, 0.079378, 0.101262, 0.234766, 0.295138, 0.16149, 0.742459, 1, 

24,15,0.001, 0.0317918, 0.0832026, 0.0765781, 0.0659601, 0.079378, 0.101262, 0.156021, 0.275638, 1, 

Generation #42
26,12,0.001, 0.0227473, 0.0673803, 0.0765781, 0.079378, 0.101262, 0.156021, 0.16149, 0.6567, 0.819409, 0.742459, 1, 

22,21,0.001, 0.0317918, 0.0673803, 0.0765781, 0.079378, 0.101262, 0.156021, 0.16149, 1, 

21,37,0.001, 0.0832026, 0.079378, 0.079378, 0.101262, 0.234766, 0.247993, 0.275638, 1, 

25,14,0.001, 0.0227473, 0.0673803, 0.0765781, 0.079378, 0.101262, 0.16149, 0.197984, 0.216074, 1, 

23,17,0.001, 0.0227473, 0.0673803, 0.079378, 0.079378, 0.101262, 0.234766, 0.295138, 0.16149, 0.742459, 1, 

24,15,0.001, 0.0317918, 0.0832026, 0.0765781, 0.0659601, 0.079378, 0.101262, 0.156021, 0.275638, 1, 

Generation #43
26,12,0.001, 0.0227473, 0.0673803, 0.0765781, 0.079378, 0.101262, 0.156021, 0.16149, 0.6567, 0.819409, 0.742459, 1, 

22,21,0.001, 0.0317918, 0.0673803, 0.0765781, 0.079378, 0.101262, 0.156021, 0.16149, 1, 

25,14,0.001, 0.0227473, 0.0673803, 0.0765781, 0.079378, 0.101262, 0.16149, 0.197984, 0.216074, 1, 

23,17,0.001, 0.0227473, 0.0673803, 0.079378, 0.079378, 0.101262, 0.234766, 0.295138, 0.16149, 0.742459, 1, 

24,15,0.001, 0.0317918, 0.0832026, 0.0765781, 0.0659601, 0.079378, 0.101262, 0.156021, 0.275638, 1, 

20,37,0.001, 0.0227473, 0.0673803, 0.110056, 0.189747, 0.272614, 0.32158, 0.477885, 1, 

Generation #44
26,12,0.001, 0.0227473, 0.0673803, 0.0765781, 0.079378, 0.101262, 0.156021, 0.16149, 0.6567, 0.819409, 0.742459, 1, 

22,21,0.001, 0.0317918, 0.0673803, 0.0765781, 0.079378, 0.101262, 0.156021, 0.16149, 1, 

25,14,0.001, 0.0227473, 0.0673803, 0.0765781, 0.079378, 0.101262, 0.16149, 0.197984, 0.216074, 1, 

23,17,0.001, 0.0227473, 0.0673803, 0.079378, 0.079378, 0.101262, 0.234766, 0.295138, 0.16149, 0.742459, 1, 

24,15,0.001, 0.0317918, 0.0832026, 0.0765781, 0.0659601, 0.079378, 0.101262, 0.156021, 0.275638, 1, 

20,37,0.001, 0.0227473, 0.0673803, 0.110056, 0.189747, 0.272614, 0.32158, 0.477885, 1, 

Generation #45
26,12,0.001, 0.0227473, 0.0673803, 0.0765781, 0.079378, 0.101262, 0.156021, 0.16149, 0.6567, 0.819409, 0.742459, 1, 

22,21,0.001, 0.0317918, 0.0673803, 0.0765781, 0.079378, 0.101262, 0.156021, 0.16149, 1, 

25,14,0.001, 0.0227473, 0.0673803, 0.0765781, 0.079378, 0.101262, 0.16149, 0.197984, 0.216074, 1, 

23,17,0.001, 0.0227473, 0.0673803, 0.079378, 0.079378, 0.101262, 0.234766, 0.295138, 0.16149, 0.742459, 1, 

24,15,0.001, 0.0317918, 0.0832026, 0.0765781, 0.0659601, 0.079378, 0.101262, 0.156021, 0.275638, 1, 

20,37,0.001, 0.0227473, 0.0673803, 0.110056, 0.189747, 0.272614, 0.32158, 0.477885, 1, 

Generation #46
26,12,0.001, 0.0227473, 0.0673803, 0.0765781, 0.079378, 0.101262, 0.156021, 0.16149, 0.6567, 0.819409, 0.742459, 1, 

22,21,0.001, 0.0317918, 0.0673803, 0.0765781, 0.079378, 0.101262, 0.156021, 0.16149, 1, 

25,14,0.001, 0.0227473, 0.0673803, 0.0765781, 0.079378, 0.101262, 0.16149, 0.197984, 0.216074, 1, 

23,17,0.001, 0.0227473, 0.0673803, 0.079378, 0.079378, 0.101262, 0.234766, 0.295138, 0.16149, 0.742459, 1, 

24,15,0.001, 0.0317918, 0.0832026, 0.0765781, 0.0659601, 0.079378, 0.101262, 0.156021, 0.275638, 1, 

20,37,0.001, 0.0227473, 0.0673803, 0.110056, 0.189747, 0.272614, 0.32158, 0.477885, 1, 

Generation #47
26,12,0.001, 0.0227473, 0.0673803, 0.0765781, 0.079378, 0.101262, 0.156021, 0.16149, 0.6567, 0.819409, 0.742459, 1, 

22,21,0.001, 0.0317918, 0.0673803, 0.0765781, 0.079378, 0.101262, 0.156021, 0.16149, 1, 

25,14,0.001, 0.0227473, 0.0673803, 0.0765781, 0.079378, 0.101262, 0.16149, 0.197984, 0.216074, 1, 

23,17,0.001, 0.0227473, 0.0673803, 0.079378, 0.079378, 0.101262, 0.234766, 0.295138, 0.16149, 0.742459, 1, 

24,15,0.001, 0.0317918, 0.0832026, 0.0765781, 0.0659601, 0.079378, 0.101262, 0.156021, 0.275638, 1, 

20,37,0.001, 0.0227473, 0.0673803, 0.110056, 0.189747, 0.272614, 0.32158, 0.477885, 1, 

Generation #48
26,12,0.001, 0.0227473, 0.0673803, 0.0765781, 0.079378, 0.101262, 0.156021, 0.16149, 0.6567, 0.819409, 0.742459, 1, 

22,21,0.001, 0.0317918, 0.0673803, 0.0765781, 0.079378, 0.101262, 0.156021, 0.16149, 1, 

25,14,0.001, 0.0227473, 0.0673803, 0.0765781, 0.079378, 0.101262, 0.16149, 0.197984, 0.216074, 1, 

23,17,0.001, 0.0227473, 0.0673803, 0.079378, 0.079378, 0.101262, 0.234766, 0.295138, 0.16149, 0.742459, 1, 

24,15,0.001, 0.0317918, 0.0832026, 0.0765781, 0.0659601, 0.079378, 0.101262, 0.156021, 0.275638, 1, 

20,37,0.001, 0.0227473, 0.0673803, 0.110056, 0.189747, 0.272614, 0.32158, 0.477885, 1, 

Generation #49
26,12,0.001, 0.0227473, 0.0673803, 0.0765781, 0.079378, 0.101262, 0.156021, 0.16149, 0.6567, 0.819409, 0.742459, 1, 

22,21,0.001, 0.0317918, 0.0673803, 0.0765781, 0.079378, 0.101262, 0.156021, 0.16149, 1, 

25,14,0.001, 0.0227473, 0.0673803, 0.0765781, 0.079378, 0.101262, 0.16149, 0.197984, 0.216074, 1, 

23,17,0.001, 0.0227473, 0.0673803, 0.079378, 0.079378, 0.101262, 0.234766, 0.295138, 0.16149, 0.742459, 1, 

24,15,0.001, 0.0317918, 0.0832026, 0.0765781, 0.0659601, 0.079378, 0.101262, 0.156021, 0.275638, 1, 

20,37,0.001, 0.0227473, 0.0673803, 0.110056, 0.189747, 0.272614, 0.32158, 0.477885, 1, 

--- Pareto Front Solutions ---
Solution 0: N total=74 (N_initial=48, N_added=26), Time total=23 ms, Saved to: ./results/Bugzilla_t2_l3_pareto_0.csv, percents=0.001, 0.0227473, 0.0673803, 0.0765781, 0.079378, 0.101262, 0.156021, 0.16149, 0.6567, 0.819409, 0.742459, 1, 

Solution 1: N total=70 (N_initial=48, N_added=22), Time total=32 ms, Saved to: ./results/Bugzilla_t2_l3_pareto_1.csv, percents=0.001, 0.0317918, 0.0673803, 0.0765781, 0.079378, 0.101262, 0.156021, 0.16149, 1, 

Solution 2: N total=73 (N_initial=48, N_added=25), Time total=25 ms, Saved to: ./results/Bugzilla_t2_l3_pareto_2.csv, percents=0.001, 0.0227473, 0.0673803, 0.0765781, 0.079378, 0.101262, 0.16149, 0.197984, 0.216074, 1, 

Solution 3: N total=71 (N_initial=48, N_added=23), Time total=28 ms, Saved to: ./results/Bugzilla_t2_l3_pareto_3.csv, percents=0.001, 0.0227473, 0.0673803, 0.079378, 0.079378, 0.101262, 0.234766, 0.295138, 0.16149, 0.742459, 1, 

Solution 4: N total=72 (N_initial=48, N_added=24), Time total=26 ms, Saved to: ./results/Bugzilla_t2_l3_pareto_4.csv, percents=0.001, 0.0317918, 0.0832026, 0.0765781, 0.0659601, 0.079378, 0.101262, 0.156021, 0.275638, 1, 

Solution 5: N total=68 (N_initial=48, N_added=20), Time total=48 ms, Saved to: ./results/Bugzilla_t2_l3_pareto_5.csv, percents=0.001, 0.0227473, 0.0673803, 0.110056, 0.189747, 0.272614, 0.32158, 0.477885, 1, 

------------d=1, t=2, lambda=4, filename=./evaluation/Bugzilla/Bugzilla_2_4.csv------------
Computing partitioned counts of d-sets...
Ready to look at pairs based on partitioned counts...
First Stage N=64, Time=11
There are 33 remaining non-locating pairs
--- Running GA Algorithm (phase2) ---
Running GA with std::execution::par
Generation #0
35,8,0.001, 0.0752536, 0.0825918, 0.0897988, 0.149946, 0.191452, 0.283923, 0.319768, 0.35368, 0.424391, 0.455349, 0.562692, 0.679038, 0.696337, 0.697702, 0.714249, 0.716973, 0.740598, 0.912939, 0.915262, 0.989798, 1, 

32,15,0.001, 0.0235141, 0.0890955, 0.117675, 0.145993, 0.164901, 0.284984, 0.32169, 0.36324, 0.526998, 0.56216, 0.616426, 0.842857, 0.895542, 0.913902, 0.968491, 1, 

34,10,0.001, 0.0214058, 0.10476, 0.106674, 0.146907, 0.214798, 0.36913, 0.509026, 0.624851, 0.670363, 0.713154, 0.762332, 0.764175, 0.766692, 0.793319, 0.795573, 0.861665, 0.956893, 1, 

29,16,0.001, 0.0579444, 0.155601, 0.180783, 0.203781, 0.223409, 0.31794, 0.326722, 0.57104, 0.902631, 0.931038, 0.951195, 0.962535, 0.971882, 0.985154, 1, 

27,17,0.001, 0.105171, 0.184138, 0.223533, 0.228778, 0.269295, 0.335348, 0.338891, 0.353942, 0.384532, 0.421887, 0.574044, 0.752251, 0.926189, 0.959668, 1, 

Generation #1
35,8,0.001, 0.0752536, 0.0825918, 0.0897988, 0.149946, 0.191452, 0.283923, 0.319768, 0.35368, 0.424391, 0.455349, 0.562692, 0.679038, 0.696337, 0.697702, 0.714249, 0.716973, 0.740598, 0.912939, 0.915262, 0.989798, 1, 

23,9,0.001, 0.0235141, 0.0890955, 0.117675, 0.145993, 0.164901, 0.284984, 0.663186, 0.664685, 0.818206, 0.854729, 0.901011, 1, 

Generation #2
23,9,0.001, 0.0235141, 0.0890955, 0.117675, 0.145993, 0.164901, 0.284984, 0.663186, 0.664685, 0.818206, 0.854729, 0.901011, 1, 

26,6,0.001, 0.0458206, 0.0746067, 0.0755213, 0.0823063, 0.113078, 0.135677, 0.175494, 0.266696, 0.427384, 0.432691, 0.735704, 0.759054, 0.764451, 0.863465, 1, 

Generation #3
23,9,0.001, 0.0235141, 0.0890955, 0.117675, 0.145993, 0.164901, 0.284984, 0.663186, 0.664685, 0.818206, 0.854729, 0.901011, 1, 

26,6,0.001, 0.0458206, 0.0746067, 0.0755213, 0.0823063, 0.113078, 0.135677, 0.175494, 0.266696, 0.427384, 0.432691, 0.735704, 0.759054, 0.764451, 0.863465, 1, 

Generation #4
23,9,0.001, 0.0235141, 0.0890955, 0.117675, 0.145993, 0.164901, 0.284984, 0.663186, 0.664685, 0.818206, 0.854729, 0.901011, 1, 

26,6,0.001, 0.0458206, 0.0746067, 0.0755213, 0.0823063, 0.113078, 0.135677, 0.175494, 0.266696, 0.427384, 0.432691, 0.735704, 0.759054, 0.764451, 0.863465, 1, 

Generation #5
23,9,0.001, 0.0235141, 0.0890955, 0.117675, 0.145993, 0.164901, 0.284984, 0.663186, 0.664685, 0.818206, 0.854729, 0.901011, 1, 

26,6,0.001, 0.0458206, 0.0746067, 0.0755213, 0.0823063, 0.113078, 0.135677, 0.175494, 0.266696, 0.427384, 0.432691, 0.735704, 0.759054, 0.764451, 0.863465, 1, 

Generation #6
23,9,0.001, 0.0235141, 0.0890955, 0.117675, 0.145993, 0.164901, 0.284984, 0.663186, 0.664685, 0.818206, 0.854729, 0.901011, 1, 

26,6,0.001, 0.0458206, 0.0746067, 0.0755213, 0.0823063, 0.113078, 0.135677, 0.175494, 0.266696, 0.427384, 0.432691, 0.735704, 0.759054, 0.764451, 0.863465, 1, 

Generation #7
22,4,0.001, 0.056299, 0.0655574, 0.0700228, 0.0829558, 0.0870623, 0.123016, 0.160141, 0.284875, 0.8558, 0.860537, 0.876533, 1, 

24,3,0.001, 0.0458206, 0.0655574, 0.0700228, 0.0829558, 0.0870623, 0.123016, 0.160141, 0.18559, 0.20548, 0.214022, 0.226781, 0.227445, 1, 

Generation #8
22,4,0.001, 0.056299, 0.0655574, 0.0700228, 0.0829558, 0.0870623, 0.123016, 0.160141, 0.284875, 0.8558, 0.860537, 0.876533, 1, 

24,3,0.001, 0.0458206, 0.0655574, 0.0700228, 0.0829558, 0.0870623, 0.123016, 0.160141, 0.18559, 0.20548, 0.214022, 0.226781, 0.227445, 1, 

21,14,0.001, 0.036323, 0.0415159, 0.0656224, 0.0261787, 0.0761929, 0.123769, 0.153594, 0.226197, 0.810136, 1, 

Generation #9
22,4,0.001, 0.056299, 0.0655574, 0.0700228, 0.0829558, 0.0870623, 0.123016, 0.160141, 0.284875, 0.8558, 0.860537, 0.876533, 1, 

24,3,0.001, 0.0458206, 0.0655574, 0.0700228, 0.0829558, 0.0870623, 0.123016, 0.160141, 0.18559, 0.20548, 0.214022, 0.226781, 0.227445, 1, 

21,14,0.001, 0.036323, 0.0415159, 0.0656224, 0.0261787, 0.0761929, 0.123769, 0.153594, 0.226197, 0.810136, 1, 

Generation #10
22,4,0.001, 0.056299, 0.0655574, 0.0700228, 0.0829558, 0.0870623, 0.123016, 0.160141, 0.284875, 0.8558, 0.860537, 0.876533, 1, 

24,3,0.001, 0.0458206, 0.0655574, 0.0700228, 0.0829558, 0.0870623, 0.123016, 0.160141, 0.18559, 0.20548, 0.214022, 0.226781, 0.227445, 1, 

20,6,0.001, 0.0269496, 0.0272966, 0.110645, 0.120746, 0.0761929, 0.123769, 0.153594, 0.226197, 0.256073, 1, 

Generation #11
22,4,0.001, 0.056299, 0.0655574, 0.0700228, 0.0829558, 0.0870623, 0.123016, 0.160141, 0.284875, 0.8558, 0.860537, 0.876533, 1, 

24,3,0.001, 0.0458206, 0.0655574, 0.0700228, 0.0829558, 0.0870623, 0.123016, 0.160141, 0.18559, 0.20548, 0.214022, 0.226781, 0.227445, 1, 

20,6,0.001, 0.0269496, 0.0272966, 0.110645, 0.120746, 0.0761929, 0.123769, 0.153594, 0.226197, 0.256073, 1, 

Generation #12
22,4,0.001, 0.056299, 0.0655574, 0.0700228, 0.0829558, 0.0870623, 0.123016, 0.160141, 0.284875, 0.8558, 0.860537, 0.876533, 1, 

24,3,0.001, 0.0458206, 0.0655574, 0.0700228, 0.0829558, 0.0870623, 0.123016, 0.160141, 0.18559, 0.20548, 0.214022, 0.226781, 0.227445, 1, 

20,6,0.001, 0.0269496, 0.0272966, 0.110645, 0.120746, 0.0761929, 0.123769, 0.153594, 0.226197, 0.256073, 1, 

Generation #13
22,4,0.001, 0.056299, 0.0655574, 0.0700228, 0.0829558, 0.0870623, 0.123016, 0.160141, 0.284875, 0.8558, 0.860537, 0.876533, 1, 

24,3,0.001, 0.0458206, 0.0655574, 0.0700228, 0.0829558, 0.0870623, 0.123016, 0.160141, 0.18559, 0.20548, 0.214022, 0.226781, 0.227445, 1, 

20,6,0.001, 0.0269496, 0.0272966, 0.110645, 0.120746, 0.0761929, 0.123769, 0.153594, 0.226197, 0.256073, 1, 

Generation #14
22,4,0.001, 0.056299, 0.0655574, 0.0700228, 0.0829558, 0.0870623, 0.123016, 0.160141, 0.284875, 0.8558, 0.860537, 0.876533, 1, 

24,3,0.001, 0.0458206, 0.0655574, 0.0700228, 0.0829558, 0.0870623, 0.123016, 0.160141, 0.18559, 0.20548, 0.214022, 0.226781, 0.227445, 1, 

20,6,0.001, 0.0269496, 0.0272966, 0.110645, 0.120746, 0.0761929, 0.123769, 0.153594, 0.226197, 0.256073, 1, 

Generation #15
22,4,0.001, 0.056299, 0.0655574, 0.0700228, 0.0829558, 0.0870623, 0.123016, 0.160141, 0.284875, 0.8558, 0.860537, 0.876533, 1, 

24,3,0.001, 0.0458206, 0.0655574, 0.0700228, 0.0829558, 0.0870623, 0.123016, 0.160141, 0.18559, 0.20548, 0.214022, 0.226781, 0.227445, 1, 

20,6,0.001, 0.0269496, 0.0272966, 0.110645, 0.120746, 0.0761929, 0.123769, 0.153594, 0.226197, 0.256073, 1, 

Generation #16
22,4,0.001, 0.056299, 0.0655574, 0.0700228, 0.0829558, 0.0870623, 0.123016, 0.160141, 0.284875, 0.8558, 0.860537, 0.876533, 1, 

24,3,0.001, 0.0458206, 0.0655574, 0.0700228, 0.0829558, 0.0870623, 0.123016, 0.160141, 0.18559, 0.20548, 0.214022, 0.226781, 0.227445, 1, 

20,6,0.001, 0.0269496, 0.0272966, 0.110645, 0.120746, 0.0761929, 0.123769, 0.153594, 0.226197, 0.256073, 1, 

Generation #17
22,4,0.001, 0.056299, 0.0655574, 0.0700228, 0.0829558, 0.0870623, 0.123016, 0.160141, 0.284875, 0.8558, 0.860537, 0.876533, 1, 

24,3,0.001, 0.0458206, 0.0655574, 0.0700228, 0.0829558, 0.0870623, 0.123016, 0.160141, 0.18559, 0.20548, 0.214022, 0.226781, 0.227445, 1, 

20,6,0.001, 0.0269496, 0.0272966, 0.110645, 0.120746, 0.0761929, 0.123769, 0.153594, 0.226197, 0.256073, 1, 

Generation #18
22,4,0.001, 0.056299, 0.0655574, 0.0700228, 0.0829558, 0.0870623, 0.123016, 0.160141, 0.284875, 0.8558, 0.860537, 0.876533, 1, 

24,3,0.001, 0.0458206, 0.0655574, 0.0700228, 0.0829558, 0.0870623, 0.123016, 0.160141, 0.18559, 0.20548, 0.214022, 0.226781, 0.227445, 1, 

20,6,0.001, 0.0269496, 0.0272966, 0.110645, 0.120746, 0.0761929, 0.123769, 0.153594, 0.226197, 0.256073, 1, 

19,17,0.001, 0.036323, 0.0415159, 0.0261787, 0.0761929, 0.123769, 0.153594, 0.202112, 0.810136, 1, 

Generation #19
22,4,0.001, 0.056299, 0.0655574, 0.0700228, 0.0829558, 0.0870623, 0.123016, 0.160141, 0.284875, 0.8558, 0.860537, 0.876533, 1, 

24,3,0.001, 0.0458206, 0.0655574, 0.0700228, 0.0829558, 0.0870623, 0.123016, 0.160141, 0.18559, 0.20548, 0.214022, 0.226781, 0.227445, 1, 

20,6,0.001, 0.0269496, 0.0272966, 0.110645, 0.120746, 0.0761929, 0.123769, 0.153594, 0.226197, 0.256073, 1, 

19,17,0.001, 0.036323, 0.0415159, 0.0261787, 0.0761929, 0.123769, 0.153594, 0.202112, 0.810136, 1, 

Generation #20
19,17,0.001, 0.036323, 0.0415159, 0.0261787, 0.0761929, 0.123769, 0.153594, 0.202112, 0.810136, 1, 

20,1,0.001, 0.0458206, 0.0415159, 0.0656224, 0.0740631, 0.0760638, 0.0848854, 0.110832, 0.125074, 0.202112, 1, 

Generation #21
19,17,0.001, 0.036323, 0.0415159, 0.0261787, 0.0761929, 0.123769, 0.153594, 0.202112, 0.810136, 1, 

20,1,0.001, 0.0458206, 0.0415159, 0.0656224, 0.0740631, 0.0760638, 0.0848854, 0.110832, 0.125074, 0.202112, 1, 

Generation #22
19,17,0.001, 0.036323, 0.0415159, 0.0261787, 0.0761929, 0.123769, 0.153594, 0.202112, 0.810136, 1, 

20,1,0.001, 0.0458206, 0.0415159, 0.0656224, 0.0740631, 0.0760638, 0.0848854, 0.110832, 0.125074, 0.202112, 1, 

Generation #23
19,17,0.001, 0.036323, 0.0415159, 0.0261787, 0.0761929, 0.123769, 0.153594, 0.202112, 0.810136, 1, 

20,1,0.001, 0.0458206, 0.0415159, 0.0656224, 0.0740631, 0.0760638, 0.0848854, 0.110832, 0.125074, 0.202112, 1, 

Generation #24
19,17,0.001, 0.036323, 0.0415159, 0.0261787, 0.0761929, 0.123769, 0.153594, 0.202112, 0.810136, 1, 

20,1,0.001, 0.0458206, 0.0415159, 0.0656224, 0.0740631, 0.0760638, 0.0848854, 0.110832, 0.125074, 0.202112, 1, 

Generation #25
19,17,0.001, 0.036323, 0.0415159, 0.0261787, 0.0761929, 0.123769, 0.153594, 0.202112, 0.810136, 1, 

20,1,0.001, 0.0458206, 0.0415159, 0.0656224, 0.0740631, 0.0760638, 0.0848854, 0.110832, 0.125074, 0.202112, 1, 

Generation #26
19,17,0.001, 0.036323, 0.0415159, 0.0261787, 0.0761929, 0.123769, 0.153594, 0.202112, 0.810136, 1, 

20,1,0.001, 0.0458206, 0.0415159, 0.0656224, 0.0740631, 0.0760638, 0.0848854, 0.110832, 0.125074, 0.202112, 1, 

Generation #27
19,17,0.001, 0.036323, 0.0415159, 0.0261787, 0.0761929, 0.123769, 0.153594, 0.202112, 0.810136, 1, 

20,1,0.001, 0.0458206, 0.0415159, 0.0656224, 0.0740631, 0.0760638, 0.0848854, 0.110832, 0.125074, 0.202112, 1, 

Generation #28
19,17,0.001, 0.036323, 0.0415159, 0.0261787, 0.0761929, 0.123769, 0.153594, 0.202112, 0.810136, 1, 

20,1,0.001, 0.0458206, 0.0415159, 0.0656224, 0.0740631, 0.0760638, 0.0848854, 0.110832, 0.125074, 0.202112, 1, 

Generation #29
19,17,0.001, 0.036323, 0.0415159, 0.0261787, 0.0761929, 0.123769, 0.153594, 0.202112, 0.810136, 1, 

20,1,0.001, 0.0458206, 0.0415159, 0.0656224, 0.0740631, 0.0760638, 0.0848854, 0.110832, 0.125074, 0.202112, 1, 

Generation #30
19,17,0.001, 0.036323, 0.0415159, 0.0261787, 0.0761929, 0.123769, 0.153594, 0.202112, 0.810136, 1, 

20,1,0.001, 0.0458206, 0.0415159, 0.0656224, 0.0740631, 0.0760638, 0.0848854, 0.110832, 0.125074, 0.202112, 1, 

Generation #31
19,17,0.001, 0.036323, 0.0415159, 0.0261787, 0.0761929, 0.123769, 0.153594, 0.202112, 0.810136, 1, 

20,1,0.001, 0.0458206, 0.0415159, 0.0656224, 0.0740631, 0.0760638, 0.0848854, 0.110832, 0.125074, 0.202112, 1, 

Generation #32
19,17,0.001, 0.036323, 0.0415159, 0.0261787, 0.0761929, 0.123769, 0.153594, 0.202112, 0.810136, 1, 

20,1,0.001, 0.0458206, 0.0415159, 0.0656224, 0.0740631, 0.0760638, 0.0848854, 0.110832, 0.125074, 0.202112, 1, 

Generation #33
19,17,0.001, 0.036323, 0.0415159, 0.0261787, 0.0761929, 0.123769, 0.153594, 0.202112, 0.810136, 1, 

20,1,0.001, 0.0458206, 0.0415159, 0.0656224, 0.0740631, 0.0760638, 0.0848854, 0.110832, 0.125074, 0.202112, 1, 

Generation #34
19,17,0.001, 0.036323, 0.0415159, 0.0261787, 0.0761929, 0.123769, 0.153594, 0.202112, 0.810136, 1, 

20,1,0.001, 0.0458206, 0.0415159, 0.0656224, 0.0740631, 0.0760638, 0.0848854, 0.110832, 0.125074, 0.202112, 1, 

Generation #35
19,17,0.001, 0.036323, 0.0415159, 0.0261787, 0.0761929, 0.123769, 0.153594, 0.202112, 0.810136, 1, 

20,1,0.001, 0.0458206, 0.0415159, 0.0656224, 0.0740631, 0.0760638, 0.0848854, 0.110832, 0.125074, 0.202112, 1, 

Generation #36
19,17,0.001, 0.036323, 0.0415159, 0.0261787, 0.0761929, 0.123769, 0.153594, 0.202112, 0.810136, 1, 

20,1,0.001, 0.0458206, 0.0415159, 0.0656224, 0.0740631, 0.0760638, 0.0848854, 0.110832, 0.125074, 0.202112, 1, 

Generation #37
19,17,0.001, 0.036323, 0.0415159, 0.0261787, 0.0761929, 0.123769, 0.153594, 0.202112, 0.810136, 1, 

20,1,0.001, 0.0458206, 0.0415159, 0.0656224, 0.0740631, 0.0760638, 0.0848854, 0.110832, 0.125074, 0.202112, 1, 

Generation #38
19,17,0.001, 0.036323, 0.0415159, 0.0261787, 0.0761929, 0.123769, 0.153594, 0.202112, 0.810136, 1, 

20,1,0.001, 0.0458206, 0.0415159, 0.0656224, 0.0740631, 0.0760638, 0.0848854, 0.110832, 0.125074, 0.202112, 1, 

Generation #39
19,17,0.001, 0.036323, 0.0415159, 0.0261787, 0.0761929, 0.123769, 0.153594, 0.202112, 0.810136, 1, 

20,1,0.001, 0.0458206, 0.0415159, 0.0656224, 0.0740631, 0.0760638, 0.0848854, 0.110832, 0.125074, 0.202112, 1, 

Generation #40
19,17,0.001, 0.036323, 0.0415159, 0.0261787, 0.0761929, 0.123769, 0.153594, 0.202112, 0.810136, 1, 

20,1,0.001, 0.0458206, 0.0415159, 0.0656224, 0.0740631, 0.0760638, 0.0848854, 0.110832, 0.125074, 0.202112, 1, 

Generation #41
19,17,0.001, 0.036323, 0.0415159, 0.0261787, 0.0761929, 0.123769, 0.153594, 0.202112, 0.810136, 1, 

20,1,0.001, 0.0458206, 0.0415159, 0.0656224, 0.0740631, 0.0760638, 0.0848854, 0.110832, 0.125074, 0.202112, 1, 

Generation #42
19,17,0.001, 0.036323, 0.0415159, 0.0261787, 0.0761929, 0.123769, 0.153594, 0.202112, 0.810136, 1, 

20,1,0.001, 0.0458206, 0.0415159, 0.0656224, 0.0740631, 0.0760638, 0.0848854, 0.110832, 0.125074, 0.202112, 1, 

Generation #43
19,17,0.001, 0.036323, 0.0415159, 0.0261787, 0.0761929, 0.123769, 0.153594, 0.202112, 0.810136, 1, 

20,1,0.001, 0.0458206, 0.0415159, 0.0656224, 0.0740631, 0.0760638, 0.0848854, 0.110832, 0.125074, 0.202112, 1, 

Generation #44
19,17,0.001, 0.036323, 0.0415159, 0.0261787, 0.0761929, 0.123769, 0.153594, 0.202112, 0.810136, 1, 

20,1,0.001, 0.0458206, 0.0415159, 0.0656224, 0.0740631, 0.0760638, 0.0848854, 0.110832, 0.125074, 0.202112, 1, 

Generation #45
19,17,0.001, 0.036323, 0.0415159, 0.0261787, 0.0761929, 0.123769, 0.153594, 0.202112, 0.810136, 1, 

20,1,0.001, 0.0458206, 0.0415159, 0.0656224, 0.0740631, 0.0760638, 0.0848854, 0.110832, 0.125074, 0.202112, 1, 

Generation #46
19,17,0.001, 0.036323, 0.0415159, 0.0261787, 0.0761929, 0.123769, 0.153594, 0.202112, 0.810136, 1, 

20,1,0.001, 0.0458206, 0.0415159, 0.0656224, 0.0740631, 0.0760638, 0.0848854, 0.110832, 0.125074, 0.202112, 1, 

Generation #47
20,1,0.001, 0.0458206, 0.0415159, 0.0656224, 0.0740631, 0.0760638, 0.0848854, 0.110832, 0.125074, 0.202112, 1, 

18,9,0.001, 0.056299, 0.0415159, 0.0261787, 0.0761929, 0.0761929, 0.123769, 0.226197, 0.810136, 1, 

Generation #48
20,1,0.001, 0.0458206, 0.0415159, 0.0656224, 0.0740631, 0.0760638, 0.0848854, 0.110832, 0.125074, 0.202112, 1, 

18,9,0.001, 0.056299, 0.0415159, 0.0261787, 0.0761929, 0.0761929, 0.123769, 0.226197, 0.810136, 1, 

Generation #49
20,1,0.001, 0.0458206, 0.0415159, 0.0656224, 0.0740631, 0.0760638, 0.0848854, 0.110832, 0.125074, 0.202112, 1, 

18,9,0.001, 0.056299, 0.0415159, 0.0261787, 0.0761929, 0.0761929, 0.123769, 0.226197, 0.810136, 1, 

--- Pareto Front Solutions ---
Solution 0: N total=84 (N_initial=64, N_added=20), Time total=12 ms, Saved to: ./results/Bugzilla_t2_l4_pareto_0.csv, percents=0.001, 0.0458206, 0.0415159, 0.0656224, 0.0740631, 0.0760638, 0.0848854, 0.110832, 0.125074, 0.202112, 1, 

Solution 1: N total=82 (N_initial=64, N_added=18), Time total=20 ms, Saved to: ./results/Bugzilla_t2_l4_pareto_1.csv, percents=0.001, 0.056299, 0.0415159, 0.0261787, 0.0761929, 0.0761929, 0.123769, 0.226197, 0.810136, 1, 

