------------d=1, t=2, lambda=1, filename=./evaluation/Flex/Flex_2_1.csv------------
Grouping d-sets by partitioned row counts for detecting arrays...
Ready to look at pairs for detecting arrays...
First Stage N=26, Time=4
There are 5036 remaining non-locating pairs
--- Running GA Algorithm (phase2) ---
Running GA with std::execution::par
Generation #0
41,586,0.001, 0.0600788, 0.0635621, 0.186926, 0.393744, 0.428939, 0.462547, 0.528912, 0.586828, 0.59682, 0.710195, 0.749947, 0.797568, 0.797852, 0.857405, 1, 

37,1423,0.001, 0.14223, 0.153706, 0.489961, 0.49157, 0.49993, 0.518898, 0.58726, 0.607083, 0.793639, 0.806633, 1, 

44,409,0.001, 0.0141455, 0.0218816, 0.0456565, 0.126535, 0.171676, 0.223503, 0.360442, 0.365705, 0.45636, 0.479251, 0.508095, 0.573131, 0.69156, 0.698453, 0.828251, 0.841254, 0.951562, 1, 

39,1135,0.001, 0.114574, 0.207754, 0.488192, 0.608378, 0.656133, 0.80047, 0.927298, 0.950905, 0.999048, 1, 

52,407,0.001, 0.0110509, 0.0391854, 0.0928903, 0.129683, 0.148351, 0.15305, 0.161136, 0.234665, 0.262227, 0.262612, 0.288228, 0.29071, 0.387741, 0.387959, 0.439057, 0.598829, 0.623264, 0.646717, 0.734431, 0.75492, 0.778334, 0.828504, 0.918703, 0.937746, 1, 

Generation #1
40,245,0.001, 0.0219461, 0.0261442, 0.0262016, 0.0663368, 0.100799, 0.164494, 0.217953, 0.230267, 0.239707, 0.475426, 0.477239, 0.511489, 0.606937, 0.610299, 0.685118, 0.749872, 1, 

38,298,0.001, 0.016831, 0.0528152, 0.0980615, 0.106911, 0.119235, 0.150345, 0.17776, 0.797689, 0.831146, 0.990146, 1, 

35,659,0.001, 0.0930755, 0.117456, 0.246838, 0.266876, 0.268594, 0.459387, 0.461979, 0.939807, 1, 

Generation #2
40,245,0.001, 0.0219461, 0.0261442, 0.0262016, 0.0663368, 0.100799, 0.164494, 0.217953, 0.230267, 0.239707, 0.475426, 0.477239, 0.511489, 0.606937, 0.610299, 0.685118, 0.749872, 1, 

38,298,0.001, 0.016831, 0.0528152, 0.0980615, 0.106911, 0.119235, 0.150345, 0.17776, 0.797689, 0.831146, 0.990146, 1, 

35,659,0.001, 0.0930755, 0.117456, 0.246838, 0.266876, 0.268594, 0.459387, 0.461979, 0.939807, 1, 

36,440,0.001, 0.0259043, 0.130204, 0.17025, 0.232543, 0.423074, 0.425028, 0.44652, 0.475025, 1, 

37,324,0.001, 0.016774, 0.0547898, 0.193307, 0.314824, 0.330009, 0.392028, 0.397921, 0.422169, 0.783244, 0.803073, 0.930679, 1, 

Generation #3
40,245,0.001, 0.0219461, 0.0261442, 0.0262016, 0.0663368, 0.100799, 0.164494, 0.217953, 0.230267, 0.239707, 0.475426, 0.477239, 0.511489, 0.606937, 0.610299, 0.685118, 0.749872, 1, 

38,298,0.001, 0.016831, 0.0528152, 0.0980615, 0.106911, 0.119235, 0.150345, 0.17776, 0.797689, 0.831146, 0.990146, 1, 

35,659,0.001, 0.0930755, 0.117456, 0.246838, 0.266876, 0.268594, 0.459387, 0.461979, 0.939807, 1, 

36,440,0.001, 0.0259043, 0.130204, 0.17025, 0.232543, 0.423074, 0.425028, 0.44652, 0.475025, 1, 

37,324,0.001, 0.016774, 0.0547898, 0.193307, 0.314824, 0.330009, 0.392028, 0.397921, 0.422169, 0.783244, 0.803073, 0.930679, 1, 

Generation #4
41,195,0.001, 0.0141455, 0.0218816, 0.0456565, 0.10239, 0.111185, 0.134715, 0.147769, 0.376844, 0.419575, 0.58257, 0.681956, 0.730174, 0.966634, 1, 

34,252,0.001, 0.0141455, 0.0218816, 0.0456565, 0.215614, 0.315211, 0.339545, 0.375901, 0.932469, 0.993654, 1, 

37,229,0.001, 0.0234395, 0.0390873, 0.0460126, 0.10239, 0.111185, 0.134715, 0.142228, 0.147769, 0.164878, 0.182603, 0.749947, 0.943837, 0.951523, 1, 

Generation #5
41,195,0.001, 0.0141455, 0.0218816, 0.0456565, 0.10239, 0.111185, 0.134715, 0.147769, 0.376844, 0.419575, 0.58257, 0.681956, 0.730174, 0.966634, 1, 

34,252,0.001, 0.0141455, 0.0218816, 0.0456565, 0.215614, 0.315211, 0.339545, 0.375901, 0.932469, 0.993654, 1, 

37,229,0.001, 0.0234395, 0.0390873, 0.0460126, 0.10239, 0.111185, 0.134715, 0.142228, 0.147769, 0.164878, 0.182603, 0.749947, 0.943837, 0.951523, 1, 

Generation #6
41,195,0.001, 0.0141455, 0.0218816, 0.0456565, 0.10239, 0.111185, 0.134715, 0.147769, 0.376844, 0.419575, 0.58257, 0.681956, 0.730174, 0.966634, 1, 

34,252,0.001, 0.0141455, 0.0218816, 0.0456565, 0.215614, 0.315211, 0.339545, 0.375901, 0.932469, 0.993654, 1, 

37,229,0.001, 0.0234395, 0.0390873, 0.0460126, 0.10239, 0.111185, 0.134715, 0.142228, 0.147769, 0.164878, 0.182603, 0.749947, 0.943837, 0.951523, 1, 

32,296,0.001, 0.016774, 0.0547898, 0.103473, 0.112512, 0.207509, 0.233497, 0.939807, 1, 

40,196,0.001, 0.0141455, 0.0218816, 0.0460126, 0.10239, 0.111185, 0.134715, 0.142228, 0.147769, 0.164878, 0.182603, 0.749947, 0.943837, 0.597848, 0.951523, 1, 

36,233,0.001, 0.0141455, 0.0218816, 0.0456565, 0.10239, 0.111185, 0.134715, 0.147769, 0.376844, 0.783244, 1, 

Generation #7
34,252,0.001, 0.0141455, 0.0218816, 0.0456565, 0.215614, 0.315211, 0.339545, 0.375901, 0.932469, 0.993654, 1, 

37,229,0.001, 0.0234395, 0.0390873, 0.0460126, 0.10239, 0.111185, 0.134715, 0.142228, 0.147769, 0.164878, 0.182603, 0.749947, 0.943837, 0.951523, 1, 

32,296,0.001, 0.016774, 0.0547898, 0.103473, 0.112512, 0.207509, 0.233497, 0.939807, 1, 

36,233,0.001, 0.0141455, 0.0218816, 0.0456565, 0.10239, 0.111185, 0.134715, 0.147769, 0.376844, 0.783244, 1, 

39,176,0.001, 0.0141455, 0.0218816, 0.0456565, 0.10239, 0.111185, 0.164494, 0.217953, 0.230267, 0.164878, 0.182603, 0.749947, 0.943837, 0.951523, 1, 

38,212,0.001, 0.0141455, 0.0390873, 0.0460126, 0.10239, 0.111185, 0.134715, 0.142228, 0.147769, 0.164878, 0.182603, 0.749947, 0.261066, 0.797852, 0.857405, 1, 

Generation #8
32,296,0.001, 0.016774, 0.0547898, 0.103473, 0.112512, 0.207509, 0.233497, 0.939807, 1, 

39,176,0.001, 0.0141455, 0.0218816, 0.0456565, 0.10239, 0.111185, 0.164494, 0.217953, 0.230267, 0.164878, 0.182603, 0.749947, 0.943837, 0.951523, 1, 

33,212,0.001, 0.0141455, 0.0218816, 0.0460126, 0.10239, 0.111185, 0.134715, 0.142228, 0.147769, 0.164878, 0.990146, 1, 

Generation #9
32,296,0.001, 0.016774, 0.0547898, 0.103473, 0.112512, 0.207509, 0.233497, 0.939807, 1, 

39,176,0.001, 0.0141455, 0.0218816, 0.0456565, 0.10239, 0.111185, 0.164494, 0.217953, 0.230267, 0.164878, 0.182603, 0.749947, 0.943837, 0.951523, 1, 

33,212,0.001, 0.0141455, 0.0218816, 0.0460126, 0.10239, 0.111185, 0.134715, 0.142228, 0.147769, 0.164878, 0.990146, 1, 

Generation #10
32,296,0.001, 0.016774, 0.0547898, 0.103473, 0.112512, 0.207509, 0.233497, 0.939807, 1, 

39,176,0.001, 0.0141455, 0.0218816, 0.0456565, 0.10239, 0.111185, 0.164494, 0.217953, 0.230267, 0.164878, 0.182603, 0.749947, 0.943837, 0.951523, 1, 

33,212,0.001, 0.0141455, 0.0218816, 0.0460126, 0.10239, 0.111185, 0.134715, 0.142228, 0.147769, 0.164878, 0.990146, 1, 

Generation #11
32,296,0.001, 0.016774, 0.0547898, 0.103473, 0.112512, 0.207509, 0.233497, 0.939807, 1, 

39,176,0.001, 0.0141455, 0.0218816, 0.0456565, 0.10239, 0.111185, 0.164494, 0.217953, 0.230267, 0.164878, 0.182603, 0.749947, 0.943837, 0.951523, 1, 

33,212,0.001, 0.0141455, 0.0218816, 0.0460126, 0.10239, 0.111185, 0.134715, 0.142228, 0.147769, 0.164878, 0.990146, 1, 

37,203,0.001, 0.016831, 0.0501659, 0.0513067, 0.110065, 0.137015, 0.159559, 0.187127, 0.248876, 0.279032, 0.743331, 0.421249, 0.930679, 1, 

Generation #12
32,296,0.001, 0.016774, 0.0547898, 0.103473, 0.112512, 0.207509, 0.233497, 0.939807, 1, 

39,176,0.001, 0.0141455, 0.0218816, 0.0456565, 0.10239, 0.111185, 0.164494, 0.217953, 0.230267, 0.164878, 0.182603, 0.749947, 0.943837, 0.951523, 1, 

33,212,0.001, 0.0141455, 0.0218816, 0.0460126, 0.10239, 0.111185, 0.134715, 0.142228, 0.147769, 0.164878, 0.990146, 1, 

37,203,0.001, 0.016831, 0.0501659, 0.0513067, 0.110065, 0.137015, 0.159559, 0.187127, 0.248876, 0.279032, 0.743331, 0.421249, 0.930679, 1, 

Generation #13
32,296,0.001, 0.016774, 0.0547898, 0.103473, 0.112512, 0.207509, 0.233497, 0.939807, 1, 

39,176,0.001, 0.0141455, 0.0218816, 0.0456565, 0.10239, 0.111185, 0.164494, 0.217953, 0.230267, 0.164878, 0.182603, 0.749947, 0.943837, 0.951523, 1, 

33,212,0.001, 0.0141455, 0.0218816, 0.0460126, 0.10239, 0.111185, 0.134715, 0.142228, 0.147769, 0.164878, 0.990146, 1, 

36,194,0.001, 0.0141455, 0.0218816, 0.0456565, 0.10239, 0.111185, 0.134715, 0.147769, 0.307958, 0.419575, 1, 

Generation #14
39,176,0.001, 0.0141455, 0.0218816, 0.0456565, 0.10239, 0.111185, 0.164494, 0.217953, 0.230267, 0.164878, 0.182603, 0.749947, 0.943837, 0.951523, 1, 

33,212,0.001, 0.0141455, 0.0218816, 0.0460126, 0.10239, 0.111185, 0.134715, 0.142228, 0.147769, 0.164878, 0.990146, 1, 

36,194,0.001, 0.0141455, 0.0218816, 0.0456565, 0.10239, 0.111185, 0.134715, 0.147769, 0.307958, 0.419575, 1, 

31,226,0.001, 0.0141455, 0.0218816, 0.0460126, 0.10239, 0.137015, 0.159559, 0.187127, 0.939807, 1, 

38,189,0.001, 0.0141455, 0.0218816, 0.0513067, 0.110065, 0.137015, 0.159559, 0.187127, 0.248876, 0.279032, 0.743331, 0.421249, 0.930679, 1, 

Generation #15
31,226,0.001, 0.0141455, 0.0218816, 0.0460126, 0.10239, 0.137015, 0.159559, 0.187127, 0.939807, 1, 

33,200,0.001, 0.0141455, 0.0218816, 0.0456565, 0.10239, 0.134715, 0.147769, 0.376844, 0.419575, 1, 

36,172,0.001, 0.0141455, 0.0218816, 0.0456565, 0.10239, 0.111185, 0.159559, 0.142228, 0.230267, 0.164878, 0.182603, 0.749947, 0.943837, 0.951523, 1, 

Generation #16
31,226,0.001, 0.0141455, 0.0218816, 0.0460126, 0.10239, 0.137015, 0.159559, 0.187127, 0.939807, 1, 

33,200,0.001, 0.0141455, 0.0218816, 0.0456565, 0.10239, 0.134715, 0.147769, 0.376844, 0.419575, 1, 

36,172,0.001, 0.0141455, 0.0218816, 0.0456565, 0.10239, 0.111185, 0.159559, 0.142228, 0.230267, 0.164878, 0.182603, 0.749947, 0.943837, 0.951523, 1, 

Generation #17
31,226,0.001, 0.0141455, 0.0218816, 0.0460126, 0.10239, 0.137015, 0.159559, 0.187127, 0.939807, 1, 

33,200,0.001, 0.0141455, 0.0218816, 0.0456565, 0.10239, 0.134715, 0.147769, 0.376844, 0.419575, 1, 

36,172,0.001, 0.0141455, 0.0218816, 0.0456565, 0.10239, 0.111185, 0.159559, 0.142228, 0.230267, 0.164878, 0.182603, 0.749947, 0.943837, 0.951523, 1, 

Generation #18
31,226,0.001, 0.0141455, 0.0218816, 0.0460126, 0.10239, 0.137015, 0.159559, 0.187127, 0.939807, 1, 

33,200,0.001, 0.0141455, 0.0218816, 0.0456565, 0.10239, 0.134715, 0.147769, 0.376844, 0.419575, 1, 

36,172,0.001, 0.0141455, 0.0218816, 0.0456565, 0.10239, 0.111185, 0.159559, 0.142228, 0.230267, 0.164878, 0.182603, 0.749947, 0.943837, 0.951523, 1, 

Generation #19
31,226,0.001, 0.0141455, 0.0218816, 0.0460126, 0.10239, 0.137015, 0.159559, 0.187127, 0.939807, 1, 

33,200,0.001, 0.0141455, 0.0218816, 0.0456565, 0.10239, 0.134715, 0.147769, 0.376844, 0.419575, 1, 

36,172,0.001, 0.0141455, 0.0218816, 0.0456565, 0.10239, 0.111185, 0.159559, 0.142228, 0.230267, 0.164878, 0.182603, 0.749947, 0.943837, 0.951523, 1, 

Generation #20
31,226,0.001, 0.0141455, 0.0218816, 0.0460126, 0.10239, 0.137015, 0.159559, 0.187127, 0.939807, 1, 

36,172,0.001, 0.0141455, 0.0218816, 0.0456565, 0.10239, 0.111185, 0.159559, 0.142228, 0.230267, 0.164878, 0.182603, 0.749947, 0.943837, 0.951523, 1, 

32,184,0.001, 0.0141455, 0.0218816, 0.0456565, 0.10239, 0.111185, 0.164494, 0.217953, 0.147769, 0.783244, 1, 

Generation #21
31,226,0.001, 0.0141455, 0.0218816, 0.0460126, 0.10239, 0.137015, 0.159559, 0.187127, 0.939807, 1, 

36,172,0.001, 0.0141455, 0.0218816, 0.0456565, 0.10239, 0.111185, 0.159559, 0.142228, 0.230267, 0.164878, 0.182603, 0.749947, 0.943837, 0.951523, 1, 

32,184,0.001, 0.0141455, 0.0218816, 0.0456565, 0.10239, 0.111185, 0.164494, 0.217953, 0.147769, 0.783244, 1, 

Generation #22
31,226,0.001, 0.0141455, 0.0218816, 0.0460126, 0.10239, 0.137015, 0.159559, 0.187127, 0.939807, 1, 

36,172,0.001, 0.0141455, 0.0218816, 0.0456565, 0.10239, 0.111185, 0.159559, 0.142228, 0.230267, 0.164878, 0.182603, 0.749947, 0.943837, 0.951523, 1, 

32,184,0.001, 0.0141455, 0.0218816, 0.0456565, 0.10239, 0.111185, 0.164494, 0.217953, 0.147769, 0.783244, 1, 

Generation #23
31,226,0.001, 0.0141455, 0.0218816, 0.0460126, 0.10239, 0.137015, 0.159559, 0.187127, 0.939807, 1, 

36,172,0.001, 0.0141455, 0.0218816, 0.0456565, 0.10239, 0.111185, 0.159559, 0.142228, 0.230267, 0.164878, 0.182603, 0.749947, 0.943837, 0.951523, 1, 

32,184,0.001, 0.0141455, 0.0218816, 0.0456565, 0.10239, 0.111185, 0.164494, 0.217953, 0.147769, 0.783244, 1, 

Generation #24
31,226,0.001, 0.0141455, 0.0218816, 0.0460126, 0.10239, 0.137015, 0.159559, 0.187127, 0.939807, 1, 

36,172,0.001, 0.0141455, 0.0218816, 0.0456565, 0.10239, 0.111185, 0.159559, 0.142228, 0.230267, 0.164878, 0.182603, 0.749947, 0.943837, 0.951523, 1, 

32,184,0.001, 0.0141455, 0.0218816, 0.0456565, 0.10239, 0.111185, 0.164494, 0.217953, 0.147769, 0.783244, 1, 

Generation #25
31,226,0.001, 0.0141455, 0.0218816, 0.0460126, 0.10239, 0.137015, 0.159559, 0.187127, 0.939807, 1, 

36,172,0.001, 0.0141455, 0.0218816, 0.0456565, 0.10239, 0.111185, 0.159559, 0.142228, 0.230267, 0.164878, 0.182603, 0.749947, 0.943837, 0.951523, 1, 

32,184,0.001, 0.0141455, 0.0218816, 0.0456565, 0.10239, 0.111185, 0.164494, 0.217953, 0.147769, 0.783244, 1, 

Generation #26
31,226,0.001, 0.0141455, 0.0218816, 0.0460126, 0.10239, 0.137015, 0.159559, 0.187127, 0.939807, 1, 

36,172,0.001, 0.0141455, 0.0218816, 0.0456565, 0.10239, 0.111185, 0.159559, 0.142228, 0.230267, 0.164878, 0.182603, 0.749947, 0.943837, 0.951523, 1, 

32,184,0.001, 0.0141455, 0.0218816, 0.0456565, 0.10239, 0.111185, 0.164494, 0.217953, 0.147769, 0.783244, 1, 

Generation #27
31,226,0.001, 0.0141455, 0.0218816, 0.0460126, 0.10239, 0.137015, 0.159559, 0.187127, 0.939807, 1, 

36,172,0.001, 0.0141455, 0.0218816, 0.0456565, 0.10239, 0.111185, 0.159559, 0.142228, 0.230267, 0.164878, 0.182603, 0.749947, 0.943837, 0.951523, 1, 

32,184,0.001, 0.0141455, 0.0218816, 0.0456565, 0.10239, 0.111185, 0.164494, 0.217953, 0.147769, 0.783244, 1, 

Generation #28
36,172,0.001, 0.0141455, 0.0218816, 0.0456565, 0.10239, 0.111185, 0.159559, 0.142228, 0.230267, 0.164878, 0.182603, 0.749947, 0.943837, 0.951523, 1, 

32,184,0.001, 0.0141455, 0.0218816, 0.0456565, 0.10239, 0.111185, 0.164494, 0.217953, 0.147769, 0.783244, 1, 

31,224,0.001, 0.0141455, 0.0218816, 0.0456565, 0.10239, 0.111185, 0.164494, 0.217953, 1, 

Generation #29
36,172,0.001, 0.0141455, 0.0218816, 0.0456565, 0.10239, 0.111185, 0.159559, 0.142228, 0.230267, 0.164878, 0.182603, 0.749947, 0.943837, 0.951523, 1, 

32,184,0.001, 0.0141455, 0.0218816, 0.0456565, 0.10239, 0.111185, 0.164494, 0.217953, 0.147769, 0.783244, 1, 

31,224,0.001, 0.0141455, 0.0218816, 0.0456565, 0.10239, 0.111185, 0.164494, 0.217953, 1, 

Generation #30
36,172,0.001, 0.0141455, 0.0218816, 0.0456565, 0.10239, 0.111185, 0.159559, 0.142228, 0.230267, 0.164878, 0.182603, 0.749947, 0.943837, 0.951523, 1, 

32,184,0.001, 0.0141455, 0.0218816, 0.0456565, 0.10239, 0.111185, 0.164494, 0.217953, 0.147769, 0.783244, 1, 

31,224,0.001, 0.0141455, 0.0218816, 0.0456565, 0.10239, 0.111185, 0.164494, 0.217953, 1, 

Generation #31
36,172,0.001, 0.0141455, 0.0218816, 0.0456565, 0.10239, 0.111185, 0.159559, 0.142228, 0.230267, 0.164878, 0.182603, 0.749947, 0.943837, 0.951523, 1, 

32,184,0.001, 0.0141455, 0.0218816, 0.0456565, 0.10239, 0.111185, 0.164494, 0.217953, 0.147769, 0.783244, 1, 

31,224,0.001, 0.0141455, 0.0218816, 0.0456565, 0.10239, 0.111185, 0.164494, 0.217953, 1, 

Generation #32
36,172,0.001, 0.0141455, 0.0218816, 0.0456565, 0.10239, 0.111185, 0.159559, 0.142228, 0.230267, 0.164878, 0.182603, 0.749947, 0.943837, 0.951523, 1, 

32,184,0.001, 0.0141455, 0.0218816, 0.0456565, 0.10239, 0.111185, 0.164494, 0.217953, 0.147769, 0.783244, 1, 

31,224,0.001, 0.0141455, 0.0218816, 0.0456565, 0.10239, 0.111185, 0.164494, 0.217953, 1, 

Generation #33
36,172,0.001, 0.0141455, 0.0218816, 0.0456565, 0.10239, 0.111185, 0.159559, 0.142228, 0.230267, 0.164878, 0.182603, 0.749947, 0.943837, 0.951523, 1, 

32,184,0.001, 0.0141455, 0.0218816, 0.0456565, 0.10239, 0.111185, 0.164494, 0.217953, 0.147769, 0.783244, 1, 

31,224,0.001, 0.0141455, 0.0218816, 0.0456565, 0.10239, 0.111185, 0.164494, 0.217953, 1, 

Generation #34
36,172,0.001, 0.0141455, 0.0218816, 0.0456565, 0.10239, 0.111185, 0.159559, 0.142228, 0.230267, 0.164878, 0.182603, 0.749947, 0.943837, 0.951523, 1, 

32,184,0.001, 0.0141455, 0.0218816, 0.0456565, 0.10239, 0.111185, 0.164494, 0.217953, 0.147769, 0.783244, 1, 

31,224,0.001, 0.0141455, 0.0218816, 0.0456565, 0.10239, 0.111185, 0.164494, 0.217953, 1, 

Generation #35
36,172,0.001, 0.0141455, 0.0218816, 0.0456565, 0.10239, 0.111185, 0.159559, 0.142228, 0.230267, 0.164878, 0.182603, 0.749947, 0.943837, 0.951523, 1, 

32,184,0.001, 0.0141455, 0.0218816, 0.0456565, 0.10239, 0.111185, 0.164494, 0.217953, 0.147769, 0.783244, 1, 

31,224,0.001, 0.0141455, 0.0218816, 0.0456565, 0.10239, 0.111185, 0.164494, 0.217953, 1, 

Generation #36
36,172,0.001, 0.0141455, 0.0218816, 0.0456565, 0.10239, 0.111185, 0.159559, 0.142228, 0.230267, 0.164878, 0.182603, 0.749947, 0.943837, 0.951523, 1, 

32,184,0.001, 0.0141455, 0.0218816, 0.0456565, 0.10239, 0.111185, 0.164494, 0.217953, 0.147769, 0.783244, 1, 

31,224,0.001, 0.0141455, 0.0218816, 0.0456565, 0.10239, 0.111185, 0.164494, 0.217953, 1, 

Generation #37
36,172,0.001, 0.0141455, 0.0218816, 0.0456565, 0.10239, 0.111185, 0.159559, 0.142228, 0.230267, 0.164878, 0.182603, 0.749947, 0.943837, 0.951523, 1, 

32,184,0.001, 0.0141455, 0.0218816, 0.0456565, 0.10239, 0.111185, 0.164494, 0.217953, 0.147769, 0.783244, 1, 

31,224,0.001, 0.0141455, 0.0218816, 0.0456565, 0.10239, 0.111185, 0.164494, 0.217953, 1, 

Generation #38
32,184,0.001, 0.0141455, 0.0218816, 0.0456565, 0.10239, 0.111185, 0.164494, 0.217953, 0.147769, 0.783244, 1, 

31,224,0.001, 0.0141455, 0.0218816, 0.0456565, 0.10239, 0.111185, 0.164494, 0.217953, 1, 

35,153,0.001, 0.0141455, 0.0218816, 0.0460126, 0.10239, 0.111185, 0.134715, 0.142228, 0.147769, 0.164878, 0.990146, 1, 

Generation #39
32,184,0.001, 0.0141455, 0.0218816, 0.0456565, 0.10239, 0.111185, 0.164494, 0.217953, 0.147769, 0.783244, 1, 

31,224,0.001, 0.0141455, 0.0218816, 0.0456565, 0.10239, 0.111185, 0.164494, 0.217953, 1, 

35,153,0.001, 0.0141455, 0.0218816, 0.0460126, 0.10239, 0.111185, 0.134715, 0.142228, 0.147769, 0.164878, 0.990146, 1, 

Generation #40
32,184,0.001, 0.0141455, 0.0218816, 0.0456565, 0.10239, 0.111185, 0.164494, 0.217953, 0.147769, 0.783244, 1, 

31,224,0.001, 0.0141455, 0.0218816, 0.0456565, 0.10239, 0.111185, 0.164494, 0.217953, 1, 

35,153,0.001, 0.0141455, 0.0218816, 0.0460126, 0.10239, 0.111185, 0.134715, 0.142228, 0.147769, 0.164878, 0.990146, 1, 

Generation #41
32,184,0.001, 0.0141455, 0.0218816, 0.0456565, 0.10239, 0.111185, 0.164494, 0.217953, 0.147769, 0.783244, 1, 

31,224,0.001, 0.0141455, 0.0218816, 0.0456565, 0.10239, 0.111185, 0.164494, 0.217953, 1, 

35,153,0.001, 0.0141455, 0.0218816, 0.0460126, 0.10239, 0.111185, 0.134715, 0.142228, 0.147769, 0.164878, 0.990146, 1, 

Generation #42
32,184,0.001, 0.0141455, 0.0218816, 0.0456565, 0.10239, 0.111185, 0.164494, 0.217953, 0.147769, 0.783244, 1, 

31,224,0.001, 0.0141455, 0.0218816, 0.0456565, 0.10239, 0.111185, 0.164494, 0.217953, 1, 

35,153,0.001, 0.0141455, 0.0218816, 0.0460126, 0.10239, 0.111185, 0.134715, 0.142228, 0.147769, 0.164878, 0.990146, 1, 

34,182,0.001, 0.0141455, 0.0218816, 0.0456565, 0.10239, 0.111185, 0.164494, 0.217953, 1, 

Generation #43
32,184,0.001, 0.0141455, 0.0218816, 0.0456565, 0.10239, 0.111185, 0.164494, 0.217953, 0.147769, 0.783244, 1, 

31,224,0.001, 0.0141455, 0.0218816, 0.0456565, 0.10239, 0.111185, 0.164494, 0.217953, 1, 

35,153,0.001, 0.0141455, 0.0218816, 0.0460126, 0.10239, 0.111185, 0.134715, 0.142228, 0.147769, 0.164878, 0.990146, 1, 

34,182,0.001, 0.0141455, 0.0218816, 0.0456565, 0.10239, 0.111185, 0.164494, 0.217953, 1, 

Generation #44
32,184,0.001, 0.0141455, 0.0218816, 0.0456565, 0.10239, 0.111185, 0.164494, 0.217953, 0.147769, 0.783244, 1, 

31,224,0.001, 0.0141455, 0.0218816, 0.0456565, 0.10239, 0.111185, 0.164494, 0.217953, 1, 

35,153,0.001, 0.0141455, 0.0218816, 0.0460126, 0.10239, 0.111185, 0.134715, 0.142228, 0.147769, 0.164878, 0.990146, 1, 

34,182,0.001, 0.0141455, 0.0218816, 0.0456565, 0.10239, 0.111185, 0.164494, 0.217953, 1, 

Generation #45
32,184,0.001, 0.0141455, 0.0218816, 0.0456565, 0.10239, 0.111185, 0.164494, 0.217953, 0.147769, 0.783244, 1, 

31,224,0.001, 0.0141455, 0.0218816, 0.0456565, 0.10239, 0.111185, 0.164494, 0.217953, 1, 

35,153,0.001, 0.0141455, 0.0218816, 0.0460126, 0.10239, 0.111185, 0.134715, 0.142228, 0.147769, 0.164878, 0.990146, 1, 

34,182,0.001, 0.0141455, 0.0218816, 0.0456565, 0.10239, 0.111185, 0.164494, 0.217953, 1, 

Generation #46
32,184,0.001, 0.0141455, 0.0218816, 0.0456565, 0.10239, 0.111185, 0.164494, 0.217953, 0.147769, 0.783244, 1, 

31,224,0.001, 0.0141455, 0.0218816, 0.0456565, 0.10239, 0.111185, 0.164494, 0.217953, 1, 

35,153,0.001, 0.0141455, 0.0218816, 0.0460126, 0.10239, 0.111185, 0.134715, 0.142228, 0.147769, 0.164878, 0.990146, 1, 

34,182,0.001, 0.0141455, 0.0218816, 0.0456565, 0.10239, 0.111185, 0.164494, 0.217953, 1, 

Generation #47
32,184,0.001, 0.0141455, 0.0218816, 0.0456565, 0.10239, 0.111185, 0.164494, 0.217953, 0.147769, 0.783244, 1, 

31,224,0.001, 0.0141455, 0.0218816, 0.0456565, 0.10239, 0.111185, 0.164494, 0.217953, 1, 

35,153,0.001, 0.0141455, 0.0218816, 0.0460126, 0.10239, 0.111185, 0.134715, 0.142228, 0.147769, 0.164878, 0.990146, 1, 

34,182,0.001, 0.0141455, 0.0218816, 0.0456565, 0.10239, 0.111185, 0.164494, 0.217953, 1, 

Generation #48
32,184,0.001, 0.0141455, 0.0218816, 0.0456565, 0.10239, 0.111185, 0.164494, 0.217953, 0.147769, 0.783244, 1, 

31,224,0.001, 0.0141455, 0.0218816, 0.0456565, 0.10239, 0.111185, 0.164494, 0.217953, 1, 

35,153,0.001, 0.0141455, 0.0218816, 0.0460126, 0.10239, 0.111185, 0.134715, 0.142228, 0.147769, 0.164878, 0.990146, 1, 

34,182,0.001, 0.0141455, 0.0218816, 0.0456565, 0.10239, 0.111185, 0.164494, 0.217953, 1, 

Generation #49
32,184,0.001, 0.0141455, 0.0218816, 0.0456565, 0.10239, 0.111185, 0.164494, 0.217953, 0.147769, 0.783244, 1, 

31,224,0.001, 0.0141455, 0.0218816, 0.0456565, 0.10239, 0.111185, 0.164494, 0.217953, 1, 

35,153,0.001, 0.0141455, 0.0218816, 0.0460126, 0.10239, 0.111185, 0.134715, 0.142228, 0.147769, 0.164878, 0.990146, 1, 

34,182,0.001, 0.0141455, 0.0218816, 0.0456565, 0.10239, 0.111185, 0.164494, 0.217953, 1, 

--- Pareto Front Solutions ---
Solution 0: N total=58 (N_initial=26, N_added=32), Time total=188 ms, Saved to: ./results/Flex_t2_l1_pareto_0.csv, percents=0.001, 0.0141455, 0.0218816, 0.0456565, 0.10239, 0.111185, 0.164494, 0.217953, 0.147769, 0.783244, 1, 

Solution 1: N total=57 (N_initial=26, N_added=31), Time total=228 ms, Saved to: ./results/Flex_t2_l1_pareto_1.csv, percents=0.001, 0.0141455, 0.0218816, 0.0456565, 0.10239, 0.111185, 0.164494, 0.217953, 1, 

Solution 2: N total=61 (N_initial=26, N_added=35), Time total=157 ms, Saved to: ./results/Flex_t2_l1_pareto_2.csv, percents=0.001, 0.0141455, 0.0218816, 0.0460126, 0.10239, 0.111185, 0.134715, 0.142228, 0.147769, 0.164878, 0.990146, 1, 

Solution 3: N total=60 (N_initial=26, N_added=34), Time total=186 ms, Saved to: ./results/Flex_t2_l1_pareto_3.csv, percents=0.001, 0.0141455, 0.0218816, 0.0456565, 0.10239, 0.111185, 0.164494, 0.217953, 1, 

------------d=1, t=2, lambda=2, filename=./evaluation/Flex/Flex_2_2.csv------------
Grouping d-sets by partitioned row counts for detecting arrays...
Ready to look at pairs for detecting arrays...
First Stage N=50, Time=5
There are 1003 remaining non-locating pairs
--- Running GA Algorithm (phase2) ---
Running GA with std::execution::par
Generation #0
36,251,0.001, 0.0922687, 0.108122, 0.27957, 0.280039, 0.316145, 0.342614, 0.364204, 0.447684, 0.457417, 0.459285, 0.610305, 0.612819, 0.697041, 1, 

39,199,0.001, 0.0314366, 0.0976407, 0.113034, 0.158633, 0.325151, 0.353065, 0.476904, 0.489447, 0.614855, 0.815508, 0.83025, 0.876981, 0.965159, 0.978306, 1, 

44,109,0.001, 0.0121073, 0.020779, 0.0218705, 0.0277937, 0.0845547, 0.0847214, 0.107477, 0.111127, 0.115045, 0.199249, 0.291542, 0.337886, 0.544784, 0.666794, 0.682881, 0.706324, 0.80513, 0.822091, 0.826186, 0.827547, 0.894292, 0.91197, 0.980299, 1, 

34,269,0.001, 0.160845, 0.186275, 0.255942, 0.342735, 0.360698, 0.577763, 0.702424, 0.714285, 0.787113, 0.996419, 1, 

37,241,0.001, 0.0883902, 0.0885345, 0.116765, 0.16401, 0.180226, 0.281086, 0.307496, 0.4038, 0.457118, 0.457927, 0.546585, 0.600692, 0.611581, 0.824428, 0.834502, 1, 

41,181,0.001, 0.0257668, 0.0329035, 0.0767131, 0.176957, 0.188318, 0.294587, 0.333024, 0.377115, 0.434017, 0.522136, 0.563535, 0.740534, 0.795396, 0.831732, 0.839547, 0.853857, 0.875309, 0.875905, 0.9721, 1, 

33,371,0.001, 0.125122, 0.131416, 0.178352, 0.458236, 0.48462, 0.66318, 0.92259, 0.931718, 0.940218, 1, 

Generation #1
44,109,0.001, 0.0121073, 0.020779, 0.0218705, 0.0277937, 0.0845547, 0.0847214, 0.107477, 0.111127, 0.115045, 0.199249, 0.291542, 0.337886, 0.544784, 0.666794, 0.682881, 0.706324, 0.80513, 0.822091, 0.826186, 0.827547, 0.894292, 0.91197, 0.980299, 1, 

35,172,0.001, 0.0363335, 0.0421058, 0.135886, 0.144187, 0.623846, 0.696399, 0.269418, 0.776314, 0.831631, 0.86497, 1, 

32,186,0.001, 0.0341296, 0.0527756, 0.0822091, 0.197913, 0.598573, 0.842738, 0.883581, 0.910157, 0.996869, 1, 

45,93,0.001, 0.0121073, 0.020779, 0.0218705, 0.0277937, 0.0845547, 0.0847214, 0.107477, 0.111127, 0.115045, 0.32488, 0.331371, 0.334219, 0.335667, 0.405382, 0.473043, 0.486486, 0.54374, 0.718468, 0.731141, 0.772301, 0.802949, 0.807595, 0.827863, 0.915131, 0.924504, 1, 

36,133,0.001, 0.0306327, 0.0514405, 0.0808692, 0.110289, 0.218518, 0.270633, 0.303603, 0.325394, 0.350472, 0.355735, 0.434739, 0.443364, 0.676256, 0.841876, 0.92536, 1, 

Generation #2
44,109,0.001, 0.0121073, 0.020779, 0.0218705, 0.0277937, 0.0845547, 0.0847214, 0.107477, 0.111127, 0.115045, 0.199249, 0.291542, 0.337886, 0.544784, 0.666794, 0.682881, 0.706324, 0.80513, 0.822091, 0.826186, 0.827547, 0.894292, 0.91197, 0.980299, 1, 

45,93,0.001, 0.0121073, 0.020779, 0.0218705, 0.0277937, 0.0845547, 0.0847214, 0.107477, 0.111127, 0.115045, 0.32488, 0.331371, 0.334219, 0.335667, 0.405382, 0.473043, 0.486486, 0.54374, 0.718468, 0.731141, 0.772301, 0.802949, 0.807595, 0.827863, 0.915131, 0.924504, 1, 

36,133,0.001, 0.0306327, 0.0514405, 0.0808692, 0.110289, 0.218518, 0.270633, 0.303603, 0.325394, 0.350472, 0.355735, 0.434739, 0.443364, 0.676256, 0.841876, 0.92536, 1, 

33,134,0.001, 0.0257668, 0.0329035, 0.0767131, 0.176957, 0.188318, 0.294587, 0.333024, 0.377115, 0.434017, 0.522136, 0.9716, 1, 

31,177,0.001, 0.0756186, 0.090059, 0.099837, 0.105738, 0.135172, 0.180777, 0.257457, 0.269959, 0.856349, 1, 

Generation #3
44,109,0.001, 0.0121073, 0.020779, 0.0218705, 0.0277937, 0.0845547, 0.0847214, 0.107477, 0.111127, 0.115045, 0.199249, 0.291542, 0.337886, 0.544784, 0.666794, 0.682881, 0.706324, 0.80513, 0.822091, 0.826186, 0.827547, 0.894292, 0.91197, 0.980299, 1, 

45,93,0.001, 0.0121073, 0.020779, 0.0218705, 0.0277937, 0.0845547, 0.0847214, 0.107477, 0.111127, 0.115045, 0.32488, 0.331371, 0.334219, 0.335667, 0.405382, 0.473043, 0.486486, 0.54374, 0.718468, 0.731141, 0.772301, 0.802949, 0.807595, 0.827863, 0.915131, 0.924504, 1, 

36,133,0.001, 0.0306327, 0.0514405, 0.0808692, 0.110289, 0.218518, 0.270633, 0.303603, 0.325394, 0.350472, 0.355735, 0.434739, 0.443364, 0.676256, 0.841876, 0.92536, 1, 

33,134,0.001, 0.0257668, 0.0329035, 0.0767131, 0.176957, 0.188318, 0.294587, 0.333024, 0.377115, 0.434017, 0.522136, 0.9716, 1, 

32,144,0.001, 0.0257668, 0.0329035, 0.0767131, 0.176957, 0.188318, 0.294587, 0.333024, 0.377115, 0.434017, 0.833895, 0.866483, 1, 

31,167,0.001, 0.0222841, 0.0701005, 0.0827149, 0.106339, 0.365389, 0.300504, 0.325284, 0.358596, 0.987885, 1, 

Generation #4
36,133,0.001, 0.0306327, 0.0514405, 0.0808692, 0.110289, 0.218518, 0.270633, 0.303603, 0.325394, 0.350472, 0.355735, 0.434739, 0.443364, 0.676256, 0.841876, 0.92536, 1, 

33,134,0.001, 0.0257668, 0.0329035, 0.0767131, 0.176957, 0.188318, 0.294587, 0.333024, 0.377115, 0.434017, 0.522136, 0.9716, 1, 

32,144,0.001, 0.0257668, 0.0329035, 0.0767131, 0.176957, 0.188318, 0.294587, 0.333024, 0.377115, 0.434017, 0.833895, 0.866483, 1, 

42,86,0.001, 0.0121073, 0.020779, 0.0218705, 0.0277937, 0.0845547, 0.0847214, 0.107477, 0.111127, 0.115045, 0.32488, 0.331371, 0.334219, 0.335667, 0.405382, 0.473043, 0.486486, 0.54374, 0.718468, 0.731141, 0.772301, 0.802949, 0.807595, 0.827863, 0.915131, 0.924504, 1, 

41,106,0.001, 0.0121073, 0.020779, 0.0218705, 0.0277937, 0.0845547, 0.0847214, 0.107477, 0.467425, 0.48538, 0.487997, 0.52296, 0.575176, 0.698852, 0.703562, 0.707955, 0.736579, 0.860618, 0.878952, 0.9721, 1, 

30,146,0.001, 0.0306327, 0.0514405, 0.0767131, 0.176957, 0.188318, 0.294587, 0.333024, 0.377115, 0.434017, 0.833895, 1, 

Generation #5
42,86,0.001, 0.0121073, 0.020779, 0.0218705, 0.0277937, 0.0845547, 0.0847214, 0.107477, 0.111127, 0.115045, 0.32488, 0.331371, 0.334219, 0.335667, 0.405382, 0.473043, 0.486486, 0.54374, 0.718468, 0.731141, 0.772301, 0.802949, 0.807595, 0.827863, 0.915131, 0.924504, 1, 

41,106,0.001, 0.0121073, 0.020779, 0.0218705, 0.0277937, 0.0845547, 0.0847214, 0.107477, 0.467425, 0.48538, 0.487997, 0.52296, 0.575176, 0.698852, 0.703562, 0.707955, 0.736579, 0.860618, 0.878952, 0.9721, 1, 

43,85,0.001, 0.0322105, 0.020779, 0.0218705, 0.0277937, 0.0845547, 0.0847214, 0.107477, 0.111127, 0.115045, 0.199249, 0.291542, 0.337886, 0.544784, 0.666794, 0.682881, 0.706324, 0.80513, 0.822091, 0.826186, 0.827547, 0.894292, 0.91197, 0.980299, 1, 

30,131,0.001, 0.0306327, 0.0514405, 0.099837, 0.105738, 0.135172, 0.180777, 0.257457, 0.269959, 0.856349, 1, 

33,130,0.001, 0.0306327, 0.0514405, 0.0808692, 0.110289, 0.218518, 0.270633, 0.303603, 0.325394, 0.434017, 0.833895, 1, 

44,83,0.001, 0.0121073, 0.020779, 0.0218705, 0.0277937, 0.0845547, 0.0847214, 0.107477, 0.111127, 0.115045, 0.32488, 0.331371, 0.334219, 0.335667, 0.405382, 0.682881, 0.706324, 0.80513, 0.822091, 0.826186, 0.827547, 0.894292, 0.91197, 0.980299, 1, 

Generation #6
42,86,0.001, 0.0121073, 0.020779, 0.0218705, 0.0277937, 0.0845547, 0.0847214, 0.107477, 0.111127, 0.115045, 0.32488, 0.331371, 0.334219, 0.335667, 0.405382, 0.473043, 0.486486, 0.54374, 0.718468, 0.731141, 0.772301, 0.802949, 0.807595, 0.827863, 0.915131, 0.924504, 1, 

43,85,0.001, 0.0322105, 0.020779, 0.0218705, 0.0277937, 0.0845547, 0.0847214, 0.107477, 0.111127, 0.115045, 0.199249, 0.291542, 0.337886, 0.544784, 0.666794, 0.682881, 0.706324, 0.80513, 0.822091, 0.826186, 0.827547, 0.894292, 0.91197, 0.980299, 1, 

44,83,0.001, 0.0121073, 0.020779, 0.0218705, 0.0277937, 0.0845547, 0.0847214, 0.107477, 0.111127, 0.115045, 0.32488, 0.331371, 0.334219, 0.335667, 0.405382, 0.682881, 0.706324, 0.80513, 0.822091, 0.826186, 0.827547, 0.894292, 0.91197, 0.980299, 1, 

34,87,0.001, 0.0121073, 0.020779, 0.0218705, 0.0277937, 0.0845547, 0.0847214, 0.107477, 0.111127, 0.115045, 0.199249, 0.291542, 0.337886, 0.544784, 0.824428, 0.834502, 1, 

30,118,0.001, 0.0121073, 0.020779, 0.0218705, 0.0277937, 0.0845547, 0.0847214, 0.325284, 0.358596, 0.987885, 1, 

Generation #7
34,87,0.001, 0.0121073, 0.020779, 0.0218705, 0.0277937, 0.0845547, 0.0847214, 0.107477, 0.111127, 0.115045, 0.199249, 0.291542, 0.337886, 0.544784, 0.824428, 0.834502, 1, 

30,118,0.001, 0.0121073, 0.020779, 0.0218705, 0.0277937, 0.0845547, 0.0847214, 0.325284, 0.358596, 0.987885, 1, 

42,81,0.001, 0.0121073, 0.020779, 0.0218705, 0.0277937, 0.0845547, 0.0847214, 0.107477, 0.111127, 0.115045, 0.199249, 0.291542, 0.337886, 0.544784, 0.666794, 0.682881, 0.706324, 0.80513, 0.822091, 0.826186, 0.827547, 0.894292, 0.91197, 0.980299, 1, 

29,139,0.001, 0.0121073, 0.020779, 0.0808692, 0.110289, 0.218518, 0.270633, 0.325284, 0.358596, 0.987885, 1, 

Generation #8
34,87,0.001, 0.0121073, 0.020779, 0.0218705, 0.0277937, 0.0845547, 0.0847214, 0.107477, 0.111127, 0.115045, 0.199249, 0.291542, 0.337886, 0.544784, 0.824428, 0.834502, 1, 

30,118,0.001, 0.0121073, 0.020779, 0.0218705, 0.0277937, 0.0845547, 0.0847214, 0.325284, 0.358596, 0.987885, 1, 

42,81,0.001, 0.0121073, 0.020779, 0.0218705, 0.0277937, 0.0845547, 0.0847214, 0.107477, 0.111127, 0.115045, 0.199249, 0.291542, 0.337886, 0.544784, 0.666794, 0.682881, 0.706324, 0.80513, 0.822091, 0.826186, 0.827547, 0.894292, 0.91197, 0.980299, 1, 

29,139,0.001, 0.0121073, 0.020779, 0.0808692, 0.110289, 0.218518, 0.270633, 0.325284, 0.358596, 0.987885, 1, 

Generation #9
34,87,0.001, 0.0121073, 0.020779, 0.0218705, 0.0277937, 0.0845547, 0.0847214, 0.107477, 0.111127, 0.115045, 0.199249, 0.291542, 0.337886, 0.544784, 0.824428, 0.834502, 1, 

30,118,0.001, 0.0121073, 0.020779, 0.0218705, 0.0277937, 0.0845547, 0.0847214, 0.325284, 0.358596, 0.987885, 1, 

29,139,0.001, 0.0121073, 0.020779, 0.0808692, 0.110289, 0.218518, 0.270633, 0.325284, 0.358596, 0.987885, 1, 

33,97,0.001, 0.0121073, 0.020779, 0.0218705, 0.0277937, 0.0845547, 0.0847214, 0.325284, 0.358596, 0.987885, 1, 

31,104,0.001, 0.0322105, 0.020779, 0.0218705, 0.0277937, 0.0845547, 0.0847214, 0.325284, 0.358596, 0.987885, 1, 

42,77,0.001, 0.0121073, 0.020779, 0.0218705, 0.0277937, 0.0845547, 0.0847214, 0.107477, 0.111127, 0.115045, 0.199249, 0.291542, 0.337886, 0.544784, 0.666794, 0.94243, 0.706324, 0.80513, 0.822091, 0.826186, 0.827547, 0.894292, 0.91197, 0.980299, 1, 

40,84,0.001, 0.0121073, 0.020779, 0.0218705, 0.0277937, 0.0845547, 0.0847214, 0.107477, 0.111127, 0.115045, 0.199249, 0.291542, 0.337886, 0.544784, 0.682881, 0.706324, 0.80513, 0.822091, 0.826186, 0.827547, 0.894292, 0.91197, 0.980299, 1, 

Generation #10
29,139,0.001, 0.0121073, 0.020779, 0.0808692, 0.110289, 0.218518, 0.270633, 0.325284, 0.358596, 0.987885, 1, 

42,77,0.001, 0.0121073, 0.020779, 0.0218705, 0.0277937, 0.0845547, 0.0847214, 0.107477, 0.111127, 0.115045, 0.199249, 0.291542, 0.337886, 0.544784, 0.666794, 0.94243, 0.706324, 0.80513, 0.822091, 0.826186, 0.827547, 0.894292, 0.91197, 0.980299, 1, 

40,84,0.001, 0.0121073, 0.020779, 0.0218705, 0.0277937, 0.0845547, 0.0847214, 0.107477, 0.111127, 0.115045, 0.199249, 0.291542, 0.337886, 0.544784, 0.682881, 0.706324, 0.80513, 0.822091, 0.826186, 0.827547, 0.894292, 0.91197, 0.980299, 1, 

30,95,0.001, 0.0121073, 0.020779, 0.0218705, 0.0277937, 0.0845547, 0.0847214, 0.107477, 0.111127, 0.115045, 0.199249, 1, 

33,86,0.001, 0.0322105, 0.020779, 0.0218705, 0.0277937, 0.0845547, 0.0847214, 0.107477, 0.111127, 0.32488, 0.331371, 0.334219, 0.335667, 0.405382, 1, 

41,81,0.001, 0.0322105, 0.020779, 0.0218705, 0.0277937, 0.0845547, 0.0847214, 0.107477, 0.111127, 0.115045, 0.199249, 0.291542, 0.337886, 0.544784, 0.666794, 0.741013, 0.750825, 0.754227, 0.765736, 0.83709, 0.912083, 0.921356, 0.978028, 1, 

Generation #11
42,77,0.001, 0.0121073, 0.020779, 0.0218705, 0.0277937, 0.0845547, 0.0847214, 0.107477, 0.111127, 0.115045, 0.199249, 0.291542, 0.337886, 0.544784, 0.666794, 0.94243, 0.706324, 0.80513, 0.822091, 0.826186, 0.827547, 0.894292, 0.91197, 0.980299, 1, 

40,84,0.001, 0.0121073, 0.020779, 0.0218705, 0.0277937, 0.0845547, 0.0847214, 0.107477, 0.111127, 0.115045, 0.199249, 0.291542, 0.337886, 0.544784, 0.682881, 0.706324, 0.80513, 0.822091, 0.826186, 0.827547, 0.894292, 0.91197, 0.980299, 1, 

30,95,0.001, 0.0121073, 0.020779, 0.0218705, 0.0277937, 0.0845547, 0.0847214, 0.107477, 0.111127, 0.115045, 0.199249, 1, 

33,86,0.001, 0.0322105, 0.020779, 0.0218705, 0.0277937, 0.0845547, 0.0847214, 0.107477, 0.111127, 0.32488, 0.331371, 0.334219, 0.335667, 0.405382, 1, 

41,81,0.001, 0.0322105, 0.020779, 0.0218705, 0.0277937, 0.0845547, 0.0847214, 0.107477, 0.111127, 0.115045, 0.199249, 0.291542, 0.337886, 0.544784, 0.666794, 0.741013, 0.750825, 0.754227, 0.765736, 0.83709, 0.912083, 0.921356, 0.978028, 1, 

28,106,0.001, 0.0322105, 0.020779, 0.0218705, 0.0277937, 0.0845547, 0.0847214, 0.111127, 0.987885, 1, 

Generation #12
42,77,0.001, 0.0121073, 0.020779, 0.0218705, 0.0277937, 0.0845547, 0.0847214, 0.107477, 0.111127, 0.115045, 0.199249, 0.291542, 0.337886, 0.544784, 0.666794, 0.94243, 0.706324, 0.80513, 0.822091, 0.826186, 0.827547, 0.894292, 0.91197, 0.980299, 1, 

33,86,0.001, 0.0322105, 0.020779, 0.0218705, 0.0277937, 0.0845547, 0.0847214, 0.107477, 0.111127, 0.32488, 0.331371, 0.334219, 0.335667, 0.405382, 1, 

28,95,0.001, 0.0257668, 0.020779, 0.0218705, 0.0277937, 0.0845547, 0.0847214, 0.333024, 0.377115, 0.540964, 0.199249, 1, 

34,78,0.001, 0.0121073, 0.020779, 0.0218705, 0.0277937, 0.0845547, 0.0847214, 0.107477, 0.111127, 0.115045, 0.199249, 0.337886, 0.544784, 0.824428, 0.834502, 1, 

Generation #13
42,77,0.001, 0.0121073, 0.020779, 0.0218705, 0.0277937, 0.0845547, 0.0847214, 0.107477, 0.111127, 0.115045, 0.199249, 0.291542, 0.337886, 0.544784, 0.666794, 0.94243, 0.706324, 0.80513, 0.822091, 0.826186, 0.827547, 0.894292, 0.91197, 0.980299, 1, 

33,86,0.001, 0.0322105, 0.020779, 0.0218705, 0.0277937, 0.0845547, 0.0847214, 0.107477, 0.111127, 0.32488, 0.331371, 0.334219, 0.335667, 0.405382, 1, 

34,78,0.001, 0.0121073, 0.020779, 0.0218705, 0.0277937, 0.0845547, 0.0847214, 0.107477, 0.111127, 0.115045, 0.199249, 0.337886, 0.544784, 0.824428, 0.834502, 1, 

30,89,0.001, 0.0121073, 0.020779, 0.0218705, 0.0277937, 0.0845547, 0.0847214, 0.107477, 0.111127, 0.115045, 0.32488, 1, 

28,91,0.001, 0.0322105, 0.020779, 0.0218705, 0.0277937, 0.0845547, 0.0847214, 0.107477, 0.111127, 0.115045, 0.199249, 1, 

Generation #14
33,86,0.001, 0.0322105, 0.020779, 0.0218705, 0.0277937, 0.0845547, 0.0847214, 0.107477, 0.111127, 0.32488, 0.331371, 0.334219, 0.335667, 0.405382, 1, 

34,78,0.001, 0.0121073, 0.020779, 0.0218705, 0.0277937, 0.0845547, 0.0847214, 0.107477, 0.111127, 0.115045, 0.199249, 0.337886, 0.544784, 0.824428, 0.834502, 1, 

30,89,0.001, 0.0121073, 0.020779, 0.0218705, 0.0277937, 0.0845547, 0.0847214, 0.107477, 0.111127, 0.115045, 0.32488, 1, 

28,91,0.001, 0.0322105, 0.020779, 0.0218705, 0.0277937, 0.0845547, 0.0847214, 0.107477, 0.111127, 0.115045, 0.199249, 1, 

35,77,0.001, 0.0121073, 0.020779, 0.0218705, 0.0277937, 0.0845547, 0.0847214, 0.107477, 0.391689, 0.111127, 0.115045, 0.199249, 0.291542, 0.337886, 0.544784, 0.824428, 0.834502, 1, 

Generation #15
33,86,0.001, 0.0322105, 0.020779, 0.0218705, 0.0277937, 0.0845547, 0.0847214, 0.107477, 0.111127, 0.32488, 0.331371, 0.334219, 0.335667, 0.405382, 1, 

30,89,0.001, 0.0121073, 0.020779, 0.0218705, 0.0277937, 0.0845547, 0.0847214, 0.107477, 0.111127, 0.115045, 0.32488, 1, 

28,91,0.001, 0.0322105, 0.020779, 0.0218705, 0.0277937, 0.0845547, 0.0847214, 0.107477, 0.111127, 0.115045, 0.199249, 1, 

27,93,0.001, 0.0322105, 0.020779, 0.0218705, 0.0277937, 0.0845547, 0.0847214, 0.107477, 0.111127, 0.32488, 1, 

34,75,0.001, 0.0222841, 0.020779, 0.0218705, 0.0277937, 0.0845547, 0.0847214, 0.10934, 0.111127, 0.115045, 0.199249, 0.291542, 0.337886, 0.544784, 0.824428, 0.834502, 1, 

Generation #16
30,89,0.001, 0.0121073, 0.020779, 0.0218705, 0.0277937, 0.0845547, 0.0847214, 0.107477, 0.111127, 0.115045, 0.32488, 1, 

28,91,0.001, 0.0322105, 0.020779, 0.0218705, 0.0277937, 0.0845547, 0.0847214, 0.107477, 0.111127, 0.115045, 0.199249, 1, 

27,93,0.001, 0.0322105, 0.020779, 0.0218705, 0.0277937, 0.0845547, 0.0847214, 0.107477, 0.111127, 0.32488, 1, 

34,75,0.001, 0.0222841, 0.020779, 0.0218705, 0.0277937, 0.0845547, 0.0847214, 0.10934, 0.111127, 0.115045, 0.199249, 0.291542, 0.337886, 0.544784, 0.824428, 0.834502, 1, 

31,76,0.001, 0.0222841, 0.020779, 0.0218705, 0.0277937, 0.0845547, 0.0847214, 0.10934, 0.111127, 0.115045, 0.199249, 0.291542, 0.337886, 0.544784, 0.824428, 0.834502, 1, 

42,73,0.001, 0.0121073, 0.020779, 0.0218705, 0.0277937, 0.0845547, 0.0847214, 0.107477, 0.111127, 0.115045, 0.199249, 0.291542, 0.337886, 0.544784, 0.666794, 0.94243, 0.706324, 0.80513, 0.273312, 0.822091, 0.826186, 0.827547, 0.894292, 0.91197, 0.980299, 1, 

Generation #17
30,89,0.001, 0.0121073, 0.020779, 0.0218705, 0.0277937, 0.0845547, 0.0847214, 0.107477, 0.111127, 0.115045, 0.32488, 1, 

28,91,0.001, 0.0322105, 0.020779, 0.0218705, 0.0277937, 0.0845547, 0.0847214, 0.107477, 0.111127, 0.115045, 0.199249, 1, 

27,93,0.001, 0.0322105, 0.020779, 0.0218705, 0.0277937, 0.0845547, 0.0847214, 0.107477, 0.111127, 0.32488, 1, 

34,75,0.001, 0.0222841, 0.020779, 0.0218705, 0.0277937, 0.0845547, 0.0847214, 0.10934, 0.111127, 0.115045, 0.199249, 0.291542, 0.337886, 0.544784, 0.824428, 0.834502, 1, 

31,76,0.001, 0.0222841, 0.020779, 0.0218705, 0.0277937, 0.0845547, 0.0847214, 0.10934, 0.111127, 0.115045, 0.199249, 0.291542, 0.337886, 0.544784, 0.824428, 0.834502, 1, 

42,73,0.001, 0.0121073, 0.020779, 0.0218705, 0.0277937, 0.0845547, 0.0847214, 0.107477, 0.111127, 0.115045, 0.199249, 0.291542, 0.337886, 0.544784, 0.666794, 0.94243, 0.706324, 0.80513, 0.273312, 0.822091, 0.826186, 0.827547, 0.894292, 0.91197, 0.980299, 1, 

Generation #18
28,91,0.001, 0.0322105, 0.020779, 0.0218705, 0.0277937, 0.0845547, 0.0847214, 0.107477, 0.111127, 0.115045, 0.199249, 1, 

27,93,0.001, 0.0322105, 0.020779, 0.0218705, 0.0277937, 0.0845547, 0.0847214, 0.107477, 0.111127, 0.32488, 1, 

34,75,0.001, 0.0222841, 0.020779, 0.0218705, 0.0277937, 0.0845547, 0.0847214, 0.10934, 0.111127, 0.115045, 0.199249, 0.291542, 0.337886, 0.544784, 0.824428, 0.834502, 1, 

31,76,0.001, 0.0222841, 0.020779, 0.0218705, 0.0277937, 0.0845547, 0.0847214, 0.10934, 0.111127, 0.115045, 0.199249, 0.291542, 0.337886, 0.544784, 0.824428, 0.834502, 1, 

42,73,0.001, 0.0121073, 0.020779, 0.0218705, 0.0277937, 0.0845547, 0.0847214, 0.107477, 0.111127, 0.115045, 0.199249, 0.291542, 0.337886, 0.544784, 0.666794, 0.94243, 0.706324, 0.80513, 0.273312, 0.822091, 0.826186, 0.827547, 0.894292, 0.91197, 0.980299, 1, 

30,80,0.001, 0.0121073, 0.020779, 0.0218705, 0.0277937, 0.0845547, 0.0847214, 0.107477, 0.111127, 0.115045, 0.32488, 1, 

Generation #19
28,91,0.001, 0.0322105, 0.020779, 0.0218705, 0.0277937, 0.0845547, 0.0847214, 0.107477, 0.111127, 0.115045, 0.199249, 1, 

27,93,0.001, 0.0322105, 0.020779, 0.0218705, 0.0277937, 0.0845547, 0.0847214, 0.107477, 0.111127, 0.32488, 1, 

34,75,0.001, 0.0222841, 0.020779, 0.0218705, 0.0277937, 0.0845547, 0.0847214, 0.10934, 0.111127, 0.115045, 0.199249, 0.291542, 0.337886, 0.544784, 0.824428, 0.834502, 1, 

31,76,0.001, 0.0222841, 0.020779, 0.0218705, 0.0277937, 0.0845547, 0.0847214, 0.10934, 0.111127, 0.115045, 0.199249, 0.291542, 0.337886, 0.544784, 0.824428, 0.834502, 1, 

42,73,0.001, 0.0121073, 0.020779, 0.0218705, 0.0277937, 0.0845547, 0.0847214, 0.107477, 0.111127, 0.115045, 0.199249, 0.291542, 0.337886, 0.544784, 0.666794, 0.94243, 0.706324, 0.80513, 0.273312, 0.822091, 0.826186, 0.827547, 0.894292, 0.91197, 0.980299, 1, 

30,80,0.001, 0.0121073, 0.020779, 0.0218705, 0.0277937, 0.0845547, 0.0847214, 0.107477, 0.111127, 0.115045, 0.32488, 1, 

Generation #20
28,91,0.001, 0.0322105, 0.020779, 0.0218705, 0.0277937, 0.0845547, 0.0847214, 0.107477, 0.111127, 0.115045, 0.199249, 1, 

27,93,0.001, 0.0322105, 0.020779, 0.0218705, 0.0277937, 0.0845547, 0.0847214, 0.107477, 0.111127, 0.32488, 1, 

31,76,0.001, 0.0222841, 0.020779, 0.0218705, 0.0277937, 0.0845547, 0.0847214, 0.10934, 0.111127, 0.115045, 0.199249, 0.291542, 0.337886, 0.544784, 0.824428, 0.834502, 1, 

30,80,0.001, 0.0121073, 0.020779, 0.0218705, 0.0277937, 0.0845547, 0.0847214, 0.107477, 0.111127, 0.115045, 0.32488, 1, 

32,73,0.001, 0.0121073, 0.020779, 0.0218705, 0.0277937, 0.0845547, 0.0847214, 0.107477, 0.111127, 0.115045, 0.199249, 0.291542, 0.337886, 0.544784, 0.834502, 1, 

Generation #21
28,91,0.001, 0.0322105, 0.020779, 0.0218705, 0.0277937, 0.0845547, 0.0847214, 0.107477, 0.111127, 0.115045, 0.199249, 1, 

27,93,0.001, 0.0322105, 0.020779, 0.0218705, 0.0277937, 0.0845547, 0.0847214, 0.107477, 0.111127, 0.32488, 1, 

31,76,0.001, 0.0222841, 0.020779, 0.0218705, 0.0277937, 0.0845547, 0.0847214, 0.10934, 0.111127, 0.115045, 0.199249, 0.291542, 0.337886, 0.544784, 0.824428, 0.834502, 1, 

30,80,0.001, 0.0121073, 0.020779, 0.0218705, 0.0277937, 0.0845547, 0.0847214, 0.107477, 0.111127, 0.115045, 0.32488, 1, 

32,73,0.001, 0.0121073, 0.020779, 0.0218705, 0.0277937, 0.0845547, 0.0847214, 0.107477, 0.111127, 0.115045, 0.199249, 0.291542, 0.337886, 0.544784, 0.834502, 1, 

Generation #22
28,91,0.001, 0.0322105, 0.020779, 0.0218705, 0.0277937, 0.0845547, 0.0847214, 0.107477, 0.111127, 0.115045, 0.199249, 1, 

27,93,0.001, 0.0322105, 0.020779, 0.0218705, 0.0277937, 0.0845547, 0.0847214, 0.107477, 0.111127, 0.32488, 1, 

31,76,0.001, 0.0222841, 0.020779, 0.0218705, 0.0277937, 0.0845547, 0.0847214, 0.10934, 0.111127, 0.115045, 0.199249, 0.291542, 0.337886, 0.544784, 0.824428, 0.834502, 1, 

30,80,0.001, 0.0121073, 0.020779, 0.0218705, 0.0277937, 0.0845547, 0.0847214, 0.107477, 0.111127, 0.115045, 0.32488, 1, 

32,73,0.001, 0.0121073, 0.020779, 0.0218705, 0.0277937, 0.0845547, 0.0847214, 0.107477, 0.111127, 0.115045, 0.199249, 0.291542, 0.337886, 0.544784, 0.834502, 1, 

Generation #23
28,91,0.001, 0.0322105, 0.020779, 0.0218705, 0.0277937, 0.0845547, 0.0847214, 0.107477, 0.111127, 0.115045, 0.199249, 1, 

27,93,0.001, 0.0322105, 0.020779, 0.0218705, 0.0277937, 0.0845547, 0.0847214, 0.107477, 0.111127, 0.32488, 1, 

31,76,0.001, 0.0222841, 0.020779, 0.0218705, 0.0277937, 0.0845547, 0.0847214, 0.10934, 0.111127, 0.115045, 0.199249, 0.291542, 0.337886, 0.544784, 0.824428, 0.834502, 1, 

30,80,0.001, 0.0121073, 0.020779, 0.0218705, 0.0277937, 0.0845547, 0.0847214, 0.107477, 0.111127, 0.115045, 0.32488, 1, 

32,73,0.001, 0.0121073, 0.020779, 0.0218705, 0.0277937, 0.0845547, 0.0847214, 0.107477, 0.111127, 0.115045, 0.199249, 0.291542, 0.337886, 0.544784, 0.834502, 1, 

Generation #24
28,91,0.001, 0.0322105, 0.020779, 0.0218705, 0.0277937, 0.0845547, 0.0847214, 0.107477, 0.111127, 0.115045, 0.199249, 1, 

27,93,0.001, 0.0322105, 0.020779, 0.0218705, 0.0277937, 0.0845547, 0.0847214, 0.107477, 0.111127, 0.32488, 1, 

31,76,0.001, 0.0222841, 0.020779, 0.0218705, 0.0277937, 0.0845547, 0.0847214, 0.10934, 0.111127, 0.115045, 0.199249, 0.291542, 0.337886, 0.544784, 0.824428, 0.834502, 1, 

30,80,0.001, 0.0121073, 0.020779, 0.0218705, 0.0277937, 0.0845547, 0.0847214, 0.107477, 0.111127, 0.115045, 0.32488, 1, 

32,73,0.001, 0.0121073, 0.020779, 0.0218705, 0.0277937, 0.0845547, 0.0847214, 0.107477, 0.111127, 0.115045, 0.199249, 0.291542, 0.337886, 0.544784, 0.834502, 1, 

Generation #25
28,91,0.001, 0.0322105, 0.020779, 0.0218705, 0.0277937, 0.0845547, 0.0847214, 0.107477, 0.111127, 0.115045, 0.199249, 1, 

27,93,0.001, 0.0322105, 0.020779, 0.0218705, 0.0277937, 0.0845547, 0.0847214, 0.107477, 0.111127, 0.32488, 1, 

32,73,0.001, 0.0121073, 0.020779, 0.0218705, 0.0277937, 0.0845547, 0.0847214, 0.107477, 0.111127, 0.115045, 0.199249, 0.291542, 0.337886, 0.544784, 0.834502, 1, 

30,76,0.001, 0.0121073, 0.020779, 0.0218705, 0.0277937, 0.0845547, 0.0847214, 0.107477, 0.111127, 0.115045, 0.199249, 1, 

Generation #26
28,91,0.001, 0.0322105, 0.020779, 0.0218705, 0.0277937, 0.0845547, 0.0847214, 0.107477, 0.111127, 0.115045, 0.199249, 1, 

27,93,0.001, 0.0322105, 0.020779, 0.0218705, 0.0277937, 0.0845547, 0.0847214, 0.107477, 0.111127, 0.32488, 1, 

32,73,0.001, 0.0121073, 0.020779, 0.0218705, 0.0277937, 0.0845547, 0.0847214, 0.107477, 0.111127, 0.115045, 0.199249, 0.291542, 0.337886, 0.544784, 0.834502, 1, 

30,76,0.001, 0.0121073, 0.020779, 0.0218705, 0.0277937, 0.0845547, 0.0847214, 0.107477, 0.111127, 0.115045, 0.199249, 1, 

29,84,0.001, 0.0121073, 0.020779, 0.0218705, 0.0277937, 0.0845547, 0.0847214, 0.107477, 0.111127, 0.115045, 0.199249, 1, 

Generation #27
28,91,0.001, 0.0322105, 0.020779, 0.0218705, 0.0277937, 0.0845547, 0.0847214, 0.107477, 0.111127, 0.115045, 0.199249, 1, 

27,93,0.001, 0.0322105, 0.020779, 0.0218705, 0.0277937, 0.0845547, 0.0847214, 0.107477, 0.111127, 0.32488, 1, 

32,73,0.001, 0.0121073, 0.020779, 0.0218705, 0.0277937, 0.0845547, 0.0847214, 0.107477, 0.111127, 0.115045, 0.199249, 0.291542, 0.337886, 0.544784, 0.834502, 1, 

30,76,0.001, 0.0121073, 0.020779, 0.0218705, 0.0277937, 0.0845547, 0.0847214, 0.107477, 0.111127, 0.115045, 0.199249, 1, 

29,84,0.001, 0.0121073, 0.020779, 0.0218705, 0.0277937, 0.0845547, 0.0847214, 0.107477, 0.111127, 0.115045, 0.199249, 1, 

Generation #28
28,91,0.001, 0.0322105, 0.020779, 0.0218705, 0.0277937, 0.0845547, 0.0847214, 0.107477, 0.111127, 0.115045, 0.199249, 1, 

27,93,0.001, 0.0322105, 0.020779, 0.0218705, 0.0277937, 0.0845547, 0.0847214, 0.107477, 0.111127, 0.32488, 1, 

32,73,0.001, 0.0121073, 0.020779, 0.0218705, 0.0277937, 0.0845547, 0.0847214, 0.107477, 0.111127, 0.115045, 0.199249, 0.291542, 0.337886, 0.544784, 0.834502, 1, 

30,76,0.001, 0.0121073, 0.020779, 0.0218705, 0.0277937, 0.0845547, 0.0847214, 0.107477, 0.111127, 0.115045, 0.199249, 1, 

29,84,0.001, 0.0121073, 0.020779, 0.0218705, 0.0277937, 0.0845547, 0.0847214, 0.107477, 0.111127, 0.115045, 0.199249, 1, 

Generation #29
28,91,0.001, 0.0322105, 0.020779, 0.0218705, 0.0277937, 0.0845547, 0.0847214, 0.107477, 0.111127, 0.115045, 0.199249, 1, 

27,93,0.001, 0.0322105, 0.020779, 0.0218705, 0.0277937, 0.0845547, 0.0847214, 0.107477, 0.111127, 0.32488, 1, 

32,73,0.001, 0.0121073, 0.020779, 0.0218705, 0.0277937, 0.0845547, 0.0847214, 0.107477, 0.111127, 0.115045, 0.199249, 0.291542, 0.337886, 0.544784, 0.834502, 1, 

30,76,0.001, 0.0121073, 0.020779, 0.0218705, 0.0277937, 0.0845547, 0.0847214, 0.107477, 0.111127, 0.115045, 0.199249, 1, 

29,84,0.001, 0.0121073, 0.020779, 0.0218705, 0.0277937, 0.0845547, 0.0847214, 0.107477, 0.111127, 0.115045, 0.199249, 1, 

Generation #30
28,91,0.001, 0.0322105, 0.020779, 0.0218705, 0.0277937, 0.0845547, 0.0847214, 0.107477, 0.111127, 0.115045, 0.199249, 1, 

27,93,0.001, 0.0322105, 0.020779, 0.0218705, 0.0277937, 0.0845547, 0.0847214, 0.107477, 0.111127, 0.32488, 1, 

32,73,0.001, 0.0121073, 0.020779, 0.0218705, 0.0277937, 0.0845547, 0.0847214, 0.107477, 0.111127, 0.115045, 0.199249, 0.291542, 0.337886, 0.544784, 0.834502, 1, 

30,76,0.001, 0.0121073, 0.020779, 0.0218705, 0.0277937, 0.0845547, 0.0847214, 0.107477, 0.111127, 0.115045, 0.199249, 1, 

29,84,0.001, 0.0121073, 0.020779, 0.0218705, 0.0277937, 0.0845547, 0.0847214, 0.107477, 0.111127, 0.115045, 0.199249, 1, 

Generation #31
28,91,0.001, 0.0322105, 0.020779, 0.0218705, 0.0277937, 0.0845547, 0.0847214, 0.107477, 0.111127, 0.115045, 0.199249, 1, 

27,93,0.001, 0.0322105, 0.020779, 0.0218705, 0.0277937, 0.0845547, 0.0847214, 0.107477, 0.111127, 0.32488, 1, 

32,73,0.001, 0.0121073, 0.020779, 0.0218705, 0.0277937, 0.0845547, 0.0847214, 0.107477, 0.111127, 0.115045, 0.199249, 0.291542, 0.337886, 0.544784, 0.834502, 1, 

30,76,0.001, 0.0121073, 0.020779, 0.0218705, 0.0277937, 0.0845547, 0.0847214, 0.107477, 0.111127, 0.115045, 0.199249, 1, 

29,84,0.001, 0.0121073, 0.020779, 0.0218705, 0.0277937, 0.0845547, 0.0847214, 0.107477, 0.111127, 0.115045, 0.199249, 1, 

26,179,0.001, 0.0222841, 0.020779, 0.0218705, 0.0845547, 0.0847214, 0.10934, 0.111127, 1, 

Generation #32
28,91,0.001, 0.0322105, 0.020779, 0.0218705, 0.0277937, 0.0845547, 0.0847214, 0.107477, 0.111127, 0.115045, 0.199249, 1, 

27,93,0.001, 0.0322105, 0.020779, 0.0218705, 0.0277937, 0.0845547, 0.0847214, 0.107477, 0.111127, 0.32488, 1, 

32,73,0.001, 0.0121073, 0.020779, 0.0218705, 0.0277937, 0.0845547, 0.0847214, 0.107477, 0.111127, 0.115045, 0.199249, 0.291542, 0.337886, 0.544784, 0.834502, 1, 

30,76,0.001, 0.0121073, 0.020779, 0.0218705, 0.0277937, 0.0845547, 0.0847214, 0.107477, 0.111127, 0.115045, 0.199249, 1, 

29,84,0.001, 0.0121073, 0.020779, 0.0218705, 0.0277937, 0.0845547, 0.0847214, 0.107477, 0.111127, 0.115045, 0.199249, 1, 

26,179,0.001, 0.0222841, 0.020779, 0.0218705, 0.0845547, 0.0847214, 0.10934, 0.111127, 1, 

Generation #33
28,91,0.001, 0.0322105, 0.020779, 0.0218705, 0.0277937, 0.0845547, 0.0847214, 0.107477, 0.111127, 0.115045, 0.199249, 1, 

27,93,0.001, 0.0322105, 0.020779, 0.0218705, 0.0277937, 0.0845547, 0.0847214, 0.107477, 0.111127, 0.32488, 1, 

32,73,0.001, 0.0121073, 0.020779, 0.0218705, 0.0277937, 0.0845547, 0.0847214, 0.107477, 0.111127, 0.115045, 0.199249, 0.291542, 0.337886, 0.544784, 0.834502, 1, 

30,76,0.001, 0.0121073, 0.020779, 0.0218705, 0.0277937, 0.0845547, 0.0847214, 0.107477, 0.111127, 0.115045, 0.199249, 1, 

29,84,0.001, 0.0121073, 0.020779, 0.0218705, 0.0277937, 0.0845547, 0.0847214, 0.107477, 0.111127, 0.115045, 0.199249, 1, 

26,179,0.001, 0.0222841, 0.020779, 0.0218705, 0.0845547, 0.0847214, 0.10934, 0.111127, 1, 

Generation #34
28,91,0.001, 0.0322105, 0.020779, 0.0218705, 0.0277937, 0.0845547, 0.0847214, 0.107477, 0.111127, 0.115045, 0.199249, 1, 

27,93,0.001, 0.0322105, 0.020779, 0.0218705, 0.0277937, 0.0845547, 0.0847214, 0.107477, 0.111127, 0.32488, 1, 

32,73,0.001, 0.0121073, 0.020779, 0.0218705, 0.0277937, 0.0845547, 0.0847214, 0.107477, 0.111127, 0.115045, 0.199249, 0.291542, 0.337886, 0.544784, 0.834502, 1, 

30,76,0.001, 0.0121073, 0.020779, 0.0218705, 0.0277937, 0.0845547, 0.0847214, 0.107477, 0.111127, 0.115045, 0.199249, 1, 

29,84,0.001, 0.0121073, 0.020779, 0.0218705, 0.0277937, 0.0845547, 0.0847214, 0.107477, 0.111127, 0.115045, 0.199249, 1, 

26,179,0.001, 0.0222841, 0.020779, 0.0218705, 0.0845547, 0.0847214, 0.10934, 0.111127, 1, 

Generation #35
28,91,0.001, 0.0322105, 0.020779, 0.0218705, 0.0277937, 0.0845547, 0.0847214, 0.107477, 0.111127, 0.115045, 0.199249, 1, 

27,93,0.001, 0.0322105, 0.020779, 0.0218705, 0.0277937, 0.0845547, 0.0847214, 0.107477, 0.111127, 0.32488, 1, 

32,73,0.001, 0.0121073, 0.020779, 0.0218705, 0.0277937, 0.0845547, 0.0847214, 0.107477, 0.111127, 0.115045, 0.199249, 0.291542, 0.337886, 0.544784, 0.834502, 1, 

30,76,0.001, 0.0121073, 0.020779, 0.0218705, 0.0277937, 0.0845547, 0.0847214, 0.107477, 0.111127, 0.115045, 0.199249, 1, 

29,84,0.001, 0.0121073, 0.020779, 0.0218705, 0.0277937, 0.0845547, 0.0847214, 0.107477, 0.111127, 0.115045, 0.199249, 1, 

26,179,0.001, 0.0222841, 0.020779, 0.0218705, 0.0845547, 0.0847214, 0.10934, 0.111127, 1, 

33,72,0.001, 0.0121073, 0.020779, 0.0218705, 0.0277937, 0.0845547, 0.0847214, 0.107477, 0.111127, 0.115045, 0.199249, 0.291542, 0.337886, 0.544784, 0.834502, 1, 

Generation #36
28,91,0.001, 0.0322105, 0.020779, 0.0218705, 0.0277937, 0.0845547, 0.0847214, 0.107477, 0.111127, 0.115045, 0.199249, 1, 

27,93,0.001, 0.0322105, 0.020779, 0.0218705, 0.0277937, 0.0845547, 0.0847214, 0.107477, 0.111127, 0.32488, 1, 

32,73,0.001, 0.0121073, 0.020779, 0.0218705, 0.0277937, 0.0845547, 0.0847214, 0.107477, 0.111127, 0.115045, 0.199249, 0.291542, 0.337886, 0.544784, 0.834502, 1, 

26,179,0.001, 0.0222841, 0.020779, 0.0218705, 0.0845547, 0.0847214, 0.10934, 0.111127, 1, 

33,72,0.001, 0.0121073, 0.020779, 0.0218705, 0.0277937, 0.0845547, 0.0847214, 0.107477, 0.111127, 0.115045, 0.199249, 0.291542, 0.337886, 0.544784, 0.834502, 1, 

29,75,0.001, 0.0121073, 0.020779, 0.0218705, 0.0277937, 0.0845547, 0.0847214, 0.107477, 0.111127, 0.115045, 0.199249, 1, 

Generation #37
28,91,0.001, 0.0322105, 0.020779, 0.0218705, 0.0277937, 0.0845547, 0.0847214, 0.107477, 0.111127, 0.115045, 0.199249, 1, 

27,93,0.001, 0.0322105, 0.020779, 0.0218705, 0.0277937, 0.0845547, 0.0847214, 0.107477, 0.111127, 0.32488, 1, 

32,73,0.001, 0.0121073, 0.020779, 0.0218705, 0.0277937, 0.0845547, 0.0847214, 0.107477, 0.111127, 0.115045, 0.199249, 0.291542, 0.337886, 0.544784, 0.834502, 1, 

26,179,0.001, 0.0222841, 0.020779, 0.0218705, 0.0845547, 0.0847214, 0.10934, 0.111127, 1, 

33,72,0.001, 0.0121073, 0.020779, 0.0218705, 0.0277937, 0.0845547, 0.0847214, 0.107477, 0.111127, 0.115045, 0.199249, 0.291542, 0.337886, 0.544784, 0.834502, 1, 

29,75,0.001, 0.0121073, 0.020779, 0.0218705, 0.0277937, 0.0845547, 0.0847214, 0.107477, 0.111127, 0.115045, 0.199249, 1, 

Generation #38
28,91,0.001, 0.0322105, 0.020779, 0.0218705, 0.0277937, 0.0845547, 0.0847214, 0.107477, 0.111127, 0.115045, 0.199249, 1, 

27,93,0.001, 0.0322105, 0.020779, 0.0218705, 0.0277937, 0.0845547, 0.0847214, 0.107477, 0.111127, 0.32488, 1, 

32,73,0.001, 0.0121073, 0.020779, 0.0218705, 0.0277937, 0.0845547, 0.0847214, 0.107477, 0.111127, 0.115045, 0.199249, 0.291542, 0.337886, 0.544784, 0.834502, 1, 

26,179,0.001, 0.0222841, 0.020779, 0.0218705, 0.0845547, 0.0847214, 0.10934, 0.111127, 1, 

33,72,0.001, 0.0121073, 0.020779, 0.0218705, 0.0277937, 0.0845547, 0.0847214, 0.107477, 0.111127, 0.115045, 0.199249, 0.291542, 0.337886, 0.544784, 0.834502, 1, 

29,75,0.001, 0.0121073, 0.020779, 0.0218705, 0.0277937, 0.0845547, 0.0847214, 0.107477, 0.111127, 0.115045, 0.199249, 1, 

Generation #39
28,91,0.001, 0.0322105, 0.020779, 0.0218705, 0.0277937, 0.0845547, 0.0847214, 0.107477, 0.111127, 0.115045, 0.199249, 1, 

27,93,0.001, 0.0322105, 0.020779, 0.0218705, 0.0277937, 0.0845547, 0.0847214, 0.107477, 0.111127, 0.32488, 1, 

32,73,0.001, 0.0121073, 0.020779, 0.0218705, 0.0277937, 0.0845547, 0.0847214, 0.107477, 0.111127, 0.115045, 0.199249, 0.291542, 0.337886, 0.544784, 0.834502, 1, 

26,179,0.001, 0.0222841, 0.020779, 0.0218705, 0.0845547, 0.0847214, 0.10934, 0.111127, 1, 

33,72,0.001, 0.0121073, 0.020779, 0.0218705, 0.0277937, 0.0845547, 0.0847214, 0.107477, 0.111127, 0.115045, 0.199249, 0.291542, 0.337886, 0.544784, 0.834502, 1, 

29,75,0.001, 0.0121073, 0.020779, 0.0218705, 0.0277937, 0.0845547, 0.0847214, 0.107477, 0.111127, 0.115045, 0.199249, 1, 

44,67,0.001, 0.0121073, 0.020779, 0.0218705, 0.0277937, 0.0845547, 0.0847214, 0.107477, 0.111127, 0.115045, 0.199249, 0.291542, 0.337886, 0.544784, 0.666794, 0.94243, 0.706324, 0.80513, 0.273312, 0.822091, 0.826186, 0.827547, 0.894292, 0.91197, 0.980299, 1, 

Generation #40
28,91,0.001, 0.0322105, 0.020779, 0.0218705, 0.0277937, 0.0845547, 0.0847214, 0.107477, 0.111127, 0.115045, 0.199249, 1, 

27,93,0.001, 0.0322105, 0.020779, 0.0218705, 0.0277937, 0.0845547, 0.0847214, 0.107477, 0.111127, 0.32488, 1, 

32,73,0.001, 0.0121073, 0.020779, 0.0218705, 0.0277937, 0.0845547, 0.0847214, 0.107477, 0.111127, 0.115045, 0.199249, 0.291542, 0.337886, 0.544784, 0.834502, 1, 

26,179,0.001, 0.0222841, 0.020779, 0.0218705, 0.0845547, 0.0847214, 0.10934, 0.111127, 1, 

33,72,0.001, 0.0121073, 0.020779, 0.0218705, 0.0277937, 0.0845547, 0.0847214, 0.107477, 0.111127, 0.115045, 0.199249, 0.291542, 0.337886, 0.544784, 0.834502, 1, 

29,75,0.001, 0.0121073, 0.020779, 0.0218705, 0.0277937, 0.0845547, 0.0847214, 0.107477, 0.111127, 0.115045, 0.199249, 1, 

44,67,0.001, 0.0121073, 0.020779, 0.0218705, 0.0277937, 0.0845547, 0.0847214, 0.107477, 0.111127, 0.115045, 0.199249, 0.291542, 0.337886, 0.544784, 0.666794, 0.94243, 0.706324, 0.80513, 0.273312, 0.822091, 0.826186, 0.827547, 0.894292, 0.91197, 0.980299, 1, 

Generation #41
28,91,0.001, 0.0322105, 0.020779, 0.0218705, 0.0277937, 0.0845547, 0.0847214, 0.107477, 0.111127, 0.115045, 0.199249, 1, 

27,93,0.001, 0.0322105, 0.020779, 0.0218705, 0.0277937, 0.0845547, 0.0847214, 0.107477, 0.111127, 0.32488, 1, 

32,73,0.001, 0.0121073, 0.020779, 0.0218705, 0.0277937, 0.0845547, 0.0847214, 0.107477, 0.111127, 0.115045, 0.199249, 0.291542, 0.337886, 0.544784, 0.834502, 1, 

26,179,0.001, 0.0222841, 0.020779, 0.0218705, 0.0845547, 0.0847214, 0.10934, 0.111127, 1, 

33,72,0.001, 0.0121073, 0.020779, 0.0218705, 0.0277937, 0.0845547, 0.0847214, 0.107477, 0.111127, 0.115045, 0.199249, 0.291542, 0.337886, 0.544784, 0.834502, 1, 

29,75,0.001, 0.0121073, 0.020779, 0.0218705, 0.0277937, 0.0845547, 0.0847214, 0.107477, 0.111127, 0.115045, 0.199249, 1, 

44,67,0.001, 0.0121073, 0.020779, 0.0218705, 0.0277937, 0.0845547, 0.0847214, 0.107477, 0.111127, 0.115045, 0.199249, 0.291542, 0.337886, 0.544784, 0.666794, 0.94243, 0.706324, 0.80513, 0.273312, 0.822091, 0.826186, 0.827547, 0.894292, 0.91197, 0.980299, 1, 

Generation #42
27,93,0.001, 0.0322105, 0.020779, 0.0218705, 0.0277937, 0.0845547, 0.0847214, 0.107477, 0.111127, 0.32488, 1, 

32,73,0.001, 0.0121073, 0.020779, 0.0218705, 0.0277937, 0.0845547, 0.0847214, 0.107477, 0.111127, 0.115045, 0.199249, 0.291542, 0.337886, 0.544784, 0.834502, 1, 

26,179,0.001, 0.0222841, 0.020779, 0.0218705, 0.0845547, 0.0847214, 0.10934, 0.111127, 1, 

33,72,0.001, 0.0121073, 0.020779, 0.0218705, 0.0277937, 0.0845547, 0.0847214, 0.107477, 0.111127, 0.115045, 0.199249, 0.291542, 0.337886, 0.544784, 0.834502, 1, 

29,75,0.001, 0.0121073, 0.020779, 0.0218705, 0.0277937, 0.0845547, 0.0847214, 0.107477, 0.111127, 0.115045, 0.199249, 1, 

44,67,0.001, 0.0121073, 0.020779, 0.0218705, 0.0277937, 0.0845547, 0.0847214, 0.107477, 0.111127, 0.115045, 0.199249, 0.291542, 0.337886, 0.544784, 0.666794, 0.94243, 0.706324, 0.80513, 0.273312, 0.822091, 0.826186, 0.827547, 0.894292, 0.91197, 0.980299, 1, 

28,82,0.001, 0.0121073, 0.020779, 0.0218705, 0.0277937, 0.0845547, 0.0847214, 0.107477, 0.111127, 0.115045, 0.199249, 1, 

Generation #43
27,93,0.001, 0.0322105, 0.020779, 0.0218705, 0.0277937, 0.0845547, 0.0847214, 0.107477, 0.111127, 0.32488, 1, 

32,73,0.001, 0.0121073, 0.020779, 0.0218705, 0.0277937, 0.0845547, 0.0847214, 0.107477, 0.111127, 0.115045, 0.199249, 0.291542, 0.337886, 0.544784, 0.834502, 1, 

26,179,0.001, 0.0222841, 0.020779, 0.0218705, 0.0845547, 0.0847214, 0.10934, 0.111127, 1, 

33,72,0.001, 0.0121073, 0.020779, 0.0218705, 0.0277937, 0.0845547, 0.0847214, 0.107477, 0.111127, 0.115045, 0.199249, 0.291542, 0.337886, 0.544784, 0.834502, 1, 

29,75,0.001, 0.0121073, 0.020779, 0.0218705, 0.0277937, 0.0845547, 0.0847214, 0.107477, 0.111127, 0.115045, 0.199249, 1, 

44,67,0.001, 0.0121073, 0.020779, 0.0218705, 0.0277937, 0.0845547, 0.0847214, 0.107477, 0.111127, 0.115045, 0.199249, 0.291542, 0.337886, 0.544784, 0.666794, 0.94243, 0.706324, 0.80513, 0.273312, 0.822091, 0.826186, 0.827547, 0.894292, 0.91197, 0.980299, 1, 

28,82,0.001, 0.0121073, 0.020779, 0.0218705, 0.0277937, 0.0845547, 0.0847214, 0.107477, 0.111127, 0.115045, 0.199249, 1, 

Generation #44
27,93,0.001, 0.0322105, 0.020779, 0.0218705, 0.0277937, 0.0845547, 0.0847214, 0.107477, 0.111127, 0.32488, 1, 

32,73,0.001, 0.0121073, 0.020779, 0.0218705, 0.0277937, 0.0845547, 0.0847214, 0.107477, 0.111127, 0.115045, 0.199249, 0.291542, 0.337886, 0.544784, 0.834502, 1, 

26,179,0.001, 0.0222841, 0.020779, 0.0218705, 0.0845547, 0.0847214, 0.10934, 0.111127, 1, 

33,72,0.001, 0.0121073, 0.020779, 0.0218705, 0.0277937, 0.0845547, 0.0847214, 0.107477, 0.111127, 0.115045, 0.199249, 0.291542, 0.337886, 0.544784, 0.834502, 1, 

29,75,0.001, 0.0121073, 0.020779, 0.0218705, 0.0277937, 0.0845547, 0.0847214, 0.107477, 0.111127, 0.115045, 0.199249, 1, 

44,67,0.001, 0.0121073, 0.020779, 0.0218705, 0.0277937, 0.0845547, 0.0847214, 0.107477, 0.111127, 0.115045, 0.199249, 0.291542, 0.337886, 0.544784, 0.666794, 0.94243, 0.706324, 0.80513, 0.273312, 0.822091, 0.826186, 0.827547, 0.894292, 0.91197, 0.980299, 1, 

28,82,0.001, 0.0121073, 0.020779, 0.0218705, 0.0277937, 0.0845547, 0.0847214, 0.107477, 0.111127, 0.115045, 0.199249, 1, 

Generation #45
27,93,0.001, 0.0322105, 0.020779, 0.0218705, 0.0277937, 0.0845547, 0.0847214, 0.107477, 0.111127, 0.32488, 1, 

32,73,0.001, 0.0121073, 0.020779, 0.0218705, 0.0277937, 0.0845547, 0.0847214, 0.107477, 0.111127, 0.115045, 0.199249, 0.291542, 0.337886, 0.544784, 0.834502, 1, 

26,179,0.001, 0.0222841, 0.020779, 0.0218705, 0.0845547, 0.0847214, 0.10934, 0.111127, 1, 

33,72,0.001, 0.0121073, 0.020779, 0.0218705, 0.0277937, 0.0845547, 0.0847214, 0.107477, 0.111127, 0.115045, 0.199249, 0.291542, 0.337886, 0.544784, 0.834502, 1, 

29,75,0.001, 0.0121073, 0.020779, 0.0218705, 0.0277937, 0.0845547, 0.0847214, 0.107477, 0.111127, 0.115045, 0.199249, 1, 

44,67,0.001, 0.0121073, 0.020779, 0.0218705, 0.0277937, 0.0845547, 0.0847214, 0.107477, 0.111127, 0.115045, 0.199249, 0.291542, 0.337886, 0.544784, 0.666794, 0.94243, 0.706324, 0.80513, 0.273312, 0.822091, 0.826186, 0.827547, 0.894292, 0.91197, 0.980299, 1, 

28,82,0.001, 0.0121073, 0.020779, 0.0218705, 0.0277937, 0.0845547, 0.0847214, 0.107477, 0.111127, 0.115045, 0.199249, 1, 

Generation #46
27,93,0.001, 0.0322105, 0.020779, 0.0218705, 0.0277937, 0.0845547, 0.0847214, 0.107477, 0.111127, 0.32488, 1, 

26,179,0.001, 0.0222841, 0.020779, 0.0218705, 0.0845547, 0.0847214, 0.10934, 0.111127, 1, 

29,75,0.001, 0.0121073, 0.020779, 0.0218705, 0.0277937, 0.0845547, 0.0847214, 0.107477, 0.111127, 0.115045, 0.199249, 1, 

44,67,0.001, 0.0121073, 0.020779, 0.0218705, 0.0277937, 0.0845547, 0.0847214, 0.107477, 0.111127, 0.115045, 0.199249, 0.291542, 0.337886, 0.544784, 0.666794, 0.94243, 0.706324, 0.80513, 0.273312, 0.822091, 0.826186, 0.827547, 0.894292, 0.91197, 0.980299, 1, 

28,82,0.001, 0.0121073, 0.020779, 0.0218705, 0.0277937, 0.0845547, 0.0847214, 0.107477, 0.111127, 0.115045, 0.199249, 1, 

31,71,0.001, 0.0121073, 0.020779, 0.0218705, 0.0277937, 0.0845547, 0.0847214, 0.107477, 0.111127, 0.115045, 0.199249, 0.291542, 0.337886, 0.544784, 0.834502, 1, 

Generation #47
27,93,0.001, 0.0322105, 0.020779, 0.0218705, 0.0277937, 0.0845547, 0.0847214, 0.107477, 0.111127, 0.32488, 1, 

26,179,0.001, 0.0222841, 0.020779, 0.0218705, 0.0845547, 0.0847214, 0.10934, 0.111127, 1, 

29,75,0.001, 0.0121073, 0.020779, 0.0218705, 0.0277937, 0.0845547, 0.0847214, 0.107477, 0.111127, 0.115045, 0.199249, 1, 

44,67,0.001, 0.0121073, 0.020779, 0.0218705, 0.0277937, 0.0845547, 0.0847214, 0.107477, 0.111127, 0.115045, 0.199249, 0.291542, 0.337886, 0.544784, 0.666794, 0.94243, 0.706324, 0.80513, 0.273312, 0.822091, 0.826186, 0.827547, 0.894292, 0.91197, 0.980299, 1, 

28,82,0.001, 0.0121073, 0.020779, 0.0218705, 0.0277937, 0.0845547, 0.0847214, 0.107477, 0.111127, 0.115045, 0.199249, 1, 

31,71,0.001, 0.0121073, 0.020779, 0.0218705, 0.0277937, 0.0845547, 0.0847214, 0.107477, 0.111127, 0.115045, 0.199249, 0.291542, 0.337886, 0.544784, 0.834502, 1, 

Generation #48
27,93,0.001, 0.0322105, 0.020779, 0.0218705, 0.0277937, 0.0845547, 0.0847214, 0.107477, 0.111127, 0.32488, 1, 

26,179,0.001, 0.0222841, 0.020779, 0.0218705, 0.0845547, 0.0847214, 0.10934, 0.111127, 1, 

29,75,0.001, 0.0121073, 0.020779, 0.0218705, 0.0277937, 0.0845547, 0.0847214, 0.107477, 0.111127, 0.115045, 0.199249, 1, 

44,67,0.001, 0.0121073, 0.020779, 0.0218705, 0.0277937, 0.0845547, 0.0847214, 0.107477, 0.111127, 0.115045, 0.199249, 0.291542, 0.337886, 0.544784, 0.666794, 0.94243, 0.706324, 0.80513, 0.273312, 0.822091, 0.826186, 0.827547, 0.894292, 0.91197, 0.980299, 1, 

28,82,0.001, 0.0121073, 0.020779, 0.0218705, 0.0277937, 0.0845547, 0.0847214, 0.107477, 0.111127, 0.115045, 0.199249, 1, 

31,71,0.001, 0.0121073, 0.020779, 0.0218705, 0.0277937, 0.0845547, 0.0847214, 0.107477, 0.111127, 0.115045, 0.199249, 0.291542, 0.337886, 0.544784, 0.834502, 1, 

Generation #49
27,93,0.001, 0.0322105, 0.020779, 0.0218705, 0.0277937, 0.0845547, 0.0847214, 0.107477, 0.111127, 0.32488, 1, 

26,179,0.001, 0.0222841, 0.020779, 0.0218705, 0.0845547, 0.0847214, 0.10934, 0.111127, 1, 

29,75,0.001, 0.0121073, 0.020779, 0.0218705, 0.0277937, 0.0845547, 0.0847214, 0.107477, 0.111127, 0.115045, 0.199249, 1, 

44,67,0.001, 0.0121073, 0.020779, 0.0218705, 0.0277937, 0.0845547, 0.0847214, 0.107477, 0.111127, 0.115045, 0.199249, 0.291542, 0.337886, 0.544784, 0.666794, 0.94243, 0.706324, 0.80513, 0.273312, 0.822091, 0.826186, 0.827547, 0.894292, 0.91197, 0.980299, 1, 

28,82,0.001, 0.0121073, 0.020779, 0.0218705, 0.0277937, 0.0845547, 0.0847214, 0.107477, 0.111127, 0.115045, 0.199249, 1, 

31,71,0.001, 0.0121073, 0.020779, 0.0218705, 0.0277937, 0.0845547, 0.0847214, 0.107477, 0.111127, 0.115045, 0.199249, 0.291542, 0.337886, 0.544784, 0.834502, 1, 

--- Pareto Front Solutions ---
Solution 0: N total=77 (N_initial=50, N_added=27), Time total=98 ms, Saved to: ./results/Flex_t2_l2_pareto_0.csv, percents=0.001, 0.0322105, 0.020779, 0.0218705, 0.0277937, 0.0845547, 0.0847214, 0.107477, 0.111127, 0.32488, 1, 

Solution 1: N total=76 (N_initial=50, N_added=26), Time total=184 ms, Saved to: ./results/Flex_t2_l2_pareto_1.csv, percents=0.001, 0.0222841, 0.020779, 0.0218705, 0.0845547, 0.0847214, 0.10934, 0.111127, 1, 

Solution 2: N total=79 (N_initial=50, N_added=29), Time total=80 ms, Saved to: ./results/Flex_t2_l2_pareto_2.csv, percents=0.001, 0.0121073, 0.020779, 0.0218705, 0.0277937, 0.0845547, 0.0847214, 0.107477, 0.111127, 0.115045, 0.199249, 1, 

Solution 3: N total=94 (N_initial=50, N_added=44), Time total=72 ms, Saved to: ./results/Flex_t2_l2_pareto_3.csv, percents=0.001, 0.0121073, 0.020779, 0.0218705, 0.0277937, 0.0845547, 0.0847214, 0.107477, 0.111127, 0.115045, 0.199249, 0.291542, 0.337886, 0.544784, 0.666794, 0.94243, 0.706324, 0.80513, 0.273312, 0.822091, 0.826186, 0.827547, 0.894292, 0.91197, 0.980299, 1, 

Solution 4: N total=78 (N_initial=50, N_added=28), Time total=87 ms, Saved to: ./results/Flex_t2_l2_pareto_4.csv, percents=0.001, 0.0121073, 0.020779, 0.0218705, 0.0277937, 0.0845547, 0.0847214, 0.107477, 0.111127, 0.115045, 0.199249, 1, 

Solution 5: N total=81 (N_initial=50, N_added=31), Time total=76 ms, Saved to: ./results/Flex_t2_l2_pareto_5.csv, percents=0.001, 0.0121073, 0.020779, 0.0218705, 0.0277937, 0.0845547, 0.0847214, 0.107477, 0.111127, 0.115045, 0.199249, 0.291542, 0.337886, 0.544784, 0.834502, 1, 

------------d=1, t=2, lambda=3, filename=./evaluation/Flex/Flex_2_3.csv------------
Grouping d-sets by partitioned row counts for detecting arrays...
Ready to look at pairs for detecting arrays...
First Stage N=75, Time=5
There are 142 remaining non-locating pairs
--- Running GA Algorithm (phase2) ---
Running GA with std::execution::par
Generation #0
23,59,0.001, 0.137066, 0.162196, 0.18935, 0.229277, 0.277026, 0.339708, 0.367209, 0.463371, 0.474485, 0.65802, 0.693354, 0.702174, 1, 

32,19,0.001, 0.0305535, 0.043715, 0.059684, 0.0806435, 0.0834922, 0.0905413, 0.117826, 0.212522, 0.249602, 0.2873, 0.340502, 0.34074, 0.382564, 0.399409, 0.517951, 0.57696, 0.577396, 0.594943, 0.747703, 0.797668, 0.858637, 0.945577, 0.951766, 1, 

22,61,0.001, 0.0680062, 0.225214, 0.244226, 0.290425, 0.497107, 0.498565, 0.681042, 0.778586, 0.804063, 1, 

28,28,0.001, 0.0816479, 0.0978773, 0.115054, 0.120963, 0.130024, 0.140468, 0.150194, 0.395918, 0.397456, 0.418209, 0.51996, 0.662212, 0.695459, 0.700364, 0.827066, 0.945743, 0.994567, 1, 

25,35,0.001, 0.0512495, 0.0537572, 0.252245, 0.258733, 0.271026, 0.375861, 0.390023, 0.397729, 0.585719, 0.646505, 0.929174, 0.945339, 0.959569, 0.961538, 1, 

Generation #1
24,22,0.001, 0.0683673, 0.0835957, 0.0840322, 0.10254, 0.12284, 0.124512, 0.283817, 0.324832, 0.340243, 0.348455, 0.476041, 0.483912, 0.485846, 0.549377, 1, 

22,33,0.001, 0.0547619, 0.0644728, 0.114149, 0.180449, 0.310862, 0.485042, 0.49018, 0.517361, 0.566666, 0.597504, 1, 

21,48,0.001, 0.046795, 0.102189, 0.168383, 0.220811, 0.248428, 0.258405, 0.310583, 0.330904, 0.338182, 1, 

19,68,0.001, 0.163606, 0.23664, 0.263061, 0.273025, 0.592988, 0.694814, 0.78947, 0.811886, 0.932592, 1, 

23,24,0.001, 0.0386235, 0.0500886, 0.0621853, 0.082256, 0.140864, 0.195144, 0.228776, 0.550113, 0.550415, 0.792108, 0.848243, 0.910558, 1, 

29,15,0.001, 0.048246, 0.0639236, 0.0675074, 0.0883472, 0.127334, 0.149176, 0.151792, 0.165464, 0.166132, 0.185033, 0.201157, 0.254588, 0.273139, 0.301766, 0.330877, 0.348143, 0.360943, 0.830509, 0.894883, 0.913369, 0.951957, 1, 

Generation #2
29,15,0.001, 0.048246, 0.0639236, 0.0675074, 0.0883472, 0.127334, 0.149176, 0.151792, 0.165464, 0.166132, 0.185033, 0.201157, 0.254588, 0.273139, 0.301766, 0.330877, 0.348143, 0.360943, 0.830509, 0.894883, 0.913369, 0.951957, 1, 

25,20,0.001, 0.0149617, 0.0477376, 0.0671783, 0.129392, 0.146255, 0.238238, 0.324931, 0.339727, 0.344765, 0.461942, 0.494398, 0.608165, 0.628516, 0.961538, 1, 

19,26,0.001, 0.0305535, 0.177365, 0.043715, 0.059684, 0.0806435, 0.0834922, 0.0905413, 0.117826, 0.212522, 0.932592, 1, 

23,21,0.001, 0.0816479, 0.0978773, 0.115054, 0.120963, 0.130024, 0.140468, 0.150194, 0.395918, 0.397456, 0.418209, 0.51996, 0.662212, 0.695459, 0.961538, 1, 

Generation #3
29,15,0.001, 0.048246, 0.0639236, 0.0675074, 0.0883472, 0.127334, 0.149176, 0.151792, 0.165464, 0.166132, 0.185033, 0.201157, 0.254588, 0.273139, 0.301766, 0.330877, 0.348143, 0.360943, 0.830509, 0.894883, 0.913369, 0.951957, 1, 

19,26,0.001, 0.0305535, 0.177365, 0.043715, 0.059684, 0.0806435, 0.0834922, 0.0905413, 0.117826, 0.212522, 0.932592, 1, 

20,21,0.001, 0.0305535, 0.043715, 0.059684, 0.0806435, 0.0834922, 0.117826, 0.212522, 0.249602, 0.2873, 1, 

22,19,0.001, 0.0305535, 0.043715, 0.059684, 0.0806435, 0.0834922, 0.0905413, 0.117826, 0.550113, 0.550415, 0.792108, 0.848243, 0.910558, 1, 

34,14,0.001, 0.024265, 0.0472234, 0.0550327, 0.0662799, 0.0870605, 0.180316, 0.209778, 0.259186, 0.282131, 0.327074, 0.357586, 0.363916, 0.437437, 0.480765, 0.521366, 0.589886, 0.598954, 0.711032, 0.74329, 0.795481, 0.796056, 0.810317, 0.828628, 0.837461, 0.886826, 0.904637, 1, 

Generation #4
29,15,0.001, 0.048246, 0.0639236, 0.0675074, 0.0883472, 0.127334, 0.149176, 0.151792, 0.165464, 0.166132, 0.185033, 0.201157, 0.254588, 0.273139, 0.301766, 0.330877, 0.348143, 0.360943, 0.830509, 0.894883, 0.913369, 0.951957, 1, 

34,14,0.001, 0.024265, 0.0472234, 0.0550327, 0.0662799, 0.0870605, 0.180316, 0.209778, 0.259186, 0.282131, 0.327074, 0.357586, 0.363916, 0.437437, 0.480765, 0.521366, 0.589886, 0.598954, 0.711032, 0.74329, 0.795481, 0.796056, 0.810317, 0.828628, 0.837461, 0.886826, 0.904637, 1, 

18,19,0.0305535, 0.043715, 0.059684, 0.0806435, 0.0834922, 0.135985, 0.681042, 0.778586, 0.804063, 1, 

Generation #5
29,15,0.001, 0.048246, 0.0639236, 0.0675074, 0.0883472, 0.127334, 0.149176, 0.151792, 0.165464, 0.166132, 0.185033, 0.201157, 0.254588, 0.273139, 0.301766, 0.330877, 0.348143, 0.360943, 0.830509, 0.894883, 0.913369, 0.951957, 1, 

18,19,0.0305535, 0.043715, 0.059684, 0.0806435, 0.0834922, 0.135985, 0.681042, 0.778586, 0.804063, 1, 

30,12,0.001, 0.0305535, 0.043715, 0.059684, 0.0806435, 0.0834922, 0.0905413, 0.117826, 0.212522, 0.249602, 0.2873, 0.340502, 0.34074, 0.382564, 0.399409, 0.517951, 0.57696, 0.577396, 0.594943, 0.747703, 0.797668, 0.858637, 0.945577, 0.951766, 1, 

19,16,0.001, 0.024265, 0.0472234, 0.0550327, 0.0662799, 0.0870605, 0.180316, 0.209778, 0.259186, 0.359942, 1, 

Generation #6
29,15,0.001, 0.048246, 0.0639236, 0.0675074, 0.0883472, 0.127334, 0.149176, 0.151792, 0.165464, 0.166132, 0.185033, 0.201157, 0.254588, 0.273139, 0.301766, 0.330877, 0.348143, 0.360943, 0.830509, 0.894883, 0.913369, 0.951957, 1, 

18,19,0.0305535, 0.043715, 0.059684, 0.0806435, 0.0834922, 0.135985, 0.681042, 0.778586, 0.804063, 1, 

30,12,0.001, 0.0305535, 0.043715, 0.059684, 0.0806435, 0.0834922, 0.0905413, 0.117826, 0.212522, 0.249602, 0.2873, 0.340502, 0.34074, 0.382564, 0.399409, 0.517951, 0.57696, 0.577396, 0.594943, 0.747703, 0.797668, 0.858637, 0.945577, 0.951766, 1, 

19,16,0.001, 0.024265, 0.0472234, 0.0550327, 0.0662799, 0.0870605, 0.180316, 0.209778, 0.259186, 0.359942, 1, 

Generation #7
18,19,0.0305535, 0.043715, 0.059684, 0.0806435, 0.0834922, 0.135985, 0.681042, 0.778586, 0.804063, 1, 

30,12,0.001, 0.0305535, 0.043715, 0.059684, 0.0806435, 0.0834922, 0.0905413, 0.117826, 0.212522, 0.249602, 0.2873, 0.340502, 0.34074, 0.382564, 0.399409, 0.517951, 0.57696, 0.577396, 0.594943, 0.747703, 0.797668, 0.858637, 0.945577, 0.951766, 1, 

19,16,0.001, 0.024265, 0.0472234, 0.0550327, 0.0662799, 0.0870605, 0.180316, 0.209778, 0.259186, 0.359942, 1, 

27,13,0.001, 0.0305535, 0.043715, 0.059684, 0.125138, 0.133335, 0.135985, 0.15312, 0.160938, 0.178909, 0.219093, 0.277117, 0.390738, 0.469943, 0.536017, 0.645383, 0.708171, 0.771143, 0.849228, 0.981154, 0.984971, 1, 

Generation #8
18,19,0.0305535, 0.043715, 0.059684, 0.0806435, 0.0834922, 0.135985, 0.681042, 0.778586, 0.804063, 1, 

30,12,0.001, 0.0305535, 0.043715, 0.059684, 0.0806435, 0.0834922, 0.0905413, 0.117826, 0.212522, 0.249602, 0.2873, 0.340502, 0.34074, 0.382564, 0.399409, 0.517951, 0.57696, 0.577396, 0.594943, 0.747703, 0.797668, 0.858637, 0.945577, 0.951766, 1, 

19,16,0.001, 0.024265, 0.0472234, 0.0550327, 0.0662799, 0.0870605, 0.180316, 0.209778, 0.259186, 0.359942, 1, 

27,13,0.001, 0.0305535, 0.043715, 0.059684, 0.125138, 0.133335, 0.135985, 0.15312, 0.160938, 0.178909, 0.219093, 0.277117, 0.390738, 0.469943, 0.536017, 0.645383, 0.708171, 0.771143, 0.849228, 0.981154, 0.984971, 1, 

Generation #9
18,19,0.0305535, 0.043715, 0.059684, 0.0806435, 0.0834922, 0.135985, 0.681042, 0.778586, 0.804063, 1, 

19,16,0.001, 0.024265, 0.0472234, 0.0550327, 0.0662799, 0.0870605, 0.180316, 0.209778, 0.259186, 0.359942, 1, 

27,13,0.001, 0.0305535, 0.043715, 0.059684, 0.125138, 0.133335, 0.135985, 0.15312, 0.160938, 0.178909, 0.219093, 0.277117, 0.390738, 0.469943, 0.536017, 0.645383, 0.708171, 0.771143, 0.849228, 0.981154, 0.984971, 1, 

23,15,0.001, 0.048246, 0.0639236, 0.0675074, 0.0883472, 0.127334, 0.149176, 0.151792, 0.165464, 0.166132, 0.185033, 0.201157, 0.254588, 0.273139, 0.961538, 1, 

30,11,0.001, 0.0305535, 0.043715, 0.059684, 0.0806435, 0.0834922, 0.0905413, 0.117826, 0.212522, 0.249602, 0.2873, 0.340502, 0.34074, 0.382564, 0.399409, 0.517951, 0.57696, 0.577396, 0.594943, 0.747703, 0.797668, 0.858637, 0.945577, 0.951766, 1, 

Generation #10
18,19,0.0305535, 0.043715, 0.059684, 0.0806435, 0.0834922, 0.135985, 0.681042, 0.778586, 0.804063, 1, 

19,16,0.001, 0.024265, 0.0472234, 0.0550327, 0.0662799, 0.0870605, 0.180316, 0.209778, 0.259186, 0.359942, 1, 

27,13,0.001, 0.0305535, 0.043715, 0.059684, 0.125138, 0.133335, 0.135985, 0.15312, 0.160938, 0.178909, 0.219093, 0.277117, 0.390738, 0.469943, 0.536017, 0.645383, 0.708171, 0.771143, 0.849228, 0.981154, 0.984971, 1, 

23,15,0.001, 0.048246, 0.0639236, 0.0675074, 0.0883472, 0.127334, 0.149176, 0.151792, 0.165464, 0.166132, 0.185033, 0.201157, 0.254588, 0.273139, 0.961538, 1, 

30,11,0.001, 0.0305535, 0.043715, 0.059684, 0.0806435, 0.0834922, 0.0905413, 0.117826, 0.212522, 0.249602, 0.2873, 0.340502, 0.34074, 0.382564, 0.399409, 0.517951, 0.57696, 0.577396, 0.594943, 0.747703, 0.797668, 0.858637, 0.945577, 0.951766, 1, 

Generation #11
18,19,0.0305535, 0.043715, 0.059684, 0.0806435, 0.0834922, 0.135985, 0.681042, 0.778586, 0.804063, 1, 

19,16,0.001, 0.024265, 0.0472234, 0.0550327, 0.0662799, 0.0870605, 0.180316, 0.209778, 0.259186, 0.359942, 1, 

27,13,0.001, 0.0305535, 0.043715, 0.059684, 0.125138, 0.133335, 0.135985, 0.15312, 0.160938, 0.178909, 0.219093, 0.277117, 0.390738, 0.469943, 0.536017, 0.645383, 0.708171, 0.771143, 0.849228, 0.981154, 0.984971, 1, 

23,14,0.001, 0.0305535, 0.043715, 0.059684, 0.0806435, 0.0834922, 0.140468, 0.150194, 0.395918, 0.397456, 0.418209, 0.51996, 0.662212, 0.695459, 0.961538, 1, 

29,11,0.001, 0.0149617, 0.043715, 0.059684, 0.0806435, 0.0834922, 0.0905413, 0.117826, 0.212522, 0.249602, 0.2873, 0.340502, 0.34074, 0.382564, 0.399409, 0.517951, 0.57696, 0.577396, 0.594943, 0.747703, 0.797668, 0.858637, 0.945577, 0.951766, 1, 

Generation #12
18,19,0.0305535, 0.043715, 0.059684, 0.0806435, 0.0834922, 0.135985, 0.681042, 0.778586, 0.804063, 1, 

19,16,0.001, 0.024265, 0.0472234, 0.0550327, 0.0662799, 0.0870605, 0.180316, 0.209778, 0.259186, 0.359942, 1, 

27,13,0.001, 0.0305535, 0.043715, 0.059684, 0.125138, 0.133335, 0.135985, 0.15312, 0.160938, 0.178909, 0.219093, 0.277117, 0.390738, 0.469943, 0.536017, 0.645383, 0.708171, 0.771143, 0.849228, 0.981154, 0.984971, 1, 

23,14,0.001, 0.0305535, 0.043715, 0.059684, 0.0806435, 0.0834922, 0.140468, 0.150194, 0.395918, 0.397456, 0.418209, 0.51996, 0.662212, 0.695459, 0.961538, 1, 

29,11,0.001, 0.0149617, 0.043715, 0.059684, 0.0806435, 0.0834922, 0.0905413, 0.117826, 0.212522, 0.249602, 0.2873, 0.340502, 0.34074, 0.382564, 0.399409, 0.517951, 0.57696, 0.577396, 0.594943, 0.747703, 0.797668, 0.858637, 0.945577, 0.951766, 1, 

Generation #13
18,19,0.0305535, 0.043715, 0.059684, 0.0806435, 0.0834922, 0.135985, 0.681042, 0.778586, 0.804063, 1, 

19,16,0.001, 0.024265, 0.0472234, 0.0550327, 0.0662799, 0.0870605, 0.180316, 0.209778, 0.259186, 0.359942, 1, 

29,11,0.001, 0.0149617, 0.043715, 0.059684, 0.0806435, 0.0834922, 0.0905413, 0.117826, 0.212522, 0.249602, 0.2873, 0.340502, 0.34074, 0.382564, 0.399409, 0.517951, 0.57696, 0.577396, 0.594943, 0.747703, 0.797668, 0.858637, 0.945577, 0.951766, 1, 

22,13,0.001, 0.0305535, 0.043715, 0.059684, 0.0806435, 0.0834922, 0.0905413, 0.117826, 0.212522, 0.249602, 0.2873, 0.340502, 0.254588, 0.273139, 0.961538, 1, 

Generation #14
18,19,0.0305535, 0.043715, 0.059684, 0.0806435, 0.0834922, 0.135985, 0.681042, 0.778586, 0.804063, 1, 

19,16,0.001, 0.024265, 0.0472234, 0.0550327, 0.0662799, 0.0870605, 0.180316, 0.209778, 0.259186, 0.359942, 1, 

29,11,0.001, 0.0149617, 0.043715, 0.059684, 0.0806435, 0.0834922, 0.0905413, 0.117826, 0.212522, 0.249602, 0.2873, 0.340502, 0.34074, 0.382564, 0.399409, 0.517951, 0.57696, 0.577396, 0.594943, 0.747703, 0.797668, 0.858637, 0.945577, 0.951766, 1, 

22,13,0.001, 0.0305535, 0.043715, 0.059684, 0.0806435, 0.0834922, 0.0905413, 0.117826, 0.212522, 0.249602, 0.2873, 0.340502, 0.254588, 0.273139, 0.961538, 1, 

17,26,0.001, 0.0305535, 0.043715, 0.059684, 0.0806435, 0.0834922, 0.117826, 0.0895253, 0.212522, 0.804063, 1, 

Generation #15
18,19,0.0305535, 0.043715, 0.059684, 0.0806435, 0.0834922, 0.135985, 0.681042, 0.778586, 0.804063, 1, 

19,16,0.001, 0.024265, 0.0472234, 0.0550327, 0.0662799, 0.0870605, 0.180316, 0.209778, 0.259186, 0.359942, 1, 

29,11,0.001, 0.0149617, 0.043715, 0.059684, 0.0806435, 0.0834922, 0.0905413, 0.117826, 0.212522, 0.249602, 0.2873, 0.340502, 0.34074, 0.382564, 0.399409, 0.517951, 0.57696, 0.577396, 0.594943, 0.747703, 0.797668, 0.858637, 0.945577, 0.951766, 1, 

22,13,0.001, 0.0305535, 0.043715, 0.059684, 0.0806435, 0.0834922, 0.0905413, 0.117826, 0.212522, 0.249602, 0.2873, 0.340502, 0.254588, 0.273139, 0.961538, 1, 

17,26,0.001, 0.0305535, 0.043715, 0.059684, 0.0806435, 0.0834922, 0.117826, 0.0895253, 0.212522, 0.804063, 1, 

Generation #16
18,19,0.0305535, 0.043715, 0.059684, 0.0806435, 0.0834922, 0.135985, 0.681042, 0.778586, 0.804063, 1, 

19,16,0.001, 0.024265, 0.0472234, 0.0550327, 0.0662799, 0.0870605, 0.180316, 0.209778, 0.259186, 0.359942, 1, 

29,11,0.001, 0.0149617, 0.043715, 0.059684, 0.0806435, 0.0834922, 0.0905413, 0.117826, 0.212522, 0.249602, 0.2873, 0.340502, 0.34074, 0.382564, 0.399409, 0.517951, 0.57696, 0.577396, 0.594943, 0.747703, 0.797668, 0.858637, 0.945577, 0.951766, 1, 

22,13,0.001, 0.0305535, 0.043715, 0.059684, 0.0806435, 0.0834922, 0.0905413, 0.117826, 0.212522, 0.249602, 0.2873, 0.340502, 0.254588, 0.273139, 0.961538, 1, 

17,26,0.001, 0.0305535, 0.043715, 0.059684, 0.0806435, 0.0834922, 0.117826, 0.0895253, 0.212522, 0.804063, 1, 

Generation #17
18,19,0.0305535, 0.043715, 0.059684, 0.0806435, 0.0834922, 0.135985, 0.681042, 0.778586, 0.804063, 1, 

29,11,0.001, 0.0149617, 0.043715, 0.059684, 0.0806435, 0.0834922, 0.0905413, 0.117826, 0.212522, 0.249602, 0.2873, 0.340502, 0.34074, 0.382564, 0.399409, 0.517951, 0.57696, 0.577396, 0.594943, 0.747703, 0.797668, 0.858637, 0.945577, 0.951766, 1, 

22,13,0.001, 0.0305535, 0.043715, 0.059684, 0.0806435, 0.0834922, 0.0905413, 0.117826, 0.212522, 0.249602, 0.2873, 0.340502, 0.254588, 0.273139, 0.961538, 1, 

17,26,0.001, 0.0305535, 0.043715, 0.059684, 0.0806435, 0.0834922, 0.117826, 0.0895253, 0.212522, 0.804063, 1, 

19,14,0.001, 0.0305535, 0.043715, 0.0550327, 0.0662799, 0.0870605, 0.180316, 0.209778, 0.602723, 0.259186, 0.359942, 1, 

Generation #18
18,19,0.0305535, 0.043715, 0.059684, 0.0806435, 0.0834922, 0.135985, 0.681042, 0.778586, 0.804063, 1, 

29,11,0.001, 0.0149617, 0.043715, 0.059684, 0.0806435, 0.0834922, 0.0905413, 0.117826, 0.212522, 0.249602, 0.2873, 0.340502, 0.34074, 0.382564, 0.399409, 0.517951, 0.57696, 0.577396, 0.594943, 0.747703, 0.797668, 0.858637, 0.945577, 0.951766, 1, 

22,13,0.001, 0.0305535, 0.043715, 0.059684, 0.0806435, 0.0834922, 0.0905413, 0.117826, 0.212522, 0.249602, 0.2873, 0.340502, 0.254588, 0.273139, 0.961538, 1, 

17,26,0.001, 0.0305535, 0.043715, 0.059684, 0.0806435, 0.0834922, 0.117826, 0.0895253, 0.212522, 0.804063, 1, 

19,14,0.001, 0.0305535, 0.043715, 0.0550327, 0.0662799, 0.0870605, 0.180316, 0.209778, 0.602723, 0.259186, 0.359942, 1, 

Generation #19
18,19,0.0305535, 0.043715, 0.059684, 0.0806435, 0.0834922, 0.135985, 0.681042, 0.778586, 0.804063, 1, 

29,11,0.001, 0.0149617, 0.043715, 0.059684, 0.0806435, 0.0834922, 0.0905413, 0.117826, 0.212522, 0.249602, 0.2873, 0.340502, 0.34074, 0.382564, 0.399409, 0.517951, 0.57696, 0.577396, 0.594943, 0.747703, 0.797668, 0.858637, 0.945577, 0.951766, 1, 

22,13,0.001, 0.0305535, 0.043715, 0.059684, 0.0806435, 0.0834922, 0.0905413, 0.117826, 0.212522, 0.249602, 0.2873, 0.340502, 0.254588, 0.273139, 0.961538, 1, 

17,26,0.001, 0.0305535, 0.043715, 0.059684, 0.0806435, 0.0834922, 0.117826, 0.0895253, 0.212522, 0.804063, 1, 

19,14,0.001, 0.0305535, 0.043715, 0.0550327, 0.0662799, 0.0870605, 0.180316, 0.209778, 0.602723, 0.259186, 0.359942, 1, 

Generation #20
18,19,0.0305535, 0.043715, 0.059684, 0.0806435, 0.0834922, 0.135985, 0.681042, 0.778586, 0.804063, 1, 

29,11,0.001, 0.0149617, 0.043715, 0.059684, 0.0806435, 0.0834922, 0.0905413, 0.117826, 0.212522, 0.249602, 0.2873, 0.340502, 0.34074, 0.382564, 0.399409, 0.517951, 0.57696, 0.577396, 0.594943, 0.747703, 0.797668, 0.858637, 0.945577, 0.951766, 1, 

22,13,0.001, 0.0305535, 0.043715, 0.059684, 0.0806435, 0.0834922, 0.0905413, 0.117826, 0.212522, 0.249602, 0.2873, 0.340502, 0.254588, 0.273139, 0.961538, 1, 

17,26,0.001, 0.0305535, 0.043715, 0.059684, 0.0806435, 0.0834922, 0.117826, 0.0895253, 0.212522, 0.804063, 1, 

19,14,0.001, 0.0305535, 0.043715, 0.0550327, 0.0662799, 0.0870605, 0.180316, 0.209778, 0.602723, 0.259186, 0.359942, 1, 

Generation #21
18,19,0.0305535, 0.043715, 0.059684, 0.0806435, 0.0834922, 0.135985, 0.681042, 0.778586, 0.804063, 1, 

29,11,0.001, 0.0149617, 0.043715, 0.059684, 0.0806435, 0.0834922, 0.0905413, 0.117826, 0.212522, 0.249602, 0.2873, 0.340502, 0.34074, 0.382564, 0.399409, 0.517951, 0.57696, 0.577396, 0.594943, 0.747703, 0.797668, 0.858637, 0.945577, 0.951766, 1, 

22,13,0.001, 0.0305535, 0.043715, 0.059684, 0.0806435, 0.0834922, 0.0905413, 0.117826, 0.212522, 0.249602, 0.2873, 0.340502, 0.254588, 0.273139, 0.961538, 1, 

17,26,0.001, 0.0305535, 0.043715, 0.059684, 0.0806435, 0.0834922, 0.117826, 0.0895253, 0.212522, 0.804063, 1, 

19,14,0.001, 0.0305535, 0.043715, 0.0550327, 0.0662799, 0.0870605, 0.180316, 0.209778, 0.602723, 0.259186, 0.359942, 1, 

Generation #22
18,19,0.0305535, 0.043715, 0.059684, 0.0806435, 0.0834922, 0.135985, 0.681042, 0.778586, 0.804063, 1, 

29,11,0.001, 0.0149617, 0.043715, 0.059684, 0.0806435, 0.0834922, 0.0905413, 0.117826, 0.212522, 0.249602, 0.2873, 0.340502, 0.34074, 0.382564, 0.399409, 0.517951, 0.57696, 0.577396, 0.594943, 0.747703, 0.797668, 0.858637, 0.945577, 0.951766, 1, 

22,13,0.001, 0.0305535, 0.043715, 0.059684, 0.0806435, 0.0834922, 0.0905413, 0.117826, 0.212522, 0.249602, 0.2873, 0.340502, 0.254588, 0.273139, 0.961538, 1, 

17,26,0.001, 0.0305535, 0.043715, 0.059684, 0.0806435, 0.0834922, 0.117826, 0.0895253, 0.212522, 0.804063, 1, 

19,14,0.001, 0.0305535, 0.043715, 0.0550327, 0.0662799, 0.0870605, 0.180316, 0.209778, 0.602723, 0.259186, 0.359942, 1, 

Generation #23
18,19,0.0305535, 0.043715, 0.059684, 0.0806435, 0.0834922, 0.135985, 0.681042, 0.778586, 0.804063, 1, 

29,11,0.001, 0.0149617, 0.043715, 0.059684, 0.0806435, 0.0834922, 0.0905413, 0.117826, 0.212522, 0.249602, 0.2873, 0.340502, 0.34074, 0.382564, 0.399409, 0.517951, 0.57696, 0.577396, 0.594943, 0.747703, 0.797668, 0.858637, 0.945577, 0.951766, 1, 

22,13,0.001, 0.0305535, 0.043715, 0.059684, 0.0806435, 0.0834922, 0.0905413, 0.117826, 0.212522, 0.249602, 0.2873, 0.340502, 0.254588, 0.273139, 0.961538, 1, 

17,26,0.001, 0.0305535, 0.043715, 0.059684, 0.0806435, 0.0834922, 0.117826, 0.0895253, 0.212522, 0.804063, 1, 

19,14,0.001, 0.0305535, 0.043715, 0.0550327, 0.0662799, 0.0870605, 0.180316, 0.209778, 0.602723, 0.259186, 0.359942, 1, 

Generation #24
18,19,0.0305535, 0.043715, 0.059684, 0.0806435, 0.0834922, 0.135985, 0.681042, 0.778586, 0.804063, 1, 

29,11,0.001, 0.0149617, 0.043715, 0.059684, 0.0806435, 0.0834922, 0.0905413, 0.117826, 0.212522, 0.249602, 0.2873, 0.340502, 0.34074, 0.382564, 0.399409, 0.517951, 0.57696, 0.577396, 0.594943, 0.747703, 0.797668, 0.858637, 0.945577, 0.951766, 1, 

22,13,0.001, 0.0305535, 0.043715, 0.059684, 0.0806435, 0.0834922, 0.0905413, 0.117826, 0.212522, 0.249602, 0.2873, 0.340502, 0.254588, 0.273139, 0.961538, 1, 

17,26,0.001, 0.0305535, 0.043715, 0.059684, 0.0806435, 0.0834922, 0.117826, 0.0895253, 0.212522, 0.804063, 1, 

19,14,0.001, 0.0305535, 0.043715, 0.0550327, 0.0662799, 0.0870605, 0.180316, 0.209778, 0.602723, 0.259186, 0.359942, 1, 

Generation #25
29,11,0.001, 0.0149617, 0.043715, 0.059684, 0.0806435, 0.0834922, 0.0905413, 0.117826, 0.212522, 0.249602, 0.2873, 0.340502, 0.34074, 0.382564, 0.399409, 0.517951, 0.57696, 0.577396, 0.594943, 0.747703, 0.797668, 0.858637, 0.945577, 0.951766, 1, 

22,13,0.001, 0.0305535, 0.043715, 0.059684, 0.0806435, 0.0834922, 0.0905413, 0.117826, 0.212522, 0.249602, 0.2873, 0.340502, 0.254588, 0.273139, 0.961538, 1, 

17,26,0.001, 0.0305535, 0.043715, 0.059684, 0.0806435, 0.0834922, 0.117826, 0.0895253, 0.212522, 0.804063, 1, 

19,14,0.001, 0.0305535, 0.043715, 0.0550327, 0.0662799, 0.0870605, 0.180316, 0.209778, 0.602723, 0.259186, 0.359942, 1, 

18,17,0.001, 0.024265, 0.0472234, 0.0550327, 0.0662799, 0.0870605, 0.180316, 0.209778, 0.804063, 1, 

Generation #26
29,11,0.001, 0.0149617, 0.043715, 0.059684, 0.0806435, 0.0834922, 0.0905413, 0.117826, 0.212522, 0.249602, 0.2873, 0.340502, 0.34074, 0.382564, 0.399409, 0.517951, 0.57696, 0.577396, 0.594943, 0.747703, 0.797668, 0.858637, 0.945577, 0.951766, 1, 

22,13,0.001, 0.0305535, 0.043715, 0.059684, 0.0806435, 0.0834922, 0.0905413, 0.117826, 0.212522, 0.249602, 0.2873, 0.340502, 0.254588, 0.273139, 0.961538, 1, 

17,26,0.001, 0.0305535, 0.043715, 0.059684, 0.0806435, 0.0834922, 0.117826, 0.0895253, 0.212522, 0.804063, 1, 

19,14,0.001, 0.0305535, 0.043715, 0.0550327, 0.0662799, 0.0870605, 0.180316, 0.209778, 0.602723, 0.259186, 0.359942, 1, 

18,17,0.001, 0.024265, 0.0472234, 0.0550327, 0.0662799, 0.0870605, 0.180316, 0.209778, 0.804063, 1, 

Generation #27
29,11,0.001, 0.0149617, 0.043715, 0.059684, 0.0806435, 0.0834922, 0.0905413, 0.117826, 0.212522, 0.249602, 0.2873, 0.340502, 0.34074, 0.382564, 0.399409, 0.517951, 0.57696, 0.577396, 0.594943, 0.747703, 0.797668, 0.858637, 0.945577, 0.951766, 1, 

17,26,0.001, 0.0305535, 0.043715, 0.059684, 0.0806435, 0.0834922, 0.117826, 0.0895253, 0.212522, 0.804063, 1, 

19,14,0.001, 0.0305535, 0.043715, 0.0550327, 0.0662799, 0.0870605, 0.180316, 0.209778, 0.602723, 0.259186, 0.359942, 1, 

18,17,0.001, 0.024265, 0.0472234, 0.0550327, 0.0662799, 0.0870605, 0.180316, 0.209778, 0.804063, 1, 

20,13,0.001, 0.0149617, 0.043715, 0.059684, 0.0806435, 0.0834922, 0.0905413, 0.117826, 0.212522, 0.249602, 0.2873, 0.340502, 0.390738, 1, 

Generation #28
29,11,0.001, 0.0149617, 0.043715, 0.059684, 0.0806435, 0.0834922, 0.0905413, 0.117826, 0.212522, 0.249602, 0.2873, 0.340502, 0.34074, 0.382564, 0.399409, 0.517951, 0.57696, 0.577396, 0.594943, 0.747703, 0.797668, 0.858637, 0.945577, 0.951766, 1, 

17,26,0.001, 0.0305535, 0.043715, 0.059684, 0.0806435, 0.0834922, 0.117826, 0.0895253, 0.212522, 0.804063, 1, 

19,14,0.001, 0.0305535, 0.043715, 0.0550327, 0.0662799, 0.0870605, 0.180316, 0.209778, 0.602723, 0.259186, 0.359942, 1, 

18,17,0.001, 0.024265, 0.0472234, 0.0550327, 0.0662799, 0.0870605, 0.180316, 0.209778, 0.804063, 1, 

20,13,0.001, 0.0149617, 0.043715, 0.059684, 0.0806435, 0.0834922, 0.0905413, 0.117826, 0.212522, 0.249602, 0.2873, 0.340502, 0.390738, 1, 

Generation #29
29,11,0.001, 0.0149617, 0.043715, 0.059684, 0.0806435, 0.0834922, 0.0905413, 0.117826, 0.212522, 0.249602, 0.2873, 0.340502, 0.34074, 0.382564, 0.399409, 0.517951, 0.57696, 0.577396, 0.594943, 0.747703, 0.797668, 0.858637, 0.945577, 0.951766, 1, 

17,26,0.001, 0.0305535, 0.043715, 0.059684, 0.0806435, 0.0834922, 0.117826, 0.0895253, 0.212522, 0.804063, 1, 

19,14,0.001, 0.0305535, 0.043715, 0.0550327, 0.0662799, 0.0870605, 0.180316, 0.209778, 0.602723, 0.259186, 0.359942, 1, 

18,17,0.001, 0.024265, 0.0472234, 0.0550327, 0.0662799, 0.0870605, 0.180316, 0.209778, 0.804063, 1, 

20,13,0.001, 0.0149617, 0.043715, 0.059684, 0.0806435, 0.0834922, 0.0905413, 0.117826, 0.212522, 0.249602, 0.2873, 0.340502, 0.390738, 1, 

Generation #30
29,11,0.001, 0.0149617, 0.043715, 0.059684, 0.0806435, 0.0834922, 0.0905413, 0.117826, 0.212522, 0.249602, 0.2873, 0.340502, 0.34074, 0.382564, 0.399409, 0.517951, 0.57696, 0.577396, 0.594943, 0.747703, 0.797668, 0.858637, 0.945577, 0.951766, 1, 

17,26,0.001, 0.0305535, 0.043715, 0.059684, 0.0806435, 0.0834922, 0.117826, 0.0895253, 0.212522, 0.804063, 1, 

19,14,0.001, 0.0305535, 0.043715, 0.0550327, 0.0662799, 0.0870605, 0.180316, 0.209778, 0.602723, 0.259186, 0.359942, 1, 

18,17,0.001, 0.024265, 0.0472234, 0.0550327, 0.0662799, 0.0870605, 0.180316, 0.209778, 0.804063, 1, 

20,13,0.001, 0.0149617, 0.043715, 0.059684, 0.0806435, 0.0834922, 0.0905413, 0.117826, 0.212522, 0.249602, 0.2873, 0.340502, 0.390738, 1, 

Generation #31
29,11,0.001, 0.0149617, 0.043715, 0.059684, 0.0806435, 0.0834922, 0.0905413, 0.117826, 0.212522, 0.249602, 0.2873, 0.340502, 0.34074, 0.382564, 0.399409, 0.517951, 0.57696, 0.577396, 0.594943, 0.747703, 0.797668, 0.858637, 0.945577, 0.951766, 1, 

17,26,0.001, 0.0305535, 0.043715, 0.059684, 0.0806435, 0.0834922, 0.117826, 0.0895253, 0.212522, 0.804063, 1, 

19,14,0.001, 0.0305535, 0.043715, 0.0550327, 0.0662799, 0.0870605, 0.180316, 0.209778, 0.602723, 0.259186, 0.359942, 1, 

18,17,0.001, 0.024265, 0.0472234, 0.0550327, 0.0662799, 0.0870605, 0.180316, 0.209778, 0.804063, 1, 

20,13,0.001, 0.0149617, 0.043715, 0.059684, 0.0806435, 0.0834922, 0.0905413, 0.117826, 0.212522, 0.249602, 0.2873, 0.340502, 0.390738, 1, 

Generation #32
29,11,0.001, 0.0149617, 0.043715, 0.059684, 0.0806435, 0.0834922, 0.0905413, 0.117826, 0.212522, 0.249602, 0.2873, 0.340502, 0.34074, 0.382564, 0.399409, 0.517951, 0.57696, 0.577396, 0.594943, 0.747703, 0.797668, 0.858637, 0.945577, 0.951766, 1, 

19,14,0.001, 0.0305535, 0.043715, 0.0550327, 0.0662799, 0.0870605, 0.180316, 0.209778, 0.602723, 0.259186, 0.359942, 1, 

18,17,0.001, 0.024265, 0.0472234, 0.0550327, 0.0662799, 0.0870605, 0.180316, 0.209778, 0.804063, 1, 

20,12,0.001, 0.0305535, 0.043715, 0.059684, 0.0806435, 0.0834922, 0.117826, 0.212522, 0.249602, 0.0273156, 0.2873, 0.340502, 0.34074, 0.76724, 1, 

17,22,0.001, 0.0305535, 0.043715, 0.059684, 0.00501729, 0.0806435, 0.0834922, 0.0905413, 0.117826, 0.212522, 0.249602, 1, 

Generation #33
29,11,0.001, 0.0149617, 0.043715, 0.059684, 0.0806435, 0.0834922, 0.0905413, 0.117826, 0.212522, 0.249602, 0.2873, 0.340502, 0.34074, 0.382564, 0.399409, 0.517951, 0.57696, 0.577396, 0.594943, 0.747703, 0.797668, 0.858637, 0.945577, 0.951766, 1, 

19,14,0.001, 0.0305535, 0.043715, 0.0550327, 0.0662799, 0.0870605, 0.180316, 0.209778, 0.602723, 0.259186, 0.359942, 1, 

18,17,0.001, 0.024265, 0.0472234, 0.0550327, 0.0662799, 0.0870605, 0.180316, 0.209778, 0.804063, 1, 

20,12,0.001, 0.0305535, 0.043715, 0.059684, 0.0806435, 0.0834922, 0.117826, 0.212522, 0.249602, 0.0273156, 0.2873, 0.340502, 0.34074, 0.76724, 1, 

17,22,0.001, 0.0305535, 0.043715, 0.059684, 0.00501729, 0.0806435, 0.0834922, 0.0905413, 0.117826, 0.212522, 0.249602, 1, 

Generation #34
29,11,0.001, 0.0149617, 0.043715, 0.059684, 0.0806435, 0.0834922, 0.0905413, 0.117826, 0.212522, 0.249602, 0.2873, 0.340502, 0.34074, 0.382564, 0.399409, 0.517951, 0.57696, 0.577396, 0.594943, 0.747703, 0.797668, 0.858637, 0.945577, 0.951766, 1, 

19,14,0.001, 0.0305535, 0.043715, 0.0550327, 0.0662799, 0.0870605, 0.180316, 0.209778, 0.602723, 0.259186, 0.359942, 1, 

18,17,0.001, 0.024265, 0.0472234, 0.0550327, 0.0662799, 0.0870605, 0.180316, 0.209778, 0.804063, 1, 

20,12,0.001, 0.0305535, 0.043715, 0.059684, 0.0806435, 0.0834922, 0.117826, 0.212522, 0.249602, 0.0273156, 0.2873, 0.340502, 0.34074, 0.76724, 1, 

17,22,0.001, 0.0305535, 0.043715, 0.059684, 0.00501729, 0.0806435, 0.0834922, 0.0905413, 0.117826, 0.212522, 0.249602, 1, 

Generation #35
29,11,0.001, 0.0149617, 0.043715, 0.059684, 0.0806435, 0.0834922, 0.0905413, 0.117826, 0.212522, 0.249602, 0.2873, 0.340502, 0.34074, 0.382564, 0.399409, 0.517951, 0.57696, 0.577396, 0.594943, 0.747703, 0.797668, 0.858637, 0.945577, 0.951766, 1, 

19,14,0.001, 0.0305535, 0.043715, 0.0550327, 0.0662799, 0.0870605, 0.180316, 0.209778, 0.602723, 0.259186, 0.359942, 1, 

18,17,0.001, 0.024265, 0.0472234, 0.0550327, 0.0662799, 0.0870605, 0.180316, 0.209778, 0.804063, 1, 

20,12,0.001, 0.0305535, 0.043715, 0.059684, 0.0806435, 0.0834922, 0.117826, 0.212522, 0.249602, 0.0273156, 0.2873, 0.340502, 0.34074, 0.76724, 1, 

17,22,0.001, 0.0305535, 0.043715, 0.059684, 0.00501729, 0.0806435, 0.0834922, 0.0905413, 0.117826, 0.212522, 0.249602, 1, 

Generation #36
29,11,0.001, 0.0149617, 0.043715, 0.059684, 0.0806435, 0.0834922, 0.0905413, 0.117826, 0.212522, 0.249602, 0.2873, 0.340502, 0.34074, 0.382564, 0.399409, 0.517951, 0.57696, 0.577396, 0.594943, 0.747703, 0.797668, 0.858637, 0.945577, 0.951766, 1, 

19,14,0.001, 0.0305535, 0.043715, 0.0550327, 0.0662799, 0.0870605, 0.180316, 0.209778, 0.602723, 0.259186, 0.359942, 1, 

18,17,0.001, 0.024265, 0.0472234, 0.0550327, 0.0662799, 0.0870605, 0.180316, 0.209778, 0.804063, 1, 

20,12,0.001, 0.0305535, 0.043715, 0.059684, 0.0806435, 0.0834922, 0.117826, 0.212522, 0.249602, 0.0273156, 0.2873, 0.340502, 0.34074, 0.76724, 1, 

17,22,0.001, 0.0305535, 0.043715, 0.059684, 0.00501729, 0.0806435, 0.0834922, 0.0905413, 0.117826, 0.212522, 0.249602, 1, 

Generation #37
19,14,0.001, 0.0305535, 0.043715, 0.0550327, 0.0662799, 0.0870605, 0.180316, 0.209778, 0.602723, 0.259186, 0.359942, 1, 

18,17,0.001, 0.024265, 0.0472234, 0.0550327, 0.0662799, 0.0870605, 0.180316, 0.209778, 0.804063, 1, 

20,12,0.001, 0.0305535, 0.043715, 0.059684, 0.0806435, 0.0834922, 0.117826, 0.212522, 0.249602, 0.0273156, 0.2873, 0.340502, 0.34074, 0.76724, 1, 

17,22,0.001, 0.0305535, 0.043715, 0.059684, 0.00501729, 0.0806435, 0.0834922, 0.0905413, 0.117826, 0.212522, 0.249602, 1, 

21,10,0.001, 0.0305535, 0.043715, 0.059684, 0.00501729, 0.0806435, 0.0905413, 0.117826, 0.212522, 0.249602, 0.2873, 0.340502, 0.254588, 0.273139, 0.961538, 1, 

Generation #38
19,14,0.001, 0.0305535, 0.043715, 0.0550327, 0.0662799, 0.0870605, 0.180316, 0.209778, 0.602723, 0.259186, 0.359942, 1, 

18,17,0.001, 0.024265, 0.0472234, 0.0550327, 0.0662799, 0.0870605, 0.180316, 0.209778, 0.804063, 1, 

20,12,0.001, 0.0305535, 0.043715, 0.059684, 0.0806435, 0.0834922, 0.117826, 0.212522, 0.249602, 0.0273156, 0.2873, 0.340502, 0.34074, 0.76724, 1, 

17,22,0.001, 0.0305535, 0.043715, 0.059684, 0.00501729, 0.0806435, 0.0834922, 0.0905413, 0.117826, 0.212522, 0.249602, 1, 

21,10,0.001, 0.0305535, 0.043715, 0.059684, 0.00501729, 0.0806435, 0.0905413, 0.117826, 0.212522, 0.249602, 0.2873, 0.340502, 0.254588, 0.273139, 0.961538, 1, 

Generation #39
19,14,0.001, 0.0305535, 0.043715, 0.0550327, 0.0662799, 0.0870605, 0.180316, 0.209778, 0.602723, 0.259186, 0.359942, 1, 

18,17,0.001, 0.024265, 0.0472234, 0.0550327, 0.0662799, 0.0870605, 0.180316, 0.209778, 0.804063, 1, 

20,12,0.001, 0.0305535, 0.043715, 0.059684, 0.0806435, 0.0834922, 0.117826, 0.212522, 0.249602, 0.0273156, 0.2873, 0.340502, 0.34074, 0.76724, 1, 

17,22,0.001, 0.0305535, 0.043715, 0.059684, 0.00501729, 0.0806435, 0.0834922, 0.0905413, 0.117826, 0.212522, 0.249602, 1, 

21,10,0.001, 0.0305535, 0.043715, 0.059684, 0.00501729, 0.0806435, 0.0905413, 0.117826, 0.212522, 0.249602, 0.2873, 0.340502, 0.254588, 0.273139, 0.961538, 1, 

Generation #40
19,14,0.001, 0.0305535, 0.043715, 0.0550327, 0.0662799, 0.0870605, 0.180316, 0.209778, 0.602723, 0.259186, 0.359942, 1, 

18,17,0.001, 0.024265, 0.0472234, 0.0550327, 0.0662799, 0.0870605, 0.180316, 0.209778, 0.804063, 1, 

20,12,0.001, 0.0305535, 0.043715, 0.059684, 0.0806435, 0.0834922, 0.117826, 0.212522, 0.249602, 0.0273156, 0.2873, 0.340502, 0.34074, 0.76724, 1, 

17,22,0.001, 0.0305535, 0.043715, 0.059684, 0.00501729, 0.0806435, 0.0834922, 0.0905413, 0.117826, 0.212522, 0.249602, 1, 

21,10,0.001, 0.0305535, 0.043715, 0.059684, 0.00501729, 0.0806435, 0.0905413, 0.117826, 0.212522, 0.249602, 0.2873, 0.340502, 0.254588, 0.273139, 0.961538, 1, 

Generation #41
18,17,0.001, 0.024265, 0.0472234, 0.0550327, 0.0662799, 0.0870605, 0.180316, 0.209778, 0.804063, 1, 

17,22,0.001, 0.0305535, 0.043715, 0.059684, 0.00501729, 0.0806435, 0.0834922, 0.0905413, 0.117826, 0.212522, 0.249602, 1, 

21,10,0.001, 0.0305535, 0.043715, 0.059684, 0.00501729, 0.0806435, 0.0905413, 0.117826, 0.212522, 0.249602, 0.2873, 0.340502, 0.254588, 0.273139, 0.961538, 1, 

19,11,0.001, 0.0305535, 0.043715, 0.059684, 0.0806435, 0.0834922, 0.0905413, 0.117826, 0.212522, 0.178909, 0.219093, 0.277117, 0.390738, 1, 

Generation #42
17,22,0.001, 0.0305535, 0.043715, 0.059684, 0.00501729, 0.0806435, 0.0834922, 0.0905413, 0.117826, 0.212522, 0.249602, 1, 

21,10,0.001, 0.0305535, 0.043715, 0.059684, 0.00501729, 0.0806435, 0.0905413, 0.117826, 0.212522, 0.249602, 0.2873, 0.340502, 0.254588, 0.273139, 0.961538, 1, 

19,11,0.001, 0.0305535, 0.043715, 0.059684, 0.0806435, 0.0834922, 0.0905413, 0.117826, 0.212522, 0.178909, 0.219093, 0.277117, 0.390738, 1, 

18,16,0.001, 0.0305535, 0.043715, 0.059684, 0.00501729, 0.0806435, 0.0905413, 0.117826, 0.212522, 0.364514, 1, 

Generation #43
17,22,0.001, 0.0305535, 0.043715, 0.059684, 0.00501729, 0.0806435, 0.0834922, 0.0905413, 0.117826, 0.212522, 0.249602, 1, 

21,10,0.001, 0.0305535, 0.043715, 0.059684, 0.00501729, 0.0806435, 0.0905413, 0.117826, 0.212522, 0.249602, 0.2873, 0.340502, 0.254588, 0.273139, 0.961538, 1, 

19,11,0.001, 0.0305535, 0.043715, 0.059684, 0.0806435, 0.0834922, 0.0905413, 0.117826, 0.212522, 0.178909, 0.219093, 0.277117, 0.390738, 1, 

18,16,0.001, 0.0305535, 0.043715, 0.059684, 0.00501729, 0.0806435, 0.0905413, 0.117826, 0.212522, 0.364514, 1, 

Generation #44
17,22,0.001, 0.0305535, 0.043715, 0.059684, 0.00501729, 0.0806435, 0.0834922, 0.0905413, 0.117826, 0.212522, 0.249602, 1, 

21,10,0.001, 0.0305535, 0.043715, 0.059684, 0.00501729, 0.0806435, 0.0905413, 0.117826, 0.212522, 0.249602, 0.2873, 0.340502, 0.254588, 0.273139, 0.961538, 1, 

19,11,0.001, 0.0305535, 0.043715, 0.059684, 0.0806435, 0.0834922, 0.0905413, 0.117826, 0.212522, 0.178909, 0.219093, 0.277117, 0.390738, 1, 

18,16,0.001, 0.0305535, 0.043715, 0.059684, 0.00501729, 0.0806435, 0.0905413, 0.117826, 0.212522, 0.364514, 1, 

Generation #45
17,22,0.001, 0.0305535, 0.043715, 0.059684, 0.00501729, 0.0806435, 0.0834922, 0.0905413, 0.117826, 0.212522, 0.249602, 1, 

21,10,0.001, 0.0305535, 0.043715, 0.059684, 0.00501729, 0.0806435, 0.0905413, 0.117826, 0.212522, 0.249602, 0.2873, 0.340502, 0.254588, 0.273139, 0.961538, 1, 

19,11,0.001, 0.0305535, 0.043715, 0.059684, 0.0806435, 0.0834922, 0.0905413, 0.117826, 0.212522, 0.178909, 0.219093, 0.277117, 0.390738, 1, 

18,16,0.001, 0.0305535, 0.043715, 0.059684, 0.00501729, 0.0806435, 0.0905413, 0.117826, 0.212522, 0.364514, 1, 

Generation #46
17,22,0.001, 0.0305535, 0.043715, 0.059684, 0.00501729, 0.0806435, 0.0834922, 0.0905413, 0.117826, 0.212522, 0.249602, 1, 

21,10,0.001, 0.0305535, 0.043715, 0.059684, 0.00501729, 0.0806435, 0.0905413, 0.117826, 0.212522, 0.249602, 0.2873, 0.340502, 0.254588, 0.273139, 0.961538, 1, 

19,11,0.001, 0.0305535, 0.043715, 0.059684, 0.0806435, 0.0834922, 0.0905413, 0.117826, 0.212522, 0.178909, 0.219093, 0.277117, 0.390738, 1, 

18,16,0.001, 0.0305535, 0.043715, 0.059684, 0.00501729, 0.0806435, 0.0905413, 0.117826, 0.212522, 0.364514, 1, 

Generation #47
17,22,0.001, 0.0305535, 0.043715, 0.059684, 0.00501729, 0.0806435, 0.0834922, 0.0905413, 0.117826, 0.212522, 0.249602, 1, 

21,10,0.001, 0.0305535, 0.043715, 0.059684, 0.00501729, 0.0806435, 0.0905413, 0.117826, 0.212522, 0.249602, 0.2873, 0.340502, 0.254588, 0.273139, 0.961538, 1, 

19,11,0.001, 0.0305535, 0.043715, 0.059684, 0.0806435, 0.0834922, 0.0905413, 0.117826, 0.212522, 0.178909, 0.219093, 0.277117, 0.390738, 1, 

18,16,0.001, 0.0305535, 0.043715, 0.059684, 0.00501729, 0.0806435, 0.0905413, 0.117826, 0.212522, 0.364514, 1, 

Generation #48
21,10,0.001, 0.0305535, 0.043715, 0.059684, 0.00501729, 0.0806435, 0.0905413, 0.117826, 0.212522, 0.249602, 0.2873, 0.340502, 0.254588, 0.273139, 0.961538, 1, 

19,11,0.001, 0.0305535, 0.043715, 0.059684, 0.0806435, 0.0834922, 0.0905413, 0.117826, 0.212522, 0.178909, 0.219093, 0.277117, 0.390738, 1, 

18,16,0.001, 0.0305535, 0.043715, 0.059684, 0.00501729, 0.0806435, 0.0905413, 0.117826, 0.212522, 0.364514, 1, 

16,17,0.001, 0.0305535, 0.043715, 0.0550327, 0.0834922, 0.0905413, 0.117826, 0.212522, 0.364514, 1, 

Generation #49
21,10,0.001, 0.0305535, 0.043715, 0.059684, 0.00501729, 0.0806435, 0.0905413, 0.117826, 0.212522, 0.249602, 0.2873, 0.340502, 0.254588, 0.273139, 0.961538, 1, 

19,11,0.001, 0.0305535, 0.043715, 0.059684, 0.0806435, 0.0834922, 0.0905413, 0.117826, 0.212522, 0.178909, 0.219093, 0.277117, 0.390738, 1, 

18,16,0.001, 0.0305535, 0.043715, 0.059684, 0.00501729, 0.0806435, 0.0905413, 0.117826, 0.212522, 0.364514, 1, 

16,17,0.001, 0.0305535, 0.043715, 0.0550327, 0.0834922, 0.0905413, 0.117826, 0.212522, 0.364514, 1, 

--- Pareto Front Solutions ---
Solution 0: N total=96 (N_initial=75, N_added=21), Time total=15 ms, Saved to: ./results/Flex_t2_l3_pareto_0.csv, percents=0.001, 0.0305535, 0.043715, 0.059684, 0.00501729, 0.0806435, 0.0905413, 0.117826, 0.212522, 0.249602, 0.2873, 0.340502, 0.254588, 0.273139, 0.961538, 1, 

Solution 1: N total=94 (N_initial=75, N_added=19), Time total=16 ms, Saved to: ./results/Flex_t2_l3_pareto_1.csv, percents=0.001, 0.0305535, 0.043715, 0.059684, 0.0806435, 0.0834922, 0.0905413, 0.117826, 0.212522, 0.178909, 0.219093, 0.277117, 0.390738, 1, 

Solution 2: N total=93 (N_initial=75, N_added=18), Time total=21 ms, Saved to: ./results/Flex_t2_l3_pareto_2.csv, percents=0.001, 0.0305535, 0.043715, 0.059684, 0.00501729, 0.0806435, 0.0905413, 0.117826, 0.212522, 0.364514, 1, 

Solution 3: N total=91 (N_initial=75, N_added=16), Time total=22 ms, Saved to: ./results/Flex_t2_l3_pareto_3.csv, percents=0.001, 0.0305535, 0.043715, 0.0550327, 0.0834922, 0.0905413, 0.117826, 0.212522, 0.364514, 1, 

------------d=1, t=2, lambda=4, filename=./evaluation/Flex/Flex_2_4.csv------------
Grouping d-sets by partitioned row counts for detecting arrays...
Ready to look at pairs for detecting arrays...
First Stage N=100, Time=7
There are 125 remaining non-locating pairs
--- Running GA Algorithm (phase2) ---
Running GA with std::execution::par
Generation #0
24,51,0.001, 0.070114, 0.105213, 0.147876, 0.148091, 0.204053, 0.266351, 0.274818, 0.276721, 0.374469, 0.433234, 0.985782, 1, 

22,72,0.001, 0.16467, 0.16837, 0.216379, 0.225644, 0.231349, 0.27906, 0.295913, 0.313595, 0.434417, 1, 

23,57,0.001, 0.101374, 0.139328, 0.25704, 0.279794, 0.311995, 0.351827, 0.403926, 0.502124, 0.535227, 0.748755, 1, 

25,24,0.001, 0.065525, 0.0744668, 0.115575, 0.171351, 0.215834, 0.278374, 0.298779, 0.456571, 0.542828, 0.709592, 0.792923, 0.928758, 0.947923, 1, 

Generation #1
25,16,0.001, 0.00596565, 0.0612165, 0.0679535, 0.106234, 0.157435, 0.161278, 0.185799, 0.22369, 0.349361, 0.372068, 0.396272, 0.431364, 0.562942, 0.583027, 0.931198, 0.967586, 1, 

21,38,0.001, 0.0353224, 0.0471021, 0.0553279, 0.0588616, 0.0749664, 0.27906, 0.295913, 0.313595, 0.434417, 1, 

22,24,0.001, 0.0626566, 0.0855651, 0.0983383, 0.102824, 0.110601, 0.120776, 0.158725, 0.233238, 0.271855, 1, 

36,15,0.001, 0.0353224, 0.0471021, 0.0553279, 0.0588616, 0.0749664, 0.0931605, 0.127295, 0.234607, 0.284525, 0.319952, 0.450121, 0.524586, 0.530505, 0.616553, 0.649574, 0.672231, 0.688335, 0.699463, 0.763777, 0.773437, 0.789621, 0.801472, 0.822457, 0.826104, 0.863189, 0.927374, 0.944457, 1, 

Generation #2
36,15,0.001, 0.0353224, 0.0471021, 0.0553279, 0.0588616, 0.0749664, 0.0931605, 0.127295, 0.234607, 0.284525, 0.319952, 0.450121, 0.524586, 0.530505, 0.616553, 0.649574, 0.672231, 0.688335, 0.699463, 0.763777, 0.773437, 0.789621, 0.801472, 0.822457, 0.826104, 0.863189, 0.927374, 0.944457, 1, 

20,32,0.001, 0.00596565, 0.16837, 0.216379, 0.225644, 0.231349, 0.27906, 0.295913, 0.313595, 0.434417, 1, 

21,16,0.001, 0.0626566, 0.0855651, 0.0983383, 0.102824, 0.110601, 0.120776, 0.158725, 0.233238, 0.271855, 0.277352, 0.316182, 0.997729, 1, 

Generation #3
36,15,0.001, 0.0353224, 0.0471021, 0.0553279, 0.0588616, 0.0749664, 0.0931605, 0.127295, 0.234607, 0.284525, 0.319952, 0.450121, 0.524586, 0.530505, 0.616553, 0.649574, 0.672231, 0.688335, 0.699463, 0.763777, 0.773437, 0.789621, 0.801472, 0.822457, 0.826104, 0.863189, 0.927374, 0.944457, 1, 

20,32,0.001, 0.00596565, 0.16837, 0.216379, 0.225644, 0.231349, 0.27906, 0.295913, 0.313595, 0.434417, 1, 

21,16,0.001, 0.0626566, 0.0855651, 0.0983383, 0.102824, 0.110601, 0.120776, 0.158725, 0.233238, 0.271855, 0.277352, 0.316182, 0.997729, 1, 

Generation #4
36,15,0.001, 0.0353224, 0.0471021, 0.0553279, 0.0588616, 0.0749664, 0.0931605, 0.127295, 0.234607, 0.284525, 0.319952, 0.450121, 0.524586, 0.530505, 0.616553, 0.649574, 0.672231, 0.688335, 0.699463, 0.763777, 0.773437, 0.789621, 0.801472, 0.822457, 0.826104, 0.863189, 0.927374, 0.944457, 1, 

20,32,0.001, 0.00596565, 0.16837, 0.216379, 0.225644, 0.231349, 0.27906, 0.295913, 0.313595, 0.434417, 1, 

21,16,0.001, 0.0626566, 0.0855651, 0.0983383, 0.102824, 0.110601, 0.120776, 0.158725, 0.233238, 0.271855, 0.277352, 0.316182, 0.997729, 1, 

Generation #5
36,15,0.001, 0.0353224, 0.0471021, 0.0553279, 0.0588616, 0.0749664, 0.0931605, 0.127295, 0.234607, 0.284525, 0.319952, 0.450121, 0.524586, 0.530505, 0.616553, 0.649574, 0.672231, 0.688335, 0.699463, 0.763777, 0.773437, 0.789621, 0.801472, 0.822457, 0.826104, 0.863189, 0.927374, 0.944457, 1, 

21,16,0.001, 0.0626566, 0.0855651, 0.0983383, 0.102824, 0.110601, 0.120776, 0.158725, 0.233238, 0.271855, 0.277352, 0.316182, 0.997729, 1, 

20,26,0.001, 0.0376157, 0.0535336, 0.0605694, 0.148091, 0.204053, 0.266351, 0.274818, 0.276721, 0.374469, 1, 

Generation #6
36,15,0.001, 0.0353224, 0.0471021, 0.0553279, 0.0588616, 0.0749664, 0.0931605, 0.127295, 0.234607, 0.284525, 0.319952, 0.450121, 0.524586, 0.530505, 0.616553, 0.649574, 0.672231, 0.688335, 0.699463, 0.763777, 0.773437, 0.789621, 0.801472, 0.822457, 0.826104, 0.863189, 0.927374, 0.944457, 1, 

21,16,0.001, 0.0626566, 0.0855651, 0.0983383, 0.102824, 0.110601, 0.120776, 0.158725, 0.233238, 0.271855, 0.277352, 0.316182, 0.997729, 1, 

20,26,0.001, 0.0376157, 0.0535336, 0.0605694, 0.148091, 0.204053, 0.266351, 0.274818, 0.276721, 0.374469, 1, 

Generation #7
21,16,0.001, 0.0626566, 0.0855651, 0.0983383, 0.102824, 0.110601, 0.120776, 0.158725, 0.233238, 0.271855, 0.277352, 0.316182, 0.997729, 1, 

23,14,0.001, 0.0353224, 0.0471021, 0.0553279, 0.0588616, 0.0749664, 0.0931605, 0.127295, 0.234607, 0.271855, 0.316182, 0.431364, 0.562942, 0.583027, 0.967586, 1, 

20,19,0.001, 0.0353224, 0.0471021, 0.0553279, 0.0588616, 0.0749664, 0.0931605, 0.158725, 0.310976, 0.321621, 1, 

Generation #8
21,16,0.001, 0.0626566, 0.0855651, 0.0983383, 0.102824, 0.110601, 0.120776, 0.158725, 0.233238, 0.271855, 0.277352, 0.316182, 0.997729, 1, 

23,14,0.001, 0.0353224, 0.0471021, 0.0553279, 0.0588616, 0.0749664, 0.0931605, 0.127295, 0.234607, 0.271855, 0.316182, 0.431364, 0.562942, 0.583027, 0.967586, 1, 

20,19,0.001, 0.0353224, 0.0471021, 0.0553279, 0.0588616, 0.0749664, 0.0931605, 0.158725, 0.310976, 0.321621, 1, 

Generation #9
21,16,0.001, 0.0626566, 0.0855651, 0.0983383, 0.102824, 0.110601, 0.120776, 0.158725, 0.233238, 0.271855, 0.277352, 0.316182, 0.997729, 1, 

23,14,0.001, 0.0353224, 0.0471021, 0.0553279, 0.0588616, 0.0749664, 0.0931605, 0.127295, 0.234607, 0.271855, 0.316182, 0.431364, 0.562942, 0.583027, 0.967586, 1, 

20,19,0.001, 0.0353224, 0.0471021, 0.0553279, 0.0588616, 0.0749664, 0.0931605, 0.158725, 0.310976, 0.321621, 1, 

Generation #10
23,14,0.001, 0.0353224, 0.0471021, 0.0553279, 0.0588616, 0.0749664, 0.0931605, 0.127295, 0.234607, 0.271855, 0.316182, 0.431364, 0.562942, 0.583027, 0.967586, 1, 

20,16,0.001, 0.0353224, 0.0471021, 0.0553279, 0.0588616, 0.0749664, 0.0931605, 0.127295, 0.234607, 0.271855, 0.277352, 0.997729, 1, 

Generation #11
23,14,0.001, 0.0353224, 0.0471021, 0.0553279, 0.0588616, 0.0749664, 0.0931605, 0.127295, 0.234607, 0.271855, 0.316182, 0.431364, 0.562942, 0.583027, 0.967586, 1, 

20,16,0.001, 0.0353224, 0.0471021, 0.0553279, 0.0588616, 0.0749664, 0.0931605, 0.127295, 0.234607, 0.271855, 0.277352, 0.997729, 1, 

Generation #12
23,14,0.001, 0.0353224, 0.0471021, 0.0553279, 0.0588616, 0.0749664, 0.0931605, 0.127295, 0.234607, 0.271855, 0.316182, 0.431364, 0.562942, 0.583027, 0.967586, 1, 

20,16,0.001, 0.0353224, 0.0471021, 0.0553279, 0.0588616, 0.0749664, 0.0931605, 0.127295, 0.234607, 0.271855, 0.277352, 0.997729, 1, 

Generation #13
23,14,0.001, 0.0353224, 0.0471021, 0.0553279, 0.0588616, 0.0749664, 0.0931605, 0.127295, 0.234607, 0.271855, 0.316182, 0.431364, 0.562942, 0.583027, 0.967586, 1, 

20,16,0.001, 0.0353224, 0.0471021, 0.0553279, 0.0588616, 0.0749664, 0.0931605, 0.127295, 0.234607, 0.271855, 0.277352, 0.997729, 1, 

Generation #14
23,14,0.001, 0.0353224, 0.0471021, 0.0553279, 0.0588616, 0.0749664, 0.0931605, 0.127295, 0.234607, 0.271855, 0.316182, 0.431364, 0.562942, 0.583027, 0.967586, 1, 

20,16,0.001, 0.0353224, 0.0471021, 0.0553279, 0.0588616, 0.0749664, 0.0931605, 0.127295, 0.234607, 0.271855, 0.277352, 0.997729, 1, 

Generation #15
23,14,0.001, 0.0353224, 0.0471021, 0.0553279, 0.0588616, 0.0749664, 0.0931605, 0.127295, 0.234607, 0.271855, 0.316182, 0.431364, 0.562942, 0.583027, 0.967586, 1, 

20,16,0.001, 0.0353224, 0.0471021, 0.0553279, 0.0588616, 0.0749664, 0.0931605, 0.127295, 0.234607, 0.271855, 0.277352, 0.997729, 1, 

Generation #16
23,14,0.001, 0.0353224, 0.0471021, 0.0553279, 0.0588616, 0.0749664, 0.0931605, 0.127295, 0.234607, 0.271855, 0.316182, 0.431364, 0.562942, 0.583027, 0.967586, 1, 

20,16,0.001, 0.0353224, 0.0471021, 0.0553279, 0.0588616, 0.0749664, 0.0931605, 0.127295, 0.234607, 0.271855, 0.277352, 0.997729, 1, 

Generation #17
23,14,0.001, 0.0353224, 0.0471021, 0.0553279, 0.0588616, 0.0749664, 0.0931605, 0.127295, 0.234607, 0.271855, 0.316182, 0.431364, 0.562942, 0.583027, 0.967586, 1, 

20,15,0.001, 0.0353224, 0.0471021, 0.0553279, 0.0588616, 0.0749664, 0.0931605, 0.127295, 0.234607, 0.284525, 0.319952, 0.450121, 1, 

Generation #18
23,14,0.001, 0.0353224, 0.0471021, 0.0553279, 0.0588616, 0.0749664, 0.0931605, 0.127295, 0.234607, 0.271855, 0.316182, 0.431364, 0.562942, 0.583027, 0.967586, 1, 

20,15,0.001, 0.0353224, 0.0471021, 0.0553279, 0.0588616, 0.0749664, 0.0931605, 0.127295, 0.234607, 0.284525, 0.319952, 0.450121, 1, 

Generation #19
23,14,0.001, 0.0353224, 0.0471021, 0.0553279, 0.0588616, 0.0749664, 0.0931605, 0.127295, 0.234607, 0.271855, 0.316182, 0.431364, 0.562942, 0.583027, 0.967586, 1, 

20,15,0.001, 0.0353224, 0.0471021, 0.0553279, 0.0588616, 0.0749664, 0.0931605, 0.127295, 0.234607, 0.284525, 0.319952, 0.450121, 1, 

Generation #20
23,14,0.001, 0.0353224, 0.0471021, 0.0553279, 0.0588616, 0.0749664, 0.0931605, 0.127295, 0.234607, 0.271855, 0.316182, 0.431364, 0.562942, 0.583027, 0.967586, 1, 

20,15,0.001, 0.0353224, 0.0471021, 0.0553279, 0.0588616, 0.0749664, 0.0931605, 0.127295, 0.234607, 0.284525, 0.319952, 0.450121, 1, 

Generation #21
23,14,0.001, 0.0353224, 0.0471021, 0.0553279, 0.0588616, 0.0749664, 0.0931605, 0.127295, 0.234607, 0.271855, 0.316182, 0.431364, 0.562942, 0.583027, 0.967586, 1, 

20,15,0.001, 0.0353224, 0.0471021, 0.0553279, 0.0588616, 0.0749664, 0.0931605, 0.127295, 0.234607, 0.284525, 0.319952, 0.450121, 1, 

Generation #22
23,14,0.001, 0.0353224, 0.0471021, 0.0553279, 0.0588616, 0.0749664, 0.0931605, 0.127295, 0.234607, 0.271855, 0.316182, 0.431364, 0.562942, 0.583027, 0.967586, 1, 

20,15,0.001, 0.0353224, 0.0471021, 0.0553279, 0.0588616, 0.0749664, 0.0931605, 0.127295, 0.234607, 0.284525, 0.319952, 0.450121, 1, 

Generation #23
23,14,0.001, 0.0353224, 0.0471021, 0.0553279, 0.0588616, 0.0749664, 0.0931605, 0.127295, 0.234607, 0.271855, 0.316182, 0.431364, 0.562942, 0.583027, 0.967586, 1, 

20,15,0.001, 0.0353224, 0.0471021, 0.0553279, 0.0588616, 0.0749664, 0.0931605, 0.127295, 0.234607, 0.284525, 0.319952, 0.450121, 1, 

Generation #24
23,14,0.001, 0.0353224, 0.0471021, 0.0553279, 0.0588616, 0.0749664, 0.0931605, 0.127295, 0.234607, 0.271855, 0.316182, 0.431364, 0.562942, 0.583027, 0.967586, 1, 

20,15,0.001, 0.0353224, 0.0471021, 0.0553279, 0.0588616, 0.0749664, 0.0931605, 0.127295, 0.234607, 0.284525, 0.319952, 0.450121, 1, 

Generation #25
20,13,0.001, 0.0626566, 0.0855651, 0.0983383, 0.102824, 0.110601, 0.06979, 0.0931605, 0.127295, 0.233238, 0.271855, 0.277352, 0.997729, 1, 

Generation #26
20,13,0.001, 0.0626566, 0.0855651, 0.0983383, 0.102824, 0.110601, 0.06979, 0.0931605, 0.127295, 0.233238, 0.271855, 0.277352, 0.997729, 1, 

Generation #27
20,13,0.001, 0.0626566, 0.0855651, 0.0983383, 0.102824, 0.110601, 0.06979, 0.0931605, 0.127295, 0.233238, 0.271855, 0.277352, 0.997729, 1, 

Generation #28
20,13,0.001, 0.0626566, 0.0855651, 0.0983383, 0.102824, 0.110601, 0.06979, 0.0931605, 0.127295, 0.233238, 0.271855, 0.277352, 0.997729, 1, 

Generation #29
20,13,0.001, 0.0626566, 0.0855651, 0.0983383, 0.102824, 0.110601, 0.06979, 0.0931605, 0.127295, 0.233238, 0.271855, 0.277352, 0.997729, 1, 

Generation #30
20,13,0.001, 0.0626566, 0.0855651, 0.0983383, 0.102824, 0.110601, 0.06979, 0.0931605, 0.127295, 0.233238, 0.271855, 0.277352, 0.997729, 1, 

Generation #31
20,13,0.001, 0.0626566, 0.0855651, 0.0983383, 0.102824, 0.110601, 0.06979, 0.0931605, 0.127295, 0.233238, 0.271855, 0.277352, 0.997729, 1, 

Generation #32
20,13,0.001, 0.0626566, 0.0855651, 0.0983383, 0.102824, 0.110601, 0.06979, 0.0931605, 0.127295, 0.233238, 0.271855, 0.277352, 0.997729, 1, 

Generation #33
20,13,0.001, 0.0626566, 0.0855651, 0.0983383, 0.102824, 0.110601, 0.06979, 0.0931605, 0.127295, 0.233238, 0.271855, 0.277352, 0.997729, 1, 

Generation #34
20,13,0.001, 0.0626566, 0.0855651, 0.0983383, 0.102824, 0.110601, 0.06979, 0.0931605, 0.127295, 0.233238, 0.271855, 0.277352, 0.997729, 1, 

Generation #35
20,13,0.001, 0.0626566, 0.0855651, 0.0983383, 0.102824, 0.110601, 0.06979, 0.0931605, 0.127295, 0.233238, 0.271855, 0.277352, 0.997729, 1, 

Generation #36
20,13,0.001, 0.0626566, 0.0855651, 0.0983383, 0.102824, 0.110601, 0.06979, 0.0931605, 0.127295, 0.233238, 0.271855, 0.277352, 0.997729, 1, 

Generation #37
20,13,0.001, 0.0626566, 0.0855651, 0.0983383, 0.102824, 0.110601, 0.06979, 0.0931605, 0.127295, 0.233238, 0.271855, 0.277352, 0.997729, 1, 

Generation #38
20,13,0.001, 0.0626566, 0.0855651, 0.0983383, 0.102824, 0.110601, 0.06979, 0.0931605, 0.127295, 0.233238, 0.271855, 0.277352, 0.997729, 1, 

Generation #39
20,13,0.001, 0.0626566, 0.0855651, 0.0983383, 0.102824, 0.110601, 0.06979, 0.0931605, 0.127295, 0.233238, 0.271855, 0.277352, 0.997729, 1, 

Generation #40
20,13,0.001, 0.0626566, 0.0855651, 0.0983383, 0.102824, 0.110601, 0.06979, 0.0931605, 0.127295, 0.233238, 0.271855, 0.277352, 0.997729, 1, 

Generation #41
20,13,0.001, 0.0626566, 0.0855651, 0.0983383, 0.102824, 0.110601, 0.06979, 0.0931605, 0.127295, 0.233238, 0.271855, 0.277352, 0.997729, 1, 

Generation #42
20,13,0.001, 0.0626566, 0.0855651, 0.0983383, 0.102824, 0.110601, 0.06979, 0.0931605, 0.127295, 0.233238, 0.271855, 0.277352, 0.997729, 1, 

Generation #43
20,13,0.001, 0.0626566, 0.0855651, 0.0983383, 0.102824, 0.110601, 0.06979, 0.0931605, 0.127295, 0.233238, 0.271855, 0.277352, 0.997729, 1, 

Generation #44
20,13,0.001, 0.0626566, 0.0855651, 0.0983383, 0.102824, 0.110601, 0.06979, 0.0931605, 0.127295, 0.233238, 0.271855, 0.277352, 0.997729, 1, 

Generation #45
20,13,0.001, 0.0626566, 0.0855651, 0.0983383, 0.102824, 0.110601, 0.06979, 0.0931605, 0.127295, 0.233238, 0.271855, 0.277352, 0.997729, 1, 

Generation #46
20,13,0.001, 0.0626566, 0.0855651, 0.0983383, 0.102824, 0.110601, 0.06979, 0.0931605, 0.127295, 0.233238, 0.271855, 0.277352, 0.997729, 1, 

Generation #47
20,13,0.001, 0.0626566, 0.0855651, 0.0983383, 0.102824, 0.110601, 0.06979, 0.0931605, 0.127295, 0.233238, 0.271855, 0.277352, 0.997729, 1, 

Generation #48
20,13,0.001, 0.0626566, 0.0855651, 0.0983383, 0.102824, 0.110601, 0.06979, 0.0931605, 0.127295, 0.233238, 0.271855, 0.277352, 0.997729, 1, 

Generation #49
20,13,0.001, 0.0626566, 0.0855651, 0.0983383, 0.102824, 0.110601, 0.06979, 0.0931605, 0.127295, 0.233238, 0.271855, 0.277352, 0.997729, 1, 

--- Pareto Front Solutions ---
Solution 0: N total=120 (N_initial=100, N_added=20), Time total=20 ms, Saved to: ./results/Flex_t2_l4_pareto_0.csv, percents=0.001, 0.0626566, 0.0855651, 0.0983383, 0.102824, 0.110601, 0.06979, 0.0931605, 0.127295, 0.233238, 0.271855, 0.277352, 0.997729, 1, 

