------------d=1, t=2, lambda=1, filename=./evaluation/Flex/Flex_2_1.csv------------
Grouping d-sets by partitioned row counts for detecting arrays...
Ready to look at pairs for detecting arrays...
First Stage N=26, Time=4
There are 5036 remaining non-locating pairs
--- Running GA Algorithm (phase2) ---
Running GA with std::execution::par
Generation #0
38,886,0.001, 0.0571598, 0.344386, 0.423148, 0.423571, 0.542285, 0.597495, 0.631528, 0.655526, 0.842261, 0.906301, 0.930431, 0.992145, 1, 

37,1498,0.001, 0.139605, 0.219523, 0.33745, 0.371203, 0.465486, 0.467519, 0.710549, 0.845754, 0.979017, 1, 

44,604,0.001, 0.0691965, 0.0903244, 0.091733, 0.181093, 0.206716, 0.275426, 0.294544, 0.367745, 0.376844, 0.419575, 0.58257, 0.681956, 0.730174, 0.790543, 0.830789, 0.837945, 0.848143, 0.885335, 1, 

36,1753,0.001, 0.241673, 0.265286, 0.290314, 0.336279, 0.487772, 0.620769, 0.816555, 0.932469, 0.993654, 1, 

45,568,0.001, 0.017851, 0.0501659, 0.0513067, 0.110065, 0.137015, 0.159559, 0.187127, 0.248876, 0.279032, 0.421249, 0.482314, 0.608711, 0.629831, 0.648283, 0.693314, 0.753794, 0.76718, 0.888482, 0.910419, 0.911522, 1, 

52,512,0.001, 0.0110509, 0.0391854, 0.0928903, 0.129683, 0.148351, 0.15305, 0.161136, 0.234665, 0.262227, 0.262612, 0.288228, 0.29071, 0.387741, 0.387959, 0.439057, 0.598829, 0.623264, 0.646717, 0.734431, 0.75492, 0.778334, 0.828504, 0.918703, 0.937746, 1, 

50,541,0.001, 0.0267787, 0.104519, 0.156138, 0.157955, 0.220273, 0.234757, 0.246779, 0.286152, 0.288977, 0.290694, 0.361273, 0.361274, 0.362081, 0.374672, 0.407145, 0.56587, 0.569887, 0.598134, 0.720753, 0.760763, 0.812064, 0.919029, 0.96408, 0.991464, 0.993432, 1, 

39,826,0.001, 0.0498482, 0.216652, 0.249468, 0.280081, 0.356849, 0.456092, 0.578588, 0.814896, 0.815772, 0.872318, 0.886671, 0.887786, 1, 

43,769,0.001, 0.0485364, 0.0638381, 0.103473, 0.112512, 0.157387, 0.207509, 0.233497, 0.34024, 0.425078, 0.623749, 0.642961, 0.77327, 0.821051, 0.86027, 0.97724, 1, 

53,427,0.001, 0.0234395, 0.0390873, 0.0460126, 0.10239, 0.111185, 0.134715, 0.142228, 0.147769, 0.164878, 0.182603, 0.226503, 0.233886, 0.288066, 0.436146, 0.459913, 0.494666, 0.552769, 0.560013, 0.560173, 0.589613, 0.739437, 0.740977, 0.79267, 0.822098, 0.937526, 0.967304, 1, 

56,360,0.001, 0.016774, 0.0547898, 0.114905, 0.167029, 0.204664, 0.210881, 0.23582, 0.244813, 0.262717, 0.352138, 0.413039, 0.418693, 0.466229, 0.520547, 0.531108, 0.535225, 0.607002, 0.66901, 0.687382, 0.732609, 0.736278, 0.751343, 0.77478, 0.801021, 0.804286, 0.873096, 0.898873, 0.915177, 0.951407, 1, 

Generation #1
36,1753,0.001, 0.241673, 0.265286, 0.290314, 0.336279, 0.487772, 0.620769, 0.816555, 0.932469, 0.993654, 1, 

57,274,0.001, 0.016831, 0.0528152, 0.0980615, 0.106911, 0.119235, 0.150345, 0.17776, 0.247358, 0.299091, 0.400537, 0.470213, 0.492376, 0.379474, 0.432226, 0.493915, 0.513683, 0.525324, 0.565476, 0.629407, 0.723999, 0.748353, 0.765408, 0.783513, 0.786685, 0.826215, 0.826464, 0.845842, 0.972216, 0.993531, 1, 

37,583,0.001, 0.0627039, 0.091034, 0.121068, 0.12165, 0.671127, 0.150989, 0.317855, 0.351432, 0.979017, 1, 

38,306,0.001, 0.017851, 0.0501659, 0.0513067, 0.110065, 0.137015, 0.159559, 0.187127, 0.248876, 0.279032, 1, 

40,286,0.001, 0.0211516, 0.0392133, 0.0765168, 0.109886, 0.119161, 0.216399, 0.246362, 0.302584, 0.842261, 0.906301, 0.930431, 0.992145, 1, 

Generation #2
38,306,0.001, 0.017851, 0.0501659, 0.0513067, 0.110065, 0.137015, 0.159559, 0.187127, 0.248876, 0.279032, 1, 

40,286,0.001, 0.0211516, 0.0392133, 0.0765168, 0.109886, 0.119161, 0.216399, 0.246362, 0.302584, 0.842261, 0.906301, 0.930431, 0.992145, 1, 

44,280,0.001, 0.0211516, 0.0392133, 0.0765168, 0.109886, 0.0341928, 0.119161, 0.35767, 0.37085, 0.377486, 0.430932, 0.450878, 0.468507, 0.521675, 0.620853, 0.642754, 0.773934, 0.92838, 0.972906, 1, 

37,336,0.001, 0.0211516, 0.0392133, 0.0765168, 0.109886, 0.119161, 0.216399, 0.710549, 0.845754, 0.979017, 1, 

46,273,0.001, 0.017851, 0.0501659, 0.0513067, 0.110065, 0.137015, 0.159559, 0.187127, 0.248876, 0.279032, 0.482314, 0.608711, 0.629831, 0.648283, 0.693314, 0.753794, 0.76718, 0.888482, 0.910419, 0.911522, 1, 

36,669,0.001, 0.0485364, 0.318359, 0.0513067, 0.110065, 0.137015, 0.159559, 0.187127, 0.351432, 0.979017, 1, 

Generation #3
37,261,0.001, 0.0234395, 0.0390873, 0.0460126, 0.10239, 0.35767, 0.37085, 0.397094, 0.797689, 0.831146, 0.990146, 1, 

42,244,0.001, 0.017851, 0.0501659, 0.0513067, 0.110065, 0.137015, 0.216399, 0.246362, 0.302584, 0.345675, 0.346068, 0.550361, 0.557304, 0.672902, 0.18908, 0.979439, 1, 

36,657,0.001, 0.0691965, 0.0903244, 0.091733, 0.181093, 0.275426, 0.294544, 0.367745, 0.376844, 0.419575, 0.980407, 0.985471, 1, 

Generation #4
37,261,0.001, 0.0234395, 0.0390873, 0.0460126, 0.10239, 0.35767, 0.37085, 0.397094, 0.797689, 0.831146, 0.990146, 1, 

42,244,0.001, 0.017851, 0.0501659, 0.0513067, 0.110065, 0.137015, 0.216399, 0.246362, 0.302584, 0.345675, 0.346068, 0.550361, 0.557304, 0.672902, 0.18908, 0.979439, 1, 

38,249,0.001, 0.017851, 0.0501659, 0.0513067, 0.110065, 0.137015, 0.159559, 0.187127, 0.351432, 0.979017, 1, 

35,284,0.001, 0.016774, 0.0547898, 0.114905, 0.167029, 0.204664, 0.251662, 0.210881, 0.23582, 0.279032, 1, 

Generation #5
37,261,0.001, 0.0234395, 0.0390873, 0.0460126, 0.10239, 0.35767, 0.37085, 0.397094, 0.797689, 0.831146, 0.990146, 1, 

42,244,0.001, 0.017851, 0.0501659, 0.0513067, 0.110065, 0.137015, 0.216399, 0.246362, 0.302584, 0.345675, 0.346068, 0.550361, 0.557304, 0.672902, 0.18908, 0.979439, 1, 

38,249,0.001, 0.017851, 0.0501659, 0.0513067, 0.110065, 0.137015, 0.159559, 0.187127, 0.351432, 0.979017, 1, 

35,284,0.001, 0.016774, 0.0547898, 0.114905, 0.167029, 0.204664, 0.251662, 0.210881, 0.23582, 0.279032, 1, 

34,426,0.001, 0.016774, 0.0547898, 0.114905, 0.167029, 0.204664, 0.251662, 0.187127, 0.351432, 0.979017, 1, 

Generation #6
37,261,0.001, 0.0234395, 0.0390873, 0.0460126, 0.10239, 0.35767, 0.37085, 0.397094, 0.797689, 0.831146, 0.990146, 1, 

42,244,0.001, 0.017851, 0.0501659, 0.0513067, 0.110065, 0.137015, 0.216399, 0.246362, 0.302584, 0.345675, 0.346068, 0.550361, 0.557304, 0.672902, 0.18908, 0.979439, 1, 

38,249,0.001, 0.017851, 0.0501659, 0.0513067, 0.110065, 0.137015, 0.159559, 0.187127, 0.351432, 0.979017, 1, 

35,284,0.001, 0.016774, 0.0547898, 0.114905, 0.167029, 0.204664, 0.251662, 0.210881, 0.23582, 0.279032, 1, 

34,304,0.001, 0.0219461, 0.0261442, 0.0262016, 0.0663368, 0.100799, 0.164494, 0.563809, 0.234665, 0.262227, 1, 

36,269,0.001, 0.017851, 0.0501659, 0.0513067, 0.110065, 0.137015, 0.159559, 0.187127, 0.248876, 0.279032, 1, 

33,344,0.001, 0.016774, 0.0547898, 0.114905, 0.167029, 0.204664, 0.251662, 0.210881, 0.23582, 0.279032, 1, 

Generation #7
37,261,0.001, 0.0234395, 0.0390873, 0.0460126, 0.10239, 0.35767, 0.37085, 0.397094, 0.797689, 0.831146, 0.990146, 1, 

42,244,0.001, 0.017851, 0.0501659, 0.0513067, 0.110065, 0.137015, 0.216399, 0.246362, 0.302584, 0.345675, 0.346068, 0.550361, 0.557304, 0.672902, 0.18908, 0.979439, 1, 

38,249,0.001, 0.017851, 0.0501659, 0.0513067, 0.110065, 0.137015, 0.159559, 0.187127, 0.351432, 0.979017, 1, 

33,344,0.001, 0.016774, 0.0547898, 0.114905, 0.167029, 0.204664, 0.251662, 0.210881, 0.23582, 0.279032, 1, 

44,240,0.001, 0.0219461, 0.0261442, 0.0262016, 0.0663368, 0.133293, 0.164494, 0.217953, 0.230267, 0.239707, 0.475426, 0.477239, 0.511489, 0.606937, 0.610299, 0.685118, 0.749872, 0.76718, 0.910419, 0.911522, 1, 

34,300,0.001, 0.016831, 0.037516, 0.040253, 0.075425, 0.14546, 0.153692, 0.563809, 0.234665, 0.262227, 1, 

35,283,0.001, 0.016831, 0.0528152, 0.0980615, 0.106911, 0.119235, 0.275426, 0.187127, 0.248876, 0.279032, 1, 

36,265,0.001, 0.017851, 0.0501659, 0.040253, 0.075425, 0.14546, 0.153692, 0.23582, 0.845754, 0.979017, 1, 

Generation #8
37,261,0.001, 0.0234395, 0.0390873, 0.0460126, 0.10239, 0.35767, 0.37085, 0.397094, 0.797689, 0.831146, 0.990146, 1, 

42,244,0.001, 0.017851, 0.0501659, 0.0513067, 0.110065, 0.137015, 0.216399, 0.246362, 0.302584, 0.345675, 0.346068, 0.550361, 0.557304, 0.672902, 0.18908, 0.979439, 1, 

38,249,0.001, 0.017851, 0.0501659, 0.0513067, 0.110065, 0.137015, 0.159559, 0.187127, 0.351432, 0.979017, 1, 

33,344,0.001, 0.016774, 0.0547898, 0.114905, 0.167029, 0.204664, 0.251662, 0.210881, 0.23582, 0.279032, 1, 

44,240,0.001, 0.0219461, 0.0261442, 0.0262016, 0.0663368, 0.133293, 0.164494, 0.217953, 0.230267, 0.239707, 0.475426, 0.477239, 0.511489, 0.606937, 0.610299, 0.685118, 0.749872, 0.76718, 0.910419, 0.911522, 1, 

36,265,0.001, 0.017851, 0.0501659, 0.040253, 0.075425, 0.14546, 0.153692, 0.23582, 0.845754, 0.979017, 1, 

34,278,0.001, 0.017851, 0.0501659, 0.0513067, 0.110065, 0.137015, 0.159559, 0.187127, 0.248876, 0.279032, 1, 

35,270,0.001, 0.0266537, 0.037516, 0.0513067, 0.110065, 0.137015, 0.159559, 0.294544, 0.529451, 0.635177, 1, 

Generation #9
33,344,0.001, 0.016774, 0.0547898, 0.114905, 0.167029, 0.204664, 0.251662, 0.210881, 0.23582, 0.279032, 1, 

34,278,0.001, 0.017851, 0.0501659, 0.0513067, 0.110065, 0.137015, 0.159559, 0.187127, 0.248876, 0.279032, 1, 

35,270,0.001, 0.0266537, 0.037516, 0.0513067, 0.110065, 0.137015, 0.159559, 0.294544, 0.529451, 0.635177, 1, 

36,262,0.001, 0.017851, 0.0501659, 0.0460126, 0.10239, 0.204664, 0.251662, 0.210881, 0.23582, 0.279032, 1, 

37,233,0.001, 0.016831, 0.037516, 0.040253, 0.075425, 0.119235, 0.275426, 0.294544, 0.529451, 0.635177, 1, 

49,224,0.001, 0.0110509, 0.0261442, 0.0262016, 0.0663368, 0.100799, 0.164494, 0.217953, 0.230267, 0.0251299, 0.239707, 0.475426, 0.477239, 0.511489, 0.606937, 0.610299, 0.685118, 0.749872, 0.76718, 0.910419, 0.911522, 1, 

Generation #10
34,278,0.001, 0.017851, 0.0501659, 0.0513067, 0.110065, 0.137015, 0.159559, 0.187127, 0.248876, 0.279032, 1, 

35,270,0.001, 0.0266537, 0.037516, 0.0513067, 0.110065, 0.137015, 0.159559, 0.294544, 0.529451, 0.635177, 1, 

36,262,0.001, 0.017851, 0.0501659, 0.0460126, 0.10239, 0.204664, 0.251662, 0.210881, 0.23582, 0.279032, 1, 

37,233,0.001, 0.016831, 0.037516, 0.040253, 0.075425, 0.119235, 0.275426, 0.294544, 0.529451, 0.635177, 1, 

49,224,0.001, 0.0110509, 0.0261442, 0.0262016, 0.0663368, 0.100799, 0.164494, 0.217953, 0.230267, 0.0251299, 0.239707, 0.475426, 0.477239, 0.511489, 0.606937, 0.610299, 0.685118, 0.749872, 0.76718, 0.910419, 0.911522, 1, 

48,228,0.001, 0.0219461, 0.0261442, 0.0262016, 0.110065, 0.137015, 0.153692, 0.23582, 0.244813, 0.262717, 0.352138, 0.413039, 0.418693, 0.466229, 0.520547, 0.531108, 0.535225, 0.607002, 0.66901, 0.687382, 0.732609, 0.957415, 0.970357, 1, 

31,287,0.001, 0.017851, 0.0501659, 0.0513067, 0.110065, 0.137015, 0.159559, 0.187127, 0.248876, 0.279032, 1, 

Generation #11
34,278,0.001, 0.017851, 0.0501659, 0.0513067, 0.110065, 0.137015, 0.159559, 0.187127, 0.248876, 0.279032, 1, 

35,270,0.001, 0.0266537, 0.037516, 0.0513067, 0.110065, 0.137015, 0.159559, 0.294544, 0.529451, 0.635177, 1, 

36,262,0.001, 0.017851, 0.0501659, 0.0460126, 0.10239, 0.204664, 0.251662, 0.210881, 0.23582, 0.279032, 1, 

37,233,0.001, 0.016831, 0.037516, 0.040253, 0.075425, 0.119235, 0.275426, 0.294544, 0.529451, 0.635177, 1, 

49,224,0.001, 0.0110509, 0.0261442, 0.0262016, 0.0663368, 0.100799, 0.164494, 0.217953, 0.230267, 0.0251299, 0.239707, 0.475426, 0.477239, 0.511489, 0.606937, 0.610299, 0.685118, 0.749872, 0.76718, 0.910419, 0.911522, 1, 

48,228,0.001, 0.0219461, 0.0261442, 0.0262016, 0.110065, 0.137015, 0.153692, 0.23582, 0.244813, 0.262717, 0.352138, 0.413039, 0.418693, 0.466229, 0.520547, 0.531108, 0.535225, 0.607002, 0.66901, 0.687382, 0.732609, 0.957415, 0.970357, 1, 

31,287,0.001, 0.017851, 0.0501659, 0.0513067, 0.110065, 0.137015, 0.159559, 0.187127, 0.248876, 0.279032, 1, 

Generation #12
34,278,0.001, 0.017851, 0.0501659, 0.0513067, 0.110065, 0.137015, 0.159559, 0.187127, 0.248876, 0.279032, 1, 

37,233,0.001, 0.016831, 0.037516, 0.040253, 0.075425, 0.119235, 0.275426, 0.294544, 0.529451, 0.635177, 1, 

48,228,0.001, 0.0219461, 0.0261442, 0.0262016, 0.110065, 0.137015, 0.153692, 0.23582, 0.244813, 0.262717, 0.352138, 0.413039, 0.418693, 0.466229, 0.520547, 0.531108, 0.535225, 0.607002, 0.66901, 0.687382, 0.732609, 0.957415, 0.970357, 1, 

31,287,0.001, 0.017851, 0.0501659, 0.0513067, 0.110065, 0.137015, 0.159559, 0.187127, 0.248876, 0.279032, 1, 

49,221,0.001, 0.016831, 0.037516, 0.040253, 0.075425, 0.14546, 0.153692, 0.23582, 0.244813, 0.262717, 0.352138, 0.413039, 0.574737, 0.418693, 0.466229, 0.520547, 0.531108, 0.535225, 0.607002, 0.66901, 0.687382, 0.732609, 0.957415, 0.970357, 1, 

35,261,0.001, 0.017851, 0.0501659, 0.0513067, 0.110065, 0.119235, 0.275426, 0.23582, 0.845754, 0.931516, 1, 

Generation #13
37,233,0.001, 0.016831, 0.037516, 0.040253, 0.075425, 0.119235, 0.275426, 0.294544, 0.529451, 0.635177, 1, 

31,287,0.001, 0.017851, 0.0501659, 0.0513067, 0.110065, 0.137015, 0.159559, 0.187127, 0.248876, 0.279032, 1, 

49,221,0.001, 0.016831, 0.037516, 0.040253, 0.075425, 0.14546, 0.153692, 0.23582, 0.244813, 0.262717, 0.352138, 0.413039, 0.574737, 0.418693, 0.466229, 0.520547, 0.531108, 0.535225, 0.607002, 0.66901, 0.687382, 0.732609, 0.957415, 0.970357, 1, 

35,261,0.001, 0.017851, 0.0501659, 0.0513067, 0.110065, 0.119235, 0.275426, 0.23582, 0.845754, 0.931516, 1, 

36,242,0.001, 0.0219461, 0.0261442, 0.0262016, 0.110065, 0.137015, 0.159559, 0.187127, 0.234665, 0.262227, 1, 

40,226,0.001, 0.016774, 0.0547898, 0.0513067, 0.110065, 0.137015, 0.216399, 0.246362, 0.302584, 0.345675, 0.346068, 0.550361, 0.557304, 0.672902, 0.886652, 0.18908, 0.979439, 1, 

34,267,0.001, 0.0219461, 0.0261442, 0.0262016, 0.0663368, 0.100799, 0.164494, 0.563809, 0.234665, 0.262227, 1, 

45,223,0.001, 0.017851, 0.0501659, 0.040253, 0.075425, 0.14546, 0.153692, 0.217953, 0.230267, 0.239707, 0.475426, 0.511489, 0.606937, 0.610299, 0.685118, 0.749872, 0.76718, 0.910419, 0.290706, 0.911522, 1, 

Generation #14
37,233,0.001, 0.016831, 0.037516, 0.040253, 0.075425, 0.119235, 0.275426, 0.294544, 0.529451, 0.635177, 1, 

31,287,0.001, 0.017851, 0.0501659, 0.0513067, 0.110065, 0.137015, 0.159559, 0.187127, 0.248876, 0.279032, 1, 

49,221,0.001, 0.016831, 0.037516, 0.040253, 0.075425, 0.14546, 0.153692, 0.23582, 0.244813, 0.262717, 0.352138, 0.413039, 0.574737, 0.418693, 0.466229, 0.520547, 0.531108, 0.535225, 0.607002, 0.66901, 0.687382, 0.732609, 0.957415, 0.970357, 1, 

35,261,0.001, 0.017851, 0.0501659, 0.0513067, 0.110065, 0.119235, 0.275426, 0.23582, 0.845754, 0.931516, 1, 

36,242,0.001, 0.0219461, 0.0261442, 0.0262016, 0.110065, 0.137015, 0.159559, 0.187127, 0.234665, 0.262227, 1, 

40,226,0.001, 0.016774, 0.0547898, 0.0513067, 0.110065, 0.137015, 0.216399, 0.246362, 0.302584, 0.345675, 0.346068, 0.550361, 0.557304, 0.672902, 0.886652, 0.18908, 0.979439, 1, 

34,267,0.001, 0.0219461, 0.0261442, 0.0262016, 0.0663368, 0.100799, 0.164494, 0.563809, 0.234665, 0.262227, 1, 

45,223,0.001, 0.017851, 0.0501659, 0.040253, 0.075425, 0.14546, 0.153692, 0.217953, 0.230267, 0.239707, 0.475426, 0.511489, 0.606937, 0.610299, 0.685118, 0.749872, 0.76718, 0.910419, 0.290706, 0.911522, 1, 

50,212,0.001, 0.0219461, 0.0261442, 0.0262016, 0.0663368, 0.100799, 0.164494, 0.210881, 0.244813, 0.262717, 0.352138, 0.413039, 0.418693, 0.466229, 0.520547, 0.531108, 0.535225, 0.607002, 0.66901, 0.687382, 0.732609, 0.957415, 0.970357, 1, 

Generation #15
31,287,0.001, 0.017851, 0.0501659, 0.0513067, 0.110065, 0.137015, 0.159559, 0.187127, 0.248876, 0.279032, 1, 

50,212,0.001, 0.0219461, 0.0261442, 0.0262016, 0.0663368, 0.100799, 0.164494, 0.210881, 0.244813, 0.262717, 0.352138, 0.413039, 0.418693, 0.466229, 0.520547, 0.531108, 0.535225, 0.607002, 0.66901, 0.687382, 0.732609, 0.957415, 0.970357, 1, 

33,215,0.001, 0.017851, 0.0501659, 0.040253, 0.075425, 0.14546, 0.153692, 0.23582, 0.845754, 0.979017, 1, 

Generation #16
31,287,0.001, 0.017851, 0.0501659, 0.0513067, 0.110065, 0.137015, 0.159559, 0.187127, 0.248876, 0.279032, 1, 

50,212,0.001, 0.0219461, 0.0261442, 0.0262016, 0.0663368, 0.100799, 0.164494, 0.210881, 0.244813, 0.262717, 0.352138, 0.413039, 0.418693, 0.466229, 0.520547, 0.531108, 0.535225, 0.607002, 0.66901, 0.687382, 0.732609, 0.957415, 0.970357, 1, 

33,215,0.001, 0.017851, 0.0501659, 0.040253, 0.075425, 0.14546, 0.153692, 0.23582, 0.845754, 0.979017, 1, 

Generation #17
31,287,0.001, 0.017851, 0.0501659, 0.0513067, 0.110065, 0.137015, 0.159559, 0.187127, 0.248876, 0.279032, 1, 

50,212,0.001, 0.0219461, 0.0261442, 0.0262016, 0.0663368, 0.100799, 0.164494, 0.210881, 0.244813, 0.262717, 0.352138, 0.413039, 0.418693, 0.466229, 0.520547, 0.531108, 0.535225, 0.607002, 0.66901, 0.687382, 0.732609, 0.957415, 0.970357, 1, 

33,215,0.001, 0.017851, 0.0501659, 0.040253, 0.075425, 0.14546, 0.153692, 0.23582, 0.845754, 0.979017, 1, 

Generation #18
31,287,0.001, 0.017851, 0.0501659, 0.0513067, 0.110065, 0.137015, 0.159559, 0.187127, 0.248876, 0.279032, 1, 

33,215,0.001, 0.017851, 0.0501659, 0.040253, 0.075425, 0.14546, 0.153692, 0.23582, 0.845754, 0.979017, 1, 

48,208,0.001, 0.017851, 0.0501659, 0.0513067, 0.0663368, 0.100799, 0.164494, 0.210881, 0.244813, 0.262717, 0.352138, 0.413039, 0.418693, 0.466229, 0.520547, 0.531108, 0.535225, 0.607002, 0.66901, 0.687382, 0.732609, 0.957415, 0.970357, 1, 

Generation #19
31,287,0.001, 0.017851, 0.0501659, 0.0513067, 0.110065, 0.137015, 0.159559, 0.187127, 0.248876, 0.279032, 1, 

33,208,0.001, 0.016831, 0.037516, 0.040253, 0.075425, 0.153692, 0.187127, 0.248876, 0.279032, 1, 

Generation #20
31,287,0.001, 0.017851, 0.0501659, 0.0513067, 0.110065, 0.137015, 0.159559, 0.187127, 0.248876, 0.279032, 1, 

33,208,0.001, 0.016831, 0.037516, 0.040253, 0.075425, 0.153692, 0.187127, 0.248876, 0.279032, 1, 

35,203,0.001, 0.0110509, 0.0261442, 0.0262016, 0.0663368, 0.100799, 0.164494, 0.217953, 0.230267, 0.239707, 1, 

48,200,0.001, 0.017851, 0.0501659, 0.0262016, 0.0663368, 0.100799, 0.164494, 0.210881, 0.244813, 0.262717, 0.352138, 0.413039, 0.418693, 0.466229, 0.520547, 0.531108, 0.535225, 0.607002, 0.66901, 0.687382, 0.732609, 0.957415, 0.970357, 1, 

Generation #21
31,287,0.001, 0.017851, 0.0501659, 0.0513067, 0.110065, 0.137015, 0.159559, 0.187127, 0.248876, 0.279032, 1, 

33,208,0.001, 0.016831, 0.037516, 0.040253, 0.075425, 0.153692, 0.187127, 0.248876, 0.279032, 1, 

48,200,0.001, 0.017851, 0.0501659, 0.0262016, 0.0663368, 0.100799, 0.164494, 0.210881, 0.244813, 0.262717, 0.352138, 0.413039, 0.418693, 0.466229, 0.520547, 0.531108, 0.535225, 0.607002, 0.66901, 0.687382, 0.732609, 0.957415, 0.970357, 1, 

34,201,0.001, 0.016831, 0.037516, 0.0262016, 0.0663368, 0.100799, 0.164494, 0.217953, 0.248876, 0.279032, 1, 

Generation #22
31,287,0.001, 0.017851, 0.0501659, 0.0513067, 0.110065, 0.137015, 0.159559, 0.187127, 0.248876, 0.279032, 1, 

33,208,0.001, 0.016831, 0.037516, 0.040253, 0.075425, 0.153692, 0.187127, 0.248876, 0.279032, 1, 

48,200,0.001, 0.017851, 0.0501659, 0.0262016, 0.0663368, 0.100799, 0.164494, 0.210881, 0.244813, 0.262717, 0.352138, 0.413039, 0.418693, 0.466229, 0.520547, 0.531108, 0.535225, 0.607002, 0.66901, 0.687382, 0.732609, 0.957415, 0.970357, 1, 

34,201,0.001, 0.016831, 0.037516, 0.0262016, 0.0663368, 0.100799, 0.164494, 0.217953, 0.248876, 0.279032, 1, 

Generation #23
31,287,0.001, 0.017851, 0.0501659, 0.0513067, 0.110065, 0.137015, 0.159559, 0.187127, 0.248876, 0.279032, 1, 

33,208,0.001, 0.016831, 0.037516, 0.040253, 0.075425, 0.153692, 0.187127, 0.248876, 0.279032, 1, 

48,200,0.001, 0.017851, 0.0501659, 0.0262016, 0.0663368, 0.100799, 0.164494, 0.210881, 0.244813, 0.262717, 0.352138, 0.413039, 0.418693, 0.466229, 0.520547, 0.531108, 0.535225, 0.607002, 0.66901, 0.687382, 0.732609, 0.957415, 0.970357, 1, 

34,201,0.001, 0.016831, 0.037516, 0.0262016, 0.0663368, 0.100799, 0.164494, 0.217953, 0.248876, 0.279032, 1, 

Generation #24
31,287,0.001, 0.017851, 0.0501659, 0.0513067, 0.110065, 0.137015, 0.159559, 0.187127, 0.248876, 0.279032, 1, 

33,208,0.001, 0.016831, 0.037516, 0.040253, 0.075425, 0.153692, 0.187127, 0.248876, 0.279032, 1, 

34,201,0.001, 0.016831, 0.037516, 0.0262016, 0.0663368, 0.100799, 0.164494, 0.217953, 0.248876, 0.279032, 1, 

36,191,0.001, 0.0110509, 0.0261442, 0.00505061, 0.0262016, 0.0663368, 0.100799, 0.164494, 0.246362, 0.302584, 1, 

32,228,0.001, 0.017851, 0.0501659, 0.040253, 0.075425, 0.14546, 0.153692, 0.23582, 0.23582, 0.279032, 1, 

Generation #25
31,287,0.001, 0.017851, 0.0501659, 0.0513067, 0.110065, 0.137015, 0.159559, 0.187127, 0.248876, 0.279032, 1, 

33,208,0.001, 0.016831, 0.037516, 0.040253, 0.075425, 0.153692, 0.187127, 0.248876, 0.279032, 1, 

34,201,0.001, 0.016831, 0.037516, 0.0262016, 0.0663368, 0.100799, 0.164494, 0.217953, 0.248876, 0.279032, 1, 

36,191,0.001, 0.0110509, 0.0261442, 0.00505061, 0.0262016, 0.0663368, 0.100799, 0.164494, 0.246362, 0.302584, 1, 

32,228,0.001, 0.017851, 0.0501659, 0.040253, 0.075425, 0.14546, 0.153692, 0.23582, 0.23582, 0.279032, 1, 

Generation #26
31,287,0.001, 0.017851, 0.0501659, 0.0513067, 0.110065, 0.137015, 0.159559, 0.187127, 0.248876, 0.279032, 1, 

33,208,0.001, 0.016831, 0.037516, 0.040253, 0.075425, 0.153692, 0.187127, 0.248876, 0.279032, 1, 

34,201,0.001, 0.016831, 0.037516, 0.0262016, 0.0663368, 0.100799, 0.164494, 0.217953, 0.248876, 0.279032, 1, 

36,191,0.001, 0.0110509, 0.0261442, 0.00505061, 0.0262016, 0.0663368, 0.100799, 0.164494, 0.246362, 0.302584, 1, 

32,228,0.001, 0.017851, 0.0501659, 0.040253, 0.075425, 0.14546, 0.153692, 0.23582, 0.23582, 0.279032, 1, 

Generation #27
31,287,0.001, 0.017851, 0.0501659, 0.0513067, 0.110065, 0.137015, 0.159559, 0.187127, 0.248876, 0.279032, 1, 

33,208,0.001, 0.016831, 0.037516, 0.040253, 0.075425, 0.153692, 0.187127, 0.248876, 0.279032, 1, 

32,228,0.001, 0.017851, 0.0501659, 0.040253, 0.075425, 0.14546, 0.153692, 0.23582, 0.23582, 0.279032, 1, 

34,182,0.001, 0.0110509, 0.0261442, 0.0262016, 0.0663368, 0.0663368, 0.100799, 0.164494, 0.246362, 0.302584, 1, 

Generation #28
31,287,0.001, 0.017851, 0.0501659, 0.0513067, 0.110065, 0.137015, 0.159559, 0.187127, 0.248876, 0.279032, 1, 

33,208,0.001, 0.016831, 0.037516, 0.040253, 0.075425, 0.153692, 0.187127, 0.248876, 0.279032, 1, 

32,228,0.001, 0.017851, 0.0501659, 0.040253, 0.075425, 0.14546, 0.153692, 0.23582, 0.23582, 0.279032, 1, 

34,182,0.001, 0.0110509, 0.0261442, 0.0262016, 0.0663368, 0.0663368, 0.100799, 0.164494, 0.246362, 0.302584, 1, 

Generation #29
31,287,0.001, 0.017851, 0.0501659, 0.0513067, 0.110065, 0.137015, 0.159559, 0.187127, 0.248876, 0.279032, 1, 

33,208,0.001, 0.016831, 0.037516, 0.040253, 0.075425, 0.153692, 0.187127, 0.248876, 0.279032, 1, 

32,228,0.001, 0.017851, 0.0501659, 0.040253, 0.075425, 0.14546, 0.153692, 0.23582, 0.23582, 0.279032, 1, 

34,171,0.001, 0.0110509, 0.0261442, 0.0262016, 0.0663368, 0.100799, 0.164494, 0.217953, 0.230267, 0.239707, 1, 

Generation #30
31,287,0.001, 0.017851, 0.0501659, 0.0513067, 0.110065, 0.137015, 0.159559, 0.187127, 0.248876, 0.279032, 1, 

33,208,0.001, 0.016831, 0.037516, 0.040253, 0.075425, 0.153692, 0.187127, 0.248876, 0.279032, 1, 

32,228,0.001, 0.017851, 0.0501659, 0.040253, 0.075425, 0.14546, 0.153692, 0.23582, 0.23582, 0.279032, 1, 

34,171,0.001, 0.0110509, 0.0261442, 0.0262016, 0.0663368, 0.100799, 0.164494, 0.217953, 0.230267, 0.239707, 1, 

Generation #31
31,287,0.001, 0.017851, 0.0501659, 0.0513067, 0.110065, 0.137015, 0.159559, 0.187127, 0.248876, 0.279032, 1, 

33,208,0.001, 0.016831, 0.037516, 0.040253, 0.075425, 0.153692, 0.187127, 0.248876, 0.279032, 1, 

34,171,0.001, 0.0110509, 0.0261442, 0.0262016, 0.0663368, 0.100799, 0.164494, 0.217953, 0.230267, 0.239707, 1, 

32,225,0.001, 0.0110509, 0.0261442, 0.0262016, 0.0663368, 0.100799, 0.217953, 0.248876, 0.279032, 1, 

Generation #32
31,287,0.001, 0.017851, 0.0501659, 0.0513067, 0.110065, 0.137015, 0.159559, 0.187127, 0.248876, 0.279032, 1, 

33,208,0.001, 0.016831, 0.037516, 0.040253, 0.075425, 0.153692, 0.187127, 0.248876, 0.279032, 1, 

34,171,0.001, 0.0110509, 0.0261442, 0.0262016, 0.0663368, 0.100799, 0.164494, 0.217953, 0.230267, 0.239707, 1, 

32,225,0.001, 0.0110509, 0.0261442, 0.0262016, 0.0663368, 0.100799, 0.217953, 0.248876, 0.279032, 1, 

35,153,0.001, 0.0110509, 0.0261442, 0.0262016, 0.0663368, 0.100799, 0.164494, 0.217953, 0.248876, 0.279032, 1, 

Generation #33
31,287,0.001, 0.017851, 0.0501659, 0.0513067, 0.110065, 0.137015, 0.159559, 0.187127, 0.248876, 0.279032, 1, 

33,208,0.001, 0.016831, 0.037516, 0.040253, 0.075425, 0.153692, 0.187127, 0.248876, 0.279032, 1, 

34,171,0.001, 0.0110509, 0.0261442, 0.0262016, 0.0663368, 0.100799, 0.164494, 0.217953, 0.230267, 0.239707, 1, 

32,225,0.001, 0.0110509, 0.0261442, 0.0262016, 0.0663368, 0.100799, 0.217953, 0.248876, 0.279032, 1, 

35,153,0.001, 0.0110509, 0.0261442, 0.0262016, 0.0663368, 0.100799, 0.164494, 0.217953, 0.248876, 0.279032, 1, 

Generation #34
31,287,0.001, 0.017851, 0.0501659, 0.0513067, 0.110065, 0.137015, 0.159559, 0.187127, 0.248876, 0.279032, 1, 

33,208,0.001, 0.016831, 0.037516, 0.040253, 0.075425, 0.153692, 0.187127, 0.248876, 0.279032, 1, 

34,171,0.001, 0.0110509, 0.0261442, 0.0262016, 0.0663368, 0.100799, 0.164494, 0.217953, 0.230267, 0.239707, 1, 

32,225,0.001, 0.0110509, 0.0261442, 0.0262016, 0.0663368, 0.100799, 0.217953, 0.248876, 0.279032, 1, 

35,153,0.001, 0.0110509, 0.0261442, 0.0262016, 0.0663368, 0.100799, 0.164494, 0.217953, 0.248876, 0.279032, 1, 

Generation #35
31,287,0.001, 0.017851, 0.0501659, 0.0513067, 0.110065, 0.137015, 0.159559, 0.187127, 0.248876, 0.279032, 1, 

33,208,0.001, 0.016831, 0.037516, 0.040253, 0.075425, 0.153692, 0.187127, 0.248876, 0.279032, 1, 

34,171,0.001, 0.0110509, 0.0261442, 0.0262016, 0.0663368, 0.100799, 0.164494, 0.217953, 0.230267, 0.239707, 1, 

32,225,0.001, 0.0110509, 0.0261442, 0.0262016, 0.0663368, 0.100799, 0.217953, 0.248876, 0.279032, 1, 

35,153,0.001, 0.0110509, 0.0261442, 0.0262016, 0.0663368, 0.100799, 0.164494, 0.217953, 0.248876, 0.279032, 1, 

Generation #36
31,287,0.001, 0.017851, 0.0501659, 0.0513067, 0.110065, 0.137015, 0.159559, 0.187127, 0.248876, 0.279032, 1, 

33,208,0.001, 0.016831, 0.037516, 0.040253, 0.075425, 0.153692, 0.187127, 0.248876, 0.279032, 1, 

34,171,0.001, 0.0110509, 0.0261442, 0.0262016, 0.0663368, 0.100799, 0.164494, 0.217953, 0.230267, 0.239707, 1, 

32,225,0.001, 0.0110509, 0.0261442, 0.0262016, 0.0663368, 0.100799, 0.217953, 0.248876, 0.279032, 1, 

35,153,0.001, 0.0110509, 0.0261442, 0.0262016, 0.0663368, 0.100799, 0.164494, 0.217953, 0.248876, 0.279032, 1, 

Generation #37
31,287,0.001, 0.017851, 0.0501659, 0.0513067, 0.110065, 0.137015, 0.159559, 0.187127, 0.248876, 0.279032, 1, 

33,208,0.001, 0.016831, 0.037516, 0.040253, 0.075425, 0.153692, 0.187127, 0.248876, 0.279032, 1, 

34,171,0.001, 0.0110509, 0.0261442, 0.0262016, 0.0663368, 0.100799, 0.164494, 0.217953, 0.230267, 0.239707, 1, 

32,225,0.001, 0.0110509, 0.0261442, 0.0262016, 0.0663368, 0.100799, 0.217953, 0.248876, 0.279032, 1, 

35,153,0.001, 0.0110509, 0.0261442, 0.0262016, 0.0663368, 0.100799, 0.164494, 0.217953, 0.248876, 0.279032, 1, 

Generation #38
31,287,0.001, 0.017851, 0.0501659, 0.0513067, 0.110065, 0.137015, 0.159559, 0.187127, 0.248876, 0.279032, 1, 

33,208,0.001, 0.016831, 0.037516, 0.040253, 0.075425, 0.153692, 0.187127, 0.248876, 0.279032, 1, 

34,171,0.001, 0.0110509, 0.0261442, 0.0262016, 0.0663368, 0.100799, 0.164494, 0.217953, 0.230267, 0.239707, 1, 

32,225,0.001, 0.0110509, 0.0261442, 0.0262016, 0.0663368, 0.100799, 0.217953, 0.248876, 0.279032, 1, 

35,153,0.001, 0.0110509, 0.0261442, 0.0262016, 0.0663368, 0.100799, 0.164494, 0.217953, 0.248876, 0.279032, 1, 

Generation #39
31,287,0.001, 0.017851, 0.0501659, 0.0513067, 0.110065, 0.137015, 0.159559, 0.187127, 0.248876, 0.279032, 1, 

33,208,0.001, 0.016831, 0.037516, 0.040253, 0.075425, 0.153692, 0.187127, 0.248876, 0.279032, 1, 

34,171,0.001, 0.0110509, 0.0261442, 0.0262016, 0.0663368, 0.100799, 0.164494, 0.217953, 0.230267, 0.239707, 1, 

32,225,0.001, 0.0110509, 0.0261442, 0.0262016, 0.0663368, 0.100799, 0.217953, 0.248876, 0.279032, 1, 

35,153,0.001, 0.0110509, 0.0261442, 0.0262016, 0.0663368, 0.100799, 0.164494, 0.217953, 0.248876, 0.279032, 1, 

Generation #40
31,287,0.001, 0.017851, 0.0501659, 0.0513067, 0.110065, 0.137015, 0.159559, 0.187127, 0.248876, 0.279032, 1, 

34,171,0.001, 0.0110509, 0.0261442, 0.0262016, 0.0663368, 0.100799, 0.164494, 0.217953, 0.230267, 0.239707, 1, 

35,153,0.001, 0.0110509, 0.0261442, 0.0262016, 0.0663368, 0.100799, 0.164494, 0.217953, 0.248876, 0.279032, 1, 

32,198,0.001, 0.0110509, 0.0261442, 0.0262016, 0.0262016, 0.0663368, 0.100799, 0.210881, 1, 

Generation #41
31,287,0.001, 0.017851, 0.0501659, 0.0513067, 0.110065, 0.137015, 0.159559, 0.187127, 0.248876, 0.279032, 1, 

34,171,0.001, 0.0110509, 0.0261442, 0.0262016, 0.0663368, 0.100799, 0.164494, 0.217953, 0.230267, 0.239707, 1, 

35,153,0.001, 0.0110509, 0.0261442, 0.0262016, 0.0663368, 0.100799, 0.164494, 0.217953, 0.248876, 0.279032, 1, 

32,198,0.001, 0.0110509, 0.0261442, 0.0262016, 0.0262016, 0.0663368, 0.100799, 0.210881, 1, 

Generation #42
31,287,0.001, 0.017851, 0.0501659, 0.0513067, 0.110065, 0.137015, 0.159559, 0.187127, 0.248876, 0.279032, 1, 

34,171,0.001, 0.0110509, 0.0261442, 0.0262016, 0.0663368, 0.100799, 0.164494, 0.217953, 0.230267, 0.239707, 1, 

35,153,0.001, 0.0110509, 0.0261442, 0.0262016, 0.0663368, 0.100799, 0.164494, 0.217953, 0.248876, 0.279032, 1, 

32,198,0.001, 0.0110509, 0.0261442, 0.0262016, 0.0262016, 0.0663368, 0.100799, 0.210881, 1, 

Generation #43
31,287,0.001, 0.017851, 0.0501659, 0.0513067, 0.110065, 0.137015, 0.159559, 0.187127, 0.248876, 0.279032, 1, 

34,171,0.001, 0.0110509, 0.0261442, 0.0262016, 0.0663368, 0.100799, 0.164494, 0.217953, 0.230267, 0.239707, 1, 

35,153,0.001, 0.0110509, 0.0261442, 0.0262016, 0.0663368, 0.100799, 0.164494, 0.217953, 0.248876, 0.279032, 1, 

32,198,0.001, 0.0110509, 0.0261442, 0.0262016, 0.0262016, 0.0663368, 0.100799, 0.210881, 1, 

Generation #44
31,287,0.001, 0.017851, 0.0501659, 0.0513067, 0.110065, 0.137015, 0.159559, 0.187127, 0.248876, 0.279032, 1, 

34,171,0.001, 0.0110509, 0.0261442, 0.0262016, 0.0663368, 0.100799, 0.164494, 0.217953, 0.230267, 0.239707, 1, 

35,153,0.001, 0.0110509, 0.0261442, 0.0262016, 0.0663368, 0.100799, 0.164494, 0.217953, 0.248876, 0.279032, 1, 

32,198,0.001, 0.0110509, 0.0261442, 0.0262016, 0.0262016, 0.0663368, 0.100799, 0.210881, 1, 

Generation #45
31,287,0.001, 0.017851, 0.0501659, 0.0513067, 0.110065, 0.137015, 0.159559, 0.187127, 0.248876, 0.279032, 1, 

34,171,0.001, 0.0110509, 0.0261442, 0.0262016, 0.0663368, 0.100799, 0.164494, 0.217953, 0.230267, 0.239707, 1, 

35,153,0.001, 0.0110509, 0.0261442, 0.0262016, 0.0663368, 0.100799, 0.164494, 0.217953, 0.248876, 0.279032, 1, 

32,198,0.001, 0.0110509, 0.0261442, 0.0262016, 0.0262016, 0.0663368, 0.100799, 0.210881, 1, 

Generation #46
31,287,0.001, 0.017851, 0.0501659, 0.0513067, 0.110065, 0.137015, 0.159559, 0.187127, 0.248876, 0.279032, 1, 

34,171,0.001, 0.0110509, 0.0261442, 0.0262016, 0.0663368, 0.100799, 0.164494, 0.217953, 0.230267, 0.239707, 1, 

35,153,0.001, 0.0110509, 0.0261442, 0.0262016, 0.0663368, 0.100799, 0.164494, 0.217953, 0.248876, 0.279032, 1, 

32,198,0.001, 0.0110509, 0.0261442, 0.0262016, 0.0262016, 0.0663368, 0.100799, 0.210881, 1, 

Generation #47
31,287,0.001, 0.017851, 0.0501659, 0.0513067, 0.110065, 0.137015, 0.159559, 0.187127, 0.248876, 0.279032, 1, 

34,171,0.001, 0.0110509, 0.0261442, 0.0262016, 0.0663368, 0.100799, 0.164494, 0.217953, 0.230267, 0.239707, 1, 

35,153,0.001, 0.0110509, 0.0261442, 0.0262016, 0.0663368, 0.100799, 0.164494, 0.217953, 0.248876, 0.279032, 1, 

32,198,0.001, 0.0110509, 0.0261442, 0.0262016, 0.0262016, 0.0663368, 0.100799, 0.210881, 1, 

Generation #48
31,287,0.001, 0.017851, 0.0501659, 0.0513067, 0.110065, 0.137015, 0.159559, 0.187127, 0.248876, 0.279032, 1, 

34,171,0.001, 0.0110509, 0.0261442, 0.0262016, 0.0663368, 0.100799, 0.164494, 0.217953, 0.230267, 0.239707, 1, 

35,153,0.001, 0.0110509, 0.0261442, 0.0262016, 0.0663368, 0.100799, 0.164494, 0.217953, 0.248876, 0.279032, 1, 

32,198,0.001, 0.0110509, 0.0261442, 0.0262016, 0.0262016, 0.0663368, 0.100799, 0.210881, 1, 

Generation #49
31,287,0.001, 0.017851, 0.0501659, 0.0513067, 0.110065, 0.137015, 0.159559, 0.187127, 0.248876, 0.279032, 1, 

34,171,0.001, 0.0110509, 0.0261442, 0.0262016, 0.0663368, 0.100799, 0.164494, 0.217953, 0.230267, 0.239707, 1, 

35,153,0.001, 0.0110509, 0.0261442, 0.0262016, 0.0663368, 0.100799, 0.164494, 0.217953, 0.248876, 0.279032, 1, 

32,198,0.001, 0.0110509, 0.0261442, 0.0262016, 0.0262016, 0.0663368, 0.100799, 0.210881, 1, 

33,182,0.001, 0.0110509, 0.0261442, 0.0262016, 0.0262016, 0.0663368, 0.100799, 0.210881, 0.244813, 0.262717, 1, 

--- Pareto Front Solutions ---
Solution 0: N total=57 (N_initial=26, N_added=31), Time total=291 ms, Saved to: ./results/Flex_t2_l1_pareto_0.csv, percents=0.001, 0.017851, 0.0501659, 0.0513067, 0.110065, 0.137015, 0.159559, 0.187127, 0.248876, 0.279032, 1, 

Solution 1: N total=60 (N_initial=26, N_added=34), Time total=175 ms, Saved to: ./results/Flex_t2_l1_pareto_1.csv, percents=0.001, 0.0110509, 0.0261442, 0.0262016, 0.0663368, 0.100799, 0.164494, 0.217953, 0.230267, 0.239707, 1, 

Solution 2: N total=61 (N_initial=26, N_added=35), Time total=157 ms, Saved to: ./results/Flex_t2_l1_pareto_2.csv, percents=0.001, 0.0110509, 0.0261442, 0.0262016, 0.0663368, 0.100799, 0.164494, 0.217953, 0.248876, 0.279032, 1, 

Solution 3: N total=58 (N_initial=26, N_added=32), Time total=202 ms, Saved to: ./results/Flex_t2_l1_pareto_3.csv, percents=0.001, 0.0110509, 0.0261442, 0.0262016, 0.0262016, 0.0663368, 0.100799, 0.210881, 1, 

Solution 4: N total=59 (N_initial=26, N_added=33), Time total=186 ms, Saved to: ./results/Flex_t2_l1_pareto_4.csv, percents=0.001, 0.0110509, 0.0261442, 0.0262016, 0.0262016, 0.0663368, 0.100799, 0.210881, 0.244813, 0.262717, 1, 

------------d=1, t=2, lambda=2, filename=./evaluation/Flex/Flex_2_2.csv------------
Grouping d-sets by partitioned row counts for detecting arrays...
Ready to look at pairs for detecting arrays...
First Stage N=50, Time=5
There are 1003 remaining non-locating pairs
--- Running GA Algorithm (phase2) ---
Running GA with std::execution::par
Generation #0
33,319,0.001, 0.120355, 0.170239, 0.373119, 0.376234, 0.418352, 0.509247, 0.563918, 0.694632, 0.759686, 1, 

32,325,0.001, 0.0121252, 0.0450838, 0.0955198, 0.113542, 0.278661, 0.3229, 0.556325, 0.796998, 0.80845, 0.900564, 0.99564, 1, 

34,130,0.001, 0.0560086, 0.0693172, 0.0701939, 0.127256, 0.177824, 0.248418, 0.299551, 0.405668, 0.510235, 0.554063, 0.732915, 0.838413, 0.884532, 1, 

46,77,0.001, 0.00830845, 0.0136722, 0.0179235, 0.0192145, 0.0264597, 0.0646039, 0.110903, 0.126195, 0.166467, 0.199839, 0.207153, 0.283312, 0.381461, 0.38437, 0.404, 0.405388, 0.49776, 0.5232, 0.545701, 0.557563, 0.622811, 0.64628, 0.706858, 0.716076, 0.749051, 0.83392, 0.83405, 0.888311, 1, 

Generation #1
34,130,0.001, 0.0560086, 0.0693172, 0.0701939, 0.127256, 0.177824, 0.248418, 0.299551, 0.405668, 0.510235, 0.554063, 0.732915, 0.838413, 0.884532, 1, 

46,77,0.001, 0.00830845, 0.0136722, 0.0179235, 0.0192145, 0.0264597, 0.0646039, 0.110903, 0.126195, 0.166467, 0.199839, 0.207153, 0.283312, 0.381461, 0.38437, 0.404, 0.405388, 0.49776, 0.5232, 0.545701, 0.557563, 0.622811, 0.64628, 0.706858, 0.716076, 0.749051, 0.83392, 0.83405, 0.888311, 1, 

39,115,0.001, 0.0496969, 0.0533318, 0.0542061, 0.0570075, 0.0740266, 0.0843178, 0.12926, 0.199042, 0.229797, 0.405363, 0.78647, 0.843454, 0.908123, 0.93093, 0.94244, 0.943256, 0.992579, 1, 

32,217,0.001, 0.0687882, 0.105615, 0.16579, 0.187427, 0.301097, 0.380515, 0.381824, 0.419381, 0.42746, 1, 

30,242,0.001, 0.00830845, 0.0136722, 0.0179235, 0.0192145, 0.0264597, 0.0646039, 0.731869, 0.849133, 0.934957, 1, 

Generation #2
34,130,0.001, 0.0560086, 0.0693172, 0.0701939, 0.127256, 0.177824, 0.248418, 0.299551, 0.405668, 0.510235, 0.554063, 0.732915, 0.838413, 0.884532, 1, 

46,77,0.001, 0.00830845, 0.0136722, 0.0179235, 0.0192145, 0.0264597, 0.0646039, 0.110903, 0.126195, 0.166467, 0.199839, 0.207153, 0.283312, 0.381461, 0.38437, 0.404, 0.405388, 0.49776, 0.5232, 0.545701, 0.557563, 0.622811, 0.64628, 0.706858, 0.716076, 0.749051, 0.83392, 0.83405, 0.888311, 1, 

39,115,0.001, 0.0496969, 0.0533318, 0.0542061, 0.0570075, 0.0740266, 0.0843178, 0.12926, 0.199042, 0.229797, 0.405363, 0.78647, 0.843454, 0.908123, 0.93093, 0.94244, 0.943256, 0.992579, 1, 

30,242,0.001, 0.00830845, 0.0136722, 0.0179235, 0.0192145, 0.0264597, 0.0646039, 0.731869, 0.849133, 0.934957, 1, 

32,173,0.001, 0.00294922, 0.0780334, 0.103889, 0.109582, 0.1317, 0.590866, 0.72401, 0.775752, 0.777541, 1, 

31,178,0.001, 0.077656, 0.116255, 0.116874, 0.151642, 0.202652, 0.211305, 0.219216, 0.251951, 0.777541, 1, 

Generation #3
34,130,0.001, 0.0560086, 0.0693172, 0.0701939, 0.127256, 0.177824, 0.248418, 0.299551, 0.405668, 0.510235, 0.554063, 0.732915, 0.838413, 0.884532, 1, 

46,77,0.001, 0.00830845, 0.0136722, 0.0179235, 0.0192145, 0.0264597, 0.0646039, 0.110903, 0.126195, 0.166467, 0.199839, 0.207153, 0.283312, 0.381461, 0.38437, 0.404, 0.405388, 0.49776, 0.5232, 0.545701, 0.557563, 0.622811, 0.64628, 0.706858, 0.716076, 0.749051, 0.83392, 0.83405, 0.888311, 1, 

39,115,0.001, 0.0496969, 0.0533318, 0.0542061, 0.0570075, 0.0740266, 0.0843178, 0.12926, 0.199042, 0.229797, 0.405363, 0.78647, 0.843454, 0.908123, 0.93093, 0.94244, 0.943256, 0.992579, 1, 

30,242,0.001, 0.00830845, 0.0136722, 0.0179235, 0.0192145, 0.0264597, 0.0646039, 0.731869, 0.849133, 0.934957, 1, 

31,178,0.001, 0.077656, 0.116255, 0.116874, 0.151642, 0.202652, 0.211305, 0.219216, 0.251951, 0.777541, 1, 

32,164,0.001, 0.0560086, 0.0731976, 0.0829555, 0.165076, 0.543012, 0.590866, 0.72401, 0.775752, 0.777541, 1, 

33,157,0.001, 0.0121252, 0.0450838, 0.0955198, 0.113542, 0.278661, 0.3229, 0.556325, 0.849133, 0.934957, 1, 

Generation #4
46,77,0.001, 0.00830845, 0.0136722, 0.0179235, 0.0192145, 0.0264597, 0.0646039, 0.110903, 0.126195, 0.166467, 0.199839, 0.207153, 0.283312, 0.381461, 0.38437, 0.404, 0.405388, 0.49776, 0.5232, 0.545701, 0.557563, 0.622811, 0.64628, 0.706858, 0.716076, 0.749051, 0.83392, 0.83405, 0.888311, 1, 

40,93,0.001, 0.00830845, 0.0136722, 0.0542061, 0.0570075, 0.0740266, 0.0843178, 0.12926, 0.199042, 0.229797, 0.405363, 0.78647, 0.843454, 0.908123, 0.93093, 0.94244, 0.943256, 0.992579, 1, 

38,109,0.001, 0.0110645, 0.0270053, 0.0421996, 0.0878649, 0.189057, 0.291066, 0.219216, 0.251951, 0.258587, 0.267888, 0.318682, 0.346869, 0.412283, 0.529715, 0.644262, 0.661122, 0.663095, 0.726338, 0.8319, 1, 

30,128,0.001, 0.0514895, 0.0574064, 0.093929, 0.14572, 0.158722, 0.300199, 0.304908, 0.30705, 0.80654, 0.338013, 1, 

Generation #5
46,77,0.001, 0.00830845, 0.0136722, 0.0179235, 0.0192145, 0.0264597, 0.0646039, 0.110903, 0.126195, 0.166467, 0.199839, 0.207153, 0.283312, 0.381461, 0.38437, 0.404, 0.405388, 0.49776, 0.5232, 0.545701, 0.557563, 0.622811, 0.64628, 0.706858, 0.716076, 0.749051, 0.83392, 0.83405, 0.888311, 1, 

40,93,0.001, 0.00830845, 0.0136722, 0.0542061, 0.0570075, 0.0740266, 0.0843178, 0.12926, 0.199042, 0.229797, 0.405363, 0.78647, 0.843454, 0.908123, 0.93093, 0.94244, 0.943256, 0.992579, 1, 

38,109,0.001, 0.0110645, 0.0270053, 0.0421996, 0.0878649, 0.189057, 0.291066, 0.219216, 0.251951, 0.258587, 0.267888, 0.318682, 0.346869, 0.412283, 0.529715, 0.644262, 0.661122, 0.663095, 0.726338, 0.8319, 1, 

30,128,0.001, 0.0514895, 0.0574064, 0.093929, 0.14572, 0.158722, 0.300199, 0.304908, 0.30705, 0.80654, 0.338013, 1, 

29,165,0.001, 0.0379399, 0.00294922, 0.0780334, 0.103889, 0.208639, 0.543012, 0.590866, 0.72401, 0.934957, 1, 

Generation #6
46,77,0.001, 0.00830845, 0.0136722, 0.0179235, 0.0192145, 0.0264597, 0.0646039, 0.110903, 0.126195, 0.166467, 0.199839, 0.207153, 0.283312, 0.381461, 0.38437, 0.404, 0.405388, 0.49776, 0.5232, 0.545701, 0.557563, 0.622811, 0.64628, 0.706858, 0.716076, 0.749051, 0.83392, 0.83405, 0.888311, 1, 

40,93,0.001, 0.00830845, 0.0136722, 0.0542061, 0.0570075, 0.0740266, 0.0843178, 0.12926, 0.199042, 0.229797, 0.405363, 0.78647, 0.843454, 0.908123, 0.93093, 0.94244, 0.943256, 0.992579, 1, 

38,109,0.001, 0.0110645, 0.0270053, 0.0421996, 0.0878649, 0.189057, 0.291066, 0.219216, 0.251951, 0.258587, 0.267888, 0.318682, 0.346869, 0.412283, 0.529715, 0.644262, 0.661122, 0.663095, 0.726338, 0.8319, 1, 

30,128,0.001, 0.0514895, 0.0574064, 0.093929, 0.14572, 0.158722, 0.300199, 0.304908, 0.30705, 0.80654, 0.338013, 1, 

28,151,0.001, 0.0340954, 0.0551924, 0.0179235, 0.0192145, 0.111167, 0.227598, 0.249093, 0.775752, 0.777541, 1, 

Generation #7
46,77,0.001, 0.00830845, 0.0136722, 0.0179235, 0.0192145, 0.0264597, 0.0646039, 0.110903, 0.126195, 0.166467, 0.199839, 0.207153, 0.283312, 0.381461, 0.38437, 0.404, 0.405388, 0.49776, 0.5232, 0.545701, 0.557563, 0.622811, 0.64628, 0.706858, 0.716076, 0.749051, 0.83392, 0.83405, 0.888311, 1, 

40,93,0.001, 0.00830845, 0.0136722, 0.0542061, 0.0570075, 0.0740266, 0.0843178, 0.12926, 0.199042, 0.229797, 0.405363, 0.78647, 0.843454, 0.908123, 0.93093, 0.94244, 0.943256, 0.992579, 1, 

30,128,0.001, 0.0514895, 0.0574064, 0.093929, 0.14572, 0.158722, 0.300199, 0.304908, 0.30705, 0.80654, 0.338013, 1, 

28,151,0.001, 0.0340954, 0.0551924, 0.0179235, 0.0192145, 0.111167, 0.227598, 0.249093, 0.775752, 0.777541, 1, 

32,109,0.001, 0.00830845, 0.0136722, 0.0179235, 0.0192145, 0.0264597, 0.0646039, 0.110903, 0.126195, 0.166467, 0.199839, 0.99564, 1, 

Generation #8
40,93,0.001, 0.00830845, 0.0136722, 0.0542061, 0.0570075, 0.0740266, 0.0843178, 0.12926, 0.199042, 0.229797, 0.405363, 0.78647, 0.843454, 0.908123, 0.93093, 0.94244, 0.943256, 0.992579, 1, 

28,151,0.001, 0.0340954, 0.0551924, 0.0179235, 0.0192145, 0.111167, 0.227598, 0.249093, 0.775752, 0.777541, 1, 

32,109,0.001, 0.00830845, 0.0136722, 0.0179235, 0.0192145, 0.0264597, 0.0646039, 0.110903, 0.126195, 0.166467, 0.199839, 0.99564, 1, 

42,70,0.001, 0.00830845, 0.0136722, 0.0179235, 0.0192145, 0.0264597, 0.0646039, 0.110903, 0.126195, 0.166467, 0.199839, 0.207153, 0.283312, 0.381461, 0.38437, 0.404, 0.405388, 0.49776, 0.5232, 0.545701, 0.557563, 0.622811, 0.64628, 0.706858, 0.716076, 0.486851, 0.83392, 0.83405, 0.888311, 1, 

29,134,0.001, 0.00830845, 0.0136722, 0.0179235, 0.0192145, 0.0264597, 0.0646039, 0.214279, 0.481893, 0.898998, 1, 

30,127,0.001, 0.014485, 0.0565856, 0.0604134, 0.110418, 0.111167, 0.227598, 0.249093, 0.249172, 0.777541, 1, 

Generation #9
40,93,0.001, 0.00830845, 0.0136722, 0.0542061, 0.0570075, 0.0740266, 0.0843178, 0.12926, 0.199042, 0.229797, 0.405363, 0.78647, 0.843454, 0.908123, 0.93093, 0.94244, 0.943256, 0.992579, 1, 

28,151,0.001, 0.0340954, 0.0551924, 0.0179235, 0.0192145, 0.111167, 0.227598, 0.249093, 0.775752, 0.777541, 1, 

32,109,0.001, 0.00830845, 0.0136722, 0.0179235, 0.0192145, 0.0264597, 0.0646039, 0.110903, 0.126195, 0.166467, 0.199839, 0.99564, 1, 

42,70,0.001, 0.00830845, 0.0136722, 0.0179235, 0.0192145, 0.0264597, 0.0646039, 0.110903, 0.126195, 0.166467, 0.199839, 0.207153, 0.283312, 0.381461, 0.38437, 0.404, 0.405388, 0.49776, 0.5232, 0.545701, 0.557563, 0.622811, 0.64628, 0.706858, 0.716076, 0.486851, 0.83392, 0.83405, 0.888311, 1, 

29,134,0.001, 0.00830845, 0.0136722, 0.0179235, 0.0192145, 0.0264597, 0.0646039, 0.214279, 0.481893, 0.898998, 1, 

30,127,0.001, 0.014485, 0.0565856, 0.0604134, 0.110418, 0.111167, 0.227598, 0.249093, 0.249172, 0.777541, 1, 

Generation #10
40,93,0.001, 0.00830845, 0.0136722, 0.0542061, 0.0570075, 0.0740266, 0.0843178, 0.12926, 0.199042, 0.229797, 0.405363, 0.78647, 0.843454, 0.908123, 0.93093, 0.94244, 0.943256, 0.992579, 1, 

28,151,0.001, 0.0340954, 0.0551924, 0.0179235, 0.0192145, 0.111167, 0.227598, 0.249093, 0.775752, 0.777541, 1, 

32,109,0.001, 0.00830845, 0.0136722, 0.0179235, 0.0192145, 0.0264597, 0.0646039, 0.110903, 0.126195, 0.166467, 0.199839, 0.99564, 1, 

42,70,0.001, 0.00830845, 0.0136722, 0.0179235, 0.0192145, 0.0264597, 0.0646039, 0.110903, 0.126195, 0.166467, 0.199839, 0.207153, 0.283312, 0.381461, 0.38437, 0.404, 0.405388, 0.49776, 0.5232, 0.545701, 0.557563, 0.622811, 0.64628, 0.706858, 0.716076, 0.486851, 0.83392, 0.83405, 0.888311, 1, 

29,134,0.001, 0.00830845, 0.0136722, 0.0179235, 0.0192145, 0.0264597, 0.0646039, 0.214279, 0.481893, 0.898998, 1, 

30,127,0.001, 0.014485, 0.0565856, 0.0604134, 0.110418, 0.111167, 0.227598, 0.249093, 0.249172, 0.777541, 1, 

Generation #11
40,93,0.001, 0.00830845, 0.0136722, 0.0542061, 0.0570075, 0.0740266, 0.0843178, 0.12926, 0.199042, 0.229797, 0.405363, 0.78647, 0.843454, 0.908123, 0.93093, 0.94244, 0.943256, 0.992579, 1, 

32,109,0.001, 0.00830845, 0.0136722, 0.0179235, 0.0192145, 0.0264597, 0.0646039, 0.110903, 0.126195, 0.166467, 0.199839, 0.99564, 1, 

42,70,0.001, 0.00830845, 0.0136722, 0.0179235, 0.0192145, 0.0264597, 0.0646039, 0.110903, 0.126195, 0.166467, 0.199839, 0.207153, 0.283312, 0.381461, 0.38437, 0.404, 0.405388, 0.49776, 0.5232, 0.545701, 0.557563, 0.622811, 0.64628, 0.706858, 0.716076, 0.486851, 0.83392, 0.83405, 0.888311, 1, 

27,110,0.001, 0.00830845, 0.0136722, 0.0179235, 0.0192145, 0.0264597, 0.0646039, 0.110903, 0.554063, 1, 

Generation #12
40,93,0.001, 0.00830845, 0.0136722, 0.0542061, 0.0570075, 0.0740266, 0.0843178, 0.12926, 0.199042, 0.229797, 0.405363, 0.78647, 0.843454, 0.908123, 0.93093, 0.94244, 0.943256, 0.992579, 1, 

32,109,0.001, 0.00830845, 0.0136722, 0.0179235, 0.0192145, 0.0264597, 0.0646039, 0.110903, 0.126195, 0.166467, 0.199839, 0.99564, 1, 

42,70,0.001, 0.00830845, 0.0136722, 0.0179235, 0.0192145, 0.0264597, 0.0646039, 0.110903, 0.126195, 0.166467, 0.199839, 0.207153, 0.283312, 0.381461, 0.38437, 0.404, 0.405388, 0.49776, 0.5232, 0.545701, 0.557563, 0.622811, 0.64628, 0.706858, 0.716076, 0.486851, 0.83392, 0.83405, 0.888311, 1, 

27,110,0.001, 0.00830845, 0.0136722, 0.0179235, 0.0192145, 0.0264597, 0.0646039, 0.110903, 0.554063, 1, 

37,104,0.001, 0.00830845, 0.0136722, 0.0179235, 0.0192145, 0.0264597, 0.0646039, 0.214279, 0.126195, 0.166467, 0.199839, 0.207153, 0.283312, 0.381461, 0.470523, 0.917444, 0.939805, 0.97643, 1, 

Generation #13
32,109,0.001, 0.00830845, 0.0136722, 0.0179235, 0.0192145, 0.0264597, 0.0646039, 0.110903, 0.126195, 0.166467, 0.199839, 0.99564, 1, 

42,70,0.001, 0.00830845, 0.0136722, 0.0179235, 0.0192145, 0.0264597, 0.0646039, 0.110903, 0.126195, 0.166467, 0.199839, 0.207153, 0.283312, 0.381461, 0.38437, 0.404, 0.405388, 0.49776, 0.5232, 0.545701, 0.557563, 0.622811, 0.64628, 0.706858, 0.716076, 0.486851, 0.83392, 0.83405, 0.888311, 1, 

27,110,0.001, 0.00830845, 0.0136722, 0.0179235, 0.0192145, 0.0264597, 0.0646039, 0.110903, 0.554063, 1, 

37,84,0.001, 0.00830845, 0.0136722, 0.0179235, 0.0192145, 0.0264597, 0.0646039, 0.110903, 0.126195, 0.166467, 0.199839, 0.207153, 0.283312, 0.381461, 0.38437, 0.404, 0.405388, 0.49776, 1, 

Generation #14
42,70,0.001, 0.00830845, 0.0136722, 0.0179235, 0.0192145, 0.0264597, 0.0646039, 0.110903, 0.126195, 0.166467, 0.199839, 0.207153, 0.283312, 0.381461, 0.38437, 0.404, 0.405388, 0.49776, 0.5232, 0.545701, 0.557563, 0.622811, 0.64628, 0.706858, 0.716076, 0.486851, 0.83392, 0.83405, 0.888311, 1, 

27,110,0.001, 0.00830845, 0.0136722, 0.0179235, 0.0192145, 0.0264597, 0.0646039, 0.110903, 0.554063, 1, 

30,101,0.001, 0.00830845, 0.0136722, 0.0179235, 0.0192145, 0.0264597, 0.0646039, 0.214279, 0.126195, 0.166467, 0.199839, 0.207153, 1, 

36,83,0.001, 0.00830845, 0.0136722, 0.0179235, 0.0192145, 0.0264597, 0.0843178, 0.12926, 0.199042, 0.229797, 0.405363, 0.78647, 0.843454, 0.908123, 0.93093, 0.94244, 0.943256, 0.992579, 1, 

Generation #15
27,110,0.001, 0.00830845, 0.0136722, 0.0179235, 0.0192145, 0.0264597, 0.0646039, 0.110903, 0.554063, 1, 

30,101,0.001, 0.00830845, 0.0136722, 0.0179235, 0.0192145, 0.0264597, 0.0646039, 0.214279, 0.126195, 0.166467, 0.199839, 0.207153, 1, 

32,100,0.001, 0.00830845, 0.0136722, 0.0179235, 0.0264597, 0.0646039, 0.0646039, 0.110903, 0.120116, 0.126195, 0.166467, 0.199839, 0.99564, 1, 

35,69,0.001, 0.00830845, 0.0136722, 0.0179235, 0.0192145, 0.0264597, 0.0646039, 0.110903, 0.126195, 0.166467, 0.199839, 0.207153, 0.283312, 0.381461, 0.38437, 0.404, 0.405388, 0.49776, 1, 

33,97,0.001, 0.00830845, 0.0136722, 0.0179235, 0.0264597, 0.0646039, 0.110903, 0.219216, 0.251951, 0.692064, 1, 

Generation #16
27,110,0.001, 0.00830845, 0.0136722, 0.0179235, 0.0192145, 0.0264597, 0.0646039, 0.110903, 0.554063, 1, 

35,69,0.001, 0.00830845, 0.0136722, 0.0179235, 0.0192145, 0.0264597, 0.0646039, 0.110903, 0.126195, 0.166467, 0.199839, 0.207153, 0.283312, 0.381461, 0.38437, 0.404, 0.405388, 0.49776, 1, 

28,89,0.001, 0.00830845, 0.0136722, 0.0179235, 0.0192145, 0.0264597, 0.0646039, 0.110903, 0.126195, 0.166467, 0.199839, 0.99564, 1, 

Generation #17
27,110,0.001, 0.00830845, 0.0136722, 0.0179235, 0.0192145, 0.0264597, 0.0646039, 0.110903, 0.554063, 1, 

35,69,0.001, 0.00830845, 0.0136722, 0.0179235, 0.0192145, 0.0264597, 0.0646039, 0.110903, 0.126195, 0.166467, 0.199839, 0.207153, 0.283312, 0.381461, 0.38437, 0.404, 0.405388, 0.49776, 1, 

28,89,0.001, 0.00830845, 0.0136722, 0.0179235, 0.0192145, 0.0264597, 0.0646039, 0.110903, 0.126195, 0.166467, 0.199839, 0.99564, 1, 

Generation #18
27,110,0.001, 0.00830845, 0.0136722, 0.0179235, 0.0192145, 0.0264597, 0.0646039, 0.110903, 0.554063, 1, 

35,69,0.001, 0.00830845, 0.0136722, 0.0179235, 0.0192145, 0.0264597, 0.0646039, 0.110903, 0.126195, 0.166467, 0.199839, 0.207153, 0.283312, 0.381461, 0.38437, 0.404, 0.405388, 0.49776, 1, 

28,89,0.001, 0.00830845, 0.0136722, 0.0179235, 0.0192145, 0.0264597, 0.0646039, 0.110903, 0.126195, 0.166467, 0.199839, 0.99564, 1, 

32,78,0.001, 0.00830845, 0.0136722, 0.0179235, 0.0192145, 0.0264597, 0.0646039, 0.110903, 0.120116, 0.126195, 0.166467, 0.199839, 0.99564, 1, 

Generation #19
27,110,0.001, 0.00830845, 0.0136722, 0.0179235, 0.0192145, 0.0264597, 0.0646039, 0.110903, 0.554063, 1, 

35,69,0.001, 0.00830845, 0.0136722, 0.0179235, 0.0192145, 0.0264597, 0.0646039, 0.110903, 0.126195, 0.166467, 0.199839, 0.207153, 0.283312, 0.381461, 0.38437, 0.404, 0.405388, 0.49776, 1, 

28,89,0.001, 0.00830845, 0.0136722, 0.0179235, 0.0192145, 0.0264597, 0.0646039, 0.110903, 0.126195, 0.166467, 0.199839, 0.99564, 1, 

32,78,0.001, 0.00830845, 0.0136722, 0.0179235, 0.0192145, 0.0264597, 0.0646039, 0.110903, 0.120116, 0.126195, 0.166467, 0.199839, 0.99564, 1, 

26,225,0.001, 0.00830845, 0.0136722, 0.0179235, 0.0192145, 0.0264597, 0.0843178, 0.110903, 1, 

Generation #20
27,110,0.001, 0.00830845, 0.0136722, 0.0179235, 0.0192145, 0.0264597, 0.0646039, 0.110903, 0.554063, 1, 

35,69,0.001, 0.00830845, 0.0136722, 0.0179235, 0.0192145, 0.0264597, 0.0646039, 0.110903, 0.126195, 0.166467, 0.199839, 0.207153, 0.283312, 0.381461, 0.38437, 0.404, 0.405388, 0.49776, 1, 

28,89,0.001, 0.00830845, 0.0136722, 0.0179235, 0.0192145, 0.0264597, 0.0646039, 0.110903, 0.126195, 0.166467, 0.199839, 0.99564, 1, 

32,78,0.001, 0.00830845, 0.0136722, 0.0179235, 0.0192145, 0.0264597, 0.0646039, 0.110903, 0.120116, 0.126195, 0.166467, 0.199839, 0.99564, 1, 

26,225,0.001, 0.00830845, 0.0136722, 0.0179235, 0.0192145, 0.0264597, 0.0843178, 0.110903, 1, 

Generation #21
35,69,0.001, 0.00830845, 0.0136722, 0.0179235, 0.0192145, 0.0264597, 0.0646039, 0.110903, 0.126195, 0.166467, 0.199839, 0.207153, 0.283312, 0.381461, 0.38437, 0.404, 0.405388, 0.49776, 1, 

28,89,0.001, 0.00830845, 0.0136722, 0.0179235, 0.0192145, 0.0264597, 0.0646039, 0.110903, 0.126195, 0.166467, 0.199839, 0.99564, 1, 

32,78,0.001, 0.00830845, 0.0136722, 0.0179235, 0.0192145, 0.0264597, 0.0646039, 0.110903, 0.120116, 0.126195, 0.166467, 0.199839, 0.99564, 1, 

26,225,0.001, 0.00830845, 0.0136722, 0.0179235, 0.0192145, 0.0264597, 0.0843178, 0.110903, 1, 

27,107,0.001, 0.00830845, 0.0136722, 0.0179235, 0.0192145, 0.0264597, 0.0646039, 0.110903, 0.126195, 0.166467, 1, 

Generation #22
35,69,0.001, 0.00830845, 0.0136722, 0.0179235, 0.0192145, 0.0264597, 0.0646039, 0.110903, 0.126195, 0.166467, 0.199839, 0.207153, 0.283312, 0.381461, 0.38437, 0.404, 0.405388, 0.49776, 1, 

28,89,0.001, 0.00830845, 0.0136722, 0.0179235, 0.0192145, 0.0264597, 0.0646039, 0.110903, 0.126195, 0.166467, 0.199839, 0.99564, 1, 

32,78,0.001, 0.00830845, 0.0136722, 0.0179235, 0.0192145, 0.0264597, 0.0646039, 0.110903, 0.120116, 0.126195, 0.166467, 0.199839, 0.99564, 1, 

27,107,0.001, 0.00830845, 0.0136722, 0.0179235, 0.0192145, 0.0264597, 0.0646039, 0.110903, 0.126195, 0.166467, 1, 

26,128,0.001, 0.00830845, 0.0450838, 0.0179235, 0.0192145, 0.0264597, 0.0646039, 0.110903, 1, 

Generation #23
35,69,0.001, 0.00830845, 0.0136722, 0.0179235, 0.0192145, 0.0264597, 0.0646039, 0.110903, 0.126195, 0.166467, 0.199839, 0.207153, 0.283312, 0.381461, 0.38437, 0.404, 0.405388, 0.49776, 1, 

28,89,0.001, 0.00830845, 0.0136722, 0.0179235, 0.0192145, 0.0264597, 0.0646039, 0.110903, 0.126195, 0.166467, 0.199839, 0.99564, 1, 

32,78,0.001, 0.00830845, 0.0136722, 0.0179235, 0.0192145, 0.0264597, 0.0646039, 0.110903, 0.120116, 0.126195, 0.166467, 0.199839, 0.99564, 1, 

27,107,0.001, 0.00830845, 0.0136722, 0.0179235, 0.0192145, 0.0264597, 0.0646039, 0.110903, 0.126195, 0.166467, 1, 

26,128,0.001, 0.00830845, 0.0450838, 0.0179235, 0.0192145, 0.0264597, 0.0646039, 0.110903, 1, 

47,64,0.001, 0.00830845, 0.0136722, 0.0179235, 0.0192145, 0.0264597, 0.0646039, 0.110903, 0.126195, 0.166467, 0.199839, 0.207153, 0.283312, 0.381461, 0.38437, 0.404, 0.405388, 0.49776, 0.5232, 0.545701, 0.557563, 0.622811, 0.64628, 0.706858, 0.716076, 0.486851, 0.83392, 0.83405, 0.888311, 1, 

Generation #24
35,69,0.001, 0.00830845, 0.0136722, 0.0179235, 0.0192145, 0.0264597, 0.0646039, 0.110903, 0.126195, 0.166467, 0.199839, 0.207153, 0.283312, 0.381461, 0.38437, 0.404, 0.405388, 0.49776, 1, 

28,89,0.001, 0.00830845, 0.0136722, 0.0179235, 0.0192145, 0.0264597, 0.0646039, 0.110903, 0.126195, 0.166467, 0.199839, 0.99564, 1, 

32,78,0.001, 0.00830845, 0.0136722, 0.0179235, 0.0192145, 0.0264597, 0.0646039, 0.110903, 0.120116, 0.126195, 0.166467, 0.199839, 0.99564, 1, 

27,107,0.001, 0.00830845, 0.0136722, 0.0179235, 0.0192145, 0.0264597, 0.0646039, 0.110903, 0.126195, 0.166467, 1, 

26,128,0.001, 0.00830845, 0.0450838, 0.0179235, 0.0192145, 0.0264597, 0.0646039, 0.110903, 1, 

47,64,0.001, 0.00830845, 0.0136722, 0.0179235, 0.0192145, 0.0264597, 0.0646039, 0.110903, 0.126195, 0.166467, 0.199839, 0.207153, 0.283312, 0.381461, 0.38437, 0.404, 0.405388, 0.49776, 0.5232, 0.545701, 0.557563, 0.622811, 0.64628, 0.706858, 0.716076, 0.486851, 0.83392, 0.83405, 0.888311, 1, 

25,287,0.001, 0.00830845, 0.0136722, 0.0179235, 0.0192145, 0.0264597, 0.0646039, 0.110903, 1, 

Generation #25
35,69,0.001, 0.00830845, 0.0136722, 0.0179235, 0.0192145, 0.0264597, 0.0646039, 0.110903, 0.126195, 0.166467, 0.199839, 0.207153, 0.283312, 0.381461, 0.38437, 0.404, 0.405388, 0.49776, 1, 

28,89,0.001, 0.00830845, 0.0136722, 0.0179235, 0.0192145, 0.0264597, 0.0646039, 0.110903, 0.126195, 0.166467, 0.199839, 0.99564, 1, 

32,78,0.001, 0.00830845, 0.0136722, 0.0179235, 0.0192145, 0.0264597, 0.0646039, 0.110903, 0.120116, 0.126195, 0.166467, 0.199839, 0.99564, 1, 

27,107,0.001, 0.00830845, 0.0136722, 0.0179235, 0.0192145, 0.0264597, 0.0646039, 0.110903, 0.126195, 0.166467, 1, 

26,128,0.001, 0.00830845, 0.0450838, 0.0179235, 0.0192145, 0.0264597, 0.0646039, 0.110903, 1, 

47,64,0.001, 0.00830845, 0.0136722, 0.0179235, 0.0192145, 0.0264597, 0.0646039, 0.110903, 0.126195, 0.166467, 0.199839, 0.207153, 0.283312, 0.381461, 0.38437, 0.404, 0.405388, 0.49776, 0.5232, 0.545701, 0.557563, 0.622811, 0.64628, 0.706858, 0.716076, 0.486851, 0.83392, 0.83405, 0.888311, 1, 

25,287,0.001, 0.00830845, 0.0136722, 0.0179235, 0.0192145, 0.0264597, 0.0646039, 0.110903, 1, 

Generation #26
35,69,0.001, 0.00830845, 0.0136722, 0.0179235, 0.0192145, 0.0264597, 0.0646039, 0.110903, 0.126195, 0.166467, 0.199839, 0.207153, 0.283312, 0.381461, 0.38437, 0.404, 0.405388, 0.49776, 1, 

28,89,0.001, 0.00830845, 0.0136722, 0.0179235, 0.0192145, 0.0264597, 0.0646039, 0.110903, 0.126195, 0.166467, 0.199839, 0.99564, 1, 

32,78,0.001, 0.00830845, 0.0136722, 0.0179235, 0.0192145, 0.0264597, 0.0646039, 0.110903, 0.120116, 0.126195, 0.166467, 0.199839, 0.99564, 1, 

27,107,0.001, 0.00830845, 0.0136722, 0.0179235, 0.0192145, 0.0264597, 0.0646039, 0.110903, 0.126195, 0.166467, 1, 

26,128,0.001, 0.00830845, 0.0450838, 0.0179235, 0.0192145, 0.0264597, 0.0646039, 0.110903, 1, 

47,64,0.001, 0.00830845, 0.0136722, 0.0179235, 0.0192145, 0.0264597, 0.0646039, 0.110903, 0.126195, 0.166467, 0.199839, 0.207153, 0.283312, 0.381461, 0.38437, 0.404, 0.405388, 0.49776, 0.5232, 0.545701, 0.557563, 0.622811, 0.64628, 0.706858, 0.716076, 0.486851, 0.83392, 0.83405, 0.888311, 1, 

25,287,0.001, 0.00830845, 0.0136722, 0.0179235, 0.0192145, 0.0264597, 0.0646039, 0.110903, 1, 

Generation #27
35,69,0.001, 0.00830845, 0.0136722, 0.0179235, 0.0192145, 0.0264597, 0.0646039, 0.110903, 0.126195, 0.166467, 0.199839, 0.207153, 0.283312, 0.381461, 0.38437, 0.404, 0.405388, 0.49776, 1, 

28,89,0.001, 0.00830845, 0.0136722, 0.0179235, 0.0192145, 0.0264597, 0.0646039, 0.110903, 0.126195, 0.166467, 0.199839, 0.99564, 1, 

32,78,0.001, 0.00830845, 0.0136722, 0.0179235, 0.0192145, 0.0264597, 0.0646039, 0.110903, 0.120116, 0.126195, 0.166467, 0.199839, 0.99564, 1, 

27,107,0.001, 0.00830845, 0.0136722, 0.0179235, 0.0192145, 0.0264597, 0.0646039, 0.110903, 0.126195, 0.166467, 1, 

26,128,0.001, 0.00830845, 0.0450838, 0.0179235, 0.0192145, 0.0264597, 0.0646039, 0.110903, 1, 

47,64,0.001, 0.00830845, 0.0136722, 0.0179235, 0.0192145, 0.0264597, 0.0646039, 0.110903, 0.126195, 0.166467, 0.199839, 0.207153, 0.283312, 0.381461, 0.38437, 0.404, 0.405388, 0.49776, 0.5232, 0.545701, 0.557563, 0.622811, 0.64628, 0.706858, 0.716076, 0.486851, 0.83392, 0.83405, 0.888311, 1, 

25,287,0.001, 0.00830845, 0.0136722, 0.0179235, 0.0192145, 0.0264597, 0.0646039, 0.110903, 1, 

Generation #28
35,69,0.001, 0.00830845, 0.0136722, 0.0179235, 0.0192145, 0.0264597, 0.0646039, 0.110903, 0.126195, 0.166467, 0.199839, 0.207153, 0.283312, 0.381461, 0.38437, 0.404, 0.405388, 0.49776, 1, 

28,89,0.001, 0.00830845, 0.0136722, 0.0179235, 0.0192145, 0.0264597, 0.0646039, 0.110903, 0.126195, 0.166467, 0.199839, 0.99564, 1, 

32,78,0.001, 0.00830845, 0.0136722, 0.0179235, 0.0192145, 0.0264597, 0.0646039, 0.110903, 0.120116, 0.126195, 0.166467, 0.199839, 0.99564, 1, 

27,107,0.001, 0.00830845, 0.0136722, 0.0179235, 0.0192145, 0.0264597, 0.0646039, 0.110903, 0.126195, 0.166467, 1, 

26,128,0.001, 0.00830845, 0.0450838, 0.0179235, 0.0192145, 0.0264597, 0.0646039, 0.110903, 1, 

47,64,0.001, 0.00830845, 0.0136722, 0.0179235, 0.0192145, 0.0264597, 0.0646039, 0.110903, 0.126195, 0.166467, 0.199839, 0.207153, 0.283312, 0.381461, 0.38437, 0.404, 0.405388, 0.49776, 0.5232, 0.545701, 0.557563, 0.622811, 0.64628, 0.706858, 0.716076, 0.486851, 0.83392, 0.83405, 0.888311, 1, 

25,287,0.001, 0.00830845, 0.0136722, 0.0179235, 0.0192145, 0.0264597, 0.0646039, 0.110903, 1, 

Generation #29
35,69,0.001, 0.00830845, 0.0136722, 0.0179235, 0.0192145, 0.0264597, 0.0646039, 0.110903, 0.126195, 0.166467, 0.199839, 0.207153, 0.283312, 0.381461, 0.38437, 0.404, 0.405388, 0.49776, 1, 

28,89,0.001, 0.00830845, 0.0136722, 0.0179235, 0.0192145, 0.0264597, 0.0646039, 0.110903, 0.126195, 0.166467, 0.199839, 0.99564, 1, 

32,78,0.001, 0.00830845, 0.0136722, 0.0179235, 0.0192145, 0.0264597, 0.0646039, 0.110903, 0.120116, 0.126195, 0.166467, 0.199839, 0.99564, 1, 

27,107,0.001, 0.00830845, 0.0136722, 0.0179235, 0.0192145, 0.0264597, 0.0646039, 0.110903, 0.126195, 0.166467, 1, 

26,128,0.001, 0.00830845, 0.0450838, 0.0179235, 0.0192145, 0.0264597, 0.0646039, 0.110903, 1, 

47,64,0.001, 0.00830845, 0.0136722, 0.0179235, 0.0192145, 0.0264597, 0.0646039, 0.110903, 0.126195, 0.166467, 0.199839, 0.207153, 0.283312, 0.381461, 0.38437, 0.404, 0.405388, 0.49776, 0.5232, 0.545701, 0.557563, 0.622811, 0.64628, 0.706858, 0.716076, 0.486851, 0.83392, 0.83405, 0.888311, 1, 

25,287,0.001, 0.00830845, 0.0136722, 0.0179235, 0.0192145, 0.0264597, 0.0646039, 0.110903, 1, 

34,76,0.001, 0.00830845, 0.0136722, 0.0179235, 0.0192145, 0.0264597, 0.0646039, 0.110903, 0.120116, 0.126195, 0.166467, 0.199839, 0.283312, 0.381461, 0.38437, 0.404, 0.405388, 0.49776, 1, 

Generation #30
35,69,0.001, 0.00830845, 0.0136722, 0.0179235, 0.0192145, 0.0264597, 0.0646039, 0.110903, 0.126195, 0.166467, 0.199839, 0.207153, 0.283312, 0.381461, 0.38437, 0.404, 0.405388, 0.49776, 1, 

28,89,0.001, 0.00830845, 0.0136722, 0.0179235, 0.0192145, 0.0264597, 0.0646039, 0.110903, 0.126195, 0.166467, 0.199839, 0.99564, 1, 

32,78,0.001, 0.00830845, 0.0136722, 0.0179235, 0.0192145, 0.0264597, 0.0646039, 0.110903, 0.120116, 0.126195, 0.166467, 0.199839, 0.99564, 1, 

27,107,0.001, 0.00830845, 0.0136722, 0.0179235, 0.0192145, 0.0264597, 0.0646039, 0.110903, 0.126195, 0.166467, 1, 

26,128,0.001, 0.00830845, 0.0450838, 0.0179235, 0.0192145, 0.0264597, 0.0646039, 0.110903, 1, 

47,64,0.001, 0.00830845, 0.0136722, 0.0179235, 0.0192145, 0.0264597, 0.0646039, 0.110903, 0.126195, 0.166467, 0.199839, 0.207153, 0.283312, 0.381461, 0.38437, 0.404, 0.405388, 0.49776, 0.5232, 0.545701, 0.557563, 0.622811, 0.64628, 0.706858, 0.716076, 0.486851, 0.83392, 0.83405, 0.888311, 1, 

25,287,0.001, 0.00830845, 0.0136722, 0.0179235, 0.0192145, 0.0264597, 0.0646039, 0.110903, 1, 

34,76,0.001, 0.00830845, 0.0136722, 0.0179235, 0.0192145, 0.0264597, 0.0646039, 0.110903, 0.120116, 0.126195, 0.166467, 0.199839, 0.283312, 0.381461, 0.38437, 0.404, 0.405388, 0.49776, 1, 

Generation #31
35,69,0.001, 0.00830845, 0.0136722, 0.0179235, 0.0192145, 0.0264597, 0.0646039, 0.110903, 0.126195, 0.166467, 0.199839, 0.207153, 0.283312, 0.381461, 0.38437, 0.404, 0.405388, 0.49776, 1, 

28,89,0.001, 0.00830845, 0.0136722, 0.0179235, 0.0192145, 0.0264597, 0.0646039, 0.110903, 0.126195, 0.166467, 0.199839, 0.99564, 1, 

32,78,0.001, 0.00830845, 0.0136722, 0.0179235, 0.0192145, 0.0264597, 0.0646039, 0.110903, 0.120116, 0.126195, 0.166467, 0.199839, 0.99564, 1, 

26,128,0.001, 0.00830845, 0.0450838, 0.0179235, 0.0192145, 0.0264597, 0.0646039, 0.110903, 1, 

47,64,0.001, 0.00830845, 0.0136722, 0.0179235, 0.0192145, 0.0264597, 0.0646039, 0.110903, 0.126195, 0.166467, 0.199839, 0.207153, 0.283312, 0.381461, 0.38437, 0.404, 0.405388, 0.49776, 0.5232, 0.545701, 0.557563, 0.622811, 0.64628, 0.706858, 0.716076, 0.486851, 0.83392, 0.83405, 0.888311, 1, 

25,287,0.001, 0.00830845, 0.0136722, 0.0179235, 0.0192145, 0.0264597, 0.0646039, 0.110903, 1, 

34,76,0.001, 0.00830845, 0.0136722, 0.0179235, 0.0192145, 0.0264597, 0.0646039, 0.110903, 0.120116, 0.126195, 0.166467, 0.199839, 0.283312, 0.381461, 0.38437, 0.404, 0.405388, 0.49776, 1, 

27,95,0.001, 0.00830845, 0.0136722, 0.0179235, 0.0192145, 0.0264597, 0.0646039, 0.110903, 0.126195, 0.166467, 1, 

Generation #32
35,69,0.001, 0.00830845, 0.0136722, 0.0179235, 0.0192145, 0.0264597, 0.0646039, 0.110903, 0.126195, 0.166467, 0.199839, 0.207153, 0.283312, 0.381461, 0.38437, 0.404, 0.405388, 0.49776, 1, 

28,89,0.001, 0.00830845, 0.0136722, 0.0179235, 0.0192145, 0.0264597, 0.0646039, 0.110903, 0.126195, 0.166467, 0.199839, 0.99564, 1, 

32,78,0.001, 0.00830845, 0.0136722, 0.0179235, 0.0192145, 0.0264597, 0.0646039, 0.110903, 0.120116, 0.126195, 0.166467, 0.199839, 0.99564, 1, 

26,128,0.001, 0.00830845, 0.0450838, 0.0179235, 0.0192145, 0.0264597, 0.0646039, 0.110903, 1, 

47,64,0.001, 0.00830845, 0.0136722, 0.0179235, 0.0192145, 0.0264597, 0.0646039, 0.110903, 0.126195, 0.166467, 0.199839, 0.207153, 0.283312, 0.381461, 0.38437, 0.404, 0.405388, 0.49776, 0.5232, 0.545701, 0.557563, 0.622811, 0.64628, 0.706858, 0.716076, 0.486851, 0.83392, 0.83405, 0.888311, 1, 

25,287,0.001, 0.00830845, 0.0136722, 0.0179235, 0.0192145, 0.0264597, 0.0646039, 0.110903, 1, 

34,76,0.001, 0.00830845, 0.0136722, 0.0179235, 0.0192145, 0.0264597, 0.0646039, 0.110903, 0.120116, 0.126195, 0.166467, 0.199839, 0.283312, 0.381461, 0.38437, 0.404, 0.405388, 0.49776, 1, 

27,95,0.001, 0.00830845, 0.0136722, 0.0179235, 0.0192145, 0.0264597, 0.0646039, 0.110903, 0.126195, 0.166467, 1, 

29,84,0.001, 0.00830845, 0.0136722, 0.0179235, 0.0192145, 0.0264597, 0.0646039, 0.110903, 0.126195, 0.126195, 0.166467, 0.199839, 1, 

Generation #33
35,69,0.001, 0.00830845, 0.0136722, 0.0179235, 0.0192145, 0.0264597, 0.0646039, 0.110903, 0.126195, 0.166467, 0.199839, 0.207153, 0.283312, 0.381461, 0.38437, 0.404, 0.405388, 0.49776, 1, 

28,89,0.001, 0.00830845, 0.0136722, 0.0179235, 0.0192145, 0.0264597, 0.0646039, 0.110903, 0.126195, 0.166467, 0.199839, 0.99564, 1, 

32,78,0.001, 0.00830845, 0.0136722, 0.0179235, 0.0192145, 0.0264597, 0.0646039, 0.110903, 0.120116, 0.126195, 0.166467, 0.199839, 0.99564, 1, 

26,128,0.001, 0.00830845, 0.0450838, 0.0179235, 0.0192145, 0.0264597, 0.0646039, 0.110903, 1, 

47,64,0.001, 0.00830845, 0.0136722, 0.0179235, 0.0192145, 0.0264597, 0.0646039, 0.110903, 0.126195, 0.166467, 0.199839, 0.207153, 0.283312, 0.381461, 0.38437, 0.404, 0.405388, 0.49776, 0.5232, 0.545701, 0.557563, 0.622811, 0.64628, 0.706858, 0.716076, 0.486851, 0.83392, 0.83405, 0.888311, 1, 

34,76,0.001, 0.00830845, 0.0136722, 0.0179235, 0.0192145, 0.0264597, 0.0646039, 0.110903, 0.120116, 0.126195, 0.166467, 0.199839, 0.283312, 0.381461, 0.38437, 0.404, 0.405388, 0.49776, 1, 

27,95,0.001, 0.00830845, 0.0136722, 0.0179235, 0.0192145, 0.0264597, 0.0646039, 0.110903, 0.126195, 0.166467, 1, 

29,84,0.001, 0.00830845, 0.0136722, 0.0179235, 0.0192145, 0.0264597, 0.0646039, 0.110903, 0.126195, 0.126195, 0.166467, 0.199839, 1, 

25,259,0.001, 0.00830845, 0.0136722, 0.0179235, 0.0192145, 0.0264597, 0.0646039, 1, 

Generation #34
35,69,0.001, 0.00830845, 0.0136722, 0.0179235, 0.0192145, 0.0264597, 0.0646039, 0.110903, 0.126195, 0.166467, 0.199839, 0.207153, 0.283312, 0.381461, 0.38437, 0.404, 0.405388, 0.49776, 1, 

28,89,0.001, 0.00830845, 0.0136722, 0.0179235, 0.0192145, 0.0264597, 0.0646039, 0.110903, 0.126195, 0.166467, 0.199839, 0.99564, 1, 

32,78,0.001, 0.00830845, 0.0136722, 0.0179235, 0.0192145, 0.0264597, 0.0646039, 0.110903, 0.120116, 0.126195, 0.166467, 0.199839, 0.99564, 1, 

26,128,0.001, 0.00830845, 0.0450838, 0.0179235, 0.0192145, 0.0264597, 0.0646039, 0.110903, 1, 

47,64,0.001, 0.00830845, 0.0136722, 0.0179235, 0.0192145, 0.0264597, 0.0646039, 0.110903, 0.126195, 0.166467, 0.199839, 0.207153, 0.283312, 0.381461, 0.38437, 0.404, 0.405388, 0.49776, 0.5232, 0.545701, 0.557563, 0.622811, 0.64628, 0.706858, 0.716076, 0.486851, 0.83392, 0.83405, 0.888311, 1, 

27,95,0.001, 0.00830845, 0.0136722, 0.0179235, 0.0192145, 0.0264597, 0.0646039, 0.110903, 0.126195, 0.166467, 1, 

29,84,0.001, 0.00830845, 0.0136722, 0.0179235, 0.0192145, 0.0264597, 0.0646039, 0.110903, 0.126195, 0.126195, 0.166467, 0.199839, 1, 

25,259,0.001, 0.00830845, 0.0136722, 0.0179235, 0.0192145, 0.0264597, 0.0646039, 1, 

34,73,0.001, 0.00830845, 0.0136722, 0.0179235, 0.0192145, 0.0264597, 0.0646039, 0.110903, 0.126195, 0.166467, 0.199839, 0.207153, 0.283312, 0.381461, 0.38437, 0.404, 0.405388, 0.49776, 1, 

Generation #35
35,69,0.001, 0.00830845, 0.0136722, 0.0179235, 0.0192145, 0.0264597, 0.0646039, 0.110903, 0.126195, 0.166467, 0.199839, 0.207153, 0.283312, 0.381461, 0.38437, 0.404, 0.405388, 0.49776, 1, 

28,89,0.001, 0.00830845, 0.0136722, 0.0179235, 0.0192145, 0.0264597, 0.0646039, 0.110903, 0.126195, 0.166467, 0.199839, 0.99564, 1, 

26,128,0.001, 0.00830845, 0.0450838, 0.0179235, 0.0192145, 0.0264597, 0.0646039, 0.110903, 1, 

47,64,0.001, 0.00830845, 0.0136722, 0.0179235, 0.0192145, 0.0264597, 0.0646039, 0.110903, 0.126195, 0.166467, 0.199839, 0.207153, 0.283312, 0.381461, 0.38437, 0.404, 0.405388, 0.49776, 0.5232, 0.545701, 0.557563, 0.622811, 0.64628, 0.706858, 0.716076, 0.486851, 0.83392, 0.83405, 0.888311, 1, 

27,95,0.001, 0.00830845, 0.0136722, 0.0179235, 0.0192145, 0.0264597, 0.0646039, 0.110903, 0.126195, 0.166467, 1, 

25,259,0.001, 0.00830845, 0.0136722, 0.0179235, 0.0192145, 0.0264597, 0.0646039, 1, 

29,71,0.001, 0.00830845, 0.0136722, 0.0179235, 0.0192145, 0.0646039, 0.0646039, 0.110903, 0.120116, 0.126195, 0.166467, 0.199839, 0.99564, 1, 

Generation #36
35,69,0.001, 0.00830845, 0.0136722, 0.0179235, 0.0192145, 0.0264597, 0.0646039, 0.110903, 0.126195, 0.166467, 0.199839, 0.207153, 0.283312, 0.381461, 0.38437, 0.404, 0.405388, 0.49776, 1, 

28,89,0.001, 0.00830845, 0.0136722, 0.0179235, 0.0192145, 0.0264597, 0.0646039, 0.110903, 0.126195, 0.166467, 0.199839, 0.99564, 1, 

26,128,0.001, 0.00830845, 0.0450838, 0.0179235, 0.0192145, 0.0264597, 0.0646039, 0.110903, 1, 

47,64,0.001, 0.00830845, 0.0136722, 0.0179235, 0.0192145, 0.0264597, 0.0646039, 0.110903, 0.126195, 0.166467, 0.199839, 0.207153, 0.283312, 0.381461, 0.38437, 0.404, 0.405388, 0.49776, 0.5232, 0.545701, 0.557563, 0.622811, 0.64628, 0.706858, 0.716076, 0.486851, 0.83392, 0.83405, 0.888311, 1, 

27,95,0.001, 0.00830845, 0.0136722, 0.0179235, 0.0192145, 0.0264597, 0.0646039, 0.110903, 0.126195, 0.166467, 1, 

25,259,0.001, 0.00830845, 0.0136722, 0.0179235, 0.0192145, 0.0264597, 0.0646039, 1, 

29,71,0.001, 0.00830845, 0.0136722, 0.0179235, 0.0192145, 0.0646039, 0.0646039, 0.110903, 0.120116, 0.126195, 0.166467, 0.199839, 0.99564, 1, 

Generation #37
35,69,0.001, 0.00830845, 0.0136722, 0.0179235, 0.0192145, 0.0264597, 0.0646039, 0.110903, 0.126195, 0.166467, 0.199839, 0.207153, 0.283312, 0.381461, 0.38437, 0.404, 0.405388, 0.49776, 1, 

28,89,0.001, 0.00830845, 0.0136722, 0.0179235, 0.0192145, 0.0264597, 0.0646039, 0.110903, 0.126195, 0.166467, 0.199839, 0.99564, 1, 

26,128,0.001, 0.00830845, 0.0450838, 0.0179235, 0.0192145, 0.0264597, 0.0646039, 0.110903, 1, 

47,64,0.001, 0.00830845, 0.0136722, 0.0179235, 0.0192145, 0.0264597, 0.0646039, 0.110903, 0.126195, 0.166467, 0.199839, 0.207153, 0.283312, 0.381461, 0.38437, 0.404, 0.405388, 0.49776, 0.5232, 0.545701, 0.557563, 0.622811, 0.64628, 0.706858, 0.716076, 0.486851, 0.83392, 0.83405, 0.888311, 1, 

27,95,0.001, 0.00830845, 0.0136722, 0.0179235, 0.0192145, 0.0264597, 0.0646039, 0.110903, 0.126195, 0.166467, 1, 

25,259,0.001, 0.00830845, 0.0136722, 0.0179235, 0.0192145, 0.0264597, 0.0646039, 1, 

29,71,0.001, 0.00830845, 0.0136722, 0.0179235, 0.0192145, 0.0646039, 0.0646039, 0.110903, 0.120116, 0.126195, 0.166467, 0.199839, 0.99564, 1, 

Generation #38
35,69,0.001, 0.00830845, 0.0136722, 0.0179235, 0.0192145, 0.0264597, 0.0646039, 0.110903, 0.126195, 0.166467, 0.199839, 0.207153, 0.283312, 0.381461, 0.38437, 0.404, 0.405388, 0.49776, 1, 

28,89,0.001, 0.00830845, 0.0136722, 0.0179235, 0.0192145, 0.0264597, 0.0646039, 0.110903, 0.126195, 0.166467, 0.199839, 0.99564, 1, 

26,128,0.001, 0.00830845, 0.0450838, 0.0179235, 0.0192145, 0.0264597, 0.0646039, 0.110903, 1, 

47,64,0.001, 0.00830845, 0.0136722, 0.0179235, 0.0192145, 0.0264597, 0.0646039, 0.110903, 0.126195, 0.166467, 0.199839, 0.207153, 0.283312, 0.381461, 0.38437, 0.404, 0.405388, 0.49776, 0.5232, 0.545701, 0.557563, 0.622811, 0.64628, 0.706858, 0.716076, 0.486851, 0.83392, 0.83405, 0.888311, 1, 

27,95,0.001, 0.00830845, 0.0136722, 0.0179235, 0.0192145, 0.0264597, 0.0646039, 0.110903, 0.126195, 0.166467, 1, 

25,259,0.001, 0.00830845, 0.0136722, 0.0179235, 0.0192145, 0.0264597, 0.0646039, 1, 

29,71,0.001, 0.00830845, 0.0136722, 0.0179235, 0.0192145, 0.0646039, 0.0646039, 0.110903, 0.120116, 0.126195, 0.166467, 0.199839, 0.99564, 1, 

24,267,0.001, 0.00830845, 0.0136722, 0.0179235, 0.0192145, 0.0264597, 0.0646039, 1, 

Generation #39
35,69,0.001, 0.00830845, 0.0136722, 0.0179235, 0.0192145, 0.0264597, 0.0646039, 0.110903, 0.126195, 0.166467, 0.199839, 0.207153, 0.283312, 0.381461, 0.38437, 0.404, 0.405388, 0.49776, 1, 

28,89,0.001, 0.00830845, 0.0136722, 0.0179235, 0.0192145, 0.0264597, 0.0646039, 0.110903, 0.126195, 0.166467, 0.199839, 0.99564, 1, 

26,128,0.001, 0.00830845, 0.0450838, 0.0179235, 0.0192145, 0.0264597, 0.0646039, 0.110903, 1, 

47,64,0.001, 0.00830845, 0.0136722, 0.0179235, 0.0192145, 0.0264597, 0.0646039, 0.110903, 0.126195, 0.166467, 0.199839, 0.207153, 0.283312, 0.381461, 0.38437, 0.404, 0.405388, 0.49776, 0.5232, 0.545701, 0.557563, 0.622811, 0.64628, 0.706858, 0.716076, 0.486851, 0.83392, 0.83405, 0.888311, 1, 

27,95,0.001, 0.00830845, 0.0136722, 0.0179235, 0.0192145, 0.0264597, 0.0646039, 0.110903, 0.126195, 0.166467, 1, 

29,71,0.001, 0.00830845, 0.0136722, 0.0179235, 0.0192145, 0.0646039, 0.0646039, 0.110903, 0.120116, 0.126195, 0.166467, 0.199839, 0.99564, 1, 

24,267,0.001, 0.00830845, 0.0136722, 0.0179235, 0.0192145, 0.0264597, 0.0646039, 1, 

25,218,0.001, 0.00830845, 0.0136722, 0.0179235, 0.0192145, 0.0264597, 0.0646039, 0.110903, 1, 

Generation #40
35,69,0.001, 0.00830845, 0.0136722, 0.0179235, 0.0192145, 0.0264597, 0.0646039, 0.110903, 0.126195, 0.166467, 0.199839, 0.207153, 0.283312, 0.381461, 0.38437, 0.404, 0.405388, 0.49776, 1, 

28,89,0.001, 0.00830845, 0.0136722, 0.0179235, 0.0192145, 0.0264597, 0.0646039, 0.110903, 0.126195, 0.166467, 0.199839, 0.99564, 1, 

26,128,0.001, 0.00830845, 0.0450838, 0.0179235, 0.0192145, 0.0264597, 0.0646039, 0.110903, 1, 

47,64,0.001, 0.00830845, 0.0136722, 0.0179235, 0.0192145, 0.0264597, 0.0646039, 0.110903, 0.126195, 0.166467, 0.199839, 0.207153, 0.283312, 0.381461, 0.38437, 0.404, 0.405388, 0.49776, 0.5232, 0.545701, 0.557563, 0.622811, 0.64628, 0.706858, 0.716076, 0.486851, 0.83392, 0.83405, 0.888311, 1, 

27,95,0.001, 0.00830845, 0.0136722, 0.0179235, 0.0192145, 0.0264597, 0.0646039, 0.110903, 0.126195, 0.166467, 1, 

29,71,0.001, 0.00830845, 0.0136722, 0.0179235, 0.0192145, 0.0646039, 0.0646039, 0.110903, 0.120116, 0.126195, 0.166467, 0.199839, 0.99564, 1, 

24,267,0.001, 0.00830845, 0.0136722, 0.0179235, 0.0192145, 0.0264597, 0.0646039, 1, 

25,218,0.001, 0.00830845, 0.0136722, 0.0179235, 0.0192145, 0.0264597, 0.0646039, 0.110903, 1, 

Generation #41
35,69,0.001, 0.00830845, 0.0136722, 0.0179235, 0.0192145, 0.0264597, 0.0646039, 0.110903, 0.126195, 0.166467, 0.199839, 0.207153, 0.283312, 0.381461, 0.38437, 0.404, 0.405388, 0.49776, 1, 

28,89,0.001, 0.00830845, 0.0136722, 0.0179235, 0.0192145, 0.0264597, 0.0646039, 0.110903, 0.126195, 0.166467, 0.199839, 0.99564, 1, 

26,128,0.001, 0.00830845, 0.0450838, 0.0179235, 0.0192145, 0.0264597, 0.0646039, 0.110903, 1, 

47,64,0.001, 0.00830845, 0.0136722, 0.0179235, 0.0192145, 0.0264597, 0.0646039, 0.110903, 0.126195, 0.166467, 0.199839, 0.207153, 0.283312, 0.381461, 0.38437, 0.404, 0.405388, 0.49776, 0.5232, 0.545701, 0.557563, 0.622811, 0.64628, 0.706858, 0.716076, 0.486851, 0.83392, 0.83405, 0.888311, 1, 

27,95,0.001, 0.00830845, 0.0136722, 0.0179235, 0.0192145, 0.0264597, 0.0646039, 0.110903, 0.126195, 0.166467, 1, 

29,71,0.001, 0.00830845, 0.0136722, 0.0179235, 0.0192145, 0.0646039, 0.0646039, 0.110903, 0.120116, 0.126195, 0.166467, 0.199839, 0.99564, 1, 

24,267,0.001, 0.00830845, 0.0136722, 0.0179235, 0.0192145, 0.0264597, 0.0646039, 1, 

25,218,0.001, 0.00830845, 0.0136722, 0.0179235, 0.0192145, 0.0264597, 0.0646039, 0.110903, 1, 

Generation #42
26,128,0.001, 0.00830845, 0.0450838, 0.0179235, 0.0192145, 0.0264597, 0.0646039, 0.110903, 1, 

47,64,0.001, 0.00830845, 0.0136722, 0.0179235, 0.0192145, 0.0264597, 0.0646039, 0.110903, 0.126195, 0.166467, 0.199839, 0.207153, 0.283312, 0.381461, 0.38437, 0.404, 0.405388, 0.49776, 0.5232, 0.545701, 0.557563, 0.622811, 0.64628, 0.706858, 0.716076, 0.486851, 0.83392, 0.83405, 0.888311, 1, 

27,95,0.001, 0.00830845, 0.0136722, 0.0179235, 0.0192145, 0.0264597, 0.0646039, 0.110903, 0.126195, 0.166467, 1, 

24,267,0.001, 0.00830845, 0.0136722, 0.0179235, 0.0192145, 0.0264597, 0.0646039, 1, 

25,218,0.001, 0.00830845, 0.0136722, 0.0179235, 0.0192145, 0.0264597, 0.0646039, 0.110903, 1, 

28,69,0.001, 0.00830845, 0.0136722, 0.0179235, 0.0192145, 0.0264597, 0.0646039, 0.110903, 0.126195, 0.126195, 0.166467, 0.199839, 1, 

Generation #43
26,128,0.001, 0.00830845, 0.0450838, 0.0179235, 0.0192145, 0.0264597, 0.0646039, 0.110903, 1, 

47,64,0.001, 0.00830845, 0.0136722, 0.0179235, 0.0192145, 0.0264597, 0.0646039, 0.110903, 0.126195, 0.166467, 0.199839, 0.207153, 0.283312, 0.381461, 0.38437, 0.404, 0.405388, 0.49776, 0.5232, 0.545701, 0.557563, 0.622811, 0.64628, 0.706858, 0.716076, 0.486851, 0.83392, 0.83405, 0.888311, 1, 

27,95,0.001, 0.00830845, 0.0136722, 0.0179235, 0.0192145, 0.0264597, 0.0646039, 0.110903, 0.126195, 0.166467, 1, 

24,267,0.001, 0.00830845, 0.0136722, 0.0179235, 0.0192145, 0.0264597, 0.0646039, 1, 

25,218,0.001, 0.00830845, 0.0136722, 0.0179235, 0.0192145, 0.0264597, 0.0646039, 0.110903, 1, 

28,69,0.001, 0.00830845, 0.0136722, 0.0179235, 0.0192145, 0.0264597, 0.0646039, 0.110903, 0.126195, 0.126195, 0.166467, 0.199839, 1, 

Generation #44
26,128,0.001, 0.00830845, 0.0450838, 0.0179235, 0.0192145, 0.0264597, 0.0646039, 0.110903, 1, 

47,64,0.001, 0.00830845, 0.0136722, 0.0179235, 0.0192145, 0.0264597, 0.0646039, 0.110903, 0.126195, 0.166467, 0.199839, 0.207153, 0.283312, 0.381461, 0.38437, 0.404, 0.405388, 0.49776, 0.5232, 0.545701, 0.557563, 0.622811, 0.64628, 0.706858, 0.716076, 0.486851, 0.83392, 0.83405, 0.888311, 1, 

27,95,0.001, 0.00830845, 0.0136722, 0.0179235, 0.0192145, 0.0264597, 0.0646039, 0.110903, 0.126195, 0.166467, 1, 

24,267,0.001, 0.00830845, 0.0136722, 0.0179235, 0.0192145, 0.0264597, 0.0646039, 1, 

25,218,0.001, 0.00830845, 0.0136722, 0.0179235, 0.0192145, 0.0264597, 0.0646039, 0.110903, 1, 

28,69,0.001, 0.00830845, 0.0136722, 0.0179235, 0.0192145, 0.0264597, 0.0646039, 0.110903, 0.126195, 0.126195, 0.166467, 0.199839, 1, 

Generation #45
26,128,0.001, 0.00830845, 0.0450838, 0.0179235, 0.0192145, 0.0264597, 0.0646039, 0.110903, 1, 

47,64,0.001, 0.00830845, 0.0136722, 0.0179235, 0.0192145, 0.0264597, 0.0646039, 0.110903, 0.126195, 0.166467, 0.199839, 0.207153, 0.283312, 0.381461, 0.38437, 0.404, 0.405388, 0.49776, 0.5232, 0.545701, 0.557563, 0.622811, 0.64628, 0.706858, 0.716076, 0.486851, 0.83392, 0.83405, 0.888311, 1, 

27,95,0.001, 0.00830845, 0.0136722, 0.0179235, 0.0192145, 0.0264597, 0.0646039, 0.110903, 0.126195, 0.166467, 1, 

24,267,0.001, 0.00830845, 0.0136722, 0.0179235, 0.0192145, 0.0264597, 0.0646039, 1, 

25,218,0.001, 0.00830845, 0.0136722, 0.0179235, 0.0192145, 0.0264597, 0.0646039, 0.110903, 1, 

28,69,0.001, 0.00830845, 0.0136722, 0.0179235, 0.0192145, 0.0264597, 0.0646039, 0.110903, 0.126195, 0.126195, 0.166467, 0.199839, 1, 

Generation #46
26,128,0.001, 0.00830845, 0.0450838, 0.0179235, 0.0192145, 0.0264597, 0.0646039, 0.110903, 1, 

47,64,0.001, 0.00830845, 0.0136722, 0.0179235, 0.0192145, 0.0264597, 0.0646039, 0.110903, 0.126195, 0.166467, 0.199839, 0.207153, 0.283312, 0.381461, 0.38437, 0.404, 0.405388, 0.49776, 0.5232, 0.545701, 0.557563, 0.622811, 0.64628, 0.706858, 0.716076, 0.486851, 0.83392, 0.83405, 0.888311, 1, 

27,95,0.001, 0.00830845, 0.0136722, 0.0179235, 0.0192145, 0.0264597, 0.0646039, 0.110903, 0.126195, 0.166467, 1, 

24,267,0.001, 0.00830845, 0.0136722, 0.0179235, 0.0192145, 0.0264597, 0.0646039, 1, 

25,218,0.001, 0.00830845, 0.0136722, 0.0179235, 0.0192145, 0.0264597, 0.0646039, 0.110903, 1, 

28,69,0.001, 0.00830845, 0.0136722, 0.0179235, 0.0192145, 0.0264597, 0.0646039, 0.110903, 0.126195, 0.126195, 0.166467, 0.199839, 1, 

Generation #47
26,128,0.001, 0.00830845, 0.0450838, 0.0179235, 0.0192145, 0.0264597, 0.0646039, 0.110903, 1, 

47,64,0.001, 0.00830845, 0.0136722, 0.0179235, 0.0192145, 0.0264597, 0.0646039, 0.110903, 0.126195, 0.166467, 0.199839, 0.207153, 0.283312, 0.381461, 0.38437, 0.404, 0.405388, 0.49776, 0.5232, 0.545701, 0.557563, 0.622811, 0.64628, 0.706858, 0.716076, 0.486851, 0.83392, 0.83405, 0.888311, 1, 

27,95,0.001, 0.00830845, 0.0136722, 0.0179235, 0.0192145, 0.0264597, 0.0646039, 0.110903, 0.126195, 0.166467, 1, 

24,267,0.001, 0.00830845, 0.0136722, 0.0179235, 0.0192145, 0.0264597, 0.0646039, 1, 

25,218,0.001, 0.00830845, 0.0136722, 0.0179235, 0.0192145, 0.0264597, 0.0646039, 0.110903, 1, 

28,69,0.001, 0.00830845, 0.0136722, 0.0179235, 0.0192145, 0.0264597, 0.0646039, 0.110903, 0.126195, 0.126195, 0.166467, 0.199839, 1, 

Generation #48
26,128,0.001, 0.00830845, 0.0450838, 0.0179235, 0.0192145, 0.0264597, 0.0646039, 0.110903, 1, 

47,64,0.001, 0.00830845, 0.0136722, 0.0179235, 0.0192145, 0.0264597, 0.0646039, 0.110903, 0.126195, 0.166467, 0.199839, 0.207153, 0.283312, 0.381461, 0.38437, 0.404, 0.405388, 0.49776, 0.5232, 0.545701, 0.557563, 0.622811, 0.64628, 0.706858, 0.716076, 0.486851, 0.83392, 0.83405, 0.888311, 1, 

27,95,0.001, 0.00830845, 0.0136722, 0.0179235, 0.0192145, 0.0264597, 0.0646039, 0.110903, 0.126195, 0.166467, 1, 

24,267,0.001, 0.00830845, 0.0136722, 0.0179235, 0.0192145, 0.0264597, 0.0646039, 1, 

25,218,0.001, 0.00830845, 0.0136722, 0.0179235, 0.0192145, 0.0264597, 0.0646039, 0.110903, 1, 

28,69,0.001, 0.00830845, 0.0136722, 0.0179235, 0.0192145, 0.0264597, 0.0646039, 0.110903, 0.126195, 0.126195, 0.166467, 0.199839, 1, 

Generation #49
26,128,0.001, 0.00830845, 0.0450838, 0.0179235, 0.0192145, 0.0264597, 0.0646039, 0.110903, 1, 

47,64,0.001, 0.00830845, 0.0136722, 0.0179235, 0.0192145, 0.0264597, 0.0646039, 0.110903, 0.126195, 0.166467, 0.199839, 0.207153, 0.283312, 0.381461, 0.38437, 0.404, 0.405388, 0.49776, 0.5232, 0.545701, 0.557563, 0.622811, 0.64628, 0.706858, 0.716076, 0.486851, 0.83392, 0.83405, 0.888311, 1, 

27,95,0.001, 0.00830845, 0.0136722, 0.0179235, 0.0192145, 0.0264597, 0.0646039, 0.110903, 0.126195, 0.166467, 1, 

24,267,0.001, 0.00830845, 0.0136722, 0.0179235, 0.0192145, 0.0264597, 0.0646039, 1, 

25,218,0.001, 0.00830845, 0.0136722, 0.0179235, 0.0192145, 0.0264597, 0.0646039, 0.110903, 1, 

28,69,0.001, 0.00830845, 0.0136722, 0.0179235, 0.0192145, 0.0264597, 0.0646039, 0.110903, 0.126195, 0.126195, 0.166467, 0.199839, 1, 

--- Pareto Front Solutions ---
Solution 0: N total=76 (N_initial=50, N_added=26), Time total=133 ms, Saved to: ./results/Flex_t2_l2_pareto_0.csv, percents=0.001, 0.00830845, 0.0450838, 0.0179235, 0.0192145, 0.0264597, 0.0646039, 0.110903, 1, 

Solution 1: N total=97 (N_initial=50, N_added=47), Time total=69 ms, Saved to: ./results/Flex_t2_l2_pareto_1.csv, percents=0.001, 0.00830845, 0.0136722, 0.0179235, 0.0192145, 0.0264597, 0.0646039, 0.110903, 0.126195, 0.166467, 0.199839, 0.207153, 0.283312, 0.381461, 0.38437, 0.404, 0.405388, 0.49776, 0.5232, 0.545701, 0.557563, 0.622811, 0.64628, 0.706858, 0.716076, 0.486851, 0.83392, 0.83405, 0.888311, 1, 

Solution 2: N total=77 (N_initial=50, N_added=27), Time total=100 ms, Saved to: ./results/Flex_t2_l2_pareto_2.csv, percents=0.001, 0.00830845, 0.0136722, 0.0179235, 0.0192145, 0.0264597, 0.0646039, 0.110903, 0.126195, 0.166467, 1, 

Solution 3: N total=74 (N_initial=50, N_added=24), Time total=272 ms, Saved to: ./results/Flex_t2_l2_pareto_3.csv, percents=0.001, 0.00830845, 0.0136722, 0.0179235, 0.0192145, 0.0264597, 0.0646039, 1, 

Solution 4: N total=75 (N_initial=50, N_added=25), Time total=223 ms, Saved to: ./results/Flex_t2_l2_pareto_4.csv, percents=0.001, 0.00830845, 0.0136722, 0.0179235, 0.0192145, 0.0264597, 0.0646039, 0.110903, 1, 

Solution 5: N total=78 (N_initial=50, N_added=28), Time total=74 ms, Saved to: ./results/Flex_t2_l2_pareto_5.csv, percents=0.001, 0.00830845, 0.0136722, 0.0179235, 0.0192145, 0.0264597, 0.0646039, 0.110903, 0.126195, 0.126195, 0.166467, 0.199839, 1, 

------------d=1, t=2, lambda=3, filename=./evaluation/Flex/Flex_2_3.csv------------
Grouping d-sets by partitioned row counts for detecting arrays...
Ready to look at pairs for detecting arrays...
First Stage N=75, Time=6
There are 142 remaining non-locating pairs
--- Running GA Algorithm (phase2) ---
Running GA with std::execution::par
Generation #0
35,20,0.001, 0.0230919, 0.0285265, 0.0326906, 0.0365127, 0.0539442, 0.0590867, 0.0722681, 0.0777172, 0.267467, 0.315591, 0.39438, 0.454401, 0.462215, 0.48529, 0.49246, 0.493757, 0.555478, 0.659048, 0.751967, 0.775734, 0.857435, 0.86925, 0.91435, 0.971723, 0.987073, 0.993595, 1, 

33,25,0.001, 0.0535777, 0.114644, 0.123966, 0.137416, 0.13801, 0.218801, 0.305679, 0.305879, 0.331155, 0.359329, 0.373371, 0.392346, 0.4841, 0.563488, 0.595493, 0.623802, 0.671345, 0.800975, 0.80525, 0.842266, 0.869719, 0.907911, 0.910358, 0.962472, 1, 

22,60,0.001, 0.0688469, 0.187574, 0.335695, 0.495707, 0.571113, 0.792751, 0.851339, 0.890064, 0.911025, 1, 

24,26,0.001, 0.0479629, 0.050295, 0.0512587, 0.146893, 0.184134, 0.252765, 0.378592, 0.504361, 0.643335, 0.755165, 0.769017, 0.806997, 0.816275, 0.877899, 1, 

Generation #1
33,25,0.001, 0.0535777, 0.114644, 0.123966, 0.137416, 0.13801, 0.218801, 0.305679, 0.305879, 0.331155, 0.359329, 0.373371, 0.392346, 0.4841, 0.563488, 0.595493, 0.623802, 0.671345, 0.800975, 0.80525, 0.842266, 0.869719, 0.907911, 0.910358, 0.962472, 1, 

22,60,0.001, 0.0688469, 0.187574, 0.335695, 0.495707, 0.571113, 0.792751, 0.851339, 0.890064, 0.911025, 1, 

24,26,0.001, 0.0479629, 0.050295, 0.0512587, 0.146893, 0.184134, 0.252765, 0.378592, 0.504361, 0.643335, 0.755165, 0.769017, 0.806997, 0.816275, 0.877899, 1, 

20,95,0.001, 0.222551, 0.271571, 0.321531, 0.522807, 0.613259, 0.848482, 0.962068, 0.980145, 1, 

35,14,0.001, 0.0230919, 0.0285265, 0.0326906, 0.0365127, 0.0539442, 0.0590867, 0.0722681, 0.0777172, 0.267467, 0.315591, 0.39438, 0.454401, 0.462215, 0.48529, 0.49246, 0.493757, 0.555478, 0.659048, 0.72643, 0.735539, 0.798981, 0.80118, 0.809481, 0.860814, 0.871622, 0.890495, 0.930354, 1, 

Generation #2
35,14,0.001, 0.0230919, 0.0285265, 0.0326906, 0.0365127, 0.0539442, 0.0590867, 0.0722681, 0.0777172, 0.267467, 0.315591, 0.39438, 0.454401, 0.462215, 0.48529, 0.49246, 0.493757, 0.555478, 0.659048, 0.72643, 0.735539, 0.798981, 0.80118, 0.809481, 0.860814, 0.871622, 0.890495, 0.930354, 1, 

21,22,0.001, 0.0230919, 0.0285265, 0.0326906, 0.0365127, 0.0539442, 0.0590867, 0.0722681, 0.0777172, 0.267467, 0.315591, 0.39438, 0.454401, 0.816275, 0.877899, 1, 

18,72,0.001, 0.159346, 0.193034, 0.225689, 0.22997, 0.341903, 0.524292, 0.851339, 0.911025, 1, 

20,54,0.001, 0.222551, 0.271571, 0.321531, 0.522807, 0.571113, 0.792751, 0.890064, 0.911025, 1, 

Generation #3
35,14,0.001, 0.0230919, 0.0285265, 0.0326906, 0.0365127, 0.0539442, 0.0590867, 0.0722681, 0.0777172, 0.267467, 0.315591, 0.39438, 0.454401, 0.462215, 0.48529, 0.49246, 0.493757, 0.555478, 0.659048, 0.72643, 0.735539, 0.798981, 0.80118, 0.809481, 0.860814, 0.871622, 0.890495, 0.930354, 1, 

21,22,0.001, 0.0230919, 0.0285265, 0.0326906, 0.0365127, 0.0539442, 0.0590867, 0.0722681, 0.0777172, 0.267467, 0.315591, 0.39438, 0.454401, 0.816275, 0.877899, 1, 

18,72,0.001, 0.159346, 0.193034, 0.225689, 0.22997, 0.341903, 0.524292, 0.851339, 0.911025, 1, 

24,21,0.001, 0.050485, 0.0601065, 0.102358, 0.143913, 0.18483, 0.252765, 0.378592, 0.504361, 0.643335, 0.755165, 0.769017, 0.806997, 0.816275, 0.877899, 1, 

20,28,0.001, 0.0877066, 0.114275, 0.128182, 0.172015, 0.209039, 0.259212, 0.276355, 0.284837, 0.297049, 0.352651, 1, 

Generation #4
35,14,0.001, 0.0230919, 0.0285265, 0.0326906, 0.0365127, 0.0539442, 0.0590867, 0.0722681, 0.0777172, 0.267467, 0.315591, 0.39438, 0.454401, 0.462215, 0.48529, 0.49246, 0.493757, 0.555478, 0.659048, 0.72643, 0.735539, 0.798981, 0.80118, 0.809481, 0.860814, 0.871622, 0.890495, 0.930354, 1, 

21,22,0.001, 0.0230919, 0.0285265, 0.0326906, 0.0365127, 0.0539442, 0.0590867, 0.0722681, 0.0777172, 0.267467, 0.315591, 0.39438, 0.454401, 0.816275, 0.877899, 1, 

18,72,0.001, 0.159346, 0.193034, 0.225689, 0.22997, 0.341903, 0.524292, 0.851339, 0.911025, 1, 

24,21,0.001, 0.050485, 0.0601065, 0.102358, 0.143913, 0.18483, 0.252765, 0.378592, 0.504361, 0.643335, 0.755165, 0.769017, 0.806997, 0.816275, 0.877899, 1, 

20,28,0.001, 0.0877066, 0.114275, 0.128182, 0.172015, 0.209039, 0.259212, 0.276355, 0.284837, 0.297049, 0.352651, 1, 

25,19,0.001, 0.050485, 0.0601065, 0.102358, 0.143913, 0.18483, 0.19359, 0.249083, 0.264919, 0.688514, 0.736384, 0.739269, 0.784749, 0.762361, 0.891624, 0.834067, 1, 

Generation #5
35,14,0.001, 0.0230919, 0.0285265, 0.0326906, 0.0365127, 0.0539442, 0.0590867, 0.0722681, 0.0777172, 0.267467, 0.315591, 0.39438, 0.454401, 0.462215, 0.48529, 0.49246, 0.493757, 0.555478, 0.659048, 0.72643, 0.735539, 0.798981, 0.80118, 0.809481, 0.860814, 0.871622, 0.890495, 0.930354, 1, 

18,72,0.001, 0.159346, 0.193034, 0.225689, 0.22997, 0.341903, 0.524292, 0.851339, 0.911025, 1, 

20,18,0.001, 0.0230919, 0.0285265, 0.0326906, 0.0365127, 0.0539442, 0.0590867, 0.0722681, 0.0777172, 0.267467, 0.315591, 0.998577, 1, 

Generation #6
20,18,0.001, 0.0230919, 0.0285265, 0.0326906, 0.0365127, 0.0539442, 0.0590867, 0.0722681, 0.0777172, 0.267467, 0.315591, 0.998577, 1, 

23,12,0.001, 0.0230919, 0.0285265, 0.0326906, 0.0365127, 0.0539442, 0.0590867, 0.0722681, 0.0777172, 0.267467, 0.315591, 0.39438, 0.687369, 0.693358, 0.767688, 0.79852, 0.939967, 1, 

18,38,0.001, 0.0230919, 0.0285265, 0.0326906, 0.22997, 0.341903, 0.524292, 0.851339, 0.911025, 1, 

Generation #7
20,18,0.001, 0.0230919, 0.0285265, 0.0326906, 0.0365127, 0.0539442, 0.0590867, 0.0722681, 0.0777172, 0.267467, 0.315591, 0.998577, 1, 

23,12,0.001, 0.0230919, 0.0285265, 0.0326906, 0.0365127, 0.0539442, 0.0590867, 0.0722681, 0.0777172, 0.267467, 0.315591, 0.39438, 0.687369, 0.693358, 0.767688, 0.79852, 0.939967, 1, 

18,37,0.001, 0.0230919, 0.0285265, 0.0326906, 0.0365127, 0.0539442, 0.0590867, 0.0722681, 0.0777172, 1, 

21,14,0.001, 0.0230919, 0.0285265, 0.0326906, 0.0365127, 0.0539442, 0.0590867, 0.0722681, 0.0777172, 0.267467, 0.315591, 0.39438, 0.454401, 0.816275, 0.877899, 1, 

17,74,0.001, 0.0230919, 0.0285265, 0.0326906, 0.0365127, 0.524292, 0.851339, 0.911025, 1, 

Generation #8
20,18,0.001, 0.0230919, 0.0285265, 0.0326906, 0.0365127, 0.0539442, 0.0590867, 0.0722681, 0.0777172, 0.267467, 0.315591, 0.998577, 1, 

23,12,0.001, 0.0230919, 0.0285265, 0.0326906, 0.0365127, 0.0539442, 0.0590867, 0.0722681, 0.0777172, 0.267467, 0.315591, 0.39438, 0.687369, 0.693358, 0.767688, 0.79852, 0.939967, 1, 

18,37,0.001, 0.0230919, 0.0285265, 0.0326906, 0.0365127, 0.0539442, 0.0590867, 0.0722681, 0.0777172, 1, 

21,14,0.001, 0.0230919, 0.0285265, 0.0326906, 0.0365127, 0.0539442, 0.0590867, 0.0722681, 0.0777172, 0.267467, 0.315591, 0.39438, 0.454401, 0.816275, 0.877899, 1, 

17,74,0.001, 0.0230919, 0.0285265, 0.0326906, 0.0365127, 0.524292, 0.851339, 0.911025, 1, 

19,24,0.001, 0.050485, 0.0601065, 0.102358, 0.143913, 0.18483, 0.19359, 0.249083, 0.911025, 1, 

Generation #9
20,18,0.001, 0.0230919, 0.0285265, 0.0326906, 0.0365127, 0.0539442, 0.0590867, 0.0722681, 0.0777172, 0.267467, 0.315591, 0.998577, 1, 

23,12,0.001, 0.0230919, 0.0285265, 0.0326906, 0.0365127, 0.0539442, 0.0590867, 0.0722681, 0.0777172, 0.267467, 0.315591, 0.39438, 0.687369, 0.693358, 0.767688, 0.79852, 0.939967, 1, 

18,37,0.001, 0.0230919, 0.0285265, 0.0326906, 0.0365127, 0.0539442, 0.0590867, 0.0722681, 0.0777172, 1, 

21,14,0.001, 0.0230919, 0.0285265, 0.0326906, 0.0365127, 0.0539442, 0.0590867, 0.0722681, 0.0777172, 0.267467, 0.315591, 0.39438, 0.454401, 0.816275, 0.877899, 1, 

17,74,0.001, 0.0230919, 0.0285265, 0.0326906, 0.0365127, 0.524292, 0.851339, 0.911025, 1, 

19,24,0.001, 0.050485, 0.0601065, 0.102358, 0.143913, 0.18483, 0.19359, 0.249083, 0.911025, 1, 

Generation #10
23,12,0.001, 0.0230919, 0.0285265, 0.0326906, 0.0365127, 0.0539442, 0.0590867, 0.0722681, 0.0777172, 0.267467, 0.315591, 0.39438, 0.687369, 0.693358, 0.767688, 0.79852, 0.939967, 1, 

18,37,0.001, 0.0230919, 0.0285265, 0.0326906, 0.0365127, 0.0539442, 0.0590867, 0.0722681, 0.0777172, 1, 

21,14,0.001, 0.0230919, 0.0285265, 0.0326906, 0.0365127, 0.0539442, 0.0590867, 0.0722681, 0.0777172, 0.267467, 0.315591, 0.39438, 0.454401, 0.816275, 0.877899, 1, 

19,24,0.001, 0.050485, 0.0601065, 0.102358, 0.143913, 0.18483, 0.19359, 0.249083, 0.911025, 1, 

17,44,0.001, 0.050485, 0.0285265, 0.0326906, 0.0365127, 0.0539442, 0.0590867, 0.0722681, 0.911025, 1, 

20,16,0.001, 0.0230919, 0.0285265, 0.0326906, 0.0365127, 0.0539442, 0.0590867, 0.0722681, 0.0777172, 0.267467, 0.315591, 0.39438, 0.454401, 0.816275, 0.877899, 1, 

Generation #11
23,12,0.001, 0.0230919, 0.0285265, 0.0326906, 0.0365127, 0.0539442, 0.0590867, 0.0722681, 0.0777172, 0.267467, 0.315591, 0.39438, 0.687369, 0.693358, 0.767688, 0.79852, 0.939967, 1, 

21,14,0.001, 0.0230919, 0.0285265, 0.0326906, 0.0365127, 0.0539442, 0.0590867, 0.0722681, 0.0777172, 0.267467, 0.315591, 0.39438, 0.454401, 0.816275, 0.877899, 1, 

20,16,0.001, 0.0230919, 0.0285265, 0.0326906, 0.0365127, 0.0539442, 0.0590867, 0.0722681, 0.0777172, 0.267467, 0.315591, 0.39438, 0.454401, 0.816275, 0.877899, 1, 

17,24,0.001, 0.0230919, 0.0601065, 0.102358, 0.143913, 0.18483, 0.524292, 0.479347, 0.911025, 1, 

Generation #12
23,12,0.001, 0.0230919, 0.0285265, 0.0326906, 0.0365127, 0.0539442, 0.0590867, 0.0722681, 0.0777172, 0.267467, 0.315591, 0.39438, 0.687369, 0.693358, 0.767688, 0.79852, 0.939967, 1, 

21,14,0.001, 0.0230919, 0.0285265, 0.0326906, 0.0365127, 0.0539442, 0.0590867, 0.0722681, 0.0777172, 0.267467, 0.315591, 0.39438, 0.454401, 0.816275, 0.877899, 1, 

20,16,0.001, 0.0230919, 0.0285265, 0.0326906, 0.0365127, 0.0539442, 0.0590867, 0.0722681, 0.0777172, 0.267467, 0.315591, 0.39438, 0.454401, 0.816275, 0.877899, 1, 

17,24,0.001, 0.0230919, 0.0601065, 0.102358, 0.143913, 0.18483, 0.524292, 0.479347, 0.911025, 1, 

Generation #13
23,12,0.001, 0.0230919, 0.0285265, 0.0326906, 0.0365127, 0.0539442, 0.0590867, 0.0722681, 0.0777172, 0.267467, 0.315591, 0.39438, 0.687369, 0.693358, 0.767688, 0.79852, 0.939967, 1, 

21,14,0.001, 0.0230919, 0.0285265, 0.0326906, 0.0365127, 0.0539442, 0.0590867, 0.0722681, 0.0777172, 0.267467, 0.315591, 0.39438, 0.454401, 0.816275, 0.877899, 1, 

17,24,0.001, 0.0230919, 0.0601065, 0.102358, 0.143913, 0.18483, 0.524292, 0.479347, 0.911025, 1, 

19,16,0.001, 0.0230919, 0.0285265, 0.0326906, 0.0365127, 0.0539442, 0.0590867, 0.0722681, 0.0777172, 0.267467, 0.315591, 0.998577, 1, 

16,41,0.001, 0.0230919, 0.0285265, 0.0326906, 0.0365127, 0.0539442, 0.0590867, 0.0722681, 0.0777172, 1, 

Generation #14
17,24,0.001, 0.0230919, 0.0601065, 0.102358, 0.143913, 0.18483, 0.524292, 0.479347, 0.911025, 1, 

19,16,0.001, 0.0230919, 0.0285265, 0.0326906, 0.0365127, 0.0539442, 0.0590867, 0.0722681, 0.0777172, 0.267467, 0.315591, 0.998577, 1, 

16,41,0.001, 0.0230919, 0.0285265, 0.0326906, 0.0365127, 0.0539442, 0.0590867, 0.0722681, 0.0777172, 1, 

31,10,0.001, 0.0230919, 0.0285265, 0.0600907, 0.0365127, 0.0539442, 0.0590867, 0.0722681, 0.0777172, 0.267467, 0.315591, 0.39438, 0.462215, 0.49246, 0.493757, 0.555478, 0.659048, 0.72643, 0.735539, 0.798981, 0.80118, 0.809481, 0.860814, 0.871622, 0.890495, 0.930354, 1, 

21,11,0.001, 0.050485, 0.0285265, 0.0326906, 0.0365127, 0.0539442, 0.0590867, 0.0722681, 0.0777172, 0.267467, 0.315591, 0.39438, 0.725435, 0.736821, 0.834067, 1, 

Generation #15
17,24,0.001, 0.0230919, 0.0601065, 0.102358, 0.143913, 0.18483, 0.524292, 0.479347, 0.911025, 1, 

16,41,0.001, 0.0230919, 0.0285265, 0.0326906, 0.0365127, 0.0539442, 0.0590867, 0.0722681, 0.0777172, 1, 

31,10,0.001, 0.0230919, 0.0285265, 0.0600907, 0.0365127, 0.0539442, 0.0590867, 0.0722681, 0.0777172, 0.267467, 0.315591, 0.39438, 0.462215, 0.49246, 0.493757, 0.555478, 0.659048, 0.72643, 0.735539, 0.798981, 0.80118, 0.809481, 0.860814, 0.871622, 0.890495, 0.930354, 1, 

21,11,0.001, 0.050485, 0.0285265, 0.0326906, 0.0365127, 0.0539442, 0.0590867, 0.0722681, 0.0777172, 0.267467, 0.315591, 0.39438, 0.725435, 0.736821, 0.834067, 1, 

18,15,0.001, 0.0230919, 0.0285265, 0.0326906, 0.0365127, 0.0539442, 0.0590867, 0.0722681, 0.284837, 0.297049, 0.352651, 1, 

20,13,0.001, 0.0688469, 0.0285265, 0.0326906, 0.0365127, 0.0539442, 0.0590867, 0.0722681, 0.0777172, 0.267467, 0.315591, 0.39438, 0.454401, 0.816275, 0.877899, 1, 

Generation #16
17,24,0.001, 0.0230919, 0.0601065, 0.102358, 0.143913, 0.18483, 0.524292, 0.479347, 0.911025, 1, 

16,41,0.001, 0.0230919, 0.0285265, 0.0326906, 0.0365127, 0.0539442, 0.0590867, 0.0722681, 0.0777172, 1, 

31,10,0.001, 0.0230919, 0.0285265, 0.0600907, 0.0365127, 0.0539442, 0.0590867, 0.0722681, 0.0777172, 0.267467, 0.315591, 0.39438, 0.462215, 0.49246, 0.493757, 0.555478, 0.659048, 0.72643, 0.735539, 0.798981, 0.80118, 0.809481, 0.860814, 0.871622, 0.890495, 0.930354, 1, 

21,11,0.001, 0.050485, 0.0285265, 0.0326906, 0.0365127, 0.0539442, 0.0590867, 0.0722681, 0.0777172, 0.267467, 0.315591, 0.39438, 0.725435, 0.736821, 0.834067, 1, 

18,15,0.001, 0.0230919, 0.0285265, 0.0326906, 0.0365127, 0.0539442, 0.0590867, 0.0722681, 0.284837, 0.297049, 0.352651, 1, 

20,13,0.001, 0.0688469, 0.0285265, 0.0326906, 0.0365127, 0.0539442, 0.0590867, 0.0722681, 0.0777172, 0.267467, 0.315591, 0.39438, 0.454401, 0.816275, 0.877899, 1, 

Generation #17
17,24,0.001, 0.0230919, 0.0601065, 0.102358, 0.143913, 0.18483, 0.524292, 0.479347, 0.911025, 1, 

16,41,0.001, 0.0230919, 0.0285265, 0.0326906, 0.0365127, 0.0539442, 0.0590867, 0.0722681, 0.0777172, 1, 

31,10,0.001, 0.0230919, 0.0285265, 0.0600907, 0.0365127, 0.0539442, 0.0590867, 0.0722681, 0.0777172, 0.267467, 0.315591, 0.39438, 0.462215, 0.49246, 0.493757, 0.555478, 0.659048, 0.72643, 0.735539, 0.798981, 0.80118, 0.809481, 0.860814, 0.871622, 0.890495, 0.930354, 1, 

21,11,0.001, 0.050485, 0.0285265, 0.0326906, 0.0365127, 0.0539442, 0.0590867, 0.0722681, 0.0777172, 0.267467, 0.315591, 0.39438, 0.725435, 0.736821, 0.834067, 1, 

18,15,0.001, 0.0230919, 0.0285265, 0.0326906, 0.0365127, 0.0539442, 0.0590867, 0.0722681, 0.284837, 0.297049, 0.352651, 1, 

20,13,0.001, 0.0688469, 0.0285265, 0.0326906, 0.0365127, 0.0539442, 0.0590867, 0.0722681, 0.0777172, 0.267467, 0.315591, 0.39438, 0.454401, 0.816275, 0.877899, 1, 

15,49,0.0230919, 0.0285265, 0.0326906, 0.0365127, 0.0539442, 0.0590867, 0.0722681, 0.0777172, 1, 

Generation #18
17,24,0.001, 0.0230919, 0.0601065, 0.102358, 0.143913, 0.18483, 0.524292, 0.479347, 0.911025, 1, 

16,41,0.001, 0.0230919, 0.0285265, 0.0326906, 0.0365127, 0.0539442, 0.0590867, 0.0722681, 0.0777172, 1, 

31,10,0.001, 0.0230919, 0.0285265, 0.0600907, 0.0365127, 0.0539442, 0.0590867, 0.0722681, 0.0777172, 0.267467, 0.315591, 0.39438, 0.462215, 0.49246, 0.493757, 0.555478, 0.659048, 0.72643, 0.735539, 0.798981, 0.80118, 0.809481, 0.860814, 0.871622, 0.890495, 0.930354, 1, 

21,11,0.001, 0.050485, 0.0285265, 0.0326906, 0.0365127, 0.0539442, 0.0590867, 0.0722681, 0.0777172, 0.267467, 0.315591, 0.39438, 0.725435, 0.736821, 0.834067, 1, 

18,15,0.001, 0.0230919, 0.0285265, 0.0326906, 0.0365127, 0.0539442, 0.0590867, 0.0722681, 0.284837, 0.297049, 0.352651, 1, 

15,49,0.0230919, 0.0285265, 0.0326906, 0.0365127, 0.0539442, 0.0590867, 0.0722681, 0.0777172, 1, 

20,12,0.001, 0.0230919, 0.0285265, 0.0326906, 0.0365127, 0.0539442, 0.0590867, 0.0722681, 0.0777172, 0.267467, 0.315591, 0.725435, 0.736821, 0.834067, 1, 

Generation #19
17,24,0.001, 0.0230919, 0.0601065, 0.102358, 0.143913, 0.18483, 0.524292, 0.479347, 0.911025, 1, 

16,41,0.001, 0.0230919, 0.0285265, 0.0326906, 0.0365127, 0.0539442, 0.0590867, 0.0722681, 0.0777172, 1, 

31,10,0.001, 0.0230919, 0.0285265, 0.0600907, 0.0365127, 0.0539442, 0.0590867, 0.0722681, 0.0777172, 0.267467, 0.315591, 0.39438, 0.462215, 0.49246, 0.493757, 0.555478, 0.659048, 0.72643, 0.735539, 0.798981, 0.80118, 0.809481, 0.860814, 0.871622, 0.890495, 0.930354, 1, 

21,11,0.001, 0.050485, 0.0285265, 0.0326906, 0.0365127, 0.0539442, 0.0590867, 0.0722681, 0.0777172, 0.267467, 0.315591, 0.39438, 0.725435, 0.736821, 0.834067, 1, 

18,15,0.001, 0.0230919, 0.0285265, 0.0326906, 0.0365127, 0.0539442, 0.0590867, 0.0722681, 0.284837, 0.297049, 0.352651, 1, 

15,49,0.0230919, 0.0285265, 0.0326906, 0.0365127, 0.0539442, 0.0590867, 0.0722681, 0.0777172, 1, 

20,12,0.001, 0.0230919, 0.0285265, 0.0326906, 0.0365127, 0.0539442, 0.0590867, 0.0722681, 0.0777172, 0.267467, 0.315591, 0.725435, 0.736821, 0.834067, 1, 

Generation #20
16,41,0.001, 0.0230919, 0.0285265, 0.0326906, 0.0365127, 0.0539442, 0.0590867, 0.0722681, 0.0777172, 1, 

31,10,0.001, 0.0230919, 0.0285265, 0.0600907, 0.0365127, 0.0539442, 0.0590867, 0.0722681, 0.0777172, 0.267467, 0.315591, 0.39438, 0.462215, 0.49246, 0.493757, 0.555478, 0.659048, 0.72643, 0.735539, 0.798981, 0.80118, 0.809481, 0.860814, 0.871622, 0.890495, 0.930354, 1, 

21,11,0.001, 0.050485, 0.0285265, 0.0326906, 0.0365127, 0.0539442, 0.0590867, 0.0722681, 0.0777172, 0.267467, 0.315591, 0.39438, 0.725435, 0.736821, 0.834067, 1, 

15,49,0.0230919, 0.0285265, 0.0326906, 0.0365127, 0.0539442, 0.0590867, 0.0722681, 0.0777172, 1, 

20,12,0.001, 0.0230919, 0.0285265, 0.0326906, 0.0365127, 0.0539442, 0.0590867, 0.0722681, 0.0777172, 0.267467, 0.315591, 0.725435, 0.736821, 0.834067, 1, 

17,13,0.001, 0.0230919, 0.0285265, 0.0326906, 0.0365127, 0.0539442, 0.0590867, 0.0722681, 0.0777172, 0.134771, 0.267467, 0.315591, 0.998577, 1, 

Generation #21
16,41,0.001, 0.0230919, 0.0285265, 0.0326906, 0.0365127, 0.0539442, 0.0590867, 0.0722681, 0.0777172, 1, 

31,10,0.001, 0.0230919, 0.0285265, 0.0600907, 0.0365127, 0.0539442, 0.0590867, 0.0722681, 0.0777172, 0.267467, 0.315591, 0.39438, 0.462215, 0.49246, 0.493757, 0.555478, 0.659048, 0.72643, 0.735539, 0.798981, 0.80118, 0.809481, 0.860814, 0.871622, 0.890495, 0.930354, 1, 

21,11,0.001, 0.050485, 0.0285265, 0.0326906, 0.0365127, 0.0539442, 0.0590867, 0.0722681, 0.0777172, 0.267467, 0.315591, 0.39438, 0.725435, 0.736821, 0.834067, 1, 

15,49,0.0230919, 0.0285265, 0.0326906, 0.0365127, 0.0539442, 0.0590867, 0.0722681, 0.0777172, 1, 

20,12,0.001, 0.0230919, 0.0285265, 0.0326906, 0.0365127, 0.0539442, 0.0590867, 0.0722681, 0.0777172, 0.267467, 0.315591, 0.725435, 0.736821, 0.834067, 1, 

17,13,0.001, 0.0230919, 0.0285265, 0.0326906, 0.0365127, 0.0539442, 0.0590867, 0.0722681, 0.0777172, 0.134771, 0.267467, 0.315591, 0.998577, 1, 

Generation #22
16,41,0.001, 0.0230919, 0.0285265, 0.0326906, 0.0365127, 0.0539442, 0.0590867, 0.0722681, 0.0777172, 1, 

31,10,0.001, 0.0230919, 0.0285265, 0.0600907, 0.0365127, 0.0539442, 0.0590867, 0.0722681, 0.0777172, 0.267467, 0.315591, 0.39438, 0.462215, 0.49246, 0.493757, 0.555478, 0.659048, 0.72643, 0.735539, 0.798981, 0.80118, 0.809481, 0.860814, 0.871622, 0.890495, 0.930354, 1, 

21,11,0.001, 0.050485, 0.0285265, 0.0326906, 0.0365127, 0.0539442, 0.0590867, 0.0722681, 0.0777172, 0.267467, 0.315591, 0.39438, 0.725435, 0.736821, 0.834067, 1, 

15,49,0.0230919, 0.0285265, 0.0326906, 0.0365127, 0.0539442, 0.0590867, 0.0722681, 0.0777172, 1, 

20,12,0.001, 0.0230919, 0.0285265, 0.0326906, 0.0365127, 0.0539442, 0.0590867, 0.0722681, 0.0777172, 0.267467, 0.315591, 0.725435, 0.736821, 0.834067, 1, 

17,13,0.001, 0.0230919, 0.0285265, 0.0326906, 0.0365127, 0.0539442, 0.0590867, 0.0722681, 0.0777172, 0.134771, 0.267467, 0.315591, 0.998577, 1, 

Generation #23
16,41,0.001, 0.0230919, 0.0285265, 0.0326906, 0.0365127, 0.0539442, 0.0590867, 0.0722681, 0.0777172, 1, 

31,10,0.001, 0.0230919, 0.0285265, 0.0600907, 0.0365127, 0.0539442, 0.0590867, 0.0722681, 0.0777172, 0.267467, 0.315591, 0.39438, 0.462215, 0.49246, 0.493757, 0.555478, 0.659048, 0.72643, 0.735539, 0.798981, 0.80118, 0.809481, 0.860814, 0.871622, 0.890495, 0.930354, 1, 

21,11,0.001, 0.050485, 0.0285265, 0.0326906, 0.0365127, 0.0539442, 0.0590867, 0.0722681, 0.0777172, 0.267467, 0.315591, 0.39438, 0.725435, 0.736821, 0.834067, 1, 

15,49,0.0230919, 0.0285265, 0.0326906, 0.0365127, 0.0539442, 0.0590867, 0.0722681, 0.0777172, 1, 

20,12,0.001, 0.0230919, 0.0285265, 0.0326906, 0.0365127, 0.0539442, 0.0590867, 0.0722681, 0.0777172, 0.267467, 0.315591, 0.725435, 0.736821, 0.834067, 1, 

17,13,0.001, 0.0230919, 0.0285265, 0.0326906, 0.0365127, 0.0539442, 0.0590867, 0.0722681, 0.0777172, 0.134771, 0.267467, 0.315591, 0.998577, 1, 

Generation #24
16,41,0.001, 0.0230919, 0.0285265, 0.0326906, 0.0365127, 0.0539442, 0.0590867, 0.0722681, 0.0777172, 1, 

31,10,0.001, 0.0230919, 0.0285265, 0.0600907, 0.0365127, 0.0539442, 0.0590867, 0.0722681, 0.0777172, 0.267467, 0.315591, 0.39438, 0.462215, 0.49246, 0.493757, 0.555478, 0.659048, 0.72643, 0.735539, 0.798981, 0.80118, 0.809481, 0.860814, 0.871622, 0.890495, 0.930354, 1, 

21,11,0.001, 0.050485, 0.0285265, 0.0326906, 0.0365127, 0.0539442, 0.0590867, 0.0722681, 0.0777172, 0.267467, 0.315591, 0.39438, 0.725435, 0.736821, 0.834067, 1, 

15,49,0.0230919, 0.0285265, 0.0326906, 0.0365127, 0.0539442, 0.0590867, 0.0722681, 0.0777172, 1, 

20,12,0.001, 0.0230919, 0.0285265, 0.0326906, 0.0365127, 0.0539442, 0.0590867, 0.0722681, 0.0777172, 0.267467, 0.315591, 0.725435, 0.736821, 0.834067, 1, 

17,13,0.001, 0.0230919, 0.0285265, 0.0326906, 0.0365127, 0.0539442, 0.0590867, 0.0722681, 0.0777172, 0.134771, 0.267467, 0.315591, 0.998577, 1, 

Generation #25
31,10,0.001, 0.0230919, 0.0285265, 0.0600907, 0.0365127, 0.0539442, 0.0590867, 0.0722681, 0.0777172, 0.267467, 0.315591, 0.39438, 0.462215, 0.49246, 0.493757, 0.555478, 0.659048, 0.72643, 0.735539, 0.798981, 0.80118, 0.809481, 0.860814, 0.871622, 0.890495, 0.930354, 1, 

21,11,0.001, 0.050485, 0.0285265, 0.0326906, 0.0365127, 0.0539442, 0.0590867, 0.0722681, 0.0777172, 0.267467, 0.315591, 0.39438, 0.725435, 0.736821, 0.834067, 1, 

15,49,0.0230919, 0.0285265, 0.0326906, 0.0365127, 0.0539442, 0.0590867, 0.0722681, 0.0777172, 1, 

17,13,0.001, 0.0230919, 0.0285265, 0.0326906, 0.0365127, 0.0539442, 0.0590867, 0.0722681, 0.0777172, 0.134771, 0.267467, 0.315591, 0.998577, 1, 

16,38,0.001, 0.0230919, 0.0285265, 0.0326906, 0.0365127, 0.0539442, 0.0590867, 0.0722681, 0.0777172, 1, 

19,12,0.001, 0.0230919, 0.0285265, 0.0326906, 0.0365127, 0.0539442, 0.0590867, 0.0722681, 0.0777172, 0.267467, 0.315591, 0.39438, 0.454401, 0.816275, 0.877899, 1, 

Generation #26
31,10,0.001, 0.0230919, 0.0285265, 0.0600907, 0.0365127, 0.0539442, 0.0590867, 0.0722681, 0.0777172, 0.267467, 0.315591, 0.39438, 0.462215, 0.49246, 0.493757, 0.555478, 0.659048, 0.72643, 0.735539, 0.798981, 0.80118, 0.809481, 0.860814, 0.871622, 0.890495, 0.930354, 1, 

21,11,0.001, 0.050485, 0.0285265, 0.0326906, 0.0365127, 0.0539442, 0.0590867, 0.0722681, 0.0777172, 0.267467, 0.315591, 0.39438, 0.725435, 0.736821, 0.834067, 1, 

15,49,0.0230919, 0.0285265, 0.0326906, 0.0365127, 0.0539442, 0.0590867, 0.0722681, 0.0777172, 1, 

17,13,0.001, 0.0230919, 0.0285265, 0.0326906, 0.0365127, 0.0539442, 0.0590867, 0.0722681, 0.0777172, 0.134771, 0.267467, 0.315591, 0.998577, 1, 

19,12,0.001, 0.0230919, 0.0285265, 0.0326906, 0.0365127, 0.0539442, 0.0590867, 0.0722681, 0.0777172, 0.267467, 0.315591, 0.39438, 0.454401, 0.816275, 0.877899, 1, 

16,37,0.001, 0.0230919, 0.0285265, 0.0326906, 0.0365127, 0.0539442, 0.0590867, 0.0722681, 0.911025, 1, 

Generation #27
31,10,0.001, 0.0230919, 0.0285265, 0.0600907, 0.0365127, 0.0539442, 0.0590867, 0.0722681, 0.0777172, 0.267467, 0.315591, 0.39438, 0.462215, 0.49246, 0.493757, 0.555478, 0.659048, 0.72643, 0.735539, 0.798981, 0.80118, 0.809481, 0.860814, 0.871622, 0.890495, 0.930354, 1, 

21,11,0.001, 0.050485, 0.0285265, 0.0326906, 0.0365127, 0.0539442, 0.0590867, 0.0722681, 0.0777172, 0.267467, 0.315591, 0.39438, 0.725435, 0.736821, 0.834067, 1, 

15,49,0.0230919, 0.0285265, 0.0326906, 0.0365127, 0.0539442, 0.0590867, 0.0722681, 0.0777172, 1, 

17,13,0.001, 0.0230919, 0.0285265, 0.0326906, 0.0365127, 0.0539442, 0.0590867, 0.0722681, 0.0777172, 0.134771, 0.267467, 0.315591, 0.998577, 1, 

19,12,0.001, 0.0230919, 0.0285265, 0.0326906, 0.0365127, 0.0539442, 0.0590867, 0.0722681, 0.0777172, 0.267467, 0.315591, 0.39438, 0.454401, 0.816275, 0.877899, 1, 

16,37,0.001, 0.0230919, 0.0285265, 0.0326906, 0.0365127, 0.0539442, 0.0590867, 0.0722681, 0.911025, 1, 

Generation #28
15,49,0.0230919, 0.0285265, 0.0326906, 0.0365127, 0.0539442, 0.0590867, 0.0722681, 0.0777172, 1, 

17,13,0.001, 0.0230919, 0.0285265, 0.0326906, 0.0365127, 0.0539442, 0.0590867, 0.0722681, 0.0777172, 0.134771, 0.267467, 0.315591, 0.998577, 1, 

19,12,0.001, 0.0230919, 0.0285265, 0.0326906, 0.0365127, 0.0539442, 0.0590867, 0.0722681, 0.0777172, 0.267467, 0.315591, 0.39438, 0.454401, 0.816275, 0.877899, 1, 

16,37,0.001, 0.0230919, 0.0285265, 0.0326906, 0.0365127, 0.0539442, 0.0590867, 0.0722681, 0.911025, 1, 

20,9,0.001, 0.0230919, 0.0285265, 0.0326906, 0.0365127, 0.0539442, 0.0590867, 0.0722681, 0.0777172, 0.267467, 0.315591, 0.39438, 0.454401, 0.816275, 0.877899, 1, 

Generation #29
15,49,0.0230919, 0.0285265, 0.0326906, 0.0365127, 0.0539442, 0.0590867, 0.0722681, 0.0777172, 1, 

17,13,0.001, 0.0230919, 0.0285265, 0.0326906, 0.0365127, 0.0539442, 0.0590867, 0.0722681, 0.0777172, 0.134771, 0.267467, 0.315591, 0.998577, 1, 

19,12,0.001, 0.0230919, 0.0285265, 0.0326906, 0.0365127, 0.0539442, 0.0590867, 0.0722681, 0.0777172, 0.267467, 0.315591, 0.39438, 0.454401, 0.816275, 0.877899, 1, 

20,9,0.001, 0.0230919, 0.0285265, 0.0326906, 0.0365127, 0.0539442, 0.0590867, 0.0722681, 0.0777172, 0.267467, 0.315591, 0.39438, 0.454401, 0.816275, 0.877899, 1, 

16,34,0.0230919, 0.050485, 0.0285265, 0.0326906, 0.0365127, 0.0539442, 0.0590867, 0.0722681, 0.0777172, 1, 

Generation #30
15,49,0.0230919, 0.0285265, 0.0326906, 0.0365127, 0.0539442, 0.0590867, 0.0722681, 0.0777172, 1, 

17,13,0.001, 0.0230919, 0.0285265, 0.0326906, 0.0365127, 0.0539442, 0.0590867, 0.0722681, 0.0777172, 0.134771, 0.267467, 0.315591, 0.998577, 1, 

19,12,0.001, 0.0230919, 0.0285265, 0.0326906, 0.0365127, 0.0539442, 0.0590867, 0.0722681, 0.0777172, 0.267467, 0.315591, 0.39438, 0.454401, 0.816275, 0.877899, 1, 

20,9,0.001, 0.0230919, 0.0285265, 0.0326906, 0.0365127, 0.0539442, 0.0590867, 0.0722681, 0.0777172, 0.267467, 0.315591, 0.39438, 0.454401, 0.816275, 0.877899, 1, 

16,34,0.0230919, 0.050485, 0.0285265, 0.0326906, 0.0365127, 0.0539442, 0.0590867, 0.0722681, 0.0777172, 1, 

Generation #31
15,49,0.0230919, 0.0285265, 0.0326906, 0.0365127, 0.0539442, 0.0590867, 0.0722681, 0.0777172, 1, 

17,13,0.001, 0.0230919, 0.0285265, 0.0326906, 0.0365127, 0.0539442, 0.0590867, 0.0722681, 0.0777172, 0.134771, 0.267467, 0.315591, 0.998577, 1, 

19,12,0.001, 0.0230919, 0.0285265, 0.0326906, 0.0365127, 0.0539442, 0.0590867, 0.0722681, 0.0777172, 0.267467, 0.315591, 0.39438, 0.454401, 0.816275, 0.877899, 1, 

20,9,0.001, 0.0230919, 0.0285265, 0.0326906, 0.0365127, 0.0539442, 0.0590867, 0.0722681, 0.0777172, 0.267467, 0.315591, 0.39438, 0.454401, 0.816275, 0.877899, 1, 

16,34,0.0230919, 0.050485, 0.0285265, 0.0326906, 0.0365127, 0.0539442, 0.0590867, 0.0722681, 0.0777172, 1, 

Generation #32
15,49,0.0230919, 0.0285265, 0.0326906, 0.0365127, 0.0539442, 0.0590867, 0.0722681, 0.0777172, 1, 

17,13,0.001, 0.0230919, 0.0285265, 0.0326906, 0.0365127, 0.0539442, 0.0590867, 0.0722681, 0.0777172, 0.134771, 0.267467, 0.315591, 0.998577, 1, 

19,12,0.001, 0.0230919, 0.0285265, 0.0326906, 0.0365127, 0.0539442, 0.0590867, 0.0722681, 0.0777172, 0.267467, 0.315591, 0.39438, 0.454401, 0.816275, 0.877899, 1, 

20,9,0.001, 0.0230919, 0.0285265, 0.0326906, 0.0365127, 0.0539442, 0.0590867, 0.0722681, 0.0777172, 0.267467, 0.315591, 0.39438, 0.454401, 0.816275, 0.877899, 1, 

16,34,0.0230919, 0.050485, 0.0285265, 0.0326906, 0.0365127, 0.0539442, 0.0590867, 0.0722681, 0.0777172, 1, 

Generation #33
15,49,0.0230919, 0.0285265, 0.0326906, 0.0365127, 0.0539442, 0.0590867, 0.0722681, 0.0777172, 1, 

17,13,0.001, 0.0230919, 0.0285265, 0.0326906, 0.0365127, 0.0539442, 0.0590867, 0.0722681, 0.0777172, 0.134771, 0.267467, 0.315591, 0.998577, 1, 

19,12,0.001, 0.0230919, 0.0285265, 0.0326906, 0.0365127, 0.0539442, 0.0590867, 0.0722681, 0.0777172, 0.267467, 0.315591, 0.39438, 0.454401, 0.816275, 0.877899, 1, 

20,9,0.001, 0.0230919, 0.0285265, 0.0326906, 0.0365127, 0.0539442, 0.0590867, 0.0722681, 0.0777172, 0.267467, 0.315591, 0.39438, 0.454401, 0.816275, 0.877899, 1, 

16,34,0.0230919, 0.050485, 0.0285265, 0.0326906, 0.0365127, 0.0539442, 0.0590867, 0.0722681, 0.0777172, 1, 

Generation #34
15,49,0.0230919, 0.0285265, 0.0326906, 0.0365127, 0.0539442, 0.0590867, 0.0722681, 0.0777172, 1, 

17,13,0.001, 0.0230919, 0.0285265, 0.0326906, 0.0365127, 0.0539442, 0.0590867, 0.0722681, 0.0777172, 0.134771, 0.267467, 0.315591, 0.998577, 1, 

19,12,0.001, 0.0230919, 0.0285265, 0.0326906, 0.0365127, 0.0539442, 0.0590867, 0.0722681, 0.0777172, 0.267467, 0.315591, 0.39438, 0.454401, 0.816275, 0.877899, 1, 

20,9,0.001, 0.0230919, 0.0285265, 0.0326906, 0.0365127, 0.0539442, 0.0590867, 0.0722681, 0.0777172, 0.267467, 0.315591, 0.39438, 0.454401, 0.816275, 0.877899, 1, 

16,34,0.0230919, 0.050485, 0.0285265, 0.0326906, 0.0365127, 0.0539442, 0.0590867, 0.0722681, 0.0777172, 1, 

Generation #35
15,49,0.0230919, 0.0285265, 0.0326906, 0.0365127, 0.0539442, 0.0590867, 0.0722681, 0.0777172, 1, 

17,13,0.001, 0.0230919, 0.0285265, 0.0326906, 0.0365127, 0.0539442, 0.0590867, 0.0722681, 0.0777172, 0.134771, 0.267467, 0.315591, 0.998577, 1, 

19,12,0.001, 0.0230919, 0.0285265, 0.0326906, 0.0365127, 0.0539442, 0.0590867, 0.0722681, 0.0777172, 0.267467, 0.315591, 0.39438, 0.454401, 0.816275, 0.877899, 1, 

20,9,0.001, 0.0230919, 0.0285265, 0.0326906, 0.0365127, 0.0539442, 0.0590867, 0.0722681, 0.0777172, 0.267467, 0.315591, 0.39438, 0.454401, 0.816275, 0.877899, 1, 

16,34,0.0230919, 0.050485, 0.0285265, 0.0326906, 0.0365127, 0.0539442, 0.0590867, 0.0722681, 0.0777172, 1, 

Generation #36
15,49,0.0230919, 0.0285265, 0.0326906, 0.0365127, 0.0539442, 0.0590867, 0.0722681, 0.0777172, 1, 

17,13,0.001, 0.0230919, 0.0285265, 0.0326906, 0.0365127, 0.0539442, 0.0590867, 0.0722681, 0.0777172, 0.134771, 0.267467, 0.315591, 0.998577, 1, 

20,9,0.001, 0.0230919, 0.0285265, 0.0326906, 0.0365127, 0.0539442, 0.0590867, 0.0722681, 0.0777172, 0.267467, 0.315591, 0.39438, 0.454401, 0.816275, 0.877899, 1, 

16,34,0.0230919, 0.050485, 0.0285265, 0.0326906, 0.0365127, 0.0539442, 0.0590867, 0.0722681, 0.0777172, 1, 

18,12,0.001, 0.050485, 0.0285265, 0.0326906, 0.0365127, 0.0539442, 0.0447941, 0.0590867, 0.0722681, 0.0777172, 0.134771, 0.267467, 0.315591, 0.998577, 1, 

Generation #37
15,49,0.0230919, 0.0285265, 0.0326906, 0.0365127, 0.0539442, 0.0590867, 0.0722681, 0.0777172, 1, 

17,13,0.001, 0.0230919, 0.0285265, 0.0326906, 0.0365127, 0.0539442, 0.0590867, 0.0722681, 0.0777172, 0.134771, 0.267467, 0.315591, 0.998577, 1, 

20,9,0.001, 0.0230919, 0.0285265, 0.0326906, 0.0365127, 0.0539442, 0.0590867, 0.0722681, 0.0777172, 0.267467, 0.315591, 0.39438, 0.454401, 0.816275, 0.877899, 1, 

16,34,0.0230919, 0.050485, 0.0285265, 0.0326906, 0.0365127, 0.0539442, 0.0590867, 0.0722681, 0.0777172, 1, 

18,12,0.001, 0.050485, 0.0285265, 0.0326906, 0.0365127, 0.0539442, 0.0447941, 0.0590867, 0.0722681, 0.0777172, 0.134771, 0.267467, 0.315591, 0.998577, 1, 

Generation #38
15,49,0.0230919, 0.0285265, 0.0326906, 0.0365127, 0.0539442, 0.0590867, 0.0722681, 0.0777172, 1, 

17,13,0.001, 0.0230919, 0.0285265, 0.0326906, 0.0365127, 0.0539442, 0.0590867, 0.0722681, 0.0777172, 0.134771, 0.267467, 0.315591, 0.998577, 1, 

20,9,0.001, 0.0230919, 0.0285265, 0.0326906, 0.0365127, 0.0539442, 0.0590867, 0.0722681, 0.0777172, 0.267467, 0.315591, 0.39438, 0.454401, 0.816275, 0.877899, 1, 

16,34,0.0230919, 0.050485, 0.0285265, 0.0326906, 0.0365127, 0.0539442, 0.0590867, 0.0722681, 0.0777172, 1, 

18,12,0.001, 0.050485, 0.0285265, 0.0326906, 0.0365127, 0.0539442, 0.0447941, 0.0590867, 0.0722681, 0.0777172, 0.134771, 0.267467, 0.315591, 0.998577, 1, 

Generation #39
15,49,0.0230919, 0.0285265, 0.0326906, 0.0365127, 0.0539442, 0.0590867, 0.0722681, 0.0777172, 1, 

17,13,0.001, 0.0230919, 0.0285265, 0.0326906, 0.0365127, 0.0539442, 0.0590867, 0.0722681, 0.0777172, 0.134771, 0.267467, 0.315591, 0.998577, 1, 

20,9,0.001, 0.0230919, 0.0285265, 0.0326906, 0.0365127, 0.0539442, 0.0590867, 0.0722681, 0.0777172, 0.267467, 0.315591, 0.39438, 0.454401, 0.816275, 0.877899, 1, 

16,34,0.0230919, 0.050485, 0.0285265, 0.0326906, 0.0365127, 0.0539442, 0.0590867, 0.0722681, 0.0777172, 1, 

18,12,0.001, 0.050485, 0.0285265, 0.0326906, 0.0365127, 0.0539442, 0.0447941, 0.0590867, 0.0722681, 0.0777172, 0.134771, 0.267467, 0.315591, 0.998577, 1, 

Generation #40
15,49,0.0230919, 0.0285265, 0.0326906, 0.0365127, 0.0539442, 0.0590867, 0.0722681, 0.0777172, 1, 

17,13,0.001, 0.0230919, 0.0285265, 0.0326906, 0.0365127, 0.0539442, 0.0590867, 0.0722681, 0.0777172, 0.134771, 0.267467, 0.315591, 0.998577, 1, 

20,9,0.001, 0.0230919, 0.0285265, 0.0326906, 0.0365127, 0.0539442, 0.0590867, 0.0722681, 0.0777172, 0.267467, 0.315591, 0.39438, 0.454401, 0.816275, 0.877899, 1, 

16,34,0.0230919, 0.050485, 0.0285265, 0.0326906, 0.0365127, 0.0539442, 0.0590867, 0.0722681, 0.0777172, 1, 

18,12,0.001, 0.050485, 0.0285265, 0.0326906, 0.0365127, 0.0539442, 0.0447941, 0.0590867, 0.0722681, 0.0777172, 0.134771, 0.267467, 0.315591, 0.998577, 1, 

Generation #41
15,49,0.0230919, 0.0285265, 0.0326906, 0.0365127, 0.0539442, 0.0590867, 0.0722681, 0.0777172, 1, 

17,13,0.001, 0.0230919, 0.0285265, 0.0326906, 0.0365127, 0.0539442, 0.0590867, 0.0722681, 0.0777172, 0.134771, 0.267467, 0.315591, 0.998577, 1, 

20,9,0.001, 0.0230919, 0.0285265, 0.0326906, 0.0365127, 0.0539442, 0.0590867, 0.0722681, 0.0777172, 0.267467, 0.315591, 0.39438, 0.454401, 0.816275, 0.877899, 1, 

16,34,0.0230919, 0.050485, 0.0285265, 0.0326906, 0.0365127, 0.0539442, 0.0590867, 0.0722681, 0.0777172, 1, 

18,12,0.001, 0.050485, 0.0285265, 0.0326906, 0.0365127, 0.0539442, 0.0447941, 0.0590867, 0.0722681, 0.0777172, 0.134771, 0.267467, 0.315591, 0.998577, 1, 

Generation #42
15,49,0.0230919, 0.0285265, 0.0326906, 0.0365127, 0.0539442, 0.0590867, 0.0722681, 0.0777172, 1, 

17,13,0.001, 0.0230919, 0.0285265, 0.0326906, 0.0365127, 0.0539442, 0.0590867, 0.0722681, 0.0777172, 0.134771, 0.267467, 0.315591, 0.998577, 1, 

20,9,0.001, 0.0230919, 0.0285265, 0.0326906, 0.0365127, 0.0539442, 0.0590867, 0.0722681, 0.0777172, 0.267467, 0.315591, 0.39438, 0.454401, 0.816275, 0.877899, 1, 

16,34,0.0230919, 0.050485, 0.0285265, 0.0326906, 0.0365127, 0.0539442, 0.0590867, 0.0722681, 0.0777172, 1, 

18,12,0.001, 0.050485, 0.0285265, 0.0326906, 0.0365127, 0.0539442, 0.0447941, 0.0590867, 0.0722681, 0.0777172, 0.134771, 0.267467, 0.315591, 0.998577, 1, 

Generation #43
15,49,0.0230919, 0.0285265, 0.0326906, 0.0365127, 0.0539442, 0.0590867, 0.0722681, 0.0777172, 1, 

17,13,0.001, 0.0230919, 0.0285265, 0.0326906, 0.0365127, 0.0539442, 0.0590867, 0.0722681, 0.0777172, 0.134771, 0.267467, 0.315591, 0.998577, 1, 

20,9,0.001, 0.0230919, 0.0285265, 0.0326906, 0.0365127, 0.0539442, 0.0590867, 0.0722681, 0.0777172, 0.267467, 0.315591, 0.39438, 0.454401, 0.816275, 0.877899, 1, 

16,34,0.0230919, 0.050485, 0.0285265, 0.0326906, 0.0365127, 0.0539442, 0.0590867, 0.0722681, 0.0777172, 1, 

18,12,0.001, 0.050485, 0.0285265, 0.0326906, 0.0365127, 0.0539442, 0.0447941, 0.0590867, 0.0722681, 0.0777172, 0.134771, 0.267467, 0.315591, 0.998577, 1, 

Generation #44
15,49,0.0230919, 0.0285265, 0.0326906, 0.0365127, 0.0539442, 0.0590867, 0.0722681, 0.0777172, 1, 

17,13,0.001, 0.0230919, 0.0285265, 0.0326906, 0.0365127, 0.0539442, 0.0590867, 0.0722681, 0.0777172, 0.134771, 0.267467, 0.315591, 0.998577, 1, 

20,9,0.001, 0.0230919, 0.0285265, 0.0326906, 0.0365127, 0.0539442, 0.0590867, 0.0722681, 0.0777172, 0.267467, 0.315591, 0.39438, 0.454401, 0.816275, 0.877899, 1, 

16,34,0.0230919, 0.050485, 0.0285265, 0.0326906, 0.0365127, 0.0539442, 0.0590867, 0.0722681, 0.0777172, 1, 

18,12,0.001, 0.050485, 0.0285265, 0.0326906, 0.0365127, 0.0539442, 0.0447941, 0.0590867, 0.0722681, 0.0777172, 0.134771, 0.267467, 0.315591, 0.998577, 1, 

Generation #45
15,49,0.0230919, 0.0285265, 0.0326906, 0.0365127, 0.0539442, 0.0590867, 0.0722681, 0.0777172, 1, 

17,13,0.001, 0.0230919, 0.0285265, 0.0326906, 0.0365127, 0.0539442, 0.0590867, 0.0722681, 0.0777172, 0.134771, 0.267467, 0.315591, 0.998577, 1, 

20,9,0.001, 0.0230919, 0.0285265, 0.0326906, 0.0365127, 0.0539442, 0.0590867, 0.0722681, 0.0777172, 0.267467, 0.315591, 0.39438, 0.454401, 0.816275, 0.877899, 1, 

16,34,0.0230919, 0.050485, 0.0285265, 0.0326906, 0.0365127, 0.0539442, 0.0590867, 0.0722681, 0.0777172, 1, 

18,12,0.001, 0.050485, 0.0285265, 0.0326906, 0.0365127, 0.0539442, 0.0447941, 0.0590867, 0.0722681, 0.0777172, 0.134771, 0.267467, 0.315591, 0.998577, 1, 

Generation #46
15,49,0.0230919, 0.0285265, 0.0326906, 0.0365127, 0.0539442, 0.0590867, 0.0722681, 0.0777172, 1, 

17,13,0.001, 0.0230919, 0.0285265, 0.0326906, 0.0365127, 0.0539442, 0.0590867, 0.0722681, 0.0777172, 0.134771, 0.267467, 0.315591, 0.998577, 1, 

20,9,0.001, 0.0230919, 0.0285265, 0.0326906, 0.0365127, 0.0539442, 0.0590867, 0.0722681, 0.0777172, 0.267467, 0.315591, 0.39438, 0.454401, 0.816275, 0.877899, 1, 

16,34,0.0230919, 0.050485, 0.0285265, 0.0326906, 0.0365127, 0.0539442, 0.0590867, 0.0722681, 0.0777172, 1, 

18,12,0.001, 0.050485, 0.0285265, 0.0326906, 0.0365127, 0.0539442, 0.0447941, 0.0590867, 0.0722681, 0.0777172, 0.134771, 0.267467, 0.315591, 0.998577, 1, 

Generation #47
15,49,0.0230919, 0.0285265, 0.0326906, 0.0365127, 0.0539442, 0.0590867, 0.0722681, 0.0777172, 1, 

17,13,0.001, 0.0230919, 0.0285265, 0.0326906, 0.0365127, 0.0539442, 0.0590867, 0.0722681, 0.0777172, 0.134771, 0.267467, 0.315591, 0.998577, 1, 

20,9,0.001, 0.0230919, 0.0285265, 0.0326906, 0.0365127, 0.0539442, 0.0590867, 0.0722681, 0.0777172, 0.267467, 0.315591, 0.39438, 0.454401, 0.816275, 0.877899, 1, 

16,34,0.0230919, 0.050485, 0.0285265, 0.0326906, 0.0365127, 0.0539442, 0.0590867, 0.0722681, 0.0777172, 1, 

18,12,0.001, 0.050485, 0.0285265, 0.0326906, 0.0365127, 0.0539442, 0.0447941, 0.0590867, 0.0722681, 0.0777172, 0.134771, 0.267467, 0.315591, 0.998577, 1, 

Generation #48
15,49,0.0230919, 0.0285265, 0.0326906, 0.0365127, 0.0539442, 0.0590867, 0.0722681, 0.0777172, 1, 

17,13,0.001, 0.0230919, 0.0285265, 0.0326906, 0.0365127, 0.0539442, 0.0590867, 0.0722681, 0.0777172, 0.134771, 0.267467, 0.315591, 0.998577, 1, 

16,34,0.0230919, 0.050485, 0.0285265, 0.0326906, 0.0365127, 0.0539442, 0.0590867, 0.0722681, 0.0777172, 1, 

18,8,0.001, 0.0230919, 0.0285265, 0.0326906, 0.0365127, 0.0539442, 0.0590867, 0.0722681, 0.0777172, 0.267467, 0.315591, 0.39438, 0.454401, 0.68205, 1, 

Generation #49
15,49,0.0230919, 0.0285265, 0.0326906, 0.0365127, 0.0539442, 0.0590867, 0.0722681, 0.0777172, 1, 

17,13,0.001, 0.0230919, 0.0285265, 0.0326906, 0.0365127, 0.0539442, 0.0590867, 0.0722681, 0.0777172, 0.134771, 0.267467, 0.315591, 0.998577, 1, 

16,34,0.0230919, 0.050485, 0.0285265, 0.0326906, 0.0365127, 0.0539442, 0.0590867, 0.0722681, 0.0777172, 1, 

18,8,0.001, 0.0230919, 0.0285265, 0.0326906, 0.0365127, 0.0539442, 0.0590867, 0.0722681, 0.0777172, 0.267467, 0.315591, 0.39438, 0.454401, 0.68205, 1, 

--- Pareto Front Solutions ---
Solution 0: N total=90 (N_initial=75, N_added=15), Time total=55 ms, Saved to: ./results/Flex_t2_l3_pareto_0.csv, percents=0.0230919, 0.0285265, 0.0326906, 0.0365127, 0.0539442, 0.0590867, 0.0722681, 0.0777172, 1, 

Solution 1: N total=92 (N_initial=75, N_added=17), Time total=19 ms, Saved to: ./results/Flex_t2_l3_pareto_1.csv, percents=0.001, 0.0230919, 0.0285265, 0.0326906, 0.0365127, 0.0539442, 0.0590867, 0.0722681, 0.0777172, 0.134771, 0.267467, 0.315591, 0.998577, 1, 

Solution 2: N total=91 (N_initial=75, N_added=16), Time total=40 ms, Saved to: ./results/Flex_t2_l3_pareto_2.csv, percents=0.0230919, 0.050485, 0.0285265, 0.0326906, 0.0365127, 0.0539442, 0.0590867, 0.0722681, 0.0777172, 1, 

Solution 3: N total=93 (N_initial=75, N_added=18), Time total=14 ms, Saved to: ./results/Flex_t2_l3_pareto_3.csv, percents=0.001, 0.0230919, 0.0285265, 0.0326906, 0.0365127, 0.0539442, 0.0590867, 0.0722681, 0.0777172, 0.267467, 0.315591, 0.39438, 0.454401, 0.68205, 1, 

------------d=1, t=2, lambda=4, filename=./evaluation/Flex/Flex_2_4.csv------------
Grouping d-sets by partitioned row counts for detecting arrays...
Ready to look at pairs for detecting arrays...
First Stage N=100, Time=6
There are 125 remaining non-locating pairs
--- Running GA Algorithm (phase2) ---
Running GA with std::execution::par
Generation #0
24,48,0.001, 0.0310167, 0.0392943, 0.0504615, 0.0946316, 0.485034, 0.538193, 0.570557, 0.787716, 0.951068, 0.962664, 1, 

25,45,0.001, 0.0581628, 0.0716083, 0.0983093, 0.10721, 0.191957, 0.205845, 0.282329, 0.284476, 0.417758, 0.489383, 0.492881, 0.602506, 0.689761, 0.770001, 1, 

32,35,0.001, 0.0328722, 0.0477313, 0.152601, 0.224072, 0.279178, 0.298245, 0.299397, 0.336608, 0.391138, 0.421085, 0.495528, 0.497064, 0.523358, 0.619816, 0.647025, 0.699435, 0.707756, 0.921702, 0.932549, 0.963351, 1, 

34,22,0.001, 0.0461864, 0.0542133, 0.0761327, 0.0883727, 0.108493, 0.190769, 0.199951, 0.296328, 0.392878, 0.420439, 0.427001, 0.431842, 0.477012, 0.543274, 0.592938, 0.658952, 0.668091, 0.701475, 0.723695, 0.727989, 0.782854, 0.806066, 0.870014, 0.985935, 1, 

27,42,0.001, 0.0280272, 0.0705406, 0.0721542, 0.0787641, 0.223603, 0.256157, 0.344966, 0.47038, 0.530366, 0.560865, 0.69233, 0.892767, 0.930312, 0.970239, 0.982066, 1, 

Generation #1
34,22,0.001, 0.0461864, 0.0542133, 0.0761327, 0.0883727, 0.108493, 0.190769, 0.199951, 0.296328, 0.392878, 0.420439, 0.427001, 0.431842, 0.477012, 0.543274, 0.592938, 0.658952, 0.668091, 0.701475, 0.723695, 0.727989, 0.782854, 0.806066, 0.870014, 0.985935, 1, 

21,50,0.001, 0.0328722, 0.0477313, 0.152601, 0.224072, 0.279178, 0.298245, 0.299397, 0.893052, 0.962079, 1, 

29,25,0.001, 0.0220395, 0.0541481, 0.0883517, 0.0986124, 0.188597, 0.190288, 0.198424, 0.286869, 0.295321, 0.569529, 0.644474, 0.664349, 0.685406, 0.788472, 0.815363, 0.900711, 0.908079, 1, 

23,27,0.001, 0.0280272, 0.0705406, 0.0721542, 0.0787641, 0.223603, 0.256157, 0.344966, 0.47038, 0.530366, 0.93722, 1, 

22,35,0.001, 0.0356095, 0.0621621, 0.191294, 0.256201, 0.265033, 0.28167, 0.289634, 0.480482, 0.654211, 0.801481, 1, 

Generation #2
21,22,0.001, 0.0328722, 0.0477313, 0.0721542, 0.0787641, 0.223603, 0.256157, 0.344966, 0.47038, 0.530366, 0.93722, 1, 

Generation #3
21,22,0.001, 0.0328722, 0.0477313, 0.0721542, 0.0787641, 0.223603, 0.256157, 0.344966, 0.47038, 0.530366, 0.93722, 1, 

20,58,0.001, 0.0310167, 0.0392943, 0.0504615, 0.0946316, 0.485034, 0.538193, 0.570557, 0.848071, 1, 

Generation #4
21,22,0.001, 0.0328722, 0.0477313, 0.0721542, 0.0787641, 0.223603, 0.256157, 0.344966, 0.47038, 0.530366, 0.93722, 1, 

20,58,0.001, 0.0310167, 0.0392943, 0.0504615, 0.0946316, 0.485034, 0.538193, 0.570557, 0.848071, 1, 

Generation #5
21,22,0.001, 0.0328722, 0.0477313, 0.0721542, 0.0787641, 0.223603, 0.256157, 0.344966, 0.47038, 0.530366, 0.93722, 1, 

38,19,0.001, 0.0280272, 0.0705406, 0.0721542, 0.0787641, 0.142137, 0.163805, 0.188217, 0.193161, 0.212393, 0.285247, 0.299939, 0.440328, 0.473881, 0.481523, 0.502312, 0.529125, 0.636689, 0.698968, 0.708938, 0.713953, 0.742292, 0.745795, 0.774172, 0.779762, 0.933238, 0.943903, 0.944552, 0.978677, 1, 

20,36,0.001, 0.0220395, 0.0541481, 0.0883517, 0.0986124, 0.188597, 0.309977, 0.4934, 0.496558, 0.417758, 1, 

Generation #6
21,22,0.001, 0.0328722, 0.0477313, 0.0721542, 0.0787641, 0.223603, 0.256157, 0.344966, 0.47038, 0.530366, 0.93722, 1, 

38,19,0.001, 0.0280272, 0.0705406, 0.0721542, 0.0787641, 0.142137, 0.163805, 0.188217, 0.193161, 0.212393, 0.285247, 0.299939, 0.440328, 0.473881, 0.481523, 0.502312, 0.529125, 0.636689, 0.698968, 0.708938, 0.713953, 0.742292, 0.745795, 0.774172, 0.779762, 0.933238, 0.943903, 0.944552, 0.978677, 1, 

20,36,0.001, 0.0220395, 0.0541481, 0.0883517, 0.0986124, 0.188597, 0.309977, 0.4934, 0.496558, 0.417758, 1, 

36,21,0.001, 0.125012, 0.0245839, 0.0308028, 0.0458327, 0.139228, 0.162556, 0.175343, 0.178391, 0.18089, 0.22453, 0.303783, 0.319626, 0.340931, 0.345777, 0.348563, 0.392036, 0.421244, 0.467035, 0.52145, 0.534048, 0.578431, 0.60186, 0.608552, 0.643354, 0.784558, 0.966083, 0.976992, 0.987094, 1, 

Generation #7
21,22,0.001, 0.0328722, 0.0477313, 0.0721542, 0.0787641, 0.223603, 0.256157, 0.344966, 0.47038, 0.530366, 0.93722, 1, 

38,19,0.001, 0.0280272, 0.0705406, 0.0721542, 0.0787641, 0.142137, 0.163805, 0.188217, 0.193161, 0.212393, 0.285247, 0.299939, 0.440328, 0.473881, 0.481523, 0.502312, 0.529125, 0.636689, 0.698968, 0.708938, 0.713953, 0.742292, 0.745795, 0.774172, 0.779762, 0.933238, 0.943903, 0.944552, 0.978677, 1, 

20,36,0.001, 0.0220395, 0.0541481, 0.0883517, 0.0986124, 0.188597, 0.309977, 0.4934, 0.496558, 0.417758, 1, 

36,21,0.001, 0.125012, 0.0245839, 0.0308028, 0.0458327, 0.139228, 0.162556, 0.175343, 0.178391, 0.18089, 0.22453, 0.303783, 0.319626, 0.340931, 0.345777, 0.348563, 0.392036, 0.421244, 0.467035, 0.52145, 0.534048, 0.578431, 0.60186, 0.608552, 0.643354, 0.784558, 0.966083, 0.976992, 0.987094, 1, 

Generation #8
38,19,0.001, 0.0280272, 0.0705406, 0.0721542, 0.0787641, 0.142137, 0.163805, 0.188217, 0.193161, 0.212393, 0.285247, 0.299939, 0.440328, 0.473881, 0.481523, 0.502312, 0.529125, 0.636689, 0.698968, 0.708938, 0.713953, 0.742292, 0.745795, 0.774172, 0.779762, 0.933238, 0.943903, 0.944552, 0.978677, 1, 

21,20,0.001, 0.0461864, 0.0542133, 0.0761327, 0.0986124, 0.188597, 0.190288, 0.198424, 0.286869, 0.295321, 0.219861, 1, 

20,28,0.001, 0.0384274, 0.0689898, 0.0721542, 0.124534, 0.142137, 0.163805, 0.085014, 0.492943, 0.805557, 1, 

Generation #9
38,19,0.001, 0.0280272, 0.0705406, 0.0721542, 0.0787641, 0.142137, 0.163805, 0.188217, 0.193161, 0.212393, 0.285247, 0.299939, 0.440328, 0.473881, 0.481523, 0.502312, 0.529125, 0.636689, 0.698968, 0.708938, 0.713953, 0.742292, 0.745795, 0.774172, 0.779762, 0.933238, 0.943903, 0.944552, 0.978677, 1, 

21,20,0.001, 0.0461864, 0.0542133, 0.0761327, 0.0986124, 0.188597, 0.190288, 0.198424, 0.286869, 0.295321, 0.219861, 1, 

20,28,0.001, 0.0384274, 0.0689898, 0.0721542, 0.124534, 0.142137, 0.163805, 0.085014, 0.492943, 0.805557, 1, 

Generation #10
21,20,0.001, 0.0461864, 0.0542133, 0.0761327, 0.0986124, 0.188597, 0.190288, 0.198424, 0.286869, 0.295321, 0.219861, 1, 

20,28,0.001, 0.0384274, 0.0689898, 0.0721542, 0.124534, 0.142137, 0.163805, 0.085014, 0.492943, 0.805557, 1, 

37,17,0.001, 0.0280272, 0.0705406, 0.0721542, 0.0787641, 0.142137, 0.163805, 0.175343, 0.178391, 0.18089, 0.22453, 0.303783, 0.319626, 0.340931, 0.345777, 0.348563, 0.392036, 0.421244, 0.467035, 0.52145, 0.534048, 0.578431, 0.60186, 0.608552, 0.643354, 0.784558, 0.966083, 0.976992, 0.987094, 1, 

Generation #11
21,20,0.001, 0.0461864, 0.0542133, 0.0761327, 0.0986124, 0.188597, 0.190288, 0.198424, 0.286869, 0.295321, 0.219861, 1, 

20,28,0.001, 0.0384274, 0.0689898, 0.0721542, 0.124534, 0.142137, 0.163805, 0.085014, 0.492943, 0.805557, 1, 

37,17,0.001, 0.0280272, 0.0705406, 0.0721542, 0.0787641, 0.142137, 0.163805, 0.175343, 0.178391, 0.18089, 0.22453, 0.303783, 0.319626, 0.340931, 0.345777, 0.348563, 0.392036, 0.421244, 0.467035, 0.52145, 0.534048, 0.578431, 0.60186, 0.608552, 0.643354, 0.784558, 0.966083, 0.976992, 0.987094, 1, 

Generation #12
21,20,0.001, 0.0461864, 0.0542133, 0.0761327, 0.0986124, 0.188597, 0.190288, 0.198424, 0.286869, 0.295321, 0.219861, 1, 

20,28,0.001, 0.0384274, 0.0689898, 0.0721542, 0.124534, 0.142137, 0.163805, 0.085014, 0.492943, 0.805557, 1, 

37,17,0.001, 0.0280272, 0.0705406, 0.0721542, 0.0787641, 0.142137, 0.163805, 0.175343, 0.178391, 0.18089, 0.22453, 0.303783, 0.319626, 0.340931, 0.345777, 0.348563, 0.392036, 0.421244, 0.467035, 0.52145, 0.534048, 0.578431, 0.60186, 0.608552, 0.643354, 0.784558, 0.966083, 0.976992, 0.987094, 1, 

Generation #13
21,20,0.001, 0.0461864, 0.0542133, 0.0761327, 0.0986124, 0.188597, 0.190288, 0.198424, 0.286869, 0.295321, 0.219861, 1, 

20,28,0.001, 0.0384274, 0.0689898, 0.0721542, 0.124534, 0.142137, 0.163805, 0.085014, 0.492943, 0.805557, 1, 

37,17,0.001, 0.0280272, 0.0705406, 0.0721542, 0.0787641, 0.142137, 0.163805, 0.175343, 0.178391, 0.18089, 0.22453, 0.303783, 0.319626, 0.340931, 0.345777, 0.348563, 0.392036, 0.421244, 0.467035, 0.52145, 0.534048, 0.578431, 0.60186, 0.608552, 0.643354, 0.784558, 0.966083, 0.976992, 0.987094, 1, 

Generation #14
37,17,0.001, 0.0280272, 0.0705406, 0.0721542, 0.0787641, 0.142137, 0.163805, 0.175343, 0.178391, 0.18089, 0.22453, 0.303783, 0.319626, 0.340931, 0.345777, 0.348563, 0.392036, 0.421244, 0.467035, 0.52145, 0.534048, 0.578431, 0.60186, 0.608552, 0.643354, 0.784558, 0.966083, 0.976992, 0.987094, 1, 

20,19,0.001, 0.057493, 0.0902652, 0.117109, 0.0189234, 0.142137, 0.190288, 0.198424, 0.286869, 0.805557, 1, 

Generation #15
37,17,0.001, 0.0280272, 0.0705406, 0.0721542, 0.0787641, 0.142137, 0.163805, 0.175343, 0.178391, 0.18089, 0.22453, 0.303783, 0.319626, 0.340931, 0.345777, 0.348563, 0.392036, 0.421244, 0.467035, 0.52145, 0.534048, 0.578431, 0.60186, 0.608552, 0.643354, 0.784558, 0.966083, 0.976992, 0.987094, 1, 

20,19,0.001, 0.057493, 0.0902652, 0.117109, 0.0189234, 0.142137, 0.190288, 0.198424, 0.286869, 0.805557, 1, 

Generation #16
37,17,0.001, 0.0280272, 0.0705406, 0.0721542, 0.0787641, 0.142137, 0.163805, 0.175343, 0.178391, 0.18089, 0.22453, 0.303783, 0.319626, 0.340931, 0.345777, 0.348563, 0.392036, 0.421244, 0.467035, 0.52145, 0.534048, 0.578431, 0.60186, 0.608552, 0.643354, 0.784558, 0.966083, 0.976992, 0.987094, 1, 

20,19,0.001, 0.057493, 0.0902652, 0.117109, 0.0189234, 0.142137, 0.190288, 0.198424, 0.286869, 0.805557, 1, 

Generation #17
37,17,0.001, 0.0280272, 0.0705406, 0.0721542, 0.0787641, 0.142137, 0.163805, 0.175343, 0.178391, 0.18089, 0.22453, 0.303783, 0.319626, 0.340931, 0.345777, 0.348563, 0.392036, 0.421244, 0.467035, 0.52145, 0.534048, 0.578431, 0.60186, 0.608552, 0.643354, 0.784558, 0.966083, 0.976992, 0.987094, 1, 

20,19,0.001, 0.057493, 0.0902652, 0.117109, 0.0189234, 0.142137, 0.190288, 0.198424, 0.286869, 0.805557, 1, 

29,18,0.001, 0.0323293, 0.0541481, 0.0883517, 0.0986124, 0.188597, 0.190288, 0.198424, 0.286869, 0.306052, 0.311444, 0.346834, 0.564897, 0.576669, 0.793353, 0.647666, 0.653674, 0.707004, 0.807163, 0.975009, 1, 

Generation #18
20,19,0.001, 0.057493, 0.0902652, 0.117109, 0.0189234, 0.142137, 0.190288, 0.198424, 0.286869, 0.805557, 1, 

29,18,0.001, 0.0323293, 0.0541481, 0.0883517, 0.0986124, 0.188597, 0.190288, 0.198424, 0.286869, 0.306052, 0.311444, 0.346834, 0.564897, 0.576669, 0.793353, 0.647666, 0.653674, 0.707004, 0.807163, 0.975009, 1, 

36,17,0.001, 0.0280272, 0.0705406, 0.0721542, 0.0787641, 0.142137, 0.163805, 0.175343, 0.178391, 0.18089, 0.22453, 0.303783, 0.440328, 0.473881, 0.481523, 0.502312, 0.529125, 0.636689, 0.698968, 0.708938, 0.713953, 0.742292, 0.745795, 0.774172, 0.779762, 0.933238, 0.943903, 0.944552, 0.978677, 1, 

Generation #19
20,19,0.001, 0.057493, 0.0902652, 0.117109, 0.0189234, 0.142137, 0.190288, 0.198424, 0.286869, 0.805557, 1, 

29,18,0.001, 0.0323293, 0.0541481, 0.0883517, 0.0986124, 0.188597, 0.190288, 0.198424, 0.286869, 0.306052, 0.311444, 0.346834, 0.564897, 0.576669, 0.793353, 0.647666, 0.653674, 0.707004, 0.807163, 0.975009, 1, 

36,17,0.001, 0.0280272, 0.0705406, 0.0721542, 0.0787641, 0.142137, 0.163805, 0.175343, 0.178391, 0.18089, 0.22453, 0.303783, 0.440328, 0.473881, 0.481523, 0.502312, 0.529125, 0.636689, 0.698968, 0.708938, 0.713953, 0.742292, 0.745795, 0.774172, 0.779762, 0.933238, 0.943903, 0.944552, 0.978677, 1, 

Generation #20
20,19,0.001, 0.057493, 0.0902652, 0.117109, 0.0189234, 0.142137, 0.190288, 0.198424, 0.286869, 0.805557, 1, 

28,18,0.001, 0.0280272, 0.0705406, 0.0721542, 0.0787641, 0.188597, 0.190288, 0.198424, 0.286869, 0.295321, 0.219861, 0.255806, 0.267738, 0.304916, 0.647666, 0.653674, 0.707004, 0.807163, 0.975009, 1, 

35,17,0.001, 0.057493, 0.0902652, 0.0761327, 0.0986124, 0.103676, 0.188597, 0.190288, 0.198424, 0.296328, 0.392878, 0.420439, 0.427001, 0.431842, 0.477012, 0.543274, 0.592938, 0.658952, 0.668091, 0.701475, 0.723695, 0.727989, 0.782854, 0.806066, 0.870014, 0.985935, 1, 

Generation #21
20,19,0.001, 0.057493, 0.0902652, 0.117109, 0.0189234, 0.142137, 0.190288, 0.198424, 0.286869, 0.805557, 1, 

28,18,0.001, 0.0280272, 0.0705406, 0.0721542, 0.0787641, 0.188597, 0.190288, 0.198424, 0.286869, 0.295321, 0.219861, 0.255806, 0.267738, 0.304916, 0.647666, 0.653674, 0.707004, 0.807163, 0.975009, 1, 

35,17,0.001, 0.057493, 0.0902652, 0.0761327, 0.0986124, 0.103676, 0.188597, 0.190288, 0.198424, 0.296328, 0.392878, 0.420439, 0.427001, 0.431842, 0.477012, 0.543274, 0.592938, 0.658952, 0.668091, 0.701475, 0.723695, 0.727989, 0.782854, 0.806066, 0.870014, 0.985935, 1, 

Generation #22
20,19,0.001, 0.057493, 0.0902652, 0.117109, 0.0189234, 0.142137, 0.190288, 0.198424, 0.286869, 0.805557, 1, 

28,18,0.001, 0.0280272, 0.0705406, 0.0721542, 0.0787641, 0.188597, 0.190288, 0.198424, 0.286869, 0.295321, 0.219861, 0.255806, 0.267738, 0.304916, 0.647666, 0.653674, 0.707004, 0.807163, 0.975009, 1, 

35,17,0.001, 0.057493, 0.0902652, 0.0761327, 0.0986124, 0.103676, 0.188597, 0.190288, 0.198424, 0.296328, 0.392878, 0.420439, 0.427001, 0.431842, 0.477012, 0.543274, 0.592938, 0.658952, 0.668091, 0.701475, 0.723695, 0.727989, 0.782854, 0.806066, 0.870014, 0.985935, 1, 

Generation #23
20,19,0.001, 0.057493, 0.0902652, 0.117109, 0.0189234, 0.142137, 0.190288, 0.198424, 0.286869, 0.805557, 1, 

28,18,0.001, 0.0280272, 0.0705406, 0.0721542, 0.0787641, 0.188597, 0.190288, 0.198424, 0.286869, 0.295321, 0.219861, 0.255806, 0.267738, 0.304916, 0.647666, 0.653674, 0.707004, 0.807163, 0.975009, 1, 

35,17,0.001, 0.057493, 0.0902652, 0.0761327, 0.0986124, 0.103676, 0.188597, 0.190288, 0.198424, 0.296328, 0.392878, 0.420439, 0.427001, 0.431842, 0.477012, 0.543274, 0.592938, 0.658952, 0.668091, 0.701475, 0.723695, 0.727989, 0.782854, 0.806066, 0.870014, 0.985935, 1, 

Generation #24
20,19,0.001, 0.057493, 0.0902652, 0.117109, 0.0189234, 0.142137, 0.190288, 0.198424, 0.286869, 0.805557, 1, 

28,18,0.001, 0.0280272, 0.0705406, 0.0721542, 0.0787641, 0.188597, 0.190288, 0.198424, 0.286869, 0.295321, 0.219861, 0.255806, 0.267738, 0.304916, 0.647666, 0.653674, 0.707004, 0.807163, 0.975009, 1, 

35,17,0.001, 0.057493, 0.0902652, 0.0761327, 0.0986124, 0.103676, 0.188597, 0.190288, 0.198424, 0.296328, 0.392878, 0.420439, 0.427001, 0.431842, 0.477012, 0.543274, 0.592938, 0.658952, 0.668091, 0.701475, 0.723695, 0.727989, 0.782854, 0.806066, 0.870014, 0.985935, 1, 

Generation #25
20,19,0.001, 0.057493, 0.0902652, 0.117109, 0.0189234, 0.142137, 0.190288, 0.198424, 0.286869, 0.805557, 1, 

28,18,0.001, 0.0280272, 0.0705406, 0.0721542, 0.0787641, 0.188597, 0.190288, 0.198424, 0.286869, 0.295321, 0.219861, 0.255806, 0.267738, 0.304916, 0.647666, 0.653674, 0.707004, 0.807163, 0.975009, 1, 

35,17,0.001, 0.057493, 0.0902652, 0.0761327, 0.0986124, 0.103676, 0.188597, 0.190288, 0.198424, 0.296328, 0.392878, 0.420439, 0.427001, 0.431842, 0.477012, 0.543274, 0.592938, 0.658952, 0.668091, 0.701475, 0.723695, 0.727989, 0.782854, 0.806066, 0.870014, 0.985935, 1, 

Generation #26
20,19,0.001, 0.057493, 0.0902652, 0.117109, 0.0189234, 0.142137, 0.190288, 0.198424, 0.286869, 0.805557, 1, 

28,18,0.001, 0.0280272, 0.0705406, 0.0721542, 0.0787641, 0.188597, 0.190288, 0.198424, 0.286869, 0.295321, 0.219861, 0.255806, 0.267738, 0.304916, 0.647666, 0.653674, 0.707004, 0.807163, 0.975009, 1, 

35,17,0.001, 0.057493, 0.0902652, 0.0761327, 0.0986124, 0.103676, 0.188597, 0.190288, 0.198424, 0.296328, 0.392878, 0.420439, 0.427001, 0.431842, 0.477012, 0.543274, 0.592938, 0.658952, 0.668091, 0.701475, 0.723695, 0.727989, 0.782854, 0.806066, 0.870014, 0.985935, 1, 

Generation #27
20,19,0.001, 0.057493, 0.0902652, 0.117109, 0.0189234, 0.142137, 0.190288, 0.198424, 0.286869, 0.805557, 1, 

24,17,0.001, 0.0280272, 0.0705406, 0.0721542, 0.0787641, 0.142137, 0.163805, 0.175343, 0.178391, 0.18089, 0.489383, 0.492881, 0.602506, 0.689761, 0.770001, 1, 

Generation #28
20,19,0.001, 0.057493, 0.0902652, 0.117109, 0.0189234, 0.142137, 0.190288, 0.198424, 0.286869, 0.805557, 1, 

24,17,0.001, 0.0280272, 0.0705406, 0.0721542, 0.0787641, 0.142137, 0.163805, 0.175343, 0.178391, 0.18089, 0.489383, 0.492881, 0.602506, 0.689761, 0.770001, 1, 

Generation #29
20,19,0.001, 0.057493, 0.0902652, 0.117109, 0.0189234, 0.142137, 0.190288, 0.198424, 0.286869, 0.805557, 1, 

24,17,0.001, 0.0280272, 0.0705406, 0.0721542, 0.0787641, 0.142137, 0.163805, 0.175343, 0.178391, 0.18089, 0.489383, 0.492881, 0.602506, 0.689761, 0.770001, 1, 

Generation #30
20,19,0.001, 0.057493, 0.0902652, 0.117109, 0.0189234, 0.142137, 0.190288, 0.198424, 0.286869, 0.805557, 1, 

24,17,0.001, 0.0280272, 0.0705406, 0.0721542, 0.0787641, 0.142137, 0.163805, 0.175343, 0.178391, 0.18089, 0.489383, 0.492881, 0.602506, 0.689761, 0.770001, 1, 

Generation #31
20,19,0.001, 0.057493, 0.0902652, 0.117109, 0.0189234, 0.142137, 0.190288, 0.198424, 0.286869, 0.805557, 1, 

24,17,0.001, 0.0280272, 0.0705406, 0.0721542, 0.0787641, 0.142137, 0.163805, 0.175343, 0.178391, 0.18089, 0.489383, 0.492881, 0.602506, 0.689761, 0.770001, 1, 

Generation #32
20,19,0.001, 0.057493, 0.0902652, 0.117109, 0.0189234, 0.142137, 0.190288, 0.198424, 0.286869, 0.805557, 1, 

24,17,0.001, 0.0280272, 0.0705406, 0.0721542, 0.0787641, 0.142137, 0.163805, 0.175343, 0.178391, 0.18089, 0.489383, 0.492881, 0.602506, 0.689761, 0.770001, 1, 

Generation #33
20,19,0.001, 0.057493, 0.0902652, 0.117109, 0.0189234, 0.142137, 0.190288, 0.198424, 0.286869, 0.805557, 1, 

24,17,0.001, 0.0280272, 0.0705406, 0.0721542, 0.0787641, 0.142137, 0.163805, 0.175343, 0.178391, 0.18089, 0.489383, 0.492881, 0.602506, 0.689761, 0.770001, 1, 

Generation #34
20,19,0.001, 0.057493, 0.0902652, 0.117109, 0.0189234, 0.142137, 0.190288, 0.198424, 0.286869, 0.805557, 1, 

24,17,0.001, 0.0280272, 0.0705406, 0.0721542, 0.0787641, 0.142137, 0.163805, 0.175343, 0.178391, 0.18089, 0.489383, 0.492881, 0.602506, 0.689761, 0.770001, 1, 

Generation #35
20,19,0.001, 0.057493, 0.0902652, 0.117109, 0.0189234, 0.142137, 0.190288, 0.198424, 0.286869, 0.805557, 1, 

24,17,0.001, 0.0280272, 0.0705406, 0.0721542, 0.0787641, 0.142137, 0.163805, 0.175343, 0.178391, 0.18089, 0.489383, 0.492881, 0.602506, 0.689761, 0.770001, 1, 

Generation #36
20,19,0.001, 0.057493, 0.0902652, 0.117109, 0.0189234, 0.142137, 0.190288, 0.198424, 0.286869, 0.805557, 1, 

24,17,0.001, 0.0280272, 0.0705406, 0.0721542, 0.0787641, 0.142137, 0.163805, 0.175343, 0.178391, 0.18089, 0.489383, 0.492881, 0.602506, 0.689761, 0.770001, 1, 

Generation #37
20,19,0.001, 0.057493, 0.0902652, 0.117109, 0.0189234, 0.142137, 0.190288, 0.198424, 0.286869, 0.805557, 1, 

24,17,0.001, 0.0280272, 0.0705406, 0.0721542, 0.0787641, 0.142137, 0.163805, 0.175343, 0.178391, 0.18089, 0.489383, 0.492881, 0.602506, 0.689761, 0.770001, 1, 

Generation #38
20,19,0.001, 0.057493, 0.0902652, 0.117109, 0.0189234, 0.142137, 0.190288, 0.198424, 0.286869, 0.805557, 1, 

24,17,0.001, 0.0280272, 0.0705406, 0.0721542, 0.0787641, 0.142137, 0.163805, 0.175343, 0.178391, 0.18089, 0.489383, 0.492881, 0.602506, 0.689761, 0.770001, 1, 

Generation #39
20,19,0.001, 0.057493, 0.0902652, 0.117109, 0.0189234, 0.142137, 0.190288, 0.198424, 0.286869, 0.805557, 1, 

24,17,0.001, 0.0280272, 0.0705406, 0.0721542, 0.0787641, 0.142137, 0.163805, 0.175343, 0.178391, 0.18089, 0.489383, 0.492881, 0.602506, 0.689761, 0.770001, 1, 

Generation #40
20,19,0.001, 0.057493, 0.0902652, 0.117109, 0.0189234, 0.142137, 0.190288, 0.198424, 0.286869, 0.805557, 1, 

24,17,0.001, 0.0280272, 0.0705406, 0.0721542, 0.0787641, 0.142137, 0.163805, 0.175343, 0.178391, 0.18089, 0.489383, 0.492881, 0.602506, 0.689761, 0.770001, 1, 

Generation #41
20,19,0.001, 0.057493, 0.0902652, 0.117109, 0.0189234, 0.142137, 0.190288, 0.198424, 0.286869, 0.805557, 1, 

24,17,0.001, 0.0280272, 0.0705406, 0.0721542, 0.0787641, 0.142137, 0.163805, 0.175343, 0.178391, 0.18089, 0.489383, 0.492881, 0.602506, 0.689761, 0.770001, 1, 

Generation #42
20,19,0.001, 0.057493, 0.0902652, 0.117109, 0.0189234, 0.142137, 0.190288, 0.198424, 0.286869, 0.805557, 1, 

24,17,0.001, 0.0280272, 0.0705406, 0.0721542, 0.0787641, 0.142137, 0.163805, 0.175343, 0.178391, 0.18089, 0.489383, 0.492881, 0.602506, 0.689761, 0.770001, 1, 

Generation #43
20,19,0.001, 0.057493, 0.0902652, 0.117109, 0.0189234, 0.142137, 0.190288, 0.198424, 0.286869, 0.805557, 1, 

24,17,0.001, 0.0280272, 0.0705406, 0.0721542, 0.0787641, 0.142137, 0.163805, 0.175343, 0.178391, 0.18089, 0.489383, 0.492881, 0.602506, 0.689761, 0.770001, 1, 

Generation #44
20,19,0.001, 0.057493, 0.0902652, 0.117109, 0.0189234, 0.142137, 0.190288, 0.198424, 0.286869, 0.805557, 1, 

24,17,0.001, 0.0280272, 0.0705406, 0.0721542, 0.0787641, 0.142137, 0.163805, 0.175343, 0.178391, 0.18089, 0.489383, 0.492881, 0.602506, 0.689761, 0.770001, 1, 

Generation #45
20,19,0.001, 0.057493, 0.0902652, 0.117109, 0.0189234, 0.142137, 0.190288, 0.198424, 0.286869, 0.805557, 1, 

24,17,0.001, 0.0280272, 0.0705406, 0.0721542, 0.0787641, 0.142137, 0.163805, 0.175343, 0.178391, 0.18089, 0.489383, 0.492881, 0.602506, 0.689761, 0.770001, 1, 

Generation #46
20,19,0.001, 0.057493, 0.0902652, 0.117109, 0.0189234, 0.142137, 0.190288, 0.198424, 0.286869, 0.805557, 1, 

24,17,0.001, 0.0280272, 0.0705406, 0.0721542, 0.0787641, 0.142137, 0.163805, 0.175343, 0.178391, 0.18089, 0.489383, 0.492881, 0.602506, 0.689761, 0.770001, 1, 

Generation #47
20,19,0.001, 0.057493, 0.0902652, 0.117109, 0.0189234, 0.142137, 0.190288, 0.198424, 0.286869, 0.805557, 1, 

24,17,0.001, 0.0280272, 0.0705406, 0.0721542, 0.0787641, 0.142137, 0.163805, 0.175343, 0.178391, 0.18089, 0.489383, 0.492881, 0.602506, 0.689761, 0.770001, 1, 

Generation #48
20,19,0.001, 0.057493, 0.0902652, 0.117109, 0.0189234, 0.142137, 0.190288, 0.198424, 0.286869, 0.805557, 1, 

24,17,0.001, 0.0280272, 0.0705406, 0.0721542, 0.0787641, 0.142137, 0.163805, 0.175343, 0.178391, 0.18089, 0.489383, 0.492881, 0.602506, 0.689761, 0.770001, 1, 

Generation #49
20,19,0.001, 0.057493, 0.0902652, 0.117109, 0.0189234, 0.142137, 0.190288, 0.198424, 0.286869, 0.805557, 1, 

24,17,0.001, 0.0280272, 0.0705406, 0.0721542, 0.0787641, 0.142137, 0.163805, 0.175343, 0.178391, 0.18089, 0.489383, 0.492881, 0.602506, 0.689761, 0.770001, 1, 

--- Pareto Front Solutions ---
Solution 0: N total=120 (N_initial=100, N_added=20), Time total=25 ms, Saved to: ./results/Flex_t2_l4_pareto_0.csv, percents=0.001, 0.057493, 0.0902652, 0.117109, 0.0189234, 0.142137, 0.190288, 0.198424, 0.286869, 0.805557, 1, 

Solution 1: N total=124 (N_initial=100, N_added=24), Time total=23 ms, Saved to: ./results/Flex_t2_l4_pareto_1.csv, percents=0.001, 0.0280272, 0.0705406, 0.0721542, 0.0787641, 0.142137, 0.163805, 0.175343, 0.178391, 0.18089, 0.489383, 0.492881, 0.602506, 0.689761, 0.770001, 1, 

