------------d=1, t=2, lambda=1, filename=./evaluation/Flex/Flex_2_1.csv------------
Grouping d-sets by partitioned row counts for detecting arrays...
Ready to look at pairs for detecting arrays...
First Stage N=26, Time=4
There are 5036 remaining non-locating pairs
--- Running GA Algorithm (phase2) ---
Running GA with std::execution::par
Generation #0
40,645,0.001, 0.0571598, 0.344386, 0.423148, 0.423571, 0.542285, 0.597495, 0.631528, 0.655526, 0.842261, 0.906301, 0.930431, 0.992145, 1, 

41,402,0.001, 0.0141455, 0.0218816, 0.0456565, 0.126535, 0.171676, 0.223503, 0.360442, 0.365705, 0.45636, 0.479251, 0.508095, 0.573131, 0.69156, 0.698453, 0.828251, 0.841254, 0.951562, 1, 

36,1115,0.001, 0.114574, 0.207754, 0.488192, 0.608378, 0.656133, 0.80047, 0.927298, 0.950905, 0.999048, 1, 

Generation #1
41,341,0.001, 0.0485364, 0.0638381, 0.103473, 0.112512, 0.157387, 0.207509, 0.233497, 0.34024, 0.425078, 0.623749, 0.642961, 0.77327, 0.821051, 0.86027, 0.97724, 1, 

42,320,0.001, 0.017851, 0.0501659, 0.0513067, 0.110065, 0.137015, 0.159559, 0.187127, 0.248876, 0.279032, 0.421249, 0.482314, 0.608711, 0.629831, 0.966634, 1, 

40,381,0.001, 0.0370946, 0.0407183, 0.081086, 0.140626, 0.209852, 0.597495, 0.225844, 0.655526, 0.842261, 0.906301, 0.930431, 0.992145, 1, 

53,269,0.001, 0.00563984, 0.0472926, 0.0698625, 0.0751163, 0.209852, 0.273465, 0.273585, 0.353292, 0.369654, 0.382673, 0.445377, 0.560908, 0.596095, 0.596417, 0.640819, 0.656873, 0.664519, 0.701615, 0.738495, 0.747655, 0.78442, 0.791605, 0.905578, 0.938861, 0.941806, 0.973056, 1, 

39,432,0.001, 0.0627039, 0.091034, 0.121068, 0.12165, 0.147776, 0.150989, 0.317855, 0.351432, 0.357338, 0.764687, 0.803333, 0.833078, 0.955158, 1, 

34,450,0.001, 0.0627039, 0.091034, 0.121068, 0.12165, 0.147776, 0.150989, 0.317855, 0.351432, 0.357338, 1, 

47,277,0.001, 0.0219461, 0.0261442, 0.0262016, 0.0663368, 0.100799, 0.164494, 0.217953, 0.230267, 0.239707, 0.475426, 0.477239, 0.511489, 0.606937, 0.610299, 0.685118, 0.749872, 0.761045, 0.79815, 0.843834, 0.85952, 0.956795, 1, 

Generation #2
34,450,0.001, 0.0627039, 0.091034, 0.121068, 0.12165, 0.147776, 0.150989, 0.317855, 0.351432, 0.357338, 1, 

44,235,0.001, 0.0141455, 0.0218816, 0.0456565, 0.126535, 0.171676, 0.223503, 0.360442, 0.440664, 0.503057, 0.558331, 0.599636, 0.622639, 0.828216, 0.865924, 0.931853, 0.992179, 1, 

38,281,0.001, 0.00563984, 0.0472926, 0.0698625, 0.0751163, 0.198198, 0.226628, 0.274555, 0.301448, 0.330416, 0.408317, 0.413537, 0.600954, 0.489022, 0.673547, 0.693171, 0.748014, 0.773028, 1, 

37,439,0.001, 0.0485364, 0.0638381, 0.112512, 0.157387, 0.207509, 0.233497, 0.556769, 0.629394, 0.724175, 0.7556, 0.884137, 1, 

41,278,0.001, 0.0141455, 0.0218816, 0.0456565, 0.126535, 0.171676, 0.477284, 0.477442, 0.724748, 0.810831, 0.849767, 0.870316, 0.901945, 1, 

Generation #3
34,450,0.001, 0.0627039, 0.091034, 0.121068, 0.12165, 0.147776, 0.150989, 0.317855, 0.351432, 0.357338, 1, 

44,235,0.001, 0.0141455, 0.0218816, 0.0456565, 0.126535, 0.171676, 0.223503, 0.360442, 0.440664, 0.503057, 0.558331, 0.599636, 0.622639, 0.828216, 0.865924, 0.931853, 0.992179, 1, 

38,281,0.001, 0.00563984, 0.0472926, 0.0698625, 0.0751163, 0.198198, 0.226628, 0.274555, 0.301448, 0.330416, 0.408317, 0.413537, 0.600954, 0.489022, 0.673547, 0.693171, 0.748014, 0.773028, 1, 

41,278,0.001, 0.0141455, 0.0218816, 0.0456565, 0.126535, 0.171676, 0.477284, 0.477442, 0.724748, 0.810831, 0.849767, 0.870316, 0.901945, 1, 

40,279,0.001, 0.0141455, 0.0218816, 0.0456565, 0.126535, 0.171676, 0.223503, 0.360442, 0.440664, 0.357338, 0.764687, 0.803333, 0.833078, 0.955158, 1, 

36,363,0.001, 0.0370946, 0.0407183, 0.081086, 0.140626, 0.209852, 0.273465, 0.471627, 0.913058, 0.939807, 1, 

Generation #4
34,450,0.001, 0.0627039, 0.091034, 0.121068, 0.12165, 0.147776, 0.150989, 0.317855, 0.351432, 0.357338, 1, 

44,235,0.001, 0.0141455, 0.0218816, 0.0456565, 0.126535, 0.171676, 0.223503, 0.360442, 0.440664, 0.503057, 0.558331, 0.599636, 0.622639, 0.828216, 0.865924, 0.931853, 0.992179, 1, 

38,247,0.001, 0.0141455, 0.0218816, 0.081086, 0.140626, 0.209852, 0.273465, 0.471627, 0.913058, 0.939807, 1, 

36,326,0.001, 0.0141455, 0.0218816, 0.0456565, 0.126535, 0.171676, 0.749721, 0.223503, 0.360442, 0.440664, 1, 

46,215,0.001, 0.0141455, 0.0218816, 0.0456565, 0.126535, 0.171676, 0.223503, 0.360442, 0.440664, 0.357338, 0.764687, 0.803333, 0.573131, 0.69156, 0.698453, 0.828251, 0.841254, 0.951562, 1, 

Generation #5
34,450,0.001, 0.0627039, 0.091034, 0.121068, 0.12165, 0.147776, 0.150989, 0.317855, 0.351432, 0.357338, 1, 

44,235,0.001, 0.0141455, 0.0218816, 0.0456565, 0.126535, 0.171676, 0.223503, 0.360442, 0.440664, 0.503057, 0.558331, 0.599636, 0.622639, 0.828216, 0.865924, 0.931853, 0.992179, 1, 

38,247,0.001, 0.0141455, 0.0218816, 0.081086, 0.140626, 0.209852, 0.273465, 0.471627, 0.913058, 0.939807, 1, 

46,215,0.001, 0.0141455, 0.0218816, 0.0456565, 0.126535, 0.171676, 0.223503, 0.360442, 0.440664, 0.357338, 0.764687, 0.803333, 0.573131, 0.69156, 0.698453, 0.828251, 0.841254, 0.951562, 1, 

36,311,0.001, 0.0370946, 0.0407183, 0.081086, 0.140626, 0.209852, 0.273465, 0.556769, 0.629394, 0.724175, 0.7556, 0.884137, 1, 

35,325,0.001, 0.00563984, 0.0472926, 0.0698625, 0.126535, 0.171676, 0.223503, 0.360442, 0.440664, 0.34093, 1, 

Generation #6
34,450,0.001, 0.0627039, 0.091034, 0.121068, 0.12165, 0.147776, 0.150989, 0.317855, 0.351432, 0.357338, 1, 

44,235,0.001, 0.0141455, 0.0218816, 0.0456565, 0.126535, 0.171676, 0.223503, 0.360442, 0.440664, 0.503057, 0.558331, 0.599636, 0.622639, 0.828216, 0.865924, 0.931853, 0.992179, 1, 

46,215,0.001, 0.0141455, 0.0218816, 0.0456565, 0.126535, 0.171676, 0.223503, 0.360442, 0.440664, 0.357338, 0.764687, 0.803333, 0.573131, 0.69156, 0.698453, 0.828251, 0.841254, 0.951562, 1, 

35,307,0.001, 0.0141455, 0.0218816, 0.0456565, 0.129683, 0.148351, 0.15305, 0.471627, 0.913058, 0.939807, 1, 

36,253,0.001, 0.0141455, 0.0218816, 0.0456565, 0.126535, 0.171676, 0.223503, 0.360442, 0.440664, 0.939807, 1, 

38,237,0.001, 0.0141455, 0.0218816, 0.0456565, 0.126535, 0.207509, 0.233497, 0.556769, 0.629394, 0.724175, 0.7556, 0.884137, 1, 

Generation #7
46,215,0.001, 0.0141455, 0.0218816, 0.0456565, 0.126535, 0.171676, 0.223503, 0.360442, 0.440664, 0.357338, 0.764687, 0.803333, 0.573131, 0.69156, 0.698453, 0.828251, 0.841254, 0.951562, 1, 

35,230,0.001, 0.0141455, 0.0218816, 0.0456565, 0.126535, 0.171676, 0.223503, 0.360442, 0.913058, 0.357338, 1, 

34,333,0.001, 0.00563984, 0.0472926, 0.0698625, 0.218961, 0.267408, 0.288251, 0.360597, 0.999048, 1, 

Generation #8
46,215,0.001, 0.0141455, 0.0218816, 0.0456565, 0.126535, 0.171676, 0.223503, 0.360442, 0.440664, 0.357338, 0.764687, 0.803333, 0.573131, 0.69156, 0.698453, 0.828251, 0.841254, 0.951562, 1, 

35,230,0.001, 0.0141455, 0.0218816, 0.0456565, 0.126535, 0.171676, 0.223503, 0.360442, 0.913058, 0.357338, 1, 

34,257,0.001, 0.0141455, 0.0218816, 0.0456565, 0.126535, 0.171676, 0.223503, 0.360442, 0.440664, 0.00301869, 1, 

37,225,0.001, 0.0141455, 0.0218816, 0.0456565, 0.126535, 0.171676, 0.223503, 0.360442, 0.440664, 0.939807, 1, 

Generation #9
46,215,0.001, 0.0141455, 0.0218816, 0.0456565, 0.126535, 0.171676, 0.223503, 0.360442, 0.440664, 0.357338, 0.764687, 0.803333, 0.573131, 0.69156, 0.698453, 0.828251, 0.841254, 0.951562, 1, 

35,230,0.001, 0.0141455, 0.0218816, 0.0456565, 0.126535, 0.171676, 0.223503, 0.360442, 0.913058, 0.357338, 1, 

34,257,0.001, 0.0141455, 0.0218816, 0.0456565, 0.126535, 0.171676, 0.223503, 0.360442, 0.440664, 0.00301869, 1, 

37,225,0.001, 0.0141455, 0.0218816, 0.0456565, 0.126535, 0.171676, 0.223503, 0.360442, 0.440664, 0.939807, 1, 

33,326,0.001, 0.0141455, 0.0218816, 0.0456565, 0.126535, 0.171676, 0.223503, 0.360442, 0.440664, 1, 

Generation #10
35,230,0.001, 0.0141455, 0.0218816, 0.0456565, 0.126535, 0.171676, 0.223503, 0.360442, 0.913058, 0.357338, 1, 

34,257,0.001, 0.0141455, 0.0218816, 0.0456565, 0.126535, 0.171676, 0.223503, 0.360442, 0.440664, 0.00301869, 1, 

37,225,0.001, 0.0141455, 0.0218816, 0.0456565, 0.126535, 0.171676, 0.223503, 0.360442, 0.440664, 0.939807, 1, 

33,326,0.001, 0.0141455, 0.0218816, 0.0456565, 0.126535, 0.171676, 0.223503, 0.360442, 0.440664, 1, 

38,196,0.001, 0.0141455, 0.0218816, 0.0424503, 0.126535, 0.171676, 0.223503, 0.360442, 0.440664, 0.188525, 1, 

44,181,0.001, 0.0141455, 0.0218816, 0.0456565, 0.126535, 0.148351, 0.15305, 0.161136, 0.234665, 0.556769, 0.629394, 0.724175, 0.7556, 0.828216, 0.865924, 0.931853, 0.992179, 1, 

Generation #11
35,230,0.001, 0.0141455, 0.0218816, 0.0456565, 0.126535, 0.171676, 0.223503, 0.360442, 0.913058, 0.357338, 1, 

34,257,0.001, 0.0141455, 0.0218816, 0.0456565, 0.126535, 0.171676, 0.223503, 0.360442, 0.440664, 0.00301869, 1, 

37,225,0.001, 0.0141455, 0.0218816, 0.0456565, 0.126535, 0.171676, 0.223503, 0.360442, 0.440664, 0.939807, 1, 

33,326,0.001, 0.0141455, 0.0218816, 0.0456565, 0.126535, 0.171676, 0.223503, 0.360442, 0.440664, 1, 

38,196,0.001, 0.0141455, 0.0218816, 0.0424503, 0.126535, 0.171676, 0.223503, 0.360442, 0.440664, 0.188525, 1, 

44,181,0.001, 0.0141455, 0.0218816, 0.0456565, 0.126535, 0.148351, 0.15305, 0.161136, 0.234665, 0.556769, 0.629394, 0.724175, 0.7556, 0.828216, 0.865924, 0.931853, 0.992179, 1, 

Generation #12
35,230,0.001, 0.0141455, 0.0218816, 0.0456565, 0.126535, 0.171676, 0.223503, 0.360442, 0.913058, 0.357338, 1, 

34,257,0.001, 0.0141455, 0.0218816, 0.0456565, 0.126535, 0.171676, 0.223503, 0.360442, 0.440664, 0.00301869, 1, 

37,225,0.001, 0.0141455, 0.0218816, 0.0456565, 0.126535, 0.171676, 0.223503, 0.360442, 0.440664, 0.939807, 1, 

33,326,0.001, 0.0141455, 0.0218816, 0.0456565, 0.126535, 0.171676, 0.223503, 0.360442, 0.440664, 1, 

38,196,0.001, 0.0141455, 0.0218816, 0.0424503, 0.126535, 0.171676, 0.223503, 0.360442, 0.440664, 0.188525, 1, 

44,181,0.001, 0.0141455, 0.0218816, 0.0456565, 0.126535, 0.148351, 0.15305, 0.161136, 0.234665, 0.556769, 0.629394, 0.724175, 0.7556, 0.828216, 0.865924, 0.931853, 0.992179, 1, 

Generation #13
38,196,0.001, 0.0141455, 0.0218816, 0.0424503, 0.126535, 0.171676, 0.223503, 0.360442, 0.440664, 0.188525, 1, 

44,181,0.001, 0.0141455, 0.0218816, 0.0456565, 0.126535, 0.148351, 0.15305, 0.161136, 0.234665, 0.556769, 0.629394, 0.724175, 0.7556, 0.828216, 0.865924, 0.931853, 0.992179, 1, 

33,217,0.001, 0.0141455, 0.0218816, 0.0456565, 0.126535, 0.171676, 0.164494, 0.217953, 0.848033, 0.357338, 1, 

Generation #14
38,196,0.001, 0.0141455, 0.0218816, 0.0424503, 0.126535, 0.171676, 0.223503, 0.360442, 0.440664, 0.188525, 1, 

44,181,0.001, 0.0141455, 0.0218816, 0.0456565, 0.126535, 0.148351, 0.15305, 0.161136, 0.234665, 0.556769, 0.629394, 0.724175, 0.7556, 0.828216, 0.865924, 0.931853, 0.992179, 1, 

33,217,0.001, 0.0141455, 0.0218816, 0.0456565, 0.126535, 0.171676, 0.164494, 0.217953, 0.848033, 0.357338, 1, 

Generation #15
38,196,0.001, 0.0141455, 0.0218816, 0.0424503, 0.126535, 0.171676, 0.223503, 0.360442, 0.440664, 0.188525, 1, 

44,181,0.001, 0.0141455, 0.0218816, 0.0456565, 0.126535, 0.148351, 0.15305, 0.161136, 0.234665, 0.556769, 0.629394, 0.724175, 0.7556, 0.828216, 0.865924, 0.931853, 0.992179, 1, 

33,217,0.001, 0.0141455, 0.0218816, 0.0456565, 0.126535, 0.171676, 0.164494, 0.217953, 0.848033, 0.357338, 1, 

Generation #16
33,217,0.001, 0.0141455, 0.0218816, 0.0456565, 0.126535, 0.171676, 0.164494, 0.217953, 0.848033, 0.357338, 1, 

35,207,0.001, 0.0141455, 0.0261442, 0.0262016, 0.0663368, 0.100799, 0.15305, 0.161136, 0.230267, 1, 

36,180,0.001, 0.0141455, 0.0218816, 0.0456565, 0.126535, 0.223503, 0.360442, 0.629394, 0.724175, 0.7556, 0.884137, 1, 

Generation #17
33,217,0.001, 0.0141455, 0.0218816, 0.0456565, 0.126535, 0.171676, 0.164494, 0.217953, 0.848033, 0.357338, 1, 

35,207,0.001, 0.0141455, 0.0261442, 0.0262016, 0.0663368, 0.100799, 0.15305, 0.161136, 0.230267, 1, 

36,180,0.001, 0.0141455, 0.0218816, 0.0456565, 0.126535, 0.223503, 0.360442, 0.629394, 0.724175, 0.7556, 0.884137, 1, 

32,359,0.001, 0.0218816, 0.0424503, 0.126535, 0.171676, 0.15305, 0.351432, 1, 

Generation #18
33,217,0.001, 0.0141455, 0.0218816, 0.0456565, 0.126535, 0.171676, 0.164494, 0.217953, 0.848033, 0.357338, 1, 

36,180,0.001, 0.0141455, 0.0218816, 0.0456565, 0.126535, 0.223503, 0.360442, 0.629394, 0.724175, 0.7556, 0.884137, 1, 

35,189,0.001, 0.0141455, 0.0261442, 0.0262016, 0.0663368, 0.198198, 0.226628, 0.274555, 0.440664, 0.939807, 1, 

32,249,0.001, 0.0141455, 0.0218816, 0.0456565, 0.126535, 0.100799, 0.15305, 0.161136, 0.230267, 1, 

Generation #19
33,217,0.001, 0.0141455, 0.0218816, 0.0456565, 0.126535, 0.171676, 0.164494, 0.217953, 0.848033, 0.357338, 1, 

36,180,0.001, 0.0141455, 0.0218816, 0.0456565, 0.126535, 0.223503, 0.360442, 0.629394, 0.724175, 0.7556, 0.884137, 1, 

35,189,0.001, 0.0141455, 0.0261442, 0.0262016, 0.0663368, 0.198198, 0.226628, 0.274555, 0.440664, 0.939807, 1, 

32,249,0.001, 0.0141455, 0.0218816, 0.0456565, 0.126535, 0.100799, 0.15305, 0.161136, 0.230267, 1, 

Generation #20
33,217,0.001, 0.0141455, 0.0218816, 0.0456565, 0.126535, 0.171676, 0.164494, 0.217953, 0.848033, 0.357338, 1, 

36,180,0.001, 0.0141455, 0.0218816, 0.0456565, 0.126535, 0.223503, 0.360442, 0.629394, 0.724175, 0.7556, 0.884137, 1, 

35,189,0.001, 0.0141455, 0.0261442, 0.0262016, 0.0663368, 0.198198, 0.226628, 0.274555, 0.440664, 0.939807, 1, 

32,249,0.001, 0.0141455, 0.0218816, 0.0456565, 0.126535, 0.100799, 0.15305, 0.161136, 0.230267, 1, 

Generation #21
33,217,0.001, 0.0141455, 0.0218816, 0.0456565, 0.126535, 0.171676, 0.164494, 0.217953, 0.848033, 0.357338, 1, 

36,180,0.001, 0.0141455, 0.0218816, 0.0456565, 0.126535, 0.223503, 0.360442, 0.629394, 0.724175, 0.7556, 0.884137, 1, 

35,189,0.001, 0.0141455, 0.0261442, 0.0262016, 0.0663368, 0.198198, 0.226628, 0.274555, 0.440664, 0.939807, 1, 

32,249,0.001, 0.0141455, 0.0218816, 0.0456565, 0.126535, 0.100799, 0.15305, 0.161136, 0.230267, 1, 

Generation #22
33,217,0.001, 0.0141455, 0.0218816, 0.0456565, 0.126535, 0.171676, 0.164494, 0.217953, 0.848033, 0.357338, 1, 

36,180,0.001, 0.0141455, 0.0218816, 0.0456565, 0.126535, 0.223503, 0.360442, 0.629394, 0.724175, 0.7556, 0.884137, 1, 

35,189,0.001, 0.0141455, 0.0261442, 0.0262016, 0.0663368, 0.198198, 0.226628, 0.274555, 0.440664, 0.939807, 1, 

32,249,0.001, 0.0141455, 0.0218816, 0.0456565, 0.126535, 0.100799, 0.15305, 0.161136, 0.230267, 1, 

Generation #23
33,217,0.001, 0.0141455, 0.0218816, 0.0456565, 0.126535, 0.171676, 0.164494, 0.217953, 0.848033, 0.357338, 1, 

36,180,0.001, 0.0141455, 0.0218816, 0.0456565, 0.126535, 0.223503, 0.360442, 0.629394, 0.724175, 0.7556, 0.884137, 1, 

35,189,0.001, 0.0141455, 0.0261442, 0.0262016, 0.0663368, 0.198198, 0.226628, 0.274555, 0.440664, 0.939807, 1, 

32,249,0.001, 0.0141455, 0.0218816, 0.0456565, 0.126535, 0.100799, 0.15305, 0.161136, 0.230267, 1, 

Generation #24
33,217,0.001, 0.0141455, 0.0218816, 0.0456565, 0.126535, 0.171676, 0.164494, 0.217953, 0.848033, 0.357338, 1, 

36,180,0.001, 0.0141455, 0.0218816, 0.0456565, 0.126535, 0.223503, 0.360442, 0.629394, 0.724175, 0.7556, 0.884137, 1, 

35,189,0.001, 0.0141455, 0.0261442, 0.0262016, 0.0663368, 0.198198, 0.226628, 0.274555, 0.440664, 0.939807, 1, 

32,249,0.001, 0.0141455, 0.0218816, 0.0456565, 0.126535, 0.100799, 0.15305, 0.161136, 0.230267, 1, 

34,215,0.001, 0.0141455, 0.0218816, 0.0513067, 0.110065, 0.137015, 0.159559, 0.317855, 0.357338, 1, 

Generation #25
33,217,0.001, 0.0141455, 0.0218816, 0.0456565, 0.126535, 0.171676, 0.164494, 0.217953, 0.848033, 0.357338, 1, 

36,180,0.001, 0.0141455, 0.0218816, 0.0456565, 0.126535, 0.223503, 0.360442, 0.629394, 0.724175, 0.7556, 0.884137, 1, 

35,189,0.001, 0.0141455, 0.0261442, 0.0262016, 0.0663368, 0.198198, 0.226628, 0.274555, 0.440664, 0.939807, 1, 

32,249,0.001, 0.0141455, 0.0218816, 0.0456565, 0.126535, 0.100799, 0.15305, 0.161136, 0.230267, 1, 

34,215,0.001, 0.0141455, 0.0218816, 0.0513067, 0.110065, 0.137015, 0.159559, 0.317855, 0.357338, 1, 

Generation #26
33,217,0.001, 0.0141455, 0.0218816, 0.0456565, 0.126535, 0.171676, 0.164494, 0.217953, 0.848033, 0.357338, 1, 

36,180,0.001, 0.0141455, 0.0218816, 0.0456565, 0.126535, 0.223503, 0.360442, 0.629394, 0.724175, 0.7556, 0.884137, 1, 

35,189,0.001, 0.0141455, 0.0261442, 0.0262016, 0.0663368, 0.198198, 0.226628, 0.274555, 0.440664, 0.939807, 1, 

32,249,0.001, 0.0141455, 0.0218816, 0.0456565, 0.126535, 0.100799, 0.15305, 0.161136, 0.230267, 1, 

34,192,0.001, 0.0141455, 0.0218816, 0.0262016, 0.0663368, 0.171676, 0.164494, 0.217953, 0.230267, 0.357338, 1, 

Generation #27
33,217,0.001, 0.0141455, 0.0218816, 0.0456565, 0.126535, 0.171676, 0.164494, 0.217953, 0.848033, 0.357338, 1, 

36,180,0.001, 0.0141455, 0.0218816, 0.0456565, 0.126535, 0.223503, 0.360442, 0.629394, 0.724175, 0.7556, 0.884137, 1, 

35,189,0.001, 0.0141455, 0.0261442, 0.0262016, 0.0663368, 0.198198, 0.226628, 0.274555, 0.440664, 0.939807, 1, 

32,249,0.001, 0.0141455, 0.0218816, 0.0456565, 0.126535, 0.100799, 0.15305, 0.161136, 0.230267, 1, 

34,192,0.001, 0.0141455, 0.0218816, 0.0262016, 0.0663368, 0.171676, 0.164494, 0.217953, 0.230267, 0.357338, 1, 

Generation #28
33,217,0.001, 0.0141455, 0.0218816, 0.0456565, 0.126535, 0.171676, 0.164494, 0.217953, 0.848033, 0.357338, 1, 

36,180,0.001, 0.0141455, 0.0218816, 0.0456565, 0.126535, 0.223503, 0.360442, 0.629394, 0.724175, 0.7556, 0.884137, 1, 

35,189,0.001, 0.0141455, 0.0261442, 0.0262016, 0.0663368, 0.198198, 0.226628, 0.274555, 0.440664, 0.939807, 1, 

32,249,0.001, 0.0141455, 0.0218816, 0.0456565, 0.126535, 0.100799, 0.15305, 0.161136, 0.230267, 1, 

34,192,0.001, 0.0141455, 0.0218816, 0.0262016, 0.0663368, 0.171676, 0.164494, 0.217953, 0.230267, 0.357338, 1, 

Generation #29
33,217,0.001, 0.0141455, 0.0218816, 0.0456565, 0.126535, 0.171676, 0.164494, 0.217953, 0.848033, 0.357338, 1, 

36,180,0.001, 0.0141455, 0.0218816, 0.0456565, 0.126535, 0.223503, 0.360442, 0.629394, 0.724175, 0.7556, 0.884137, 1, 

35,189,0.001, 0.0141455, 0.0261442, 0.0262016, 0.0663368, 0.198198, 0.226628, 0.274555, 0.440664, 0.939807, 1, 

34,192,0.001, 0.0141455, 0.0218816, 0.0262016, 0.0663368, 0.171676, 0.164494, 0.217953, 0.230267, 0.357338, 1, 

32,248,0.001, 0.0141455, 0.0218816, 0.0262016, 0.0663368, 0.0412106, 0.14546, 0.0562371, 0.211271, 1, 

Generation #30
33,217,0.001, 0.0141455, 0.0218816, 0.0456565, 0.126535, 0.171676, 0.164494, 0.217953, 0.848033, 0.357338, 1, 

36,180,0.001, 0.0141455, 0.0218816, 0.0456565, 0.126535, 0.223503, 0.360442, 0.629394, 0.724175, 0.7556, 0.884137, 1, 

35,189,0.001, 0.0141455, 0.0261442, 0.0262016, 0.0663368, 0.198198, 0.226628, 0.274555, 0.440664, 0.939807, 1, 

34,192,0.001, 0.0141455, 0.0218816, 0.0262016, 0.0663368, 0.171676, 0.164494, 0.217953, 0.230267, 0.357338, 1, 

32,248,0.001, 0.0141455, 0.0218816, 0.0262016, 0.0663368, 0.0412106, 0.14546, 0.0562371, 0.211271, 1, 

Generation #31
33,217,0.001, 0.0141455, 0.0218816, 0.0456565, 0.126535, 0.171676, 0.164494, 0.217953, 0.848033, 0.357338, 1, 

36,180,0.001, 0.0141455, 0.0218816, 0.0456565, 0.126535, 0.223503, 0.360442, 0.629394, 0.724175, 0.7556, 0.884137, 1, 

35,189,0.001, 0.0141455, 0.0261442, 0.0262016, 0.0663368, 0.198198, 0.226628, 0.274555, 0.440664, 0.939807, 1, 

34,192,0.001, 0.0141455, 0.0218816, 0.0262016, 0.0663368, 0.171676, 0.164494, 0.217953, 0.230267, 0.357338, 1, 

32,248,0.001, 0.0141455, 0.0218816, 0.0262016, 0.0663368, 0.0412106, 0.14546, 0.0562371, 0.211271, 1, 

31,343,0.001, 0.0141455, 0.0218816, 0.0262016, 0.0663368, 0.15305, 0.351432, 1, 

Generation #32
33,217,0.001, 0.0141455, 0.0218816, 0.0456565, 0.126535, 0.171676, 0.164494, 0.217953, 0.848033, 0.357338, 1, 

36,180,0.001, 0.0141455, 0.0218816, 0.0456565, 0.126535, 0.223503, 0.360442, 0.629394, 0.724175, 0.7556, 0.884137, 1, 

35,189,0.001, 0.0141455, 0.0261442, 0.0262016, 0.0663368, 0.198198, 0.226628, 0.274555, 0.440664, 0.939807, 1, 

34,192,0.001, 0.0141455, 0.0218816, 0.0262016, 0.0663368, 0.171676, 0.164494, 0.217953, 0.230267, 0.357338, 1, 

32,248,0.001, 0.0141455, 0.0218816, 0.0262016, 0.0663368, 0.0412106, 0.14546, 0.0562371, 0.211271, 1, 

31,343,0.001, 0.0141455, 0.0218816, 0.0262016, 0.0663368, 0.15305, 0.351432, 1, 

Generation #33
33,217,0.001, 0.0141455, 0.0218816, 0.0456565, 0.126535, 0.171676, 0.164494, 0.217953, 0.848033, 0.357338, 1, 

36,180,0.001, 0.0141455, 0.0218816, 0.0456565, 0.126535, 0.223503, 0.360442, 0.629394, 0.724175, 0.7556, 0.884137, 1, 

35,189,0.001, 0.0141455, 0.0261442, 0.0262016, 0.0663368, 0.198198, 0.226628, 0.274555, 0.440664, 0.939807, 1, 

34,192,0.001, 0.0141455, 0.0218816, 0.0262016, 0.0663368, 0.171676, 0.164494, 0.217953, 0.230267, 0.357338, 1, 

32,248,0.001, 0.0141455, 0.0218816, 0.0262016, 0.0663368, 0.0412106, 0.14546, 0.0562371, 0.211271, 1, 

31,343,0.001, 0.0141455, 0.0218816, 0.0262016, 0.0663368, 0.15305, 0.351432, 1, 

Generation #34
33,217,0.001, 0.0141455, 0.0218816, 0.0456565, 0.126535, 0.171676, 0.164494, 0.217953, 0.848033, 0.357338, 1, 

36,180,0.001, 0.0141455, 0.0218816, 0.0456565, 0.126535, 0.223503, 0.360442, 0.629394, 0.724175, 0.7556, 0.884137, 1, 

35,189,0.001, 0.0141455, 0.0261442, 0.0262016, 0.0663368, 0.198198, 0.226628, 0.274555, 0.440664, 0.939807, 1, 

34,192,0.001, 0.0141455, 0.0218816, 0.0262016, 0.0663368, 0.171676, 0.164494, 0.217953, 0.230267, 0.357338, 1, 

32,248,0.001, 0.0141455, 0.0218816, 0.0262016, 0.0663368, 0.0412106, 0.14546, 0.0562371, 0.211271, 1, 

31,343,0.001, 0.0141455, 0.0218816, 0.0262016, 0.0663368, 0.15305, 0.351432, 1, 

45,178,0.001, 0.0141455, 0.0218816, 0.0262016, 0.0663368, 0.0412106, 0.14546, 0.161136, 0.234665, 0.262227, 0.262612, 0.288228, 0.29071, 0.387741, 0.215795, 0.0671571, 0.749872, 0.761045, 0.79815, 0.843834, 0.85952, 0.956795, 1, 

Generation #35
33,217,0.001, 0.0141455, 0.0218816, 0.0456565, 0.126535, 0.171676, 0.164494, 0.217953, 0.848033, 0.357338, 1, 

36,180,0.001, 0.0141455, 0.0218816, 0.0456565, 0.126535, 0.223503, 0.360442, 0.629394, 0.724175, 0.7556, 0.884137, 1, 

35,189,0.001, 0.0141455, 0.0261442, 0.0262016, 0.0663368, 0.198198, 0.226628, 0.274555, 0.440664, 0.939807, 1, 

34,192,0.001, 0.0141455, 0.0218816, 0.0262016, 0.0663368, 0.171676, 0.164494, 0.217953, 0.230267, 0.357338, 1, 

45,178,0.001, 0.0141455, 0.0218816, 0.0262016, 0.0663368, 0.0412106, 0.14546, 0.161136, 0.234665, 0.262227, 0.262612, 0.288228, 0.29071, 0.387741, 0.215795, 0.0671571, 0.749872, 0.761045, 0.79815, 0.843834, 0.85952, 0.956795, 1, 

31,231,0.001, 0.0141455, 0.0261442, 0.0262016, 0.0663368, 0.100799, 0.15305, 0.230267, 1, 

Generation #36
33,217,0.001, 0.0141455, 0.0218816, 0.0456565, 0.126535, 0.171676, 0.164494, 0.217953, 0.848033, 0.357338, 1, 

36,180,0.001, 0.0141455, 0.0218816, 0.0456565, 0.126535, 0.223503, 0.360442, 0.629394, 0.724175, 0.7556, 0.884137, 1, 

35,189,0.001, 0.0141455, 0.0261442, 0.0262016, 0.0663368, 0.198198, 0.226628, 0.274555, 0.440664, 0.939807, 1, 

34,192,0.001, 0.0141455, 0.0218816, 0.0262016, 0.0663368, 0.171676, 0.164494, 0.217953, 0.230267, 0.357338, 1, 

45,178,0.001, 0.0141455, 0.0218816, 0.0262016, 0.0663368, 0.0412106, 0.14546, 0.161136, 0.234665, 0.262227, 0.262612, 0.288228, 0.29071, 0.387741, 0.215795, 0.0671571, 0.749872, 0.761045, 0.79815, 0.843834, 0.85952, 0.956795, 1, 

31,231,0.001, 0.0141455, 0.0261442, 0.0262016, 0.0663368, 0.100799, 0.15305, 0.230267, 1, 

Generation #37
36,180,0.001, 0.0141455, 0.0218816, 0.0456565, 0.126535, 0.223503, 0.360442, 0.629394, 0.724175, 0.7556, 0.884137, 1, 

35,189,0.001, 0.0141455, 0.0261442, 0.0262016, 0.0663368, 0.198198, 0.226628, 0.274555, 0.440664, 0.939807, 1, 

34,192,0.001, 0.0141455, 0.0218816, 0.0262016, 0.0663368, 0.171676, 0.164494, 0.217953, 0.230267, 0.357338, 1, 

45,178,0.001, 0.0141455, 0.0218816, 0.0262016, 0.0663368, 0.0412106, 0.14546, 0.161136, 0.234665, 0.262227, 0.262612, 0.288228, 0.29071, 0.387741, 0.215795, 0.0671571, 0.749872, 0.761045, 0.79815, 0.843834, 0.85952, 0.956795, 1, 

31,231,0.001, 0.0141455, 0.0261442, 0.0262016, 0.0663368, 0.100799, 0.15305, 0.230267, 1, 

33,215,0.001, 0.0141455, 0.0261442, 0.0262016, 0.0663368, 0.198198, 0.226628, 0.0562371, 0.357338, 1, 

Generation #38
36,180,0.001, 0.0141455, 0.0218816, 0.0456565, 0.126535, 0.223503, 0.360442, 0.629394, 0.724175, 0.7556, 0.884137, 1, 

35,189,0.001, 0.0141455, 0.0261442, 0.0262016, 0.0663368, 0.198198, 0.226628, 0.274555, 0.440664, 0.939807, 1, 

34,192,0.001, 0.0141455, 0.0218816, 0.0262016, 0.0663368, 0.171676, 0.164494, 0.217953, 0.230267, 0.357338, 1, 

45,178,0.001, 0.0141455, 0.0218816, 0.0262016, 0.0663368, 0.0412106, 0.14546, 0.161136, 0.234665, 0.262227, 0.262612, 0.288228, 0.29071, 0.387741, 0.215795, 0.0671571, 0.749872, 0.761045, 0.79815, 0.843834, 0.85952, 0.956795, 1, 

31,231,0.001, 0.0141455, 0.0261442, 0.0262016, 0.0663368, 0.100799, 0.15305, 0.230267, 1, 

33,215,0.001, 0.0141455, 0.0261442, 0.0262016, 0.0663368, 0.198198, 0.226628, 0.0562371, 0.357338, 1, 

Generation #39
36,180,0.001, 0.0141455, 0.0218816, 0.0456565, 0.126535, 0.223503, 0.360442, 0.629394, 0.724175, 0.7556, 0.884137, 1, 

45,178,0.001, 0.0141455, 0.0218816, 0.0262016, 0.0663368, 0.0412106, 0.14546, 0.161136, 0.234665, 0.262227, 0.262612, 0.288228, 0.29071, 0.387741, 0.215795, 0.0671571, 0.749872, 0.761045, 0.79815, 0.843834, 0.85952, 0.956795, 1, 

31,231,0.001, 0.0141455, 0.0261442, 0.0262016, 0.0663368, 0.100799, 0.15305, 0.230267, 1, 

33,215,0.001, 0.0141455, 0.0261442, 0.0262016, 0.0663368, 0.198198, 0.226628, 0.0562371, 0.357338, 1, 

34,185,0.001, 0.0141455, 0.0218816, 0.0424503, 0.0663368, 0.0412106, 0.14546, 0.0562371, 0.211271, 0.124886, 0.357338, 1, 

Generation #40
36,180,0.001, 0.0141455, 0.0218816, 0.0456565, 0.126535, 0.223503, 0.360442, 0.629394, 0.724175, 0.7556, 0.884137, 1, 

45,178,0.001, 0.0141455, 0.0218816, 0.0262016, 0.0663368, 0.0412106, 0.14546, 0.161136, 0.234665, 0.262227, 0.262612, 0.288228, 0.29071, 0.387741, 0.215795, 0.0671571, 0.749872, 0.761045, 0.79815, 0.843834, 0.85952, 0.956795, 1, 

31,231,0.001, 0.0141455, 0.0261442, 0.0262016, 0.0663368, 0.100799, 0.15305, 0.230267, 1, 

33,215,0.001, 0.0141455, 0.0261442, 0.0262016, 0.0663368, 0.198198, 0.226628, 0.0562371, 0.357338, 1, 

34,185,0.001, 0.0141455, 0.0218816, 0.0424503, 0.0663368, 0.0412106, 0.14546, 0.0562371, 0.211271, 0.124886, 0.357338, 1, 

Generation #41
36,180,0.001, 0.0141455, 0.0218816, 0.0456565, 0.126535, 0.223503, 0.360442, 0.629394, 0.724175, 0.7556, 0.884137, 1, 

45,178,0.001, 0.0141455, 0.0218816, 0.0262016, 0.0663368, 0.0412106, 0.14546, 0.161136, 0.234665, 0.262227, 0.262612, 0.288228, 0.29071, 0.387741, 0.215795, 0.0671571, 0.749872, 0.761045, 0.79815, 0.843834, 0.85952, 0.956795, 1, 

31,231,0.001, 0.0141455, 0.0261442, 0.0262016, 0.0663368, 0.100799, 0.15305, 0.230267, 1, 

33,215,0.001, 0.0141455, 0.0261442, 0.0262016, 0.0663368, 0.198198, 0.226628, 0.0562371, 0.357338, 1, 

34,185,0.001, 0.0141455, 0.0218816, 0.0424503, 0.0663368, 0.0412106, 0.14546, 0.0562371, 0.211271, 0.124886, 0.357338, 1, 

Generation #42
36,180,0.001, 0.0141455, 0.0218816, 0.0456565, 0.126535, 0.223503, 0.360442, 0.629394, 0.724175, 0.7556, 0.884137, 1, 

45,178,0.001, 0.0141455, 0.0218816, 0.0262016, 0.0663368, 0.0412106, 0.14546, 0.161136, 0.234665, 0.262227, 0.262612, 0.288228, 0.29071, 0.387741, 0.215795, 0.0671571, 0.749872, 0.761045, 0.79815, 0.843834, 0.85952, 0.956795, 1, 

31,231,0.001, 0.0141455, 0.0261442, 0.0262016, 0.0663368, 0.100799, 0.15305, 0.230267, 1, 

33,215,0.001, 0.0141455, 0.0261442, 0.0262016, 0.0663368, 0.198198, 0.226628, 0.0562371, 0.357338, 1, 

34,185,0.001, 0.0141455, 0.0218816, 0.0424503, 0.0663368, 0.0412106, 0.14546, 0.0562371, 0.211271, 0.124886, 0.357338, 1, 

Generation #43
36,180,0.001, 0.0141455, 0.0218816, 0.0456565, 0.126535, 0.223503, 0.360442, 0.629394, 0.724175, 0.7556, 0.884137, 1, 

45,178,0.001, 0.0141455, 0.0218816, 0.0262016, 0.0663368, 0.0412106, 0.14546, 0.161136, 0.234665, 0.262227, 0.262612, 0.288228, 0.29071, 0.387741, 0.215795, 0.0671571, 0.749872, 0.761045, 0.79815, 0.843834, 0.85952, 0.956795, 1, 

31,231,0.001, 0.0141455, 0.0261442, 0.0262016, 0.0663368, 0.100799, 0.15305, 0.230267, 1, 

33,215,0.001, 0.0141455, 0.0261442, 0.0262016, 0.0663368, 0.198198, 0.226628, 0.0562371, 0.357338, 1, 

34,185,0.001, 0.0141455, 0.0218816, 0.0424503, 0.0663368, 0.0412106, 0.14546, 0.0562371, 0.211271, 0.124886, 0.357338, 1, 

Generation #44
36,180,0.001, 0.0141455, 0.0218816, 0.0456565, 0.126535, 0.223503, 0.360442, 0.629394, 0.724175, 0.7556, 0.884137, 1, 

45,178,0.001, 0.0141455, 0.0218816, 0.0262016, 0.0663368, 0.0412106, 0.14546, 0.161136, 0.234665, 0.262227, 0.262612, 0.288228, 0.29071, 0.387741, 0.215795, 0.0671571, 0.749872, 0.761045, 0.79815, 0.843834, 0.85952, 0.956795, 1, 

31,231,0.001, 0.0141455, 0.0261442, 0.0262016, 0.0663368, 0.100799, 0.15305, 0.230267, 1, 

34,185,0.001, 0.0141455, 0.0218816, 0.0424503, 0.0663368, 0.0412106, 0.14546, 0.0562371, 0.211271, 0.124886, 0.357338, 1, 

33,209,0.001, 0.0141455, 0.0218816, 0.0424503, 0.0663368, 0.0412106, 0.14546, 0.0562371, 0.211271, 0.124886, 0.357338, 1, 

Generation #45
36,180,0.001, 0.0141455, 0.0218816, 0.0456565, 0.126535, 0.223503, 0.360442, 0.629394, 0.724175, 0.7556, 0.884137, 1, 

45,178,0.001, 0.0141455, 0.0218816, 0.0262016, 0.0663368, 0.0412106, 0.14546, 0.161136, 0.234665, 0.262227, 0.262612, 0.288228, 0.29071, 0.387741, 0.215795, 0.0671571, 0.749872, 0.761045, 0.79815, 0.843834, 0.85952, 0.956795, 1, 

31,231,0.001, 0.0141455, 0.0261442, 0.0262016, 0.0663368, 0.100799, 0.15305, 0.230267, 1, 

34,185,0.001, 0.0141455, 0.0218816, 0.0424503, 0.0663368, 0.0412106, 0.14546, 0.0562371, 0.211271, 0.124886, 0.357338, 1, 

33,203,0.001, 0.0141455, 0.0261442, 0.0262016, 0.0663368, 0.198198, 0.226628, 0.0562371, 0.357338, 1, 

30,297,0.001, 0.0141455, 0.0218816, 0.0456565, 0.204276, 0.15305, 0.351432, 1, 

Generation #46
36,180,0.001, 0.0141455, 0.0218816, 0.0456565, 0.126535, 0.223503, 0.360442, 0.629394, 0.724175, 0.7556, 0.884137, 1, 

45,178,0.001, 0.0141455, 0.0218816, 0.0262016, 0.0663368, 0.0412106, 0.14546, 0.161136, 0.234665, 0.262227, 0.262612, 0.288228, 0.29071, 0.387741, 0.215795, 0.0671571, 0.749872, 0.761045, 0.79815, 0.843834, 0.85952, 0.956795, 1, 

31,231,0.001, 0.0141455, 0.0261442, 0.0262016, 0.0663368, 0.100799, 0.15305, 0.230267, 1, 

34,185,0.001, 0.0141455, 0.0218816, 0.0424503, 0.0663368, 0.0412106, 0.14546, 0.0562371, 0.211271, 0.124886, 0.357338, 1, 

33,203,0.001, 0.0141455, 0.0261442, 0.0262016, 0.0663368, 0.198198, 0.226628, 0.0562371, 0.357338, 1, 

30,297,0.001, 0.0141455, 0.0218816, 0.0456565, 0.204276, 0.15305, 0.351432, 1, 

Generation #47
36,180,0.001, 0.0141455, 0.0218816, 0.0456565, 0.126535, 0.223503, 0.360442, 0.629394, 0.724175, 0.7556, 0.884137, 1, 

45,178,0.001, 0.0141455, 0.0218816, 0.0262016, 0.0663368, 0.0412106, 0.14546, 0.161136, 0.234665, 0.262227, 0.262612, 0.288228, 0.29071, 0.387741, 0.215795, 0.0671571, 0.749872, 0.761045, 0.79815, 0.843834, 0.85952, 0.956795, 1, 

31,231,0.001, 0.0141455, 0.0261442, 0.0262016, 0.0663368, 0.100799, 0.15305, 0.230267, 1, 

34,185,0.001, 0.0141455, 0.0218816, 0.0424503, 0.0663368, 0.0412106, 0.14546, 0.0562371, 0.211271, 0.124886, 0.357338, 1, 

33,203,0.001, 0.0141455, 0.0261442, 0.0262016, 0.0663368, 0.198198, 0.226628, 0.0562371, 0.357338, 1, 

30,297,0.001, 0.0141455, 0.0218816, 0.0456565, 0.204276, 0.15305, 0.351432, 1, 

Generation #48
36,180,0.001, 0.0141455, 0.0218816, 0.0456565, 0.126535, 0.223503, 0.360442, 0.629394, 0.724175, 0.7556, 0.884137, 1, 

45,178,0.001, 0.0141455, 0.0218816, 0.0262016, 0.0663368, 0.0412106, 0.14546, 0.161136, 0.234665, 0.262227, 0.262612, 0.288228, 0.29071, 0.387741, 0.215795, 0.0671571, 0.749872, 0.761045, 0.79815, 0.843834, 0.85952, 0.956795, 1, 

31,231,0.001, 0.0141455, 0.0261442, 0.0262016, 0.0663368, 0.100799, 0.15305, 0.230267, 1, 

34,185,0.001, 0.0141455, 0.0218816, 0.0424503, 0.0663368, 0.0412106, 0.14546, 0.0562371, 0.211271, 0.124886, 0.357338, 1, 

33,203,0.001, 0.0141455, 0.0261442, 0.0262016, 0.0663368, 0.198198, 0.226628, 0.0562371, 0.357338, 1, 

30,297,0.001, 0.0141455, 0.0218816, 0.0456565, 0.204276, 0.15305, 0.351432, 1, 

Generation #49
36,180,0.001, 0.0141455, 0.0218816, 0.0456565, 0.126535, 0.223503, 0.360442, 0.629394, 0.724175, 0.7556, 0.884137, 1, 

45,178,0.001, 0.0141455, 0.0218816, 0.0262016, 0.0663368, 0.0412106, 0.14546, 0.161136, 0.234665, 0.262227, 0.262612, 0.288228, 0.29071, 0.387741, 0.215795, 0.0671571, 0.749872, 0.761045, 0.79815, 0.843834, 0.85952, 0.956795, 1, 

31,231,0.001, 0.0141455, 0.0261442, 0.0262016, 0.0663368, 0.100799, 0.15305, 0.230267, 1, 

34,185,0.001, 0.0141455, 0.0218816, 0.0424503, 0.0663368, 0.0412106, 0.14546, 0.0562371, 0.211271, 0.124886, 0.357338, 1, 

33,203,0.001, 0.0141455, 0.0261442, 0.0262016, 0.0663368, 0.198198, 0.226628, 0.0562371, 0.357338, 1, 

30,297,0.001, 0.0141455, 0.0218816, 0.0456565, 0.204276, 0.15305, 0.351432, 1, 

--- Pareto Front Solutions ---
Solution 0: N total=62 (N_initial=26, N_added=36), Time total=184 ms, Saved to: ./results/Flex_t2_l1_pareto_0.csv, percents=0.001, 0.0141455, 0.0218816, 0.0456565, 0.126535, 0.223503, 0.360442, 0.629394, 0.724175, 0.7556, 0.884137, 1, 

Solution 1: N total=71 (N_initial=26, N_added=45), Time total=182 ms, Saved to: ./results/Flex_t2_l1_pareto_1.csv, percents=0.001, 0.0141455, 0.0218816, 0.0262016, 0.0663368, 0.0412106, 0.14546, 0.161136, 0.234665, 0.262227, 0.262612, 0.288228, 0.29071, 0.387741, 0.215795, 0.0671571, 0.749872, 0.761045, 0.79815, 0.843834, 0.85952, 0.956795, 1, 

Solution 2: N total=57 (N_initial=26, N_added=31), Time total=235 ms, Saved to: ./results/Flex_t2_l1_pareto_2.csv, percents=0.001, 0.0141455, 0.0261442, 0.0262016, 0.0663368, 0.100799, 0.15305, 0.230267, 1, 

Solution 3: N total=60 (N_initial=26, N_added=34), Time total=189 ms, Saved to: ./results/Flex_t2_l1_pareto_3.csv, percents=0.001, 0.0141455, 0.0218816, 0.0424503, 0.0663368, 0.0412106, 0.14546, 0.0562371, 0.211271, 0.124886, 0.357338, 1, 

Solution 4: N total=59 (N_initial=26, N_added=33), Time total=207 ms, Saved to: ./results/Flex_t2_l1_pareto_4.csv, percents=0.001, 0.0141455, 0.0261442, 0.0262016, 0.0663368, 0.198198, 0.226628, 0.0562371, 0.357338, 1, 

Solution 5: N total=56 (N_initial=26, N_added=30), Time total=301 ms, Saved to: ./results/Flex_t2_l1_pareto_5.csv, percents=0.001, 0.0141455, 0.0218816, 0.0456565, 0.204276, 0.15305, 0.351432, 1, 

------------d=1, t=2, lambda=2, filename=./evaluation/Flex/Flex_2_2.csv------------
Grouping d-sets by partitioned row counts for detecting arrays...
Ready to look at pairs for detecting arrays...
First Stage N=50, Time=5
There are 1003 remaining non-locating pairs
--- Running GA Algorithm (phase2) ---
Running GA with std::execution::par
Generation #0
37,169,0.001, 0.0295186, 0.0449547, 0.0598138, 0.0732819, 0.0841294, 0.201901, 0.205087, 0.331396, 0.556227, 0.591249, 0.647337, 0.70506, 0.732464, 0.762634, 0.83338, 0.834013, 1, 

42,137,0.001, 0.0234238, 0.024254, 0.0568408, 0.0600006, 0.0860519, 0.128008, 0.132303, 0.138859, 0.320971, 0.480977, 0.485038, 0.504951, 0.521731, 0.627835, 0.641401, 0.649957, 0.891892, 0.96955, 0.974176, 0.983895, 1, 

31,517,0.001, 0.163091, 0.24493, 0.337162, 0.35766, 0.395965, 0.587317, 0.754625, 0.858836, 0.871732, 1, 

34,233,0.001, 0.0623575, 0.124511, 0.135936, 0.254478, 0.401869, 0.419346, 0.423368, 0.522067, 0.571768, 0.84854, 0.889431, 1, 

43,116,0.001, 0.0416415, 0.0459443, 0.0495888, 0.0612462, 0.0695528, 0.0704856, 0.103625, 0.109511, 0.12551, 0.135784, 0.156699, 0.283853, 0.368377, 0.524351, 0.553279, 0.566175, 0.606332, 0.61222, 0.616619, 0.661765, 0.693422, 0.760535, 0.92549, 0.926486, 0.974163, 1, 

Generation #1
36,140,0.001, 0.0345544, 0.0401127, 0.0441121, 0.0836049, 0.121728, 0.339108, 0.344918, 0.352507, 0.404417, 0.40656, 0.513217, 0.951226, 0.989508, 1, 

37,113,0.001, 0.0416415, 0.0459443, 0.0495888, 0.0612462, 0.0695528, 0.0704856, 0.103625, 0.109511, 0.12551, 0.135784, 0.156699, 0.283853, 0.368377, 0.524351, 0.553279, 0.566175, 1, 

30,288,0.001, 0.02329, 0.0832798, 0.337162, 0.35766, 0.395965, 0.587317, 0.754625, 0.858836, 0.871732, 1, 

32,151,0.001, 0.0234238, 0.024254, 0.0568408, 0.0600006, 0.0860519, 0.128008, 0.87572, 0.906271, 0.974631, 1, 

31,240,0.001, 0.036149, 0.0918622, 0.0961315, 0.0997872, 0.137786, 0.170319, 0.87572, 0.906271, 0.974631, 1, 

Generation #2
34,101,0.001, 0.0416415, 0.0459443, 0.0495888, 0.0612462, 0.0695528, 0.0704856, 0.103625, 0.109511, 0.12551, 0.135784, 0.156699, 0.283853, 0.368377, 0.524351, 0.553279, 0.566175, 1, 

30,115,0.001, 0.0416415, 0.0459443, 0.0495888, 0.0612462, 0.0695528, 0.0704856, 0.103625, 0.109511, 0.12551, 0.928354, 1, 

Generation #3
34,101,0.001, 0.0416415, 0.0459443, 0.0495888, 0.0612462, 0.0695528, 0.0704856, 0.103625, 0.109511, 0.12551, 0.135784, 0.156699, 0.283853, 0.368377, 0.524351, 0.553279, 0.566175, 1, 

30,115,0.001, 0.0416415, 0.0459443, 0.0495888, 0.0612462, 0.0695528, 0.0704856, 0.103625, 0.109511, 0.12551, 0.928354, 1, 

29,137,0.001, 0.0234238, 0.024254, 0.0568408, 0.0600006, 0.0860519, 0.128008, 0.87572, 0.906271, 0.974631, 1, 

Generation #4
34,101,0.001, 0.0416415, 0.0459443, 0.0495888, 0.0612462, 0.0695528, 0.0704856, 0.103625, 0.109511, 0.12551, 0.135784, 0.156699, 0.283853, 0.368377, 0.524351, 0.553279, 0.566175, 1, 

30,115,0.001, 0.0416415, 0.0459443, 0.0495888, 0.0612462, 0.0695528, 0.0704856, 0.103625, 0.109511, 0.12551, 0.928354, 1, 

29,137,0.001, 0.0234238, 0.024254, 0.0568408, 0.0600006, 0.0860519, 0.128008, 0.87572, 0.906271, 0.974631, 1, 

36,97,0.001, 0.0416415, 0.0459443, 0.0495888, 0.0612462, 0.0695528, 0.0704856, 0.103625, 0.109511, 0.12551, 0.135784, 0.156699, 0.283853, 0.368377, 0.524351, 0.553279, 0.566175, 1, 

33,110,0.001, 0.0234238, 0.0329611, 0.0725354, 0.0775475, 0.089264, 0.113782, 0.129032, 0.129539, 0.142316, 0.147384, 0.156699, 0.283853, 0.368377, 0.524351, 0.553279, 0.566175, 1, 

Generation #5
34,101,0.001, 0.0416415, 0.0459443, 0.0495888, 0.0612462, 0.0695528, 0.0704856, 0.103625, 0.109511, 0.12551, 0.135784, 0.156699, 0.283853, 0.368377, 0.524351, 0.553279, 0.566175, 1, 

30,115,0.001, 0.0416415, 0.0459443, 0.0495888, 0.0612462, 0.0695528, 0.0704856, 0.103625, 0.109511, 0.12551, 0.928354, 1, 

33,110,0.001, 0.0234238, 0.0329611, 0.0725354, 0.0775475, 0.089264, 0.113782, 0.129032, 0.129539, 0.142316, 0.147384, 0.156699, 0.283853, 0.368377, 0.524351, 0.553279, 0.566175, 1, 

35,92,0.001, 0.0171178, 0.0329611, 0.0725354, 0.0775475, 0.089264, 0.113782, 0.129032, 0.129539, 0.142316, 0.147384, 0.156699, 0.283853, 0.368377, 0.524351, 0.553279, 0.566175, 1, 

29,133,0.001, 0.0234238, 0.0329611, 0.0725354, 0.151309, 0.162785, 0.234566, 0.244855, 0.274516, 1, 

Generation #6
34,101,0.001, 0.0416415, 0.0459443, 0.0495888, 0.0612462, 0.0695528, 0.0704856, 0.103625, 0.109511, 0.12551, 0.135784, 0.156699, 0.283853, 0.368377, 0.524351, 0.553279, 0.566175, 1, 

30,115,0.001, 0.0416415, 0.0459443, 0.0495888, 0.0612462, 0.0695528, 0.0704856, 0.103625, 0.109511, 0.12551, 0.928354, 1, 

35,92,0.001, 0.0171178, 0.0329611, 0.0725354, 0.0775475, 0.089264, 0.113782, 0.129032, 0.129539, 0.142316, 0.147384, 0.156699, 0.283853, 0.368377, 0.524351, 0.553279, 0.566175, 1, 

29,133,0.001, 0.0234238, 0.0329611, 0.0725354, 0.151309, 0.162785, 0.234566, 0.244855, 0.274516, 1, 

31,104,0.001, 0.0171178, 0.047519, 0.0755346, 0.0725354, 0.0775475, 0.089264, 0.113782, 0.129032, 0.129539, 0.142316, 0.147384, 1, 

Generation #7
30,115,0.001, 0.0416415, 0.0459443, 0.0495888, 0.0612462, 0.0695528, 0.0704856, 0.103625, 0.109511, 0.12551, 0.928354, 1, 

35,92,0.001, 0.0171178, 0.0329611, 0.0725354, 0.0775475, 0.089264, 0.113782, 0.129032, 0.129539, 0.142316, 0.147384, 0.156699, 0.283853, 0.368377, 0.524351, 0.553279, 0.566175, 1, 

29,133,0.001, 0.0234238, 0.0329611, 0.0725354, 0.151309, 0.162785, 0.234566, 0.244855, 0.274516, 1, 

31,104,0.001, 0.0171178, 0.047519, 0.0755346, 0.0725354, 0.0775475, 0.089264, 0.113782, 0.129032, 0.129539, 0.142316, 0.147384, 1, 

32,102,0.001, 0.0226615, 0.0329611, 0.0709373, 0.0725354, 0.0775475, 0.089264, 0.113782, 0.129032, 0.129539, 0.142316, 0.156699, 0.368377, 0.524351, 0.553279, 0.566175, 1, 

28,167,0.001, 0.0416415, 0.0459443, 0.0495888, 0.0612462, 0.0695528, 0.113782, 0.129032, 0.129539, 1, 

33,95,0.001, 0.0234238, 0.024254, 0.0709373, 0.0725354, 0.0775475, 0.089264, 0.113782, 0.129032, 0.142316, 0.147384, 0.307363, 0.307504, 0.524351, 0.553279, 0.553279, 0.566175, 1, 

Generation #8
30,115,0.001, 0.0416415, 0.0459443, 0.0495888, 0.0612462, 0.0695528, 0.0704856, 0.103625, 0.109511, 0.12551, 0.928354, 1, 

31,104,0.001, 0.0171178, 0.047519, 0.0755346, 0.0725354, 0.0775475, 0.089264, 0.113782, 0.129032, 0.129539, 0.142316, 0.147384, 1, 

32,87,0.001, 0.0295186, 0.0449547, 0.0598138, 0.0732819, 0.0841294, 0.201901, 0.187541, 0.352507, 0.404417, 0.40656, 0.961518, 1, 

29,121,0.001, 0.0416415, 0.0459443, 0.0495888, 0.0612462, 0.0695528, 0.113782, 0.129032, 0.274516, 1, 

28,130,0.001, 0.0295186, 0.0449547, 0.0598138, 0.0732819, 0.0841294, 0.201901, 0.187541, 0.201889, 1, 

Generation #9
31,104,0.001, 0.0171178, 0.047519, 0.0755346, 0.0725354, 0.0775475, 0.089264, 0.113782, 0.129032, 0.129539, 0.142316, 0.147384, 1, 

32,87,0.001, 0.0295186, 0.0449547, 0.0598138, 0.0732819, 0.0841294, 0.201901, 0.187541, 0.352507, 0.404417, 0.40656, 0.961518, 1, 

28,130,0.001, 0.0295186, 0.0449547, 0.0598138, 0.0732819, 0.0841294, 0.201901, 0.187541, 0.201889, 1, 

29,106,0.001, 0.0234238, 0.024254, 0.0755346, 0.0725354, 0.0775475, 0.089264, 0.113782, 0.129032, 0.129539, 0.142316, 0.147384, 1, 

Generation #10
32,87,0.001, 0.0295186, 0.0449547, 0.0598138, 0.0732819, 0.0841294, 0.201901, 0.187541, 0.352507, 0.404417, 0.40656, 0.961518, 1, 

29,106,0.001, 0.0234238, 0.024254, 0.0755346, 0.0725354, 0.0775475, 0.089264, 0.113782, 0.129032, 0.129539, 0.142316, 0.147384, 1, 

34,81,0.001, 0.0234238, 0.0329611, 0.0495888, 0.0612462, 0.0695528, 0.0704856, 0.103625, 0.109511, 0.12551, 0.135784, 0.156699, 0.368377, 0.524351, 0.553279, 0.566175, 1, 

30,97,0.001, 0.0295186, 0.0449547, 0.0495888, 0.0612462, 0.0695528, 0.0704856, 0.207338, 0.268051, 0.391818, 0.398389, 0.453145, 0.905568, 1, 

28,125,0.001, 0.0416415, 0.0459443, 0.0495888, 0.0612462, 0.0695528, 0.113782, 0.129032, 0.129539, 1, 

Generation #11
32,87,0.001, 0.0295186, 0.0449547, 0.0598138, 0.0732819, 0.0841294, 0.201901, 0.187541, 0.352507, 0.404417, 0.40656, 0.961518, 1, 

29,106,0.001, 0.0234238, 0.024254, 0.0755346, 0.0725354, 0.0775475, 0.089264, 0.113782, 0.129032, 0.129539, 0.142316, 0.147384, 1, 

34,81,0.001, 0.0234238, 0.0329611, 0.0495888, 0.0612462, 0.0695528, 0.0704856, 0.103625, 0.109511, 0.12551, 0.135784, 0.156699, 0.368377, 0.524351, 0.553279, 0.566175, 1, 

30,97,0.001, 0.0295186, 0.0449547, 0.0495888, 0.0612462, 0.0695528, 0.0704856, 0.207338, 0.268051, 0.391818, 0.398389, 0.453145, 0.905568, 1, 

28,125,0.001, 0.0416415, 0.0459443, 0.0495888, 0.0612462, 0.0695528, 0.113782, 0.129032, 0.129539, 1, 

Generation #12
32,87,0.001, 0.0295186, 0.0449547, 0.0598138, 0.0732819, 0.0841294, 0.201901, 0.187541, 0.352507, 0.404417, 0.40656, 0.961518, 1, 

34,81,0.001, 0.0234238, 0.0329611, 0.0495888, 0.0612462, 0.0695528, 0.0704856, 0.103625, 0.109511, 0.12551, 0.135784, 0.156699, 0.368377, 0.524351, 0.553279, 0.566175, 1, 

30,97,0.001, 0.0295186, 0.0449547, 0.0495888, 0.0612462, 0.0695528, 0.0704856, 0.207338, 0.268051, 0.391818, 0.398389, 0.453145, 0.905568, 1, 

28,98,0.001, 0.0295186, 0.0449547, 0.0598138, 0.0732819, 0.0841294, 0.201901, 0.201889, 0.142316, 0.147384, 1, 

Generation #13
32,87,0.001, 0.0295186, 0.0449547, 0.0598138, 0.0732819, 0.0841294, 0.201901, 0.187541, 0.352507, 0.404417, 0.40656, 0.961518, 1, 

34,81,0.001, 0.0234238, 0.0329611, 0.0495888, 0.0612462, 0.0695528, 0.0704856, 0.103625, 0.109511, 0.12551, 0.135784, 0.156699, 0.368377, 0.524351, 0.553279, 0.566175, 1, 

30,97,0.001, 0.0295186, 0.0449547, 0.0495888, 0.0612462, 0.0695528, 0.0704856, 0.207338, 0.268051, 0.391818, 0.398389, 0.453145, 0.905568, 1, 

28,98,0.001, 0.0295186, 0.0449547, 0.0598138, 0.0732819, 0.0841294, 0.201901, 0.201889, 0.142316, 0.147384, 1, 

27,111,0.001, 0.0171178, 0.047519, 0.0709373, 0.0612462, 0.0695528, 0.0704856, 0.103625, 0.129032, 0.129539, 1, 

31,94,0.0152727, 0.0226615, 0.0329611, 0.0495888, 0.0612462, 0.0695528, 0.113782, 0.129032, 0.129539, 1, 

Generation #14
32,87,0.001, 0.0295186, 0.0449547, 0.0598138, 0.0732819, 0.0841294, 0.201901, 0.187541, 0.352507, 0.404417, 0.40656, 0.961518, 1, 

34,81,0.001, 0.0234238, 0.0329611, 0.0495888, 0.0612462, 0.0695528, 0.0704856, 0.103625, 0.109511, 0.12551, 0.135784, 0.156699, 0.368377, 0.524351, 0.553279, 0.566175, 1, 

30,97,0.001, 0.0295186, 0.0449547, 0.0495888, 0.0612462, 0.0695528, 0.0704856, 0.207338, 0.268051, 0.391818, 0.398389, 0.453145, 0.905568, 1, 

28,98,0.001, 0.0295186, 0.0449547, 0.0598138, 0.0732819, 0.0841294, 0.201901, 0.201889, 0.142316, 0.147384, 1, 

27,111,0.001, 0.0171178, 0.047519, 0.0709373, 0.0612462, 0.0695528, 0.0704856, 0.103625, 0.129032, 0.129539, 1, 

31,94,0.0152727, 0.0226615, 0.0329611, 0.0495888, 0.0612462, 0.0695528, 0.113782, 0.129032, 0.129539, 1, 

Generation #15
32,87,0.001, 0.0295186, 0.0449547, 0.0598138, 0.0732819, 0.0841294, 0.201901, 0.187541, 0.352507, 0.404417, 0.40656, 0.961518, 1, 

30,97,0.001, 0.0295186, 0.0449547, 0.0495888, 0.0612462, 0.0695528, 0.0704856, 0.207338, 0.268051, 0.391818, 0.398389, 0.453145, 0.905568, 1, 

28,98,0.001, 0.0295186, 0.0449547, 0.0598138, 0.0732819, 0.0841294, 0.201901, 0.201889, 0.142316, 0.147384, 1, 

27,111,0.001, 0.0171178, 0.047519, 0.0709373, 0.0612462, 0.0695528, 0.0704856, 0.103625, 0.129032, 0.129539, 1, 

31,94,0.0152727, 0.0226615, 0.0329611, 0.0495888, 0.0612462, 0.0695528, 0.113782, 0.129032, 0.129539, 1, 

34,79,0.001, 0.0295186, 0.0449547, 0.0495888, 0.0612462, 0.0695528, 0.0704856, 0.103625, 0.109511, 0.12551, 0.135784, 0.156699, 0.283853, 0.199001, 0.368377, 0.524351, 0.553279, 0.566175, 1, 

Generation #16
32,87,0.001, 0.0295186, 0.0449547, 0.0598138, 0.0732819, 0.0841294, 0.201901, 0.187541, 0.352507, 0.404417, 0.40656, 0.961518, 1, 

30,97,0.001, 0.0295186, 0.0449547, 0.0495888, 0.0612462, 0.0695528, 0.0704856, 0.207338, 0.268051, 0.391818, 0.398389, 0.453145, 0.905568, 1, 

28,98,0.001, 0.0295186, 0.0449547, 0.0598138, 0.0732819, 0.0841294, 0.201901, 0.201889, 0.142316, 0.147384, 1, 

27,111,0.001, 0.0171178, 0.047519, 0.0709373, 0.0612462, 0.0695528, 0.0704856, 0.103625, 0.129032, 0.129539, 1, 

31,94,0.0152727, 0.0226615, 0.0329611, 0.0495888, 0.0612462, 0.0695528, 0.113782, 0.129032, 0.129539, 1, 

34,79,0.001, 0.0295186, 0.0449547, 0.0495888, 0.0612462, 0.0695528, 0.0704856, 0.103625, 0.109511, 0.12551, 0.135784, 0.156699, 0.283853, 0.199001, 0.368377, 0.524351, 0.553279, 0.566175, 1, 

Generation #17
32,87,0.001, 0.0295186, 0.0449547, 0.0598138, 0.0732819, 0.0841294, 0.201901, 0.187541, 0.352507, 0.404417, 0.40656, 0.961518, 1, 

30,97,0.001, 0.0295186, 0.0449547, 0.0495888, 0.0612462, 0.0695528, 0.0704856, 0.207338, 0.268051, 0.391818, 0.398389, 0.453145, 0.905568, 1, 

28,98,0.001, 0.0295186, 0.0449547, 0.0598138, 0.0732819, 0.0841294, 0.201901, 0.201889, 0.142316, 0.147384, 1, 

27,111,0.001, 0.0171178, 0.047519, 0.0709373, 0.0612462, 0.0695528, 0.0704856, 0.103625, 0.129032, 0.129539, 1, 

31,94,0.0152727, 0.0226615, 0.0329611, 0.0495888, 0.0612462, 0.0695528, 0.113782, 0.129032, 0.129539, 1, 

34,79,0.001, 0.0295186, 0.0449547, 0.0495888, 0.0612462, 0.0695528, 0.0704856, 0.103625, 0.109511, 0.12551, 0.135784, 0.156699, 0.283853, 0.199001, 0.368377, 0.524351, 0.553279, 0.566175, 1, 

Generation #18
28,98,0.001, 0.0295186, 0.0449547, 0.0598138, 0.0732819, 0.0841294, 0.201901, 0.201889, 0.142316, 0.147384, 1, 

27,111,0.001, 0.0171178, 0.047519, 0.0709373, 0.0612462, 0.0695528, 0.0704856, 0.103625, 0.129032, 0.129539, 1, 

34,79,0.001, 0.0295186, 0.0449547, 0.0495888, 0.0612462, 0.0695528, 0.0704856, 0.103625, 0.109511, 0.12551, 0.135784, 0.156699, 0.283853, 0.199001, 0.368377, 0.524351, 0.553279, 0.566175, 1, 

31,87,0.0152727, 0.0226615, 0.0329611, 0.0709373, 0.0725354, 0.0695528, 0.0704856, 0.103625, 0.109511, 0.12551, 0.135784, 0.156699, 0.283853, 0.921726, 1, 

29,94,0.001, 0.0234238, 0.0459443, 0.0495888, 0.0612462, 0.0695528, 0.0704856, 0.103625, 0.352507, 0.404417, 0.40656, 0.961518, 1, 

Generation #19
28,98,0.001, 0.0295186, 0.0449547, 0.0598138, 0.0732819, 0.0841294, 0.201901, 0.201889, 0.142316, 0.147384, 1, 

27,111,0.001, 0.0171178, 0.047519, 0.0709373, 0.0612462, 0.0695528, 0.0704856, 0.103625, 0.129032, 0.129539, 1, 

34,79,0.001, 0.0295186, 0.0449547, 0.0495888, 0.0612462, 0.0695528, 0.0704856, 0.103625, 0.109511, 0.12551, 0.135784, 0.156699, 0.283853, 0.199001, 0.368377, 0.524351, 0.553279, 0.566175, 1, 

31,87,0.0152727, 0.0226615, 0.0329611, 0.0709373, 0.0725354, 0.0695528, 0.0704856, 0.103625, 0.109511, 0.12551, 0.135784, 0.156699, 0.283853, 0.921726, 1, 

29,94,0.001, 0.0234238, 0.0459443, 0.0495888, 0.0612462, 0.0695528, 0.0704856, 0.103625, 0.352507, 0.404417, 0.40656, 0.961518, 1, 

Generation #20
28,98,0.001, 0.0295186, 0.0449547, 0.0598138, 0.0732819, 0.0841294, 0.201901, 0.201889, 0.142316, 0.147384, 1, 

27,111,0.001, 0.0171178, 0.047519, 0.0709373, 0.0612462, 0.0695528, 0.0704856, 0.103625, 0.129032, 0.129539, 1, 

34,79,0.001, 0.0295186, 0.0449547, 0.0495888, 0.0612462, 0.0695528, 0.0704856, 0.103625, 0.109511, 0.12551, 0.135784, 0.156699, 0.283853, 0.199001, 0.368377, 0.524351, 0.553279, 0.566175, 1, 

31,87,0.0152727, 0.0226615, 0.0329611, 0.0709373, 0.0725354, 0.0695528, 0.0704856, 0.103625, 0.109511, 0.12551, 0.135784, 0.156699, 0.283853, 0.921726, 1, 

29,94,0.001, 0.0234238, 0.0459443, 0.0495888, 0.0612462, 0.0695528, 0.0704856, 0.103625, 0.352507, 0.404417, 0.40656, 0.961518, 1, 

Generation #21
28,98,0.001, 0.0295186, 0.0449547, 0.0598138, 0.0732819, 0.0841294, 0.201901, 0.201889, 0.142316, 0.147384, 1, 

27,111,0.001, 0.0171178, 0.047519, 0.0709373, 0.0612462, 0.0695528, 0.0704856, 0.103625, 0.129032, 0.129539, 1, 

34,79,0.001, 0.0295186, 0.0449547, 0.0495888, 0.0612462, 0.0695528, 0.0704856, 0.103625, 0.109511, 0.12551, 0.135784, 0.156699, 0.283853, 0.199001, 0.368377, 0.524351, 0.553279, 0.566175, 1, 

31,87,0.0152727, 0.0226615, 0.0329611, 0.0709373, 0.0725354, 0.0695528, 0.0704856, 0.103625, 0.109511, 0.12551, 0.135784, 0.156699, 0.283853, 0.921726, 1, 

29,94,0.001, 0.0234238, 0.0459443, 0.0495888, 0.0612462, 0.0695528, 0.0704856, 0.103625, 0.352507, 0.404417, 0.40656, 0.961518, 1, 

Generation #22
28,98,0.001, 0.0295186, 0.0449547, 0.0598138, 0.0732819, 0.0841294, 0.201901, 0.201889, 0.142316, 0.147384, 1, 

27,111,0.001, 0.0171178, 0.047519, 0.0709373, 0.0612462, 0.0695528, 0.0704856, 0.103625, 0.129032, 0.129539, 1, 

34,79,0.001, 0.0295186, 0.0449547, 0.0495888, 0.0612462, 0.0695528, 0.0704856, 0.103625, 0.109511, 0.12551, 0.135784, 0.156699, 0.283853, 0.199001, 0.368377, 0.524351, 0.553279, 0.566175, 1, 

29,94,0.001, 0.0234238, 0.0459443, 0.0495888, 0.0612462, 0.0695528, 0.0704856, 0.103625, 0.352507, 0.404417, 0.40656, 0.961518, 1, 

30,80,0.001, 0.0234238, 0.0329611, 0.0495888, 0.0612462, 0.0695528, 0.0704856, 0.103625, 0.109511, 0.12551, 0.135784, 0.156699, 0.283853, 0.921726, 1, 

Generation #23
28,98,0.001, 0.0295186, 0.0449547, 0.0598138, 0.0732819, 0.0841294, 0.201901, 0.201889, 0.142316, 0.147384, 1, 

27,111,0.001, 0.0171178, 0.047519, 0.0709373, 0.0612462, 0.0695528, 0.0704856, 0.103625, 0.129032, 0.129539, 1, 

34,79,0.001, 0.0295186, 0.0449547, 0.0495888, 0.0612462, 0.0695528, 0.0704856, 0.103625, 0.109511, 0.12551, 0.135784, 0.156699, 0.283853, 0.199001, 0.368377, 0.524351, 0.553279, 0.566175, 1, 

29,94,0.001, 0.0234238, 0.0459443, 0.0495888, 0.0612462, 0.0695528, 0.0704856, 0.103625, 0.352507, 0.404417, 0.40656, 0.961518, 1, 

30,80,0.001, 0.0234238, 0.0329611, 0.0495888, 0.0612462, 0.0695528, 0.0704856, 0.103625, 0.109511, 0.12551, 0.135784, 0.156699, 0.283853, 0.921726, 1, 

Generation #24
28,98,0.001, 0.0295186, 0.0449547, 0.0598138, 0.0732819, 0.0841294, 0.201901, 0.201889, 0.142316, 0.147384, 1, 

27,111,0.001, 0.0171178, 0.047519, 0.0709373, 0.0612462, 0.0695528, 0.0704856, 0.103625, 0.129032, 0.129539, 1, 

34,79,0.001, 0.0295186, 0.0449547, 0.0495888, 0.0612462, 0.0695528, 0.0704856, 0.103625, 0.109511, 0.12551, 0.135784, 0.156699, 0.283853, 0.199001, 0.368377, 0.524351, 0.553279, 0.566175, 1, 

29,94,0.001, 0.0234238, 0.0459443, 0.0495888, 0.0612462, 0.0695528, 0.0704856, 0.103625, 0.352507, 0.404417, 0.40656, 0.961518, 1, 

30,80,0.001, 0.0234238, 0.0329611, 0.0495888, 0.0612462, 0.0695528, 0.0704856, 0.103625, 0.109511, 0.12551, 0.135784, 0.156699, 0.283853, 0.921726, 1, 

Generation #25
28,98,0.001, 0.0295186, 0.0449547, 0.0598138, 0.0732819, 0.0841294, 0.201901, 0.201889, 0.142316, 0.147384, 1, 

27,111,0.001, 0.0171178, 0.047519, 0.0709373, 0.0612462, 0.0695528, 0.0704856, 0.103625, 0.129032, 0.129539, 1, 

34,79,0.001, 0.0295186, 0.0449547, 0.0495888, 0.0612462, 0.0695528, 0.0704856, 0.103625, 0.109511, 0.12551, 0.135784, 0.156699, 0.283853, 0.199001, 0.368377, 0.524351, 0.553279, 0.566175, 1, 

29,94,0.001, 0.0234238, 0.0459443, 0.0495888, 0.0612462, 0.0695528, 0.0704856, 0.103625, 0.352507, 0.404417, 0.40656, 0.961518, 1, 

30,80,0.001, 0.0234238, 0.0329611, 0.0495888, 0.0612462, 0.0695528, 0.0704856, 0.103625, 0.109511, 0.12551, 0.135784, 0.156699, 0.283853, 0.921726, 1, 

Generation #26
28,98,0.001, 0.0295186, 0.0449547, 0.0598138, 0.0732819, 0.0841294, 0.201901, 0.201889, 0.142316, 0.147384, 1, 

27,111,0.001, 0.0171178, 0.047519, 0.0709373, 0.0612462, 0.0695528, 0.0704856, 0.103625, 0.129032, 0.129539, 1, 

34,79,0.001, 0.0295186, 0.0449547, 0.0495888, 0.0612462, 0.0695528, 0.0704856, 0.103625, 0.109511, 0.12551, 0.135784, 0.156699, 0.283853, 0.199001, 0.368377, 0.524351, 0.553279, 0.566175, 1, 

29,94,0.001, 0.0234238, 0.0459443, 0.0495888, 0.0612462, 0.0695528, 0.0704856, 0.103625, 0.352507, 0.404417, 0.40656, 0.961518, 1, 

30,80,0.001, 0.0234238, 0.0329611, 0.0495888, 0.0612462, 0.0695528, 0.0704856, 0.103625, 0.109511, 0.12551, 0.135784, 0.156699, 0.283853, 0.921726, 1, 

Generation #27
28,98,0.001, 0.0295186, 0.0449547, 0.0598138, 0.0732819, 0.0841294, 0.201901, 0.201889, 0.142316, 0.147384, 1, 

27,111,0.001, 0.0171178, 0.047519, 0.0709373, 0.0612462, 0.0695528, 0.0704856, 0.103625, 0.129032, 0.129539, 1, 

34,79,0.001, 0.0295186, 0.0449547, 0.0495888, 0.0612462, 0.0695528, 0.0704856, 0.103625, 0.109511, 0.12551, 0.135784, 0.156699, 0.283853, 0.199001, 0.368377, 0.524351, 0.553279, 0.566175, 1, 

29,94,0.001, 0.0234238, 0.0459443, 0.0495888, 0.0612462, 0.0695528, 0.0704856, 0.103625, 0.352507, 0.404417, 0.40656, 0.961518, 1, 

30,80,0.001, 0.0234238, 0.0329611, 0.0495888, 0.0612462, 0.0695528, 0.0704856, 0.103625, 0.109511, 0.12551, 0.135784, 0.156699, 0.283853, 0.921726, 1, 

Generation #28
28,98,0.001, 0.0295186, 0.0449547, 0.0598138, 0.0732819, 0.0841294, 0.201901, 0.201889, 0.142316, 0.147384, 1, 

27,111,0.001, 0.0171178, 0.047519, 0.0709373, 0.0612462, 0.0695528, 0.0704856, 0.103625, 0.129032, 0.129539, 1, 

34,79,0.001, 0.0295186, 0.0449547, 0.0495888, 0.0612462, 0.0695528, 0.0704856, 0.103625, 0.109511, 0.12551, 0.135784, 0.156699, 0.283853, 0.199001, 0.368377, 0.524351, 0.553279, 0.566175, 1, 

29,94,0.001, 0.0234238, 0.0459443, 0.0495888, 0.0612462, 0.0695528, 0.0704856, 0.103625, 0.352507, 0.404417, 0.40656, 0.961518, 1, 

30,80,0.001, 0.0234238, 0.0329611, 0.0495888, 0.0612462, 0.0695528, 0.0704856, 0.103625, 0.109511, 0.12551, 0.135784, 0.156699, 0.283853, 0.921726, 1, 

Generation #29
28,98,0.001, 0.0295186, 0.0449547, 0.0598138, 0.0732819, 0.0841294, 0.201901, 0.201889, 0.142316, 0.147384, 1, 

27,111,0.001, 0.0171178, 0.047519, 0.0709373, 0.0612462, 0.0695528, 0.0704856, 0.103625, 0.129032, 0.129539, 1, 

34,79,0.001, 0.0295186, 0.0449547, 0.0495888, 0.0612462, 0.0695528, 0.0704856, 0.103625, 0.109511, 0.12551, 0.135784, 0.156699, 0.283853, 0.199001, 0.368377, 0.524351, 0.553279, 0.566175, 1, 

29,94,0.001, 0.0234238, 0.0459443, 0.0495888, 0.0612462, 0.0695528, 0.0704856, 0.103625, 0.352507, 0.404417, 0.40656, 0.961518, 1, 

30,80,0.001, 0.0234238, 0.0329611, 0.0495888, 0.0612462, 0.0695528, 0.0704856, 0.103625, 0.109511, 0.12551, 0.135784, 0.156699, 0.283853, 0.921726, 1, 

Generation #30
28,98,0.001, 0.0295186, 0.0449547, 0.0598138, 0.0732819, 0.0841294, 0.201901, 0.201889, 0.142316, 0.147384, 1, 

27,111,0.001, 0.0171178, 0.047519, 0.0709373, 0.0612462, 0.0695528, 0.0704856, 0.103625, 0.129032, 0.129539, 1, 

29,94,0.001, 0.0234238, 0.0459443, 0.0495888, 0.0612462, 0.0695528, 0.0704856, 0.103625, 0.352507, 0.404417, 0.40656, 0.961518, 1, 

30,80,0.001, 0.0234238, 0.0329611, 0.0495888, 0.0612462, 0.0695528, 0.0704856, 0.103625, 0.109511, 0.12551, 0.135784, 0.156699, 0.283853, 0.921726, 1, 

31,76,0.001, 0.0234238, 0.0459443, 0.0495888, 0.0612462, 0.0254602, 0.0695528, 0.0704856, 0.103625, 0.109511, 0.12551, 0.135784, 0.156699, 0.368377, 0.524351, 0.553279, 0.566175, 1, 

Generation #31
28,98,0.001, 0.0295186, 0.0449547, 0.0598138, 0.0732819, 0.0841294, 0.201901, 0.201889, 0.142316, 0.147384, 1, 

27,111,0.001, 0.0171178, 0.047519, 0.0709373, 0.0612462, 0.0695528, 0.0704856, 0.103625, 0.129032, 0.129539, 1, 

29,94,0.001, 0.0234238, 0.0459443, 0.0495888, 0.0612462, 0.0695528, 0.0704856, 0.103625, 0.352507, 0.404417, 0.40656, 0.961518, 1, 

30,80,0.001, 0.0234238, 0.0329611, 0.0495888, 0.0612462, 0.0695528, 0.0704856, 0.103625, 0.109511, 0.12551, 0.135784, 0.156699, 0.283853, 0.921726, 1, 

31,76,0.001, 0.0234238, 0.0459443, 0.0495888, 0.0612462, 0.0254602, 0.0695528, 0.0704856, 0.103625, 0.109511, 0.12551, 0.135784, 0.156699, 0.368377, 0.524351, 0.553279, 0.566175, 1, 

Generation #32
28,98,0.001, 0.0295186, 0.0449547, 0.0598138, 0.0732819, 0.0841294, 0.201901, 0.201889, 0.142316, 0.147384, 1, 

27,111,0.001, 0.0171178, 0.047519, 0.0709373, 0.0612462, 0.0695528, 0.0704856, 0.103625, 0.129032, 0.129539, 1, 

29,94,0.001, 0.0234238, 0.0459443, 0.0495888, 0.0612462, 0.0695528, 0.0704856, 0.103625, 0.352507, 0.404417, 0.40656, 0.961518, 1, 

30,80,0.001, 0.0234238, 0.0329611, 0.0495888, 0.0612462, 0.0695528, 0.0704856, 0.103625, 0.109511, 0.12551, 0.135784, 0.156699, 0.283853, 0.921726, 1, 

31,76,0.001, 0.0234238, 0.0459443, 0.0495888, 0.0612462, 0.0254602, 0.0695528, 0.0704856, 0.103625, 0.109511, 0.12551, 0.135784, 0.156699, 0.368377, 0.524351, 0.553279, 0.566175, 1, 

Generation #33
28,98,0.001, 0.0295186, 0.0449547, 0.0598138, 0.0732819, 0.0841294, 0.201901, 0.201889, 0.142316, 0.147384, 1, 

27,111,0.001, 0.0171178, 0.047519, 0.0709373, 0.0612462, 0.0695528, 0.0704856, 0.103625, 0.129032, 0.129539, 1, 

29,94,0.001, 0.0234238, 0.0459443, 0.0495888, 0.0612462, 0.0695528, 0.0704856, 0.103625, 0.352507, 0.404417, 0.40656, 0.961518, 1, 

30,80,0.001, 0.0234238, 0.0329611, 0.0495888, 0.0612462, 0.0695528, 0.0704856, 0.103625, 0.109511, 0.12551, 0.135784, 0.156699, 0.283853, 0.921726, 1, 

31,76,0.001, 0.0234238, 0.0459443, 0.0495888, 0.0612462, 0.0254602, 0.0695528, 0.0704856, 0.103625, 0.109511, 0.12551, 0.135784, 0.156699, 0.368377, 0.524351, 0.553279, 0.566175, 1, 

Generation #34
27,111,0.001, 0.0171178, 0.047519, 0.0709373, 0.0612462, 0.0695528, 0.0704856, 0.103625, 0.129032, 0.129539, 1, 

30,80,0.001, 0.0234238, 0.0329611, 0.0495888, 0.0612462, 0.0695528, 0.0704856, 0.103625, 0.109511, 0.12551, 0.135784, 0.156699, 0.283853, 0.921726, 1, 

31,76,0.001, 0.0234238, 0.0459443, 0.0495888, 0.0612462, 0.0254602, 0.0695528, 0.0704856, 0.103625, 0.109511, 0.12551, 0.135784, 0.156699, 0.368377, 0.524351, 0.553279, 0.566175, 1, 

28,94,0.001, 0.0234238, 0.0329611, 0.0495888, 0.0775475, 0.0704856, 0.109511, 0.129539, 0.142316, 0.147384, 1, 

Generation #35
27,111,0.001, 0.0171178, 0.047519, 0.0709373, 0.0612462, 0.0695528, 0.0704856, 0.103625, 0.129032, 0.129539, 1, 

30,80,0.001, 0.0234238, 0.0329611, 0.0495888, 0.0612462, 0.0695528, 0.0704856, 0.103625, 0.109511, 0.12551, 0.135784, 0.156699, 0.283853, 0.921726, 1, 

31,76,0.001, 0.0234238, 0.0459443, 0.0495888, 0.0612462, 0.0254602, 0.0695528, 0.0704856, 0.103625, 0.109511, 0.12551, 0.135784, 0.156699, 0.368377, 0.524351, 0.553279, 0.566175, 1, 

28,94,0.001, 0.0234238, 0.0329611, 0.0495888, 0.0775475, 0.0704856, 0.109511, 0.129539, 0.142316, 0.147384, 1, 

Generation #36
27,111,0.001, 0.0171178, 0.047519, 0.0709373, 0.0612462, 0.0695528, 0.0704856, 0.103625, 0.129032, 0.129539, 1, 

30,80,0.001, 0.0234238, 0.0329611, 0.0495888, 0.0612462, 0.0695528, 0.0704856, 0.103625, 0.109511, 0.12551, 0.135784, 0.156699, 0.283853, 0.921726, 1, 

31,76,0.001, 0.0234238, 0.0459443, 0.0495888, 0.0612462, 0.0254602, 0.0695528, 0.0704856, 0.103625, 0.109511, 0.12551, 0.135784, 0.156699, 0.368377, 0.524351, 0.553279, 0.566175, 1, 

28,94,0.001, 0.0234238, 0.0329611, 0.0495888, 0.0775475, 0.0704856, 0.109511, 0.129539, 0.142316, 0.147384, 1, 

Generation #37
27,111,0.001, 0.0171178, 0.047519, 0.0709373, 0.0612462, 0.0695528, 0.0704856, 0.103625, 0.129032, 0.129539, 1, 

30,80,0.001, 0.0234238, 0.0329611, 0.0495888, 0.0612462, 0.0695528, 0.0704856, 0.103625, 0.109511, 0.12551, 0.135784, 0.156699, 0.283853, 0.921726, 1, 

31,76,0.001, 0.0234238, 0.0459443, 0.0495888, 0.0612462, 0.0254602, 0.0695528, 0.0704856, 0.103625, 0.109511, 0.12551, 0.135784, 0.156699, 0.368377, 0.524351, 0.553279, 0.566175, 1, 

28,94,0.001, 0.0234238, 0.0329611, 0.0495888, 0.0775475, 0.0704856, 0.109511, 0.129539, 0.142316, 0.147384, 1, 

Generation #38
27,111,0.001, 0.0171178, 0.047519, 0.0709373, 0.0612462, 0.0695528, 0.0704856, 0.103625, 0.129032, 0.129539, 1, 

30,80,0.001, 0.0234238, 0.0329611, 0.0495888, 0.0612462, 0.0695528, 0.0704856, 0.103625, 0.109511, 0.12551, 0.135784, 0.156699, 0.283853, 0.921726, 1, 

31,76,0.001, 0.0234238, 0.0459443, 0.0495888, 0.0612462, 0.0254602, 0.0695528, 0.0704856, 0.103625, 0.109511, 0.12551, 0.135784, 0.156699, 0.368377, 0.524351, 0.553279, 0.566175, 1, 

28,94,0.001, 0.0234238, 0.0329611, 0.0495888, 0.0775475, 0.0704856, 0.109511, 0.129539, 0.142316, 0.147384, 1, 

Generation #39
27,111,0.001, 0.0171178, 0.047519, 0.0709373, 0.0612462, 0.0695528, 0.0704856, 0.103625, 0.129032, 0.129539, 1, 

30,80,0.001, 0.0234238, 0.0329611, 0.0495888, 0.0612462, 0.0695528, 0.0704856, 0.103625, 0.109511, 0.12551, 0.135784, 0.156699, 0.283853, 0.921726, 1, 

31,76,0.001, 0.0234238, 0.0459443, 0.0495888, 0.0612462, 0.0254602, 0.0695528, 0.0704856, 0.103625, 0.109511, 0.12551, 0.135784, 0.156699, 0.368377, 0.524351, 0.553279, 0.566175, 1, 

28,94,0.001, 0.0234238, 0.0329611, 0.0495888, 0.0775475, 0.0704856, 0.109511, 0.129539, 0.142316, 0.147384, 1, 

29,89,0.0152727, 0.0226615, 0.024254, 0.0568408, 0.0725354, 0.0775475, 0.089264, 0.113782, 0.129032, 0.129539, 0.142316, 0.147384, 1, 

Generation #40
27,111,0.001, 0.0171178, 0.047519, 0.0709373, 0.0612462, 0.0695528, 0.0704856, 0.103625, 0.129032, 0.129539, 1, 

30,80,0.001, 0.0234238, 0.0329611, 0.0495888, 0.0612462, 0.0695528, 0.0704856, 0.103625, 0.109511, 0.12551, 0.135784, 0.156699, 0.283853, 0.921726, 1, 

31,76,0.001, 0.0234238, 0.0459443, 0.0495888, 0.0612462, 0.0254602, 0.0695528, 0.0704856, 0.103625, 0.109511, 0.12551, 0.135784, 0.156699, 0.368377, 0.524351, 0.553279, 0.566175, 1, 

28,94,0.001, 0.0234238, 0.0329611, 0.0495888, 0.0775475, 0.0704856, 0.109511, 0.129539, 0.142316, 0.147384, 1, 

29,89,0.0152727, 0.0226615, 0.024254, 0.0568408, 0.0725354, 0.0775475, 0.089264, 0.113782, 0.129032, 0.129539, 0.142316, 0.147384, 1, 

Generation #41
27,111,0.001, 0.0171178, 0.047519, 0.0709373, 0.0612462, 0.0695528, 0.0704856, 0.103625, 0.129032, 0.129539, 1, 

30,80,0.001, 0.0234238, 0.0329611, 0.0495888, 0.0612462, 0.0695528, 0.0704856, 0.103625, 0.109511, 0.12551, 0.135784, 0.156699, 0.283853, 0.921726, 1, 

31,76,0.001, 0.0234238, 0.0459443, 0.0495888, 0.0612462, 0.0254602, 0.0695528, 0.0704856, 0.103625, 0.109511, 0.12551, 0.135784, 0.156699, 0.368377, 0.524351, 0.553279, 0.566175, 1, 

28,94,0.001, 0.0234238, 0.0329611, 0.0495888, 0.0775475, 0.0704856, 0.109511, 0.129539, 0.142316, 0.147384, 1, 

29,89,0.0152727, 0.0226615, 0.024254, 0.0568408, 0.0725354, 0.0775475, 0.089264, 0.113782, 0.129032, 0.129539, 0.142316, 0.147384, 1, 

Generation #42
27,111,0.001, 0.0171178, 0.047519, 0.0709373, 0.0612462, 0.0695528, 0.0704856, 0.103625, 0.129032, 0.129539, 1, 

30,80,0.001, 0.0234238, 0.0329611, 0.0495888, 0.0612462, 0.0695528, 0.0704856, 0.103625, 0.109511, 0.12551, 0.135784, 0.156699, 0.283853, 0.921726, 1, 

31,76,0.001, 0.0234238, 0.0459443, 0.0495888, 0.0612462, 0.0254602, 0.0695528, 0.0704856, 0.103625, 0.109511, 0.12551, 0.135784, 0.156699, 0.368377, 0.524351, 0.553279, 0.566175, 1, 

28,94,0.001, 0.0234238, 0.0329611, 0.0495888, 0.0775475, 0.0704856, 0.109511, 0.129539, 0.142316, 0.147384, 1, 

29,89,0.0152727, 0.0226615, 0.024254, 0.0568408, 0.0725354, 0.0775475, 0.089264, 0.113782, 0.129032, 0.129539, 0.142316, 0.147384, 1, 

Generation #43
27,111,0.001, 0.0171178, 0.047519, 0.0709373, 0.0612462, 0.0695528, 0.0704856, 0.103625, 0.129032, 0.129539, 1, 

30,80,0.001, 0.0234238, 0.0329611, 0.0495888, 0.0612462, 0.0695528, 0.0704856, 0.103625, 0.109511, 0.12551, 0.135784, 0.156699, 0.283853, 0.921726, 1, 

31,76,0.001, 0.0234238, 0.0459443, 0.0495888, 0.0612462, 0.0254602, 0.0695528, 0.0704856, 0.103625, 0.109511, 0.12551, 0.135784, 0.156699, 0.368377, 0.524351, 0.553279, 0.566175, 1, 

28,94,0.001, 0.0234238, 0.0329611, 0.0495888, 0.0775475, 0.0704856, 0.109511, 0.129539, 0.142316, 0.147384, 1, 

29,89,0.0152727, 0.0226615, 0.024254, 0.0568408, 0.0725354, 0.0775475, 0.089264, 0.113782, 0.129032, 0.129539, 0.142316, 0.147384, 1, 

Generation #44
27,111,0.001, 0.0171178, 0.047519, 0.0709373, 0.0612462, 0.0695528, 0.0704856, 0.103625, 0.129032, 0.129539, 1, 

30,80,0.001, 0.0234238, 0.0329611, 0.0495888, 0.0612462, 0.0695528, 0.0704856, 0.103625, 0.109511, 0.12551, 0.135784, 0.156699, 0.283853, 0.921726, 1, 

31,76,0.001, 0.0234238, 0.0459443, 0.0495888, 0.0612462, 0.0254602, 0.0695528, 0.0704856, 0.103625, 0.109511, 0.12551, 0.135784, 0.156699, 0.368377, 0.524351, 0.553279, 0.566175, 1, 

28,94,0.001, 0.0234238, 0.0329611, 0.0495888, 0.0775475, 0.0704856, 0.109511, 0.129539, 0.142316, 0.147384, 1, 

29,89,0.0152727, 0.0226615, 0.024254, 0.0568408, 0.0725354, 0.0775475, 0.089264, 0.113782, 0.129032, 0.129539, 0.142316, 0.147384, 1, 

Generation #45
27,111,0.001, 0.0171178, 0.047519, 0.0709373, 0.0612462, 0.0695528, 0.0704856, 0.103625, 0.129032, 0.129539, 1, 

30,80,0.001, 0.0234238, 0.0329611, 0.0495888, 0.0612462, 0.0695528, 0.0704856, 0.103625, 0.109511, 0.12551, 0.135784, 0.156699, 0.283853, 0.921726, 1, 

31,76,0.001, 0.0234238, 0.0459443, 0.0495888, 0.0612462, 0.0254602, 0.0695528, 0.0704856, 0.103625, 0.109511, 0.12551, 0.135784, 0.156699, 0.368377, 0.524351, 0.553279, 0.566175, 1, 

28,94,0.001, 0.0234238, 0.0329611, 0.0495888, 0.0775475, 0.0704856, 0.109511, 0.129539, 0.142316, 0.147384, 1, 

29,89,0.0152727, 0.0226615, 0.024254, 0.0568408, 0.0725354, 0.0775475, 0.089264, 0.113782, 0.129032, 0.129539, 0.142316, 0.147384, 1, 

Generation #46
27,111,0.001, 0.0171178, 0.047519, 0.0709373, 0.0612462, 0.0695528, 0.0704856, 0.103625, 0.129032, 0.129539, 1, 

30,80,0.001, 0.0234238, 0.0329611, 0.0495888, 0.0612462, 0.0695528, 0.0704856, 0.103625, 0.109511, 0.12551, 0.135784, 0.156699, 0.283853, 0.921726, 1, 

31,76,0.001, 0.0234238, 0.0459443, 0.0495888, 0.0612462, 0.0254602, 0.0695528, 0.0704856, 0.103625, 0.109511, 0.12551, 0.135784, 0.156699, 0.368377, 0.524351, 0.553279, 0.566175, 1, 

28,94,0.001, 0.0234238, 0.0329611, 0.0495888, 0.0775475, 0.0704856, 0.109511, 0.129539, 0.142316, 0.147384, 1, 

29,89,0.0152727, 0.0226615, 0.024254, 0.0568408, 0.0725354, 0.0775475, 0.089264, 0.113782, 0.129032, 0.129539, 0.142316, 0.147384, 1, 

Generation #47
27,111,0.001, 0.0171178, 0.047519, 0.0709373, 0.0612462, 0.0695528, 0.0704856, 0.103625, 0.129032, 0.129539, 1, 

30,80,0.001, 0.0234238, 0.0329611, 0.0495888, 0.0612462, 0.0695528, 0.0704856, 0.103625, 0.109511, 0.12551, 0.135784, 0.156699, 0.283853, 0.921726, 1, 

31,76,0.001, 0.0234238, 0.0459443, 0.0495888, 0.0612462, 0.0254602, 0.0695528, 0.0704856, 0.103625, 0.109511, 0.12551, 0.135784, 0.156699, 0.368377, 0.524351, 0.553279, 0.566175, 1, 

28,94,0.001, 0.0234238, 0.0329611, 0.0495888, 0.0775475, 0.0704856, 0.109511, 0.129539, 0.142316, 0.147384, 1, 

29,89,0.0152727, 0.0226615, 0.024254, 0.0568408, 0.0725354, 0.0775475, 0.089264, 0.113782, 0.129032, 0.129539, 0.142316, 0.147384, 1, 

Generation #48
27,111,0.001, 0.0171178, 0.047519, 0.0709373, 0.0612462, 0.0695528, 0.0704856, 0.103625, 0.129032, 0.129539, 1, 

30,80,0.001, 0.0234238, 0.0329611, 0.0495888, 0.0612462, 0.0695528, 0.0704856, 0.103625, 0.109511, 0.12551, 0.135784, 0.156699, 0.283853, 0.921726, 1, 

31,76,0.001, 0.0234238, 0.0459443, 0.0495888, 0.0612462, 0.0254602, 0.0695528, 0.0704856, 0.103625, 0.109511, 0.12551, 0.135784, 0.156699, 0.368377, 0.524351, 0.553279, 0.566175, 1, 

28,94,0.001, 0.0234238, 0.0329611, 0.0495888, 0.0775475, 0.0704856, 0.109511, 0.129539, 0.142316, 0.147384, 1, 

29,89,0.0152727, 0.0226615, 0.024254, 0.0568408, 0.0725354, 0.0775475, 0.089264, 0.113782, 0.129032, 0.129539, 0.142316, 0.147384, 1, 

Generation #49
27,111,0.001, 0.0171178, 0.047519, 0.0709373, 0.0612462, 0.0695528, 0.0704856, 0.103625, 0.129032, 0.129539, 1, 

30,80,0.001, 0.0234238, 0.0329611, 0.0495888, 0.0612462, 0.0695528, 0.0704856, 0.103625, 0.109511, 0.12551, 0.135784, 0.156699, 0.283853, 0.921726, 1, 

31,76,0.001, 0.0234238, 0.0459443, 0.0495888, 0.0612462, 0.0254602, 0.0695528, 0.0704856, 0.103625, 0.109511, 0.12551, 0.135784, 0.156699, 0.368377, 0.524351, 0.553279, 0.566175, 1, 

28,94,0.001, 0.0234238, 0.0329611, 0.0495888, 0.0775475, 0.0704856, 0.109511, 0.129539, 0.142316, 0.147384, 1, 

29,89,0.0152727, 0.0226615, 0.024254, 0.0568408, 0.0725354, 0.0775475, 0.089264, 0.113782, 0.129032, 0.129539, 0.142316, 0.147384, 1, 

--- Pareto Front Solutions ---
Solution 0: N total=77 (N_initial=50, N_added=27), Time total=116 ms, Saved to: ./results/Flex_t2_l2_pareto_0.csv, percents=0.001, 0.0171178, 0.047519, 0.0709373, 0.0612462, 0.0695528, 0.0704856, 0.103625, 0.129032, 0.129539, 1, 

Solution 1: N total=80 (N_initial=50, N_added=30), Time total=85 ms, Saved to: ./results/Flex_t2_l2_pareto_1.csv, percents=0.001, 0.0234238, 0.0329611, 0.0495888, 0.0612462, 0.0695528, 0.0704856, 0.103625, 0.109511, 0.12551, 0.135784, 0.156699, 0.283853, 0.921726, 1, 

Solution 2: N total=81 (N_initial=50, N_added=31), Time total=81 ms, Saved to: ./results/Flex_t2_l2_pareto_2.csv, percents=0.001, 0.0234238, 0.0459443, 0.0495888, 0.0612462, 0.0254602, 0.0695528, 0.0704856, 0.103625, 0.109511, 0.12551, 0.135784, 0.156699, 0.368377, 0.524351, 0.553279, 0.566175, 1, 

Solution 3: N total=78 (N_initial=50, N_added=28), Time total=99 ms, Saved to: ./results/Flex_t2_l2_pareto_3.csv, percents=0.001, 0.0234238, 0.0329611, 0.0495888, 0.0775475, 0.0704856, 0.109511, 0.129539, 0.142316, 0.147384, 1, 

Solution 4: N total=79 (N_initial=50, N_added=29), Time total=94 ms, Saved to: ./results/Flex_t2_l2_pareto_4.csv, percents=0.0152727, 0.0226615, 0.024254, 0.0568408, 0.0725354, 0.0775475, 0.089264, 0.113782, 0.129032, 0.129539, 0.142316, 0.147384, 1, 

------------d=1, t=2, lambda=3, filename=./evaluation/Flex/Flex_2_3.csv------------
Grouping d-sets by partitioned row counts for detecting arrays...
Ready to look at pairs for detecting arrays...
First Stage N=75, Time=8
There are 142 remaining non-locating pairs
--- Running GA Algorithm (phase2) ---
Running GA with std::execution::par
Generation #0
34,17,0.001, 0.0115632, 0.0115932, 0.0373832, 0.0468097, 0.0938639, 0.0956859, 0.097751, 0.163922, 0.176389, 0.407548, 0.408021, 0.413158, 0.46606, 0.466849, 0.498262, 0.528124, 0.563597, 0.577192, 0.700451, 0.830388, 0.847818, 0.928816, 0.931913, 0.94608, 0.971127, 1, 

23,28,0.001, 0.032707, 0.0340171, 0.037199, 0.0506054, 0.118055, 0.145188, 0.231331, 0.274743, 0.278414, 0.303546, 0.363813, 0.57661, 0.96506, 0.966568, 0.973636, 1, 

27,23,0.001, 0.0211802, 0.0247693, 0.0428402, 0.0491042, 0.0735218, 0.125248, 0.127293, 0.135385, 0.252194, 0.4516, 0.536571, 0.541578, 0.56361, 0.66102, 0.763946, 0.804637, 0.906528, 1, 

31,21,0.001, 0.0204155, 0.0283516, 0.0339652, 0.0563501, 0.114221, 0.130437, 0.188451, 0.292115, 0.299492, 0.314903, 0.33216, 0.379872, 0.505381, 0.553252, 0.660775, 0.741109, 0.877903, 0.937117, 0.96083, 0.99103, 0.993877, 1, 

Generation #1
23,28,0.001, 0.032707, 0.0340171, 0.037199, 0.0506054, 0.118055, 0.145188, 0.231331, 0.274743, 0.278414, 0.303546, 0.363813, 0.57661, 0.96506, 0.966568, 0.973636, 1, 

30,14,0.001, 0.0204155, 0.0283516, 0.0339652, 0.0563501, 0.114221, 0.130437, 0.193881, 0.200045, 0.22974, 0.256046, 0.276981, 0.318813, 0.453689, 0.457724, 0.552376, 0.620198, 0.647844, 0.748804, 0.824789, 0.847406, 0.876219, 0.915735, 0.999398, 1, 

24,18,0.001, 0.0305264, 0.0456354, 0.0671553, 0.0935966, 0.11381, 0.184008, 0.215282, 0.27398, 0.290523, 0.295681, 0.310149, 0.57661, 0.96506, 0.966568, 0.973636, 1, 

22,40,0.001, 0.0305522, 0.0593183, 0.104556, 0.12708, 0.206584, 0.302266, 0.310972, 0.314734, 0.430093, 0.434086, 0.521019, 0.946197, 1, 

Generation #2
30,14,0.001, 0.0204155, 0.0283516, 0.0339652, 0.0563501, 0.114221, 0.130437, 0.193881, 0.200045, 0.22974, 0.256046, 0.276981, 0.318813, 0.453689, 0.457724, 0.552376, 0.620198, 0.647844, 0.748804, 0.824789, 0.847406, 0.876219, 0.915735, 0.999398, 1, 

24,18,0.001, 0.0305264, 0.0456354, 0.0671553, 0.0935966, 0.11381, 0.184008, 0.215282, 0.27398, 0.290523, 0.295681, 0.310149, 0.57661, 0.96506, 0.966568, 0.973636, 1, 

23,19,0.001, 0.014544, 0.014719, 0.046676, 0.077286, 0.0879414, 0.0922921, 0.144912, 0.186408, 0.271892, 0.775958, 0.843928, 0.944752, 1, 

21,29,0.001, 0.0440722, 0.0614406, 0.160159, 0.186154, 0.248919, 0.280421, 0.281832, 0.59801, 0.690142, 0.880551, 1, 

Generation #3
30,14,0.001, 0.0204155, 0.0283516, 0.0339652, 0.0563501, 0.114221, 0.130437, 0.193881, 0.200045, 0.22974, 0.256046, 0.276981, 0.318813, 0.453689, 0.457724, 0.552376, 0.620198, 0.647844, 0.748804, 0.824789, 0.847406, 0.876219, 0.915735, 0.999398, 1, 

21,21,0.001, 0.014544, 0.014719, 0.125082, 0.138075, 0.112463, 0.133674, 0.180133, 0.217581, 0.22316, 0.322806, 0.3345, 0.972671, 1, 

22,15,0.001, 0.014544, 0.014719, 0.046676, 0.077286, 0.0879414, 0.0922921, 0.144912, 0.103317, 0.271892, 0.775958, 0.843928, 0.915848, 0.922999, 1, 

Generation #4
30,14,0.001, 0.0204155, 0.0283516, 0.0339652, 0.0563501, 0.114221, 0.130437, 0.193881, 0.200045, 0.22974, 0.256046, 0.276981, 0.318813, 0.453689, 0.457724, 0.552376, 0.620198, 0.647844, 0.748804, 0.824789, 0.847406, 0.876219, 0.915735, 0.999398, 1, 

22,15,0.001, 0.014544, 0.014719, 0.046676, 0.077286, 0.0879414, 0.0922921, 0.144912, 0.103317, 0.271892, 0.775958, 0.843928, 0.915848, 0.922999, 1, 

20,42,0.001, 0.0440722, 0.0614406, 0.160159, 0.186154, 0.248919, 0.280421, 0.896076, 0.927114, 0.95401, 1, 

32,13,0.001, 0.0204155, 0.0283516, 0.0339652, 0.0563501, 0.114221, 0.130437, 0.188451, 0.292115, 0.299492, 0.314903, 0.33216, 0.379872, 0.505381, 0.553252, 0.660775, 0.697265, 0.730449, 0.753662, 0.822032, 0.832051, 0.846521, 0.849052, 0.969547, 0.931292, 0.956733, 1, 

21,20,0.001, 0.0425235, 0.0532362, 0.103555, 0.124523, 0.112463, 0.133674, 0.180133, 0.217581, 0.22316, 0.322806, 0.3345, 0.972671, 1, 

Generation #5
21,11,0.001, 0.032707, 0.0340171, 0.037199, 0.0506054, 0.112463, 0.133674, 0.180133, 0.217581, 0.22316, 0.322806, 0.3345, 0.972671, 0.96506, 0.966568, 0.973636, 1, 

20,14,0.001, 0.014544, 0.014719, 0.046676, 0.077286, 0.0879414, 0.0922921, 0.237677, 0.217581, 0.22316, 0.322806, 0.3345, 0.972671, 1, 

Generation #6
21,11,0.001, 0.032707, 0.0340171, 0.037199, 0.0506054, 0.112463, 0.133674, 0.180133, 0.217581, 0.22316, 0.322806, 0.3345, 0.972671, 0.96506, 0.966568, 0.973636, 1, 

20,14,0.001, 0.014544, 0.014719, 0.046676, 0.077286, 0.0879414, 0.0922921, 0.237677, 0.217581, 0.22316, 0.322806, 0.3345, 0.972671, 1, 

19,17,0.001, 0.014544, 0.0379048, 0.014719, 0.124523, 0.199897, 0.0922921, 0.144912, 0.271892, 0.775958, 0.843928, 0.944752, 1, 

Generation #7
21,11,0.001, 0.032707, 0.0340171, 0.037199, 0.0506054, 0.112463, 0.133674, 0.180133, 0.217581, 0.22316, 0.322806, 0.3345, 0.972671, 0.96506, 0.966568, 0.973636, 1, 

20,14,0.001, 0.014544, 0.014719, 0.046676, 0.077286, 0.0879414, 0.0922921, 0.237677, 0.217581, 0.22316, 0.322806, 0.3345, 0.972671, 1, 

19,17,0.001, 0.014544, 0.0379048, 0.014719, 0.124523, 0.199897, 0.0922921, 0.144912, 0.271892, 0.775958, 0.843928, 0.944752, 1, 

18,60,0.001, 0.0204155, 0.0283516, 0.0339652, 0.0563501, 0.59801, 0.690142, 0.880551, 1, 

Generation #8
21,11,0.001, 0.032707, 0.0340171, 0.037199, 0.0506054, 0.112463, 0.133674, 0.180133, 0.217581, 0.22316, 0.322806, 0.3345, 0.972671, 0.96506, 0.966568, 0.973636, 1, 

20,14,0.001, 0.014544, 0.014719, 0.046676, 0.077286, 0.0879414, 0.0922921, 0.237677, 0.217581, 0.22316, 0.322806, 0.3345, 0.972671, 1, 

19,17,0.001, 0.014544, 0.0379048, 0.014719, 0.124523, 0.199897, 0.0922921, 0.144912, 0.271892, 0.775958, 0.843928, 0.944752, 1, 

18,60,0.001, 0.0204155, 0.0283516, 0.0339652, 0.0563501, 0.59801, 0.690142, 0.880551, 1, 

Generation #9
21,11,0.001, 0.032707, 0.0340171, 0.037199, 0.0506054, 0.112463, 0.133674, 0.180133, 0.217581, 0.22316, 0.322806, 0.3345, 0.972671, 0.96506, 0.966568, 0.973636, 1, 

20,14,0.001, 0.014544, 0.014719, 0.046676, 0.077286, 0.0879414, 0.0922921, 0.237677, 0.217581, 0.22316, 0.322806, 0.3345, 0.972671, 1, 

19,17,0.001, 0.014544, 0.0379048, 0.014719, 0.124523, 0.199897, 0.0922921, 0.144912, 0.271892, 0.775958, 0.843928, 0.944752, 1, 

18,60,0.001, 0.0204155, 0.0283516, 0.0339652, 0.0563501, 0.59801, 0.690142, 0.880551, 1, 

Generation #10
18,60,0.001, 0.0204155, 0.0283516, 0.0339652, 0.0563501, 0.59801, 0.690142, 0.880551, 1, 

19,11,0.001, 0.014544, 0.014719, 0.046676, 0.077286, 0.0879414, 0.0922921, 0.144912, 0.217581, 0.22316, 0.322806, 0.3345, 0.81068, 1, 

Generation #11
18,60,0.001, 0.0204155, 0.0283516, 0.0339652, 0.0563501, 0.59801, 0.690142, 0.880551, 1, 

19,11,0.001, 0.014544, 0.014719, 0.046676, 0.077286, 0.0879414, 0.0922921, 0.144912, 0.217581, 0.22316, 0.322806, 0.3345, 0.81068, 1, 

Generation #12
18,60,0.001, 0.0204155, 0.0283516, 0.0339652, 0.0563501, 0.59801, 0.690142, 0.880551, 1, 

19,11,0.001, 0.014544, 0.014719, 0.046676, 0.077286, 0.0879414, 0.0922921, 0.144912, 0.217581, 0.22316, 0.322806, 0.3345, 0.81068, 1, 

Generation #13
19,11,0.001, 0.014544, 0.014719, 0.046676, 0.077286, 0.0879414, 0.0922921, 0.144912, 0.217581, 0.22316, 0.322806, 0.3345, 0.81068, 1, 

31,9,0.001, 0.0204155, 0.0247693, 0.0428402, 0.0491042, 0.0735218, 0.125248, 0.127293, 0.135385, 0.252194, 0.4516, 0.536571, 0.541578, 0.390917, 0.56361, 0.66102, 0.763946, 0.528124, 0.563597, 0.577192, 0.700451, 0.830388, 0.847818, 0.91612, 0.931292, 0.956733, 1, 

17,35,0.001, 0.014544, 0.014719, 0.046676, 0.0563501, 0.114221, 0.271892, 0.693814, 0.742222, 1, 

Generation #14
19,11,0.001, 0.014544, 0.014719, 0.046676, 0.077286, 0.0879414, 0.0922921, 0.144912, 0.217581, 0.22316, 0.322806, 0.3345, 0.81068, 1, 

31,9,0.001, 0.0204155, 0.0247693, 0.0428402, 0.0491042, 0.0735218, 0.125248, 0.127293, 0.135385, 0.252194, 0.4516, 0.536571, 0.541578, 0.390917, 0.56361, 0.66102, 0.763946, 0.528124, 0.563597, 0.577192, 0.700451, 0.830388, 0.847818, 0.91612, 0.931292, 0.956733, 1, 

17,35,0.001, 0.014544, 0.014719, 0.046676, 0.0563501, 0.114221, 0.271892, 0.693814, 0.742222, 1, 

18,20,0.001, 0.0204155, 0.0283516, 0.0339652, 0.077286, 0.0879414, 0.0922921, 0.144912, 0.103317, 0.95401, 1, 

Generation #15
19,11,0.001, 0.014544, 0.014719, 0.046676, 0.077286, 0.0879414, 0.0922921, 0.144912, 0.217581, 0.22316, 0.322806, 0.3345, 0.81068, 1, 

31,9,0.001, 0.0204155, 0.0247693, 0.0428402, 0.0491042, 0.0735218, 0.125248, 0.127293, 0.135385, 0.252194, 0.4516, 0.536571, 0.541578, 0.390917, 0.56361, 0.66102, 0.763946, 0.528124, 0.563597, 0.577192, 0.700451, 0.830388, 0.847818, 0.91612, 0.931292, 0.956733, 1, 

17,35,0.001, 0.014544, 0.014719, 0.046676, 0.0563501, 0.114221, 0.271892, 0.693814, 0.742222, 1, 

18,20,0.001, 0.0204155, 0.0283516, 0.0339652, 0.077286, 0.0879414, 0.0922921, 0.144912, 0.103317, 0.95401, 1, 

Generation #16
19,11,0.001, 0.014544, 0.014719, 0.046676, 0.077286, 0.0879414, 0.0922921, 0.144912, 0.217581, 0.22316, 0.322806, 0.3345, 0.81068, 1, 

31,9,0.001, 0.0204155, 0.0247693, 0.0428402, 0.0491042, 0.0735218, 0.125248, 0.127293, 0.135385, 0.252194, 0.4516, 0.536571, 0.541578, 0.390917, 0.56361, 0.66102, 0.763946, 0.528124, 0.563597, 0.577192, 0.700451, 0.830388, 0.847818, 0.91612, 0.931292, 0.956733, 1, 

17,35,0.001, 0.014544, 0.014719, 0.046676, 0.0563501, 0.114221, 0.271892, 0.693814, 0.742222, 1, 

18,20,0.001, 0.0204155, 0.0283516, 0.0339652, 0.077286, 0.0879414, 0.0922921, 0.144912, 0.103317, 0.95401, 1, 

Generation #17
19,11,0.001, 0.014544, 0.014719, 0.046676, 0.077286, 0.0879414, 0.0922921, 0.144912, 0.217581, 0.22316, 0.322806, 0.3345, 0.81068, 1, 

31,9,0.001, 0.0204155, 0.0247693, 0.0428402, 0.0491042, 0.0735218, 0.125248, 0.127293, 0.135385, 0.252194, 0.4516, 0.536571, 0.541578, 0.390917, 0.56361, 0.66102, 0.763946, 0.528124, 0.563597, 0.577192, 0.700451, 0.830388, 0.847818, 0.91612, 0.931292, 0.956733, 1, 

17,35,0.001, 0.014544, 0.014719, 0.046676, 0.0563501, 0.114221, 0.271892, 0.693814, 0.742222, 1, 

18,20,0.001, 0.0204155, 0.0283516, 0.0339652, 0.077286, 0.0879414, 0.0922921, 0.144912, 0.103317, 0.95401, 1, 

Generation #18
19,11,0.001, 0.014544, 0.014719, 0.046676, 0.077286, 0.0879414, 0.0922921, 0.144912, 0.217581, 0.22316, 0.322806, 0.3345, 0.81068, 1, 

31,9,0.001, 0.0204155, 0.0247693, 0.0428402, 0.0491042, 0.0735218, 0.125248, 0.127293, 0.135385, 0.252194, 0.4516, 0.536571, 0.541578, 0.390917, 0.56361, 0.66102, 0.763946, 0.528124, 0.563597, 0.577192, 0.700451, 0.830388, 0.847818, 0.91612, 0.931292, 0.956733, 1, 

18,20,0.001, 0.0204155, 0.0283516, 0.0339652, 0.077286, 0.0879414, 0.0922921, 0.144912, 0.103317, 0.95401, 1, 

17,26,0.001, 0.0204155, 0.0283516, 0.0339652, 0.0563501, 0.0879414, 0.0922921, 0.880551, 1, 

Generation #19
19,11,0.001, 0.014544, 0.014719, 0.046676, 0.077286, 0.0879414, 0.0922921, 0.144912, 0.217581, 0.22316, 0.322806, 0.3345, 0.81068, 1, 

31,9,0.001, 0.0204155, 0.0247693, 0.0428402, 0.0491042, 0.0735218, 0.125248, 0.127293, 0.135385, 0.252194, 0.4516, 0.536571, 0.541578, 0.390917, 0.56361, 0.66102, 0.763946, 0.528124, 0.563597, 0.577192, 0.700451, 0.830388, 0.847818, 0.91612, 0.931292, 0.956733, 1, 

17,26,0.001, 0.0204155, 0.0283516, 0.0339652, 0.0563501, 0.0879414, 0.0922921, 0.880551, 1, 

18,19,0.001, 0.032707, 0.0340171, 0.037199, 0.0506054, 0.112463, 0.133674, 0.693814, 0.742222, 1, 

16,63,0.001, 0.0204155, 0.0247693, 0.0428402, 0.0491042, 0.112463, 0.690142, 0.880551, 1, 

Generation #20
19,11,0.001, 0.014544, 0.014719, 0.046676, 0.077286, 0.0879414, 0.0922921, 0.144912, 0.217581, 0.22316, 0.322806, 0.3345, 0.81068, 1, 

31,9,0.001, 0.0204155, 0.0247693, 0.0428402, 0.0491042, 0.0735218, 0.125248, 0.127293, 0.135385, 0.252194, 0.4516, 0.536571, 0.541578, 0.390917, 0.56361, 0.66102, 0.763946, 0.528124, 0.563597, 0.577192, 0.700451, 0.830388, 0.847818, 0.91612, 0.931292, 0.956733, 1, 

17,26,0.001, 0.0204155, 0.0283516, 0.0339652, 0.0563501, 0.0879414, 0.0922921, 0.880551, 1, 

18,19,0.001, 0.032707, 0.0340171, 0.037199, 0.0506054, 0.112463, 0.133674, 0.693814, 0.742222, 1, 

16,63,0.001, 0.0204155, 0.0247693, 0.0428402, 0.0491042, 0.112463, 0.690142, 0.880551, 1, 

30,10,0.001, 0.014544, 0.014719, 0.0428402, 0.0491042, 0.0735218, 0.125248, 0.127293, 0.135385, 0.252194, 0.4516, 0.536571, 0.541578, 0.56361, 0.66102, 0.763946, 0.528124, 0.563597, 0.577192, 0.700451, 0.830388, 0.847818, 0.91612, 0.931292, 0.956733, 1, 

Generation #21
19,11,0.001, 0.014544, 0.014719, 0.046676, 0.077286, 0.0879414, 0.0922921, 0.144912, 0.217581, 0.22316, 0.322806, 0.3345, 0.81068, 1, 

31,9,0.001, 0.0204155, 0.0247693, 0.0428402, 0.0491042, 0.0735218, 0.125248, 0.127293, 0.135385, 0.252194, 0.4516, 0.536571, 0.541578, 0.390917, 0.56361, 0.66102, 0.763946, 0.528124, 0.563597, 0.577192, 0.700451, 0.830388, 0.847818, 0.91612, 0.931292, 0.956733, 1, 

17,26,0.001, 0.0204155, 0.0283516, 0.0339652, 0.0563501, 0.0879414, 0.0922921, 0.880551, 1, 

18,19,0.001, 0.032707, 0.0340171, 0.037199, 0.0506054, 0.112463, 0.133674, 0.693814, 0.742222, 1, 

16,63,0.001, 0.0204155, 0.0247693, 0.0428402, 0.0491042, 0.112463, 0.690142, 0.880551, 1, 

30,10,0.001, 0.014544, 0.014719, 0.0428402, 0.0491042, 0.0735218, 0.125248, 0.127293, 0.135385, 0.252194, 0.4516, 0.536571, 0.541578, 0.56361, 0.66102, 0.763946, 0.528124, 0.563597, 0.577192, 0.700451, 0.830388, 0.847818, 0.91612, 0.931292, 0.956733, 1, 

Generation #22
19,11,0.001, 0.014544, 0.014719, 0.046676, 0.077286, 0.0879414, 0.0922921, 0.144912, 0.217581, 0.22316, 0.322806, 0.3345, 0.81068, 1, 

31,9,0.001, 0.0204155, 0.0247693, 0.0428402, 0.0491042, 0.0735218, 0.125248, 0.127293, 0.135385, 0.252194, 0.4516, 0.536571, 0.541578, 0.390917, 0.56361, 0.66102, 0.763946, 0.528124, 0.563597, 0.577192, 0.700451, 0.830388, 0.847818, 0.91612, 0.931292, 0.956733, 1, 

17,26,0.001, 0.0204155, 0.0283516, 0.0339652, 0.0563501, 0.0879414, 0.0922921, 0.880551, 1, 

18,19,0.001, 0.032707, 0.0340171, 0.037199, 0.0506054, 0.112463, 0.133674, 0.693814, 0.742222, 1, 

16,63,0.001, 0.0204155, 0.0247693, 0.0428402, 0.0491042, 0.112463, 0.690142, 0.880551, 1, 

30,10,0.001, 0.014544, 0.014719, 0.0428402, 0.0491042, 0.0735218, 0.125248, 0.127293, 0.135385, 0.252194, 0.4516, 0.536571, 0.541578, 0.56361, 0.66102, 0.763946, 0.528124, 0.563597, 0.577192, 0.700451, 0.830388, 0.847818, 0.91612, 0.931292, 0.956733, 1, 

Generation #23
19,11,0.001, 0.014544, 0.014719, 0.046676, 0.077286, 0.0879414, 0.0922921, 0.144912, 0.217581, 0.22316, 0.322806, 0.3345, 0.81068, 1, 

31,9,0.001, 0.0204155, 0.0247693, 0.0428402, 0.0491042, 0.0735218, 0.125248, 0.127293, 0.135385, 0.252194, 0.4516, 0.536571, 0.541578, 0.390917, 0.56361, 0.66102, 0.763946, 0.528124, 0.563597, 0.577192, 0.700451, 0.830388, 0.847818, 0.91612, 0.931292, 0.956733, 1, 

17,26,0.001, 0.0204155, 0.0283516, 0.0339652, 0.0563501, 0.0879414, 0.0922921, 0.880551, 1, 

18,19,0.001, 0.032707, 0.0340171, 0.037199, 0.0506054, 0.112463, 0.133674, 0.693814, 0.742222, 1, 

16,63,0.001, 0.0204155, 0.0247693, 0.0428402, 0.0491042, 0.112463, 0.690142, 0.880551, 1, 

30,10,0.001, 0.014544, 0.014719, 0.0428402, 0.0491042, 0.0735218, 0.125248, 0.127293, 0.135385, 0.252194, 0.4516, 0.536571, 0.541578, 0.56361, 0.66102, 0.763946, 0.528124, 0.563597, 0.577192, 0.700451, 0.830388, 0.847818, 0.91612, 0.931292, 0.956733, 1, 

Generation #24
19,11,0.001, 0.014544, 0.014719, 0.046676, 0.077286, 0.0879414, 0.0922921, 0.144912, 0.217581, 0.22316, 0.322806, 0.3345, 0.81068, 1, 

31,9,0.001, 0.0204155, 0.0247693, 0.0428402, 0.0491042, 0.0735218, 0.125248, 0.127293, 0.135385, 0.252194, 0.4516, 0.536571, 0.541578, 0.390917, 0.56361, 0.66102, 0.763946, 0.528124, 0.563597, 0.577192, 0.700451, 0.830388, 0.847818, 0.91612, 0.931292, 0.956733, 1, 

17,26,0.001, 0.0204155, 0.0283516, 0.0339652, 0.0563501, 0.0879414, 0.0922921, 0.880551, 1, 

18,19,0.001, 0.032707, 0.0340171, 0.037199, 0.0506054, 0.112463, 0.133674, 0.693814, 0.742222, 1, 

16,63,0.001, 0.0204155, 0.0247693, 0.0428402, 0.0491042, 0.112463, 0.690142, 0.880551, 1, 

30,10,0.001, 0.014544, 0.014719, 0.0428402, 0.0491042, 0.0735218, 0.125248, 0.127293, 0.135385, 0.252194, 0.4516, 0.536571, 0.541578, 0.56361, 0.66102, 0.763946, 0.528124, 0.563597, 0.577192, 0.700451, 0.830388, 0.847818, 0.91612, 0.931292, 0.956733, 1, 

Generation #25
19,11,0.001, 0.014544, 0.014719, 0.046676, 0.077286, 0.0879414, 0.0922921, 0.144912, 0.217581, 0.22316, 0.322806, 0.3345, 0.81068, 1, 

31,9,0.001, 0.0204155, 0.0247693, 0.0428402, 0.0491042, 0.0735218, 0.125248, 0.127293, 0.135385, 0.252194, 0.4516, 0.536571, 0.541578, 0.390917, 0.56361, 0.66102, 0.763946, 0.528124, 0.563597, 0.577192, 0.700451, 0.830388, 0.847818, 0.91612, 0.931292, 0.956733, 1, 

17,26,0.001, 0.0204155, 0.0283516, 0.0339652, 0.0563501, 0.0879414, 0.0922921, 0.880551, 1, 

18,19,0.001, 0.032707, 0.0340171, 0.037199, 0.0506054, 0.112463, 0.133674, 0.693814, 0.742222, 1, 

16,63,0.001, 0.0204155, 0.0247693, 0.0428402, 0.0491042, 0.112463, 0.690142, 0.880551, 1, 

30,10,0.001, 0.014544, 0.014719, 0.0428402, 0.0491042, 0.0735218, 0.125248, 0.127293, 0.135385, 0.252194, 0.4516, 0.536571, 0.541578, 0.56361, 0.66102, 0.763946, 0.528124, 0.563597, 0.577192, 0.700451, 0.830388, 0.847818, 0.91612, 0.931292, 0.956733, 1, 

Generation #26
19,11,0.001, 0.014544, 0.014719, 0.046676, 0.077286, 0.0879414, 0.0922921, 0.144912, 0.217581, 0.22316, 0.322806, 0.3345, 0.81068, 1, 

31,9,0.001, 0.0204155, 0.0247693, 0.0428402, 0.0491042, 0.0735218, 0.125248, 0.127293, 0.135385, 0.252194, 0.4516, 0.536571, 0.541578, 0.390917, 0.56361, 0.66102, 0.763946, 0.528124, 0.563597, 0.577192, 0.700451, 0.830388, 0.847818, 0.91612, 0.931292, 0.956733, 1, 

17,26,0.001, 0.0204155, 0.0283516, 0.0339652, 0.0563501, 0.0879414, 0.0922921, 0.880551, 1, 

18,19,0.001, 0.032707, 0.0340171, 0.037199, 0.0506054, 0.112463, 0.133674, 0.693814, 0.742222, 1, 

16,63,0.001, 0.0204155, 0.0247693, 0.0428402, 0.0491042, 0.112463, 0.690142, 0.880551, 1, 

30,10,0.001, 0.014544, 0.014719, 0.0428402, 0.0491042, 0.0735218, 0.125248, 0.127293, 0.135385, 0.252194, 0.4516, 0.536571, 0.541578, 0.56361, 0.66102, 0.763946, 0.528124, 0.563597, 0.577192, 0.700451, 0.830388, 0.847818, 0.91612, 0.931292, 0.956733, 1, 

Generation #27
19,11,0.001, 0.014544, 0.014719, 0.046676, 0.077286, 0.0879414, 0.0922921, 0.144912, 0.217581, 0.22316, 0.322806, 0.3345, 0.81068, 1, 

31,9,0.001, 0.0204155, 0.0247693, 0.0428402, 0.0491042, 0.0735218, 0.125248, 0.127293, 0.135385, 0.252194, 0.4516, 0.536571, 0.541578, 0.390917, 0.56361, 0.66102, 0.763946, 0.528124, 0.563597, 0.577192, 0.700451, 0.830388, 0.847818, 0.91612, 0.931292, 0.956733, 1, 

17,26,0.001, 0.0204155, 0.0283516, 0.0339652, 0.0563501, 0.0879414, 0.0922921, 0.880551, 1, 

18,19,0.001, 0.032707, 0.0340171, 0.037199, 0.0506054, 0.112463, 0.133674, 0.693814, 0.742222, 1, 

16,63,0.001, 0.0204155, 0.0247693, 0.0428402, 0.0491042, 0.112463, 0.690142, 0.880551, 1, 

30,10,0.001, 0.014544, 0.014719, 0.0428402, 0.0491042, 0.0735218, 0.125248, 0.127293, 0.135385, 0.252194, 0.4516, 0.536571, 0.541578, 0.56361, 0.66102, 0.763946, 0.528124, 0.563597, 0.577192, 0.700451, 0.830388, 0.847818, 0.91612, 0.931292, 0.956733, 1, 

Generation #28
19,11,0.001, 0.014544, 0.014719, 0.046676, 0.077286, 0.0879414, 0.0922921, 0.144912, 0.217581, 0.22316, 0.322806, 0.3345, 0.81068, 1, 

31,9,0.001, 0.0204155, 0.0247693, 0.0428402, 0.0491042, 0.0735218, 0.125248, 0.127293, 0.135385, 0.252194, 0.4516, 0.536571, 0.541578, 0.390917, 0.56361, 0.66102, 0.763946, 0.528124, 0.563597, 0.577192, 0.700451, 0.830388, 0.847818, 0.91612, 0.931292, 0.956733, 1, 

17,26,0.001, 0.0204155, 0.0283516, 0.0339652, 0.0563501, 0.0879414, 0.0922921, 0.880551, 1, 

18,19,0.001, 0.032707, 0.0340171, 0.037199, 0.0506054, 0.112463, 0.133674, 0.693814, 0.742222, 1, 

16,63,0.001, 0.0204155, 0.0247693, 0.0428402, 0.0491042, 0.112463, 0.690142, 0.880551, 1, 

30,10,0.001, 0.014544, 0.014719, 0.0428402, 0.0491042, 0.0735218, 0.125248, 0.127293, 0.135385, 0.252194, 0.4516, 0.536571, 0.541578, 0.56361, 0.66102, 0.763946, 0.528124, 0.563597, 0.577192, 0.700451, 0.830388, 0.847818, 0.91612, 0.931292, 0.956733, 1, 

Generation #29
19,11,0.001, 0.014544, 0.014719, 0.046676, 0.077286, 0.0879414, 0.0922921, 0.144912, 0.217581, 0.22316, 0.322806, 0.3345, 0.81068, 1, 

31,9,0.001, 0.0204155, 0.0247693, 0.0428402, 0.0491042, 0.0735218, 0.125248, 0.127293, 0.135385, 0.252194, 0.4516, 0.536571, 0.541578, 0.390917, 0.56361, 0.66102, 0.763946, 0.528124, 0.563597, 0.577192, 0.700451, 0.830388, 0.847818, 0.91612, 0.931292, 0.956733, 1, 

16,63,0.001, 0.0204155, 0.0247693, 0.0428402, 0.0491042, 0.112463, 0.690142, 0.880551, 1, 

30,10,0.001, 0.014544, 0.014719, 0.0428402, 0.0491042, 0.0735218, 0.125248, 0.127293, 0.135385, 0.252194, 0.4516, 0.536571, 0.541578, 0.56361, 0.66102, 0.763946, 0.528124, 0.563597, 0.577192, 0.700451, 0.830388, 0.847818, 0.91612, 0.931292, 0.956733, 1, 

17,17,0.001, 0.014544, 0.014719, 0.046676, 0.077286, 0.0879414, 0.0922921, 0.144912, 0.217581, 0.95401, 1, 

Generation #30
19,11,0.001, 0.014544, 0.014719, 0.046676, 0.077286, 0.0879414, 0.0922921, 0.144912, 0.217581, 0.22316, 0.322806, 0.3345, 0.81068, 1, 

31,9,0.001, 0.0204155, 0.0247693, 0.0428402, 0.0491042, 0.0735218, 0.125248, 0.127293, 0.135385, 0.252194, 0.4516, 0.536571, 0.541578, 0.390917, 0.56361, 0.66102, 0.763946, 0.528124, 0.563597, 0.577192, 0.700451, 0.830388, 0.847818, 0.91612, 0.931292, 0.956733, 1, 

16,63,0.001, 0.0204155, 0.0247693, 0.0428402, 0.0491042, 0.112463, 0.690142, 0.880551, 1, 

30,10,0.001, 0.014544, 0.014719, 0.0428402, 0.0491042, 0.0735218, 0.125248, 0.127293, 0.135385, 0.252194, 0.4516, 0.536571, 0.541578, 0.56361, 0.66102, 0.763946, 0.528124, 0.563597, 0.577192, 0.700451, 0.830388, 0.847818, 0.91612, 0.931292, 0.956733, 1, 

17,17,0.001, 0.014544, 0.014719, 0.046676, 0.077286, 0.0879414, 0.0922921, 0.144912, 0.217581, 0.95401, 1, 

Generation #31
19,11,0.001, 0.014544, 0.014719, 0.046676, 0.077286, 0.0879414, 0.0922921, 0.144912, 0.217581, 0.22316, 0.322806, 0.3345, 0.81068, 1, 

31,9,0.001, 0.0204155, 0.0247693, 0.0428402, 0.0491042, 0.0735218, 0.125248, 0.127293, 0.135385, 0.252194, 0.4516, 0.536571, 0.541578, 0.390917, 0.56361, 0.66102, 0.763946, 0.528124, 0.563597, 0.577192, 0.700451, 0.830388, 0.847818, 0.91612, 0.931292, 0.956733, 1, 

16,63,0.001, 0.0204155, 0.0247693, 0.0428402, 0.0491042, 0.112463, 0.690142, 0.880551, 1, 

30,10,0.001, 0.014544, 0.014719, 0.0428402, 0.0491042, 0.0735218, 0.125248, 0.127293, 0.135385, 0.252194, 0.4516, 0.536571, 0.541578, 0.56361, 0.66102, 0.763946, 0.528124, 0.563597, 0.577192, 0.700451, 0.830388, 0.847818, 0.91612, 0.931292, 0.956733, 1, 

17,17,0.001, 0.014544, 0.014719, 0.046676, 0.077286, 0.0879414, 0.0922921, 0.144912, 0.217581, 0.95401, 1, 

Generation #32
19,11,0.001, 0.014544, 0.014719, 0.046676, 0.077286, 0.0879414, 0.0922921, 0.144912, 0.217581, 0.22316, 0.322806, 0.3345, 0.81068, 1, 

31,9,0.001, 0.0204155, 0.0247693, 0.0428402, 0.0491042, 0.0735218, 0.125248, 0.127293, 0.135385, 0.252194, 0.4516, 0.536571, 0.541578, 0.390917, 0.56361, 0.66102, 0.763946, 0.528124, 0.563597, 0.577192, 0.700451, 0.830388, 0.847818, 0.91612, 0.931292, 0.956733, 1, 

16,63,0.001, 0.0204155, 0.0247693, 0.0428402, 0.0491042, 0.112463, 0.690142, 0.880551, 1, 

30,10,0.001, 0.014544, 0.014719, 0.0428402, 0.0491042, 0.0735218, 0.125248, 0.127293, 0.135385, 0.252194, 0.4516, 0.536571, 0.541578, 0.56361, 0.66102, 0.763946, 0.528124, 0.563597, 0.577192, 0.700451, 0.830388, 0.847818, 0.91612, 0.931292, 0.956733, 1, 

17,17,0.001, 0.014544, 0.014719, 0.046676, 0.077286, 0.0879414, 0.0922921, 0.144912, 0.217581, 0.95401, 1, 

Generation #33
19,11,0.001, 0.014544, 0.014719, 0.046676, 0.077286, 0.0879414, 0.0922921, 0.144912, 0.217581, 0.22316, 0.322806, 0.3345, 0.81068, 1, 

31,9,0.001, 0.0204155, 0.0247693, 0.0428402, 0.0491042, 0.0735218, 0.125248, 0.127293, 0.135385, 0.252194, 0.4516, 0.536571, 0.541578, 0.390917, 0.56361, 0.66102, 0.763946, 0.528124, 0.563597, 0.577192, 0.700451, 0.830388, 0.847818, 0.91612, 0.931292, 0.956733, 1, 

16,63,0.001, 0.0204155, 0.0247693, 0.0428402, 0.0491042, 0.112463, 0.690142, 0.880551, 1, 

30,10,0.001, 0.014544, 0.014719, 0.0428402, 0.0491042, 0.0735218, 0.125248, 0.127293, 0.135385, 0.252194, 0.4516, 0.536571, 0.541578, 0.56361, 0.66102, 0.763946, 0.528124, 0.563597, 0.577192, 0.700451, 0.830388, 0.847818, 0.91612, 0.931292, 0.956733, 1, 

17,17,0.001, 0.014544, 0.014719, 0.046676, 0.077286, 0.0879414, 0.0922921, 0.144912, 0.217581, 0.95401, 1, 

Generation #34
19,11,0.001, 0.014544, 0.014719, 0.046676, 0.077286, 0.0879414, 0.0922921, 0.144912, 0.217581, 0.22316, 0.322806, 0.3345, 0.81068, 1, 

31,9,0.001, 0.0204155, 0.0247693, 0.0428402, 0.0491042, 0.0735218, 0.125248, 0.127293, 0.135385, 0.252194, 0.4516, 0.536571, 0.541578, 0.390917, 0.56361, 0.66102, 0.763946, 0.528124, 0.563597, 0.577192, 0.700451, 0.830388, 0.847818, 0.91612, 0.931292, 0.956733, 1, 

16,63,0.001, 0.0204155, 0.0247693, 0.0428402, 0.0491042, 0.112463, 0.690142, 0.880551, 1, 

30,10,0.001, 0.014544, 0.014719, 0.0428402, 0.0491042, 0.0735218, 0.125248, 0.127293, 0.135385, 0.252194, 0.4516, 0.536571, 0.541578, 0.56361, 0.66102, 0.763946, 0.528124, 0.563597, 0.577192, 0.700451, 0.830388, 0.847818, 0.91612, 0.931292, 0.956733, 1, 

17,17,0.001, 0.014544, 0.014719, 0.046676, 0.077286, 0.0879414, 0.0922921, 0.144912, 0.217581, 0.95401, 1, 

Generation #35
19,11,0.001, 0.014544, 0.014719, 0.046676, 0.077286, 0.0879414, 0.0922921, 0.144912, 0.217581, 0.22316, 0.322806, 0.3345, 0.81068, 1, 

31,9,0.001, 0.0204155, 0.0247693, 0.0428402, 0.0491042, 0.0735218, 0.125248, 0.127293, 0.135385, 0.252194, 0.4516, 0.536571, 0.541578, 0.390917, 0.56361, 0.66102, 0.763946, 0.528124, 0.563597, 0.577192, 0.700451, 0.830388, 0.847818, 0.91612, 0.931292, 0.956733, 1, 

16,63,0.001, 0.0204155, 0.0247693, 0.0428402, 0.0491042, 0.112463, 0.690142, 0.880551, 1, 

30,10,0.001, 0.014544, 0.014719, 0.0428402, 0.0491042, 0.0735218, 0.125248, 0.127293, 0.135385, 0.252194, 0.4516, 0.536571, 0.541578, 0.56361, 0.66102, 0.763946, 0.528124, 0.563597, 0.577192, 0.700451, 0.830388, 0.847818, 0.91612, 0.931292, 0.956733, 1, 

17,17,0.001, 0.014544, 0.014719, 0.046676, 0.077286, 0.0879414, 0.0922921, 0.144912, 0.217581, 0.95401, 1, 

Generation #36
19,11,0.001, 0.014544, 0.014719, 0.046676, 0.077286, 0.0879414, 0.0922921, 0.144912, 0.217581, 0.22316, 0.322806, 0.3345, 0.81068, 1, 

31,9,0.001, 0.0204155, 0.0247693, 0.0428402, 0.0491042, 0.0735218, 0.125248, 0.127293, 0.135385, 0.252194, 0.4516, 0.536571, 0.541578, 0.390917, 0.56361, 0.66102, 0.763946, 0.528124, 0.563597, 0.577192, 0.700451, 0.830388, 0.847818, 0.91612, 0.931292, 0.956733, 1, 

16,63,0.001, 0.0204155, 0.0247693, 0.0428402, 0.0491042, 0.112463, 0.690142, 0.880551, 1, 

30,10,0.001, 0.014544, 0.014719, 0.0428402, 0.0491042, 0.0735218, 0.125248, 0.127293, 0.135385, 0.252194, 0.4516, 0.536571, 0.541578, 0.56361, 0.66102, 0.763946, 0.528124, 0.563597, 0.577192, 0.700451, 0.830388, 0.847818, 0.91612, 0.931292, 0.956733, 1, 

17,17,0.001, 0.014544, 0.014719, 0.046676, 0.077286, 0.0879414, 0.0922921, 0.144912, 0.217581, 0.95401, 1, 

Generation #37
19,11,0.001, 0.014544, 0.014719, 0.046676, 0.077286, 0.0879414, 0.0922921, 0.144912, 0.217581, 0.22316, 0.322806, 0.3345, 0.81068, 1, 

31,9,0.001, 0.0204155, 0.0247693, 0.0428402, 0.0491042, 0.0735218, 0.125248, 0.127293, 0.135385, 0.252194, 0.4516, 0.536571, 0.541578, 0.390917, 0.56361, 0.66102, 0.763946, 0.528124, 0.563597, 0.577192, 0.700451, 0.830388, 0.847818, 0.91612, 0.931292, 0.956733, 1, 

16,63,0.001, 0.0204155, 0.0247693, 0.0428402, 0.0491042, 0.112463, 0.690142, 0.880551, 1, 

30,10,0.001, 0.014544, 0.014719, 0.0428402, 0.0491042, 0.0735218, 0.125248, 0.127293, 0.135385, 0.252194, 0.4516, 0.536571, 0.541578, 0.56361, 0.66102, 0.763946, 0.528124, 0.563597, 0.577192, 0.700451, 0.830388, 0.847818, 0.91612, 0.931292, 0.956733, 1, 

17,17,0.001, 0.014544, 0.014719, 0.046676, 0.077286, 0.0879414, 0.0922921, 0.144912, 0.217581, 0.95401, 1, 

Generation #38
19,11,0.001, 0.014544, 0.014719, 0.046676, 0.077286, 0.0879414, 0.0922921, 0.144912, 0.217581, 0.22316, 0.322806, 0.3345, 0.81068, 1, 

31,9,0.001, 0.0204155, 0.0247693, 0.0428402, 0.0491042, 0.0735218, 0.125248, 0.127293, 0.135385, 0.252194, 0.4516, 0.536571, 0.541578, 0.390917, 0.56361, 0.66102, 0.763946, 0.528124, 0.563597, 0.577192, 0.700451, 0.830388, 0.847818, 0.91612, 0.931292, 0.956733, 1, 

16,63,0.001, 0.0204155, 0.0247693, 0.0428402, 0.0491042, 0.112463, 0.690142, 0.880551, 1, 

30,10,0.001, 0.014544, 0.014719, 0.0428402, 0.0491042, 0.0735218, 0.125248, 0.127293, 0.135385, 0.252194, 0.4516, 0.536571, 0.541578, 0.56361, 0.66102, 0.763946, 0.528124, 0.563597, 0.577192, 0.700451, 0.830388, 0.847818, 0.91612, 0.931292, 0.956733, 1, 

17,17,0.001, 0.014544, 0.014719, 0.046676, 0.077286, 0.0879414, 0.0922921, 0.144912, 0.217581, 0.95401, 1, 

Generation #39
19,11,0.001, 0.014544, 0.014719, 0.046676, 0.077286, 0.0879414, 0.0922921, 0.144912, 0.217581, 0.22316, 0.322806, 0.3345, 0.81068, 1, 

31,9,0.001, 0.0204155, 0.0247693, 0.0428402, 0.0491042, 0.0735218, 0.125248, 0.127293, 0.135385, 0.252194, 0.4516, 0.536571, 0.541578, 0.390917, 0.56361, 0.66102, 0.763946, 0.528124, 0.563597, 0.577192, 0.700451, 0.830388, 0.847818, 0.91612, 0.931292, 0.956733, 1, 

16,63,0.001, 0.0204155, 0.0247693, 0.0428402, 0.0491042, 0.112463, 0.690142, 0.880551, 1, 

30,10,0.001, 0.014544, 0.014719, 0.0428402, 0.0491042, 0.0735218, 0.125248, 0.127293, 0.135385, 0.252194, 0.4516, 0.536571, 0.541578, 0.56361, 0.66102, 0.763946, 0.528124, 0.563597, 0.577192, 0.700451, 0.830388, 0.847818, 0.91612, 0.931292, 0.956733, 1, 

17,17,0.001, 0.014544, 0.014719, 0.046676, 0.077286, 0.0879414, 0.0922921, 0.144912, 0.217581, 0.95401, 1, 

Generation #40
19,11,0.001, 0.014544, 0.014719, 0.046676, 0.077286, 0.0879414, 0.0922921, 0.144912, 0.217581, 0.22316, 0.322806, 0.3345, 0.81068, 1, 

31,9,0.001, 0.0204155, 0.0247693, 0.0428402, 0.0491042, 0.0735218, 0.125248, 0.127293, 0.135385, 0.252194, 0.4516, 0.536571, 0.541578, 0.390917, 0.56361, 0.66102, 0.763946, 0.528124, 0.563597, 0.577192, 0.700451, 0.830388, 0.847818, 0.91612, 0.931292, 0.956733, 1, 

16,63,0.001, 0.0204155, 0.0247693, 0.0428402, 0.0491042, 0.112463, 0.690142, 0.880551, 1, 

30,10,0.001, 0.014544, 0.014719, 0.0428402, 0.0491042, 0.0735218, 0.125248, 0.127293, 0.135385, 0.252194, 0.4516, 0.536571, 0.541578, 0.56361, 0.66102, 0.763946, 0.528124, 0.563597, 0.577192, 0.700451, 0.830388, 0.847818, 0.91612, 0.931292, 0.956733, 1, 

17,17,0.001, 0.014544, 0.014719, 0.046676, 0.077286, 0.0879414, 0.0922921, 0.144912, 0.217581, 0.95401, 1, 

Generation #41
16,63,0.001, 0.0204155, 0.0247693, 0.0428402, 0.0491042, 0.112463, 0.690142, 0.880551, 1, 

17,17,0.001, 0.014544, 0.014719, 0.046676, 0.077286, 0.0879414, 0.0922921, 0.144912, 0.217581, 0.95401, 1, 

18,9,0.001, 0.0204155, 0.0283516, 0.046676, 0.077286, 0.0879414, 0.0922921, 0.237677, 0.217581, 0.22316, 0.470376, 0.3345, 0.972671, 1, 

Generation #42
16,63,0.001, 0.0204155, 0.0247693, 0.0428402, 0.0491042, 0.112463, 0.690142, 0.880551, 1, 

17,17,0.001, 0.014544, 0.014719, 0.046676, 0.077286, 0.0879414, 0.0922921, 0.144912, 0.217581, 0.95401, 1, 

18,9,0.001, 0.0204155, 0.0283516, 0.046676, 0.077286, 0.0879414, 0.0922921, 0.237677, 0.217581, 0.22316, 0.470376, 0.3345, 0.972671, 1, 

Generation #43
17,17,0.001, 0.014544, 0.014719, 0.046676, 0.077286, 0.0879414, 0.0922921, 0.144912, 0.217581, 0.95401, 1, 

18,9,0.001, 0.0204155, 0.0283516, 0.046676, 0.077286, 0.0879414, 0.0922921, 0.237677, 0.217581, 0.22316, 0.470376, 0.3345, 0.972671, 1, 

16,46,0.001, 0.0204155, 0.0247693, 0.0428402, 0.0563501, 0.0922921, 0.880551, 1, 

Generation #44
17,17,0.001, 0.014544, 0.014719, 0.046676, 0.077286, 0.0879414, 0.0922921, 0.144912, 0.217581, 0.95401, 1, 

18,9,0.001, 0.0204155, 0.0283516, 0.046676, 0.077286, 0.0879414, 0.0922921, 0.237677, 0.217581, 0.22316, 0.470376, 0.3345, 0.972671, 1, 

16,46,0.001, 0.0204155, 0.0247693, 0.0428402, 0.0563501, 0.0922921, 0.880551, 1, 

Generation #45
17,17,0.001, 0.014544, 0.014719, 0.046676, 0.077286, 0.0879414, 0.0922921, 0.144912, 0.217581, 0.95401, 1, 

18,9,0.001, 0.0204155, 0.0283516, 0.046676, 0.077286, 0.0879414, 0.0922921, 0.237677, 0.217581, 0.22316, 0.470376, 0.3345, 0.972671, 1, 

16,46,0.001, 0.0204155, 0.0247693, 0.0428402, 0.0563501, 0.0922921, 0.880551, 1, 

Generation #46
17,17,0.001, 0.014544, 0.014719, 0.046676, 0.077286, 0.0879414, 0.0922921, 0.144912, 0.217581, 0.95401, 1, 

18,9,0.001, 0.0204155, 0.0283516, 0.046676, 0.077286, 0.0879414, 0.0922921, 0.237677, 0.217581, 0.22316, 0.470376, 0.3345, 0.972671, 1, 

16,46,0.001, 0.0204155, 0.0247693, 0.0428402, 0.0563501, 0.0922921, 0.880551, 1, 

Generation #47
17,17,0.001, 0.014544, 0.014719, 0.046676, 0.077286, 0.0879414, 0.0922921, 0.144912, 0.217581, 0.95401, 1, 

18,9,0.001, 0.0204155, 0.0283516, 0.046676, 0.077286, 0.0879414, 0.0922921, 0.237677, 0.217581, 0.22316, 0.470376, 0.3345, 0.972671, 1, 

16,46,0.001, 0.0204155, 0.0247693, 0.0428402, 0.0563501, 0.0922921, 0.880551, 1, 

Generation #48
17,17,0.001, 0.014544, 0.014719, 0.046676, 0.077286, 0.0879414, 0.0922921, 0.144912, 0.217581, 0.95401, 1, 

18,9,0.001, 0.0204155, 0.0283516, 0.046676, 0.077286, 0.0879414, 0.0922921, 0.237677, 0.217581, 0.22316, 0.470376, 0.3345, 0.972671, 1, 

16,46,0.001, 0.0204155, 0.0247693, 0.0428402, 0.0563501, 0.0922921, 0.880551, 1, 

Generation #49
17,17,0.001, 0.014544, 0.014719, 0.046676, 0.077286, 0.0879414, 0.0922921, 0.144912, 0.217581, 0.95401, 1, 

18,9,0.001, 0.0204155, 0.0283516, 0.046676, 0.077286, 0.0879414, 0.0922921, 0.237677, 0.217581, 0.22316, 0.470376, 0.3345, 0.972671, 1, 

16,46,0.001, 0.0204155, 0.0247693, 0.0428402, 0.0563501, 0.0922921, 0.880551, 1, 

--- Pareto Front Solutions ---
Solution 0: N total=92 (N_initial=75, N_added=17), Time total=25 ms, Saved to: ./results/Flex_t2_l3_pareto_0.csv, percents=0.001, 0.014544, 0.014719, 0.046676, 0.077286, 0.0879414, 0.0922921, 0.144912, 0.217581, 0.95401, 1, 

Solution 1: N total=93 (N_initial=75, N_added=18), Time total=17 ms, Saved to: ./results/Flex_t2_l3_pareto_1.csv, percents=0.001, 0.0204155, 0.0283516, 0.046676, 0.077286, 0.0879414, 0.0922921, 0.237677, 0.217581, 0.22316, 0.470376, 0.3345, 0.972671, 1, 

Solution 2: N total=91 (N_initial=75, N_added=16), Time total=54 ms, Saved to: ./results/Flex_t2_l3_pareto_2.csv, percents=0.001, 0.0204155, 0.0247693, 0.0428402, 0.0563501, 0.0922921, 0.880551, 1, 

------------d=1, t=2, lambda=4, filename=./evaluation/Flex/Flex_2_4.csv------------
Grouping d-sets by partitioned row counts for detecting arrays...
Ready to look at pairs for detecting arrays...
First Stage N=100, Time=6
There are 125 remaining non-locating pairs
--- Running GA Algorithm (phase2) ---
Running GA with std::execution::par
Generation #0
32,31,0.001, 0.0623538, 0.0839998, 0.136596, 0.156521, 0.184082, 0.269271, 0.291374, 0.332818, 0.345304, 0.362413, 0.415139, 0.49055, 0.534495, 0.542289, 0.613987, 0.632752, 0.75358, 0.810775, 0.880492, 0.981147, 1, 

24,33,0.001, 0.0623968, 0.0711538, 0.148698, 0.246033, 0.439443, 0.44513, 0.471835, 0.480537, 0.648209, 0.71121, 0.829501, 1, 

37,20,0.001, 0.0203181, 0.0217622, 0.027409, 0.0275643, 0.0279588, 0.0912793, 0.0933269, 0.116735, 0.131453, 0.136776, 0.258473, 0.27332, 0.301552, 0.404524, 0.472606, 0.487932, 0.528853, 0.55357, 0.583858, 0.594952, 0.639945, 0.680114, 0.719639, 0.7594, 0.799527, 0.85505, 0.860353, 0.956639, 1, 

23,70,0.001, 0.0909414, 0.13541, 0.166463, 0.313861, 0.493816, 0.692393, 0.808764, 0.886139, 0.903523, 1, 

36,26,0.001, 0.0801151, 0.0967353, 0.106513, 0.167621, 0.172358, 0.184643, 0.185904, 0.191881, 0.203519, 0.212014, 0.288852, 0.342187, 0.440783, 0.473761, 0.48418, 0.507483, 0.510457, 0.523574, 0.614961, 0.615851, 0.633121, 0.729883, 0.822769, 0.919865, 0.963722, 1, 

Generation #1
24,19,0.001, 0.0176311, 0.0627456, 0.0658908, 0.0960218, 0.140225, 0.14696, 0.192305, 0.248337, 0.325253, 0.416541, 0.424562, 0.492058, 0.626093, 0.659815, 0.891739, 1, 

35,18,0.001, 0.0195015, 0.0687941, 0.0786396, 0.143653, 0.154254, 0.168844, 0.19497, 0.261987, 0.294895, 0.316534, 0.403761, 0.464047, 0.55812, 0.559802, 0.587394, 0.627546, 0.655559, 0.660386, 0.664157, 0.690316, 0.738685, 0.921498, 0.923321, 0.929347, 0.9584, 1, 

22,25,0.001, 0.0554228, 0.0581485, 0.0861966, 0.14201, 0.14508, 0.242575, 0.267908, 0.269403, 0.299008, 0.334759, 0.349019, 1, 

Generation #2
22,25,0.001, 0.0554228, 0.0581485, 0.0861966, 0.14201, 0.14508, 0.242575, 0.267908, 0.269403, 0.299008, 0.334759, 0.349019, 1, 

21,27,0.001, 0.0176311, 0.0627456, 0.0658908, 0.0960218, 0.140225, 0.40092, 0.429709, 0.440413, 0.857648, 1, 

23,18,0.001, 0.0176311, 0.0627456, 0.0658908, 0.0960218, 0.140225, 0.14696, 0.192305, 0.248337, 0.325253, 0.416541, 0.424562, 0.492058, 0.626093, 0.659815, 0.891739, 1, 

Generation #3
21,16,0.001, 0.0384688, 0.0722435, 0.0736697, 0.123431, 0.167294, 0.203103, 0.296129, 0.303347, 0.307603, 0.622272, 0.476415, 1, 

Generation #4
21,16,0.001, 0.0384688, 0.0722435, 0.0736697, 0.123431, 0.167294, 0.203103, 0.296129, 0.303347, 0.307603, 0.622272, 0.476415, 1, 

20,35,0.001, 0.0534748, 0.0869628, 0.0976267, 0.112511, 0.132499, 0.159539, 0.165981, 0.212467, 0.239365, 1, 

Generation #5
21,16,0.001, 0.0384688, 0.0722435, 0.0736697, 0.123431, 0.167294, 0.203103, 0.296129, 0.303347, 0.307603, 0.622272, 0.476415, 1, 

20,35,0.001, 0.0534748, 0.0869628, 0.0976267, 0.112511, 0.132499, 0.159539, 0.165981, 0.212467, 0.239365, 1, 

32,13,0.001, 0.0203181, 0.0217622, 0.027409, 0.0275643, 0.0279588, 0.0912793, 0.0933269, 0.116735, 0.131453, 0.136776, 0.258473, 0.27332, 0.301552, 0.404524, 0.472606, 0.487932, 0.528853, 0.55357, 0.583858, 0.594952, 0.639945, 0.680114, 0.719639, 0.992868, 1, 

Generation #6
21,16,0.001, 0.0384688, 0.0722435, 0.0736697, 0.123431, 0.167294, 0.203103, 0.296129, 0.303347, 0.307603, 0.622272, 0.476415, 1, 

20,35,0.001, 0.0534748, 0.0869628, 0.0976267, 0.112511, 0.132499, 0.159539, 0.165981, 0.212467, 0.239365, 1, 

32,13,0.001, 0.0203181, 0.0217622, 0.027409, 0.0275643, 0.0279588, 0.0912793, 0.0933269, 0.116735, 0.131453, 0.136776, 0.258473, 0.27332, 0.301552, 0.404524, 0.472606, 0.487932, 0.528853, 0.55357, 0.583858, 0.594952, 0.639945, 0.680114, 0.719639, 0.992868, 1, 

Generation #7
21,16,0.001, 0.0384688, 0.0722435, 0.0736697, 0.123431, 0.167294, 0.203103, 0.296129, 0.303347, 0.307603, 0.622272, 0.476415, 1, 

20,35,0.001, 0.0534748, 0.0869628, 0.0976267, 0.112511, 0.132499, 0.159539, 0.165981, 0.212467, 0.239365, 1, 

32,13,0.001, 0.0203181, 0.0217622, 0.027409, 0.0275643, 0.0279588, 0.0912793, 0.0933269, 0.116735, 0.131453, 0.136776, 0.258473, 0.27332, 0.301552, 0.404524, 0.472606, 0.487932, 0.528853, 0.55357, 0.583858, 0.594952, 0.639945, 0.680114, 0.719639, 0.992868, 1, 

Generation #8
21,16,0.001, 0.0384688, 0.0722435, 0.0736697, 0.123431, 0.167294, 0.203103, 0.296129, 0.303347, 0.307603, 0.622272, 0.476415, 1, 

32,13,0.001, 0.0203181, 0.0217622, 0.027409, 0.0275643, 0.0279588, 0.0912793, 0.0933269, 0.116735, 0.131453, 0.136776, 0.258473, 0.27332, 0.301552, 0.404524, 0.472606, 0.487932, 0.528853, 0.55357, 0.583858, 0.594952, 0.639945, 0.680114, 0.719639, 0.992868, 1, 

20,21,0.001, 0.0176311, 0.0627456, 0.0658908, 0.0978336, 0.109964, 0.127043, 0.187646, 0.222413, 0.2991, 1, 

Generation #9
21,16,0.001, 0.0384688, 0.0722435, 0.0736697, 0.123431, 0.167294, 0.203103, 0.296129, 0.303347, 0.307603, 0.622272, 0.476415, 1, 

32,13,0.001, 0.0203181, 0.0217622, 0.027409, 0.0275643, 0.0279588, 0.0912793, 0.0933269, 0.116735, 0.131453, 0.136776, 0.258473, 0.27332, 0.301552, 0.404524, 0.472606, 0.487932, 0.528853, 0.55357, 0.583858, 0.594952, 0.639945, 0.680114, 0.719639, 0.992868, 1, 

20,21,0.001, 0.0176311, 0.0627456, 0.0658908, 0.0978336, 0.109964, 0.127043, 0.187646, 0.222413, 0.2991, 1, 

Generation #10
21,16,0.001, 0.0384688, 0.0722435, 0.0736697, 0.123431, 0.167294, 0.203103, 0.296129, 0.303347, 0.307603, 0.622272, 0.476415, 1, 

32,13,0.001, 0.0203181, 0.0217622, 0.027409, 0.0275643, 0.0279588, 0.0912793, 0.0933269, 0.116735, 0.131453, 0.136776, 0.258473, 0.27332, 0.301552, 0.404524, 0.472606, 0.487932, 0.528853, 0.55357, 0.583858, 0.594952, 0.639945, 0.680114, 0.719639, 0.992868, 1, 

20,21,0.001, 0.0176311, 0.0627456, 0.0658908, 0.0978336, 0.109964, 0.127043, 0.187646, 0.222413, 0.2991, 1, 

22,14,0.001, 0.0203181, 0.0217622, 0.027409, 0.0275643, 0.0279588, 0.0912793, 0.0933269, 0.116735, 0.131453, 0.136776, 0.258473, 0.27332, 0.89141, 0.912873, 1, 

Generation #11
21,16,0.001, 0.0384688, 0.0722435, 0.0736697, 0.123431, 0.167294, 0.203103, 0.296129, 0.303347, 0.307603, 0.622272, 0.476415, 1, 

20,21,0.001, 0.0176311, 0.0627456, 0.0658908, 0.0978336, 0.109964, 0.127043, 0.187646, 0.222413, 0.2991, 1, 

22,14,0.001, 0.0203181, 0.0217622, 0.027409, 0.0275643, 0.0279588, 0.0912793, 0.0933269, 0.116735, 0.131453, 0.136776, 0.258473, 0.27332, 0.89141, 0.912873, 1, 

30,9,0.001, 0.0203181, 0.0217622, 0.027409, 0.0275643, 0.0279588, 0.0912793, 0.0933269, 0.116735, 0.131453, 0.136776, 0.258473, 0.27332, 0.301552, 0.40431, 0.445776, 0.52323, 0.524792, 0.659739, 0.718706, 0.765691, 0.770551, 0.890509, 0.9231, 0.992868, 1, 

Generation #12
21,16,0.001, 0.0384688, 0.0722435, 0.0736697, 0.123431, 0.167294, 0.203103, 0.296129, 0.303347, 0.307603, 0.622272, 0.476415, 1, 

20,21,0.001, 0.0176311, 0.0627456, 0.0658908, 0.0978336, 0.109964, 0.127043, 0.187646, 0.222413, 0.2991, 1, 

22,14,0.001, 0.0203181, 0.0217622, 0.027409, 0.0275643, 0.0279588, 0.0912793, 0.0933269, 0.116735, 0.131453, 0.136776, 0.258473, 0.27332, 0.89141, 0.912873, 1, 

30,9,0.001, 0.0203181, 0.0217622, 0.027409, 0.0275643, 0.0279588, 0.0912793, 0.0933269, 0.116735, 0.131453, 0.136776, 0.258473, 0.27332, 0.301552, 0.40431, 0.445776, 0.52323, 0.524792, 0.659739, 0.718706, 0.765691, 0.770551, 0.890509, 0.9231, 0.992868, 1, 

Generation #13
21,16,0.001, 0.0384688, 0.0722435, 0.0736697, 0.123431, 0.167294, 0.203103, 0.296129, 0.303347, 0.307603, 0.622272, 0.476415, 1, 

20,21,0.001, 0.0176311, 0.0627456, 0.0658908, 0.0978336, 0.109964, 0.127043, 0.187646, 0.222413, 0.2991, 1, 

22,14,0.001, 0.0203181, 0.0217622, 0.027409, 0.0275643, 0.0279588, 0.0912793, 0.0933269, 0.116735, 0.131453, 0.136776, 0.258473, 0.27332, 0.89141, 0.912873, 1, 

30,9,0.001, 0.0203181, 0.0217622, 0.027409, 0.0275643, 0.0279588, 0.0912793, 0.0933269, 0.116735, 0.131453, 0.136776, 0.258473, 0.27332, 0.301552, 0.40431, 0.445776, 0.52323, 0.524792, 0.659739, 0.718706, 0.765691, 0.770551, 0.890509, 0.9231, 0.992868, 1, 

Generation #14
21,16,0.001, 0.0384688, 0.0722435, 0.0736697, 0.123431, 0.167294, 0.203103, 0.296129, 0.303347, 0.307603, 0.622272, 0.476415, 1, 

20,21,0.001, 0.0176311, 0.0627456, 0.0658908, 0.0978336, 0.109964, 0.127043, 0.187646, 0.222413, 0.2991, 1, 

22,14,0.001, 0.0203181, 0.0217622, 0.027409, 0.0275643, 0.0279588, 0.0912793, 0.0933269, 0.116735, 0.131453, 0.136776, 0.258473, 0.27332, 0.89141, 0.912873, 1, 

30,9,0.001, 0.0203181, 0.0217622, 0.027409, 0.0275643, 0.0279588, 0.0912793, 0.0933269, 0.116735, 0.131453, 0.136776, 0.258473, 0.27332, 0.301552, 0.40431, 0.445776, 0.52323, 0.524792, 0.659739, 0.718706, 0.765691, 0.770551, 0.890509, 0.9231, 0.992868, 1, 

Generation #15
21,16,0.001, 0.0384688, 0.0722435, 0.0736697, 0.123431, 0.167294, 0.203103, 0.296129, 0.303347, 0.307603, 0.622272, 0.476415, 1, 

20,21,0.001, 0.0176311, 0.0627456, 0.0658908, 0.0978336, 0.109964, 0.127043, 0.187646, 0.222413, 0.2991, 1, 

22,14,0.001, 0.0203181, 0.0217622, 0.027409, 0.0275643, 0.0279588, 0.0912793, 0.0933269, 0.116735, 0.131453, 0.136776, 0.258473, 0.27332, 0.89141, 0.912873, 1, 

30,9,0.001, 0.0203181, 0.0217622, 0.027409, 0.0275643, 0.0279588, 0.0912793, 0.0933269, 0.116735, 0.131453, 0.136776, 0.258473, 0.27332, 0.301552, 0.40431, 0.445776, 0.52323, 0.524792, 0.659739, 0.718706, 0.765691, 0.770551, 0.890509, 0.9231, 0.992868, 1, 

Generation #16
21,16,0.001, 0.0384688, 0.0722435, 0.0736697, 0.123431, 0.167294, 0.203103, 0.296129, 0.303347, 0.307603, 0.622272, 0.476415, 1, 

20,21,0.001, 0.0176311, 0.0627456, 0.0658908, 0.0978336, 0.109964, 0.127043, 0.187646, 0.222413, 0.2991, 1, 

22,14,0.001, 0.0203181, 0.0217622, 0.027409, 0.0275643, 0.0279588, 0.0912793, 0.0933269, 0.116735, 0.131453, 0.136776, 0.258473, 0.27332, 0.89141, 0.912873, 1, 

30,9,0.001, 0.0203181, 0.0217622, 0.027409, 0.0275643, 0.0279588, 0.0912793, 0.0933269, 0.116735, 0.131453, 0.136776, 0.258473, 0.27332, 0.301552, 0.40431, 0.445776, 0.52323, 0.524792, 0.659739, 0.718706, 0.765691, 0.770551, 0.890509, 0.9231, 0.992868, 1, 

Generation #17
21,16,0.001, 0.0384688, 0.0722435, 0.0736697, 0.123431, 0.167294, 0.203103, 0.296129, 0.303347, 0.307603, 0.622272, 0.476415, 1, 

20,21,0.001, 0.0176311, 0.0627456, 0.0658908, 0.0978336, 0.109964, 0.127043, 0.187646, 0.222413, 0.2991, 1, 

22,14,0.001, 0.0203181, 0.0217622, 0.027409, 0.0275643, 0.0279588, 0.0912793, 0.0933269, 0.116735, 0.131453, 0.136776, 0.258473, 0.27332, 0.89141, 0.912873, 1, 

30,9,0.001, 0.0203181, 0.0217622, 0.027409, 0.0275643, 0.0279588, 0.0912793, 0.0933269, 0.116735, 0.131453, 0.136776, 0.258473, 0.27332, 0.301552, 0.40431, 0.445776, 0.52323, 0.524792, 0.659739, 0.718706, 0.765691, 0.770551, 0.890509, 0.9231, 0.992868, 1, 

Generation #18
30,9,0.001, 0.0203181, 0.0217622, 0.027409, 0.0275643, 0.0279588, 0.0912793, 0.0933269, 0.116735, 0.131453, 0.136776, 0.258473, 0.27332, 0.301552, 0.40431, 0.445776, 0.52323, 0.524792, 0.659739, 0.718706, 0.765691, 0.770551, 0.890509, 0.9231, 0.992868, 1, 

21,10,0.001, 0.0203181, 0.0217622, 0.027409, 0.0960218, 0.140225, 0.0912793, 0.0933269, 0.116735, 0.131453, 0.136776, 0.258473, 0.27332, 0.89141, 0.912873, 1, 

20,18,0.001, 0.0567673, 0.0778704, 0.0786396, 0.143653, 0.140225, 0.14696, 0.192305, 0.190443, 0.338458, 0.35356, 1, 

Generation #19
30,9,0.001, 0.0203181, 0.0217622, 0.027409, 0.0275643, 0.0279588, 0.0912793, 0.0933269, 0.116735, 0.131453, 0.136776, 0.258473, 0.27332, 0.301552, 0.40431, 0.445776, 0.52323, 0.524792, 0.659739, 0.718706, 0.765691, 0.770551, 0.890509, 0.9231, 0.992868, 1, 

21,10,0.001, 0.0203181, 0.0217622, 0.027409, 0.0960218, 0.140225, 0.0912793, 0.0933269, 0.116735, 0.131453, 0.136776, 0.258473, 0.27332, 0.89141, 0.912873, 1, 

20,18,0.001, 0.0567673, 0.0778704, 0.0786396, 0.143653, 0.140225, 0.14696, 0.192305, 0.190443, 0.338458, 0.35356, 1, 

Generation #20
30,9,0.001, 0.0203181, 0.0217622, 0.027409, 0.0275643, 0.0279588, 0.0912793, 0.0933269, 0.116735, 0.131453, 0.136776, 0.258473, 0.27332, 0.301552, 0.40431, 0.445776, 0.52323, 0.524792, 0.659739, 0.718706, 0.765691, 0.770551, 0.890509, 0.9231, 0.992868, 1, 

21,10,0.001, 0.0203181, 0.0217622, 0.027409, 0.0960218, 0.140225, 0.0912793, 0.0933269, 0.116735, 0.131453, 0.136776, 0.258473, 0.27332, 0.89141, 0.912873, 1, 

20,18,0.001, 0.0567673, 0.0778704, 0.0786396, 0.143653, 0.140225, 0.14696, 0.192305, 0.190443, 0.338458, 0.35356, 1, 

Generation #21
30,9,0.001, 0.0203181, 0.0217622, 0.027409, 0.0275643, 0.0279588, 0.0912793, 0.0933269, 0.116735, 0.131453, 0.136776, 0.258473, 0.27332, 0.301552, 0.40431, 0.445776, 0.52323, 0.524792, 0.659739, 0.718706, 0.765691, 0.770551, 0.890509, 0.9231, 0.992868, 1, 

21,10,0.001, 0.0203181, 0.0217622, 0.027409, 0.0960218, 0.140225, 0.0912793, 0.0933269, 0.116735, 0.131453, 0.136776, 0.258473, 0.27332, 0.89141, 0.912873, 1, 

20,18,0.001, 0.0567673, 0.0778704, 0.0786396, 0.143653, 0.140225, 0.14696, 0.192305, 0.190443, 0.338458, 0.35356, 1, 

Generation #22
30,9,0.001, 0.0203181, 0.0217622, 0.027409, 0.0275643, 0.0279588, 0.0912793, 0.0933269, 0.116735, 0.131453, 0.136776, 0.258473, 0.27332, 0.301552, 0.40431, 0.445776, 0.52323, 0.524792, 0.659739, 0.718706, 0.765691, 0.770551, 0.890509, 0.9231, 0.992868, 1, 

21,10,0.001, 0.0203181, 0.0217622, 0.027409, 0.0960218, 0.140225, 0.0912793, 0.0933269, 0.116735, 0.131453, 0.136776, 0.258473, 0.27332, 0.89141, 0.912873, 1, 

20,18,0.001, 0.0567673, 0.0778704, 0.0786396, 0.143653, 0.140225, 0.14696, 0.192305, 0.190443, 0.338458, 0.35356, 1, 

Generation #23
30,9,0.001, 0.0203181, 0.0217622, 0.027409, 0.0275643, 0.0279588, 0.0912793, 0.0933269, 0.116735, 0.131453, 0.136776, 0.258473, 0.27332, 0.301552, 0.40431, 0.445776, 0.52323, 0.524792, 0.659739, 0.718706, 0.765691, 0.770551, 0.890509, 0.9231, 0.992868, 1, 

21,10,0.001, 0.0203181, 0.0217622, 0.027409, 0.0960218, 0.140225, 0.0912793, 0.0933269, 0.116735, 0.131453, 0.136776, 0.258473, 0.27332, 0.89141, 0.912873, 1, 

20,18,0.001, 0.0567673, 0.0778704, 0.0786396, 0.143653, 0.140225, 0.14696, 0.192305, 0.190443, 0.338458, 0.35356, 1, 

Generation #24
30,9,0.001, 0.0203181, 0.0217622, 0.027409, 0.0275643, 0.0279588, 0.0912793, 0.0933269, 0.116735, 0.131453, 0.136776, 0.258473, 0.27332, 0.301552, 0.40431, 0.445776, 0.52323, 0.524792, 0.659739, 0.718706, 0.765691, 0.770551, 0.890509, 0.9231, 0.992868, 1, 

21,10,0.001, 0.0203181, 0.0217622, 0.027409, 0.0960218, 0.140225, 0.0912793, 0.0933269, 0.116735, 0.131453, 0.136776, 0.258473, 0.27332, 0.89141, 0.912873, 1, 

20,18,0.001, 0.0567673, 0.0778704, 0.0786396, 0.143653, 0.140225, 0.14696, 0.192305, 0.190443, 0.338458, 0.35356, 1, 

Generation #25
30,9,0.001, 0.0203181, 0.0217622, 0.027409, 0.0275643, 0.0279588, 0.0912793, 0.0933269, 0.116735, 0.131453, 0.136776, 0.258473, 0.27332, 0.301552, 0.40431, 0.445776, 0.52323, 0.524792, 0.659739, 0.718706, 0.765691, 0.770551, 0.890509, 0.9231, 0.992868, 1, 

21,10,0.001, 0.0203181, 0.0217622, 0.027409, 0.0960218, 0.140225, 0.0912793, 0.0933269, 0.116735, 0.131453, 0.136776, 0.258473, 0.27332, 0.89141, 0.912873, 1, 

20,18,0.001, 0.0567673, 0.0778704, 0.0786396, 0.143653, 0.140225, 0.14696, 0.192305, 0.190443, 0.338458, 0.35356, 1, 

Generation #26
30,9,0.001, 0.0203181, 0.0217622, 0.027409, 0.0275643, 0.0279588, 0.0912793, 0.0933269, 0.116735, 0.131453, 0.136776, 0.258473, 0.27332, 0.301552, 0.40431, 0.445776, 0.52323, 0.524792, 0.659739, 0.718706, 0.765691, 0.770551, 0.890509, 0.9231, 0.992868, 1, 

21,10,0.001, 0.0203181, 0.0217622, 0.027409, 0.0960218, 0.140225, 0.0912793, 0.0933269, 0.116735, 0.131453, 0.136776, 0.258473, 0.27332, 0.89141, 0.912873, 1, 

20,18,0.001, 0.0567673, 0.0778704, 0.0786396, 0.143653, 0.140225, 0.14696, 0.192305, 0.190443, 0.338458, 0.35356, 1, 

Generation #27
30,9,0.001, 0.0203181, 0.0217622, 0.027409, 0.0275643, 0.0279588, 0.0912793, 0.0933269, 0.116735, 0.131453, 0.136776, 0.258473, 0.27332, 0.301552, 0.40431, 0.445776, 0.52323, 0.524792, 0.659739, 0.718706, 0.765691, 0.770551, 0.890509, 0.9231, 0.992868, 1, 

21,10,0.001, 0.0203181, 0.0217622, 0.027409, 0.0960218, 0.140225, 0.0912793, 0.0933269, 0.116735, 0.131453, 0.136776, 0.258473, 0.27332, 0.89141, 0.912873, 1, 

20,18,0.001, 0.0567673, 0.0778704, 0.0786396, 0.143653, 0.140225, 0.14696, 0.192305, 0.190443, 0.338458, 0.35356, 1, 

Generation #28
30,9,0.001, 0.0203181, 0.0217622, 0.027409, 0.0275643, 0.0279588, 0.0912793, 0.0933269, 0.116735, 0.131453, 0.136776, 0.258473, 0.27332, 0.301552, 0.40431, 0.445776, 0.52323, 0.524792, 0.659739, 0.718706, 0.765691, 0.770551, 0.890509, 0.9231, 0.992868, 1, 

21,10,0.001, 0.0203181, 0.0217622, 0.027409, 0.0960218, 0.140225, 0.0912793, 0.0933269, 0.116735, 0.131453, 0.136776, 0.258473, 0.27332, 0.89141, 0.912873, 1, 

20,18,0.001, 0.0567673, 0.0778704, 0.0786396, 0.143653, 0.140225, 0.14696, 0.192305, 0.190443, 0.338458, 0.35356, 1, 

Generation #29
30,9,0.001, 0.0203181, 0.0217622, 0.027409, 0.0275643, 0.0279588, 0.0912793, 0.0933269, 0.116735, 0.131453, 0.136776, 0.258473, 0.27332, 0.301552, 0.40431, 0.445776, 0.52323, 0.524792, 0.659739, 0.718706, 0.765691, 0.770551, 0.890509, 0.9231, 0.992868, 1, 

21,10,0.001, 0.0203181, 0.0217622, 0.027409, 0.0960218, 0.140225, 0.0912793, 0.0933269, 0.116735, 0.131453, 0.136776, 0.258473, 0.27332, 0.89141, 0.912873, 1, 

20,18,0.001, 0.0567673, 0.0778704, 0.0786396, 0.143653, 0.140225, 0.14696, 0.192305, 0.190443, 0.338458, 0.35356, 1, 

Generation #30
30,9,0.001, 0.0203181, 0.0217622, 0.027409, 0.0275643, 0.0279588, 0.0912793, 0.0933269, 0.116735, 0.131453, 0.136776, 0.258473, 0.27332, 0.301552, 0.40431, 0.445776, 0.52323, 0.524792, 0.659739, 0.718706, 0.765691, 0.770551, 0.890509, 0.9231, 0.992868, 1, 

21,10,0.001, 0.0203181, 0.0217622, 0.027409, 0.0960218, 0.140225, 0.0912793, 0.0933269, 0.116735, 0.131453, 0.136776, 0.258473, 0.27332, 0.89141, 0.912873, 1, 

20,18,0.001, 0.0567673, 0.0778704, 0.0786396, 0.143653, 0.140225, 0.14696, 0.192305, 0.190443, 0.338458, 0.35356, 1, 

Generation #31
30,9,0.001, 0.0203181, 0.0217622, 0.027409, 0.0275643, 0.0279588, 0.0912793, 0.0933269, 0.116735, 0.131453, 0.136776, 0.258473, 0.27332, 0.301552, 0.40431, 0.445776, 0.52323, 0.524792, 0.659739, 0.718706, 0.765691, 0.770551, 0.890509, 0.9231, 0.992868, 1, 

21,10,0.001, 0.0203181, 0.0217622, 0.027409, 0.0960218, 0.140225, 0.0912793, 0.0933269, 0.116735, 0.131453, 0.136776, 0.258473, 0.27332, 0.89141, 0.912873, 1, 

20,18,0.001, 0.0567673, 0.0778704, 0.0786396, 0.143653, 0.140225, 0.14696, 0.192305, 0.190443, 0.338458, 0.35356, 1, 

Generation #32
30,9,0.001, 0.0203181, 0.0217622, 0.027409, 0.0275643, 0.0279588, 0.0912793, 0.0933269, 0.116735, 0.131453, 0.136776, 0.258473, 0.27332, 0.301552, 0.40431, 0.445776, 0.52323, 0.524792, 0.659739, 0.718706, 0.765691, 0.770551, 0.890509, 0.9231, 0.992868, 1, 

21,10,0.001, 0.0203181, 0.0217622, 0.027409, 0.0960218, 0.140225, 0.0912793, 0.0933269, 0.116735, 0.131453, 0.136776, 0.258473, 0.27332, 0.89141, 0.912873, 1, 

20,18,0.001, 0.0567673, 0.0778704, 0.0786396, 0.143653, 0.140225, 0.14696, 0.192305, 0.190443, 0.338458, 0.35356, 1, 

Generation #33
30,9,0.001, 0.0203181, 0.0217622, 0.027409, 0.0275643, 0.0279588, 0.0912793, 0.0933269, 0.116735, 0.131453, 0.136776, 0.258473, 0.27332, 0.301552, 0.40431, 0.445776, 0.52323, 0.524792, 0.659739, 0.718706, 0.765691, 0.770551, 0.890509, 0.9231, 0.992868, 1, 

21,10,0.001, 0.0203181, 0.0217622, 0.027409, 0.0960218, 0.140225, 0.0912793, 0.0933269, 0.116735, 0.131453, 0.136776, 0.258473, 0.27332, 0.89141, 0.912873, 1, 

20,18,0.001, 0.0567673, 0.0778704, 0.0786396, 0.143653, 0.140225, 0.14696, 0.192305, 0.190443, 0.338458, 0.35356, 1, 

Generation #34
30,9,0.001, 0.0203181, 0.0217622, 0.027409, 0.0275643, 0.0279588, 0.0912793, 0.0933269, 0.116735, 0.131453, 0.136776, 0.258473, 0.27332, 0.301552, 0.40431, 0.445776, 0.52323, 0.524792, 0.659739, 0.718706, 0.765691, 0.770551, 0.890509, 0.9231, 0.992868, 1, 

21,10,0.001, 0.0203181, 0.0217622, 0.027409, 0.0960218, 0.140225, 0.0912793, 0.0933269, 0.116735, 0.131453, 0.136776, 0.258473, 0.27332, 0.89141, 0.912873, 1, 

20,18,0.001, 0.0567673, 0.0778704, 0.0786396, 0.143653, 0.140225, 0.14696, 0.192305, 0.190443, 0.338458, 0.35356, 1, 

Generation #35
30,9,0.001, 0.0203181, 0.0217622, 0.027409, 0.0275643, 0.0279588, 0.0912793, 0.0933269, 0.116735, 0.131453, 0.136776, 0.258473, 0.27332, 0.301552, 0.40431, 0.445776, 0.52323, 0.524792, 0.659739, 0.718706, 0.765691, 0.770551, 0.890509, 0.9231, 0.992868, 1, 

21,10,0.001, 0.0203181, 0.0217622, 0.027409, 0.0960218, 0.140225, 0.0912793, 0.0933269, 0.116735, 0.131453, 0.136776, 0.258473, 0.27332, 0.89141, 0.912873, 1, 

20,18,0.001, 0.0567673, 0.0778704, 0.0786396, 0.143653, 0.140225, 0.14696, 0.192305, 0.190443, 0.338458, 0.35356, 1, 

Generation #36
30,9,0.001, 0.0203181, 0.0217622, 0.027409, 0.0275643, 0.0279588, 0.0912793, 0.0933269, 0.116735, 0.131453, 0.136776, 0.258473, 0.27332, 0.301552, 0.40431, 0.445776, 0.52323, 0.524792, 0.659739, 0.718706, 0.765691, 0.770551, 0.890509, 0.9231, 0.992868, 1, 

21,10,0.001, 0.0203181, 0.0217622, 0.027409, 0.0960218, 0.140225, 0.0912793, 0.0933269, 0.116735, 0.131453, 0.136776, 0.258473, 0.27332, 0.89141, 0.912873, 1, 

20,18,0.001, 0.0567673, 0.0778704, 0.0786396, 0.143653, 0.140225, 0.14696, 0.192305, 0.190443, 0.338458, 0.35356, 1, 

Generation #37
30,9,0.001, 0.0203181, 0.0217622, 0.027409, 0.0275643, 0.0279588, 0.0912793, 0.0933269, 0.116735, 0.131453, 0.136776, 0.258473, 0.27332, 0.301552, 0.40431, 0.445776, 0.52323, 0.524792, 0.659739, 0.718706, 0.765691, 0.770551, 0.890509, 0.9231, 0.992868, 1, 

21,10,0.001, 0.0203181, 0.0217622, 0.027409, 0.0960218, 0.140225, 0.0912793, 0.0933269, 0.116735, 0.131453, 0.136776, 0.258473, 0.27332, 0.89141, 0.912873, 1, 

20,18,0.001, 0.0567673, 0.0778704, 0.0786396, 0.143653, 0.140225, 0.14696, 0.192305, 0.190443, 0.338458, 0.35356, 1, 

Generation #38
30,9,0.001, 0.0203181, 0.0217622, 0.027409, 0.0275643, 0.0279588, 0.0912793, 0.0933269, 0.116735, 0.131453, 0.136776, 0.258473, 0.27332, 0.301552, 0.40431, 0.445776, 0.52323, 0.524792, 0.659739, 0.718706, 0.765691, 0.770551, 0.890509, 0.9231, 0.992868, 1, 

21,10,0.001, 0.0203181, 0.0217622, 0.027409, 0.0960218, 0.140225, 0.0912793, 0.0933269, 0.116735, 0.131453, 0.136776, 0.258473, 0.27332, 0.89141, 0.912873, 1, 

20,18,0.001, 0.0567673, 0.0778704, 0.0786396, 0.143653, 0.140225, 0.14696, 0.192305, 0.190443, 0.338458, 0.35356, 1, 

Generation #39
30,9,0.001, 0.0203181, 0.0217622, 0.027409, 0.0275643, 0.0279588, 0.0912793, 0.0933269, 0.116735, 0.131453, 0.136776, 0.258473, 0.27332, 0.301552, 0.40431, 0.445776, 0.52323, 0.524792, 0.659739, 0.718706, 0.765691, 0.770551, 0.890509, 0.9231, 0.992868, 1, 

21,10,0.001, 0.0203181, 0.0217622, 0.027409, 0.0960218, 0.140225, 0.0912793, 0.0933269, 0.116735, 0.131453, 0.136776, 0.258473, 0.27332, 0.89141, 0.912873, 1, 

20,18,0.001, 0.0567673, 0.0778704, 0.0786396, 0.143653, 0.140225, 0.14696, 0.192305, 0.190443, 0.338458, 0.35356, 1, 

Generation #40
30,9,0.001, 0.0203181, 0.0217622, 0.027409, 0.0275643, 0.0279588, 0.0912793, 0.0933269, 0.116735, 0.131453, 0.136776, 0.258473, 0.27332, 0.301552, 0.40431, 0.445776, 0.52323, 0.524792, 0.659739, 0.718706, 0.765691, 0.770551, 0.890509, 0.9231, 0.992868, 1, 

21,10,0.001, 0.0203181, 0.0217622, 0.027409, 0.0960218, 0.140225, 0.0912793, 0.0933269, 0.116735, 0.131453, 0.136776, 0.258473, 0.27332, 0.89141, 0.912873, 1, 

20,18,0.001, 0.0567673, 0.0778704, 0.0786396, 0.143653, 0.140225, 0.14696, 0.192305, 0.190443, 0.338458, 0.35356, 1, 

Generation #41
30,9,0.001, 0.0203181, 0.0217622, 0.027409, 0.0275643, 0.0279588, 0.0912793, 0.0933269, 0.116735, 0.131453, 0.136776, 0.258473, 0.27332, 0.301552, 0.40431, 0.445776, 0.52323, 0.524792, 0.659739, 0.718706, 0.765691, 0.770551, 0.890509, 0.9231, 0.992868, 1, 

21,10,0.001, 0.0203181, 0.0217622, 0.027409, 0.0960218, 0.140225, 0.0912793, 0.0933269, 0.116735, 0.131453, 0.136776, 0.258473, 0.27332, 0.89141, 0.912873, 1, 

20,18,0.001, 0.0567673, 0.0778704, 0.0786396, 0.143653, 0.140225, 0.14696, 0.192305, 0.190443, 0.338458, 0.35356, 1, 

Generation #42
30,9,0.001, 0.0203181, 0.0217622, 0.027409, 0.0275643, 0.0279588, 0.0912793, 0.0933269, 0.116735, 0.131453, 0.136776, 0.258473, 0.27332, 0.301552, 0.40431, 0.445776, 0.52323, 0.524792, 0.659739, 0.718706, 0.765691, 0.770551, 0.890509, 0.9231, 0.992868, 1, 

21,10,0.001, 0.0203181, 0.0217622, 0.027409, 0.0960218, 0.140225, 0.0912793, 0.0933269, 0.116735, 0.131453, 0.136776, 0.258473, 0.27332, 0.89141, 0.912873, 1, 

20,18,0.001, 0.0567673, 0.0778704, 0.0786396, 0.143653, 0.140225, 0.14696, 0.192305, 0.190443, 0.338458, 0.35356, 1, 

Generation #43
30,9,0.001, 0.0203181, 0.0217622, 0.027409, 0.0275643, 0.0279588, 0.0912793, 0.0933269, 0.116735, 0.131453, 0.136776, 0.258473, 0.27332, 0.301552, 0.40431, 0.445776, 0.52323, 0.524792, 0.659739, 0.718706, 0.765691, 0.770551, 0.890509, 0.9231, 0.992868, 1, 

21,10,0.001, 0.0203181, 0.0217622, 0.027409, 0.0960218, 0.140225, 0.0912793, 0.0933269, 0.116735, 0.131453, 0.136776, 0.258473, 0.27332, 0.89141, 0.912873, 1, 

20,18,0.001, 0.0567673, 0.0778704, 0.0786396, 0.143653, 0.140225, 0.14696, 0.192305, 0.190443, 0.338458, 0.35356, 1, 

Generation #44
30,9,0.001, 0.0203181, 0.0217622, 0.027409, 0.0275643, 0.0279588, 0.0912793, 0.0933269, 0.116735, 0.131453, 0.136776, 0.258473, 0.27332, 0.301552, 0.40431, 0.445776, 0.52323, 0.524792, 0.659739, 0.718706, 0.765691, 0.770551, 0.890509, 0.9231, 0.992868, 1, 

21,10,0.001, 0.0203181, 0.0217622, 0.027409, 0.0960218, 0.140225, 0.0912793, 0.0933269, 0.116735, 0.131453, 0.136776, 0.258473, 0.27332, 0.89141, 0.912873, 1, 

20,18,0.001, 0.0567673, 0.0778704, 0.0786396, 0.143653, 0.140225, 0.14696, 0.192305, 0.190443, 0.338458, 0.35356, 1, 

Generation #45
30,9,0.001, 0.0203181, 0.0217622, 0.027409, 0.0275643, 0.0279588, 0.0912793, 0.0933269, 0.116735, 0.131453, 0.136776, 0.258473, 0.27332, 0.301552, 0.40431, 0.445776, 0.52323, 0.524792, 0.659739, 0.718706, 0.765691, 0.770551, 0.890509, 0.9231, 0.992868, 1, 

21,10,0.001, 0.0203181, 0.0217622, 0.027409, 0.0960218, 0.140225, 0.0912793, 0.0933269, 0.116735, 0.131453, 0.136776, 0.258473, 0.27332, 0.89141, 0.912873, 1, 

20,18,0.001, 0.0567673, 0.0778704, 0.0786396, 0.143653, 0.140225, 0.14696, 0.192305, 0.190443, 0.338458, 0.35356, 1, 

Generation #46
30,9,0.001, 0.0203181, 0.0217622, 0.027409, 0.0275643, 0.0279588, 0.0912793, 0.0933269, 0.116735, 0.131453, 0.136776, 0.258473, 0.27332, 0.301552, 0.40431, 0.445776, 0.52323, 0.524792, 0.659739, 0.718706, 0.765691, 0.770551, 0.890509, 0.9231, 0.992868, 1, 

21,10,0.001, 0.0203181, 0.0217622, 0.027409, 0.0960218, 0.140225, 0.0912793, 0.0933269, 0.116735, 0.131453, 0.136776, 0.258473, 0.27332, 0.89141, 0.912873, 1, 

20,18,0.001, 0.0567673, 0.0778704, 0.0786396, 0.143653, 0.140225, 0.14696, 0.192305, 0.190443, 0.338458, 0.35356, 1, 

Generation #47
30,9,0.001, 0.0203181, 0.0217622, 0.027409, 0.0275643, 0.0279588, 0.0912793, 0.0933269, 0.116735, 0.131453, 0.136776, 0.258473, 0.27332, 0.301552, 0.40431, 0.445776, 0.52323, 0.524792, 0.659739, 0.718706, 0.765691, 0.770551, 0.890509, 0.9231, 0.992868, 1, 

21,10,0.001, 0.0203181, 0.0217622, 0.027409, 0.0960218, 0.140225, 0.0912793, 0.0933269, 0.116735, 0.131453, 0.136776, 0.258473, 0.27332, 0.89141, 0.912873, 1, 

20,18,0.001, 0.0567673, 0.0778704, 0.0786396, 0.143653, 0.140225, 0.14696, 0.192305, 0.190443, 0.338458, 0.35356, 1, 

Generation #48
30,9,0.001, 0.0203181, 0.0217622, 0.027409, 0.0275643, 0.0279588, 0.0912793, 0.0933269, 0.116735, 0.131453, 0.136776, 0.258473, 0.27332, 0.301552, 0.40431, 0.445776, 0.52323, 0.524792, 0.659739, 0.718706, 0.765691, 0.770551, 0.890509, 0.9231, 0.992868, 1, 

21,10,0.001, 0.0203181, 0.0217622, 0.027409, 0.0960218, 0.140225, 0.0912793, 0.0933269, 0.116735, 0.131453, 0.136776, 0.258473, 0.27332, 0.89141, 0.912873, 1, 

20,18,0.001, 0.0567673, 0.0778704, 0.0786396, 0.143653, 0.140225, 0.14696, 0.192305, 0.190443, 0.338458, 0.35356, 1, 

Generation #49
30,9,0.001, 0.0203181, 0.0217622, 0.027409, 0.0275643, 0.0279588, 0.0912793, 0.0933269, 0.116735, 0.131453, 0.136776, 0.258473, 0.27332, 0.301552, 0.40431, 0.445776, 0.52323, 0.524792, 0.659739, 0.718706, 0.765691, 0.770551, 0.890509, 0.9231, 0.992868, 1, 

21,10,0.001, 0.0203181, 0.0217622, 0.027409, 0.0960218, 0.140225, 0.0912793, 0.0933269, 0.116735, 0.131453, 0.136776, 0.258473, 0.27332, 0.89141, 0.912873, 1, 

20,18,0.001, 0.0567673, 0.0778704, 0.0786396, 0.143653, 0.140225, 0.14696, 0.192305, 0.190443, 0.338458, 0.35356, 1, 

--- Pareto Front Solutions ---
Solution 0: N total=130 (N_initial=100, N_added=30), Time total=15 ms, Saved to: ./results/Flex_t2_l4_pareto_0.csv, percents=0.001, 0.0203181, 0.0217622, 0.027409, 0.0275643, 0.0279588, 0.0912793, 0.0933269, 0.116735, 0.131453, 0.136776, 0.258473, 0.27332, 0.301552, 0.40431, 0.445776, 0.52323, 0.524792, 0.659739, 0.718706, 0.765691, 0.770551, 0.890509, 0.9231, 0.992868, 1, 

Solution 1: N total=121 (N_initial=100, N_added=21), Time total=16 ms, Saved to: ./results/Flex_t2_l4_pareto_1.csv, percents=0.001, 0.0203181, 0.0217622, 0.027409, 0.0960218, 0.140225, 0.0912793, 0.0933269, 0.116735, 0.131453, 0.136776, 0.258473, 0.27332, 0.89141, 0.912873, 1, 

Solution 2: N total=120 (N_initial=100, N_added=20), Time total=24 ms, Saved to: ./results/Flex_t2_l4_pareto_2.csv, percents=0.001, 0.0567673, 0.0778704, 0.0786396, 0.143653, 0.140225, 0.14696, 0.192305, 0.190443, 0.338458, 0.35356, 1, 

