------------d=1, t=2, lambda=1, filename=./evaluation/Make/Make_2_1.csv------------
Grouping d-sets by partitioned row counts for detecting arrays...
Ready to look at pairs for detecting arrays...
First Stage N=30, Time=3
There are 4890 remaining non-locating pairs
--- Running GA Algorithm (phase2) ---
Running GA with std::execution::par
Generation #0
46,1167,0.001, 0.142675, 0.144645, 0.243401, 0.419488, 0.422539, 0.551303, 0.673079, 0.81168, 0.95616, 0.981794, 1, 

47,1041,0.001, 0.0970704, 0.133815, 0.193307, 0.314824, 0.330009, 0.392028, 0.397921, 0.422169, 0.783244, 0.803073, 0.930679, 1, 

54,577,0.001, 0.0141455, 0.0218816, 0.0456565, 0.126535, 0.171676, 0.223503, 0.360442, 0.365705, 0.45636, 0.479251, 0.508095, 0.573131, 0.69156, 0.698453, 0.828251, 0.841254, 0.951562, 1, 

64,569,0.001, 0.0254464, 0.0366954, 0.0698214, 0.10015, 0.173493, 0.182069, 0.201765, 0.215415, 0.215567, 0.254165, 0.298254, 0.324787, 0.363879, 0.391268, 0.504137, 0.516423, 0.523615, 0.547289, 0.599489, 0.601581, 0.63591, 0.637151, 0.649966, 0.652885, 0.667381, 0.687122, 0.797561, 0.838927, 0.978985, 1, 

50,723,0.001, 0.0485364, 0.0638381, 0.103473, 0.112512, 0.157387, 0.207509, 0.233497, 0.34024, 0.425078, 0.623749, 0.642961, 0.77327, 0.821051, 0.86027, 0.97724, 1, 

Generation #1
47,403,0.001, 0.0254464, 0.0366954, 0.0698214, 0.10015, 0.173493, 0.182069, 0.201765, 0.797689, 0.831146, 0.990146, 1, 

46,448,0.001, 0.0340047, 0.0418319, 0.0980574, 0.126465, 0.20244, 0.211292, 0.212053, 0.264579, 0.275149, 0.356605, 0.980407, 0.985471, 1, 

59,349,0.001, 0.0110509, 0.0391854, 0.0928903, 0.129683, 0.148351, 0.15305, 0.161136, 0.234665, 0.262227, 0.262612, 0.288228, 0.29071, 0.387741, 0.387959, 0.439057, 0.598829, 0.623264, 0.646717, 0.734431, 0.75492, 0.778334, 0.828504, 0.918703, 0.985913, 1, 

51,369,0.001, 0.0110509, 0.0391854, 0.0928903, 0.112512, 0.157387, 0.207509, 0.233497, 0.34024, 0.425078, 0.623749, 0.642961, 0.77327, 0.86027, 0.97724, 1, 

Generation #2
47,403,0.001, 0.0254464, 0.0366954, 0.0698214, 0.10015, 0.173493, 0.182069, 0.201765, 0.797689, 0.831146, 0.990146, 1, 

46,448,0.001, 0.0340047, 0.0418319, 0.0980574, 0.126465, 0.20244, 0.211292, 0.212053, 0.264579, 0.275149, 0.356605, 0.980407, 0.985471, 1, 

59,349,0.001, 0.0110509, 0.0391854, 0.0928903, 0.129683, 0.148351, 0.15305, 0.161136, 0.234665, 0.262227, 0.262612, 0.288228, 0.29071, 0.387741, 0.387959, 0.439057, 0.598829, 0.623264, 0.646717, 0.734431, 0.75492, 0.778334, 0.828504, 0.918703, 0.985913, 1, 

51,369,0.001, 0.0110509, 0.0391854, 0.0928903, 0.112512, 0.157387, 0.207509, 0.233497, 0.34024, 0.425078, 0.623749, 0.642961, 0.77327, 0.86027, 0.97724, 1, 

45,775,0.001, 0.0947605, 0.133815, 0.193307, 0.314824, 0.330009, 0.392028, 0.397921, 0.422169, 0.783244, 0.803073, 0.930679, 1, 

Generation #3
47,403,0.001, 0.0254464, 0.0366954, 0.0698214, 0.10015, 0.173493, 0.182069, 0.201765, 0.797689, 0.831146, 0.990146, 1, 

59,349,0.001, 0.0110509, 0.0391854, 0.0928903, 0.129683, 0.148351, 0.15305, 0.161136, 0.234665, 0.262227, 0.262612, 0.288228, 0.29071, 0.387741, 0.387959, 0.439057, 0.598829, 0.623264, 0.646717, 0.734431, 0.75492, 0.778334, 0.828504, 0.918703, 0.985913, 1, 

51,369,0.001, 0.0110509, 0.0391854, 0.0928903, 0.112512, 0.157387, 0.207509, 0.233497, 0.34024, 0.425078, 0.623749, 0.642961, 0.77327, 0.86027, 0.97724, 1, 

46,404,0.001, 0.0110509, 0.0391854, 0.0928903, 0.129683, 0.148351, 0.15305, 0.58726, 0.607083, 0.793639, 0.806633, 1, 

44,518,0.001, 0.0485364, 0.0638381, 0.103473, 0.112512, 0.157387, 0.207509, 0.233497, 0.556769, 0.981794, 1, 

Generation #4
45,330,0.001, 0.0110509, 0.0391854, 0.0928903, 0.129683, 0.20244, 0.211292, 0.212053, 0.264579, 0.275149, 0.356605, 0.980407, 0.985471, 1, 

44,482,0.001, 0.0254464, 0.0366954, 0.0698214, 0.10015, 0.173493, 0.816555, 0.932469, 0.993654, 1, 

Generation #5
45,330,0.001, 0.0110509, 0.0391854, 0.0928903, 0.129683, 0.20244, 0.211292, 0.212053, 0.264579, 0.275149, 0.356605, 0.980407, 0.985471, 1, 

42,437,0.001, 0.0110509, 0.0391854, 0.0928903, 0.129683, 0.148351, 0.233497, 0.496676, 0.646755, 1, 

Generation #6
45,330,0.001, 0.0110509, 0.0391854, 0.0928903, 0.129683, 0.20244, 0.211292, 0.212053, 0.264579, 0.275149, 0.356605, 0.980407, 0.985471, 1, 

42,437,0.001, 0.0110509, 0.0391854, 0.0928903, 0.129683, 0.148351, 0.233497, 0.496676, 0.646755, 1, 

Generation #7
42,437,0.001, 0.0110509, 0.0391854, 0.0928903, 0.129683, 0.148351, 0.233497, 0.496676, 0.646755, 1, 

45,317,0.001, 0.0110509, 0.0391854, 0.0460126, 0.10239, 0.111185, 0.134715, 0.142228, 0.147769, 0.981794, 1, 

43,379,0.001, 0.0110509, 0.0391854, 0.0928903, 0.129683, 0.148351, 0.15305, 0.212053, 0.264579, 0.793639, 0.806633, 1, 

Generation #8
42,437,0.001, 0.0110509, 0.0391854, 0.0928903, 0.129683, 0.148351, 0.233497, 0.496676, 0.646755, 1, 

45,317,0.001, 0.0110509, 0.0391854, 0.0460126, 0.10239, 0.111185, 0.134715, 0.142228, 0.147769, 0.981794, 1, 

43,379,0.001, 0.0110509, 0.0391854, 0.0928903, 0.129683, 0.148351, 0.15305, 0.212053, 0.264579, 0.793639, 0.806633, 1, 

46,308,0.001, 0.0110509, 0.0391854, 0.0928903, 0.129683, 0.148351, 0.15305, 0.161136, 0.234665, 0.262227, 0.262612, 0.288228, 0.531833, 0.387741, 0.86027, 0.966634, 1, 

Generation #9
42,437,0.001, 0.0110509, 0.0391854, 0.0928903, 0.129683, 0.148351, 0.233497, 0.496676, 0.646755, 1, 

45,317,0.001, 0.0110509, 0.0391854, 0.0460126, 0.10239, 0.111185, 0.134715, 0.142228, 0.147769, 0.981794, 1, 

43,379,0.001, 0.0110509, 0.0391854, 0.0928903, 0.129683, 0.148351, 0.15305, 0.212053, 0.264579, 0.793639, 0.806633, 1, 

46,308,0.001, 0.0110509, 0.0391854, 0.0928903, 0.129683, 0.148351, 0.15305, 0.161136, 0.234665, 0.262227, 0.262612, 0.288228, 0.531833, 0.387741, 0.86027, 0.966634, 1, 

44,376,0.001, 0.0110509, 0.0391854, 0.0928903, 0.129683, 0.157387, 0.207509, 0.233497, 0.556769, 0.981794, 1, 

Generation #10
42,437,0.001, 0.0110509, 0.0391854, 0.0928903, 0.129683, 0.148351, 0.233497, 0.496676, 0.646755, 1, 

43,379,0.001, 0.0110509, 0.0391854, 0.0928903, 0.129683, 0.148351, 0.15305, 0.212053, 0.264579, 0.793639, 0.806633, 1, 

45,295,0.001, 0.0110509, 0.0391854, 0.0928903, 0.112512, 0.157387, 0.134715, 0.233497, 0.34024, 0.425078, 0.981794, 1, 

44,367,0.001, 0.00789081, 0.016831, 0.0528152, 0.112512, 0.157387, 0.15305, 0.161136, 0.234665, 1, 

Generation #11
42,437,0.001, 0.0110509, 0.0391854, 0.0928903, 0.129683, 0.148351, 0.233497, 0.496676, 0.646755, 1, 

43,379,0.001, 0.0110509, 0.0391854, 0.0928903, 0.129683, 0.148351, 0.15305, 0.212053, 0.264579, 0.793639, 0.806633, 1, 

45,295,0.001, 0.0110509, 0.0391854, 0.0928903, 0.112512, 0.157387, 0.134715, 0.233497, 0.34024, 0.425078, 0.981794, 1, 

44,367,0.001, 0.00789081, 0.016831, 0.0528152, 0.112512, 0.157387, 0.15305, 0.161136, 0.234665, 1, 

Generation #12
42,437,0.001, 0.0110509, 0.0391854, 0.0928903, 0.129683, 0.148351, 0.233497, 0.496676, 0.646755, 1, 

43,379,0.001, 0.0110509, 0.0391854, 0.0928903, 0.129683, 0.148351, 0.15305, 0.212053, 0.264579, 0.793639, 0.806633, 1, 

45,295,0.001, 0.0110509, 0.0391854, 0.0928903, 0.112512, 0.157387, 0.134715, 0.233497, 0.34024, 0.425078, 0.981794, 1, 

44,367,0.001, 0.00789081, 0.016831, 0.0528152, 0.112512, 0.157387, 0.15305, 0.161136, 0.234665, 1, 

Generation #13
43,379,0.001, 0.0110509, 0.0391854, 0.0928903, 0.129683, 0.148351, 0.15305, 0.212053, 0.264579, 0.793639, 0.806633, 1, 

45,295,0.001, 0.0110509, 0.0391854, 0.0928903, 0.112512, 0.157387, 0.134715, 0.233497, 0.34024, 0.425078, 0.981794, 1, 

44,367,0.001, 0.00789081, 0.016831, 0.0528152, 0.112512, 0.157387, 0.15305, 0.161136, 0.234665, 1, 

42,396,0.001, 0.0110509, 0.0391854, 0.0928903, 0.129683, 0.0385914, 0.15305, 0.161136, 0.234665, 0.262227, 0.182603, 0.226503, 1, 

Generation #14
43,379,0.001, 0.0110509, 0.0391854, 0.0928903, 0.129683, 0.148351, 0.15305, 0.212053, 0.264579, 0.793639, 0.806633, 1, 

45,295,0.001, 0.0110509, 0.0391854, 0.0928903, 0.112512, 0.157387, 0.134715, 0.233497, 0.34024, 0.425078, 0.981794, 1, 

44,367,0.001, 0.00789081, 0.016831, 0.0528152, 0.112512, 0.157387, 0.15305, 0.161136, 0.234665, 1, 

42,396,0.001, 0.0110509, 0.0391854, 0.0928903, 0.129683, 0.0385914, 0.15305, 0.161136, 0.234665, 0.262227, 0.182603, 0.226503, 1, 

49,277,0.0110509, 0.0110509, 0.0391854, 0.0460126, 0.10239, 0.111185, 0.134715, 0.142228, 0.147769, 0.164878, 0.182603, 0.226503, 0.233886, 0.288066, 0.436146, 0.97724, 1, 

Generation #15
43,379,0.001, 0.0110509, 0.0391854, 0.0928903, 0.129683, 0.148351, 0.15305, 0.212053, 0.264579, 0.793639, 0.806633, 1, 

42,396,0.001, 0.0110509, 0.0391854, 0.0928903, 0.129683, 0.0385914, 0.15305, 0.161136, 0.234665, 0.262227, 0.182603, 0.226503, 1, 

44,254,0.00916704, 0.0234395, 0.0390873, 0.0460126, 0.10239, 0.111185, 0.134715, 0.142228, 0.147769, 0.164878, 0.182603, 0.226503, 0.985471, 1, 

Generation #16
43,379,0.001, 0.0110509, 0.0391854, 0.0928903, 0.129683, 0.148351, 0.15305, 0.212053, 0.264579, 0.793639, 0.806633, 1, 

42,396,0.001, 0.0110509, 0.0391854, 0.0928903, 0.129683, 0.0385914, 0.15305, 0.161136, 0.234665, 0.262227, 0.182603, 0.226503, 1, 

44,254,0.00916704, 0.0234395, 0.0390873, 0.0460126, 0.10239, 0.111185, 0.134715, 0.142228, 0.147769, 0.164878, 0.182603, 0.226503, 0.985471, 1, 

41,417,0.001, 0.0110509, 0.0391854, 0.0928903, 0.129683, 0.148351, 0.233497, 0.496676, 0.646755, 1, 

Generation #17
42,396,0.001, 0.0110509, 0.0391854, 0.0928903, 0.129683, 0.0385914, 0.15305, 0.161136, 0.234665, 0.262227, 0.182603, 0.226503, 1, 

44,254,0.00916704, 0.0234395, 0.0390873, 0.0460126, 0.10239, 0.111185, 0.134715, 0.142228, 0.147769, 0.164878, 0.182603, 0.226503, 0.985471, 1, 

41,417,0.001, 0.0110509, 0.0391854, 0.0928903, 0.129683, 0.148351, 0.233497, 0.496676, 0.646755, 1, 

43,354,0.001, 0.00789081, 0.016831, 0.0528152, 0.112512, 0.157387, 0.134715, 0.161136, 0.234665, 0.981794, 1, 

Generation #18
42,396,0.001, 0.0110509, 0.0391854, 0.0928903, 0.129683, 0.0385914, 0.15305, 0.161136, 0.234665, 0.262227, 0.182603, 0.226503, 1, 

44,254,0.00916704, 0.0234395, 0.0390873, 0.0460126, 0.10239, 0.111185, 0.134715, 0.142228, 0.147769, 0.164878, 0.182603, 0.226503, 0.985471, 1, 

41,417,0.001, 0.0110509, 0.0391854, 0.0928903, 0.129683, 0.148351, 0.233497, 0.496676, 0.646755, 1, 

43,354,0.001, 0.00789081, 0.016831, 0.0528152, 0.112512, 0.157387, 0.134715, 0.161136, 0.234665, 0.981794, 1, 

Generation #19
42,396,0.001, 0.0110509, 0.0391854, 0.0928903, 0.129683, 0.0385914, 0.15305, 0.161136, 0.234665, 0.262227, 0.182603, 0.226503, 1, 

44,254,0.00916704, 0.0234395, 0.0390873, 0.0460126, 0.10239, 0.111185, 0.134715, 0.142228, 0.147769, 0.164878, 0.182603, 0.226503, 0.985471, 1, 

41,417,0.001, 0.0110509, 0.0391854, 0.0928903, 0.129683, 0.148351, 0.233497, 0.496676, 0.646755, 1, 

43,343,0.001, 0.0110509, 0.0391854, 0.0928903, 0.129683, 0.148351, 0.15305, 0.161136, 0.234665, 1, 

Generation #20
42,396,0.001, 0.0110509, 0.0391854, 0.0928903, 0.129683, 0.0385914, 0.15305, 0.161136, 0.234665, 0.262227, 0.182603, 0.226503, 1, 

44,254,0.00916704, 0.0234395, 0.0390873, 0.0460126, 0.10239, 0.111185, 0.134715, 0.142228, 0.147769, 0.164878, 0.182603, 0.226503, 0.985471, 1, 

41,417,0.001, 0.0110509, 0.0391854, 0.0928903, 0.129683, 0.148351, 0.233497, 0.496676, 0.646755, 1, 

43,281,0.001, 0.00789081, 0.016831, 0.0528152, 0.0980615, 0.111185, 0.134715, 0.142228, 0.147769, 0.164878, 0.182603, 0.226503, 0.233886, 1, 

Generation #21
42,396,0.001, 0.0110509, 0.0391854, 0.0928903, 0.129683, 0.0385914, 0.15305, 0.161136, 0.234665, 0.262227, 0.182603, 0.226503, 1, 

44,254,0.00916704, 0.0234395, 0.0390873, 0.0460126, 0.10239, 0.111185, 0.134715, 0.142228, 0.147769, 0.164878, 0.182603, 0.226503, 0.985471, 1, 

41,417,0.001, 0.0110509, 0.0391854, 0.0928903, 0.129683, 0.148351, 0.233497, 0.496676, 0.646755, 1, 

43,281,0.001, 0.00789081, 0.016831, 0.0528152, 0.0980615, 0.111185, 0.134715, 0.142228, 0.147769, 0.164878, 0.182603, 0.226503, 0.233886, 1, 

Generation #22
44,254,0.00916704, 0.0234395, 0.0390873, 0.0460126, 0.10239, 0.111185, 0.134715, 0.142228, 0.147769, 0.164878, 0.182603, 0.226503, 0.985471, 1, 

41,417,0.001, 0.0110509, 0.0391854, 0.0928903, 0.129683, 0.148351, 0.233497, 0.496676, 0.646755, 1, 

43,281,0.001, 0.00789081, 0.016831, 0.0528152, 0.0980615, 0.111185, 0.134715, 0.142228, 0.147769, 0.164878, 0.182603, 0.226503, 0.233886, 1, 

42,365,0.0110509, 0.00789081, 0.016831, 0.124037, 0.10239, 0.15305, 0.161136, 0.234665, 1, 

Generation #23
44,254,0.00916704, 0.0234395, 0.0390873, 0.0460126, 0.10239, 0.111185, 0.134715, 0.142228, 0.147769, 0.164878, 0.182603, 0.226503, 0.985471, 1, 

41,417,0.001, 0.0110509, 0.0391854, 0.0928903, 0.129683, 0.148351, 0.233497, 0.496676, 0.646755, 1, 

43,281,0.001, 0.00789081, 0.016831, 0.0528152, 0.0980615, 0.111185, 0.134715, 0.142228, 0.147769, 0.164878, 0.182603, 0.226503, 0.233886, 1, 

42,365,0.0110509, 0.00789081, 0.016831, 0.124037, 0.10239, 0.15305, 0.161136, 0.234665, 1, 

Generation #24
44,254,0.00916704, 0.0234395, 0.0390873, 0.0460126, 0.10239, 0.111185, 0.134715, 0.142228, 0.147769, 0.164878, 0.182603, 0.226503, 0.985471, 1, 

41,417,0.001, 0.0110509, 0.0391854, 0.0928903, 0.129683, 0.148351, 0.233497, 0.496676, 0.646755, 1, 

43,281,0.001, 0.00789081, 0.016831, 0.0528152, 0.0980615, 0.111185, 0.134715, 0.142228, 0.147769, 0.164878, 0.182603, 0.226503, 0.233886, 1, 

42,365,0.0110509, 0.00789081, 0.016831, 0.124037, 0.10239, 0.15305, 0.161136, 0.234665, 1, 

Generation #25
44,254,0.00916704, 0.0234395, 0.0390873, 0.0460126, 0.10239, 0.111185, 0.134715, 0.142228, 0.147769, 0.164878, 0.182603, 0.226503, 0.985471, 1, 

43,281,0.001, 0.00789081, 0.016831, 0.0528152, 0.0980615, 0.111185, 0.134715, 0.142228, 0.147769, 0.164878, 0.182603, 0.226503, 0.233886, 1, 

42,365,0.0110509, 0.00789081, 0.016831, 0.124037, 0.10239, 0.15305, 0.161136, 0.234665, 1, 

40,382,0.0110509, 0.0218816, 0.0456565, 0.126535, 0.15305, 0.161136, 0.234665, 1, 

47,236,0.0110509, 0.0110509, 0.0391854, 0.0460126, 0.10239, 0.111185, 0.134715, 0.142228, 0.112447, 0.164878, 0.182603, 0.226503, 0.233886, 0.288066, 0.436146, 0.97724, 1, 

Generation #26
44,254,0.00916704, 0.0234395, 0.0390873, 0.0460126, 0.10239, 0.111185, 0.134715, 0.142228, 0.147769, 0.164878, 0.182603, 0.226503, 0.985471, 1, 

43,281,0.001, 0.00789081, 0.016831, 0.0528152, 0.0980615, 0.111185, 0.134715, 0.142228, 0.147769, 0.164878, 0.182603, 0.226503, 0.233886, 1, 

42,365,0.0110509, 0.00789081, 0.016831, 0.124037, 0.10239, 0.15305, 0.161136, 0.234665, 1, 

40,382,0.0110509, 0.0218816, 0.0456565, 0.126535, 0.15305, 0.161136, 0.234665, 1, 

47,236,0.0110509, 0.0110509, 0.0391854, 0.0460126, 0.10239, 0.111185, 0.134715, 0.142228, 0.112447, 0.164878, 0.182603, 0.226503, 0.233886, 0.288066, 0.436146, 0.97724, 1, 

Generation #27
44,254,0.00916704, 0.0234395, 0.0390873, 0.0460126, 0.10239, 0.111185, 0.134715, 0.142228, 0.147769, 0.164878, 0.182603, 0.226503, 0.985471, 1, 

43,281,0.001, 0.00789081, 0.016831, 0.0528152, 0.0980615, 0.111185, 0.134715, 0.142228, 0.147769, 0.164878, 0.182603, 0.226503, 0.233886, 1, 

42,365,0.0110509, 0.00789081, 0.016831, 0.124037, 0.10239, 0.15305, 0.161136, 0.234665, 1, 

40,382,0.0110509, 0.0218816, 0.0456565, 0.126535, 0.15305, 0.161136, 0.234665, 1, 

47,236,0.0110509, 0.0110509, 0.0391854, 0.0460126, 0.10239, 0.111185, 0.134715, 0.142228, 0.112447, 0.164878, 0.182603, 0.226503, 0.233886, 0.288066, 0.436146, 0.97724, 1, 

Generation #28
44,254,0.00916704, 0.0234395, 0.0390873, 0.0460126, 0.10239, 0.111185, 0.134715, 0.142228, 0.147769, 0.164878, 0.182603, 0.226503, 0.985471, 1, 

43,281,0.001, 0.00789081, 0.016831, 0.0528152, 0.0980615, 0.111185, 0.134715, 0.142228, 0.147769, 0.164878, 0.182603, 0.226503, 0.233886, 1, 

42,365,0.0110509, 0.00789081, 0.016831, 0.124037, 0.10239, 0.15305, 0.161136, 0.234665, 1, 

40,382,0.0110509, 0.0218816, 0.0456565, 0.126535, 0.15305, 0.161136, 0.234665, 1, 

47,236,0.0110509, 0.0110509, 0.0391854, 0.0460126, 0.10239, 0.111185, 0.134715, 0.142228, 0.112447, 0.164878, 0.182603, 0.226503, 0.233886, 0.288066, 0.436146, 0.97724, 1, 

Generation #29
44,254,0.00916704, 0.0234395, 0.0390873, 0.0460126, 0.10239, 0.111185, 0.134715, 0.142228, 0.147769, 0.164878, 0.182603, 0.226503, 0.985471, 1, 

43,281,0.001, 0.00789081, 0.016831, 0.0528152, 0.0980615, 0.111185, 0.134715, 0.142228, 0.147769, 0.164878, 0.182603, 0.226503, 0.233886, 1, 

40,382,0.0110509, 0.0218816, 0.0456565, 0.126535, 0.15305, 0.161136, 0.234665, 1, 

47,236,0.0110509, 0.0110509, 0.0391854, 0.0460126, 0.10239, 0.111185, 0.134715, 0.142228, 0.112447, 0.164878, 0.182603, 0.226503, 0.233886, 0.288066, 0.436146, 0.97724, 1, 

42,323,0.0110509, 0.0110509, 0.0391854, 0.0528152, 0.112512, 0.15305, 0.161136, 0.234665, 1, 

Generation #30
44,254,0.00916704, 0.0234395, 0.0390873, 0.0460126, 0.10239, 0.111185, 0.134715, 0.142228, 0.147769, 0.164878, 0.182603, 0.226503, 0.985471, 1, 

43,281,0.001, 0.00789081, 0.016831, 0.0528152, 0.0980615, 0.111185, 0.134715, 0.142228, 0.147769, 0.164878, 0.182603, 0.226503, 0.233886, 1, 

40,382,0.0110509, 0.0218816, 0.0456565, 0.126535, 0.15305, 0.161136, 0.234665, 1, 

47,236,0.0110509, 0.0110509, 0.0391854, 0.0460126, 0.10239, 0.111185, 0.134715, 0.142228, 0.112447, 0.164878, 0.182603, 0.226503, 0.233886, 0.288066, 0.436146, 0.97724, 1, 

42,323,0.0110509, 0.0110509, 0.0391854, 0.0528152, 0.112512, 0.15305, 0.161136, 0.234665, 1, 

Generation #31
44,254,0.00916704, 0.0234395, 0.0390873, 0.0460126, 0.10239, 0.111185, 0.134715, 0.142228, 0.147769, 0.164878, 0.182603, 0.226503, 0.985471, 1, 

43,281,0.001, 0.00789081, 0.016831, 0.0528152, 0.0980615, 0.111185, 0.134715, 0.142228, 0.147769, 0.164878, 0.182603, 0.226503, 0.233886, 1, 

47,236,0.0110509, 0.0110509, 0.0391854, 0.0460126, 0.10239, 0.111185, 0.134715, 0.142228, 0.112447, 0.164878, 0.182603, 0.226503, 0.233886, 0.288066, 0.436146, 0.97724, 1, 

42,323,0.0110509, 0.0110509, 0.0391854, 0.0528152, 0.112512, 0.15305, 0.161136, 0.234665, 1, 

40,371,0.001, 0.0110509, 0.0391854, 0.0460126, 0.10239, 0.111185, 0.134715, 0.142228, 0.147769, 0.806633, 1, 

Generation #32
44,254,0.00916704, 0.0234395, 0.0390873, 0.0460126, 0.10239, 0.111185, 0.134715, 0.142228, 0.147769, 0.164878, 0.182603, 0.226503, 0.985471, 1, 

43,281,0.001, 0.00789081, 0.016831, 0.0528152, 0.0980615, 0.111185, 0.134715, 0.142228, 0.147769, 0.164878, 0.182603, 0.226503, 0.233886, 1, 

47,236,0.0110509, 0.0110509, 0.0391854, 0.0460126, 0.10239, 0.111185, 0.134715, 0.142228, 0.112447, 0.164878, 0.182603, 0.226503, 0.233886, 0.288066, 0.436146, 0.97724, 1, 

42,323,0.0110509, 0.0110509, 0.0391854, 0.0528152, 0.112512, 0.15305, 0.161136, 0.234665, 1, 

40,371,0.001, 0.0110509, 0.0391854, 0.0460126, 0.10239, 0.111185, 0.134715, 0.142228, 0.147769, 0.806633, 1, 

45,245,0.0110509, 0.0110509, 0.0391854, 0.0460126, 0.10239, 0.111185, 0.134715, 0.142228, 0.147769, 0.164878, 0.182603, 0.226503, 0.233886, 1, 

49,231,0.0110509, 0.0110509, 0.0391854, 0.0460126, 0.10239, 0.111185, 0.134715, 0.142228, 0.147769, 0.164878, 0.182603, 0.226503, 0.233886, 0.288066, 0.436146, 0.97724, 1, 

Generation #33
44,254,0.00916704, 0.0234395, 0.0390873, 0.0460126, 0.10239, 0.111185, 0.134715, 0.142228, 0.147769, 0.164878, 0.182603, 0.226503, 0.985471, 1, 

43,281,0.001, 0.00789081, 0.016831, 0.0528152, 0.0980615, 0.111185, 0.134715, 0.142228, 0.147769, 0.164878, 0.182603, 0.226503, 0.233886, 1, 

47,236,0.0110509, 0.0110509, 0.0391854, 0.0460126, 0.10239, 0.111185, 0.134715, 0.142228, 0.112447, 0.164878, 0.182603, 0.226503, 0.233886, 0.288066, 0.436146, 0.97724, 1, 

40,371,0.001, 0.0110509, 0.0391854, 0.0460126, 0.10239, 0.111185, 0.134715, 0.142228, 0.147769, 0.806633, 1, 

45,245,0.0110509, 0.0110509, 0.0391854, 0.0460126, 0.10239, 0.111185, 0.134715, 0.142228, 0.147769, 0.164878, 0.182603, 0.226503, 0.233886, 1, 

49,231,0.0110509, 0.0110509, 0.0391854, 0.0460126, 0.10239, 0.111185, 0.134715, 0.142228, 0.147769, 0.164878, 0.182603, 0.226503, 0.233886, 0.288066, 0.436146, 0.97724, 1, 

41,298,0.0110509, 0.0110509, 0.0391854, 0.0528152, 0.111185, 0.134715, 0.142228, 0.147769, 1, 

Generation #34
44,254,0.00916704, 0.0234395, 0.0390873, 0.0460126, 0.10239, 0.111185, 0.134715, 0.142228, 0.147769, 0.164878, 0.182603, 0.226503, 0.985471, 1, 

43,281,0.001, 0.00789081, 0.016831, 0.0528152, 0.0980615, 0.111185, 0.134715, 0.142228, 0.147769, 0.164878, 0.182603, 0.226503, 0.233886, 1, 

47,236,0.0110509, 0.0110509, 0.0391854, 0.0460126, 0.10239, 0.111185, 0.134715, 0.142228, 0.112447, 0.164878, 0.182603, 0.226503, 0.233886, 0.288066, 0.436146, 0.97724, 1, 

45,245,0.0110509, 0.0110509, 0.0391854, 0.0460126, 0.10239, 0.111185, 0.134715, 0.142228, 0.147769, 0.164878, 0.182603, 0.226503, 0.233886, 1, 

49,231,0.0110509, 0.0110509, 0.0391854, 0.0460126, 0.10239, 0.111185, 0.134715, 0.142228, 0.147769, 0.164878, 0.182603, 0.226503, 0.233886, 0.288066, 0.436146, 0.97724, 1, 

41,298,0.0110509, 0.0110509, 0.0391854, 0.0528152, 0.111185, 0.134715, 0.142228, 0.147769, 1, 

40,323,0.0110509, 0.0391854, 0.0460126, 0.10239, 0.161136, 0.234665, 1, 

Generation #35
44,254,0.00916704, 0.0234395, 0.0390873, 0.0460126, 0.10239, 0.111185, 0.134715, 0.142228, 0.147769, 0.164878, 0.182603, 0.226503, 0.985471, 1, 

43,281,0.001, 0.00789081, 0.016831, 0.0528152, 0.0980615, 0.111185, 0.134715, 0.142228, 0.147769, 0.164878, 0.182603, 0.226503, 0.233886, 1, 

47,236,0.0110509, 0.0110509, 0.0391854, 0.0460126, 0.10239, 0.111185, 0.134715, 0.142228, 0.112447, 0.164878, 0.182603, 0.226503, 0.233886, 0.288066, 0.436146, 0.97724, 1, 

45,245,0.0110509, 0.0110509, 0.0391854, 0.0460126, 0.10239, 0.111185, 0.134715, 0.142228, 0.147769, 0.164878, 0.182603, 0.226503, 0.233886, 1, 

49,231,0.0110509, 0.0110509, 0.0391854, 0.0460126, 0.10239, 0.111185, 0.134715, 0.142228, 0.147769, 0.164878, 0.182603, 0.226503, 0.233886, 0.288066, 0.436146, 0.97724, 1, 

41,298,0.0110509, 0.0110509, 0.0391854, 0.0528152, 0.111185, 0.134715, 0.142228, 0.147769, 1, 

40,323,0.0110509, 0.0391854, 0.0460126, 0.10239, 0.161136, 0.234665, 1, 

Generation #36
44,254,0.00916704, 0.0234395, 0.0390873, 0.0460126, 0.10239, 0.111185, 0.134715, 0.142228, 0.147769, 0.164878, 0.182603, 0.226503, 0.985471, 1, 

43,281,0.001, 0.00789081, 0.016831, 0.0528152, 0.0980615, 0.111185, 0.134715, 0.142228, 0.147769, 0.164878, 0.182603, 0.226503, 0.233886, 1, 

47,236,0.0110509, 0.0110509, 0.0391854, 0.0460126, 0.10239, 0.111185, 0.134715, 0.142228, 0.112447, 0.164878, 0.182603, 0.226503, 0.233886, 0.288066, 0.436146, 0.97724, 1, 

45,245,0.0110509, 0.0110509, 0.0391854, 0.0460126, 0.10239, 0.111185, 0.134715, 0.142228, 0.147769, 0.164878, 0.182603, 0.226503, 0.233886, 1, 

49,231,0.0110509, 0.0110509, 0.0391854, 0.0460126, 0.10239, 0.111185, 0.134715, 0.142228, 0.147769, 0.164878, 0.182603, 0.226503, 0.233886, 0.288066, 0.436146, 0.97724, 1, 

41,298,0.0110509, 0.0110509, 0.0391854, 0.0528152, 0.111185, 0.134715, 0.142228, 0.147769, 1, 

40,323,0.0110509, 0.0391854, 0.0460126, 0.10239, 0.161136, 0.234665, 1, 

Generation #37
44,254,0.00916704, 0.0234395, 0.0390873, 0.0460126, 0.10239, 0.111185, 0.134715, 0.142228, 0.147769, 0.164878, 0.182603, 0.226503, 0.985471, 1, 

43,281,0.001, 0.00789081, 0.016831, 0.0528152, 0.0980615, 0.111185, 0.134715, 0.142228, 0.147769, 0.164878, 0.182603, 0.226503, 0.233886, 1, 

47,236,0.0110509, 0.0110509, 0.0391854, 0.0460126, 0.10239, 0.111185, 0.134715, 0.142228, 0.112447, 0.164878, 0.182603, 0.226503, 0.233886, 0.288066, 0.436146, 0.97724, 1, 

45,245,0.0110509, 0.0110509, 0.0391854, 0.0460126, 0.10239, 0.111185, 0.134715, 0.142228, 0.147769, 0.164878, 0.182603, 0.226503, 0.233886, 1, 

49,231,0.0110509, 0.0110509, 0.0391854, 0.0460126, 0.10239, 0.111185, 0.134715, 0.142228, 0.147769, 0.164878, 0.182603, 0.226503, 0.233886, 0.288066, 0.436146, 0.97724, 1, 

41,298,0.0110509, 0.0110509, 0.0391854, 0.0528152, 0.111185, 0.134715, 0.142228, 0.147769, 1, 

40,323,0.0110509, 0.0391854, 0.0460126, 0.10239, 0.161136, 0.234665, 1, 

Generation #38
44,254,0.00916704, 0.0234395, 0.0390873, 0.0460126, 0.10239, 0.111185, 0.134715, 0.142228, 0.147769, 0.164878, 0.182603, 0.226503, 0.985471, 1, 

43,281,0.001, 0.00789081, 0.016831, 0.0528152, 0.0980615, 0.111185, 0.134715, 0.142228, 0.147769, 0.164878, 0.182603, 0.226503, 0.233886, 1, 

47,236,0.0110509, 0.0110509, 0.0391854, 0.0460126, 0.10239, 0.111185, 0.134715, 0.142228, 0.112447, 0.164878, 0.182603, 0.226503, 0.233886, 0.288066, 0.436146, 0.97724, 1, 

45,245,0.0110509, 0.0110509, 0.0391854, 0.0460126, 0.10239, 0.111185, 0.134715, 0.142228, 0.147769, 0.164878, 0.182603, 0.226503, 0.233886, 1, 

49,231,0.0110509, 0.0110509, 0.0391854, 0.0460126, 0.10239, 0.111185, 0.134715, 0.142228, 0.147769, 0.164878, 0.182603, 0.226503, 0.233886, 0.288066, 0.436146, 0.97724, 1, 

41,298,0.0110509, 0.0110509, 0.0391854, 0.0528152, 0.111185, 0.134715, 0.142228, 0.147769, 1, 

40,323,0.0110509, 0.0391854, 0.0460126, 0.10239, 0.161136, 0.234665, 1, 

Generation #39
44,254,0.00916704, 0.0234395, 0.0390873, 0.0460126, 0.10239, 0.111185, 0.134715, 0.142228, 0.147769, 0.164878, 0.182603, 0.226503, 0.985471, 1, 

43,281,0.001, 0.00789081, 0.016831, 0.0528152, 0.0980615, 0.111185, 0.134715, 0.142228, 0.147769, 0.164878, 0.182603, 0.226503, 0.233886, 1, 

47,236,0.0110509, 0.0110509, 0.0391854, 0.0460126, 0.10239, 0.111185, 0.134715, 0.142228, 0.112447, 0.164878, 0.182603, 0.226503, 0.233886, 0.288066, 0.436146, 0.97724, 1, 

45,245,0.0110509, 0.0110509, 0.0391854, 0.0460126, 0.10239, 0.111185, 0.134715, 0.142228, 0.147769, 0.164878, 0.182603, 0.226503, 0.233886, 1, 

49,231,0.0110509, 0.0110509, 0.0391854, 0.0460126, 0.10239, 0.111185, 0.134715, 0.142228, 0.147769, 0.164878, 0.182603, 0.226503, 0.233886, 0.288066, 0.436146, 0.97724, 1, 

41,298,0.0110509, 0.0110509, 0.0391854, 0.0528152, 0.111185, 0.134715, 0.142228, 0.147769, 1, 

40,323,0.0110509, 0.0391854, 0.0460126, 0.10239, 0.161136, 0.234665, 1, 

Generation #40
44,254,0.00916704, 0.0234395, 0.0390873, 0.0460126, 0.10239, 0.111185, 0.134715, 0.142228, 0.147769, 0.164878, 0.182603, 0.226503, 0.985471, 1, 

43,281,0.001, 0.00789081, 0.016831, 0.0528152, 0.0980615, 0.111185, 0.134715, 0.142228, 0.147769, 0.164878, 0.182603, 0.226503, 0.233886, 1, 

47,236,0.0110509, 0.0110509, 0.0391854, 0.0460126, 0.10239, 0.111185, 0.134715, 0.142228, 0.112447, 0.164878, 0.182603, 0.226503, 0.233886, 0.288066, 0.436146, 0.97724, 1, 

45,245,0.0110509, 0.0110509, 0.0391854, 0.0460126, 0.10239, 0.111185, 0.134715, 0.142228, 0.147769, 0.164878, 0.182603, 0.226503, 0.233886, 1, 

49,231,0.0110509, 0.0110509, 0.0391854, 0.0460126, 0.10239, 0.111185, 0.134715, 0.142228, 0.147769, 0.164878, 0.182603, 0.226503, 0.233886, 0.288066, 0.436146, 0.97724, 1, 

41,298,0.0110509, 0.0110509, 0.0391854, 0.0528152, 0.111185, 0.134715, 0.142228, 0.147769, 1, 

40,323,0.0110509, 0.0391854, 0.0460126, 0.10239, 0.161136, 0.234665, 1, 

Generation #41
44,254,0.00916704, 0.0234395, 0.0390873, 0.0460126, 0.10239, 0.111185, 0.134715, 0.142228, 0.147769, 0.164878, 0.182603, 0.226503, 0.985471, 1, 

43,281,0.001, 0.00789081, 0.016831, 0.0528152, 0.0980615, 0.111185, 0.134715, 0.142228, 0.147769, 0.164878, 0.182603, 0.226503, 0.233886, 1, 

47,236,0.0110509, 0.0110509, 0.0391854, 0.0460126, 0.10239, 0.111185, 0.134715, 0.142228, 0.112447, 0.164878, 0.182603, 0.226503, 0.233886, 0.288066, 0.436146, 0.97724, 1, 

45,245,0.0110509, 0.0110509, 0.0391854, 0.0460126, 0.10239, 0.111185, 0.134715, 0.142228, 0.147769, 0.164878, 0.182603, 0.226503, 0.233886, 1, 

49,231,0.0110509, 0.0110509, 0.0391854, 0.0460126, 0.10239, 0.111185, 0.134715, 0.142228, 0.147769, 0.164878, 0.182603, 0.226503, 0.233886, 0.288066, 0.436146, 0.97724, 1, 

41,298,0.0110509, 0.0110509, 0.0391854, 0.0528152, 0.111185, 0.134715, 0.142228, 0.147769, 1, 

40,323,0.0110509, 0.0391854, 0.0460126, 0.10239, 0.161136, 0.234665, 1, 

Generation #42
44,254,0.00916704, 0.0234395, 0.0390873, 0.0460126, 0.10239, 0.111185, 0.134715, 0.142228, 0.147769, 0.164878, 0.182603, 0.226503, 0.985471, 1, 

43,281,0.001, 0.00789081, 0.016831, 0.0528152, 0.0980615, 0.111185, 0.134715, 0.142228, 0.147769, 0.164878, 0.182603, 0.226503, 0.233886, 1, 

45,245,0.0110509, 0.0110509, 0.0391854, 0.0460126, 0.10239, 0.111185, 0.134715, 0.142228, 0.147769, 0.164878, 0.182603, 0.226503, 0.233886, 1, 

41,298,0.0110509, 0.0110509, 0.0391854, 0.0528152, 0.111185, 0.134715, 0.142228, 0.147769, 1, 

40,323,0.0110509, 0.0391854, 0.0460126, 0.10239, 0.161136, 0.234665, 1, 

47,222,0.0110509, 0.0110509, 0.0391854, 0.0460126, 0.10239, 0.111185, 0.134715, 0.142228, 0.147769, 0.164878, 0.182603, 0.226503, 0.985471, 1, 

Generation #43
44,254,0.00916704, 0.0234395, 0.0390873, 0.0460126, 0.10239, 0.111185, 0.134715, 0.142228, 0.147769, 0.164878, 0.182603, 0.226503, 0.985471, 1, 

43,281,0.001, 0.00789081, 0.016831, 0.0528152, 0.0980615, 0.111185, 0.134715, 0.142228, 0.147769, 0.164878, 0.182603, 0.226503, 0.233886, 1, 

45,245,0.0110509, 0.0110509, 0.0391854, 0.0460126, 0.10239, 0.111185, 0.134715, 0.142228, 0.147769, 0.164878, 0.182603, 0.226503, 0.233886, 1, 

41,298,0.0110509, 0.0110509, 0.0391854, 0.0528152, 0.111185, 0.134715, 0.142228, 0.147769, 1, 

40,323,0.0110509, 0.0391854, 0.0460126, 0.10239, 0.161136, 0.234665, 1, 

47,222,0.0110509, 0.0110509, 0.0391854, 0.0460126, 0.10239, 0.111185, 0.134715, 0.142228, 0.147769, 0.164878, 0.182603, 0.226503, 0.985471, 1, 

Generation #44
44,254,0.00916704, 0.0234395, 0.0390873, 0.0460126, 0.10239, 0.111185, 0.134715, 0.142228, 0.147769, 0.164878, 0.182603, 0.226503, 0.985471, 1, 

43,281,0.001, 0.00789081, 0.016831, 0.0528152, 0.0980615, 0.111185, 0.134715, 0.142228, 0.147769, 0.164878, 0.182603, 0.226503, 0.233886, 1, 

45,245,0.0110509, 0.0110509, 0.0391854, 0.0460126, 0.10239, 0.111185, 0.134715, 0.142228, 0.147769, 0.164878, 0.182603, 0.226503, 0.233886, 1, 

41,298,0.0110509, 0.0110509, 0.0391854, 0.0528152, 0.111185, 0.134715, 0.142228, 0.147769, 1, 

40,323,0.0110509, 0.0391854, 0.0460126, 0.10239, 0.161136, 0.234665, 1, 

46,220,0.0110509, 0.0110509, 0.0391854, 0.0460126, 0.10239, 0.111185, 0.134715, 0.142228, 0.147769, 0.164878, 0.182603, 0.226503, 0.233886, 0.436146, 0.97724, 1, 

Generation #45
44,254,0.00916704, 0.0234395, 0.0390873, 0.0460126, 0.10239, 0.111185, 0.134715, 0.142228, 0.147769, 0.164878, 0.182603, 0.226503, 0.985471, 1, 

43,281,0.001, 0.00789081, 0.016831, 0.0528152, 0.0980615, 0.111185, 0.134715, 0.142228, 0.147769, 0.164878, 0.182603, 0.226503, 0.233886, 1, 

45,245,0.0110509, 0.0110509, 0.0391854, 0.0460126, 0.10239, 0.111185, 0.134715, 0.142228, 0.147769, 0.164878, 0.182603, 0.226503, 0.233886, 1, 

41,298,0.0110509, 0.0110509, 0.0391854, 0.0528152, 0.111185, 0.134715, 0.142228, 0.147769, 1, 

40,323,0.0110509, 0.0391854, 0.0460126, 0.10239, 0.161136, 0.234665, 1, 

46,220,0.0110509, 0.0110509, 0.0391854, 0.0460126, 0.10239, 0.111185, 0.134715, 0.142228, 0.147769, 0.164878, 0.182603, 0.226503, 0.233886, 0.436146, 0.97724, 1, 

38,424,0.0110509, 0.0391854, 0.0460126, 0.10239, 0.161136, 0.234665, 1, 

Generation #46
44,254,0.00916704, 0.0234395, 0.0390873, 0.0460126, 0.10239, 0.111185, 0.134715, 0.142228, 0.147769, 0.164878, 0.182603, 0.226503, 0.985471, 1, 

43,281,0.001, 0.00789081, 0.016831, 0.0528152, 0.0980615, 0.111185, 0.134715, 0.142228, 0.147769, 0.164878, 0.182603, 0.226503, 0.233886, 1, 

45,245,0.0110509, 0.0110509, 0.0391854, 0.0460126, 0.10239, 0.111185, 0.134715, 0.142228, 0.147769, 0.164878, 0.182603, 0.226503, 0.233886, 1, 

41,298,0.0110509, 0.0110509, 0.0391854, 0.0528152, 0.111185, 0.134715, 0.142228, 0.147769, 1, 

40,323,0.0110509, 0.0391854, 0.0460126, 0.10239, 0.161136, 0.234665, 1, 

46,220,0.0110509, 0.0110509, 0.0391854, 0.0460126, 0.10239, 0.111185, 0.134715, 0.142228, 0.147769, 0.164878, 0.182603, 0.226503, 0.233886, 0.436146, 0.97724, 1, 

38,424,0.0110509, 0.0391854, 0.0460126, 0.10239, 0.161136, 0.234665, 1, 

Generation #47
44,254,0.00916704, 0.0234395, 0.0390873, 0.0460126, 0.10239, 0.111185, 0.134715, 0.142228, 0.147769, 0.164878, 0.182603, 0.226503, 0.985471, 1, 

43,281,0.001, 0.00789081, 0.016831, 0.0528152, 0.0980615, 0.111185, 0.134715, 0.142228, 0.147769, 0.164878, 0.182603, 0.226503, 0.233886, 1, 

45,245,0.0110509, 0.0110509, 0.0391854, 0.0460126, 0.10239, 0.111185, 0.134715, 0.142228, 0.147769, 0.164878, 0.182603, 0.226503, 0.233886, 1, 

41,298,0.0110509, 0.0110509, 0.0391854, 0.0528152, 0.111185, 0.134715, 0.142228, 0.147769, 1, 

40,323,0.0110509, 0.0391854, 0.0460126, 0.10239, 0.161136, 0.234665, 1, 

46,220,0.0110509, 0.0110509, 0.0391854, 0.0460126, 0.10239, 0.111185, 0.134715, 0.142228, 0.147769, 0.164878, 0.182603, 0.226503, 0.233886, 0.436146, 0.97724, 1, 

38,424,0.0110509, 0.0391854, 0.0460126, 0.10239, 0.161136, 0.234665, 1, 

Generation #48
44,254,0.00916704, 0.0234395, 0.0390873, 0.0460126, 0.10239, 0.111185, 0.134715, 0.142228, 0.147769, 0.164878, 0.182603, 0.226503, 0.985471, 1, 

45,245,0.0110509, 0.0110509, 0.0391854, 0.0460126, 0.10239, 0.111185, 0.134715, 0.142228, 0.147769, 0.164878, 0.182603, 0.226503, 0.233886, 1, 

41,298,0.0110509, 0.0110509, 0.0391854, 0.0528152, 0.111185, 0.134715, 0.142228, 0.147769, 1, 

40,323,0.0110509, 0.0391854, 0.0460126, 0.10239, 0.161136, 0.234665, 1, 

46,220,0.0110509, 0.0110509, 0.0391854, 0.0460126, 0.10239, 0.111185, 0.134715, 0.142228, 0.147769, 0.164878, 0.182603, 0.226503, 0.233886, 0.436146, 0.97724, 1, 

38,424,0.0110509, 0.0391854, 0.0460126, 0.10239, 0.161136, 0.234665, 1, 

42,266,0.0110509, 0.0110509, 0.0391854, 0.0460126, 0.10239, 0.111185, 0.134715, 0.474762, 0.734639, 1, 

Generation #49
44,254,0.00916704, 0.0234395, 0.0390873, 0.0460126, 0.10239, 0.111185, 0.134715, 0.142228, 0.147769, 0.164878, 0.182603, 0.226503, 0.985471, 1, 

45,245,0.0110509, 0.0110509, 0.0391854, 0.0460126, 0.10239, 0.111185, 0.134715, 0.142228, 0.147769, 0.164878, 0.182603, 0.226503, 0.233886, 1, 

40,323,0.0110509, 0.0391854, 0.0460126, 0.10239, 0.161136, 0.234665, 1, 

46,220,0.0110509, 0.0110509, 0.0391854, 0.0460126, 0.10239, 0.111185, 0.134715, 0.142228, 0.147769, 0.164878, 0.182603, 0.226503, 0.233886, 0.436146, 0.97724, 1, 

38,424,0.0110509, 0.0391854, 0.0460126, 0.10239, 0.161136, 0.234665, 1, 

42,266,0.0110509, 0.0110509, 0.0391854, 0.0460126, 0.10239, 0.111185, 0.134715, 0.474762, 0.734639, 1, 

41,281,0.0110509, 0.0110509, 0.0391854, 0.0528152, 0.111185, 0.134715, 0.142228, 0.147769, 1, 

--- Pareto Front Solutions ---
Solution 0: N total=74 (N_initial=30, N_added=44), Time total=257 ms, Saved to: ./results/Make_t2_l1_pareto_0.csv, percents=0.00916704, 0.0234395, 0.0390873, 0.0460126, 0.10239, 0.111185, 0.134715, 0.142228, 0.147769, 0.164878, 0.182603, 0.226503, 0.985471, 1, 

Solution 1: N total=75 (N_initial=30, N_added=45), Time total=248 ms, Saved to: ./results/Make_t2_l1_pareto_1.csv, percents=0.0110509, 0.0110509, 0.0391854, 0.0460126, 0.10239, 0.111185, 0.134715, 0.142228, 0.147769, 0.164878, 0.182603, 0.226503, 0.233886, 1, 

Solution 2: N total=70 (N_initial=30, N_added=40), Time total=326 ms, Saved to: ./results/Make_t2_l1_pareto_2.csv, percents=0.0110509, 0.0391854, 0.0460126, 0.10239, 0.161136, 0.234665, 1, 

Solution 3: N total=76 (N_initial=30, N_added=46), Time total=223 ms, Saved to: ./results/Make_t2_l1_pareto_3.csv, percents=0.0110509, 0.0110509, 0.0391854, 0.0460126, 0.10239, 0.111185, 0.134715, 0.142228, 0.147769, 0.164878, 0.182603, 0.226503, 0.233886, 0.436146, 0.97724, 1, 

Solution 4: N total=68 (N_initial=30, N_added=38), Time total=427 ms, Saved to: ./results/Make_t2_l1_pareto_4.csv, percents=0.0110509, 0.0391854, 0.0460126, 0.10239, 0.161136, 0.234665, 1, 

Solution 5: N total=72 (N_initial=30, N_added=42), Time total=269 ms, Saved to: ./results/Make_t2_l1_pareto_5.csv, percents=0.0110509, 0.0110509, 0.0391854, 0.0460126, 0.10239, 0.111185, 0.134715, 0.474762, 0.734639, 1, 

Solution 6: N total=71 (N_initial=30, N_added=41), Time total=284 ms, Saved to: ./results/Make_t2_l1_pareto_6.csv, percents=0.0110509, 0.0110509, 0.0391854, 0.0528152, 0.111185, 0.134715, 0.142228, 0.147769, 1, 

------------d=1, t=2, lambda=2, filename=./evaluation/Make/Make_2_2.csv------------
Grouping d-sets by partitioned row counts for detecting arrays...
Ready to look at pairs for detecting arrays...
First Stage N=60, Time=4
There are 656 remaining non-locating pairs
--- Running GA Algorithm (phase2) ---
Running GA with std::execution::par
Generation #0
39,207,0.001, 0.0960226, 0.130875, 0.241301, 0.327663, 0.419445, 0.58136, 0.628278, 0.749665, 0.884873, 0.917703, 1, 

49,142,0.001, 0.0450455, 0.0488008, 0.0658688, 0.105004, 0.132923, 0.166797, 0.192296, 0.201355, 0.204529, 0.218864, 0.238094, 0.245486, 0.306041, 0.368765, 0.398195, 0.454046, 0.467525, 0.495387, 0.565212, 0.61358, 0.665121, 0.841764, 0.842983, 0.907695, 0.958928, 1, 

50,138,0.001, 0.00449307, 0.0506591, 0.0572294, 0.0879015, 0.121917, 0.156374, 0.162033, 0.210344, 0.216291, 0.306216, 0.312447, 0.347449, 0.481682, 0.596381, 0.63717, 0.644789, 0.679568, 0.683821, 0.705911, 0.743097, 0.760816, 0.794974, 0.80086, 0.846845, 0.886864, 0.893834, 0.896754, 0.974397, 1, 

51,124,0.001, 0.033689, 0.0642612, 0.0732989, 0.0935196, 0.135161, 0.276986, 0.321569, 0.514196, 0.516682, 0.551368, 0.561578, 0.670877, 0.686705, 0.73881, 0.779606, 0.791211, 0.848042, 0.890506, 0.90973, 0.913227, 0.92514, 0.931554, 0.964446, 1, 

43,190,0.001, 0.077816, 0.0807423, 0.192324, 0.207001, 0.228381, 0.281775, 0.345177, 0.346754, 0.393009, 0.556118, 0.569326, 0.661139, 0.688783, 0.764294, 0.81434, 0.817682, 1, 

48,158,0.001, 0.0361548, 0.0854328, 0.1873, 0.200143, 0.209631, 0.231135, 0.232632, 0.244104, 0.264295, 0.308137, 0.313663, 0.329288, 0.385195, 0.427333, 0.494141, 0.611446, 0.738625, 0.753726, 0.851381, 0.865734, 0.986134, 1, 

41,196,0.001, 0.109756, 0.127633, 0.129695, 0.459941, 0.571177, 0.611117, 0.702976, 0.764946, 0.795414, 0.84579, 0.86408, 0.901128, 0.945128, 0.979664, 1, 

38,246,0.001, 0.0492354, 0.0774389, 0.087493, 0.142044, 0.387591, 0.521585, 0.545673, 0.603905, 0.780576, 0.983111, 1, 

44,176,0.001, 0.025734, 0.0324944, 0.0518703, 0.0888293, 0.188337, 0.233522, 0.258906, 0.268936, 0.393547, 0.435237, 0.478725, 0.560429, 0.585787, 0.594896, 0.603279, 0.67262, 0.727756, 0.79716, 0.93972, 1, 

Generation #1
51,124,0.001, 0.033689, 0.0642612, 0.0732989, 0.0935196, 0.135161, 0.276986, 0.321569, 0.514196, 0.516682, 0.551368, 0.561578, 0.670877, 0.686705, 0.73881, 0.779606, 0.791211, 0.848042, 0.890506, 0.90973, 0.913227, 0.92514, 0.931554, 0.964446, 1, 

36,129,0.001, 0.0383007, 0.0585927, 0.0853416, 0.086187, 0.190163, 0.219195, 0.223079, 0.233866, 0.248818, 0.261063, 0.674048, 0.523169, 0.70614, 1, 

53,115,0.001, 0.0226626, 0.0228317, 0.0529693, 0.0550364, 0.0817398, 0.122009, 0.12905, 0.181021, 0.187729, 0.255426, 0.348899, 0.378693, 0.453459, 0.458723, 0.483925, 0.589156, 0.611944, 0.613486, 0.61436, 0.63094, 0.678884, 0.724781, 0.813432, 0.824426, 0.826045, 0.944983, 0.946977, 0.955033, 0.972265, 1, 

Generation #2
36,129,0.001, 0.0383007, 0.0585927, 0.0853416, 0.086187, 0.190163, 0.219195, 0.223079, 0.233866, 0.248818, 0.261063, 0.674048, 0.523169, 0.70614, 1, 

53,115,0.001, 0.0226626, 0.0228317, 0.0529693, 0.0550364, 0.0817398, 0.122009, 0.12905, 0.181021, 0.187729, 0.255426, 0.348899, 0.378693, 0.453459, 0.458723, 0.483925, 0.589156, 0.611944, 0.613486, 0.61436, 0.63094, 0.678884, 0.724781, 0.813432, 0.824426, 0.826045, 0.944983, 0.946977, 0.955033, 0.972265, 1, 

49,117,0.001, 0.0466581, 0.0825033, 0.100933, 0.102762, 0.106053, 0.157857, 0.190969, 0.20398, 0.280578, 0.367318, 0.39842, 0.43418, 0.437757, 0.439921, 0.517983, 0.625355, 0.705278, 0.720639, 0.754331, 0.830839, 0.836462, 0.864159, 0.86602, 0.888649, 0.914557, 1, 

35,227,0.001, 0.0533328, 0.191554, 0.206265, 0.340189, 0.381839, 0.656591, 0.674783, 0.92089, 0.963215, 1, 

Generation #3
36,129,0.001, 0.0383007, 0.0585927, 0.0853416, 0.086187, 0.190163, 0.219195, 0.223079, 0.233866, 0.248818, 0.261063, 0.674048, 0.523169, 0.70614, 1, 

35,227,0.001, 0.0533328, 0.191554, 0.206265, 0.340189, 0.381839, 0.656591, 0.674783, 0.92089, 0.963215, 1, 

38,108,0.001, 0.0226626, 0.0228317, 0.0529693, 0.0550364, 0.0817398, 0.122009, 0.12905, 0.201355, 0.204529, 0.218864, 1, 

Generation #4
36,129,0.001, 0.0383007, 0.0585927, 0.0853416, 0.086187, 0.190163, 0.219195, 0.223079, 0.233866, 0.248818, 0.261063, 0.674048, 0.523169, 0.70614, 1, 

38,108,0.001, 0.0226626, 0.0228317, 0.0529693, 0.0550364, 0.0817398, 0.122009, 0.12905, 0.201355, 0.204529, 0.218864, 1, 

37,119,0.001, 0.0492354, 0.0774389, 0.087493, 0.0879015, 0.121917, 0.156374, 0.162033, 0.210344, 0.216291, 0.855096, 0.978846, 1, 

34,147,0.001, 0.0466581, 0.0825033, 0.100933, 0.102762, 0.106053, 0.157857, 0.35522, 0.92089, 0.963215, 1, 

Generation #5
36,129,0.001, 0.0383007, 0.0585927, 0.0853416, 0.086187, 0.190163, 0.219195, 0.223079, 0.233866, 0.248818, 0.261063, 0.674048, 0.523169, 0.70614, 1, 

38,108,0.001, 0.0226626, 0.0228317, 0.0529693, 0.0550364, 0.0817398, 0.122009, 0.12905, 0.201355, 0.204529, 0.218864, 1, 

37,119,0.001, 0.0492354, 0.0774389, 0.087493, 0.0879015, 0.121917, 0.156374, 0.162033, 0.210344, 0.216291, 0.855096, 0.978846, 1, 

34,140,0.001, 0.033689, 0.0642612, 0.0732989, 0.0935196, 0.135161, 0.166797, 0.192296, 0.201355, 0.204529, 0.218864, 0.238094, 1, 

Generation #6
36,129,0.001, 0.0383007, 0.0585927, 0.0853416, 0.086187, 0.190163, 0.219195, 0.223079, 0.233866, 0.248818, 0.261063, 0.674048, 0.523169, 0.70614, 1, 

38,108,0.001, 0.0226626, 0.0228317, 0.0529693, 0.0550364, 0.0817398, 0.122009, 0.12905, 0.201355, 0.204529, 0.218864, 1, 

37,119,0.001, 0.0492354, 0.0774389, 0.087493, 0.0879015, 0.121917, 0.156374, 0.162033, 0.210344, 0.216291, 0.855096, 0.978846, 1, 

34,138,0.001, 0.00449307, 0.0642612, 0.0473491, 0.0658688, 0.105004, 0.132923, 0.166797, 0.192296, 0.201355, 0.204529, 0.218864, 1, 

Generation #7
38,108,0.001, 0.0226626, 0.0228317, 0.0529693, 0.0550364, 0.0817398, 0.122009, 0.12905, 0.201355, 0.204529, 0.218864, 1, 

37,119,0.001, 0.0492354, 0.0774389, 0.087493, 0.0879015, 0.121917, 0.156374, 0.162033, 0.210344, 0.216291, 0.855096, 0.978846, 1, 

34,138,0.001, 0.00449307, 0.0642612, 0.0473491, 0.0658688, 0.105004, 0.132923, 0.166797, 0.192296, 0.201355, 0.204529, 0.218864, 1, 

35,122,0.001, 0.0450455, 0.111205, 0.0473491, 0.0658688, 0.105004, 0.132923, 0.166797, 0.192296, 0.201355, 0.204529, 0.218864, 1, 

Generation #8
34,138,0.001, 0.00449307, 0.0642612, 0.0473491, 0.0658688, 0.105004, 0.132923, 0.166797, 0.192296, 0.201355, 0.204529, 0.218864, 1, 

35,96,0.001, 0.0226626, 0.0228317, 0.0529693, 0.0550364, 0.0817398, 0.122009, 0.162033, 0.210344, 0.216291, 0.855096, 0.978846, 1, 

Generation #9
34,138,0.001, 0.00449307, 0.0642612, 0.0473491, 0.0658688, 0.105004, 0.132923, 0.166797, 0.192296, 0.201355, 0.204529, 0.218864, 1, 

35,96,0.001, 0.0226626, 0.0228317, 0.0529693, 0.0550364, 0.0817398, 0.122009, 0.162033, 0.210344, 0.216291, 0.855096, 0.978846, 1, 

Generation #10
34,138,0.001, 0.00449307, 0.0642612, 0.0473491, 0.0658688, 0.105004, 0.132923, 0.166797, 0.192296, 0.201355, 0.204529, 0.218864, 1, 

35,96,0.001, 0.0226626, 0.0228317, 0.0529693, 0.0550364, 0.0817398, 0.122009, 0.162033, 0.210344, 0.216291, 0.855096, 0.978846, 1, 

Generation #11
34,138,0.001, 0.00449307, 0.0642612, 0.0473491, 0.0658688, 0.105004, 0.132923, 0.166797, 0.192296, 0.201355, 0.204529, 0.218864, 1, 

35,96,0.001, 0.0226626, 0.0228317, 0.0529693, 0.0550364, 0.0817398, 0.122009, 0.162033, 0.210344, 0.216291, 0.855096, 0.978846, 1, 

Generation #12
35,96,0.001, 0.0226626, 0.0228317, 0.0529693, 0.0550364, 0.0817398, 0.122009, 0.162033, 0.210344, 0.216291, 0.855096, 0.978846, 1, 

34,109,0.001, 0.0226626, 0.0228317, 0.0529693, 0.0550364, 0.0817398, 0.122009, 0.12905, 0.201355, 0.204529, 0.218864, 1, 

Generation #13
35,96,0.001, 0.0226626, 0.0228317, 0.0529693, 0.0550364, 0.0817398, 0.122009, 0.162033, 0.210344, 0.216291, 0.855096, 0.978846, 1, 

34,109,0.001, 0.0226626, 0.0228317, 0.0529693, 0.0550364, 0.0817398, 0.122009, 0.12905, 0.201355, 0.204529, 0.218864, 1, 

52,92,0.001, 0.0226626, 0.0228317, 0.0529693, 0.0550364, 0.0817398, 0.151738, 0.12905, 0.181021, 0.187729, 0.255426, 0.348899, 0.378693, 0.453459, 0.458723, 0.483925, 0.589156, 0.791211, 0.848042, 0.890506, 0.90973, 0.836462, 0.864159, 0.919092, 0.92285, 0.928036, 0.975011, 0.992189, 1, 

Generation #14
35,96,0.001, 0.0226626, 0.0228317, 0.0529693, 0.0550364, 0.0817398, 0.122009, 0.162033, 0.210344, 0.216291, 0.855096, 0.978846, 1, 

34,109,0.001, 0.0226626, 0.0228317, 0.0529693, 0.0550364, 0.0817398, 0.122009, 0.12905, 0.201355, 0.204529, 0.218864, 1, 

52,92,0.001, 0.0226626, 0.0228317, 0.0529693, 0.0550364, 0.0817398, 0.151738, 0.12905, 0.181021, 0.187729, 0.255426, 0.348899, 0.378693, 0.453459, 0.458723, 0.483925, 0.589156, 0.791211, 0.848042, 0.890506, 0.90973, 0.836462, 0.864159, 0.919092, 0.92285, 0.928036, 0.975011, 0.992189, 1, 

Generation #15
35,96,0.001, 0.0226626, 0.0228317, 0.0529693, 0.0550364, 0.0817398, 0.122009, 0.162033, 0.210344, 0.216291, 0.855096, 0.978846, 1, 

34,109,0.001, 0.0226626, 0.0228317, 0.0529693, 0.0550364, 0.0817398, 0.122009, 0.12905, 0.201355, 0.204529, 0.218864, 1, 

52,92,0.001, 0.0226626, 0.0228317, 0.0529693, 0.0550364, 0.0817398, 0.151738, 0.12905, 0.181021, 0.187729, 0.255426, 0.348899, 0.378693, 0.453459, 0.458723, 0.483925, 0.589156, 0.791211, 0.848042, 0.890506, 0.90973, 0.836462, 0.864159, 0.919092, 0.92285, 0.928036, 0.975011, 0.992189, 1, 

Generation #16
35,96,0.001, 0.0226626, 0.0228317, 0.0529693, 0.0550364, 0.0817398, 0.122009, 0.162033, 0.210344, 0.216291, 0.855096, 0.978846, 1, 

34,109,0.001, 0.0226626, 0.0228317, 0.0529693, 0.0550364, 0.0817398, 0.122009, 0.12905, 0.201355, 0.204529, 0.218864, 1, 

52,92,0.001, 0.0226626, 0.0228317, 0.0529693, 0.0550364, 0.0817398, 0.151738, 0.12905, 0.181021, 0.187729, 0.255426, 0.348899, 0.378693, 0.453459, 0.458723, 0.483925, 0.589156, 0.791211, 0.848042, 0.890506, 0.90973, 0.836462, 0.864159, 0.919092, 0.92285, 0.928036, 0.975011, 0.992189, 1, 

Generation #17
35,96,0.001, 0.0226626, 0.0228317, 0.0529693, 0.0550364, 0.0817398, 0.122009, 0.162033, 0.210344, 0.216291, 0.855096, 0.978846, 1, 

34,109,0.001, 0.0226626, 0.0228317, 0.0529693, 0.0550364, 0.0817398, 0.122009, 0.12905, 0.201355, 0.204529, 0.218864, 1, 

52,92,0.001, 0.0226626, 0.0228317, 0.0529693, 0.0550364, 0.0817398, 0.151738, 0.12905, 0.181021, 0.187729, 0.255426, 0.348899, 0.378693, 0.453459, 0.458723, 0.483925, 0.589156, 0.791211, 0.848042, 0.890506, 0.90973, 0.836462, 0.864159, 0.919092, 0.92285, 0.928036, 0.975011, 0.992189, 1, 

Generation #18
35,96,0.001, 0.0226626, 0.0228317, 0.0529693, 0.0550364, 0.0817398, 0.122009, 0.162033, 0.210344, 0.216291, 0.855096, 0.978846, 1, 

52,92,0.001, 0.0226626, 0.0228317, 0.0529693, 0.0550364, 0.0817398, 0.151738, 0.12905, 0.181021, 0.187729, 0.255426, 0.348899, 0.378693, 0.453459, 0.458723, 0.483925, 0.589156, 0.791211, 0.848042, 0.890506, 0.90973, 0.836462, 0.864159, 0.919092, 0.92285, 0.928036, 0.975011, 0.992189, 1, 

33,102,0.001, 0.0226626, 0.0228317, 0.0529693, 0.0550364, 0.0817398, 0.122009, 0.12905, 0.181021, 0.204529, 0.218864, 1, 

Generation #19
35,96,0.001, 0.0226626, 0.0228317, 0.0529693, 0.0550364, 0.0817398, 0.122009, 0.162033, 0.210344, 0.216291, 0.855096, 0.978846, 1, 

52,92,0.001, 0.0226626, 0.0228317, 0.0529693, 0.0550364, 0.0817398, 0.151738, 0.12905, 0.181021, 0.187729, 0.255426, 0.348899, 0.378693, 0.453459, 0.458723, 0.483925, 0.589156, 0.791211, 0.848042, 0.890506, 0.90973, 0.836462, 0.864159, 0.919092, 0.92285, 0.928036, 0.975011, 0.992189, 1, 

33,102,0.001, 0.0226626, 0.0228317, 0.0529693, 0.0550364, 0.0817398, 0.122009, 0.12905, 0.181021, 0.204529, 0.218864, 1, 

Generation #20
35,96,0.001, 0.0226626, 0.0228317, 0.0529693, 0.0550364, 0.0817398, 0.122009, 0.162033, 0.210344, 0.216291, 0.855096, 0.978846, 1, 

52,92,0.001, 0.0226626, 0.0228317, 0.0529693, 0.0550364, 0.0817398, 0.151738, 0.12905, 0.181021, 0.187729, 0.255426, 0.348899, 0.378693, 0.453459, 0.458723, 0.483925, 0.589156, 0.791211, 0.848042, 0.890506, 0.90973, 0.836462, 0.864159, 0.919092, 0.92285, 0.928036, 0.975011, 0.992189, 1, 

33,102,0.001, 0.0226626, 0.0228317, 0.0529693, 0.0550364, 0.0817398, 0.122009, 0.12905, 0.181021, 0.204529, 0.218864, 1, 

Generation #21
35,96,0.001, 0.0226626, 0.0228317, 0.0529693, 0.0550364, 0.0817398, 0.122009, 0.162033, 0.210344, 0.216291, 0.855096, 0.978846, 1, 

52,92,0.001, 0.0226626, 0.0228317, 0.0529693, 0.0550364, 0.0817398, 0.151738, 0.12905, 0.181021, 0.187729, 0.255426, 0.348899, 0.378693, 0.453459, 0.458723, 0.483925, 0.589156, 0.791211, 0.848042, 0.890506, 0.90973, 0.836462, 0.864159, 0.919092, 0.92285, 0.928036, 0.975011, 0.992189, 1, 

33,102,0.001, 0.0226626, 0.0228317, 0.0529693, 0.0550364, 0.0817398, 0.122009, 0.12905, 0.181021, 0.204529, 0.218864, 1, 

Generation #22
35,96,0.001, 0.0226626, 0.0228317, 0.0529693, 0.0550364, 0.0817398, 0.122009, 0.162033, 0.210344, 0.216291, 0.855096, 0.978846, 1, 

52,92,0.001, 0.0226626, 0.0228317, 0.0529693, 0.0550364, 0.0817398, 0.151738, 0.12905, 0.181021, 0.187729, 0.255426, 0.348899, 0.378693, 0.453459, 0.458723, 0.483925, 0.589156, 0.791211, 0.848042, 0.890506, 0.90973, 0.836462, 0.864159, 0.919092, 0.92285, 0.928036, 0.975011, 0.992189, 1, 

33,102,0.001, 0.0226626, 0.0228317, 0.0529693, 0.0550364, 0.0817398, 0.122009, 0.12905, 0.181021, 0.204529, 0.218864, 1, 

Generation #23
35,96,0.001, 0.0226626, 0.0228317, 0.0529693, 0.0550364, 0.0817398, 0.122009, 0.162033, 0.210344, 0.216291, 0.855096, 0.978846, 1, 

52,92,0.001, 0.0226626, 0.0228317, 0.0529693, 0.0550364, 0.0817398, 0.151738, 0.12905, 0.181021, 0.187729, 0.255426, 0.348899, 0.378693, 0.453459, 0.458723, 0.483925, 0.589156, 0.791211, 0.848042, 0.890506, 0.90973, 0.836462, 0.864159, 0.919092, 0.92285, 0.928036, 0.975011, 0.992189, 1, 

33,102,0.001, 0.0226626, 0.0228317, 0.0529693, 0.0550364, 0.0817398, 0.122009, 0.12905, 0.181021, 0.204529, 0.218864, 1, 

Generation #24
35,96,0.001, 0.0226626, 0.0228317, 0.0529693, 0.0550364, 0.0817398, 0.122009, 0.162033, 0.210344, 0.216291, 0.855096, 0.978846, 1, 

52,92,0.001, 0.0226626, 0.0228317, 0.0529693, 0.0550364, 0.0817398, 0.151738, 0.12905, 0.181021, 0.187729, 0.255426, 0.348899, 0.378693, 0.453459, 0.458723, 0.483925, 0.589156, 0.791211, 0.848042, 0.890506, 0.90973, 0.836462, 0.864159, 0.919092, 0.92285, 0.928036, 0.975011, 0.992189, 1, 

33,102,0.001, 0.0226626, 0.0228317, 0.0529693, 0.0550364, 0.0817398, 0.122009, 0.12905, 0.181021, 0.204529, 0.218864, 1, 

Generation #25
35,96,0.001, 0.0226626, 0.0228317, 0.0529693, 0.0550364, 0.0817398, 0.122009, 0.162033, 0.210344, 0.216291, 0.855096, 0.978846, 1, 

52,92,0.001, 0.0226626, 0.0228317, 0.0529693, 0.0550364, 0.0817398, 0.151738, 0.12905, 0.181021, 0.187729, 0.255426, 0.348899, 0.378693, 0.453459, 0.458723, 0.483925, 0.589156, 0.791211, 0.848042, 0.890506, 0.90973, 0.836462, 0.864159, 0.919092, 0.92285, 0.928036, 0.975011, 0.992189, 1, 

33,102,0.001, 0.0226626, 0.0228317, 0.0529693, 0.0550364, 0.0817398, 0.122009, 0.12905, 0.181021, 0.204529, 0.218864, 1, 

Generation #26
35,96,0.001, 0.0226626, 0.0228317, 0.0529693, 0.0550364, 0.0817398, 0.122009, 0.162033, 0.210344, 0.216291, 0.855096, 0.978846, 1, 

33,102,0.001, 0.0226626, 0.0228317, 0.0529693, 0.0550364, 0.0817398, 0.122009, 0.12905, 0.181021, 0.204529, 0.218864, 1, 

46,86,0.001, 0.0226626, 0.0228317, 0.0529693, 0.0550364, 0.0817398, 0.122009, 0.12905, 0.181021, 0.187729, 0.348899, 0.378693, 0.453459, 0.458723, 0.483925, 0.589156, 0.791211, 0.848042, 0.890506, 0.90973, 0.913227, 0.92514, 0.931554, 0.964446, 1, 

Generation #27
35,96,0.001, 0.0226626, 0.0228317, 0.0529693, 0.0550364, 0.0817398, 0.122009, 0.162033, 0.210344, 0.216291, 0.855096, 0.978846, 1, 

33,102,0.001, 0.0226626, 0.0228317, 0.0529693, 0.0550364, 0.0817398, 0.122009, 0.12905, 0.181021, 0.204529, 0.218864, 1, 

46,86,0.001, 0.0226626, 0.0228317, 0.0529693, 0.0550364, 0.0817398, 0.122009, 0.12905, 0.181021, 0.187729, 0.348899, 0.378693, 0.453459, 0.458723, 0.483925, 0.589156, 0.791211, 0.848042, 0.890506, 0.90973, 0.913227, 0.92514, 0.931554, 0.964446, 1, 

Generation #28
35,96,0.001, 0.0226626, 0.0228317, 0.0529693, 0.0550364, 0.0817398, 0.122009, 0.162033, 0.210344, 0.216291, 0.855096, 0.978846, 1, 

33,102,0.001, 0.0226626, 0.0228317, 0.0529693, 0.0550364, 0.0817398, 0.122009, 0.12905, 0.181021, 0.204529, 0.218864, 1, 

46,86,0.001, 0.0226626, 0.0228317, 0.0529693, 0.0550364, 0.0817398, 0.122009, 0.12905, 0.181021, 0.187729, 0.348899, 0.378693, 0.453459, 0.458723, 0.483925, 0.589156, 0.791211, 0.848042, 0.890506, 0.90973, 0.913227, 0.92514, 0.931554, 0.964446, 1, 

Generation #29
35,96,0.001, 0.0226626, 0.0228317, 0.0529693, 0.0550364, 0.0817398, 0.122009, 0.162033, 0.210344, 0.216291, 0.855096, 0.978846, 1, 

33,102,0.001, 0.0226626, 0.0228317, 0.0529693, 0.0550364, 0.0817398, 0.122009, 0.12905, 0.181021, 0.204529, 0.218864, 1, 

46,86,0.001, 0.0226626, 0.0228317, 0.0529693, 0.0550364, 0.0817398, 0.122009, 0.12905, 0.181021, 0.187729, 0.348899, 0.378693, 0.453459, 0.458723, 0.483925, 0.589156, 0.791211, 0.848042, 0.890506, 0.90973, 0.913227, 0.92514, 0.931554, 0.964446, 1, 

Generation #30
35,96,0.001, 0.0226626, 0.0228317, 0.0529693, 0.0550364, 0.0817398, 0.122009, 0.162033, 0.210344, 0.216291, 0.855096, 0.978846, 1, 

33,102,0.001, 0.0226626, 0.0228317, 0.0529693, 0.0550364, 0.0817398, 0.122009, 0.12905, 0.181021, 0.204529, 0.218864, 1, 

46,86,0.001, 0.0226626, 0.0228317, 0.0529693, 0.0550364, 0.0817398, 0.122009, 0.12905, 0.181021, 0.187729, 0.348899, 0.378693, 0.453459, 0.458723, 0.483925, 0.589156, 0.791211, 0.848042, 0.890506, 0.90973, 0.913227, 0.92514, 0.931554, 0.964446, 1, 

Generation #31
35,96,0.001, 0.0226626, 0.0228317, 0.0529693, 0.0550364, 0.0817398, 0.122009, 0.162033, 0.210344, 0.216291, 0.855096, 0.978846, 1, 

33,102,0.001, 0.0226626, 0.0228317, 0.0529693, 0.0550364, 0.0817398, 0.122009, 0.12905, 0.181021, 0.204529, 0.218864, 1, 

46,86,0.001, 0.0226626, 0.0228317, 0.0529693, 0.0550364, 0.0817398, 0.122009, 0.12905, 0.181021, 0.187729, 0.348899, 0.378693, 0.453459, 0.458723, 0.483925, 0.589156, 0.791211, 0.848042, 0.890506, 0.90973, 0.913227, 0.92514, 0.931554, 0.964446, 1, 

Generation #32
35,96,0.001, 0.0226626, 0.0228317, 0.0529693, 0.0550364, 0.0817398, 0.122009, 0.162033, 0.210344, 0.216291, 0.855096, 0.978846, 1, 

33,102,0.001, 0.0226626, 0.0228317, 0.0529693, 0.0550364, 0.0817398, 0.122009, 0.12905, 0.181021, 0.204529, 0.218864, 1, 

46,86,0.001, 0.0226626, 0.0228317, 0.0529693, 0.0550364, 0.0817398, 0.122009, 0.12905, 0.181021, 0.187729, 0.348899, 0.378693, 0.453459, 0.458723, 0.483925, 0.589156, 0.791211, 0.848042, 0.890506, 0.90973, 0.913227, 0.92514, 0.931554, 0.964446, 1, 

Generation #33
35,96,0.001, 0.0226626, 0.0228317, 0.0529693, 0.0550364, 0.0817398, 0.122009, 0.162033, 0.210344, 0.216291, 0.855096, 0.978846, 1, 

33,102,0.001, 0.0226626, 0.0228317, 0.0529693, 0.0550364, 0.0817398, 0.122009, 0.12905, 0.181021, 0.204529, 0.218864, 1, 

46,86,0.001, 0.0226626, 0.0228317, 0.0529693, 0.0550364, 0.0817398, 0.122009, 0.12905, 0.181021, 0.187729, 0.348899, 0.378693, 0.453459, 0.458723, 0.483925, 0.589156, 0.791211, 0.848042, 0.890506, 0.90973, 0.913227, 0.92514, 0.931554, 0.964446, 1, 

Generation #34
35,96,0.001, 0.0226626, 0.0228317, 0.0529693, 0.0550364, 0.0817398, 0.122009, 0.162033, 0.210344, 0.216291, 0.855096, 0.978846, 1, 

33,102,0.001, 0.0226626, 0.0228317, 0.0529693, 0.0550364, 0.0817398, 0.122009, 0.12905, 0.181021, 0.204529, 0.218864, 1, 

46,86,0.001, 0.0226626, 0.0228317, 0.0529693, 0.0550364, 0.0817398, 0.122009, 0.12905, 0.181021, 0.187729, 0.348899, 0.378693, 0.453459, 0.458723, 0.483925, 0.589156, 0.791211, 0.848042, 0.890506, 0.90973, 0.913227, 0.92514, 0.931554, 0.964446, 1, 

Generation #35
35,96,0.001, 0.0226626, 0.0228317, 0.0529693, 0.0550364, 0.0817398, 0.122009, 0.162033, 0.210344, 0.216291, 0.855096, 0.978846, 1, 

33,102,0.001, 0.0226626, 0.0228317, 0.0529693, 0.0550364, 0.0817398, 0.122009, 0.12905, 0.181021, 0.204529, 0.218864, 1, 

46,86,0.001, 0.0226626, 0.0228317, 0.0529693, 0.0550364, 0.0817398, 0.122009, 0.12905, 0.181021, 0.187729, 0.348899, 0.378693, 0.453459, 0.458723, 0.483925, 0.589156, 0.791211, 0.848042, 0.890506, 0.90973, 0.913227, 0.92514, 0.931554, 0.964446, 1, 

Generation #36
35,96,0.001, 0.0226626, 0.0228317, 0.0529693, 0.0550364, 0.0817398, 0.122009, 0.162033, 0.210344, 0.216291, 0.855096, 0.978846, 1, 

33,102,0.001, 0.0226626, 0.0228317, 0.0529693, 0.0550364, 0.0817398, 0.122009, 0.12905, 0.181021, 0.204529, 0.218864, 1, 

46,86,0.001, 0.0226626, 0.0228317, 0.0529693, 0.0550364, 0.0817398, 0.122009, 0.12905, 0.181021, 0.187729, 0.348899, 0.378693, 0.453459, 0.458723, 0.483925, 0.589156, 0.791211, 0.848042, 0.890506, 0.90973, 0.913227, 0.92514, 0.931554, 0.964446, 1, 

Generation #37
35,96,0.001, 0.0226626, 0.0228317, 0.0529693, 0.0550364, 0.0817398, 0.122009, 0.162033, 0.210344, 0.216291, 0.855096, 0.978846, 1, 

33,102,0.001, 0.0226626, 0.0228317, 0.0529693, 0.0550364, 0.0817398, 0.122009, 0.12905, 0.181021, 0.204529, 0.218864, 1, 

46,86,0.001, 0.0226626, 0.0228317, 0.0529693, 0.0550364, 0.0817398, 0.122009, 0.12905, 0.181021, 0.187729, 0.348899, 0.378693, 0.453459, 0.458723, 0.483925, 0.589156, 0.791211, 0.848042, 0.890506, 0.90973, 0.913227, 0.92514, 0.931554, 0.964446, 1, 

Generation #38
35,96,0.001, 0.0226626, 0.0228317, 0.0529693, 0.0550364, 0.0817398, 0.122009, 0.162033, 0.210344, 0.216291, 0.855096, 0.978846, 1, 

33,102,0.001, 0.0226626, 0.0228317, 0.0529693, 0.0550364, 0.0817398, 0.122009, 0.12905, 0.181021, 0.204529, 0.218864, 1, 

46,86,0.001, 0.0226626, 0.0228317, 0.0529693, 0.0550364, 0.0817398, 0.122009, 0.12905, 0.181021, 0.187729, 0.348899, 0.378693, 0.453459, 0.458723, 0.483925, 0.589156, 0.791211, 0.848042, 0.890506, 0.90973, 0.913227, 0.92514, 0.931554, 0.964446, 1, 

Generation #39
35,96,0.001, 0.0226626, 0.0228317, 0.0529693, 0.0550364, 0.0817398, 0.122009, 0.162033, 0.210344, 0.216291, 0.855096, 0.978846, 1, 

33,102,0.001, 0.0226626, 0.0228317, 0.0529693, 0.0550364, 0.0817398, 0.122009, 0.12905, 0.181021, 0.204529, 0.218864, 1, 

46,86,0.001, 0.0226626, 0.0228317, 0.0529693, 0.0550364, 0.0817398, 0.122009, 0.12905, 0.181021, 0.187729, 0.348899, 0.378693, 0.453459, 0.458723, 0.483925, 0.589156, 0.791211, 0.848042, 0.890506, 0.90973, 0.913227, 0.92514, 0.931554, 0.964446, 1, 

Generation #40
35,96,0.001, 0.0226626, 0.0228317, 0.0529693, 0.0550364, 0.0817398, 0.122009, 0.162033, 0.210344, 0.216291, 0.855096, 0.978846, 1, 

33,102,0.001, 0.0226626, 0.0228317, 0.0529693, 0.0550364, 0.0817398, 0.122009, 0.12905, 0.181021, 0.204529, 0.218864, 1, 

46,86,0.001, 0.0226626, 0.0228317, 0.0529693, 0.0550364, 0.0817398, 0.122009, 0.12905, 0.181021, 0.187729, 0.348899, 0.378693, 0.453459, 0.458723, 0.483925, 0.589156, 0.791211, 0.848042, 0.890506, 0.90973, 0.913227, 0.92514, 0.931554, 0.964446, 1, 

Generation #41
35,96,0.001, 0.0226626, 0.0228317, 0.0529693, 0.0550364, 0.0817398, 0.122009, 0.162033, 0.210344, 0.216291, 0.855096, 0.978846, 1, 

33,102,0.001, 0.0226626, 0.0228317, 0.0529693, 0.0550364, 0.0817398, 0.122009, 0.12905, 0.181021, 0.204529, 0.218864, 1, 

46,86,0.001, 0.0226626, 0.0228317, 0.0529693, 0.0550364, 0.0817398, 0.122009, 0.12905, 0.181021, 0.187729, 0.348899, 0.378693, 0.453459, 0.458723, 0.483925, 0.589156, 0.791211, 0.848042, 0.890506, 0.90973, 0.913227, 0.92514, 0.931554, 0.964446, 1, 

Generation #42
35,96,0.001, 0.0226626, 0.0228317, 0.0529693, 0.0550364, 0.0817398, 0.122009, 0.162033, 0.210344, 0.216291, 0.855096, 0.978846, 1, 

33,102,0.001, 0.0226626, 0.0228317, 0.0529693, 0.0550364, 0.0817398, 0.122009, 0.12905, 0.181021, 0.204529, 0.218864, 1, 

46,86,0.001, 0.0226626, 0.0228317, 0.0529693, 0.0550364, 0.0817398, 0.122009, 0.12905, 0.181021, 0.187729, 0.348899, 0.378693, 0.453459, 0.458723, 0.483925, 0.589156, 0.791211, 0.848042, 0.890506, 0.90973, 0.913227, 0.92514, 0.931554, 0.964446, 1, 

Generation #43
35,96,0.001, 0.0226626, 0.0228317, 0.0529693, 0.0550364, 0.0817398, 0.122009, 0.162033, 0.210344, 0.216291, 0.855096, 0.978846, 1, 

33,102,0.001, 0.0226626, 0.0228317, 0.0529693, 0.0550364, 0.0817398, 0.122009, 0.12905, 0.181021, 0.204529, 0.218864, 1, 

46,86,0.001, 0.0226626, 0.0228317, 0.0529693, 0.0550364, 0.0817398, 0.122009, 0.12905, 0.181021, 0.187729, 0.348899, 0.378693, 0.453459, 0.458723, 0.483925, 0.589156, 0.791211, 0.848042, 0.890506, 0.90973, 0.913227, 0.92514, 0.931554, 0.964446, 1, 

37,91,0.001, 0.0226626, 0.0228317, 0.0529693, 0.0550364, 0.0817398, 0.122009, 0.166797, 0.0192129, 0.204529, 0.218864, 1, 

Generation #44
35,96,0.001, 0.0226626, 0.0228317, 0.0529693, 0.0550364, 0.0817398, 0.122009, 0.162033, 0.210344, 0.216291, 0.855096, 0.978846, 1, 

33,102,0.001, 0.0226626, 0.0228317, 0.0529693, 0.0550364, 0.0817398, 0.122009, 0.12905, 0.181021, 0.204529, 0.218864, 1, 

46,86,0.001, 0.0226626, 0.0228317, 0.0529693, 0.0550364, 0.0817398, 0.122009, 0.12905, 0.181021, 0.187729, 0.348899, 0.378693, 0.453459, 0.458723, 0.483925, 0.589156, 0.791211, 0.848042, 0.890506, 0.90973, 0.913227, 0.92514, 0.931554, 0.964446, 1, 

37,91,0.001, 0.0226626, 0.0228317, 0.0529693, 0.0550364, 0.0817398, 0.122009, 0.166797, 0.0192129, 0.204529, 0.218864, 1, 

Generation #45
35,96,0.001, 0.0226626, 0.0228317, 0.0529693, 0.0550364, 0.0817398, 0.122009, 0.162033, 0.210344, 0.216291, 0.855096, 0.978846, 1, 

33,102,0.001, 0.0226626, 0.0228317, 0.0529693, 0.0550364, 0.0817398, 0.122009, 0.12905, 0.181021, 0.204529, 0.218864, 1, 

46,86,0.001, 0.0226626, 0.0228317, 0.0529693, 0.0550364, 0.0817398, 0.122009, 0.12905, 0.181021, 0.187729, 0.348899, 0.378693, 0.453459, 0.458723, 0.483925, 0.589156, 0.791211, 0.848042, 0.890506, 0.90973, 0.913227, 0.92514, 0.931554, 0.964446, 1, 

37,91,0.001, 0.0226626, 0.0228317, 0.0529693, 0.0550364, 0.0817398, 0.122009, 0.166797, 0.0192129, 0.204529, 0.218864, 1, 

Generation #46
35,96,0.001, 0.0226626, 0.0228317, 0.0529693, 0.0550364, 0.0817398, 0.122009, 0.162033, 0.210344, 0.216291, 0.855096, 0.978846, 1, 

33,102,0.001, 0.0226626, 0.0228317, 0.0529693, 0.0550364, 0.0817398, 0.122009, 0.12905, 0.181021, 0.204529, 0.218864, 1, 

46,86,0.001, 0.0226626, 0.0228317, 0.0529693, 0.0550364, 0.0817398, 0.122009, 0.12905, 0.181021, 0.187729, 0.348899, 0.378693, 0.453459, 0.458723, 0.483925, 0.589156, 0.791211, 0.848042, 0.890506, 0.90973, 0.913227, 0.92514, 0.931554, 0.964446, 1, 

37,91,0.001, 0.0226626, 0.0228317, 0.0529693, 0.0550364, 0.0817398, 0.122009, 0.166797, 0.0192129, 0.204529, 0.218864, 1, 

Generation #47
35,96,0.001, 0.0226626, 0.0228317, 0.0529693, 0.0550364, 0.0817398, 0.122009, 0.162033, 0.210344, 0.216291, 0.855096, 0.978846, 1, 

33,102,0.001, 0.0226626, 0.0228317, 0.0529693, 0.0550364, 0.0817398, 0.122009, 0.12905, 0.181021, 0.204529, 0.218864, 1, 

46,86,0.001, 0.0226626, 0.0228317, 0.0529693, 0.0550364, 0.0817398, 0.122009, 0.12905, 0.181021, 0.187729, 0.348899, 0.378693, 0.453459, 0.458723, 0.483925, 0.589156, 0.791211, 0.848042, 0.890506, 0.90973, 0.913227, 0.92514, 0.931554, 0.964446, 1, 

37,91,0.001, 0.0226626, 0.0228317, 0.0529693, 0.0550364, 0.0817398, 0.122009, 0.166797, 0.0192129, 0.204529, 0.218864, 1, 

Generation #48
35,96,0.001, 0.0226626, 0.0228317, 0.0529693, 0.0550364, 0.0817398, 0.122009, 0.162033, 0.210344, 0.216291, 0.855096, 0.978846, 1, 

33,102,0.001, 0.0226626, 0.0228317, 0.0529693, 0.0550364, 0.0817398, 0.122009, 0.12905, 0.181021, 0.204529, 0.218864, 1, 

46,86,0.001, 0.0226626, 0.0228317, 0.0529693, 0.0550364, 0.0817398, 0.122009, 0.12905, 0.181021, 0.187729, 0.348899, 0.378693, 0.453459, 0.458723, 0.483925, 0.589156, 0.791211, 0.848042, 0.890506, 0.90973, 0.913227, 0.92514, 0.931554, 0.964446, 1, 

37,91,0.001, 0.0226626, 0.0228317, 0.0529693, 0.0550364, 0.0817398, 0.122009, 0.166797, 0.0192129, 0.204529, 0.218864, 1, 

Generation #49
35,96,0.001, 0.0226626, 0.0228317, 0.0529693, 0.0550364, 0.0817398, 0.122009, 0.162033, 0.210344, 0.216291, 0.855096, 0.978846, 1, 

33,102,0.001, 0.0226626, 0.0228317, 0.0529693, 0.0550364, 0.0817398, 0.122009, 0.12905, 0.181021, 0.204529, 0.218864, 1, 

46,86,0.001, 0.0226626, 0.0228317, 0.0529693, 0.0550364, 0.0817398, 0.122009, 0.12905, 0.181021, 0.187729, 0.348899, 0.378693, 0.453459, 0.458723, 0.483925, 0.589156, 0.791211, 0.848042, 0.890506, 0.90973, 0.913227, 0.92514, 0.931554, 0.964446, 1, 

37,91,0.001, 0.0226626, 0.0228317, 0.0529693, 0.0550364, 0.0817398, 0.122009, 0.166797, 0.0192129, 0.204529, 0.218864, 1, 

--- Pareto Front Solutions ---
Solution 0: N total=95 (N_initial=60, N_added=35), Time total=100 ms, Saved to: ./results/Make_t2_l2_pareto_0.csv, percents=0.001, 0.0226626, 0.0228317, 0.0529693, 0.0550364, 0.0817398, 0.122009, 0.162033, 0.210344, 0.216291, 0.855096, 0.978846, 1, 

Solution 1: N total=93 (N_initial=60, N_added=33), Time total=106 ms, Saved to: ./results/Make_t2_l2_pareto_1.csv, percents=0.001, 0.0226626, 0.0228317, 0.0529693, 0.0550364, 0.0817398, 0.122009, 0.12905, 0.181021, 0.204529, 0.218864, 1, 

Solution 2: N total=106 (N_initial=60, N_added=46), Time total=90 ms, Saved to: ./results/Make_t2_l2_pareto_2.csv, percents=0.001, 0.0226626, 0.0228317, 0.0529693, 0.0550364, 0.0817398, 0.122009, 0.12905, 0.181021, 0.187729, 0.348899, 0.378693, 0.453459, 0.458723, 0.483925, 0.589156, 0.791211, 0.848042, 0.890506, 0.90973, 0.913227, 0.92514, 0.931554, 0.964446, 1, 

Solution 3: N total=97 (N_initial=60, N_added=37), Time total=95 ms, Saved to: ./results/Make_t2_l2_pareto_3.csv, percents=0.001, 0.0226626, 0.0228317, 0.0529693, 0.0550364, 0.0817398, 0.122009, 0.166797, 0.0192129, 0.204529, 0.218864, 1, 

------------d=1, t=2, lambda=3, filename=./evaluation/Make/Make_2_3.csv------------
Grouping d-sets by partitioned row counts for detecting arrays...
Ready to look at pairs for detecting arrays...
First Stage N=90, Time=4
There are 150 remaining non-locating pairs
--- Running GA Algorithm (phase2) ---
Running GA with std::execution::par
Generation #0
26,69,0.001, 0.108536, 0.328814, 0.430722, 0.4581, 0.49588, 0.596627, 0.608619, 0.7011, 0.848528, 1, 

30,50,0.001, 0.0182161, 0.0741969, 0.10053, 0.101097, 0.121867, 0.250811, 0.320173, 0.473256, 0.505967, 0.838306, 0.904693, 0.937352, 1, 

31,37,0.001, 0.029668, 0.0510487, 0.156028, 0.194841, 0.201554, 0.247333, 0.335007, 0.469064, 0.478657, 0.488655, 0.699238, 0.715111, 0.817752, 0.886687, 0.915124, 1, 

28,56,0.001, 0.0244606, 0.0865275, 0.0975538, 0.0982563, 0.117588, 0.138444, 0.140471, 0.146389, 0.214505, 0.305739, 0.36219, 0.365703, 0.494753, 0.513402, 0.659748, 0.916715, 1, 

41,36,0.001, 0.0154555, 0.0266423, 0.0568774, 0.0762147, 0.080935, 0.104728, 0.147671, 0.251969, 0.256105, 0.3796, 0.426717, 0.437415, 0.463124, 0.588678, 0.625095, 0.632664, 0.710294, 0.718832, 0.741972, 0.757703, 0.798685, 0.821365, 0.830957, 0.891802, 0.916933, 0.919023, 1, 

Generation #1
29,34,0.001, 0.0336039, 0.0832615, 0.133335, 0.159327, 0.167388, 0.171516, 0.20007, 0.257273, 0.279694, 0.357472, 0.365414, 0.421136, 0.471744, 0.484984, 0.893646, 1, 

26,40,0.001, 0.0367345, 0.0649188, 0.169354, 0.172963, 0.213258, 0.235655, 0.276968, 0.291626, 0.33614, 1, 

Generation #2
32,28,0.001, 0.0563869, 0.106753, 0.141313, 0.0784054, 0.125903, 0.128143, 0.183289, 0.209838, 0.215221, 0.227552, 0.268652, 0.270355, 0.337891, 0.37947, 0.812185, 0.846349, 0.875619, 0.911731, 0.950916, 0.95323, 1, 

42,27,0.001, 0.0154555, 0.0266423, 0.0568774, 0.0762147, 0.080935, 0.104728, 0.147671, 0.251969, 0.256105, 0.3796, 0.426717, 0.437415, 0.463124, 0.588678, 0.625095, 0.632664, 0.710294, 0.718832, 0.741972, 0.757703, 0.70909, 0.728467, 0.750523, 0.801295, 0.877545, 0.887251, 0.916347, 0.919893, 0.970999, 1, 

25,29,0.001, 0.025666, 0.0558783, 0.0802058, 0.12817, 0.117588, 0.138444, 0.140471, 0.55883, 0.734125, 0.974805, 1, 

Generation #3
32,28,0.001, 0.0563869, 0.106753, 0.141313, 0.0784054, 0.125903, 0.128143, 0.183289, 0.209838, 0.215221, 0.227552, 0.268652, 0.270355, 0.337891, 0.37947, 0.812185, 0.846349, 0.875619, 0.911731, 0.950916, 0.95323, 1, 

25,29,0.001, 0.025666, 0.0558783, 0.0802058, 0.12817, 0.117588, 0.138444, 0.140471, 0.55883, 0.734125, 0.974805, 1, 

23,45,0.001, 0.0658841, 0.0510487, 0.156028, 0.194841, 0.218582, 0.240022, 0.608619, 0.7011, 0.848528, 1, 

42,26,0.001, 0.0154555, 0.0266423, 0.0568774, 0.0762147, 0.080935, 0.104728, 0.147671, 0.251969, 0.256105, 0.3796, 0.426717, 0.437415, 0.337891, 0.37947, 0.394103, 0.40604, 0.436967, 0.446052, 0.450243, 0.469584, 0.497117, 0.51553, 0.584294, 0.634011, 0.777368, 0.783835, 0.906153, 0.999686, 1, 

Generation #4
25,29,0.001, 0.025666, 0.0558783, 0.0802058, 0.12817, 0.117588, 0.138444, 0.140471, 0.55883, 0.734125, 0.974805, 1, 

23,45,0.001, 0.0658841, 0.0510487, 0.156028, 0.194841, 0.218582, 0.240022, 0.608619, 0.7011, 0.848528, 1, 

28,25,0.001, 0.025666, 0.0675745, 0.0721268, 0.0784054, 0.125903, 0.128143, 0.183289, 0.209838, 0.286425, 0.215221, 0.227552, 0.268652, 0.948662, 0.886321, 0.954333, 1, 

24,31,0.001, 0.0154555, 0.0266423, 0.0568774, 0.0762147, 0.080935, 0.104728, 0.140471, 0.146389, 0.734125, 0.974805, 1, 

Generation #5
25,29,0.001, 0.025666, 0.0558783, 0.0802058, 0.12817, 0.117588, 0.138444, 0.140471, 0.55883, 0.734125, 0.974805, 1, 

23,45,0.001, 0.0658841, 0.0510487, 0.156028, 0.194841, 0.218582, 0.240022, 0.608619, 0.7011, 0.848528, 1, 

28,25,0.001, 0.025666, 0.0675745, 0.0721268, 0.0784054, 0.125903, 0.128143, 0.183289, 0.209838, 0.286425, 0.215221, 0.227552, 0.268652, 0.948662, 0.886321, 0.954333, 1, 

24,31,0.001, 0.0154555, 0.0266423, 0.0568774, 0.0762147, 0.080935, 0.104728, 0.140471, 0.146389, 0.734125, 0.974805, 1, 

Generation #6
25,29,0.001, 0.025666, 0.0558783, 0.0802058, 0.12817, 0.117588, 0.138444, 0.140471, 0.55883, 0.734125, 0.974805, 1, 

23,45,0.001, 0.0658841, 0.0510487, 0.156028, 0.194841, 0.218582, 0.240022, 0.608619, 0.7011, 0.848528, 1, 

28,25,0.001, 0.025666, 0.0675745, 0.0721268, 0.0784054, 0.125903, 0.128143, 0.183289, 0.209838, 0.286425, 0.215221, 0.227552, 0.268652, 0.948662, 0.886321, 0.954333, 1, 

24,31,0.001, 0.0154555, 0.0266423, 0.0568774, 0.0762147, 0.080935, 0.104728, 0.140471, 0.146389, 0.734125, 0.974805, 1, 

Generation #7
25,29,0.001, 0.025666, 0.0558783, 0.0802058, 0.12817, 0.117588, 0.138444, 0.140471, 0.55883, 0.734125, 0.974805, 1, 

23,45,0.001, 0.0658841, 0.0510487, 0.156028, 0.194841, 0.218582, 0.240022, 0.608619, 0.7011, 0.848528, 1, 

28,25,0.001, 0.025666, 0.0675745, 0.0721268, 0.0784054, 0.125903, 0.128143, 0.183289, 0.209838, 0.286425, 0.215221, 0.227552, 0.268652, 0.948662, 0.886321, 0.954333, 1, 

24,31,0.001, 0.0154555, 0.0266423, 0.0568774, 0.0762147, 0.080935, 0.104728, 0.140471, 0.146389, 0.734125, 0.974805, 1, 

Generation #8
25,29,0.001, 0.025666, 0.0558783, 0.0802058, 0.12817, 0.117588, 0.138444, 0.140471, 0.55883, 0.734125, 0.974805, 1, 

23,45,0.001, 0.0658841, 0.0510487, 0.156028, 0.194841, 0.218582, 0.240022, 0.608619, 0.7011, 0.848528, 1, 

28,25,0.001, 0.025666, 0.0675745, 0.0721268, 0.0784054, 0.125903, 0.128143, 0.183289, 0.209838, 0.286425, 0.215221, 0.227552, 0.268652, 0.948662, 0.886321, 0.954333, 1, 

24,31,0.001, 0.0154555, 0.0266423, 0.0568774, 0.0762147, 0.080935, 0.104728, 0.140471, 0.146389, 0.734125, 0.974805, 1, 

Generation #9
25,29,0.001, 0.025666, 0.0558783, 0.0802058, 0.12817, 0.117588, 0.138444, 0.140471, 0.55883, 0.734125, 0.974805, 1, 

23,45,0.001, 0.0658841, 0.0510487, 0.156028, 0.194841, 0.218582, 0.240022, 0.608619, 0.7011, 0.848528, 1, 

28,25,0.001, 0.025666, 0.0675745, 0.0721268, 0.0784054, 0.125903, 0.128143, 0.183289, 0.209838, 0.286425, 0.215221, 0.227552, 0.268652, 0.948662, 0.886321, 0.954333, 1, 

24,31,0.001, 0.0154555, 0.0266423, 0.0568774, 0.0762147, 0.080935, 0.104728, 0.140471, 0.146389, 0.734125, 0.974805, 1, 

Generation #10
25,29,0.001, 0.025666, 0.0558783, 0.0802058, 0.12817, 0.117588, 0.138444, 0.140471, 0.55883, 0.734125, 0.974805, 1, 

23,45,0.001, 0.0658841, 0.0510487, 0.156028, 0.194841, 0.218582, 0.240022, 0.608619, 0.7011, 0.848528, 1, 

28,25,0.001, 0.025666, 0.0675745, 0.0721268, 0.0784054, 0.125903, 0.128143, 0.183289, 0.209838, 0.286425, 0.215221, 0.227552, 0.268652, 0.948662, 0.886321, 0.954333, 1, 

24,31,0.001, 0.0154555, 0.0266423, 0.0568774, 0.0762147, 0.080935, 0.104728, 0.140471, 0.146389, 0.734125, 0.974805, 1, 

Generation #11
25,29,0.001, 0.025666, 0.0558783, 0.0802058, 0.12817, 0.117588, 0.138444, 0.140471, 0.55883, 0.734125, 0.974805, 1, 

23,45,0.001, 0.0658841, 0.0510487, 0.156028, 0.194841, 0.218582, 0.240022, 0.608619, 0.7011, 0.848528, 1, 

28,25,0.001, 0.025666, 0.0675745, 0.0721268, 0.0784054, 0.125903, 0.128143, 0.183289, 0.209838, 0.286425, 0.215221, 0.227552, 0.268652, 0.948662, 0.886321, 0.954333, 1, 

24,31,0.001, 0.0154555, 0.0266423, 0.0568774, 0.0762147, 0.080935, 0.104728, 0.140471, 0.146389, 0.734125, 0.974805, 1, 

Generation #12
25,29,0.001, 0.025666, 0.0558783, 0.0802058, 0.12817, 0.117588, 0.138444, 0.140471, 0.55883, 0.734125, 0.974805, 1, 

23,45,0.001, 0.0658841, 0.0510487, 0.156028, 0.194841, 0.218582, 0.240022, 0.608619, 0.7011, 0.848528, 1, 

28,25,0.001, 0.025666, 0.0675745, 0.0721268, 0.0784054, 0.125903, 0.128143, 0.183289, 0.209838, 0.286425, 0.215221, 0.227552, 0.268652, 0.948662, 0.886321, 0.954333, 1, 

24,31,0.001, 0.0154555, 0.0266423, 0.0568774, 0.0762147, 0.080935, 0.104728, 0.140471, 0.146389, 0.734125, 0.974805, 1, 

31,22,0.001, 0.0154555, 0.0266423, 0.0568774, 0.0762147, 0.080935, 0.104728, 0.147671, 0.251969, 0.256105, 0.3796, 0.426717, 0.437415, 0.463124, 0.588678, 0.625095, 0.632664, 0.710294, 0.718832, 0.950916, 1, 

Generation #13
25,29,0.001, 0.025666, 0.0558783, 0.0802058, 0.12817, 0.117588, 0.138444, 0.140471, 0.55883, 0.734125, 0.974805, 1, 

23,45,0.001, 0.0658841, 0.0510487, 0.156028, 0.194841, 0.218582, 0.240022, 0.608619, 0.7011, 0.848528, 1, 

28,25,0.001, 0.025666, 0.0675745, 0.0721268, 0.0784054, 0.125903, 0.128143, 0.183289, 0.209838, 0.286425, 0.215221, 0.227552, 0.268652, 0.948662, 0.886321, 0.954333, 1, 

24,31,0.001, 0.0154555, 0.0266423, 0.0568774, 0.0762147, 0.080935, 0.104728, 0.140471, 0.146389, 0.734125, 0.974805, 1, 

31,22,0.001, 0.0154555, 0.0266423, 0.0568774, 0.0762147, 0.080935, 0.104728, 0.147671, 0.251969, 0.256105, 0.3796, 0.426717, 0.437415, 0.463124, 0.588678, 0.625095, 0.632664, 0.710294, 0.718832, 0.950916, 1, 

Generation #14
24,31,0.001, 0.0154555, 0.0266423, 0.0568774, 0.0762147, 0.080935, 0.104728, 0.140471, 0.146389, 0.734125, 0.974805, 1, 

31,22,0.001, 0.0154555, 0.0266423, 0.0568774, 0.0762147, 0.080935, 0.104728, 0.147671, 0.251969, 0.256105, 0.3796, 0.426717, 0.437415, 0.463124, 0.588678, 0.625095, 0.632664, 0.710294, 0.718832, 0.950916, 1, 

23,40,0.001, 0.0154555, 0.0266423, 0.0568774, 0.0762147, 0.213258, 0.276968, 0.291626, 0.33614, 1, 

25,24,0.001, 0.025666, 0.0266423, 0.0568774, 0.0784054, 0.125903, 0.128143, 0.183289, 0.209838, 0.286425, 0.215221, 0.227552, 0.937352, 1, 

Generation #15
24,31,0.001, 0.0154555, 0.0266423, 0.0568774, 0.0762147, 0.080935, 0.104728, 0.140471, 0.146389, 0.734125, 0.974805, 1, 

31,22,0.001, 0.0154555, 0.0266423, 0.0568774, 0.0762147, 0.080935, 0.104728, 0.147671, 0.251969, 0.256105, 0.3796, 0.426717, 0.437415, 0.463124, 0.588678, 0.625095, 0.632664, 0.710294, 0.718832, 0.950916, 1, 

23,40,0.001, 0.0154555, 0.0266423, 0.0568774, 0.0762147, 0.213258, 0.276968, 0.291626, 0.33614, 1, 

25,24,0.001, 0.025666, 0.0266423, 0.0568774, 0.0784054, 0.125903, 0.128143, 0.183289, 0.209838, 0.286425, 0.215221, 0.227552, 0.937352, 1, 

Generation #16
24,31,0.001, 0.0154555, 0.0266423, 0.0568774, 0.0762147, 0.080935, 0.104728, 0.140471, 0.146389, 0.734125, 0.974805, 1, 

31,22,0.001, 0.0154555, 0.0266423, 0.0568774, 0.0762147, 0.080935, 0.104728, 0.147671, 0.251969, 0.256105, 0.3796, 0.426717, 0.437415, 0.463124, 0.588678, 0.625095, 0.632664, 0.710294, 0.718832, 0.950916, 1, 

23,40,0.001, 0.0154555, 0.0266423, 0.0568774, 0.0762147, 0.213258, 0.276968, 0.291626, 0.33614, 1, 

25,24,0.001, 0.025666, 0.0266423, 0.0568774, 0.0784054, 0.125903, 0.128143, 0.183289, 0.209838, 0.286425, 0.215221, 0.227552, 0.937352, 1, 

Generation #17
24,31,0.001, 0.0154555, 0.0266423, 0.0568774, 0.0762147, 0.080935, 0.104728, 0.140471, 0.146389, 0.734125, 0.974805, 1, 

31,22,0.001, 0.0154555, 0.0266423, 0.0568774, 0.0762147, 0.080935, 0.104728, 0.147671, 0.251969, 0.256105, 0.3796, 0.426717, 0.437415, 0.463124, 0.588678, 0.625095, 0.632664, 0.710294, 0.718832, 0.950916, 1, 

23,40,0.001, 0.0154555, 0.0266423, 0.0568774, 0.0762147, 0.213258, 0.276968, 0.291626, 0.33614, 1, 

25,24,0.001, 0.025666, 0.0266423, 0.0568774, 0.0784054, 0.125903, 0.128143, 0.183289, 0.209838, 0.286425, 0.215221, 0.227552, 0.937352, 1, 

Generation #18
24,31,0.001, 0.0154555, 0.0266423, 0.0568774, 0.0762147, 0.080935, 0.104728, 0.140471, 0.146389, 0.734125, 0.974805, 1, 

31,22,0.001, 0.0154555, 0.0266423, 0.0568774, 0.0762147, 0.080935, 0.104728, 0.147671, 0.251969, 0.256105, 0.3796, 0.426717, 0.437415, 0.463124, 0.588678, 0.625095, 0.632664, 0.710294, 0.718832, 0.950916, 1, 

23,40,0.001, 0.0154555, 0.0266423, 0.0568774, 0.0762147, 0.213258, 0.276968, 0.291626, 0.33614, 1, 

25,24,0.001, 0.025666, 0.0266423, 0.0568774, 0.0784054, 0.125903, 0.128143, 0.183289, 0.209838, 0.286425, 0.215221, 0.227552, 0.937352, 1, 

Generation #19
24,31,0.001, 0.0154555, 0.0266423, 0.0568774, 0.0762147, 0.080935, 0.104728, 0.140471, 0.146389, 0.734125, 0.974805, 1, 

31,22,0.001, 0.0154555, 0.0266423, 0.0568774, 0.0762147, 0.080935, 0.104728, 0.147671, 0.251969, 0.256105, 0.3796, 0.426717, 0.437415, 0.463124, 0.588678, 0.625095, 0.632664, 0.710294, 0.718832, 0.950916, 1, 

23,40,0.001, 0.0154555, 0.0266423, 0.0568774, 0.0762147, 0.213258, 0.276968, 0.291626, 0.33614, 1, 

25,24,0.001, 0.025666, 0.0266423, 0.0568774, 0.0784054, 0.125903, 0.128143, 0.183289, 0.209838, 0.286425, 0.215221, 0.227552, 0.937352, 1, 

Generation #20
24,31,0.001, 0.0154555, 0.0266423, 0.0568774, 0.0762147, 0.080935, 0.104728, 0.140471, 0.146389, 0.734125, 0.974805, 1, 

31,22,0.001, 0.0154555, 0.0266423, 0.0568774, 0.0762147, 0.080935, 0.104728, 0.147671, 0.251969, 0.256105, 0.3796, 0.426717, 0.437415, 0.463124, 0.588678, 0.625095, 0.632664, 0.710294, 0.718832, 0.950916, 1, 

23,40,0.001, 0.0154555, 0.0266423, 0.0568774, 0.0762147, 0.213258, 0.276968, 0.291626, 0.33614, 1, 

25,24,0.001, 0.025666, 0.0266423, 0.0568774, 0.0784054, 0.125903, 0.128143, 0.183289, 0.209838, 0.286425, 0.215221, 0.227552, 0.937352, 1, 

Generation #21
24,31,0.001, 0.0154555, 0.0266423, 0.0568774, 0.0762147, 0.080935, 0.104728, 0.140471, 0.146389, 0.734125, 0.974805, 1, 

31,22,0.001, 0.0154555, 0.0266423, 0.0568774, 0.0762147, 0.080935, 0.104728, 0.147671, 0.251969, 0.256105, 0.3796, 0.426717, 0.437415, 0.463124, 0.588678, 0.625095, 0.632664, 0.710294, 0.718832, 0.950916, 1, 

23,40,0.001, 0.0154555, 0.0266423, 0.0568774, 0.0762147, 0.213258, 0.276968, 0.291626, 0.33614, 1, 

25,24,0.001, 0.025666, 0.0266423, 0.0568774, 0.0784054, 0.125903, 0.128143, 0.183289, 0.209838, 0.286425, 0.215221, 0.227552, 0.937352, 1, 

Generation #22
24,31,0.001, 0.0154555, 0.0266423, 0.0568774, 0.0762147, 0.080935, 0.104728, 0.140471, 0.146389, 0.734125, 0.974805, 1, 

31,22,0.001, 0.0154555, 0.0266423, 0.0568774, 0.0762147, 0.080935, 0.104728, 0.147671, 0.251969, 0.256105, 0.3796, 0.426717, 0.437415, 0.463124, 0.588678, 0.625095, 0.632664, 0.710294, 0.718832, 0.950916, 1, 

23,40,0.001, 0.0154555, 0.0266423, 0.0568774, 0.0762147, 0.213258, 0.276968, 0.291626, 0.33614, 1, 

25,24,0.001, 0.025666, 0.0266423, 0.0568774, 0.0784054, 0.125903, 0.128143, 0.183289, 0.209838, 0.286425, 0.215221, 0.227552, 0.937352, 1, 

Generation #23
24,31,0.001, 0.0154555, 0.0266423, 0.0568774, 0.0762147, 0.080935, 0.104728, 0.140471, 0.146389, 0.734125, 0.974805, 1, 

31,22,0.001, 0.0154555, 0.0266423, 0.0568774, 0.0762147, 0.080935, 0.104728, 0.147671, 0.251969, 0.256105, 0.3796, 0.426717, 0.437415, 0.463124, 0.588678, 0.625095, 0.632664, 0.710294, 0.718832, 0.950916, 1, 

23,40,0.001, 0.0154555, 0.0266423, 0.0568774, 0.0762147, 0.213258, 0.276968, 0.291626, 0.33614, 1, 

25,24,0.001, 0.025666, 0.0266423, 0.0568774, 0.0784054, 0.125903, 0.128143, 0.183289, 0.209838, 0.286425, 0.215221, 0.227552, 0.937352, 1, 

Generation #24
24,31,0.001, 0.0154555, 0.0266423, 0.0568774, 0.0762147, 0.080935, 0.104728, 0.140471, 0.146389, 0.734125, 0.974805, 1, 

31,22,0.001, 0.0154555, 0.0266423, 0.0568774, 0.0762147, 0.080935, 0.104728, 0.147671, 0.251969, 0.256105, 0.3796, 0.426717, 0.437415, 0.463124, 0.588678, 0.625095, 0.632664, 0.710294, 0.718832, 0.950916, 1, 

23,40,0.001, 0.0154555, 0.0266423, 0.0568774, 0.0762147, 0.213258, 0.276968, 0.291626, 0.33614, 1, 

25,24,0.001, 0.025666, 0.0266423, 0.0568774, 0.0784054, 0.125903, 0.128143, 0.183289, 0.209838, 0.286425, 0.215221, 0.227552, 0.937352, 1, 

Generation #25
24,31,0.001, 0.0154555, 0.0266423, 0.0568774, 0.0762147, 0.080935, 0.104728, 0.140471, 0.146389, 0.734125, 0.974805, 1, 

31,22,0.001, 0.0154555, 0.0266423, 0.0568774, 0.0762147, 0.080935, 0.104728, 0.147671, 0.251969, 0.256105, 0.3796, 0.426717, 0.437415, 0.463124, 0.588678, 0.625095, 0.632664, 0.710294, 0.718832, 0.950916, 1, 

23,40,0.001, 0.0154555, 0.0266423, 0.0568774, 0.0762147, 0.213258, 0.276968, 0.291626, 0.33614, 1, 

25,24,0.001, 0.025666, 0.0266423, 0.0568774, 0.0784054, 0.125903, 0.128143, 0.183289, 0.209838, 0.286425, 0.215221, 0.227552, 0.937352, 1, 

Generation #26
24,31,0.001, 0.0154555, 0.0266423, 0.0568774, 0.0762147, 0.080935, 0.104728, 0.140471, 0.146389, 0.734125, 0.974805, 1, 

31,22,0.001, 0.0154555, 0.0266423, 0.0568774, 0.0762147, 0.080935, 0.104728, 0.147671, 0.251969, 0.256105, 0.3796, 0.426717, 0.437415, 0.463124, 0.588678, 0.625095, 0.632664, 0.710294, 0.718832, 0.950916, 1, 

23,40,0.001, 0.0154555, 0.0266423, 0.0568774, 0.0762147, 0.213258, 0.276968, 0.291626, 0.33614, 1, 

25,24,0.001, 0.025666, 0.0266423, 0.0568774, 0.0784054, 0.125903, 0.128143, 0.183289, 0.209838, 0.286425, 0.215221, 0.227552, 0.937352, 1, 

Generation #27
24,31,0.001, 0.0154555, 0.0266423, 0.0568774, 0.0762147, 0.080935, 0.104728, 0.140471, 0.146389, 0.734125, 0.974805, 1, 

31,22,0.001, 0.0154555, 0.0266423, 0.0568774, 0.0762147, 0.080935, 0.104728, 0.147671, 0.251969, 0.256105, 0.3796, 0.426717, 0.437415, 0.463124, 0.588678, 0.625095, 0.632664, 0.710294, 0.718832, 0.950916, 1, 

25,24,0.001, 0.025666, 0.0266423, 0.0568774, 0.0784054, 0.125903, 0.128143, 0.183289, 0.209838, 0.286425, 0.215221, 0.227552, 0.937352, 1, 

23,36,0.001, 0.0154555, 0.0266423, 0.0568774, 0.0762147, 0.125903, 0.276968, 0.291626, 0.33614, 1, 

Generation #28
24,31,0.001, 0.0154555, 0.0266423, 0.0568774, 0.0762147, 0.080935, 0.104728, 0.140471, 0.146389, 0.734125, 0.974805, 1, 

31,22,0.001, 0.0154555, 0.0266423, 0.0568774, 0.0762147, 0.080935, 0.104728, 0.147671, 0.251969, 0.256105, 0.3796, 0.426717, 0.437415, 0.463124, 0.588678, 0.625095, 0.632664, 0.710294, 0.718832, 0.950916, 1, 

25,24,0.001, 0.025666, 0.0266423, 0.0568774, 0.0784054, 0.125903, 0.128143, 0.183289, 0.209838, 0.286425, 0.215221, 0.227552, 0.937352, 1, 

23,36,0.001, 0.0154555, 0.0266423, 0.0568774, 0.0762147, 0.125903, 0.276968, 0.291626, 0.33614, 1, 

Generation #29
24,31,0.001, 0.0154555, 0.0266423, 0.0568774, 0.0762147, 0.080935, 0.104728, 0.140471, 0.146389, 0.734125, 0.974805, 1, 

31,22,0.001, 0.0154555, 0.0266423, 0.0568774, 0.0762147, 0.080935, 0.104728, 0.147671, 0.251969, 0.256105, 0.3796, 0.426717, 0.437415, 0.463124, 0.588678, 0.625095, 0.632664, 0.710294, 0.718832, 0.950916, 1, 

25,24,0.001, 0.025666, 0.0266423, 0.0568774, 0.0784054, 0.125903, 0.128143, 0.183289, 0.209838, 0.286425, 0.215221, 0.227552, 0.937352, 1, 

23,36,0.001, 0.0154555, 0.0266423, 0.0568774, 0.0762147, 0.125903, 0.276968, 0.291626, 0.33614, 1, 

Generation #30
24,31,0.001, 0.0154555, 0.0266423, 0.0568774, 0.0762147, 0.080935, 0.104728, 0.140471, 0.146389, 0.734125, 0.974805, 1, 

31,22,0.001, 0.0154555, 0.0266423, 0.0568774, 0.0762147, 0.080935, 0.104728, 0.147671, 0.251969, 0.256105, 0.3796, 0.426717, 0.437415, 0.463124, 0.588678, 0.625095, 0.632664, 0.710294, 0.718832, 0.950916, 1, 

25,24,0.001, 0.025666, 0.0266423, 0.0568774, 0.0784054, 0.125903, 0.128143, 0.183289, 0.209838, 0.286425, 0.215221, 0.227552, 0.937352, 1, 

23,36,0.001, 0.0154555, 0.0266423, 0.0568774, 0.0762147, 0.125903, 0.276968, 0.291626, 0.33614, 1, 

Generation #31
24,31,0.001, 0.0154555, 0.0266423, 0.0568774, 0.0762147, 0.080935, 0.104728, 0.140471, 0.146389, 0.734125, 0.974805, 1, 

31,22,0.001, 0.0154555, 0.0266423, 0.0568774, 0.0762147, 0.080935, 0.104728, 0.147671, 0.251969, 0.256105, 0.3796, 0.426717, 0.437415, 0.463124, 0.588678, 0.625095, 0.632664, 0.710294, 0.718832, 0.950916, 1, 

25,24,0.001, 0.025666, 0.0266423, 0.0568774, 0.0784054, 0.125903, 0.128143, 0.183289, 0.209838, 0.286425, 0.215221, 0.227552, 0.937352, 1, 

23,36,0.001, 0.0154555, 0.0266423, 0.0568774, 0.0762147, 0.125903, 0.276968, 0.291626, 0.33614, 1, 

Generation #32
24,31,0.001, 0.0154555, 0.0266423, 0.0568774, 0.0762147, 0.080935, 0.104728, 0.140471, 0.146389, 0.734125, 0.974805, 1, 

31,22,0.001, 0.0154555, 0.0266423, 0.0568774, 0.0762147, 0.080935, 0.104728, 0.147671, 0.251969, 0.256105, 0.3796, 0.426717, 0.437415, 0.463124, 0.588678, 0.625095, 0.632664, 0.710294, 0.718832, 0.950916, 1, 

25,24,0.001, 0.025666, 0.0266423, 0.0568774, 0.0784054, 0.125903, 0.128143, 0.183289, 0.209838, 0.286425, 0.215221, 0.227552, 0.937352, 1, 

23,36,0.001, 0.0154555, 0.0266423, 0.0568774, 0.0762147, 0.125903, 0.276968, 0.291626, 0.33614, 1, 

Generation #33
24,31,0.001, 0.0154555, 0.0266423, 0.0568774, 0.0762147, 0.080935, 0.104728, 0.140471, 0.146389, 0.734125, 0.974805, 1, 

31,22,0.001, 0.0154555, 0.0266423, 0.0568774, 0.0762147, 0.080935, 0.104728, 0.147671, 0.251969, 0.256105, 0.3796, 0.426717, 0.437415, 0.463124, 0.588678, 0.625095, 0.632664, 0.710294, 0.718832, 0.950916, 1, 

25,24,0.001, 0.025666, 0.0266423, 0.0568774, 0.0784054, 0.125903, 0.128143, 0.183289, 0.209838, 0.286425, 0.215221, 0.227552, 0.937352, 1, 

23,36,0.001, 0.0154555, 0.0266423, 0.0568774, 0.0762147, 0.125903, 0.276968, 0.291626, 0.33614, 1, 

Generation #34
24,31,0.001, 0.0154555, 0.0266423, 0.0568774, 0.0762147, 0.080935, 0.104728, 0.140471, 0.146389, 0.734125, 0.974805, 1, 

31,22,0.001, 0.0154555, 0.0266423, 0.0568774, 0.0762147, 0.080935, 0.104728, 0.147671, 0.251969, 0.256105, 0.3796, 0.426717, 0.437415, 0.463124, 0.588678, 0.625095, 0.632664, 0.710294, 0.718832, 0.950916, 1, 

25,24,0.001, 0.025666, 0.0266423, 0.0568774, 0.0784054, 0.125903, 0.128143, 0.183289, 0.209838, 0.286425, 0.215221, 0.227552, 0.937352, 1, 

23,36,0.001, 0.0154555, 0.0266423, 0.0568774, 0.0762147, 0.125903, 0.276968, 0.291626, 0.33614, 1, 

Generation #35
24,31,0.001, 0.0154555, 0.0266423, 0.0568774, 0.0762147, 0.080935, 0.104728, 0.140471, 0.146389, 0.734125, 0.974805, 1, 

31,22,0.001, 0.0154555, 0.0266423, 0.0568774, 0.0762147, 0.080935, 0.104728, 0.147671, 0.251969, 0.256105, 0.3796, 0.426717, 0.437415, 0.463124, 0.588678, 0.625095, 0.632664, 0.710294, 0.718832, 0.950916, 1, 

25,24,0.001, 0.025666, 0.0266423, 0.0568774, 0.0784054, 0.125903, 0.128143, 0.183289, 0.209838, 0.286425, 0.215221, 0.227552, 0.937352, 1, 

23,36,0.001, 0.0154555, 0.0266423, 0.0568774, 0.0762147, 0.125903, 0.276968, 0.291626, 0.33614, 1, 

Generation #36
24,31,0.001, 0.0154555, 0.0266423, 0.0568774, 0.0762147, 0.080935, 0.104728, 0.140471, 0.146389, 0.734125, 0.974805, 1, 

31,22,0.001, 0.0154555, 0.0266423, 0.0568774, 0.0762147, 0.080935, 0.104728, 0.147671, 0.251969, 0.256105, 0.3796, 0.426717, 0.437415, 0.463124, 0.588678, 0.625095, 0.632664, 0.710294, 0.718832, 0.950916, 1, 

25,24,0.001, 0.025666, 0.0266423, 0.0568774, 0.0784054, 0.125903, 0.128143, 0.183289, 0.209838, 0.286425, 0.215221, 0.227552, 0.937352, 1, 

23,36,0.001, 0.0154555, 0.0266423, 0.0568774, 0.0762147, 0.125903, 0.276968, 0.291626, 0.33614, 1, 

Generation #37
24,31,0.001, 0.0154555, 0.0266423, 0.0568774, 0.0762147, 0.080935, 0.104728, 0.140471, 0.146389, 0.734125, 0.974805, 1, 

31,22,0.001, 0.0154555, 0.0266423, 0.0568774, 0.0762147, 0.080935, 0.104728, 0.147671, 0.251969, 0.256105, 0.3796, 0.426717, 0.437415, 0.463124, 0.588678, 0.625095, 0.632664, 0.710294, 0.718832, 0.950916, 1, 

25,24,0.001, 0.025666, 0.0266423, 0.0568774, 0.0784054, 0.125903, 0.128143, 0.183289, 0.209838, 0.286425, 0.215221, 0.227552, 0.937352, 1, 

23,36,0.001, 0.0154555, 0.0266423, 0.0568774, 0.0762147, 0.125903, 0.276968, 0.291626, 0.33614, 1, 

Generation #38
24,31,0.001, 0.0154555, 0.0266423, 0.0568774, 0.0762147, 0.080935, 0.104728, 0.140471, 0.146389, 0.734125, 0.974805, 1, 

31,22,0.001, 0.0154555, 0.0266423, 0.0568774, 0.0762147, 0.080935, 0.104728, 0.147671, 0.251969, 0.256105, 0.3796, 0.426717, 0.437415, 0.463124, 0.588678, 0.625095, 0.632664, 0.710294, 0.718832, 0.950916, 1, 

25,24,0.001, 0.025666, 0.0266423, 0.0568774, 0.0784054, 0.125903, 0.128143, 0.183289, 0.209838, 0.286425, 0.215221, 0.227552, 0.937352, 1, 

23,36,0.001, 0.0154555, 0.0266423, 0.0568774, 0.0762147, 0.125903, 0.276968, 0.291626, 0.33614, 1, 

Generation #39
24,31,0.001, 0.0154555, 0.0266423, 0.0568774, 0.0762147, 0.080935, 0.104728, 0.140471, 0.146389, 0.734125, 0.974805, 1, 

25,24,0.001, 0.025666, 0.0266423, 0.0568774, 0.0784054, 0.125903, 0.128143, 0.183289, 0.209838, 0.286425, 0.215221, 0.227552, 0.937352, 1, 

23,36,0.001, 0.0154555, 0.0266423, 0.0568774, 0.0762147, 0.125903, 0.276968, 0.291626, 0.33614, 1, 

29,20,0.001, 0.0154555, 0.0266423, 0.0568774, 0.0762147, 0.125903, 0.128143, 0.183289, 0.209838, 0.215221, 0.227552, 0.268652, 0.270355, 0.337891, 0.37947, 0.812185, 0.846349, 0.875619, 0.911731, 0.950916, 1, 

Generation #40
24,31,0.001, 0.0154555, 0.0266423, 0.0568774, 0.0762147, 0.080935, 0.104728, 0.140471, 0.146389, 0.734125, 0.974805, 1, 

25,24,0.001, 0.025666, 0.0266423, 0.0568774, 0.0784054, 0.125903, 0.128143, 0.183289, 0.209838, 0.286425, 0.215221, 0.227552, 0.937352, 1, 

23,36,0.001, 0.0154555, 0.0266423, 0.0568774, 0.0762147, 0.125903, 0.276968, 0.291626, 0.33614, 1, 

29,20,0.001, 0.0154555, 0.0266423, 0.0568774, 0.0762147, 0.125903, 0.128143, 0.183289, 0.209838, 0.215221, 0.227552, 0.268652, 0.270355, 0.337891, 0.37947, 0.812185, 0.846349, 0.875619, 0.911731, 0.950916, 1, 

Generation #41
24,31,0.001, 0.0154555, 0.0266423, 0.0568774, 0.0762147, 0.080935, 0.104728, 0.140471, 0.146389, 0.734125, 0.974805, 1, 

25,24,0.001, 0.025666, 0.0266423, 0.0568774, 0.0784054, 0.125903, 0.128143, 0.183289, 0.209838, 0.286425, 0.215221, 0.227552, 0.937352, 1, 

29,20,0.001, 0.0154555, 0.0266423, 0.0568774, 0.0762147, 0.125903, 0.128143, 0.183289, 0.209838, 0.215221, 0.227552, 0.268652, 0.270355, 0.337891, 0.37947, 0.812185, 0.846349, 0.875619, 0.911731, 0.950916, 1, 

23,33,0.001, 0.0154555, 0.0266423, 0.0568774, 0.0762147, 0.125903, 0.166746, 0.128143, 0.183289, 0.209838, 1, 

26,22,0.001, 0.025666, 0.0266423, 0.0568774, 0.118964, 0.0762147, 0.125903, 0.128143, 0.183289, 0.209838, 0.215221, 0.227552, 0.268652, 0.270355, 0.37947, 0.812185, 1, 

Generation #42
24,31,0.001, 0.0154555, 0.0266423, 0.0568774, 0.0762147, 0.080935, 0.104728, 0.140471, 0.146389, 0.734125, 0.974805, 1, 

25,24,0.001, 0.025666, 0.0266423, 0.0568774, 0.0784054, 0.125903, 0.128143, 0.183289, 0.209838, 0.286425, 0.215221, 0.227552, 0.937352, 1, 

29,20,0.001, 0.0154555, 0.0266423, 0.0568774, 0.0762147, 0.125903, 0.128143, 0.183289, 0.209838, 0.215221, 0.227552, 0.268652, 0.270355, 0.337891, 0.37947, 0.812185, 0.846349, 0.875619, 0.911731, 0.950916, 1, 

23,33,0.001, 0.0154555, 0.0266423, 0.0568774, 0.0762147, 0.125903, 0.166746, 0.128143, 0.183289, 0.209838, 1, 

26,22,0.001, 0.025666, 0.0266423, 0.0568774, 0.118964, 0.0762147, 0.125903, 0.128143, 0.183289, 0.209838, 0.215221, 0.227552, 0.268652, 0.270355, 0.37947, 0.812185, 1, 

Generation #43
25,24,0.001, 0.025666, 0.0266423, 0.0568774, 0.0784054, 0.125903, 0.128143, 0.183289, 0.209838, 0.286425, 0.215221, 0.227552, 0.937352, 1, 

29,20,0.001, 0.0154555, 0.0266423, 0.0568774, 0.0762147, 0.125903, 0.128143, 0.183289, 0.209838, 0.215221, 0.227552, 0.268652, 0.270355, 0.337891, 0.37947, 0.812185, 0.846349, 0.875619, 0.911731, 0.950916, 1, 

23,33,0.001, 0.0154555, 0.0266423, 0.0568774, 0.0762147, 0.125903, 0.166746, 0.128143, 0.183289, 0.209838, 1, 

26,22,0.001, 0.025666, 0.0266423, 0.0568774, 0.118964, 0.0762147, 0.125903, 0.128143, 0.183289, 0.209838, 0.215221, 0.227552, 0.268652, 0.270355, 0.37947, 0.812185, 1, 

24,26,0.001, 0.025666, 0.0266423, 0.0568774, 0.0762147, 0.125903, 0.128143, 0.183289, 0.209838, 0.215221, 0.227552, 0.268652, 0.937352, 1, 

Generation #44
25,24,0.001, 0.025666, 0.0266423, 0.0568774, 0.0784054, 0.125903, 0.128143, 0.183289, 0.209838, 0.286425, 0.215221, 0.227552, 0.937352, 1, 

29,20,0.001, 0.0154555, 0.0266423, 0.0568774, 0.0762147, 0.125903, 0.128143, 0.183289, 0.209838, 0.215221, 0.227552, 0.268652, 0.270355, 0.337891, 0.37947, 0.812185, 0.846349, 0.875619, 0.911731, 0.950916, 1, 

23,33,0.001, 0.0154555, 0.0266423, 0.0568774, 0.0762147, 0.125903, 0.166746, 0.128143, 0.183289, 0.209838, 1, 

26,22,0.001, 0.025666, 0.0266423, 0.0568774, 0.118964, 0.0762147, 0.125903, 0.128143, 0.183289, 0.209838, 0.215221, 0.227552, 0.268652, 0.270355, 0.37947, 0.812185, 1, 

24,26,0.001, 0.025666, 0.0266423, 0.0568774, 0.0762147, 0.125903, 0.128143, 0.183289, 0.209838, 0.215221, 0.227552, 0.268652, 0.937352, 1, 

Generation #45
25,24,0.001, 0.025666, 0.0266423, 0.0568774, 0.0784054, 0.125903, 0.128143, 0.183289, 0.209838, 0.286425, 0.215221, 0.227552, 0.937352, 1, 

29,20,0.001, 0.0154555, 0.0266423, 0.0568774, 0.0762147, 0.125903, 0.128143, 0.183289, 0.209838, 0.215221, 0.227552, 0.268652, 0.270355, 0.337891, 0.37947, 0.812185, 0.846349, 0.875619, 0.911731, 0.950916, 1, 

23,33,0.001, 0.0154555, 0.0266423, 0.0568774, 0.0762147, 0.125903, 0.166746, 0.128143, 0.183289, 0.209838, 1, 

26,22,0.001, 0.025666, 0.0266423, 0.0568774, 0.118964, 0.0762147, 0.125903, 0.128143, 0.183289, 0.209838, 0.215221, 0.227552, 0.268652, 0.270355, 0.37947, 0.812185, 1, 

24,26,0.001, 0.025666, 0.0266423, 0.0568774, 0.0762147, 0.125903, 0.128143, 0.183289, 0.209838, 0.215221, 0.227552, 0.268652, 0.937352, 1, 

Generation #46
25,24,0.001, 0.025666, 0.0266423, 0.0568774, 0.0784054, 0.125903, 0.128143, 0.183289, 0.209838, 0.286425, 0.215221, 0.227552, 0.937352, 1, 

29,20,0.001, 0.0154555, 0.0266423, 0.0568774, 0.0762147, 0.125903, 0.128143, 0.183289, 0.209838, 0.215221, 0.227552, 0.268652, 0.270355, 0.337891, 0.37947, 0.812185, 0.846349, 0.875619, 0.911731, 0.950916, 1, 

23,33,0.001, 0.0154555, 0.0266423, 0.0568774, 0.0762147, 0.125903, 0.166746, 0.128143, 0.183289, 0.209838, 1, 

26,22,0.001, 0.025666, 0.0266423, 0.0568774, 0.118964, 0.0762147, 0.125903, 0.128143, 0.183289, 0.209838, 0.215221, 0.227552, 0.268652, 0.270355, 0.37947, 0.812185, 1, 

24,26,0.001, 0.025666, 0.0266423, 0.0568774, 0.0762147, 0.125903, 0.128143, 0.183289, 0.209838, 0.215221, 0.227552, 0.268652, 0.937352, 1, 

Generation #47
25,24,0.001, 0.025666, 0.0266423, 0.0568774, 0.0784054, 0.125903, 0.128143, 0.183289, 0.209838, 0.286425, 0.215221, 0.227552, 0.937352, 1, 

29,20,0.001, 0.0154555, 0.0266423, 0.0568774, 0.0762147, 0.125903, 0.128143, 0.183289, 0.209838, 0.215221, 0.227552, 0.268652, 0.270355, 0.337891, 0.37947, 0.812185, 0.846349, 0.875619, 0.911731, 0.950916, 1, 

23,33,0.001, 0.0154555, 0.0266423, 0.0568774, 0.0762147, 0.125903, 0.166746, 0.128143, 0.183289, 0.209838, 1, 

26,22,0.001, 0.025666, 0.0266423, 0.0568774, 0.118964, 0.0762147, 0.125903, 0.128143, 0.183289, 0.209838, 0.215221, 0.227552, 0.268652, 0.270355, 0.37947, 0.812185, 1, 

24,26,0.001, 0.025666, 0.0266423, 0.0568774, 0.0762147, 0.125903, 0.128143, 0.183289, 0.209838, 0.215221, 0.227552, 0.268652, 0.937352, 1, 

Generation #48
25,24,0.001, 0.025666, 0.0266423, 0.0568774, 0.0784054, 0.125903, 0.128143, 0.183289, 0.209838, 0.286425, 0.215221, 0.227552, 0.937352, 1, 

29,20,0.001, 0.0154555, 0.0266423, 0.0568774, 0.0762147, 0.125903, 0.128143, 0.183289, 0.209838, 0.215221, 0.227552, 0.268652, 0.270355, 0.337891, 0.37947, 0.812185, 0.846349, 0.875619, 0.911731, 0.950916, 1, 

23,33,0.001, 0.0154555, 0.0266423, 0.0568774, 0.0762147, 0.125903, 0.166746, 0.128143, 0.183289, 0.209838, 1, 

26,22,0.001, 0.025666, 0.0266423, 0.0568774, 0.118964, 0.0762147, 0.125903, 0.128143, 0.183289, 0.209838, 0.215221, 0.227552, 0.268652, 0.270355, 0.37947, 0.812185, 1, 

24,26,0.001, 0.025666, 0.0266423, 0.0568774, 0.0762147, 0.125903, 0.128143, 0.183289, 0.209838, 0.215221, 0.227552, 0.268652, 0.937352, 1, 

Generation #49
25,24,0.001, 0.025666, 0.0266423, 0.0568774, 0.0784054, 0.125903, 0.128143, 0.183289, 0.209838, 0.286425, 0.215221, 0.227552, 0.937352, 1, 

29,20,0.001, 0.0154555, 0.0266423, 0.0568774, 0.0762147, 0.125903, 0.128143, 0.183289, 0.209838, 0.215221, 0.227552, 0.268652, 0.270355, 0.337891, 0.37947, 0.812185, 0.846349, 0.875619, 0.911731, 0.950916, 1, 

23,33,0.001, 0.0154555, 0.0266423, 0.0568774, 0.0762147, 0.125903, 0.166746, 0.128143, 0.183289, 0.209838, 1, 

26,22,0.001, 0.025666, 0.0266423, 0.0568774, 0.118964, 0.0762147, 0.125903, 0.128143, 0.183289, 0.209838, 0.215221, 0.227552, 0.268652, 0.270355, 0.37947, 0.812185, 1, 

24,26,0.001, 0.025666, 0.0266423, 0.0568774, 0.0762147, 0.125903, 0.128143, 0.183289, 0.209838, 0.215221, 0.227552, 0.268652, 0.937352, 1, 

--- Pareto Front Solutions ---
Solution 0: N total=115 (N_initial=90, N_added=25), Time total=28 ms, Saved to: ./results/Make_t2_l3_pareto_0.csv, percents=0.001, 0.025666, 0.0266423, 0.0568774, 0.0784054, 0.125903, 0.128143, 0.183289, 0.209838, 0.286425, 0.215221, 0.227552, 0.937352, 1, 

Solution 1: N total=119 (N_initial=90, N_added=29), Time total=24 ms, Saved to: ./results/Make_t2_l3_pareto_1.csv, percents=0.001, 0.0154555, 0.0266423, 0.0568774, 0.0762147, 0.125903, 0.128143, 0.183289, 0.209838, 0.215221, 0.227552, 0.268652, 0.270355, 0.337891, 0.37947, 0.812185, 0.846349, 0.875619, 0.911731, 0.950916, 1, 

Solution 2: N total=113 (N_initial=90, N_added=23), Time total=37 ms, Saved to: ./results/Make_t2_l3_pareto_2.csv, percents=0.001, 0.0154555, 0.0266423, 0.0568774, 0.0762147, 0.125903, 0.166746, 0.128143, 0.183289, 0.209838, 1, 

Solution 3: N total=116 (N_initial=90, N_added=26), Time total=26 ms, Saved to: ./results/Make_t2_l3_pareto_3.csv, percents=0.001, 0.025666, 0.0266423, 0.0568774, 0.118964, 0.0762147, 0.125903, 0.128143, 0.183289, 0.209838, 0.215221, 0.227552, 0.268652, 0.270355, 0.37947, 0.812185, 1, 

Solution 4: N total=114 (N_initial=90, N_added=24), Time total=30 ms, Saved to: ./results/Make_t2_l3_pareto_4.csv, percents=0.001, 0.025666, 0.0266423, 0.0568774, 0.0762147, 0.125903, 0.128143, 0.183289, 0.209838, 0.215221, 0.227552, 0.268652, 0.937352, 1, 

------------d=1, t=2, lambda=4, filename=./evaluation/Make/Make_2_4.csv------------
Grouping d-sets by partitioned row counts for detecting arrays...
Ready to look at pairs for detecting arrays...
First Stage N=120, Time=5
There are 132 remaining non-locating pairs
--- Running GA Algorithm (phase2) ---
Running GA with std::execution::par
Generation #0
38,31,0.001, 0.0145924, 0.0222657, 0.023723, 0.0258803, 0.0266126, 0.0383677, 0.0440464, 0.131278, 0.170173, 0.179614, 0.238357, 0.267103, 0.431348, 0.440154, 0.447624, 0.454718, 0.530535, 0.557497, 0.577205, 0.639709, 0.805024, 0.812052, 0.817753, 0.84744, 0.920643, 0.97555, 0.9785, 0.979362, 1, 

32,40,0.001, 0.0301675, 0.0837957, 0.0859366, 0.098155, 0.135967, 0.24384, 0.267903, 0.368314, 0.382749, 0.417828, 0.469562, 0.597412, 0.649981, 0.779729, 0.853058, 0.914124, 0.967169, 0.970015, 1, 

41,29,0.001, 0.0211652, 0.0224989, 0.0434361, 0.0544581, 0.105924, 0.153459, 0.155413, 0.169191, 0.169822, 0.222465, 0.340243, 0.357967, 0.368952, 0.37687, 0.378387, 0.424887, 0.548725, 0.578394, 0.599811, 0.66185, 0.667208, 0.683153, 0.769674, 0.77335, 0.78112, 0.80403, 0.854631, 0.925354, 1, 

26,54,0.001, 0.0234425, 0.0243827, 0.0696096, 0.0813454, 0.231385, 0.647276, 0.657976, 0.774039, 0.948538, 1, 

Generation #1
38,31,0.001, 0.0145924, 0.0222657, 0.023723, 0.0258803, 0.0266126, 0.0383677, 0.0440464, 0.131278, 0.170173, 0.179614, 0.238357, 0.267103, 0.431348, 0.440154, 0.447624, 0.454718, 0.530535, 0.557497, 0.577205, 0.639709, 0.805024, 0.812052, 0.817753, 0.84744, 0.920643, 0.97555, 0.9785, 0.979362, 1, 

41,29,0.001, 0.0211652, 0.0224989, 0.0434361, 0.0544581, 0.105924, 0.153459, 0.155413, 0.169191, 0.169822, 0.222465, 0.340243, 0.357967, 0.368952, 0.37687, 0.378387, 0.424887, 0.548725, 0.578394, 0.599811, 0.66185, 0.667208, 0.683153, 0.769674, 0.77335, 0.78112, 0.80403, 0.854631, 0.925354, 1, 

26,54,0.001, 0.0234425, 0.0243827, 0.0696096, 0.0813454, 0.231385, 0.647276, 0.657976, 0.774039, 0.948538, 1, 

31,36,0.001, 0.0406112, 0.103041, 0.110049, 0.123767, 0.172727, 0.177445, 0.199185, 0.216556, 0.245477, 0.254699, 0.284904, 0.29993, 0.418342, 0.314538, 0.9587, 0.996026, 1, 

34,34,0.001, 0.0166475, 0.0564266, 0.0566557, 0.0697994, 0.0794551, 0.0868017, 0.116869, 0.241271, 0.334921, 0.357939, 0.364981, 0.374495, 0.456007, 0.483957, 0.505115, 0.535038, 0.553312, 0.780281, 0.971323, 1, 

36,32,0.001, 0.0517388, 0.0559774, 0.0632509, 0.0746902, 0.131684, 0.151476, 0.156599, 0.199934, 0.212715, 0.297311, 0.347565, 0.3936, 0.420922, 0.490024, 0.510787, 0.498819, 0.577992, 0.635994, 0.652119, 0.723184, 0.738788, 0.83884, 0.867215, 1, 

29,37,0.001, 0.0450016, 0.108585, 0.109824, 0.146108, 0.167884, 0.170718, 0.24671, 0.247678, 0.292094, 0.304322, 0.445855, 0.973928, 0.980576, 0.983382, 1, 

28,52,0.001, 0.036866, 0.0412324, 0.189864, 0.205367, 0.238291, 0.279854, 0.323413, 0.399995, 0.44266, 0.470274, 0.679581, 0.87842, 0.912322, 1, 

Generation #2
26,54,0.001, 0.0234425, 0.0243827, 0.0696096, 0.0813454, 0.231385, 0.647276, 0.657976, 0.774039, 0.948538, 1, 

31,36,0.001, 0.0406112, 0.103041, 0.110049, 0.123767, 0.172727, 0.177445, 0.199185, 0.216556, 0.245477, 0.254699, 0.284904, 0.29993, 0.418342, 0.314538, 0.9587, 0.996026, 1, 

34,34,0.001, 0.0166475, 0.0564266, 0.0566557, 0.0697994, 0.0794551, 0.0868017, 0.116869, 0.241271, 0.334921, 0.357939, 0.364981, 0.374495, 0.456007, 0.483957, 0.505115, 0.535038, 0.553312, 0.780281, 0.971323, 1, 

36,32,0.001, 0.0517388, 0.0559774, 0.0632509, 0.0746902, 0.131684, 0.151476, 0.156599, 0.199934, 0.212715, 0.297311, 0.347565, 0.3936, 0.420922, 0.490024, 0.510787, 0.498819, 0.577992, 0.635994, 0.652119, 0.723184, 0.738788, 0.83884, 0.867215, 1, 

29,37,0.001, 0.0450016, 0.108585, 0.109824, 0.146108, 0.167884, 0.170718, 0.24671, 0.247678, 0.292094, 0.304322, 0.445855, 0.973928, 0.980576, 0.983382, 1, 

37,27,0.001, 0.0145924, 0.0222657, 0.023723, 0.0258803, 0.0266126, 0.0383677, 0.0440464, 0.131278, 0.170173, 0.179614, 0.238357, 0.267103, 0.431348, 0.440154, 0.447624, 0.633951, 0.691799, 0.796197, 0.829964, 0.891903, 0.898704, 0.921334, 0.938401, 0.967111, 0.990927, 1, 

27,41,0.001, 0.0412949, 0.0500147, 0.0595645, 0.0853785, 0.145761, 0.199494, 0.20839, 0.316561, 0.610676, 0.669576, 1, 

Generation #3
26,54,0.001, 0.0234425, 0.0243827, 0.0696096, 0.0813454, 0.231385, 0.647276, 0.657976, 0.774039, 0.948538, 1, 

27,41,0.001, 0.0412949, 0.0500147, 0.0595645, 0.0853785, 0.145761, 0.199494, 0.20839, 0.316561, 0.610676, 0.669576, 1, 

32,27,0.001, 0.0166475, 0.0564266, 0.0566557, 0.0697994, 0.0794551, 0.0868017, 0.116869, 0.241271, 0.334921, 0.357939, 0.364981, 0.374495, 0.456007, 0.483957, 0.505115, 0.535038, 0.553312, 0.780281, 0.971323, 1, 

28,35,0.001, 0.046545, 0.081158, 0.0877621, 0.144953, 0.197793, 0.24641, 0.261127, 0.369667, 0.378094, 0.391655, 0.435253, 0.454086, 0.610145, 0.650037, 1, 

Generation #4
32,27,0.001, 0.0166475, 0.0564266, 0.0566557, 0.0697994, 0.0794551, 0.0868017, 0.116869, 0.241271, 0.334921, 0.357939, 0.364981, 0.374495, 0.456007, 0.483957, 0.505115, 0.535038, 0.553312, 0.780281, 0.971323, 1, 

28,35,0.001, 0.046545, 0.081158, 0.0877621, 0.144953, 0.197793, 0.24641, 0.261127, 0.369667, 0.378094, 0.391655, 0.435253, 0.454086, 0.610145, 0.650037, 1, 

25,65,0.001, 0.0643069, 0.0728781, 0.0852809, 0.0813454, 0.231385, 0.647276, 0.657976, 0.774039, 1, 

27,38,0.001, 0.0166475, 0.0564266, 0.0566557, 0.0697994, 0.0794551, 0.0868017, 0.432036, 0.116869, 0.241271, 0.334921, 0.357939, 0.364981, 0.374495, 1, 

26,43,0.001, 0.0211652, 0.0224989, 0.0434361, 0.0544581, 0.105924, 0.153459, 0.155413, 0.169191, 0.169822, 0.903462, 1, 

Generation #5
32,27,0.001, 0.0166475, 0.0564266, 0.0566557, 0.0697994, 0.0794551, 0.0868017, 0.116869, 0.241271, 0.334921, 0.357939, 0.364981, 0.374495, 0.456007, 0.483957, 0.505115, 0.535038, 0.553312, 0.780281, 0.971323, 1, 

28,35,0.001, 0.046545, 0.081158, 0.0877621, 0.144953, 0.197793, 0.24641, 0.261127, 0.369667, 0.378094, 0.391655, 0.435253, 0.454086, 0.610145, 0.650037, 1, 

27,38,0.001, 0.0166475, 0.0564266, 0.0566557, 0.0697994, 0.0794551, 0.0868017, 0.432036, 0.116869, 0.241271, 0.334921, 0.357939, 0.364981, 0.374495, 1, 

26,43,0.001, 0.0211652, 0.0224989, 0.0434361, 0.0544581, 0.105924, 0.153459, 0.155413, 0.169191, 0.169822, 0.903462, 1, 

25,44,0.001, 0.0211652, 0.0224989, 0.0434361, 0.0544581, 0.105924, 0.199494, 0.20839, 0.316561, 0.610676, 0.669576, 1, 

40,24,0.001, 0.0145924, 0.0222657, 0.023723, 0.0258803, 0.0266126, 0.0383677, 0.0440464, 0.131278, 0.170173, 0.179614, 0.238357, 0.267103, 0.431348, 0.440154, 0.447624, 0.454718, 0.530535, 0.557497, 0.577205, 0.639709, 0.805024, 0.812052, 0.817753, 0.77335, 0.78112, 0.80403, 0.854631, 0.925354, 1, 

Generation #6
32,27,0.001, 0.0166475, 0.0564266, 0.0566557, 0.0697994, 0.0794551, 0.0868017, 0.116869, 0.241271, 0.334921, 0.357939, 0.364981, 0.374495, 0.456007, 0.483957, 0.505115, 0.535038, 0.553312, 0.780281, 0.971323, 1, 

28,35,0.001, 0.046545, 0.081158, 0.0877621, 0.144953, 0.197793, 0.24641, 0.261127, 0.369667, 0.378094, 0.391655, 0.435253, 0.454086, 0.610145, 0.650037, 1, 

27,38,0.001, 0.0166475, 0.0564266, 0.0566557, 0.0697994, 0.0794551, 0.0868017, 0.432036, 0.116869, 0.241271, 0.334921, 0.357939, 0.364981, 0.374495, 1, 

26,43,0.001, 0.0211652, 0.0224989, 0.0434361, 0.0544581, 0.105924, 0.153459, 0.155413, 0.169191, 0.169822, 0.903462, 1, 

25,44,0.001, 0.0211652, 0.0224989, 0.0434361, 0.0544581, 0.105924, 0.199494, 0.20839, 0.316561, 0.610676, 0.669576, 1, 

40,24,0.001, 0.0145924, 0.0222657, 0.023723, 0.0258803, 0.0266126, 0.0383677, 0.0440464, 0.131278, 0.170173, 0.179614, 0.238357, 0.267103, 0.431348, 0.440154, 0.447624, 0.454718, 0.530535, 0.557497, 0.577205, 0.639709, 0.805024, 0.812052, 0.817753, 0.77335, 0.78112, 0.80403, 0.854631, 0.925354, 1, 

Generation #7
28,35,0.001, 0.046545, 0.081158, 0.0877621, 0.144953, 0.197793, 0.24641, 0.261127, 0.369667, 0.378094, 0.391655, 0.435253, 0.454086, 0.610145, 0.650037, 1, 

25,44,0.001, 0.0211652, 0.0224989, 0.0434361, 0.0544581, 0.105924, 0.199494, 0.20839, 0.316561, 0.610676, 0.669576, 1, 

40,24,0.001, 0.0145924, 0.0222657, 0.023723, 0.0258803, 0.0266126, 0.0383677, 0.0440464, 0.131278, 0.170173, 0.179614, 0.238357, 0.267103, 0.431348, 0.440154, 0.447624, 0.454718, 0.530535, 0.557497, 0.577205, 0.639709, 0.805024, 0.812052, 0.817753, 0.77335, 0.78112, 0.80403, 0.854631, 0.925354, 1, 

30,25,0.001, 0.0122448, 0.0127388, 0.040602, 0.0683786, 0.0839548, 0.0897724, 0.101787, 0.146735, 0.146766, 0.179614, 0.238357, 0.267103, 0.431348, 0.483957, 0.505115, 0.535038, 0.553312, 0.780281, 0.971323, 1, 

26,36,0.001, 0.0301675, 0.0837957, 0.0859366, 0.098155, 0.135967, 0.24384, 0.151476, 0.150759, 0.199934, 0.393941, 0.473491, 0.94828, 1, 

Generation #8
28,35,0.001, 0.046545, 0.081158, 0.0877621, 0.144953, 0.197793, 0.24641, 0.261127, 0.369667, 0.378094, 0.391655, 0.435253, 0.454086, 0.610145, 0.650037, 1, 

25,44,0.001, 0.0211652, 0.0224989, 0.0434361, 0.0544581, 0.105924, 0.199494, 0.20839, 0.316561, 0.610676, 0.669576, 1, 

40,24,0.001, 0.0145924, 0.0222657, 0.023723, 0.0258803, 0.0266126, 0.0383677, 0.0440464, 0.131278, 0.170173, 0.179614, 0.238357, 0.267103, 0.431348, 0.440154, 0.447624, 0.454718, 0.530535, 0.557497, 0.577205, 0.639709, 0.805024, 0.812052, 0.817753, 0.77335, 0.78112, 0.80403, 0.854631, 0.925354, 1, 

30,25,0.001, 0.0122448, 0.0127388, 0.040602, 0.0683786, 0.0839548, 0.0897724, 0.101787, 0.146735, 0.146766, 0.179614, 0.238357, 0.267103, 0.431348, 0.483957, 0.505115, 0.535038, 0.553312, 0.780281, 0.971323, 1, 

26,36,0.001, 0.0301675, 0.0837957, 0.0859366, 0.098155, 0.135967, 0.24384, 0.151476, 0.150759, 0.199934, 0.393941, 0.473491, 0.94828, 1, 

Generation #9
40,24,0.001, 0.0145924, 0.0222657, 0.023723, 0.0258803, 0.0266126, 0.0383677, 0.0440464, 0.131278, 0.170173, 0.179614, 0.238357, 0.267103, 0.431348, 0.440154, 0.447624, 0.454718, 0.530535, 0.557497, 0.577205, 0.639709, 0.805024, 0.812052, 0.817753, 0.77335, 0.78112, 0.80403, 0.854631, 0.925354, 1, 

30,25,0.001, 0.0122448, 0.0127388, 0.040602, 0.0683786, 0.0839548, 0.0897724, 0.101787, 0.146735, 0.146766, 0.179614, 0.238357, 0.267103, 0.431348, 0.483957, 0.505115, 0.535038, 0.553312, 0.780281, 0.971323, 1, 

25,32,0.0853474, 0.001, 0.0643069, 0.0728781, 0.0632509, 0.0746902, 0.131684, 0.151476, 0.156599, 0.199934, 0.393941, 0.473491, 0.94828, 1, 

Generation #10
30,25,0.001, 0.0122448, 0.0127388, 0.040602, 0.0683786, 0.0839548, 0.0897724, 0.101787, 0.146735, 0.146766, 0.179614, 0.238357, 0.267103, 0.431348, 0.483957, 0.505115, 0.535038, 0.553312, 0.780281, 0.971323, 1, 

25,32,0.0853474, 0.001, 0.0643069, 0.0728781, 0.0632509, 0.0746902, 0.131684, 0.151476, 0.156599, 0.199934, 0.393941, 0.473491, 0.94828, 1, 

38,20,0.001, 0.0122448, 0.0127388, 0.040602, 0.0683786, 0.0839548, 0.0897724, 0.101787, 0.146735, 0.146766, 0.177669, 0.230527, 0.276328, 0.314778, 0.334391, 0.343631, 0.356101, 0.357527, 0.414892, 0.498697, 0.554355, 0.6335, 0.781757, 0.781779, 0.798578, 0.804182, 0.84894, 0.850203, 1, 

26,30,0.001, 0.0145924, 0.0222657, 0.023723, 0.0258803, 0.0266126, 0.0383677, 0.0440464, 0.131278, 0.170173, 0.179614, 0.238357, 0.267103, 0.610145, 0.650037, 1, 

Generation #11
30,25,0.001, 0.0122448, 0.0127388, 0.040602, 0.0683786, 0.0839548, 0.0897724, 0.101787, 0.146735, 0.146766, 0.179614, 0.238357, 0.267103, 0.431348, 0.483957, 0.505115, 0.535038, 0.553312, 0.780281, 0.971323, 1, 

38,20,0.001, 0.0122448, 0.0127388, 0.040602, 0.0683786, 0.0839548, 0.0897724, 0.101787, 0.146735, 0.146766, 0.177669, 0.230527, 0.276328, 0.314778, 0.334391, 0.343631, 0.356101, 0.357527, 0.414892, 0.498697, 0.554355, 0.6335, 0.781757, 0.781779, 0.798578, 0.804182, 0.84894, 0.850203, 1, 

25,30,0.001, 0.0145924, 0.0222657, 0.023723, 0.0258803, 0.0266126, 0.0383677, 0.0440464, 0.131278, 0.170173, 0.179614, 0.238357, 0.267103, 1, 

Generation #12
38,20,0.001, 0.0122448, 0.0127388, 0.040602, 0.0683786, 0.0839548, 0.0897724, 0.101787, 0.146735, 0.146766, 0.177669, 0.230527, 0.276328, 0.314778, 0.334391, 0.343631, 0.356101, 0.357527, 0.414892, 0.498697, 0.554355, 0.6335, 0.781757, 0.781779, 0.798578, 0.804182, 0.84894, 0.850203, 1, 

25,30,0.001, 0.0145924, 0.0222657, 0.023723, 0.0258803, 0.0266126, 0.0383677, 0.0440464, 0.131278, 0.170173, 0.179614, 0.238357, 0.267103, 1, 

27,25,0.001, 0.0517388, 0.0564266, 0.0566557, 0.0697994, 0.0794551, 0.0868017, 0.116869, 0.199934, 0.212715, 0.297311, 0.435253, 0.454086, 0.610145, 0.650037, 1, 

Generation #13
38,20,0.001, 0.0122448, 0.0127388, 0.040602, 0.0683786, 0.0839548, 0.0897724, 0.101787, 0.146735, 0.146766, 0.177669, 0.230527, 0.276328, 0.314778, 0.334391, 0.343631, 0.356101, 0.357527, 0.414892, 0.498697, 0.554355, 0.6335, 0.781757, 0.781779, 0.798578, 0.804182, 0.84894, 0.850203, 1, 

25,30,0.001, 0.0145924, 0.0222657, 0.023723, 0.0258803, 0.0266126, 0.0383677, 0.0440464, 0.131278, 0.170173, 0.179614, 0.238357, 0.267103, 1, 

26,23,0.001, 0.0145924, 0.0222657, 0.023723, 0.0258803, 0.0266126, 0.0383677, 0.0440464, 0.131278, 0.170173, 0.179614, 0.238357, 0.267103, 0.431348, 0.440154, 0.447624, 1, 

Generation #14
38,20,0.001, 0.0122448, 0.0127388, 0.040602, 0.0683786, 0.0839548, 0.0897724, 0.101787, 0.146735, 0.146766, 0.177669, 0.230527, 0.276328, 0.314778, 0.334391, 0.343631, 0.356101, 0.357527, 0.414892, 0.498697, 0.554355, 0.6335, 0.781757, 0.781779, 0.798578, 0.804182, 0.84894, 0.850203, 1, 

25,30,0.001, 0.0145924, 0.0222657, 0.023723, 0.0258803, 0.0266126, 0.0383677, 0.0440464, 0.131278, 0.170173, 0.179614, 0.238357, 0.267103, 1, 

26,23,0.001, 0.0145924, 0.0222657, 0.023723, 0.0258803, 0.0266126, 0.0383677, 0.0440464, 0.131278, 0.170173, 0.179614, 0.238357, 0.267103, 0.431348, 0.440154, 0.447624, 1, 

Generation #15
38,20,0.001, 0.0122448, 0.0127388, 0.040602, 0.0683786, 0.0839548, 0.0897724, 0.101787, 0.146735, 0.146766, 0.177669, 0.230527, 0.276328, 0.314778, 0.334391, 0.343631, 0.356101, 0.357527, 0.414892, 0.498697, 0.554355, 0.6335, 0.781757, 0.781779, 0.798578, 0.804182, 0.84894, 0.850203, 1, 

25,30,0.001, 0.0145924, 0.0222657, 0.023723, 0.0258803, 0.0266126, 0.0383677, 0.0440464, 0.131278, 0.170173, 0.179614, 0.238357, 0.267103, 1, 

26,23,0.001, 0.0145924, 0.0222657, 0.023723, 0.0258803, 0.0266126, 0.0383677, 0.0440464, 0.131278, 0.170173, 0.179614, 0.238357, 0.267103, 0.431348, 0.440154, 0.447624, 1, 

28,22,0.001, 0.0145924, 0.0222657, 0.023723, 0.0258803, 0.0266126, 0.0383677, 0.0440464, 0.131278, 0.146766, 0.179614, 0.238357, 0.267103, 0.483957, 0.505115, 0.535038, 0.553312, 0.780281, 0.971323, 1, 

Generation #16
38,20,0.001, 0.0122448, 0.0127388, 0.040602, 0.0683786, 0.0839548, 0.0897724, 0.101787, 0.146735, 0.146766, 0.177669, 0.230527, 0.276328, 0.314778, 0.334391, 0.343631, 0.356101, 0.357527, 0.414892, 0.498697, 0.554355, 0.6335, 0.781757, 0.781779, 0.798578, 0.804182, 0.84894, 0.850203, 1, 

25,30,0.001, 0.0145924, 0.0222657, 0.023723, 0.0258803, 0.0266126, 0.0383677, 0.0440464, 0.131278, 0.170173, 0.179614, 0.238357, 0.267103, 1, 

26,23,0.001, 0.0145924, 0.0222657, 0.023723, 0.0258803, 0.0266126, 0.0383677, 0.0440464, 0.131278, 0.170173, 0.179614, 0.238357, 0.267103, 0.431348, 0.440154, 0.447624, 1, 

28,22,0.001, 0.0145924, 0.0222657, 0.023723, 0.0258803, 0.0266126, 0.0383677, 0.0440464, 0.131278, 0.146766, 0.179614, 0.238357, 0.267103, 0.483957, 0.505115, 0.535038, 0.553312, 0.780281, 0.971323, 1, 

Generation #17
38,20,0.001, 0.0122448, 0.0127388, 0.040602, 0.0683786, 0.0839548, 0.0897724, 0.101787, 0.146735, 0.146766, 0.177669, 0.230527, 0.276328, 0.314778, 0.334391, 0.343631, 0.356101, 0.357527, 0.414892, 0.498697, 0.554355, 0.6335, 0.781757, 0.781779, 0.798578, 0.804182, 0.84894, 0.850203, 1, 

26,23,0.001, 0.0145924, 0.0222657, 0.023723, 0.0258803, 0.0266126, 0.0383677, 0.0440464, 0.131278, 0.170173, 0.179614, 0.238357, 0.267103, 0.431348, 0.440154, 0.447624, 1, 

28,22,0.001, 0.0145924, 0.0222657, 0.023723, 0.0258803, 0.0266126, 0.0383677, 0.0440464, 0.131278, 0.146766, 0.179614, 0.238357, 0.267103, 0.483957, 0.505115, 0.535038, 0.553312, 0.780281, 0.971323, 1, 

25,25,0.001, 0.0234425, 0.0243827, 0.040602, 0.0683786, 0.0839548, 0.0383677, 0.0440464, 0.106039, 0.131278, 0.170173, 0.179614, 0.238357, 0.267103, 0.610145, 1, 

Generation #18
38,20,0.001, 0.0122448, 0.0127388, 0.040602, 0.0683786, 0.0839548, 0.0897724, 0.101787, 0.146735, 0.146766, 0.177669, 0.230527, 0.276328, 0.314778, 0.334391, 0.343631, 0.356101, 0.357527, 0.414892, 0.498697, 0.554355, 0.6335, 0.781757, 0.781779, 0.798578, 0.804182, 0.84894, 0.850203, 1, 

26,23,0.001, 0.0145924, 0.0222657, 0.023723, 0.0258803, 0.0266126, 0.0383677, 0.0440464, 0.131278, 0.170173, 0.179614, 0.238357, 0.267103, 0.431348, 0.440154, 0.447624, 1, 

28,22,0.001, 0.0145924, 0.0222657, 0.023723, 0.0258803, 0.0266126, 0.0383677, 0.0440464, 0.131278, 0.146766, 0.179614, 0.238357, 0.267103, 0.483957, 0.505115, 0.535038, 0.553312, 0.780281, 0.971323, 1, 

25,25,0.001, 0.0234425, 0.0243827, 0.040602, 0.0683786, 0.0839548, 0.0383677, 0.0440464, 0.106039, 0.131278, 0.170173, 0.179614, 0.238357, 0.267103, 0.610145, 1, 

Generation #19
38,20,0.001, 0.0122448, 0.0127388, 0.040602, 0.0683786, 0.0839548, 0.0897724, 0.101787, 0.146735, 0.146766, 0.177669, 0.230527, 0.276328, 0.314778, 0.334391, 0.343631, 0.356101, 0.357527, 0.414892, 0.498697, 0.554355, 0.6335, 0.781757, 0.781779, 0.798578, 0.804182, 0.84894, 0.850203, 1, 

26,23,0.001, 0.0145924, 0.0222657, 0.023723, 0.0258803, 0.0266126, 0.0383677, 0.0440464, 0.131278, 0.170173, 0.179614, 0.238357, 0.267103, 0.431348, 0.440154, 0.447624, 1, 

28,22,0.001, 0.0145924, 0.0222657, 0.023723, 0.0258803, 0.0266126, 0.0383677, 0.0440464, 0.131278, 0.146766, 0.179614, 0.238357, 0.267103, 0.483957, 0.505115, 0.535038, 0.553312, 0.780281, 0.971323, 1, 

25,24,0.001, 0.0145924, 0.0222657, 0.023723, 0.0258803, 0.0266126, 0.0383677, 0.0440464, 0.106039, 0.131278, 0.170173, 0.238357, 0.267103, 0.610145, 1, 

Generation #20
26,23,0.001, 0.0145924, 0.0222657, 0.023723, 0.0258803, 0.0266126, 0.0383677, 0.0440464, 0.131278, 0.170173, 0.179614, 0.238357, 0.267103, 0.431348, 0.440154, 0.447624, 1, 

28,22,0.001, 0.0145924, 0.0222657, 0.023723, 0.0258803, 0.0266126, 0.0383677, 0.0440464, 0.131278, 0.146766, 0.179614, 0.238357, 0.267103, 0.483957, 0.505115, 0.535038, 0.553312, 0.780281, 0.971323, 1, 

25,24,0.001, 0.0145924, 0.0222657, 0.023723, 0.0258803, 0.0266126, 0.0383677, 0.0440464, 0.106039, 0.131278, 0.170173, 0.238357, 0.267103, 0.610145, 1, 

29,20,0.001, 0.046545, 0.0222657, 0.023723, 0.0258803, 0.0266126, 0.0383677, 0.0440464, 0.131278, 0.199934, 0.142739, 0.179614, 0.238357, 0.267103, 0.431348, 0.483957, 0.505115, 0.535038, 0.553312, 0.780281, 0.971323, 1, 

Generation #21
26,23,0.001, 0.0145924, 0.0222657, 0.023723, 0.0258803, 0.0266126, 0.0383677, 0.0440464, 0.131278, 0.170173, 0.179614, 0.238357, 0.267103, 0.431348, 0.440154, 0.447624, 1, 

28,22,0.001, 0.0145924, 0.0222657, 0.023723, 0.0258803, 0.0266126, 0.0383677, 0.0440464, 0.131278, 0.146766, 0.179614, 0.238357, 0.267103, 0.483957, 0.505115, 0.535038, 0.553312, 0.780281, 0.971323, 1, 

25,24,0.001, 0.0145924, 0.0222657, 0.023723, 0.0258803, 0.0266126, 0.0383677, 0.0440464, 0.106039, 0.131278, 0.170173, 0.238357, 0.267103, 0.610145, 1, 

29,20,0.001, 0.046545, 0.0222657, 0.023723, 0.0258803, 0.0266126, 0.0383677, 0.0440464, 0.131278, 0.199934, 0.142739, 0.179614, 0.238357, 0.267103, 0.431348, 0.483957, 0.505115, 0.535038, 0.553312, 0.780281, 0.971323, 1, 

Generation #22
26,23,0.001, 0.0145924, 0.0222657, 0.023723, 0.0258803, 0.0266126, 0.0383677, 0.0440464, 0.131278, 0.170173, 0.179614, 0.238357, 0.267103, 0.431348, 0.440154, 0.447624, 1, 

28,22,0.001, 0.0145924, 0.0222657, 0.023723, 0.0258803, 0.0266126, 0.0383677, 0.0440464, 0.131278, 0.146766, 0.179614, 0.238357, 0.267103, 0.483957, 0.505115, 0.535038, 0.553312, 0.780281, 0.971323, 1, 

25,24,0.001, 0.0145924, 0.0222657, 0.023723, 0.0258803, 0.0266126, 0.0383677, 0.0440464, 0.106039, 0.131278, 0.170173, 0.238357, 0.267103, 0.610145, 1, 

29,20,0.001, 0.046545, 0.0222657, 0.023723, 0.0258803, 0.0266126, 0.0383677, 0.0440464, 0.131278, 0.199934, 0.142739, 0.179614, 0.238357, 0.267103, 0.431348, 0.483957, 0.505115, 0.535038, 0.553312, 0.780281, 0.971323, 1, 

Generation #23
26,23,0.001, 0.0145924, 0.0222657, 0.023723, 0.0258803, 0.0266126, 0.0383677, 0.0440464, 0.131278, 0.170173, 0.179614, 0.238357, 0.267103, 0.431348, 0.440154, 0.447624, 1, 

28,22,0.001, 0.0145924, 0.0222657, 0.023723, 0.0258803, 0.0266126, 0.0383677, 0.0440464, 0.131278, 0.146766, 0.179614, 0.238357, 0.267103, 0.483957, 0.505115, 0.535038, 0.553312, 0.780281, 0.971323, 1, 

25,24,0.001, 0.0145924, 0.0222657, 0.023723, 0.0258803, 0.0266126, 0.0383677, 0.0440464, 0.106039, 0.131278, 0.170173, 0.238357, 0.267103, 0.610145, 1, 

29,20,0.001, 0.046545, 0.0222657, 0.023723, 0.0258803, 0.0266126, 0.0383677, 0.0440464, 0.131278, 0.199934, 0.142739, 0.179614, 0.238357, 0.267103, 0.431348, 0.483957, 0.505115, 0.535038, 0.553312, 0.780281, 0.971323, 1, 

Generation #24
29,20,0.001, 0.046545, 0.0222657, 0.023723, 0.0258803, 0.0266126, 0.0383677, 0.0440464, 0.131278, 0.199934, 0.142739, 0.179614, 0.238357, 0.267103, 0.431348, 0.483957, 0.505115, 0.535038, 0.553312, 0.780281, 0.971323, 1, 

25,21,0.001, 0.0211652, 0.0222657, 0.023723, 0.0258803, 0.0266126, 0.0383677, 0.0440464, 0.131278, 0.170173, 0.179614, 0.238357, 0.267103, 0.431348, 0.440154, 0.447624, 1, 

Generation #25
29,20,0.001, 0.046545, 0.0222657, 0.023723, 0.0258803, 0.0266126, 0.0383677, 0.0440464, 0.131278, 0.199934, 0.142739, 0.179614, 0.238357, 0.267103, 0.431348, 0.483957, 0.505115, 0.535038, 0.553312, 0.780281, 0.971323, 1, 

25,21,0.001, 0.0211652, 0.0222657, 0.023723, 0.0258803, 0.0266126, 0.0383677, 0.0440464, 0.131278, 0.170173, 0.179614, 0.238357, 0.267103, 0.431348, 0.440154, 0.447624, 1, 

Generation #26
29,20,0.001, 0.046545, 0.0222657, 0.023723, 0.0258803, 0.0266126, 0.0383677, 0.0440464, 0.131278, 0.199934, 0.142739, 0.179614, 0.238357, 0.267103, 0.431348, 0.483957, 0.505115, 0.535038, 0.553312, 0.780281, 0.971323, 1, 

25,21,0.001, 0.0211652, 0.0222657, 0.023723, 0.0258803, 0.0266126, 0.0383677, 0.0440464, 0.131278, 0.170173, 0.179614, 0.238357, 0.267103, 0.431348, 0.440154, 0.447624, 1, 

Generation #27
29,20,0.001, 0.046545, 0.0222657, 0.023723, 0.0258803, 0.0266126, 0.0383677, 0.0440464, 0.131278, 0.199934, 0.142739, 0.179614, 0.238357, 0.267103, 0.431348, 0.483957, 0.505115, 0.535038, 0.553312, 0.780281, 0.971323, 1, 

25,21,0.001, 0.0211652, 0.0222657, 0.023723, 0.0258803, 0.0266126, 0.0383677, 0.0440464, 0.131278, 0.170173, 0.179614, 0.238357, 0.267103, 0.431348, 0.440154, 0.447624, 1, 

Generation #28
29,20,0.001, 0.046545, 0.0222657, 0.023723, 0.0258803, 0.0266126, 0.0383677, 0.0440464, 0.131278, 0.199934, 0.142739, 0.179614, 0.238357, 0.267103, 0.431348, 0.483957, 0.505115, 0.535038, 0.553312, 0.780281, 0.971323, 1, 

25,21,0.001, 0.0211652, 0.0222657, 0.023723, 0.0258803, 0.0266126, 0.0383677, 0.0440464, 0.131278, 0.170173, 0.179614, 0.238357, 0.267103, 0.431348, 0.440154, 0.447624, 1, 

Generation #29
29,20,0.001, 0.046545, 0.0222657, 0.023723, 0.0258803, 0.0266126, 0.0383677, 0.0440464, 0.131278, 0.199934, 0.142739, 0.179614, 0.238357, 0.267103, 0.431348, 0.483957, 0.505115, 0.535038, 0.553312, 0.780281, 0.971323, 1, 

25,21,0.001, 0.0211652, 0.0222657, 0.023723, 0.0258803, 0.0266126, 0.0383677, 0.0440464, 0.131278, 0.170173, 0.179614, 0.238357, 0.267103, 0.431348, 0.440154, 0.447624, 1, 

Generation #30
29,20,0.001, 0.046545, 0.0222657, 0.023723, 0.0258803, 0.0266126, 0.0383677, 0.0440464, 0.131278, 0.199934, 0.142739, 0.179614, 0.238357, 0.267103, 0.431348, 0.483957, 0.505115, 0.535038, 0.553312, 0.780281, 0.971323, 1, 

25,21,0.001, 0.0211652, 0.0222657, 0.023723, 0.0258803, 0.0266126, 0.0383677, 0.0440464, 0.131278, 0.170173, 0.179614, 0.238357, 0.267103, 0.431348, 0.440154, 0.447624, 1, 

Generation #31
29,20,0.001, 0.046545, 0.0222657, 0.023723, 0.0258803, 0.0266126, 0.0383677, 0.0440464, 0.131278, 0.199934, 0.142739, 0.179614, 0.238357, 0.267103, 0.431348, 0.483957, 0.505115, 0.535038, 0.553312, 0.780281, 0.971323, 1, 

25,21,0.001, 0.0211652, 0.0222657, 0.023723, 0.0258803, 0.0266126, 0.0383677, 0.0440464, 0.131278, 0.170173, 0.179614, 0.238357, 0.267103, 0.431348, 0.440154, 0.447624, 1, 

Generation #32
29,20,0.001, 0.046545, 0.0222657, 0.023723, 0.0258803, 0.0266126, 0.0383677, 0.0440464, 0.131278, 0.199934, 0.142739, 0.179614, 0.238357, 0.267103, 0.431348, 0.483957, 0.505115, 0.535038, 0.553312, 0.780281, 0.971323, 1, 

25,21,0.001, 0.0211652, 0.0222657, 0.023723, 0.0258803, 0.0266126, 0.0383677, 0.0440464, 0.131278, 0.170173, 0.179614, 0.238357, 0.267103, 0.431348, 0.440154, 0.447624, 1, 

Generation #33
25,21,0.001, 0.0211652, 0.0222657, 0.023723, 0.0258803, 0.0266126, 0.0383677, 0.0440464, 0.131278, 0.170173, 0.179614, 0.238357, 0.267103, 0.431348, 0.440154, 0.447624, 1, 

26,20,0.001, 0.0145924, 0.0222657, 0.023723, 0.0258803, 0.0266126, 0.0383677, 0.0440464, 0.131278, 0.131278, 0.179614, 0.238357, 0.267103, 0.431348, 0.440154, 0.447624, 1, 

Generation #34
25,21,0.001, 0.0211652, 0.0222657, 0.023723, 0.0258803, 0.0266126, 0.0383677, 0.0440464, 0.131278, 0.170173, 0.179614, 0.238357, 0.267103, 0.431348, 0.440154, 0.447624, 1, 

26,20,0.001, 0.0145924, 0.0222657, 0.023723, 0.0258803, 0.0266126, 0.0383677, 0.0440464, 0.131278, 0.131278, 0.179614, 0.238357, 0.267103, 0.431348, 0.440154, 0.447624, 1, 

Generation #35
25,21,0.001, 0.0211652, 0.0222657, 0.023723, 0.0258803, 0.0266126, 0.0383677, 0.0440464, 0.131278, 0.170173, 0.179614, 0.238357, 0.267103, 0.431348, 0.440154, 0.447624, 1, 

26,20,0.001, 0.0145924, 0.0222657, 0.023723, 0.0258803, 0.0266126, 0.0383677, 0.0440464, 0.131278, 0.131278, 0.179614, 0.238357, 0.267103, 0.431348, 0.440154, 0.447624, 1, 

Generation #36
25,21,0.001, 0.0211652, 0.0222657, 0.023723, 0.0258803, 0.0266126, 0.0383677, 0.0440464, 0.131278, 0.170173, 0.179614, 0.238357, 0.267103, 0.431348, 0.440154, 0.447624, 1, 

26,20,0.001, 0.0145924, 0.0222657, 0.023723, 0.0258803, 0.0266126, 0.0383677, 0.0440464, 0.131278, 0.131278, 0.179614, 0.238357, 0.267103, 0.431348, 0.440154, 0.447624, 1, 

Generation #37
25,21,0.001, 0.0211652, 0.0222657, 0.023723, 0.0258803, 0.0266126, 0.0383677, 0.0440464, 0.131278, 0.170173, 0.179614, 0.238357, 0.267103, 0.431348, 0.440154, 0.447624, 1, 

26,20,0.001, 0.0145924, 0.0222657, 0.023723, 0.0258803, 0.0266126, 0.0383677, 0.0440464, 0.131278, 0.131278, 0.179614, 0.238357, 0.267103, 0.431348, 0.440154, 0.447624, 1, 

Generation #38
25,21,0.001, 0.0211652, 0.0222657, 0.023723, 0.0258803, 0.0266126, 0.0383677, 0.0440464, 0.131278, 0.170173, 0.179614, 0.238357, 0.267103, 0.431348, 0.440154, 0.447624, 1, 

26,20,0.001, 0.0145924, 0.0222657, 0.023723, 0.0258803, 0.0266126, 0.0383677, 0.0440464, 0.131278, 0.131278, 0.179614, 0.238357, 0.267103, 0.431348, 0.440154, 0.447624, 1, 

Generation #39
25,20,0.001, 0.0234425, 0.0243827, 0.040602, 0.0258803, 0.0266126, 0.0383677, 0.0440464, 0.131278, 0.170173, 0.179614, 0.238357, 0.267103, 0.267103, 0.610145, 1, 

Generation #40
25,20,0.001, 0.0234425, 0.0243827, 0.040602, 0.0258803, 0.0266126, 0.0383677, 0.0440464, 0.131278, 0.170173, 0.179614, 0.238357, 0.267103, 0.267103, 0.610145, 1, 

Generation #41
25,20,0.001, 0.0234425, 0.0243827, 0.040602, 0.0258803, 0.0266126, 0.0383677, 0.0440464, 0.131278, 0.170173, 0.179614, 0.238357, 0.267103, 0.267103, 0.610145, 1, 

Generation #42
25,20,0.001, 0.0234425, 0.0243827, 0.040602, 0.0258803, 0.0266126, 0.0383677, 0.0440464, 0.131278, 0.170173, 0.179614, 0.238357, 0.267103, 0.267103, 0.610145, 1, 

Generation #43
25,20,0.001, 0.0234425, 0.0243827, 0.040602, 0.0258803, 0.0266126, 0.0383677, 0.0440464, 0.131278, 0.170173, 0.179614, 0.238357, 0.267103, 0.267103, 0.610145, 1, 

Generation #44
25,20,0.001, 0.0234425, 0.0243827, 0.040602, 0.0258803, 0.0266126, 0.0383677, 0.0440464, 0.131278, 0.170173, 0.179614, 0.238357, 0.267103, 0.267103, 0.610145, 1, 

Generation #45
25,20,0.001, 0.0234425, 0.0243827, 0.040602, 0.0258803, 0.0266126, 0.0383677, 0.0440464, 0.131278, 0.170173, 0.179614, 0.238357, 0.267103, 0.267103, 0.610145, 1, 

30,19,0.001, 0.0234425, 0.0243827, 0.040602, 0.0258803, 0.0266126, 0.0383677, 0.0440464, 0.131278, 0.131278, 0.170173, 0.179614, 0.284403, 0.267103, 0.505115, 0.535038, 0.553312, 0.304456, 0.780281, 0.971323, 1, 

Generation #46
25,20,0.001, 0.0234425, 0.0243827, 0.040602, 0.0258803, 0.0266126, 0.0383677, 0.0440464, 0.131278, 0.170173, 0.179614, 0.238357, 0.267103, 0.267103, 0.610145, 1, 

30,19,0.001, 0.0234425, 0.0243827, 0.040602, 0.0258803, 0.0266126, 0.0383677, 0.0440464, 0.131278, 0.131278, 0.170173, 0.179614, 0.284403, 0.267103, 0.505115, 0.535038, 0.553312, 0.304456, 0.780281, 0.971323, 1, 

Generation #47
25,20,0.001, 0.0234425, 0.0243827, 0.040602, 0.0258803, 0.0266126, 0.0383677, 0.0440464, 0.131278, 0.170173, 0.179614, 0.238357, 0.267103, 0.267103, 0.610145, 1, 

30,19,0.001, 0.0234425, 0.0243827, 0.040602, 0.0258803, 0.0266126, 0.0383677, 0.0440464, 0.131278, 0.131278, 0.170173, 0.179614, 0.284403, 0.267103, 0.505115, 0.535038, 0.553312, 0.304456, 0.780281, 0.971323, 1, 

Generation #48
25,20,0.001, 0.0234425, 0.0243827, 0.040602, 0.0258803, 0.0266126, 0.0383677, 0.0440464, 0.131278, 0.170173, 0.179614, 0.238357, 0.267103, 0.267103, 0.610145, 1, 

30,19,0.001, 0.0234425, 0.0243827, 0.040602, 0.0258803, 0.0266126, 0.0383677, 0.0440464, 0.131278, 0.131278, 0.170173, 0.179614, 0.284403, 0.267103, 0.505115, 0.535038, 0.553312, 0.304456, 0.780281, 0.971323, 1, 

Generation #49
25,20,0.001, 0.0234425, 0.0243827, 0.040602, 0.0258803, 0.0266126, 0.0383677, 0.0440464, 0.131278, 0.170173, 0.179614, 0.238357, 0.267103, 0.267103, 0.610145, 1, 

30,19,0.001, 0.0234425, 0.0243827, 0.040602, 0.0258803, 0.0266126, 0.0383677, 0.0440464, 0.131278, 0.131278, 0.170173, 0.179614, 0.284403, 0.267103, 0.505115, 0.535038, 0.553312, 0.304456, 0.780281, 0.971323, 1, 

--- Pareto Front Solutions ---
Solution 0: N total=145 (N_initial=120, N_added=25), Time total=25 ms, Saved to: ./results/Make_t2_l4_pareto_0.csv, percents=0.001, 0.0234425, 0.0243827, 0.040602, 0.0258803, 0.0266126, 0.0383677, 0.0440464, 0.131278, 0.170173, 0.179614, 0.238357, 0.267103, 0.267103, 0.610145, 1, 

Solution 1: N total=150 (N_initial=120, N_added=30), Time total=24 ms, Saved to: ./results/Make_t2_l4_pareto_1.csv, percents=0.001, 0.0234425, 0.0243827, 0.040602, 0.0258803, 0.0266126, 0.0383677, 0.0440464, 0.131278, 0.131278, 0.170173, 0.179614, 0.284403, 0.267103, 0.505115, 0.535038, 0.553312, 0.304456, 0.780281, 0.971323, 1, 

