------------d=1, t=2, lambda=1, filename=./evaluation/SPINV/SPINV_2_1.csv------------
Computing partitioned counts of d-sets...
Ready to look at pairs based on partitioned counts...
First Stage N=40, Time=20
There are 1673 remaining non-locating pairs
--- Running GA Algorithm (phase2) ---
Running GA with std::execution::par
Generation #0
31,962,0.001, 0.216399, 0.390185, 0.443204, 0.455689, 0.604216, 0.774314, 0.850221, 0.984248, 0.991008, 1, 

32,587,0.001, 0.0498482, 0.216652, 0.249468, 0.280081, 0.356849, 0.456092, 0.578588, 0.814896, 0.815772, 0.872318, 0.886671, 0.887786, 1, 

33,403,0.001, 0.0485364, 0.0638381, 0.103473, 0.112512, 0.157387, 0.207509, 0.233497, 0.34024, 0.425078, 0.623749, 0.642961, 0.77327, 0.821051, 0.86027, 0.97724, 1, 

45,183,0.001, 0.0234395, 0.0390873, 0.0460126, 0.10239, 0.111185, 0.134715, 0.142228, 0.147769, 0.164878, 0.182603, 0.226503, 0.233886, 0.288066, 0.436146, 0.459913, 0.494666, 0.552769, 0.560013, 0.560173, 0.589613, 0.739437, 0.740977, 0.79267, 0.822098, 0.937526, 0.967304, 1, 

43,262,0.001, 0.00959156, 0.070316, 0.165695, 0.166071, 0.174757, 0.262098, 0.339555, 0.352474, 0.426092, 0.442547, 0.447635, 0.464361, 0.501474, 0.515649, 0.60748, 0.618094, 0.618771, 0.643255, 0.646821, 0.683925, 0.689354, 0.906795, 1, 

35,295,0.001, 0.0344967, 0.0799311, 0.146416, 0.168693, 0.213749, 0.231546, 0.301595, 0.355781, 0.414556, 0.554904, 0.577706, 0.75276, 0.85917, 0.972072, 0.999616, 1, 

Generation #1
31,193,0.001, 0.0363871, 0.0483313, 0.105856, 0.132901, 0.155358, 0.160636, 0.190181, 0.193972, 0.796328, 0.849955, 0.915786, 1, 

30,351,0.001, 0.0363871, 0.0483313, 0.105856, 0.132901, 0.155358, 0.160636, 0.190181, 0.193972, 0.27102, 0.27166, 0.76718, 0.911522, 1, 

34,171,0.001, 0.0254464, 0.0366954, 0.0698214, 0.10015, 0.173493, 0.182069, 0.201765, 0.215415, 0.215567, 0.254165, 0.577706, 0.75276, 0.85917, 0.972072, 0.999616, 1, 

Generation #2
31,193,0.001, 0.0363871, 0.0483313, 0.105856, 0.132901, 0.155358, 0.160636, 0.190181, 0.193972, 0.796328, 0.849955, 0.915786, 1, 

34,139,0.001, 0.0254464, 0.0366954, 0.0698214, 0.10015, 0.173493, 0.182069, 0.201765, 0.215415, 0.215567, 0.254165, 0.577706, 0.75276, 0.85917, 0.972072, 0.999616, 1, 

33,189,0.001, 0.0485364, 0.0638381, 0.103473, 0.112512, 0.157387, 0.207509, 0.34024, 0.425078, 0.623749, 0.642961, 0.839098, 0.909338, 0.957415, 1, 

29,247,0.001, 0.0462656, 0.0669575, 0.140062, 0.242764, 0.58322, 0.694369, 0.712898, 0.774425, 0.834638, 1, 

Generation #3
34,139,0.001, 0.0254464, 0.0366954, 0.0698214, 0.10015, 0.173493, 0.182069, 0.201765, 0.215415, 0.215567, 0.254165, 0.577706, 0.75276, 0.85917, 0.972072, 0.999616, 1, 

29,185,0.001, 0.016774, 0.0547898, 0.114905, 0.167029, 0.204664, 0.210881, 0.680841, 0.792411, 0.888301, 0.923233, 0.962328, 1, 

Generation #4
34,139,0.001, 0.0254464, 0.0366954, 0.0698214, 0.10015, 0.173493, 0.182069, 0.201765, 0.215415, 0.215567, 0.254165, 0.577706, 0.75276, 0.85917, 0.972072, 0.999616, 1, 

27,163,0.001, 0.0254464, 0.0366954, 0.0698214, 0.10015, 0.173493, 0.182069, 0.201765, 0.404307, 0.522106, 1, 

33,159,0.001, 0.0234395, 0.0390873, 0.0460126, 0.10239, 0.111185, 0.134715, 0.142228, 0.215415, 0.215567, 0.254165, 0.577706, 0.75276, 0.85917, 0.972072, 0.999616, 1, 

Generation #5
34,139,0.001, 0.0254464, 0.0366954, 0.0698214, 0.10015, 0.173493, 0.182069, 0.201765, 0.215415, 0.215567, 0.254165, 0.577706, 0.75276, 0.85917, 0.972072, 0.999616, 1, 

27,163,0.001, 0.0254464, 0.0366954, 0.0698214, 0.10015, 0.173493, 0.182069, 0.201765, 0.404307, 0.522106, 1, 

33,140,0.001, 0.0234395, 0.0390873, 0.0460126, 0.10239, 0.111185, 0.134715, 0.142228, 0.147769, 0.164878, 0.182603, 0.226503, 0.233886, 0.288066, 0.436146, 0.459913, 1, 

26,274,0.001, 0.0528152, 0.0407183, 0.0698214, 0.10015, 0.173493, 0.182069, 0.201765, 0.404307, 0.522106, 1, 

Generation #6
34,139,0.001, 0.0254464, 0.0366954, 0.0698214, 0.10015, 0.173493, 0.182069, 0.201765, 0.215415, 0.215567, 0.254165, 0.577706, 0.75276, 0.85917, 0.972072, 0.999616, 1, 

27,163,0.001, 0.0254464, 0.0366954, 0.0698214, 0.10015, 0.173493, 0.182069, 0.201765, 0.404307, 0.522106, 1, 

33,140,0.001, 0.0234395, 0.0390873, 0.0460126, 0.10239, 0.111185, 0.134715, 0.142228, 0.147769, 0.164878, 0.182603, 0.226503, 0.233886, 0.288066, 0.436146, 0.459913, 1, 

26,274,0.001, 0.0528152, 0.0407183, 0.0698214, 0.10015, 0.173493, 0.182069, 0.201765, 0.404307, 0.522106, 1, 

29,152,0.001, 0.0485364, 0.0390873, 0.0460126, 0.10239, 0.111185, 0.134715, 0.142228, 0.147769, 0.164878, 0.182603, 0.226503, 0.233886, 0.288066, 0.60748, 1, 

Generation #7
27,163,0.001, 0.0254464, 0.0366954, 0.0698214, 0.10015, 0.173493, 0.182069, 0.201765, 0.404307, 0.522106, 1, 

29,152,0.001, 0.0485364, 0.0390873, 0.0460126, 0.10239, 0.111185, 0.134715, 0.142228, 0.147769, 0.164878, 0.182603, 0.226503, 0.233886, 0.288066, 0.60748, 1, 

26,181,0.001, 0.0254464, 0.0366954, 0.0698214, 0.10015, 0.111185, 0.182069, 0.201765, 0.404307, 0.522106, 1, 

31,135,0.001, 0.0234395, 0.0390873, 0.0460126, 0.10239, 0.111185, 0.134715, 0.142228, 0.147769, 0.164878, 0.182603, 0.90597, 0.75276, 0.85917, 0.972072, 0.999616, 1, 

Generation #8
27,163,0.001, 0.0254464, 0.0366954, 0.0698214, 0.10015, 0.173493, 0.182069, 0.201765, 0.404307, 0.522106, 1, 

29,152,0.001, 0.0485364, 0.0390873, 0.0460126, 0.10239, 0.111185, 0.134715, 0.142228, 0.147769, 0.164878, 0.182603, 0.226503, 0.233886, 0.288066, 0.60748, 1, 

26,181,0.001, 0.0254464, 0.0366954, 0.0698214, 0.10015, 0.111185, 0.182069, 0.201765, 0.404307, 0.522106, 1, 

31,135,0.001, 0.0234395, 0.0390873, 0.0460126, 0.10239, 0.111185, 0.134715, 0.142228, 0.147769, 0.164878, 0.182603, 0.90597, 0.75276, 0.85917, 0.972072, 0.999616, 1, 

30,147,0.001, 0.0234395, 0.0390873, 0.0460126, 0.10239, 0.111185, 0.134715, 0.142228, 0.281888, 0.358472, 0.362305, 0.78984, 0.809512, 1, 

28,155,0.001, 0.0254464, 0.0366954, 0.0698214, 0.10239, 0.111185, 0.182069, 0.201765, 0.404307, 0.522106, 1, 

Generation #9
27,163,0.001, 0.0254464, 0.0366954, 0.0698214, 0.10015, 0.173493, 0.182069, 0.201765, 0.404307, 0.522106, 1, 

29,152,0.001, 0.0485364, 0.0390873, 0.0460126, 0.10239, 0.111185, 0.134715, 0.142228, 0.147769, 0.164878, 0.182603, 0.226503, 0.233886, 0.288066, 0.60748, 1, 

26,181,0.001, 0.0254464, 0.0366954, 0.0698214, 0.10015, 0.111185, 0.182069, 0.201765, 0.404307, 0.522106, 1, 

31,135,0.001, 0.0234395, 0.0390873, 0.0460126, 0.10239, 0.111185, 0.134715, 0.142228, 0.147769, 0.164878, 0.182603, 0.90597, 0.75276, 0.85917, 0.972072, 0.999616, 1, 

30,147,0.001, 0.0234395, 0.0390873, 0.0460126, 0.10239, 0.111185, 0.134715, 0.142228, 0.281888, 0.358472, 0.362305, 0.78984, 0.809512, 1, 

28,155,0.001, 0.0254464, 0.0366954, 0.0698214, 0.10239, 0.111185, 0.182069, 0.201765, 0.404307, 0.522106, 1, 

Generation #10
27,163,0.001, 0.0254464, 0.0366954, 0.0698214, 0.10015, 0.173493, 0.182069, 0.201765, 0.404307, 0.522106, 1, 

26,181,0.001, 0.0254464, 0.0366954, 0.0698214, 0.10015, 0.111185, 0.182069, 0.201765, 0.404307, 0.522106, 1, 

31,135,0.001, 0.0234395, 0.0390873, 0.0460126, 0.10239, 0.111185, 0.134715, 0.142228, 0.147769, 0.164878, 0.182603, 0.90597, 0.75276, 0.85917, 0.972072, 0.999616, 1, 

28,155,0.001, 0.0254464, 0.0366954, 0.0698214, 0.10239, 0.111185, 0.182069, 0.201765, 0.404307, 0.522106, 1, 

29,146,0.001, 0.0234395, 0.0390873, 0.0460126, 0.10239, 0.209852, 0.273465, 0.273585, 0.353292, 0.369654, 0.849955, 1, 

Generation #11
27,163,0.001, 0.0254464, 0.0366954, 0.0698214, 0.10015, 0.173493, 0.182069, 0.201765, 0.404307, 0.522106, 1, 

26,181,0.001, 0.0254464, 0.0366954, 0.0698214, 0.10015, 0.111185, 0.182069, 0.201765, 0.404307, 0.522106, 1, 

31,135,0.001, 0.0234395, 0.0390873, 0.0460126, 0.10239, 0.111185, 0.134715, 0.142228, 0.147769, 0.164878, 0.182603, 0.90597, 0.75276, 0.85917, 0.972072, 0.999616, 1, 

28,155,0.001, 0.0254464, 0.0366954, 0.0698214, 0.10239, 0.111185, 0.182069, 0.201765, 0.404307, 0.522106, 1, 

29,146,0.001, 0.0234395, 0.0390873, 0.0460126, 0.10239, 0.209852, 0.273465, 0.273585, 0.353292, 0.369654, 0.849955, 1, 

Generation #12
26,181,0.001, 0.0254464, 0.0366954, 0.0698214, 0.10015, 0.111185, 0.182069, 0.201765, 0.404307, 0.522106, 1, 

31,135,0.001, 0.0234395, 0.0390873, 0.0460126, 0.10239, 0.111185, 0.134715, 0.142228, 0.147769, 0.164878, 0.182603, 0.90597, 0.75276, 0.85917, 0.972072, 0.999616, 1, 

28,155,0.001, 0.0254464, 0.0366954, 0.0698214, 0.10239, 0.111185, 0.182069, 0.201765, 0.404307, 0.522106, 1, 

29,146,0.001, 0.0234395, 0.0390873, 0.0460126, 0.10239, 0.209852, 0.273465, 0.273585, 0.353292, 0.369654, 0.849955, 1, 

27,162,0.001, 0.0254464, 0.0366954, 0.0698214, 0.10239, 0.111185, 0.182069, 0.201765, 0.404307, 0.522106, 1, 

30,142,0.001, 0.0234395, 0.0390873, 0.0460126, 0.10239, 0.111185, 0.134715, 0.142228, 0.147769, 0.164878, 0.182603, 0.226503, 0.233886, 0.288066, 0.60748, 1, 

Generation #13
26,181,0.001, 0.0254464, 0.0366954, 0.0698214, 0.10015, 0.111185, 0.182069, 0.201765, 0.404307, 0.522106, 1, 

31,135,0.001, 0.0234395, 0.0390873, 0.0460126, 0.10239, 0.111185, 0.134715, 0.142228, 0.147769, 0.164878, 0.182603, 0.90597, 0.75276, 0.85917, 0.972072, 0.999616, 1, 

28,155,0.001, 0.0254464, 0.0366954, 0.0698214, 0.10239, 0.111185, 0.182069, 0.201765, 0.404307, 0.522106, 1, 

29,146,0.001, 0.0234395, 0.0390873, 0.0460126, 0.10239, 0.209852, 0.273465, 0.273585, 0.353292, 0.369654, 0.849955, 1, 

27,162,0.001, 0.0254464, 0.0366954, 0.0698214, 0.10239, 0.111185, 0.182069, 0.201765, 0.404307, 0.522106, 1, 

30,142,0.001, 0.0234395, 0.0390873, 0.0460126, 0.10239, 0.111185, 0.134715, 0.142228, 0.147769, 0.164878, 0.182603, 0.226503, 0.233886, 0.288066, 0.60748, 1, 

Generation #14
26,181,0.001, 0.0254464, 0.0366954, 0.0698214, 0.10015, 0.111185, 0.182069, 0.201765, 0.404307, 0.522106, 1, 

31,135,0.001, 0.0234395, 0.0390873, 0.0460126, 0.10239, 0.111185, 0.134715, 0.142228, 0.147769, 0.164878, 0.182603, 0.90597, 0.75276, 0.85917, 0.972072, 0.999616, 1, 

28,155,0.001, 0.0254464, 0.0366954, 0.0698214, 0.10239, 0.111185, 0.182069, 0.201765, 0.404307, 0.522106, 1, 

29,146,0.001, 0.0234395, 0.0390873, 0.0460126, 0.10239, 0.209852, 0.273465, 0.273585, 0.353292, 0.369654, 0.849955, 1, 

27,162,0.001, 0.0254464, 0.0366954, 0.0698214, 0.10239, 0.111185, 0.182069, 0.201765, 0.404307, 0.522106, 1, 

30,142,0.001, 0.0234395, 0.0390873, 0.0460126, 0.10239, 0.111185, 0.134715, 0.142228, 0.147769, 0.164878, 0.182603, 0.226503, 0.233886, 0.288066, 0.60748, 1, 

Generation #15
26,181,0.001, 0.0254464, 0.0366954, 0.0698214, 0.10015, 0.111185, 0.182069, 0.201765, 0.404307, 0.522106, 1, 

31,135,0.001, 0.0234395, 0.0390873, 0.0460126, 0.10239, 0.111185, 0.134715, 0.142228, 0.147769, 0.164878, 0.182603, 0.90597, 0.75276, 0.85917, 0.972072, 0.999616, 1, 

28,155,0.001, 0.0254464, 0.0366954, 0.0698214, 0.10239, 0.111185, 0.182069, 0.201765, 0.404307, 0.522106, 1, 

29,146,0.001, 0.0234395, 0.0390873, 0.0460126, 0.10239, 0.209852, 0.273465, 0.273585, 0.353292, 0.369654, 0.849955, 1, 

27,162,0.001, 0.0254464, 0.0366954, 0.0698214, 0.10239, 0.111185, 0.182069, 0.201765, 0.404307, 0.522106, 1, 

30,142,0.001, 0.0234395, 0.0390873, 0.0460126, 0.10239, 0.111185, 0.134715, 0.142228, 0.147769, 0.164878, 0.182603, 0.226503, 0.233886, 0.288066, 0.60748, 1, 

41,130,0.001, 0.0234395, 0.0390873, 0.0460126, 0.10239, 0.111185, 0.134715, 0.142228, 0.147769, 0.164878, 0.182603, 0.226503, 0.233886, 0.288066, 0.436146, 0.459913, 0.494666, 0.552769, 0.560013, 0.797073, 0.615208, 0.690341, 0.560173, 0.589613, 0.739437, 0.96166, 0.988511, 1, 

Generation #16
26,181,0.001, 0.0254464, 0.0366954, 0.0698214, 0.10015, 0.111185, 0.182069, 0.201765, 0.404307, 0.522106, 1, 

31,135,0.001, 0.0234395, 0.0390873, 0.0460126, 0.10239, 0.111185, 0.134715, 0.142228, 0.147769, 0.164878, 0.182603, 0.90597, 0.75276, 0.85917, 0.972072, 0.999616, 1, 

28,155,0.001, 0.0254464, 0.0366954, 0.0698214, 0.10239, 0.111185, 0.182069, 0.201765, 0.404307, 0.522106, 1, 

29,146,0.001, 0.0234395, 0.0390873, 0.0460126, 0.10239, 0.209852, 0.273465, 0.273585, 0.353292, 0.369654, 0.849955, 1, 

30,142,0.001, 0.0234395, 0.0390873, 0.0460126, 0.10239, 0.111185, 0.134715, 0.142228, 0.147769, 0.164878, 0.182603, 0.226503, 0.233886, 0.288066, 0.60748, 1, 

41,130,0.001, 0.0234395, 0.0390873, 0.0460126, 0.10239, 0.111185, 0.134715, 0.142228, 0.147769, 0.164878, 0.182603, 0.226503, 0.233886, 0.288066, 0.436146, 0.459913, 0.494666, 0.552769, 0.560013, 0.797073, 0.615208, 0.690341, 0.560173, 0.589613, 0.739437, 0.96166, 0.988511, 1, 

27,161,0.001, 0.0528152, 0.0407183, 0.0698214, 0.10015, 0.111185, 0.218198, 0.235176, 0.404307, 1, 

Generation #17
26,181,0.001, 0.0254464, 0.0366954, 0.0698214, 0.10015, 0.111185, 0.182069, 0.201765, 0.404307, 0.522106, 1, 

31,135,0.001, 0.0234395, 0.0390873, 0.0460126, 0.10239, 0.111185, 0.134715, 0.142228, 0.147769, 0.164878, 0.182603, 0.90597, 0.75276, 0.85917, 0.972072, 0.999616, 1, 

28,155,0.001, 0.0254464, 0.0366954, 0.0698214, 0.10239, 0.111185, 0.182069, 0.201765, 0.404307, 0.522106, 1, 

29,146,0.001, 0.0234395, 0.0390873, 0.0460126, 0.10239, 0.209852, 0.273465, 0.273585, 0.353292, 0.369654, 0.849955, 1, 

30,142,0.001, 0.0234395, 0.0390873, 0.0460126, 0.10239, 0.111185, 0.134715, 0.142228, 0.147769, 0.164878, 0.182603, 0.226503, 0.233886, 0.288066, 0.60748, 1, 

27,161,0.001, 0.0528152, 0.0407183, 0.0698214, 0.10015, 0.111185, 0.218198, 0.235176, 0.404307, 1, 

34,127,0.001, 0.0485364, 0.0390873, 0.0460126, 0.10239, 0.111185, 0.134715, 0.201765, 0.147769, 0.164878, 0.182603, 0.226503, 0.233886, 0.501474, 0.815831, 0.833551, 0.774602, 0.85691, 0.960916, 1, 

Generation #18
31,135,0.001, 0.0234395, 0.0390873, 0.0460126, 0.10239, 0.111185, 0.134715, 0.142228, 0.147769, 0.164878, 0.182603, 0.90597, 0.75276, 0.85917, 0.972072, 0.999616, 1, 

27,161,0.001, 0.0528152, 0.0407183, 0.0698214, 0.10015, 0.111185, 0.218198, 0.235176, 0.404307, 1, 

34,127,0.001, 0.0485364, 0.0390873, 0.0460126, 0.10239, 0.111185, 0.134715, 0.201765, 0.147769, 0.164878, 0.182603, 0.226503, 0.233886, 0.501474, 0.815831, 0.833551, 0.774602, 0.85691, 0.960916, 1, 

26,176,0.001, 0.0254464, 0.0366954, 0.0460126, 0.10239, 0.111185, 0.182069, 0.215415, 0.215567, 1, 

28,140,0.001, 0.0416851, 0.0528152, 0.0407183, 0.0698214, 0.10015, 0.111185, 0.134715, 0.142228, 0.147769, 1, 

Generation #19
31,135,0.001, 0.0234395, 0.0390873, 0.0460126, 0.10239, 0.111185, 0.134715, 0.142228, 0.147769, 0.164878, 0.182603, 0.90597, 0.75276, 0.85917, 0.972072, 0.999616, 1, 

34,127,0.001, 0.0485364, 0.0390873, 0.0460126, 0.10239, 0.111185, 0.134715, 0.201765, 0.147769, 0.164878, 0.182603, 0.226503, 0.233886, 0.501474, 0.815831, 0.833551, 0.774602, 0.85691, 0.960916, 1, 

28,140,0.001, 0.0416851, 0.0528152, 0.0407183, 0.0698214, 0.10015, 0.111185, 0.134715, 0.142228, 0.147769, 1, 

33,132,0.001, 0.0462656, 0.0390873, 0.0460126, 0.10239, 0.111185, 0.134715, 0.142228, 0.147769, 0.164878, 0.182603, 0.226503, 0.233886, 0.288066, 0.436146, 0.999616, 1, 

25,158,0.001, 0.0462656, 0.0390873, 0.0460126, 0.10239, 0.111185, 0.182069, 0.215415, 0.215567, 1, 

Generation #20
31,135,0.001, 0.0234395, 0.0390873, 0.0460126, 0.10239, 0.111185, 0.134715, 0.142228, 0.147769, 0.164878, 0.182603, 0.90597, 0.75276, 0.85917, 0.972072, 0.999616, 1, 

28,140,0.001, 0.0416851, 0.0528152, 0.0407183, 0.0698214, 0.10015, 0.111185, 0.134715, 0.142228, 0.147769, 1, 

32,121,0.001, 0.0254464, 0.0390873, 0.0460126, 0.10239, 0.111185, 0.134715, 0.142228, 0.147769, 0.164878, 0.182603, 0.226503, 0.233886, 0.288066, 0.60748, 1, 

25,147,0.001, 0.0254464, 0.0390873, 0.0460126, 0.10239, 0.111185, 0.134715, 0.142228, 1, 

Generation #21
31,135,0.001, 0.0234395, 0.0390873, 0.0460126, 0.10239, 0.111185, 0.134715, 0.142228, 0.147769, 0.164878, 0.182603, 0.90597, 0.75276, 0.85917, 0.972072, 0.999616, 1, 

28,140,0.001, 0.0416851, 0.0528152, 0.0407183, 0.0698214, 0.10015, 0.111185, 0.134715, 0.142228, 0.147769, 1, 

32,121,0.001, 0.0254464, 0.0390873, 0.0460126, 0.10239, 0.111185, 0.134715, 0.142228, 0.147769, 0.164878, 0.182603, 0.226503, 0.233886, 0.288066, 0.60748, 1, 

25,147,0.001, 0.0254464, 0.0390873, 0.0460126, 0.10239, 0.111185, 0.134715, 0.142228, 1, 

Generation #22
31,135,0.001, 0.0234395, 0.0390873, 0.0460126, 0.10239, 0.111185, 0.134715, 0.142228, 0.147769, 0.164878, 0.182603, 0.90597, 0.75276, 0.85917, 0.972072, 0.999616, 1, 

32,121,0.001, 0.0254464, 0.0390873, 0.0460126, 0.10239, 0.111185, 0.134715, 0.142228, 0.147769, 0.164878, 0.182603, 0.226503, 0.233886, 0.288066, 0.60748, 1, 

25,147,0.001, 0.0254464, 0.0390873, 0.0460126, 0.10239, 0.111185, 0.134715, 0.142228, 1, 

28,136,0.001, 0.0254464, 0.0390873, 0.0460126, 0.10239, 0.111185, 0.134715, 0.142228, 0.147769, 0.522106, 1, 

Generation #23
32,121,0.001, 0.0254464, 0.0390873, 0.0460126, 0.10239, 0.111185, 0.134715, 0.142228, 0.147769, 0.164878, 0.182603, 0.226503, 0.233886, 0.288066, 0.60748, 1, 

25,147,0.001, 0.0254464, 0.0390873, 0.0460126, 0.10239, 0.111185, 0.134715, 0.142228, 1, 

28,136,0.001, 0.0254464, 0.0390873, 0.0460126, 0.10239, 0.111185, 0.134715, 0.142228, 0.147769, 0.522106, 1, 

29,128,0.001, 0.0254464, 0.0396372, 0.0390873, 0.0460126, 0.10239, 0.111185, 0.134715, 0.142228, 1, 

Generation #24
32,121,0.001, 0.0254464, 0.0390873, 0.0460126, 0.10239, 0.111185, 0.134715, 0.142228, 0.147769, 0.164878, 0.182603, 0.226503, 0.233886, 0.288066, 0.60748, 1, 

25,147,0.001, 0.0254464, 0.0390873, 0.0460126, 0.10239, 0.111185, 0.134715, 0.142228, 1, 

28,136,0.001, 0.0254464, 0.0390873, 0.0460126, 0.10239, 0.111185, 0.134715, 0.142228, 0.147769, 0.522106, 1, 

29,128,0.001, 0.0254464, 0.0396372, 0.0390873, 0.0460126, 0.10239, 0.111185, 0.134715, 0.142228, 1, 

Generation #25
32,121,0.001, 0.0254464, 0.0390873, 0.0460126, 0.10239, 0.111185, 0.134715, 0.142228, 0.147769, 0.164878, 0.182603, 0.226503, 0.233886, 0.288066, 0.60748, 1, 

25,147,0.001, 0.0254464, 0.0390873, 0.0460126, 0.10239, 0.111185, 0.134715, 0.142228, 1, 

28,136,0.001, 0.0254464, 0.0390873, 0.0460126, 0.10239, 0.111185, 0.134715, 0.142228, 0.147769, 0.522106, 1, 

29,128,0.001, 0.0254464, 0.0396372, 0.0390873, 0.0460126, 0.10239, 0.111185, 0.134715, 0.142228, 1, 

27,139,0.001, 0.0254464, 0.0390873, 0.0460126, 0.10239, 0.111185, 0.134715, 0.142228, 0.147769, 1, 

Generation #26
32,121,0.001, 0.0254464, 0.0390873, 0.0460126, 0.10239, 0.111185, 0.134715, 0.142228, 0.147769, 0.164878, 0.182603, 0.226503, 0.233886, 0.288066, 0.60748, 1, 

25,147,0.001, 0.0254464, 0.0390873, 0.0460126, 0.10239, 0.111185, 0.134715, 0.142228, 1, 

28,136,0.001, 0.0254464, 0.0390873, 0.0460126, 0.10239, 0.111185, 0.134715, 0.142228, 0.147769, 0.522106, 1, 

29,128,0.001, 0.0254464, 0.0396372, 0.0390873, 0.0460126, 0.10239, 0.111185, 0.134715, 0.142228, 1, 

27,139,0.001, 0.0254464, 0.0390873, 0.0460126, 0.10239, 0.111185, 0.134715, 0.142228, 0.147769, 1, 

43,118,0.001, 0.0234395, 0.0390873, 0.0460126, 0.10239, 0.111185, 0.142228, 0.147769, 0.164878, 0.164878, 0.182603, 0.226503, 0.233886, 0.288066, 0.436146, 0.494666, 0.552769, 0.560013, 0.560173, 0.589613, 0.739437, 0.740977, 0.79267, 0.822098, 0.937526, 0.967304, 1, 

Generation #27
32,121,0.001, 0.0254464, 0.0390873, 0.0460126, 0.10239, 0.111185, 0.134715, 0.142228, 0.147769, 0.164878, 0.182603, 0.226503, 0.233886, 0.288066, 0.60748, 1, 

25,147,0.001, 0.0254464, 0.0390873, 0.0460126, 0.10239, 0.111185, 0.134715, 0.142228, 1, 

28,136,0.001, 0.0254464, 0.0390873, 0.0460126, 0.10239, 0.111185, 0.134715, 0.142228, 0.147769, 0.522106, 1, 

29,128,0.001, 0.0254464, 0.0396372, 0.0390873, 0.0460126, 0.10239, 0.111185, 0.134715, 0.142228, 1, 

27,139,0.001, 0.0254464, 0.0390873, 0.0460126, 0.10239, 0.111185, 0.134715, 0.142228, 0.147769, 1, 

43,118,0.001, 0.0234395, 0.0390873, 0.0460126, 0.10239, 0.111185, 0.142228, 0.147769, 0.164878, 0.164878, 0.182603, 0.226503, 0.233886, 0.288066, 0.436146, 0.494666, 0.552769, 0.560013, 0.560173, 0.589613, 0.739437, 0.740977, 0.79267, 0.822098, 0.937526, 0.967304, 1, 

Generation #28
25,147,0.001, 0.0254464, 0.0390873, 0.0460126, 0.10239, 0.111185, 0.134715, 0.142228, 1, 

26,118,0.001, 0.0254464, 0.0366954, 0.0460126, 0.10239, 0.111185, 0.134715, 0.134715, 0.142228, 0.147769, 1, 

Generation #29
25,147,0.001, 0.0254464, 0.0390873, 0.0460126, 0.10239, 0.111185, 0.134715, 0.142228, 1, 

26,118,0.001, 0.0254464, 0.0366954, 0.0460126, 0.10239, 0.111185, 0.134715, 0.134715, 0.142228, 0.147769, 1, 

Generation #30
25,147,0.001, 0.0254464, 0.0390873, 0.0460126, 0.10239, 0.111185, 0.134715, 0.142228, 1, 

26,118,0.001, 0.0254464, 0.0366954, 0.0460126, 0.10239, 0.111185, 0.134715, 0.134715, 0.142228, 0.147769, 1, 

Generation #31
25,147,0.001, 0.0254464, 0.0390873, 0.0460126, 0.10239, 0.111185, 0.134715, 0.142228, 1, 

26,118,0.001, 0.0254464, 0.0366954, 0.0460126, 0.10239, 0.111185, 0.134715, 0.134715, 0.142228, 0.147769, 1, 

Generation #32
25,147,0.001, 0.0254464, 0.0390873, 0.0460126, 0.10239, 0.111185, 0.134715, 0.142228, 1, 

26,118,0.001, 0.0254464, 0.0366954, 0.0460126, 0.10239, 0.111185, 0.134715, 0.134715, 0.142228, 0.147769, 1, 

Generation #33
25,147,0.001, 0.0254464, 0.0390873, 0.0460126, 0.10239, 0.111185, 0.134715, 0.142228, 1, 

26,118,0.001, 0.0254464, 0.0366954, 0.0460126, 0.10239, 0.111185, 0.134715, 0.134715, 0.142228, 0.147769, 1, 

Generation #34
25,147,0.001, 0.0254464, 0.0390873, 0.0460126, 0.10239, 0.111185, 0.134715, 0.142228, 1, 

26,118,0.001, 0.0254464, 0.0366954, 0.0460126, 0.10239, 0.111185, 0.134715, 0.134715, 0.142228, 0.147769, 1, 

Generation #35
25,147,0.001, 0.0254464, 0.0390873, 0.0460126, 0.10239, 0.111185, 0.134715, 0.142228, 1, 

26,118,0.001, 0.0254464, 0.0366954, 0.0460126, 0.10239, 0.111185, 0.134715, 0.134715, 0.142228, 0.147769, 1, 

Generation #36
25,147,0.001, 0.0254464, 0.0390873, 0.0460126, 0.10239, 0.111185, 0.134715, 0.142228, 1, 

26,118,0.001, 0.0254464, 0.0366954, 0.0460126, 0.10239, 0.111185, 0.134715, 0.134715, 0.142228, 0.147769, 1, 

Generation #37
25,147,0.001, 0.0254464, 0.0390873, 0.0460126, 0.10239, 0.111185, 0.134715, 0.142228, 1, 

26,118,0.001, 0.0254464, 0.0366954, 0.0460126, 0.10239, 0.111185, 0.134715, 0.134715, 0.142228, 0.147769, 1, 

24,249,0.001, 0.0462656, 0.0390873, 0.0460126, 0.10239, 0.111185, 0.218198, 0.235176, 0.404307, 1, 

Generation #38
25,147,0.001, 0.0254464, 0.0390873, 0.0460126, 0.10239, 0.111185, 0.134715, 0.142228, 1, 

26,118,0.001, 0.0254464, 0.0366954, 0.0460126, 0.10239, 0.111185, 0.134715, 0.134715, 0.142228, 0.147769, 1, 

24,249,0.001, 0.0462656, 0.0390873, 0.0460126, 0.10239, 0.111185, 0.218198, 0.235176, 0.404307, 1, 

Generation #39
25,147,0.001, 0.0254464, 0.0390873, 0.0460126, 0.10239, 0.111185, 0.134715, 0.142228, 1, 

26,118,0.001, 0.0254464, 0.0366954, 0.0460126, 0.10239, 0.111185, 0.134715, 0.134715, 0.142228, 0.147769, 1, 

24,249,0.001, 0.0462656, 0.0390873, 0.0460126, 0.10239, 0.111185, 0.218198, 0.235176, 0.404307, 1, 

Generation #40
26,118,0.001, 0.0254464, 0.0366954, 0.0460126, 0.10239, 0.111185, 0.134715, 0.134715, 0.142228, 0.147769, 1, 

24,146,0.001, 0.0462656, 0.0390873, 0.0460126, 0.10239, 0.111185, 0.182069, 0.404307, 0.522106, 1, 

Generation #41
26,118,0.001, 0.0254464, 0.0366954, 0.0460126, 0.10239, 0.111185, 0.134715, 0.134715, 0.142228, 0.147769, 1, 

24,146,0.001, 0.0462656, 0.0390873, 0.0460126, 0.10239, 0.111185, 0.182069, 0.404307, 0.522106, 1, 

Generation #42
26,118,0.001, 0.0254464, 0.0366954, 0.0460126, 0.10239, 0.111185, 0.134715, 0.134715, 0.142228, 0.147769, 1, 

24,146,0.001, 0.0462656, 0.0390873, 0.0460126, 0.10239, 0.111185, 0.182069, 0.404307, 0.522106, 1, 

Generation #43
26,118,0.001, 0.0254464, 0.0366954, 0.0460126, 0.10239, 0.111185, 0.134715, 0.134715, 0.142228, 0.147769, 1, 

24,146,0.001, 0.0462656, 0.0390873, 0.0460126, 0.10239, 0.111185, 0.182069, 0.404307, 0.522106, 1, 

Generation #44
26,118,0.001, 0.0254464, 0.0366954, 0.0460126, 0.10239, 0.111185, 0.134715, 0.134715, 0.142228, 0.147769, 1, 

24,146,0.001, 0.0462656, 0.0390873, 0.0460126, 0.10239, 0.111185, 0.182069, 0.404307, 0.522106, 1, 

Generation #45
26,118,0.001, 0.0254464, 0.0366954, 0.0460126, 0.10239, 0.111185, 0.134715, 0.134715, 0.142228, 0.147769, 1, 

24,146,0.001, 0.0462656, 0.0390873, 0.0460126, 0.10239, 0.111185, 0.182069, 0.404307, 0.522106, 1, 

Generation #46
26,118,0.001, 0.0254464, 0.0366954, 0.0460126, 0.10239, 0.111185, 0.134715, 0.134715, 0.142228, 0.147769, 1, 

24,146,0.001, 0.0462656, 0.0390873, 0.0460126, 0.10239, 0.111185, 0.182069, 0.404307, 0.522106, 1, 

Generation #47
26,118,0.001, 0.0254464, 0.0366954, 0.0460126, 0.10239, 0.111185, 0.134715, 0.134715, 0.142228, 0.147769, 1, 

24,146,0.001, 0.0462656, 0.0390873, 0.0460126, 0.10239, 0.111185, 0.182069, 0.404307, 0.522106, 1, 

Generation #48
26,118,0.001, 0.0254464, 0.0366954, 0.0460126, 0.10239, 0.111185, 0.134715, 0.134715, 0.142228, 0.147769, 1, 

24,146,0.001, 0.0462656, 0.0390873, 0.0460126, 0.10239, 0.111185, 0.182069, 0.404307, 0.522106, 1, 

Generation #49
26,118,0.001, 0.0254464, 0.0366954, 0.0460126, 0.10239, 0.111185, 0.134715, 0.134715, 0.142228, 0.147769, 1, 

24,146,0.001, 0.0462656, 0.0390873, 0.0460126, 0.10239, 0.111185, 0.182069, 0.404307, 0.522106, 1, 

--- Pareto Front Solutions ---
Solution 0: N total=66 (N_initial=40, N_added=26), Time total=138 ms, Saved to: ./results/SPINV_t2_l1_pareto_0.csv, percents=0.001, 0.0254464, 0.0366954, 0.0460126, 0.10239, 0.111185, 0.134715, 0.134715, 0.142228, 0.147769, 1, 

Solution 1: N total=64 (N_initial=40, N_added=24), Time total=166 ms, Saved to: ./results/SPINV_t2_l1_pareto_1.csv, percents=0.001, 0.0462656, 0.0390873, 0.0460126, 0.10239, 0.111185, 0.182069, 0.404307, 0.522106, 1, 

------------d=1, t=2, lambda=2, filename=./evaluation/SPINV/SPINV_2_2.csv------------
Computing partitioned counts of d-sets...
Ready to look at pairs based on partitioned counts...
First Stage N=56, Time=16
There are 109 remaining non-locating pairs
--- Running GA Algorithm (phase2) ---
Running GA with std::execution::par
Generation #0
26,28,0.001, 0.0465404, 0.0496706, 0.0726251, 0.129849, 0.165836, 0.215645, 0.309877, 0.349739, 0.543907, 0.696163, 0.713287, 0.734252, 0.75987, 0.923959, 1, 

Generation #1
26,28,0.001, 0.0465404, 0.0496706, 0.0726251, 0.129849, 0.165836, 0.215645, 0.309877, 0.349739, 0.543907, 0.696163, 0.713287, 0.734252, 0.75987, 0.923959, 1, 

31,27,0.001, 0.0465404, 0.0496706, 0.0726251, 0.129849, 0.165836, 0.215645, 0.309877, 0.349739, 0.543907, 0.696163, 0.713287, 0.734252, 0.930901, 1, 

Generation #2
26,28,0.001, 0.0465404, 0.0496706, 0.0726251, 0.129849, 0.165836, 0.215645, 0.309877, 0.349739, 0.543907, 0.696163, 0.713287, 0.734252, 0.75987, 0.923959, 1, 

31,27,0.001, 0.0465404, 0.0496706, 0.0726251, 0.129849, 0.165836, 0.215645, 0.309877, 0.349739, 0.543907, 0.696163, 0.713287, 0.734252, 0.930901, 1, 

44,20,0.001, 0.0336992, 0.0506998, 0.0969995, 0.0988483, 0.0997735, 0.134348, 0.169485, 0.169495, 0.175664, 0.241333, 0.245262, 0.273249, 0.294168, 0.300118, 0.342457, 0.342604, 0.352049, 0.392947, 0.537184, 0.542241, 0.551712, 0.598338, 0.622259, 0.641099, 0.681829, 0.825023, 0.901527, 0.99462, 0.998078, 1, 

Generation #3
26,28,0.001, 0.0465404, 0.0496706, 0.0726251, 0.129849, 0.165836, 0.215645, 0.309877, 0.349739, 0.543907, 0.696163, 0.713287, 0.734252, 0.75987, 0.923959, 1, 

31,27,0.001, 0.0465404, 0.0496706, 0.0726251, 0.129849, 0.165836, 0.215645, 0.309877, 0.349739, 0.543907, 0.696163, 0.713287, 0.734252, 0.930901, 1, 

44,20,0.001, 0.0336992, 0.0506998, 0.0969995, 0.0988483, 0.0997735, 0.134348, 0.169485, 0.169495, 0.175664, 0.241333, 0.245262, 0.273249, 0.294168, 0.300118, 0.342457, 0.342604, 0.352049, 0.392947, 0.537184, 0.542241, 0.551712, 0.598338, 0.622259, 0.641099, 0.681829, 0.825023, 0.901527, 0.99462, 0.998078, 1, 

24,91,0.001, 0.138061, 0.185492, 0.129349, 0.136308, 0.170204, 0.200591, 0.423858, 0.467484, 0.506899, 0.771555, 1, 

Generation #4
44,20,0.001, 0.0336992, 0.0506998, 0.0969995, 0.0988483, 0.0997735, 0.134348, 0.169485, 0.169495, 0.175664, 0.241333, 0.245262, 0.273249, 0.294168, 0.300118, 0.342457, 0.342604, 0.352049, 0.392947, 0.537184, 0.542241, 0.551712, 0.598338, 0.622259, 0.641099, 0.681829, 0.825023, 0.901527, 0.99462, 0.998078, 1, 

22,28,0.001, 0.0346609, 0.04978, 0.0626734, 0.0648627, 0.292517, 0.237185, 0.247364, 0.458461, 0.507229, 0.962385, 1, 

29,27,0.001, 0.0346609, 0.04978, 0.0626734, 0.0648627, 0.14815, 0.18047, 0.229564, 0.233302, 0.204719, 0.266733, 0.362873, 0.543162, 1, 

Generation #5
22,28,0.001, 0.0346609, 0.04978, 0.0626734, 0.0648627, 0.292517, 0.237185, 0.247364, 0.458461, 0.507229, 0.962385, 1, 

26,25,0.001, 0.0463675, 0.0680224, 0.0708671, 0.0888235, 0.106211, 0.224014, 0.229564, 0.233302, 0.266733, 0.536954, 1, 

37,20,0.001, 0.0376328, 0.0580398, 0.061124, 0.0623006, 0.0769387, 0.10592, 0.139901, 0.146684, 0.151725, 0.173023, 0.283963, 0.410046, 0.561053, 0.599256, 0.603693, 0.674393, 0.689445, 0.718973, 0.730257, 0.828805, 0.93517, 0.939114, 0.944798, 0.96142, 1, 

Generation #6
22,28,0.001, 0.0346609, 0.04978, 0.0626734, 0.0648627, 0.292517, 0.237185, 0.247364, 0.458461, 0.507229, 0.962385, 1, 

26,25,0.001, 0.0463675, 0.0680224, 0.0708671, 0.0888235, 0.106211, 0.224014, 0.229564, 0.233302, 0.266733, 0.536954, 1, 

37,20,0.001, 0.0376328, 0.0580398, 0.061124, 0.0623006, 0.0769387, 0.10592, 0.139901, 0.146684, 0.151725, 0.173023, 0.283963, 0.410046, 0.561053, 0.599256, 0.603693, 0.674393, 0.689445, 0.718973, 0.730257, 0.828805, 0.93517, 0.939114, 0.944798, 0.96142, 1, 

Generation #7
22,28,0.001, 0.0346609, 0.04978, 0.0626734, 0.0648627, 0.292517, 0.237185, 0.247364, 0.458461, 0.507229, 0.962385, 1, 

26,25,0.001, 0.0463675, 0.0680224, 0.0708671, 0.0888235, 0.106211, 0.224014, 0.229564, 0.233302, 0.266733, 0.536954, 1, 

33,16,0.001, 0.0463675, 0.0680224, 0.0708671, 0.0888235, 0.0997735, 0.134348, 0.169485, 0.169495, 0.175664, 0.241333, 0.245262, 0.266212, 0.294168, 0.300118, 0.342457, 0.342604, 0.352049, 0.392947, 0.498341, 0.531781, 0.621146, 0.638267, 0.776537, 1, 

Generation #8
22,28,0.001, 0.0346609, 0.04978, 0.0626734, 0.0648627, 0.292517, 0.237185, 0.247364, 0.458461, 0.507229, 0.962385, 1, 

33,16,0.001, 0.0463675, 0.0680224, 0.0708671, 0.0888235, 0.0997735, 0.134348, 0.169485, 0.169495, 0.175664, 0.241333, 0.245262, 0.266212, 0.294168, 0.300118, 0.342457, 0.342604, 0.352049, 0.392947, 0.498341, 0.531781, 0.621146, 0.638267, 0.776537, 1, 

24,22,0.001, 0.0346609, 0.04978, 0.0626734, 0.0648627, 0.292517, 0.237185, 0.247364, 0.458461, 0.507229, 1, 

31,19,0.001, 0.0376328, 0.0580398, 0.061124, 0.0623006, 0.0769387, 0.10592, 0.139901, 0.146684, 0.151725, 0.266733, 0.362873, 0.543162, 1, 

Generation #9
22,28,0.001, 0.0346609, 0.04978, 0.0626734, 0.0648627, 0.292517, 0.237185, 0.247364, 0.458461, 0.507229, 0.962385, 1, 

33,16,0.001, 0.0463675, 0.0680224, 0.0708671, 0.0888235, 0.0997735, 0.134348, 0.169485, 0.169495, 0.175664, 0.241333, 0.245262, 0.266212, 0.294168, 0.300118, 0.342457, 0.342604, 0.352049, 0.392947, 0.498341, 0.531781, 0.621146, 0.638267, 0.776537, 1, 

24,22,0.001, 0.0346609, 0.04978, 0.0626734, 0.0648627, 0.292517, 0.237185, 0.247364, 0.458461, 0.507229, 1, 

31,19,0.001, 0.0376328, 0.0580398, 0.061124, 0.0623006, 0.0769387, 0.10592, 0.139901, 0.146684, 0.151725, 0.266733, 0.362873, 0.543162, 1, 

23,25,0.001, 0.0336992, 0.0506998, 0.113541, 0.117113, 0.12324, 0.209524, 0.214935, 0.215349, 1, 

Generation #10
22,28,0.001, 0.0346609, 0.04978, 0.0626734, 0.0648627, 0.292517, 0.237185, 0.247364, 0.458461, 0.507229, 0.962385, 1, 

33,16,0.001, 0.0463675, 0.0680224, 0.0708671, 0.0888235, 0.0997735, 0.134348, 0.169485, 0.169495, 0.175664, 0.241333, 0.245262, 0.266212, 0.294168, 0.300118, 0.342457, 0.342604, 0.352049, 0.392947, 0.498341, 0.531781, 0.621146, 0.638267, 0.776537, 1, 

24,22,0.001, 0.0346609, 0.04978, 0.0626734, 0.0648627, 0.292517, 0.237185, 0.247364, 0.458461, 0.507229, 1, 

31,19,0.001, 0.0376328, 0.0580398, 0.061124, 0.0623006, 0.0769387, 0.10592, 0.139901, 0.146684, 0.151725, 0.266733, 0.362873, 0.543162, 1, 

23,25,0.001, 0.0336992, 0.0506998, 0.113541, 0.117113, 0.12324, 0.209524, 0.214935, 0.215349, 1, 

Generation #11
22,28,0.001, 0.0346609, 0.04978, 0.0626734, 0.0648627, 0.292517, 0.237185, 0.247364, 0.458461, 0.507229, 0.962385, 1, 

33,16,0.001, 0.0463675, 0.0680224, 0.0708671, 0.0888235, 0.0997735, 0.134348, 0.169485, 0.169495, 0.175664, 0.241333, 0.245262, 0.266212, 0.294168, 0.300118, 0.342457, 0.342604, 0.352049, 0.392947, 0.498341, 0.531781, 0.621146, 0.638267, 0.776537, 1, 

24,22,0.001, 0.0346609, 0.04978, 0.0626734, 0.0648627, 0.292517, 0.237185, 0.247364, 0.458461, 0.507229, 1, 

31,19,0.001, 0.0376328, 0.0580398, 0.061124, 0.0623006, 0.0769387, 0.10592, 0.139901, 0.146684, 0.151725, 0.266733, 0.362873, 0.543162, 1, 

23,25,0.001, 0.0336992, 0.0506998, 0.113541, 0.117113, 0.12324, 0.209524, 0.214935, 0.215349, 1, 

Generation #12
22,28,0.001, 0.0346609, 0.04978, 0.0626734, 0.0648627, 0.292517, 0.237185, 0.247364, 0.458461, 0.507229, 0.962385, 1, 

33,16,0.001, 0.0463675, 0.0680224, 0.0708671, 0.0888235, 0.0997735, 0.134348, 0.169485, 0.169495, 0.175664, 0.241333, 0.245262, 0.266212, 0.294168, 0.300118, 0.342457, 0.342604, 0.352049, 0.392947, 0.498341, 0.531781, 0.621146, 0.638267, 0.776537, 1, 

24,22,0.001, 0.0346609, 0.04978, 0.0626734, 0.0648627, 0.292517, 0.237185, 0.247364, 0.458461, 0.507229, 1, 

31,19,0.001, 0.0376328, 0.0580398, 0.061124, 0.0623006, 0.0769387, 0.10592, 0.139901, 0.146684, 0.151725, 0.266733, 0.362873, 0.543162, 1, 

23,25,0.001, 0.0336992, 0.0506998, 0.113541, 0.117113, 0.12324, 0.209524, 0.214935, 0.215349, 1, 

Generation #13
22,28,0.001, 0.0346609, 0.04978, 0.0626734, 0.0648627, 0.292517, 0.237185, 0.247364, 0.458461, 0.507229, 0.962385, 1, 

33,16,0.001, 0.0463675, 0.0680224, 0.0708671, 0.0888235, 0.0997735, 0.134348, 0.169485, 0.169495, 0.175664, 0.241333, 0.245262, 0.266212, 0.294168, 0.300118, 0.342457, 0.342604, 0.352049, 0.392947, 0.498341, 0.531781, 0.621146, 0.638267, 0.776537, 1, 

24,22,0.001, 0.0346609, 0.04978, 0.0626734, 0.0648627, 0.292517, 0.237185, 0.247364, 0.458461, 0.507229, 1, 

31,19,0.001, 0.0376328, 0.0580398, 0.061124, 0.0623006, 0.0769387, 0.10592, 0.139901, 0.146684, 0.151725, 0.266733, 0.362873, 0.543162, 1, 

23,25,0.001, 0.0336992, 0.0506998, 0.113541, 0.117113, 0.12324, 0.209524, 0.214935, 0.215349, 1, 

Generation #14
22,28,0.001, 0.0346609, 0.04978, 0.0626734, 0.0648627, 0.292517, 0.237185, 0.247364, 0.458461, 0.507229, 0.962385, 1, 

33,16,0.001, 0.0463675, 0.0680224, 0.0708671, 0.0888235, 0.0997735, 0.134348, 0.169485, 0.169495, 0.175664, 0.241333, 0.245262, 0.266212, 0.294168, 0.300118, 0.342457, 0.342604, 0.352049, 0.392947, 0.498341, 0.531781, 0.621146, 0.638267, 0.776537, 1, 

24,22,0.001, 0.0346609, 0.04978, 0.0626734, 0.0648627, 0.292517, 0.237185, 0.247364, 0.458461, 0.507229, 1, 

31,19,0.001, 0.0376328, 0.0580398, 0.061124, 0.0623006, 0.0769387, 0.10592, 0.139901, 0.146684, 0.151725, 0.266733, 0.362873, 0.543162, 1, 

23,25,0.001, 0.0336992, 0.0506998, 0.113541, 0.117113, 0.12324, 0.209524, 0.214935, 0.215349, 1, 

35,13,0.001, 0.0221471, 0.0295447, 0.061124, 0.0623006, 0.0769387, 0.10592, 0.139901, 0.146684, 0.151725, 0.173023, 0.283963, 0.410046, 0.561053, 0.300118, 0.342457, 0.342604, 0.352049, 0.498341, 0.531781, 0.621146, 0.638267, 0.776537, 1, 

Generation #15
33,16,0.001, 0.0463675, 0.0680224, 0.0708671, 0.0888235, 0.0997735, 0.134348, 0.169485, 0.169495, 0.175664, 0.241333, 0.245262, 0.266212, 0.294168, 0.300118, 0.342457, 0.342604, 0.352049, 0.392947, 0.498341, 0.531781, 0.621146, 0.638267, 0.776537, 1, 

24,22,0.001, 0.0346609, 0.04978, 0.0626734, 0.0648627, 0.292517, 0.237185, 0.247364, 0.458461, 0.507229, 1, 

31,19,0.001, 0.0376328, 0.0580398, 0.061124, 0.0623006, 0.0769387, 0.10592, 0.139901, 0.146684, 0.151725, 0.266733, 0.362873, 0.543162, 1, 

23,25,0.001, 0.0336992, 0.0506998, 0.113541, 0.117113, 0.12324, 0.209524, 0.214935, 0.215349, 1, 

35,13,0.001, 0.0221471, 0.0295447, 0.061124, 0.0623006, 0.0769387, 0.10592, 0.139901, 0.146684, 0.151725, 0.173023, 0.283963, 0.410046, 0.561053, 0.300118, 0.342457, 0.342604, 0.352049, 0.498341, 0.531781, 0.621146, 0.638267, 0.776537, 1, 

22,27,0.001, 0.0376328, 0.0580398, 0.061124, 0.0623006, 0.0769387, 0.10592, 0.229564, 0.233302, 0.204719, 0.266733, 0.362873, 0.543162, 1, 

Generation #16
33,16,0.001, 0.0463675, 0.0680224, 0.0708671, 0.0888235, 0.0997735, 0.134348, 0.169485, 0.169495, 0.175664, 0.241333, 0.245262, 0.266212, 0.294168, 0.300118, 0.342457, 0.342604, 0.352049, 0.392947, 0.498341, 0.531781, 0.621146, 0.638267, 0.776537, 1, 

24,22,0.001, 0.0346609, 0.04978, 0.0626734, 0.0648627, 0.292517, 0.237185, 0.247364, 0.458461, 0.507229, 1, 

23,25,0.001, 0.0336992, 0.0506998, 0.113541, 0.117113, 0.12324, 0.209524, 0.214935, 0.215349, 1, 

35,13,0.001, 0.0221471, 0.0295447, 0.061124, 0.0623006, 0.0769387, 0.10592, 0.139901, 0.146684, 0.151725, 0.173023, 0.283963, 0.410046, 0.561053, 0.300118, 0.342457, 0.342604, 0.352049, 0.498341, 0.531781, 0.621146, 0.638267, 0.776537, 1, 

22,27,0.001, 0.0376328, 0.0580398, 0.061124, 0.0623006, 0.0769387, 0.10592, 0.229564, 0.233302, 0.204719, 0.266733, 0.362873, 0.543162, 1, 

25,19,0.001, 0.0346609, 0.04978, 0.061124, 0.0623006, 0.0769387, 0.10592, 0.229564, 0.233302, 0.204719, 0.266733, 0.362873, 0.543162, 1, 

Generation #17
33,16,0.001, 0.0463675, 0.0680224, 0.0708671, 0.0888235, 0.0997735, 0.134348, 0.169485, 0.169495, 0.175664, 0.241333, 0.245262, 0.266212, 0.294168, 0.300118, 0.342457, 0.342604, 0.352049, 0.392947, 0.498341, 0.531781, 0.621146, 0.638267, 0.776537, 1, 

24,22,0.001, 0.0346609, 0.04978, 0.0626734, 0.0648627, 0.292517, 0.237185, 0.247364, 0.458461, 0.507229, 1, 

23,25,0.001, 0.0336992, 0.0506998, 0.113541, 0.117113, 0.12324, 0.209524, 0.214935, 0.215349, 1, 

35,13,0.001, 0.0221471, 0.0295447, 0.061124, 0.0623006, 0.0769387, 0.10592, 0.139901, 0.146684, 0.151725, 0.173023, 0.283963, 0.410046, 0.561053, 0.300118, 0.342457, 0.342604, 0.352049, 0.498341, 0.531781, 0.621146, 0.638267, 0.776537, 1, 

22,27,0.001, 0.0376328, 0.0580398, 0.061124, 0.0623006, 0.0769387, 0.10592, 0.229564, 0.233302, 0.204719, 0.266733, 0.362873, 0.543162, 1, 

25,19,0.001, 0.0346609, 0.04978, 0.061124, 0.0623006, 0.0769387, 0.10592, 0.229564, 0.233302, 0.204719, 0.266733, 0.362873, 0.543162, 1, 

Generation #18
33,16,0.001, 0.0463675, 0.0680224, 0.0708671, 0.0888235, 0.0997735, 0.134348, 0.169485, 0.169495, 0.175664, 0.241333, 0.245262, 0.266212, 0.294168, 0.300118, 0.342457, 0.342604, 0.352049, 0.392947, 0.498341, 0.531781, 0.621146, 0.638267, 0.776537, 1, 

24,22,0.001, 0.0346609, 0.04978, 0.0626734, 0.0648627, 0.292517, 0.237185, 0.247364, 0.458461, 0.507229, 1, 

23,25,0.001, 0.0336992, 0.0506998, 0.113541, 0.117113, 0.12324, 0.209524, 0.214935, 0.215349, 1, 

35,13,0.001, 0.0221471, 0.0295447, 0.061124, 0.0623006, 0.0769387, 0.10592, 0.139901, 0.146684, 0.151725, 0.173023, 0.283963, 0.410046, 0.561053, 0.300118, 0.342457, 0.342604, 0.352049, 0.498341, 0.531781, 0.621146, 0.638267, 0.776537, 1, 

22,27,0.001, 0.0376328, 0.0580398, 0.061124, 0.0623006, 0.0769387, 0.10592, 0.229564, 0.233302, 0.204719, 0.266733, 0.362873, 0.543162, 1, 

25,19,0.001, 0.0346609, 0.04978, 0.061124, 0.0623006, 0.0769387, 0.10592, 0.229564, 0.233302, 0.204719, 0.266733, 0.362873, 0.543162, 1, 

Generation #19
33,16,0.001, 0.0463675, 0.0680224, 0.0708671, 0.0888235, 0.0997735, 0.134348, 0.169485, 0.169495, 0.175664, 0.241333, 0.245262, 0.266212, 0.294168, 0.300118, 0.342457, 0.342604, 0.352049, 0.392947, 0.498341, 0.531781, 0.621146, 0.638267, 0.776537, 1, 

24,22,0.001, 0.0346609, 0.04978, 0.0626734, 0.0648627, 0.292517, 0.237185, 0.247364, 0.458461, 0.507229, 1, 

35,13,0.001, 0.0221471, 0.0295447, 0.061124, 0.0623006, 0.0769387, 0.10592, 0.139901, 0.146684, 0.151725, 0.173023, 0.283963, 0.410046, 0.561053, 0.300118, 0.342457, 0.342604, 0.352049, 0.498341, 0.531781, 0.621146, 0.638267, 0.776537, 1, 

22,27,0.001, 0.0376328, 0.0580398, 0.061124, 0.0623006, 0.0769387, 0.10592, 0.229564, 0.233302, 0.204719, 0.266733, 0.362873, 0.543162, 1, 

25,19,0.001, 0.0346609, 0.04978, 0.061124, 0.0623006, 0.0769387, 0.10592, 0.229564, 0.233302, 0.204719, 0.266733, 0.362873, 0.543162, 1, 

23,24,0.001, 0.0336992, 0.0506998, 0.0969995, 0.0988483, 0.106211, 0.224014, 0.229564, 0.233302, 0.266733, 0.536954, 1, 

Generation #20
33,16,0.001, 0.0463675, 0.0680224, 0.0708671, 0.0888235, 0.0997735, 0.134348, 0.169485, 0.169495, 0.175664, 0.241333, 0.245262, 0.266212, 0.294168, 0.300118, 0.342457, 0.342604, 0.352049, 0.392947, 0.498341, 0.531781, 0.621146, 0.638267, 0.776537, 1, 

24,22,0.001, 0.0346609, 0.04978, 0.0626734, 0.0648627, 0.292517, 0.237185, 0.247364, 0.458461, 0.507229, 1, 

35,13,0.001, 0.0221471, 0.0295447, 0.061124, 0.0623006, 0.0769387, 0.10592, 0.139901, 0.146684, 0.151725, 0.173023, 0.283963, 0.410046, 0.561053, 0.300118, 0.342457, 0.342604, 0.352049, 0.498341, 0.531781, 0.621146, 0.638267, 0.776537, 1, 

22,27,0.001, 0.0376328, 0.0580398, 0.061124, 0.0623006, 0.0769387, 0.10592, 0.229564, 0.233302, 0.204719, 0.266733, 0.362873, 0.543162, 1, 

25,19,0.001, 0.0346609, 0.04978, 0.061124, 0.0623006, 0.0769387, 0.10592, 0.229564, 0.233302, 0.204719, 0.266733, 0.362873, 0.543162, 1, 

23,24,0.001, 0.0336992, 0.0506998, 0.0969995, 0.0988483, 0.106211, 0.224014, 0.229564, 0.233302, 0.266733, 0.536954, 1, 

Generation #21
33,16,0.001, 0.0463675, 0.0680224, 0.0708671, 0.0888235, 0.0997735, 0.134348, 0.169485, 0.169495, 0.175664, 0.241333, 0.245262, 0.266212, 0.294168, 0.300118, 0.342457, 0.342604, 0.352049, 0.392947, 0.498341, 0.531781, 0.621146, 0.638267, 0.776537, 1, 

24,22,0.001, 0.0346609, 0.04978, 0.0626734, 0.0648627, 0.292517, 0.237185, 0.247364, 0.458461, 0.507229, 1, 

35,13,0.001, 0.0221471, 0.0295447, 0.061124, 0.0623006, 0.0769387, 0.10592, 0.139901, 0.146684, 0.151725, 0.173023, 0.283963, 0.410046, 0.561053, 0.300118, 0.342457, 0.342604, 0.352049, 0.498341, 0.531781, 0.621146, 0.638267, 0.776537, 1, 

22,27,0.001, 0.0376328, 0.0580398, 0.061124, 0.0623006, 0.0769387, 0.10592, 0.229564, 0.233302, 0.204719, 0.266733, 0.362873, 0.543162, 1, 

25,19,0.001, 0.0346609, 0.04978, 0.061124, 0.0623006, 0.0769387, 0.10592, 0.229564, 0.233302, 0.204719, 0.266733, 0.362873, 0.543162, 1, 

23,24,0.001, 0.0336992, 0.0506998, 0.0969995, 0.0988483, 0.106211, 0.224014, 0.229564, 0.233302, 0.266733, 0.536954, 1, 

Generation #22
33,16,0.001, 0.0463675, 0.0680224, 0.0708671, 0.0888235, 0.0997735, 0.134348, 0.169485, 0.169495, 0.175664, 0.241333, 0.245262, 0.266212, 0.294168, 0.300118, 0.342457, 0.342604, 0.352049, 0.392947, 0.498341, 0.531781, 0.621146, 0.638267, 0.776537, 1, 

24,22,0.001, 0.0346609, 0.04978, 0.0626734, 0.0648627, 0.292517, 0.237185, 0.247364, 0.458461, 0.507229, 1, 

35,13,0.001, 0.0221471, 0.0295447, 0.061124, 0.0623006, 0.0769387, 0.10592, 0.139901, 0.146684, 0.151725, 0.173023, 0.283963, 0.410046, 0.561053, 0.300118, 0.342457, 0.342604, 0.352049, 0.498341, 0.531781, 0.621146, 0.638267, 0.776537, 1, 

22,27,0.001, 0.0376328, 0.0580398, 0.061124, 0.0623006, 0.0769387, 0.10592, 0.229564, 0.233302, 0.204719, 0.266733, 0.362873, 0.543162, 1, 

25,19,0.001, 0.0346609, 0.04978, 0.061124, 0.0623006, 0.0769387, 0.10592, 0.229564, 0.233302, 0.204719, 0.266733, 0.362873, 0.543162, 1, 

23,24,0.001, 0.0336992, 0.0506998, 0.0969995, 0.0988483, 0.106211, 0.224014, 0.229564, 0.233302, 0.266733, 0.536954, 1, 

Generation #23
33,16,0.001, 0.0463675, 0.0680224, 0.0708671, 0.0888235, 0.0997735, 0.134348, 0.169485, 0.169495, 0.175664, 0.241333, 0.245262, 0.266212, 0.294168, 0.300118, 0.342457, 0.342604, 0.352049, 0.392947, 0.498341, 0.531781, 0.621146, 0.638267, 0.776537, 1, 

24,22,0.001, 0.0346609, 0.04978, 0.0626734, 0.0648627, 0.292517, 0.237185, 0.247364, 0.458461, 0.507229, 1, 

35,13,0.001, 0.0221471, 0.0295447, 0.061124, 0.0623006, 0.0769387, 0.10592, 0.139901, 0.146684, 0.151725, 0.173023, 0.283963, 0.410046, 0.561053, 0.300118, 0.342457, 0.342604, 0.352049, 0.498341, 0.531781, 0.621146, 0.638267, 0.776537, 1, 

22,27,0.001, 0.0376328, 0.0580398, 0.061124, 0.0623006, 0.0769387, 0.10592, 0.229564, 0.233302, 0.204719, 0.266733, 0.362873, 0.543162, 1, 

25,19,0.001, 0.0346609, 0.04978, 0.061124, 0.0623006, 0.0769387, 0.10592, 0.229564, 0.233302, 0.204719, 0.266733, 0.362873, 0.543162, 1, 

23,24,0.001, 0.0336992, 0.0506998, 0.0969995, 0.0988483, 0.106211, 0.224014, 0.229564, 0.233302, 0.266733, 0.536954, 1, 

Generation #24
33,16,0.001, 0.0463675, 0.0680224, 0.0708671, 0.0888235, 0.0997735, 0.134348, 0.169485, 0.169495, 0.175664, 0.241333, 0.245262, 0.266212, 0.294168, 0.300118, 0.342457, 0.342604, 0.352049, 0.392947, 0.498341, 0.531781, 0.621146, 0.638267, 0.776537, 1, 

24,22,0.001, 0.0346609, 0.04978, 0.0626734, 0.0648627, 0.292517, 0.237185, 0.247364, 0.458461, 0.507229, 1, 

35,13,0.001, 0.0221471, 0.0295447, 0.061124, 0.0623006, 0.0769387, 0.10592, 0.139901, 0.146684, 0.151725, 0.173023, 0.283963, 0.410046, 0.561053, 0.300118, 0.342457, 0.342604, 0.352049, 0.498341, 0.531781, 0.621146, 0.638267, 0.776537, 1, 

22,27,0.001, 0.0376328, 0.0580398, 0.061124, 0.0623006, 0.0769387, 0.10592, 0.229564, 0.233302, 0.204719, 0.266733, 0.362873, 0.543162, 1, 

25,19,0.001, 0.0346609, 0.04978, 0.061124, 0.0623006, 0.0769387, 0.10592, 0.229564, 0.233302, 0.204719, 0.266733, 0.362873, 0.543162, 1, 

23,24,0.001, 0.0336992, 0.0506998, 0.0969995, 0.0988483, 0.106211, 0.224014, 0.229564, 0.233302, 0.266733, 0.536954, 1, 

Generation #25
33,16,0.001, 0.0463675, 0.0680224, 0.0708671, 0.0888235, 0.0997735, 0.134348, 0.169485, 0.169495, 0.175664, 0.241333, 0.245262, 0.266212, 0.294168, 0.300118, 0.342457, 0.342604, 0.352049, 0.392947, 0.498341, 0.531781, 0.621146, 0.638267, 0.776537, 1, 

24,22,0.001, 0.0346609, 0.04978, 0.0626734, 0.0648627, 0.292517, 0.237185, 0.247364, 0.458461, 0.507229, 1, 

35,13,0.001, 0.0221471, 0.0295447, 0.061124, 0.0623006, 0.0769387, 0.10592, 0.139901, 0.146684, 0.151725, 0.173023, 0.283963, 0.410046, 0.561053, 0.300118, 0.342457, 0.342604, 0.352049, 0.498341, 0.531781, 0.621146, 0.638267, 0.776537, 1, 

22,27,0.001, 0.0376328, 0.0580398, 0.061124, 0.0623006, 0.0769387, 0.10592, 0.229564, 0.233302, 0.204719, 0.266733, 0.362873, 0.543162, 1, 

25,19,0.001, 0.0346609, 0.04978, 0.061124, 0.0623006, 0.0769387, 0.10592, 0.229564, 0.233302, 0.204719, 0.266733, 0.362873, 0.543162, 1, 

23,24,0.001, 0.0336992, 0.0506998, 0.0969995, 0.0988483, 0.106211, 0.224014, 0.229564, 0.233302, 0.266733, 0.536954, 1, 

Generation #26
33,16,0.001, 0.0463675, 0.0680224, 0.0708671, 0.0888235, 0.0997735, 0.134348, 0.169485, 0.169495, 0.175664, 0.241333, 0.245262, 0.266212, 0.294168, 0.300118, 0.342457, 0.342604, 0.352049, 0.392947, 0.498341, 0.531781, 0.621146, 0.638267, 0.776537, 1, 

24,22,0.001, 0.0346609, 0.04978, 0.0626734, 0.0648627, 0.292517, 0.237185, 0.247364, 0.458461, 0.507229, 1, 

35,13,0.001, 0.0221471, 0.0295447, 0.061124, 0.0623006, 0.0769387, 0.10592, 0.139901, 0.146684, 0.151725, 0.173023, 0.283963, 0.410046, 0.561053, 0.300118, 0.342457, 0.342604, 0.352049, 0.498341, 0.531781, 0.621146, 0.638267, 0.776537, 1, 

22,27,0.001, 0.0376328, 0.0580398, 0.061124, 0.0623006, 0.0769387, 0.10592, 0.229564, 0.233302, 0.204719, 0.266733, 0.362873, 0.543162, 1, 

25,19,0.001, 0.0346609, 0.04978, 0.061124, 0.0623006, 0.0769387, 0.10592, 0.229564, 0.233302, 0.204719, 0.266733, 0.362873, 0.543162, 1, 

23,24,0.001, 0.0336992, 0.0506998, 0.0969995, 0.0988483, 0.106211, 0.224014, 0.229564, 0.233302, 0.266733, 0.536954, 1, 

Generation #27
33,16,0.001, 0.0463675, 0.0680224, 0.0708671, 0.0888235, 0.0997735, 0.134348, 0.169485, 0.169495, 0.175664, 0.241333, 0.245262, 0.266212, 0.294168, 0.300118, 0.342457, 0.342604, 0.352049, 0.392947, 0.498341, 0.531781, 0.621146, 0.638267, 0.776537, 1, 

35,13,0.001, 0.0221471, 0.0295447, 0.061124, 0.0623006, 0.0769387, 0.10592, 0.139901, 0.146684, 0.151725, 0.173023, 0.283963, 0.410046, 0.561053, 0.300118, 0.342457, 0.342604, 0.352049, 0.498341, 0.531781, 0.621146, 0.638267, 0.776537, 1, 

22,27,0.001, 0.0376328, 0.0580398, 0.061124, 0.0623006, 0.0769387, 0.10592, 0.229564, 0.233302, 0.204719, 0.266733, 0.362873, 0.543162, 1, 

25,19,0.001, 0.0346609, 0.04978, 0.061124, 0.0623006, 0.0769387, 0.10592, 0.229564, 0.233302, 0.204719, 0.266733, 0.362873, 0.543162, 1, 

23,24,0.001, 0.0336992, 0.0506998, 0.0969995, 0.0988483, 0.106211, 0.224014, 0.229564, 0.233302, 0.266733, 0.536954, 1, 

24,21,0.001, 0.0376328, 0.04978, 0.061124, 0.0623006, 0.0769387, 0.10592, 0.229564, 0.233302, 0.266733, 0.536954, 1, 

Generation #28
33,16,0.001, 0.0463675, 0.0680224, 0.0708671, 0.0888235, 0.0997735, 0.134348, 0.169485, 0.169495, 0.175664, 0.241333, 0.245262, 0.266212, 0.294168, 0.300118, 0.342457, 0.342604, 0.352049, 0.392947, 0.498341, 0.531781, 0.621146, 0.638267, 0.776537, 1, 

35,13,0.001, 0.0221471, 0.0295447, 0.061124, 0.0623006, 0.0769387, 0.10592, 0.139901, 0.146684, 0.151725, 0.173023, 0.283963, 0.410046, 0.561053, 0.300118, 0.342457, 0.342604, 0.352049, 0.498341, 0.531781, 0.621146, 0.638267, 0.776537, 1, 

22,27,0.001, 0.0376328, 0.0580398, 0.061124, 0.0623006, 0.0769387, 0.10592, 0.229564, 0.233302, 0.204719, 0.266733, 0.362873, 0.543162, 1, 

25,19,0.001, 0.0346609, 0.04978, 0.061124, 0.0623006, 0.0769387, 0.10592, 0.229564, 0.233302, 0.204719, 0.266733, 0.362873, 0.543162, 1, 

23,24,0.001, 0.0336992, 0.0506998, 0.0969995, 0.0988483, 0.106211, 0.224014, 0.229564, 0.233302, 0.266733, 0.536954, 1, 

24,21,0.001, 0.0376328, 0.04978, 0.061124, 0.0623006, 0.0769387, 0.10592, 0.229564, 0.233302, 0.266733, 0.536954, 1, 

Generation #29
33,16,0.001, 0.0463675, 0.0680224, 0.0708671, 0.0888235, 0.0997735, 0.134348, 0.169485, 0.169495, 0.175664, 0.241333, 0.245262, 0.266212, 0.294168, 0.300118, 0.342457, 0.342604, 0.352049, 0.392947, 0.498341, 0.531781, 0.621146, 0.638267, 0.776537, 1, 

35,13,0.001, 0.0221471, 0.0295447, 0.061124, 0.0623006, 0.0769387, 0.10592, 0.139901, 0.146684, 0.151725, 0.173023, 0.283963, 0.410046, 0.561053, 0.300118, 0.342457, 0.342604, 0.352049, 0.498341, 0.531781, 0.621146, 0.638267, 0.776537, 1, 

22,27,0.001, 0.0376328, 0.0580398, 0.061124, 0.0623006, 0.0769387, 0.10592, 0.229564, 0.233302, 0.204719, 0.266733, 0.362873, 0.543162, 1, 

25,19,0.001, 0.0346609, 0.04978, 0.061124, 0.0623006, 0.0769387, 0.10592, 0.229564, 0.233302, 0.204719, 0.266733, 0.362873, 0.543162, 1, 

23,24,0.001, 0.0336992, 0.0506998, 0.0969995, 0.0988483, 0.106211, 0.224014, 0.229564, 0.233302, 0.266733, 0.536954, 1, 

24,21,0.001, 0.0376328, 0.04978, 0.061124, 0.0623006, 0.0769387, 0.10592, 0.229564, 0.233302, 0.266733, 0.536954, 1, 

Generation #30
33,16,0.001, 0.0463675, 0.0680224, 0.0708671, 0.0888235, 0.0997735, 0.134348, 0.169485, 0.169495, 0.175664, 0.241333, 0.245262, 0.266212, 0.294168, 0.300118, 0.342457, 0.342604, 0.352049, 0.392947, 0.498341, 0.531781, 0.621146, 0.638267, 0.776537, 1, 

35,13,0.001, 0.0221471, 0.0295447, 0.061124, 0.0623006, 0.0769387, 0.10592, 0.139901, 0.146684, 0.151725, 0.173023, 0.283963, 0.410046, 0.561053, 0.300118, 0.342457, 0.342604, 0.352049, 0.498341, 0.531781, 0.621146, 0.638267, 0.776537, 1, 

22,27,0.001, 0.0376328, 0.0580398, 0.061124, 0.0623006, 0.0769387, 0.10592, 0.229564, 0.233302, 0.204719, 0.266733, 0.362873, 0.543162, 1, 

25,19,0.001, 0.0346609, 0.04978, 0.061124, 0.0623006, 0.0769387, 0.10592, 0.229564, 0.233302, 0.204719, 0.266733, 0.362873, 0.543162, 1, 

23,24,0.001, 0.0336992, 0.0506998, 0.0969995, 0.0988483, 0.106211, 0.224014, 0.229564, 0.233302, 0.266733, 0.536954, 1, 

24,21,0.001, 0.0376328, 0.04978, 0.061124, 0.0623006, 0.0769387, 0.10592, 0.229564, 0.233302, 0.266733, 0.536954, 1, 

Generation #31
33,16,0.001, 0.0463675, 0.0680224, 0.0708671, 0.0888235, 0.0997735, 0.134348, 0.169485, 0.169495, 0.175664, 0.241333, 0.245262, 0.266212, 0.294168, 0.300118, 0.342457, 0.342604, 0.352049, 0.392947, 0.498341, 0.531781, 0.621146, 0.638267, 0.776537, 1, 

35,13,0.001, 0.0221471, 0.0295447, 0.061124, 0.0623006, 0.0769387, 0.10592, 0.139901, 0.146684, 0.151725, 0.173023, 0.283963, 0.410046, 0.561053, 0.300118, 0.342457, 0.342604, 0.352049, 0.498341, 0.531781, 0.621146, 0.638267, 0.776537, 1, 

22,27,0.001, 0.0376328, 0.0580398, 0.061124, 0.0623006, 0.0769387, 0.10592, 0.229564, 0.233302, 0.204719, 0.266733, 0.362873, 0.543162, 1, 

25,19,0.001, 0.0346609, 0.04978, 0.061124, 0.0623006, 0.0769387, 0.10592, 0.229564, 0.233302, 0.204719, 0.266733, 0.362873, 0.543162, 1, 

23,24,0.001, 0.0336992, 0.0506998, 0.0969995, 0.0988483, 0.106211, 0.224014, 0.229564, 0.233302, 0.266733, 0.536954, 1, 

24,21,0.001, 0.0376328, 0.04978, 0.061124, 0.0623006, 0.0769387, 0.10592, 0.229564, 0.233302, 0.266733, 0.536954, 1, 

Generation #32
33,16,0.001, 0.0463675, 0.0680224, 0.0708671, 0.0888235, 0.0997735, 0.134348, 0.169485, 0.169495, 0.175664, 0.241333, 0.245262, 0.266212, 0.294168, 0.300118, 0.342457, 0.342604, 0.352049, 0.392947, 0.498341, 0.531781, 0.621146, 0.638267, 0.776537, 1, 

35,13,0.001, 0.0221471, 0.0295447, 0.061124, 0.0623006, 0.0769387, 0.10592, 0.139901, 0.146684, 0.151725, 0.173023, 0.283963, 0.410046, 0.561053, 0.300118, 0.342457, 0.342604, 0.352049, 0.498341, 0.531781, 0.621146, 0.638267, 0.776537, 1, 

22,27,0.001, 0.0376328, 0.0580398, 0.061124, 0.0623006, 0.0769387, 0.10592, 0.229564, 0.233302, 0.204719, 0.266733, 0.362873, 0.543162, 1, 

25,19,0.001, 0.0346609, 0.04978, 0.061124, 0.0623006, 0.0769387, 0.10592, 0.229564, 0.233302, 0.204719, 0.266733, 0.362873, 0.543162, 1, 

23,24,0.001, 0.0336992, 0.0506998, 0.0969995, 0.0988483, 0.106211, 0.224014, 0.229564, 0.233302, 0.266733, 0.536954, 1, 

24,21,0.001, 0.0376328, 0.04978, 0.061124, 0.0623006, 0.0769387, 0.10592, 0.229564, 0.233302, 0.266733, 0.536954, 1, 

Generation #33
33,16,0.001, 0.0463675, 0.0680224, 0.0708671, 0.0888235, 0.0997735, 0.134348, 0.169485, 0.169495, 0.175664, 0.241333, 0.245262, 0.266212, 0.294168, 0.300118, 0.342457, 0.342604, 0.352049, 0.392947, 0.498341, 0.531781, 0.621146, 0.638267, 0.776537, 1, 

35,13,0.001, 0.0221471, 0.0295447, 0.061124, 0.0623006, 0.0769387, 0.10592, 0.139901, 0.146684, 0.151725, 0.173023, 0.283963, 0.410046, 0.561053, 0.300118, 0.342457, 0.342604, 0.352049, 0.498341, 0.531781, 0.621146, 0.638267, 0.776537, 1, 

22,27,0.001, 0.0376328, 0.0580398, 0.061124, 0.0623006, 0.0769387, 0.10592, 0.229564, 0.233302, 0.204719, 0.266733, 0.362873, 0.543162, 1, 

25,19,0.001, 0.0346609, 0.04978, 0.061124, 0.0623006, 0.0769387, 0.10592, 0.229564, 0.233302, 0.204719, 0.266733, 0.362873, 0.543162, 1, 

23,24,0.001, 0.0336992, 0.0506998, 0.0969995, 0.0988483, 0.106211, 0.224014, 0.229564, 0.233302, 0.266733, 0.536954, 1, 

24,21,0.001, 0.0376328, 0.04978, 0.061124, 0.0623006, 0.0769387, 0.10592, 0.229564, 0.233302, 0.266733, 0.536954, 1, 

Generation #34
33,16,0.001, 0.0463675, 0.0680224, 0.0708671, 0.0888235, 0.0997735, 0.134348, 0.169485, 0.169495, 0.175664, 0.241333, 0.245262, 0.266212, 0.294168, 0.300118, 0.342457, 0.342604, 0.352049, 0.392947, 0.498341, 0.531781, 0.621146, 0.638267, 0.776537, 1, 

35,13,0.001, 0.0221471, 0.0295447, 0.061124, 0.0623006, 0.0769387, 0.10592, 0.139901, 0.146684, 0.151725, 0.173023, 0.283963, 0.410046, 0.561053, 0.300118, 0.342457, 0.342604, 0.352049, 0.498341, 0.531781, 0.621146, 0.638267, 0.776537, 1, 

22,27,0.001, 0.0376328, 0.0580398, 0.061124, 0.0623006, 0.0769387, 0.10592, 0.229564, 0.233302, 0.204719, 0.266733, 0.362873, 0.543162, 1, 

23,18,0.001, 0.0376328, 0.0580398, 0.061124, 0.0623006, 0.0769387, 0.10592, 0.229564, 0.233302, 0.204719, 0.362873, 0.543162, 1, 

Generation #35
33,16,0.001, 0.0463675, 0.0680224, 0.0708671, 0.0888235, 0.0997735, 0.134348, 0.169485, 0.169495, 0.175664, 0.241333, 0.245262, 0.266212, 0.294168, 0.300118, 0.342457, 0.342604, 0.352049, 0.392947, 0.498341, 0.531781, 0.621146, 0.638267, 0.776537, 1, 

35,13,0.001, 0.0221471, 0.0295447, 0.061124, 0.0623006, 0.0769387, 0.10592, 0.139901, 0.146684, 0.151725, 0.173023, 0.283963, 0.410046, 0.561053, 0.300118, 0.342457, 0.342604, 0.352049, 0.498341, 0.531781, 0.621146, 0.638267, 0.776537, 1, 

22,27,0.001, 0.0376328, 0.0580398, 0.061124, 0.0623006, 0.0769387, 0.10592, 0.229564, 0.233302, 0.204719, 0.266733, 0.362873, 0.543162, 1, 

23,18,0.001, 0.0376328, 0.0580398, 0.061124, 0.0623006, 0.0769387, 0.10592, 0.229564, 0.233302, 0.204719, 0.362873, 0.543162, 1, 

Generation #36
33,16,0.001, 0.0463675, 0.0680224, 0.0708671, 0.0888235, 0.0997735, 0.134348, 0.169485, 0.169495, 0.175664, 0.241333, 0.245262, 0.266212, 0.294168, 0.300118, 0.342457, 0.342604, 0.352049, 0.392947, 0.498341, 0.531781, 0.621146, 0.638267, 0.776537, 1, 

35,13,0.001, 0.0221471, 0.0295447, 0.061124, 0.0623006, 0.0769387, 0.10592, 0.139901, 0.146684, 0.151725, 0.173023, 0.283963, 0.410046, 0.561053, 0.300118, 0.342457, 0.342604, 0.352049, 0.498341, 0.531781, 0.621146, 0.638267, 0.776537, 1, 

22,27,0.001, 0.0376328, 0.0580398, 0.061124, 0.0623006, 0.0769387, 0.10592, 0.229564, 0.233302, 0.204719, 0.266733, 0.362873, 0.543162, 1, 

23,18,0.001, 0.0376328, 0.0580398, 0.061124, 0.0623006, 0.0769387, 0.10592, 0.229564, 0.233302, 0.204719, 0.362873, 0.543162, 1, 

Generation #37
33,16,0.001, 0.0463675, 0.0680224, 0.0708671, 0.0888235, 0.0997735, 0.134348, 0.169485, 0.169495, 0.175664, 0.241333, 0.245262, 0.266212, 0.294168, 0.300118, 0.342457, 0.342604, 0.352049, 0.392947, 0.498341, 0.531781, 0.621146, 0.638267, 0.776537, 1, 

35,13,0.001, 0.0221471, 0.0295447, 0.061124, 0.0623006, 0.0769387, 0.10592, 0.139901, 0.146684, 0.151725, 0.173023, 0.283963, 0.410046, 0.561053, 0.300118, 0.342457, 0.342604, 0.352049, 0.498341, 0.531781, 0.621146, 0.638267, 0.776537, 1, 

22,27,0.001, 0.0376328, 0.0580398, 0.061124, 0.0623006, 0.0769387, 0.10592, 0.229564, 0.233302, 0.204719, 0.266733, 0.362873, 0.543162, 1, 

23,18,0.001, 0.0376328, 0.0580398, 0.061124, 0.0623006, 0.0769387, 0.10592, 0.229564, 0.233302, 0.204719, 0.362873, 0.543162, 1, 

Generation #38
33,16,0.001, 0.0463675, 0.0680224, 0.0708671, 0.0888235, 0.0997735, 0.134348, 0.169485, 0.169495, 0.175664, 0.241333, 0.245262, 0.266212, 0.294168, 0.300118, 0.342457, 0.342604, 0.352049, 0.392947, 0.498341, 0.531781, 0.621146, 0.638267, 0.776537, 1, 

35,13,0.001, 0.0221471, 0.0295447, 0.061124, 0.0623006, 0.0769387, 0.10592, 0.139901, 0.146684, 0.151725, 0.173023, 0.283963, 0.410046, 0.561053, 0.300118, 0.342457, 0.342604, 0.352049, 0.498341, 0.531781, 0.621146, 0.638267, 0.776537, 1, 

22,27,0.001, 0.0376328, 0.0580398, 0.061124, 0.0623006, 0.0769387, 0.10592, 0.229564, 0.233302, 0.204719, 0.266733, 0.362873, 0.543162, 1, 

23,18,0.001, 0.0376328, 0.0580398, 0.061124, 0.0623006, 0.0769387, 0.10592, 0.229564, 0.233302, 0.204719, 0.362873, 0.543162, 1, 

Generation #39
33,16,0.001, 0.0463675, 0.0680224, 0.0708671, 0.0888235, 0.0997735, 0.134348, 0.169485, 0.169495, 0.175664, 0.241333, 0.245262, 0.266212, 0.294168, 0.300118, 0.342457, 0.342604, 0.352049, 0.392947, 0.498341, 0.531781, 0.621146, 0.638267, 0.776537, 1, 

35,13,0.001, 0.0221471, 0.0295447, 0.061124, 0.0623006, 0.0769387, 0.10592, 0.139901, 0.146684, 0.151725, 0.173023, 0.283963, 0.410046, 0.561053, 0.300118, 0.342457, 0.342604, 0.352049, 0.498341, 0.531781, 0.621146, 0.638267, 0.776537, 1, 

22,27,0.001, 0.0376328, 0.0580398, 0.061124, 0.0623006, 0.0769387, 0.10592, 0.229564, 0.233302, 0.204719, 0.266733, 0.362873, 0.543162, 1, 

23,18,0.001, 0.0376328, 0.0580398, 0.061124, 0.0623006, 0.0769387, 0.10592, 0.229564, 0.233302, 0.204719, 0.362873, 0.543162, 1, 

Generation #40
33,16,0.001, 0.0463675, 0.0680224, 0.0708671, 0.0888235, 0.0997735, 0.134348, 0.169485, 0.169495, 0.175664, 0.241333, 0.245262, 0.266212, 0.294168, 0.300118, 0.342457, 0.342604, 0.352049, 0.392947, 0.498341, 0.531781, 0.621146, 0.638267, 0.776537, 1, 

35,13,0.001, 0.0221471, 0.0295447, 0.061124, 0.0623006, 0.0769387, 0.10592, 0.139901, 0.146684, 0.151725, 0.173023, 0.283963, 0.410046, 0.561053, 0.300118, 0.342457, 0.342604, 0.352049, 0.498341, 0.531781, 0.621146, 0.638267, 0.776537, 1, 

22,27,0.001, 0.0376328, 0.0580398, 0.061124, 0.0623006, 0.0769387, 0.10592, 0.229564, 0.233302, 0.204719, 0.266733, 0.362873, 0.543162, 1, 

23,18,0.001, 0.0376328, 0.0580398, 0.061124, 0.0623006, 0.0769387, 0.10592, 0.229564, 0.233302, 0.204719, 0.362873, 0.543162, 1, 

Generation #41
33,16,0.001, 0.0463675, 0.0680224, 0.0708671, 0.0888235, 0.0997735, 0.134348, 0.169485, 0.169495, 0.175664, 0.241333, 0.245262, 0.266212, 0.294168, 0.300118, 0.342457, 0.342604, 0.352049, 0.392947, 0.498341, 0.531781, 0.621146, 0.638267, 0.776537, 1, 

35,13,0.001, 0.0221471, 0.0295447, 0.061124, 0.0623006, 0.0769387, 0.10592, 0.139901, 0.146684, 0.151725, 0.173023, 0.283963, 0.410046, 0.561053, 0.300118, 0.342457, 0.342604, 0.352049, 0.498341, 0.531781, 0.621146, 0.638267, 0.776537, 1, 

22,27,0.001, 0.0376328, 0.0580398, 0.061124, 0.0623006, 0.0769387, 0.10592, 0.229564, 0.233302, 0.204719, 0.266733, 0.362873, 0.543162, 1, 

23,18,0.001, 0.0376328, 0.0580398, 0.061124, 0.0623006, 0.0769387, 0.10592, 0.229564, 0.233302, 0.204719, 0.362873, 0.543162, 1, 

Generation #42
33,16,0.001, 0.0463675, 0.0680224, 0.0708671, 0.0888235, 0.0997735, 0.134348, 0.169485, 0.169495, 0.175664, 0.241333, 0.245262, 0.266212, 0.294168, 0.300118, 0.342457, 0.342604, 0.352049, 0.392947, 0.498341, 0.531781, 0.621146, 0.638267, 0.776537, 1, 

35,13,0.001, 0.0221471, 0.0295447, 0.061124, 0.0623006, 0.0769387, 0.10592, 0.139901, 0.146684, 0.151725, 0.173023, 0.283963, 0.410046, 0.561053, 0.300118, 0.342457, 0.342604, 0.352049, 0.498341, 0.531781, 0.621146, 0.638267, 0.776537, 1, 

22,27,0.001, 0.0376328, 0.0580398, 0.061124, 0.0623006, 0.0769387, 0.10592, 0.229564, 0.233302, 0.204719, 0.266733, 0.362873, 0.543162, 1, 

23,18,0.001, 0.0376328, 0.0580398, 0.061124, 0.0623006, 0.0769387, 0.10592, 0.229564, 0.233302, 0.204719, 0.362873, 0.543162, 1, 

Generation #43
33,16,0.001, 0.0463675, 0.0680224, 0.0708671, 0.0888235, 0.0997735, 0.134348, 0.169485, 0.169495, 0.175664, 0.241333, 0.245262, 0.266212, 0.294168, 0.300118, 0.342457, 0.342604, 0.352049, 0.392947, 0.498341, 0.531781, 0.621146, 0.638267, 0.776537, 1, 

35,13,0.001, 0.0221471, 0.0295447, 0.061124, 0.0623006, 0.0769387, 0.10592, 0.139901, 0.146684, 0.151725, 0.173023, 0.283963, 0.410046, 0.561053, 0.300118, 0.342457, 0.342604, 0.352049, 0.498341, 0.531781, 0.621146, 0.638267, 0.776537, 1, 

22,27,0.001, 0.0376328, 0.0580398, 0.061124, 0.0623006, 0.0769387, 0.10592, 0.229564, 0.233302, 0.204719, 0.266733, 0.362873, 0.543162, 1, 

23,18,0.001, 0.0376328, 0.0580398, 0.061124, 0.0623006, 0.0769387, 0.10592, 0.229564, 0.233302, 0.204719, 0.362873, 0.543162, 1, 

Generation #44
33,16,0.001, 0.0463675, 0.0680224, 0.0708671, 0.0888235, 0.0997735, 0.134348, 0.169485, 0.169495, 0.175664, 0.241333, 0.245262, 0.266212, 0.294168, 0.300118, 0.342457, 0.342604, 0.352049, 0.392947, 0.498341, 0.531781, 0.621146, 0.638267, 0.776537, 1, 

35,13,0.001, 0.0221471, 0.0295447, 0.061124, 0.0623006, 0.0769387, 0.10592, 0.139901, 0.146684, 0.151725, 0.173023, 0.283963, 0.410046, 0.561053, 0.300118, 0.342457, 0.342604, 0.352049, 0.498341, 0.531781, 0.621146, 0.638267, 0.776537, 1, 

22,27,0.001, 0.0376328, 0.0580398, 0.061124, 0.0623006, 0.0769387, 0.10592, 0.229564, 0.233302, 0.204719, 0.266733, 0.362873, 0.543162, 1, 

23,18,0.001, 0.0376328, 0.0580398, 0.061124, 0.0623006, 0.0769387, 0.10592, 0.229564, 0.233302, 0.204719, 0.362873, 0.543162, 1, 

Generation #45
33,16,0.001, 0.0463675, 0.0680224, 0.0708671, 0.0888235, 0.0997735, 0.134348, 0.169485, 0.169495, 0.175664, 0.241333, 0.245262, 0.266212, 0.294168, 0.300118, 0.342457, 0.342604, 0.352049, 0.392947, 0.498341, 0.531781, 0.621146, 0.638267, 0.776537, 1, 

35,13,0.001, 0.0221471, 0.0295447, 0.061124, 0.0623006, 0.0769387, 0.10592, 0.139901, 0.146684, 0.151725, 0.173023, 0.283963, 0.410046, 0.561053, 0.300118, 0.342457, 0.342604, 0.352049, 0.498341, 0.531781, 0.621146, 0.638267, 0.776537, 1, 

22,27,0.001, 0.0376328, 0.0580398, 0.061124, 0.0623006, 0.0769387, 0.10592, 0.229564, 0.233302, 0.204719, 0.266733, 0.362873, 0.543162, 1, 

23,18,0.001, 0.0376328, 0.0580398, 0.061124, 0.0623006, 0.0769387, 0.10592, 0.229564, 0.233302, 0.204719, 0.362873, 0.543162, 1, 

Generation #46
33,16,0.001, 0.0463675, 0.0680224, 0.0708671, 0.0888235, 0.0997735, 0.134348, 0.169485, 0.169495, 0.175664, 0.241333, 0.245262, 0.266212, 0.294168, 0.300118, 0.342457, 0.342604, 0.352049, 0.392947, 0.498341, 0.531781, 0.621146, 0.638267, 0.776537, 1, 

35,13,0.001, 0.0221471, 0.0295447, 0.061124, 0.0623006, 0.0769387, 0.10592, 0.139901, 0.146684, 0.151725, 0.173023, 0.283963, 0.410046, 0.561053, 0.300118, 0.342457, 0.342604, 0.352049, 0.498341, 0.531781, 0.621146, 0.638267, 0.776537, 1, 

22,27,0.001, 0.0376328, 0.0580398, 0.061124, 0.0623006, 0.0769387, 0.10592, 0.229564, 0.233302, 0.204719, 0.266733, 0.362873, 0.543162, 1, 

23,18,0.001, 0.0376328, 0.0580398, 0.061124, 0.0623006, 0.0769387, 0.10592, 0.229564, 0.233302, 0.204719, 0.362873, 0.543162, 1, 

Generation #47
33,16,0.001, 0.0463675, 0.0680224, 0.0708671, 0.0888235, 0.0997735, 0.134348, 0.169485, 0.169495, 0.175664, 0.241333, 0.245262, 0.266212, 0.294168, 0.300118, 0.342457, 0.342604, 0.352049, 0.392947, 0.498341, 0.531781, 0.621146, 0.638267, 0.776537, 1, 

35,13,0.001, 0.0221471, 0.0295447, 0.061124, 0.0623006, 0.0769387, 0.10592, 0.139901, 0.146684, 0.151725, 0.173023, 0.283963, 0.410046, 0.561053, 0.300118, 0.342457, 0.342604, 0.352049, 0.498341, 0.531781, 0.621146, 0.638267, 0.776537, 1, 

22,27,0.001, 0.0376328, 0.0580398, 0.061124, 0.0623006, 0.0769387, 0.10592, 0.229564, 0.233302, 0.204719, 0.266733, 0.362873, 0.543162, 1, 

23,18,0.001, 0.0376328, 0.0580398, 0.061124, 0.0623006, 0.0769387, 0.10592, 0.229564, 0.233302, 0.204719, 0.362873, 0.543162, 1, 

Generation #48
33,16,0.001, 0.0463675, 0.0680224, 0.0708671, 0.0888235, 0.0997735, 0.134348, 0.169485, 0.169495, 0.175664, 0.241333, 0.245262, 0.266212, 0.294168, 0.300118, 0.342457, 0.342604, 0.352049, 0.392947, 0.498341, 0.531781, 0.621146, 0.638267, 0.776537, 1, 

35,13,0.001, 0.0221471, 0.0295447, 0.061124, 0.0623006, 0.0769387, 0.10592, 0.139901, 0.146684, 0.151725, 0.173023, 0.283963, 0.410046, 0.561053, 0.300118, 0.342457, 0.342604, 0.352049, 0.498341, 0.531781, 0.621146, 0.638267, 0.776537, 1, 

22,27,0.001, 0.0376328, 0.0580398, 0.061124, 0.0623006, 0.0769387, 0.10592, 0.229564, 0.233302, 0.204719, 0.266733, 0.362873, 0.543162, 1, 

23,18,0.001, 0.0376328, 0.0580398, 0.061124, 0.0623006, 0.0769387, 0.10592, 0.229564, 0.233302, 0.204719, 0.362873, 0.543162, 1, 

Generation #49
33,16,0.001, 0.0463675, 0.0680224, 0.0708671, 0.0888235, 0.0997735, 0.134348, 0.169485, 0.169495, 0.175664, 0.241333, 0.245262, 0.266212, 0.294168, 0.300118, 0.342457, 0.342604, 0.352049, 0.392947, 0.498341, 0.531781, 0.621146, 0.638267, 0.776537, 1, 

35,13,0.001, 0.0221471, 0.0295447, 0.061124, 0.0623006, 0.0769387, 0.10592, 0.139901, 0.146684, 0.151725, 0.173023, 0.283963, 0.410046, 0.561053, 0.300118, 0.342457, 0.342604, 0.352049, 0.498341, 0.531781, 0.621146, 0.638267, 0.776537, 1, 

22,27,0.001, 0.0376328, 0.0580398, 0.061124, 0.0623006, 0.0769387, 0.10592, 0.229564, 0.233302, 0.204719, 0.266733, 0.362873, 0.543162, 1, 

23,18,0.001, 0.0376328, 0.0580398, 0.061124, 0.0623006, 0.0769387, 0.10592, 0.229564, 0.233302, 0.204719, 0.362873, 0.543162, 1, 

--- Pareto Front Solutions ---
Solution 0: N total=89 (N_initial=56, N_added=33), Time total=32 ms, Saved to: ./results/SPINV_t2_l2_pareto_0.csv, percents=0.001, 0.0463675, 0.0680224, 0.0708671, 0.0888235, 0.0997735, 0.134348, 0.169485, 0.169495, 0.175664, 0.241333, 0.245262, 0.266212, 0.294168, 0.300118, 0.342457, 0.342604, 0.352049, 0.392947, 0.498341, 0.531781, 0.621146, 0.638267, 0.776537, 1, 

Solution 1: N total=91 (N_initial=56, N_added=35), Time total=29 ms, Saved to: ./results/SPINV_t2_l2_pareto_1.csv, percents=0.001, 0.0221471, 0.0295447, 0.061124, 0.0623006, 0.0769387, 0.10592, 0.139901, 0.146684, 0.151725, 0.173023, 0.283963, 0.410046, 0.561053, 0.300118, 0.342457, 0.342604, 0.352049, 0.498341, 0.531781, 0.621146, 0.638267, 0.776537, 1, 

Solution 2: N total=78 (N_initial=56, N_added=22), Time total=43 ms, Saved to: ./results/SPINV_t2_l2_pareto_2.csv, percents=0.001, 0.0376328, 0.0580398, 0.061124, 0.0623006, 0.0769387, 0.10592, 0.229564, 0.233302, 0.204719, 0.266733, 0.362873, 0.543162, 1, 

Solution 3: N total=79 (N_initial=56, N_added=23), Time total=34 ms, Saved to: ./results/SPINV_t2_l2_pareto_3.csv, percents=0.001, 0.0376328, 0.0580398, 0.061124, 0.0623006, 0.0769387, 0.10592, 0.229564, 0.233302, 0.204719, 0.362873, 0.543162, 1, 

------------d=1, t=2, lambda=3, filename=./evaluation/SPINV/SPINV_2_3.csv------------
Computing partitioned counts of d-sets...
Ready to look at pairs based on partitioned counts...
First Stage N=64, Time=18
There are 74 remaining non-locating pairs
--- Running GA Algorithm (phase2) ---
Running GA with std::execution::par
Generation #0
29,46,0.001, 0.17755, 0.179519, 0.220907, 0.264774, 0.267803, 0.290167, 0.325835, 0.39653, 0.429265, 0.591336, 0.979504, 0.988225, 1, 

28,93,0.001, 0.136408, 0.148362, 0.447392, 0.460408, 0.54983, 0.688762, 0.691006, 0.827362, 0.941102, 1, 

30,24,0.001, 0.0572975, 0.0710024, 0.0775748, 0.102249, 0.143846, 0.165821, 0.417209, 0.717564, 0.944236, 0.950682, 0.995941, 1, 

Generation #1
30,24,0.001, 0.0572975, 0.0710024, 0.0775748, 0.102249, 0.143846, 0.165821, 0.417209, 0.717564, 0.944236, 0.950682, 0.995941, 1, 

27,35,0.001, 0.0449606, 0.0852407, 0.0946215, 0.107812, 0.123561, 0.167571, 0.758636, 0.836596, 0.864963, 1, 

26,40,0.001, 0.0300807, 0.042737, 0.0812417, 0.113283, 0.185272, 0.195468, 0.225726, 0.231058, 0.290037, 0.84369, 0.850555, 0.867889, 1, 

37,18,0.001, 0.0449606, 0.0852407, 0.0946215, 0.107812, 0.123561, 0.167571, 0.174398, 0.217863, 0.298124, 0.3225, 0.338953, 0.345306, 0.362087, 0.380091, 0.429908, 0.446368, 0.458483, 0.478815, 0.526699, 0.625436, 0.638258, 0.718803, 0.730026, 0.880099, 0.995985, 1, 

Generation #2
30,24,0.001, 0.0572975, 0.0710024, 0.0775748, 0.102249, 0.143846, 0.165821, 0.417209, 0.717564, 0.944236, 0.950682, 0.995941, 1, 

27,35,0.001, 0.0449606, 0.0852407, 0.0946215, 0.107812, 0.123561, 0.167571, 0.758636, 0.836596, 0.864963, 1, 

26,40,0.001, 0.0300807, 0.042737, 0.0812417, 0.113283, 0.185272, 0.195468, 0.225726, 0.231058, 0.290037, 0.84369, 0.850555, 0.867889, 1, 

37,18,0.001, 0.0449606, 0.0852407, 0.0946215, 0.107812, 0.123561, 0.167571, 0.174398, 0.217863, 0.298124, 0.3225, 0.338953, 0.345306, 0.362087, 0.380091, 0.429908, 0.446368, 0.458483, 0.478815, 0.526699, 0.625436, 0.638258, 0.718803, 0.730026, 0.880099, 0.995985, 1, 

32,22,0.001, 0.0449606, 0.0852407, 0.0946215, 0.145426, 0.212901, 0.276607, 0.348008, 0.48155, 0.530924, 0.589209, 0.731179, 0.774219, 0.811533, 0.901088, 1, 

39,14,0.001, 0.0300807, 0.042737, 0.0812417, 0.113283, 0.109391, 0.120344, 0.121859, 0.174898, 0.178442, 0.187073, 0.220302, 0.227647, 0.23113, 0.446182, 0.478573, 0.560608, 0.569715, 0.601858, 0.61499, 0.67029, 0.725703, 0.727372, 0.740975, 0.857634, 0.898668, 0.930026, 1, 

29,27,0.001, 0.0119288, 0.0479245, 0.138624, 0.0974061, 0.139535, 0.174563, 0.287662, 0.322169, 0.365591, 0.387898, 0.819844, 1, 

Generation #3
30,24,0.001, 0.0572975, 0.0710024, 0.0775748, 0.102249, 0.143846, 0.165821, 0.417209, 0.717564, 0.944236, 0.950682, 0.995941, 1, 

27,35,0.001, 0.0449606, 0.0852407, 0.0946215, 0.107812, 0.123561, 0.167571, 0.758636, 0.836596, 0.864963, 1, 

26,40,0.001, 0.0300807, 0.042737, 0.0812417, 0.113283, 0.185272, 0.195468, 0.225726, 0.231058, 0.290037, 0.84369, 0.850555, 0.867889, 1, 

37,18,0.001, 0.0449606, 0.0852407, 0.0946215, 0.107812, 0.123561, 0.167571, 0.174398, 0.217863, 0.298124, 0.3225, 0.338953, 0.345306, 0.362087, 0.380091, 0.429908, 0.446368, 0.458483, 0.478815, 0.526699, 0.625436, 0.638258, 0.718803, 0.730026, 0.880099, 0.995985, 1, 

32,22,0.001, 0.0449606, 0.0852407, 0.0946215, 0.145426, 0.212901, 0.276607, 0.348008, 0.48155, 0.530924, 0.589209, 0.731179, 0.774219, 0.811533, 0.901088, 1, 

29,27,0.001, 0.0119288, 0.0479245, 0.138624, 0.0974061, 0.139535, 0.174563, 0.287662, 0.322169, 0.365591, 0.387898, 0.819844, 1, 

28,30,0.001, 0.103994, 0.104332, 0.156818, 0.202045, 0.143846, 0.165821, 0.287662, 0.322169, 0.365591, 0.387898, 0.819844, 1, 

38,13,0.001, 0.0300807, 0.0675646, 0.0892343, 0.0932941, 0.0945645, 0.102736, 0.132603, 0.243118, 0.327141, 0.333893, 0.334162, 0.338053, 0.426342, 0.426949, 0.486768, 0.5196, 0.555089, 0.585522, 0.615032, 0.680344, 0.708312, 0.718847, 0.744276, 0.822642, 0.888779, 0.901453, 0.974032, 1, 

Generation #4
30,24,0.001, 0.0572975, 0.0710024, 0.0775748, 0.102249, 0.143846, 0.165821, 0.417209, 0.717564, 0.944236, 0.950682, 0.995941, 1, 

37,18,0.001, 0.0449606, 0.0852407, 0.0946215, 0.107812, 0.123561, 0.167571, 0.174398, 0.217863, 0.298124, 0.3225, 0.338953, 0.345306, 0.362087, 0.380091, 0.429908, 0.446368, 0.458483, 0.478815, 0.526699, 0.625436, 0.638258, 0.718803, 0.730026, 0.880099, 0.995985, 1, 

32,22,0.001, 0.0449606, 0.0852407, 0.0946215, 0.145426, 0.212901, 0.276607, 0.348008, 0.48155, 0.530924, 0.589209, 0.731179, 0.774219, 0.811533, 0.901088, 1, 

29,27,0.001, 0.0119288, 0.0479245, 0.138624, 0.0974061, 0.139535, 0.174563, 0.287662, 0.322169, 0.365591, 0.387898, 0.819844, 1, 

38,13,0.001, 0.0300807, 0.0675646, 0.0892343, 0.0932941, 0.0945645, 0.102736, 0.132603, 0.243118, 0.327141, 0.333893, 0.334162, 0.338053, 0.426342, 0.426949, 0.486768, 0.5196, 0.555089, 0.585522, 0.615032, 0.680344, 0.708312, 0.718847, 0.744276, 0.822642, 0.888779, 0.901453, 0.974032, 1, 

25,30,0.001, 0.0572975, 0.0710024, 0.0775748, 0.102249, 0.143846, 0.165821, 0.417209, 0.717564, 0.819844, 1, 

Generation #5
37,18,0.001, 0.0449606, 0.0852407, 0.0946215, 0.107812, 0.123561, 0.167571, 0.174398, 0.217863, 0.298124, 0.3225, 0.338953, 0.345306, 0.362087, 0.380091, 0.429908, 0.446368, 0.458483, 0.478815, 0.526699, 0.625436, 0.638258, 0.718803, 0.730026, 0.880099, 0.995985, 1, 

38,13,0.001, 0.0300807, 0.0675646, 0.0892343, 0.0932941, 0.0945645, 0.102736, 0.132603, 0.243118, 0.327141, 0.333893, 0.334162, 0.338053, 0.426342, 0.426949, 0.486768, 0.5196, 0.555089, 0.585522, 0.615032, 0.680344, 0.708312, 0.718847, 0.744276, 0.822642, 0.888779, 0.901453, 0.974032, 1, 

25,30,0.001, 0.0572975, 0.0710024, 0.0775748, 0.102249, 0.143846, 0.165821, 0.417209, 0.717564, 0.819844, 1, 

26,20,0.001, 0.0552927, 0.0772806, 0.135931, 0.169732, 0.301383, 0.37145, 0.387469, 0.717564, 0.944236, 0.950682, 0.995941, 1, 

Generation #6
38,13,0.001, 0.0300807, 0.0675646, 0.0892343, 0.0932941, 0.0945645, 0.102736, 0.132603, 0.243118, 0.327141, 0.333893, 0.334162, 0.338053, 0.426342, 0.426949, 0.486768, 0.5196, 0.555089, 0.585522, 0.615032, 0.680344, 0.708312, 0.718847, 0.744276, 0.822642, 0.888779, 0.901453, 0.974032, 1, 

25,30,0.001, 0.0572975, 0.0710024, 0.0775748, 0.102249, 0.143846, 0.165821, 0.417209, 0.717564, 0.819844, 1, 

26,20,0.001, 0.0552927, 0.0772806, 0.135931, 0.169732, 0.301383, 0.37145, 0.387469, 0.717564, 0.944236, 0.950682, 0.995941, 1, 

32,15,0.001, 0.0300807, 0.0675646, 0.0892343, 0.0932941, 0.0945645, 0.102736, 0.132603, 0.243118, 0.290037, 0.310919, 0.341674, 0.375075, 0.864699, 0.887051, 0.528719, 0.958643, 1, 

Generation #7
38,13,0.001, 0.0300807, 0.0675646, 0.0892343, 0.0932941, 0.0945645, 0.102736, 0.132603, 0.243118, 0.327141, 0.333893, 0.334162, 0.338053, 0.426342, 0.426949, 0.486768, 0.5196, 0.555089, 0.585522, 0.615032, 0.680344, 0.708312, 0.718847, 0.744276, 0.822642, 0.888779, 0.901453, 0.974032, 1, 

25,30,0.001, 0.0572975, 0.0710024, 0.0775748, 0.102249, 0.143846, 0.165821, 0.417209, 0.717564, 0.819844, 1, 

26,20,0.001, 0.0552927, 0.0772806, 0.135931, 0.169732, 0.301383, 0.37145, 0.387469, 0.717564, 0.944236, 0.950682, 0.995941, 1, 

32,15,0.001, 0.0300807, 0.0675646, 0.0892343, 0.0932941, 0.0945645, 0.102736, 0.132603, 0.243118, 0.290037, 0.310919, 0.341674, 0.375075, 0.864699, 0.887051, 0.528719, 0.958643, 1, 

24,44,0.001, 0.0300807, 0.042737, 0.0812417, 0.113283, 0.195468, 0.165821, 0.417209, 0.717564, 0.864963, 1, 

Generation #8
38,13,0.001, 0.0300807, 0.0675646, 0.0892343, 0.0932941, 0.0945645, 0.102736, 0.132603, 0.243118, 0.327141, 0.333893, 0.334162, 0.338053, 0.426342, 0.426949, 0.486768, 0.5196, 0.555089, 0.585522, 0.615032, 0.680344, 0.708312, 0.718847, 0.744276, 0.822642, 0.888779, 0.901453, 0.974032, 1, 

25,30,0.001, 0.0572975, 0.0710024, 0.0775748, 0.102249, 0.143846, 0.165821, 0.417209, 0.717564, 0.819844, 1, 

26,20,0.001, 0.0552927, 0.0772806, 0.135931, 0.169732, 0.301383, 0.37145, 0.387469, 0.717564, 0.944236, 0.950682, 0.995941, 1, 

32,15,0.001, 0.0300807, 0.0675646, 0.0892343, 0.0932941, 0.0945645, 0.102736, 0.132603, 0.243118, 0.290037, 0.310919, 0.341674, 0.375075, 0.864699, 0.887051, 0.528719, 0.958643, 1, 

24,44,0.001, 0.0300807, 0.042737, 0.0812417, 0.113283, 0.195468, 0.165821, 0.417209, 0.717564, 0.864963, 1, 

Generation #9
38,13,0.001, 0.0300807, 0.0675646, 0.0892343, 0.0932941, 0.0945645, 0.102736, 0.132603, 0.243118, 0.327141, 0.333893, 0.334162, 0.338053, 0.426342, 0.426949, 0.486768, 0.5196, 0.555089, 0.585522, 0.615032, 0.680344, 0.708312, 0.718847, 0.744276, 0.822642, 0.888779, 0.901453, 0.974032, 1, 

25,30,0.001, 0.0572975, 0.0710024, 0.0775748, 0.102249, 0.143846, 0.165821, 0.417209, 0.717564, 0.819844, 1, 

26,20,0.001, 0.0552927, 0.0772806, 0.135931, 0.169732, 0.301383, 0.37145, 0.387469, 0.717564, 0.944236, 0.950682, 0.995941, 1, 

32,15,0.001, 0.0300807, 0.0675646, 0.0892343, 0.0932941, 0.0945645, 0.102736, 0.132603, 0.243118, 0.290037, 0.310919, 0.341674, 0.375075, 0.864699, 0.887051, 0.528719, 0.958643, 1, 

24,44,0.001, 0.0300807, 0.042737, 0.0812417, 0.113283, 0.195468, 0.165821, 0.417209, 0.717564, 0.864963, 1, 

Generation #10
38,13,0.001, 0.0300807, 0.0675646, 0.0892343, 0.0932941, 0.0945645, 0.102736, 0.132603, 0.243118, 0.327141, 0.333893, 0.334162, 0.338053, 0.426342, 0.426949, 0.486768, 0.5196, 0.555089, 0.585522, 0.615032, 0.680344, 0.708312, 0.718847, 0.744276, 0.822642, 0.888779, 0.901453, 0.974032, 1, 

26,20,0.001, 0.0552927, 0.0772806, 0.135931, 0.169732, 0.301383, 0.37145, 0.387469, 0.717564, 0.944236, 0.950682, 0.995941, 1, 

32,15,0.001, 0.0300807, 0.0675646, 0.0892343, 0.0932941, 0.0945645, 0.102736, 0.132603, 0.243118, 0.290037, 0.310919, 0.341674, 0.375075, 0.864699, 0.887051, 0.528719, 0.958643, 1, 

24,29,0.001, 0.0449606, 0.0710024, 0.0946215, 0.107812, 0.123561, 0.167571, 0.174398, 0.217863, 0.298124, 0.3225, 0.338953, 0.988225, 1, 

Generation #11
38,13,0.001, 0.0300807, 0.0675646, 0.0892343, 0.0932941, 0.0945645, 0.102736, 0.132603, 0.243118, 0.327141, 0.333893, 0.334162, 0.338053, 0.426342, 0.426949, 0.486768, 0.5196, 0.555089, 0.585522, 0.615032, 0.680344, 0.708312, 0.718847, 0.744276, 0.822642, 0.888779, 0.901453, 0.974032, 1, 

32,15,0.001, 0.0300807, 0.0675646, 0.0892343, 0.0932941, 0.0945645, 0.102736, 0.132603, 0.243118, 0.290037, 0.310919, 0.341674, 0.375075, 0.864699, 0.887051, 0.528719, 0.958643, 1, 

24,29,0.001, 0.0449606, 0.0710024, 0.0946215, 0.107812, 0.123561, 0.167571, 0.174398, 0.217863, 0.298124, 0.3225, 0.338953, 0.988225, 1, 

25,17,0.001, 0.0449606, 0.0852407, 0.0812417, 0.0827363, 0.217921, 0.309905, 0.332629, 0.701714, 0.996222, 1, 

Generation #12
38,13,0.001, 0.0300807, 0.0675646, 0.0892343, 0.0932941, 0.0945645, 0.102736, 0.132603, 0.243118, 0.327141, 0.333893, 0.334162, 0.338053, 0.426342, 0.426949, 0.486768, 0.5196, 0.555089, 0.585522, 0.615032, 0.680344, 0.708312, 0.718847, 0.744276, 0.822642, 0.888779, 0.901453, 0.974032, 1, 

32,15,0.001, 0.0300807, 0.0675646, 0.0892343, 0.0932941, 0.0945645, 0.102736, 0.132603, 0.243118, 0.290037, 0.310919, 0.341674, 0.375075, 0.864699, 0.887051, 0.528719, 0.958643, 1, 

24,29,0.001, 0.0449606, 0.0710024, 0.0946215, 0.107812, 0.123561, 0.167571, 0.174398, 0.217863, 0.298124, 0.3225, 0.338953, 0.988225, 1, 

25,17,0.001, 0.0449606, 0.0852407, 0.0812417, 0.0827363, 0.217921, 0.309905, 0.332629, 0.701714, 0.996222, 1, 

23,38,0.001, 0.0300807, 0.0675646, 0.0892343, 0.0932941, 0.143846, 0.165821, 0.417209, 0.819844, 1, 

Generation #13
38,13,0.001, 0.0300807, 0.0675646, 0.0892343, 0.0932941, 0.0945645, 0.102736, 0.132603, 0.243118, 0.327141, 0.333893, 0.334162, 0.338053, 0.426342, 0.426949, 0.486768, 0.5196, 0.555089, 0.585522, 0.615032, 0.680344, 0.708312, 0.718847, 0.744276, 0.822642, 0.888779, 0.901453, 0.974032, 1, 

32,15,0.001, 0.0300807, 0.0675646, 0.0892343, 0.0932941, 0.0945645, 0.102736, 0.132603, 0.243118, 0.290037, 0.310919, 0.341674, 0.375075, 0.864699, 0.887051, 0.528719, 0.958643, 1, 

24,29,0.001, 0.0449606, 0.0710024, 0.0946215, 0.107812, 0.123561, 0.167571, 0.174398, 0.217863, 0.298124, 0.3225, 0.338953, 0.988225, 1, 

25,17,0.001, 0.0449606, 0.0852407, 0.0812417, 0.0827363, 0.217921, 0.309905, 0.332629, 0.701714, 0.996222, 1, 

23,38,0.001, 0.0300807, 0.0675646, 0.0892343, 0.0932941, 0.143846, 0.165821, 0.417209, 0.819844, 1, 

Generation #14
38,13,0.001, 0.0300807, 0.0675646, 0.0892343, 0.0932941, 0.0945645, 0.102736, 0.132603, 0.243118, 0.327141, 0.333893, 0.334162, 0.338053, 0.426342, 0.426949, 0.486768, 0.5196, 0.555089, 0.585522, 0.615032, 0.680344, 0.708312, 0.718847, 0.744276, 0.822642, 0.888779, 0.901453, 0.974032, 1, 

32,15,0.001, 0.0300807, 0.0675646, 0.0892343, 0.0932941, 0.0945645, 0.102736, 0.132603, 0.243118, 0.290037, 0.310919, 0.341674, 0.375075, 0.864699, 0.887051, 0.528719, 0.958643, 1, 

24,29,0.001, 0.0449606, 0.0710024, 0.0946215, 0.107812, 0.123561, 0.167571, 0.174398, 0.217863, 0.298124, 0.3225, 0.338953, 0.988225, 1, 

25,17,0.001, 0.0449606, 0.0852407, 0.0812417, 0.0827363, 0.217921, 0.309905, 0.332629, 0.701714, 0.996222, 1, 

23,38,0.001, 0.0300807, 0.0675646, 0.0892343, 0.0932941, 0.143846, 0.165821, 0.417209, 0.819844, 1, 

Generation #15
38,13,0.001, 0.0300807, 0.0675646, 0.0892343, 0.0932941, 0.0945645, 0.102736, 0.132603, 0.243118, 0.327141, 0.333893, 0.334162, 0.338053, 0.426342, 0.426949, 0.486768, 0.5196, 0.555089, 0.585522, 0.615032, 0.680344, 0.708312, 0.718847, 0.744276, 0.822642, 0.888779, 0.901453, 0.974032, 1, 

32,15,0.001, 0.0300807, 0.0675646, 0.0892343, 0.0932941, 0.0945645, 0.102736, 0.132603, 0.243118, 0.290037, 0.310919, 0.341674, 0.375075, 0.864699, 0.887051, 0.528719, 0.958643, 1, 

24,29,0.001, 0.0449606, 0.0710024, 0.0946215, 0.107812, 0.123561, 0.167571, 0.174398, 0.217863, 0.298124, 0.3225, 0.338953, 0.988225, 1, 

25,17,0.001, 0.0449606, 0.0852407, 0.0812417, 0.0827363, 0.217921, 0.309905, 0.332629, 0.701714, 0.996222, 1, 

23,38,0.001, 0.0300807, 0.0675646, 0.0892343, 0.0932941, 0.143846, 0.165821, 0.417209, 0.819844, 1, 

Generation #16
38,13,0.001, 0.0300807, 0.0675646, 0.0892343, 0.0932941, 0.0945645, 0.102736, 0.132603, 0.243118, 0.327141, 0.333893, 0.334162, 0.338053, 0.426342, 0.426949, 0.486768, 0.5196, 0.555089, 0.585522, 0.615032, 0.680344, 0.708312, 0.718847, 0.744276, 0.822642, 0.888779, 0.901453, 0.974032, 1, 

32,15,0.001, 0.0300807, 0.0675646, 0.0892343, 0.0932941, 0.0945645, 0.102736, 0.132603, 0.243118, 0.290037, 0.310919, 0.341674, 0.375075, 0.864699, 0.887051, 0.528719, 0.958643, 1, 

24,29,0.001, 0.0449606, 0.0710024, 0.0946215, 0.107812, 0.123561, 0.167571, 0.174398, 0.217863, 0.298124, 0.3225, 0.338953, 0.988225, 1, 

25,17,0.001, 0.0449606, 0.0852407, 0.0812417, 0.0827363, 0.217921, 0.309905, 0.332629, 0.701714, 0.996222, 1, 

23,38,0.001, 0.0300807, 0.0675646, 0.0892343, 0.0932941, 0.143846, 0.165821, 0.417209, 0.819844, 1, 

Generation #17
38,13,0.001, 0.0300807, 0.0675646, 0.0892343, 0.0932941, 0.0945645, 0.102736, 0.132603, 0.243118, 0.327141, 0.333893, 0.334162, 0.338053, 0.426342, 0.426949, 0.486768, 0.5196, 0.555089, 0.585522, 0.615032, 0.680344, 0.708312, 0.718847, 0.744276, 0.822642, 0.888779, 0.901453, 0.974032, 1, 

32,15,0.001, 0.0300807, 0.0675646, 0.0892343, 0.0932941, 0.0945645, 0.102736, 0.132603, 0.243118, 0.290037, 0.310919, 0.341674, 0.375075, 0.864699, 0.887051, 0.528719, 0.958643, 1, 

24,29,0.001, 0.0449606, 0.0710024, 0.0946215, 0.107812, 0.123561, 0.167571, 0.174398, 0.217863, 0.298124, 0.3225, 0.338953, 0.988225, 1, 

25,17,0.001, 0.0449606, 0.0852407, 0.0812417, 0.0827363, 0.217921, 0.309905, 0.332629, 0.701714, 0.996222, 1, 

23,38,0.001, 0.0300807, 0.0675646, 0.0892343, 0.0932941, 0.143846, 0.165821, 0.417209, 0.819844, 1, 

Generation #18
38,13,0.001, 0.0300807, 0.0675646, 0.0892343, 0.0932941, 0.0945645, 0.102736, 0.132603, 0.243118, 0.327141, 0.333893, 0.334162, 0.338053, 0.426342, 0.426949, 0.486768, 0.5196, 0.555089, 0.585522, 0.615032, 0.680344, 0.708312, 0.718847, 0.744276, 0.822642, 0.888779, 0.901453, 0.974032, 1, 

32,15,0.001, 0.0300807, 0.0675646, 0.0892343, 0.0932941, 0.0945645, 0.102736, 0.132603, 0.243118, 0.290037, 0.310919, 0.341674, 0.375075, 0.864699, 0.887051, 0.528719, 0.958643, 1, 

24,29,0.001, 0.0449606, 0.0710024, 0.0946215, 0.107812, 0.123561, 0.167571, 0.174398, 0.217863, 0.298124, 0.3225, 0.338953, 0.988225, 1, 

25,17,0.001, 0.0449606, 0.0852407, 0.0812417, 0.0827363, 0.217921, 0.309905, 0.332629, 0.701714, 0.996222, 1, 

23,38,0.001, 0.0300807, 0.0675646, 0.0892343, 0.0932941, 0.143846, 0.165821, 0.417209, 0.819844, 1, 

Generation #19
38,13,0.001, 0.0300807, 0.0675646, 0.0892343, 0.0932941, 0.0945645, 0.102736, 0.132603, 0.243118, 0.327141, 0.333893, 0.334162, 0.338053, 0.426342, 0.426949, 0.486768, 0.5196, 0.555089, 0.585522, 0.615032, 0.680344, 0.708312, 0.718847, 0.744276, 0.822642, 0.888779, 0.901453, 0.974032, 1, 

32,15,0.001, 0.0300807, 0.0675646, 0.0892343, 0.0932941, 0.0945645, 0.102736, 0.132603, 0.243118, 0.290037, 0.310919, 0.341674, 0.375075, 0.864699, 0.887051, 0.528719, 0.958643, 1, 

24,29,0.001, 0.0449606, 0.0710024, 0.0946215, 0.107812, 0.123561, 0.167571, 0.174398, 0.217863, 0.298124, 0.3225, 0.338953, 0.988225, 1, 

25,17,0.001, 0.0449606, 0.0852407, 0.0812417, 0.0827363, 0.217921, 0.309905, 0.332629, 0.701714, 0.996222, 1, 

23,38,0.001, 0.0300807, 0.0675646, 0.0892343, 0.0932941, 0.143846, 0.165821, 0.417209, 0.819844, 1, 

Generation #20
24,29,0.001, 0.0449606, 0.0710024, 0.0946215, 0.107812, 0.123561, 0.167571, 0.174398, 0.217863, 0.298124, 0.3225, 0.338953, 0.988225, 1, 

25,17,0.001, 0.0449606, 0.0852407, 0.0812417, 0.0827363, 0.217921, 0.309905, 0.332629, 0.701714, 0.996222, 1, 

23,38,0.001, 0.0300807, 0.0675646, 0.0892343, 0.0932941, 0.143846, 0.165821, 0.417209, 0.819844, 1, 

28,13,0.001, 0.0449606, 0.0710024, 0.0775748, 0.102249, 0.143846, 0.165821, 0.417209, 0.717564, 0.944236, 0.950682, 0.995941, 1, 

34,12,0.001, 0.0449606, 0.0710024, 0.0946215, 0.107812, 0.123561, 0.167571, 0.174398, 0.217863, 0.298124, 0.3225, 0.338953, 0.375075, 0.864699, 0.887051, 0.528719, 0.958643, 1, 

Generation #21
24,29,0.001, 0.0449606, 0.0710024, 0.0946215, 0.107812, 0.123561, 0.167571, 0.174398, 0.217863, 0.298124, 0.3225, 0.338953, 0.988225, 1, 

23,38,0.001, 0.0300807, 0.0675646, 0.0892343, 0.0932941, 0.143846, 0.165821, 0.417209, 0.819844, 1, 

28,13,0.001, 0.0449606, 0.0710024, 0.0775748, 0.102249, 0.143846, 0.165821, 0.417209, 0.717564, 0.944236, 0.950682, 0.995941, 1, 

34,12,0.001, 0.0449606, 0.0710024, 0.0946215, 0.107812, 0.123561, 0.167571, 0.174398, 0.217863, 0.298124, 0.3225, 0.338953, 0.375075, 0.864699, 0.887051, 0.528719, 0.958643, 1, 

25,16,0.001, 0.0549155, 0.0675646, 0.0775748, 0.102249, 0.143846, 0.165821, 0.417209, 0.717564, 0.864963, 1, 

Generation #22
24,29,0.001, 0.0449606, 0.0710024, 0.0946215, 0.107812, 0.123561, 0.167571, 0.174398, 0.217863, 0.298124, 0.3225, 0.338953, 0.988225, 1, 

23,38,0.001, 0.0300807, 0.0675646, 0.0892343, 0.0932941, 0.143846, 0.165821, 0.417209, 0.819844, 1, 

28,13,0.001, 0.0449606, 0.0710024, 0.0775748, 0.102249, 0.143846, 0.165821, 0.417209, 0.717564, 0.944236, 0.950682, 0.995941, 1, 

34,12,0.001, 0.0449606, 0.0710024, 0.0946215, 0.107812, 0.123561, 0.167571, 0.174398, 0.217863, 0.298124, 0.3225, 0.338953, 0.375075, 0.864699, 0.887051, 0.528719, 0.958643, 1, 

25,16,0.001, 0.0549155, 0.0675646, 0.0775748, 0.102249, 0.143846, 0.165821, 0.417209, 0.717564, 0.864963, 1, 

Generation #23
24,29,0.001, 0.0449606, 0.0710024, 0.0946215, 0.107812, 0.123561, 0.167571, 0.174398, 0.217863, 0.298124, 0.3225, 0.338953, 0.988225, 1, 

23,38,0.001, 0.0300807, 0.0675646, 0.0892343, 0.0932941, 0.143846, 0.165821, 0.417209, 0.819844, 1, 

28,13,0.001, 0.0449606, 0.0710024, 0.0775748, 0.102249, 0.143846, 0.165821, 0.417209, 0.717564, 0.944236, 0.950682, 0.995941, 1, 

34,12,0.001, 0.0449606, 0.0710024, 0.0946215, 0.107812, 0.123561, 0.167571, 0.174398, 0.217863, 0.298124, 0.3225, 0.338953, 0.375075, 0.864699, 0.887051, 0.528719, 0.958643, 1, 

25,16,0.001, 0.0549155, 0.0675646, 0.0775748, 0.102249, 0.143846, 0.165821, 0.417209, 0.717564, 0.864963, 1, 

Generation #24
24,29,0.001, 0.0449606, 0.0710024, 0.0946215, 0.107812, 0.123561, 0.167571, 0.174398, 0.217863, 0.298124, 0.3225, 0.338953, 0.988225, 1, 

23,38,0.001, 0.0300807, 0.0675646, 0.0892343, 0.0932941, 0.143846, 0.165821, 0.417209, 0.819844, 1, 

28,13,0.001, 0.0449606, 0.0710024, 0.0775748, 0.102249, 0.143846, 0.165821, 0.417209, 0.717564, 0.944236, 0.950682, 0.995941, 1, 

34,12,0.001, 0.0449606, 0.0710024, 0.0946215, 0.107812, 0.123561, 0.167571, 0.174398, 0.217863, 0.298124, 0.3225, 0.338953, 0.375075, 0.864699, 0.887051, 0.528719, 0.958643, 1, 

25,16,0.001, 0.0549155, 0.0675646, 0.0775748, 0.102249, 0.143846, 0.165821, 0.417209, 0.717564, 0.864963, 1, 

Generation #25
24,29,0.001, 0.0449606, 0.0710024, 0.0946215, 0.107812, 0.123561, 0.167571, 0.174398, 0.217863, 0.298124, 0.3225, 0.338953, 0.988225, 1, 

23,38,0.001, 0.0300807, 0.0675646, 0.0892343, 0.0932941, 0.143846, 0.165821, 0.417209, 0.819844, 1, 

28,13,0.001, 0.0449606, 0.0710024, 0.0775748, 0.102249, 0.143846, 0.165821, 0.417209, 0.717564, 0.944236, 0.950682, 0.995941, 1, 

34,12,0.001, 0.0449606, 0.0710024, 0.0946215, 0.107812, 0.123561, 0.167571, 0.174398, 0.217863, 0.298124, 0.3225, 0.338953, 0.375075, 0.864699, 0.887051, 0.528719, 0.958643, 1, 

25,16,0.001, 0.0549155, 0.0675646, 0.0775748, 0.102249, 0.143846, 0.165821, 0.417209, 0.717564, 0.864963, 1, 

Generation #26
28,13,0.001, 0.0449606, 0.0710024, 0.0775748, 0.102249, 0.143846, 0.165821, 0.417209, 0.717564, 0.944236, 0.950682, 0.995941, 1, 

34,12,0.001, 0.0449606, 0.0710024, 0.0946215, 0.107812, 0.123561, 0.167571, 0.174398, 0.217863, 0.298124, 0.3225, 0.338953, 0.375075, 0.864699, 0.887051, 0.528719, 0.958643, 1, 

25,16,0.001, 0.0549155, 0.0675646, 0.0775748, 0.102249, 0.143846, 0.165821, 0.417209, 0.717564, 0.864963, 1, 

24,24,0.001, 0.0852407, 0.0710024, 0.0775748, 0.102249, 0.143846, 0.165821, 0.417209, 0.717564, 0.819844, 1, 

21,25,0.001, 0.0449606, 0.042737, 0.0812417, 0.113283, 0.195468, 0.165821, 0.417209, 0.717564, 0.864963, 1, 

Generation #27
28,13,0.001, 0.0449606, 0.0710024, 0.0775748, 0.102249, 0.143846, 0.165821, 0.417209, 0.717564, 0.944236, 0.950682, 0.995941, 1, 

34,12,0.001, 0.0449606, 0.0710024, 0.0946215, 0.107812, 0.123561, 0.167571, 0.174398, 0.217863, 0.298124, 0.3225, 0.338953, 0.375075, 0.864699, 0.887051, 0.528719, 0.958643, 1, 

25,16,0.001, 0.0549155, 0.0675646, 0.0775748, 0.102249, 0.143846, 0.165821, 0.417209, 0.717564, 0.864963, 1, 

24,24,0.001, 0.0852407, 0.0710024, 0.0775748, 0.102249, 0.143846, 0.165821, 0.417209, 0.717564, 0.819844, 1, 

21,25,0.001, 0.0449606, 0.042737, 0.0812417, 0.113283, 0.195468, 0.165821, 0.417209, 0.717564, 0.864963, 1, 

Generation #28
28,13,0.001, 0.0449606, 0.0710024, 0.0775748, 0.102249, 0.143846, 0.165821, 0.417209, 0.717564, 0.944236, 0.950682, 0.995941, 1, 

34,12,0.001, 0.0449606, 0.0710024, 0.0946215, 0.107812, 0.123561, 0.167571, 0.174398, 0.217863, 0.298124, 0.3225, 0.338953, 0.375075, 0.864699, 0.887051, 0.528719, 0.958643, 1, 

25,16,0.001, 0.0549155, 0.0675646, 0.0775748, 0.102249, 0.143846, 0.165821, 0.417209, 0.717564, 0.864963, 1, 

24,24,0.001, 0.0852407, 0.0710024, 0.0775748, 0.102249, 0.143846, 0.165821, 0.417209, 0.717564, 0.819844, 1, 

21,25,0.001, 0.0449606, 0.042737, 0.0812417, 0.113283, 0.195468, 0.165821, 0.417209, 0.717564, 0.864963, 1, 

Generation #29
28,13,0.001, 0.0449606, 0.0710024, 0.0775748, 0.102249, 0.143846, 0.165821, 0.417209, 0.717564, 0.944236, 0.950682, 0.995941, 1, 

34,12,0.001, 0.0449606, 0.0710024, 0.0946215, 0.107812, 0.123561, 0.167571, 0.174398, 0.217863, 0.298124, 0.3225, 0.338953, 0.375075, 0.864699, 0.887051, 0.528719, 0.958643, 1, 

25,16,0.001, 0.0549155, 0.0675646, 0.0775748, 0.102249, 0.143846, 0.165821, 0.417209, 0.717564, 0.864963, 1, 

21,25,0.001, 0.0449606, 0.042737, 0.0812417, 0.113283, 0.195468, 0.165821, 0.417209, 0.717564, 0.864963, 1, 

24,18,0.001, 0.0572975, 0.0710024, 0.0775748, 0.102249, 0.102249, 0.143846, 0.165821, 0.417209, 0.717564, 0.864963, 1, 

Generation #30
28,13,0.001, 0.0449606, 0.0710024, 0.0775748, 0.102249, 0.143846, 0.165821, 0.417209, 0.717564, 0.944236, 0.950682, 0.995941, 1, 

34,12,0.001, 0.0449606, 0.0710024, 0.0946215, 0.107812, 0.123561, 0.167571, 0.174398, 0.217863, 0.298124, 0.3225, 0.338953, 0.375075, 0.864699, 0.887051, 0.528719, 0.958643, 1, 

25,16,0.001, 0.0549155, 0.0675646, 0.0775748, 0.102249, 0.143846, 0.165821, 0.417209, 0.717564, 0.864963, 1, 

21,25,0.001, 0.0449606, 0.042737, 0.0812417, 0.113283, 0.195468, 0.165821, 0.417209, 0.717564, 0.864963, 1, 

24,18,0.001, 0.0572975, 0.0710024, 0.0775748, 0.102249, 0.102249, 0.143846, 0.165821, 0.417209, 0.717564, 0.864963, 1, 

Generation #31
28,13,0.001, 0.0449606, 0.0710024, 0.0775748, 0.102249, 0.143846, 0.165821, 0.417209, 0.717564, 0.944236, 0.950682, 0.995941, 1, 

34,12,0.001, 0.0449606, 0.0710024, 0.0946215, 0.107812, 0.123561, 0.167571, 0.174398, 0.217863, 0.298124, 0.3225, 0.338953, 0.375075, 0.864699, 0.887051, 0.528719, 0.958643, 1, 

25,16,0.001, 0.0549155, 0.0675646, 0.0775748, 0.102249, 0.143846, 0.165821, 0.417209, 0.717564, 0.864963, 1, 

21,25,0.001, 0.0449606, 0.042737, 0.0812417, 0.113283, 0.195468, 0.165821, 0.417209, 0.717564, 0.864963, 1, 

24,18,0.001, 0.0572975, 0.0710024, 0.0775748, 0.102249, 0.102249, 0.143846, 0.165821, 0.417209, 0.717564, 0.864963, 1, 

Generation #32
28,13,0.001, 0.0449606, 0.0710024, 0.0775748, 0.102249, 0.143846, 0.165821, 0.417209, 0.717564, 0.944236, 0.950682, 0.995941, 1, 

34,12,0.001, 0.0449606, 0.0710024, 0.0946215, 0.107812, 0.123561, 0.167571, 0.174398, 0.217863, 0.298124, 0.3225, 0.338953, 0.375075, 0.864699, 0.887051, 0.528719, 0.958643, 1, 

25,16,0.001, 0.0549155, 0.0675646, 0.0775748, 0.102249, 0.143846, 0.165821, 0.417209, 0.717564, 0.864963, 1, 

21,25,0.001, 0.0449606, 0.042737, 0.0812417, 0.113283, 0.195468, 0.165821, 0.417209, 0.717564, 0.864963, 1, 

24,18,0.001, 0.0572975, 0.0710024, 0.0775748, 0.102249, 0.102249, 0.143846, 0.165821, 0.417209, 0.717564, 0.864963, 1, 

Generation #33
28,13,0.001, 0.0449606, 0.0710024, 0.0775748, 0.102249, 0.143846, 0.165821, 0.417209, 0.717564, 0.944236, 0.950682, 0.995941, 1, 

34,12,0.001, 0.0449606, 0.0710024, 0.0946215, 0.107812, 0.123561, 0.167571, 0.174398, 0.217863, 0.298124, 0.3225, 0.338953, 0.375075, 0.864699, 0.887051, 0.528719, 0.958643, 1, 

25,16,0.001, 0.0549155, 0.0675646, 0.0775748, 0.102249, 0.143846, 0.165821, 0.417209, 0.717564, 0.864963, 1, 

21,25,0.001, 0.0449606, 0.042737, 0.0812417, 0.113283, 0.195468, 0.165821, 0.417209, 0.717564, 0.864963, 1, 

24,18,0.001, 0.0572975, 0.0710024, 0.0775748, 0.102249, 0.102249, 0.143846, 0.165821, 0.417209, 0.717564, 0.864963, 1, 

Generation #34
28,13,0.001, 0.0449606, 0.0710024, 0.0775748, 0.102249, 0.143846, 0.165821, 0.417209, 0.717564, 0.944236, 0.950682, 0.995941, 1, 

34,12,0.001, 0.0449606, 0.0710024, 0.0946215, 0.107812, 0.123561, 0.167571, 0.174398, 0.217863, 0.298124, 0.3225, 0.338953, 0.375075, 0.864699, 0.887051, 0.528719, 0.958643, 1, 

25,16,0.001, 0.0549155, 0.0675646, 0.0775748, 0.102249, 0.143846, 0.165821, 0.417209, 0.717564, 0.864963, 1, 

21,25,0.001, 0.0449606, 0.042737, 0.0812417, 0.113283, 0.195468, 0.165821, 0.417209, 0.717564, 0.864963, 1, 

24,18,0.001, 0.0572975, 0.0710024, 0.0775748, 0.102249, 0.102249, 0.143846, 0.165821, 0.417209, 0.717564, 0.864963, 1, 

Generation #35
28,13,0.001, 0.0449606, 0.0710024, 0.0775748, 0.102249, 0.143846, 0.165821, 0.417209, 0.717564, 0.944236, 0.950682, 0.995941, 1, 

34,12,0.001, 0.0449606, 0.0710024, 0.0946215, 0.107812, 0.123561, 0.167571, 0.174398, 0.217863, 0.298124, 0.3225, 0.338953, 0.375075, 0.864699, 0.887051, 0.528719, 0.958643, 1, 

25,16,0.001, 0.0549155, 0.0675646, 0.0775748, 0.102249, 0.143846, 0.165821, 0.417209, 0.717564, 0.864963, 1, 

21,25,0.001, 0.0449606, 0.042737, 0.0812417, 0.113283, 0.195468, 0.165821, 0.417209, 0.717564, 0.864963, 1, 

24,18,0.001, 0.0572975, 0.0710024, 0.0775748, 0.102249, 0.102249, 0.143846, 0.165821, 0.417209, 0.717564, 0.864963, 1, 

Generation #36
28,13,0.001, 0.0449606, 0.0710024, 0.0775748, 0.102249, 0.143846, 0.165821, 0.417209, 0.717564, 0.944236, 0.950682, 0.995941, 1, 

34,12,0.001, 0.0449606, 0.0710024, 0.0946215, 0.107812, 0.123561, 0.167571, 0.174398, 0.217863, 0.298124, 0.3225, 0.338953, 0.375075, 0.864699, 0.887051, 0.528719, 0.958643, 1, 

25,16,0.001, 0.0549155, 0.0675646, 0.0775748, 0.102249, 0.143846, 0.165821, 0.417209, 0.717564, 0.864963, 1, 

21,25,0.001, 0.0449606, 0.042737, 0.0812417, 0.113283, 0.195468, 0.165821, 0.417209, 0.717564, 0.864963, 1, 

24,18,0.001, 0.0572975, 0.0710024, 0.0775748, 0.102249, 0.102249, 0.143846, 0.165821, 0.417209, 0.717564, 0.864963, 1, 

Generation #37
28,13,0.001, 0.0449606, 0.0710024, 0.0775748, 0.102249, 0.143846, 0.165821, 0.417209, 0.717564, 0.944236, 0.950682, 0.995941, 1, 

34,12,0.001, 0.0449606, 0.0710024, 0.0946215, 0.107812, 0.123561, 0.167571, 0.174398, 0.217863, 0.298124, 0.3225, 0.338953, 0.375075, 0.864699, 0.887051, 0.528719, 0.958643, 1, 

25,16,0.001, 0.0549155, 0.0675646, 0.0775748, 0.102249, 0.143846, 0.165821, 0.417209, 0.717564, 0.864963, 1, 

21,25,0.001, 0.0449606, 0.042737, 0.0812417, 0.113283, 0.195468, 0.165821, 0.417209, 0.717564, 0.864963, 1, 

24,18,0.001, 0.0572975, 0.0710024, 0.0775748, 0.102249, 0.102249, 0.143846, 0.165821, 0.417209, 0.717564, 0.864963, 1, 

Generation #38
28,13,0.001, 0.0449606, 0.0710024, 0.0775748, 0.102249, 0.143846, 0.165821, 0.417209, 0.717564, 0.944236, 0.950682, 0.995941, 1, 

34,12,0.001, 0.0449606, 0.0710024, 0.0946215, 0.107812, 0.123561, 0.167571, 0.174398, 0.217863, 0.298124, 0.3225, 0.338953, 0.375075, 0.864699, 0.887051, 0.528719, 0.958643, 1, 

25,16,0.001, 0.0549155, 0.0675646, 0.0775748, 0.102249, 0.143846, 0.165821, 0.417209, 0.717564, 0.864963, 1, 

21,25,0.001, 0.0449606, 0.042737, 0.0812417, 0.113283, 0.195468, 0.165821, 0.417209, 0.717564, 0.864963, 1, 

24,18,0.001, 0.0572975, 0.0710024, 0.0775748, 0.102249, 0.102249, 0.143846, 0.165821, 0.417209, 0.717564, 0.864963, 1, 

23,24,0.001, 0.0300807, 0.042737, 0.0812417, 0.0932941, 0.143846, 0.165821, 0.417209, 0.819844, 1, 

Generation #39
28,13,0.001, 0.0449606, 0.0710024, 0.0775748, 0.102249, 0.143846, 0.165821, 0.417209, 0.717564, 0.944236, 0.950682, 0.995941, 1, 

34,12,0.001, 0.0449606, 0.0710024, 0.0946215, 0.107812, 0.123561, 0.167571, 0.174398, 0.217863, 0.298124, 0.3225, 0.338953, 0.375075, 0.864699, 0.887051, 0.528719, 0.958643, 1, 

25,16,0.001, 0.0549155, 0.0675646, 0.0775748, 0.102249, 0.143846, 0.165821, 0.417209, 0.717564, 0.864963, 1, 

21,25,0.001, 0.0449606, 0.042737, 0.0812417, 0.113283, 0.195468, 0.165821, 0.417209, 0.717564, 0.864963, 1, 

24,18,0.001, 0.0572975, 0.0710024, 0.0775748, 0.102249, 0.102249, 0.143846, 0.165821, 0.417209, 0.717564, 0.864963, 1, 

23,24,0.001, 0.0300807, 0.042737, 0.0812417, 0.0932941, 0.143846, 0.165821, 0.417209, 0.819844, 1, 

Generation #40
28,13,0.001, 0.0449606, 0.0710024, 0.0775748, 0.102249, 0.143846, 0.165821, 0.417209, 0.717564, 0.944236, 0.950682, 0.995941, 1, 

34,12,0.001, 0.0449606, 0.0710024, 0.0946215, 0.107812, 0.123561, 0.167571, 0.174398, 0.217863, 0.298124, 0.3225, 0.338953, 0.375075, 0.864699, 0.887051, 0.528719, 0.958643, 1, 

25,16,0.001, 0.0549155, 0.0675646, 0.0775748, 0.102249, 0.143846, 0.165821, 0.417209, 0.717564, 0.864963, 1, 

21,25,0.001, 0.0449606, 0.042737, 0.0812417, 0.113283, 0.195468, 0.165821, 0.417209, 0.717564, 0.864963, 1, 

24,18,0.001, 0.0572975, 0.0710024, 0.0775748, 0.102249, 0.102249, 0.143846, 0.165821, 0.417209, 0.717564, 0.864963, 1, 

23,24,0.001, 0.0300807, 0.042737, 0.0812417, 0.0932941, 0.143846, 0.165821, 0.417209, 0.819844, 1, 

Generation #41
28,13,0.001, 0.0449606, 0.0710024, 0.0775748, 0.102249, 0.143846, 0.165821, 0.417209, 0.717564, 0.944236, 0.950682, 0.995941, 1, 

34,12,0.001, 0.0449606, 0.0710024, 0.0946215, 0.107812, 0.123561, 0.167571, 0.174398, 0.217863, 0.298124, 0.3225, 0.338953, 0.375075, 0.864699, 0.887051, 0.528719, 0.958643, 1, 

25,16,0.001, 0.0549155, 0.0675646, 0.0775748, 0.102249, 0.143846, 0.165821, 0.417209, 0.717564, 0.864963, 1, 

21,25,0.001, 0.0449606, 0.042737, 0.0812417, 0.113283, 0.195468, 0.165821, 0.417209, 0.717564, 0.864963, 1, 

24,18,0.001, 0.0572975, 0.0710024, 0.0775748, 0.102249, 0.102249, 0.143846, 0.165821, 0.417209, 0.717564, 0.864963, 1, 

23,24,0.001, 0.0300807, 0.042737, 0.0812417, 0.0932941, 0.143846, 0.165821, 0.417209, 0.819844, 1, 

Generation #42
28,13,0.001, 0.0449606, 0.0710024, 0.0775748, 0.102249, 0.143846, 0.165821, 0.417209, 0.717564, 0.944236, 0.950682, 0.995941, 1, 

25,16,0.001, 0.0549155, 0.0675646, 0.0775748, 0.102249, 0.143846, 0.165821, 0.417209, 0.717564, 0.864963, 1, 

21,25,0.001, 0.0449606, 0.042737, 0.0812417, 0.113283, 0.195468, 0.165821, 0.417209, 0.717564, 0.864963, 1, 

24,18,0.001, 0.0572975, 0.0710024, 0.0775748, 0.102249, 0.102249, 0.143846, 0.165821, 0.417209, 0.717564, 0.864963, 1, 

23,24,0.001, 0.0300807, 0.042737, 0.0812417, 0.0932941, 0.143846, 0.165821, 0.417209, 0.819844, 1, 

31,10,0.001, 0.0572975, 0.0600311, 0.0638112, 0.0932941, 0.0945645, 0.102736, 0.132603, 0.243118, 0.290037, 0.310919, 0.341674, 0.375075, 0.864699, 0.887051, 0.528719, 0.958643, 1, 

Generation #43
28,13,0.001, 0.0449606, 0.0710024, 0.0775748, 0.102249, 0.143846, 0.165821, 0.417209, 0.717564, 0.944236, 0.950682, 0.995941, 1, 

21,25,0.001, 0.0449606, 0.042737, 0.0812417, 0.113283, 0.195468, 0.165821, 0.417209, 0.717564, 0.864963, 1, 

23,24,0.001, 0.0300807, 0.042737, 0.0812417, 0.0932941, 0.143846, 0.165821, 0.417209, 0.819844, 1, 

31,10,0.001, 0.0572975, 0.0600311, 0.0638112, 0.0932941, 0.0945645, 0.102736, 0.132603, 0.243118, 0.290037, 0.310919, 0.341674, 0.375075, 0.864699, 0.887051, 0.528719, 0.958643, 1, 

24,16,0.0572975, 0.0710024, 0.042737, 0.0812417, 0.0932941, 0.143846, 0.165821, 0.417209, 0.819844, 1, 

Generation #44
28,13,0.001, 0.0449606, 0.0710024, 0.0775748, 0.102249, 0.143846, 0.165821, 0.417209, 0.717564, 0.944236, 0.950682, 0.995941, 1, 

21,25,0.001, 0.0449606, 0.042737, 0.0812417, 0.113283, 0.195468, 0.165821, 0.417209, 0.717564, 0.864963, 1, 

23,24,0.001, 0.0300807, 0.042737, 0.0812417, 0.0932941, 0.143846, 0.165821, 0.417209, 0.819844, 1, 

31,10,0.001, 0.0572975, 0.0600311, 0.0638112, 0.0932941, 0.0945645, 0.102736, 0.132603, 0.243118, 0.290037, 0.310919, 0.341674, 0.375075, 0.864699, 0.887051, 0.528719, 0.958643, 1, 

24,16,0.0572975, 0.0710024, 0.042737, 0.0812417, 0.0932941, 0.143846, 0.165821, 0.417209, 0.819844, 1, 

Generation #45
28,13,0.001, 0.0449606, 0.0710024, 0.0775748, 0.102249, 0.143846, 0.165821, 0.417209, 0.717564, 0.944236, 0.950682, 0.995941, 1, 

21,25,0.001, 0.0449606, 0.042737, 0.0812417, 0.113283, 0.195468, 0.165821, 0.417209, 0.717564, 0.864963, 1, 

23,24,0.001, 0.0300807, 0.042737, 0.0812417, 0.0932941, 0.143846, 0.165821, 0.417209, 0.819844, 1, 

31,10,0.001, 0.0572975, 0.0600311, 0.0638112, 0.0932941, 0.0945645, 0.102736, 0.132603, 0.243118, 0.290037, 0.310919, 0.341674, 0.375075, 0.864699, 0.887051, 0.528719, 0.958643, 1, 

24,16,0.0572975, 0.0710024, 0.042737, 0.0812417, 0.0932941, 0.143846, 0.165821, 0.417209, 0.819844, 1, 

Generation #46
28,13,0.001, 0.0449606, 0.0710024, 0.0775748, 0.102249, 0.143846, 0.165821, 0.417209, 0.717564, 0.944236, 0.950682, 0.995941, 1, 

21,25,0.001, 0.0449606, 0.042737, 0.0812417, 0.113283, 0.195468, 0.165821, 0.417209, 0.717564, 0.864963, 1, 

23,24,0.001, 0.0300807, 0.042737, 0.0812417, 0.0932941, 0.143846, 0.165821, 0.417209, 0.819844, 1, 

24,16,0.0572975, 0.0710024, 0.042737, 0.0812417, 0.0932941, 0.143846, 0.165821, 0.417209, 0.819844, 1, 

30,10,0.001, 0.0300807, 0.042737, 0.0812417, 0.113283, 0.109391, 0.120344, 0.121859, 0.174898, 0.178442, 0.187073, 0.220302, 0.227647, 0.23113, 0.446182, 0.478573, 0.560608, 0.958643, 1, 

Generation #47
28,13,0.001, 0.0449606, 0.0710024, 0.0775748, 0.102249, 0.143846, 0.165821, 0.417209, 0.717564, 0.944236, 0.950682, 0.995941, 1, 

21,25,0.001, 0.0449606, 0.042737, 0.0812417, 0.113283, 0.195468, 0.165821, 0.417209, 0.717564, 0.864963, 1, 

23,24,0.001, 0.0300807, 0.042737, 0.0812417, 0.0932941, 0.143846, 0.165821, 0.417209, 0.819844, 1, 

24,16,0.0572975, 0.0710024, 0.042737, 0.0812417, 0.0932941, 0.143846, 0.165821, 0.417209, 0.819844, 1, 

30,10,0.001, 0.0300807, 0.042737, 0.0812417, 0.113283, 0.109391, 0.120344, 0.121859, 0.174898, 0.178442, 0.187073, 0.220302, 0.227647, 0.23113, 0.446182, 0.478573, 0.560608, 0.958643, 1, 

Generation #48
28,13,0.001, 0.0449606, 0.0710024, 0.0775748, 0.102249, 0.143846, 0.165821, 0.417209, 0.717564, 0.944236, 0.950682, 0.995941, 1, 

21,25,0.001, 0.0449606, 0.042737, 0.0812417, 0.113283, 0.195468, 0.165821, 0.417209, 0.717564, 0.864963, 1, 

23,24,0.001, 0.0300807, 0.042737, 0.0812417, 0.0932941, 0.143846, 0.165821, 0.417209, 0.819844, 1, 

24,16,0.0572975, 0.0710024, 0.042737, 0.0812417, 0.0932941, 0.143846, 0.165821, 0.417209, 0.819844, 1, 

30,10,0.001, 0.0300807, 0.042737, 0.0812417, 0.113283, 0.109391, 0.120344, 0.121859, 0.174898, 0.178442, 0.187073, 0.220302, 0.227647, 0.23113, 0.446182, 0.478573, 0.560608, 0.958643, 1, 

Generation #49
28,13,0.001, 0.0449606, 0.0710024, 0.0775748, 0.102249, 0.143846, 0.165821, 0.417209, 0.717564, 0.944236, 0.950682, 0.995941, 1, 

21,25,0.001, 0.0449606, 0.042737, 0.0812417, 0.113283, 0.195468, 0.165821, 0.417209, 0.717564, 0.864963, 1, 

23,24,0.001, 0.0300807, 0.042737, 0.0812417, 0.0932941, 0.143846, 0.165821, 0.417209, 0.819844, 1, 

24,16,0.0572975, 0.0710024, 0.042737, 0.0812417, 0.0932941, 0.143846, 0.165821, 0.417209, 0.819844, 1, 

30,10,0.001, 0.0300807, 0.042737, 0.0812417, 0.113283, 0.109391, 0.120344, 0.121859, 0.174898, 0.178442, 0.187073, 0.220302, 0.227647, 0.23113, 0.446182, 0.478573, 0.560608, 0.958643, 1, 

--- Pareto Front Solutions ---
Solution 0: N total=92 (N_initial=64, N_added=28), Time total=31 ms, Saved to: ./results/SPINV_t2_l3_pareto_0.csv, percents=0.001, 0.0449606, 0.0710024, 0.0775748, 0.102249, 0.143846, 0.165821, 0.417209, 0.717564, 0.944236, 0.950682, 0.995941, 1, 

Solution 1: N total=85 (N_initial=64, N_added=21), Time total=43 ms, Saved to: ./results/SPINV_t2_l3_pareto_1.csv, percents=0.001, 0.0449606, 0.042737, 0.0812417, 0.113283, 0.195468, 0.165821, 0.417209, 0.717564, 0.864963, 1, 

Solution 2: N total=87 (N_initial=64, N_added=23), Time total=42 ms, Saved to: ./results/SPINV_t2_l3_pareto_2.csv, percents=0.001, 0.0300807, 0.042737, 0.0812417, 0.0932941, 0.143846, 0.165821, 0.417209, 0.819844, 1, 

Solution 3: N total=88 (N_initial=64, N_added=24), Time total=34 ms, Saved to: ./results/SPINV_t2_l3_pareto_3.csv, percents=0.0572975, 0.0710024, 0.042737, 0.0812417, 0.0932941, 0.143846, 0.165821, 0.417209, 0.819844, 1, 

Solution 4: N total=94 (N_initial=64, N_added=30), Time total=28 ms, Saved to: ./results/SPINV_t2_l3_pareto_4.csv, percents=0.001, 0.0300807, 0.042737, 0.0812417, 0.113283, 0.109391, 0.120344, 0.121859, 0.174898, 0.178442, 0.187073, 0.220302, 0.227647, 0.23113, 0.446182, 0.478573, 0.560608, 0.958643, 1, 

------------d=1, t=2, lambda=4, filename=./evaluation/SPINV/SPINV_2_4.csv------------
Computing partitioned counts of d-sets...
Ready to look at pairs based on partitioned counts...
First Stage N=82, Time=16
There are 22 remaining non-locating pairs
--- Running GA Algorithm (phase2) ---
Running GA with std::execution::par
Generation #0
24,7,0.001, 0.0906958, 0.150897, 0.212059, 0.24753, 0.360264, 0.534539, 0.593081, 0.706502, 0.742134, 0.804379, 1, 

31,5,0.001, 0.0542316, 0.0949411, 0.197063, 0.212118, 0.255469, 0.279027, 0.400252, 0.405684, 0.462125, 0.471843, 0.694468, 0.733244, 0.737882, 0.802302, 0.818852, 0.822582, 0.84284, 0.85419, 0.940763, 0.973454, 1, 

Generation #1
21,5,0.001, 0.0771211, 0.0807943, 0.0981107, 0.218471, 0.252012, 0.25549, 0.266514, 0.287487, 0.292997, 0.954897, 1, 

Generation #2
21,5,0.001, 0.0771211, 0.0807943, 0.0981107, 0.218471, 0.252012, 0.25549, 0.266514, 0.287487, 0.292997, 0.954897, 1, 

Generation #3
21,5,0.001, 0.0771211, 0.0807943, 0.0981107, 0.218471, 0.252012, 0.25549, 0.266514, 0.287487, 0.292997, 0.954897, 1, 

Generation #4
21,5,0.001, 0.0771211, 0.0807943, 0.0981107, 0.218471, 0.252012, 0.25549, 0.266514, 0.287487, 0.292997, 0.954897, 1, 

Generation #5
26,2,0.001, 0.0145606, 0.0687617, 0.0851408, 0.155138, 0.164551, 0.277516, 0.344861, 0.886313, 0.461548, 0.559054, 0.579564, 0.893911, 0.569991, 0.682078, 0.694892, 0.858032, 0.911647, 0.925631, 0.940542, 1, 

20,5,0.001, 0.0493104, 0.0509765, 0.0839013, 0.0952887, 0.119581, 0.127848, 0.21359, 0.216001, 0.405561, 0.954897, 1, 

Generation #6
26,2,0.001, 0.0145606, 0.0687617, 0.0851408, 0.155138, 0.164551, 0.277516, 0.344861, 0.886313, 0.461548, 0.559054, 0.579564, 0.893911, 0.569991, 0.682078, 0.694892, 0.858032, 0.911647, 0.925631, 0.940542, 1, 

20,5,0.001, 0.0493104, 0.0509765, 0.0839013, 0.0952887, 0.119581, 0.127848, 0.21359, 0.216001, 0.405561, 0.954897, 1, 

Generation #7
26,2,0.001, 0.0145606, 0.0687617, 0.0851408, 0.155138, 0.164551, 0.277516, 0.344861, 0.886313, 0.461548, 0.559054, 0.579564, 0.893911, 0.569991, 0.682078, 0.694892, 0.858032, 0.911647, 0.925631, 0.940542, 1, 

20,5,0.001, 0.0493104, 0.0509765, 0.0839013, 0.0952887, 0.119581, 0.127848, 0.21359, 0.216001, 0.405561, 0.954897, 1, 

Generation #8
26,2,0.001, 0.0145606, 0.0687617, 0.0851408, 0.155138, 0.164551, 0.277516, 0.344861, 0.886313, 0.461548, 0.559054, 0.579564, 0.893911, 0.569991, 0.682078, 0.694892, 0.858032, 0.911647, 0.925631, 0.940542, 1, 

20,5,0.001, 0.0493104, 0.0509765, 0.0839013, 0.0952887, 0.119581, 0.127848, 0.21359, 0.216001, 0.405561, 0.954897, 1, 

23,4,0.001, 0.0531588, 0.0834168, 0.102106, 0.224726, 0.309623, 0.344753, 0.384128, 0.430036, 0.459857, 0.872428, 0.804379, 1, 

Generation #9
26,2,0.001, 0.0145606, 0.0687617, 0.0851408, 0.155138, 0.164551, 0.277516, 0.344861, 0.886313, 0.461548, 0.559054, 0.579564, 0.893911, 0.569991, 0.682078, 0.694892, 0.858032, 0.911647, 0.925631, 0.940542, 1, 

20,5,0.001, 0.0493104, 0.0509765, 0.0839013, 0.0952887, 0.119581, 0.127848, 0.21359, 0.216001, 0.405561, 0.954897, 1, 

23,4,0.001, 0.0531588, 0.0834168, 0.102106, 0.224726, 0.309623, 0.344753, 0.384128, 0.430036, 0.459857, 0.872428, 0.804379, 1, 

Generation #10
26,2,0.001, 0.0145606, 0.0687617, 0.0851408, 0.155138, 0.164551, 0.277516, 0.344861, 0.886313, 0.461548, 0.559054, 0.579564, 0.893911, 0.569991, 0.682078, 0.694892, 0.858032, 0.911647, 0.925631, 0.940542, 1, 

20,5,0.001, 0.0493104, 0.0509765, 0.0839013, 0.0952887, 0.119581, 0.127848, 0.21359, 0.216001, 0.405561, 0.954897, 1, 

23,4,0.001, 0.0531588, 0.0834168, 0.102106, 0.224726, 0.309623, 0.344753, 0.384128, 0.430036, 0.459857, 0.872428, 0.804379, 1, 

18,6,0.001, 0.0488626, 0.0544017, 0.116647, 0.181253, 0.274522, 0.462673, 0.602106, 0.804607, 0.856583, 1, 

Generation #11
26,2,0.001, 0.0145606, 0.0687617, 0.0851408, 0.155138, 0.164551, 0.277516, 0.344861, 0.886313, 0.461548, 0.559054, 0.579564, 0.893911, 0.569991, 0.682078, 0.694892, 0.858032, 0.911647, 0.925631, 0.940542, 1, 

20,5,0.001, 0.0493104, 0.0509765, 0.0839013, 0.0952887, 0.119581, 0.127848, 0.21359, 0.216001, 0.405561, 0.954897, 1, 

23,4,0.001, 0.0531588, 0.0834168, 0.102106, 0.224726, 0.309623, 0.344753, 0.384128, 0.430036, 0.459857, 0.872428, 0.804379, 1, 

18,6,0.001, 0.0488626, 0.0544017, 0.116647, 0.181253, 0.274522, 0.462673, 0.602106, 0.804607, 0.856583, 1, 

Generation #12
26,2,0.001, 0.0145606, 0.0687617, 0.0851408, 0.155138, 0.164551, 0.277516, 0.344861, 0.886313, 0.461548, 0.559054, 0.579564, 0.893911, 0.569991, 0.682078, 0.694892, 0.858032, 0.911647, 0.925631, 0.940542, 1, 

18,6,0.001, 0.0488626, 0.0544017, 0.116647, 0.181253, 0.274522, 0.462673, 0.602106, 0.804607, 0.856583, 1, 

19,4,0.001, 0.0605373, 0.0544017, 0.0839013, 0.0952887, 0.119581, 0.531247, 0.21359, 0.216001, 0.405561, 0.954897, 1, 

23,3,0.001, 0.0488626, 0.0544017, 0.116647, 0.181253, 0.164551, 0.277516, 0.593081, 0.706502, 0.742134, 0.954897, 1, 

Generation #13
26,2,0.001, 0.0145606, 0.0687617, 0.0851408, 0.155138, 0.164551, 0.277516, 0.344861, 0.886313, 0.461548, 0.559054, 0.579564, 0.893911, 0.569991, 0.682078, 0.694892, 0.858032, 0.911647, 0.925631, 0.940542, 1, 

18,6,0.001, 0.0488626, 0.0544017, 0.116647, 0.181253, 0.274522, 0.462673, 0.602106, 0.804607, 0.856583, 1, 

19,4,0.001, 0.0605373, 0.0544017, 0.0839013, 0.0952887, 0.119581, 0.531247, 0.21359, 0.216001, 0.405561, 0.954897, 1, 

23,3,0.001, 0.0488626, 0.0544017, 0.116647, 0.181253, 0.164551, 0.277516, 0.593081, 0.706502, 0.742134, 0.954897, 1, 

Generation #14
26,2,0.001, 0.0145606, 0.0687617, 0.0851408, 0.155138, 0.164551, 0.277516, 0.344861, 0.886313, 0.461548, 0.559054, 0.579564, 0.893911, 0.569991, 0.682078, 0.694892, 0.858032, 0.911647, 0.925631, 0.940542, 1, 

18,6,0.001, 0.0488626, 0.0544017, 0.116647, 0.181253, 0.274522, 0.462673, 0.602106, 0.804607, 0.856583, 1, 

19,4,0.001, 0.0605373, 0.0544017, 0.0839013, 0.0952887, 0.119581, 0.531247, 0.21359, 0.216001, 0.405561, 0.954897, 1, 

23,3,0.001, 0.0488626, 0.0544017, 0.116647, 0.181253, 0.164551, 0.277516, 0.593081, 0.706502, 0.742134, 0.954897, 1, 

Generation #15
26,2,0.001, 0.0145606, 0.0687617, 0.0851408, 0.155138, 0.164551, 0.277516, 0.344861, 0.886313, 0.461548, 0.559054, 0.579564, 0.893911, 0.569991, 0.682078, 0.694892, 0.858032, 0.911647, 0.925631, 0.940542, 1, 

19,4,0.001, 0.0605373, 0.0544017, 0.0839013, 0.0952887, 0.119581, 0.531247, 0.21359, 0.216001, 0.405561, 0.954897, 1, 

23,3,0.001, 0.0488626, 0.0544017, 0.116647, 0.181253, 0.164551, 0.277516, 0.593081, 0.706502, 0.742134, 0.954897, 1, 

18,5,0.001, 0.0488626, 0.0544017, 0.116647, 0.181253, 0.274522, 0.0640843, 0.693979, 0.905948, 1, 

Generation #16
26,2,0.001, 0.0145606, 0.0687617, 0.0851408, 0.155138, 0.164551, 0.277516, 0.344861, 0.886313, 0.461548, 0.559054, 0.579564, 0.893911, 0.569991, 0.682078, 0.694892, 0.858032, 0.911647, 0.925631, 0.940542, 1, 

19,4,0.001, 0.0605373, 0.0544017, 0.0839013, 0.0952887, 0.119581, 0.531247, 0.21359, 0.216001, 0.405561, 0.954897, 1, 

23,3,0.001, 0.0488626, 0.0544017, 0.116647, 0.181253, 0.164551, 0.277516, 0.593081, 0.706502, 0.742134, 0.954897, 1, 

18,5,0.001, 0.0488626, 0.0544017, 0.116647, 0.181253, 0.274522, 0.0640843, 0.693979, 0.905948, 1, 

Generation #17
26,2,0.001, 0.0145606, 0.0687617, 0.0851408, 0.155138, 0.164551, 0.277516, 0.344861, 0.886313, 0.461548, 0.559054, 0.579564, 0.893911, 0.569991, 0.682078, 0.694892, 0.858032, 0.911647, 0.925631, 0.940542, 1, 

19,4,0.001, 0.0605373, 0.0544017, 0.0839013, 0.0952887, 0.119581, 0.531247, 0.21359, 0.216001, 0.405561, 0.954897, 1, 

23,3,0.001, 0.0488626, 0.0544017, 0.116647, 0.181253, 0.164551, 0.277516, 0.593081, 0.706502, 0.742134, 0.954897, 1, 

18,5,0.001, 0.0488626, 0.0544017, 0.116647, 0.181253, 0.274522, 0.0640843, 0.693979, 0.905948, 1, 

17,10,0.001, 0.0488626, 0.0544017, 0.116647, 0.155138, 0.602106, 0.804607, 0.856583, 1, 

Generation #18
26,2,0.001, 0.0145606, 0.0687617, 0.0851408, 0.155138, 0.164551, 0.277516, 0.344861, 0.886313, 0.461548, 0.559054, 0.579564, 0.893911, 0.569991, 0.682078, 0.694892, 0.858032, 0.911647, 0.925631, 0.940542, 1, 

19,4,0.001, 0.0605373, 0.0544017, 0.0839013, 0.0952887, 0.119581, 0.531247, 0.21359, 0.216001, 0.405561, 0.954897, 1, 

23,3,0.001, 0.0488626, 0.0544017, 0.116647, 0.181253, 0.164551, 0.277516, 0.593081, 0.706502, 0.742134, 0.954897, 1, 

18,5,0.001, 0.0488626, 0.0544017, 0.116647, 0.181253, 0.274522, 0.0640843, 0.693979, 0.905948, 1, 

17,10,0.001, 0.0488626, 0.0544017, 0.116647, 0.155138, 0.602106, 0.804607, 0.856583, 1, 

Generation #19
26,2,0.001, 0.0145606, 0.0687617, 0.0851408, 0.155138, 0.164551, 0.277516, 0.344861, 0.886313, 0.461548, 0.559054, 0.579564, 0.893911, 0.569991, 0.682078, 0.694892, 0.858032, 0.911647, 0.925631, 0.940542, 1, 

19,4,0.001, 0.0605373, 0.0544017, 0.0839013, 0.0952887, 0.119581, 0.531247, 0.21359, 0.216001, 0.405561, 0.954897, 1, 

23,3,0.001, 0.0488626, 0.0544017, 0.116647, 0.181253, 0.164551, 0.277516, 0.593081, 0.706502, 0.742134, 0.954897, 1, 

18,5,0.001, 0.0488626, 0.0544017, 0.116647, 0.181253, 0.274522, 0.0640843, 0.693979, 0.905948, 1, 

17,6,0.001, 0.0286209, 0.0887694, 0.169367, 0.247866, 0.280662, 0.292981, 0.21359, 0.216001, 0.405561, 0.954897, 1, 

Generation #20
26,2,0.001, 0.0145606, 0.0687617, 0.0851408, 0.155138, 0.164551, 0.277516, 0.344861, 0.886313, 0.461548, 0.559054, 0.579564, 0.893911, 0.569991, 0.682078, 0.694892, 0.858032, 0.911647, 0.925631, 0.940542, 1, 

19,4,0.001, 0.0605373, 0.0544017, 0.0839013, 0.0952887, 0.119581, 0.531247, 0.21359, 0.216001, 0.405561, 0.954897, 1, 

23,3,0.001, 0.0488626, 0.0544017, 0.116647, 0.181253, 0.164551, 0.277516, 0.593081, 0.706502, 0.742134, 0.954897, 1, 

18,5,0.001, 0.0488626, 0.0544017, 0.116647, 0.181253, 0.274522, 0.0640843, 0.693979, 0.905948, 1, 

17,6,0.001, 0.0286209, 0.0887694, 0.169367, 0.247866, 0.280662, 0.292981, 0.21359, 0.216001, 0.405561, 0.954897, 1, 

Generation #21
26,2,0.001, 0.0145606, 0.0687617, 0.0851408, 0.155138, 0.164551, 0.277516, 0.344861, 0.886313, 0.461548, 0.559054, 0.579564, 0.893911, 0.569991, 0.682078, 0.694892, 0.858032, 0.911647, 0.925631, 0.940542, 1, 

19,4,0.001, 0.0605373, 0.0544017, 0.0839013, 0.0952887, 0.119581, 0.531247, 0.21359, 0.216001, 0.405561, 0.954897, 1, 

23,3,0.001, 0.0488626, 0.0544017, 0.116647, 0.181253, 0.164551, 0.277516, 0.593081, 0.706502, 0.742134, 0.954897, 1, 

18,5,0.001, 0.0488626, 0.0544017, 0.116647, 0.181253, 0.274522, 0.0640843, 0.693979, 0.905948, 1, 

15,6,0.001, 0.0531588, 0.0834168, 0.102106, 0.224726, 0.309623, 0.344753, 0.856583, 1, 

Generation #22
26,2,0.001, 0.0145606, 0.0687617, 0.0851408, 0.155138, 0.164551, 0.277516, 0.344861, 0.886313, 0.461548, 0.559054, 0.579564, 0.893911, 0.569991, 0.682078, 0.694892, 0.858032, 0.911647, 0.925631, 0.940542, 1, 

19,4,0.001, 0.0605373, 0.0544017, 0.0839013, 0.0952887, 0.119581, 0.531247, 0.21359, 0.216001, 0.405561, 0.954897, 1, 

23,3,0.001, 0.0488626, 0.0544017, 0.116647, 0.181253, 0.164551, 0.277516, 0.593081, 0.706502, 0.742134, 0.954897, 1, 

18,5,0.001, 0.0488626, 0.0544017, 0.116647, 0.181253, 0.274522, 0.0640843, 0.693979, 0.905948, 1, 

15,6,0.001, 0.0531588, 0.0834168, 0.102106, 0.224726, 0.309623, 0.344753, 0.856583, 1, 

Generation #23
26,2,0.001, 0.0145606, 0.0687617, 0.0851408, 0.155138, 0.164551, 0.277516, 0.344861, 0.886313, 0.461548, 0.559054, 0.579564, 0.893911, 0.569991, 0.682078, 0.694892, 0.858032, 0.911647, 0.925631, 0.940542, 1, 

19,4,0.001, 0.0605373, 0.0544017, 0.0839013, 0.0952887, 0.119581, 0.531247, 0.21359, 0.216001, 0.405561, 0.954897, 1, 

23,3,0.001, 0.0488626, 0.0544017, 0.116647, 0.181253, 0.164551, 0.277516, 0.593081, 0.706502, 0.742134, 0.954897, 1, 

18,5,0.001, 0.0488626, 0.0544017, 0.116647, 0.181253, 0.274522, 0.0640843, 0.693979, 0.905948, 1, 

15,6,0.001, 0.0531588, 0.0834168, 0.102106, 0.224726, 0.309623, 0.344753, 0.856583, 1, 

Generation #24
26,2,0.001, 0.0145606, 0.0687617, 0.0851408, 0.155138, 0.164551, 0.277516, 0.344861, 0.886313, 0.461548, 0.559054, 0.579564, 0.893911, 0.569991, 0.682078, 0.694892, 0.858032, 0.911647, 0.925631, 0.940542, 1, 

19,4,0.001, 0.0605373, 0.0544017, 0.0839013, 0.0952887, 0.119581, 0.531247, 0.21359, 0.216001, 0.405561, 0.954897, 1, 

23,3,0.001, 0.0488626, 0.0544017, 0.116647, 0.181253, 0.164551, 0.277516, 0.593081, 0.706502, 0.742134, 0.954897, 1, 

18,5,0.001, 0.0488626, 0.0544017, 0.116647, 0.181253, 0.274522, 0.0640843, 0.693979, 0.905948, 1, 

15,6,0.001, 0.0531588, 0.0834168, 0.102106, 0.224726, 0.309623, 0.344753, 0.856583, 1, 

Generation #25
26,2,0.001, 0.0145606, 0.0687617, 0.0851408, 0.155138, 0.164551, 0.277516, 0.344861, 0.886313, 0.461548, 0.559054, 0.579564, 0.893911, 0.569991, 0.682078, 0.694892, 0.858032, 0.911647, 0.925631, 0.940542, 1, 

19,4,0.001, 0.0605373, 0.0544017, 0.0839013, 0.0952887, 0.119581, 0.531247, 0.21359, 0.216001, 0.405561, 0.954897, 1, 

23,3,0.001, 0.0488626, 0.0544017, 0.116647, 0.181253, 0.164551, 0.277516, 0.593081, 0.706502, 0.742134, 0.954897, 1, 

18,5,0.001, 0.0488626, 0.0544017, 0.116647, 0.181253, 0.274522, 0.0640843, 0.693979, 0.905948, 1, 

15,6,0.001, 0.0531588, 0.0834168, 0.102106, 0.224726, 0.309623, 0.344753, 0.856583, 1, 

Generation #26
18,5,0.001, 0.0488626, 0.0544017, 0.116647, 0.181253, 0.274522, 0.0640843, 0.693979, 0.905948, 1, 

15,6,0.001, 0.0531588, 0.0834168, 0.102106, 0.224726, 0.309623, 0.344753, 0.856583, 1, 

19,1,0.001, 0.0145606, 0.0509765, 0.0839013, 0.127281, 0.462673, 0.602106, 0.21359, 0.216001, 0.405561, 0.954897, 1, 

Generation #27
18,5,0.001, 0.0488626, 0.0544017, 0.116647, 0.181253, 0.274522, 0.0640843, 0.693979, 0.905948, 1, 

15,6,0.001, 0.0531588, 0.0834168, 0.102106, 0.224726, 0.309623, 0.344753, 0.856583, 1, 

19,1,0.001, 0.0145606, 0.0509765, 0.0839013, 0.127281, 0.462673, 0.602106, 0.21359, 0.216001, 0.405561, 0.954897, 1, 

Generation #28
15,6,0.001, 0.0531588, 0.0834168, 0.102106, 0.224726, 0.309623, 0.344753, 0.856583, 1, 

17,1,0.001, 0.0542316, 0.0509765, 0.0839013, 0.127281, 0.462673, 0.602106, 0.804607, 0.856583, 1, 

Generation #29
15,6,0.001, 0.0531588, 0.0834168, 0.102106, 0.224726, 0.309623, 0.344753, 0.856583, 1, 

17,1,0.001, 0.0542316, 0.0509765, 0.0839013, 0.127281, 0.462673, 0.602106, 0.804607, 0.856583, 1, 

Generation #30
15,6,0.001, 0.0531588, 0.0834168, 0.102106, 0.224726, 0.309623, 0.344753, 0.856583, 1, 

17,1,0.001, 0.0542316, 0.0509765, 0.0839013, 0.127281, 0.462673, 0.602106, 0.804607, 0.856583, 1, 

Generation #31
15,6,0.001, 0.0531588, 0.0834168, 0.102106, 0.224726, 0.309623, 0.344753, 0.856583, 1, 

17,1,0.001, 0.0542316, 0.0509765, 0.0839013, 0.127281, 0.462673, 0.602106, 0.804607, 0.856583, 1, 

Generation #32
15,6,0.001, 0.0531588, 0.0834168, 0.102106, 0.224726, 0.309623, 0.344753, 0.856583, 1, 

17,1,0.001, 0.0542316, 0.0509765, 0.0839013, 0.127281, 0.462673, 0.602106, 0.804607, 0.856583, 1, 

Generation #33
15,6,0.001, 0.0531588, 0.0834168, 0.102106, 0.224726, 0.309623, 0.344753, 0.856583, 1, 

17,1,0.001, 0.0542316, 0.0509765, 0.0839013, 0.127281, 0.462673, 0.602106, 0.804607, 0.856583, 1, 

Generation #34
15,6,0.001, 0.0531588, 0.0834168, 0.102106, 0.224726, 0.309623, 0.344753, 0.856583, 1, 

17,1,0.001, 0.0542316, 0.0509765, 0.0839013, 0.127281, 0.462673, 0.602106, 0.804607, 0.856583, 1, 

Generation #35
15,6,0.001, 0.0531588, 0.0834168, 0.102106, 0.224726, 0.309623, 0.344753, 0.856583, 1, 

17,1,0.001, 0.0542316, 0.0509765, 0.0839013, 0.127281, 0.462673, 0.602106, 0.804607, 0.856583, 1, 

Generation #36
15,6,0.001, 0.0531588, 0.0834168, 0.102106, 0.224726, 0.309623, 0.344753, 0.856583, 1, 

17,1,0.001, 0.0542316, 0.0509765, 0.0839013, 0.127281, 0.462673, 0.602106, 0.804607, 0.856583, 1, 

Generation #37
15,6,0.001, 0.0531588, 0.0834168, 0.102106, 0.224726, 0.309623, 0.344753, 0.856583, 1, 

17,1,0.001, 0.0542316, 0.0509765, 0.0839013, 0.127281, 0.462673, 0.602106, 0.804607, 0.856583, 1, 

Generation #38
15,6,0.001, 0.0531588, 0.0834168, 0.102106, 0.224726, 0.309623, 0.344753, 0.856583, 1, 

17,1,0.001, 0.0542316, 0.0509765, 0.0839013, 0.127281, 0.462673, 0.602106, 0.804607, 0.856583, 1, 

Generation #39
15,6,0.001, 0.0531588, 0.0834168, 0.102106, 0.224726, 0.309623, 0.344753, 0.856583, 1, 

17,1,0.001, 0.0542316, 0.0509765, 0.0839013, 0.127281, 0.462673, 0.602106, 0.804607, 0.856583, 1, 

Generation #40
15,6,0.001, 0.0531588, 0.0834168, 0.102106, 0.224726, 0.309623, 0.344753, 0.856583, 1, 

17,1,0.001, 0.0542316, 0.0509765, 0.0839013, 0.127281, 0.462673, 0.602106, 0.804607, 0.856583, 1, 

Generation #41
15,6,0.001, 0.0531588, 0.0834168, 0.102106, 0.224726, 0.309623, 0.344753, 0.856583, 1, 

17,1,0.001, 0.0542316, 0.0509765, 0.0839013, 0.127281, 0.462673, 0.602106, 0.804607, 0.856583, 1, 

Generation #42
15,6,0.001, 0.0531588, 0.0834168, 0.102106, 0.224726, 0.309623, 0.344753, 0.856583, 1, 

17,1,0.001, 0.0542316, 0.0509765, 0.0839013, 0.127281, 0.462673, 0.602106, 0.804607, 0.856583, 1, 

Generation #43
15,6,0.001, 0.0531588, 0.0834168, 0.102106, 0.224726, 0.309623, 0.344753, 0.856583, 1, 

17,1,0.001, 0.0542316, 0.0509765, 0.0839013, 0.127281, 0.462673, 0.602106, 0.804607, 0.856583, 1, 

Generation #44
15,6,0.001, 0.0531588, 0.0834168, 0.102106, 0.224726, 0.309623, 0.344753, 0.856583, 1, 

17,1,0.001, 0.0542316, 0.0509765, 0.0839013, 0.127281, 0.462673, 0.602106, 0.804607, 0.856583, 1, 

Generation #45
15,6,0.001, 0.0531588, 0.0834168, 0.102106, 0.224726, 0.309623, 0.344753, 0.856583, 1, 

17,1,0.001, 0.0542316, 0.0509765, 0.0839013, 0.127281, 0.462673, 0.602106, 0.804607, 0.856583, 1, 

Generation #46
15,6,0.001, 0.0531588, 0.0834168, 0.102106, 0.224726, 0.309623, 0.344753, 0.856583, 1, 

17,1,0.001, 0.0542316, 0.0509765, 0.0839013, 0.127281, 0.462673, 0.602106, 0.804607, 0.856583, 1, 

Generation #47
15,6,0.001, 0.0531588, 0.0834168, 0.102106, 0.224726, 0.309623, 0.344753, 0.856583, 1, 

17,1,0.001, 0.0542316, 0.0509765, 0.0839013, 0.127281, 0.462673, 0.602106, 0.804607, 0.856583, 1, 

Generation #48
15,6,0.001, 0.0531588, 0.0834168, 0.102106, 0.224726, 0.309623, 0.344753, 0.856583, 1, 

17,1,0.001, 0.0542316, 0.0509765, 0.0839013, 0.127281, 0.462673, 0.602106, 0.804607, 0.856583, 1, 

Generation #49
15,6,0.001, 0.0531588, 0.0834168, 0.102106, 0.224726, 0.309623, 0.344753, 0.856583, 1, 

17,1,0.001, 0.0542316, 0.0509765, 0.0839013, 0.127281, 0.462673, 0.602106, 0.804607, 0.856583, 1, 

--- Pareto Front Solutions ---
Solution 0: N total=97 (N_initial=82, N_added=15), Time total=22 ms, Saved to: ./results/SPINV_t2_l4_pareto_0.csv, percents=0.001, 0.0531588, 0.0834168, 0.102106, 0.224726, 0.309623, 0.344753, 0.856583, 1, 

Solution 1: N total=99 (N_initial=82, N_added=17), Time total=17 ms, Saved to: ./results/SPINV_t2_l4_pareto_1.csv, percents=0.001, 0.0542316, 0.0509765, 0.0839013, 0.127281, 0.462673, 0.602106, 0.804607, 0.856583, 1, 

