------------d=1, t=2, lambda=1, filename=./evaluation/SPINS/SPINS_2_1.csv------------
Grouping d-sets by partitioned row counts for detecting arrays...
Ready to look at pairs for detecting arrays...
First Stage N=24, Time=2
There are 2372 remaining non-locating pairs
--- Running GA Algorithm (phase2) ---
Running GA with std::execution::par
Generation #0
36,365,0.001, 0.0600788, 0.0635621, 0.186926, 0.393744, 0.428939, 0.462547, 0.528912, 0.586828, 0.59682, 0.710195, 0.749947, 0.797568, 0.797852, 0.857405, 1, 

30,868,0.001, 0.241673, 0.265286, 0.290314, 0.336279, 0.487772, 0.620769, 0.816555, 0.932469, 0.993654, 1, 

32,422,0.001, 0.0970704, 0.133815, 0.193307, 0.314824, 0.330009, 0.392028, 0.397921, 0.422169, 0.783244, 0.803073, 0.930679, 1, 

39,255,0.001, 0.0219461, 0.0261442, 0.0262016, 0.0663368, 0.100799, 0.164494, 0.217953, 0.230267, 0.239707, 0.475426, 0.477239, 0.511489, 0.606937, 0.610299, 0.685118, 0.749872, 0.761045, 0.79815, 0.843834, 0.85952, 0.956795, 1, 

38,261,0.001, 0.0141455, 0.0218816, 0.0456565, 0.126535, 0.171676, 0.223503, 0.360442, 0.365705, 0.45636, 0.479251, 0.508095, 0.573131, 0.69156, 0.698453, 0.828251, 0.841254, 0.951562, 1, 

31,696,0.001, 0.134803, 0.221837, 0.302436, 0.583685, 0.666923, 0.687387, 0.775528, 0.797689, 0.831146, 0.990146, 1, 

34,391,0.001, 0.0913149, 0.0944587, 0.224379, 0.371329, 0.372239, 0.376172, 0.471627, 0.496676, 0.646755, 0.764687, 0.803333, 0.833078, 0.955158, 1, 

Generation #1
29,365,0.001, 0.117456, 0.246838, 0.266876, 0.268594, 0.459387, 0.461979, 0.480012, 0.650595, 1, 

31,274,0.001, 0.0472392, 0.0794125, 0.33745, 0.371203, 0.465486, 0.467519, 0.710549, 0.845754, 0.979017, 1, 

33,171,0.001, 0.017851, 0.0501659, 0.0513067, 0.110065, 0.137015, 0.159559, 0.187127, 0.248876, 0.348108, 0.421249, 0.482314, 0.608711, 1, 

30,354,0.001, 0.0913149, 0.0944587, 0.224379, 0.336279, 0.487772, 0.620769, 0.816555, 0.932469, 0.993654, 1, 

45,163,0.001, 0.0219461, 0.0261442, 0.0262016, 0.0663368, 0.100799, 0.164494, 0.217953, 0.230267, 0.239707, 0.475426, 0.477239, 0.511489, 0.447858, 0.511963, 0.604414, 0.646296, 0.649432, 0.739572, 0.741345, 0.820452, 0.829236, 0.434962, 0.914191, 0.918131, 1, 

Generation #2
29,241,0.001, 0.0566752, 0.0752839, 0.0777061, 0.0863873, 0.459387, 0.461979, 0.480012, 0.650595, 1, 

32,197,0.001, 0.0566752, 0.0752839, 0.0777061, 0.0863873, 0.182181, 0.363872, 0.411498, 0.434517, 0.441918, 0.457509, 0.705202, 0.789084, 1, 

33,139,0.001, 0.0261442, 0.0262016, 0.0663368, 0.100799, 0.164494, 0.217953, 0.247358, 0.299091, 0.400537, 0.470213, 0.376729, 0.38517, 0.870795, 0.937226, 1, 

31,207,0.001, 0.0219461, 0.0261442, 0.0262016, 0.0663368, 0.465486, 0.467519, 0.643865, 0.749881, 0.83435, 0.852734, 1, 

37,125,0.001, 0.0219461, 0.0261442, 0.0262016, 0.0663368, 0.100799, 0.164494, 0.217953, 0.230267, 0.239707, 0.475426, 0.477239, 0.511489, 0.69156, 0.698453, 0.828251, 0.841254, 0.951562, 1, 

Generation #3
32,197,0.001, 0.0566752, 0.0752839, 0.0777061, 0.0863873, 0.182181, 0.363872, 0.411498, 0.434517, 0.441918, 0.457509, 0.705202, 0.789084, 1, 

33,139,0.001, 0.0261442, 0.0262016, 0.0663368, 0.100799, 0.164494, 0.217953, 0.247358, 0.299091, 0.400537, 0.470213, 0.376729, 0.38517, 0.870795, 0.937226, 1, 

31,207,0.001, 0.0219461, 0.0261442, 0.0262016, 0.0663368, 0.465486, 0.467519, 0.643865, 0.749881, 0.83435, 0.852734, 1, 

37,125,0.001, 0.0219461, 0.0261442, 0.0262016, 0.0663368, 0.100799, 0.164494, 0.217953, 0.230267, 0.239707, 0.475426, 0.477239, 0.511489, 0.69156, 0.698453, 0.828251, 0.841254, 0.951562, 1, 

28,247,0.001, 0.0219461, 0.0261442, 0.0262016, 0.0663368, 0.487772, 0.620769, 0.993654, 1, 

29,226,0.001, 0.0340047, 0.0752839, 0.0777061, 0.0863873, 0.459387, 0.461979, 0.480012, 0.650595, 1, 

Generation #4
37,125,0.001, 0.0219461, 0.0261442, 0.0262016, 0.0663368, 0.100799, 0.164494, 0.217953, 0.230267, 0.239707, 0.475426, 0.477239, 0.511489, 0.69156, 0.698453, 0.828251, 0.841254, 0.951562, 1, 

28,129,0.001, 0.0219461, 0.0261442, 0.0262016, 0.0663368, 0.100799, 0.164494, 0.217953, 0.230267, 0.239707, 1, 

Generation #5
28,129,0.001, 0.0219461, 0.0261442, 0.0262016, 0.0663368, 0.100799, 0.164494, 0.217953, 0.230267, 0.239707, 1, 

30,106,0.001, 0.0219461, 0.0261442, 0.0262016, 0.0663368, 0.137015, 0.159559, 0.187127, 0.248876, 0.348108, 0.421249, 0.482314, 0.608711, 1, 

Generation #6
28,129,0.001, 0.0219461, 0.0261442, 0.0262016, 0.0663368, 0.100799, 0.164494, 0.217953, 0.230267, 0.239707, 1, 

30,106,0.001, 0.0219461, 0.0261442, 0.0262016, 0.0663368, 0.137015, 0.159559, 0.187127, 0.248876, 0.348108, 0.421249, 0.482314, 0.608711, 1, 

32,105,0.001, 0.0219461, 0.0261442, 0.0262016, 0.0663368, 0.100799, 0.164494, 0.161136, 0.0929477, 0.905067, 0.913929, 0.96706, 0.968253, 0.992228, 1, 

Generation #7
28,129,0.001, 0.0219461, 0.0261442, 0.0262016, 0.0663368, 0.100799, 0.164494, 0.217953, 0.230267, 0.239707, 1, 

30,106,0.001, 0.0219461, 0.0261442, 0.0262016, 0.0663368, 0.137015, 0.159559, 0.187127, 0.248876, 0.348108, 0.421249, 0.482314, 0.608711, 1, 

32,105,0.001, 0.0219461, 0.0261442, 0.0262016, 0.0663368, 0.100799, 0.164494, 0.161136, 0.0929477, 0.905067, 0.913929, 0.96706, 0.968253, 0.992228, 1, 

Generation #8
28,129,0.001, 0.0219461, 0.0261442, 0.0262016, 0.0663368, 0.100799, 0.164494, 0.217953, 0.230267, 0.239707, 1, 

30,106,0.001, 0.0219461, 0.0261442, 0.0262016, 0.0663368, 0.137015, 0.159559, 0.187127, 0.248876, 0.348108, 0.421249, 0.482314, 0.608711, 1, 

32,105,0.001, 0.0219461, 0.0261442, 0.0262016, 0.0663368, 0.100799, 0.164494, 0.161136, 0.0929477, 0.905067, 0.913929, 0.96706, 0.968253, 0.992228, 1, 

29,125,0.001, 0.0261442, 0.0262016, 0.0663368, 0.100799, 0.164494, 0.217953, 0.247358, 0.299091, 0.400537, 0.470213, 1, 

Generation #9
28,129,0.001, 0.0219461, 0.0261442, 0.0262016, 0.0663368, 0.100799, 0.164494, 0.217953, 0.230267, 0.239707, 1, 

30,106,0.001, 0.0219461, 0.0261442, 0.0262016, 0.0663368, 0.137015, 0.159559, 0.187127, 0.248876, 0.348108, 0.421249, 0.482314, 0.608711, 1, 

32,105,0.001, 0.0219461, 0.0261442, 0.0262016, 0.0663368, 0.100799, 0.164494, 0.161136, 0.0929477, 0.905067, 0.913929, 0.96706, 0.968253, 0.992228, 1, 

29,125,0.001, 0.0261442, 0.0262016, 0.0663368, 0.100799, 0.164494, 0.217953, 0.247358, 0.299091, 0.400537, 0.470213, 1, 

26,173,0.001, 0.0219461, 0.0261442, 0.0262016, 0.0663368, 0.465486, 0.467519, 0.650595, 1, 

Generation #10
28,129,0.001, 0.0219461, 0.0261442, 0.0262016, 0.0663368, 0.100799, 0.164494, 0.217953, 0.230267, 0.239707, 1, 

30,106,0.001, 0.0219461, 0.0261442, 0.0262016, 0.0663368, 0.137015, 0.159559, 0.187127, 0.248876, 0.348108, 0.421249, 0.482314, 0.608711, 1, 

32,105,0.001, 0.0219461, 0.0261442, 0.0262016, 0.0663368, 0.100799, 0.164494, 0.161136, 0.0929477, 0.905067, 0.913929, 0.96706, 0.968253, 0.992228, 1, 

29,125,0.001, 0.0261442, 0.0262016, 0.0663368, 0.100799, 0.164494, 0.217953, 0.247358, 0.299091, 0.400537, 0.470213, 1, 

26,156,0.001, 0.0219461, 0.0261442, 0.0777061, 0.0863873, 0.182181, 0.363872, 0.411498, 0.434517, 1, 

Generation #11
28,129,0.001, 0.0219461, 0.0261442, 0.0262016, 0.0663368, 0.100799, 0.164494, 0.217953, 0.230267, 0.239707, 1, 

30,106,0.001, 0.0219461, 0.0261442, 0.0262016, 0.0663368, 0.137015, 0.159559, 0.187127, 0.248876, 0.348108, 0.421249, 0.482314, 0.608711, 1, 

32,105,0.001, 0.0219461, 0.0261442, 0.0262016, 0.0663368, 0.100799, 0.164494, 0.161136, 0.0929477, 0.905067, 0.913929, 0.96706, 0.968253, 0.992228, 1, 

29,125,0.001, 0.0261442, 0.0262016, 0.0663368, 0.100799, 0.164494, 0.217953, 0.247358, 0.299091, 0.400537, 0.470213, 1, 

26,156,0.001, 0.0219461, 0.0261442, 0.0777061, 0.0863873, 0.182181, 0.363872, 0.411498, 0.434517, 1, 

27,155,0.001, 0.0219461, 0.0261442, 0.0262016, 0.0663368, 0.182181, 0.199982, 0.212079, 1, 

Generation #12
30,106,0.001, 0.0219461, 0.0261442, 0.0262016, 0.0663368, 0.137015, 0.159559, 0.187127, 0.248876, 0.348108, 0.421249, 0.482314, 0.608711, 1, 

32,105,0.001, 0.0219461, 0.0261442, 0.0262016, 0.0663368, 0.100799, 0.164494, 0.161136, 0.0929477, 0.905067, 0.913929, 0.96706, 0.968253, 0.992228, 1, 

29,125,0.001, 0.0261442, 0.0262016, 0.0663368, 0.100799, 0.164494, 0.217953, 0.247358, 0.299091, 0.400537, 0.470213, 1, 

26,156,0.001, 0.0219461, 0.0261442, 0.0777061, 0.0863873, 0.182181, 0.363872, 0.411498, 0.434517, 1, 

27,155,0.001, 0.0219461, 0.0261442, 0.0262016, 0.0663368, 0.182181, 0.199982, 0.212079, 1, 

28,128,0.001, 0.0219461, 0.0261442, 0.0262016, 0.0663368, 0.164494, 0.217953, 1, 

Generation #13
30,106,0.001, 0.0219461, 0.0261442, 0.0262016, 0.0663368, 0.137015, 0.159559, 0.187127, 0.248876, 0.348108, 0.421249, 0.482314, 0.608711, 1, 

32,105,0.001, 0.0219461, 0.0261442, 0.0262016, 0.0663368, 0.100799, 0.164494, 0.161136, 0.0929477, 0.905067, 0.913929, 0.96706, 0.968253, 0.992228, 1, 

29,125,0.001, 0.0261442, 0.0262016, 0.0663368, 0.100799, 0.164494, 0.217953, 0.247358, 0.299091, 0.400537, 0.470213, 1, 

26,156,0.001, 0.0219461, 0.0261442, 0.0777061, 0.0863873, 0.182181, 0.363872, 0.411498, 0.434517, 1, 

28,128,0.001, 0.0219461, 0.0261442, 0.0262016, 0.0663368, 0.164494, 0.217953, 1, 

27,137,0.001, 0.0219461, 0.0261442, 0.0777061, 0.0863873, 0.182181, 0.199982, 0.212079, 1, 

Generation #14
27,137,0.001, 0.0219461, 0.0261442, 0.0777061, 0.0863873, 0.182181, 0.199982, 0.212079, 1, 

29,123,0.001, 0.0219461, 0.0261442, 0.0262016, 0.0663368, 0.137015, 0.164494, 0.0673408, 0.230267, 0.299091, 0.400537, 0.968253, 1, 

26,155,0.001, 0.0219461, 0.0261442, 0.0262016, 0.0663368, 0.100799, 0.164494, 0.217953, 0.650595, 1, 

28,126,0.001, 0.0219461, 0.0261442, 0.0262016, 0.0663368, 0.100799, 0.217953, 0.212079, 0.251531, 0.26423, 0.303305, 1, 

30,100,0.001, 0.0219461, 0.0261442, 0.0262016, 0.0663368, 0.100799, 0.164494, 0.217953, 0.230267, 0.239707, 0.475426, 1, 

Generation #15
26,155,0.001, 0.0219461, 0.0261442, 0.0262016, 0.0663368, 0.100799, 0.164494, 0.217953, 0.650595, 1, 

28,126,0.001, 0.0219461, 0.0261442, 0.0262016, 0.0663368, 0.100799, 0.217953, 0.212079, 0.251531, 0.26423, 0.303305, 1, 

30,100,0.001, 0.0219461, 0.0261442, 0.0262016, 0.0663368, 0.100799, 0.164494, 0.217953, 0.230267, 0.239707, 0.475426, 1, 

29,108,0.001, 0.0219461, 0.0261442, 0.0262016, 0.0663368, 0.100799, 0.164494, 0.217953, 0.230267, 0.239707, 0.475426, 1, 

27,129,0.001, 0.0219461, 0.0261442, 0.0262016, 0.0663368, 0.100799, 0.217953, 0.0990643, 0.348108, 0.421249, 0.482314, 0.608711, 1, 

Generation #16
26,155,0.001, 0.0219461, 0.0261442, 0.0262016, 0.0663368, 0.100799, 0.164494, 0.217953, 0.650595, 1, 

28,126,0.001, 0.0219461, 0.0261442, 0.0262016, 0.0663368, 0.100799, 0.217953, 0.212079, 0.251531, 0.26423, 0.303305, 1, 

30,100,0.001, 0.0219461, 0.0261442, 0.0262016, 0.0663368, 0.100799, 0.164494, 0.217953, 0.230267, 0.239707, 0.475426, 1, 

29,108,0.001, 0.0219461, 0.0261442, 0.0262016, 0.0663368, 0.100799, 0.164494, 0.217953, 0.230267, 0.239707, 0.475426, 1, 

27,129,0.001, 0.0219461, 0.0261442, 0.0262016, 0.0663368, 0.100799, 0.217953, 0.0990643, 0.348108, 0.421249, 0.482314, 0.608711, 1, 

Generation #17
26,155,0.001, 0.0219461, 0.0261442, 0.0262016, 0.0663368, 0.100799, 0.164494, 0.217953, 0.650595, 1, 

28,126,0.001, 0.0219461, 0.0261442, 0.0262016, 0.0663368, 0.100799, 0.217953, 0.212079, 0.251531, 0.26423, 0.303305, 1, 

30,100,0.001, 0.0219461, 0.0261442, 0.0262016, 0.0663368, 0.100799, 0.164494, 0.217953, 0.230267, 0.239707, 0.475426, 1, 

29,108,0.001, 0.0219461, 0.0261442, 0.0262016, 0.0663368, 0.100799, 0.164494, 0.217953, 0.230267, 0.239707, 0.475426, 1, 

27,129,0.001, 0.0219461, 0.0261442, 0.0262016, 0.0663368, 0.100799, 0.217953, 0.0990643, 0.348108, 0.421249, 0.482314, 0.608711, 1, 

Generation #18
26,155,0.001, 0.0219461, 0.0261442, 0.0262016, 0.0663368, 0.100799, 0.164494, 0.217953, 0.650595, 1, 

28,126,0.001, 0.0219461, 0.0261442, 0.0262016, 0.0663368, 0.100799, 0.217953, 0.212079, 0.251531, 0.26423, 0.303305, 1, 

30,100,0.001, 0.0219461, 0.0261442, 0.0262016, 0.0663368, 0.100799, 0.164494, 0.217953, 0.230267, 0.239707, 0.475426, 1, 

29,108,0.001, 0.0219461, 0.0261442, 0.0262016, 0.0663368, 0.100799, 0.164494, 0.217953, 0.230267, 0.239707, 0.475426, 1, 

27,129,0.001, 0.0219461, 0.0261442, 0.0262016, 0.0663368, 0.100799, 0.217953, 0.0990643, 0.348108, 0.421249, 0.482314, 0.608711, 1, 

Generation #19
28,126,0.001, 0.0219461, 0.0261442, 0.0262016, 0.0663368, 0.100799, 0.217953, 0.212079, 0.251531, 0.26423, 0.303305, 1, 

30,100,0.001, 0.0219461, 0.0261442, 0.0262016, 0.0663368, 0.100799, 0.164494, 0.217953, 0.230267, 0.239707, 0.475426, 1, 

29,108,0.001, 0.0219461, 0.0261442, 0.0262016, 0.0663368, 0.100799, 0.164494, 0.217953, 0.230267, 0.239707, 0.475426, 1, 

27,129,0.001, 0.0219461, 0.0261442, 0.0262016, 0.0663368, 0.100799, 0.217953, 0.0990643, 0.348108, 0.421249, 0.482314, 0.608711, 1, 

26,143,0.001, 0.0261442, 0.0261442, 0.0262016, 0.0663368, 0.100799, 0.199982, 0.363005, 1, 

Generation #20
30,100,0.001, 0.0219461, 0.0261442, 0.0262016, 0.0663368, 0.100799, 0.164494, 0.217953, 0.230267, 0.239707, 0.475426, 1, 

29,108,0.001, 0.0219461, 0.0261442, 0.0262016, 0.0663368, 0.100799, 0.164494, 0.217953, 0.230267, 0.239707, 0.475426, 1, 

26,143,0.001, 0.0261442, 0.0261442, 0.0262016, 0.0663368, 0.100799, 0.199982, 0.363005, 1, 

27,119,0.001, 0.0219461, 0.0261442, 0.0262016, 0.0663368, 0.100799, 0.217953, 0.243302, 1, 

Generation #21
30,100,0.001, 0.0219461, 0.0261442, 0.0262016, 0.0663368, 0.100799, 0.164494, 0.217953, 0.230267, 0.239707, 0.475426, 1, 

29,108,0.001, 0.0219461, 0.0261442, 0.0262016, 0.0663368, 0.100799, 0.164494, 0.217953, 0.230267, 0.239707, 0.475426, 1, 

26,143,0.001, 0.0261442, 0.0261442, 0.0262016, 0.0663368, 0.100799, 0.199982, 0.363005, 1, 

27,119,0.001, 0.0219461, 0.0261442, 0.0262016, 0.0663368, 0.100799, 0.217953, 0.243302, 1, 

Generation #22
30,100,0.001, 0.0219461, 0.0261442, 0.0262016, 0.0663368, 0.100799, 0.164494, 0.217953, 0.230267, 0.239707, 0.475426, 1, 

29,108,0.001, 0.0219461, 0.0261442, 0.0262016, 0.0663368, 0.100799, 0.164494, 0.217953, 0.230267, 0.239707, 0.475426, 1, 

26,143,0.001, 0.0261442, 0.0261442, 0.0262016, 0.0663368, 0.100799, 0.199982, 0.363005, 1, 

27,119,0.001, 0.0219461, 0.0261442, 0.0262016, 0.0663368, 0.100799, 0.217953, 0.243302, 1, 

Generation #23
30,100,0.001, 0.0219461, 0.0261442, 0.0262016, 0.0663368, 0.100799, 0.164494, 0.217953, 0.230267, 0.239707, 0.475426, 1, 

29,108,0.001, 0.0219461, 0.0261442, 0.0262016, 0.0663368, 0.100799, 0.164494, 0.217953, 0.230267, 0.239707, 0.475426, 1, 

26,114,0.001, 0.0219461, 0.0261442, 0.0262016, 0.0663368, 0.100799, 0.164494, 0.217953, 0.230267, 1, 

25,167,0.001, 0.0219461, 0.0262016, 0.0663368, 0.100799, 0.164494, 0.212079, 1, 

Generation #24
30,100,0.001, 0.0219461, 0.0261442, 0.0262016, 0.0663368, 0.100799, 0.164494, 0.217953, 0.230267, 0.239707, 0.475426, 1, 

29,108,0.001, 0.0219461, 0.0261442, 0.0262016, 0.0663368, 0.100799, 0.164494, 0.217953, 0.230267, 0.239707, 0.475426, 1, 

26,114,0.001, 0.0219461, 0.0261442, 0.0262016, 0.0663368, 0.100799, 0.164494, 0.217953, 0.230267, 1, 

25,167,0.001, 0.0219461, 0.0262016, 0.0663368, 0.100799, 0.164494, 0.212079, 1, 

Generation #25
30,100,0.001, 0.0219461, 0.0261442, 0.0262016, 0.0663368, 0.100799, 0.164494, 0.217953, 0.230267, 0.239707, 0.475426, 1, 

29,108,0.001, 0.0219461, 0.0261442, 0.0262016, 0.0663368, 0.100799, 0.164494, 0.217953, 0.230267, 0.239707, 0.475426, 1, 

26,114,0.001, 0.0219461, 0.0261442, 0.0262016, 0.0663368, 0.100799, 0.164494, 0.217953, 0.230267, 1, 

24,156,0.001, 0.0261442, 0.0262016, 0.0663368, 0.100799, 0.164494, 0.217953, 1, 

Generation #26
30,100,0.001, 0.0219461, 0.0261442, 0.0262016, 0.0663368, 0.100799, 0.164494, 0.217953, 0.230267, 0.239707, 0.475426, 1, 

29,108,0.001, 0.0219461, 0.0261442, 0.0262016, 0.0663368, 0.100799, 0.164494, 0.217953, 0.230267, 0.239707, 0.475426, 1, 

26,114,0.001, 0.0219461, 0.0261442, 0.0262016, 0.0663368, 0.100799, 0.164494, 0.217953, 0.230267, 1, 

24,156,0.001, 0.0261442, 0.0262016, 0.0663368, 0.100799, 0.164494, 0.217953, 1, 

Generation #27
30,100,0.001, 0.0219461, 0.0261442, 0.0262016, 0.0663368, 0.100799, 0.164494, 0.217953, 0.230267, 0.239707, 0.475426, 1, 

29,108,0.001, 0.0219461, 0.0261442, 0.0262016, 0.0663368, 0.100799, 0.164494, 0.217953, 0.230267, 0.239707, 0.475426, 1, 

26,114,0.001, 0.0219461, 0.0261442, 0.0262016, 0.0663368, 0.100799, 0.164494, 0.217953, 0.230267, 1, 

24,156,0.001, 0.0261442, 0.0262016, 0.0663368, 0.100799, 0.164494, 0.217953, 1, 

Generation #28
26,114,0.001, 0.0219461, 0.0261442, 0.0262016, 0.0663368, 0.100799, 0.164494, 0.217953, 0.230267, 1, 

24,156,0.001, 0.0261442, 0.0262016, 0.0663368, 0.100799, 0.164494, 0.217953, 1, 

27,99,0.001, 0.0219461, 0.0261442, 0.0262016, 0.0663368, 0.100799, 0.199982, 0.212079, 0.251531, 0.239707, 1, 

Generation #29
26,114,0.001, 0.0219461, 0.0261442, 0.0262016, 0.0663368, 0.100799, 0.164494, 0.217953, 0.230267, 1, 

24,156,0.001, 0.0261442, 0.0262016, 0.0663368, 0.100799, 0.164494, 0.217953, 1, 

27,99,0.001, 0.0219461, 0.0261442, 0.0262016, 0.0663368, 0.100799, 0.199982, 0.212079, 0.251531, 0.239707, 1, 

Generation #30
26,114,0.001, 0.0219461, 0.0261442, 0.0262016, 0.0663368, 0.100799, 0.164494, 0.217953, 0.230267, 1, 

24,156,0.001, 0.0261442, 0.0262016, 0.0663368, 0.100799, 0.164494, 0.217953, 1, 

27,99,0.001, 0.0219461, 0.0261442, 0.0262016, 0.0663368, 0.100799, 0.199982, 0.212079, 0.251531, 0.239707, 1, 

Generation #31
26,114,0.001, 0.0219461, 0.0261442, 0.0262016, 0.0663368, 0.100799, 0.164494, 0.217953, 0.230267, 1, 

24,156,0.001, 0.0261442, 0.0262016, 0.0663368, 0.100799, 0.164494, 0.217953, 1, 

27,99,0.001, 0.0219461, 0.0261442, 0.0262016, 0.0663368, 0.100799, 0.199982, 0.212079, 0.251531, 0.239707, 1, 

Generation #32
26,114,0.001, 0.0219461, 0.0261442, 0.0262016, 0.0663368, 0.100799, 0.164494, 0.217953, 0.230267, 1, 

24,156,0.001, 0.0261442, 0.0262016, 0.0663368, 0.100799, 0.164494, 0.217953, 1, 

27,99,0.001, 0.0219461, 0.0261442, 0.0262016, 0.0663368, 0.100799, 0.199982, 0.212079, 0.251531, 0.239707, 1, 

Generation #33
26,114,0.001, 0.0219461, 0.0261442, 0.0262016, 0.0663368, 0.100799, 0.164494, 0.217953, 0.230267, 1, 

24,156,0.001, 0.0261442, 0.0262016, 0.0663368, 0.100799, 0.164494, 0.217953, 1, 

27,99,0.001, 0.0219461, 0.0261442, 0.0262016, 0.0663368, 0.100799, 0.199982, 0.212079, 0.251531, 0.239707, 1, 

Generation #34
26,114,0.001, 0.0219461, 0.0261442, 0.0262016, 0.0663368, 0.100799, 0.164494, 0.217953, 0.230267, 1, 

24,156,0.001, 0.0261442, 0.0262016, 0.0663368, 0.100799, 0.164494, 0.217953, 1, 

27,99,0.001, 0.0219461, 0.0261442, 0.0262016, 0.0663368, 0.100799, 0.199982, 0.212079, 0.251531, 0.239707, 1, 

Generation #35
26,114,0.001, 0.0219461, 0.0261442, 0.0262016, 0.0663368, 0.100799, 0.164494, 0.217953, 0.230267, 1, 

24,156,0.001, 0.0261442, 0.0262016, 0.0663368, 0.100799, 0.164494, 0.217953, 1, 

27,99,0.001, 0.0219461, 0.0261442, 0.0262016, 0.0663368, 0.100799, 0.199982, 0.212079, 0.251531, 0.239707, 1, 

Generation #36
26,114,0.001, 0.0219461, 0.0261442, 0.0262016, 0.0663368, 0.100799, 0.164494, 0.217953, 0.230267, 1, 

24,156,0.001, 0.0261442, 0.0262016, 0.0663368, 0.100799, 0.164494, 0.217953, 1, 

27,99,0.001, 0.0219461, 0.0261442, 0.0262016, 0.0663368, 0.100799, 0.199982, 0.212079, 0.251531, 0.239707, 1, 

Generation #37
26,114,0.001, 0.0219461, 0.0261442, 0.0262016, 0.0663368, 0.100799, 0.164494, 0.217953, 0.230267, 1, 

24,156,0.001, 0.0261442, 0.0262016, 0.0663368, 0.100799, 0.164494, 0.217953, 1, 

27,99,0.001, 0.0219461, 0.0261442, 0.0262016, 0.0663368, 0.100799, 0.199982, 0.212079, 0.251531, 0.239707, 1, 

Generation #38
26,114,0.001, 0.0219461, 0.0261442, 0.0262016, 0.0663368, 0.100799, 0.164494, 0.217953, 0.230267, 1, 

24,156,0.001, 0.0261442, 0.0262016, 0.0663368, 0.100799, 0.164494, 0.217953, 1, 

27,99,0.001, 0.0219461, 0.0261442, 0.0262016, 0.0663368, 0.100799, 0.199982, 0.212079, 0.251531, 0.239707, 1, 

Generation #39
26,114,0.001, 0.0219461, 0.0261442, 0.0262016, 0.0663368, 0.100799, 0.164494, 0.217953, 0.230267, 1, 

24,156,0.001, 0.0261442, 0.0262016, 0.0663368, 0.100799, 0.164494, 0.217953, 1, 

27,99,0.001, 0.0219461, 0.0261442, 0.0262016, 0.0663368, 0.100799, 0.199982, 0.212079, 0.251531, 0.239707, 1, 

Generation #40
26,114,0.001, 0.0219461, 0.0261442, 0.0262016, 0.0663368, 0.100799, 0.164494, 0.217953, 0.230267, 1, 

24,156,0.001, 0.0261442, 0.0262016, 0.0663368, 0.100799, 0.164494, 0.217953, 1, 

27,99,0.001, 0.0219461, 0.0261442, 0.0262016, 0.0663368, 0.100799, 0.199982, 0.212079, 0.251531, 0.239707, 1, 

31,95,0.001, 0.0219461, 0.0261442, 0.0262016, 0.0663368, 0.100799, 0.164494, 0.217953, 0.230267, 0.239707, 0.218871, 0.477239, 0.511489, 0.992228, 1, 

Generation #41
26,114,0.001, 0.0219461, 0.0261442, 0.0262016, 0.0663368, 0.100799, 0.164494, 0.217953, 0.230267, 1, 

24,156,0.001, 0.0261442, 0.0262016, 0.0663368, 0.100799, 0.164494, 0.217953, 1, 

27,99,0.001, 0.0219461, 0.0261442, 0.0262016, 0.0663368, 0.100799, 0.199982, 0.212079, 0.251531, 0.239707, 1, 

31,95,0.001, 0.0219461, 0.0261442, 0.0262016, 0.0663368, 0.100799, 0.164494, 0.217953, 0.230267, 0.239707, 0.218871, 0.477239, 0.511489, 0.992228, 1, 

Generation #42
26,114,0.001, 0.0219461, 0.0261442, 0.0262016, 0.0663368, 0.100799, 0.164494, 0.217953, 0.230267, 1, 

24,156,0.001, 0.0261442, 0.0262016, 0.0663368, 0.100799, 0.164494, 0.217953, 1, 

27,99,0.001, 0.0219461, 0.0261442, 0.0262016, 0.0663368, 0.100799, 0.199982, 0.212079, 0.251531, 0.239707, 1, 

31,95,0.001, 0.0219461, 0.0261442, 0.0262016, 0.0663368, 0.100799, 0.164494, 0.217953, 0.230267, 0.239707, 0.218871, 0.477239, 0.511489, 0.992228, 1, 

Generation #43
26,114,0.001, 0.0219461, 0.0261442, 0.0262016, 0.0663368, 0.100799, 0.164494, 0.217953, 0.230267, 1, 

24,156,0.001, 0.0261442, 0.0262016, 0.0663368, 0.100799, 0.164494, 0.217953, 1, 

27,99,0.001, 0.0219461, 0.0261442, 0.0262016, 0.0663368, 0.100799, 0.199982, 0.212079, 0.251531, 0.239707, 1, 

31,95,0.001, 0.0219461, 0.0261442, 0.0262016, 0.0663368, 0.100799, 0.164494, 0.217953, 0.230267, 0.239707, 0.218871, 0.477239, 0.511489, 0.992228, 1, 

Generation #44
26,114,0.001, 0.0219461, 0.0261442, 0.0262016, 0.0663368, 0.100799, 0.164494, 0.217953, 0.230267, 1, 

24,156,0.001, 0.0261442, 0.0262016, 0.0663368, 0.100799, 0.164494, 0.217953, 1, 

27,99,0.001, 0.0219461, 0.0261442, 0.0262016, 0.0663368, 0.100799, 0.199982, 0.212079, 0.251531, 0.239707, 1, 

31,95,0.001, 0.0219461, 0.0261442, 0.0262016, 0.0663368, 0.100799, 0.164494, 0.217953, 0.230267, 0.239707, 0.218871, 0.477239, 0.511489, 0.992228, 1, 

Generation #45
26,114,0.001, 0.0219461, 0.0261442, 0.0262016, 0.0663368, 0.100799, 0.164494, 0.217953, 0.230267, 1, 

24,156,0.001, 0.0261442, 0.0262016, 0.0663368, 0.100799, 0.164494, 0.217953, 1, 

27,99,0.001, 0.0219461, 0.0261442, 0.0262016, 0.0663368, 0.100799, 0.199982, 0.212079, 0.251531, 0.239707, 1, 

31,95,0.001, 0.0219461, 0.0261442, 0.0262016, 0.0663368, 0.100799, 0.164494, 0.217953, 0.230267, 0.239707, 0.218871, 0.477239, 0.511489, 0.992228, 1, 

Generation #46
26,114,0.001, 0.0219461, 0.0261442, 0.0262016, 0.0663368, 0.100799, 0.164494, 0.217953, 0.230267, 1, 

24,156,0.001, 0.0261442, 0.0262016, 0.0663368, 0.100799, 0.164494, 0.217953, 1, 

27,99,0.001, 0.0219461, 0.0261442, 0.0262016, 0.0663368, 0.100799, 0.199982, 0.212079, 0.251531, 0.239707, 1, 

31,95,0.001, 0.0219461, 0.0261442, 0.0262016, 0.0663368, 0.100799, 0.164494, 0.217953, 0.230267, 0.239707, 0.218871, 0.477239, 0.511489, 0.992228, 1, 

25,145,0.001, 0.0219461, 0.0261442, 0.0262016, 0.0289051, 0.0663368, 0.100799, 0.217953, 0.650595, 1, 

Generation #47
26,114,0.001, 0.0219461, 0.0261442, 0.0262016, 0.0663368, 0.100799, 0.164494, 0.217953, 0.230267, 1, 

24,156,0.001, 0.0261442, 0.0262016, 0.0663368, 0.100799, 0.164494, 0.217953, 1, 

27,99,0.001, 0.0219461, 0.0261442, 0.0262016, 0.0663368, 0.100799, 0.199982, 0.212079, 0.251531, 0.239707, 1, 

31,95,0.001, 0.0219461, 0.0261442, 0.0262016, 0.0663368, 0.100799, 0.164494, 0.217953, 0.230267, 0.239707, 0.218871, 0.477239, 0.511489, 0.992228, 1, 

25,145,0.001, 0.0219461, 0.0261442, 0.0262016, 0.0289051, 0.0663368, 0.100799, 0.217953, 0.650595, 1, 

Generation #48
26,114,0.001, 0.0219461, 0.0261442, 0.0262016, 0.0663368, 0.100799, 0.164494, 0.217953, 0.230267, 1, 

24,156,0.001, 0.0261442, 0.0262016, 0.0663368, 0.100799, 0.164494, 0.217953, 1, 

27,99,0.001, 0.0219461, 0.0261442, 0.0262016, 0.0663368, 0.100799, 0.199982, 0.212079, 0.251531, 0.239707, 1, 

31,95,0.001, 0.0219461, 0.0261442, 0.0262016, 0.0663368, 0.100799, 0.164494, 0.217953, 0.230267, 0.239707, 0.218871, 0.477239, 0.511489, 0.992228, 1, 

25,145,0.001, 0.0219461, 0.0261442, 0.0262016, 0.0289051, 0.0663368, 0.100799, 0.217953, 0.650595, 1, 

Generation #49
24,156,0.001, 0.0261442, 0.0262016, 0.0663368, 0.100799, 0.164494, 0.217953, 1, 

27,99,0.001, 0.0219461, 0.0261442, 0.0262016, 0.0663368, 0.100799, 0.199982, 0.212079, 0.251531, 0.239707, 1, 

31,95,0.001, 0.0219461, 0.0261442, 0.0262016, 0.0663368, 0.100799, 0.164494, 0.217953, 0.230267, 0.239707, 0.218871, 0.477239, 0.511489, 0.992228, 1, 

25,145,0.001, 0.0219461, 0.0261442, 0.0262016, 0.0289051, 0.0663368, 0.100799, 0.217953, 0.650595, 1, 

26,107,0.001, 0.0219461, 0.0219461, 0.0261442, 0.0262016, 0.0663368, 0.100799, 0.164494, 0.230267, 1, 

--- Pareto Front Solutions ---
Solution 0: N total=48 (N_initial=24, N_added=24), Time total=158 ms, Saved to: ./results/SPINS_t2_l1_pareto_0.csv, percents=0.001, 0.0261442, 0.0262016, 0.0663368, 0.100799, 0.164494, 0.217953, 1, 

Solution 1: N total=51 (N_initial=24, N_added=27), Time total=101 ms, Saved to: ./results/SPINS_t2_l1_pareto_1.csv, percents=0.001, 0.0219461, 0.0261442, 0.0262016, 0.0663368, 0.100799, 0.199982, 0.212079, 0.251531, 0.239707, 1, 

Solution 2: N total=55 (N_initial=24, N_added=31), Time total=97 ms, Saved to: ./results/SPINS_t2_l1_pareto_2.csv, percents=0.001, 0.0219461, 0.0261442, 0.0262016, 0.0663368, 0.100799, 0.164494, 0.217953, 0.230267, 0.239707, 0.218871, 0.477239, 0.511489, 0.992228, 1, 

Solution 3: N total=49 (N_initial=24, N_added=25), Time total=147 ms, Saved to: ./results/SPINS_t2_l1_pareto_3.csv, percents=0.001, 0.0219461, 0.0261442, 0.0262016, 0.0289051, 0.0663368, 0.100799, 0.217953, 0.650595, 1, 

Solution 4: N total=50 (N_initial=24, N_added=26), Time total=109 ms, Saved to: ./results/SPINS_t2_l1_pareto_4.csv, percents=0.001, 0.0219461, 0.0219461, 0.0261442, 0.0262016, 0.0663368, 0.100799, 0.164494, 0.230267, 1, 

------------d=1, t=2, lambda=2, filename=./evaluation/SPINS/SPINS_2_2.csv------------
Grouping d-sets by partitioned row counts for detecting arrays...
Ready to look at pairs for detecting arrays...
First Stage N=32, Time=2
There are 986 remaining non-locating pairs
--- Running GA Algorithm (phase2) ---
Running GA with std::execution::par
Generation #0
33,198,0.001, 0.0759847, 0.114707, 0.125675, 0.134915, 0.152874, 0.419331, 0.62176, 0.681262, 0.747312, 0.804379, 0.813843, 0.960757, 0.987469, 1, 

35,186,0.001, 0.0301484, 0.109581, 0.129917, 0.139216, 0.161002, 0.17787, 0.303891, 0.402778, 0.468572, 0.535068, 0.591361, 0.711135, 0.712459, 0.738557, 0.792269, 1, 

30,249,0.001, 0.0932992, 0.124873, 0.150186, 0.33603, 0.442684, 0.498388, 0.621726, 0.652406, 0.983753, 1, 

44,119,0.001, 0.0300266, 0.04605, 0.0532186, 0.074166, 0.0751956, 0.145087, 0.174065, 0.186252, 0.192411, 0.22221, 0.23641, 0.281097, 0.33714, 0.365845, 0.521373, 0.580153, 0.622684, 0.710096, 0.716722, 0.731331, 0.750602, 0.757924, 0.794254, 0.847123, 0.889897, 0.9932, 1, 

Generation #1
30,249,0.001, 0.0932992, 0.124873, 0.150186, 0.33603, 0.442684, 0.498388, 0.621726, 0.652406, 0.983753, 1, 

31,191,0.001, 0.0663258, 0.103057, 0.120919, 0.136917, 0.156697, 0.239501, 0.256767, 0.257884, 0.885864, 1, 

34,107,0.001, 0.0300266, 0.04605, 0.0532186, 0.074166, 0.0751956, 0.145087, 0.174065, 0.186252, 0.192411, 0.22221, 0.494874, 0.502847, 0.591168, 0.806723, 0.872963, 0.88995, 1, 

33,182,0.001, 0.0368385, 0.0761752, 0.102571, 0.105117, 0.118137, 0.140775, 0.149276, 0.226953, 0.28773, 0.294357, 0.333532, 0.960757, 0.987469, 1, 

Generation #2
34,107,0.001, 0.0300266, 0.04605, 0.0532186, 0.074166, 0.0751956, 0.145087, 0.174065, 0.186252, 0.192411, 0.22221, 0.494874, 0.502847, 0.591168, 0.806723, 0.872963, 0.88995, 1, 

28,194,0.001, 0.0368385, 0.0531635, 0.15118, 0.27122, 0.555881, 0.65107, 0.696464, 0.742498, 0.894915, 1, 

29,117,0.001, 0.0368385, 0.0761752, 0.102571, 0.105117, 0.118137, 0.140775, 0.149276, 0.226953, 0.28773, 0.294357, 1, 

Generation #3
34,107,0.001, 0.0300266, 0.04605, 0.0532186, 0.074166, 0.0751956, 0.145087, 0.174065, 0.186252, 0.192411, 0.22221, 0.494874, 0.502847, 0.591168, 0.806723, 0.872963, 0.88995, 1, 

28,194,0.001, 0.0368385, 0.0531635, 0.15118, 0.27122, 0.555881, 0.65107, 0.696464, 0.742498, 0.894915, 1, 

29,117,0.001, 0.0368385, 0.0761752, 0.102571, 0.105117, 0.118137, 0.140775, 0.149276, 0.226953, 0.28773, 0.294357, 1, 

33,113,0.001, 0.0284891, 0.0653913, 0.0929137, 0.108765, 0.129352, 0.180771, 0.375085, 0.377127, 0.435048, 0.888032, 0.525971, 0.994456, 0.9959, 1, 

Generation #4
29,117,0.001, 0.0368385, 0.0761752, 0.102571, 0.105117, 0.118137, 0.140775, 0.149276, 0.226953, 0.28773, 0.294357, 1, 

28,139,0.001, 0.0284891, 0.0653913, 0.102571, 0.105117, 0.205304, 0.233185, 0.323509, 0.369122, 0.818257, 1, 

30,99,0.001, 0.0300266, 0.04605, 0.0532186, 0.074166, 0.0751956, 0.145087, 0.174065, 0.186252, 0.347359, 0.414298, 0.480976, 0.496083, 1, 

Generation #5
29,117,0.001, 0.0368385, 0.0761752, 0.102571, 0.105117, 0.118137, 0.140775, 0.149276, 0.226953, 0.28773, 0.294357, 1, 

28,128,0.001, 0.0300266, 0.04605, 0.0532186, 0.074166, 0.0751956, 0.351837, 0.145087, 0.174065, 0.885864, 1, 

30,88,0.001, 0.0301484, 0.04605, 0.0532186, 0.074166, 0.0751956, 0.145087, 0.174065, 0.186252, 0.347359, 0.414298, 0.480976, 0.496083, 1, 

Generation #6
30,88,0.001, 0.0301484, 0.04605, 0.0532186, 0.074166, 0.0751956, 0.145087, 0.174065, 0.186252, 0.347359, 0.414298, 0.480976, 0.496083, 1, 

29,95,0.001, 0.0300266, 0.04605, 0.0532186, 0.074166, 0.0751956, 0.145087, 0.174065, 0.186252, 0.347359, 0.294357, 0.960757, 0.987469, 1, 

28,118,0.001, 0.0300266, 0.04605, 0.0532186, 0.074166, 0.0751956, 0.145087, 0.174065, 0.186252, 0.347359, 0.414298, 0.890679, 1, 

Generation #7
30,88,0.001, 0.0301484, 0.04605, 0.0532186, 0.074166, 0.0751956, 0.145087, 0.174065, 0.186252, 0.347359, 0.414298, 0.480976, 0.496083, 1, 

29,95,0.001, 0.0300266, 0.04605, 0.0532186, 0.074166, 0.0751956, 0.145087, 0.174065, 0.186252, 0.347359, 0.294357, 0.960757, 0.987469, 1, 

44,84,0.001, 0.0300266, 0.04605, 0.0532186, 0.074166, 0.0751956, 0.145087, 0.174065, 0.186252, 0.192411, 0.22221, 0.23641, 0.281097, 0.33714, 0.365845, 0.521373, 0.580153, 0.622684, 0.710096, 0.716722, 0.731331, 0.750602, 0.757924, 0.794254, 0.847123, 0.889897, 0.583803, 1, 

27,106,0.001, 0.0300266, 0.04605, 0.0532186, 0.074166, 0.0751956, 0.145087, 0.174065, 0.186252, 0.192411, 0.294357, 1, 

Generation #8
30,88,0.001, 0.0301484, 0.04605, 0.0532186, 0.074166, 0.0751956, 0.145087, 0.174065, 0.186252, 0.347359, 0.414298, 0.480976, 0.496083, 1, 

29,95,0.001, 0.0300266, 0.04605, 0.0532186, 0.074166, 0.0751956, 0.145087, 0.174065, 0.186252, 0.347359, 0.294357, 0.960757, 0.987469, 1, 

44,84,0.001, 0.0300266, 0.04605, 0.0532186, 0.074166, 0.0751956, 0.145087, 0.174065, 0.186252, 0.192411, 0.22221, 0.23641, 0.281097, 0.33714, 0.365845, 0.521373, 0.580153, 0.622684, 0.710096, 0.716722, 0.731331, 0.750602, 0.757924, 0.794254, 0.847123, 0.889897, 0.583803, 1, 

27,106,0.001, 0.0300266, 0.04605, 0.0532186, 0.074166, 0.0751956, 0.145087, 0.174065, 0.186252, 0.192411, 0.294357, 1, 

28,100,0.001, 0.0300266, 0.04605, 0.0532186, 0.074166, 0.0751956, 0.145087, 0.174065, 0.186252, 0.192411, 0.294357, 0.960757, 0.987469, 1, 

26,119,0.001, 0.0300266, 0.04605, 0.0532186, 0.074166, 0.0751956, 0.351837, 0.145087, 0.174065, 0.885864, 1, 

Generation #9
30,88,0.001, 0.0301484, 0.04605, 0.0532186, 0.074166, 0.0751956, 0.145087, 0.174065, 0.186252, 0.347359, 0.414298, 0.480976, 0.496083, 1, 

44,84,0.001, 0.0300266, 0.04605, 0.0532186, 0.074166, 0.0751956, 0.145087, 0.174065, 0.186252, 0.192411, 0.22221, 0.23641, 0.281097, 0.33714, 0.365845, 0.521373, 0.580153, 0.622684, 0.710096, 0.716722, 0.731331, 0.750602, 0.757924, 0.794254, 0.847123, 0.889897, 0.583803, 1, 

25,104,0.001, 0.0300266, 0.04605, 0.0532186, 0.074166, 0.148166, 0.303891, 0.402778, 0.468572, 1, 

27,90,0.001, 0.0300266, 0.04605, 0.0532186, 0.074166, 0.0751956, 0.145087, 0.174065, 0.186252, 0.28773, 0.294357, 1, 

Generation #10
30,88,0.001, 0.0301484, 0.04605, 0.0532186, 0.074166, 0.0751956, 0.145087, 0.174065, 0.186252, 0.347359, 0.414298, 0.480976, 0.496083, 1, 

44,84,0.001, 0.0300266, 0.04605, 0.0532186, 0.074166, 0.0751956, 0.145087, 0.174065, 0.186252, 0.192411, 0.22221, 0.23641, 0.281097, 0.33714, 0.365845, 0.521373, 0.580153, 0.622684, 0.710096, 0.716722, 0.731331, 0.750602, 0.757924, 0.794254, 0.847123, 0.889897, 0.583803, 1, 

25,104,0.001, 0.0300266, 0.04605, 0.0532186, 0.074166, 0.148166, 0.303891, 0.402778, 0.468572, 1, 

27,90,0.001, 0.0300266, 0.04605, 0.0532186, 0.074166, 0.0751956, 0.145087, 0.174065, 0.186252, 0.28773, 0.294357, 1, 

Generation #11
30,88,0.001, 0.0301484, 0.04605, 0.0532186, 0.074166, 0.0751956, 0.145087, 0.174065, 0.186252, 0.347359, 0.414298, 0.480976, 0.496083, 1, 

44,84,0.001, 0.0300266, 0.04605, 0.0532186, 0.074166, 0.0751956, 0.145087, 0.174065, 0.186252, 0.192411, 0.22221, 0.23641, 0.281097, 0.33714, 0.365845, 0.521373, 0.580153, 0.622684, 0.710096, 0.716722, 0.731331, 0.750602, 0.757924, 0.794254, 0.847123, 0.889897, 0.583803, 1, 

25,104,0.001, 0.0300266, 0.04605, 0.0532186, 0.074166, 0.148166, 0.303891, 0.402778, 0.468572, 1, 

27,90,0.001, 0.0300266, 0.04605, 0.0532186, 0.074166, 0.0751956, 0.145087, 0.174065, 0.186252, 0.28773, 0.294357, 1, 

Generation #12
25,104,0.001, 0.0300266, 0.04605, 0.0532186, 0.074166, 0.148166, 0.303891, 0.402778, 0.468572, 1, 

41,83,0.001, 0.0300266, 0.04605, 0.0532186, 0.074166, 0.0751956, 0.145087, 0.174065, 0.186252, 0.192411, 0.22221, 0.23641, 0.281097, 0.33714, 0.365845, 0.521373, 0.580153, 0.622684, 0.710096, 0.716722, 0.731331, 0.750602, 0.757924, 0.794254, 0.847123, 0.889897, 0.583803, 1, 

30,85,0.001, 0.0300266, 0.04605, 0.0532186, 0.074166, 0.0751956, 0.145087, 0.174065, 0.186252, 0.883585, 0.414298, 0.480976, 0.496083, 1, 

27,87,0.001, 0.0300266, 0.04605, 0.0532186, 0.074166, 0.0751956, 0.145087, 0.174065, 0.186252, 0.347359, 0.414298, 1, 

Generation #13
25,104,0.001, 0.0300266, 0.04605, 0.0532186, 0.074166, 0.148166, 0.303891, 0.402778, 0.468572, 1, 

41,83,0.001, 0.0300266, 0.04605, 0.0532186, 0.074166, 0.0751956, 0.145087, 0.174065, 0.186252, 0.192411, 0.22221, 0.23641, 0.281097, 0.33714, 0.365845, 0.521373, 0.580153, 0.622684, 0.710096, 0.716722, 0.731331, 0.750602, 0.757924, 0.794254, 0.847123, 0.889897, 0.583803, 1, 

30,85,0.001, 0.0300266, 0.04605, 0.0532186, 0.074166, 0.0751956, 0.145087, 0.174065, 0.186252, 0.883585, 0.414298, 0.480976, 0.496083, 1, 

27,87,0.001, 0.0300266, 0.04605, 0.0532186, 0.074166, 0.0751956, 0.145087, 0.174065, 0.186252, 0.347359, 0.414298, 1, 

Generation #14
25,104,0.001, 0.0300266, 0.04605, 0.0532186, 0.074166, 0.148166, 0.303891, 0.402778, 0.468572, 1, 

41,83,0.001, 0.0300266, 0.04605, 0.0532186, 0.074166, 0.0751956, 0.145087, 0.174065, 0.186252, 0.192411, 0.22221, 0.23641, 0.281097, 0.33714, 0.365845, 0.521373, 0.580153, 0.622684, 0.710096, 0.716722, 0.731331, 0.750602, 0.757924, 0.794254, 0.847123, 0.889897, 0.583803, 1, 

30,85,0.001, 0.0300266, 0.04605, 0.0532186, 0.074166, 0.0751956, 0.145087, 0.174065, 0.186252, 0.883585, 0.414298, 0.480976, 0.496083, 1, 

27,87,0.001, 0.0300266, 0.04605, 0.0532186, 0.074166, 0.0751956, 0.145087, 0.174065, 0.186252, 0.347359, 0.414298, 1, 

26,101,0.001, 0.0301484, 0.04605, 0.0532186, 0.074166, 0.0751956, 0.145087, 0.174065, 0.186252, 0.192411, 0.294357, 1, 

Generation #15
25,104,0.001, 0.0300266, 0.04605, 0.0532186, 0.074166, 0.148166, 0.303891, 0.402778, 0.468572, 1, 

41,83,0.001, 0.0300266, 0.04605, 0.0532186, 0.074166, 0.0751956, 0.145087, 0.174065, 0.186252, 0.192411, 0.22221, 0.23641, 0.281097, 0.33714, 0.365845, 0.521373, 0.580153, 0.622684, 0.710096, 0.716722, 0.731331, 0.750602, 0.757924, 0.794254, 0.847123, 0.889897, 0.583803, 1, 

30,85,0.001, 0.0300266, 0.04605, 0.0532186, 0.074166, 0.0751956, 0.145087, 0.174065, 0.186252, 0.883585, 0.414298, 0.480976, 0.496083, 1, 

27,87,0.001, 0.0300266, 0.04605, 0.0532186, 0.074166, 0.0751956, 0.145087, 0.174065, 0.186252, 0.347359, 0.414298, 1, 

26,101,0.001, 0.0301484, 0.04605, 0.0532186, 0.074166, 0.0751956, 0.145087, 0.174065, 0.186252, 0.192411, 0.294357, 1, 

Generation #16
25,104,0.001, 0.0300266, 0.04605, 0.0532186, 0.074166, 0.148166, 0.303891, 0.402778, 0.468572, 1, 

41,83,0.001, 0.0300266, 0.04605, 0.0532186, 0.074166, 0.0751956, 0.145087, 0.174065, 0.186252, 0.192411, 0.22221, 0.23641, 0.281097, 0.33714, 0.365845, 0.521373, 0.580153, 0.622684, 0.710096, 0.716722, 0.731331, 0.750602, 0.757924, 0.794254, 0.847123, 0.889897, 0.583803, 1, 

26,101,0.001, 0.0301484, 0.04605, 0.0532186, 0.074166, 0.0751956, 0.145087, 0.174065, 0.186252, 0.192411, 0.294357, 1, 

27,84,0.001, 0.0301484, 0.04605, 0.0532186, 0.074166, 0.0751956, 0.145087, 0.174065, 0.186252, 0.294357, 1, 

Generation #17
25,104,0.001, 0.0300266, 0.04605, 0.0532186, 0.074166, 0.148166, 0.303891, 0.402778, 0.468572, 1, 

41,83,0.001, 0.0300266, 0.04605, 0.0532186, 0.074166, 0.0751956, 0.145087, 0.174065, 0.186252, 0.192411, 0.22221, 0.23641, 0.281097, 0.33714, 0.365845, 0.521373, 0.580153, 0.622684, 0.710096, 0.716722, 0.731331, 0.750602, 0.757924, 0.794254, 0.847123, 0.889897, 0.583803, 1, 

26,101,0.001, 0.0301484, 0.04605, 0.0532186, 0.074166, 0.0751956, 0.145087, 0.174065, 0.186252, 0.192411, 0.294357, 1, 

27,84,0.001, 0.0301484, 0.04605, 0.0532186, 0.074166, 0.0751956, 0.145087, 0.174065, 0.186252, 0.294357, 1, 

Generation #18
25,104,0.001, 0.0300266, 0.04605, 0.0532186, 0.074166, 0.148166, 0.303891, 0.402778, 0.468572, 1, 

41,83,0.001, 0.0300266, 0.04605, 0.0532186, 0.074166, 0.0751956, 0.145087, 0.174065, 0.186252, 0.192411, 0.22221, 0.23641, 0.281097, 0.33714, 0.365845, 0.521373, 0.580153, 0.622684, 0.710096, 0.716722, 0.731331, 0.750602, 0.757924, 0.794254, 0.847123, 0.889897, 0.583803, 1, 

26,101,0.001, 0.0301484, 0.04605, 0.0532186, 0.074166, 0.0751956, 0.145087, 0.174065, 0.186252, 0.192411, 0.294357, 1, 

27,84,0.001, 0.0301484, 0.04605, 0.0532186, 0.074166, 0.0751956, 0.145087, 0.174065, 0.186252, 0.294357, 1, 

Generation #19
25,104,0.001, 0.0300266, 0.04605, 0.0532186, 0.074166, 0.148166, 0.303891, 0.402778, 0.468572, 1, 

41,83,0.001, 0.0300266, 0.04605, 0.0532186, 0.074166, 0.0751956, 0.145087, 0.174065, 0.186252, 0.192411, 0.22221, 0.23641, 0.281097, 0.33714, 0.365845, 0.521373, 0.580153, 0.622684, 0.710096, 0.716722, 0.731331, 0.750602, 0.757924, 0.794254, 0.847123, 0.889897, 0.583803, 1, 

26,101,0.001, 0.0301484, 0.04605, 0.0532186, 0.074166, 0.0751956, 0.145087, 0.174065, 0.186252, 0.192411, 0.294357, 1, 

27,84,0.001, 0.0301484, 0.04605, 0.0532186, 0.074166, 0.0751956, 0.145087, 0.174065, 0.186252, 0.294357, 1, 

Generation #20
41,83,0.001, 0.0300266, 0.04605, 0.0532186, 0.074166, 0.0751956, 0.145087, 0.174065, 0.186252, 0.192411, 0.22221, 0.23641, 0.281097, 0.33714, 0.365845, 0.521373, 0.580153, 0.622684, 0.710096, 0.716722, 0.731331, 0.750602, 0.757924, 0.794254, 0.847123, 0.889897, 0.583803, 1, 

27,84,0.001, 0.0301484, 0.04605, 0.0532186, 0.074166, 0.0751956, 0.145087, 0.174065, 0.186252, 0.294357, 1, 

25,92,0.001, 0.0301484, 0.04605, 0.0532186, 0.074166, 0.0751956, 0.145087, 0.192411, 0.294357, 1, 

Generation #21
27,84,0.001, 0.0301484, 0.04605, 0.0532186, 0.074166, 0.0751956, 0.145087, 0.174065, 0.186252, 0.294357, 1, 

25,92,0.001, 0.0301484, 0.04605, 0.0532186, 0.074166, 0.0751956, 0.145087, 0.192411, 0.294357, 1, 

30,83,0.001, 0.0300266, 0.04605, 0.0532186, 0.074166, 0.0751956, 0.145087, 0.174065, 0.186252, 0.347359, 0.294357, 0.960757, 0.987469, 1, 

Generation #22
27,84,0.001, 0.0301484, 0.04605, 0.0532186, 0.074166, 0.0751956, 0.145087, 0.174065, 0.186252, 0.294357, 1, 

25,92,0.001, 0.0301484, 0.04605, 0.0532186, 0.074166, 0.0751956, 0.145087, 0.192411, 0.294357, 1, 

30,83,0.001, 0.0300266, 0.04605, 0.0532186, 0.074166, 0.0751956, 0.145087, 0.174065, 0.186252, 0.347359, 0.294357, 0.960757, 0.987469, 1, 

Generation #23
27,84,0.001, 0.0301484, 0.04605, 0.0532186, 0.074166, 0.0751956, 0.145087, 0.174065, 0.186252, 0.294357, 1, 

25,92,0.001, 0.0301484, 0.04605, 0.0532186, 0.074166, 0.0751956, 0.145087, 0.192411, 0.294357, 1, 

30,83,0.001, 0.0300266, 0.04605, 0.0532186, 0.074166, 0.0751956, 0.145087, 0.174065, 0.186252, 0.347359, 0.294357, 0.960757, 0.987469, 1, 

Generation #24
27,84,0.001, 0.0301484, 0.04605, 0.0532186, 0.074166, 0.0751956, 0.145087, 0.174065, 0.186252, 0.294357, 1, 

25,92,0.001, 0.0301484, 0.04605, 0.0532186, 0.074166, 0.0751956, 0.145087, 0.192411, 0.294357, 1, 

30,83,0.001, 0.0300266, 0.04605, 0.0532186, 0.074166, 0.0751956, 0.145087, 0.174065, 0.186252, 0.347359, 0.294357, 0.960757, 0.987469, 1, 

Generation #25
27,84,0.001, 0.0301484, 0.04605, 0.0532186, 0.074166, 0.0751956, 0.145087, 0.174065, 0.186252, 0.294357, 1, 

25,92,0.001, 0.0301484, 0.04605, 0.0532186, 0.074166, 0.0751956, 0.145087, 0.192411, 0.294357, 1, 

30,83,0.001, 0.0300266, 0.04605, 0.0532186, 0.074166, 0.0751956, 0.145087, 0.174065, 0.186252, 0.347359, 0.294357, 0.960757, 0.987469, 1, 

Generation #26
27,84,0.001, 0.0301484, 0.04605, 0.0532186, 0.074166, 0.0751956, 0.145087, 0.174065, 0.186252, 0.294357, 1, 

25,92,0.001, 0.0301484, 0.04605, 0.0532186, 0.074166, 0.0751956, 0.145087, 0.192411, 0.294357, 1, 

30,83,0.001, 0.0300266, 0.04605, 0.0532186, 0.074166, 0.0751956, 0.145087, 0.174065, 0.186252, 0.347359, 0.294357, 0.960757, 0.987469, 1, 

Generation #27
27,84,0.001, 0.0301484, 0.04605, 0.0532186, 0.074166, 0.0751956, 0.145087, 0.174065, 0.186252, 0.294357, 1, 

25,92,0.001, 0.0301484, 0.04605, 0.0532186, 0.074166, 0.0751956, 0.145087, 0.192411, 0.294357, 1, 

30,83,0.001, 0.0300266, 0.04605, 0.0532186, 0.074166, 0.0751956, 0.145087, 0.174065, 0.186252, 0.347359, 0.294357, 0.960757, 0.987469, 1, 

Generation #28
25,92,0.001, 0.0301484, 0.04605, 0.0532186, 0.074166, 0.0751956, 0.145087, 0.192411, 0.294357, 1, 

30,83,0.001, 0.0300266, 0.04605, 0.0532186, 0.074166, 0.0751956, 0.145087, 0.174065, 0.186252, 0.347359, 0.294357, 0.960757, 0.987469, 1, 

26,84,0.001, 0.0300266, 0.04605, 0.0532186, 0.074166, 0.0751956, 0.145087, 0.174065, 0.186252, 0.347359, 1, 

Generation #29
25,92,0.001, 0.0301484, 0.04605, 0.0532186, 0.074166, 0.0751956, 0.145087, 0.192411, 0.294357, 1, 

30,83,0.001, 0.0300266, 0.04605, 0.0532186, 0.074166, 0.0751956, 0.145087, 0.174065, 0.186252, 0.347359, 0.294357, 0.960757, 0.987469, 1, 

26,84,0.001, 0.0300266, 0.04605, 0.0532186, 0.074166, 0.0751956, 0.145087, 0.174065, 0.186252, 0.347359, 1, 

Generation #30
25,92,0.001, 0.0301484, 0.04605, 0.0532186, 0.074166, 0.0751956, 0.145087, 0.192411, 0.294357, 1, 

30,83,0.001, 0.0300266, 0.04605, 0.0532186, 0.074166, 0.0751956, 0.145087, 0.174065, 0.186252, 0.347359, 0.294357, 0.960757, 0.987469, 1, 

26,84,0.001, 0.0300266, 0.04605, 0.0532186, 0.074166, 0.0751956, 0.145087, 0.174065, 0.186252, 0.347359, 1, 

Generation #31
25,92,0.001, 0.0301484, 0.04605, 0.0532186, 0.074166, 0.0751956, 0.145087, 0.192411, 0.294357, 1, 

30,83,0.001, 0.0300266, 0.04605, 0.0532186, 0.074166, 0.0751956, 0.145087, 0.174065, 0.186252, 0.347359, 0.294357, 0.960757, 0.987469, 1, 

26,84,0.001, 0.0300266, 0.04605, 0.0532186, 0.074166, 0.0751956, 0.145087, 0.174065, 0.186252, 0.347359, 1, 

Generation #32
25,92,0.001, 0.0301484, 0.04605, 0.0532186, 0.074166, 0.0751956, 0.145087, 0.192411, 0.294357, 1, 

30,83,0.001, 0.0300266, 0.04605, 0.0532186, 0.074166, 0.0751956, 0.145087, 0.174065, 0.186252, 0.347359, 0.294357, 0.960757, 0.987469, 1, 

26,84,0.001, 0.0300266, 0.04605, 0.0532186, 0.074166, 0.0751956, 0.145087, 0.174065, 0.186252, 0.347359, 1, 

Generation #33
25,92,0.001, 0.0301484, 0.04605, 0.0532186, 0.074166, 0.0751956, 0.145087, 0.192411, 0.294357, 1, 

30,83,0.001, 0.0300266, 0.04605, 0.0532186, 0.074166, 0.0751956, 0.145087, 0.174065, 0.186252, 0.347359, 0.294357, 0.960757, 0.987469, 1, 

26,84,0.001, 0.0300266, 0.04605, 0.0532186, 0.074166, 0.0751956, 0.145087, 0.174065, 0.186252, 0.347359, 1, 

Generation #34
25,92,0.001, 0.0301484, 0.04605, 0.0532186, 0.074166, 0.0751956, 0.145087, 0.192411, 0.294357, 1, 

30,83,0.001, 0.0300266, 0.04605, 0.0532186, 0.074166, 0.0751956, 0.145087, 0.174065, 0.186252, 0.347359, 0.294357, 0.960757, 0.987469, 1, 

26,84,0.001, 0.0300266, 0.04605, 0.0532186, 0.074166, 0.0751956, 0.145087, 0.174065, 0.186252, 0.347359, 1, 

Generation #35
25,92,0.001, 0.0301484, 0.04605, 0.0532186, 0.074166, 0.0751956, 0.145087, 0.192411, 0.294357, 1, 

30,83,0.001, 0.0300266, 0.04605, 0.0532186, 0.074166, 0.0751956, 0.145087, 0.174065, 0.186252, 0.347359, 0.294357, 0.960757, 0.987469, 1, 

26,84,0.001, 0.0300266, 0.04605, 0.0532186, 0.074166, 0.0751956, 0.145087, 0.174065, 0.186252, 0.347359, 1, 

Generation #36
25,92,0.001, 0.0301484, 0.04605, 0.0532186, 0.074166, 0.0751956, 0.145087, 0.192411, 0.294357, 1, 

30,83,0.001, 0.0300266, 0.04605, 0.0532186, 0.074166, 0.0751956, 0.145087, 0.174065, 0.186252, 0.347359, 0.294357, 0.960757, 0.987469, 1, 

26,84,0.001, 0.0300266, 0.04605, 0.0532186, 0.074166, 0.0751956, 0.145087, 0.174065, 0.186252, 0.347359, 1, 

Generation #37
25,92,0.001, 0.0301484, 0.04605, 0.0532186, 0.074166, 0.0751956, 0.145087, 0.192411, 0.294357, 1, 

30,83,0.001, 0.0300266, 0.04605, 0.0532186, 0.074166, 0.0751956, 0.145087, 0.174065, 0.186252, 0.347359, 0.294357, 0.960757, 0.987469, 1, 

26,84,0.001, 0.0300266, 0.04605, 0.0532186, 0.074166, 0.0751956, 0.145087, 0.174065, 0.186252, 0.347359, 1, 

Generation #38
25,92,0.001, 0.0301484, 0.04605, 0.0532186, 0.074166, 0.0751956, 0.145087, 0.192411, 0.294357, 1, 

26,79,0.001, 0.0300266, 0.04605, 0.0532186, 0.074166, 0.0751956, 0.174065, 0.186252, 0.28773, 0.294357, 1, 

Generation #39
25,92,0.001, 0.0301484, 0.04605, 0.0532186, 0.074166, 0.0751956, 0.145087, 0.192411, 0.294357, 1, 

26,79,0.001, 0.0300266, 0.04605, 0.0532186, 0.074166, 0.0751956, 0.174065, 0.186252, 0.28773, 0.294357, 1, 

Generation #40
25,92,0.001, 0.0301484, 0.04605, 0.0532186, 0.074166, 0.0751956, 0.145087, 0.192411, 0.294357, 1, 

26,79,0.001, 0.0300266, 0.04605, 0.0532186, 0.074166, 0.0751956, 0.174065, 0.186252, 0.28773, 0.294357, 1, 

29,72,0.001, 0.0300266, 0.04605, 0.0532186, 0.074166, 0.0751956, 0.145087, 0.174065, 0.186252, 0.347359, 0.414298, 0.480976, 0.496083, 1, 

Generation #41
25,92,0.001, 0.0301484, 0.04605, 0.0532186, 0.074166, 0.0751956, 0.145087, 0.192411, 0.294357, 1, 

26,79,0.001, 0.0300266, 0.04605, 0.0532186, 0.074166, 0.0751956, 0.174065, 0.186252, 0.28773, 0.294357, 1, 

29,72,0.001, 0.0300266, 0.04605, 0.0532186, 0.074166, 0.0751956, 0.145087, 0.174065, 0.186252, 0.347359, 0.414298, 0.480976, 0.496083, 1, 

Generation #42
25,92,0.001, 0.0301484, 0.04605, 0.0532186, 0.074166, 0.0751956, 0.145087, 0.192411, 0.294357, 1, 

26,79,0.001, 0.0300266, 0.04605, 0.0532186, 0.074166, 0.0751956, 0.174065, 0.186252, 0.28773, 0.294357, 1, 

29,72,0.001, 0.0300266, 0.04605, 0.0532186, 0.074166, 0.0751956, 0.145087, 0.174065, 0.186252, 0.347359, 0.414298, 0.480976, 0.496083, 1, 

Generation #43
25,92,0.001, 0.0301484, 0.04605, 0.0532186, 0.074166, 0.0751956, 0.145087, 0.192411, 0.294357, 1, 

26,79,0.001, 0.0300266, 0.04605, 0.0532186, 0.074166, 0.0751956, 0.174065, 0.186252, 0.28773, 0.294357, 1, 

29,72,0.001, 0.0300266, 0.04605, 0.0532186, 0.074166, 0.0751956, 0.145087, 0.174065, 0.186252, 0.347359, 0.414298, 0.480976, 0.496083, 1, 

24,131,0.001, 0.0300266, 0.04605, 0.0532186, 0.074166, 0.0751956, 0.145087, 0.174065, 1, 

Generation #44
25,92,0.001, 0.0301484, 0.04605, 0.0532186, 0.074166, 0.0751956, 0.145087, 0.192411, 0.294357, 1, 

26,79,0.001, 0.0300266, 0.04605, 0.0532186, 0.074166, 0.0751956, 0.174065, 0.186252, 0.28773, 0.294357, 1, 

29,72,0.001, 0.0300266, 0.04605, 0.0532186, 0.074166, 0.0751956, 0.145087, 0.174065, 0.186252, 0.347359, 0.414298, 0.480976, 0.496083, 1, 

24,131,0.001, 0.0300266, 0.04605, 0.0532186, 0.074166, 0.0751956, 0.145087, 0.174065, 1, 

Generation #45
25,92,0.001, 0.0301484, 0.04605, 0.0532186, 0.074166, 0.0751956, 0.145087, 0.192411, 0.294357, 1, 

26,79,0.001, 0.0300266, 0.04605, 0.0532186, 0.074166, 0.0751956, 0.174065, 0.186252, 0.28773, 0.294357, 1, 

29,72,0.001, 0.0300266, 0.04605, 0.0532186, 0.074166, 0.0751956, 0.145087, 0.174065, 0.186252, 0.347359, 0.414298, 0.480976, 0.496083, 1, 

24,131,0.001, 0.0300266, 0.04605, 0.0532186, 0.074166, 0.0751956, 0.145087, 0.174065, 1, 

Generation #46
25,92,0.001, 0.0301484, 0.04605, 0.0532186, 0.074166, 0.0751956, 0.145087, 0.192411, 0.294357, 1, 

26,79,0.001, 0.0300266, 0.04605, 0.0532186, 0.074166, 0.0751956, 0.174065, 0.186252, 0.28773, 0.294357, 1, 

29,72,0.001, 0.0300266, 0.04605, 0.0532186, 0.074166, 0.0751956, 0.145087, 0.174065, 0.186252, 0.347359, 0.414298, 0.480976, 0.496083, 1, 

24,131,0.001, 0.0300266, 0.04605, 0.0532186, 0.074166, 0.0751956, 0.145087, 0.174065, 1, 

Generation #47
25,92,0.001, 0.0301484, 0.04605, 0.0532186, 0.074166, 0.0751956, 0.145087, 0.192411, 0.294357, 1, 

26,79,0.001, 0.0300266, 0.04605, 0.0532186, 0.074166, 0.0751956, 0.174065, 0.186252, 0.28773, 0.294357, 1, 

29,72,0.001, 0.0300266, 0.04605, 0.0532186, 0.074166, 0.0751956, 0.145087, 0.174065, 0.186252, 0.347359, 0.414298, 0.480976, 0.496083, 1, 

24,131,0.001, 0.0300266, 0.04605, 0.0532186, 0.074166, 0.0751956, 0.145087, 0.174065, 1, 

Generation #48
25,92,0.001, 0.0301484, 0.04605, 0.0532186, 0.074166, 0.0751956, 0.145087, 0.192411, 0.294357, 1, 

26,79,0.001, 0.0300266, 0.04605, 0.0532186, 0.074166, 0.0751956, 0.174065, 0.186252, 0.28773, 0.294357, 1, 

29,72,0.001, 0.0300266, 0.04605, 0.0532186, 0.074166, 0.0751956, 0.145087, 0.174065, 0.186252, 0.347359, 0.414298, 0.480976, 0.496083, 1, 

24,131,0.001, 0.0300266, 0.04605, 0.0532186, 0.074166, 0.0751956, 0.145087, 0.174065, 1, 

Generation #49
25,92,0.001, 0.0301484, 0.04605, 0.0532186, 0.074166, 0.0751956, 0.145087, 0.192411, 0.294357, 1, 

26,79,0.001, 0.0300266, 0.04605, 0.0532186, 0.074166, 0.0751956, 0.174065, 0.186252, 0.28773, 0.294357, 1, 

29,72,0.001, 0.0300266, 0.04605, 0.0532186, 0.074166, 0.0751956, 0.145087, 0.174065, 0.186252, 0.347359, 0.414298, 0.480976, 0.496083, 1, 

24,131,0.001, 0.0300266, 0.04605, 0.0532186, 0.074166, 0.0751956, 0.145087, 0.174065, 1, 

--- Pareto Front Solutions ---
Solution 0: N total=57 (N_initial=32, N_added=25), Time total=94 ms, Saved to: ./results/SPINS_t2_l2_pareto_0.csv, percents=0.001, 0.0301484, 0.04605, 0.0532186, 0.074166, 0.0751956, 0.145087, 0.192411, 0.294357, 1, 

Solution 1: N total=58 (N_initial=32, N_added=26), Time total=81 ms, Saved to: ./results/SPINS_t2_l2_pareto_1.csv, percents=0.001, 0.0300266, 0.04605, 0.0532186, 0.074166, 0.0751956, 0.174065, 0.186252, 0.28773, 0.294357, 1, 

Solution 2: N total=61 (N_initial=32, N_added=29), Time total=74 ms, Saved to: ./results/SPINS_t2_l2_pareto_2.csv, percents=0.001, 0.0300266, 0.04605, 0.0532186, 0.074166, 0.0751956, 0.145087, 0.174065, 0.186252, 0.347359, 0.414298, 0.480976, 0.496083, 1, 

Solution 3: N total=56 (N_initial=32, N_added=24), Time total=133 ms, Saved to: ./results/SPINS_t2_l2_pareto_3.csv, percents=0.001, 0.0300266, 0.04605, 0.0532186, 0.074166, 0.0751956, 0.145087, 0.174065, 1, 

------------d=1, t=2, lambda=3, filename=./evaluation/SPINS/SPINS_2_3.csv------------
Grouping d-sets by partitioned row counts for detecting arrays...
Ready to look at pairs for detecting arrays...
First Stage N=56, Time=3
There are 248 remaining non-locating pairs
--- Running GA Algorithm (phase2) ---
Running GA with std::execution::par
Generation #0
38,36,0.001, 0.0271548, 0.0382047, 0.0633075, 0.0769574, 0.0804017, 0.147643, 0.164825, 0.168838, 0.280852, 0.285128, 0.305557, 0.308323, 0.335224, 0.478516, 0.487455, 0.521504, 0.553984, 0.601402, 0.656642, 0.721935, 0.730538, 0.817236, 0.82392, 0.855627, 0.863635, 0.900509, 1, 

32,42,0.001, 0.0464588, 0.0589429, 0.0653602, 0.111766, 0.140373, 0.250239, 0.285706, 0.297223, 0.360804, 0.388929, 0.398977, 0.442251, 0.53116, 0.555209, 0.598847, 0.609141, 0.633379, 0.852611, 0.900946, 0.989336, 1, 

29,48,0.001, 0.0359861, 0.105606, 0.156122, 0.217806, 0.270028, 0.275781, 0.353901, 0.400484, 0.459444, 0.578581, 0.596802, 0.604674, 0.67884, 0.757995, 0.92744, 0.948356, 1, 

23,50,0.001, 0.0431311, 0.0629981, 0.09647, 0.101299, 0.164214, 0.337418, 0.369251, 0.466992, 0.606594, 0.817134, 0.824252, 1, 

35,39,0.001, 0.0440123, 0.0505069, 0.0693434, 0.0791663, 0.158565, 0.234156, 0.237799, 0.291913, 0.417375, 0.43343, 0.461777, 0.462737, 0.475592, 0.569192, 0.668788, 0.701356, 0.702747, 0.719213, 0.745019, 0.817179, 0.863464, 0.94772, 0.980203, 1, 

Generation #1
23,50,0.001, 0.0431311, 0.0629981, 0.09647, 0.101299, 0.164214, 0.337418, 0.369251, 0.466992, 0.606594, 0.817134, 0.824252, 1, 

26,33,0.001, 0.0440123, 0.0505069, 0.0693434, 0.0791663, 0.158565, 0.234156, 0.237799, 0.291913, 0.417375, 0.43343, 0.461777, 0.698273, 0.699727, 0.756032, 0.925541, 0.927736, 1, 

21,80,0.001, 0.0587736, 0.0748377, 0.304902, 0.330762, 0.445404, 0.811247, 0.839462, 0.869499, 0.915105, 1, 

24,42,0.001, 0.0172629, 0.0415049, 0.0610583, 0.0661858, 0.0805099, 0.137109, 0.186609, 0.205798, 0.95627, 0.995148, 1, 

Generation #2
26,33,0.001, 0.0440123, 0.0505069, 0.0693434, 0.0791663, 0.158565, 0.234156, 0.237799, 0.291913, 0.417375, 0.43343, 0.461777, 0.698273, 0.699727, 0.756032, 0.925541, 0.927736, 1, 

21,80,0.001, 0.0587736, 0.0748377, 0.304902, 0.330762, 0.445404, 0.811247, 0.839462, 0.869499, 0.915105, 1, 

23,37,0.001, 0.0271548, 0.0633075, 0.0769574, 0.0804017, 0.147643, 0.164825, 0.246052, 0.246363, 0.306987, 0.313992, 0.742549, 1, 

Generation #3
23,33,0.001, 0.0271548, 0.0382047, 0.0633075, 0.0600964, 0.0888922, 0.113872, 0.158574, 0.219698, 0.606594, 0.817134, 0.824252, 1, 

21,58,0.001, 0.0464588, 0.0702802, 0.134974, 0.15488, 0.292746, 0.189422, 0.839462, 0.869499, 0.915105, 1, 

26,26,0.001, 0.0348405, 0.0415701, 0.0521426, 0.0537995, 0.0552637, 0.0769368, 0.132474, 0.186513, 0.297106, 0.297754, 0.302402, 0.395421, 0.411539, 0.505955, 0.925541, 0.927736, 1, 

22,43,0.001, 0.0271548, 0.0382047, 0.0769139, 0.0855714, 0.0805099, 0.137109, 0.186609, 0.205798, 0.905466, 0.995148, 1, 

Generation #4
23,33,0.001, 0.0271548, 0.0382047, 0.0633075, 0.0600964, 0.0888922, 0.113872, 0.158574, 0.219698, 0.606594, 0.817134, 0.824252, 1, 

26,26,0.001, 0.0348405, 0.0415701, 0.0521426, 0.0537995, 0.0552637, 0.0769368, 0.132474, 0.186513, 0.297106, 0.297754, 0.302402, 0.395421, 0.411539, 0.505955, 0.925541, 0.927736, 1, 

22,43,0.001, 0.0271548, 0.0382047, 0.0769139, 0.0855714, 0.0805099, 0.137109, 0.186609, 0.205798, 0.905466, 0.995148, 1, 

21,56,0.001, 0.0325562, 0.0828676, 0.0982466, 0.142881, 0.259949, 0.270078, 0.839462, 0.869499, 1, 

25,28,0.001, 0.0348405, 0.0415701, 0.0521426, 0.0537995, 0.0552637, 0.0769368, 0.132474, 0.186513, 0.297106, 0.297754, 0.302402, 0.395421, 0.411539, 0.505955, 0.925541, 0.927736, 1, 

Generation #5
23,33,0.001, 0.0271548, 0.0382047, 0.0633075, 0.0600964, 0.0888922, 0.113872, 0.158574, 0.219698, 0.606594, 0.817134, 0.824252, 1, 

26,26,0.001, 0.0348405, 0.0415701, 0.0521426, 0.0537995, 0.0552637, 0.0769368, 0.132474, 0.186513, 0.297106, 0.297754, 0.302402, 0.395421, 0.411539, 0.505955, 0.925541, 0.927736, 1, 

25,28,0.001, 0.0348405, 0.0415701, 0.0521426, 0.0537995, 0.0552637, 0.0769368, 0.132474, 0.186513, 0.297106, 0.297754, 0.302402, 0.395421, 0.411539, 0.505955, 0.925541, 0.927736, 1, 

22,35,0.001, 0.0196939, 0.022232, 0.0277722, 0.0600964, 0.0888922, 0.113872, 0.158574, 0.219698, 0.417375, 0.817134, 0.824252, 1, 

21,48,0.001, 0.0431311, 0.0629981, 0.0633075, 0.0769574, 0.0805099, 0.137109, 0.205798, 0.95627, 0.995148, 1, 

35,24,0.001, 0.0440123, 0.0505069, 0.0693434, 0.0769574, 0.0804017, 0.147643, 0.164825, 0.168838, 0.280852, 0.285128, 0.305557, 0.308323, 0.335224, 0.478516, 0.487455, 0.521504, 0.553984, 0.601402, 0.656642, 0.651849, 0.711458, 0.729166, 0.760985, 0.809341, 0.848485, 0.851221, 0.894413, 1, 

Generation #6
23,33,0.001, 0.0271548, 0.0382047, 0.0633075, 0.0600964, 0.0888922, 0.113872, 0.158574, 0.219698, 0.606594, 0.817134, 0.824252, 1, 

26,26,0.001, 0.0348405, 0.0415701, 0.0521426, 0.0537995, 0.0552637, 0.0769368, 0.132474, 0.186513, 0.297106, 0.297754, 0.302402, 0.395421, 0.411539, 0.505955, 0.925541, 0.927736, 1, 

25,28,0.001, 0.0348405, 0.0415701, 0.0521426, 0.0537995, 0.0552637, 0.0769368, 0.132474, 0.186513, 0.297106, 0.297754, 0.302402, 0.395421, 0.411539, 0.505955, 0.925541, 0.927736, 1, 

22,35,0.001, 0.0196939, 0.022232, 0.0277722, 0.0600964, 0.0888922, 0.113872, 0.158574, 0.219698, 0.417375, 0.817134, 0.824252, 1, 

21,48,0.001, 0.0431311, 0.0629981, 0.0633075, 0.0769574, 0.0805099, 0.137109, 0.205798, 0.95627, 0.995148, 1, 

35,24,0.001, 0.0440123, 0.0505069, 0.0693434, 0.0769574, 0.0804017, 0.147643, 0.164825, 0.168838, 0.280852, 0.285128, 0.305557, 0.308323, 0.335224, 0.478516, 0.487455, 0.521504, 0.553984, 0.601402, 0.656642, 0.651849, 0.711458, 0.729166, 0.760985, 0.809341, 0.848485, 0.851221, 0.894413, 1, 

24,30,0.001, 0.0196939, 0.022232, 0.0633075, 0.0769574, 0.0804017, 0.147643, 0.164825, 0.376338, 0.168838, 0.280852, 0.285128, 0.688979, 0.80483, 0.948063, 1, 

Generation #7
23,33,0.001, 0.0271548, 0.0382047, 0.0633075, 0.0600964, 0.0888922, 0.113872, 0.158574, 0.219698, 0.606594, 0.817134, 0.824252, 1, 

26,26,0.001, 0.0348405, 0.0415701, 0.0521426, 0.0537995, 0.0552637, 0.0769368, 0.132474, 0.186513, 0.297106, 0.297754, 0.302402, 0.395421, 0.411539, 0.505955, 0.925541, 0.927736, 1, 

25,28,0.001, 0.0348405, 0.0415701, 0.0521426, 0.0537995, 0.0552637, 0.0769368, 0.132474, 0.186513, 0.297106, 0.297754, 0.302402, 0.395421, 0.411539, 0.505955, 0.925541, 0.927736, 1, 

22,35,0.001, 0.0196939, 0.022232, 0.0277722, 0.0600964, 0.0888922, 0.113872, 0.158574, 0.219698, 0.417375, 0.817134, 0.824252, 1, 

21,48,0.001, 0.0431311, 0.0629981, 0.0633075, 0.0769574, 0.0805099, 0.137109, 0.205798, 0.95627, 0.995148, 1, 

35,24,0.001, 0.0440123, 0.0505069, 0.0693434, 0.0769574, 0.0804017, 0.147643, 0.164825, 0.168838, 0.280852, 0.285128, 0.305557, 0.308323, 0.335224, 0.478516, 0.487455, 0.521504, 0.553984, 0.601402, 0.656642, 0.651849, 0.711458, 0.729166, 0.760985, 0.809341, 0.848485, 0.851221, 0.894413, 1, 

24,30,0.001, 0.0196939, 0.022232, 0.0633075, 0.0769574, 0.0804017, 0.147643, 0.164825, 0.376338, 0.168838, 0.280852, 0.285128, 0.688979, 0.80483, 0.948063, 1, 

Generation #8
26,26,0.001, 0.0348405, 0.0415701, 0.0521426, 0.0537995, 0.0552637, 0.0769368, 0.132474, 0.186513, 0.297106, 0.297754, 0.302402, 0.395421, 0.411539, 0.505955, 0.925541, 0.927736, 1, 

25,28,0.001, 0.0348405, 0.0415701, 0.0521426, 0.0537995, 0.0552637, 0.0769368, 0.132474, 0.186513, 0.297106, 0.297754, 0.302402, 0.395421, 0.411539, 0.505955, 0.925541, 0.927736, 1, 

35,24,0.001, 0.0440123, 0.0505069, 0.0693434, 0.0769574, 0.0804017, 0.147643, 0.164825, 0.168838, 0.280852, 0.285128, 0.305557, 0.308323, 0.335224, 0.478516, 0.487455, 0.521504, 0.553984, 0.601402, 0.656642, 0.651849, 0.711458, 0.729166, 0.760985, 0.809341, 0.848485, 0.851221, 0.894413, 1, 

24,30,0.001, 0.0196939, 0.022232, 0.0633075, 0.0769574, 0.0804017, 0.147643, 0.164825, 0.376338, 0.168838, 0.280852, 0.285128, 0.688979, 0.80483, 0.948063, 1, 

22,33,0.001, 0.0271548, 0.0382047, 0.0633075, 0.0769574, 0.0804017, 0.147643, 0.164825, 0.186513, 0.297106, 0.297754, 0.302402, 1, 

21,38,0.001, 0.0271548, 0.0382047, 0.0521426, 0.0537995, 0.0552637, 0.113872, 0.158574, 0.334649, 0.95627, 0.995148, 1, 

20,76,0.001, 0.0325562, 0.0582444, 0.0723515, 0.140695, 0.0200808, 0.270078, 0.839462, 0.869499, 1, 

Generation #9
26,26,0.001, 0.0348405, 0.0415701, 0.0521426, 0.0537995, 0.0552637, 0.0769368, 0.132474, 0.186513, 0.297106, 0.297754, 0.302402, 0.395421, 0.411539, 0.505955, 0.925541, 0.927736, 1, 

35,24,0.001, 0.0440123, 0.0505069, 0.0693434, 0.0769574, 0.0804017, 0.147643, 0.164825, 0.168838, 0.280852, 0.285128, 0.305557, 0.308323, 0.335224, 0.478516, 0.487455, 0.521504, 0.553984, 0.601402, 0.656642, 0.651849, 0.711458, 0.729166, 0.760985, 0.809341, 0.848485, 0.851221, 0.894413, 1, 

21,38,0.001, 0.0271548, 0.0382047, 0.0521426, 0.0537995, 0.0552637, 0.113872, 0.158574, 0.334649, 0.95627, 0.995148, 1, 

20,76,0.001, 0.0325562, 0.0582444, 0.0723515, 0.140695, 0.0200808, 0.270078, 0.839462, 0.869499, 1, 

22,27,0.001, 0.0456788, 0.0582444, 0.0521426, 0.0537995, 0.0804017, 0.147643, 0.164825, 0.168838, 0.280852, 0.285128, 0.305557, 0.993647, 1, 

Generation #10
24,23,0.001, 0.0456788, 0.0582444, 0.0521426, 0.0537995, 0.0552637, 0.0769368, 0.132474, 0.186513, 0.297106, 0.297754, 0.302402, 0.395421, 0.411539, 0.505955, 0.925541, 0.927736, 1, 

20,26,0.001, 0.0271548, 0.0382047, 0.0521426, 0.0537995, 0.0552637, 0.0769368, 0.132474, 0.186513, 0.291185, 0.313992, 0.742549, 1, 

Generation #11
24,23,0.001, 0.0456788, 0.0582444, 0.0521426, 0.0537995, 0.0552637, 0.0769368, 0.132474, 0.186513, 0.297106, 0.297754, 0.302402, 0.395421, 0.411539, 0.505955, 0.925541, 0.927736, 1, 

20,26,0.001, 0.0271548, 0.0382047, 0.0521426, 0.0537995, 0.0552637, 0.0769368, 0.132474, 0.186513, 0.291185, 0.313992, 0.742549, 1, 

28,22,0.001, 0.0348405, 0.0415701, 0.0521426, 0.0537995, 0.0552637, 0.0769368, 0.132474, 0.186513, 0.417375, 0.43343, 0.461777, 0.698273, 0.699727, 0.756032, 0.925541, 0.927736, 1, 

Generation #12
24,23,0.001, 0.0456788, 0.0582444, 0.0521426, 0.0537995, 0.0552637, 0.0769368, 0.132474, 0.186513, 0.297106, 0.297754, 0.302402, 0.395421, 0.411539, 0.505955, 0.925541, 0.927736, 1, 

20,26,0.001, 0.0271548, 0.0382047, 0.0521426, 0.0537995, 0.0552637, 0.0769368, 0.132474, 0.186513, 0.291185, 0.313992, 0.742549, 1, 

25,21,0.001, 0.0196939, 0.022232, 0.0277722, 0.0537995, 0.0552637, 0.113872, 0.158574, 0.219698, 0.297106, 0.297754, 0.302402, 0.395421, 0.411539, 0.505955, 0.925541, 0.927736, 1, 

Generation #13
20,26,0.001, 0.0271548, 0.0382047, 0.0521426, 0.0537995, 0.0552637, 0.0769368, 0.132474, 0.186513, 0.291185, 0.313992, 0.742549, 1, 

24,19,0.001, 0.0348405, 0.0415701, 0.0521426, 0.0537995, 0.0552637, 0.0769368, 0.132474, 0.219698, 0.297106, 0.297754, 0.302402, 0.395421, 0.411539, 0.505955, 0.925541, 0.927736, 1, 

Generation #14
20,26,0.001, 0.0271548, 0.0382047, 0.0521426, 0.0537995, 0.0552637, 0.0769368, 0.132474, 0.186513, 0.291185, 0.313992, 0.742549, 1, 

24,19,0.001, 0.0348405, 0.0415701, 0.0521426, 0.0537995, 0.0552637, 0.0769368, 0.132474, 0.219698, 0.297106, 0.297754, 0.302402, 0.395421, 0.411539, 0.505955, 0.925541, 0.927736, 1, 

23,25,0.001, 0.0348405, 0.0415701, 0.0521426, 0.0537995, 0.0804017, 0.147643, 0.164825, 0.186513, 0.291185, 0.313992, 0.742549, 1, 

Generation #15
20,26,0.001, 0.0271548, 0.0382047, 0.0521426, 0.0537995, 0.0552637, 0.0769368, 0.132474, 0.186513, 0.291185, 0.313992, 0.742549, 1, 

24,19,0.001, 0.0348405, 0.0415701, 0.0521426, 0.0537995, 0.0552637, 0.0769368, 0.132474, 0.219698, 0.297106, 0.297754, 0.302402, 0.395421, 0.411539, 0.505955, 0.925541, 0.927736, 1, 

19,65,0.001, 0.0271548, 0.0382047, 0.0521426, 0.0537995, 0.0552637, 0.0769368, 0.132474, 0.186513, 1, 

21,22,0.001, 0.0348405, 0.0415701, 0.0521426, 0.0537995, 0.0552637, 0.0769368, 0.164825, 0.168838, 0.280852, 0.285128, 0.305557, 0.993647, 1, 

Generation #16
20,26,0.001, 0.0271548, 0.0382047, 0.0521426, 0.0537995, 0.0552637, 0.0769368, 0.132474, 0.186513, 0.291185, 0.313992, 0.742549, 1, 

24,19,0.001, 0.0348405, 0.0415701, 0.0521426, 0.0537995, 0.0552637, 0.0769368, 0.132474, 0.219698, 0.297106, 0.297754, 0.302402, 0.395421, 0.411539, 0.505955, 0.925541, 0.927736, 1, 

19,65,0.001, 0.0271548, 0.0382047, 0.0521426, 0.0537995, 0.0552637, 0.0769368, 0.132474, 0.186513, 1, 

21,22,0.001, 0.0348405, 0.0415701, 0.0521426, 0.0537995, 0.0552637, 0.0769368, 0.164825, 0.168838, 0.280852, 0.285128, 0.305557, 0.993647, 1, 

Generation #17
24,19,0.001, 0.0348405, 0.0415701, 0.0521426, 0.0537995, 0.0552637, 0.0769368, 0.132474, 0.219698, 0.297106, 0.297754, 0.302402, 0.395421, 0.411539, 0.505955, 0.925541, 0.927736, 1, 

19,65,0.001, 0.0271548, 0.0382047, 0.0521426, 0.0537995, 0.0552637, 0.0769368, 0.132474, 0.186513, 1, 

21,22,0.001, 0.0348405, 0.0415701, 0.0521426, 0.0537995, 0.0552637, 0.0769368, 0.164825, 0.168838, 0.280852, 0.285128, 0.305557, 0.993647, 1, 

20,25,0.001, 0.0271548, 0.0382047, 0.0521426, 0.0537995, 0.0552637, 0.0769368, 0.132474, 0.186513, 0.291185, 0.313992, 0.742549, 1, 

Generation #18
24,19,0.001, 0.0348405, 0.0415701, 0.0521426, 0.0537995, 0.0552637, 0.0769368, 0.132474, 0.219698, 0.297106, 0.297754, 0.302402, 0.395421, 0.411539, 0.505955, 0.925541, 0.927736, 1, 

21,22,0.001, 0.0348405, 0.0415701, 0.0521426, 0.0537995, 0.0552637, 0.0769368, 0.164825, 0.168838, 0.280852, 0.285128, 0.305557, 0.993647, 1, 

20,25,0.001, 0.0271548, 0.0382047, 0.0521426, 0.0537995, 0.0552637, 0.0769368, 0.132474, 0.186513, 0.291185, 0.313992, 0.742549, 1, 

18,30,0.001, 0.0271548, 0.0382047, 0.0521426, 0.0537995, 0.0552637, 0.0769368, 0.132474, 0.186513, 0.417375, 1, 

Generation #19
24,19,0.001, 0.0348405, 0.0415701, 0.0521426, 0.0537995, 0.0552637, 0.0769368, 0.132474, 0.219698, 0.297106, 0.297754, 0.302402, 0.395421, 0.411539, 0.505955, 0.925541, 0.927736, 1, 

21,22,0.001, 0.0348405, 0.0415701, 0.0521426, 0.0537995, 0.0552637, 0.0769368, 0.164825, 0.168838, 0.280852, 0.285128, 0.305557, 0.993647, 1, 

20,25,0.001, 0.0271548, 0.0382047, 0.0521426, 0.0537995, 0.0552637, 0.0769368, 0.132474, 0.186513, 0.291185, 0.313992, 0.742549, 1, 

18,30,0.001, 0.0271548, 0.0382047, 0.0521426, 0.0537995, 0.0552637, 0.0769368, 0.132474, 0.186513, 0.417375, 1, 

Generation #20
24,19,0.001, 0.0348405, 0.0415701, 0.0521426, 0.0537995, 0.0552637, 0.0769368, 0.132474, 0.219698, 0.297106, 0.297754, 0.302402, 0.395421, 0.411539, 0.505955, 0.925541, 0.927736, 1, 

21,22,0.001, 0.0348405, 0.0415701, 0.0521426, 0.0537995, 0.0552637, 0.0769368, 0.164825, 0.168838, 0.280852, 0.285128, 0.305557, 0.993647, 1, 

18,30,0.001, 0.0271548, 0.0382047, 0.0521426, 0.0537995, 0.0552637, 0.0769368, 0.132474, 0.186513, 0.417375, 1, 

20,23,0.001, 0.0271548, 0.0382047, 0.0521426, 0.0537995, 0.0552637, 0.0769368, 0.132474, 0.186513, 0.291185, 0.313992, 0.742549, 1, 

Generation #21
24,19,0.001, 0.0348405, 0.0415701, 0.0521426, 0.0537995, 0.0552637, 0.0769368, 0.132474, 0.219698, 0.297106, 0.297754, 0.302402, 0.395421, 0.411539, 0.505955, 0.925541, 0.927736, 1, 

21,22,0.001, 0.0348405, 0.0415701, 0.0521426, 0.0537995, 0.0552637, 0.0769368, 0.164825, 0.168838, 0.280852, 0.285128, 0.305557, 0.993647, 1, 

18,30,0.001, 0.0271548, 0.0382047, 0.0521426, 0.0537995, 0.0552637, 0.0769368, 0.132474, 0.186513, 0.417375, 1, 

20,23,0.001, 0.0271548, 0.0382047, 0.0521426, 0.0537995, 0.0552637, 0.0769368, 0.132474, 0.186513, 0.291185, 0.313992, 0.742549, 1, 

Generation #22
24,19,0.001, 0.0348405, 0.0415701, 0.0521426, 0.0537995, 0.0552637, 0.0769368, 0.132474, 0.219698, 0.297106, 0.297754, 0.302402, 0.395421, 0.411539, 0.505955, 0.925541, 0.927736, 1, 

21,22,0.001, 0.0348405, 0.0415701, 0.0521426, 0.0537995, 0.0552637, 0.0769368, 0.164825, 0.168838, 0.280852, 0.285128, 0.305557, 0.993647, 1, 

18,30,0.001, 0.0271548, 0.0382047, 0.0521426, 0.0537995, 0.0552637, 0.0769368, 0.132474, 0.186513, 0.417375, 1, 

20,23,0.001, 0.0271548, 0.0382047, 0.0521426, 0.0537995, 0.0552637, 0.0769368, 0.132474, 0.186513, 0.291185, 0.313992, 0.742549, 1, 

Generation #23
24,19,0.001, 0.0348405, 0.0415701, 0.0521426, 0.0537995, 0.0552637, 0.0769368, 0.132474, 0.219698, 0.297106, 0.297754, 0.302402, 0.395421, 0.411539, 0.505955, 0.925541, 0.927736, 1, 

21,22,0.001, 0.0348405, 0.0415701, 0.0521426, 0.0537995, 0.0552637, 0.0769368, 0.164825, 0.168838, 0.280852, 0.285128, 0.305557, 0.993647, 1, 

18,30,0.001, 0.0271548, 0.0382047, 0.0521426, 0.0537995, 0.0552637, 0.0769368, 0.132474, 0.186513, 0.417375, 1, 

20,23,0.001, 0.0271548, 0.0382047, 0.0521426, 0.0537995, 0.0552637, 0.0769368, 0.132474, 0.186513, 0.291185, 0.313992, 0.742549, 1, 

Generation #24
24,19,0.001, 0.0348405, 0.0415701, 0.0521426, 0.0537995, 0.0552637, 0.0769368, 0.132474, 0.219698, 0.297106, 0.297754, 0.302402, 0.395421, 0.411539, 0.505955, 0.925541, 0.927736, 1, 

21,22,0.001, 0.0348405, 0.0415701, 0.0521426, 0.0537995, 0.0552637, 0.0769368, 0.164825, 0.168838, 0.280852, 0.285128, 0.305557, 0.993647, 1, 

18,30,0.001, 0.0271548, 0.0382047, 0.0521426, 0.0537995, 0.0552637, 0.0769368, 0.132474, 0.186513, 0.417375, 1, 

20,23,0.001, 0.0271548, 0.0382047, 0.0521426, 0.0537995, 0.0552637, 0.0769368, 0.132474, 0.186513, 0.291185, 0.313992, 0.742549, 1, 

Generation #25
24,19,0.001, 0.0348405, 0.0415701, 0.0521426, 0.0537995, 0.0552637, 0.0769368, 0.132474, 0.219698, 0.297106, 0.297754, 0.302402, 0.395421, 0.411539, 0.505955, 0.925541, 0.927736, 1, 

21,22,0.001, 0.0348405, 0.0415701, 0.0521426, 0.0537995, 0.0552637, 0.0769368, 0.164825, 0.168838, 0.280852, 0.285128, 0.305557, 0.993647, 1, 

18,30,0.001, 0.0271548, 0.0382047, 0.0521426, 0.0537995, 0.0552637, 0.0769368, 0.132474, 0.186513, 0.417375, 1, 

20,23,0.001, 0.0271548, 0.0382047, 0.0521426, 0.0537995, 0.0552637, 0.0769368, 0.132474, 0.186513, 0.291185, 0.313992, 0.742549, 1, 

Generation #26
24,19,0.001, 0.0348405, 0.0415701, 0.0521426, 0.0537995, 0.0552637, 0.0769368, 0.132474, 0.219698, 0.297106, 0.297754, 0.302402, 0.395421, 0.411539, 0.505955, 0.925541, 0.927736, 1, 

18,30,0.001, 0.0271548, 0.0382047, 0.0521426, 0.0537995, 0.0552637, 0.0769368, 0.132474, 0.186513, 0.417375, 1, 

20,22,0.001, 0.0196939, 0.0382047, 0.0521426, 0.0537995, 0.0552637, 0.113872, 0.158574, 0.219698, 0.297106, 0.297754, 0.302402, 0.395421, 1, 

Generation #27
24,19,0.001, 0.0348405, 0.0415701, 0.0521426, 0.0537995, 0.0552637, 0.0769368, 0.132474, 0.219698, 0.297106, 0.297754, 0.302402, 0.395421, 0.411539, 0.505955, 0.925541, 0.927736, 1, 

18,30,0.001, 0.0271548, 0.0382047, 0.0521426, 0.0537995, 0.0552637, 0.0769368, 0.132474, 0.186513, 0.417375, 1, 

20,22,0.001, 0.0196939, 0.0382047, 0.0521426, 0.0537995, 0.0552637, 0.113872, 0.158574, 0.219698, 0.297106, 0.297754, 0.302402, 0.395421, 1, 

Generation #28
24,19,0.001, 0.0348405, 0.0415701, 0.0521426, 0.0537995, 0.0552637, 0.0769368, 0.132474, 0.219698, 0.297106, 0.297754, 0.302402, 0.395421, 0.411539, 0.505955, 0.925541, 0.927736, 1, 

18,30,0.001, 0.0271548, 0.0382047, 0.0521426, 0.0537995, 0.0552637, 0.0769368, 0.132474, 0.186513, 0.417375, 1, 

20,22,0.001, 0.0196939, 0.0382047, 0.0521426, 0.0537995, 0.0552637, 0.113872, 0.158574, 0.219698, 0.297106, 0.297754, 0.302402, 0.395421, 1, 

Generation #29
24,19,0.001, 0.0348405, 0.0415701, 0.0521426, 0.0537995, 0.0552637, 0.0769368, 0.132474, 0.219698, 0.297106, 0.297754, 0.302402, 0.395421, 0.411539, 0.505955, 0.925541, 0.927736, 1, 

18,30,0.001, 0.0271548, 0.0382047, 0.0521426, 0.0537995, 0.0552637, 0.0769368, 0.132474, 0.186513, 0.417375, 1, 

20,22,0.001, 0.0196939, 0.0382047, 0.0521426, 0.0537995, 0.0552637, 0.113872, 0.158574, 0.219698, 0.297106, 0.297754, 0.302402, 0.395421, 1, 

Generation #30
24,19,0.001, 0.0348405, 0.0415701, 0.0521426, 0.0537995, 0.0552637, 0.0769368, 0.132474, 0.219698, 0.297106, 0.297754, 0.302402, 0.395421, 0.411539, 0.505955, 0.925541, 0.927736, 1, 

18,30,0.001, 0.0271548, 0.0382047, 0.0521426, 0.0537995, 0.0552637, 0.0769368, 0.132474, 0.186513, 0.417375, 1, 

20,22,0.001, 0.0196939, 0.0382047, 0.0521426, 0.0537995, 0.0552637, 0.113872, 0.158574, 0.219698, 0.297106, 0.297754, 0.302402, 0.395421, 1, 

Generation #31
24,19,0.001, 0.0348405, 0.0415701, 0.0521426, 0.0537995, 0.0552637, 0.0769368, 0.132474, 0.219698, 0.297106, 0.297754, 0.302402, 0.395421, 0.411539, 0.505955, 0.925541, 0.927736, 1, 

18,30,0.001, 0.0271548, 0.0382047, 0.0521426, 0.0537995, 0.0552637, 0.0769368, 0.132474, 0.186513, 0.417375, 1, 

20,22,0.001, 0.0196939, 0.0382047, 0.0521426, 0.0537995, 0.0552637, 0.113872, 0.158574, 0.219698, 0.297106, 0.297754, 0.302402, 0.395421, 1, 

Generation #32
24,19,0.001, 0.0348405, 0.0415701, 0.0521426, 0.0537995, 0.0552637, 0.0769368, 0.132474, 0.219698, 0.297106, 0.297754, 0.302402, 0.395421, 0.411539, 0.505955, 0.925541, 0.927736, 1, 

18,30,0.001, 0.0271548, 0.0382047, 0.0521426, 0.0537995, 0.0552637, 0.0769368, 0.132474, 0.186513, 0.417375, 1, 

20,22,0.001, 0.0196939, 0.0382047, 0.0521426, 0.0537995, 0.0552637, 0.113872, 0.158574, 0.219698, 0.297106, 0.297754, 0.302402, 0.395421, 1, 

Generation #33
24,19,0.001, 0.0348405, 0.0415701, 0.0521426, 0.0537995, 0.0552637, 0.0769368, 0.132474, 0.219698, 0.297106, 0.297754, 0.302402, 0.395421, 0.411539, 0.505955, 0.925541, 0.927736, 1, 

18,30,0.001, 0.0271548, 0.0382047, 0.0521426, 0.0537995, 0.0552637, 0.0769368, 0.132474, 0.186513, 0.417375, 1, 

20,22,0.001, 0.0196939, 0.0382047, 0.0521426, 0.0537995, 0.0552637, 0.113872, 0.158574, 0.219698, 0.297106, 0.297754, 0.302402, 0.395421, 1, 

Generation #34
24,19,0.001, 0.0348405, 0.0415701, 0.0521426, 0.0537995, 0.0552637, 0.0769368, 0.132474, 0.219698, 0.297106, 0.297754, 0.302402, 0.395421, 0.411539, 0.505955, 0.925541, 0.927736, 1, 

18,30,0.001, 0.0271548, 0.0382047, 0.0521426, 0.0537995, 0.0552637, 0.0769368, 0.132474, 0.186513, 0.417375, 1, 

20,22,0.001, 0.0196939, 0.0382047, 0.0521426, 0.0537995, 0.0552637, 0.113872, 0.158574, 0.219698, 0.297106, 0.297754, 0.302402, 0.395421, 1, 

Generation #35
24,19,0.001, 0.0348405, 0.0415701, 0.0521426, 0.0537995, 0.0552637, 0.0769368, 0.132474, 0.219698, 0.297106, 0.297754, 0.302402, 0.395421, 0.411539, 0.505955, 0.925541, 0.927736, 1, 

18,30,0.001, 0.0271548, 0.0382047, 0.0521426, 0.0537995, 0.0552637, 0.0769368, 0.132474, 0.186513, 0.417375, 1, 

20,22,0.001, 0.0196939, 0.0382047, 0.0521426, 0.0537995, 0.0552637, 0.113872, 0.158574, 0.219698, 0.297106, 0.297754, 0.302402, 0.395421, 1, 

Generation #36
24,19,0.001, 0.0348405, 0.0415701, 0.0521426, 0.0537995, 0.0552637, 0.0769368, 0.132474, 0.219698, 0.297106, 0.297754, 0.302402, 0.395421, 0.411539, 0.505955, 0.925541, 0.927736, 1, 

18,30,0.001, 0.0271548, 0.0382047, 0.0521426, 0.0537995, 0.0552637, 0.0769368, 0.132474, 0.186513, 0.417375, 1, 

20,22,0.001, 0.0196939, 0.0382047, 0.0521426, 0.0537995, 0.0552637, 0.113872, 0.158574, 0.219698, 0.297106, 0.297754, 0.302402, 0.395421, 1, 

Generation #37
24,19,0.001, 0.0348405, 0.0415701, 0.0521426, 0.0537995, 0.0552637, 0.0769368, 0.132474, 0.219698, 0.297106, 0.297754, 0.302402, 0.395421, 0.411539, 0.505955, 0.925541, 0.927736, 1, 

18,30,0.001, 0.0271548, 0.0382047, 0.0521426, 0.0537995, 0.0552637, 0.0769368, 0.132474, 0.186513, 0.417375, 1, 

20,22,0.001, 0.0196939, 0.0382047, 0.0521426, 0.0537995, 0.0552637, 0.113872, 0.158574, 0.219698, 0.297106, 0.297754, 0.302402, 0.395421, 1, 

Generation #38
24,19,0.001, 0.0348405, 0.0415701, 0.0521426, 0.0537995, 0.0552637, 0.0769368, 0.132474, 0.219698, 0.297106, 0.297754, 0.302402, 0.395421, 0.411539, 0.505955, 0.925541, 0.927736, 1, 

18,30,0.001, 0.0271548, 0.0382047, 0.0521426, 0.0537995, 0.0552637, 0.0769368, 0.132474, 0.186513, 0.417375, 1, 

20,22,0.001, 0.0196939, 0.0382047, 0.0521426, 0.0537995, 0.0552637, 0.113872, 0.158574, 0.219698, 0.297106, 0.297754, 0.302402, 0.395421, 1, 

Generation #39
24,19,0.001, 0.0348405, 0.0415701, 0.0521426, 0.0537995, 0.0552637, 0.0769368, 0.132474, 0.219698, 0.297106, 0.297754, 0.302402, 0.395421, 0.411539, 0.505955, 0.925541, 0.927736, 1, 

18,30,0.001, 0.0271548, 0.0382047, 0.0521426, 0.0537995, 0.0552637, 0.0769368, 0.132474, 0.186513, 0.417375, 1, 

20,22,0.001, 0.0196939, 0.0382047, 0.0521426, 0.0537995, 0.0552637, 0.113872, 0.158574, 0.219698, 0.297106, 0.297754, 0.302402, 0.395421, 1, 

Generation #40
24,19,0.001, 0.0348405, 0.0415701, 0.0521426, 0.0537995, 0.0552637, 0.0769368, 0.132474, 0.219698, 0.297106, 0.297754, 0.302402, 0.395421, 0.411539, 0.505955, 0.925541, 0.927736, 1, 

18,30,0.001, 0.0271548, 0.0382047, 0.0521426, 0.0537995, 0.0552637, 0.0769368, 0.132474, 0.186513, 0.417375, 1, 

20,22,0.001, 0.0196939, 0.0382047, 0.0521426, 0.0537995, 0.0552637, 0.113872, 0.158574, 0.219698, 0.297106, 0.297754, 0.302402, 0.395421, 1, 

21,21,0.001, 0.0196939, 0.022232, 0.0277722, 0.0537995, 0.0552637, 0.0769368, 0.132474, 0.186513, 0.280852, 0.313992, 0.742549, 1, 

Generation #41
24,19,0.001, 0.0348405, 0.0415701, 0.0521426, 0.0537995, 0.0552637, 0.0769368, 0.132474, 0.219698, 0.297106, 0.297754, 0.302402, 0.395421, 0.411539, 0.505955, 0.925541, 0.927736, 1, 

18,30,0.001, 0.0271548, 0.0382047, 0.0521426, 0.0537995, 0.0552637, 0.0769368, 0.132474, 0.186513, 0.417375, 1, 

20,22,0.001, 0.0196939, 0.0382047, 0.0521426, 0.0537995, 0.0552637, 0.113872, 0.158574, 0.219698, 0.297106, 0.297754, 0.302402, 0.395421, 1, 

21,21,0.001, 0.0196939, 0.022232, 0.0277722, 0.0537995, 0.0552637, 0.0769368, 0.132474, 0.186513, 0.280852, 0.313992, 0.742549, 1, 

Generation #42
24,19,0.001, 0.0348405, 0.0415701, 0.0521426, 0.0537995, 0.0552637, 0.0769368, 0.132474, 0.219698, 0.297106, 0.297754, 0.302402, 0.395421, 0.411539, 0.505955, 0.925541, 0.927736, 1, 

18,30,0.001, 0.0271548, 0.0382047, 0.0521426, 0.0537995, 0.0552637, 0.0769368, 0.132474, 0.186513, 0.417375, 1, 

20,22,0.001, 0.0196939, 0.0382047, 0.0521426, 0.0537995, 0.0552637, 0.113872, 0.158574, 0.219698, 0.297106, 0.297754, 0.302402, 0.395421, 1, 

21,21,0.001, 0.0196939, 0.022232, 0.0277722, 0.0537995, 0.0552637, 0.0769368, 0.132474, 0.186513, 0.280852, 0.313992, 0.742549, 1, 

Generation #43
24,19,0.001, 0.0348405, 0.0415701, 0.0521426, 0.0537995, 0.0552637, 0.0769368, 0.132474, 0.219698, 0.297106, 0.297754, 0.302402, 0.395421, 0.411539, 0.505955, 0.925541, 0.927736, 1, 

18,30,0.001, 0.0271548, 0.0382047, 0.0521426, 0.0537995, 0.0552637, 0.0769368, 0.132474, 0.186513, 0.417375, 1, 

20,22,0.001, 0.0196939, 0.0382047, 0.0521426, 0.0537995, 0.0552637, 0.113872, 0.158574, 0.219698, 0.297106, 0.297754, 0.302402, 0.395421, 1, 

21,21,0.001, 0.0196939, 0.022232, 0.0277722, 0.0537995, 0.0552637, 0.0769368, 0.132474, 0.186513, 0.280852, 0.313992, 0.742549, 1, 

Generation #44
24,19,0.001, 0.0348405, 0.0415701, 0.0521426, 0.0537995, 0.0552637, 0.0769368, 0.132474, 0.219698, 0.297106, 0.297754, 0.302402, 0.395421, 0.411539, 0.505955, 0.925541, 0.927736, 1, 

18,30,0.001, 0.0271548, 0.0382047, 0.0521426, 0.0537995, 0.0552637, 0.0769368, 0.132474, 0.186513, 0.417375, 1, 

20,22,0.001, 0.0196939, 0.0382047, 0.0521426, 0.0537995, 0.0552637, 0.113872, 0.158574, 0.219698, 0.297106, 0.297754, 0.302402, 0.395421, 1, 

21,21,0.001, 0.0196939, 0.022232, 0.0277722, 0.0537995, 0.0552637, 0.0769368, 0.132474, 0.186513, 0.280852, 0.313992, 0.742549, 1, 

Generation #45
24,19,0.001, 0.0348405, 0.0415701, 0.0521426, 0.0537995, 0.0552637, 0.0769368, 0.132474, 0.219698, 0.297106, 0.297754, 0.302402, 0.395421, 0.411539, 0.505955, 0.925541, 0.927736, 1, 

18,30,0.001, 0.0271548, 0.0382047, 0.0521426, 0.0537995, 0.0552637, 0.0769368, 0.132474, 0.186513, 0.417375, 1, 

20,22,0.001, 0.0196939, 0.0382047, 0.0521426, 0.0537995, 0.0552637, 0.113872, 0.158574, 0.219698, 0.297106, 0.297754, 0.302402, 0.395421, 1, 

21,21,0.001, 0.0196939, 0.022232, 0.0277722, 0.0537995, 0.0552637, 0.0769368, 0.132474, 0.186513, 0.280852, 0.313992, 0.742549, 1, 

Generation #46
24,19,0.001, 0.0348405, 0.0415701, 0.0521426, 0.0537995, 0.0552637, 0.0769368, 0.132474, 0.219698, 0.297106, 0.297754, 0.302402, 0.395421, 0.411539, 0.505955, 0.925541, 0.927736, 1, 

18,30,0.001, 0.0271548, 0.0382047, 0.0521426, 0.0537995, 0.0552637, 0.0769368, 0.132474, 0.186513, 0.417375, 1, 

20,22,0.001, 0.0196939, 0.0382047, 0.0521426, 0.0537995, 0.0552637, 0.113872, 0.158574, 0.219698, 0.297106, 0.297754, 0.302402, 0.395421, 1, 

21,21,0.001, 0.0196939, 0.022232, 0.0277722, 0.0537995, 0.0552637, 0.0769368, 0.132474, 0.186513, 0.280852, 0.313992, 0.742549, 1, 

Generation #47
24,19,0.001, 0.0348405, 0.0415701, 0.0521426, 0.0537995, 0.0552637, 0.0769368, 0.132474, 0.219698, 0.297106, 0.297754, 0.302402, 0.395421, 0.411539, 0.505955, 0.925541, 0.927736, 1, 

18,30,0.001, 0.0271548, 0.0382047, 0.0521426, 0.0537995, 0.0552637, 0.0769368, 0.132474, 0.186513, 0.417375, 1, 

20,22,0.001, 0.0196939, 0.0382047, 0.0521426, 0.0537995, 0.0552637, 0.113872, 0.158574, 0.219698, 0.297106, 0.297754, 0.302402, 0.395421, 1, 

21,21,0.001, 0.0196939, 0.022232, 0.0277722, 0.0537995, 0.0552637, 0.0769368, 0.132474, 0.186513, 0.280852, 0.313992, 0.742549, 1, 

Generation #48
24,19,0.001, 0.0348405, 0.0415701, 0.0521426, 0.0537995, 0.0552637, 0.0769368, 0.132474, 0.219698, 0.297106, 0.297754, 0.302402, 0.395421, 0.411539, 0.505955, 0.925541, 0.927736, 1, 

18,30,0.001, 0.0271548, 0.0382047, 0.0521426, 0.0537995, 0.0552637, 0.0769368, 0.132474, 0.186513, 0.417375, 1, 

20,22,0.001, 0.0196939, 0.0382047, 0.0521426, 0.0537995, 0.0552637, 0.113872, 0.158574, 0.219698, 0.297106, 0.297754, 0.302402, 0.395421, 1, 

21,21,0.001, 0.0196939, 0.022232, 0.0277722, 0.0537995, 0.0552637, 0.0769368, 0.132474, 0.186513, 0.280852, 0.313992, 0.742549, 1, 

Generation #49
24,19,0.001, 0.0348405, 0.0415701, 0.0521426, 0.0537995, 0.0552637, 0.0769368, 0.132474, 0.219698, 0.297106, 0.297754, 0.302402, 0.395421, 0.411539, 0.505955, 0.925541, 0.927736, 1, 

18,30,0.001, 0.0271548, 0.0382047, 0.0521426, 0.0537995, 0.0552637, 0.0769368, 0.132474, 0.186513, 0.417375, 1, 

20,22,0.001, 0.0196939, 0.0382047, 0.0521426, 0.0537995, 0.0552637, 0.113872, 0.158574, 0.219698, 0.297106, 0.297754, 0.302402, 0.395421, 1, 

21,21,0.001, 0.0196939, 0.022232, 0.0277722, 0.0537995, 0.0552637, 0.0769368, 0.132474, 0.186513, 0.280852, 0.313992, 0.742549, 1, 

--- Pareto Front Solutions ---
Solution 0: N total=80 (N_initial=56, N_added=24), Time total=22 ms, Saved to: ./results/SPINS_t2_l3_pareto_0.csv, percents=0.001, 0.0348405, 0.0415701, 0.0521426, 0.0537995, 0.0552637, 0.0769368, 0.132474, 0.219698, 0.297106, 0.297754, 0.302402, 0.395421, 0.411539, 0.505955, 0.925541, 0.927736, 1, 

Solution 1: N total=74 (N_initial=56, N_added=18), Time total=33 ms, Saved to: ./results/SPINS_t2_l3_pareto_1.csv, percents=0.001, 0.0271548, 0.0382047, 0.0521426, 0.0537995, 0.0552637, 0.0769368, 0.132474, 0.186513, 0.417375, 1, 

Solution 2: N total=76 (N_initial=56, N_added=20), Time total=25 ms, Saved to: ./results/SPINS_t2_l3_pareto_2.csv, percents=0.001, 0.0196939, 0.0382047, 0.0521426, 0.0537995, 0.0552637, 0.113872, 0.158574, 0.219698, 0.297106, 0.297754, 0.302402, 0.395421, 1, 

Solution 3: N total=77 (N_initial=56, N_added=21), Time total=24 ms, Saved to: ./results/SPINS_t2_l3_pareto_3.csv, percents=0.001, 0.0196939, 0.022232, 0.0277722, 0.0537995, 0.0552637, 0.0769368, 0.132474, 0.186513, 0.280852, 0.313992, 0.742549, 1, 

------------d=1, t=2, lambda=4, filename=./evaluation/SPINS/SPINS_2_4.csv------------
Grouping d-sets by partitioned row counts for detecting arrays...
Ready to look at pairs for detecting arrays...
First Stage N=64, Time=3
There are 485 remaining non-locating pairs
--- Running GA Algorithm (phase2) ---
Running GA with std::execution::par
Generation #0
27,132,0.001, 0.0375149, 0.132559, 0.180733, 0.38039, 0.507383, 0.847755, 0.924997, 0.935274, 0.94218, 1, 

42,69,0.001, 0.0177705, 0.0209684, 0.0263165, 0.0915824, 0.095101, 0.099096, 0.101295, 0.108062, 0.149859, 0.156787, 0.331157, 0.390296, 0.48101, 0.57966, 0.58239, 0.634724, 0.672136, 0.71358, 0.737796, 0.747955, 0.860611, 0.901679, 0.964077, 0.978164, 0.980947, 0.990163, 1, 

35,92,0.001, 0.0511474, 0.0582318, 0.0751137, 0.0759763, 0.11641, 0.203155, 0.232069, 0.241322, 0.441151, 0.56028, 0.611462, 0.633138, 0.649554, 0.705704, 0.705728, 0.719154, 0.783248, 0.799121, 1, 

30,105,0.001, 0.0653717, 0.0921016, 0.107965, 0.117274, 0.160692, 0.162291, 0.16785, 0.350169, 0.385925, 0.571497, 0.675457, 0.769865, 0.907793, 0.962438, 1, 

Generation #1
27,132,0.001, 0.0375149, 0.132559, 0.180733, 0.38039, 0.507383, 0.847755, 0.924997, 0.935274, 0.94218, 1, 

30,105,0.001, 0.0653717, 0.0921016, 0.107965, 0.117274, 0.160692, 0.162291, 0.16785, 0.350169, 0.385925, 0.571497, 0.675457, 0.769865, 0.907793, 0.962438, 1, 

31,63,0.001, 0.0331644, 0.044052, 0.0710243, 0.0720218, 0.12889, 0.150765, 0.19235, 0.201141, 0.243179, 0.255334, 0.604251, 0.703279, 0.913538, 0.982011, 1, 

28,120,0.001, 0.0419854, 0.0968746, 0.107826, 0.336787, 0.36986, 0.390142, 0.487002, 0.812974, 0.904319, 0.913398, 1, 

29,113,0.001, 0.122745, 0.144578, 0.172957, 0.208627, 0.217356, 0.311708, 0.393381, 0.444913, 0.879536, 0.970098, 0.997952, 1, 

Generation #2
31,63,0.001, 0.0331644, 0.044052, 0.0710243, 0.0720218, 0.12889, 0.150765, 0.19235, 0.201141, 0.243179, 0.255334, 0.604251, 0.703279, 0.913538, 0.982011, 1, 

28,120,0.001, 0.0419854, 0.0968746, 0.107826, 0.336787, 0.36986, 0.390142, 0.487002, 0.812974, 0.904319, 0.913398, 1, 

42,58,0.001, 0.0511474, 0.0582318, 0.0751137, 0.0759763, 0.11641, 0.203155, 0.197862, 0.207812, 0.196604, 0.31309, 0.316964, 0.385462, 0.438307, 0.499349, 0.554297, 0.569109, 0.569964, 0.574711, 0.608751, 0.649481, 0.705442, 0.708163, 0.771757, 0.814413, 0.864209, 0.881453, 0.980354, 1, 

30,74,0.001, 0.0511474, 0.0582318, 0.0751137, 0.0759763, 0.11641, 0.203155, 0.232069, 0.241322, 0.441151, 0.740392, 0.938249, 0.953094, 1, 

29,109,0.001, 0.0511474, 0.0582318, 0.0751137, 0.0759763, 0.11641, 0.51035, 0.624996, 0.643989, 0.894648, 1, 

27,127,0.001, 0.0375149, 0.132559, 0.180733, 0.38039, 0.507383, 0.847755, 0.571769, 0.812974, 0.904319, 1, 

Generation #3
42,58,0.001, 0.0511474, 0.0582318, 0.0751137, 0.0759763, 0.11641, 0.203155, 0.197862, 0.207812, 0.196604, 0.31309, 0.316964, 0.385462, 0.438307, 0.499349, 0.554297, 0.569109, 0.569964, 0.574711, 0.608751, 0.649481, 0.705442, 0.708163, 0.771757, 0.814413, 0.864209, 0.881453, 0.980354, 1, 

26,134,0.001, 0.033631, 0.0488815, 0.0710243, 0.0720218, 0.12889, 0.924997, 0.935274, 0.94218, 1, 

30,61,0.001, 0.0331644, 0.044052, 0.0710243, 0.0720218, 0.12889, 0.150765, 0.19235, 0.201141, 0.243179, 0.255334, 0.604251, 0.703279, 0.913538, 0.982011, 1, 

28,105,0.0920039, 0.119468, 0.0968746, 0.107826, 0.336787, 0.36986, 0.247492, 0.359689, 0.36785, 0.488103, 0.517663, 0.74817, 1, 

29,86,0.001, 0.0644112, 0.0659033, 0.095587, 0.106118, 0.163923, 0.245073, 0.122285, 0.297515, 0.381772, 0.397606, 0.498897, 1, 

27,122,0.001, 0.122745, 0.144578, 0.172957, 0.208627, 0.217356, 0.311708, 0.393381, 0.904319, 0.913398, 1, 

Generation #4
42,58,0.001, 0.0511474, 0.0582318, 0.0751137, 0.0759763, 0.11641, 0.203155, 0.197862, 0.207812, 0.196604, 0.31309, 0.316964, 0.385462, 0.438307, 0.499349, 0.554297, 0.569109, 0.569964, 0.574711, 0.608751, 0.649481, 0.705442, 0.708163, 0.771757, 0.814413, 0.864209, 0.881453, 0.980354, 1, 

30,61,0.001, 0.0331644, 0.044052, 0.0710243, 0.0720218, 0.12889, 0.150765, 0.19235, 0.201141, 0.243179, 0.255334, 0.604251, 0.703279, 0.913538, 0.982011, 1, 

26,67,0.001, 0.0331644, 0.044052, 0.0710243, 0.0720218, 0.150765, 0.19235, 0.201141, 0.381772, 0.397606, 0.498897, 1, 

25,90,0.001, 0.0101809, 0.0637039, 0.070775, 0.086367, 0.0982227, 0.16785, 0.350169, 1, 

Generation #5
26,67,0.001, 0.0331644, 0.044052, 0.0710243, 0.0720218, 0.150765, 0.19235, 0.201141, 0.381772, 0.397606, 0.498897, 1, 

28,61,0.001, 0.0284856, 0.066382, 0.0737943, 0.121572, 0.13042, 0.137297, 0.158665, 0.289622, 0.31728, 0.32615, 0.467107, 1, 

39,57,0.001, 0.0511474, 0.0582318, 0.0751137, 0.0759763, 0.11641, 0.162291, 0.16785, 0.350169, 0.385925, 0.571497, 0.675457, 0.769865, 0.907793, 0.563489, 0.563695, 0.578233, 0.595293, 0.635361, 0.712347, 0.816707, 0.837831, 0.884112, 0.990766, 1, 

29,58,0.001, 0.0419854, 0.044052, 0.0710243, 0.0720218, 0.12889, 0.150765, 0.19235, 0.201141, 0.243179, 0.255334, 0.604251, 0.703279, 0.913538, 0.982011, 1, 

25,71,0.001, 0.0511474, 0.0582318, 0.0751137, 0.0759763, 0.11641, 0.162291, 0.16785, 0.350169, 0.894648, 1, 

Generation #6
26,67,0.001, 0.0331644, 0.044052, 0.0710243, 0.0720218, 0.150765, 0.19235, 0.201141, 0.381772, 0.397606, 0.498897, 1, 

28,61,0.001, 0.0284856, 0.066382, 0.0737943, 0.121572, 0.13042, 0.137297, 0.158665, 0.289622, 0.31728, 0.32615, 0.467107, 1, 

25,71,0.001, 0.0511474, 0.0582318, 0.0751137, 0.0759763, 0.11641, 0.162291, 0.16785, 0.350169, 0.894648, 1, 

29,49,0.001, 0.0331644, 0.044052, 0.0710243, 0.0720218, 0.12889, 0.150765, 0.19235, 0.201141, 0.243179, 0.255334, 0.604251, 0.703279, 0.913538, 0.982011, 1, 

Generation #7
26,67,0.001, 0.0331644, 0.044052, 0.0710243, 0.0720218, 0.150765, 0.19235, 0.201141, 0.381772, 0.397606, 0.498897, 1, 

25,71,0.001, 0.0511474, 0.0582318, 0.0751137, 0.0759763, 0.11641, 0.162291, 0.16785, 0.350169, 0.894648, 1, 

29,49,0.001, 0.0331644, 0.044052, 0.0710243, 0.0720218, 0.12889, 0.150765, 0.19235, 0.201141, 0.243179, 0.255334, 0.604251, 0.703279, 0.913538, 0.982011, 1, 

28,55,0.001, 0.033631, 0.0488815, 0.0710243, 0.0720218, 0.11641, 0.203155, 0.232069, 0.241322, 0.441151, 0.740392, 0.938249, 0.953094, 1, 

24,122,0.001, 0.0101809, 0.0637039, 0.086367, 0.0982227, 0.16785, 0.350169, 1, 

Generation #8
25,71,0.001, 0.0511474, 0.0582318, 0.0751137, 0.0759763, 0.11641, 0.162291, 0.16785, 0.350169, 0.894648, 1, 

29,49,0.001, 0.0331644, 0.044052, 0.0710243, 0.0720218, 0.12889, 0.150765, 0.19235, 0.201141, 0.243179, 0.255334, 0.604251, 0.703279, 0.913538, 0.982011, 1, 

28,55,0.001, 0.033631, 0.0488815, 0.0710243, 0.0720218, 0.11641, 0.203155, 0.232069, 0.241322, 0.441151, 0.740392, 0.938249, 0.953094, 1, 

27,59,0.001, 0.0511474, 0.0582318, 0.0751137, 0.086367, 0.0982227, 0.16785, 0.350169, 0.289622, 0.31728, 0.222917, 0.32615, 0.74817, 1, 

26,63,0.001, 0.0419854, 0.044052, 0.0710243, 0.0720218, 0.12889, 0.150765, 0.201141, 0.243179, 0.498897, 1, 

24,102,0.001, 0.0284856, 0.0710243, 0.0720218, 0.11641, 0.16785, 0.350169, 1, 

Generation #9
29,49,0.001, 0.0331644, 0.044052, 0.0710243, 0.0720218, 0.12889, 0.150765, 0.19235, 0.201141, 0.243179, 0.255334, 0.604251, 0.703279, 0.913538, 0.982011, 1, 

28,55,0.001, 0.033631, 0.0488815, 0.0710243, 0.0720218, 0.11641, 0.203155, 0.232069, 0.241322, 0.441151, 0.740392, 0.938249, 0.953094, 1, 

27,59,0.001, 0.0511474, 0.0582318, 0.0751137, 0.086367, 0.0982227, 0.16785, 0.350169, 0.289622, 0.31728, 0.222917, 0.32615, 0.74817, 1, 

26,63,0.001, 0.0419854, 0.044052, 0.0710243, 0.0720218, 0.12889, 0.150765, 0.201141, 0.243179, 0.498897, 1, 

24,102,0.001, 0.0284856, 0.0710243, 0.0720218, 0.11641, 0.16785, 0.350169, 1, 

25,70,0.001, 0.0331644, 0.044052, 0.0710243, 0.0720218, 0.150765, 0.19235, 0.201141, 0.381772, 1, 

Generation #10
29,49,0.001, 0.0331644, 0.044052, 0.0710243, 0.0720218, 0.12889, 0.150765, 0.19235, 0.201141, 0.243179, 0.255334, 0.604251, 0.703279, 0.913538, 0.982011, 1, 

24,102,0.001, 0.0284856, 0.0710243, 0.0720218, 0.11641, 0.16785, 0.350169, 1, 

25,63,0.001, 0.0331644, 0.044052, 0.0710243, 0.0720218, 0.12889, 0.150765, 0.19235, 0.201141, 0.243179, 1, 

26,55,0.001, 0.0331644, 0.044052, 0.0751137, 0.0759763, 0.12889, 0.210247, 0.30067, 0.305259, 0.402802, 0.526478, 0.938249, 1, 

Generation #11
29,49,0.001, 0.0331644, 0.044052, 0.0710243, 0.0720218, 0.12889, 0.150765, 0.19235, 0.201141, 0.243179, 0.255334, 0.604251, 0.703279, 0.913538, 0.982011, 1, 

24,102,0.001, 0.0284856, 0.0710243, 0.0720218, 0.11641, 0.16785, 0.350169, 1, 

25,63,0.001, 0.0331644, 0.044052, 0.0710243, 0.0720218, 0.12889, 0.150765, 0.19235, 0.201141, 0.243179, 1, 

26,55,0.001, 0.0331644, 0.044052, 0.0751137, 0.0759763, 0.12889, 0.210247, 0.30067, 0.305259, 0.402802, 0.526478, 0.938249, 1, 

Generation #12
29,49,0.001, 0.0331644, 0.044052, 0.0710243, 0.0720218, 0.12889, 0.150765, 0.19235, 0.201141, 0.243179, 0.255334, 0.604251, 0.703279, 0.913538, 0.982011, 1, 

25,63,0.001, 0.0331644, 0.044052, 0.0710243, 0.0720218, 0.12889, 0.150765, 0.19235, 0.201141, 0.243179, 1, 

26,55,0.001, 0.0331644, 0.044052, 0.0751137, 0.0759763, 0.12889, 0.210247, 0.30067, 0.305259, 0.402802, 0.526478, 0.938249, 1, 

24,94,0.001, 0.0331644, 0.044052, 0.0710243, 0.121572, 0.0301992, 0.150765, 0.16785, 0.894648, 1, 

Generation #13
29,49,0.001, 0.0331644, 0.044052, 0.0710243, 0.0720218, 0.12889, 0.150765, 0.19235, 0.201141, 0.243179, 0.255334, 0.604251, 0.703279, 0.913538, 0.982011, 1, 

25,63,0.001, 0.0331644, 0.044052, 0.0710243, 0.0720218, 0.12889, 0.150765, 0.19235, 0.201141, 0.243179, 1, 

26,55,0.001, 0.0331644, 0.044052, 0.0751137, 0.0759763, 0.12889, 0.210247, 0.30067, 0.305259, 0.402802, 0.526478, 0.938249, 1, 

24,94,0.001, 0.0331644, 0.044052, 0.0710243, 0.121572, 0.0301992, 0.150765, 0.16785, 0.894648, 1, 

31,44,0.001, 0.0331644, 0.044052, 0.044052, 0.0710243, 0.0720218, 0.145285, 0.149242, 0.171208, 0.210247, 0.30067, 0.158456, 0.619944, 0.402802, 0.421771, 0.5646, 0.79037, 0.796711, 1, 

Generation #14
29,49,0.001, 0.0331644, 0.044052, 0.0710243, 0.0720218, 0.12889, 0.150765, 0.19235, 0.201141, 0.243179, 0.255334, 0.604251, 0.703279, 0.913538, 0.982011, 1, 

25,63,0.001, 0.0331644, 0.044052, 0.0710243, 0.0720218, 0.12889, 0.150765, 0.19235, 0.201141, 0.243179, 1, 

26,55,0.001, 0.0331644, 0.044052, 0.0751137, 0.0759763, 0.12889, 0.210247, 0.30067, 0.305259, 0.402802, 0.526478, 0.938249, 1, 

24,94,0.001, 0.0331644, 0.044052, 0.0710243, 0.121572, 0.0301992, 0.150765, 0.16785, 0.894648, 1, 

31,44,0.001, 0.0331644, 0.044052, 0.044052, 0.0710243, 0.0720218, 0.145285, 0.149242, 0.171208, 0.210247, 0.30067, 0.158456, 0.619944, 0.402802, 0.421771, 0.5646, 0.79037, 0.796711, 1, 

Generation #15
29,49,0.001, 0.0331644, 0.044052, 0.0710243, 0.0720218, 0.12889, 0.150765, 0.19235, 0.201141, 0.243179, 0.255334, 0.604251, 0.703279, 0.913538, 0.982011, 1, 

25,63,0.001, 0.0331644, 0.044052, 0.0710243, 0.0720218, 0.12889, 0.150765, 0.19235, 0.201141, 0.243179, 1, 

26,55,0.001, 0.0331644, 0.044052, 0.0751137, 0.0759763, 0.12889, 0.210247, 0.30067, 0.305259, 0.402802, 0.526478, 0.938249, 1, 

31,44,0.001, 0.0331644, 0.044052, 0.044052, 0.0710243, 0.0720218, 0.145285, 0.149242, 0.171208, 0.210247, 0.30067, 0.158456, 0.619944, 0.402802, 0.421771, 0.5646, 0.79037, 0.796711, 1, 

21,113,0.001, 0.0331644, 0.044052, 0.0759763, 0.16785, 0.350169, 1, 

28,54,0.001, 0.0284856, 0.044052, 0.0710243, 0.0720218, 0.12889, 0.150765, 0.122285, 0.207812, 0.31728, 0.32615, 0.467107, 1, 

24,84,0.001, 0.0331644, 0.044052, 0.0751137, 0.0759763, 0.13042, 0.137297, 0.158665, 0.488723, 1, 

Generation #16
29,49,0.001, 0.0331644, 0.044052, 0.0710243, 0.0720218, 0.12889, 0.150765, 0.19235, 0.201141, 0.243179, 0.255334, 0.604251, 0.703279, 0.913538, 0.982011, 1, 

25,63,0.001, 0.0331644, 0.044052, 0.0710243, 0.0720218, 0.12889, 0.150765, 0.19235, 0.201141, 0.243179, 1, 

26,55,0.001, 0.0331644, 0.044052, 0.0751137, 0.0759763, 0.12889, 0.210247, 0.30067, 0.305259, 0.402802, 0.526478, 0.938249, 1, 

31,44,0.001, 0.0331644, 0.044052, 0.044052, 0.0710243, 0.0720218, 0.145285, 0.149242, 0.171208, 0.210247, 0.30067, 0.158456, 0.619944, 0.402802, 0.421771, 0.5646, 0.79037, 0.796711, 1, 

21,113,0.001, 0.0331644, 0.044052, 0.0759763, 0.16785, 0.350169, 1, 

28,54,0.001, 0.0284856, 0.044052, 0.0710243, 0.0720218, 0.12889, 0.150765, 0.122285, 0.207812, 0.31728, 0.32615, 0.467107, 1, 

24,80,0.001, 0.0331644, 0.044052, 0.0710243, 0.0720218, 0.203155, 0.350169, 1, 

Generation #17
29,49,0.001, 0.0331644, 0.044052, 0.0710243, 0.0720218, 0.12889, 0.150765, 0.19235, 0.201141, 0.243179, 0.255334, 0.604251, 0.703279, 0.913538, 0.982011, 1, 

25,63,0.001, 0.0331644, 0.044052, 0.0710243, 0.0720218, 0.12889, 0.150765, 0.19235, 0.201141, 0.243179, 1, 

26,55,0.001, 0.0331644, 0.044052, 0.0751137, 0.0759763, 0.12889, 0.210247, 0.30067, 0.305259, 0.402802, 0.526478, 0.938249, 1, 

31,44,0.001, 0.0331644, 0.044052, 0.044052, 0.0710243, 0.0720218, 0.145285, 0.149242, 0.171208, 0.210247, 0.30067, 0.158456, 0.619944, 0.402802, 0.421771, 0.5646, 0.79037, 0.796711, 1, 

21,113,0.001, 0.0331644, 0.044052, 0.0759763, 0.16785, 0.350169, 1, 

28,54,0.001, 0.0284856, 0.044052, 0.0710243, 0.0720218, 0.12889, 0.150765, 0.122285, 0.207812, 0.31728, 0.32615, 0.467107, 1, 

24,80,0.001, 0.0331644, 0.044052, 0.0710243, 0.0720218, 0.203155, 0.350169, 1, 

Generation #18
29,49,0.001, 0.0331644, 0.044052, 0.0710243, 0.0720218, 0.12889, 0.150765, 0.19235, 0.201141, 0.243179, 0.255334, 0.604251, 0.703279, 0.913538, 0.982011, 1, 

25,63,0.001, 0.0331644, 0.044052, 0.0710243, 0.0720218, 0.12889, 0.150765, 0.19235, 0.201141, 0.243179, 1, 

26,55,0.001, 0.0331644, 0.044052, 0.0751137, 0.0759763, 0.12889, 0.210247, 0.30067, 0.305259, 0.402802, 0.526478, 0.938249, 1, 

31,44,0.001, 0.0331644, 0.044052, 0.044052, 0.0710243, 0.0720218, 0.145285, 0.149242, 0.171208, 0.210247, 0.30067, 0.158456, 0.619944, 0.402802, 0.421771, 0.5646, 0.79037, 0.796711, 1, 

21,113,0.001, 0.0331644, 0.044052, 0.0759763, 0.16785, 0.350169, 1, 

28,54,0.001, 0.0284856, 0.044052, 0.0710243, 0.0720218, 0.12889, 0.150765, 0.122285, 0.207812, 0.31728, 0.32615, 0.467107, 1, 

24,79,0.001, 0.0331644, 0.044052, 0.044052, 0.121572, 0.13042, 0.150765, 0.16785, 0.894648, 1, 

Generation #19
29,49,0.001, 0.0331644, 0.044052, 0.0710243, 0.0720218, 0.12889, 0.150765, 0.19235, 0.201141, 0.243179, 0.255334, 0.604251, 0.703279, 0.913538, 0.982011, 1, 

25,63,0.001, 0.0331644, 0.044052, 0.0710243, 0.0720218, 0.12889, 0.150765, 0.19235, 0.201141, 0.243179, 1, 

26,55,0.001, 0.0331644, 0.044052, 0.0751137, 0.0759763, 0.12889, 0.210247, 0.30067, 0.305259, 0.402802, 0.526478, 0.938249, 1, 

31,44,0.001, 0.0331644, 0.044052, 0.044052, 0.0710243, 0.0720218, 0.145285, 0.149242, 0.171208, 0.210247, 0.30067, 0.158456, 0.619944, 0.402802, 0.421771, 0.5646, 0.79037, 0.796711, 1, 

21,113,0.001, 0.0331644, 0.044052, 0.0759763, 0.16785, 0.350169, 1, 

28,54,0.001, 0.0284856, 0.044052, 0.0710243, 0.0720218, 0.12889, 0.150765, 0.122285, 0.207812, 0.31728, 0.32615, 0.467107, 1, 

24,79,0.001, 0.0331644, 0.044052, 0.044052, 0.121572, 0.13042, 0.150765, 0.16785, 0.894648, 1, 

23,86,0.001, 0.0331644, 0.0184045, 0.044052, 0.11641, 0.203155, 0.350169, 1, 

Generation #20
29,49,0.001, 0.0331644, 0.044052, 0.0710243, 0.0720218, 0.12889, 0.150765, 0.19235, 0.201141, 0.243179, 0.255334, 0.604251, 0.703279, 0.913538, 0.982011, 1, 

25,63,0.001, 0.0331644, 0.044052, 0.0710243, 0.0720218, 0.12889, 0.150765, 0.19235, 0.201141, 0.243179, 1, 

26,55,0.001, 0.0331644, 0.044052, 0.0751137, 0.0759763, 0.12889, 0.210247, 0.30067, 0.305259, 0.402802, 0.526478, 0.938249, 1, 

31,44,0.001, 0.0331644, 0.044052, 0.044052, 0.0710243, 0.0720218, 0.145285, 0.149242, 0.171208, 0.210247, 0.30067, 0.158456, 0.619944, 0.402802, 0.421771, 0.5646, 0.79037, 0.796711, 1, 

21,113,0.001, 0.0331644, 0.044052, 0.0759763, 0.16785, 0.350169, 1, 

28,54,0.001, 0.0284856, 0.044052, 0.0710243, 0.0720218, 0.12889, 0.150765, 0.122285, 0.207812, 0.31728, 0.32615, 0.467107, 1, 

24,79,0.001, 0.0331644, 0.044052, 0.044052, 0.121572, 0.13042, 0.150765, 0.16785, 0.894648, 1, 

23,86,0.001, 0.0331644, 0.0184045, 0.044052, 0.11641, 0.203155, 0.350169, 1, 

Generation #21
29,49,0.001, 0.0331644, 0.044052, 0.0710243, 0.0720218, 0.12889, 0.150765, 0.19235, 0.201141, 0.243179, 0.255334, 0.604251, 0.703279, 0.913538, 0.982011, 1, 

25,63,0.001, 0.0331644, 0.044052, 0.0710243, 0.0720218, 0.12889, 0.150765, 0.19235, 0.201141, 0.243179, 1, 

26,55,0.001, 0.0331644, 0.044052, 0.0751137, 0.0759763, 0.12889, 0.210247, 0.30067, 0.305259, 0.402802, 0.526478, 0.938249, 1, 

31,44,0.001, 0.0331644, 0.044052, 0.044052, 0.0710243, 0.0720218, 0.145285, 0.149242, 0.171208, 0.210247, 0.30067, 0.158456, 0.619944, 0.402802, 0.421771, 0.5646, 0.79037, 0.796711, 1, 

21,113,0.001, 0.0331644, 0.044052, 0.0759763, 0.16785, 0.350169, 1, 

28,54,0.001, 0.0284856, 0.044052, 0.0710243, 0.0720218, 0.12889, 0.150765, 0.122285, 0.207812, 0.31728, 0.32615, 0.467107, 1, 

24,79,0.001, 0.0331644, 0.044052, 0.044052, 0.121572, 0.13042, 0.150765, 0.16785, 0.894648, 1, 

23,86,0.001, 0.0331644, 0.0184045, 0.044052, 0.11641, 0.203155, 0.350169, 1, 

Generation #22
29,49,0.001, 0.0331644, 0.044052, 0.0710243, 0.0720218, 0.12889, 0.150765, 0.19235, 0.201141, 0.243179, 0.255334, 0.604251, 0.703279, 0.913538, 0.982011, 1, 

25,63,0.001, 0.0331644, 0.044052, 0.0710243, 0.0720218, 0.12889, 0.150765, 0.19235, 0.201141, 0.243179, 1, 

26,55,0.001, 0.0331644, 0.044052, 0.0751137, 0.0759763, 0.12889, 0.210247, 0.30067, 0.305259, 0.402802, 0.526478, 0.938249, 1, 

31,44,0.001, 0.0331644, 0.044052, 0.044052, 0.0710243, 0.0720218, 0.145285, 0.149242, 0.171208, 0.210247, 0.30067, 0.158456, 0.619944, 0.402802, 0.421771, 0.5646, 0.79037, 0.796711, 1, 

21,113,0.001, 0.0331644, 0.044052, 0.0759763, 0.16785, 0.350169, 1, 

28,54,0.001, 0.0284856, 0.044052, 0.0710243, 0.0720218, 0.12889, 0.150765, 0.122285, 0.207812, 0.31728, 0.32615, 0.467107, 1, 

23,67,0.001, 0.0331644, 0.044052, 0.0751137, 0.0759763, 0.0720218, 0.203155, 0.350169, 1, 

Generation #23
29,49,0.001, 0.0331644, 0.044052, 0.0710243, 0.0720218, 0.12889, 0.150765, 0.19235, 0.201141, 0.243179, 0.255334, 0.604251, 0.703279, 0.913538, 0.982011, 1, 

26,55,0.001, 0.0331644, 0.044052, 0.0751137, 0.0759763, 0.12889, 0.210247, 0.30067, 0.305259, 0.402802, 0.526478, 0.938249, 1, 

31,44,0.001, 0.0331644, 0.044052, 0.044052, 0.0710243, 0.0720218, 0.145285, 0.149242, 0.171208, 0.210247, 0.30067, 0.158456, 0.619944, 0.402802, 0.421771, 0.5646, 0.79037, 0.796711, 1, 

21,113,0.001, 0.0331644, 0.044052, 0.0759763, 0.16785, 0.350169, 1, 

28,54,0.001, 0.0284856, 0.044052, 0.0710243, 0.0720218, 0.12889, 0.150765, 0.122285, 0.207812, 0.31728, 0.32615, 0.467107, 1, 

23,67,0.001, 0.0331644, 0.044052, 0.0751137, 0.0759763, 0.0720218, 0.203155, 0.350169, 1, 

24,63,0.001, 0.0331644, 0.044052, 0.0710243, 0.0720218, 0.13042, 0.150765, 0.19235, 0.201141, 1, 

Generation #24
29,49,0.001, 0.0331644, 0.044052, 0.0710243, 0.0720218, 0.12889, 0.150765, 0.19235, 0.201141, 0.243179, 0.255334, 0.604251, 0.703279, 0.913538, 0.982011, 1, 

26,55,0.001, 0.0331644, 0.044052, 0.0751137, 0.0759763, 0.12889, 0.210247, 0.30067, 0.305259, 0.402802, 0.526478, 0.938249, 1, 

31,44,0.001, 0.0331644, 0.044052, 0.044052, 0.0710243, 0.0720218, 0.145285, 0.149242, 0.171208, 0.210247, 0.30067, 0.158456, 0.619944, 0.402802, 0.421771, 0.5646, 0.79037, 0.796711, 1, 

21,113,0.001, 0.0331644, 0.044052, 0.0759763, 0.16785, 0.350169, 1, 

23,67,0.001, 0.0331644, 0.044052, 0.0751137, 0.0759763, 0.0720218, 0.203155, 0.350169, 1, 

24,63,0.001, 0.0331644, 0.044052, 0.0710243, 0.0720218, 0.13042, 0.150765, 0.19235, 0.201141, 1, 

27,52,0.001, 0.0284856, 0.044052, 0.0751137, 0.0759763, 0.0720218, 0.145285, 0.149242, 0.171208, 0.210247, 0.222917, 0.32615, 0.74817, 1, 

Generation #25
29,49,0.001, 0.0331644, 0.044052, 0.0710243, 0.0720218, 0.12889, 0.150765, 0.19235, 0.201141, 0.243179, 0.255334, 0.604251, 0.703279, 0.913538, 0.982011, 1, 

26,55,0.001, 0.0331644, 0.044052, 0.0751137, 0.0759763, 0.12889, 0.210247, 0.30067, 0.305259, 0.402802, 0.526478, 0.938249, 1, 

31,44,0.001, 0.0331644, 0.044052, 0.044052, 0.0710243, 0.0720218, 0.145285, 0.149242, 0.171208, 0.210247, 0.30067, 0.158456, 0.619944, 0.402802, 0.421771, 0.5646, 0.79037, 0.796711, 1, 

21,113,0.001, 0.0331644, 0.044052, 0.0759763, 0.16785, 0.350169, 1, 

23,67,0.001, 0.0331644, 0.044052, 0.0751137, 0.0759763, 0.0720218, 0.203155, 0.350169, 1, 

24,63,0.001, 0.0331644, 0.044052, 0.0710243, 0.0720218, 0.13042, 0.150765, 0.19235, 0.201141, 1, 

27,52,0.001, 0.0284856, 0.044052, 0.0751137, 0.0759763, 0.0720218, 0.145285, 0.149242, 0.171208, 0.210247, 0.222917, 0.32615, 0.74817, 1, 

Generation #26
29,49,0.001, 0.0331644, 0.044052, 0.0710243, 0.0720218, 0.12889, 0.150765, 0.19235, 0.201141, 0.243179, 0.255334, 0.604251, 0.703279, 0.913538, 0.982011, 1, 

26,55,0.001, 0.0331644, 0.044052, 0.0751137, 0.0759763, 0.12889, 0.210247, 0.30067, 0.305259, 0.402802, 0.526478, 0.938249, 1, 

31,44,0.001, 0.0331644, 0.044052, 0.044052, 0.0710243, 0.0720218, 0.145285, 0.149242, 0.171208, 0.210247, 0.30067, 0.158456, 0.619944, 0.402802, 0.421771, 0.5646, 0.79037, 0.796711, 1, 

21,113,0.001, 0.0331644, 0.044052, 0.0759763, 0.16785, 0.350169, 1, 

23,67,0.001, 0.0331644, 0.044052, 0.0751137, 0.0759763, 0.0720218, 0.203155, 0.350169, 1, 

24,63,0.001, 0.0331644, 0.044052, 0.0710243, 0.0720218, 0.13042, 0.150765, 0.19235, 0.201141, 1, 

27,52,0.001, 0.0284856, 0.044052, 0.0751137, 0.0759763, 0.0720218, 0.145285, 0.149242, 0.171208, 0.210247, 0.222917, 0.32615, 0.74817, 1, 

Generation #27
29,49,0.001, 0.0331644, 0.044052, 0.0710243, 0.0720218, 0.12889, 0.150765, 0.19235, 0.201141, 0.243179, 0.255334, 0.604251, 0.703279, 0.913538, 0.982011, 1, 

26,55,0.001, 0.0331644, 0.044052, 0.0751137, 0.0759763, 0.12889, 0.210247, 0.30067, 0.305259, 0.402802, 0.526478, 0.938249, 1, 

31,44,0.001, 0.0331644, 0.044052, 0.044052, 0.0710243, 0.0720218, 0.145285, 0.149242, 0.171208, 0.210247, 0.30067, 0.158456, 0.619944, 0.402802, 0.421771, 0.5646, 0.79037, 0.796711, 1, 

21,113,0.001, 0.0331644, 0.044052, 0.0759763, 0.16785, 0.350169, 1, 

23,67,0.001, 0.0331644, 0.044052, 0.0751137, 0.0759763, 0.0720218, 0.203155, 0.350169, 1, 

24,63,0.001, 0.0331644, 0.044052, 0.0710243, 0.0720218, 0.13042, 0.150765, 0.19235, 0.201141, 1, 

27,52,0.001, 0.0284856, 0.044052, 0.0751137, 0.0759763, 0.0720218, 0.145285, 0.149242, 0.171208, 0.210247, 0.222917, 0.32615, 0.74817, 1, 

25,59,0.001, 0.0331644, 0.044052, 0.0710243, 0.0720218, 0.12889, 0.150765, 0.207812, 0.31728, 0.32615, 0.467107, 1, 

Generation #28
29,49,0.001, 0.0331644, 0.044052, 0.0710243, 0.0720218, 0.12889, 0.150765, 0.19235, 0.201141, 0.243179, 0.255334, 0.604251, 0.703279, 0.913538, 0.982011, 1, 

31,44,0.001, 0.0331644, 0.044052, 0.044052, 0.0710243, 0.0720218, 0.145285, 0.149242, 0.171208, 0.210247, 0.30067, 0.158456, 0.619944, 0.402802, 0.421771, 0.5646, 0.79037, 0.796711, 1, 

21,113,0.001, 0.0331644, 0.044052, 0.0759763, 0.16785, 0.350169, 1, 

23,67,0.001, 0.0331644, 0.044052, 0.0751137, 0.0759763, 0.0720218, 0.203155, 0.350169, 1, 

24,63,0.001, 0.0331644, 0.044052, 0.0710243, 0.0720218, 0.13042, 0.150765, 0.19235, 0.201141, 1, 

27,52,0.001, 0.0284856, 0.044052, 0.0751137, 0.0759763, 0.0720218, 0.145285, 0.149242, 0.171208, 0.210247, 0.222917, 0.32615, 0.74817, 1, 

25,59,0.001, 0.0331644, 0.044052, 0.0710243, 0.0720218, 0.12889, 0.150765, 0.207812, 0.31728, 0.32615, 0.467107, 1, 

26,54,0.001, 0.0331644, 0.0184045, 0.044052, 0.121572, 0.13042, 0.210247, 0.30067, 0.305259, 0.402802, 0.526478, 0.938249, 1, 

Generation #29
29,49,0.001, 0.0331644, 0.044052, 0.0710243, 0.0720218, 0.12889, 0.150765, 0.19235, 0.201141, 0.243179, 0.255334, 0.604251, 0.703279, 0.913538, 0.982011, 1, 

31,44,0.001, 0.0331644, 0.044052, 0.044052, 0.0710243, 0.0720218, 0.145285, 0.149242, 0.171208, 0.210247, 0.30067, 0.158456, 0.619944, 0.402802, 0.421771, 0.5646, 0.79037, 0.796711, 1, 

21,113,0.001, 0.0331644, 0.044052, 0.0759763, 0.16785, 0.350169, 1, 

23,67,0.001, 0.0331644, 0.044052, 0.0751137, 0.0759763, 0.0720218, 0.203155, 0.350169, 1, 

24,63,0.001, 0.0331644, 0.044052, 0.0710243, 0.0720218, 0.13042, 0.150765, 0.19235, 0.201141, 1, 

27,52,0.001, 0.0284856, 0.044052, 0.0751137, 0.0759763, 0.0720218, 0.145285, 0.149242, 0.171208, 0.210247, 0.222917, 0.32615, 0.74817, 1, 

25,59,0.001, 0.0331644, 0.044052, 0.0710243, 0.0720218, 0.12889, 0.150765, 0.207812, 0.31728, 0.32615, 0.467107, 1, 

26,54,0.001, 0.0331644, 0.0184045, 0.044052, 0.121572, 0.13042, 0.210247, 0.30067, 0.305259, 0.402802, 0.526478, 0.938249, 1, 

Generation #30
31,44,0.001, 0.0331644, 0.044052, 0.044052, 0.0710243, 0.0720218, 0.145285, 0.149242, 0.171208, 0.210247, 0.30067, 0.158456, 0.619944, 0.402802, 0.421771, 0.5646, 0.79037, 0.796711, 1, 

21,113,0.001, 0.0331644, 0.044052, 0.0759763, 0.16785, 0.350169, 1, 

23,67,0.001, 0.0331644, 0.044052, 0.0751137, 0.0759763, 0.0720218, 0.203155, 0.350169, 1, 

24,63,0.001, 0.0331644, 0.044052, 0.0710243, 0.0720218, 0.13042, 0.150765, 0.19235, 0.201141, 1, 

27,52,0.001, 0.0284856, 0.044052, 0.0751137, 0.0759763, 0.0720218, 0.145285, 0.149242, 0.171208, 0.210247, 0.222917, 0.32615, 0.74817, 1, 

26,54,0.001, 0.0331644, 0.0184045, 0.044052, 0.121572, 0.13042, 0.210247, 0.30067, 0.305259, 0.402802, 0.526478, 0.938249, 1, 

28,48,0.001, 0.0331644, 0.044052, 0.044052, 0.0759763, 0.0720218, 0.145285, 0.149242, 0.171208, 0.210247, 0.222917, 0.32615, 0.74817, 1, 

25,58,0.001, 0.0331644, 0.044052, 0.0710243, 0.0720218, 0.12889, 0.150765, 0.122285, 0.207812, 0.31728, 0.32615, 0.467107, 1, 

Generation #31
21,113,0.001, 0.0331644, 0.044052, 0.0759763, 0.16785, 0.350169, 1, 

23,67,0.001, 0.0331644, 0.044052, 0.0751137, 0.0759763, 0.0720218, 0.203155, 0.350169, 1, 

24,63,0.001, 0.0331644, 0.044052, 0.0710243, 0.0720218, 0.13042, 0.150765, 0.19235, 0.201141, 1, 

26,54,0.001, 0.0331644, 0.0184045, 0.044052, 0.121572, 0.13042, 0.210247, 0.30067, 0.305259, 0.402802, 0.526478, 0.938249, 1, 

27,40,0.001, 0.0331644, 0.044052, 0.0710243, 0.0720218, 0.12889, 0.150765, 0.19235, 0.201141, 0.210247, 0.222917, 0.32615, 0.74817, 1, 

25,56,0.001, 0.0331644, 0.044052, 0.0710243, 0.0720218, 0.12889, 0.150765, 0.122285, 0.207812, 0.31728, 0.32615, 0.467107, 1, 

Generation #32
21,113,0.001, 0.0331644, 0.044052, 0.0759763, 0.16785, 0.350169, 1, 

23,67,0.001, 0.0331644, 0.044052, 0.0751137, 0.0759763, 0.0720218, 0.203155, 0.350169, 1, 

24,63,0.001, 0.0331644, 0.044052, 0.0710243, 0.0720218, 0.13042, 0.150765, 0.19235, 0.201141, 1, 

26,54,0.001, 0.0331644, 0.0184045, 0.044052, 0.121572, 0.13042, 0.210247, 0.30067, 0.305259, 0.402802, 0.526478, 0.938249, 1, 

27,40,0.001, 0.0331644, 0.044052, 0.0710243, 0.0720218, 0.12889, 0.150765, 0.19235, 0.201141, 0.210247, 0.222917, 0.32615, 0.74817, 1, 

25,56,0.001, 0.0331644, 0.044052, 0.0710243, 0.0720218, 0.12889, 0.150765, 0.122285, 0.207812, 0.31728, 0.32615, 0.467107, 1, 

Generation #33
21,113,0.001, 0.0331644, 0.044052, 0.0759763, 0.16785, 0.350169, 1, 

23,67,0.001, 0.0331644, 0.044052, 0.0751137, 0.0759763, 0.0720218, 0.203155, 0.350169, 1, 

24,63,0.001, 0.0331644, 0.044052, 0.0710243, 0.0720218, 0.13042, 0.150765, 0.19235, 0.201141, 1, 

26,54,0.001, 0.0331644, 0.0184045, 0.044052, 0.121572, 0.13042, 0.210247, 0.30067, 0.305259, 0.402802, 0.526478, 0.938249, 1, 

27,40,0.001, 0.0331644, 0.044052, 0.0710243, 0.0720218, 0.12889, 0.150765, 0.19235, 0.201141, 0.210247, 0.222917, 0.32615, 0.74817, 1, 

25,56,0.001, 0.0331644, 0.044052, 0.0710243, 0.0720218, 0.12889, 0.150765, 0.122285, 0.207812, 0.31728, 0.32615, 0.467107, 1, 

Generation #34
21,113,0.001, 0.0331644, 0.044052, 0.0759763, 0.16785, 0.350169, 1, 

23,67,0.001, 0.0331644, 0.044052, 0.0751137, 0.0759763, 0.0720218, 0.203155, 0.350169, 1, 

24,63,0.001, 0.0331644, 0.044052, 0.0710243, 0.0720218, 0.13042, 0.150765, 0.19235, 0.201141, 1, 

27,40,0.001, 0.0331644, 0.044052, 0.0710243, 0.0720218, 0.12889, 0.150765, 0.19235, 0.201141, 0.210247, 0.222917, 0.32615, 0.74817, 1, 

25,56,0.001, 0.0331644, 0.044052, 0.0710243, 0.0720218, 0.12889, 0.150765, 0.122285, 0.207812, 0.31728, 0.32615, 0.467107, 1, 

26,53,0.001, 0.0284856, 0.044052, 0.044052, 0.0759763, 0.0720218, 0.145285, 0.149242, 0.171208, 0.210247, 0.222917, 0.32615, 0.74817, 1, 

Generation #35
21,113,0.001, 0.0331644, 0.044052, 0.0759763, 0.16785, 0.350169, 1, 

23,67,0.001, 0.0331644, 0.044052, 0.0751137, 0.0759763, 0.0720218, 0.203155, 0.350169, 1, 

24,63,0.001, 0.0331644, 0.044052, 0.0710243, 0.0720218, 0.13042, 0.150765, 0.19235, 0.201141, 1, 

27,40,0.001, 0.0331644, 0.044052, 0.0710243, 0.0720218, 0.12889, 0.150765, 0.19235, 0.201141, 0.210247, 0.222917, 0.32615, 0.74817, 1, 

25,56,0.001, 0.0331644, 0.044052, 0.0710243, 0.0720218, 0.12889, 0.150765, 0.122285, 0.207812, 0.31728, 0.32615, 0.467107, 1, 

26,53,0.001, 0.0284856, 0.044052, 0.044052, 0.0759763, 0.0720218, 0.145285, 0.149242, 0.171208, 0.210247, 0.222917, 0.32615, 0.74817, 1, 

Generation #36
21,113,0.001, 0.0331644, 0.044052, 0.0759763, 0.16785, 0.350169, 1, 

23,67,0.001, 0.0331644, 0.044052, 0.0751137, 0.0759763, 0.0720218, 0.203155, 0.350169, 1, 

24,63,0.001, 0.0331644, 0.044052, 0.0710243, 0.0720218, 0.13042, 0.150765, 0.19235, 0.201141, 1, 

27,40,0.001, 0.0331644, 0.044052, 0.0710243, 0.0720218, 0.12889, 0.150765, 0.19235, 0.201141, 0.210247, 0.222917, 0.32615, 0.74817, 1, 

25,56,0.001, 0.0331644, 0.044052, 0.0710243, 0.0720218, 0.12889, 0.150765, 0.122285, 0.207812, 0.31728, 0.32615, 0.467107, 1, 

26,53,0.001, 0.0284856, 0.044052, 0.044052, 0.0759763, 0.0720218, 0.145285, 0.149242, 0.171208, 0.210247, 0.222917, 0.32615, 0.74817, 1, 

Generation #37
21,113,0.001, 0.0331644, 0.044052, 0.0759763, 0.16785, 0.350169, 1, 

23,67,0.001, 0.0331644, 0.044052, 0.0751137, 0.0759763, 0.0720218, 0.203155, 0.350169, 1, 

24,63,0.001, 0.0331644, 0.044052, 0.0710243, 0.0720218, 0.13042, 0.150765, 0.19235, 0.201141, 1, 

27,40,0.001, 0.0331644, 0.044052, 0.0710243, 0.0720218, 0.12889, 0.150765, 0.19235, 0.201141, 0.210247, 0.222917, 0.32615, 0.74817, 1, 

25,56,0.001, 0.0331644, 0.044052, 0.0710243, 0.0720218, 0.12889, 0.150765, 0.122285, 0.207812, 0.31728, 0.32615, 0.467107, 1, 

26,53,0.001, 0.0284856, 0.044052, 0.044052, 0.0759763, 0.0720218, 0.145285, 0.149242, 0.171208, 0.210247, 0.222917, 0.32615, 0.74817, 1, 

Generation #38
21,113,0.001, 0.0331644, 0.044052, 0.0759763, 0.16785, 0.350169, 1, 

23,67,0.001, 0.0331644, 0.044052, 0.0751137, 0.0759763, 0.0720218, 0.203155, 0.350169, 1, 

24,63,0.001, 0.0331644, 0.044052, 0.0710243, 0.0720218, 0.13042, 0.150765, 0.19235, 0.201141, 1, 

27,40,0.001, 0.0331644, 0.044052, 0.0710243, 0.0720218, 0.12889, 0.150765, 0.19235, 0.201141, 0.210247, 0.222917, 0.32615, 0.74817, 1, 

25,56,0.001, 0.0331644, 0.044052, 0.0710243, 0.0720218, 0.12889, 0.150765, 0.122285, 0.207812, 0.31728, 0.32615, 0.467107, 1, 

26,53,0.001, 0.0284856, 0.044052, 0.044052, 0.0759763, 0.0720218, 0.145285, 0.149242, 0.171208, 0.210247, 0.222917, 0.32615, 0.74817, 1, 

Generation #39
21,113,0.001, 0.0331644, 0.044052, 0.0759763, 0.16785, 0.350169, 1, 

23,67,0.001, 0.0331644, 0.044052, 0.0751137, 0.0759763, 0.0720218, 0.203155, 0.350169, 1, 

24,63,0.001, 0.0331644, 0.044052, 0.0710243, 0.0720218, 0.13042, 0.150765, 0.19235, 0.201141, 1, 

27,40,0.001, 0.0331644, 0.044052, 0.0710243, 0.0720218, 0.12889, 0.150765, 0.19235, 0.201141, 0.210247, 0.222917, 0.32615, 0.74817, 1, 

26,49,0.001, 0.0331644, 0.044052, 0.044052, 0.0710243, 0.0720218, 0.145285, 0.149242, 0.171208, 0.210247, 0.158456, 0.402802, 1, 

25,52,0.001, 0.0331644, 0.044052, 0.0710243, 0.0720218, 0.12889, 0.150765, 0.207812, 0.31728, 0.32615, 0.467107, 1, 

Generation #40
21,113,0.001, 0.0331644, 0.044052, 0.0759763, 0.16785, 0.350169, 1, 

23,67,0.001, 0.0331644, 0.044052, 0.0751137, 0.0759763, 0.0720218, 0.203155, 0.350169, 1, 

24,63,0.001, 0.0331644, 0.044052, 0.0710243, 0.0720218, 0.13042, 0.150765, 0.19235, 0.201141, 1, 

27,40,0.001, 0.0331644, 0.044052, 0.0710243, 0.0720218, 0.12889, 0.150765, 0.19235, 0.201141, 0.210247, 0.222917, 0.32615, 0.74817, 1, 

26,49,0.001, 0.0331644, 0.044052, 0.044052, 0.0710243, 0.0720218, 0.145285, 0.149242, 0.171208, 0.210247, 0.158456, 0.402802, 1, 

25,52,0.001, 0.0331644, 0.044052, 0.0710243, 0.0720218, 0.12889, 0.150765, 0.207812, 0.31728, 0.32615, 0.467107, 1, 

Generation #41
21,113,0.001, 0.0331644, 0.044052, 0.0759763, 0.16785, 0.350169, 1, 

23,67,0.001, 0.0331644, 0.044052, 0.0751137, 0.0759763, 0.0720218, 0.203155, 0.350169, 1, 

24,63,0.001, 0.0331644, 0.044052, 0.0710243, 0.0720218, 0.13042, 0.150765, 0.19235, 0.201141, 1, 

27,40,0.001, 0.0331644, 0.044052, 0.0710243, 0.0720218, 0.12889, 0.150765, 0.19235, 0.201141, 0.210247, 0.222917, 0.32615, 0.74817, 1, 

26,49,0.001, 0.0331644, 0.044052, 0.044052, 0.0710243, 0.0720218, 0.145285, 0.149242, 0.171208, 0.210247, 0.158456, 0.402802, 1, 

25,52,0.001, 0.0331644, 0.044052, 0.0710243, 0.0720218, 0.12889, 0.150765, 0.207812, 0.31728, 0.32615, 0.467107, 1, 

Generation #42
21,113,0.001, 0.0331644, 0.044052, 0.0759763, 0.16785, 0.350169, 1, 

23,67,0.001, 0.0331644, 0.044052, 0.0751137, 0.0759763, 0.0720218, 0.203155, 0.350169, 1, 

24,63,0.001, 0.0331644, 0.044052, 0.0710243, 0.0720218, 0.13042, 0.150765, 0.19235, 0.201141, 1, 

27,40,0.001, 0.0331644, 0.044052, 0.0710243, 0.0720218, 0.12889, 0.150765, 0.19235, 0.201141, 0.210247, 0.222917, 0.32615, 0.74817, 1, 

26,49,0.001, 0.0331644, 0.044052, 0.044052, 0.0710243, 0.0720218, 0.145285, 0.149242, 0.171208, 0.210247, 0.158456, 0.402802, 1, 

25,52,0.001, 0.0331644, 0.044052, 0.0710243, 0.0720218, 0.12889, 0.150765, 0.207812, 0.31728, 0.32615, 0.467107, 1, 

Generation #43
21,113,0.001, 0.0331644, 0.044052, 0.0759763, 0.16785, 0.350169, 1, 

23,67,0.001, 0.0331644, 0.044052, 0.0751137, 0.0759763, 0.0720218, 0.203155, 0.350169, 1, 

24,63,0.001, 0.0331644, 0.044052, 0.0710243, 0.0720218, 0.13042, 0.150765, 0.19235, 0.201141, 1, 

27,40,0.001, 0.0331644, 0.044052, 0.0710243, 0.0720218, 0.12889, 0.150765, 0.19235, 0.201141, 0.210247, 0.222917, 0.32615, 0.74817, 1, 

26,49,0.001, 0.0331644, 0.044052, 0.044052, 0.0710243, 0.0720218, 0.145285, 0.149242, 0.171208, 0.210247, 0.158456, 0.402802, 1, 

25,51,0.001, 0.0331644, 0.044052, 0.044052, 0.0759763, 0.0720218, 0.145285, 0.171208, 0.210247, 0.222917, 0.32615, 0.74817, 1, 

Generation #44
21,113,0.001, 0.0331644, 0.044052, 0.0759763, 0.16785, 0.350169, 1, 

23,67,0.001, 0.0331644, 0.044052, 0.0751137, 0.0759763, 0.0720218, 0.203155, 0.350169, 1, 

24,63,0.001, 0.0331644, 0.044052, 0.0710243, 0.0720218, 0.13042, 0.150765, 0.19235, 0.201141, 1, 

27,40,0.001, 0.0331644, 0.044052, 0.0710243, 0.0720218, 0.12889, 0.150765, 0.19235, 0.201141, 0.210247, 0.222917, 0.32615, 0.74817, 1, 

26,49,0.001, 0.0331644, 0.044052, 0.044052, 0.0710243, 0.0720218, 0.145285, 0.149242, 0.171208, 0.210247, 0.158456, 0.402802, 1, 

25,51,0.001, 0.0331644, 0.044052, 0.044052, 0.0759763, 0.0720218, 0.145285, 0.171208, 0.210247, 0.222917, 0.32615, 0.74817, 1, 

Generation #45
21,113,0.001, 0.0331644, 0.044052, 0.0759763, 0.16785, 0.350169, 1, 

23,67,0.001, 0.0331644, 0.044052, 0.0751137, 0.0759763, 0.0720218, 0.203155, 0.350169, 1, 

24,63,0.001, 0.0331644, 0.044052, 0.0710243, 0.0720218, 0.13042, 0.150765, 0.19235, 0.201141, 1, 

27,40,0.001, 0.0331644, 0.044052, 0.0710243, 0.0720218, 0.12889, 0.150765, 0.19235, 0.201141, 0.210247, 0.222917, 0.32615, 0.74817, 1, 

26,49,0.001, 0.0331644, 0.044052, 0.044052, 0.0710243, 0.0720218, 0.145285, 0.149242, 0.171208, 0.210247, 0.158456, 0.402802, 1, 

25,51,0.001, 0.0331644, 0.044052, 0.044052, 0.0759763, 0.0720218, 0.145285, 0.171208, 0.210247, 0.222917, 0.32615, 0.74817, 1, 

Generation #46
21,113,0.001, 0.0331644, 0.044052, 0.0759763, 0.16785, 0.350169, 1, 

23,67,0.001, 0.0331644, 0.044052, 0.0751137, 0.0759763, 0.0720218, 0.203155, 0.350169, 1, 

24,63,0.001, 0.0331644, 0.044052, 0.0710243, 0.0720218, 0.13042, 0.150765, 0.19235, 0.201141, 1, 

27,40,0.001, 0.0331644, 0.044052, 0.0710243, 0.0720218, 0.12889, 0.150765, 0.19235, 0.201141, 0.210247, 0.222917, 0.32615, 0.74817, 1, 

26,49,0.001, 0.0331644, 0.044052, 0.044052, 0.0710243, 0.0720218, 0.145285, 0.149242, 0.171208, 0.210247, 0.158456, 0.402802, 1, 

25,51,0.001, 0.0331644, 0.044052, 0.044052, 0.0759763, 0.0720218, 0.145285, 0.171208, 0.210247, 0.222917, 0.32615, 0.74817, 1, 

Generation #47
21,113,0.001, 0.0331644, 0.044052, 0.0759763, 0.16785, 0.350169, 1, 

23,67,0.001, 0.0331644, 0.044052, 0.0751137, 0.0759763, 0.0720218, 0.203155, 0.350169, 1, 

24,63,0.001, 0.0331644, 0.044052, 0.0710243, 0.0720218, 0.13042, 0.150765, 0.19235, 0.201141, 1, 

27,40,0.001, 0.0331644, 0.044052, 0.0710243, 0.0720218, 0.12889, 0.150765, 0.19235, 0.201141, 0.210247, 0.222917, 0.32615, 0.74817, 1, 

26,49,0.001, 0.0331644, 0.044052, 0.044052, 0.0710243, 0.0720218, 0.145285, 0.149242, 0.171208, 0.210247, 0.158456, 0.402802, 1, 

25,51,0.001, 0.0331644, 0.044052, 0.044052, 0.0759763, 0.0720218, 0.145285, 0.171208, 0.210247, 0.222917, 0.32615, 0.74817, 1, 

Generation #48
21,113,0.001, 0.0331644, 0.044052, 0.0759763, 0.16785, 0.350169, 1, 

23,67,0.001, 0.0331644, 0.044052, 0.0751137, 0.0759763, 0.0720218, 0.203155, 0.350169, 1, 

24,63,0.001, 0.0331644, 0.044052, 0.0710243, 0.0720218, 0.13042, 0.150765, 0.19235, 0.201141, 1, 

27,40,0.001, 0.0331644, 0.044052, 0.0710243, 0.0720218, 0.12889, 0.150765, 0.19235, 0.201141, 0.210247, 0.222917, 0.32615, 0.74817, 1, 

26,49,0.001, 0.0331644, 0.044052, 0.044052, 0.0710243, 0.0720218, 0.145285, 0.149242, 0.171208, 0.210247, 0.158456, 0.402802, 1, 

25,51,0.001, 0.0331644, 0.044052, 0.044052, 0.0759763, 0.0720218, 0.145285, 0.171208, 0.210247, 0.222917, 0.32615, 0.74817, 1, 

Generation #49
21,113,0.001, 0.0331644, 0.044052, 0.0759763, 0.16785, 0.350169, 1, 

23,67,0.001, 0.0331644, 0.044052, 0.0751137, 0.0759763, 0.0720218, 0.203155, 0.350169, 1, 

24,63,0.001, 0.0331644, 0.044052, 0.0710243, 0.0720218, 0.13042, 0.150765, 0.19235, 0.201141, 1, 

27,40,0.001, 0.0331644, 0.044052, 0.0710243, 0.0720218, 0.12889, 0.150765, 0.19235, 0.201141, 0.210247, 0.222917, 0.32615, 0.74817, 1, 

26,49,0.001, 0.0331644, 0.044052, 0.044052, 0.0710243, 0.0720218, 0.145285, 0.149242, 0.171208, 0.210247, 0.158456, 0.402802, 1, 

25,51,0.001, 0.0331644, 0.044052, 0.044052, 0.0759763, 0.0720218, 0.145285, 0.171208, 0.210247, 0.222917, 0.32615, 0.74817, 1, 

--- Pareto Front Solutions ---
Solution 0: N total=85 (N_initial=64, N_added=21), Time total=116 ms, Saved to: ./results/SPINS_t2_l4_pareto_0.csv, percents=0.001, 0.0331644, 0.044052, 0.0759763, 0.16785, 0.350169, 1, 

Solution 1: N total=87 (N_initial=64, N_added=23), Time total=70 ms, Saved to: ./results/SPINS_t2_l4_pareto_1.csv, percents=0.001, 0.0331644, 0.044052, 0.0751137, 0.0759763, 0.0720218, 0.203155, 0.350169, 1, 

Solution 2: N total=88 (N_initial=64, N_added=24), Time total=66 ms, Saved to: ./results/SPINS_t2_l4_pareto_2.csv, percents=0.001, 0.0331644, 0.044052, 0.0710243, 0.0720218, 0.13042, 0.150765, 0.19235, 0.201141, 1, 

Solution 3: N total=91 (N_initial=64, N_added=27), Time total=43 ms, Saved to: ./results/SPINS_t2_l4_pareto_3.csv, percents=0.001, 0.0331644, 0.044052, 0.0710243, 0.0720218, 0.12889, 0.150765, 0.19235, 0.201141, 0.210247, 0.222917, 0.32615, 0.74817, 1, 

Solution 4: N total=90 (N_initial=64, N_added=26), Time total=52 ms, Saved to: ./results/SPINS_t2_l4_pareto_4.csv, percents=0.001, 0.0331644, 0.044052, 0.044052, 0.0710243, 0.0720218, 0.145285, 0.149242, 0.171208, 0.210247, 0.158456, 0.402802, 1, 

Solution 5: N total=89 (N_initial=64, N_added=25), Time total=54 ms, Saved to: ./results/SPINS_t2_l4_pareto_5.csv, percents=0.001, 0.0331644, 0.044052, 0.044052, 0.0759763, 0.0720218, 0.145285, 0.171208, 0.210247, 0.222917, 0.32615, 0.74817, 1, 

