------------d=1, t=2, lambda=1, filename=./evaluation/SPINV/SPINV_2_1.csv------------
Grouping d-sets by partitioned row counts for detecting arrays...
Ready to look at pairs for detecting arrays...
First Stage N=40, Time=17
There are 15440 remaining non-locating pairs
--- Running GA Algorithm (phase2) ---
Running GA with std::execution::par
Generation #0
46,979,0.001, 0.00749773, 0.0745505, 0.0835864, 0.148514, 0.159123, 0.171845, 0.202599, 0.272444, 0.279, 0.571286, 0.600591, 0.713675, 0.714621, 0.730876, 0.740987, 0.905804, 0.913058, 0.939807, 1, 

44,1786,0.001, 0.0528152, 0.119235, 0.150345, 0.29434, 0.299091, 0.400537, 0.470213, 0.492376, 0.576229, 0.613618, 0.75629, 0.839098, 0.909338, 0.957415, 1, 

48,851,0.001, 0.0218816, 0.0392133, 0.0765168, 0.126535, 0.346068, 0.360442, 0.365705, 0.404307, 0.522106, 0.573131, 0.69156, 0.702404, 0.824831, 0.841254, 1, 

42,3636,0.001, 0.177359, 0.178224, 0.230609, 0.242764, 0.58322, 0.694369, 0.712898, 0.774425, 0.834638, 1, 

55,798,0.001, 0.0234395, 0.0390873, 0.0460126, 0.10239, 0.111185, 0.134715, 0.142228, 0.147769, 0.164878, 0.182603, 0.226503, 0.233886, 0.288066, 0.436146, 0.459913, 0.494666, 0.552769, 0.560013, 0.560173, 0.589613, 0.739437, 0.740977, 0.79267, 0.822098, 0.937526, 0.967304, 1, 

Generation #1
50,404,0.001, 0.0210959, 0.0374706, 0.0736174, 0.102566, 0.179495, 0.25995, 0.316988, 0.349484, 0.351754, 0.3762, 0.494598, 0.514013, 0.730876, 0.740987, 0.905804, 0.913058, 0.939807, 1, 

41,605,0.001, 0.0414305, 0.117022, 0.0382307, 0.178384, 0.262493, 0.577869, 0.680841, 0.792411, 0.888301, 0.923233, 0.962328, 1, 

48,412,0.001, 0.016831, 0.0219461, 0.0261442, 0.0262016, 0.0663368, 0.0980615, 0.100799, 0.106911, 0.164494, 0.17776, 0.217953, 0.620292, 0.83034, 0.837444, 0.856044, 0.868252, 0.900344, 0.906499, 0.912456, 0.924935, 0.979804, 1, 

43,523,0.001, 0.0210959, 0.0374706, 0.0736174, 0.102566, 0.179495, 0.25995, 0.316988, 0.349484, 0.764687, 0.803333, 0.833078, 0.955158, 1, 

40,933,0.001, 0.00749773, 0.0745505, 0.429559, 0.487424, 0.575069, 0.675887, 0.741864, 0.987072, 0.857676, 1, 

Generation #2
40,357,0.001, 0.016831, 0.0219461, 0.0261442, 0.0262016, 0.0663368, 0.0980615, 0.100799, 0.106911, 0.164494, 0.17776, 0.217953, 0.620292, 0.83034, 0.837444, 0.942354, 1, 

Generation #3
40,357,0.001, 0.016831, 0.0219461, 0.0261442, 0.0262016, 0.0663368, 0.0980615, 0.100799, 0.106911, 0.164494, 0.17776, 0.217953, 0.620292, 0.83034, 0.837444, 0.942354, 1, 

Generation #4
40,357,0.001, 0.016831, 0.0219461, 0.0261442, 0.0262016, 0.0663368, 0.0980615, 0.100799, 0.106911, 0.164494, 0.17776, 0.217953, 0.620292, 0.83034, 0.837444, 0.942354, 1, 

52,329,0.001, 0.0218816, 0.0366954, 0.0698214, 0.10015, 0.173493, 0.182069, 0.201765, 0.215415, 0.215567, 0.254165, 0.298254, 0.324787, 0.609295, 0.612681, 0.687441, 0.704605, 0.761965, 0.786423, 0.804252, 0.832944, 0.839748, 0.85549, 0.94796, 1, 

Generation #5
40,357,0.001, 0.016831, 0.0219461, 0.0261442, 0.0262016, 0.0663368, 0.0980615, 0.100799, 0.106911, 0.164494, 0.17776, 0.217953, 0.620292, 0.83034, 0.837444, 0.942354, 1, 

52,329,0.001, 0.0218816, 0.0366954, 0.0698214, 0.10015, 0.173493, 0.182069, 0.201765, 0.215415, 0.215567, 0.254165, 0.298254, 0.324787, 0.609295, 0.612681, 0.687441, 0.704605, 0.761965, 0.786423, 0.804252, 0.832944, 0.839748, 0.85549, 0.94796, 1, 

39,637,0.001, 0.00922476, 0.0366954, 0.134721, 0.153682, 0.162421, 0.183228, 0.283078, 0.202599, 0.984248, 0.991008, 1, 

46,351,0.001, 0.016831, 0.0261442, 0.0262016, 0.0663368, 0.0980615, 0.100799, 0.106911, 0.164494, 0.17776, 0.217953, 0.230267, 0.239707, 0.475426, 0.477239, 0.511489, 0.606937, 0.997733, 1, 

Generation #6
40,357,0.001, 0.016831, 0.0219461, 0.0261442, 0.0262016, 0.0663368, 0.0980615, 0.100799, 0.106911, 0.164494, 0.17776, 0.217953, 0.620292, 0.83034, 0.837444, 0.942354, 1, 

52,329,0.001, 0.0218816, 0.0366954, 0.0698214, 0.10015, 0.173493, 0.182069, 0.201765, 0.215415, 0.215567, 0.254165, 0.298254, 0.324787, 0.609295, 0.612681, 0.687441, 0.704605, 0.761965, 0.786423, 0.804252, 0.832944, 0.839748, 0.85549, 0.94796, 1, 

42,343,0.001, 0.016831, 0.0219461, 0.0261442, 0.0262016, 0.0663368, 0.0980615, 0.100799, 0.106911, 0.815772, 0.872318, 0.886671, 0.887786, 0.893691, 1, 

38,436,0.001, 0.0210959, 0.0261442, 0.0262016, 0.0663368, 0.0980615, 0.129326, 0.850221, 0.984248, 0.991008, 1, 

Generation #7
39,402,0.001, 0.0286291, 0.0392133, 0.0765168, 0.117336, 0.141682, 0.205442, 0.220777, 0.22262, 0.411498, 0.436605, 1, 

40,272,0.001, 0.016831, 0.0219461, 0.0261442, 0.0262016, 0.0663368, 0.0980615, 0.220777, 0.22262, 0.411498, 0.973473, 1, 

37,420,0.001, 0.016831, 0.0261442, 0.0262016, 0.0663368, 0.0980615, 0.100799, 0.106911, 0.164494, 0.215567, 1, 

Generation #8
40,272,0.001, 0.016831, 0.0219461, 0.0261442, 0.0262016, 0.0663368, 0.0980615, 0.220777, 0.22262, 0.411498, 0.973473, 1, 

37,368,0.001, 0.016831, 0.0219461, 0.0261442, 0.10015, 0.141682, 0.205442, 0.220777, 0.22262, 0.411498, 1, 

Generation #9
40,272,0.001, 0.016831, 0.0219461, 0.0261442, 0.0262016, 0.0663368, 0.0980615, 0.220777, 0.22262, 0.411498, 0.973473, 1, 

36,309,0.001, 0.0210959, 0.0261442, 0.0262016, 0.0663368, 0.0980615, 0.100799, 0.106911, 0.164494, 0.215567, 1, 

Generation #10
40,272,0.001, 0.016831, 0.0219461, 0.0261442, 0.0262016, 0.0663368, 0.0980615, 0.220777, 0.22262, 0.411498, 0.973473, 1, 

36,309,0.001, 0.0210959, 0.0261442, 0.0262016, 0.0663368, 0.0980615, 0.100799, 0.106911, 0.164494, 0.215567, 1, 

Generation #11
36,309,0.001, 0.0210959, 0.0261442, 0.0262016, 0.0663368, 0.0980615, 0.100799, 0.106911, 0.164494, 0.215567, 1, 

37,269,0.001, 0.016831, 0.0219461, 0.0261442, 0.0663368, 0.0980615, 0.100799, 0.106911, 0.164494, 0.215567, 1, 

Generation #12
36,309,0.001, 0.0210959, 0.0261442, 0.0262016, 0.0663368, 0.0980615, 0.100799, 0.106911, 0.164494, 0.215567, 1, 

37,269,0.001, 0.016831, 0.0219461, 0.0261442, 0.0663368, 0.0980615, 0.100799, 0.106911, 0.164494, 0.215567, 1, 

Generation #13
36,309,0.001, 0.0210959, 0.0261442, 0.0262016, 0.0663368, 0.0980615, 0.100799, 0.106911, 0.164494, 0.215567, 1, 

37,269,0.001, 0.016831, 0.0219461, 0.0261442, 0.0663368, 0.0980615, 0.100799, 0.106911, 0.164494, 0.215567, 1, 

Generation #14
36,309,0.001, 0.0210959, 0.0261442, 0.0262016, 0.0663368, 0.0980615, 0.100799, 0.106911, 0.164494, 0.215567, 1, 

37,269,0.001, 0.016831, 0.0219461, 0.0261442, 0.0663368, 0.0980615, 0.100799, 0.106911, 0.164494, 0.215567, 1, 

Generation #15
36,309,0.001, 0.0210959, 0.0261442, 0.0262016, 0.0663368, 0.0980615, 0.100799, 0.106911, 0.164494, 0.215567, 1, 

37,269,0.001, 0.016831, 0.0219461, 0.0261442, 0.0663368, 0.0980615, 0.100799, 0.106911, 0.164494, 0.215567, 1, 

Generation #16
36,309,0.001, 0.0210959, 0.0261442, 0.0262016, 0.0663368, 0.0980615, 0.100799, 0.106911, 0.164494, 0.215567, 1, 

37,269,0.001, 0.016831, 0.0219461, 0.0261442, 0.0663368, 0.0980615, 0.100799, 0.106911, 0.164494, 0.215567, 1, 

Generation #17
36,309,0.001, 0.0210959, 0.0261442, 0.0262016, 0.0663368, 0.0980615, 0.100799, 0.106911, 0.164494, 0.215567, 1, 

37,269,0.001, 0.016831, 0.0219461, 0.0261442, 0.0663368, 0.0980615, 0.100799, 0.106911, 0.164494, 0.215567, 1, 

Generation #18
36,309,0.001, 0.0210959, 0.0261442, 0.0262016, 0.0663368, 0.0980615, 0.100799, 0.106911, 0.164494, 0.215567, 1, 

37,269,0.001, 0.016831, 0.0219461, 0.0261442, 0.0663368, 0.0980615, 0.100799, 0.106911, 0.164494, 0.215567, 1, 

Generation #19
36,309,0.001, 0.0210959, 0.0261442, 0.0262016, 0.0663368, 0.0980615, 0.100799, 0.106911, 0.164494, 0.215567, 1, 

37,269,0.001, 0.016831, 0.0219461, 0.0261442, 0.0663368, 0.0980615, 0.100799, 0.106911, 0.164494, 0.215567, 1, 

35,340,0.001, 0.016831, 0.0219461, 0.0261442, 0.0262016, 0.0663368, 0.25995, 0.106911, 0.164494, 1, 

Generation #20
37,269,0.001, 0.016831, 0.0219461, 0.0261442, 0.0663368, 0.0980615, 0.100799, 0.106911, 0.164494, 0.215567, 1, 

35,340,0.001, 0.016831, 0.0219461, 0.0261442, 0.0262016, 0.0663368, 0.25995, 0.106911, 0.164494, 1, 

36,305,0.001, 0.016831, 0.0219461, 0.0261442, 0.0262016, 0.0663368, 0.25995, 0.246779, 0.286152, 0.288977, 1, 

Generation #21
37,269,0.001, 0.016831, 0.0219461, 0.0261442, 0.0663368, 0.0980615, 0.100799, 0.106911, 0.164494, 0.215567, 1, 

36,305,0.001, 0.016831, 0.0219461, 0.0261442, 0.0262016, 0.0663368, 0.25995, 0.246779, 0.286152, 0.288977, 1, 

35,325,0.001, 0.00922476, 0.0219461, 0.0261442, 0.10015, 0.141682, 0.205442, 0.220777, 0.22262, 0.411498, 1, 

Generation #22
37,269,0.001, 0.016831, 0.0219461, 0.0261442, 0.0663368, 0.0980615, 0.100799, 0.106911, 0.164494, 0.215567, 1, 

36,305,0.001, 0.016831, 0.0219461, 0.0261442, 0.0262016, 0.0663368, 0.25995, 0.246779, 0.286152, 0.288977, 1, 

35,325,0.001, 0.00922476, 0.0219461, 0.0261442, 0.10015, 0.141682, 0.205442, 0.220777, 0.22262, 0.411498, 1, 

Generation #23
37,269,0.001, 0.016831, 0.0219461, 0.0261442, 0.0663368, 0.0980615, 0.100799, 0.106911, 0.164494, 0.215567, 1, 

36,305,0.001, 0.016831, 0.0219461, 0.0261442, 0.0262016, 0.0663368, 0.25995, 0.246779, 0.286152, 0.288977, 1, 

35,325,0.001, 0.00922476, 0.0219461, 0.0261442, 0.10015, 0.141682, 0.205442, 0.220777, 0.22262, 0.411498, 1, 

Generation #24
37,269,0.001, 0.016831, 0.0219461, 0.0261442, 0.0663368, 0.0980615, 0.100799, 0.106911, 0.164494, 0.215567, 1, 

36,305,0.001, 0.016831, 0.0219461, 0.0261442, 0.0262016, 0.0663368, 0.25995, 0.246779, 0.286152, 0.288977, 1, 

35,325,0.001, 0.00922476, 0.0219461, 0.0261442, 0.10015, 0.141682, 0.205442, 0.220777, 0.22262, 0.411498, 1, 

Generation #25
37,269,0.001, 0.016831, 0.0219461, 0.0261442, 0.0663368, 0.0980615, 0.100799, 0.106911, 0.164494, 0.215567, 1, 

36,305,0.001, 0.016831, 0.0219461, 0.0261442, 0.0262016, 0.0663368, 0.25995, 0.246779, 0.286152, 0.288977, 1, 

35,325,0.001, 0.00922476, 0.0219461, 0.0261442, 0.10015, 0.141682, 0.205442, 0.220777, 0.22262, 0.411498, 1, 

Generation #26
37,269,0.001, 0.016831, 0.0219461, 0.0261442, 0.0663368, 0.0980615, 0.100799, 0.106911, 0.164494, 0.215567, 1, 

36,305,0.001, 0.016831, 0.0219461, 0.0261442, 0.0262016, 0.0663368, 0.25995, 0.246779, 0.286152, 0.288977, 1, 

35,325,0.001, 0.00922476, 0.0219461, 0.0261442, 0.10015, 0.141682, 0.205442, 0.220777, 0.22262, 0.411498, 1, 

45,264,0.001, 0.016831, 0.00934478, 0.0219461, 0.0261442, 0.0262016, 0.0663368, 0.0980615, 0.100799, 0.106911, 0.217953, 0.230267, 0.239707, 0.475426, 0.477239, 0.511489, 0.606937, 0.997733, 1, 

Generation #27
37,269,0.001, 0.016831, 0.0219461, 0.0261442, 0.0663368, 0.0980615, 0.100799, 0.106911, 0.164494, 0.215567, 1, 

36,305,0.001, 0.016831, 0.0219461, 0.0261442, 0.0262016, 0.0663368, 0.25995, 0.246779, 0.286152, 0.288977, 1, 

35,325,0.001, 0.00922476, 0.0219461, 0.0261442, 0.10015, 0.141682, 0.205442, 0.220777, 0.22262, 0.411498, 1, 

45,264,0.001, 0.016831, 0.00934478, 0.0219461, 0.0261442, 0.0262016, 0.0663368, 0.0980615, 0.100799, 0.106911, 0.217953, 0.230267, 0.239707, 0.475426, 0.477239, 0.511489, 0.606937, 0.997733, 1, 

Generation #28
37,269,0.001, 0.016831, 0.0219461, 0.0261442, 0.0663368, 0.0980615, 0.100799, 0.106911, 0.164494, 0.215567, 1, 

36,305,0.001, 0.016831, 0.0219461, 0.0261442, 0.0262016, 0.0663368, 0.25995, 0.246779, 0.286152, 0.288977, 1, 

35,325,0.001, 0.00922476, 0.0219461, 0.0261442, 0.10015, 0.141682, 0.205442, 0.220777, 0.22262, 0.411498, 1, 

45,264,0.001, 0.016831, 0.00934478, 0.0219461, 0.0261442, 0.0262016, 0.0663368, 0.0980615, 0.100799, 0.106911, 0.217953, 0.230267, 0.239707, 0.475426, 0.477239, 0.511489, 0.606937, 0.997733, 1, 

Generation #29
37,269,0.001, 0.016831, 0.0219461, 0.0261442, 0.0663368, 0.0980615, 0.100799, 0.106911, 0.164494, 0.215567, 1, 

36,305,0.001, 0.016831, 0.0219461, 0.0261442, 0.0262016, 0.0663368, 0.25995, 0.246779, 0.286152, 0.288977, 1, 

35,325,0.001, 0.00922476, 0.0219461, 0.0261442, 0.10015, 0.141682, 0.205442, 0.220777, 0.22262, 0.411498, 1, 

45,264,0.001, 0.016831, 0.00934478, 0.0219461, 0.0261442, 0.0262016, 0.0663368, 0.0980615, 0.100799, 0.106911, 0.217953, 0.230267, 0.239707, 0.475426, 0.477239, 0.511489, 0.606937, 0.997733, 1, 

Generation #30
37,269,0.001, 0.016831, 0.0219461, 0.0261442, 0.0663368, 0.0980615, 0.100799, 0.106911, 0.164494, 0.215567, 1, 

36,305,0.001, 0.016831, 0.0219461, 0.0261442, 0.0262016, 0.0663368, 0.25995, 0.246779, 0.286152, 0.288977, 1, 

35,325,0.001, 0.00922476, 0.0219461, 0.0261442, 0.10015, 0.141682, 0.205442, 0.220777, 0.22262, 0.411498, 1, 

45,264,0.001, 0.016831, 0.00934478, 0.0219461, 0.0261442, 0.0262016, 0.0663368, 0.0980615, 0.100799, 0.106911, 0.217953, 0.230267, 0.239707, 0.475426, 0.477239, 0.511489, 0.606937, 0.997733, 1, 

Generation #31
37,269,0.001, 0.016831, 0.0219461, 0.0261442, 0.0663368, 0.0980615, 0.100799, 0.106911, 0.164494, 0.215567, 1, 

36,305,0.001, 0.016831, 0.0219461, 0.0261442, 0.0262016, 0.0663368, 0.25995, 0.246779, 0.286152, 0.288977, 1, 

35,325,0.001, 0.00922476, 0.0219461, 0.0261442, 0.10015, 0.141682, 0.205442, 0.220777, 0.22262, 0.411498, 1, 

45,264,0.001, 0.016831, 0.00934478, 0.0219461, 0.0261442, 0.0262016, 0.0663368, 0.0980615, 0.100799, 0.106911, 0.217953, 0.230267, 0.239707, 0.475426, 0.477239, 0.511489, 0.606937, 0.997733, 1, 

Generation #32
37,269,0.001, 0.016831, 0.0219461, 0.0261442, 0.0663368, 0.0980615, 0.100799, 0.106911, 0.164494, 0.215567, 1, 

36,305,0.001, 0.016831, 0.0219461, 0.0261442, 0.0262016, 0.0663368, 0.25995, 0.246779, 0.286152, 0.288977, 1, 

35,325,0.001, 0.00922476, 0.0219461, 0.0261442, 0.10015, 0.141682, 0.205442, 0.220777, 0.22262, 0.411498, 1, 

45,264,0.001, 0.016831, 0.00934478, 0.0219461, 0.0261442, 0.0262016, 0.0663368, 0.0980615, 0.100799, 0.106911, 0.217953, 0.230267, 0.239707, 0.475426, 0.477239, 0.511489, 0.606937, 0.997733, 1, 

Generation #33
37,269,0.001, 0.016831, 0.0219461, 0.0261442, 0.0663368, 0.0980615, 0.100799, 0.106911, 0.164494, 0.215567, 1, 

36,305,0.001, 0.016831, 0.0219461, 0.0261442, 0.0262016, 0.0663368, 0.25995, 0.246779, 0.286152, 0.288977, 1, 

35,325,0.001, 0.00922476, 0.0219461, 0.0261442, 0.10015, 0.141682, 0.205442, 0.220777, 0.22262, 0.411498, 1, 

45,264,0.001, 0.016831, 0.00934478, 0.0219461, 0.0261442, 0.0262016, 0.0663368, 0.0980615, 0.100799, 0.106911, 0.217953, 0.230267, 0.239707, 0.475426, 0.477239, 0.511489, 0.606937, 0.997733, 1, 

Generation #34
37,269,0.001, 0.016831, 0.0219461, 0.0261442, 0.0663368, 0.0980615, 0.100799, 0.106911, 0.164494, 0.215567, 1, 

36,305,0.001, 0.016831, 0.0219461, 0.0261442, 0.0262016, 0.0663368, 0.25995, 0.246779, 0.286152, 0.288977, 1, 

35,325,0.001, 0.00922476, 0.0219461, 0.0261442, 0.10015, 0.141682, 0.205442, 0.220777, 0.22262, 0.411498, 1, 

45,264,0.001, 0.016831, 0.00934478, 0.0219461, 0.0261442, 0.0262016, 0.0663368, 0.0980615, 0.100799, 0.106911, 0.217953, 0.230267, 0.239707, 0.475426, 0.477239, 0.511489, 0.606937, 0.997733, 1, 

Generation #35
37,269,0.001, 0.016831, 0.0219461, 0.0261442, 0.0663368, 0.0980615, 0.100799, 0.106911, 0.164494, 0.215567, 1, 

36,305,0.001, 0.016831, 0.0219461, 0.0261442, 0.0262016, 0.0663368, 0.25995, 0.246779, 0.286152, 0.288977, 1, 

35,325,0.001, 0.00922476, 0.0219461, 0.0261442, 0.10015, 0.141682, 0.205442, 0.220777, 0.22262, 0.411498, 1, 

45,264,0.001, 0.016831, 0.00934478, 0.0219461, 0.0261442, 0.0262016, 0.0663368, 0.0980615, 0.100799, 0.106911, 0.217953, 0.230267, 0.239707, 0.475426, 0.477239, 0.511489, 0.606937, 0.997733, 1, 

Generation #36
37,269,0.001, 0.016831, 0.0219461, 0.0261442, 0.0663368, 0.0980615, 0.100799, 0.106911, 0.164494, 0.215567, 1, 

36,305,0.001, 0.016831, 0.0219461, 0.0261442, 0.0262016, 0.0663368, 0.25995, 0.246779, 0.286152, 0.288977, 1, 

35,325,0.001, 0.00922476, 0.0219461, 0.0261442, 0.10015, 0.141682, 0.205442, 0.220777, 0.22262, 0.411498, 1, 

45,264,0.001, 0.016831, 0.00934478, 0.0219461, 0.0261442, 0.0262016, 0.0663368, 0.0980615, 0.100799, 0.106911, 0.217953, 0.230267, 0.239707, 0.475426, 0.477239, 0.511489, 0.606937, 0.997733, 1, 

Generation #37
37,269,0.001, 0.016831, 0.0219461, 0.0261442, 0.0663368, 0.0980615, 0.100799, 0.106911, 0.164494, 0.215567, 1, 

36,305,0.001, 0.016831, 0.0219461, 0.0261442, 0.0262016, 0.0663368, 0.25995, 0.246779, 0.286152, 0.288977, 1, 

35,325,0.001, 0.00922476, 0.0219461, 0.0261442, 0.10015, 0.141682, 0.205442, 0.220777, 0.22262, 0.411498, 1, 

45,264,0.001, 0.016831, 0.00934478, 0.0219461, 0.0261442, 0.0262016, 0.0663368, 0.0980615, 0.100799, 0.106911, 0.217953, 0.230267, 0.239707, 0.475426, 0.477239, 0.511489, 0.606937, 0.997733, 1, 

Generation #38
37,269,0.001, 0.016831, 0.0219461, 0.0261442, 0.0663368, 0.0980615, 0.100799, 0.106911, 0.164494, 0.215567, 1, 

36,305,0.001, 0.016831, 0.0219461, 0.0261442, 0.0262016, 0.0663368, 0.25995, 0.246779, 0.286152, 0.288977, 1, 

35,325,0.001, 0.00922476, 0.0219461, 0.0261442, 0.10015, 0.141682, 0.205442, 0.220777, 0.22262, 0.411498, 1, 

45,264,0.001, 0.016831, 0.00934478, 0.0219461, 0.0261442, 0.0262016, 0.0663368, 0.0980615, 0.100799, 0.106911, 0.217953, 0.230267, 0.239707, 0.475426, 0.477239, 0.511489, 0.606937, 0.997733, 1, 

Generation #39
37,269,0.001, 0.016831, 0.0219461, 0.0261442, 0.0663368, 0.0980615, 0.100799, 0.106911, 0.164494, 0.215567, 1, 

35,325,0.001, 0.00922476, 0.0219461, 0.0261442, 0.10015, 0.141682, 0.205442, 0.220777, 0.22262, 0.411498, 1, 

36,281,0.001, 0.016831, 0.0219461, 0.0261442, 0.0262016, 0.0663368, 0.0980615, 0.220777, 0.22262, 0.119485, 0.411498, 0.973473, 1, 

45,237,0.001, 0.00922476, 0.0219461, 0.0261442, 0.0262016, 0.0663368, 0.100799, 0.106911, 0.164494, 0.17776, 0.217953, 0.230267, 0.239707, 0.475426, 0.477239, 0.511489, 0.606937, 0.997733, 1, 

Generation #40
37,269,0.001, 0.016831, 0.0219461, 0.0261442, 0.0663368, 0.0980615, 0.100799, 0.106911, 0.164494, 0.215567, 1, 

35,325,0.001, 0.00922476, 0.0219461, 0.0261442, 0.10015, 0.141682, 0.205442, 0.220777, 0.22262, 0.411498, 1, 

36,281,0.001, 0.016831, 0.0219461, 0.0261442, 0.0262016, 0.0663368, 0.0980615, 0.220777, 0.22262, 0.119485, 0.411498, 0.973473, 1, 

45,237,0.001, 0.00922476, 0.0219461, 0.0261442, 0.0262016, 0.0663368, 0.100799, 0.106911, 0.164494, 0.17776, 0.217953, 0.230267, 0.239707, 0.475426, 0.477239, 0.511489, 0.606937, 0.997733, 1, 

44,258,0.001, 0.00922476, 0.0219461, 0.0261442, 0.0262016, 0.0980615, 0.100799, 0.106911, 0.164494, 0.164494, 0.17776, 0.217953, 0.620292, 0.83034, 0.837444, 0.856044, 0.868252, 0.900344, 1, 

Generation #41
37,269,0.001, 0.016831, 0.0219461, 0.0261442, 0.0663368, 0.0980615, 0.100799, 0.106911, 0.164494, 0.215567, 1, 

35,325,0.001, 0.00922476, 0.0219461, 0.0261442, 0.10015, 0.141682, 0.205442, 0.220777, 0.22262, 0.411498, 1, 

36,281,0.001, 0.016831, 0.0219461, 0.0261442, 0.0262016, 0.0663368, 0.0980615, 0.220777, 0.22262, 0.119485, 0.411498, 0.973473, 1, 

45,237,0.001, 0.00922476, 0.0219461, 0.0261442, 0.0262016, 0.0663368, 0.100799, 0.106911, 0.164494, 0.17776, 0.217953, 0.230267, 0.239707, 0.475426, 0.477239, 0.511489, 0.606937, 0.997733, 1, 

44,258,0.001, 0.00922476, 0.0219461, 0.0261442, 0.0262016, 0.0980615, 0.100799, 0.106911, 0.164494, 0.164494, 0.17776, 0.217953, 0.620292, 0.83034, 0.837444, 0.856044, 0.868252, 0.900344, 1, 

Generation #42
37,269,0.001, 0.016831, 0.0219461, 0.0261442, 0.0663368, 0.0980615, 0.100799, 0.106911, 0.164494, 0.215567, 1, 

35,325,0.001, 0.00922476, 0.0219461, 0.0261442, 0.10015, 0.141682, 0.205442, 0.220777, 0.22262, 0.411498, 1, 

36,281,0.001, 0.016831, 0.0219461, 0.0261442, 0.0262016, 0.0663368, 0.0980615, 0.220777, 0.22262, 0.119485, 0.411498, 0.973473, 1, 

45,237,0.001, 0.00922476, 0.0219461, 0.0261442, 0.0262016, 0.0663368, 0.100799, 0.106911, 0.164494, 0.17776, 0.217953, 0.230267, 0.239707, 0.475426, 0.477239, 0.511489, 0.606937, 0.997733, 1, 

44,258,0.001, 0.00922476, 0.0219461, 0.0261442, 0.0262016, 0.0980615, 0.100799, 0.106911, 0.164494, 0.164494, 0.17776, 0.217953, 0.620292, 0.83034, 0.837444, 0.856044, 0.868252, 0.900344, 1, 

Generation #43
37,269,0.001, 0.016831, 0.0219461, 0.0261442, 0.0663368, 0.0980615, 0.100799, 0.106911, 0.164494, 0.215567, 1, 

35,325,0.001, 0.00922476, 0.0219461, 0.0261442, 0.10015, 0.141682, 0.205442, 0.220777, 0.22262, 0.411498, 1, 

36,281,0.001, 0.016831, 0.0219461, 0.0261442, 0.0262016, 0.0663368, 0.0980615, 0.220777, 0.22262, 0.119485, 0.411498, 0.973473, 1, 

45,237,0.001, 0.00922476, 0.0219461, 0.0261442, 0.0262016, 0.0663368, 0.100799, 0.106911, 0.164494, 0.17776, 0.217953, 0.230267, 0.239707, 0.475426, 0.477239, 0.511489, 0.606937, 0.997733, 1, 

44,258,0.001, 0.00922476, 0.0219461, 0.0261442, 0.0262016, 0.0980615, 0.100799, 0.106911, 0.164494, 0.164494, 0.17776, 0.217953, 0.620292, 0.83034, 0.837444, 0.856044, 0.868252, 0.900344, 1, 

Generation #44
37,269,0.001, 0.016831, 0.0219461, 0.0261442, 0.0663368, 0.0980615, 0.100799, 0.106911, 0.164494, 0.215567, 1, 

35,325,0.001, 0.00922476, 0.0219461, 0.0261442, 0.10015, 0.141682, 0.205442, 0.220777, 0.22262, 0.411498, 1, 

36,281,0.001, 0.016831, 0.0219461, 0.0261442, 0.0262016, 0.0663368, 0.0980615, 0.220777, 0.22262, 0.119485, 0.411498, 0.973473, 1, 

45,237,0.001, 0.00922476, 0.0219461, 0.0261442, 0.0262016, 0.0663368, 0.100799, 0.106911, 0.164494, 0.17776, 0.217953, 0.230267, 0.239707, 0.475426, 0.477239, 0.511489, 0.606937, 0.997733, 1, 

44,258,0.001, 0.00922476, 0.0219461, 0.0261442, 0.0262016, 0.0980615, 0.100799, 0.106911, 0.164494, 0.164494, 0.17776, 0.217953, 0.620292, 0.83034, 0.837444, 0.856044, 0.868252, 0.900344, 1, 

Generation #45
37,269,0.001, 0.016831, 0.0219461, 0.0261442, 0.0663368, 0.0980615, 0.100799, 0.106911, 0.164494, 0.215567, 1, 

35,325,0.001, 0.00922476, 0.0219461, 0.0261442, 0.10015, 0.141682, 0.205442, 0.220777, 0.22262, 0.411498, 1, 

36,281,0.001, 0.016831, 0.0219461, 0.0261442, 0.0262016, 0.0663368, 0.0980615, 0.220777, 0.22262, 0.119485, 0.411498, 0.973473, 1, 

45,237,0.001, 0.00922476, 0.0219461, 0.0261442, 0.0262016, 0.0663368, 0.100799, 0.106911, 0.164494, 0.17776, 0.217953, 0.230267, 0.239707, 0.475426, 0.477239, 0.511489, 0.606937, 0.997733, 1, 

40,254,0.001, 0.016831, 0.00934478, 0.0219461, 0.0262016, 0.0663368, 0.0980615, 0.100799, 0.106911, 0.164494, 0.17776, 0.217953, 1, 

Generation #46
35,325,0.001, 0.00922476, 0.0219461, 0.0261442, 0.10015, 0.141682, 0.205442, 0.220777, 0.22262, 0.411498, 1, 

36,281,0.001, 0.016831, 0.0219461, 0.0261442, 0.0262016, 0.0663368, 0.0980615, 0.220777, 0.22262, 0.119485, 0.411498, 0.973473, 1, 

45,237,0.001, 0.00922476, 0.0219461, 0.0261442, 0.0262016, 0.0663368, 0.100799, 0.106911, 0.164494, 0.17776, 0.217953, 0.230267, 0.239707, 0.475426, 0.477239, 0.511489, 0.606937, 0.997733, 1, 

37,244,0.001, 0.00922476, 0.0219461, 0.0261442, 0.0262016, 0.0663368, 0.0980615, 0.220777, 0.22262, 0.119485, 0.794487, 0.411498, 0.973473, 1, 

Generation #47
35,325,0.001, 0.00922476, 0.0219461, 0.0261442, 0.10015, 0.141682, 0.205442, 0.220777, 0.22262, 0.411498, 1, 

36,281,0.001, 0.016831, 0.0219461, 0.0261442, 0.0262016, 0.0663368, 0.0980615, 0.220777, 0.22262, 0.119485, 0.411498, 0.973473, 1, 

45,237,0.001, 0.00922476, 0.0219461, 0.0261442, 0.0262016, 0.0663368, 0.100799, 0.106911, 0.164494, 0.17776, 0.217953, 0.230267, 0.239707, 0.475426, 0.477239, 0.511489, 0.606937, 0.997733, 1, 

37,244,0.001, 0.00922476, 0.0219461, 0.0261442, 0.0262016, 0.0663368, 0.0980615, 0.220777, 0.22262, 0.119485, 0.794487, 0.411498, 0.973473, 1, 

39,243,0.001, 0.00922476, 0.0219461, 0.0261442, 0.0262016, 0.0663368, 0.0980615, 0.100799, 0.106911, 0.164494, 0.17776, 0.217953, 1, 

Generation #48
35,325,0.001, 0.00922476, 0.0219461, 0.0261442, 0.10015, 0.141682, 0.205442, 0.220777, 0.22262, 0.411498, 1, 

36,281,0.001, 0.016831, 0.0219461, 0.0261442, 0.0262016, 0.0663368, 0.0980615, 0.220777, 0.22262, 0.119485, 0.411498, 0.973473, 1, 

45,237,0.001, 0.00922476, 0.0219461, 0.0261442, 0.0262016, 0.0663368, 0.100799, 0.106911, 0.164494, 0.17776, 0.217953, 0.230267, 0.239707, 0.475426, 0.477239, 0.511489, 0.606937, 0.997733, 1, 

37,244,0.001, 0.00922476, 0.0219461, 0.0261442, 0.0262016, 0.0663368, 0.0980615, 0.220777, 0.22262, 0.119485, 0.794487, 0.411498, 0.973473, 1, 

39,243,0.001, 0.00922476, 0.0219461, 0.0261442, 0.0262016, 0.0663368, 0.0980615, 0.100799, 0.106911, 0.164494, 0.17776, 0.217953, 1, 

Generation #49
35,325,0.001, 0.00922476, 0.0219461, 0.0261442, 0.10015, 0.141682, 0.205442, 0.220777, 0.22262, 0.411498, 1, 

36,281,0.001, 0.016831, 0.0219461, 0.0261442, 0.0262016, 0.0663368, 0.0980615, 0.220777, 0.22262, 0.119485, 0.411498, 0.973473, 1, 

45,237,0.001, 0.00922476, 0.0219461, 0.0261442, 0.0262016, 0.0663368, 0.100799, 0.106911, 0.164494, 0.17776, 0.217953, 0.230267, 0.239707, 0.475426, 0.477239, 0.511489, 0.606937, 0.997733, 1, 

37,244,0.001, 0.00922476, 0.0219461, 0.0261442, 0.0262016, 0.0663368, 0.0980615, 0.220777, 0.22262, 0.119485, 0.794487, 0.411498, 0.973473, 1, 

39,243,0.001, 0.00922476, 0.0219461, 0.0261442, 0.0262016, 0.0663368, 0.0980615, 0.100799, 0.106911, 0.164494, 0.17776, 0.217953, 1, 

--- Pareto Front Solutions ---
Solution 0: N total=75 (N_initial=40, N_added=35), Time total=342 ms, Saved to: ./results/SPINV_t2_l1_pareto_0.csv, percents=0.001, 0.00922476, 0.0219461, 0.0261442, 0.10015, 0.141682, 0.205442, 0.220777, 0.22262, 0.411498, 1, 

Solution 1: N total=76 (N_initial=40, N_added=36), Time total=298 ms, Saved to: ./results/SPINV_t2_l1_pareto_1.csv, percents=0.001, 0.016831, 0.0219461, 0.0261442, 0.0262016, 0.0663368, 0.0980615, 0.220777, 0.22262, 0.119485, 0.411498, 0.973473, 1, 

Solution 2: N total=85 (N_initial=40, N_added=45), Time total=254 ms, Saved to: ./results/SPINV_t2_l1_pareto_2.csv, percents=0.001, 0.00922476, 0.0219461, 0.0261442, 0.0262016, 0.0663368, 0.100799, 0.106911, 0.164494, 0.17776, 0.217953, 0.230267, 0.239707, 0.475426, 0.477239, 0.511489, 0.606937, 0.997733, 1, 

Solution 3: N total=77 (N_initial=40, N_added=37), Time total=261 ms, Saved to: ./results/SPINV_t2_l1_pareto_3.csv, percents=0.001, 0.00922476, 0.0219461, 0.0261442, 0.0262016, 0.0663368, 0.0980615, 0.220777, 0.22262, 0.119485, 0.794487, 0.411498, 0.973473, 1, 

Solution 4: N total=79 (N_initial=40, N_added=39), Time total=260 ms, Saved to: ./results/SPINV_t2_l1_pareto_4.csv, percents=0.001, 0.00922476, 0.0219461, 0.0261442, 0.0262016, 0.0663368, 0.0980615, 0.100799, 0.106911, 0.164494, 0.17776, 0.217953, 1, 

------------d=1, t=2, lambda=2, filename=./evaluation/SPINV/SPINV_2_2.csv------------
Grouping d-sets by partitioned row counts for detecting arrays...
Ready to look at pairs for detecting arrays...
First Stage N=56, Time=16
There are 3983 remaining non-locating pairs
--- Running GA Algorithm (phase2) ---
Running GA with std::execution::par
Generation #0
50,290,0.001, 0.0208869, 0.0570744, 0.0833345, 0.097153, 0.109387, 0.111261, 0.204806, 0.245566, 0.255897, 0.298855, 0.299993, 0.339111, 0.429258, 0.465982, 0.476915, 0.489355, 0.502948, 0.549572, 0.567951, 0.578549, 0.617035, 0.63456, 0.745783, 0.768457, 0.85215, 0.885354, 0.893069, 1, 

42,368,0.001, 0.0204955, 0.034553, 0.0902748, 0.115097, 0.1827, 0.209628, 0.233898, 0.263956, 0.325287, 0.340495, 0.345437, 0.3812, 0.453061, 0.643569, 0.643831, 0.684313, 0.785061, 0.906782, 1, 

43,297,0.001, 0.0364469, 0.0453099, 0.0528439, 0.0682524, 0.0808627, 0.1069, 0.160244, 0.162492, 0.248229, 0.457422, 0.480439, 0.564909, 0.569034, 0.577492, 0.674875, 0.676627, 0.745811, 0.870181, 0.872985, 0.927504, 0.958162, 1, 

33,954,0.001, 0.103594, 0.112269, 0.199119, 0.270863, 0.580823, 0.690586, 0.758461, 0.795856, 0.908709, 1, 

41,644,0.001, 0.0421798, 0.174539, 0.304327, 0.332084, 0.347419, 0.413412, 0.626708, 0.701591, 0.781692, 0.843125, 0.871576, 0.938778, 0.961112, 0.964701, 1, 

36,717,0.001, 0.0481493, 0.0836901, 0.0923523, 0.280449, 0.371232, 0.588804, 0.640831, 0.646062, 0.868233, 0.929002, 0.978867, 1, 

Generation #1
33,954,0.001, 0.103594, 0.112269, 0.199119, 0.270863, 0.580823, 0.690586, 0.758461, 0.795856, 0.908709, 1, 

41,226,0.001, 0.0208869, 0.0570744, 0.0833345, 0.097153, 0.109387, 0.111261, 0.204806, 0.245566, 0.255897, 0.569511, 0.684876, 0.743917, 0.807729, 0.864569, 0.911074, 0.990134, 0.990302, 1, 

34,451,0.001, 0.0581086, 0.0822351, 0.171601, 0.241258, 0.284151, 0.298248, 0.758461, 0.795856, 0.908709, 1, 

40,367,0.001, 0.0204955, 0.034553, 0.0902748, 0.115097, 0.243183, 0.419358, 0.479142, 0.530258, 0.556696, 0.596058, 0.663886, 0.676347, 0.926645, 0.984145, 1, 

37,414,0.001, 0.0443339, 0.067553, 0.119012, 0.229196, 0.288897, 0.387962, 0.576395, 0.829851, 0.954979, 0.973842, 1, 

Generation #2
33,954,0.001, 0.103594, 0.112269, 0.199119, 0.270863, 0.580823, 0.690586, 0.758461, 0.795856, 0.908709, 1, 

41,226,0.001, 0.0208869, 0.0570744, 0.0833345, 0.097153, 0.109387, 0.111261, 0.204806, 0.245566, 0.255897, 0.569511, 0.684876, 0.743917, 0.807729, 0.864569, 0.911074, 0.990134, 0.990302, 1, 

34,451,0.001, 0.0581086, 0.0822351, 0.171601, 0.241258, 0.284151, 0.298248, 0.758461, 0.795856, 0.908709, 1, 

37,327,0.001, 0.0208869, 0.0570744, 0.0833345, 0.097153, 0.109387, 0.111261, 0.204806, 0.245566, 0.255897, 0.621108, 0.404483, 0.727997, 0.855158, 0.927587, 1, 

Generation #3
33,954,0.001, 0.103594, 0.112269, 0.199119, 0.270863, 0.580823, 0.690586, 0.758461, 0.795856, 0.908709, 1, 

41,226,0.001, 0.0208869, 0.0570744, 0.0833345, 0.097153, 0.109387, 0.111261, 0.204806, 0.245566, 0.255897, 0.569511, 0.684876, 0.743917, 0.807729, 0.864569, 0.911074, 0.990134, 0.990302, 1, 

34,451,0.001, 0.0581086, 0.0822351, 0.171601, 0.241258, 0.284151, 0.298248, 0.758461, 0.795856, 0.908709, 1, 

37,327,0.001, 0.0208869, 0.0570744, 0.0833345, 0.097153, 0.109387, 0.111261, 0.204806, 0.245566, 0.255897, 0.621108, 0.404483, 0.727997, 0.855158, 0.927587, 1, 

39,305,0.001, 0.0208869, 0.0570744, 0.0833345, 0.097153, 0.109387, 0.111261, 0.204806, 0.245566, 0.255897, 0.298855, 0.299993, 0.339111, 0.790342, 0.429258, 0.465982, 0.476915, 0.489355, 1, 

35,331,0.001, 0.0238994, 0.0317774, 0.0923523, 0.280449, 0.371232, 0.588804, 0.640831, 0.646062, 0.868233, 0.929002, 0.978867, 1, 

Generation #4
33,954,0.001, 0.103594, 0.112269, 0.199119, 0.270863, 0.580823, 0.690586, 0.758461, 0.795856, 0.908709, 1, 

35,195,0.001, 0.00685234, 0.0140099, 0.0581704, 0.116501, 0.122127, 0.123001, 0.212165, 0.229844, 0.287257, 0.307319, 0.329091, 0.926645, 0.984145, 1, 

34,319,0.001, 0.0238994, 0.0317774, 0.0923523, 0.280449, 0.371232, 0.588804, 0.640831, 0.0189191, 0.908709, 1, 

Generation #5
35,195,0.001, 0.00685234, 0.0140099, 0.0581704, 0.116501, 0.122127, 0.123001, 0.212165, 0.229844, 0.287257, 0.307319, 0.329091, 0.926645, 0.984145, 1, 

33,287,0.001, 0.0208869, 0.0570744, 0.0833345, 0.097153, 0.686305, 0.727186, 0.853349, 0.91929, 0.957075, 1, 

32,398,0.001, 0.0204955, 0.034553, 0.229196, 0.34954, 0.387962, 0.758461, 0.795856, 0.908709, 1, 

Generation #6
35,195,0.001, 0.00685234, 0.0140099, 0.0581704, 0.116501, 0.122127, 0.123001, 0.212165, 0.229844, 0.287257, 0.307319, 0.329091, 0.926645, 0.984145, 1, 

32,240,0.001, 0.0208869, 0.0570744, 0.0833345, 0.097153, 0.109387, 0.111261, 0.273006, 0.701591, 0.781692, 1, 

Generation #7
35,195,0.001, 0.00685234, 0.0140099, 0.0581704, 0.116501, 0.122127, 0.123001, 0.212165, 0.229844, 0.287257, 0.307319, 0.329091, 0.926645, 0.984145, 1, 

32,240,0.001, 0.0208869, 0.0570744, 0.0833345, 0.097153, 0.109387, 0.111261, 0.273006, 0.701591, 0.781692, 1, 

30,248,0.001, 0.0204235, 0.0317774, 0.0581704, 0.116501, 0.109387, 0.111261, 0.204806, 0.245566, 0.255897, 1, 

Generation #8
35,195,0.001, 0.00685234, 0.0140099, 0.0581704, 0.116501, 0.122127, 0.123001, 0.212165, 0.229844, 0.287257, 0.307319, 0.329091, 0.926645, 0.984145, 1, 

32,240,0.001, 0.0208869, 0.0570744, 0.0833345, 0.097153, 0.109387, 0.111261, 0.273006, 0.701591, 0.781692, 1, 

30,248,0.001, 0.0204235, 0.0317774, 0.0581704, 0.116501, 0.109387, 0.111261, 0.204806, 0.245566, 0.255897, 1, 

34,227,0.001, 0.0204955, 0.0453099, 0.0528439, 0.0682524, 0.0808627, 0.1069, 0.160244, 0.162492, 0.248229, 0.457422, 0.480439, 0.564909, 1, 

45,167,0.001, 0.00685234, 0.0140099, 0.0581704, 0.097153, 0.109387, 0.111261, 0.160244, 0.162492, 0.248229, 0.457422, 0.480439, 0.564909, 0.569034, 0.577492, 0.674875, 0.676627, 0.745811, 0.870181, 0.872985, 0.927504, 0.958162, 1, 

Generation #9
35,195,0.001, 0.00685234, 0.0140099, 0.0581704, 0.116501, 0.122127, 0.123001, 0.212165, 0.229844, 0.287257, 0.307319, 0.329091, 0.926645, 0.984145, 1, 

32,240,0.001, 0.0208869, 0.0570744, 0.0833345, 0.097153, 0.109387, 0.111261, 0.273006, 0.701591, 0.781692, 1, 

30,248,0.001, 0.0204235, 0.0317774, 0.0581704, 0.116501, 0.109387, 0.111261, 0.204806, 0.245566, 0.255897, 1, 

34,227,0.001, 0.0204955, 0.0453099, 0.0528439, 0.0682524, 0.0808627, 0.1069, 0.160244, 0.162492, 0.248229, 0.457422, 0.480439, 0.564909, 1, 

45,167,0.001, 0.00685234, 0.0140099, 0.0581704, 0.097153, 0.109387, 0.111261, 0.160244, 0.162492, 0.248229, 0.457422, 0.480439, 0.564909, 0.569034, 0.577492, 0.674875, 0.676627, 0.745811, 0.870181, 0.872985, 0.927504, 0.958162, 1, 

33,228,0.00685234, 0.0140099, 0.0581704, 0.097153, 0.109387, 0.111261, 0.204806, 0.245566, 0.255897, 1, 

Generation #10
35,195,0.001, 0.00685234, 0.0140099, 0.0581704, 0.116501, 0.122127, 0.123001, 0.212165, 0.229844, 0.287257, 0.307319, 0.329091, 0.926645, 0.984145, 1, 

32,240,0.001, 0.0208869, 0.0570744, 0.0833345, 0.097153, 0.109387, 0.111261, 0.273006, 0.701591, 0.781692, 1, 

30,248,0.001, 0.0204235, 0.0317774, 0.0581704, 0.116501, 0.109387, 0.111261, 0.204806, 0.245566, 0.255897, 1, 

34,227,0.001, 0.0204955, 0.0453099, 0.0528439, 0.0682524, 0.0808627, 0.1069, 0.160244, 0.162492, 0.248229, 0.457422, 0.480439, 0.564909, 1, 

45,167,0.001, 0.00685234, 0.0140099, 0.0581704, 0.097153, 0.109387, 0.111261, 0.160244, 0.162492, 0.248229, 0.457422, 0.480439, 0.564909, 0.569034, 0.577492, 0.674875, 0.676627, 0.745811, 0.870181, 0.872985, 0.927504, 0.958162, 1, 

33,228,0.00685234, 0.0140099, 0.0581704, 0.097153, 0.109387, 0.111261, 0.204806, 0.245566, 0.255897, 1, 

Generation #11
35,195,0.001, 0.00685234, 0.0140099, 0.0581704, 0.116501, 0.122127, 0.123001, 0.212165, 0.229844, 0.287257, 0.307319, 0.329091, 0.926645, 0.984145, 1, 

30,248,0.001, 0.0204235, 0.0317774, 0.0581704, 0.116501, 0.109387, 0.111261, 0.204806, 0.245566, 0.255897, 1, 

34,227,0.001, 0.0204955, 0.0453099, 0.0528439, 0.0682524, 0.0808627, 0.1069, 0.160244, 0.162492, 0.248229, 0.457422, 0.480439, 0.564909, 1, 

45,167,0.001, 0.00685234, 0.0140099, 0.0581704, 0.097153, 0.109387, 0.111261, 0.160244, 0.162492, 0.248229, 0.457422, 0.480439, 0.564909, 0.569034, 0.577492, 0.674875, 0.676627, 0.745811, 0.870181, 0.872985, 0.927504, 0.958162, 1, 

33,228,0.00685234, 0.0140099, 0.0581704, 0.097153, 0.109387, 0.111261, 0.204806, 0.245566, 0.255897, 1, 

31,236,0.001, 0.00685234, 0.0140099, 0.0581704, 0.116501, 0.109387, 0.111261, 0.136641, 0.245566, 0.32356, 1, 

Generation #12
30,248,0.001, 0.0204235, 0.0317774, 0.0581704, 0.116501, 0.109387, 0.111261, 0.204806, 0.245566, 0.255897, 1, 

45,167,0.001, 0.00685234, 0.0140099, 0.0581704, 0.097153, 0.109387, 0.111261, 0.160244, 0.162492, 0.248229, 0.457422, 0.480439, 0.564909, 0.569034, 0.577492, 0.674875, 0.676627, 0.745811, 0.870181, 0.872985, 0.927504, 0.958162, 1, 

31,236,0.001, 0.00685234, 0.0140099, 0.0581704, 0.116501, 0.109387, 0.111261, 0.136641, 0.245566, 0.32356, 1, 

34,189,0.001, 0.00685234, 0.0140099, 0.0581704, 0.097153, 0.109387, 0.111261, 0.160244, 0.162492, 0.248229, 0.621108, 0.911648, 0.982331, 1, 

35,187,0.001, 0.00685234, 0.0140099, 0.0581704, 0.097153, 0.109387, 0.111261, 0.160244, 0.162492, 0.248229, 0.621108, 0.911648, 0.982331, 1, 

33,214,0.001, 0.00685234, 0.0140099, 0.0581704, 0.116501, 0.109387, 0.273006, 0.162492, 0.248229, 0.480439, 0.564909, 0.569034, 0.577492, 1, 

Generation #13
30,248,0.001, 0.0204235, 0.0317774, 0.0581704, 0.116501, 0.109387, 0.111261, 0.204806, 0.245566, 0.255897, 1, 

31,236,0.001, 0.00685234, 0.0140099, 0.0581704, 0.116501, 0.109387, 0.111261, 0.136641, 0.245566, 0.32356, 1, 

33,214,0.001, 0.00685234, 0.0140099, 0.0581704, 0.116501, 0.109387, 0.273006, 0.162492, 0.248229, 0.480439, 0.564909, 0.569034, 0.577492, 1, 

34,167,0.001, 0.00685234, 0.0140099, 0.0581704, 0.097153, 0.109387, 0.111261, 0.160244, 0.162492, 0.248229, 0.480439, 0.911648, 0.982331, 1, 

Generation #14
30,248,0.001, 0.0204235, 0.0317774, 0.0581704, 0.116501, 0.109387, 0.111261, 0.204806, 0.245566, 0.255897, 1, 

31,236,0.001, 0.00685234, 0.0140099, 0.0581704, 0.116501, 0.109387, 0.111261, 0.136641, 0.245566, 0.32356, 1, 

33,214,0.001, 0.00685234, 0.0140099, 0.0581704, 0.116501, 0.109387, 0.273006, 0.162492, 0.248229, 0.480439, 0.564909, 0.569034, 0.577492, 1, 

34,167,0.001, 0.00685234, 0.0140099, 0.0581704, 0.097153, 0.109387, 0.111261, 0.160244, 0.162492, 0.248229, 0.480439, 0.911648, 0.982331, 1, 

Generation #15
30,248,0.001, 0.0204235, 0.0317774, 0.0581704, 0.116501, 0.109387, 0.111261, 0.204806, 0.245566, 0.255897, 1, 

31,236,0.001, 0.00685234, 0.0140099, 0.0581704, 0.116501, 0.109387, 0.111261, 0.136641, 0.245566, 0.32356, 1, 

33,214,0.001, 0.00685234, 0.0140099, 0.0581704, 0.116501, 0.109387, 0.273006, 0.162492, 0.248229, 0.480439, 0.564909, 0.569034, 0.577492, 1, 

34,167,0.001, 0.00685234, 0.0140099, 0.0581704, 0.097153, 0.109387, 0.111261, 0.160244, 0.162492, 0.248229, 0.480439, 0.911648, 0.982331, 1, 

Generation #16
30,248,0.001, 0.0204235, 0.0317774, 0.0581704, 0.116501, 0.109387, 0.111261, 0.204806, 0.245566, 0.255897, 1, 

31,236,0.001, 0.00685234, 0.0140099, 0.0581704, 0.116501, 0.109387, 0.111261, 0.136641, 0.245566, 0.32356, 1, 

33,214,0.001, 0.00685234, 0.0140099, 0.0581704, 0.116501, 0.109387, 0.273006, 0.162492, 0.248229, 0.480439, 0.564909, 0.569034, 0.577492, 1, 

34,167,0.001, 0.00685234, 0.0140099, 0.0581704, 0.097153, 0.109387, 0.111261, 0.160244, 0.162492, 0.248229, 0.480439, 0.911648, 0.982331, 1, 

Generation #17
30,248,0.001, 0.0204235, 0.0317774, 0.0581704, 0.116501, 0.109387, 0.111261, 0.204806, 0.245566, 0.255897, 1, 

31,236,0.001, 0.00685234, 0.0140099, 0.0581704, 0.116501, 0.109387, 0.111261, 0.136641, 0.245566, 0.32356, 1, 

33,214,0.001, 0.00685234, 0.0140099, 0.0581704, 0.116501, 0.109387, 0.273006, 0.162492, 0.248229, 0.480439, 0.564909, 0.569034, 0.577492, 1, 

34,167,0.001, 0.00685234, 0.0140099, 0.0581704, 0.097153, 0.109387, 0.111261, 0.160244, 0.162492, 0.248229, 0.480439, 0.911648, 0.982331, 1, 

Generation #18
30,248,0.001, 0.0204235, 0.0317774, 0.0581704, 0.116501, 0.109387, 0.111261, 0.204806, 0.245566, 0.255897, 1, 

34,167,0.001, 0.00685234, 0.0140099, 0.0581704, 0.097153, 0.109387, 0.111261, 0.160244, 0.162492, 0.248229, 0.480439, 0.911648, 0.982331, 1, 

33,204,0.001, 0.00685234, 0.0317774, 0.0528439, 0.0682524, 0.0808627, 0.111261, 0.273006, 0.701591, 0.781692, 1, 

31,205,0.001, 0.00685234, 0.0140099, 0.0581704, 0.116501, 0.122127, 0.204806, 0.245566, 0.255897, 1, 

Generation #19
30,248,0.001, 0.0204235, 0.0317774, 0.0581704, 0.116501, 0.109387, 0.111261, 0.204806, 0.245566, 0.255897, 1, 

34,167,0.001, 0.00685234, 0.0140099, 0.0581704, 0.097153, 0.109387, 0.111261, 0.160244, 0.162492, 0.248229, 0.480439, 0.911648, 0.982331, 1, 

33,204,0.001, 0.00685234, 0.0317774, 0.0528439, 0.0682524, 0.0808627, 0.111261, 0.273006, 0.701591, 0.781692, 1, 

31,205,0.001, 0.00685234, 0.0140099, 0.0581704, 0.116501, 0.122127, 0.204806, 0.245566, 0.255897, 1, 

Generation #20
30,248,0.001, 0.0204235, 0.0317774, 0.0581704, 0.116501, 0.109387, 0.111261, 0.204806, 0.245566, 0.255897, 1, 

34,167,0.001, 0.00685234, 0.0140099, 0.0581704, 0.097153, 0.109387, 0.111261, 0.160244, 0.162492, 0.248229, 0.480439, 0.911648, 0.982331, 1, 

33,204,0.001, 0.00685234, 0.0317774, 0.0528439, 0.0682524, 0.0808627, 0.111261, 0.273006, 0.701591, 0.781692, 1, 

31,205,0.001, 0.00685234, 0.0140099, 0.0581704, 0.116501, 0.122127, 0.204806, 0.245566, 0.255897, 1, 

29,258,0.001, 0.00685234, 0.0140099, 0.0581704, 0.116501, 0.111261, 0.204806, 0.171378, 0.223386, 0.781692, 1, 

Generation #21
30,248,0.001, 0.0204235, 0.0317774, 0.0581704, 0.116501, 0.109387, 0.111261, 0.204806, 0.245566, 0.255897, 1, 

34,167,0.001, 0.00685234, 0.0140099, 0.0581704, 0.097153, 0.109387, 0.111261, 0.160244, 0.162492, 0.248229, 0.480439, 0.911648, 0.982331, 1, 

31,205,0.001, 0.00685234, 0.0140099, 0.0581704, 0.116501, 0.122127, 0.204806, 0.245566, 0.255897, 1, 

29,258,0.001, 0.00685234, 0.0140099, 0.0581704, 0.116501, 0.111261, 0.204806, 0.171378, 0.223386, 0.781692, 1, 

32,198,0.001, 0.00685234, 0.0317774, 0.0528439, 0.0682524, 0.0808627, 0.111261, 0.160244, 0.162492, 0.248229, 1, 

Generation #22
30,248,0.001, 0.0204235, 0.0317774, 0.0581704, 0.116501, 0.109387, 0.111261, 0.204806, 0.245566, 0.255897, 1, 

34,167,0.001, 0.00685234, 0.0140099, 0.0581704, 0.097153, 0.109387, 0.111261, 0.160244, 0.162492, 0.248229, 0.480439, 0.911648, 0.982331, 1, 

31,205,0.001, 0.00685234, 0.0140099, 0.0581704, 0.116501, 0.122127, 0.204806, 0.245566, 0.255897, 1, 

29,258,0.001, 0.00685234, 0.0140099, 0.0581704, 0.116501, 0.111261, 0.204806, 0.171378, 0.223386, 0.781692, 1, 

32,184,0.001, 0.00685234, 0.0317774, 0.0528439, 0.0682524, 0.0808627, 0.111261, 0.204806, 0.245566, 0.255897, 1, 

Generation #23
30,248,0.001, 0.0204235, 0.0317774, 0.0581704, 0.116501, 0.109387, 0.111261, 0.204806, 0.245566, 0.255897, 1, 

34,167,0.001, 0.00685234, 0.0140099, 0.0581704, 0.097153, 0.109387, 0.111261, 0.160244, 0.162492, 0.248229, 0.480439, 0.911648, 0.982331, 1, 

31,205,0.001, 0.00685234, 0.0140099, 0.0581704, 0.116501, 0.122127, 0.204806, 0.245566, 0.255897, 1, 

29,258,0.001, 0.00685234, 0.0140099, 0.0581704, 0.116501, 0.111261, 0.204806, 0.171378, 0.223386, 0.781692, 1, 

32,184,0.001, 0.00685234, 0.0317774, 0.0528439, 0.0682524, 0.0808627, 0.111261, 0.204806, 0.245566, 0.255897, 1, 

Generation #24
30,248,0.001, 0.0204235, 0.0317774, 0.0581704, 0.116501, 0.109387, 0.111261, 0.204806, 0.245566, 0.255897, 1, 

34,167,0.001, 0.00685234, 0.0140099, 0.0581704, 0.097153, 0.109387, 0.111261, 0.160244, 0.162492, 0.248229, 0.480439, 0.911648, 0.982331, 1, 

31,205,0.001, 0.00685234, 0.0140099, 0.0581704, 0.116501, 0.122127, 0.204806, 0.245566, 0.255897, 1, 

29,258,0.001, 0.00685234, 0.0140099, 0.0581704, 0.116501, 0.111261, 0.204806, 0.171378, 0.223386, 0.781692, 1, 

32,184,0.001, 0.00685234, 0.0317774, 0.0528439, 0.0682524, 0.0808627, 0.111261, 0.204806, 0.245566, 0.255897, 1, 

Generation #25
30,248,0.001, 0.0204235, 0.0317774, 0.0581704, 0.116501, 0.109387, 0.111261, 0.204806, 0.245566, 0.255897, 1, 

34,167,0.001, 0.00685234, 0.0140099, 0.0581704, 0.097153, 0.109387, 0.111261, 0.160244, 0.162492, 0.248229, 0.480439, 0.911648, 0.982331, 1, 

31,205,0.001, 0.00685234, 0.0140099, 0.0581704, 0.116501, 0.122127, 0.204806, 0.245566, 0.255897, 1, 

29,258,0.001, 0.00685234, 0.0140099, 0.0581704, 0.116501, 0.111261, 0.204806, 0.171378, 0.223386, 0.781692, 1, 

32,184,0.001, 0.00685234, 0.0317774, 0.0528439, 0.0682524, 0.0808627, 0.111261, 0.204806, 0.245566, 0.255897, 1, 

Generation #26
30,248,0.001, 0.0204235, 0.0317774, 0.0581704, 0.116501, 0.109387, 0.111261, 0.204806, 0.245566, 0.255897, 1, 

34,167,0.001, 0.00685234, 0.0140099, 0.0581704, 0.097153, 0.109387, 0.111261, 0.160244, 0.162492, 0.248229, 0.480439, 0.911648, 0.982331, 1, 

29,258,0.001, 0.00685234, 0.0140099, 0.0581704, 0.116501, 0.111261, 0.204806, 0.171378, 0.223386, 0.781692, 1, 

32,184,0.001, 0.00685234, 0.0317774, 0.0528439, 0.0682524, 0.0808627, 0.111261, 0.204806, 0.245566, 0.255897, 1, 

31,198,0.001, 0.00685234, 0.0317774, 0.0528439, 0.0682524, 0.0808627, 0.111261, 0.273006, 0.701591, 0.781692, 1, 

Generation #27
30,248,0.001, 0.0204235, 0.0317774, 0.0581704, 0.116501, 0.109387, 0.111261, 0.204806, 0.245566, 0.255897, 1, 

34,167,0.001, 0.00685234, 0.0140099, 0.0581704, 0.097153, 0.109387, 0.111261, 0.160244, 0.162492, 0.248229, 0.480439, 0.911648, 0.982331, 1, 

29,258,0.001, 0.00685234, 0.0140099, 0.0581704, 0.116501, 0.111261, 0.204806, 0.171378, 0.223386, 0.781692, 1, 

32,184,0.001, 0.00685234, 0.0317774, 0.0528439, 0.0682524, 0.0808627, 0.111261, 0.204806, 0.245566, 0.255897, 1, 

31,198,0.001, 0.00685234, 0.0317774, 0.0528439, 0.0682524, 0.0808627, 0.111261, 0.273006, 0.701591, 0.781692, 1, 

Generation #28
30,248,0.001, 0.0204235, 0.0317774, 0.0581704, 0.116501, 0.109387, 0.111261, 0.204806, 0.245566, 0.255897, 1, 

34,167,0.001, 0.00685234, 0.0140099, 0.0581704, 0.097153, 0.109387, 0.111261, 0.160244, 0.162492, 0.248229, 0.480439, 0.911648, 0.982331, 1, 

29,258,0.001, 0.00685234, 0.0140099, 0.0581704, 0.116501, 0.111261, 0.204806, 0.171378, 0.223386, 0.781692, 1, 

32,184,0.001, 0.00685234, 0.0317774, 0.0528439, 0.0682524, 0.0808627, 0.111261, 0.204806, 0.245566, 0.255897, 1, 

31,198,0.001, 0.00685234, 0.0317774, 0.0528439, 0.0682524, 0.0808627, 0.111261, 0.273006, 0.701591, 0.781692, 1, 

Generation #29
34,167,0.001, 0.00685234, 0.0140099, 0.0581704, 0.097153, 0.109387, 0.111261, 0.160244, 0.162492, 0.248229, 0.480439, 0.911648, 0.982331, 1, 

29,258,0.001, 0.00685234, 0.0140099, 0.0581704, 0.116501, 0.111261, 0.204806, 0.171378, 0.223386, 0.781692, 1, 

32,184,0.001, 0.00685234, 0.0317774, 0.0528439, 0.0682524, 0.0808627, 0.111261, 0.204806, 0.245566, 0.255897, 1, 

30,192,0.001, 0.00685234, 0.0140099, 0.0581704, 0.116501, 0.122127, 0.204806, 0.245566, 0.255897, 1, 

Generation #30
34,167,0.001, 0.00685234, 0.0140099, 0.0581704, 0.097153, 0.109387, 0.111261, 0.160244, 0.162492, 0.248229, 0.480439, 0.911648, 0.982331, 1, 

32,184,0.001, 0.00685234, 0.0317774, 0.0528439, 0.0682524, 0.0808627, 0.111261, 0.204806, 0.245566, 0.255897, 1, 

30,192,0.001, 0.00685234, 0.0140099, 0.0581704, 0.116501, 0.122127, 0.204806, 0.245566, 0.255897, 1, 

29,203,0.001, 0.00685234, 0.0140099, 0.0581704, 0.116501, 0.111261, 0.204806, 0.171378, 0.162492, 0.248229, 1, 

Generation #31
34,167,0.001, 0.00685234, 0.0140099, 0.0581704, 0.097153, 0.109387, 0.111261, 0.160244, 0.162492, 0.248229, 0.480439, 0.911648, 0.982331, 1, 

32,184,0.001, 0.00685234, 0.0317774, 0.0528439, 0.0682524, 0.0808627, 0.111261, 0.204806, 0.245566, 0.255897, 1, 

30,192,0.001, 0.00685234, 0.0140099, 0.0581704, 0.116501, 0.122127, 0.204806, 0.245566, 0.255897, 1, 

29,203,0.001, 0.00685234, 0.0140099, 0.0581704, 0.116501, 0.111261, 0.204806, 0.171378, 0.162492, 0.248229, 1, 

Generation #32
34,167,0.001, 0.00685234, 0.0140099, 0.0581704, 0.097153, 0.109387, 0.111261, 0.160244, 0.162492, 0.248229, 0.480439, 0.911648, 0.982331, 1, 

32,184,0.001, 0.00685234, 0.0317774, 0.0528439, 0.0682524, 0.0808627, 0.111261, 0.204806, 0.245566, 0.255897, 1, 

30,192,0.001, 0.00685234, 0.0140099, 0.0581704, 0.116501, 0.122127, 0.204806, 0.245566, 0.255897, 1, 

29,203,0.001, 0.00685234, 0.0140099, 0.0581704, 0.116501, 0.111261, 0.204806, 0.171378, 0.162492, 0.248229, 1, 

Generation #33
34,167,0.001, 0.00685234, 0.0140099, 0.0581704, 0.097153, 0.109387, 0.111261, 0.160244, 0.162492, 0.248229, 0.480439, 0.911648, 0.982331, 1, 

32,184,0.001, 0.00685234, 0.0317774, 0.0528439, 0.0682524, 0.0808627, 0.111261, 0.204806, 0.245566, 0.255897, 1, 

30,192,0.001, 0.00685234, 0.0140099, 0.0581704, 0.116501, 0.122127, 0.204806, 0.245566, 0.255897, 1, 

29,203,0.001, 0.00685234, 0.0140099, 0.0581704, 0.116501, 0.111261, 0.204806, 0.171378, 0.162492, 0.248229, 1, 

Generation #34
34,167,0.001, 0.00685234, 0.0140099, 0.0581704, 0.097153, 0.109387, 0.111261, 0.160244, 0.162492, 0.248229, 0.480439, 0.911648, 0.982331, 1, 

32,184,0.001, 0.00685234, 0.0317774, 0.0528439, 0.0682524, 0.0808627, 0.111261, 0.204806, 0.245566, 0.255897, 1, 

30,192,0.001, 0.00685234, 0.0140099, 0.0581704, 0.116501, 0.122127, 0.204806, 0.245566, 0.255897, 1, 

29,203,0.001, 0.00685234, 0.0140099, 0.0581704, 0.116501, 0.111261, 0.204806, 0.171378, 0.162492, 0.248229, 1, 

Generation #35
34,167,0.001, 0.00685234, 0.0140099, 0.0581704, 0.097153, 0.109387, 0.111261, 0.160244, 0.162492, 0.248229, 0.480439, 0.911648, 0.982331, 1, 

32,184,0.001, 0.00685234, 0.0317774, 0.0528439, 0.0682524, 0.0808627, 0.111261, 0.204806, 0.245566, 0.255897, 1, 

30,192,0.001, 0.00685234, 0.0140099, 0.0581704, 0.116501, 0.122127, 0.204806, 0.245566, 0.255897, 1, 

29,203,0.001, 0.00685234, 0.0140099, 0.0581704, 0.116501, 0.111261, 0.204806, 0.171378, 0.162492, 0.248229, 1, 

Generation #36
34,167,0.001, 0.00685234, 0.0140099, 0.0581704, 0.097153, 0.109387, 0.111261, 0.160244, 0.162492, 0.248229, 0.480439, 0.911648, 0.982331, 1, 

32,184,0.001, 0.00685234, 0.0317774, 0.0528439, 0.0682524, 0.0808627, 0.111261, 0.204806, 0.245566, 0.255897, 1, 

30,192,0.001, 0.00685234, 0.0140099, 0.0581704, 0.116501, 0.122127, 0.204806, 0.245566, 0.255897, 1, 

29,203,0.001, 0.00685234, 0.0140099, 0.0581704, 0.116501, 0.111261, 0.204806, 0.171378, 0.162492, 0.248229, 1, 

Generation #37
34,167,0.001, 0.00685234, 0.0140099, 0.0581704, 0.097153, 0.109387, 0.111261, 0.160244, 0.162492, 0.248229, 0.480439, 0.911648, 0.982331, 1, 

32,184,0.001, 0.00685234, 0.0317774, 0.0528439, 0.0682524, 0.0808627, 0.111261, 0.204806, 0.245566, 0.255897, 1, 

30,192,0.001, 0.00685234, 0.0140099, 0.0581704, 0.116501, 0.122127, 0.204806, 0.245566, 0.255897, 1, 

29,203,0.001, 0.00685234, 0.0140099, 0.0581704, 0.116501, 0.111261, 0.204806, 0.171378, 0.162492, 0.248229, 1, 

Generation #38
34,167,0.001, 0.00685234, 0.0140099, 0.0581704, 0.097153, 0.109387, 0.111261, 0.160244, 0.162492, 0.248229, 0.480439, 0.911648, 0.982331, 1, 

32,184,0.001, 0.00685234, 0.0317774, 0.0528439, 0.0682524, 0.0808627, 0.111261, 0.204806, 0.245566, 0.255897, 1, 

30,192,0.001, 0.00685234, 0.0140099, 0.0581704, 0.116501, 0.122127, 0.204806, 0.245566, 0.255897, 1, 

29,203,0.001, 0.00685234, 0.0140099, 0.0581704, 0.116501, 0.111261, 0.204806, 0.171378, 0.162492, 0.248229, 1, 

Generation #39
34,167,0.001, 0.00685234, 0.0140099, 0.0581704, 0.097153, 0.109387, 0.111261, 0.160244, 0.162492, 0.248229, 0.480439, 0.911648, 0.982331, 1, 

32,184,0.001, 0.00685234, 0.0317774, 0.0528439, 0.0682524, 0.0808627, 0.111261, 0.204806, 0.245566, 0.255897, 1, 

30,192,0.001, 0.00685234, 0.0140099, 0.0581704, 0.116501, 0.122127, 0.204806, 0.245566, 0.255897, 1, 

29,203,0.001, 0.00685234, 0.0140099, 0.0581704, 0.116501, 0.111261, 0.204806, 0.171378, 0.162492, 0.248229, 1, 

Generation #40
34,167,0.001, 0.00685234, 0.0140099, 0.0581704, 0.097153, 0.109387, 0.111261, 0.160244, 0.162492, 0.248229, 0.480439, 0.911648, 0.982331, 1, 

32,184,0.001, 0.00685234, 0.0317774, 0.0528439, 0.0682524, 0.0808627, 0.111261, 0.204806, 0.245566, 0.255897, 1, 

30,192,0.001, 0.00685234, 0.0140099, 0.0581704, 0.116501, 0.122127, 0.204806, 0.245566, 0.255897, 1, 

29,203,0.001, 0.00685234, 0.0140099, 0.0581704, 0.116501, 0.111261, 0.204806, 0.171378, 0.162492, 0.248229, 1, 

Generation #41
34,167,0.001, 0.00685234, 0.0140099, 0.0581704, 0.097153, 0.109387, 0.111261, 0.160244, 0.162492, 0.248229, 0.480439, 0.911648, 0.982331, 1, 

32,184,0.001, 0.00685234, 0.0317774, 0.0528439, 0.0682524, 0.0808627, 0.111261, 0.204806, 0.245566, 0.255897, 1, 

30,192,0.001, 0.00685234, 0.0140099, 0.0581704, 0.116501, 0.122127, 0.204806, 0.245566, 0.255897, 1, 

29,203,0.001, 0.00685234, 0.0140099, 0.0581704, 0.116501, 0.111261, 0.204806, 0.171378, 0.162492, 0.248229, 1, 

Generation #42
34,167,0.001, 0.00685234, 0.0140099, 0.0581704, 0.097153, 0.109387, 0.111261, 0.160244, 0.162492, 0.248229, 0.480439, 0.911648, 0.982331, 1, 

32,184,0.001, 0.00685234, 0.0317774, 0.0528439, 0.0682524, 0.0808627, 0.111261, 0.204806, 0.245566, 0.255897, 1, 

30,192,0.001, 0.00685234, 0.0140099, 0.0581704, 0.116501, 0.122127, 0.204806, 0.245566, 0.255897, 1, 

29,203,0.001, 0.00685234, 0.0140099, 0.0581704, 0.116501, 0.111261, 0.204806, 0.171378, 0.162492, 0.248229, 1, 

Generation #43
34,167,0.001, 0.00685234, 0.0140099, 0.0581704, 0.097153, 0.109387, 0.111261, 0.160244, 0.162492, 0.248229, 0.480439, 0.911648, 0.982331, 1, 

32,184,0.001, 0.00685234, 0.0317774, 0.0528439, 0.0682524, 0.0808627, 0.111261, 0.204806, 0.245566, 0.255897, 1, 

30,192,0.001, 0.00685234, 0.0140099, 0.0581704, 0.116501, 0.122127, 0.204806, 0.245566, 0.255897, 1, 

29,203,0.001, 0.00685234, 0.0140099, 0.0581704, 0.116501, 0.111261, 0.204806, 0.171378, 0.162492, 0.248229, 1, 

33,175,0.001, 0.00685234, 0.0317774, 0.0528439, 0.0682524, 0.122127, 0.111261, 0.204806, 0.162492, 0.248229, 1, 

Generation #44
34,167,0.001, 0.00685234, 0.0140099, 0.0581704, 0.097153, 0.109387, 0.111261, 0.160244, 0.162492, 0.248229, 0.480439, 0.911648, 0.982331, 1, 

32,184,0.001, 0.00685234, 0.0317774, 0.0528439, 0.0682524, 0.0808627, 0.111261, 0.204806, 0.245566, 0.255897, 1, 

30,192,0.001, 0.00685234, 0.0140099, 0.0581704, 0.116501, 0.122127, 0.204806, 0.245566, 0.255897, 1, 

29,203,0.001, 0.00685234, 0.0140099, 0.0581704, 0.116501, 0.111261, 0.204806, 0.171378, 0.162492, 0.248229, 1, 

33,175,0.001, 0.00685234, 0.0317774, 0.0528439, 0.0682524, 0.122127, 0.111261, 0.204806, 0.162492, 0.248229, 1, 

Generation #45
34,167,0.001, 0.00685234, 0.0140099, 0.0581704, 0.097153, 0.109387, 0.111261, 0.160244, 0.162492, 0.248229, 0.480439, 0.911648, 0.982331, 1, 

32,184,0.001, 0.00685234, 0.0317774, 0.0528439, 0.0682524, 0.0808627, 0.111261, 0.204806, 0.245566, 0.255897, 1, 

30,192,0.001, 0.00685234, 0.0140099, 0.0581704, 0.116501, 0.122127, 0.204806, 0.245566, 0.255897, 1, 

29,203,0.001, 0.00685234, 0.0140099, 0.0581704, 0.116501, 0.111261, 0.204806, 0.171378, 0.162492, 0.248229, 1, 

33,175,0.001, 0.00685234, 0.0317774, 0.0528439, 0.0682524, 0.122127, 0.111261, 0.204806, 0.162492, 0.248229, 1, 

Generation #46
34,167,0.001, 0.00685234, 0.0140099, 0.0581704, 0.097153, 0.109387, 0.111261, 0.160244, 0.162492, 0.248229, 0.480439, 0.911648, 0.982331, 1, 

32,184,0.001, 0.00685234, 0.0317774, 0.0528439, 0.0682524, 0.0808627, 0.111261, 0.204806, 0.245566, 0.255897, 1, 

30,192,0.001, 0.00685234, 0.0140099, 0.0581704, 0.116501, 0.122127, 0.204806, 0.245566, 0.255897, 1, 

29,203,0.001, 0.00685234, 0.0140099, 0.0581704, 0.116501, 0.111261, 0.204806, 0.171378, 0.162492, 0.248229, 1, 

33,175,0.001, 0.00685234, 0.0317774, 0.0528439, 0.0682524, 0.122127, 0.111261, 0.204806, 0.162492, 0.248229, 1, 

Generation #47
34,167,0.001, 0.00685234, 0.0140099, 0.0581704, 0.097153, 0.109387, 0.111261, 0.160244, 0.162492, 0.248229, 0.480439, 0.911648, 0.982331, 1, 

32,184,0.001, 0.00685234, 0.0317774, 0.0528439, 0.0682524, 0.0808627, 0.111261, 0.204806, 0.245566, 0.255897, 1, 

30,192,0.001, 0.00685234, 0.0140099, 0.0581704, 0.116501, 0.122127, 0.204806, 0.245566, 0.255897, 1, 

29,203,0.001, 0.00685234, 0.0140099, 0.0581704, 0.116501, 0.111261, 0.204806, 0.171378, 0.162492, 0.248229, 1, 

33,175,0.001, 0.00685234, 0.0317774, 0.0528439, 0.0682524, 0.122127, 0.111261, 0.204806, 0.162492, 0.248229, 1, 

38,165,0.001, 0.00685234, 0.0317774, 0.0528439, 0.0682524, 0.122127, 0.111261, 0.160244, 0.162492, 0.248229, 0.480439, 0.564909, 0.569034, 0.984145, 1, 

Generation #48
34,167,0.001, 0.00685234, 0.0140099, 0.0581704, 0.097153, 0.109387, 0.111261, 0.160244, 0.162492, 0.248229, 0.480439, 0.911648, 0.982331, 1, 

32,184,0.001, 0.00685234, 0.0317774, 0.0528439, 0.0682524, 0.0808627, 0.111261, 0.204806, 0.245566, 0.255897, 1, 

30,192,0.001, 0.00685234, 0.0140099, 0.0581704, 0.116501, 0.122127, 0.204806, 0.245566, 0.255897, 1, 

29,203,0.001, 0.00685234, 0.0140099, 0.0581704, 0.116501, 0.111261, 0.204806, 0.171378, 0.162492, 0.248229, 1, 

38,165,0.001, 0.00685234, 0.0317774, 0.0528439, 0.0682524, 0.122127, 0.111261, 0.160244, 0.162492, 0.248229, 0.480439, 0.564909, 0.569034, 0.984145, 1, 

33,171,0.001, 0.00685234, 0.0317774, 0.0528439, 0.0682524, 0.0808627, 0.1069, 0.160244, 0.245566, 0.781692, 1, 

Generation #49
34,167,0.001, 0.00685234, 0.0140099, 0.0581704, 0.097153, 0.109387, 0.111261, 0.160244, 0.162492, 0.248229, 0.480439, 0.911648, 0.982331, 1, 

32,184,0.001, 0.00685234, 0.0317774, 0.0528439, 0.0682524, 0.0808627, 0.111261, 0.204806, 0.245566, 0.255897, 1, 

30,192,0.001, 0.00685234, 0.0140099, 0.0581704, 0.116501, 0.122127, 0.204806, 0.245566, 0.255897, 1, 

29,203,0.001, 0.00685234, 0.0140099, 0.0581704, 0.116501, 0.111261, 0.204806, 0.171378, 0.162492, 0.248229, 1, 

38,165,0.001, 0.00685234, 0.0317774, 0.0528439, 0.0682524, 0.122127, 0.111261, 0.160244, 0.162492, 0.248229, 0.480439, 0.564909, 0.569034, 0.984145, 1, 

33,171,0.001, 0.00685234, 0.0317774, 0.0528439, 0.0682524, 0.0808627, 0.1069, 0.160244, 0.245566, 0.781692, 1, 

--- Pareto Front Solutions ---
Solution 0: N total=90 (N_initial=56, N_added=34), Time total=183 ms, Saved to: ./results/SPINV_t2_l2_pareto_0.csv, percents=0.001, 0.00685234, 0.0140099, 0.0581704, 0.097153, 0.109387, 0.111261, 0.160244, 0.162492, 0.248229, 0.480439, 0.911648, 0.982331, 1, 

Solution 1: N total=88 (N_initial=56, N_added=32), Time total=200 ms, Saved to: ./results/SPINV_t2_l2_pareto_1.csv, percents=0.001, 0.00685234, 0.0317774, 0.0528439, 0.0682524, 0.0808627, 0.111261, 0.204806, 0.245566, 0.255897, 1, 

Solution 2: N total=86 (N_initial=56, N_added=30), Time total=208 ms, Saved to: ./results/SPINV_t2_l2_pareto_2.csv, percents=0.001, 0.00685234, 0.0140099, 0.0581704, 0.116501, 0.122127, 0.204806, 0.245566, 0.255897, 1, 

Solution 3: N total=85 (N_initial=56, N_added=29), Time total=219 ms, Saved to: ./results/SPINV_t2_l2_pareto_3.csv, percents=0.001, 0.00685234, 0.0140099, 0.0581704, 0.116501, 0.111261, 0.204806, 0.171378, 0.162492, 0.248229, 1, 

Solution 4: N total=94 (N_initial=56, N_added=38), Time total=181 ms, Saved to: ./results/SPINV_t2_l2_pareto_4.csv, percents=0.001, 0.00685234, 0.0317774, 0.0528439, 0.0682524, 0.122127, 0.111261, 0.160244, 0.162492, 0.248229, 0.480439, 0.564909, 0.569034, 0.984145, 1, 

Solution 5: N total=89 (N_initial=56, N_added=33), Time total=187 ms, Saved to: ./results/SPINV_t2_l2_pareto_5.csv, percents=0.001, 0.00685234, 0.0317774, 0.0528439, 0.0682524, 0.0808627, 0.1069, 0.160244, 0.245566, 0.781692, 1, 

------------d=1, t=2, lambda=3, filename=./evaluation/SPINV/SPINV_2_3.csv------------
Grouping d-sets by partitioned row counts for detecting arrays...
Ready to look at pairs for detecting arrays...
First Stage N=64, Time=20
There are 2897 remaining non-locating pairs
--- Running GA Algorithm (phase2) ---
Running GA with std::execution::par
Generation #0
35,407,0.001, 0.0122165, 0.144024, 0.178237, 0.191309, 0.258171, 0.28615, 0.420449, 0.626867, 0.627949, 0.7283, 0.922637, 1, 

47,215,0.001, 0.0209001, 0.0308272, 0.0605867, 0.078701, 0.106169, 0.151835, 0.272539, 0.286025, 0.307498, 0.353574, 0.42968, 0.530226, 0.579639, 0.580568, 0.606541, 0.640715, 0.648126, 0.742092, 0.753535, 0.76711, 0.808243, 0.843017, 0.963518, 0.98583, 1, 

37,267,0.001, 0.0462592, 0.0466322, 0.0611101, 0.0715845, 0.0745985, 0.149707, 0.384002, 0.48434, 0.573438, 0.573787, 0.581158, 0.682138, 0.917803, 1, 

Generation #1
36,182,0.001, 0.0163854, 0.0527625, 0.0551223, 0.0652992, 0.0939438, 0.101853, 0.115693, 0.121594, 0.131407, 0.172391, 0.241421, 0.282009, 0.282209, 0.29442, 0.30193, 0.30544, 1, 

34,278,0.001, 0.0418342, 0.115653, 0.12299, 0.127004, 0.130751, 0.146802, 0.385707, 0.271717, 0.873577, 1, 

Generation #2
36,182,0.001, 0.0163854, 0.0527625, 0.0551223, 0.0652992, 0.0939438, 0.101853, 0.115693, 0.121594, 0.131407, 0.172391, 0.241421, 0.282009, 0.282209, 0.29442, 0.30193, 0.30544, 1, 

34,268,0.001, 0.0194098, 0.0896898, 0.105244, 0.140994, 0.17852, 0.303513, 0.388343, 0.271717, 0.0832171, 1, 

39,171,0.001, 0.01111, 0.0139061, 0.0164027, 0.0754405, 0.143771, 0.211009, 0.306337, 0.396609, 0.402779, 0.453488, 0.528966, 0.600836, 0.732033, 0.766592, 0.990873, 1, 

41,168,0.001, 0.0163854, 0.0527625, 0.0551223, 0.0652992, 0.0939438, 0.101853, 0.115693, 0.121594, 0.131407, 0.172391, 0.241421, 0.623784, 0.642657, 0.798893, 0.012319, 0.844676, 0.874405, 0.961132, 1, 

48,151,0.001, 0.0209001, 0.0308272, 0.0605867, 0.078701, 0.106169, 0.151835, 0.272539, 0.286025, 0.307498, 0.353574, 0.42968, 0.530226, 0.579639, 0.580568, 0.606541, 0.640715, 0.648126, 0.742092, 0.753535, 0.76711, 0.808243, 0.843017, 0.963518, 0.98583, 1, 

Generation #3
36,182,0.001, 0.0163854, 0.0527625, 0.0551223, 0.0652992, 0.0939438, 0.101853, 0.115693, 0.121594, 0.131407, 0.172391, 0.241421, 0.282009, 0.282209, 0.29442, 0.30193, 0.30544, 1, 

34,268,0.001, 0.0194098, 0.0896898, 0.105244, 0.140994, 0.17852, 0.303513, 0.388343, 0.271717, 0.0832171, 1, 

39,171,0.001, 0.01111, 0.0139061, 0.0164027, 0.0754405, 0.143771, 0.211009, 0.306337, 0.396609, 0.402779, 0.453488, 0.528966, 0.600836, 0.732033, 0.766592, 0.990873, 1, 

41,168,0.001, 0.0163854, 0.0527625, 0.0551223, 0.0652992, 0.0939438, 0.101853, 0.115693, 0.121594, 0.131407, 0.172391, 0.241421, 0.623784, 0.642657, 0.798893, 0.012319, 0.844676, 0.874405, 0.961132, 1, 

48,151,0.001, 0.0209001, 0.0308272, 0.0605867, 0.078701, 0.106169, 0.151835, 0.272539, 0.286025, 0.307498, 0.353574, 0.42968, 0.530226, 0.579639, 0.580568, 0.606541, 0.640715, 0.648126, 0.742092, 0.753535, 0.76711, 0.808243, 0.843017, 0.963518, 0.98583, 1, 

35,233,0.001, 0.0209001, 0.0308272, 0.0605867, 0.078701, 0.106169, 0.151835, 0.385707, 0.271717, 0.873577, 1, 

Generation #4
39,171,0.001, 0.01111, 0.0139061, 0.0164027, 0.0754405, 0.143771, 0.211009, 0.306337, 0.396609, 0.402779, 0.453488, 0.528966, 0.600836, 0.732033, 0.766592, 0.990873, 1, 

41,168,0.001, 0.0163854, 0.0527625, 0.0551223, 0.0652992, 0.0939438, 0.101853, 0.115693, 0.121594, 0.131407, 0.172391, 0.241421, 0.623784, 0.642657, 0.798893, 0.012319, 0.844676, 0.874405, 0.961132, 1, 

48,151,0.001, 0.0209001, 0.0308272, 0.0605867, 0.078701, 0.106169, 0.151835, 0.272539, 0.286025, 0.307498, 0.353574, 0.42968, 0.530226, 0.579639, 0.580568, 0.606541, 0.640715, 0.648126, 0.742092, 0.753535, 0.76711, 0.808243, 0.843017, 0.963518, 0.98583, 1, 

35,182,0.001, 0.0163854, 0.0527625, 0.0551223, 0.0652992, 0.0939438, 0.211009, 0.306337, 0.396609, 0.873577, 1, 

33,202,0.001, 0.0209001, 0.0308272, 0.0605867, 0.078701, 0.106169, 0.151835, 0.272539, 0.286025, 0.349089, 1, 

36,173,0.001, 0.01111, 0.0139061, 0.0164027, 0.0754405, 0.143771, 0.129075, 0.211009, 0.306337, 0.396609, 0.873577, 1, 

Generation #5
48,151,0.001, 0.0209001, 0.0308272, 0.0605867, 0.078701, 0.106169, 0.151835, 0.272539, 0.286025, 0.307498, 0.353574, 0.42968, 0.530226, 0.579639, 0.580568, 0.606541, 0.640715, 0.648126, 0.742092, 0.753535, 0.76711, 0.808243, 0.843017, 0.963518, 0.98583, 1, 

31,164,0.001, 0.0209001, 0.0308272, 0.0605867, 0.078701, 0.106169, 0.151835, 0.272539, 0.286025, 0.873577, 1, 

Generation #6
48,151,0.001, 0.0209001, 0.0308272, 0.0605867, 0.078701, 0.106169, 0.151835, 0.272539, 0.286025, 0.307498, 0.353574, 0.42968, 0.530226, 0.579639, 0.580568, 0.606541, 0.640715, 0.648126, 0.742092, 0.753535, 0.76711, 0.808243, 0.843017, 0.963518, 0.98583, 1, 

31,164,0.001, 0.0209001, 0.0308272, 0.0605867, 0.078701, 0.106169, 0.151835, 0.272539, 0.286025, 0.873577, 1, 

Generation #7
48,151,0.001, 0.0209001, 0.0308272, 0.0605867, 0.078701, 0.106169, 0.151835, 0.272539, 0.286025, 0.307498, 0.353574, 0.42968, 0.530226, 0.579639, 0.580568, 0.606541, 0.640715, 0.648126, 0.742092, 0.753535, 0.76711, 0.808243, 0.843017, 0.963518, 0.98583, 1, 

31,164,0.001, 0.0209001, 0.0308272, 0.0605867, 0.078701, 0.106169, 0.151835, 0.272539, 0.286025, 0.873577, 1, 

37,156,0.001, 0.0163854, 0.0442593, 0.0551223, 0.0652992, 0.0939438, 0.101853, 0.115693, 0.121594, 0.131407, 0.806534, 0.946205, 0.596981, 1, 

Generation #8
48,151,0.001, 0.0209001, 0.0308272, 0.0605867, 0.078701, 0.106169, 0.151835, 0.272539, 0.286025, 0.307498, 0.353574, 0.42968, 0.530226, 0.579639, 0.580568, 0.606541, 0.640715, 0.648126, 0.742092, 0.753535, 0.76711, 0.808243, 0.843017, 0.963518, 0.98583, 1, 

31,164,0.001, 0.0209001, 0.0308272, 0.0605867, 0.078701, 0.106169, 0.151835, 0.272539, 0.286025, 0.873577, 1, 

37,156,0.001, 0.0163854, 0.0442593, 0.0551223, 0.0652992, 0.0939438, 0.101853, 0.115693, 0.121594, 0.131407, 0.806534, 0.946205, 0.596981, 1, 

Generation #9
31,164,0.001, 0.0209001, 0.0308272, 0.0605867, 0.078701, 0.106169, 0.151835, 0.272539, 0.286025, 0.873577, 1, 

35,144,0.001, 0.01111, 0.0139061, 0.0164027, 0.078701, 0.106169, 0.151835, 0.272539, 0.286025, 0.307498, 0.353574, 0.42968, 0.682138, 0.917803, 1, 

50,136,0.001, 0.0163854, 0.0551223, 0.0551223, 0.0652992, 0.0939438, 0.101853, 0.115693, 0.121594, 0.131407, 0.172391, 0.241421, 0.282009, 0.282209, 0.29442, 0.30193, 0.30544, 0.409692, 0.425285, 0.430205, 0.503222, 0.56707, 0.714466, 0.744206, 0.781962, 0.796418, 0.811089, 0.869949, 0.91054, 1, 

Generation #10
31,164,0.001, 0.0209001, 0.0308272, 0.0605867, 0.078701, 0.106169, 0.151835, 0.272539, 0.286025, 0.873577, 1, 

35,144,0.001, 0.01111, 0.0139061, 0.0164027, 0.078701, 0.106169, 0.151835, 0.272539, 0.286025, 0.307498, 0.353574, 0.42968, 0.682138, 0.917803, 1, 

50,136,0.001, 0.0163854, 0.0551223, 0.0551223, 0.0652992, 0.0939438, 0.101853, 0.115693, 0.121594, 0.131407, 0.172391, 0.241421, 0.282009, 0.282209, 0.29442, 0.30193, 0.30544, 0.409692, 0.425285, 0.430205, 0.503222, 0.56707, 0.714466, 0.744206, 0.781962, 0.796418, 0.811089, 0.869949, 0.91054, 1, 

Generation #11
31,164,0.001, 0.0209001, 0.0308272, 0.0605867, 0.078701, 0.106169, 0.151835, 0.272539, 0.286025, 0.873577, 1, 

35,144,0.001, 0.01111, 0.0139061, 0.0164027, 0.078701, 0.106169, 0.151835, 0.272539, 0.286025, 0.307498, 0.353574, 0.42968, 0.682138, 0.917803, 1, 

50,136,0.001, 0.0163854, 0.0551223, 0.0551223, 0.0652992, 0.0939438, 0.101853, 0.115693, 0.121594, 0.131407, 0.172391, 0.241421, 0.282009, 0.282209, 0.29442, 0.30193, 0.30544, 0.409692, 0.425285, 0.430205, 0.503222, 0.56707, 0.714466, 0.744206, 0.781962, 0.796418, 0.811089, 0.869949, 0.91054, 1, 

Generation #12
31,164,0.001, 0.0209001, 0.0308272, 0.0605867, 0.078701, 0.106169, 0.151835, 0.272539, 0.286025, 0.873577, 1, 

35,144,0.001, 0.01111, 0.0139061, 0.0164027, 0.078701, 0.106169, 0.151835, 0.272539, 0.286025, 0.307498, 0.353574, 0.42968, 0.682138, 0.917803, 1, 

50,136,0.001, 0.0163854, 0.0551223, 0.0551223, 0.0652992, 0.0939438, 0.101853, 0.115693, 0.121594, 0.131407, 0.172391, 0.241421, 0.282009, 0.282209, 0.29442, 0.30193, 0.30544, 0.409692, 0.425285, 0.430205, 0.503222, 0.56707, 0.714466, 0.744206, 0.781962, 0.796418, 0.811089, 0.869949, 0.91054, 1, 

34,161,0.001, 0.0209001, 0.0308272, 0.0551223, 0.0652992, 0.0939438, 0.211009, 0.115693, 0.147254, 0.121594, 0.0832171, 1, 

Generation #13
31,164,0.001, 0.0209001, 0.0308272, 0.0605867, 0.078701, 0.106169, 0.151835, 0.272539, 0.286025, 0.873577, 1, 

35,144,0.001, 0.01111, 0.0139061, 0.0164027, 0.078701, 0.106169, 0.151835, 0.272539, 0.286025, 0.307498, 0.353574, 0.42968, 0.682138, 0.917803, 1, 

50,136,0.001, 0.0163854, 0.0551223, 0.0551223, 0.0652992, 0.0939438, 0.101853, 0.115693, 0.121594, 0.131407, 0.172391, 0.241421, 0.282009, 0.282209, 0.29442, 0.30193, 0.30544, 0.409692, 0.425285, 0.430205, 0.503222, 0.56707, 0.714466, 0.744206, 0.781962, 0.796418, 0.811089, 0.869949, 0.91054, 1, 

34,161,0.001, 0.0209001, 0.0308272, 0.0551223, 0.0652992, 0.0939438, 0.211009, 0.115693, 0.147254, 0.121594, 0.0832171, 1, 

Generation #14
31,164,0.001, 0.0209001, 0.0308272, 0.0605867, 0.078701, 0.106169, 0.151835, 0.272539, 0.286025, 0.873577, 1, 

35,144,0.001, 0.01111, 0.0139061, 0.0164027, 0.078701, 0.106169, 0.151835, 0.272539, 0.286025, 0.307498, 0.353574, 0.42968, 0.682138, 0.917803, 1, 

50,136,0.001, 0.0163854, 0.0551223, 0.0551223, 0.0652992, 0.0939438, 0.101853, 0.115693, 0.121594, 0.131407, 0.172391, 0.241421, 0.282009, 0.282209, 0.29442, 0.30193, 0.30544, 0.409692, 0.425285, 0.430205, 0.503222, 0.56707, 0.714466, 0.744206, 0.781962, 0.796418, 0.811089, 0.869949, 0.91054, 1, 

34,161,0.001, 0.0209001, 0.0308272, 0.0551223, 0.0652992, 0.0939438, 0.211009, 0.115693, 0.147254, 0.121594, 0.0832171, 1, 

Generation #15
31,164,0.001, 0.0209001, 0.0308272, 0.0605867, 0.078701, 0.106169, 0.151835, 0.272539, 0.286025, 0.873577, 1, 

35,144,0.001, 0.01111, 0.0139061, 0.0164027, 0.078701, 0.106169, 0.151835, 0.272539, 0.286025, 0.307498, 0.353574, 0.42968, 0.682138, 0.917803, 1, 

50,136,0.001, 0.0163854, 0.0551223, 0.0551223, 0.0652992, 0.0939438, 0.101853, 0.115693, 0.121594, 0.131407, 0.172391, 0.241421, 0.282009, 0.282209, 0.29442, 0.30193, 0.30544, 0.409692, 0.425285, 0.430205, 0.503222, 0.56707, 0.714466, 0.744206, 0.781962, 0.796418, 0.811089, 0.869949, 0.91054, 1, 

48,138,0.001, 0.01111, 0.0139061, 0.0164027, 0.0652992, 0.0939438, 0.101853, 0.115693, 0.121594, 0.131407, 0.172391, 0.241421, 0.282009, 0.282209, 0.29442, 0.30193, 0.30544, 0.409692, 0.425285, 0.430205, 0.503222, 0.56707, 0.714466, 0.744206, 0.781962, 0.796418, 0.811089, 0.869949, 0.91054, 1, 

33,153,0.001, 0.01111, 0.0308272, 0.0605867, 0.0652992, 0.0939438, 0.101853, 0.115693, 0.131407, 0.28018, 1, 

Generation #16
31,164,0.001, 0.0209001, 0.0308272, 0.0605867, 0.078701, 0.106169, 0.151835, 0.272539, 0.286025, 0.873577, 1, 

35,144,0.001, 0.01111, 0.0139061, 0.0164027, 0.078701, 0.106169, 0.151835, 0.272539, 0.286025, 0.307498, 0.353574, 0.42968, 0.682138, 0.917803, 1, 

50,136,0.001, 0.0163854, 0.0551223, 0.0551223, 0.0652992, 0.0939438, 0.101853, 0.115693, 0.121594, 0.131407, 0.172391, 0.241421, 0.282009, 0.282209, 0.29442, 0.30193, 0.30544, 0.409692, 0.425285, 0.430205, 0.503222, 0.56707, 0.714466, 0.744206, 0.781962, 0.796418, 0.811089, 0.869949, 0.91054, 1, 

48,138,0.001, 0.01111, 0.0139061, 0.0164027, 0.0652992, 0.0939438, 0.101853, 0.115693, 0.121594, 0.131407, 0.172391, 0.241421, 0.282009, 0.282209, 0.29442, 0.30193, 0.30544, 0.409692, 0.425285, 0.430205, 0.503222, 0.56707, 0.714466, 0.744206, 0.781962, 0.796418, 0.811089, 0.869949, 0.91054, 1, 

33,153,0.001, 0.01111, 0.0308272, 0.0605867, 0.0652992, 0.0939438, 0.101853, 0.115693, 0.131407, 0.28018, 1, 

Generation #17
31,164,0.001, 0.0209001, 0.0308272, 0.0605867, 0.078701, 0.106169, 0.151835, 0.272539, 0.286025, 0.873577, 1, 

35,144,0.001, 0.01111, 0.0139061, 0.0164027, 0.078701, 0.106169, 0.151835, 0.272539, 0.286025, 0.307498, 0.353574, 0.42968, 0.682138, 0.917803, 1, 

50,136,0.001, 0.0163854, 0.0551223, 0.0551223, 0.0652992, 0.0939438, 0.101853, 0.115693, 0.121594, 0.131407, 0.172391, 0.241421, 0.282009, 0.282209, 0.29442, 0.30193, 0.30544, 0.409692, 0.425285, 0.430205, 0.503222, 0.56707, 0.714466, 0.744206, 0.781962, 0.796418, 0.811089, 0.869949, 0.91054, 1, 

48,138,0.001, 0.01111, 0.0139061, 0.0164027, 0.0652992, 0.0939438, 0.101853, 0.115693, 0.121594, 0.131407, 0.172391, 0.241421, 0.282009, 0.282209, 0.29442, 0.30193, 0.30544, 0.409692, 0.425285, 0.430205, 0.503222, 0.56707, 0.714466, 0.744206, 0.781962, 0.796418, 0.811089, 0.869949, 0.91054, 1, 

33,153,0.001, 0.01111, 0.0308272, 0.0605867, 0.0652992, 0.0939438, 0.101853, 0.115693, 0.131407, 0.28018, 1, 

Generation #18
31,164,0.001, 0.0209001, 0.0308272, 0.0605867, 0.078701, 0.106169, 0.151835, 0.272539, 0.286025, 0.873577, 1, 

35,144,0.001, 0.01111, 0.0139061, 0.0164027, 0.078701, 0.106169, 0.151835, 0.272539, 0.286025, 0.307498, 0.353574, 0.42968, 0.682138, 0.917803, 1, 

50,136,0.001, 0.0163854, 0.0551223, 0.0551223, 0.0652992, 0.0939438, 0.101853, 0.115693, 0.121594, 0.131407, 0.172391, 0.241421, 0.282009, 0.282209, 0.29442, 0.30193, 0.30544, 0.409692, 0.425285, 0.430205, 0.503222, 0.56707, 0.714466, 0.744206, 0.781962, 0.796418, 0.811089, 0.869949, 0.91054, 1, 

48,138,0.001, 0.01111, 0.0139061, 0.0164027, 0.0652992, 0.0939438, 0.101853, 0.115693, 0.121594, 0.131407, 0.172391, 0.241421, 0.282009, 0.282209, 0.29442, 0.30193, 0.30544, 0.409692, 0.425285, 0.430205, 0.503222, 0.56707, 0.714466, 0.744206, 0.781962, 0.796418, 0.811089, 0.869949, 0.91054, 1, 

33,153,0.001, 0.01111, 0.0308272, 0.0605867, 0.0652992, 0.0939438, 0.101853, 0.115693, 0.131407, 0.28018, 1, 

Generation #19
31,164,0.001, 0.0209001, 0.0308272, 0.0605867, 0.078701, 0.106169, 0.151835, 0.272539, 0.286025, 0.873577, 1, 

35,144,0.001, 0.01111, 0.0139061, 0.0164027, 0.078701, 0.106169, 0.151835, 0.272539, 0.286025, 0.307498, 0.353574, 0.42968, 0.682138, 0.917803, 1, 

33,153,0.001, 0.01111, 0.0308272, 0.0605867, 0.0652992, 0.0939438, 0.101853, 0.115693, 0.131407, 0.28018, 1, 

37,133,0.001, 0.01111, 0.0139061, 0.0164027, 0.0652992, 0.0939438, 0.101853, 0.115693, 0.121594, 0.131407, 0.172391, 0.241421, 0.282009, 0.282209, 0.29442, 0.30193, 0.30544, 1, 

Generation #20
31,164,0.001, 0.0209001, 0.0308272, 0.0605867, 0.078701, 0.106169, 0.151835, 0.272539, 0.286025, 0.873577, 1, 

35,144,0.001, 0.01111, 0.0139061, 0.0164027, 0.078701, 0.106169, 0.151835, 0.272539, 0.286025, 0.307498, 0.353574, 0.42968, 0.682138, 0.917803, 1, 

33,153,0.001, 0.01111, 0.0308272, 0.0605867, 0.0652992, 0.0939438, 0.101853, 0.115693, 0.131407, 0.28018, 1, 

37,133,0.001, 0.01111, 0.0139061, 0.0164027, 0.0652992, 0.0939438, 0.101853, 0.115693, 0.121594, 0.131407, 0.172391, 0.241421, 0.282009, 0.282209, 0.29442, 0.30193, 0.30544, 1, 

Generation #21
31,164,0.001, 0.0209001, 0.0308272, 0.0605867, 0.078701, 0.106169, 0.151835, 0.272539, 0.286025, 0.873577, 1, 

35,144,0.001, 0.01111, 0.0139061, 0.0164027, 0.078701, 0.106169, 0.151835, 0.272539, 0.286025, 0.307498, 0.353574, 0.42968, 0.682138, 0.917803, 1, 

33,153,0.001, 0.01111, 0.0308272, 0.0605867, 0.0652992, 0.0939438, 0.101853, 0.115693, 0.131407, 0.28018, 1, 

37,133,0.001, 0.01111, 0.0139061, 0.0164027, 0.0652992, 0.0939438, 0.101853, 0.115693, 0.121594, 0.131407, 0.172391, 0.241421, 0.282009, 0.282209, 0.29442, 0.30193, 0.30544, 1, 

34,146,0.001, 0.01111, 0.0139061, 0.0164027, 0.0652992, 0.0939438, 0.101853, 0.115693, 0.121594, 0.131407, 0.172391, 0.241421, 0.682138, 0.917803, 1, 

Generation #22
31,164,0.001, 0.0209001, 0.0308272, 0.0605867, 0.078701, 0.106169, 0.151835, 0.272539, 0.286025, 0.873577, 1, 

37,133,0.001, 0.01111, 0.0139061, 0.0164027, 0.0652992, 0.0939438, 0.101853, 0.115693, 0.121594, 0.131407, 0.172391, 0.241421, 0.282009, 0.282209, 0.29442, 0.30193, 0.30544, 1, 

35,135,0.001, 0.01111, 0.0139061, 0.0164027, 0.0652992, 0.0939438, 0.101853, 0.115693, 0.121594, 0.131407, 0.172391, 0.241421, 0.282009, 0.917803, 1, 

33,139,0.001, 0.01111, 0.0139061, 0.0164027, 0.0652992, 0.0939438, 0.101853, 0.272539, 0.286025, 0.349089, 1, 

Generation #23
31,164,0.001, 0.0209001, 0.0308272, 0.0605867, 0.078701, 0.106169, 0.151835, 0.272539, 0.286025, 0.873577, 1, 

37,133,0.001, 0.01111, 0.0139061, 0.0164027, 0.0652992, 0.0939438, 0.101853, 0.115693, 0.121594, 0.131407, 0.172391, 0.241421, 0.282009, 0.282209, 0.29442, 0.30193, 0.30544, 1, 

35,135,0.001, 0.01111, 0.0139061, 0.0164027, 0.0652992, 0.0939438, 0.101853, 0.115693, 0.121594, 0.131407, 0.172391, 0.241421, 0.282009, 0.917803, 1, 

33,139,0.001, 0.01111, 0.0139061, 0.0164027, 0.0652992, 0.0939438, 0.101853, 0.272539, 0.286025, 0.349089, 1, 

Generation #24
31,164,0.001, 0.0209001, 0.0308272, 0.0605867, 0.078701, 0.106169, 0.151835, 0.272539, 0.286025, 0.873577, 1, 

37,133,0.001, 0.01111, 0.0139061, 0.0164027, 0.0652992, 0.0939438, 0.101853, 0.115693, 0.121594, 0.131407, 0.172391, 0.241421, 0.282009, 0.282209, 0.29442, 0.30193, 0.30544, 1, 

35,135,0.001, 0.01111, 0.0139061, 0.0164027, 0.0652992, 0.0939438, 0.101853, 0.115693, 0.121594, 0.131407, 0.172391, 0.241421, 0.282009, 0.917803, 1, 

33,139,0.001, 0.01111, 0.0139061, 0.0164027, 0.0652992, 0.0939438, 0.101853, 0.272539, 0.286025, 0.349089, 1, 

Generation #25
31,164,0.001, 0.0209001, 0.0308272, 0.0605867, 0.078701, 0.106169, 0.151835, 0.272539, 0.286025, 0.873577, 1, 

37,133,0.001, 0.01111, 0.0139061, 0.0164027, 0.0652992, 0.0939438, 0.101853, 0.115693, 0.121594, 0.131407, 0.172391, 0.241421, 0.282009, 0.282209, 0.29442, 0.30193, 0.30544, 1, 

35,135,0.001, 0.01111, 0.0139061, 0.0164027, 0.0652992, 0.0939438, 0.101853, 0.115693, 0.121594, 0.131407, 0.172391, 0.241421, 0.282009, 0.917803, 1, 

33,139,0.001, 0.01111, 0.0139061, 0.0164027, 0.0652992, 0.0939438, 0.101853, 0.272539, 0.286025, 0.349089, 1, 

Generation #26
31,164,0.001, 0.0209001, 0.0308272, 0.0605867, 0.078701, 0.106169, 0.151835, 0.272539, 0.286025, 0.873577, 1, 

37,133,0.001, 0.01111, 0.0139061, 0.0164027, 0.0652992, 0.0939438, 0.101853, 0.115693, 0.121594, 0.131407, 0.172391, 0.241421, 0.282009, 0.282209, 0.29442, 0.30193, 0.30544, 1, 

35,135,0.001, 0.01111, 0.0139061, 0.0164027, 0.0652992, 0.0939438, 0.101853, 0.115693, 0.121594, 0.131407, 0.172391, 0.241421, 0.282009, 0.917803, 1, 

33,139,0.001, 0.01111, 0.0139061, 0.0164027, 0.0652992, 0.0939438, 0.101853, 0.272539, 0.286025, 0.349089, 1, 

32,157,0.001, 0.0163854, 0.0551223, 0.0652992, 0.0939438, 0.101853, 0.115693, 0.121594, 0.131407, 0.172391, 1, 

49,128,0.001, 0.01111, 0.0139061, 0.0164027, 0.0652992, 0.0939438, 0.101853, 0.115693, 0.121594, 0.131407, 0.172391, 0.241421, 0.282009, 0.282209, 0.29442, 0.30193, 0.30544, 0.409692, 0.425285, 0.430205, 0.503222, 0.56707, 0.714466, 0.744206, 0.781962, 0.796418, 0.811089, 0.869949, 0.91054, 1, 

Generation #27
31,164,0.001, 0.0209001, 0.0308272, 0.0605867, 0.078701, 0.106169, 0.151835, 0.272539, 0.286025, 0.873577, 1, 

37,133,0.001, 0.01111, 0.0139061, 0.0164027, 0.0652992, 0.0939438, 0.101853, 0.115693, 0.121594, 0.131407, 0.172391, 0.241421, 0.282009, 0.282209, 0.29442, 0.30193, 0.30544, 1, 

35,135,0.001, 0.01111, 0.0139061, 0.0164027, 0.0652992, 0.0939438, 0.101853, 0.115693, 0.121594, 0.131407, 0.172391, 0.241421, 0.282009, 0.917803, 1, 

49,128,0.001, 0.01111, 0.0139061, 0.0164027, 0.0652992, 0.0939438, 0.101853, 0.115693, 0.121594, 0.131407, 0.172391, 0.241421, 0.282009, 0.282209, 0.29442, 0.30193, 0.30544, 0.409692, 0.425285, 0.430205, 0.503222, 0.56707, 0.714466, 0.744206, 0.781962, 0.796418, 0.811089, 0.869949, 0.91054, 1, 

32,138,0.001, 0.01111, 0.0139061, 0.0164027, 0.0652992, 0.0939438, 0.101853, 0.115693, 0.121594, 0.131407, 0.172391, 0.241421, 0.682138, 0.917803, 1, 

Generation #28
31,164,0.001, 0.0209001, 0.0308272, 0.0605867, 0.078701, 0.106169, 0.151835, 0.272539, 0.286025, 0.873577, 1, 

37,133,0.001, 0.01111, 0.0139061, 0.0164027, 0.0652992, 0.0939438, 0.101853, 0.115693, 0.121594, 0.131407, 0.172391, 0.241421, 0.282009, 0.282209, 0.29442, 0.30193, 0.30544, 1, 

35,135,0.001, 0.01111, 0.0139061, 0.0164027, 0.0652992, 0.0939438, 0.101853, 0.115693, 0.121594, 0.131407, 0.172391, 0.241421, 0.282009, 0.917803, 1, 

49,128,0.001, 0.01111, 0.0139061, 0.0164027, 0.0652992, 0.0939438, 0.101853, 0.115693, 0.121594, 0.131407, 0.172391, 0.241421, 0.282009, 0.282209, 0.29442, 0.30193, 0.30544, 0.409692, 0.425285, 0.430205, 0.503222, 0.56707, 0.714466, 0.744206, 0.781962, 0.796418, 0.811089, 0.869949, 0.91054, 1, 

32,138,0.001, 0.01111, 0.0139061, 0.0164027, 0.0652992, 0.0939438, 0.101853, 0.115693, 0.121594, 0.131407, 0.172391, 0.241421, 0.682138, 0.917803, 1, 

Generation #29
31,164,0.001, 0.0209001, 0.0308272, 0.0605867, 0.078701, 0.106169, 0.151835, 0.272539, 0.286025, 0.873577, 1, 

37,133,0.001, 0.01111, 0.0139061, 0.0164027, 0.0652992, 0.0939438, 0.101853, 0.115693, 0.121594, 0.131407, 0.172391, 0.241421, 0.282009, 0.282209, 0.29442, 0.30193, 0.30544, 1, 

35,135,0.001, 0.01111, 0.0139061, 0.0164027, 0.0652992, 0.0939438, 0.101853, 0.115693, 0.121594, 0.131407, 0.172391, 0.241421, 0.282009, 0.917803, 1, 

49,128,0.001, 0.01111, 0.0139061, 0.0164027, 0.0652992, 0.0939438, 0.101853, 0.115693, 0.121594, 0.131407, 0.172391, 0.241421, 0.282009, 0.282209, 0.29442, 0.30193, 0.30544, 0.409692, 0.425285, 0.430205, 0.503222, 0.56707, 0.714466, 0.744206, 0.781962, 0.796418, 0.811089, 0.869949, 0.91054, 1, 

32,138,0.001, 0.01111, 0.0139061, 0.0164027, 0.0652992, 0.0939438, 0.101853, 0.115693, 0.121594, 0.131407, 0.172391, 0.241421, 0.682138, 0.917803, 1, 

30,178,0.001, 0.01111, 0.0139061, 0.0164027, 0.0652992, 0.0939438, 0.101853, 0.272539, 0.286025, 0.349089, 1, 

Generation #30
31,164,0.001, 0.0209001, 0.0308272, 0.0605867, 0.078701, 0.106169, 0.151835, 0.272539, 0.286025, 0.873577, 1, 

49,128,0.001, 0.01111, 0.0139061, 0.0164027, 0.0652992, 0.0939438, 0.101853, 0.115693, 0.121594, 0.131407, 0.172391, 0.241421, 0.282009, 0.282209, 0.29442, 0.30193, 0.30544, 0.409692, 0.425285, 0.430205, 0.503222, 0.56707, 0.714466, 0.744206, 0.781962, 0.796418, 0.811089, 0.869949, 0.91054, 1, 

30,178,0.001, 0.01111, 0.0139061, 0.0164027, 0.0652992, 0.0939438, 0.101853, 0.272539, 0.286025, 0.349089, 1, 

32,131,0.001, 0.01111, 0.0139061, 0.0164027, 0.0652992, 0.128572, 0.0939438, 0.101853, 0.115693, 0.121594, 0.131407, 0.172391, 0.241421, 1, 

Generation #31
31,164,0.001, 0.0209001, 0.0308272, 0.0605867, 0.078701, 0.106169, 0.151835, 0.272539, 0.286025, 0.873577, 1, 

30,178,0.001, 0.01111, 0.0139061, 0.0164027, 0.0652992, 0.0939438, 0.101853, 0.272539, 0.286025, 0.349089, 1, 

32,131,0.001, 0.01111, 0.0139061, 0.0164027, 0.0652992, 0.128572, 0.0939438, 0.101853, 0.115693, 0.121594, 0.131407, 0.172391, 0.241421, 1, 

38,126,0.001, 0.01111, 0.0139061, 0.0164027, 0.0652992, 0.0939438, 0.101853, 0.115693, 0.121594, 0.131407, 0.172391, 0.241421, 0.282009, 0.282209, 0.29442, 0.0759651, 0.240998, 1, 

Generation #32
31,164,0.001, 0.0209001, 0.0308272, 0.0605867, 0.078701, 0.106169, 0.151835, 0.272539, 0.286025, 0.873577, 1, 

30,178,0.001, 0.01111, 0.0139061, 0.0164027, 0.0652992, 0.0939438, 0.101853, 0.272539, 0.286025, 0.349089, 1, 

32,131,0.001, 0.01111, 0.0139061, 0.0164027, 0.0652992, 0.128572, 0.0939438, 0.101853, 0.115693, 0.121594, 0.131407, 0.172391, 0.241421, 1, 

38,126,0.001, 0.01111, 0.0139061, 0.0164027, 0.0652992, 0.0939438, 0.101853, 0.115693, 0.121594, 0.131407, 0.172391, 0.241421, 0.282009, 0.282209, 0.29442, 0.0759651, 0.240998, 1, 

34,127,0.001, 0.01111, 0.0139061, 0.0164027, 0.0652992, 0.128572, 0.0939438, 0.101853, 0.115693, 0.121594, 0.131407, 0.172391, 0.682138, 0.917803, 1, 

Generation #33
32,131,0.001, 0.01111, 0.0139061, 0.0164027, 0.0652992, 0.128572, 0.0939438, 0.101853, 0.115693, 0.121594, 0.131407, 0.172391, 0.241421, 1, 

38,126,0.001, 0.01111, 0.0139061, 0.0164027, 0.0652992, 0.0939438, 0.101853, 0.115693, 0.121594, 0.131407, 0.172391, 0.241421, 0.282009, 0.282209, 0.29442, 0.0759651, 0.240998, 1, 

34,127,0.001, 0.01111, 0.0139061, 0.0164027, 0.0652992, 0.128572, 0.0939438, 0.101853, 0.115693, 0.121594, 0.131407, 0.172391, 0.682138, 0.917803, 1, 

29,156,0.001, 0.01111, 0.0139061, 0.0164027, 0.0652992, 0.0939438, 0.101853, 0.115693, 0.121594, 0.172391, 1, 

Generation #34
32,131,0.001, 0.01111, 0.0139061, 0.0164027, 0.0652992, 0.128572, 0.0939438, 0.101853, 0.115693, 0.121594, 0.131407, 0.172391, 0.241421, 1, 

34,127,0.001, 0.01111, 0.0139061, 0.0164027, 0.0652992, 0.128572, 0.0939438, 0.101853, 0.115693, 0.121594, 0.131407, 0.172391, 0.682138, 0.917803, 1, 

29,156,0.001, 0.01111, 0.0139061, 0.0164027, 0.0652992, 0.0939438, 0.101853, 0.115693, 0.121594, 0.172391, 1, 

36,126,0.001, 0.01111, 0.0139061, 0.0164027, 0.0652992, 0.0939438, 0.101853, 0.115693, 0.121594, 0.131407, 0.172391, 0.241421, 0.282009, 0.282209, 0.29442, 0.30193, 0.30544, 1, 

Generation #35
32,131,0.001, 0.01111, 0.0139061, 0.0164027, 0.0652992, 0.128572, 0.0939438, 0.101853, 0.115693, 0.121594, 0.131407, 0.172391, 0.241421, 1, 

34,127,0.001, 0.01111, 0.0139061, 0.0164027, 0.0652992, 0.128572, 0.0939438, 0.101853, 0.115693, 0.121594, 0.131407, 0.172391, 0.682138, 0.917803, 1, 

29,156,0.001, 0.01111, 0.0139061, 0.0164027, 0.0652992, 0.0939438, 0.101853, 0.115693, 0.121594, 0.172391, 1, 

35,122,0.001, 0.01111, 0.0164027, 0.0164027, 0.0652992, 0.0939438, 0.101853, 0.115693, 0.121594, 0.131407, 0.172391, 0.241421, 0.282209, 0.29442, 0.0759651, 0.30544, 1, 

Generation #36
32,131,0.001, 0.01111, 0.0139061, 0.0164027, 0.0652992, 0.128572, 0.0939438, 0.101853, 0.115693, 0.121594, 0.131407, 0.172391, 0.241421, 1, 

34,127,0.001, 0.01111, 0.0139061, 0.0164027, 0.0652992, 0.128572, 0.0939438, 0.101853, 0.115693, 0.121594, 0.131407, 0.172391, 0.682138, 0.917803, 1, 

29,156,0.001, 0.01111, 0.0139061, 0.0164027, 0.0652992, 0.0939438, 0.101853, 0.115693, 0.121594, 0.172391, 1, 

35,122,0.001, 0.01111, 0.0164027, 0.0164027, 0.0652992, 0.0939438, 0.101853, 0.115693, 0.121594, 0.131407, 0.172391, 0.241421, 0.282209, 0.29442, 0.0759651, 0.30544, 1, 

Generation #37
32,131,0.001, 0.01111, 0.0139061, 0.0164027, 0.0652992, 0.128572, 0.0939438, 0.101853, 0.115693, 0.121594, 0.131407, 0.172391, 0.241421, 1, 

34,127,0.001, 0.01111, 0.0139061, 0.0164027, 0.0652992, 0.128572, 0.0939438, 0.101853, 0.115693, 0.121594, 0.131407, 0.172391, 0.682138, 0.917803, 1, 

29,156,0.001, 0.01111, 0.0139061, 0.0164027, 0.0652992, 0.0939438, 0.101853, 0.115693, 0.121594, 0.172391, 1, 

35,122,0.001, 0.01111, 0.0164027, 0.0164027, 0.0652992, 0.0939438, 0.101853, 0.115693, 0.121594, 0.131407, 0.172391, 0.241421, 0.282209, 0.29442, 0.0759651, 0.30544, 1, 

Generation #38
32,131,0.001, 0.01111, 0.0139061, 0.0164027, 0.0652992, 0.128572, 0.0939438, 0.101853, 0.115693, 0.121594, 0.131407, 0.172391, 0.241421, 1, 

34,127,0.001, 0.01111, 0.0139061, 0.0164027, 0.0652992, 0.128572, 0.0939438, 0.101853, 0.115693, 0.121594, 0.131407, 0.172391, 0.682138, 0.917803, 1, 

29,156,0.001, 0.01111, 0.0139061, 0.0164027, 0.0652992, 0.0939438, 0.101853, 0.115693, 0.121594, 0.172391, 1, 

35,122,0.001, 0.01111, 0.0164027, 0.0164027, 0.0652992, 0.0939438, 0.101853, 0.115693, 0.121594, 0.131407, 0.172391, 0.241421, 0.282209, 0.29442, 0.0759651, 0.30544, 1, 

38,121,0.001, 0.01111, 0.0139061, 0.0164027, 0.0652992, 0.0939438, 0.101853, 0.115693, 0.121594, 0.131407, 0.172391, 0.241421, 0.282009, 0.282209, 0.29442, 0.0759651, 0.240998, 1, 

Generation #39
32,131,0.001, 0.01111, 0.0139061, 0.0164027, 0.0652992, 0.128572, 0.0939438, 0.101853, 0.115693, 0.121594, 0.131407, 0.172391, 0.241421, 1, 

34,127,0.001, 0.01111, 0.0139061, 0.0164027, 0.0652992, 0.128572, 0.0939438, 0.101853, 0.115693, 0.121594, 0.131407, 0.172391, 0.682138, 0.917803, 1, 

29,156,0.001, 0.01111, 0.0139061, 0.0164027, 0.0652992, 0.0939438, 0.101853, 0.115693, 0.121594, 0.172391, 1, 

35,122,0.001, 0.01111, 0.0164027, 0.0164027, 0.0652992, 0.0939438, 0.101853, 0.115693, 0.121594, 0.131407, 0.172391, 0.241421, 0.282209, 0.29442, 0.0759651, 0.30544, 1, 

38,121,0.001, 0.01111, 0.0139061, 0.0164027, 0.0652992, 0.0939438, 0.101853, 0.115693, 0.121594, 0.131407, 0.172391, 0.241421, 0.282009, 0.282209, 0.29442, 0.0759651, 0.240998, 1, 

Generation #40
32,131,0.001, 0.01111, 0.0139061, 0.0164027, 0.0652992, 0.128572, 0.0939438, 0.101853, 0.115693, 0.121594, 0.131407, 0.172391, 0.241421, 1, 

34,127,0.001, 0.01111, 0.0139061, 0.0164027, 0.0652992, 0.128572, 0.0939438, 0.101853, 0.115693, 0.121594, 0.131407, 0.172391, 0.682138, 0.917803, 1, 

29,156,0.001, 0.01111, 0.0139061, 0.0164027, 0.0652992, 0.0939438, 0.101853, 0.115693, 0.121594, 0.172391, 1, 

35,122,0.001, 0.01111, 0.0164027, 0.0164027, 0.0652992, 0.0939438, 0.101853, 0.115693, 0.121594, 0.131407, 0.172391, 0.241421, 0.282209, 0.29442, 0.0759651, 0.30544, 1, 

38,121,0.001, 0.01111, 0.0139061, 0.0164027, 0.0652992, 0.0939438, 0.101853, 0.115693, 0.121594, 0.131407, 0.172391, 0.241421, 0.282009, 0.282209, 0.29442, 0.0759651, 0.240998, 1, 

Generation #41
32,131,0.001, 0.01111, 0.0139061, 0.0164027, 0.0652992, 0.128572, 0.0939438, 0.101853, 0.115693, 0.121594, 0.131407, 0.172391, 0.241421, 1, 

34,127,0.001, 0.01111, 0.0139061, 0.0164027, 0.0652992, 0.128572, 0.0939438, 0.101853, 0.115693, 0.121594, 0.131407, 0.172391, 0.682138, 0.917803, 1, 

29,156,0.001, 0.01111, 0.0139061, 0.0164027, 0.0652992, 0.0939438, 0.101853, 0.115693, 0.121594, 0.172391, 1, 

35,122,0.001, 0.01111, 0.0164027, 0.0164027, 0.0652992, 0.0939438, 0.101853, 0.115693, 0.121594, 0.131407, 0.172391, 0.241421, 0.282209, 0.29442, 0.0759651, 0.30544, 1, 

38,121,0.001, 0.01111, 0.0139061, 0.0164027, 0.0652992, 0.0939438, 0.101853, 0.115693, 0.121594, 0.131407, 0.172391, 0.241421, 0.282009, 0.282209, 0.29442, 0.0759651, 0.240998, 1, 

Generation #42
32,131,0.001, 0.01111, 0.0139061, 0.0164027, 0.0652992, 0.128572, 0.0939438, 0.101853, 0.115693, 0.121594, 0.131407, 0.172391, 0.241421, 1, 

34,127,0.001, 0.01111, 0.0139061, 0.0164027, 0.0652992, 0.128572, 0.0939438, 0.101853, 0.115693, 0.121594, 0.131407, 0.172391, 0.682138, 0.917803, 1, 

29,156,0.001, 0.01111, 0.0139061, 0.0164027, 0.0652992, 0.0939438, 0.101853, 0.115693, 0.121594, 0.172391, 1, 

35,122,0.001, 0.01111, 0.0164027, 0.0164027, 0.0652992, 0.0939438, 0.101853, 0.115693, 0.121594, 0.131407, 0.172391, 0.241421, 0.282209, 0.29442, 0.0759651, 0.30544, 1, 

38,121,0.001, 0.01111, 0.0139061, 0.0164027, 0.0652992, 0.0939438, 0.101853, 0.115693, 0.121594, 0.131407, 0.172391, 0.241421, 0.282009, 0.282209, 0.29442, 0.0759651, 0.240998, 1, 

Generation #43
32,131,0.001, 0.01111, 0.0139061, 0.0164027, 0.0652992, 0.128572, 0.0939438, 0.101853, 0.115693, 0.121594, 0.131407, 0.172391, 0.241421, 1, 

34,127,0.001, 0.01111, 0.0139061, 0.0164027, 0.0652992, 0.128572, 0.0939438, 0.101853, 0.115693, 0.121594, 0.131407, 0.172391, 0.682138, 0.917803, 1, 

29,156,0.001, 0.01111, 0.0139061, 0.0164027, 0.0652992, 0.0939438, 0.101853, 0.115693, 0.121594, 0.172391, 1, 

35,122,0.001, 0.01111, 0.0164027, 0.0164027, 0.0652992, 0.0939438, 0.101853, 0.115693, 0.121594, 0.131407, 0.172391, 0.241421, 0.282209, 0.29442, 0.0759651, 0.30544, 1, 

38,121,0.001, 0.01111, 0.0139061, 0.0164027, 0.0652992, 0.0939438, 0.101853, 0.115693, 0.121594, 0.131407, 0.172391, 0.241421, 0.282009, 0.282209, 0.29442, 0.0759651, 0.240998, 1, 

Generation #44
32,131,0.001, 0.01111, 0.0139061, 0.0164027, 0.0652992, 0.128572, 0.0939438, 0.101853, 0.115693, 0.121594, 0.131407, 0.172391, 0.241421, 1, 

34,127,0.001, 0.01111, 0.0139061, 0.0164027, 0.0652992, 0.128572, 0.0939438, 0.101853, 0.115693, 0.121594, 0.131407, 0.172391, 0.682138, 0.917803, 1, 

29,156,0.001, 0.01111, 0.0139061, 0.0164027, 0.0652992, 0.0939438, 0.101853, 0.115693, 0.121594, 0.172391, 1, 

35,122,0.001, 0.01111, 0.0164027, 0.0164027, 0.0652992, 0.0939438, 0.101853, 0.115693, 0.121594, 0.131407, 0.172391, 0.241421, 0.282209, 0.29442, 0.0759651, 0.30544, 1, 

38,121,0.001, 0.01111, 0.0139061, 0.0164027, 0.0652992, 0.0939438, 0.101853, 0.115693, 0.121594, 0.131407, 0.172391, 0.241421, 0.282009, 0.282209, 0.29442, 0.0759651, 0.240998, 1, 

Generation #45
32,131,0.001, 0.01111, 0.0139061, 0.0164027, 0.0652992, 0.128572, 0.0939438, 0.101853, 0.115693, 0.121594, 0.131407, 0.172391, 0.241421, 1, 

34,127,0.001, 0.01111, 0.0139061, 0.0164027, 0.0652992, 0.128572, 0.0939438, 0.101853, 0.115693, 0.121594, 0.131407, 0.172391, 0.682138, 0.917803, 1, 

29,156,0.001, 0.01111, 0.0139061, 0.0164027, 0.0652992, 0.0939438, 0.101853, 0.115693, 0.121594, 0.172391, 1, 

35,122,0.001, 0.01111, 0.0164027, 0.0164027, 0.0652992, 0.0939438, 0.101853, 0.115693, 0.121594, 0.131407, 0.172391, 0.241421, 0.282209, 0.29442, 0.0759651, 0.30544, 1, 

38,121,0.001, 0.01111, 0.0139061, 0.0164027, 0.0652992, 0.0939438, 0.101853, 0.115693, 0.121594, 0.131407, 0.172391, 0.241421, 0.282009, 0.282209, 0.29442, 0.0759651, 0.240998, 1, 

31,142,0.001, 0.01111, 0.0139061, 0.0605867, 0.0652992, 0.0939438, 0.101853, 0.115693, 0.131407, 0.28018, 1, 

Generation #46
32,131,0.001, 0.01111, 0.0139061, 0.0164027, 0.0652992, 0.128572, 0.0939438, 0.101853, 0.115693, 0.121594, 0.131407, 0.172391, 0.241421, 1, 

34,127,0.001, 0.01111, 0.0139061, 0.0164027, 0.0652992, 0.128572, 0.0939438, 0.101853, 0.115693, 0.121594, 0.131407, 0.172391, 0.682138, 0.917803, 1, 

29,156,0.001, 0.01111, 0.0139061, 0.0164027, 0.0652992, 0.0939438, 0.101853, 0.115693, 0.121594, 0.172391, 1, 

35,122,0.001, 0.01111, 0.0164027, 0.0164027, 0.0652992, 0.0939438, 0.101853, 0.115693, 0.121594, 0.131407, 0.172391, 0.241421, 0.282209, 0.29442, 0.0759651, 0.30544, 1, 

38,121,0.001, 0.01111, 0.0139061, 0.0164027, 0.0652992, 0.0939438, 0.101853, 0.115693, 0.121594, 0.131407, 0.172391, 0.241421, 0.282009, 0.282209, 0.29442, 0.0759651, 0.240998, 1, 

31,142,0.001, 0.01111, 0.0139061, 0.0605867, 0.0652992, 0.0939438, 0.101853, 0.115693, 0.131407, 0.28018, 1, 

Generation #47
32,131,0.001, 0.01111, 0.0139061, 0.0164027, 0.0652992, 0.128572, 0.0939438, 0.101853, 0.115693, 0.121594, 0.131407, 0.172391, 0.241421, 1, 

34,127,0.001, 0.01111, 0.0139061, 0.0164027, 0.0652992, 0.128572, 0.0939438, 0.101853, 0.115693, 0.121594, 0.131407, 0.172391, 0.682138, 0.917803, 1, 

29,156,0.001, 0.01111, 0.0139061, 0.0164027, 0.0652992, 0.0939438, 0.101853, 0.115693, 0.121594, 0.172391, 1, 

35,122,0.001, 0.01111, 0.0164027, 0.0164027, 0.0652992, 0.0939438, 0.101853, 0.115693, 0.121594, 0.131407, 0.172391, 0.241421, 0.282209, 0.29442, 0.0759651, 0.30544, 1, 

38,121,0.001, 0.01111, 0.0139061, 0.0164027, 0.0652992, 0.0939438, 0.101853, 0.115693, 0.121594, 0.131407, 0.172391, 0.241421, 0.282009, 0.282209, 0.29442, 0.0759651, 0.240998, 1, 

31,142,0.001, 0.01111, 0.0139061, 0.0605867, 0.0652992, 0.0939438, 0.101853, 0.115693, 0.131407, 0.28018, 1, 

49,115,0.001, 0.01111, 0.0139061, 0.0164027, 0.0652992, 0.0939438, 0.101853, 0.115693, 0.121594, 0.131407, 0.172391, 0.241421, 0.282009, 0.282209, 0.29442, 0.30193, 0.30544, 0.409692, 0.425285, 0.430205, 0.503222, 0.56707, 0.714466, 0.744206, 0.781962, 0.796418, 0.811089, 0.869949, 0.91054, 1, 

Generation #48
32,131,0.001, 0.01111, 0.0139061, 0.0164027, 0.0652992, 0.128572, 0.0939438, 0.101853, 0.115693, 0.121594, 0.131407, 0.172391, 0.241421, 1, 

34,127,0.001, 0.01111, 0.0139061, 0.0164027, 0.0652992, 0.128572, 0.0939438, 0.101853, 0.115693, 0.121594, 0.131407, 0.172391, 0.682138, 0.917803, 1, 

29,156,0.001, 0.01111, 0.0139061, 0.0164027, 0.0652992, 0.0939438, 0.101853, 0.115693, 0.121594, 0.172391, 1, 

35,122,0.001, 0.01111, 0.0164027, 0.0164027, 0.0652992, 0.0939438, 0.101853, 0.115693, 0.121594, 0.131407, 0.172391, 0.241421, 0.282209, 0.29442, 0.0759651, 0.30544, 1, 

38,121,0.001, 0.01111, 0.0139061, 0.0164027, 0.0652992, 0.0939438, 0.101853, 0.115693, 0.121594, 0.131407, 0.172391, 0.241421, 0.282009, 0.282209, 0.29442, 0.0759651, 0.240998, 1, 

31,142,0.001, 0.01111, 0.0139061, 0.0605867, 0.0652992, 0.0939438, 0.101853, 0.115693, 0.131407, 0.28018, 1, 

49,115,0.001, 0.01111, 0.0139061, 0.0164027, 0.0652992, 0.0939438, 0.101853, 0.115693, 0.121594, 0.131407, 0.172391, 0.241421, 0.282009, 0.282209, 0.29442, 0.30193, 0.30544, 0.409692, 0.425285, 0.430205, 0.503222, 0.56707, 0.714466, 0.744206, 0.781962, 0.796418, 0.811089, 0.869949, 0.91054, 1, 

Generation #49
32,131,0.001, 0.01111, 0.0139061, 0.0164027, 0.0652992, 0.128572, 0.0939438, 0.101853, 0.115693, 0.121594, 0.131407, 0.172391, 0.241421, 1, 

34,127,0.001, 0.01111, 0.0139061, 0.0164027, 0.0652992, 0.128572, 0.0939438, 0.101853, 0.115693, 0.121594, 0.131407, 0.172391, 0.682138, 0.917803, 1, 

29,156,0.001, 0.01111, 0.0139061, 0.0164027, 0.0652992, 0.0939438, 0.101853, 0.115693, 0.121594, 0.172391, 1, 

35,122,0.001, 0.01111, 0.0164027, 0.0164027, 0.0652992, 0.0939438, 0.101853, 0.115693, 0.121594, 0.131407, 0.172391, 0.241421, 0.282209, 0.29442, 0.0759651, 0.30544, 1, 

38,121,0.001, 0.01111, 0.0139061, 0.0164027, 0.0652992, 0.0939438, 0.101853, 0.115693, 0.121594, 0.131407, 0.172391, 0.241421, 0.282009, 0.282209, 0.29442, 0.0759651, 0.240998, 1, 

31,142,0.001, 0.01111, 0.0139061, 0.0605867, 0.0652992, 0.0939438, 0.101853, 0.115693, 0.131407, 0.28018, 1, 

49,115,0.001, 0.01111, 0.0139061, 0.0164027, 0.0652992, 0.0939438, 0.101853, 0.115693, 0.121594, 0.131407, 0.172391, 0.241421, 0.282009, 0.282209, 0.29442, 0.30193, 0.30544, 0.409692, 0.425285, 0.430205, 0.503222, 0.56707, 0.714466, 0.744206, 0.781962, 0.796418, 0.811089, 0.869949, 0.91054, 1, 

33,128,0.001, 0.01111, 0.0139061, 0.0164027, 0.0652992, 0.0939438, 0.101853, 0.115693, 0.121594, 0.131407, 0.172391, 0.241421, 0.282009, 0.282209, 1, 

--- Pareto Front Solutions ---
Solution 0: N total=96 (N_initial=64, N_added=32), Time total=151 ms, Saved to: ./results/SPINV_t2_l3_pareto_0.csv, percents=0.001, 0.01111, 0.0139061, 0.0164027, 0.0652992, 0.128572, 0.0939438, 0.101853, 0.115693, 0.121594, 0.131407, 0.172391, 0.241421, 1, 

Solution 1: N total=98 (N_initial=64, N_added=34), Time total=147 ms, Saved to: ./results/SPINV_t2_l3_pareto_1.csv, percents=0.001, 0.01111, 0.0139061, 0.0164027, 0.0652992, 0.128572, 0.0939438, 0.101853, 0.115693, 0.121594, 0.131407, 0.172391, 0.682138, 0.917803, 1, 

Solution 2: N total=93 (N_initial=64, N_added=29), Time total=176 ms, Saved to: ./results/SPINV_t2_l3_pareto_2.csv, percents=0.001, 0.01111, 0.0139061, 0.0164027, 0.0652992, 0.0939438, 0.101853, 0.115693, 0.121594, 0.172391, 1, 

Solution 3: N total=99 (N_initial=64, N_added=35), Time total=142 ms, Saved to: ./results/SPINV_t2_l3_pareto_3.csv, percents=0.001, 0.01111, 0.0164027, 0.0164027, 0.0652992, 0.0939438, 0.101853, 0.115693, 0.121594, 0.131407, 0.172391, 0.241421, 0.282209, 0.29442, 0.0759651, 0.30544, 1, 

Solution 4: N total=102 (N_initial=64, N_added=38), Time total=141 ms, Saved to: ./results/SPINV_t2_l3_pareto_4.csv, percents=0.001, 0.01111, 0.0139061, 0.0164027, 0.0652992, 0.0939438, 0.101853, 0.115693, 0.121594, 0.131407, 0.172391, 0.241421, 0.282009, 0.282209, 0.29442, 0.0759651, 0.240998, 1, 

Solution 5: N total=95 (N_initial=64, N_added=31), Time total=162 ms, Saved to: ./results/SPINV_t2_l3_pareto_5.csv, percents=0.001, 0.01111, 0.0139061, 0.0605867, 0.0652992, 0.0939438, 0.101853, 0.115693, 0.131407, 0.28018, 1, 

Solution 6: N total=113 (N_initial=64, N_added=49), Time total=135 ms, Saved to: ./results/SPINV_t2_l3_pareto_6.csv, percents=0.001, 0.01111, 0.0139061, 0.0164027, 0.0652992, 0.0939438, 0.101853, 0.115693, 0.121594, 0.131407, 0.172391, 0.241421, 0.282009, 0.282209, 0.29442, 0.30193, 0.30544, 0.409692, 0.425285, 0.430205, 0.503222, 0.56707, 0.714466, 0.744206, 0.781962, 0.796418, 0.811089, 0.869949, 0.91054, 1, 

Solution 7: N total=97 (N_initial=64, N_added=33), Time total=148 ms, Saved to: ./results/SPINV_t2_l3_pareto_7.csv, percents=0.001, 0.01111, 0.0139061, 0.0164027, 0.0652992, 0.0939438, 0.101853, 0.115693, 0.121594, 0.131407, 0.172391, 0.241421, 0.282009, 0.282209, 1, 

------------d=1, t=2, lambda=4, filename=./evaluation/SPINV/SPINV_2_4.csv------------
Grouping d-sets by partitioned row counts for detecting arrays...
Ready to look at pairs for detecting arrays...
First Stage N=82, Time=19
There are 2974 remaining non-locating pairs
--- Running GA Algorithm (phase2) ---
Running GA with std::execution::par
Generation #0
41,420,0.001, 0.0609641, 0.0951093, 0.109507, 0.144274, 0.195673, 0.278094, 0.286729, 0.393534, 0.554822, 0.746516, 0.783435, 0.971054, 1, 

49,255,0.001, 0.0203223, 0.0347956, 0.11945, 0.131366, 0.155303, 0.16527, 0.181227, 0.192371, 0.238463, 0.268643, 0.31175, 0.320744, 0.428804, 0.505548, 0.557991, 0.596833, 0.601205, 0.646553, 0.737602, 0.751997, 0.776953, 0.908064, 0.920036, 0.985878, 1, 

48,295,0.001, 0.0305838, 0.0393844, 0.0686089, 0.094718, 0.112952, 0.126876, 0.13194, 0.245246, 0.30509, 0.36916, 0.418918, 0.49421, 0.553712, 0.606992, 0.624778, 0.635167, 0.770186, 0.822566, 0.890038, 0.964983, 1, 

39,1045,0.001, 0.201364, 0.215835, 0.222841, 0.504351, 0.598503, 0.665719, 0.757443, 0.788494, 0.853185, 0.952012, 1, 

40,541,0.001, 0.0721038, 0.23161, 0.296739, 0.350447, 0.554928, 0.572225, 0.631039, 0.832681, 0.906806, 0.924545, 0.957411, 1, 

Generation #1
45,224,0.001, 0.0305838, 0.0393844, 0.0686089, 0.094718, 0.112952, 0.126876, 0.13194, 0.245246, 0.30509, 0.36916, 0.418918, 0.49421, 0.553712, 0.606992, 0.624778, 0.635167, 0.770186, 0.822566, 0.890038, 0.964983, 1, 

36,252,0.001, 0.0305838, 0.0393844, 0.0686089, 0.094718, 0.112952, 0.126876, 0.13194, 0.63373, 0.831079, 0.879157, 1, 

Generation #2
45,224,0.001, 0.0305838, 0.0393844, 0.0686089, 0.094718, 0.112952, 0.126876, 0.13194, 0.245246, 0.30509, 0.36916, 0.418918, 0.49421, 0.553712, 0.606992, 0.624778, 0.635167, 0.770186, 0.822566, 0.890038, 0.964983, 1, 

36,252,0.001, 0.0305838, 0.0393844, 0.0686089, 0.094718, 0.112952, 0.126876, 0.13194, 0.63373, 0.831079, 0.879157, 1, 

Generation #3
45,224,0.001, 0.0305838, 0.0393844, 0.0686089, 0.094718, 0.112952, 0.126876, 0.13194, 0.245246, 0.30509, 0.36916, 0.418918, 0.49421, 0.553712, 0.606992, 0.624778, 0.635167, 0.770186, 0.822566, 0.890038, 0.964983, 1, 

36,252,0.001, 0.0305838, 0.0393844, 0.0686089, 0.094718, 0.112952, 0.126876, 0.13194, 0.63373, 0.831079, 0.879157, 1, 

46,222,0.001, 0.0305838, 0.0393844, 0.0686089, 0.094718, 0.112952, 0.126876, 0.13194, 0.245246, 0.30509, 0.36916, 0.418918, 0.49421, 0.553712, 0.606992, 0.624778, 0.635167, 0.770186, 0.822566, 0.890038, 0.964983, 1, 

Generation #4
45,224,0.001, 0.0305838, 0.0393844, 0.0686089, 0.094718, 0.112952, 0.126876, 0.13194, 0.245246, 0.30509, 0.36916, 0.418918, 0.49421, 0.553712, 0.606992, 0.624778, 0.635167, 0.770186, 0.822566, 0.890038, 0.964983, 1, 

46,222,0.001, 0.0305838, 0.0393844, 0.0686089, 0.094718, 0.112952, 0.126876, 0.13194, 0.245246, 0.30509, 0.36916, 0.418918, 0.49421, 0.553712, 0.606992, 0.624778, 0.635167, 0.770186, 0.822566, 0.890038, 0.964983, 1, 

39,231,0.001, 0.0224155, 0.0703497, 0.117731, 0.134411, 0.183711, 0.369515, 0.410962, 0.439926, 0.563523, 0.58179, 1, 

36,241,0.001, 0.0305838, 0.0393844, 0.0686089, 0.094718, 0.112952, 0.126876, 0.13194, 0.63373, 0.618214, 0.665277, 1, 

37,232,0.001, 0.0203223, 0.0347956, 0.11945, 0.131366, 0.155303, 0.16527, 0.181227, 0.192371, 0.238463, 0.952012, 1, 

Generation #5
46,222,0.001, 0.0305838, 0.0393844, 0.0686089, 0.094718, 0.112952, 0.126876, 0.13194, 0.245246, 0.30509, 0.36916, 0.418918, 0.49421, 0.553712, 0.606992, 0.624778, 0.635167, 0.770186, 0.822566, 0.890038, 0.964983, 1, 

36,223,0.001, 0.0224155, 0.0703497, 0.130728, 0.144402, 0.150862, 0.183857, 0.369515, 0.245135, 0.354669, 0.467977, 0.548808, 1, 

Generation #6
46,222,0.001, 0.0305838, 0.0393844, 0.0686089, 0.094718, 0.112952, 0.126876, 0.13194, 0.245246, 0.30509, 0.36916, 0.418918, 0.49421, 0.553712, 0.606992, 0.624778, 0.635167, 0.770186, 0.822566, 0.890038, 0.964983, 1, 

36,223,0.001, 0.0224155, 0.0703497, 0.130728, 0.144402, 0.150862, 0.183857, 0.369515, 0.245135, 0.354669, 0.467977, 0.548808, 1, 

Generation #7
36,223,0.001, 0.0224155, 0.0703497, 0.130728, 0.144402, 0.150862, 0.183857, 0.369515, 0.245135, 0.354669, 0.467977, 0.548808, 1, 

34,243,0.001, 0.0224155, 0.0703497, 0.117731, 0.094718, 0.112952, 0.304341, 0.380591, 0.87439, 0.959061, 1, 

38,212,0.001, 0.0203223, 0.0347956, 0.0686089, 0.094718, 0.112952, 0.13194, 0.245246, 0.30509, 0.36916, 0.418918, 0.49421, 1, 

Generation #8
36,223,0.001, 0.0224155, 0.0703497, 0.130728, 0.144402, 0.150862, 0.183857, 0.369515, 0.245135, 0.354669, 0.467977, 0.548808, 1, 

34,243,0.001, 0.0224155, 0.0703497, 0.117731, 0.094718, 0.112952, 0.304341, 0.380591, 0.87439, 0.959061, 1, 

38,212,0.001, 0.0203223, 0.0347956, 0.0686089, 0.094718, 0.112952, 0.13194, 0.245246, 0.30509, 0.36916, 0.418918, 0.49421, 1, 

Generation #9
36,223,0.001, 0.0224155, 0.0703497, 0.130728, 0.144402, 0.150862, 0.183857, 0.369515, 0.245135, 0.354669, 0.467977, 0.548808, 1, 

34,243,0.001, 0.0224155, 0.0703497, 0.117731, 0.094718, 0.112952, 0.304341, 0.380591, 0.87439, 0.959061, 1, 

38,212,0.001, 0.0203223, 0.0347956, 0.0686089, 0.094718, 0.112952, 0.13194, 0.245246, 0.30509, 0.36916, 0.418918, 0.49421, 1, 

Generation #10
36,223,0.001, 0.0224155, 0.0703497, 0.130728, 0.144402, 0.150862, 0.183857, 0.369515, 0.245135, 0.354669, 0.467977, 0.548808, 1, 

34,243,0.001, 0.0224155, 0.0703497, 0.117731, 0.094718, 0.112952, 0.304341, 0.380591, 0.87439, 0.959061, 1, 

38,212,0.001, 0.0203223, 0.0347956, 0.0686089, 0.094718, 0.112952, 0.13194, 0.245246, 0.30509, 0.36916, 0.418918, 0.49421, 1, 

37,214,0.001, 0.0224155, 0.0703497, 0.117731, 0.094718, 0.112952, 0.13194, 0.245246, 0.30509, 0.36916, 0.418918, 0.49421, 1, 

Generation #11
36,223,0.001, 0.0224155, 0.0703497, 0.130728, 0.144402, 0.150862, 0.183857, 0.369515, 0.245135, 0.354669, 0.467977, 0.548808, 1, 

34,243,0.001, 0.0224155, 0.0703497, 0.117731, 0.094718, 0.112952, 0.304341, 0.380591, 0.87439, 0.959061, 1, 

38,212,0.001, 0.0203223, 0.0347956, 0.0686089, 0.094718, 0.112952, 0.13194, 0.245246, 0.30509, 0.36916, 0.418918, 0.49421, 1, 

37,214,0.001, 0.0224155, 0.0703497, 0.117731, 0.094718, 0.112952, 0.13194, 0.245246, 0.30509, 0.36916, 0.418918, 0.49421, 1, 

Generation #12
36,223,0.001, 0.0224155, 0.0703497, 0.130728, 0.144402, 0.150862, 0.183857, 0.369515, 0.245135, 0.354669, 0.467977, 0.548808, 1, 

34,243,0.001, 0.0224155, 0.0703497, 0.117731, 0.094718, 0.112952, 0.304341, 0.380591, 0.87439, 0.959061, 1, 

38,212,0.001, 0.0203223, 0.0347956, 0.0686089, 0.094718, 0.112952, 0.13194, 0.245246, 0.30509, 0.36916, 0.418918, 0.49421, 1, 

37,214,0.001, 0.0224155, 0.0703497, 0.117731, 0.094718, 0.112952, 0.13194, 0.245246, 0.30509, 0.36916, 0.418918, 0.49421, 1, 

51,203,0.001, 0.0203223, 0.0347956, 0.117731, 0.134411, 0.112952, 0.126876, 0.13194, 0.245246, 0.238463, 0.268643, 0.31175, 0.320744, 0.428804, 0.505548, 0.557991, 0.596833, 0.601205, 0.646553, 0.737602, 0.751997, 0.776953, 0.908064, 0.920036, 0.675931, 0.985878, 1, 

Generation #13
36,223,0.001, 0.0224155, 0.0703497, 0.130728, 0.144402, 0.150862, 0.183857, 0.369515, 0.245135, 0.354669, 0.467977, 0.548808, 1, 

51,203,0.001, 0.0203223, 0.0347956, 0.117731, 0.134411, 0.112952, 0.126876, 0.13194, 0.245246, 0.238463, 0.268643, 0.31175, 0.320744, 0.428804, 0.505548, 0.557991, 0.596833, 0.601205, 0.646553, 0.737602, 0.751997, 0.776953, 0.908064, 0.920036, 0.675931, 0.985878, 1, 

37,205,0.001, 0.0203223, 0.0347956, 0.0686089, 0.094718, 0.112952, 0.126876, 0.13194, 0.63373, 0.618214, 0.665277, 1, 

34,230,0.001, 0.0224155, 0.0703497, 0.0686089, 0.094718, 0.112952, 0.181227, 0.192371, 0.238463, 0.952012, 1, 

Generation #14
36,223,0.001, 0.0224155, 0.0703497, 0.130728, 0.144402, 0.150862, 0.183857, 0.369515, 0.245135, 0.354669, 0.467977, 0.548808, 1, 

37,205,0.001, 0.0203223, 0.0347956, 0.0686089, 0.094718, 0.112952, 0.126876, 0.13194, 0.63373, 0.618214, 0.665277, 1, 

34,230,0.001, 0.0224155, 0.0703497, 0.0686089, 0.094718, 0.112952, 0.181227, 0.192371, 0.238463, 0.952012, 1, 

38,200,0.001, 0.0224155, 0.0703497, 0.0686089, 0.094718, 0.112952, 0.126876, 0.13194, 0.245246, 0.30509, 0.36916, 0.79056, 0.870871, 0.899757, 1, 

Generation #15
36,223,0.001, 0.0224155, 0.0703497, 0.130728, 0.144402, 0.150862, 0.183857, 0.369515, 0.245135, 0.354669, 0.467977, 0.548808, 1, 

37,205,0.001, 0.0203223, 0.0347956, 0.0686089, 0.094718, 0.112952, 0.126876, 0.13194, 0.63373, 0.618214, 0.665277, 1, 

34,230,0.001, 0.0224155, 0.0703497, 0.0686089, 0.094718, 0.112952, 0.181227, 0.192371, 0.238463, 0.952012, 1, 

38,200,0.001, 0.0224155, 0.0703497, 0.0686089, 0.094718, 0.112952, 0.126876, 0.13194, 0.245246, 0.30509, 0.36916, 0.79056, 0.870871, 0.899757, 1, 

Generation #16
34,230,0.001, 0.0224155, 0.0703497, 0.0686089, 0.094718, 0.112952, 0.181227, 0.192371, 0.238463, 0.952012, 1, 

38,200,0.001, 0.0224155, 0.0703497, 0.0686089, 0.094718, 0.112952, 0.126876, 0.13194, 0.245246, 0.30509, 0.36916, 0.79056, 0.870871, 0.899757, 1, 

36,203,0.001, 0.0203223, 0.0686089, 0.0686089, 0.106171, 0.108563, 0.135297, 0.369515, 0.245135, 0.354669, 0.467977, 0.548808, 1, 

39,179,0.001, 0.0203223, 0.0347956, 0.0686089, 0.094718, 0.150862, 0.183857, 0.245135, 0.354669, 0.467977, 0.548808, 1, 

35,224,0.001, 0.0224155, 0.0703497, 0.117731, 0.106171, 0.108563, 0.135297, 0.136153, 0.136185, 0.665277, 0.690761, 0.894532, 1, 

Generation #17
34,230,0.001, 0.0224155, 0.0703497, 0.0686089, 0.094718, 0.112952, 0.181227, 0.192371, 0.238463, 0.952012, 1, 

38,200,0.001, 0.0224155, 0.0703497, 0.0686089, 0.094718, 0.112952, 0.126876, 0.13194, 0.245246, 0.30509, 0.36916, 0.79056, 0.870871, 0.899757, 1, 

36,203,0.001, 0.0203223, 0.0686089, 0.0686089, 0.106171, 0.108563, 0.135297, 0.369515, 0.245135, 0.354669, 0.467977, 0.548808, 1, 

39,179,0.001, 0.0203223, 0.0347956, 0.0686089, 0.094718, 0.150862, 0.183857, 0.245135, 0.354669, 0.467977, 0.548808, 1, 

35,212,0.001, 0.0224155, 0.0703497, 0.130728, 0.144402, 0.150862, 0.183857, 0.245135, 0.354669, 0.467977, 0.548808, 1, 

Generation #18
36,174,0.001, 0.0203223, 0.0347956, 0.0686089, 0.094718, 0.112952, 0.13194, 0.245246, 0.30509, 0.36916, 0.418918, 0.49421, 1, 

34,190,0.001, 0.0203223, 0.0347956, 0.11945, 0.0547083, 0.112952, 0.126876, 0.13194, 0.245246, 0.30509, 1, 

Generation #19
36,174,0.001, 0.0203223, 0.0347956, 0.0686089, 0.094718, 0.112952, 0.13194, 0.245246, 0.30509, 0.36916, 0.418918, 0.49421, 1, 

34,190,0.001, 0.0203223, 0.0347956, 0.11945, 0.0547083, 0.112952, 0.126876, 0.13194, 0.245246, 0.30509, 1, 

Generation #20
36,174,0.001, 0.0203223, 0.0347956, 0.0686089, 0.094718, 0.112952, 0.13194, 0.245246, 0.30509, 0.36916, 0.418918, 0.49421, 1, 

34,187,0.001, 0.0203223, 0.0686089, 0.0686089, 0.106171, 0.108563, 0.135297, 0.369515, 0.245135, 0.354669, 0.467977, 0.894532, 1, 

Generation #21
36,174,0.001, 0.0203223, 0.0347956, 0.0686089, 0.094718, 0.112952, 0.13194, 0.245246, 0.30509, 0.36916, 0.418918, 0.49421, 1, 

34,187,0.001, 0.0203223, 0.0686089, 0.0686089, 0.106171, 0.108563, 0.135297, 0.369515, 0.245135, 0.354669, 0.467977, 0.894532, 1, 

Generation #22
34,168,0.001, 0.0203223, 0.0347956, 0.0686089, 0.094718, 0.150862, 0.183857, 0.245135, 0.354669, 0.467977, 0.548808, 1, 

Generation #23
34,168,0.001, 0.0203223, 0.0347956, 0.0686089, 0.094718, 0.150862, 0.183857, 0.245135, 0.354669, 0.467977, 0.548808, 1, 

33,310,0.001, 0.0224155, 0.0703497, 0.117731, 0.094718, 0.112952, 0.304341, 0.380591, 0.87439, 1, 

Generation #24
34,168,0.001, 0.0203223, 0.0347956, 0.0686089, 0.094718, 0.150862, 0.183857, 0.245135, 0.354669, 0.467977, 0.548808, 1, 

33,310,0.001, 0.0224155, 0.0703497, 0.117731, 0.094718, 0.112952, 0.304341, 0.380591, 0.87439, 1, 

Generation #25
34,168,0.001, 0.0203223, 0.0347956, 0.0686089, 0.094718, 0.150862, 0.183857, 0.245135, 0.354669, 0.467977, 0.548808, 1, 

33,310,0.001, 0.0224155, 0.0703497, 0.117731, 0.094718, 0.112952, 0.304341, 0.380591, 0.87439, 1, 

Generation #26
34,168,0.001, 0.0203223, 0.0347956, 0.0686089, 0.094718, 0.150862, 0.183857, 0.245135, 0.354669, 0.467977, 0.548808, 1, 

33,310,0.001, 0.0224155, 0.0703497, 0.117731, 0.094718, 0.112952, 0.304341, 0.380591, 0.87439, 1, 

Generation #27
34,168,0.001, 0.0203223, 0.0347956, 0.0686089, 0.094718, 0.150862, 0.183857, 0.245135, 0.354669, 0.467977, 0.548808, 1, 

33,310,0.001, 0.0224155, 0.0703497, 0.117731, 0.094718, 0.112952, 0.304341, 0.380591, 0.87439, 1, 

Generation #28
34,168,0.001, 0.0203223, 0.0347956, 0.0686089, 0.094718, 0.150862, 0.183857, 0.245135, 0.354669, 0.467977, 0.548808, 1, 

33,310,0.001, 0.0224155, 0.0703497, 0.117731, 0.094718, 0.112952, 0.304341, 0.380591, 0.87439, 1, 

Generation #29
34,168,0.001, 0.0203223, 0.0347956, 0.0686089, 0.094718, 0.150862, 0.183857, 0.245135, 0.354669, 0.467977, 0.548808, 1, 

33,310,0.001, 0.0224155, 0.0703497, 0.117731, 0.094718, 0.112952, 0.304341, 0.380591, 0.87439, 1, 

Generation #30
34,168,0.001, 0.0203223, 0.0347956, 0.0686089, 0.094718, 0.150862, 0.183857, 0.245135, 0.354669, 0.467977, 0.548808, 1, 

33,310,0.001, 0.0224155, 0.0703497, 0.117731, 0.094718, 0.112952, 0.304341, 0.380591, 0.87439, 1, 

Generation #31
34,168,0.001, 0.0203223, 0.0347956, 0.0686089, 0.094718, 0.150862, 0.183857, 0.245135, 0.354669, 0.467977, 0.548808, 1, 

33,310,0.001, 0.0224155, 0.0703497, 0.117731, 0.094718, 0.112952, 0.304341, 0.380591, 0.87439, 1, 

Generation #32
34,168,0.001, 0.0203223, 0.0347956, 0.0686089, 0.094718, 0.150862, 0.183857, 0.245135, 0.354669, 0.467977, 0.548808, 1, 

33,310,0.001, 0.0224155, 0.0703497, 0.117731, 0.094718, 0.112952, 0.304341, 0.380591, 0.87439, 1, 

Generation #33
34,168,0.001, 0.0203223, 0.0347956, 0.0686089, 0.094718, 0.150862, 0.183857, 0.245135, 0.354669, 0.467977, 0.548808, 1, 

36,153,0.001, 0.0203223, 0.0347956, 0.0686089, 0.094718, 0.112952, 0.126876, 0.13194, 0.134177, 0.245246, 0.30509, 0.418918, 1, 

33,266,0.001, 0.0203223, 0.0347956, 0.094718, 0.112952, 0.126876, 0.245246, 0.959061, 1, 

Generation #34
34,168,0.001, 0.0203223, 0.0347956, 0.0686089, 0.094718, 0.150862, 0.183857, 0.245135, 0.354669, 0.467977, 0.548808, 1, 

36,153,0.001, 0.0203223, 0.0347956, 0.0686089, 0.094718, 0.112952, 0.126876, 0.13194, 0.134177, 0.245246, 0.30509, 0.418918, 1, 

33,216,0.001, 0.0203223, 0.0347956, 0.11945, 0.0547083, 0.112952, 0.126876, 0.380591, 0.87439, 1, 

Generation #35
34,168,0.001, 0.0203223, 0.0347956, 0.0686089, 0.094718, 0.150862, 0.183857, 0.245135, 0.354669, 0.467977, 0.548808, 1, 

36,153,0.001, 0.0203223, 0.0347956, 0.0686089, 0.094718, 0.112952, 0.126876, 0.13194, 0.134177, 0.245246, 0.30509, 0.418918, 1, 

33,216,0.001, 0.0203223, 0.0347956, 0.11945, 0.0547083, 0.112952, 0.126876, 0.380591, 0.87439, 1, 

Generation #36
34,168,0.001, 0.0203223, 0.0347956, 0.0686089, 0.094718, 0.150862, 0.183857, 0.245135, 0.354669, 0.467977, 0.548808, 1, 

36,153,0.001, 0.0203223, 0.0347956, 0.0686089, 0.094718, 0.112952, 0.126876, 0.13194, 0.134177, 0.245246, 0.30509, 0.418918, 1, 

33,216,0.001, 0.0203223, 0.0347956, 0.11945, 0.0547083, 0.112952, 0.126876, 0.380591, 0.87439, 1, 

Generation #37
34,168,0.001, 0.0203223, 0.0347956, 0.0686089, 0.094718, 0.150862, 0.183857, 0.245135, 0.354669, 0.467977, 0.548808, 1, 

36,153,0.001, 0.0203223, 0.0347956, 0.0686089, 0.094718, 0.112952, 0.126876, 0.13194, 0.134177, 0.245246, 0.30509, 0.418918, 1, 

33,216,0.001, 0.0203223, 0.0347956, 0.11945, 0.0547083, 0.112952, 0.126876, 0.380591, 0.87439, 1, 

Generation #38
34,168,0.001, 0.0203223, 0.0347956, 0.0686089, 0.094718, 0.150862, 0.183857, 0.245135, 0.354669, 0.467977, 0.548808, 1, 

36,153,0.001, 0.0203223, 0.0347956, 0.0686089, 0.094718, 0.112952, 0.126876, 0.13194, 0.134177, 0.245246, 0.30509, 0.418918, 1, 

33,216,0.001, 0.0203223, 0.0347956, 0.11945, 0.0547083, 0.112952, 0.126876, 0.380591, 0.87439, 1, 

Generation #39
34,168,0.001, 0.0203223, 0.0347956, 0.0686089, 0.094718, 0.150862, 0.183857, 0.245135, 0.354669, 0.467977, 0.548808, 1, 

36,153,0.001, 0.0203223, 0.0347956, 0.0686089, 0.094718, 0.112952, 0.126876, 0.13194, 0.134177, 0.245246, 0.30509, 0.418918, 1, 

33,216,0.001, 0.0203223, 0.0347956, 0.11945, 0.0547083, 0.112952, 0.126876, 0.380591, 0.87439, 1, 

Generation #40
34,168,0.001, 0.0203223, 0.0347956, 0.0686089, 0.094718, 0.150862, 0.183857, 0.245135, 0.354669, 0.467977, 0.548808, 1, 

36,153,0.001, 0.0203223, 0.0347956, 0.0686089, 0.094718, 0.112952, 0.126876, 0.13194, 0.134177, 0.245246, 0.30509, 0.418918, 1, 

33,212,0.001, 0.0203223, 0.0347956, 0.0686089, 0.094718, 0.112952, 0.126876, 0.13194, 0.134177, 0.548808, 1, 

Generation #41
34,168,0.001, 0.0203223, 0.0347956, 0.0686089, 0.094718, 0.150862, 0.183857, 0.245135, 0.354669, 0.467977, 0.548808, 1, 

36,153,0.001, 0.0203223, 0.0347956, 0.0686089, 0.094718, 0.112952, 0.126876, 0.13194, 0.134177, 0.245246, 0.30509, 0.418918, 1, 

33,210,0.001, 0.0203223, 0.0347956, 0.0686089, 0.094718, 0.112952, 0.126876, 0.13194, 0.63373, 0.665277, 1, 

Generation #42
34,168,0.001, 0.0203223, 0.0347956, 0.0686089, 0.094718, 0.150862, 0.183857, 0.245135, 0.354669, 0.467977, 0.548808, 1, 

36,153,0.001, 0.0203223, 0.0347956, 0.0686089, 0.094718, 0.112952, 0.126876, 0.13194, 0.134177, 0.245246, 0.30509, 0.418918, 1, 

33,210,0.001, 0.0203223, 0.0347956, 0.0686089, 0.094718, 0.112952, 0.126876, 0.13194, 0.63373, 0.665277, 1, 

Generation #43
34,168,0.001, 0.0203223, 0.0347956, 0.0686089, 0.094718, 0.150862, 0.183857, 0.245135, 0.354669, 0.467977, 0.548808, 1, 

36,153,0.001, 0.0203223, 0.0347956, 0.0686089, 0.094718, 0.112952, 0.126876, 0.13194, 0.134177, 0.245246, 0.30509, 0.418918, 1, 

33,210,0.001, 0.0203223, 0.0347956, 0.0686089, 0.094718, 0.112952, 0.126876, 0.13194, 0.63373, 0.665277, 1, 

Generation #44
34,168,0.001, 0.0203223, 0.0347956, 0.0686089, 0.094718, 0.150862, 0.183857, 0.245135, 0.354669, 0.467977, 0.548808, 1, 

36,153,0.001, 0.0203223, 0.0347956, 0.0686089, 0.094718, 0.112952, 0.126876, 0.13194, 0.134177, 0.245246, 0.30509, 0.418918, 1, 

33,210,0.001, 0.0203223, 0.0347956, 0.0686089, 0.094718, 0.112952, 0.126876, 0.13194, 0.63373, 0.665277, 1, 

Generation #45
34,168,0.001, 0.0203223, 0.0347956, 0.0686089, 0.094718, 0.150862, 0.183857, 0.245135, 0.354669, 0.467977, 0.548808, 1, 

36,153,0.001, 0.0203223, 0.0347956, 0.0686089, 0.094718, 0.112952, 0.126876, 0.13194, 0.134177, 0.245246, 0.30509, 0.418918, 1, 

33,210,0.001, 0.0203223, 0.0347956, 0.0686089, 0.094718, 0.112952, 0.126876, 0.13194, 0.63373, 0.665277, 1, 

Generation #46
34,168,0.001, 0.0203223, 0.0347956, 0.0686089, 0.094718, 0.150862, 0.183857, 0.245135, 0.354669, 0.467977, 0.548808, 1, 

36,153,0.001, 0.0203223, 0.0347956, 0.0686089, 0.094718, 0.112952, 0.126876, 0.13194, 0.134177, 0.245246, 0.30509, 0.418918, 1, 

33,191,0.001, 0.0203223, 0.0347956, 0.0686089, 0.094718, 0.112952, 0.126876, 0.13194, 0.245246, 0.30509, 1, 

Generation #47
34,168,0.001, 0.0203223, 0.0347956, 0.0686089, 0.094718, 0.150862, 0.183857, 0.245135, 0.354669, 0.467977, 0.548808, 1, 

36,153,0.001, 0.0203223, 0.0347956, 0.0686089, 0.094718, 0.112952, 0.126876, 0.13194, 0.134177, 0.245246, 0.30509, 0.418918, 1, 

33,191,0.001, 0.0203223, 0.0347956, 0.0686089, 0.094718, 0.112952, 0.126876, 0.13194, 0.245246, 0.30509, 1, 

Generation #48
34,168,0.001, 0.0203223, 0.0347956, 0.0686089, 0.094718, 0.150862, 0.183857, 0.245135, 0.354669, 0.467977, 0.548808, 1, 

36,153,0.001, 0.0203223, 0.0347956, 0.0686089, 0.094718, 0.112952, 0.126876, 0.13194, 0.134177, 0.245246, 0.30509, 0.418918, 1, 

33,191,0.001, 0.0203223, 0.0347956, 0.0686089, 0.094718, 0.112952, 0.126876, 0.13194, 0.245246, 0.30509, 1, 

Generation #49
34,168,0.001, 0.0203223, 0.0347956, 0.0686089, 0.094718, 0.150862, 0.183857, 0.245135, 0.354669, 0.467977, 0.548808, 1, 

36,153,0.001, 0.0203223, 0.0347956, 0.0686089, 0.094718, 0.112952, 0.126876, 0.13194, 0.134177, 0.245246, 0.30509, 0.418918, 1, 

33,191,0.001, 0.0203223, 0.0347956, 0.0686089, 0.094718, 0.112952, 0.126876, 0.13194, 0.245246, 0.30509, 1, 

--- Pareto Front Solutions ---
Solution 0: N total=116 (N_initial=82, N_added=34), Time total=187 ms, Saved to: ./results/SPINV_t2_l4_pareto_0.csv, percents=0.001, 0.0203223, 0.0347956, 0.0686089, 0.094718, 0.150862, 0.183857, 0.245135, 0.354669, 0.467977, 0.548808, 1, 

Solution 1: N total=118 (N_initial=82, N_added=36), Time total=172 ms, Saved to: ./results/SPINV_t2_l4_pareto_1.csv, percents=0.001, 0.0203223, 0.0347956, 0.0686089, 0.094718, 0.112952, 0.126876, 0.13194, 0.134177, 0.245246, 0.30509, 0.418918, 1, 

Solution 2: N total=115 (N_initial=82, N_added=33), Time total=210 ms, Saved to: ./results/SPINV_t2_l4_pareto_2.csv, percents=0.001, 0.0203223, 0.0347956, 0.0686089, 0.094718, 0.112952, 0.126876, 0.13194, 0.245246, 0.30509, 1, 

