------------d=1, t=2, lambda=1, filename=./evaluation/SPINV/SPINV_2_1.csv------------
Computing partitioned counts of d-sets...
Ready to look at pairs based on partitioned counts...
First Stage N=40, Time=21
There are 1673 remaining non-locating pairs
--- Running GA Algorithm (phase2) ---
Running GA with std::execution::par
Generation #0
30,441,0.001, 0.0662492, 0.120139, 0.202528, 0.25393, 0.331906, 0.444786, 0.550361, 0.557304, 0.754468, 0.809355, 0.852882, 0.992883, 1, 

34,298,0.001, 0.0485364, 0.0638381, 0.103473, 0.112512, 0.157387, 0.207509, 0.233497, 0.34024, 0.425078, 0.623749, 0.642961, 0.77327, 0.821051, 0.86027, 0.97724, 1, 

44,216,0.001, 0.0234395, 0.0390873, 0.0460126, 0.10239, 0.111185, 0.134715, 0.142228, 0.147769, 0.164878, 0.182603, 0.226503, 0.233886, 0.288066, 0.436146, 0.459913, 0.494666, 0.552769, 0.560013, 0.560173, 0.589613, 0.739437, 0.740977, 0.79267, 0.822098, 0.937526, 0.967304, 1, 

33,320,0.001, 0.0344967, 0.0799311, 0.146416, 0.168693, 0.213749, 0.231546, 0.301595, 0.355781, 0.414556, 0.554904, 0.577706, 0.75276, 0.85917, 0.972072, 0.999616, 1, 

43,245,0.001, 0.0462656, 0.0669575, 0.140062, 0.250261, 0.280292, 0.280736, 0.366675, 0.377778, 0.480003, 0.594512, 0.61376, 0.614406, 0.737348, 0.815831, 0.833551, 0.843751, 0.874477, 0.892215, 0.908786, 0.920121, 0.965904, 0.995735, 1, 

Generation #1
30,173,0.001, 0.0482424, 0.060196, 0.0767149, 0.101176, 0.129326, 0.133373, 0.170891, 0.276805, 0.282516, 0.285994, 0.293809, 1, 

29,240,0.001, 0.0662492, 0.120139, 0.202528, 0.25393, 0.20491, 0.774314, 0.850221, 0.984248, 0.991008, 1, 

41,130,0.001, 0.016831, 0.0219461, 0.0261442, 0.0262016, 0.0663368, 0.0980615, 0.100799, 0.106911, 0.164494, 0.17776, 0.217953, 0.230267, 0.239707, 0.475426, 0.477239, 0.511489, 0.606937, 0.610299, 0.807409, 0.810516, 0.922613, 0.940965, 0.95317, 0.986705, 1, 

Generation #2
30,173,0.001, 0.0482424, 0.060196, 0.0767149, 0.101176, 0.129326, 0.133373, 0.170891, 0.276805, 0.282516, 0.285994, 0.293809, 1, 

41,130,0.001, 0.016831, 0.0219461, 0.0261442, 0.0262016, 0.0663368, 0.0980615, 0.100799, 0.106911, 0.164494, 0.17776, 0.217953, 0.230267, 0.239707, 0.475426, 0.477239, 0.511489, 0.606937, 0.610299, 0.807409, 0.810516, 0.922613, 0.940965, 0.95317, 0.986705, 1, 

27,219,0.001, 0.00749773, 0.0745505, 0.0835864, 0.148514, 0.159123, 0.171845, 0.202599, 0.272444, 0.834638, 1, 

29,186,0.001, 0.0210959, 0.0638381, 0.103473, 0.112512, 0.157387, 0.207509, 0.850221, 0.984248, 0.991008, 1, 

Generation #3
41,130,0.001, 0.016831, 0.0219461, 0.0261442, 0.0262016, 0.0663368, 0.0980615, 0.100799, 0.106911, 0.164494, 0.17776, 0.217953, 0.230267, 0.239707, 0.475426, 0.477239, 0.511489, 0.606937, 0.610299, 0.807409, 0.810516, 0.922613, 0.940965, 0.95317, 0.986705, 1, 

27,219,0.001, 0.00749773, 0.0745505, 0.0835864, 0.148514, 0.159123, 0.171845, 0.202599, 0.272444, 0.834638, 1, 

28,206,0.001, 0.0440817, 0.056377, 0.0625786, 0.0872234, 0.101477, 0.148168, 0.244813, 0.262717, 0.352138, 0.413039, 0.418693, 1, 

29,167,0.001, 0.0234395, 0.0390873, 0.0460126, 0.10239, 0.111185, 0.134715, 0.142228, 0.147769, 0.164878, 0.182603, 0.226503, 0.962328, 1, 

36,164,0.001, 0.0482424, 0.060196, 0.0767149, 0.101176, 0.129326, 0.133373, 0.170891, 0.276805, 0.282516, 0.285994, 0.293809, 0.000481722, 0.50605, 0.509478, 0.66143, 0.761129, 0.774602, 0.85691, 0.960916, 1, 

Generation #4
41,130,0.001, 0.016831, 0.0219461, 0.0261442, 0.0262016, 0.0663368, 0.0980615, 0.100799, 0.106911, 0.164494, 0.17776, 0.217953, 0.230267, 0.239707, 0.475426, 0.477239, 0.511489, 0.606937, 0.610299, 0.807409, 0.810516, 0.922613, 0.940965, 0.95317, 0.986705, 1, 

27,219,0.001, 0.00749773, 0.0745505, 0.0835864, 0.148514, 0.159123, 0.171845, 0.202599, 0.272444, 0.834638, 1, 

29,167,0.001, 0.0234395, 0.0390873, 0.0460126, 0.10239, 0.111185, 0.134715, 0.142228, 0.147769, 0.164878, 0.182603, 0.226503, 0.962328, 1, 

28,183,0.001, 0.0363871, 0.0483313, 0.105856, 0.132901, 0.155358, 0.160636, 0.420062, 0.282516, 0.285994, 0.293809, 1, 

32,144,0.001, 0.0440817, 0.056377, 0.0625786, 0.0872234, 0.101477, 0.148168, 0.244813, 0.262717, 0.352138, 0.413039, 0.418693, 0.887786, 1, 

Generation #5
41,130,0.001, 0.016831, 0.0219461, 0.0261442, 0.0262016, 0.0663368, 0.0980615, 0.100799, 0.106911, 0.164494, 0.17776, 0.217953, 0.230267, 0.239707, 0.475426, 0.477239, 0.511489, 0.606937, 0.610299, 0.807409, 0.810516, 0.922613, 0.940965, 0.95317, 0.986705, 1, 

27,219,0.001, 0.00749773, 0.0745505, 0.0835864, 0.148514, 0.159123, 0.171845, 0.202599, 0.272444, 0.834638, 1, 

28,183,0.001, 0.0363871, 0.0483313, 0.105856, 0.132901, 0.155358, 0.160636, 0.420062, 0.282516, 0.285994, 0.293809, 1, 

32,144,0.001, 0.0440817, 0.056377, 0.0625786, 0.0872234, 0.101477, 0.148168, 0.244813, 0.262717, 0.352138, 0.413039, 0.418693, 0.887786, 1, 

29,149,0.001, 0.0344967, 0.0390873, 0.0460126, 0.10239, 0.111185, 0.134715, 0.142228, 0.147769, 0.164878, 0.182603, 0.226503, 0.962328, 1, 

Generation #6
41,130,0.001, 0.016831, 0.0219461, 0.0261442, 0.0262016, 0.0663368, 0.0980615, 0.100799, 0.106911, 0.164494, 0.17776, 0.217953, 0.230267, 0.239707, 0.475426, 0.477239, 0.511489, 0.606937, 0.610299, 0.807409, 0.810516, 0.922613, 0.940965, 0.95317, 0.986705, 1, 

28,183,0.001, 0.0363871, 0.0483313, 0.105856, 0.132901, 0.155358, 0.160636, 0.420062, 0.282516, 0.285994, 0.293809, 1, 

32,144,0.001, 0.0440817, 0.056377, 0.0625786, 0.0872234, 0.101477, 0.148168, 0.244813, 0.262717, 0.352138, 0.413039, 0.418693, 0.887786, 1, 

29,149,0.001, 0.0344967, 0.0390873, 0.0460126, 0.10239, 0.111185, 0.134715, 0.142228, 0.147769, 0.164878, 0.182603, 0.226503, 0.962328, 1, 

27,188,0.001, 0.0482424, 0.060196, 0.0767149, 0.101176, 0.129326, 0.133373, 0.170891, 0.282516, 0.285994, 0.293809, 1, 

31,148,0.001, 0.0440817, 0.056377, 0.0625786, 0.0872234, 0.0872234, 0.101477, 0.148168, 0.207635, 0.222686, 0.225414, 0.290866, 1, 

Generation #7
41,130,0.001, 0.016831, 0.0219461, 0.0261442, 0.0262016, 0.0663368, 0.0980615, 0.100799, 0.106911, 0.164494, 0.17776, 0.217953, 0.230267, 0.239707, 0.475426, 0.477239, 0.511489, 0.606937, 0.610299, 0.807409, 0.810516, 0.922613, 0.940965, 0.95317, 0.986705, 1, 

31,134,0.001, 0.0234395, 0.0390873, 0.0460126, 0.10239, 0.111185, 0.134715, 0.142228, 0.147769, 0.164878, 0.182603, 0.226503, 0.962328, 1, 

26,141,0.001, 0.016831, 0.0219461, 0.0261442, 0.0262016, 0.0663368, 0.0980615, 0.100799, 0.106911, 0.164494, 0.290866, 0.962328, 1, 

Generation #8
41,130,0.001, 0.016831, 0.0219461, 0.0261442, 0.0262016, 0.0663368, 0.0980615, 0.100799, 0.106911, 0.164494, 0.17776, 0.217953, 0.230267, 0.239707, 0.475426, 0.477239, 0.511489, 0.606937, 0.610299, 0.807409, 0.810516, 0.922613, 0.940965, 0.95317, 0.986705, 1, 

31,134,0.001, 0.0234395, 0.0390873, 0.0460126, 0.10239, 0.111185, 0.134715, 0.142228, 0.147769, 0.164878, 0.182603, 0.226503, 0.962328, 1, 

26,141,0.001, 0.016831, 0.0219461, 0.0261442, 0.0262016, 0.0663368, 0.0980615, 0.100799, 0.106911, 0.164494, 0.290866, 0.962328, 1, 

28,138,0.001, 0.016831, 0.0219461, 0.0261442, 0.0262016, 0.0663368, 0.100799, 0.106911, 0.164494, 0.17776, 0.217953, 0.418693, 1, 

Generation #9
26,141,0.001, 0.016831, 0.0219461, 0.0261442, 0.0262016, 0.0663368, 0.0980615, 0.100799, 0.106911, 0.164494, 0.290866, 0.962328, 1, 

29,126,0.001, 0.016831, 0.0219461, 0.0261442, 0.0262016, 0.0663368, 0.100799, 0.106911, 0.164494, 0.17776, 0.217953, 0.418693, 1, 

27,131,0.001, 0.0210959, 0.0374706, 0.0736174, 0.0872234, 0.0872234, 0.101477, 0.148168, 0.207635, 0.222686, 0.225414, 0.290866, 1, 

Generation #10
26,141,0.001, 0.016831, 0.0219461, 0.0261442, 0.0262016, 0.0663368, 0.0980615, 0.100799, 0.106911, 0.164494, 0.290866, 0.962328, 1, 

29,126,0.001, 0.016831, 0.0219461, 0.0261442, 0.0262016, 0.0663368, 0.100799, 0.106911, 0.164494, 0.17776, 0.217953, 0.418693, 1, 

27,131,0.001, 0.0210959, 0.0374706, 0.0736174, 0.0872234, 0.0872234, 0.101477, 0.148168, 0.207635, 0.222686, 0.225414, 0.290866, 1, 

Generation #11
26,141,0.001, 0.016831, 0.0219461, 0.0261442, 0.0262016, 0.0663368, 0.0980615, 0.100799, 0.106911, 0.164494, 0.290866, 0.962328, 1, 

29,126,0.001, 0.016831, 0.0219461, 0.0261442, 0.0262016, 0.0663368, 0.100799, 0.106911, 0.164494, 0.17776, 0.217953, 0.418693, 1, 

27,131,0.001, 0.0210959, 0.0374706, 0.0736174, 0.0872234, 0.0872234, 0.101477, 0.148168, 0.207635, 0.222686, 0.225414, 0.290866, 1, 

Generation #12
26,141,0.001, 0.016831, 0.0219461, 0.0261442, 0.0262016, 0.0663368, 0.0980615, 0.100799, 0.106911, 0.164494, 0.290866, 0.962328, 1, 

29,126,0.001, 0.016831, 0.0219461, 0.0261442, 0.0262016, 0.0663368, 0.100799, 0.106911, 0.164494, 0.17776, 0.217953, 0.418693, 1, 

27,131,0.001, 0.0210959, 0.0374706, 0.0736174, 0.0872234, 0.0872234, 0.101477, 0.148168, 0.207635, 0.222686, 0.225414, 0.290866, 1, 

40,108,0.001, 0.016831, 0.0219461, 0.0261442, 0.0262016, 0.0663368, 0.100799, 0.106911, 0.164494, 0.17776, 0.17776, 0.217953, 0.230267, 0.239707, 0.475426, 0.477239, 0.511489, 0.606937, 0.610299, 0.807409, 0.810516, 0.922613, 0.940965, 0.95317, 0.986705, 1, 

30,122,0.001, 0.0234395, 0.0390873, 0.0460126, 0.10239, 0.111185, 0.134715, 0.142228, 0.147769, 0.164878, 0.290866, 0.413039, 0.418693, 1, 

Generation #13
26,141,0.001, 0.016831, 0.0219461, 0.0261442, 0.0262016, 0.0663368, 0.0980615, 0.100799, 0.106911, 0.164494, 0.290866, 0.962328, 1, 

29,126,0.001, 0.016831, 0.0219461, 0.0261442, 0.0262016, 0.0663368, 0.100799, 0.106911, 0.164494, 0.17776, 0.217953, 0.418693, 1, 

27,131,0.001, 0.0210959, 0.0374706, 0.0736174, 0.0872234, 0.0872234, 0.101477, 0.148168, 0.207635, 0.222686, 0.225414, 0.290866, 1, 

40,108,0.001, 0.016831, 0.0219461, 0.0261442, 0.0262016, 0.0663368, 0.100799, 0.106911, 0.164494, 0.17776, 0.17776, 0.217953, 0.230267, 0.239707, 0.475426, 0.477239, 0.511489, 0.606937, 0.610299, 0.807409, 0.810516, 0.922613, 0.940965, 0.95317, 0.986705, 1, 

30,122,0.001, 0.0234395, 0.0390873, 0.0460126, 0.10239, 0.111185, 0.134715, 0.142228, 0.147769, 0.164878, 0.290866, 0.413039, 0.418693, 1, 

39,120,0.001, 0.016831, 0.0219461, 0.0261442, 0.0262016, 0.0663368, 0.100799, 0.100799, 0.106911, 0.164494, 0.17776, 0.217953, 0.230267, 0.239707, 0.475426, 0.477239, 0.511489, 0.606937, 0.610299, 0.807409, 0.810516, 0.922613, 0.940965, 0.95317, 0.986705, 1, 

Generation #14
26,141,0.001, 0.016831, 0.0219461, 0.0261442, 0.0262016, 0.0663368, 0.0980615, 0.100799, 0.106911, 0.164494, 0.290866, 0.962328, 1, 

29,126,0.001, 0.016831, 0.0219461, 0.0261442, 0.0262016, 0.0663368, 0.100799, 0.106911, 0.164494, 0.17776, 0.217953, 0.418693, 1, 

27,131,0.001, 0.0210959, 0.0374706, 0.0736174, 0.0872234, 0.0872234, 0.101477, 0.148168, 0.207635, 0.222686, 0.225414, 0.290866, 1, 

40,108,0.001, 0.016831, 0.0219461, 0.0261442, 0.0262016, 0.0663368, 0.100799, 0.106911, 0.164494, 0.17776, 0.17776, 0.217953, 0.230267, 0.239707, 0.475426, 0.477239, 0.511489, 0.606937, 0.610299, 0.807409, 0.810516, 0.922613, 0.940965, 0.95317, 0.986705, 1, 

30,122,0.001, 0.0234395, 0.0390873, 0.0460126, 0.10239, 0.111185, 0.134715, 0.142228, 0.147769, 0.164878, 0.290866, 0.413039, 0.418693, 1, 

39,118,0.001, 0.016831, 0.0219461, 0.0261442, 0.0262016, 0.0663368, 0.100799, 0.106911, 0.164494, 0.164494, 0.17776, 0.217953, 0.230267, 0.239707, 0.475426, 0.477239, 0.511489, 0.606937, 0.610299, 0.807409, 0.810516, 0.922613, 0.940965, 0.95317, 0.986705, 1, 

Generation #15
26,141,0.001, 0.016831, 0.0219461, 0.0261442, 0.0262016, 0.0663368, 0.0980615, 0.100799, 0.106911, 0.164494, 0.290866, 0.962328, 1, 

29,126,0.001, 0.016831, 0.0219461, 0.0261442, 0.0262016, 0.0663368, 0.100799, 0.106911, 0.164494, 0.17776, 0.217953, 0.418693, 1, 

27,131,0.001, 0.0210959, 0.0374706, 0.0736174, 0.0872234, 0.0872234, 0.101477, 0.148168, 0.207635, 0.222686, 0.225414, 0.290866, 1, 

40,108,0.001, 0.016831, 0.0219461, 0.0261442, 0.0262016, 0.0663368, 0.100799, 0.106911, 0.164494, 0.17776, 0.17776, 0.217953, 0.230267, 0.239707, 0.475426, 0.477239, 0.511489, 0.606937, 0.610299, 0.807409, 0.810516, 0.922613, 0.940965, 0.95317, 0.986705, 1, 

30,122,0.001, 0.0234395, 0.0390873, 0.0460126, 0.10239, 0.111185, 0.134715, 0.142228, 0.147769, 0.164878, 0.290866, 0.413039, 0.418693, 1, 

39,118,0.001, 0.016831, 0.0219461, 0.0261442, 0.0262016, 0.0663368, 0.100799, 0.106911, 0.164494, 0.164494, 0.17776, 0.217953, 0.230267, 0.239707, 0.475426, 0.477239, 0.511489, 0.606937, 0.610299, 0.807409, 0.810516, 0.922613, 0.940965, 0.95317, 0.986705, 1, 

25,247,0.001, 0.0440817, 0.056377, 0.0798953, 0.0625786, 0.0872234, 0.111185, 0.134715, 0.142228, 0.222686, 0.225414, 0.290866, 1, 

28,130,0.00255938, 0.001, 0.0440817, 0.0374706, 0.0262016, 0.0663368, 0.100799, 0.207635, 0.222686, 0.225414, 0.290866, 0.418693, 1, 

Generation #16
25,247,0.001, 0.0440817, 0.056377, 0.0798953, 0.0625786, 0.0872234, 0.111185, 0.134715, 0.142228, 0.222686, 0.225414, 0.290866, 1, 

26,128,0.001, 0.016831, 0.0219461, 0.0261442, 0.0262016, 0.0663368, 0.100799, 0.142228, 0.147769, 0.164878, 0.182603, 1, 

27,100,0.001, 0.016831, 0.0219461, 0.0261442, 0.0262016, 0.0663368, 0.0980615, 0.100799, 0.106911, 0.164494, 0.290866, 0.962328, 1, 

Generation #17
25,247,0.001, 0.0440817, 0.056377, 0.0798953, 0.0625786, 0.0872234, 0.111185, 0.134715, 0.142228, 0.222686, 0.225414, 0.290866, 1, 

26,128,0.001, 0.016831, 0.0219461, 0.0261442, 0.0262016, 0.0663368, 0.100799, 0.142228, 0.147769, 0.164878, 0.182603, 1, 

27,100,0.001, 0.016831, 0.0219461, 0.0261442, 0.0262016, 0.0663368, 0.0980615, 0.100799, 0.106911, 0.164494, 0.290866, 0.962328, 1, 

Generation #18
25,247,0.001, 0.0440817, 0.056377, 0.0798953, 0.0625786, 0.0872234, 0.111185, 0.134715, 0.142228, 0.222686, 0.225414, 0.290866, 1, 

26,128,0.001, 0.016831, 0.0219461, 0.0261442, 0.0262016, 0.0663368, 0.100799, 0.142228, 0.147769, 0.164878, 0.182603, 1, 

27,100,0.001, 0.016831, 0.0219461, 0.0261442, 0.0262016, 0.0663368, 0.0980615, 0.100799, 0.106911, 0.164494, 0.290866, 0.962328, 1, 

Generation #19
25,247,0.001, 0.0440817, 0.056377, 0.0798953, 0.0625786, 0.0872234, 0.111185, 0.134715, 0.142228, 0.222686, 0.225414, 0.290866, 1, 

26,96,0.001, 0.016831, 0.0219461, 0.0261442, 0.0262016, 0.0663368, 0.0980615, 0.100799, 0.164494, 0.290866, 0.418693, 1, 

Generation #20
25,247,0.001, 0.0440817, 0.056377, 0.0798953, 0.0625786, 0.0872234, 0.111185, 0.134715, 0.142228, 0.222686, 0.225414, 0.290866, 1, 

26,96,0.001, 0.016831, 0.0219461, 0.0261442, 0.0262016, 0.0663368, 0.0980615, 0.100799, 0.164494, 0.290866, 0.418693, 1, 

Generation #21
25,247,0.001, 0.0440817, 0.056377, 0.0798953, 0.0625786, 0.0872234, 0.111185, 0.134715, 0.142228, 0.222686, 0.225414, 0.290866, 1, 

26,96,0.001, 0.016831, 0.0219461, 0.0261442, 0.0262016, 0.0663368, 0.0980615, 0.100799, 0.164494, 0.290866, 0.418693, 1, 

Generation #22
25,247,0.001, 0.0440817, 0.056377, 0.0798953, 0.0625786, 0.0872234, 0.111185, 0.134715, 0.142228, 0.222686, 0.225414, 0.290866, 1, 

26,96,0.001, 0.016831, 0.0219461, 0.0261442, 0.0262016, 0.0663368, 0.0980615, 0.100799, 0.164494, 0.290866, 0.418693, 1, 

Generation #23
25,247,0.001, 0.0440817, 0.056377, 0.0798953, 0.0625786, 0.0872234, 0.111185, 0.134715, 0.142228, 0.222686, 0.225414, 0.290866, 1, 

26,96,0.001, 0.016831, 0.0219461, 0.0261442, 0.0262016, 0.0663368, 0.0980615, 0.100799, 0.164494, 0.290866, 0.418693, 1, 

Generation #24
25,247,0.001, 0.0440817, 0.056377, 0.0798953, 0.0625786, 0.0872234, 0.111185, 0.134715, 0.142228, 0.222686, 0.225414, 0.290866, 1, 

26,96,0.001, 0.016831, 0.0219461, 0.0261442, 0.0262016, 0.0663368, 0.0980615, 0.100799, 0.164494, 0.290866, 0.418693, 1, 

Generation #25
25,247,0.001, 0.0440817, 0.056377, 0.0798953, 0.0625786, 0.0872234, 0.111185, 0.134715, 0.142228, 0.222686, 0.225414, 0.290866, 1, 

26,96,0.001, 0.016831, 0.0219461, 0.0261442, 0.0262016, 0.0663368, 0.0980615, 0.100799, 0.164494, 0.290866, 0.418693, 1, 

Generation #26
25,247,0.001, 0.0440817, 0.056377, 0.0798953, 0.0625786, 0.0872234, 0.111185, 0.134715, 0.142228, 0.222686, 0.225414, 0.290866, 1, 

26,96,0.001, 0.016831, 0.0219461, 0.0261442, 0.0262016, 0.0663368, 0.0980615, 0.100799, 0.164494, 0.290866, 0.418693, 1, 

Generation #27
25,247,0.001, 0.0440817, 0.056377, 0.0798953, 0.0625786, 0.0872234, 0.111185, 0.134715, 0.142228, 0.222686, 0.225414, 0.290866, 1, 

26,96,0.001, 0.016831, 0.0219461, 0.0261442, 0.0262016, 0.0663368, 0.0980615, 0.100799, 0.164494, 0.290866, 0.418693, 1, 

Generation #28
25,247,0.001, 0.0440817, 0.056377, 0.0798953, 0.0625786, 0.0872234, 0.111185, 0.134715, 0.142228, 0.222686, 0.225414, 0.290866, 1, 

26,96,0.001, 0.016831, 0.0219461, 0.0261442, 0.0262016, 0.0663368, 0.0980615, 0.100799, 0.164494, 0.290866, 0.418693, 1, 

Generation #29
25,247,0.001, 0.0440817, 0.056377, 0.0798953, 0.0625786, 0.0872234, 0.111185, 0.134715, 0.142228, 0.222686, 0.225414, 0.290866, 1, 

26,96,0.001, 0.016831, 0.0219461, 0.0261442, 0.0262016, 0.0663368, 0.0980615, 0.100799, 0.164494, 0.290866, 0.418693, 1, 

Generation #30
25,247,0.001, 0.0440817, 0.056377, 0.0798953, 0.0625786, 0.0872234, 0.111185, 0.134715, 0.142228, 0.222686, 0.225414, 0.290866, 1, 

26,96,0.001, 0.016831, 0.0219461, 0.0261442, 0.0262016, 0.0663368, 0.0980615, 0.100799, 0.164494, 0.290866, 0.418693, 1, 

Generation #31
25,247,0.001, 0.0440817, 0.056377, 0.0798953, 0.0625786, 0.0872234, 0.111185, 0.134715, 0.142228, 0.222686, 0.225414, 0.290866, 1, 

26,96,0.001, 0.016831, 0.0219461, 0.0261442, 0.0262016, 0.0663368, 0.0980615, 0.100799, 0.164494, 0.290866, 0.418693, 1, 

Generation #32
25,247,0.001, 0.0440817, 0.056377, 0.0798953, 0.0625786, 0.0872234, 0.111185, 0.134715, 0.142228, 0.222686, 0.225414, 0.290866, 1, 

26,96,0.001, 0.016831, 0.0219461, 0.0261442, 0.0262016, 0.0663368, 0.0980615, 0.100799, 0.164494, 0.290866, 0.418693, 1, 

27,94,0.00255938, 0.016831, 0.0219461, 0.0261442, 0.0262016, 0.0663368, 0.0980615, 0.100799, 0.164494, 0.164494, 0.17776, 0.418693, 1, 

Generation #33
26,96,0.001, 0.016831, 0.0219461, 0.0261442, 0.0262016, 0.0663368, 0.0980615, 0.100799, 0.164494, 0.290866, 0.418693, 1, 

27,94,0.00255938, 0.016831, 0.0219461, 0.0261442, 0.0262016, 0.0663368, 0.0980615, 0.100799, 0.164494, 0.164494, 0.17776, 0.418693, 1, 

25,118,0.00255938, 0.016831, 0.0219461, 0.0261442, 0.0262016, 0.0663368, 0.0980615, 0.100799, 0.164494, 0.290866, 0.418693, 1, 

24,141,0.001, 0.016831, 0.0219461, 0.0261442, 0.0262016, 0.0663368, 0.0980615, 0.100799, 0.106911, 0.164494, 0.290866, 0.418693, 1, 

Generation #34
26,96,0.001, 0.016831, 0.0219461, 0.0261442, 0.0262016, 0.0663368, 0.0980615, 0.100799, 0.164494, 0.290866, 0.418693, 1, 

27,94,0.00255938, 0.016831, 0.0219461, 0.0261442, 0.0262016, 0.0663368, 0.0980615, 0.100799, 0.164494, 0.164494, 0.17776, 0.418693, 1, 

25,118,0.00255938, 0.016831, 0.0219461, 0.0261442, 0.0262016, 0.0663368, 0.0980615, 0.100799, 0.164494, 0.290866, 0.418693, 1, 

24,141,0.001, 0.016831, 0.0219461, 0.0261442, 0.0262016, 0.0663368, 0.0980615, 0.100799, 0.106911, 0.164494, 0.290866, 0.418693, 1, 

Generation #35
26,96,0.001, 0.016831, 0.0219461, 0.0261442, 0.0262016, 0.0663368, 0.0980615, 0.100799, 0.164494, 0.290866, 0.418693, 1, 

27,94,0.00255938, 0.016831, 0.0219461, 0.0261442, 0.0262016, 0.0663368, 0.0980615, 0.100799, 0.164494, 0.164494, 0.17776, 0.418693, 1, 

25,118,0.00255938, 0.016831, 0.0219461, 0.0261442, 0.0262016, 0.0663368, 0.0980615, 0.100799, 0.164494, 0.290866, 0.418693, 1, 

24,141,0.001, 0.016831, 0.0219461, 0.0261442, 0.0262016, 0.0663368, 0.0980615, 0.100799, 0.106911, 0.164494, 0.290866, 0.418693, 1, 

Generation #36
26,96,0.001, 0.016831, 0.0219461, 0.0261442, 0.0262016, 0.0663368, 0.0980615, 0.100799, 0.164494, 0.290866, 0.418693, 1, 

27,94,0.00255938, 0.016831, 0.0219461, 0.0261442, 0.0262016, 0.0663368, 0.0980615, 0.100799, 0.164494, 0.164494, 0.17776, 0.418693, 1, 

25,118,0.00255938, 0.016831, 0.0219461, 0.0261442, 0.0262016, 0.0663368, 0.0980615, 0.100799, 0.164494, 0.290866, 0.418693, 1, 

24,141,0.001, 0.016831, 0.0219461, 0.0261442, 0.0262016, 0.0663368, 0.0980615, 0.100799, 0.106911, 0.164494, 0.290866, 0.418693, 1, 

Generation #37
26,96,0.001, 0.016831, 0.0219461, 0.0261442, 0.0262016, 0.0663368, 0.0980615, 0.100799, 0.164494, 0.290866, 0.418693, 1, 

27,94,0.00255938, 0.016831, 0.0219461, 0.0261442, 0.0262016, 0.0663368, 0.0980615, 0.100799, 0.164494, 0.164494, 0.17776, 0.418693, 1, 

25,118,0.00255938, 0.016831, 0.0219461, 0.0261442, 0.0262016, 0.0663368, 0.0980615, 0.100799, 0.164494, 0.290866, 0.418693, 1, 

24,141,0.001, 0.016831, 0.0219461, 0.0261442, 0.0262016, 0.0663368, 0.0980615, 0.100799, 0.106911, 0.164494, 0.290866, 0.418693, 1, 

Generation #38
26,96,0.001, 0.016831, 0.0219461, 0.0261442, 0.0262016, 0.0663368, 0.0980615, 0.100799, 0.164494, 0.290866, 0.418693, 1, 

27,94,0.00255938, 0.016831, 0.0219461, 0.0261442, 0.0262016, 0.0663368, 0.0980615, 0.100799, 0.164494, 0.164494, 0.17776, 0.418693, 1, 

25,118,0.00255938, 0.016831, 0.0219461, 0.0261442, 0.0262016, 0.0663368, 0.0980615, 0.100799, 0.164494, 0.290866, 0.418693, 1, 

24,141,0.001, 0.016831, 0.0219461, 0.0261442, 0.0262016, 0.0663368, 0.0980615, 0.100799, 0.106911, 0.164494, 0.290866, 0.418693, 1, 

Generation #39
26,96,0.001, 0.016831, 0.0219461, 0.0261442, 0.0262016, 0.0663368, 0.0980615, 0.100799, 0.164494, 0.290866, 0.418693, 1, 

27,94,0.00255938, 0.016831, 0.0219461, 0.0261442, 0.0262016, 0.0663368, 0.0980615, 0.100799, 0.164494, 0.164494, 0.17776, 0.418693, 1, 

25,118,0.00255938, 0.016831, 0.0219461, 0.0261442, 0.0262016, 0.0663368, 0.0980615, 0.100799, 0.164494, 0.290866, 0.418693, 1, 

24,141,0.001, 0.016831, 0.0219461, 0.0261442, 0.0262016, 0.0663368, 0.0980615, 0.100799, 0.106911, 0.164494, 0.290866, 0.418693, 1, 

Generation #40
26,96,0.001, 0.016831, 0.0219461, 0.0261442, 0.0262016, 0.0663368, 0.0980615, 0.100799, 0.164494, 0.290866, 0.418693, 1, 

27,94,0.00255938, 0.016831, 0.0219461, 0.0261442, 0.0262016, 0.0663368, 0.0980615, 0.100799, 0.164494, 0.164494, 0.17776, 0.418693, 1, 

25,118,0.00255938, 0.016831, 0.0219461, 0.0261442, 0.0262016, 0.0663368, 0.0980615, 0.100799, 0.164494, 0.290866, 0.418693, 1, 

24,141,0.001, 0.016831, 0.0219461, 0.0261442, 0.0262016, 0.0663368, 0.0980615, 0.100799, 0.106911, 0.164494, 0.290866, 0.418693, 1, 

Generation #41
26,96,0.001, 0.016831, 0.0219461, 0.0261442, 0.0262016, 0.0663368, 0.0980615, 0.100799, 0.164494, 0.290866, 0.418693, 1, 

27,94,0.00255938, 0.016831, 0.0219461, 0.0261442, 0.0262016, 0.0663368, 0.0980615, 0.100799, 0.164494, 0.164494, 0.17776, 0.418693, 1, 

25,118,0.00255938, 0.016831, 0.0219461, 0.0261442, 0.0262016, 0.0663368, 0.0980615, 0.100799, 0.164494, 0.290866, 0.418693, 1, 

24,141,0.001, 0.016831, 0.0219461, 0.0261442, 0.0262016, 0.0663368, 0.0980615, 0.100799, 0.106911, 0.164494, 0.290866, 0.418693, 1, 

Generation #42
26,96,0.001, 0.016831, 0.0219461, 0.0261442, 0.0262016, 0.0663368, 0.0980615, 0.100799, 0.164494, 0.290866, 0.418693, 1, 

27,94,0.00255938, 0.016831, 0.0219461, 0.0261442, 0.0262016, 0.0663368, 0.0980615, 0.100799, 0.164494, 0.164494, 0.17776, 0.418693, 1, 

25,118,0.00255938, 0.016831, 0.0219461, 0.0261442, 0.0262016, 0.0663368, 0.0980615, 0.100799, 0.164494, 0.290866, 0.418693, 1, 

24,141,0.001, 0.016831, 0.0219461, 0.0261442, 0.0262016, 0.0663368, 0.0980615, 0.100799, 0.106911, 0.164494, 0.290866, 0.418693, 1, 

28,82,0.00255938, 0.001, 0.0219461, 0.0261442, 0.0262016, 0.0663368, 0.0980615, 0.100799, 0.106911, 0.17776, 0.217953, 0.418693, 1, 

Generation #43
26,96,0.001, 0.016831, 0.0219461, 0.0261442, 0.0262016, 0.0663368, 0.0980615, 0.100799, 0.164494, 0.290866, 0.418693, 1, 

27,94,0.00255938, 0.016831, 0.0219461, 0.0261442, 0.0262016, 0.0663368, 0.0980615, 0.100799, 0.164494, 0.164494, 0.17776, 0.418693, 1, 

25,118,0.00255938, 0.016831, 0.0219461, 0.0261442, 0.0262016, 0.0663368, 0.0980615, 0.100799, 0.164494, 0.290866, 0.418693, 1, 

24,141,0.001, 0.016831, 0.0219461, 0.0261442, 0.0262016, 0.0663368, 0.0980615, 0.100799, 0.106911, 0.164494, 0.290866, 0.418693, 1, 

28,82,0.00255938, 0.001, 0.0219461, 0.0261442, 0.0262016, 0.0663368, 0.0980615, 0.100799, 0.106911, 0.17776, 0.217953, 0.418693, 1, 

Generation #44
26,96,0.001, 0.016831, 0.0219461, 0.0261442, 0.0262016, 0.0663368, 0.0980615, 0.100799, 0.164494, 0.290866, 0.418693, 1, 

27,94,0.00255938, 0.016831, 0.0219461, 0.0261442, 0.0262016, 0.0663368, 0.0980615, 0.100799, 0.164494, 0.164494, 0.17776, 0.418693, 1, 

25,118,0.00255938, 0.016831, 0.0219461, 0.0261442, 0.0262016, 0.0663368, 0.0980615, 0.100799, 0.164494, 0.290866, 0.418693, 1, 

24,141,0.001, 0.016831, 0.0219461, 0.0261442, 0.0262016, 0.0663368, 0.0980615, 0.100799, 0.106911, 0.164494, 0.290866, 0.418693, 1, 

28,82,0.00255938, 0.001, 0.0219461, 0.0261442, 0.0262016, 0.0663368, 0.0980615, 0.100799, 0.106911, 0.17776, 0.217953, 0.418693, 1, 

Generation #45
26,96,0.001, 0.016831, 0.0219461, 0.0261442, 0.0262016, 0.0663368, 0.0980615, 0.100799, 0.164494, 0.290866, 0.418693, 1, 

27,94,0.00255938, 0.016831, 0.0219461, 0.0261442, 0.0262016, 0.0663368, 0.0980615, 0.100799, 0.164494, 0.164494, 0.17776, 0.418693, 1, 

25,118,0.00255938, 0.016831, 0.0219461, 0.0261442, 0.0262016, 0.0663368, 0.0980615, 0.100799, 0.164494, 0.290866, 0.418693, 1, 

24,141,0.001, 0.016831, 0.0219461, 0.0261442, 0.0262016, 0.0663368, 0.0980615, 0.100799, 0.106911, 0.164494, 0.290866, 0.418693, 1, 

28,82,0.00255938, 0.001, 0.0219461, 0.0261442, 0.0262016, 0.0663368, 0.0980615, 0.100799, 0.106911, 0.17776, 0.217953, 0.418693, 1, 

Generation #46
26,96,0.001, 0.016831, 0.0219461, 0.0261442, 0.0262016, 0.0663368, 0.0980615, 0.100799, 0.164494, 0.290866, 0.418693, 1, 

27,94,0.00255938, 0.016831, 0.0219461, 0.0261442, 0.0262016, 0.0663368, 0.0980615, 0.100799, 0.164494, 0.164494, 0.17776, 0.418693, 1, 

25,118,0.00255938, 0.016831, 0.0219461, 0.0261442, 0.0262016, 0.0663368, 0.0980615, 0.100799, 0.164494, 0.290866, 0.418693, 1, 

24,141,0.001, 0.016831, 0.0219461, 0.0261442, 0.0262016, 0.0663368, 0.0980615, 0.100799, 0.106911, 0.164494, 0.290866, 0.418693, 1, 

28,82,0.00255938, 0.001, 0.0219461, 0.0261442, 0.0262016, 0.0663368, 0.0980615, 0.100799, 0.106911, 0.17776, 0.217953, 0.418693, 1, 

Generation #47
26,96,0.001, 0.016831, 0.0219461, 0.0261442, 0.0262016, 0.0663368, 0.0980615, 0.100799, 0.164494, 0.290866, 0.418693, 1, 

27,94,0.00255938, 0.016831, 0.0219461, 0.0261442, 0.0262016, 0.0663368, 0.0980615, 0.100799, 0.164494, 0.164494, 0.17776, 0.418693, 1, 

24,141,0.001, 0.016831, 0.0219461, 0.0261442, 0.0262016, 0.0663368, 0.0980615, 0.100799, 0.106911, 0.164494, 0.290866, 0.418693, 1, 

28,82,0.00255938, 0.001, 0.0219461, 0.0261442, 0.0262016, 0.0663368, 0.0980615, 0.100799, 0.106911, 0.17776, 0.217953, 0.418693, 1, 

25,115,0.00255938, 0.001, 0.0219461, 0.0261442, 0.0262016, 0.0663368, 0.100799, 0.106911, 0.106911, 0.17776, 0.217953, 0.418693, 1, 

Generation #48
26,96,0.001, 0.016831, 0.0219461, 0.0261442, 0.0262016, 0.0663368, 0.0980615, 0.100799, 0.164494, 0.290866, 0.418693, 1, 

27,94,0.00255938, 0.016831, 0.0219461, 0.0261442, 0.0262016, 0.0663368, 0.0980615, 0.100799, 0.164494, 0.164494, 0.17776, 0.418693, 1, 

24,141,0.001, 0.016831, 0.0219461, 0.0261442, 0.0262016, 0.0663368, 0.0980615, 0.100799, 0.106911, 0.164494, 0.290866, 0.418693, 1, 

28,82,0.00255938, 0.001, 0.0219461, 0.0261442, 0.0262016, 0.0663368, 0.0980615, 0.100799, 0.106911, 0.17776, 0.217953, 0.418693, 1, 

25,115,0.00255938, 0.001, 0.0219461, 0.0261442, 0.0262016, 0.0663368, 0.100799, 0.106911, 0.106911, 0.17776, 0.217953, 0.418693, 1, 

Generation #49
26,96,0.001, 0.016831, 0.0219461, 0.0261442, 0.0262016, 0.0663368, 0.0980615, 0.100799, 0.164494, 0.290866, 0.418693, 1, 

27,94,0.00255938, 0.016831, 0.0219461, 0.0261442, 0.0262016, 0.0663368, 0.0980615, 0.100799, 0.164494, 0.164494, 0.17776, 0.418693, 1, 

24,141,0.001, 0.016831, 0.0219461, 0.0261442, 0.0262016, 0.0663368, 0.0980615, 0.100799, 0.106911, 0.164494, 0.290866, 0.418693, 1, 

28,82,0.00255938, 0.001, 0.0219461, 0.0261442, 0.0262016, 0.0663368, 0.0980615, 0.100799, 0.106911, 0.17776, 0.217953, 0.418693, 1, 

25,115,0.00255938, 0.001, 0.0219461, 0.0261442, 0.0262016, 0.0663368, 0.100799, 0.106911, 0.106911, 0.17776, 0.217953, 0.418693, 1, 

--- Pareto Front Solutions ---
Solution 0: N total=66 (N_initial=40, N_added=26), Time total=117 ms, Saved to: ./results/SPINV_t2_l1_pareto_0.csv, percents=0.001, 0.016831, 0.0219461, 0.0261442, 0.0262016, 0.0663368, 0.0980615, 0.100799, 0.164494, 0.290866, 0.418693, 1, 

Solution 1: N total=67 (N_initial=40, N_added=27), Time total=115 ms, Saved to: ./results/SPINV_t2_l1_pareto_1.csv, percents=0.00255938, 0.016831, 0.0219461, 0.0261442, 0.0262016, 0.0663368, 0.0980615, 0.100799, 0.164494, 0.164494, 0.17776, 0.418693, 1, 

Solution 2: N total=64 (N_initial=40, N_added=24), Time total=162 ms, Saved to: ./results/SPINV_t2_l1_pareto_2.csv, percents=0.001, 0.016831, 0.0219461, 0.0261442, 0.0262016, 0.0663368, 0.0980615, 0.100799, 0.106911, 0.164494, 0.290866, 0.418693, 1, 

Solution 3: N total=68 (N_initial=40, N_added=28), Time total=103 ms, Saved to: ./results/SPINV_t2_l1_pareto_3.csv, percents=0.00255938, 0.001, 0.0219461, 0.0261442, 0.0262016, 0.0663368, 0.0980615, 0.100799, 0.106911, 0.17776, 0.217953, 0.418693, 1, 

Solution 4: N total=65 (N_initial=40, N_added=25), Time total=136 ms, Saved to: ./results/SPINV_t2_l1_pareto_4.csv, percents=0.00255938, 0.001, 0.0219461, 0.0261442, 0.0262016, 0.0663368, 0.100799, 0.106911, 0.106911, 0.17776, 0.217953, 0.418693, 1, 

------------d=1, t=2, lambda=2, filename=./evaluation/SPINV/SPINV_2_2.csv------------
Computing partitioned counts of d-sets...
Ready to look at pairs based on partitioned counts...
First Stage N=56, Time=18
There are 135 remaining non-locating pairs
--- Running GA Algorithm (phase2) ---
Running GA with std::execution::par
Generation #0
33,80,0.001, 0.152802, 0.189775, 0.21913, 0.314366, 0.334476, 0.369775, 0.453608, 0.573114, 0.652632, 0.857747, 1, 

45,41,0.001, 0.0380827, 0.0420356, 0.0427376, 0.10646, 0.142517, 0.159047, 0.173357, 0.191263, 0.26646, 0.272308, 0.28335, 0.28769, 0.336133, 0.339597, 0.38479, 0.41512, 0.42257, 0.444572, 0.493451, 0.497401, 0.556408, 0.570253, 0.649179, 0.701923, 0.710236, 0.742585, 0.781366, 0.831403, 1, 

43,48,0.001, 0.0483494, 0.0637429, 0.0713233, 0.0981744, 0.103866, 0.116457, 0.11775, 0.131386, 0.150814, 0.165324, 0.193601, 0.24037, 0.256476, 0.348044, 0.388498, 0.421521, 0.483886, 0.543114, 0.545035, 0.63807, 0.732823, 0.739755, 0.849925, 0.850222, 0.856326, 0.974587, 0.982654, 1, 

39,55,0.001, 0.0518457, 0.0621631, 0.0889246, 0.0929954, 0.223268, 0.250253, 0.276866, 0.294955, 0.504508, 0.616729, 0.658592, 0.700796, 0.880273, 0.898066, 0.930557, 0.936288, 0.944179, 1, 

38,60,0.001, 0.0735103, 0.0952476, 0.265913, 0.281666, 0.34356, 0.35222, 0.39441, 0.438826, 0.440697, 0.450921, 0.456348, 0.511676, 0.51174, 0.554353, 0.559971, 0.698514, 0.938583, 0.947607, 0.958844, 1, 

44,43,0.001, 0.0239972, 0.0354908, 0.0549538, 0.0582802, 0.0769827, 0.161334, 0.26712, 0.275349, 0.275644, 0.323097, 0.384298, 0.395208, 0.481972, 0.513484, 0.582244, 0.587624, 0.609729, 0.649729, 0.679344, 0.698065, 0.714037, 0.721092, 0.820496, 0.933258, 0.946468, 0.95386, 1, 

29,96,0.001, 0.198673, 0.215398, 0.241369, 0.284304, 0.480978, 0.703063, 0.780741, 0.85378, 0.883731, 0.935251, 1, 

37,63,0.001, 0.0819998, 0.102722, 0.122184, 0.125568, 0.287554, 0.321962, 0.333565, 0.371792, 0.403761, 0.646121, 0.669059, 0.67545, 0.862991, 0.90097, 0.934757, 1, 

Generation #1
34,26,0.001, 0.0417837, 0.055951, 0.0694456, 0.092038, 0.108738, 0.163384, 0.200828, 0.21641, 0.293728, 0.31517, 0.32385, 0.378805, 0.410921, 0.446941, 0.534484, 0.545809, 0.316404, 1, 

30,52,0.001, 0.0483494, 0.0637429, 0.0713233, 0.0981744, 0.103866, 0.116457, 0.11775, 0.131386, 0.150814, 0.165324, 1, 

27,54,0.001, 0.0819998, 0.102722, 0.122184, 0.125568, 0.465466, 0.493822, 0.655353, 0.657823, 0.777042, 1, 

Generation #2
34,26,0.001, 0.0417837, 0.055951, 0.0694456, 0.092038, 0.108738, 0.163384, 0.200828, 0.21641, 0.293728, 0.31517, 0.32385, 0.378805, 0.410921, 0.446941, 0.534484, 0.545809, 0.316404, 1, 

27,54,0.001, 0.0819998, 0.102722, 0.122184, 0.125568, 0.465466, 0.493822, 0.655353, 0.657823, 0.777042, 1, 

32,35,0.001, 0.0407795, 0.0754047, 0.0861286, 0.103581, 0.11014, 0.125808, 0.127135, 0.205988, 0.212444, 0.23542, 0.264655, 0.323685, 0.354725, 0.396735, 1, 

29,49,0.001, 0.0129843, 0.0272973, 0.0939644, 0.153875, 0.103866, 0.116457, 0.11775, 0.131386, 0.165324, 1, 

Generation #3
34,26,0.001, 0.0417837, 0.055951, 0.0694456, 0.092038, 0.108738, 0.163384, 0.200828, 0.21641, 0.293728, 0.31517, 0.32385, 0.378805, 0.410921, 0.446941, 0.534484, 0.545809, 0.316404, 1, 

27,54,0.001, 0.0819998, 0.102722, 0.122184, 0.125568, 0.465466, 0.493822, 0.655353, 0.657823, 0.777042, 1, 

32,35,0.001, 0.0407795, 0.0754047, 0.0861286, 0.103581, 0.11014, 0.125808, 0.127135, 0.205988, 0.212444, 0.23542, 0.264655, 0.323685, 0.354725, 0.396735, 1, 

29,49,0.001, 0.0129843, 0.0272973, 0.0939644, 0.153875, 0.103866, 0.116457, 0.11775, 0.131386, 0.165324, 1, 

30,40,0.001, 0.0417837, 0.10686, 0.0694456, 0.092038, 0.108738, 0.163384, 0.200828, 0.21641, 0.293728, 0.31517, 0.742926, 1, 

Generation #4
34,26,0.001, 0.0417837, 0.055951, 0.0694456, 0.092038, 0.108738, 0.163384, 0.200828, 0.21641, 0.293728, 0.31517, 0.32385, 0.378805, 0.410921, 0.446941, 0.534484, 0.545809, 0.316404, 1, 

29,32,0.001, 0.0380827, 0.0420356, 0.00292411, 0.0427376, 0.10646, 0.142517, 0.159047, 0.173357, 0.191263, 0.26646, 0.272308, 0.28335, 1, 

32,31,0.001, 0.0483494, 0.0637429, 0.0713233, 0.0981744, 0.103866, 0.116457, 0.11775, 0.131386, 0.150814, 0.473222, 0.541376, 0.323685, 0.354725, 0.396735, 1, 

26,43,0.001, 0.0129843, 0.0272973, 0.0939644, 0.153875, 0.103866, 0.116457, 0.11775, 0.131386, 0.165324, 1, 

Generation #5
26,43,0.001, 0.0129843, 0.0272973, 0.0939644, 0.153875, 0.103866, 0.116457, 0.11775, 0.131386, 0.165324, 1, 

27,31,0.001, 0.0129843, 0.0272973, 0.0939644, 0.153875, 0.103866, 0.116457, 0.11775, 0.131386, 0.150814, 0.165324, 1, 

29,26,0.001, 0.0239972, 0.0354908, 0.0582802, 0.0427376, 0.10646, 0.142517, 0.159047, 0.173357, 0.191263, 0.26646, 0.272308, 0.28335, 1, 

Generation #6
26,43,0.001, 0.0129843, 0.0272973, 0.0939644, 0.153875, 0.103866, 0.116457, 0.11775, 0.131386, 0.165324, 1, 

27,31,0.001, 0.0129843, 0.0272973, 0.0939644, 0.153875, 0.103866, 0.116457, 0.11775, 0.131386, 0.150814, 0.165324, 1, 

29,26,0.001, 0.0239972, 0.0354908, 0.0582802, 0.0427376, 0.10646, 0.142517, 0.159047, 0.173357, 0.191263, 0.26646, 0.272308, 0.28335, 1, 

Generation #7
26,43,0.001, 0.0129843, 0.0272973, 0.0939644, 0.153875, 0.103866, 0.116457, 0.11775, 0.131386, 0.165324, 1, 

27,31,0.001, 0.0129843, 0.0272973, 0.0939644, 0.153875, 0.103866, 0.116457, 0.11775, 0.131386, 0.150814, 0.165324, 1, 

29,26,0.001, 0.0239972, 0.0354908, 0.0582802, 0.0427376, 0.10646, 0.142517, 0.159047, 0.173357, 0.191263, 0.26646, 0.272308, 0.28335, 1, 

Generation #8
26,43,0.001, 0.0129843, 0.0272973, 0.0939644, 0.153875, 0.103866, 0.116457, 0.11775, 0.131386, 0.165324, 1, 

27,31,0.001, 0.0129843, 0.0272973, 0.0939644, 0.153875, 0.103866, 0.116457, 0.11775, 0.131386, 0.150814, 0.165324, 1, 

29,26,0.001, 0.0239972, 0.0354908, 0.0582802, 0.0427376, 0.10646, 0.142517, 0.159047, 0.173357, 0.191263, 0.26646, 0.272308, 0.28335, 1, 

44,25,0.001, 0.0380827, 0.0420356, 0.00292411, 0.0427376, 0.10646, 0.142517, 0.159047, 0.173357, 0.191263, 0.26646, 0.272308, 0.28335, 0.387365, 0.399533, 0.452394, 0.319823, 0.489178, 0.510529, 0.571678, 0.687177, 0.730498, 0.844978, 0.952932, 0.997375, 1, 

Generation #9
27,31,0.001, 0.0129843, 0.0272973, 0.0939644, 0.153875, 0.103866, 0.116457, 0.11775, 0.131386, 0.150814, 0.165324, 1, 

29,26,0.001, 0.0239972, 0.0354908, 0.0582802, 0.0427376, 0.10646, 0.142517, 0.159047, 0.173357, 0.191263, 0.26646, 0.272308, 0.28335, 1, 

44,25,0.001, 0.0380827, 0.0420356, 0.00292411, 0.0427376, 0.10646, 0.142517, 0.159047, 0.173357, 0.191263, 0.26646, 0.272308, 0.28335, 0.387365, 0.399533, 0.452394, 0.319823, 0.489178, 0.510529, 0.571678, 0.687177, 0.730498, 0.844978, 0.952932, 0.997375, 1, 

25,43,0.001, 0.0239972, 0.0354908, 0.0889246, 0.0929954, 0.125808, 0.127135, 0.32426, 0.191425, 1, 

26,41,0.001, 0.0518457, 0.0621631, 0.0889246, 0.0929954, 0.15122, 0.159026, 0.21603, 0.657823, 0.777042, 1, 

Generation #10
25,43,0.001, 0.0239972, 0.0354908, 0.0889246, 0.0929954, 0.125808, 0.127135, 0.32426, 0.191425, 1, 

26,20,0.001, 0.0247468, 0.0310719, 0.0642394, 0.104271, 0.15122, 0.159026, 0.21603, 0.222011, 0.293728, 0.31517, 0.742926, 1, 

Generation #11
26,20,0.001, 0.0247468, 0.0310719, 0.0642394, 0.104271, 0.15122, 0.159026, 0.21603, 0.222011, 0.293728, 0.31517, 0.742926, 1, 

25,31,0.001, 0.0417837, 0.055951, 0.0694456, 0.092038, 0.108738, 0.163384, 0.200828, 0.770187, 0.777042, 1, 

Generation #12
26,20,0.001, 0.0247468, 0.0310719, 0.0642394, 0.104271, 0.15122, 0.159026, 0.21603, 0.222011, 0.293728, 0.31517, 0.742926, 1, 

25,31,0.001, 0.0417837, 0.055951, 0.0694456, 0.092038, 0.108738, 0.163384, 0.200828, 0.770187, 0.777042, 1, 

38,16,0.001, 0.0239972, 0.0420356, 0.00292411, 0.0427376, 0.10646, 0.142517, 0.159047, 0.173357, 0.191263, 0.26646, 0.272308, 0.28335, 0.387365, 0.399533, 0.452394, 0.319823, 0.489178, 0.510529, 0.571678, 0.687177, 0.730498, 0.844978, 0.952932, 0.997375, 1, 

Generation #13
26,20,0.001, 0.0247468, 0.0310719, 0.0642394, 0.104271, 0.15122, 0.159026, 0.21603, 0.222011, 0.293728, 0.31517, 0.742926, 1, 

25,31,0.001, 0.0417837, 0.055951, 0.0694456, 0.092038, 0.108738, 0.163384, 0.200828, 0.770187, 0.777042, 1, 

38,16,0.001, 0.0239972, 0.0420356, 0.00292411, 0.0427376, 0.10646, 0.142517, 0.159047, 0.173357, 0.191263, 0.26646, 0.272308, 0.28335, 0.387365, 0.399533, 0.452394, 0.319823, 0.489178, 0.510529, 0.571678, 0.687177, 0.730498, 0.844978, 0.952932, 0.997375, 1, 

Generation #14
26,20,0.001, 0.0247468, 0.0310719, 0.0642394, 0.104271, 0.15122, 0.159026, 0.21603, 0.222011, 0.293728, 0.31517, 0.742926, 1, 

25,31,0.001, 0.0417837, 0.055951, 0.0694456, 0.092038, 0.108738, 0.163384, 0.200828, 0.770187, 0.777042, 1, 

38,16,0.001, 0.0239972, 0.0420356, 0.00292411, 0.0427376, 0.10646, 0.142517, 0.159047, 0.173357, 0.191263, 0.26646, 0.272308, 0.28335, 0.387365, 0.399533, 0.452394, 0.319823, 0.489178, 0.510529, 0.571678, 0.687177, 0.730498, 0.844978, 0.952932, 0.997375, 1, 

Generation #15
26,20,0.001, 0.0247468, 0.0310719, 0.0642394, 0.104271, 0.15122, 0.159026, 0.21603, 0.222011, 0.293728, 0.31517, 0.742926, 1, 

25,31,0.001, 0.0417837, 0.055951, 0.0694456, 0.092038, 0.108738, 0.163384, 0.200828, 0.770187, 0.777042, 1, 

38,16,0.001, 0.0239972, 0.0420356, 0.00292411, 0.0427376, 0.10646, 0.142517, 0.159047, 0.173357, 0.191263, 0.26646, 0.272308, 0.28335, 0.387365, 0.399533, 0.452394, 0.319823, 0.489178, 0.510529, 0.571678, 0.687177, 0.730498, 0.844978, 0.952932, 0.997375, 1, 

Generation #16
26,20,0.001, 0.0247468, 0.0310719, 0.0642394, 0.104271, 0.15122, 0.159026, 0.21603, 0.222011, 0.293728, 0.31517, 0.742926, 1, 

25,31,0.001, 0.0417837, 0.055951, 0.0694456, 0.092038, 0.108738, 0.163384, 0.200828, 0.770187, 0.777042, 1, 

38,16,0.001, 0.0239972, 0.0420356, 0.00292411, 0.0427376, 0.10646, 0.142517, 0.159047, 0.173357, 0.191263, 0.26646, 0.272308, 0.28335, 0.387365, 0.399533, 0.452394, 0.319823, 0.489178, 0.510529, 0.571678, 0.687177, 0.730498, 0.844978, 0.952932, 0.997375, 1, 

Generation #17
26,20,0.001, 0.0247468, 0.0310719, 0.0642394, 0.104271, 0.15122, 0.159026, 0.21603, 0.222011, 0.293728, 0.31517, 0.742926, 1, 

25,31,0.001, 0.0417837, 0.055951, 0.0694456, 0.092038, 0.108738, 0.163384, 0.200828, 0.770187, 0.777042, 1, 

38,16,0.001, 0.0239972, 0.0420356, 0.00292411, 0.0427376, 0.10646, 0.142517, 0.159047, 0.173357, 0.191263, 0.26646, 0.272308, 0.28335, 0.387365, 0.399533, 0.452394, 0.319823, 0.489178, 0.510529, 0.571678, 0.687177, 0.730498, 0.844978, 0.952932, 0.997375, 1, 

Generation #18
26,20,0.001, 0.0247468, 0.0310719, 0.0642394, 0.104271, 0.15122, 0.159026, 0.21603, 0.222011, 0.293728, 0.31517, 0.742926, 1, 

25,31,0.001, 0.0417837, 0.055951, 0.0694456, 0.092038, 0.108738, 0.163384, 0.200828, 0.770187, 0.777042, 1, 

38,16,0.001, 0.0239972, 0.0420356, 0.00292411, 0.0427376, 0.10646, 0.142517, 0.159047, 0.173357, 0.191263, 0.26646, 0.272308, 0.28335, 0.387365, 0.399533, 0.452394, 0.319823, 0.489178, 0.510529, 0.571678, 0.687177, 0.730498, 0.844978, 0.952932, 0.997375, 1, 

Generation #19
26,20,0.001, 0.0247468, 0.0310719, 0.0642394, 0.104271, 0.15122, 0.159026, 0.21603, 0.222011, 0.293728, 0.31517, 0.742926, 1, 

25,31,0.001, 0.0417837, 0.055951, 0.0694456, 0.092038, 0.108738, 0.163384, 0.200828, 0.770187, 0.777042, 1, 

38,16,0.001, 0.0239972, 0.0420356, 0.00292411, 0.0427376, 0.10646, 0.142517, 0.159047, 0.173357, 0.191263, 0.26646, 0.272308, 0.28335, 0.387365, 0.399533, 0.452394, 0.319823, 0.489178, 0.510529, 0.571678, 0.687177, 0.730498, 0.844978, 0.952932, 0.997375, 1, 

Generation #20
26,20,0.001, 0.0247468, 0.0310719, 0.0642394, 0.104271, 0.15122, 0.159026, 0.21603, 0.222011, 0.293728, 0.31517, 0.742926, 1, 

38,16,0.001, 0.0239972, 0.0420356, 0.00292411, 0.0427376, 0.10646, 0.142517, 0.159047, 0.173357, 0.191263, 0.26646, 0.272308, 0.28335, 0.387365, 0.399533, 0.452394, 0.319823, 0.489178, 0.510529, 0.571678, 0.687177, 0.730498, 0.844978, 0.952932, 0.997375, 1, 

25,25,0.001, 0.0239972, 0.0354908, 0.0549538, 0.103581, 0.11014, 0.125808, 0.127135, 0.205988, 0.212444, 0.23542, 1, 

Generation #21
26,20,0.001, 0.0247468, 0.0310719, 0.0642394, 0.104271, 0.15122, 0.159026, 0.21603, 0.222011, 0.293728, 0.31517, 0.742926, 1, 

38,16,0.001, 0.0239972, 0.0420356, 0.00292411, 0.0427376, 0.10646, 0.142517, 0.159047, 0.173357, 0.191263, 0.26646, 0.272308, 0.28335, 0.387365, 0.399533, 0.452394, 0.319823, 0.489178, 0.510529, 0.571678, 0.687177, 0.730498, 0.844978, 0.952932, 0.997375, 1, 

25,25,0.001, 0.0239972, 0.0354908, 0.0549538, 0.103581, 0.11014, 0.125808, 0.127135, 0.205988, 0.212444, 0.23542, 1, 

Generation #22
26,20,0.001, 0.0247468, 0.0310719, 0.0642394, 0.104271, 0.15122, 0.159026, 0.21603, 0.222011, 0.293728, 0.31517, 0.742926, 1, 

38,16,0.001, 0.0239972, 0.0420356, 0.00292411, 0.0427376, 0.10646, 0.142517, 0.159047, 0.173357, 0.191263, 0.26646, 0.272308, 0.28335, 0.387365, 0.399533, 0.452394, 0.319823, 0.489178, 0.510529, 0.571678, 0.687177, 0.730498, 0.844978, 0.952932, 0.997375, 1, 

25,25,0.001, 0.0239972, 0.0354908, 0.0549538, 0.103581, 0.11014, 0.125808, 0.127135, 0.205988, 0.212444, 0.23542, 1, 

Generation #23
26,20,0.001, 0.0247468, 0.0310719, 0.0642394, 0.104271, 0.15122, 0.159026, 0.21603, 0.222011, 0.293728, 0.31517, 0.742926, 1, 

38,16,0.001, 0.0239972, 0.0420356, 0.00292411, 0.0427376, 0.10646, 0.142517, 0.159047, 0.173357, 0.191263, 0.26646, 0.272308, 0.28335, 0.387365, 0.399533, 0.452394, 0.319823, 0.489178, 0.510529, 0.571678, 0.687177, 0.730498, 0.844978, 0.952932, 0.997375, 1, 

25,25,0.001, 0.0239972, 0.0354908, 0.0549538, 0.103581, 0.11014, 0.125808, 0.127135, 0.205988, 0.212444, 0.23542, 1, 

Generation #24
26,20,0.001, 0.0247468, 0.0310719, 0.0642394, 0.104271, 0.15122, 0.159026, 0.21603, 0.222011, 0.293728, 0.31517, 0.742926, 1, 

38,16,0.001, 0.0239972, 0.0420356, 0.00292411, 0.0427376, 0.10646, 0.142517, 0.159047, 0.173357, 0.191263, 0.26646, 0.272308, 0.28335, 0.387365, 0.399533, 0.452394, 0.319823, 0.489178, 0.510529, 0.571678, 0.687177, 0.730498, 0.844978, 0.952932, 0.997375, 1, 

25,25,0.001, 0.0239972, 0.0354908, 0.0549538, 0.103581, 0.11014, 0.125808, 0.127135, 0.205988, 0.212444, 0.23542, 1, 

Generation #25
26,20,0.001, 0.0247468, 0.0310719, 0.0642394, 0.104271, 0.15122, 0.159026, 0.21603, 0.222011, 0.293728, 0.31517, 0.742926, 1, 

38,16,0.001, 0.0239972, 0.0420356, 0.00292411, 0.0427376, 0.10646, 0.142517, 0.159047, 0.173357, 0.191263, 0.26646, 0.272308, 0.28335, 0.387365, 0.399533, 0.452394, 0.319823, 0.489178, 0.510529, 0.571678, 0.687177, 0.730498, 0.844978, 0.952932, 0.997375, 1, 

25,25,0.001, 0.0239972, 0.0354908, 0.0549538, 0.103581, 0.11014, 0.125808, 0.127135, 0.205988, 0.212444, 0.23542, 1, 

24,52,0.001, 0.0239972, 0.0354908, 0.0861286, 0.103581, 0.11014, 0.127135, 0.32426, 1, 

Generation #26
26,20,0.001, 0.0247468, 0.0310719, 0.0642394, 0.104271, 0.15122, 0.159026, 0.21603, 0.222011, 0.293728, 0.31517, 0.742926, 1, 

38,16,0.001, 0.0239972, 0.0420356, 0.00292411, 0.0427376, 0.10646, 0.142517, 0.159047, 0.173357, 0.191263, 0.26646, 0.272308, 0.28335, 0.387365, 0.399533, 0.452394, 0.319823, 0.489178, 0.510529, 0.571678, 0.687177, 0.730498, 0.844978, 0.952932, 0.997375, 1, 

25,25,0.001, 0.0239972, 0.0354908, 0.0549538, 0.103581, 0.11014, 0.125808, 0.127135, 0.205988, 0.212444, 0.23542, 1, 

24,52,0.001, 0.0239972, 0.0354908, 0.0861286, 0.103581, 0.11014, 0.127135, 0.32426, 1, 

Generation #27
26,20,0.001, 0.0247468, 0.0310719, 0.0642394, 0.104271, 0.15122, 0.159026, 0.21603, 0.222011, 0.293728, 0.31517, 0.742926, 1, 

38,16,0.001, 0.0239972, 0.0420356, 0.00292411, 0.0427376, 0.10646, 0.142517, 0.159047, 0.173357, 0.191263, 0.26646, 0.272308, 0.28335, 0.387365, 0.399533, 0.452394, 0.319823, 0.489178, 0.510529, 0.571678, 0.687177, 0.730498, 0.844978, 0.952932, 0.997375, 1, 

25,25,0.001, 0.0239972, 0.0354908, 0.0549538, 0.103581, 0.11014, 0.125808, 0.127135, 0.205988, 0.212444, 0.23542, 1, 

24,52,0.001, 0.0239972, 0.0354908, 0.0861286, 0.103581, 0.11014, 0.127135, 0.32426, 1, 

Generation #28
26,20,0.001, 0.0247468, 0.0310719, 0.0642394, 0.104271, 0.15122, 0.159026, 0.21603, 0.222011, 0.293728, 0.31517, 0.742926, 1, 

38,16,0.001, 0.0239972, 0.0420356, 0.00292411, 0.0427376, 0.10646, 0.142517, 0.159047, 0.173357, 0.191263, 0.26646, 0.272308, 0.28335, 0.387365, 0.399533, 0.452394, 0.319823, 0.489178, 0.510529, 0.571678, 0.687177, 0.730498, 0.844978, 0.952932, 0.997375, 1, 

25,25,0.001, 0.0239972, 0.0354908, 0.0549538, 0.103581, 0.11014, 0.125808, 0.127135, 0.205988, 0.212444, 0.23542, 1, 

24,52,0.001, 0.0239972, 0.0354908, 0.0861286, 0.103581, 0.11014, 0.127135, 0.32426, 1, 

Generation #29
26,20,0.001, 0.0247468, 0.0310719, 0.0642394, 0.104271, 0.15122, 0.159026, 0.21603, 0.222011, 0.293728, 0.31517, 0.742926, 1, 

38,16,0.001, 0.0239972, 0.0420356, 0.00292411, 0.0427376, 0.10646, 0.142517, 0.159047, 0.173357, 0.191263, 0.26646, 0.272308, 0.28335, 0.387365, 0.399533, 0.452394, 0.319823, 0.489178, 0.510529, 0.571678, 0.687177, 0.730498, 0.844978, 0.952932, 0.997375, 1, 

25,25,0.001, 0.0239972, 0.0354908, 0.0549538, 0.103581, 0.11014, 0.125808, 0.127135, 0.205988, 0.212444, 0.23542, 1, 

24,52,0.001, 0.0239972, 0.0354908, 0.0861286, 0.103581, 0.11014, 0.127135, 0.32426, 1, 

Generation #30
26,20,0.001, 0.0247468, 0.0310719, 0.0642394, 0.104271, 0.15122, 0.159026, 0.21603, 0.222011, 0.293728, 0.31517, 0.742926, 1, 

38,16,0.001, 0.0239972, 0.0420356, 0.00292411, 0.0427376, 0.10646, 0.142517, 0.159047, 0.173357, 0.191263, 0.26646, 0.272308, 0.28335, 0.387365, 0.399533, 0.452394, 0.319823, 0.489178, 0.510529, 0.571678, 0.687177, 0.730498, 0.844978, 0.952932, 0.997375, 1, 

25,25,0.001, 0.0239972, 0.0354908, 0.0549538, 0.103581, 0.11014, 0.125808, 0.127135, 0.205988, 0.212444, 0.23542, 1, 

24,52,0.001, 0.0239972, 0.0354908, 0.0861286, 0.103581, 0.11014, 0.127135, 0.32426, 1, 

Generation #31
26,20,0.001, 0.0247468, 0.0310719, 0.0642394, 0.104271, 0.15122, 0.159026, 0.21603, 0.222011, 0.293728, 0.31517, 0.742926, 1, 

38,16,0.001, 0.0239972, 0.0420356, 0.00292411, 0.0427376, 0.10646, 0.142517, 0.159047, 0.173357, 0.191263, 0.26646, 0.272308, 0.28335, 0.387365, 0.399533, 0.452394, 0.319823, 0.489178, 0.510529, 0.571678, 0.687177, 0.730498, 0.844978, 0.952932, 0.997375, 1, 

25,25,0.001, 0.0239972, 0.0354908, 0.0549538, 0.103581, 0.11014, 0.125808, 0.127135, 0.205988, 0.212444, 0.23542, 1, 

24,52,0.001, 0.0239972, 0.0354908, 0.0861286, 0.103581, 0.11014, 0.127135, 0.32426, 1, 

Generation #32
26,20,0.001, 0.0247468, 0.0310719, 0.0642394, 0.104271, 0.15122, 0.159026, 0.21603, 0.222011, 0.293728, 0.31517, 0.742926, 1, 

38,16,0.001, 0.0239972, 0.0420356, 0.00292411, 0.0427376, 0.10646, 0.142517, 0.159047, 0.173357, 0.191263, 0.26646, 0.272308, 0.28335, 0.387365, 0.399533, 0.452394, 0.319823, 0.489178, 0.510529, 0.571678, 0.687177, 0.730498, 0.844978, 0.952932, 0.997375, 1, 

25,25,0.001, 0.0239972, 0.0354908, 0.0549538, 0.103581, 0.11014, 0.125808, 0.127135, 0.205988, 0.212444, 0.23542, 1, 

24,52,0.001, 0.0239972, 0.0354908, 0.0861286, 0.103581, 0.11014, 0.127135, 0.32426, 1, 

Generation #33
26,20,0.001, 0.0247468, 0.0310719, 0.0642394, 0.104271, 0.15122, 0.159026, 0.21603, 0.222011, 0.293728, 0.31517, 0.742926, 1, 

38,16,0.001, 0.0239972, 0.0420356, 0.00292411, 0.0427376, 0.10646, 0.142517, 0.159047, 0.173357, 0.191263, 0.26646, 0.272308, 0.28335, 0.387365, 0.399533, 0.452394, 0.319823, 0.489178, 0.510529, 0.571678, 0.687177, 0.730498, 0.844978, 0.952932, 0.997375, 1, 

25,25,0.001, 0.0239972, 0.0354908, 0.0549538, 0.103581, 0.11014, 0.125808, 0.127135, 0.205988, 0.212444, 0.23542, 1, 

24,52,0.001, 0.0239972, 0.0354908, 0.0861286, 0.103581, 0.11014, 0.127135, 0.32426, 1, 

28,19,0.001, 0.0239972, 0.0354908, 0.0549538, 0.103581, 0.11014, 0.11775, 0.131386, 0.150814, 0.165324, 0.193601, 0.24037, 0.256476, 0.348044, 0.388498, 1, 

Generation #34
26,20,0.001, 0.0247468, 0.0310719, 0.0642394, 0.104271, 0.15122, 0.159026, 0.21603, 0.222011, 0.293728, 0.31517, 0.742926, 1, 

38,16,0.001, 0.0239972, 0.0420356, 0.00292411, 0.0427376, 0.10646, 0.142517, 0.159047, 0.173357, 0.191263, 0.26646, 0.272308, 0.28335, 0.387365, 0.399533, 0.452394, 0.319823, 0.489178, 0.510529, 0.571678, 0.687177, 0.730498, 0.844978, 0.952932, 0.997375, 1, 

25,25,0.001, 0.0239972, 0.0354908, 0.0549538, 0.103581, 0.11014, 0.125808, 0.127135, 0.205988, 0.212444, 0.23542, 1, 

24,52,0.001, 0.0239972, 0.0354908, 0.0861286, 0.103581, 0.11014, 0.127135, 0.32426, 1, 

28,19,0.001, 0.0239972, 0.0354908, 0.0549538, 0.103581, 0.11014, 0.11775, 0.131386, 0.150814, 0.165324, 0.193601, 0.24037, 0.256476, 0.348044, 0.388498, 1, 

Generation #35
26,20,0.001, 0.0247468, 0.0310719, 0.0642394, 0.104271, 0.15122, 0.159026, 0.21603, 0.222011, 0.293728, 0.31517, 0.742926, 1, 

38,16,0.001, 0.0239972, 0.0420356, 0.00292411, 0.0427376, 0.10646, 0.142517, 0.159047, 0.173357, 0.191263, 0.26646, 0.272308, 0.28335, 0.387365, 0.399533, 0.452394, 0.319823, 0.489178, 0.510529, 0.571678, 0.687177, 0.730498, 0.844978, 0.952932, 0.997375, 1, 

25,25,0.001, 0.0239972, 0.0354908, 0.0549538, 0.103581, 0.11014, 0.125808, 0.127135, 0.205988, 0.212444, 0.23542, 1, 

24,52,0.001, 0.0239972, 0.0354908, 0.0861286, 0.103581, 0.11014, 0.127135, 0.32426, 1, 

28,19,0.001, 0.0239972, 0.0354908, 0.0549538, 0.103581, 0.11014, 0.11775, 0.131386, 0.150814, 0.165324, 0.193601, 0.24037, 0.256476, 0.348044, 0.388498, 1, 

Generation #36
26,20,0.001, 0.0247468, 0.0310719, 0.0642394, 0.104271, 0.15122, 0.159026, 0.21603, 0.222011, 0.293728, 0.31517, 0.742926, 1, 

38,16,0.001, 0.0239972, 0.0420356, 0.00292411, 0.0427376, 0.10646, 0.142517, 0.159047, 0.173357, 0.191263, 0.26646, 0.272308, 0.28335, 0.387365, 0.399533, 0.452394, 0.319823, 0.489178, 0.510529, 0.571678, 0.687177, 0.730498, 0.844978, 0.952932, 0.997375, 1, 

25,25,0.001, 0.0239972, 0.0354908, 0.0549538, 0.103581, 0.11014, 0.125808, 0.127135, 0.205988, 0.212444, 0.23542, 1, 

24,52,0.001, 0.0239972, 0.0354908, 0.0861286, 0.103581, 0.11014, 0.127135, 0.32426, 1, 

28,19,0.001, 0.0239972, 0.0354908, 0.0549538, 0.103581, 0.11014, 0.11775, 0.131386, 0.150814, 0.165324, 0.193601, 0.24037, 0.256476, 0.348044, 0.388498, 1, 

Generation #37
26,20,0.001, 0.0247468, 0.0310719, 0.0642394, 0.104271, 0.15122, 0.159026, 0.21603, 0.222011, 0.293728, 0.31517, 0.742926, 1, 

38,16,0.001, 0.0239972, 0.0420356, 0.00292411, 0.0427376, 0.10646, 0.142517, 0.159047, 0.173357, 0.191263, 0.26646, 0.272308, 0.28335, 0.387365, 0.399533, 0.452394, 0.319823, 0.489178, 0.510529, 0.571678, 0.687177, 0.730498, 0.844978, 0.952932, 0.997375, 1, 

25,25,0.001, 0.0239972, 0.0354908, 0.0549538, 0.103581, 0.11014, 0.125808, 0.127135, 0.205988, 0.212444, 0.23542, 1, 

24,52,0.001, 0.0239972, 0.0354908, 0.0861286, 0.103581, 0.11014, 0.127135, 0.32426, 1, 

28,19,0.001, 0.0239972, 0.0354908, 0.0549538, 0.103581, 0.11014, 0.11775, 0.131386, 0.150814, 0.165324, 0.193601, 0.24037, 0.256476, 0.348044, 0.388498, 1, 

Generation #38
26,20,0.001, 0.0247468, 0.0310719, 0.0642394, 0.104271, 0.15122, 0.159026, 0.21603, 0.222011, 0.293728, 0.31517, 0.742926, 1, 

38,16,0.001, 0.0239972, 0.0420356, 0.00292411, 0.0427376, 0.10646, 0.142517, 0.159047, 0.173357, 0.191263, 0.26646, 0.272308, 0.28335, 0.387365, 0.399533, 0.452394, 0.319823, 0.489178, 0.510529, 0.571678, 0.687177, 0.730498, 0.844978, 0.952932, 0.997375, 1, 

25,25,0.001, 0.0239972, 0.0354908, 0.0549538, 0.103581, 0.11014, 0.125808, 0.127135, 0.205988, 0.212444, 0.23542, 1, 

24,52,0.001, 0.0239972, 0.0354908, 0.0861286, 0.103581, 0.11014, 0.127135, 0.32426, 1, 

28,19,0.001, 0.0239972, 0.0354908, 0.0549538, 0.103581, 0.11014, 0.11775, 0.131386, 0.150814, 0.165324, 0.193601, 0.24037, 0.256476, 0.348044, 0.388498, 1, 

Generation #39
26,20,0.001, 0.0247468, 0.0310719, 0.0642394, 0.104271, 0.15122, 0.159026, 0.21603, 0.222011, 0.293728, 0.31517, 0.742926, 1, 

38,16,0.001, 0.0239972, 0.0420356, 0.00292411, 0.0427376, 0.10646, 0.142517, 0.159047, 0.173357, 0.191263, 0.26646, 0.272308, 0.28335, 0.387365, 0.399533, 0.452394, 0.319823, 0.489178, 0.510529, 0.571678, 0.687177, 0.730498, 0.844978, 0.952932, 0.997375, 1, 

25,25,0.001, 0.0239972, 0.0354908, 0.0549538, 0.103581, 0.11014, 0.125808, 0.127135, 0.205988, 0.212444, 0.23542, 1, 

24,52,0.001, 0.0239972, 0.0354908, 0.0861286, 0.103581, 0.11014, 0.127135, 0.32426, 1, 

28,19,0.001, 0.0239972, 0.0354908, 0.0549538, 0.103581, 0.11014, 0.11775, 0.131386, 0.150814, 0.165324, 0.193601, 0.24037, 0.256476, 0.348044, 0.388498, 1, 

Generation #40
26,20,0.001, 0.0247468, 0.0310719, 0.0642394, 0.104271, 0.15122, 0.159026, 0.21603, 0.222011, 0.293728, 0.31517, 0.742926, 1, 

38,16,0.001, 0.0239972, 0.0420356, 0.00292411, 0.0427376, 0.10646, 0.142517, 0.159047, 0.173357, 0.191263, 0.26646, 0.272308, 0.28335, 0.387365, 0.399533, 0.452394, 0.319823, 0.489178, 0.510529, 0.571678, 0.687177, 0.730498, 0.844978, 0.952932, 0.997375, 1, 

25,25,0.001, 0.0239972, 0.0354908, 0.0549538, 0.103581, 0.11014, 0.125808, 0.127135, 0.205988, 0.212444, 0.23542, 1, 

24,52,0.001, 0.0239972, 0.0354908, 0.0861286, 0.103581, 0.11014, 0.127135, 0.32426, 1, 

28,19,0.001, 0.0239972, 0.0354908, 0.0549538, 0.103581, 0.11014, 0.11775, 0.131386, 0.150814, 0.165324, 0.193601, 0.24037, 0.256476, 0.348044, 0.388498, 1, 

Generation #41
26,20,0.001, 0.0247468, 0.0310719, 0.0642394, 0.104271, 0.15122, 0.159026, 0.21603, 0.222011, 0.293728, 0.31517, 0.742926, 1, 

38,16,0.001, 0.0239972, 0.0420356, 0.00292411, 0.0427376, 0.10646, 0.142517, 0.159047, 0.173357, 0.191263, 0.26646, 0.272308, 0.28335, 0.387365, 0.399533, 0.452394, 0.319823, 0.489178, 0.510529, 0.571678, 0.687177, 0.730498, 0.844978, 0.952932, 0.997375, 1, 

25,25,0.001, 0.0239972, 0.0354908, 0.0549538, 0.103581, 0.11014, 0.125808, 0.127135, 0.205988, 0.212444, 0.23542, 1, 

28,19,0.001, 0.0239972, 0.0354908, 0.0549538, 0.103581, 0.11014, 0.11775, 0.131386, 0.150814, 0.165324, 0.193601, 0.24037, 0.256476, 0.348044, 0.388498, 1, 

24,37,0.001, 0.0239972, 0.0354908, 0.0549538, 0.0427376, 0.10646, 0.142517, 0.159047, 0.21641, 0.293728, 0.31517, 0.32385, 1, 

Generation #42
26,20,0.001, 0.0247468, 0.0310719, 0.0642394, 0.104271, 0.15122, 0.159026, 0.21603, 0.222011, 0.293728, 0.31517, 0.742926, 1, 

25,25,0.001, 0.0239972, 0.0354908, 0.0549538, 0.103581, 0.11014, 0.125808, 0.127135, 0.205988, 0.212444, 0.23542, 1, 

28,19,0.001, 0.0239972, 0.0354908, 0.0549538, 0.103581, 0.11014, 0.11775, 0.131386, 0.150814, 0.165324, 0.193601, 0.24037, 0.256476, 0.348044, 0.388498, 1, 

24,37,0.001, 0.0239972, 0.0354908, 0.0549538, 0.0427376, 0.10646, 0.142517, 0.159047, 0.21641, 0.293728, 0.31517, 0.32385, 1, 

31,15,0.001, 0.0239972, 0.0354908, 0.0582802, 0.103866, 0.11775, 0.11775, 0.131386, 0.150814, 0.165324, 0.193601, 0.24037, 0.323685, 0.354725, 0.443541, 0.396735, 1, 

Generation #43
26,20,0.001, 0.0247468, 0.0310719, 0.0642394, 0.104271, 0.15122, 0.159026, 0.21603, 0.222011, 0.293728, 0.31517, 0.742926, 1, 

25,25,0.001, 0.0239972, 0.0354908, 0.0549538, 0.103581, 0.11014, 0.125808, 0.127135, 0.205988, 0.212444, 0.23542, 1, 

28,19,0.001, 0.0239972, 0.0354908, 0.0549538, 0.103581, 0.11014, 0.11775, 0.131386, 0.150814, 0.165324, 0.193601, 0.24037, 0.256476, 0.348044, 0.388498, 1, 

24,37,0.001, 0.0239972, 0.0354908, 0.0549538, 0.0427376, 0.10646, 0.142517, 0.159047, 0.21641, 0.293728, 0.31517, 0.32385, 1, 

31,15,0.001, 0.0239972, 0.0354908, 0.0582802, 0.103866, 0.11775, 0.11775, 0.131386, 0.150814, 0.165324, 0.193601, 0.24037, 0.323685, 0.354725, 0.443541, 0.396735, 1, 

Generation #44
26,20,0.001, 0.0247468, 0.0310719, 0.0642394, 0.104271, 0.15122, 0.159026, 0.21603, 0.222011, 0.293728, 0.31517, 0.742926, 1, 

25,25,0.001, 0.0239972, 0.0354908, 0.0549538, 0.103581, 0.11014, 0.125808, 0.127135, 0.205988, 0.212444, 0.23542, 1, 

28,19,0.001, 0.0239972, 0.0354908, 0.0549538, 0.103581, 0.11014, 0.11775, 0.131386, 0.150814, 0.165324, 0.193601, 0.24037, 0.256476, 0.348044, 0.388498, 1, 

24,37,0.001, 0.0239972, 0.0354908, 0.0549538, 0.0427376, 0.10646, 0.142517, 0.159047, 0.21641, 0.293728, 0.31517, 0.32385, 1, 

31,15,0.001, 0.0239972, 0.0354908, 0.0582802, 0.103866, 0.11775, 0.11775, 0.131386, 0.150814, 0.165324, 0.193601, 0.24037, 0.323685, 0.354725, 0.443541, 0.396735, 1, 

Generation #45
26,20,0.001, 0.0247468, 0.0310719, 0.0642394, 0.104271, 0.15122, 0.159026, 0.21603, 0.222011, 0.293728, 0.31517, 0.742926, 1, 

25,25,0.001, 0.0239972, 0.0354908, 0.0549538, 0.103581, 0.11014, 0.125808, 0.127135, 0.205988, 0.212444, 0.23542, 1, 

28,19,0.001, 0.0239972, 0.0354908, 0.0549538, 0.103581, 0.11014, 0.11775, 0.131386, 0.150814, 0.165324, 0.193601, 0.24037, 0.256476, 0.348044, 0.388498, 1, 

24,37,0.001, 0.0239972, 0.0354908, 0.0549538, 0.0427376, 0.10646, 0.142517, 0.159047, 0.21641, 0.293728, 0.31517, 0.32385, 1, 

31,15,0.001, 0.0239972, 0.0354908, 0.0582802, 0.103866, 0.11775, 0.11775, 0.131386, 0.150814, 0.165324, 0.193601, 0.24037, 0.323685, 0.354725, 0.443541, 0.396735, 1, 

Generation #46
26,20,0.001, 0.0247468, 0.0310719, 0.0642394, 0.104271, 0.15122, 0.159026, 0.21603, 0.222011, 0.293728, 0.31517, 0.742926, 1, 

25,25,0.001, 0.0239972, 0.0354908, 0.0549538, 0.103581, 0.11014, 0.125808, 0.127135, 0.205988, 0.212444, 0.23542, 1, 

24,37,0.001, 0.0239972, 0.0354908, 0.0549538, 0.0427376, 0.10646, 0.142517, 0.159047, 0.21641, 0.293728, 0.31517, 0.32385, 1, 

31,15,0.001, 0.0239972, 0.0354908, 0.0582802, 0.103866, 0.11775, 0.11775, 0.131386, 0.150814, 0.165324, 0.193601, 0.24037, 0.323685, 0.354725, 0.443541, 0.396735, 1, 

27,18,0.001, 0.0155122, 0.0239972, 0.0354908, 0.0549538, 0.0582802, 0.0769827, 0.125808, 0.159047, 0.11775, 0.131386, 0.191263, 0.26646, 0.396735, 1, 

Generation #47
26,20,0.001, 0.0247468, 0.0310719, 0.0642394, 0.104271, 0.15122, 0.159026, 0.21603, 0.222011, 0.293728, 0.31517, 0.742926, 1, 

25,25,0.001, 0.0239972, 0.0354908, 0.0549538, 0.103581, 0.11014, 0.125808, 0.127135, 0.205988, 0.212444, 0.23542, 1, 

24,37,0.001, 0.0239972, 0.0354908, 0.0549538, 0.0427376, 0.10646, 0.142517, 0.159047, 0.21641, 0.293728, 0.31517, 0.32385, 1, 

31,15,0.001, 0.0239972, 0.0354908, 0.0582802, 0.103866, 0.11775, 0.11775, 0.131386, 0.150814, 0.165324, 0.193601, 0.24037, 0.323685, 0.354725, 0.443541, 0.396735, 1, 

27,18,0.001, 0.0155122, 0.0239972, 0.0354908, 0.0549538, 0.0582802, 0.0769827, 0.125808, 0.159047, 0.11775, 0.131386, 0.191263, 0.26646, 0.396735, 1, 

Generation #48
26,20,0.001, 0.0247468, 0.0310719, 0.0642394, 0.104271, 0.15122, 0.159026, 0.21603, 0.222011, 0.293728, 0.31517, 0.742926, 1, 

25,25,0.001, 0.0239972, 0.0354908, 0.0549538, 0.103581, 0.11014, 0.125808, 0.127135, 0.205988, 0.212444, 0.23542, 1, 

24,37,0.001, 0.0239972, 0.0354908, 0.0549538, 0.0427376, 0.10646, 0.142517, 0.159047, 0.21641, 0.293728, 0.31517, 0.32385, 1, 

31,15,0.001, 0.0239972, 0.0354908, 0.0582802, 0.103866, 0.11775, 0.11775, 0.131386, 0.150814, 0.165324, 0.193601, 0.24037, 0.323685, 0.354725, 0.443541, 0.396735, 1, 

27,18,0.001, 0.0155122, 0.0239972, 0.0354908, 0.0549538, 0.0582802, 0.0769827, 0.125808, 0.159047, 0.11775, 0.131386, 0.191263, 0.26646, 0.396735, 1, 

Generation #49
26,20,0.001, 0.0247468, 0.0310719, 0.0642394, 0.104271, 0.15122, 0.159026, 0.21603, 0.222011, 0.293728, 0.31517, 0.742926, 1, 

25,25,0.001, 0.0239972, 0.0354908, 0.0549538, 0.103581, 0.11014, 0.125808, 0.127135, 0.205988, 0.212444, 0.23542, 1, 

24,37,0.001, 0.0239972, 0.0354908, 0.0549538, 0.0427376, 0.10646, 0.142517, 0.159047, 0.21641, 0.293728, 0.31517, 0.32385, 1, 

31,15,0.001, 0.0239972, 0.0354908, 0.0582802, 0.103866, 0.11775, 0.11775, 0.131386, 0.150814, 0.165324, 0.193601, 0.24037, 0.323685, 0.354725, 0.443541, 0.396735, 1, 

27,18,0.001, 0.0155122, 0.0239972, 0.0354908, 0.0549538, 0.0582802, 0.0769827, 0.125808, 0.159047, 0.11775, 0.131386, 0.191263, 0.26646, 0.396735, 1, 

--- Pareto Front Solutions ---
Solution 0: N total=82 (N_initial=56, N_added=26), Time total=38 ms, Saved to: ./results/SPINV_t2_l2_pareto_0.csv, percents=0.001, 0.0247468, 0.0310719, 0.0642394, 0.104271, 0.15122, 0.159026, 0.21603, 0.222011, 0.293728, 0.31517, 0.742926, 1, 

Solution 1: N total=81 (N_initial=56, N_added=25), Time total=43 ms, Saved to: ./results/SPINV_t2_l2_pareto_1.csv, percents=0.001, 0.0239972, 0.0354908, 0.0549538, 0.103581, 0.11014, 0.125808, 0.127135, 0.205988, 0.212444, 0.23542, 1, 

Solution 2: N total=80 (N_initial=56, N_added=24), Time total=55 ms, Saved to: ./results/SPINV_t2_l2_pareto_2.csv, percents=0.001, 0.0239972, 0.0354908, 0.0549538, 0.0427376, 0.10646, 0.142517, 0.159047, 0.21641, 0.293728, 0.31517, 0.32385, 1, 

Solution 3: N total=87 (N_initial=56, N_added=31), Time total=33 ms, Saved to: ./results/SPINV_t2_l2_pareto_3.csv, percents=0.001, 0.0239972, 0.0354908, 0.0582802, 0.103866, 0.11775, 0.11775, 0.131386, 0.150814, 0.165324, 0.193601, 0.24037, 0.323685, 0.354725, 0.443541, 0.396735, 1, 

Solution 4: N total=83 (N_initial=56, N_added=27), Time total=36 ms, Saved to: ./results/SPINV_t2_l2_pareto_4.csv, percents=0.001, 0.0155122, 0.0239972, 0.0354908, 0.0549538, 0.0582802, 0.0769827, 0.125808, 0.159047, 0.11775, 0.131386, 0.191263, 0.26646, 0.396735, 1, 

------------d=1, t=2, lambda=3, filename=./evaluation/SPINV/SPINV_2_3.csv------------
Computing partitioned counts of d-sets...
Ready to look at pairs based on partitioned counts...
First Stage N=64, Time=15
There are 252 remaining non-locating pairs
--- Running GA Algorithm (phase2) ---
Running GA with std::execution::par
Generation #0
48,30,0.001, 0.0277895, 0.0660397, 0.0794739, 0.127979, 0.137763, 0.145881, 0.185655, 0.266575, 0.302556, 0.314117, 0.338184, 0.381733, 0.386623, 0.409492, 0.441197, 0.502892, 0.504751, 0.627096, 0.724676, 0.791246, 0.810603, 0.850378, 0.864526, 0.889764, 0.890647, 0.9814, 0.991083, 0.998539, 1, 

30,223,0.001, 0.239231, 0.248348, 0.260831, 0.311303, 0.322979, 0.426795, 0.523803, 0.812315, 0.848911, 0.870084, 1, 

42,49,0.001, 0.0125455, 0.0392589, 0.0474203, 0.0624717, 0.0674319, 0.0827675, 0.129677, 0.143769, 0.188293, 0.332994, 0.340645, 0.361011, 0.367637, 0.387828, 0.394001, 0.430671, 0.470769, 0.536349, 0.54373, 0.563039, 0.586878, 0.627045, 0.664129, 0.747353, 0.779594, 0.83536, 0.848266, 0.854211, 1, 

31,144,0.001, 0.0154595, 0.149027, 0.19776, 0.42699, 0.568623, 0.597401, 0.714024, 0.873866, 0.896152, 1, 

36,53,0.001, 0.0324078, 0.0881724, 0.155008, 0.177302, 0.211432, 0.270949, 0.281093, 0.353067, 0.368136, 0.416515, 0.447648, 0.514928, 0.524306, 0.698611, 0.781416, 0.810177, 0.914588, 1, 

32,91,0.001, 0.0595052, 0.113448, 0.278085, 0.416232, 0.460805, 0.592921, 0.638109, 0.78537, 0.830925, 0.862655, 0.866253, 0.889812, 0.963249, 1, 

Generation #1
48,30,0.001, 0.0277895, 0.0660397, 0.0794739, 0.127979, 0.137763, 0.145881, 0.185655, 0.266575, 0.302556, 0.314117, 0.338184, 0.381733, 0.386623, 0.409492, 0.441197, 0.502892, 0.504751, 0.627096, 0.724676, 0.791246, 0.810603, 0.850378, 0.864526, 0.889764, 0.890647, 0.9814, 0.991083, 0.998539, 1, 

27,46,0.001, 0.0407916, 0.130196, 0.133348, 0.204757, 0.229422, 0.248377, 0.32291, 0.329558, 0.334794, 0.396356, 1, 

47,37,0.001, 0.03598, 0.0381709, 0.0891679, 0.0906923, 0.163203, 0.246562, 0.2538, 0.327484, 0.370499, 0.482718, 0.497218, 0.50282, 0.504778, 0.629128, 0.632073, 0.581084, 0.686036, 0.743787, 0.773713, 0.779089, 0.801509, 0.870404, 0.887149, 0.910946, 0.960691, 1, 

Generation #2
48,30,0.001, 0.0277895, 0.0660397, 0.0794739, 0.127979, 0.137763, 0.145881, 0.185655, 0.266575, 0.302556, 0.314117, 0.338184, 0.381733, 0.386623, 0.409492, 0.441197, 0.502892, 0.504751, 0.627096, 0.724676, 0.791246, 0.810603, 0.850378, 0.864526, 0.889764, 0.890647, 0.9814, 0.991083, 0.998539, 1, 

27,46,0.001, 0.0407916, 0.130196, 0.133348, 0.204757, 0.229422, 0.248377, 0.32291, 0.329558, 0.334794, 0.396356, 1, 

42,35,0.001, 0.0725164, 0.0218696, 0.0265017, 0.0366561, 0.0367734, 0.101147, 0.111728, 0.151961, 0.195326, 0.195726, 0.371584, 0.395872, 0.39599, 0.456549, 0.703414, 0.779787, 0.784368, 0.799519, 0.900438, 0.930074, 0.97434, 0.976976, 1, 

30,36,0.001, 0.0276291, 0.0277895, 0.0660397, 0.0794739, 0.127979, 0.137763, 0.145881, 0.185655, 0.266575, 0.302556, 0.314117, 1, 

Generation #3
27,42,0.001, 0.0625647, 0.0713349, 0.0660397, 0.0794739, 0.127979, 0.137763, 0.145881, 0.185655, 0.266575, 0.302556, 0.314117, 1, 

30,28,0.001, 0.0277895, 0.0660397, 0.0794739, 0.127979, 0.137763, 0.145881, 0.185655, 0.266575, 0.896152, 1, 

Generation #4
27,42,0.001, 0.0625647, 0.0713349, 0.0660397, 0.0794739, 0.127979, 0.137763, 0.145881, 0.185655, 0.266575, 0.302556, 0.314117, 1, 

29,20,0.001, 0.03598, 0.0381709, 0.0891679, 0.0906923, 0.163203, 0.246562, 0.2538, 0.327484, 0.370499, 0.482718, 1, 

Generation #5
29,20,0.001, 0.03598, 0.0381709, 0.0891679, 0.0906923, 0.163203, 0.246562, 0.2538, 0.327484, 0.370499, 0.482718, 1, 

27,29,0.001, 0.0276291, 0.0277895, 0.0660397, 0.0849371, 0.0794739, 0.127979, 0.137763, 0.145881, 0.185655, 0.266575, 1, 

Generation #6
29,20,0.001, 0.03598, 0.0381709, 0.0891679, 0.0906923, 0.163203, 0.246562, 0.2538, 0.327484, 0.370499, 0.482718, 1, 

27,29,0.001, 0.0276291, 0.0277895, 0.0660397, 0.0849371, 0.0794739, 0.127979, 0.137763, 0.145881, 0.185655, 0.266575, 1, 

Generation #7
29,20,0.001, 0.03598, 0.0381709, 0.0891679, 0.0906923, 0.163203, 0.246562, 0.2538, 0.327484, 0.370499, 0.482718, 1, 

27,29,0.001, 0.0276291, 0.0277895, 0.0660397, 0.0849371, 0.0794739, 0.127979, 0.137763, 0.145881, 0.185655, 0.266575, 1, 

28,28,0.001, 0.0125455, 0.0392589, 0.0474203, 0.0624717, 0.151849, 0.0827675, 0.129677, 0.143769, 0.409993, 0.904037, 1, 

Generation #8
29,20,0.001, 0.03598, 0.0381709, 0.0891679, 0.0906923, 0.163203, 0.246562, 0.2538, 0.327484, 0.370499, 0.482718, 1, 

27,29,0.001, 0.0276291, 0.0277895, 0.0660397, 0.0849371, 0.0794739, 0.127979, 0.137763, 0.145881, 0.185655, 0.266575, 1, 

28,28,0.001, 0.0125455, 0.0392589, 0.0474203, 0.0624717, 0.151849, 0.0827675, 0.129677, 0.143769, 0.409993, 0.904037, 1, 

Generation #9
29,20,0.001, 0.03598, 0.0381709, 0.0891679, 0.0906923, 0.163203, 0.246562, 0.2538, 0.327484, 0.370499, 0.482718, 1, 

26,26,0.001, 0.0276291, 0.0277895, 0.0660397, 0.0849371, 0.0794739, 0.127979, 0.137763, 0.145881, 0.185655, 0.266575, 1, 

Generation #10
29,20,0.001, 0.03598, 0.0381709, 0.0891679, 0.0906923, 0.163203, 0.246562, 0.2538, 0.327484, 0.370499, 0.482718, 1, 

26,26,0.001, 0.0276291, 0.0277895, 0.0660397, 0.0849371, 0.0794739, 0.127979, 0.137763, 0.145881, 0.185655, 0.266575, 1, 

25,65,0.001, 0.0625647, 0.0713349, 0.0932114, 0.0936579, 0.163203, 0.0987122, 0.32291, 0.329558, 0.334794, 1, 

Generation #11
29,20,0.001, 0.03598, 0.0381709, 0.0891679, 0.0906923, 0.163203, 0.246562, 0.2538, 0.327484, 0.370499, 0.482718, 1, 

26,26,0.001, 0.0276291, 0.0277895, 0.0660397, 0.0849371, 0.0794739, 0.127979, 0.137763, 0.145881, 0.185655, 0.266575, 1, 

25,65,0.001, 0.0625647, 0.0713349, 0.0932114, 0.0936579, 0.163203, 0.0987122, 0.32291, 0.329558, 0.334794, 1, 

Generation #12
25,17,0.001, 0.0276291, 0.0277895, 0.0660397, 0.0794739, 0.127979, 0.137763, 0.145881, 0.185655, 0.266575, 0.302556, 0.314117, 1, 

Generation #13
25,17,0.001, 0.0276291, 0.0277895, 0.0660397, 0.0794739, 0.127979, 0.137763, 0.145881, 0.185655, 0.266575, 0.302556, 0.314117, 1, 

Generation #14
25,17,0.001, 0.0276291, 0.0277895, 0.0660397, 0.0794739, 0.127979, 0.137763, 0.145881, 0.185655, 0.266575, 0.302556, 0.314117, 1, 

Generation #15
25,17,0.001, 0.0276291, 0.0277895, 0.0660397, 0.0794739, 0.127979, 0.137763, 0.145881, 0.185655, 0.266575, 0.302556, 0.314117, 1, 

Generation #16
25,17,0.001, 0.0276291, 0.0277895, 0.0660397, 0.0794739, 0.127979, 0.137763, 0.145881, 0.185655, 0.266575, 0.302556, 0.314117, 1, 

Generation #17
25,17,0.001, 0.0276291, 0.0277895, 0.0660397, 0.0794739, 0.127979, 0.137763, 0.145881, 0.185655, 0.266575, 0.302556, 0.314117, 1, 

Generation #18
25,17,0.001, 0.0276291, 0.0277895, 0.0660397, 0.0794739, 0.127979, 0.137763, 0.145881, 0.185655, 0.266575, 0.302556, 0.314117, 1, 

Generation #19
25,17,0.001, 0.0276291, 0.0277895, 0.0660397, 0.0794739, 0.127979, 0.137763, 0.145881, 0.185655, 0.266575, 0.302556, 0.314117, 1, 

Generation #20
25,17,0.001, 0.0276291, 0.0277895, 0.0660397, 0.0794739, 0.127979, 0.137763, 0.145881, 0.185655, 0.266575, 0.302556, 0.314117, 1, 

Generation #21
25,17,0.001, 0.0276291, 0.0277895, 0.0660397, 0.0794739, 0.127979, 0.137763, 0.145881, 0.185655, 0.266575, 0.302556, 0.314117, 1, 

Generation #22
25,17,0.001, 0.0276291, 0.0277895, 0.0660397, 0.0794739, 0.127979, 0.137763, 0.145881, 0.185655, 0.266575, 0.302556, 0.314117, 1, 

Generation #23
25,17,0.001, 0.0276291, 0.0277895, 0.0660397, 0.0794739, 0.127979, 0.137763, 0.145881, 0.185655, 0.266575, 0.302556, 0.314117, 1, 

Generation #24
25,17,0.001, 0.0276291, 0.0277895, 0.0660397, 0.0794739, 0.127979, 0.137763, 0.145881, 0.185655, 0.266575, 0.302556, 0.314117, 1, 

Generation #25
25,17,0.001, 0.0276291, 0.0277895, 0.0660397, 0.0794739, 0.127979, 0.137763, 0.145881, 0.185655, 0.266575, 0.302556, 0.314117, 1, 

Generation #26
25,17,0.001, 0.0276291, 0.0277895, 0.0660397, 0.0794739, 0.127979, 0.137763, 0.145881, 0.185655, 0.266575, 0.302556, 0.314117, 1, 

Generation #27
25,17,0.001, 0.0276291, 0.0277895, 0.0660397, 0.0794739, 0.127979, 0.137763, 0.145881, 0.185655, 0.266575, 0.302556, 0.314117, 1, 

Generation #28
25,17,0.001, 0.0276291, 0.0277895, 0.0660397, 0.0794739, 0.127979, 0.137763, 0.145881, 0.185655, 0.266575, 0.302556, 0.314117, 1, 

Generation #29
25,17,0.001, 0.0276291, 0.0277895, 0.0660397, 0.0794739, 0.127979, 0.137763, 0.145881, 0.185655, 0.266575, 0.302556, 0.314117, 1, 

24,46,0.001, 0.0276291, 0.0277895, 0.0660397, 0.0849371, 0.0794739, 0.127979, 0.137763, 0.480149, 0.185655, 0.266575, 1, 

Generation #30
25,17,0.001, 0.0276291, 0.0277895, 0.0660397, 0.0794739, 0.127979, 0.137763, 0.145881, 0.185655, 0.266575, 0.302556, 0.314117, 1, 

24,46,0.001, 0.0276291, 0.0277895, 0.0660397, 0.0849371, 0.0794739, 0.127979, 0.137763, 0.480149, 0.185655, 0.266575, 1, 

Generation #31
25,17,0.001, 0.0276291, 0.0277895, 0.0660397, 0.0794739, 0.127979, 0.137763, 0.145881, 0.185655, 0.266575, 0.302556, 0.314117, 1, 

24,46,0.001, 0.0276291, 0.0277895, 0.0660397, 0.0849371, 0.0794739, 0.127979, 0.137763, 0.480149, 0.185655, 0.266575, 1, 

Generation #32
25,17,0.001, 0.0276291, 0.0277895, 0.0660397, 0.0794739, 0.127979, 0.137763, 0.145881, 0.185655, 0.266575, 0.302556, 0.314117, 1, 

24,46,0.001, 0.0276291, 0.0277895, 0.0660397, 0.0849371, 0.0794739, 0.127979, 0.137763, 0.480149, 0.185655, 0.266575, 1, 

Generation #33
25,17,0.001, 0.0276291, 0.0277895, 0.0660397, 0.0794739, 0.127979, 0.137763, 0.145881, 0.185655, 0.266575, 0.302556, 0.314117, 1, 

24,46,0.001, 0.0276291, 0.0277895, 0.0660397, 0.0849371, 0.0794739, 0.127979, 0.137763, 0.480149, 0.185655, 0.266575, 1, 

45,15,0.001, 0.0276291, 0.0277895, 0.0660397, 0.0794739, 0.127979, 0.137763, 0.145881, 0.111728, 0.151961, 0.195326, 0.195726, 0.371584, 0.381733, 0.386623, 0.409492, 0.441197, 0.504751, 0.627096, 0.724676, 0.791246, 0.810603, 0.850378, 0.864526, 0.889764, 0.890647, 0.9814, 0.991083, 0.998539, 1, 

Generation #34
25,17,0.001, 0.0276291, 0.0277895, 0.0660397, 0.0794739, 0.127979, 0.137763, 0.145881, 0.185655, 0.266575, 0.302556, 0.314117, 1, 

24,46,0.001, 0.0276291, 0.0277895, 0.0660397, 0.0849371, 0.0794739, 0.127979, 0.137763, 0.480149, 0.185655, 0.266575, 1, 

45,15,0.001, 0.0276291, 0.0277895, 0.0660397, 0.0794739, 0.127979, 0.137763, 0.145881, 0.111728, 0.151961, 0.195326, 0.195726, 0.371584, 0.381733, 0.386623, 0.409492, 0.441197, 0.504751, 0.627096, 0.724676, 0.791246, 0.810603, 0.850378, 0.864526, 0.889764, 0.890647, 0.9814, 0.991083, 0.998539, 1, 

Generation #35
25,17,0.001, 0.0276291, 0.0277895, 0.0660397, 0.0794739, 0.127979, 0.137763, 0.145881, 0.185655, 0.266575, 0.302556, 0.314117, 1, 

24,46,0.001, 0.0276291, 0.0277895, 0.0660397, 0.0849371, 0.0794739, 0.127979, 0.137763, 0.480149, 0.185655, 0.266575, 1, 

45,15,0.001, 0.0276291, 0.0277895, 0.0660397, 0.0794739, 0.127979, 0.137763, 0.145881, 0.111728, 0.151961, 0.195326, 0.195726, 0.371584, 0.381733, 0.386623, 0.409492, 0.441197, 0.504751, 0.627096, 0.724676, 0.791246, 0.810603, 0.850378, 0.864526, 0.889764, 0.890647, 0.9814, 0.991083, 0.998539, 1, 

Generation #36
25,17,0.001, 0.0276291, 0.0277895, 0.0660397, 0.0794739, 0.127979, 0.137763, 0.145881, 0.185655, 0.266575, 0.302556, 0.314117, 1, 

24,46,0.001, 0.0276291, 0.0277895, 0.0660397, 0.0849371, 0.0794739, 0.127979, 0.137763, 0.480149, 0.185655, 0.266575, 1, 

45,15,0.001, 0.0276291, 0.0277895, 0.0660397, 0.0794739, 0.127979, 0.137763, 0.145881, 0.111728, 0.151961, 0.195326, 0.195726, 0.371584, 0.381733, 0.386623, 0.409492, 0.441197, 0.504751, 0.627096, 0.724676, 0.791246, 0.810603, 0.850378, 0.864526, 0.889764, 0.890647, 0.9814, 0.991083, 0.998539, 1, 

Generation #37
25,17,0.001, 0.0276291, 0.0277895, 0.0660397, 0.0794739, 0.127979, 0.137763, 0.145881, 0.185655, 0.266575, 0.302556, 0.314117, 1, 

24,46,0.001, 0.0276291, 0.0277895, 0.0660397, 0.0849371, 0.0794739, 0.127979, 0.137763, 0.480149, 0.185655, 0.266575, 1, 

45,15,0.001, 0.0276291, 0.0277895, 0.0660397, 0.0794739, 0.127979, 0.137763, 0.145881, 0.111728, 0.151961, 0.195326, 0.195726, 0.371584, 0.381733, 0.386623, 0.409492, 0.441197, 0.504751, 0.627096, 0.724676, 0.791246, 0.810603, 0.850378, 0.864526, 0.889764, 0.890647, 0.9814, 0.991083, 0.998539, 1, 

Generation #38
25,17,0.001, 0.0276291, 0.0277895, 0.0660397, 0.0794739, 0.127979, 0.137763, 0.145881, 0.185655, 0.266575, 0.302556, 0.314117, 1, 

24,46,0.001, 0.0276291, 0.0277895, 0.0660397, 0.0849371, 0.0794739, 0.127979, 0.137763, 0.480149, 0.185655, 0.266575, 1, 

45,15,0.001, 0.0276291, 0.0277895, 0.0660397, 0.0794739, 0.127979, 0.137763, 0.145881, 0.111728, 0.151961, 0.195326, 0.195726, 0.371584, 0.381733, 0.386623, 0.409492, 0.441197, 0.504751, 0.627096, 0.724676, 0.791246, 0.810603, 0.850378, 0.864526, 0.889764, 0.890647, 0.9814, 0.991083, 0.998539, 1, 

Generation #39
25,17,0.001, 0.0276291, 0.0277895, 0.0660397, 0.0794739, 0.127979, 0.137763, 0.145881, 0.185655, 0.266575, 0.302556, 0.314117, 1, 

24,46,0.001, 0.0276291, 0.0277895, 0.0660397, 0.0849371, 0.0794739, 0.127979, 0.137763, 0.480149, 0.185655, 0.266575, 1, 

45,15,0.001, 0.0276291, 0.0277895, 0.0660397, 0.0794739, 0.127979, 0.137763, 0.145881, 0.111728, 0.151961, 0.195326, 0.195726, 0.371584, 0.381733, 0.386623, 0.409492, 0.441197, 0.504751, 0.627096, 0.724676, 0.791246, 0.810603, 0.850378, 0.864526, 0.889764, 0.890647, 0.9814, 0.991083, 0.998539, 1, 

Generation #40
24,46,0.001, 0.0276291, 0.0277895, 0.0660397, 0.0849371, 0.0794739, 0.127979, 0.137763, 0.480149, 0.185655, 0.266575, 1, 

45,15,0.001, 0.0276291, 0.0277895, 0.0660397, 0.0794739, 0.127979, 0.137763, 0.145881, 0.111728, 0.151961, 0.195326, 0.195726, 0.371584, 0.381733, 0.386623, 0.409492, 0.441197, 0.504751, 0.627096, 0.724676, 0.791246, 0.810603, 0.850378, 0.864526, 0.889764, 0.890647, 0.9814, 0.991083, 0.998539, 1, 

25,16,0.001, 0.0276291, 0.0218696, 0.0265017, 0.0367734, 0.108965, 0.127979, 0.137763, 0.145881, 0.370499, 0.482718, 1, 

Generation #41
24,46,0.001, 0.0276291, 0.0277895, 0.0660397, 0.0849371, 0.0794739, 0.127979, 0.137763, 0.480149, 0.185655, 0.266575, 1, 

45,15,0.001, 0.0276291, 0.0277895, 0.0660397, 0.0794739, 0.127979, 0.137763, 0.145881, 0.111728, 0.151961, 0.195326, 0.195726, 0.371584, 0.381733, 0.386623, 0.409492, 0.441197, 0.504751, 0.627096, 0.724676, 0.791246, 0.810603, 0.850378, 0.864526, 0.889764, 0.890647, 0.9814, 0.991083, 0.998539, 1, 

25,16,0.001, 0.0276291, 0.0218696, 0.0265017, 0.0367734, 0.108965, 0.127979, 0.137763, 0.145881, 0.370499, 0.482718, 1, 

Generation #42
45,15,0.001, 0.0276291, 0.0277895, 0.0660397, 0.0794739, 0.127979, 0.137763, 0.145881, 0.111728, 0.151961, 0.195326, 0.195726, 0.371584, 0.381733, 0.386623, 0.409492, 0.441197, 0.504751, 0.627096, 0.724676, 0.791246, 0.810603, 0.850378, 0.864526, 0.889764, 0.890647, 0.9814, 0.991083, 0.998539, 1, 

25,16,0.001, 0.0276291, 0.0218696, 0.0265017, 0.0367734, 0.108965, 0.127979, 0.137763, 0.145881, 0.370499, 0.482718, 1, 

24,24,0.001, 0.0276291, 0.0218696, 0.0366561, 0.0367734, 0.108965, 0.101147, 0.111728, 0.151961, 0.482718, 1, 

Generation #43
45,15,0.001, 0.0276291, 0.0277895, 0.0660397, 0.0794739, 0.127979, 0.137763, 0.145881, 0.111728, 0.151961, 0.195326, 0.195726, 0.371584, 0.381733, 0.386623, 0.409492, 0.441197, 0.504751, 0.627096, 0.724676, 0.791246, 0.810603, 0.850378, 0.864526, 0.889764, 0.890647, 0.9814, 0.991083, 0.998539, 1, 

25,16,0.001, 0.0276291, 0.0218696, 0.0265017, 0.0367734, 0.108965, 0.127979, 0.137763, 0.145881, 0.370499, 0.482718, 1, 

24,24,0.001, 0.0276291, 0.0218696, 0.0366561, 0.0367734, 0.108965, 0.101147, 0.111728, 0.151961, 0.482718, 1, 

Generation #44
45,15,0.001, 0.0276291, 0.0277895, 0.0660397, 0.0794739, 0.127979, 0.137763, 0.145881, 0.111728, 0.151961, 0.195326, 0.195726, 0.371584, 0.381733, 0.386623, 0.409492, 0.441197, 0.504751, 0.627096, 0.724676, 0.791246, 0.810603, 0.850378, 0.864526, 0.889764, 0.890647, 0.9814, 0.991083, 0.998539, 1, 

25,16,0.001, 0.0276291, 0.0218696, 0.0265017, 0.0367734, 0.108965, 0.127979, 0.137763, 0.145881, 0.370499, 0.482718, 1, 

24,24,0.001, 0.0276291, 0.0218696, 0.0366561, 0.0367734, 0.108965, 0.101147, 0.111728, 0.151961, 0.482718, 1, 

Generation #45
45,15,0.001, 0.0276291, 0.0277895, 0.0660397, 0.0794739, 0.127979, 0.137763, 0.145881, 0.111728, 0.151961, 0.195326, 0.195726, 0.371584, 0.381733, 0.386623, 0.409492, 0.441197, 0.504751, 0.627096, 0.724676, 0.791246, 0.810603, 0.850378, 0.864526, 0.889764, 0.890647, 0.9814, 0.991083, 0.998539, 1, 

25,16,0.001, 0.0276291, 0.0218696, 0.0265017, 0.0367734, 0.108965, 0.127979, 0.137763, 0.145881, 0.370499, 0.482718, 1, 

24,24,0.001, 0.0276291, 0.0218696, 0.0366561, 0.0367734, 0.108965, 0.101147, 0.111728, 0.151961, 0.482718, 1, 

Generation #46
45,15,0.001, 0.0276291, 0.0277895, 0.0660397, 0.0794739, 0.127979, 0.137763, 0.145881, 0.111728, 0.151961, 0.195326, 0.195726, 0.371584, 0.381733, 0.386623, 0.409492, 0.441197, 0.504751, 0.627096, 0.724676, 0.791246, 0.810603, 0.850378, 0.864526, 0.889764, 0.890647, 0.9814, 0.991083, 0.998539, 1, 

25,16,0.001, 0.0276291, 0.0218696, 0.0265017, 0.0367734, 0.108965, 0.127979, 0.137763, 0.145881, 0.370499, 0.482718, 1, 

24,24,0.001, 0.0276291, 0.0218696, 0.0366561, 0.0367734, 0.108965, 0.101147, 0.111728, 0.151961, 0.482718, 1, 

Generation #47
45,15,0.001, 0.0276291, 0.0277895, 0.0660397, 0.0794739, 0.127979, 0.137763, 0.145881, 0.111728, 0.151961, 0.195326, 0.195726, 0.371584, 0.381733, 0.386623, 0.409492, 0.441197, 0.504751, 0.627096, 0.724676, 0.791246, 0.810603, 0.850378, 0.864526, 0.889764, 0.890647, 0.9814, 0.991083, 0.998539, 1, 

25,16,0.001, 0.0276291, 0.0218696, 0.0265017, 0.0367734, 0.108965, 0.127979, 0.137763, 0.145881, 0.370499, 0.482718, 1, 

24,24,0.001, 0.0276291, 0.0218696, 0.0366561, 0.0367734, 0.108965, 0.101147, 0.111728, 0.151961, 0.482718, 1, 

Generation #48
45,15,0.001, 0.0276291, 0.0277895, 0.0660397, 0.0794739, 0.127979, 0.137763, 0.145881, 0.111728, 0.151961, 0.195326, 0.195726, 0.371584, 0.381733, 0.386623, 0.409492, 0.441197, 0.504751, 0.627096, 0.724676, 0.791246, 0.810603, 0.850378, 0.864526, 0.889764, 0.890647, 0.9814, 0.991083, 0.998539, 1, 

25,16,0.001, 0.0276291, 0.0218696, 0.0265017, 0.0367734, 0.108965, 0.127979, 0.137763, 0.145881, 0.370499, 0.482718, 1, 

24,24,0.001, 0.0276291, 0.0218696, 0.0366561, 0.0367734, 0.108965, 0.101147, 0.111728, 0.151961, 0.482718, 1, 

Generation #49
45,15,0.001, 0.0276291, 0.0277895, 0.0660397, 0.0794739, 0.127979, 0.137763, 0.145881, 0.111728, 0.151961, 0.195326, 0.195726, 0.371584, 0.381733, 0.386623, 0.409492, 0.441197, 0.504751, 0.627096, 0.724676, 0.791246, 0.810603, 0.850378, 0.864526, 0.889764, 0.890647, 0.9814, 0.991083, 0.998539, 1, 

25,16,0.001, 0.0276291, 0.0218696, 0.0265017, 0.0367734, 0.108965, 0.127979, 0.137763, 0.145881, 0.370499, 0.482718, 1, 

24,24,0.001, 0.0276291, 0.0218696, 0.0366561, 0.0367734, 0.108965, 0.101147, 0.111728, 0.151961, 0.482718, 1, 

--- Pareto Front Solutions ---
Solution 0: N total=109 (N_initial=64, N_added=45), Time total=30 ms, Saved to: ./results/SPINV_t2_l3_pareto_0.csv, percents=0.001, 0.0276291, 0.0277895, 0.0660397, 0.0794739, 0.127979, 0.137763, 0.145881, 0.111728, 0.151961, 0.195326, 0.195726, 0.371584, 0.381733, 0.386623, 0.409492, 0.441197, 0.504751, 0.627096, 0.724676, 0.791246, 0.810603, 0.850378, 0.864526, 0.889764, 0.890647, 0.9814, 0.991083, 0.998539, 1, 

Solution 1: N total=89 (N_initial=64, N_added=25), Time total=31 ms, Saved to: ./results/SPINV_t2_l3_pareto_1.csv, percents=0.001, 0.0276291, 0.0218696, 0.0265017, 0.0367734, 0.108965, 0.127979, 0.137763, 0.145881, 0.370499, 0.482718, 1, 

Solution 2: N total=88 (N_initial=64, N_added=24), Time total=39 ms, Saved to: ./results/SPINV_t2_l3_pareto_2.csv, percents=0.001, 0.0276291, 0.0218696, 0.0366561, 0.0367734, 0.108965, 0.101147, 0.111728, 0.151961, 0.482718, 1, 

------------d=1, t=2, lambda=4, filename=./evaluation/SPINV/SPINV_2_4.csv------------
Computing partitioned counts of d-sets...
Ready to look at pairs based on partitioned counts...
First Stage N=82, Time=15
There are 16 remaining non-locating pairs
--- Running GA Algorithm (phase2) ---
Running GA with std::execution::par
Generation #0
38,6,0.001, 0.0278313, 0.0556044, 0.0819128, 0.0996067, 0.196843, 0.234591, 0.306379, 0.375653, 0.440437, 0.461264, 0.477028, 0.585108, 0.589615, 0.594479, 0.63924, 0.642322, 0.682006, 0.706532, 0.723181, 0.737528, 0.754617, 0.795626, 0.804538, 0.920049, 0.972644, 0.978938, 1, 

31,10,0.001, 0.102797, 0.121542, 0.2801, 0.450282, 0.5466, 0.640452, 0.707936, 0.794776, 0.843059, 0.873859, 1, 

32,7,0.001, 0.0191781, 0.0364187, 0.182231, 0.192606, 0.291753, 0.305438, 0.332938, 0.359598, 0.395452, 0.463936, 0.481698, 0.537424, 0.620765, 0.759022, 0.785547, 0.820589, 0.850873, 0.852505, 0.904242, 0.949332, 1, 

27,18,0.001, 0.177482, 0.191254, 0.295716, 0.303588, 0.357295, 0.63878, 0.713005, 0.80317, 0.810244, 1, 

Generation #1
27,18,0.001, 0.177482, 0.191254, 0.295716, 0.303588, 0.357295, 0.63878, 0.713005, 0.80317, 0.810244, 1, 

29,12,0.001, 0.0782802, 0.0947104, 0.13449, 0.189019, 0.218383, 0.222494, 0.228618, 0.398202, 0.98823, 1, 

28,13,0.001, 0.0890102, 0.0913431, 0.146349, 0.151938, 0.164279, 0.171898, 0.238301, 0.451517, 0.460957, 0.599967, 0.902591, 0.928283, 1, 

30,5,0.001, 0.0444041, 0.0635119, 0.0732829, 0.107242, 0.108608, 0.127142, 0.170716, 0.173599, 0.270522, 0.308068, 0.313912, 0.382491, 0.43802, 0.905919, 0.949975, 1, 

Generation #2
30,5,0.001, 0.0444041, 0.0635119, 0.0732829, 0.107242, 0.108608, 0.127142, 0.170716, 0.173599, 0.270522, 0.308068, 0.313912, 0.382491, 0.43802, 0.905919, 0.949975, 1, 

27,8,0.001, 0.13408, 0.0441568, 0.0890152, 0.107971, 0.130519, 0.203681, 0.222536, 0.344088, 0.449535, 0.474222, 0.572553, 0.795574, 1, 

Generation #3
30,5,0.001, 0.0444041, 0.0635119, 0.0732829, 0.107242, 0.108608, 0.127142, 0.170716, 0.173599, 0.270522, 0.308068, 0.313912, 0.382491, 0.43802, 0.905919, 0.949975, 1, 

25,8,0.001, 0.0890102, 0.0913431, 0.146349, 0.151938, 0.164279, 0.171898, 0.238301, 0.451517, 0.460957, 0.819163, 0.927385, 0.992441, 1, 

Generation #4
30,5,0.001, 0.0444041, 0.0635119, 0.0732829, 0.107242, 0.108608, 0.127142, 0.170716, 0.173599, 0.270522, 0.308068, 0.313912, 0.382491, 0.43802, 0.905919, 0.949975, 1, 

25,8,0.001, 0.0890102, 0.0913431, 0.146349, 0.151938, 0.164279, 0.171898, 0.238301, 0.451517, 0.460957, 0.819163, 0.927385, 0.992441, 1, 

Generation #5
30,5,0.001, 0.0444041, 0.0635119, 0.0732829, 0.107242, 0.108608, 0.127142, 0.170716, 0.173599, 0.270522, 0.308068, 0.313912, 0.382491, 0.43802, 0.905919, 0.949975, 1, 

25,8,0.001, 0.0890102, 0.0913431, 0.146349, 0.151938, 0.164279, 0.171898, 0.238301, 0.451517, 0.460957, 0.819163, 0.927385, 0.992441, 1, 

27,6,0.001, 0.0278313, 0.0556044, 0.0819128, 0.0996067, 0.196843, 0.234591, 0.306379, 0.375653, 0.440437, 0.461264, 0.603367, 0.365636, 0.656036, 0.821247, 0.852648, 1, 

22,14,0.001, 0.0576918, 0.058866, 0.242923, 0.181788, 0.27736, 0.294428, 0.298945, 0.305017, 1, 

Generation #6
30,5,0.001, 0.0444041, 0.0635119, 0.0732829, 0.107242, 0.108608, 0.127142, 0.170716, 0.173599, 0.270522, 0.308068, 0.313912, 0.382491, 0.43802, 0.905919, 0.949975, 1, 

25,8,0.001, 0.0890102, 0.0913431, 0.146349, 0.151938, 0.164279, 0.171898, 0.238301, 0.451517, 0.460957, 0.819163, 0.927385, 0.992441, 1, 

27,6,0.001, 0.0278313, 0.0556044, 0.0819128, 0.0996067, 0.196843, 0.234591, 0.306379, 0.375653, 0.440437, 0.461264, 0.603367, 0.365636, 0.656036, 0.821247, 0.852648, 1, 

20,13,0.001, 0.177482, 0.191254, 0.295716, 0.303588, 0.357295, 0.0622372, 0.451517, 0.460957, 1, 

Generation #7
30,5,0.001, 0.0444041, 0.0635119, 0.0732829, 0.107242, 0.108608, 0.127142, 0.170716, 0.173599, 0.270522, 0.308068, 0.313912, 0.382491, 0.43802, 0.905919, 0.949975, 1, 

27,6,0.001, 0.0278313, 0.0556044, 0.0819128, 0.0996067, 0.196843, 0.234591, 0.306379, 0.375653, 0.440437, 0.461264, 0.603367, 0.365636, 0.656036, 0.821247, 0.852648, 1, 

20,13,0.001, 0.177482, 0.191254, 0.295716, 0.303588, 0.357295, 0.0622372, 0.451517, 0.460957, 1, 

24,8,0.001, 0.0347089, 0.0480169, 0.0566714, 0.159653, 0.164976, 0.284694, 0.319061, 0.451517, 0.843059, 0.873859, 1, 

Generation #8
30,5,0.001, 0.0444041, 0.0635119, 0.0732829, 0.107242, 0.108608, 0.127142, 0.170716, 0.173599, 0.270522, 0.308068, 0.313912, 0.382491, 0.43802, 0.905919, 0.949975, 1, 

27,6,0.001, 0.0278313, 0.0556044, 0.0819128, 0.0996067, 0.196843, 0.234591, 0.306379, 0.375653, 0.440437, 0.461264, 0.603367, 0.365636, 0.656036, 0.821247, 0.852648, 1, 

20,13,0.001, 0.177482, 0.191254, 0.295716, 0.303588, 0.357295, 0.0622372, 0.451517, 0.460957, 1, 

24,8,0.001, 0.0347089, 0.0480169, 0.0566714, 0.159653, 0.164976, 0.284694, 0.319061, 0.451517, 0.843059, 0.873859, 1, 

Generation #9
30,5,0.001, 0.0444041, 0.0635119, 0.0732829, 0.107242, 0.108608, 0.127142, 0.170716, 0.173599, 0.270522, 0.308068, 0.313912, 0.382491, 0.43802, 0.905919, 0.949975, 1, 

27,6,0.001, 0.0278313, 0.0556044, 0.0819128, 0.0996067, 0.196843, 0.234591, 0.306379, 0.375653, 0.440437, 0.461264, 0.603367, 0.365636, 0.656036, 0.821247, 0.852648, 1, 

20,13,0.001, 0.177482, 0.191254, 0.295716, 0.303588, 0.357295, 0.0622372, 0.451517, 0.460957, 1, 

24,8,0.001, 0.0347089, 0.0480169, 0.0566714, 0.159653, 0.164976, 0.284694, 0.319061, 0.451517, 0.843059, 0.873859, 1, 

23,11,0.001, 0.0428241, 0.0441568, 0.0890152, 0.107971, 0.130519, 0.203681, 0.330068, 0.353008, 0.369518, 1, 

Generation #10
30,5,0.001, 0.0444041, 0.0635119, 0.0732829, 0.107242, 0.108608, 0.127142, 0.170716, 0.173599, 0.270522, 0.308068, 0.313912, 0.382491, 0.43802, 0.905919, 0.949975, 1, 

27,6,0.001, 0.0278313, 0.0556044, 0.0819128, 0.0996067, 0.196843, 0.234591, 0.306379, 0.375653, 0.440437, 0.461264, 0.603367, 0.365636, 0.656036, 0.821247, 0.852648, 1, 

20,13,0.001, 0.177482, 0.191254, 0.295716, 0.303588, 0.357295, 0.0622372, 0.451517, 0.460957, 1, 

24,8,0.001, 0.0347089, 0.0480169, 0.0566714, 0.159653, 0.164976, 0.284694, 0.319061, 0.451517, 0.843059, 0.873859, 1, 

23,11,0.001, 0.0428241, 0.0441568, 0.0890152, 0.107971, 0.130519, 0.203681, 0.330068, 0.353008, 0.369518, 1, 

26,7,0.001, 0.0278313, 0.0556044, 0.0819128, 0.0996067, 0.196843, 0.234591, 0.238301, 0.451517, 0.460957, 0.599967, 0.902591, 0.928283, 1, 

Generation #11
30,5,0.001, 0.0444041, 0.0635119, 0.0732829, 0.107242, 0.108608, 0.127142, 0.170716, 0.173599, 0.270522, 0.308068, 0.313912, 0.382491, 0.43802, 0.905919, 0.949975, 1, 

27,6,0.001, 0.0278313, 0.0556044, 0.0819128, 0.0996067, 0.196843, 0.234591, 0.306379, 0.375653, 0.440437, 0.461264, 0.603367, 0.365636, 0.656036, 0.821247, 0.852648, 1, 

20,13,0.001, 0.177482, 0.191254, 0.295716, 0.303588, 0.357295, 0.0622372, 0.451517, 0.460957, 1, 

24,8,0.001, 0.0347089, 0.0480169, 0.0566714, 0.159653, 0.164976, 0.284694, 0.319061, 0.451517, 0.843059, 0.873859, 1, 

23,11,0.001, 0.0428241, 0.0441568, 0.0890152, 0.107971, 0.130519, 0.203681, 0.330068, 0.353008, 0.369518, 1, 

26,7,0.001, 0.0278313, 0.0556044, 0.0819128, 0.0996067, 0.196843, 0.234591, 0.238301, 0.451517, 0.460957, 0.599967, 0.902591, 0.928283, 1, 

Generation #12
30,5,0.001, 0.0444041, 0.0635119, 0.0732829, 0.107242, 0.108608, 0.127142, 0.170716, 0.173599, 0.270522, 0.308068, 0.313912, 0.382491, 0.43802, 0.905919, 0.949975, 1, 

27,6,0.001, 0.0278313, 0.0556044, 0.0819128, 0.0996067, 0.196843, 0.234591, 0.306379, 0.375653, 0.440437, 0.461264, 0.603367, 0.365636, 0.656036, 0.821247, 0.852648, 1, 

20,13,0.001, 0.177482, 0.191254, 0.295716, 0.303588, 0.357295, 0.0622372, 0.451517, 0.460957, 1, 

24,8,0.001, 0.0347089, 0.0480169, 0.0566714, 0.159653, 0.164976, 0.284694, 0.319061, 0.451517, 0.843059, 0.873859, 1, 

23,11,0.001, 0.0428241, 0.0441568, 0.0890152, 0.107971, 0.130519, 0.203681, 0.330068, 0.353008, 0.369518, 1, 

26,7,0.001, 0.0278313, 0.0556044, 0.0819128, 0.0996067, 0.196843, 0.234591, 0.238301, 0.451517, 0.460957, 0.599967, 0.902591, 0.928283, 1, 

Generation #13
30,5,0.001, 0.0444041, 0.0635119, 0.0732829, 0.107242, 0.108608, 0.127142, 0.170716, 0.173599, 0.270522, 0.308068, 0.313912, 0.382491, 0.43802, 0.905919, 0.949975, 1, 

27,6,0.001, 0.0278313, 0.0556044, 0.0819128, 0.0996067, 0.196843, 0.234591, 0.306379, 0.375653, 0.440437, 0.461264, 0.603367, 0.365636, 0.656036, 0.821247, 0.852648, 1, 

20,13,0.001, 0.177482, 0.191254, 0.295716, 0.303588, 0.357295, 0.0622372, 0.451517, 0.460957, 1, 

24,8,0.001, 0.0347089, 0.0480169, 0.0566714, 0.159653, 0.164976, 0.284694, 0.319061, 0.451517, 0.843059, 0.873859, 1, 

23,11,0.001, 0.0428241, 0.0441568, 0.0890152, 0.107971, 0.130519, 0.203681, 0.330068, 0.353008, 0.369518, 1, 

26,7,0.001, 0.0278313, 0.0556044, 0.0819128, 0.0996067, 0.196843, 0.234591, 0.238301, 0.451517, 0.460957, 0.599967, 0.902591, 0.928283, 1, 

Generation #14
30,5,0.001, 0.0444041, 0.0635119, 0.0732829, 0.107242, 0.108608, 0.127142, 0.170716, 0.173599, 0.270522, 0.308068, 0.313912, 0.382491, 0.43802, 0.905919, 0.949975, 1, 

27,6,0.001, 0.0278313, 0.0556044, 0.0819128, 0.0996067, 0.196843, 0.234591, 0.306379, 0.375653, 0.440437, 0.461264, 0.603367, 0.365636, 0.656036, 0.821247, 0.852648, 1, 

20,13,0.001, 0.177482, 0.191254, 0.295716, 0.303588, 0.357295, 0.0622372, 0.451517, 0.460957, 1, 

24,8,0.001, 0.0347089, 0.0480169, 0.0566714, 0.159653, 0.164976, 0.284694, 0.319061, 0.451517, 0.843059, 0.873859, 1, 

23,11,0.001, 0.0428241, 0.0441568, 0.0890152, 0.107971, 0.130519, 0.203681, 0.330068, 0.353008, 0.369518, 1, 

26,7,0.001, 0.0278313, 0.0556044, 0.0819128, 0.0996067, 0.196843, 0.234591, 0.238301, 0.451517, 0.460957, 0.599967, 0.902591, 0.928283, 1, 

Generation #15
30,5,0.001, 0.0444041, 0.0635119, 0.0732829, 0.107242, 0.108608, 0.127142, 0.170716, 0.173599, 0.270522, 0.308068, 0.313912, 0.382491, 0.43802, 0.905919, 0.949975, 1, 

27,6,0.001, 0.0278313, 0.0556044, 0.0819128, 0.0996067, 0.196843, 0.234591, 0.306379, 0.375653, 0.440437, 0.461264, 0.603367, 0.365636, 0.656036, 0.821247, 0.852648, 1, 

20,13,0.001, 0.177482, 0.191254, 0.295716, 0.303588, 0.357295, 0.0622372, 0.451517, 0.460957, 1, 

24,8,0.001, 0.0347089, 0.0480169, 0.0566714, 0.159653, 0.164976, 0.284694, 0.319061, 0.451517, 0.843059, 0.873859, 1, 

23,11,0.001, 0.0428241, 0.0441568, 0.0890152, 0.107971, 0.130519, 0.203681, 0.330068, 0.353008, 0.369518, 1, 

26,7,0.001, 0.0278313, 0.0556044, 0.0819128, 0.0996067, 0.196843, 0.234591, 0.238301, 0.451517, 0.460957, 0.599967, 0.902591, 0.928283, 1, 

Generation #16
30,5,0.001, 0.0444041, 0.0635119, 0.0732829, 0.107242, 0.108608, 0.127142, 0.170716, 0.173599, 0.270522, 0.308068, 0.313912, 0.382491, 0.43802, 0.905919, 0.949975, 1, 

27,6,0.001, 0.0278313, 0.0556044, 0.0819128, 0.0996067, 0.196843, 0.234591, 0.306379, 0.375653, 0.440437, 0.461264, 0.603367, 0.365636, 0.656036, 0.821247, 0.852648, 1, 

20,13,0.001, 0.177482, 0.191254, 0.295716, 0.303588, 0.357295, 0.0622372, 0.451517, 0.460957, 1, 

24,8,0.001, 0.0347089, 0.0480169, 0.0566714, 0.159653, 0.164976, 0.284694, 0.319061, 0.451517, 0.843059, 0.873859, 1, 

23,11,0.001, 0.0428241, 0.0441568, 0.0890152, 0.107971, 0.130519, 0.203681, 0.330068, 0.353008, 0.369518, 1, 

26,7,0.001, 0.0278313, 0.0556044, 0.0819128, 0.0996067, 0.196843, 0.234591, 0.238301, 0.451517, 0.460957, 0.599967, 0.902591, 0.928283, 1, 

Generation #17
30,5,0.001, 0.0444041, 0.0635119, 0.0732829, 0.107242, 0.108608, 0.127142, 0.170716, 0.173599, 0.270522, 0.308068, 0.313912, 0.382491, 0.43802, 0.905919, 0.949975, 1, 

27,6,0.001, 0.0278313, 0.0556044, 0.0819128, 0.0996067, 0.196843, 0.234591, 0.306379, 0.375653, 0.440437, 0.461264, 0.603367, 0.365636, 0.656036, 0.821247, 0.852648, 1, 

20,13,0.001, 0.177482, 0.191254, 0.295716, 0.303588, 0.357295, 0.0622372, 0.451517, 0.460957, 1, 

24,8,0.001, 0.0347089, 0.0480169, 0.0566714, 0.159653, 0.164976, 0.284694, 0.319061, 0.451517, 0.843059, 0.873859, 1, 

23,11,0.001, 0.0428241, 0.0441568, 0.0890152, 0.107971, 0.130519, 0.203681, 0.330068, 0.353008, 0.369518, 1, 

26,7,0.001, 0.0278313, 0.0556044, 0.0819128, 0.0996067, 0.196843, 0.234591, 0.238301, 0.451517, 0.460957, 0.599967, 0.902591, 0.928283, 1, 

Generation #18
30,5,0.001, 0.0444041, 0.0635119, 0.0732829, 0.107242, 0.108608, 0.127142, 0.170716, 0.173599, 0.270522, 0.308068, 0.313912, 0.382491, 0.43802, 0.905919, 0.949975, 1, 

27,6,0.001, 0.0278313, 0.0556044, 0.0819128, 0.0996067, 0.196843, 0.234591, 0.306379, 0.375653, 0.440437, 0.461264, 0.603367, 0.365636, 0.656036, 0.821247, 0.852648, 1, 

20,13,0.001, 0.177482, 0.191254, 0.295716, 0.303588, 0.357295, 0.0622372, 0.451517, 0.460957, 1, 

24,8,0.001, 0.0347089, 0.0480169, 0.0566714, 0.159653, 0.164976, 0.284694, 0.319061, 0.451517, 0.843059, 0.873859, 1, 

23,11,0.001, 0.0428241, 0.0441568, 0.0890152, 0.107971, 0.130519, 0.203681, 0.330068, 0.353008, 0.369518, 1, 

26,7,0.001, 0.0278313, 0.0556044, 0.0819128, 0.0996067, 0.196843, 0.234591, 0.238301, 0.451517, 0.460957, 0.599967, 0.902591, 0.928283, 1, 

Generation #19
30,5,0.001, 0.0444041, 0.0635119, 0.0732829, 0.107242, 0.108608, 0.127142, 0.170716, 0.173599, 0.270522, 0.308068, 0.313912, 0.382491, 0.43802, 0.905919, 0.949975, 1, 

27,6,0.001, 0.0278313, 0.0556044, 0.0819128, 0.0996067, 0.196843, 0.234591, 0.306379, 0.375653, 0.440437, 0.461264, 0.603367, 0.365636, 0.656036, 0.821247, 0.852648, 1, 

20,13,0.001, 0.177482, 0.191254, 0.295716, 0.303588, 0.357295, 0.0622372, 0.451517, 0.460957, 1, 

24,8,0.001, 0.0347089, 0.0480169, 0.0566714, 0.159653, 0.164976, 0.284694, 0.319061, 0.451517, 0.843059, 0.873859, 1, 

26,7,0.001, 0.0278313, 0.0556044, 0.0819128, 0.0996067, 0.196843, 0.234591, 0.238301, 0.451517, 0.460957, 0.599967, 0.902591, 0.928283, 1, 

23,9,0.001, 0.028014, 0.03769, 0.0551094, 0.0597726, 0.108608, 0.127142, 0.238301, 0.0688262, 0.353008, 0.369518, 1, 

Generation #20
30,5,0.001, 0.0444041, 0.0635119, 0.0732829, 0.107242, 0.108608, 0.127142, 0.170716, 0.173599, 0.270522, 0.308068, 0.313912, 0.382491, 0.43802, 0.905919, 0.949975, 1, 

27,6,0.001, 0.0278313, 0.0556044, 0.0819128, 0.0996067, 0.196843, 0.234591, 0.306379, 0.375653, 0.440437, 0.461264, 0.603367, 0.365636, 0.656036, 0.821247, 0.852648, 1, 

20,13,0.001, 0.177482, 0.191254, 0.295716, 0.303588, 0.357295, 0.0622372, 0.451517, 0.460957, 1, 

24,8,0.001, 0.0347089, 0.0480169, 0.0566714, 0.159653, 0.164976, 0.284694, 0.319061, 0.451517, 0.843059, 0.873859, 1, 

26,7,0.001, 0.0278313, 0.0556044, 0.0819128, 0.0996067, 0.196843, 0.234591, 0.238301, 0.451517, 0.460957, 0.599967, 0.902591, 0.928283, 1, 

23,9,0.001, 0.028014, 0.03769, 0.0551094, 0.0597726, 0.108608, 0.127142, 0.238301, 0.0688262, 0.353008, 0.369518, 1, 

Generation #21
30,5,0.001, 0.0444041, 0.0635119, 0.0732829, 0.107242, 0.108608, 0.127142, 0.170716, 0.173599, 0.270522, 0.308068, 0.313912, 0.382491, 0.43802, 0.905919, 0.949975, 1, 

27,6,0.001, 0.0278313, 0.0556044, 0.0819128, 0.0996067, 0.196843, 0.234591, 0.306379, 0.375653, 0.440437, 0.461264, 0.603367, 0.365636, 0.656036, 0.821247, 0.852648, 1, 

20,13,0.001, 0.177482, 0.191254, 0.295716, 0.303588, 0.357295, 0.0622372, 0.451517, 0.460957, 1, 

24,8,0.001, 0.0347089, 0.0480169, 0.0566714, 0.159653, 0.164976, 0.284694, 0.319061, 0.451517, 0.843059, 0.873859, 1, 

26,7,0.001, 0.0278313, 0.0556044, 0.0819128, 0.0996067, 0.196843, 0.234591, 0.238301, 0.451517, 0.460957, 0.599967, 0.902591, 0.928283, 1, 

23,9,0.001, 0.028014, 0.03769, 0.0551094, 0.0597726, 0.108608, 0.127142, 0.238301, 0.0688262, 0.353008, 0.369518, 1, 

Generation #22
30,5,0.001, 0.0444041, 0.0635119, 0.0732829, 0.107242, 0.108608, 0.127142, 0.170716, 0.173599, 0.270522, 0.308068, 0.313912, 0.382491, 0.43802, 0.905919, 0.949975, 1, 

27,6,0.001, 0.0278313, 0.0556044, 0.0819128, 0.0996067, 0.196843, 0.234591, 0.306379, 0.375653, 0.440437, 0.461264, 0.603367, 0.365636, 0.656036, 0.821247, 0.852648, 1, 

20,13,0.001, 0.177482, 0.191254, 0.295716, 0.303588, 0.357295, 0.0622372, 0.451517, 0.460957, 1, 

24,8,0.001, 0.0347089, 0.0480169, 0.0566714, 0.159653, 0.164976, 0.284694, 0.319061, 0.451517, 0.843059, 0.873859, 1, 

26,7,0.001, 0.0278313, 0.0556044, 0.0819128, 0.0996067, 0.196843, 0.234591, 0.238301, 0.451517, 0.460957, 0.599967, 0.902591, 0.928283, 1, 

23,9,0.001, 0.028014, 0.03769, 0.0551094, 0.0597726, 0.108608, 0.127142, 0.238301, 0.0688262, 0.353008, 0.369518, 1, 

Generation #23
30,5,0.001, 0.0444041, 0.0635119, 0.0732829, 0.107242, 0.108608, 0.127142, 0.170716, 0.173599, 0.270522, 0.308068, 0.313912, 0.382491, 0.43802, 0.905919, 0.949975, 1, 

20,13,0.001, 0.177482, 0.191254, 0.295716, 0.303588, 0.357295, 0.0622372, 0.451517, 0.460957, 1, 

23,9,0.001, 0.028014, 0.03769, 0.0551094, 0.0597726, 0.108608, 0.127142, 0.238301, 0.0688262, 0.353008, 0.369518, 1, 

24,6,0.001, 0.0191781, 0.03769, 0.0551094, 0.0597726, 0.108608, 0.127142, 0.238301, 0.0688262, 0.353008, 0.369518, 1, 

Generation #24
30,5,0.001, 0.0444041, 0.0635119, 0.0732829, 0.107242, 0.108608, 0.127142, 0.170716, 0.173599, 0.270522, 0.308068, 0.313912, 0.382491, 0.43802, 0.905919, 0.949975, 1, 

20,13,0.001, 0.177482, 0.191254, 0.295716, 0.303588, 0.357295, 0.0622372, 0.451517, 0.460957, 1, 

23,9,0.001, 0.028014, 0.03769, 0.0551094, 0.0597726, 0.108608, 0.127142, 0.238301, 0.0688262, 0.353008, 0.369518, 1, 

24,6,0.001, 0.0191781, 0.03769, 0.0551094, 0.0597726, 0.108608, 0.127142, 0.238301, 0.0688262, 0.353008, 0.369518, 1, 

Generation #25
30,5,0.001, 0.0444041, 0.0635119, 0.0732829, 0.107242, 0.108608, 0.127142, 0.170716, 0.173599, 0.270522, 0.308068, 0.313912, 0.382491, 0.43802, 0.905919, 0.949975, 1, 

20,13,0.001, 0.177482, 0.191254, 0.295716, 0.303588, 0.357295, 0.0622372, 0.451517, 0.460957, 1, 

23,9,0.001, 0.028014, 0.03769, 0.0551094, 0.0597726, 0.108608, 0.127142, 0.238301, 0.0688262, 0.353008, 0.369518, 1, 

24,6,0.001, 0.0191781, 0.03769, 0.0551094, 0.0597726, 0.108608, 0.127142, 0.238301, 0.0688262, 0.353008, 0.369518, 1, 

Generation #26
30,5,0.001, 0.0444041, 0.0635119, 0.0732829, 0.107242, 0.108608, 0.127142, 0.170716, 0.173599, 0.270522, 0.308068, 0.313912, 0.382491, 0.43802, 0.905919, 0.949975, 1, 

20,13,0.001, 0.177482, 0.191254, 0.295716, 0.303588, 0.357295, 0.0622372, 0.451517, 0.460957, 1, 

23,9,0.001, 0.028014, 0.03769, 0.0551094, 0.0597726, 0.108608, 0.127142, 0.238301, 0.0688262, 0.353008, 0.369518, 1, 

24,6,0.001, 0.0191781, 0.03769, 0.0551094, 0.0597726, 0.108608, 0.127142, 0.238301, 0.0688262, 0.353008, 0.369518, 1, 

Generation #27
30,5,0.001, 0.0444041, 0.0635119, 0.0732829, 0.107242, 0.108608, 0.127142, 0.170716, 0.173599, 0.270522, 0.308068, 0.313912, 0.382491, 0.43802, 0.905919, 0.949975, 1, 

20,13,0.001, 0.177482, 0.191254, 0.295716, 0.303588, 0.357295, 0.0622372, 0.451517, 0.460957, 1, 

23,9,0.001, 0.028014, 0.03769, 0.0551094, 0.0597726, 0.108608, 0.127142, 0.238301, 0.0688262, 0.353008, 0.369518, 1, 

24,6,0.001, 0.0191781, 0.03769, 0.0551094, 0.0597726, 0.108608, 0.127142, 0.238301, 0.0688262, 0.353008, 0.369518, 1, 

Generation #28
30,5,0.001, 0.0444041, 0.0635119, 0.0732829, 0.107242, 0.108608, 0.127142, 0.170716, 0.173599, 0.270522, 0.308068, 0.313912, 0.382491, 0.43802, 0.905919, 0.949975, 1, 

20,13,0.001, 0.177482, 0.191254, 0.295716, 0.303588, 0.357295, 0.0622372, 0.451517, 0.460957, 1, 

24,6,0.001, 0.0191781, 0.03769, 0.0551094, 0.0597726, 0.108608, 0.127142, 0.238301, 0.0688262, 0.353008, 0.369518, 1, 

23,7,0.001, 0.0782802, 0.0947104, 0.13449, 0.189019, 0.218383, 0.222494, 0.228618, 0.369518, 0.98823, 1, 

Generation #29
30,5,0.001, 0.0444041, 0.0635119, 0.0732829, 0.107242, 0.108608, 0.127142, 0.170716, 0.173599, 0.270522, 0.308068, 0.313912, 0.382491, 0.43802, 0.905919, 0.949975, 1, 

20,13,0.001, 0.177482, 0.191254, 0.295716, 0.303588, 0.357295, 0.0622372, 0.451517, 0.460957, 1, 

24,6,0.001, 0.0191781, 0.03769, 0.0551094, 0.0597726, 0.108608, 0.127142, 0.238301, 0.0688262, 0.353008, 0.369518, 1, 

23,7,0.001, 0.0782802, 0.0947104, 0.13449, 0.189019, 0.218383, 0.222494, 0.228618, 0.369518, 0.98823, 1, 

Generation #30
30,5,0.001, 0.0444041, 0.0635119, 0.0732829, 0.107242, 0.108608, 0.127142, 0.170716, 0.173599, 0.270522, 0.308068, 0.313912, 0.382491, 0.43802, 0.905919, 0.949975, 1, 

20,13,0.001, 0.177482, 0.191254, 0.295716, 0.303588, 0.357295, 0.0622372, 0.451517, 0.460957, 1, 

24,6,0.001, 0.0191781, 0.03769, 0.0551094, 0.0597726, 0.108608, 0.127142, 0.238301, 0.0688262, 0.353008, 0.369518, 1, 

23,7,0.001, 0.0782802, 0.0947104, 0.13449, 0.189019, 0.218383, 0.222494, 0.228618, 0.369518, 0.98823, 1, 

Generation #31
30,5,0.001, 0.0444041, 0.0635119, 0.0732829, 0.107242, 0.108608, 0.127142, 0.170716, 0.173599, 0.270522, 0.308068, 0.313912, 0.382491, 0.43802, 0.905919, 0.949975, 1, 

20,13,0.001, 0.177482, 0.191254, 0.295716, 0.303588, 0.357295, 0.0622372, 0.451517, 0.460957, 1, 

24,6,0.001, 0.0191781, 0.03769, 0.0551094, 0.0597726, 0.108608, 0.127142, 0.238301, 0.0688262, 0.353008, 0.369518, 1, 

23,7,0.001, 0.0782802, 0.0947104, 0.13449, 0.189019, 0.218383, 0.222494, 0.228618, 0.369518, 0.98823, 1, 

Generation #32
30,5,0.001, 0.0444041, 0.0635119, 0.0732829, 0.107242, 0.108608, 0.127142, 0.170716, 0.173599, 0.270522, 0.308068, 0.313912, 0.382491, 0.43802, 0.905919, 0.949975, 1, 

20,13,0.001, 0.177482, 0.191254, 0.295716, 0.303588, 0.357295, 0.0622372, 0.451517, 0.460957, 1, 

24,6,0.001, 0.0191781, 0.03769, 0.0551094, 0.0597726, 0.108608, 0.127142, 0.238301, 0.0688262, 0.353008, 0.369518, 1, 

23,7,0.001, 0.0782802, 0.0947104, 0.13449, 0.189019, 0.218383, 0.222494, 0.228618, 0.369518, 0.98823, 1, 

22,10,0.001, 0.0890102, 0.0913431, 0.146349, 0.151938, 0.291753, 0.332938, 0.98823, 1, 

Generation #33
30,5,0.001, 0.0444041, 0.0635119, 0.0732829, 0.107242, 0.108608, 0.127142, 0.170716, 0.173599, 0.270522, 0.308068, 0.313912, 0.382491, 0.43802, 0.905919, 0.949975, 1, 

20,13,0.001, 0.177482, 0.191254, 0.295716, 0.303588, 0.357295, 0.0622372, 0.451517, 0.460957, 1, 

24,6,0.001, 0.0191781, 0.03769, 0.0551094, 0.0597726, 0.108608, 0.127142, 0.238301, 0.0688262, 0.353008, 0.369518, 1, 

23,7,0.001, 0.0782802, 0.0947104, 0.13449, 0.189019, 0.218383, 0.222494, 0.228618, 0.369518, 0.98823, 1, 

22,10,0.001, 0.0890102, 0.0913431, 0.146349, 0.151938, 0.291753, 0.332938, 0.98823, 1, 

Generation #34
30,5,0.001, 0.0444041, 0.0635119, 0.0732829, 0.107242, 0.108608, 0.127142, 0.170716, 0.173599, 0.270522, 0.308068, 0.313912, 0.382491, 0.43802, 0.905919, 0.949975, 1, 

20,13,0.001, 0.177482, 0.191254, 0.295716, 0.303588, 0.357295, 0.0622372, 0.451517, 0.460957, 1, 

24,6,0.001, 0.0191781, 0.03769, 0.0551094, 0.0597726, 0.108608, 0.127142, 0.238301, 0.0688262, 0.353008, 0.369518, 1, 

23,7,0.001, 0.0782802, 0.0947104, 0.13449, 0.189019, 0.218383, 0.222494, 0.228618, 0.369518, 0.98823, 1, 

22,10,0.001, 0.0890102, 0.0913431, 0.146349, 0.151938, 0.291753, 0.332938, 0.98823, 1, 

Generation #35
30,5,0.001, 0.0444041, 0.0635119, 0.0732829, 0.107242, 0.108608, 0.127142, 0.170716, 0.173599, 0.270522, 0.308068, 0.313912, 0.382491, 0.43802, 0.905919, 0.949975, 1, 

20,13,0.001, 0.177482, 0.191254, 0.295716, 0.303588, 0.357295, 0.0622372, 0.451517, 0.460957, 1, 

24,6,0.001, 0.0191781, 0.03769, 0.0551094, 0.0597726, 0.108608, 0.127142, 0.238301, 0.0688262, 0.353008, 0.369518, 1, 

23,7,0.001, 0.0782802, 0.0947104, 0.13449, 0.189019, 0.218383, 0.222494, 0.228618, 0.369518, 0.98823, 1, 

22,10,0.001, 0.0890102, 0.0913431, 0.146349, 0.151938, 0.291753, 0.332938, 0.98823, 1, 

Generation #36
30,5,0.001, 0.0444041, 0.0635119, 0.0732829, 0.107242, 0.108608, 0.127142, 0.170716, 0.173599, 0.270522, 0.308068, 0.313912, 0.382491, 0.43802, 0.905919, 0.949975, 1, 

20,13,0.001, 0.177482, 0.191254, 0.295716, 0.303588, 0.357295, 0.0622372, 0.451517, 0.460957, 1, 

24,6,0.001, 0.0191781, 0.03769, 0.0551094, 0.0597726, 0.108608, 0.127142, 0.238301, 0.0688262, 0.353008, 0.369518, 1, 

23,7,0.001, 0.0782802, 0.0947104, 0.13449, 0.189019, 0.218383, 0.222494, 0.228618, 0.369518, 0.98823, 1, 

22,10,0.001, 0.0890102, 0.0913431, 0.146349, 0.151938, 0.291753, 0.332938, 0.98823, 1, 

Generation #37
30,5,0.001, 0.0444041, 0.0635119, 0.0732829, 0.107242, 0.108608, 0.127142, 0.170716, 0.173599, 0.270522, 0.308068, 0.313912, 0.382491, 0.43802, 0.905919, 0.949975, 1, 

20,13,0.001, 0.177482, 0.191254, 0.295716, 0.303588, 0.357295, 0.0622372, 0.451517, 0.460957, 1, 

22,6,0.001, 0.0890102, 0.0913431, 0.146349, 0.151938, 0.291753, 0.332938, 0.98823, 1, 

Generation #38
30,5,0.001, 0.0444041, 0.0635119, 0.0732829, 0.107242, 0.108608, 0.127142, 0.170716, 0.173599, 0.270522, 0.308068, 0.313912, 0.382491, 0.43802, 0.905919, 0.949975, 1, 

20,13,0.001, 0.177482, 0.191254, 0.295716, 0.303588, 0.357295, 0.0622372, 0.451517, 0.460957, 1, 

22,6,0.001, 0.0890102, 0.0913431, 0.146349, 0.151938, 0.291753, 0.332938, 0.98823, 1, 

Generation #39
30,5,0.001, 0.0444041, 0.0635119, 0.0732829, 0.107242, 0.108608, 0.127142, 0.170716, 0.173599, 0.270522, 0.308068, 0.313912, 0.382491, 0.43802, 0.905919, 0.949975, 1, 

20,13,0.001, 0.177482, 0.191254, 0.295716, 0.303588, 0.357295, 0.0622372, 0.451517, 0.460957, 1, 

22,6,0.001, 0.0890102, 0.0913431, 0.146349, 0.151938, 0.291753, 0.332938, 0.98823, 1, 

Generation #40
30,5,0.001, 0.0444041, 0.0635119, 0.0732829, 0.107242, 0.108608, 0.127142, 0.170716, 0.173599, 0.270522, 0.308068, 0.313912, 0.382491, 0.43802, 0.905919, 0.949975, 1, 

20,13,0.001, 0.177482, 0.191254, 0.295716, 0.303588, 0.357295, 0.0622372, 0.451517, 0.460957, 1, 

22,6,0.001, 0.0890102, 0.0913431, 0.146349, 0.151938, 0.291753, 0.332938, 0.98823, 1, 

Generation #41
30,5,0.001, 0.0444041, 0.0635119, 0.0732829, 0.107242, 0.108608, 0.127142, 0.170716, 0.173599, 0.270522, 0.308068, 0.313912, 0.382491, 0.43802, 0.905919, 0.949975, 1, 

20,13,0.001, 0.177482, 0.191254, 0.295716, 0.303588, 0.357295, 0.0622372, 0.451517, 0.460957, 1, 

22,6,0.001, 0.0890102, 0.0913431, 0.146349, 0.151938, 0.291753, 0.332938, 0.98823, 1, 

Generation #42
30,5,0.001, 0.0444041, 0.0635119, 0.0732829, 0.107242, 0.108608, 0.127142, 0.170716, 0.173599, 0.270522, 0.308068, 0.313912, 0.382491, 0.43802, 0.905919, 0.949975, 1, 

20,13,0.001, 0.177482, 0.191254, 0.295716, 0.303588, 0.357295, 0.0622372, 0.451517, 0.460957, 1, 

22,6,0.001, 0.0890102, 0.0913431, 0.146349, 0.151938, 0.291753, 0.332938, 0.98823, 1, 

Generation #43
30,5,0.001, 0.0444041, 0.0635119, 0.0732829, 0.107242, 0.108608, 0.127142, 0.170716, 0.173599, 0.270522, 0.308068, 0.313912, 0.382491, 0.43802, 0.905919, 0.949975, 1, 

20,13,0.001, 0.177482, 0.191254, 0.295716, 0.303588, 0.357295, 0.0622372, 0.451517, 0.460957, 1, 

22,6,0.001, 0.0890102, 0.0913431, 0.146349, 0.151938, 0.291753, 0.332938, 0.98823, 1, 

Generation #44
30,5,0.001, 0.0444041, 0.0635119, 0.0732829, 0.107242, 0.108608, 0.127142, 0.170716, 0.173599, 0.270522, 0.308068, 0.313912, 0.382491, 0.43802, 0.905919, 0.949975, 1, 

20,13,0.001, 0.177482, 0.191254, 0.295716, 0.303588, 0.357295, 0.0622372, 0.451517, 0.460957, 1, 

22,6,0.001, 0.0890102, 0.0913431, 0.146349, 0.151938, 0.291753, 0.332938, 0.98823, 1, 

Generation #45
30,5,0.001, 0.0444041, 0.0635119, 0.0732829, 0.107242, 0.108608, 0.127142, 0.170716, 0.173599, 0.270522, 0.308068, 0.313912, 0.382491, 0.43802, 0.905919, 0.949975, 1, 

20,13,0.001, 0.177482, 0.191254, 0.295716, 0.303588, 0.357295, 0.0622372, 0.451517, 0.460957, 1, 

22,6,0.001, 0.0890102, 0.0913431, 0.146349, 0.151938, 0.291753, 0.332938, 0.98823, 1, 

Generation #46
30,5,0.001, 0.0444041, 0.0635119, 0.0732829, 0.107242, 0.108608, 0.127142, 0.170716, 0.173599, 0.270522, 0.308068, 0.313912, 0.382491, 0.43802, 0.905919, 0.949975, 1, 

20,13,0.001, 0.177482, 0.191254, 0.295716, 0.303588, 0.357295, 0.0622372, 0.451517, 0.460957, 1, 

22,6,0.001, 0.0890102, 0.0913431, 0.146349, 0.151938, 0.291753, 0.332938, 0.98823, 1, 

Generation #47
30,5,0.001, 0.0444041, 0.0635119, 0.0732829, 0.107242, 0.108608, 0.127142, 0.170716, 0.173599, 0.270522, 0.308068, 0.313912, 0.382491, 0.43802, 0.905919, 0.949975, 1, 

20,13,0.001, 0.177482, 0.191254, 0.295716, 0.303588, 0.357295, 0.0622372, 0.451517, 0.460957, 1, 

22,6,0.001, 0.0890102, 0.0913431, 0.146349, 0.151938, 0.291753, 0.332938, 0.98823, 1, 

21,7,0.001, 0.0278313, 0.03769, 0.0551094, 0.0597726, 0.108608, 0.127142, 0.238301, 0.0688262, 0.353008, 0.369518, 1, 

Generation #48
30,5,0.001, 0.0444041, 0.0635119, 0.0732829, 0.107242, 0.108608, 0.127142, 0.170716, 0.173599, 0.270522, 0.308068, 0.313912, 0.382491, 0.43802, 0.905919, 0.949975, 1, 

20,13,0.001, 0.177482, 0.191254, 0.295716, 0.303588, 0.357295, 0.0622372, 0.451517, 0.460957, 1, 

22,6,0.001, 0.0890102, 0.0913431, 0.146349, 0.151938, 0.291753, 0.332938, 0.98823, 1, 

21,7,0.001, 0.0278313, 0.03769, 0.0551094, 0.0597726, 0.108608, 0.127142, 0.238301, 0.0688262, 0.353008, 0.369518, 1, 

Generation #49
30,5,0.001, 0.0444041, 0.0635119, 0.0732829, 0.107242, 0.108608, 0.127142, 0.170716, 0.173599, 0.270522, 0.308068, 0.313912, 0.382491, 0.43802, 0.905919, 0.949975, 1, 

20,13,0.001, 0.177482, 0.191254, 0.295716, 0.303588, 0.357295, 0.0622372, 0.451517, 0.460957, 1, 

22,6,0.001, 0.0890102, 0.0913431, 0.146349, 0.151938, 0.291753, 0.332938, 0.98823, 1, 

21,7,0.001, 0.0278313, 0.03769, 0.0551094, 0.0597726, 0.108608, 0.127142, 0.238301, 0.0688262, 0.353008, 0.369518, 1, 

--- Pareto Front Solutions ---
Solution 0: N total=112 (N_initial=82, N_added=30), Time total=20 ms, Saved to: ./results/SPINV_t2_l4_pareto_0.csv, percents=0.001, 0.0444041, 0.0635119, 0.0732829, 0.107242, 0.108608, 0.127142, 0.170716, 0.173599, 0.270522, 0.308068, 0.313912, 0.382491, 0.43802, 0.905919, 0.949975, 1, 

Solution 1: N total=102 (N_initial=82, N_added=20), Time total=28 ms, Saved to: ./results/SPINV_t2_l4_pareto_1.csv, percents=0.001, 0.177482, 0.191254, 0.295716, 0.303588, 0.357295, 0.0622372, 0.451517, 0.460957, 1, 

Solution 2: N total=104 (N_initial=82, N_added=22), Time total=21 ms, Saved to: ./results/SPINV_t2_l4_pareto_2.csv, percents=0.001, 0.0890102, 0.0913431, 0.146349, 0.151938, 0.291753, 0.332938, 0.98823, 1, 

Solution 3: N total=103 (N_initial=82, N_added=21), Time total=22 ms, Saved to: ./results/SPINV_t2_l4_pareto_3.csv, percents=0.001, 0.0278313, 0.03769, 0.0551094, 0.0597726, 0.108608, 0.127142, 0.238301, 0.0688262, 0.353008, 0.369518, 1, 

