------------d=1, t=2, lambda=1, filename=./evaluation/SPINS/SPINS_2_1.csv------------
Computing partitioned counts of d-sets...
Ready to look at pairs based on partitioned counts...
First Stage N=24, Time=3
There are 792 remaining non-locating pairs
Running GA with std::execution::par
Generation #0
27,228,0.001, 0.139605, 0.219523, 0.33745, 0.371203, 0.465486, 0.467519, 0.710549, 0.845754, 0.979017, 1, 

28,167,0.001, 0.0930755, 0.117456, 0.246838, 0.266876, 0.268594, 0.459387, 0.461979, 0.480012, 0.650595, 0.662716, 0.705202, 0.789084, 1, 

35,99,0.001, 0.0219461, 0.0261442, 0.0262016, 0.0663368, 0.100799, 0.164494, 0.217953, 0.230267, 0.239707, 0.475426, 0.477239, 0.511489, 0.606937, 0.610299, 0.685118, 0.749872, 0.761045, 0.79815, 0.843834, 0.85952, 0.956795, 1, 

26,390,0.001, 0.134803, 0.221837, 0.302436, 0.583685, 0.666923, 0.687387, 0.775528, 0.797689, 0.831146, 0.990146, 1, 

31,126,0.001, 0.0497091, 0.0827891, 0.108354, 0.288172, 0.394254, 0.406807, 0.441389, 0.55663, 0.652303, 0.7728, 0.78984, 0.809512, 0.821009, 0.856762, 0.858627, 0.936587, 1, 

Generation #1
32,94,0.001, 0.0414656, 0.0521207, 0.0686577, 0.117633, 0.126995, 0.163411, 0.214394, 0.220679, 0.352849, 0.417959, 0.422481, 0.437751, 0.531079, 0.56771, 0.665585, 0.76718, 0.888482, 0.910419, 0.911522, 1, 

26,104,0.001, 0.0566752, 0.0752839, 0.0777061, 0.0863873, 0.182181, 0.477284, 0.477442, 0.724748, 0.810831, 0.849767, 0.870316, 0.901945, 1, 

24,362,0.001, 0.270595, 0.273458, 0.362229, 0.413435, 0.506624, 0.660796, 0.670458, 0.793153, 1, 

25,218,0.001, 0.0481836, 0.152529, 0.302436, 0.583685, 0.666923, 0.687387, 0.775528, 0.797689, 0.831146, 0.990146, 1, 

Generation #2
31,62,0.001, 0.0414656, 0.0521207, 0.0686577, 0.117633, 0.126995, 0.163411, 0.214394, 0.220679, 0.352849, 0.417959, 0.422481, 0.437751, 0.531079, 0.56771, 0.665585, 0.76718, 0.888482, 0.910419, 0.911522, 1, 

24,77,0.001, 0.0691965, 0.0903244, 0.091733, 0.181093, 0.157387, 0.207509, 0.233497, 0.34024, 0.425078, 0.662716, 0.705202, 0.789084, 1, 

33,60,0.001, 0.0234395, 0.0390873, 0.0460126, 0.10239, 0.111185, 0.134715, 0.142228, 0.147769, 0.164878, 0.182603, 0.226503, 0.233886, 0.288066, 0.436146, 0.459913, 0.494666, 0.552769, 0.560013, 0.885862, 1, 

Generation #3
31,62,0.001, 0.0414656, 0.0521207, 0.0686577, 0.117633, 0.126995, 0.163411, 0.214394, 0.220679, 0.352849, 0.417959, 0.422481, 0.437751, 0.531079, 0.56771, 0.665585, 0.76718, 0.888482, 0.910419, 0.911522, 1, 

33,60,0.001, 0.0234395, 0.0390873, 0.0460126, 0.10239, 0.111185, 0.134715, 0.142228, 0.147769, 0.164878, 0.182603, 0.226503, 0.233886, 0.288066, 0.436146, 0.459913, 0.494666, 0.552769, 0.560013, 0.885862, 1, 

24,75,0.001, 0.059426, 0.0390873, 0.0460126, 0.10239, 0.111185, 0.134715, 0.142228, 0.81168, 0.338484, 0.981794, 1, 

Generation #4
31,62,0.001, 0.0414656, 0.0521207, 0.0686577, 0.117633, 0.126995, 0.163411, 0.214394, 0.220679, 0.352849, 0.417959, 0.422481, 0.437751, 0.531079, 0.56771, 0.665585, 0.76718, 0.888482, 0.910419, 0.911522, 1, 

33,60,0.001, 0.0234395, 0.0390873, 0.0460126, 0.10239, 0.111185, 0.134715, 0.142228, 0.147769, 0.164878, 0.182603, 0.226503, 0.233886, 0.288066, 0.436146, 0.459913, 0.494666, 0.552769, 0.560013, 0.885862, 1, 

24,75,0.001, 0.059426, 0.0390873, 0.0460126, 0.10239, 0.111185, 0.134715, 0.142228, 0.81168, 0.338484, 0.981794, 1, 

28,65,0.001, 0.0266537, 0.037516, 0.040253, 0.075425, 0.14546, 0.153692, 0.246362, 0.302584, 0.345675, 0.346068, 0.390185, 0.443204, 0.455689, 0.522106, 0.532403, 1, 

23,236,0.001, 0.0211516, 0.0392133, 0.621884, 0.109886, 0.119161, 0.216399, 0.246362, 0.793153, 1, 

Generation #5
23,116,0.001, 0.0691965, 0.0903244, 0.091733, 0.181093, 0.487062, 0.207509, 0.670458, 0.793153, 1, 

30,60,0.001, 0.0234395, 0.0390873, 0.0460126, 0.10239, 0.111185, 0.134715, 0.142228, 0.147769, 0.164878, 0.346068, 0.390185, 0.443204, 0.821051, 0.86027, 0.97724, 1, 

24,72,0.001, 0.0211516, 0.0392133, 0.0460126, 0.10239, 0.111185, 0.134715, 0.142228, 0.302584, 0.345675, 0.452495, 1, 

28,62,0.001, 0.0234395, 0.0390873, 0.0460126, 0.10239, 0.111185, 0.134715, 0.142228, 0.147769, 0.425078, 0.623749, 0.642961, 0.77327, 0.821051, 0.86027, 0.97724, 1, 

35,57,0.001, 0.0234395, 0.0390873, 0.0460126, 0.10239, 0.111185, 0.134715, 0.142228, 0.22996, 0.248763, 0.304855, 0.477239, 0.511489, 0.606937, 0.610299, 0.685118, 0.749872, 0.761045, 0.79815, 0.843834, 0.85952, 0.956795, 1, 

Generation #6
30,60,0.001, 0.0234395, 0.0390873, 0.0460126, 0.10239, 0.111185, 0.134715, 0.142228, 0.147769, 0.164878, 0.346068, 0.390185, 0.443204, 0.821051, 0.86027, 0.97724, 1, 

24,72,0.001, 0.0211516, 0.0392133, 0.0460126, 0.10239, 0.111185, 0.134715, 0.142228, 0.302584, 0.345675, 0.452495, 1, 

28,62,0.001, 0.0234395, 0.0390873, 0.0460126, 0.10239, 0.111185, 0.134715, 0.142228, 0.147769, 0.425078, 0.623749, 0.642961, 0.77327, 0.821051, 0.86027, 0.97724, 1, 

35,57,0.001, 0.0234395, 0.0390873, 0.0460126, 0.10239, 0.111185, 0.134715, 0.142228, 0.22996, 0.248763, 0.304855, 0.477239, 0.511489, 0.606937, 0.610299, 0.685118, 0.749872, 0.761045, 0.79815, 0.843834, 0.85952, 0.956795, 1, 

23,98,0.001, 0.0566752, 0.0903244, 0.0460126, 0.10239, 0.111185, 0.134715, 0.142228, 0.147769, 0.164878, 0.981794, 1, 

39,54,0.001, 0.0219461, 0.0261442, 0.0262016, 0.0663368, 0.14546, 0.216399, 0.246362, 0.302584, 0.345675, 0.346068, 0.390185, 0.443204, 0.455689, 0.522106, 0.532403, 0.55521, 0.604216, 0.702404, 0.757145, 0.774314, 0.824831, 0.850221, 0.519021, 0.984248, 0.991008, 0.997154, 1, 

26,70,0.001, 0.0219461, 0.0261442, 0.0262016, 0.0663368, 0.14546, 0.153692, 0.246362, 0.302584, 0.345675, 0.915786, 1, 

Generation #7
28,62,0.001, 0.0234395, 0.0390873, 0.0460126, 0.10239, 0.111185, 0.134715, 0.142228, 0.147769, 0.425078, 0.623749, 0.642961, 0.77327, 0.821051, 0.86027, 0.97724, 1, 

35,57,0.001, 0.0234395, 0.0390873, 0.0460126, 0.10239, 0.111185, 0.134715, 0.142228, 0.22996, 0.248763, 0.304855, 0.477239, 0.511489, 0.606937, 0.610299, 0.685118, 0.749872, 0.761045, 0.79815, 0.843834, 0.85952, 0.956795, 1, 

23,98,0.001, 0.0566752, 0.0903244, 0.0460126, 0.10239, 0.111185, 0.134715, 0.142228, 0.147769, 0.164878, 0.981794, 1, 

39,54,0.001, 0.0219461, 0.0261442, 0.0262016, 0.0663368, 0.14546, 0.216399, 0.246362, 0.302584, 0.345675, 0.346068, 0.390185, 0.443204, 0.455689, 0.522106, 0.532403, 0.55521, 0.604216, 0.702404, 0.757145, 0.774314, 0.824831, 0.850221, 0.519021, 0.984248, 0.991008, 0.997154, 1, 

29,60,0.001, 0.0266537, 0.037516, 0.040253, 0.075425, 0.14546, 0.153692, 0.246362, 0.302584, 0.345675, 0.346068, 0.390185, 0.443204, 0.455689, 0.522106, 0.532403, 1, 

22,138,0.001, 0.0211516, 0.171027, 0.0460126, 0.10239, 0.111185, 0.134715, 0.142228, 0.583166, 1, 

24,69,0.001, 0.059426, 0.0390873, 0.0460126, 0.10239, 0.111185, 0.134715, 0.142228, 0.81168, 0.338484, 0.981794, 1, 

Generation #8
28,62,0.001, 0.0234395, 0.0390873, 0.0460126, 0.10239, 0.111185, 0.134715, 0.142228, 0.147769, 0.425078, 0.623749, 0.642961, 0.77327, 0.821051, 0.86027, 0.97724, 1, 

35,57,0.001, 0.0234395, 0.0390873, 0.0460126, 0.10239, 0.111185, 0.134715, 0.142228, 0.22996, 0.248763, 0.304855, 0.477239, 0.511489, 0.606937, 0.610299, 0.685118, 0.749872, 0.761045, 0.79815, 0.843834, 0.85952, 0.956795, 1, 

23,98,0.001, 0.0566752, 0.0903244, 0.0460126, 0.10239, 0.111185, 0.134715, 0.142228, 0.147769, 0.164878, 0.981794, 1, 

39,54,0.001, 0.0219461, 0.0261442, 0.0262016, 0.0663368, 0.14546, 0.216399, 0.246362, 0.302584, 0.345675, 0.346068, 0.390185, 0.443204, 0.455689, 0.522106, 0.532403, 0.55521, 0.604216, 0.702404, 0.757145, 0.774314, 0.824831, 0.850221, 0.519021, 0.984248, 0.991008, 0.997154, 1, 

29,60,0.001, 0.0266537, 0.037516, 0.040253, 0.075425, 0.14546, 0.153692, 0.246362, 0.302584, 0.345675, 0.346068, 0.390185, 0.443204, 0.455689, 0.522106, 0.532403, 1, 

22,138,0.001, 0.0211516, 0.171027, 0.0460126, 0.10239, 0.111185, 0.134715, 0.142228, 0.583166, 1, 

24,69,0.001, 0.059426, 0.0390873, 0.0460126, 0.10239, 0.111185, 0.134715, 0.142228, 0.81168, 0.338484, 0.981794, 1, 

Generation #9
28,62,0.001, 0.0234395, 0.0390873, 0.0460126, 0.10239, 0.111185, 0.134715, 0.142228, 0.147769, 0.425078, 0.623749, 0.642961, 0.77327, 0.821051, 0.86027, 0.97724, 1, 

35,57,0.001, 0.0234395, 0.0390873, 0.0460126, 0.10239, 0.111185, 0.134715, 0.142228, 0.22996, 0.248763, 0.304855, 0.477239, 0.511489, 0.606937, 0.610299, 0.685118, 0.749872, 0.761045, 0.79815, 0.843834, 0.85952, 0.956795, 1, 

39,54,0.001, 0.0219461, 0.0261442, 0.0262016, 0.0663368, 0.14546, 0.216399, 0.246362, 0.302584, 0.345675, 0.346068, 0.390185, 0.443204, 0.455689, 0.522106, 0.532403, 0.55521, 0.604216, 0.702404, 0.757145, 0.774314, 0.824831, 0.850221, 0.519021, 0.984248, 0.991008, 0.997154, 1, 

29,60,0.001, 0.0266537, 0.037516, 0.040253, 0.075425, 0.14546, 0.153692, 0.246362, 0.302584, 0.345675, 0.346068, 0.390185, 0.443204, 0.455689, 0.522106, 0.532403, 1, 

22,138,0.001, 0.0211516, 0.171027, 0.0460126, 0.10239, 0.111185, 0.134715, 0.142228, 0.583166, 1, 

24,69,0.001, 0.059426, 0.0390873, 0.0460126, 0.10239, 0.111185, 0.134715, 0.142228, 0.81168, 0.338484, 0.981794, 1, 

23,78,0.001, 0.0234395, 0.0390873, 0.0460126, 0.10239, 0.111185, 0.134715, 0.142228, 0.147769, 0.164878, 0.182603, 0.943416, 1, 

Generation #10
28,62,0.001, 0.0234395, 0.0390873, 0.0460126, 0.10239, 0.111185, 0.134715, 0.142228, 0.147769, 0.425078, 0.623749, 0.642961, 0.77327, 0.821051, 0.86027, 0.97724, 1, 

35,57,0.001, 0.0234395, 0.0390873, 0.0460126, 0.10239, 0.111185, 0.134715, 0.142228, 0.22996, 0.248763, 0.304855, 0.477239, 0.511489, 0.606937, 0.610299, 0.685118, 0.749872, 0.761045, 0.79815, 0.843834, 0.85952, 0.956795, 1, 

39,54,0.001, 0.0219461, 0.0261442, 0.0262016, 0.0663368, 0.14546, 0.216399, 0.246362, 0.302584, 0.345675, 0.346068, 0.390185, 0.443204, 0.455689, 0.522106, 0.532403, 0.55521, 0.604216, 0.702404, 0.757145, 0.774314, 0.824831, 0.850221, 0.519021, 0.984248, 0.991008, 0.997154, 1, 

29,60,0.001, 0.0266537, 0.037516, 0.040253, 0.075425, 0.14546, 0.153692, 0.246362, 0.302584, 0.345675, 0.346068, 0.390185, 0.443204, 0.455689, 0.522106, 0.532403, 1, 

24,69,0.001, 0.059426, 0.0390873, 0.0460126, 0.10239, 0.111185, 0.134715, 0.142228, 0.81168, 0.338484, 0.981794, 1, 

23,78,0.001, 0.0234395, 0.0390873, 0.0460126, 0.10239, 0.111185, 0.134715, 0.142228, 0.147769, 0.164878, 0.182603, 0.943416, 1, 

21,111,0.001, 0.0234395, 0.0390873, 0.0460126, 0.10239, 0.111185, 0.155366, 0.142228, 0.583166, 1, 

26,67,0.001, 0.0234395, 0.0460126, 0.10239, 0.111185, 0.134715, 0.142228, 0.147769, 0.164878, 0.182603, 0.226503, 0.787231, 0.8087, 0.937226, 1, 

Generation #11
24,69,0.001, 0.059426, 0.0390873, 0.0460126, 0.10239, 0.111185, 0.134715, 0.142228, 0.81168, 0.338484, 0.981794, 1, 

23,78,0.001, 0.0234395, 0.0390873, 0.0460126, 0.10239, 0.111185, 0.134715, 0.142228, 0.147769, 0.164878, 0.182603, 0.943416, 1, 

21,111,0.001, 0.0234395, 0.0390873, 0.0460126, 0.10239, 0.111185, 0.155366, 0.142228, 0.583166, 1, 

26,46,0.001, 0.0234395, 0.0390873, 0.0460126, 0.10239, 0.111185, 0.134715, 0.142228, 0.147769, 0.164878, 0.346068, 0.390185, 0.443204, 0.821051, 0.86027, 0.97724, 1, 

Generation #12
23,78,0.001, 0.0234395, 0.0390873, 0.0460126, 0.10239, 0.111185, 0.134715, 0.142228, 0.147769, 0.164878, 0.182603, 0.943416, 1, 

21,111,0.001, 0.0234395, 0.0390873, 0.0460126, 0.10239, 0.111185, 0.155366, 0.142228, 0.583166, 1, 

26,46,0.001, 0.0234395, 0.0390873, 0.0460126, 0.10239, 0.111185, 0.134715, 0.142228, 0.147769, 0.164878, 0.346068, 0.390185, 0.443204, 0.821051, 0.86027, 0.97724, 1, 

24,63,0.001, 0.0414656, 0.0521207, 0.0686577, 0.117633, 0.14546, 0.153692, 0.246362, 0.239467, 0.302584, 0.345675, 0.389696, 1, 

Generation #13
21,111,0.001, 0.0234395, 0.0390873, 0.0460126, 0.10239, 0.111185, 0.155366, 0.142228, 0.583166, 1, 

26,46,0.001, 0.0234395, 0.0390873, 0.0460126, 0.10239, 0.111185, 0.134715, 0.142228, 0.147769, 0.164878, 0.346068, 0.390185, 0.443204, 0.821051, 0.86027, 0.97724, 1, 

24,63,0.001, 0.0414656, 0.0521207, 0.0686577, 0.117633, 0.14546, 0.153692, 0.246362, 0.239467, 0.302584, 0.345675, 0.389696, 1, 

23,65,0.001, 0.0234395, 0.0390873, 0.0460126, 0.10239, 0.14546, 0.153692, 0.246362, 0.302584, 0.345675, 0.389696, 1, 

Generation #14
26,46,0.001, 0.0234395, 0.0390873, 0.0460126, 0.10239, 0.111185, 0.134715, 0.142228, 0.147769, 0.164878, 0.346068, 0.390185, 0.443204, 0.821051, 0.86027, 0.97724, 1, 

21,52,0.001, 0.0234395, 0.0390873, 0.0460126, 0.10239, 0.111185, 0.134715, 0.142228, 0.302584, 0.345675, 0.452495, 1, 

Generation #15
26,46,0.001, 0.0234395, 0.0390873, 0.0460126, 0.10239, 0.111185, 0.134715, 0.142228, 0.147769, 0.164878, 0.346068, 0.390185, 0.443204, 0.821051, 0.86027, 0.97724, 1, 

21,52,0.001, 0.0234395, 0.0390873, 0.0460126, 0.10239, 0.111185, 0.134715, 0.142228, 0.302584, 0.345675, 0.452495, 1, 

22,49,0.001, 0.0234395, 0.0390873, 0.0460126, 0.10239, 0.111185, 0.153692, 0.246362, 0.302584, 0.452495, 1, 

Generation #16
26,46,0.001, 0.0234395, 0.0390873, 0.0460126, 0.10239, 0.111185, 0.134715, 0.142228, 0.147769, 0.164878, 0.346068, 0.390185, 0.443204, 0.821051, 0.86027, 0.97724, 1, 

21,52,0.001, 0.0234395, 0.0390873, 0.0460126, 0.10239, 0.111185, 0.134715, 0.142228, 0.302584, 0.345675, 0.452495, 1, 

22,49,0.001, 0.0234395, 0.0390873, 0.0460126, 0.10239, 0.111185, 0.153692, 0.246362, 0.302584, 0.452495, 1, 

Generation #17
26,46,0.001, 0.0234395, 0.0390873, 0.0460126, 0.10239, 0.111185, 0.134715, 0.142228, 0.147769, 0.164878, 0.346068, 0.390185, 0.443204, 0.821051, 0.86027, 0.97724, 1, 

21,52,0.001, 0.0234395, 0.0390873, 0.0460126, 0.10239, 0.111185, 0.134715, 0.142228, 0.302584, 0.345675, 0.452495, 1, 

22,49,0.001, 0.0234395, 0.0390873, 0.0460126, 0.10239, 0.111185, 0.153692, 0.246362, 0.302584, 0.452495, 1, 

Generation #18
26,46,0.001, 0.0234395, 0.0390873, 0.0460126, 0.10239, 0.111185, 0.134715, 0.142228, 0.147769, 0.164878, 0.346068, 0.390185, 0.443204, 0.821051, 0.86027, 0.97724, 1, 

21,52,0.001, 0.0234395, 0.0390873, 0.0460126, 0.10239, 0.111185, 0.134715, 0.142228, 0.302584, 0.345675, 0.452495, 1, 

22,49,0.001, 0.0234395, 0.0390873, 0.0460126, 0.10239, 0.111185, 0.153692, 0.246362, 0.302584, 0.452495, 1, 

Generation #19
26,46,0.001, 0.0234395, 0.0390873, 0.0460126, 0.10239, 0.111185, 0.134715, 0.142228, 0.147769, 0.164878, 0.346068, 0.390185, 0.443204, 0.821051, 0.86027, 0.97724, 1, 

21,52,0.001, 0.0234395, 0.0390873, 0.0460126, 0.10239, 0.111185, 0.134715, 0.142228, 0.302584, 0.345675, 0.452495, 1, 

22,49,0.001, 0.0234395, 0.0390873, 0.0460126, 0.10239, 0.111185, 0.153692, 0.246362, 0.302584, 0.452495, 1, 

Generation #20
26,46,0.001, 0.0234395, 0.0390873, 0.0460126, 0.10239, 0.111185, 0.134715, 0.142228, 0.147769, 0.164878, 0.346068, 0.390185, 0.443204, 0.821051, 0.86027, 0.97724, 1, 

21,52,0.001, 0.0234395, 0.0390873, 0.0460126, 0.10239, 0.111185, 0.134715, 0.142228, 0.302584, 0.345675, 0.452495, 1, 

22,49,0.001, 0.0234395, 0.0390873, 0.0460126, 0.10239, 0.111185, 0.153692, 0.246362, 0.302584, 0.452495, 1, 

Generation #21
26,46,0.001, 0.0234395, 0.0390873, 0.0460126, 0.10239, 0.111185, 0.134715, 0.142228, 0.147769, 0.164878, 0.346068, 0.390185, 0.443204, 0.821051, 0.86027, 0.97724, 1, 

21,52,0.001, 0.0234395, 0.0390873, 0.0460126, 0.10239, 0.111185, 0.134715, 0.142228, 0.302584, 0.345675, 0.452495, 1, 

22,49,0.001, 0.0234395, 0.0390873, 0.0460126, 0.10239, 0.111185, 0.153692, 0.246362, 0.302584, 0.452495, 1, 

Generation #22
26,46,0.001, 0.0234395, 0.0390873, 0.0460126, 0.10239, 0.111185, 0.134715, 0.142228, 0.147769, 0.164878, 0.346068, 0.390185, 0.443204, 0.821051, 0.86027, 0.97724, 1, 

21,52,0.001, 0.0234395, 0.0390873, 0.0460126, 0.10239, 0.111185, 0.134715, 0.142228, 0.302584, 0.345675, 0.452495, 1, 

22,49,0.001, 0.0234395, 0.0390873, 0.0460126, 0.10239, 0.111185, 0.153692, 0.246362, 0.302584, 0.452495, 1, 

Generation #23
26,46,0.001, 0.0234395, 0.0390873, 0.0460126, 0.10239, 0.111185, 0.134715, 0.142228, 0.147769, 0.164878, 0.346068, 0.390185, 0.443204, 0.821051, 0.86027, 0.97724, 1, 

21,52,0.001, 0.0234395, 0.0390873, 0.0460126, 0.10239, 0.111185, 0.134715, 0.142228, 0.302584, 0.345675, 0.452495, 1, 

22,49,0.001, 0.0234395, 0.0390873, 0.0460126, 0.10239, 0.111185, 0.153692, 0.246362, 0.302584, 0.452495, 1, 

Generation #24
26,46,0.001, 0.0234395, 0.0390873, 0.0460126, 0.10239, 0.111185, 0.134715, 0.142228, 0.147769, 0.164878, 0.346068, 0.390185, 0.443204, 0.821051, 0.86027, 0.97724, 1, 

21,52,0.001, 0.0234395, 0.0390873, 0.0460126, 0.10239, 0.111185, 0.134715, 0.142228, 0.302584, 0.345675, 0.452495, 1, 

22,49,0.001, 0.0234395, 0.0390873, 0.0460126, 0.10239, 0.111185, 0.153692, 0.246362, 0.302584, 0.452495, 1, 

Generation #25
26,46,0.001, 0.0234395, 0.0390873, 0.0460126, 0.10239, 0.111185, 0.134715, 0.142228, 0.147769, 0.164878, 0.346068, 0.390185, 0.443204, 0.821051, 0.86027, 0.97724, 1, 

21,52,0.001, 0.0234395, 0.0390873, 0.0460126, 0.10239, 0.111185, 0.134715, 0.142228, 0.302584, 0.345675, 0.452495, 1, 

22,49,0.001, 0.0234395, 0.0390873, 0.0460126, 0.10239, 0.111185, 0.153692, 0.246362, 0.302584, 0.452495, 1, 

20,80,0.001, 0.0234395, 0.0390873, 0.0460126, 0.10239, 0.111185, 0.134715, 1, 

Generation #26
26,46,0.001, 0.0234395, 0.0390873, 0.0460126, 0.10239, 0.111185, 0.134715, 0.142228, 0.147769, 0.164878, 0.346068, 0.390185, 0.443204, 0.821051, 0.86027, 0.97724, 1, 

21,52,0.001, 0.0234395, 0.0390873, 0.0460126, 0.10239, 0.111185, 0.134715, 0.142228, 0.302584, 0.345675, 0.452495, 1, 

22,49,0.001, 0.0234395, 0.0390873, 0.0460126, 0.10239, 0.111185, 0.153692, 0.246362, 0.302584, 0.452495, 1, 

20,78,0.001, 0.0234395, 0.0261442, 0.0262016, 0.14546, 0.153692, 0.175725, 0.583166, 1, 

Generation #27
26,46,0.001, 0.0234395, 0.0390873, 0.0460126, 0.10239, 0.111185, 0.134715, 0.142228, 0.147769, 0.164878, 0.346068, 0.390185, 0.443204, 0.821051, 0.86027, 0.97724, 1, 

21,52,0.001, 0.0234395, 0.0390873, 0.0460126, 0.10239, 0.111185, 0.134715, 0.142228, 0.302584, 0.345675, 0.452495, 1, 

22,49,0.001, 0.0234395, 0.0390873, 0.0460126, 0.10239, 0.111185, 0.153692, 0.246362, 0.302584, 0.452495, 1, 

20,69,0.001, 0.0234395, 0.0390873, 0.0460126, 0.0663368, 0.14546, 0.360442, 0.793153, 1, 

Generation #28
26,46,0.001, 0.0234395, 0.0390873, 0.0460126, 0.10239, 0.111185, 0.134715, 0.142228, 0.147769, 0.164878, 0.346068, 0.390185, 0.443204, 0.821051, 0.86027, 0.97724, 1, 

21,52,0.001, 0.0234395, 0.0390873, 0.0460126, 0.10239, 0.111185, 0.134715, 0.142228, 0.302584, 0.345675, 0.452495, 1, 

22,49,0.001, 0.0234395, 0.0390873, 0.0460126, 0.10239, 0.111185, 0.153692, 0.246362, 0.302584, 0.452495, 1, 

20,69,0.001, 0.0234395, 0.0390873, 0.0460126, 0.0663368, 0.14546, 0.360442, 0.793153, 1, 

Generation #29
26,46,0.001, 0.0234395, 0.0390873, 0.0460126, 0.10239, 0.111185, 0.134715, 0.142228, 0.147769, 0.164878, 0.346068, 0.390185, 0.443204, 0.821051, 0.86027, 0.97724, 1, 

21,52,0.001, 0.0234395, 0.0390873, 0.0460126, 0.10239, 0.111185, 0.134715, 0.142228, 0.302584, 0.345675, 0.452495, 1, 

22,49,0.001, 0.0234395, 0.0390873, 0.0460126, 0.10239, 0.111185, 0.153692, 0.246362, 0.302584, 0.452495, 1, 

20,69,0.001, 0.0234395, 0.0390873, 0.0460126, 0.0663368, 0.14546, 0.360442, 0.793153, 1, 

Generation #30
26,46,0.001, 0.0234395, 0.0390873, 0.0460126, 0.10239, 0.111185, 0.134715, 0.142228, 0.147769, 0.164878, 0.346068, 0.390185, 0.443204, 0.821051, 0.86027, 0.97724, 1, 

21,52,0.001, 0.0234395, 0.0390873, 0.0460126, 0.10239, 0.111185, 0.134715, 0.142228, 0.302584, 0.345675, 0.452495, 1, 

22,49,0.001, 0.0234395, 0.0390873, 0.0460126, 0.10239, 0.111185, 0.153692, 0.246362, 0.302584, 0.452495, 1, 

20,69,0.001, 0.0234395, 0.0390873, 0.0460126, 0.0663368, 0.14546, 0.360442, 0.793153, 1, 

Generation #31
26,46,0.001, 0.0234395, 0.0390873, 0.0460126, 0.10239, 0.111185, 0.134715, 0.142228, 0.147769, 0.164878, 0.346068, 0.390185, 0.443204, 0.821051, 0.86027, 0.97724, 1, 

21,52,0.001, 0.0234395, 0.0390873, 0.0460126, 0.10239, 0.111185, 0.134715, 0.142228, 0.302584, 0.345675, 0.452495, 1, 

22,49,0.001, 0.0234395, 0.0390873, 0.0460126, 0.10239, 0.111185, 0.153692, 0.246362, 0.302584, 0.452495, 1, 

20,69,0.001, 0.0234395, 0.0390873, 0.0460126, 0.0663368, 0.14546, 0.360442, 0.793153, 1, 

Generation #32
26,46,0.001, 0.0234395, 0.0390873, 0.0460126, 0.10239, 0.111185, 0.134715, 0.142228, 0.147769, 0.164878, 0.346068, 0.390185, 0.443204, 0.821051, 0.86027, 0.97724, 1, 

21,52,0.001, 0.0234395, 0.0390873, 0.0460126, 0.10239, 0.111185, 0.134715, 0.142228, 0.302584, 0.345675, 0.452495, 1, 

22,49,0.001, 0.0234395, 0.0390873, 0.0460126, 0.10239, 0.111185, 0.153692, 0.246362, 0.302584, 0.452495, 1, 

20,69,0.001, 0.0234395, 0.0390873, 0.0460126, 0.0663368, 0.14546, 0.360442, 0.793153, 1, 

Generation #33
26,46,0.001, 0.0234395, 0.0390873, 0.0460126, 0.10239, 0.111185, 0.134715, 0.142228, 0.147769, 0.164878, 0.346068, 0.390185, 0.443204, 0.821051, 0.86027, 0.97724, 1, 

21,52,0.001, 0.0234395, 0.0390873, 0.0460126, 0.10239, 0.111185, 0.134715, 0.142228, 0.302584, 0.345675, 0.452495, 1, 

22,49,0.001, 0.0234395, 0.0390873, 0.0460126, 0.10239, 0.111185, 0.153692, 0.246362, 0.302584, 0.452495, 1, 

20,69,0.001, 0.0234395, 0.0390873, 0.0460126, 0.0663368, 0.14546, 0.360442, 0.793153, 1, 

Generation #34
26,46,0.001, 0.0234395, 0.0390873, 0.0460126, 0.10239, 0.111185, 0.134715, 0.142228, 0.147769, 0.164878, 0.346068, 0.390185, 0.443204, 0.821051, 0.86027, 0.97724, 1, 

21,52,0.001, 0.0234395, 0.0390873, 0.0460126, 0.10239, 0.111185, 0.134715, 0.142228, 0.302584, 0.345675, 0.452495, 1, 

22,49,0.001, 0.0234395, 0.0390873, 0.0460126, 0.10239, 0.111185, 0.153692, 0.246362, 0.302584, 0.452495, 1, 

20,69,0.001, 0.0234395, 0.0390873, 0.0460126, 0.0663368, 0.14546, 0.360442, 0.793153, 1, 

Generation #35
26,46,0.001, 0.0234395, 0.0390873, 0.0460126, 0.10239, 0.111185, 0.134715, 0.142228, 0.147769, 0.164878, 0.346068, 0.390185, 0.443204, 0.821051, 0.86027, 0.97724, 1, 

21,52,0.001, 0.0234395, 0.0390873, 0.0460126, 0.10239, 0.111185, 0.134715, 0.142228, 0.302584, 0.345675, 0.452495, 1, 

22,49,0.001, 0.0234395, 0.0390873, 0.0460126, 0.10239, 0.111185, 0.153692, 0.246362, 0.302584, 0.452495, 1, 

20,69,0.001, 0.0234395, 0.0390873, 0.0460126, 0.0663368, 0.14546, 0.360442, 0.793153, 1, 

Generation #36
26,46,0.001, 0.0234395, 0.0390873, 0.0460126, 0.10239, 0.111185, 0.134715, 0.142228, 0.147769, 0.164878, 0.346068, 0.390185, 0.443204, 0.821051, 0.86027, 0.97724, 1, 

21,52,0.001, 0.0234395, 0.0390873, 0.0460126, 0.10239, 0.111185, 0.134715, 0.142228, 0.302584, 0.345675, 0.452495, 1, 

22,49,0.001, 0.0234395, 0.0390873, 0.0460126, 0.10239, 0.111185, 0.153692, 0.246362, 0.302584, 0.452495, 1, 

20,69,0.001, 0.0234395, 0.0390873, 0.0460126, 0.0663368, 0.14546, 0.360442, 0.793153, 1, 

Generation #37
26,46,0.001, 0.0234395, 0.0390873, 0.0460126, 0.10239, 0.111185, 0.134715, 0.142228, 0.147769, 0.164878, 0.346068, 0.390185, 0.443204, 0.821051, 0.86027, 0.97724, 1, 

21,52,0.001, 0.0234395, 0.0390873, 0.0460126, 0.10239, 0.111185, 0.134715, 0.142228, 0.302584, 0.345675, 0.452495, 1, 

22,49,0.001, 0.0234395, 0.0390873, 0.0460126, 0.10239, 0.111185, 0.153692, 0.246362, 0.302584, 0.452495, 1, 

20,69,0.001, 0.0234395, 0.0390873, 0.0460126, 0.0663368, 0.14546, 0.360442, 0.793153, 1, 

Generation #38
26,46,0.001, 0.0234395, 0.0390873, 0.0460126, 0.10239, 0.111185, 0.134715, 0.142228, 0.147769, 0.164878, 0.346068, 0.390185, 0.443204, 0.821051, 0.86027, 0.97724, 1, 

21,52,0.001, 0.0234395, 0.0390873, 0.0460126, 0.10239, 0.111185, 0.134715, 0.142228, 0.302584, 0.345675, 0.452495, 1, 

22,49,0.001, 0.0234395, 0.0390873, 0.0460126, 0.10239, 0.111185, 0.153692, 0.246362, 0.302584, 0.452495, 1, 

20,69,0.001, 0.0234395, 0.0390873, 0.0460126, 0.0663368, 0.14546, 0.360442, 0.793153, 1, 

Generation #39
26,46,0.001, 0.0234395, 0.0390873, 0.0460126, 0.10239, 0.111185, 0.134715, 0.142228, 0.147769, 0.164878, 0.346068, 0.390185, 0.443204, 0.821051, 0.86027, 0.97724, 1, 

21,52,0.001, 0.0234395, 0.0390873, 0.0460126, 0.10239, 0.111185, 0.134715, 0.142228, 0.302584, 0.345675, 0.452495, 1, 

22,49,0.001, 0.0234395, 0.0390873, 0.0460126, 0.10239, 0.111185, 0.153692, 0.246362, 0.302584, 0.452495, 1, 

20,69,0.001, 0.0234395, 0.0390873, 0.0460126, 0.0663368, 0.14546, 0.360442, 0.793153, 1, 

Generation #40
26,46,0.001, 0.0234395, 0.0390873, 0.0460126, 0.10239, 0.111185, 0.134715, 0.142228, 0.147769, 0.164878, 0.346068, 0.390185, 0.443204, 0.821051, 0.86027, 0.97724, 1, 

21,52,0.001, 0.0234395, 0.0390873, 0.0460126, 0.10239, 0.111185, 0.134715, 0.142228, 0.302584, 0.345675, 0.452495, 1, 

22,49,0.001, 0.0234395, 0.0390873, 0.0460126, 0.10239, 0.111185, 0.153692, 0.246362, 0.302584, 0.452495, 1, 

20,69,0.001, 0.0234395, 0.0390873, 0.0460126, 0.0663368, 0.14546, 0.360442, 0.793153, 1, 

Generation #41
26,46,0.001, 0.0234395, 0.0390873, 0.0460126, 0.10239, 0.111185, 0.134715, 0.142228, 0.147769, 0.164878, 0.346068, 0.390185, 0.443204, 0.821051, 0.86027, 0.97724, 1, 

21,52,0.001, 0.0234395, 0.0390873, 0.0460126, 0.10239, 0.111185, 0.134715, 0.142228, 0.302584, 0.345675, 0.452495, 1, 

22,49,0.001, 0.0234395, 0.0390873, 0.0460126, 0.10239, 0.111185, 0.153692, 0.246362, 0.302584, 0.452495, 1, 

20,69,0.001, 0.0234395, 0.0390873, 0.0460126, 0.0663368, 0.14546, 0.360442, 0.793153, 1, 

Generation #42
26,46,0.001, 0.0234395, 0.0390873, 0.0460126, 0.10239, 0.111185, 0.134715, 0.142228, 0.147769, 0.164878, 0.346068, 0.390185, 0.443204, 0.821051, 0.86027, 0.97724, 1, 

21,52,0.001, 0.0234395, 0.0390873, 0.0460126, 0.10239, 0.111185, 0.134715, 0.142228, 0.302584, 0.345675, 0.452495, 1, 

22,49,0.001, 0.0234395, 0.0390873, 0.0460126, 0.10239, 0.111185, 0.153692, 0.246362, 0.302584, 0.452495, 1, 

20,69,0.001, 0.0234395, 0.0390873, 0.0460126, 0.0663368, 0.14546, 0.360442, 0.793153, 1, 

Generation #43
26,46,0.001, 0.0234395, 0.0390873, 0.0460126, 0.10239, 0.111185, 0.134715, 0.142228, 0.147769, 0.164878, 0.346068, 0.390185, 0.443204, 0.821051, 0.86027, 0.97724, 1, 

21,52,0.001, 0.0234395, 0.0390873, 0.0460126, 0.10239, 0.111185, 0.134715, 0.142228, 0.302584, 0.345675, 0.452495, 1, 

22,49,0.001, 0.0234395, 0.0390873, 0.0460126, 0.10239, 0.111185, 0.153692, 0.246362, 0.302584, 0.452495, 1, 

20,69,0.001, 0.0234395, 0.0390873, 0.0460126, 0.0663368, 0.14546, 0.360442, 0.793153, 1, 

Generation #44
26,46,0.001, 0.0234395, 0.0390873, 0.0460126, 0.10239, 0.111185, 0.134715, 0.142228, 0.147769, 0.164878, 0.346068, 0.390185, 0.443204, 0.821051, 0.86027, 0.97724, 1, 

21,52,0.001, 0.0234395, 0.0390873, 0.0460126, 0.10239, 0.111185, 0.134715, 0.142228, 0.302584, 0.345675, 0.452495, 1, 

22,49,0.001, 0.0234395, 0.0390873, 0.0460126, 0.10239, 0.111185, 0.153692, 0.246362, 0.302584, 0.452495, 1, 

20,69,0.001, 0.0234395, 0.0390873, 0.0460126, 0.0663368, 0.14546, 0.360442, 0.793153, 1, 

Generation #45
26,46,0.001, 0.0234395, 0.0390873, 0.0460126, 0.10239, 0.111185, 0.134715, 0.142228, 0.147769, 0.164878, 0.346068, 0.390185, 0.443204, 0.821051, 0.86027, 0.97724, 1, 

21,52,0.001, 0.0234395, 0.0390873, 0.0460126, 0.10239, 0.111185, 0.134715, 0.142228, 0.302584, 0.345675, 0.452495, 1, 

22,49,0.001, 0.0234395, 0.0390873, 0.0460126, 0.10239, 0.111185, 0.153692, 0.246362, 0.302584, 0.452495, 1, 

20,69,0.001, 0.0234395, 0.0390873, 0.0460126, 0.0663368, 0.14546, 0.360442, 0.793153, 1, 

25,48,0.001, 0.0234395, 0.0390873, 0.0460126, 0.10239, 0.068911, 0.111185, 0.134715, 0.142228, 0.147769, 0.345675, 0.452495, 0.997076, 0.943416, 1, 

Generation #46
26,46,0.001, 0.0234395, 0.0390873, 0.0460126, 0.10239, 0.111185, 0.134715, 0.142228, 0.147769, 0.164878, 0.346068, 0.390185, 0.443204, 0.821051, 0.86027, 0.97724, 1, 

21,52,0.001, 0.0234395, 0.0390873, 0.0460126, 0.10239, 0.111185, 0.134715, 0.142228, 0.302584, 0.345675, 0.452495, 1, 

22,49,0.001, 0.0234395, 0.0390873, 0.0460126, 0.10239, 0.111185, 0.153692, 0.246362, 0.302584, 0.452495, 1, 

20,69,0.001, 0.0234395, 0.0390873, 0.0460126, 0.0663368, 0.14546, 0.360442, 0.793153, 1, 

25,48,0.001, 0.0234395, 0.0390873, 0.0460126, 0.10239, 0.068911, 0.111185, 0.134715, 0.142228, 0.147769, 0.345675, 0.452495, 0.997076, 0.943416, 1, 

19,126,0.001, 0.0234395, 0.0390873, 0.10239, 0.111185, 0.583166, 1, 

Generation #47
26,46,0.001, 0.0234395, 0.0390873, 0.0460126, 0.10239, 0.111185, 0.134715, 0.142228, 0.147769, 0.164878, 0.346068, 0.390185, 0.443204, 0.821051, 0.86027, 0.97724, 1, 

21,52,0.001, 0.0234395, 0.0390873, 0.0460126, 0.10239, 0.111185, 0.134715, 0.142228, 0.302584, 0.345675, 0.452495, 1, 

22,49,0.001, 0.0234395, 0.0390873, 0.0460126, 0.10239, 0.111185, 0.153692, 0.246362, 0.302584, 0.452495, 1, 

20,69,0.001, 0.0234395, 0.0390873, 0.0460126, 0.0663368, 0.14546, 0.360442, 0.793153, 1, 

25,48,0.001, 0.0234395, 0.0390873, 0.0460126, 0.10239, 0.068911, 0.111185, 0.134715, 0.142228, 0.147769, 0.345675, 0.452495, 0.997076, 0.943416, 1, 

19,126,0.001, 0.0234395, 0.0390873, 0.10239, 0.111185, 0.583166, 1, 

Generation #48
26,46,0.001, 0.0234395, 0.0390873, 0.0460126, 0.10239, 0.111185, 0.134715, 0.142228, 0.147769, 0.164878, 0.346068, 0.390185, 0.443204, 0.821051, 0.86027, 0.97724, 1, 

21,52,0.001, 0.0234395, 0.0390873, 0.0460126, 0.10239, 0.111185, 0.134715, 0.142228, 0.302584, 0.345675, 0.452495, 1, 

22,49,0.001, 0.0234395, 0.0390873, 0.0460126, 0.10239, 0.111185, 0.153692, 0.246362, 0.302584, 0.452495, 1, 

20,69,0.001, 0.0234395, 0.0390873, 0.0460126, 0.0663368, 0.14546, 0.360442, 0.793153, 1, 

25,48,0.001, 0.0234395, 0.0390873, 0.0460126, 0.10239, 0.068911, 0.111185, 0.134715, 0.142228, 0.147769, 0.345675, 0.452495, 0.997076, 0.943416, 1, 

19,126,0.001, 0.0234395, 0.0390873, 0.10239, 0.111185, 0.583166, 1, 

Generation #49
26,46,0.001, 0.0234395, 0.0390873, 0.0460126, 0.10239, 0.111185, 0.134715, 0.142228, 0.147769, 0.164878, 0.346068, 0.390185, 0.443204, 0.821051, 0.86027, 0.97724, 1, 

21,52,0.001, 0.0234395, 0.0390873, 0.0460126, 0.10239, 0.111185, 0.134715, 0.142228, 0.302584, 0.345675, 0.452495, 1, 

22,49,0.001, 0.0234395, 0.0390873, 0.0460126, 0.10239, 0.111185, 0.153692, 0.246362, 0.302584, 0.452495, 1, 

20,69,0.001, 0.0234395, 0.0390873, 0.0460126, 0.0663368, 0.14546, 0.360442, 0.793153, 1, 

25,48,0.001, 0.0234395, 0.0390873, 0.0460126, 0.10239, 0.068911, 0.111185, 0.134715, 0.142228, 0.147769, 0.345675, 0.452495, 0.997076, 0.943416, 1, 

19,126,0.001, 0.0234395, 0.0390873, 0.10239, 0.111185, 0.583166, 1, 

--- Pareto Front Solutions ---
Solution 0: N total=50 (N_initial=24, N_added=26), Time total=49 ms, Saved to: ./results/SPINS_t2_l1_pareto_0.csv, percents=0.001, 0.0234395, 0.0390873, 0.0460126, 0.10239, 0.111185, 0.134715, 0.142228, 0.147769, 0.164878, 0.346068, 0.390185, 0.443204, 0.821051, 0.86027, 0.97724, 1, 

Solution 1: N total=45 (N_initial=24, N_added=21), Time total=55 ms, Saved to: ./results/SPINS_t2_l1_pareto_1.csv, percents=0.001, 0.0234395, 0.0390873, 0.0460126, 0.10239, 0.111185, 0.134715, 0.142228, 0.302584, 0.345675, 0.452495, 1, 

Solution 2: N total=46 (N_initial=24, N_added=22), Time total=52 ms, Saved to: ./results/SPINS_t2_l1_pareto_2.csv, percents=0.001, 0.0234395, 0.0390873, 0.0460126, 0.10239, 0.111185, 0.153692, 0.246362, 0.302584, 0.452495, 1, 

Solution 3: N total=44 (N_initial=24, N_added=20), Time total=72 ms, Saved to: ./results/SPINS_t2_l1_pareto_3.csv, percents=0.001, 0.0234395, 0.0390873, 0.0460126, 0.0663368, 0.14546, 0.360442, 0.793153, 1, 

Solution 4: N total=49 (N_initial=24, N_added=25), Time total=51 ms, Saved to: ./results/SPINS_t2_l1_pareto_4.csv, percents=0.001, 0.0234395, 0.0390873, 0.0460126, 0.10239, 0.068911, 0.111185, 0.134715, 0.142228, 0.147769, 0.345675, 0.452495, 0.997076, 0.943416, 1, 

Solution 5: N total=43 (N_initial=24, N_added=19), Time total=129 ms, Saved to: ./results/SPINS_t2_l1_pareto_5.csv, percents=0.001, 0.0234395, 0.0390873, 0.10239, 0.111185, 0.583166, 1, 

------------d=1, t=2, lambda=2, filename=./evaluation/SPINS/SPINS_2_2.csv------------
Computing partitioned counts of d-sets...
Ready to look at pairs based on partitioned counts...
First Stage N=32, Time=2
There are 138 remaining non-locating pairs
Running GA with std::execution::par
Generation #0
40,50,0.001, 0.0568737, 0.0950693, 0.117171, 0.157368, 0.198416, 0.199087, 0.231481, 0.286697, 0.30007, 0.385537, 0.421991, 0.439218, 0.446199, 0.461054, 0.63685, 0.678467, 0.815669, 0.862442, 0.951327, 0.976811, 1, 

29,132,0.001, 0.114545, 0.174748, 0.197271, 0.206415, 0.241812, 0.364059, 0.388047, 0.474169, 0.693852, 1, 

32,64,0.001, 0.0963404, 0.153224, 0.235363, 0.31606, 0.412012, 0.486467, 0.499847, 0.55987, 0.742357, 0.824691, 0.989244, 1, 

Generation #1
39,41,0.001, 0.0371905, 0.0840428, 0.0988278, 0.160606, 0.178744, 0.188635, 0.252984, 0.273009, 0.365839, 0.374229, 0.540125, 0.65975, 0.682287, 0.695089, 0.713804, 0.742779, 0.841217, 0.937805, 0.952994, 1, 

29,65,0.001, 0.0757795, 0.174748, 0.197271, 0.206415, 0.241812, 0.364059, 0.388047, 0.474169, 0.693852, 1, 

31,51,0.001, 0.0564265, 0.0801834, 0.124204, 0.165533, 0.212443, 0.251502, 0.252984, 0.273009, 0.365839, 1, 

Generation #2
39,41,0.001, 0.0371905, 0.0840428, 0.0988278, 0.160606, 0.178744, 0.188635, 0.252984, 0.273009, 0.365839, 0.374229, 0.540125, 0.65975, 0.682287, 0.695089, 0.713804, 0.742779, 0.841217, 0.937805, 0.952994, 1, 

29,65,0.001, 0.0757795, 0.174748, 0.197271, 0.206415, 0.241812, 0.364059, 0.388047, 0.474169, 0.693852, 1, 

31,51,0.001, 0.0564265, 0.0801834, 0.124204, 0.165533, 0.212443, 0.251502, 0.252984, 0.273009, 0.365839, 1, 

32,48,0.001, 0.0547508, 0.0901841, 0.114211, 0.15341, 0.161542, 0.291189, 0.244728, 0.474169, 0.693852, 1, 

Generation #3
39,41,0.001, 0.0371905, 0.0840428, 0.0988278, 0.160606, 0.178744, 0.188635, 0.252984, 0.273009, 0.365839, 0.374229, 0.540125, 0.65975, 0.682287, 0.695089, 0.713804, 0.742779, 0.841217, 0.937805, 0.952994, 1, 

29,65,0.001, 0.0757795, 0.174748, 0.197271, 0.206415, 0.241812, 0.364059, 0.388047, 0.474169, 0.693852, 1, 

32,48,0.001, 0.0547508, 0.0901841, 0.114211, 0.15341, 0.161542, 0.291189, 0.244728, 0.474169, 0.693852, 1, 

48,34,0.001, 0.0436131, 0.0542668, 0.0569217, 0.0583503, 0.104465, 0.134448, 0.163987, 0.208107, 0.255023, 0.273145, 0.287174, 0.442784, 0.449164, 0.480585, 0.484971, 0.732779, 0.737424, 0.819574, 0.821673, 0.829962, 0.851447, 0.880571, 0.911453, 0.943608, 0.949189, 0.966665, 0.985769, 0.991181, 1, 

28,70,0.151493, 0.001, 0.0432675, 0.103853, 0.110011, 0.164527, 0.19707, 0.182612, 0.388047, 0.474169, 0.693852, 1, 

30,51,0.001, 0.0564265, 0.0801834, 0.124204, 0.165533, 0.212443, 0.566926, 0.668989, 0.870476, 1, 

Generation #4
29,65,0.001, 0.0757795, 0.174748, 0.197271, 0.206415, 0.241812, 0.364059, 0.388047, 0.474169, 0.693852, 1, 

32,48,0.001, 0.0547508, 0.0901841, 0.114211, 0.15341, 0.161542, 0.291189, 0.244728, 0.474169, 0.693852, 1, 

48,34,0.001, 0.0436131, 0.0542668, 0.0569217, 0.0583503, 0.104465, 0.134448, 0.163987, 0.208107, 0.255023, 0.273145, 0.287174, 0.442784, 0.449164, 0.480585, 0.484971, 0.732779, 0.737424, 0.819574, 0.821673, 0.829962, 0.851447, 0.880571, 0.911453, 0.943608, 0.949189, 0.966665, 0.985769, 0.991181, 1, 

28,70,0.151493, 0.001, 0.0432675, 0.103853, 0.110011, 0.164527, 0.19707, 0.182612, 0.388047, 0.474169, 0.693852, 1, 

30,51,0.001, 0.0564265, 0.0801834, 0.124204, 0.165533, 0.212443, 0.566926, 0.668989, 0.870476, 1, 

34,47,0.001, 0.0564265, 0.0801834, 0.124204, 0.165533, 0.212443, 0.251502, 0.252984, 0.273009, 0.365839, 0.745828, 0.771729, 0.856967, 0.960897, 1, 

39,37,0.001, 0.0328758, 0.0817856, 0.0930696, 0.104476, 0.149904, 0.168217, 0.231605, 0.243247, 0.365499, 0.496225, 0.525383, 0.547408, 0.647074, 0.670437, 0.713804, 0.742779, 0.841217, 0.937805, 0.952994, 1, 

Generation #5
29,65,0.001, 0.0757795, 0.174748, 0.197271, 0.206415, 0.241812, 0.364059, 0.388047, 0.474169, 0.693852, 1, 

48,34,0.001, 0.0436131, 0.0542668, 0.0569217, 0.0583503, 0.104465, 0.134448, 0.163987, 0.208107, 0.255023, 0.273145, 0.287174, 0.442784, 0.449164, 0.480585, 0.484971, 0.732779, 0.737424, 0.819574, 0.821673, 0.829962, 0.851447, 0.880571, 0.911453, 0.943608, 0.949189, 0.966665, 0.985769, 0.991181, 1, 

28,70,0.151493, 0.001, 0.0432675, 0.103853, 0.110011, 0.164527, 0.19707, 0.182612, 0.388047, 0.474169, 0.693852, 1, 

39,37,0.001, 0.0328758, 0.0817856, 0.0930696, 0.104476, 0.149904, 0.168217, 0.231605, 0.243247, 0.365499, 0.496225, 0.525383, 0.547408, 0.647074, 0.670437, 0.713804, 0.742779, 0.841217, 0.937805, 0.952994, 1, 

30,49,0.001, 0.0547508, 0.0901841, 0.114211, 0.15341, 0.161542, 0.291189, 0.244728, 0.474169, 0.693852, 1, 

32,43,0.001, 0.0328758, 0.0817856, 0.0930696, 0.104476, 0.149904, 0.168217, 0.231605, 0.243247, 0.938779, 1, 

31,47,0.001, 0.0328758, 0.0817856, 0.0930696, 0.104476, 0.149904, 0.168217, 0.231605, 0.474169, 0.693852, 1, 

Generation #6
48,34,0.001, 0.0436131, 0.0542668, 0.0569217, 0.0583503, 0.104465, 0.134448, 0.163987, 0.208107, 0.255023, 0.273145, 0.287174, 0.442784, 0.449164, 0.480585, 0.484971, 0.732779, 0.737424, 0.819574, 0.821673, 0.829962, 0.851447, 0.880571, 0.911453, 0.943608, 0.949189, 0.966665, 0.985769, 0.991181, 1, 

39,37,0.001, 0.0328758, 0.0817856, 0.0930696, 0.104476, 0.149904, 0.168217, 0.231605, 0.243247, 0.365499, 0.496225, 0.525383, 0.547408, 0.647074, 0.670437, 0.713804, 0.742779, 0.841217, 0.937805, 0.952994, 1, 

30,49,0.001, 0.0547508, 0.0901841, 0.114211, 0.15341, 0.161542, 0.291189, 0.244728, 0.474169, 0.693852, 1, 

28,53,0.001, 0.0328758, 0.0817856, 0.0930696, 0.104476, 0.149904, 0.168217, 0.231605, 0.474169, 0.693852, 1, 

31,40,0.001, 0.0328758, 0.0817856, 0.0930696, 0.104476, 0.241812, 0.291189, 0.244728, 0.474169, 0.693852, 1, 

Generation #7
48,34,0.001, 0.0436131, 0.0542668, 0.0569217, 0.0583503, 0.104465, 0.134448, 0.163987, 0.208107, 0.255023, 0.273145, 0.287174, 0.442784, 0.449164, 0.480585, 0.484971, 0.732779, 0.737424, 0.819574, 0.821673, 0.829962, 0.851447, 0.880571, 0.911453, 0.943608, 0.949189, 0.966665, 0.985769, 0.991181, 1, 

39,37,0.001, 0.0328758, 0.0817856, 0.0930696, 0.104476, 0.149904, 0.168217, 0.231605, 0.243247, 0.365499, 0.496225, 0.525383, 0.547408, 0.647074, 0.670437, 0.713804, 0.742779, 0.841217, 0.937805, 0.952994, 1, 

30,49,0.001, 0.0547508, 0.0901841, 0.114211, 0.15341, 0.161542, 0.291189, 0.244728, 0.474169, 0.693852, 1, 

28,53,0.001, 0.0328758, 0.0817856, 0.0930696, 0.104476, 0.149904, 0.168217, 0.231605, 0.474169, 0.693852, 1, 

31,40,0.001, 0.0328758, 0.0817856, 0.0930696, 0.104476, 0.241812, 0.291189, 0.244728, 0.474169, 0.693852, 1, 

Generation #8
48,34,0.001, 0.0436131, 0.0542668, 0.0569217, 0.0583503, 0.104465, 0.134448, 0.163987, 0.208107, 0.255023, 0.273145, 0.287174, 0.442784, 0.449164, 0.480585, 0.484971, 0.732779, 0.737424, 0.819574, 0.821673, 0.829962, 0.851447, 0.880571, 0.911453, 0.943608, 0.949189, 0.966665, 0.985769, 0.991181, 1, 

39,37,0.001, 0.0328758, 0.0817856, 0.0930696, 0.104476, 0.149904, 0.168217, 0.231605, 0.243247, 0.365499, 0.496225, 0.525383, 0.547408, 0.647074, 0.670437, 0.713804, 0.742779, 0.841217, 0.937805, 0.952994, 1, 

30,49,0.001, 0.0547508, 0.0901841, 0.114211, 0.15341, 0.161542, 0.291189, 0.244728, 0.474169, 0.693852, 1, 

28,53,0.001, 0.0328758, 0.0817856, 0.0930696, 0.104476, 0.149904, 0.168217, 0.231605, 0.474169, 0.693852, 1, 

31,40,0.001, 0.0328758, 0.0817856, 0.0930696, 0.104476, 0.241812, 0.291189, 0.244728, 0.474169, 0.693852, 1, 

Generation #9
48,34,0.001, 0.0436131, 0.0542668, 0.0569217, 0.0583503, 0.104465, 0.134448, 0.163987, 0.208107, 0.255023, 0.273145, 0.287174, 0.442784, 0.449164, 0.480585, 0.484971, 0.732779, 0.737424, 0.819574, 0.821673, 0.829962, 0.851447, 0.880571, 0.911453, 0.943608, 0.949189, 0.966665, 0.985769, 0.991181, 1, 

39,37,0.001, 0.0328758, 0.0817856, 0.0930696, 0.104476, 0.149904, 0.168217, 0.231605, 0.243247, 0.365499, 0.496225, 0.525383, 0.547408, 0.647074, 0.670437, 0.713804, 0.742779, 0.841217, 0.937805, 0.952994, 1, 

31,40,0.001, 0.0328758, 0.0817856, 0.0930696, 0.104476, 0.241812, 0.291189, 0.244728, 0.474169, 0.693852, 1, 

28,49,0.001, 0.0328758, 0.0817856, 0.0930696, 0.104476, 0.149904, 0.168217, 0.252984, 0.271889, 0.273009, 0.365839, 1, 

Generation #10
48,34,0.001, 0.0436131, 0.0542668, 0.0569217, 0.0583503, 0.104465, 0.134448, 0.163987, 0.208107, 0.255023, 0.273145, 0.287174, 0.442784, 0.449164, 0.480585, 0.484971, 0.732779, 0.737424, 0.819574, 0.821673, 0.829962, 0.851447, 0.880571, 0.911453, 0.943608, 0.949189, 0.966665, 0.985769, 0.991181, 1, 

39,37,0.001, 0.0328758, 0.0817856, 0.0930696, 0.104476, 0.149904, 0.168217, 0.231605, 0.243247, 0.365499, 0.496225, 0.525383, 0.547408, 0.647074, 0.670437, 0.713804, 0.742779, 0.841217, 0.937805, 0.952994, 1, 

31,40,0.001, 0.0328758, 0.0817856, 0.0930696, 0.104476, 0.241812, 0.291189, 0.244728, 0.474169, 0.693852, 1, 

28,49,0.001, 0.0328758, 0.0817856, 0.0930696, 0.104476, 0.149904, 0.168217, 0.252984, 0.271889, 0.273009, 0.365839, 1, 

30,47,0.001, 0.0328758, 0.0817856, 0.0930696, 0.104476, 0.149904, 0.168217, 0.231605, 0.474169, 0.693852, 1, 

Generation #11
48,34,0.001, 0.0436131, 0.0542668, 0.0569217, 0.0583503, 0.104465, 0.134448, 0.163987, 0.208107, 0.255023, 0.273145, 0.287174, 0.442784, 0.449164, 0.480585, 0.484971, 0.732779, 0.737424, 0.819574, 0.821673, 0.829962, 0.851447, 0.880571, 0.911453, 0.943608, 0.949189, 0.966665, 0.985769, 0.991181, 1, 

28,49,0.001, 0.0328758, 0.0817856, 0.0930696, 0.104476, 0.149904, 0.168217, 0.252984, 0.271889, 0.273009, 0.365839, 1, 

31,36,0.001, 0.0564265, 0.0542668, 0.0569217, 0.0583503, 0.149904, 0.168217, 0.231605, 0.273009, 0.365839, 1, 

29,38,0.001, 0.0261688, 0.0542668, 0.0569217, 0.0583503, 0.149904, 0.168217, 0.252984, 0.271889, 0.273009, 0.365839, 1, 

Generation #12
48,34,0.001, 0.0436131, 0.0542668, 0.0569217, 0.0583503, 0.104465, 0.134448, 0.163987, 0.208107, 0.255023, 0.273145, 0.287174, 0.442784, 0.449164, 0.480585, 0.484971, 0.732779, 0.737424, 0.819574, 0.821673, 0.829962, 0.851447, 0.880571, 0.911453, 0.943608, 0.949189, 0.966665, 0.985769, 0.991181, 1, 

28,49,0.001, 0.0328758, 0.0817856, 0.0930696, 0.104476, 0.149904, 0.168217, 0.252984, 0.271889, 0.273009, 0.365839, 1, 

31,36,0.001, 0.0564265, 0.0542668, 0.0569217, 0.0583503, 0.149904, 0.168217, 0.231605, 0.273009, 0.365839, 1, 

29,38,0.001, 0.0261688, 0.0542668, 0.0569217, 0.0583503, 0.149904, 0.168217, 0.252984, 0.271889, 0.273009, 0.365839, 1, 

Generation #13
48,34,0.001, 0.0436131, 0.0542668, 0.0569217, 0.0583503, 0.104465, 0.134448, 0.163987, 0.208107, 0.255023, 0.273145, 0.287174, 0.442784, 0.449164, 0.480585, 0.484971, 0.732779, 0.737424, 0.819574, 0.821673, 0.829962, 0.851447, 0.880571, 0.911453, 0.943608, 0.949189, 0.966665, 0.985769, 0.991181, 1, 

28,49,0.001, 0.0328758, 0.0817856, 0.0930696, 0.104476, 0.149904, 0.168217, 0.252984, 0.271889, 0.273009, 0.365839, 1, 

31,36,0.001, 0.0564265, 0.0542668, 0.0569217, 0.0583503, 0.149904, 0.168217, 0.231605, 0.273009, 0.365839, 1, 

29,38,0.001, 0.0261688, 0.0542668, 0.0569217, 0.0583503, 0.149904, 0.168217, 0.252984, 0.271889, 0.273009, 0.365839, 1, 

27,52,0.001, 0.0328758, 0.0817856, 0.0930696, 0.149904, 0.168217, 0.252984, 0.271889, 0.273009, 0.365839, 1, 

Generation #14
31,36,0.001, 0.0564265, 0.0542668, 0.0569217, 0.0583503, 0.149904, 0.168217, 0.231605, 0.273009, 0.365839, 1, 

29,38,0.001, 0.0261688, 0.0542668, 0.0569217, 0.0583503, 0.149904, 0.168217, 0.252984, 0.271889, 0.273009, 0.365839, 1, 

27,52,0.001, 0.0328758, 0.0817856, 0.0930696, 0.149904, 0.168217, 0.252984, 0.271889, 0.273009, 0.365839, 1, 

47,29,0.001, 0.0436131, 0.0542668, 0.0569217, 0.0583503, 0.104465, 0.134448, 0.163987, 0.208107, 0.255023, 0.273145, 0.287174, 0.442784, 0.449164, 0.480585, 0.484971, 0.732779, 0.737424, 0.819574, 0.821673, 0.829962, 0.851447, 0.880571, 0.911453, 0.943608, 0.949189, 0.966665, 0.985769, 0.991181, 1, 

28,44,0.001, 0.0547508, 0.0901841, 0.114211, 0.15341, 0.161542, 0.231605, 0.388047, 0.636142, 0.693852, 1, 

Generation #15
31,36,0.001, 0.0564265, 0.0542668, 0.0569217, 0.0583503, 0.149904, 0.168217, 0.231605, 0.273009, 0.365839, 1, 

29,38,0.001, 0.0261688, 0.0542668, 0.0569217, 0.0583503, 0.149904, 0.168217, 0.252984, 0.271889, 0.273009, 0.365839, 1, 

27,52,0.001, 0.0328758, 0.0817856, 0.0930696, 0.149904, 0.168217, 0.252984, 0.271889, 0.273009, 0.365839, 1, 

47,29,0.001, 0.0436131, 0.0542668, 0.0569217, 0.0583503, 0.104465, 0.134448, 0.163987, 0.208107, 0.255023, 0.273145, 0.287174, 0.442784, 0.449164, 0.480585, 0.484971, 0.732779, 0.737424, 0.819574, 0.821673, 0.829962, 0.851447, 0.880571, 0.911453, 0.943608, 0.949189, 0.966665, 0.985769, 0.991181, 1, 

28,44,0.001, 0.0547508, 0.0901841, 0.114211, 0.15341, 0.161542, 0.231605, 0.388047, 0.636142, 0.693852, 1, 

30,37,0.001, 0.0261688, 0.0542668, 0.0569217, 0.0583503, 0.104465, 0.163987, 0.208107, 0.388047, 0.636142, 0.693852, 1, 

Generation #16
31,36,0.001, 0.0564265, 0.0542668, 0.0569217, 0.0583503, 0.149904, 0.168217, 0.231605, 0.273009, 0.365839, 1, 

29,38,0.001, 0.0261688, 0.0542668, 0.0569217, 0.0583503, 0.149904, 0.168217, 0.252984, 0.271889, 0.273009, 0.365839, 1, 

47,29,0.001, 0.0436131, 0.0542668, 0.0569217, 0.0583503, 0.104465, 0.134448, 0.163987, 0.208107, 0.255023, 0.273145, 0.287174, 0.442784, 0.449164, 0.480585, 0.484971, 0.732779, 0.737424, 0.819574, 0.821673, 0.829962, 0.851447, 0.880571, 0.911453, 0.943608, 0.949189, 0.966665, 0.985769, 0.991181, 1, 

30,37,0.001, 0.0261688, 0.0542668, 0.0569217, 0.0583503, 0.104465, 0.163987, 0.208107, 0.388047, 0.636142, 0.693852, 1, 

27,50,0.001, 0.0328758, 0.0817856, 0.0930696, 0.104476, 0.149904, 0.168217, 0.231605, 0.474169, 0.693852, 1, 

28,42,0.001, 0.0328758, 0.0817856, 0.0930696, 0.0583503, 0.149904, 0.168217, 0.231605, 0.474169, 0.693852, 1, 

Generation #17
31,36,0.001, 0.0564265, 0.0542668, 0.0569217, 0.0583503, 0.149904, 0.168217, 0.231605, 0.273009, 0.365839, 1, 

29,38,0.001, 0.0261688, 0.0542668, 0.0569217, 0.0583503, 0.149904, 0.168217, 0.252984, 0.271889, 0.273009, 0.365839, 1, 

47,29,0.001, 0.0436131, 0.0542668, 0.0569217, 0.0583503, 0.104465, 0.134448, 0.163987, 0.208107, 0.255023, 0.273145, 0.287174, 0.442784, 0.449164, 0.480585, 0.484971, 0.732779, 0.737424, 0.819574, 0.821673, 0.829962, 0.851447, 0.880571, 0.911453, 0.943608, 0.949189, 0.966665, 0.985769, 0.991181, 1, 

30,37,0.001, 0.0261688, 0.0542668, 0.0569217, 0.0583503, 0.104465, 0.163987, 0.208107, 0.388047, 0.636142, 0.693852, 1, 

27,50,0.001, 0.0328758, 0.0817856, 0.0930696, 0.104476, 0.149904, 0.168217, 0.231605, 0.474169, 0.693852, 1, 

28,42,0.001, 0.0328758, 0.0817856, 0.0930696, 0.0583503, 0.149904, 0.168217, 0.231605, 0.474169, 0.693852, 1, 

Generation #18
31,36,0.001, 0.0564265, 0.0542668, 0.0569217, 0.0583503, 0.149904, 0.168217, 0.231605, 0.273009, 0.365839, 1, 

29,38,0.001, 0.0261688, 0.0542668, 0.0569217, 0.0583503, 0.149904, 0.168217, 0.252984, 0.271889, 0.273009, 0.365839, 1, 

47,29,0.001, 0.0436131, 0.0542668, 0.0569217, 0.0583503, 0.104465, 0.134448, 0.163987, 0.208107, 0.255023, 0.273145, 0.287174, 0.442784, 0.449164, 0.480585, 0.484971, 0.732779, 0.737424, 0.819574, 0.821673, 0.829962, 0.851447, 0.880571, 0.911453, 0.943608, 0.949189, 0.966665, 0.985769, 0.991181, 1, 

30,37,0.001, 0.0261688, 0.0542668, 0.0569217, 0.0583503, 0.104465, 0.163987, 0.208107, 0.388047, 0.636142, 0.693852, 1, 

27,50,0.001, 0.0328758, 0.0817856, 0.0930696, 0.104476, 0.149904, 0.168217, 0.231605, 0.474169, 0.693852, 1, 

28,41,0.001, 0.0261688, 0.0542668, 0.0569217, 0.0583503, 0.104465, 0.163987, 0.231605, 0.273009, 0.365839, 1, 

Generation #19
31,36,0.001, 0.0564265, 0.0542668, 0.0569217, 0.0583503, 0.149904, 0.168217, 0.231605, 0.273009, 0.365839, 1, 

29,38,0.001, 0.0261688, 0.0542668, 0.0569217, 0.0583503, 0.149904, 0.168217, 0.252984, 0.271889, 0.273009, 0.365839, 1, 

47,29,0.001, 0.0436131, 0.0542668, 0.0569217, 0.0583503, 0.104465, 0.134448, 0.163987, 0.208107, 0.255023, 0.273145, 0.287174, 0.442784, 0.449164, 0.480585, 0.484971, 0.732779, 0.737424, 0.819574, 0.821673, 0.829962, 0.851447, 0.880571, 0.911453, 0.943608, 0.949189, 0.966665, 0.985769, 0.991181, 1, 

30,37,0.001, 0.0261688, 0.0542668, 0.0569217, 0.0583503, 0.104465, 0.163987, 0.208107, 0.388047, 0.636142, 0.693852, 1, 

27,50,0.001, 0.0328758, 0.0817856, 0.0930696, 0.104476, 0.149904, 0.168217, 0.231605, 0.474169, 0.693852, 1, 

28,41,0.001, 0.0261688, 0.0542668, 0.0569217, 0.0583503, 0.104465, 0.163987, 0.231605, 0.273009, 0.365839, 1, 

Generation #20
31,36,0.001, 0.0564265, 0.0542668, 0.0569217, 0.0583503, 0.149904, 0.168217, 0.231605, 0.273009, 0.365839, 1, 

29,38,0.001, 0.0261688, 0.0542668, 0.0569217, 0.0583503, 0.149904, 0.168217, 0.252984, 0.271889, 0.273009, 0.365839, 1, 

47,29,0.001, 0.0436131, 0.0542668, 0.0569217, 0.0583503, 0.104465, 0.134448, 0.163987, 0.208107, 0.255023, 0.273145, 0.287174, 0.442784, 0.449164, 0.480585, 0.484971, 0.732779, 0.737424, 0.819574, 0.821673, 0.829962, 0.851447, 0.880571, 0.911453, 0.943608, 0.949189, 0.966665, 0.985769, 0.991181, 1, 

30,37,0.001, 0.0261688, 0.0542668, 0.0569217, 0.0583503, 0.104465, 0.163987, 0.208107, 0.388047, 0.636142, 0.693852, 1, 

27,41,0.001, 0.0261688, 0.0817856, 0.0930696, 0.104476, 0.149904, 0.168217, 0.231605, 0.474169, 0.693852, 1, 

26,43,0.001, 0.0328758, 0.0817856, 0.0569217, 0.0583503, 0.149904, 0.168217, 0.252984, 0.273009, 0.365839, 1, 

Generation #21
29,38,0.001, 0.0261688, 0.0542668, 0.0569217, 0.0583503, 0.149904, 0.168217, 0.252984, 0.271889, 0.273009, 0.365839, 1, 

47,29,0.001, 0.0436131, 0.0542668, 0.0569217, 0.0583503, 0.104465, 0.134448, 0.163987, 0.208107, 0.255023, 0.273145, 0.287174, 0.442784, 0.449164, 0.480585, 0.484971, 0.732779, 0.737424, 0.819574, 0.821673, 0.829962, 0.851447, 0.880571, 0.911453, 0.943608, 0.949189, 0.966665, 0.985769, 0.991181, 1, 

27,41,0.001, 0.0261688, 0.0817856, 0.0930696, 0.104476, 0.149904, 0.168217, 0.231605, 0.474169, 0.693852, 1, 

26,43,0.001, 0.0328758, 0.0817856, 0.0569217, 0.0583503, 0.149904, 0.168217, 0.252984, 0.273009, 0.365839, 1, 

30,35,0.001, 0.0328758, 0.0542668, 0.0569217, 0.0583503, 0.104465, 0.163987, 0.208107, 0.388047, 0.636142, 0.693852, 1, 

Generation #22
29,38,0.001, 0.0261688, 0.0542668, 0.0569217, 0.0583503, 0.149904, 0.168217, 0.252984, 0.271889, 0.273009, 0.365839, 1, 

47,29,0.001, 0.0436131, 0.0542668, 0.0569217, 0.0583503, 0.104465, 0.134448, 0.163987, 0.208107, 0.255023, 0.273145, 0.287174, 0.442784, 0.449164, 0.480585, 0.484971, 0.732779, 0.737424, 0.819574, 0.821673, 0.829962, 0.851447, 0.880571, 0.911453, 0.943608, 0.949189, 0.966665, 0.985769, 0.991181, 1, 

27,41,0.001, 0.0261688, 0.0817856, 0.0930696, 0.104476, 0.149904, 0.168217, 0.231605, 0.474169, 0.693852, 1, 

26,43,0.001, 0.0328758, 0.0817856, 0.0569217, 0.0583503, 0.149904, 0.168217, 0.252984, 0.273009, 0.365839, 1, 

30,35,0.001, 0.0328758, 0.0542668, 0.0569217, 0.0583503, 0.104465, 0.163987, 0.208107, 0.388047, 0.636142, 0.693852, 1, 

Generation #23
47,29,0.001, 0.0436131, 0.0542668, 0.0569217, 0.0583503, 0.104465, 0.134448, 0.163987, 0.208107, 0.255023, 0.273145, 0.287174, 0.442784, 0.449164, 0.480585, 0.484971, 0.732779, 0.737424, 0.819574, 0.821673, 0.829962, 0.851447, 0.880571, 0.911453, 0.943608, 0.949189, 0.966665, 0.985769, 0.991181, 1, 

27,41,0.001, 0.0261688, 0.0817856, 0.0930696, 0.104476, 0.149904, 0.168217, 0.231605, 0.474169, 0.693852, 1, 

26,43,0.001, 0.0328758, 0.0817856, 0.0569217, 0.0583503, 0.149904, 0.168217, 0.252984, 0.273009, 0.365839, 1, 

29,34,0.001, 0.0436131, 0.0542668, 0.0569217, 0.0583503, 0.104465, 0.252984, 0.271889, 0.273009, 0.365839, 1, 

Generation #24
47,29,0.001, 0.0436131, 0.0542668, 0.0569217, 0.0583503, 0.104465, 0.134448, 0.163987, 0.208107, 0.255023, 0.273145, 0.287174, 0.442784, 0.449164, 0.480585, 0.484971, 0.732779, 0.737424, 0.819574, 0.821673, 0.829962, 0.851447, 0.880571, 0.911453, 0.943608, 0.949189, 0.966665, 0.985769, 0.991181, 1, 

27,41,0.001, 0.0261688, 0.0817856, 0.0930696, 0.104476, 0.149904, 0.168217, 0.231605, 0.474169, 0.693852, 1, 

26,43,0.001, 0.0328758, 0.0817856, 0.0569217, 0.0583503, 0.149904, 0.168217, 0.252984, 0.273009, 0.365839, 1, 

29,34,0.001, 0.0436131, 0.0542668, 0.0569217, 0.0583503, 0.104465, 0.252984, 0.271889, 0.273009, 0.365839, 1, 

28,36,0.001, 0.0564265, 0.0542668, 0.0569217, 0.0583503, 0.104465, 0.134448, 0.163987, 0.208107, 0.476478, 1, 

30,32,0.001, 0.0261688, 0.0542668, 0.0569217, 0.0583503, 0.104465, 0.163987, 0.208107, 0.388047, 0.636142, 1, 

Generation #25
47,29,0.001, 0.0436131, 0.0542668, 0.0569217, 0.0583503, 0.104465, 0.134448, 0.163987, 0.208107, 0.255023, 0.273145, 0.287174, 0.442784, 0.449164, 0.480585, 0.484971, 0.732779, 0.737424, 0.819574, 0.821673, 0.829962, 0.851447, 0.880571, 0.911453, 0.943608, 0.949189, 0.966665, 0.985769, 0.991181, 1, 

27,41,0.001, 0.0261688, 0.0817856, 0.0930696, 0.104476, 0.149904, 0.168217, 0.231605, 0.474169, 0.693852, 1, 

26,43,0.001, 0.0328758, 0.0817856, 0.0569217, 0.0583503, 0.149904, 0.168217, 0.252984, 0.273009, 0.365839, 1, 

29,34,0.001, 0.0436131, 0.0542668, 0.0569217, 0.0583503, 0.104465, 0.252984, 0.271889, 0.273009, 0.365839, 1, 

28,36,0.001, 0.0564265, 0.0542668, 0.0569217, 0.0583503, 0.104465, 0.134448, 0.163987, 0.208107, 0.476478, 1, 

30,32,0.001, 0.0261688, 0.0542668, 0.0569217, 0.0583503, 0.104465, 0.163987, 0.208107, 0.388047, 0.636142, 1, 

Generation #26
47,29,0.001, 0.0436131, 0.0542668, 0.0569217, 0.0583503, 0.104465, 0.134448, 0.163987, 0.208107, 0.255023, 0.273145, 0.287174, 0.442784, 0.449164, 0.480585, 0.484971, 0.732779, 0.737424, 0.819574, 0.821673, 0.829962, 0.851447, 0.880571, 0.911453, 0.943608, 0.949189, 0.966665, 0.985769, 0.991181, 1, 

26,43,0.001, 0.0328758, 0.0817856, 0.0569217, 0.0583503, 0.149904, 0.168217, 0.252984, 0.273009, 0.365839, 1, 

30,32,0.001, 0.0261688, 0.0542668, 0.0569217, 0.0583503, 0.104465, 0.163987, 0.208107, 0.388047, 0.636142, 1, 

27,33,0.001, 0.0261688, 0.0542668, 0.0569217, 0.0583503, 0.149904, 0.168217, 0.252984, 0.273009, 0.365839, 1, 

Generation #27
26,43,0.001, 0.0328758, 0.0817856, 0.0569217, 0.0583503, 0.149904, 0.168217, 0.252984, 0.273009, 0.365839, 1, 

27,33,0.001, 0.0261688, 0.0542668, 0.0569217, 0.0583503, 0.149904, 0.168217, 0.252984, 0.273009, 0.365839, 1, 

28,31,0.001, 0.0564265, 0.0542668, 0.0569217, 0.0583503, 0.149904, 0.168217, 0.252984, 0.271889, 0.659434, 0.872647, 1, 

45,27,0.001, 0.0261688, 0.0542668, 0.0569217, 0.0583503, 0.104465, 0.134448, 0.163987, 0.208107, 0.255023, 0.762333, 0.273145, 0.287174, 0.442784, 0.449164, 0.480585, 0.484971, 0.732779, 0.737424, 0.819574, 0.821673, 0.829962, 0.851447, 0.880571, 0.911453, 0.943608, 0.949189, 0.966665, 0.985769, 0.991181, 1, 

Generation #28
26,43,0.001, 0.0328758, 0.0817856, 0.0569217, 0.0583503, 0.149904, 0.168217, 0.252984, 0.273009, 0.365839, 1, 

27,33,0.001, 0.0261688, 0.0542668, 0.0569217, 0.0583503, 0.149904, 0.168217, 0.252984, 0.273009, 0.365839, 1, 

28,31,0.001, 0.0564265, 0.0542668, 0.0569217, 0.0583503, 0.149904, 0.168217, 0.252984, 0.271889, 0.659434, 0.872647, 1, 

45,27,0.001, 0.0261688, 0.0542668, 0.0569217, 0.0583503, 0.104465, 0.134448, 0.163987, 0.208107, 0.255023, 0.762333, 0.273145, 0.287174, 0.442784, 0.449164, 0.480585, 0.484971, 0.732779, 0.737424, 0.819574, 0.821673, 0.829962, 0.851447, 0.880571, 0.911453, 0.943608, 0.949189, 0.966665, 0.985769, 0.991181, 1, 

Generation #29
26,43,0.001, 0.0328758, 0.0817856, 0.0569217, 0.0583503, 0.149904, 0.168217, 0.252984, 0.273009, 0.365839, 1, 

27,33,0.001, 0.0261688, 0.0542668, 0.0569217, 0.0583503, 0.149904, 0.168217, 0.252984, 0.273009, 0.365839, 1, 

28,31,0.001, 0.0564265, 0.0542668, 0.0569217, 0.0583503, 0.149904, 0.168217, 0.252984, 0.271889, 0.659434, 0.872647, 1, 

45,27,0.001, 0.0261688, 0.0542668, 0.0569217, 0.0583503, 0.104465, 0.134448, 0.163987, 0.208107, 0.255023, 0.762333, 0.273145, 0.287174, 0.442784, 0.449164, 0.480585, 0.484971, 0.732779, 0.737424, 0.819574, 0.821673, 0.829962, 0.851447, 0.880571, 0.911453, 0.943608, 0.949189, 0.966665, 0.985769, 0.991181, 1, 

Generation #30
26,43,0.001, 0.0328758, 0.0817856, 0.0569217, 0.0583503, 0.149904, 0.168217, 0.252984, 0.273009, 0.365839, 1, 

27,33,0.001, 0.0261688, 0.0542668, 0.0569217, 0.0583503, 0.149904, 0.168217, 0.252984, 0.273009, 0.365839, 1, 

28,31,0.001, 0.0564265, 0.0542668, 0.0569217, 0.0583503, 0.149904, 0.168217, 0.252984, 0.271889, 0.659434, 0.872647, 1, 

45,27,0.001, 0.0261688, 0.0542668, 0.0569217, 0.0583503, 0.104465, 0.134448, 0.163987, 0.208107, 0.255023, 0.762333, 0.273145, 0.287174, 0.442784, 0.449164, 0.480585, 0.484971, 0.732779, 0.737424, 0.819574, 0.821673, 0.829962, 0.851447, 0.880571, 0.911453, 0.943608, 0.949189, 0.966665, 0.985769, 0.991181, 1, 

Generation #31
26,43,0.001, 0.0328758, 0.0817856, 0.0569217, 0.0583503, 0.149904, 0.168217, 0.252984, 0.273009, 0.365839, 1, 

27,33,0.001, 0.0261688, 0.0542668, 0.0569217, 0.0583503, 0.149904, 0.168217, 0.252984, 0.273009, 0.365839, 1, 

28,31,0.001, 0.0564265, 0.0542668, 0.0569217, 0.0583503, 0.149904, 0.168217, 0.252984, 0.271889, 0.659434, 0.872647, 1, 

45,27,0.001, 0.0261688, 0.0542668, 0.0569217, 0.0583503, 0.104465, 0.134448, 0.163987, 0.208107, 0.255023, 0.762333, 0.273145, 0.287174, 0.442784, 0.449164, 0.480585, 0.484971, 0.732779, 0.737424, 0.819574, 0.821673, 0.829962, 0.851447, 0.880571, 0.911453, 0.943608, 0.949189, 0.966665, 0.985769, 0.991181, 1, 

Generation #32
27,33,0.001, 0.0261688, 0.0542668, 0.0569217, 0.0583503, 0.149904, 0.168217, 0.252984, 0.273009, 0.365839, 1, 

28,31,0.001, 0.0564265, 0.0542668, 0.0569217, 0.0583503, 0.149904, 0.168217, 0.252984, 0.271889, 0.659434, 0.872647, 1, 

45,27,0.001, 0.0261688, 0.0542668, 0.0569217, 0.0583503, 0.104465, 0.134448, 0.163987, 0.208107, 0.255023, 0.762333, 0.273145, 0.287174, 0.442784, 0.449164, 0.480585, 0.484971, 0.732779, 0.737424, 0.819574, 0.821673, 0.829962, 0.851447, 0.880571, 0.911453, 0.943608, 0.949189, 0.966665, 0.985769, 0.991181, 1, 

26,39,0.001, 0.0261688, 0.0542668, 0.0569217, 0.0583503, 0.104465, 0.134448, 0.163987, 0.476478, 1, 

Generation #33
27,33,0.001, 0.0261688, 0.0542668, 0.0569217, 0.0583503, 0.149904, 0.168217, 0.252984, 0.273009, 0.365839, 1, 

28,31,0.001, 0.0564265, 0.0542668, 0.0569217, 0.0583503, 0.149904, 0.168217, 0.252984, 0.271889, 0.659434, 0.872647, 1, 

45,27,0.001, 0.0261688, 0.0542668, 0.0569217, 0.0583503, 0.104465, 0.134448, 0.163987, 0.208107, 0.255023, 0.762333, 0.273145, 0.287174, 0.442784, 0.449164, 0.480585, 0.484971, 0.732779, 0.737424, 0.819574, 0.821673, 0.829962, 0.851447, 0.880571, 0.911453, 0.943608, 0.949189, 0.966665, 0.985769, 0.991181, 1, 

26,39,0.001, 0.0261688, 0.0542668, 0.0569217, 0.0583503, 0.104465, 0.134448, 0.163987, 0.476478, 1, 

Generation #34
27,33,0.001, 0.0261688, 0.0542668, 0.0569217, 0.0583503, 0.149904, 0.168217, 0.252984, 0.273009, 0.365839, 1, 

28,31,0.001, 0.0564265, 0.0542668, 0.0569217, 0.0583503, 0.149904, 0.168217, 0.252984, 0.271889, 0.659434, 0.872647, 1, 

45,27,0.001, 0.0261688, 0.0542668, 0.0569217, 0.0583503, 0.104465, 0.134448, 0.163987, 0.208107, 0.255023, 0.762333, 0.273145, 0.287174, 0.442784, 0.449164, 0.480585, 0.484971, 0.732779, 0.737424, 0.819574, 0.821673, 0.829962, 0.851447, 0.880571, 0.911453, 0.943608, 0.949189, 0.966665, 0.985769, 0.991181, 1, 

26,39,0.001, 0.0261688, 0.0542668, 0.0569217, 0.0583503, 0.104465, 0.134448, 0.163987, 0.476478, 1, 

Generation #35
27,33,0.001, 0.0261688, 0.0542668, 0.0569217, 0.0583503, 0.149904, 0.168217, 0.252984, 0.273009, 0.365839, 1, 

28,31,0.001, 0.0564265, 0.0542668, 0.0569217, 0.0583503, 0.149904, 0.168217, 0.252984, 0.271889, 0.659434, 0.872647, 1, 

45,27,0.001, 0.0261688, 0.0542668, 0.0569217, 0.0583503, 0.104465, 0.134448, 0.163987, 0.208107, 0.255023, 0.762333, 0.273145, 0.287174, 0.442784, 0.449164, 0.480585, 0.484971, 0.732779, 0.737424, 0.819574, 0.821673, 0.829962, 0.851447, 0.880571, 0.911453, 0.943608, 0.949189, 0.966665, 0.985769, 0.991181, 1, 

26,39,0.001, 0.0261688, 0.0542668, 0.0569217, 0.0583503, 0.104465, 0.134448, 0.163987, 0.476478, 1, 

Generation #36
27,33,0.001, 0.0261688, 0.0542668, 0.0569217, 0.0583503, 0.149904, 0.168217, 0.252984, 0.273009, 0.365839, 1, 

28,31,0.001, 0.0564265, 0.0542668, 0.0569217, 0.0583503, 0.149904, 0.168217, 0.252984, 0.271889, 0.659434, 0.872647, 1, 

45,27,0.001, 0.0261688, 0.0542668, 0.0569217, 0.0583503, 0.104465, 0.134448, 0.163987, 0.208107, 0.255023, 0.762333, 0.273145, 0.287174, 0.442784, 0.449164, 0.480585, 0.484971, 0.732779, 0.737424, 0.819574, 0.821673, 0.829962, 0.851447, 0.880571, 0.911453, 0.943608, 0.949189, 0.966665, 0.985769, 0.991181, 1, 

26,39,0.001, 0.0261688, 0.0542668, 0.0569217, 0.0583503, 0.104465, 0.134448, 0.163987, 0.476478, 1, 

29,29,0.001, 0.0564265, 0.0542668, 0.0569217, 0.0583503, 0.104465, 0.163987, 0.208107, 0.388047, 0.636142, 1, 

Generation #37
27,33,0.001, 0.0261688, 0.0542668, 0.0569217, 0.0583503, 0.149904, 0.168217, 0.252984, 0.273009, 0.365839, 1, 

28,31,0.001, 0.0564265, 0.0542668, 0.0569217, 0.0583503, 0.149904, 0.168217, 0.252984, 0.271889, 0.659434, 0.872647, 1, 

45,27,0.001, 0.0261688, 0.0542668, 0.0569217, 0.0583503, 0.104465, 0.134448, 0.163987, 0.208107, 0.255023, 0.762333, 0.273145, 0.287174, 0.442784, 0.449164, 0.480585, 0.484971, 0.732779, 0.737424, 0.819574, 0.821673, 0.829962, 0.851447, 0.880571, 0.911453, 0.943608, 0.949189, 0.966665, 0.985769, 0.991181, 1, 

26,39,0.001, 0.0261688, 0.0542668, 0.0569217, 0.0583503, 0.104465, 0.134448, 0.163987, 0.476478, 1, 

29,29,0.001, 0.0564265, 0.0542668, 0.0569217, 0.0583503, 0.104465, 0.163987, 0.208107, 0.388047, 0.636142, 1, 

Generation #38
27,33,0.001, 0.0261688, 0.0542668, 0.0569217, 0.0583503, 0.149904, 0.168217, 0.252984, 0.273009, 0.365839, 1, 

28,31,0.001, 0.0564265, 0.0542668, 0.0569217, 0.0583503, 0.149904, 0.168217, 0.252984, 0.271889, 0.659434, 0.872647, 1, 

45,27,0.001, 0.0261688, 0.0542668, 0.0569217, 0.0583503, 0.104465, 0.134448, 0.163987, 0.208107, 0.255023, 0.762333, 0.273145, 0.287174, 0.442784, 0.449164, 0.480585, 0.484971, 0.732779, 0.737424, 0.819574, 0.821673, 0.829962, 0.851447, 0.880571, 0.911453, 0.943608, 0.949189, 0.966665, 0.985769, 0.991181, 1, 

26,39,0.001, 0.0261688, 0.0542668, 0.0569217, 0.0583503, 0.104465, 0.134448, 0.163987, 0.476478, 1, 

29,29,0.001, 0.0564265, 0.0542668, 0.0569217, 0.0583503, 0.104465, 0.163987, 0.208107, 0.388047, 0.636142, 1, 

Generation #39
45,27,0.001, 0.0261688, 0.0542668, 0.0569217, 0.0583503, 0.104465, 0.134448, 0.163987, 0.208107, 0.255023, 0.762333, 0.273145, 0.287174, 0.442784, 0.449164, 0.480585, 0.484971, 0.732779, 0.737424, 0.819574, 0.821673, 0.829962, 0.851447, 0.880571, 0.911453, 0.943608, 0.949189, 0.966665, 0.985769, 0.991181, 1, 

26,39,0.001, 0.0261688, 0.0542668, 0.0569217, 0.0583503, 0.104465, 0.134448, 0.163987, 0.476478, 1, 

29,29,0.001, 0.0564265, 0.0542668, 0.0569217, 0.0583503, 0.104465, 0.163987, 0.208107, 0.388047, 0.636142, 1, 

27,30,0.001, 0.0328758, 0.0542668, 0.0569217, 0.0583503, 0.104465, 0.134448, 0.163987, 0.208107, 0.693852, 1, 

Generation #40
26,39,0.001, 0.0261688, 0.0542668, 0.0569217, 0.0583503, 0.104465, 0.134448, 0.163987, 0.476478, 1, 

29,26,0.001, 0.0436131, 0.0542668, 0.0569217, 0.0583503, 0.104465, 0.134448, 0.163987, 0.208107, 0.693852, 1, 

27,28,0.001, 0.0261688, 0.0542668, 0.0569217, 0.0583503, 0.104465, 0.134448, 0.163987, 0.208107, 0.208107, 0.476478, 1, 

Generation #41
26,39,0.001, 0.0261688, 0.0542668, 0.0569217, 0.0583503, 0.104465, 0.134448, 0.163987, 0.476478, 1, 

29,26,0.001, 0.0436131, 0.0542668, 0.0569217, 0.0583503, 0.104465, 0.134448, 0.163987, 0.208107, 0.693852, 1, 

27,28,0.001, 0.0261688, 0.0542668, 0.0569217, 0.0583503, 0.104465, 0.134448, 0.163987, 0.208107, 0.208107, 0.476478, 1, 

Generation #42
26,39,0.001, 0.0261688, 0.0542668, 0.0569217, 0.0583503, 0.104465, 0.134448, 0.163987, 0.476478, 1, 

29,26,0.001, 0.0436131, 0.0542668, 0.0569217, 0.0583503, 0.104465, 0.134448, 0.163987, 0.208107, 0.693852, 1, 

27,28,0.001, 0.0261688, 0.0542668, 0.0569217, 0.0583503, 0.104465, 0.134448, 0.163987, 0.208107, 0.208107, 0.476478, 1, 

Generation #43
29,26,0.001, 0.0436131, 0.0542668, 0.0569217, 0.0583503, 0.104465, 0.134448, 0.163987, 0.208107, 0.693852, 1, 

27,28,0.001, 0.0261688, 0.0542668, 0.0569217, 0.0583503, 0.104465, 0.134448, 0.163987, 0.208107, 0.208107, 0.476478, 1, 

26,37,0.001, 0.0564265, 0.0542668, 0.0930696, 0.104476, 0.0867238, 0.149904, 0.168217, 0.231605, 0.474169, 0.693852, 1, 

Generation #44
29,26,0.001, 0.0436131, 0.0542668, 0.0569217, 0.0583503, 0.104465, 0.134448, 0.163987, 0.208107, 0.693852, 1, 

27,28,0.001, 0.0261688, 0.0542668, 0.0569217, 0.0583503, 0.104465, 0.134448, 0.163987, 0.208107, 0.208107, 0.476478, 1, 

26,37,0.001, 0.0564265, 0.0542668, 0.0930696, 0.104476, 0.0867238, 0.149904, 0.168217, 0.231605, 0.474169, 0.693852, 1, 

Generation #45
29,26,0.001, 0.0436131, 0.0542668, 0.0569217, 0.0583503, 0.104465, 0.134448, 0.163987, 0.208107, 0.693852, 1, 

27,28,0.001, 0.0261688, 0.0542668, 0.0569217, 0.0583503, 0.104465, 0.134448, 0.163987, 0.208107, 0.208107, 0.476478, 1, 

26,37,0.001, 0.0564265, 0.0542668, 0.0930696, 0.104476, 0.0867238, 0.149904, 0.168217, 0.231605, 0.474169, 0.693852, 1, 

Generation #46
29,26,0.001, 0.0436131, 0.0542668, 0.0569217, 0.0583503, 0.104465, 0.134448, 0.163987, 0.208107, 0.693852, 1, 

27,28,0.001, 0.0261688, 0.0542668, 0.0569217, 0.0583503, 0.104465, 0.134448, 0.163987, 0.208107, 0.208107, 0.476478, 1, 

26,37,0.001, 0.0564265, 0.0542668, 0.0930696, 0.104476, 0.0867238, 0.149904, 0.168217, 0.231605, 0.474169, 0.693852, 1, 

Generation #47
29,26,0.001, 0.0436131, 0.0542668, 0.0569217, 0.0583503, 0.104465, 0.134448, 0.163987, 0.208107, 0.693852, 1, 

27,28,0.001, 0.0261688, 0.0542668, 0.0569217, 0.0583503, 0.104465, 0.134448, 0.163987, 0.208107, 0.208107, 0.476478, 1, 

26,37,0.001, 0.0564265, 0.0542668, 0.0930696, 0.104476, 0.0867238, 0.149904, 0.168217, 0.231605, 0.474169, 0.693852, 1, 

Generation #48
29,26,0.001, 0.0436131, 0.0542668, 0.0569217, 0.0583503, 0.104465, 0.134448, 0.163987, 0.208107, 0.693852, 1, 

27,28,0.001, 0.0261688, 0.0542668, 0.0569217, 0.0583503, 0.104465, 0.134448, 0.163987, 0.208107, 0.208107, 0.476478, 1, 

26,37,0.001, 0.0564265, 0.0542668, 0.0930696, 0.104476, 0.0867238, 0.149904, 0.168217, 0.231605, 0.474169, 0.693852, 1, 

Generation #49
29,26,0.001, 0.0436131, 0.0542668, 0.0569217, 0.0583503, 0.104465, 0.134448, 0.163987, 0.208107, 0.693852, 1, 

27,28,0.001, 0.0261688, 0.0542668, 0.0569217, 0.0583503, 0.104465, 0.134448, 0.163987, 0.208107, 0.208107, 0.476478, 1, 

26,37,0.001, 0.0564265, 0.0542668, 0.0930696, 0.104476, 0.0867238, 0.149904, 0.168217, 0.231605, 0.474169, 0.693852, 1, 

--- Pareto Front Solutions ---
Solution 0: N total=61 (N_initial=32, N_added=29), Time total=28 ms, Saved to: ./results/SPINS_t2_l2_pareto_0.csv, percents=0.001, 0.0436131, 0.0542668, 0.0569217, 0.0583503, 0.104465, 0.134448, 0.163987, 0.208107, 0.693852, 1, 

Solution 1: N total=59 (N_initial=32, N_added=27), Time total=30 ms, Saved to: ./results/SPINS_t2_l2_pareto_1.csv, percents=0.001, 0.0261688, 0.0542668, 0.0569217, 0.0583503, 0.104465, 0.134448, 0.163987, 0.208107, 0.208107, 0.476478, 1, 

Solution 2: N total=58 (N_initial=32, N_added=26), Time total=39 ms, Saved to: ./results/SPINS_t2_l2_pareto_2.csv, percents=0.001, 0.0564265, 0.0542668, 0.0930696, 0.104476, 0.0867238, 0.149904, 0.168217, 0.231605, 0.474169, 0.693852, 1, 

------------d=1, t=2, lambda=3, filename=./evaluation/SPINS/SPINS_2_3.csv------------
Computing partitioned counts of d-sets...
Ready to look at pairs based on partitioned counts...
First Stage N=56, Time=3
There are 27 remaining non-locating pairs
Running GA with std::execution::par
Generation #0
31,8,0.001, 0.0881439, 0.116228, 0.141588, 0.188177, 0.252289, 0.358626, 0.387996, 0.394295, 0.430483, 0.440384, 0.56344, 0.616681, 0.63195, 0.660324, 0.769795, 0.847222, 0.873846, 0.958302, 1, 

22,21,0.001, 0.0191055, 0.265025, 0.333805, 0.366609, 0.497154, 0.57746, 0.677337, 0.760473, 0.816783, 0.880586, 1, 

37,3,0.001, 0.0121248, 0.031045, 0.0327539, 0.0629573, 0.0790533, 0.118687, 0.120998, 0.140019, 0.153374, 0.247438, 0.344891, 0.360736, 0.378649, 0.406259, 0.441259, 0.494695, 0.518702, 0.521572, 0.554662, 0.56398, 0.650979, 0.6629, 0.714169, 0.759069, 0.824865, 0.903716, 0.989012, 1, 

25,9,0.001, 0.168205, 0.209369, 0.325076, 0.330087, 0.395324, 0.552207, 0.636624, 0.762422, 0.794238, 0.978799, 0.997149, 1, 

24,10,0.001, 0.0403955, 0.0632959, 0.19922, 0.275829, 0.421697, 0.498474, 0.506795, 0.519567, 0.565007, 0.678118, 0.826421, 0.92304, 1, 

34,6,0.001, 0.0486127, 0.0524339, 0.0923743, 0.0943918, 0.202464, 0.212901, 0.245149, 0.245514, 0.367322, 0.373013, 0.379528, 0.409307, 0.445553, 0.50751, 0.564015, 0.717735, 0.786322, 0.907745, 0.957763, 0.98959, 1, 

Generation #1
22,21,0.001, 0.0191055, 0.265025, 0.333805, 0.366609, 0.497154, 0.57746, 0.677337, 0.760473, 0.816783, 0.880586, 1, 

25,9,0.001, 0.168205, 0.209369, 0.325076, 0.330087, 0.395324, 0.552207, 0.636624, 0.762422, 0.794238, 0.978799, 0.997149, 1, 

24,10,0.001, 0.0403955, 0.0632959, 0.19922, 0.275829, 0.421697, 0.498474, 0.506795, 0.519567, 0.565007, 0.678118, 0.826421, 0.92304, 1, 

33,3,0.001, 0.098543, 0.192451, 0.198182, 0.161696, 0.171837, 0.225056, 0.301767, 0.318431, 0.46392, 0.541103, 0.582228, 0.587252, 0.590905, 0.639569, 0.653721, 0.708368, 0.723528, 0.739944, 0.755457, 0.859297, 0.89378, 0.910821, 0.945845, 0.955621, 1, 

27,8,0.001, 0.140799, 0.156459, 0.216978, 0.225026, 0.22541, 0.305593, 0.399015, 0.428575, 0.486853, 0.547407, 0.644867, 0.712385, 0.788555, 0.969568, 0.980545, 1, 

31,7,0.001, 0.038844, 0.0786904, 0.113715, 0.117242, 0.128211, 0.17601, 0.187942, 0.211938, 0.363885, 0.438132, 0.480036, 0.502753, 0.598351, 0.740366, 0.749528, 0.775288, 0.824237, 0.859184, 0.994576, 1, 

Generation #2
19,6,0.001, 0.0283049, 0.0290611, 0.186989, 0.202417, 0.228894, 0.358626, 0.649248, 0.649259, 0.678071, 1, 

27,2,0.001, 0.0486127, 0.0524339, 0.0923743, 0.0943918, 0.202464, 0.212901, 0.245149, 0.245514, 0.367322, 0.373013, 0.379528, 0.409307, 0.445553, 0.50751, 0.564015, 0.717735, 0.946373, 1, 

Generation #3
19,6,0.001, 0.0283049, 0.0290611, 0.186989, 0.202417, 0.228894, 0.358626, 0.649248, 0.649259, 0.678071, 1, 

24,2,0.001, 0.038844, 0.0838687, 0.115207, 0.134832, 0.145456, 0.147389, 0.211729, 0.719181, 0.216619, 0.342289, 0.71647, 0.738601, 0.783201, 0.9656, 1, 

Generation #4
19,6,0.001, 0.0283049, 0.0290611, 0.186989, 0.202417, 0.228894, 0.358626, 0.649248, 0.649259, 0.678071, 1, 

24,2,0.001, 0.038844, 0.0838687, 0.115207, 0.134832, 0.145456, 0.147389, 0.211729, 0.719181, 0.216619, 0.342289, 0.71647, 0.738601, 0.783201, 0.9656, 1, 

22,5,0.001, 0.0887744, 0.0463098, 0.101302, 0.196528, 0.118687, 0.120998, 0.519567, 0.565007, 0.678118, 0.826421, 0.92304, 1, 

Generation #5
19,6,0.001, 0.0283049, 0.0290611, 0.186989, 0.202417, 0.228894, 0.358626, 0.649248, 0.649259, 0.678071, 1, 

24,2,0.001, 0.038844, 0.0838687, 0.115207, 0.134832, 0.145456, 0.147389, 0.211729, 0.719181, 0.216619, 0.342289, 0.71647, 0.738601, 0.783201, 0.9656, 1, 

22,4,0.001, 0.113937, 0.129408, 0.173581, 0.184542, 0.301767, 0.318431, 0.678071, 0.794238, 0.978799, 0.997149, 1, 

Generation #6
19,6,0.001, 0.0283049, 0.0290611, 0.186989, 0.202417, 0.228894, 0.358626, 0.649248, 0.649259, 0.678071, 1, 

24,2,0.001, 0.038844, 0.0838687, 0.115207, 0.134832, 0.145456, 0.147389, 0.211729, 0.719181, 0.216619, 0.342289, 0.71647, 0.738601, 0.783201, 0.9656, 1, 

22,4,0.001, 0.113937, 0.129408, 0.173581, 0.184542, 0.301767, 0.318431, 0.678071, 0.794238, 0.978799, 0.997149, 1, 

Generation #7
19,6,0.001, 0.0283049, 0.0290611, 0.186989, 0.202417, 0.228894, 0.358626, 0.649248, 0.649259, 0.678071, 1, 

24,2,0.001, 0.038844, 0.0838687, 0.115207, 0.134832, 0.145456, 0.147389, 0.211729, 0.719181, 0.216619, 0.342289, 0.71647, 0.738601, 0.783201, 0.9656, 1, 

22,4,0.001, 0.113937, 0.129408, 0.173581, 0.184542, 0.301767, 0.318431, 0.678071, 0.794238, 0.978799, 0.997149, 1, 

Generation #8
19,6,0.001, 0.0283049, 0.0290611, 0.186989, 0.202417, 0.228894, 0.358626, 0.649248, 0.649259, 0.678071, 1, 

24,2,0.001, 0.038844, 0.0838687, 0.115207, 0.134832, 0.145456, 0.147389, 0.211729, 0.719181, 0.216619, 0.342289, 0.71647, 0.738601, 0.783201, 0.9656, 1, 

22,4,0.001, 0.113937, 0.129408, 0.173581, 0.184542, 0.301767, 0.318431, 0.678071, 0.794238, 0.978799, 0.997149, 1, 

Generation #9
19,6,0.001, 0.0283049, 0.0290611, 0.186989, 0.202417, 0.228894, 0.358626, 0.649248, 0.649259, 0.678071, 1, 

24,2,0.001, 0.038844, 0.0838687, 0.115207, 0.134832, 0.145456, 0.147389, 0.211729, 0.719181, 0.216619, 0.342289, 0.71647, 0.738601, 0.783201, 0.9656, 1, 

22,4,0.001, 0.113937, 0.129408, 0.173581, 0.184542, 0.301767, 0.318431, 0.678071, 0.794238, 0.978799, 0.997149, 1, 

Generation #10
19,6,0.001, 0.0283049, 0.0290611, 0.186989, 0.202417, 0.228894, 0.358626, 0.649248, 0.649259, 0.678071, 1, 

24,2,0.001, 0.038844, 0.0838687, 0.115207, 0.134832, 0.145456, 0.147389, 0.211729, 0.719181, 0.216619, 0.342289, 0.71647, 0.738601, 0.783201, 0.9656, 1, 

22,4,0.001, 0.113937, 0.129408, 0.173581, 0.184542, 0.301767, 0.318431, 0.678071, 0.794238, 0.978799, 0.997149, 1, 

Generation #11
19,6,0.001, 0.0283049, 0.0290611, 0.186989, 0.202417, 0.228894, 0.358626, 0.649248, 0.649259, 0.678071, 1, 

24,2,0.001, 0.038844, 0.0838687, 0.115207, 0.134832, 0.145456, 0.147389, 0.211729, 0.719181, 0.216619, 0.342289, 0.71647, 0.738601, 0.783201, 0.9656, 1, 

22,3,0.001, 0.0486127, 0.0524339, 0.0923743, 0.0943918, 0.202464, 0.358626, 0.293537, 0.649259, 0.678071, 1, 

Generation #12
19,6,0.001, 0.0283049, 0.0290611, 0.186989, 0.202417, 0.228894, 0.358626, 0.649248, 0.649259, 0.678071, 1, 

24,2,0.001, 0.038844, 0.0838687, 0.115207, 0.134832, 0.145456, 0.147389, 0.211729, 0.719181, 0.216619, 0.342289, 0.71647, 0.738601, 0.783201, 0.9656, 1, 

22,3,0.001, 0.0486127, 0.0524339, 0.0923743, 0.0943918, 0.202464, 0.358626, 0.293537, 0.649259, 0.678071, 1, 

18,14,0.001, 0.0486127, 0.0524339, 0.166025, 0.173581, 0.184542, 0.301767, 0.318431, 0.678071, 1, 

Generation #13
19,6,0.001, 0.0283049, 0.0290611, 0.186989, 0.202417, 0.228894, 0.358626, 0.649248, 0.649259, 0.678071, 1, 

24,2,0.001, 0.038844, 0.0838687, 0.115207, 0.134832, 0.145456, 0.147389, 0.211729, 0.719181, 0.216619, 0.342289, 0.71647, 0.738601, 0.783201, 0.9656, 1, 

22,3,0.001, 0.0486127, 0.0524339, 0.0923743, 0.0943918, 0.202464, 0.358626, 0.293537, 0.649259, 0.678071, 1, 

18,14,0.001, 0.0486127, 0.0524339, 0.166025, 0.173581, 0.184542, 0.301767, 0.318431, 0.678071, 1, 

Generation #14
19,6,0.001, 0.0283049, 0.0290611, 0.186989, 0.202417, 0.228894, 0.358626, 0.649248, 0.649259, 0.678071, 1, 

24,2,0.001, 0.038844, 0.0838687, 0.115207, 0.134832, 0.145456, 0.147389, 0.211729, 0.719181, 0.216619, 0.342289, 0.71647, 0.738601, 0.783201, 0.9656, 1, 

22,3,0.001, 0.0486127, 0.0524339, 0.0923743, 0.0943918, 0.202464, 0.358626, 0.293537, 0.649259, 0.678071, 1, 

18,14,0.001, 0.0486127, 0.0524339, 0.166025, 0.173581, 0.184542, 0.301767, 0.318431, 0.678071, 1, 

20,5,0.0486127, 0.0524339, 0.0923743, 0.0943918, 0.202464, 0.212901, 0.245149, 0.245514, 0.678071, 1, 

27,1,0.001, 0.0494627, 0.0503935, 0.0886144, 0.117242, 0.128211, 0.17601, 0.187942, 0.211938, 0.363885, 0.438132, 0.480036, 0.502753, 0.598351, 0.740366, 0.749528, 0.775288, 0.824237, 0.859184, 0.0440782, 0.994576, 1, 

Generation #15
19,6,0.001, 0.0283049, 0.0290611, 0.186989, 0.202417, 0.228894, 0.358626, 0.649248, 0.649259, 0.678071, 1, 

24,2,0.001, 0.038844, 0.0838687, 0.115207, 0.134832, 0.145456, 0.147389, 0.211729, 0.719181, 0.216619, 0.342289, 0.71647, 0.738601, 0.783201, 0.9656, 1, 

22,3,0.001, 0.0486127, 0.0524339, 0.0923743, 0.0943918, 0.202464, 0.358626, 0.293537, 0.649259, 0.678071, 1, 

18,14,0.001, 0.0486127, 0.0524339, 0.166025, 0.173581, 0.184542, 0.301767, 0.318431, 0.678071, 1, 

20,5,0.0486127, 0.0524339, 0.0923743, 0.0943918, 0.202464, 0.212901, 0.245149, 0.245514, 0.678071, 1, 

27,1,0.001, 0.0494627, 0.0503935, 0.0886144, 0.117242, 0.128211, 0.17601, 0.187942, 0.211938, 0.363885, 0.438132, 0.480036, 0.502753, 0.598351, 0.740366, 0.749528, 0.775288, 0.824237, 0.859184, 0.0440782, 0.994576, 1, 

Generation #16
19,6,0.001, 0.0283049, 0.0290611, 0.186989, 0.202417, 0.228894, 0.358626, 0.649248, 0.649259, 0.678071, 1, 

24,2,0.001, 0.038844, 0.0838687, 0.115207, 0.134832, 0.145456, 0.147389, 0.211729, 0.719181, 0.216619, 0.342289, 0.71647, 0.738601, 0.783201, 0.9656, 1, 

22,3,0.001, 0.0486127, 0.0524339, 0.0923743, 0.0943918, 0.202464, 0.358626, 0.293537, 0.649259, 0.678071, 1, 

18,14,0.001, 0.0486127, 0.0524339, 0.166025, 0.173581, 0.184542, 0.301767, 0.318431, 0.678071, 1, 

20,5,0.0486127, 0.0524339, 0.0923743, 0.0943918, 0.202464, 0.212901, 0.245149, 0.245514, 0.678071, 1, 

27,1,0.001, 0.0494627, 0.0503935, 0.0886144, 0.117242, 0.128211, 0.17601, 0.187942, 0.211938, 0.363885, 0.438132, 0.480036, 0.502753, 0.598351, 0.740366, 0.749528, 0.775288, 0.824237, 0.859184, 0.0440782, 0.994576, 1, 

Generation #17
19,6,0.001, 0.0283049, 0.0290611, 0.186989, 0.202417, 0.228894, 0.358626, 0.649248, 0.649259, 0.678071, 1, 

24,2,0.001, 0.038844, 0.0838687, 0.115207, 0.134832, 0.145456, 0.147389, 0.211729, 0.719181, 0.216619, 0.342289, 0.71647, 0.738601, 0.783201, 0.9656, 1, 

22,3,0.001, 0.0486127, 0.0524339, 0.0923743, 0.0943918, 0.202464, 0.358626, 0.293537, 0.649259, 0.678071, 1, 

18,14,0.001, 0.0486127, 0.0524339, 0.166025, 0.173581, 0.184542, 0.301767, 0.318431, 0.678071, 1, 

20,5,0.0486127, 0.0524339, 0.0923743, 0.0943918, 0.202464, 0.212901, 0.245149, 0.245514, 0.678071, 1, 

27,1,0.001, 0.0494627, 0.0503935, 0.0886144, 0.117242, 0.128211, 0.17601, 0.187942, 0.211938, 0.363885, 0.438132, 0.480036, 0.502753, 0.598351, 0.740366, 0.749528, 0.775288, 0.824237, 0.859184, 0.0440782, 0.994576, 1, 

Generation #18
19,6,0.001, 0.0283049, 0.0290611, 0.186989, 0.202417, 0.228894, 0.358626, 0.649248, 0.649259, 0.678071, 1, 

24,2,0.001, 0.038844, 0.0838687, 0.115207, 0.134832, 0.145456, 0.147389, 0.211729, 0.719181, 0.216619, 0.342289, 0.71647, 0.738601, 0.783201, 0.9656, 1, 

22,3,0.001, 0.0486127, 0.0524339, 0.0923743, 0.0943918, 0.202464, 0.358626, 0.293537, 0.649259, 0.678071, 1, 

18,14,0.001, 0.0486127, 0.0524339, 0.166025, 0.173581, 0.184542, 0.301767, 0.318431, 0.678071, 1, 

20,5,0.0486127, 0.0524339, 0.0923743, 0.0943918, 0.202464, 0.212901, 0.245149, 0.245514, 0.678071, 1, 

27,1,0.001, 0.0494627, 0.0503935, 0.0886144, 0.117242, 0.128211, 0.17601, 0.187942, 0.211938, 0.363885, 0.438132, 0.480036, 0.502753, 0.598351, 0.740366, 0.749528, 0.775288, 0.824237, 0.859184, 0.0440782, 0.994576, 1, 

Generation #19
19,6,0.001, 0.0283049, 0.0290611, 0.186989, 0.202417, 0.228894, 0.358626, 0.649248, 0.649259, 0.678071, 1, 

24,2,0.001, 0.038844, 0.0838687, 0.115207, 0.134832, 0.145456, 0.147389, 0.211729, 0.719181, 0.216619, 0.342289, 0.71647, 0.738601, 0.783201, 0.9656, 1, 

22,3,0.001, 0.0486127, 0.0524339, 0.0923743, 0.0943918, 0.202464, 0.358626, 0.293537, 0.649259, 0.678071, 1, 

18,14,0.001, 0.0486127, 0.0524339, 0.166025, 0.173581, 0.184542, 0.301767, 0.318431, 0.678071, 1, 

20,5,0.0486127, 0.0524339, 0.0923743, 0.0943918, 0.202464, 0.212901, 0.245149, 0.245514, 0.678071, 1, 

27,1,0.001, 0.0494627, 0.0503935, 0.0886144, 0.117242, 0.128211, 0.17601, 0.187942, 0.211938, 0.363885, 0.438132, 0.480036, 0.502753, 0.598351, 0.740366, 0.749528, 0.775288, 0.824237, 0.859184, 0.0440782, 0.994576, 1, 

Generation #20
19,6,0.001, 0.0283049, 0.0290611, 0.186989, 0.202417, 0.228894, 0.358626, 0.649248, 0.649259, 0.678071, 1, 

24,2,0.001, 0.038844, 0.0838687, 0.115207, 0.134832, 0.145456, 0.147389, 0.211729, 0.719181, 0.216619, 0.342289, 0.71647, 0.738601, 0.783201, 0.9656, 1, 

22,3,0.001, 0.0486127, 0.0524339, 0.0923743, 0.0943918, 0.202464, 0.358626, 0.293537, 0.649259, 0.678071, 1, 

18,14,0.001, 0.0486127, 0.0524339, 0.166025, 0.173581, 0.184542, 0.301767, 0.318431, 0.678071, 1, 

20,5,0.0486127, 0.0524339, 0.0923743, 0.0943918, 0.202464, 0.212901, 0.245149, 0.245514, 0.678071, 1, 

27,1,0.001, 0.0494627, 0.0503935, 0.0886144, 0.117242, 0.128211, 0.17601, 0.187942, 0.211938, 0.363885, 0.438132, 0.480036, 0.502753, 0.598351, 0.740366, 0.749528, 0.775288, 0.824237, 0.859184, 0.0440782, 0.994576, 1, 

Generation #21
19,6,0.001, 0.0283049, 0.0290611, 0.186989, 0.202417, 0.228894, 0.358626, 0.649248, 0.649259, 0.678071, 1, 

24,2,0.001, 0.038844, 0.0838687, 0.115207, 0.134832, 0.145456, 0.147389, 0.211729, 0.719181, 0.216619, 0.342289, 0.71647, 0.738601, 0.783201, 0.9656, 1, 

22,3,0.001, 0.0486127, 0.0524339, 0.0923743, 0.0943918, 0.202464, 0.358626, 0.293537, 0.649259, 0.678071, 1, 

18,14,0.001, 0.0486127, 0.0524339, 0.166025, 0.173581, 0.184542, 0.301767, 0.318431, 0.678071, 1, 

20,5,0.0486127, 0.0524339, 0.0923743, 0.0943918, 0.202464, 0.212901, 0.245149, 0.245514, 0.678071, 1, 

27,1,0.001, 0.0494627, 0.0503935, 0.0886144, 0.117242, 0.128211, 0.17601, 0.187942, 0.211938, 0.363885, 0.438132, 0.480036, 0.502753, 0.598351, 0.740366, 0.749528, 0.775288, 0.824237, 0.859184, 0.0440782, 0.994576, 1, 

Generation #22
24,2,0.001, 0.038844, 0.0838687, 0.115207, 0.134832, 0.145456, 0.147389, 0.211729, 0.719181, 0.216619, 0.342289, 0.71647, 0.738601, 0.783201, 0.9656, 1, 

22,3,0.001, 0.0486127, 0.0524339, 0.0923743, 0.0943918, 0.202464, 0.358626, 0.293537, 0.649259, 0.678071, 1, 

27,1,0.001, 0.0494627, 0.0503935, 0.0886144, 0.117242, 0.128211, 0.17601, 0.187942, 0.211938, 0.363885, 0.438132, 0.480036, 0.502753, 0.598351, 0.740366, 0.749528, 0.775288, 0.824237, 0.859184, 0.0440782, 0.994576, 1, 

17,4,0.001, 0.0486127, 0.0524339, 0.0923743, 0.0943918, 0.202464, 0.212901, 0.245149, 0.678071, 1, 

Generation #23
24,2,0.001, 0.038844, 0.0838687, 0.115207, 0.134832, 0.145456, 0.147389, 0.211729, 0.719181, 0.216619, 0.342289, 0.71647, 0.738601, 0.783201, 0.9656, 1, 

22,3,0.001, 0.0486127, 0.0524339, 0.0923743, 0.0943918, 0.202464, 0.358626, 0.293537, 0.649259, 0.678071, 1, 

27,1,0.001, 0.0494627, 0.0503935, 0.0886144, 0.117242, 0.128211, 0.17601, 0.187942, 0.211938, 0.363885, 0.438132, 0.480036, 0.502753, 0.598351, 0.740366, 0.749528, 0.775288, 0.824237, 0.859184, 0.0440782, 0.994576, 1, 

17,4,0.001, 0.0486127, 0.0524339, 0.0923743, 0.0943918, 0.202464, 0.212901, 0.245149, 0.678071, 1, 

Generation #24
24,2,0.001, 0.038844, 0.0838687, 0.115207, 0.134832, 0.145456, 0.147389, 0.211729, 0.719181, 0.216619, 0.342289, 0.71647, 0.738601, 0.783201, 0.9656, 1, 

22,3,0.001, 0.0486127, 0.0524339, 0.0923743, 0.0943918, 0.202464, 0.358626, 0.293537, 0.649259, 0.678071, 1, 

27,1,0.001, 0.0494627, 0.0503935, 0.0886144, 0.117242, 0.128211, 0.17601, 0.187942, 0.211938, 0.363885, 0.438132, 0.480036, 0.502753, 0.598351, 0.740366, 0.749528, 0.775288, 0.824237, 0.859184, 0.0440782, 0.994576, 1, 

17,4,0.001, 0.0486127, 0.0524339, 0.0923743, 0.0943918, 0.202464, 0.212901, 0.245149, 0.678071, 1, 

Generation #25
24,2,0.001, 0.038844, 0.0838687, 0.115207, 0.134832, 0.145456, 0.147389, 0.211729, 0.719181, 0.216619, 0.342289, 0.71647, 0.738601, 0.783201, 0.9656, 1, 

22,3,0.001, 0.0486127, 0.0524339, 0.0923743, 0.0943918, 0.202464, 0.358626, 0.293537, 0.649259, 0.678071, 1, 

27,1,0.001, 0.0494627, 0.0503935, 0.0886144, 0.117242, 0.128211, 0.17601, 0.187942, 0.211938, 0.363885, 0.438132, 0.480036, 0.502753, 0.598351, 0.740366, 0.749528, 0.775288, 0.824237, 0.859184, 0.0440782, 0.994576, 1, 

17,4,0.001, 0.0486127, 0.0524339, 0.0923743, 0.0943918, 0.202464, 0.212901, 0.245149, 0.678071, 1, 

Generation #26
24,2,0.001, 0.038844, 0.0838687, 0.115207, 0.134832, 0.145456, 0.147389, 0.211729, 0.719181, 0.216619, 0.342289, 0.71647, 0.738601, 0.783201, 0.9656, 1, 

22,3,0.001, 0.0486127, 0.0524339, 0.0923743, 0.0943918, 0.202464, 0.358626, 0.293537, 0.649259, 0.678071, 1, 

27,1,0.001, 0.0494627, 0.0503935, 0.0886144, 0.117242, 0.128211, 0.17601, 0.187942, 0.211938, 0.363885, 0.438132, 0.480036, 0.502753, 0.598351, 0.740366, 0.749528, 0.775288, 0.824237, 0.859184, 0.0440782, 0.994576, 1, 

17,4,0.001, 0.0486127, 0.0524339, 0.0923743, 0.0943918, 0.202464, 0.212901, 0.245149, 0.678071, 1, 

Generation #27
24,2,0.001, 0.038844, 0.0838687, 0.115207, 0.134832, 0.145456, 0.147389, 0.211729, 0.719181, 0.216619, 0.342289, 0.71647, 0.738601, 0.783201, 0.9656, 1, 

22,3,0.001, 0.0486127, 0.0524339, 0.0923743, 0.0943918, 0.202464, 0.358626, 0.293537, 0.649259, 0.678071, 1, 

27,1,0.001, 0.0494627, 0.0503935, 0.0886144, 0.117242, 0.128211, 0.17601, 0.187942, 0.211938, 0.363885, 0.438132, 0.480036, 0.502753, 0.598351, 0.740366, 0.749528, 0.775288, 0.824237, 0.859184, 0.0440782, 0.994576, 1, 

17,4,0.001, 0.0486127, 0.0524339, 0.0923743, 0.0943918, 0.202464, 0.212901, 0.245149, 0.678071, 1, 

Generation #28
24,2,0.001, 0.038844, 0.0838687, 0.115207, 0.134832, 0.145456, 0.147389, 0.211729, 0.719181, 0.216619, 0.342289, 0.71647, 0.738601, 0.783201, 0.9656, 1, 

22,3,0.001, 0.0486127, 0.0524339, 0.0923743, 0.0943918, 0.202464, 0.358626, 0.293537, 0.649259, 0.678071, 1, 

27,1,0.001, 0.0494627, 0.0503935, 0.0886144, 0.117242, 0.128211, 0.17601, 0.187942, 0.211938, 0.363885, 0.438132, 0.480036, 0.502753, 0.598351, 0.740366, 0.749528, 0.775288, 0.824237, 0.859184, 0.0440782, 0.994576, 1, 

17,4,0.001, 0.0486127, 0.0524339, 0.0923743, 0.0943918, 0.202464, 0.212901, 0.245149, 0.678071, 1, 

Generation #29
24,2,0.001, 0.038844, 0.0838687, 0.115207, 0.134832, 0.145456, 0.147389, 0.211729, 0.719181, 0.216619, 0.342289, 0.71647, 0.738601, 0.783201, 0.9656, 1, 

22,3,0.001, 0.0486127, 0.0524339, 0.0923743, 0.0943918, 0.202464, 0.358626, 0.293537, 0.649259, 0.678071, 1, 

27,1,0.001, 0.0494627, 0.0503935, 0.0886144, 0.117242, 0.128211, 0.17601, 0.187942, 0.211938, 0.363885, 0.438132, 0.480036, 0.502753, 0.598351, 0.740366, 0.749528, 0.775288, 0.824237, 0.859184, 0.0440782, 0.994576, 1, 

17,4,0.001, 0.0486127, 0.0524339, 0.0923743, 0.0943918, 0.202464, 0.212901, 0.245149, 0.678071, 1, 

Generation #30
24,2,0.001, 0.038844, 0.0838687, 0.115207, 0.134832, 0.145456, 0.147389, 0.211729, 0.719181, 0.216619, 0.342289, 0.71647, 0.738601, 0.783201, 0.9656, 1, 

22,3,0.001, 0.0486127, 0.0524339, 0.0923743, 0.0943918, 0.202464, 0.358626, 0.293537, 0.649259, 0.678071, 1, 

27,1,0.001, 0.0494627, 0.0503935, 0.0886144, 0.117242, 0.128211, 0.17601, 0.187942, 0.211938, 0.363885, 0.438132, 0.480036, 0.502753, 0.598351, 0.740366, 0.749528, 0.775288, 0.824237, 0.859184, 0.0440782, 0.994576, 1, 

17,4,0.001, 0.0486127, 0.0524339, 0.0923743, 0.0943918, 0.202464, 0.212901, 0.245149, 0.678071, 1, 

Generation #31
24,2,0.001, 0.038844, 0.0838687, 0.115207, 0.134832, 0.145456, 0.147389, 0.211729, 0.719181, 0.216619, 0.342289, 0.71647, 0.738601, 0.783201, 0.9656, 1, 

22,3,0.001, 0.0486127, 0.0524339, 0.0923743, 0.0943918, 0.202464, 0.358626, 0.293537, 0.649259, 0.678071, 1, 

27,1,0.001, 0.0494627, 0.0503935, 0.0886144, 0.117242, 0.128211, 0.17601, 0.187942, 0.211938, 0.363885, 0.438132, 0.480036, 0.502753, 0.598351, 0.740366, 0.749528, 0.775288, 0.824237, 0.859184, 0.0440782, 0.994576, 1, 

17,4,0.001, 0.0486127, 0.0524339, 0.0923743, 0.0943918, 0.202464, 0.212901, 0.245149, 0.678071, 1, 

Generation #32
24,2,0.001, 0.038844, 0.0838687, 0.115207, 0.134832, 0.145456, 0.147389, 0.211729, 0.719181, 0.216619, 0.342289, 0.71647, 0.738601, 0.783201, 0.9656, 1, 

22,3,0.001, 0.0486127, 0.0524339, 0.0923743, 0.0943918, 0.202464, 0.358626, 0.293537, 0.649259, 0.678071, 1, 

27,1,0.001, 0.0494627, 0.0503935, 0.0886144, 0.117242, 0.128211, 0.17601, 0.187942, 0.211938, 0.363885, 0.438132, 0.480036, 0.502753, 0.598351, 0.740366, 0.749528, 0.775288, 0.824237, 0.859184, 0.0440782, 0.994576, 1, 

17,4,0.001, 0.0486127, 0.0524339, 0.0923743, 0.0943918, 0.202464, 0.212901, 0.245149, 0.678071, 1, 

Generation #33
24,2,0.001, 0.038844, 0.0838687, 0.115207, 0.134832, 0.145456, 0.147389, 0.211729, 0.719181, 0.216619, 0.342289, 0.71647, 0.738601, 0.783201, 0.9656, 1, 

22,3,0.001, 0.0486127, 0.0524339, 0.0923743, 0.0943918, 0.202464, 0.358626, 0.293537, 0.649259, 0.678071, 1, 

27,1,0.001, 0.0494627, 0.0503935, 0.0886144, 0.117242, 0.128211, 0.17601, 0.187942, 0.211938, 0.363885, 0.438132, 0.480036, 0.502753, 0.598351, 0.740366, 0.749528, 0.775288, 0.824237, 0.859184, 0.0440782, 0.994576, 1, 

17,4,0.001, 0.0486127, 0.0524339, 0.0923743, 0.0943918, 0.202464, 0.212901, 0.245149, 0.678071, 1, 

Generation #34
24,2,0.001, 0.038844, 0.0838687, 0.115207, 0.134832, 0.145456, 0.147389, 0.211729, 0.719181, 0.216619, 0.342289, 0.71647, 0.738601, 0.783201, 0.9656, 1, 

22,3,0.001, 0.0486127, 0.0524339, 0.0923743, 0.0943918, 0.202464, 0.358626, 0.293537, 0.649259, 0.678071, 1, 

27,1,0.001, 0.0494627, 0.0503935, 0.0886144, 0.117242, 0.128211, 0.17601, 0.187942, 0.211938, 0.363885, 0.438132, 0.480036, 0.502753, 0.598351, 0.740366, 0.749528, 0.775288, 0.824237, 0.859184, 0.0440782, 0.994576, 1, 

17,4,0.001, 0.0486127, 0.0524339, 0.0923743, 0.0943918, 0.202464, 0.212901, 0.245149, 0.678071, 1, 

Generation #35
24,2,0.001, 0.038844, 0.0838687, 0.115207, 0.134832, 0.145456, 0.147389, 0.211729, 0.719181, 0.216619, 0.342289, 0.71647, 0.738601, 0.783201, 0.9656, 1, 

22,3,0.001, 0.0486127, 0.0524339, 0.0923743, 0.0943918, 0.202464, 0.358626, 0.293537, 0.649259, 0.678071, 1, 

27,1,0.001, 0.0494627, 0.0503935, 0.0886144, 0.117242, 0.128211, 0.17601, 0.187942, 0.211938, 0.363885, 0.438132, 0.480036, 0.502753, 0.598351, 0.740366, 0.749528, 0.775288, 0.824237, 0.859184, 0.0440782, 0.994576, 1, 

17,4,0.001, 0.0486127, 0.0524339, 0.0923743, 0.0943918, 0.202464, 0.212901, 0.245149, 0.678071, 1, 

Generation #36
24,2,0.001, 0.038844, 0.0838687, 0.115207, 0.134832, 0.145456, 0.147389, 0.211729, 0.719181, 0.216619, 0.342289, 0.71647, 0.738601, 0.783201, 0.9656, 1, 

22,3,0.001, 0.0486127, 0.0524339, 0.0923743, 0.0943918, 0.202464, 0.358626, 0.293537, 0.649259, 0.678071, 1, 

27,1,0.001, 0.0494627, 0.0503935, 0.0886144, 0.117242, 0.128211, 0.17601, 0.187942, 0.211938, 0.363885, 0.438132, 0.480036, 0.502753, 0.598351, 0.740366, 0.749528, 0.775288, 0.824237, 0.859184, 0.0440782, 0.994576, 1, 

17,4,0.001, 0.0486127, 0.0524339, 0.0923743, 0.0943918, 0.202464, 0.212901, 0.245149, 0.678071, 1, 

Generation #37
24,2,0.001, 0.038844, 0.0838687, 0.115207, 0.134832, 0.145456, 0.147389, 0.211729, 0.719181, 0.216619, 0.342289, 0.71647, 0.738601, 0.783201, 0.9656, 1, 

22,3,0.001, 0.0486127, 0.0524339, 0.0923743, 0.0943918, 0.202464, 0.358626, 0.293537, 0.649259, 0.678071, 1, 

27,1,0.001, 0.0494627, 0.0503935, 0.0886144, 0.117242, 0.128211, 0.17601, 0.187942, 0.211938, 0.363885, 0.438132, 0.480036, 0.502753, 0.598351, 0.740366, 0.749528, 0.775288, 0.824237, 0.859184, 0.0440782, 0.994576, 1, 

17,4,0.001, 0.0486127, 0.0524339, 0.0923743, 0.0943918, 0.202464, 0.212901, 0.245149, 0.678071, 1, 

Generation #38
24,2,0.001, 0.038844, 0.0838687, 0.115207, 0.134832, 0.145456, 0.147389, 0.211729, 0.719181, 0.216619, 0.342289, 0.71647, 0.738601, 0.783201, 0.9656, 1, 

22,3,0.001, 0.0486127, 0.0524339, 0.0923743, 0.0943918, 0.202464, 0.358626, 0.293537, 0.649259, 0.678071, 1, 

27,1,0.001, 0.0494627, 0.0503935, 0.0886144, 0.117242, 0.128211, 0.17601, 0.187942, 0.211938, 0.363885, 0.438132, 0.480036, 0.502753, 0.598351, 0.740366, 0.749528, 0.775288, 0.824237, 0.859184, 0.0440782, 0.994576, 1, 

17,4,0.001, 0.0486127, 0.0524339, 0.0923743, 0.0943918, 0.202464, 0.212901, 0.245149, 0.678071, 1, 

Generation #39
24,2,0.001, 0.038844, 0.0838687, 0.115207, 0.134832, 0.145456, 0.147389, 0.211729, 0.719181, 0.216619, 0.342289, 0.71647, 0.738601, 0.783201, 0.9656, 1, 

22,3,0.001, 0.0486127, 0.0524339, 0.0923743, 0.0943918, 0.202464, 0.358626, 0.293537, 0.649259, 0.678071, 1, 

27,1,0.001, 0.0494627, 0.0503935, 0.0886144, 0.117242, 0.128211, 0.17601, 0.187942, 0.211938, 0.363885, 0.438132, 0.480036, 0.502753, 0.598351, 0.740366, 0.749528, 0.775288, 0.824237, 0.859184, 0.0440782, 0.994576, 1, 

17,4,0.001, 0.0486127, 0.0524339, 0.0923743, 0.0943918, 0.202464, 0.212901, 0.245149, 0.678071, 1, 

Generation #40
24,2,0.001, 0.038844, 0.0838687, 0.115207, 0.134832, 0.145456, 0.147389, 0.211729, 0.719181, 0.216619, 0.342289, 0.71647, 0.738601, 0.783201, 0.9656, 1, 

22,3,0.001, 0.0486127, 0.0524339, 0.0923743, 0.0943918, 0.202464, 0.358626, 0.293537, 0.649259, 0.678071, 1, 

27,1,0.001, 0.0494627, 0.0503935, 0.0886144, 0.117242, 0.128211, 0.17601, 0.187942, 0.211938, 0.363885, 0.438132, 0.480036, 0.502753, 0.598351, 0.740366, 0.749528, 0.775288, 0.824237, 0.859184, 0.0440782, 0.994576, 1, 

17,4,0.001, 0.0486127, 0.0524339, 0.0923743, 0.0943918, 0.202464, 0.212901, 0.245149, 0.678071, 1, 

Generation #41
24,2,0.001, 0.038844, 0.0838687, 0.115207, 0.134832, 0.145456, 0.147389, 0.211729, 0.719181, 0.216619, 0.342289, 0.71647, 0.738601, 0.783201, 0.9656, 1, 

27,1,0.001, 0.0494627, 0.0503935, 0.0886144, 0.117242, 0.128211, 0.17601, 0.187942, 0.211938, 0.363885, 0.438132, 0.480036, 0.502753, 0.598351, 0.740366, 0.749528, 0.775288, 0.824237, 0.859184, 0.0440782, 0.994576, 1, 

17,4,0.001, 0.0486127, 0.0524339, 0.0923743, 0.0943918, 0.202464, 0.212901, 0.245149, 0.678071, 1, 

19,3,0.001, 0.113937, 0.129408, 0.173581, 0.184542, 0.301767, 0.212901, 0.245149, 0.678071, 1, 

Generation #42
24,2,0.001, 0.038844, 0.0838687, 0.115207, 0.134832, 0.145456, 0.147389, 0.211729, 0.719181, 0.216619, 0.342289, 0.71647, 0.738601, 0.783201, 0.9656, 1, 

27,1,0.001, 0.0494627, 0.0503935, 0.0886144, 0.117242, 0.128211, 0.17601, 0.187942, 0.211938, 0.363885, 0.438132, 0.480036, 0.502753, 0.598351, 0.740366, 0.749528, 0.775288, 0.824237, 0.859184, 0.0440782, 0.994576, 1, 

17,4,0.001, 0.0486127, 0.0524339, 0.0923743, 0.0943918, 0.202464, 0.212901, 0.245149, 0.678071, 1, 

19,3,0.001, 0.113937, 0.129408, 0.173581, 0.184542, 0.301767, 0.212901, 0.245149, 0.678071, 1, 

Generation #43
24,2,0.001, 0.038844, 0.0838687, 0.115207, 0.134832, 0.145456, 0.147389, 0.211729, 0.719181, 0.216619, 0.342289, 0.71647, 0.738601, 0.783201, 0.9656, 1, 

27,1,0.001, 0.0494627, 0.0503935, 0.0886144, 0.117242, 0.128211, 0.17601, 0.187942, 0.211938, 0.363885, 0.438132, 0.480036, 0.502753, 0.598351, 0.740366, 0.749528, 0.775288, 0.824237, 0.859184, 0.0440782, 0.994576, 1, 

17,4,0.001, 0.0486127, 0.0524339, 0.0923743, 0.0943918, 0.202464, 0.212901, 0.245149, 0.678071, 1, 

19,3,0.001, 0.113937, 0.129408, 0.173581, 0.184542, 0.301767, 0.212901, 0.245149, 0.678071, 1, 

Generation #44
24,2,0.001, 0.038844, 0.0838687, 0.115207, 0.134832, 0.145456, 0.147389, 0.211729, 0.719181, 0.216619, 0.342289, 0.71647, 0.738601, 0.783201, 0.9656, 1, 

27,1,0.001, 0.0494627, 0.0503935, 0.0886144, 0.117242, 0.128211, 0.17601, 0.187942, 0.211938, 0.363885, 0.438132, 0.480036, 0.502753, 0.598351, 0.740366, 0.749528, 0.775288, 0.824237, 0.859184, 0.0440782, 0.994576, 1, 

17,4,0.001, 0.0486127, 0.0524339, 0.0923743, 0.0943918, 0.202464, 0.212901, 0.245149, 0.678071, 1, 

19,3,0.001, 0.113937, 0.129408, 0.173581, 0.184542, 0.301767, 0.212901, 0.245149, 0.678071, 1, 

Generation #45
24,2,0.001, 0.038844, 0.0838687, 0.115207, 0.134832, 0.145456, 0.147389, 0.211729, 0.719181, 0.216619, 0.342289, 0.71647, 0.738601, 0.783201, 0.9656, 1, 

27,1,0.001, 0.0494627, 0.0503935, 0.0886144, 0.117242, 0.128211, 0.17601, 0.187942, 0.211938, 0.363885, 0.438132, 0.480036, 0.502753, 0.598351, 0.740366, 0.749528, 0.775288, 0.824237, 0.859184, 0.0440782, 0.994576, 1, 

17,4,0.001, 0.0486127, 0.0524339, 0.0923743, 0.0943918, 0.202464, 0.212901, 0.245149, 0.678071, 1, 

19,3,0.001, 0.113937, 0.129408, 0.173581, 0.184542, 0.301767, 0.212901, 0.245149, 0.678071, 1, 

Generation #46
24,2,0.001, 0.038844, 0.0838687, 0.115207, 0.134832, 0.145456, 0.147389, 0.211729, 0.719181, 0.216619, 0.342289, 0.71647, 0.738601, 0.783201, 0.9656, 1, 

27,1,0.001, 0.0494627, 0.0503935, 0.0886144, 0.117242, 0.128211, 0.17601, 0.187942, 0.211938, 0.363885, 0.438132, 0.480036, 0.502753, 0.598351, 0.740366, 0.749528, 0.775288, 0.824237, 0.859184, 0.0440782, 0.994576, 1, 

17,4,0.001, 0.0486127, 0.0524339, 0.0923743, 0.0943918, 0.202464, 0.212901, 0.245149, 0.678071, 1, 

19,3,0.001, 0.113937, 0.129408, 0.173581, 0.184542, 0.301767, 0.212901, 0.245149, 0.678071, 1, 

Generation #47
24,2,0.001, 0.038844, 0.0838687, 0.115207, 0.134832, 0.145456, 0.147389, 0.211729, 0.719181, 0.216619, 0.342289, 0.71647, 0.738601, 0.783201, 0.9656, 1, 

27,1,0.001, 0.0494627, 0.0503935, 0.0886144, 0.117242, 0.128211, 0.17601, 0.187942, 0.211938, 0.363885, 0.438132, 0.480036, 0.502753, 0.598351, 0.740366, 0.749528, 0.775288, 0.824237, 0.859184, 0.0440782, 0.994576, 1, 

17,4,0.001, 0.0486127, 0.0524339, 0.0923743, 0.0943918, 0.202464, 0.212901, 0.245149, 0.678071, 1, 

19,3,0.001, 0.113937, 0.129408, 0.173581, 0.184542, 0.301767, 0.212901, 0.245149, 0.678071, 1, 

Generation #48
24,2,0.001, 0.038844, 0.0838687, 0.115207, 0.134832, 0.145456, 0.147389, 0.211729, 0.719181, 0.216619, 0.342289, 0.71647, 0.738601, 0.783201, 0.9656, 1, 

27,1,0.001, 0.0494627, 0.0503935, 0.0886144, 0.117242, 0.128211, 0.17601, 0.187942, 0.211938, 0.363885, 0.438132, 0.480036, 0.502753, 0.598351, 0.740366, 0.749528, 0.775288, 0.824237, 0.859184, 0.0440782, 0.994576, 1, 

17,4,0.001, 0.0486127, 0.0524339, 0.0923743, 0.0943918, 0.202464, 0.212901, 0.245149, 0.678071, 1, 

19,3,0.001, 0.113937, 0.129408, 0.173581, 0.184542, 0.301767, 0.212901, 0.245149, 0.678071, 1, 

Generation #49
24,2,0.001, 0.038844, 0.0838687, 0.115207, 0.134832, 0.145456, 0.147389, 0.211729, 0.719181, 0.216619, 0.342289, 0.71647, 0.738601, 0.783201, 0.9656, 1, 

27,1,0.001, 0.0494627, 0.0503935, 0.0886144, 0.117242, 0.128211, 0.17601, 0.187942, 0.211938, 0.363885, 0.438132, 0.480036, 0.502753, 0.598351, 0.740366, 0.749528, 0.775288, 0.824237, 0.859184, 0.0440782, 0.994576, 1, 

17,4,0.001, 0.0486127, 0.0524339, 0.0923743, 0.0943918, 0.202464, 0.212901, 0.245149, 0.678071, 1, 

19,3,0.001, 0.113937, 0.129408, 0.173581, 0.184542, 0.301767, 0.212901, 0.245149, 0.678071, 1, 

--- Pareto Front Solutions ---
Solution 0: N total=80 (N_initial=56, N_added=24), Time total=5 ms, Saved to: ./results/SPINS_t2_l3_pareto_0.csv, percents=0.001, 0.038844, 0.0838687, 0.115207, 0.134832, 0.145456, 0.147389, 0.211729, 0.719181, 0.216619, 0.342289, 0.71647, 0.738601, 0.783201, 0.9656, 1, 

Solution 1: N total=83 (N_initial=56, N_added=27), Time total=4 ms, Saved to: ./results/SPINS_t2_l3_pareto_1.csv, percents=0.001, 0.0494627, 0.0503935, 0.0886144, 0.117242, 0.128211, 0.17601, 0.187942, 0.211938, 0.363885, 0.438132, 0.480036, 0.502753, 0.598351, 0.740366, 0.749528, 0.775288, 0.824237, 0.859184, 0.0440782, 0.994576, 1, 

Solution 2: N total=73 (N_initial=56, N_added=17), Time total=7 ms, Saved to: ./results/SPINS_t2_l3_pareto_2.csv, percents=0.001, 0.0486127, 0.0524339, 0.0923743, 0.0943918, 0.202464, 0.212901, 0.245149, 0.678071, 1, 

Solution 3: N total=75 (N_initial=56, N_added=19), Time total=6 ms, Saved to: ./results/SPINS_t2_l3_pareto_3.csv, percents=0.001, 0.113937, 0.129408, 0.173581, 0.184542, 0.301767, 0.212901, 0.245149, 0.678071, 1, 

------------d=1, t=2, lambda=4, filename=./evaluation/SPINS/SPINS_2_4.csv------------
Computing partitioned counts of d-sets...
Ready to look at pairs based on partitioned counts...
First Stage N=64, Time=3
There are 14 remaining non-locating pairs
Running GA with std::execution::par
Generation #0
53,11,0.001, 0.0298012, 0.0981513, 0.102332, 0.159864, 0.193993, 0.218907, 0.233341, 0.299554, 0.356599, 0.384093, 0.419509, 0.498472, 0.514615, 0.517326, 0.549607, 0.562511, 0.605755, 0.613135, 0.615236, 0.674214, 0.676585, 0.699884, 0.706265, 0.747675, 0.783673, 0.79867, 0.799468, 0.902597, 0.986043, 1, 

32,19,0.001, 0.0727788, 0.153839, 0.222544, 0.224369, 0.23111, 0.364227, 0.462296, 0.600136, 0.609765, 0.81686, 1, 

36,12,0.001, 0.0548821, 0.0774364, 0.170968, 0.172584, 0.220579, 0.310971, 0.348689, 0.368902, 0.612915, 0.613305, 0.777215, 0.808433, 0.900097, 1, 

Generation #1
32,19,0.001, 0.0727788, 0.153839, 0.222544, 0.224369, 0.23111, 0.364227, 0.462296, 0.600136, 0.609765, 0.81686, 1, 

36,12,0.001, 0.0548821, 0.0774364, 0.170968, 0.172584, 0.220579, 0.310971, 0.348689, 0.368902, 0.612915, 0.613305, 0.777215, 0.808433, 0.900097, 1, 

42,8,0.001, 0.0955182, 0.204672, 0.246682, 0.270898, 0.316769, 0.319002, 0.486161, 0.520198, 0.580077, 0.608917, 0.65884, 0.724038, 0.760268, 0.767152, 0.721972, 0.820988, 0.823131, 0.865011, 0.878527, 0.880847, 0.920148, 1, 

Generation #2
42,8,0.001, 0.0955182, 0.204672, 0.246682, 0.270898, 0.316769, 0.319002, 0.486161, 0.520198, 0.580077, 0.608917, 0.65884, 0.724038, 0.760268, 0.767152, 0.721972, 0.820988, 0.823131, 0.865011, 0.878527, 0.880847, 0.920148, 1, 

30,10,0.001, 0.0142945, 0.0923774, 0.109588, 0.114405, 0.167162, 0.202596, 0.600635, 0.645028, 0.708369, 1, 

Generation #3
42,8,0.001, 0.0955182, 0.204672, 0.246682, 0.270898, 0.316769, 0.319002, 0.486161, 0.520198, 0.580077, 0.608917, 0.65884, 0.724038, 0.760268, 0.767152, 0.721972, 0.820988, 0.823131, 0.865011, 0.878527, 0.880847, 0.920148, 1, 

30,10,0.001, 0.0142945, 0.0923774, 0.109588, 0.114405, 0.167162, 0.202596, 0.600635, 0.645028, 0.708369, 1, 

44,6,0.001, 0.0715449, 0.0443704, 0.15861, 0.162906, 0.229424, 0.282843, 0.397326, 0.330087, 0.339325, 0.367994, 0.418557, 0.483388, 0.518098, 0.518382, 0.523759, 0.533163, 0.572871, 0.761174, 0.765249, 0.824274, 0.856557, 0.896447, 0.923278, 0.941299, 0.95859, 1, 

Generation #4
42,8,0.001, 0.0955182, 0.204672, 0.246682, 0.270898, 0.316769, 0.319002, 0.486161, 0.520198, 0.580077, 0.608917, 0.65884, 0.724038, 0.760268, 0.767152, 0.721972, 0.820988, 0.823131, 0.865011, 0.878527, 0.880847, 0.920148, 1, 

30,10,0.001, 0.0142945, 0.0923774, 0.109588, 0.114405, 0.167162, 0.202596, 0.600635, 0.645028, 0.708369, 1, 

44,6,0.001, 0.0715449, 0.0443704, 0.15861, 0.162906, 0.229424, 0.282843, 0.397326, 0.330087, 0.339325, 0.367994, 0.418557, 0.483388, 0.518098, 0.518382, 0.523759, 0.533163, 0.572871, 0.761174, 0.765249, 0.824274, 0.856557, 0.896447, 0.923278, 0.941299, 0.95859, 1, 

Generation #5
42,8,0.001, 0.0955182, 0.204672, 0.246682, 0.270898, 0.316769, 0.319002, 0.486161, 0.520198, 0.580077, 0.608917, 0.65884, 0.724038, 0.760268, 0.767152, 0.721972, 0.820988, 0.823131, 0.865011, 0.878527, 0.880847, 0.920148, 1, 

30,10,0.001, 0.0142945, 0.0923774, 0.109588, 0.114405, 0.167162, 0.202596, 0.600635, 0.645028, 0.708369, 1, 

44,6,0.001, 0.0715449, 0.0443704, 0.15861, 0.162906, 0.229424, 0.282843, 0.397326, 0.330087, 0.339325, 0.367994, 0.418557, 0.483388, 0.518098, 0.518382, 0.523759, 0.533163, 0.572871, 0.761174, 0.765249, 0.824274, 0.856557, 0.896447, 0.923278, 0.941299, 0.95859, 1, 

29,34,0.001, 0.406125, 0.0443704, 0.15861, 0.162906, 0.229424, 0.282843, 0.397326, 0.330087, 0.708369, 1, 

Generation #6
42,8,0.001, 0.0955182, 0.204672, 0.246682, 0.270898, 0.316769, 0.319002, 0.486161, 0.520198, 0.580077, 0.608917, 0.65884, 0.724038, 0.760268, 0.767152, 0.721972, 0.820988, 0.823131, 0.865011, 0.878527, 0.880847, 0.920148, 1, 

30,10,0.001, 0.0142945, 0.0923774, 0.109588, 0.114405, 0.167162, 0.202596, 0.600635, 0.645028, 0.708369, 1, 

44,6,0.001, 0.0715449, 0.0443704, 0.15861, 0.162906, 0.229424, 0.282843, 0.397326, 0.330087, 0.339325, 0.367994, 0.418557, 0.483388, 0.518098, 0.518382, 0.523759, 0.533163, 0.572871, 0.761174, 0.765249, 0.824274, 0.856557, 0.896447, 0.923278, 0.941299, 0.95859, 1, 

29,34,0.001, 0.406125, 0.0443704, 0.15861, 0.162906, 0.229424, 0.282843, 0.397326, 0.330087, 0.708369, 1, 

Generation #7
42,8,0.001, 0.0955182, 0.204672, 0.246682, 0.270898, 0.316769, 0.319002, 0.486161, 0.520198, 0.580077, 0.608917, 0.65884, 0.724038, 0.760268, 0.767152, 0.721972, 0.820988, 0.823131, 0.865011, 0.878527, 0.880847, 0.920148, 1, 

30,10,0.001, 0.0142945, 0.0923774, 0.109588, 0.114405, 0.167162, 0.202596, 0.600635, 0.645028, 0.708369, 1, 

44,6,0.001, 0.0715449, 0.0443704, 0.15861, 0.162906, 0.229424, 0.282843, 0.397326, 0.330087, 0.339325, 0.367994, 0.418557, 0.483388, 0.518098, 0.518382, 0.523759, 0.533163, 0.572871, 0.761174, 0.765249, 0.824274, 0.856557, 0.896447, 0.923278, 0.941299, 0.95859, 1, 

29,34,0.001, 0.406125, 0.0443704, 0.15861, 0.162906, 0.229424, 0.282843, 0.397326, 0.330087, 0.708369, 1, 

Generation #8
42,8,0.001, 0.0955182, 0.204672, 0.246682, 0.270898, 0.316769, 0.319002, 0.486161, 0.520198, 0.580077, 0.608917, 0.65884, 0.724038, 0.760268, 0.767152, 0.721972, 0.820988, 0.823131, 0.865011, 0.878527, 0.880847, 0.920148, 1, 

30,10,0.001, 0.0142945, 0.0923774, 0.109588, 0.114405, 0.167162, 0.202596, 0.600635, 0.645028, 0.708369, 1, 

44,6,0.001, 0.0715449, 0.0443704, 0.15861, 0.162906, 0.229424, 0.282843, 0.397326, 0.330087, 0.339325, 0.367994, 0.418557, 0.483388, 0.518098, 0.518382, 0.523759, 0.533163, 0.572871, 0.761174, 0.765249, 0.824274, 0.856557, 0.896447, 0.923278, 0.941299, 0.95859, 1, 

29,34,0.001, 0.406125, 0.0443704, 0.15861, 0.162906, 0.229424, 0.282843, 0.397326, 0.330087, 0.708369, 1, 

Generation #9
42,8,0.001, 0.0955182, 0.204672, 0.246682, 0.270898, 0.316769, 0.319002, 0.486161, 0.520198, 0.580077, 0.608917, 0.65884, 0.724038, 0.760268, 0.767152, 0.721972, 0.820988, 0.823131, 0.865011, 0.878527, 0.880847, 0.920148, 1, 

30,10,0.001, 0.0142945, 0.0923774, 0.109588, 0.114405, 0.167162, 0.202596, 0.600635, 0.645028, 0.708369, 1, 

44,6,0.001, 0.0715449, 0.0443704, 0.15861, 0.162906, 0.229424, 0.282843, 0.397326, 0.330087, 0.339325, 0.367994, 0.418557, 0.483388, 0.518098, 0.518382, 0.523759, 0.533163, 0.572871, 0.761174, 0.765249, 0.824274, 0.856557, 0.896447, 0.923278, 0.941299, 0.95859, 1, 

29,34,0.001, 0.406125, 0.0443704, 0.15861, 0.162906, 0.229424, 0.282843, 0.397326, 0.330087, 0.708369, 1, 

Generation #10
42,8,0.001, 0.0955182, 0.204672, 0.246682, 0.270898, 0.316769, 0.319002, 0.486161, 0.520198, 0.580077, 0.608917, 0.65884, 0.724038, 0.760268, 0.767152, 0.721972, 0.820988, 0.823131, 0.865011, 0.878527, 0.880847, 0.920148, 1, 

30,10,0.001, 0.0142945, 0.0923774, 0.109588, 0.114405, 0.167162, 0.202596, 0.600635, 0.645028, 0.708369, 1, 

44,6,0.001, 0.0715449, 0.0443704, 0.15861, 0.162906, 0.229424, 0.282843, 0.397326, 0.330087, 0.339325, 0.367994, 0.418557, 0.483388, 0.518098, 0.518382, 0.523759, 0.533163, 0.572871, 0.761174, 0.765249, 0.824274, 0.856557, 0.896447, 0.923278, 0.941299, 0.95859, 1, 

29,34,0.001, 0.406125, 0.0443704, 0.15861, 0.162906, 0.229424, 0.282843, 0.397326, 0.330087, 0.708369, 1, 

Generation #11
42,8,0.001, 0.0955182, 0.204672, 0.246682, 0.270898, 0.316769, 0.319002, 0.486161, 0.520198, 0.580077, 0.608917, 0.65884, 0.724038, 0.760268, 0.767152, 0.721972, 0.820988, 0.823131, 0.865011, 0.878527, 0.880847, 0.920148, 1, 

30,10,0.001, 0.0142945, 0.0923774, 0.109588, 0.114405, 0.167162, 0.202596, 0.600635, 0.645028, 0.708369, 1, 

44,6,0.001, 0.0715449, 0.0443704, 0.15861, 0.162906, 0.229424, 0.282843, 0.397326, 0.330087, 0.339325, 0.367994, 0.418557, 0.483388, 0.518098, 0.518382, 0.523759, 0.533163, 0.572871, 0.761174, 0.765249, 0.824274, 0.856557, 0.896447, 0.923278, 0.941299, 0.95859, 1, 

29,34,0.001, 0.406125, 0.0443704, 0.15861, 0.162906, 0.229424, 0.282843, 0.397326, 0.330087, 0.708369, 1, 

Generation #12
42,8,0.001, 0.0955182, 0.204672, 0.246682, 0.270898, 0.316769, 0.319002, 0.486161, 0.520198, 0.580077, 0.608917, 0.65884, 0.724038, 0.760268, 0.767152, 0.721972, 0.820988, 0.823131, 0.865011, 0.878527, 0.880847, 0.920148, 1, 

30,10,0.001, 0.0142945, 0.0923774, 0.109588, 0.114405, 0.167162, 0.202596, 0.600635, 0.645028, 0.708369, 1, 

44,6,0.001, 0.0715449, 0.0443704, 0.15861, 0.162906, 0.229424, 0.282843, 0.397326, 0.330087, 0.339325, 0.367994, 0.418557, 0.483388, 0.518098, 0.518382, 0.523759, 0.533163, 0.572871, 0.761174, 0.765249, 0.824274, 0.856557, 0.896447, 0.923278, 0.941299, 0.95859, 1, 

29,34,0.001, 0.406125, 0.0443704, 0.15861, 0.162906, 0.229424, 0.282843, 0.397326, 0.330087, 0.708369, 1, 

Generation #13
42,8,0.001, 0.0955182, 0.204672, 0.246682, 0.270898, 0.316769, 0.319002, 0.486161, 0.520198, 0.580077, 0.608917, 0.65884, 0.724038, 0.760268, 0.767152, 0.721972, 0.820988, 0.823131, 0.865011, 0.878527, 0.880847, 0.920148, 1, 

30,10,0.001, 0.0142945, 0.0923774, 0.109588, 0.114405, 0.167162, 0.202596, 0.600635, 0.645028, 0.708369, 1, 

44,6,0.001, 0.0715449, 0.0443704, 0.15861, 0.162906, 0.229424, 0.282843, 0.397326, 0.330087, 0.339325, 0.367994, 0.418557, 0.483388, 0.518098, 0.518382, 0.523759, 0.533163, 0.572871, 0.761174, 0.765249, 0.824274, 0.856557, 0.896447, 0.923278, 0.941299, 0.95859, 1, 

29,34,0.001, 0.406125, 0.0443704, 0.15861, 0.162906, 0.229424, 0.282843, 0.397326, 0.330087, 0.708369, 1, 

Generation #14
42,8,0.001, 0.0955182, 0.204672, 0.246682, 0.270898, 0.316769, 0.319002, 0.486161, 0.520198, 0.580077, 0.608917, 0.65884, 0.724038, 0.760268, 0.767152, 0.721972, 0.820988, 0.823131, 0.865011, 0.878527, 0.880847, 0.920148, 1, 

30,10,0.001, 0.0142945, 0.0923774, 0.109588, 0.114405, 0.167162, 0.202596, 0.600635, 0.645028, 0.708369, 1, 

44,6,0.001, 0.0715449, 0.0443704, 0.15861, 0.162906, 0.229424, 0.282843, 0.397326, 0.330087, 0.339325, 0.367994, 0.418557, 0.483388, 0.518098, 0.518382, 0.523759, 0.533163, 0.572871, 0.761174, 0.765249, 0.824274, 0.856557, 0.896447, 0.923278, 0.941299, 0.95859, 1, 

29,34,0.001, 0.406125, 0.0443704, 0.15861, 0.162906, 0.229424, 0.282843, 0.397326, 0.330087, 0.708369, 1, 

Generation #15
42,8,0.001, 0.0955182, 0.204672, 0.246682, 0.270898, 0.316769, 0.319002, 0.486161, 0.520198, 0.580077, 0.608917, 0.65884, 0.724038, 0.760268, 0.767152, 0.721972, 0.820988, 0.823131, 0.865011, 0.878527, 0.880847, 0.920148, 1, 

30,10,0.001, 0.0142945, 0.0923774, 0.109588, 0.114405, 0.167162, 0.202596, 0.600635, 0.645028, 0.708369, 1, 

44,6,0.001, 0.0715449, 0.0443704, 0.15861, 0.162906, 0.229424, 0.282843, 0.397326, 0.330087, 0.339325, 0.367994, 0.418557, 0.483388, 0.518098, 0.518382, 0.523759, 0.533163, 0.572871, 0.761174, 0.765249, 0.824274, 0.856557, 0.896447, 0.923278, 0.941299, 0.95859, 1, 

29,34,0.001, 0.406125, 0.0443704, 0.15861, 0.162906, 0.229424, 0.282843, 0.397326, 0.330087, 0.708369, 1, 

32,9,0.0727788, 0.0425689, 0.14334, 0.202987, 0.206104, 0.248669, 0.288738, 0.464205, 0.467615, 0.708369, 1, 

Generation #16
42,8,0.001, 0.0955182, 0.204672, 0.246682, 0.270898, 0.316769, 0.319002, 0.486161, 0.520198, 0.580077, 0.608917, 0.65884, 0.724038, 0.760268, 0.767152, 0.721972, 0.820988, 0.823131, 0.865011, 0.878527, 0.880847, 0.920148, 1, 

30,10,0.001, 0.0142945, 0.0923774, 0.109588, 0.114405, 0.167162, 0.202596, 0.600635, 0.645028, 0.708369, 1, 

44,6,0.001, 0.0715449, 0.0443704, 0.15861, 0.162906, 0.229424, 0.282843, 0.397326, 0.330087, 0.339325, 0.367994, 0.418557, 0.483388, 0.518098, 0.518382, 0.523759, 0.533163, 0.572871, 0.761174, 0.765249, 0.824274, 0.856557, 0.896447, 0.923278, 0.941299, 0.95859, 1, 

29,34,0.001, 0.406125, 0.0443704, 0.15861, 0.162906, 0.229424, 0.282843, 0.397326, 0.330087, 0.708369, 1, 

32,9,0.0727788, 0.0425689, 0.14334, 0.202987, 0.206104, 0.248669, 0.288738, 0.464205, 0.467615, 0.708369, 1, 

Generation #17
42,8,0.001, 0.0955182, 0.204672, 0.246682, 0.270898, 0.316769, 0.319002, 0.486161, 0.520198, 0.580077, 0.608917, 0.65884, 0.724038, 0.760268, 0.767152, 0.721972, 0.820988, 0.823131, 0.865011, 0.878527, 0.880847, 0.920148, 1, 

30,10,0.001, 0.0142945, 0.0923774, 0.109588, 0.114405, 0.167162, 0.202596, 0.600635, 0.645028, 0.708369, 1, 

44,6,0.001, 0.0715449, 0.0443704, 0.15861, 0.162906, 0.229424, 0.282843, 0.397326, 0.330087, 0.339325, 0.367994, 0.418557, 0.483388, 0.518098, 0.518382, 0.523759, 0.533163, 0.572871, 0.761174, 0.765249, 0.824274, 0.856557, 0.896447, 0.923278, 0.941299, 0.95859, 1, 

32,9,0.0727788, 0.0425689, 0.14334, 0.202987, 0.206104, 0.248669, 0.288738, 0.464205, 0.467615, 0.708369, 1, 

28,12,0.001, 0.0715449, 0.0919501, 0.114142, 0.233038, 0.260678, 0.312509, 0.399508, 0.645028, 0.708369, 1, 

Generation #18
42,8,0.001, 0.0955182, 0.204672, 0.246682, 0.270898, 0.316769, 0.319002, 0.486161, 0.520198, 0.580077, 0.608917, 0.65884, 0.724038, 0.760268, 0.767152, 0.721972, 0.820988, 0.823131, 0.865011, 0.878527, 0.880847, 0.920148, 1, 

30,10,0.001, 0.0142945, 0.0923774, 0.109588, 0.114405, 0.167162, 0.202596, 0.600635, 0.645028, 0.708369, 1, 

44,6,0.001, 0.0715449, 0.0443704, 0.15861, 0.162906, 0.229424, 0.282843, 0.397326, 0.330087, 0.339325, 0.367994, 0.418557, 0.483388, 0.518098, 0.518382, 0.523759, 0.533163, 0.572871, 0.761174, 0.765249, 0.824274, 0.856557, 0.896447, 0.923278, 0.941299, 0.95859, 1, 

32,9,0.0727788, 0.0425689, 0.14334, 0.202987, 0.206104, 0.248669, 0.288738, 0.464205, 0.467615, 0.708369, 1, 

28,12,0.001, 0.0715449, 0.0919501, 0.114142, 0.233038, 0.260678, 0.312509, 0.399508, 0.645028, 0.708369, 1, 

Generation #19
42,8,0.001, 0.0955182, 0.204672, 0.246682, 0.270898, 0.316769, 0.319002, 0.486161, 0.520198, 0.580077, 0.608917, 0.65884, 0.724038, 0.760268, 0.767152, 0.721972, 0.820988, 0.823131, 0.865011, 0.878527, 0.880847, 0.920148, 1, 

30,10,0.001, 0.0142945, 0.0923774, 0.109588, 0.114405, 0.167162, 0.202596, 0.600635, 0.645028, 0.708369, 1, 

44,6,0.001, 0.0715449, 0.0443704, 0.15861, 0.162906, 0.229424, 0.282843, 0.397326, 0.330087, 0.339325, 0.367994, 0.418557, 0.483388, 0.518098, 0.518382, 0.523759, 0.533163, 0.572871, 0.761174, 0.765249, 0.824274, 0.856557, 0.896447, 0.923278, 0.941299, 0.95859, 1, 

32,9,0.0727788, 0.0425689, 0.14334, 0.202987, 0.206104, 0.248669, 0.288738, 0.464205, 0.467615, 0.708369, 1, 

28,12,0.001, 0.0715449, 0.0919501, 0.114142, 0.233038, 0.260678, 0.312509, 0.399508, 0.645028, 0.708369, 1, 

Generation #20
42,8,0.001, 0.0955182, 0.204672, 0.246682, 0.270898, 0.316769, 0.319002, 0.486161, 0.520198, 0.580077, 0.608917, 0.65884, 0.724038, 0.760268, 0.767152, 0.721972, 0.820988, 0.823131, 0.865011, 0.878527, 0.880847, 0.920148, 1, 

30,10,0.001, 0.0142945, 0.0923774, 0.109588, 0.114405, 0.167162, 0.202596, 0.600635, 0.645028, 0.708369, 1, 

44,6,0.001, 0.0715449, 0.0443704, 0.15861, 0.162906, 0.229424, 0.282843, 0.397326, 0.330087, 0.339325, 0.367994, 0.418557, 0.483388, 0.518098, 0.518382, 0.523759, 0.533163, 0.572871, 0.761174, 0.765249, 0.824274, 0.856557, 0.896447, 0.923278, 0.941299, 0.95859, 1, 

32,9,0.0727788, 0.0425689, 0.14334, 0.202987, 0.206104, 0.248669, 0.288738, 0.464205, 0.467615, 0.708369, 1, 

28,12,0.001, 0.0715449, 0.0919501, 0.114142, 0.233038, 0.260678, 0.312509, 0.399508, 0.645028, 0.708369, 1, 

Generation #21
30,10,0.001, 0.0142945, 0.0923774, 0.109588, 0.114405, 0.167162, 0.202596, 0.600635, 0.645028, 0.708369, 1, 

44,6,0.001, 0.0715449, 0.0443704, 0.15861, 0.162906, 0.229424, 0.282843, 0.397326, 0.330087, 0.339325, 0.367994, 0.418557, 0.483388, 0.518098, 0.518382, 0.523759, 0.533163, 0.572871, 0.761174, 0.765249, 0.824274, 0.856557, 0.896447, 0.923278, 0.941299, 0.95859, 1, 

28,12,0.001, 0.0715449, 0.0919501, 0.114142, 0.233038, 0.260678, 0.312509, 0.399508, 0.645028, 0.708369, 1, 

31,7,0.001, 0.0316919, 0.0950396, 0.159864, 0.193993, 0.218907, 0.233341, 0.299554, 0.356599, 1, 

Generation #22
30,10,0.001, 0.0142945, 0.0923774, 0.109588, 0.114405, 0.167162, 0.202596, 0.600635, 0.645028, 0.708369, 1, 

44,6,0.001, 0.0715449, 0.0443704, 0.15861, 0.162906, 0.229424, 0.282843, 0.397326, 0.330087, 0.339325, 0.367994, 0.418557, 0.483388, 0.518098, 0.518382, 0.523759, 0.533163, 0.572871, 0.761174, 0.765249, 0.824274, 0.856557, 0.896447, 0.923278, 0.941299, 0.95859, 1, 

28,12,0.001, 0.0715449, 0.0919501, 0.114142, 0.233038, 0.260678, 0.312509, 0.399508, 0.645028, 0.708369, 1, 

31,7,0.001, 0.0316919, 0.0950396, 0.159864, 0.193993, 0.218907, 0.233341, 0.299554, 0.356599, 1, 

Generation #23
30,10,0.001, 0.0142945, 0.0923774, 0.109588, 0.114405, 0.167162, 0.202596, 0.600635, 0.645028, 0.708369, 1, 

44,6,0.001, 0.0715449, 0.0443704, 0.15861, 0.162906, 0.229424, 0.282843, 0.397326, 0.330087, 0.339325, 0.367994, 0.418557, 0.483388, 0.518098, 0.518382, 0.523759, 0.533163, 0.572871, 0.761174, 0.765249, 0.824274, 0.856557, 0.896447, 0.923278, 0.941299, 0.95859, 1, 

28,12,0.001, 0.0715449, 0.0919501, 0.114142, 0.233038, 0.260678, 0.312509, 0.399508, 0.645028, 0.708369, 1, 

31,7,0.001, 0.0316919, 0.0950396, 0.159864, 0.193993, 0.218907, 0.233341, 0.299554, 0.356599, 1, 

Generation #24
30,10,0.001, 0.0142945, 0.0923774, 0.109588, 0.114405, 0.167162, 0.202596, 0.600635, 0.645028, 0.708369, 1, 

44,6,0.001, 0.0715449, 0.0443704, 0.15861, 0.162906, 0.229424, 0.282843, 0.397326, 0.330087, 0.339325, 0.367994, 0.418557, 0.483388, 0.518098, 0.518382, 0.523759, 0.533163, 0.572871, 0.761174, 0.765249, 0.824274, 0.856557, 0.896447, 0.923278, 0.941299, 0.95859, 1, 

28,12,0.001, 0.0715449, 0.0919501, 0.114142, 0.233038, 0.260678, 0.312509, 0.399508, 0.645028, 0.708369, 1, 

31,7,0.001, 0.0316919, 0.0950396, 0.159864, 0.193993, 0.218907, 0.233341, 0.299554, 0.356599, 1, 

Generation #25
30,10,0.001, 0.0142945, 0.0923774, 0.109588, 0.114405, 0.167162, 0.202596, 0.600635, 0.645028, 0.708369, 1, 

44,6,0.001, 0.0715449, 0.0443704, 0.15861, 0.162906, 0.229424, 0.282843, 0.397326, 0.330087, 0.339325, 0.367994, 0.418557, 0.483388, 0.518098, 0.518382, 0.523759, 0.533163, 0.572871, 0.761174, 0.765249, 0.824274, 0.856557, 0.896447, 0.923278, 0.941299, 0.95859, 1, 

28,12,0.001, 0.0715449, 0.0919501, 0.114142, 0.233038, 0.260678, 0.312509, 0.399508, 0.645028, 0.708369, 1, 

31,7,0.001, 0.0316919, 0.0950396, 0.159864, 0.193993, 0.218907, 0.233341, 0.299554, 0.356599, 1, 

Generation #26
30,10,0.001, 0.0142945, 0.0923774, 0.109588, 0.114405, 0.167162, 0.202596, 0.600635, 0.645028, 0.708369, 1, 

44,6,0.001, 0.0715449, 0.0443704, 0.15861, 0.162906, 0.229424, 0.282843, 0.397326, 0.330087, 0.339325, 0.367994, 0.418557, 0.483388, 0.518098, 0.518382, 0.523759, 0.533163, 0.572871, 0.761174, 0.765249, 0.824274, 0.856557, 0.896447, 0.923278, 0.941299, 0.95859, 1, 

28,12,0.001, 0.0715449, 0.0919501, 0.114142, 0.233038, 0.260678, 0.312509, 0.399508, 0.645028, 0.708369, 1, 

31,7,0.001, 0.0316919, 0.0950396, 0.159864, 0.193993, 0.218907, 0.233341, 0.299554, 0.356599, 1, 

Generation #27
30,10,0.001, 0.0142945, 0.0923774, 0.109588, 0.114405, 0.167162, 0.202596, 0.600635, 0.645028, 0.708369, 1, 

44,6,0.001, 0.0715449, 0.0443704, 0.15861, 0.162906, 0.229424, 0.282843, 0.397326, 0.330087, 0.339325, 0.367994, 0.418557, 0.483388, 0.518098, 0.518382, 0.523759, 0.533163, 0.572871, 0.761174, 0.765249, 0.824274, 0.856557, 0.896447, 0.923278, 0.941299, 0.95859, 1, 

28,12,0.001, 0.0715449, 0.0919501, 0.114142, 0.233038, 0.260678, 0.312509, 0.399508, 0.645028, 0.708369, 1, 

31,7,0.001, 0.0316919, 0.0950396, 0.159864, 0.193993, 0.218907, 0.233341, 0.299554, 0.356599, 1, 

Generation #28
30,10,0.001, 0.0142945, 0.0923774, 0.109588, 0.114405, 0.167162, 0.202596, 0.600635, 0.645028, 0.708369, 1, 

44,6,0.001, 0.0715449, 0.0443704, 0.15861, 0.162906, 0.229424, 0.282843, 0.397326, 0.330087, 0.339325, 0.367994, 0.418557, 0.483388, 0.518098, 0.518382, 0.523759, 0.533163, 0.572871, 0.761174, 0.765249, 0.824274, 0.856557, 0.896447, 0.923278, 0.941299, 0.95859, 1, 

28,12,0.001, 0.0715449, 0.0919501, 0.114142, 0.233038, 0.260678, 0.312509, 0.399508, 0.645028, 0.708369, 1, 

31,7,0.001, 0.0316919, 0.0950396, 0.159864, 0.193993, 0.218907, 0.233341, 0.299554, 0.356599, 1, 

Generation #29
30,10,0.001, 0.0142945, 0.0923774, 0.109588, 0.114405, 0.167162, 0.202596, 0.600635, 0.645028, 0.708369, 1, 

44,6,0.001, 0.0715449, 0.0443704, 0.15861, 0.162906, 0.229424, 0.282843, 0.397326, 0.330087, 0.339325, 0.367994, 0.418557, 0.483388, 0.518098, 0.518382, 0.523759, 0.533163, 0.572871, 0.761174, 0.765249, 0.824274, 0.856557, 0.896447, 0.923278, 0.941299, 0.95859, 1, 

28,12,0.001, 0.0715449, 0.0919501, 0.114142, 0.233038, 0.260678, 0.312509, 0.399508, 0.645028, 0.708369, 1, 

31,7,0.001, 0.0316919, 0.0950396, 0.159864, 0.193993, 0.218907, 0.233341, 0.299554, 0.356599, 1, 

Generation #30
30,10,0.001, 0.0142945, 0.0923774, 0.109588, 0.114405, 0.167162, 0.202596, 0.600635, 0.645028, 0.708369, 1, 

44,6,0.001, 0.0715449, 0.0443704, 0.15861, 0.162906, 0.229424, 0.282843, 0.397326, 0.330087, 0.339325, 0.367994, 0.418557, 0.483388, 0.518098, 0.518382, 0.523759, 0.533163, 0.572871, 0.761174, 0.765249, 0.824274, 0.856557, 0.896447, 0.923278, 0.941299, 0.95859, 1, 

28,12,0.001, 0.0715449, 0.0919501, 0.114142, 0.233038, 0.260678, 0.312509, 0.399508, 0.645028, 0.708369, 1, 

31,7,0.001, 0.0316919, 0.0950396, 0.159864, 0.193993, 0.218907, 0.233341, 0.299554, 0.356599, 1, 

Generation #31
30,10,0.001, 0.0142945, 0.0923774, 0.109588, 0.114405, 0.167162, 0.202596, 0.600635, 0.645028, 0.708369, 1, 

44,6,0.001, 0.0715449, 0.0443704, 0.15861, 0.162906, 0.229424, 0.282843, 0.397326, 0.330087, 0.339325, 0.367994, 0.418557, 0.483388, 0.518098, 0.518382, 0.523759, 0.533163, 0.572871, 0.761174, 0.765249, 0.824274, 0.856557, 0.896447, 0.923278, 0.941299, 0.95859, 1, 

28,12,0.001, 0.0715449, 0.0919501, 0.114142, 0.233038, 0.260678, 0.312509, 0.399508, 0.645028, 0.708369, 1, 

31,7,0.001, 0.0316919, 0.0950396, 0.159864, 0.193993, 0.218907, 0.233341, 0.299554, 0.356599, 1, 

Generation #32
30,10,0.001, 0.0142945, 0.0923774, 0.109588, 0.114405, 0.167162, 0.202596, 0.600635, 0.645028, 0.708369, 1, 

44,6,0.001, 0.0715449, 0.0443704, 0.15861, 0.162906, 0.229424, 0.282843, 0.397326, 0.330087, 0.339325, 0.367994, 0.418557, 0.483388, 0.518098, 0.518382, 0.523759, 0.533163, 0.572871, 0.761174, 0.765249, 0.824274, 0.856557, 0.896447, 0.923278, 0.941299, 0.95859, 1, 

28,12,0.001, 0.0715449, 0.0919501, 0.114142, 0.233038, 0.260678, 0.312509, 0.399508, 0.645028, 0.708369, 1, 

31,7,0.001, 0.0316919, 0.0950396, 0.159864, 0.193993, 0.218907, 0.233341, 0.299554, 0.356599, 1, 

Generation #33
30,10,0.001, 0.0142945, 0.0923774, 0.109588, 0.114405, 0.167162, 0.202596, 0.600635, 0.645028, 0.708369, 1, 

44,6,0.001, 0.0715449, 0.0443704, 0.15861, 0.162906, 0.229424, 0.282843, 0.397326, 0.330087, 0.339325, 0.367994, 0.418557, 0.483388, 0.518098, 0.518382, 0.523759, 0.533163, 0.572871, 0.761174, 0.765249, 0.824274, 0.856557, 0.896447, 0.923278, 0.941299, 0.95859, 1, 

28,12,0.001, 0.0715449, 0.0919501, 0.114142, 0.233038, 0.260678, 0.312509, 0.399508, 0.645028, 0.708369, 1, 

31,7,0.001, 0.0316919, 0.0950396, 0.159864, 0.193993, 0.218907, 0.233341, 0.299554, 0.356599, 1, 

Generation #34
44,6,0.001, 0.0715449, 0.0443704, 0.15861, 0.162906, 0.229424, 0.282843, 0.397326, 0.330087, 0.339325, 0.367994, 0.418557, 0.483388, 0.518098, 0.518382, 0.523759, 0.533163, 0.572871, 0.761174, 0.765249, 0.824274, 0.856557, 0.896447, 0.923278, 0.941299, 0.95859, 1, 

28,12,0.001, 0.0715449, 0.0919501, 0.114142, 0.233038, 0.260678, 0.312509, 0.399508, 0.645028, 0.708369, 1, 

31,7,0.001, 0.0316919, 0.0950396, 0.159864, 0.193993, 0.218907, 0.233341, 0.299554, 0.356599, 1, 

30,9,0.001, 0.0548821, 0.0774364, 0.170968, 0.140978, 0.23485, 0.312509, 0.399508, 0.645028, 0.708369, 1, 

Generation #35
44,6,0.001, 0.0715449, 0.0443704, 0.15861, 0.162906, 0.229424, 0.282843, 0.397326, 0.330087, 0.339325, 0.367994, 0.418557, 0.483388, 0.518098, 0.518382, 0.523759, 0.533163, 0.572871, 0.761174, 0.765249, 0.824274, 0.856557, 0.896447, 0.923278, 0.941299, 0.95859, 1, 

28,12,0.001, 0.0715449, 0.0919501, 0.114142, 0.233038, 0.260678, 0.312509, 0.399508, 0.645028, 0.708369, 1, 

31,7,0.001, 0.0316919, 0.0950396, 0.159864, 0.193993, 0.218907, 0.233341, 0.299554, 0.356599, 1, 

30,9,0.001, 0.0548821, 0.0774364, 0.170968, 0.140978, 0.23485, 0.312509, 0.399508, 0.645028, 0.708369, 1, 

Generation #36
44,6,0.001, 0.0715449, 0.0443704, 0.15861, 0.162906, 0.229424, 0.282843, 0.397326, 0.330087, 0.339325, 0.367994, 0.418557, 0.483388, 0.518098, 0.518382, 0.523759, 0.533163, 0.572871, 0.761174, 0.765249, 0.824274, 0.856557, 0.896447, 0.923278, 0.941299, 0.95859, 1, 

28,12,0.001, 0.0715449, 0.0919501, 0.114142, 0.233038, 0.260678, 0.312509, 0.399508, 0.645028, 0.708369, 1, 

29,7,0.0727788, 0.0425689, 0.14334, 0.159864, 0.193993, 0.218907, 0.233341, 0.299554, 0.356599, 1, 

Generation #37
44,6,0.001, 0.0715449, 0.0443704, 0.15861, 0.162906, 0.229424, 0.282843, 0.397326, 0.330087, 0.339325, 0.367994, 0.418557, 0.483388, 0.518098, 0.518382, 0.523759, 0.533163, 0.572871, 0.761174, 0.765249, 0.824274, 0.856557, 0.896447, 0.923278, 0.941299, 0.95859, 1, 

28,12,0.001, 0.0715449, 0.0919501, 0.114142, 0.233038, 0.260678, 0.312509, 0.399508, 0.645028, 0.708369, 1, 

29,7,0.0727788, 0.0425689, 0.14334, 0.159864, 0.193993, 0.218907, 0.233341, 0.299554, 0.356599, 1, 

Generation #38
44,6,0.001, 0.0715449, 0.0443704, 0.15861, 0.162906, 0.229424, 0.282843, 0.397326, 0.330087, 0.339325, 0.367994, 0.418557, 0.483388, 0.518098, 0.518382, 0.523759, 0.533163, 0.572871, 0.761174, 0.765249, 0.824274, 0.856557, 0.896447, 0.923278, 0.941299, 0.95859, 1, 

28,12,0.001, 0.0715449, 0.0919501, 0.114142, 0.233038, 0.260678, 0.312509, 0.399508, 0.645028, 0.708369, 1, 

29,7,0.0727788, 0.0425689, 0.14334, 0.159864, 0.193993, 0.218907, 0.233341, 0.299554, 0.356599, 1, 

Generation #39
44,6,0.001, 0.0715449, 0.0443704, 0.15861, 0.162906, 0.229424, 0.282843, 0.397326, 0.330087, 0.339325, 0.367994, 0.418557, 0.483388, 0.518098, 0.518382, 0.523759, 0.533163, 0.572871, 0.761174, 0.765249, 0.824274, 0.856557, 0.896447, 0.923278, 0.941299, 0.95859, 1, 

28,12,0.001, 0.0715449, 0.0919501, 0.114142, 0.233038, 0.260678, 0.312509, 0.399508, 0.645028, 0.708369, 1, 

29,7,0.0727788, 0.0425689, 0.14334, 0.159864, 0.193993, 0.218907, 0.233341, 0.299554, 0.356599, 1, 

Generation #40
44,6,0.001, 0.0715449, 0.0443704, 0.15861, 0.162906, 0.229424, 0.282843, 0.397326, 0.330087, 0.339325, 0.367994, 0.418557, 0.483388, 0.518098, 0.518382, 0.523759, 0.533163, 0.572871, 0.761174, 0.765249, 0.824274, 0.856557, 0.896447, 0.923278, 0.941299, 0.95859, 1, 

28,12,0.001, 0.0715449, 0.0919501, 0.114142, 0.233038, 0.260678, 0.312509, 0.399508, 0.645028, 0.708369, 1, 

29,7,0.0727788, 0.0425689, 0.14334, 0.159864, 0.193993, 0.218907, 0.233341, 0.299554, 0.356599, 1, 

Generation #41
44,6,0.001, 0.0715449, 0.0443704, 0.15861, 0.162906, 0.229424, 0.282843, 0.397326, 0.330087, 0.339325, 0.367994, 0.418557, 0.483388, 0.518098, 0.518382, 0.523759, 0.533163, 0.572871, 0.761174, 0.765249, 0.824274, 0.856557, 0.896447, 0.923278, 0.941299, 0.95859, 1, 

28,12,0.001, 0.0715449, 0.0919501, 0.114142, 0.233038, 0.260678, 0.312509, 0.399508, 0.645028, 0.708369, 1, 

29,7,0.0727788, 0.0425689, 0.14334, 0.159864, 0.193993, 0.218907, 0.233341, 0.299554, 0.356599, 1, 

Generation #42
44,6,0.001, 0.0715449, 0.0443704, 0.15861, 0.162906, 0.229424, 0.282843, 0.397326, 0.330087, 0.339325, 0.367994, 0.418557, 0.483388, 0.518098, 0.518382, 0.523759, 0.533163, 0.572871, 0.761174, 0.765249, 0.824274, 0.856557, 0.896447, 0.923278, 0.941299, 0.95859, 1, 

28,12,0.001, 0.0715449, 0.0919501, 0.114142, 0.233038, 0.260678, 0.312509, 0.399508, 0.645028, 0.708369, 1, 

29,7,0.0727788, 0.0425689, 0.14334, 0.159864, 0.193993, 0.218907, 0.233341, 0.299554, 0.356599, 1, 

Generation #43
44,6,0.001, 0.0715449, 0.0443704, 0.15861, 0.162906, 0.229424, 0.282843, 0.397326, 0.330087, 0.339325, 0.367994, 0.418557, 0.483388, 0.518098, 0.518382, 0.523759, 0.533163, 0.572871, 0.761174, 0.765249, 0.824274, 0.856557, 0.896447, 0.923278, 0.941299, 0.95859, 1, 

28,12,0.001, 0.0715449, 0.0919501, 0.114142, 0.233038, 0.260678, 0.312509, 0.399508, 0.645028, 0.708369, 1, 

29,7,0.0727788, 0.0425689, 0.14334, 0.159864, 0.193993, 0.218907, 0.233341, 0.299554, 0.356599, 1, 

Generation #44
44,6,0.001, 0.0715449, 0.0443704, 0.15861, 0.162906, 0.229424, 0.282843, 0.397326, 0.330087, 0.339325, 0.367994, 0.418557, 0.483388, 0.518098, 0.518382, 0.523759, 0.533163, 0.572871, 0.761174, 0.765249, 0.824274, 0.856557, 0.896447, 0.923278, 0.941299, 0.95859, 1, 

28,12,0.001, 0.0715449, 0.0919501, 0.114142, 0.233038, 0.260678, 0.312509, 0.399508, 0.645028, 0.708369, 1, 

29,7,0.0727788, 0.0425689, 0.14334, 0.159864, 0.193993, 0.218907, 0.233341, 0.299554, 0.356599, 1, 

Generation #45
44,6,0.001, 0.0715449, 0.0443704, 0.15861, 0.162906, 0.229424, 0.282843, 0.397326, 0.330087, 0.339325, 0.367994, 0.418557, 0.483388, 0.518098, 0.518382, 0.523759, 0.533163, 0.572871, 0.761174, 0.765249, 0.824274, 0.856557, 0.896447, 0.923278, 0.941299, 0.95859, 1, 

28,12,0.001, 0.0715449, 0.0919501, 0.114142, 0.233038, 0.260678, 0.312509, 0.399508, 0.645028, 0.708369, 1, 

29,7,0.0727788, 0.0425689, 0.14334, 0.159864, 0.193993, 0.218907, 0.233341, 0.299554, 0.356599, 1, 

Generation #46
44,6,0.001, 0.0715449, 0.0443704, 0.15861, 0.162906, 0.229424, 0.282843, 0.397326, 0.330087, 0.339325, 0.367994, 0.418557, 0.483388, 0.518098, 0.518382, 0.523759, 0.533163, 0.572871, 0.761174, 0.765249, 0.824274, 0.856557, 0.896447, 0.923278, 0.941299, 0.95859, 1, 

28,12,0.001, 0.0715449, 0.0919501, 0.114142, 0.233038, 0.260678, 0.312509, 0.399508, 0.645028, 0.708369, 1, 

29,7,0.0727788, 0.0425689, 0.14334, 0.159864, 0.193993, 0.218907, 0.233341, 0.299554, 0.356599, 1, 

Generation #47
44,6,0.001, 0.0715449, 0.0443704, 0.15861, 0.162906, 0.229424, 0.282843, 0.397326, 0.330087, 0.339325, 0.367994, 0.418557, 0.483388, 0.518098, 0.518382, 0.523759, 0.533163, 0.572871, 0.761174, 0.765249, 0.824274, 0.856557, 0.896447, 0.923278, 0.941299, 0.95859, 1, 

28,12,0.001, 0.0715449, 0.0919501, 0.114142, 0.233038, 0.260678, 0.312509, 0.399508, 0.645028, 0.708369, 1, 

29,7,0.0727788, 0.0425689, 0.14334, 0.159864, 0.193993, 0.218907, 0.233341, 0.299554, 0.356599, 1, 

Generation #48
44,6,0.001, 0.0715449, 0.0443704, 0.15861, 0.162906, 0.229424, 0.282843, 0.397326, 0.330087, 0.339325, 0.367994, 0.418557, 0.483388, 0.518098, 0.518382, 0.523759, 0.533163, 0.572871, 0.761174, 0.765249, 0.824274, 0.856557, 0.896447, 0.923278, 0.941299, 0.95859, 1, 

28,12,0.001, 0.0715449, 0.0919501, 0.114142, 0.233038, 0.260678, 0.312509, 0.399508, 0.645028, 0.708369, 1, 

29,7,0.0727788, 0.0425689, 0.14334, 0.159864, 0.193993, 0.218907, 0.233341, 0.299554, 0.356599, 1, 

Generation #49
44,6,0.001, 0.0715449, 0.0443704, 0.15861, 0.162906, 0.229424, 0.282843, 0.397326, 0.330087, 0.339325, 0.367994, 0.418557, 0.483388, 0.518098, 0.518382, 0.523759, 0.533163, 0.572871, 0.761174, 0.765249, 0.824274, 0.856557, 0.896447, 0.923278, 0.941299, 0.95859, 1, 

28,12,0.001, 0.0715449, 0.0919501, 0.114142, 0.233038, 0.260678, 0.312509, 0.399508, 0.645028, 0.708369, 1, 

29,7,0.0727788, 0.0425689, 0.14334, 0.159864, 0.193993, 0.218907, 0.233341, 0.299554, 0.356599, 1, 

--- Pareto Front Solutions ---
Solution 0: N total=108 (N_initial=64, N_added=44), Time total=9 ms, Saved to: ./results/SPINS_t2_l4_pareto_0.csv, percents=0.001, 0.0715449, 0.0443704, 0.15861, 0.162906, 0.229424, 0.282843, 0.397326, 0.330087, 0.339325, 0.367994, 0.418557, 0.483388, 0.518098, 0.518382, 0.523759, 0.533163, 0.572871, 0.761174, 0.765249, 0.824274, 0.856557, 0.896447, 0.923278, 0.941299, 0.95859, 1, 

Solution 1: N total=92 (N_initial=64, N_added=28), Time total=15 ms, Saved to: ./results/SPINS_t2_l4_pareto_1.csv, percents=0.001, 0.0715449, 0.0919501, 0.114142, 0.233038, 0.260678, 0.312509, 0.399508, 0.645028, 0.708369, 1, 

Solution 2: N total=93 (N_initial=64, N_added=29), Time total=10 ms, Saved to: ./results/SPINS_t2_l4_pareto_2.csv, percents=0.0727788, 0.0425689, 0.14334, 0.159864, 0.193993, 0.218907, 0.233341, 0.299554, 0.356599, 1, 

