------------d=1, t=2, lambda=1, filename=./evaluation/SPINV/SPINV_2_1.csv------------
Computing partitioned counts of d-sets...
Ready to look at pairs based on partitioned counts...
First Stage N=40, Time=20
There are 1673 remaining non-locating pairs
--- Running GA Algorithm (phase2) ---
Running GA with std::execution::par
Generation #0
41,184,0.001, 0.016831, 0.0219461, 0.0261442, 0.0262016, 0.0663368, 0.0980615, 0.100799, 0.106911, 0.164494, 0.17776, 0.217953, 0.230267, 0.239707, 0.475426, 0.477239, 0.511489, 0.606937, 0.610299, 0.6522, 0.67643, 0.685118, 0.749872, 0.761045, 0.776041, 0.831382, 0.843834, 0.844438, 0.85952, 0.970357, 1, 

34,275,0.001, 0.0513067, 0.110065, 0.137015, 0.187127, 0.279032, 0.482314, 0.608711, 0.648283, 0.693314, 0.753794, 0.76718, 0.911522, 1, 

32,294,0.001, 0.0485364, 0.0638381, 0.103473, 0.112512, 0.157387, 0.207509, 0.233497, 0.34024, 0.425078, 0.623749, 0.642961, 0.77327, 0.821051, 0.86027, 0.97724, 1, 

Generation #1
41,184,0.001, 0.016831, 0.0219461, 0.0261442, 0.0262016, 0.0663368, 0.0980615, 0.100799, 0.106911, 0.164494, 0.17776, 0.217953, 0.230267, 0.239707, 0.475426, 0.477239, 0.511489, 0.606937, 0.610299, 0.6522, 0.67643, 0.685118, 0.749872, 0.761045, 0.776041, 0.831382, 0.843834, 0.844438, 0.85952, 0.970357, 1, 

31,193,0.001, 0.0370946, 0.0407183, 0.081086, 0.140626, 0.209852, 0.479251, 0.508095, 0.550947, 0.698453, 0.828251, 0.910419, 0.951562, 1, 

29,248,0.001, 0.0772787, 0.0822194, 0.163975, 0.171062, 0.226932, 0.640169, 0.906977, 0.935203, 0.944783, 0.951693, 1, 

Generation #2
42,137,0.001, 0.0234395, 0.0390873, 0.0460126, 0.10239, 0.111185, 0.134715, 0.142228, 0.147769, 0.164878, 0.182603, 0.226503, 0.233886, 0.288066, 0.436146, 0.459913, 0.494666, 0.552769, 0.560013, 0.560173, 0.589613, 0.739437, 0.740977, 0.79267, 0.822098, 0.937526, 0.967304, 1, 

40,144,0.001, 0.0234395, 0.0390873, 0.0460126, 0.10239, 0.111185, 0.134715, 0.142228, 0.147769, 0.164878, 0.182603, 0.226503, 0.233886, 0.288066, 0.436146, 0.459913, 0.570655, 0.585305, 0.591522, 0.625223, 0.737456, 0.759444, 0.881117, 0.898407, 0.908204, 1, 

29,148,0.001, 0.016831, 0.0219461, 0.0261442, 0.0262016, 0.0663368, 0.0980615, 0.100799, 0.106911, 0.164494, 0.17776, 0.852882, 0.992883, 1, 

Generation #3
42,137,0.001, 0.0234395, 0.0390873, 0.0460126, 0.10239, 0.111185, 0.134715, 0.142228, 0.147769, 0.164878, 0.182603, 0.226503, 0.233886, 0.288066, 0.436146, 0.459913, 0.494666, 0.552769, 0.560013, 0.560173, 0.589613, 0.739437, 0.740977, 0.79267, 0.822098, 0.937526, 0.967304, 1, 

29,148,0.001, 0.016831, 0.0219461, 0.0261442, 0.0262016, 0.0663368, 0.0980615, 0.100799, 0.106911, 0.164494, 0.17776, 0.852882, 0.992883, 1, 

28,231,0.001, 0.0110509, 0.0391854, 0.0928903, 0.129683, 0.148351, 0.15305, 0.161136, 0.234665, 0.652303, 1, 

31,138,0.001, 0.016831, 0.0219461, 0.0261442, 0.0262016, 0.0663368, 0.0980615, 0.100799, 0.106911, 0.164494, 0.17776, 0.852882, 0.992883, 1, 

Generation #4
29,148,0.001, 0.016831, 0.0219461, 0.0261442, 0.0262016, 0.0663368, 0.0980615, 0.100799, 0.106911, 0.164494, 0.17776, 0.852882, 0.992883, 1, 

31,138,0.001, 0.016831, 0.0219461, 0.0261442, 0.0262016, 0.0663368, 0.0980615, 0.100799, 0.106911, 0.164494, 0.17776, 0.852882, 0.992883, 1, 

32,130,0.001, 0.016831, 0.0219461, 0.0261442, 0.0262016, 0.0663368, 0.0980615, 0.100799, 0.106911, 0.164494, 0.17776, 0.839223, 0.882897, 0.893691, 0.9037, 1, 

45,123,0.001, 0.0110509, 0.0219461, 0.0261442, 0.0262016, 0.0663368, 0.0980615, 0.100799, 0.106911, 0.164494, 0.17776, 0.217953, 0.230267, 0.239707, 0.475426, 0.477239, 0.511489, 0.606937, 0.610299, 0.6522, 0.67643, 0.685118, 0.749872, 0.761045, 0.776041, 0.831382, 0.843834, 0.844438, 0.85952, 0.970357, 1, 

28,214,0.001, 0.0861206, 0.0460126, 0.10239, 0.148351, 0.15305, 0.161136, 0.234665, 0.652303, 1, 

Generation #5
29,148,0.001, 0.016831, 0.0219461, 0.0261442, 0.0262016, 0.0663368, 0.0980615, 0.100799, 0.106911, 0.164494, 0.17776, 0.852882, 0.992883, 1, 

31,138,0.001, 0.016831, 0.0219461, 0.0261442, 0.0262016, 0.0663368, 0.0980615, 0.100799, 0.106911, 0.164494, 0.17776, 0.852882, 0.992883, 1, 

32,130,0.001, 0.016831, 0.0219461, 0.0261442, 0.0262016, 0.0663368, 0.0980615, 0.100799, 0.106911, 0.164494, 0.17776, 0.839223, 0.882897, 0.893691, 0.9037, 1, 

45,123,0.001, 0.0110509, 0.0219461, 0.0261442, 0.0262016, 0.0663368, 0.0980615, 0.100799, 0.106911, 0.164494, 0.17776, 0.217953, 0.230267, 0.239707, 0.475426, 0.477239, 0.511489, 0.606937, 0.610299, 0.6522, 0.67643, 0.685118, 0.749872, 0.761045, 0.776041, 0.831382, 0.843834, 0.844438, 0.85952, 0.970357, 1, 

28,214,0.001, 0.0861206, 0.0460126, 0.10239, 0.148351, 0.15305, 0.161136, 0.234665, 0.652303, 1, 

43,127,0.001, 0.016831, 0.0219461, 0.0261442, 0.0262016, 0.0663368, 0.0980615, 0.100799, 0.106911, 0.262227, 0.262612, 0.288228, 0.763166, 0.29071, 0.387741, 0.387959, 0.439057, 0.598829, 0.623264, 0.646717, 0.734431, 0.75492, 0.778334, 0.828504, 0.918703, 0.937746, 1, 

Generation #6
31,138,0.001, 0.016831, 0.0219461, 0.0261442, 0.0262016, 0.0663368, 0.0980615, 0.100799, 0.106911, 0.164494, 0.17776, 0.852882, 0.992883, 1, 

32,130,0.001, 0.016831, 0.0219461, 0.0261442, 0.0262016, 0.0663368, 0.0980615, 0.100799, 0.106911, 0.164494, 0.17776, 0.839223, 0.882897, 0.893691, 0.9037, 1, 

45,123,0.001, 0.0110509, 0.0219461, 0.0261442, 0.0262016, 0.0663368, 0.0980615, 0.100799, 0.106911, 0.164494, 0.17776, 0.217953, 0.230267, 0.239707, 0.475426, 0.477239, 0.511489, 0.606937, 0.610299, 0.6522, 0.67643, 0.685118, 0.749872, 0.761045, 0.776041, 0.831382, 0.843834, 0.844438, 0.85952, 0.970357, 1, 

43,127,0.001, 0.016831, 0.0219461, 0.0261442, 0.0262016, 0.0663368, 0.0980615, 0.100799, 0.106911, 0.262227, 0.262612, 0.288228, 0.763166, 0.29071, 0.387741, 0.387959, 0.439057, 0.598829, 0.623264, 0.646717, 0.734431, 0.75492, 0.778334, 0.828504, 0.918703, 0.937746, 1, 

27,143,0.001, 0.016831, 0.0219461, 0.0261442, 0.0262016, 0.0663368, 0.134715, 0.161136, 0.374803, 0.234665, 0.652303, 1, 

Generation #7
27,143,0.001, 0.016831, 0.0219461, 0.0261442, 0.0262016, 0.0663368, 0.134715, 0.161136, 0.374803, 0.234665, 0.652303, 1, 

29,123,0.001, 0.016831, 0.0219461, 0.0261442, 0.0262016, 0.0663368, 0.0980615, 0.100799, 0.106911, 0.164878, 0.182603, 0.226503, 0.233886, 0.288066, 0.937226, 1, 

Generation #8
27,143,0.001, 0.016831, 0.0219461, 0.0261442, 0.0262016, 0.0663368, 0.134715, 0.161136, 0.374803, 0.234665, 0.652303, 1, 

29,123,0.001, 0.016831, 0.0219461, 0.0261442, 0.0262016, 0.0663368, 0.0980615, 0.100799, 0.106911, 0.164878, 0.182603, 0.226503, 0.233886, 0.288066, 0.937226, 1, 

28,139,0.001, 0.016831, 0.0219461, 0.0261442, 0.0262016, 0.0663368, 0.134715, 0.202599, 0.272444, 0.279, 1, 

30,119,0.001, 0.016831, 0.0219461, 0.0261442, 0.0262016, 0.0663368, 0.0980615, 0.100799, 0.106911, 0.164494, 0.17776, 0.839223, 0.893691, 0.9037, 1, 

41,102,0.001, 0.016831, 0.0219461, 0.0261442, 0.0262016, 0.0663368, 0.0980615, 0.100799, 0.106911, 0.164494, 0.17776, 0.217953, 0.230267, 0.239707, 0.475426, 0.477239, 0.511489, 0.606937, 0.610299, 0.6522, 0.67643, 0.685118, 0.749872, 0.761045, 0.776041, 0.843834, 0.844438, 0.85952, 0.970357, 1, 

Generation #9
27,143,0.001, 0.016831, 0.0219461, 0.0261442, 0.0262016, 0.0663368, 0.134715, 0.161136, 0.374803, 0.234665, 0.652303, 1, 

29,123,0.001, 0.016831, 0.0219461, 0.0261442, 0.0262016, 0.0663368, 0.0980615, 0.100799, 0.106911, 0.164878, 0.182603, 0.226503, 0.233886, 0.288066, 0.937226, 1, 

28,139,0.001, 0.016831, 0.0219461, 0.0261442, 0.0262016, 0.0663368, 0.134715, 0.202599, 0.272444, 0.279, 1, 

30,119,0.001, 0.016831, 0.0219461, 0.0261442, 0.0262016, 0.0663368, 0.0980615, 0.100799, 0.106911, 0.164494, 0.17776, 0.839223, 0.893691, 0.9037, 1, 

41,102,0.001, 0.016831, 0.0219461, 0.0261442, 0.0262016, 0.0663368, 0.0980615, 0.100799, 0.106911, 0.164494, 0.17776, 0.217953, 0.230267, 0.239707, 0.475426, 0.477239, 0.511489, 0.606937, 0.610299, 0.6522, 0.67643, 0.685118, 0.749872, 0.761045, 0.776041, 0.843834, 0.844438, 0.85952, 0.970357, 1, 

26,172,0.001, 0.016831, 0.0219461, 0.0460126, 0.10239, 0.159123, 0.0980615, 0.100799, 0.106911, 0.652303, 1, 

Generation #10
27,143,0.001, 0.016831, 0.0219461, 0.0261442, 0.0262016, 0.0663368, 0.134715, 0.161136, 0.374803, 0.234665, 0.652303, 1, 

29,123,0.001, 0.016831, 0.0219461, 0.0261442, 0.0262016, 0.0663368, 0.0980615, 0.100799, 0.106911, 0.164878, 0.182603, 0.226503, 0.233886, 0.288066, 0.937226, 1, 

28,139,0.001, 0.016831, 0.0219461, 0.0261442, 0.0262016, 0.0663368, 0.134715, 0.202599, 0.272444, 0.279, 1, 

30,119,0.001, 0.016831, 0.0219461, 0.0261442, 0.0262016, 0.0663368, 0.0980615, 0.100799, 0.106911, 0.164494, 0.17776, 0.839223, 0.893691, 0.9037, 1, 

41,102,0.001, 0.016831, 0.0219461, 0.0261442, 0.0262016, 0.0663368, 0.0980615, 0.100799, 0.106911, 0.164494, 0.17776, 0.217953, 0.230267, 0.239707, 0.475426, 0.477239, 0.511489, 0.606937, 0.610299, 0.6522, 0.67643, 0.685118, 0.749872, 0.761045, 0.776041, 0.843834, 0.844438, 0.85952, 0.970357, 1, 

26,172,0.001, 0.016831, 0.0219461, 0.0460126, 0.10239, 0.159123, 0.0980615, 0.100799, 0.106911, 0.652303, 1, 

25,232,0.001, 0.016831, 0.0219461, 0.0261442, 0.0262016, 0.0663368, 0.0980615, 0.100799, 0.106911, 0.652303, 1, 

Generation #11
27,143,0.001, 0.016831, 0.0219461, 0.0261442, 0.0262016, 0.0663368, 0.134715, 0.161136, 0.374803, 0.234665, 0.652303, 1, 

28,139,0.001, 0.016831, 0.0219461, 0.0261442, 0.0262016, 0.0663368, 0.134715, 0.202599, 0.272444, 0.279, 1, 

41,102,0.001, 0.016831, 0.0219461, 0.0261442, 0.0262016, 0.0663368, 0.0980615, 0.100799, 0.106911, 0.164494, 0.17776, 0.217953, 0.230267, 0.239707, 0.475426, 0.477239, 0.511489, 0.606937, 0.610299, 0.6522, 0.67643, 0.685118, 0.749872, 0.761045, 0.776041, 0.843834, 0.844438, 0.85952, 0.970357, 1, 

25,232,0.001, 0.016831, 0.0219461, 0.0261442, 0.0262016, 0.0663368, 0.0980615, 0.100799, 0.106911, 0.652303, 1, 

26,166,0.001, 0.0110509, 0.0219461, 0.0261442, 0.0262016, 0.0663368, 0.161136, 0.234665, 0.652303, 1, 

29,114,0.001, 0.016831, 0.0219461, 0.0261442, 0.0262016, 0.0663368, 0.0980615, 0.100799, 0.106911, 0.164494, 0.17776, 0.852882, 0.992883, 1, 

Generation #12
41,102,0.001, 0.016831, 0.0219461, 0.0261442, 0.0262016, 0.0663368, 0.0980615, 0.100799, 0.106911, 0.164494, 0.17776, 0.217953, 0.230267, 0.239707, 0.475426, 0.477239, 0.511489, 0.606937, 0.610299, 0.6522, 0.67643, 0.685118, 0.749872, 0.761045, 0.776041, 0.843834, 0.844438, 0.85952, 0.970357, 1, 

25,232,0.001, 0.016831, 0.0219461, 0.0261442, 0.0262016, 0.0663368, 0.0980615, 0.100799, 0.106911, 0.652303, 1, 

26,166,0.001, 0.0110509, 0.0219461, 0.0261442, 0.0262016, 0.0663368, 0.161136, 0.234665, 0.652303, 1, 

29,114,0.001, 0.016831, 0.0219461, 0.0261442, 0.0262016, 0.0663368, 0.0980615, 0.100799, 0.106911, 0.164494, 0.17776, 0.852882, 0.992883, 1, 

30,113,0.001, 0.016831, 0.0219461, 0.0261442, 0.0262016, 0.0663368, 0.0980615, 0.100799, 0.106911, 0.17776, 0.217953, 0.230267, 0.893691, 0.9037, 1, 

27,141,0.001, 0.016831, 0.0219461, 0.0261442, 0.0262016, 0.0663368, 0.0980615, 0.100799, 0.106911, 0.652303, 1, 

28,129,0.001, 0.016831, 0.0219461, 0.0261442, 0.0262016, 0.0663368, 0.0980615, 0.100799, 0.106911, 0.164494, 0.17776, 0.217953, 0.230267, 1, 

Generation #13
41,102,0.001, 0.016831, 0.0219461, 0.0261442, 0.0262016, 0.0663368, 0.0980615, 0.100799, 0.106911, 0.164494, 0.17776, 0.217953, 0.230267, 0.239707, 0.475426, 0.477239, 0.511489, 0.606937, 0.610299, 0.6522, 0.67643, 0.685118, 0.749872, 0.761045, 0.776041, 0.843834, 0.844438, 0.85952, 0.970357, 1, 

29,114,0.001, 0.016831, 0.0219461, 0.0261442, 0.0262016, 0.0663368, 0.0980615, 0.100799, 0.106911, 0.164494, 0.17776, 0.852882, 0.992883, 1, 

30,113,0.001, 0.016831, 0.0219461, 0.0261442, 0.0262016, 0.0663368, 0.0980615, 0.100799, 0.106911, 0.17776, 0.217953, 0.230267, 0.893691, 0.9037, 1, 

25,122,0.001, 0.016831, 0.0219461, 0.0261442, 0.0262016, 0.0663368, 0.0980615, 0.100799, 0.106911, 0.27192, 1, 

Generation #14
41,102,0.001, 0.016831, 0.0219461, 0.0261442, 0.0262016, 0.0663368, 0.0980615, 0.100799, 0.106911, 0.164494, 0.17776, 0.217953, 0.230267, 0.239707, 0.475426, 0.477239, 0.511489, 0.606937, 0.610299, 0.6522, 0.67643, 0.685118, 0.749872, 0.761045, 0.776041, 0.843834, 0.844438, 0.85952, 0.970357, 1, 

29,114,0.001, 0.016831, 0.0219461, 0.0261442, 0.0262016, 0.0663368, 0.0980615, 0.100799, 0.106911, 0.164494, 0.17776, 0.852882, 0.992883, 1, 

25,122,0.001, 0.016831, 0.0219461, 0.0261442, 0.0262016, 0.0663368, 0.0980615, 0.100799, 0.106911, 0.27192, 1, 

30,112,0.001, 0.016831, 0.0219461, 0.0261442, 0.0262016, 0.0663368, 0.0980615, 0.100799, 0.164494, 0.17776, 0.217953, 0.230267, 0.893691, 0.9037, 1, 

Generation #15
41,102,0.001, 0.016831, 0.0219461, 0.0261442, 0.0262016, 0.0663368, 0.0980615, 0.100799, 0.106911, 0.164494, 0.17776, 0.217953, 0.230267, 0.239707, 0.475426, 0.477239, 0.511489, 0.606937, 0.610299, 0.6522, 0.67643, 0.685118, 0.749872, 0.761045, 0.776041, 0.843834, 0.844438, 0.85952, 0.970357, 1, 

29,114,0.001, 0.016831, 0.0219461, 0.0261442, 0.0262016, 0.0663368, 0.0980615, 0.100799, 0.106911, 0.164494, 0.17776, 0.852882, 0.992883, 1, 

25,122,0.001, 0.016831, 0.0219461, 0.0261442, 0.0262016, 0.0663368, 0.0980615, 0.100799, 0.106911, 0.27192, 1, 

30,112,0.001, 0.016831, 0.0219461, 0.0261442, 0.0262016, 0.0663368, 0.0980615, 0.100799, 0.164494, 0.17776, 0.217953, 0.230267, 0.893691, 0.9037, 1, 

Generation #16
41,102,0.001, 0.016831, 0.0219461, 0.0261442, 0.0262016, 0.0663368, 0.0980615, 0.100799, 0.106911, 0.164494, 0.17776, 0.217953, 0.230267, 0.239707, 0.475426, 0.477239, 0.511489, 0.606937, 0.610299, 0.6522, 0.67643, 0.685118, 0.749872, 0.761045, 0.776041, 0.843834, 0.844438, 0.85952, 0.970357, 1, 

29,114,0.001, 0.016831, 0.0219461, 0.0261442, 0.0262016, 0.0663368, 0.0980615, 0.100799, 0.106911, 0.164494, 0.17776, 0.852882, 0.992883, 1, 

25,122,0.001, 0.016831, 0.0219461, 0.0261442, 0.0262016, 0.0663368, 0.0980615, 0.100799, 0.106911, 0.27192, 1, 

30,112,0.001, 0.016831, 0.0219461, 0.0261442, 0.0262016, 0.0663368, 0.0980615, 0.100799, 0.164494, 0.17776, 0.217953, 0.230267, 0.893691, 0.9037, 1, 

Generation #17
41,102,0.001, 0.016831, 0.0219461, 0.0261442, 0.0262016, 0.0663368, 0.0980615, 0.100799, 0.106911, 0.164494, 0.17776, 0.217953, 0.230267, 0.239707, 0.475426, 0.477239, 0.511489, 0.606937, 0.610299, 0.6522, 0.67643, 0.685118, 0.749872, 0.761045, 0.776041, 0.843834, 0.844438, 0.85952, 0.970357, 1, 

29,114,0.001, 0.016831, 0.0219461, 0.0261442, 0.0262016, 0.0663368, 0.0980615, 0.100799, 0.106911, 0.164494, 0.17776, 0.852882, 0.992883, 1, 

25,122,0.001, 0.016831, 0.0219461, 0.0261442, 0.0262016, 0.0663368, 0.0980615, 0.100799, 0.106911, 0.27192, 1, 

30,112,0.001, 0.016831, 0.0219461, 0.0261442, 0.0262016, 0.0663368, 0.0980615, 0.100799, 0.164494, 0.17776, 0.217953, 0.230267, 0.893691, 0.9037, 1, 

Generation #18
41,102,0.001, 0.016831, 0.0219461, 0.0261442, 0.0262016, 0.0663368, 0.0980615, 0.100799, 0.106911, 0.164494, 0.17776, 0.217953, 0.230267, 0.239707, 0.475426, 0.477239, 0.511489, 0.606937, 0.610299, 0.6522, 0.67643, 0.685118, 0.749872, 0.761045, 0.776041, 0.843834, 0.844438, 0.85952, 0.970357, 1, 

25,122,0.001, 0.016831, 0.0219461, 0.0261442, 0.0262016, 0.0663368, 0.0980615, 0.100799, 0.106911, 0.27192, 1, 

28,109,0.001, 0.016831, 0.0219461, 0.0261442, 0.0262016, 0.0663368, 0.0980615, 0.100799, 0.106911, 0.164494, 0.17776, 0.852882, 0.992883, 1, 

Generation #19
41,102,0.001, 0.016831, 0.0219461, 0.0261442, 0.0262016, 0.0663368, 0.0980615, 0.100799, 0.106911, 0.164494, 0.17776, 0.217953, 0.230267, 0.239707, 0.475426, 0.477239, 0.511489, 0.606937, 0.610299, 0.6522, 0.67643, 0.685118, 0.749872, 0.761045, 0.776041, 0.843834, 0.844438, 0.85952, 0.970357, 1, 

25,122,0.001, 0.016831, 0.0219461, 0.0261442, 0.0262016, 0.0663368, 0.0980615, 0.100799, 0.106911, 0.27192, 1, 

28,109,0.001, 0.016831, 0.0219461, 0.0261442, 0.0262016, 0.0663368, 0.0980615, 0.100799, 0.106911, 0.164494, 0.17776, 0.852882, 0.992883, 1, 

30,107,0.001, 0.016831, 0.0219461, 0.0261442, 0.0262016, 0.0663368, 0.0980615, 0.100799, 0.106911, 0.164494, 0.217953, 0.230267, 0.893691, 0.9037, 1, 

Generation #20
41,102,0.001, 0.016831, 0.0219461, 0.0261442, 0.0262016, 0.0663368, 0.0980615, 0.100799, 0.106911, 0.164494, 0.17776, 0.217953, 0.230267, 0.239707, 0.475426, 0.477239, 0.511489, 0.606937, 0.610299, 0.6522, 0.67643, 0.685118, 0.749872, 0.761045, 0.776041, 0.843834, 0.844438, 0.85952, 0.970357, 1, 

28,109,0.001, 0.016831, 0.0219461, 0.0261442, 0.0262016, 0.0663368, 0.0980615, 0.100799, 0.106911, 0.164494, 0.17776, 0.852882, 0.992883, 1, 

30,107,0.001, 0.016831, 0.0219461, 0.0261442, 0.0262016, 0.0663368, 0.0980615, 0.100799, 0.106911, 0.164494, 0.217953, 0.230267, 0.893691, 0.9037, 1, 

25,117,0.001, 0.016831, 0.0219461, 0.0261442, 0.0262016, 0.0663368, 0.0980615, 0.100799, 0.106911, 0.164494, 0.17776, 0.217953, 0.230267, 1, 

Generation #21
41,102,0.001, 0.016831, 0.0219461, 0.0261442, 0.0262016, 0.0663368, 0.0980615, 0.100799, 0.106911, 0.164494, 0.17776, 0.217953, 0.230267, 0.239707, 0.475426, 0.477239, 0.511489, 0.606937, 0.610299, 0.6522, 0.67643, 0.685118, 0.749872, 0.761045, 0.776041, 0.843834, 0.844438, 0.85952, 0.970357, 1, 

28,109,0.001, 0.016831, 0.0219461, 0.0261442, 0.0262016, 0.0663368, 0.0980615, 0.100799, 0.106911, 0.164494, 0.17776, 0.852882, 0.992883, 1, 

30,107,0.001, 0.016831, 0.0219461, 0.0261442, 0.0262016, 0.0663368, 0.0980615, 0.100799, 0.106911, 0.164494, 0.217953, 0.230267, 0.893691, 0.9037, 1, 

25,117,0.001, 0.016831, 0.0219461, 0.0261442, 0.0262016, 0.0663368, 0.0980615, 0.100799, 0.106911, 0.164494, 0.17776, 0.217953, 0.230267, 1, 

Generation #22
41,102,0.001, 0.016831, 0.0219461, 0.0261442, 0.0262016, 0.0663368, 0.0980615, 0.100799, 0.106911, 0.164494, 0.17776, 0.217953, 0.230267, 0.239707, 0.475426, 0.477239, 0.511489, 0.606937, 0.610299, 0.6522, 0.67643, 0.685118, 0.749872, 0.761045, 0.776041, 0.843834, 0.844438, 0.85952, 0.970357, 1, 

28,109,0.001, 0.016831, 0.0219461, 0.0261442, 0.0262016, 0.0663368, 0.0980615, 0.100799, 0.106911, 0.164494, 0.17776, 0.852882, 0.992883, 1, 

30,107,0.001, 0.016831, 0.0219461, 0.0261442, 0.0262016, 0.0663368, 0.0980615, 0.100799, 0.106911, 0.164494, 0.217953, 0.230267, 0.893691, 0.9037, 1, 

25,117,0.001, 0.016831, 0.0219461, 0.0261442, 0.0262016, 0.0663368, 0.0980615, 0.100799, 0.106911, 0.164494, 0.17776, 0.217953, 0.230267, 1, 

24,181,0.001, 0.016831, 0.0219461, 0.0261442, 0.0262016, 0.161136, 0.234665, 0.652303, 1, 

Generation #23
25,117,0.001, 0.016831, 0.0219461, 0.0261442, 0.0262016, 0.0663368, 0.0980615, 0.100799, 0.106911, 0.164494, 0.17776, 0.217953, 0.230267, 1, 

24,181,0.001, 0.016831, 0.0219461, 0.0261442, 0.0262016, 0.161136, 0.234665, 0.652303, 1, 

28,93,0.001, 0.016831, 0.0219461, 0.0261442, 0.0262016, 0.0663368, 0.0663368, 0.0980615, 0.100799, 0.106911, 0.164494, 0.17776, 0.217953, 0.230267, 1, 

Generation #24
25,117,0.001, 0.016831, 0.0219461, 0.0261442, 0.0262016, 0.0663368, 0.0980615, 0.100799, 0.106911, 0.164494, 0.17776, 0.217953, 0.230267, 1, 

24,181,0.001, 0.016831, 0.0219461, 0.0261442, 0.0262016, 0.161136, 0.234665, 0.652303, 1, 

28,93,0.001, 0.016831, 0.0219461, 0.0261442, 0.0262016, 0.0663368, 0.0663368, 0.0980615, 0.100799, 0.106911, 0.164494, 0.17776, 0.217953, 0.230267, 1, 

Generation #25
25,117,0.001, 0.016831, 0.0219461, 0.0261442, 0.0262016, 0.0663368, 0.0980615, 0.100799, 0.106911, 0.164494, 0.17776, 0.217953, 0.230267, 1, 

24,181,0.001, 0.016831, 0.0219461, 0.0261442, 0.0262016, 0.161136, 0.234665, 0.652303, 1, 

28,93,0.001, 0.016831, 0.0219461, 0.0261442, 0.0262016, 0.0663368, 0.0663368, 0.0980615, 0.100799, 0.106911, 0.164494, 0.17776, 0.217953, 0.230267, 1, 

27,114,0.001, 0.016831, 0.0219461, 0.0261442, 0.0262016, 0.0663368, 0.0980615, 0.100799, 0.106911, 0.164494, 0.182603, 0.233886, 0.288066, 1, 

Generation #26
25,117,0.001, 0.016831, 0.0219461, 0.0261442, 0.0262016, 0.0663368, 0.0980615, 0.100799, 0.106911, 0.164494, 0.17776, 0.217953, 0.230267, 1, 

24,181,0.001, 0.016831, 0.0219461, 0.0261442, 0.0262016, 0.161136, 0.234665, 0.652303, 1, 

28,93,0.001, 0.016831, 0.0219461, 0.0261442, 0.0262016, 0.0663368, 0.0663368, 0.0980615, 0.100799, 0.106911, 0.164494, 0.17776, 0.217953, 0.230267, 1, 

27,114,0.001, 0.016831, 0.0219461, 0.0261442, 0.0262016, 0.0663368, 0.0980615, 0.100799, 0.106911, 0.164494, 0.182603, 0.233886, 0.288066, 1, 

Generation #27
25,117,0.001, 0.016831, 0.0219461, 0.0261442, 0.0262016, 0.0663368, 0.0980615, 0.100799, 0.106911, 0.164494, 0.17776, 0.217953, 0.230267, 1, 

24,181,0.001, 0.016831, 0.0219461, 0.0261442, 0.0262016, 0.161136, 0.234665, 0.652303, 1, 

28,93,0.001, 0.016831, 0.0219461, 0.0261442, 0.0262016, 0.0663368, 0.0663368, 0.0980615, 0.100799, 0.106911, 0.164494, 0.17776, 0.217953, 0.230267, 1, 

27,114,0.001, 0.016831, 0.0219461, 0.0261442, 0.0262016, 0.0663368, 0.0980615, 0.100799, 0.106911, 0.164494, 0.182603, 0.233886, 0.288066, 1, 

Generation #28
25,117,0.001, 0.016831, 0.0219461, 0.0261442, 0.0262016, 0.0663368, 0.0980615, 0.100799, 0.106911, 0.164494, 0.17776, 0.217953, 0.230267, 1, 

24,181,0.001, 0.016831, 0.0219461, 0.0261442, 0.0262016, 0.161136, 0.234665, 0.652303, 1, 

28,93,0.001, 0.016831, 0.0219461, 0.0261442, 0.0262016, 0.0663368, 0.0663368, 0.0980615, 0.100799, 0.106911, 0.164494, 0.17776, 0.217953, 0.230267, 1, 

27,114,0.001, 0.016831, 0.0219461, 0.0261442, 0.0262016, 0.0663368, 0.0980615, 0.100799, 0.106911, 0.164494, 0.182603, 0.233886, 0.288066, 1, 

Generation #29
25,117,0.001, 0.016831, 0.0219461, 0.0261442, 0.0262016, 0.0663368, 0.0980615, 0.100799, 0.106911, 0.164494, 0.17776, 0.217953, 0.230267, 1, 

24,181,0.001, 0.016831, 0.0219461, 0.0261442, 0.0262016, 0.161136, 0.234665, 0.652303, 1, 

28,93,0.001, 0.016831, 0.0219461, 0.0261442, 0.0262016, 0.0663368, 0.0663368, 0.0980615, 0.100799, 0.106911, 0.164494, 0.17776, 0.217953, 0.230267, 1, 

27,114,0.001, 0.016831, 0.0219461, 0.0261442, 0.0262016, 0.0663368, 0.0980615, 0.100799, 0.106911, 0.164494, 0.182603, 0.233886, 0.288066, 1, 

Generation #30
25,117,0.001, 0.016831, 0.0219461, 0.0261442, 0.0262016, 0.0663368, 0.0980615, 0.100799, 0.106911, 0.164494, 0.17776, 0.217953, 0.230267, 1, 

24,181,0.001, 0.016831, 0.0219461, 0.0261442, 0.0262016, 0.161136, 0.234665, 0.652303, 1, 

28,93,0.001, 0.016831, 0.0219461, 0.0261442, 0.0262016, 0.0663368, 0.0663368, 0.0980615, 0.100799, 0.106911, 0.164494, 0.17776, 0.217953, 0.230267, 1, 

27,114,0.001, 0.016831, 0.0219461, 0.0261442, 0.0262016, 0.0663368, 0.0980615, 0.100799, 0.106911, 0.164494, 0.182603, 0.233886, 0.288066, 1, 

Generation #31
25,117,0.001, 0.016831, 0.0219461, 0.0261442, 0.0262016, 0.0663368, 0.0980615, 0.100799, 0.106911, 0.164494, 0.17776, 0.217953, 0.230267, 1, 

28,93,0.001, 0.016831, 0.0219461, 0.0261442, 0.0262016, 0.0663368, 0.0663368, 0.0980615, 0.100799, 0.106911, 0.164494, 0.17776, 0.217953, 0.230267, 1, 

24,168,0.001, 0.016831, 0.0219461, 0.0261442, 0.0262016, 0.0663368, 0.0980615, 0.100799, 1, 

27,108,0.001, 0.016831, 0.0219461, 0.0261442, 0.0262016, 0.0663368, 0.0663368, 0.100799, 0.106911, 0.164494, 0.17776, 0.217953, 0.230267, 1, 

Generation #32
25,117,0.001, 0.016831, 0.0219461, 0.0261442, 0.0262016, 0.0663368, 0.0980615, 0.100799, 0.106911, 0.164494, 0.17776, 0.217953, 0.230267, 1, 

28,93,0.001, 0.016831, 0.0219461, 0.0261442, 0.0262016, 0.0663368, 0.0663368, 0.0980615, 0.100799, 0.106911, 0.164494, 0.17776, 0.217953, 0.230267, 1, 

24,168,0.001, 0.016831, 0.0219461, 0.0261442, 0.0262016, 0.0663368, 0.0980615, 0.100799, 1, 

27,108,0.001, 0.016831, 0.0219461, 0.0261442, 0.0262016, 0.0663368, 0.0663368, 0.100799, 0.106911, 0.164494, 0.17776, 0.217953, 0.230267, 1, 

Generation #33
25,117,0.001, 0.016831, 0.0219461, 0.0261442, 0.0262016, 0.0663368, 0.0980615, 0.100799, 0.106911, 0.164494, 0.17776, 0.217953, 0.230267, 1, 

28,93,0.001, 0.016831, 0.0219461, 0.0261442, 0.0262016, 0.0663368, 0.0663368, 0.0980615, 0.100799, 0.106911, 0.164494, 0.17776, 0.217953, 0.230267, 1, 

24,168,0.001, 0.016831, 0.0219461, 0.0261442, 0.0262016, 0.0663368, 0.0980615, 0.100799, 1, 

27,108,0.001, 0.016831, 0.0219461, 0.0261442, 0.0262016, 0.0663368, 0.0663368, 0.100799, 0.106911, 0.164494, 0.17776, 0.217953, 0.230267, 1, 

Generation #34
25,117,0.001, 0.016831, 0.0219461, 0.0261442, 0.0262016, 0.0663368, 0.0980615, 0.100799, 0.106911, 0.164494, 0.17776, 0.217953, 0.230267, 1, 

28,93,0.001, 0.016831, 0.0219461, 0.0261442, 0.0262016, 0.0663368, 0.0663368, 0.0980615, 0.100799, 0.106911, 0.164494, 0.17776, 0.217953, 0.230267, 1, 

24,168,0.001, 0.016831, 0.0219461, 0.0261442, 0.0262016, 0.0663368, 0.0980615, 0.100799, 1, 

27,108,0.001, 0.016831, 0.0219461, 0.0261442, 0.0262016, 0.0663368, 0.0663368, 0.100799, 0.106911, 0.164494, 0.17776, 0.217953, 0.230267, 1, 

Generation #35
25,117,0.001, 0.016831, 0.0219461, 0.0261442, 0.0262016, 0.0663368, 0.0980615, 0.100799, 0.106911, 0.164494, 0.17776, 0.217953, 0.230267, 1, 

28,93,0.001, 0.016831, 0.0219461, 0.0261442, 0.0262016, 0.0663368, 0.0663368, 0.0980615, 0.100799, 0.106911, 0.164494, 0.17776, 0.217953, 0.230267, 1, 

24,168,0.001, 0.016831, 0.0219461, 0.0261442, 0.0262016, 0.0663368, 0.0980615, 0.100799, 1, 

27,108,0.001, 0.016831, 0.0219461, 0.0261442, 0.0262016, 0.0663368, 0.0663368, 0.100799, 0.106911, 0.164494, 0.17776, 0.217953, 0.230267, 1, 

Generation #36
25,117,0.001, 0.016831, 0.0219461, 0.0261442, 0.0262016, 0.0663368, 0.0980615, 0.100799, 0.106911, 0.164494, 0.17776, 0.217953, 0.230267, 1, 

28,93,0.001, 0.016831, 0.0219461, 0.0261442, 0.0262016, 0.0663368, 0.0663368, 0.0980615, 0.100799, 0.106911, 0.164494, 0.17776, 0.217953, 0.230267, 1, 

24,168,0.001, 0.016831, 0.0219461, 0.0261442, 0.0262016, 0.0663368, 0.0980615, 0.100799, 1, 

27,108,0.001, 0.016831, 0.0219461, 0.0261442, 0.0262016, 0.0663368, 0.0663368, 0.100799, 0.106911, 0.164494, 0.17776, 0.217953, 0.230267, 1, 

Generation #37
25,117,0.001, 0.016831, 0.0219461, 0.0261442, 0.0262016, 0.0663368, 0.0980615, 0.100799, 0.106911, 0.164494, 0.17776, 0.217953, 0.230267, 1, 

28,93,0.001, 0.016831, 0.0219461, 0.0261442, 0.0262016, 0.0663368, 0.0663368, 0.0980615, 0.100799, 0.106911, 0.164494, 0.17776, 0.217953, 0.230267, 1, 

24,168,0.001, 0.016831, 0.0219461, 0.0261442, 0.0262016, 0.0663368, 0.0980615, 0.100799, 1, 

27,108,0.001, 0.016831, 0.0219461, 0.0261442, 0.0262016, 0.0663368, 0.0663368, 0.100799, 0.106911, 0.164494, 0.17776, 0.217953, 0.230267, 1, 

Generation #38
25,117,0.001, 0.016831, 0.0219461, 0.0261442, 0.0262016, 0.0663368, 0.0980615, 0.100799, 0.106911, 0.164494, 0.17776, 0.217953, 0.230267, 1, 

28,93,0.001, 0.016831, 0.0219461, 0.0261442, 0.0262016, 0.0663368, 0.0663368, 0.0980615, 0.100799, 0.106911, 0.164494, 0.17776, 0.217953, 0.230267, 1, 

24,168,0.001, 0.016831, 0.0219461, 0.0261442, 0.0262016, 0.0663368, 0.0980615, 0.100799, 1, 

27,108,0.001, 0.016831, 0.0219461, 0.0261442, 0.0262016, 0.0663368, 0.0663368, 0.100799, 0.106911, 0.164494, 0.17776, 0.217953, 0.230267, 1, 

Generation #39
25,117,0.001, 0.016831, 0.0219461, 0.0261442, 0.0262016, 0.0663368, 0.0980615, 0.100799, 0.106911, 0.164494, 0.17776, 0.217953, 0.230267, 1, 

28,93,0.001, 0.016831, 0.0219461, 0.0261442, 0.0262016, 0.0663368, 0.0663368, 0.0980615, 0.100799, 0.106911, 0.164494, 0.17776, 0.217953, 0.230267, 1, 

24,168,0.001, 0.016831, 0.0219461, 0.0261442, 0.0262016, 0.0663368, 0.0980615, 0.100799, 1, 

27,108,0.001, 0.016831, 0.0219461, 0.0261442, 0.0262016, 0.0663368, 0.0663368, 0.100799, 0.106911, 0.164494, 0.17776, 0.217953, 0.230267, 1, 

Generation #40
25,117,0.001, 0.016831, 0.0219461, 0.0261442, 0.0262016, 0.0663368, 0.0980615, 0.100799, 0.106911, 0.164494, 0.17776, 0.217953, 0.230267, 1, 

28,93,0.001, 0.016831, 0.0219461, 0.0261442, 0.0262016, 0.0663368, 0.0663368, 0.0980615, 0.100799, 0.106911, 0.164494, 0.17776, 0.217953, 0.230267, 1, 

24,168,0.001, 0.016831, 0.0219461, 0.0261442, 0.0262016, 0.0663368, 0.0980615, 0.100799, 1, 

27,108,0.001, 0.016831, 0.0219461, 0.0261442, 0.0262016, 0.0663368, 0.0663368, 0.100799, 0.106911, 0.164494, 0.17776, 0.217953, 0.230267, 1, 

Generation #41
25,117,0.001, 0.016831, 0.0219461, 0.0261442, 0.0262016, 0.0663368, 0.0980615, 0.100799, 0.106911, 0.164494, 0.17776, 0.217953, 0.230267, 1, 

28,93,0.001, 0.016831, 0.0219461, 0.0261442, 0.0262016, 0.0663368, 0.0663368, 0.0980615, 0.100799, 0.106911, 0.164494, 0.17776, 0.217953, 0.230267, 1, 

24,168,0.001, 0.016831, 0.0219461, 0.0261442, 0.0262016, 0.0663368, 0.0980615, 0.100799, 1, 

27,108,0.001, 0.016831, 0.0219461, 0.0261442, 0.0262016, 0.0663368, 0.0663368, 0.100799, 0.106911, 0.164494, 0.17776, 0.217953, 0.230267, 1, 

Generation #42
25,117,0.001, 0.016831, 0.0219461, 0.0261442, 0.0262016, 0.0663368, 0.0980615, 0.100799, 0.106911, 0.164494, 0.17776, 0.217953, 0.230267, 1, 

28,93,0.001, 0.016831, 0.0219461, 0.0261442, 0.0262016, 0.0663368, 0.0663368, 0.0980615, 0.100799, 0.106911, 0.164494, 0.17776, 0.217953, 0.230267, 1, 

24,168,0.001, 0.016831, 0.0219461, 0.0261442, 0.0262016, 0.0663368, 0.0980615, 0.100799, 1, 

27,108,0.001, 0.016831, 0.0219461, 0.0261442, 0.0262016, 0.0663368, 0.0663368, 0.100799, 0.106911, 0.164494, 0.17776, 0.217953, 0.230267, 1, 

Generation #43
25,117,0.001, 0.016831, 0.0219461, 0.0261442, 0.0262016, 0.0663368, 0.0980615, 0.100799, 0.106911, 0.164494, 0.17776, 0.217953, 0.230267, 1, 

28,93,0.001, 0.016831, 0.0219461, 0.0261442, 0.0262016, 0.0663368, 0.0663368, 0.0980615, 0.100799, 0.106911, 0.164494, 0.17776, 0.217953, 0.230267, 1, 

24,168,0.001, 0.016831, 0.0219461, 0.0261442, 0.0262016, 0.0663368, 0.0980615, 0.100799, 1, 

27,108,0.001, 0.016831, 0.0219461, 0.0261442, 0.0262016, 0.0663368, 0.0663368, 0.100799, 0.106911, 0.164494, 0.17776, 0.217953, 0.230267, 1, 

Generation #44
25,117,0.001, 0.016831, 0.0219461, 0.0261442, 0.0262016, 0.0663368, 0.0980615, 0.100799, 0.106911, 0.164494, 0.17776, 0.217953, 0.230267, 1, 

28,93,0.001, 0.016831, 0.0219461, 0.0261442, 0.0262016, 0.0663368, 0.0663368, 0.0980615, 0.100799, 0.106911, 0.164494, 0.17776, 0.217953, 0.230267, 1, 

24,168,0.001, 0.016831, 0.0219461, 0.0261442, 0.0262016, 0.0663368, 0.0980615, 0.100799, 1, 

27,108,0.001, 0.016831, 0.0219461, 0.0261442, 0.0262016, 0.0663368, 0.0663368, 0.100799, 0.106911, 0.164494, 0.17776, 0.217953, 0.230267, 1, 

Generation #45
25,117,0.001, 0.016831, 0.0219461, 0.0261442, 0.0262016, 0.0663368, 0.0980615, 0.100799, 0.106911, 0.164494, 0.17776, 0.217953, 0.230267, 1, 

28,93,0.001, 0.016831, 0.0219461, 0.0261442, 0.0262016, 0.0663368, 0.0663368, 0.0980615, 0.100799, 0.106911, 0.164494, 0.17776, 0.217953, 0.230267, 1, 

24,168,0.001, 0.016831, 0.0219461, 0.0261442, 0.0262016, 0.0663368, 0.0980615, 0.100799, 1, 

27,108,0.001, 0.016831, 0.0219461, 0.0261442, 0.0262016, 0.0663368, 0.0663368, 0.100799, 0.106911, 0.164494, 0.17776, 0.217953, 0.230267, 1, 

Generation #46
25,117,0.001, 0.016831, 0.0219461, 0.0261442, 0.0262016, 0.0663368, 0.0980615, 0.100799, 0.106911, 0.164494, 0.17776, 0.217953, 0.230267, 1, 

28,93,0.001, 0.016831, 0.0219461, 0.0261442, 0.0262016, 0.0663368, 0.0663368, 0.0980615, 0.100799, 0.106911, 0.164494, 0.17776, 0.217953, 0.230267, 1, 

24,168,0.001, 0.016831, 0.0219461, 0.0261442, 0.0262016, 0.0663368, 0.0980615, 0.100799, 1, 

27,108,0.001, 0.016831, 0.0219461, 0.0261442, 0.0262016, 0.0663368, 0.0663368, 0.100799, 0.106911, 0.164494, 0.17776, 0.217953, 0.230267, 1, 

Generation #47
25,117,0.001, 0.016831, 0.0219461, 0.0261442, 0.0262016, 0.0663368, 0.0980615, 0.100799, 0.106911, 0.164494, 0.17776, 0.217953, 0.230267, 1, 

28,93,0.001, 0.016831, 0.0219461, 0.0261442, 0.0262016, 0.0663368, 0.0663368, 0.0980615, 0.100799, 0.106911, 0.164494, 0.17776, 0.217953, 0.230267, 1, 

24,168,0.001, 0.016831, 0.0219461, 0.0261442, 0.0262016, 0.0663368, 0.0980615, 0.100799, 1, 

27,108,0.001, 0.016831, 0.0219461, 0.0261442, 0.0262016, 0.0663368, 0.0663368, 0.100799, 0.106911, 0.164494, 0.17776, 0.217953, 0.230267, 1, 

Generation #48
25,117,0.001, 0.016831, 0.0219461, 0.0261442, 0.0262016, 0.0663368, 0.0980615, 0.100799, 0.106911, 0.164494, 0.17776, 0.217953, 0.230267, 1, 

28,93,0.001, 0.016831, 0.0219461, 0.0261442, 0.0262016, 0.0663368, 0.0663368, 0.0980615, 0.100799, 0.106911, 0.164494, 0.17776, 0.217953, 0.230267, 1, 

24,168,0.001, 0.016831, 0.0219461, 0.0261442, 0.0262016, 0.0663368, 0.0980615, 0.100799, 1, 

27,108,0.001, 0.016831, 0.0219461, 0.0261442, 0.0262016, 0.0663368, 0.0663368, 0.100799, 0.106911, 0.164494, 0.17776, 0.217953, 0.230267, 1, 

40,86,0.001, 0.016831, 0.0219461, 0.0261442, 0.0262016, 0.0663368, 0.0980615, 0.100799, 0.106911, 0.164494, 0.17776, 0.217953, 0.230267, 0.535553, 0.475426, 0.477239, 0.511489, 0.606937, 0.610299, 0.6522, 0.67643, 0.685118, 0.761045, 0.918703, 0.937746, 1, 

Generation #49
25,117,0.001, 0.016831, 0.0219461, 0.0261442, 0.0262016, 0.0663368, 0.0980615, 0.100799, 0.106911, 0.164494, 0.17776, 0.217953, 0.230267, 1, 

28,93,0.001, 0.016831, 0.0219461, 0.0261442, 0.0262016, 0.0663368, 0.0663368, 0.0980615, 0.100799, 0.106911, 0.164494, 0.17776, 0.217953, 0.230267, 1, 

24,168,0.001, 0.016831, 0.0219461, 0.0261442, 0.0262016, 0.0663368, 0.0980615, 0.100799, 1, 

27,108,0.001, 0.016831, 0.0219461, 0.0261442, 0.0262016, 0.0663368, 0.0663368, 0.100799, 0.106911, 0.164494, 0.17776, 0.217953, 0.230267, 1, 

40,86,0.001, 0.016831, 0.0219461, 0.0261442, 0.0262016, 0.0663368, 0.0980615, 0.100799, 0.106911, 0.164494, 0.17776, 0.217953, 0.230267, 0.535553, 0.475426, 0.477239, 0.511489, 0.606937, 0.610299, 0.6522, 0.67643, 0.685118, 0.761045, 0.918703, 0.937746, 1, 

--- Pareto Front Solutions ---
Solution 0: N total=65 (N_initial=40, N_added=25), Time total=137 ms, Saved to: ./results/SPINV_t2_l1_pareto_0.csv, percents=0.001, 0.016831, 0.0219461, 0.0261442, 0.0262016, 0.0663368, 0.0980615, 0.100799, 0.106911, 0.164494, 0.17776, 0.217953, 0.230267, 1, 

Solution 1: N total=68 (N_initial=40, N_added=28), Time total=113 ms, Saved to: ./results/SPINV_t2_l1_pareto_1.csv, percents=0.001, 0.016831, 0.0219461, 0.0261442, 0.0262016, 0.0663368, 0.0663368, 0.0980615, 0.100799, 0.106911, 0.164494, 0.17776, 0.217953, 0.230267, 1, 

Solution 2: N total=64 (N_initial=40, N_added=24), Time total=188 ms, Saved to: ./results/SPINV_t2_l1_pareto_2.csv, percents=0.001, 0.016831, 0.0219461, 0.0261442, 0.0262016, 0.0663368, 0.0980615, 0.100799, 1, 

Solution 3: N total=67 (N_initial=40, N_added=27), Time total=128 ms, Saved to: ./results/SPINV_t2_l1_pareto_3.csv, percents=0.001, 0.016831, 0.0219461, 0.0261442, 0.0262016, 0.0663368, 0.0663368, 0.100799, 0.106911, 0.164494, 0.17776, 0.217953, 0.230267, 1, 

Solution 4: N total=80 (N_initial=40, N_added=40), Time total=106 ms, Saved to: ./results/SPINV_t2_l1_pareto_4.csv, percents=0.001, 0.016831, 0.0219461, 0.0261442, 0.0262016, 0.0663368, 0.0980615, 0.100799, 0.106911, 0.164494, 0.17776, 0.217953, 0.230267, 0.535553, 0.475426, 0.477239, 0.511489, 0.606937, 0.610299, 0.6522, 0.67643, 0.685118, 0.761045, 0.918703, 0.937746, 1, 

------------d=1, t=2, lambda=2, filename=./evaluation/SPINV/SPINV_2_2.csv------------
Computing partitioned counts of d-sets...
Ready to look at pairs based on partitioned counts...
First Stage N=56, Time=18
There are 157 remaining non-locating pairs
--- Running GA Algorithm (phase2) ---
Running GA with std::execution::par
Generation #0
40,45,0.001, 0.0125572, 0.0265236, 0.0598472, 0.154671, 0.157748, 0.17653, 0.233709, 0.286941, 0.302499, 0.425488, 0.444721, 0.547538, 0.624811, 0.770027, 0.793874, 0.812577, 0.857208, 0.88941, 1, 

42,29,0.001, 0.0137191, 0.0237637, 0.0563708, 0.0650053, 0.0660429, 0.085019, 0.104616, 0.110776, 0.116597, 0.187891, 0.190662, 0.29837, 0.321446, 0.347149, 0.405432, 0.422161, 0.473093, 0.622122, 0.630858, 0.682538, 0.6961, 0.78277, 0.867087, 0.891583, 0.894754, 0.898293, 0.951564, 0.969302, 1, 

31,69,0.001, 0.114801, 0.134205, 0.245956, 0.260319, 0.305502, 0.438048, 0.528669, 0.536993, 0.637147, 0.788872, 1, 

34,60,0.001, 0.114583, 0.121966, 0.12646, 0.147036, 0.184866, 0.249492, 0.273519, 0.359899, 0.591937, 0.655511, 0.656886, 0.796389, 0.931184, 0.964522, 1, 

45,27,0.001, 0.0236204, 0.0353422, 0.0599918, 0.0667191, 0.116441, 0.126983, 0.137625, 0.240195, 0.260182, 0.332317, 0.38971, 0.423519, 0.468446, 0.50733, 0.544861, 0.581238, 0.678034, 0.680358, 0.696706, 0.706592, 0.716684, 0.758613, 0.785225, 0.792986, 0.844088, 0.858675, 0.883896, 0.947193, 1, 

28,108,0.001, 0.0224469, 0.191374, 0.317448, 0.332488, 0.432288, 0.511078, 0.570948, 0.728984, 0.750045, 0.793696, 1, 

38,55,0.001, 0.0210922, 0.0410759, 0.0488195, 0.175948, 0.207767, 0.247471, 0.263325, 0.327626, 0.374899, 0.404579, 0.544734, 0.588862, 0.699359, 0.745503, 0.775498, 1, 

Generation #1
42,29,0.001, 0.0137191, 0.0237637, 0.0563708, 0.0650053, 0.0660429, 0.085019, 0.104616, 0.110776, 0.116597, 0.187891, 0.190662, 0.29837, 0.321446, 0.347149, 0.405432, 0.422161, 0.473093, 0.622122, 0.630858, 0.682538, 0.6961, 0.78277, 0.867087, 0.891583, 0.894754, 0.898293, 0.951564, 0.969302, 1, 

45,27,0.001, 0.0236204, 0.0353422, 0.0599918, 0.0667191, 0.116441, 0.126983, 0.137625, 0.240195, 0.260182, 0.332317, 0.38971, 0.423519, 0.468446, 0.50733, 0.544861, 0.581238, 0.678034, 0.680358, 0.696706, 0.706592, 0.716684, 0.758613, 0.785225, 0.792986, 0.844088, 0.858675, 0.883896, 0.947193, 1, 

28,108,0.001, 0.0224469, 0.191374, 0.317448, 0.332488, 0.432288, 0.511078, 0.570948, 0.728984, 0.750045, 0.793696, 1, 

41,38,0.001, 0.00944772, 0.0202211, 0.0235014, 0.0415586, 0.0626498, 0.206302, 0.232245, 0.235767, 0.304606, 0.338092, 0.353281, 0.383735, 0.552459, 0.656477, 0.711964, 0.772083, 0.787541, 0.789581, 0.808821, 0.844342, 0.94005, 0.965063, 1, 

29,43,0.001, 0.0201489, 0.0603609, 0.103888, 0.132947, 0.150165, 0.167906, 0.182049, 0.642918, 0.718857, 1, 

Generation #2
29,43,0.001, 0.0201489, 0.0603609, 0.103888, 0.132947, 0.150165, 0.167906, 0.182049, 0.642918, 0.718857, 1, 

31,41,0.001, 0.035396, 0.0486244, 0.0939062, 0.119259, 0.102858, 0.164248, 0.210658, 0.285715, 0.307006, 0.792086, 0.936359, 1, 

27,72,0.001, 0.100479, 0.201745, 0.103888, 0.132947, 0.150165, 0.167906, 0.182049, 0.642918, 0.718857, 1, 

39,27,0.001, 0.0210922, 0.0410759, 0.0235014, 0.0415586, 0.0626498, 0.206302, 0.232245, 0.235767, 0.304606, 0.338092, 0.353281, 0.383735, 0.552459, 0.656477, 0.711964, 0.772083, 0.779261, 0.787541, 0.789581, 0.808821, 0.844342, 0.94005, 0.965063, 1, 

Generation #3
29,43,0.001, 0.0201489, 0.0603609, 0.103888, 0.132947, 0.150165, 0.167906, 0.182049, 0.642918, 0.718857, 1, 

39,27,0.001, 0.0210922, 0.0410759, 0.0235014, 0.0415586, 0.0626498, 0.206302, 0.232245, 0.235767, 0.304606, 0.338092, 0.353281, 0.383735, 0.552459, 0.656477, 0.711964, 0.772083, 0.779261, 0.787541, 0.789581, 0.808821, 0.844342, 0.94005, 0.965063, 1, 

27,56,0.001, 0.114583, 0.121966, 0.12646, 0.147036, 0.184866, 0.167906, 0.182049, 0.0169331, 0.642918, 0.718857, 1, 

30,38,0.001, 0.0125572, 0.0265236, 0.0488195, 0.175948, 0.207767, 0.247471, 0.263325, 0.327626, 0.374899, 0.404579, 1, 

Generation #4
29,43,0.001, 0.0201489, 0.0603609, 0.103888, 0.132947, 0.150165, 0.167906, 0.182049, 0.642918, 0.718857, 1, 

39,27,0.001, 0.0210922, 0.0410759, 0.0235014, 0.0415586, 0.0626498, 0.206302, 0.232245, 0.235767, 0.304606, 0.338092, 0.353281, 0.383735, 0.552459, 0.656477, 0.711964, 0.772083, 0.779261, 0.787541, 0.789581, 0.808821, 0.844342, 0.94005, 0.965063, 1, 

27,56,0.001, 0.114583, 0.121966, 0.12646, 0.147036, 0.184866, 0.167906, 0.182049, 0.0169331, 0.642918, 0.718857, 1, 

30,38,0.001, 0.0125572, 0.0265236, 0.0488195, 0.175948, 0.207767, 0.247471, 0.263325, 0.327626, 0.374899, 0.404579, 1, 

33,35,0.001, 0.0236204, 0.0550654, 0.0882582, 0.149991, 0.153327, 0.193186, 0.24245, 0.24398, 0.425916, 0.498232, 0.517489, 0.59439, 0.61861, 0.875253, 1, 

28,46,0.001, 0.0246593, 0.0391196, 0.0599918, 0.0667191, 0.116441, 0.126983, 0.137625, 0.240195, 0.260182, 1, 

Generation #5
39,27,0.001, 0.0210922, 0.0410759, 0.0235014, 0.0415586, 0.0626498, 0.206302, 0.232245, 0.235767, 0.304606, 0.338092, 0.353281, 0.383735, 0.552459, 0.656477, 0.711964, 0.772083, 0.779261, 0.787541, 0.789581, 0.808821, 0.844342, 0.94005, 0.965063, 1, 

31,28,0.001, 0.0236204, 0.0353422, 0.0599918, 0.0667191, 0.116441, 0.126983, 0.137625, 0.240195, 0.260182, 0.332317, 0.517489, 0.59439, 0.61861, 0.875253, 1, 

26,29,0.001, 0.035396, 0.0486244, 0.0939062, 0.119259, 0.102858, 0.167906, 0.182049, 0.718857, 1, 

25,32,0.0246593, 0.0391196, 0.0599918, 0.0667191, 0.116441, 0.126983, 0.137625, 0.235767, 0.750045, 1, 

Generation #6
39,27,0.001, 0.0210922, 0.0410759, 0.0235014, 0.0415586, 0.0626498, 0.206302, 0.232245, 0.235767, 0.304606, 0.338092, 0.353281, 0.383735, 0.552459, 0.656477, 0.711964, 0.772083, 0.779261, 0.787541, 0.789581, 0.808821, 0.844342, 0.94005, 0.965063, 1, 

31,28,0.001, 0.0236204, 0.0353422, 0.0599918, 0.0667191, 0.116441, 0.126983, 0.137625, 0.240195, 0.260182, 0.332317, 0.517489, 0.59439, 0.61861, 0.875253, 1, 

26,29,0.001, 0.035396, 0.0486244, 0.0939062, 0.119259, 0.102858, 0.167906, 0.182049, 0.718857, 1, 

25,32,0.0246593, 0.0391196, 0.0599918, 0.0667191, 0.116441, 0.126983, 0.137625, 0.235767, 0.750045, 1, 

Generation #7
39,27,0.001, 0.0210922, 0.0410759, 0.0235014, 0.0415586, 0.0626498, 0.206302, 0.232245, 0.235767, 0.304606, 0.338092, 0.353281, 0.383735, 0.552459, 0.656477, 0.711964, 0.772083, 0.779261, 0.787541, 0.789581, 0.808821, 0.844342, 0.94005, 0.965063, 1, 

31,28,0.001, 0.0236204, 0.0353422, 0.0599918, 0.0667191, 0.116441, 0.126983, 0.137625, 0.240195, 0.260182, 0.332317, 0.517489, 0.59439, 0.61861, 0.875253, 1, 

26,29,0.001, 0.035396, 0.0486244, 0.0939062, 0.119259, 0.102858, 0.167906, 0.182049, 0.718857, 1, 

25,32,0.0246593, 0.0391196, 0.0599918, 0.0667191, 0.116441, 0.126983, 0.137625, 0.235767, 0.750045, 1, 

Generation #8
31,28,0.001, 0.0236204, 0.0353422, 0.0599918, 0.0667191, 0.116441, 0.126983, 0.137625, 0.240195, 0.260182, 0.332317, 0.517489, 0.59439, 0.61861, 0.875253, 1, 

26,29,0.001, 0.035396, 0.0486244, 0.0939062, 0.119259, 0.102858, 0.167906, 0.182049, 0.718857, 1, 

25,32,0.0246593, 0.0391196, 0.0599918, 0.0667191, 0.116441, 0.126983, 0.137625, 0.235767, 0.750045, 1, 

32,27,0.001, 0.0210922, 0.0410759, 0.0488195, 0.175948, 0.0626498, 0.085019, 0.104616, 0.110776, 0.116597, 0.187891, 0.190662, 0.29837, 0.693376, 0.321446, 0.61861, 0.875253, 1, 

Generation #9
24,48,0.001, 0.00944772, 0.0202211, 0.0235014, 0.0415586, 0.0626498, 0.206302, 0.232245, 0.235767, 0.750045, 1, 

25,26,0.001, 0.00944772, 0.0202211, 0.0235014, 0.0650053, 0.0660429, 0.206302, 0.232245, 0.235767, 0.750045, 1, 

Generation #10
24,48,0.001, 0.00944772, 0.0202211, 0.0235014, 0.0415586, 0.0626498, 0.206302, 0.232245, 0.235767, 0.750045, 1, 

25,26,0.001, 0.00944772, 0.0202211, 0.0235014, 0.0650053, 0.0660429, 0.206302, 0.232245, 0.235767, 0.750045, 1, 

41,22,0.001, 0.0137191, 0.0237637, 0.0563708, 0.0650053, 0.0660429, 0.085019, 0.104616, 0.110776, 0.116597, 0.338092, 0.353281, 0.383735, 0.552459, 0.656477, 0.711964, 0.772083, 0.779261, 0.787541, 0.789581, 0.808821, 0.844342, 0.94005, 0.965063, 1, 

Generation #11
25,26,0.001, 0.00944772, 0.0202211, 0.0235014, 0.0650053, 0.0660429, 0.206302, 0.232245, 0.235767, 0.750045, 1, 

24,41,0.0210922, 0.0202211, 0.0939062, 0.119259, 0.102858, 0.167906, 0.182049, 0.718857, 1, 

31,18,0.001, 0.0137191, 0.0237637, 0.0563708, 0.0650053, 0.0660429, 0.085019, 0.104616, 0.110776, 0.116597, 0.338092, 0.353281, 0.383735, 0.552459, 0.656477, 0.711964, 0.772083, 1, 

Generation #12
25,26,0.001, 0.00944772, 0.0202211, 0.0235014, 0.0650053, 0.0660429, 0.206302, 0.232245, 0.235767, 0.750045, 1, 

24,41,0.0210922, 0.0202211, 0.0939062, 0.119259, 0.102858, 0.167906, 0.182049, 0.718857, 1, 

31,18,0.001, 0.0137191, 0.0237637, 0.0563708, 0.0650053, 0.0660429, 0.085019, 0.104616, 0.110776, 0.116597, 0.338092, 0.353281, 0.383735, 0.552459, 0.656477, 0.711964, 0.772083, 1, 

Generation #13
25,26,0.001, 0.00944772, 0.0202211, 0.0235014, 0.0650053, 0.0660429, 0.206302, 0.232245, 0.235767, 0.750045, 1, 

24,41,0.0210922, 0.0202211, 0.0939062, 0.119259, 0.102858, 0.167906, 0.182049, 0.718857, 1, 

31,18,0.001, 0.0137191, 0.0237637, 0.0563708, 0.0650053, 0.0660429, 0.085019, 0.104616, 0.110776, 0.116597, 0.338092, 0.353281, 0.383735, 0.552459, 0.656477, 0.711964, 0.772083, 1, 

26,24,0.0246593, 0.0391196, 0.0237637, 0.0563708, 0.0650053, 0.0660429, 0.085019, 0.104616, 0.110776, 0.116597, 1, 

Generation #14
25,26,0.001, 0.00944772, 0.0202211, 0.0235014, 0.0650053, 0.0660429, 0.206302, 0.232245, 0.235767, 0.750045, 1, 

24,41,0.0210922, 0.0202211, 0.0939062, 0.119259, 0.102858, 0.167906, 0.182049, 0.718857, 1, 

31,18,0.001, 0.0137191, 0.0237637, 0.0563708, 0.0650053, 0.0660429, 0.085019, 0.104616, 0.110776, 0.116597, 0.338092, 0.353281, 0.383735, 0.552459, 0.656477, 0.711964, 0.772083, 1, 

26,24,0.0246593, 0.0391196, 0.0237637, 0.0563708, 0.0650053, 0.0660429, 0.085019, 0.104616, 0.110776, 0.116597, 1, 

Generation #15
25,26,0.001, 0.00944772, 0.0202211, 0.0235014, 0.0650053, 0.0660429, 0.206302, 0.232245, 0.235767, 0.750045, 1, 

24,41,0.0210922, 0.0202211, 0.0939062, 0.119259, 0.102858, 0.167906, 0.182049, 0.718857, 1, 

31,18,0.001, 0.0137191, 0.0237637, 0.0563708, 0.0650053, 0.0660429, 0.085019, 0.104616, 0.110776, 0.116597, 0.338092, 0.353281, 0.383735, 0.552459, 0.656477, 0.711964, 0.772083, 1, 

26,24,0.0246593, 0.0391196, 0.0237637, 0.0563708, 0.0650053, 0.0660429, 0.085019, 0.104616, 0.110776, 0.116597, 1, 

Generation #16
25,26,0.001, 0.00944772, 0.0202211, 0.0235014, 0.0650053, 0.0660429, 0.206302, 0.232245, 0.235767, 0.750045, 1, 

24,41,0.0210922, 0.0202211, 0.0939062, 0.119259, 0.102858, 0.167906, 0.182049, 0.718857, 1, 

31,18,0.001, 0.0137191, 0.0237637, 0.0563708, 0.0650053, 0.0660429, 0.085019, 0.104616, 0.110776, 0.116597, 0.338092, 0.353281, 0.383735, 0.552459, 0.656477, 0.711964, 0.772083, 1, 

26,24,0.0246593, 0.0391196, 0.0237637, 0.0563708, 0.0650053, 0.0660429, 0.085019, 0.104616, 0.110776, 0.116597, 1, 

39,12,0.001, 0.00944772, 0.0202211, 0.0235014, 0.0650053, 0.0626498, 0.104616, 0.110776, 0.116597, 0.187891, 0.190662, 0.481868, 0.499812, 0.0189088, 0.525549, 0.546053, 0.678671, 0.70502, 0.731887, 0.759845, 0.816571, 0.828887, 0.922108, 0.974227, 0.997153, 1, 

Generation #17
25,26,0.001, 0.00944772, 0.0202211, 0.0235014, 0.0650053, 0.0660429, 0.206302, 0.232245, 0.235767, 0.750045, 1, 

24,41,0.0210922, 0.0202211, 0.0939062, 0.119259, 0.102858, 0.167906, 0.182049, 0.718857, 1, 

31,18,0.001, 0.0137191, 0.0237637, 0.0563708, 0.0650053, 0.0660429, 0.085019, 0.104616, 0.110776, 0.116597, 0.338092, 0.353281, 0.383735, 0.552459, 0.656477, 0.711964, 0.772083, 1, 

26,24,0.0246593, 0.0391196, 0.0237637, 0.0563708, 0.0650053, 0.0660429, 0.085019, 0.104616, 0.110776, 0.116597, 1, 

39,12,0.001, 0.00944772, 0.0202211, 0.0235014, 0.0650053, 0.0626498, 0.104616, 0.110776, 0.116597, 0.187891, 0.190662, 0.481868, 0.499812, 0.0189088, 0.525549, 0.546053, 0.678671, 0.70502, 0.731887, 0.759845, 0.816571, 0.828887, 0.922108, 0.974227, 0.997153, 1, 

Generation #18
25,26,0.001, 0.00944772, 0.0202211, 0.0235014, 0.0650053, 0.0660429, 0.206302, 0.232245, 0.235767, 0.750045, 1, 

24,41,0.0210922, 0.0202211, 0.0939062, 0.119259, 0.102858, 0.167906, 0.182049, 0.718857, 1, 

31,18,0.001, 0.0137191, 0.0237637, 0.0563708, 0.0650053, 0.0660429, 0.085019, 0.104616, 0.110776, 0.116597, 0.338092, 0.353281, 0.383735, 0.552459, 0.656477, 0.711964, 0.772083, 1, 

26,24,0.0246593, 0.0391196, 0.0237637, 0.0563708, 0.0650053, 0.0660429, 0.085019, 0.104616, 0.110776, 0.116597, 1, 

39,12,0.001, 0.00944772, 0.0202211, 0.0235014, 0.0650053, 0.0626498, 0.104616, 0.110776, 0.116597, 0.187891, 0.190662, 0.481868, 0.499812, 0.0189088, 0.525549, 0.546053, 0.678671, 0.70502, 0.731887, 0.759845, 0.816571, 0.828887, 0.922108, 0.974227, 0.997153, 1, 

Generation #19
25,26,0.001, 0.00944772, 0.0202211, 0.0235014, 0.0650053, 0.0660429, 0.206302, 0.232245, 0.235767, 0.750045, 1, 

24,41,0.0210922, 0.0202211, 0.0939062, 0.119259, 0.102858, 0.167906, 0.182049, 0.718857, 1, 

31,18,0.001, 0.0137191, 0.0237637, 0.0563708, 0.0650053, 0.0660429, 0.085019, 0.104616, 0.110776, 0.116597, 0.338092, 0.353281, 0.383735, 0.552459, 0.656477, 0.711964, 0.772083, 1, 

26,24,0.0246593, 0.0391196, 0.0237637, 0.0563708, 0.0650053, 0.0660429, 0.085019, 0.104616, 0.110776, 0.116597, 1, 

39,12,0.001, 0.00944772, 0.0202211, 0.0235014, 0.0650053, 0.0626498, 0.104616, 0.110776, 0.116597, 0.187891, 0.190662, 0.481868, 0.499812, 0.0189088, 0.525549, 0.546053, 0.678671, 0.70502, 0.731887, 0.759845, 0.816571, 0.828887, 0.922108, 0.974227, 0.997153, 1, 

Generation #20
25,26,0.001, 0.00944772, 0.0202211, 0.0235014, 0.0650053, 0.0660429, 0.206302, 0.232245, 0.235767, 0.750045, 1, 

24,41,0.0210922, 0.0202211, 0.0939062, 0.119259, 0.102858, 0.167906, 0.182049, 0.718857, 1, 

31,18,0.001, 0.0137191, 0.0237637, 0.0563708, 0.0650053, 0.0660429, 0.085019, 0.104616, 0.110776, 0.116597, 0.338092, 0.353281, 0.383735, 0.552459, 0.656477, 0.711964, 0.772083, 1, 

26,24,0.0246593, 0.0391196, 0.0237637, 0.0563708, 0.0650053, 0.0660429, 0.085019, 0.104616, 0.110776, 0.116597, 1, 

39,12,0.001, 0.00944772, 0.0202211, 0.0235014, 0.0650053, 0.0626498, 0.104616, 0.110776, 0.116597, 0.187891, 0.190662, 0.481868, 0.499812, 0.0189088, 0.525549, 0.546053, 0.678671, 0.70502, 0.731887, 0.759845, 0.816571, 0.828887, 0.922108, 0.974227, 0.997153, 1, 

Generation #21
25,26,0.001, 0.00944772, 0.0202211, 0.0235014, 0.0650053, 0.0660429, 0.206302, 0.232245, 0.235767, 0.750045, 1, 

24,41,0.0210922, 0.0202211, 0.0939062, 0.119259, 0.102858, 0.167906, 0.182049, 0.718857, 1, 

31,18,0.001, 0.0137191, 0.0237637, 0.0563708, 0.0650053, 0.0660429, 0.085019, 0.104616, 0.110776, 0.116597, 0.338092, 0.353281, 0.383735, 0.552459, 0.656477, 0.711964, 0.772083, 1, 

26,24,0.0246593, 0.0391196, 0.0237637, 0.0563708, 0.0650053, 0.0660429, 0.085019, 0.104616, 0.110776, 0.116597, 1, 

39,12,0.001, 0.00944772, 0.0202211, 0.0235014, 0.0650053, 0.0626498, 0.104616, 0.110776, 0.116597, 0.187891, 0.190662, 0.481868, 0.499812, 0.0189088, 0.525549, 0.546053, 0.678671, 0.70502, 0.731887, 0.759845, 0.816571, 0.828887, 0.922108, 0.974227, 0.997153, 1, 

Generation #22
31,18,0.001, 0.0137191, 0.0237637, 0.0563708, 0.0650053, 0.0660429, 0.085019, 0.104616, 0.110776, 0.116597, 0.338092, 0.353281, 0.383735, 0.552459, 0.656477, 0.711964, 0.772083, 1, 

39,12,0.001, 0.00944772, 0.0202211, 0.0235014, 0.0650053, 0.0626498, 0.104616, 0.110776, 0.116597, 0.187891, 0.190662, 0.481868, 0.499812, 0.0189088, 0.525549, 0.546053, 0.678671, 0.70502, 0.731887, 0.759845, 0.816571, 0.828887, 0.922108, 0.974227, 0.997153, 1, 

24,20,0.001, 0.035396, 0.0237637, 0.0563708, 0.0415586, 0.0626498, 0.145114, 0.145843, 0.265812, 0.267108, 0.277352, 1, 

Generation #23
31,18,0.001, 0.0137191, 0.0237637, 0.0563708, 0.0650053, 0.0660429, 0.085019, 0.104616, 0.110776, 0.116597, 0.338092, 0.353281, 0.383735, 0.552459, 0.656477, 0.711964, 0.772083, 1, 

39,12,0.001, 0.00944772, 0.0202211, 0.0235014, 0.0650053, 0.0626498, 0.104616, 0.110776, 0.116597, 0.187891, 0.190662, 0.481868, 0.499812, 0.0189088, 0.525549, 0.546053, 0.678671, 0.70502, 0.731887, 0.759845, 0.816571, 0.828887, 0.922108, 0.974227, 0.997153, 1, 

24,20,0.001, 0.035396, 0.0237637, 0.0563708, 0.0415586, 0.0626498, 0.145114, 0.145843, 0.265812, 0.267108, 0.277352, 1, 

Generation #24
31,18,0.001, 0.0137191, 0.0237637, 0.0563708, 0.0650053, 0.0660429, 0.085019, 0.104616, 0.110776, 0.116597, 0.338092, 0.353281, 0.383735, 0.552459, 0.656477, 0.711964, 0.772083, 1, 

39,12,0.001, 0.00944772, 0.0202211, 0.0235014, 0.0650053, 0.0626498, 0.104616, 0.110776, 0.116597, 0.187891, 0.190662, 0.481868, 0.499812, 0.0189088, 0.525549, 0.546053, 0.678671, 0.70502, 0.731887, 0.759845, 0.816571, 0.828887, 0.922108, 0.974227, 0.997153, 1, 

24,20,0.001, 0.035396, 0.0237637, 0.0563708, 0.0415586, 0.0626498, 0.145114, 0.145843, 0.265812, 0.267108, 0.277352, 1, 

Generation #25
31,18,0.001, 0.0137191, 0.0237637, 0.0563708, 0.0650053, 0.0660429, 0.085019, 0.104616, 0.110776, 0.116597, 0.338092, 0.353281, 0.383735, 0.552459, 0.656477, 0.711964, 0.772083, 1, 

39,12,0.001, 0.00944772, 0.0202211, 0.0235014, 0.0650053, 0.0626498, 0.104616, 0.110776, 0.116597, 0.187891, 0.190662, 0.481868, 0.499812, 0.0189088, 0.525549, 0.546053, 0.678671, 0.70502, 0.731887, 0.759845, 0.816571, 0.828887, 0.922108, 0.974227, 0.997153, 1, 

24,20,0.001, 0.035396, 0.0237637, 0.0563708, 0.0415586, 0.0626498, 0.145114, 0.145843, 0.265812, 0.267108, 0.277352, 1, 

Generation #26
31,18,0.001, 0.0137191, 0.0237637, 0.0563708, 0.0650053, 0.0660429, 0.085019, 0.104616, 0.110776, 0.116597, 0.338092, 0.353281, 0.383735, 0.552459, 0.656477, 0.711964, 0.772083, 1, 

39,12,0.001, 0.00944772, 0.0202211, 0.0235014, 0.0650053, 0.0626498, 0.104616, 0.110776, 0.116597, 0.187891, 0.190662, 0.481868, 0.499812, 0.0189088, 0.525549, 0.546053, 0.678671, 0.70502, 0.731887, 0.759845, 0.816571, 0.828887, 0.922108, 0.974227, 0.997153, 1, 

24,20,0.001, 0.035396, 0.0237637, 0.0563708, 0.0415586, 0.0626498, 0.145114, 0.145843, 0.265812, 0.267108, 0.277352, 1, 

Generation #27
31,18,0.001, 0.0137191, 0.0237637, 0.0563708, 0.0650053, 0.0660429, 0.085019, 0.104616, 0.110776, 0.116597, 0.338092, 0.353281, 0.383735, 0.552459, 0.656477, 0.711964, 0.772083, 1, 

39,12,0.001, 0.00944772, 0.0202211, 0.0235014, 0.0650053, 0.0626498, 0.104616, 0.110776, 0.116597, 0.187891, 0.190662, 0.481868, 0.499812, 0.0189088, 0.525549, 0.546053, 0.678671, 0.70502, 0.731887, 0.759845, 0.816571, 0.828887, 0.922108, 0.974227, 0.997153, 1, 

24,20,0.001, 0.035396, 0.0237637, 0.0563708, 0.0415586, 0.0626498, 0.145114, 0.145843, 0.265812, 0.267108, 0.277352, 1, 

Generation #28
31,18,0.001, 0.0137191, 0.0237637, 0.0563708, 0.0650053, 0.0660429, 0.085019, 0.104616, 0.110776, 0.116597, 0.338092, 0.353281, 0.383735, 0.552459, 0.656477, 0.711964, 0.772083, 1, 

39,12,0.001, 0.00944772, 0.0202211, 0.0235014, 0.0650053, 0.0626498, 0.104616, 0.110776, 0.116597, 0.187891, 0.190662, 0.481868, 0.499812, 0.0189088, 0.525549, 0.546053, 0.678671, 0.70502, 0.731887, 0.759845, 0.816571, 0.828887, 0.922108, 0.974227, 0.997153, 1, 

24,20,0.001, 0.035396, 0.0237637, 0.0563708, 0.0415586, 0.0626498, 0.145114, 0.145843, 0.265812, 0.267108, 0.277352, 1, 

32,17,0.001, 0.00944772, 0.0202211, 0.0235014, 0.0415586, 0.0626498, 0.085019, 0.104616, 0.110776, 0.116597, 0.187891, 0.190662, 0.282928, 0.29837, 0.693376, 0.321446, 0.61861, 0.875253, 1, 

23,38,0.001, 0.00944772, 0.0202211, 0.0235014, 0.0415586, 0.0626498, 0.145114, 0.145843, 0.265812, 0.750045, 1, 

Generation #29
31,18,0.001, 0.0137191, 0.0237637, 0.0563708, 0.0650053, 0.0660429, 0.085019, 0.104616, 0.110776, 0.116597, 0.338092, 0.353281, 0.383735, 0.552459, 0.656477, 0.711964, 0.772083, 1, 

39,12,0.001, 0.00944772, 0.0202211, 0.0235014, 0.0650053, 0.0626498, 0.104616, 0.110776, 0.116597, 0.187891, 0.190662, 0.481868, 0.499812, 0.0189088, 0.525549, 0.546053, 0.678671, 0.70502, 0.731887, 0.759845, 0.816571, 0.828887, 0.922108, 0.974227, 0.997153, 1, 

24,20,0.001, 0.035396, 0.0237637, 0.0563708, 0.0415586, 0.0626498, 0.145114, 0.145843, 0.265812, 0.267108, 0.277352, 1, 

32,17,0.001, 0.00944772, 0.0202211, 0.0235014, 0.0415586, 0.0626498, 0.085019, 0.104616, 0.110776, 0.116597, 0.187891, 0.190662, 0.282928, 0.29837, 0.693376, 0.321446, 0.61861, 0.875253, 1, 

23,38,0.001, 0.00944772, 0.0202211, 0.0235014, 0.0415586, 0.0626498, 0.145114, 0.145843, 0.265812, 0.750045, 1, 

Generation #30
31,18,0.001, 0.0137191, 0.0237637, 0.0563708, 0.0650053, 0.0660429, 0.085019, 0.104616, 0.110776, 0.116597, 0.338092, 0.353281, 0.383735, 0.552459, 0.656477, 0.711964, 0.772083, 1, 

39,12,0.001, 0.00944772, 0.0202211, 0.0235014, 0.0650053, 0.0626498, 0.104616, 0.110776, 0.116597, 0.187891, 0.190662, 0.481868, 0.499812, 0.0189088, 0.525549, 0.546053, 0.678671, 0.70502, 0.731887, 0.759845, 0.816571, 0.828887, 0.922108, 0.974227, 0.997153, 1, 

24,20,0.001, 0.035396, 0.0237637, 0.0563708, 0.0415586, 0.0626498, 0.145114, 0.145843, 0.265812, 0.267108, 0.277352, 1, 

32,17,0.001, 0.00944772, 0.0202211, 0.0235014, 0.0415586, 0.0626498, 0.085019, 0.104616, 0.110776, 0.116597, 0.187891, 0.190662, 0.282928, 0.29837, 0.693376, 0.321446, 0.61861, 0.875253, 1, 

23,38,0.001, 0.00944772, 0.0202211, 0.0235014, 0.0415586, 0.0626498, 0.145114, 0.145843, 0.265812, 0.750045, 1, 

Generation #31
31,18,0.001, 0.0137191, 0.0237637, 0.0563708, 0.0650053, 0.0660429, 0.085019, 0.104616, 0.110776, 0.116597, 0.338092, 0.353281, 0.383735, 0.552459, 0.656477, 0.711964, 0.772083, 1, 

39,12,0.001, 0.00944772, 0.0202211, 0.0235014, 0.0650053, 0.0626498, 0.104616, 0.110776, 0.116597, 0.187891, 0.190662, 0.481868, 0.499812, 0.0189088, 0.525549, 0.546053, 0.678671, 0.70502, 0.731887, 0.759845, 0.816571, 0.828887, 0.922108, 0.974227, 0.997153, 1, 

24,20,0.001, 0.035396, 0.0237637, 0.0563708, 0.0415586, 0.0626498, 0.145114, 0.145843, 0.265812, 0.267108, 0.277352, 1, 

32,17,0.001, 0.00944772, 0.0202211, 0.0235014, 0.0415586, 0.0626498, 0.085019, 0.104616, 0.110776, 0.116597, 0.187891, 0.190662, 0.282928, 0.29837, 0.693376, 0.321446, 0.61861, 0.875253, 1, 

23,38,0.001, 0.00944772, 0.0202211, 0.0235014, 0.0415586, 0.0626498, 0.145114, 0.145843, 0.265812, 0.750045, 1, 

Generation #32
31,18,0.001, 0.0137191, 0.0237637, 0.0563708, 0.0650053, 0.0660429, 0.085019, 0.104616, 0.110776, 0.116597, 0.338092, 0.353281, 0.383735, 0.552459, 0.656477, 0.711964, 0.772083, 1, 

39,12,0.001, 0.00944772, 0.0202211, 0.0235014, 0.0650053, 0.0626498, 0.104616, 0.110776, 0.116597, 0.187891, 0.190662, 0.481868, 0.499812, 0.0189088, 0.525549, 0.546053, 0.678671, 0.70502, 0.731887, 0.759845, 0.816571, 0.828887, 0.922108, 0.974227, 0.997153, 1, 

24,20,0.001, 0.035396, 0.0237637, 0.0563708, 0.0415586, 0.0626498, 0.145114, 0.145843, 0.265812, 0.267108, 0.277352, 1, 

32,17,0.001, 0.00944772, 0.0202211, 0.0235014, 0.0415586, 0.0626498, 0.085019, 0.104616, 0.110776, 0.116597, 0.187891, 0.190662, 0.282928, 0.29837, 0.693376, 0.321446, 0.61861, 0.875253, 1, 

23,38,0.001, 0.00944772, 0.0202211, 0.0235014, 0.0415586, 0.0626498, 0.145114, 0.145843, 0.265812, 0.750045, 1, 

Generation #33
31,18,0.001, 0.0137191, 0.0237637, 0.0563708, 0.0650053, 0.0660429, 0.085019, 0.104616, 0.110776, 0.116597, 0.338092, 0.353281, 0.383735, 0.552459, 0.656477, 0.711964, 0.772083, 1, 

39,12,0.001, 0.00944772, 0.0202211, 0.0235014, 0.0650053, 0.0626498, 0.104616, 0.110776, 0.116597, 0.187891, 0.190662, 0.481868, 0.499812, 0.0189088, 0.525549, 0.546053, 0.678671, 0.70502, 0.731887, 0.759845, 0.816571, 0.828887, 0.922108, 0.974227, 0.997153, 1, 

24,20,0.001, 0.035396, 0.0237637, 0.0563708, 0.0415586, 0.0626498, 0.145114, 0.145843, 0.265812, 0.267108, 0.277352, 1, 

32,17,0.001, 0.00944772, 0.0202211, 0.0235014, 0.0415586, 0.0626498, 0.085019, 0.104616, 0.110776, 0.116597, 0.187891, 0.190662, 0.282928, 0.29837, 0.693376, 0.321446, 0.61861, 0.875253, 1, 

23,38,0.001, 0.00944772, 0.0202211, 0.0235014, 0.0415586, 0.0626498, 0.145114, 0.145843, 0.265812, 0.750045, 1, 

Generation #34
31,18,0.001, 0.0137191, 0.0237637, 0.0563708, 0.0650053, 0.0660429, 0.085019, 0.104616, 0.110776, 0.116597, 0.338092, 0.353281, 0.383735, 0.552459, 0.656477, 0.711964, 0.772083, 1, 

39,12,0.001, 0.00944772, 0.0202211, 0.0235014, 0.0650053, 0.0626498, 0.104616, 0.110776, 0.116597, 0.187891, 0.190662, 0.481868, 0.499812, 0.0189088, 0.525549, 0.546053, 0.678671, 0.70502, 0.731887, 0.759845, 0.816571, 0.828887, 0.922108, 0.974227, 0.997153, 1, 

24,20,0.001, 0.035396, 0.0237637, 0.0563708, 0.0415586, 0.0626498, 0.145114, 0.145843, 0.265812, 0.267108, 0.277352, 1, 

32,17,0.001, 0.00944772, 0.0202211, 0.0235014, 0.0415586, 0.0626498, 0.085019, 0.104616, 0.110776, 0.116597, 0.187891, 0.190662, 0.282928, 0.29837, 0.693376, 0.321446, 0.61861, 0.875253, 1, 

23,38,0.001, 0.00944772, 0.0202211, 0.0235014, 0.0415586, 0.0626498, 0.145114, 0.145843, 0.265812, 0.750045, 1, 

Generation #35
31,18,0.001, 0.0137191, 0.0237637, 0.0563708, 0.0650053, 0.0660429, 0.085019, 0.104616, 0.110776, 0.116597, 0.338092, 0.353281, 0.383735, 0.552459, 0.656477, 0.711964, 0.772083, 1, 

39,12,0.001, 0.00944772, 0.0202211, 0.0235014, 0.0650053, 0.0626498, 0.104616, 0.110776, 0.116597, 0.187891, 0.190662, 0.481868, 0.499812, 0.0189088, 0.525549, 0.546053, 0.678671, 0.70502, 0.731887, 0.759845, 0.816571, 0.828887, 0.922108, 0.974227, 0.997153, 1, 

24,20,0.001, 0.035396, 0.0237637, 0.0563708, 0.0415586, 0.0626498, 0.145114, 0.145843, 0.265812, 0.267108, 0.277352, 1, 

32,17,0.001, 0.00944772, 0.0202211, 0.0235014, 0.0415586, 0.0626498, 0.085019, 0.104616, 0.110776, 0.116597, 0.187891, 0.190662, 0.282928, 0.29837, 0.693376, 0.321446, 0.61861, 0.875253, 1, 

23,38,0.001, 0.00944772, 0.0202211, 0.0235014, 0.0415586, 0.0626498, 0.145114, 0.145843, 0.265812, 0.750045, 1, 

Generation #36
31,18,0.001, 0.0137191, 0.0237637, 0.0563708, 0.0650053, 0.0660429, 0.085019, 0.104616, 0.110776, 0.116597, 0.338092, 0.353281, 0.383735, 0.552459, 0.656477, 0.711964, 0.772083, 1, 

39,12,0.001, 0.00944772, 0.0202211, 0.0235014, 0.0650053, 0.0626498, 0.104616, 0.110776, 0.116597, 0.187891, 0.190662, 0.481868, 0.499812, 0.0189088, 0.525549, 0.546053, 0.678671, 0.70502, 0.731887, 0.759845, 0.816571, 0.828887, 0.922108, 0.974227, 0.997153, 1, 

24,20,0.001, 0.035396, 0.0237637, 0.0563708, 0.0415586, 0.0626498, 0.145114, 0.145843, 0.265812, 0.267108, 0.277352, 1, 

32,17,0.001, 0.00944772, 0.0202211, 0.0235014, 0.0415586, 0.0626498, 0.085019, 0.104616, 0.110776, 0.116597, 0.187891, 0.190662, 0.282928, 0.29837, 0.693376, 0.321446, 0.61861, 0.875253, 1, 

23,38,0.001, 0.00944772, 0.0202211, 0.0235014, 0.0415586, 0.0626498, 0.145114, 0.145843, 0.265812, 0.750045, 1, 

Generation #37
31,18,0.001, 0.0137191, 0.0237637, 0.0563708, 0.0650053, 0.0660429, 0.085019, 0.104616, 0.110776, 0.116597, 0.338092, 0.353281, 0.383735, 0.552459, 0.656477, 0.711964, 0.772083, 1, 

39,12,0.001, 0.00944772, 0.0202211, 0.0235014, 0.0650053, 0.0626498, 0.104616, 0.110776, 0.116597, 0.187891, 0.190662, 0.481868, 0.499812, 0.0189088, 0.525549, 0.546053, 0.678671, 0.70502, 0.731887, 0.759845, 0.816571, 0.828887, 0.922108, 0.974227, 0.997153, 1, 

24,20,0.001, 0.035396, 0.0237637, 0.0563708, 0.0415586, 0.0626498, 0.145114, 0.145843, 0.265812, 0.267108, 0.277352, 1, 

32,17,0.001, 0.00944772, 0.0202211, 0.0235014, 0.0415586, 0.0626498, 0.085019, 0.104616, 0.110776, 0.116597, 0.187891, 0.190662, 0.282928, 0.29837, 0.693376, 0.321446, 0.61861, 0.875253, 1, 

23,38,0.001, 0.00944772, 0.0202211, 0.0235014, 0.0415586, 0.0626498, 0.145114, 0.145843, 0.265812, 0.750045, 1, 

Generation #38
31,18,0.001, 0.0137191, 0.0237637, 0.0563708, 0.0650053, 0.0660429, 0.085019, 0.104616, 0.110776, 0.116597, 0.338092, 0.353281, 0.383735, 0.552459, 0.656477, 0.711964, 0.772083, 1, 

39,12,0.001, 0.00944772, 0.0202211, 0.0235014, 0.0650053, 0.0626498, 0.104616, 0.110776, 0.116597, 0.187891, 0.190662, 0.481868, 0.499812, 0.0189088, 0.525549, 0.546053, 0.678671, 0.70502, 0.731887, 0.759845, 0.816571, 0.828887, 0.922108, 0.974227, 0.997153, 1, 

24,20,0.001, 0.035396, 0.0237637, 0.0563708, 0.0415586, 0.0626498, 0.145114, 0.145843, 0.265812, 0.267108, 0.277352, 1, 

32,17,0.001, 0.00944772, 0.0202211, 0.0235014, 0.0415586, 0.0626498, 0.085019, 0.104616, 0.110776, 0.116597, 0.187891, 0.190662, 0.282928, 0.29837, 0.693376, 0.321446, 0.61861, 0.875253, 1, 

23,38,0.001, 0.00944772, 0.0202211, 0.0235014, 0.0415586, 0.0626498, 0.145114, 0.145843, 0.265812, 0.750045, 1, 

Generation #39
31,18,0.001, 0.0137191, 0.0237637, 0.0563708, 0.0650053, 0.0660429, 0.085019, 0.104616, 0.110776, 0.116597, 0.338092, 0.353281, 0.383735, 0.552459, 0.656477, 0.711964, 0.772083, 1, 

39,12,0.001, 0.00944772, 0.0202211, 0.0235014, 0.0650053, 0.0626498, 0.104616, 0.110776, 0.116597, 0.187891, 0.190662, 0.481868, 0.499812, 0.0189088, 0.525549, 0.546053, 0.678671, 0.70502, 0.731887, 0.759845, 0.816571, 0.828887, 0.922108, 0.974227, 0.997153, 1, 

24,20,0.001, 0.035396, 0.0237637, 0.0563708, 0.0415586, 0.0626498, 0.145114, 0.145843, 0.265812, 0.267108, 0.277352, 1, 

32,17,0.001, 0.00944772, 0.0202211, 0.0235014, 0.0415586, 0.0626498, 0.085019, 0.104616, 0.110776, 0.116597, 0.187891, 0.190662, 0.282928, 0.29837, 0.693376, 0.321446, 0.61861, 0.875253, 1, 

23,38,0.001, 0.00944772, 0.0202211, 0.0235014, 0.0415586, 0.0626498, 0.145114, 0.145843, 0.265812, 0.750045, 1, 

Generation #40
31,18,0.001, 0.0137191, 0.0237637, 0.0563708, 0.0650053, 0.0660429, 0.085019, 0.104616, 0.110776, 0.116597, 0.338092, 0.353281, 0.383735, 0.552459, 0.656477, 0.711964, 0.772083, 1, 

39,12,0.001, 0.00944772, 0.0202211, 0.0235014, 0.0650053, 0.0626498, 0.104616, 0.110776, 0.116597, 0.187891, 0.190662, 0.481868, 0.499812, 0.0189088, 0.525549, 0.546053, 0.678671, 0.70502, 0.731887, 0.759845, 0.816571, 0.828887, 0.922108, 0.974227, 0.997153, 1, 

24,20,0.001, 0.035396, 0.0237637, 0.0563708, 0.0415586, 0.0626498, 0.145114, 0.145843, 0.265812, 0.267108, 0.277352, 1, 

32,17,0.001, 0.00944772, 0.0202211, 0.0235014, 0.0415586, 0.0626498, 0.085019, 0.104616, 0.110776, 0.116597, 0.187891, 0.190662, 0.282928, 0.29837, 0.693376, 0.321446, 0.61861, 0.875253, 1, 

23,38,0.001, 0.00944772, 0.0202211, 0.0235014, 0.0415586, 0.0626498, 0.145114, 0.145843, 0.265812, 0.750045, 1, 

Generation #41
31,18,0.001, 0.0137191, 0.0237637, 0.0563708, 0.0650053, 0.0660429, 0.085019, 0.104616, 0.110776, 0.116597, 0.338092, 0.353281, 0.383735, 0.552459, 0.656477, 0.711964, 0.772083, 1, 

39,12,0.001, 0.00944772, 0.0202211, 0.0235014, 0.0650053, 0.0626498, 0.104616, 0.110776, 0.116597, 0.187891, 0.190662, 0.481868, 0.499812, 0.0189088, 0.525549, 0.546053, 0.678671, 0.70502, 0.731887, 0.759845, 0.816571, 0.828887, 0.922108, 0.974227, 0.997153, 1, 

24,20,0.001, 0.035396, 0.0237637, 0.0563708, 0.0415586, 0.0626498, 0.145114, 0.145843, 0.265812, 0.267108, 0.277352, 1, 

32,17,0.001, 0.00944772, 0.0202211, 0.0235014, 0.0415586, 0.0626498, 0.085019, 0.104616, 0.110776, 0.116597, 0.187891, 0.190662, 0.282928, 0.29837, 0.693376, 0.321446, 0.61861, 0.875253, 1, 

23,38,0.001, 0.00944772, 0.0202211, 0.0235014, 0.0415586, 0.0626498, 0.145114, 0.145843, 0.265812, 0.750045, 1, 

Generation #42
31,18,0.001, 0.0137191, 0.0237637, 0.0563708, 0.0650053, 0.0660429, 0.085019, 0.104616, 0.110776, 0.116597, 0.338092, 0.353281, 0.383735, 0.552459, 0.656477, 0.711964, 0.772083, 1, 

39,12,0.001, 0.00944772, 0.0202211, 0.0235014, 0.0650053, 0.0626498, 0.104616, 0.110776, 0.116597, 0.187891, 0.190662, 0.481868, 0.499812, 0.0189088, 0.525549, 0.546053, 0.678671, 0.70502, 0.731887, 0.759845, 0.816571, 0.828887, 0.922108, 0.974227, 0.997153, 1, 

24,20,0.001, 0.035396, 0.0237637, 0.0563708, 0.0415586, 0.0626498, 0.145114, 0.145843, 0.265812, 0.267108, 0.277352, 1, 

32,17,0.001, 0.00944772, 0.0202211, 0.0235014, 0.0415586, 0.0626498, 0.085019, 0.104616, 0.110776, 0.116597, 0.187891, 0.190662, 0.282928, 0.29837, 0.693376, 0.321446, 0.61861, 0.875253, 1, 

23,38,0.001, 0.00944772, 0.0202211, 0.0235014, 0.0415586, 0.0626498, 0.145114, 0.145843, 0.265812, 0.750045, 1, 

Generation #43
31,18,0.001, 0.0137191, 0.0237637, 0.0563708, 0.0650053, 0.0660429, 0.085019, 0.104616, 0.110776, 0.116597, 0.338092, 0.353281, 0.383735, 0.552459, 0.656477, 0.711964, 0.772083, 1, 

39,12,0.001, 0.00944772, 0.0202211, 0.0235014, 0.0650053, 0.0626498, 0.104616, 0.110776, 0.116597, 0.187891, 0.190662, 0.481868, 0.499812, 0.0189088, 0.525549, 0.546053, 0.678671, 0.70502, 0.731887, 0.759845, 0.816571, 0.828887, 0.922108, 0.974227, 0.997153, 1, 

24,20,0.001, 0.035396, 0.0237637, 0.0563708, 0.0415586, 0.0626498, 0.145114, 0.145843, 0.265812, 0.267108, 0.277352, 1, 

32,17,0.001, 0.00944772, 0.0202211, 0.0235014, 0.0415586, 0.0626498, 0.085019, 0.104616, 0.110776, 0.116597, 0.187891, 0.190662, 0.282928, 0.29837, 0.693376, 0.321446, 0.61861, 0.875253, 1, 

23,38,0.001, 0.00944772, 0.0202211, 0.0235014, 0.0415586, 0.0626498, 0.145114, 0.145843, 0.265812, 0.750045, 1, 

Generation #44
31,18,0.001, 0.0137191, 0.0237637, 0.0563708, 0.0650053, 0.0660429, 0.085019, 0.104616, 0.110776, 0.116597, 0.338092, 0.353281, 0.383735, 0.552459, 0.656477, 0.711964, 0.772083, 1, 

39,12,0.001, 0.00944772, 0.0202211, 0.0235014, 0.0650053, 0.0626498, 0.104616, 0.110776, 0.116597, 0.187891, 0.190662, 0.481868, 0.499812, 0.0189088, 0.525549, 0.546053, 0.678671, 0.70502, 0.731887, 0.759845, 0.816571, 0.828887, 0.922108, 0.974227, 0.997153, 1, 

24,20,0.001, 0.035396, 0.0237637, 0.0563708, 0.0415586, 0.0626498, 0.145114, 0.145843, 0.265812, 0.267108, 0.277352, 1, 

32,17,0.001, 0.00944772, 0.0202211, 0.0235014, 0.0415586, 0.0626498, 0.085019, 0.104616, 0.110776, 0.116597, 0.187891, 0.190662, 0.282928, 0.29837, 0.693376, 0.321446, 0.61861, 0.875253, 1, 

23,38,0.001, 0.00944772, 0.0202211, 0.0235014, 0.0415586, 0.0626498, 0.145114, 0.145843, 0.265812, 0.750045, 1, 

Generation #45
31,18,0.001, 0.0137191, 0.0237637, 0.0563708, 0.0650053, 0.0660429, 0.085019, 0.104616, 0.110776, 0.116597, 0.338092, 0.353281, 0.383735, 0.552459, 0.656477, 0.711964, 0.772083, 1, 

39,12,0.001, 0.00944772, 0.0202211, 0.0235014, 0.0650053, 0.0626498, 0.104616, 0.110776, 0.116597, 0.187891, 0.190662, 0.481868, 0.499812, 0.0189088, 0.525549, 0.546053, 0.678671, 0.70502, 0.731887, 0.759845, 0.816571, 0.828887, 0.922108, 0.974227, 0.997153, 1, 

24,20,0.001, 0.035396, 0.0237637, 0.0563708, 0.0415586, 0.0626498, 0.145114, 0.145843, 0.265812, 0.267108, 0.277352, 1, 

32,17,0.001, 0.00944772, 0.0202211, 0.0235014, 0.0415586, 0.0626498, 0.085019, 0.104616, 0.110776, 0.116597, 0.187891, 0.190662, 0.282928, 0.29837, 0.693376, 0.321446, 0.61861, 0.875253, 1, 

23,38,0.001, 0.00944772, 0.0202211, 0.0235014, 0.0415586, 0.0626498, 0.145114, 0.145843, 0.265812, 0.750045, 1, 

Generation #46
31,18,0.001, 0.0137191, 0.0237637, 0.0563708, 0.0650053, 0.0660429, 0.085019, 0.104616, 0.110776, 0.116597, 0.338092, 0.353281, 0.383735, 0.552459, 0.656477, 0.711964, 0.772083, 1, 

39,12,0.001, 0.00944772, 0.0202211, 0.0235014, 0.0650053, 0.0626498, 0.104616, 0.110776, 0.116597, 0.187891, 0.190662, 0.481868, 0.499812, 0.0189088, 0.525549, 0.546053, 0.678671, 0.70502, 0.731887, 0.759845, 0.816571, 0.828887, 0.922108, 0.974227, 0.997153, 1, 

24,20,0.001, 0.035396, 0.0237637, 0.0563708, 0.0415586, 0.0626498, 0.145114, 0.145843, 0.265812, 0.267108, 0.277352, 1, 

32,17,0.001, 0.00944772, 0.0202211, 0.0235014, 0.0415586, 0.0626498, 0.085019, 0.104616, 0.110776, 0.116597, 0.187891, 0.190662, 0.282928, 0.29837, 0.693376, 0.321446, 0.61861, 0.875253, 1, 

23,38,0.001, 0.00944772, 0.0202211, 0.0235014, 0.0415586, 0.0626498, 0.145114, 0.145843, 0.265812, 0.750045, 1, 

Generation #47
31,18,0.001, 0.0137191, 0.0237637, 0.0563708, 0.0650053, 0.0660429, 0.085019, 0.104616, 0.110776, 0.116597, 0.338092, 0.353281, 0.383735, 0.552459, 0.656477, 0.711964, 0.772083, 1, 

39,12,0.001, 0.00944772, 0.0202211, 0.0235014, 0.0650053, 0.0626498, 0.104616, 0.110776, 0.116597, 0.187891, 0.190662, 0.481868, 0.499812, 0.0189088, 0.525549, 0.546053, 0.678671, 0.70502, 0.731887, 0.759845, 0.816571, 0.828887, 0.922108, 0.974227, 0.997153, 1, 

24,20,0.001, 0.035396, 0.0237637, 0.0563708, 0.0415586, 0.0626498, 0.145114, 0.145843, 0.265812, 0.267108, 0.277352, 1, 

32,17,0.001, 0.00944772, 0.0202211, 0.0235014, 0.0415586, 0.0626498, 0.085019, 0.104616, 0.110776, 0.116597, 0.187891, 0.190662, 0.282928, 0.29837, 0.693376, 0.321446, 0.61861, 0.875253, 1, 

23,38,0.001, 0.00944772, 0.0202211, 0.0235014, 0.0415586, 0.0626498, 0.145114, 0.145843, 0.265812, 0.750045, 1, 

Generation #48
31,18,0.001, 0.0137191, 0.0237637, 0.0563708, 0.0650053, 0.0660429, 0.085019, 0.104616, 0.110776, 0.116597, 0.338092, 0.353281, 0.383735, 0.552459, 0.656477, 0.711964, 0.772083, 1, 

39,12,0.001, 0.00944772, 0.0202211, 0.0235014, 0.0650053, 0.0626498, 0.104616, 0.110776, 0.116597, 0.187891, 0.190662, 0.481868, 0.499812, 0.0189088, 0.525549, 0.546053, 0.678671, 0.70502, 0.731887, 0.759845, 0.816571, 0.828887, 0.922108, 0.974227, 0.997153, 1, 

24,20,0.001, 0.035396, 0.0237637, 0.0563708, 0.0415586, 0.0626498, 0.145114, 0.145843, 0.265812, 0.267108, 0.277352, 1, 

32,17,0.001, 0.00944772, 0.0202211, 0.0235014, 0.0415586, 0.0626498, 0.085019, 0.104616, 0.110776, 0.116597, 0.187891, 0.190662, 0.282928, 0.29837, 0.693376, 0.321446, 0.61861, 0.875253, 1, 

23,38,0.001, 0.00944772, 0.0202211, 0.0235014, 0.0415586, 0.0626498, 0.145114, 0.145843, 0.265812, 0.750045, 1, 

Generation #49
31,18,0.001, 0.0137191, 0.0237637, 0.0563708, 0.0650053, 0.0660429, 0.085019, 0.104616, 0.110776, 0.116597, 0.338092, 0.353281, 0.383735, 0.552459, 0.656477, 0.711964, 0.772083, 1, 

39,12,0.001, 0.00944772, 0.0202211, 0.0235014, 0.0650053, 0.0626498, 0.104616, 0.110776, 0.116597, 0.187891, 0.190662, 0.481868, 0.499812, 0.0189088, 0.525549, 0.546053, 0.678671, 0.70502, 0.731887, 0.759845, 0.816571, 0.828887, 0.922108, 0.974227, 0.997153, 1, 

24,20,0.001, 0.035396, 0.0237637, 0.0563708, 0.0415586, 0.0626498, 0.145114, 0.145843, 0.265812, 0.267108, 0.277352, 1, 

32,17,0.001, 0.00944772, 0.0202211, 0.0235014, 0.0415586, 0.0626498, 0.085019, 0.104616, 0.110776, 0.116597, 0.187891, 0.190662, 0.282928, 0.29837, 0.693376, 0.321446, 0.61861, 0.875253, 1, 

23,38,0.001, 0.00944772, 0.0202211, 0.0235014, 0.0415586, 0.0626498, 0.145114, 0.145843, 0.265812, 0.750045, 1, 

36,16,0.0246593, 0.00944772, 0.0202211, 0.0235014, 0.0415586, 0.0626498, 0.085019, 0.104616, 0.110776, 0.116597, 0.187891, 0.190662, 0.282928, 0.29837, 0.693376, 0.321446, 0.61861, 0.875253, 1, 

--- Pareto Front Solutions ---
Solution 0: N total=87 (N_initial=56, N_added=31), Time total=36 ms, Saved to: ./results/SPINV_t2_l2_pareto_0.csv, percents=0.001, 0.0137191, 0.0237637, 0.0563708, 0.0650053, 0.0660429, 0.085019, 0.104616, 0.110776, 0.116597, 0.338092, 0.353281, 0.383735, 0.552459, 0.656477, 0.711964, 0.772083, 1, 

Solution 1: N total=95 (N_initial=56, N_added=39), Time total=30 ms, Saved to: ./results/SPINV_t2_l2_pareto_1.csv, percents=0.001, 0.00944772, 0.0202211, 0.0235014, 0.0650053, 0.0626498, 0.104616, 0.110776, 0.116597, 0.187891, 0.190662, 0.481868, 0.499812, 0.0189088, 0.525549, 0.546053, 0.678671, 0.70502, 0.731887, 0.759845, 0.816571, 0.828887, 0.922108, 0.974227, 0.997153, 1, 

Solution 2: N total=80 (N_initial=56, N_added=24), Time total=38 ms, Saved to: ./results/SPINV_t2_l2_pareto_2.csv, percents=0.001, 0.035396, 0.0237637, 0.0563708, 0.0415586, 0.0626498, 0.145114, 0.145843, 0.265812, 0.267108, 0.277352, 1, 

Solution 3: N total=88 (N_initial=56, N_added=32), Time total=35 ms, Saved to: ./results/SPINV_t2_l2_pareto_3.csv, percents=0.001, 0.00944772, 0.0202211, 0.0235014, 0.0415586, 0.0626498, 0.085019, 0.104616, 0.110776, 0.116597, 0.187891, 0.190662, 0.282928, 0.29837, 0.693376, 0.321446, 0.61861, 0.875253, 1, 

Solution 4: N total=79 (N_initial=56, N_added=23), Time total=56 ms, Saved to: ./results/SPINV_t2_l2_pareto_4.csv, percents=0.001, 0.00944772, 0.0202211, 0.0235014, 0.0415586, 0.0626498, 0.145114, 0.145843, 0.265812, 0.750045, 1, 

Solution 5: N total=92 (N_initial=56, N_added=36), Time total=34 ms, Saved to: ./results/SPINV_t2_l2_pareto_5.csv, percents=0.0246593, 0.00944772, 0.0202211, 0.0235014, 0.0415586, 0.0626498, 0.085019, 0.104616, 0.110776, 0.116597, 0.187891, 0.190662, 0.282928, 0.29837, 0.693376, 0.321446, 0.61861, 0.875253, 1, 

------------d=1, t=2, lambda=3, filename=./evaluation/SPINV/SPINV_2_3.csv------------
Computing partitioned counts of d-sets...
Ready to look at pairs based on partitioned counts...
First Stage N=64, Time=18
There are 151 remaining non-locating pairs
--- Running GA Algorithm (phase2) ---
Running GA with std::execution::par
Generation #0
37,35,0.001, 0.0249903, 0.067931, 0.0707274, 0.0946833, 0.112583, 0.113907, 0.140762, 0.153506, 0.196705, 0.308148, 0.354538, 0.413126, 0.415712, 0.522508, 0.530201, 0.6296, 0.670401, 0.714326, 0.942781, 0.985828, 1, 

41,30,0.001, 0.02725, 0.0374336, 0.0412308, 0.0974913, 0.123236, 0.192486, 0.310217, 0.350204, 0.392546, 0.447073, 0.613965, 0.62646, 0.716824, 0.780551, 0.82692, 0.851199, 0.86761, 0.912162, 0.929449, 0.946507, 0.960662, 0.962086, 0.969415, 0.976519, 1, 

32,70,0.001, 0.12286, 0.140807, 0.147849, 0.162288, 0.168128, 0.297936, 0.346592, 0.457866, 0.488461, 0.558653, 0.564542, 0.821859, 0.845436, 1, 

30,110,0.001, 0.0369022, 0.0666819, 0.294738, 0.357942, 0.542788, 0.591943, 0.807907, 0.844438, 0.8931, 1, 

31,103,0.001, 0.136345, 0.165498, 0.293451, 0.306626, 0.330808, 0.336009, 0.395321, 0.501042, 0.62027, 0.637457, 0.831276, 0.845072, 0.891202, 1, 

28,205,0.001, 0.530906, 0.534258, 0.548719, 0.557246, 0.643187, 0.671406, 0.895087, 0.910822, 0.918849, 1, 

29,190,0.001, 0.45382, 0.481032, 0.602094, 0.602325, 0.743618, 0.841813, 0.973248, 0.973792, 0.989384, 1, 

36,53,0.001, 0.126139, 0.138178, 0.173197, 0.200829, 0.200896, 0.21991, 0.326965, 0.344422, 0.368089, 0.490695, 0.723545, 0.732445, 0.752895, 0.819366, 0.913202, 0.966925, 1, 

35,62,0.001, 0.0316479, 0.064822, 0.119806, 0.127017, 0.208019, 0.208504, 0.354118, 0.458912, 0.477893, 0.525825, 0.651954, 0.660688, 0.679425, 0.741417, 0.769959, 0.929811, 0.988685, 1, 

Generation #1
28,23,0.001, 0.02725, 0.0374336, 0.0412308, 0.0974913, 0.168128, 0.297936, 0.346592, 0.457866, 0.488461, 0.558653, 0.564542, 0.821859, 0.845436, 1, 

Generation #2
28,23,0.001, 0.02725, 0.0374336, 0.0412308, 0.0974913, 0.168128, 0.297936, 0.346592, 0.457866, 0.488461, 0.558653, 0.564542, 0.821859, 0.845436, 1, 

23,29,0.001, 0.0327586, 0.0370432, 0.0759232, 0.0790006, 0.117618, 0.224403, 0.604601, 0.707373, 0.75994, 1, 

Generation #3
28,23,0.001, 0.02725, 0.0374336, 0.0412308, 0.0974913, 0.168128, 0.297936, 0.346592, 0.457866, 0.488461, 0.558653, 0.564542, 0.821859, 0.845436, 1, 

23,29,0.001, 0.0327586, 0.0370432, 0.0759232, 0.0790006, 0.117618, 0.224403, 0.604601, 0.707373, 0.75994, 1, 

Generation #4
28,23,0.001, 0.02725, 0.0374336, 0.0412308, 0.0974913, 0.168128, 0.297936, 0.346592, 0.457866, 0.488461, 0.558653, 0.564542, 0.821859, 0.845436, 1, 

23,29,0.001, 0.0327586, 0.0370432, 0.0759232, 0.0790006, 0.117618, 0.224403, 0.604601, 0.707373, 0.75994, 1, 

34,19,0.001, 0.0250389, 0.0465712, 0.0473764, 0.0787907, 0.108654, 0.12846, 0.456262, 0.568008, 0.454009, 0.68207, 0.687313, 0.949129, 0.954011, 1, 

Generation #5
28,23,0.001, 0.02725, 0.0374336, 0.0412308, 0.0974913, 0.168128, 0.297936, 0.346592, 0.457866, 0.488461, 0.558653, 0.564542, 0.821859, 0.845436, 1, 

23,29,0.001, 0.0327586, 0.0370432, 0.0759232, 0.0790006, 0.117618, 0.224403, 0.604601, 0.707373, 0.75994, 1, 

34,19,0.001, 0.0250389, 0.0465712, 0.0473764, 0.0787907, 0.108654, 0.12846, 0.456262, 0.568008, 0.454009, 0.68207, 0.687313, 0.949129, 0.954011, 1, 

Generation #6
23,29,0.001, 0.0327586, 0.0370432, 0.0759232, 0.0790006, 0.117618, 0.224403, 0.604601, 0.707373, 0.75994, 1, 

34,19,0.001, 0.0250389, 0.0465712, 0.0473764, 0.0787907, 0.108654, 0.12846, 0.456262, 0.568008, 0.454009, 0.68207, 0.687313, 0.949129, 0.954011, 1, 

27,21,0.001, 0.02725, 0.0374336, 0.0412308, 0.0787907, 0.108654, 0.12846, 0.222602, 0.488461, 1, 

Generation #7
23,29,0.001, 0.0327586, 0.0370432, 0.0759232, 0.0790006, 0.117618, 0.224403, 0.604601, 0.707373, 0.75994, 1, 

34,19,0.001, 0.0250389, 0.0465712, 0.0473764, 0.0787907, 0.108654, 0.12846, 0.456262, 0.568008, 0.454009, 0.68207, 0.687313, 0.949129, 0.954011, 1, 

27,21,0.001, 0.02725, 0.0374336, 0.0412308, 0.0787907, 0.108654, 0.12846, 0.222602, 0.488461, 1, 

Generation #8
23,29,0.001, 0.0327586, 0.0370432, 0.0759232, 0.0790006, 0.117618, 0.224403, 0.604601, 0.707373, 0.75994, 1, 

34,19,0.001, 0.0250389, 0.0465712, 0.0473764, 0.0787907, 0.108654, 0.12846, 0.456262, 0.568008, 0.454009, 0.68207, 0.687313, 0.949129, 0.954011, 1, 

27,21,0.001, 0.02725, 0.0374336, 0.0412308, 0.0787907, 0.108654, 0.12846, 0.222602, 0.488461, 1, 

Generation #9
23,29,0.001, 0.0327586, 0.0370432, 0.0759232, 0.0790006, 0.117618, 0.224403, 0.604601, 0.707373, 0.75994, 1, 

34,19,0.001, 0.0250389, 0.0465712, 0.0473764, 0.0787907, 0.108654, 0.12846, 0.456262, 0.568008, 0.454009, 0.68207, 0.687313, 0.949129, 0.954011, 1, 

27,21,0.001, 0.02725, 0.0374336, 0.0412308, 0.0787907, 0.108654, 0.12846, 0.222602, 0.488461, 1, 

Generation #10
23,29,0.001, 0.0327586, 0.0370432, 0.0759232, 0.0790006, 0.117618, 0.224403, 0.604601, 0.707373, 0.75994, 1, 

34,19,0.001, 0.0250389, 0.0465712, 0.0473764, 0.0787907, 0.108654, 0.12846, 0.456262, 0.568008, 0.454009, 0.68207, 0.687313, 0.949129, 0.954011, 1, 

27,21,0.001, 0.02725, 0.0374336, 0.0412308, 0.0787907, 0.108654, 0.12846, 0.222602, 0.488461, 1, 

Generation #11
23,29,0.001, 0.0327586, 0.0370432, 0.0759232, 0.0790006, 0.117618, 0.224403, 0.604601, 0.707373, 0.75994, 1, 

34,19,0.001, 0.0250389, 0.0465712, 0.0473764, 0.0787907, 0.108654, 0.12846, 0.456262, 0.568008, 0.454009, 0.68207, 0.687313, 0.949129, 0.954011, 1, 

27,21,0.001, 0.02725, 0.0374336, 0.0412308, 0.0787907, 0.108654, 0.12846, 0.222602, 0.488461, 1, 

Generation #12
34,19,0.001, 0.0250389, 0.0465712, 0.0473764, 0.0787907, 0.108654, 0.12846, 0.456262, 0.568008, 0.454009, 0.68207, 0.687313, 0.949129, 0.954011, 1, 

27,21,0.001, 0.02725, 0.0374336, 0.0412308, 0.0787907, 0.108654, 0.12846, 0.222602, 0.488461, 1, 

23,22,0.001, 0.0249903, 0.0374336, 0.0412308, 0.0787907, 0.108654, 0.12846, 0.222602, 0.488461, 1, 

Generation #13
34,19,0.001, 0.0250389, 0.0465712, 0.0473764, 0.0787907, 0.108654, 0.12846, 0.456262, 0.568008, 0.454009, 0.68207, 0.687313, 0.949129, 0.954011, 1, 

27,21,0.001, 0.02725, 0.0374336, 0.0412308, 0.0787907, 0.108654, 0.12846, 0.222602, 0.488461, 1, 

23,22,0.001, 0.0249903, 0.0374336, 0.0412308, 0.0787907, 0.108654, 0.12846, 0.222602, 0.488461, 1, 

Generation #14
34,19,0.001, 0.0250389, 0.0465712, 0.0473764, 0.0787907, 0.108654, 0.12846, 0.456262, 0.568008, 0.454009, 0.68207, 0.687313, 0.949129, 0.954011, 1, 

23,22,0.001, 0.0249903, 0.0374336, 0.0412308, 0.0787907, 0.108654, 0.12846, 0.222602, 0.488461, 1, 

26,21,0.001, 0.02725, 0.0374336, 0.0412308, 0.0787907, 0.108654, 0.12846, 0.222602, 0.232675, 0.488461, 0.725093, 0.62646, 1, 

Generation #15
34,19,0.001, 0.0250389, 0.0465712, 0.0473764, 0.0787907, 0.108654, 0.12846, 0.456262, 0.568008, 0.454009, 0.68207, 0.687313, 0.949129, 0.954011, 1, 

23,22,0.001, 0.0249903, 0.0374336, 0.0412308, 0.0787907, 0.108654, 0.12846, 0.222602, 0.488461, 1, 

26,21,0.001, 0.02725, 0.0374336, 0.0412308, 0.0787907, 0.108654, 0.12846, 0.222602, 0.232675, 0.488461, 0.725093, 0.62646, 1, 

Generation #16
34,19,0.001, 0.0250389, 0.0465712, 0.0473764, 0.0787907, 0.108654, 0.12846, 0.456262, 0.568008, 0.454009, 0.68207, 0.687313, 0.949129, 0.954011, 1, 

23,22,0.001, 0.0249903, 0.0374336, 0.0412308, 0.0787907, 0.108654, 0.12846, 0.222602, 0.488461, 1, 

26,21,0.001, 0.02725, 0.0374336, 0.0412308, 0.0787907, 0.108654, 0.12846, 0.222602, 0.232675, 0.488461, 0.725093, 0.62646, 1, 

Generation #17
34,19,0.001, 0.0250389, 0.0465712, 0.0473764, 0.0787907, 0.108654, 0.12846, 0.456262, 0.568008, 0.454009, 0.68207, 0.687313, 0.949129, 0.954011, 1, 

23,22,0.001, 0.0249903, 0.0374336, 0.0412308, 0.0787907, 0.108654, 0.12846, 0.222602, 0.488461, 1, 

26,21,0.001, 0.02725, 0.0374336, 0.0412308, 0.0787907, 0.108654, 0.12846, 0.222602, 0.232675, 0.488461, 0.725093, 0.62646, 1, 

27,20,0.001, 0.02725, 0.0374336, 0.0412308, 0.0787907, 0.108654, 0.12846, 0.222602, 0.232675, 0.488461, 0.725093, 0.62646, 1, 

22,31,0.001, 0.0249903, 0.0374336, 0.0412308, 0.0787907, 0.108654, 0.12846, 0.222602, 0.488461, 1, 

Generation #18
34,19,0.001, 0.0250389, 0.0465712, 0.0473764, 0.0787907, 0.108654, 0.12846, 0.456262, 0.568008, 0.454009, 0.68207, 0.687313, 0.949129, 0.954011, 1, 

22,31,0.001, 0.0249903, 0.0374336, 0.0412308, 0.0787907, 0.108654, 0.12846, 0.222602, 0.488461, 1, 

23,20,0.0327586, 0.0370432, 0.0787907, 0.108654, 0.12846, 0.222602, 0.232675, 0.255595, 1, 

Generation #19
34,19,0.001, 0.0250389, 0.0465712, 0.0473764, 0.0787907, 0.108654, 0.12846, 0.456262, 0.568008, 0.454009, 0.68207, 0.687313, 0.949129, 0.954011, 1, 

22,31,0.001, 0.0249903, 0.0374336, 0.0412308, 0.0787907, 0.108654, 0.12846, 0.222602, 0.488461, 1, 

23,20,0.0327586, 0.0370432, 0.0787907, 0.108654, 0.12846, 0.222602, 0.232675, 0.255595, 1, 

Generation #20
34,19,0.001, 0.0250389, 0.0465712, 0.0473764, 0.0787907, 0.108654, 0.12846, 0.456262, 0.568008, 0.454009, 0.68207, 0.687313, 0.949129, 0.954011, 1, 

22,31,0.001, 0.0249903, 0.0374336, 0.0412308, 0.0787907, 0.108654, 0.12846, 0.222602, 0.488461, 1, 

23,20,0.0327586, 0.0370432, 0.0787907, 0.108654, 0.12846, 0.222602, 0.232675, 0.255595, 1, 

44,17,0.0327586, 0.0370432, 0.0374336, 0.0412308, 0.0787907, 0.108654, 0.12846, 0.222602, 0.232675, 0.255595, 0.26801, 0.272644, 0.333291, 0.343825, 0.411395, 0.471032, 0.486045, 0.497885, 0.513843, 0.553138, 0.714622, 0.78899, 0.797896, 0.822603, 0.875447, 0.879398, 0.967264, 0.981486, 1, 

Generation #21
34,19,0.001, 0.0250389, 0.0465712, 0.0473764, 0.0787907, 0.108654, 0.12846, 0.456262, 0.568008, 0.454009, 0.68207, 0.687313, 0.949129, 0.954011, 1, 

22,31,0.001, 0.0249903, 0.0374336, 0.0412308, 0.0787907, 0.108654, 0.12846, 0.222602, 0.488461, 1, 

23,20,0.0327586, 0.0370432, 0.0787907, 0.108654, 0.12846, 0.222602, 0.232675, 0.255595, 1, 

44,17,0.0327586, 0.0370432, 0.0374336, 0.0412308, 0.0787907, 0.108654, 0.12846, 0.222602, 0.232675, 0.255595, 0.26801, 0.272644, 0.333291, 0.343825, 0.411395, 0.471032, 0.486045, 0.497885, 0.513843, 0.553138, 0.714622, 0.78899, 0.797896, 0.822603, 0.875447, 0.879398, 0.967264, 0.981486, 1, 

Generation #22
34,19,0.001, 0.0250389, 0.0465712, 0.0473764, 0.0787907, 0.108654, 0.12846, 0.456262, 0.568008, 0.454009, 0.68207, 0.687313, 0.949129, 0.954011, 1, 

22,31,0.001, 0.0249903, 0.0374336, 0.0412308, 0.0787907, 0.108654, 0.12846, 0.222602, 0.488461, 1, 

23,20,0.0327586, 0.0370432, 0.0787907, 0.108654, 0.12846, 0.222602, 0.232675, 0.255595, 1, 

44,17,0.0327586, 0.0370432, 0.0374336, 0.0412308, 0.0787907, 0.108654, 0.12846, 0.222602, 0.232675, 0.255595, 0.26801, 0.272644, 0.333291, 0.343825, 0.411395, 0.471032, 0.486045, 0.497885, 0.513843, 0.553138, 0.714622, 0.78899, 0.797896, 0.822603, 0.875447, 0.879398, 0.967264, 0.981486, 1, 

Generation #23
34,19,0.001, 0.0250389, 0.0465712, 0.0473764, 0.0787907, 0.108654, 0.12846, 0.456262, 0.568008, 0.454009, 0.68207, 0.687313, 0.949129, 0.954011, 1, 

22,31,0.001, 0.0249903, 0.0374336, 0.0412308, 0.0787907, 0.108654, 0.12846, 0.222602, 0.488461, 1, 

23,20,0.0327586, 0.0370432, 0.0787907, 0.108654, 0.12846, 0.222602, 0.232675, 0.255595, 1, 

44,17,0.0327586, 0.0370432, 0.0374336, 0.0412308, 0.0787907, 0.108654, 0.12846, 0.222602, 0.232675, 0.255595, 0.26801, 0.272644, 0.333291, 0.343825, 0.411395, 0.471032, 0.486045, 0.497885, 0.513843, 0.553138, 0.714622, 0.78899, 0.797896, 0.822603, 0.875447, 0.879398, 0.967264, 0.981486, 1, 

Generation #24
34,19,0.001, 0.0250389, 0.0465712, 0.0473764, 0.0787907, 0.108654, 0.12846, 0.456262, 0.568008, 0.454009, 0.68207, 0.687313, 0.949129, 0.954011, 1, 

22,31,0.001, 0.0249903, 0.0374336, 0.0412308, 0.0787907, 0.108654, 0.12846, 0.222602, 0.488461, 1, 

23,20,0.0327586, 0.0370432, 0.0787907, 0.108654, 0.12846, 0.222602, 0.232675, 0.255595, 1, 

44,17,0.0327586, 0.0370432, 0.0374336, 0.0412308, 0.0787907, 0.108654, 0.12846, 0.222602, 0.232675, 0.255595, 0.26801, 0.272644, 0.333291, 0.343825, 0.411395, 0.471032, 0.486045, 0.497885, 0.513843, 0.553138, 0.714622, 0.78899, 0.797896, 0.822603, 0.875447, 0.879398, 0.967264, 0.981486, 1, 

Generation #25
34,19,0.001, 0.0250389, 0.0465712, 0.0473764, 0.0787907, 0.108654, 0.12846, 0.456262, 0.568008, 0.454009, 0.68207, 0.687313, 0.949129, 0.954011, 1, 

22,31,0.001, 0.0249903, 0.0374336, 0.0412308, 0.0787907, 0.108654, 0.12846, 0.222602, 0.488461, 1, 

23,20,0.0327586, 0.0370432, 0.0787907, 0.108654, 0.12846, 0.222602, 0.232675, 0.255595, 1, 

44,17,0.0327586, 0.0370432, 0.0374336, 0.0412308, 0.0787907, 0.108654, 0.12846, 0.222602, 0.232675, 0.255595, 0.26801, 0.272644, 0.333291, 0.343825, 0.411395, 0.471032, 0.486045, 0.497885, 0.513843, 0.553138, 0.714622, 0.78899, 0.797896, 0.822603, 0.875447, 0.879398, 0.967264, 0.981486, 1, 

Generation #26
22,31,0.001, 0.0249903, 0.0374336, 0.0412308, 0.0787907, 0.108654, 0.12846, 0.222602, 0.488461, 1, 

23,20,0.0327586, 0.0370432, 0.0787907, 0.108654, 0.12846, 0.222602, 0.232675, 0.255595, 1, 

34,17,0.001, 0.02725, 0.0374336, 0.0412308, 0.0790006, 0.117618, 0.224403, 0.0839074, 0.350204, 0.392546, 0.62646, 0.811611, 1, 

Generation #27
22,31,0.001, 0.0249903, 0.0374336, 0.0412308, 0.0787907, 0.108654, 0.12846, 0.222602, 0.488461, 1, 

23,20,0.0327586, 0.0370432, 0.0787907, 0.108654, 0.12846, 0.222602, 0.232675, 0.255595, 1, 

34,17,0.001, 0.02725, 0.0374336, 0.0412308, 0.0790006, 0.117618, 0.224403, 0.0839074, 0.350204, 0.392546, 0.62646, 0.811611, 1, 

Generation #28
22,31,0.001, 0.0249903, 0.0374336, 0.0412308, 0.0787907, 0.108654, 0.12846, 0.222602, 0.488461, 1, 

23,20,0.0327586, 0.0370432, 0.0787907, 0.108654, 0.12846, 0.222602, 0.232675, 0.255595, 1, 

34,17,0.001, 0.02725, 0.0374336, 0.0412308, 0.0790006, 0.117618, 0.224403, 0.0839074, 0.350204, 0.392546, 0.62646, 0.811611, 1, 

Generation #29
22,31,0.001, 0.0249903, 0.0374336, 0.0412308, 0.0787907, 0.108654, 0.12846, 0.222602, 0.488461, 1, 

23,20,0.0327586, 0.0370432, 0.0787907, 0.108654, 0.12846, 0.222602, 0.232675, 0.255595, 1, 

34,17,0.001, 0.02725, 0.0374336, 0.0412308, 0.0790006, 0.117618, 0.224403, 0.0839074, 0.350204, 0.392546, 0.62646, 0.811611, 1, 

28,19,0.001, 0.02725, 0.0374336, 0.0412308, 0.0787907, 0.108654, 0.12846, 0.222602, 0.232675, 0.488461, 0.725093, 0.62646, 1, 

Generation #30
22,31,0.001, 0.0249903, 0.0374336, 0.0412308, 0.0787907, 0.108654, 0.12846, 0.222602, 0.488461, 1, 

23,20,0.0327586, 0.0370432, 0.0787907, 0.108654, 0.12846, 0.222602, 0.232675, 0.255595, 1, 

34,17,0.001, 0.02725, 0.0374336, 0.0412308, 0.0790006, 0.117618, 0.224403, 0.0839074, 0.350204, 0.392546, 0.62646, 0.811611, 1, 

28,19,0.001, 0.02725, 0.0374336, 0.0412308, 0.0787907, 0.108654, 0.12846, 0.222602, 0.232675, 0.488461, 0.725093, 0.62646, 1, 

39,15,0.001, 0.02725, 0.0374336, 0.0412308, 0.0787907, 0.108654, 0.12846, 0.222602, 0.232675, 0.488461, 0.26801, 0.272644, 0.333291, 0.343825, 0.411395, 0.530201, 0.6296, 0.041325, 0.714326, 0.942781, 0.790218, 0.839888, 0.87794, 0.998029, 1, 

Generation #31
22,31,0.001, 0.0249903, 0.0374336, 0.0412308, 0.0787907, 0.108654, 0.12846, 0.222602, 0.488461, 1, 

23,20,0.0327586, 0.0370432, 0.0787907, 0.108654, 0.12846, 0.222602, 0.232675, 0.255595, 1, 

34,17,0.001, 0.02725, 0.0374336, 0.0412308, 0.0790006, 0.117618, 0.224403, 0.0839074, 0.350204, 0.392546, 0.62646, 0.811611, 1, 

28,19,0.001, 0.02725, 0.0374336, 0.0412308, 0.0787907, 0.108654, 0.12846, 0.222602, 0.232675, 0.488461, 0.725093, 0.62646, 1, 

39,15,0.001, 0.02725, 0.0374336, 0.0412308, 0.0787907, 0.108654, 0.12846, 0.222602, 0.232675, 0.488461, 0.26801, 0.272644, 0.333291, 0.343825, 0.411395, 0.530201, 0.6296, 0.041325, 0.714326, 0.942781, 0.790218, 0.839888, 0.87794, 0.998029, 1, 

Generation #32
22,31,0.001, 0.0249903, 0.0374336, 0.0412308, 0.0787907, 0.108654, 0.12846, 0.222602, 0.488461, 1, 

23,20,0.0327586, 0.0370432, 0.0787907, 0.108654, 0.12846, 0.222602, 0.232675, 0.255595, 1, 

34,17,0.001, 0.02725, 0.0374336, 0.0412308, 0.0790006, 0.117618, 0.224403, 0.0839074, 0.350204, 0.392546, 0.62646, 0.811611, 1, 

28,19,0.001, 0.02725, 0.0374336, 0.0412308, 0.0787907, 0.108654, 0.12846, 0.222602, 0.232675, 0.488461, 0.725093, 0.62646, 1, 

39,15,0.001, 0.02725, 0.0374336, 0.0412308, 0.0787907, 0.108654, 0.12846, 0.222602, 0.232675, 0.488461, 0.26801, 0.272644, 0.333291, 0.343825, 0.411395, 0.530201, 0.6296, 0.041325, 0.714326, 0.942781, 0.790218, 0.839888, 0.87794, 0.998029, 1, 

29,18,0.001, 0.02725, 0.0374336, 0.0412308, 0.0787907, 0.108654, 0.12846, 0.222602, 0.310217, 0.350204, 0.392546, 0.62646, 1, 

Generation #33
22,31,0.001, 0.0249903, 0.0374336, 0.0412308, 0.0787907, 0.108654, 0.12846, 0.222602, 0.488461, 1, 

23,20,0.0327586, 0.0370432, 0.0787907, 0.108654, 0.12846, 0.222602, 0.232675, 0.255595, 1, 

34,17,0.001, 0.02725, 0.0374336, 0.0412308, 0.0790006, 0.117618, 0.224403, 0.0839074, 0.350204, 0.392546, 0.62646, 0.811611, 1, 

39,15,0.001, 0.02725, 0.0374336, 0.0412308, 0.0787907, 0.108654, 0.12846, 0.222602, 0.232675, 0.488461, 0.26801, 0.272644, 0.333291, 0.343825, 0.411395, 0.530201, 0.6296, 0.041325, 0.714326, 0.942781, 0.790218, 0.839888, 0.87794, 0.998029, 1, 

27,18,0.001, 0.02725, 0.0374336, 0.0412308, 0.0787907, 0.108654, 0.12846, 0.0839074, 0.350204, 0.392546, 0.62646, 0.811611, 1, 

Generation #34
22,31,0.001, 0.0249903, 0.0374336, 0.0412308, 0.0787907, 0.108654, 0.12846, 0.222602, 0.488461, 1, 

23,20,0.0327586, 0.0370432, 0.0787907, 0.108654, 0.12846, 0.222602, 0.232675, 0.255595, 1, 

34,17,0.001, 0.02725, 0.0374336, 0.0412308, 0.0790006, 0.117618, 0.224403, 0.0839074, 0.350204, 0.392546, 0.62646, 0.811611, 1, 

39,15,0.001, 0.02725, 0.0374336, 0.0412308, 0.0787907, 0.108654, 0.12846, 0.222602, 0.232675, 0.488461, 0.26801, 0.272644, 0.333291, 0.343825, 0.411395, 0.530201, 0.6296, 0.041325, 0.714326, 0.942781, 0.790218, 0.839888, 0.87794, 0.998029, 1, 

27,18,0.001, 0.02725, 0.0374336, 0.0412308, 0.0787907, 0.108654, 0.12846, 0.0839074, 0.350204, 0.392546, 0.62646, 0.811611, 1, 

Generation #35
22,31,0.001, 0.0249903, 0.0374336, 0.0412308, 0.0787907, 0.108654, 0.12846, 0.222602, 0.488461, 1, 

23,20,0.0327586, 0.0370432, 0.0787907, 0.108654, 0.12846, 0.222602, 0.232675, 0.255595, 1, 

34,17,0.001, 0.02725, 0.0374336, 0.0412308, 0.0790006, 0.117618, 0.224403, 0.0839074, 0.350204, 0.392546, 0.62646, 0.811611, 1, 

39,15,0.001, 0.02725, 0.0374336, 0.0412308, 0.0787907, 0.108654, 0.12846, 0.222602, 0.232675, 0.488461, 0.26801, 0.272644, 0.333291, 0.343825, 0.411395, 0.530201, 0.6296, 0.041325, 0.714326, 0.942781, 0.790218, 0.839888, 0.87794, 0.998029, 1, 

27,18,0.001, 0.02725, 0.0374336, 0.0412308, 0.0787907, 0.108654, 0.12846, 0.0839074, 0.350204, 0.392546, 0.62646, 0.811611, 1, 

Generation #36
22,31,0.001, 0.0249903, 0.0374336, 0.0412308, 0.0787907, 0.108654, 0.12846, 0.222602, 0.488461, 1, 

23,20,0.0327586, 0.0370432, 0.0787907, 0.108654, 0.12846, 0.222602, 0.232675, 0.255595, 1, 

34,17,0.001, 0.02725, 0.0374336, 0.0412308, 0.0790006, 0.117618, 0.224403, 0.0839074, 0.350204, 0.392546, 0.62646, 0.811611, 1, 

39,15,0.001, 0.02725, 0.0374336, 0.0412308, 0.0787907, 0.108654, 0.12846, 0.222602, 0.232675, 0.488461, 0.26801, 0.272644, 0.333291, 0.343825, 0.411395, 0.530201, 0.6296, 0.041325, 0.714326, 0.942781, 0.790218, 0.839888, 0.87794, 0.998029, 1, 

27,18,0.001, 0.02725, 0.0374336, 0.0412308, 0.0787907, 0.108654, 0.12846, 0.0839074, 0.350204, 0.392546, 0.62646, 0.811611, 1, 

26,19,0.001, 0.02725, 0.0374336, 0.0412308, 0.0787907, 0.108654, 0.12846, 0.222602, 0.232675, 0.488461, 0.725093, 0.62646, 1, 

Generation #37
22,31,0.001, 0.0249903, 0.0374336, 0.0412308, 0.0787907, 0.108654, 0.12846, 0.222602, 0.488461, 1, 

23,20,0.0327586, 0.0370432, 0.0787907, 0.108654, 0.12846, 0.222602, 0.232675, 0.255595, 1, 

34,17,0.001, 0.02725, 0.0374336, 0.0412308, 0.0790006, 0.117618, 0.224403, 0.0839074, 0.350204, 0.392546, 0.62646, 0.811611, 1, 

39,15,0.001, 0.02725, 0.0374336, 0.0412308, 0.0787907, 0.108654, 0.12846, 0.222602, 0.232675, 0.488461, 0.26801, 0.272644, 0.333291, 0.343825, 0.411395, 0.530201, 0.6296, 0.041325, 0.714326, 0.942781, 0.790218, 0.839888, 0.87794, 0.998029, 1, 

27,18,0.001, 0.02725, 0.0374336, 0.0412308, 0.0787907, 0.108654, 0.12846, 0.0839074, 0.350204, 0.392546, 0.62646, 0.811611, 1, 

26,19,0.001, 0.02725, 0.0374336, 0.0412308, 0.0787907, 0.108654, 0.12846, 0.222602, 0.232675, 0.488461, 0.725093, 0.62646, 1, 

Generation #38
22,31,0.001, 0.0249903, 0.0374336, 0.0412308, 0.0787907, 0.108654, 0.12846, 0.222602, 0.488461, 1, 

23,20,0.0327586, 0.0370432, 0.0787907, 0.108654, 0.12846, 0.222602, 0.232675, 0.255595, 1, 

34,17,0.001, 0.02725, 0.0374336, 0.0412308, 0.0790006, 0.117618, 0.224403, 0.0839074, 0.350204, 0.392546, 0.62646, 0.811611, 1, 

39,15,0.001, 0.02725, 0.0374336, 0.0412308, 0.0787907, 0.108654, 0.12846, 0.222602, 0.232675, 0.488461, 0.26801, 0.272644, 0.333291, 0.343825, 0.411395, 0.530201, 0.6296, 0.041325, 0.714326, 0.942781, 0.790218, 0.839888, 0.87794, 0.998029, 1, 

27,18,0.001, 0.02725, 0.0374336, 0.0412308, 0.0787907, 0.108654, 0.12846, 0.0839074, 0.350204, 0.392546, 0.62646, 0.811611, 1, 

26,19,0.001, 0.02725, 0.0374336, 0.0412308, 0.0787907, 0.108654, 0.12846, 0.222602, 0.232675, 0.488461, 0.725093, 0.62646, 1, 

Generation #39
22,31,0.001, 0.0249903, 0.0374336, 0.0412308, 0.0787907, 0.108654, 0.12846, 0.222602, 0.488461, 1, 

23,20,0.0327586, 0.0370432, 0.0787907, 0.108654, 0.12846, 0.222602, 0.232675, 0.255595, 1, 

34,17,0.001, 0.02725, 0.0374336, 0.0412308, 0.0790006, 0.117618, 0.224403, 0.0839074, 0.350204, 0.392546, 0.62646, 0.811611, 1, 

39,15,0.001, 0.02725, 0.0374336, 0.0412308, 0.0787907, 0.108654, 0.12846, 0.222602, 0.232675, 0.488461, 0.26801, 0.272644, 0.333291, 0.343825, 0.411395, 0.530201, 0.6296, 0.041325, 0.714326, 0.942781, 0.790218, 0.839888, 0.87794, 0.998029, 1, 

27,18,0.001, 0.02725, 0.0374336, 0.0412308, 0.0787907, 0.108654, 0.12846, 0.0839074, 0.350204, 0.392546, 0.62646, 0.811611, 1, 

26,19,0.001, 0.02725, 0.0374336, 0.0412308, 0.0787907, 0.108654, 0.12846, 0.222602, 0.232675, 0.488461, 0.725093, 0.62646, 1, 

Generation #40
22,31,0.001, 0.0249903, 0.0374336, 0.0412308, 0.0787907, 0.108654, 0.12846, 0.222602, 0.488461, 1, 

23,20,0.0327586, 0.0370432, 0.0787907, 0.108654, 0.12846, 0.222602, 0.232675, 0.255595, 1, 

39,15,0.001, 0.02725, 0.0374336, 0.0412308, 0.0787907, 0.108654, 0.12846, 0.222602, 0.232675, 0.488461, 0.26801, 0.272644, 0.333291, 0.343825, 0.411395, 0.530201, 0.6296, 0.041325, 0.714326, 0.942781, 0.790218, 0.839888, 0.87794, 0.998029, 1, 

26,19,0.001, 0.02725, 0.0374336, 0.0412308, 0.0787907, 0.108654, 0.12846, 0.222602, 0.232675, 0.488461, 0.725093, 0.62646, 1, 

27,17,0.001, 0.02725, 0.0374336, 0.0412308, 0.0790006, 0.117618, 0.224403, 0.0839074, 0.350204, 0.392546, 0.62646, 0.395398, 0.811611, 1, 

37,16,0.001, 0.02725, 0.0374336, 0.0412308, 0.0946833, 0.108654, 0.12846, 0.222602, 0.232675, 0.488461, 0.26801, 0.272644, 0.333291, 0.343825, 0.411395, 0.530201, 0.6296, 0.041325, 0.714326, 0.942781, 0.790218, 0.839888, 0.87794, 0.998029, 1, 

Generation #41
22,31,0.001, 0.0249903, 0.0374336, 0.0412308, 0.0787907, 0.108654, 0.12846, 0.222602, 0.488461, 1, 

23,20,0.0327586, 0.0370432, 0.0787907, 0.108654, 0.12846, 0.222602, 0.232675, 0.255595, 1, 

39,15,0.001, 0.02725, 0.0374336, 0.0412308, 0.0787907, 0.108654, 0.12846, 0.222602, 0.232675, 0.488461, 0.26801, 0.272644, 0.333291, 0.343825, 0.411395, 0.530201, 0.6296, 0.041325, 0.714326, 0.942781, 0.790218, 0.839888, 0.87794, 0.998029, 1, 

26,19,0.001, 0.02725, 0.0374336, 0.0412308, 0.0787907, 0.108654, 0.12846, 0.222602, 0.232675, 0.488461, 0.725093, 0.62646, 1, 

27,17,0.001, 0.02725, 0.0374336, 0.0412308, 0.0790006, 0.117618, 0.224403, 0.0839074, 0.350204, 0.392546, 0.62646, 0.395398, 0.811611, 1, 

37,16,0.001, 0.02725, 0.0374336, 0.0412308, 0.0946833, 0.108654, 0.12846, 0.222602, 0.232675, 0.488461, 0.26801, 0.272644, 0.333291, 0.343825, 0.411395, 0.530201, 0.6296, 0.041325, 0.714326, 0.942781, 0.790218, 0.839888, 0.87794, 0.998029, 1, 

Generation #42
22,31,0.001, 0.0249903, 0.0374336, 0.0412308, 0.0787907, 0.108654, 0.12846, 0.222602, 0.488461, 1, 

23,20,0.0327586, 0.0370432, 0.0787907, 0.108654, 0.12846, 0.222602, 0.232675, 0.255595, 1, 

26,19,0.001, 0.02725, 0.0374336, 0.0412308, 0.0787907, 0.108654, 0.12846, 0.222602, 0.232675, 0.488461, 0.725093, 0.62646, 1, 

27,17,0.001, 0.02725, 0.0374336, 0.0412308, 0.0790006, 0.117618, 0.224403, 0.0839074, 0.350204, 0.392546, 0.62646, 0.395398, 0.811611, 1, 

29,14,0.0327586, 0.0370432, 0.0374336, 0.0412308, 0.0787907, 0.108654, 0.12846, 0.222602, 0.232675, 0.255595, 0.26801, 0.272644, 0.333291, 0.954011, 1, 

Generation #43
22,31,0.001, 0.0249903, 0.0374336, 0.0412308, 0.0787907, 0.108654, 0.12846, 0.222602, 0.488461, 1, 

23,20,0.0327586, 0.0370432, 0.0787907, 0.108654, 0.12846, 0.222602, 0.232675, 0.255595, 1, 

26,19,0.001, 0.02725, 0.0374336, 0.0412308, 0.0787907, 0.108654, 0.12846, 0.222602, 0.232675, 0.488461, 0.725093, 0.62646, 1, 

27,17,0.001, 0.02725, 0.0374336, 0.0412308, 0.0790006, 0.117618, 0.224403, 0.0839074, 0.350204, 0.392546, 0.62646, 0.395398, 0.811611, 1, 

29,14,0.0327586, 0.0370432, 0.0374336, 0.0412308, 0.0787907, 0.108654, 0.12846, 0.222602, 0.232675, 0.255595, 0.26801, 0.272644, 0.333291, 0.954011, 1, 

Generation #44
22,31,0.001, 0.0249903, 0.0374336, 0.0412308, 0.0787907, 0.108654, 0.12846, 0.222602, 0.488461, 1, 

23,20,0.0327586, 0.0370432, 0.0787907, 0.108654, 0.12846, 0.222602, 0.232675, 0.255595, 1, 

24,17,0.001, 0.02725, 0.0374336, 0.0412308, 0.0787907, 0.117618, 0.224403, 0.604601, 0.707373, 0.75994, 1, 

27,11,0.001, 0.02725, 0.0374336, 0.0412308, 0.0787907, 0.117618, 0.224403, 0.0839074, 0.350204, 0.392546, 0.62646, 0.395398, 0.811611, 1, 

Generation #45
22,31,0.001, 0.0249903, 0.0374336, 0.0412308, 0.0787907, 0.108654, 0.12846, 0.222602, 0.488461, 1, 

23,20,0.0327586, 0.0370432, 0.0787907, 0.108654, 0.12846, 0.222602, 0.232675, 0.255595, 1, 

24,17,0.001, 0.02725, 0.0374336, 0.0412308, 0.0787907, 0.117618, 0.224403, 0.604601, 0.707373, 0.75994, 1, 

27,11,0.001, 0.02725, 0.0374336, 0.0412308, 0.0787907, 0.117618, 0.224403, 0.0839074, 0.350204, 0.392546, 0.62646, 0.395398, 0.811611, 1, 

Generation #46
22,31,0.001, 0.0249903, 0.0374336, 0.0412308, 0.0787907, 0.108654, 0.12846, 0.222602, 0.488461, 1, 

23,20,0.0327586, 0.0370432, 0.0787907, 0.108654, 0.12846, 0.222602, 0.232675, 0.255595, 1, 

24,17,0.001, 0.02725, 0.0374336, 0.0412308, 0.0787907, 0.117618, 0.224403, 0.604601, 0.707373, 0.75994, 1, 

27,11,0.001, 0.02725, 0.0374336, 0.0412308, 0.0787907, 0.117618, 0.224403, 0.0839074, 0.350204, 0.392546, 0.62646, 0.395398, 0.811611, 1, 

Generation #47
22,31,0.001, 0.0249903, 0.0374336, 0.0412308, 0.0787907, 0.108654, 0.12846, 0.222602, 0.488461, 1, 

23,20,0.0327586, 0.0370432, 0.0787907, 0.108654, 0.12846, 0.222602, 0.232675, 0.255595, 1, 

24,17,0.001, 0.02725, 0.0374336, 0.0412308, 0.0787907, 0.117618, 0.224403, 0.604601, 0.707373, 0.75994, 1, 

27,11,0.001, 0.02725, 0.0374336, 0.0412308, 0.0787907, 0.117618, 0.224403, 0.0839074, 0.350204, 0.392546, 0.62646, 0.395398, 0.811611, 1, 

Generation #48
22,31,0.001, 0.0249903, 0.0374336, 0.0412308, 0.0787907, 0.108654, 0.12846, 0.222602, 0.488461, 1, 

23,20,0.0327586, 0.0370432, 0.0787907, 0.108654, 0.12846, 0.222602, 0.232675, 0.255595, 1, 

24,17,0.001, 0.02725, 0.0374336, 0.0412308, 0.0787907, 0.117618, 0.224403, 0.604601, 0.707373, 0.75994, 1, 

27,11,0.001, 0.02725, 0.0374336, 0.0412308, 0.0787907, 0.117618, 0.224403, 0.0839074, 0.350204, 0.392546, 0.62646, 0.395398, 0.811611, 1, 

Generation #49
22,31,0.001, 0.0249903, 0.0374336, 0.0412308, 0.0787907, 0.108654, 0.12846, 0.222602, 0.488461, 1, 

23,20,0.0327586, 0.0370432, 0.0787907, 0.108654, 0.12846, 0.222602, 0.232675, 0.255595, 1, 

24,17,0.001, 0.02725, 0.0374336, 0.0412308, 0.0787907, 0.117618, 0.224403, 0.604601, 0.707373, 0.75994, 1, 

27,11,0.001, 0.02725, 0.0374336, 0.0412308, 0.0787907, 0.117618, 0.224403, 0.0839074, 0.350204, 0.392546, 0.62646, 0.395398, 0.811611, 1, 

--- Pareto Front Solutions ---
Solution 0: N total=86 (N_initial=64, N_added=22), Time total=49 ms, Saved to: ./results/SPINV_t2_l3_pareto_0.csv, percents=0.001, 0.0249903, 0.0374336, 0.0412308, 0.0787907, 0.108654, 0.12846, 0.222602, 0.488461, 1, 

Solution 1: N total=87 (N_initial=64, N_added=23), Time total=38 ms, Saved to: ./results/SPINV_t2_l3_pareto_1.csv, percents=0.0327586, 0.0370432, 0.0787907, 0.108654, 0.12846, 0.222602, 0.232675, 0.255595, 1, 

Solution 2: N total=88 (N_initial=64, N_added=24), Time total=35 ms, Saved to: ./results/SPINV_t2_l3_pareto_2.csv, percents=0.001, 0.02725, 0.0374336, 0.0412308, 0.0787907, 0.117618, 0.224403, 0.604601, 0.707373, 0.75994, 1, 

Solution 3: N total=91 (N_initial=64, N_added=27), Time total=29 ms, Saved to: ./results/SPINV_t2_l3_pareto_3.csv, percents=0.001, 0.02725, 0.0374336, 0.0412308, 0.0787907, 0.117618, 0.224403, 0.0839074, 0.350204, 0.392546, 0.62646, 0.395398, 0.811611, 1, 

------------d=1, t=2, lambda=4, filename=./evaluation/SPINV/SPINV_2_4.csv------------
Computing partitioned counts of d-sets...
Ready to look at pairs based on partitioned counts...
First Stage N=82, Time=19
There are 17 remaining non-locating pairs
--- Running GA Algorithm (phase2) ---
Running GA with std::execution::par
Generation #0
26,13,0.001, 0.119879, 0.292236, 0.335365, 0.354041, 0.36537, 0.582206, 0.626378, 0.921823, 0.961215, 1, 

37,10,0.001, 0.113661, 0.129485, 0.149213, 0.191302, 0.208225, 0.244735, 0.271537, 0.317898, 0.318103, 0.368975, 0.487405, 0.509787, 0.554101, 0.567707, 0.70622, 0.801018, 0.822781, 0.835796, 0.89641, 0.917845, 0.958523, 1, 

39,9,0.001, 0.0449061, 0.111007, 0.11185, 0.231896, 0.278865, 0.343327, 0.357804, 0.477768, 0.589578, 0.698935, 0.805265, 0.856969, 0.887999, 0.903305, 0.914124, 1, 

29,12,0.001, 0.133185, 0.266108, 0.275409, 0.449891, 0.581519, 0.648833, 0.722467, 0.779597, 0.780697, 0.824788, 0.934479, 1, 

44,8,0.001, 0.015606, 0.0766468, 0.0807019, 0.214266, 0.217689, 0.22029, 0.238366, 0.298117, 0.311031, 0.317041, 0.354624, 0.366294, 0.448898, 0.481065, 0.509228, 0.527076, 0.545846, 0.623637, 0.625263, 0.667083, 0.71097, 0.781675, 0.840594, 0.854473, 0.944801, 0.96877, 1, 

Generation #1
26,13,0.001, 0.119879, 0.292236, 0.335365, 0.354041, 0.36537, 0.582206, 0.626378, 0.921823, 0.961215, 1, 

39,9,0.001, 0.0449061, 0.111007, 0.11185, 0.231896, 0.278865, 0.343327, 0.357804, 0.477768, 0.589578, 0.698935, 0.805265, 0.856969, 0.887999, 0.903305, 0.914124, 1, 

44,8,0.001, 0.015606, 0.0766468, 0.0807019, 0.214266, 0.217689, 0.22029, 0.238366, 0.298117, 0.311031, 0.317041, 0.354624, 0.366294, 0.448898, 0.481065, 0.509228, 0.527076, 0.545846, 0.623637, 0.625263, 0.667083, 0.71097, 0.781675, 0.840594, 0.854473, 0.944801, 0.96877, 1, 

29,10,0.001, 0.0210507, 0.0334189, 0.0801094, 0.121602, 0.215301, 0.267304, 0.332842, 0.477768, 0.589578, 0.698935, 0.805265, 0.856969, 0.887999, 0.903305, 0.914124, 1, 

24,16,0.001, 0.0522096, 0.052874, 0.0896423, 0.136654, 0.166777, 0.166942, 0.180583, 0.767383, 0.854305, 1, 

Generation #2
29,10,0.001, 0.0210507, 0.0334189, 0.0801094, 0.121602, 0.215301, 0.267304, 0.332842, 0.477768, 0.589578, 0.698935, 0.805265, 0.856969, 0.887999, 0.903305, 0.914124, 1, 

24,16,0.001, 0.0522096, 0.052874, 0.0896423, 0.136654, 0.166777, 0.166942, 0.180583, 0.767383, 0.854305, 1, 

26,11,0.001, 0.0966912, 0.0992197, 0.185129, 0.197282, 0.284664, 0.382512, 0.563664, 0.663143, 0.67724, 0.679433, 1, 

35,6,0.001, 0.107519, 0.250442, 0.250915, 0.292072, 0.246349, 0.276311, 0.396195, 0.413812, 0.441303, 0.442459, 0.526537, 0.631532, 0.735103, 0.876589, 0.879218, 0.920776, 0.945972, 0.951729, 0.970343, 1, 

Generation #3
29,10,0.001, 0.0210507, 0.0334189, 0.0801094, 0.121602, 0.215301, 0.267304, 0.332842, 0.477768, 0.589578, 0.698935, 0.805265, 0.856969, 0.887999, 0.903305, 0.914124, 1, 

24,16,0.001, 0.0522096, 0.052874, 0.0896423, 0.136654, 0.166777, 0.166942, 0.180583, 0.767383, 0.854305, 1, 

26,11,0.001, 0.0966912, 0.0992197, 0.185129, 0.197282, 0.284664, 0.382512, 0.563664, 0.663143, 0.67724, 0.679433, 1, 

35,6,0.001, 0.107519, 0.250442, 0.250915, 0.292072, 0.246349, 0.276311, 0.396195, 0.413812, 0.441303, 0.442459, 0.526537, 0.631532, 0.735103, 0.876589, 0.879218, 0.920776, 0.945972, 0.951729, 0.970343, 1, 

34,9,0.001, 0.102849, 0.115744, 0.117424, 0.142924, 0.186381, 0.207735, 0.279515, 0.316126, 0.367284, 0.824788, 0.934479, 1, 

Generation #4
24,16,0.001, 0.0522096, 0.052874, 0.0896423, 0.136654, 0.166777, 0.166942, 0.180583, 0.767383, 0.854305, 1, 

26,11,0.001, 0.0966912, 0.0992197, 0.185129, 0.197282, 0.284664, 0.382512, 0.563664, 0.663143, 0.67724, 0.679433, 1, 

35,6,0.001, 0.107519, 0.250442, 0.250915, 0.292072, 0.246349, 0.276311, 0.396195, 0.413812, 0.441303, 0.442459, 0.526537, 0.631532, 0.735103, 0.876589, 0.879218, 0.920776, 0.945972, 0.951729, 0.970343, 1, 

29,9,0.001, 0.0642331, 0.131802, 0.0801094, 0.121602, 0.215301, 0.267304, 0.332842, 0.477768, 0.589578, 0.698935, 0.805265, 1, 

Generation #5
24,16,0.001, 0.0522096, 0.052874, 0.0896423, 0.136654, 0.166777, 0.166942, 0.180583, 0.767383, 0.854305, 1, 

26,11,0.001, 0.0966912, 0.0992197, 0.185129, 0.197282, 0.284664, 0.382512, 0.563664, 0.663143, 0.67724, 0.679433, 1, 

35,6,0.001, 0.107519, 0.250442, 0.250915, 0.292072, 0.246349, 0.276311, 0.396195, 0.413812, 0.441303, 0.442459, 0.526537, 0.631532, 0.735103, 0.876589, 0.879218, 0.920776, 0.945972, 0.951729, 0.970343, 1, 

29,9,0.001, 0.0642331, 0.131802, 0.0801094, 0.121602, 0.215301, 0.267304, 0.332842, 0.477768, 0.589578, 0.698935, 0.805265, 1, 

Generation #6
24,16,0.001, 0.0522096, 0.052874, 0.0896423, 0.136654, 0.166777, 0.166942, 0.180583, 0.767383, 0.854305, 1, 

26,11,0.001, 0.0966912, 0.0992197, 0.185129, 0.197282, 0.284664, 0.382512, 0.563664, 0.663143, 0.67724, 0.679433, 1, 

35,6,0.001, 0.107519, 0.250442, 0.250915, 0.292072, 0.246349, 0.276311, 0.396195, 0.413812, 0.441303, 0.442459, 0.526537, 0.631532, 0.735103, 0.876589, 0.879218, 0.920776, 0.945972, 0.951729, 0.970343, 1, 

29,9,0.001, 0.0642331, 0.131802, 0.0801094, 0.121602, 0.215301, 0.267304, 0.332842, 0.477768, 0.589578, 0.698935, 0.805265, 1, 

32,8,0.001, 0.0645232, 0.0758724, 0.168531, 0.178075, 0.212841, 0.283333, 0.283826, 0.375941, 0.412263, 0.414138, 0.418337, 0.522372, 0.715634, 0.801318, 0.81458, 0.967467, 1, 

Generation #7
24,16,0.001, 0.0522096, 0.052874, 0.0896423, 0.136654, 0.166777, 0.166942, 0.180583, 0.767383, 0.854305, 1, 

26,11,0.001, 0.0966912, 0.0992197, 0.185129, 0.197282, 0.284664, 0.382512, 0.563664, 0.663143, 0.67724, 0.679433, 1, 

35,6,0.001, 0.107519, 0.250442, 0.250915, 0.292072, 0.246349, 0.276311, 0.396195, 0.413812, 0.441303, 0.442459, 0.526537, 0.631532, 0.735103, 0.876589, 0.879218, 0.920776, 0.945972, 0.951729, 0.970343, 1, 

29,7,0.001, 0.113661, 0.129485, 0.149213, 0.191302, 0.208225, 0.244735, 0.271537, 0.316126, 0.367284, 0.368311, 0.460944, 1, 

Generation #8
26,11,0.001, 0.0966912, 0.0992197, 0.185129, 0.197282, 0.284664, 0.382512, 0.563664, 0.663143, 0.67724, 0.679433, 1, 

35,6,0.001, 0.107519, 0.250442, 0.250915, 0.292072, 0.246349, 0.276311, 0.396195, 0.413812, 0.441303, 0.442459, 0.526537, 0.631532, 0.735103, 0.876589, 0.879218, 0.920776, 0.945972, 0.951729, 0.970343, 1, 

29,7,0.001, 0.113661, 0.129485, 0.149213, 0.191302, 0.208225, 0.244735, 0.271537, 0.316126, 0.367284, 0.368311, 0.460944, 1, 

24,15,0.001, 0.0533656, 0.115744, 0.117424, 0.142924, 0.186381, 0.244735, 0.271537, 0.193057, 1, 

Generation #9
24,6,0.001, 0.0851993, 0.0878371, 0.293389, 0.136654, 0.166777, 0.166942, 0.180583, 0.767383, 0.854305, 1, 

Generation #10
24,6,0.001, 0.0851993, 0.0878371, 0.293389, 0.136654, 0.166777, 0.166942, 0.180583, 0.767383, 0.854305, 1, 

Generation #11
24,6,0.001, 0.0851993, 0.0878371, 0.293389, 0.136654, 0.166777, 0.166942, 0.180583, 0.767383, 0.854305, 1, 

Generation #12
24,6,0.001, 0.0851993, 0.0878371, 0.293389, 0.136654, 0.166777, 0.166942, 0.180583, 0.767383, 0.854305, 1, 

Generation #13
24,6,0.001, 0.0851993, 0.0878371, 0.293389, 0.136654, 0.166777, 0.166942, 0.180583, 0.767383, 0.854305, 1, 

Generation #14
24,6,0.001, 0.0851993, 0.0878371, 0.293389, 0.136654, 0.166777, 0.166942, 0.180583, 0.767383, 0.854305, 1, 

Generation #15
24,6,0.001, 0.0851993, 0.0878371, 0.293389, 0.136654, 0.166777, 0.166942, 0.180583, 0.767383, 0.854305, 1, 

Generation #16
24,6,0.001, 0.0851993, 0.0878371, 0.293389, 0.136654, 0.166777, 0.166942, 0.180583, 0.767383, 0.854305, 1, 

Generation #17
24,6,0.001, 0.0851993, 0.0878371, 0.293389, 0.136654, 0.166777, 0.166942, 0.180583, 0.767383, 0.854305, 1, 

Generation #18
24,6,0.001, 0.0851993, 0.0878371, 0.293389, 0.136654, 0.166777, 0.166942, 0.180583, 0.767383, 0.854305, 1, 

Generation #19
24,6,0.001, 0.0851993, 0.0878371, 0.293389, 0.136654, 0.166777, 0.166942, 0.180583, 0.767383, 0.854305, 1, 

Generation #20
24,6,0.001, 0.0851993, 0.0878371, 0.293389, 0.136654, 0.166777, 0.166942, 0.180583, 0.767383, 0.854305, 1, 

Generation #21
24,6,0.001, 0.0851993, 0.0878371, 0.293389, 0.136654, 0.166777, 0.166942, 0.180583, 0.767383, 0.854305, 1, 

Generation #22
24,6,0.001, 0.0851993, 0.0878371, 0.293389, 0.136654, 0.166777, 0.166942, 0.180583, 0.767383, 0.854305, 1, 

Generation #23
24,6,0.001, 0.0851993, 0.0878371, 0.293389, 0.136654, 0.166777, 0.166942, 0.180583, 0.767383, 0.854305, 1, 

23,10,0.001, 0.0642331, 0.131802, 0.14712, 0.227202, 0.332237, 0.384226, 0.239214, 0.245825, 0.312709, 0.0168557, 0.526537, 1, 

Generation #24
24,6,0.001, 0.0851993, 0.0878371, 0.293389, 0.136654, 0.166777, 0.166942, 0.180583, 0.767383, 0.854305, 1, 

23,10,0.001, 0.0642331, 0.131802, 0.14712, 0.227202, 0.332237, 0.384226, 0.239214, 0.245825, 0.312709, 0.0168557, 0.526537, 1, 

Generation #25
24,6,0.001, 0.0851993, 0.0878371, 0.293389, 0.136654, 0.166777, 0.166942, 0.180583, 0.767383, 0.854305, 1, 

23,10,0.001, 0.0642331, 0.131802, 0.14712, 0.227202, 0.332237, 0.384226, 0.239214, 0.245825, 0.312709, 0.0168557, 0.526537, 1, 

Generation #26
24,6,0.001, 0.0851993, 0.0878371, 0.293389, 0.136654, 0.166777, 0.166942, 0.180583, 0.767383, 0.854305, 1, 

23,10,0.001, 0.0642331, 0.131802, 0.14712, 0.227202, 0.332237, 0.384226, 0.239214, 0.245825, 0.312709, 0.0168557, 0.526537, 1, 

Generation #27
24,6,0.001, 0.0851993, 0.0878371, 0.293389, 0.136654, 0.166777, 0.166942, 0.180583, 0.767383, 0.854305, 1, 

23,10,0.001, 0.0642331, 0.131802, 0.14712, 0.227202, 0.332237, 0.384226, 0.239214, 0.245825, 0.312709, 0.0168557, 0.526537, 1, 

31,5,0.001, 0.024052, 0.115744, 0.117424, 0.142924, 0.186381, 0.244735, 0.271537, 0.317898, 0.318103, 0.368975, 0.487405, 0.509787, 0.554101, 0.70622, 0.801018, 0.822781, 0.835796, 0.89641, 0.917845, 0.958523, 1, 

21,16,0.001, 0.0642331, 0.131802, 0.0801094, 0.121602, 0.303874, 0.267304, 0.332842, 0.477768, 1, 

Generation #28
24,6,0.001, 0.0851993, 0.0878371, 0.293389, 0.136654, 0.166777, 0.166942, 0.180583, 0.767383, 0.854305, 1, 

23,10,0.001, 0.0642331, 0.131802, 0.14712, 0.227202, 0.332237, 0.384226, 0.239214, 0.245825, 0.312709, 0.0168557, 0.526537, 1, 

31,5,0.001, 0.024052, 0.115744, 0.117424, 0.142924, 0.186381, 0.244735, 0.271537, 0.317898, 0.318103, 0.368975, 0.487405, 0.509787, 0.554101, 0.70622, 0.801018, 0.822781, 0.835796, 0.89641, 0.917845, 0.958523, 1, 

21,16,0.001, 0.0642331, 0.131802, 0.0801094, 0.121602, 0.303874, 0.267304, 0.332842, 0.477768, 1, 

Generation #29
24,6,0.001, 0.0851993, 0.0878371, 0.293389, 0.136654, 0.166777, 0.166942, 0.180583, 0.767383, 0.854305, 1, 

23,10,0.001, 0.0642331, 0.131802, 0.14712, 0.227202, 0.332237, 0.384226, 0.239214, 0.245825, 0.312709, 0.0168557, 0.526537, 1, 

31,5,0.001, 0.024052, 0.115744, 0.117424, 0.142924, 0.186381, 0.244735, 0.271537, 0.317898, 0.318103, 0.368975, 0.487405, 0.509787, 0.554101, 0.70622, 0.801018, 0.822781, 0.835796, 0.89641, 0.917845, 0.958523, 1, 

21,16,0.001, 0.0642331, 0.131802, 0.0801094, 0.121602, 0.303874, 0.267304, 0.332842, 0.477768, 1, 

Generation #30
24,6,0.001, 0.0851993, 0.0878371, 0.293389, 0.136654, 0.166777, 0.166942, 0.180583, 0.767383, 0.854305, 1, 

23,10,0.001, 0.0642331, 0.131802, 0.14712, 0.227202, 0.332237, 0.384226, 0.239214, 0.245825, 0.312709, 0.0168557, 0.526537, 1, 

31,5,0.001, 0.024052, 0.115744, 0.117424, 0.142924, 0.186381, 0.244735, 0.271537, 0.317898, 0.318103, 0.368975, 0.487405, 0.509787, 0.554101, 0.70622, 0.801018, 0.822781, 0.835796, 0.89641, 0.917845, 0.958523, 1, 

21,16,0.001, 0.0642331, 0.131802, 0.0801094, 0.121602, 0.303874, 0.267304, 0.332842, 0.477768, 1, 

Generation #31
24,6,0.001, 0.0851993, 0.0878371, 0.293389, 0.136654, 0.166777, 0.166942, 0.180583, 0.767383, 0.854305, 1, 

23,10,0.001, 0.0642331, 0.131802, 0.14712, 0.227202, 0.332237, 0.384226, 0.239214, 0.245825, 0.312709, 0.0168557, 0.526537, 1, 

31,5,0.001, 0.024052, 0.115744, 0.117424, 0.142924, 0.186381, 0.244735, 0.271537, 0.317898, 0.318103, 0.368975, 0.487405, 0.509787, 0.554101, 0.70622, 0.801018, 0.822781, 0.835796, 0.89641, 0.917845, 0.958523, 1, 

21,16,0.001, 0.0642331, 0.131802, 0.0801094, 0.121602, 0.303874, 0.267304, 0.332842, 0.477768, 1, 

Generation #32
23,10,0.001, 0.0642331, 0.131802, 0.14712, 0.227202, 0.332237, 0.384226, 0.239214, 0.245825, 0.312709, 0.0168557, 0.526537, 1, 

21,16,0.001, 0.0642331, 0.131802, 0.0801094, 0.121602, 0.303874, 0.267304, 0.332842, 0.477768, 1, 

24,4,0.001, 0.0210507, 0.107947, 0.110431, 0.139228, 0.171492, 0.165596, 0.271537, 0.316126, 0.367284, 0.368311, 0.460944, 1, 

Generation #33
23,10,0.001, 0.0642331, 0.131802, 0.14712, 0.227202, 0.332237, 0.384226, 0.239214, 0.245825, 0.312709, 0.0168557, 0.526537, 1, 

21,16,0.001, 0.0642331, 0.131802, 0.0801094, 0.121602, 0.303874, 0.267304, 0.332842, 0.477768, 1, 

24,4,0.001, 0.0210507, 0.107947, 0.110431, 0.139228, 0.171492, 0.165596, 0.271537, 0.316126, 0.367284, 0.368311, 0.460944, 1, 

Generation #34
23,10,0.001, 0.0642331, 0.131802, 0.14712, 0.227202, 0.332237, 0.384226, 0.239214, 0.245825, 0.312709, 0.0168557, 0.526537, 1, 

21,16,0.001, 0.0642331, 0.131802, 0.0801094, 0.121602, 0.303874, 0.267304, 0.332842, 0.477768, 1, 

24,4,0.001, 0.0210507, 0.107947, 0.110431, 0.139228, 0.171492, 0.165596, 0.271537, 0.316126, 0.367284, 0.368311, 0.460944, 1, 

Generation #35
23,10,0.001, 0.0642331, 0.131802, 0.14712, 0.227202, 0.332237, 0.384226, 0.239214, 0.245825, 0.312709, 0.0168557, 0.526537, 1, 

21,16,0.001, 0.0642331, 0.131802, 0.0801094, 0.121602, 0.303874, 0.267304, 0.332842, 0.477768, 1, 

24,4,0.001, 0.0210507, 0.107947, 0.110431, 0.139228, 0.171492, 0.165596, 0.271537, 0.316126, 0.367284, 0.368311, 0.460944, 1, 

Generation #36
23,10,0.001, 0.0642331, 0.131802, 0.14712, 0.227202, 0.332237, 0.384226, 0.239214, 0.245825, 0.312709, 0.0168557, 0.526537, 1, 

21,16,0.001, 0.0642331, 0.131802, 0.0801094, 0.121602, 0.303874, 0.267304, 0.332842, 0.477768, 1, 

24,4,0.001, 0.0210507, 0.107947, 0.110431, 0.139228, 0.171492, 0.165596, 0.271537, 0.316126, 0.367284, 0.368311, 0.460944, 1, 

Generation #37
23,10,0.001, 0.0642331, 0.131802, 0.14712, 0.227202, 0.332237, 0.384226, 0.239214, 0.245825, 0.312709, 0.0168557, 0.526537, 1, 

21,16,0.001, 0.0642331, 0.131802, 0.0801094, 0.121602, 0.303874, 0.267304, 0.332842, 0.477768, 1, 

24,4,0.001, 0.0210507, 0.107947, 0.110431, 0.139228, 0.171492, 0.165596, 0.271537, 0.316126, 0.367284, 0.368311, 0.460944, 1, 

Generation #38
23,10,0.001, 0.0642331, 0.131802, 0.14712, 0.227202, 0.332237, 0.384226, 0.239214, 0.245825, 0.312709, 0.0168557, 0.526537, 1, 

21,16,0.001, 0.0642331, 0.131802, 0.0801094, 0.121602, 0.303874, 0.267304, 0.332842, 0.477768, 1, 

24,4,0.001, 0.0210507, 0.107947, 0.110431, 0.139228, 0.171492, 0.165596, 0.271537, 0.316126, 0.367284, 0.368311, 0.460944, 1, 

Generation #39
23,10,0.001, 0.0642331, 0.131802, 0.14712, 0.227202, 0.332237, 0.384226, 0.239214, 0.245825, 0.312709, 0.0168557, 0.526537, 1, 

21,16,0.001, 0.0642331, 0.131802, 0.0801094, 0.121602, 0.303874, 0.267304, 0.332842, 0.477768, 1, 

24,4,0.001, 0.0210507, 0.107947, 0.110431, 0.139228, 0.171492, 0.165596, 0.271537, 0.316126, 0.367284, 0.368311, 0.460944, 1, 

Generation #40
23,10,0.001, 0.0642331, 0.131802, 0.14712, 0.227202, 0.332237, 0.384226, 0.239214, 0.245825, 0.312709, 0.0168557, 0.526537, 1, 

21,16,0.001, 0.0642331, 0.131802, 0.0801094, 0.121602, 0.303874, 0.267304, 0.332842, 0.477768, 1, 

24,4,0.001, 0.0210507, 0.107947, 0.110431, 0.139228, 0.171492, 0.165596, 0.271537, 0.316126, 0.367284, 0.368311, 0.460944, 1, 

Generation #41
23,10,0.001, 0.0642331, 0.131802, 0.14712, 0.227202, 0.332237, 0.384226, 0.239214, 0.245825, 0.312709, 0.0168557, 0.526537, 1, 

21,16,0.001, 0.0642331, 0.131802, 0.0801094, 0.121602, 0.303874, 0.267304, 0.332842, 0.477768, 1, 

24,4,0.001, 0.0210507, 0.107947, 0.110431, 0.139228, 0.171492, 0.165596, 0.271537, 0.316126, 0.367284, 0.368311, 0.460944, 1, 

Generation #42
23,10,0.001, 0.0642331, 0.131802, 0.14712, 0.227202, 0.332237, 0.384226, 0.239214, 0.245825, 0.312709, 0.0168557, 0.526537, 1, 

21,16,0.001, 0.0642331, 0.131802, 0.0801094, 0.121602, 0.303874, 0.267304, 0.332842, 0.477768, 1, 

24,4,0.001, 0.0210507, 0.107947, 0.110431, 0.139228, 0.171492, 0.165596, 0.271537, 0.316126, 0.367284, 0.368311, 0.460944, 1, 

Generation #43
23,10,0.001, 0.0642331, 0.131802, 0.14712, 0.227202, 0.332237, 0.384226, 0.239214, 0.245825, 0.312709, 0.0168557, 0.526537, 1, 

21,16,0.001, 0.0642331, 0.131802, 0.0801094, 0.121602, 0.303874, 0.267304, 0.332842, 0.477768, 1, 

24,4,0.001, 0.0210507, 0.107947, 0.110431, 0.139228, 0.171492, 0.165596, 0.271537, 0.316126, 0.367284, 0.368311, 0.460944, 1, 

Generation #44
23,10,0.001, 0.0642331, 0.131802, 0.14712, 0.227202, 0.332237, 0.384226, 0.239214, 0.245825, 0.312709, 0.0168557, 0.526537, 1, 

21,16,0.001, 0.0642331, 0.131802, 0.0801094, 0.121602, 0.303874, 0.267304, 0.332842, 0.477768, 1, 

24,4,0.001, 0.0210507, 0.107947, 0.110431, 0.139228, 0.171492, 0.165596, 0.271537, 0.316126, 0.367284, 0.368311, 0.460944, 1, 

Generation #45
23,10,0.001, 0.0642331, 0.131802, 0.14712, 0.227202, 0.332237, 0.384226, 0.239214, 0.245825, 0.312709, 0.0168557, 0.526537, 1, 

21,16,0.001, 0.0642331, 0.131802, 0.0801094, 0.121602, 0.303874, 0.267304, 0.332842, 0.477768, 1, 

24,4,0.001, 0.0210507, 0.107947, 0.110431, 0.139228, 0.171492, 0.165596, 0.271537, 0.316126, 0.367284, 0.368311, 0.460944, 1, 

Generation #46
23,10,0.001, 0.0642331, 0.131802, 0.14712, 0.227202, 0.332237, 0.384226, 0.239214, 0.245825, 0.312709, 0.0168557, 0.526537, 1, 

21,16,0.001, 0.0642331, 0.131802, 0.0801094, 0.121602, 0.303874, 0.267304, 0.332842, 0.477768, 1, 

24,4,0.001, 0.0210507, 0.107947, 0.110431, 0.139228, 0.171492, 0.165596, 0.271537, 0.316126, 0.367284, 0.368311, 0.460944, 1, 

Generation #47
23,10,0.001, 0.0642331, 0.131802, 0.14712, 0.227202, 0.332237, 0.384226, 0.239214, 0.245825, 0.312709, 0.0168557, 0.526537, 1, 

21,16,0.001, 0.0642331, 0.131802, 0.0801094, 0.121602, 0.303874, 0.267304, 0.332842, 0.477768, 1, 

24,4,0.001, 0.0210507, 0.107947, 0.110431, 0.139228, 0.171492, 0.165596, 0.271537, 0.316126, 0.367284, 0.368311, 0.460944, 1, 

Generation #48
23,10,0.001, 0.0642331, 0.131802, 0.14712, 0.227202, 0.332237, 0.384226, 0.239214, 0.245825, 0.312709, 0.0168557, 0.526537, 1, 

21,16,0.001, 0.0642331, 0.131802, 0.0801094, 0.121602, 0.303874, 0.267304, 0.332842, 0.477768, 1, 

24,4,0.001, 0.0210507, 0.107947, 0.110431, 0.139228, 0.171492, 0.165596, 0.271537, 0.316126, 0.367284, 0.368311, 0.460944, 1, 

Generation #49
23,10,0.001, 0.0642331, 0.131802, 0.14712, 0.227202, 0.332237, 0.384226, 0.239214, 0.245825, 0.312709, 0.0168557, 0.526537, 1, 

21,16,0.001, 0.0642331, 0.131802, 0.0801094, 0.121602, 0.303874, 0.267304, 0.332842, 0.477768, 1, 

24,4,0.001, 0.0210507, 0.107947, 0.110431, 0.139228, 0.171492, 0.165596, 0.271537, 0.316126, 0.367284, 0.368311, 0.460944, 1, 

--- Pareto Front Solutions ---
Solution 0: N total=105 (N_initial=82, N_added=23), Time total=29 ms, Saved to: ./results/SPINV_t2_l4_pareto_0.csv, percents=0.001, 0.0642331, 0.131802, 0.14712, 0.227202, 0.332237, 0.384226, 0.239214, 0.245825, 0.312709, 0.0168557, 0.526537, 1, 

Solution 1: N total=103 (N_initial=82, N_added=21), Time total=35 ms, Saved to: ./results/SPINV_t2_l4_pareto_1.csv, percents=0.001, 0.0642331, 0.131802, 0.0801094, 0.121602, 0.303874, 0.267304, 0.332842, 0.477768, 1, 

Solution 2: N total=106 (N_initial=82, N_added=24), Time total=23 ms, Saved to: ./results/SPINV_t2_l4_pareto_2.csv, percents=0.001, 0.0210507, 0.107947, 0.110431, 0.139228, 0.171492, 0.165596, 0.271537, 0.316126, 0.367284, 0.368311, 0.460944, 1, 

