------------d=1, t=2, lambda=1, filename=./evaluation/Wireless/Wireless_2_1.csv------------
Computing partitioned counts of d-sets...
Ready to look at pairs based on partitioned counts...
First Stage N=45, Time=27
There are 9914 remaining non-locating pairs
--- Running GA Algorithm (phase2) ---
Running GA with std::execution::par
Generation #0
62,1852,0.001, 0.0970704, 0.133815, 0.193307, 0.314824, 0.330009, 0.392028, 0.397921, 0.422169, 0.783244, 0.803073, 0.930679, 1, 

72,1000,0.001, 0.0219461, 0.0261442, 0.0262016, 0.0663368, 0.100799, 0.164494, 0.217953, 0.230267, 0.239707, 0.475426, 0.477239, 0.511489, 0.606937, 0.610299, 0.685118, 0.749872, 0.761045, 0.79815, 0.843834, 0.85952, 0.956795, 1, 

69,1266,0.001, 0.017851, 0.0501659, 0.0513067, 0.110065, 0.137015, 0.159559, 0.187127, 0.248876, 0.279032, 0.421249, 0.482314, 0.608711, 0.629831, 0.648283, 0.693314, 0.753794, 0.76718, 0.888482, 0.910419, 0.911522, 1, 

64,1344,0.001, 0.0485364, 0.0638381, 0.103473, 0.112512, 0.157387, 0.207509, 0.233497, 0.34024, 0.425078, 0.623749, 0.642961, 0.77327, 0.821051, 0.86027, 0.97724, 1, 

70,1209,0.001, 0.0234395, 0.0390873, 0.0460126, 0.10239, 0.111185, 0.134715, 0.142228, 0.147769, 0.164878, 0.182603, 0.226503, 0.233886, 0.288066, 0.436146, 0.459913, 0.494666, 0.552769, 0.560013, 0.560173, 0.589613, 0.739437, 0.740977, 0.79267, 0.822098, 0.937526, 0.967304, 1, 

Generation #1
67,1007,0.001, 0.0254464, 0.0366954, 0.0698214, 0.189462, 0.191137, 0.191838, 0.388656, 0.457753, 0.581852, 0.66415, 0.680059, 0.821016, 0.853868, 0.979439, 1, 

79,801,0.001, 0.0234395, 0.0390873, 0.0460126, 0.10239, 0.111185, 0.134715, 0.142228, 0.147769, 0.164878, 0.346068, 0.390185, 0.443204, 0.455689, 0.522106, 0.532403, 0.55521, 0.604216, 0.702404, 0.757145, 0.774314, 0.824831, 0.850221, 0.930843, 0.984248, 0.991008, 0.997154, 1, 

60,1124,0.001, 0.0497091, 0.0827891, 0.108354, 0.288172, 0.394254, 0.162138, 0.406807, 0.441389, 0.55663, 0.652303, 0.7728, 1, 

68,887,0.001, 0.0141455, 0.0218816, 0.0456565, 0.126535, 0.171676, 0.223503, 0.360442, 0.365705, 0.45636, 0.7728, 0.78984, 0.809512, 0.821009, 0.856762, 0.858627, 0.936587, 1, 

61,1104,0.001, 0.06713, 0.0674232, 0.117336, 0.141682, 0.363569, 0.59103, 0.495757, 0.608451, 0.703648, 0.747676, 0.898587, 0.996025, 1, 

74,847,0.001, 0.0234395, 0.0390873, 0.0460126, 0.10239, 0.111185, 0.134715, 0.142228, 0.147769, 0.164878, 0.182603, 0.226503, 0.443204, 0.455689, 0.522106, 0.532403, 0.55521, 0.604216, 0.702404, 0.757145, 0.774314, 0.824831, 0.850221, 0.930843, 0.984248, 0.991008, 0.997154, 1, 

Generation #2
79,801,0.001, 0.0234395, 0.0390873, 0.0460126, 0.10239, 0.111185, 0.134715, 0.142228, 0.147769, 0.164878, 0.346068, 0.390185, 0.443204, 0.455689, 0.522106, 0.532403, 0.55521, 0.604216, 0.702404, 0.757145, 0.774314, 0.824831, 0.850221, 0.930843, 0.984248, 0.991008, 0.997154, 1, 

68,887,0.001, 0.0141455, 0.0218816, 0.0456565, 0.126535, 0.171676, 0.223503, 0.360442, 0.365705, 0.45636, 0.7728, 0.78984, 0.809512, 0.821009, 0.856762, 0.858627, 0.936587, 1, 

74,847,0.001, 0.0234395, 0.0390873, 0.0460126, 0.10239, 0.111185, 0.134715, 0.142228, 0.147769, 0.164878, 0.182603, 0.226503, 0.443204, 0.455689, 0.522106, 0.532403, 0.55521, 0.604216, 0.702404, 0.757145, 0.774314, 0.824831, 0.850221, 0.930843, 0.984248, 0.991008, 0.997154, 1, 

58,927,0.001, 0.0187367, 0.0218816, 0.0456565, 0.126535, 0.171676, 0.223503, 0.696968, 0.826224, 0.996671, 1, 

77,820,0.001, 0.0254464, 0.0366954, 0.0698214, 0.10015, 0.173493, 0.182069, 0.201765, 0.215415, 0.215567, 0.254165, 0.298254, 0.324787, 0.363879, 0.391268, 0.504137, 0.516423, 0.523615, 0.547289, 0.599489, 0.601581, 0.63591, 0.637151, 0.649966, 0.652885, 0.667381, 0.687122, 0.797561, 0.838927, 0.978985, 1, 

71,877,0.001, 0.0234395, 0.0390873, 0.0460126, 0.10239, 0.111185, 0.134715, 0.142228, 0.147769, 0.164878, 0.182603, 0.226503, 0.233886, 0.288066, 0.436146, 0.715043, 0.771186, 0.771557, 0.777333, 0.787844, 0.834669, 0.947847, 0.966666, 0.970018, 0.985913, 1, 

73,852,0.001, 0.0141455, 0.0218816, 0.0456565, 0.126535, 0.171676, 0.223503, 0.360442, 0.365705, 0.45636, 0.7728, 0.78984, 0.809512, 0.447858, 0.511963, 0.604414, 0.646296, 0.649432, 0.739572, 0.741345, 0.774314, 0.824831, 0.850221, 0.930843, 0.984248, 0.991008, 1, 

61,889,0.001, 0.0211516, 0.0392133, 0.0765168, 0.109886, 0.119161, 0.216399, 0.246362, 0.302584, 0.345675, 0.346068, 1, 

Generation #3
58,927,0.001, 0.0187367, 0.0218816, 0.0456565, 0.126535, 0.171676, 0.223503, 0.696968, 0.826224, 0.996671, 1, 

60,793,0.001, 0.0187367, 0.0218816, 0.0456565, 0.126535, 0.171676, 0.223503, 0.696968, 0.302584, 0.345675, 0.346068, 1, 

59,800,0.001, 0.0234395, 0.0390873, 0.0460126, 0.10239, 0.111185, 0.636083, 0.134715, 0.797689, 0.831146, 0.990146, 1, 

74,700,0.001, 0.0234395, 0.0390873, 0.0456565, 0.126535, 0.111185, 0.134715, 0.142228, 0.147769, 0.164878, 0.346068, 0.390185, 0.443204, 0.455689, 0.522106, 0.532403, 0.55521, 0.604216, 0.702404, 0.757145, 0.774314, 0.824831, 0.850221, 0.930843, 0.984248, 0.991008, 0.997154, 1, 

Generation #4
58,927,0.001, 0.0187367, 0.0218816, 0.0456565, 0.126535, 0.171676, 0.223503, 0.696968, 0.826224, 0.996671, 1, 

59,719,0.001, 0.0234395, 0.0390873, 0.0460126, 0.10239, 0.111185, 0.134715, 0.142228, 0.147769, 0.996671, 1, 

74,663,0.001, 0.0234395, 0.0390873, 0.0456565, 0.126535, 0.211682, 0.134715, 0.142228, 0.147769, 0.164878, 0.346068, 0.390185, 0.443204, 0.455689, 0.522106, 0.532403, 0.55521, 0.604216, 0.702404, 0.757145, 0.774314, 0.824831, 0.850221, 0.930843, 0.984248, 0.991008, 0.997154, 1, 

Generation #5
59,719,0.001, 0.0234395, 0.0390873, 0.0460126, 0.10239, 0.111185, 0.134715, 0.142228, 0.147769, 0.996671, 1, 

74,663,0.001, 0.0234395, 0.0390873, 0.0456565, 0.126535, 0.211682, 0.134715, 0.142228, 0.147769, 0.164878, 0.346068, 0.390185, 0.443204, 0.455689, 0.522106, 0.532403, 0.55521, 0.604216, 0.702404, 0.757145, 0.774314, 0.824831, 0.850221, 0.930843, 0.984248, 0.991008, 0.997154, 1, 

57,818,0.001, 0.0234395, 0.0390873, 0.0460126, 0.10239, 0.111185, 0.103943, 0.142228, 0.147769, 0.996671, 1, 

58,769,0.001, 0.0234395, 0.0390873, 0.0460126, 0.10239, 0.111185, 0.134715, 0.142228, 0.147769, 0.164878, 1, 

Generation #6
59,719,0.001, 0.0234395, 0.0390873, 0.0460126, 0.10239, 0.111185, 0.134715, 0.142228, 0.147769, 0.996671, 1, 

74,663,0.001, 0.0234395, 0.0390873, 0.0456565, 0.126535, 0.211682, 0.134715, 0.142228, 0.147769, 0.164878, 0.346068, 0.390185, 0.443204, 0.455689, 0.522106, 0.532403, 0.55521, 0.604216, 0.702404, 0.757145, 0.774314, 0.824831, 0.850221, 0.930843, 0.984248, 0.991008, 0.997154, 1, 

57,818,0.001, 0.0234395, 0.0390873, 0.0460126, 0.10239, 0.111185, 0.103943, 0.142228, 0.147769, 0.996671, 1, 

58,769,0.001, 0.0234395, 0.0390873, 0.0460126, 0.10239, 0.111185, 0.134715, 0.142228, 0.147769, 0.164878, 1, 

69,699,0.001, 0.0234395, 0.0390873, 0.0460126, 0.10239, 0.111185, 0.134715, 0.142228, 0.147769, 0.164878, 0.421249, 0.482314, 0.608711, 0.629831, 0.648283, 0.693314, 0.753794, 0.76718, 0.888482, 0.910419, 0.911522, 1, 

55,983,0.001, 0.0254464, 0.0366954, 0.0765168, 0.109886, 0.119161, 0.223503, 0.826224, 0.996671, 1, 

Generation #7
59,719,0.001, 0.0234395, 0.0390873, 0.0460126, 0.10239, 0.111185, 0.134715, 0.142228, 0.147769, 0.996671, 1, 

57,818,0.001, 0.0234395, 0.0390873, 0.0460126, 0.10239, 0.111185, 0.103943, 0.142228, 0.147769, 0.996671, 1, 

69,699,0.001, 0.0234395, 0.0390873, 0.0460126, 0.10239, 0.111185, 0.134715, 0.142228, 0.147769, 0.164878, 0.421249, 0.482314, 0.608711, 0.629831, 0.648283, 0.693314, 0.753794, 0.76718, 0.888482, 0.910419, 0.911522, 1, 

55,983,0.001, 0.0254464, 0.0366954, 0.0765168, 0.109886, 0.119161, 0.223503, 0.826224, 0.996671, 1, 

74,647,0.001, 0.0254464, 0.0366954, 0.0698214, 0.10015, 0.173493, 0.182069, 0.201765, 0.215415, 0.215567, 0.254165, 0.298254, 0.324787, 0.629831, 0.648283, 0.693314, 0.753794, 0.76718, 0.702404, 0.757145, 0.398456, 0.824831, 0.850221, 0.930843, 0.984248, 0.991008, 0.997154, 1, 

58,747,0.001, 0.0187367, 0.0218816, 0.0460126, 0.10239, 0.111185, 0.162138, 0.406807, 0.441389, 0.55663, 0.652303, 0.7728, 1, 

Generation #8
59,719,0.001, 0.0234395, 0.0390873, 0.0460126, 0.10239, 0.111185, 0.134715, 0.142228, 0.147769, 0.996671, 1, 

69,699,0.001, 0.0234395, 0.0390873, 0.0460126, 0.10239, 0.111185, 0.134715, 0.142228, 0.147769, 0.164878, 0.421249, 0.482314, 0.608711, 0.629831, 0.648283, 0.693314, 0.753794, 0.76718, 0.888482, 0.910419, 0.911522, 1, 

55,983,0.001, 0.0254464, 0.0366954, 0.0765168, 0.109886, 0.119161, 0.223503, 0.826224, 0.996671, 1, 

74,647,0.001, 0.0254464, 0.0366954, 0.0698214, 0.10015, 0.173493, 0.182069, 0.201765, 0.215415, 0.215567, 0.254165, 0.298254, 0.324787, 0.629831, 0.648283, 0.693314, 0.753794, 0.76718, 0.702404, 0.757145, 0.398456, 0.824831, 0.850221, 0.930843, 0.984248, 0.991008, 0.997154, 1, 

58,747,0.001, 0.0187367, 0.0218816, 0.0460126, 0.10239, 0.111185, 0.162138, 0.406807, 0.441389, 0.55663, 0.652303, 0.7728, 1, 

57,815,0.001, 0.0234395, 0.0390873, 0.0460126, 0.10239, 0.111185, 0.103943, 0.142228, 0.147769, 0.996671, 1, 

Generation #9
59,719,0.001, 0.0234395, 0.0390873, 0.0460126, 0.10239, 0.111185, 0.134715, 0.142228, 0.147769, 0.996671, 1, 

69,699,0.001, 0.0234395, 0.0390873, 0.0460126, 0.10239, 0.111185, 0.134715, 0.142228, 0.147769, 0.164878, 0.421249, 0.482314, 0.608711, 0.629831, 0.648283, 0.693314, 0.753794, 0.76718, 0.888482, 0.910419, 0.911522, 1, 

55,983,0.001, 0.0254464, 0.0366954, 0.0765168, 0.109886, 0.119161, 0.223503, 0.826224, 0.996671, 1, 

74,647,0.001, 0.0254464, 0.0366954, 0.0698214, 0.10015, 0.173493, 0.182069, 0.201765, 0.215415, 0.215567, 0.254165, 0.298254, 0.324787, 0.629831, 0.648283, 0.693314, 0.753794, 0.76718, 0.702404, 0.757145, 0.398456, 0.824831, 0.850221, 0.930843, 0.984248, 0.991008, 0.997154, 1, 

58,747,0.001, 0.0187367, 0.0218816, 0.0460126, 0.10239, 0.111185, 0.162138, 0.406807, 0.441389, 0.55663, 0.652303, 0.7728, 1, 

61,718,0.001, 0.0234395, 0.0390873, 0.0460126, 0.10239, 0.171676, 0.456092, 0.578588, 0.826224, 0.996671, 1, 

57,799,0.001, 0.0234395, 0.0390873, 0.0460126, 0.10239, 0.111185, 0.134715, 0.142228, 0.147769, 0.996671, 1, 

Generation #10
59,719,0.001, 0.0234395, 0.0390873, 0.0460126, 0.10239, 0.111185, 0.134715, 0.142228, 0.147769, 0.996671, 1, 

55,983,0.001, 0.0254464, 0.0366954, 0.0765168, 0.109886, 0.119161, 0.223503, 0.826224, 0.996671, 1, 

74,647,0.001, 0.0254464, 0.0366954, 0.0698214, 0.10015, 0.173493, 0.182069, 0.201765, 0.215415, 0.215567, 0.254165, 0.298254, 0.324787, 0.629831, 0.648283, 0.693314, 0.753794, 0.76718, 0.702404, 0.757145, 0.398456, 0.824831, 0.850221, 0.930843, 0.984248, 0.991008, 0.997154, 1, 

58,747,0.001, 0.0187367, 0.0218816, 0.0460126, 0.10239, 0.111185, 0.162138, 0.406807, 0.441389, 0.55663, 0.652303, 0.7728, 1, 

61,718,0.001, 0.0234395, 0.0390873, 0.0460126, 0.10239, 0.171676, 0.456092, 0.578588, 0.826224, 0.996671, 1, 

57,799,0.001, 0.0234395, 0.0390873, 0.0460126, 0.10239, 0.111185, 0.134715, 0.142228, 0.147769, 0.996671, 1, 

64,697,0.001, 0.0234395, 0.0390873, 0.0460126, 0.10239, 0.111185, 0.134715, 0.142228, 0.147769, 0.996671, 1, 

56,817,0.001, 0.0234395, 0.0390873, 0.0460126, 0.10239, 0.111185, 0.134715, 0.142228, 0.302584, 0.652294, 1, 

65,685,0.001, 0.0141455, 0.0218816, 0.0456565, 0.126535, 0.171676, 0.216399, 0.246362, 0.302584, 0.345675, 0.346068, 0.390185, 0.443204, 0.455689, 0.522106, 0.532403, 0.55521, 0.761045, 0.79815, 0.843834, 0.85952, 1, 

Generation #11
59,719,0.001, 0.0234395, 0.0390873, 0.0460126, 0.10239, 0.111185, 0.134715, 0.142228, 0.147769, 0.996671, 1, 

74,647,0.001, 0.0254464, 0.0366954, 0.0698214, 0.10015, 0.173493, 0.182069, 0.201765, 0.215415, 0.215567, 0.254165, 0.298254, 0.324787, 0.629831, 0.648283, 0.693314, 0.753794, 0.76718, 0.702404, 0.757145, 0.398456, 0.824831, 0.850221, 0.930843, 0.984248, 0.991008, 0.997154, 1, 

58,747,0.001, 0.0187367, 0.0218816, 0.0460126, 0.10239, 0.111185, 0.162138, 0.406807, 0.441389, 0.55663, 0.652303, 0.7728, 1, 

61,718,0.001, 0.0234395, 0.0390873, 0.0460126, 0.10239, 0.171676, 0.456092, 0.578588, 0.826224, 0.996671, 1, 

64,697,0.001, 0.0234395, 0.0390873, 0.0460126, 0.10239, 0.111185, 0.134715, 0.142228, 0.147769, 0.996671, 1, 

65,685,0.001, 0.0141455, 0.0218816, 0.0456565, 0.126535, 0.171676, 0.216399, 0.246362, 0.302584, 0.345675, 0.346068, 0.390185, 0.443204, 0.455689, 0.522106, 0.532403, 0.55521, 0.761045, 0.79815, 0.843834, 0.85952, 1, 

55,798,0.001, 0.0234395, 0.0390873, 0.0456565, 0.126535, 0.111185, 0.134715, 0.142228, 0.147769, 0.164878, 0.346068, 0.894587, 1, 

Generation #12
74,647,0.001, 0.0254464, 0.0366954, 0.0698214, 0.10015, 0.173493, 0.182069, 0.201765, 0.215415, 0.215567, 0.254165, 0.298254, 0.324787, 0.629831, 0.648283, 0.693314, 0.753794, 0.76718, 0.702404, 0.757145, 0.398456, 0.824831, 0.850221, 0.930843, 0.984248, 0.991008, 0.997154, 1, 

58,747,0.001, 0.0187367, 0.0218816, 0.0460126, 0.10239, 0.111185, 0.162138, 0.406807, 0.441389, 0.55663, 0.652303, 0.7728, 1, 

55,798,0.001, 0.0234395, 0.0390873, 0.0456565, 0.126535, 0.111185, 0.134715, 0.142228, 0.147769, 0.164878, 0.346068, 0.894587, 1, 

59,671,0.001, 0.0234395, 0.0390873, 0.0460126, 0.10239, 0.111185, 0.134715, 0.142228, 0.147769, 0.164878, 0.346068, 1, 

57,767,0.001, 0.0234395, 0.0390873, 0.0460126, 0.10239, 0.111185, 0.134715, 0.142228, 0.147769, 0.996671, 1, 

Generation #13
74,647,0.001, 0.0254464, 0.0366954, 0.0698214, 0.10015, 0.173493, 0.182069, 0.201765, 0.215415, 0.215567, 0.254165, 0.298254, 0.324787, 0.629831, 0.648283, 0.693314, 0.753794, 0.76718, 0.702404, 0.757145, 0.398456, 0.824831, 0.850221, 0.930843, 0.984248, 0.991008, 0.997154, 1, 

55,798,0.001, 0.0234395, 0.0390873, 0.0456565, 0.126535, 0.111185, 0.134715, 0.142228, 0.147769, 0.164878, 0.346068, 0.894587, 1, 

59,671,0.001, 0.0234395, 0.0390873, 0.0460126, 0.10239, 0.111185, 0.134715, 0.142228, 0.147769, 0.164878, 0.346068, 1, 

57,767,0.001, 0.0234395, 0.0390873, 0.0460126, 0.10239, 0.111185, 0.134715, 0.142228, 0.147769, 0.996671, 1, 

60,668,0.001, 0.0141455, 0.0390873, 0.0456565, 0.126535, 0.111185, 0.134715, 0.142228, 0.147769, 0.164878, 0.346068, 1, 

58,690,0.001, 0.0211516, 0.0392133, 0.0460126, 0.10239, 0.111185, 0.103943, 0.142228, 0.147769, 0.996671, 1, 

Generation #14
74,647,0.001, 0.0254464, 0.0366954, 0.0698214, 0.10015, 0.173493, 0.182069, 0.201765, 0.215415, 0.215567, 0.254165, 0.298254, 0.324787, 0.629831, 0.648283, 0.693314, 0.753794, 0.76718, 0.702404, 0.757145, 0.398456, 0.824831, 0.850221, 0.930843, 0.984248, 0.991008, 0.997154, 1, 

55,798,0.001, 0.0234395, 0.0390873, 0.0456565, 0.126535, 0.111185, 0.134715, 0.142228, 0.147769, 0.164878, 0.346068, 0.894587, 1, 

59,671,0.001, 0.0234395, 0.0390873, 0.0460126, 0.10239, 0.111185, 0.134715, 0.142228, 0.147769, 0.164878, 0.346068, 1, 

60,668,0.001, 0.0141455, 0.0390873, 0.0456565, 0.126535, 0.111185, 0.134715, 0.142228, 0.147769, 0.164878, 0.346068, 1, 

58,690,0.001, 0.0211516, 0.0392133, 0.0460126, 0.10239, 0.111185, 0.103943, 0.142228, 0.147769, 0.996671, 1, 

57,754,0.001, 0.0234395, 0.0390873, 0.0460126, 0.126535, 0.111185, 0.134715, 0.246362, 0.302584, 0.652294, 1, 

Generation #15
74,647,0.001, 0.0254464, 0.0366954, 0.0698214, 0.10015, 0.173493, 0.182069, 0.201765, 0.215415, 0.215567, 0.254165, 0.298254, 0.324787, 0.629831, 0.648283, 0.693314, 0.753794, 0.76718, 0.702404, 0.757145, 0.398456, 0.824831, 0.850221, 0.930843, 0.984248, 0.991008, 0.997154, 1, 

55,798,0.001, 0.0234395, 0.0390873, 0.0456565, 0.126535, 0.111185, 0.134715, 0.142228, 0.147769, 0.164878, 0.346068, 0.894587, 1, 

59,671,0.001, 0.0234395, 0.0390873, 0.0460126, 0.10239, 0.111185, 0.134715, 0.142228, 0.147769, 0.164878, 0.346068, 1, 

58,690,0.001, 0.0211516, 0.0392133, 0.0460126, 0.10239, 0.111185, 0.103943, 0.142228, 0.147769, 0.996671, 1, 

57,754,0.001, 0.0234395, 0.0390873, 0.0460126, 0.126535, 0.111185, 0.134715, 0.246362, 0.302584, 0.652294, 1, 

60,655,0.001, 0.0234395, 0.0390873, 0.0460126, 0.10239, 0.111185, 0.134715, 0.142228, 0.441389, 0.55663, 0.652303, 0.7728, 1, 

Generation #16
55,798,0.001, 0.0234395, 0.0390873, 0.0456565, 0.126535, 0.111185, 0.134715, 0.142228, 0.147769, 0.164878, 0.346068, 0.894587, 1, 

59,671,0.001, 0.0234395, 0.0390873, 0.0460126, 0.10239, 0.111185, 0.134715, 0.142228, 0.147769, 0.164878, 0.346068, 1, 

58,690,0.001, 0.0211516, 0.0392133, 0.0460126, 0.10239, 0.111185, 0.103943, 0.142228, 0.147769, 0.996671, 1, 

57,754,0.001, 0.0234395, 0.0390873, 0.0460126, 0.126535, 0.111185, 0.134715, 0.246362, 0.302584, 0.652294, 1, 

60,655,0.001, 0.0234395, 0.0390873, 0.0460126, 0.10239, 0.111185, 0.134715, 0.142228, 0.441389, 0.55663, 0.652303, 0.7728, 1, 

64,643,0.001, 0.0234395, 0.0390873, 0.0456565, 0.126535, 0.111185, 0.103943, 0.142228, 0.147769, 0.345675, 0.346068, 0.390185, 0.443204, 0.455689, 0.522106, 0.532403, 0.55521, 0.761045, 0.79815, 0.843834, 0.85952, 1, 

Generation #17
55,798,0.001, 0.0234395, 0.0390873, 0.0456565, 0.126535, 0.111185, 0.134715, 0.142228, 0.147769, 0.164878, 0.346068, 0.894587, 1, 

59,671,0.001, 0.0234395, 0.0390873, 0.0460126, 0.10239, 0.111185, 0.134715, 0.142228, 0.147769, 0.164878, 0.346068, 1, 

58,690,0.001, 0.0211516, 0.0392133, 0.0460126, 0.10239, 0.111185, 0.103943, 0.142228, 0.147769, 0.996671, 1, 

57,754,0.001, 0.0234395, 0.0390873, 0.0460126, 0.126535, 0.111185, 0.134715, 0.246362, 0.302584, 0.652294, 1, 

60,655,0.001, 0.0234395, 0.0390873, 0.0460126, 0.10239, 0.111185, 0.134715, 0.142228, 0.441389, 0.55663, 0.652303, 0.7728, 1, 

64,643,0.001, 0.0234395, 0.0390873, 0.0456565, 0.126535, 0.111185, 0.103943, 0.142228, 0.147769, 0.345675, 0.346068, 0.390185, 0.443204, 0.455689, 0.522106, 0.532403, 0.55521, 0.761045, 0.79815, 0.843834, 0.85952, 1, 

Generation #18
55,798,0.001, 0.0234395, 0.0390873, 0.0456565, 0.126535, 0.111185, 0.134715, 0.142228, 0.147769, 0.164878, 0.346068, 0.894587, 1, 

59,671,0.001, 0.0234395, 0.0390873, 0.0460126, 0.10239, 0.111185, 0.134715, 0.142228, 0.147769, 0.164878, 0.346068, 1, 

58,690,0.001, 0.0211516, 0.0392133, 0.0460126, 0.10239, 0.111185, 0.103943, 0.142228, 0.147769, 0.996671, 1, 

57,754,0.001, 0.0234395, 0.0390873, 0.0460126, 0.126535, 0.111185, 0.134715, 0.246362, 0.302584, 0.652294, 1, 

60,655,0.001, 0.0234395, 0.0390873, 0.0460126, 0.10239, 0.111185, 0.134715, 0.142228, 0.441389, 0.55663, 0.652303, 0.7728, 1, 

64,643,0.001, 0.0234395, 0.0390873, 0.0456565, 0.126535, 0.111185, 0.103943, 0.142228, 0.147769, 0.345675, 0.346068, 0.390185, 0.443204, 0.455689, 0.522106, 0.532403, 0.55521, 0.761045, 0.79815, 0.843834, 0.85952, 1, 

Generation #19
55,798,0.001, 0.0234395, 0.0390873, 0.0456565, 0.126535, 0.111185, 0.134715, 0.142228, 0.147769, 0.164878, 0.346068, 0.894587, 1, 

59,671,0.001, 0.0234395, 0.0390873, 0.0460126, 0.10239, 0.111185, 0.134715, 0.142228, 0.147769, 0.164878, 0.346068, 1, 

58,690,0.001, 0.0211516, 0.0392133, 0.0460126, 0.10239, 0.111185, 0.103943, 0.142228, 0.147769, 0.996671, 1, 

60,655,0.001, 0.0234395, 0.0390873, 0.0460126, 0.10239, 0.111185, 0.134715, 0.142228, 0.441389, 0.55663, 0.652303, 0.7728, 1, 

64,643,0.001, 0.0234395, 0.0390873, 0.0456565, 0.126535, 0.111185, 0.103943, 0.142228, 0.147769, 0.345675, 0.346068, 0.390185, 0.443204, 0.455689, 0.522106, 0.532403, 0.55521, 0.761045, 0.79815, 0.843834, 0.85952, 1, 

56,701,0.001, 0.0141455, 0.0390873, 0.0456565, 0.126535, 0.111185, 0.134715, 0.142228, 0.147769, 0.346068, 0.894587, 1, 

Generation #20
55,798,0.001, 0.0234395, 0.0390873, 0.0456565, 0.126535, 0.111185, 0.134715, 0.142228, 0.147769, 0.164878, 0.346068, 0.894587, 1, 

59,671,0.001, 0.0234395, 0.0390873, 0.0460126, 0.10239, 0.111185, 0.134715, 0.142228, 0.147769, 0.164878, 0.346068, 1, 

58,690,0.001, 0.0211516, 0.0392133, 0.0460126, 0.10239, 0.111185, 0.103943, 0.142228, 0.147769, 0.996671, 1, 

60,655,0.001, 0.0234395, 0.0390873, 0.0460126, 0.10239, 0.111185, 0.134715, 0.142228, 0.441389, 0.55663, 0.652303, 0.7728, 1, 

64,643,0.001, 0.0234395, 0.0390873, 0.0456565, 0.126535, 0.111185, 0.103943, 0.142228, 0.147769, 0.345675, 0.346068, 0.390185, 0.443204, 0.455689, 0.522106, 0.532403, 0.55521, 0.761045, 0.79815, 0.843834, 0.85952, 1, 

56,701,0.001, 0.0141455, 0.0390873, 0.0456565, 0.126535, 0.111185, 0.134715, 0.142228, 0.147769, 0.346068, 0.894587, 1, 

Generation #21
55,798,0.001, 0.0234395, 0.0390873, 0.0456565, 0.126535, 0.111185, 0.134715, 0.142228, 0.147769, 0.164878, 0.346068, 0.894587, 1, 

59,671,0.001, 0.0234395, 0.0390873, 0.0460126, 0.10239, 0.111185, 0.134715, 0.142228, 0.147769, 0.164878, 0.346068, 1, 

60,655,0.001, 0.0234395, 0.0390873, 0.0460126, 0.10239, 0.111185, 0.134715, 0.142228, 0.441389, 0.55663, 0.652303, 0.7728, 1, 

64,643,0.001, 0.0234395, 0.0390873, 0.0456565, 0.126535, 0.111185, 0.103943, 0.142228, 0.147769, 0.345675, 0.346068, 0.390185, 0.443204, 0.455689, 0.522106, 0.532403, 0.55521, 0.761045, 0.79815, 0.843834, 0.85952, 1, 

56,701,0.001, 0.0141455, 0.0390873, 0.0456565, 0.126535, 0.111185, 0.134715, 0.142228, 0.147769, 0.346068, 0.894587, 1, 

58,688,0.001, 0.0110509, 0.0218816, 0.0460126, 0.10239, 0.111185, 0.134715, 0.246362, 0.302584, 0.652294, 1, 

Generation #22
55,798,0.001, 0.0234395, 0.0390873, 0.0456565, 0.126535, 0.111185, 0.134715, 0.142228, 0.147769, 0.164878, 0.346068, 0.894587, 1, 

60,655,0.001, 0.0234395, 0.0390873, 0.0460126, 0.10239, 0.111185, 0.134715, 0.142228, 0.441389, 0.55663, 0.652303, 0.7728, 1, 

64,643,0.001, 0.0234395, 0.0390873, 0.0456565, 0.126535, 0.111185, 0.103943, 0.142228, 0.147769, 0.345675, 0.346068, 0.390185, 0.443204, 0.455689, 0.522106, 0.532403, 0.55521, 0.761045, 0.79815, 0.843834, 0.85952, 1, 

56,701,0.001, 0.0141455, 0.0390873, 0.0456565, 0.126535, 0.111185, 0.134715, 0.142228, 0.147769, 0.346068, 0.894587, 1, 

58,670,0.001, 0.0211516, 0.0390873, 0.0460126, 0.10239, 0.111185, 0.134715, 0.142228, 0.147769, 0.996671, 1, 

73,620,0.001, 0.0110509, 0.0390873, 0.0460126, 0.10239, 0.111185, 0.134715, 0.142228, 0.147769, 0.752971, 0.164878, 0.346068, 0.443204, 0.455689, 0.522106, 0.621605, 0.532403, 0.55521, 0.761045, 0.79815, 0.843834, 0.85952, 1, 

Generation #23
55,798,0.001, 0.0234395, 0.0390873, 0.0456565, 0.126535, 0.111185, 0.134715, 0.142228, 0.147769, 0.164878, 0.346068, 0.894587, 1, 

60,655,0.001, 0.0234395, 0.0390873, 0.0460126, 0.10239, 0.111185, 0.134715, 0.142228, 0.441389, 0.55663, 0.652303, 0.7728, 1, 

64,643,0.001, 0.0234395, 0.0390873, 0.0456565, 0.126535, 0.111185, 0.103943, 0.142228, 0.147769, 0.345675, 0.346068, 0.390185, 0.443204, 0.455689, 0.522106, 0.532403, 0.55521, 0.761045, 0.79815, 0.843834, 0.85952, 1, 

56,701,0.001, 0.0141455, 0.0390873, 0.0456565, 0.126535, 0.111185, 0.134715, 0.142228, 0.147769, 0.346068, 0.894587, 1, 

58,670,0.001, 0.0211516, 0.0390873, 0.0460126, 0.10239, 0.111185, 0.134715, 0.142228, 0.147769, 0.996671, 1, 

73,620,0.001, 0.0110509, 0.0390873, 0.0460126, 0.10239, 0.111185, 0.134715, 0.142228, 0.147769, 0.752971, 0.164878, 0.346068, 0.443204, 0.455689, 0.522106, 0.621605, 0.532403, 0.55521, 0.761045, 0.79815, 0.843834, 0.85952, 1, 

Generation #24
55,798,0.001, 0.0234395, 0.0390873, 0.0456565, 0.126535, 0.111185, 0.134715, 0.142228, 0.147769, 0.164878, 0.346068, 0.894587, 1, 

60,655,0.001, 0.0234395, 0.0390873, 0.0460126, 0.10239, 0.111185, 0.134715, 0.142228, 0.441389, 0.55663, 0.652303, 0.7728, 1, 

64,643,0.001, 0.0234395, 0.0390873, 0.0456565, 0.126535, 0.111185, 0.103943, 0.142228, 0.147769, 0.345675, 0.346068, 0.390185, 0.443204, 0.455689, 0.522106, 0.532403, 0.55521, 0.761045, 0.79815, 0.843834, 0.85952, 1, 

56,701,0.001, 0.0141455, 0.0390873, 0.0456565, 0.126535, 0.111185, 0.134715, 0.142228, 0.147769, 0.346068, 0.894587, 1, 

58,670,0.001, 0.0211516, 0.0390873, 0.0460126, 0.10239, 0.111185, 0.134715, 0.142228, 0.147769, 0.996671, 1, 

73,620,0.001, 0.0110509, 0.0390873, 0.0460126, 0.10239, 0.111185, 0.134715, 0.142228, 0.147769, 0.752971, 0.164878, 0.346068, 0.443204, 0.455689, 0.522106, 0.621605, 0.532403, 0.55521, 0.761045, 0.79815, 0.843834, 0.85952, 1, 

Generation #25
64,643,0.001, 0.0234395, 0.0390873, 0.0456565, 0.126535, 0.111185, 0.103943, 0.142228, 0.147769, 0.345675, 0.346068, 0.390185, 0.443204, 0.455689, 0.522106, 0.532403, 0.55521, 0.761045, 0.79815, 0.843834, 0.85952, 1, 

73,620,0.001, 0.0110509, 0.0390873, 0.0460126, 0.10239, 0.111185, 0.134715, 0.142228, 0.147769, 0.752971, 0.164878, 0.346068, 0.443204, 0.455689, 0.522106, 0.621605, 0.532403, 0.55521, 0.761045, 0.79815, 0.843834, 0.85952, 1, 

56,648,0.001, 0.0234395, 0.0218816, 0.0460126, 0.10239, 0.111185, 0.134715, 0.246362, 0.302584, 0.652294, 1, 

55,703,0.001, 0.0234395, 0.0218816, 0.0460126, 0.10239, 0.111185, 0.134715, 0.142228, 0.302584, 0.652294, 1, 

Generation #26
73,620,0.001, 0.0110509, 0.0390873, 0.0460126, 0.10239, 0.111185, 0.134715, 0.142228, 0.147769, 0.752971, 0.164878, 0.346068, 0.443204, 0.455689, 0.522106, 0.621605, 0.532403, 0.55521, 0.761045, 0.79815, 0.843834, 0.85952, 1, 

56,648,0.001, 0.0234395, 0.0218816, 0.0460126, 0.10239, 0.111185, 0.134715, 0.246362, 0.302584, 0.652294, 1, 

55,703,0.001, 0.0234395, 0.0218816, 0.0460126, 0.10239, 0.111185, 0.134715, 0.142228, 0.302584, 0.652294, 1, 

58,639,0.001, 0.0141455, 0.0390873, 0.0460126, 0.10239, 0.111185, 0.134715, 0.142228, 0.302584, 0.652294, 1, 

Generation #27
73,620,0.001, 0.0110509, 0.0390873, 0.0460126, 0.10239, 0.111185, 0.134715, 0.142228, 0.147769, 0.752971, 0.164878, 0.346068, 0.443204, 0.455689, 0.522106, 0.621605, 0.532403, 0.55521, 0.761045, 0.79815, 0.843834, 0.85952, 1, 

56,648,0.001, 0.0234395, 0.0218816, 0.0460126, 0.10239, 0.111185, 0.134715, 0.246362, 0.302584, 0.652294, 1, 

55,703,0.001, 0.0234395, 0.0218816, 0.0460126, 0.10239, 0.111185, 0.134715, 0.142228, 0.302584, 0.652294, 1, 

58,639,0.001, 0.0141455, 0.0390873, 0.0460126, 0.10239, 0.111185, 0.134715, 0.142228, 0.302584, 0.652294, 1, 

72,631,0.001, 0.0141455, 0.0390873, 0.0460126, 0.10239, 0.0225508, 0.134715, 0.142228, 0.147769, 0.164878, 0.346068, 0.390185, 0.443204, 0.455689, 0.522106, 0.532403, 0.55521, 0.393535, 0.702404, 0.757145, 0.774314, 0.824831, 0.850221, 0.930843, 0.984248, 0.991008, 0.997154, 1, 

Generation #28
56,648,0.001, 0.0234395, 0.0218816, 0.0460126, 0.10239, 0.111185, 0.134715, 0.246362, 0.302584, 0.652294, 1, 

55,703,0.001, 0.0234395, 0.0218816, 0.0460126, 0.10239, 0.111185, 0.134715, 0.142228, 0.302584, 0.652294, 1, 

58,636,0.001, 0.0234395, 0.0390873, 0.0460126, 0.10239, 0.111185, 0.0595461, 0.134715, 0.142228, 0.302584, 0.652294, 1, 

61,598,0.001, 0.0110509, 0.0390873, 0.0460126, 0.10239, 0.111185, 0.134715, 0.142228, 0.147769, 0.164878, 0.346068, 0.894587, 1, 

Generation #29
56,648,0.001, 0.0234395, 0.0218816, 0.0460126, 0.10239, 0.111185, 0.134715, 0.246362, 0.302584, 0.652294, 1, 

55,703,0.001, 0.0234395, 0.0218816, 0.0460126, 0.10239, 0.111185, 0.134715, 0.142228, 0.302584, 0.652294, 1, 

58,636,0.001, 0.0234395, 0.0390873, 0.0460126, 0.10239, 0.111185, 0.0595461, 0.134715, 0.142228, 0.302584, 0.652294, 1, 

61,598,0.001, 0.0110509, 0.0390873, 0.0460126, 0.10239, 0.111185, 0.134715, 0.142228, 0.147769, 0.164878, 0.346068, 0.894587, 1, 

Generation #30
56,648,0.001, 0.0234395, 0.0218816, 0.0460126, 0.10239, 0.111185, 0.134715, 0.246362, 0.302584, 0.652294, 1, 

55,703,0.001, 0.0234395, 0.0218816, 0.0460126, 0.10239, 0.111185, 0.134715, 0.142228, 0.302584, 0.652294, 1, 

58,636,0.001, 0.0234395, 0.0390873, 0.0460126, 0.10239, 0.111185, 0.0595461, 0.134715, 0.142228, 0.302584, 0.652294, 1, 

61,598,0.001, 0.0110509, 0.0390873, 0.0460126, 0.10239, 0.111185, 0.134715, 0.142228, 0.147769, 0.164878, 0.346068, 0.894587, 1, 

72,577,0.001, 0.0110509, 0.0390873, 0.0460126, 0.10239, 0.111185, 0.134715, 0.142228, 0.147769, 0.164878, 0.346068, 0.390185, 0.443204, 0.455689, 0.522106, 0.532403, 0.55521, 0.604216, 0.702404, 0.757145, 0.774314, 0.824831, 0.850221, 0.930843, 0.984248, 0.991008, 0.997154, 1, 

Generation #31
56,648,0.001, 0.0234395, 0.0218816, 0.0460126, 0.10239, 0.111185, 0.134715, 0.246362, 0.302584, 0.652294, 1, 

55,703,0.001, 0.0234395, 0.0218816, 0.0460126, 0.10239, 0.111185, 0.134715, 0.142228, 0.302584, 0.652294, 1, 

58,636,0.001, 0.0234395, 0.0390873, 0.0460126, 0.10239, 0.111185, 0.0595461, 0.134715, 0.142228, 0.302584, 0.652294, 1, 

61,598,0.001, 0.0110509, 0.0390873, 0.0460126, 0.10239, 0.111185, 0.134715, 0.142228, 0.147769, 0.164878, 0.346068, 0.894587, 1, 

72,577,0.001, 0.0110509, 0.0390873, 0.0460126, 0.10239, 0.111185, 0.134715, 0.142228, 0.147769, 0.164878, 0.346068, 0.390185, 0.443204, 0.455689, 0.522106, 0.532403, 0.55521, 0.604216, 0.702404, 0.757145, 0.774314, 0.824831, 0.850221, 0.930843, 0.984248, 0.991008, 0.997154, 1, 

Generation #32
56,648,0.001, 0.0234395, 0.0218816, 0.0460126, 0.10239, 0.111185, 0.134715, 0.246362, 0.302584, 0.652294, 1, 

55,703,0.001, 0.0234395, 0.0218816, 0.0460126, 0.10239, 0.111185, 0.134715, 0.142228, 0.302584, 0.652294, 1, 

58,636,0.001, 0.0234395, 0.0390873, 0.0460126, 0.10239, 0.111185, 0.0595461, 0.134715, 0.142228, 0.302584, 0.652294, 1, 

61,598,0.001, 0.0110509, 0.0390873, 0.0460126, 0.10239, 0.111185, 0.134715, 0.142228, 0.147769, 0.164878, 0.346068, 0.894587, 1, 

72,577,0.001, 0.0110509, 0.0390873, 0.0460126, 0.10239, 0.111185, 0.134715, 0.142228, 0.147769, 0.164878, 0.346068, 0.390185, 0.443204, 0.455689, 0.522106, 0.532403, 0.55521, 0.604216, 0.702404, 0.757145, 0.774314, 0.824831, 0.850221, 0.930843, 0.984248, 0.991008, 0.997154, 1, 

Generation #33
56,648,0.001, 0.0234395, 0.0218816, 0.0460126, 0.10239, 0.111185, 0.134715, 0.246362, 0.302584, 0.652294, 1, 

58,636,0.001, 0.0234395, 0.0390873, 0.0460126, 0.10239, 0.111185, 0.0595461, 0.134715, 0.142228, 0.302584, 0.652294, 1, 

61,598,0.001, 0.0110509, 0.0390873, 0.0460126, 0.10239, 0.111185, 0.134715, 0.142228, 0.147769, 0.164878, 0.346068, 0.894587, 1, 

72,577,0.001, 0.0110509, 0.0390873, 0.0460126, 0.10239, 0.111185, 0.134715, 0.142228, 0.147769, 0.164878, 0.346068, 0.390185, 0.443204, 0.455689, 0.522106, 0.532403, 0.55521, 0.604216, 0.702404, 0.757145, 0.774314, 0.824831, 0.850221, 0.930843, 0.984248, 0.991008, 0.997154, 1, 

55,693,0.001, 0.0110509, 0.0218816, 0.0460126, 0.10239, 0.111185, 0.134715, 0.142228, 0.147769, 0.437669, 0.996671, 1, 

Generation #34
56,648,0.001, 0.0234395, 0.0218816, 0.0460126, 0.10239, 0.111185, 0.134715, 0.246362, 0.302584, 0.652294, 1, 

58,636,0.001, 0.0234395, 0.0390873, 0.0460126, 0.10239, 0.111185, 0.0595461, 0.134715, 0.142228, 0.302584, 0.652294, 1, 

61,598,0.001, 0.0110509, 0.0390873, 0.0460126, 0.10239, 0.111185, 0.134715, 0.142228, 0.147769, 0.164878, 0.346068, 0.894587, 1, 

72,577,0.001, 0.0110509, 0.0390873, 0.0460126, 0.10239, 0.111185, 0.134715, 0.142228, 0.147769, 0.164878, 0.346068, 0.390185, 0.443204, 0.455689, 0.522106, 0.532403, 0.55521, 0.604216, 0.702404, 0.757145, 0.774314, 0.824831, 0.850221, 0.930843, 0.984248, 0.991008, 0.997154, 1, 

55,693,0.001, 0.0110509, 0.0218816, 0.0460126, 0.10239, 0.111185, 0.134715, 0.142228, 0.147769, 0.437669, 0.996671, 1, 

Generation #35
56,648,0.001, 0.0234395, 0.0218816, 0.0460126, 0.10239, 0.111185, 0.134715, 0.246362, 0.302584, 0.652294, 1, 

58,636,0.001, 0.0234395, 0.0390873, 0.0460126, 0.10239, 0.111185, 0.0595461, 0.134715, 0.142228, 0.302584, 0.652294, 1, 

61,598,0.001, 0.0110509, 0.0390873, 0.0460126, 0.10239, 0.111185, 0.134715, 0.142228, 0.147769, 0.164878, 0.346068, 0.894587, 1, 

72,577,0.001, 0.0110509, 0.0390873, 0.0460126, 0.10239, 0.111185, 0.134715, 0.142228, 0.147769, 0.164878, 0.346068, 0.390185, 0.443204, 0.455689, 0.522106, 0.532403, 0.55521, 0.604216, 0.702404, 0.757145, 0.774314, 0.824831, 0.850221, 0.930843, 0.984248, 0.991008, 0.997154, 1, 

55,693,0.001, 0.0110509, 0.0218816, 0.0460126, 0.10239, 0.111185, 0.134715, 0.142228, 0.147769, 0.437669, 0.996671, 1, 

Generation #36
56,648,0.001, 0.0234395, 0.0218816, 0.0460126, 0.10239, 0.111185, 0.134715, 0.246362, 0.302584, 0.652294, 1, 

58,636,0.001, 0.0234395, 0.0390873, 0.0460126, 0.10239, 0.111185, 0.0595461, 0.134715, 0.142228, 0.302584, 0.652294, 1, 

61,598,0.001, 0.0110509, 0.0390873, 0.0460126, 0.10239, 0.111185, 0.134715, 0.142228, 0.147769, 0.164878, 0.346068, 0.894587, 1, 

72,577,0.001, 0.0110509, 0.0390873, 0.0460126, 0.10239, 0.111185, 0.134715, 0.142228, 0.147769, 0.164878, 0.346068, 0.390185, 0.443204, 0.455689, 0.522106, 0.532403, 0.55521, 0.604216, 0.702404, 0.757145, 0.774314, 0.824831, 0.850221, 0.930843, 0.984248, 0.991008, 0.997154, 1, 

55,693,0.001, 0.0110509, 0.0218816, 0.0460126, 0.10239, 0.111185, 0.134715, 0.142228, 0.147769, 0.437669, 0.996671, 1, 

Generation #37
56,648,0.001, 0.0234395, 0.0218816, 0.0460126, 0.10239, 0.111185, 0.134715, 0.246362, 0.302584, 0.652294, 1, 

61,598,0.001, 0.0110509, 0.0390873, 0.0460126, 0.10239, 0.111185, 0.134715, 0.142228, 0.147769, 0.164878, 0.346068, 0.894587, 1, 

72,577,0.001, 0.0110509, 0.0390873, 0.0460126, 0.10239, 0.111185, 0.134715, 0.142228, 0.147769, 0.164878, 0.346068, 0.390185, 0.443204, 0.455689, 0.522106, 0.532403, 0.55521, 0.604216, 0.702404, 0.757145, 0.774314, 0.824831, 0.850221, 0.930843, 0.984248, 0.991008, 0.997154, 1, 

55,693,0.001, 0.0110509, 0.0218816, 0.0460126, 0.10239, 0.111185, 0.134715, 0.142228, 0.147769, 0.437669, 0.996671, 1, 

58,629,0.001, 0.0110509, 0.0390873, 0.0460126, 0.10239, 0.111185, 0.134715, 0.142228, 0.147769, 0.164878, 0.346068, 1, 

Generation #38
56,648,0.001, 0.0234395, 0.0218816, 0.0460126, 0.10239, 0.111185, 0.134715, 0.246362, 0.302584, 0.652294, 1, 

61,598,0.001, 0.0110509, 0.0390873, 0.0460126, 0.10239, 0.111185, 0.134715, 0.142228, 0.147769, 0.164878, 0.346068, 0.894587, 1, 

72,577,0.001, 0.0110509, 0.0390873, 0.0460126, 0.10239, 0.111185, 0.134715, 0.142228, 0.147769, 0.164878, 0.346068, 0.390185, 0.443204, 0.455689, 0.522106, 0.532403, 0.55521, 0.604216, 0.702404, 0.757145, 0.774314, 0.824831, 0.850221, 0.930843, 0.984248, 0.991008, 0.997154, 1, 

55,693,0.001, 0.0110509, 0.0218816, 0.0460126, 0.10239, 0.111185, 0.134715, 0.142228, 0.147769, 0.437669, 0.996671, 1, 

58,629,0.001, 0.0110509, 0.0390873, 0.0460126, 0.10239, 0.111185, 0.134715, 0.142228, 0.147769, 0.164878, 0.346068, 1, 

59,626,0.001, 0.0110509, 0.0390873, 0.0460126, 0.10239, 0.111185, 0.134715, 0.142228, 0.147769, 0.164878, 0.346068, 1, 

Generation #39
56,648,0.001, 0.0234395, 0.0218816, 0.0460126, 0.10239, 0.111185, 0.134715, 0.246362, 0.302584, 0.652294, 1, 

61,598,0.001, 0.0110509, 0.0390873, 0.0460126, 0.10239, 0.111185, 0.134715, 0.142228, 0.147769, 0.164878, 0.346068, 0.894587, 1, 

72,577,0.001, 0.0110509, 0.0390873, 0.0460126, 0.10239, 0.111185, 0.134715, 0.142228, 0.147769, 0.164878, 0.346068, 0.390185, 0.443204, 0.455689, 0.522106, 0.532403, 0.55521, 0.604216, 0.702404, 0.757145, 0.774314, 0.824831, 0.850221, 0.930843, 0.984248, 0.991008, 0.997154, 1, 

55,693,0.001, 0.0110509, 0.0218816, 0.0460126, 0.10239, 0.111185, 0.134715, 0.142228, 0.147769, 0.437669, 0.996671, 1, 

58,608,0.001, 0.0141455, 0.0390873, 0.0456565, 0.10239, 0.0225508, 0.134715, 0.142228, 0.147769, 0.571518, 0.164878, 0.346068, 1, 

Generation #40
56,648,0.001, 0.0234395, 0.0218816, 0.0460126, 0.10239, 0.111185, 0.134715, 0.246362, 0.302584, 0.652294, 1, 

61,598,0.001, 0.0110509, 0.0390873, 0.0460126, 0.10239, 0.111185, 0.134715, 0.142228, 0.147769, 0.164878, 0.346068, 0.894587, 1, 

72,577,0.001, 0.0110509, 0.0390873, 0.0460126, 0.10239, 0.111185, 0.134715, 0.142228, 0.147769, 0.164878, 0.346068, 0.390185, 0.443204, 0.455689, 0.522106, 0.532403, 0.55521, 0.604216, 0.702404, 0.757145, 0.774314, 0.824831, 0.850221, 0.930843, 0.984248, 0.991008, 0.997154, 1, 

55,693,0.001, 0.0110509, 0.0218816, 0.0460126, 0.10239, 0.111185, 0.134715, 0.142228, 0.147769, 0.437669, 0.996671, 1, 

58,608,0.001, 0.0141455, 0.0390873, 0.0456565, 0.10239, 0.0225508, 0.134715, 0.142228, 0.147769, 0.571518, 0.164878, 0.346068, 1, 

57,647,0.001, 0.0110509, 0.0390873, 0.0460126, 0.10239, 0.111185, 0.134715, 0.142228, 0.147769, 0.164878, 1, 

Generation #41
56,648,0.001, 0.0234395, 0.0218816, 0.0460126, 0.10239, 0.111185, 0.134715, 0.246362, 0.302584, 0.652294, 1, 

61,598,0.001, 0.0110509, 0.0390873, 0.0460126, 0.10239, 0.111185, 0.134715, 0.142228, 0.147769, 0.164878, 0.346068, 0.894587, 1, 

72,577,0.001, 0.0110509, 0.0390873, 0.0460126, 0.10239, 0.111185, 0.134715, 0.142228, 0.147769, 0.164878, 0.346068, 0.390185, 0.443204, 0.455689, 0.522106, 0.532403, 0.55521, 0.604216, 0.702404, 0.757145, 0.774314, 0.824831, 0.850221, 0.930843, 0.984248, 0.991008, 0.997154, 1, 

55,693,0.001, 0.0110509, 0.0218816, 0.0460126, 0.10239, 0.111185, 0.134715, 0.142228, 0.147769, 0.437669, 0.996671, 1, 

58,608,0.001, 0.0141455, 0.0390873, 0.0456565, 0.10239, 0.0225508, 0.134715, 0.142228, 0.147769, 0.571518, 0.164878, 0.346068, 1, 

57,647,0.001, 0.0110509, 0.0390873, 0.0460126, 0.10239, 0.111185, 0.134715, 0.142228, 0.147769, 0.164878, 1, 

54,902,0.001, 0.0547308, 0.0234395, 0.0390873, 0.0456565, 0.10239, 0.134715, 0.142228, 0.147769, 0.302584, 0.652294, 1, 

Generation #42
56,648,0.001, 0.0234395, 0.0218816, 0.0460126, 0.10239, 0.111185, 0.134715, 0.246362, 0.302584, 0.652294, 1, 

61,598,0.001, 0.0110509, 0.0390873, 0.0460126, 0.10239, 0.111185, 0.134715, 0.142228, 0.147769, 0.164878, 0.346068, 0.894587, 1, 

72,577,0.001, 0.0110509, 0.0390873, 0.0460126, 0.10239, 0.111185, 0.134715, 0.142228, 0.147769, 0.164878, 0.346068, 0.390185, 0.443204, 0.455689, 0.522106, 0.532403, 0.55521, 0.604216, 0.702404, 0.757145, 0.774314, 0.824831, 0.850221, 0.930843, 0.984248, 0.991008, 0.997154, 1, 

55,693,0.001, 0.0110509, 0.0218816, 0.0460126, 0.10239, 0.111185, 0.134715, 0.142228, 0.147769, 0.437669, 0.996671, 1, 

58,608,0.001, 0.0141455, 0.0390873, 0.0456565, 0.10239, 0.0225508, 0.134715, 0.142228, 0.147769, 0.571518, 0.164878, 0.346068, 1, 

57,647,0.001, 0.0110509, 0.0390873, 0.0460126, 0.10239, 0.111185, 0.134715, 0.142228, 0.147769, 0.164878, 1, 

54,902,0.001, 0.0547308, 0.0234395, 0.0390873, 0.0456565, 0.10239, 0.134715, 0.142228, 0.147769, 0.302584, 0.652294, 1, 

Generation #43
56,648,0.001, 0.0234395, 0.0218816, 0.0460126, 0.10239, 0.111185, 0.134715, 0.246362, 0.302584, 0.652294, 1, 

61,598,0.001, 0.0110509, 0.0390873, 0.0460126, 0.10239, 0.111185, 0.134715, 0.142228, 0.147769, 0.164878, 0.346068, 0.894587, 1, 

72,577,0.001, 0.0110509, 0.0390873, 0.0460126, 0.10239, 0.111185, 0.134715, 0.142228, 0.147769, 0.164878, 0.346068, 0.390185, 0.443204, 0.455689, 0.522106, 0.532403, 0.55521, 0.604216, 0.702404, 0.757145, 0.774314, 0.824831, 0.850221, 0.930843, 0.984248, 0.991008, 0.997154, 1, 

55,693,0.001, 0.0110509, 0.0218816, 0.0460126, 0.10239, 0.111185, 0.134715, 0.142228, 0.147769, 0.437669, 0.996671, 1, 

58,608,0.001, 0.0141455, 0.0390873, 0.0456565, 0.10239, 0.0225508, 0.134715, 0.142228, 0.147769, 0.571518, 0.164878, 0.346068, 1, 

57,647,0.001, 0.0110509, 0.0390873, 0.0460126, 0.10239, 0.111185, 0.134715, 0.142228, 0.147769, 0.164878, 1, 

54,902,0.001, 0.0547308, 0.0234395, 0.0390873, 0.0456565, 0.10239, 0.134715, 0.142228, 0.147769, 0.302584, 0.652294, 1, 

Generation #44
56,648,0.001, 0.0234395, 0.0218816, 0.0460126, 0.10239, 0.111185, 0.134715, 0.246362, 0.302584, 0.652294, 1, 

61,598,0.001, 0.0110509, 0.0390873, 0.0460126, 0.10239, 0.111185, 0.134715, 0.142228, 0.147769, 0.164878, 0.346068, 0.894587, 1, 

72,577,0.001, 0.0110509, 0.0390873, 0.0460126, 0.10239, 0.111185, 0.134715, 0.142228, 0.147769, 0.164878, 0.346068, 0.390185, 0.443204, 0.455689, 0.522106, 0.532403, 0.55521, 0.604216, 0.702404, 0.757145, 0.774314, 0.824831, 0.850221, 0.930843, 0.984248, 0.991008, 0.997154, 1, 

55,693,0.001, 0.0110509, 0.0218816, 0.0460126, 0.10239, 0.111185, 0.134715, 0.142228, 0.147769, 0.437669, 0.996671, 1, 

58,608,0.001, 0.0141455, 0.0390873, 0.0456565, 0.10239, 0.0225508, 0.134715, 0.142228, 0.147769, 0.571518, 0.164878, 0.346068, 1, 

57,647,0.001, 0.0110509, 0.0390873, 0.0460126, 0.10239, 0.111185, 0.134715, 0.142228, 0.147769, 0.164878, 1, 

54,902,0.001, 0.0547308, 0.0234395, 0.0390873, 0.0456565, 0.10239, 0.134715, 0.142228, 0.147769, 0.302584, 0.652294, 1, 

Generation #45
56,648,0.001, 0.0234395, 0.0218816, 0.0460126, 0.10239, 0.111185, 0.134715, 0.246362, 0.302584, 0.652294, 1, 

61,598,0.001, 0.0110509, 0.0390873, 0.0460126, 0.10239, 0.111185, 0.134715, 0.142228, 0.147769, 0.164878, 0.346068, 0.894587, 1, 

72,577,0.001, 0.0110509, 0.0390873, 0.0460126, 0.10239, 0.111185, 0.134715, 0.142228, 0.147769, 0.164878, 0.346068, 0.390185, 0.443204, 0.455689, 0.522106, 0.532403, 0.55521, 0.604216, 0.702404, 0.757145, 0.774314, 0.824831, 0.850221, 0.930843, 0.984248, 0.991008, 0.997154, 1, 

55,693,0.001, 0.0110509, 0.0218816, 0.0460126, 0.10239, 0.111185, 0.134715, 0.142228, 0.147769, 0.437669, 0.996671, 1, 

58,608,0.001, 0.0141455, 0.0390873, 0.0456565, 0.10239, 0.0225508, 0.134715, 0.142228, 0.147769, 0.571518, 0.164878, 0.346068, 1, 

54,902,0.001, 0.0547308, 0.0234395, 0.0390873, 0.0456565, 0.10239, 0.134715, 0.142228, 0.147769, 0.302584, 0.652294, 1, 

57,630,0.001, 0.0141455, 0.0390873, 0.0460126, 0.10239, 0.111185, 0.134715, 0.142228, 0.147769, 0.346068, 0.894587, 1, 

Generation #46
56,648,0.001, 0.0234395, 0.0218816, 0.0460126, 0.10239, 0.111185, 0.134715, 0.246362, 0.302584, 0.652294, 1, 

61,598,0.001, 0.0110509, 0.0390873, 0.0460126, 0.10239, 0.111185, 0.134715, 0.142228, 0.147769, 0.164878, 0.346068, 0.894587, 1, 

72,577,0.001, 0.0110509, 0.0390873, 0.0460126, 0.10239, 0.111185, 0.134715, 0.142228, 0.147769, 0.164878, 0.346068, 0.390185, 0.443204, 0.455689, 0.522106, 0.532403, 0.55521, 0.604216, 0.702404, 0.757145, 0.774314, 0.824831, 0.850221, 0.930843, 0.984248, 0.991008, 0.997154, 1, 

55,693,0.001, 0.0110509, 0.0218816, 0.0460126, 0.10239, 0.111185, 0.134715, 0.142228, 0.147769, 0.437669, 0.996671, 1, 

58,608,0.001, 0.0141455, 0.0390873, 0.0456565, 0.10239, 0.0225508, 0.134715, 0.142228, 0.147769, 0.571518, 0.164878, 0.346068, 1, 

54,902,0.001, 0.0547308, 0.0234395, 0.0390873, 0.0456565, 0.10239, 0.134715, 0.142228, 0.147769, 0.302584, 0.652294, 1, 

57,630,0.001, 0.0141455, 0.0390873, 0.0460126, 0.10239, 0.111185, 0.134715, 0.142228, 0.147769, 0.346068, 0.894587, 1, 

Generation #47
56,648,0.001, 0.0234395, 0.0218816, 0.0460126, 0.10239, 0.111185, 0.134715, 0.246362, 0.302584, 0.652294, 1, 

61,598,0.001, 0.0110509, 0.0390873, 0.0460126, 0.10239, 0.111185, 0.134715, 0.142228, 0.147769, 0.164878, 0.346068, 0.894587, 1, 

72,577,0.001, 0.0110509, 0.0390873, 0.0460126, 0.10239, 0.111185, 0.134715, 0.142228, 0.147769, 0.164878, 0.346068, 0.390185, 0.443204, 0.455689, 0.522106, 0.532403, 0.55521, 0.604216, 0.702404, 0.757145, 0.774314, 0.824831, 0.850221, 0.930843, 0.984248, 0.991008, 0.997154, 1, 

58,608,0.001, 0.0141455, 0.0390873, 0.0456565, 0.10239, 0.0225508, 0.134715, 0.142228, 0.147769, 0.571518, 0.164878, 0.346068, 1, 

54,902,0.001, 0.0547308, 0.0234395, 0.0390873, 0.0456565, 0.10239, 0.134715, 0.142228, 0.147769, 0.302584, 0.652294, 1, 

57,630,0.001, 0.0141455, 0.0390873, 0.0460126, 0.10239, 0.111185, 0.134715, 0.142228, 0.147769, 0.346068, 0.894587, 1, 

55,686,0.001, 0.0234395, 0.0390873, 0.0460126, 0.10239, 0.111185, 0.134715, 0.246362, 0.441389, 0.55663, 0.652303, 0.7728, 1, 

Generation #48
56,648,0.001, 0.0234395, 0.0218816, 0.0460126, 0.10239, 0.111185, 0.134715, 0.246362, 0.302584, 0.652294, 1, 

61,598,0.001, 0.0110509, 0.0390873, 0.0460126, 0.10239, 0.111185, 0.134715, 0.142228, 0.147769, 0.164878, 0.346068, 0.894587, 1, 

72,577,0.001, 0.0110509, 0.0390873, 0.0460126, 0.10239, 0.111185, 0.134715, 0.142228, 0.147769, 0.164878, 0.346068, 0.390185, 0.443204, 0.455689, 0.522106, 0.532403, 0.55521, 0.604216, 0.702404, 0.757145, 0.774314, 0.824831, 0.850221, 0.930843, 0.984248, 0.991008, 0.997154, 1, 

58,608,0.001, 0.0141455, 0.0390873, 0.0456565, 0.10239, 0.0225508, 0.134715, 0.142228, 0.147769, 0.571518, 0.164878, 0.346068, 1, 

54,902,0.001, 0.0547308, 0.0234395, 0.0390873, 0.0456565, 0.10239, 0.134715, 0.142228, 0.147769, 0.302584, 0.652294, 1, 

57,630,0.001, 0.0141455, 0.0390873, 0.0460126, 0.10239, 0.111185, 0.134715, 0.142228, 0.147769, 0.346068, 0.894587, 1, 

55,686,0.001, 0.0234395, 0.0390873, 0.0460126, 0.10239, 0.111185, 0.134715, 0.246362, 0.441389, 0.55663, 0.652303, 0.7728, 1, 

Generation #49
56,648,0.001, 0.0234395, 0.0218816, 0.0460126, 0.10239, 0.111185, 0.134715, 0.246362, 0.302584, 0.652294, 1, 

61,598,0.001, 0.0110509, 0.0390873, 0.0460126, 0.10239, 0.111185, 0.134715, 0.142228, 0.147769, 0.164878, 0.346068, 0.894587, 1, 

72,577,0.001, 0.0110509, 0.0390873, 0.0460126, 0.10239, 0.111185, 0.134715, 0.142228, 0.147769, 0.164878, 0.346068, 0.390185, 0.443204, 0.455689, 0.522106, 0.532403, 0.55521, 0.604216, 0.702404, 0.757145, 0.774314, 0.824831, 0.850221, 0.930843, 0.984248, 0.991008, 0.997154, 1, 

58,608,0.001, 0.0141455, 0.0390873, 0.0456565, 0.10239, 0.0225508, 0.134715, 0.142228, 0.147769, 0.571518, 0.164878, 0.346068, 1, 

54,902,0.001, 0.0547308, 0.0234395, 0.0390873, 0.0456565, 0.10239, 0.134715, 0.142228, 0.147769, 0.302584, 0.652294, 1, 

57,630,0.001, 0.0141455, 0.0390873, 0.0460126, 0.10239, 0.111185, 0.134715, 0.142228, 0.147769, 0.346068, 0.894587, 1, 

55,686,0.001, 0.0234395, 0.0390873, 0.0460126, 0.10239, 0.111185, 0.134715, 0.246362, 0.441389, 0.55663, 0.652303, 0.7728, 1, 

--- Pareto Front Solutions ---
Solution 0: N total=101 (N_initial=45, N_added=56), Time total=675 ms, Saved to: ./results/Wireless_t2_l1_pareto_0.csv, percents=0.001, 0.0234395, 0.0218816, 0.0460126, 0.10239, 0.111185, 0.134715, 0.246362, 0.302584, 0.652294, 1, 

Solution 1: N total=106 (N_initial=45, N_added=61), Time total=625 ms, Saved to: ./results/Wireless_t2_l1_pareto_1.csv, percents=0.001, 0.0110509, 0.0390873, 0.0460126, 0.10239, 0.111185, 0.134715, 0.142228, 0.147769, 0.164878, 0.346068, 0.894587, 1, 

Solution 2: N total=117 (N_initial=45, N_added=72), Time total=604 ms, Saved to: ./results/Wireless_t2_l1_pareto_2.csv, percents=0.001, 0.0110509, 0.0390873, 0.0460126, 0.10239, 0.111185, 0.134715, 0.142228, 0.147769, 0.164878, 0.346068, 0.390185, 0.443204, 0.455689, 0.522106, 0.532403, 0.55521, 0.604216, 0.702404, 0.757145, 0.774314, 0.824831, 0.850221, 0.930843, 0.984248, 0.991008, 0.997154, 1, 

Solution 3: N total=103 (N_initial=45, N_added=58), Time total=635 ms, Saved to: ./results/Wireless_t2_l1_pareto_3.csv, percents=0.001, 0.0141455, 0.0390873, 0.0456565, 0.10239, 0.0225508, 0.134715, 0.142228, 0.147769, 0.571518, 0.164878, 0.346068, 1, 

Solution 4: N total=99 (N_initial=45, N_added=54), Time total=929 ms, Saved to: ./results/Wireless_t2_l1_pareto_4.csv, percents=0.001, 0.0547308, 0.0234395, 0.0390873, 0.0456565, 0.10239, 0.134715, 0.142228, 0.147769, 0.302584, 0.652294, 1, 

Solution 5: N total=102 (N_initial=45, N_added=57), Time total=657 ms, Saved to: ./results/Wireless_t2_l1_pareto_5.csv, percents=0.001, 0.0141455, 0.0390873, 0.0460126, 0.10239, 0.111185, 0.134715, 0.142228, 0.147769, 0.346068, 0.894587, 1, 

Solution 6: N total=100 (N_initial=45, N_added=55), Time total=713 ms, Saved to: ./results/Wireless_t2_l1_pareto_6.csv, percents=0.001, 0.0234395, 0.0390873, 0.0460126, 0.10239, 0.111185, 0.134715, 0.246362, 0.441389, 0.55663, 0.652303, 0.7728, 1, 

------------d=1, t=2, lambda=2, filename=./evaluation/Wireless/Wireless_2_2.csv------------
Computing partitioned counts of d-sets...
Ready to look at pairs based on partitioned counts...
First Stage N=80, Time=11
There are 429 remaining non-locating pairs
--- Running GA Algorithm (phase2) ---
Running GA with std::execution::par
Generation #0
65,154,0.001, 0.0398082, 0.0780607, 0.0879872, 0.127605, 0.255033, 0.361829, 0.364245, 0.432648, 0.511841, 0.558448, 0.558924, 0.580906, 0.742723, 0.791268, 0.806135, 0.834328, 0.935976, 0.975006, 0.975715, 1, 

68,144,0.001, 0.0411969, 0.0723691, 0.0842453, 0.0977742, 0.182803, 0.227325, 0.362156, 0.364052, 0.424437, 0.468344, 0.478293, 0.632021, 0.735591, 0.806556, 0.840134, 0.849245, 0.858963, 0.864947, 0.973596, 1, 

62,201,0.001, 0.0859288, 0.116184, 0.175272, 0.250668, 0.255728, 0.268461, 0.27993, 0.472372, 0.568915, 0.635285, 0.637192, 0.691893, 0.749009, 0.812438, 0.931571, 0.99165, 1, 

60,235,0.001, 0.122056, 0.26085, 0.299734, 0.421854, 0.436628, 0.468705, 0.470721, 0.821584, 0.865227, 1, 

67,145,0.001, 0.0396335, 0.0833212, 0.0862321, 0.0920022, 0.0975475, 0.102517, 0.136788, 0.212784, 0.252618, 0.344435, 0.628204, 0.644401, 0.685288, 0.708129, 0.785592, 0.808478, 0.851946, 0.857068, 0.867452, 0.896684, 1, 

Generation #1
60,134,0.001, 0.0261788, 0.0507186, 0.064857, 0.0648692, 0.0657281, 0.0691819, 0.0749886, 0.12181, 0.130065, 0.14341, 0.166935, 0.211188, 1, 

72,128,0.001, 0.0261788, 0.0507186, 0.064857, 0.0648692, 0.0657281, 0.0691819, 0.0749886, 0.12181, 0.130065, 0.14341, 0.166935, 0.211188, 0.211461, 0.252973, 0.298033, 0.359913, 0.383595, 0.390636, 0.474154, 0.548403, 0.550471, 0.986326, 1, 

Generation #2
60,134,0.001, 0.0261788, 0.0507186, 0.064857, 0.0648692, 0.0657281, 0.0691819, 0.0749886, 0.12181, 0.130065, 0.14341, 0.166935, 0.211188, 1, 

69,119,0.001, 0.00687188, 0.0218467, 0.064857, 0.0648692, 0.0657281, 0.0691819, 0.0749886, 0.12181, 0.130065, 0.14341, 0.166935, 0.211188, 0.211461, 0.252973, 0.298033, 0.359913, 0.383595, 0.390636, 0.474154, 0.548403, 0.550471, 0.986326, 1, 

59,197,0.001, 0.0535752, 0.120428, 0.191114, 0.252749, 0.285909, 0.322945, 0.328965, 0.248348, 0.733522, 0.755203, 1, 

Generation #3
60,134,0.001, 0.0261788, 0.0507186, 0.064857, 0.0648692, 0.0657281, 0.0691819, 0.0749886, 0.12181, 0.130065, 0.14341, 0.166935, 0.211188, 1, 

69,119,0.001, 0.00687188, 0.0218467, 0.064857, 0.0648692, 0.0657281, 0.0691819, 0.0749886, 0.12181, 0.130065, 0.14341, 0.166935, 0.211188, 0.211461, 0.252973, 0.298033, 0.359913, 0.383595, 0.390636, 0.474154, 0.548403, 0.550471, 0.986326, 1, 

62,129,0.001, 0.0102054, 0.0224924, 0.0438913, 0.0484546, 0.0817145, 0.089758, 0.189872, 0.230896, 0.25808, 0.267513, 0.314159, 0.774492, 0.849851, 0.990261, 1, 

56,180,0.001, 0.0859288, 0.116184, 0.175272, 0.250668, 0.255728, 0.268461, 0.27993, 0.472372, 0.755203, 1, 

Generation #4
60,134,0.001, 0.0261788, 0.0507186, 0.064857, 0.0648692, 0.0657281, 0.0691819, 0.0749886, 0.12181, 0.130065, 0.14341, 0.166935, 0.211188, 1, 

69,119,0.001, 0.00687188, 0.0218467, 0.064857, 0.0648692, 0.0657281, 0.0691819, 0.0749886, 0.12181, 0.130065, 0.14341, 0.166935, 0.211188, 0.211461, 0.252973, 0.298033, 0.359913, 0.383595, 0.390636, 0.474154, 0.548403, 0.550471, 0.986326, 1, 

62,129,0.001, 0.0102054, 0.0224924, 0.0438913, 0.0484546, 0.0817145, 0.089758, 0.189872, 0.230896, 0.25808, 0.267513, 0.314159, 0.774492, 0.849851, 0.990261, 1, 

56,180,0.001, 0.0859288, 0.116184, 0.175272, 0.250668, 0.255728, 0.268461, 0.27993, 0.472372, 0.755203, 1, 

Generation #5
56,120,0.001, 0.00687188, 0.0218467, 0.064857, 0.0648692, 0.0657281, 0.0691819, 0.0749886, 0.12181, 0.130065, 0.14341, 0.166935, 0.211188, 1, 

69,115,0.001, 0.0261788, 0.0507186, 0.064857, 0.0648692, 0.0657281, 0.0691819, 0.0749886, 0.12181, 0.130065, 0.14341, 0.166935, 0.211188, 0.211461, 0.252973, 0.298033, 0.359913, 0.383595, 0.390636, 0.474154, 0.548403, 0.550471, 0.986326, 1, 

Generation #6
56,120,0.001, 0.00687188, 0.0218467, 0.064857, 0.0648692, 0.0657281, 0.0691819, 0.0749886, 0.12181, 0.130065, 0.14341, 0.166935, 0.211188, 1, 

67,115,0.001, 0.0261788, 0.0507186, 0.064857, 0.0648692, 0.0657281, 0.0691819, 0.0749886, 0.12181, 0.130065, 0.14341, 0.166935, 0.211188, 0.211461, 0.252973, 0.298033, 0.359913, 0.383595, 0.390636, 0.895634, 0.919911, 0.931663, 0.998426, 1, 

Generation #7
56,120,0.001, 0.00687188, 0.0218467, 0.064857, 0.0648692, 0.0657281, 0.0691819, 0.0749886, 0.12181, 0.130065, 0.14341, 0.166935, 0.211188, 1, 

59,113,0.001, 0.0261788, 0.0614246, 0.064857, 0.0648692, 0.0657281, 0.0691819, 0.0749886, 0.12181, 0.130065, 0.14341, 0.442676, 0.166935, 0.211188, 1, 

Generation #8
56,120,0.001, 0.00687188, 0.0218467, 0.064857, 0.0648692, 0.0657281, 0.0691819, 0.0749886, 0.12181, 0.130065, 0.14341, 0.166935, 0.211188, 1, 

59,113,0.001, 0.0261788, 0.0614246, 0.064857, 0.0648692, 0.0657281, 0.0691819, 0.0749886, 0.12181, 0.130065, 0.14341, 0.442676, 0.166935, 0.211188, 1, 

72,107,0.001, 0.0261788, 0.0507186, 0.064857, 0.0648692, 0.0657281, 0.0691819, 0.0749886, 0.12181, 0.130065, 0.14341, 0.166935, 0.211188, 0.211461, 0.252973, 0.298033, 0.359913, 0.383595, 0.390636, 0.474154, 0.548403, 0.550471, 0.986326, 1, 

Generation #9
56,120,0.001, 0.00687188, 0.0218467, 0.064857, 0.0648692, 0.0657281, 0.0691819, 0.0749886, 0.12181, 0.130065, 0.14341, 0.166935, 0.211188, 1, 

59,113,0.001, 0.0261788, 0.0614246, 0.064857, 0.0648692, 0.0657281, 0.0691819, 0.0749886, 0.12181, 0.130065, 0.14341, 0.442676, 0.166935, 0.211188, 1, 

72,107,0.001, 0.0261788, 0.0507186, 0.064857, 0.0648692, 0.0657281, 0.0691819, 0.0749886, 0.12181, 0.130065, 0.14341, 0.166935, 0.211188, 0.211461, 0.252973, 0.298033, 0.359913, 0.383595, 0.390636, 0.474154, 0.548403, 0.550471, 0.986326, 1, 

70,108,0.001, 0.0261788, 0.0507186, 0.064857, 0.0648692, 0.0657281, 0.0691819, 0.0749886, 0.12181, 0.130065, 0.14341, 0.166935, 0.211188, 0.211461, 0.252973, 0.298033, 0.359913, 0.383595, 0.390636, 0.474154, 0.548403, 0.550471, 0.986326, 1, 

Generation #10
56,120,0.001, 0.00687188, 0.0218467, 0.064857, 0.0648692, 0.0657281, 0.0691819, 0.0749886, 0.12181, 0.130065, 0.14341, 0.166935, 0.211188, 1, 

59,113,0.001, 0.0261788, 0.0614246, 0.064857, 0.0648692, 0.0657281, 0.0691819, 0.0749886, 0.12181, 0.130065, 0.14341, 0.442676, 0.166935, 0.211188, 1, 

72,107,0.001, 0.0261788, 0.0507186, 0.064857, 0.0648692, 0.0657281, 0.0691819, 0.0749886, 0.12181, 0.130065, 0.14341, 0.166935, 0.211188, 0.211461, 0.252973, 0.298033, 0.359913, 0.383595, 0.390636, 0.474154, 0.548403, 0.550471, 0.986326, 1, 

70,108,0.001, 0.0261788, 0.0507186, 0.064857, 0.0648692, 0.0657281, 0.0691819, 0.0749886, 0.12181, 0.130065, 0.14341, 0.166935, 0.211188, 0.211461, 0.252973, 0.298033, 0.359913, 0.383595, 0.390636, 0.474154, 0.548403, 0.550471, 0.986326, 1, 

74,100,0.001, 0.00687188, 0.0218467, 0.064857, 0.0648692, 0.0657281, 0.0691819, 0.0749886, 0.12181, 0.130065, 0.14341, 0.314159, 0.400635, 0.44352, 0.51451, 0.525016, 0.536737, 0.593624, 0.723526, 0.726377, 0.738849, 0.781272, 0.820729, 0.982674, 1, 

52,143,0.001, 0.0261788, 0.0507186, 0.064857, 0.0648692, 0.0657281, 0.0691819, 0.0749886, 0.12181, 0.130065, 0.14341, 0.166935, 1, 

Generation #11
56,120,0.001, 0.00687188, 0.0218467, 0.064857, 0.0648692, 0.0657281, 0.0691819, 0.0749886, 0.12181, 0.130065, 0.14341, 0.166935, 0.211188, 1, 

59,113,0.001, 0.0261788, 0.0614246, 0.064857, 0.0648692, 0.0657281, 0.0691819, 0.0749886, 0.12181, 0.130065, 0.14341, 0.442676, 0.166935, 0.211188, 1, 

74,100,0.001, 0.00687188, 0.0218467, 0.064857, 0.0648692, 0.0657281, 0.0691819, 0.0749886, 0.12181, 0.130065, 0.14341, 0.314159, 0.400635, 0.44352, 0.51451, 0.525016, 0.536737, 0.593624, 0.723526, 0.726377, 0.738849, 0.781272, 0.820729, 0.982674, 1, 

52,143,0.001, 0.0261788, 0.0507186, 0.064857, 0.0648692, 0.0657281, 0.0691819, 0.0749886, 0.12181, 0.130065, 0.14341, 0.166935, 1, 

66,106,0.001, 0.0261788, 0.0507186, 0.064857, 0.0648692, 0.0657281, 0.0691819, 0.0749886, 0.12181, 0.130065, 0.14341, 0.166935, 0.211188, 0.211461, 0.252973, 0.298033, 0.359913, 0.383595, 0.390636, 0.474154, 0.548403, 0.550471, 0.986326, 1, 

Generation #12
56,120,0.001, 0.00687188, 0.0218467, 0.064857, 0.0648692, 0.0657281, 0.0691819, 0.0749886, 0.12181, 0.130065, 0.14341, 0.166935, 0.211188, 1, 

59,113,0.001, 0.0261788, 0.0614246, 0.064857, 0.0648692, 0.0657281, 0.0691819, 0.0749886, 0.12181, 0.130065, 0.14341, 0.442676, 0.166935, 0.211188, 1, 

74,100,0.001, 0.00687188, 0.0218467, 0.064857, 0.0648692, 0.0657281, 0.0691819, 0.0749886, 0.12181, 0.130065, 0.14341, 0.314159, 0.400635, 0.44352, 0.51451, 0.525016, 0.536737, 0.593624, 0.723526, 0.726377, 0.738849, 0.781272, 0.820729, 0.982674, 1, 

52,143,0.001, 0.0261788, 0.0507186, 0.064857, 0.0648692, 0.0657281, 0.0691819, 0.0749886, 0.12181, 0.130065, 0.14341, 0.166935, 1, 

60,105,0.001, 0.00687188, 0.0218467, 0.064857, 0.0648692, 0.0657281, 0.0691819, 0.0749886, 0.12181, 0.130065, 0.14341, 0.314159, 0.400635, 1, 

Generation #13
56,120,0.001, 0.00687188, 0.0218467, 0.064857, 0.0648692, 0.0657281, 0.0691819, 0.0749886, 0.12181, 0.130065, 0.14341, 0.166935, 0.211188, 1, 

59,113,0.001, 0.0261788, 0.0614246, 0.064857, 0.0648692, 0.0657281, 0.0691819, 0.0749886, 0.12181, 0.130065, 0.14341, 0.442676, 0.166935, 0.211188, 1, 

74,100,0.001, 0.00687188, 0.0218467, 0.064857, 0.0648692, 0.0657281, 0.0691819, 0.0749886, 0.12181, 0.130065, 0.14341, 0.314159, 0.400635, 0.44352, 0.51451, 0.525016, 0.536737, 0.593624, 0.723526, 0.726377, 0.738849, 0.781272, 0.820729, 0.982674, 1, 

52,143,0.001, 0.0261788, 0.0507186, 0.064857, 0.0648692, 0.0657281, 0.0691819, 0.0749886, 0.12181, 0.130065, 0.14341, 0.166935, 1, 

60,105,0.001, 0.00687188, 0.0218467, 0.064857, 0.0648692, 0.0657281, 0.0691819, 0.0749886, 0.12181, 0.130065, 0.14341, 0.314159, 0.400635, 1, 

Generation #14
59,113,0.001, 0.0261788, 0.0614246, 0.064857, 0.0648692, 0.0657281, 0.0691819, 0.0749886, 0.12181, 0.130065, 0.14341, 0.442676, 0.166935, 0.211188, 1, 

74,100,0.001, 0.00687188, 0.0218467, 0.064857, 0.0648692, 0.0657281, 0.0691819, 0.0749886, 0.12181, 0.130065, 0.14341, 0.314159, 0.400635, 0.44352, 0.51451, 0.525016, 0.536737, 0.593624, 0.723526, 0.726377, 0.738849, 0.781272, 0.820729, 0.982674, 1, 

52,143,0.001, 0.0261788, 0.0507186, 0.064857, 0.0648692, 0.0657281, 0.0691819, 0.0749886, 0.12181, 0.130065, 0.14341, 0.166935, 1, 

60,105,0.001, 0.00687188, 0.0218467, 0.064857, 0.0648692, 0.0657281, 0.0691819, 0.0749886, 0.12181, 0.130065, 0.14341, 0.314159, 0.400635, 1, 

55,133,0.001, 0.0706131, 0.0218467, 0.064857, 0.0648692, 0.0657281, 0.0691819, 0.0749886, 0.12181, 0.130065, 0.14341, 0.166935, 0.211188, 0.849851, 0.990261, 1, 

56,116,0.001, 0.00687188, 0.0218467, 0.064857, 0.0648692, 0.0657281, 0.0691819, 0.0749886, 0.12181, 0.130065, 0.14341, 0.166935, 0.211188, 0.211188, 1, 

Generation #15
74,100,0.001, 0.00687188, 0.0218467, 0.064857, 0.0648692, 0.0657281, 0.0691819, 0.0749886, 0.12181, 0.130065, 0.14341, 0.314159, 0.400635, 0.44352, 0.51451, 0.525016, 0.536737, 0.593624, 0.723526, 0.726377, 0.738849, 0.781272, 0.820729, 0.982674, 1, 

52,143,0.001, 0.0261788, 0.0507186, 0.064857, 0.0648692, 0.0657281, 0.0691819, 0.0749886, 0.12181, 0.130065, 0.14341, 0.166935, 1, 

60,105,0.001, 0.00687188, 0.0218467, 0.064857, 0.0648692, 0.0657281, 0.0691819, 0.0749886, 0.12181, 0.130065, 0.14341, 0.314159, 0.400635, 1, 

55,133,0.001, 0.0706131, 0.0218467, 0.064857, 0.0648692, 0.0657281, 0.0691819, 0.0749886, 0.12181, 0.130065, 0.14341, 0.166935, 0.211188, 0.849851, 0.990261, 1, 

56,116,0.001, 0.00687188, 0.0218467, 0.064857, 0.0648692, 0.0657281, 0.0691819, 0.0749886, 0.12181, 0.130065, 0.14341, 0.166935, 0.211188, 0.211188, 1, 

58,113,0.001, 0.00687188, 0.0218467, 0.064857, 0.0648692, 0.0657281, 0.0691819, 0.0749886, 0.12181, 0.130065, 0.14341, 0.166935, 0.211188, 1, 

Generation #16
74,100,0.001, 0.00687188, 0.0218467, 0.064857, 0.0648692, 0.0657281, 0.0691819, 0.0749886, 0.12181, 0.130065, 0.14341, 0.314159, 0.400635, 0.44352, 0.51451, 0.525016, 0.536737, 0.593624, 0.723526, 0.726377, 0.738849, 0.781272, 0.820729, 0.982674, 1, 

52,143,0.001, 0.0261788, 0.0507186, 0.064857, 0.0648692, 0.0657281, 0.0691819, 0.0749886, 0.12181, 0.130065, 0.14341, 0.166935, 1, 

60,105,0.001, 0.00687188, 0.0218467, 0.064857, 0.0648692, 0.0657281, 0.0691819, 0.0749886, 0.12181, 0.130065, 0.14341, 0.314159, 0.400635, 1, 

55,133,0.001, 0.0706131, 0.0218467, 0.064857, 0.0648692, 0.0657281, 0.0691819, 0.0749886, 0.12181, 0.130065, 0.14341, 0.166935, 0.211188, 0.849851, 0.990261, 1, 

56,116,0.001, 0.00687188, 0.0218467, 0.064857, 0.0648692, 0.0657281, 0.0691819, 0.0749886, 0.12181, 0.130065, 0.14341, 0.166935, 0.211188, 0.211188, 1, 

58,113,0.001, 0.00687188, 0.0218467, 0.064857, 0.0648692, 0.0657281, 0.0691819, 0.0749886, 0.12181, 0.130065, 0.14341, 0.166935, 0.211188, 1, 

62,103,0.001, 0.00687188, 0.0218467, 0.064857, 0.0648692, 0.0657281, 0.0691819, 0.0749886, 0.12181, 0.130065, 0.14341, 0.166935, 0.211188, 0.211461, 0.252973, 0.298033, 0.359913, 0.383595, 0.390636, 0.895634, 0.919911, 0.931663, 0.998426, 1, 

Generation #17
52,143,0.001, 0.0261788, 0.0507186, 0.064857, 0.0648692, 0.0657281, 0.0691819, 0.0749886, 0.12181, 0.130065, 0.14341, 0.166935, 1, 

60,105,0.001, 0.00687188, 0.0218467, 0.064857, 0.0648692, 0.0657281, 0.0691819, 0.0749886, 0.12181, 0.130065, 0.14341, 0.314159, 0.400635, 1, 

55,133,0.001, 0.0706131, 0.0218467, 0.064857, 0.0648692, 0.0657281, 0.0691819, 0.0749886, 0.12181, 0.130065, 0.14341, 0.166935, 0.211188, 0.849851, 0.990261, 1, 

56,116,0.001, 0.00687188, 0.0218467, 0.064857, 0.0648692, 0.0657281, 0.0691819, 0.0749886, 0.12181, 0.130065, 0.14341, 0.166935, 0.211188, 0.211188, 1, 

58,113,0.001, 0.00687188, 0.0218467, 0.064857, 0.0648692, 0.0657281, 0.0691819, 0.0749886, 0.12181, 0.130065, 0.14341, 0.166935, 0.211188, 1, 

62,103,0.001, 0.00687188, 0.0218467, 0.064857, 0.0648692, 0.0657281, 0.0691819, 0.0749886, 0.12181, 0.130065, 0.14341, 0.166935, 0.211188, 0.211461, 0.252973, 0.298033, 0.359913, 0.383595, 0.390636, 0.895634, 0.919911, 0.931663, 0.998426, 1, 

74,99,0.001, 0.00687188, 0.0218467, 0.064857, 0.0648692, 0.0657281, 0.0691819, 0.0749886, 0.12181, 0.130065, 0.14341, 0.166935, 0.211188, 0.211461, 0.252973, 0.298033, 0.359913, 0.383595, 0.390636, 0.474154, 0.548403, 0.550471, 0.986326, 1, 

69,102,0.001, 0.0261788, 0.0507186, 0.064857, 0.0648692, 0.0657281, 0.0691819, 0.0749886, 0.12181, 0.130065, 0.14341, 0.166935, 0.211188, 0.211461, 0.252973, 0.298033, 0.359913, 0.383595, 0.390636, 0.895634, 0.919911, 0.931663, 0.998426, 1, 

Generation #18
52,143,0.001, 0.0261788, 0.0507186, 0.064857, 0.0648692, 0.0657281, 0.0691819, 0.0749886, 0.12181, 0.130065, 0.14341, 0.166935, 1, 

60,105,0.001, 0.00687188, 0.0218467, 0.064857, 0.0648692, 0.0657281, 0.0691819, 0.0749886, 0.12181, 0.130065, 0.14341, 0.314159, 0.400635, 1, 

55,133,0.001, 0.0706131, 0.0218467, 0.064857, 0.0648692, 0.0657281, 0.0691819, 0.0749886, 0.12181, 0.130065, 0.14341, 0.166935, 0.211188, 0.849851, 0.990261, 1, 

56,116,0.001, 0.00687188, 0.0218467, 0.064857, 0.0648692, 0.0657281, 0.0691819, 0.0749886, 0.12181, 0.130065, 0.14341, 0.166935, 0.211188, 0.211188, 1, 

58,113,0.001, 0.00687188, 0.0218467, 0.064857, 0.0648692, 0.0657281, 0.0691819, 0.0749886, 0.12181, 0.130065, 0.14341, 0.166935, 0.211188, 1, 

62,103,0.001, 0.00687188, 0.0218467, 0.064857, 0.0648692, 0.0657281, 0.0691819, 0.0749886, 0.12181, 0.130065, 0.14341, 0.166935, 0.211188, 0.211461, 0.252973, 0.298033, 0.359913, 0.383595, 0.390636, 0.895634, 0.919911, 0.931663, 0.998426, 1, 

68,90,0.001, 0.00687188, 0.0218467, 0.064857, 0.034226, 0.0648692, 0.0657281, 0.0691819, 0.0749886, 0.12181, 0.130065, 0.14341, 0.166935, 0.211188, 0.211461, 0.252973, 0.298033, 0.359913, 0.383595, 0.390636, 0.474154, 0.548403, 0.550471, 0.986326, 1, 

67,98,0.001, 0.00687188, 0.0218467, 0.064857, 0.0648692, 0.0657281, 0.0691819, 0.0749886, 0.12181, 0.130065, 0.14341, 0.166935, 0.211188, 0.211461, 0.252973, 0.298033, 0.359913, 0.383595, 0.390636, 0.474154, 0.548403, 0.550471, 0.986326, 1, 

Generation #19
52,143,0.001, 0.0261788, 0.0507186, 0.064857, 0.0648692, 0.0657281, 0.0691819, 0.0749886, 0.12181, 0.130065, 0.14341, 0.166935, 1, 

60,105,0.001, 0.00687188, 0.0218467, 0.064857, 0.0648692, 0.0657281, 0.0691819, 0.0749886, 0.12181, 0.130065, 0.14341, 0.314159, 0.400635, 1, 

55,133,0.001, 0.0706131, 0.0218467, 0.064857, 0.0648692, 0.0657281, 0.0691819, 0.0749886, 0.12181, 0.130065, 0.14341, 0.166935, 0.211188, 0.849851, 0.990261, 1, 

56,116,0.001, 0.00687188, 0.0218467, 0.064857, 0.0648692, 0.0657281, 0.0691819, 0.0749886, 0.12181, 0.130065, 0.14341, 0.166935, 0.211188, 0.211188, 1, 

58,113,0.001, 0.00687188, 0.0218467, 0.064857, 0.0648692, 0.0657281, 0.0691819, 0.0749886, 0.12181, 0.130065, 0.14341, 0.166935, 0.211188, 1, 

62,103,0.001, 0.00687188, 0.0218467, 0.064857, 0.0648692, 0.0657281, 0.0691819, 0.0749886, 0.12181, 0.130065, 0.14341, 0.166935, 0.211188, 0.211461, 0.252973, 0.298033, 0.359913, 0.383595, 0.390636, 0.895634, 0.919911, 0.931663, 0.998426, 1, 

68,90,0.001, 0.00687188, 0.0218467, 0.064857, 0.034226, 0.0648692, 0.0657281, 0.0691819, 0.0749886, 0.12181, 0.130065, 0.14341, 0.166935, 0.211188, 0.211461, 0.252973, 0.298033, 0.359913, 0.383595, 0.390636, 0.474154, 0.548403, 0.550471, 0.986326, 1, 

65,98,0.001, 0.0102054, 0.0224924, 0.0438913, 0.0484546, 0.0657281, 0.0691819, 0.084538, 0.0749886, 0.130065, 0.14341, 0.166935, 0.211188, 0.211461, 0.252973, 0.298033, 0.359913, 0.383595, 0.390636, 0.895634, 0.919911, 0.931663, 0.998426, 1, 

Generation #20
52,143,0.001, 0.0261788, 0.0507186, 0.064857, 0.0648692, 0.0657281, 0.0691819, 0.0749886, 0.12181, 0.130065, 0.14341, 0.166935, 1, 

60,105,0.001, 0.00687188, 0.0218467, 0.064857, 0.0648692, 0.0657281, 0.0691819, 0.0749886, 0.12181, 0.130065, 0.14341, 0.314159, 0.400635, 1, 

56,116,0.001, 0.00687188, 0.0218467, 0.064857, 0.0648692, 0.0657281, 0.0691819, 0.0749886, 0.12181, 0.130065, 0.14341, 0.166935, 0.211188, 0.211188, 1, 

58,113,0.001, 0.00687188, 0.0218467, 0.064857, 0.0648692, 0.0657281, 0.0691819, 0.0749886, 0.12181, 0.130065, 0.14341, 0.166935, 0.211188, 1, 

62,103,0.001, 0.00687188, 0.0218467, 0.064857, 0.0648692, 0.0657281, 0.0691819, 0.0749886, 0.12181, 0.130065, 0.14341, 0.166935, 0.211188, 0.211461, 0.252973, 0.298033, 0.359913, 0.383595, 0.390636, 0.895634, 0.919911, 0.931663, 0.998426, 1, 

68,90,0.001, 0.00687188, 0.0218467, 0.064857, 0.034226, 0.0648692, 0.0657281, 0.0691819, 0.0749886, 0.12181, 0.130065, 0.14341, 0.166935, 0.211188, 0.211461, 0.252973, 0.298033, 0.359913, 0.383595, 0.390636, 0.474154, 0.548403, 0.550471, 0.986326, 1, 

65,98,0.001, 0.0102054, 0.0224924, 0.0438913, 0.0484546, 0.0657281, 0.0691819, 0.084538, 0.0749886, 0.130065, 0.14341, 0.166935, 0.211188, 0.211461, 0.252973, 0.298033, 0.359913, 0.383595, 0.390636, 0.895634, 0.919911, 0.931663, 0.998426, 1, 

55,126,0.001, 0.0559479, 0.0224924, 0.0438913, 0.0484546, 0.0657281, 0.0691819, 0.084538, 0.0749886, 0.12181, 0.130065, 0.166935, 0.211188, 1, 

Generation #21
52,143,0.001, 0.0261788, 0.0507186, 0.064857, 0.0648692, 0.0657281, 0.0691819, 0.0749886, 0.12181, 0.130065, 0.14341, 0.166935, 1, 

68,90,0.001, 0.00687188, 0.0218467, 0.064857, 0.034226, 0.0648692, 0.0657281, 0.0691819, 0.0749886, 0.12181, 0.130065, 0.14341, 0.166935, 0.211188, 0.211461, 0.252973, 0.298033, 0.359913, 0.383595, 0.390636, 0.474154, 0.548403, 0.550471, 0.986326, 1, 

65,98,0.001, 0.0102054, 0.0224924, 0.0438913, 0.0484546, 0.0657281, 0.0691819, 0.084538, 0.0749886, 0.130065, 0.14341, 0.166935, 0.211188, 0.211461, 0.252973, 0.298033, 0.359913, 0.383595, 0.390636, 0.895634, 0.919911, 0.931663, 0.998426, 1, 

55,123,0.001, 0.0261788, 0.0507186, 0.064857, 0.0648692, 0.0657281, 0.0691819, 0.0749886, 0.12181, 0.130065, 0.14341, 0.166935, 0.211188, 1, 

56,101,0.001, 0.00687188, 0.0218467, 0.064857, 0.0648692, 0.0657281, 0.0691819, 0.0749886, 0.12181, 0.130065, 0.14341, 0.442676, 0.166935, 0.211188, 1, 

Generation #22
52,143,0.001, 0.0261788, 0.0507186, 0.064857, 0.0648692, 0.0657281, 0.0691819, 0.0749886, 0.12181, 0.130065, 0.14341, 0.166935, 1, 

68,90,0.001, 0.00687188, 0.0218467, 0.064857, 0.034226, 0.0648692, 0.0657281, 0.0691819, 0.0749886, 0.12181, 0.130065, 0.14341, 0.166935, 0.211188, 0.211461, 0.252973, 0.298033, 0.359913, 0.383595, 0.390636, 0.474154, 0.548403, 0.550471, 0.986326, 1, 

55,123,0.001, 0.0261788, 0.0507186, 0.064857, 0.0648692, 0.0657281, 0.0691819, 0.0749886, 0.12181, 0.130065, 0.14341, 0.166935, 0.211188, 1, 

56,101,0.001, 0.00687188, 0.0218467, 0.064857, 0.0648692, 0.0657281, 0.0691819, 0.0749886, 0.12181, 0.130065, 0.14341, 0.442676, 0.166935, 0.211188, 1, 

64,92,0.001, 0.0102054, 0.0224924, 0.0438913, 0.0484546, 0.0817145, 0.0691819, 0.0749886, 0.12181, 0.130065, 0.14341, 0.166935, 0.211188, 0.211461, 0.252973, 0.298033, 0.359913, 0.383595, 0.390636, 0.474154, 0.548403, 0.550471, 0.986326, 1, 

Generation #23
52,143,0.001, 0.0261788, 0.0507186, 0.064857, 0.0648692, 0.0657281, 0.0691819, 0.0749886, 0.12181, 0.130065, 0.14341, 0.166935, 1, 

68,90,0.001, 0.00687188, 0.0218467, 0.064857, 0.034226, 0.0648692, 0.0657281, 0.0691819, 0.0749886, 0.12181, 0.130065, 0.14341, 0.166935, 0.211188, 0.211461, 0.252973, 0.298033, 0.359913, 0.383595, 0.390636, 0.474154, 0.548403, 0.550471, 0.986326, 1, 

55,123,0.001, 0.0261788, 0.0507186, 0.064857, 0.0648692, 0.0657281, 0.0691819, 0.0749886, 0.12181, 0.130065, 0.14341, 0.166935, 0.211188, 1, 

56,101,0.001, 0.00687188, 0.0218467, 0.064857, 0.0648692, 0.0657281, 0.0691819, 0.0749886, 0.12181, 0.130065, 0.14341, 0.442676, 0.166935, 0.211188, 1, 

64,92,0.001, 0.0102054, 0.0224924, 0.0438913, 0.0484546, 0.0817145, 0.0691819, 0.0749886, 0.12181, 0.130065, 0.14341, 0.166935, 0.211188, 0.211461, 0.252973, 0.298033, 0.359913, 0.383595, 0.390636, 0.474154, 0.548403, 0.550471, 0.986326, 1, 

Generation #24
52,143,0.001, 0.0261788, 0.0507186, 0.064857, 0.0648692, 0.0657281, 0.0691819, 0.0749886, 0.12181, 0.130065, 0.14341, 0.166935, 1, 

68,90,0.001, 0.00687188, 0.0218467, 0.064857, 0.034226, 0.0648692, 0.0657281, 0.0691819, 0.0749886, 0.12181, 0.130065, 0.14341, 0.166935, 0.211188, 0.211461, 0.252973, 0.298033, 0.359913, 0.383595, 0.390636, 0.474154, 0.548403, 0.550471, 0.986326, 1, 

55,123,0.001, 0.0261788, 0.0507186, 0.064857, 0.0648692, 0.0657281, 0.0691819, 0.0749886, 0.12181, 0.130065, 0.14341, 0.166935, 0.211188, 1, 

56,101,0.001, 0.00687188, 0.0218467, 0.064857, 0.0648692, 0.0657281, 0.0691819, 0.0749886, 0.12181, 0.130065, 0.14341, 0.442676, 0.166935, 0.211188, 1, 

64,92,0.001, 0.0102054, 0.0224924, 0.0438913, 0.0484546, 0.0817145, 0.0691819, 0.0749886, 0.12181, 0.130065, 0.14341, 0.166935, 0.211188, 0.211461, 0.252973, 0.298033, 0.359913, 0.383595, 0.390636, 0.474154, 0.548403, 0.550471, 0.986326, 1, 

Generation #25
52,143,0.001, 0.0261788, 0.0507186, 0.064857, 0.0648692, 0.0657281, 0.0691819, 0.0749886, 0.12181, 0.130065, 0.14341, 0.166935, 1, 

68,90,0.001, 0.00687188, 0.0218467, 0.064857, 0.034226, 0.0648692, 0.0657281, 0.0691819, 0.0749886, 0.12181, 0.130065, 0.14341, 0.166935, 0.211188, 0.211461, 0.252973, 0.298033, 0.359913, 0.383595, 0.390636, 0.474154, 0.548403, 0.550471, 0.986326, 1, 

55,123,0.001, 0.0261788, 0.0507186, 0.064857, 0.0648692, 0.0657281, 0.0691819, 0.0749886, 0.12181, 0.130065, 0.14341, 0.166935, 0.211188, 1, 

56,101,0.001, 0.00687188, 0.0218467, 0.064857, 0.0648692, 0.0657281, 0.0691819, 0.0749886, 0.12181, 0.130065, 0.14341, 0.442676, 0.166935, 0.211188, 1, 

64,92,0.001, 0.0102054, 0.0224924, 0.0438913, 0.0484546, 0.0817145, 0.0691819, 0.0749886, 0.12181, 0.130065, 0.14341, 0.166935, 0.211188, 0.211461, 0.252973, 0.298033, 0.359913, 0.383595, 0.390636, 0.474154, 0.548403, 0.550471, 0.986326, 1, 

Generation #26
52,143,0.001, 0.0261788, 0.0507186, 0.064857, 0.0648692, 0.0657281, 0.0691819, 0.0749886, 0.12181, 0.130065, 0.14341, 0.166935, 1, 

68,90,0.001, 0.00687188, 0.0218467, 0.064857, 0.034226, 0.0648692, 0.0657281, 0.0691819, 0.0749886, 0.12181, 0.130065, 0.14341, 0.166935, 0.211188, 0.211461, 0.252973, 0.298033, 0.359913, 0.383595, 0.390636, 0.474154, 0.548403, 0.550471, 0.986326, 1, 

55,123,0.001, 0.0261788, 0.0507186, 0.064857, 0.0648692, 0.0657281, 0.0691819, 0.0749886, 0.12181, 0.130065, 0.14341, 0.166935, 0.211188, 1, 

56,101,0.001, 0.00687188, 0.0218467, 0.064857, 0.0648692, 0.0657281, 0.0691819, 0.0749886, 0.12181, 0.130065, 0.14341, 0.442676, 0.166935, 0.211188, 1, 

64,92,0.001, 0.0102054, 0.0224924, 0.0438913, 0.0484546, 0.0817145, 0.0691819, 0.0749886, 0.12181, 0.130065, 0.14341, 0.166935, 0.211188, 0.211461, 0.252973, 0.298033, 0.359913, 0.383595, 0.390636, 0.474154, 0.548403, 0.550471, 0.986326, 1, 

Generation #27
52,143,0.001, 0.0261788, 0.0507186, 0.064857, 0.0648692, 0.0657281, 0.0691819, 0.0749886, 0.12181, 0.130065, 0.14341, 0.166935, 1, 

68,90,0.001, 0.00687188, 0.0218467, 0.064857, 0.034226, 0.0648692, 0.0657281, 0.0691819, 0.0749886, 0.12181, 0.130065, 0.14341, 0.166935, 0.211188, 0.211461, 0.252973, 0.298033, 0.359913, 0.383595, 0.390636, 0.474154, 0.548403, 0.550471, 0.986326, 1, 

55,123,0.001, 0.0261788, 0.0507186, 0.064857, 0.0648692, 0.0657281, 0.0691819, 0.0749886, 0.12181, 0.130065, 0.14341, 0.166935, 0.211188, 1, 

56,101,0.001, 0.00687188, 0.0218467, 0.064857, 0.0648692, 0.0657281, 0.0691819, 0.0749886, 0.12181, 0.130065, 0.14341, 0.442676, 0.166935, 0.211188, 1, 

64,92,0.001, 0.0102054, 0.0224924, 0.0438913, 0.0484546, 0.0817145, 0.0691819, 0.0749886, 0.12181, 0.130065, 0.14341, 0.166935, 0.211188, 0.211461, 0.252973, 0.298033, 0.359913, 0.383595, 0.390636, 0.474154, 0.548403, 0.550471, 0.986326, 1, 

Generation #28
52,143,0.001, 0.0261788, 0.0507186, 0.064857, 0.0648692, 0.0657281, 0.0691819, 0.0749886, 0.12181, 0.130065, 0.14341, 0.166935, 1, 

68,90,0.001, 0.00687188, 0.0218467, 0.064857, 0.034226, 0.0648692, 0.0657281, 0.0691819, 0.0749886, 0.12181, 0.130065, 0.14341, 0.166935, 0.211188, 0.211461, 0.252973, 0.298033, 0.359913, 0.383595, 0.390636, 0.474154, 0.548403, 0.550471, 0.986326, 1, 

55,123,0.001, 0.0261788, 0.0507186, 0.064857, 0.0648692, 0.0657281, 0.0691819, 0.0749886, 0.12181, 0.130065, 0.14341, 0.166935, 0.211188, 1, 

56,101,0.001, 0.00687188, 0.0218467, 0.064857, 0.0648692, 0.0657281, 0.0691819, 0.0749886, 0.12181, 0.130065, 0.14341, 0.442676, 0.166935, 0.211188, 1, 

64,92,0.001, 0.0102054, 0.0224924, 0.0438913, 0.0484546, 0.0817145, 0.0691819, 0.0749886, 0.12181, 0.130065, 0.14341, 0.166935, 0.211188, 0.211461, 0.252973, 0.298033, 0.359913, 0.383595, 0.390636, 0.474154, 0.548403, 0.550471, 0.986326, 1, 

Generation #29
52,143,0.001, 0.0261788, 0.0507186, 0.064857, 0.0648692, 0.0657281, 0.0691819, 0.0749886, 0.12181, 0.130065, 0.14341, 0.166935, 1, 

68,90,0.001, 0.00687188, 0.0218467, 0.064857, 0.034226, 0.0648692, 0.0657281, 0.0691819, 0.0749886, 0.12181, 0.130065, 0.14341, 0.166935, 0.211188, 0.211461, 0.252973, 0.298033, 0.359913, 0.383595, 0.390636, 0.474154, 0.548403, 0.550471, 0.986326, 1, 

55,123,0.001, 0.0261788, 0.0507186, 0.064857, 0.0648692, 0.0657281, 0.0691819, 0.0749886, 0.12181, 0.130065, 0.14341, 0.166935, 0.211188, 1, 

56,101,0.001, 0.00687188, 0.0218467, 0.064857, 0.0648692, 0.0657281, 0.0691819, 0.0749886, 0.12181, 0.130065, 0.14341, 0.442676, 0.166935, 0.211188, 1, 

64,92,0.001, 0.0102054, 0.0224924, 0.0438913, 0.0484546, 0.0817145, 0.0691819, 0.0749886, 0.12181, 0.130065, 0.14341, 0.166935, 0.211188, 0.211461, 0.252973, 0.298033, 0.359913, 0.383595, 0.390636, 0.474154, 0.548403, 0.550471, 0.986326, 1, 

Generation #30
52,143,0.001, 0.0261788, 0.0507186, 0.064857, 0.0648692, 0.0657281, 0.0691819, 0.0749886, 0.12181, 0.130065, 0.14341, 0.166935, 1, 

68,90,0.001, 0.00687188, 0.0218467, 0.064857, 0.034226, 0.0648692, 0.0657281, 0.0691819, 0.0749886, 0.12181, 0.130065, 0.14341, 0.166935, 0.211188, 0.211461, 0.252973, 0.298033, 0.359913, 0.383595, 0.390636, 0.474154, 0.548403, 0.550471, 0.986326, 1, 

55,123,0.001, 0.0261788, 0.0507186, 0.064857, 0.0648692, 0.0657281, 0.0691819, 0.0749886, 0.12181, 0.130065, 0.14341, 0.166935, 0.211188, 1, 

56,101,0.001, 0.00687188, 0.0218467, 0.064857, 0.0648692, 0.0657281, 0.0691819, 0.0749886, 0.12181, 0.130065, 0.14341, 0.442676, 0.166935, 0.211188, 1, 

64,92,0.001, 0.0102054, 0.0224924, 0.0438913, 0.0484546, 0.0817145, 0.0691819, 0.0749886, 0.12181, 0.130065, 0.14341, 0.166935, 0.211188, 0.211461, 0.252973, 0.298033, 0.359913, 0.383595, 0.390636, 0.474154, 0.548403, 0.550471, 0.986326, 1, 

Generation #31
52,143,0.001, 0.0261788, 0.0507186, 0.064857, 0.0648692, 0.0657281, 0.0691819, 0.0749886, 0.12181, 0.130065, 0.14341, 0.166935, 1, 

68,90,0.001, 0.00687188, 0.0218467, 0.064857, 0.034226, 0.0648692, 0.0657281, 0.0691819, 0.0749886, 0.12181, 0.130065, 0.14341, 0.166935, 0.211188, 0.211461, 0.252973, 0.298033, 0.359913, 0.383595, 0.390636, 0.474154, 0.548403, 0.550471, 0.986326, 1, 

55,123,0.001, 0.0261788, 0.0507186, 0.064857, 0.0648692, 0.0657281, 0.0691819, 0.0749886, 0.12181, 0.130065, 0.14341, 0.166935, 0.211188, 1, 

56,101,0.001, 0.00687188, 0.0218467, 0.064857, 0.0648692, 0.0657281, 0.0691819, 0.0749886, 0.12181, 0.130065, 0.14341, 0.442676, 0.166935, 0.211188, 1, 

64,92,0.001, 0.0102054, 0.0224924, 0.0438913, 0.0484546, 0.0817145, 0.0691819, 0.0749886, 0.12181, 0.130065, 0.14341, 0.166935, 0.211188, 0.211461, 0.252973, 0.298033, 0.359913, 0.383595, 0.390636, 0.474154, 0.548403, 0.550471, 0.986326, 1, 

Generation #32
52,143,0.001, 0.0261788, 0.0507186, 0.064857, 0.0648692, 0.0657281, 0.0691819, 0.0749886, 0.12181, 0.130065, 0.14341, 0.166935, 1, 

68,90,0.001, 0.00687188, 0.0218467, 0.064857, 0.034226, 0.0648692, 0.0657281, 0.0691819, 0.0749886, 0.12181, 0.130065, 0.14341, 0.166935, 0.211188, 0.211461, 0.252973, 0.298033, 0.359913, 0.383595, 0.390636, 0.474154, 0.548403, 0.550471, 0.986326, 1, 

56,101,0.001, 0.00687188, 0.0218467, 0.064857, 0.0648692, 0.0657281, 0.0691819, 0.0749886, 0.12181, 0.130065, 0.14341, 0.442676, 0.166935, 0.211188, 1, 

64,92,0.001, 0.0102054, 0.0224924, 0.0438913, 0.0484546, 0.0817145, 0.0691819, 0.0749886, 0.12181, 0.130065, 0.14341, 0.166935, 0.211188, 0.211461, 0.252973, 0.298033, 0.359913, 0.383595, 0.390636, 0.474154, 0.548403, 0.550471, 0.986326, 1, 

55,119,0.001, 0.0261788, 0.0507186, 0.064857, 0.0648692, 0.0657281, 0.0691819, 0.0749886, 0.12181, 0.130065, 0.14341, 0.166935, 0.166935, 0.211188, 1, 

Generation #33
52,143,0.001, 0.0261788, 0.0507186, 0.064857, 0.0648692, 0.0657281, 0.0691819, 0.0749886, 0.12181, 0.130065, 0.14341, 0.166935, 1, 

68,90,0.001, 0.00687188, 0.0218467, 0.064857, 0.034226, 0.0648692, 0.0657281, 0.0691819, 0.0749886, 0.12181, 0.130065, 0.14341, 0.166935, 0.211188, 0.211461, 0.252973, 0.298033, 0.359913, 0.383595, 0.390636, 0.474154, 0.548403, 0.550471, 0.986326, 1, 

56,101,0.001, 0.00687188, 0.0218467, 0.064857, 0.0648692, 0.0657281, 0.0691819, 0.0749886, 0.12181, 0.130065, 0.14341, 0.442676, 0.166935, 0.211188, 1, 

64,92,0.001, 0.0102054, 0.0224924, 0.0438913, 0.0484546, 0.0817145, 0.0691819, 0.0749886, 0.12181, 0.130065, 0.14341, 0.166935, 0.211188, 0.211461, 0.252973, 0.298033, 0.359913, 0.383595, 0.390636, 0.474154, 0.548403, 0.550471, 0.986326, 1, 

55,119,0.001, 0.0261788, 0.0507186, 0.064857, 0.0648692, 0.0657281, 0.0691819, 0.0749886, 0.12181, 0.130065, 0.14341, 0.166935, 0.166935, 0.211188, 1, 

54,136,0.001, 0.00687188, 0.0507186, 0.064857, 0.0648692, 0.0657281, 0.0691819, 0.0749886, 0.12181, 0.130065, 0.14341, 0.166935, 0.211188, 1, 

Generation #34
52,143,0.001, 0.0261788, 0.0507186, 0.064857, 0.0648692, 0.0657281, 0.0691819, 0.0749886, 0.12181, 0.130065, 0.14341, 0.166935, 1, 

68,90,0.001, 0.00687188, 0.0218467, 0.064857, 0.034226, 0.0648692, 0.0657281, 0.0691819, 0.0749886, 0.12181, 0.130065, 0.14341, 0.166935, 0.211188, 0.211461, 0.252973, 0.298033, 0.359913, 0.383595, 0.390636, 0.474154, 0.548403, 0.550471, 0.986326, 1, 

56,101,0.001, 0.00687188, 0.0218467, 0.064857, 0.0648692, 0.0657281, 0.0691819, 0.0749886, 0.12181, 0.130065, 0.14341, 0.442676, 0.166935, 0.211188, 1, 

64,92,0.001, 0.0102054, 0.0224924, 0.0438913, 0.0484546, 0.0817145, 0.0691819, 0.0749886, 0.12181, 0.130065, 0.14341, 0.166935, 0.211188, 0.211461, 0.252973, 0.298033, 0.359913, 0.383595, 0.390636, 0.474154, 0.548403, 0.550471, 0.986326, 1, 

55,119,0.001, 0.0261788, 0.0507186, 0.064857, 0.0648692, 0.0657281, 0.0691819, 0.0749886, 0.12181, 0.130065, 0.14341, 0.166935, 0.166935, 0.211188, 1, 

54,136,0.001, 0.00687188, 0.0507186, 0.064857, 0.0648692, 0.0657281, 0.0691819, 0.0749886, 0.12181, 0.130065, 0.14341, 0.166935, 0.211188, 1, 

63,99,0.001, 0.0102054, 0.0224924, 0.0438913, 0.0648692, 0.0657281, 0.0691819, 0.0749886, 0.12181, 0.130065, 0.14341, 0.166935, 0.211188, 0.211461, 0.252973, 0.298033, 0.359913, 0.383595, 0.390636, 0.474154, 0.548403, 0.550471, 0.986326, 1, 

Generation #35
52,143,0.001, 0.0261788, 0.0507186, 0.064857, 0.0648692, 0.0657281, 0.0691819, 0.0749886, 0.12181, 0.130065, 0.14341, 0.166935, 1, 

68,90,0.001, 0.00687188, 0.0218467, 0.064857, 0.034226, 0.0648692, 0.0657281, 0.0691819, 0.0749886, 0.12181, 0.130065, 0.14341, 0.166935, 0.211188, 0.211461, 0.252973, 0.298033, 0.359913, 0.383595, 0.390636, 0.474154, 0.548403, 0.550471, 0.986326, 1, 

56,101,0.001, 0.00687188, 0.0218467, 0.064857, 0.0648692, 0.0657281, 0.0691819, 0.0749886, 0.12181, 0.130065, 0.14341, 0.442676, 0.166935, 0.211188, 1, 

64,92,0.001, 0.0102054, 0.0224924, 0.0438913, 0.0484546, 0.0817145, 0.0691819, 0.0749886, 0.12181, 0.130065, 0.14341, 0.166935, 0.211188, 0.211461, 0.252973, 0.298033, 0.359913, 0.383595, 0.390636, 0.474154, 0.548403, 0.550471, 0.986326, 1, 

55,119,0.001, 0.0261788, 0.0507186, 0.064857, 0.0648692, 0.0657281, 0.0691819, 0.0749886, 0.12181, 0.130065, 0.14341, 0.166935, 0.166935, 0.211188, 1, 

54,136,0.001, 0.00687188, 0.0507186, 0.064857, 0.0648692, 0.0657281, 0.0691819, 0.0749886, 0.12181, 0.130065, 0.14341, 0.166935, 0.211188, 1, 

63,99,0.001, 0.0102054, 0.0224924, 0.0438913, 0.0648692, 0.0657281, 0.0691819, 0.0749886, 0.12181, 0.130065, 0.14341, 0.166935, 0.211188, 0.211461, 0.252973, 0.298033, 0.359913, 0.383595, 0.390636, 0.474154, 0.548403, 0.550471, 0.986326, 1, 

Generation #36
52,143,0.001, 0.0261788, 0.0507186, 0.064857, 0.0648692, 0.0657281, 0.0691819, 0.0749886, 0.12181, 0.130065, 0.14341, 0.166935, 1, 

68,90,0.001, 0.00687188, 0.0218467, 0.064857, 0.034226, 0.0648692, 0.0657281, 0.0691819, 0.0749886, 0.12181, 0.130065, 0.14341, 0.166935, 0.211188, 0.211461, 0.252973, 0.298033, 0.359913, 0.383595, 0.390636, 0.474154, 0.548403, 0.550471, 0.986326, 1, 

56,101,0.001, 0.00687188, 0.0218467, 0.064857, 0.0648692, 0.0657281, 0.0691819, 0.0749886, 0.12181, 0.130065, 0.14341, 0.442676, 0.166935, 0.211188, 1, 

64,92,0.001, 0.0102054, 0.0224924, 0.0438913, 0.0484546, 0.0817145, 0.0691819, 0.0749886, 0.12181, 0.130065, 0.14341, 0.166935, 0.211188, 0.211461, 0.252973, 0.298033, 0.359913, 0.383595, 0.390636, 0.474154, 0.548403, 0.550471, 0.986326, 1, 

55,119,0.001, 0.0261788, 0.0507186, 0.064857, 0.0648692, 0.0657281, 0.0691819, 0.0749886, 0.12181, 0.130065, 0.14341, 0.166935, 0.166935, 0.211188, 1, 

54,136,0.001, 0.00687188, 0.0507186, 0.064857, 0.0648692, 0.0657281, 0.0691819, 0.0749886, 0.12181, 0.130065, 0.14341, 0.166935, 0.211188, 1, 

63,99,0.001, 0.0102054, 0.0224924, 0.0438913, 0.0648692, 0.0657281, 0.0691819, 0.0749886, 0.12181, 0.130065, 0.14341, 0.166935, 0.211188, 0.211461, 0.252973, 0.298033, 0.359913, 0.383595, 0.390636, 0.474154, 0.548403, 0.550471, 0.986326, 1, 

Generation #37
52,143,0.001, 0.0261788, 0.0507186, 0.064857, 0.0648692, 0.0657281, 0.0691819, 0.0749886, 0.12181, 0.130065, 0.14341, 0.166935, 1, 

68,90,0.001, 0.00687188, 0.0218467, 0.064857, 0.034226, 0.0648692, 0.0657281, 0.0691819, 0.0749886, 0.12181, 0.130065, 0.14341, 0.166935, 0.211188, 0.211461, 0.252973, 0.298033, 0.359913, 0.383595, 0.390636, 0.474154, 0.548403, 0.550471, 0.986326, 1, 

56,101,0.001, 0.00687188, 0.0218467, 0.064857, 0.0648692, 0.0657281, 0.0691819, 0.0749886, 0.12181, 0.130065, 0.14341, 0.442676, 0.166935, 0.211188, 1, 

64,92,0.001, 0.0102054, 0.0224924, 0.0438913, 0.0484546, 0.0817145, 0.0691819, 0.0749886, 0.12181, 0.130065, 0.14341, 0.166935, 0.211188, 0.211461, 0.252973, 0.298033, 0.359913, 0.383595, 0.390636, 0.474154, 0.548403, 0.550471, 0.986326, 1, 

55,119,0.001, 0.0261788, 0.0507186, 0.064857, 0.0648692, 0.0657281, 0.0691819, 0.0749886, 0.12181, 0.130065, 0.14341, 0.166935, 0.166935, 0.211188, 1, 

54,136,0.001, 0.00687188, 0.0507186, 0.064857, 0.0648692, 0.0657281, 0.0691819, 0.0749886, 0.12181, 0.130065, 0.14341, 0.166935, 0.211188, 1, 

63,99,0.001, 0.0102054, 0.0224924, 0.0438913, 0.0648692, 0.0657281, 0.0691819, 0.0749886, 0.12181, 0.130065, 0.14341, 0.166935, 0.211188, 0.211461, 0.252973, 0.298033, 0.359913, 0.383595, 0.390636, 0.474154, 0.548403, 0.550471, 0.986326, 1, 

Generation #38
52,143,0.001, 0.0261788, 0.0507186, 0.064857, 0.0648692, 0.0657281, 0.0691819, 0.0749886, 0.12181, 0.130065, 0.14341, 0.166935, 1, 

68,90,0.001, 0.00687188, 0.0218467, 0.064857, 0.034226, 0.0648692, 0.0657281, 0.0691819, 0.0749886, 0.12181, 0.130065, 0.14341, 0.166935, 0.211188, 0.211461, 0.252973, 0.298033, 0.359913, 0.383595, 0.390636, 0.474154, 0.548403, 0.550471, 0.986326, 1, 

56,101,0.001, 0.00687188, 0.0218467, 0.064857, 0.0648692, 0.0657281, 0.0691819, 0.0749886, 0.12181, 0.130065, 0.14341, 0.442676, 0.166935, 0.211188, 1, 

64,92,0.001, 0.0102054, 0.0224924, 0.0438913, 0.0484546, 0.0817145, 0.0691819, 0.0749886, 0.12181, 0.130065, 0.14341, 0.166935, 0.211188, 0.211461, 0.252973, 0.298033, 0.359913, 0.383595, 0.390636, 0.474154, 0.548403, 0.550471, 0.986326, 1, 

55,119,0.001, 0.0261788, 0.0507186, 0.064857, 0.0648692, 0.0657281, 0.0691819, 0.0749886, 0.12181, 0.130065, 0.14341, 0.166935, 0.166935, 0.211188, 1, 

54,136,0.001, 0.00687188, 0.0507186, 0.064857, 0.0648692, 0.0657281, 0.0691819, 0.0749886, 0.12181, 0.130065, 0.14341, 0.166935, 0.211188, 1, 

58,98,0.001, 0.0102054, 0.0224924, 0.0438913, 0.0484546, 0.0657281, 0.0691819, 0.0749886, 0.12181, 0.130065, 0.14341, 0.166935, 0.211188, 0.211461, 0.252973, 1, 

Generation #39
52,143,0.001, 0.0261788, 0.0507186, 0.064857, 0.0648692, 0.0657281, 0.0691819, 0.0749886, 0.12181, 0.130065, 0.14341, 0.166935, 1, 

68,90,0.001, 0.00687188, 0.0218467, 0.064857, 0.034226, 0.0648692, 0.0657281, 0.0691819, 0.0749886, 0.12181, 0.130065, 0.14341, 0.166935, 0.211188, 0.211461, 0.252973, 0.298033, 0.359913, 0.383595, 0.390636, 0.474154, 0.548403, 0.550471, 0.986326, 1, 

56,101,0.001, 0.00687188, 0.0218467, 0.064857, 0.0648692, 0.0657281, 0.0691819, 0.0749886, 0.12181, 0.130065, 0.14341, 0.442676, 0.166935, 0.211188, 1, 

64,92,0.001, 0.0102054, 0.0224924, 0.0438913, 0.0484546, 0.0817145, 0.0691819, 0.0749886, 0.12181, 0.130065, 0.14341, 0.166935, 0.211188, 0.211461, 0.252973, 0.298033, 0.359913, 0.383595, 0.390636, 0.474154, 0.548403, 0.550471, 0.986326, 1, 

55,119,0.001, 0.0261788, 0.0507186, 0.064857, 0.0648692, 0.0657281, 0.0691819, 0.0749886, 0.12181, 0.130065, 0.14341, 0.166935, 0.166935, 0.211188, 1, 

54,136,0.001, 0.00687188, 0.0507186, 0.064857, 0.0648692, 0.0657281, 0.0691819, 0.0749886, 0.12181, 0.130065, 0.14341, 0.166935, 0.211188, 1, 

58,98,0.001, 0.0102054, 0.0224924, 0.0438913, 0.0484546, 0.0657281, 0.0691819, 0.0749886, 0.12181, 0.130065, 0.14341, 0.166935, 0.211188, 0.211461, 0.252973, 1, 

Generation #40
52,143,0.001, 0.0261788, 0.0507186, 0.064857, 0.0648692, 0.0657281, 0.0691819, 0.0749886, 0.12181, 0.130065, 0.14341, 0.166935, 1, 

68,90,0.001, 0.00687188, 0.0218467, 0.064857, 0.034226, 0.0648692, 0.0657281, 0.0691819, 0.0749886, 0.12181, 0.130065, 0.14341, 0.166935, 0.211188, 0.211461, 0.252973, 0.298033, 0.359913, 0.383595, 0.390636, 0.474154, 0.548403, 0.550471, 0.986326, 1, 

56,101,0.001, 0.00687188, 0.0218467, 0.064857, 0.0648692, 0.0657281, 0.0691819, 0.0749886, 0.12181, 0.130065, 0.14341, 0.442676, 0.166935, 0.211188, 1, 

64,92,0.001, 0.0102054, 0.0224924, 0.0438913, 0.0484546, 0.0817145, 0.0691819, 0.0749886, 0.12181, 0.130065, 0.14341, 0.166935, 0.211188, 0.211461, 0.252973, 0.298033, 0.359913, 0.383595, 0.390636, 0.474154, 0.548403, 0.550471, 0.986326, 1, 

55,119,0.001, 0.0261788, 0.0507186, 0.064857, 0.0648692, 0.0657281, 0.0691819, 0.0749886, 0.12181, 0.130065, 0.14341, 0.166935, 0.166935, 0.211188, 1, 

54,136,0.001, 0.00687188, 0.0507186, 0.064857, 0.0648692, 0.0657281, 0.0691819, 0.0749886, 0.12181, 0.130065, 0.14341, 0.166935, 0.211188, 1, 

58,98,0.001, 0.0102054, 0.0224924, 0.0438913, 0.0484546, 0.0657281, 0.0691819, 0.0749886, 0.12181, 0.130065, 0.14341, 0.166935, 0.211188, 0.211461, 0.252973, 1, 

Generation #41
52,143,0.001, 0.0261788, 0.0507186, 0.064857, 0.0648692, 0.0657281, 0.0691819, 0.0749886, 0.12181, 0.130065, 0.14341, 0.166935, 1, 

68,90,0.001, 0.00687188, 0.0218467, 0.064857, 0.034226, 0.0648692, 0.0657281, 0.0691819, 0.0749886, 0.12181, 0.130065, 0.14341, 0.166935, 0.211188, 0.211461, 0.252973, 0.298033, 0.359913, 0.383595, 0.390636, 0.474154, 0.548403, 0.550471, 0.986326, 1, 

56,101,0.001, 0.00687188, 0.0218467, 0.064857, 0.0648692, 0.0657281, 0.0691819, 0.0749886, 0.12181, 0.130065, 0.14341, 0.442676, 0.166935, 0.211188, 1, 

64,92,0.001, 0.0102054, 0.0224924, 0.0438913, 0.0484546, 0.0817145, 0.0691819, 0.0749886, 0.12181, 0.130065, 0.14341, 0.166935, 0.211188, 0.211461, 0.252973, 0.298033, 0.359913, 0.383595, 0.390636, 0.474154, 0.548403, 0.550471, 0.986326, 1, 

55,119,0.001, 0.0261788, 0.0507186, 0.064857, 0.0648692, 0.0657281, 0.0691819, 0.0749886, 0.12181, 0.130065, 0.14341, 0.166935, 0.166935, 0.211188, 1, 

54,136,0.001, 0.00687188, 0.0507186, 0.064857, 0.0648692, 0.0657281, 0.0691819, 0.0749886, 0.12181, 0.130065, 0.14341, 0.166935, 0.211188, 1, 

58,98,0.001, 0.0102054, 0.0224924, 0.0438913, 0.0484546, 0.0657281, 0.0691819, 0.0749886, 0.12181, 0.130065, 0.14341, 0.166935, 0.211188, 0.211461, 0.252973, 1, 

Generation #42
52,143,0.001, 0.0261788, 0.0507186, 0.064857, 0.0648692, 0.0657281, 0.0691819, 0.0749886, 0.12181, 0.130065, 0.14341, 0.166935, 1, 

68,90,0.001, 0.00687188, 0.0218467, 0.064857, 0.034226, 0.0648692, 0.0657281, 0.0691819, 0.0749886, 0.12181, 0.130065, 0.14341, 0.166935, 0.211188, 0.211461, 0.252973, 0.298033, 0.359913, 0.383595, 0.390636, 0.474154, 0.548403, 0.550471, 0.986326, 1, 

56,101,0.001, 0.00687188, 0.0218467, 0.064857, 0.0648692, 0.0657281, 0.0691819, 0.0749886, 0.12181, 0.130065, 0.14341, 0.442676, 0.166935, 0.211188, 1, 

64,92,0.001, 0.0102054, 0.0224924, 0.0438913, 0.0484546, 0.0817145, 0.0691819, 0.0749886, 0.12181, 0.130065, 0.14341, 0.166935, 0.211188, 0.211461, 0.252973, 0.298033, 0.359913, 0.383595, 0.390636, 0.474154, 0.548403, 0.550471, 0.986326, 1, 

55,119,0.001, 0.0261788, 0.0507186, 0.064857, 0.0648692, 0.0657281, 0.0691819, 0.0749886, 0.12181, 0.130065, 0.14341, 0.166935, 0.166935, 0.211188, 1, 

54,136,0.001, 0.00687188, 0.0507186, 0.064857, 0.0648692, 0.0657281, 0.0691819, 0.0749886, 0.12181, 0.130065, 0.14341, 0.166935, 0.211188, 1, 

58,98,0.001, 0.0102054, 0.0224924, 0.0438913, 0.0484546, 0.0657281, 0.0691819, 0.0749886, 0.12181, 0.130065, 0.14341, 0.166935, 0.211188, 0.211461, 0.252973, 1, 

Generation #43
52,143,0.001, 0.0261788, 0.0507186, 0.064857, 0.0648692, 0.0657281, 0.0691819, 0.0749886, 0.12181, 0.130065, 0.14341, 0.166935, 1, 

56,101,0.001, 0.00687188, 0.0218467, 0.064857, 0.0648692, 0.0657281, 0.0691819, 0.0749886, 0.12181, 0.130065, 0.14341, 0.442676, 0.166935, 0.211188, 1, 

55,119,0.001, 0.0261788, 0.0507186, 0.064857, 0.0648692, 0.0657281, 0.0691819, 0.0749886, 0.12181, 0.130065, 0.14341, 0.166935, 0.166935, 0.211188, 1, 

54,136,0.001, 0.00687188, 0.0507186, 0.064857, 0.0648692, 0.0657281, 0.0691819, 0.0749886, 0.12181, 0.130065, 0.14341, 0.166935, 0.211188, 1, 

58,98,0.001, 0.0102054, 0.0224924, 0.0438913, 0.0484546, 0.0657281, 0.0691819, 0.0749886, 0.12181, 0.130065, 0.14341, 0.166935, 0.211188, 0.211461, 0.252973, 1, 

65,80,0.001, 0.0102054, 0.0224924, 0.0438913, 0.0484546, 0.0657281, 0.0691819, 0.084538, 0.0749886, 0.130065, 0.14341, 0.166935, 0.211188, 0.211461, 0.252973, 0.298033, 0.359913, 0.383595, 0.390636, 0.895634, 0.919911, 0.931663, 0.998426, 1, 

64,82,0.001, 0.0102054, 0.0224924, 0.0438913, 0.0484546, 0.0657281, 0.0691819, 0.0749886, 0.12181, 0.130065, 0.14341, 0.166935, 0.211188, 0.211188, 0.211461, 0.252973, 0.298033, 0.383595, 0.390636, 0.474154, 0.548403, 0.550471, 0.986326, 1, 

Generation #44
52,143,0.001, 0.0261788, 0.0507186, 0.064857, 0.0648692, 0.0657281, 0.0691819, 0.0749886, 0.12181, 0.130065, 0.14341, 0.166935, 1, 

56,101,0.001, 0.00687188, 0.0218467, 0.064857, 0.0648692, 0.0657281, 0.0691819, 0.0749886, 0.12181, 0.130065, 0.14341, 0.442676, 0.166935, 0.211188, 1, 

55,119,0.001, 0.0261788, 0.0507186, 0.064857, 0.0648692, 0.0657281, 0.0691819, 0.0749886, 0.12181, 0.130065, 0.14341, 0.166935, 0.166935, 0.211188, 1, 

54,136,0.001, 0.00687188, 0.0507186, 0.064857, 0.0648692, 0.0657281, 0.0691819, 0.0749886, 0.12181, 0.130065, 0.14341, 0.166935, 0.211188, 1, 

58,98,0.001, 0.0102054, 0.0224924, 0.0438913, 0.0484546, 0.0657281, 0.0691819, 0.0749886, 0.12181, 0.130065, 0.14341, 0.166935, 0.211188, 0.211461, 0.252973, 1, 

65,80,0.001, 0.0102054, 0.0224924, 0.0438913, 0.0484546, 0.0657281, 0.0691819, 0.084538, 0.0749886, 0.130065, 0.14341, 0.166935, 0.211188, 0.211461, 0.252973, 0.298033, 0.359913, 0.383595, 0.390636, 0.895634, 0.919911, 0.931663, 0.998426, 1, 

64,82,0.001, 0.0102054, 0.0224924, 0.0438913, 0.0484546, 0.0657281, 0.0691819, 0.0749886, 0.12181, 0.130065, 0.14341, 0.166935, 0.211188, 0.211188, 0.211461, 0.252973, 0.298033, 0.383595, 0.390636, 0.474154, 0.548403, 0.550471, 0.986326, 1, 

Generation #45
52,143,0.001, 0.0261788, 0.0507186, 0.064857, 0.0648692, 0.0657281, 0.0691819, 0.0749886, 0.12181, 0.130065, 0.14341, 0.166935, 1, 

56,101,0.001, 0.00687188, 0.0218467, 0.064857, 0.0648692, 0.0657281, 0.0691819, 0.0749886, 0.12181, 0.130065, 0.14341, 0.442676, 0.166935, 0.211188, 1, 

55,119,0.001, 0.0261788, 0.0507186, 0.064857, 0.0648692, 0.0657281, 0.0691819, 0.0749886, 0.12181, 0.130065, 0.14341, 0.166935, 0.166935, 0.211188, 1, 

54,136,0.001, 0.00687188, 0.0507186, 0.064857, 0.0648692, 0.0657281, 0.0691819, 0.0749886, 0.12181, 0.130065, 0.14341, 0.166935, 0.211188, 1, 

58,98,0.001, 0.0102054, 0.0224924, 0.0438913, 0.0484546, 0.0657281, 0.0691819, 0.0749886, 0.12181, 0.130065, 0.14341, 0.166935, 0.211188, 0.211461, 0.252973, 1, 

65,80,0.001, 0.0102054, 0.0224924, 0.0438913, 0.0484546, 0.0657281, 0.0691819, 0.084538, 0.0749886, 0.130065, 0.14341, 0.166935, 0.211188, 0.211461, 0.252973, 0.298033, 0.359913, 0.383595, 0.390636, 0.895634, 0.919911, 0.931663, 0.998426, 1, 

64,82,0.001, 0.0102054, 0.0224924, 0.0438913, 0.0484546, 0.0657281, 0.0691819, 0.0749886, 0.12181, 0.130065, 0.14341, 0.166935, 0.211188, 0.211188, 0.211461, 0.252973, 0.298033, 0.383595, 0.390636, 0.474154, 0.548403, 0.550471, 0.986326, 1, 

Generation #46
52,143,0.001, 0.0261788, 0.0507186, 0.064857, 0.0648692, 0.0657281, 0.0691819, 0.0749886, 0.12181, 0.130065, 0.14341, 0.166935, 1, 

56,101,0.001, 0.00687188, 0.0218467, 0.064857, 0.0648692, 0.0657281, 0.0691819, 0.0749886, 0.12181, 0.130065, 0.14341, 0.442676, 0.166935, 0.211188, 1, 

55,119,0.001, 0.0261788, 0.0507186, 0.064857, 0.0648692, 0.0657281, 0.0691819, 0.0749886, 0.12181, 0.130065, 0.14341, 0.166935, 0.166935, 0.211188, 1, 

54,136,0.001, 0.00687188, 0.0507186, 0.064857, 0.0648692, 0.0657281, 0.0691819, 0.0749886, 0.12181, 0.130065, 0.14341, 0.166935, 0.211188, 1, 

58,98,0.001, 0.0102054, 0.0224924, 0.0438913, 0.0484546, 0.0657281, 0.0691819, 0.0749886, 0.12181, 0.130065, 0.14341, 0.166935, 0.211188, 0.211461, 0.252973, 1, 

65,80,0.001, 0.0102054, 0.0224924, 0.0438913, 0.0484546, 0.0657281, 0.0691819, 0.084538, 0.0749886, 0.130065, 0.14341, 0.166935, 0.211188, 0.211461, 0.252973, 0.298033, 0.359913, 0.383595, 0.390636, 0.895634, 0.919911, 0.931663, 0.998426, 1, 

64,82,0.001, 0.0102054, 0.0224924, 0.0438913, 0.0484546, 0.0657281, 0.0691819, 0.0749886, 0.12181, 0.130065, 0.14341, 0.166935, 0.211188, 0.211188, 0.211461, 0.252973, 0.298033, 0.383595, 0.390636, 0.474154, 0.548403, 0.550471, 0.986326, 1, 

Generation #47
52,143,0.001, 0.0261788, 0.0507186, 0.064857, 0.0648692, 0.0657281, 0.0691819, 0.0749886, 0.12181, 0.130065, 0.14341, 0.166935, 1, 

56,101,0.001, 0.00687188, 0.0218467, 0.064857, 0.0648692, 0.0657281, 0.0691819, 0.0749886, 0.12181, 0.130065, 0.14341, 0.442676, 0.166935, 0.211188, 1, 

55,119,0.001, 0.0261788, 0.0507186, 0.064857, 0.0648692, 0.0657281, 0.0691819, 0.0749886, 0.12181, 0.130065, 0.14341, 0.166935, 0.166935, 0.211188, 1, 

54,136,0.001, 0.00687188, 0.0507186, 0.064857, 0.0648692, 0.0657281, 0.0691819, 0.0749886, 0.12181, 0.130065, 0.14341, 0.166935, 0.211188, 1, 

58,98,0.001, 0.0102054, 0.0224924, 0.0438913, 0.0484546, 0.0657281, 0.0691819, 0.0749886, 0.12181, 0.130065, 0.14341, 0.166935, 0.211188, 0.211461, 0.252973, 1, 

65,80,0.001, 0.0102054, 0.0224924, 0.0438913, 0.0484546, 0.0657281, 0.0691819, 0.084538, 0.0749886, 0.130065, 0.14341, 0.166935, 0.211188, 0.211461, 0.252973, 0.298033, 0.359913, 0.383595, 0.390636, 0.895634, 0.919911, 0.931663, 0.998426, 1, 

64,82,0.001, 0.0102054, 0.0224924, 0.0438913, 0.0484546, 0.0657281, 0.0691819, 0.0749886, 0.12181, 0.130065, 0.14341, 0.166935, 0.211188, 0.211188, 0.211461, 0.252973, 0.298033, 0.383595, 0.390636, 0.474154, 0.548403, 0.550471, 0.986326, 1, 

Generation #48
56,101,0.001, 0.00687188, 0.0218467, 0.064857, 0.0648692, 0.0657281, 0.0691819, 0.0749886, 0.12181, 0.130065, 0.14341, 0.442676, 0.166935, 0.211188, 1, 

58,98,0.001, 0.0102054, 0.0224924, 0.0438913, 0.0484546, 0.0657281, 0.0691819, 0.0749886, 0.12181, 0.130065, 0.14341, 0.166935, 0.211188, 0.211461, 0.252973, 1, 

65,80,0.001, 0.0102054, 0.0224924, 0.0438913, 0.0484546, 0.0657281, 0.0691819, 0.084538, 0.0749886, 0.130065, 0.14341, 0.166935, 0.211188, 0.211461, 0.252973, 0.298033, 0.359913, 0.383595, 0.390636, 0.895634, 0.919911, 0.931663, 0.998426, 1, 

64,82,0.001, 0.0102054, 0.0224924, 0.0438913, 0.0484546, 0.0657281, 0.0691819, 0.0749886, 0.12181, 0.130065, 0.14341, 0.166935, 0.211188, 0.211188, 0.211461, 0.252973, 0.298033, 0.383595, 0.390636, 0.474154, 0.548403, 0.550471, 0.986326, 1, 

51,111,0.001, 0.00687188, 0.0218467, 0.064857, 0.0648692, 0.0657281, 0.0691819, 0.0749886, 0.12181, 0.130065, 0.14341, 0.166935, 0.211188, 0.211188, 1, 

Generation #49
56,101,0.001, 0.00687188, 0.0218467, 0.064857, 0.0648692, 0.0657281, 0.0691819, 0.0749886, 0.12181, 0.130065, 0.14341, 0.442676, 0.166935, 0.211188, 1, 

58,98,0.001, 0.0102054, 0.0224924, 0.0438913, 0.0484546, 0.0657281, 0.0691819, 0.0749886, 0.12181, 0.130065, 0.14341, 0.166935, 0.211188, 0.211461, 0.252973, 1, 

65,80,0.001, 0.0102054, 0.0224924, 0.0438913, 0.0484546, 0.0657281, 0.0691819, 0.084538, 0.0749886, 0.130065, 0.14341, 0.166935, 0.211188, 0.211461, 0.252973, 0.298033, 0.359913, 0.383595, 0.390636, 0.895634, 0.919911, 0.931663, 0.998426, 1, 

64,82,0.001, 0.0102054, 0.0224924, 0.0438913, 0.0484546, 0.0657281, 0.0691819, 0.0749886, 0.12181, 0.130065, 0.14341, 0.166935, 0.211188, 0.211188, 0.211461, 0.252973, 0.298033, 0.383595, 0.390636, 0.474154, 0.548403, 0.550471, 0.986326, 1, 

51,111,0.001, 0.00687188, 0.0218467, 0.064857, 0.0648692, 0.0657281, 0.0691819, 0.0749886, 0.12181, 0.130065, 0.14341, 0.166935, 0.211188, 0.211188, 1, 

--- Pareto Front Solutions ---
Solution 0: N total=136 (N_initial=80, N_added=56), Time total=112 ms, Saved to: ./results/Wireless_t2_l2_pareto_0.csv, percents=0.001, 0.00687188, 0.0218467, 0.064857, 0.0648692, 0.0657281, 0.0691819, 0.0749886, 0.12181, 0.130065, 0.14341, 0.442676, 0.166935, 0.211188, 1, 

Solution 1: N total=138 (N_initial=80, N_added=58), Time total=109 ms, Saved to: ./results/Wireless_t2_l2_pareto_1.csv, percents=0.001, 0.0102054, 0.0224924, 0.0438913, 0.0484546, 0.0657281, 0.0691819, 0.0749886, 0.12181, 0.130065, 0.14341, 0.166935, 0.211188, 0.211461, 0.252973, 1, 

Solution 2: N total=145 (N_initial=80, N_added=65), Time total=91 ms, Saved to: ./results/Wireless_t2_l2_pareto_2.csv, percents=0.001, 0.0102054, 0.0224924, 0.0438913, 0.0484546, 0.0657281, 0.0691819, 0.084538, 0.0749886, 0.130065, 0.14341, 0.166935, 0.211188, 0.211461, 0.252973, 0.298033, 0.359913, 0.383595, 0.390636, 0.895634, 0.919911, 0.931663, 0.998426, 1, 

Solution 3: N total=144 (N_initial=80, N_added=64), Time total=93 ms, Saved to: ./results/Wireless_t2_l2_pareto_3.csv, percents=0.001, 0.0102054, 0.0224924, 0.0438913, 0.0484546, 0.0657281, 0.0691819, 0.0749886, 0.12181, 0.130065, 0.14341, 0.166935, 0.211188, 0.211188, 0.211461, 0.252973, 0.298033, 0.383595, 0.390636, 0.474154, 0.548403, 0.550471, 0.986326, 1, 

Solution 4: N total=131 (N_initial=80, N_added=51), Time total=122 ms, Saved to: ./results/Wireless_t2_l2_pareto_4.csv, percents=0.001, 0.00687188, 0.0218467, 0.064857, 0.0648692, 0.0657281, 0.0691819, 0.0749886, 0.12181, 0.130065, 0.14341, 0.166935, 0.211188, 0.211188, 1, 

------------d=1, t=2, lambda=3, filename=./evaluation/Wireless/Wireless_2_3.csv------------
Computing partitioned counts of d-sets...
Ready to look at pairs based on partitioned counts...
First Stage N=105, Time=10
There are 456 remaining non-locating pairs
--- Running GA Algorithm (phase2) ---
Running GA with std::execution::par
Generation #0
84,282,0.001, 0.0379534, 0.158271, 0.222942, 0.261469, 0.262597, 0.306597, 0.32959, 0.332171, 0.382398, 0.463447, 0.502551, 0.678352, 0.684781, 0.749989, 0.758405, 0.844632, 0.890534, 0.945047, 1, 

100,167,0.001, 0.0174856, 0.0210456, 0.0809466, 0.0851092, 0.106288, 0.120951, 0.12607, 0.128369, 0.134127, 0.15569, 0.179361, 0.283988, 0.357851, 0.429798, 0.43367, 0.445899, 0.46474, 0.494248, 0.530078, 0.550171, 0.561562, 0.583887, 0.750728, 0.758654, 0.813199, 0.817744, 0.935966, 0.970107, 0.988524, 1, 

83,320,0.001, 0.0759372, 0.0782011, 0.157835, 0.305096, 0.402208, 0.406763, 0.82662, 0.914223, 0.957338, 1, 

89,228,0.001, 0.0343314, 0.0405887, 0.0987617, 0.208088, 0.218752, 0.227077, 0.247017, 0.393886, 0.409892, 0.482328, 0.591958, 0.634786, 0.721521, 0.76689, 0.865578, 0.8898, 0.894339, 0.912587, 0.957997, 1, 

85,242,0.001, 0.0132689, 0.0487024, 0.182569, 0.20456, 0.252333, 0.308436, 0.316909, 0.405669, 0.5518, 0.830601, 0.850404, 0.873575, 0.92284, 0.937018, 0.95353, 0.957052, 0.976465, 1, 

82,696,0.001, 0.24175, 0.300717, 0.314633, 0.409323, 0.496334, 0.518088, 0.540639, 0.602213, 0.617217, 0.950748, 0.999099, 1, 

Generation #1
100,167,0.001, 0.0174856, 0.0210456, 0.0809466, 0.0851092, 0.106288, 0.120951, 0.12607, 0.128369, 0.134127, 0.15569, 0.179361, 0.283988, 0.357851, 0.429798, 0.43367, 0.445899, 0.46474, 0.494248, 0.530078, 0.550171, 0.561562, 0.583887, 0.750728, 0.758654, 0.813199, 0.817744, 0.935966, 0.970107, 0.988524, 1, 

82,696,0.001, 0.24175, 0.300717, 0.314633, 0.409323, 0.496334, 0.518088, 0.540639, 0.602213, 0.617217, 0.950748, 0.999099, 1, 

83,252,0.001, 0.127089, 0.173205, 0.174091, 0.225632, 0.22868, 0.243863, 0.306469, 0.357832, 0.366227, 1, 

84,223,0.001, 0.0550473, 0.0562709, 0.0895202, 0.0943557, 0.12999, 0.171967, 0.247557, 0.270566, 0.351299, 1, 

89,191,0.001, 0.0325652, 0.0592854, 0.0684187, 0.0745217, 0.0826859, 0.0854502, 0.16373, 0.180233, 0.256078, 0.257319, 0.308839, 0.406379, 0.437742, 0.457953, 0.614199, 0.77785, 0.849837, 0.852786, 0.859578, 0.925165, 1, 

Generation #2
100,167,0.001, 0.0174856, 0.0210456, 0.0809466, 0.0851092, 0.106288, 0.120951, 0.12607, 0.128369, 0.134127, 0.15569, 0.179361, 0.283988, 0.357851, 0.429798, 0.43367, 0.445899, 0.46474, 0.494248, 0.530078, 0.550171, 0.561562, 0.583887, 0.750728, 0.758654, 0.813199, 0.817744, 0.935966, 0.970107, 0.988524, 1, 

84,223,0.001, 0.0550473, 0.0562709, 0.0895202, 0.0943557, 0.12999, 0.171967, 0.247557, 0.270566, 0.351299, 1, 

89,191,0.001, 0.0325652, 0.0592854, 0.0684187, 0.0745217, 0.0826859, 0.0854502, 0.16373, 0.180233, 0.256078, 0.257319, 0.308839, 0.406379, 0.437742, 0.457953, 0.614199, 0.77785, 0.849837, 0.852786, 0.859578, 0.925165, 1, 

98,173,0.001, 0.0325652, 0.0592854, 0.0684187, 0.0745217, 0.0826859, 0.0854502, 0.224403, 0.226626, 0.240064, 0.298501, 0.365846, 0.367247, 0.469, 0.504241, 0.586624, 0.64689, 0.662823, 0.673451, 0.72295, 0.733203, 0.860905, 0.892017, 0.907055, 0.939189, 1, 

87,196,0.001, 0.062056, 0.122658, 0.129399, 0.139553, 0.180034, 0.219458, 0.238866, 0.257801, 0.27326, 0.319253, 0.361956, 0.406379, 0.791054, 0.956446, 0.962542, 1, 

76,237,0.001, 0.0457398, 0.0507165, 0.0626146, 0.168216, 0.210144, 0.213421, 0.224403, 0.226626, 0.240064, 1, 

Generation #3
100,167,0.001, 0.0174856, 0.0210456, 0.0809466, 0.0851092, 0.106288, 0.120951, 0.12607, 0.128369, 0.134127, 0.15569, 0.179361, 0.283988, 0.357851, 0.429798, 0.43367, 0.445899, 0.46474, 0.494248, 0.530078, 0.550171, 0.561562, 0.583887, 0.750728, 0.758654, 0.813199, 0.817744, 0.935966, 0.970107, 0.988524, 1, 

89,191,0.001, 0.0325652, 0.0592854, 0.0684187, 0.0745217, 0.0826859, 0.0854502, 0.16373, 0.180233, 0.256078, 0.257319, 0.308839, 0.406379, 0.437742, 0.457953, 0.614199, 0.77785, 0.849837, 0.852786, 0.859578, 0.925165, 1, 

98,173,0.001, 0.0325652, 0.0592854, 0.0684187, 0.0745217, 0.0826859, 0.0854502, 0.224403, 0.226626, 0.240064, 0.298501, 0.365846, 0.367247, 0.469, 0.504241, 0.586624, 0.64689, 0.662823, 0.673451, 0.72295, 0.733203, 0.860905, 0.892017, 0.907055, 0.939189, 1, 

87,196,0.001, 0.062056, 0.122658, 0.129399, 0.139553, 0.180034, 0.219458, 0.238866, 0.257801, 0.27326, 0.319253, 0.361956, 0.406379, 0.791054, 0.956446, 0.962542, 1, 

76,237,0.001, 0.0457398, 0.0507165, 0.0626146, 0.168216, 0.210144, 0.213421, 0.224403, 0.226626, 0.240064, 1, 

92,184,0.001, 0.0343314, 0.0405887, 0.0987617, 0.0943557, 0.12999, 0.171967, 0.247557, 0.270566, 0.351299, 0.73041, 0.81389, 0.363746, 0.991198, 1, 

84,205,0.001, 0.0325652, 0.0592854, 0.0895202, 0.0943557, 0.12999, 0.171967, 0.247557, 0.270566, 0.351299, 1, 

Generation #4
76,237,0.001, 0.0457398, 0.0507165, 0.0626146, 0.168216, 0.210144, 0.213421, 0.224403, 0.226626, 0.240064, 1, 

90,159,0.001, 0.0325652, 0.0592854, 0.0684187, 0.0943557, 0.12999, 0.0854502, 0.16373, 0.180233, 0.256078, 0.257319, 0.308839, 0.406379, 0.437742, 0.457953, 0.614199, 0.77785, 0.849837, 0.852786, 0.859578, 0.925165, 1, 

77,178,0.001, 0.0550473, 0.0562709, 0.0895202, 0.0943557, 0.171967, 0.247557, 0.270566, 1, 

87,165,0.001, 0.0325652, 0.0592854, 0.0684187, 0.0745217, 0.0826859, 0.0854502, 0.224403, 0.226626, 0.240064, 1, 

Generation #5
76,237,0.001, 0.0457398, 0.0507165, 0.0626146, 0.168216, 0.210144, 0.213421, 0.224403, 0.226626, 0.240064, 1, 

90,159,0.001, 0.0325652, 0.0592854, 0.0684187, 0.0943557, 0.12999, 0.0854502, 0.16373, 0.180233, 0.256078, 0.257319, 0.308839, 0.406379, 0.437742, 0.457953, 0.614199, 0.77785, 0.849837, 0.852786, 0.859578, 0.925165, 1, 

77,178,0.001, 0.0550473, 0.0562709, 0.0895202, 0.0943557, 0.171967, 0.247557, 0.270566, 1, 

87,165,0.001, 0.0325652, 0.0592854, 0.0684187, 0.0745217, 0.0826859, 0.0854502, 0.224403, 0.226626, 0.240064, 1, 

96,156,0.001, 0.0174856, 0.0210456, 0.0809466, 0.0851092, 0.106288, 0.120951, 0.12607, 0.128369, 0.134127, 0.15569, 0.179361, 0.283988, 0.357851, 0.429798, 0.865578, 0.8898, 0.894339, 0.912587, 0.957997, 1, 

101,150,0.001, 0.0286121, 0.0326875, 0.0437573, 0.0851092, 0.263706, 0.120951, 0.12607, 0.128369, 0.134127, 0.15569, 0.179361, 0.283988, 0.357851, 0.429798, 0.43367, 0.445899, 0.46474, 0.494248, 0.530078, 0.550171, 0.561562, 0.583887, 0.750728, 0.758654, 0.813199, 0.817744, 0.935966, 0.988524, 1, 

Generation #6
76,237,0.001, 0.0457398, 0.0507165, 0.0626146, 0.168216, 0.210144, 0.213421, 0.224403, 0.226626, 0.240064, 1, 

77,178,0.001, 0.0550473, 0.0562709, 0.0895202, 0.0943557, 0.171967, 0.247557, 0.270566, 1, 

81,177,0.001, 0.0325652, 0.0592854, 0.0895202, 0.0943557, 0.106288, 0.120951, 0.224403, 0.226626, 0.240064, 1, 

85,139,0.001, 0.0286121, 0.0326875, 0.0437573, 0.0851092, 0.12999, 0.171967, 0.247557, 0.270566, 0.351299, 1, 

Generation #7
76,237,0.001, 0.0457398, 0.0507165, 0.0626146, 0.168216, 0.210144, 0.213421, 0.224403, 0.226626, 0.240064, 1, 

77,178,0.001, 0.0550473, 0.0562709, 0.0895202, 0.0943557, 0.171967, 0.247557, 0.270566, 1, 

81,177,0.001, 0.0325652, 0.0592854, 0.0895202, 0.0943557, 0.106288, 0.120951, 0.224403, 0.226626, 0.240064, 1, 

85,139,0.001, 0.0286121, 0.0326875, 0.0437573, 0.0851092, 0.12999, 0.171967, 0.247557, 0.270566, 0.351299, 1, 

82,173,0.001, 0.0325652, 0.0592854, 0.0684187, 0.0745217, 0.0826859, 0.315784, 0.531309, 0.605094, 0.621273, 0.7041, 1, 

Generation #8
76,237,0.001, 0.0457398, 0.0507165, 0.0626146, 0.168216, 0.210144, 0.213421, 0.224403, 0.226626, 0.240064, 1, 

77,178,0.001, 0.0550473, 0.0562709, 0.0895202, 0.0943557, 0.171967, 0.247557, 0.270566, 1, 

85,139,0.001, 0.0286121, 0.0326875, 0.0437573, 0.0851092, 0.12999, 0.171967, 0.247557, 0.270566, 0.351299, 1, 

81,164,0.001, 0.0325652, 0.0592854, 0.100741, 0.108874, 0.114995, 0.170393, 0.838399, 0.914184, 1, 

84,158,0.001, 0.0174856, 0.0210456, 0.0809466, 0.0851092, 0.106288, 0.120951, 0.12607, 0.128369, 0.134127, 0.7041, 1, 

Generation #9
76,237,0.001, 0.0457398, 0.0507165, 0.0626146, 0.168216, 0.210144, 0.213421, 0.224403, 0.226626, 0.240064, 1, 

77,178,0.001, 0.0550473, 0.0562709, 0.0895202, 0.0943557, 0.171967, 0.247557, 0.270566, 1, 

85,139,0.001, 0.0286121, 0.0326875, 0.0437573, 0.0851092, 0.12999, 0.171967, 0.247557, 0.270566, 0.351299, 1, 

81,164,0.001, 0.0325652, 0.0592854, 0.100741, 0.108874, 0.114995, 0.170393, 0.838399, 0.914184, 1, 

82,157,0.001, 0.0325652, 0.0405887, 0.0987617, 0.0943557, 0.12999, 0.171967, 0.247557, 0.835219, 0.240064, 1, 

Generation #10
76,237,0.001, 0.0457398, 0.0507165, 0.0626146, 0.168216, 0.210144, 0.213421, 0.224403, 0.226626, 0.240064, 1, 

77,178,0.001, 0.0550473, 0.0562709, 0.0895202, 0.0943557, 0.171967, 0.247557, 0.270566, 1, 

85,139,0.001, 0.0286121, 0.0326875, 0.0437573, 0.0851092, 0.12999, 0.171967, 0.247557, 0.270566, 0.351299, 1, 

81,164,0.001, 0.0325652, 0.0592854, 0.100741, 0.108874, 0.114995, 0.170393, 0.838399, 0.914184, 1, 

82,157,0.001, 0.0325652, 0.0405887, 0.0987617, 0.0943557, 0.12999, 0.171967, 0.247557, 0.835219, 0.240064, 1, 

Generation #11
76,237,0.001, 0.0457398, 0.0507165, 0.0626146, 0.168216, 0.210144, 0.213421, 0.224403, 0.226626, 0.240064, 1, 

77,178,0.001, 0.0550473, 0.0562709, 0.0895202, 0.0943557, 0.171967, 0.247557, 0.270566, 1, 

85,139,0.001, 0.0286121, 0.0326875, 0.0437573, 0.0851092, 0.12999, 0.171967, 0.247557, 0.270566, 0.351299, 1, 

80,163,0.001, 0.0325652, 0.0405887, 0.0684187, 0.108874, 0.114995, 0.171967, 0.270566, 0.270566, 0.351299, 1, 

79,169,0.001, 0.0325652, 0.0405887, 0.0987617, 0.0943557, 0.12999, 0.171967, 0.247557, 0.369175, 0.226626, 0.240064, 1, 

81,157,0.001, 0.0325652, 0.0405887, 0.0987617, 0.0943557, 0.12999, 0.171967, 0.247557, 0.835219, 0.351299, 1, 

Generation #12
76,237,0.001, 0.0457398, 0.0507165, 0.0626146, 0.168216, 0.210144, 0.213421, 0.224403, 0.226626, 0.240064, 1, 

77,178,0.001, 0.0550473, 0.0562709, 0.0895202, 0.0943557, 0.171967, 0.247557, 0.270566, 1, 

85,139,0.001, 0.0286121, 0.0326875, 0.0437573, 0.0851092, 0.12999, 0.171967, 0.247557, 0.270566, 0.351299, 1, 

79,169,0.001, 0.0325652, 0.0405887, 0.0987617, 0.0943557, 0.12999, 0.171967, 0.247557, 0.369175, 0.226626, 0.240064, 1, 

80,152,0.001, 0.0325652, 0.0405887, 0.0987617, 0.0943557, 0.12999, 0.171967, 0.247557, 0.270566, 0.351299, 1, 

Generation #13
76,237,0.001, 0.0457398, 0.0507165, 0.0626146, 0.168216, 0.210144, 0.213421, 0.224403, 0.226626, 0.240064, 1, 

77,178,0.001, 0.0550473, 0.0562709, 0.0895202, 0.0943557, 0.171967, 0.247557, 0.270566, 1, 

85,139,0.001, 0.0286121, 0.0326875, 0.0437573, 0.0851092, 0.12999, 0.171967, 0.247557, 0.270566, 0.351299, 1, 

79,169,0.001, 0.0325652, 0.0405887, 0.0987617, 0.0943557, 0.12999, 0.171967, 0.247557, 0.369175, 0.226626, 0.240064, 1, 

80,152,0.001, 0.0325652, 0.0405887, 0.0987617, 0.0943557, 0.12999, 0.171967, 0.247557, 0.270566, 0.351299, 1, 

Generation #14
76,237,0.001, 0.0457398, 0.0507165, 0.0626146, 0.168216, 0.210144, 0.213421, 0.224403, 0.226626, 0.240064, 1, 

77,178,0.001, 0.0550473, 0.0562709, 0.0895202, 0.0943557, 0.171967, 0.247557, 0.270566, 1, 

85,139,0.001, 0.0286121, 0.0326875, 0.0437573, 0.0851092, 0.12999, 0.171967, 0.247557, 0.270566, 0.351299, 1, 

79,169,0.001, 0.0325652, 0.0405887, 0.0987617, 0.0943557, 0.12999, 0.171967, 0.247557, 0.369175, 0.226626, 0.240064, 1, 

80,152,0.001, 0.0325652, 0.0405887, 0.0987617, 0.0943557, 0.12999, 0.171967, 0.247557, 0.270566, 0.351299, 1, 

90,133,0.001, 0.0174856, 0.0210456, 0.0851092, 0.106288, 0.120951, 0.12607, 0.12607, 0.128369, 0.134127, 0.15569, 0.179361, 0.283988, 0.357851, 0.429798, 0.865578, 0.8898, 0.894339, 0.912587, 0.957997, 1, 

Generation #15
76,237,0.001, 0.0457398, 0.0507165, 0.0626146, 0.168216, 0.210144, 0.213421, 0.224403, 0.226626, 0.240064, 1, 

77,178,0.001, 0.0550473, 0.0562709, 0.0895202, 0.0943557, 0.171967, 0.247557, 0.270566, 1, 

85,139,0.001, 0.0286121, 0.0326875, 0.0437573, 0.0851092, 0.12999, 0.171967, 0.247557, 0.270566, 0.351299, 1, 

79,169,0.001, 0.0325652, 0.0405887, 0.0987617, 0.0943557, 0.12999, 0.171967, 0.247557, 0.369175, 0.226626, 0.240064, 1, 

80,152,0.001, 0.0325652, 0.0405887, 0.0987617, 0.0943557, 0.12999, 0.171967, 0.247557, 0.270566, 0.351299, 1, 

90,133,0.001, 0.0174856, 0.0210456, 0.0851092, 0.106288, 0.120951, 0.12607, 0.12607, 0.128369, 0.134127, 0.15569, 0.179361, 0.283988, 0.357851, 0.429798, 0.865578, 0.8898, 0.894339, 0.912587, 0.957997, 1, 

Generation #16
76,237,0.001, 0.0457398, 0.0507165, 0.0626146, 0.168216, 0.210144, 0.213421, 0.224403, 0.226626, 0.240064, 1, 

77,178,0.001, 0.0550473, 0.0562709, 0.0895202, 0.0943557, 0.171967, 0.247557, 0.270566, 1, 

79,169,0.001, 0.0325652, 0.0405887, 0.0987617, 0.0943557, 0.12999, 0.171967, 0.247557, 0.369175, 0.226626, 0.240064, 1, 

80,152,0.001, 0.0325652, 0.0405887, 0.0987617, 0.0943557, 0.12999, 0.171967, 0.247557, 0.270566, 0.351299, 1, 

90,133,0.001, 0.0174856, 0.0210456, 0.0851092, 0.106288, 0.120951, 0.12607, 0.12607, 0.128369, 0.134127, 0.15569, 0.179361, 0.283988, 0.357851, 0.429798, 0.865578, 0.8898, 0.894339, 0.912587, 0.957997, 1, 

84,137,0.001, 0.0286121, 0.0326875, 0.0851092, 0.106288, 0.120951, 0.12607, 0.142894, 0.247557, 0.226626, 0.240064, 1, 

Generation #17
76,237,0.001, 0.0457398, 0.0507165, 0.0626146, 0.168216, 0.210144, 0.213421, 0.224403, 0.226626, 0.240064, 1, 

77,178,0.001, 0.0550473, 0.0562709, 0.0895202, 0.0943557, 0.171967, 0.247557, 0.270566, 1, 

79,169,0.001, 0.0325652, 0.0405887, 0.0987617, 0.0943557, 0.12999, 0.171967, 0.247557, 0.369175, 0.226626, 0.240064, 1, 

80,152,0.001, 0.0325652, 0.0405887, 0.0987617, 0.0943557, 0.12999, 0.171967, 0.247557, 0.270566, 0.351299, 1, 

90,133,0.001, 0.0174856, 0.0210456, 0.0851092, 0.106288, 0.120951, 0.12607, 0.12607, 0.128369, 0.134127, 0.15569, 0.179361, 0.283988, 0.357851, 0.429798, 0.865578, 0.8898, 0.894339, 0.912587, 0.957997, 1, 

84,137,0.001, 0.0286121, 0.0326875, 0.0851092, 0.106288, 0.120951, 0.12607, 0.142894, 0.247557, 0.226626, 0.240064, 1, 

83,151,0.001, 0.0325652, 0.0592854, 0.0895202, 0.0943557, 0.106288, 0.120951, 0.224403, 0.226626, 0.240064, 1, 

Generation #18
76,237,0.001, 0.0457398, 0.0507165, 0.0626146, 0.168216, 0.210144, 0.213421, 0.224403, 0.226626, 0.240064, 1, 

77,178,0.001, 0.0550473, 0.0562709, 0.0895202, 0.0943557, 0.171967, 0.247557, 0.270566, 1, 

79,169,0.001, 0.0325652, 0.0405887, 0.0987617, 0.0943557, 0.12999, 0.171967, 0.247557, 0.369175, 0.226626, 0.240064, 1, 

80,152,0.001, 0.0325652, 0.0405887, 0.0987617, 0.0943557, 0.12999, 0.171967, 0.247557, 0.270566, 0.351299, 1, 

90,133,0.001, 0.0174856, 0.0210456, 0.0851092, 0.106288, 0.120951, 0.12607, 0.12607, 0.128369, 0.134127, 0.15569, 0.179361, 0.283988, 0.357851, 0.429798, 0.865578, 0.8898, 0.894339, 0.912587, 0.957997, 1, 

84,137,0.001, 0.0286121, 0.0326875, 0.0851092, 0.106288, 0.120951, 0.12607, 0.142894, 0.247557, 0.226626, 0.240064, 1, 

83,151,0.001, 0.0325652, 0.0592854, 0.0895202, 0.0943557, 0.106288, 0.120951, 0.224403, 0.226626, 0.240064, 1, 

Generation #19
76,237,0.001, 0.0457398, 0.0507165, 0.0626146, 0.168216, 0.210144, 0.213421, 0.224403, 0.226626, 0.240064, 1, 

77,178,0.001, 0.0550473, 0.0562709, 0.0895202, 0.0943557, 0.171967, 0.247557, 0.270566, 1, 

80,152,0.001, 0.0325652, 0.0405887, 0.0987617, 0.0943557, 0.12999, 0.171967, 0.247557, 0.270566, 0.351299, 1, 

90,133,0.001, 0.0174856, 0.0210456, 0.0851092, 0.106288, 0.120951, 0.12607, 0.12607, 0.128369, 0.134127, 0.15569, 0.179361, 0.283988, 0.357851, 0.429798, 0.865578, 0.8898, 0.894339, 0.912587, 0.957997, 1, 

84,137,0.001, 0.0286121, 0.0326875, 0.0851092, 0.106288, 0.120951, 0.12607, 0.142894, 0.247557, 0.226626, 0.240064, 1, 

83,151,0.001, 0.0325652, 0.0592854, 0.0895202, 0.0943557, 0.106288, 0.120951, 0.224403, 0.226626, 0.240064, 1, 

78,169,0.001, 0.0286121, 0.0326875, 0.0437573, 0.0851092, 0.263706, 0.120951, 0.128369, 0.914184, 1, 

Generation #20
76,237,0.001, 0.0457398, 0.0507165, 0.0626146, 0.168216, 0.210144, 0.213421, 0.224403, 0.226626, 0.240064, 1, 

77,178,0.001, 0.0550473, 0.0562709, 0.0895202, 0.0943557, 0.171967, 0.247557, 0.270566, 1, 

80,152,0.001, 0.0325652, 0.0405887, 0.0987617, 0.0943557, 0.12999, 0.171967, 0.247557, 0.270566, 0.351299, 1, 

90,133,0.001, 0.0174856, 0.0210456, 0.0851092, 0.106288, 0.120951, 0.12607, 0.12607, 0.128369, 0.134127, 0.15569, 0.179361, 0.283988, 0.357851, 0.429798, 0.865578, 0.8898, 0.894339, 0.912587, 0.957997, 1, 

84,137,0.001, 0.0286121, 0.0326875, 0.0851092, 0.106288, 0.120951, 0.12607, 0.142894, 0.247557, 0.226626, 0.240064, 1, 

83,151,0.001, 0.0325652, 0.0592854, 0.0895202, 0.0943557, 0.106288, 0.120951, 0.224403, 0.226626, 0.240064, 1, 

78,169,0.001, 0.0286121, 0.0326875, 0.0437573, 0.0851092, 0.263706, 0.120951, 0.128369, 0.914184, 1, 

Generation #21
76,237,0.001, 0.0457398, 0.0507165, 0.0626146, 0.168216, 0.210144, 0.213421, 0.224403, 0.226626, 0.240064, 1, 

77,178,0.001, 0.0550473, 0.0562709, 0.0895202, 0.0943557, 0.171967, 0.247557, 0.270566, 1, 

80,152,0.001, 0.0325652, 0.0405887, 0.0987617, 0.0943557, 0.12999, 0.171967, 0.247557, 0.270566, 0.351299, 1, 

84,137,0.001, 0.0286121, 0.0326875, 0.0851092, 0.106288, 0.120951, 0.12607, 0.142894, 0.247557, 0.226626, 0.240064, 1, 

83,151,0.001, 0.0325652, 0.0592854, 0.0895202, 0.0943557, 0.106288, 0.120951, 0.224403, 0.226626, 0.240064, 1, 

78,169,0.001, 0.0286121, 0.0326875, 0.0437573, 0.0851092, 0.263706, 0.120951, 0.128369, 0.914184, 1, 

85,123,0.001, 0.0174856, 0.0210456, 0.0809466, 0.0851092, 0.106288, 0.120951, 0.12607, 0.128369, 0.134127, 1, 

Generation #22
76,237,0.001, 0.0457398, 0.0507165, 0.0626146, 0.168216, 0.210144, 0.213421, 0.224403, 0.226626, 0.240064, 1, 

77,178,0.001, 0.0550473, 0.0562709, 0.0895202, 0.0943557, 0.171967, 0.247557, 0.270566, 1, 

80,152,0.001, 0.0325652, 0.0405887, 0.0987617, 0.0943557, 0.12999, 0.171967, 0.247557, 0.270566, 0.351299, 1, 

84,137,0.001, 0.0286121, 0.0326875, 0.0851092, 0.106288, 0.120951, 0.12607, 0.142894, 0.247557, 0.226626, 0.240064, 1, 

83,151,0.001, 0.0325652, 0.0592854, 0.0895202, 0.0943557, 0.106288, 0.120951, 0.224403, 0.226626, 0.240064, 1, 

78,169,0.001, 0.0286121, 0.0326875, 0.0437573, 0.0851092, 0.263706, 0.120951, 0.128369, 0.914184, 1, 

85,123,0.001, 0.0174856, 0.0210456, 0.0809466, 0.0851092, 0.106288, 0.120951, 0.12607, 0.128369, 0.134127, 1, 

69,359,0.001, 0.0325652, 0.245195, 0.0626146, 0.168216, 0.210144, 0.213421, 0.224403, 0.226626, 0.240064, 1, 

73,327,0.131223, 0.001, 0.0176624, 0.146033, 0.0437573, 0.472886, 0.427912, 0.128369, 0.134127, 0.7041, 1, 

Generation #23
76,237,0.001, 0.0457398, 0.0507165, 0.0626146, 0.168216, 0.210144, 0.213421, 0.224403, 0.226626, 0.240064, 1, 

77,178,0.001, 0.0550473, 0.0562709, 0.0895202, 0.0943557, 0.171967, 0.247557, 0.270566, 1, 

80,152,0.001, 0.0325652, 0.0405887, 0.0987617, 0.0943557, 0.12999, 0.171967, 0.247557, 0.270566, 0.351299, 1, 

84,137,0.001, 0.0286121, 0.0326875, 0.0851092, 0.106288, 0.120951, 0.12607, 0.142894, 0.247557, 0.226626, 0.240064, 1, 

83,151,0.001, 0.0325652, 0.0592854, 0.0895202, 0.0943557, 0.106288, 0.120951, 0.224403, 0.226626, 0.240064, 1, 

78,169,0.001, 0.0286121, 0.0326875, 0.0437573, 0.0851092, 0.263706, 0.120951, 0.128369, 0.914184, 1, 

85,123,0.001, 0.0174856, 0.0210456, 0.0809466, 0.0851092, 0.106288, 0.120951, 0.12607, 0.128369, 0.134127, 1, 

69,359,0.001, 0.0325652, 0.245195, 0.0626146, 0.168216, 0.210144, 0.213421, 0.224403, 0.226626, 0.240064, 1, 

73,327,0.131223, 0.001, 0.0176624, 0.146033, 0.0437573, 0.472886, 0.427912, 0.128369, 0.134127, 0.7041, 1, 

Generation #24
76,237,0.001, 0.0457398, 0.0507165, 0.0626146, 0.168216, 0.210144, 0.213421, 0.224403, 0.226626, 0.240064, 1, 

77,178,0.001, 0.0550473, 0.0562709, 0.0895202, 0.0943557, 0.171967, 0.247557, 0.270566, 1, 

80,152,0.001, 0.0325652, 0.0405887, 0.0987617, 0.0943557, 0.12999, 0.171967, 0.247557, 0.270566, 0.351299, 1, 

84,137,0.001, 0.0286121, 0.0326875, 0.0851092, 0.106288, 0.120951, 0.12607, 0.142894, 0.247557, 0.226626, 0.240064, 1, 

83,151,0.001, 0.0325652, 0.0592854, 0.0895202, 0.0943557, 0.106288, 0.120951, 0.224403, 0.226626, 0.240064, 1, 

78,169,0.001, 0.0286121, 0.0326875, 0.0437573, 0.0851092, 0.263706, 0.120951, 0.128369, 0.914184, 1, 

85,123,0.001, 0.0174856, 0.0210456, 0.0809466, 0.0851092, 0.106288, 0.120951, 0.12607, 0.128369, 0.134127, 1, 

69,359,0.001, 0.0325652, 0.245195, 0.0626146, 0.168216, 0.210144, 0.213421, 0.224403, 0.226626, 0.240064, 1, 

73,327,0.131223, 0.001, 0.0176624, 0.146033, 0.0437573, 0.472886, 0.427912, 0.128369, 0.134127, 0.7041, 1, 

Generation #25
80,152,0.001, 0.0325652, 0.0405887, 0.0987617, 0.0943557, 0.12999, 0.171967, 0.247557, 0.270566, 0.351299, 1, 

84,137,0.001, 0.0286121, 0.0326875, 0.0851092, 0.106288, 0.120951, 0.12607, 0.142894, 0.247557, 0.226626, 0.240064, 1, 

83,151,0.001, 0.0325652, 0.0592854, 0.0895202, 0.0943557, 0.106288, 0.120951, 0.224403, 0.226626, 0.240064, 1, 

85,123,0.001, 0.0174856, 0.0210456, 0.0809466, 0.0851092, 0.106288, 0.120951, 0.12607, 0.128369, 0.134127, 1, 

69,359,0.001, 0.0325652, 0.245195, 0.0626146, 0.168216, 0.210144, 0.213421, 0.224403, 0.226626, 0.240064, 1, 

73,327,0.131223, 0.001, 0.0176624, 0.146033, 0.0437573, 0.472886, 0.427912, 0.128369, 0.134127, 0.7041, 1, 

74,191,0.001, 0.0325652, 0.0405887, 0.0684187, 0.108874, 0.171967, 0.247557, 0.270566, 1, 

79,158,0.001, 0.0457398, 0.0507165, 0.0626146, 0.106288, 0.120951, 0.12607, 0.128369, 0.134127, 0.7041, 1, 

75,164,0.001, 0.0343314, 0.0405887, 0.0987617, 0.0943557, 0.12999, 0.171967, 0.270566, 1, 

Generation #26
80,152,0.001, 0.0325652, 0.0405887, 0.0987617, 0.0943557, 0.12999, 0.171967, 0.247557, 0.270566, 0.351299, 1, 

84,137,0.001, 0.0286121, 0.0326875, 0.0851092, 0.106288, 0.120951, 0.12607, 0.142894, 0.247557, 0.226626, 0.240064, 1, 

83,151,0.001, 0.0325652, 0.0592854, 0.0895202, 0.0943557, 0.106288, 0.120951, 0.224403, 0.226626, 0.240064, 1, 

85,123,0.001, 0.0174856, 0.0210456, 0.0809466, 0.0851092, 0.106288, 0.120951, 0.12607, 0.128369, 0.134127, 1, 

69,359,0.001, 0.0325652, 0.245195, 0.0626146, 0.168216, 0.210144, 0.213421, 0.224403, 0.226626, 0.240064, 1, 

73,327,0.131223, 0.001, 0.0176624, 0.146033, 0.0437573, 0.472886, 0.427912, 0.128369, 0.134127, 0.7041, 1, 

74,191,0.001, 0.0325652, 0.0405887, 0.0684187, 0.108874, 0.171967, 0.247557, 0.270566, 1, 

79,158,0.001, 0.0457398, 0.0507165, 0.0626146, 0.106288, 0.120951, 0.12607, 0.128369, 0.134127, 0.7041, 1, 

75,164,0.001, 0.0343314, 0.0405887, 0.0987617, 0.0943557, 0.12999, 0.171967, 0.270566, 1, 

Generation #27
80,152,0.001, 0.0325652, 0.0405887, 0.0987617, 0.0943557, 0.12999, 0.171967, 0.247557, 0.270566, 0.351299, 1, 

84,137,0.001, 0.0286121, 0.0326875, 0.0851092, 0.106288, 0.120951, 0.12607, 0.142894, 0.247557, 0.226626, 0.240064, 1, 

83,151,0.001, 0.0325652, 0.0592854, 0.0895202, 0.0943557, 0.106288, 0.120951, 0.224403, 0.226626, 0.240064, 1, 

85,123,0.001, 0.0174856, 0.0210456, 0.0809466, 0.0851092, 0.106288, 0.120951, 0.12607, 0.128369, 0.134127, 1, 

69,359,0.001, 0.0325652, 0.245195, 0.0626146, 0.168216, 0.210144, 0.213421, 0.224403, 0.226626, 0.240064, 1, 

73,327,0.131223, 0.001, 0.0176624, 0.146033, 0.0437573, 0.472886, 0.427912, 0.128369, 0.134127, 0.7041, 1, 

74,191,0.001, 0.0325652, 0.0405887, 0.0684187, 0.108874, 0.171967, 0.247557, 0.270566, 1, 

79,158,0.001, 0.0457398, 0.0507165, 0.0626146, 0.106288, 0.120951, 0.12607, 0.128369, 0.134127, 0.7041, 1, 

75,164,0.001, 0.0343314, 0.0405887, 0.0987617, 0.0943557, 0.12999, 0.171967, 0.270566, 1, 

Generation #28
80,152,0.001, 0.0325652, 0.0405887, 0.0987617, 0.0943557, 0.12999, 0.171967, 0.247557, 0.270566, 0.351299, 1, 

84,137,0.001, 0.0286121, 0.0326875, 0.0851092, 0.106288, 0.120951, 0.12607, 0.142894, 0.247557, 0.226626, 0.240064, 1, 

83,151,0.001, 0.0325652, 0.0592854, 0.0895202, 0.0943557, 0.106288, 0.120951, 0.224403, 0.226626, 0.240064, 1, 

85,123,0.001, 0.0174856, 0.0210456, 0.0809466, 0.0851092, 0.106288, 0.120951, 0.12607, 0.128369, 0.134127, 1, 

69,359,0.001, 0.0325652, 0.245195, 0.0626146, 0.168216, 0.210144, 0.213421, 0.224403, 0.226626, 0.240064, 1, 

73,327,0.131223, 0.001, 0.0176624, 0.146033, 0.0437573, 0.472886, 0.427912, 0.128369, 0.134127, 0.7041, 1, 

74,191,0.001, 0.0325652, 0.0405887, 0.0684187, 0.108874, 0.171967, 0.247557, 0.270566, 1, 

79,158,0.001, 0.0457398, 0.0507165, 0.0626146, 0.106288, 0.120951, 0.12607, 0.128369, 0.134127, 0.7041, 1, 

75,164,0.001, 0.0343314, 0.0405887, 0.0987617, 0.0943557, 0.12999, 0.171967, 0.270566, 1, 

Generation #29
80,152,0.001, 0.0325652, 0.0405887, 0.0987617, 0.0943557, 0.12999, 0.171967, 0.247557, 0.270566, 0.351299, 1, 

84,137,0.001, 0.0286121, 0.0326875, 0.0851092, 0.106288, 0.120951, 0.12607, 0.142894, 0.247557, 0.226626, 0.240064, 1, 

83,151,0.001, 0.0325652, 0.0592854, 0.0895202, 0.0943557, 0.106288, 0.120951, 0.224403, 0.226626, 0.240064, 1, 

85,123,0.001, 0.0174856, 0.0210456, 0.0809466, 0.0851092, 0.106288, 0.120951, 0.12607, 0.128369, 0.134127, 1, 

69,359,0.001, 0.0325652, 0.245195, 0.0626146, 0.168216, 0.210144, 0.213421, 0.224403, 0.226626, 0.240064, 1, 

73,327,0.131223, 0.001, 0.0176624, 0.146033, 0.0437573, 0.472886, 0.427912, 0.128369, 0.134127, 0.7041, 1, 

74,191,0.001, 0.0325652, 0.0405887, 0.0684187, 0.108874, 0.171967, 0.247557, 0.270566, 1, 

79,158,0.001, 0.0457398, 0.0507165, 0.0626146, 0.106288, 0.120951, 0.12607, 0.128369, 0.134127, 0.7041, 1, 

75,164,0.001, 0.0343314, 0.0405887, 0.0987617, 0.0943557, 0.12999, 0.171967, 0.270566, 1, 

Generation #30
80,152,0.001, 0.0325652, 0.0405887, 0.0987617, 0.0943557, 0.12999, 0.171967, 0.247557, 0.270566, 0.351299, 1, 

84,137,0.001, 0.0286121, 0.0326875, 0.0851092, 0.106288, 0.120951, 0.12607, 0.142894, 0.247557, 0.226626, 0.240064, 1, 

83,151,0.001, 0.0325652, 0.0592854, 0.0895202, 0.0943557, 0.106288, 0.120951, 0.224403, 0.226626, 0.240064, 1, 

85,123,0.001, 0.0174856, 0.0210456, 0.0809466, 0.0851092, 0.106288, 0.120951, 0.12607, 0.128369, 0.134127, 1, 

69,359,0.001, 0.0325652, 0.245195, 0.0626146, 0.168216, 0.210144, 0.213421, 0.224403, 0.226626, 0.240064, 1, 

73,327,0.131223, 0.001, 0.0176624, 0.146033, 0.0437573, 0.472886, 0.427912, 0.128369, 0.134127, 0.7041, 1, 

74,191,0.001, 0.0325652, 0.0405887, 0.0684187, 0.108874, 0.171967, 0.247557, 0.270566, 1, 

79,158,0.001, 0.0457398, 0.0507165, 0.0626146, 0.106288, 0.120951, 0.12607, 0.128369, 0.134127, 0.7041, 1, 

75,164,0.001, 0.0343314, 0.0405887, 0.0987617, 0.0943557, 0.12999, 0.171967, 0.270566, 1, 

Generation #31
80,152,0.001, 0.0325652, 0.0405887, 0.0987617, 0.0943557, 0.12999, 0.171967, 0.247557, 0.270566, 0.351299, 1, 

84,137,0.001, 0.0286121, 0.0326875, 0.0851092, 0.106288, 0.120951, 0.12607, 0.142894, 0.247557, 0.226626, 0.240064, 1, 

83,151,0.001, 0.0325652, 0.0592854, 0.0895202, 0.0943557, 0.106288, 0.120951, 0.224403, 0.226626, 0.240064, 1, 

85,123,0.001, 0.0174856, 0.0210456, 0.0809466, 0.0851092, 0.106288, 0.120951, 0.12607, 0.128369, 0.134127, 1, 

69,359,0.001, 0.0325652, 0.245195, 0.0626146, 0.168216, 0.210144, 0.213421, 0.224403, 0.226626, 0.240064, 1, 

73,327,0.131223, 0.001, 0.0176624, 0.146033, 0.0437573, 0.472886, 0.427912, 0.128369, 0.134127, 0.7041, 1, 

74,191,0.001, 0.0325652, 0.0405887, 0.0684187, 0.108874, 0.171967, 0.247557, 0.270566, 1, 

79,158,0.001, 0.0457398, 0.0507165, 0.0626146, 0.106288, 0.120951, 0.12607, 0.128369, 0.134127, 0.7041, 1, 

75,164,0.001, 0.0343314, 0.0405887, 0.0987617, 0.0943557, 0.12999, 0.171967, 0.270566, 1, 

Generation #32
80,152,0.001, 0.0325652, 0.0405887, 0.0987617, 0.0943557, 0.12999, 0.171967, 0.247557, 0.270566, 0.351299, 1, 

84,137,0.001, 0.0286121, 0.0326875, 0.0851092, 0.106288, 0.120951, 0.12607, 0.142894, 0.247557, 0.226626, 0.240064, 1, 

83,151,0.001, 0.0325652, 0.0592854, 0.0895202, 0.0943557, 0.106288, 0.120951, 0.224403, 0.226626, 0.240064, 1, 

85,123,0.001, 0.0174856, 0.0210456, 0.0809466, 0.0851092, 0.106288, 0.120951, 0.12607, 0.128369, 0.134127, 1, 

69,359,0.001, 0.0325652, 0.245195, 0.0626146, 0.168216, 0.210144, 0.213421, 0.224403, 0.226626, 0.240064, 1, 

73,327,0.131223, 0.001, 0.0176624, 0.146033, 0.0437573, 0.472886, 0.427912, 0.128369, 0.134127, 0.7041, 1, 

74,191,0.001, 0.0325652, 0.0405887, 0.0684187, 0.108874, 0.171967, 0.247557, 0.270566, 1, 

79,158,0.001, 0.0457398, 0.0507165, 0.0626146, 0.106288, 0.120951, 0.12607, 0.128369, 0.134127, 0.7041, 1, 

75,164,0.001, 0.0343314, 0.0405887, 0.0987617, 0.0943557, 0.12999, 0.171967, 0.270566, 1, 

Generation #33
80,152,0.001, 0.0325652, 0.0405887, 0.0987617, 0.0943557, 0.12999, 0.171967, 0.247557, 0.270566, 0.351299, 1, 

84,137,0.001, 0.0286121, 0.0326875, 0.0851092, 0.106288, 0.120951, 0.12607, 0.142894, 0.247557, 0.226626, 0.240064, 1, 

83,151,0.001, 0.0325652, 0.0592854, 0.0895202, 0.0943557, 0.106288, 0.120951, 0.224403, 0.226626, 0.240064, 1, 

85,123,0.001, 0.0174856, 0.0210456, 0.0809466, 0.0851092, 0.106288, 0.120951, 0.12607, 0.128369, 0.134127, 1, 

69,359,0.001, 0.0325652, 0.245195, 0.0626146, 0.168216, 0.210144, 0.213421, 0.224403, 0.226626, 0.240064, 1, 

73,327,0.131223, 0.001, 0.0176624, 0.146033, 0.0437573, 0.472886, 0.427912, 0.128369, 0.134127, 0.7041, 1, 

74,191,0.001, 0.0325652, 0.0405887, 0.0684187, 0.108874, 0.171967, 0.247557, 0.270566, 1, 

79,158,0.001, 0.0457398, 0.0507165, 0.0626146, 0.106288, 0.120951, 0.12607, 0.128369, 0.134127, 0.7041, 1, 

75,164,0.001, 0.0343314, 0.0405887, 0.0987617, 0.0943557, 0.12999, 0.171967, 0.270566, 1, 

Generation #34
80,152,0.001, 0.0325652, 0.0405887, 0.0987617, 0.0943557, 0.12999, 0.171967, 0.247557, 0.270566, 0.351299, 1, 

84,137,0.001, 0.0286121, 0.0326875, 0.0851092, 0.106288, 0.120951, 0.12607, 0.142894, 0.247557, 0.226626, 0.240064, 1, 

83,151,0.001, 0.0325652, 0.0592854, 0.0895202, 0.0943557, 0.106288, 0.120951, 0.224403, 0.226626, 0.240064, 1, 

85,123,0.001, 0.0174856, 0.0210456, 0.0809466, 0.0851092, 0.106288, 0.120951, 0.12607, 0.128369, 0.134127, 1, 

69,359,0.001, 0.0325652, 0.245195, 0.0626146, 0.168216, 0.210144, 0.213421, 0.224403, 0.226626, 0.240064, 1, 

73,327,0.131223, 0.001, 0.0176624, 0.146033, 0.0437573, 0.472886, 0.427912, 0.128369, 0.134127, 0.7041, 1, 

74,191,0.001, 0.0325652, 0.0405887, 0.0684187, 0.108874, 0.171967, 0.247557, 0.270566, 1, 

79,158,0.001, 0.0457398, 0.0507165, 0.0626146, 0.106288, 0.120951, 0.12607, 0.128369, 0.134127, 0.7041, 1, 

75,164,0.001, 0.0343314, 0.0405887, 0.0987617, 0.0943557, 0.12999, 0.171967, 0.270566, 1, 

Generation #35
80,152,0.001, 0.0325652, 0.0405887, 0.0987617, 0.0943557, 0.12999, 0.171967, 0.247557, 0.270566, 0.351299, 1, 

84,137,0.001, 0.0286121, 0.0326875, 0.0851092, 0.106288, 0.120951, 0.12607, 0.142894, 0.247557, 0.226626, 0.240064, 1, 

83,151,0.001, 0.0325652, 0.0592854, 0.0895202, 0.0943557, 0.106288, 0.120951, 0.224403, 0.226626, 0.240064, 1, 

85,123,0.001, 0.0174856, 0.0210456, 0.0809466, 0.0851092, 0.106288, 0.120951, 0.12607, 0.128369, 0.134127, 1, 

69,359,0.001, 0.0325652, 0.245195, 0.0626146, 0.168216, 0.210144, 0.213421, 0.224403, 0.226626, 0.240064, 1, 

73,327,0.131223, 0.001, 0.0176624, 0.146033, 0.0437573, 0.472886, 0.427912, 0.128369, 0.134127, 0.7041, 1, 

74,191,0.001, 0.0325652, 0.0405887, 0.0684187, 0.108874, 0.171967, 0.247557, 0.270566, 1, 

79,158,0.001, 0.0457398, 0.0507165, 0.0626146, 0.106288, 0.120951, 0.12607, 0.128369, 0.134127, 0.7041, 1, 

75,164,0.001, 0.0343314, 0.0405887, 0.0987617, 0.0943557, 0.12999, 0.171967, 0.270566, 1, 

Generation #36
80,152,0.001, 0.0325652, 0.0405887, 0.0987617, 0.0943557, 0.12999, 0.171967, 0.247557, 0.270566, 0.351299, 1, 

84,137,0.001, 0.0286121, 0.0326875, 0.0851092, 0.106288, 0.120951, 0.12607, 0.142894, 0.247557, 0.226626, 0.240064, 1, 

83,151,0.001, 0.0325652, 0.0592854, 0.0895202, 0.0943557, 0.106288, 0.120951, 0.224403, 0.226626, 0.240064, 1, 

85,123,0.001, 0.0174856, 0.0210456, 0.0809466, 0.0851092, 0.106288, 0.120951, 0.12607, 0.128369, 0.134127, 1, 

69,359,0.001, 0.0325652, 0.245195, 0.0626146, 0.168216, 0.210144, 0.213421, 0.224403, 0.226626, 0.240064, 1, 

73,327,0.131223, 0.001, 0.0176624, 0.146033, 0.0437573, 0.472886, 0.427912, 0.128369, 0.134127, 0.7041, 1, 

74,191,0.001, 0.0325652, 0.0405887, 0.0684187, 0.108874, 0.171967, 0.247557, 0.270566, 1, 

79,158,0.001, 0.0457398, 0.0507165, 0.0626146, 0.106288, 0.120951, 0.12607, 0.128369, 0.134127, 0.7041, 1, 

75,164,0.001, 0.0343314, 0.0405887, 0.0987617, 0.0943557, 0.12999, 0.171967, 0.270566, 1, 

Generation #37
80,152,0.001, 0.0325652, 0.0405887, 0.0987617, 0.0943557, 0.12999, 0.171967, 0.247557, 0.270566, 0.351299, 1, 

84,137,0.001, 0.0286121, 0.0326875, 0.0851092, 0.106288, 0.120951, 0.12607, 0.142894, 0.247557, 0.226626, 0.240064, 1, 

83,151,0.001, 0.0325652, 0.0592854, 0.0895202, 0.0943557, 0.106288, 0.120951, 0.224403, 0.226626, 0.240064, 1, 

85,123,0.001, 0.0174856, 0.0210456, 0.0809466, 0.0851092, 0.106288, 0.120951, 0.12607, 0.128369, 0.134127, 1, 

69,359,0.001, 0.0325652, 0.245195, 0.0626146, 0.168216, 0.210144, 0.213421, 0.224403, 0.226626, 0.240064, 1, 

73,327,0.131223, 0.001, 0.0176624, 0.146033, 0.0437573, 0.472886, 0.427912, 0.128369, 0.134127, 0.7041, 1, 

74,191,0.001, 0.0325652, 0.0405887, 0.0684187, 0.108874, 0.171967, 0.247557, 0.270566, 1, 

79,158,0.001, 0.0457398, 0.0507165, 0.0626146, 0.106288, 0.120951, 0.12607, 0.128369, 0.134127, 0.7041, 1, 

75,164,0.001, 0.0343314, 0.0405887, 0.0987617, 0.0943557, 0.12999, 0.171967, 0.270566, 1, 

Generation #38
80,152,0.001, 0.0325652, 0.0405887, 0.0987617, 0.0943557, 0.12999, 0.171967, 0.247557, 0.270566, 0.351299, 1, 

84,137,0.001, 0.0286121, 0.0326875, 0.0851092, 0.106288, 0.120951, 0.12607, 0.142894, 0.247557, 0.226626, 0.240064, 1, 

83,151,0.001, 0.0325652, 0.0592854, 0.0895202, 0.0943557, 0.106288, 0.120951, 0.224403, 0.226626, 0.240064, 1, 

85,123,0.001, 0.0174856, 0.0210456, 0.0809466, 0.0851092, 0.106288, 0.120951, 0.12607, 0.128369, 0.134127, 1, 

69,359,0.001, 0.0325652, 0.245195, 0.0626146, 0.168216, 0.210144, 0.213421, 0.224403, 0.226626, 0.240064, 1, 

73,327,0.131223, 0.001, 0.0176624, 0.146033, 0.0437573, 0.472886, 0.427912, 0.128369, 0.134127, 0.7041, 1, 

74,191,0.001, 0.0325652, 0.0405887, 0.0684187, 0.108874, 0.171967, 0.247557, 0.270566, 1, 

79,158,0.001, 0.0457398, 0.0507165, 0.0626146, 0.106288, 0.120951, 0.12607, 0.128369, 0.134127, 0.7041, 1, 

75,164,0.001, 0.0343314, 0.0405887, 0.0987617, 0.0943557, 0.12999, 0.171967, 0.270566, 1, 

Generation #39
80,152,0.001, 0.0325652, 0.0405887, 0.0987617, 0.0943557, 0.12999, 0.171967, 0.247557, 0.270566, 0.351299, 1, 

84,137,0.001, 0.0286121, 0.0326875, 0.0851092, 0.106288, 0.120951, 0.12607, 0.142894, 0.247557, 0.226626, 0.240064, 1, 

83,151,0.001, 0.0325652, 0.0592854, 0.0895202, 0.0943557, 0.106288, 0.120951, 0.224403, 0.226626, 0.240064, 1, 

85,123,0.001, 0.0174856, 0.0210456, 0.0809466, 0.0851092, 0.106288, 0.120951, 0.12607, 0.128369, 0.134127, 1, 

69,359,0.001, 0.0325652, 0.245195, 0.0626146, 0.168216, 0.210144, 0.213421, 0.224403, 0.226626, 0.240064, 1, 

73,327,0.131223, 0.001, 0.0176624, 0.146033, 0.0437573, 0.472886, 0.427912, 0.128369, 0.134127, 0.7041, 1, 

74,191,0.001, 0.0325652, 0.0405887, 0.0684187, 0.108874, 0.171967, 0.247557, 0.270566, 1, 

79,158,0.001, 0.0457398, 0.0507165, 0.0626146, 0.106288, 0.120951, 0.12607, 0.128369, 0.134127, 0.7041, 1, 

75,164,0.001, 0.0343314, 0.0405887, 0.0987617, 0.0943557, 0.12999, 0.171967, 0.270566, 1, 

Generation #40
80,152,0.001, 0.0325652, 0.0405887, 0.0987617, 0.0943557, 0.12999, 0.171967, 0.247557, 0.270566, 0.351299, 1, 

84,137,0.001, 0.0286121, 0.0326875, 0.0851092, 0.106288, 0.120951, 0.12607, 0.142894, 0.247557, 0.226626, 0.240064, 1, 

83,151,0.001, 0.0325652, 0.0592854, 0.0895202, 0.0943557, 0.106288, 0.120951, 0.224403, 0.226626, 0.240064, 1, 

85,123,0.001, 0.0174856, 0.0210456, 0.0809466, 0.0851092, 0.106288, 0.120951, 0.12607, 0.128369, 0.134127, 1, 

69,359,0.001, 0.0325652, 0.245195, 0.0626146, 0.168216, 0.210144, 0.213421, 0.224403, 0.226626, 0.240064, 1, 

73,327,0.131223, 0.001, 0.0176624, 0.146033, 0.0437573, 0.472886, 0.427912, 0.128369, 0.134127, 0.7041, 1, 

74,191,0.001, 0.0325652, 0.0405887, 0.0684187, 0.108874, 0.171967, 0.247557, 0.270566, 1, 

75,164,0.001, 0.0343314, 0.0405887, 0.0987617, 0.0943557, 0.12999, 0.171967, 0.270566, 1, 

76,153,0.001, 0.0286121, 0.0326875, 0.0684187, 0.108874, 0.114995, 0.170393, 0.224403, 0.226626, 0.240064, 1, 

Generation #41
80,152,0.001, 0.0325652, 0.0405887, 0.0987617, 0.0943557, 0.12999, 0.171967, 0.247557, 0.270566, 0.351299, 1, 

84,137,0.001, 0.0286121, 0.0326875, 0.0851092, 0.106288, 0.120951, 0.12607, 0.142894, 0.247557, 0.226626, 0.240064, 1, 

85,123,0.001, 0.0174856, 0.0210456, 0.0809466, 0.0851092, 0.106288, 0.120951, 0.12607, 0.128369, 0.134127, 1, 

69,359,0.001, 0.0325652, 0.245195, 0.0626146, 0.168216, 0.210144, 0.213421, 0.224403, 0.226626, 0.240064, 1, 

73,327,0.131223, 0.001, 0.0176624, 0.146033, 0.0437573, 0.472886, 0.427912, 0.128369, 0.134127, 0.7041, 1, 

74,191,0.001, 0.0325652, 0.0405887, 0.0684187, 0.108874, 0.171967, 0.247557, 0.270566, 1, 

75,164,0.001, 0.0343314, 0.0405887, 0.0987617, 0.0943557, 0.12999, 0.171967, 0.270566, 1, 

76,153,0.001, 0.0286121, 0.0326875, 0.0684187, 0.108874, 0.114995, 0.170393, 0.224403, 0.226626, 0.240064, 1, 

83,147,0.001, 0.0325652, 0.0405887, 0.0987617, 0.0943557, 0.12999, 0.171967, 0.247557, 0.369175, 0.226626, 0.240064, 1, 

Generation #42
80,152,0.001, 0.0325652, 0.0405887, 0.0987617, 0.0943557, 0.12999, 0.171967, 0.247557, 0.270566, 0.351299, 1, 

84,137,0.001, 0.0286121, 0.0326875, 0.0851092, 0.106288, 0.120951, 0.12607, 0.142894, 0.247557, 0.226626, 0.240064, 1, 

85,123,0.001, 0.0174856, 0.0210456, 0.0809466, 0.0851092, 0.106288, 0.120951, 0.12607, 0.128369, 0.134127, 1, 

69,359,0.001, 0.0325652, 0.245195, 0.0626146, 0.168216, 0.210144, 0.213421, 0.224403, 0.226626, 0.240064, 1, 

73,327,0.131223, 0.001, 0.0176624, 0.146033, 0.0437573, 0.472886, 0.427912, 0.128369, 0.134127, 0.7041, 1, 

74,191,0.001, 0.0325652, 0.0405887, 0.0684187, 0.108874, 0.171967, 0.247557, 0.270566, 1, 

75,164,0.001, 0.0343314, 0.0405887, 0.0987617, 0.0943557, 0.12999, 0.171967, 0.270566, 1, 

76,153,0.001, 0.0286121, 0.0326875, 0.0684187, 0.108874, 0.114995, 0.170393, 0.224403, 0.226626, 0.240064, 1, 

83,147,0.001, 0.0325652, 0.0405887, 0.0987617, 0.0943557, 0.12999, 0.171967, 0.247557, 0.369175, 0.226626, 0.240064, 1, 

Generation #43
80,152,0.001, 0.0325652, 0.0405887, 0.0987617, 0.0943557, 0.12999, 0.171967, 0.247557, 0.270566, 0.351299, 1, 

84,137,0.001, 0.0286121, 0.0326875, 0.0851092, 0.106288, 0.120951, 0.12607, 0.142894, 0.247557, 0.226626, 0.240064, 1, 

85,123,0.001, 0.0174856, 0.0210456, 0.0809466, 0.0851092, 0.106288, 0.120951, 0.12607, 0.128369, 0.134127, 1, 

69,359,0.001, 0.0325652, 0.245195, 0.0626146, 0.168216, 0.210144, 0.213421, 0.224403, 0.226626, 0.240064, 1, 

73,327,0.131223, 0.001, 0.0176624, 0.146033, 0.0437573, 0.472886, 0.427912, 0.128369, 0.134127, 0.7041, 1, 

74,191,0.001, 0.0325652, 0.0405887, 0.0684187, 0.108874, 0.171967, 0.247557, 0.270566, 1, 

75,164,0.001, 0.0343314, 0.0405887, 0.0987617, 0.0943557, 0.12999, 0.171967, 0.270566, 1, 

76,153,0.001, 0.0286121, 0.0326875, 0.0684187, 0.108874, 0.114995, 0.170393, 0.224403, 0.226626, 0.240064, 1, 

83,147,0.001, 0.0325652, 0.0405887, 0.0987617, 0.0943557, 0.12999, 0.171967, 0.247557, 0.369175, 0.226626, 0.240064, 1, 

Generation #44
80,152,0.001, 0.0325652, 0.0405887, 0.0987617, 0.0943557, 0.12999, 0.171967, 0.247557, 0.270566, 0.351299, 1, 

84,137,0.001, 0.0286121, 0.0326875, 0.0851092, 0.106288, 0.120951, 0.12607, 0.142894, 0.247557, 0.226626, 0.240064, 1, 

85,123,0.001, 0.0174856, 0.0210456, 0.0809466, 0.0851092, 0.106288, 0.120951, 0.12607, 0.128369, 0.134127, 1, 

69,359,0.001, 0.0325652, 0.245195, 0.0626146, 0.168216, 0.210144, 0.213421, 0.224403, 0.226626, 0.240064, 1, 

73,327,0.131223, 0.001, 0.0176624, 0.146033, 0.0437573, 0.472886, 0.427912, 0.128369, 0.134127, 0.7041, 1, 

74,191,0.001, 0.0325652, 0.0405887, 0.0684187, 0.108874, 0.171967, 0.247557, 0.270566, 1, 

75,164,0.001, 0.0343314, 0.0405887, 0.0987617, 0.0943557, 0.12999, 0.171967, 0.270566, 1, 

76,153,0.001, 0.0286121, 0.0326875, 0.0684187, 0.108874, 0.114995, 0.170393, 0.224403, 0.226626, 0.240064, 1, 

83,147,0.001, 0.0325652, 0.0405887, 0.0987617, 0.0943557, 0.12999, 0.171967, 0.247557, 0.369175, 0.226626, 0.240064, 1, 

Generation #45
80,152,0.001, 0.0325652, 0.0405887, 0.0987617, 0.0943557, 0.12999, 0.171967, 0.247557, 0.270566, 0.351299, 1, 

84,137,0.001, 0.0286121, 0.0326875, 0.0851092, 0.106288, 0.120951, 0.12607, 0.142894, 0.247557, 0.226626, 0.240064, 1, 

85,123,0.001, 0.0174856, 0.0210456, 0.0809466, 0.0851092, 0.106288, 0.120951, 0.12607, 0.128369, 0.134127, 1, 

69,359,0.001, 0.0325652, 0.245195, 0.0626146, 0.168216, 0.210144, 0.213421, 0.224403, 0.226626, 0.240064, 1, 

73,327,0.131223, 0.001, 0.0176624, 0.146033, 0.0437573, 0.472886, 0.427912, 0.128369, 0.134127, 0.7041, 1, 

74,191,0.001, 0.0325652, 0.0405887, 0.0684187, 0.108874, 0.171967, 0.247557, 0.270566, 1, 

75,164,0.001, 0.0343314, 0.0405887, 0.0987617, 0.0943557, 0.12999, 0.171967, 0.270566, 1, 

76,153,0.001, 0.0286121, 0.0326875, 0.0684187, 0.108874, 0.114995, 0.170393, 0.224403, 0.226626, 0.240064, 1, 

83,147,0.001, 0.0325652, 0.0405887, 0.0987617, 0.0943557, 0.12999, 0.171967, 0.247557, 0.369175, 0.226626, 0.240064, 1, 

Generation #46
80,152,0.001, 0.0325652, 0.0405887, 0.0987617, 0.0943557, 0.12999, 0.171967, 0.247557, 0.270566, 0.351299, 1, 

84,137,0.001, 0.0286121, 0.0326875, 0.0851092, 0.106288, 0.120951, 0.12607, 0.142894, 0.247557, 0.226626, 0.240064, 1, 

85,123,0.001, 0.0174856, 0.0210456, 0.0809466, 0.0851092, 0.106288, 0.120951, 0.12607, 0.128369, 0.134127, 1, 

69,359,0.001, 0.0325652, 0.245195, 0.0626146, 0.168216, 0.210144, 0.213421, 0.224403, 0.226626, 0.240064, 1, 

73,327,0.131223, 0.001, 0.0176624, 0.146033, 0.0437573, 0.472886, 0.427912, 0.128369, 0.134127, 0.7041, 1, 

74,191,0.001, 0.0325652, 0.0405887, 0.0684187, 0.108874, 0.171967, 0.247557, 0.270566, 1, 

75,164,0.001, 0.0343314, 0.0405887, 0.0987617, 0.0943557, 0.12999, 0.171967, 0.270566, 1, 

76,153,0.001, 0.0286121, 0.0326875, 0.0684187, 0.108874, 0.114995, 0.170393, 0.224403, 0.226626, 0.240064, 1, 

83,147,0.001, 0.0325652, 0.0405887, 0.0987617, 0.0943557, 0.12999, 0.171967, 0.247557, 0.369175, 0.226626, 0.240064, 1, 

Generation #47
85,123,0.001, 0.0174856, 0.0210456, 0.0809466, 0.0851092, 0.106288, 0.120951, 0.12607, 0.128369, 0.134127, 1, 

69,359,0.001, 0.0325652, 0.245195, 0.0626146, 0.168216, 0.210144, 0.213421, 0.224403, 0.226626, 0.240064, 1, 

73,327,0.131223, 0.001, 0.0176624, 0.146033, 0.0437573, 0.472886, 0.427912, 0.128369, 0.134127, 0.7041, 1, 

74,191,0.001, 0.0325652, 0.0405887, 0.0684187, 0.108874, 0.171967, 0.247557, 0.270566, 1, 

75,164,0.001, 0.0343314, 0.0405887, 0.0987617, 0.0943557, 0.12999, 0.171967, 0.270566, 1, 

76,153,0.001, 0.0286121, 0.0326875, 0.0684187, 0.108874, 0.114995, 0.170393, 0.224403, 0.226626, 0.240064, 1, 

80,131,0.001, 0.0286121, 0.0326875, 0.0437573, 0.0851092, 0.126668, 0.171967, 0.247557, 0.270566, 0.351299, 1, 

Generation #48
85,123,0.001, 0.0174856, 0.0210456, 0.0809466, 0.0851092, 0.106288, 0.120951, 0.12607, 0.128369, 0.134127, 1, 

69,359,0.001, 0.0325652, 0.245195, 0.0626146, 0.168216, 0.210144, 0.213421, 0.224403, 0.226626, 0.240064, 1, 

73,327,0.131223, 0.001, 0.0176624, 0.146033, 0.0437573, 0.472886, 0.427912, 0.128369, 0.134127, 0.7041, 1, 

74,191,0.001, 0.0325652, 0.0405887, 0.0684187, 0.108874, 0.171967, 0.247557, 0.270566, 1, 

75,164,0.001, 0.0343314, 0.0405887, 0.0987617, 0.0943557, 0.12999, 0.171967, 0.270566, 1, 

76,153,0.001, 0.0286121, 0.0326875, 0.0684187, 0.108874, 0.114995, 0.170393, 0.224403, 0.226626, 0.240064, 1, 

80,131,0.001, 0.0286121, 0.0326875, 0.0437573, 0.0851092, 0.126668, 0.171967, 0.247557, 0.270566, 0.351299, 1, 

Generation #49
85,123,0.001, 0.0174856, 0.0210456, 0.0809466, 0.0851092, 0.106288, 0.120951, 0.12607, 0.128369, 0.134127, 1, 

69,359,0.001, 0.0325652, 0.245195, 0.0626146, 0.168216, 0.210144, 0.213421, 0.224403, 0.226626, 0.240064, 1, 

73,327,0.131223, 0.001, 0.0176624, 0.146033, 0.0437573, 0.472886, 0.427912, 0.128369, 0.134127, 0.7041, 1, 

74,191,0.001, 0.0325652, 0.0405887, 0.0684187, 0.108874, 0.171967, 0.247557, 0.270566, 1, 

75,164,0.001, 0.0343314, 0.0405887, 0.0987617, 0.0943557, 0.12999, 0.171967, 0.270566, 1, 

76,153,0.001, 0.0286121, 0.0326875, 0.0684187, 0.108874, 0.114995, 0.170393, 0.224403, 0.226626, 0.240064, 1, 

80,131,0.001, 0.0286121, 0.0326875, 0.0437573, 0.0851092, 0.126668, 0.171967, 0.247557, 0.270566, 0.351299, 1, 

--- Pareto Front Solutions ---
Solution 0: N total=190 (N_initial=105, N_added=85), Time total=133 ms, Saved to: ./results/Wireless_t2_l3_pareto_0.csv, percents=0.001, 0.0174856, 0.0210456, 0.0809466, 0.0851092, 0.106288, 0.120951, 0.12607, 0.128369, 0.134127, 1, 

Solution 1: N total=174 (N_initial=105, N_added=69), Time total=369 ms, Saved to: ./results/Wireless_t2_l3_pareto_1.csv, percents=0.001, 0.0325652, 0.245195, 0.0626146, 0.168216, 0.210144, 0.213421, 0.224403, 0.226626, 0.240064, 1, 

Solution 2: N total=178 (N_initial=105, N_added=73), Time total=337 ms, Saved to: ./results/Wireless_t2_l3_pareto_2.csv, percents=0.131223, 0.001, 0.0176624, 0.146033, 0.0437573, 0.472886, 0.427912, 0.128369, 0.134127, 0.7041, 1, 

Solution 3: N total=179 (N_initial=105, N_added=74), Time total=201 ms, Saved to: ./results/Wireless_t2_l3_pareto_3.csv, percents=0.001, 0.0325652, 0.0405887, 0.0684187, 0.108874, 0.171967, 0.247557, 0.270566, 1, 

Solution 4: N total=180 (N_initial=105, N_added=75), Time total=174 ms, Saved to: ./results/Wireless_t2_l3_pareto_4.csv, percents=0.001, 0.0343314, 0.0405887, 0.0987617, 0.0943557, 0.12999, 0.171967, 0.270566, 1, 

Solution 5: N total=181 (N_initial=105, N_added=76), Time total=163 ms, Saved to: ./results/Wireless_t2_l3_pareto_5.csv, percents=0.001, 0.0286121, 0.0326875, 0.0684187, 0.108874, 0.114995, 0.170393, 0.224403, 0.226626, 0.240064, 1, 

Solution 6: N total=185 (N_initial=105, N_added=80), Time total=141 ms, Saved to: ./results/Wireless_t2_l3_pareto_6.csv, percents=0.001, 0.0286121, 0.0326875, 0.0437573, 0.0851092, 0.126668, 0.171967, 0.247557, 0.270566, 0.351299, 1, 

------------d=1, t=2, lambda=4, filename=./evaluation/Wireless/Wireless_2_4.csv------------
Computing partitioned counts of d-sets...
Ready to look at pairs based on partitioned counts...
First Stage N=120, Time=11
There are 572 remaining non-locating pairs
--- Running GA Algorithm (phase2) ---
Running GA with std::execution::par
Generation #0
106,844,0.001, 0.162292, 0.219588, 0.224507, 0.267635, 0.455538, 0.476036, 0.602329, 0.623648, 0.742403, 0.828656, 0.872792, 1, 

118,315,0.001, 0.0248552, 0.0250314, 0.0690723, 0.071168, 0.123708, 0.123897, 0.191969, 0.227788, 0.274335, 0.312598, 0.388594, 0.513322, 0.518023, 0.572265, 0.633459, 0.675786, 0.726408, 0.760849, 0.7772, 0.930553, 0.981886, 0.98476, 1, 

122,280,0.001, 0.0399682, 0.0589831, 0.0606699, 0.104618, 0.11079, 0.201569, 0.371126, 0.519243, 0.597177, 0.605219, 0.674692, 0.736778, 0.743129, 0.758916, 0.835681, 0.901487, 0.952039, 0.964788, 1, 

108,396,0.001, 0.0734099, 0.102078, 0.178052, 0.193811, 0.364983, 0.416357, 0.477094, 0.52498, 0.582668, 0.656969, 0.705828, 0.729008, 0.993377, 1, 

109,358,0.001, 0.0430746, 0.104917, 0.132437, 0.14644, 0.271785, 0.564888, 0.660943, 0.681421, 0.762527, 0.889467, 1, 

114,334,0.001, 0.0186811, 0.0236056, 0.0267459, 0.173194, 0.236448, 0.27855, 0.346209, 0.408807, 0.457404, 0.499075, 0.542323, 0.555228, 0.673283, 0.799933, 0.977417, 0.983633, 1, 

Generation #1
106,844,0.001, 0.162292, 0.219588, 0.224507, 0.267635, 0.455538, 0.476036, 0.602329, 0.623648, 0.742403, 0.828656, 0.872792, 1, 

108,396,0.001, 0.0734099, 0.102078, 0.178052, 0.193811, 0.364983, 0.416357, 0.477094, 0.52498, 0.582668, 0.656969, 0.705828, 0.729008, 0.993377, 1, 

109,358,0.001, 0.0430746, 0.104917, 0.132437, 0.14644, 0.271785, 0.564888, 0.660943, 0.681421, 0.762527, 0.889467, 1, 

114,334,0.001, 0.0186811, 0.0236056, 0.0267459, 0.173194, 0.236448, 0.27855, 0.346209, 0.408807, 0.457404, 0.499075, 0.542323, 0.555228, 0.673283, 0.799933, 0.977417, 0.983633, 1, 

117,271,0.001, 0.0538358, 0.0635574, 0.0985098, 0.117153, 0.218442, 0.235479, 0.285371, 0.315463, 0.433121, 0.506451, 0.507906, 0.564995, 0.69986, 0.950175, 1, 

123,244,0.001, 0.0399434, 0.0682975, 0.0893137, 0.173194, 0.236448, 0.27855, 0.346209, 0.408807, 0.457404, 0.499075, 0.542323, 0.555228, 0.673283, 0.799933, 0.977417, 0.983633, 1, 

126,235,0.001, 0.0387754, 0.06836, 0.0833851, 0.133785, 0.16633, 0.193011, 0.20498, 0.260425, 0.284245, 0.30535, 0.343095, 0.397756, 0.46095, 0.483156, 0.588624, 0.598685, 0.610709, 0.614369, 0.619693, 0.670058, 0.67239, 0.73228, 0.753951, 0.783471, 0.793718, 0.824705, 0.868544, 0.913157, 0.955191, 1, 

Generation #2
108,396,0.001, 0.0734099, 0.102078, 0.178052, 0.193811, 0.364983, 0.416357, 0.477094, 0.52498, 0.582668, 0.656969, 0.705828, 0.729008, 0.993377, 1, 

109,358,0.001, 0.0430746, 0.104917, 0.132437, 0.14644, 0.271785, 0.564888, 0.660943, 0.681421, 0.762527, 0.889467, 1, 

114,334,0.001, 0.0186811, 0.0236056, 0.0267459, 0.173194, 0.236448, 0.27855, 0.346209, 0.408807, 0.457404, 0.499075, 0.542323, 0.555228, 0.673283, 0.799933, 0.977417, 0.983633, 1, 

106,593,0.001, 0.109995, 0.47393, 0.681836, 0.740137, 0.744354, 0.826367, 0.859957, 0.929571, 0.967314, 1, 

122,234,0.001, 0.024549, 0.0351491, 0.0691645, 0.0784121, 0.0964361, 0.144025, 0.704428, 0.752854, 0.846607, 0.853597, 1, 

117,265,0.001, 0.0463311, 0.0689631, 0.204737, 0.222935, 0.264712, 0.339878, 0.59652, 0.655014, 0.719972, 1, 

107,517,0.001, 0.120542, 0.148534, 0.224326, 0.280035, 0.433915, 0.537715, 0.567702, 0.593218, 0.606053, 0.859936, 1, 

Generation #3
106,503,0.001, 0.078362, 0.0839113, 0.088018, 0.740137, 0.744354, 0.826367, 0.580294, 0.929571, 0.967314, 1, 

107,193,0.001, 0.0248552, 0.0250314, 0.0690723, 0.071168, 0.123708, 0.123897, 0.191969, 0.227788, 0.274335, 0.312598, 0.492964, 0.564995, 0.69986, 0.950175, 1, 

Generation #4
106,503,0.001, 0.078362, 0.0839113, 0.088018, 0.740137, 0.744354, 0.826367, 0.580294, 0.929571, 0.967314, 1, 

107,193,0.001, 0.0248552, 0.0250314, 0.0690723, 0.071168, 0.123708, 0.123897, 0.191969, 0.227788, 0.274335, 0.312598, 0.492964, 0.564995, 0.69986, 0.950175, 1, 

Generation #5
107,193,0.001, 0.0248552, 0.0250314, 0.0690723, 0.071168, 0.123708, 0.123897, 0.191969, 0.227788, 0.274335, 0.312598, 0.492964, 0.564995, 0.69986, 0.950175, 1, 

104,333,0.001, 0.0538358, 0.148534, 0.224326, 0.0784121, 0.0964361, 0.144025, 0.704428, 0.846607, 0.853597, 1, 

105,249,0.001, 0.0430746, 0.104917, 0.132437, 0.14644, 0.271785, 0.564888, 0.704428, 0.752854, 0.846607, 0.853597, 1, 

Generation #6
107,193,0.001, 0.0248552, 0.0250314, 0.0690723, 0.071168, 0.123708, 0.123897, 0.191969, 0.227788, 0.274335, 0.312598, 0.492964, 0.564995, 0.69986, 0.950175, 1, 

104,333,0.001, 0.0538358, 0.148534, 0.224326, 0.0784121, 0.0964361, 0.144025, 0.704428, 0.846607, 0.853597, 1, 

105,249,0.001, 0.0430746, 0.104917, 0.132437, 0.14644, 0.271785, 0.564888, 0.704428, 0.752854, 0.846607, 0.853597, 1, 

120,188,0.001, 0.0248552, 0.0250314, 0.0690723, 0.071168, 0.123708, 0.123897, 0.191969, 0.227788, 0.274335, 0.312598, 0.388594, 0.513322, 0.518023, 0.572265, 0.633459, 0.761439, 0.785962, 0.803207, 0.848099, 0.877736, 0.92546, 1, 

Generation #7
107,193,0.001, 0.0248552, 0.0250314, 0.0690723, 0.071168, 0.123708, 0.123897, 0.191969, 0.227788, 0.274335, 0.312598, 0.492964, 0.564995, 0.69986, 0.950175, 1, 

104,333,0.001, 0.0538358, 0.148534, 0.224326, 0.0784121, 0.0964361, 0.144025, 0.704428, 0.846607, 0.853597, 1, 

105,249,0.001, 0.0430746, 0.104917, 0.132437, 0.14644, 0.271785, 0.564888, 0.704428, 0.752854, 0.846607, 0.853597, 1, 

120,188,0.001, 0.0248552, 0.0250314, 0.0690723, 0.071168, 0.123708, 0.123897, 0.191969, 0.227788, 0.274335, 0.312598, 0.388594, 0.513322, 0.518023, 0.572265, 0.633459, 0.761439, 0.785962, 0.803207, 0.848099, 0.877736, 0.92546, 1, 

102,441,0.001, 0.0921624, 0.173158, 0.417706, 0.455224, 0.502367, 0.193011, 0.20498, 0.672932, 0.790443, 0.98601, 1, 

Generation #8
107,193,0.001, 0.0248552, 0.0250314, 0.0690723, 0.071168, 0.123708, 0.123897, 0.191969, 0.227788, 0.274335, 0.312598, 0.492964, 0.564995, 0.69986, 0.950175, 1, 

102,441,0.001, 0.0921624, 0.173158, 0.417706, 0.455224, 0.502367, 0.193011, 0.20498, 0.672932, 0.790443, 0.98601, 1, 

106,230,0.001, 0.0381091, 0.0435785, 0.0833851, 0.16633, 0.193011, 0.272415, 0.719972, 1, 

104,236,0.001, 0.0248552, 0.0250314, 0.0690723, 0.128361, 0.160593, 0.199045, 0.227016, 0.260425, 0.284245, 1, 

116,184,0.001, 0.0248552, 0.0250314, 0.0690723, 0.071168, 0.123708, 0.123897, 0.191969, 0.227788, 0.274335, 0.889467, 1, 

Generation #9
107,193,0.001, 0.0248552, 0.0250314, 0.0690723, 0.071168, 0.123708, 0.123897, 0.191969, 0.227788, 0.274335, 0.312598, 0.492964, 0.564995, 0.69986, 0.950175, 1, 

106,230,0.001, 0.0381091, 0.0435785, 0.0833851, 0.16633, 0.193011, 0.272415, 0.719972, 1, 

104,236,0.001, 0.0248552, 0.0250314, 0.0690723, 0.128361, 0.160593, 0.199045, 0.227016, 0.260425, 0.284245, 1, 

116,184,0.001, 0.0248552, 0.0250314, 0.0690723, 0.071168, 0.123708, 0.123897, 0.191969, 0.227788, 0.274335, 0.889467, 1, 

102,238,0.001, 0.0248552, 0.0250314, 0.0690723, 0.128361, 0.160593, 0.199045, 0.227016, 0.27869, 0.302751, 0.361017, 0.436899, 1, 

Generation #10
107,193,0.001, 0.0248552, 0.0250314, 0.0690723, 0.071168, 0.123708, 0.123897, 0.191969, 0.227788, 0.274335, 0.312598, 0.492964, 0.564995, 0.69986, 0.950175, 1, 

116,184,0.001, 0.0248552, 0.0250314, 0.0690723, 0.071168, 0.123708, 0.123897, 0.191969, 0.227788, 0.274335, 0.889467, 1, 

102,238,0.001, 0.0248552, 0.0250314, 0.0690723, 0.128361, 0.160593, 0.199045, 0.227016, 0.27869, 0.302751, 0.361017, 0.436899, 1, 

103,228,0.001, 0.0248552, 0.0250314, 0.0833851, 0.133785, 0.16633, 0.193011, 0.20498, 0.260425, 0.284245, 1, 

117,165,0.001, 0.0381091, 0.0351491, 0.0691645, 0.0784121, 0.0964361, 0.20498, 0.260425, 0.993912, 1, 

Generation #11
107,193,0.001, 0.0248552, 0.0250314, 0.0690723, 0.071168, 0.123708, 0.123897, 0.191969, 0.227788, 0.274335, 0.312598, 0.492964, 0.564995, 0.69986, 0.950175, 1, 

116,184,0.001, 0.0248552, 0.0250314, 0.0690723, 0.071168, 0.123708, 0.123897, 0.191969, 0.227788, 0.274335, 0.889467, 1, 

102,238,0.001, 0.0248552, 0.0250314, 0.0690723, 0.128361, 0.160593, 0.199045, 0.227016, 0.27869, 0.302751, 0.361017, 0.436899, 1, 

103,228,0.001, 0.0248552, 0.0250314, 0.0833851, 0.133785, 0.16633, 0.193011, 0.20498, 0.260425, 0.284245, 1, 

117,165,0.001, 0.0381091, 0.0351491, 0.0691645, 0.0784121, 0.0964361, 0.20498, 0.260425, 0.993912, 1, 

Generation #12
107,193,0.001, 0.0248552, 0.0250314, 0.0690723, 0.071168, 0.123708, 0.123897, 0.191969, 0.227788, 0.274335, 0.312598, 0.492964, 0.564995, 0.69986, 0.950175, 1, 

116,184,0.001, 0.0248552, 0.0250314, 0.0690723, 0.071168, 0.123708, 0.123897, 0.191969, 0.227788, 0.274335, 0.889467, 1, 

102,238,0.001, 0.0248552, 0.0250314, 0.0690723, 0.128361, 0.160593, 0.199045, 0.227016, 0.27869, 0.302751, 0.361017, 0.436899, 1, 

103,228,0.001, 0.0248552, 0.0250314, 0.0833851, 0.133785, 0.16633, 0.193011, 0.20498, 0.260425, 0.284245, 1, 

117,165,0.001, 0.0381091, 0.0351491, 0.0691645, 0.0784121, 0.0964361, 0.20498, 0.260425, 0.993912, 1, 

Generation #13
107,193,0.001, 0.0248552, 0.0250314, 0.0690723, 0.071168, 0.123708, 0.123897, 0.191969, 0.227788, 0.274335, 0.312598, 0.492964, 0.564995, 0.69986, 0.950175, 1, 

116,184,0.001, 0.0248552, 0.0250314, 0.0690723, 0.071168, 0.123708, 0.123897, 0.191969, 0.227788, 0.274335, 0.889467, 1, 

102,238,0.001, 0.0248552, 0.0250314, 0.0690723, 0.128361, 0.160593, 0.199045, 0.227016, 0.27869, 0.302751, 0.361017, 0.436899, 1, 

103,228,0.001, 0.0248552, 0.0250314, 0.0833851, 0.133785, 0.16633, 0.193011, 0.20498, 0.260425, 0.284245, 1, 

117,165,0.001, 0.0381091, 0.0351491, 0.0691645, 0.0784121, 0.0964361, 0.20498, 0.260425, 0.993912, 1, 

Generation #14
107,193,0.001, 0.0248552, 0.0250314, 0.0690723, 0.071168, 0.123708, 0.123897, 0.191969, 0.227788, 0.274335, 0.312598, 0.492964, 0.564995, 0.69986, 0.950175, 1, 

116,184,0.001, 0.0248552, 0.0250314, 0.0690723, 0.071168, 0.123708, 0.123897, 0.191969, 0.227788, 0.274335, 0.889467, 1, 

102,238,0.001, 0.0248552, 0.0250314, 0.0690723, 0.128361, 0.160593, 0.199045, 0.227016, 0.27869, 0.302751, 0.361017, 0.436899, 1, 

103,228,0.001, 0.0248552, 0.0250314, 0.0833851, 0.133785, 0.16633, 0.193011, 0.20498, 0.260425, 0.284245, 1, 

117,165,0.001, 0.0381091, 0.0351491, 0.0691645, 0.0784121, 0.0964361, 0.20498, 0.260425, 0.993912, 1, 

Generation #15
107,193,0.001, 0.0248552, 0.0250314, 0.0690723, 0.071168, 0.123708, 0.123897, 0.191969, 0.227788, 0.274335, 0.312598, 0.492964, 0.564995, 0.69986, 0.950175, 1, 

116,184,0.001, 0.0248552, 0.0250314, 0.0690723, 0.071168, 0.123708, 0.123897, 0.191969, 0.227788, 0.274335, 0.889467, 1, 

102,238,0.001, 0.0248552, 0.0250314, 0.0690723, 0.128361, 0.160593, 0.199045, 0.227016, 0.27869, 0.302751, 0.361017, 0.436899, 1, 

103,228,0.001, 0.0248552, 0.0250314, 0.0833851, 0.133785, 0.16633, 0.193011, 0.20498, 0.260425, 0.284245, 1, 

117,165,0.001, 0.0381091, 0.0351491, 0.0691645, 0.0784121, 0.0964361, 0.20498, 0.260425, 0.993912, 1, 

Generation #16
107,193,0.001, 0.0248552, 0.0250314, 0.0690723, 0.071168, 0.123708, 0.123897, 0.191969, 0.227788, 0.274335, 0.312598, 0.492964, 0.564995, 0.69986, 0.950175, 1, 

116,184,0.001, 0.0248552, 0.0250314, 0.0690723, 0.071168, 0.123708, 0.123897, 0.191969, 0.227788, 0.274335, 0.889467, 1, 

102,238,0.001, 0.0248552, 0.0250314, 0.0690723, 0.128361, 0.160593, 0.199045, 0.227016, 0.27869, 0.302751, 0.361017, 0.436899, 1, 

103,228,0.001, 0.0248552, 0.0250314, 0.0833851, 0.133785, 0.16633, 0.193011, 0.20498, 0.260425, 0.284245, 1, 

117,165,0.001, 0.0381091, 0.0351491, 0.0691645, 0.0784121, 0.0964361, 0.20498, 0.260425, 0.993912, 1, 

Generation #17
107,193,0.001, 0.0248552, 0.0250314, 0.0690723, 0.071168, 0.123708, 0.123897, 0.191969, 0.227788, 0.274335, 0.312598, 0.492964, 0.564995, 0.69986, 0.950175, 1, 

116,184,0.001, 0.0248552, 0.0250314, 0.0690723, 0.071168, 0.123708, 0.123897, 0.191969, 0.227788, 0.274335, 0.889467, 1, 

102,238,0.001, 0.0248552, 0.0250314, 0.0690723, 0.128361, 0.160593, 0.199045, 0.227016, 0.27869, 0.302751, 0.361017, 0.436899, 1, 

103,228,0.001, 0.0248552, 0.0250314, 0.0833851, 0.133785, 0.16633, 0.193011, 0.20498, 0.260425, 0.284245, 1, 

117,165,0.001, 0.0381091, 0.0351491, 0.0691645, 0.0784121, 0.0964361, 0.20498, 0.260425, 0.993912, 1, 

Generation #18
107,193,0.001, 0.0248552, 0.0250314, 0.0690723, 0.071168, 0.123708, 0.123897, 0.191969, 0.227788, 0.274335, 0.312598, 0.492964, 0.564995, 0.69986, 0.950175, 1, 

116,184,0.001, 0.0248552, 0.0250314, 0.0690723, 0.071168, 0.123708, 0.123897, 0.191969, 0.227788, 0.274335, 0.889467, 1, 

102,238,0.001, 0.0248552, 0.0250314, 0.0690723, 0.128361, 0.160593, 0.199045, 0.227016, 0.27869, 0.302751, 0.361017, 0.436899, 1, 

103,228,0.001, 0.0248552, 0.0250314, 0.0833851, 0.133785, 0.16633, 0.193011, 0.20498, 0.260425, 0.284245, 1, 

117,165,0.001, 0.0381091, 0.0351491, 0.0691645, 0.0784121, 0.0964361, 0.20498, 0.260425, 0.993912, 1, 

Generation #19
107,193,0.001, 0.0248552, 0.0250314, 0.0690723, 0.071168, 0.123708, 0.123897, 0.191969, 0.227788, 0.274335, 0.312598, 0.492964, 0.564995, 0.69986, 0.950175, 1, 

116,184,0.001, 0.0248552, 0.0250314, 0.0690723, 0.071168, 0.123708, 0.123897, 0.191969, 0.227788, 0.274335, 0.889467, 1, 

102,238,0.001, 0.0248552, 0.0250314, 0.0690723, 0.128361, 0.160593, 0.199045, 0.227016, 0.27869, 0.302751, 0.361017, 0.436899, 1, 

103,228,0.001, 0.0248552, 0.0250314, 0.0833851, 0.133785, 0.16633, 0.193011, 0.20498, 0.260425, 0.284245, 1, 

117,165,0.001, 0.0381091, 0.0351491, 0.0691645, 0.0784121, 0.0964361, 0.20498, 0.260425, 0.993912, 1, 

101,1770,0.001, 0.534378, 0.0248552, 0.0250314, 0.0690723, 0.16633, 0.193011, 0.272415, 0.719972, 1, 

109,188,0.00793727, 0.001, 0.0248552, 0.0351491, 0.0691645, 0.160593, 0.199045, 0.227016, 0.260425, 0.284245, 1, 

Generation #20
107,193,0.001, 0.0248552, 0.0250314, 0.0690723, 0.071168, 0.123708, 0.123897, 0.191969, 0.227788, 0.274335, 0.312598, 0.492964, 0.564995, 0.69986, 0.950175, 1, 

116,184,0.001, 0.0248552, 0.0250314, 0.0690723, 0.071168, 0.123708, 0.123897, 0.191969, 0.227788, 0.274335, 0.889467, 1, 

102,238,0.001, 0.0248552, 0.0250314, 0.0690723, 0.128361, 0.160593, 0.199045, 0.227016, 0.27869, 0.302751, 0.361017, 0.436899, 1, 

103,228,0.001, 0.0248552, 0.0250314, 0.0833851, 0.133785, 0.16633, 0.193011, 0.20498, 0.260425, 0.284245, 1, 

117,165,0.001, 0.0381091, 0.0351491, 0.0691645, 0.0784121, 0.0964361, 0.20498, 0.260425, 0.993912, 1, 

101,1770,0.001, 0.534378, 0.0248552, 0.0250314, 0.0690723, 0.16633, 0.193011, 0.272415, 0.719972, 1, 

109,188,0.00793727, 0.001, 0.0248552, 0.0351491, 0.0691645, 0.160593, 0.199045, 0.227016, 0.260425, 0.284245, 1, 

Generation #21
107,193,0.001, 0.0248552, 0.0250314, 0.0690723, 0.071168, 0.123708, 0.123897, 0.191969, 0.227788, 0.274335, 0.312598, 0.492964, 0.564995, 0.69986, 0.950175, 1, 

116,184,0.001, 0.0248552, 0.0250314, 0.0690723, 0.071168, 0.123708, 0.123897, 0.191969, 0.227788, 0.274335, 0.889467, 1, 

102,238,0.001, 0.0248552, 0.0250314, 0.0690723, 0.128361, 0.160593, 0.199045, 0.227016, 0.27869, 0.302751, 0.361017, 0.436899, 1, 

103,228,0.001, 0.0248552, 0.0250314, 0.0833851, 0.133785, 0.16633, 0.193011, 0.20498, 0.260425, 0.284245, 1, 

117,165,0.001, 0.0381091, 0.0351491, 0.0691645, 0.0784121, 0.0964361, 0.20498, 0.260425, 0.993912, 1, 

101,1770,0.001, 0.534378, 0.0248552, 0.0250314, 0.0690723, 0.16633, 0.193011, 0.272415, 0.719972, 1, 

109,188,0.00793727, 0.001, 0.0248552, 0.0351491, 0.0691645, 0.160593, 0.199045, 0.227016, 0.260425, 0.284245, 1, 

Generation #22
107,193,0.001, 0.0248552, 0.0250314, 0.0690723, 0.071168, 0.123708, 0.123897, 0.191969, 0.227788, 0.274335, 0.312598, 0.492964, 0.564995, 0.69986, 0.950175, 1, 

117,165,0.001, 0.0381091, 0.0351491, 0.0691645, 0.0784121, 0.0964361, 0.20498, 0.260425, 0.993912, 1, 

109,188,0.00793727, 0.001, 0.0248552, 0.0351491, 0.0691645, 0.160593, 0.199045, 0.227016, 0.260425, 0.284245, 1, 

111,177,0.001, 0.0248552, 0.0250314, 0.0690723, 0.071168, 0.160593, 0.0192468, 0.199045, 0.227016, 0.260425, 0.284245, 1, 

103,197,0.001, 0.0381091, 0.0351491, 0.0691645, 0.0690723, 0.16633, 0.193011, 0.272415, 0.719972, 1, 

102,228,0.001, 0.0248552, 0.0250314, 0.0690723, 0.133785, 0.16633, 0.193011, 0.0129521, 0.27869, 0.302751, 0.361017, 0.436899, 1, 

101,231,0.001, 0.0248552, 0.0250314, 0.0690723, 0.071168, 0.123708, 0.123897, 0.191969, 0.227788, 0.274335, 0.312598, 1, 

Generation #23
107,193,0.001, 0.0248552, 0.0250314, 0.0690723, 0.071168, 0.123708, 0.123897, 0.191969, 0.227788, 0.274335, 0.312598, 0.492964, 0.564995, 0.69986, 0.950175, 1, 

117,165,0.001, 0.0381091, 0.0351491, 0.0691645, 0.0784121, 0.0964361, 0.20498, 0.260425, 0.993912, 1, 

109,188,0.00793727, 0.001, 0.0248552, 0.0351491, 0.0691645, 0.160593, 0.199045, 0.227016, 0.260425, 0.284245, 1, 

111,177,0.001, 0.0248552, 0.0250314, 0.0690723, 0.071168, 0.160593, 0.0192468, 0.199045, 0.227016, 0.260425, 0.284245, 1, 

103,197,0.001, 0.0381091, 0.0351491, 0.0691645, 0.0690723, 0.16633, 0.193011, 0.272415, 0.719972, 1, 

102,228,0.001, 0.0248552, 0.0250314, 0.0690723, 0.133785, 0.16633, 0.193011, 0.0129521, 0.27869, 0.302751, 0.361017, 0.436899, 1, 

101,231,0.001, 0.0248552, 0.0250314, 0.0690723, 0.071168, 0.123708, 0.123897, 0.191969, 0.227788, 0.274335, 0.312598, 1, 

Generation #24
107,193,0.001, 0.0248552, 0.0250314, 0.0690723, 0.071168, 0.123708, 0.123897, 0.191969, 0.227788, 0.274335, 0.312598, 0.492964, 0.564995, 0.69986, 0.950175, 1, 

117,165,0.001, 0.0381091, 0.0351491, 0.0691645, 0.0784121, 0.0964361, 0.20498, 0.260425, 0.993912, 1, 

109,188,0.00793727, 0.001, 0.0248552, 0.0351491, 0.0691645, 0.160593, 0.199045, 0.227016, 0.260425, 0.284245, 1, 

111,177,0.001, 0.0248552, 0.0250314, 0.0690723, 0.071168, 0.160593, 0.0192468, 0.199045, 0.227016, 0.260425, 0.284245, 1, 

103,197,0.001, 0.0381091, 0.0351491, 0.0691645, 0.0690723, 0.16633, 0.193011, 0.272415, 0.719972, 1, 

102,228,0.001, 0.0248552, 0.0250314, 0.0690723, 0.133785, 0.16633, 0.193011, 0.0129521, 0.27869, 0.302751, 0.361017, 0.436899, 1, 

101,231,0.001, 0.0248552, 0.0250314, 0.0690723, 0.071168, 0.123708, 0.123897, 0.191969, 0.227788, 0.274335, 0.312598, 1, 

Generation #25
107,193,0.001, 0.0248552, 0.0250314, 0.0690723, 0.071168, 0.123708, 0.123897, 0.191969, 0.227788, 0.274335, 0.312598, 0.492964, 0.564995, 0.69986, 0.950175, 1, 

117,165,0.001, 0.0381091, 0.0351491, 0.0691645, 0.0784121, 0.0964361, 0.20498, 0.260425, 0.993912, 1, 

109,188,0.00793727, 0.001, 0.0248552, 0.0351491, 0.0691645, 0.160593, 0.199045, 0.227016, 0.260425, 0.284245, 1, 

111,177,0.001, 0.0248552, 0.0250314, 0.0690723, 0.071168, 0.160593, 0.0192468, 0.199045, 0.227016, 0.260425, 0.284245, 1, 

103,197,0.001, 0.0381091, 0.0351491, 0.0691645, 0.0690723, 0.16633, 0.193011, 0.272415, 0.719972, 1, 

102,228,0.001, 0.0248552, 0.0250314, 0.0690723, 0.133785, 0.16633, 0.193011, 0.0129521, 0.27869, 0.302751, 0.361017, 0.436899, 1, 

101,231,0.001, 0.0248552, 0.0250314, 0.0690723, 0.071168, 0.123708, 0.123897, 0.191969, 0.227788, 0.274335, 0.312598, 1, 

Generation #26
107,193,0.001, 0.0248552, 0.0250314, 0.0690723, 0.071168, 0.123708, 0.123897, 0.191969, 0.227788, 0.274335, 0.312598, 0.492964, 0.564995, 0.69986, 0.950175, 1, 

117,165,0.001, 0.0381091, 0.0351491, 0.0691645, 0.0784121, 0.0964361, 0.20498, 0.260425, 0.993912, 1, 

109,188,0.00793727, 0.001, 0.0248552, 0.0351491, 0.0691645, 0.160593, 0.199045, 0.227016, 0.260425, 0.284245, 1, 

111,177,0.001, 0.0248552, 0.0250314, 0.0690723, 0.071168, 0.160593, 0.0192468, 0.199045, 0.227016, 0.260425, 0.284245, 1, 

103,197,0.001, 0.0381091, 0.0351491, 0.0691645, 0.0690723, 0.16633, 0.193011, 0.272415, 0.719972, 1, 

102,228,0.001, 0.0248552, 0.0250314, 0.0690723, 0.133785, 0.16633, 0.193011, 0.0129521, 0.27869, 0.302751, 0.361017, 0.436899, 1, 

101,231,0.001, 0.0248552, 0.0250314, 0.0690723, 0.071168, 0.123708, 0.123897, 0.191969, 0.227788, 0.274335, 0.312598, 1, 

Generation #27
107,193,0.001, 0.0248552, 0.0250314, 0.0690723, 0.071168, 0.123708, 0.123897, 0.191969, 0.227788, 0.274335, 0.312598, 0.492964, 0.564995, 0.69986, 0.950175, 1, 

117,165,0.001, 0.0381091, 0.0351491, 0.0691645, 0.0784121, 0.0964361, 0.20498, 0.260425, 0.993912, 1, 

111,177,0.001, 0.0248552, 0.0250314, 0.0690723, 0.071168, 0.160593, 0.0192468, 0.199045, 0.227016, 0.260425, 0.284245, 1, 

103,197,0.001, 0.0381091, 0.0351491, 0.0691645, 0.0690723, 0.16633, 0.193011, 0.272415, 0.719972, 1, 

102,228,0.001, 0.0248552, 0.0250314, 0.0690723, 0.133785, 0.16633, 0.193011, 0.0129521, 0.27869, 0.302751, 0.361017, 0.436899, 1, 

101,231,0.001, 0.0248552, 0.0250314, 0.0690723, 0.071168, 0.123708, 0.123897, 0.191969, 0.227788, 0.274335, 0.312598, 1, 

108,183,0.001, 0.0248552, 0.0250314, 0.0690723, 0.071168, 0.123708, 0.123897, 0.191969, 0.227788, 0.274335, 0.312598, 0.492964, 1, 

Generation #28
107,193,0.001, 0.0248552, 0.0250314, 0.0690723, 0.071168, 0.123708, 0.123897, 0.191969, 0.227788, 0.274335, 0.312598, 0.492964, 0.564995, 0.69986, 0.950175, 1, 

117,165,0.001, 0.0381091, 0.0351491, 0.0691645, 0.0784121, 0.0964361, 0.20498, 0.260425, 0.993912, 1, 

111,177,0.001, 0.0248552, 0.0250314, 0.0690723, 0.071168, 0.160593, 0.0192468, 0.199045, 0.227016, 0.260425, 0.284245, 1, 

103,197,0.001, 0.0381091, 0.0351491, 0.0691645, 0.0690723, 0.16633, 0.193011, 0.272415, 0.719972, 1, 

102,228,0.001, 0.0248552, 0.0250314, 0.0690723, 0.133785, 0.16633, 0.193011, 0.0129521, 0.27869, 0.302751, 0.361017, 0.436899, 1, 

101,231,0.001, 0.0248552, 0.0250314, 0.0690723, 0.071168, 0.123708, 0.123897, 0.191969, 0.227788, 0.274335, 0.312598, 1, 

108,183,0.001, 0.0248552, 0.0250314, 0.0690723, 0.071168, 0.123708, 0.123897, 0.191969, 0.227788, 0.274335, 0.312598, 0.492964, 1, 

Generation #29
107,193,0.001, 0.0248552, 0.0250314, 0.0690723, 0.071168, 0.123708, 0.123897, 0.191969, 0.227788, 0.274335, 0.312598, 0.492964, 0.564995, 0.69986, 0.950175, 1, 

117,165,0.001, 0.0381091, 0.0351491, 0.0691645, 0.0784121, 0.0964361, 0.20498, 0.260425, 0.993912, 1, 

111,177,0.001, 0.0248552, 0.0250314, 0.0690723, 0.071168, 0.160593, 0.0192468, 0.199045, 0.227016, 0.260425, 0.284245, 1, 

103,197,0.001, 0.0381091, 0.0351491, 0.0691645, 0.0690723, 0.16633, 0.193011, 0.272415, 0.719972, 1, 

101,231,0.001, 0.0248552, 0.0250314, 0.0690723, 0.071168, 0.123708, 0.123897, 0.191969, 0.227788, 0.274335, 0.312598, 1, 

108,183,0.001, 0.0248552, 0.0250314, 0.0690723, 0.071168, 0.123708, 0.123897, 0.191969, 0.227788, 0.274335, 0.312598, 0.492964, 1, 

102,205,0.001, 0.0248552, 0.0250314, 0.0690723, 0.133785, 0.113833, 0.193011, 0.0129521, 0.27869, 0.302751, 0.361017, 0.436899, 1, 

Generation #30
107,193,0.001, 0.0248552, 0.0250314, 0.0690723, 0.071168, 0.123708, 0.123897, 0.191969, 0.227788, 0.274335, 0.312598, 0.492964, 0.564995, 0.69986, 0.950175, 1, 

117,165,0.001, 0.0381091, 0.0351491, 0.0691645, 0.0784121, 0.0964361, 0.20498, 0.260425, 0.993912, 1, 

111,177,0.001, 0.0248552, 0.0250314, 0.0690723, 0.071168, 0.160593, 0.0192468, 0.199045, 0.227016, 0.260425, 0.284245, 1, 

103,197,0.001, 0.0381091, 0.0351491, 0.0691645, 0.0690723, 0.16633, 0.193011, 0.272415, 0.719972, 1, 

101,231,0.001, 0.0248552, 0.0250314, 0.0690723, 0.071168, 0.123708, 0.123897, 0.191969, 0.227788, 0.274335, 0.312598, 1, 

108,183,0.001, 0.0248552, 0.0250314, 0.0690723, 0.071168, 0.123708, 0.123897, 0.191969, 0.227788, 0.274335, 0.312598, 0.492964, 1, 

102,205,0.001, 0.0248552, 0.0250314, 0.0690723, 0.133785, 0.113833, 0.193011, 0.0129521, 0.27869, 0.302751, 0.361017, 0.436899, 1, 

109,179,0.001, 0.0248552, 0.0250314, 0.0690723, 0.071168, 0.123708, 0.193011, 0.20498, 0.284245, 1, 

Generation #31
107,193,0.001, 0.0248552, 0.0250314, 0.0690723, 0.071168, 0.123708, 0.123897, 0.191969, 0.227788, 0.274335, 0.312598, 0.492964, 0.564995, 0.69986, 0.950175, 1, 

117,165,0.001, 0.0381091, 0.0351491, 0.0691645, 0.0784121, 0.0964361, 0.20498, 0.260425, 0.993912, 1, 

111,177,0.001, 0.0248552, 0.0250314, 0.0690723, 0.071168, 0.160593, 0.0192468, 0.199045, 0.227016, 0.260425, 0.284245, 1, 

103,197,0.001, 0.0381091, 0.0351491, 0.0691645, 0.0690723, 0.16633, 0.193011, 0.272415, 0.719972, 1, 

101,231,0.001, 0.0248552, 0.0250314, 0.0690723, 0.071168, 0.123708, 0.123897, 0.191969, 0.227788, 0.274335, 0.312598, 1, 

108,183,0.001, 0.0248552, 0.0250314, 0.0690723, 0.071168, 0.123708, 0.123897, 0.191969, 0.227788, 0.274335, 0.312598, 0.492964, 1, 

102,205,0.001, 0.0248552, 0.0250314, 0.0690723, 0.133785, 0.113833, 0.193011, 0.0129521, 0.27869, 0.302751, 0.361017, 0.436899, 1, 

109,179,0.001, 0.0248552, 0.0250314, 0.0690723, 0.071168, 0.123708, 0.193011, 0.20498, 0.284245, 1, 

Generation #32
107,193,0.001, 0.0248552, 0.0250314, 0.0690723, 0.071168, 0.123708, 0.123897, 0.191969, 0.227788, 0.274335, 0.312598, 0.492964, 0.564995, 0.69986, 0.950175, 1, 

117,165,0.001, 0.0381091, 0.0351491, 0.0691645, 0.0784121, 0.0964361, 0.20498, 0.260425, 0.993912, 1, 

111,177,0.001, 0.0248552, 0.0250314, 0.0690723, 0.071168, 0.160593, 0.0192468, 0.199045, 0.227016, 0.260425, 0.284245, 1, 

103,197,0.001, 0.0381091, 0.0351491, 0.0691645, 0.0690723, 0.16633, 0.193011, 0.272415, 0.719972, 1, 

101,231,0.001, 0.0248552, 0.0250314, 0.0690723, 0.071168, 0.123708, 0.123897, 0.191969, 0.227788, 0.274335, 0.312598, 1, 

108,183,0.001, 0.0248552, 0.0250314, 0.0690723, 0.071168, 0.123708, 0.123897, 0.191969, 0.227788, 0.274335, 0.312598, 0.492964, 1, 

102,205,0.001, 0.0248552, 0.0250314, 0.0690723, 0.133785, 0.113833, 0.193011, 0.0129521, 0.27869, 0.302751, 0.361017, 0.436899, 1, 

109,179,0.001, 0.0248552, 0.0250314, 0.0690723, 0.071168, 0.123708, 0.193011, 0.20498, 0.284245, 1, 

Generation #33
107,193,0.001, 0.0248552, 0.0250314, 0.0690723, 0.071168, 0.123708, 0.123897, 0.191969, 0.227788, 0.274335, 0.312598, 0.492964, 0.564995, 0.69986, 0.950175, 1, 

117,165,0.001, 0.0381091, 0.0351491, 0.0691645, 0.0784121, 0.0964361, 0.20498, 0.260425, 0.993912, 1, 

111,177,0.001, 0.0248552, 0.0250314, 0.0690723, 0.071168, 0.160593, 0.0192468, 0.199045, 0.227016, 0.260425, 0.284245, 1, 

103,197,0.001, 0.0381091, 0.0351491, 0.0691645, 0.0690723, 0.16633, 0.193011, 0.272415, 0.719972, 1, 

101,231,0.001, 0.0248552, 0.0250314, 0.0690723, 0.071168, 0.123708, 0.123897, 0.191969, 0.227788, 0.274335, 0.312598, 1, 

108,183,0.001, 0.0248552, 0.0250314, 0.0690723, 0.071168, 0.123708, 0.123897, 0.191969, 0.227788, 0.274335, 0.312598, 0.492964, 1, 

102,205,0.001, 0.0248552, 0.0250314, 0.0690723, 0.133785, 0.113833, 0.193011, 0.0129521, 0.27869, 0.302751, 0.361017, 0.436899, 1, 

109,179,0.001, 0.0248552, 0.0250314, 0.0690723, 0.071168, 0.123708, 0.193011, 0.20498, 0.284245, 1, 

Generation #34
107,193,0.001, 0.0248552, 0.0250314, 0.0690723, 0.071168, 0.123708, 0.123897, 0.191969, 0.227788, 0.274335, 0.312598, 0.492964, 0.564995, 0.69986, 0.950175, 1, 

117,165,0.001, 0.0381091, 0.0351491, 0.0691645, 0.0784121, 0.0964361, 0.20498, 0.260425, 0.993912, 1, 

111,177,0.001, 0.0248552, 0.0250314, 0.0690723, 0.071168, 0.160593, 0.0192468, 0.199045, 0.227016, 0.260425, 0.284245, 1, 

103,197,0.001, 0.0381091, 0.0351491, 0.0691645, 0.0690723, 0.16633, 0.193011, 0.272415, 0.719972, 1, 

101,231,0.001, 0.0248552, 0.0250314, 0.0690723, 0.071168, 0.123708, 0.123897, 0.191969, 0.227788, 0.274335, 0.312598, 1, 

108,183,0.001, 0.0248552, 0.0250314, 0.0690723, 0.071168, 0.123708, 0.123897, 0.191969, 0.227788, 0.274335, 0.312598, 0.492964, 1, 

102,205,0.001, 0.0248552, 0.0250314, 0.0690723, 0.133785, 0.113833, 0.193011, 0.0129521, 0.27869, 0.302751, 0.361017, 0.436899, 1, 

109,179,0.001, 0.0248552, 0.0250314, 0.0690723, 0.071168, 0.123708, 0.193011, 0.20498, 0.284245, 1, 

Generation #35
107,193,0.001, 0.0248552, 0.0250314, 0.0690723, 0.071168, 0.123708, 0.123897, 0.191969, 0.227788, 0.274335, 0.312598, 0.492964, 0.564995, 0.69986, 0.950175, 1, 

117,165,0.001, 0.0381091, 0.0351491, 0.0691645, 0.0784121, 0.0964361, 0.20498, 0.260425, 0.993912, 1, 

111,177,0.001, 0.0248552, 0.0250314, 0.0690723, 0.071168, 0.160593, 0.0192468, 0.199045, 0.227016, 0.260425, 0.284245, 1, 

103,197,0.001, 0.0381091, 0.0351491, 0.0691645, 0.0690723, 0.16633, 0.193011, 0.272415, 0.719972, 1, 

101,231,0.001, 0.0248552, 0.0250314, 0.0690723, 0.071168, 0.123708, 0.123897, 0.191969, 0.227788, 0.274335, 0.312598, 1, 

108,183,0.001, 0.0248552, 0.0250314, 0.0690723, 0.071168, 0.123708, 0.123897, 0.191969, 0.227788, 0.274335, 0.312598, 0.492964, 1, 

102,205,0.001, 0.0248552, 0.0250314, 0.0690723, 0.133785, 0.113833, 0.193011, 0.0129521, 0.27869, 0.302751, 0.361017, 0.436899, 1, 

109,179,0.001, 0.0248552, 0.0250314, 0.0690723, 0.071168, 0.123708, 0.193011, 0.20498, 0.284245, 1, 

115,167,0.001, 0.0248552, 0.0250314, 0.0690723, 0.071168, 0.160593, 0.199045, 0.227016, 0.260425, 0.284245, 1, 

Generation #36
107,193,0.001, 0.0248552, 0.0250314, 0.0690723, 0.071168, 0.123708, 0.123897, 0.191969, 0.227788, 0.274335, 0.312598, 0.492964, 0.564995, 0.69986, 0.950175, 1, 

117,165,0.001, 0.0381091, 0.0351491, 0.0691645, 0.0784121, 0.0964361, 0.20498, 0.260425, 0.993912, 1, 

111,177,0.001, 0.0248552, 0.0250314, 0.0690723, 0.071168, 0.160593, 0.0192468, 0.199045, 0.227016, 0.260425, 0.284245, 1, 

103,197,0.001, 0.0381091, 0.0351491, 0.0691645, 0.0690723, 0.16633, 0.193011, 0.272415, 0.719972, 1, 

101,231,0.001, 0.0248552, 0.0250314, 0.0690723, 0.071168, 0.123708, 0.123897, 0.191969, 0.227788, 0.274335, 0.312598, 1, 

108,183,0.001, 0.0248552, 0.0250314, 0.0690723, 0.071168, 0.123708, 0.123897, 0.191969, 0.227788, 0.274335, 0.312598, 0.492964, 1, 

102,205,0.001, 0.0248552, 0.0250314, 0.0690723, 0.133785, 0.113833, 0.193011, 0.0129521, 0.27869, 0.302751, 0.361017, 0.436899, 1, 

109,179,0.001, 0.0248552, 0.0250314, 0.0690723, 0.071168, 0.123708, 0.193011, 0.20498, 0.284245, 1, 

115,167,0.001, 0.0248552, 0.0250314, 0.0690723, 0.071168, 0.160593, 0.199045, 0.227016, 0.260425, 0.284245, 1, 

Generation #37
117,165,0.001, 0.0381091, 0.0351491, 0.0691645, 0.0784121, 0.0964361, 0.20498, 0.260425, 0.993912, 1, 

111,177,0.001, 0.0248552, 0.0250314, 0.0690723, 0.071168, 0.160593, 0.0192468, 0.199045, 0.227016, 0.260425, 0.284245, 1, 

103,197,0.001, 0.0381091, 0.0351491, 0.0691645, 0.0690723, 0.16633, 0.193011, 0.272415, 0.719972, 1, 

101,231,0.001, 0.0248552, 0.0250314, 0.0690723, 0.071168, 0.123708, 0.123897, 0.191969, 0.227788, 0.274335, 0.312598, 1, 

102,205,0.001, 0.0248552, 0.0250314, 0.0690723, 0.133785, 0.113833, 0.193011, 0.0129521, 0.27869, 0.302751, 0.361017, 0.436899, 1, 

109,179,0.001, 0.0248552, 0.0250314, 0.0690723, 0.071168, 0.123708, 0.193011, 0.20498, 0.284245, 1, 

115,167,0.001, 0.0248552, 0.0250314, 0.0690723, 0.071168, 0.160593, 0.199045, 0.227016, 0.260425, 0.284245, 1, 

106,182,0.001, 0.0248552, 0.0250314, 0.0690723, 0.071168, 0.123708, 0.193011, 0.20498, 0.284245, 1, 

Generation #38
117,165,0.001, 0.0381091, 0.0351491, 0.0691645, 0.0784121, 0.0964361, 0.20498, 0.260425, 0.993912, 1, 

111,177,0.001, 0.0248552, 0.0250314, 0.0690723, 0.071168, 0.160593, 0.0192468, 0.199045, 0.227016, 0.260425, 0.284245, 1, 

103,197,0.001, 0.0381091, 0.0351491, 0.0691645, 0.0690723, 0.16633, 0.193011, 0.272415, 0.719972, 1, 

101,231,0.001, 0.0248552, 0.0250314, 0.0690723, 0.071168, 0.123708, 0.123897, 0.191969, 0.227788, 0.274335, 0.312598, 1, 

102,205,0.001, 0.0248552, 0.0250314, 0.0690723, 0.133785, 0.113833, 0.193011, 0.0129521, 0.27869, 0.302751, 0.361017, 0.436899, 1, 

109,179,0.001, 0.0248552, 0.0250314, 0.0690723, 0.071168, 0.123708, 0.193011, 0.20498, 0.284245, 1, 

115,167,0.001, 0.0248552, 0.0250314, 0.0690723, 0.071168, 0.160593, 0.199045, 0.227016, 0.260425, 0.284245, 1, 

106,182,0.001, 0.0248552, 0.0250314, 0.0690723, 0.071168, 0.123708, 0.193011, 0.20498, 0.284245, 1, 

Generation #39
117,165,0.001, 0.0381091, 0.0351491, 0.0691645, 0.0784121, 0.0964361, 0.20498, 0.260425, 0.993912, 1, 

111,177,0.001, 0.0248552, 0.0250314, 0.0690723, 0.071168, 0.160593, 0.0192468, 0.199045, 0.227016, 0.260425, 0.284245, 1, 

103,197,0.001, 0.0381091, 0.0351491, 0.0691645, 0.0690723, 0.16633, 0.193011, 0.272415, 0.719972, 1, 

101,231,0.001, 0.0248552, 0.0250314, 0.0690723, 0.071168, 0.123708, 0.123897, 0.191969, 0.227788, 0.274335, 0.312598, 1, 

102,205,0.001, 0.0248552, 0.0250314, 0.0690723, 0.133785, 0.113833, 0.193011, 0.0129521, 0.27869, 0.302751, 0.361017, 0.436899, 1, 

109,179,0.001, 0.0248552, 0.0250314, 0.0690723, 0.071168, 0.123708, 0.193011, 0.20498, 0.284245, 1, 

115,167,0.001, 0.0248552, 0.0250314, 0.0690723, 0.071168, 0.160593, 0.199045, 0.227016, 0.260425, 0.284245, 1, 

106,182,0.001, 0.0248552, 0.0250314, 0.0690723, 0.071168, 0.123708, 0.193011, 0.20498, 0.284245, 1, 

Generation #40
117,165,0.001, 0.0381091, 0.0351491, 0.0691645, 0.0784121, 0.0964361, 0.20498, 0.260425, 0.993912, 1, 

111,177,0.001, 0.0248552, 0.0250314, 0.0690723, 0.071168, 0.160593, 0.0192468, 0.199045, 0.227016, 0.260425, 0.284245, 1, 

103,197,0.001, 0.0381091, 0.0351491, 0.0691645, 0.0690723, 0.16633, 0.193011, 0.272415, 0.719972, 1, 

101,231,0.001, 0.0248552, 0.0250314, 0.0690723, 0.071168, 0.123708, 0.123897, 0.191969, 0.227788, 0.274335, 0.312598, 1, 

102,205,0.001, 0.0248552, 0.0250314, 0.0690723, 0.133785, 0.113833, 0.193011, 0.0129521, 0.27869, 0.302751, 0.361017, 0.436899, 1, 

109,179,0.001, 0.0248552, 0.0250314, 0.0690723, 0.071168, 0.123708, 0.193011, 0.20498, 0.284245, 1, 

115,167,0.001, 0.0248552, 0.0250314, 0.0690723, 0.071168, 0.160593, 0.199045, 0.227016, 0.260425, 0.284245, 1, 

106,182,0.001, 0.0248552, 0.0250314, 0.0690723, 0.071168, 0.123708, 0.193011, 0.20498, 0.284245, 1, 

Generation #41
117,165,0.001, 0.0381091, 0.0351491, 0.0691645, 0.0784121, 0.0964361, 0.20498, 0.260425, 0.993912, 1, 

111,177,0.001, 0.0248552, 0.0250314, 0.0690723, 0.071168, 0.160593, 0.0192468, 0.199045, 0.227016, 0.260425, 0.284245, 1, 

103,197,0.001, 0.0381091, 0.0351491, 0.0691645, 0.0690723, 0.16633, 0.193011, 0.272415, 0.719972, 1, 

101,231,0.001, 0.0248552, 0.0250314, 0.0690723, 0.071168, 0.123708, 0.123897, 0.191969, 0.227788, 0.274335, 0.312598, 1, 

102,205,0.001, 0.0248552, 0.0250314, 0.0690723, 0.133785, 0.113833, 0.193011, 0.0129521, 0.27869, 0.302751, 0.361017, 0.436899, 1, 

109,179,0.001, 0.0248552, 0.0250314, 0.0690723, 0.071168, 0.123708, 0.193011, 0.20498, 0.284245, 1, 

115,167,0.001, 0.0248552, 0.0250314, 0.0690723, 0.071168, 0.160593, 0.199045, 0.227016, 0.260425, 0.284245, 1, 

106,182,0.001, 0.0248552, 0.0250314, 0.0690723, 0.071168, 0.123708, 0.193011, 0.20498, 0.284245, 1, 

114,171,0.001, 0.0248552, 0.0250314, 0.0690723, 0.071168, 0.123708, 0.123897, 0.191969, 0.227788, 0.274335, 0.492964, 0.564995, 0.69986, 0.950175, 1, 

Generation #42
117,165,0.001, 0.0381091, 0.0351491, 0.0691645, 0.0784121, 0.0964361, 0.20498, 0.260425, 0.993912, 1, 

111,177,0.001, 0.0248552, 0.0250314, 0.0690723, 0.071168, 0.160593, 0.0192468, 0.199045, 0.227016, 0.260425, 0.284245, 1, 

103,197,0.001, 0.0381091, 0.0351491, 0.0691645, 0.0690723, 0.16633, 0.193011, 0.272415, 0.719972, 1, 

101,231,0.001, 0.0248552, 0.0250314, 0.0690723, 0.071168, 0.123708, 0.123897, 0.191969, 0.227788, 0.274335, 0.312598, 1, 

102,205,0.001, 0.0248552, 0.0250314, 0.0690723, 0.133785, 0.113833, 0.193011, 0.0129521, 0.27869, 0.302751, 0.361017, 0.436899, 1, 

109,179,0.001, 0.0248552, 0.0250314, 0.0690723, 0.071168, 0.123708, 0.193011, 0.20498, 0.284245, 1, 

115,167,0.001, 0.0248552, 0.0250314, 0.0690723, 0.071168, 0.160593, 0.199045, 0.227016, 0.260425, 0.284245, 1, 

106,182,0.001, 0.0248552, 0.0250314, 0.0690723, 0.071168, 0.123708, 0.193011, 0.20498, 0.284245, 1, 

114,171,0.001, 0.0248552, 0.0250314, 0.0690723, 0.071168, 0.123708, 0.123897, 0.191969, 0.227788, 0.274335, 0.492964, 0.564995, 0.69986, 0.950175, 1, 

Generation #43
117,165,0.001, 0.0381091, 0.0351491, 0.0691645, 0.0784121, 0.0964361, 0.20498, 0.260425, 0.993912, 1, 

103,197,0.001, 0.0381091, 0.0351491, 0.0691645, 0.0690723, 0.16633, 0.193011, 0.272415, 0.719972, 1, 

101,231,0.001, 0.0248552, 0.0250314, 0.0690723, 0.071168, 0.123708, 0.123897, 0.191969, 0.227788, 0.274335, 0.312598, 1, 

102,205,0.001, 0.0248552, 0.0250314, 0.0690723, 0.133785, 0.113833, 0.193011, 0.0129521, 0.27869, 0.302751, 0.361017, 0.436899, 1, 

109,179,0.001, 0.0248552, 0.0250314, 0.0690723, 0.071168, 0.123708, 0.193011, 0.20498, 0.284245, 1, 

115,167,0.001, 0.0248552, 0.0250314, 0.0690723, 0.071168, 0.160593, 0.199045, 0.227016, 0.260425, 0.284245, 1, 

106,182,0.001, 0.0248552, 0.0250314, 0.0690723, 0.071168, 0.123708, 0.193011, 0.20498, 0.284245, 1, 

114,171,0.001, 0.0248552, 0.0250314, 0.0690723, 0.071168, 0.123708, 0.123897, 0.191969, 0.227788, 0.274335, 0.492964, 0.564995, 0.69986, 0.950175, 1, 

110,176,0.001, 0.0248552, 0.0250314, 0.0690723, 0.071168, 0.123897, 0.191969, 0.19157, 0.302751, 0.361017, 0.436899, 1, 

Generation #44
117,165,0.001, 0.0381091, 0.0351491, 0.0691645, 0.0784121, 0.0964361, 0.20498, 0.260425, 0.993912, 1, 

103,197,0.001, 0.0381091, 0.0351491, 0.0691645, 0.0690723, 0.16633, 0.193011, 0.272415, 0.719972, 1, 

101,231,0.001, 0.0248552, 0.0250314, 0.0690723, 0.071168, 0.123708, 0.123897, 0.191969, 0.227788, 0.274335, 0.312598, 1, 

102,205,0.001, 0.0248552, 0.0250314, 0.0690723, 0.133785, 0.113833, 0.193011, 0.0129521, 0.27869, 0.302751, 0.361017, 0.436899, 1, 

115,167,0.001, 0.0248552, 0.0250314, 0.0690723, 0.071168, 0.160593, 0.199045, 0.227016, 0.260425, 0.284245, 1, 

114,171,0.001, 0.0248552, 0.0250314, 0.0690723, 0.071168, 0.123708, 0.123897, 0.191969, 0.227788, 0.274335, 0.492964, 0.564995, 0.69986, 0.950175, 1, 

106,178,0.001, 0.0248552, 0.0250314, 0.0690723, 0.071168, 0.123708, 0.123897, 0.247181, 0.227788, 0.284245, 1, 

108,174,0.001, 0.0248552, 0.0250314, 0.0690723, 0.071168, 0.123708, 0.193011, 0.191969, 0.227788, 0.274335, 0.361017, 0.436899, 1, 

Generation #45
117,165,0.001, 0.0381091, 0.0351491, 0.0691645, 0.0784121, 0.0964361, 0.20498, 0.260425, 0.993912, 1, 

103,197,0.001, 0.0381091, 0.0351491, 0.0691645, 0.0690723, 0.16633, 0.193011, 0.272415, 0.719972, 1, 

101,231,0.001, 0.0248552, 0.0250314, 0.0690723, 0.071168, 0.123708, 0.123897, 0.191969, 0.227788, 0.274335, 0.312598, 1, 

102,205,0.001, 0.0248552, 0.0250314, 0.0690723, 0.133785, 0.113833, 0.193011, 0.0129521, 0.27869, 0.302751, 0.361017, 0.436899, 1, 

115,167,0.001, 0.0248552, 0.0250314, 0.0690723, 0.071168, 0.160593, 0.199045, 0.227016, 0.260425, 0.284245, 1, 

114,171,0.001, 0.0248552, 0.0250314, 0.0690723, 0.071168, 0.123708, 0.123897, 0.191969, 0.227788, 0.274335, 0.492964, 0.564995, 0.69986, 0.950175, 1, 

106,178,0.001, 0.0248552, 0.0250314, 0.0690723, 0.071168, 0.123708, 0.123897, 0.247181, 0.227788, 0.284245, 1, 

108,174,0.001, 0.0248552, 0.0250314, 0.0690723, 0.071168, 0.123708, 0.193011, 0.191969, 0.227788, 0.274335, 0.361017, 0.436899, 1, 

Generation #46
117,165,0.001, 0.0381091, 0.0351491, 0.0691645, 0.0784121, 0.0964361, 0.20498, 0.260425, 0.993912, 1, 

103,197,0.001, 0.0381091, 0.0351491, 0.0691645, 0.0690723, 0.16633, 0.193011, 0.272415, 0.719972, 1, 

101,231,0.001, 0.0248552, 0.0250314, 0.0690723, 0.071168, 0.123708, 0.123897, 0.191969, 0.227788, 0.274335, 0.312598, 1, 

102,205,0.001, 0.0248552, 0.0250314, 0.0690723, 0.133785, 0.113833, 0.193011, 0.0129521, 0.27869, 0.302751, 0.361017, 0.436899, 1, 

115,167,0.001, 0.0248552, 0.0250314, 0.0690723, 0.071168, 0.160593, 0.199045, 0.227016, 0.260425, 0.284245, 1, 

106,178,0.001, 0.0248552, 0.0250314, 0.0690723, 0.071168, 0.123708, 0.123897, 0.247181, 0.227788, 0.284245, 1, 

107,169,0.001, 0.0381091, 0.0351491, 0.0691645, 0.0690723, 0.16633, 0.193011, 0.227016, 0.27869, 0.302751, 0.361017, 0.436899, 1, 

Generation #47
117,165,0.001, 0.0381091, 0.0351491, 0.0691645, 0.0784121, 0.0964361, 0.20498, 0.260425, 0.993912, 1, 

103,197,0.001, 0.0381091, 0.0351491, 0.0691645, 0.0690723, 0.16633, 0.193011, 0.272415, 0.719972, 1, 

101,231,0.001, 0.0248552, 0.0250314, 0.0690723, 0.071168, 0.123708, 0.123897, 0.191969, 0.227788, 0.274335, 0.312598, 1, 

102,205,0.001, 0.0248552, 0.0250314, 0.0690723, 0.133785, 0.113833, 0.193011, 0.0129521, 0.27869, 0.302751, 0.361017, 0.436899, 1, 

115,167,0.001, 0.0248552, 0.0250314, 0.0690723, 0.071168, 0.160593, 0.199045, 0.227016, 0.260425, 0.284245, 1, 

106,178,0.001, 0.0248552, 0.0250314, 0.0690723, 0.071168, 0.123708, 0.123897, 0.247181, 0.227788, 0.284245, 1, 

107,169,0.001, 0.0381091, 0.0351491, 0.0691645, 0.0690723, 0.16633, 0.193011, 0.227016, 0.27869, 0.302751, 0.361017, 0.436899, 1, 

Generation #48
117,165,0.001, 0.0381091, 0.0351491, 0.0691645, 0.0784121, 0.0964361, 0.20498, 0.260425, 0.993912, 1, 

103,197,0.001, 0.0381091, 0.0351491, 0.0691645, 0.0690723, 0.16633, 0.193011, 0.272415, 0.719972, 1, 

101,231,0.001, 0.0248552, 0.0250314, 0.0690723, 0.071168, 0.123708, 0.123897, 0.191969, 0.227788, 0.274335, 0.312598, 1, 

102,205,0.001, 0.0248552, 0.0250314, 0.0690723, 0.133785, 0.113833, 0.193011, 0.0129521, 0.27869, 0.302751, 0.361017, 0.436899, 1, 

115,167,0.001, 0.0248552, 0.0250314, 0.0690723, 0.071168, 0.160593, 0.199045, 0.227016, 0.260425, 0.284245, 1, 

106,178,0.001, 0.0248552, 0.0250314, 0.0690723, 0.071168, 0.123708, 0.123897, 0.247181, 0.227788, 0.284245, 1, 

107,169,0.001, 0.0381091, 0.0351491, 0.0691645, 0.0690723, 0.16633, 0.193011, 0.227016, 0.27869, 0.302751, 0.361017, 0.436899, 1, 

Generation #49
117,165,0.001, 0.0381091, 0.0351491, 0.0691645, 0.0784121, 0.0964361, 0.20498, 0.260425, 0.993912, 1, 

103,197,0.001, 0.0381091, 0.0351491, 0.0691645, 0.0690723, 0.16633, 0.193011, 0.272415, 0.719972, 1, 

101,231,0.001, 0.0248552, 0.0250314, 0.0690723, 0.071168, 0.123708, 0.123897, 0.191969, 0.227788, 0.274335, 0.312598, 1, 

102,205,0.001, 0.0248552, 0.0250314, 0.0690723, 0.133785, 0.113833, 0.193011, 0.0129521, 0.27869, 0.302751, 0.361017, 0.436899, 1, 

115,167,0.001, 0.0248552, 0.0250314, 0.0690723, 0.071168, 0.160593, 0.199045, 0.227016, 0.260425, 0.284245, 1, 

106,178,0.001, 0.0248552, 0.0250314, 0.0690723, 0.071168, 0.123708, 0.123897, 0.247181, 0.227788, 0.284245, 1, 

107,169,0.001, 0.0381091, 0.0351491, 0.0691645, 0.0690723, 0.16633, 0.193011, 0.227016, 0.27869, 0.302751, 0.361017, 0.436899, 1, 

--- Pareto Front Solutions ---
Solution 0: N total=237 (N_initial=120, N_added=117), Time total=176 ms, Saved to: ./results/Wireless_t2_l4_pareto_0.csv, percents=0.001, 0.0381091, 0.0351491, 0.0691645, 0.0784121, 0.0964361, 0.20498, 0.260425, 0.993912, 1, 

Solution 1: N total=223 (N_initial=120, N_added=103), Time total=208 ms, Saved to: ./results/Wireless_t2_l4_pareto_1.csv, percents=0.001, 0.0381091, 0.0351491, 0.0691645, 0.0690723, 0.16633, 0.193011, 0.272415, 0.719972, 1, 

Solution 2: N total=221 (N_initial=120, N_added=101), Time total=242 ms, Saved to: ./results/Wireless_t2_l4_pareto_2.csv, percents=0.001, 0.0248552, 0.0250314, 0.0690723, 0.071168, 0.123708, 0.123897, 0.191969, 0.227788, 0.274335, 0.312598, 1, 

Solution 3: N total=222 (N_initial=120, N_added=102), Time total=216 ms, Saved to: ./results/Wireless_t2_l4_pareto_3.csv, percents=0.001, 0.0248552, 0.0250314, 0.0690723, 0.133785, 0.113833, 0.193011, 0.0129521, 0.27869, 0.302751, 0.361017, 0.436899, 1, 

Solution 4: N total=235 (N_initial=120, N_added=115), Time total=178 ms, Saved to: ./results/Wireless_t2_l4_pareto_4.csv, percents=0.001, 0.0248552, 0.0250314, 0.0690723, 0.071168, 0.160593, 0.199045, 0.227016, 0.260425, 0.284245, 1, 

Solution 5: N total=226 (N_initial=120, N_added=106), Time total=189 ms, Saved to: ./results/Wireless_t2_l4_pareto_5.csv, percents=0.001, 0.0248552, 0.0250314, 0.0690723, 0.071168, 0.123708, 0.123897, 0.247181, 0.227788, 0.284245, 1, 

Solution 6: N total=227 (N_initial=120, N_added=107), Time total=180 ms, Saved to: ./results/Wireless_t2_l4_pareto_6.csv, percents=0.001, 0.0381091, 0.0351491, 0.0691645, 0.0690723, 0.16633, 0.193011, 0.227016, 0.27869, 0.302751, 0.361017, 0.436899, 1, 

