------------d=1, t=2, lambda=1, filename=./evaluation/Wireless/Wireless_2_1.csv------------
Computing partitioned counts of d-sets...
Ready to look at pairs based on partitioned counts...
First Stage N=45, Time=23
There are 9914 remaining non-locating pairs
--- Running GA Algorithm (phase2) ---
Running GA with std::execution::par
Generation #0
80,1234,0.001, 0.0266537, 0.037516, 0.040253, 0.075425, 0.14546, 0.153692, 0.211271, 0.22996, 0.248763, 0.304855, 0.31975, 0.359774, 0.379474, 0.432226, 0.493915, 0.513683, 0.525324, 0.565476, 0.629407, 0.723999, 0.748353, 0.765408, 0.783513, 0.786685, 0.826215, 0.826464, 0.845842, 0.972216, 0.993531, 1, 

79,1259,0.001, 0.0254464, 0.0366954, 0.0698214, 0.10015, 0.173493, 0.182069, 0.201765, 0.215415, 0.215567, 0.254165, 0.298254, 0.324787, 0.363879, 0.391268, 0.504137, 0.516423, 0.523615, 0.547289, 0.599489, 0.601581, 0.63591, 0.637151, 0.649966, 0.652885, 0.667381, 0.687122, 0.797561, 0.838927, 0.978985, 1, 

62,3429,0.001, 0.134803, 0.221837, 0.302436, 0.583685, 0.666923, 0.687387, 0.775528, 0.797689, 0.831146, 0.990146, 1, 

64,1337,0.001, 0.0485364, 0.0638381, 0.103473, 0.112512, 0.157387, 0.207509, 0.233497, 0.34024, 0.425078, 0.623749, 0.642961, 0.77327, 0.821051, 0.86027, 0.97724, 1, 

Generation #1
60,753,0.001, 0.0234395, 0.0390873, 0.0460126, 0.10239, 0.111185, 0.134715, 0.142228, 0.147769, 0.164878, 0.182603, 0.226503, 0.233886, 1, 

Generation #2
60,753,0.001, 0.0234395, 0.0390873, 0.0460126, 0.10239, 0.111185, 0.134715, 0.142228, 0.147769, 0.164878, 0.182603, 0.226503, 0.233886, 1, 

Generation #3
60,753,0.001, 0.0234395, 0.0390873, 0.0460126, 0.10239, 0.111185, 0.134715, 0.142228, 0.147769, 0.164878, 0.182603, 0.226503, 0.233886, 1, 

59,903,0.001, 0.0340047, 0.0418319, 0.0980574, 0.126465, 0.20244, 0.551303, 0.673079, 0.81168, 0.95616, 1, 

57,918,0.001, 0.0211516, 0.0392133, 0.0765168, 0.109886, 0.119161, 0.216399, 0.233497, 0.34024, 0.425078, 0.623749, 0.915786, 1, 

Generation #4
60,753,0.001, 0.0234395, 0.0390873, 0.0460126, 0.10239, 0.111185, 0.134715, 0.142228, 0.147769, 0.164878, 0.182603, 0.226503, 0.233886, 1, 

57,918,0.001, 0.0211516, 0.0392133, 0.0765168, 0.109886, 0.119161, 0.216399, 0.233497, 0.34024, 0.425078, 0.623749, 0.915786, 1, 

61,711,0.001, 0.0219461, 0.0261442, 0.0262016, 0.0663368, 0.100799, 0.164494, 0.217953, 0.230267, 0.239707, 0.475426, 0.477239, 0.511489, 0.387741, 0.387959, 1, 

58,866,0.001, 0.0234395, 0.0528152, 0.0980615, 0.106911, 0.119235, 0.150345, 0.17776, 0.247358, 0.650595, 0.503626, 0.832551, 0.789084, 1, 

Generation #5
56,623,0.001, 0.0219461, 0.0261442, 0.0262016, 0.0663368, 0.100799, 0.164494, 0.217953, 0.230267, 0.239707, 0.475426, 0.477239, 0.233886, 1, 

Generation #6
56,623,0.001, 0.0219461, 0.0261442, 0.0262016, 0.0663368, 0.100799, 0.164494, 0.217953, 0.230267, 0.239707, 0.475426, 0.477239, 0.233886, 1, 

Generation #7
56,623,0.001, 0.0219461, 0.0261442, 0.0262016, 0.0663368, 0.100799, 0.164494, 0.217953, 0.230267, 0.239707, 0.475426, 0.477239, 0.233886, 1, 

Generation #8
56,623,0.001, 0.0219461, 0.0261442, 0.0262016, 0.0663368, 0.100799, 0.164494, 0.217953, 0.230267, 0.239707, 0.475426, 0.477239, 0.233886, 1, 

Generation #9
56,623,0.001, 0.0219461, 0.0261442, 0.0262016, 0.0663368, 0.100799, 0.164494, 0.217953, 0.230267, 0.239707, 0.475426, 0.477239, 0.233886, 1, 

Generation #10
56,623,0.001, 0.0219461, 0.0261442, 0.0262016, 0.0663368, 0.100799, 0.164494, 0.217953, 0.230267, 0.239707, 0.475426, 0.477239, 0.233886, 1, 

53,783,0.001, 0.0254464, 0.0366954, 0.0698214, 0.10015, 0.173493, 0.164494, 0.217953, 0.475426, 0.477239, 0.233886, 1, 

Generation #11
56,623,0.001, 0.0219461, 0.0261442, 0.0262016, 0.0663368, 0.100799, 0.164494, 0.217953, 0.230267, 0.239707, 0.475426, 0.477239, 0.233886, 1, 

53,783,0.001, 0.0254464, 0.0366954, 0.0698214, 0.10015, 0.173493, 0.164494, 0.217953, 0.475426, 0.477239, 0.233886, 1, 

55,672,0.001, 0.0219461, 0.0261442, 0.0262016, 0.0663368, 0.100799, 0.164494, 0.217953, 0.939807, 1, 

Generation #12
56,623,0.001, 0.0219461, 0.0261442, 0.0262016, 0.0663368, 0.100799, 0.164494, 0.217953, 0.230267, 0.239707, 0.475426, 0.477239, 0.233886, 1, 

53,783,0.001, 0.0254464, 0.0366954, 0.0698214, 0.10015, 0.173493, 0.164494, 0.217953, 0.475426, 0.477239, 0.233886, 1, 

55,672,0.001, 0.0219461, 0.0261442, 0.0262016, 0.0663368, 0.100799, 0.164494, 0.217953, 0.939807, 1, 

Generation #13
56,623,0.001, 0.0219461, 0.0261442, 0.0262016, 0.0663368, 0.100799, 0.164494, 0.217953, 0.230267, 0.239707, 0.475426, 0.477239, 0.233886, 1, 

53,783,0.001, 0.0254464, 0.0366954, 0.0698214, 0.10015, 0.173493, 0.164494, 0.217953, 0.475426, 0.477239, 0.233886, 1, 

55,672,0.001, 0.0219461, 0.0261442, 0.0262016, 0.0663368, 0.100799, 0.164494, 0.217953, 0.939807, 1, 

Generation #14
56,623,0.001, 0.0219461, 0.0261442, 0.0262016, 0.0663368, 0.100799, 0.164494, 0.217953, 0.230267, 0.239707, 0.475426, 0.477239, 0.233886, 1, 

53,783,0.001, 0.0254464, 0.0366954, 0.0698214, 0.10015, 0.173493, 0.164494, 0.217953, 0.475426, 0.477239, 0.233886, 1, 

55,672,0.001, 0.0219461, 0.0261442, 0.0262016, 0.0663368, 0.100799, 0.164494, 0.217953, 0.939807, 1, 

Generation #15
56,623,0.001, 0.0219461, 0.0261442, 0.0262016, 0.0663368, 0.100799, 0.164494, 0.217953, 0.230267, 0.239707, 0.475426, 0.477239, 0.233886, 1, 

53,783,0.001, 0.0254464, 0.0366954, 0.0698214, 0.10015, 0.173493, 0.164494, 0.217953, 0.475426, 0.477239, 0.233886, 1, 

55,672,0.001, 0.0219461, 0.0261442, 0.0262016, 0.0663368, 0.100799, 0.164494, 0.217953, 0.939807, 1, 

61,578,0.001, 0.0219461, 0.0261442, 0.0460126, 0.10239, 0.111185, 0.134715, 0.142228, 0.147769, 0.164878, 0.182603, 0.226503, 0.233886, 1, 

Generation #16
56,623,0.001, 0.0219461, 0.0261442, 0.0262016, 0.0663368, 0.100799, 0.164494, 0.217953, 0.230267, 0.239707, 0.475426, 0.477239, 0.233886, 1, 

53,783,0.001, 0.0254464, 0.0366954, 0.0698214, 0.10015, 0.173493, 0.164494, 0.217953, 0.475426, 0.477239, 0.233886, 1, 

55,672,0.001, 0.0219461, 0.0261442, 0.0262016, 0.0663368, 0.100799, 0.164494, 0.217953, 0.939807, 1, 

61,578,0.001, 0.0219461, 0.0261442, 0.0460126, 0.10239, 0.111185, 0.134715, 0.142228, 0.147769, 0.164878, 0.182603, 0.226503, 0.233886, 1, 

Generation #17
56,623,0.001, 0.0219461, 0.0261442, 0.0262016, 0.0663368, 0.100799, 0.164494, 0.217953, 0.230267, 0.239707, 0.475426, 0.477239, 0.233886, 1, 

53,783,0.001, 0.0254464, 0.0366954, 0.0698214, 0.10015, 0.173493, 0.164494, 0.217953, 0.475426, 0.477239, 0.233886, 1, 

55,672,0.001, 0.0219461, 0.0261442, 0.0262016, 0.0663368, 0.100799, 0.164494, 0.217953, 0.939807, 1, 

61,578,0.001, 0.0219461, 0.0261442, 0.0460126, 0.10239, 0.111185, 0.134715, 0.142228, 0.147769, 0.164878, 0.182603, 0.226503, 0.233886, 1, 

Generation #18
56,623,0.001, 0.0219461, 0.0261442, 0.0262016, 0.0663368, 0.100799, 0.164494, 0.217953, 0.230267, 0.239707, 0.475426, 0.477239, 0.233886, 1, 

53,783,0.001, 0.0254464, 0.0366954, 0.0698214, 0.10015, 0.173493, 0.164494, 0.217953, 0.475426, 0.477239, 0.233886, 1, 

55,672,0.001, 0.0219461, 0.0261442, 0.0262016, 0.0663368, 0.100799, 0.164494, 0.217953, 0.939807, 1, 

61,578,0.001, 0.0219461, 0.0261442, 0.0460126, 0.10239, 0.111185, 0.134715, 0.142228, 0.147769, 0.164878, 0.182603, 0.226503, 0.233886, 1, 

Generation #19
56,623,0.001, 0.0219461, 0.0261442, 0.0262016, 0.0663368, 0.100799, 0.164494, 0.217953, 0.230267, 0.239707, 0.475426, 0.477239, 0.233886, 1, 

53,783,0.001, 0.0254464, 0.0366954, 0.0698214, 0.10015, 0.173493, 0.164494, 0.217953, 0.475426, 0.477239, 0.233886, 1, 

55,672,0.001, 0.0219461, 0.0261442, 0.0262016, 0.0663368, 0.100799, 0.164494, 0.217953, 0.939807, 1, 

61,578,0.001, 0.0219461, 0.0261442, 0.0460126, 0.10239, 0.111185, 0.134715, 0.142228, 0.147769, 0.164878, 0.182603, 0.226503, 0.233886, 1, 

Generation #20
56,623,0.001, 0.0219461, 0.0261442, 0.0262016, 0.0663368, 0.100799, 0.164494, 0.217953, 0.230267, 0.239707, 0.475426, 0.477239, 0.233886, 1, 

53,783,0.001, 0.0254464, 0.0366954, 0.0698214, 0.10015, 0.173493, 0.164494, 0.217953, 0.475426, 0.477239, 0.233886, 1, 

55,672,0.001, 0.0219461, 0.0261442, 0.0262016, 0.0663368, 0.100799, 0.164494, 0.217953, 0.939807, 1, 

61,578,0.001, 0.0219461, 0.0261442, 0.0460126, 0.10239, 0.111185, 0.134715, 0.142228, 0.147769, 0.164878, 0.182603, 0.226503, 0.233886, 1, 

59,602,0.001, 0.0219461, 0.0392133, 0.0262016, 0.0663368, 0.100799, 0.164494, 0.217953, 0.239707, 0.475426, 0.477239, 0.41626, 0.233886, 1, 

Generation #21
56,623,0.001, 0.0219461, 0.0261442, 0.0262016, 0.0663368, 0.100799, 0.164494, 0.217953, 0.230267, 0.239707, 0.475426, 0.477239, 0.233886, 1, 

53,783,0.001, 0.0254464, 0.0366954, 0.0698214, 0.10015, 0.173493, 0.164494, 0.217953, 0.475426, 0.477239, 0.233886, 1, 

55,672,0.001, 0.0219461, 0.0261442, 0.0262016, 0.0663368, 0.100799, 0.164494, 0.217953, 0.939807, 1, 

61,578,0.001, 0.0219461, 0.0261442, 0.0460126, 0.10239, 0.111185, 0.134715, 0.142228, 0.147769, 0.164878, 0.182603, 0.226503, 0.233886, 1, 

59,602,0.001, 0.0219461, 0.0392133, 0.0262016, 0.0663368, 0.100799, 0.164494, 0.217953, 0.239707, 0.475426, 0.477239, 0.41626, 0.233886, 1, 

Generation #22
56,623,0.001, 0.0219461, 0.0261442, 0.0262016, 0.0663368, 0.100799, 0.164494, 0.217953, 0.230267, 0.239707, 0.475426, 0.477239, 0.233886, 1, 

53,783,0.001, 0.0254464, 0.0366954, 0.0698214, 0.10015, 0.173493, 0.164494, 0.217953, 0.475426, 0.477239, 0.233886, 1, 

55,672,0.001, 0.0219461, 0.0261442, 0.0262016, 0.0663368, 0.100799, 0.164494, 0.217953, 0.939807, 1, 

61,578,0.001, 0.0219461, 0.0261442, 0.0460126, 0.10239, 0.111185, 0.134715, 0.142228, 0.147769, 0.164878, 0.182603, 0.226503, 0.233886, 1, 

59,602,0.001, 0.0219461, 0.0392133, 0.0262016, 0.0663368, 0.100799, 0.164494, 0.217953, 0.239707, 0.475426, 0.477239, 0.41626, 0.233886, 1, 

Generation #23
56,623,0.001, 0.0219461, 0.0261442, 0.0262016, 0.0663368, 0.100799, 0.164494, 0.217953, 0.230267, 0.239707, 0.475426, 0.477239, 0.233886, 1, 

53,783,0.001, 0.0254464, 0.0366954, 0.0698214, 0.10015, 0.173493, 0.164494, 0.217953, 0.475426, 0.477239, 0.233886, 1, 

55,672,0.001, 0.0219461, 0.0261442, 0.0262016, 0.0663368, 0.100799, 0.164494, 0.217953, 0.939807, 1, 

61,578,0.001, 0.0219461, 0.0261442, 0.0460126, 0.10239, 0.111185, 0.134715, 0.142228, 0.147769, 0.164878, 0.182603, 0.226503, 0.233886, 1, 

59,602,0.001, 0.0219461, 0.0392133, 0.0262016, 0.0663368, 0.100799, 0.164494, 0.217953, 0.239707, 0.475426, 0.477239, 0.41626, 0.233886, 1, 

Generation #24
56,623,0.001, 0.0219461, 0.0261442, 0.0262016, 0.0663368, 0.100799, 0.164494, 0.217953, 0.230267, 0.239707, 0.475426, 0.477239, 0.233886, 1, 

53,783,0.001, 0.0254464, 0.0366954, 0.0698214, 0.10015, 0.173493, 0.164494, 0.217953, 0.475426, 0.477239, 0.233886, 1, 

55,672,0.001, 0.0219461, 0.0261442, 0.0262016, 0.0663368, 0.100799, 0.164494, 0.217953, 0.939807, 1, 

61,578,0.001, 0.0219461, 0.0261442, 0.0460126, 0.10239, 0.111185, 0.134715, 0.142228, 0.147769, 0.164878, 0.182603, 0.226503, 0.233886, 1, 

59,602,0.001, 0.0219461, 0.0392133, 0.0262016, 0.0663368, 0.100799, 0.164494, 0.217953, 0.239707, 0.475426, 0.477239, 0.41626, 0.233886, 1, 

Generation #25
56,623,0.001, 0.0219461, 0.0261442, 0.0262016, 0.0663368, 0.100799, 0.164494, 0.217953, 0.230267, 0.239707, 0.475426, 0.477239, 0.233886, 1, 

53,783,0.001, 0.0254464, 0.0366954, 0.0698214, 0.10015, 0.173493, 0.164494, 0.217953, 0.475426, 0.477239, 0.233886, 1, 

55,672,0.001, 0.0219461, 0.0261442, 0.0262016, 0.0663368, 0.100799, 0.164494, 0.217953, 0.939807, 1, 

61,578,0.001, 0.0219461, 0.0261442, 0.0460126, 0.10239, 0.111185, 0.134715, 0.142228, 0.147769, 0.164878, 0.182603, 0.226503, 0.233886, 1, 

59,602,0.001, 0.0219461, 0.0392133, 0.0262016, 0.0663368, 0.100799, 0.164494, 0.217953, 0.239707, 0.475426, 0.477239, 0.41626, 0.233886, 1, 

Generation #26
56,623,0.001, 0.0219461, 0.0261442, 0.0262016, 0.0663368, 0.100799, 0.164494, 0.217953, 0.230267, 0.239707, 0.475426, 0.477239, 0.233886, 1, 

53,783,0.001, 0.0254464, 0.0366954, 0.0698214, 0.10015, 0.173493, 0.164494, 0.217953, 0.475426, 0.477239, 0.233886, 1, 

55,672,0.001, 0.0219461, 0.0261442, 0.0262016, 0.0663368, 0.100799, 0.164494, 0.217953, 0.939807, 1, 

61,578,0.001, 0.0219461, 0.0261442, 0.0460126, 0.10239, 0.111185, 0.134715, 0.142228, 0.147769, 0.164878, 0.182603, 0.226503, 0.233886, 1, 

59,602,0.001, 0.0219461, 0.0392133, 0.0262016, 0.0663368, 0.100799, 0.164494, 0.217953, 0.239707, 0.475426, 0.477239, 0.41626, 0.233886, 1, 

Generation #27
56,623,0.001, 0.0219461, 0.0261442, 0.0262016, 0.0663368, 0.100799, 0.164494, 0.217953, 0.230267, 0.239707, 0.475426, 0.477239, 0.233886, 1, 

53,783,0.001, 0.0254464, 0.0366954, 0.0698214, 0.10015, 0.173493, 0.164494, 0.217953, 0.475426, 0.477239, 0.233886, 1, 

55,672,0.001, 0.0219461, 0.0261442, 0.0262016, 0.0663368, 0.100799, 0.164494, 0.217953, 0.939807, 1, 

61,578,0.001, 0.0219461, 0.0261442, 0.0460126, 0.10239, 0.111185, 0.134715, 0.142228, 0.147769, 0.164878, 0.182603, 0.226503, 0.233886, 1, 

59,602,0.001, 0.0219461, 0.0392133, 0.0262016, 0.0663368, 0.100799, 0.164494, 0.217953, 0.239707, 0.475426, 0.477239, 0.41626, 0.233886, 1, 

Generation #28
56,623,0.001, 0.0219461, 0.0261442, 0.0262016, 0.0663368, 0.100799, 0.164494, 0.217953, 0.230267, 0.239707, 0.475426, 0.477239, 0.233886, 1, 

53,783,0.001, 0.0254464, 0.0366954, 0.0698214, 0.10015, 0.173493, 0.164494, 0.217953, 0.475426, 0.477239, 0.233886, 1, 

55,672,0.001, 0.0219461, 0.0261442, 0.0262016, 0.0663368, 0.100799, 0.164494, 0.217953, 0.939807, 1, 

61,578,0.001, 0.0219461, 0.0261442, 0.0460126, 0.10239, 0.111185, 0.134715, 0.142228, 0.147769, 0.164878, 0.182603, 0.226503, 0.233886, 1, 

59,602,0.001, 0.0219461, 0.0392133, 0.0262016, 0.0663368, 0.100799, 0.164494, 0.217953, 0.239707, 0.475426, 0.477239, 0.41626, 0.233886, 1, 

Generation #29
56,623,0.001, 0.0219461, 0.0261442, 0.0262016, 0.0663368, 0.100799, 0.164494, 0.217953, 0.230267, 0.239707, 0.475426, 0.477239, 0.233886, 1, 

53,783,0.001, 0.0254464, 0.0366954, 0.0698214, 0.10015, 0.173493, 0.164494, 0.217953, 0.475426, 0.477239, 0.233886, 1, 

55,672,0.001, 0.0219461, 0.0261442, 0.0262016, 0.0663368, 0.100799, 0.164494, 0.217953, 0.939807, 1, 

61,578,0.001, 0.0219461, 0.0261442, 0.0460126, 0.10239, 0.111185, 0.134715, 0.142228, 0.147769, 0.164878, 0.182603, 0.226503, 0.233886, 1, 

59,602,0.001, 0.0219461, 0.0392133, 0.0262016, 0.0663368, 0.100799, 0.164494, 0.217953, 0.239707, 0.475426, 0.477239, 0.41626, 0.233886, 1, 

Generation #30
56,623,0.001, 0.0219461, 0.0261442, 0.0262016, 0.0663368, 0.100799, 0.164494, 0.217953, 0.230267, 0.239707, 0.475426, 0.477239, 0.233886, 1, 

53,783,0.001, 0.0254464, 0.0366954, 0.0698214, 0.10015, 0.173493, 0.164494, 0.217953, 0.475426, 0.477239, 0.233886, 1, 

55,672,0.001, 0.0219461, 0.0261442, 0.0262016, 0.0663368, 0.100799, 0.164494, 0.217953, 0.939807, 1, 

61,578,0.001, 0.0219461, 0.0261442, 0.0460126, 0.10239, 0.111185, 0.134715, 0.142228, 0.147769, 0.164878, 0.182603, 0.226503, 0.233886, 1, 

59,602,0.001, 0.0219461, 0.0392133, 0.0262016, 0.0663368, 0.100799, 0.164494, 0.217953, 0.239707, 0.475426, 0.477239, 0.41626, 0.233886, 1, 

Generation #31
56,623,0.001, 0.0219461, 0.0261442, 0.0262016, 0.0663368, 0.100799, 0.164494, 0.217953, 0.230267, 0.239707, 0.475426, 0.477239, 0.233886, 1, 

53,783,0.001, 0.0254464, 0.0366954, 0.0698214, 0.10015, 0.173493, 0.164494, 0.217953, 0.475426, 0.477239, 0.233886, 1, 

55,672,0.001, 0.0219461, 0.0261442, 0.0262016, 0.0663368, 0.100799, 0.164494, 0.217953, 0.939807, 1, 

61,578,0.001, 0.0219461, 0.0261442, 0.0460126, 0.10239, 0.111185, 0.134715, 0.142228, 0.147769, 0.164878, 0.182603, 0.226503, 0.233886, 1, 

59,602,0.001, 0.0219461, 0.0392133, 0.0262016, 0.0663368, 0.100799, 0.164494, 0.217953, 0.239707, 0.475426, 0.477239, 0.41626, 0.233886, 1, 

Generation #32
56,623,0.001, 0.0219461, 0.0261442, 0.0262016, 0.0663368, 0.100799, 0.164494, 0.217953, 0.230267, 0.239707, 0.475426, 0.477239, 0.233886, 1, 

53,783,0.001, 0.0254464, 0.0366954, 0.0698214, 0.10015, 0.173493, 0.164494, 0.217953, 0.475426, 0.477239, 0.233886, 1, 

55,672,0.001, 0.0219461, 0.0261442, 0.0262016, 0.0663368, 0.100799, 0.164494, 0.217953, 0.939807, 1, 

61,578,0.001, 0.0219461, 0.0261442, 0.0460126, 0.10239, 0.111185, 0.134715, 0.142228, 0.147769, 0.164878, 0.182603, 0.226503, 0.233886, 1, 

59,602,0.001, 0.0219461, 0.0392133, 0.0262016, 0.0663368, 0.100799, 0.164494, 0.217953, 0.239707, 0.475426, 0.477239, 0.41626, 0.233886, 1, 

Generation #33
56,623,0.001, 0.0219461, 0.0261442, 0.0262016, 0.0663368, 0.100799, 0.164494, 0.217953, 0.230267, 0.239707, 0.475426, 0.477239, 0.233886, 1, 

53,783,0.001, 0.0254464, 0.0366954, 0.0698214, 0.10015, 0.173493, 0.164494, 0.217953, 0.475426, 0.477239, 0.233886, 1, 

55,672,0.001, 0.0219461, 0.0261442, 0.0262016, 0.0663368, 0.100799, 0.164494, 0.217953, 0.939807, 1, 

61,578,0.001, 0.0219461, 0.0261442, 0.0460126, 0.10239, 0.111185, 0.134715, 0.142228, 0.147769, 0.164878, 0.182603, 0.226503, 0.233886, 1, 

59,602,0.001, 0.0219461, 0.0392133, 0.0262016, 0.0663368, 0.100799, 0.164494, 0.217953, 0.239707, 0.475426, 0.477239, 0.41626, 0.233886, 1, 

Generation #34
56,623,0.001, 0.0219461, 0.0261442, 0.0262016, 0.0663368, 0.100799, 0.164494, 0.217953, 0.230267, 0.239707, 0.475426, 0.477239, 0.233886, 1, 

53,783,0.001, 0.0254464, 0.0366954, 0.0698214, 0.10015, 0.173493, 0.164494, 0.217953, 0.475426, 0.477239, 0.233886, 1, 

55,672,0.001, 0.0219461, 0.0261442, 0.0262016, 0.0663368, 0.100799, 0.164494, 0.217953, 0.939807, 1, 

61,578,0.001, 0.0219461, 0.0261442, 0.0460126, 0.10239, 0.111185, 0.134715, 0.142228, 0.147769, 0.164878, 0.182603, 0.226503, 0.233886, 1, 

59,602,0.001, 0.0219461, 0.0392133, 0.0262016, 0.0663368, 0.100799, 0.164494, 0.217953, 0.239707, 0.475426, 0.477239, 0.41626, 0.233886, 1, 

Generation #35
56,623,0.001, 0.0219461, 0.0261442, 0.0262016, 0.0663368, 0.100799, 0.164494, 0.217953, 0.230267, 0.239707, 0.475426, 0.477239, 0.233886, 1, 

53,783,0.001, 0.0254464, 0.0366954, 0.0698214, 0.10015, 0.173493, 0.164494, 0.217953, 0.475426, 0.477239, 0.233886, 1, 

55,672,0.001, 0.0219461, 0.0261442, 0.0262016, 0.0663368, 0.100799, 0.164494, 0.217953, 0.939807, 1, 

61,578,0.001, 0.0219461, 0.0261442, 0.0460126, 0.10239, 0.111185, 0.134715, 0.142228, 0.147769, 0.164878, 0.182603, 0.226503, 0.233886, 1, 

59,602,0.001, 0.0219461, 0.0392133, 0.0262016, 0.0663368, 0.100799, 0.164494, 0.217953, 0.239707, 0.475426, 0.477239, 0.41626, 0.233886, 1, 

Generation #36
56,623,0.001, 0.0219461, 0.0261442, 0.0262016, 0.0663368, 0.100799, 0.164494, 0.217953, 0.230267, 0.239707, 0.475426, 0.477239, 0.233886, 1, 

53,783,0.001, 0.0254464, 0.0366954, 0.0698214, 0.10015, 0.173493, 0.164494, 0.217953, 0.475426, 0.477239, 0.233886, 1, 

55,672,0.001, 0.0219461, 0.0261442, 0.0262016, 0.0663368, 0.100799, 0.164494, 0.217953, 0.939807, 1, 

61,578,0.001, 0.0219461, 0.0261442, 0.0460126, 0.10239, 0.111185, 0.134715, 0.142228, 0.147769, 0.164878, 0.182603, 0.226503, 0.233886, 1, 

59,602,0.001, 0.0219461, 0.0392133, 0.0262016, 0.0663368, 0.100799, 0.164494, 0.217953, 0.239707, 0.475426, 0.477239, 0.41626, 0.233886, 1, 

Generation #37
56,623,0.001, 0.0219461, 0.0261442, 0.0262016, 0.0663368, 0.100799, 0.164494, 0.217953, 0.230267, 0.239707, 0.475426, 0.477239, 0.233886, 1, 

53,783,0.001, 0.0254464, 0.0366954, 0.0698214, 0.10015, 0.173493, 0.164494, 0.217953, 0.475426, 0.477239, 0.233886, 1, 

55,672,0.001, 0.0219461, 0.0261442, 0.0262016, 0.0663368, 0.100799, 0.164494, 0.217953, 0.939807, 1, 

61,578,0.001, 0.0219461, 0.0261442, 0.0460126, 0.10239, 0.111185, 0.134715, 0.142228, 0.147769, 0.164878, 0.182603, 0.226503, 0.233886, 1, 

59,602,0.001, 0.0219461, 0.0392133, 0.0262016, 0.0663368, 0.100799, 0.164494, 0.217953, 0.239707, 0.475426, 0.477239, 0.41626, 0.233886, 1, 

57,621,0.001, 0.0219461, 0.0261442, 0.0262016, 0.0663368, 0.100799, 0.14088, 0.150345, 0.17776, 0.239707, 0.477239, 0.233886, 1, 

Generation #38
56,623,0.001, 0.0219461, 0.0261442, 0.0262016, 0.0663368, 0.100799, 0.164494, 0.217953, 0.230267, 0.239707, 0.475426, 0.477239, 0.233886, 1, 

53,783,0.001, 0.0254464, 0.0366954, 0.0698214, 0.10015, 0.173493, 0.164494, 0.217953, 0.475426, 0.477239, 0.233886, 1, 

55,672,0.001, 0.0219461, 0.0261442, 0.0262016, 0.0663368, 0.100799, 0.164494, 0.217953, 0.939807, 1, 

61,578,0.001, 0.0219461, 0.0261442, 0.0460126, 0.10239, 0.111185, 0.134715, 0.142228, 0.147769, 0.164878, 0.182603, 0.226503, 0.233886, 1, 

59,602,0.001, 0.0219461, 0.0392133, 0.0262016, 0.0663368, 0.100799, 0.164494, 0.217953, 0.239707, 0.475426, 0.477239, 0.41626, 0.233886, 1, 

57,621,0.001, 0.0219461, 0.0261442, 0.0262016, 0.0663368, 0.100799, 0.14088, 0.150345, 0.17776, 0.239707, 0.477239, 0.233886, 1, 

Generation #39
56,623,0.001, 0.0219461, 0.0261442, 0.0262016, 0.0663368, 0.100799, 0.164494, 0.217953, 0.230267, 0.239707, 0.475426, 0.477239, 0.233886, 1, 

53,783,0.001, 0.0254464, 0.0366954, 0.0698214, 0.10015, 0.173493, 0.164494, 0.217953, 0.475426, 0.477239, 0.233886, 1, 

55,672,0.001, 0.0219461, 0.0261442, 0.0262016, 0.0663368, 0.100799, 0.164494, 0.217953, 0.939807, 1, 

61,578,0.001, 0.0219461, 0.0261442, 0.0460126, 0.10239, 0.111185, 0.134715, 0.142228, 0.147769, 0.164878, 0.182603, 0.226503, 0.233886, 1, 

59,602,0.001, 0.0219461, 0.0392133, 0.0262016, 0.0663368, 0.100799, 0.164494, 0.217953, 0.239707, 0.475426, 0.477239, 0.41626, 0.233886, 1, 

57,621,0.001, 0.0219461, 0.0261442, 0.0262016, 0.0663368, 0.100799, 0.14088, 0.150345, 0.17776, 0.239707, 0.477239, 0.233886, 1, 

Generation #40
56,623,0.001, 0.0219461, 0.0261442, 0.0262016, 0.0663368, 0.100799, 0.164494, 0.217953, 0.230267, 0.239707, 0.475426, 0.477239, 0.233886, 1, 

53,783,0.001, 0.0254464, 0.0366954, 0.0698214, 0.10015, 0.173493, 0.164494, 0.217953, 0.475426, 0.477239, 0.233886, 1, 

55,672,0.001, 0.0219461, 0.0261442, 0.0262016, 0.0663368, 0.100799, 0.164494, 0.217953, 0.939807, 1, 

61,578,0.001, 0.0219461, 0.0261442, 0.0460126, 0.10239, 0.111185, 0.134715, 0.142228, 0.147769, 0.164878, 0.182603, 0.226503, 0.233886, 1, 

59,602,0.001, 0.0219461, 0.0392133, 0.0262016, 0.0663368, 0.100799, 0.164494, 0.217953, 0.239707, 0.475426, 0.477239, 0.41626, 0.233886, 1, 

57,621,0.001, 0.0219461, 0.0261442, 0.0262016, 0.0663368, 0.100799, 0.14088, 0.150345, 0.17776, 0.239707, 0.477239, 0.233886, 1, 

Generation #41
56,623,0.001, 0.0219461, 0.0261442, 0.0262016, 0.0663368, 0.100799, 0.164494, 0.217953, 0.230267, 0.239707, 0.475426, 0.477239, 0.233886, 1, 

53,783,0.001, 0.0254464, 0.0366954, 0.0698214, 0.10015, 0.173493, 0.164494, 0.217953, 0.475426, 0.477239, 0.233886, 1, 

55,672,0.001, 0.0219461, 0.0261442, 0.0262016, 0.0663368, 0.100799, 0.164494, 0.217953, 0.939807, 1, 

61,578,0.001, 0.0219461, 0.0261442, 0.0460126, 0.10239, 0.111185, 0.134715, 0.142228, 0.147769, 0.164878, 0.182603, 0.226503, 0.233886, 1, 

59,602,0.001, 0.0219461, 0.0392133, 0.0262016, 0.0663368, 0.100799, 0.164494, 0.217953, 0.239707, 0.475426, 0.477239, 0.41626, 0.233886, 1, 

57,621,0.001, 0.0219461, 0.0261442, 0.0262016, 0.0663368, 0.100799, 0.14088, 0.150345, 0.17776, 0.239707, 0.477239, 0.233886, 1, 

Generation #42
56,623,0.001, 0.0219461, 0.0261442, 0.0262016, 0.0663368, 0.100799, 0.164494, 0.217953, 0.230267, 0.239707, 0.475426, 0.477239, 0.233886, 1, 

53,783,0.001, 0.0254464, 0.0366954, 0.0698214, 0.10015, 0.173493, 0.164494, 0.217953, 0.475426, 0.477239, 0.233886, 1, 

55,672,0.001, 0.0219461, 0.0261442, 0.0262016, 0.0663368, 0.100799, 0.164494, 0.217953, 0.939807, 1, 

61,578,0.001, 0.0219461, 0.0261442, 0.0460126, 0.10239, 0.111185, 0.134715, 0.142228, 0.147769, 0.164878, 0.182603, 0.226503, 0.233886, 1, 

59,602,0.001, 0.0219461, 0.0392133, 0.0262016, 0.0663368, 0.100799, 0.164494, 0.217953, 0.239707, 0.475426, 0.477239, 0.41626, 0.233886, 1, 

57,621,0.001, 0.0219461, 0.0261442, 0.0262016, 0.0663368, 0.100799, 0.14088, 0.150345, 0.17776, 0.239707, 0.477239, 0.233886, 1, 

Generation #43
56,623,0.001, 0.0219461, 0.0261442, 0.0262016, 0.0663368, 0.100799, 0.164494, 0.217953, 0.230267, 0.239707, 0.475426, 0.477239, 0.233886, 1, 

53,783,0.001, 0.0254464, 0.0366954, 0.0698214, 0.10015, 0.173493, 0.164494, 0.217953, 0.475426, 0.477239, 0.233886, 1, 

55,672,0.001, 0.0219461, 0.0261442, 0.0262016, 0.0663368, 0.100799, 0.164494, 0.217953, 0.939807, 1, 

61,578,0.001, 0.0219461, 0.0261442, 0.0460126, 0.10239, 0.111185, 0.134715, 0.142228, 0.147769, 0.164878, 0.182603, 0.226503, 0.233886, 1, 

59,602,0.001, 0.0219461, 0.0392133, 0.0262016, 0.0663368, 0.100799, 0.164494, 0.217953, 0.239707, 0.475426, 0.477239, 0.41626, 0.233886, 1, 

57,621,0.001, 0.0219461, 0.0261442, 0.0262016, 0.0663368, 0.100799, 0.14088, 0.150345, 0.17776, 0.239707, 0.477239, 0.233886, 1, 

Generation #44
56,623,0.001, 0.0219461, 0.0261442, 0.0262016, 0.0663368, 0.100799, 0.164494, 0.217953, 0.230267, 0.239707, 0.475426, 0.477239, 0.233886, 1, 

53,783,0.001, 0.0254464, 0.0366954, 0.0698214, 0.10015, 0.173493, 0.164494, 0.217953, 0.475426, 0.477239, 0.233886, 1, 

55,672,0.001, 0.0219461, 0.0261442, 0.0262016, 0.0663368, 0.100799, 0.164494, 0.217953, 0.939807, 1, 

61,578,0.001, 0.0219461, 0.0261442, 0.0460126, 0.10239, 0.111185, 0.134715, 0.142228, 0.147769, 0.164878, 0.182603, 0.226503, 0.233886, 1, 

59,602,0.001, 0.0219461, 0.0392133, 0.0262016, 0.0663368, 0.100799, 0.164494, 0.217953, 0.239707, 0.475426, 0.477239, 0.41626, 0.233886, 1, 

57,621,0.001, 0.0219461, 0.0261442, 0.0262016, 0.0663368, 0.100799, 0.14088, 0.150345, 0.17776, 0.239707, 0.477239, 0.233886, 1, 

Generation #45
56,623,0.001, 0.0219461, 0.0261442, 0.0262016, 0.0663368, 0.100799, 0.164494, 0.217953, 0.230267, 0.239707, 0.475426, 0.477239, 0.233886, 1, 

53,783,0.001, 0.0254464, 0.0366954, 0.0698214, 0.10015, 0.173493, 0.164494, 0.217953, 0.475426, 0.477239, 0.233886, 1, 

55,672,0.001, 0.0219461, 0.0261442, 0.0262016, 0.0663368, 0.100799, 0.164494, 0.217953, 0.939807, 1, 

61,578,0.001, 0.0219461, 0.0261442, 0.0460126, 0.10239, 0.111185, 0.134715, 0.142228, 0.147769, 0.164878, 0.182603, 0.226503, 0.233886, 1, 

59,602,0.001, 0.0219461, 0.0392133, 0.0262016, 0.0663368, 0.100799, 0.164494, 0.217953, 0.239707, 0.475426, 0.477239, 0.41626, 0.233886, 1, 

57,621,0.001, 0.0219461, 0.0261442, 0.0262016, 0.0663368, 0.100799, 0.14088, 0.150345, 0.17776, 0.239707, 0.477239, 0.233886, 1, 

Generation #46
56,623,0.001, 0.0219461, 0.0261442, 0.0262016, 0.0663368, 0.100799, 0.164494, 0.217953, 0.230267, 0.239707, 0.475426, 0.477239, 0.233886, 1, 

53,783,0.001, 0.0254464, 0.0366954, 0.0698214, 0.10015, 0.173493, 0.164494, 0.217953, 0.475426, 0.477239, 0.233886, 1, 

55,672,0.001, 0.0219461, 0.0261442, 0.0262016, 0.0663368, 0.100799, 0.164494, 0.217953, 0.939807, 1, 

61,578,0.001, 0.0219461, 0.0261442, 0.0460126, 0.10239, 0.111185, 0.134715, 0.142228, 0.147769, 0.164878, 0.182603, 0.226503, 0.233886, 1, 

59,602,0.001, 0.0219461, 0.0392133, 0.0262016, 0.0663368, 0.100799, 0.164494, 0.217953, 0.239707, 0.475426, 0.477239, 0.41626, 0.233886, 1, 

57,621,0.001, 0.0219461, 0.0261442, 0.0262016, 0.0663368, 0.100799, 0.14088, 0.150345, 0.17776, 0.239707, 0.477239, 0.233886, 1, 

Generation #47
56,623,0.001, 0.0219461, 0.0261442, 0.0262016, 0.0663368, 0.100799, 0.164494, 0.217953, 0.230267, 0.239707, 0.475426, 0.477239, 0.233886, 1, 

53,783,0.001, 0.0254464, 0.0366954, 0.0698214, 0.10015, 0.173493, 0.164494, 0.217953, 0.475426, 0.477239, 0.233886, 1, 

55,672,0.001, 0.0219461, 0.0261442, 0.0262016, 0.0663368, 0.100799, 0.164494, 0.217953, 0.939807, 1, 

61,578,0.001, 0.0219461, 0.0261442, 0.0460126, 0.10239, 0.111185, 0.134715, 0.142228, 0.147769, 0.164878, 0.182603, 0.226503, 0.233886, 1, 

59,602,0.001, 0.0219461, 0.0392133, 0.0262016, 0.0663368, 0.100799, 0.164494, 0.217953, 0.239707, 0.475426, 0.477239, 0.41626, 0.233886, 1, 

57,621,0.001, 0.0219461, 0.0261442, 0.0262016, 0.0663368, 0.100799, 0.14088, 0.150345, 0.17776, 0.239707, 0.477239, 0.233886, 1, 

Generation #48
56,623,0.001, 0.0219461, 0.0261442, 0.0262016, 0.0663368, 0.100799, 0.164494, 0.217953, 0.230267, 0.239707, 0.475426, 0.477239, 0.233886, 1, 

53,783,0.001, 0.0254464, 0.0366954, 0.0698214, 0.10015, 0.173493, 0.164494, 0.217953, 0.475426, 0.477239, 0.233886, 1, 

55,672,0.001, 0.0219461, 0.0261442, 0.0262016, 0.0663368, 0.100799, 0.164494, 0.217953, 0.939807, 1, 

61,578,0.001, 0.0219461, 0.0261442, 0.0460126, 0.10239, 0.111185, 0.134715, 0.142228, 0.147769, 0.164878, 0.182603, 0.226503, 0.233886, 1, 

59,602,0.001, 0.0219461, 0.0392133, 0.0262016, 0.0663368, 0.100799, 0.164494, 0.217953, 0.239707, 0.475426, 0.477239, 0.41626, 0.233886, 1, 

57,621,0.001, 0.0219461, 0.0261442, 0.0262016, 0.0663368, 0.100799, 0.14088, 0.150345, 0.17776, 0.239707, 0.477239, 0.233886, 1, 

Generation #49
56,623,0.001, 0.0219461, 0.0261442, 0.0262016, 0.0663368, 0.100799, 0.164494, 0.217953, 0.230267, 0.239707, 0.475426, 0.477239, 0.233886, 1, 

53,783,0.001, 0.0254464, 0.0366954, 0.0698214, 0.10015, 0.173493, 0.164494, 0.217953, 0.475426, 0.477239, 0.233886, 1, 

55,672,0.001, 0.0219461, 0.0261442, 0.0262016, 0.0663368, 0.100799, 0.164494, 0.217953, 0.939807, 1, 

61,578,0.001, 0.0219461, 0.0261442, 0.0460126, 0.10239, 0.111185, 0.134715, 0.142228, 0.147769, 0.164878, 0.182603, 0.226503, 0.233886, 1, 

59,602,0.001, 0.0219461, 0.0392133, 0.0262016, 0.0663368, 0.100799, 0.164494, 0.217953, 0.239707, 0.475426, 0.477239, 0.41626, 0.233886, 1, 

57,621,0.001, 0.0219461, 0.0261442, 0.0262016, 0.0663368, 0.100799, 0.14088, 0.150345, 0.17776, 0.239707, 0.477239, 0.233886, 1, 

--- Pareto Front Solutions ---
Solution 0: N total=101 (N_initial=45, N_added=56), Time total=646 ms, Saved to: ./results/Wireless_t2_l1_pareto_0.csv, percents=0.001, 0.0219461, 0.0261442, 0.0262016, 0.0663368, 0.100799, 0.164494, 0.217953, 0.230267, 0.239707, 0.475426, 0.477239, 0.233886, 1, 

Solution 1: N total=98 (N_initial=45, N_added=53), Time total=806 ms, Saved to: ./results/Wireless_t2_l1_pareto_1.csv, percents=0.001, 0.0254464, 0.0366954, 0.0698214, 0.10015, 0.173493, 0.164494, 0.217953, 0.475426, 0.477239, 0.233886, 1, 

Solution 2: N total=100 (N_initial=45, N_added=55), Time total=695 ms, Saved to: ./results/Wireless_t2_l1_pareto_2.csv, percents=0.001, 0.0219461, 0.0261442, 0.0262016, 0.0663368, 0.100799, 0.164494, 0.217953, 0.939807, 1, 

Solution 3: N total=106 (N_initial=45, N_added=61), Time total=601 ms, Saved to: ./results/Wireless_t2_l1_pareto_3.csv, percents=0.001, 0.0219461, 0.0261442, 0.0460126, 0.10239, 0.111185, 0.134715, 0.142228, 0.147769, 0.164878, 0.182603, 0.226503, 0.233886, 1, 

Solution 4: N total=104 (N_initial=45, N_added=59), Time total=625 ms, Saved to: ./results/Wireless_t2_l1_pareto_4.csv, percents=0.001, 0.0219461, 0.0392133, 0.0262016, 0.0663368, 0.100799, 0.164494, 0.217953, 0.239707, 0.475426, 0.477239, 0.41626, 0.233886, 1, 

Solution 5: N total=102 (N_initial=45, N_added=57), Time total=644 ms, Saved to: ./results/Wireless_t2_l1_pareto_5.csv, percents=0.001, 0.0219461, 0.0261442, 0.0262016, 0.0663368, 0.100799, 0.14088, 0.150345, 0.17776, 0.239707, 0.477239, 0.233886, 1, 

------------d=1, t=2, lambda=2, filename=./evaluation/Wireless/Wireless_2_2.csv------------
Computing partitioned counts of d-sets...
Ready to look at pairs based on partitioned counts...
First Stage N=80, Time=11
There are 414 remaining non-locating pairs
--- Running GA Algorithm (phase2) ---
Running GA with std::execution::par
Generation #0
59,219,0.001, 0.085883, 0.107969, 0.110506, 0.111936, 0.361252, 0.402431, 0.41548, 0.452352, 0.480816, 0.666254, 0.762358, 1, 

60,182,0.001, 0.0615109, 0.0631914, 0.12603, 0.19494, 0.244475, 0.386002, 0.599135, 0.622302, 0.829412, 0.831723, 0.86487, 0.927871, 1, 

74,156,0.001, 0.048363, 0.0514801, 0.0524681, 0.107251, 0.248546, 0.263117, 0.263945, 0.264674, 0.295446, 0.302556, 0.317498, 0.39465, 0.411392, 0.439379, 0.474804, 0.511337, 0.623997, 0.671056, 0.755639, 0.786154, 0.842791, 0.883837, 0.952442, 0.987008, 1, 

81,155,0.001, 0.0860628, 0.0887698, 0.0950462, 0.110304, 0.113337, 0.201787, 0.203418, 0.347616, 0.349959, 0.377476, 0.405745, 0.511312, 0.524219, 0.628298, 0.676129, 0.682734, 0.694099, 0.712076, 0.712732, 0.73905, 0.786541, 0.79835, 0.810871, 0.855487, 0.983584, 1, 

58,633,0.001, 0.437169, 0.456126, 0.610859, 0.660506, 0.686554, 0.704956, 0.778111, 0.829933, 0.885468, 1, 

70,160,0.001, 0.0408884, 0.112387, 0.135006, 0.152078, 0.162676, 0.209009, 0.266889, 0.301022, 0.357353, 0.367451, 0.388225, 0.431143, 0.44206, 0.478118, 0.486177, 0.771672, 0.808619, 0.833507, 0.893884, 0.938396, 0.969512, 1, 

Generation #1
58,633,0.001, 0.437169, 0.456126, 0.610859, 0.660506, 0.686554, 0.704956, 0.778111, 0.829933, 0.885468, 1, 

62,143,0.001, 0.0457564, 0.0739276, 0.0861845, 0.0901762, 0.111902, 0.268679, 0.481781, 0.526343, 0.539103, 0.582271, 0.889197, 0.958551, 0.964711, 1, 

68,141,0.001, 0.0348975, 0.0699161, 0.0736487, 0.160941, 0.172678, 0.176585, 0.181939, 0.188938, 0.191619, 0.293137, 0.303051, 0.343259, 0.357889, 0.358499, 0.415788, 0.852061, 0.86125, 0.984894, 1, 

61,150,0.001, 0.0769079, 0.107084, 0.113177, 0.113389, 0.130264, 0.134845, 0.163866, 0.34931, 0.390404, 0.428483, 0.811892, 0.96119, 0.963365, 1, 

59,164,0.001, 0.0214391, 0.0793753, 0.0953746, 0.105238, 0.115196, 0.146374, 0.208398, 0.328948, 0.657591, 0.885621, 1, 

Generation #2
62,143,0.001, 0.0457564, 0.0739276, 0.0861845, 0.0901762, 0.111902, 0.268679, 0.481781, 0.526343, 0.539103, 0.582271, 0.889197, 0.958551, 0.964711, 1, 

68,141,0.001, 0.0348975, 0.0699161, 0.0736487, 0.160941, 0.172678, 0.176585, 0.181939, 0.188938, 0.191619, 0.293137, 0.303051, 0.343259, 0.357889, 0.358499, 0.415788, 0.852061, 0.86125, 0.984894, 1, 

61,150,0.001, 0.0769079, 0.107084, 0.113177, 0.113389, 0.130264, 0.134845, 0.163866, 0.34931, 0.390404, 0.428483, 0.811892, 0.96119, 0.963365, 1, 

58,153,0.001, 0.0555058, 0.0630803, 0.0953746, 0.105238, 0.115196, 0.146374, 0.208398, 0.328948, 0.657591, 0.885621, 1, 

Generation #3
56,143,0.001, 0.0555058, 0.0630803, 0.0827541, 0.103954, 0.130264, 0.134845, 0.163866, 0.34931, 0.390404, 0.428483, 0.811892, 0.963365, 1, 

61,129,0.001, 0.0555058, 0.0630803, 0.0827541, 0.154444, 0.199531, 0.229999, 0.232589, 0.298708, 0.976307, 0.924296, 0.958565, 1, 

Generation #4
56,143,0.001, 0.0555058, 0.0630803, 0.0827541, 0.103954, 0.130264, 0.134845, 0.163866, 0.34931, 0.390404, 0.428483, 0.811892, 0.963365, 1, 

61,129,0.001, 0.0555058, 0.0630803, 0.0827541, 0.154444, 0.199531, 0.229999, 0.232589, 0.298708, 0.976307, 0.924296, 0.958565, 1, 

69,121,0.001, 0.0189259, 0.0652702, 0.0729293, 0.0786801, 0.108403, 0.139208, 0.144014, 0.189314, 0.24796, 0.255498, 0.281896, 0.337129, 0.418422, 0.516147, 0.570704, 0.629499, 0.740829, 0.84549, 0.867448, 0.928776, 1, 

Generation #5
56,143,0.001, 0.0555058, 0.0630803, 0.0827541, 0.103954, 0.130264, 0.134845, 0.163866, 0.34931, 0.390404, 0.428483, 0.811892, 0.963365, 1, 

61,129,0.001, 0.0555058, 0.0630803, 0.0827541, 0.154444, 0.199531, 0.229999, 0.232589, 0.298708, 0.976307, 0.924296, 0.958565, 1, 

58,137,0.001, 0.0189259, 0.0652702, 0.0729293, 0.0786801, 0.108403, 0.139208, 0.144014, 0.189314, 0.24796, 0.549353, 0.255498, 0.281896, 1, 

62,113,0.001, 0.0189259, 0.0652702, 0.0729293, 0.0786801, 0.108403, 0.139208, 0.181939, 0.188938, 0.293137, 0.303051, 0.488977, 0.510819, 0.528624, 0.551233, 0.641356, 0.656293, 0.653219, 1, 

54,161,0.001, 0.0214391, 0.0793753, 0.113177, 0.113389, 0.130264, 0.134845, 0.163866, 0.34931, 0.390404, 0.428483, 0.811892, 0.963365, 1, 

55,154,0.001, 0.0214391, 0.0793753, 0.0953746, 0.115196, 0.146374, 0.208398, 0.328948, 0.657591, 0.885621, 1, 

Generation #6
56,143,0.001, 0.0555058, 0.0630803, 0.0827541, 0.103954, 0.130264, 0.134845, 0.163866, 0.34931, 0.390404, 0.428483, 0.811892, 0.963365, 1, 

58,137,0.001, 0.0189259, 0.0652702, 0.0729293, 0.0786801, 0.108403, 0.139208, 0.144014, 0.189314, 0.24796, 0.549353, 0.255498, 0.281896, 1, 

62,113,0.001, 0.0189259, 0.0652702, 0.0729293, 0.0786801, 0.108403, 0.139208, 0.181939, 0.188938, 0.293137, 0.303051, 0.488977, 0.510819, 0.528624, 0.551233, 0.641356, 0.656293, 0.653219, 1, 

54,161,0.001, 0.0214391, 0.0793753, 0.113177, 0.113389, 0.130264, 0.134845, 0.163866, 0.34931, 0.390404, 0.428483, 0.811892, 0.963365, 1, 

55,154,0.001, 0.0214391, 0.0793753, 0.0953746, 0.115196, 0.146374, 0.208398, 0.328948, 0.657591, 0.885621, 1, 

61,128,0.001, 0.0214391, 0.0652702, 0.0729293, 0.0786801, 0.108403, 0.139208, 0.144014, 0.189314, 0.24796, 0.106724, 0.255498, 0.281896, 1, 

Generation #7
56,143,0.001, 0.0555058, 0.0630803, 0.0827541, 0.103954, 0.130264, 0.134845, 0.163866, 0.34931, 0.390404, 0.428483, 0.811892, 0.963365, 1, 

58,137,0.001, 0.0189259, 0.0652702, 0.0729293, 0.0786801, 0.108403, 0.139208, 0.144014, 0.189314, 0.24796, 0.549353, 0.255498, 0.281896, 1, 

62,113,0.001, 0.0189259, 0.0652702, 0.0729293, 0.0786801, 0.108403, 0.139208, 0.181939, 0.188938, 0.293137, 0.303051, 0.488977, 0.510819, 0.528624, 0.551233, 0.641356, 0.656293, 0.653219, 1, 

61,128,0.001, 0.0214391, 0.0652702, 0.0729293, 0.0786801, 0.108403, 0.139208, 0.144014, 0.189314, 0.24796, 0.106724, 0.255498, 0.281896, 1, 

53,154,0.001, 0.0555058, 0.0630803, 0.0827541, 0.128004, 0.153564, 0.204479, 0.356824, 0.24796, 0.255498, 1, 

Generation #8
56,143,0.001, 0.0555058, 0.0630803, 0.0827541, 0.103954, 0.130264, 0.134845, 0.163866, 0.34931, 0.390404, 0.428483, 0.811892, 0.963365, 1, 

62,113,0.001, 0.0189259, 0.0652702, 0.0729293, 0.0786801, 0.108403, 0.139208, 0.181939, 0.188938, 0.293137, 0.303051, 0.488977, 0.510819, 0.528624, 0.551233, 0.641356, 0.656293, 0.653219, 1, 

53,154,0.001, 0.0555058, 0.0630803, 0.0827541, 0.128004, 0.153564, 0.204479, 0.356824, 0.24796, 0.255498, 1, 

61,126,0.001, 0.0214391, 0.0793753, 0.113177, 0.113389, 0.130264, 0.134845, 0.163866, 0.34931, 0.390404, 0.428483, 0.811892, 0.963365, 1, 

58,128,0.001, 0.0189259, 0.0711416, 0.0827541, 0.103954, 0.176983, 0.222414, 0.225933, 0.268188, 0.37342, 0.306394, 0.35235, 0.488977, 0.281896, 1, 

Generation #9
56,143,0.001, 0.0555058, 0.0630803, 0.0827541, 0.103954, 0.130264, 0.134845, 0.163866, 0.34931, 0.390404, 0.428483, 0.811892, 0.963365, 1, 

53,154,0.001, 0.0555058, 0.0630803, 0.0827541, 0.128004, 0.153564, 0.204479, 0.356824, 0.24796, 0.255498, 1, 

58,110,0.001, 0.0189259, 0.0652702, 0.0729293, 0.0786801, 0.108403, 0.139208, 0.181939, 0.188938, 0.328948, 0.428483, 0.811892, 0.963365, 1, 

Generation #10
56,143,0.001, 0.0555058, 0.0630803, 0.0827541, 0.103954, 0.130264, 0.134845, 0.163866, 0.34931, 0.390404, 0.428483, 0.811892, 0.963365, 1, 

53,154,0.001, 0.0555058, 0.0630803, 0.0827541, 0.128004, 0.153564, 0.204479, 0.356824, 0.24796, 0.255498, 1, 

58,110,0.001, 0.0189259, 0.0652702, 0.0729293, 0.0786801, 0.108403, 0.139208, 0.181939, 0.188938, 0.328948, 0.428483, 0.811892, 0.963365, 1, 

Generation #11
53,154,0.001, 0.0555058, 0.0630803, 0.0827541, 0.128004, 0.153564, 0.204479, 0.356824, 0.24796, 0.255498, 1, 

58,110,0.001, 0.0189259, 0.0652702, 0.0729293, 0.0786801, 0.108403, 0.139208, 0.181939, 0.188938, 0.328948, 0.428483, 0.811892, 0.963365, 1, 

56,125,0.001, 0.048363, 0.0514801, 0.0524681, 0.0953746, 0.105238, 0.115196, 0.146374, 0.208398, 0.328948, 0.287017, 0.657591, 1, 

Generation #12
53,154,0.001, 0.0555058, 0.0630803, 0.0827541, 0.128004, 0.153564, 0.204479, 0.356824, 0.24796, 0.255498, 1, 

58,110,0.001, 0.0189259, 0.0652702, 0.0729293, 0.0786801, 0.108403, 0.139208, 0.181939, 0.188938, 0.328948, 0.428483, 0.811892, 0.963365, 1, 

56,125,0.001, 0.048363, 0.0514801, 0.0524681, 0.0953746, 0.105238, 0.115196, 0.146374, 0.208398, 0.328948, 0.287017, 0.657591, 1, 

Generation #13
53,154,0.001, 0.0555058, 0.0630803, 0.0827541, 0.128004, 0.153564, 0.204479, 0.356824, 0.24796, 0.255498, 1, 

58,110,0.001, 0.0189259, 0.0652702, 0.0729293, 0.0786801, 0.108403, 0.139208, 0.181939, 0.188938, 0.328948, 0.428483, 0.811892, 0.963365, 1, 

56,125,0.001, 0.048363, 0.0514801, 0.0524681, 0.0953746, 0.105238, 0.115196, 0.146374, 0.208398, 0.328948, 0.287017, 0.657591, 1, 

Generation #14
53,154,0.001, 0.0555058, 0.0630803, 0.0827541, 0.128004, 0.153564, 0.204479, 0.356824, 0.24796, 0.255498, 1, 

58,110,0.001, 0.0189259, 0.0652702, 0.0729293, 0.0786801, 0.108403, 0.139208, 0.181939, 0.188938, 0.328948, 0.428483, 0.811892, 0.963365, 1, 

56,125,0.001, 0.048363, 0.0514801, 0.0524681, 0.0953746, 0.105238, 0.115196, 0.146374, 0.208398, 0.328948, 0.287017, 0.657591, 1, 

Generation #15
53,154,0.001, 0.0555058, 0.0630803, 0.0827541, 0.128004, 0.153564, 0.204479, 0.356824, 0.24796, 0.255498, 1, 

58,110,0.001, 0.0189259, 0.0652702, 0.0729293, 0.0786801, 0.108403, 0.139208, 0.181939, 0.188938, 0.328948, 0.428483, 0.811892, 0.963365, 1, 

56,125,0.001, 0.048363, 0.0514801, 0.0524681, 0.0953746, 0.105238, 0.115196, 0.146374, 0.208398, 0.328948, 0.287017, 0.657591, 1, 

Generation #16
53,154,0.001, 0.0555058, 0.0630803, 0.0827541, 0.128004, 0.153564, 0.204479, 0.356824, 0.24796, 0.255498, 1, 

58,110,0.001, 0.0189259, 0.0652702, 0.0729293, 0.0786801, 0.108403, 0.139208, 0.181939, 0.188938, 0.328948, 0.428483, 0.811892, 0.963365, 1, 

56,125,0.001, 0.048363, 0.0514801, 0.0524681, 0.0953746, 0.105238, 0.115196, 0.146374, 0.208398, 0.328948, 0.287017, 0.657591, 1, 

52,163,0.001, 0.0652702, 0.0729293, 0.0786801, 0.115196, 0.146374, 0.146374, 0.328948, 0.657591, 1, 

55,141,0.001, 0.0214391, 0.0793753, 0.0953746, 0.105238, 0.115196, 0.146374, 0.208398, 0.328948, 0.657591, 1, 

Generation #17
53,154,0.001, 0.0555058, 0.0630803, 0.0827541, 0.128004, 0.153564, 0.204479, 0.356824, 0.24796, 0.255498, 1, 

58,110,0.001, 0.0189259, 0.0652702, 0.0729293, 0.0786801, 0.108403, 0.139208, 0.181939, 0.188938, 0.328948, 0.428483, 0.811892, 0.963365, 1, 

56,125,0.001, 0.048363, 0.0514801, 0.0524681, 0.0953746, 0.105238, 0.115196, 0.146374, 0.208398, 0.328948, 0.287017, 0.657591, 1, 

52,163,0.001, 0.0652702, 0.0729293, 0.0786801, 0.115196, 0.146374, 0.146374, 0.328948, 0.657591, 1, 

55,141,0.001, 0.0214391, 0.0793753, 0.0953746, 0.105238, 0.115196, 0.146374, 0.208398, 0.328948, 0.657591, 1, 

54,147,0.001, 0.0555058, 0.0630803, 0.0827541, 0.128004, 0.153564, 0.204479, 0.356824, 0.885621, 1, 

Generation #18
53,154,0.001, 0.0555058, 0.0630803, 0.0827541, 0.128004, 0.153564, 0.204479, 0.356824, 0.24796, 0.255498, 1, 

58,110,0.001, 0.0189259, 0.0652702, 0.0729293, 0.0786801, 0.108403, 0.139208, 0.181939, 0.188938, 0.328948, 0.428483, 0.811892, 0.963365, 1, 

56,125,0.001, 0.048363, 0.0514801, 0.0524681, 0.0953746, 0.105238, 0.115196, 0.146374, 0.208398, 0.328948, 0.287017, 0.657591, 1, 

52,163,0.001, 0.0652702, 0.0729293, 0.0786801, 0.115196, 0.146374, 0.146374, 0.328948, 0.657591, 1, 

55,141,0.001, 0.0214391, 0.0793753, 0.0953746, 0.105238, 0.115196, 0.146374, 0.208398, 0.328948, 0.657591, 1, 

54,147,0.001, 0.0555058, 0.0630803, 0.0827541, 0.128004, 0.153564, 0.204479, 0.356824, 0.885621, 1, 

Generation #19
53,154,0.001, 0.0555058, 0.0630803, 0.0827541, 0.128004, 0.153564, 0.204479, 0.356824, 0.24796, 0.255498, 1, 

58,110,0.001, 0.0189259, 0.0652702, 0.0729293, 0.0786801, 0.108403, 0.139208, 0.181939, 0.188938, 0.328948, 0.428483, 0.811892, 0.963365, 1, 

56,125,0.001, 0.048363, 0.0514801, 0.0524681, 0.0953746, 0.105238, 0.115196, 0.146374, 0.208398, 0.328948, 0.287017, 0.657591, 1, 

52,163,0.001, 0.0652702, 0.0729293, 0.0786801, 0.115196, 0.146374, 0.146374, 0.328948, 0.657591, 1, 

55,141,0.001, 0.0214391, 0.0793753, 0.0953746, 0.105238, 0.115196, 0.146374, 0.208398, 0.328948, 0.657591, 1, 

54,147,0.001, 0.0555058, 0.0630803, 0.0827541, 0.128004, 0.153564, 0.204479, 0.356824, 0.885621, 1, 

Generation #20
53,154,0.001, 0.0555058, 0.0630803, 0.0827541, 0.128004, 0.153564, 0.204479, 0.356824, 0.24796, 0.255498, 1, 

58,110,0.001, 0.0189259, 0.0652702, 0.0729293, 0.0786801, 0.108403, 0.139208, 0.181939, 0.188938, 0.328948, 0.428483, 0.811892, 0.963365, 1, 

56,125,0.001, 0.048363, 0.0514801, 0.0524681, 0.0953746, 0.105238, 0.115196, 0.146374, 0.208398, 0.328948, 0.287017, 0.657591, 1, 

52,163,0.001, 0.0652702, 0.0729293, 0.0786801, 0.115196, 0.146374, 0.146374, 0.328948, 0.657591, 1, 

55,141,0.001, 0.0214391, 0.0793753, 0.0953746, 0.105238, 0.115196, 0.146374, 0.208398, 0.328948, 0.657591, 1, 

54,147,0.001, 0.0555058, 0.0630803, 0.0827541, 0.128004, 0.153564, 0.204479, 0.356824, 0.885621, 1, 

Generation #21
53,154,0.001, 0.0555058, 0.0630803, 0.0827541, 0.128004, 0.153564, 0.204479, 0.356824, 0.24796, 0.255498, 1, 

58,110,0.001, 0.0189259, 0.0652702, 0.0729293, 0.0786801, 0.108403, 0.139208, 0.181939, 0.188938, 0.328948, 0.428483, 0.811892, 0.963365, 1, 

56,125,0.001, 0.048363, 0.0514801, 0.0524681, 0.0953746, 0.105238, 0.115196, 0.146374, 0.208398, 0.328948, 0.287017, 0.657591, 1, 

52,163,0.001, 0.0652702, 0.0729293, 0.0786801, 0.115196, 0.146374, 0.146374, 0.328948, 0.657591, 1, 

55,141,0.001, 0.0214391, 0.0793753, 0.0953746, 0.105238, 0.115196, 0.146374, 0.208398, 0.328948, 0.657591, 1, 

54,147,0.001, 0.0555058, 0.0630803, 0.0827541, 0.128004, 0.153564, 0.204479, 0.356824, 0.885621, 1, 

Generation #22
53,154,0.001, 0.0555058, 0.0630803, 0.0827541, 0.128004, 0.153564, 0.204479, 0.356824, 0.24796, 0.255498, 1, 

58,110,0.001, 0.0189259, 0.0652702, 0.0729293, 0.0786801, 0.108403, 0.139208, 0.181939, 0.188938, 0.328948, 0.428483, 0.811892, 0.963365, 1, 

56,125,0.001, 0.048363, 0.0514801, 0.0524681, 0.0953746, 0.105238, 0.115196, 0.146374, 0.208398, 0.328948, 0.287017, 0.657591, 1, 

52,163,0.001, 0.0652702, 0.0729293, 0.0786801, 0.115196, 0.146374, 0.146374, 0.328948, 0.657591, 1, 

55,141,0.001, 0.0214391, 0.0793753, 0.0953746, 0.105238, 0.115196, 0.146374, 0.208398, 0.328948, 0.657591, 1, 

54,147,0.001, 0.0555058, 0.0630803, 0.0827541, 0.128004, 0.153564, 0.204479, 0.356824, 0.885621, 1, 

Generation #23
53,154,0.001, 0.0555058, 0.0630803, 0.0827541, 0.128004, 0.153564, 0.204479, 0.356824, 0.24796, 0.255498, 1, 

58,110,0.001, 0.0189259, 0.0652702, 0.0729293, 0.0786801, 0.108403, 0.139208, 0.181939, 0.188938, 0.328948, 0.428483, 0.811892, 0.963365, 1, 

56,125,0.001, 0.048363, 0.0514801, 0.0524681, 0.0953746, 0.105238, 0.115196, 0.146374, 0.208398, 0.328948, 0.287017, 0.657591, 1, 

52,163,0.001, 0.0652702, 0.0729293, 0.0786801, 0.115196, 0.146374, 0.146374, 0.328948, 0.657591, 1, 

55,141,0.001, 0.0214391, 0.0793753, 0.0953746, 0.105238, 0.115196, 0.146374, 0.208398, 0.328948, 0.657591, 1, 

54,147,0.001, 0.0555058, 0.0630803, 0.0827541, 0.128004, 0.153564, 0.204479, 0.356824, 0.885621, 1, 

Generation #24
53,154,0.001, 0.0555058, 0.0630803, 0.0827541, 0.128004, 0.153564, 0.204479, 0.356824, 0.24796, 0.255498, 1, 

58,110,0.001, 0.0189259, 0.0652702, 0.0729293, 0.0786801, 0.108403, 0.139208, 0.181939, 0.188938, 0.328948, 0.428483, 0.811892, 0.963365, 1, 

56,125,0.001, 0.048363, 0.0514801, 0.0524681, 0.0953746, 0.105238, 0.115196, 0.146374, 0.208398, 0.328948, 0.287017, 0.657591, 1, 

52,163,0.001, 0.0652702, 0.0729293, 0.0786801, 0.115196, 0.146374, 0.146374, 0.328948, 0.657591, 1, 

55,141,0.001, 0.0214391, 0.0793753, 0.0953746, 0.105238, 0.115196, 0.146374, 0.208398, 0.328948, 0.657591, 1, 

54,147,0.001, 0.0555058, 0.0630803, 0.0827541, 0.128004, 0.153564, 0.204479, 0.356824, 0.885621, 1, 

Generation #25
53,154,0.001, 0.0555058, 0.0630803, 0.0827541, 0.128004, 0.153564, 0.204479, 0.356824, 0.24796, 0.255498, 1, 

58,110,0.001, 0.0189259, 0.0652702, 0.0729293, 0.0786801, 0.108403, 0.139208, 0.181939, 0.188938, 0.328948, 0.428483, 0.811892, 0.963365, 1, 

56,125,0.001, 0.048363, 0.0514801, 0.0524681, 0.0953746, 0.105238, 0.115196, 0.146374, 0.208398, 0.328948, 0.287017, 0.657591, 1, 

52,163,0.001, 0.0652702, 0.0729293, 0.0786801, 0.115196, 0.146374, 0.146374, 0.328948, 0.657591, 1, 

55,141,0.001, 0.0214391, 0.0793753, 0.0953746, 0.105238, 0.115196, 0.146374, 0.208398, 0.328948, 0.657591, 1, 

54,147,0.001, 0.0555058, 0.0630803, 0.0827541, 0.128004, 0.153564, 0.204479, 0.356824, 0.885621, 1, 

Generation #26
53,154,0.001, 0.0555058, 0.0630803, 0.0827541, 0.128004, 0.153564, 0.204479, 0.356824, 0.24796, 0.255498, 1, 

58,110,0.001, 0.0189259, 0.0652702, 0.0729293, 0.0786801, 0.108403, 0.139208, 0.181939, 0.188938, 0.328948, 0.428483, 0.811892, 0.963365, 1, 

56,125,0.001, 0.048363, 0.0514801, 0.0524681, 0.0953746, 0.105238, 0.115196, 0.146374, 0.208398, 0.328948, 0.287017, 0.657591, 1, 

52,163,0.001, 0.0652702, 0.0729293, 0.0786801, 0.115196, 0.146374, 0.146374, 0.328948, 0.657591, 1, 

55,141,0.001, 0.0214391, 0.0793753, 0.0953746, 0.105238, 0.115196, 0.146374, 0.208398, 0.328948, 0.657591, 1, 

54,147,0.001, 0.0555058, 0.0630803, 0.0827541, 0.128004, 0.153564, 0.204479, 0.356824, 0.885621, 1, 

Generation #27
53,154,0.001, 0.0555058, 0.0630803, 0.0827541, 0.128004, 0.153564, 0.204479, 0.356824, 0.24796, 0.255498, 1, 

58,110,0.001, 0.0189259, 0.0652702, 0.0729293, 0.0786801, 0.108403, 0.139208, 0.181939, 0.188938, 0.328948, 0.428483, 0.811892, 0.963365, 1, 

56,125,0.001, 0.048363, 0.0514801, 0.0524681, 0.0953746, 0.105238, 0.115196, 0.146374, 0.208398, 0.328948, 0.287017, 0.657591, 1, 

52,163,0.001, 0.0652702, 0.0729293, 0.0786801, 0.115196, 0.146374, 0.146374, 0.328948, 0.657591, 1, 

55,141,0.001, 0.0214391, 0.0793753, 0.0953746, 0.105238, 0.115196, 0.146374, 0.208398, 0.328948, 0.657591, 1, 

54,147,0.001, 0.0555058, 0.0630803, 0.0827541, 0.128004, 0.153564, 0.204479, 0.356824, 0.885621, 1, 

Generation #28
53,154,0.001, 0.0555058, 0.0630803, 0.0827541, 0.128004, 0.153564, 0.204479, 0.356824, 0.24796, 0.255498, 1, 

58,110,0.001, 0.0189259, 0.0652702, 0.0729293, 0.0786801, 0.108403, 0.139208, 0.181939, 0.188938, 0.328948, 0.428483, 0.811892, 0.963365, 1, 

56,125,0.001, 0.048363, 0.0514801, 0.0524681, 0.0953746, 0.105238, 0.115196, 0.146374, 0.208398, 0.328948, 0.287017, 0.657591, 1, 

52,163,0.001, 0.0652702, 0.0729293, 0.0786801, 0.115196, 0.146374, 0.146374, 0.328948, 0.657591, 1, 

55,141,0.001, 0.0214391, 0.0793753, 0.0953746, 0.105238, 0.115196, 0.146374, 0.208398, 0.328948, 0.657591, 1, 

54,147,0.001, 0.0555058, 0.0630803, 0.0827541, 0.128004, 0.153564, 0.204479, 0.356824, 0.885621, 1, 

Generation #29
58,110,0.001, 0.0189259, 0.0652702, 0.0729293, 0.0786801, 0.108403, 0.139208, 0.181939, 0.188938, 0.328948, 0.428483, 0.811892, 0.963365, 1, 

56,125,0.001, 0.048363, 0.0514801, 0.0524681, 0.0953746, 0.105238, 0.115196, 0.146374, 0.208398, 0.328948, 0.287017, 0.657591, 1, 

52,128,0.001, 0.0555058, 0.0630803, 0.0827541, 0.103954, 0.130264, 0.134845, 0.163866, 0.328948, 0.657591, 0.885621, 1, 

Generation #30
58,110,0.001, 0.0189259, 0.0652702, 0.0729293, 0.0786801, 0.108403, 0.139208, 0.181939, 0.188938, 0.328948, 0.428483, 0.811892, 0.963365, 1, 

56,125,0.001, 0.048363, 0.0514801, 0.0524681, 0.0953746, 0.105238, 0.115196, 0.146374, 0.208398, 0.328948, 0.287017, 0.657591, 1, 

52,128,0.001, 0.0555058, 0.0630803, 0.0827541, 0.103954, 0.130264, 0.134845, 0.163866, 0.328948, 0.657591, 0.885621, 1, 

Generation #31
58,110,0.001, 0.0189259, 0.0652702, 0.0729293, 0.0786801, 0.108403, 0.139208, 0.181939, 0.188938, 0.328948, 0.428483, 0.811892, 0.963365, 1, 

56,125,0.001, 0.048363, 0.0514801, 0.0524681, 0.0953746, 0.105238, 0.115196, 0.146374, 0.208398, 0.328948, 0.287017, 0.657591, 1, 

52,128,0.001, 0.0555058, 0.0630803, 0.0827541, 0.103954, 0.130264, 0.134845, 0.163866, 0.328948, 0.657591, 0.885621, 1, 

Generation #32
58,110,0.001, 0.0189259, 0.0652702, 0.0729293, 0.0786801, 0.108403, 0.139208, 0.181939, 0.188938, 0.328948, 0.428483, 0.811892, 0.963365, 1, 

56,125,0.001, 0.048363, 0.0514801, 0.0524681, 0.0953746, 0.105238, 0.115196, 0.146374, 0.208398, 0.328948, 0.287017, 0.657591, 1, 

52,128,0.001, 0.0555058, 0.0630803, 0.0827541, 0.103954, 0.130264, 0.134845, 0.163866, 0.328948, 0.657591, 0.885621, 1, 

51,167,0.001, 0.0214391, 0.0793753, 0.113177, 0.113389, 0.130264, 0.134845, 0.163866, 0.657591, 0.885621, 1, 

Generation #33
58,110,0.001, 0.0189259, 0.0652702, 0.0729293, 0.0786801, 0.108403, 0.139208, 0.181939, 0.188938, 0.328948, 0.428483, 0.811892, 0.963365, 1, 

56,125,0.001, 0.048363, 0.0514801, 0.0524681, 0.0953746, 0.105238, 0.115196, 0.146374, 0.208398, 0.328948, 0.287017, 0.657591, 1, 

52,128,0.001, 0.0555058, 0.0630803, 0.0827541, 0.103954, 0.130264, 0.134845, 0.163866, 0.328948, 0.657591, 0.885621, 1, 

51,167,0.001, 0.0214391, 0.0793753, 0.113177, 0.113389, 0.130264, 0.134845, 0.163866, 0.657591, 0.885621, 1, 

Generation #34
58,110,0.001, 0.0189259, 0.0652702, 0.0729293, 0.0786801, 0.108403, 0.139208, 0.181939, 0.188938, 0.328948, 0.428483, 0.811892, 0.963365, 1, 

56,125,0.001, 0.048363, 0.0514801, 0.0524681, 0.0953746, 0.105238, 0.115196, 0.146374, 0.208398, 0.328948, 0.287017, 0.657591, 1, 

52,128,0.001, 0.0555058, 0.0630803, 0.0827541, 0.103954, 0.130264, 0.134845, 0.163866, 0.328948, 0.657591, 0.885621, 1, 

51,167,0.001, 0.0214391, 0.0793753, 0.113177, 0.113389, 0.130264, 0.134845, 0.163866, 0.657591, 0.885621, 1, 

Generation #35
58,110,0.001, 0.0189259, 0.0652702, 0.0729293, 0.0786801, 0.108403, 0.139208, 0.181939, 0.188938, 0.328948, 0.428483, 0.811892, 0.963365, 1, 

52,128,0.001, 0.0555058, 0.0630803, 0.0827541, 0.103954, 0.130264, 0.134845, 0.163866, 0.328948, 0.657591, 0.885621, 1, 

51,167,0.001, 0.0214391, 0.0793753, 0.113177, 0.113389, 0.130264, 0.134845, 0.163866, 0.657591, 0.885621, 1, 

55,121,0.001, 0.0699801, 0.0652702, 0.0729293, 0.0786801, 0.108403, 0.139208, 0.144014, 0.189314, 0.24796, 0.106724, 0.255498, 0.281896, 1, 

Generation #36
58,110,0.001, 0.0189259, 0.0652702, 0.0729293, 0.0786801, 0.108403, 0.139208, 0.181939, 0.188938, 0.328948, 0.428483, 0.811892, 0.963365, 1, 

52,128,0.001, 0.0555058, 0.0630803, 0.0827541, 0.103954, 0.130264, 0.134845, 0.163866, 0.328948, 0.657591, 0.885621, 1, 

51,167,0.001, 0.0214391, 0.0793753, 0.113177, 0.113389, 0.130264, 0.134845, 0.163866, 0.657591, 0.885621, 1, 

55,121,0.001, 0.0699801, 0.0652702, 0.0729293, 0.0786801, 0.108403, 0.139208, 0.144014, 0.189314, 0.24796, 0.106724, 0.255498, 0.281896, 1, 

Generation #37
58,110,0.001, 0.0189259, 0.0652702, 0.0729293, 0.0786801, 0.108403, 0.139208, 0.181939, 0.188938, 0.328948, 0.428483, 0.811892, 0.963365, 1, 

52,128,0.001, 0.0555058, 0.0630803, 0.0827541, 0.103954, 0.130264, 0.134845, 0.163866, 0.328948, 0.657591, 0.885621, 1, 

51,167,0.001, 0.0214391, 0.0793753, 0.113177, 0.113389, 0.130264, 0.134845, 0.163866, 0.657591, 0.885621, 1, 

55,121,0.001, 0.0699801, 0.0652702, 0.0729293, 0.0786801, 0.108403, 0.139208, 0.144014, 0.189314, 0.24796, 0.106724, 0.255498, 0.281896, 1, 

Generation #38
58,110,0.001, 0.0189259, 0.0652702, 0.0729293, 0.0786801, 0.108403, 0.139208, 0.181939, 0.188938, 0.328948, 0.428483, 0.811892, 0.963365, 1, 

51,167,0.001, 0.0214391, 0.0793753, 0.113177, 0.113389, 0.130264, 0.134845, 0.163866, 0.657591, 0.885621, 1, 

52,115,0.001, 0.0214391, 0.0793753, 0.0953746, 0.105238, 0.108403, 0.139208, 0.181939, 0.188938, 0.328948, 0.255498, 0.281896, 1, 

Generation #39
58,110,0.001, 0.0189259, 0.0652702, 0.0729293, 0.0786801, 0.108403, 0.139208, 0.181939, 0.188938, 0.328948, 0.428483, 0.811892, 0.963365, 1, 

51,167,0.001, 0.0214391, 0.0793753, 0.113177, 0.113389, 0.130264, 0.134845, 0.163866, 0.657591, 0.885621, 1, 

52,115,0.001, 0.0214391, 0.0793753, 0.0953746, 0.105238, 0.108403, 0.139208, 0.181939, 0.188938, 0.328948, 0.255498, 0.281896, 1, 

Generation #40
58,110,0.001, 0.0189259, 0.0652702, 0.0729293, 0.0786801, 0.108403, 0.139208, 0.181939, 0.188938, 0.328948, 0.428483, 0.811892, 0.963365, 1, 

51,167,0.001, 0.0214391, 0.0793753, 0.113177, 0.113389, 0.130264, 0.134845, 0.163866, 0.657591, 0.885621, 1, 

52,115,0.001, 0.0214391, 0.0793753, 0.0953746, 0.105238, 0.108403, 0.139208, 0.181939, 0.188938, 0.328948, 0.255498, 0.281896, 1, 

Generation #41
58,110,0.001, 0.0189259, 0.0652702, 0.0729293, 0.0786801, 0.108403, 0.139208, 0.181939, 0.188938, 0.328948, 0.428483, 0.811892, 0.963365, 1, 

51,167,0.001, 0.0214391, 0.0793753, 0.113177, 0.113389, 0.130264, 0.134845, 0.163866, 0.657591, 0.885621, 1, 

52,115,0.001, 0.0214391, 0.0793753, 0.0953746, 0.105238, 0.108403, 0.139208, 0.181939, 0.188938, 0.328948, 0.255498, 0.281896, 1, 

Generation #42
58,110,0.001, 0.0189259, 0.0652702, 0.0729293, 0.0786801, 0.108403, 0.139208, 0.181939, 0.188938, 0.328948, 0.428483, 0.811892, 0.963365, 1, 

51,167,0.001, 0.0214391, 0.0793753, 0.113177, 0.113389, 0.130264, 0.134845, 0.163866, 0.657591, 0.885621, 1, 

52,115,0.001, 0.0214391, 0.0793753, 0.0953746, 0.105238, 0.108403, 0.139208, 0.181939, 0.188938, 0.328948, 0.255498, 0.281896, 1, 

Generation #43
58,110,0.001, 0.0189259, 0.0652702, 0.0729293, 0.0786801, 0.108403, 0.139208, 0.181939, 0.188938, 0.328948, 0.428483, 0.811892, 0.963365, 1, 

51,167,0.001, 0.0214391, 0.0793753, 0.113177, 0.113389, 0.130264, 0.134845, 0.163866, 0.657591, 0.885621, 1, 

52,115,0.001, 0.0214391, 0.0793753, 0.0953746, 0.105238, 0.108403, 0.139208, 0.181939, 0.188938, 0.328948, 0.255498, 0.281896, 1, 

Generation #44
58,110,0.001, 0.0189259, 0.0652702, 0.0729293, 0.0786801, 0.108403, 0.139208, 0.181939, 0.188938, 0.328948, 0.428483, 0.811892, 0.963365, 1, 

51,167,0.001, 0.0214391, 0.0793753, 0.113177, 0.113389, 0.130264, 0.134845, 0.163866, 0.657591, 0.885621, 1, 

52,115,0.001, 0.0214391, 0.0793753, 0.0953746, 0.105238, 0.108403, 0.139208, 0.181939, 0.188938, 0.328948, 0.255498, 0.281896, 1, 

Generation #45
58,110,0.001, 0.0189259, 0.0652702, 0.0729293, 0.0786801, 0.108403, 0.139208, 0.181939, 0.188938, 0.328948, 0.428483, 0.811892, 0.963365, 1, 

51,167,0.001, 0.0214391, 0.0793753, 0.113177, 0.113389, 0.130264, 0.134845, 0.163866, 0.657591, 0.885621, 1, 

52,115,0.001, 0.0214391, 0.0793753, 0.0953746, 0.105238, 0.108403, 0.139208, 0.181939, 0.188938, 0.328948, 0.255498, 0.281896, 1, 

Generation #46
58,110,0.001, 0.0189259, 0.0652702, 0.0729293, 0.0786801, 0.108403, 0.139208, 0.181939, 0.188938, 0.328948, 0.428483, 0.811892, 0.963365, 1, 

51,167,0.001, 0.0214391, 0.0793753, 0.113177, 0.113389, 0.130264, 0.134845, 0.163866, 0.657591, 0.885621, 1, 

52,115,0.001, 0.0214391, 0.0793753, 0.0953746, 0.105238, 0.108403, 0.139208, 0.181939, 0.188938, 0.328948, 0.255498, 0.281896, 1, 

Generation #47
58,110,0.001, 0.0189259, 0.0652702, 0.0729293, 0.0786801, 0.108403, 0.139208, 0.181939, 0.188938, 0.328948, 0.428483, 0.811892, 0.963365, 1, 

51,167,0.001, 0.0214391, 0.0793753, 0.113177, 0.113389, 0.130264, 0.134845, 0.163866, 0.657591, 0.885621, 1, 

52,115,0.001, 0.0214391, 0.0793753, 0.0953746, 0.105238, 0.108403, 0.139208, 0.181939, 0.188938, 0.328948, 0.255498, 0.281896, 1, 

Generation #48
58,110,0.001, 0.0189259, 0.0652702, 0.0729293, 0.0786801, 0.108403, 0.139208, 0.181939, 0.188938, 0.328948, 0.428483, 0.811892, 0.963365, 1, 

51,167,0.001, 0.0214391, 0.0793753, 0.113177, 0.113389, 0.130264, 0.134845, 0.163866, 0.657591, 0.885621, 1, 

52,115,0.001, 0.0214391, 0.0793753, 0.0953746, 0.105238, 0.108403, 0.139208, 0.181939, 0.188938, 0.328948, 0.255498, 0.281896, 1, 

Generation #49
58,110,0.001, 0.0189259, 0.0652702, 0.0729293, 0.0786801, 0.108403, 0.139208, 0.181939, 0.188938, 0.328948, 0.428483, 0.811892, 0.963365, 1, 

51,167,0.001, 0.0214391, 0.0793753, 0.113177, 0.113389, 0.130264, 0.134845, 0.163866, 0.657591, 0.885621, 1, 

52,115,0.001, 0.0214391, 0.0793753, 0.0953746, 0.105238, 0.108403, 0.139208, 0.181939, 0.188938, 0.328948, 0.255498, 0.281896, 1, 

--- Pareto Front Solutions ---
Solution 0: N total=138 (N_initial=80, N_added=58), Time total=121 ms, Saved to: ./results/Wireless_t2_l2_pareto_0.csv, percents=0.001, 0.0189259, 0.0652702, 0.0729293, 0.0786801, 0.108403, 0.139208, 0.181939, 0.188938, 0.328948, 0.428483, 0.811892, 0.963365, 1, 

Solution 1: N total=131 (N_initial=80, N_added=51), Time total=178 ms, Saved to: ./results/Wireless_t2_l2_pareto_1.csv, percents=0.001, 0.0214391, 0.0793753, 0.113177, 0.113389, 0.130264, 0.134845, 0.163866, 0.657591, 0.885621, 1, 

Solution 2: N total=132 (N_initial=80, N_added=52), Time total=126 ms, Saved to: ./results/Wireless_t2_l2_pareto_2.csv, percents=0.001, 0.0214391, 0.0793753, 0.0953746, 0.105238, 0.108403, 0.139208, 0.181939, 0.188938, 0.328948, 0.255498, 0.281896, 1, 

------------d=1, t=2, lambda=3, filename=./evaluation/Wireless/Wireless_2_3.csv------------
Computing partitioned counts of d-sets...
Ready to look at pairs based on partitioned counts...
First Stage N=105, Time=10
There are 352 remaining non-locating pairs
--- Running GA Algorithm (phase2) ---
Running GA with std::execution::par
Generation #0
86,129,0.001, 0.00745, 0.0225077, 0.0265808, 0.0567296, 0.0858767, 0.0872755, 0.158115, 0.172883, 0.23348, 0.240199, 0.243015, 0.283151, 0.315681, 0.350268, 0.501072, 0.516739, 0.555889, 0.577994, 0.764351, 0.792809, 0.868008, 0.885006, 0.941981, 0.974157, 1, 

84,238,0.001, 0.0737013, 0.123128, 0.226851, 0.455333, 0.510101, 0.535131, 0.596181, 0.606563, 0.719, 0.763811, 0.906512, 0.977583, 1, 

83,320,0.001, 0.11907, 0.259641, 0.555587, 0.808345, 0.850172, 0.885642, 0.908681, 0.916564, 0.979377, 1, 

Generation #1
86,129,0.001, 0.00745, 0.0225077, 0.0265808, 0.0567296, 0.0858767, 0.0872755, 0.158115, 0.172883, 0.23348, 0.240199, 0.243015, 0.283151, 0.315681, 0.350268, 0.501072, 0.516739, 0.555889, 0.577994, 0.764351, 0.792809, 0.868008, 0.885006, 0.941981, 0.974157, 1, 

83,170,0.001, 0.0739809, 0.077915, 0.0889274, 0.0908549, 0.121312, 0.237563, 0.364115, 0.368726, 0.38733, 0.712565, 0.821112, 0.983129, 1, 

81,208,0.001, 0.0308722, 0.088942, 0.152355, 0.201357, 0.201667, 0.208743, 0.217929, 0.830075, 0.832361, 0.923572, 0.990622, 1, 

98,120,0.001, 0.00745, 0.0225077, 0.0265808, 0.0567296, 0.0858767, 0.0872755, 0.158115, 0.172883, 0.23348, 0.240199, 0.243015, 0.283151, 0.0153278, 0.350268, 0.501072, 0.516739, 0.555889, 0.577994, 0.764351, 0.792809, 0.868008, 0.885006, 0.941981, 0.974157, 1, 

Generation #2
86,129,0.001, 0.00745, 0.0225077, 0.0265808, 0.0567296, 0.0858767, 0.0872755, 0.158115, 0.172883, 0.23348, 0.240199, 0.243015, 0.283151, 0.315681, 0.350268, 0.501072, 0.516739, 0.555889, 0.577994, 0.764351, 0.792809, 0.868008, 0.885006, 0.941981, 0.974157, 1, 

98,120,0.001, 0.00745, 0.0225077, 0.0265808, 0.0567296, 0.0858767, 0.0872755, 0.158115, 0.172883, 0.23348, 0.240199, 0.243015, 0.283151, 0.0153278, 0.350268, 0.501072, 0.516739, 0.555889, 0.577994, 0.764351, 0.792809, 0.868008, 0.885006, 0.941981, 0.974157, 1, 

87,128,0.001, 0.00745, 0.0225077, 0.0265808, 0.0567296, 0.0858767, 0.0872755, 0.158115, 0.172883, 0.23348, 0.555056, 0.587424, 0.607697, 0.620862, 0.668036, 0.828791, 0.869214, 0.964571, 1, 

78,148,0.001, 0.0354091, 0.0661655, 0.0736491, 0.0996231, 0.168896, 0.209986, 0.253692, 0.278919, 0.28954, 0.295852, 0.384299, 0.338205, 0.355727, 1, 

Generation #3
86,129,0.001, 0.00745, 0.0225077, 0.0265808, 0.0567296, 0.0858767, 0.0872755, 0.158115, 0.172883, 0.23348, 0.240199, 0.243015, 0.283151, 0.315681, 0.350268, 0.501072, 0.516739, 0.555889, 0.577994, 0.764351, 0.792809, 0.868008, 0.885006, 0.941981, 0.974157, 1, 

98,120,0.001, 0.00745, 0.0225077, 0.0265808, 0.0567296, 0.0858767, 0.0872755, 0.158115, 0.172883, 0.23348, 0.240199, 0.243015, 0.283151, 0.0153278, 0.350268, 0.501072, 0.516739, 0.555889, 0.577994, 0.764351, 0.792809, 0.868008, 0.885006, 0.941981, 0.974157, 1, 

87,128,0.001, 0.00745, 0.0225077, 0.0265808, 0.0567296, 0.0858767, 0.0872755, 0.158115, 0.172883, 0.23348, 0.555056, 0.587424, 0.607697, 0.620862, 0.668036, 0.828791, 0.869214, 0.964571, 1, 

78,148,0.001, 0.0354091, 0.0661655, 0.0736491, 0.0996231, 0.168896, 0.209986, 0.253692, 0.278919, 0.28954, 0.295852, 0.384299, 0.338205, 0.355727, 1, 

81,132,0.001, 0.0354091, 0.0661655, 0.0736491, 0.0996231, 0.168896, 0.209986, 0.253692, 0.278919, 0.28954, 0.295852, 0.384299, 0.338205, 0.355727, 1, 

Generation #4
98,120,0.001, 0.00745, 0.0225077, 0.0265808, 0.0567296, 0.0858767, 0.0872755, 0.158115, 0.172883, 0.23348, 0.240199, 0.243015, 0.283151, 0.0153278, 0.350268, 0.501072, 0.516739, 0.555889, 0.577994, 0.764351, 0.792809, 0.868008, 0.885006, 0.941981, 0.974157, 1, 

78,148,0.001, 0.0354091, 0.0661655, 0.0736491, 0.0996231, 0.168896, 0.209986, 0.253692, 0.278919, 0.28954, 0.295852, 0.384299, 0.338205, 0.355727, 1, 

81,132,0.001, 0.0354091, 0.0661655, 0.0736491, 0.0996231, 0.168896, 0.209986, 0.253692, 0.278919, 0.28954, 0.295852, 0.384299, 0.338205, 0.355727, 1, 

75,169,0.001, 0.0324495, 0.0265808, 0.0567296, 0.0858767, 0.0872755, 0.158115, 0.611808, 0.879056, 1, 

86,125,0.001, 0.0121095, 0.0366375, 0.0736491, 0.0996231, 0.168896, 0.209986, 0.230801, 0.419878, 0.505487, 0.549547, 0.584, 0.638919, 0.866332, 1, 

79,143,0.001, 0.0354091, 0.047316, 0.0931864, 0.127928, 0.143048, 0.157536, 0.171014, 0.329017, 0.374907, 0.779967, 0.82893, 0.868552, 1, 

Generation #5
98,120,0.001, 0.00745, 0.0225077, 0.0265808, 0.0567296, 0.0858767, 0.0872755, 0.158115, 0.172883, 0.23348, 0.240199, 0.243015, 0.283151, 0.0153278, 0.350268, 0.501072, 0.516739, 0.555889, 0.577994, 0.764351, 0.792809, 0.868008, 0.885006, 0.941981, 0.974157, 1, 

78,148,0.001, 0.0354091, 0.0661655, 0.0736491, 0.0996231, 0.168896, 0.209986, 0.253692, 0.278919, 0.28954, 0.295852, 0.384299, 0.338205, 0.355727, 1, 

81,132,0.001, 0.0354091, 0.0661655, 0.0736491, 0.0996231, 0.168896, 0.209986, 0.253692, 0.278919, 0.28954, 0.295852, 0.384299, 0.338205, 0.355727, 1, 

75,169,0.001, 0.0324495, 0.0265808, 0.0567296, 0.0858767, 0.0872755, 0.158115, 0.611808, 0.879056, 1, 

86,125,0.001, 0.0121095, 0.0366375, 0.0736491, 0.0996231, 0.168896, 0.209986, 0.230801, 0.419878, 0.505487, 0.549547, 0.584, 0.638919, 0.866332, 1, 

79,143,0.001, 0.0354091, 0.047316, 0.0931864, 0.127928, 0.143048, 0.157536, 0.171014, 0.329017, 0.374907, 0.779967, 0.82893, 0.868552, 1, 

Generation #6
78,148,0.001, 0.0354091, 0.0661655, 0.0736491, 0.0996231, 0.168896, 0.209986, 0.253692, 0.278919, 0.28954, 0.295852, 0.384299, 0.338205, 0.355727, 1, 

75,169,0.001, 0.0324495, 0.0265808, 0.0567296, 0.0858767, 0.0872755, 0.158115, 0.611808, 0.879056, 1, 

86,125,0.001, 0.0121095, 0.0366375, 0.0736491, 0.0996231, 0.168896, 0.209986, 0.230801, 0.419878, 0.505487, 0.549547, 0.584, 0.638919, 0.866332, 1, 

79,143,0.001, 0.0354091, 0.047316, 0.0931864, 0.127928, 0.143048, 0.157536, 0.171014, 0.329017, 0.374907, 0.779967, 0.82893, 0.868552, 1, 

81,129,0.001, 0.00745, 0.0225077, 0.0340406, 0.0265808, 0.0567296, 0.0858767, 0.0872755, 0.158115, 0.172883, 0.295852, 0.384299, 0.338205, 0.355727, 1, 

91,107,0.001, 0.00745, 0.0225077, 0.0265808, 0.0567296, 0.0858767, 0.0872755, 0.158115, 0.172883, 0.23348, 0.240199, 0.243015, 0.283151, 0.315681, 0.350268, 0.501072, 0.516739, 0.555889, 0.577994, 0.764351, 0.868008, 0.885006, 0.941981, 0.974157, 1, 

Generation #7
78,148,0.001, 0.0354091, 0.0661655, 0.0736491, 0.0996231, 0.168896, 0.209986, 0.253692, 0.278919, 0.28954, 0.295852, 0.384299, 0.338205, 0.355727, 1, 

75,169,0.001, 0.0324495, 0.0265808, 0.0567296, 0.0858767, 0.0872755, 0.158115, 0.611808, 0.879056, 1, 

86,125,0.001, 0.0121095, 0.0366375, 0.0736491, 0.0996231, 0.168896, 0.209986, 0.230801, 0.419878, 0.505487, 0.549547, 0.584, 0.638919, 0.866332, 1, 

81,129,0.001, 0.00745, 0.0225077, 0.0340406, 0.0265808, 0.0567296, 0.0858767, 0.0872755, 0.158115, 0.172883, 0.295852, 0.384299, 0.338205, 0.355727, 1, 

91,107,0.001, 0.00745, 0.0225077, 0.0265808, 0.0567296, 0.0858767, 0.0872755, 0.158115, 0.172883, 0.23348, 0.240199, 0.243015, 0.283151, 0.315681, 0.350268, 0.501072, 0.516739, 0.555889, 0.577994, 0.764351, 0.868008, 0.885006, 0.941981, 0.974157, 1, 

79,130,0.001, 0.0121095, 0.0366375, 0.0600916, 0.109808, 0.113271, 0.1198, 0.258344, 0.278919, 0.28954, 0.295852, 0.384299, 0.338205, 0.866332, 1, 

Generation #8
78,148,0.001, 0.0354091, 0.0661655, 0.0736491, 0.0996231, 0.168896, 0.209986, 0.253692, 0.278919, 0.28954, 0.295852, 0.384299, 0.338205, 0.355727, 1, 

75,169,0.001, 0.0324495, 0.0265808, 0.0567296, 0.0858767, 0.0872755, 0.158115, 0.611808, 0.879056, 1, 

81,129,0.001, 0.00745, 0.0225077, 0.0340406, 0.0265808, 0.0567296, 0.0858767, 0.0872755, 0.158115, 0.172883, 0.295852, 0.384299, 0.338205, 0.355727, 1, 

91,107,0.001, 0.00745, 0.0225077, 0.0265808, 0.0567296, 0.0858767, 0.0872755, 0.158115, 0.172883, 0.23348, 0.240199, 0.243015, 0.283151, 0.315681, 0.350268, 0.501072, 0.516739, 0.555889, 0.577994, 0.764351, 0.868008, 0.885006, 0.941981, 0.974157, 1, 

79,130,0.001, 0.0121095, 0.0366375, 0.0600916, 0.109808, 0.113271, 0.1198, 0.258344, 0.278919, 0.28954, 0.295852, 0.384299, 0.338205, 0.866332, 1, 

99,98,0.001, 0.00745, 0.0225077, 0.0265808, 0.0567296, 0.0858767, 0.0872755, 0.158115, 0.172883, 0.23348, 0.240199, 0.243015, 0.283151, 0.315681, 0.350268, 0.501072, 0.516739, 0.555889, 0.0410456, 0.764351, 0.868008, 0.885006, 0.941981, 0.974157, 1, 

82,125,0.001, 0.0324495, 0.047316, 0.0931864, 0.127928, 0.143048, 0.157536, 0.171014, 0.329017, 0.374907, 0.587424, 0.607697, 0.620862, 0.668036, 0.828791, 0.869214, 0.964571, 1, 

84,124,0.001, 0.0121095, 0.0366375, 0.0600916, 0.109808, 0.0858767, 0.0872755, 0.158115, 0.172883, 0.23348, 0.555056, 0.587424, 0.607697, 0.620862, 0.668036, 0.828791, 0.869214, 0.964571, 1, 

Generation #9
78,148,0.001, 0.0354091, 0.0661655, 0.0736491, 0.0996231, 0.168896, 0.209986, 0.253692, 0.278919, 0.28954, 0.295852, 0.384299, 0.338205, 0.355727, 1, 

75,169,0.001, 0.0324495, 0.0265808, 0.0567296, 0.0858767, 0.0872755, 0.158115, 0.611808, 0.879056, 1, 

81,129,0.001, 0.00745, 0.0225077, 0.0340406, 0.0265808, 0.0567296, 0.0858767, 0.0872755, 0.158115, 0.172883, 0.295852, 0.384299, 0.338205, 0.355727, 1, 

79,130,0.001, 0.0121095, 0.0366375, 0.0600916, 0.109808, 0.113271, 0.1198, 0.258344, 0.278919, 0.28954, 0.295852, 0.384299, 0.338205, 0.866332, 1, 

99,98,0.001, 0.00745, 0.0225077, 0.0265808, 0.0567296, 0.0858767, 0.0872755, 0.158115, 0.172883, 0.23348, 0.240199, 0.243015, 0.283151, 0.315681, 0.350268, 0.501072, 0.516739, 0.555889, 0.0410456, 0.764351, 0.868008, 0.885006, 0.941981, 0.974157, 1, 

82,125,0.001, 0.0324495, 0.047316, 0.0931864, 0.127928, 0.143048, 0.157536, 0.171014, 0.329017, 0.374907, 0.587424, 0.607697, 0.620862, 0.668036, 0.828791, 0.869214, 0.964571, 1, 

84,124,0.001, 0.0121095, 0.0366375, 0.0600916, 0.109808, 0.0858767, 0.0872755, 0.158115, 0.172883, 0.23348, 0.555056, 0.587424, 0.607697, 0.620862, 0.668036, 0.828791, 0.869214, 0.964571, 1, 

90,104,0.001, 0.00745, 0.0225077, 0.0265808, 0.0567296, 0.168896, 0.209986, 0.253692, 0.278919, 0.23348, 0.555056, 0.587424, 0.607697, 0.620862, 0.668036, 0.828791, 0.869214, 0.964571, 1, 

94,101,0.001, 0.00745, 0.0225077, 0.0340406, 0.0567296, 0.0858767, 0.0872755, 0.158115, 0.172883, 0.23348, 0.240199, 0.243015, 0.283151, 0.315681, 0.350268, 0.501072, 0.516739, 0.555889, 0.577994, 0.764351, 0.792809, 0.868008, 0.885006, 0.941981, 0.974157, 1, 

88,120,0.001, 0.0121095, 0.0366375, 0.0600916, 0.109808, 0.113271, 0.157536, 0.171014, 0.329017, 0.374907, 0.779967, 0.82893, 0.868552, 1, 

Generation #10
78,148,0.001, 0.0354091, 0.0661655, 0.0736491, 0.0996231, 0.168896, 0.209986, 0.253692, 0.278919, 0.28954, 0.295852, 0.384299, 0.338205, 0.355727, 1, 

75,169,0.001, 0.0324495, 0.0265808, 0.0567296, 0.0858767, 0.0872755, 0.158115, 0.611808, 0.879056, 1, 

81,129,0.001, 0.00745, 0.0225077, 0.0340406, 0.0265808, 0.0567296, 0.0858767, 0.0872755, 0.158115, 0.172883, 0.295852, 0.384299, 0.338205, 0.355727, 1, 

79,130,0.001, 0.0121095, 0.0366375, 0.0600916, 0.109808, 0.113271, 0.1198, 0.258344, 0.278919, 0.28954, 0.295852, 0.384299, 0.338205, 0.866332, 1, 

99,98,0.001, 0.00745, 0.0225077, 0.0265808, 0.0567296, 0.0858767, 0.0872755, 0.158115, 0.172883, 0.23348, 0.240199, 0.243015, 0.283151, 0.315681, 0.350268, 0.501072, 0.516739, 0.555889, 0.0410456, 0.764351, 0.868008, 0.885006, 0.941981, 0.974157, 1, 

82,125,0.001, 0.0324495, 0.047316, 0.0931864, 0.127928, 0.143048, 0.157536, 0.171014, 0.329017, 0.374907, 0.587424, 0.607697, 0.620862, 0.668036, 0.828791, 0.869214, 0.964571, 1, 

84,124,0.001, 0.0121095, 0.0366375, 0.0600916, 0.109808, 0.0858767, 0.0872755, 0.158115, 0.172883, 0.23348, 0.555056, 0.587424, 0.607697, 0.620862, 0.668036, 0.828791, 0.869214, 0.964571, 1, 

90,104,0.001, 0.00745, 0.0225077, 0.0265808, 0.0567296, 0.168896, 0.209986, 0.253692, 0.278919, 0.23348, 0.555056, 0.587424, 0.607697, 0.620862, 0.668036, 0.828791, 0.869214, 0.964571, 1, 

94,101,0.001, 0.00745, 0.0225077, 0.0340406, 0.0567296, 0.0858767, 0.0872755, 0.158115, 0.172883, 0.23348, 0.240199, 0.243015, 0.283151, 0.315681, 0.350268, 0.501072, 0.516739, 0.555889, 0.577994, 0.764351, 0.792809, 0.868008, 0.885006, 0.941981, 0.974157, 1, 

88,120,0.001, 0.0121095, 0.0366375, 0.0600916, 0.109808, 0.113271, 0.157536, 0.171014, 0.329017, 0.374907, 0.779967, 0.82893, 0.868552, 1, 

Generation #11
78,148,0.001, 0.0354091, 0.0661655, 0.0736491, 0.0996231, 0.168896, 0.209986, 0.253692, 0.278919, 0.28954, 0.295852, 0.384299, 0.338205, 0.355727, 1, 

75,169,0.001, 0.0324495, 0.0265808, 0.0567296, 0.0858767, 0.0872755, 0.158115, 0.611808, 0.879056, 1, 

81,129,0.001, 0.00745, 0.0225077, 0.0340406, 0.0265808, 0.0567296, 0.0858767, 0.0872755, 0.158115, 0.172883, 0.295852, 0.384299, 0.338205, 0.355727, 1, 

79,130,0.001, 0.0121095, 0.0366375, 0.0600916, 0.109808, 0.113271, 0.1198, 0.258344, 0.278919, 0.28954, 0.295852, 0.384299, 0.338205, 0.866332, 1, 

99,98,0.001, 0.00745, 0.0225077, 0.0265808, 0.0567296, 0.0858767, 0.0872755, 0.158115, 0.172883, 0.23348, 0.240199, 0.243015, 0.283151, 0.315681, 0.350268, 0.501072, 0.516739, 0.555889, 0.0410456, 0.764351, 0.868008, 0.885006, 0.941981, 0.974157, 1, 

90,104,0.001, 0.00745, 0.0225077, 0.0265808, 0.0567296, 0.168896, 0.209986, 0.253692, 0.278919, 0.23348, 0.555056, 0.587424, 0.607697, 0.620862, 0.668036, 0.828791, 0.869214, 0.964571, 1, 

94,101,0.001, 0.00745, 0.0225077, 0.0340406, 0.0567296, 0.0858767, 0.0872755, 0.158115, 0.172883, 0.23348, 0.240199, 0.243015, 0.283151, 0.315681, 0.350268, 0.501072, 0.516739, 0.555889, 0.577994, 0.764351, 0.792809, 0.868008, 0.885006, 0.941981, 0.974157, 1, 

82,119,0.001, 0.0121095, 0.0366375, 0.0340406, 0.0265808, 0.0567296, 0.0858767, 0.0872755, 0.158115, 0.172883, 0.295852, 0.384299, 0.338205, 0.355727, 1, 

Generation #12
75,169,0.001, 0.0324495, 0.0265808, 0.0567296, 0.0858767, 0.0872755, 0.158115, 0.611808, 0.879056, 1, 

99,98,0.001, 0.00745, 0.0225077, 0.0265808, 0.0567296, 0.0858767, 0.0872755, 0.158115, 0.172883, 0.23348, 0.240199, 0.243015, 0.283151, 0.315681, 0.350268, 0.501072, 0.516739, 0.555889, 0.0410456, 0.764351, 0.868008, 0.885006, 0.941981, 0.974157, 1, 

90,104,0.001, 0.00745, 0.0225077, 0.0265808, 0.0567296, 0.168896, 0.209986, 0.253692, 0.278919, 0.23348, 0.555056, 0.587424, 0.607697, 0.620862, 0.668036, 0.828791, 0.869214, 0.964571, 1, 

94,101,0.001, 0.00745, 0.0225077, 0.0340406, 0.0567296, 0.0858767, 0.0872755, 0.158115, 0.172883, 0.23348, 0.240199, 0.243015, 0.283151, 0.315681, 0.350268, 0.501072, 0.516739, 0.555889, 0.577994, 0.764351, 0.792809, 0.868008, 0.885006, 0.941981, 0.974157, 1, 

82,119,0.001, 0.0121095, 0.0366375, 0.0340406, 0.0265808, 0.0567296, 0.0858767, 0.0872755, 0.158115, 0.172883, 0.295852, 0.384299, 0.338205, 0.355727, 1, 

77,124,0.001, 0.00745, 0.0225077, 0.0265808, 0.0567296, 0.0858767, 0.0872755, 0.158115, 0.172883, 0.23348, 0.240199, 0.243015, 0.283151, 1, 

Generation #13
99,98,0.001, 0.00745, 0.0225077, 0.0265808, 0.0567296, 0.0858767, 0.0872755, 0.158115, 0.172883, 0.23348, 0.240199, 0.243015, 0.283151, 0.315681, 0.350268, 0.501072, 0.516739, 0.555889, 0.0410456, 0.764351, 0.868008, 0.885006, 0.941981, 0.974157, 1, 

90,104,0.001, 0.00745, 0.0225077, 0.0265808, 0.0567296, 0.168896, 0.209986, 0.253692, 0.278919, 0.23348, 0.555056, 0.587424, 0.607697, 0.620862, 0.668036, 0.828791, 0.869214, 0.964571, 1, 

94,101,0.001, 0.00745, 0.0225077, 0.0340406, 0.0567296, 0.0858767, 0.0872755, 0.158115, 0.172883, 0.23348, 0.240199, 0.243015, 0.283151, 0.315681, 0.350268, 0.501072, 0.516739, 0.555889, 0.577994, 0.764351, 0.792809, 0.868008, 0.885006, 0.941981, 0.974157, 1, 

77,124,0.001, 0.00745, 0.0225077, 0.0265808, 0.0567296, 0.0858767, 0.0872755, 0.158115, 0.172883, 0.23348, 0.240199, 0.243015, 0.283151, 1, 

75,144,0.001, 0.0121095, 0.0366375, 0.0600916, 0.109808, 0.113271, 0.1198, 0.0872755, 0.172883, 0.295852, 0.384299, 0.338205, 0.355727, 1, 

82,108,0.001, 0.00745, 0.0225077, 0.0340406, 0.0265808, 0.0567296, 0.0858767, 0.0872755, 0.158115, 0.172883, 0.295852, 0.384299, 0.338205, 0.355727, 1, 

Generation #14
99,98,0.001, 0.00745, 0.0225077, 0.0265808, 0.0567296, 0.0858767, 0.0872755, 0.158115, 0.172883, 0.23348, 0.240199, 0.243015, 0.283151, 0.315681, 0.350268, 0.501072, 0.516739, 0.555889, 0.0410456, 0.764351, 0.868008, 0.885006, 0.941981, 0.974157, 1, 

90,104,0.001, 0.00745, 0.0225077, 0.0265808, 0.0567296, 0.168896, 0.209986, 0.253692, 0.278919, 0.23348, 0.555056, 0.587424, 0.607697, 0.620862, 0.668036, 0.828791, 0.869214, 0.964571, 1, 

94,101,0.001, 0.00745, 0.0225077, 0.0340406, 0.0567296, 0.0858767, 0.0872755, 0.158115, 0.172883, 0.23348, 0.240199, 0.243015, 0.283151, 0.315681, 0.350268, 0.501072, 0.516739, 0.555889, 0.577994, 0.764351, 0.792809, 0.868008, 0.885006, 0.941981, 0.974157, 1, 

77,124,0.001, 0.00745, 0.0225077, 0.0265808, 0.0567296, 0.0858767, 0.0872755, 0.158115, 0.172883, 0.23348, 0.240199, 0.243015, 0.283151, 1, 

75,144,0.001, 0.0121095, 0.0366375, 0.0600916, 0.109808, 0.113271, 0.1198, 0.0872755, 0.172883, 0.295852, 0.384299, 0.338205, 0.355727, 1, 

82,108,0.001, 0.00745, 0.0225077, 0.0340406, 0.0265808, 0.0567296, 0.0858767, 0.0872755, 0.158115, 0.172883, 0.295852, 0.384299, 0.338205, 0.355727, 1, 

Generation #15
99,98,0.001, 0.00745, 0.0225077, 0.0265808, 0.0567296, 0.0858767, 0.0872755, 0.158115, 0.172883, 0.23348, 0.240199, 0.243015, 0.283151, 0.315681, 0.350268, 0.501072, 0.516739, 0.555889, 0.0410456, 0.764351, 0.868008, 0.885006, 0.941981, 0.974157, 1, 

90,104,0.001, 0.00745, 0.0225077, 0.0265808, 0.0567296, 0.168896, 0.209986, 0.253692, 0.278919, 0.23348, 0.555056, 0.587424, 0.607697, 0.620862, 0.668036, 0.828791, 0.869214, 0.964571, 1, 

94,101,0.001, 0.00745, 0.0225077, 0.0340406, 0.0567296, 0.0858767, 0.0872755, 0.158115, 0.172883, 0.23348, 0.240199, 0.243015, 0.283151, 0.315681, 0.350268, 0.501072, 0.516739, 0.555889, 0.577994, 0.764351, 0.792809, 0.868008, 0.885006, 0.941981, 0.974157, 1, 

77,124,0.001, 0.00745, 0.0225077, 0.0265808, 0.0567296, 0.0858767, 0.0872755, 0.158115, 0.172883, 0.23348, 0.240199, 0.243015, 0.283151, 1, 

75,144,0.001, 0.0121095, 0.0366375, 0.0600916, 0.109808, 0.113271, 0.1198, 0.0872755, 0.172883, 0.295852, 0.384299, 0.338205, 0.355727, 1, 

82,108,0.001, 0.00745, 0.0225077, 0.0340406, 0.0265808, 0.0567296, 0.0858767, 0.0872755, 0.158115, 0.172883, 0.295852, 0.384299, 0.338205, 0.355727, 1, 

Generation #16
99,98,0.001, 0.00745, 0.0225077, 0.0265808, 0.0567296, 0.0858767, 0.0872755, 0.158115, 0.172883, 0.23348, 0.240199, 0.243015, 0.283151, 0.315681, 0.350268, 0.501072, 0.516739, 0.555889, 0.0410456, 0.764351, 0.868008, 0.885006, 0.941981, 0.974157, 1, 

90,104,0.001, 0.00745, 0.0225077, 0.0265808, 0.0567296, 0.168896, 0.209986, 0.253692, 0.278919, 0.23348, 0.555056, 0.587424, 0.607697, 0.620862, 0.668036, 0.828791, 0.869214, 0.964571, 1, 

94,101,0.001, 0.00745, 0.0225077, 0.0340406, 0.0567296, 0.0858767, 0.0872755, 0.158115, 0.172883, 0.23348, 0.240199, 0.243015, 0.283151, 0.315681, 0.350268, 0.501072, 0.516739, 0.555889, 0.577994, 0.764351, 0.792809, 0.868008, 0.885006, 0.941981, 0.974157, 1, 

77,124,0.001, 0.00745, 0.0225077, 0.0265808, 0.0567296, 0.0858767, 0.0872755, 0.158115, 0.172883, 0.23348, 0.240199, 0.243015, 0.283151, 1, 

75,144,0.001, 0.0121095, 0.0366375, 0.0600916, 0.109808, 0.113271, 0.1198, 0.0872755, 0.172883, 0.295852, 0.384299, 0.338205, 0.355727, 1, 

82,108,0.001, 0.00745, 0.0225077, 0.0340406, 0.0265808, 0.0567296, 0.0858767, 0.0872755, 0.158115, 0.172883, 0.295852, 0.384299, 0.338205, 0.355727, 1, 

Generation #17
99,98,0.001, 0.00745, 0.0225077, 0.0265808, 0.0567296, 0.0858767, 0.0872755, 0.158115, 0.172883, 0.23348, 0.240199, 0.243015, 0.283151, 0.315681, 0.350268, 0.501072, 0.516739, 0.555889, 0.0410456, 0.764351, 0.868008, 0.885006, 0.941981, 0.974157, 1, 

90,104,0.001, 0.00745, 0.0225077, 0.0265808, 0.0567296, 0.168896, 0.209986, 0.253692, 0.278919, 0.23348, 0.555056, 0.587424, 0.607697, 0.620862, 0.668036, 0.828791, 0.869214, 0.964571, 1, 

94,101,0.001, 0.00745, 0.0225077, 0.0340406, 0.0567296, 0.0858767, 0.0872755, 0.158115, 0.172883, 0.23348, 0.240199, 0.243015, 0.283151, 0.315681, 0.350268, 0.501072, 0.516739, 0.555889, 0.577994, 0.764351, 0.792809, 0.868008, 0.885006, 0.941981, 0.974157, 1, 

77,124,0.001, 0.00745, 0.0225077, 0.0265808, 0.0567296, 0.0858767, 0.0872755, 0.158115, 0.172883, 0.23348, 0.240199, 0.243015, 0.283151, 1, 

82,108,0.001, 0.00745, 0.0225077, 0.0340406, 0.0265808, 0.0567296, 0.0858767, 0.0872755, 0.158115, 0.172883, 0.295852, 0.384299, 0.338205, 0.355727, 1, 

74,140,0.001, 0.00745, 0.0225077, 0.0340406, 0.0567296, 0.109808, 0.157536, 0.171014, 0.329017, 0.374907, 0.0688066, 0.779967, 0.82893, 0.868552, 1, 

Generation #18
99,98,0.001, 0.00745, 0.0225077, 0.0265808, 0.0567296, 0.0858767, 0.0872755, 0.158115, 0.172883, 0.23348, 0.240199, 0.243015, 0.283151, 0.315681, 0.350268, 0.501072, 0.516739, 0.555889, 0.0410456, 0.764351, 0.868008, 0.885006, 0.941981, 0.974157, 1, 

90,104,0.001, 0.00745, 0.0225077, 0.0265808, 0.0567296, 0.168896, 0.209986, 0.253692, 0.278919, 0.23348, 0.555056, 0.587424, 0.607697, 0.620862, 0.668036, 0.828791, 0.869214, 0.964571, 1, 

94,101,0.001, 0.00745, 0.0225077, 0.0340406, 0.0567296, 0.0858767, 0.0872755, 0.158115, 0.172883, 0.23348, 0.240199, 0.243015, 0.283151, 0.315681, 0.350268, 0.501072, 0.516739, 0.555889, 0.577994, 0.764351, 0.792809, 0.868008, 0.885006, 0.941981, 0.974157, 1, 

77,124,0.001, 0.00745, 0.0225077, 0.0265808, 0.0567296, 0.0858767, 0.0872755, 0.158115, 0.172883, 0.23348, 0.240199, 0.243015, 0.283151, 1, 

82,108,0.001, 0.00745, 0.0225077, 0.0340406, 0.0265808, 0.0567296, 0.0858767, 0.0872755, 0.158115, 0.172883, 0.295852, 0.384299, 0.338205, 0.355727, 1, 

74,140,0.001, 0.00745, 0.0225077, 0.0340406, 0.0567296, 0.109808, 0.157536, 0.171014, 0.329017, 0.374907, 0.0688066, 0.779967, 0.82893, 0.868552, 1, 

Generation #19
99,98,0.001, 0.00745, 0.0225077, 0.0265808, 0.0567296, 0.0858767, 0.0872755, 0.158115, 0.172883, 0.23348, 0.240199, 0.243015, 0.283151, 0.315681, 0.350268, 0.501072, 0.516739, 0.555889, 0.0410456, 0.764351, 0.868008, 0.885006, 0.941981, 0.974157, 1, 

90,104,0.001, 0.00745, 0.0225077, 0.0265808, 0.0567296, 0.168896, 0.209986, 0.253692, 0.278919, 0.23348, 0.555056, 0.587424, 0.607697, 0.620862, 0.668036, 0.828791, 0.869214, 0.964571, 1, 

94,101,0.001, 0.00745, 0.0225077, 0.0340406, 0.0567296, 0.0858767, 0.0872755, 0.158115, 0.172883, 0.23348, 0.240199, 0.243015, 0.283151, 0.315681, 0.350268, 0.501072, 0.516739, 0.555889, 0.577994, 0.764351, 0.792809, 0.868008, 0.885006, 0.941981, 0.974157, 1, 

77,124,0.001, 0.00745, 0.0225077, 0.0265808, 0.0567296, 0.0858767, 0.0872755, 0.158115, 0.172883, 0.23348, 0.240199, 0.243015, 0.283151, 1, 

82,108,0.001, 0.00745, 0.0225077, 0.0340406, 0.0265808, 0.0567296, 0.0858767, 0.0872755, 0.158115, 0.172883, 0.295852, 0.384299, 0.338205, 0.355727, 1, 

74,140,0.001, 0.00745, 0.0225077, 0.0340406, 0.0567296, 0.109808, 0.157536, 0.171014, 0.329017, 0.374907, 0.0688066, 0.779967, 0.82893, 0.868552, 1, 

89,107,0.001, 0.00745, 0.0225077, 0.0340406, 0.0265808, 0.0567296, 0.0858767, 0.0872755, 0.158115, 0.172883, 0.295852, 0.384299, 0.338205, 0.355727, 1, 

Generation #20
99,98,0.001, 0.00745, 0.0225077, 0.0265808, 0.0567296, 0.0858767, 0.0872755, 0.158115, 0.172883, 0.23348, 0.240199, 0.243015, 0.283151, 0.315681, 0.350268, 0.501072, 0.516739, 0.555889, 0.0410456, 0.764351, 0.868008, 0.885006, 0.941981, 0.974157, 1, 

94,101,0.001, 0.00745, 0.0225077, 0.0340406, 0.0567296, 0.0858767, 0.0872755, 0.158115, 0.172883, 0.23348, 0.240199, 0.243015, 0.283151, 0.315681, 0.350268, 0.501072, 0.516739, 0.555889, 0.577994, 0.764351, 0.792809, 0.868008, 0.885006, 0.941981, 0.974157, 1, 

77,124,0.001, 0.00745, 0.0225077, 0.0265808, 0.0567296, 0.0858767, 0.0872755, 0.158115, 0.172883, 0.23348, 0.240199, 0.243015, 0.283151, 1, 

82,108,0.001, 0.00745, 0.0225077, 0.0340406, 0.0265808, 0.0567296, 0.0858767, 0.0872755, 0.158115, 0.172883, 0.295852, 0.384299, 0.338205, 0.355727, 1, 

74,140,0.001, 0.00745, 0.0225077, 0.0340406, 0.0567296, 0.109808, 0.157536, 0.171014, 0.329017, 0.374907, 0.0688066, 0.779967, 0.82893, 0.868552, 1, 

89,107,0.001, 0.00745, 0.0225077, 0.0340406, 0.0265808, 0.0567296, 0.0858767, 0.0872755, 0.158115, 0.172883, 0.295852, 0.384299, 0.338205, 0.355727, 1, 

90,102,0.001, 0.00745, 0.0225077, 0.0340406, 0.0265808, 0.0567296, 0.0858767, 0.0872755, 0.158115, 0.172883, 0.295852, 0.384299, 0.338205, 0.355727, 0.714174, 0.757247, 0.793975, 0.577994, 0.764351, 0.792809, 0.868008, 0.885006, 0.941981, 0.974157, 1, 

80,115,0.001, 0.00745, 0.0225077, 0.0265808, 0.0567296, 0.0858767, 0.0872755, 0.158115, 0.172883, 0.23348, 0.240199, 0.243015, 0.46151, 0.866332, 1, 

Generation #21
99,98,0.001, 0.00745, 0.0225077, 0.0265808, 0.0567296, 0.0858767, 0.0872755, 0.158115, 0.172883, 0.23348, 0.240199, 0.243015, 0.283151, 0.315681, 0.350268, 0.501072, 0.516739, 0.555889, 0.0410456, 0.764351, 0.868008, 0.885006, 0.941981, 0.974157, 1, 

94,101,0.001, 0.00745, 0.0225077, 0.0340406, 0.0567296, 0.0858767, 0.0872755, 0.158115, 0.172883, 0.23348, 0.240199, 0.243015, 0.283151, 0.315681, 0.350268, 0.501072, 0.516739, 0.555889, 0.577994, 0.764351, 0.792809, 0.868008, 0.885006, 0.941981, 0.974157, 1, 

77,124,0.001, 0.00745, 0.0225077, 0.0265808, 0.0567296, 0.0858767, 0.0872755, 0.158115, 0.172883, 0.23348, 0.240199, 0.243015, 0.283151, 1, 

82,108,0.001, 0.00745, 0.0225077, 0.0340406, 0.0265808, 0.0567296, 0.0858767, 0.0872755, 0.158115, 0.172883, 0.295852, 0.384299, 0.338205, 0.355727, 1, 

74,140,0.001, 0.00745, 0.0225077, 0.0340406, 0.0567296, 0.109808, 0.157536, 0.171014, 0.329017, 0.374907, 0.0688066, 0.779967, 0.82893, 0.868552, 1, 

89,107,0.001, 0.00745, 0.0225077, 0.0340406, 0.0265808, 0.0567296, 0.0858767, 0.0872755, 0.158115, 0.172883, 0.295852, 0.384299, 0.338205, 0.355727, 1, 

90,102,0.001, 0.00745, 0.0225077, 0.0340406, 0.0265808, 0.0567296, 0.0858767, 0.0872755, 0.158115, 0.172883, 0.295852, 0.384299, 0.338205, 0.355727, 0.714174, 0.757247, 0.793975, 0.577994, 0.764351, 0.792809, 0.868008, 0.885006, 0.941981, 0.974157, 1, 

80,115,0.001, 0.00745, 0.0225077, 0.0265808, 0.0567296, 0.0858767, 0.0872755, 0.158115, 0.172883, 0.23348, 0.240199, 0.243015, 0.46151, 0.866332, 1, 

Generation #22
99,98,0.001, 0.00745, 0.0225077, 0.0265808, 0.0567296, 0.0858767, 0.0872755, 0.158115, 0.172883, 0.23348, 0.240199, 0.243015, 0.283151, 0.315681, 0.350268, 0.501072, 0.516739, 0.555889, 0.0410456, 0.764351, 0.868008, 0.885006, 0.941981, 0.974157, 1, 

94,101,0.001, 0.00745, 0.0225077, 0.0340406, 0.0567296, 0.0858767, 0.0872755, 0.158115, 0.172883, 0.23348, 0.240199, 0.243015, 0.283151, 0.315681, 0.350268, 0.501072, 0.516739, 0.555889, 0.577994, 0.764351, 0.792809, 0.868008, 0.885006, 0.941981, 0.974157, 1, 

77,124,0.001, 0.00745, 0.0225077, 0.0265808, 0.0567296, 0.0858767, 0.0872755, 0.158115, 0.172883, 0.23348, 0.240199, 0.243015, 0.283151, 1, 

82,108,0.001, 0.00745, 0.0225077, 0.0340406, 0.0265808, 0.0567296, 0.0858767, 0.0872755, 0.158115, 0.172883, 0.295852, 0.384299, 0.338205, 0.355727, 1, 

74,140,0.001, 0.00745, 0.0225077, 0.0340406, 0.0567296, 0.109808, 0.157536, 0.171014, 0.329017, 0.374907, 0.0688066, 0.779967, 0.82893, 0.868552, 1, 

90,102,0.001, 0.00745, 0.0225077, 0.0340406, 0.0265808, 0.0567296, 0.0858767, 0.0872755, 0.158115, 0.172883, 0.295852, 0.384299, 0.338205, 0.355727, 0.714174, 0.757247, 0.793975, 0.577994, 0.764351, 0.792809, 0.868008, 0.885006, 0.941981, 0.974157, 1, 

80,115,0.001, 0.00745, 0.0225077, 0.0265808, 0.0567296, 0.0858767, 0.0872755, 0.158115, 0.172883, 0.23348, 0.240199, 0.243015, 0.46151, 0.866332, 1, 

86,107,0.001, 0.00745, 0.0225077, 0.0340406, 0.0265808, 0.0567296, 0.0858767, 0.0872755, 0.158115, 0.172883, 0.384299, 0.338205, 0.355727, 1, 

Generation #23
99,98,0.001, 0.00745, 0.0225077, 0.0265808, 0.0567296, 0.0858767, 0.0872755, 0.158115, 0.172883, 0.23348, 0.240199, 0.243015, 0.283151, 0.315681, 0.350268, 0.501072, 0.516739, 0.555889, 0.0410456, 0.764351, 0.868008, 0.885006, 0.941981, 0.974157, 1, 

94,101,0.001, 0.00745, 0.0225077, 0.0340406, 0.0567296, 0.0858767, 0.0872755, 0.158115, 0.172883, 0.23348, 0.240199, 0.243015, 0.283151, 0.315681, 0.350268, 0.501072, 0.516739, 0.555889, 0.577994, 0.764351, 0.792809, 0.868008, 0.885006, 0.941981, 0.974157, 1, 

74,140,0.001, 0.00745, 0.0225077, 0.0340406, 0.0567296, 0.109808, 0.157536, 0.171014, 0.329017, 0.374907, 0.0688066, 0.779967, 0.82893, 0.868552, 1, 

90,102,0.001, 0.00745, 0.0225077, 0.0340406, 0.0265808, 0.0567296, 0.0858767, 0.0872755, 0.158115, 0.172883, 0.295852, 0.384299, 0.338205, 0.355727, 0.714174, 0.757247, 0.793975, 0.577994, 0.764351, 0.792809, 0.868008, 0.885006, 0.941981, 0.974157, 1, 

76,104,0.001, 0.00745, 0.0225077, 0.0340406, 0.0265808, 0.0567296, 0.0858767, 0.0872755, 0.158115, 0.172883, 0.240199, 0.243015, 0.46151, 0.866332, 1, 

Generation #24
99,98,0.001, 0.00745, 0.0225077, 0.0265808, 0.0567296, 0.0858767, 0.0872755, 0.158115, 0.172883, 0.23348, 0.240199, 0.243015, 0.283151, 0.315681, 0.350268, 0.501072, 0.516739, 0.555889, 0.0410456, 0.764351, 0.868008, 0.885006, 0.941981, 0.974157, 1, 

94,101,0.001, 0.00745, 0.0225077, 0.0340406, 0.0567296, 0.0858767, 0.0872755, 0.158115, 0.172883, 0.23348, 0.240199, 0.243015, 0.283151, 0.315681, 0.350268, 0.501072, 0.516739, 0.555889, 0.577994, 0.764351, 0.792809, 0.868008, 0.885006, 0.941981, 0.974157, 1, 

74,140,0.001, 0.00745, 0.0225077, 0.0340406, 0.0567296, 0.109808, 0.157536, 0.171014, 0.329017, 0.374907, 0.0688066, 0.779967, 0.82893, 0.868552, 1, 

90,102,0.001, 0.00745, 0.0225077, 0.0340406, 0.0265808, 0.0567296, 0.0858767, 0.0872755, 0.158115, 0.172883, 0.295852, 0.384299, 0.338205, 0.355727, 0.714174, 0.757247, 0.793975, 0.577994, 0.764351, 0.792809, 0.868008, 0.885006, 0.941981, 0.974157, 1, 

76,104,0.001, 0.00745, 0.0225077, 0.0340406, 0.0265808, 0.0567296, 0.0858767, 0.0872755, 0.158115, 0.172883, 0.240199, 0.243015, 0.46151, 0.866332, 1, 

Generation #25
99,98,0.001, 0.00745, 0.0225077, 0.0265808, 0.0567296, 0.0858767, 0.0872755, 0.158115, 0.172883, 0.23348, 0.240199, 0.243015, 0.283151, 0.315681, 0.350268, 0.501072, 0.516739, 0.555889, 0.0410456, 0.764351, 0.868008, 0.885006, 0.941981, 0.974157, 1, 

94,101,0.001, 0.00745, 0.0225077, 0.0340406, 0.0567296, 0.0858767, 0.0872755, 0.158115, 0.172883, 0.23348, 0.240199, 0.243015, 0.283151, 0.315681, 0.350268, 0.501072, 0.516739, 0.555889, 0.577994, 0.764351, 0.792809, 0.868008, 0.885006, 0.941981, 0.974157, 1, 

74,140,0.001, 0.00745, 0.0225077, 0.0340406, 0.0567296, 0.109808, 0.157536, 0.171014, 0.329017, 0.374907, 0.0688066, 0.779967, 0.82893, 0.868552, 1, 

90,102,0.001, 0.00745, 0.0225077, 0.0340406, 0.0265808, 0.0567296, 0.0858767, 0.0872755, 0.158115, 0.172883, 0.295852, 0.384299, 0.338205, 0.355727, 0.714174, 0.757247, 0.793975, 0.577994, 0.764351, 0.792809, 0.868008, 0.885006, 0.941981, 0.974157, 1, 

76,104,0.001, 0.00745, 0.0225077, 0.0340406, 0.0265808, 0.0567296, 0.0858767, 0.0872755, 0.158115, 0.172883, 0.240199, 0.243015, 0.46151, 0.866332, 1, 

Generation #26
99,98,0.001, 0.00745, 0.0225077, 0.0265808, 0.0567296, 0.0858767, 0.0872755, 0.158115, 0.172883, 0.23348, 0.240199, 0.243015, 0.283151, 0.315681, 0.350268, 0.501072, 0.516739, 0.555889, 0.0410456, 0.764351, 0.868008, 0.885006, 0.941981, 0.974157, 1, 

94,101,0.001, 0.00745, 0.0225077, 0.0340406, 0.0567296, 0.0858767, 0.0872755, 0.158115, 0.172883, 0.23348, 0.240199, 0.243015, 0.283151, 0.315681, 0.350268, 0.501072, 0.516739, 0.555889, 0.577994, 0.764351, 0.792809, 0.868008, 0.885006, 0.941981, 0.974157, 1, 

74,140,0.001, 0.00745, 0.0225077, 0.0340406, 0.0567296, 0.109808, 0.157536, 0.171014, 0.329017, 0.374907, 0.0688066, 0.779967, 0.82893, 0.868552, 1, 

90,102,0.001, 0.00745, 0.0225077, 0.0340406, 0.0265808, 0.0567296, 0.0858767, 0.0872755, 0.158115, 0.172883, 0.295852, 0.384299, 0.338205, 0.355727, 0.714174, 0.757247, 0.793975, 0.577994, 0.764351, 0.792809, 0.868008, 0.885006, 0.941981, 0.974157, 1, 

76,104,0.001, 0.00745, 0.0225077, 0.0340406, 0.0265808, 0.0567296, 0.0858767, 0.0872755, 0.158115, 0.172883, 0.240199, 0.243015, 0.46151, 0.866332, 1, 

Generation #27
99,98,0.001, 0.00745, 0.0225077, 0.0265808, 0.0567296, 0.0858767, 0.0872755, 0.158115, 0.172883, 0.23348, 0.240199, 0.243015, 0.283151, 0.315681, 0.350268, 0.501072, 0.516739, 0.555889, 0.0410456, 0.764351, 0.868008, 0.885006, 0.941981, 0.974157, 1, 

94,101,0.001, 0.00745, 0.0225077, 0.0340406, 0.0567296, 0.0858767, 0.0872755, 0.158115, 0.172883, 0.23348, 0.240199, 0.243015, 0.283151, 0.315681, 0.350268, 0.501072, 0.516739, 0.555889, 0.577994, 0.764351, 0.792809, 0.868008, 0.885006, 0.941981, 0.974157, 1, 

74,140,0.001, 0.00745, 0.0225077, 0.0340406, 0.0567296, 0.109808, 0.157536, 0.171014, 0.329017, 0.374907, 0.0688066, 0.779967, 0.82893, 0.868552, 1, 

90,102,0.001, 0.00745, 0.0225077, 0.0340406, 0.0265808, 0.0567296, 0.0858767, 0.0872755, 0.158115, 0.172883, 0.295852, 0.384299, 0.338205, 0.355727, 0.714174, 0.757247, 0.793975, 0.577994, 0.764351, 0.792809, 0.868008, 0.885006, 0.941981, 0.974157, 1, 

76,104,0.001, 0.00745, 0.0225077, 0.0340406, 0.0265808, 0.0567296, 0.0858767, 0.0872755, 0.158115, 0.172883, 0.240199, 0.243015, 0.46151, 0.866332, 1, 

Generation #28
74,140,0.001, 0.00745, 0.0225077, 0.0340406, 0.0567296, 0.109808, 0.157536, 0.171014, 0.329017, 0.374907, 0.0688066, 0.779967, 0.82893, 0.868552, 1, 

76,104,0.001, 0.00745, 0.0225077, 0.0340406, 0.0265808, 0.0567296, 0.0858767, 0.0872755, 0.158115, 0.172883, 0.240199, 0.243015, 0.46151, 0.866332, 1, 

84,96,0.001, 0.00745, 0.0225077, 0.0265808, 0.0567296, 0.0858767, 0.0872755, 0.158115, 0.172883, 0.172883, 0.295852, 0.384299, 0.338205, 0.355727, 1, 

Generation #29
74,140,0.001, 0.00745, 0.0225077, 0.0340406, 0.0567296, 0.109808, 0.157536, 0.171014, 0.329017, 0.374907, 0.0688066, 0.779967, 0.82893, 0.868552, 1, 

76,104,0.001, 0.00745, 0.0225077, 0.0340406, 0.0265808, 0.0567296, 0.0858767, 0.0872755, 0.158115, 0.172883, 0.240199, 0.243015, 0.46151, 0.866332, 1, 

82,82,0.001, 0.00745, 0.0225077, 0.0340406, 0.0265808, 0.0567296, 0.0858767, 0.0872755, 0.158115, 0.172883, 0.240199, 0.243015, 0.46151, 0.355727, 1, 

Generation #30
76,104,0.001, 0.00745, 0.0225077, 0.0340406, 0.0265808, 0.0567296, 0.0858767, 0.0872755, 0.158115, 0.172883, 0.240199, 0.243015, 0.46151, 0.866332, 1, 

82,82,0.001, 0.00745, 0.0225077, 0.0340406, 0.0265808, 0.0567296, 0.0858767, 0.0872755, 0.158115, 0.172883, 0.240199, 0.243015, 0.46151, 0.355727, 1, 

73,128,0.001, 0.0121095, 0.0661655, 0.0567296, 0.0567296, 0.0858767, 0.0872755, 0.158115, 0.172883, 0.240199, 0.243015, 0.283151, 0.315681, 1, 

Generation #31
76,104,0.001, 0.00745, 0.0225077, 0.0340406, 0.0265808, 0.0567296, 0.0858767, 0.0872755, 0.158115, 0.172883, 0.240199, 0.243015, 0.46151, 0.866332, 1, 

82,82,0.001, 0.00745, 0.0225077, 0.0340406, 0.0265808, 0.0567296, 0.0858767, 0.0872755, 0.158115, 0.172883, 0.240199, 0.243015, 0.46151, 0.355727, 1, 

73,128,0.001, 0.0121095, 0.0661655, 0.0567296, 0.0567296, 0.0858767, 0.0872755, 0.158115, 0.172883, 0.240199, 0.243015, 0.283151, 0.315681, 1, 

Generation #32
76,104,0.001, 0.00745, 0.0225077, 0.0340406, 0.0265808, 0.0567296, 0.0858767, 0.0872755, 0.158115, 0.172883, 0.240199, 0.243015, 0.46151, 0.866332, 1, 

82,82,0.001, 0.00745, 0.0225077, 0.0340406, 0.0265808, 0.0567296, 0.0858767, 0.0872755, 0.158115, 0.172883, 0.240199, 0.243015, 0.46151, 0.355727, 1, 

73,128,0.001, 0.0121095, 0.0661655, 0.0567296, 0.0567296, 0.0858767, 0.0872755, 0.158115, 0.172883, 0.240199, 0.243015, 0.283151, 0.315681, 1, 

Generation #33
76,104,0.001, 0.00745, 0.0225077, 0.0340406, 0.0265808, 0.0567296, 0.0858767, 0.0872755, 0.158115, 0.172883, 0.240199, 0.243015, 0.46151, 0.866332, 1, 

82,82,0.001, 0.00745, 0.0225077, 0.0340406, 0.0265808, 0.0567296, 0.0858767, 0.0872755, 0.158115, 0.172883, 0.240199, 0.243015, 0.46151, 0.355727, 1, 

73,128,0.001, 0.0121095, 0.0661655, 0.0567296, 0.0567296, 0.0858767, 0.0872755, 0.158115, 0.172883, 0.240199, 0.243015, 0.283151, 0.315681, 1, 

Generation #34
76,104,0.001, 0.00745, 0.0225077, 0.0340406, 0.0265808, 0.0567296, 0.0858767, 0.0872755, 0.158115, 0.172883, 0.240199, 0.243015, 0.46151, 0.866332, 1, 

82,82,0.001, 0.00745, 0.0225077, 0.0340406, 0.0265808, 0.0567296, 0.0858767, 0.0872755, 0.158115, 0.172883, 0.240199, 0.243015, 0.46151, 0.355727, 1, 

73,128,0.001, 0.0121095, 0.0661655, 0.0567296, 0.0567296, 0.0858767, 0.0872755, 0.158115, 0.172883, 0.240199, 0.243015, 0.283151, 0.315681, 1, 

Generation #35
76,104,0.001, 0.00745, 0.0225077, 0.0340406, 0.0265808, 0.0567296, 0.0858767, 0.0872755, 0.158115, 0.172883, 0.240199, 0.243015, 0.46151, 0.866332, 1, 

82,82,0.001, 0.00745, 0.0225077, 0.0340406, 0.0265808, 0.0567296, 0.0858767, 0.0872755, 0.158115, 0.172883, 0.240199, 0.243015, 0.46151, 0.355727, 1, 

73,105,0.001, 0.00745, 0.0225077, 0.0340406, 0.0265808, 0.0567296, 0.0872755, 0.158115, 0.172883, 0.240199, 0.243015, 0.283151, 0.315681, 1, 

Generation #36
76,104,0.001, 0.00745, 0.0225077, 0.0340406, 0.0265808, 0.0567296, 0.0858767, 0.0872755, 0.158115, 0.172883, 0.240199, 0.243015, 0.46151, 0.866332, 1, 

82,82,0.001, 0.00745, 0.0225077, 0.0340406, 0.0265808, 0.0567296, 0.0858767, 0.0872755, 0.158115, 0.172883, 0.240199, 0.243015, 0.46151, 0.355727, 1, 

73,105,0.001, 0.00745, 0.0225077, 0.0340406, 0.0265808, 0.0567296, 0.0872755, 0.158115, 0.172883, 0.240199, 0.243015, 0.283151, 0.315681, 1, 

Generation #37
76,104,0.001, 0.00745, 0.0225077, 0.0340406, 0.0265808, 0.0567296, 0.0858767, 0.0872755, 0.158115, 0.172883, 0.240199, 0.243015, 0.46151, 0.866332, 1, 

82,82,0.001, 0.00745, 0.0225077, 0.0340406, 0.0265808, 0.0567296, 0.0858767, 0.0872755, 0.158115, 0.172883, 0.240199, 0.243015, 0.46151, 0.355727, 1, 

73,105,0.001, 0.00745, 0.0225077, 0.0340406, 0.0265808, 0.0567296, 0.0872755, 0.158115, 0.172883, 0.240199, 0.243015, 0.283151, 0.315681, 1, 

Generation #38
76,104,0.001, 0.00745, 0.0225077, 0.0340406, 0.0265808, 0.0567296, 0.0858767, 0.0872755, 0.158115, 0.172883, 0.240199, 0.243015, 0.46151, 0.866332, 1, 

82,82,0.001, 0.00745, 0.0225077, 0.0340406, 0.0265808, 0.0567296, 0.0858767, 0.0872755, 0.158115, 0.172883, 0.240199, 0.243015, 0.46151, 0.355727, 1, 

73,105,0.001, 0.00745, 0.0225077, 0.0340406, 0.0265808, 0.0567296, 0.0872755, 0.158115, 0.172883, 0.240199, 0.243015, 0.283151, 0.315681, 1, 

Generation #39
76,104,0.001, 0.00745, 0.0225077, 0.0340406, 0.0265808, 0.0567296, 0.0858767, 0.0872755, 0.158115, 0.172883, 0.240199, 0.243015, 0.46151, 0.866332, 1, 

82,82,0.001, 0.00745, 0.0225077, 0.0340406, 0.0265808, 0.0567296, 0.0858767, 0.0872755, 0.158115, 0.172883, 0.240199, 0.243015, 0.46151, 0.355727, 1, 

73,105,0.001, 0.00745, 0.0225077, 0.0340406, 0.0265808, 0.0567296, 0.0872755, 0.158115, 0.172883, 0.240199, 0.243015, 0.283151, 0.315681, 1, 

Generation #40
76,104,0.001, 0.00745, 0.0225077, 0.0340406, 0.0265808, 0.0567296, 0.0858767, 0.0872755, 0.158115, 0.172883, 0.240199, 0.243015, 0.46151, 0.866332, 1, 

82,82,0.001, 0.00745, 0.0225077, 0.0340406, 0.0265808, 0.0567296, 0.0858767, 0.0872755, 0.158115, 0.172883, 0.240199, 0.243015, 0.46151, 0.355727, 1, 

73,105,0.001, 0.00745, 0.0225077, 0.0340406, 0.0265808, 0.0567296, 0.0872755, 0.158115, 0.172883, 0.240199, 0.243015, 0.283151, 0.315681, 1, 

79,98,0.001, 0.00745, 0.0225077, 0.0265808, 0.0567296, 0.0567296, 0.0858767, 0.0872755, 0.158115, 0.172883, 0.295852, 0.384299, 0.338205, 0.355727, 1, 

Generation #41
76,104,0.001, 0.00745, 0.0225077, 0.0340406, 0.0265808, 0.0567296, 0.0858767, 0.0872755, 0.158115, 0.172883, 0.240199, 0.243015, 0.46151, 0.866332, 1, 

82,82,0.001, 0.00745, 0.0225077, 0.0340406, 0.0265808, 0.0567296, 0.0858767, 0.0872755, 0.158115, 0.172883, 0.240199, 0.243015, 0.46151, 0.355727, 1, 

73,105,0.001, 0.00745, 0.0225077, 0.0340406, 0.0265808, 0.0567296, 0.0872755, 0.158115, 0.172883, 0.240199, 0.243015, 0.283151, 0.315681, 1, 

79,98,0.001, 0.00745, 0.0225077, 0.0265808, 0.0567296, 0.0567296, 0.0858767, 0.0872755, 0.158115, 0.172883, 0.295852, 0.384299, 0.338205, 0.355727, 1, 

Generation #42
76,104,0.001, 0.00745, 0.0225077, 0.0340406, 0.0265808, 0.0567296, 0.0858767, 0.0872755, 0.158115, 0.172883, 0.240199, 0.243015, 0.46151, 0.866332, 1, 

82,82,0.001, 0.00745, 0.0225077, 0.0340406, 0.0265808, 0.0567296, 0.0858767, 0.0872755, 0.158115, 0.172883, 0.240199, 0.243015, 0.46151, 0.355727, 1, 

73,105,0.001, 0.00745, 0.0225077, 0.0340406, 0.0265808, 0.0567296, 0.0872755, 0.158115, 0.172883, 0.240199, 0.243015, 0.283151, 0.315681, 1, 

79,98,0.001, 0.00745, 0.0225077, 0.0265808, 0.0567296, 0.0567296, 0.0858767, 0.0872755, 0.158115, 0.172883, 0.295852, 0.384299, 0.338205, 0.355727, 1, 

Generation #43
76,104,0.001, 0.00745, 0.0225077, 0.0340406, 0.0265808, 0.0567296, 0.0858767, 0.0872755, 0.158115, 0.172883, 0.240199, 0.243015, 0.46151, 0.866332, 1, 

82,82,0.001, 0.00745, 0.0225077, 0.0340406, 0.0265808, 0.0567296, 0.0858767, 0.0872755, 0.158115, 0.172883, 0.240199, 0.243015, 0.46151, 0.355727, 1, 

73,105,0.001, 0.00745, 0.0225077, 0.0340406, 0.0265808, 0.0567296, 0.0872755, 0.158115, 0.172883, 0.240199, 0.243015, 0.283151, 0.315681, 1, 

79,98,0.001, 0.00745, 0.0225077, 0.0265808, 0.0567296, 0.0567296, 0.0858767, 0.0872755, 0.158115, 0.172883, 0.295852, 0.384299, 0.338205, 0.355727, 1, 

Generation #44
76,104,0.001, 0.00745, 0.0225077, 0.0340406, 0.0265808, 0.0567296, 0.0858767, 0.0872755, 0.158115, 0.172883, 0.240199, 0.243015, 0.46151, 0.866332, 1, 

82,82,0.001, 0.00745, 0.0225077, 0.0340406, 0.0265808, 0.0567296, 0.0858767, 0.0872755, 0.158115, 0.172883, 0.240199, 0.243015, 0.46151, 0.355727, 1, 

73,105,0.001, 0.00745, 0.0225077, 0.0340406, 0.0265808, 0.0567296, 0.0872755, 0.158115, 0.172883, 0.240199, 0.243015, 0.283151, 0.315681, 1, 

79,98,0.001, 0.00745, 0.0225077, 0.0265808, 0.0567296, 0.0567296, 0.0858767, 0.0872755, 0.158115, 0.172883, 0.295852, 0.384299, 0.338205, 0.355727, 1, 

78,101,0.001, 0.00745, 0.0225077, 0.0265808, 0.0265808, 0.0567296, 0.0858767, 0.0872755, 0.158115, 0.172883, 0.240199, 0.243015, 0.746328, 0.839298, 0.990927, 1, 

Generation #45
76,104,0.001, 0.00745, 0.0225077, 0.0340406, 0.0265808, 0.0567296, 0.0858767, 0.0872755, 0.158115, 0.172883, 0.240199, 0.243015, 0.46151, 0.866332, 1, 

82,82,0.001, 0.00745, 0.0225077, 0.0340406, 0.0265808, 0.0567296, 0.0858767, 0.0872755, 0.158115, 0.172883, 0.240199, 0.243015, 0.46151, 0.355727, 1, 

73,105,0.001, 0.00745, 0.0225077, 0.0340406, 0.0265808, 0.0567296, 0.0872755, 0.158115, 0.172883, 0.240199, 0.243015, 0.283151, 0.315681, 1, 

79,98,0.001, 0.00745, 0.0225077, 0.0265808, 0.0567296, 0.0567296, 0.0858767, 0.0872755, 0.158115, 0.172883, 0.295852, 0.384299, 0.338205, 0.355727, 1, 

78,101,0.001, 0.00745, 0.0225077, 0.0265808, 0.0265808, 0.0567296, 0.0858767, 0.0872755, 0.158115, 0.172883, 0.240199, 0.243015, 0.746328, 0.839298, 0.990927, 1, 

Generation #46
76,104,0.001, 0.00745, 0.0225077, 0.0340406, 0.0265808, 0.0567296, 0.0858767, 0.0872755, 0.158115, 0.172883, 0.240199, 0.243015, 0.46151, 0.866332, 1, 

82,82,0.001, 0.00745, 0.0225077, 0.0340406, 0.0265808, 0.0567296, 0.0858767, 0.0872755, 0.158115, 0.172883, 0.240199, 0.243015, 0.46151, 0.355727, 1, 

73,105,0.001, 0.00745, 0.0225077, 0.0340406, 0.0265808, 0.0567296, 0.0872755, 0.158115, 0.172883, 0.240199, 0.243015, 0.283151, 0.315681, 1, 

79,98,0.001, 0.00745, 0.0225077, 0.0265808, 0.0567296, 0.0567296, 0.0858767, 0.0872755, 0.158115, 0.172883, 0.295852, 0.384299, 0.338205, 0.355727, 1, 

78,101,0.001, 0.00745, 0.0225077, 0.0265808, 0.0265808, 0.0567296, 0.0858767, 0.0872755, 0.158115, 0.172883, 0.240199, 0.243015, 0.746328, 0.839298, 0.990927, 1, 

Generation #47
76,104,0.001, 0.00745, 0.0225077, 0.0340406, 0.0265808, 0.0567296, 0.0858767, 0.0872755, 0.158115, 0.172883, 0.240199, 0.243015, 0.46151, 0.866332, 1, 

82,82,0.001, 0.00745, 0.0225077, 0.0340406, 0.0265808, 0.0567296, 0.0858767, 0.0872755, 0.158115, 0.172883, 0.240199, 0.243015, 0.46151, 0.355727, 1, 

73,105,0.001, 0.00745, 0.0225077, 0.0340406, 0.0265808, 0.0567296, 0.0872755, 0.158115, 0.172883, 0.240199, 0.243015, 0.283151, 0.315681, 1, 

79,98,0.001, 0.00745, 0.0225077, 0.0265808, 0.0567296, 0.0567296, 0.0858767, 0.0872755, 0.158115, 0.172883, 0.295852, 0.384299, 0.338205, 0.355727, 1, 

78,101,0.001, 0.00745, 0.0225077, 0.0265808, 0.0265808, 0.0567296, 0.0858767, 0.0872755, 0.158115, 0.172883, 0.240199, 0.243015, 0.746328, 0.839298, 0.990927, 1, 

Generation #48
76,104,0.001, 0.00745, 0.0225077, 0.0340406, 0.0265808, 0.0567296, 0.0858767, 0.0872755, 0.158115, 0.172883, 0.240199, 0.243015, 0.46151, 0.866332, 1, 

82,82,0.001, 0.00745, 0.0225077, 0.0340406, 0.0265808, 0.0567296, 0.0858767, 0.0872755, 0.158115, 0.172883, 0.240199, 0.243015, 0.46151, 0.355727, 1, 

73,105,0.001, 0.00745, 0.0225077, 0.0340406, 0.0265808, 0.0567296, 0.0872755, 0.158115, 0.172883, 0.240199, 0.243015, 0.283151, 0.315681, 1, 

79,98,0.001, 0.00745, 0.0225077, 0.0265808, 0.0567296, 0.0567296, 0.0858767, 0.0872755, 0.158115, 0.172883, 0.295852, 0.384299, 0.338205, 0.355727, 1, 

78,101,0.001, 0.00745, 0.0225077, 0.0265808, 0.0265808, 0.0567296, 0.0858767, 0.0872755, 0.158115, 0.172883, 0.240199, 0.243015, 0.746328, 0.839298, 0.990927, 1, 

Generation #49
76,104,0.001, 0.00745, 0.0225077, 0.0340406, 0.0265808, 0.0567296, 0.0858767, 0.0872755, 0.158115, 0.172883, 0.240199, 0.243015, 0.46151, 0.866332, 1, 

82,82,0.001, 0.00745, 0.0225077, 0.0340406, 0.0265808, 0.0567296, 0.0858767, 0.0872755, 0.158115, 0.172883, 0.240199, 0.243015, 0.46151, 0.355727, 1, 

73,105,0.001, 0.00745, 0.0225077, 0.0340406, 0.0265808, 0.0567296, 0.0872755, 0.158115, 0.172883, 0.240199, 0.243015, 0.283151, 0.315681, 1, 

79,98,0.001, 0.00745, 0.0225077, 0.0265808, 0.0567296, 0.0567296, 0.0858767, 0.0872755, 0.158115, 0.172883, 0.295852, 0.384299, 0.338205, 0.355727, 1, 

78,101,0.001, 0.00745, 0.0225077, 0.0265808, 0.0265808, 0.0567296, 0.0858767, 0.0872755, 0.158115, 0.172883, 0.240199, 0.243015, 0.746328, 0.839298, 0.990927, 1, 

--- Pareto Front Solutions ---
Solution 0: N total=181 (N_initial=105, N_added=76), Time total=114 ms, Saved to: ./results/Wireless_t2_l3_pareto_0.csv, percents=0.001, 0.00745, 0.0225077, 0.0340406, 0.0265808, 0.0567296, 0.0858767, 0.0872755, 0.158115, 0.172883, 0.240199, 0.243015, 0.46151, 0.866332, 1, 

Solution 1: N total=187 (N_initial=105, N_added=82), Time total=92 ms, Saved to: ./results/Wireless_t2_l3_pareto_1.csv, percents=0.001, 0.00745, 0.0225077, 0.0340406, 0.0265808, 0.0567296, 0.0858767, 0.0872755, 0.158115, 0.172883, 0.240199, 0.243015, 0.46151, 0.355727, 1, 

Solution 2: N total=178 (N_initial=105, N_added=73), Time total=115 ms, Saved to: ./results/Wireless_t2_l3_pareto_2.csv, percents=0.001, 0.00745, 0.0225077, 0.0340406, 0.0265808, 0.0567296, 0.0872755, 0.158115, 0.172883, 0.240199, 0.243015, 0.283151, 0.315681, 1, 

Solution 3: N total=184 (N_initial=105, N_added=79), Time total=108 ms, Saved to: ./results/Wireless_t2_l3_pareto_3.csv, percents=0.001, 0.00745, 0.0225077, 0.0265808, 0.0567296, 0.0567296, 0.0858767, 0.0872755, 0.158115, 0.172883, 0.295852, 0.384299, 0.338205, 0.355727, 1, 

Solution 4: N total=183 (N_initial=105, N_added=78), Time total=111 ms, Saved to: ./results/Wireless_t2_l3_pareto_4.csv, percents=0.001, 0.00745, 0.0225077, 0.0265808, 0.0265808, 0.0567296, 0.0858767, 0.0872755, 0.158115, 0.172883, 0.240199, 0.243015, 0.746328, 0.839298, 0.990927, 1, 

------------d=1, t=2, lambda=4, filename=./evaluation/Wireless/Wireless_2_4.csv------------
Computing partitioned counts of d-sets...
Ready to look at pairs based on partitioned counts...
First Stage N=120, Time=11
There are 533 remaining non-locating pairs
--- Running GA Algorithm (phase2) ---
Running GA with std::execution::par
Generation #0
118,306,0.001, 0.0528351, 0.0690644, 0.0720086, 0.103171, 0.305357, 0.358336, 0.365954, 0.476899, 0.569963, 0.645855, 0.797295, 0.825806, 0.845321, 0.84877, 0.882679, 0.901776, 0.917277, 0.995545, 1, 

111,446,0.001, 0.147924, 0.169298, 0.224879, 0.241364, 0.249549, 0.328465, 0.448061, 0.6357, 0.673433, 0.757154, 0.811694, 0.821098, 0.833059, 0.908792, 1, 

117,384,0.001, 0.0697781, 0.0975876, 0.182804, 0.19366, 0.204868, 0.22363, 0.241149, 0.311445, 0.434526, 0.75955, 0.76309, 0.81352, 0.901962, 1, 

123,268,0.001, 0.0432314, 0.0992849, 0.121527, 0.161264, 0.251222, 0.263637, 0.284781, 0.32547, 0.434494, 0.468139, 0.50574, 0.538964, 0.555211, 0.588065, 0.679642, 0.729215, 0.734934, 0.780452, 0.852323, 0.878961, 0.90846, 0.915386, 0.932784, 0.972338, 0.992949, 0.995307, 1, 

Generation #1
112,269,0.001, 0.0139363, 0.0442054, 0.0541177, 0.0858871, 0.155081, 0.197434, 0.651719, 0.723903, 0.801696, 0.853724, 1, 

117,232,0.001, 0.0335262, 0.0459306, 0.0569078, 0.112743, 0.175442, 0.362215, 0.591117, 0.674311, 0.781026, 0.805829, 0.837049, 0.883334, 0.989871, 1, 

104,428,0.001, 0.0335262, 0.0459306, 0.0569078, 0.112743, 0.328023, 0.497525, 0.724802, 0.782679, 0.785865, 0.838646, 0.842273, 1, 

Generation #2
112,269,0.001, 0.0139363, 0.0442054, 0.0541177, 0.0858871, 0.155081, 0.197434, 0.651719, 0.723903, 0.801696, 0.853724, 1, 

117,232,0.001, 0.0335262, 0.0459306, 0.0569078, 0.112743, 0.175442, 0.362215, 0.591117, 0.674311, 0.781026, 0.805829, 0.837049, 0.883334, 0.989871, 1, 

104,428,0.001, 0.0335262, 0.0459306, 0.0569078, 0.112743, 0.328023, 0.497525, 0.724802, 0.782679, 0.785865, 0.838646, 0.842273, 1, 

110,329,0.001, 0.0528351, 0.0690644, 0.179829, 0.515851, 0.521273, 0.578696, 0.651719, 0.723903, 0.801696, 0.853724, 1, 

105,396,0.001, 0.0693915, 0.0948829, 0.393117, 0.406201, 0.478974, 0.49315, 0.509043, 0.614908, 0.641382, 0.673947, 0.745696, 0.775171, 0.894419, 0.903374, 0.957059, 0.988048, 1, 

114,256,0.001, 0.0878512, 0.132788, 0.142174, 0.161264, 0.251222, 0.263637, 0.284781, 0.32547, 0.434494, 0.468139, 0.50574, 1, 

120,231,0.001, 0.0121723, 0.0313464, 0.0821364, 0.0894986, 0.106766, 0.143706, 0.235224, 0.289329, 0.303833, 0.316327, 1, 

Generation #3
109,215,0.001, 0.0139363, 0.0442054, 0.0541177, 0.0858871, 0.155081, 0.197434, 0.279701, 0.401844, 0.396167, 1, 

102,308,0.001, 0.00683474, 0.0861553, 0.0915115, 0.0950112, 0.448971, 0.700367, 0.725167, 0.764437, 0.714387, 0.727717, 1, 

107,303,0.001, 0.0513579, 0.0619295, 0.178231, 0.236998, 0.33488, 0.33999, 0.533311, 0.764437, 0.804916, 0.826695, 1, 

Generation #4
109,215,0.001, 0.0139363, 0.0442054, 0.0541177, 0.0858871, 0.155081, 0.197434, 0.279701, 0.401844, 0.396167, 1, 

102,308,0.001, 0.00683474, 0.0861553, 0.0915115, 0.0950112, 0.448971, 0.700367, 0.725167, 0.764437, 0.714387, 0.727717, 1, 

107,303,0.001, 0.0513579, 0.0619295, 0.178231, 0.236998, 0.33488, 0.33999, 0.533311, 0.764437, 0.804916, 0.826695, 1, 

Generation #5
109,215,0.001, 0.0139363, 0.0442054, 0.0541177, 0.0858871, 0.155081, 0.197434, 0.279701, 0.401844, 0.396167, 1, 

102,308,0.001, 0.00683474, 0.0861553, 0.0915115, 0.0950112, 0.448971, 0.700367, 0.725167, 0.764437, 0.714387, 0.727717, 1, 

107,303,0.001, 0.0513579, 0.0619295, 0.178231, 0.236998, 0.33488, 0.33999, 0.533311, 0.764437, 0.804916, 0.826695, 1, 

Generation #6
109,215,0.001, 0.0139363, 0.0442054, 0.0541177, 0.0858871, 0.155081, 0.197434, 0.279701, 0.401844, 0.396167, 1, 

106,263,0.001, 0.00683474, 0.0861553, 0.0915115, 0.0950112, 0.143773, 0.14473, 0.303854, 0.368422, 1, 

102,275,0.001, 0.0121723, 0.0313464, 0.0821364, 0.0894986, 0.155081, 0.197434, 0.279701, 0.401844, 0.396167, 1, 

111,195,0.001, 0.0139363, 0.0442054, 0.0541177, 0.0858871, 0.155081, 0.197434, 0.279701, 0.401844, 0.714387, 0.727717, 1, 

99,311,0.001, 0.00683474, 0.0861553, 0.0915115, 0.0950112, 0.143773, 0.14473, 0.303854, 0.289329, 0.303833, 0.727717, 1, 

Generation #7
109,215,0.001, 0.0139363, 0.0442054, 0.0541177, 0.0858871, 0.155081, 0.197434, 0.279701, 0.401844, 0.396167, 1, 

102,275,0.001, 0.0121723, 0.0313464, 0.0821364, 0.0894986, 0.155081, 0.197434, 0.279701, 0.401844, 0.396167, 1, 

111,195,0.001, 0.0139363, 0.0442054, 0.0541177, 0.0858871, 0.155081, 0.197434, 0.279701, 0.401844, 0.714387, 0.727717, 1, 

99,311,0.001, 0.00683474, 0.0861553, 0.0915115, 0.0950112, 0.143773, 0.14473, 0.303854, 0.289329, 0.303833, 0.727717, 1, 

105,263,0.001, 0.0513579, 0.0313464, 0.0821364, 0.0894986, 0.155081, 0.197434, 0.279701, 0.401844, 0.396167, 1, 

Generation #8
109,215,0.001, 0.0139363, 0.0442054, 0.0541177, 0.0858871, 0.155081, 0.197434, 0.279701, 0.401844, 0.396167, 1, 

102,275,0.001, 0.0121723, 0.0313464, 0.0821364, 0.0894986, 0.155081, 0.197434, 0.279701, 0.401844, 0.396167, 1, 

111,195,0.001, 0.0139363, 0.0442054, 0.0541177, 0.0858871, 0.155081, 0.197434, 0.279701, 0.401844, 0.714387, 0.727717, 1, 

99,311,0.001, 0.00683474, 0.0861553, 0.0915115, 0.0950112, 0.143773, 0.14473, 0.303854, 0.289329, 0.303833, 0.727717, 1, 

105,263,0.001, 0.0513579, 0.0313464, 0.0821364, 0.0894986, 0.155081, 0.197434, 0.279701, 0.401844, 0.396167, 1, 

Generation #9
109,215,0.001, 0.0139363, 0.0442054, 0.0541177, 0.0858871, 0.155081, 0.197434, 0.279701, 0.401844, 0.396167, 1, 

102,275,0.001, 0.0121723, 0.0313464, 0.0821364, 0.0894986, 0.155081, 0.197434, 0.279701, 0.401844, 0.396167, 1, 

111,195,0.001, 0.0139363, 0.0442054, 0.0541177, 0.0858871, 0.155081, 0.197434, 0.279701, 0.401844, 0.714387, 0.727717, 1, 

99,311,0.001, 0.00683474, 0.0861553, 0.0915115, 0.0950112, 0.143773, 0.14473, 0.303854, 0.289329, 0.303833, 0.727717, 1, 

105,263,0.001, 0.0513579, 0.0313464, 0.0821364, 0.0894986, 0.155081, 0.197434, 0.279701, 0.401844, 0.396167, 1, 

Generation #10
109,215,0.001, 0.0139363, 0.0442054, 0.0541177, 0.0858871, 0.155081, 0.197434, 0.279701, 0.401844, 0.396167, 1, 

102,275,0.001, 0.0121723, 0.0313464, 0.0821364, 0.0894986, 0.155081, 0.197434, 0.279701, 0.401844, 0.396167, 1, 

111,195,0.001, 0.0139363, 0.0442054, 0.0541177, 0.0858871, 0.155081, 0.197434, 0.279701, 0.401844, 0.714387, 0.727717, 1, 

99,311,0.001, 0.00683474, 0.0861553, 0.0915115, 0.0950112, 0.143773, 0.14473, 0.303854, 0.289329, 0.303833, 0.727717, 1, 

105,263,0.001, 0.0513579, 0.0313464, 0.0821364, 0.0894986, 0.155081, 0.197434, 0.279701, 0.401844, 0.396167, 1, 

Generation #11
102,275,0.001, 0.0121723, 0.0313464, 0.0821364, 0.0894986, 0.155081, 0.197434, 0.279701, 0.401844, 0.396167, 1, 

111,195,0.001, 0.0139363, 0.0442054, 0.0541177, 0.0858871, 0.155081, 0.197434, 0.279701, 0.401844, 0.714387, 0.727717, 1, 

99,311,0.001, 0.00683474, 0.0861553, 0.0915115, 0.0950112, 0.143773, 0.14473, 0.303854, 0.289329, 0.303833, 0.727717, 1, 

105,263,0.001, 0.0513579, 0.0313464, 0.0821364, 0.0894986, 0.155081, 0.197434, 0.279701, 0.401844, 0.396167, 1, 

107,218,0.001, 0.0335262, 0.0459306, 0.0569078, 0.112743, 0.175442, 0.143706, 0.235224, 0.401844, 1, 

108,200,0.001, 0.0335262, 0.0459306, 0.0569078, 0.112743, 0.175442, 0.143706, 0.235224, 0.289329, 0.303833, 1, 

Generation #12
102,275,0.001, 0.0121723, 0.0313464, 0.0821364, 0.0894986, 0.155081, 0.197434, 0.279701, 0.401844, 0.396167, 1, 

111,195,0.001, 0.0139363, 0.0442054, 0.0541177, 0.0858871, 0.155081, 0.197434, 0.279701, 0.401844, 0.714387, 0.727717, 1, 

99,311,0.001, 0.00683474, 0.0861553, 0.0915115, 0.0950112, 0.143773, 0.14473, 0.303854, 0.289329, 0.303833, 0.727717, 1, 

105,263,0.001, 0.0513579, 0.0313464, 0.0821364, 0.0894986, 0.155081, 0.197434, 0.279701, 0.401844, 0.396167, 1, 

107,218,0.001, 0.0335262, 0.0459306, 0.0569078, 0.112743, 0.175442, 0.143706, 0.235224, 0.401844, 1, 

108,200,0.001, 0.0335262, 0.0459306, 0.0569078, 0.112743, 0.175442, 0.143706, 0.235224, 0.289329, 0.303833, 1, 

113,186,0.001, 0.0432314, 0.0313464, 0.0821364, 0.0858871, 0.155081, 0.197434, 0.279701, 0.401844, 0.714387, 0.473464, 1, 

Generation #13
102,275,0.001, 0.0121723, 0.0313464, 0.0821364, 0.0894986, 0.155081, 0.197434, 0.279701, 0.401844, 0.396167, 1, 

111,195,0.001, 0.0139363, 0.0442054, 0.0541177, 0.0858871, 0.155081, 0.197434, 0.279701, 0.401844, 0.714387, 0.727717, 1, 

99,311,0.001, 0.00683474, 0.0861553, 0.0915115, 0.0950112, 0.143773, 0.14473, 0.303854, 0.289329, 0.303833, 0.727717, 1, 

105,263,0.001, 0.0513579, 0.0313464, 0.0821364, 0.0894986, 0.155081, 0.197434, 0.279701, 0.401844, 0.396167, 1, 

107,218,0.001, 0.0335262, 0.0459306, 0.0569078, 0.112743, 0.175442, 0.143706, 0.235224, 0.401844, 1, 

108,200,0.001, 0.0335262, 0.0459306, 0.0569078, 0.112743, 0.175442, 0.143706, 0.235224, 0.289329, 0.303833, 1, 

113,186,0.001, 0.0432314, 0.0313464, 0.0821364, 0.0858871, 0.155081, 0.197434, 0.279701, 0.401844, 0.714387, 0.473464, 1, 

106,225,0.0139363, 0.0442054, 0.0541177, 0.0858871, 0.155081, 0.175442, 0.362215, 0.428048, 0.591164, 0.616657, 1, 

Generation #14
102,275,0.001, 0.0121723, 0.0313464, 0.0821364, 0.0894986, 0.155081, 0.197434, 0.279701, 0.401844, 0.396167, 1, 

111,195,0.001, 0.0139363, 0.0442054, 0.0541177, 0.0858871, 0.155081, 0.197434, 0.279701, 0.401844, 0.714387, 0.727717, 1, 

99,311,0.001, 0.00683474, 0.0861553, 0.0915115, 0.0950112, 0.143773, 0.14473, 0.303854, 0.289329, 0.303833, 0.727717, 1, 

105,263,0.001, 0.0513579, 0.0313464, 0.0821364, 0.0894986, 0.155081, 0.197434, 0.279701, 0.401844, 0.396167, 1, 

108,200,0.001, 0.0335262, 0.0459306, 0.0569078, 0.112743, 0.175442, 0.143706, 0.235224, 0.289329, 0.303833, 1, 

113,186,0.001, 0.0432314, 0.0313464, 0.0821364, 0.0858871, 0.155081, 0.197434, 0.279701, 0.401844, 0.714387, 0.473464, 1, 

106,216,0.001, 0.0335262, 0.0459306, 0.0569078, 0.112743, 0.175442, 0.284781, 0.32547, 0.434494, 0.468139, 0.50574, 1, 

Generation #15
99,311,0.001, 0.00683474, 0.0861553, 0.0915115, 0.0950112, 0.143773, 0.14473, 0.303854, 0.289329, 0.303833, 0.727717, 1, 

108,200,0.001, 0.0335262, 0.0459306, 0.0569078, 0.112743, 0.175442, 0.143706, 0.235224, 0.289329, 0.303833, 1, 

113,186,0.001, 0.0432314, 0.0313464, 0.0821364, 0.0858871, 0.155081, 0.197434, 0.279701, 0.401844, 0.714387, 0.473464, 1, 

100,212,0.001, 0.0335262, 0.0459306, 0.0569078, 0.112743, 0.175442, 0.197434, 0.279701, 0.401844, 0.396167, 1, 

109,195,0.0139363, 0.0442054, 0.0541177, 0.0858871, 0.155081, 0.175442, 0.362215, 0.428048, 0.591164, 0.616657, 1, 

Generation #16
99,311,0.001, 0.00683474, 0.0861553, 0.0915115, 0.0950112, 0.143773, 0.14473, 0.303854, 0.289329, 0.303833, 0.727717, 1, 

108,200,0.001, 0.0335262, 0.0459306, 0.0569078, 0.112743, 0.175442, 0.143706, 0.235224, 0.289329, 0.303833, 1, 

113,186,0.001, 0.0432314, 0.0313464, 0.0821364, 0.0858871, 0.155081, 0.197434, 0.279701, 0.401844, 0.714387, 0.473464, 1, 

100,212,0.001, 0.0335262, 0.0459306, 0.0569078, 0.112743, 0.175442, 0.197434, 0.279701, 0.401844, 0.396167, 1, 

109,195,0.0139363, 0.0442054, 0.0541177, 0.0858871, 0.155081, 0.175442, 0.362215, 0.428048, 0.591164, 0.616657, 1, 

Generation #17
99,311,0.001, 0.00683474, 0.0861553, 0.0915115, 0.0950112, 0.143773, 0.14473, 0.303854, 0.289329, 0.303833, 0.727717, 1, 

108,200,0.001, 0.0335262, 0.0459306, 0.0569078, 0.112743, 0.175442, 0.143706, 0.235224, 0.289329, 0.303833, 1, 

113,186,0.001, 0.0432314, 0.0313464, 0.0821364, 0.0858871, 0.155081, 0.197434, 0.279701, 0.401844, 0.714387, 0.473464, 1, 

100,212,0.001, 0.0335262, 0.0459306, 0.0569078, 0.112743, 0.175442, 0.197434, 0.279701, 0.401844, 0.396167, 1, 

109,195,0.0139363, 0.0442054, 0.0541177, 0.0858871, 0.155081, 0.175442, 0.362215, 0.428048, 0.591164, 0.616657, 1, 

Generation #18
99,311,0.001, 0.00683474, 0.0861553, 0.0915115, 0.0950112, 0.143773, 0.14473, 0.303854, 0.289329, 0.303833, 0.727717, 1, 

108,200,0.001, 0.0335262, 0.0459306, 0.0569078, 0.112743, 0.175442, 0.143706, 0.235224, 0.289329, 0.303833, 1, 

113,186,0.001, 0.0432314, 0.0313464, 0.0821364, 0.0858871, 0.155081, 0.197434, 0.279701, 0.401844, 0.714387, 0.473464, 1, 

100,212,0.001, 0.0335262, 0.0459306, 0.0569078, 0.112743, 0.175442, 0.197434, 0.279701, 0.401844, 0.396167, 1, 

109,195,0.0139363, 0.0442054, 0.0541177, 0.0858871, 0.155081, 0.175442, 0.362215, 0.428048, 0.591164, 0.616657, 1, 

Generation #19
99,311,0.001, 0.00683474, 0.0861553, 0.0915115, 0.0950112, 0.143773, 0.14473, 0.303854, 0.289329, 0.303833, 0.727717, 1, 

108,200,0.001, 0.0335262, 0.0459306, 0.0569078, 0.112743, 0.175442, 0.143706, 0.235224, 0.289329, 0.303833, 1, 

113,186,0.001, 0.0432314, 0.0313464, 0.0821364, 0.0858871, 0.155081, 0.197434, 0.279701, 0.401844, 0.714387, 0.473464, 1, 

100,212,0.001, 0.0335262, 0.0459306, 0.0569078, 0.112743, 0.175442, 0.197434, 0.279701, 0.401844, 0.396167, 1, 

109,195,0.0139363, 0.0442054, 0.0541177, 0.0858871, 0.155081, 0.175442, 0.362215, 0.428048, 0.591164, 0.616657, 1, 

Generation #20
99,311,0.001, 0.00683474, 0.0861553, 0.0915115, 0.0950112, 0.143773, 0.14473, 0.303854, 0.289329, 0.303833, 0.727717, 1, 

108,200,0.001, 0.0335262, 0.0459306, 0.0569078, 0.112743, 0.175442, 0.143706, 0.235224, 0.289329, 0.303833, 1, 

113,186,0.001, 0.0432314, 0.0313464, 0.0821364, 0.0858871, 0.155081, 0.197434, 0.279701, 0.401844, 0.714387, 0.473464, 1, 

100,212,0.001, 0.0335262, 0.0459306, 0.0569078, 0.112743, 0.175442, 0.197434, 0.279701, 0.401844, 0.396167, 1, 

109,195,0.0139363, 0.0442054, 0.0541177, 0.0858871, 0.155081, 0.175442, 0.362215, 0.428048, 0.591164, 0.616657, 1, 

112,194,0.001, 0.0432314, 0.0313464, 0.0821364, 0.0858871, 0.155081, 0.197434, 0.279701, 0.401844, 0.616657, 1, 

Generation #21
99,311,0.001, 0.00683474, 0.0861553, 0.0915115, 0.0950112, 0.143773, 0.14473, 0.303854, 0.289329, 0.303833, 0.727717, 1, 

108,200,0.001, 0.0335262, 0.0459306, 0.0569078, 0.112743, 0.175442, 0.143706, 0.235224, 0.289329, 0.303833, 1, 

113,186,0.001, 0.0432314, 0.0313464, 0.0821364, 0.0858871, 0.155081, 0.197434, 0.279701, 0.401844, 0.714387, 0.473464, 1, 

100,212,0.001, 0.0335262, 0.0459306, 0.0569078, 0.112743, 0.175442, 0.197434, 0.279701, 0.401844, 0.396167, 1, 

109,195,0.0139363, 0.0442054, 0.0541177, 0.0858871, 0.155081, 0.175442, 0.362215, 0.428048, 0.591164, 0.616657, 1, 

112,194,0.001, 0.0432314, 0.0313464, 0.0821364, 0.0858871, 0.155081, 0.197434, 0.279701, 0.401844, 0.616657, 1, 

Generation #22
99,311,0.001, 0.00683474, 0.0861553, 0.0915115, 0.0950112, 0.143773, 0.14473, 0.303854, 0.289329, 0.303833, 0.727717, 1, 

108,200,0.001, 0.0335262, 0.0459306, 0.0569078, 0.112743, 0.175442, 0.143706, 0.235224, 0.289329, 0.303833, 1, 

113,186,0.001, 0.0432314, 0.0313464, 0.0821364, 0.0858871, 0.155081, 0.197434, 0.279701, 0.401844, 0.714387, 0.473464, 1, 

100,212,0.001, 0.0335262, 0.0459306, 0.0569078, 0.112743, 0.175442, 0.197434, 0.279701, 0.401844, 0.396167, 1, 

109,195,0.0139363, 0.0442054, 0.0541177, 0.0858871, 0.155081, 0.175442, 0.362215, 0.428048, 0.591164, 0.616657, 1, 

112,194,0.001, 0.0432314, 0.0313464, 0.0821364, 0.0858871, 0.155081, 0.197434, 0.279701, 0.401844, 0.616657, 1, 

Generation #23
99,311,0.001, 0.00683474, 0.0861553, 0.0915115, 0.0950112, 0.143773, 0.14473, 0.303854, 0.289329, 0.303833, 0.727717, 1, 

108,200,0.001, 0.0335262, 0.0459306, 0.0569078, 0.112743, 0.175442, 0.143706, 0.235224, 0.289329, 0.303833, 1, 

113,186,0.001, 0.0432314, 0.0313464, 0.0821364, 0.0858871, 0.155081, 0.197434, 0.279701, 0.401844, 0.714387, 0.473464, 1, 

100,212,0.001, 0.0335262, 0.0459306, 0.0569078, 0.112743, 0.175442, 0.197434, 0.279701, 0.401844, 0.396167, 1, 

109,195,0.0139363, 0.0442054, 0.0541177, 0.0858871, 0.155081, 0.175442, 0.362215, 0.428048, 0.591164, 0.616657, 1, 

112,194,0.001, 0.0432314, 0.0313464, 0.0821364, 0.0858871, 0.155081, 0.197434, 0.279701, 0.401844, 0.616657, 1, 

Generation #24
99,311,0.001, 0.00683474, 0.0861553, 0.0915115, 0.0950112, 0.143773, 0.14473, 0.303854, 0.289329, 0.303833, 0.727717, 1, 

108,200,0.001, 0.0335262, 0.0459306, 0.0569078, 0.112743, 0.175442, 0.143706, 0.235224, 0.289329, 0.303833, 1, 

113,186,0.001, 0.0432314, 0.0313464, 0.0821364, 0.0858871, 0.155081, 0.197434, 0.279701, 0.401844, 0.714387, 0.473464, 1, 

100,212,0.001, 0.0335262, 0.0459306, 0.0569078, 0.112743, 0.175442, 0.197434, 0.279701, 0.401844, 0.396167, 1, 

109,195,0.0139363, 0.0442054, 0.0541177, 0.0858871, 0.155081, 0.175442, 0.362215, 0.428048, 0.591164, 0.616657, 1, 

112,194,0.001, 0.0432314, 0.0313464, 0.0821364, 0.0858871, 0.155081, 0.197434, 0.279701, 0.401844, 0.616657, 1, 

Generation #25
99,311,0.001, 0.00683474, 0.0861553, 0.0915115, 0.0950112, 0.143773, 0.14473, 0.303854, 0.289329, 0.303833, 0.727717, 1, 

108,200,0.001, 0.0335262, 0.0459306, 0.0569078, 0.112743, 0.175442, 0.143706, 0.235224, 0.289329, 0.303833, 1, 

113,186,0.001, 0.0432314, 0.0313464, 0.0821364, 0.0858871, 0.155081, 0.197434, 0.279701, 0.401844, 0.714387, 0.473464, 1, 

100,212,0.001, 0.0335262, 0.0459306, 0.0569078, 0.112743, 0.175442, 0.197434, 0.279701, 0.401844, 0.396167, 1, 

109,190,0.001, 0.0537219, 0.0625324, 0.0795231, 0.0875956, 0.155081, 0.197434, 0.279701, 0.401844, 0.616657, 1, 

Generation #26
99,311,0.001, 0.00683474, 0.0861553, 0.0915115, 0.0950112, 0.143773, 0.14473, 0.303854, 0.289329, 0.303833, 0.727717, 1, 

108,200,0.001, 0.0335262, 0.0459306, 0.0569078, 0.112743, 0.175442, 0.143706, 0.235224, 0.289329, 0.303833, 1, 

113,186,0.001, 0.0432314, 0.0313464, 0.0821364, 0.0858871, 0.155081, 0.197434, 0.279701, 0.401844, 0.714387, 0.473464, 1, 

100,212,0.001, 0.0335262, 0.0459306, 0.0569078, 0.112743, 0.175442, 0.197434, 0.279701, 0.401844, 0.396167, 1, 

109,190,0.001, 0.0537219, 0.0625324, 0.0795231, 0.0875956, 0.155081, 0.197434, 0.279701, 0.401844, 0.616657, 1, 

115,183,0.001, 0.0139363, 0.0442054, 0.0541177, 0.0858871, 0.155081, 0.197434, 0.401844, 0.396167, 1, 

Generation #27
99,311,0.001, 0.00683474, 0.0861553, 0.0915115, 0.0950112, 0.143773, 0.14473, 0.303854, 0.289329, 0.303833, 0.727717, 1, 

108,200,0.001, 0.0335262, 0.0459306, 0.0569078, 0.112743, 0.175442, 0.143706, 0.235224, 0.289329, 0.303833, 1, 

113,186,0.001, 0.0432314, 0.0313464, 0.0821364, 0.0858871, 0.155081, 0.197434, 0.279701, 0.401844, 0.714387, 0.473464, 1, 

100,212,0.001, 0.0335262, 0.0459306, 0.0569078, 0.112743, 0.175442, 0.197434, 0.279701, 0.401844, 0.396167, 1, 

109,190,0.001, 0.0537219, 0.0625324, 0.0795231, 0.0875956, 0.155081, 0.197434, 0.279701, 0.401844, 0.616657, 1, 

115,183,0.001, 0.0139363, 0.0442054, 0.0541177, 0.0858871, 0.155081, 0.197434, 0.401844, 0.396167, 1, 

Generation #28
99,311,0.001, 0.00683474, 0.0861553, 0.0915115, 0.0950112, 0.143773, 0.14473, 0.303854, 0.289329, 0.303833, 0.727717, 1, 

108,200,0.001, 0.0335262, 0.0459306, 0.0569078, 0.112743, 0.175442, 0.143706, 0.235224, 0.289329, 0.303833, 1, 

113,186,0.001, 0.0432314, 0.0313464, 0.0821364, 0.0858871, 0.155081, 0.197434, 0.279701, 0.401844, 0.714387, 0.473464, 1, 

100,212,0.001, 0.0335262, 0.0459306, 0.0569078, 0.112743, 0.175442, 0.197434, 0.279701, 0.401844, 0.396167, 1, 

109,190,0.001, 0.0537219, 0.0625324, 0.0795231, 0.0875956, 0.155081, 0.197434, 0.279701, 0.401844, 0.616657, 1, 

115,183,0.001, 0.0139363, 0.0442054, 0.0541177, 0.0858871, 0.155081, 0.197434, 0.401844, 0.396167, 1, 

Generation #29
99,311,0.001, 0.00683474, 0.0861553, 0.0915115, 0.0950112, 0.143773, 0.14473, 0.303854, 0.289329, 0.303833, 0.727717, 1, 

108,200,0.001, 0.0335262, 0.0459306, 0.0569078, 0.112743, 0.175442, 0.143706, 0.235224, 0.289329, 0.303833, 1, 

113,186,0.001, 0.0432314, 0.0313464, 0.0821364, 0.0858871, 0.155081, 0.197434, 0.279701, 0.401844, 0.714387, 0.473464, 1, 

100,212,0.001, 0.0335262, 0.0459306, 0.0569078, 0.112743, 0.175442, 0.197434, 0.279701, 0.401844, 0.396167, 1, 

109,190,0.001, 0.0537219, 0.0625324, 0.0795231, 0.0875956, 0.155081, 0.197434, 0.279701, 0.401844, 0.616657, 1, 

115,183,0.001, 0.0139363, 0.0442054, 0.0541177, 0.0858871, 0.155081, 0.197434, 0.401844, 0.396167, 1, 

Generation #30
99,311,0.001, 0.00683474, 0.0861553, 0.0915115, 0.0950112, 0.143773, 0.14473, 0.303854, 0.289329, 0.303833, 0.727717, 1, 

113,186,0.001, 0.0432314, 0.0313464, 0.0821364, 0.0858871, 0.155081, 0.197434, 0.279701, 0.401844, 0.714387, 0.473464, 1, 

100,212,0.001, 0.0335262, 0.0459306, 0.0569078, 0.112743, 0.175442, 0.197434, 0.279701, 0.401844, 0.396167, 1, 

109,190,0.001, 0.0537219, 0.0625324, 0.0795231, 0.0875956, 0.155081, 0.197434, 0.279701, 0.401844, 0.616657, 1, 

115,183,0.001, 0.0139363, 0.0442054, 0.0541177, 0.0858871, 0.155081, 0.197434, 0.401844, 0.396167, 1, 

107,198,0.001, 0.0121723, 0.0313464, 0.0569078, 0.0950112, 0.143773, 0.14473, 0.303854, 0.289329, 0.303833, 0.727717, 1, 

Generation #31
99,311,0.001, 0.00683474, 0.0861553, 0.0915115, 0.0950112, 0.143773, 0.14473, 0.303854, 0.289329, 0.303833, 0.727717, 1, 

113,186,0.001, 0.0432314, 0.0313464, 0.0821364, 0.0858871, 0.155081, 0.197434, 0.279701, 0.401844, 0.714387, 0.473464, 1, 

100,212,0.001, 0.0335262, 0.0459306, 0.0569078, 0.112743, 0.175442, 0.197434, 0.279701, 0.401844, 0.396167, 1, 

109,190,0.001, 0.0537219, 0.0625324, 0.0795231, 0.0875956, 0.155081, 0.197434, 0.279701, 0.401844, 0.616657, 1, 

115,183,0.001, 0.0139363, 0.0442054, 0.0541177, 0.0858871, 0.155081, 0.197434, 0.401844, 0.396167, 1, 

107,198,0.001, 0.0121723, 0.0313464, 0.0569078, 0.0950112, 0.143773, 0.14473, 0.303854, 0.289329, 0.303833, 0.727717, 1, 

Generation #32
99,311,0.001, 0.00683474, 0.0861553, 0.0915115, 0.0950112, 0.143773, 0.14473, 0.303854, 0.289329, 0.303833, 0.727717, 1, 

113,186,0.001, 0.0432314, 0.0313464, 0.0821364, 0.0858871, 0.155081, 0.197434, 0.279701, 0.401844, 0.714387, 0.473464, 1, 

100,212,0.001, 0.0335262, 0.0459306, 0.0569078, 0.112743, 0.175442, 0.197434, 0.279701, 0.401844, 0.396167, 1, 

109,190,0.001, 0.0537219, 0.0625324, 0.0795231, 0.0875956, 0.155081, 0.197434, 0.279701, 0.401844, 0.616657, 1, 

115,183,0.001, 0.0139363, 0.0442054, 0.0541177, 0.0858871, 0.155081, 0.197434, 0.401844, 0.396167, 1, 

107,198,0.001, 0.0121723, 0.0313464, 0.0569078, 0.0950112, 0.143773, 0.14473, 0.303854, 0.289329, 0.303833, 0.727717, 1, 

Generation #33
99,311,0.001, 0.00683474, 0.0861553, 0.0915115, 0.0950112, 0.143773, 0.14473, 0.303854, 0.289329, 0.303833, 0.727717, 1, 

113,186,0.001, 0.0432314, 0.0313464, 0.0821364, 0.0858871, 0.155081, 0.197434, 0.279701, 0.401844, 0.714387, 0.473464, 1, 

100,212,0.001, 0.0335262, 0.0459306, 0.0569078, 0.112743, 0.175442, 0.197434, 0.279701, 0.401844, 0.396167, 1, 

109,190,0.001, 0.0537219, 0.0625324, 0.0795231, 0.0875956, 0.155081, 0.197434, 0.279701, 0.401844, 0.616657, 1, 

115,183,0.001, 0.0139363, 0.0442054, 0.0541177, 0.0858871, 0.155081, 0.197434, 0.401844, 0.396167, 1, 

107,198,0.001, 0.0121723, 0.0313464, 0.0569078, 0.0950112, 0.143773, 0.14473, 0.303854, 0.289329, 0.303833, 0.727717, 1, 

Generation #34
109,190,0.001, 0.0537219, 0.0625324, 0.0795231, 0.0875956, 0.155081, 0.197434, 0.279701, 0.401844, 0.616657, 1, 

111,178,0.001, 0.0432314, 0.0313464, 0.0821364, 0.0858871, 0.155081, 0.197434, 0.279701, 0.401844, 0.303833, 1, 

99,197,0.0139363, 0.0442054, 0.0541177, 0.0858871, 0.0858871, 0.155081, 0.197434, 0.279701, 0.289329, 0.303833, 0.727717, 1, 

114,177,0.001, 0.0139363, 0.0442054, 0.0541177, 0.0858871, 0.155081, 0.197434, 0.401844, 0.401844, 0.396167, 1, 

Generation #35
109,190,0.001, 0.0537219, 0.0625324, 0.0795231, 0.0875956, 0.155081, 0.197434, 0.279701, 0.401844, 0.616657, 1, 

111,178,0.001, 0.0432314, 0.0313464, 0.0821364, 0.0858871, 0.155081, 0.197434, 0.279701, 0.401844, 0.303833, 1, 

99,197,0.0139363, 0.0442054, 0.0541177, 0.0858871, 0.0858871, 0.155081, 0.197434, 0.279701, 0.289329, 0.303833, 0.727717, 1, 

114,177,0.001, 0.0139363, 0.0442054, 0.0541177, 0.0858871, 0.155081, 0.197434, 0.401844, 0.401844, 0.396167, 1, 

105,196,0.001, 0.00683474, 0.0442054, 0.0541177, 0.0858871, 0.155081, 0.197434, 0.401844, 0.396167, 1, 

Generation #36
109,190,0.001, 0.0537219, 0.0625324, 0.0795231, 0.0875956, 0.155081, 0.197434, 0.279701, 0.401844, 0.616657, 1, 

111,178,0.001, 0.0432314, 0.0313464, 0.0821364, 0.0858871, 0.155081, 0.197434, 0.279701, 0.401844, 0.303833, 1, 

99,197,0.0139363, 0.0442054, 0.0541177, 0.0858871, 0.0858871, 0.155081, 0.197434, 0.279701, 0.289329, 0.303833, 0.727717, 1, 

114,177,0.001, 0.0139363, 0.0442054, 0.0541177, 0.0858871, 0.155081, 0.197434, 0.401844, 0.401844, 0.396167, 1, 

105,196,0.001, 0.00683474, 0.0442054, 0.0541177, 0.0858871, 0.155081, 0.197434, 0.401844, 0.396167, 1, 

Generation #37
111,178,0.001, 0.0432314, 0.0313464, 0.0821364, 0.0858871, 0.155081, 0.197434, 0.279701, 0.401844, 0.303833, 1, 

99,197,0.0139363, 0.0442054, 0.0541177, 0.0858871, 0.0858871, 0.155081, 0.197434, 0.279701, 0.289329, 0.303833, 0.727717, 1, 

114,177,0.001, 0.0139363, 0.0442054, 0.0541177, 0.0858871, 0.155081, 0.197434, 0.401844, 0.401844, 0.396167, 1, 

105,196,0.001, 0.00683474, 0.0442054, 0.0541177, 0.0858871, 0.155081, 0.197434, 0.401844, 0.396167, 1, 

107,185,0.001, 0.0139363, 0.0442054, 0.0541177, 0.0858871, 0.155081, 0.197434, 0.401844, 0.725167, 0.680679, 0.921091, 1, 

Generation #38
111,178,0.001, 0.0432314, 0.0313464, 0.0821364, 0.0858871, 0.155081, 0.197434, 0.279701, 0.401844, 0.303833, 1, 

99,197,0.0139363, 0.0442054, 0.0541177, 0.0858871, 0.0858871, 0.155081, 0.197434, 0.279701, 0.289329, 0.303833, 0.727717, 1, 

114,177,0.001, 0.0139363, 0.0442054, 0.0541177, 0.0858871, 0.155081, 0.197434, 0.401844, 0.401844, 0.396167, 1, 

105,196,0.001, 0.00683474, 0.0442054, 0.0541177, 0.0858871, 0.155081, 0.197434, 0.401844, 0.396167, 1, 

107,185,0.001, 0.0139363, 0.0442054, 0.0541177, 0.0858871, 0.155081, 0.197434, 0.401844, 0.725167, 0.680679, 0.921091, 1, 

Generation #39
111,178,0.001, 0.0432314, 0.0313464, 0.0821364, 0.0858871, 0.155081, 0.197434, 0.279701, 0.401844, 0.303833, 1, 

99,197,0.0139363, 0.0442054, 0.0541177, 0.0858871, 0.0858871, 0.155081, 0.197434, 0.279701, 0.289329, 0.303833, 0.727717, 1, 

114,177,0.001, 0.0139363, 0.0442054, 0.0541177, 0.0858871, 0.155081, 0.197434, 0.401844, 0.401844, 0.396167, 1, 

105,196,0.001, 0.00683474, 0.0442054, 0.0541177, 0.0858871, 0.155081, 0.197434, 0.401844, 0.396167, 1, 

107,185,0.001, 0.0139363, 0.0442054, 0.0541177, 0.0858871, 0.155081, 0.197434, 0.401844, 0.725167, 0.680679, 0.921091, 1, 

Generation #40
111,178,0.001, 0.0432314, 0.0313464, 0.0821364, 0.0858871, 0.155081, 0.197434, 0.279701, 0.401844, 0.303833, 1, 

99,197,0.0139363, 0.0442054, 0.0541177, 0.0858871, 0.0858871, 0.155081, 0.197434, 0.279701, 0.289329, 0.303833, 0.727717, 1, 

114,177,0.001, 0.0139363, 0.0442054, 0.0541177, 0.0858871, 0.155081, 0.197434, 0.401844, 0.401844, 0.396167, 1, 

105,196,0.001, 0.00683474, 0.0442054, 0.0541177, 0.0858871, 0.155081, 0.197434, 0.401844, 0.396167, 1, 

107,185,0.001, 0.0139363, 0.0442054, 0.0541177, 0.0858871, 0.155081, 0.197434, 0.401844, 0.725167, 0.680679, 0.921091, 1, 

Generation #41
99,197,0.0139363, 0.0442054, 0.0541177, 0.0858871, 0.0858871, 0.155081, 0.197434, 0.279701, 0.289329, 0.303833, 0.727717, 1, 

104,175,0.001, 0.0432314, 0.0313464, 0.0541177, 0.0858871, 0.155081, 0.197434, 0.279701, 0.502352, 0.401844, 0.396167, 1, 

114,168,0.001, 0.0139363, 0.0442054, 0.0541177, 0.0858871, 0.155081, 0.197434, 0.401844, 0.401844, 0.396167, 1, 

103,183,0.001, 0.0121723, 0.0313464, 0.0569078, 0.0950112, 0.143773, 0.279701, 0.401844, 0.396167, 1, 

Generation #42
99,197,0.0139363, 0.0442054, 0.0541177, 0.0858871, 0.0858871, 0.155081, 0.197434, 0.279701, 0.289329, 0.303833, 0.727717, 1, 

104,175,0.001, 0.0432314, 0.0313464, 0.0541177, 0.0858871, 0.155081, 0.197434, 0.279701, 0.502352, 0.401844, 0.396167, 1, 

114,168,0.001, 0.0139363, 0.0442054, 0.0541177, 0.0858871, 0.155081, 0.197434, 0.401844, 0.401844, 0.396167, 1, 

103,183,0.001, 0.0121723, 0.0313464, 0.0569078, 0.0950112, 0.143773, 0.279701, 0.401844, 0.396167, 1, 

Generation #43
99,197,0.0139363, 0.0442054, 0.0541177, 0.0858871, 0.0858871, 0.155081, 0.197434, 0.279701, 0.289329, 0.303833, 0.727717, 1, 

104,175,0.001, 0.0432314, 0.0313464, 0.0541177, 0.0858871, 0.155081, 0.197434, 0.279701, 0.502352, 0.401844, 0.396167, 1, 

114,168,0.001, 0.0139363, 0.0442054, 0.0541177, 0.0858871, 0.155081, 0.197434, 0.401844, 0.401844, 0.396167, 1, 

103,183,0.001, 0.0121723, 0.0313464, 0.0569078, 0.0950112, 0.143773, 0.279701, 0.401844, 0.396167, 1, 

Generation #44
99,197,0.0139363, 0.0442054, 0.0541177, 0.0858871, 0.0858871, 0.155081, 0.197434, 0.279701, 0.289329, 0.303833, 0.727717, 1, 

104,175,0.001, 0.0432314, 0.0313464, 0.0541177, 0.0858871, 0.155081, 0.197434, 0.279701, 0.502352, 0.401844, 0.396167, 1, 

114,168,0.001, 0.0139363, 0.0442054, 0.0541177, 0.0858871, 0.155081, 0.197434, 0.401844, 0.401844, 0.396167, 1, 

103,183,0.001, 0.0121723, 0.0313464, 0.0569078, 0.0950112, 0.143773, 0.279701, 0.401844, 0.396167, 1, 

Generation #45
99,197,0.0139363, 0.0442054, 0.0541177, 0.0858871, 0.0858871, 0.155081, 0.197434, 0.279701, 0.289329, 0.303833, 0.727717, 1, 

104,175,0.001, 0.0432314, 0.0313464, 0.0541177, 0.0858871, 0.155081, 0.197434, 0.279701, 0.502352, 0.401844, 0.396167, 1, 

114,168,0.001, 0.0139363, 0.0442054, 0.0541177, 0.0858871, 0.155081, 0.197434, 0.401844, 0.401844, 0.396167, 1, 

103,183,0.001, 0.0121723, 0.0313464, 0.0569078, 0.0950112, 0.143773, 0.279701, 0.401844, 0.396167, 1, 

Generation #46
99,197,0.0139363, 0.0442054, 0.0541177, 0.0858871, 0.0858871, 0.155081, 0.197434, 0.279701, 0.289329, 0.303833, 0.727717, 1, 

104,175,0.001, 0.0432314, 0.0313464, 0.0541177, 0.0858871, 0.155081, 0.197434, 0.279701, 0.502352, 0.401844, 0.396167, 1, 

114,168,0.001, 0.0139363, 0.0442054, 0.0541177, 0.0858871, 0.155081, 0.197434, 0.401844, 0.401844, 0.396167, 1, 

103,183,0.001, 0.0121723, 0.0313464, 0.0569078, 0.0950112, 0.143773, 0.279701, 0.401844, 0.396167, 1, 

Generation #47
99,197,0.0139363, 0.0442054, 0.0541177, 0.0858871, 0.0858871, 0.155081, 0.197434, 0.279701, 0.289329, 0.303833, 0.727717, 1, 

104,175,0.001, 0.0432314, 0.0313464, 0.0541177, 0.0858871, 0.155081, 0.197434, 0.279701, 0.502352, 0.401844, 0.396167, 1, 

114,168,0.001, 0.0139363, 0.0442054, 0.0541177, 0.0858871, 0.155081, 0.197434, 0.401844, 0.401844, 0.396167, 1, 

103,183,0.001, 0.0121723, 0.0313464, 0.0569078, 0.0950112, 0.143773, 0.279701, 0.401844, 0.396167, 1, 

Generation #48
99,197,0.0139363, 0.0442054, 0.0541177, 0.0858871, 0.0858871, 0.155081, 0.197434, 0.279701, 0.289329, 0.303833, 0.727717, 1, 

104,175,0.001, 0.0432314, 0.0313464, 0.0541177, 0.0858871, 0.155081, 0.197434, 0.279701, 0.502352, 0.401844, 0.396167, 1, 

114,168,0.001, 0.0139363, 0.0442054, 0.0541177, 0.0858871, 0.155081, 0.197434, 0.401844, 0.401844, 0.396167, 1, 

103,183,0.001, 0.0121723, 0.0313464, 0.0569078, 0.0950112, 0.143773, 0.279701, 0.401844, 0.396167, 1, 

Generation #49
99,197,0.0139363, 0.0442054, 0.0541177, 0.0858871, 0.0858871, 0.155081, 0.197434, 0.279701, 0.289329, 0.303833, 0.727717, 1, 

104,175,0.001, 0.0432314, 0.0313464, 0.0541177, 0.0858871, 0.155081, 0.197434, 0.279701, 0.502352, 0.401844, 0.396167, 1, 

114,168,0.001, 0.0139363, 0.0442054, 0.0541177, 0.0858871, 0.155081, 0.197434, 0.401844, 0.401844, 0.396167, 1, 

103,183,0.001, 0.0121723, 0.0313464, 0.0569078, 0.0950112, 0.143773, 0.279701, 0.401844, 0.396167, 1, 

--- Pareto Front Solutions ---
Solution 0: N total=219 (N_initial=120, N_added=99), Time total=208 ms, Saved to: ./results/Wireless_t2_l4_pareto_0.csv, percents=0.0139363, 0.0442054, 0.0541177, 0.0858871, 0.0858871, 0.155081, 0.197434, 0.279701, 0.289329, 0.303833, 0.727717, 1, 

Solution 1: N total=224 (N_initial=120, N_added=104), Time total=186 ms, Saved to: ./results/Wireless_t2_l4_pareto_1.csv, percents=0.001, 0.0432314, 0.0313464, 0.0541177, 0.0858871, 0.155081, 0.197434, 0.279701, 0.502352, 0.401844, 0.396167, 1, 

Solution 2: N total=234 (N_initial=120, N_added=114), Time total=179 ms, Saved to: ./results/Wireless_t2_l4_pareto_2.csv, percents=0.001, 0.0139363, 0.0442054, 0.0541177, 0.0858871, 0.155081, 0.197434, 0.401844, 0.401844, 0.396167, 1, 

Solution 3: N total=223 (N_initial=120, N_added=103), Time total=194 ms, Saved to: ./results/Wireless_t2_l4_pareto_3.csv, percents=0.001, 0.0121723, 0.0313464, 0.0569078, 0.0950112, 0.143773, 0.279701, 0.401844, 0.396167, 1, 

