------------d=1, t=2, lambda=1, filename=./evaluation/Wireless/Wireless_2_1.csv------------
Computing partitioned counts of d-sets...
Ready to look at pairs based on partitioned counts...
First Stage N=45, Time=24
There are 9914 remaining non-locating pairs
--- Running GA Algorithm (phase2) ---
Running GA with std::execution::par
Generation #0
61,1672,0.001, 0.0600788, 0.0635621, 0.186926, 0.393744, 0.428939, 0.462547, 0.528912, 0.586828, 0.59682, 0.710195, 0.749947, 0.797568, 0.797852, 0.857405, 1, 

69,903,0.001, 0.0219461, 0.0261442, 0.0262016, 0.0663368, 0.100799, 0.164494, 0.217953, 0.230267, 0.239707, 0.475426, 0.477239, 0.511489, 0.606937, 0.610299, 0.685118, 0.749872, 0.761045, 0.79815, 0.843834, 0.85952, 0.956795, 1, 

68,1329,0.001, 0.0485364, 0.0638381, 0.103473, 0.112512, 0.157387, 0.207509, 0.233497, 0.34024, 0.425078, 0.623749, 0.642961, 0.77327, 0.821051, 0.86027, 0.97724, 1, 

Generation #1
61,1672,0.001, 0.0600788, 0.0635621, 0.186926, 0.393744, 0.428939, 0.462547, 0.528912, 0.586828, 0.59682, 0.710195, 0.749947, 0.797568, 0.797852, 0.857405, 1, 

62,796,0.001, 0.016831, 0.0528152, 0.0980615, 0.106911, 0.119235, 0.150345, 0.17776, 0.247358, 0.299091, 0.400537, 0.492376, 0.797852, 0.857405, 1, 

73,720,0.001, 0.0141455, 0.0218816, 0.0456565, 0.126535, 0.111185, 0.134715, 0.142228, 0.147769, 0.164878, 0.182603, 0.334429, 0.233886, 0.288066, 0.436146, 0.459913, 0.494666, 0.552769, 0.560013, 0.560173, 0.589613, 0.739437, 0.740977, 0.79267, 0.822098, 0.937526, 0.967304, 1, 

67,782,0.001, 0.0234395, 0.0390873, 0.0460126, 0.10239, 0.111185, 0.134715, 0.142228, 0.147769, 0.164878, 0.182603, 0.226503, 0.233886, 0.288066, 0.436146, 0.746288, 0.774758, 0.785091, 0.98416, 1, 

60,2111,0.001, 0.0141455, 0.0218816, 0.290314, 0.336279, 0.487772, 0.620769, 0.816555, 0.932469, 0.993654, 1, 

Generation #2
73,720,0.001, 0.0141455, 0.0218816, 0.0456565, 0.126535, 0.111185, 0.134715, 0.142228, 0.147769, 0.164878, 0.182603, 0.334429, 0.233886, 0.288066, 0.436146, 0.459913, 0.494666, 0.552769, 0.560013, 0.560173, 0.589613, 0.739437, 0.740977, 0.79267, 0.822098, 0.937526, 0.967304, 1, 

59,765,0.001, 0.016831, 0.0528152, 0.0980615, 0.106911, 0.119235, 0.150345, 0.309914, 0.17776, 0.247358, 0.299091, 0.764687, 0.803333, 0.833078, 0.0871057, 1, 

57,1021,0.001, 0.017851, 0.0501659, 0.0513067, 0.110065, 0.137015, 0.159559, 0.444907, 0.48206, 0.508834, 0.642512, 0.833078, 1, 

Generation #3
59,765,0.001, 0.016831, 0.0528152, 0.0980615, 0.106911, 0.119235, 0.150345, 0.309914, 0.17776, 0.247358, 0.299091, 0.764687, 0.803333, 0.833078, 0.0871057, 1, 

57,1021,0.001, 0.017851, 0.0501659, 0.0513067, 0.110065, 0.137015, 0.159559, 0.444907, 0.48206, 0.508834, 0.642512, 0.833078, 1, 

63,705,0.001, 0.0234395, 0.0218816, 0.0456565, 0.126535, 0.111185, 0.134715, 0.142228, 0.147769, 0.164878, 0.182603, 0.334429, 0.233886, 0.288066, 0.436146, 0.459913, 0.224861, 0.494666, 1, 

Generation #4
57,1021,0.001, 0.017851, 0.0501659, 0.0513067, 0.110065, 0.137015, 0.159559, 0.444907, 0.48206, 0.508834, 0.642512, 0.833078, 1, 

63,705,0.001, 0.0234395, 0.0218816, 0.0456565, 0.126535, 0.111185, 0.134715, 0.142228, 0.147769, 0.164878, 0.182603, 0.334429, 0.233886, 0.288066, 0.436146, 0.459913, 0.224861, 0.494666, 1, 

66,687,0.001, 0.0219461, 0.0261442, 0.0262016, 0.075425, 0.14546, 0.153692, 0.211271, 0.22996, 0.248763, 0.642512, 0.648454, 0.689421, 0.72271, 0.746288, 0.774758, 0.785091, 0.98416, 1, 

61,714,0.001, 0.0219461, 0.0261442, 0.0262016, 0.0663368, 0.100799, 0.207509, 0.233497, 0.34024, 0.425078, 0.339356, 0.915786, 1, 

58,745,0.001, 0.0234395, 0.0390873, 0.0460126, 0.10239, 0.111185, 0.134715, 0.142228, 0.147769, 0.637868, 0.746564, 0.864514, 1, 

Generation #5
63,705,0.001, 0.0234395, 0.0218816, 0.0456565, 0.126535, 0.111185, 0.134715, 0.142228, 0.147769, 0.164878, 0.182603, 0.334429, 0.233886, 0.288066, 0.436146, 0.459913, 0.224861, 0.494666, 1, 

66,687,0.001, 0.0219461, 0.0261442, 0.0262016, 0.075425, 0.14546, 0.153692, 0.211271, 0.22996, 0.248763, 0.642512, 0.648454, 0.689421, 0.72271, 0.746288, 0.774758, 0.785091, 0.98416, 1, 

61,714,0.001, 0.0219461, 0.0261442, 0.0262016, 0.0663368, 0.100799, 0.207509, 0.233497, 0.34024, 0.425078, 0.339356, 0.915786, 1, 

58,745,0.001, 0.0234395, 0.0390873, 0.0460126, 0.10239, 0.111185, 0.134715, 0.142228, 0.147769, 0.637868, 0.746564, 0.864514, 1, 

57,777,0.001, 0.0219461, 0.0261442, 0.0262016, 0.075425, 0.14546, 0.153692, 0.211271, 0.22996, 0.248763, 0.642512, 0.833078, 1, 

Generation #6
57,777,0.001, 0.0219461, 0.0261442, 0.0262016, 0.075425, 0.14546, 0.153692, 0.211271, 0.22996, 0.248763, 0.642512, 0.833078, 1, 

62,680,0.001, 0.0266537, 0.037516, 0.040253, 0.075425, 0.14546, 0.153692, 0.217953, 0.230267, 0.0227935, 0.239707, 0.475426, 0.705202, 0.789084, 1, 

58,689,0.001, 0.0141455, 0.0218816, 0.040253, 0.075425, 0.14546, 0.153692, 0.211271, 0.22996, 0.248763, 1, 

Generation #7
62,680,0.001, 0.0266537, 0.037516, 0.040253, 0.075425, 0.14546, 0.153692, 0.217953, 0.230267, 0.0227935, 0.239707, 0.475426, 0.705202, 0.789084, 1, 

58,689,0.001, 0.0141455, 0.0218816, 0.040253, 0.075425, 0.14546, 0.153692, 0.211271, 0.22996, 0.248763, 1, 

68,652,0.001, 0.0219461, 0.0261442, 0.0261442, 0.0262016, 0.0663368, 0.100799, 0.164494, 0.217953, 0.230267, 0.239707, 0.475426, 0.694635, 0.932307, 0.730644, 0.735383, 0.853964, 0.915597, 0.926933, 0.928542, 0.959001, 0.973861, 0.976665, 1, 

56,770,0.001, 0.0141455, 0.0218816, 0.040253, 0.075425, 0.14546, 0.153692, 0.211271, 0.22996, 0.248763, 1, 

65,662,0.001, 0.0219461, 0.0261442, 0.0262016, 0.0663368, 0.100799, 0.164494, 0.217953, 0.230267, 0.239707, 0.475426, 0.694635, 0.729171, 0.730644, 0.606937, 0.774758, 0.785091, 0.98416, 1, 

Generation #8
58,689,0.001, 0.0141455, 0.0218816, 0.040253, 0.075425, 0.14546, 0.153692, 0.211271, 0.22996, 0.248763, 1, 

56,770,0.001, 0.0141455, 0.0218816, 0.040253, 0.075425, 0.14546, 0.153692, 0.211271, 0.22996, 0.248763, 1, 

61,639,0.001, 0.0141455, 0.0218816, 0.0513067, 0.110065, 0.159559, 0.153692, 0.233497, 0.34024, 0.425078, 0.623749, 0.915786, 1, 

Generation #9
58,689,0.001, 0.0141455, 0.0218816, 0.040253, 0.075425, 0.14546, 0.153692, 0.211271, 0.22996, 0.248763, 1, 

56,770,0.001, 0.0141455, 0.0218816, 0.040253, 0.075425, 0.14546, 0.153692, 0.211271, 0.22996, 0.248763, 1, 

61,639,0.001, 0.0141455, 0.0218816, 0.0513067, 0.110065, 0.159559, 0.153692, 0.233497, 0.34024, 0.425078, 0.623749, 0.915786, 1, 

Generation #10
58,689,0.001, 0.0141455, 0.0218816, 0.040253, 0.075425, 0.14546, 0.153692, 0.211271, 0.22996, 0.248763, 1, 

56,770,0.001, 0.0141455, 0.0218816, 0.040253, 0.075425, 0.14546, 0.153692, 0.211271, 0.22996, 0.248763, 1, 

60,664,0.001, 0.0219461, 0.0261442, 0.0261442, 0.0262016, 0.0663368, 0.100799, 0.164494, 0.217953, 0.161974, 0.230267, 0.475426, 0.492376, 0.797852, 0.857405, 1, 

61,599,0.001, 0.0141455, 0.0218816, 0.0262016, 0.0663368, 0.14546, 0.153692, 0.211271, 0.22996, 0.637868, 0.746564, 0.864514, 1, 

Generation #11
58,689,0.001, 0.0141455, 0.0218816, 0.040253, 0.075425, 0.14546, 0.153692, 0.211271, 0.22996, 0.248763, 1, 

56,770,0.001, 0.0141455, 0.0218816, 0.040253, 0.075425, 0.14546, 0.153692, 0.211271, 0.22996, 0.248763, 1, 

60,664,0.001, 0.0219461, 0.0261442, 0.0261442, 0.0262016, 0.0663368, 0.100799, 0.164494, 0.217953, 0.161974, 0.230267, 0.475426, 0.492376, 0.797852, 0.857405, 1, 

61,599,0.001, 0.0141455, 0.0218816, 0.0262016, 0.0663368, 0.14546, 0.153692, 0.211271, 0.22996, 0.637868, 0.746564, 0.864514, 1, 

Generation #12
58,689,0.001, 0.0141455, 0.0218816, 0.040253, 0.075425, 0.14546, 0.153692, 0.211271, 0.22996, 0.248763, 1, 

56,770,0.001, 0.0141455, 0.0218816, 0.040253, 0.075425, 0.14546, 0.153692, 0.211271, 0.22996, 0.248763, 1, 

60,664,0.001, 0.0219461, 0.0261442, 0.0261442, 0.0262016, 0.0663368, 0.100799, 0.164494, 0.217953, 0.161974, 0.230267, 0.475426, 0.492376, 0.797852, 0.857405, 1, 

61,599,0.001, 0.0141455, 0.0218816, 0.0262016, 0.0663368, 0.14546, 0.153692, 0.211271, 0.22996, 0.637868, 0.746564, 0.864514, 1, 

Generation #13
58,689,0.001, 0.0141455, 0.0218816, 0.040253, 0.075425, 0.14546, 0.153692, 0.211271, 0.22996, 0.248763, 1, 

56,770,0.001, 0.0141455, 0.0218816, 0.040253, 0.075425, 0.14546, 0.153692, 0.211271, 0.22996, 0.248763, 1, 

60,664,0.001, 0.0219461, 0.0261442, 0.0261442, 0.0262016, 0.0663368, 0.100799, 0.164494, 0.217953, 0.161974, 0.230267, 0.475426, 0.492376, 0.797852, 0.857405, 1, 

61,599,0.001, 0.0141455, 0.0218816, 0.0262016, 0.0663368, 0.14546, 0.153692, 0.211271, 0.22996, 0.637868, 0.746564, 0.864514, 1, 

Generation #14
58,689,0.001, 0.0141455, 0.0218816, 0.040253, 0.075425, 0.14546, 0.153692, 0.211271, 0.22996, 0.248763, 1, 

56,770,0.001, 0.0141455, 0.0218816, 0.040253, 0.075425, 0.14546, 0.153692, 0.211271, 0.22996, 0.248763, 1, 

60,664,0.001, 0.0219461, 0.0261442, 0.0261442, 0.0262016, 0.0663368, 0.100799, 0.164494, 0.217953, 0.161974, 0.230267, 0.475426, 0.492376, 0.797852, 0.857405, 1, 

61,599,0.001, 0.0141455, 0.0218816, 0.0262016, 0.0663368, 0.14546, 0.153692, 0.211271, 0.22996, 0.637868, 0.746564, 0.864514, 1, 

62,563,0.001, 0.0219461, 0.0261442, 0.0262016, 0.0663368, 0.100799, 0.207509, 0.233497, 0.117815, 0.239707, 0.475426, 0.492376, 0.797852, 0.857405, 1, 

Generation #15
58,689,0.001, 0.0141455, 0.0218816, 0.040253, 0.075425, 0.14546, 0.153692, 0.211271, 0.22996, 0.248763, 1, 

56,770,0.001, 0.0141455, 0.0218816, 0.040253, 0.075425, 0.14546, 0.153692, 0.211271, 0.22996, 0.248763, 1, 

62,563,0.001, 0.0219461, 0.0261442, 0.0262016, 0.0663368, 0.100799, 0.207509, 0.233497, 0.117815, 0.239707, 0.475426, 0.492376, 0.797852, 0.857405, 1, 

60,593,0.001, 0.0141455, 0.0218816, 0.0262016, 0.0663368, 0.14546, 0.153692, 0.211271, 0.22996, 0.637868, 0.525726, 0.648454, 1, 

Generation #16
58,689,0.001, 0.0141455, 0.0218816, 0.040253, 0.075425, 0.14546, 0.153692, 0.211271, 0.22996, 0.248763, 1, 

56,770,0.001, 0.0141455, 0.0218816, 0.040253, 0.075425, 0.14546, 0.153692, 0.211271, 0.22996, 0.248763, 1, 

62,563,0.001, 0.0219461, 0.0261442, 0.0262016, 0.0663368, 0.100799, 0.207509, 0.233497, 0.117815, 0.239707, 0.475426, 0.492376, 0.797852, 0.857405, 1, 

60,593,0.001, 0.0141455, 0.0218816, 0.0262016, 0.0663368, 0.14546, 0.153692, 0.211271, 0.22996, 0.637868, 0.525726, 0.648454, 1, 

57,726,0.001, 0.0141455, 0.0261442, 0.0262016, 0.0663368, 0.14546, 0.153692, 0.211271, 0.22996, 0.637868, 0.746564, 0.864514, 1, 

Generation #17
62,563,0.001, 0.0219461, 0.0261442, 0.0262016, 0.0663368, 0.100799, 0.207509, 0.233497, 0.117815, 0.239707, 0.475426, 0.492376, 0.797852, 0.857405, 1, 

60,593,0.001, 0.0141455, 0.0218816, 0.0262016, 0.0663368, 0.14546, 0.153692, 0.211271, 0.22996, 0.637868, 0.525726, 0.648454, 1, 

56,627,0.001, 0.0141455, 0.0218816, 0.040253, 0.075425, 0.14546, 0.153692, 0.211271, 0.22996, 0.248763, 1, 

Generation #18
62,563,0.001, 0.0219461, 0.0261442, 0.0262016, 0.0663368, 0.100799, 0.207509, 0.233497, 0.117815, 0.239707, 0.475426, 0.492376, 0.797852, 0.857405, 1, 

60,593,0.001, 0.0141455, 0.0218816, 0.0262016, 0.0663368, 0.14546, 0.153692, 0.211271, 0.22996, 0.637868, 0.525726, 0.648454, 1, 

56,627,0.001, 0.0141455, 0.0218816, 0.040253, 0.075425, 0.14546, 0.153692, 0.211271, 0.22996, 0.248763, 1, 

Generation #19
62,563,0.001, 0.0219461, 0.0261442, 0.0262016, 0.0663368, 0.100799, 0.207509, 0.233497, 0.117815, 0.239707, 0.475426, 0.492376, 0.797852, 0.857405, 1, 

60,593,0.001, 0.0141455, 0.0218816, 0.0262016, 0.0663368, 0.14546, 0.153692, 0.211271, 0.22996, 0.637868, 0.525726, 0.648454, 1, 

56,627,0.001, 0.0141455, 0.0218816, 0.040253, 0.075425, 0.14546, 0.153692, 0.211271, 0.22996, 0.248763, 1, 

59,599,0.001, 0.0141455, 0.0218816, 0.0262016, 0.0663368, 0.100799, 0.164494, 0.211271, 0.22996, 0.248763, 0.642512, 0.833078, 1, 

Generation #20
62,563,0.001, 0.0219461, 0.0261442, 0.0262016, 0.0663368, 0.100799, 0.207509, 0.233497, 0.117815, 0.239707, 0.475426, 0.492376, 0.797852, 0.857405, 1, 

60,593,0.001, 0.0141455, 0.0218816, 0.0262016, 0.0663368, 0.14546, 0.153692, 0.211271, 0.22996, 0.637868, 0.525726, 0.648454, 1, 

59,599,0.001, 0.0141455, 0.0218816, 0.0262016, 0.0663368, 0.100799, 0.164494, 0.211271, 0.22996, 0.248763, 0.642512, 0.833078, 1, 

56,625,0.001, 0.0141455, 0.0218816, 0.040253, 0.075425, 0.0663368, 0.100799, 0.164494, 0.217953, 0.248763, 1, 

Generation #21
62,563,0.001, 0.0219461, 0.0261442, 0.0262016, 0.0663368, 0.100799, 0.207509, 0.233497, 0.117815, 0.239707, 0.475426, 0.492376, 0.797852, 0.857405, 1, 

60,593,0.001, 0.0141455, 0.0218816, 0.0262016, 0.0663368, 0.14546, 0.153692, 0.211271, 0.22996, 0.637868, 0.525726, 0.648454, 1, 

59,599,0.001, 0.0141455, 0.0218816, 0.0262016, 0.0663368, 0.100799, 0.164494, 0.211271, 0.22996, 0.248763, 0.642512, 0.833078, 1, 

56,625,0.001, 0.0141455, 0.0218816, 0.040253, 0.075425, 0.0663368, 0.100799, 0.164494, 0.217953, 0.248763, 1, 

55,719,0.001, 0.0219461, 0.0261442, 0.040253, 0.075425, 0.14546, 0.153692, 0.211271, 0.22996, 0.248763, 1, 

Generation #22
62,563,0.001, 0.0219461, 0.0261442, 0.0262016, 0.0663368, 0.100799, 0.207509, 0.233497, 0.117815, 0.239707, 0.475426, 0.492376, 0.797852, 0.857405, 1, 

60,593,0.001, 0.0141455, 0.0218816, 0.0262016, 0.0663368, 0.14546, 0.153692, 0.211271, 0.22996, 0.637868, 0.525726, 0.648454, 1, 

59,599,0.001, 0.0141455, 0.0218816, 0.0262016, 0.0663368, 0.100799, 0.164494, 0.211271, 0.22996, 0.248763, 0.642512, 0.833078, 1, 

56,625,0.001, 0.0141455, 0.0218816, 0.040253, 0.075425, 0.0663368, 0.100799, 0.164494, 0.217953, 0.248763, 1, 

55,719,0.001, 0.0219461, 0.0261442, 0.040253, 0.075425, 0.14546, 0.153692, 0.211271, 0.22996, 0.248763, 1, 

Generation #23
62,563,0.001, 0.0219461, 0.0261442, 0.0262016, 0.0663368, 0.100799, 0.207509, 0.233497, 0.117815, 0.239707, 0.475426, 0.492376, 0.797852, 0.857405, 1, 

60,593,0.001, 0.0141455, 0.0218816, 0.0262016, 0.0663368, 0.14546, 0.153692, 0.211271, 0.22996, 0.637868, 0.525726, 0.648454, 1, 

59,599,0.001, 0.0141455, 0.0218816, 0.0262016, 0.0663368, 0.100799, 0.164494, 0.211271, 0.22996, 0.248763, 0.642512, 0.833078, 1, 

56,625,0.001, 0.0141455, 0.0218816, 0.040253, 0.075425, 0.0663368, 0.100799, 0.164494, 0.217953, 0.248763, 1, 

55,719,0.001, 0.0219461, 0.0261442, 0.040253, 0.075425, 0.14546, 0.153692, 0.211271, 0.22996, 0.248763, 1, 

Generation #24
62,563,0.001, 0.0219461, 0.0261442, 0.0262016, 0.0663368, 0.100799, 0.207509, 0.233497, 0.117815, 0.239707, 0.475426, 0.492376, 0.797852, 0.857405, 1, 

60,593,0.001, 0.0141455, 0.0218816, 0.0262016, 0.0663368, 0.14546, 0.153692, 0.211271, 0.22996, 0.637868, 0.525726, 0.648454, 1, 

59,599,0.001, 0.0141455, 0.0218816, 0.0262016, 0.0663368, 0.100799, 0.164494, 0.211271, 0.22996, 0.248763, 0.642512, 0.833078, 1, 

56,625,0.001, 0.0141455, 0.0218816, 0.040253, 0.075425, 0.0663368, 0.100799, 0.164494, 0.217953, 0.248763, 1, 

55,719,0.001, 0.0219461, 0.0261442, 0.040253, 0.075425, 0.14546, 0.153692, 0.211271, 0.22996, 0.248763, 1, 

Generation #25
62,563,0.001, 0.0219461, 0.0261442, 0.0262016, 0.0663368, 0.100799, 0.207509, 0.233497, 0.117815, 0.239707, 0.475426, 0.492376, 0.797852, 0.857405, 1, 

60,593,0.001, 0.0141455, 0.0218816, 0.0262016, 0.0663368, 0.14546, 0.153692, 0.211271, 0.22996, 0.637868, 0.525726, 0.648454, 1, 

59,599,0.001, 0.0141455, 0.0218816, 0.0262016, 0.0663368, 0.100799, 0.164494, 0.211271, 0.22996, 0.248763, 0.642512, 0.833078, 1, 

54,611,0.001, 0.0219461, 0.0261442, 0.0261442, 0.0262016, 0.0663368, 0.100799, 0.164494, 0.230267, 0.722658, 1, 

Generation #26
62,563,0.001, 0.0219461, 0.0261442, 0.0262016, 0.0663368, 0.100799, 0.207509, 0.233497, 0.117815, 0.239707, 0.475426, 0.492376, 0.797852, 0.857405, 1, 

60,593,0.001, 0.0141455, 0.0218816, 0.0262016, 0.0663368, 0.14546, 0.153692, 0.211271, 0.22996, 0.637868, 0.525726, 0.648454, 1, 

59,599,0.001, 0.0141455, 0.0218816, 0.0262016, 0.0663368, 0.100799, 0.164494, 0.211271, 0.22996, 0.248763, 0.642512, 0.833078, 1, 

54,611,0.001, 0.0219461, 0.0261442, 0.0261442, 0.0262016, 0.0663368, 0.100799, 0.164494, 0.230267, 0.722658, 1, 

Generation #27
62,563,0.001, 0.0219461, 0.0261442, 0.0262016, 0.0663368, 0.100799, 0.207509, 0.233497, 0.117815, 0.239707, 0.475426, 0.492376, 0.797852, 0.857405, 1, 

60,593,0.001, 0.0141455, 0.0218816, 0.0262016, 0.0663368, 0.14546, 0.153692, 0.211271, 0.22996, 0.637868, 0.525726, 0.648454, 1, 

59,599,0.001, 0.0141455, 0.0218816, 0.0262016, 0.0663368, 0.100799, 0.164494, 0.211271, 0.22996, 0.248763, 0.642512, 0.833078, 1, 

54,611,0.001, 0.0219461, 0.0261442, 0.0261442, 0.0262016, 0.0663368, 0.100799, 0.164494, 0.230267, 0.722658, 1, 

Generation #28
62,563,0.001, 0.0219461, 0.0261442, 0.0262016, 0.0663368, 0.100799, 0.207509, 0.233497, 0.117815, 0.239707, 0.475426, 0.492376, 0.797852, 0.857405, 1, 

54,611,0.001, 0.0219461, 0.0261442, 0.0261442, 0.0262016, 0.0663368, 0.100799, 0.164494, 0.230267, 0.722658, 1, 

58,591,0.001, 0.0141455, 0.0261442, 0.0261442, 0.0262016, 0.0663368, 0.100799, 0.164494, 0.217953, 0.637868, 0.525726, 0.864514, 1, 

Generation #29
62,563,0.001, 0.0219461, 0.0261442, 0.0262016, 0.0663368, 0.100799, 0.207509, 0.233497, 0.117815, 0.239707, 0.475426, 0.492376, 0.797852, 0.857405, 1, 

54,611,0.001, 0.0219461, 0.0261442, 0.0261442, 0.0262016, 0.0663368, 0.100799, 0.164494, 0.230267, 0.722658, 1, 

58,591,0.001, 0.0141455, 0.0261442, 0.0261442, 0.0262016, 0.0663368, 0.100799, 0.164494, 0.217953, 0.637868, 0.525726, 0.864514, 1, 

Generation #30
62,563,0.001, 0.0219461, 0.0261442, 0.0262016, 0.0663368, 0.100799, 0.207509, 0.233497, 0.117815, 0.239707, 0.475426, 0.492376, 0.797852, 0.857405, 1, 

54,611,0.001, 0.0219461, 0.0261442, 0.0261442, 0.0262016, 0.0663368, 0.100799, 0.164494, 0.230267, 0.722658, 1, 

58,591,0.001, 0.0141455, 0.0261442, 0.0261442, 0.0262016, 0.0663368, 0.100799, 0.164494, 0.217953, 0.637868, 0.525726, 0.864514, 1, 

Generation #31
54,611,0.001, 0.0219461, 0.0261442, 0.0261442, 0.0262016, 0.0663368, 0.100799, 0.164494, 0.230267, 0.722658, 1, 

58,591,0.001, 0.0141455, 0.0261442, 0.0261442, 0.0262016, 0.0663368, 0.100799, 0.164494, 0.217953, 0.637868, 0.525726, 0.864514, 1, 

59,561,0.001, 0.0141455, 0.0218816, 0.040253, 0.0262016, 0.0663368, 0.100799, 0.164494, 0.217953, 0.637868, 0.525726, 0.864514, 1, 

Generation #32
54,611,0.001, 0.0219461, 0.0261442, 0.0261442, 0.0262016, 0.0663368, 0.100799, 0.164494, 0.230267, 0.722658, 1, 

58,591,0.001, 0.0141455, 0.0261442, 0.0261442, 0.0262016, 0.0663368, 0.100799, 0.164494, 0.217953, 0.637868, 0.525726, 0.864514, 1, 

59,561,0.001, 0.0141455, 0.0218816, 0.040253, 0.0262016, 0.0663368, 0.100799, 0.164494, 0.217953, 0.637868, 0.525726, 0.864514, 1, 

Generation #33
54,611,0.001, 0.0219461, 0.0261442, 0.0261442, 0.0262016, 0.0663368, 0.100799, 0.164494, 0.230267, 0.722658, 1, 

58,591,0.001, 0.0141455, 0.0261442, 0.0261442, 0.0262016, 0.0663368, 0.100799, 0.164494, 0.217953, 0.637868, 0.525726, 0.864514, 1, 

59,561,0.001, 0.0141455, 0.0218816, 0.040253, 0.0262016, 0.0663368, 0.100799, 0.164494, 0.217953, 0.637868, 0.525726, 0.864514, 1, 

Generation #34
54,611,0.001, 0.0219461, 0.0261442, 0.0261442, 0.0262016, 0.0663368, 0.100799, 0.164494, 0.230267, 0.722658, 1, 

58,591,0.001, 0.0141455, 0.0261442, 0.0261442, 0.0262016, 0.0663368, 0.100799, 0.164494, 0.217953, 0.637868, 0.525726, 0.864514, 1, 

59,561,0.001, 0.0141455, 0.0218816, 0.040253, 0.0262016, 0.0663368, 0.100799, 0.164494, 0.217953, 0.637868, 0.525726, 0.864514, 1, 

75,535,0.001, 0.0141455, 0.0261442, 0.0261442, 0.0262016, 0.0663368, 0.100799, 0.164494, 0.217953, 0.637868, 0.239707, 0.475426, 0.694635, 0.729171, 0.932307, 0.730644, 0.735383, 0.853964, 0.915597, 0.926933, 0.928542, 0.959001, 0.973861, 0.976665, 1, 

Generation #35
54,611,0.001, 0.0219461, 0.0261442, 0.0261442, 0.0262016, 0.0663368, 0.100799, 0.164494, 0.230267, 0.722658, 1, 

58,591,0.001, 0.0141455, 0.0261442, 0.0261442, 0.0262016, 0.0663368, 0.100799, 0.164494, 0.217953, 0.637868, 0.525726, 0.864514, 1, 

59,561,0.001, 0.0141455, 0.0218816, 0.040253, 0.0262016, 0.0663368, 0.100799, 0.164494, 0.217953, 0.637868, 0.525726, 0.864514, 1, 

75,535,0.001, 0.0141455, 0.0261442, 0.0261442, 0.0262016, 0.0663368, 0.100799, 0.164494, 0.217953, 0.637868, 0.239707, 0.475426, 0.694635, 0.729171, 0.932307, 0.730644, 0.735383, 0.853964, 0.915597, 0.926933, 0.928542, 0.959001, 0.973861, 0.976665, 1, 

Generation #36
54,611,0.001, 0.0219461, 0.0261442, 0.0261442, 0.0262016, 0.0663368, 0.100799, 0.164494, 0.230267, 0.722658, 1, 

58,591,0.001, 0.0141455, 0.0261442, 0.0261442, 0.0262016, 0.0663368, 0.100799, 0.164494, 0.217953, 0.637868, 0.525726, 0.864514, 1, 

59,561,0.001, 0.0141455, 0.0218816, 0.040253, 0.0262016, 0.0663368, 0.100799, 0.164494, 0.217953, 0.637868, 0.525726, 0.864514, 1, 

75,535,0.001, 0.0141455, 0.0261442, 0.0261442, 0.0262016, 0.0663368, 0.100799, 0.164494, 0.217953, 0.637868, 0.239707, 0.475426, 0.694635, 0.729171, 0.932307, 0.730644, 0.735383, 0.853964, 0.915597, 0.926933, 0.928542, 0.959001, 0.973861, 0.976665, 1, 

60,537,0.001, 0.0141455, 0.0218816, 0.0261442, 0.022745, 0.0262016, 0.0663368, 0.100799, 0.164494, 0.217953, 0.161974, 0.230267, 0.475426, 0.492376, 0.797852, 0.857405, 1, 

56,603,0.001, 0.0141455, 0.0218816, 0.0261442, 0.0262016, 0.0663368, 0.100799, 0.0206494, 0.217953, 0.248763, 0.525726, 0.648454, 1, 

Generation #37
54,611,0.001, 0.0219461, 0.0261442, 0.0261442, 0.0262016, 0.0663368, 0.100799, 0.164494, 0.230267, 0.722658, 1, 

58,591,0.001, 0.0141455, 0.0261442, 0.0261442, 0.0262016, 0.0663368, 0.100799, 0.164494, 0.217953, 0.637868, 0.525726, 0.864514, 1, 

59,561,0.001, 0.0141455, 0.0218816, 0.040253, 0.0262016, 0.0663368, 0.100799, 0.164494, 0.217953, 0.637868, 0.525726, 0.864514, 1, 

75,535,0.001, 0.0141455, 0.0261442, 0.0261442, 0.0262016, 0.0663368, 0.100799, 0.164494, 0.217953, 0.637868, 0.239707, 0.475426, 0.694635, 0.729171, 0.932307, 0.730644, 0.735383, 0.853964, 0.915597, 0.926933, 0.928542, 0.959001, 0.973861, 0.976665, 1, 

60,537,0.001, 0.0141455, 0.0218816, 0.0261442, 0.022745, 0.0262016, 0.0663368, 0.100799, 0.164494, 0.217953, 0.161974, 0.230267, 0.475426, 0.492376, 0.797852, 0.857405, 1, 

56,603,0.001, 0.0141455, 0.0218816, 0.0261442, 0.0262016, 0.0663368, 0.100799, 0.0206494, 0.217953, 0.248763, 0.525726, 0.648454, 1, 

Generation #38
54,611,0.001, 0.0219461, 0.0261442, 0.0261442, 0.0262016, 0.0663368, 0.100799, 0.164494, 0.230267, 0.722658, 1, 

58,591,0.001, 0.0141455, 0.0261442, 0.0261442, 0.0262016, 0.0663368, 0.100799, 0.164494, 0.217953, 0.637868, 0.525726, 0.864514, 1, 

59,561,0.001, 0.0141455, 0.0218816, 0.040253, 0.0262016, 0.0663368, 0.100799, 0.164494, 0.217953, 0.637868, 0.525726, 0.864514, 1, 

75,535,0.001, 0.0141455, 0.0261442, 0.0261442, 0.0262016, 0.0663368, 0.100799, 0.164494, 0.217953, 0.637868, 0.239707, 0.475426, 0.694635, 0.729171, 0.932307, 0.730644, 0.735383, 0.853964, 0.915597, 0.926933, 0.928542, 0.959001, 0.973861, 0.976665, 1, 

60,537,0.001, 0.0141455, 0.0218816, 0.0261442, 0.022745, 0.0262016, 0.0663368, 0.100799, 0.164494, 0.217953, 0.161974, 0.230267, 0.475426, 0.492376, 0.797852, 0.857405, 1, 

56,603,0.001, 0.0141455, 0.0218816, 0.0261442, 0.0262016, 0.0663368, 0.100799, 0.0206494, 0.217953, 0.248763, 0.525726, 0.648454, 1, 

Generation #39
54,611,0.001, 0.0219461, 0.0261442, 0.0261442, 0.0262016, 0.0663368, 0.100799, 0.164494, 0.230267, 0.722658, 1, 

58,591,0.001, 0.0141455, 0.0261442, 0.0261442, 0.0262016, 0.0663368, 0.100799, 0.164494, 0.217953, 0.637868, 0.525726, 0.864514, 1, 

59,561,0.001, 0.0141455, 0.0218816, 0.040253, 0.0262016, 0.0663368, 0.100799, 0.164494, 0.217953, 0.637868, 0.525726, 0.864514, 1, 

75,535,0.001, 0.0141455, 0.0261442, 0.0261442, 0.0262016, 0.0663368, 0.100799, 0.164494, 0.217953, 0.637868, 0.239707, 0.475426, 0.694635, 0.729171, 0.932307, 0.730644, 0.735383, 0.853964, 0.915597, 0.926933, 0.928542, 0.959001, 0.973861, 0.976665, 1, 

60,537,0.001, 0.0141455, 0.0218816, 0.0261442, 0.022745, 0.0262016, 0.0663368, 0.100799, 0.164494, 0.217953, 0.161974, 0.230267, 0.475426, 0.492376, 0.797852, 0.857405, 1, 

56,603,0.001, 0.0141455, 0.0218816, 0.0261442, 0.0262016, 0.0663368, 0.100799, 0.0206494, 0.217953, 0.248763, 0.525726, 0.648454, 1, 

Generation #40
54,611,0.001, 0.0219461, 0.0261442, 0.0261442, 0.0262016, 0.0663368, 0.100799, 0.164494, 0.230267, 0.722658, 1, 

58,591,0.001, 0.0141455, 0.0261442, 0.0261442, 0.0262016, 0.0663368, 0.100799, 0.164494, 0.217953, 0.637868, 0.525726, 0.864514, 1, 

59,561,0.001, 0.0141455, 0.0218816, 0.040253, 0.0262016, 0.0663368, 0.100799, 0.164494, 0.217953, 0.637868, 0.525726, 0.864514, 1, 

75,535,0.001, 0.0141455, 0.0261442, 0.0261442, 0.0262016, 0.0663368, 0.100799, 0.164494, 0.217953, 0.637868, 0.239707, 0.475426, 0.694635, 0.729171, 0.932307, 0.730644, 0.735383, 0.853964, 0.915597, 0.926933, 0.928542, 0.959001, 0.973861, 0.976665, 1, 

60,537,0.001, 0.0141455, 0.0218816, 0.0261442, 0.022745, 0.0262016, 0.0663368, 0.100799, 0.164494, 0.217953, 0.161974, 0.230267, 0.475426, 0.492376, 0.797852, 0.857405, 1, 

56,603,0.001, 0.0141455, 0.0218816, 0.0261442, 0.0262016, 0.0663368, 0.100799, 0.0206494, 0.217953, 0.248763, 0.525726, 0.648454, 1, 

Generation #41
54,611,0.001, 0.0219461, 0.0261442, 0.0261442, 0.0262016, 0.0663368, 0.100799, 0.164494, 0.230267, 0.722658, 1, 

58,591,0.001, 0.0141455, 0.0261442, 0.0261442, 0.0262016, 0.0663368, 0.100799, 0.164494, 0.217953, 0.637868, 0.525726, 0.864514, 1, 

59,561,0.001, 0.0141455, 0.0218816, 0.040253, 0.0262016, 0.0663368, 0.100799, 0.164494, 0.217953, 0.637868, 0.525726, 0.864514, 1, 

75,535,0.001, 0.0141455, 0.0261442, 0.0261442, 0.0262016, 0.0663368, 0.100799, 0.164494, 0.217953, 0.637868, 0.239707, 0.475426, 0.694635, 0.729171, 0.932307, 0.730644, 0.735383, 0.853964, 0.915597, 0.926933, 0.928542, 0.959001, 0.973861, 0.976665, 1, 

60,537,0.001, 0.0141455, 0.0218816, 0.0261442, 0.022745, 0.0262016, 0.0663368, 0.100799, 0.164494, 0.217953, 0.161974, 0.230267, 0.475426, 0.492376, 0.797852, 0.857405, 1, 

56,603,0.001, 0.0141455, 0.0218816, 0.0261442, 0.0262016, 0.0663368, 0.100799, 0.0206494, 0.217953, 0.248763, 0.525726, 0.648454, 1, 

Generation #42
54,611,0.001, 0.0219461, 0.0261442, 0.0261442, 0.0262016, 0.0663368, 0.100799, 0.164494, 0.230267, 0.722658, 1, 

58,591,0.001, 0.0141455, 0.0261442, 0.0261442, 0.0262016, 0.0663368, 0.100799, 0.164494, 0.217953, 0.637868, 0.525726, 0.864514, 1, 

59,561,0.001, 0.0141455, 0.0218816, 0.040253, 0.0262016, 0.0663368, 0.100799, 0.164494, 0.217953, 0.637868, 0.525726, 0.864514, 1, 

75,535,0.001, 0.0141455, 0.0261442, 0.0261442, 0.0262016, 0.0663368, 0.100799, 0.164494, 0.217953, 0.637868, 0.239707, 0.475426, 0.694635, 0.729171, 0.932307, 0.730644, 0.735383, 0.853964, 0.915597, 0.926933, 0.928542, 0.959001, 0.973861, 0.976665, 1, 

60,537,0.001, 0.0141455, 0.0218816, 0.0261442, 0.022745, 0.0262016, 0.0663368, 0.100799, 0.164494, 0.217953, 0.161974, 0.230267, 0.475426, 0.492376, 0.797852, 0.857405, 1, 

56,603,0.001, 0.0141455, 0.0218816, 0.0261442, 0.0262016, 0.0663368, 0.100799, 0.0206494, 0.217953, 0.248763, 0.525726, 0.648454, 1, 

Generation #43
54,611,0.001, 0.0219461, 0.0261442, 0.0261442, 0.0262016, 0.0663368, 0.100799, 0.164494, 0.230267, 0.722658, 1, 

58,591,0.001, 0.0141455, 0.0261442, 0.0261442, 0.0262016, 0.0663368, 0.100799, 0.164494, 0.217953, 0.637868, 0.525726, 0.864514, 1, 

59,561,0.001, 0.0141455, 0.0218816, 0.040253, 0.0262016, 0.0663368, 0.100799, 0.164494, 0.217953, 0.637868, 0.525726, 0.864514, 1, 

75,535,0.001, 0.0141455, 0.0261442, 0.0261442, 0.0262016, 0.0663368, 0.100799, 0.164494, 0.217953, 0.637868, 0.239707, 0.475426, 0.694635, 0.729171, 0.932307, 0.730644, 0.735383, 0.853964, 0.915597, 0.926933, 0.928542, 0.959001, 0.973861, 0.976665, 1, 

60,537,0.001, 0.0141455, 0.0218816, 0.0261442, 0.022745, 0.0262016, 0.0663368, 0.100799, 0.164494, 0.217953, 0.161974, 0.230267, 0.475426, 0.492376, 0.797852, 0.857405, 1, 

56,603,0.001, 0.0141455, 0.0218816, 0.0261442, 0.0262016, 0.0663368, 0.100799, 0.0206494, 0.217953, 0.248763, 0.525726, 0.648454, 1, 

Generation #44
54,611,0.001, 0.0219461, 0.0261442, 0.0261442, 0.0262016, 0.0663368, 0.100799, 0.164494, 0.230267, 0.722658, 1, 

58,591,0.001, 0.0141455, 0.0261442, 0.0261442, 0.0262016, 0.0663368, 0.100799, 0.164494, 0.217953, 0.637868, 0.525726, 0.864514, 1, 

59,561,0.001, 0.0141455, 0.0218816, 0.040253, 0.0262016, 0.0663368, 0.100799, 0.164494, 0.217953, 0.637868, 0.525726, 0.864514, 1, 

75,535,0.001, 0.0141455, 0.0261442, 0.0261442, 0.0262016, 0.0663368, 0.100799, 0.164494, 0.217953, 0.637868, 0.239707, 0.475426, 0.694635, 0.729171, 0.932307, 0.730644, 0.735383, 0.853964, 0.915597, 0.926933, 0.928542, 0.959001, 0.973861, 0.976665, 1, 

60,537,0.001, 0.0141455, 0.0218816, 0.0261442, 0.022745, 0.0262016, 0.0663368, 0.100799, 0.164494, 0.217953, 0.161974, 0.230267, 0.475426, 0.492376, 0.797852, 0.857405, 1, 

56,603,0.001, 0.0141455, 0.0218816, 0.0261442, 0.0262016, 0.0663368, 0.100799, 0.0206494, 0.217953, 0.248763, 0.525726, 0.648454, 1, 

53,922,0.001, 0.0141455, 0.0218816, 0.0261442, 0.0262016, 0.0663368, 0.100799, 0.211271, 0.22996, 0.248763, 1, 

Generation #45
54,611,0.001, 0.0219461, 0.0261442, 0.0261442, 0.0262016, 0.0663368, 0.100799, 0.164494, 0.230267, 0.722658, 1, 

58,591,0.001, 0.0141455, 0.0261442, 0.0261442, 0.0262016, 0.0663368, 0.100799, 0.164494, 0.217953, 0.637868, 0.525726, 0.864514, 1, 

59,561,0.001, 0.0141455, 0.0218816, 0.040253, 0.0262016, 0.0663368, 0.100799, 0.164494, 0.217953, 0.637868, 0.525726, 0.864514, 1, 

75,535,0.001, 0.0141455, 0.0261442, 0.0261442, 0.0262016, 0.0663368, 0.100799, 0.164494, 0.217953, 0.637868, 0.239707, 0.475426, 0.694635, 0.729171, 0.932307, 0.730644, 0.735383, 0.853964, 0.915597, 0.926933, 0.928542, 0.959001, 0.973861, 0.976665, 1, 

60,537,0.001, 0.0141455, 0.0218816, 0.0261442, 0.022745, 0.0262016, 0.0663368, 0.100799, 0.164494, 0.217953, 0.161974, 0.230267, 0.475426, 0.492376, 0.797852, 0.857405, 1, 

56,603,0.001, 0.0141455, 0.0218816, 0.0261442, 0.0262016, 0.0663368, 0.100799, 0.0206494, 0.217953, 0.248763, 0.525726, 0.648454, 1, 

53,922,0.001, 0.0141455, 0.0218816, 0.0261442, 0.0262016, 0.0663368, 0.100799, 0.211271, 0.22996, 0.248763, 1, 

Generation #46
54,611,0.001, 0.0219461, 0.0261442, 0.0261442, 0.0262016, 0.0663368, 0.100799, 0.164494, 0.230267, 0.722658, 1, 

58,591,0.001, 0.0141455, 0.0261442, 0.0261442, 0.0262016, 0.0663368, 0.100799, 0.164494, 0.217953, 0.637868, 0.525726, 0.864514, 1, 

59,561,0.001, 0.0141455, 0.0218816, 0.040253, 0.0262016, 0.0663368, 0.100799, 0.164494, 0.217953, 0.637868, 0.525726, 0.864514, 1, 

75,535,0.001, 0.0141455, 0.0261442, 0.0261442, 0.0262016, 0.0663368, 0.100799, 0.164494, 0.217953, 0.637868, 0.239707, 0.475426, 0.694635, 0.729171, 0.932307, 0.730644, 0.735383, 0.853964, 0.915597, 0.926933, 0.928542, 0.959001, 0.973861, 0.976665, 1, 

60,537,0.001, 0.0141455, 0.0218816, 0.0261442, 0.022745, 0.0262016, 0.0663368, 0.100799, 0.164494, 0.217953, 0.161974, 0.230267, 0.475426, 0.492376, 0.797852, 0.857405, 1, 

56,603,0.001, 0.0141455, 0.0218816, 0.0261442, 0.0262016, 0.0663368, 0.100799, 0.0206494, 0.217953, 0.248763, 0.525726, 0.648454, 1, 

53,922,0.001, 0.0141455, 0.0218816, 0.0261442, 0.0262016, 0.0663368, 0.100799, 0.211271, 0.22996, 0.248763, 1, 

Generation #47
54,611,0.001, 0.0219461, 0.0261442, 0.0261442, 0.0262016, 0.0663368, 0.100799, 0.164494, 0.230267, 0.722658, 1, 

58,591,0.001, 0.0141455, 0.0261442, 0.0261442, 0.0262016, 0.0663368, 0.100799, 0.164494, 0.217953, 0.637868, 0.525726, 0.864514, 1, 

59,561,0.001, 0.0141455, 0.0218816, 0.040253, 0.0262016, 0.0663368, 0.100799, 0.164494, 0.217953, 0.637868, 0.525726, 0.864514, 1, 

75,535,0.001, 0.0141455, 0.0261442, 0.0261442, 0.0262016, 0.0663368, 0.100799, 0.164494, 0.217953, 0.637868, 0.239707, 0.475426, 0.694635, 0.729171, 0.932307, 0.730644, 0.735383, 0.853964, 0.915597, 0.926933, 0.928542, 0.959001, 0.973861, 0.976665, 1, 

60,537,0.001, 0.0141455, 0.0218816, 0.0261442, 0.022745, 0.0262016, 0.0663368, 0.100799, 0.164494, 0.217953, 0.161974, 0.230267, 0.475426, 0.492376, 0.797852, 0.857405, 1, 

56,603,0.001, 0.0141455, 0.0218816, 0.0261442, 0.0262016, 0.0663368, 0.100799, 0.0206494, 0.217953, 0.248763, 0.525726, 0.648454, 1, 

53,922,0.001, 0.0141455, 0.0218816, 0.0261442, 0.0262016, 0.0663368, 0.100799, 0.211271, 0.22996, 0.248763, 1, 

Generation #48
54,611,0.001, 0.0219461, 0.0261442, 0.0261442, 0.0262016, 0.0663368, 0.100799, 0.164494, 0.230267, 0.722658, 1, 

58,591,0.001, 0.0141455, 0.0261442, 0.0261442, 0.0262016, 0.0663368, 0.100799, 0.164494, 0.217953, 0.637868, 0.525726, 0.864514, 1, 

59,561,0.001, 0.0141455, 0.0218816, 0.040253, 0.0262016, 0.0663368, 0.100799, 0.164494, 0.217953, 0.637868, 0.525726, 0.864514, 1, 

75,535,0.001, 0.0141455, 0.0261442, 0.0261442, 0.0262016, 0.0663368, 0.100799, 0.164494, 0.217953, 0.637868, 0.239707, 0.475426, 0.694635, 0.729171, 0.932307, 0.730644, 0.735383, 0.853964, 0.915597, 0.926933, 0.928542, 0.959001, 0.973861, 0.976665, 1, 

60,537,0.001, 0.0141455, 0.0218816, 0.0261442, 0.022745, 0.0262016, 0.0663368, 0.100799, 0.164494, 0.217953, 0.161974, 0.230267, 0.475426, 0.492376, 0.797852, 0.857405, 1, 

56,603,0.001, 0.0141455, 0.0218816, 0.0261442, 0.0262016, 0.0663368, 0.100799, 0.0206494, 0.217953, 0.248763, 0.525726, 0.648454, 1, 

53,922,0.001, 0.0141455, 0.0218816, 0.0261442, 0.0262016, 0.0663368, 0.100799, 0.211271, 0.22996, 0.248763, 1, 

Generation #49
54,611,0.001, 0.0219461, 0.0261442, 0.0261442, 0.0262016, 0.0663368, 0.100799, 0.164494, 0.230267, 0.722658, 1, 

58,591,0.001, 0.0141455, 0.0261442, 0.0261442, 0.0262016, 0.0663368, 0.100799, 0.164494, 0.217953, 0.637868, 0.525726, 0.864514, 1, 

59,561,0.001, 0.0141455, 0.0218816, 0.040253, 0.0262016, 0.0663368, 0.100799, 0.164494, 0.217953, 0.637868, 0.525726, 0.864514, 1, 

75,535,0.001, 0.0141455, 0.0261442, 0.0261442, 0.0262016, 0.0663368, 0.100799, 0.164494, 0.217953, 0.637868, 0.239707, 0.475426, 0.694635, 0.729171, 0.932307, 0.730644, 0.735383, 0.853964, 0.915597, 0.926933, 0.928542, 0.959001, 0.973861, 0.976665, 1, 

60,537,0.001, 0.0141455, 0.0218816, 0.0261442, 0.022745, 0.0262016, 0.0663368, 0.100799, 0.164494, 0.217953, 0.161974, 0.230267, 0.475426, 0.492376, 0.797852, 0.857405, 1, 

56,603,0.001, 0.0141455, 0.0218816, 0.0261442, 0.0262016, 0.0663368, 0.100799, 0.0206494, 0.217953, 0.248763, 0.525726, 0.648454, 1, 

53,922,0.001, 0.0141455, 0.0218816, 0.0261442, 0.0262016, 0.0663368, 0.100799, 0.211271, 0.22996, 0.248763, 1, 

--- Pareto Front Solutions ---
Solution 0: N total=99 (N_initial=45, N_added=54), Time total=635 ms, Saved to: ./results/Wireless_t2_l1_pareto_0.csv, percents=0.001, 0.0219461, 0.0261442, 0.0261442, 0.0262016, 0.0663368, 0.100799, 0.164494, 0.230267, 0.722658, 1, 

Solution 1: N total=103 (N_initial=45, N_added=58), Time total=615 ms, Saved to: ./results/Wireless_t2_l1_pareto_1.csv, percents=0.001, 0.0141455, 0.0261442, 0.0261442, 0.0262016, 0.0663368, 0.100799, 0.164494, 0.217953, 0.637868, 0.525726, 0.864514, 1, 

Solution 2: N total=104 (N_initial=45, N_added=59), Time total=585 ms, Saved to: ./results/Wireless_t2_l1_pareto_2.csv, percents=0.001, 0.0141455, 0.0218816, 0.040253, 0.0262016, 0.0663368, 0.100799, 0.164494, 0.217953, 0.637868, 0.525726, 0.864514, 1, 

Solution 3: N total=120 (N_initial=45, N_added=75), Time total=559 ms, Saved to: ./results/Wireless_t2_l1_pareto_3.csv, percents=0.001, 0.0141455, 0.0261442, 0.0261442, 0.0262016, 0.0663368, 0.100799, 0.164494, 0.217953, 0.637868, 0.239707, 0.475426, 0.694635, 0.729171, 0.932307, 0.730644, 0.735383, 0.853964, 0.915597, 0.926933, 0.928542, 0.959001, 0.973861, 0.976665, 1, 

Solution 4: N total=105 (N_initial=45, N_added=60), Time total=561 ms, Saved to: ./results/Wireless_t2_l1_pareto_4.csv, percents=0.001, 0.0141455, 0.0218816, 0.0261442, 0.022745, 0.0262016, 0.0663368, 0.100799, 0.164494, 0.217953, 0.161974, 0.230267, 0.475426, 0.492376, 0.797852, 0.857405, 1, 

Solution 5: N total=101 (N_initial=45, N_added=56), Time total=627 ms, Saved to: ./results/Wireless_t2_l1_pareto_5.csv, percents=0.001, 0.0141455, 0.0218816, 0.0261442, 0.0262016, 0.0663368, 0.100799, 0.0206494, 0.217953, 0.248763, 0.525726, 0.648454, 1, 

Solution 6: N total=98 (N_initial=45, N_added=53), Time total=946 ms, Saved to: ./results/Wireless_t2_l1_pareto_6.csv, percents=0.001, 0.0141455, 0.0218816, 0.0261442, 0.0262016, 0.0663368, 0.100799, 0.211271, 0.22996, 0.248763, 1, 

------------d=1, t=2, lambda=2, filename=./evaluation/Wireless/Wireless_2_2.csv------------
Computing partitioned counts of d-sets...
Ready to look at pairs based on partitioned counts...
First Stage N=80, Time=11
There are 388 remaining non-locating pairs
--- Running GA Algorithm (phase2) ---
Running GA with std::execution::par
Generation #0
59,200,0.001, 0.0943774, 0.108438, 0.20024, 0.231603, 0.540265, 0.61174, 0.61206, 0.658761, 0.769584, 0.785486, 0.851974, 0.921825, 1, 

67,146,0.001, 0.0247312, 0.108408, 0.112201, 0.127869, 0.137607, 0.269866, 0.450001, 0.585603, 0.639786, 0.70083, 0.772191, 0.789454, 0.835671, 0.852946, 0.913661, 0.941642, 0.960842, 0.975876, 1, 

65,190,0.001, 0.0699073, 0.122362, 0.319111, 0.345458, 0.350396, 0.389286, 0.810683, 0.855259, 0.934935, 0.979748, 0.99767, 0.999515, 1, 

Generation #1
56,147,0.001, 0.053628, 0.0601328, 0.0709246, 0.0847516, 0.0986418, 0.210388, 0.24099, 0.284747, 0.324881, 0.927867, 1, 

58,114,0.001, 0.0524323, 0.0647475, 0.0893691, 0.126082, 0.141659, 0.159322, 0.174762, 0.196247, 0.259919, 0.200801, 0.283047, 0.927867, 1, 

Generation #2
56,147,0.001, 0.053628, 0.0601328, 0.0709246, 0.0847516, 0.0986418, 0.210388, 0.24099, 0.284747, 0.324881, 0.927867, 1, 

58,114,0.001, 0.0524323, 0.0647475, 0.0893691, 0.126082, 0.141659, 0.159322, 0.174762, 0.196247, 0.259919, 0.200801, 0.283047, 0.927867, 1, 

69,108,0.001, 0.0334517, 0.0335535, 0.0491895, 0.057747, 0.0698078, 0.125924, 0.12959, 0.148009, 0.153323, 0.15537, 0.244792, 0.247544, 0.270574, 0.284461, 0.409552, 0.417011, 0.590215, 0.592407, 0.630306, 0.659408, 0.665819, 0.722453, 0.804963, 0.916915, 0.953795, 1, 

54,238,0.001, 0.0301678, 0.0656052, 0.108255, 0.720547, 0.771685, 0.877762, 0.943822, 0.953831, 1, 

Generation #3
56,147,0.001, 0.053628, 0.0601328, 0.0709246, 0.0847516, 0.0986418, 0.210388, 0.24099, 0.284747, 0.324881, 0.927867, 1, 

58,114,0.001, 0.0524323, 0.0647475, 0.0893691, 0.126082, 0.141659, 0.159322, 0.174762, 0.196247, 0.259919, 0.200801, 0.283047, 0.927867, 1, 

69,108,0.001, 0.0334517, 0.0335535, 0.0491895, 0.057747, 0.0698078, 0.125924, 0.12959, 0.148009, 0.153323, 0.15537, 0.244792, 0.247544, 0.270574, 0.284461, 0.409552, 0.417011, 0.590215, 0.592407, 0.630306, 0.659408, 0.665819, 0.722453, 0.804963, 0.916915, 0.953795, 1, 

54,238,0.001, 0.0301678, 0.0656052, 0.108255, 0.720547, 0.771685, 0.877762, 0.943822, 0.953831, 1, 

Generation #4
56,147,0.001, 0.053628, 0.0601328, 0.0709246, 0.0847516, 0.0986418, 0.210388, 0.24099, 0.284747, 0.324881, 0.927867, 1, 

58,114,0.001, 0.0524323, 0.0647475, 0.0893691, 0.126082, 0.141659, 0.159322, 0.174762, 0.196247, 0.259919, 0.200801, 0.283047, 0.927867, 1, 

69,108,0.001, 0.0334517, 0.0335535, 0.0491895, 0.057747, 0.0698078, 0.125924, 0.12959, 0.148009, 0.153323, 0.15537, 0.244792, 0.247544, 0.270574, 0.284461, 0.409552, 0.417011, 0.590215, 0.592407, 0.630306, 0.659408, 0.665819, 0.722453, 0.804963, 0.916915, 0.953795, 1, 

54,238,0.001, 0.0301678, 0.0656052, 0.108255, 0.720547, 0.771685, 0.877762, 0.943822, 0.953831, 1, 

Generation #5
56,147,0.001, 0.053628, 0.0601328, 0.0709246, 0.0847516, 0.0986418, 0.210388, 0.24099, 0.284747, 0.324881, 0.927867, 1, 

58,114,0.001, 0.0524323, 0.0647475, 0.0893691, 0.126082, 0.141659, 0.159322, 0.174762, 0.196247, 0.259919, 0.200801, 0.283047, 0.927867, 1, 

69,108,0.001, 0.0334517, 0.0335535, 0.0491895, 0.057747, 0.0698078, 0.125924, 0.12959, 0.148009, 0.153323, 0.15537, 0.244792, 0.247544, 0.270574, 0.284461, 0.409552, 0.417011, 0.590215, 0.592407, 0.630306, 0.659408, 0.665819, 0.722453, 0.804963, 0.916915, 0.953795, 1, 

54,238,0.001, 0.0301678, 0.0656052, 0.108255, 0.720547, 0.771685, 0.877762, 0.943822, 0.953831, 1, 

57,140,0.001, 0.019728, 0.0429605, 0.07781, 0.11909, 0.171877, 0.281676, 0.309765, 0.362618, 0.376272, 0.378892, 0.927867, 1, 

55,195,0.001, 0.119979, 0.122947, 0.128693, 0.145273, 0.141659, 0.159322, 0.0934759, 0.585603, 0.639786, 0.70083, 0.99767, 0.999515, 1, 

Generation #6
56,147,0.001, 0.053628, 0.0601328, 0.0709246, 0.0847516, 0.0986418, 0.210388, 0.24099, 0.284747, 0.324881, 0.927867, 1, 

58,114,0.001, 0.0524323, 0.0647475, 0.0893691, 0.126082, 0.141659, 0.159322, 0.174762, 0.196247, 0.259919, 0.200801, 0.283047, 0.927867, 1, 

69,108,0.001, 0.0334517, 0.0335535, 0.0491895, 0.057747, 0.0698078, 0.125924, 0.12959, 0.148009, 0.153323, 0.15537, 0.244792, 0.247544, 0.270574, 0.284461, 0.409552, 0.417011, 0.590215, 0.592407, 0.630306, 0.659408, 0.665819, 0.722453, 0.804963, 0.916915, 0.953795, 1, 

54,238,0.001, 0.0301678, 0.0656052, 0.108255, 0.720547, 0.771685, 0.877762, 0.943822, 0.953831, 1, 

57,140,0.001, 0.019728, 0.0429605, 0.07781, 0.11909, 0.171877, 0.281676, 0.309765, 0.362618, 0.376272, 0.378892, 0.927867, 1, 

55,195,0.001, 0.119979, 0.122947, 0.128693, 0.145273, 0.141659, 0.159322, 0.0934759, 0.585603, 0.639786, 0.70083, 0.99767, 0.999515, 1, 

Generation #7
56,147,0.001, 0.053628, 0.0601328, 0.0709246, 0.0847516, 0.0986418, 0.210388, 0.24099, 0.284747, 0.324881, 0.927867, 1, 

58,114,0.001, 0.0524323, 0.0647475, 0.0893691, 0.126082, 0.141659, 0.159322, 0.174762, 0.196247, 0.259919, 0.200801, 0.283047, 0.927867, 1, 

69,108,0.001, 0.0334517, 0.0335535, 0.0491895, 0.057747, 0.0698078, 0.125924, 0.12959, 0.148009, 0.153323, 0.15537, 0.244792, 0.247544, 0.270574, 0.284461, 0.409552, 0.417011, 0.590215, 0.592407, 0.630306, 0.659408, 0.665819, 0.722453, 0.804963, 0.916915, 0.953795, 1, 

54,238,0.001, 0.0301678, 0.0656052, 0.108255, 0.720547, 0.771685, 0.877762, 0.943822, 0.953831, 1, 

57,140,0.001, 0.019728, 0.0429605, 0.07781, 0.11909, 0.171877, 0.281676, 0.309765, 0.362618, 0.376272, 0.378892, 0.927867, 1, 

55,195,0.001, 0.119979, 0.122947, 0.128693, 0.145273, 0.141659, 0.159322, 0.0934759, 0.585603, 0.639786, 0.70083, 0.99767, 0.999515, 1, 

Generation #8
58,114,0.001, 0.0524323, 0.0647475, 0.0893691, 0.126082, 0.141659, 0.159322, 0.174762, 0.196247, 0.259919, 0.200801, 0.283047, 0.927867, 1, 

69,108,0.001, 0.0334517, 0.0335535, 0.0491895, 0.057747, 0.0698078, 0.125924, 0.12959, 0.148009, 0.153323, 0.15537, 0.244792, 0.247544, 0.270574, 0.284461, 0.409552, 0.417011, 0.590215, 0.592407, 0.630306, 0.659408, 0.665819, 0.722453, 0.804963, 0.916915, 0.953795, 1, 

54,135,0.001, 0.06942, 0.0972333, 0.102126, 0.126044, 0.213606, 0.210388, 0.24099, 0.284747, 0.324881, 0.927867, 1, 

56,134,0.001, 0.053628, 0.0601328, 0.14681, 0.0709246, 0.0847516, 0.0986418, 0.210388, 0.238166, 0.376272, 0.378892, 0.927867, 1, 

Generation #9
58,114,0.001, 0.0524323, 0.0647475, 0.0893691, 0.126082, 0.141659, 0.159322, 0.174762, 0.196247, 0.259919, 0.200801, 0.283047, 0.927867, 1, 

69,108,0.001, 0.0334517, 0.0335535, 0.0491895, 0.057747, 0.0698078, 0.125924, 0.12959, 0.148009, 0.153323, 0.15537, 0.244792, 0.247544, 0.270574, 0.284461, 0.409552, 0.417011, 0.590215, 0.592407, 0.630306, 0.659408, 0.665819, 0.722453, 0.804963, 0.916915, 0.953795, 1, 

57,115,0.001, 0.019728, 0.0429605, 0.07781, 0.0847516, 0.0986418, 0.159322, 0.174762, 0.196247, 0.259919, 0.200801, 0.99767, 0.999515, 1, 

53,134,0.001, 0.019728, 0.0429605, 0.07781, 0.11909, 0.171877, 0.197665, 0.283795, 0.241752, 0.700631, 0.964003, 1, 

Generation #10
58,114,0.001, 0.0524323, 0.0647475, 0.0893691, 0.126082, 0.141659, 0.159322, 0.174762, 0.196247, 0.259919, 0.200801, 0.283047, 0.927867, 1, 

57,115,0.001, 0.019728, 0.0429605, 0.07781, 0.0847516, 0.0986418, 0.159322, 0.174762, 0.196247, 0.259919, 0.200801, 0.99767, 0.999515, 1, 

53,134,0.001, 0.019728, 0.0429605, 0.07781, 0.11909, 0.171877, 0.197665, 0.283795, 0.241752, 0.700631, 0.964003, 1, 

67,99,0.001, 0.0334517, 0.0335535, 0.0491895, 0.057747, 0.0698078, 0.125924, 0.12959, 0.148009, 0.153323, 0.15537, 0.244792, 0.247544, 0.270574, 0.583213, 0.668682, 0.676644, 0.698409, 0.722272, 0.803345, 0.480455, 0.838427, 0.867512, 0.202248, 0.939433, 1, 

64,109,0.001, 0.019728, 0.0203093, 0.0709246, 0.0847516, 0.141659, 0.159322, 0.0934759, 0.585603, 0.639786, 0.70083, 0.99767, 0.999515, 1, 

Generation #11
58,114,0.001, 0.0524323, 0.0647475, 0.0893691, 0.126082, 0.141659, 0.159322, 0.174762, 0.196247, 0.259919, 0.200801, 0.283047, 0.927867, 1, 

57,115,0.001, 0.019728, 0.0429605, 0.07781, 0.0847516, 0.0986418, 0.159322, 0.174762, 0.196247, 0.259919, 0.200801, 0.99767, 0.999515, 1, 

53,134,0.001, 0.019728, 0.0429605, 0.07781, 0.11909, 0.171877, 0.197665, 0.283795, 0.241752, 0.700631, 0.964003, 1, 

67,99,0.001, 0.0334517, 0.0335535, 0.0491895, 0.057747, 0.0698078, 0.125924, 0.12959, 0.148009, 0.153323, 0.15537, 0.244792, 0.247544, 0.270574, 0.583213, 0.668682, 0.676644, 0.698409, 0.722272, 0.803345, 0.480455, 0.838427, 0.867512, 0.202248, 0.939433, 1, 

64,109,0.001, 0.019728, 0.0203093, 0.0709246, 0.0847516, 0.141659, 0.159322, 0.0934759, 0.585603, 0.639786, 0.70083, 0.99767, 0.999515, 1, 

Generation #12
53,134,0.001, 0.019728, 0.0429605, 0.07781, 0.11909, 0.171877, 0.197665, 0.283795, 0.241752, 0.700631, 0.964003, 1, 

67,99,0.001, 0.0334517, 0.0335535, 0.0491895, 0.057747, 0.0698078, 0.125924, 0.12959, 0.148009, 0.153323, 0.15537, 0.244792, 0.247544, 0.270574, 0.583213, 0.668682, 0.676644, 0.698409, 0.722272, 0.803345, 0.480455, 0.838427, 0.867512, 0.202248, 0.939433, 1, 

54,105,0.001, 0.0334517, 0.0335535, 0.0491895, 0.057747, 0.184225, 0.24099, 0.284747, 0.324881, 0.335647, 1, 

Generation #13
53,134,0.001, 0.019728, 0.0429605, 0.07781, 0.11909, 0.171877, 0.197665, 0.283795, 0.241752, 0.700631, 0.964003, 1, 

67,99,0.001, 0.0334517, 0.0335535, 0.0491895, 0.057747, 0.0698078, 0.125924, 0.12959, 0.148009, 0.153323, 0.15537, 0.244792, 0.247544, 0.270574, 0.583213, 0.668682, 0.676644, 0.698409, 0.722272, 0.803345, 0.480455, 0.838427, 0.867512, 0.202248, 0.939433, 1, 

54,105,0.001, 0.0334517, 0.0335535, 0.0491895, 0.057747, 0.184225, 0.24099, 0.284747, 0.324881, 0.335647, 1, 

Generation #14
53,134,0.001, 0.019728, 0.0429605, 0.07781, 0.11909, 0.171877, 0.197665, 0.283795, 0.241752, 0.700631, 0.964003, 1, 

67,99,0.001, 0.0334517, 0.0335535, 0.0491895, 0.057747, 0.0698078, 0.125924, 0.12959, 0.148009, 0.153323, 0.15537, 0.244792, 0.247544, 0.270574, 0.583213, 0.668682, 0.676644, 0.698409, 0.722272, 0.803345, 0.480455, 0.838427, 0.867512, 0.202248, 0.939433, 1, 

54,105,0.001, 0.0334517, 0.0335535, 0.0491895, 0.057747, 0.184225, 0.24099, 0.284747, 0.324881, 0.335647, 1, 

Generation #15
53,134,0.001, 0.019728, 0.0429605, 0.07781, 0.11909, 0.171877, 0.197665, 0.283795, 0.241752, 0.700631, 0.964003, 1, 

67,99,0.001, 0.0334517, 0.0335535, 0.0491895, 0.057747, 0.0698078, 0.125924, 0.12959, 0.148009, 0.153323, 0.15537, 0.244792, 0.247544, 0.270574, 0.583213, 0.668682, 0.676644, 0.698409, 0.722272, 0.803345, 0.480455, 0.838427, 0.867512, 0.202248, 0.939433, 1, 

54,105,0.001, 0.0334517, 0.0335535, 0.0491895, 0.057747, 0.184225, 0.24099, 0.284747, 0.324881, 0.335647, 1, 

58,102,0.001, 0.0334517, 0.0335535, 0.0491895, 0.057747, 0.0698078, 0.125924, 0.12959, 0.196247, 0.259919, 0.378892, 0.927867, 1, 

Generation #16
53,134,0.001, 0.019728, 0.0429605, 0.07781, 0.11909, 0.171877, 0.197665, 0.283795, 0.241752, 0.700631, 0.964003, 1, 

67,99,0.001, 0.0334517, 0.0335535, 0.0491895, 0.057747, 0.0698078, 0.125924, 0.12959, 0.148009, 0.153323, 0.15537, 0.244792, 0.247544, 0.270574, 0.583213, 0.668682, 0.676644, 0.698409, 0.722272, 0.803345, 0.480455, 0.838427, 0.867512, 0.202248, 0.939433, 1, 

54,105,0.001, 0.0334517, 0.0335535, 0.0491895, 0.057747, 0.184225, 0.24099, 0.284747, 0.324881, 0.335647, 1, 

58,102,0.001, 0.0334517, 0.0335535, 0.0491895, 0.057747, 0.0698078, 0.125924, 0.12959, 0.196247, 0.259919, 0.378892, 0.927867, 1, 

68,97,0.001, 0.0334517, 0.0335535, 0.0491895, 0.057747, 0.0698078, 0.125924, 0.12959, 0.148009, 0.153323, 0.15537, 0.391485, 0.400812, 0.414141, 0.583213, 0.70009, 0.676644, 0.698409, 0.722272, 0.803345, 0.838427, 0.867512, 0.202248, 0.939433, 1, 

Generation #17
67,99,0.001, 0.0334517, 0.0335535, 0.0491895, 0.057747, 0.0698078, 0.125924, 0.12959, 0.148009, 0.153323, 0.15537, 0.244792, 0.247544, 0.270574, 0.583213, 0.668682, 0.676644, 0.698409, 0.722272, 0.803345, 0.480455, 0.838427, 0.867512, 0.202248, 0.939433, 1, 

54,105,0.001, 0.0334517, 0.0335535, 0.0491895, 0.057747, 0.184225, 0.24099, 0.284747, 0.324881, 0.335647, 1, 

58,102,0.001, 0.0334517, 0.0335535, 0.0491895, 0.057747, 0.0698078, 0.125924, 0.12959, 0.196247, 0.259919, 0.378892, 0.927867, 1, 

68,97,0.001, 0.0334517, 0.0335535, 0.0491895, 0.057747, 0.0698078, 0.125924, 0.12959, 0.148009, 0.153323, 0.15537, 0.391485, 0.400812, 0.414141, 0.583213, 0.70009, 0.676644, 0.698409, 0.722272, 0.803345, 0.838427, 0.867512, 0.202248, 0.939433, 1, 

53,131,0.0334517, 0.0335535, 0.0491895, 0.057747, 0.0698078, 0.125924, 0.12959, 0.148009, 0.153323, 0.927867, 1, 

Generation #18
67,99,0.001, 0.0334517, 0.0335535, 0.0491895, 0.057747, 0.0698078, 0.125924, 0.12959, 0.148009, 0.153323, 0.15537, 0.244792, 0.247544, 0.270574, 0.583213, 0.668682, 0.676644, 0.698409, 0.722272, 0.803345, 0.480455, 0.838427, 0.867512, 0.202248, 0.939433, 1, 

54,105,0.001, 0.0334517, 0.0335535, 0.0491895, 0.057747, 0.184225, 0.24099, 0.284747, 0.324881, 0.335647, 1, 

58,102,0.001, 0.0334517, 0.0335535, 0.0491895, 0.057747, 0.0698078, 0.125924, 0.12959, 0.196247, 0.259919, 0.378892, 0.927867, 1, 

68,97,0.001, 0.0334517, 0.0335535, 0.0491895, 0.057747, 0.0698078, 0.125924, 0.12959, 0.148009, 0.153323, 0.15537, 0.391485, 0.400812, 0.414141, 0.583213, 0.70009, 0.676644, 0.698409, 0.722272, 0.803345, 0.838427, 0.867512, 0.202248, 0.939433, 1, 

53,131,0.0334517, 0.0335535, 0.0491895, 0.057747, 0.0698078, 0.125924, 0.12959, 0.148009, 0.153323, 0.927867, 1, 

Generation #19
67,99,0.001, 0.0334517, 0.0335535, 0.0491895, 0.057747, 0.0698078, 0.125924, 0.12959, 0.148009, 0.153323, 0.15537, 0.244792, 0.247544, 0.270574, 0.583213, 0.668682, 0.676644, 0.698409, 0.722272, 0.803345, 0.480455, 0.838427, 0.867512, 0.202248, 0.939433, 1, 

54,105,0.001, 0.0334517, 0.0335535, 0.0491895, 0.057747, 0.184225, 0.24099, 0.284747, 0.324881, 0.335647, 1, 

58,102,0.001, 0.0334517, 0.0335535, 0.0491895, 0.057747, 0.0698078, 0.125924, 0.12959, 0.196247, 0.259919, 0.378892, 0.927867, 1, 

68,97,0.001, 0.0334517, 0.0335535, 0.0491895, 0.057747, 0.0698078, 0.125924, 0.12959, 0.148009, 0.153323, 0.15537, 0.391485, 0.400812, 0.414141, 0.583213, 0.70009, 0.676644, 0.698409, 0.722272, 0.803345, 0.838427, 0.867512, 0.202248, 0.939433, 1, 

53,131,0.0334517, 0.0335535, 0.0491895, 0.057747, 0.0698078, 0.125924, 0.12959, 0.148009, 0.153323, 0.927867, 1, 

Generation #20
67,99,0.001, 0.0334517, 0.0335535, 0.0491895, 0.057747, 0.0698078, 0.125924, 0.12959, 0.148009, 0.153323, 0.15537, 0.244792, 0.247544, 0.270574, 0.583213, 0.668682, 0.676644, 0.698409, 0.722272, 0.803345, 0.480455, 0.838427, 0.867512, 0.202248, 0.939433, 1, 

54,105,0.001, 0.0334517, 0.0335535, 0.0491895, 0.057747, 0.184225, 0.24099, 0.284747, 0.324881, 0.335647, 1, 

58,102,0.001, 0.0334517, 0.0335535, 0.0491895, 0.057747, 0.0698078, 0.125924, 0.12959, 0.196247, 0.259919, 0.378892, 0.927867, 1, 

68,97,0.001, 0.0334517, 0.0335535, 0.0491895, 0.057747, 0.0698078, 0.125924, 0.12959, 0.148009, 0.153323, 0.15537, 0.391485, 0.400812, 0.414141, 0.583213, 0.70009, 0.676644, 0.698409, 0.722272, 0.803345, 0.838427, 0.867512, 0.202248, 0.939433, 1, 

53,131,0.0334517, 0.0335535, 0.0491895, 0.057747, 0.0698078, 0.125924, 0.12959, 0.148009, 0.153323, 0.927867, 1, 

Generation #21
67,99,0.001, 0.0334517, 0.0335535, 0.0491895, 0.057747, 0.0698078, 0.125924, 0.12959, 0.148009, 0.153323, 0.15537, 0.244792, 0.247544, 0.270574, 0.583213, 0.668682, 0.676644, 0.698409, 0.722272, 0.803345, 0.480455, 0.838427, 0.867512, 0.202248, 0.939433, 1, 

54,105,0.001, 0.0334517, 0.0335535, 0.0491895, 0.057747, 0.184225, 0.24099, 0.284747, 0.324881, 0.335647, 1, 

58,102,0.001, 0.0334517, 0.0335535, 0.0491895, 0.057747, 0.0698078, 0.125924, 0.12959, 0.196247, 0.259919, 0.378892, 0.927867, 1, 

68,97,0.001, 0.0334517, 0.0335535, 0.0491895, 0.057747, 0.0698078, 0.125924, 0.12959, 0.148009, 0.153323, 0.15537, 0.391485, 0.400812, 0.414141, 0.583213, 0.70009, 0.676644, 0.698409, 0.722272, 0.803345, 0.838427, 0.867512, 0.202248, 0.939433, 1, 

52,117,0.001, 0.0334517, 0.0335535, 0.0491895, 0.057747, 0.0698078, 0.125924, 0.12959, 0.284747, 0.324881, 0.335647, 1, 

Generation #22
67,99,0.001, 0.0334517, 0.0335535, 0.0491895, 0.057747, 0.0698078, 0.125924, 0.12959, 0.148009, 0.153323, 0.15537, 0.244792, 0.247544, 0.270574, 0.583213, 0.668682, 0.676644, 0.698409, 0.722272, 0.803345, 0.480455, 0.838427, 0.867512, 0.202248, 0.939433, 1, 

54,105,0.001, 0.0334517, 0.0335535, 0.0491895, 0.057747, 0.184225, 0.24099, 0.284747, 0.324881, 0.335647, 1, 

58,102,0.001, 0.0334517, 0.0335535, 0.0491895, 0.057747, 0.0698078, 0.125924, 0.12959, 0.196247, 0.259919, 0.378892, 0.927867, 1, 

52,117,0.001, 0.0334517, 0.0335535, 0.0491895, 0.057747, 0.0698078, 0.125924, 0.12959, 0.284747, 0.324881, 0.335647, 1, 

68,91,0.001, 0.0334517, 0.0335535, 0.0491895, 0.057747, 0.0698078, 0.125924, 0.12959, 0.148009, 0.153323, 0.15537, 0.244792, 0.247544, 0.414141, 0.583213, 0.668682, 0.676644, 0.698409, 0.722272, 0.803345, 0.838427, 0.867512, 0.202248, 0.939433, 1, 

Generation #23
67,99,0.001, 0.0334517, 0.0335535, 0.0491895, 0.057747, 0.0698078, 0.125924, 0.12959, 0.148009, 0.153323, 0.15537, 0.244792, 0.247544, 0.270574, 0.583213, 0.668682, 0.676644, 0.698409, 0.722272, 0.803345, 0.480455, 0.838427, 0.867512, 0.202248, 0.939433, 1, 

54,105,0.001, 0.0334517, 0.0335535, 0.0491895, 0.057747, 0.184225, 0.24099, 0.284747, 0.324881, 0.335647, 1, 

58,102,0.001, 0.0334517, 0.0335535, 0.0491895, 0.057747, 0.0698078, 0.125924, 0.12959, 0.196247, 0.259919, 0.378892, 0.927867, 1, 

52,117,0.001, 0.0334517, 0.0335535, 0.0491895, 0.057747, 0.0698078, 0.125924, 0.12959, 0.284747, 0.324881, 0.335647, 1, 

68,91,0.001, 0.0334517, 0.0335535, 0.0491895, 0.057747, 0.0698078, 0.125924, 0.12959, 0.148009, 0.153323, 0.15537, 0.244792, 0.247544, 0.414141, 0.583213, 0.668682, 0.676644, 0.698409, 0.722272, 0.803345, 0.838427, 0.867512, 0.202248, 0.939433, 1, 

Generation #24
67,99,0.001, 0.0334517, 0.0335535, 0.0491895, 0.057747, 0.0698078, 0.125924, 0.12959, 0.148009, 0.153323, 0.15537, 0.244792, 0.247544, 0.270574, 0.583213, 0.668682, 0.676644, 0.698409, 0.722272, 0.803345, 0.480455, 0.838427, 0.867512, 0.202248, 0.939433, 1, 

54,105,0.001, 0.0334517, 0.0335535, 0.0491895, 0.057747, 0.184225, 0.24099, 0.284747, 0.324881, 0.335647, 1, 

58,102,0.001, 0.0334517, 0.0335535, 0.0491895, 0.057747, 0.0698078, 0.125924, 0.12959, 0.196247, 0.259919, 0.378892, 0.927867, 1, 

52,117,0.001, 0.0334517, 0.0335535, 0.0491895, 0.057747, 0.0698078, 0.125924, 0.12959, 0.284747, 0.324881, 0.335647, 1, 

68,91,0.001, 0.0334517, 0.0335535, 0.0491895, 0.057747, 0.0698078, 0.125924, 0.12959, 0.148009, 0.153323, 0.15537, 0.244792, 0.247544, 0.414141, 0.583213, 0.668682, 0.676644, 0.698409, 0.722272, 0.803345, 0.838427, 0.867512, 0.202248, 0.939433, 1, 

Generation #25
67,99,0.001, 0.0334517, 0.0335535, 0.0491895, 0.057747, 0.0698078, 0.125924, 0.12959, 0.148009, 0.153323, 0.15537, 0.244792, 0.247544, 0.270574, 0.583213, 0.668682, 0.676644, 0.698409, 0.722272, 0.803345, 0.480455, 0.838427, 0.867512, 0.202248, 0.939433, 1, 

54,105,0.001, 0.0334517, 0.0335535, 0.0491895, 0.057747, 0.184225, 0.24099, 0.284747, 0.324881, 0.335647, 1, 

58,102,0.001, 0.0334517, 0.0335535, 0.0491895, 0.057747, 0.0698078, 0.125924, 0.12959, 0.196247, 0.259919, 0.378892, 0.927867, 1, 

52,117,0.001, 0.0334517, 0.0335535, 0.0491895, 0.057747, 0.0698078, 0.125924, 0.12959, 0.284747, 0.324881, 0.335647, 1, 

68,91,0.001, 0.0334517, 0.0335535, 0.0491895, 0.057747, 0.0698078, 0.125924, 0.12959, 0.148009, 0.153323, 0.15537, 0.244792, 0.247544, 0.414141, 0.583213, 0.668682, 0.676644, 0.698409, 0.722272, 0.803345, 0.838427, 0.867512, 0.202248, 0.939433, 1, 

51,136,0.001, 0.019728, 0.0203093, 0.07781, 0.0847516, 0.0698078, 0.125924, 0.259919, 0.378892, 0.927867, 1, 

Generation #26
67,99,0.001, 0.0334517, 0.0335535, 0.0491895, 0.057747, 0.0698078, 0.125924, 0.12959, 0.148009, 0.153323, 0.15537, 0.244792, 0.247544, 0.270574, 0.583213, 0.668682, 0.676644, 0.698409, 0.722272, 0.803345, 0.480455, 0.838427, 0.867512, 0.202248, 0.939433, 1, 

54,105,0.001, 0.0334517, 0.0335535, 0.0491895, 0.057747, 0.184225, 0.24099, 0.284747, 0.324881, 0.335647, 1, 

58,102,0.001, 0.0334517, 0.0335535, 0.0491895, 0.057747, 0.0698078, 0.125924, 0.12959, 0.196247, 0.259919, 0.378892, 0.927867, 1, 

52,117,0.001, 0.0334517, 0.0335535, 0.0491895, 0.057747, 0.0698078, 0.125924, 0.12959, 0.284747, 0.324881, 0.335647, 1, 

68,91,0.001, 0.0334517, 0.0335535, 0.0491895, 0.057747, 0.0698078, 0.125924, 0.12959, 0.148009, 0.153323, 0.15537, 0.244792, 0.247544, 0.414141, 0.583213, 0.668682, 0.676644, 0.698409, 0.722272, 0.803345, 0.838427, 0.867512, 0.202248, 0.939433, 1, 

51,136,0.001, 0.019728, 0.0203093, 0.07781, 0.0847516, 0.0698078, 0.125924, 0.259919, 0.378892, 0.927867, 1, 

Generation #27
67,99,0.001, 0.0334517, 0.0335535, 0.0491895, 0.057747, 0.0698078, 0.125924, 0.12959, 0.148009, 0.153323, 0.15537, 0.244792, 0.247544, 0.270574, 0.583213, 0.668682, 0.676644, 0.698409, 0.722272, 0.803345, 0.480455, 0.838427, 0.867512, 0.202248, 0.939433, 1, 

54,105,0.001, 0.0334517, 0.0335535, 0.0491895, 0.057747, 0.184225, 0.24099, 0.284747, 0.324881, 0.335647, 1, 

58,102,0.001, 0.0334517, 0.0335535, 0.0491895, 0.057747, 0.0698078, 0.125924, 0.12959, 0.196247, 0.259919, 0.378892, 0.927867, 1, 

52,117,0.001, 0.0334517, 0.0335535, 0.0491895, 0.057747, 0.0698078, 0.125924, 0.12959, 0.284747, 0.324881, 0.335647, 1, 

68,91,0.001, 0.0334517, 0.0335535, 0.0491895, 0.057747, 0.0698078, 0.125924, 0.12959, 0.148009, 0.153323, 0.15537, 0.244792, 0.247544, 0.414141, 0.583213, 0.668682, 0.676644, 0.698409, 0.722272, 0.803345, 0.838427, 0.867512, 0.202248, 0.939433, 1, 

51,136,0.001, 0.019728, 0.0203093, 0.07781, 0.0847516, 0.0698078, 0.125924, 0.259919, 0.378892, 0.927867, 1, 

Generation #28
67,99,0.001, 0.0334517, 0.0335535, 0.0491895, 0.057747, 0.0698078, 0.125924, 0.12959, 0.148009, 0.153323, 0.15537, 0.244792, 0.247544, 0.270574, 0.583213, 0.668682, 0.676644, 0.698409, 0.722272, 0.803345, 0.480455, 0.838427, 0.867512, 0.202248, 0.939433, 1, 

54,105,0.001, 0.0334517, 0.0335535, 0.0491895, 0.057747, 0.184225, 0.24099, 0.284747, 0.324881, 0.335647, 1, 

58,102,0.001, 0.0334517, 0.0335535, 0.0491895, 0.057747, 0.0698078, 0.125924, 0.12959, 0.196247, 0.259919, 0.378892, 0.927867, 1, 

52,117,0.001, 0.0334517, 0.0335535, 0.0491895, 0.057747, 0.0698078, 0.125924, 0.12959, 0.284747, 0.324881, 0.335647, 1, 

68,91,0.001, 0.0334517, 0.0335535, 0.0491895, 0.057747, 0.0698078, 0.125924, 0.12959, 0.148009, 0.153323, 0.15537, 0.244792, 0.247544, 0.414141, 0.583213, 0.668682, 0.676644, 0.698409, 0.722272, 0.803345, 0.838427, 0.867512, 0.202248, 0.939433, 1, 

51,136,0.001, 0.019728, 0.0203093, 0.07781, 0.0847516, 0.0698078, 0.125924, 0.259919, 0.378892, 0.927867, 1, 

Generation #29
54,105,0.001, 0.0334517, 0.0335535, 0.0491895, 0.057747, 0.184225, 0.24099, 0.284747, 0.324881, 0.335647, 1, 

58,102,0.001, 0.0334517, 0.0335535, 0.0491895, 0.057747, 0.0698078, 0.125924, 0.12959, 0.196247, 0.259919, 0.378892, 0.927867, 1, 

51,136,0.001, 0.019728, 0.0203093, 0.07781, 0.0847516, 0.0698078, 0.125924, 0.259919, 0.378892, 0.927867, 1, 

62,89,0.001, 0.0334517, 0.0335535, 0.0491895, 0.057747, 0.0698078, 0.125924, 0.12959, 0.148009, 0.153323, 0.15537, 0.244792, 0.247544, 0.414141, 0.583213, 0.668682, 0.676644, 0.698409, 0.722272, 0.803345, 0.838427, 0.867512, 0.202248, 0.939433, 1, 

52,116,0.001, 0.0334517, 0.0335535, 0.0491895, 0.057747, 0.0698078, 0.125924, 0.12959, 0.148009, 0.153323, 0.15537, 1, 

Generation #30
54,105,0.001, 0.0334517, 0.0335535, 0.0491895, 0.057747, 0.184225, 0.24099, 0.284747, 0.324881, 0.335647, 1, 

58,102,0.001, 0.0334517, 0.0335535, 0.0491895, 0.057747, 0.0698078, 0.125924, 0.12959, 0.196247, 0.259919, 0.378892, 0.927867, 1, 

51,136,0.001, 0.019728, 0.0203093, 0.07781, 0.0847516, 0.0698078, 0.125924, 0.259919, 0.378892, 0.927867, 1, 

62,89,0.001, 0.0334517, 0.0335535, 0.0491895, 0.057747, 0.0698078, 0.125924, 0.12959, 0.148009, 0.153323, 0.15537, 0.244792, 0.247544, 0.414141, 0.583213, 0.668682, 0.676644, 0.698409, 0.722272, 0.803345, 0.838427, 0.867512, 0.202248, 0.939433, 1, 

52,116,0.001, 0.0334517, 0.0335535, 0.0491895, 0.057747, 0.0698078, 0.125924, 0.12959, 0.148009, 0.153323, 0.15537, 1, 

Generation #31
54,105,0.001, 0.0334517, 0.0335535, 0.0491895, 0.057747, 0.184225, 0.24099, 0.284747, 0.324881, 0.335647, 1, 

58,102,0.001, 0.0334517, 0.0335535, 0.0491895, 0.057747, 0.0698078, 0.125924, 0.12959, 0.196247, 0.259919, 0.378892, 0.927867, 1, 

51,136,0.001, 0.019728, 0.0203093, 0.07781, 0.0847516, 0.0698078, 0.125924, 0.259919, 0.378892, 0.927867, 1, 

62,89,0.001, 0.0334517, 0.0335535, 0.0491895, 0.057747, 0.0698078, 0.125924, 0.12959, 0.148009, 0.153323, 0.15537, 0.244792, 0.247544, 0.414141, 0.583213, 0.668682, 0.676644, 0.698409, 0.722272, 0.803345, 0.838427, 0.867512, 0.202248, 0.939433, 1, 

52,116,0.001, 0.0334517, 0.0335535, 0.0491895, 0.057747, 0.0698078, 0.125924, 0.12959, 0.148009, 0.153323, 0.15537, 1, 

66,86,0.001, 0.019728, 0.0335535, 0.0491895, 0.057747, 0.0698078, 0.125924, 0.12959, 0.148009, 0.153323, 0.15537, 0.244792, 0.247544, 0.270574, 0.284461, 0.409552, 0.417011, 0.156044, 0.590215, 0.592407, 0.480455, 0.838427, 0.867512, 0.202248, 0.939433, 1, 

Generation #32
54,105,0.001, 0.0334517, 0.0335535, 0.0491895, 0.057747, 0.184225, 0.24099, 0.284747, 0.324881, 0.335647, 1, 

58,102,0.001, 0.0334517, 0.0335535, 0.0491895, 0.057747, 0.0698078, 0.125924, 0.12959, 0.196247, 0.259919, 0.378892, 0.927867, 1, 

51,136,0.001, 0.019728, 0.0203093, 0.07781, 0.0847516, 0.0698078, 0.125924, 0.259919, 0.378892, 0.927867, 1, 

62,89,0.001, 0.0334517, 0.0335535, 0.0491895, 0.057747, 0.0698078, 0.125924, 0.12959, 0.148009, 0.153323, 0.15537, 0.244792, 0.247544, 0.414141, 0.583213, 0.668682, 0.676644, 0.698409, 0.722272, 0.803345, 0.838427, 0.867512, 0.202248, 0.939433, 1, 

52,116,0.001, 0.0334517, 0.0335535, 0.0491895, 0.057747, 0.0698078, 0.125924, 0.12959, 0.148009, 0.153323, 0.15537, 1, 

66,86,0.001, 0.019728, 0.0335535, 0.0491895, 0.057747, 0.0698078, 0.125924, 0.12959, 0.148009, 0.153323, 0.15537, 0.244792, 0.247544, 0.270574, 0.284461, 0.409552, 0.417011, 0.156044, 0.590215, 0.592407, 0.480455, 0.838427, 0.867512, 0.202248, 0.939433, 1, 

Generation #33
54,105,0.001, 0.0334517, 0.0335535, 0.0491895, 0.057747, 0.184225, 0.24099, 0.284747, 0.324881, 0.335647, 1, 

58,102,0.001, 0.0334517, 0.0335535, 0.0491895, 0.057747, 0.0698078, 0.125924, 0.12959, 0.196247, 0.259919, 0.378892, 0.927867, 1, 

51,136,0.001, 0.019728, 0.0203093, 0.07781, 0.0847516, 0.0698078, 0.125924, 0.259919, 0.378892, 0.927867, 1, 

62,89,0.001, 0.0334517, 0.0335535, 0.0491895, 0.057747, 0.0698078, 0.125924, 0.12959, 0.148009, 0.153323, 0.15537, 0.244792, 0.247544, 0.414141, 0.583213, 0.668682, 0.676644, 0.698409, 0.722272, 0.803345, 0.838427, 0.867512, 0.202248, 0.939433, 1, 

52,116,0.001, 0.0334517, 0.0335535, 0.0491895, 0.057747, 0.0698078, 0.125924, 0.12959, 0.148009, 0.153323, 0.15537, 1, 

66,86,0.001, 0.019728, 0.0335535, 0.0491895, 0.057747, 0.0698078, 0.125924, 0.12959, 0.148009, 0.153323, 0.15537, 0.244792, 0.247544, 0.270574, 0.284461, 0.409552, 0.417011, 0.156044, 0.590215, 0.592407, 0.480455, 0.838427, 0.867512, 0.202248, 0.939433, 1, 

Generation #34
54,105,0.001, 0.0334517, 0.0335535, 0.0491895, 0.057747, 0.184225, 0.24099, 0.284747, 0.324881, 0.335647, 1, 

51,136,0.001, 0.019728, 0.0203093, 0.07781, 0.0847516, 0.0698078, 0.125924, 0.259919, 0.378892, 0.927867, 1, 

62,89,0.001, 0.0334517, 0.0335535, 0.0491895, 0.057747, 0.0698078, 0.125924, 0.12959, 0.148009, 0.153323, 0.15537, 0.244792, 0.247544, 0.414141, 0.583213, 0.668682, 0.676644, 0.698409, 0.722272, 0.803345, 0.838427, 0.867512, 0.202248, 0.939433, 1, 

52,116,0.001, 0.0334517, 0.0335535, 0.0491895, 0.057747, 0.0698078, 0.125924, 0.12959, 0.148009, 0.153323, 0.15537, 1, 

66,86,0.001, 0.019728, 0.0335535, 0.0491895, 0.057747, 0.0698078, 0.125924, 0.12959, 0.148009, 0.153323, 0.15537, 0.244792, 0.247544, 0.270574, 0.284461, 0.409552, 0.417011, 0.156044, 0.590215, 0.592407, 0.480455, 0.838427, 0.867512, 0.202248, 0.939433, 1, 

56,99,0.001, 0.0334517, 0.0335535, 0.0491895, 0.057747, 0.0698078, 0.159322, 0.174762, 0.196247, 0.259919, 0.200801, 0.99767, 0.999515, 1, 

60,98,0.001, 0.0334517, 0.0335535, 0.0491895, 0.057747, 0.0698078, 0.125924, 0.12959, 0.148009, 0.153323, 0.15537, 0.391485, 0.400812, 1, 

Generation #35
51,136,0.001, 0.019728, 0.0203093, 0.07781, 0.0847516, 0.0698078, 0.125924, 0.259919, 0.378892, 0.927867, 1, 

62,89,0.001, 0.0334517, 0.0335535, 0.0491895, 0.057747, 0.0698078, 0.125924, 0.12959, 0.148009, 0.153323, 0.15537, 0.244792, 0.247544, 0.414141, 0.583213, 0.668682, 0.676644, 0.698409, 0.722272, 0.803345, 0.838427, 0.867512, 0.202248, 0.939433, 1, 

52,116,0.001, 0.0334517, 0.0335535, 0.0491895, 0.057747, 0.0698078, 0.125924, 0.12959, 0.148009, 0.153323, 0.15537, 1, 

66,86,0.001, 0.019728, 0.0335535, 0.0491895, 0.057747, 0.0698078, 0.125924, 0.12959, 0.148009, 0.153323, 0.15537, 0.244792, 0.247544, 0.270574, 0.284461, 0.409552, 0.417011, 0.156044, 0.590215, 0.592407, 0.480455, 0.838427, 0.867512, 0.202248, 0.939433, 1, 

56,99,0.001, 0.0334517, 0.0335535, 0.0491895, 0.057747, 0.0698078, 0.159322, 0.174762, 0.196247, 0.259919, 0.200801, 0.99767, 0.999515, 1, 

60,98,0.001, 0.0334517, 0.0335535, 0.0491895, 0.057747, 0.0698078, 0.125924, 0.12959, 0.148009, 0.153323, 0.15537, 0.391485, 0.400812, 1, 

54,102,0.001, 0.0334517, 0.0335535, 0.0491895, 0.0698078, 0.125924, 0.12959, 0.148009, 0.15537, 0.391485, 0.400812, 1, 

Generation #36
62,89,0.001, 0.0334517, 0.0335535, 0.0491895, 0.057747, 0.0698078, 0.125924, 0.12959, 0.148009, 0.153323, 0.15537, 0.244792, 0.247544, 0.414141, 0.583213, 0.668682, 0.676644, 0.698409, 0.722272, 0.803345, 0.838427, 0.867512, 0.202248, 0.939433, 1, 

52,116,0.001, 0.0334517, 0.0335535, 0.0491895, 0.057747, 0.0698078, 0.125924, 0.12959, 0.148009, 0.153323, 0.15537, 1, 

66,86,0.001, 0.019728, 0.0335535, 0.0491895, 0.057747, 0.0698078, 0.125924, 0.12959, 0.148009, 0.153323, 0.15537, 0.244792, 0.247544, 0.270574, 0.284461, 0.409552, 0.417011, 0.156044, 0.590215, 0.592407, 0.480455, 0.838427, 0.867512, 0.202248, 0.939433, 1, 

56,99,0.001, 0.0334517, 0.0335535, 0.0491895, 0.057747, 0.0698078, 0.159322, 0.174762, 0.196247, 0.259919, 0.200801, 0.99767, 0.999515, 1, 

54,102,0.001, 0.0334517, 0.0335535, 0.0491895, 0.0698078, 0.125924, 0.12959, 0.148009, 0.15537, 0.391485, 0.400812, 1, 

57,98,0.001, 0.0334517, 0.0335535, 0.0491895, 0.057747, 0.0698078, 0.125924, 0.12959, 0.148009, 0.153323, 0.15537, 0.244792, 0.247544, 1, 

51,119,0.001, 0.019728, 0.0335535, 0.0491895, 0.057747, 0.0698078, 0.125924, 0.12959, 0.284747, 0.324881, 0.335647, 1, 

Generation #37
62,89,0.001, 0.0334517, 0.0335535, 0.0491895, 0.057747, 0.0698078, 0.125924, 0.12959, 0.148009, 0.153323, 0.15537, 0.244792, 0.247544, 0.414141, 0.583213, 0.668682, 0.676644, 0.698409, 0.722272, 0.803345, 0.838427, 0.867512, 0.202248, 0.939433, 1, 

52,116,0.001, 0.0334517, 0.0335535, 0.0491895, 0.057747, 0.0698078, 0.125924, 0.12959, 0.148009, 0.153323, 0.15537, 1, 

66,86,0.001, 0.019728, 0.0335535, 0.0491895, 0.057747, 0.0698078, 0.125924, 0.12959, 0.148009, 0.153323, 0.15537, 0.244792, 0.247544, 0.270574, 0.284461, 0.409552, 0.417011, 0.156044, 0.590215, 0.592407, 0.480455, 0.838427, 0.867512, 0.202248, 0.939433, 1, 

56,99,0.001, 0.0334517, 0.0335535, 0.0491895, 0.057747, 0.0698078, 0.159322, 0.174762, 0.196247, 0.259919, 0.200801, 0.99767, 0.999515, 1, 

54,102,0.001, 0.0334517, 0.0335535, 0.0491895, 0.0698078, 0.125924, 0.12959, 0.148009, 0.15537, 0.391485, 0.400812, 1, 

57,98,0.001, 0.0334517, 0.0335535, 0.0491895, 0.057747, 0.0698078, 0.125924, 0.12959, 0.148009, 0.153323, 0.15537, 0.244792, 0.247544, 1, 

51,119,0.001, 0.019728, 0.0335535, 0.0491895, 0.057747, 0.0698078, 0.125924, 0.12959, 0.284747, 0.324881, 0.335647, 1, 

Generation #38
62,89,0.001, 0.0334517, 0.0335535, 0.0491895, 0.057747, 0.0698078, 0.125924, 0.12959, 0.148009, 0.153323, 0.15537, 0.244792, 0.247544, 0.414141, 0.583213, 0.668682, 0.676644, 0.698409, 0.722272, 0.803345, 0.838427, 0.867512, 0.202248, 0.939433, 1, 

52,116,0.001, 0.0334517, 0.0335535, 0.0491895, 0.057747, 0.0698078, 0.125924, 0.12959, 0.148009, 0.153323, 0.15537, 1, 

66,86,0.001, 0.019728, 0.0335535, 0.0491895, 0.057747, 0.0698078, 0.125924, 0.12959, 0.148009, 0.153323, 0.15537, 0.244792, 0.247544, 0.270574, 0.284461, 0.409552, 0.417011, 0.156044, 0.590215, 0.592407, 0.480455, 0.838427, 0.867512, 0.202248, 0.939433, 1, 

56,99,0.001, 0.0334517, 0.0335535, 0.0491895, 0.057747, 0.0698078, 0.159322, 0.174762, 0.196247, 0.259919, 0.200801, 0.99767, 0.999515, 1, 

54,102,0.001, 0.0334517, 0.0335535, 0.0491895, 0.0698078, 0.125924, 0.12959, 0.148009, 0.15537, 0.391485, 0.400812, 1, 

57,98,0.001, 0.0334517, 0.0335535, 0.0491895, 0.057747, 0.0698078, 0.125924, 0.12959, 0.148009, 0.153323, 0.15537, 0.244792, 0.247544, 1, 

51,119,0.001, 0.019728, 0.0335535, 0.0491895, 0.057747, 0.0698078, 0.125924, 0.12959, 0.284747, 0.324881, 0.335647, 1, 

Generation #39
62,89,0.001, 0.0334517, 0.0335535, 0.0491895, 0.057747, 0.0698078, 0.125924, 0.12959, 0.148009, 0.153323, 0.15537, 0.244792, 0.247544, 0.414141, 0.583213, 0.668682, 0.676644, 0.698409, 0.722272, 0.803345, 0.838427, 0.867512, 0.202248, 0.939433, 1, 

52,116,0.001, 0.0334517, 0.0335535, 0.0491895, 0.057747, 0.0698078, 0.125924, 0.12959, 0.148009, 0.153323, 0.15537, 1, 

66,86,0.001, 0.019728, 0.0335535, 0.0491895, 0.057747, 0.0698078, 0.125924, 0.12959, 0.148009, 0.153323, 0.15537, 0.244792, 0.247544, 0.270574, 0.284461, 0.409552, 0.417011, 0.156044, 0.590215, 0.592407, 0.480455, 0.838427, 0.867512, 0.202248, 0.939433, 1, 

56,99,0.001, 0.0334517, 0.0335535, 0.0491895, 0.057747, 0.0698078, 0.159322, 0.174762, 0.196247, 0.259919, 0.200801, 0.99767, 0.999515, 1, 

54,102,0.001, 0.0334517, 0.0335535, 0.0491895, 0.0698078, 0.125924, 0.12959, 0.148009, 0.15537, 0.391485, 0.400812, 1, 

57,98,0.001, 0.0334517, 0.0335535, 0.0491895, 0.057747, 0.0698078, 0.125924, 0.12959, 0.148009, 0.153323, 0.15537, 0.244792, 0.247544, 1, 

51,119,0.001, 0.019728, 0.0335535, 0.0491895, 0.057747, 0.0698078, 0.125924, 0.12959, 0.284747, 0.324881, 0.335647, 1, 

Generation #40
62,89,0.001, 0.0334517, 0.0335535, 0.0491895, 0.057747, 0.0698078, 0.125924, 0.12959, 0.148009, 0.153323, 0.15537, 0.244792, 0.247544, 0.414141, 0.583213, 0.668682, 0.676644, 0.698409, 0.722272, 0.803345, 0.838427, 0.867512, 0.202248, 0.939433, 1, 

52,116,0.001, 0.0334517, 0.0335535, 0.0491895, 0.057747, 0.0698078, 0.125924, 0.12959, 0.148009, 0.153323, 0.15537, 1, 

66,86,0.001, 0.019728, 0.0335535, 0.0491895, 0.057747, 0.0698078, 0.125924, 0.12959, 0.148009, 0.153323, 0.15537, 0.244792, 0.247544, 0.270574, 0.284461, 0.409552, 0.417011, 0.156044, 0.590215, 0.592407, 0.480455, 0.838427, 0.867512, 0.202248, 0.939433, 1, 

56,99,0.001, 0.0334517, 0.0335535, 0.0491895, 0.057747, 0.0698078, 0.159322, 0.174762, 0.196247, 0.259919, 0.200801, 0.99767, 0.999515, 1, 

54,102,0.001, 0.0334517, 0.0335535, 0.0491895, 0.0698078, 0.125924, 0.12959, 0.148009, 0.15537, 0.391485, 0.400812, 1, 

57,98,0.001, 0.0334517, 0.0335535, 0.0491895, 0.057747, 0.0698078, 0.125924, 0.12959, 0.148009, 0.153323, 0.15537, 0.244792, 0.247544, 1, 

51,119,0.001, 0.019728, 0.0335535, 0.0491895, 0.057747, 0.0698078, 0.125924, 0.12959, 0.284747, 0.324881, 0.335647, 1, 

Generation #41
62,89,0.001, 0.0334517, 0.0335535, 0.0491895, 0.057747, 0.0698078, 0.125924, 0.12959, 0.148009, 0.153323, 0.15537, 0.244792, 0.247544, 0.414141, 0.583213, 0.668682, 0.676644, 0.698409, 0.722272, 0.803345, 0.838427, 0.867512, 0.202248, 0.939433, 1, 

52,116,0.001, 0.0334517, 0.0335535, 0.0491895, 0.057747, 0.0698078, 0.125924, 0.12959, 0.148009, 0.153323, 0.15537, 1, 

66,86,0.001, 0.019728, 0.0335535, 0.0491895, 0.057747, 0.0698078, 0.125924, 0.12959, 0.148009, 0.153323, 0.15537, 0.244792, 0.247544, 0.270574, 0.284461, 0.409552, 0.417011, 0.156044, 0.590215, 0.592407, 0.480455, 0.838427, 0.867512, 0.202248, 0.939433, 1, 

56,99,0.001, 0.0334517, 0.0335535, 0.0491895, 0.057747, 0.0698078, 0.159322, 0.174762, 0.196247, 0.259919, 0.200801, 0.99767, 0.999515, 1, 

54,102,0.001, 0.0334517, 0.0335535, 0.0491895, 0.0698078, 0.125924, 0.12959, 0.148009, 0.15537, 0.391485, 0.400812, 1, 

57,98,0.001, 0.0334517, 0.0335535, 0.0491895, 0.057747, 0.0698078, 0.125924, 0.12959, 0.148009, 0.153323, 0.15537, 0.244792, 0.247544, 1, 

51,119,0.001, 0.019728, 0.0335535, 0.0491895, 0.057747, 0.0698078, 0.125924, 0.12959, 0.284747, 0.324881, 0.335647, 1, 

58,91,0.001, 0.0334517, 0.0335535, 0.0491895, 0.057747, 0.0698078, 0.125924, 0.12959, 0.148009, 0.153323, 0.15537, 0.244792, 0.247544, 1, 

Generation #42
62,89,0.001, 0.0334517, 0.0335535, 0.0491895, 0.057747, 0.0698078, 0.125924, 0.12959, 0.148009, 0.153323, 0.15537, 0.244792, 0.247544, 0.414141, 0.583213, 0.668682, 0.676644, 0.698409, 0.722272, 0.803345, 0.838427, 0.867512, 0.202248, 0.939433, 1, 

52,116,0.001, 0.0334517, 0.0335535, 0.0491895, 0.057747, 0.0698078, 0.125924, 0.12959, 0.148009, 0.153323, 0.15537, 1, 

66,86,0.001, 0.019728, 0.0335535, 0.0491895, 0.057747, 0.0698078, 0.125924, 0.12959, 0.148009, 0.153323, 0.15537, 0.244792, 0.247544, 0.270574, 0.284461, 0.409552, 0.417011, 0.156044, 0.590215, 0.592407, 0.480455, 0.838427, 0.867512, 0.202248, 0.939433, 1, 

56,99,0.001, 0.0334517, 0.0335535, 0.0491895, 0.057747, 0.0698078, 0.159322, 0.174762, 0.196247, 0.259919, 0.200801, 0.99767, 0.999515, 1, 

54,102,0.001, 0.0334517, 0.0335535, 0.0491895, 0.0698078, 0.125924, 0.12959, 0.148009, 0.15537, 0.391485, 0.400812, 1, 

57,98,0.001, 0.0334517, 0.0335535, 0.0491895, 0.057747, 0.0698078, 0.125924, 0.12959, 0.148009, 0.153323, 0.15537, 0.244792, 0.247544, 1, 

51,119,0.001, 0.019728, 0.0335535, 0.0491895, 0.057747, 0.0698078, 0.125924, 0.12959, 0.284747, 0.324881, 0.335647, 1, 

58,91,0.001, 0.0334517, 0.0335535, 0.0491895, 0.057747, 0.0698078, 0.125924, 0.12959, 0.148009, 0.153323, 0.15537, 0.244792, 0.247544, 1, 

Generation #43
62,89,0.001, 0.0334517, 0.0335535, 0.0491895, 0.057747, 0.0698078, 0.125924, 0.12959, 0.148009, 0.153323, 0.15537, 0.244792, 0.247544, 0.414141, 0.583213, 0.668682, 0.676644, 0.698409, 0.722272, 0.803345, 0.838427, 0.867512, 0.202248, 0.939433, 1, 

52,116,0.001, 0.0334517, 0.0335535, 0.0491895, 0.057747, 0.0698078, 0.125924, 0.12959, 0.148009, 0.153323, 0.15537, 1, 

66,86,0.001, 0.019728, 0.0335535, 0.0491895, 0.057747, 0.0698078, 0.125924, 0.12959, 0.148009, 0.153323, 0.15537, 0.244792, 0.247544, 0.270574, 0.284461, 0.409552, 0.417011, 0.156044, 0.590215, 0.592407, 0.480455, 0.838427, 0.867512, 0.202248, 0.939433, 1, 

56,99,0.001, 0.0334517, 0.0335535, 0.0491895, 0.057747, 0.0698078, 0.159322, 0.174762, 0.196247, 0.259919, 0.200801, 0.99767, 0.999515, 1, 

54,102,0.001, 0.0334517, 0.0335535, 0.0491895, 0.0698078, 0.125924, 0.12959, 0.148009, 0.15537, 0.391485, 0.400812, 1, 

57,98,0.001, 0.0334517, 0.0335535, 0.0491895, 0.057747, 0.0698078, 0.125924, 0.12959, 0.148009, 0.153323, 0.15537, 0.244792, 0.247544, 1, 

51,119,0.001, 0.019728, 0.0335535, 0.0491895, 0.057747, 0.0698078, 0.125924, 0.12959, 0.284747, 0.324881, 0.335647, 1, 

58,91,0.001, 0.0334517, 0.0335535, 0.0491895, 0.057747, 0.0698078, 0.125924, 0.12959, 0.148009, 0.153323, 0.15537, 0.244792, 0.247544, 1, 

Generation #44
62,89,0.001, 0.0334517, 0.0335535, 0.0491895, 0.057747, 0.0698078, 0.125924, 0.12959, 0.148009, 0.153323, 0.15537, 0.244792, 0.247544, 0.414141, 0.583213, 0.668682, 0.676644, 0.698409, 0.722272, 0.803345, 0.838427, 0.867512, 0.202248, 0.939433, 1, 

52,116,0.001, 0.0334517, 0.0335535, 0.0491895, 0.057747, 0.0698078, 0.125924, 0.12959, 0.148009, 0.153323, 0.15537, 1, 

66,86,0.001, 0.019728, 0.0335535, 0.0491895, 0.057747, 0.0698078, 0.125924, 0.12959, 0.148009, 0.153323, 0.15537, 0.244792, 0.247544, 0.270574, 0.284461, 0.409552, 0.417011, 0.156044, 0.590215, 0.592407, 0.480455, 0.838427, 0.867512, 0.202248, 0.939433, 1, 

56,99,0.001, 0.0334517, 0.0335535, 0.0491895, 0.057747, 0.0698078, 0.159322, 0.174762, 0.196247, 0.259919, 0.200801, 0.99767, 0.999515, 1, 

54,102,0.001, 0.0334517, 0.0335535, 0.0491895, 0.0698078, 0.125924, 0.12959, 0.148009, 0.15537, 0.391485, 0.400812, 1, 

57,98,0.001, 0.0334517, 0.0335535, 0.0491895, 0.057747, 0.0698078, 0.125924, 0.12959, 0.148009, 0.153323, 0.15537, 0.244792, 0.247544, 1, 

51,119,0.001, 0.019728, 0.0335535, 0.0491895, 0.057747, 0.0698078, 0.125924, 0.12959, 0.284747, 0.324881, 0.335647, 1, 

58,91,0.001, 0.0334517, 0.0335535, 0.0491895, 0.057747, 0.0698078, 0.125924, 0.12959, 0.148009, 0.153323, 0.15537, 0.244792, 0.247544, 1, 

Generation #45
62,89,0.001, 0.0334517, 0.0335535, 0.0491895, 0.057747, 0.0698078, 0.125924, 0.12959, 0.148009, 0.153323, 0.15537, 0.244792, 0.247544, 0.414141, 0.583213, 0.668682, 0.676644, 0.698409, 0.722272, 0.803345, 0.838427, 0.867512, 0.202248, 0.939433, 1, 

52,116,0.001, 0.0334517, 0.0335535, 0.0491895, 0.057747, 0.0698078, 0.125924, 0.12959, 0.148009, 0.153323, 0.15537, 1, 

66,86,0.001, 0.019728, 0.0335535, 0.0491895, 0.057747, 0.0698078, 0.125924, 0.12959, 0.148009, 0.153323, 0.15537, 0.244792, 0.247544, 0.270574, 0.284461, 0.409552, 0.417011, 0.156044, 0.590215, 0.592407, 0.480455, 0.838427, 0.867512, 0.202248, 0.939433, 1, 

56,99,0.001, 0.0334517, 0.0335535, 0.0491895, 0.057747, 0.0698078, 0.159322, 0.174762, 0.196247, 0.259919, 0.200801, 0.99767, 0.999515, 1, 

54,102,0.001, 0.0334517, 0.0335535, 0.0491895, 0.0698078, 0.125924, 0.12959, 0.148009, 0.15537, 0.391485, 0.400812, 1, 

57,98,0.001, 0.0334517, 0.0335535, 0.0491895, 0.057747, 0.0698078, 0.125924, 0.12959, 0.148009, 0.153323, 0.15537, 0.244792, 0.247544, 1, 

51,119,0.001, 0.019728, 0.0335535, 0.0491895, 0.057747, 0.0698078, 0.125924, 0.12959, 0.284747, 0.324881, 0.335647, 1, 

58,91,0.001, 0.0334517, 0.0335535, 0.0491895, 0.057747, 0.0698078, 0.125924, 0.12959, 0.148009, 0.153323, 0.15537, 0.244792, 0.247544, 1, 

Generation #46
62,89,0.001, 0.0334517, 0.0335535, 0.0491895, 0.057747, 0.0698078, 0.125924, 0.12959, 0.148009, 0.153323, 0.15537, 0.244792, 0.247544, 0.414141, 0.583213, 0.668682, 0.676644, 0.698409, 0.722272, 0.803345, 0.838427, 0.867512, 0.202248, 0.939433, 1, 

52,116,0.001, 0.0334517, 0.0335535, 0.0491895, 0.057747, 0.0698078, 0.125924, 0.12959, 0.148009, 0.153323, 0.15537, 1, 

66,86,0.001, 0.019728, 0.0335535, 0.0491895, 0.057747, 0.0698078, 0.125924, 0.12959, 0.148009, 0.153323, 0.15537, 0.244792, 0.247544, 0.270574, 0.284461, 0.409552, 0.417011, 0.156044, 0.590215, 0.592407, 0.480455, 0.838427, 0.867512, 0.202248, 0.939433, 1, 

56,99,0.001, 0.0334517, 0.0335535, 0.0491895, 0.057747, 0.0698078, 0.159322, 0.174762, 0.196247, 0.259919, 0.200801, 0.99767, 0.999515, 1, 

54,102,0.001, 0.0334517, 0.0335535, 0.0491895, 0.0698078, 0.125924, 0.12959, 0.148009, 0.15537, 0.391485, 0.400812, 1, 

57,98,0.001, 0.0334517, 0.0335535, 0.0491895, 0.057747, 0.0698078, 0.125924, 0.12959, 0.148009, 0.153323, 0.15537, 0.244792, 0.247544, 1, 

51,119,0.001, 0.019728, 0.0335535, 0.0491895, 0.057747, 0.0698078, 0.125924, 0.12959, 0.284747, 0.324881, 0.335647, 1, 

58,91,0.001, 0.0334517, 0.0335535, 0.0491895, 0.057747, 0.0698078, 0.125924, 0.12959, 0.148009, 0.153323, 0.15537, 0.244792, 0.247544, 1, 

Generation #47
62,89,0.001, 0.0334517, 0.0335535, 0.0491895, 0.057747, 0.0698078, 0.125924, 0.12959, 0.148009, 0.153323, 0.15537, 0.244792, 0.247544, 0.414141, 0.583213, 0.668682, 0.676644, 0.698409, 0.722272, 0.803345, 0.838427, 0.867512, 0.202248, 0.939433, 1, 

52,116,0.001, 0.0334517, 0.0335535, 0.0491895, 0.057747, 0.0698078, 0.125924, 0.12959, 0.148009, 0.153323, 0.15537, 1, 

66,86,0.001, 0.019728, 0.0335535, 0.0491895, 0.057747, 0.0698078, 0.125924, 0.12959, 0.148009, 0.153323, 0.15537, 0.244792, 0.247544, 0.270574, 0.284461, 0.409552, 0.417011, 0.156044, 0.590215, 0.592407, 0.480455, 0.838427, 0.867512, 0.202248, 0.939433, 1, 

56,99,0.001, 0.0334517, 0.0335535, 0.0491895, 0.057747, 0.0698078, 0.159322, 0.174762, 0.196247, 0.259919, 0.200801, 0.99767, 0.999515, 1, 

54,102,0.001, 0.0334517, 0.0335535, 0.0491895, 0.0698078, 0.125924, 0.12959, 0.148009, 0.15537, 0.391485, 0.400812, 1, 

57,98,0.001, 0.0334517, 0.0335535, 0.0491895, 0.057747, 0.0698078, 0.125924, 0.12959, 0.148009, 0.153323, 0.15537, 0.244792, 0.247544, 1, 

51,119,0.001, 0.019728, 0.0335535, 0.0491895, 0.057747, 0.0698078, 0.125924, 0.12959, 0.284747, 0.324881, 0.335647, 1, 

58,91,0.001, 0.0334517, 0.0335535, 0.0491895, 0.057747, 0.0698078, 0.125924, 0.12959, 0.148009, 0.153323, 0.15537, 0.244792, 0.247544, 1, 

Generation #48
62,89,0.001, 0.0334517, 0.0335535, 0.0491895, 0.057747, 0.0698078, 0.125924, 0.12959, 0.148009, 0.153323, 0.15537, 0.244792, 0.247544, 0.414141, 0.583213, 0.668682, 0.676644, 0.698409, 0.722272, 0.803345, 0.838427, 0.867512, 0.202248, 0.939433, 1, 

52,116,0.001, 0.0334517, 0.0335535, 0.0491895, 0.057747, 0.0698078, 0.125924, 0.12959, 0.148009, 0.153323, 0.15537, 1, 

66,86,0.001, 0.019728, 0.0335535, 0.0491895, 0.057747, 0.0698078, 0.125924, 0.12959, 0.148009, 0.153323, 0.15537, 0.244792, 0.247544, 0.270574, 0.284461, 0.409552, 0.417011, 0.156044, 0.590215, 0.592407, 0.480455, 0.838427, 0.867512, 0.202248, 0.939433, 1, 

56,99,0.001, 0.0334517, 0.0335535, 0.0491895, 0.057747, 0.0698078, 0.159322, 0.174762, 0.196247, 0.259919, 0.200801, 0.99767, 0.999515, 1, 

54,102,0.001, 0.0334517, 0.0335535, 0.0491895, 0.0698078, 0.125924, 0.12959, 0.148009, 0.15537, 0.391485, 0.400812, 1, 

57,98,0.001, 0.0334517, 0.0335535, 0.0491895, 0.057747, 0.0698078, 0.125924, 0.12959, 0.148009, 0.153323, 0.15537, 0.244792, 0.247544, 1, 

51,119,0.001, 0.019728, 0.0335535, 0.0491895, 0.057747, 0.0698078, 0.125924, 0.12959, 0.284747, 0.324881, 0.335647, 1, 

58,91,0.001, 0.0334517, 0.0335535, 0.0491895, 0.057747, 0.0698078, 0.125924, 0.12959, 0.148009, 0.153323, 0.15537, 0.244792, 0.247544, 1, 

Generation #49
62,89,0.001, 0.0334517, 0.0335535, 0.0491895, 0.057747, 0.0698078, 0.125924, 0.12959, 0.148009, 0.153323, 0.15537, 0.244792, 0.247544, 0.414141, 0.583213, 0.668682, 0.676644, 0.698409, 0.722272, 0.803345, 0.838427, 0.867512, 0.202248, 0.939433, 1, 

52,116,0.001, 0.0334517, 0.0335535, 0.0491895, 0.057747, 0.0698078, 0.125924, 0.12959, 0.148009, 0.153323, 0.15537, 1, 

66,86,0.001, 0.019728, 0.0335535, 0.0491895, 0.057747, 0.0698078, 0.125924, 0.12959, 0.148009, 0.153323, 0.15537, 0.244792, 0.247544, 0.270574, 0.284461, 0.409552, 0.417011, 0.156044, 0.590215, 0.592407, 0.480455, 0.838427, 0.867512, 0.202248, 0.939433, 1, 

56,99,0.001, 0.0334517, 0.0335535, 0.0491895, 0.057747, 0.0698078, 0.159322, 0.174762, 0.196247, 0.259919, 0.200801, 0.99767, 0.999515, 1, 

54,102,0.001, 0.0334517, 0.0335535, 0.0491895, 0.0698078, 0.125924, 0.12959, 0.148009, 0.15537, 0.391485, 0.400812, 1, 

57,98,0.001, 0.0334517, 0.0335535, 0.0491895, 0.057747, 0.0698078, 0.125924, 0.12959, 0.148009, 0.153323, 0.15537, 0.244792, 0.247544, 1, 

51,119,0.001, 0.019728, 0.0335535, 0.0491895, 0.057747, 0.0698078, 0.125924, 0.12959, 0.284747, 0.324881, 0.335647, 1, 

58,91,0.001, 0.0334517, 0.0335535, 0.0491895, 0.057747, 0.0698078, 0.125924, 0.12959, 0.148009, 0.153323, 0.15537, 0.244792, 0.247544, 1, 

--- Pareto Front Solutions ---
Solution 0: N total=142 (N_initial=80, N_added=62), Time total=100 ms, Saved to: ./results/Wireless_t2_l2_pareto_0.csv, percents=0.001, 0.0334517, 0.0335535, 0.0491895, 0.057747, 0.0698078, 0.125924, 0.12959, 0.148009, 0.153323, 0.15537, 0.244792, 0.247544, 0.414141, 0.583213, 0.668682, 0.676644, 0.698409, 0.722272, 0.803345, 0.838427, 0.867512, 0.202248, 0.939433, 1, 

Solution 1: N total=132 (N_initial=80, N_added=52), Time total=127 ms, Saved to: ./results/Wireless_t2_l2_pareto_1.csv, percents=0.001, 0.0334517, 0.0335535, 0.0491895, 0.057747, 0.0698078, 0.125924, 0.12959, 0.148009, 0.153323, 0.15537, 1, 

Solution 2: N total=146 (N_initial=80, N_added=66), Time total=97 ms, Saved to: ./results/Wireless_t2_l2_pareto_2.csv, percents=0.001, 0.019728, 0.0335535, 0.0491895, 0.057747, 0.0698078, 0.125924, 0.12959, 0.148009, 0.153323, 0.15537, 0.244792, 0.247544, 0.270574, 0.284461, 0.409552, 0.417011, 0.156044, 0.590215, 0.592407, 0.480455, 0.838427, 0.867512, 0.202248, 0.939433, 1, 

Solution 3: N total=136 (N_initial=80, N_added=56), Time total=110 ms, Saved to: ./results/Wireless_t2_l2_pareto_3.csv, percents=0.001, 0.0334517, 0.0335535, 0.0491895, 0.057747, 0.0698078, 0.159322, 0.174762, 0.196247, 0.259919, 0.200801, 0.99767, 0.999515, 1, 

Solution 4: N total=134 (N_initial=80, N_added=54), Time total=113 ms, Saved to: ./results/Wireless_t2_l2_pareto_4.csv, percents=0.001, 0.0334517, 0.0335535, 0.0491895, 0.0698078, 0.125924, 0.12959, 0.148009, 0.15537, 0.391485, 0.400812, 1, 

Solution 5: N total=137 (N_initial=80, N_added=57), Time total=109 ms, Saved to: ./results/Wireless_t2_l2_pareto_5.csv, percents=0.001, 0.0334517, 0.0335535, 0.0491895, 0.057747, 0.0698078, 0.125924, 0.12959, 0.148009, 0.153323, 0.15537, 0.244792, 0.247544, 1, 

Solution 6: N total=131 (N_initial=80, N_added=51), Time total=130 ms, Saved to: ./results/Wireless_t2_l2_pareto_6.csv, percents=0.001, 0.019728, 0.0335535, 0.0491895, 0.057747, 0.0698078, 0.125924, 0.12959, 0.284747, 0.324881, 0.335647, 1, 

Solution 7: N total=138 (N_initial=80, N_added=58), Time total=102 ms, Saved to: ./results/Wireless_t2_l2_pareto_7.csv, percents=0.001, 0.0334517, 0.0335535, 0.0491895, 0.057747, 0.0698078, 0.125924, 0.12959, 0.148009, 0.153323, 0.15537, 0.244792, 0.247544, 1, 

------------d=1, t=2, lambda=3, filename=./evaluation/Wireless/Wireless_2_3.csv------------
Computing partitioned counts of d-sets...
Ready to look at pairs based on partitioned counts...
First Stage N=105, Time=11
There are 434 remaining non-locating pairs
--- Running GA Algorithm (phase2) ---
Running GA with std::execution::par
Generation #0
84,519,0.001, 0.211103, 0.2352, 0.29232, 0.38878, 0.439669, 0.616488, 0.632695, 0.637407, 0.729538, 0.887473, 1, 

90,236,0.001, 0.0295857, 0.10278, 0.121409, 0.184683, 0.18967, 0.229092, 0.236409, 0.282506, 0.475319, 0.593195, 0.703539, 0.762788, 0.811893, 0.876056, 0.882995, 0.902062, 0.932146, 0.98976, 1, 

101,168,0.001, 0.0222202, 0.02747, 0.0710624, 0.0877172, 0.120263, 0.135712, 0.230718, 0.267795, 0.325234, 0.385393, 0.414981, 0.46296, 0.491118, 0.512754, 0.542957, 0.65795, 0.668439, 0.683297, 0.702126, 0.800623, 0.834086, 0.841429, 1, 

89,250,0.001, 0.0386754, 0.105479, 0.109775, 0.217881, 0.368649, 0.459051, 0.574044, 0.658524, 0.66215, 0.698236, 0.754926, 0.770569, 0.830721, 0.885522, 1, 

88,265,0.001, 0.090516, 0.141542, 0.143724, 0.155637, 0.237588, 0.241063, 0.363944, 0.423719, 0.472403, 0.508552, 0.578614, 0.74032, 0.778778, 1, 

Generation #1
84,519,0.001, 0.211103, 0.2352, 0.29232, 0.38878, 0.439669, 0.616488, 0.632695, 0.637407, 0.729538, 0.887473, 1, 

101,168,0.001, 0.0222202, 0.02747, 0.0710624, 0.0877172, 0.120263, 0.135712, 0.230718, 0.267795, 0.325234, 0.385393, 0.414981, 0.46296, 0.491118, 0.512754, 0.542957, 0.65795, 0.668439, 0.683297, 0.702126, 0.800623, 0.834086, 0.841429, 1, 

89,250,0.001, 0.0386754, 0.105479, 0.109775, 0.217881, 0.368649, 0.459051, 0.574044, 0.658524, 0.66215, 0.698236, 0.754926, 0.770569, 0.830721, 0.885522, 1, 

88,265,0.001, 0.090516, 0.141542, 0.143724, 0.155637, 0.237588, 0.241063, 0.363944, 0.423719, 0.472403, 0.508552, 0.578614, 0.74032, 0.778778, 1, 

85,350,0.001, 0.101504, 0.340617, 0.34311, 0.478957, 0.347119, 0.351323, 0.432461, 0.51838, 0.605787, 0.799062, 0.8118, 1, 

99,184,0.001, 0.0186752, 0.029309, 0.0304293, 0.0315308, 0.100576, 0.186867, 0.190378, 0.220673, 0.24247, 0.255054, 0.279169, 0.305685, 0.310909, 0.393685, 0.418365, 0.418777, 0.767225, 0.799762, 0.810115, 0.874459, 0.893845, 1, 

98,191,0.001, 0.0186752, 0.029309, 0.0304293, 0.0315308, 0.100576, 0.186867, 0.525719, 0.755978, 0.762954, 0.811897, 0.90561, 1, 

90,223,0.001, 0.0426926, 0.102361, 0.195576, 0.236034, 0.337148, 0.459472, 0.464139, 0.480753, 0.516512, 0.606808, 0.720458, 1, 

104,161,0.001, 0.0383092, 0.0417889, 0.05335, 0.0802345, 0.0916976, 0.19953, 0.221981, 0.288466, 0.289373, 0.298504, 0.358352, 0.374229, 0.526443, 0.531808, 0.547892, 0.575997, 0.695429, 0.701843, 0.759266, 0.813545, 0.831701, 0.846374, 0.781467, 0.813231, 0.822059, 0.930655, 0.986122, 0.986287, 0.986401, 0.991494, 1, 

95,199,0.001, 0.0186752, 0.029309, 0.0304293, 0.0315308, 0.100576, 0.186867, 0.93989, 0.946205, 0.732473, 0.949446, 1, 

Generation #2
101,168,0.001, 0.0222202, 0.02747, 0.0710624, 0.0877172, 0.120263, 0.135712, 0.230718, 0.267795, 0.325234, 0.385393, 0.414981, 0.46296, 0.491118, 0.512754, 0.542957, 0.65795, 0.668439, 0.683297, 0.702126, 0.800623, 0.834086, 0.841429, 1, 

104,161,0.001, 0.0383092, 0.0417889, 0.05335, 0.0802345, 0.0916976, 0.19953, 0.221981, 0.288466, 0.289373, 0.298504, 0.358352, 0.374229, 0.526443, 0.531808, 0.547892, 0.575997, 0.695429, 0.701843, 0.759266, 0.813545, 0.831701, 0.846374, 0.781467, 0.813231, 0.822059, 0.930655, 0.986122, 0.986287, 0.986401, 0.991494, 1, 

100,172,0.001, 0.0186752, 0.029309, 0.0304293, 0.0315308, 0.100576, 0.186867, 0.190378, 0.220673, 0.24247, 0.255054, 0.279169, 0.305685, 0.310909, 0.393685, 0.418365, 0.418777, 0.767225, 0.799762, 0.810115, 0.911382, 0.959426, 1, 

86,182,0.001, 0.0383092, 0.029309, 0.0304293, 0.0315308, 0.100576, 0.186867, 0.525719, 0.755978, 0.762954, 0.811897, 0.90561, 1, 

84,240,0.001, 0.0386754, 0.105479, 0.371499, 0.410566, 0.490853, 0.586275, 0.725748, 0.781628, 0.989153, 1, 

85,231,0.001, 0.0316253, 0.0435668, 0.0822028, 0.161379, 0.168725, 0.208125, 0.213123, 0.2229, 0.259207, 0.291996, 0.720458, 1, 

Generation #3
100,172,0.001, 0.0186752, 0.029309, 0.0304293, 0.0315308, 0.100576, 0.186867, 0.190378, 0.220673, 0.24247, 0.255054, 0.279169, 0.305685, 0.310909, 0.393685, 0.418365, 0.418777, 0.767225, 0.799762, 0.810115, 0.911382, 0.959426, 1, 

101,146,0.001, 0.0186752, 0.029309, 0.0304293, 0.0315308, 0.100576, 0.186867, 0.190378, 0.220673, 0.24247, 0.255054, 0.279169, 0.305685, 0.310909, 0.393685, 0.418365, 0.418777, 0.767225, 0.799762, 0.810115, 0.911382, 0.959426, 1, 

79,180,0.001, 0.0186752, 0.0435668, 0.0822028, 0.161379, 0.168725, 0.141154, 0.213123, 0.2229, 0.259207, 0.291996, 0.720458, 1, 

85,173,0.001, 0.0309058, 0.131807, 0.164439, 0.187568, 0.225901, 0.284577, 0.286132, 0.657274, 0.719956, 0.819927, 0.985766, 1, 

Generation #4
101,146,0.001, 0.0186752, 0.029309, 0.0304293, 0.0315308, 0.100576, 0.186867, 0.190378, 0.220673, 0.24247, 0.255054, 0.279169, 0.305685, 0.310909, 0.393685, 0.418365, 0.418777, 0.767225, 0.799762, 0.810115, 0.911382, 0.959426, 1, 

79,180,0.001, 0.0186752, 0.0435668, 0.0822028, 0.161379, 0.168725, 0.141154, 0.213123, 0.2229, 0.259207, 0.291996, 0.720458, 1, 

85,173,0.001, 0.0309058, 0.131807, 0.164439, 0.187568, 0.225901, 0.284577, 0.286132, 0.657274, 0.719956, 0.819927, 0.985766, 1, 

92,157,0.001, 0.0186752, 0.029309, 0.0304293, 0.0315308, 0.100576, 0.186867, 0.190378, 0.220673, 0.24247, 0.255054, 1, 

108,130,0.001, 0.0383092, 0.0417889, 0.05335, 0.0802345, 0.0916976, 0.19953, 0.221981, 0.288466, 0.289373, 0.298504, 0.358352, 0.374229, 0.526443, 0.531808, 0.547892, 0.575997, 0.695429, 0.701843, 0.759266, 0.813545, 0.831701, 0.846374, 0.781467, 0.813231, 0.822059, 0.930655, 0.986122, 0.986287, 0.986401, 0.991494, 1, 

Generation #5
79,180,0.001, 0.0186752, 0.0435668, 0.0822028, 0.161379, 0.168725, 0.141154, 0.213123, 0.2229, 0.259207, 0.291996, 0.720458, 1, 

86,124,0.001, 0.0222202, 0.02747, 0.0710624, 0.0877172, 0.120263, 0.135712, 0.230718, 0.267795, 0.698236, 0.754926, 0.770569, 0.830721, 0.885522, 1, 

82,162,0.001, 0.0383092, 0.0417889, 0.05335, 0.0802345, 0.0916976, 0.673613, 0.598263, 0.639215, 0.76052, 0.877563, 0.946483, 1, 

Generation #6
79,180,0.001, 0.0186752, 0.0435668, 0.0822028, 0.161379, 0.168725, 0.141154, 0.213123, 0.2229, 0.259207, 0.291996, 0.720458, 1, 

86,124,0.001, 0.0222202, 0.02747, 0.0710624, 0.0877172, 0.120263, 0.135712, 0.230718, 0.267795, 0.698236, 0.754926, 0.770569, 0.830721, 0.885522, 1, 

80,161,0.001, 0.0186752, 0.029309, 0.0304293, 0.0315308, 0.100576, 0.0581296, 0.190378, 0.220673, 0.24247, 0.255054, 1, 

Generation #7
79,180,0.001, 0.0186752, 0.0435668, 0.0822028, 0.161379, 0.168725, 0.141154, 0.213123, 0.2229, 0.259207, 0.291996, 0.720458, 1, 

86,124,0.001, 0.0222202, 0.02747, 0.0710624, 0.0877172, 0.120263, 0.135712, 0.230718, 0.267795, 0.698236, 0.754926, 0.770569, 0.830721, 0.885522, 1, 

80,161,0.001, 0.0186752, 0.029309, 0.0304293, 0.0315308, 0.100576, 0.0581296, 0.190378, 0.220673, 0.24247, 0.255054, 1, 

Generation #8
79,180,0.001, 0.0186752, 0.0435668, 0.0822028, 0.161379, 0.168725, 0.141154, 0.213123, 0.2229, 0.259207, 0.291996, 0.720458, 1, 

86,124,0.001, 0.0222202, 0.02747, 0.0710624, 0.0877172, 0.120263, 0.135712, 0.230718, 0.267795, 0.698236, 0.754926, 0.770569, 0.830721, 0.885522, 1, 

80,161,0.001, 0.0186752, 0.029309, 0.0304293, 0.0315308, 0.100576, 0.0581296, 0.190378, 0.220673, 0.24247, 0.255054, 1, 

82,157,0.001, 0.0186752, 0.029309, 0.0304293, 0.0315308, 0.100576, 0.186867, 0.190378, 0.220673, 0.949446, 1, 

85,140,0.001, 0.0186752, 0.029309, 0.0304293, 0.0315308, 0.100576, 0.0581296, 0.190378, 0.220673, 0.24247, 0.255054, 1, 

Generation #9
79,180,0.001, 0.0186752, 0.0435668, 0.0822028, 0.161379, 0.168725, 0.141154, 0.213123, 0.2229, 0.259207, 0.291996, 0.720458, 1, 

86,124,0.001, 0.0222202, 0.02747, 0.0710624, 0.0877172, 0.120263, 0.135712, 0.230718, 0.267795, 0.698236, 0.754926, 0.770569, 0.830721, 0.885522, 1, 

80,161,0.001, 0.0186752, 0.029309, 0.0304293, 0.0315308, 0.100576, 0.0581296, 0.190378, 0.220673, 0.24247, 0.255054, 1, 

82,157,0.001, 0.0186752, 0.029309, 0.0304293, 0.0315308, 0.100576, 0.186867, 0.190378, 0.220673, 0.949446, 1, 

85,140,0.001, 0.0186752, 0.029309, 0.0304293, 0.0315308, 0.100576, 0.0581296, 0.190378, 0.220673, 0.24247, 0.255054, 1, 

Generation #10
79,180,0.001, 0.0186752, 0.0435668, 0.0822028, 0.161379, 0.168725, 0.141154, 0.213123, 0.2229, 0.259207, 0.291996, 0.720458, 1, 

86,124,0.001, 0.0222202, 0.02747, 0.0710624, 0.0877172, 0.120263, 0.135712, 0.230718, 0.267795, 0.698236, 0.754926, 0.770569, 0.830721, 0.885522, 1, 

80,161,0.001, 0.0186752, 0.029309, 0.0304293, 0.0315308, 0.100576, 0.0581296, 0.190378, 0.220673, 0.24247, 0.255054, 1, 

82,157,0.001, 0.0186752, 0.029309, 0.0304293, 0.0315308, 0.100576, 0.186867, 0.190378, 0.220673, 0.949446, 1, 

85,140,0.001, 0.0186752, 0.029309, 0.0304293, 0.0315308, 0.100576, 0.0581296, 0.190378, 0.220673, 0.24247, 0.255054, 1, 

83,146,0.001, 0.0383092, 0.0417889, 0.05335, 0.0802345, 0.0916976, 0.19953, 0.221981, 0.520041, 0.539947, 0.754926, 0.770569, 1, 

78,182,0.001, 0.0186752, 0.029309, 0.0304293, 0.100576, 0.19953, 0.221981, 0.288466, 0.289373, 1, 

Generation #11
79,180,0.001, 0.0186752, 0.0435668, 0.0822028, 0.161379, 0.168725, 0.141154, 0.213123, 0.2229, 0.259207, 0.291996, 0.720458, 1, 

86,124,0.001, 0.0222202, 0.02747, 0.0710624, 0.0877172, 0.120263, 0.135712, 0.230718, 0.267795, 0.698236, 0.754926, 0.770569, 0.830721, 0.885522, 1, 

78,182,0.001, 0.0186752, 0.029309, 0.0304293, 0.100576, 0.19953, 0.221981, 0.288466, 0.289373, 1, 

80,134,0.001, 0.0186752, 0.029309, 0.0304293, 0.0315308, 0.100576, 0.186867, 0.190378, 0.220673, 0.24247, 0.385393, 1, 

Generation #12
86,124,0.001, 0.0222202, 0.02747, 0.0710624, 0.0877172, 0.120263, 0.135712, 0.230718, 0.267795, 0.698236, 0.754926, 0.770569, 0.830721, 0.885522, 1, 

78,182,0.001, 0.0186752, 0.029309, 0.0304293, 0.100576, 0.19953, 0.221981, 0.288466, 0.289373, 1, 

80,134,0.001, 0.0186752, 0.029309, 0.0304293, 0.0315308, 0.100576, 0.186867, 0.190378, 0.220673, 0.24247, 0.385393, 1, 

79,163,0.001, 0.0186752, 0.029309, 0.0304293, 0.0315308, 0.100576, 0.186867, 0.190378, 0.220673, 0.949446, 1, 

Generation #13
86,124,0.001, 0.0222202, 0.02747, 0.0710624, 0.0877172, 0.120263, 0.135712, 0.230718, 0.267795, 0.698236, 0.754926, 0.770569, 0.830721, 0.885522, 1, 

78,182,0.001, 0.0186752, 0.029309, 0.0304293, 0.100576, 0.19953, 0.221981, 0.288466, 0.289373, 1, 

80,134,0.001, 0.0186752, 0.029309, 0.0304293, 0.0315308, 0.100576, 0.186867, 0.190378, 0.220673, 0.24247, 0.385393, 1, 

79,163,0.001, 0.0186752, 0.029309, 0.0304293, 0.0315308, 0.100576, 0.186867, 0.190378, 0.220673, 0.949446, 1, 

Generation #14
86,124,0.001, 0.0222202, 0.02747, 0.0710624, 0.0877172, 0.120263, 0.135712, 0.230718, 0.267795, 0.698236, 0.754926, 0.770569, 0.830721, 0.885522, 1, 

78,182,0.001, 0.0186752, 0.029309, 0.0304293, 0.100576, 0.19953, 0.221981, 0.288466, 0.289373, 1, 

80,134,0.001, 0.0186752, 0.029309, 0.0304293, 0.0315308, 0.100576, 0.186867, 0.190378, 0.220673, 0.24247, 0.385393, 1, 

79,163,0.001, 0.0186752, 0.029309, 0.0304293, 0.0315308, 0.100576, 0.186867, 0.190378, 0.220673, 0.949446, 1, 

Generation #15
86,124,0.001, 0.0222202, 0.02747, 0.0710624, 0.0877172, 0.120263, 0.135712, 0.230718, 0.267795, 0.698236, 0.754926, 0.770569, 0.830721, 0.885522, 1, 

78,182,0.001, 0.0186752, 0.029309, 0.0304293, 0.100576, 0.19953, 0.221981, 0.288466, 0.289373, 1, 

80,134,0.001, 0.0186752, 0.029309, 0.0304293, 0.0315308, 0.100576, 0.186867, 0.190378, 0.220673, 0.24247, 0.385393, 1, 

79,163,0.001, 0.0186752, 0.029309, 0.0304293, 0.0315308, 0.100576, 0.186867, 0.190378, 0.220673, 0.949446, 1, 

85,133,0.001, 0.0186752, 0.029309, 0.0304293, 0.0315308, 0.0916976, 0.186867, 0.190378, 0.220673, 0.273645, 0.255054, 1, 

Generation #16
86,124,0.001, 0.0222202, 0.02747, 0.0710624, 0.0877172, 0.120263, 0.135712, 0.230718, 0.267795, 0.698236, 0.754926, 0.770569, 0.830721, 0.885522, 1, 

80,134,0.001, 0.0186752, 0.029309, 0.0304293, 0.0315308, 0.100576, 0.186867, 0.190378, 0.220673, 0.24247, 0.385393, 1, 

85,133,0.001, 0.0186752, 0.029309, 0.0304293, 0.0315308, 0.0916976, 0.186867, 0.190378, 0.220673, 0.273645, 0.255054, 1, 

77,147,0.001, 0.0186752, 0.029309, 0.0304293, 0.0315308, 0.0916976, 0.186867, 0.190378, 0.220673, 0.288466, 0.255054, 0.279169, 1, 

Generation #17
86,124,0.001, 0.0222202, 0.02747, 0.0710624, 0.0877172, 0.120263, 0.135712, 0.230718, 0.267795, 0.698236, 0.754926, 0.770569, 0.830721, 0.885522, 1, 

80,134,0.001, 0.0186752, 0.029309, 0.0304293, 0.0315308, 0.100576, 0.186867, 0.190378, 0.220673, 0.24247, 0.385393, 1, 

85,133,0.001, 0.0186752, 0.029309, 0.0304293, 0.0315308, 0.0916976, 0.186867, 0.190378, 0.220673, 0.273645, 0.255054, 1, 

77,147,0.001, 0.0186752, 0.029309, 0.0304293, 0.0315308, 0.0916976, 0.186867, 0.190378, 0.220673, 0.288466, 0.255054, 0.279169, 1, 

Generation #18
86,124,0.001, 0.0222202, 0.02747, 0.0710624, 0.0877172, 0.120263, 0.135712, 0.230718, 0.267795, 0.698236, 0.754926, 0.770569, 0.830721, 0.885522, 1, 

80,134,0.001, 0.0186752, 0.029309, 0.0304293, 0.0315308, 0.100576, 0.186867, 0.190378, 0.220673, 0.24247, 0.385393, 1, 

85,133,0.001, 0.0186752, 0.029309, 0.0304293, 0.0315308, 0.0916976, 0.186867, 0.190378, 0.220673, 0.273645, 0.255054, 1, 

77,147,0.001, 0.0186752, 0.029309, 0.0304293, 0.0315308, 0.0916976, 0.186867, 0.190378, 0.220673, 0.288466, 0.255054, 0.279169, 1, 

95,120,0.001, 0.0186752, 0.029309, 0.0304293, 0.0315308, 0.100576, 0.0581296, 0.190378, 0.220673, 0.24247, 0.754926, 0.255054, 0.279169, 0.305685, 0.310909, 0.393685, 0.418365, 0.418777, 0.767225, 0.799762, 0.810115, 0.911382, 0.959426, 1, 

Generation #19
86,124,0.001, 0.0222202, 0.02747, 0.0710624, 0.0877172, 0.120263, 0.135712, 0.230718, 0.267795, 0.698236, 0.754926, 0.770569, 0.830721, 0.885522, 1, 

80,134,0.001, 0.0186752, 0.029309, 0.0304293, 0.0315308, 0.100576, 0.186867, 0.190378, 0.220673, 0.24247, 0.385393, 1, 

85,133,0.001, 0.0186752, 0.029309, 0.0304293, 0.0315308, 0.0916976, 0.186867, 0.190378, 0.220673, 0.273645, 0.255054, 1, 

77,147,0.001, 0.0186752, 0.029309, 0.0304293, 0.0315308, 0.0916976, 0.186867, 0.190378, 0.220673, 0.288466, 0.255054, 0.279169, 1, 

95,120,0.001, 0.0186752, 0.029309, 0.0304293, 0.0315308, 0.100576, 0.0581296, 0.190378, 0.220673, 0.24247, 0.754926, 0.255054, 0.279169, 0.305685, 0.310909, 0.393685, 0.418365, 0.418777, 0.767225, 0.799762, 0.810115, 0.911382, 0.959426, 1, 

Generation #20
86,124,0.001, 0.0222202, 0.02747, 0.0710624, 0.0877172, 0.120263, 0.135712, 0.230718, 0.267795, 0.698236, 0.754926, 0.770569, 0.830721, 0.885522, 1, 

80,134,0.001, 0.0186752, 0.029309, 0.0304293, 0.0315308, 0.100576, 0.186867, 0.190378, 0.220673, 0.24247, 0.385393, 1, 

85,133,0.001, 0.0186752, 0.029309, 0.0304293, 0.0315308, 0.0916976, 0.186867, 0.190378, 0.220673, 0.273645, 0.255054, 1, 

77,147,0.001, 0.0186752, 0.029309, 0.0304293, 0.0315308, 0.0916976, 0.186867, 0.190378, 0.220673, 0.288466, 0.255054, 0.279169, 1, 

95,120,0.001, 0.0186752, 0.029309, 0.0304293, 0.0315308, 0.100576, 0.0581296, 0.190378, 0.220673, 0.24247, 0.754926, 0.255054, 0.279169, 0.305685, 0.310909, 0.393685, 0.418365, 0.418777, 0.767225, 0.799762, 0.810115, 0.911382, 0.959426, 1, 

Generation #21
86,124,0.001, 0.0222202, 0.02747, 0.0710624, 0.0877172, 0.120263, 0.135712, 0.230718, 0.267795, 0.698236, 0.754926, 0.770569, 0.830721, 0.885522, 1, 

80,134,0.001, 0.0186752, 0.029309, 0.0304293, 0.0315308, 0.100576, 0.186867, 0.190378, 0.220673, 0.24247, 0.385393, 1, 

85,133,0.001, 0.0186752, 0.029309, 0.0304293, 0.0315308, 0.0916976, 0.186867, 0.190378, 0.220673, 0.273645, 0.255054, 1, 

77,147,0.001, 0.0186752, 0.029309, 0.0304293, 0.0315308, 0.0916976, 0.186867, 0.190378, 0.220673, 0.288466, 0.255054, 0.279169, 1, 

95,120,0.001, 0.0186752, 0.029309, 0.0304293, 0.0315308, 0.100576, 0.0581296, 0.190378, 0.220673, 0.24247, 0.754926, 0.255054, 0.279169, 0.305685, 0.310909, 0.393685, 0.418365, 0.418777, 0.767225, 0.799762, 0.810115, 0.911382, 0.959426, 1, 

Generation #22
86,124,0.001, 0.0222202, 0.02747, 0.0710624, 0.0877172, 0.120263, 0.135712, 0.230718, 0.267795, 0.698236, 0.754926, 0.770569, 0.830721, 0.885522, 1, 

80,134,0.001, 0.0186752, 0.029309, 0.0304293, 0.0315308, 0.100576, 0.186867, 0.190378, 0.220673, 0.24247, 0.385393, 1, 

77,147,0.001, 0.0186752, 0.029309, 0.0304293, 0.0315308, 0.0916976, 0.186867, 0.190378, 0.220673, 0.288466, 0.255054, 0.279169, 1, 

95,120,0.001, 0.0186752, 0.029309, 0.0304293, 0.0315308, 0.100576, 0.0581296, 0.190378, 0.220673, 0.24247, 0.754926, 0.255054, 0.279169, 0.305685, 0.310909, 0.393685, 0.418365, 0.418777, 0.767225, 0.799762, 0.810115, 0.911382, 0.959426, 1, 

83,132,0.001, 0.0186752, 0.029309, 0.0304293, 0.0315308, 0.100576, 0.0581296, 0.190378, 0.220673, 0.273645, 0.255054, 1, 

Generation #23
86,124,0.001, 0.0222202, 0.02747, 0.0710624, 0.0877172, 0.120263, 0.135712, 0.230718, 0.267795, 0.698236, 0.754926, 0.770569, 0.830721, 0.885522, 1, 

80,134,0.001, 0.0186752, 0.029309, 0.0304293, 0.0315308, 0.100576, 0.186867, 0.190378, 0.220673, 0.24247, 0.385393, 1, 

77,147,0.001, 0.0186752, 0.029309, 0.0304293, 0.0315308, 0.0916976, 0.186867, 0.190378, 0.220673, 0.288466, 0.255054, 0.279169, 1, 

95,120,0.001, 0.0186752, 0.029309, 0.0304293, 0.0315308, 0.100576, 0.0581296, 0.190378, 0.220673, 0.24247, 0.754926, 0.255054, 0.279169, 0.305685, 0.310909, 0.393685, 0.418365, 0.418777, 0.767225, 0.799762, 0.810115, 0.911382, 0.959426, 1, 

83,132,0.001, 0.0186752, 0.029309, 0.0304293, 0.0315308, 0.100576, 0.0581296, 0.190378, 0.220673, 0.273645, 0.255054, 1, 

Generation #24
86,124,0.001, 0.0222202, 0.02747, 0.0710624, 0.0877172, 0.120263, 0.135712, 0.230718, 0.267795, 0.698236, 0.754926, 0.770569, 0.830721, 0.885522, 1, 

80,134,0.001, 0.0186752, 0.029309, 0.0304293, 0.0315308, 0.100576, 0.186867, 0.190378, 0.220673, 0.24247, 0.385393, 1, 

77,147,0.001, 0.0186752, 0.029309, 0.0304293, 0.0315308, 0.0916976, 0.186867, 0.190378, 0.220673, 0.288466, 0.255054, 0.279169, 1, 

95,120,0.001, 0.0186752, 0.029309, 0.0304293, 0.0315308, 0.100576, 0.0581296, 0.190378, 0.220673, 0.24247, 0.754926, 0.255054, 0.279169, 0.305685, 0.310909, 0.393685, 0.418365, 0.418777, 0.767225, 0.799762, 0.810115, 0.911382, 0.959426, 1, 

83,132,0.001, 0.0186752, 0.029309, 0.0304293, 0.0315308, 0.100576, 0.0581296, 0.190378, 0.220673, 0.273645, 0.255054, 1, 

Generation #25
86,124,0.001, 0.0222202, 0.02747, 0.0710624, 0.0877172, 0.120263, 0.135712, 0.230718, 0.267795, 0.698236, 0.754926, 0.770569, 0.830721, 0.885522, 1, 

80,134,0.001, 0.0186752, 0.029309, 0.0304293, 0.0315308, 0.100576, 0.186867, 0.190378, 0.220673, 0.24247, 0.385393, 1, 

77,147,0.001, 0.0186752, 0.029309, 0.0304293, 0.0315308, 0.0916976, 0.186867, 0.190378, 0.220673, 0.288466, 0.255054, 0.279169, 1, 

95,120,0.001, 0.0186752, 0.029309, 0.0304293, 0.0315308, 0.100576, 0.0581296, 0.190378, 0.220673, 0.24247, 0.754926, 0.255054, 0.279169, 0.305685, 0.310909, 0.393685, 0.418365, 0.418777, 0.767225, 0.799762, 0.810115, 0.911382, 0.959426, 1, 

83,132,0.001, 0.0186752, 0.029309, 0.0304293, 0.0315308, 0.100576, 0.0581296, 0.190378, 0.220673, 0.273645, 0.255054, 1, 

Generation #26
86,124,0.001, 0.0222202, 0.02747, 0.0710624, 0.0877172, 0.120263, 0.135712, 0.230718, 0.267795, 0.698236, 0.754926, 0.770569, 0.830721, 0.885522, 1, 

80,134,0.001, 0.0186752, 0.029309, 0.0304293, 0.0315308, 0.100576, 0.186867, 0.190378, 0.220673, 0.24247, 0.385393, 1, 

77,147,0.001, 0.0186752, 0.029309, 0.0304293, 0.0315308, 0.0916976, 0.186867, 0.190378, 0.220673, 0.288466, 0.255054, 0.279169, 1, 

95,120,0.001, 0.0186752, 0.029309, 0.0304293, 0.0315308, 0.100576, 0.0581296, 0.190378, 0.220673, 0.24247, 0.754926, 0.255054, 0.279169, 0.305685, 0.310909, 0.393685, 0.418365, 0.418777, 0.767225, 0.799762, 0.810115, 0.911382, 0.959426, 1, 

83,132,0.001, 0.0186752, 0.029309, 0.0304293, 0.0315308, 0.100576, 0.0581296, 0.190378, 0.220673, 0.273645, 0.255054, 1, 

Generation #27
86,124,0.001, 0.0222202, 0.02747, 0.0710624, 0.0877172, 0.120263, 0.135712, 0.230718, 0.267795, 0.698236, 0.754926, 0.770569, 0.830721, 0.885522, 1, 

80,134,0.001, 0.0186752, 0.029309, 0.0304293, 0.0315308, 0.100576, 0.186867, 0.190378, 0.220673, 0.24247, 0.385393, 1, 

77,147,0.001, 0.0186752, 0.029309, 0.0304293, 0.0315308, 0.0916976, 0.186867, 0.190378, 0.220673, 0.288466, 0.255054, 0.279169, 1, 

95,120,0.001, 0.0186752, 0.029309, 0.0304293, 0.0315308, 0.100576, 0.0581296, 0.190378, 0.220673, 0.24247, 0.754926, 0.255054, 0.279169, 0.305685, 0.310909, 0.393685, 0.418365, 0.418777, 0.767225, 0.799762, 0.810115, 0.911382, 0.959426, 1, 

83,132,0.001, 0.0186752, 0.029309, 0.0304293, 0.0315308, 0.100576, 0.0581296, 0.190378, 0.220673, 0.273645, 0.255054, 1, 

Generation #28
86,124,0.001, 0.0222202, 0.02747, 0.0710624, 0.0877172, 0.120263, 0.135712, 0.230718, 0.267795, 0.698236, 0.754926, 0.770569, 0.830721, 0.885522, 1, 

80,134,0.001, 0.0186752, 0.029309, 0.0304293, 0.0315308, 0.100576, 0.186867, 0.190378, 0.220673, 0.24247, 0.385393, 1, 

77,147,0.001, 0.0186752, 0.029309, 0.0304293, 0.0315308, 0.0916976, 0.186867, 0.190378, 0.220673, 0.288466, 0.255054, 0.279169, 1, 

95,120,0.001, 0.0186752, 0.029309, 0.0304293, 0.0315308, 0.100576, 0.0581296, 0.190378, 0.220673, 0.24247, 0.754926, 0.255054, 0.279169, 0.305685, 0.310909, 0.393685, 0.418365, 0.418777, 0.767225, 0.799762, 0.810115, 0.911382, 0.959426, 1, 

83,132,0.001, 0.0186752, 0.029309, 0.0304293, 0.0315308, 0.100576, 0.0581296, 0.190378, 0.220673, 0.273645, 0.255054, 1, 

Generation #29
86,124,0.001, 0.0222202, 0.02747, 0.0710624, 0.0877172, 0.120263, 0.135712, 0.230718, 0.267795, 0.698236, 0.754926, 0.770569, 0.830721, 0.885522, 1, 

80,134,0.001, 0.0186752, 0.029309, 0.0304293, 0.0315308, 0.100576, 0.186867, 0.190378, 0.220673, 0.24247, 0.385393, 1, 

77,147,0.001, 0.0186752, 0.029309, 0.0304293, 0.0315308, 0.0916976, 0.186867, 0.190378, 0.220673, 0.288466, 0.255054, 0.279169, 1, 

95,120,0.001, 0.0186752, 0.029309, 0.0304293, 0.0315308, 0.100576, 0.0581296, 0.190378, 0.220673, 0.24247, 0.754926, 0.255054, 0.279169, 0.305685, 0.310909, 0.393685, 0.418365, 0.418777, 0.767225, 0.799762, 0.810115, 0.911382, 0.959426, 1, 

83,132,0.001, 0.0186752, 0.029309, 0.0304293, 0.0315308, 0.100576, 0.0581296, 0.190378, 0.220673, 0.273645, 0.255054, 1, 

Generation #30
86,124,0.001, 0.0222202, 0.02747, 0.0710624, 0.0877172, 0.120263, 0.135712, 0.230718, 0.267795, 0.698236, 0.754926, 0.770569, 0.830721, 0.885522, 1, 

80,134,0.001, 0.0186752, 0.029309, 0.0304293, 0.0315308, 0.100576, 0.186867, 0.190378, 0.220673, 0.24247, 0.385393, 1, 

77,147,0.001, 0.0186752, 0.029309, 0.0304293, 0.0315308, 0.0916976, 0.186867, 0.190378, 0.220673, 0.288466, 0.255054, 0.279169, 1, 

95,120,0.001, 0.0186752, 0.029309, 0.0304293, 0.0315308, 0.100576, 0.0581296, 0.190378, 0.220673, 0.24247, 0.754926, 0.255054, 0.279169, 0.305685, 0.310909, 0.393685, 0.418365, 0.418777, 0.767225, 0.799762, 0.810115, 0.911382, 0.959426, 1, 

83,132,0.001, 0.0186752, 0.029309, 0.0304293, 0.0315308, 0.100576, 0.0581296, 0.190378, 0.220673, 0.273645, 0.255054, 1, 

Generation #31
86,124,0.001, 0.0222202, 0.02747, 0.0710624, 0.0877172, 0.120263, 0.135712, 0.230718, 0.267795, 0.698236, 0.754926, 0.770569, 0.830721, 0.885522, 1, 

80,134,0.001, 0.0186752, 0.029309, 0.0304293, 0.0315308, 0.100576, 0.186867, 0.190378, 0.220673, 0.24247, 0.385393, 1, 

77,147,0.001, 0.0186752, 0.029309, 0.0304293, 0.0315308, 0.0916976, 0.186867, 0.190378, 0.220673, 0.288466, 0.255054, 0.279169, 1, 

95,120,0.001, 0.0186752, 0.029309, 0.0304293, 0.0315308, 0.100576, 0.0581296, 0.190378, 0.220673, 0.24247, 0.754926, 0.255054, 0.279169, 0.305685, 0.310909, 0.393685, 0.418365, 0.418777, 0.767225, 0.799762, 0.810115, 0.911382, 0.959426, 1, 

83,132,0.001, 0.0186752, 0.029309, 0.0304293, 0.0315308, 0.100576, 0.0581296, 0.190378, 0.220673, 0.273645, 0.255054, 1, 

Generation #32
86,124,0.001, 0.0222202, 0.02747, 0.0710624, 0.0877172, 0.120263, 0.135712, 0.230718, 0.267795, 0.698236, 0.754926, 0.770569, 0.830721, 0.885522, 1, 

80,134,0.001, 0.0186752, 0.029309, 0.0304293, 0.0315308, 0.100576, 0.186867, 0.190378, 0.220673, 0.24247, 0.385393, 1, 

77,147,0.001, 0.0186752, 0.029309, 0.0304293, 0.0315308, 0.0916976, 0.186867, 0.190378, 0.220673, 0.288466, 0.255054, 0.279169, 1, 

95,120,0.001, 0.0186752, 0.029309, 0.0304293, 0.0315308, 0.100576, 0.0581296, 0.190378, 0.220673, 0.24247, 0.754926, 0.255054, 0.279169, 0.305685, 0.310909, 0.393685, 0.418365, 0.418777, 0.767225, 0.799762, 0.810115, 0.911382, 0.959426, 1, 

83,132,0.001, 0.0186752, 0.029309, 0.0304293, 0.0315308, 0.100576, 0.0581296, 0.190378, 0.220673, 0.273645, 0.255054, 1, 

Generation #33
86,124,0.001, 0.0222202, 0.02747, 0.0710624, 0.0877172, 0.120263, 0.135712, 0.230718, 0.267795, 0.698236, 0.754926, 0.770569, 0.830721, 0.885522, 1, 

80,134,0.001, 0.0186752, 0.029309, 0.0304293, 0.0315308, 0.100576, 0.186867, 0.190378, 0.220673, 0.24247, 0.385393, 1, 

77,147,0.001, 0.0186752, 0.029309, 0.0304293, 0.0315308, 0.0916976, 0.186867, 0.190378, 0.220673, 0.288466, 0.255054, 0.279169, 1, 

95,120,0.001, 0.0186752, 0.029309, 0.0304293, 0.0315308, 0.100576, 0.0581296, 0.190378, 0.220673, 0.24247, 0.754926, 0.255054, 0.279169, 0.305685, 0.310909, 0.393685, 0.418365, 0.418777, 0.767225, 0.799762, 0.810115, 0.911382, 0.959426, 1, 

83,132,0.001, 0.0186752, 0.029309, 0.0304293, 0.0315308, 0.100576, 0.0581296, 0.190378, 0.220673, 0.273645, 0.255054, 1, 

88,122,0.001, 0.0186752, 0.029309, 0.0304293, 0.0315308, 0.0916976, 0.186867, 0.190378, 0.220673, 0.273645, 0.136949, 1, 

Generation #34
86,124,0.001, 0.0222202, 0.02747, 0.0710624, 0.0877172, 0.120263, 0.135712, 0.230718, 0.267795, 0.698236, 0.754926, 0.770569, 0.830721, 0.885522, 1, 

80,134,0.001, 0.0186752, 0.029309, 0.0304293, 0.0315308, 0.100576, 0.186867, 0.190378, 0.220673, 0.24247, 0.385393, 1, 

77,147,0.001, 0.0186752, 0.029309, 0.0304293, 0.0315308, 0.0916976, 0.186867, 0.190378, 0.220673, 0.288466, 0.255054, 0.279169, 1, 

95,120,0.001, 0.0186752, 0.029309, 0.0304293, 0.0315308, 0.100576, 0.0581296, 0.190378, 0.220673, 0.24247, 0.754926, 0.255054, 0.279169, 0.305685, 0.310909, 0.393685, 0.418365, 0.418777, 0.767225, 0.799762, 0.810115, 0.911382, 0.959426, 1, 

83,132,0.001, 0.0186752, 0.029309, 0.0304293, 0.0315308, 0.100576, 0.0581296, 0.190378, 0.220673, 0.273645, 0.255054, 1, 

88,122,0.001, 0.0186752, 0.029309, 0.0304293, 0.0315308, 0.0916976, 0.186867, 0.190378, 0.220673, 0.273645, 0.136949, 1, 

Generation #35
86,124,0.001, 0.0222202, 0.02747, 0.0710624, 0.0877172, 0.120263, 0.135712, 0.230718, 0.267795, 0.698236, 0.754926, 0.770569, 0.830721, 0.885522, 1, 

80,134,0.001, 0.0186752, 0.029309, 0.0304293, 0.0315308, 0.100576, 0.186867, 0.190378, 0.220673, 0.24247, 0.385393, 1, 

77,147,0.001, 0.0186752, 0.029309, 0.0304293, 0.0315308, 0.0916976, 0.186867, 0.190378, 0.220673, 0.288466, 0.255054, 0.279169, 1, 

95,120,0.001, 0.0186752, 0.029309, 0.0304293, 0.0315308, 0.100576, 0.0581296, 0.190378, 0.220673, 0.24247, 0.754926, 0.255054, 0.279169, 0.305685, 0.310909, 0.393685, 0.418365, 0.418777, 0.767225, 0.799762, 0.810115, 0.911382, 0.959426, 1, 

83,132,0.001, 0.0186752, 0.029309, 0.0304293, 0.0315308, 0.100576, 0.0581296, 0.190378, 0.220673, 0.273645, 0.255054, 1, 

88,122,0.001, 0.0186752, 0.029309, 0.0304293, 0.0315308, 0.0916976, 0.186867, 0.190378, 0.220673, 0.273645, 0.136949, 1, 

Generation #36
86,124,0.001, 0.0222202, 0.02747, 0.0710624, 0.0877172, 0.120263, 0.135712, 0.230718, 0.267795, 0.698236, 0.754926, 0.770569, 0.830721, 0.885522, 1, 

80,134,0.001, 0.0186752, 0.029309, 0.0304293, 0.0315308, 0.100576, 0.186867, 0.190378, 0.220673, 0.24247, 0.385393, 1, 

77,147,0.001, 0.0186752, 0.029309, 0.0304293, 0.0315308, 0.0916976, 0.186867, 0.190378, 0.220673, 0.288466, 0.255054, 0.279169, 1, 

95,120,0.001, 0.0186752, 0.029309, 0.0304293, 0.0315308, 0.100576, 0.0581296, 0.190378, 0.220673, 0.24247, 0.754926, 0.255054, 0.279169, 0.305685, 0.310909, 0.393685, 0.418365, 0.418777, 0.767225, 0.799762, 0.810115, 0.911382, 0.959426, 1, 

83,132,0.001, 0.0186752, 0.029309, 0.0304293, 0.0315308, 0.100576, 0.0581296, 0.190378, 0.220673, 0.273645, 0.255054, 1, 

88,122,0.001, 0.0186752, 0.029309, 0.0304293, 0.0315308, 0.0916976, 0.186867, 0.190378, 0.220673, 0.273645, 0.136949, 1, 

Generation #37
86,124,0.001, 0.0222202, 0.02747, 0.0710624, 0.0877172, 0.120263, 0.135712, 0.230718, 0.267795, 0.698236, 0.754926, 0.770569, 0.830721, 0.885522, 1, 

80,134,0.001, 0.0186752, 0.029309, 0.0304293, 0.0315308, 0.100576, 0.186867, 0.190378, 0.220673, 0.24247, 0.385393, 1, 

77,147,0.001, 0.0186752, 0.029309, 0.0304293, 0.0315308, 0.0916976, 0.186867, 0.190378, 0.220673, 0.288466, 0.255054, 0.279169, 1, 

95,120,0.001, 0.0186752, 0.029309, 0.0304293, 0.0315308, 0.100576, 0.0581296, 0.190378, 0.220673, 0.24247, 0.754926, 0.255054, 0.279169, 0.305685, 0.310909, 0.393685, 0.418365, 0.418777, 0.767225, 0.799762, 0.810115, 0.911382, 0.959426, 1, 

83,132,0.001, 0.0186752, 0.029309, 0.0304293, 0.0315308, 0.100576, 0.0581296, 0.190378, 0.220673, 0.273645, 0.255054, 1, 

88,122,0.001, 0.0186752, 0.029309, 0.0304293, 0.0315308, 0.0916976, 0.186867, 0.190378, 0.220673, 0.273645, 0.136949, 1, 

Generation #38
86,124,0.001, 0.0222202, 0.02747, 0.0710624, 0.0877172, 0.120263, 0.135712, 0.230718, 0.267795, 0.698236, 0.754926, 0.770569, 0.830721, 0.885522, 1, 

80,134,0.001, 0.0186752, 0.029309, 0.0304293, 0.0315308, 0.100576, 0.186867, 0.190378, 0.220673, 0.24247, 0.385393, 1, 

95,120,0.001, 0.0186752, 0.029309, 0.0304293, 0.0315308, 0.100576, 0.0581296, 0.190378, 0.220673, 0.24247, 0.754926, 0.255054, 0.279169, 0.305685, 0.310909, 0.393685, 0.418365, 0.418777, 0.767225, 0.799762, 0.810115, 0.911382, 0.959426, 1, 

83,132,0.001, 0.0186752, 0.029309, 0.0304293, 0.0315308, 0.100576, 0.0581296, 0.190378, 0.220673, 0.273645, 0.255054, 1, 

88,122,0.001, 0.0186752, 0.029309, 0.0304293, 0.0315308, 0.0916976, 0.186867, 0.190378, 0.220673, 0.273645, 0.136949, 1, 

77,138,0.001, 0.0186752, 0.029309, 0.0304293, 0.0315308, 0.0916976, 0.186867, 0.190378, 0.498296, 0.539947, 0.754926, 0.770569, 1, 

Generation #39
86,124,0.001, 0.0222202, 0.02747, 0.0710624, 0.0877172, 0.120263, 0.135712, 0.230718, 0.267795, 0.698236, 0.754926, 0.770569, 0.830721, 0.885522, 1, 

80,134,0.001, 0.0186752, 0.029309, 0.0304293, 0.0315308, 0.100576, 0.186867, 0.190378, 0.220673, 0.24247, 0.385393, 1, 

95,120,0.001, 0.0186752, 0.029309, 0.0304293, 0.0315308, 0.100576, 0.0581296, 0.190378, 0.220673, 0.24247, 0.754926, 0.255054, 0.279169, 0.305685, 0.310909, 0.393685, 0.418365, 0.418777, 0.767225, 0.799762, 0.810115, 0.911382, 0.959426, 1, 

83,132,0.001, 0.0186752, 0.029309, 0.0304293, 0.0315308, 0.100576, 0.0581296, 0.190378, 0.220673, 0.273645, 0.255054, 1, 

88,122,0.001, 0.0186752, 0.029309, 0.0304293, 0.0315308, 0.0916976, 0.186867, 0.190378, 0.220673, 0.273645, 0.136949, 1, 

77,138,0.001, 0.0186752, 0.029309, 0.0304293, 0.0315308, 0.0916976, 0.186867, 0.190378, 0.498296, 0.539947, 0.754926, 0.770569, 1, 

Generation #40
80,134,0.001, 0.0186752, 0.029309, 0.0304293, 0.0315308, 0.100576, 0.186867, 0.190378, 0.220673, 0.24247, 0.385393, 1, 

95,120,0.001, 0.0186752, 0.029309, 0.0304293, 0.0315308, 0.100576, 0.0581296, 0.190378, 0.220673, 0.24247, 0.754926, 0.255054, 0.279169, 0.305685, 0.310909, 0.393685, 0.418365, 0.418777, 0.767225, 0.799762, 0.810115, 0.911382, 0.959426, 1, 

83,132,0.001, 0.0186752, 0.029309, 0.0304293, 0.0315308, 0.100576, 0.0581296, 0.190378, 0.220673, 0.273645, 0.255054, 1, 

77,138,0.001, 0.0186752, 0.029309, 0.0304293, 0.0315308, 0.0916976, 0.186867, 0.190378, 0.498296, 0.539947, 0.754926, 0.770569, 1, 

84,121,0.001, 0.0186752, 0.029309, 0.0304293, 0.0315308, 0.0916976, 0.186867, 0.190378, 0.220673, 0.24247, 0.255054, 1, 

Generation #41
80,134,0.001, 0.0186752, 0.029309, 0.0304293, 0.0315308, 0.100576, 0.186867, 0.190378, 0.220673, 0.24247, 0.385393, 1, 

95,120,0.001, 0.0186752, 0.029309, 0.0304293, 0.0315308, 0.100576, 0.0581296, 0.190378, 0.220673, 0.24247, 0.754926, 0.255054, 0.279169, 0.305685, 0.310909, 0.393685, 0.418365, 0.418777, 0.767225, 0.799762, 0.810115, 0.911382, 0.959426, 1, 

83,132,0.001, 0.0186752, 0.029309, 0.0304293, 0.0315308, 0.100576, 0.0581296, 0.190378, 0.220673, 0.273645, 0.255054, 1, 

77,138,0.001, 0.0186752, 0.029309, 0.0304293, 0.0315308, 0.0916976, 0.186867, 0.190378, 0.498296, 0.539947, 0.754926, 0.770569, 1, 

84,121,0.001, 0.0186752, 0.029309, 0.0304293, 0.0315308, 0.0916976, 0.186867, 0.190378, 0.220673, 0.24247, 0.255054, 1, 

Generation #42
80,134,0.001, 0.0186752, 0.029309, 0.0304293, 0.0315308, 0.100576, 0.186867, 0.190378, 0.220673, 0.24247, 0.385393, 1, 

77,138,0.001, 0.0186752, 0.029309, 0.0304293, 0.0315308, 0.0916976, 0.186867, 0.190378, 0.498296, 0.539947, 0.754926, 0.770569, 1, 

82,120,0.001, 0.0186752, 0.029309, 0.0304293, 0.0315308, 0.0916976, 0.19953, 0.221981, 0.414648, 0.288466, 0.255054, 0.279169, 1, 

Generation #43
80,134,0.001, 0.0186752, 0.029309, 0.0304293, 0.0315308, 0.100576, 0.186867, 0.190378, 0.220673, 0.24247, 0.385393, 1, 

77,138,0.001, 0.0186752, 0.029309, 0.0304293, 0.0315308, 0.0916976, 0.186867, 0.190378, 0.498296, 0.539947, 0.754926, 0.770569, 1, 

82,120,0.001, 0.0186752, 0.029309, 0.0304293, 0.0315308, 0.0916976, 0.19953, 0.221981, 0.414648, 0.288466, 0.255054, 0.279169, 1, 

Generation #44
80,134,0.001, 0.0186752, 0.029309, 0.0304293, 0.0315308, 0.100576, 0.186867, 0.190378, 0.220673, 0.24247, 0.385393, 1, 

77,138,0.001, 0.0186752, 0.029309, 0.0304293, 0.0315308, 0.0916976, 0.186867, 0.190378, 0.498296, 0.539947, 0.754926, 0.770569, 1, 

82,120,0.001, 0.0186752, 0.029309, 0.0304293, 0.0315308, 0.0916976, 0.19953, 0.221981, 0.414648, 0.288466, 0.255054, 0.279169, 1, 

86,118,0.001, 0.0186752, 0.029309, 0.0304293, 0.0315308, 0.100576, 0.0581296, 0.190378, 0.220673, 0.288466, 0.289373, 0.298504, 0.358352, 1, 

Generation #45
80,134,0.001, 0.0186752, 0.029309, 0.0304293, 0.0315308, 0.100576, 0.186867, 0.190378, 0.220673, 0.24247, 0.385393, 1, 

77,138,0.001, 0.0186752, 0.029309, 0.0304293, 0.0315308, 0.0916976, 0.186867, 0.190378, 0.498296, 0.539947, 0.754926, 0.770569, 1, 

82,120,0.001, 0.0186752, 0.029309, 0.0304293, 0.0315308, 0.0916976, 0.19953, 0.221981, 0.414648, 0.288466, 0.255054, 0.279169, 1, 

86,118,0.001, 0.0186752, 0.029309, 0.0304293, 0.0315308, 0.100576, 0.0581296, 0.190378, 0.220673, 0.288466, 0.289373, 0.298504, 0.358352, 1, 

Generation #46
80,134,0.001, 0.0186752, 0.029309, 0.0304293, 0.0315308, 0.100576, 0.186867, 0.190378, 0.220673, 0.24247, 0.385393, 1, 

77,138,0.001, 0.0186752, 0.029309, 0.0304293, 0.0315308, 0.0916976, 0.186867, 0.190378, 0.498296, 0.539947, 0.754926, 0.770569, 1, 

82,120,0.001, 0.0186752, 0.029309, 0.0304293, 0.0315308, 0.0916976, 0.19953, 0.221981, 0.414648, 0.288466, 0.255054, 0.279169, 1, 

86,118,0.001, 0.0186752, 0.029309, 0.0304293, 0.0315308, 0.100576, 0.0581296, 0.190378, 0.220673, 0.288466, 0.289373, 0.298504, 0.358352, 1, 

Generation #47
80,134,0.001, 0.0186752, 0.029309, 0.0304293, 0.0315308, 0.100576, 0.186867, 0.190378, 0.220673, 0.24247, 0.385393, 1, 

77,138,0.001, 0.0186752, 0.029309, 0.0304293, 0.0315308, 0.0916976, 0.186867, 0.190378, 0.498296, 0.539947, 0.754926, 0.770569, 1, 

82,120,0.001, 0.0186752, 0.029309, 0.0304293, 0.0315308, 0.0916976, 0.19953, 0.221981, 0.414648, 0.288466, 0.255054, 0.279169, 1, 

86,118,0.001, 0.0186752, 0.029309, 0.0304293, 0.0315308, 0.100576, 0.0581296, 0.190378, 0.220673, 0.288466, 0.289373, 0.298504, 0.358352, 1, 

Generation #48
80,134,0.001, 0.0186752, 0.029309, 0.0304293, 0.0315308, 0.100576, 0.186867, 0.190378, 0.220673, 0.24247, 0.385393, 1, 

77,138,0.001, 0.0186752, 0.029309, 0.0304293, 0.0315308, 0.0916976, 0.186867, 0.190378, 0.498296, 0.539947, 0.754926, 0.770569, 1, 

82,120,0.001, 0.0186752, 0.029309, 0.0304293, 0.0315308, 0.0916976, 0.19953, 0.221981, 0.414648, 0.288466, 0.255054, 0.279169, 1, 

86,118,0.001, 0.0186752, 0.029309, 0.0304293, 0.0315308, 0.100576, 0.0581296, 0.190378, 0.220673, 0.288466, 0.289373, 0.298504, 0.358352, 1, 

Generation #49
77,138,0.001, 0.0186752, 0.029309, 0.0304293, 0.0315308, 0.0916976, 0.186867, 0.190378, 0.498296, 0.539947, 0.754926, 0.770569, 1, 

82,120,0.001, 0.0186752, 0.029309, 0.0304293, 0.0315308, 0.0916976, 0.19953, 0.221981, 0.414648, 0.288466, 0.255054, 0.279169, 1, 

86,118,0.001, 0.0186752, 0.029309, 0.0304293, 0.0315308, 0.100576, 0.0581296, 0.190378, 0.220673, 0.288466, 0.289373, 0.298504, 0.358352, 1, 

78,130,0.001, 0.0186752, 0.029309, 0.0304293, 0.0315308, 0.0916976, 0.186867, 0.190378, 0.220673, 0.273645, 0.255054, 1, 

--- Pareto Front Solutions ---
Solution 0: N total=182 (N_initial=105, N_added=77), Time total=149 ms, Saved to: ./results/Wireless_t2_l3_pareto_0.csv, percents=0.001, 0.0186752, 0.029309, 0.0304293, 0.0315308, 0.0916976, 0.186867, 0.190378, 0.498296, 0.539947, 0.754926, 0.770569, 1, 

Solution 1: N total=187 (N_initial=105, N_added=82), Time total=131 ms, Saved to: ./results/Wireless_t2_l3_pareto_1.csv, percents=0.001, 0.0186752, 0.029309, 0.0304293, 0.0315308, 0.0916976, 0.19953, 0.221981, 0.414648, 0.288466, 0.255054, 0.279169, 1, 

Solution 2: N total=191 (N_initial=105, N_added=86), Time total=129 ms, Saved to: ./results/Wireless_t2_l3_pareto_2.csv, percents=0.001, 0.0186752, 0.029309, 0.0304293, 0.0315308, 0.100576, 0.0581296, 0.190378, 0.220673, 0.288466, 0.289373, 0.298504, 0.358352, 1, 

Solution 3: N total=183 (N_initial=105, N_added=78), Time total=141 ms, Saved to: ./results/Wireless_t2_l3_pareto_3.csv, percents=0.001, 0.0186752, 0.029309, 0.0304293, 0.0315308, 0.0916976, 0.186867, 0.190378, 0.220673, 0.273645, 0.255054, 1, 

------------d=1, t=2, lambda=4, filename=./evaluation/Wireless/Wireless_2_4.csv------------
Computing partitioned counts of d-sets...
Ready to look at pairs based on partitioned counts...
First Stage N=120, Time=11
There are 546 remaining non-locating pairs
--- Running GA Algorithm (phase2) ---
Running GA with std::execution::par
Generation #0
118,327,0.001, 0.0588147, 0.103665, 0.146623, 0.152765, 0.202887, 0.257952, 0.306974, 0.35206, 0.551436, 0.663596, 0.667527, 0.675555, 0.835728, 0.862165, 0.919448, 0.978193, 1, 

132,241,0.001, 0.0371177, 0.0471223, 0.0670719, 0.116116, 0.188589, 0.317947, 0.340759, 0.429697, 0.465561, 0.531054, 0.620227, 0.650628, 0.657068, 0.748697, 0.83024, 0.844653, 0.844955, 0.85941, 0.922656, 0.930229, 0.937131, 1, 

111,430,0.001, 0.087889, 0.259878, 0.286501, 0.289228, 0.336416, 0.341694, 0.508853, 0.714363, 0.748413, 0.916191, 0.963955, 1, 

120,278,0.001, 0.0450726, 0.0748301, 0.0820475, 0.177283, 0.18997, 0.20813, 0.222287, 0.231217, 0.315128, 0.31928, 0.327546, 0.387286, 0.592853, 0.82423, 0.83147, 0.831927, 0.973215, 0.996488, 1, 

126,265,0.001, 0.0242439, 0.0497861, 0.128923, 0.145125, 0.215631, 0.265804, 0.287356, 0.363191, 0.386545, 0.392294, 0.397764, 0.422866, 0.447092, 0.580277, 0.625166, 0.645167, 0.725302, 0.79538, 0.800168, 0.800513, 0.837067, 0.863045, 0.882063, 0.891443, 0.891947, 0.97657, 1, 

110,596,0.001, 0.149254, 0.204883, 0.236632, 0.287903, 0.313454, 0.381609, 0.383463, 0.513517, 0.533326, 0.563507, 0.571284, 0.727124, 0.746585, 0.782439, 0.873787, 0.919387, 0.988868, 1, 

124,270,0.001, 0.0259415, 0.0324895, 0.0764701, 0.162505, 0.18299, 0.2048, 0.221817, 0.261186, 0.284456, 0.331571, 0.339054, 0.404952, 0.500565, 0.547076, 0.63555, 0.647008, 0.66077, 0.753353, 0.920426, 0.961215, 1, 

128,247,0.001, 0.0138096, 0.0550803, 0.0782121, 0.101253, 0.147009, 0.179153, 0.186336, 0.201002, 0.301476, 0.321507, 0.324127, 0.334152, 0.336626, 0.350195, 0.440618, 0.47186, 0.475747, 0.546667, 0.563586, 0.575568, 0.677115, 0.691255, 0.696514, 0.756195, 0.819487, 0.862538, 0.887212, 0.926226, 1, 

Generation #1
118,327,0.001, 0.0588147, 0.103665, 0.146623, 0.152765, 0.202887, 0.257952, 0.306974, 0.35206, 0.551436, 0.663596, 0.667527, 0.675555, 0.835728, 0.862165, 0.919448, 0.978193, 1, 

111,430,0.001, 0.087889, 0.259878, 0.286501, 0.289228, 0.336416, 0.341694, 0.508853, 0.714363, 0.748413, 0.916191, 0.963955, 1, 

108,1165,0.001, 0.336559, 0.273085, 0.283935, 0.40245, 0.509585, 0.529255, 0.660474, 0.719071, 0.800754, 0.855545, 0.858192, 0.983932, 0.991147, 1, 

117,397,0.001, 0.0942399, 0.15741, 0.26833, 0.278912, 0.293335, 0.355909, 0.0748197, 0.634609, 0.666955, 0.707995, 1, 

109,477,0.001, 0.0942399, 0.15741, 0.26833, 0.278912, 0.293335, 0.355909, 0.492055, 0.584074, 0.175917, 0.673741, 0.69903, 0.971099, 1, 

119,225,0.001, 0.0137899, 0.0387907, 0.101688, 0.121103, 0.17412, 0.179956, 0.187472, 0.206164, 0.247435, 0.319541, 0.332037, 0.550876, 0.550974, 1, 

112,420,0.001, 0.0138096, 0.0550803, 0.0782121, 0.101253, 0.147009, 0.179153, 0.186336, 0.201002, 0.301476, 0.321507, 0.324127, 0.334152, 0.336626, 0.836928, 0.878464, 0.9012, 0.919689, 1, 

Generation #2
119,225,0.001, 0.0137899, 0.0387907, 0.101688, 0.121103, 0.17412, 0.179956, 0.187472, 0.206164, 0.247435, 0.319541, 0.332037, 0.550876, 0.550974, 1, 

113,251,0.001, 0.0468113, 0.0810547, 0.127532, 0.156086, 0.157122, 0.16135, 0.251312, 0.293036, 0.30947, 0.32144, 0.333558, 0.368244, 1, 

104,315,0.001, 0.0450726, 0.1754, 0.277474, 0.435548, 0.463871, 0.473482, 0.519821, 0.560999, 0.698941, 0.970196, 0.995331, 1, 

Generation #3
119,225,0.001, 0.0137899, 0.0387907, 0.101688, 0.121103, 0.17412, 0.179956, 0.187472, 0.206164, 0.247435, 0.319541, 0.332037, 0.550876, 0.550974, 1, 

113,251,0.001, 0.0468113, 0.0810547, 0.127532, 0.156086, 0.157122, 0.16135, 0.251312, 0.293036, 0.30947, 0.32144, 0.333558, 0.368244, 1, 

104,315,0.001, 0.0450726, 0.1754, 0.277474, 0.435548, 0.463871, 0.473482, 0.519821, 0.560999, 0.698941, 0.970196, 0.995331, 1, 

110,314,0.001, 0.0450726, 0.0748301, 0.0820475, 0.177283, 0.18997, 0.20813, 0.222287, 0.231217, 0.315128, 0.31928, 1, 

117,230,0.001, 0.0588147, 0.103665, 0.146623, 0.152765, 0.202887, 0.257952, 0.0937668, 0.0748197, 0.634609, 0.150276, 0.666955, 0.707995, 1, 

111,264,0.001, 0.0450726, 0.0748301, 0.0820475, 0.177283, 0.18997, 0.20813, 0.222287, 0.231217, 0.823213, 0.961644, 1, 

Generation #4
119,225,0.001, 0.0137899, 0.0387907, 0.101688, 0.121103, 0.17412, 0.179956, 0.187472, 0.206164, 0.247435, 0.319541, 0.332037, 0.550876, 0.550974, 1, 

113,251,0.001, 0.0468113, 0.0810547, 0.127532, 0.156086, 0.157122, 0.16135, 0.251312, 0.293036, 0.30947, 0.32144, 0.333558, 0.368244, 1, 

104,315,0.001, 0.0450726, 0.1754, 0.277474, 0.435548, 0.463871, 0.473482, 0.519821, 0.560999, 0.698941, 0.970196, 0.995331, 1, 

117,230,0.001, 0.0588147, 0.103665, 0.146623, 0.152765, 0.202887, 0.257952, 0.0937668, 0.0748197, 0.634609, 0.150276, 0.666955, 0.707995, 1, 

111,264,0.001, 0.0450726, 0.0748301, 0.0820475, 0.177283, 0.18997, 0.20813, 0.222287, 0.231217, 0.823213, 0.961644, 1, 

110,272,0.001, 0.00287417, 0.037989, 0.117077, 0.153139, 0.187585, 0.308819, 0.187472, 0.206164, 0.247435, 0.319541, 0.332037, 0.550876, 0.550974, 1, 

Generation #5
119,225,0.001, 0.0137899, 0.0387907, 0.101688, 0.121103, 0.17412, 0.179956, 0.187472, 0.206164, 0.247435, 0.319541, 0.332037, 0.550876, 0.550974, 1, 

113,251,0.001, 0.0468113, 0.0810547, 0.127532, 0.156086, 0.157122, 0.16135, 0.251312, 0.293036, 0.30947, 0.32144, 0.333558, 0.368244, 1, 

117,230,0.001, 0.0588147, 0.103665, 0.146623, 0.152765, 0.202887, 0.257952, 0.0937668, 0.0748197, 0.634609, 0.150276, 0.666955, 0.707995, 1, 

104,299,0.001, 0.0588147, 0.103665, 0.146623, 0.152765, 0.202887, 0.257952, 0.306974, 0.934057, 0.823213, 0.961644, 1, 

109,252,0.001, 0.0450726, 0.0748301, 0.0820475, 0.177283, 0.18997, 0.20813, 0.222287, 0.231217, 0.509663, 0.548691, 0.592576, 1, 

Generation #6
119,225,0.001, 0.0137899, 0.0387907, 0.101688, 0.121103, 0.17412, 0.179956, 0.187472, 0.206164, 0.247435, 0.319541, 0.332037, 0.550876, 0.550974, 1, 

113,251,0.001, 0.0468113, 0.0810547, 0.127532, 0.156086, 0.157122, 0.16135, 0.251312, 0.293036, 0.30947, 0.32144, 0.333558, 0.368244, 1, 

117,230,0.001, 0.0588147, 0.103665, 0.146623, 0.152765, 0.202887, 0.257952, 0.0937668, 0.0748197, 0.634609, 0.150276, 0.666955, 0.707995, 1, 

104,299,0.001, 0.0588147, 0.103665, 0.146623, 0.152765, 0.202887, 0.257952, 0.306974, 0.934057, 0.823213, 0.961644, 1, 

109,252,0.001, 0.0450726, 0.0748301, 0.0820475, 0.177283, 0.18997, 0.20813, 0.222287, 0.231217, 0.509663, 0.548691, 0.592576, 1, 

108,297,0.001, 0.0450726, 0.0748301, 0.0820475, 0.219515, 0.242672, 0.32882, 0.459332, 0.560999, 0.698941, 0.970196, 0.995331, 1, 

121,198,0.001, 0.0450726, 0.0748301, 0.0820475, 0.177283, 0.18997, 0.20813, 0.222287, 0.231217, 0.509663, 0.548691, 0.592576, 0.634534, 0.657068, 0.748697, 0.83024, 0.844653, 0.844955, 0.85941, 0.922656, 0.930229, 0.937131, 1, 

Generation #7
104,299,0.001, 0.0588147, 0.103665, 0.146623, 0.152765, 0.202887, 0.257952, 0.306974, 0.934057, 0.823213, 0.961644, 1, 

109,252,0.001, 0.0450726, 0.0748301, 0.0820475, 0.177283, 0.18997, 0.20813, 0.222287, 0.231217, 0.509663, 0.548691, 0.592576, 1, 

108,297,0.001, 0.0450726, 0.0748301, 0.0820475, 0.219515, 0.242672, 0.32882, 0.459332, 0.560999, 0.698941, 0.970196, 0.995331, 1, 

121,198,0.001, 0.0450726, 0.0748301, 0.0820475, 0.177283, 0.18997, 0.20813, 0.222287, 0.231217, 0.509663, 0.548691, 0.592576, 0.634534, 0.657068, 0.748697, 0.83024, 0.844653, 0.844955, 0.85941, 0.922656, 0.930229, 0.937131, 1, 

111,225,0.001, 0.0138096, 0.0550803, 0.0782121, 0.101253, 0.147009, 0.179153, 0.186336, 0.201002, 0.730439, 0.89519, 1, 

Generation #8
104,299,0.001, 0.0588147, 0.103665, 0.146623, 0.152765, 0.202887, 0.257952, 0.306974, 0.934057, 0.823213, 0.961644, 1, 

107,188,0.001, 0.00287417, 0.037989, 0.101688, 0.121103, 0.17412, 0.179956, 0.187472, 0.206164, 0.247435, 0.319541, 0.332037, 0.550876, 0.550974, 1, 

Generation #9
104,299,0.001, 0.0588147, 0.103665, 0.146623, 0.152765, 0.202887, 0.257952, 0.306974, 0.934057, 0.823213, 0.961644, 1, 

107,188,0.001, 0.00287417, 0.037989, 0.101688, 0.121103, 0.17412, 0.179956, 0.187472, 0.206164, 0.247435, 0.319541, 0.332037, 0.550876, 0.550974, 1, 

Generation #10
107,188,0.001, 0.00287417, 0.037989, 0.101688, 0.121103, 0.17412, 0.179956, 0.187472, 0.206164, 0.247435, 0.319541, 0.332037, 0.550876, 0.550974, 1, 

102,247,0.001, 0.0137899, 0.0387907, 0.101688, 0.121103, 0.17412, 0.179956, 0.308819, 0.545328, 0.730439, 0.89519, 1, 

Generation #11
107,188,0.001, 0.00287417, 0.037989, 0.101688, 0.121103, 0.17412, 0.179956, 0.187472, 0.206164, 0.247435, 0.319541, 0.332037, 0.550876, 0.550974, 1, 

102,247,0.001, 0.0137899, 0.0387907, 0.101688, 0.121103, 0.17412, 0.179956, 0.308819, 0.545328, 0.730439, 0.89519, 1, 

Generation #12
107,188,0.001, 0.00287417, 0.037989, 0.101688, 0.121103, 0.17412, 0.179956, 0.187472, 0.206164, 0.247435, 0.319541, 0.332037, 0.550876, 0.550974, 1, 

102,247,0.001, 0.0137899, 0.0387907, 0.101688, 0.121103, 0.17412, 0.179956, 0.308819, 0.545328, 0.730439, 0.89519, 1, 

Generation #13
107,188,0.001, 0.00287417, 0.037989, 0.101688, 0.121103, 0.17412, 0.179956, 0.187472, 0.206164, 0.247435, 0.319541, 0.332037, 0.550876, 0.550974, 1, 

102,247,0.001, 0.0137899, 0.0387907, 0.101688, 0.121103, 0.17412, 0.179956, 0.308819, 0.545328, 0.730439, 0.89519, 1, 

116,180,0.001, 0.0137899, 0.0387907, 0.101688, 0.121103, 0.17412, 0.20813, 0.187472, 0.206164, 0.247435, 0.319541, 0.332037, 0.550876, 0.550974, 1, 

Generation #14
107,188,0.001, 0.00287417, 0.037989, 0.101688, 0.121103, 0.17412, 0.179956, 0.187472, 0.206164, 0.247435, 0.319541, 0.332037, 0.550876, 0.550974, 1, 

102,247,0.001, 0.0137899, 0.0387907, 0.101688, 0.121103, 0.17412, 0.179956, 0.308819, 0.545328, 0.730439, 0.89519, 1, 

116,180,0.001, 0.0137899, 0.0387907, 0.101688, 0.121103, 0.17412, 0.20813, 0.187472, 0.206164, 0.247435, 0.319541, 0.332037, 0.550876, 0.550974, 1, 

Generation #15
107,188,0.001, 0.00287417, 0.037989, 0.101688, 0.121103, 0.17412, 0.179956, 0.187472, 0.206164, 0.247435, 0.319541, 0.332037, 0.550876, 0.550974, 1, 

102,247,0.001, 0.0137899, 0.0387907, 0.101688, 0.121103, 0.17412, 0.179956, 0.308819, 0.545328, 0.730439, 0.89519, 1, 

116,180,0.001, 0.0137899, 0.0387907, 0.101688, 0.121103, 0.17412, 0.20813, 0.187472, 0.206164, 0.247435, 0.319541, 0.332037, 0.550876, 0.550974, 1, 

Generation #16
107,188,0.001, 0.00287417, 0.037989, 0.101688, 0.121103, 0.17412, 0.179956, 0.187472, 0.206164, 0.247435, 0.319541, 0.332037, 0.550876, 0.550974, 1, 

102,247,0.001, 0.0137899, 0.0387907, 0.101688, 0.121103, 0.17412, 0.179956, 0.308819, 0.545328, 0.730439, 0.89519, 1, 

116,180,0.001, 0.0137899, 0.0387907, 0.101688, 0.121103, 0.17412, 0.20813, 0.187472, 0.206164, 0.247435, 0.319541, 0.332037, 0.550876, 0.550974, 1, 

Generation #17
107,188,0.001, 0.00287417, 0.037989, 0.101688, 0.121103, 0.17412, 0.179956, 0.187472, 0.206164, 0.247435, 0.319541, 0.332037, 0.550876, 0.550974, 1, 

102,247,0.001, 0.0137899, 0.0387907, 0.101688, 0.121103, 0.17412, 0.179956, 0.308819, 0.545328, 0.730439, 0.89519, 1, 

116,180,0.001, 0.0137899, 0.0387907, 0.101688, 0.121103, 0.17412, 0.20813, 0.187472, 0.206164, 0.247435, 0.319541, 0.332037, 0.550876, 0.550974, 1, 

Generation #18
107,188,0.001, 0.00287417, 0.037989, 0.101688, 0.121103, 0.17412, 0.179956, 0.187472, 0.206164, 0.247435, 0.319541, 0.332037, 0.550876, 0.550974, 1, 

102,247,0.001, 0.0137899, 0.0387907, 0.101688, 0.121103, 0.17412, 0.179956, 0.308819, 0.545328, 0.730439, 0.89519, 1, 

116,180,0.001, 0.0137899, 0.0387907, 0.101688, 0.121103, 0.17412, 0.20813, 0.187472, 0.206164, 0.247435, 0.319541, 0.332037, 0.550876, 0.550974, 1, 

Generation #19
107,188,0.001, 0.00287417, 0.037989, 0.101688, 0.121103, 0.17412, 0.179956, 0.187472, 0.206164, 0.247435, 0.319541, 0.332037, 0.550876, 0.550974, 1, 

102,247,0.001, 0.0137899, 0.0387907, 0.101688, 0.121103, 0.17412, 0.179956, 0.308819, 0.545328, 0.730439, 0.89519, 1, 

116,180,0.001, 0.0137899, 0.0387907, 0.101688, 0.121103, 0.17412, 0.20813, 0.187472, 0.206164, 0.247435, 0.319541, 0.332037, 0.550876, 0.550974, 1, 

106,191,0.001, 0.0450726, 0.0748301, 0.0782121, 0.101253, 0.147009, 0.179153, 0.186336, 0.201002, 0.730439, 0.89519, 1, 

Generation #20
107,188,0.001, 0.00287417, 0.037989, 0.101688, 0.121103, 0.17412, 0.179956, 0.187472, 0.206164, 0.247435, 0.319541, 0.332037, 0.550876, 0.550974, 1, 

102,247,0.001, 0.0137899, 0.0387907, 0.101688, 0.121103, 0.17412, 0.179956, 0.308819, 0.545328, 0.730439, 0.89519, 1, 

116,180,0.001, 0.0137899, 0.0387907, 0.101688, 0.121103, 0.17412, 0.20813, 0.187472, 0.206164, 0.247435, 0.319541, 0.332037, 0.550876, 0.550974, 1, 

106,191,0.001, 0.0450726, 0.0748301, 0.0782121, 0.101253, 0.147009, 0.179153, 0.186336, 0.201002, 0.730439, 0.89519, 1, 

Generation #21
107,188,0.001, 0.00287417, 0.037989, 0.101688, 0.121103, 0.17412, 0.179956, 0.187472, 0.206164, 0.247435, 0.319541, 0.332037, 0.550876, 0.550974, 1, 

102,247,0.001, 0.0137899, 0.0387907, 0.101688, 0.121103, 0.17412, 0.179956, 0.308819, 0.545328, 0.730439, 0.89519, 1, 

116,180,0.001, 0.0137899, 0.0387907, 0.101688, 0.121103, 0.17412, 0.20813, 0.187472, 0.206164, 0.247435, 0.319541, 0.332037, 0.550876, 0.550974, 1, 

106,191,0.001, 0.0450726, 0.0748301, 0.0782121, 0.101253, 0.147009, 0.179153, 0.186336, 0.201002, 0.730439, 0.89519, 1, 

Generation #22
107,188,0.001, 0.00287417, 0.037989, 0.101688, 0.121103, 0.17412, 0.179956, 0.187472, 0.206164, 0.247435, 0.319541, 0.332037, 0.550876, 0.550974, 1, 

102,247,0.001, 0.0137899, 0.0387907, 0.101688, 0.121103, 0.17412, 0.179956, 0.308819, 0.545328, 0.730439, 0.89519, 1, 

116,180,0.001, 0.0137899, 0.0387907, 0.101688, 0.121103, 0.17412, 0.20813, 0.187472, 0.206164, 0.247435, 0.319541, 0.332037, 0.550876, 0.550974, 1, 

106,191,0.001, 0.0450726, 0.0748301, 0.0782121, 0.101253, 0.147009, 0.179153, 0.186336, 0.201002, 0.730439, 0.89519, 1, 

Generation #23
107,188,0.001, 0.00287417, 0.037989, 0.101688, 0.121103, 0.17412, 0.179956, 0.187472, 0.206164, 0.247435, 0.319541, 0.332037, 0.550876, 0.550974, 1, 

102,247,0.001, 0.0137899, 0.0387907, 0.101688, 0.121103, 0.17412, 0.179956, 0.308819, 0.545328, 0.730439, 0.89519, 1, 

116,180,0.001, 0.0137899, 0.0387907, 0.101688, 0.121103, 0.17412, 0.20813, 0.187472, 0.206164, 0.247435, 0.319541, 0.332037, 0.550876, 0.550974, 1, 

106,191,0.001, 0.0450726, 0.0748301, 0.0782121, 0.101253, 0.147009, 0.179153, 0.186336, 0.201002, 0.730439, 0.89519, 1, 

Generation #24
107,188,0.001, 0.00287417, 0.037989, 0.101688, 0.121103, 0.17412, 0.179956, 0.187472, 0.206164, 0.247435, 0.319541, 0.332037, 0.550876, 0.550974, 1, 

102,247,0.001, 0.0137899, 0.0387907, 0.101688, 0.121103, 0.17412, 0.179956, 0.308819, 0.545328, 0.730439, 0.89519, 1, 

116,180,0.001, 0.0137899, 0.0387907, 0.101688, 0.121103, 0.17412, 0.20813, 0.187472, 0.206164, 0.247435, 0.319541, 0.332037, 0.550876, 0.550974, 1, 

106,191,0.001, 0.0450726, 0.0748301, 0.0782121, 0.101253, 0.147009, 0.179153, 0.186336, 0.201002, 0.730439, 0.89519, 1, 

Generation #25
107,188,0.001, 0.00287417, 0.037989, 0.101688, 0.121103, 0.17412, 0.179956, 0.187472, 0.206164, 0.247435, 0.319541, 0.332037, 0.550876, 0.550974, 1, 

102,247,0.001, 0.0137899, 0.0387907, 0.101688, 0.121103, 0.17412, 0.179956, 0.308819, 0.545328, 0.730439, 0.89519, 1, 

116,180,0.001, 0.0137899, 0.0387907, 0.101688, 0.121103, 0.17412, 0.20813, 0.187472, 0.206164, 0.247435, 0.319541, 0.332037, 0.550876, 0.550974, 1, 

106,191,0.001, 0.0450726, 0.0748301, 0.0782121, 0.101253, 0.147009, 0.179153, 0.186336, 0.201002, 0.730439, 0.89519, 1, 

105,234,0.001, 0.0371177, 0.0471223, 0.0670719, 0.116116, 0.188589, 0.317947, 0.308819, 0.545328, 0.319541, 0.332037, 1, 

Generation #26
107,188,0.001, 0.00287417, 0.037989, 0.101688, 0.121103, 0.17412, 0.179956, 0.187472, 0.206164, 0.247435, 0.319541, 0.332037, 0.550876, 0.550974, 1, 

102,247,0.001, 0.0137899, 0.0387907, 0.101688, 0.121103, 0.17412, 0.179956, 0.308819, 0.545328, 0.730439, 0.89519, 1, 

116,180,0.001, 0.0137899, 0.0387907, 0.101688, 0.121103, 0.17412, 0.20813, 0.187472, 0.206164, 0.247435, 0.319541, 0.332037, 0.550876, 0.550974, 1, 

106,191,0.001, 0.0450726, 0.0748301, 0.0782121, 0.101253, 0.147009, 0.179153, 0.186336, 0.201002, 0.730439, 0.89519, 1, 

105,234,0.001, 0.0371177, 0.0471223, 0.0670719, 0.116116, 0.188589, 0.317947, 0.308819, 0.545328, 0.319541, 0.332037, 1, 

114,186,0.001, 0.0550122, 0.0628633, 0.0894817, 0.259203, 0.17412, 0.308819, 0.201002, 0.730439, 0.301476, 0.321507, 0.324127, 0.334152, 1, 

Generation #27
107,188,0.001, 0.00287417, 0.037989, 0.101688, 0.121103, 0.17412, 0.179956, 0.187472, 0.206164, 0.247435, 0.319541, 0.332037, 0.550876, 0.550974, 1, 

102,247,0.001, 0.0137899, 0.0387907, 0.101688, 0.121103, 0.17412, 0.179956, 0.308819, 0.545328, 0.730439, 0.89519, 1, 

116,180,0.001, 0.0137899, 0.0387907, 0.101688, 0.121103, 0.17412, 0.20813, 0.187472, 0.206164, 0.247435, 0.319541, 0.332037, 0.550876, 0.550974, 1, 

106,191,0.001, 0.0450726, 0.0748301, 0.0782121, 0.101253, 0.147009, 0.179153, 0.186336, 0.201002, 0.730439, 0.89519, 1, 

105,234,0.001, 0.0371177, 0.0471223, 0.0670719, 0.116116, 0.188589, 0.317947, 0.308819, 0.545328, 0.319541, 0.332037, 1, 

114,186,0.001, 0.0550122, 0.0628633, 0.0894817, 0.259203, 0.17412, 0.308819, 0.201002, 0.730439, 0.301476, 0.321507, 0.324127, 0.334152, 1, 

Generation #28
107,188,0.001, 0.00287417, 0.037989, 0.101688, 0.121103, 0.17412, 0.179956, 0.187472, 0.206164, 0.247435, 0.319541, 0.332037, 0.550876, 0.550974, 1, 

116,180,0.001, 0.0137899, 0.0387907, 0.101688, 0.121103, 0.17412, 0.20813, 0.187472, 0.206164, 0.247435, 0.319541, 0.332037, 0.550876, 0.550974, 1, 

106,191,0.001, 0.0450726, 0.0748301, 0.0782121, 0.101253, 0.147009, 0.179153, 0.186336, 0.201002, 0.730439, 0.89519, 1, 

114,186,0.001, 0.0550122, 0.0628633, 0.0894817, 0.259203, 0.17412, 0.308819, 0.201002, 0.730439, 0.301476, 0.321507, 0.324127, 0.334152, 1, 

102,223,0.001, 0.0137899, 0.0387907, 0.101688, 0.121103, 0.17412, 0.20813, 0.187472, 0.206164, 0.319541, 0.332037, 1, 

Generation #29
107,188,0.001, 0.00287417, 0.037989, 0.101688, 0.121103, 0.17412, 0.179956, 0.187472, 0.206164, 0.247435, 0.319541, 0.332037, 0.550876, 0.550974, 1, 

106,191,0.001, 0.0450726, 0.0748301, 0.0782121, 0.101253, 0.147009, 0.179153, 0.186336, 0.201002, 0.730439, 0.89519, 1, 

114,186,0.001, 0.0550122, 0.0628633, 0.0894817, 0.259203, 0.17412, 0.308819, 0.201002, 0.730439, 0.301476, 0.321507, 0.324127, 0.334152, 1, 

102,223,0.001, 0.0137899, 0.0387907, 0.101688, 0.121103, 0.17412, 0.20813, 0.187472, 0.206164, 0.319541, 0.332037, 1, 

116,177,0.0392969, 0.001, 0.0137899, 0.0387907, 0.101688, 0.121103, 0.17412, 0.179956, 0.545328, 0.730439, 0.89519, 1, 

Generation #30
107,188,0.001, 0.00287417, 0.037989, 0.101688, 0.121103, 0.17412, 0.179956, 0.187472, 0.206164, 0.247435, 0.319541, 0.332037, 0.550876, 0.550974, 1, 

106,191,0.001, 0.0450726, 0.0748301, 0.0782121, 0.101253, 0.147009, 0.179153, 0.186336, 0.201002, 0.730439, 0.89519, 1, 

114,186,0.001, 0.0550122, 0.0628633, 0.0894817, 0.259203, 0.17412, 0.308819, 0.201002, 0.730439, 0.301476, 0.321507, 0.324127, 0.334152, 1, 

102,223,0.001, 0.0137899, 0.0387907, 0.101688, 0.121103, 0.17412, 0.20813, 0.187472, 0.206164, 0.319541, 0.332037, 1, 

116,177,0.0392969, 0.001, 0.0137899, 0.0387907, 0.101688, 0.121103, 0.17412, 0.179956, 0.545328, 0.730439, 0.89519, 1, 

Generation #31
107,188,0.001, 0.00287417, 0.037989, 0.101688, 0.121103, 0.17412, 0.179956, 0.187472, 0.206164, 0.247435, 0.319541, 0.332037, 0.550876, 0.550974, 1, 

106,191,0.001, 0.0450726, 0.0748301, 0.0782121, 0.101253, 0.147009, 0.179153, 0.186336, 0.201002, 0.730439, 0.89519, 1, 

114,186,0.001, 0.0550122, 0.0628633, 0.0894817, 0.259203, 0.17412, 0.308819, 0.201002, 0.730439, 0.301476, 0.321507, 0.324127, 0.334152, 1, 

102,223,0.001, 0.0137899, 0.0387907, 0.101688, 0.121103, 0.17412, 0.20813, 0.187472, 0.206164, 0.319541, 0.332037, 1, 

116,177,0.0392969, 0.001, 0.0137899, 0.0387907, 0.101688, 0.121103, 0.17412, 0.179956, 0.545328, 0.730439, 0.89519, 1, 

Generation #32
107,188,0.001, 0.00287417, 0.037989, 0.101688, 0.121103, 0.17412, 0.179956, 0.187472, 0.206164, 0.247435, 0.319541, 0.332037, 0.550876, 0.550974, 1, 

106,191,0.001, 0.0450726, 0.0748301, 0.0782121, 0.101253, 0.147009, 0.179153, 0.186336, 0.201002, 0.730439, 0.89519, 1, 

114,186,0.001, 0.0550122, 0.0628633, 0.0894817, 0.259203, 0.17412, 0.308819, 0.201002, 0.730439, 0.301476, 0.321507, 0.324127, 0.334152, 1, 

116,177,0.0392969, 0.001, 0.0137899, 0.0387907, 0.101688, 0.121103, 0.17412, 0.179956, 0.545328, 0.730439, 0.89519, 1, 

100,203,0.001, 0.0371177, 0.0471223, 0.0670719, 0.116116, 0.188589, 0.179956, 0.186336, 0.832184, 1, 

Generation #33
107,188,0.001, 0.00287417, 0.037989, 0.101688, 0.121103, 0.17412, 0.179956, 0.187472, 0.206164, 0.247435, 0.319541, 0.332037, 0.550876, 0.550974, 1, 

106,191,0.001, 0.0450726, 0.0748301, 0.0782121, 0.101253, 0.147009, 0.179153, 0.186336, 0.201002, 0.730439, 0.89519, 1, 

114,186,0.001, 0.0550122, 0.0628633, 0.0894817, 0.259203, 0.17412, 0.308819, 0.201002, 0.730439, 0.301476, 0.321507, 0.324127, 0.334152, 1, 

116,177,0.0392969, 0.001, 0.0137899, 0.0387907, 0.101688, 0.121103, 0.17412, 0.179956, 0.545328, 0.730439, 0.89519, 1, 

100,203,0.001, 0.0371177, 0.0471223, 0.0670719, 0.116116, 0.188589, 0.179956, 0.186336, 0.832184, 1, 

Generation #34
107,188,0.001, 0.00287417, 0.037989, 0.101688, 0.121103, 0.17412, 0.179956, 0.187472, 0.206164, 0.247435, 0.319541, 0.332037, 0.550876, 0.550974, 1, 

106,191,0.001, 0.0450726, 0.0748301, 0.0782121, 0.101253, 0.147009, 0.179153, 0.186336, 0.201002, 0.730439, 0.89519, 1, 

114,186,0.001, 0.0550122, 0.0628633, 0.0894817, 0.259203, 0.17412, 0.308819, 0.201002, 0.730439, 0.301476, 0.321507, 0.324127, 0.334152, 1, 

116,177,0.0392969, 0.001, 0.0137899, 0.0387907, 0.101688, 0.121103, 0.17412, 0.179956, 0.545328, 0.730439, 0.89519, 1, 

100,203,0.001, 0.0371177, 0.0471223, 0.0670719, 0.116116, 0.188589, 0.179956, 0.186336, 0.832184, 1, 

122,175,0.0392969, 0.001, 0.0137899, 0.0387907, 0.121103, 0.17412, 0.179956, 0.187472, 0.247435, 0.319541, 0.332037, 0.550876, 0.550974, 1, 

Generation #35
107,188,0.001, 0.00287417, 0.037989, 0.101688, 0.121103, 0.17412, 0.179956, 0.187472, 0.206164, 0.247435, 0.319541, 0.332037, 0.550876, 0.550974, 1, 

106,191,0.001, 0.0450726, 0.0748301, 0.0782121, 0.101253, 0.147009, 0.179153, 0.186336, 0.201002, 0.730439, 0.89519, 1, 

116,177,0.0392969, 0.001, 0.0137899, 0.0387907, 0.101688, 0.121103, 0.17412, 0.179956, 0.545328, 0.730439, 0.89519, 1, 

100,203,0.001, 0.0371177, 0.0471223, 0.0670719, 0.116116, 0.188589, 0.179956, 0.186336, 0.832184, 1, 

122,175,0.0392969, 0.001, 0.0137899, 0.0387907, 0.121103, 0.17412, 0.179956, 0.187472, 0.247435, 0.319541, 0.332037, 0.550876, 0.550974, 1, 

111,186,0.0392969, 0.001, 0.0137899, 0.0387907, 0.101688, 0.121103, 0.17412, 0.179956, 0.187472, 0.247435, 0.319541, 0.332037, 1, 

Generation #36
107,188,0.001, 0.00287417, 0.037989, 0.101688, 0.121103, 0.17412, 0.179956, 0.187472, 0.206164, 0.247435, 0.319541, 0.332037, 0.550876, 0.550974, 1, 

106,191,0.001, 0.0450726, 0.0748301, 0.0782121, 0.101253, 0.147009, 0.179153, 0.186336, 0.201002, 0.730439, 0.89519, 1, 

100,203,0.001, 0.0371177, 0.0471223, 0.0670719, 0.116116, 0.188589, 0.179956, 0.186336, 0.832184, 1, 

111,186,0.0392969, 0.001, 0.0137899, 0.0387907, 0.101688, 0.121103, 0.17412, 0.179956, 0.187472, 0.247435, 0.319541, 0.332037, 1, 

113,169,0.0392969, 0.001, 0.0137899, 0.0387907, 0.121103, 0.17412, 0.179956, 0.186336, 0.201002, 0.730439, 0.629106, 0.321507, 1, 

Generation #37
107,188,0.001, 0.00287417, 0.037989, 0.101688, 0.121103, 0.17412, 0.179956, 0.187472, 0.206164, 0.247435, 0.319541, 0.332037, 0.550876, 0.550974, 1, 

106,191,0.001, 0.0450726, 0.0748301, 0.0782121, 0.101253, 0.147009, 0.179153, 0.186336, 0.201002, 0.730439, 0.89519, 1, 

100,203,0.001, 0.0371177, 0.0471223, 0.0670719, 0.116116, 0.188589, 0.179956, 0.186336, 0.832184, 1, 

111,186,0.0392969, 0.001, 0.0137899, 0.0387907, 0.101688, 0.121103, 0.17412, 0.179956, 0.187472, 0.247435, 0.319541, 0.332037, 1, 

113,169,0.0392969, 0.001, 0.0137899, 0.0387907, 0.121103, 0.17412, 0.179956, 0.186336, 0.201002, 0.730439, 0.629106, 0.321507, 1, 

115,163,0.0392969, 0.001, 0.0137899, 0.0387907, 0.101688, 0.121103, 0.17412, 0.179956, 0.187472, 0.247435, 0.201002, 0.970196, 0.995331, 1, 

Generation #38
107,188,0.001, 0.00287417, 0.037989, 0.101688, 0.121103, 0.17412, 0.179956, 0.187472, 0.206164, 0.247435, 0.319541, 0.332037, 0.550876, 0.550974, 1, 

100,203,0.001, 0.0371177, 0.0471223, 0.0670719, 0.116116, 0.188589, 0.179956, 0.186336, 0.832184, 1, 

111,186,0.0392969, 0.001, 0.0137899, 0.0387907, 0.101688, 0.121103, 0.17412, 0.179956, 0.187472, 0.247435, 0.319541, 0.332037, 1, 

113,169,0.0392969, 0.001, 0.0137899, 0.0387907, 0.121103, 0.17412, 0.179956, 0.186336, 0.201002, 0.730439, 0.629106, 0.321507, 1, 

115,163,0.0392969, 0.001, 0.0137899, 0.0387907, 0.101688, 0.121103, 0.17412, 0.179956, 0.187472, 0.247435, 0.201002, 0.970196, 0.995331, 1, 

101,191,0.0392969, 0.001, 0.0137899, 0.0387907, 0.101688, 0.147009, 0.16135, 0.251312, 0.293036, 0.730439, 0.89519, 1, 

Generation #39
107,188,0.001, 0.00287417, 0.037989, 0.101688, 0.121103, 0.17412, 0.179956, 0.187472, 0.206164, 0.247435, 0.319541, 0.332037, 0.550876, 0.550974, 1, 

100,203,0.001, 0.0371177, 0.0471223, 0.0670719, 0.116116, 0.188589, 0.179956, 0.186336, 0.832184, 1, 

111,186,0.0392969, 0.001, 0.0137899, 0.0387907, 0.101688, 0.121103, 0.17412, 0.179956, 0.187472, 0.247435, 0.319541, 0.332037, 1, 

113,169,0.0392969, 0.001, 0.0137899, 0.0387907, 0.121103, 0.17412, 0.179956, 0.186336, 0.201002, 0.730439, 0.629106, 0.321507, 1, 

115,163,0.0392969, 0.001, 0.0137899, 0.0387907, 0.101688, 0.121103, 0.17412, 0.179956, 0.187472, 0.247435, 0.201002, 0.970196, 0.995331, 1, 

101,191,0.0392969, 0.001, 0.0137899, 0.0387907, 0.101688, 0.147009, 0.16135, 0.251312, 0.293036, 0.730439, 0.89519, 1, 

Generation #40
107,188,0.001, 0.00287417, 0.037989, 0.101688, 0.121103, 0.17412, 0.179956, 0.187472, 0.206164, 0.247435, 0.319541, 0.332037, 0.550876, 0.550974, 1, 

100,203,0.001, 0.0371177, 0.0471223, 0.0670719, 0.116116, 0.188589, 0.179956, 0.186336, 0.832184, 1, 

111,186,0.0392969, 0.001, 0.0137899, 0.0387907, 0.101688, 0.121103, 0.17412, 0.179956, 0.187472, 0.247435, 0.319541, 0.332037, 1, 

113,169,0.0392969, 0.001, 0.0137899, 0.0387907, 0.121103, 0.17412, 0.179956, 0.186336, 0.201002, 0.730439, 0.629106, 0.321507, 1, 

115,163,0.0392969, 0.001, 0.0137899, 0.0387907, 0.101688, 0.121103, 0.17412, 0.179956, 0.187472, 0.247435, 0.201002, 0.970196, 0.995331, 1, 

101,191,0.0392969, 0.001, 0.0137899, 0.0387907, 0.101688, 0.147009, 0.16135, 0.251312, 0.293036, 0.730439, 0.89519, 1, 

Generation #41
107,188,0.001, 0.00287417, 0.037989, 0.101688, 0.121103, 0.17412, 0.179956, 0.187472, 0.206164, 0.247435, 0.319541, 0.332037, 0.550876, 0.550974, 1, 

100,203,0.001, 0.0371177, 0.0471223, 0.0670719, 0.116116, 0.188589, 0.179956, 0.186336, 0.832184, 1, 

113,169,0.0392969, 0.001, 0.0137899, 0.0387907, 0.121103, 0.17412, 0.179956, 0.186336, 0.201002, 0.730439, 0.629106, 0.321507, 1, 

115,163,0.0392969, 0.001, 0.0137899, 0.0387907, 0.101688, 0.121103, 0.17412, 0.179956, 0.187472, 0.247435, 0.201002, 0.970196, 0.995331, 1, 

101,191,0.0392969, 0.001, 0.0137899, 0.0387907, 0.101688, 0.147009, 0.16135, 0.251312, 0.293036, 0.730439, 0.89519, 1, 

111,181,0.0392969, 0.001, 0.0137899, 0.0387907, 0.101688, 0.121103, 0.17412, 0.179956, 0.206164, 0.247435, 0.319541, 0.332037, 0.550876, 0.550974, 1, 

Generation #42
107,188,0.001, 0.00287417, 0.037989, 0.101688, 0.121103, 0.17412, 0.179956, 0.187472, 0.206164, 0.247435, 0.319541, 0.332037, 0.550876, 0.550974, 1, 

100,203,0.001, 0.0371177, 0.0471223, 0.0670719, 0.116116, 0.188589, 0.179956, 0.186336, 0.832184, 1, 

113,169,0.0392969, 0.001, 0.0137899, 0.0387907, 0.121103, 0.17412, 0.179956, 0.186336, 0.201002, 0.730439, 0.629106, 0.321507, 1, 

115,163,0.0392969, 0.001, 0.0137899, 0.0387907, 0.101688, 0.121103, 0.17412, 0.179956, 0.187472, 0.247435, 0.201002, 0.970196, 0.995331, 1, 

101,191,0.0392969, 0.001, 0.0137899, 0.0387907, 0.101688, 0.147009, 0.16135, 0.251312, 0.293036, 0.730439, 0.89519, 1, 

111,181,0.0392969, 0.001, 0.0137899, 0.0387907, 0.101688, 0.121103, 0.17412, 0.179956, 0.206164, 0.247435, 0.319541, 0.332037, 0.550876, 0.550974, 1, 

Generation #43
107,188,0.001, 0.00287417, 0.037989, 0.101688, 0.121103, 0.17412, 0.179956, 0.187472, 0.206164, 0.247435, 0.319541, 0.332037, 0.550876, 0.550974, 1, 

100,203,0.001, 0.0371177, 0.0471223, 0.0670719, 0.116116, 0.188589, 0.179956, 0.186336, 0.832184, 1, 

113,169,0.0392969, 0.001, 0.0137899, 0.0387907, 0.121103, 0.17412, 0.179956, 0.186336, 0.201002, 0.730439, 0.629106, 0.321507, 1, 

115,163,0.0392969, 0.001, 0.0137899, 0.0387907, 0.101688, 0.121103, 0.17412, 0.179956, 0.187472, 0.247435, 0.201002, 0.970196, 0.995331, 1, 

101,191,0.0392969, 0.001, 0.0137899, 0.0387907, 0.101688, 0.147009, 0.16135, 0.251312, 0.293036, 0.730439, 0.89519, 1, 

111,181,0.0392969, 0.001, 0.0137899, 0.0387907, 0.101688, 0.121103, 0.17412, 0.179956, 0.206164, 0.247435, 0.319541, 0.332037, 0.550876, 0.550974, 1, 

Generation #44
100,203,0.001, 0.0371177, 0.0471223, 0.0670719, 0.116116, 0.188589, 0.179956, 0.186336, 0.832184, 1, 

113,169,0.0392969, 0.001, 0.0137899, 0.0387907, 0.121103, 0.17412, 0.179956, 0.186336, 0.201002, 0.730439, 0.629106, 0.321507, 1, 

115,163,0.0392969, 0.001, 0.0137899, 0.0387907, 0.101688, 0.121103, 0.17412, 0.179956, 0.187472, 0.247435, 0.201002, 0.970196, 0.995331, 1, 

101,191,0.0392969, 0.001, 0.0137899, 0.0387907, 0.101688, 0.147009, 0.16135, 0.251312, 0.293036, 0.730439, 0.89519, 1, 

111,181,0.0392969, 0.001, 0.0137899, 0.0387907, 0.101688, 0.121103, 0.17412, 0.179956, 0.206164, 0.247435, 0.319541, 0.332037, 0.550876, 0.550974, 1, 

104,183,0.0392969, 0.001, 0.0137899, 0.0387907, 0.101688, 0.147009, 0.179153, 0.201002, 0.184391, 0.301476, 0.321507, 1, 

Generation #45
100,203,0.001, 0.0371177, 0.0471223, 0.0670719, 0.116116, 0.188589, 0.179956, 0.186336, 0.832184, 1, 

113,169,0.0392969, 0.001, 0.0137899, 0.0387907, 0.121103, 0.17412, 0.179956, 0.186336, 0.201002, 0.730439, 0.629106, 0.321507, 1, 

115,163,0.0392969, 0.001, 0.0137899, 0.0387907, 0.101688, 0.121103, 0.17412, 0.179956, 0.187472, 0.247435, 0.201002, 0.970196, 0.995331, 1, 

101,191,0.0392969, 0.001, 0.0137899, 0.0387907, 0.101688, 0.147009, 0.16135, 0.251312, 0.293036, 0.730439, 0.89519, 1, 

111,181,0.0392969, 0.001, 0.0137899, 0.0387907, 0.101688, 0.121103, 0.17412, 0.179956, 0.206164, 0.247435, 0.319541, 0.332037, 0.550876, 0.550974, 1, 

104,183,0.0392969, 0.001, 0.0137899, 0.0387907, 0.101688, 0.147009, 0.179153, 0.201002, 0.184391, 0.301476, 0.321507, 1, 

Generation #46
100,203,0.001, 0.0371177, 0.0471223, 0.0670719, 0.116116, 0.188589, 0.179956, 0.186336, 0.832184, 1, 

113,169,0.0392969, 0.001, 0.0137899, 0.0387907, 0.121103, 0.17412, 0.179956, 0.186336, 0.201002, 0.730439, 0.629106, 0.321507, 1, 

115,163,0.0392969, 0.001, 0.0137899, 0.0387907, 0.101688, 0.121103, 0.17412, 0.179956, 0.187472, 0.247435, 0.201002, 0.970196, 0.995331, 1, 

101,191,0.0392969, 0.001, 0.0137899, 0.0387907, 0.101688, 0.147009, 0.16135, 0.251312, 0.293036, 0.730439, 0.89519, 1, 

111,181,0.0392969, 0.001, 0.0137899, 0.0387907, 0.101688, 0.121103, 0.17412, 0.179956, 0.206164, 0.247435, 0.319541, 0.332037, 0.550876, 0.550974, 1, 

104,183,0.0392969, 0.001, 0.0137899, 0.0387907, 0.101688, 0.147009, 0.179153, 0.201002, 0.184391, 0.301476, 0.321507, 1, 

Generation #47
100,203,0.001, 0.0371177, 0.0471223, 0.0670719, 0.116116, 0.188589, 0.179956, 0.186336, 0.832184, 1, 

113,169,0.0392969, 0.001, 0.0137899, 0.0387907, 0.121103, 0.17412, 0.179956, 0.186336, 0.201002, 0.730439, 0.629106, 0.321507, 1, 

115,163,0.0392969, 0.001, 0.0137899, 0.0387907, 0.101688, 0.121103, 0.17412, 0.179956, 0.187472, 0.247435, 0.201002, 0.970196, 0.995331, 1, 

101,191,0.0392969, 0.001, 0.0137899, 0.0387907, 0.101688, 0.147009, 0.16135, 0.251312, 0.293036, 0.730439, 0.89519, 1, 

104,183,0.0392969, 0.001, 0.0137899, 0.0387907, 0.101688, 0.147009, 0.179153, 0.201002, 0.184391, 0.301476, 0.321507, 1, 

110,175,0.0392969, 0.0137899, 0.0137899, 0.0387907, 0.101688, 0.121103, 0.17412, 0.179956, 0.206164, 0.247435, 0.319541, 0.332037, 0.550876, 0.550974, 1, 

Generation #48
100,203,0.001, 0.0371177, 0.0471223, 0.0670719, 0.116116, 0.188589, 0.179956, 0.186336, 0.832184, 1, 

113,169,0.0392969, 0.001, 0.0137899, 0.0387907, 0.121103, 0.17412, 0.179956, 0.186336, 0.201002, 0.730439, 0.629106, 0.321507, 1, 

115,163,0.0392969, 0.001, 0.0137899, 0.0387907, 0.101688, 0.121103, 0.17412, 0.179956, 0.187472, 0.247435, 0.201002, 0.970196, 0.995331, 1, 

101,191,0.0392969, 0.001, 0.0137899, 0.0387907, 0.101688, 0.147009, 0.16135, 0.251312, 0.293036, 0.730439, 0.89519, 1, 

104,183,0.0392969, 0.001, 0.0137899, 0.0387907, 0.101688, 0.147009, 0.179153, 0.201002, 0.184391, 0.301476, 0.321507, 1, 

110,175,0.0392969, 0.0137899, 0.0137899, 0.0387907, 0.101688, 0.121103, 0.17412, 0.179956, 0.206164, 0.247435, 0.319541, 0.332037, 0.550876, 0.550974, 1, 

112,170,0.0392969, 0.001, 0.0137899, 0.0387907, 0.101688, 0.121103, 0.179153, 0.186336, 0.201002, 0.184391, 0.301476, 0.550876, 0.334152, 0.336626, 1, 

Generation #49
100,203,0.001, 0.0371177, 0.0471223, 0.0670719, 0.116116, 0.188589, 0.179956, 0.186336, 0.832184, 1, 

113,169,0.0392969, 0.001, 0.0137899, 0.0387907, 0.121103, 0.17412, 0.179956, 0.186336, 0.201002, 0.730439, 0.629106, 0.321507, 1, 

115,163,0.0392969, 0.001, 0.0137899, 0.0387907, 0.101688, 0.121103, 0.17412, 0.179956, 0.187472, 0.247435, 0.201002, 0.970196, 0.995331, 1, 

101,191,0.0392969, 0.001, 0.0137899, 0.0387907, 0.101688, 0.147009, 0.16135, 0.251312, 0.293036, 0.730439, 0.89519, 1, 

104,183,0.0392969, 0.001, 0.0137899, 0.0387907, 0.101688, 0.147009, 0.179153, 0.201002, 0.184391, 0.301476, 0.321507, 1, 

110,175,0.0392969, 0.0137899, 0.0137899, 0.0387907, 0.101688, 0.121103, 0.17412, 0.179956, 0.206164, 0.247435, 0.319541, 0.332037, 0.550876, 0.550974, 1, 

112,170,0.0392969, 0.001, 0.0137899, 0.0387907, 0.101688, 0.121103, 0.179153, 0.186336, 0.201002, 0.184391, 0.301476, 0.550876, 0.334152, 0.336626, 1, 

106,177,0.0392969, 0.001, 0.0137899, 0.0387907, 0.101688, 0.121103, 0.17412, 0.187472, 0.206164, 0.247435, 0.319541, 1, 

102,188,0.0392969, 0.001, 0.0137899, 0.0387907, 0.101688, 0.188589, 0.179956, 0.187472, 0.206164, 0.247435, 0.319541, 0.117622, 0.550974, 1, 

--- Pareto Front Solutions ---
Solution 0: N total=220 (N_initial=120, N_added=100), Time total=214 ms, Saved to: ./results/Wireless_t2_l4_pareto_0.csv, percents=0.001, 0.0371177, 0.0471223, 0.0670719, 0.116116, 0.188589, 0.179956, 0.186336, 0.832184, 1, 

Solution 1: N total=233 (N_initial=120, N_added=113), Time total=180 ms, Saved to: ./results/Wireless_t2_l4_pareto_1.csv, percents=0.0392969, 0.001, 0.0137899, 0.0387907, 0.121103, 0.17412, 0.179956, 0.186336, 0.201002, 0.730439, 0.629106, 0.321507, 1, 

Solution 2: N total=235 (N_initial=120, N_added=115), Time total=174 ms, Saved to: ./results/Wireless_t2_l4_pareto_2.csv, percents=0.0392969, 0.001, 0.0137899, 0.0387907, 0.101688, 0.121103, 0.17412, 0.179956, 0.187472, 0.247435, 0.201002, 0.970196, 0.995331, 1, 

Solution 3: N total=221 (N_initial=120, N_added=101), Time total=202 ms, Saved to: ./results/Wireless_t2_l4_pareto_3.csv, percents=0.0392969, 0.001, 0.0137899, 0.0387907, 0.101688, 0.147009, 0.16135, 0.251312, 0.293036, 0.730439, 0.89519, 1, 

Solution 4: N total=224 (N_initial=120, N_added=104), Time total=194 ms, Saved to: ./results/Wireless_t2_l4_pareto_4.csv, percents=0.0392969, 0.001, 0.0137899, 0.0387907, 0.101688, 0.147009, 0.179153, 0.201002, 0.184391, 0.301476, 0.321507, 1, 

Solution 5: N total=230 (N_initial=120, N_added=110), Time total=186 ms, Saved to: ./results/Wireless_t2_l4_pareto_5.csv, percents=0.0392969, 0.0137899, 0.0137899, 0.0387907, 0.101688, 0.121103, 0.17412, 0.179956, 0.206164, 0.247435, 0.319541, 0.332037, 0.550876, 0.550974, 1, 

Solution 6: N total=232 (N_initial=120, N_added=112), Time total=181 ms, Saved to: ./results/Wireless_t2_l4_pareto_6.csv, percents=0.0392969, 0.001, 0.0137899, 0.0387907, 0.101688, 0.121103, 0.179153, 0.186336, 0.201002, 0.184391, 0.301476, 0.550876, 0.334152, 0.336626, 1, 

Solution 7: N total=226 (N_initial=120, N_added=106), Time total=188 ms, Saved to: ./results/Wireless_t2_l4_pareto_7.csv, percents=0.0392969, 0.001, 0.0137899, 0.0387907, 0.101688, 0.121103, 0.17412, 0.187472, 0.206164, 0.247435, 0.319541, 1, 

Solution 8: N total=222 (N_initial=120, N_added=102), Time total=199 ms, Saved to: ./results/Wireless_t2_l4_pareto_8.csv, percents=0.0392969, 0.001, 0.0137899, 0.0387907, 0.101688, 0.188589, 0.179956, 0.187472, 0.206164, 0.247435, 0.319541, 0.117622, 0.550974, 1, 

