------------d=1, t=2, lambda=1, filename=./evaluation/Apache/Apache_2_1.csv------------
Computing partitioned counts of d-sets...
Ready to look at pairs based on partitioned counts...
First Stage N=60, Time=169
There are 1256 remaining non-locating pairs
--- Running GA Algorithm (phase2) ---
Running GA with std::execution::par
Generation #0
46,303,0.001, 0.00563984, 0.0472926, 0.0698625, 0.0751163, 0.198198, 0.226628, 0.274555, 0.301448, 0.330416, 0.408317, 0.413537, 0.600954, 0.665264, 0.673547, 0.693171, 0.748014, 0.773028, 0.803385, 0.892334, 0.903401, 1, 

36,733,0.001, 0.139605, 0.219523, 0.33745, 0.371203, 0.465486, 0.467519, 0.710549, 0.845754, 0.979017, 1, 

39,712,0.001, 0.0537338, 0.106666, 0.111303, 0.348809, 0.39629, 0.452333, 0.476821, 0.529451, 0.635177, 0.648952, 0.726148, 0.943837, 0.951523, 1, 

41,505,0.001, 0.0498482, 0.216652, 0.249468, 0.280081, 0.356849, 0.456092, 0.578588, 0.814896, 0.815772, 0.872318, 0.886671, 0.887786, 1, 

42,349,0.001, 0.0485364, 0.0638381, 0.103473, 0.112512, 0.157387, 0.207509, 0.233497, 0.34024, 0.425078, 0.623749, 0.642961, 0.77327, 0.821051, 0.86027, 0.97724, 1, 

Generation #1
36,300,0.001, 0.0472392, 0.0794125, 0.141696, 0.194206, 0.22622, 0.254485, 0.372164, 0.393958, 0.397675, 0.398864, 0.409995, 0.789084, 1, 

38,161,0.001, 0.0219461, 0.0261442, 0.0262016, 0.0663368, 0.100799, 0.164494, 0.217953, 0.230267, 0.239707, 0.475426, 0.477239, 0.118438, 0.902875, 0.966634, 1, 

34,604,0.001, 0.143029, 0.0638381, 0.103473, 0.112512, 0.157387, 0.207509, 0.233497, 0.34024, 0.999048, 1, 

Generation #2
36,300,0.001, 0.0472392, 0.0794125, 0.141696, 0.194206, 0.22622, 0.254485, 0.372164, 0.393958, 0.397675, 0.398864, 0.409995, 0.789084, 1, 

38,161,0.001, 0.0219461, 0.0261442, 0.0262016, 0.0663368, 0.100799, 0.164494, 0.217953, 0.230267, 0.239707, 0.475426, 0.477239, 0.118438, 0.902875, 0.966634, 1, 

34,604,0.001, 0.143029, 0.0638381, 0.103473, 0.112512, 0.157387, 0.207509, 0.233497, 0.34024, 0.999048, 1, 

35,507,0.001, 0.0485364, 0.0638381, 0.103473, 0.112512, 0.656133, 0.80047, 0.927298, 0.950905, 0.373272, 1, 

Generation #3
38,161,0.001, 0.0219461, 0.0261442, 0.0262016, 0.0663368, 0.100799, 0.164494, 0.217953, 0.230267, 0.239707, 0.475426, 0.477239, 0.118438, 0.902875, 0.966634, 1, 

34,200,0.001, 0.016831, 0.0528152, 0.0980615, 0.0822332, 0.106911, 0.119235, 0.150345, 0.17776, 0.411488, 1, 

Generation #4
38,161,0.001, 0.0219461, 0.0261442, 0.0262016, 0.0663368, 0.100799, 0.164494, 0.217953, 0.230267, 0.239707, 0.475426, 0.477239, 0.118438, 0.902875, 0.966634, 1, 

34,200,0.001, 0.016831, 0.0528152, 0.0980615, 0.0822332, 0.106911, 0.119235, 0.150345, 0.17776, 0.411488, 1, 

35,189,0.001, 0.0266537, 0.037516, 0.040253, 0.075425, 0.14546, 0.0541736, 0.905804, 0.913058, 0.700314, 0.939807, 1, 

Generation #5
38,161,0.001, 0.0219461, 0.0261442, 0.0262016, 0.0663368, 0.100799, 0.164494, 0.217953, 0.230267, 0.239707, 0.475426, 0.477239, 0.118438, 0.902875, 0.966634, 1, 

34,200,0.001, 0.016831, 0.0528152, 0.0980615, 0.0822332, 0.106911, 0.119235, 0.150345, 0.17776, 0.411488, 1, 

35,189,0.001, 0.0266537, 0.037516, 0.040253, 0.075425, 0.14546, 0.0541736, 0.905804, 0.913058, 0.700314, 0.939807, 1, 

Generation #6
38,161,0.001, 0.0219461, 0.0261442, 0.0262016, 0.0663368, 0.100799, 0.164494, 0.217953, 0.230267, 0.239707, 0.475426, 0.477239, 0.118438, 0.902875, 0.966634, 1, 

33,165,0.001, 0.0219461, 0.0261442, 0.0262016, 0.0663368, 0.100799, 0.164494, 0.217953, 0.230267, 0.999048, 1, 

Generation #7
38,161,0.001, 0.0219461, 0.0261442, 0.0262016, 0.0663368, 0.100799, 0.164494, 0.217953, 0.230267, 0.239707, 0.475426, 0.477239, 0.118438, 0.902875, 0.966634, 1, 

33,165,0.001, 0.0219461, 0.0261442, 0.0262016, 0.0663368, 0.100799, 0.164494, 0.217953, 0.230267, 0.999048, 1, 

Generation #8
38,161,0.001, 0.0219461, 0.0261442, 0.0262016, 0.0663368, 0.100799, 0.164494, 0.217953, 0.230267, 0.239707, 0.475426, 0.477239, 0.118438, 0.902875, 0.966634, 1, 

33,165,0.001, 0.0219461, 0.0261442, 0.0262016, 0.0663368, 0.100799, 0.164494, 0.217953, 0.230267, 0.999048, 1, 

32,213,0.001, 0.0266537, 0.037516, 0.040253, 0.075425, 0.14546, 0.0541736, 0.230267, 1, 

36,164,0.001, 0.0254464, 0.0366954, 0.0698214, 0.0663368, 0.100799, 0.164494, 0.217953, 0.230267, 0.525582, 0.939807, 1, 

Generation #9
33,165,0.001, 0.0219461, 0.0261442, 0.0262016, 0.0663368, 0.100799, 0.164494, 0.217953, 0.230267, 0.999048, 1, 

32,213,0.001, 0.0266537, 0.037516, 0.040253, 0.075425, 0.14546, 0.0541736, 0.230267, 1, 

35,144,0.001, 0.0219461, 0.0261442, 0.0262016, 0.0663368, 0.100799, 0.164494, 0.150345, 0.17776, 0.411488, 1, 

Generation #10
33,165,0.001, 0.0219461, 0.0261442, 0.0262016, 0.0663368, 0.100799, 0.164494, 0.217953, 0.230267, 0.999048, 1, 

35,144,0.001, 0.0219461, 0.0261442, 0.0262016, 0.0663368, 0.100799, 0.164494, 0.150345, 0.17776, 0.411488, 1, 

31,210,0.001, 0.0219461, 0.0261442, 0.0262016, 0.0663368, 0.100799, 0.164494, 0.217953, 0.939807, 1, 

Generation #11
33,165,0.001, 0.0219461, 0.0261442, 0.0262016, 0.0663368, 0.100799, 0.164494, 0.217953, 0.230267, 0.999048, 1, 

35,144,0.001, 0.0219461, 0.0261442, 0.0262016, 0.0663368, 0.100799, 0.164494, 0.150345, 0.17776, 0.411488, 1, 

31,191,0.001, 0.0219461, 0.0261442, 0.0262016, 0.0663368, 0.21551, 0.164494, 0.150345, 1, 

Generation #12
33,165,0.001, 0.0219461, 0.0261442, 0.0262016, 0.0663368, 0.100799, 0.164494, 0.217953, 0.230267, 0.999048, 1, 

35,144,0.001, 0.0219461, 0.0261442, 0.0262016, 0.0663368, 0.100799, 0.164494, 0.150345, 0.17776, 0.411488, 1, 

31,176,0.001, 0.016831, 0.0528152, 0.0822332, 0.106911, 0.119235, 0.150345, 0.17776, 0.411488, 1, 

Generation #13
33,165,0.001, 0.0219461, 0.0261442, 0.0262016, 0.0663368, 0.100799, 0.164494, 0.217953, 0.230267, 0.999048, 1, 

35,144,0.001, 0.0219461, 0.0261442, 0.0262016, 0.0663368, 0.100799, 0.164494, 0.150345, 0.17776, 0.411488, 1, 

31,176,0.001, 0.016831, 0.0528152, 0.0822332, 0.106911, 0.119235, 0.150345, 0.17776, 0.411488, 1, 

Generation #14
33,165,0.001, 0.0219461, 0.0261442, 0.0262016, 0.0663368, 0.100799, 0.164494, 0.217953, 0.230267, 0.999048, 1, 

35,144,0.001, 0.0219461, 0.0261442, 0.0262016, 0.0663368, 0.100799, 0.164494, 0.150345, 0.17776, 0.411488, 1, 

31,176,0.001, 0.016831, 0.0528152, 0.0822332, 0.106911, 0.119235, 0.150345, 0.17776, 0.411488, 1, 

Generation #15
33,165,0.001, 0.0219461, 0.0261442, 0.0262016, 0.0663368, 0.100799, 0.164494, 0.217953, 0.230267, 0.999048, 1, 

35,144,0.001, 0.0219461, 0.0261442, 0.0262016, 0.0663368, 0.100799, 0.164494, 0.150345, 0.17776, 0.411488, 1, 

31,176,0.001, 0.016831, 0.0528152, 0.0822332, 0.106911, 0.119235, 0.150345, 0.17776, 0.411488, 1, 

Generation #16
33,165,0.001, 0.0219461, 0.0261442, 0.0262016, 0.0663368, 0.100799, 0.164494, 0.217953, 0.230267, 0.999048, 1, 

35,144,0.001, 0.0219461, 0.0261442, 0.0262016, 0.0663368, 0.100799, 0.164494, 0.150345, 0.17776, 0.411488, 1, 

31,176,0.001, 0.016831, 0.0528152, 0.0822332, 0.106911, 0.119235, 0.150345, 0.17776, 0.411488, 1, 

Generation #17
33,165,0.001, 0.0219461, 0.0261442, 0.0262016, 0.0663368, 0.100799, 0.164494, 0.217953, 0.230267, 0.999048, 1, 

35,144,0.001, 0.0219461, 0.0261442, 0.0262016, 0.0663368, 0.100799, 0.164494, 0.150345, 0.17776, 0.411488, 1, 

31,176,0.001, 0.016831, 0.0528152, 0.0822332, 0.106911, 0.119235, 0.150345, 0.17776, 0.411488, 1, 

Generation #18
35,144,0.001, 0.0219461, 0.0261442, 0.0262016, 0.0663368, 0.100799, 0.164494, 0.150345, 0.17776, 0.411488, 1, 

31,176,0.001, 0.016831, 0.0528152, 0.0822332, 0.106911, 0.119235, 0.150345, 0.17776, 0.411488, 1, 

33,164,0.001, 0.0219461, 0.0261442, 0.0262016, 0.0663368, 0.100799, 0.119235, 0.17776, 0.411488, 1, 

30,275,0.00995861, 0.001, 0.0219461, 0.0262016, 0.0663368, 0.21551, 0.164494, 0.150345, 1, 

Generation #19
35,144,0.001, 0.0219461, 0.0261442, 0.0262016, 0.0663368, 0.100799, 0.164494, 0.150345, 0.17776, 0.411488, 1, 

31,176,0.001, 0.016831, 0.0528152, 0.0822332, 0.106911, 0.119235, 0.150345, 0.17776, 0.411488, 1, 

30,275,0.00995861, 0.001, 0.0219461, 0.0262016, 0.0663368, 0.21551, 0.164494, 0.150345, 1, 

33,158,0.001, 0.0219461, 0.0261442, 0.0262016, 0.0663368, 0.100799, 0.164494, 0.150345, 0.239707, 1, 

Generation #20
35,144,0.001, 0.0219461, 0.0261442, 0.0262016, 0.0663368, 0.100799, 0.164494, 0.150345, 0.17776, 0.411488, 1, 

31,176,0.001, 0.016831, 0.0528152, 0.0822332, 0.106911, 0.119235, 0.150345, 0.17776, 0.411488, 1, 

33,158,0.001, 0.0219461, 0.0261442, 0.0262016, 0.0663368, 0.100799, 0.164494, 0.150345, 0.239707, 1, 

30,268,0.001, 0.001, 0.0219461, 0.0262016, 0.0663368, 0.21551, 0.164494, 0.150345, 1, 

Generation #21
35,144,0.001, 0.0219461, 0.0261442, 0.0262016, 0.0663368, 0.100799, 0.164494, 0.150345, 0.17776, 0.411488, 1, 

31,176,0.001, 0.016831, 0.0528152, 0.0822332, 0.106911, 0.119235, 0.150345, 0.17776, 0.411488, 1, 

30,268,0.001, 0.001, 0.0219461, 0.0262016, 0.0663368, 0.21551, 0.164494, 0.150345, 1, 

33,153,0.001, 0.016831, 0.0261442, 0.0262016, 0.0663368, 0.100799, 0.164494, 0.217953, 0.939807, 1, 

Generation #22
35,144,0.001, 0.0219461, 0.0261442, 0.0262016, 0.0663368, 0.100799, 0.164494, 0.150345, 0.17776, 0.411488, 1, 

31,176,0.001, 0.016831, 0.0528152, 0.0822332, 0.106911, 0.119235, 0.150345, 0.17776, 0.411488, 1, 

30,268,0.001, 0.001, 0.0219461, 0.0262016, 0.0663368, 0.21551, 0.164494, 0.150345, 1, 

33,153,0.001, 0.016831, 0.0261442, 0.0262016, 0.0663368, 0.100799, 0.164494, 0.217953, 0.939807, 1, 

Generation #23
35,144,0.001, 0.0219461, 0.0261442, 0.0262016, 0.0663368, 0.100799, 0.164494, 0.150345, 0.17776, 0.411488, 1, 

30,268,0.001, 0.001, 0.0219461, 0.0262016, 0.0663368, 0.21551, 0.164494, 0.150345, 1, 

33,153,0.001, 0.016831, 0.0261442, 0.0262016, 0.0663368, 0.100799, 0.164494, 0.217953, 0.939807, 1, 

31,166,0.00995861, 0.001, 0.0219461, 0.0261442, 0.0262016, 0.0663368, 0.164494, 0.150345, 0.239707, 0.239707, 1, 

Generation #24
35,144,0.001, 0.0219461, 0.0261442, 0.0262016, 0.0663368, 0.100799, 0.164494, 0.150345, 0.17776, 0.411488, 1, 

30,268,0.001, 0.001, 0.0219461, 0.0262016, 0.0663368, 0.21551, 0.164494, 0.150345, 1, 

33,153,0.001, 0.016831, 0.0261442, 0.0262016, 0.0663368, 0.100799, 0.164494, 0.217953, 0.939807, 1, 

31,166,0.00995861, 0.001, 0.0219461, 0.0261442, 0.0262016, 0.0663368, 0.164494, 0.150345, 0.239707, 0.239707, 1, 

Generation #25
35,144,0.001, 0.0219461, 0.0261442, 0.0262016, 0.0663368, 0.100799, 0.164494, 0.150345, 0.17776, 0.411488, 1, 

30,268,0.001, 0.001, 0.0219461, 0.0262016, 0.0663368, 0.21551, 0.164494, 0.150345, 1, 

33,153,0.001, 0.016831, 0.0261442, 0.0262016, 0.0663368, 0.100799, 0.164494, 0.217953, 0.939807, 1, 

31,166,0.00995861, 0.001, 0.0219461, 0.0261442, 0.0262016, 0.0663368, 0.164494, 0.150345, 0.239707, 0.239707, 1, 

Generation #26
35,144,0.001, 0.0219461, 0.0261442, 0.0262016, 0.0663368, 0.100799, 0.164494, 0.150345, 0.17776, 0.411488, 1, 

30,268,0.001, 0.001, 0.0219461, 0.0262016, 0.0663368, 0.21551, 0.164494, 0.150345, 1, 

33,153,0.001, 0.016831, 0.0261442, 0.0262016, 0.0663368, 0.100799, 0.164494, 0.217953, 0.939807, 1, 

31,166,0.00995861, 0.001, 0.0219461, 0.0261442, 0.0262016, 0.0663368, 0.164494, 0.150345, 0.239707, 0.239707, 1, 

Generation #27
35,144,0.001, 0.0219461, 0.0261442, 0.0262016, 0.0663368, 0.100799, 0.164494, 0.150345, 0.17776, 0.411488, 1, 

30,268,0.001, 0.001, 0.0219461, 0.0262016, 0.0663368, 0.21551, 0.164494, 0.150345, 1, 

33,153,0.001, 0.016831, 0.0261442, 0.0262016, 0.0663368, 0.100799, 0.164494, 0.217953, 0.939807, 1, 

31,166,0.00995861, 0.001, 0.0219461, 0.0261442, 0.0262016, 0.0663368, 0.164494, 0.150345, 0.239707, 0.239707, 1, 

Generation #28
35,144,0.001, 0.0219461, 0.0261442, 0.0262016, 0.0663368, 0.100799, 0.164494, 0.150345, 0.17776, 0.411488, 1, 

30,268,0.001, 0.001, 0.0219461, 0.0262016, 0.0663368, 0.21551, 0.164494, 0.150345, 1, 

33,153,0.001, 0.016831, 0.0261442, 0.0262016, 0.0663368, 0.100799, 0.164494, 0.217953, 0.939807, 1, 

31,166,0.00995861, 0.001, 0.0219461, 0.0261442, 0.0262016, 0.0663368, 0.164494, 0.150345, 0.239707, 0.239707, 1, 

Generation #29
30,268,0.001, 0.001, 0.0219461, 0.0262016, 0.0663368, 0.21551, 0.164494, 0.150345, 1, 

33,153,0.001, 0.016831, 0.0261442, 0.0262016, 0.0663368, 0.100799, 0.164494, 0.217953, 0.939807, 1, 

31,166,0.00995861, 0.001, 0.0219461, 0.0261442, 0.0262016, 0.0663368, 0.164494, 0.150345, 0.239707, 0.239707, 1, 

34,137,0.00995861, 0.0219461, 0.0261442, 0.0262016, 0.0663368, 0.100799, 0.164494, 0.217953, 0.230267, 0.999048, 1, 

Generation #30
30,268,0.001, 0.001, 0.0219461, 0.0262016, 0.0663368, 0.21551, 0.164494, 0.150345, 1, 

33,153,0.001, 0.016831, 0.0261442, 0.0262016, 0.0663368, 0.100799, 0.164494, 0.217953, 0.939807, 1, 

31,166,0.00995861, 0.001, 0.0219461, 0.0261442, 0.0262016, 0.0663368, 0.164494, 0.150345, 0.239707, 0.239707, 1, 

34,137,0.00995861, 0.0219461, 0.0261442, 0.0262016, 0.0663368, 0.100799, 0.164494, 0.217953, 0.230267, 0.999048, 1, 

Generation #31
34,137,0.00995861, 0.0219461, 0.0261442, 0.0262016, 0.0663368, 0.100799, 0.164494, 0.217953, 0.230267, 0.999048, 1, 

30,149,0.00995861, 0.001, 0.0219461, 0.0261442, 0.0663368, 0.100799, 0.164494, 0.150345, 0.239707, 1, 

Generation #32
34,137,0.00995861, 0.0219461, 0.0261442, 0.0262016, 0.0663368, 0.100799, 0.164494, 0.217953, 0.230267, 0.999048, 1, 

30,149,0.00995861, 0.001, 0.0219461, 0.0261442, 0.0663368, 0.100799, 0.164494, 0.150345, 0.239707, 1, 

Generation #33
34,137,0.00995861, 0.0219461, 0.0261442, 0.0262016, 0.0663368, 0.100799, 0.164494, 0.217953, 0.230267, 0.999048, 1, 

30,149,0.00995861, 0.001, 0.0219461, 0.0261442, 0.0663368, 0.100799, 0.164494, 0.150345, 0.239707, 1, 

Generation #34
34,137,0.00995861, 0.0219461, 0.0261442, 0.0262016, 0.0663368, 0.100799, 0.164494, 0.217953, 0.230267, 0.999048, 1, 

30,149,0.00995861, 0.001, 0.0219461, 0.0261442, 0.0663368, 0.100799, 0.164494, 0.150345, 0.239707, 1, 

Generation #35
34,137,0.00995861, 0.0219461, 0.0261442, 0.0262016, 0.0663368, 0.100799, 0.164494, 0.217953, 0.230267, 0.999048, 1, 

30,149,0.00995861, 0.001, 0.0219461, 0.0261442, 0.0663368, 0.100799, 0.164494, 0.150345, 0.239707, 1, 

Generation #36
34,137,0.00995861, 0.0219461, 0.0261442, 0.0262016, 0.0663368, 0.100799, 0.164494, 0.217953, 0.230267, 0.999048, 1, 

30,149,0.00995861, 0.001, 0.0219461, 0.0261442, 0.0663368, 0.100799, 0.164494, 0.150345, 0.239707, 1, 

Generation #37
34,137,0.00995861, 0.0219461, 0.0261442, 0.0262016, 0.0663368, 0.100799, 0.164494, 0.217953, 0.230267, 0.999048, 1, 

30,149,0.00995861, 0.001, 0.0219461, 0.0261442, 0.0663368, 0.100799, 0.164494, 0.150345, 0.239707, 1, 

Generation #38
34,137,0.00995861, 0.0219461, 0.0261442, 0.0262016, 0.0663368, 0.100799, 0.164494, 0.217953, 0.230267, 0.999048, 1, 

30,149,0.00995861, 0.001, 0.0219461, 0.0261442, 0.0663368, 0.100799, 0.164494, 0.150345, 0.239707, 1, 

Generation #39
34,137,0.00995861, 0.0219461, 0.0261442, 0.0262016, 0.0663368, 0.100799, 0.164494, 0.217953, 0.230267, 0.999048, 1, 

30,149,0.00995861, 0.001, 0.0219461, 0.0261442, 0.0663368, 0.100799, 0.164494, 0.150345, 0.239707, 1, 

Generation #40
34,137,0.00995861, 0.0219461, 0.0261442, 0.0262016, 0.0663368, 0.100799, 0.164494, 0.217953, 0.230267, 0.999048, 1, 

30,149,0.00995861, 0.001, 0.0219461, 0.0261442, 0.0663368, 0.100799, 0.164494, 0.150345, 0.239707, 1, 

Generation #41
34,137,0.00995861, 0.0219461, 0.0261442, 0.0262016, 0.0663368, 0.100799, 0.164494, 0.217953, 0.230267, 0.999048, 1, 

30,149,0.00995861, 0.001, 0.0219461, 0.0261442, 0.0663368, 0.100799, 0.164494, 0.150345, 0.239707, 1, 

Generation #42
34,137,0.00995861, 0.0219461, 0.0261442, 0.0262016, 0.0663368, 0.100799, 0.164494, 0.217953, 0.230267, 0.999048, 1, 

30,149,0.00995861, 0.001, 0.0219461, 0.0261442, 0.0663368, 0.100799, 0.164494, 0.150345, 0.239707, 1, 

29,401,0.00995861, 0.001, 0.0219461, 0.0261442, 0.0262016, 0.0663368, 0.100799, 1, 

Generation #43
34,137,0.00995861, 0.0219461, 0.0261442, 0.0262016, 0.0663368, 0.100799, 0.164494, 0.217953, 0.230267, 0.999048, 1, 

30,149,0.00995861, 0.001, 0.0219461, 0.0261442, 0.0663368, 0.100799, 0.164494, 0.150345, 0.239707, 1, 

29,401,0.00995861, 0.001, 0.0219461, 0.0261442, 0.0262016, 0.0663368, 0.100799, 1, 

Generation #44
34,137,0.00995861, 0.0219461, 0.0261442, 0.0262016, 0.0663368, 0.100799, 0.164494, 0.217953, 0.230267, 0.999048, 1, 

30,149,0.00995861, 0.001, 0.0219461, 0.0261442, 0.0663368, 0.100799, 0.164494, 0.150345, 0.239707, 1, 

29,401,0.00995861, 0.001, 0.0219461, 0.0261442, 0.0262016, 0.0663368, 0.100799, 1, 

Generation #45
34,137,0.00995861, 0.0219461, 0.0261442, 0.0262016, 0.0663368, 0.100799, 0.164494, 0.217953, 0.230267, 0.999048, 1, 

30,149,0.00995861, 0.001, 0.0219461, 0.0261442, 0.0663368, 0.100799, 0.164494, 0.150345, 0.239707, 1, 

29,401,0.00995861, 0.001, 0.0219461, 0.0261442, 0.0262016, 0.0663368, 0.100799, 1, 

Generation #46
34,137,0.00995861, 0.0219461, 0.0261442, 0.0262016, 0.0663368, 0.100799, 0.164494, 0.217953, 0.230267, 0.999048, 1, 

30,149,0.00995861, 0.001, 0.0219461, 0.0261442, 0.0663368, 0.100799, 0.164494, 0.150345, 0.239707, 1, 

29,401,0.00995861, 0.001, 0.0219461, 0.0261442, 0.0262016, 0.0663368, 0.100799, 1, 

Generation #47
34,137,0.00995861, 0.0219461, 0.0261442, 0.0262016, 0.0663368, 0.100799, 0.164494, 0.217953, 0.230267, 0.999048, 1, 

30,149,0.00995861, 0.001, 0.0219461, 0.0261442, 0.0663368, 0.100799, 0.164494, 0.150345, 0.239707, 1, 

29,401,0.00995861, 0.001, 0.0219461, 0.0261442, 0.0262016, 0.0663368, 0.100799, 1, 

33,140,0.00995861, 0.001, 0.0219461, 0.0261442, 0.0262016, 0.0663368, 0.100799, 0.164494, 0.217953, 0.230267, 0.525582, 0.939807, 1, 

Generation #48
34,137,0.00995861, 0.0219461, 0.0261442, 0.0262016, 0.0663368, 0.100799, 0.164494, 0.217953, 0.230267, 0.999048, 1, 

30,149,0.00995861, 0.001, 0.0219461, 0.0261442, 0.0663368, 0.100799, 0.164494, 0.150345, 0.239707, 1, 

29,401,0.00995861, 0.001, 0.0219461, 0.0261442, 0.0262016, 0.0663368, 0.100799, 1, 

33,140,0.00995861, 0.001, 0.0219461, 0.0261442, 0.0262016, 0.0663368, 0.100799, 0.164494, 0.217953, 0.230267, 0.525582, 0.939807, 1, 

Generation #49
34,137,0.00995861, 0.0219461, 0.0261442, 0.0262016, 0.0663368, 0.100799, 0.164494, 0.217953, 0.230267, 0.999048, 1, 

30,149,0.00995861, 0.001, 0.0219461, 0.0261442, 0.0663368, 0.100799, 0.164494, 0.150345, 0.239707, 1, 

29,401,0.00995861, 0.001, 0.0219461, 0.0261442, 0.0262016, 0.0663368, 0.100799, 1, 

33,140,0.00995861, 0.001, 0.0219461, 0.0261442, 0.0262016, 0.0663368, 0.100799, 0.164494, 0.217953, 0.230267, 0.525582, 0.939807, 1, 

--- Pareto Front Solutions ---
Solution 0: N total=94 (N_initial=60, N_added=34), Time total=306 ms, Saved to: ./results/Apache_t2_l1_pareto_0.csv, percents=0.00995861, 0.0219461, 0.0261442, 0.0262016, 0.0663368, 0.100799, 0.164494, 0.217953, 0.230267, 0.999048, 1, 

Solution 1: N total=90 (N_initial=60, N_added=30), Time total=318 ms, Saved to: ./results/Apache_t2_l1_pareto_1.csv, percents=0.00995861, 0.001, 0.0219461, 0.0261442, 0.0663368, 0.100799, 0.164494, 0.150345, 0.239707, 1, 

Solution 2: N total=89 (N_initial=60, N_added=29), Time total=570 ms, Saved to: ./results/Apache_t2_l1_pareto_2.csv, percents=0.00995861, 0.001, 0.0219461, 0.0261442, 0.0262016, 0.0663368, 0.100799, 1, 

Solution 3: N total=93 (N_initial=60, N_added=33), Time total=309 ms, Saved to: ./results/Apache_t2_l1_pareto_3.csv, percents=0.00995861, 0.001, 0.0219461, 0.0261442, 0.0262016, 0.0663368, 0.100799, 0.164494, 0.217953, 0.230267, 0.525582, 0.939807, 1, 

------------d=1, t=2, lambda=2, filename=./evaluation/Apache/Apache_2_2.csv------------
Computing partitioned counts of d-sets...
Ready to look at pairs based on partitioned counts...
First Stage N=60, Time=162
There are 1256 remaining non-locating pairs
--- Running GA Algorithm (phase2) ---
Running GA with std::execution::par
Generation #0
62,517,0.001, 0.0810914, 0.0893096, 0.0942042, 0.151473, 0.158967, 0.16543, 0.471975, 0.628362, 0.663832, 0.690838, 0.718467, 0.790862, 0.884598, 0.892426, 0.985921, 1, 

57,820,0.001, 0.128447, 0.168603, 0.398416, 0.41075, 0.467105, 0.563852, 0.675749, 0.730288, 0.811019, 0.90754, 0.930353, 0.950911, 1, 

63,349,0.001, 0.00546827, 0.0267577, 0.0311812, 0.0795102, 0.0867438, 0.189428, 0.204995, 0.216511, 0.229977, 0.445201, 0.459941, 0.668687, 0.767287, 0.861999, 0.863716, 0.924441, 0.979786, 1, 

53,4365,0.001, 0.4235, 0.501315, 0.532929, 0.639468, 0.656897, 0.665274, 0.712387, 0.753587, 0.93076, 1, 

59,549,0.001, 0.0126539, 0.0159722, 0.0359443, 0.106322, 0.115117, 0.22497, 0.226809, 0.309595, 0.455592, 0.510597, 0.70872, 0.903959, 0.945524, 0.964232, 0.994533, 1, 

56,1728,0.001, 0.181333, 0.187223, 0.196768, 0.218626, 0.303597, 0.381501, 0.390185, 0.441333, 0.772074, 0.911511, 1, 

61,540,0.001, 0.0456399, 0.0723375, 0.233179, 0.245331, 0.282321, 0.328034, 0.382412, 0.47795, 0.538183, 0.863236, 0.885737, 0.904793, 1, 

Generation #1
53,4365,0.001, 0.4235, 0.501315, 0.532929, 0.639468, 0.656897, 0.665274, 0.712387, 0.753587, 0.93076, 1, 

55,398,0.001, 0.0668286, 0.0718383, 0.0829776, 0.134233, 0.134241, 0.136335, 0.146063, 0.212349, 0.239703, 0.593918, 1, 

61,381,0.001, 0.0703221, 0.0705443, 0.0828135, 0.108284, 0.11855, 0.134214, 0.142213, 0.784371, 0.840775, 0.848008, 0.919075, 0.932259, 0.996167, 1, 

62,259,0.001, 0.00546827, 0.0267577, 0.0311812, 0.0795102, 0.0867438, 0.189428, 0.204995, 0.229977, 0.445201, 0.885737, 0.904793, 1, 

59,383,0.001, 0.0668286, 0.0718383, 0.0829776, 0.134233, 0.134241, 0.136335, 0.146063, 0.212349, 0.239703, 0.246861, 0.311623, 0.316741, 0.357768, 1, 

Generation #2
53,4365,0.001, 0.4235, 0.501315, 0.532929, 0.639468, 0.656897, 0.665274, 0.712387, 0.753587, 0.93076, 1, 

54,243,0.001, 0.00546827, 0.0267577, 0.0311812, 0.0795102, 0.0867438, 0.189428, 0.204995, 0.216511, 0.229977, 0.445201, 0.459941, 0.668687, 0.767287, 1, 

Generation #3
54,243,0.001, 0.00546827, 0.0267577, 0.0311812, 0.0795102, 0.0867438, 0.189428, 0.204995, 0.216511, 0.229977, 0.445201, 0.459941, 0.668687, 0.767287, 1, 

53,394,0.001, 0.0126539, 0.0159722, 0.0359443, 0.106322, 0.656897, 0.665274, 0.712387, 0.753587, 0.93076, 1, 

Generation #4
54,243,0.001, 0.00546827, 0.0267577, 0.0311812, 0.0795102, 0.0867438, 0.189428, 0.204995, 0.216511, 0.229977, 0.445201, 0.459941, 0.668687, 0.767287, 1, 

57,235,0.001, 0.00546827, 0.0267577, 0.0311812, 0.0795102, 0.0867438, 0.189428, 0.204995, 0.216511, 0.229977, 0.445201, 0.459941, 0.668687, 0.767287, 1, 

52,391,0.001, 0.0668286, 0.0718383, 0.0829776, 0.134233, 0.134241, 0.136335, 0.146063, 0.212349, 0.239703, 0.593918, 1, 

61,215,0.001, 0.0126539, 0.0159722, 0.0359443, 0.106322, 0.115117, 0.22497, 0.726775, 0.807244, 0.888289, 0.657947, 0.693894, 0.705886, 0.755256, 0.788222, 0.893717, 0.894429, 0.978579, 1, 

Generation #5
54,243,0.001, 0.00546827, 0.0267577, 0.0311812, 0.0795102, 0.0867438, 0.189428, 0.204995, 0.216511, 0.229977, 0.445201, 0.459941, 0.668687, 0.767287, 1, 

57,235,0.001, 0.00546827, 0.0267577, 0.0311812, 0.0795102, 0.0867438, 0.189428, 0.204995, 0.216511, 0.229977, 0.445201, 0.459941, 0.668687, 0.767287, 1, 

52,391,0.001, 0.0668286, 0.0718383, 0.0829776, 0.134233, 0.134241, 0.136335, 0.146063, 0.212349, 0.239703, 0.593918, 1, 

61,215,0.001, 0.0126539, 0.0159722, 0.0359443, 0.106322, 0.115117, 0.22497, 0.726775, 0.807244, 0.888289, 0.657947, 0.693894, 0.705886, 0.755256, 0.788222, 0.893717, 0.894429, 0.978579, 1, 

55,239,0.001, 0.00546827, 0.0267577, 0.0311812, 0.0795102, 0.0867438, 0.360271, 0.53069, 0.712387, 0.753587, 0.93076, 1, 

Generation #6
54,243,0.001, 0.00546827, 0.0267577, 0.0311812, 0.0795102, 0.0867438, 0.189428, 0.204995, 0.216511, 0.229977, 0.445201, 0.459941, 0.668687, 0.767287, 1, 

57,235,0.001, 0.00546827, 0.0267577, 0.0311812, 0.0795102, 0.0867438, 0.189428, 0.204995, 0.216511, 0.229977, 0.445201, 0.459941, 0.668687, 0.767287, 1, 

52,391,0.001, 0.0668286, 0.0718383, 0.0829776, 0.134233, 0.134241, 0.136335, 0.146063, 0.212349, 0.239703, 0.593918, 1, 

61,215,0.001, 0.0126539, 0.0159722, 0.0359443, 0.106322, 0.115117, 0.22497, 0.726775, 0.807244, 0.888289, 0.657947, 0.693894, 0.705886, 0.755256, 0.788222, 0.893717, 0.894429, 0.978579, 1, 

55,239,0.001, 0.00546827, 0.0267577, 0.0311812, 0.0795102, 0.0867438, 0.360271, 0.53069, 0.712387, 0.753587, 0.93076, 1, 

Generation #7
54,243,0.001, 0.00546827, 0.0267577, 0.0311812, 0.0795102, 0.0867438, 0.189428, 0.204995, 0.216511, 0.229977, 0.445201, 0.459941, 0.668687, 0.767287, 1, 

57,235,0.001, 0.00546827, 0.0267577, 0.0311812, 0.0795102, 0.0867438, 0.189428, 0.204995, 0.216511, 0.229977, 0.445201, 0.459941, 0.668687, 0.767287, 1, 

61,215,0.001, 0.0126539, 0.0159722, 0.0359443, 0.106322, 0.115117, 0.22497, 0.726775, 0.807244, 0.888289, 0.657947, 0.693894, 0.705886, 0.755256, 0.788222, 0.893717, 0.894429, 0.978579, 1, 

55,239,0.001, 0.00546827, 0.0267577, 0.0311812, 0.0795102, 0.0867438, 0.360271, 0.53069, 0.712387, 0.753587, 0.93076, 1, 

52,249,0.001, 0.00546827, 0.0267577, 0.0311812, 0.0795102, 0.0867438, 0.189428, 0.204995, 0.216511, 0.470722, 0.911885, 0.974849, 1, 

Generation #8
66,198,0.001, 0.00546827, 0.0267577, 0.0311812, 0.0795102, 0.0867438, 0.189428, 0.204995, 0.241262, 0.441333, 0.772074, 0.360159, 0.507681, 0.518879, 0.923697, 0.777714, 0.805823, 0.853623, 0.995732, 1, 

49,210,0.001, 0.0126539, 0.0159722, 0.0311812, 0.0795102, 0.0867438, 0.189428, 0.204995, 0.753587, 0.93076, 1, 

Generation #9
49,210,0.001, 0.0126539, 0.0159722, 0.0311812, 0.0795102, 0.0867438, 0.189428, 0.204995, 0.753587, 0.93076, 1, 

60,198,0.001, 0.0126539, 0.0159722, 0.0311812, 0.0795102, 0.0867438, 0.189428, 0.204995, 0.216511, 0.229977, 0.570143, 0.459941, 0.668687, 0.767287, 1, 

Generation #10
49,210,0.001, 0.0126539, 0.0159722, 0.0311812, 0.0795102, 0.0867438, 0.189428, 0.204995, 0.753587, 0.93076, 1, 

60,198,0.001, 0.0126539, 0.0159722, 0.0311812, 0.0795102, 0.0867438, 0.189428, 0.204995, 0.216511, 0.229977, 0.570143, 0.459941, 0.668687, 0.767287, 1, 

Generation #11
49,210,0.001, 0.0126539, 0.0159722, 0.0311812, 0.0795102, 0.0867438, 0.189428, 0.204995, 0.753587, 0.93076, 1, 

60,198,0.001, 0.0126539, 0.0159722, 0.0311812, 0.0795102, 0.0867438, 0.189428, 0.204995, 0.216511, 0.229977, 0.570143, 0.459941, 0.668687, 0.767287, 1, 

Generation #12
49,210,0.001, 0.0126539, 0.0159722, 0.0311812, 0.0795102, 0.0867438, 0.189428, 0.204995, 0.753587, 0.93076, 1, 

60,198,0.001, 0.0126539, 0.0159722, 0.0311812, 0.0795102, 0.0867438, 0.189428, 0.204995, 0.216511, 0.229977, 0.570143, 0.459941, 0.668687, 0.767287, 1, 

Generation #13
49,210,0.001, 0.0126539, 0.0159722, 0.0311812, 0.0795102, 0.0867438, 0.189428, 0.204995, 0.753587, 0.93076, 1, 

60,198,0.001, 0.0126539, 0.0159722, 0.0311812, 0.0795102, 0.0867438, 0.189428, 0.204995, 0.216511, 0.229977, 0.570143, 0.459941, 0.668687, 0.767287, 1, 

Generation #14
49,210,0.001, 0.0126539, 0.0159722, 0.0311812, 0.0795102, 0.0867438, 0.189428, 0.204995, 0.753587, 0.93076, 1, 

60,198,0.001, 0.0126539, 0.0159722, 0.0311812, 0.0795102, 0.0867438, 0.189428, 0.204995, 0.216511, 0.229977, 0.570143, 0.459941, 0.668687, 0.767287, 1, 

57,204,0.001, 0.0126539, 0.0159722, 0.0311812, 0.0795102, 0.0867438, 0.189428, 0.204995, 0.753587, 0.911511, 1, 

Generation #15
49,210,0.001, 0.0126539, 0.0159722, 0.0311812, 0.0795102, 0.0867438, 0.189428, 0.204995, 0.753587, 0.93076, 1, 

60,198,0.001, 0.0126539, 0.0159722, 0.0311812, 0.0795102, 0.0867438, 0.189428, 0.204995, 0.216511, 0.229977, 0.570143, 0.459941, 0.668687, 0.767287, 1, 

57,204,0.001, 0.0126539, 0.0159722, 0.0311812, 0.0795102, 0.0867438, 0.189428, 0.204995, 0.753587, 0.911511, 1, 

Generation #16
49,210,0.001, 0.0126539, 0.0159722, 0.0311812, 0.0795102, 0.0867438, 0.189428, 0.204995, 0.753587, 0.93076, 1, 

59,193,0.001, 0.00546827, 0.0267577, 0.0311812, 0.0795102, 0.0867438, 0.189428, 0.204995, 0.526811, 0.810151, 1, 

55,204,0.001, 0.00546827, 0.0267577, 0.0311812, 0.0795102, 0.0867438, 0.189428, 0.204995, 0.216511, 0.229977, 0.445201, 0.459941, 0.668687, 0.767287, 1, 

Generation #17
49,210,0.001, 0.0126539, 0.0159722, 0.0311812, 0.0795102, 0.0867438, 0.189428, 0.204995, 0.753587, 0.93076, 1, 

59,193,0.001, 0.00546827, 0.0267577, 0.0311812, 0.0795102, 0.0867438, 0.189428, 0.204995, 0.526811, 0.810151, 1, 

55,204,0.001, 0.00546827, 0.0267577, 0.0311812, 0.0795102, 0.0867438, 0.189428, 0.204995, 0.216511, 0.229977, 0.445201, 0.459941, 0.668687, 0.767287, 1, 

Generation #18
49,210,0.001, 0.0126539, 0.0159722, 0.0311812, 0.0795102, 0.0867438, 0.189428, 0.204995, 0.753587, 0.93076, 1, 

59,193,0.001, 0.00546827, 0.0267577, 0.0311812, 0.0795102, 0.0867438, 0.189428, 0.204995, 0.526811, 0.810151, 1, 

55,204,0.001, 0.00546827, 0.0267577, 0.0311812, 0.0795102, 0.0867438, 0.189428, 0.204995, 0.216511, 0.229977, 0.445201, 0.459941, 0.668687, 0.767287, 1, 

Generation #19
49,210,0.001, 0.0126539, 0.0159722, 0.0311812, 0.0795102, 0.0867438, 0.189428, 0.204995, 0.753587, 0.93076, 1, 

59,193,0.001, 0.00546827, 0.0267577, 0.0311812, 0.0795102, 0.0867438, 0.189428, 0.204995, 0.526811, 0.810151, 1, 

55,204,0.001, 0.00546827, 0.0267577, 0.0311812, 0.0795102, 0.0867438, 0.189428, 0.204995, 0.216511, 0.229977, 0.445201, 0.459941, 0.668687, 0.767287, 1, 

Generation #20
49,210,0.001, 0.0126539, 0.0159722, 0.0311812, 0.0795102, 0.0867438, 0.189428, 0.204995, 0.753587, 0.93076, 1, 

59,193,0.001, 0.00546827, 0.0267577, 0.0311812, 0.0795102, 0.0867438, 0.189428, 0.204995, 0.526811, 0.810151, 1, 

55,204,0.001, 0.00546827, 0.0267577, 0.0311812, 0.0795102, 0.0867438, 0.189428, 0.204995, 0.216511, 0.229977, 0.445201, 0.459941, 0.668687, 0.767287, 1, 

Generation #21
49,210,0.001, 0.0126539, 0.0159722, 0.0311812, 0.0795102, 0.0867438, 0.189428, 0.204995, 0.753587, 0.93076, 1, 

59,193,0.001, 0.00546827, 0.0267577, 0.0311812, 0.0795102, 0.0867438, 0.189428, 0.204995, 0.526811, 0.810151, 1, 

55,204,0.001, 0.00546827, 0.0267577, 0.0311812, 0.0795102, 0.0867438, 0.189428, 0.204995, 0.216511, 0.229977, 0.445201, 0.459941, 0.668687, 0.767287, 1, 

60,191,0.001, 0.0126539, 0.0159722, 0.0311812, 0.0795102, 0.0867438, 0.189428, 0.204995, 0.216511, 0.229977, 0.445201, 0.459941, 0.668687, 0.767287, 1, 

Generation #22
49,210,0.001, 0.0126539, 0.0159722, 0.0311812, 0.0795102, 0.0867438, 0.189428, 0.204995, 0.753587, 0.93076, 1, 

59,193,0.001, 0.00546827, 0.0267577, 0.0311812, 0.0795102, 0.0867438, 0.189428, 0.204995, 0.526811, 0.810151, 1, 

55,204,0.001, 0.00546827, 0.0267577, 0.0311812, 0.0795102, 0.0867438, 0.189428, 0.204995, 0.216511, 0.229977, 0.445201, 0.459941, 0.668687, 0.767287, 1, 

60,191,0.001, 0.0126539, 0.0159722, 0.0311812, 0.0795102, 0.0867438, 0.189428, 0.204995, 0.216511, 0.229977, 0.445201, 0.459941, 0.668687, 0.767287, 1, 

Generation #23
49,210,0.001, 0.0126539, 0.0159722, 0.0311812, 0.0795102, 0.0867438, 0.189428, 0.204995, 0.753587, 0.93076, 1, 

59,193,0.001, 0.00546827, 0.0267577, 0.0311812, 0.0795102, 0.0867438, 0.189428, 0.204995, 0.526811, 0.810151, 1, 

55,204,0.001, 0.00546827, 0.0267577, 0.0311812, 0.0795102, 0.0867438, 0.189428, 0.204995, 0.216511, 0.229977, 0.445201, 0.459941, 0.668687, 0.767287, 1, 

60,191,0.001, 0.0126539, 0.0159722, 0.0311812, 0.0795102, 0.0867438, 0.189428, 0.204995, 0.216511, 0.229977, 0.445201, 0.459941, 0.668687, 0.767287, 1, 

Generation #24
49,210,0.001, 0.0126539, 0.0159722, 0.0311812, 0.0795102, 0.0867438, 0.189428, 0.204995, 0.753587, 0.93076, 1, 

55,204,0.001, 0.00546827, 0.0267577, 0.0311812, 0.0795102, 0.0867438, 0.189428, 0.204995, 0.216511, 0.229977, 0.445201, 0.459941, 0.668687, 0.767287, 1, 

56,174,0.001, 0.0126539, 0.0159722, 0.0311812, 0.0795102, 0.0867438, 0.189428, 0.204995, 0.241262, 0.306324, 0.593918, 0.459941, 0.668687, 0.767287, 1, 

Generation #25
49,210,0.001, 0.0126539, 0.0159722, 0.0311812, 0.0795102, 0.0867438, 0.189428, 0.204995, 0.753587, 0.93076, 1, 

55,204,0.001, 0.00546827, 0.0267577, 0.0311812, 0.0795102, 0.0867438, 0.189428, 0.204995, 0.216511, 0.229977, 0.445201, 0.459941, 0.668687, 0.767287, 1, 

56,174,0.001, 0.0126539, 0.0159722, 0.0311812, 0.0795102, 0.0867438, 0.189428, 0.204995, 0.241262, 0.306324, 0.593918, 0.459941, 0.668687, 0.767287, 1, 

Generation #26
49,210,0.001, 0.0126539, 0.0159722, 0.0311812, 0.0795102, 0.0867438, 0.189428, 0.204995, 0.753587, 0.93076, 1, 

56,174,0.001, 0.0126539, 0.0159722, 0.0311812, 0.0795102, 0.0867438, 0.189428, 0.204995, 0.241262, 0.306324, 0.593918, 0.459941, 0.668687, 0.767287, 1, 

52,187,0.001, 0.00546827, 0.0267577, 0.0311812, 0.0795102, 0.0867438, 0.189428, 0.204995, 0.753587, 0.93076, 1, 

Generation #27
49,210,0.001, 0.0126539, 0.0159722, 0.0311812, 0.0795102, 0.0867438, 0.189428, 0.204995, 0.753587, 0.93076, 1, 

56,174,0.001, 0.0126539, 0.0159722, 0.0311812, 0.0795102, 0.0867438, 0.189428, 0.204995, 0.241262, 0.306324, 0.593918, 0.459941, 0.668687, 0.767287, 1, 

52,187,0.001, 0.00546827, 0.0267577, 0.0311812, 0.0795102, 0.0867438, 0.189428, 0.204995, 0.753587, 0.93076, 1, 

Generation #28
49,210,0.001, 0.0126539, 0.0159722, 0.0311812, 0.0795102, 0.0867438, 0.189428, 0.204995, 0.753587, 0.93076, 1, 

56,174,0.001, 0.0126539, 0.0159722, 0.0311812, 0.0795102, 0.0867438, 0.189428, 0.204995, 0.241262, 0.306324, 0.593918, 0.459941, 0.668687, 0.767287, 1, 

52,187,0.001, 0.00546827, 0.0267577, 0.0311812, 0.0795102, 0.0867438, 0.189428, 0.204995, 0.753587, 0.93076, 1, 

Generation #29
49,210,0.001, 0.0126539, 0.0159722, 0.0311812, 0.0795102, 0.0867438, 0.189428, 0.204995, 0.753587, 0.93076, 1, 

56,174,0.001, 0.0126539, 0.0159722, 0.0311812, 0.0795102, 0.0867438, 0.189428, 0.204995, 0.241262, 0.306324, 0.593918, 0.459941, 0.668687, 0.767287, 1, 

52,187,0.001, 0.00546827, 0.0267577, 0.0311812, 0.0795102, 0.0867438, 0.189428, 0.204995, 0.753587, 0.93076, 1, 

Generation #30
49,210,0.001, 0.0126539, 0.0159722, 0.0311812, 0.0795102, 0.0867438, 0.189428, 0.204995, 0.753587, 0.93076, 1, 

56,174,0.001, 0.0126539, 0.0159722, 0.0311812, 0.0795102, 0.0867438, 0.189428, 0.204995, 0.241262, 0.306324, 0.593918, 0.459941, 0.668687, 0.767287, 1, 

52,187,0.001, 0.00546827, 0.0267577, 0.0311812, 0.0795102, 0.0867438, 0.189428, 0.204995, 0.753587, 0.93076, 1, 

Generation #31
49,210,0.001, 0.0126539, 0.0159722, 0.0311812, 0.0795102, 0.0867438, 0.189428, 0.204995, 0.753587, 0.93076, 1, 

56,174,0.001, 0.0126539, 0.0159722, 0.0311812, 0.0795102, 0.0867438, 0.189428, 0.204995, 0.241262, 0.306324, 0.593918, 0.459941, 0.668687, 0.767287, 1, 

52,187,0.001, 0.00546827, 0.0267577, 0.0311812, 0.0795102, 0.0867438, 0.189428, 0.204995, 0.753587, 0.93076, 1, 

Generation #32
49,210,0.001, 0.0126539, 0.0159722, 0.0311812, 0.0795102, 0.0867438, 0.189428, 0.204995, 0.753587, 0.93076, 1, 

56,174,0.001, 0.0126539, 0.0159722, 0.0311812, 0.0795102, 0.0867438, 0.189428, 0.204995, 0.241262, 0.306324, 0.593918, 0.459941, 0.668687, 0.767287, 1, 

52,187,0.001, 0.00546827, 0.0267577, 0.0311812, 0.0795102, 0.0867438, 0.189428, 0.204995, 0.753587, 0.93076, 1, 

Generation #33
49,210,0.001, 0.0126539, 0.0159722, 0.0311812, 0.0795102, 0.0867438, 0.189428, 0.204995, 0.753587, 0.93076, 1, 

56,174,0.001, 0.0126539, 0.0159722, 0.0311812, 0.0795102, 0.0867438, 0.189428, 0.204995, 0.241262, 0.306324, 0.593918, 0.459941, 0.668687, 0.767287, 1, 

52,187,0.001, 0.00546827, 0.0267577, 0.0311812, 0.0795102, 0.0867438, 0.189428, 0.204995, 0.753587, 0.93076, 1, 

Generation #34
49,210,0.001, 0.0126539, 0.0159722, 0.0311812, 0.0795102, 0.0867438, 0.189428, 0.204995, 0.753587, 0.93076, 1, 

56,174,0.001, 0.0126539, 0.0159722, 0.0311812, 0.0795102, 0.0867438, 0.189428, 0.204995, 0.241262, 0.306324, 0.593918, 0.459941, 0.668687, 0.767287, 1, 

52,187,0.001, 0.00546827, 0.0267577, 0.0311812, 0.0795102, 0.0867438, 0.189428, 0.204995, 0.753587, 0.93076, 1, 

46,321,0.001, 0.00546827, 0.0159722, 0.0311812, 0.0795102, 0.0867438, 0.526811, 0.810151, 1, 

Generation #35
49,210,0.001, 0.0126539, 0.0159722, 0.0311812, 0.0795102, 0.0867438, 0.189428, 0.204995, 0.753587, 0.93076, 1, 

56,174,0.001, 0.0126539, 0.0159722, 0.0311812, 0.0795102, 0.0867438, 0.189428, 0.204995, 0.241262, 0.306324, 0.593918, 0.459941, 0.668687, 0.767287, 1, 

52,187,0.001, 0.00546827, 0.0267577, 0.0311812, 0.0795102, 0.0867438, 0.189428, 0.204995, 0.753587, 0.93076, 1, 

46,321,0.001, 0.00546827, 0.0159722, 0.0311812, 0.0795102, 0.0867438, 0.526811, 0.810151, 1, 

Generation #36
49,210,0.001, 0.0126539, 0.0159722, 0.0311812, 0.0795102, 0.0867438, 0.189428, 0.204995, 0.753587, 0.93076, 1, 

56,174,0.001, 0.0126539, 0.0159722, 0.0311812, 0.0795102, 0.0867438, 0.189428, 0.204995, 0.241262, 0.306324, 0.593918, 0.459941, 0.668687, 0.767287, 1, 

52,187,0.001, 0.00546827, 0.0267577, 0.0311812, 0.0795102, 0.0867438, 0.189428, 0.204995, 0.753587, 0.93076, 1, 

46,321,0.001, 0.00546827, 0.0159722, 0.0311812, 0.0795102, 0.0867438, 0.526811, 0.810151, 1, 

Generation #37
49,210,0.001, 0.0126539, 0.0159722, 0.0311812, 0.0795102, 0.0867438, 0.189428, 0.204995, 0.753587, 0.93076, 1, 

56,174,0.001, 0.0126539, 0.0159722, 0.0311812, 0.0795102, 0.0867438, 0.189428, 0.204995, 0.241262, 0.306324, 0.593918, 0.459941, 0.668687, 0.767287, 1, 

52,187,0.001, 0.00546827, 0.0267577, 0.0311812, 0.0795102, 0.0867438, 0.189428, 0.204995, 0.753587, 0.93076, 1, 

46,321,0.001, 0.00546827, 0.0159722, 0.0311812, 0.0795102, 0.0867438, 0.526811, 0.810151, 1, 

Generation #38
49,210,0.001, 0.0126539, 0.0159722, 0.0311812, 0.0795102, 0.0867438, 0.189428, 0.204995, 0.753587, 0.93076, 1, 

56,174,0.001, 0.0126539, 0.0159722, 0.0311812, 0.0795102, 0.0867438, 0.189428, 0.204995, 0.241262, 0.306324, 0.593918, 0.459941, 0.668687, 0.767287, 1, 

52,187,0.001, 0.00546827, 0.0267577, 0.0311812, 0.0795102, 0.0867438, 0.189428, 0.204995, 0.753587, 0.93076, 1, 

46,321,0.001, 0.00546827, 0.0159722, 0.0311812, 0.0795102, 0.0867438, 0.526811, 0.810151, 1, 

Generation #39
49,210,0.001, 0.0126539, 0.0159722, 0.0311812, 0.0795102, 0.0867438, 0.189428, 0.204995, 0.753587, 0.93076, 1, 

56,174,0.001, 0.0126539, 0.0159722, 0.0311812, 0.0795102, 0.0867438, 0.189428, 0.204995, 0.241262, 0.306324, 0.593918, 0.459941, 0.668687, 0.767287, 1, 

52,187,0.001, 0.00546827, 0.0267577, 0.0311812, 0.0795102, 0.0867438, 0.189428, 0.204995, 0.753587, 0.93076, 1, 

46,321,0.001, 0.00546827, 0.0159722, 0.0311812, 0.0795102, 0.0867438, 0.526811, 0.810151, 1, 

Generation #40
49,210,0.001, 0.0126539, 0.0159722, 0.0311812, 0.0795102, 0.0867438, 0.189428, 0.204995, 0.753587, 0.93076, 1, 

56,174,0.001, 0.0126539, 0.0159722, 0.0311812, 0.0795102, 0.0867438, 0.189428, 0.204995, 0.241262, 0.306324, 0.593918, 0.459941, 0.668687, 0.767287, 1, 

52,187,0.001, 0.00546827, 0.0267577, 0.0311812, 0.0795102, 0.0867438, 0.189428, 0.204995, 0.753587, 0.93076, 1, 

46,321,0.001, 0.00546827, 0.0159722, 0.0311812, 0.0795102, 0.0867438, 0.526811, 0.810151, 1, 

Generation #41
49,210,0.001, 0.0126539, 0.0159722, 0.0311812, 0.0795102, 0.0867438, 0.189428, 0.204995, 0.753587, 0.93076, 1, 

56,174,0.001, 0.0126539, 0.0159722, 0.0311812, 0.0795102, 0.0867438, 0.189428, 0.204995, 0.241262, 0.306324, 0.593918, 0.459941, 0.668687, 0.767287, 1, 

52,187,0.001, 0.00546827, 0.0267577, 0.0311812, 0.0795102, 0.0867438, 0.189428, 0.204995, 0.753587, 0.93076, 1, 

46,321,0.001, 0.00546827, 0.0159722, 0.0311812, 0.0795102, 0.0867438, 0.526811, 0.810151, 1, 

Generation #42
49,210,0.001, 0.0126539, 0.0159722, 0.0311812, 0.0795102, 0.0867438, 0.189428, 0.204995, 0.753587, 0.93076, 1, 

56,174,0.001, 0.0126539, 0.0159722, 0.0311812, 0.0795102, 0.0867438, 0.189428, 0.204995, 0.241262, 0.306324, 0.593918, 0.459941, 0.668687, 0.767287, 1, 

52,187,0.001, 0.00546827, 0.0267577, 0.0311812, 0.0795102, 0.0867438, 0.189428, 0.204995, 0.753587, 0.93076, 1, 

46,321,0.001, 0.00546827, 0.0159722, 0.0311812, 0.0795102, 0.0867438, 0.526811, 0.810151, 1, 

55,183,0.001, 0.0126539, 0.0159722, 0.0311812, 0.0795102, 0.0867438, 0.189428, 0.204995, 0.216511, 0.229977, 0.445201, 0.668687, 0.767287, 1, 

Generation #43
49,210,0.001, 0.0126539, 0.0159722, 0.0311812, 0.0795102, 0.0867438, 0.189428, 0.204995, 0.753587, 0.93076, 1, 

56,174,0.001, 0.0126539, 0.0159722, 0.0311812, 0.0795102, 0.0867438, 0.189428, 0.204995, 0.241262, 0.306324, 0.593918, 0.459941, 0.668687, 0.767287, 1, 

52,187,0.001, 0.00546827, 0.0267577, 0.0311812, 0.0795102, 0.0867438, 0.189428, 0.204995, 0.753587, 0.93076, 1, 

46,321,0.001, 0.00546827, 0.0159722, 0.0311812, 0.0795102, 0.0867438, 0.526811, 0.810151, 1, 

55,183,0.001, 0.0126539, 0.0159722, 0.0311812, 0.0795102, 0.0867438, 0.189428, 0.204995, 0.216511, 0.229977, 0.445201, 0.668687, 0.767287, 1, 

Generation #44
49,210,0.001, 0.0126539, 0.0159722, 0.0311812, 0.0795102, 0.0867438, 0.189428, 0.204995, 0.753587, 0.93076, 1, 

56,174,0.001, 0.0126539, 0.0159722, 0.0311812, 0.0795102, 0.0867438, 0.189428, 0.204995, 0.241262, 0.306324, 0.593918, 0.459941, 0.668687, 0.767287, 1, 

52,187,0.001, 0.00546827, 0.0267577, 0.0311812, 0.0795102, 0.0867438, 0.189428, 0.204995, 0.753587, 0.93076, 1, 

46,321,0.001, 0.00546827, 0.0159722, 0.0311812, 0.0795102, 0.0867438, 0.526811, 0.810151, 1, 

55,183,0.001, 0.0126539, 0.0159722, 0.0311812, 0.0795102, 0.0867438, 0.189428, 0.204995, 0.216511, 0.229977, 0.445201, 0.668687, 0.767287, 1, 

Generation #45
49,210,0.001, 0.0126539, 0.0159722, 0.0311812, 0.0795102, 0.0867438, 0.189428, 0.204995, 0.753587, 0.93076, 1, 

56,174,0.001, 0.0126539, 0.0159722, 0.0311812, 0.0795102, 0.0867438, 0.189428, 0.204995, 0.241262, 0.306324, 0.593918, 0.459941, 0.668687, 0.767287, 1, 

52,187,0.001, 0.00546827, 0.0267577, 0.0311812, 0.0795102, 0.0867438, 0.189428, 0.204995, 0.753587, 0.93076, 1, 

46,321,0.001, 0.00546827, 0.0159722, 0.0311812, 0.0795102, 0.0867438, 0.526811, 0.810151, 1, 

55,183,0.001, 0.0126539, 0.0159722, 0.0311812, 0.0795102, 0.0867438, 0.189428, 0.204995, 0.216511, 0.229977, 0.445201, 0.668687, 0.767287, 1, 

Generation #46
49,210,0.001, 0.0126539, 0.0159722, 0.0311812, 0.0795102, 0.0867438, 0.189428, 0.204995, 0.753587, 0.93076, 1, 

56,174,0.001, 0.0126539, 0.0159722, 0.0311812, 0.0795102, 0.0867438, 0.189428, 0.204995, 0.241262, 0.306324, 0.593918, 0.459941, 0.668687, 0.767287, 1, 

52,187,0.001, 0.00546827, 0.0267577, 0.0311812, 0.0795102, 0.0867438, 0.189428, 0.204995, 0.753587, 0.93076, 1, 

46,321,0.001, 0.00546827, 0.0159722, 0.0311812, 0.0795102, 0.0867438, 0.526811, 0.810151, 1, 

55,183,0.001, 0.0126539, 0.0159722, 0.0311812, 0.0795102, 0.0867438, 0.189428, 0.204995, 0.216511, 0.229977, 0.445201, 0.668687, 0.767287, 1, 

Generation #47
49,210,0.001, 0.0126539, 0.0159722, 0.0311812, 0.0795102, 0.0867438, 0.189428, 0.204995, 0.753587, 0.93076, 1, 

56,174,0.001, 0.0126539, 0.0159722, 0.0311812, 0.0795102, 0.0867438, 0.189428, 0.204995, 0.241262, 0.306324, 0.593918, 0.459941, 0.668687, 0.767287, 1, 

52,187,0.001, 0.00546827, 0.0267577, 0.0311812, 0.0795102, 0.0867438, 0.189428, 0.204995, 0.753587, 0.93076, 1, 

46,321,0.001, 0.00546827, 0.0159722, 0.0311812, 0.0795102, 0.0867438, 0.526811, 0.810151, 1, 

55,183,0.001, 0.0126539, 0.0159722, 0.0311812, 0.0795102, 0.0867438, 0.189428, 0.204995, 0.216511, 0.229977, 0.445201, 0.668687, 0.767287, 1, 

Generation #48
49,210,0.001, 0.0126539, 0.0159722, 0.0311812, 0.0795102, 0.0867438, 0.189428, 0.204995, 0.753587, 0.93076, 1, 

56,174,0.001, 0.0126539, 0.0159722, 0.0311812, 0.0795102, 0.0867438, 0.189428, 0.204995, 0.241262, 0.306324, 0.593918, 0.459941, 0.668687, 0.767287, 1, 

52,187,0.001, 0.00546827, 0.0267577, 0.0311812, 0.0795102, 0.0867438, 0.189428, 0.204995, 0.753587, 0.93076, 1, 

46,321,0.001, 0.00546827, 0.0159722, 0.0311812, 0.0795102, 0.0867438, 0.526811, 0.810151, 1, 

55,183,0.001, 0.0126539, 0.0159722, 0.0311812, 0.0795102, 0.0867438, 0.189428, 0.204995, 0.216511, 0.229977, 0.445201, 0.668687, 0.767287, 1, 

Generation #49
49,210,0.001, 0.0126539, 0.0159722, 0.0311812, 0.0795102, 0.0867438, 0.189428, 0.204995, 0.753587, 0.93076, 1, 

56,174,0.001, 0.0126539, 0.0159722, 0.0311812, 0.0795102, 0.0867438, 0.189428, 0.204995, 0.241262, 0.306324, 0.593918, 0.459941, 0.668687, 0.767287, 1, 

52,187,0.001, 0.00546827, 0.0267577, 0.0311812, 0.0795102, 0.0867438, 0.189428, 0.204995, 0.753587, 0.93076, 1, 

46,321,0.001, 0.00546827, 0.0159722, 0.0311812, 0.0795102, 0.0867438, 0.526811, 0.810151, 1, 

55,183,0.001, 0.0126539, 0.0159722, 0.0311812, 0.0795102, 0.0867438, 0.189428, 0.204995, 0.216511, 0.229977, 0.445201, 0.668687, 0.767287, 1, 

--- Pareto Front Solutions ---
Solution 0: N total=109 (N_initial=60, N_added=49), Time total=372 ms, Saved to: ./results/Apache_t2_l2_pareto_0.csv, percents=0.001, 0.0126539, 0.0159722, 0.0311812, 0.0795102, 0.0867438, 0.189428, 0.204995, 0.753587, 0.93076, 1, 

Solution 1: N total=116 (N_initial=60, N_added=56), Time total=336 ms, Saved to: ./results/Apache_t2_l2_pareto_1.csv, percents=0.001, 0.0126539, 0.0159722, 0.0311812, 0.0795102, 0.0867438, 0.189428, 0.204995, 0.241262, 0.306324, 0.593918, 0.459941, 0.668687, 0.767287, 1, 

Solution 2: N total=112 (N_initial=60, N_added=52), Time total=349 ms, Saved to: ./results/Apache_t2_l2_pareto_2.csv, percents=0.001, 0.00546827, 0.0267577, 0.0311812, 0.0795102, 0.0867438, 0.189428, 0.204995, 0.753587, 0.93076, 1, 

Solution 3: N total=106 (N_initial=60, N_added=46), Time total=483 ms, Saved to: ./results/Apache_t2_l2_pareto_3.csv, percents=0.001, 0.00546827, 0.0159722, 0.0311812, 0.0795102, 0.0867438, 0.526811, 0.810151, 1, 

Solution 4: N total=115 (N_initial=60, N_added=55), Time total=345 ms, Saved to: ./results/Apache_t2_l2_pareto_4.csv, percents=0.001, 0.0126539, 0.0159722, 0.0311812, 0.0795102, 0.0867438, 0.189428, 0.204995, 0.216511, 0.229977, 0.445201, 0.668687, 0.767287, 1, 

------------d=1, t=2, lambda=3, filename=./evaluation/Apache/Apache_2_3.csv------------
Computing partitioned counts of d-sets...
Ready to look at pairs based on partitioned counts...
First Stage N=90, Time=139
There are 238 remaining non-locating pairs
--- Running GA Algorithm (phase2) ---
Running GA with std::execution::par
Generation #0
43,154,0.001, 0.0575558, 0.136593, 0.312321, 0.3491, 0.379163, 0.397322, 0.417336, 0.543531, 0.606192, 0.796083, 0.805007, 1, 

45,77,0.001, 0.0282057, 0.0660435, 0.102717, 0.246178, 0.348023, 0.370898, 0.478774, 0.540946, 0.564358, 0.6203, 0.759587, 0.766907, 0.861609, 0.864829, 0.923855, 0.993966, 1, 

44,86,0.001, 0.0353235, 0.0860929, 0.221766, 0.236776, 0.323229, 0.407511, 0.492049, 0.565368, 0.568461, 0.582727, 0.849296, 0.88251, 1, 

46,67,0.001, 0.000285785, 0.0305103, 0.0417737, 0.0822966, 0.112125, 0.127739, 0.160879, 0.203458, 0.308741, 0.351692, 0.485204, 0.545276, 0.669295, 0.727544, 0.799432, 0.831343, 0.941026, 1, 

59,63,0.001, 0.0148791, 0.02982, 0.0440244, 0.135437, 0.15072, 0.153545, 0.207239, 0.250248, 0.254439, 0.328696, 0.332377, 0.345521, 0.428886, 0.469603, 0.489246, 0.492866, 0.550813, 0.56447, 0.606608, 0.698499, 0.705423, 0.746767, 0.767956, 0.772961, 0.86435, 0.89867, 0.917781, 0.925073, 0.953463, 1, 

42,186,0.001, 0.192528, 0.270901, 0.399777, 0.43931, 0.466979, 0.64716, 0.781251, 0.825701, 0.887183, 1, 

40,302,0.001, 0.321409, 0.322416, 0.328197, 0.373862, 0.397502, 0.583753, 0.63184, 0.673797, 0.791074, 0.957082, 1, 

Generation #1
39,109,0.001, 0.0160271, 0.141816, 0.143763, 0.203255, 0.246211, 0.273846, 0.31925, 0.345937, 0.524279, 0.666519, 1, 

43,77,0.001, 0.0717092, 0.0848258, 0.10721, 0.126614, 0.136741, 0.137684, 0.147897, 0.589993, 0.601031, 0.626503, 0.697058, 1, 

42,98,0.001, 0.0998682, 0.113298, 0.165135, 0.170995, 0.201639, 0.29611, 0.64226, 0.742783, 0.901771, 0.973905, 0.805007, 1, 

45,62,0.001, 0.0307044, 0.073911, 0.101461, 0.120627, 0.158701, 0.480115, 0.516346, 0.725187, 0.742358, 0.819986, 0.900388, 0.944514, 0.958367, 0.98733, 1, 

46,49,0.001, 0.000285785, 0.0305103, 0.0417737, 0.0822966, 0.112125, 0.127739, 0.160879, 0.475572, 0.203458, 0.754, 0.922923, 0.979009, 1, 

41,100,0.001, 0.0998682, 0.113298, 0.165135, 0.170995, 0.201639, 0.29611, 0.64226, 0.742783, 0.901771, 0.652821, 1, 

Generation #2
39,93,0.001, 0.03044, 0.0852868, 0.129803, 0.172343, 0.217678, 0.228126, 0.260158, 0.293735, 0.305797, 0.37795, 1, 

41,48,0.001, 0.000285785, 0.0305103, 0.0417737, 0.0822966, 0.112125, 0.127739, 0.160879, 0.475572, 0.203458, 0.597924, 0.682096, 0.883868, 1, 

37,288,0.001, 0.321409, 0.322416, 0.328197, 0.373862, 0.397502, 0.583753, 0.63184, 0.673797, 0.791074, 0.652821, 1, 

40,53,0.001, 0.0309845, 0.0464642, 0.095073, 0.148183, 0.233001, 0.2972, 0.413305, 0.503315, 0.593665, 0.597924, 0.682096, 0.883868, 1, 

Generation #3
39,93,0.001, 0.03044, 0.0852868, 0.129803, 0.172343, 0.217678, 0.228126, 0.260158, 0.293735, 0.305797, 0.37795, 1, 

41,48,0.001, 0.000285785, 0.0305103, 0.0417737, 0.0822966, 0.112125, 0.127739, 0.160879, 0.475572, 0.203458, 0.597924, 0.682096, 0.883868, 1, 

37,288,0.001, 0.321409, 0.322416, 0.328197, 0.373862, 0.397502, 0.583753, 0.63184, 0.673797, 0.791074, 0.652821, 1, 

40,53,0.001, 0.0309845, 0.0464642, 0.095073, 0.148183, 0.233001, 0.2972, 0.413305, 0.503315, 0.593665, 0.597924, 0.682096, 0.883868, 1, 

38,134,0.001, 0.000285785, 0.0305103, 0.102717, 0.0822966, 0.112125, 0.127739, 0.160879, 0.475572, 0.203458, 0.754, 0.922923, 0.979009, 1, 

58,32,0.001, 0.000285785, 0.0305103, 0.0417737, 0.0822966, 0.112125, 0.127739, 0.207239, 0.250248, 0.254439, 0.328696, 0.332377, 0.345521, 0.428886, 0.469603, 0.489246, 0.492866, 0.550813, 0.56447, 0.606608, 0.698499, 0.705423, 0.746767, 0.767956, 0.772961, 0.86435, 0.89867, 0.917781, 0.925073, 0.953463, 1, 

Generation #4
41,48,0.001, 0.000285785, 0.0305103, 0.0417737, 0.0822966, 0.112125, 0.127739, 0.160879, 0.475572, 0.203458, 0.597924, 0.682096, 0.883868, 1, 

40,53,0.001, 0.0309845, 0.0464642, 0.095073, 0.148183, 0.233001, 0.2972, 0.413305, 0.503315, 0.593665, 0.597924, 0.682096, 0.883868, 1, 

58,32,0.001, 0.000285785, 0.0305103, 0.0417737, 0.0822966, 0.112125, 0.127739, 0.207239, 0.250248, 0.254439, 0.328696, 0.332377, 0.345521, 0.428886, 0.469603, 0.489246, 0.492866, 0.550813, 0.56447, 0.606608, 0.698499, 0.705423, 0.746767, 0.767956, 0.772961, 0.86435, 0.89867, 0.917781, 0.925073, 0.953463, 1, 

38,73,0.001, 0.000285785, 0.0305103, 0.0417737, 0.0822966, 0.112125, 0.583753, 0.63184, 0.673797, 0.791074, 0.957082, 1, 

37,80,0.001, 0.0575558, 0.0660435, 0.102717, 0.246178, 0.348023, 0.370898, 0.478774, 0.6203, 0.99163, 1, 

Generation #5
41,48,0.001, 0.000285785, 0.0305103, 0.0417737, 0.0822966, 0.112125, 0.127739, 0.160879, 0.475572, 0.203458, 0.597924, 0.682096, 0.883868, 1, 

40,53,0.001, 0.0309845, 0.0464642, 0.095073, 0.148183, 0.233001, 0.2972, 0.413305, 0.503315, 0.593665, 0.597924, 0.682096, 0.883868, 1, 

58,32,0.001, 0.000285785, 0.0305103, 0.0417737, 0.0822966, 0.112125, 0.127739, 0.207239, 0.250248, 0.254439, 0.328696, 0.332377, 0.345521, 0.428886, 0.469603, 0.489246, 0.492866, 0.550813, 0.56447, 0.606608, 0.698499, 0.705423, 0.746767, 0.767956, 0.772961, 0.86435, 0.89867, 0.917781, 0.925073, 0.953463, 1, 

38,73,0.001, 0.000285785, 0.0305103, 0.0417737, 0.0822966, 0.112125, 0.583753, 0.63184, 0.673797, 0.791074, 0.957082, 1, 

37,80,0.001, 0.0575558, 0.0660435, 0.102717, 0.246178, 0.348023, 0.370898, 0.478774, 0.6203, 0.99163, 1, 

39,55,0.001, 0.0148791, 0.02982, 0.0440244, 0.135437, 0.15072, 0.153545, 0.207239, 0.250248, 0.328696, 0.332377, 0.345521, 1, 

Generation #6
58,32,0.001, 0.000285785, 0.0305103, 0.0417737, 0.0822966, 0.112125, 0.127739, 0.207239, 0.250248, 0.254439, 0.328696, 0.332377, 0.345521, 0.428886, 0.469603, 0.489246, 0.492866, 0.550813, 0.56447, 0.606608, 0.698499, 0.705423, 0.746767, 0.767956, 0.772961, 0.86435, 0.89867, 0.917781, 0.925073, 0.953463, 1, 

38,73,0.001, 0.000285785, 0.0305103, 0.0417737, 0.0822966, 0.112125, 0.583753, 0.63184, 0.673797, 0.791074, 0.957082, 1, 

37,80,0.001, 0.0575558, 0.0660435, 0.102717, 0.246178, 0.348023, 0.370898, 0.478774, 0.6203, 0.99163, 1, 

39,46,0.001, 0.000285785, 0.0305103, 0.0417737, 0.0822966, 0.112125, 0.127739, 0.160879, 0.475572, 0.203458, 0.597924, 0.682096, 0.883868, 1, 

Generation #7
58,32,0.001, 0.000285785, 0.0305103, 0.0417737, 0.0822966, 0.112125, 0.127739, 0.207239, 0.250248, 0.254439, 0.328696, 0.332377, 0.345521, 0.428886, 0.469603, 0.489246, 0.492866, 0.550813, 0.56447, 0.606608, 0.698499, 0.705423, 0.746767, 0.767956, 0.772961, 0.86435, 0.89867, 0.917781, 0.925073, 0.953463, 1, 

38,73,0.001, 0.000285785, 0.0305103, 0.0417737, 0.0822966, 0.112125, 0.583753, 0.63184, 0.673797, 0.791074, 0.957082, 1, 

37,80,0.001, 0.0575558, 0.0660435, 0.102717, 0.246178, 0.348023, 0.370898, 0.478774, 0.6203, 0.99163, 1, 

39,46,0.001, 0.000285785, 0.0305103, 0.0417737, 0.0822966, 0.112125, 0.127739, 0.160879, 0.475572, 0.203458, 0.597924, 0.682096, 0.883868, 1, 

Generation #8
58,32,0.001, 0.000285785, 0.0305103, 0.0417737, 0.0822966, 0.112125, 0.127739, 0.207239, 0.250248, 0.254439, 0.328696, 0.332377, 0.345521, 0.428886, 0.469603, 0.489246, 0.492866, 0.550813, 0.56447, 0.606608, 0.698499, 0.705423, 0.746767, 0.767956, 0.772961, 0.86435, 0.89867, 0.917781, 0.925073, 0.953463, 1, 

38,73,0.001, 0.000285785, 0.0305103, 0.0417737, 0.0822966, 0.112125, 0.583753, 0.63184, 0.673797, 0.791074, 0.957082, 1, 

37,80,0.001, 0.0575558, 0.0660435, 0.102717, 0.246178, 0.348023, 0.370898, 0.478774, 0.6203, 0.99163, 1, 

39,46,0.001, 0.000285785, 0.0305103, 0.0417737, 0.0822966, 0.112125, 0.127739, 0.160879, 0.475572, 0.203458, 0.597924, 0.682096, 0.883868, 1, 

Generation #9
58,32,0.001, 0.000285785, 0.0305103, 0.0417737, 0.0822966, 0.112125, 0.127739, 0.207239, 0.250248, 0.254439, 0.328696, 0.332377, 0.345521, 0.428886, 0.469603, 0.489246, 0.492866, 0.550813, 0.56447, 0.606608, 0.698499, 0.705423, 0.746767, 0.767956, 0.772961, 0.86435, 0.89867, 0.917781, 0.925073, 0.953463, 1, 

37,80,0.001, 0.0575558, 0.0660435, 0.102717, 0.246178, 0.348023, 0.370898, 0.478774, 0.6203, 0.99163, 1, 

39,46,0.001, 0.000285785, 0.0305103, 0.0417737, 0.0822966, 0.112125, 0.127739, 0.160879, 0.475572, 0.203458, 0.597924, 0.682096, 0.883868, 1, 

38,56,0.001, 0.0282057, 0.0660435, 0.102717, 0.252172, 0.306033, 0.273846, 0.520641, 0.59194, 0.597924, 0.682096, 0.883868, 1, 

Generation #10
58,32,0.001, 0.000285785, 0.0305103, 0.0417737, 0.0822966, 0.112125, 0.127739, 0.207239, 0.250248, 0.254439, 0.328696, 0.332377, 0.345521, 0.428886, 0.469603, 0.489246, 0.492866, 0.550813, 0.56447, 0.606608, 0.698499, 0.705423, 0.746767, 0.767956, 0.772961, 0.86435, 0.89867, 0.917781, 0.925073, 0.953463, 1, 

37,80,0.001, 0.0575558, 0.0660435, 0.102717, 0.246178, 0.348023, 0.370898, 0.478774, 0.6203, 0.99163, 1, 

39,46,0.001, 0.000285785, 0.0305103, 0.0417737, 0.0822966, 0.112125, 0.127739, 0.160879, 0.475572, 0.203458, 0.597924, 0.682096, 0.883868, 1, 

38,56,0.001, 0.0282057, 0.0660435, 0.102717, 0.252172, 0.306033, 0.273846, 0.520641, 0.59194, 0.597924, 0.682096, 0.883868, 1, 

36,90,0.001, 0.000285785, 0.0305103, 0.0417737, 0.0822966, 0.112125, 0.127739, 0.203458, 0.597924, 0.682096, 0.883868, 1, 

Generation #11
58,32,0.001, 0.000285785, 0.0305103, 0.0417737, 0.0822966, 0.112125, 0.127739, 0.207239, 0.250248, 0.254439, 0.328696, 0.332377, 0.345521, 0.428886, 0.469603, 0.489246, 0.492866, 0.550813, 0.56447, 0.606608, 0.698499, 0.705423, 0.746767, 0.767956, 0.772961, 0.86435, 0.89867, 0.917781, 0.925073, 0.953463, 1, 

39,46,0.001, 0.000285785, 0.0305103, 0.0417737, 0.0822966, 0.112125, 0.127739, 0.160879, 0.475572, 0.203458, 0.597924, 0.682096, 0.883868, 1, 

36,48,0.001, 0.000285785, 0.0305103, 0.0417737, 0.0822966, 0.112125, 0.127739, 0.160879, 0.203458, 0.308741, 0.597924, 0.345245, 0.883868, 1, 

Generation #12
58,32,0.001, 0.000285785, 0.0305103, 0.0417737, 0.0822966, 0.112125, 0.127739, 0.207239, 0.250248, 0.254439, 0.328696, 0.332377, 0.345521, 0.428886, 0.469603, 0.489246, 0.492866, 0.550813, 0.56447, 0.606608, 0.698499, 0.705423, 0.746767, 0.767956, 0.772961, 0.86435, 0.89867, 0.917781, 0.925073, 0.953463, 1, 

39,46,0.001, 0.000285785, 0.0305103, 0.0417737, 0.0822966, 0.112125, 0.127739, 0.160879, 0.475572, 0.203458, 0.597924, 0.682096, 0.883868, 1, 

36,48,0.001, 0.000285785, 0.0305103, 0.0417737, 0.0822966, 0.112125, 0.127739, 0.160879, 0.203458, 0.308741, 0.597924, 0.345245, 0.883868, 1, 

Generation #13
58,32,0.001, 0.000285785, 0.0305103, 0.0417737, 0.0822966, 0.112125, 0.127739, 0.207239, 0.250248, 0.254439, 0.328696, 0.332377, 0.345521, 0.428886, 0.469603, 0.489246, 0.492866, 0.550813, 0.56447, 0.606608, 0.698499, 0.705423, 0.746767, 0.767956, 0.772961, 0.86435, 0.89867, 0.917781, 0.925073, 0.953463, 1, 

39,46,0.001, 0.000285785, 0.0305103, 0.0417737, 0.0822966, 0.112125, 0.127739, 0.160879, 0.475572, 0.203458, 0.597924, 0.682096, 0.883868, 1, 

36,48,0.001, 0.000285785, 0.0305103, 0.0417737, 0.0822966, 0.112125, 0.127739, 0.160879, 0.203458, 0.308741, 0.597924, 0.345245, 0.883868, 1, 

Generation #14
58,32,0.001, 0.000285785, 0.0305103, 0.0417737, 0.0822966, 0.112125, 0.127739, 0.207239, 0.250248, 0.254439, 0.328696, 0.332377, 0.345521, 0.428886, 0.469603, 0.489246, 0.492866, 0.550813, 0.56447, 0.606608, 0.698499, 0.705423, 0.746767, 0.767956, 0.772961, 0.86435, 0.89867, 0.917781, 0.925073, 0.953463, 1, 

39,46,0.001, 0.000285785, 0.0305103, 0.0417737, 0.0822966, 0.112125, 0.127739, 0.160879, 0.475572, 0.203458, 0.597924, 0.682096, 0.883868, 1, 

36,48,0.001, 0.000285785, 0.0305103, 0.0417737, 0.0822966, 0.112125, 0.127739, 0.160879, 0.203458, 0.308741, 0.597924, 0.345245, 0.883868, 1, 

Generation #15
58,32,0.001, 0.000285785, 0.0305103, 0.0417737, 0.0822966, 0.112125, 0.127739, 0.207239, 0.250248, 0.254439, 0.328696, 0.332377, 0.345521, 0.428886, 0.469603, 0.489246, 0.492866, 0.550813, 0.56447, 0.606608, 0.698499, 0.705423, 0.746767, 0.767956, 0.772961, 0.86435, 0.89867, 0.917781, 0.925073, 0.953463, 1, 

39,46,0.001, 0.000285785, 0.0305103, 0.0417737, 0.0822966, 0.112125, 0.127739, 0.160879, 0.475572, 0.203458, 0.597924, 0.682096, 0.883868, 1, 

36,48,0.001, 0.000285785, 0.0305103, 0.0417737, 0.0822966, 0.112125, 0.127739, 0.160879, 0.203458, 0.308741, 0.597924, 0.345245, 0.883868, 1, 

34,84,0.001, 0.000285785, 0.0305103, 0.135437, 0.112125, 0.127739, 0.160879, 0.475572, 0.203458, 0.597924, 1, 

Generation #16
58,32,0.001, 0.000285785, 0.0305103, 0.0417737, 0.0822966, 0.112125, 0.127739, 0.207239, 0.250248, 0.254439, 0.328696, 0.332377, 0.345521, 0.428886, 0.469603, 0.489246, 0.492866, 0.550813, 0.56447, 0.606608, 0.698499, 0.705423, 0.746767, 0.767956, 0.772961, 0.86435, 0.89867, 0.917781, 0.925073, 0.953463, 1, 

39,46,0.001, 0.000285785, 0.0305103, 0.0417737, 0.0822966, 0.112125, 0.127739, 0.160879, 0.475572, 0.203458, 0.597924, 0.682096, 0.883868, 1, 

36,48,0.001, 0.000285785, 0.0305103, 0.0417737, 0.0822966, 0.112125, 0.127739, 0.160879, 0.203458, 0.308741, 0.597924, 0.345245, 0.883868, 1, 

34,84,0.001, 0.000285785, 0.0305103, 0.135437, 0.112125, 0.127739, 0.160879, 0.475572, 0.203458, 0.597924, 1, 

Generation #17
58,32,0.001, 0.000285785, 0.0305103, 0.0417737, 0.0822966, 0.112125, 0.127739, 0.207239, 0.250248, 0.254439, 0.328696, 0.332377, 0.345521, 0.428886, 0.469603, 0.489246, 0.492866, 0.550813, 0.56447, 0.606608, 0.698499, 0.705423, 0.746767, 0.767956, 0.772961, 0.86435, 0.89867, 0.917781, 0.925073, 0.953463, 1, 

39,46,0.001, 0.000285785, 0.0305103, 0.0417737, 0.0822966, 0.112125, 0.127739, 0.160879, 0.475572, 0.203458, 0.597924, 0.682096, 0.883868, 1, 

36,48,0.001, 0.000285785, 0.0305103, 0.0417737, 0.0822966, 0.112125, 0.127739, 0.160879, 0.203458, 0.308741, 0.597924, 0.345245, 0.883868, 1, 

34,84,0.001, 0.000285785, 0.0305103, 0.135437, 0.112125, 0.127739, 0.160879, 0.475572, 0.203458, 0.597924, 1, 

Generation #18
58,32,0.001, 0.000285785, 0.0305103, 0.0417737, 0.0822966, 0.112125, 0.127739, 0.207239, 0.250248, 0.254439, 0.328696, 0.332377, 0.345521, 0.428886, 0.469603, 0.489246, 0.492866, 0.550813, 0.56447, 0.606608, 0.698499, 0.705423, 0.746767, 0.767956, 0.772961, 0.86435, 0.89867, 0.917781, 0.925073, 0.953463, 1, 

39,46,0.001, 0.000285785, 0.0305103, 0.0417737, 0.0822966, 0.112125, 0.127739, 0.160879, 0.475572, 0.203458, 0.597924, 0.682096, 0.883868, 1, 

36,48,0.001, 0.000285785, 0.0305103, 0.0417737, 0.0822966, 0.112125, 0.127739, 0.160879, 0.203458, 0.308741, 0.597924, 0.345245, 0.883868, 1, 

34,84,0.001, 0.000285785, 0.0305103, 0.135437, 0.112125, 0.127739, 0.160879, 0.475572, 0.203458, 0.597924, 1, 

42,45,0.001, 0.0148791, 0.02982, 0.0440244, 0.135437, 0.15072, 0.153545, 0.207239, 0.250248, 0.332377, 0.14266, 0.763815, 0.345521, 1, 

Generation #19
58,32,0.001, 0.000285785, 0.0305103, 0.0417737, 0.0822966, 0.112125, 0.127739, 0.207239, 0.250248, 0.254439, 0.328696, 0.332377, 0.345521, 0.428886, 0.469603, 0.489246, 0.492866, 0.550813, 0.56447, 0.606608, 0.698499, 0.705423, 0.746767, 0.767956, 0.772961, 0.86435, 0.89867, 0.917781, 0.925073, 0.953463, 1, 

39,46,0.001, 0.000285785, 0.0305103, 0.0417737, 0.0822966, 0.112125, 0.127739, 0.160879, 0.475572, 0.203458, 0.597924, 0.682096, 0.883868, 1, 

36,48,0.001, 0.000285785, 0.0305103, 0.0417737, 0.0822966, 0.112125, 0.127739, 0.160879, 0.203458, 0.308741, 0.597924, 0.345245, 0.883868, 1, 

34,84,0.001, 0.000285785, 0.0305103, 0.135437, 0.112125, 0.127739, 0.160879, 0.475572, 0.203458, 0.597924, 1, 

42,45,0.001, 0.0148791, 0.02982, 0.0440244, 0.135437, 0.15072, 0.153545, 0.207239, 0.250248, 0.332377, 0.14266, 0.763815, 0.345521, 1, 

Generation #20
58,32,0.001, 0.000285785, 0.0305103, 0.0417737, 0.0822966, 0.112125, 0.127739, 0.207239, 0.250248, 0.254439, 0.328696, 0.332377, 0.345521, 0.428886, 0.469603, 0.489246, 0.492866, 0.550813, 0.56447, 0.606608, 0.698499, 0.705423, 0.746767, 0.767956, 0.772961, 0.86435, 0.89867, 0.917781, 0.925073, 0.953463, 1, 

39,46,0.001, 0.000285785, 0.0305103, 0.0417737, 0.0822966, 0.112125, 0.127739, 0.160879, 0.475572, 0.203458, 0.597924, 0.682096, 0.883868, 1, 

36,48,0.001, 0.000285785, 0.0305103, 0.0417737, 0.0822966, 0.112125, 0.127739, 0.160879, 0.203458, 0.308741, 0.597924, 0.345245, 0.883868, 1, 

34,84,0.001, 0.000285785, 0.0305103, 0.135437, 0.112125, 0.127739, 0.160879, 0.475572, 0.203458, 0.597924, 1, 

42,45,0.001, 0.0148791, 0.02982, 0.0440244, 0.135437, 0.15072, 0.153545, 0.207239, 0.250248, 0.332377, 0.14266, 0.763815, 0.345521, 1, 

Generation #21
58,32,0.001, 0.000285785, 0.0305103, 0.0417737, 0.0822966, 0.112125, 0.127739, 0.207239, 0.250248, 0.254439, 0.328696, 0.332377, 0.345521, 0.428886, 0.469603, 0.489246, 0.492866, 0.550813, 0.56447, 0.606608, 0.698499, 0.705423, 0.746767, 0.767956, 0.772961, 0.86435, 0.89867, 0.917781, 0.925073, 0.953463, 1, 

39,46,0.001, 0.000285785, 0.0305103, 0.0417737, 0.0822966, 0.112125, 0.127739, 0.160879, 0.475572, 0.203458, 0.597924, 0.682096, 0.883868, 1, 

36,48,0.001, 0.000285785, 0.0305103, 0.0417737, 0.0822966, 0.112125, 0.127739, 0.160879, 0.203458, 0.308741, 0.597924, 0.345245, 0.883868, 1, 

34,84,0.001, 0.000285785, 0.0305103, 0.135437, 0.112125, 0.127739, 0.160879, 0.475572, 0.203458, 0.597924, 1, 

42,45,0.001, 0.0148791, 0.02982, 0.0440244, 0.135437, 0.15072, 0.153545, 0.207239, 0.250248, 0.332377, 0.14266, 0.763815, 0.345521, 1, 

Generation #22
58,32,0.001, 0.000285785, 0.0305103, 0.0417737, 0.0822966, 0.112125, 0.127739, 0.207239, 0.250248, 0.254439, 0.328696, 0.332377, 0.345521, 0.428886, 0.469603, 0.489246, 0.492866, 0.550813, 0.56447, 0.606608, 0.698499, 0.705423, 0.746767, 0.767956, 0.772961, 0.86435, 0.89867, 0.917781, 0.925073, 0.953463, 1, 

36,48,0.001, 0.000285785, 0.0305103, 0.0417737, 0.0822966, 0.112125, 0.127739, 0.160879, 0.203458, 0.308741, 0.597924, 0.345245, 0.883868, 1, 

34,84,0.001, 0.000285785, 0.0305103, 0.135437, 0.112125, 0.127739, 0.160879, 0.475572, 0.203458, 0.597924, 1, 

33,91,0.001, 0.000285785, 0.0305103, 0.0417737, 0.0822966, 0.112125, 0.207239, 0.207239, 0.250248, 0.254439, 1, 

37,44,0.001, 0.0148791, 0.02982, 0.0440244, 0.135437, 0.15072, 0.153545, 0.207239, 0.250248, 0.332377, 0.14266, 0.345521, 1, 

Generation #23
58,32,0.001, 0.000285785, 0.0305103, 0.0417737, 0.0822966, 0.112125, 0.127739, 0.207239, 0.250248, 0.254439, 0.328696, 0.332377, 0.345521, 0.428886, 0.469603, 0.489246, 0.492866, 0.550813, 0.56447, 0.606608, 0.698499, 0.705423, 0.746767, 0.767956, 0.772961, 0.86435, 0.89867, 0.917781, 0.925073, 0.953463, 1, 

36,48,0.001, 0.000285785, 0.0305103, 0.0417737, 0.0822966, 0.112125, 0.127739, 0.160879, 0.203458, 0.308741, 0.597924, 0.345245, 0.883868, 1, 

34,84,0.001, 0.000285785, 0.0305103, 0.135437, 0.112125, 0.127739, 0.160879, 0.475572, 0.203458, 0.597924, 1, 

33,91,0.001, 0.000285785, 0.0305103, 0.0417737, 0.0822966, 0.112125, 0.207239, 0.207239, 0.250248, 0.254439, 1, 

37,44,0.001, 0.0148791, 0.02982, 0.0440244, 0.135437, 0.15072, 0.153545, 0.207239, 0.250248, 0.332377, 0.14266, 0.345521, 1, 

Generation #24
58,32,0.001, 0.000285785, 0.0305103, 0.0417737, 0.0822966, 0.112125, 0.127739, 0.207239, 0.250248, 0.254439, 0.328696, 0.332377, 0.345521, 0.428886, 0.469603, 0.489246, 0.492866, 0.550813, 0.56447, 0.606608, 0.698499, 0.705423, 0.746767, 0.767956, 0.772961, 0.86435, 0.89867, 0.917781, 0.925073, 0.953463, 1, 

36,48,0.001, 0.000285785, 0.0305103, 0.0417737, 0.0822966, 0.112125, 0.127739, 0.160879, 0.203458, 0.308741, 0.597924, 0.345245, 0.883868, 1, 

34,84,0.001, 0.000285785, 0.0305103, 0.135437, 0.112125, 0.127739, 0.160879, 0.475572, 0.203458, 0.597924, 1, 

33,91,0.001, 0.000285785, 0.0305103, 0.0417737, 0.0822966, 0.112125, 0.207239, 0.207239, 0.250248, 0.254439, 1, 

37,44,0.001, 0.0148791, 0.02982, 0.0440244, 0.135437, 0.15072, 0.153545, 0.207239, 0.250248, 0.332377, 0.14266, 0.345521, 1, 

Generation #25
58,32,0.001, 0.000285785, 0.0305103, 0.0417737, 0.0822966, 0.112125, 0.127739, 0.207239, 0.250248, 0.254439, 0.328696, 0.332377, 0.345521, 0.428886, 0.469603, 0.489246, 0.492866, 0.550813, 0.56447, 0.606608, 0.698499, 0.705423, 0.746767, 0.767956, 0.772961, 0.86435, 0.89867, 0.917781, 0.925073, 0.953463, 1, 

36,48,0.001, 0.000285785, 0.0305103, 0.0417737, 0.0822966, 0.112125, 0.127739, 0.160879, 0.203458, 0.308741, 0.597924, 0.345245, 0.883868, 1, 

34,84,0.001, 0.000285785, 0.0305103, 0.135437, 0.112125, 0.127739, 0.160879, 0.475572, 0.203458, 0.597924, 1, 

33,91,0.001, 0.000285785, 0.0305103, 0.0417737, 0.0822966, 0.112125, 0.207239, 0.207239, 0.250248, 0.254439, 1, 

37,44,0.001, 0.0148791, 0.02982, 0.0440244, 0.135437, 0.15072, 0.153545, 0.207239, 0.250248, 0.332377, 0.14266, 0.345521, 1, 

Generation #26
58,32,0.001, 0.000285785, 0.0305103, 0.0417737, 0.0822966, 0.112125, 0.127739, 0.207239, 0.250248, 0.254439, 0.328696, 0.332377, 0.345521, 0.428886, 0.469603, 0.489246, 0.492866, 0.550813, 0.56447, 0.606608, 0.698499, 0.705423, 0.746767, 0.767956, 0.772961, 0.86435, 0.89867, 0.917781, 0.925073, 0.953463, 1, 

36,48,0.001, 0.000285785, 0.0305103, 0.0417737, 0.0822966, 0.112125, 0.127739, 0.160879, 0.203458, 0.308741, 0.597924, 0.345245, 0.883868, 1, 

33,91,0.001, 0.000285785, 0.0305103, 0.0417737, 0.0822966, 0.112125, 0.207239, 0.207239, 0.250248, 0.254439, 1, 

37,44,0.001, 0.0148791, 0.02982, 0.0440244, 0.135437, 0.15072, 0.153545, 0.207239, 0.250248, 0.332377, 0.14266, 0.345521, 1, 

34,53,0.001, 0.000285785, 0.0305103, 0.0417737, 0.0822966, 0.112125, 0.127739, 0.160879, 0.250248, 0.328696, 1, 

Generation #27
58,32,0.001, 0.000285785, 0.0305103, 0.0417737, 0.0822966, 0.112125, 0.127739, 0.207239, 0.250248, 0.254439, 0.328696, 0.332377, 0.345521, 0.428886, 0.469603, 0.489246, 0.492866, 0.550813, 0.56447, 0.606608, 0.698499, 0.705423, 0.746767, 0.767956, 0.772961, 0.86435, 0.89867, 0.917781, 0.925073, 0.953463, 1, 

36,48,0.001, 0.000285785, 0.0305103, 0.0417737, 0.0822966, 0.112125, 0.127739, 0.160879, 0.203458, 0.308741, 0.597924, 0.345245, 0.883868, 1, 

33,91,0.001, 0.000285785, 0.0305103, 0.0417737, 0.0822966, 0.112125, 0.207239, 0.207239, 0.250248, 0.254439, 1, 

37,44,0.001, 0.0148791, 0.02982, 0.0440244, 0.135437, 0.15072, 0.153545, 0.207239, 0.250248, 0.332377, 0.14266, 0.345521, 1, 

34,53,0.001, 0.000285785, 0.0305103, 0.0417737, 0.0822966, 0.112125, 0.127739, 0.160879, 0.250248, 0.328696, 1, 

Generation #28
58,32,0.001, 0.000285785, 0.0305103, 0.0417737, 0.0822966, 0.112125, 0.127739, 0.207239, 0.250248, 0.254439, 0.328696, 0.332377, 0.345521, 0.428886, 0.469603, 0.489246, 0.492866, 0.550813, 0.56447, 0.606608, 0.698499, 0.705423, 0.746767, 0.767956, 0.772961, 0.86435, 0.89867, 0.917781, 0.925073, 0.953463, 1, 

36,48,0.001, 0.000285785, 0.0305103, 0.0417737, 0.0822966, 0.112125, 0.127739, 0.160879, 0.203458, 0.308741, 0.597924, 0.345245, 0.883868, 1, 

33,91,0.001, 0.000285785, 0.0305103, 0.0417737, 0.0822966, 0.112125, 0.207239, 0.207239, 0.250248, 0.254439, 1, 

37,44,0.001, 0.0148791, 0.02982, 0.0440244, 0.135437, 0.15072, 0.153545, 0.207239, 0.250248, 0.332377, 0.14266, 0.345521, 1, 

34,53,0.001, 0.000285785, 0.0305103, 0.0417737, 0.0822966, 0.112125, 0.127739, 0.160879, 0.250248, 0.328696, 1, 

Generation #29
58,32,0.001, 0.000285785, 0.0305103, 0.0417737, 0.0822966, 0.112125, 0.127739, 0.207239, 0.250248, 0.254439, 0.328696, 0.332377, 0.345521, 0.428886, 0.469603, 0.489246, 0.492866, 0.550813, 0.56447, 0.606608, 0.698499, 0.705423, 0.746767, 0.767956, 0.772961, 0.86435, 0.89867, 0.917781, 0.925073, 0.953463, 1, 

36,48,0.001, 0.000285785, 0.0305103, 0.0417737, 0.0822966, 0.112125, 0.127739, 0.160879, 0.203458, 0.308741, 0.597924, 0.345245, 0.883868, 1, 

33,91,0.001, 0.000285785, 0.0305103, 0.0417737, 0.0822966, 0.112125, 0.207239, 0.207239, 0.250248, 0.254439, 1, 

37,44,0.001, 0.0148791, 0.02982, 0.0440244, 0.135437, 0.15072, 0.153545, 0.207239, 0.250248, 0.332377, 0.14266, 0.345521, 1, 

34,53,0.001, 0.000285785, 0.0305103, 0.0417737, 0.0822966, 0.112125, 0.127739, 0.160879, 0.250248, 0.328696, 1, 

Generation #30
58,32,0.001, 0.000285785, 0.0305103, 0.0417737, 0.0822966, 0.112125, 0.127739, 0.207239, 0.250248, 0.254439, 0.328696, 0.332377, 0.345521, 0.428886, 0.469603, 0.489246, 0.492866, 0.550813, 0.56447, 0.606608, 0.698499, 0.705423, 0.746767, 0.767956, 0.772961, 0.86435, 0.89867, 0.917781, 0.925073, 0.953463, 1, 

36,48,0.001, 0.000285785, 0.0305103, 0.0417737, 0.0822966, 0.112125, 0.127739, 0.160879, 0.203458, 0.308741, 0.597924, 0.345245, 0.883868, 1, 

33,91,0.001, 0.000285785, 0.0305103, 0.0417737, 0.0822966, 0.112125, 0.207239, 0.207239, 0.250248, 0.254439, 1, 

37,44,0.001, 0.0148791, 0.02982, 0.0440244, 0.135437, 0.15072, 0.153545, 0.207239, 0.250248, 0.332377, 0.14266, 0.345521, 1, 

34,53,0.001, 0.000285785, 0.0305103, 0.0417737, 0.0822966, 0.112125, 0.127739, 0.160879, 0.250248, 0.328696, 1, 

Generation #31
58,32,0.001, 0.000285785, 0.0305103, 0.0417737, 0.0822966, 0.112125, 0.127739, 0.207239, 0.250248, 0.254439, 0.328696, 0.332377, 0.345521, 0.428886, 0.469603, 0.489246, 0.492866, 0.550813, 0.56447, 0.606608, 0.698499, 0.705423, 0.746767, 0.767956, 0.772961, 0.86435, 0.89867, 0.917781, 0.925073, 0.953463, 1, 

36,48,0.001, 0.000285785, 0.0305103, 0.0417737, 0.0822966, 0.112125, 0.127739, 0.160879, 0.203458, 0.308741, 0.597924, 0.345245, 0.883868, 1, 

33,91,0.001, 0.000285785, 0.0305103, 0.0417737, 0.0822966, 0.112125, 0.207239, 0.207239, 0.250248, 0.254439, 1, 

37,44,0.001, 0.0148791, 0.02982, 0.0440244, 0.135437, 0.15072, 0.153545, 0.207239, 0.250248, 0.332377, 0.14266, 0.345521, 1, 

34,53,0.001, 0.000285785, 0.0305103, 0.0417737, 0.0822966, 0.112125, 0.127739, 0.160879, 0.250248, 0.328696, 1, 

Generation #32
58,32,0.001, 0.000285785, 0.0305103, 0.0417737, 0.0822966, 0.112125, 0.127739, 0.207239, 0.250248, 0.254439, 0.328696, 0.332377, 0.345521, 0.428886, 0.469603, 0.489246, 0.492866, 0.550813, 0.56447, 0.606608, 0.698499, 0.705423, 0.746767, 0.767956, 0.772961, 0.86435, 0.89867, 0.917781, 0.925073, 0.953463, 1, 

36,48,0.001, 0.000285785, 0.0305103, 0.0417737, 0.0822966, 0.112125, 0.127739, 0.160879, 0.203458, 0.308741, 0.597924, 0.345245, 0.883868, 1, 

33,91,0.001, 0.000285785, 0.0305103, 0.0417737, 0.0822966, 0.112125, 0.207239, 0.207239, 0.250248, 0.254439, 1, 

37,44,0.001, 0.0148791, 0.02982, 0.0440244, 0.135437, 0.15072, 0.153545, 0.207239, 0.250248, 0.332377, 0.14266, 0.345521, 1, 

34,53,0.001, 0.000285785, 0.0305103, 0.0417737, 0.0822966, 0.112125, 0.127739, 0.160879, 0.250248, 0.328696, 1, 

Generation #33
58,32,0.001, 0.000285785, 0.0305103, 0.0417737, 0.0822966, 0.112125, 0.127739, 0.207239, 0.250248, 0.254439, 0.328696, 0.332377, 0.345521, 0.428886, 0.469603, 0.489246, 0.492866, 0.550813, 0.56447, 0.606608, 0.698499, 0.705423, 0.746767, 0.767956, 0.772961, 0.86435, 0.89867, 0.917781, 0.925073, 0.953463, 1, 

36,48,0.001, 0.000285785, 0.0305103, 0.0417737, 0.0822966, 0.112125, 0.127739, 0.160879, 0.203458, 0.308741, 0.597924, 0.345245, 0.883868, 1, 

33,91,0.001, 0.000285785, 0.0305103, 0.0417737, 0.0822966, 0.112125, 0.207239, 0.207239, 0.250248, 0.254439, 1, 

37,44,0.001, 0.0148791, 0.02982, 0.0440244, 0.135437, 0.15072, 0.153545, 0.207239, 0.250248, 0.332377, 0.14266, 0.345521, 1, 

34,53,0.001, 0.000285785, 0.0305103, 0.0417737, 0.0822966, 0.112125, 0.127739, 0.160879, 0.250248, 0.328696, 1, 

42,40,0.001, 0.0148791, 0.02982, 0.0440244, 0.135437, 0.15072, 0.153545, 0.207239, 0.250248, 0.328696, 0.597924, 0.345245, 0.883868, 1, 

Generation #34
58,32,0.001, 0.000285785, 0.0305103, 0.0417737, 0.0822966, 0.112125, 0.127739, 0.207239, 0.250248, 0.254439, 0.328696, 0.332377, 0.345521, 0.428886, 0.469603, 0.489246, 0.492866, 0.550813, 0.56447, 0.606608, 0.698499, 0.705423, 0.746767, 0.767956, 0.772961, 0.86435, 0.89867, 0.917781, 0.925073, 0.953463, 1, 

33,91,0.001, 0.000285785, 0.0305103, 0.0417737, 0.0822966, 0.112125, 0.207239, 0.207239, 0.250248, 0.254439, 1, 

37,44,0.001, 0.0148791, 0.02982, 0.0440244, 0.135437, 0.15072, 0.153545, 0.207239, 0.250248, 0.332377, 0.14266, 0.345521, 1, 

42,40,0.001, 0.0148791, 0.02982, 0.0440244, 0.135437, 0.15072, 0.153545, 0.207239, 0.250248, 0.328696, 0.597924, 0.345245, 0.883868, 1, 

34,46,0.001, 0.0148791, 0.02982, 0.0440244, 0.135437, 0.15072, 0.127739, 0.160879, 0.250248, 0.254439, 1, 

Generation #35
58,32,0.001, 0.000285785, 0.0305103, 0.0417737, 0.0822966, 0.112125, 0.127739, 0.207239, 0.250248, 0.254439, 0.328696, 0.332377, 0.345521, 0.428886, 0.469603, 0.489246, 0.492866, 0.550813, 0.56447, 0.606608, 0.698499, 0.705423, 0.746767, 0.767956, 0.772961, 0.86435, 0.89867, 0.917781, 0.925073, 0.953463, 1, 

33,91,0.001, 0.000285785, 0.0305103, 0.0417737, 0.0822966, 0.112125, 0.207239, 0.207239, 0.250248, 0.254439, 1, 

37,44,0.001, 0.0148791, 0.02982, 0.0440244, 0.135437, 0.15072, 0.153545, 0.207239, 0.250248, 0.332377, 0.14266, 0.345521, 1, 

42,40,0.001, 0.0148791, 0.02982, 0.0440244, 0.135437, 0.15072, 0.153545, 0.207239, 0.250248, 0.328696, 0.597924, 0.345245, 0.883868, 1, 

34,46,0.001, 0.0148791, 0.02982, 0.0440244, 0.135437, 0.15072, 0.127739, 0.160879, 0.250248, 0.254439, 1, 

Generation #36
58,32,0.001, 0.000285785, 0.0305103, 0.0417737, 0.0822966, 0.112125, 0.127739, 0.207239, 0.250248, 0.254439, 0.328696, 0.332377, 0.345521, 0.428886, 0.469603, 0.489246, 0.492866, 0.550813, 0.56447, 0.606608, 0.698499, 0.705423, 0.746767, 0.767956, 0.772961, 0.86435, 0.89867, 0.917781, 0.925073, 0.953463, 1, 

33,91,0.001, 0.000285785, 0.0305103, 0.0417737, 0.0822966, 0.112125, 0.207239, 0.207239, 0.250248, 0.254439, 1, 

37,44,0.001, 0.0148791, 0.02982, 0.0440244, 0.135437, 0.15072, 0.153545, 0.207239, 0.250248, 0.332377, 0.14266, 0.345521, 1, 

42,40,0.001, 0.0148791, 0.02982, 0.0440244, 0.135437, 0.15072, 0.153545, 0.207239, 0.250248, 0.328696, 0.597924, 0.345245, 0.883868, 1, 

34,46,0.001, 0.0148791, 0.02982, 0.0440244, 0.135437, 0.15072, 0.127739, 0.160879, 0.250248, 0.254439, 1, 

Generation #37
58,32,0.001, 0.000285785, 0.0305103, 0.0417737, 0.0822966, 0.112125, 0.127739, 0.207239, 0.250248, 0.254439, 0.328696, 0.332377, 0.345521, 0.428886, 0.469603, 0.489246, 0.492866, 0.550813, 0.56447, 0.606608, 0.698499, 0.705423, 0.746767, 0.767956, 0.772961, 0.86435, 0.89867, 0.917781, 0.925073, 0.953463, 1, 

33,91,0.001, 0.000285785, 0.0305103, 0.0417737, 0.0822966, 0.112125, 0.207239, 0.207239, 0.250248, 0.254439, 1, 

42,40,0.001, 0.0148791, 0.02982, 0.0440244, 0.135437, 0.15072, 0.153545, 0.207239, 0.250248, 0.328696, 0.597924, 0.345245, 0.883868, 1, 

34,46,0.001, 0.0148791, 0.02982, 0.0440244, 0.135437, 0.15072, 0.127739, 0.160879, 0.250248, 0.254439, 1, 

37,43,0.001, 0.0148791, 0.02982, 0.0440244, 0.135437, 0.01152, 0.127739, 0.207239, 0.203458, 0.597924, 1, 

Generation #38
58,32,0.001, 0.000285785, 0.0305103, 0.0417737, 0.0822966, 0.112125, 0.127739, 0.207239, 0.250248, 0.254439, 0.328696, 0.332377, 0.345521, 0.428886, 0.469603, 0.489246, 0.492866, 0.550813, 0.56447, 0.606608, 0.698499, 0.705423, 0.746767, 0.767956, 0.772961, 0.86435, 0.89867, 0.917781, 0.925073, 0.953463, 1, 

33,91,0.001, 0.000285785, 0.0305103, 0.0417737, 0.0822966, 0.112125, 0.207239, 0.207239, 0.250248, 0.254439, 1, 

42,40,0.001, 0.0148791, 0.02982, 0.0440244, 0.135437, 0.15072, 0.153545, 0.207239, 0.250248, 0.328696, 0.597924, 0.345245, 0.883868, 1, 

34,46,0.001, 0.0148791, 0.02982, 0.0440244, 0.135437, 0.15072, 0.127739, 0.160879, 0.250248, 0.254439, 1, 

37,43,0.001, 0.0148791, 0.02982, 0.0440244, 0.135437, 0.01152, 0.127739, 0.207239, 0.203458, 0.597924, 1, 

Generation #39
58,32,0.001, 0.000285785, 0.0305103, 0.0417737, 0.0822966, 0.112125, 0.127739, 0.207239, 0.250248, 0.254439, 0.328696, 0.332377, 0.345521, 0.428886, 0.469603, 0.489246, 0.492866, 0.550813, 0.56447, 0.606608, 0.698499, 0.705423, 0.746767, 0.767956, 0.772961, 0.86435, 0.89867, 0.917781, 0.925073, 0.953463, 1, 

33,91,0.001, 0.000285785, 0.0305103, 0.0417737, 0.0822966, 0.112125, 0.207239, 0.207239, 0.250248, 0.254439, 1, 

42,40,0.001, 0.0148791, 0.02982, 0.0440244, 0.135437, 0.15072, 0.153545, 0.207239, 0.250248, 0.328696, 0.597924, 0.345245, 0.883868, 1, 

34,46,0.001, 0.0148791, 0.02982, 0.0440244, 0.135437, 0.15072, 0.127739, 0.160879, 0.250248, 0.254439, 1, 

37,43,0.001, 0.0148791, 0.02982, 0.0440244, 0.135437, 0.01152, 0.127739, 0.207239, 0.203458, 0.597924, 1, 

Generation #40
58,32,0.001, 0.000285785, 0.0305103, 0.0417737, 0.0822966, 0.112125, 0.127739, 0.207239, 0.250248, 0.254439, 0.328696, 0.332377, 0.345521, 0.428886, 0.469603, 0.489246, 0.492866, 0.550813, 0.56447, 0.606608, 0.698499, 0.705423, 0.746767, 0.767956, 0.772961, 0.86435, 0.89867, 0.917781, 0.925073, 0.953463, 1, 

33,91,0.001, 0.000285785, 0.0305103, 0.0417737, 0.0822966, 0.112125, 0.207239, 0.207239, 0.250248, 0.254439, 1, 

42,40,0.001, 0.0148791, 0.02982, 0.0440244, 0.135437, 0.15072, 0.153545, 0.207239, 0.250248, 0.328696, 0.597924, 0.345245, 0.883868, 1, 

34,46,0.001, 0.0148791, 0.02982, 0.0440244, 0.135437, 0.15072, 0.127739, 0.160879, 0.250248, 0.254439, 1, 

37,43,0.001, 0.0148791, 0.02982, 0.0440244, 0.135437, 0.01152, 0.127739, 0.207239, 0.203458, 0.597924, 1, 

Generation #41
58,32,0.001, 0.000285785, 0.0305103, 0.0417737, 0.0822966, 0.112125, 0.127739, 0.207239, 0.250248, 0.254439, 0.328696, 0.332377, 0.345521, 0.428886, 0.469603, 0.489246, 0.492866, 0.550813, 0.56447, 0.606608, 0.698499, 0.705423, 0.746767, 0.767956, 0.772961, 0.86435, 0.89867, 0.917781, 0.925073, 0.953463, 1, 

33,91,0.001, 0.000285785, 0.0305103, 0.0417737, 0.0822966, 0.112125, 0.207239, 0.207239, 0.250248, 0.254439, 1, 

34,46,0.001, 0.0148791, 0.02982, 0.0440244, 0.135437, 0.15072, 0.127739, 0.160879, 0.250248, 0.254439, 1, 

37,43,0.001, 0.0148791, 0.02982, 0.0440244, 0.135437, 0.01152, 0.127739, 0.207239, 0.203458, 0.597924, 1, 

38,36,0.001, 0.0148791, 0.02982, 0.0440244, 0.0850486, 0.112125, 0.207239, 0.250248, 0.328696, 0.883868, 1, 

Generation #42
58,32,0.001, 0.000285785, 0.0305103, 0.0417737, 0.0822966, 0.112125, 0.127739, 0.207239, 0.250248, 0.254439, 0.328696, 0.332377, 0.345521, 0.428886, 0.469603, 0.489246, 0.492866, 0.550813, 0.56447, 0.606608, 0.698499, 0.705423, 0.746767, 0.767956, 0.772961, 0.86435, 0.89867, 0.917781, 0.925073, 0.953463, 1, 

33,91,0.001, 0.000285785, 0.0305103, 0.0417737, 0.0822966, 0.112125, 0.207239, 0.207239, 0.250248, 0.254439, 1, 

34,46,0.001, 0.0148791, 0.02982, 0.0440244, 0.135437, 0.15072, 0.127739, 0.160879, 0.250248, 0.254439, 1, 

37,43,0.001, 0.0148791, 0.02982, 0.0440244, 0.135437, 0.01152, 0.127739, 0.207239, 0.203458, 0.597924, 1, 

38,36,0.001, 0.0148791, 0.02982, 0.0440244, 0.0850486, 0.112125, 0.207239, 0.250248, 0.328696, 0.883868, 1, 

Generation #43
58,32,0.001, 0.000285785, 0.0305103, 0.0417737, 0.0822966, 0.112125, 0.127739, 0.207239, 0.250248, 0.254439, 0.328696, 0.332377, 0.345521, 0.428886, 0.469603, 0.489246, 0.492866, 0.550813, 0.56447, 0.606608, 0.698499, 0.705423, 0.746767, 0.767956, 0.772961, 0.86435, 0.89867, 0.917781, 0.925073, 0.953463, 1, 

33,91,0.001, 0.000285785, 0.0305103, 0.0417737, 0.0822966, 0.112125, 0.207239, 0.207239, 0.250248, 0.254439, 1, 

34,46,0.001, 0.0148791, 0.02982, 0.0440244, 0.135437, 0.15072, 0.127739, 0.160879, 0.250248, 0.254439, 1, 

37,43,0.001, 0.0148791, 0.02982, 0.0440244, 0.135437, 0.01152, 0.127739, 0.207239, 0.203458, 0.597924, 1, 

38,36,0.001, 0.0148791, 0.02982, 0.0440244, 0.0850486, 0.112125, 0.207239, 0.250248, 0.328696, 0.883868, 1, 

Generation #44
58,32,0.001, 0.000285785, 0.0305103, 0.0417737, 0.0822966, 0.112125, 0.127739, 0.207239, 0.250248, 0.254439, 0.328696, 0.332377, 0.345521, 0.428886, 0.469603, 0.489246, 0.492866, 0.550813, 0.56447, 0.606608, 0.698499, 0.705423, 0.746767, 0.767956, 0.772961, 0.86435, 0.89867, 0.917781, 0.925073, 0.953463, 1, 

33,91,0.001, 0.000285785, 0.0305103, 0.0417737, 0.0822966, 0.112125, 0.207239, 0.207239, 0.250248, 0.254439, 1, 

34,46,0.001, 0.0148791, 0.02982, 0.0440244, 0.135437, 0.15072, 0.127739, 0.160879, 0.250248, 0.254439, 1, 

37,43,0.001, 0.0148791, 0.02982, 0.0440244, 0.135437, 0.01152, 0.127739, 0.207239, 0.203458, 0.597924, 1, 

38,36,0.001, 0.0148791, 0.02982, 0.0440244, 0.0850486, 0.112125, 0.207239, 0.250248, 0.328696, 0.883868, 1, 

Generation #45
58,32,0.001, 0.000285785, 0.0305103, 0.0417737, 0.0822966, 0.112125, 0.127739, 0.207239, 0.250248, 0.254439, 0.328696, 0.332377, 0.345521, 0.428886, 0.469603, 0.489246, 0.492866, 0.550813, 0.56447, 0.606608, 0.698499, 0.705423, 0.746767, 0.767956, 0.772961, 0.86435, 0.89867, 0.917781, 0.925073, 0.953463, 1, 

33,91,0.001, 0.000285785, 0.0305103, 0.0417737, 0.0822966, 0.112125, 0.207239, 0.207239, 0.250248, 0.254439, 1, 

34,46,0.001, 0.0148791, 0.02982, 0.0440244, 0.135437, 0.15072, 0.127739, 0.160879, 0.250248, 0.254439, 1, 

37,43,0.001, 0.0148791, 0.02982, 0.0440244, 0.135437, 0.01152, 0.127739, 0.207239, 0.203458, 0.597924, 1, 

38,36,0.001, 0.0148791, 0.02982, 0.0440244, 0.0850486, 0.112125, 0.207239, 0.250248, 0.328696, 0.883868, 1, 

Generation #46
58,32,0.001, 0.000285785, 0.0305103, 0.0417737, 0.0822966, 0.112125, 0.127739, 0.207239, 0.250248, 0.254439, 0.328696, 0.332377, 0.345521, 0.428886, 0.469603, 0.489246, 0.492866, 0.550813, 0.56447, 0.606608, 0.698499, 0.705423, 0.746767, 0.767956, 0.772961, 0.86435, 0.89867, 0.917781, 0.925073, 0.953463, 1, 

33,91,0.001, 0.000285785, 0.0305103, 0.0417737, 0.0822966, 0.112125, 0.207239, 0.207239, 0.250248, 0.254439, 1, 

34,46,0.001, 0.0148791, 0.02982, 0.0440244, 0.135437, 0.15072, 0.127739, 0.160879, 0.250248, 0.254439, 1, 

37,43,0.001, 0.0148791, 0.02982, 0.0440244, 0.135437, 0.01152, 0.127739, 0.207239, 0.203458, 0.597924, 1, 

38,36,0.001, 0.0148791, 0.02982, 0.0440244, 0.0850486, 0.112125, 0.207239, 0.250248, 0.328696, 0.883868, 1, 

Generation #47
58,32,0.001, 0.000285785, 0.0305103, 0.0417737, 0.0822966, 0.112125, 0.127739, 0.207239, 0.250248, 0.254439, 0.328696, 0.332377, 0.345521, 0.428886, 0.469603, 0.489246, 0.492866, 0.550813, 0.56447, 0.606608, 0.698499, 0.705423, 0.746767, 0.767956, 0.772961, 0.86435, 0.89867, 0.917781, 0.925073, 0.953463, 1, 

33,91,0.001, 0.000285785, 0.0305103, 0.0417737, 0.0822966, 0.112125, 0.207239, 0.207239, 0.250248, 0.254439, 1, 

34,46,0.001, 0.0148791, 0.02982, 0.0440244, 0.135437, 0.15072, 0.127739, 0.160879, 0.250248, 0.254439, 1, 

37,43,0.001, 0.0148791, 0.02982, 0.0440244, 0.135437, 0.01152, 0.127739, 0.207239, 0.203458, 0.597924, 1, 

38,36,0.001, 0.0148791, 0.02982, 0.0440244, 0.0850486, 0.112125, 0.207239, 0.250248, 0.328696, 0.883868, 1, 

Generation #48
58,32,0.001, 0.000285785, 0.0305103, 0.0417737, 0.0822966, 0.112125, 0.127739, 0.207239, 0.250248, 0.254439, 0.328696, 0.332377, 0.345521, 0.428886, 0.469603, 0.489246, 0.492866, 0.550813, 0.56447, 0.606608, 0.698499, 0.705423, 0.746767, 0.767956, 0.772961, 0.86435, 0.89867, 0.917781, 0.925073, 0.953463, 1, 

33,91,0.001, 0.000285785, 0.0305103, 0.0417737, 0.0822966, 0.112125, 0.207239, 0.207239, 0.250248, 0.254439, 1, 

34,46,0.001, 0.0148791, 0.02982, 0.0440244, 0.135437, 0.15072, 0.127739, 0.160879, 0.250248, 0.254439, 1, 

37,43,0.001, 0.0148791, 0.02982, 0.0440244, 0.135437, 0.01152, 0.127739, 0.207239, 0.203458, 0.597924, 1, 

38,36,0.001, 0.0148791, 0.02982, 0.0440244, 0.0850486, 0.112125, 0.207239, 0.250248, 0.328696, 0.883868, 1, 

Generation #49
58,32,0.001, 0.000285785, 0.0305103, 0.0417737, 0.0822966, 0.112125, 0.127739, 0.207239, 0.250248, 0.254439, 0.328696, 0.332377, 0.345521, 0.428886, 0.469603, 0.489246, 0.492866, 0.550813, 0.56447, 0.606608, 0.698499, 0.705423, 0.746767, 0.767956, 0.772961, 0.86435, 0.89867, 0.917781, 0.925073, 0.953463, 1, 

33,91,0.001, 0.000285785, 0.0305103, 0.0417737, 0.0822966, 0.112125, 0.207239, 0.207239, 0.250248, 0.254439, 1, 

34,46,0.001, 0.0148791, 0.02982, 0.0440244, 0.135437, 0.15072, 0.127739, 0.160879, 0.250248, 0.254439, 1, 

37,43,0.001, 0.0148791, 0.02982, 0.0440244, 0.135437, 0.01152, 0.127739, 0.207239, 0.203458, 0.597924, 1, 

38,36,0.001, 0.0148791, 0.02982, 0.0440244, 0.0850486, 0.112125, 0.207239, 0.250248, 0.328696, 0.883868, 1, 

--- Pareto Front Solutions ---
Solution 0: N total=148 (N_initial=90, N_added=58), Time total=171 ms, Saved to: ./results/Apache_t2_l3_pareto_0.csv, percents=0.001, 0.000285785, 0.0305103, 0.0417737, 0.0822966, 0.112125, 0.127739, 0.207239, 0.250248, 0.254439, 0.328696, 0.332377, 0.345521, 0.428886, 0.469603, 0.489246, 0.492866, 0.550813, 0.56447, 0.606608, 0.698499, 0.705423, 0.746767, 0.767956, 0.772961, 0.86435, 0.89867, 0.917781, 0.925073, 0.953463, 1, 

Solution 1: N total=123 (N_initial=90, N_added=33), Time total=230 ms, Saved to: ./results/Apache_t2_l3_pareto_1.csv, percents=0.001, 0.000285785, 0.0305103, 0.0417737, 0.0822966, 0.112125, 0.207239, 0.207239, 0.250248, 0.254439, 1, 

Solution 2: N total=124 (N_initial=90, N_added=34), Time total=185 ms, Saved to: ./results/Apache_t2_l3_pareto_2.csv, percents=0.001, 0.0148791, 0.02982, 0.0440244, 0.135437, 0.15072, 0.127739, 0.160879, 0.250248, 0.254439, 1, 

Solution 3: N total=127 (N_initial=90, N_added=37), Time total=182 ms, Saved to: ./results/Apache_t2_l3_pareto_3.csv, percents=0.001, 0.0148791, 0.02982, 0.0440244, 0.135437, 0.01152, 0.127739, 0.207239, 0.203458, 0.597924, 1, 

Solution 4: N total=128 (N_initial=90, N_added=38), Time total=175 ms, Saved to: ./results/Apache_t2_l3_pareto_4.csv, percents=0.001, 0.0148791, 0.02982, 0.0440244, 0.0850486, 0.112125, 0.207239, 0.250248, 0.328696, 0.883868, 1, 

------------d=1, t=2, lambda=4, filename=./evaluation/Apache/Apache_2_4.csv------------
Computing partitioned counts of d-sets...
Ready to look at pairs based on partitioned counts...
First Stage N=120, Time=149
There are 31 remaining non-locating pairs
--- Running GA Algorithm (phase2) ---
Running GA with std::execution::par
Generation #0
31,36,0.001, 0.0431851, 0.0505139, 0.0662076, 0.0725619, 0.0773015, 0.194636, 0.245724, 0.39438, 0.414282, 0.725527, 0.732338, 0.762783, 0.787273, 0.822345, 0.949681, 1, 

27,49,0.001, 0.0768867, 0.109686, 0.134833, 0.404304, 0.483645, 0.649855, 0.795029, 0.853467, 0.992283, 1, 

37,35,0.001, 0.00932592, 0.0270272, 0.11451, 0.151493, 0.181801, 0.215525, 0.285645, 0.313578, 0.324681, 0.453425, 0.525139, 0.526273, 0.579271, 0.587853, 0.606512, 0.621973, 0.625751, 0.747996, 0.774961, 0.902308, 0.924711, 0.965351, 1, 

41,27,0.001, 0.0386143, 0.0637743, 0.137336, 0.147447, 0.15591, 0.158686, 0.178691, 0.230986, 0.233544, 0.331268, 0.38358, 0.442194, 0.450097, 0.459202, 0.477109, 0.489471, 0.525836, 0.530634, 0.56116, 0.576005, 0.613743, 0.676507, 0.720564, 0.724753, 0.744526, 0.761687, 0.840142, 1, 

Generation #1
33,11,0.001, 0.0431851, 0.0505139, 0.0662076, 0.0725619, 0.0773015, 0.194636, 0.245724, 0.39438, 0.414282, 0.725527, 0.732338, 0.762783, 0.787273, 0.822345, 0.949681, 1, 

32,21,0.001, 0.00231372, 0.112383, 0.17123, 0.364787, 0.367627, 0.407003, 0.449399, 0.454161, 0.51387, 0.585807, 0.588406, 0.623035, 0.627741, 0.665543, 0.896755, 1, 

26,24,0.001, 0.103457, 0.126465, 0.129431, 0.335758, 0.335953, 0.41621, 0.542519, 0.860026, 0.914885, 1, 

Generation #2
33,11,0.001, 0.0431851, 0.0505139, 0.0662076, 0.0725619, 0.0773015, 0.194636, 0.245724, 0.39438, 0.414282, 0.725527, 0.732338, 0.762783, 0.787273, 0.822345, 0.949681, 1, 

26,24,0.001, 0.103457, 0.126465, 0.129431, 0.335758, 0.335953, 0.41621, 0.542519, 0.860026, 0.914885, 1, 

30,19,0.001, 0.0431851, 0.0505139, 0.0662076, 0.0725619, 0.181801, 0.215525, 0.285645, 0.313578, 0.324681, 0.453425, 0.525139, 0.526273, 0.579271, 0.587853, 0.606512, 1, 

Generation #3
33,11,0.001, 0.0431851, 0.0505139, 0.0662076, 0.0725619, 0.0773015, 0.194636, 0.245724, 0.39438, 0.414282, 0.725527, 0.732338, 0.762783, 0.787273, 0.822345, 0.949681, 1, 

26,24,0.001, 0.103457, 0.126465, 0.129431, 0.335758, 0.335953, 0.41621, 0.542519, 0.860026, 0.914885, 1, 

30,19,0.001, 0.0431851, 0.0505139, 0.0662076, 0.0725619, 0.181801, 0.215525, 0.285645, 0.313578, 0.324681, 0.453425, 0.525139, 0.526273, 0.579271, 0.587853, 0.606512, 1, 

31,16,0.001, 0.0431851, 0.0505139, 0.0662076, 0.0725619, 0.0773015, 0.194636, 0.245724, 0.39438, 0.414282, 0.999145, 0.552851, 0.645761, 0.93645, 0.940956, 0.968572, 1, 

28,20,0.001, 0.0336276, 0.0925725, 0.0576147, 0.11451, 0.151493, 0.181801, 0.215525, 0.285645, 0.313578, 0.964624, 1, 

Generation #4
33,11,0.001, 0.0431851, 0.0505139, 0.0662076, 0.0725619, 0.0773015, 0.194636, 0.245724, 0.39438, 0.414282, 0.725527, 0.732338, 0.762783, 0.787273, 0.822345, 0.949681, 1, 

26,24,0.001, 0.103457, 0.126465, 0.129431, 0.335758, 0.335953, 0.41621, 0.542519, 0.860026, 0.914885, 1, 

30,19,0.001, 0.0431851, 0.0505139, 0.0662076, 0.0725619, 0.181801, 0.215525, 0.285645, 0.313578, 0.324681, 0.453425, 0.525139, 0.526273, 0.579271, 0.587853, 0.606512, 1, 

31,16,0.001, 0.0431851, 0.0505139, 0.0662076, 0.0725619, 0.0773015, 0.194636, 0.245724, 0.39438, 0.414282, 0.999145, 0.552851, 0.645761, 0.93645, 0.940956, 0.968572, 1, 

28,20,0.001, 0.0336276, 0.0925725, 0.0576147, 0.11451, 0.151493, 0.181801, 0.215525, 0.285645, 0.313578, 0.964624, 1, 

Generation #5
33,11,0.001, 0.0431851, 0.0505139, 0.0662076, 0.0725619, 0.0773015, 0.194636, 0.245724, 0.39438, 0.414282, 0.725527, 0.732338, 0.762783, 0.787273, 0.822345, 0.949681, 1, 

25,13,0.0814246, 0.0431851, 0.0505139, 0.0662076, 0.11451, 0.151493, 0.181801, 0.215525, 0.285645, 0.313578, 0.964624, 1, 

Generation #6
33,11,0.001, 0.0431851, 0.0505139, 0.0662076, 0.0725619, 0.0773015, 0.194636, 0.245724, 0.39438, 0.414282, 0.725527, 0.732338, 0.762783, 0.787273, 0.822345, 0.949681, 1, 

25,13,0.0814246, 0.0431851, 0.0505139, 0.0662076, 0.11451, 0.151493, 0.181801, 0.215525, 0.285645, 0.313578, 0.964624, 1, 

Generation #7
33,11,0.001, 0.0431851, 0.0505139, 0.0662076, 0.0725619, 0.0773015, 0.194636, 0.245724, 0.39438, 0.414282, 0.725527, 0.732338, 0.762783, 0.787273, 0.822345, 0.949681, 1, 

25,13,0.0814246, 0.0431851, 0.0505139, 0.0662076, 0.11451, 0.151493, 0.181801, 0.215525, 0.285645, 0.313578, 0.964624, 1, 

Generation #8
33,11,0.001, 0.0431851, 0.0505139, 0.0662076, 0.0725619, 0.0773015, 0.194636, 0.245724, 0.39438, 0.414282, 0.725527, 0.732338, 0.762783, 0.787273, 0.822345, 0.949681, 1, 

25,13,0.0814246, 0.0431851, 0.0505139, 0.0662076, 0.11451, 0.151493, 0.181801, 0.215525, 0.285645, 0.313578, 0.964624, 1, 

24,24,0.001, 0.0431851, 0.0505139, 0.0662076, 0.0725619, 0.0773015, 0.194636, 0.245724, 0.258307, 0.274678, 0.895682, 1, 

Generation #9
23,11,0.001, 0.0431851, 0.0505139, 0.0662076, 0.0725619, 0.0773015, 0.194636, 0.245724, 0.258307, 0.274678, 0.351489, 0.895682, 1, 

Generation #10
23,11,0.001, 0.0431851, 0.0505139, 0.0662076, 0.0725619, 0.0773015, 0.194636, 0.245724, 0.258307, 0.274678, 0.351489, 0.895682, 1, 

Generation #11
23,11,0.001, 0.0431851, 0.0505139, 0.0662076, 0.0725619, 0.0773015, 0.194636, 0.245724, 0.258307, 0.274678, 0.351489, 0.895682, 1, 

Generation #12
23,11,0.001, 0.0431851, 0.0505139, 0.0662076, 0.0725619, 0.0773015, 0.194636, 0.245724, 0.258307, 0.274678, 0.351489, 0.895682, 1, 

27,10,0.001, 0.0431851, 0.0505139, 0.0662076, 0.0725619, 0.0773015, 0.194636, 0.245724, 0.39438, 0.414282, 0.999145, 0.552851, 0.645761, 0.93645, 0.940956, 0.968572, 1, 

Generation #13
23,11,0.001, 0.0431851, 0.0505139, 0.0662076, 0.0725619, 0.0773015, 0.194636, 0.245724, 0.258307, 0.274678, 0.351489, 0.895682, 1, 

26,7,0.001, 0.0431851, 0.0505139, 0.0662076, 0.0725619, 0.0773015, 0.194636, 0.245724, 0.39438, 0.331268, 0.999145, 0.552851, 0.645761, 0.93645, 0.940956, 0.968572, 1, 

Generation #14
23,11,0.001, 0.0431851, 0.0505139, 0.0662076, 0.0725619, 0.0773015, 0.194636, 0.245724, 0.258307, 0.274678, 0.351489, 0.895682, 1, 

26,7,0.001, 0.0431851, 0.0505139, 0.0662076, 0.0725619, 0.0773015, 0.194636, 0.245724, 0.39438, 0.331268, 0.999145, 0.552851, 0.645761, 0.93645, 0.940956, 0.968572, 1, 

Generation #15
23,11,0.001, 0.0431851, 0.0505139, 0.0662076, 0.0725619, 0.0773015, 0.194636, 0.245724, 0.258307, 0.274678, 0.351489, 0.895682, 1, 

26,7,0.001, 0.0431851, 0.0505139, 0.0662076, 0.0725619, 0.0773015, 0.194636, 0.245724, 0.39438, 0.331268, 0.999145, 0.552851, 0.645761, 0.93645, 0.940956, 0.968572, 1, 

Generation #16
23,11,0.001, 0.0431851, 0.0505139, 0.0662076, 0.0725619, 0.0773015, 0.194636, 0.245724, 0.258307, 0.274678, 0.351489, 0.895682, 1, 

26,7,0.001, 0.0431851, 0.0505139, 0.0662076, 0.0725619, 0.0773015, 0.194636, 0.245724, 0.39438, 0.331268, 0.999145, 0.552851, 0.645761, 0.93645, 0.940956, 0.968572, 1, 

Generation #17
23,11,0.001, 0.0431851, 0.0505139, 0.0662076, 0.0725619, 0.0773015, 0.194636, 0.245724, 0.258307, 0.274678, 0.351489, 0.895682, 1, 

26,7,0.001, 0.0431851, 0.0505139, 0.0662076, 0.0725619, 0.0773015, 0.194636, 0.245724, 0.39438, 0.331268, 0.999145, 0.552851, 0.645761, 0.93645, 0.940956, 0.968572, 1, 

22,12,0.001, 0.0431851, 0.0505139, 0.0662076, 0.0725619, 0.0773015, 0.194636, 0.245724, 0.258307, 0.274678, 0.895682, 1, 

Generation #18
23,11,0.001, 0.0431851, 0.0505139, 0.0662076, 0.0725619, 0.0773015, 0.194636, 0.245724, 0.258307, 0.274678, 0.351489, 0.895682, 1, 

26,7,0.001, 0.0431851, 0.0505139, 0.0662076, 0.0725619, 0.0773015, 0.194636, 0.245724, 0.39438, 0.331268, 0.999145, 0.552851, 0.645761, 0.93645, 0.940956, 0.968572, 1, 

22,12,0.001, 0.0431851, 0.0505139, 0.0662076, 0.0725619, 0.0773015, 0.194636, 0.245724, 0.258307, 0.274678, 0.895682, 1, 

Generation #19
23,11,0.001, 0.0431851, 0.0505139, 0.0662076, 0.0725619, 0.0773015, 0.194636, 0.245724, 0.258307, 0.274678, 0.351489, 0.895682, 1, 

26,7,0.001, 0.0431851, 0.0505139, 0.0662076, 0.0725619, 0.0773015, 0.194636, 0.245724, 0.39438, 0.331268, 0.999145, 0.552851, 0.645761, 0.93645, 0.940956, 0.968572, 1, 

22,12,0.001, 0.0431851, 0.0505139, 0.0662076, 0.0725619, 0.0773015, 0.194636, 0.245724, 0.258307, 0.274678, 0.895682, 1, 

Generation #20
23,11,0.001, 0.0431851, 0.0505139, 0.0662076, 0.0725619, 0.0773015, 0.194636, 0.245724, 0.258307, 0.274678, 0.351489, 0.895682, 1, 

26,7,0.001, 0.0431851, 0.0505139, 0.0662076, 0.0725619, 0.0773015, 0.194636, 0.245724, 0.39438, 0.331268, 0.999145, 0.552851, 0.645761, 0.93645, 0.940956, 0.968572, 1, 

22,12,0.001, 0.0431851, 0.0505139, 0.0662076, 0.0725619, 0.0773015, 0.194636, 0.245724, 0.258307, 0.274678, 0.895682, 1, 

Generation #21
23,11,0.001, 0.0431851, 0.0505139, 0.0662076, 0.0725619, 0.0773015, 0.194636, 0.245724, 0.258307, 0.274678, 0.351489, 0.895682, 1, 

26,7,0.001, 0.0431851, 0.0505139, 0.0662076, 0.0725619, 0.0773015, 0.194636, 0.245724, 0.39438, 0.331268, 0.999145, 0.552851, 0.645761, 0.93645, 0.940956, 0.968572, 1, 

22,12,0.001, 0.0431851, 0.0505139, 0.0662076, 0.0725619, 0.0773015, 0.194636, 0.245724, 0.258307, 0.274678, 0.895682, 1, 

Generation #22
23,11,0.001, 0.0431851, 0.0505139, 0.0662076, 0.0725619, 0.0773015, 0.194636, 0.245724, 0.258307, 0.274678, 0.351489, 0.895682, 1, 

26,7,0.001, 0.0431851, 0.0505139, 0.0662076, 0.0725619, 0.0773015, 0.194636, 0.245724, 0.39438, 0.331268, 0.999145, 0.552851, 0.645761, 0.93645, 0.940956, 0.968572, 1, 

22,12,0.001, 0.0431851, 0.0505139, 0.0662076, 0.0725619, 0.0773015, 0.194636, 0.245724, 0.258307, 0.274678, 0.895682, 1, 

Generation #23
23,11,0.001, 0.0431851, 0.0505139, 0.0662076, 0.0725619, 0.0773015, 0.194636, 0.245724, 0.258307, 0.274678, 0.351489, 0.895682, 1, 

26,7,0.001, 0.0431851, 0.0505139, 0.0662076, 0.0725619, 0.0773015, 0.194636, 0.245724, 0.39438, 0.331268, 0.999145, 0.552851, 0.645761, 0.93645, 0.940956, 0.968572, 1, 

22,12,0.001, 0.0431851, 0.0505139, 0.0662076, 0.0725619, 0.0773015, 0.194636, 0.245724, 0.258307, 0.274678, 0.895682, 1, 

Generation #24
23,11,0.001, 0.0431851, 0.0505139, 0.0662076, 0.0725619, 0.0773015, 0.194636, 0.245724, 0.258307, 0.274678, 0.351489, 0.895682, 1, 

26,7,0.001, 0.0431851, 0.0505139, 0.0662076, 0.0725619, 0.0773015, 0.194636, 0.245724, 0.39438, 0.331268, 0.999145, 0.552851, 0.645761, 0.93645, 0.940956, 0.968572, 1, 

22,12,0.001, 0.0431851, 0.0505139, 0.0662076, 0.0725619, 0.0773015, 0.194636, 0.245724, 0.258307, 0.274678, 0.895682, 1, 

Generation #25
23,11,0.001, 0.0431851, 0.0505139, 0.0662076, 0.0725619, 0.0773015, 0.194636, 0.245724, 0.258307, 0.274678, 0.351489, 0.895682, 1, 

26,7,0.001, 0.0431851, 0.0505139, 0.0662076, 0.0725619, 0.0773015, 0.194636, 0.245724, 0.39438, 0.331268, 0.999145, 0.552851, 0.645761, 0.93645, 0.940956, 0.968572, 1, 

22,12,0.001, 0.0431851, 0.0505139, 0.0662076, 0.0725619, 0.0773015, 0.194636, 0.245724, 0.258307, 0.274678, 0.895682, 1, 

Generation #26
23,11,0.001, 0.0431851, 0.0505139, 0.0662076, 0.0725619, 0.0773015, 0.194636, 0.245724, 0.258307, 0.274678, 0.351489, 0.895682, 1, 

26,7,0.001, 0.0431851, 0.0505139, 0.0662076, 0.0725619, 0.0773015, 0.194636, 0.245724, 0.39438, 0.331268, 0.999145, 0.552851, 0.645761, 0.93645, 0.940956, 0.968572, 1, 

22,12,0.001, 0.0431851, 0.0505139, 0.0662076, 0.0725619, 0.0773015, 0.194636, 0.245724, 0.258307, 0.274678, 0.895682, 1, 

Generation #27
23,11,0.001, 0.0431851, 0.0505139, 0.0662076, 0.0725619, 0.0773015, 0.194636, 0.245724, 0.258307, 0.274678, 0.351489, 0.895682, 1, 

26,7,0.001, 0.0431851, 0.0505139, 0.0662076, 0.0725619, 0.0773015, 0.194636, 0.245724, 0.39438, 0.331268, 0.999145, 0.552851, 0.645761, 0.93645, 0.940956, 0.968572, 1, 

22,12,0.001, 0.0431851, 0.0505139, 0.0662076, 0.0725619, 0.0773015, 0.194636, 0.245724, 0.258307, 0.274678, 0.895682, 1, 

Generation #28
23,11,0.001, 0.0431851, 0.0505139, 0.0662076, 0.0725619, 0.0773015, 0.194636, 0.245724, 0.258307, 0.274678, 0.351489, 0.895682, 1, 

26,7,0.001, 0.0431851, 0.0505139, 0.0662076, 0.0725619, 0.0773015, 0.194636, 0.245724, 0.39438, 0.331268, 0.999145, 0.552851, 0.645761, 0.93645, 0.940956, 0.968572, 1, 

22,12,0.001, 0.0431851, 0.0505139, 0.0662076, 0.0725619, 0.0773015, 0.194636, 0.245724, 0.258307, 0.274678, 0.895682, 1, 

Generation #29
23,11,0.001, 0.0431851, 0.0505139, 0.0662076, 0.0725619, 0.0773015, 0.194636, 0.245724, 0.258307, 0.274678, 0.351489, 0.895682, 1, 

26,7,0.001, 0.0431851, 0.0505139, 0.0662076, 0.0725619, 0.0773015, 0.194636, 0.245724, 0.39438, 0.331268, 0.999145, 0.552851, 0.645761, 0.93645, 0.940956, 0.968572, 1, 

22,12,0.001, 0.0431851, 0.0505139, 0.0662076, 0.0725619, 0.0773015, 0.194636, 0.245724, 0.258307, 0.274678, 0.895682, 1, 

Generation #30
23,11,0.001, 0.0431851, 0.0505139, 0.0662076, 0.0725619, 0.0773015, 0.194636, 0.245724, 0.258307, 0.274678, 0.351489, 0.895682, 1, 

26,7,0.001, 0.0431851, 0.0505139, 0.0662076, 0.0725619, 0.0773015, 0.194636, 0.245724, 0.39438, 0.331268, 0.999145, 0.552851, 0.645761, 0.93645, 0.940956, 0.968572, 1, 

22,12,0.001, 0.0431851, 0.0505139, 0.0662076, 0.0725619, 0.0773015, 0.194636, 0.245724, 0.258307, 0.274678, 0.895682, 1, 

Generation #31
23,11,0.001, 0.0431851, 0.0505139, 0.0662076, 0.0725619, 0.0773015, 0.194636, 0.245724, 0.258307, 0.274678, 0.351489, 0.895682, 1, 

26,7,0.001, 0.0431851, 0.0505139, 0.0662076, 0.0725619, 0.0773015, 0.194636, 0.245724, 0.39438, 0.331268, 0.999145, 0.552851, 0.645761, 0.93645, 0.940956, 0.968572, 1, 

22,12,0.001, 0.0431851, 0.0505139, 0.0662076, 0.0725619, 0.0773015, 0.194636, 0.245724, 0.258307, 0.274678, 0.895682, 1, 

Generation #32
23,11,0.001, 0.0431851, 0.0505139, 0.0662076, 0.0725619, 0.0773015, 0.194636, 0.245724, 0.258307, 0.274678, 0.351489, 0.895682, 1, 

26,7,0.001, 0.0431851, 0.0505139, 0.0662076, 0.0725619, 0.0773015, 0.194636, 0.245724, 0.39438, 0.331268, 0.999145, 0.552851, 0.645761, 0.93645, 0.940956, 0.968572, 1, 

22,12,0.001, 0.0431851, 0.0505139, 0.0662076, 0.0725619, 0.0773015, 0.194636, 0.245724, 0.258307, 0.274678, 0.895682, 1, 

Generation #33
23,11,0.001, 0.0431851, 0.0505139, 0.0662076, 0.0725619, 0.0773015, 0.194636, 0.245724, 0.258307, 0.274678, 0.351489, 0.895682, 1, 

26,7,0.001, 0.0431851, 0.0505139, 0.0662076, 0.0725619, 0.0773015, 0.194636, 0.245724, 0.39438, 0.331268, 0.999145, 0.552851, 0.645761, 0.93645, 0.940956, 0.968572, 1, 

22,12,0.001, 0.0431851, 0.0505139, 0.0662076, 0.0725619, 0.0773015, 0.194636, 0.245724, 0.258307, 0.274678, 0.895682, 1, 

Generation #34
23,11,0.001, 0.0431851, 0.0505139, 0.0662076, 0.0725619, 0.0773015, 0.194636, 0.245724, 0.258307, 0.274678, 0.351489, 0.895682, 1, 

26,7,0.001, 0.0431851, 0.0505139, 0.0662076, 0.0725619, 0.0773015, 0.194636, 0.245724, 0.39438, 0.331268, 0.999145, 0.552851, 0.645761, 0.93645, 0.940956, 0.968572, 1, 

22,12,0.001, 0.0431851, 0.0505139, 0.0662076, 0.0725619, 0.0773015, 0.194636, 0.245724, 0.258307, 0.274678, 0.895682, 1, 

Generation #35
23,11,0.001, 0.0431851, 0.0505139, 0.0662076, 0.0725619, 0.0773015, 0.194636, 0.245724, 0.258307, 0.274678, 0.351489, 0.895682, 1, 

26,7,0.001, 0.0431851, 0.0505139, 0.0662076, 0.0725619, 0.0773015, 0.194636, 0.245724, 0.39438, 0.331268, 0.999145, 0.552851, 0.645761, 0.93645, 0.940956, 0.968572, 1, 

22,12,0.001, 0.0431851, 0.0505139, 0.0662076, 0.0725619, 0.0773015, 0.194636, 0.245724, 0.258307, 0.274678, 0.895682, 1, 

Generation #36
26,7,0.001, 0.0431851, 0.0505139, 0.0662076, 0.0725619, 0.0773015, 0.194636, 0.245724, 0.39438, 0.331268, 0.999145, 0.552851, 0.645761, 0.93645, 0.940956, 0.968572, 1, 

22,12,0.001, 0.0431851, 0.0505139, 0.0662076, 0.0725619, 0.0773015, 0.194636, 0.245724, 0.258307, 0.274678, 0.895682, 1, 

23,9,0.001, 0.0505139, 0.0505139, 0.0662076, 0.0725619, 0.0773015, 0.181801, 0.215525, 0.245724, 0.39438, 1, 

Generation #37
26,7,0.001, 0.0431851, 0.0505139, 0.0662076, 0.0725619, 0.0773015, 0.194636, 0.245724, 0.39438, 0.331268, 0.999145, 0.552851, 0.645761, 0.93645, 0.940956, 0.968572, 1, 

22,12,0.001, 0.0431851, 0.0505139, 0.0662076, 0.0725619, 0.0773015, 0.194636, 0.245724, 0.258307, 0.274678, 0.895682, 1, 

23,9,0.001, 0.0505139, 0.0505139, 0.0662076, 0.0725619, 0.0773015, 0.181801, 0.215525, 0.245724, 0.39438, 1, 

Generation #38
26,7,0.001, 0.0431851, 0.0505139, 0.0662076, 0.0725619, 0.0773015, 0.194636, 0.245724, 0.39438, 0.331268, 0.999145, 0.552851, 0.645761, 0.93645, 0.940956, 0.968572, 1, 

22,12,0.001, 0.0431851, 0.0505139, 0.0662076, 0.0725619, 0.0773015, 0.194636, 0.245724, 0.258307, 0.274678, 0.895682, 1, 

23,9,0.001, 0.0505139, 0.0505139, 0.0662076, 0.0725619, 0.0773015, 0.181801, 0.215525, 0.245724, 0.39438, 1, 

Generation #39
26,7,0.001, 0.0431851, 0.0505139, 0.0662076, 0.0725619, 0.0773015, 0.194636, 0.245724, 0.39438, 0.331268, 0.999145, 0.552851, 0.645761, 0.93645, 0.940956, 0.968572, 1, 

22,12,0.001, 0.0431851, 0.0505139, 0.0662076, 0.0725619, 0.0773015, 0.194636, 0.245724, 0.258307, 0.274678, 0.895682, 1, 

23,9,0.001, 0.0505139, 0.0505139, 0.0662076, 0.0725619, 0.0773015, 0.181801, 0.215525, 0.245724, 0.39438, 1, 

Generation #40
26,7,0.001, 0.0431851, 0.0505139, 0.0662076, 0.0725619, 0.0773015, 0.194636, 0.245724, 0.39438, 0.331268, 0.999145, 0.552851, 0.645761, 0.93645, 0.940956, 0.968572, 1, 

22,12,0.001, 0.0431851, 0.0505139, 0.0662076, 0.0725619, 0.0773015, 0.194636, 0.245724, 0.258307, 0.274678, 0.895682, 1, 

23,9,0.001, 0.0505139, 0.0505139, 0.0662076, 0.0725619, 0.0773015, 0.181801, 0.215525, 0.245724, 0.39438, 1, 

Generation #41
26,7,0.001, 0.0431851, 0.0505139, 0.0662076, 0.0725619, 0.0773015, 0.194636, 0.245724, 0.39438, 0.331268, 0.999145, 0.552851, 0.645761, 0.93645, 0.940956, 0.968572, 1, 

22,12,0.001, 0.0431851, 0.0505139, 0.0662076, 0.0725619, 0.0773015, 0.194636, 0.245724, 0.258307, 0.274678, 0.895682, 1, 

23,9,0.001, 0.0505139, 0.0505139, 0.0662076, 0.0725619, 0.0773015, 0.181801, 0.215525, 0.245724, 0.39438, 1, 

Generation #42
26,7,0.001, 0.0431851, 0.0505139, 0.0662076, 0.0725619, 0.0773015, 0.194636, 0.245724, 0.39438, 0.331268, 0.999145, 0.552851, 0.645761, 0.93645, 0.940956, 0.968572, 1, 

22,12,0.001, 0.0431851, 0.0505139, 0.0662076, 0.0725619, 0.0773015, 0.194636, 0.245724, 0.258307, 0.274678, 0.895682, 1, 

23,9,0.001, 0.0505139, 0.0505139, 0.0662076, 0.0725619, 0.0773015, 0.181801, 0.215525, 0.245724, 0.39438, 1, 

Generation #43
26,7,0.001, 0.0431851, 0.0505139, 0.0662076, 0.0725619, 0.0773015, 0.194636, 0.245724, 0.39438, 0.331268, 0.999145, 0.552851, 0.645761, 0.93645, 0.940956, 0.968572, 1, 

22,12,0.001, 0.0431851, 0.0505139, 0.0662076, 0.0725619, 0.0773015, 0.194636, 0.245724, 0.258307, 0.274678, 0.895682, 1, 

23,9,0.001, 0.0505139, 0.0505139, 0.0662076, 0.0725619, 0.0773015, 0.181801, 0.215525, 0.245724, 0.39438, 1, 

Generation #44
26,7,0.001, 0.0431851, 0.0505139, 0.0662076, 0.0725619, 0.0773015, 0.194636, 0.245724, 0.39438, 0.331268, 0.999145, 0.552851, 0.645761, 0.93645, 0.940956, 0.968572, 1, 

22,12,0.001, 0.0431851, 0.0505139, 0.0662076, 0.0725619, 0.0773015, 0.194636, 0.245724, 0.258307, 0.274678, 0.895682, 1, 

23,9,0.001, 0.0505139, 0.0505139, 0.0662076, 0.0725619, 0.0773015, 0.181801, 0.215525, 0.245724, 0.39438, 1, 

Generation #45
26,7,0.001, 0.0431851, 0.0505139, 0.0662076, 0.0725619, 0.0773015, 0.194636, 0.245724, 0.39438, 0.331268, 0.999145, 0.552851, 0.645761, 0.93645, 0.940956, 0.968572, 1, 

22,12,0.001, 0.0431851, 0.0505139, 0.0662076, 0.0725619, 0.0773015, 0.194636, 0.245724, 0.258307, 0.274678, 0.895682, 1, 

23,9,0.001, 0.0505139, 0.0505139, 0.0662076, 0.0725619, 0.0773015, 0.181801, 0.215525, 0.245724, 0.39438, 1, 

Generation #46
26,7,0.001, 0.0431851, 0.0505139, 0.0662076, 0.0725619, 0.0773015, 0.194636, 0.245724, 0.39438, 0.331268, 0.999145, 0.552851, 0.645761, 0.93645, 0.940956, 0.968572, 1, 

22,12,0.001, 0.0431851, 0.0505139, 0.0662076, 0.0725619, 0.0773015, 0.194636, 0.245724, 0.258307, 0.274678, 0.895682, 1, 

23,9,0.001, 0.0505139, 0.0505139, 0.0662076, 0.0725619, 0.0773015, 0.181801, 0.215525, 0.245724, 0.39438, 1, 

Generation #47
26,7,0.001, 0.0431851, 0.0505139, 0.0662076, 0.0725619, 0.0773015, 0.194636, 0.245724, 0.39438, 0.331268, 0.999145, 0.552851, 0.645761, 0.93645, 0.940956, 0.968572, 1, 

22,12,0.001, 0.0431851, 0.0505139, 0.0662076, 0.0725619, 0.0773015, 0.194636, 0.245724, 0.258307, 0.274678, 0.895682, 1, 

23,9,0.001, 0.0505139, 0.0505139, 0.0662076, 0.0725619, 0.0773015, 0.181801, 0.215525, 0.245724, 0.39438, 1, 

Generation #48
26,7,0.001, 0.0431851, 0.0505139, 0.0662076, 0.0725619, 0.0773015, 0.194636, 0.245724, 0.39438, 0.331268, 0.999145, 0.552851, 0.645761, 0.93645, 0.940956, 0.968572, 1, 

22,12,0.001, 0.0431851, 0.0505139, 0.0662076, 0.0725619, 0.0773015, 0.194636, 0.245724, 0.258307, 0.274678, 0.895682, 1, 

23,9,0.001, 0.0505139, 0.0505139, 0.0662076, 0.0725619, 0.0773015, 0.181801, 0.215525, 0.245724, 0.39438, 1, 

Generation #49
26,7,0.001, 0.0431851, 0.0505139, 0.0662076, 0.0725619, 0.0773015, 0.194636, 0.245724, 0.39438, 0.331268, 0.999145, 0.552851, 0.645761, 0.93645, 0.940956, 0.968572, 1, 

22,12,0.001, 0.0431851, 0.0505139, 0.0662076, 0.0725619, 0.0773015, 0.194636, 0.245724, 0.258307, 0.274678, 0.895682, 1, 

23,9,0.001, 0.0505139, 0.0505139, 0.0662076, 0.0725619, 0.0773015, 0.181801, 0.215525, 0.245724, 0.39438, 1, 

--- Pareto Front Solutions ---
Solution 0: N total=146 (N_initial=120, N_added=26), Time total=156 ms, Saved to: ./results/Apache_t2_l4_pareto_0.csv, percents=0.001, 0.0431851, 0.0505139, 0.0662076, 0.0725619, 0.0773015, 0.194636, 0.245724, 0.39438, 0.331268, 0.999145, 0.552851, 0.645761, 0.93645, 0.940956, 0.968572, 1, 

Solution 1: N total=142 (N_initial=120, N_added=22), Time total=161 ms, Saved to: ./results/Apache_t2_l4_pareto_1.csv, percents=0.001, 0.0431851, 0.0505139, 0.0662076, 0.0725619, 0.0773015, 0.194636, 0.245724, 0.258307, 0.274678, 0.895682, 1, 

Solution 2: N total=143 (N_initial=120, N_added=23), Time total=158 ms, Saved to: ./results/Apache_t2_l4_pareto_2.csv, percents=0.001, 0.0505139, 0.0505139, 0.0662076, 0.0725619, 0.0773015, 0.181801, 0.215525, 0.245724, 0.39438, 1, 

