------------d=1, t=2, lambda=1, filename=./evaluation/Flex/Flex_2_1.csv------------
Grouping d-sets by partitioned row counts for detecting arrays...
Ready to look at pairs for detecting arrays...
First Stage N=26, Time=4
There are 5036 remaining non-locating pairs
--- Running GA Algorithm (phase2) ---
Running GA with std::execution::par
Generation #0
39,1278,0.001, 0.139605, 0.219523, 0.33745, 0.371203, 0.465486, 0.467519, 0.710549, 0.845754, 0.979017, 1, 

36,2110,0.001, 0.241673, 0.265286, 0.290314, 0.336279, 0.487772, 0.620769, 0.816555, 0.932469, 0.993654, 1, 

45,420,0.001, 0.017851, 0.0501659, 0.0513067, 0.110065, 0.137015, 0.159559, 0.187127, 0.248876, 0.279032, 0.421249, 0.482314, 0.608711, 0.629831, 0.648283, 0.693314, 0.753794, 0.76718, 0.888482, 0.910419, 0.911522, 1, 

38,1369,0.001, 0.114574, 0.207754, 0.488192, 0.608378, 0.656133, 0.80047, 0.927298, 0.950905, 0.999048, 1, 

54,304,0.001, 0.016774, 0.0547898, 0.114905, 0.167029, 0.204664, 0.210881, 0.23582, 0.244813, 0.262717, 0.352138, 0.413039, 0.418693, 0.466229, 0.520547, 0.531108, 0.535225, 0.607002, 0.66901, 0.687382, 0.732609, 0.736278, 0.751343, 0.77478, 0.801021, 0.804286, 0.873096, 0.898873, 0.915177, 0.951407, 1, 

41,832,0.001, 0.0913149, 0.0944587, 0.224379, 0.371329, 0.372239, 0.376172, 0.471627, 0.496676, 0.646755, 0.764687, 0.803333, 0.833078, 0.955158, 1, 

Generation #1
36,2110,0.001, 0.241673, 0.265286, 0.290314, 0.336279, 0.487772, 0.620769, 0.816555, 0.932469, 0.993654, 1, 

42,272,0.001, 0.017851, 0.0501659, 0.0513067, 0.110065, 0.137015, 0.159559, 0.187127, 0.248876, 0.279032, 0.479251, 0.508095, 0.573131, 0.69156, 0.698453, 0.828251, 0.841254, 0.951562, 1, 

40,298,0.001, 0.0266537, 0.037516, 0.040253, 0.075425, 0.14546, 0.153692, 0.211271, 0.586828, 0.59682, 0.710195, 0.749947, 0.797568, 0.797852, 0.857405, 1, 

38,311,0.001, 0.0219461, 0.0261442, 0.0262016, 0.0663368, 0.100799, 0.164494, 0.217953, 0.334096, 0.230267, 0.993654, 1, 

37,888,0.001, 0.107226, 0.125553, 0.184198, 0.198101, 0.254979, 0.328984, 0.927298, 0.950905, 0.999048, 1, 

Generation #2
36,2110,0.001, 0.241673, 0.265286, 0.290314, 0.336279, 0.487772, 0.620769, 0.816555, 0.932469, 0.993654, 1, 

39,265,0.001, 0.0219461, 0.0261442, 0.0262016, 0.0663368, 0.100799, 0.164494, 0.217953, 0.334096, 0.230267, 0.872318, 0.886671, 1, 

47,236,0.001, 0.0219461, 0.0261442, 0.0262016, 0.0663368, 0.100799, 0.164494, 0.217953, 0.230267, 0.239707, 0.475426, 0.477239, 0.511489, 0.606937, 0.610299, 0.685118, 0.749872, 0.761045, 0.79815, 0.843834, 0.85952, 0.956795, 1, 

37,350,0.001, 0.017851, 0.0501659, 0.0513067, 0.0663368, 0.100799, 0.164494, 0.217953, 0.334096, 0.230267, 0.993654, 1, 

38,274,0.001, 0.017851, 0.0501659, 0.0513067, 0.110065, 0.137015, 0.159559, 0.187127, 0.248876, 0.913058, 0.21582, 0.939807, 1, 

Generation #3
36,2110,0.001, 0.241673, 0.265286, 0.290314, 0.336279, 0.487772, 0.620769, 0.816555, 0.932469, 0.993654, 1, 

47,236,0.001, 0.0219461, 0.0261442, 0.0262016, 0.0663368, 0.100799, 0.164494, 0.217953, 0.230267, 0.239707, 0.475426, 0.477239, 0.511489, 0.606937, 0.610299, 0.685118, 0.749872, 0.761045, 0.79815, 0.843834, 0.85952, 0.956795, 1, 

42,258,0.001, 0.0219461, 0.0261442, 0.0262016, 0.0663368, 0.100799, 0.164494, 0.217953, 0.230267, 0.239707, 0.475426, 0.477239, 0.511489, 0.8087, 0.870795, 0.937226, 1, 

37,262,0.001, 0.0254464, 0.0366954, 0.0456565, 0.126535, 0.171676, 0.223503, 0.360442, 0.835131, 0.365705, 0.45636, 0.981794, 1, 

Generation #4
47,236,0.001, 0.0219461, 0.0261442, 0.0262016, 0.0663368, 0.100799, 0.164494, 0.217953, 0.230267, 0.239707, 0.475426, 0.477239, 0.511489, 0.606937, 0.610299, 0.685118, 0.749872, 0.761045, 0.79815, 0.843834, 0.85952, 0.956795, 1, 

37,260,0.001, 0.0219461, 0.0261442, 0.0262016, 0.0663368, 0.100799, 0.164494, 0.217953, 0.230267, 0.499249, 0.5138, 0.550361, 0.596095, 1, 

42,249,0.001, 0.0219461, 0.0261442, 0.0262016, 0.0663368, 0.100799, 0.164494, 0.217953, 0.230267, 0.239707, 0.475426, 0.508095, 0.573131, 0.69156, 0.698453, 0.828251, 0.841254, 0.951562, 1, 

39,259,0.001, 0.0219461, 0.0261442, 0.0262016, 0.0663368, 0.100799, 0.164494, 0.217953, 0.230267, 0.248763, 0.906301, 0.930431, 0.992145, 1, 

36,316,0.001, 0.017851, 0.0501659, 0.0456565, 0.126535, 0.171676, 0.467519, 0.710549, 0.845754, 0.489061, 1, 

Generation #5
36,316,0.001, 0.017851, 0.0501659, 0.0456565, 0.126535, 0.171676, 0.467519, 0.710549, 0.845754, 0.489061, 1, 

43,209,0.001, 0.017851, 0.0501659, 0.0456565, 0.126535, 0.100799, 0.164494, 0.217953, 0.230267, 0.239707, 0.475426, 0.508095, 0.573131, 0.69156, 0.698453, 0.828251, 0.841254, 0.951562, 1, 

37,257,0.001, 0.0219461, 0.0261442, 0.0262016, 0.0663368, 0.100799, 0.164494, 0.217953, 0.230267, 0.248763, 0.906301, 0.930431, 0.992145, 1, 

34,325,0.001, 0.0254464, 0.0366954, 0.0456565, 0.126535, 0.14546, 0.153692, 0.211271, 0.22996, 0.248763, 1, 

39,249,0.001, 0.017851, 0.0501659, 0.0262016, 0.0663368, 0.100799, 0.164494, 0.217953, 0.334096, 0.230267, 0.993654, 1, 

40,236,0.001, 0.017851, 0.0501659, 0.0513067, 0.110065, 0.171676, 0.223503, 0.360442, 0.365705, 0.45636, 0.479251, 0.782234, 0.787231, 0.8087, 0.870795, 0.937226, 1, 

Generation #6
43,209,0.001, 0.017851, 0.0501659, 0.0456565, 0.126535, 0.100799, 0.164494, 0.217953, 0.230267, 0.239707, 0.475426, 0.508095, 0.573131, 0.69156, 0.698453, 0.828251, 0.841254, 0.951562, 1, 

37,257,0.001, 0.0219461, 0.0261442, 0.0262016, 0.0663368, 0.100799, 0.164494, 0.217953, 0.230267, 0.248763, 0.906301, 0.930431, 0.992145, 1, 

39,249,0.001, 0.017851, 0.0501659, 0.0262016, 0.0663368, 0.100799, 0.164494, 0.217953, 0.334096, 0.230267, 0.993654, 1, 

40,236,0.001, 0.017851, 0.0501659, 0.0513067, 0.110065, 0.171676, 0.223503, 0.360442, 0.365705, 0.45636, 0.479251, 0.782234, 0.787231, 0.8087, 0.870795, 0.937226, 1, 

34,274,0.001, 0.0219461, 0.0261442, 0.0262016, 0.0663368, 0.100799, 0.164494, 0.217953, 0.230267, 0.248763, 1, 

Generation #7
43,209,0.001, 0.017851, 0.0501659, 0.0456565, 0.126535, 0.100799, 0.164494, 0.217953, 0.230267, 0.239707, 0.475426, 0.508095, 0.573131, 0.69156, 0.698453, 0.828251, 0.841254, 0.951562, 1, 

40,236,0.001, 0.017851, 0.0501659, 0.0513067, 0.110065, 0.171676, 0.223503, 0.360442, 0.365705, 0.45636, 0.479251, 0.782234, 0.787231, 0.8087, 0.870795, 0.937226, 1, 

34,274,0.001, 0.0219461, 0.0261442, 0.0262016, 0.0663368, 0.100799, 0.164494, 0.217953, 0.230267, 0.248763, 1, 

42,218,0.001, 0.0266537, 0.037516, 0.040253, 0.075425, 0.14546, 0.153692, 0.211271, 0.22996, 0.248763, 0.304855, 0.31975, 0.359774, 0.379474, 0.432226, 0.493915, 0.749872, 0.761045, 1, 

37,243,0.001, 0.017851, 0.0501659, 0.0513067, 0.0663368, 0.100799, 0.164494, 0.217953, 0.47941, 0.230267, 0.993654, 1, 

Generation #8
43,209,0.001, 0.017851, 0.0501659, 0.0456565, 0.126535, 0.100799, 0.164494, 0.217953, 0.230267, 0.239707, 0.475426, 0.508095, 0.573131, 0.69156, 0.698453, 0.828251, 0.841254, 0.951562, 1, 

40,236,0.001, 0.017851, 0.0501659, 0.0513067, 0.110065, 0.171676, 0.223503, 0.360442, 0.365705, 0.45636, 0.479251, 0.782234, 0.787231, 0.8087, 0.870795, 0.937226, 1, 

34,274,0.001, 0.0219461, 0.0261442, 0.0262016, 0.0663368, 0.100799, 0.164494, 0.217953, 0.230267, 0.248763, 1, 

42,218,0.001, 0.0266537, 0.037516, 0.040253, 0.075425, 0.14546, 0.153692, 0.211271, 0.22996, 0.248763, 0.304855, 0.31975, 0.359774, 0.379474, 0.432226, 0.493915, 0.749872, 0.761045, 1, 

37,243,0.001, 0.017851, 0.0501659, 0.0513067, 0.0663368, 0.100799, 0.164494, 0.217953, 0.47941, 0.230267, 0.993654, 1, 

36,273,0.001, 0.017851, 0.0501659, 0.0513067, 0.110065, 0.14546, 0.164494, 0.217953, 0.334096, 0.230267, 0.872318, 0.886671, 1, 

Generation #9
43,209,0.001, 0.017851, 0.0501659, 0.0456565, 0.126535, 0.100799, 0.164494, 0.217953, 0.230267, 0.239707, 0.475426, 0.508095, 0.573131, 0.69156, 0.698453, 0.828251, 0.841254, 0.951562, 1, 

40,236,0.001, 0.017851, 0.0501659, 0.0513067, 0.110065, 0.171676, 0.223503, 0.360442, 0.365705, 0.45636, 0.479251, 0.782234, 0.787231, 0.8087, 0.870795, 0.937226, 1, 

34,274,0.001, 0.0219461, 0.0261442, 0.0262016, 0.0663368, 0.100799, 0.164494, 0.217953, 0.230267, 0.248763, 1, 

42,218,0.001, 0.0266537, 0.037516, 0.040253, 0.075425, 0.14546, 0.153692, 0.211271, 0.22996, 0.248763, 0.304855, 0.31975, 0.359774, 0.379474, 0.432226, 0.493915, 0.749872, 0.761045, 1, 

37,243,0.001, 0.017851, 0.0501659, 0.0513067, 0.0663368, 0.100799, 0.164494, 0.217953, 0.47941, 0.230267, 0.993654, 1, 

36,273,0.001, 0.017851, 0.0501659, 0.0513067, 0.110065, 0.14546, 0.164494, 0.217953, 0.334096, 0.230267, 0.872318, 0.886671, 1, 

Generation #10
43,209,0.001, 0.017851, 0.0501659, 0.0456565, 0.126535, 0.100799, 0.164494, 0.217953, 0.230267, 0.239707, 0.475426, 0.508095, 0.573131, 0.69156, 0.698453, 0.828251, 0.841254, 0.951562, 1, 

34,274,0.001, 0.0219461, 0.0261442, 0.0262016, 0.0663368, 0.100799, 0.164494, 0.217953, 0.230267, 0.248763, 1, 

42,218,0.001, 0.0266537, 0.037516, 0.040253, 0.075425, 0.14546, 0.153692, 0.211271, 0.22996, 0.248763, 0.304855, 0.31975, 0.359774, 0.379474, 0.432226, 0.493915, 0.749872, 0.761045, 1, 

32,387,0.001, 0.0219461, 0.0261442, 0.0262016, 0.0663368, 0.042784, 0.0264686, 0.950905, 0.999048, 1, 

36,230,0.001, 0.0219461, 0.0261442, 0.0663368, 0.100799, 0.164494, 0.217953, 0.230267, 0.248763, 0.45636, 0.981794, 1, 

35,243,0.001, 0.0219461, 0.0261442, 0.0262016, 0.0663368, 0.100799, 0.164494, 0.217953, 0.230267, 0.248763, 1, 

Generation #11
43,209,0.001, 0.017851, 0.0501659, 0.0456565, 0.126535, 0.100799, 0.164494, 0.217953, 0.230267, 0.239707, 0.475426, 0.508095, 0.573131, 0.69156, 0.698453, 0.828251, 0.841254, 0.951562, 1, 

32,387,0.001, 0.0219461, 0.0261442, 0.0262016, 0.0663368, 0.042784, 0.0264686, 0.950905, 0.999048, 1, 

34,255,0.001, 0.0219461, 0.0261442, 0.0262016, 0.0663368, 0.100799, 0.164494, 0.230267, 0.365705, 1, 

35,213,0.001, 0.017851, 0.0261442, 0.0262016, 0.0663368, 0.100799, 0.164494, 0.217953, 0.230267, 0.248763, 0.906301, 0.930431, 0.992145, 1, 

Generation #12
43,209,0.001, 0.017851, 0.0501659, 0.0456565, 0.126535, 0.100799, 0.164494, 0.217953, 0.230267, 0.239707, 0.475426, 0.508095, 0.573131, 0.69156, 0.698453, 0.828251, 0.841254, 0.951562, 1, 

32,387,0.001, 0.0219461, 0.0261442, 0.0262016, 0.0663368, 0.042784, 0.0264686, 0.950905, 0.999048, 1, 

34,255,0.001, 0.0219461, 0.0261442, 0.0262016, 0.0663368, 0.100799, 0.164494, 0.230267, 0.365705, 1, 

35,213,0.001, 0.017851, 0.0261442, 0.0262016, 0.0663368, 0.100799, 0.164494, 0.217953, 0.230267, 0.248763, 0.906301, 0.930431, 0.992145, 1, 

44,193,0.001, 0.0219461, 0.0261442, 0.0262016, 0.0663368, 0.100799, 0.164494, 0.217953, 0.230267, 0.45636, 0.479251, 0.508095, 0.573131, 0.69156, 0.698453, 0.828251, 0.841254, 0.438998, 0.951562, 1, 

Generation #13
43,209,0.001, 0.017851, 0.0501659, 0.0456565, 0.126535, 0.100799, 0.164494, 0.217953, 0.230267, 0.239707, 0.475426, 0.508095, 0.573131, 0.69156, 0.698453, 0.828251, 0.841254, 0.951562, 1, 

32,387,0.001, 0.0219461, 0.0261442, 0.0262016, 0.0663368, 0.042784, 0.0264686, 0.950905, 0.999048, 1, 

34,255,0.001, 0.0219461, 0.0261442, 0.0262016, 0.0663368, 0.100799, 0.164494, 0.230267, 0.365705, 1, 

35,213,0.001, 0.017851, 0.0261442, 0.0262016, 0.0663368, 0.100799, 0.164494, 0.217953, 0.230267, 0.248763, 0.906301, 0.930431, 0.992145, 1, 

44,193,0.001, 0.0219461, 0.0261442, 0.0262016, 0.0663368, 0.100799, 0.164494, 0.217953, 0.230267, 0.45636, 0.479251, 0.508095, 0.573131, 0.69156, 0.698453, 0.828251, 0.841254, 0.438998, 0.951562, 1, 

Generation #14
43,209,0.001, 0.017851, 0.0501659, 0.0456565, 0.126535, 0.100799, 0.164494, 0.217953, 0.230267, 0.239707, 0.475426, 0.508095, 0.573131, 0.69156, 0.698453, 0.828251, 0.841254, 0.951562, 1, 

35,213,0.001, 0.017851, 0.0261442, 0.0262016, 0.0663368, 0.100799, 0.164494, 0.217953, 0.230267, 0.248763, 0.906301, 0.930431, 0.992145, 1, 

44,193,0.001, 0.0219461, 0.0261442, 0.0262016, 0.0663368, 0.100799, 0.164494, 0.217953, 0.230267, 0.45636, 0.479251, 0.508095, 0.573131, 0.69156, 0.698453, 0.828251, 0.841254, 0.438998, 0.951562, 1, 

32,236,0.001, 0.0219461, 0.00548524, 0.0663368, 0.100799, 0.164494, 0.217953, 0.230267, 0.45636, 1, 

Generation #15
43,209,0.001, 0.017851, 0.0501659, 0.0456565, 0.126535, 0.100799, 0.164494, 0.217953, 0.230267, 0.239707, 0.475426, 0.508095, 0.573131, 0.69156, 0.698453, 0.828251, 0.841254, 0.951562, 1, 

35,213,0.001, 0.017851, 0.0261442, 0.0262016, 0.0663368, 0.100799, 0.164494, 0.217953, 0.230267, 0.248763, 0.906301, 0.930431, 0.992145, 1, 

44,193,0.001, 0.0219461, 0.0261442, 0.0262016, 0.0663368, 0.100799, 0.164494, 0.217953, 0.230267, 0.45636, 0.479251, 0.508095, 0.573131, 0.69156, 0.698453, 0.828251, 0.841254, 0.438998, 0.951562, 1, 

32,236,0.001, 0.0219461, 0.00548524, 0.0663368, 0.100799, 0.164494, 0.217953, 0.230267, 0.45636, 1, 

34,225,0.001, 0.0219461, 0.0261442, 0.0262016, 0.0663368, 0.100799, 0.164494, 0.217953, 0.230267, 0.248763, 1, 

Generation #16
35,213,0.001, 0.017851, 0.0261442, 0.0262016, 0.0663368, 0.100799, 0.164494, 0.217953, 0.230267, 0.248763, 0.906301, 0.930431, 0.992145, 1, 

32,236,0.001, 0.0219461, 0.00548524, 0.0663368, 0.100799, 0.164494, 0.217953, 0.230267, 0.45636, 1, 

34,225,0.001, 0.0219461, 0.0261442, 0.0262016, 0.0663368, 0.100799, 0.164494, 0.217953, 0.230267, 0.248763, 1, 

43,192,0.001, 0.0219461, 0.0261442, 0.0262016, 0.0663368, 0.100799, 0.164494, 0.217953, 0.230267, 0.45636, 0.479251, 0.508095, 0.573131, 0.69156, 0.698453, 0.828251, 0.841254, 0.438998, 0.951562, 1, 

Generation #17
35,213,0.001, 0.017851, 0.0261442, 0.0262016, 0.0663368, 0.100799, 0.164494, 0.217953, 0.230267, 0.248763, 0.906301, 0.930431, 0.992145, 1, 

32,236,0.001, 0.0219461, 0.00548524, 0.0663368, 0.100799, 0.164494, 0.217953, 0.230267, 0.45636, 1, 

34,225,0.001, 0.0219461, 0.0261442, 0.0262016, 0.0663368, 0.100799, 0.164494, 0.217953, 0.230267, 0.248763, 1, 

43,192,0.001, 0.0219461, 0.0261442, 0.0262016, 0.0663368, 0.100799, 0.164494, 0.217953, 0.230267, 0.45636, 0.479251, 0.508095, 0.573131, 0.69156, 0.698453, 0.828251, 0.841254, 0.438998, 0.951562, 1, 

Generation #18
35,213,0.001, 0.017851, 0.0261442, 0.0262016, 0.0663368, 0.100799, 0.164494, 0.217953, 0.230267, 0.248763, 0.906301, 0.930431, 0.992145, 1, 

32,236,0.001, 0.0219461, 0.00548524, 0.0663368, 0.100799, 0.164494, 0.217953, 0.230267, 0.45636, 1, 

34,225,0.001, 0.0219461, 0.0261442, 0.0262016, 0.0663368, 0.100799, 0.164494, 0.217953, 0.230267, 0.248763, 1, 

43,192,0.001, 0.0219461, 0.0261442, 0.0262016, 0.0663368, 0.100799, 0.164494, 0.217953, 0.230267, 0.45636, 0.479251, 0.508095, 0.573131, 0.69156, 0.698453, 0.828251, 0.841254, 0.438998, 0.951562, 1, 

Generation #19
32,236,0.001, 0.0219461, 0.00548524, 0.0663368, 0.100799, 0.164494, 0.217953, 0.230267, 0.45636, 1, 

43,192,0.001, 0.0219461, 0.0261442, 0.0262016, 0.0663368, 0.100799, 0.164494, 0.217953, 0.230267, 0.45636, 0.479251, 0.508095, 0.573131, 0.69156, 0.698453, 0.828251, 0.841254, 0.438998, 0.951562, 1, 

34,205,0.001, 0.0219461, 0.0261442, 0.0262016, 0.0663368, 0.100799, 0.164494, 0.217953, 0.230267, 0.365705, 1, 

Generation #20
32,236,0.001, 0.0219461, 0.00548524, 0.0663368, 0.100799, 0.164494, 0.217953, 0.230267, 0.45636, 1, 

43,192,0.001, 0.0219461, 0.0261442, 0.0262016, 0.0663368, 0.100799, 0.164494, 0.217953, 0.230267, 0.45636, 0.479251, 0.508095, 0.573131, 0.69156, 0.698453, 0.828251, 0.841254, 0.438998, 0.951562, 1, 

34,205,0.001, 0.0219461, 0.0261442, 0.0262016, 0.0663368, 0.100799, 0.164494, 0.217953, 0.230267, 0.365705, 1, 

Generation #21
32,236,0.001, 0.0219461, 0.00548524, 0.0663368, 0.100799, 0.164494, 0.217953, 0.230267, 0.45636, 1, 

43,192,0.001, 0.0219461, 0.0261442, 0.0262016, 0.0663368, 0.100799, 0.164494, 0.217953, 0.230267, 0.45636, 0.479251, 0.508095, 0.573131, 0.69156, 0.698453, 0.828251, 0.841254, 0.438998, 0.951562, 1, 

34,205,0.001, 0.0219461, 0.0261442, 0.0262016, 0.0663368, 0.100799, 0.164494, 0.217953, 0.230267, 0.365705, 1, 

Generation #22
32,236,0.001, 0.0219461, 0.00548524, 0.0663368, 0.100799, 0.164494, 0.217953, 0.230267, 0.45636, 1, 

34,205,0.001, 0.0219461, 0.0261442, 0.0262016, 0.0663368, 0.100799, 0.164494, 0.217953, 0.230267, 0.365705, 1, 

36,182,0.001, 0.017851, 0.0261442, 0.0663368, 0.058592, 0.100799, 0.164494, 0.217953, 0.230267, 0.248763, 0.45636, 0.981794, 1, 

Generation #23
32,236,0.001, 0.0219461, 0.00548524, 0.0663368, 0.100799, 0.164494, 0.217953, 0.230267, 0.45636, 1, 

34,205,0.001, 0.0219461, 0.0261442, 0.0262016, 0.0663368, 0.100799, 0.164494, 0.217953, 0.230267, 0.365705, 1, 

36,182,0.001, 0.017851, 0.0261442, 0.0663368, 0.058592, 0.100799, 0.164494, 0.217953, 0.230267, 0.248763, 0.45636, 0.981794, 1, 

Generation #24
32,236,0.001, 0.0219461, 0.00548524, 0.0663368, 0.100799, 0.164494, 0.217953, 0.230267, 0.45636, 1, 

34,205,0.001, 0.0219461, 0.0261442, 0.0262016, 0.0663368, 0.100799, 0.164494, 0.217953, 0.230267, 0.365705, 1, 

36,182,0.001, 0.017851, 0.0261442, 0.0663368, 0.058592, 0.100799, 0.164494, 0.217953, 0.230267, 0.248763, 0.45636, 0.981794, 1, 

Generation #25
32,236,0.001, 0.0219461, 0.00548524, 0.0663368, 0.100799, 0.164494, 0.217953, 0.230267, 0.45636, 1, 

34,205,0.001, 0.0219461, 0.0261442, 0.0262016, 0.0663368, 0.100799, 0.164494, 0.217953, 0.230267, 0.365705, 1, 

36,182,0.001, 0.017851, 0.0261442, 0.0663368, 0.058592, 0.100799, 0.164494, 0.217953, 0.230267, 0.248763, 0.45636, 0.981794, 1, 

Generation #26
32,236,0.001, 0.0219461, 0.00548524, 0.0663368, 0.100799, 0.164494, 0.217953, 0.230267, 0.45636, 1, 

34,205,0.001, 0.0219461, 0.0261442, 0.0262016, 0.0663368, 0.100799, 0.164494, 0.217953, 0.230267, 0.365705, 1, 

36,182,0.001, 0.017851, 0.0261442, 0.0663368, 0.058592, 0.100799, 0.164494, 0.217953, 0.230267, 0.248763, 0.45636, 0.981794, 1, 

Generation #27
32,236,0.001, 0.0219461, 0.00548524, 0.0663368, 0.100799, 0.164494, 0.217953, 0.230267, 0.45636, 1, 

34,205,0.001, 0.0219461, 0.0261442, 0.0262016, 0.0663368, 0.100799, 0.164494, 0.217953, 0.230267, 0.365705, 1, 

36,182,0.001, 0.017851, 0.0261442, 0.0663368, 0.058592, 0.100799, 0.164494, 0.217953, 0.230267, 0.248763, 0.45636, 0.981794, 1, 

33,226,0.001, 0.0219461, 0.0261442, 0.0262016, 0.0663368, 0.100799, 0.164494, 0.217953, 0.230267, 1, 

Generation #28
32,236,0.001, 0.0219461, 0.00548524, 0.0663368, 0.100799, 0.164494, 0.217953, 0.230267, 0.45636, 1, 

34,205,0.001, 0.0219461, 0.0261442, 0.0262016, 0.0663368, 0.100799, 0.164494, 0.217953, 0.230267, 0.365705, 1, 

36,182,0.001, 0.017851, 0.0261442, 0.0663368, 0.058592, 0.100799, 0.164494, 0.217953, 0.230267, 0.248763, 0.45636, 0.981794, 1, 

33,226,0.001, 0.0219461, 0.0261442, 0.0262016, 0.0663368, 0.100799, 0.164494, 0.217953, 0.230267, 1, 

Generation #29
32,236,0.001, 0.0219461, 0.00548524, 0.0663368, 0.100799, 0.164494, 0.217953, 0.230267, 0.45636, 1, 

34,205,0.001, 0.0219461, 0.0261442, 0.0262016, 0.0663368, 0.100799, 0.164494, 0.217953, 0.230267, 0.365705, 1, 

36,182,0.001, 0.017851, 0.0261442, 0.0663368, 0.058592, 0.100799, 0.164494, 0.217953, 0.230267, 0.248763, 0.45636, 0.981794, 1, 

33,226,0.001, 0.0219461, 0.0261442, 0.0262016, 0.0663368, 0.100799, 0.164494, 0.217953, 0.230267, 1, 

Generation #30
34,205,0.001, 0.0219461, 0.0261442, 0.0262016, 0.0663368, 0.100799, 0.164494, 0.217953, 0.230267, 0.365705, 1, 

36,182,0.001, 0.017851, 0.0261442, 0.0663368, 0.058592, 0.100799, 0.164494, 0.217953, 0.230267, 0.248763, 0.45636, 0.981794, 1, 

33,226,0.001, 0.0219461, 0.0261442, 0.0262016, 0.0663368, 0.100799, 0.164494, 0.217953, 0.230267, 1, 

32,229,0.001, 0.0219461, 0.0261442, 0.0262016, 0.0663368, 0.100799, 0.164494, 0.217953, 1, 

Generation #31
34,205,0.001, 0.0219461, 0.0261442, 0.0262016, 0.0663368, 0.100799, 0.164494, 0.217953, 0.230267, 0.365705, 1, 

36,182,0.001, 0.017851, 0.0261442, 0.0663368, 0.058592, 0.100799, 0.164494, 0.217953, 0.230267, 0.248763, 0.45636, 0.981794, 1, 

33,226,0.001, 0.0219461, 0.0261442, 0.0262016, 0.0663368, 0.100799, 0.164494, 0.217953, 0.230267, 1, 

32,229,0.001, 0.0219461, 0.0261442, 0.0262016, 0.0663368, 0.100799, 0.164494, 0.217953, 1, 

35,187,0.001, 0.017851, 0.0261442, 0.0262016, 0.0663368, 0.100799, 0.100799, 0.164494, 0.217953, 0.45636, 1, 

Generation #32
34,205,0.001, 0.0219461, 0.0261442, 0.0262016, 0.0663368, 0.100799, 0.164494, 0.217953, 0.230267, 0.365705, 1, 

36,182,0.001, 0.017851, 0.0261442, 0.0663368, 0.058592, 0.100799, 0.164494, 0.217953, 0.230267, 0.248763, 0.45636, 0.981794, 1, 

33,226,0.001, 0.0219461, 0.0261442, 0.0262016, 0.0663368, 0.100799, 0.164494, 0.217953, 0.230267, 1, 

32,229,0.001, 0.0219461, 0.0261442, 0.0262016, 0.0663368, 0.100799, 0.164494, 0.217953, 1, 

35,187,0.001, 0.017851, 0.0261442, 0.0262016, 0.0663368, 0.100799, 0.100799, 0.164494, 0.217953, 0.45636, 1, 

Generation #33
34,205,0.001, 0.0219461, 0.0261442, 0.0262016, 0.0663368, 0.100799, 0.164494, 0.217953, 0.230267, 0.365705, 1, 

36,182,0.001, 0.017851, 0.0261442, 0.0663368, 0.058592, 0.100799, 0.164494, 0.217953, 0.230267, 0.248763, 0.45636, 0.981794, 1, 

33,226,0.001, 0.0219461, 0.0261442, 0.0262016, 0.0663368, 0.100799, 0.164494, 0.217953, 0.230267, 1, 

32,229,0.001, 0.0219461, 0.0261442, 0.0262016, 0.0663368, 0.100799, 0.164494, 0.217953, 1, 

35,187,0.001, 0.017851, 0.0261442, 0.0262016, 0.0663368, 0.100799, 0.100799, 0.164494, 0.217953, 0.45636, 1, 

Generation #34
34,205,0.001, 0.0219461, 0.0261442, 0.0262016, 0.0663368, 0.100799, 0.164494, 0.217953, 0.230267, 0.365705, 1, 

36,182,0.001, 0.017851, 0.0261442, 0.0663368, 0.058592, 0.100799, 0.164494, 0.217953, 0.230267, 0.248763, 0.45636, 0.981794, 1, 

33,226,0.001, 0.0219461, 0.0261442, 0.0262016, 0.0663368, 0.100799, 0.164494, 0.217953, 0.230267, 1, 

32,229,0.001, 0.0219461, 0.0261442, 0.0262016, 0.0663368, 0.100799, 0.164494, 0.217953, 1, 

35,187,0.001, 0.017851, 0.0261442, 0.0262016, 0.0663368, 0.100799, 0.100799, 0.164494, 0.217953, 0.45636, 1, 

45,179,0.001, 0.017851, 0.0261442, 0.0262016, 0.0663368, 0.100799, 0.164494, 0.217953, 0.230267, 0.45636, 0.479251, 0.508095, 0.573131, 0.69156, 0.698453, 0.828251, 0.841254, 0.438998, 0.951562, 1, 

Generation #35
34,205,0.001, 0.0219461, 0.0261442, 0.0262016, 0.0663368, 0.100799, 0.164494, 0.217953, 0.230267, 0.365705, 1, 

36,182,0.001, 0.017851, 0.0261442, 0.0663368, 0.058592, 0.100799, 0.164494, 0.217953, 0.230267, 0.248763, 0.45636, 0.981794, 1, 

32,229,0.001, 0.0219461, 0.0261442, 0.0262016, 0.0663368, 0.100799, 0.164494, 0.217953, 1, 

35,187,0.001, 0.017851, 0.0261442, 0.0262016, 0.0663368, 0.100799, 0.100799, 0.164494, 0.217953, 0.45636, 1, 

45,179,0.001, 0.017851, 0.0261442, 0.0262016, 0.0663368, 0.100799, 0.164494, 0.217953, 0.230267, 0.45636, 0.479251, 0.508095, 0.573131, 0.69156, 0.698453, 0.828251, 0.841254, 0.438998, 0.951562, 1, 

33,224,0.001, 0.0219461, 0.0261442, 0.0262016, 0.0663368, 0.100799, 0.164494, 0.217953, 0.230267, 0.239707, 1, 

Generation #36
34,205,0.001, 0.0219461, 0.0261442, 0.0262016, 0.0663368, 0.100799, 0.164494, 0.217953, 0.230267, 0.365705, 1, 

36,182,0.001, 0.017851, 0.0261442, 0.0663368, 0.058592, 0.100799, 0.164494, 0.217953, 0.230267, 0.248763, 0.45636, 0.981794, 1, 

32,229,0.001, 0.0219461, 0.0261442, 0.0262016, 0.0663368, 0.100799, 0.164494, 0.217953, 1, 

35,187,0.001, 0.017851, 0.0261442, 0.0262016, 0.0663368, 0.100799, 0.100799, 0.164494, 0.217953, 0.45636, 1, 

45,179,0.001, 0.017851, 0.0261442, 0.0262016, 0.0663368, 0.100799, 0.164494, 0.217953, 0.230267, 0.45636, 0.479251, 0.508095, 0.573131, 0.69156, 0.698453, 0.828251, 0.841254, 0.438998, 0.951562, 1, 

33,224,0.001, 0.0219461, 0.0261442, 0.0262016, 0.0663368, 0.100799, 0.164494, 0.217953, 0.230267, 0.239707, 1, 

Generation #37
34,205,0.001, 0.0219461, 0.0261442, 0.0262016, 0.0663368, 0.100799, 0.164494, 0.217953, 0.230267, 0.365705, 1, 

36,182,0.001, 0.017851, 0.0261442, 0.0663368, 0.058592, 0.100799, 0.164494, 0.217953, 0.230267, 0.248763, 0.45636, 0.981794, 1, 

32,229,0.001, 0.0219461, 0.0261442, 0.0262016, 0.0663368, 0.100799, 0.164494, 0.217953, 1, 

35,187,0.001, 0.017851, 0.0261442, 0.0262016, 0.0663368, 0.100799, 0.100799, 0.164494, 0.217953, 0.45636, 1, 

45,179,0.001, 0.017851, 0.0261442, 0.0262016, 0.0663368, 0.100799, 0.164494, 0.217953, 0.230267, 0.45636, 0.479251, 0.508095, 0.573131, 0.69156, 0.698453, 0.828251, 0.841254, 0.438998, 0.951562, 1, 

33,224,0.001, 0.0219461, 0.0261442, 0.0262016, 0.0663368, 0.100799, 0.164494, 0.217953, 0.230267, 0.239707, 1, 

Generation #38
34,205,0.001, 0.0219461, 0.0261442, 0.0262016, 0.0663368, 0.100799, 0.164494, 0.217953, 0.230267, 0.365705, 1, 

36,182,0.001, 0.017851, 0.0261442, 0.0663368, 0.058592, 0.100799, 0.164494, 0.217953, 0.230267, 0.248763, 0.45636, 0.981794, 1, 

32,229,0.001, 0.0219461, 0.0261442, 0.0262016, 0.0663368, 0.100799, 0.164494, 0.217953, 1, 

35,187,0.001, 0.017851, 0.0261442, 0.0262016, 0.0663368, 0.100799, 0.100799, 0.164494, 0.217953, 0.45636, 1, 

45,179,0.001, 0.017851, 0.0261442, 0.0262016, 0.0663368, 0.100799, 0.164494, 0.217953, 0.230267, 0.45636, 0.479251, 0.508095, 0.573131, 0.69156, 0.698453, 0.828251, 0.841254, 0.438998, 0.951562, 1, 

33,208,0.001, 0.017851, 0.0261442, 0.0262016, 0.0663368, 0.100799, 0.164494, 0.217953, 0.230267, 0.248763, 1, 

Generation #39
34,205,0.001, 0.0219461, 0.0261442, 0.0262016, 0.0663368, 0.100799, 0.164494, 0.217953, 0.230267, 0.365705, 1, 

36,182,0.001, 0.017851, 0.0261442, 0.0663368, 0.058592, 0.100799, 0.164494, 0.217953, 0.230267, 0.248763, 0.45636, 0.981794, 1, 

32,229,0.001, 0.0219461, 0.0261442, 0.0262016, 0.0663368, 0.100799, 0.164494, 0.217953, 1, 

35,187,0.001, 0.017851, 0.0261442, 0.0262016, 0.0663368, 0.100799, 0.100799, 0.164494, 0.217953, 0.45636, 1, 

45,179,0.001, 0.017851, 0.0261442, 0.0262016, 0.0663368, 0.100799, 0.164494, 0.217953, 0.230267, 0.45636, 0.479251, 0.508095, 0.573131, 0.69156, 0.698453, 0.828251, 0.841254, 0.438998, 0.951562, 1, 

33,208,0.001, 0.017851, 0.0261442, 0.0262016, 0.0663368, 0.100799, 0.164494, 0.217953, 0.230267, 0.248763, 1, 

Generation #40
34,205,0.001, 0.0219461, 0.0261442, 0.0262016, 0.0663368, 0.100799, 0.164494, 0.217953, 0.230267, 0.365705, 1, 

36,182,0.001, 0.017851, 0.0261442, 0.0663368, 0.058592, 0.100799, 0.164494, 0.217953, 0.230267, 0.248763, 0.45636, 0.981794, 1, 

32,229,0.001, 0.0219461, 0.0261442, 0.0262016, 0.0663368, 0.100799, 0.164494, 0.217953, 1, 

35,187,0.001, 0.017851, 0.0261442, 0.0262016, 0.0663368, 0.100799, 0.100799, 0.164494, 0.217953, 0.45636, 1, 

45,179,0.001, 0.017851, 0.0261442, 0.0262016, 0.0663368, 0.100799, 0.164494, 0.217953, 0.230267, 0.45636, 0.479251, 0.508095, 0.573131, 0.69156, 0.698453, 0.828251, 0.841254, 0.438998, 0.951562, 1, 

33,208,0.001, 0.017851, 0.0261442, 0.0262016, 0.0663368, 0.100799, 0.164494, 0.217953, 0.230267, 0.248763, 1, 

Generation #41
34,205,0.001, 0.0219461, 0.0261442, 0.0262016, 0.0663368, 0.100799, 0.164494, 0.217953, 0.230267, 0.365705, 1, 

36,182,0.001, 0.017851, 0.0261442, 0.0663368, 0.058592, 0.100799, 0.164494, 0.217953, 0.230267, 0.248763, 0.45636, 0.981794, 1, 

32,229,0.001, 0.0219461, 0.0261442, 0.0262016, 0.0663368, 0.100799, 0.164494, 0.217953, 1, 

35,187,0.001, 0.017851, 0.0261442, 0.0262016, 0.0663368, 0.100799, 0.100799, 0.164494, 0.217953, 0.45636, 1, 

45,179,0.001, 0.017851, 0.0261442, 0.0262016, 0.0663368, 0.100799, 0.164494, 0.217953, 0.230267, 0.45636, 0.479251, 0.508095, 0.573131, 0.69156, 0.698453, 0.828251, 0.841254, 0.438998, 0.951562, 1, 

33,208,0.001, 0.017851, 0.0261442, 0.0262016, 0.0663368, 0.100799, 0.164494, 0.217953, 0.230267, 0.248763, 1, 

Generation #42
34,205,0.001, 0.0219461, 0.0261442, 0.0262016, 0.0663368, 0.100799, 0.164494, 0.217953, 0.230267, 0.365705, 1, 

36,182,0.001, 0.017851, 0.0261442, 0.0663368, 0.058592, 0.100799, 0.164494, 0.217953, 0.230267, 0.248763, 0.45636, 0.981794, 1, 

32,229,0.001, 0.0219461, 0.0261442, 0.0262016, 0.0663368, 0.100799, 0.164494, 0.217953, 1, 

35,187,0.001, 0.017851, 0.0261442, 0.0262016, 0.0663368, 0.100799, 0.100799, 0.164494, 0.217953, 0.45636, 1, 

45,179,0.001, 0.017851, 0.0261442, 0.0262016, 0.0663368, 0.100799, 0.164494, 0.217953, 0.230267, 0.45636, 0.479251, 0.508095, 0.573131, 0.69156, 0.698453, 0.828251, 0.841254, 0.438998, 0.951562, 1, 

33,208,0.001, 0.017851, 0.0261442, 0.0262016, 0.0663368, 0.100799, 0.164494, 0.217953, 0.230267, 0.248763, 1, 

Generation #43
34,205,0.001, 0.0219461, 0.0261442, 0.0262016, 0.0663368, 0.100799, 0.164494, 0.217953, 0.230267, 0.365705, 1, 

36,182,0.001, 0.017851, 0.0261442, 0.0663368, 0.058592, 0.100799, 0.164494, 0.217953, 0.230267, 0.248763, 0.45636, 0.981794, 1, 

32,229,0.001, 0.0219461, 0.0261442, 0.0262016, 0.0663368, 0.100799, 0.164494, 0.217953, 1, 

35,187,0.001, 0.017851, 0.0261442, 0.0262016, 0.0663368, 0.100799, 0.100799, 0.164494, 0.217953, 0.45636, 1, 

45,179,0.001, 0.017851, 0.0261442, 0.0262016, 0.0663368, 0.100799, 0.164494, 0.217953, 0.230267, 0.45636, 0.479251, 0.508095, 0.573131, 0.69156, 0.698453, 0.828251, 0.841254, 0.438998, 0.951562, 1, 

33,208,0.001, 0.017851, 0.0261442, 0.0262016, 0.0663368, 0.100799, 0.164494, 0.217953, 0.230267, 0.248763, 1, 

Generation #44
34,205,0.001, 0.0219461, 0.0261442, 0.0262016, 0.0663368, 0.100799, 0.164494, 0.217953, 0.230267, 0.365705, 1, 

36,182,0.001, 0.017851, 0.0261442, 0.0663368, 0.058592, 0.100799, 0.164494, 0.217953, 0.230267, 0.248763, 0.45636, 0.981794, 1, 

32,229,0.001, 0.0219461, 0.0261442, 0.0262016, 0.0663368, 0.100799, 0.164494, 0.217953, 1, 

35,187,0.001, 0.017851, 0.0261442, 0.0262016, 0.0663368, 0.100799, 0.100799, 0.164494, 0.217953, 0.45636, 1, 

45,179,0.001, 0.017851, 0.0261442, 0.0262016, 0.0663368, 0.100799, 0.164494, 0.217953, 0.230267, 0.45636, 0.479251, 0.508095, 0.573131, 0.69156, 0.698453, 0.828251, 0.841254, 0.438998, 0.951562, 1, 

33,208,0.001, 0.017851, 0.0261442, 0.0262016, 0.0663368, 0.100799, 0.164494, 0.217953, 0.230267, 0.248763, 1, 

Generation #45
34,205,0.001, 0.0219461, 0.0261442, 0.0262016, 0.0663368, 0.100799, 0.164494, 0.217953, 0.230267, 0.365705, 1, 

36,182,0.001, 0.017851, 0.0261442, 0.0663368, 0.058592, 0.100799, 0.164494, 0.217953, 0.230267, 0.248763, 0.45636, 0.981794, 1, 

32,229,0.001, 0.0219461, 0.0261442, 0.0262016, 0.0663368, 0.100799, 0.164494, 0.217953, 1, 

35,187,0.001, 0.017851, 0.0261442, 0.0262016, 0.0663368, 0.100799, 0.100799, 0.164494, 0.217953, 0.45636, 1, 

45,179,0.001, 0.017851, 0.0261442, 0.0262016, 0.0663368, 0.100799, 0.164494, 0.217953, 0.230267, 0.45636, 0.479251, 0.508095, 0.573131, 0.69156, 0.698453, 0.828251, 0.841254, 0.438998, 0.951562, 1, 

33,208,0.001, 0.017851, 0.0261442, 0.0262016, 0.0663368, 0.100799, 0.164494, 0.217953, 0.230267, 0.248763, 1, 

Generation #46
34,205,0.001, 0.0219461, 0.0261442, 0.0262016, 0.0663368, 0.100799, 0.164494, 0.217953, 0.230267, 0.365705, 1, 

36,182,0.001, 0.017851, 0.0261442, 0.0663368, 0.058592, 0.100799, 0.164494, 0.217953, 0.230267, 0.248763, 0.45636, 0.981794, 1, 

32,229,0.001, 0.0219461, 0.0261442, 0.0262016, 0.0663368, 0.100799, 0.164494, 0.217953, 1, 

45,179,0.001, 0.017851, 0.0261442, 0.0262016, 0.0663368, 0.100799, 0.164494, 0.217953, 0.230267, 0.45636, 0.479251, 0.508095, 0.573131, 0.69156, 0.698453, 0.828251, 0.841254, 0.438998, 0.951562, 1, 

33,208,0.001, 0.017851, 0.0261442, 0.0262016, 0.0663368, 0.100799, 0.164494, 0.217953, 0.230267, 0.248763, 1, 

35,186,0.001, 0.017851, 0.0261442, 0.0262016, 0.0663368, 0.100799, 0.164494, 0.217953, 0.230267, 0.45636, 0.981794, 1, 

Generation #47
34,205,0.001, 0.0219461, 0.0261442, 0.0262016, 0.0663368, 0.100799, 0.164494, 0.217953, 0.230267, 0.365705, 1, 

36,182,0.001, 0.017851, 0.0261442, 0.0663368, 0.058592, 0.100799, 0.164494, 0.217953, 0.230267, 0.248763, 0.45636, 0.981794, 1, 

32,229,0.001, 0.0219461, 0.0261442, 0.0262016, 0.0663368, 0.100799, 0.164494, 0.217953, 1, 

45,179,0.001, 0.017851, 0.0261442, 0.0262016, 0.0663368, 0.100799, 0.164494, 0.217953, 0.230267, 0.45636, 0.479251, 0.508095, 0.573131, 0.69156, 0.698453, 0.828251, 0.841254, 0.438998, 0.951562, 1, 

33,208,0.001, 0.017851, 0.0261442, 0.0262016, 0.0663368, 0.100799, 0.164494, 0.217953, 0.230267, 0.248763, 1, 

35,186,0.001, 0.017851, 0.0261442, 0.0262016, 0.0663368, 0.100799, 0.164494, 0.217953, 0.230267, 0.45636, 0.981794, 1, 

Generation #48
34,205,0.001, 0.0219461, 0.0261442, 0.0262016, 0.0663368, 0.100799, 0.164494, 0.217953, 0.230267, 0.365705, 1, 

36,182,0.001, 0.017851, 0.0261442, 0.0663368, 0.058592, 0.100799, 0.164494, 0.217953, 0.230267, 0.248763, 0.45636, 0.981794, 1, 

32,229,0.001, 0.0219461, 0.0261442, 0.0262016, 0.0663368, 0.100799, 0.164494, 0.217953, 1, 

45,179,0.001, 0.017851, 0.0261442, 0.0262016, 0.0663368, 0.100799, 0.164494, 0.217953, 0.230267, 0.45636, 0.479251, 0.508095, 0.573131, 0.69156, 0.698453, 0.828251, 0.841254, 0.438998, 0.951562, 1, 

33,208,0.001, 0.017851, 0.0261442, 0.0262016, 0.0663368, 0.100799, 0.164494, 0.217953, 0.230267, 0.248763, 1, 

35,186,0.001, 0.017851, 0.0261442, 0.0262016, 0.0663368, 0.100799, 0.164494, 0.217953, 0.230267, 0.45636, 0.981794, 1, 

Generation #49
34,205,0.001, 0.0219461, 0.0261442, 0.0262016, 0.0663368, 0.100799, 0.164494, 0.217953, 0.230267, 0.365705, 1, 

36,182,0.001, 0.017851, 0.0261442, 0.0663368, 0.058592, 0.100799, 0.164494, 0.217953, 0.230267, 0.248763, 0.45636, 0.981794, 1, 

32,229,0.001, 0.0219461, 0.0261442, 0.0262016, 0.0663368, 0.100799, 0.164494, 0.217953, 1, 

45,179,0.001, 0.017851, 0.0261442, 0.0262016, 0.0663368, 0.100799, 0.164494, 0.217953, 0.230267, 0.45636, 0.479251, 0.508095, 0.573131, 0.69156, 0.698453, 0.828251, 0.841254, 0.438998, 0.951562, 1, 

33,208,0.001, 0.017851, 0.0261442, 0.0262016, 0.0663368, 0.100799, 0.164494, 0.217953, 0.230267, 0.248763, 1, 

35,186,0.001, 0.017851, 0.0261442, 0.0262016, 0.0663368, 0.100799, 0.164494, 0.217953, 0.230267, 0.45636, 0.981794, 1, 

--- Pareto Front Solutions ---
Solution 0: N total=60 (N_initial=26, N_added=34), Time total=209 ms, Saved to: ./results/Flex_t2_l1_pareto_0.csv, percents=0.001, 0.0219461, 0.0261442, 0.0262016, 0.0663368, 0.100799, 0.164494, 0.217953, 0.230267, 0.365705, 1, 

Solution 1: N total=62 (N_initial=26, N_added=36), Time total=186 ms, Saved to: ./results/Flex_t2_l1_pareto_1.csv, percents=0.001, 0.017851, 0.0261442, 0.0663368, 0.058592, 0.100799, 0.164494, 0.217953, 0.230267, 0.248763, 0.45636, 0.981794, 1, 

Solution 2: N total=58 (N_initial=26, N_added=32), Time total=233 ms, Saved to: ./results/Flex_t2_l1_pareto_2.csv, percents=0.001, 0.0219461, 0.0261442, 0.0262016, 0.0663368, 0.100799, 0.164494, 0.217953, 1, 

Solution 3: N total=71 (N_initial=26, N_added=45), Time total=183 ms, Saved to: ./results/Flex_t2_l1_pareto_3.csv, percents=0.001, 0.017851, 0.0261442, 0.0262016, 0.0663368, 0.100799, 0.164494, 0.217953, 0.230267, 0.45636, 0.479251, 0.508095, 0.573131, 0.69156, 0.698453, 0.828251, 0.841254, 0.438998, 0.951562, 1, 

Solution 4: N total=59 (N_initial=26, N_added=33), Time total=212 ms, Saved to: ./results/Flex_t2_l1_pareto_4.csv, percents=0.001, 0.017851, 0.0261442, 0.0262016, 0.0663368, 0.100799, 0.164494, 0.217953, 0.230267, 0.248763, 1, 

Solution 5: N total=61 (N_initial=26, N_added=35), Time total=190 ms, Saved to: ./results/Flex_t2_l1_pareto_5.csv, percents=0.001, 0.017851, 0.0261442, 0.0262016, 0.0663368, 0.100799, 0.164494, 0.217953, 0.230267, 0.45636, 0.981794, 1, 

------------d=1, t=2, lambda=2, filename=./evaluation/Flex/Flex_2_2.csv------------
Grouping d-sets by partitioned row counts for detecting arrays...
Ready to look at pairs for detecting arrays...
First Stage N=50, Time=5
There are 1003 remaining non-locating pairs
--- Running GA Algorithm (phase2) ---
Running GA with std::execution::par
Generation #0
44,167,0.001, 0.0237461, 0.111285, 0.150983, 0.202331, 0.211599, 0.321237, 0.383364, 0.411429, 0.429512, 0.480652, 0.597175, 0.807659, 0.817122, 0.837935, 0.875301, 0.954595, 0.955867, 0.9577, 0.984997, 1, 

36,221,0.001, 0.0463457, 0.154717, 0.250405, 0.312185, 0.328949, 0.519258, 0.574501, 0.739873, 0.857045, 0.875219, 0.918893, 1, 

33,282,0.001, 0.140841, 0.177906, 0.190508, 0.212432, 0.413595, 0.416073, 0.476818, 0.621939, 0.805742, 0.814538, 1, 

39,189,0.001, 0.0781347, 0.0800263, 0.0882002, 0.145101, 0.346582, 0.451162, 0.463134, 0.490355, 0.526451, 0.612408, 0.621621, 0.652533, 0.666084, 0.707432, 0.782482, 0.783494, 1, 

48,155,0.001, 0.0585605, 0.09125, 0.116327, 0.145336, 0.162764, 0.20659, 0.291019, 0.327119, 0.337633, 0.466567, 0.489843, 0.532503, 0.572082, 0.686482, 0.712472, 0.712548, 0.734534, 0.738942, 0.756406, 0.769255, 0.787277, 0.811153, 0.812934, 0.824077, 0.856084, 0.988437, 0.998203, 1, 

40,178,0.001, 0.0660336, 0.0675221, 0.108166, 0.191399, 0.323961, 0.346249, 0.375465, 0.382199, 0.518519, 0.525345, 0.617067, 0.622824, 0.627945, 0.747182, 0.762307, 0.866517, 0.953157, 1, 

35,248,0.001, 0.138043, 0.145383, 0.151517, 0.203081, 0.240727, 0.289001, 0.290133, 0.356628, 0.529707, 0.649133, 0.690489, 0.756721, 0.789504, 0.878623, 1, 

Generation #1
31,126,0.001, 0.00840153, 0.0423665, 0.0915862, 0.100853, 0.381012, 0.385992, 0.440011, 0.454583, 0.474282, 0.528266, 1, 

Generation #2
31,126,0.001, 0.00840153, 0.0423665, 0.0915862, 0.100853, 0.381012, 0.385992, 0.440011, 0.454583, 0.474282, 0.528266, 1, 

30,162,0.001, 0.0191418, 0.0710162, 0.131066, 0.136235, 0.152644, 0.229266, 0.300379, 0.311388, 0.474282, 0.528266, 1, 

Generation #3
31,126,0.001, 0.00840153, 0.0423665, 0.0915862, 0.100853, 0.381012, 0.385992, 0.440011, 0.454583, 0.474282, 0.528266, 1, 

30,162,0.001, 0.0191418, 0.0710162, 0.131066, 0.136235, 0.152644, 0.229266, 0.300379, 0.311388, 0.474282, 0.528266, 1, 

Generation #4
31,126,0.001, 0.00840153, 0.0423665, 0.0915862, 0.100853, 0.381012, 0.385992, 0.440011, 0.454583, 0.474282, 0.528266, 1, 

30,160,0.001, 0.0198798, 0.0927052, 0.0940285, 0.123843, 0.137825, 0.683742, 0.760189, 0.832859, 1, 

Generation #5
31,126,0.001, 0.00840153, 0.0423665, 0.0915862, 0.100853, 0.381012, 0.385992, 0.440011, 0.454583, 0.474282, 0.528266, 1, 

28,139,0.001, 0.00840153, 0.0423665, 0.0915862, 0.100853, 0.381012, 0.385992, 0.440011, 0.607657, 0.898378, 1, 

Generation #6
31,126,0.001, 0.00840153, 0.0423665, 0.0915862, 0.100853, 0.381012, 0.385992, 0.440011, 0.454583, 0.474282, 0.528266, 1, 

28,139,0.001, 0.00840153, 0.0423665, 0.0915862, 0.100853, 0.381012, 0.385992, 0.440011, 0.607657, 0.898378, 1, 

Generation #7
31,126,0.001, 0.00840153, 0.0423665, 0.0915862, 0.100853, 0.381012, 0.385992, 0.440011, 0.454583, 0.474282, 0.528266, 1, 

28,139,0.001, 0.00840153, 0.0423665, 0.0915862, 0.100853, 0.381012, 0.385992, 0.440011, 0.607657, 0.898378, 1, 

42,123,0.001, 0.0450462, 0.0597207, 0.0707253, 0.0857876, 0.0933396, 0.187143, 0.203528, 0.563817, 0.661003, 0.671989, 0.807659, 0.817122, 0.837935, 0.875301, 0.954595, 0.955867, 0.9577, 0.7123, 1, 

Generation #8
31,126,0.001, 0.00840153, 0.0423665, 0.0915862, 0.100853, 0.381012, 0.385992, 0.440011, 0.454583, 0.474282, 0.528266, 1, 

28,139,0.001, 0.00840153, 0.0423665, 0.0915862, 0.100853, 0.381012, 0.385992, 0.440011, 0.607657, 0.898378, 1, 

42,123,0.001, 0.0450462, 0.0597207, 0.0707253, 0.0857876, 0.0933396, 0.187143, 0.203528, 0.563817, 0.661003, 0.671989, 0.807659, 0.817122, 0.837935, 0.875301, 0.954595, 0.955867, 0.9577, 0.7123, 1, 

Generation #9
31,126,0.001, 0.00840153, 0.0423665, 0.0915862, 0.100853, 0.381012, 0.385992, 0.440011, 0.454583, 0.474282, 0.528266, 1, 

28,139,0.001, 0.00840153, 0.0423665, 0.0915862, 0.100853, 0.381012, 0.385992, 0.440011, 0.607657, 0.898378, 1, 

42,123,0.001, 0.0450462, 0.0597207, 0.0707253, 0.0857876, 0.0933396, 0.187143, 0.203528, 0.563817, 0.661003, 0.671989, 0.807659, 0.817122, 0.837935, 0.875301, 0.954595, 0.955867, 0.9577, 0.7123, 1, 

Generation #10
31,126,0.001, 0.00840153, 0.0423665, 0.0915862, 0.100853, 0.381012, 0.385992, 0.440011, 0.454583, 0.474282, 0.528266, 1, 

42,123,0.001, 0.0450462, 0.0597207, 0.0707253, 0.0857876, 0.0933396, 0.187143, 0.203528, 0.563817, 0.661003, 0.671989, 0.807659, 0.817122, 0.837935, 0.875301, 0.954595, 0.955867, 0.9577, 0.7123, 1, 

27,260,0.001, 0.0237461, 0.0423665, 0.0915862, 0.100853, 0.381012, 0.385992, 0.295465, 0.361632, 1, 

28,133,0.001, 0.0198798, 0.0423665, 0.0915862, 0.100853, 0.137825, 0.0171508, 0.295465, 0.361632, 1, 

Generation #11
31,126,0.001, 0.00840153, 0.0423665, 0.0915862, 0.100853, 0.381012, 0.385992, 0.440011, 0.454583, 0.474282, 0.528266, 1, 

27,260,0.001, 0.0237461, 0.0423665, 0.0915862, 0.100853, 0.381012, 0.385992, 0.295465, 0.361632, 1, 

28,133,0.001, 0.0198798, 0.0423665, 0.0915862, 0.100853, 0.137825, 0.0171508, 0.295465, 0.361632, 1, 

35,120,0.001, 0.0619915, 0.0423665, 0.0915862, 0.102331, 0.170174, 0.203915, 0.206464, 0.291452, 0.396937, 0.402397, 0.410757, 0.435524, 0.987873, 1, 

Generation #12
31,126,0.001, 0.00840153, 0.0423665, 0.0915862, 0.100853, 0.381012, 0.385992, 0.440011, 0.454583, 0.474282, 0.528266, 1, 

27,260,0.001, 0.0237461, 0.0423665, 0.0915862, 0.100853, 0.381012, 0.385992, 0.295465, 0.361632, 1, 

28,133,0.001, 0.0198798, 0.0423665, 0.0915862, 0.100853, 0.137825, 0.0171508, 0.295465, 0.361632, 1, 

35,120,0.001, 0.0619915, 0.0423665, 0.0915862, 0.102331, 0.170174, 0.203915, 0.206464, 0.291452, 0.396937, 0.402397, 0.410757, 0.435524, 0.987873, 1, 

34,124,0.001, 0.00840153, 0.0423665, 0.0915862, 0.100853, 0.323961, 0.346249, 0.206464, 0.291452, 0.396937, 0.402397, 0.410757, 0.435524, 0.987873, 1, 

Generation #13
27,260,0.001, 0.0237461, 0.0423665, 0.0915862, 0.100853, 0.381012, 0.385992, 0.295465, 0.361632, 1, 

28,133,0.001, 0.0198798, 0.0423665, 0.0915862, 0.100853, 0.137825, 0.0171508, 0.295465, 0.361632, 1, 

30,117,0.001, 0.0450462, 0.0597207, 0.0707253, 0.0857876, 0.162764, 0.20659, 0.291019, 0.330643, 0.898378, 1, 

Generation #14
27,260,0.001, 0.0237461, 0.0423665, 0.0915862, 0.100853, 0.381012, 0.385992, 0.295465, 0.361632, 1, 

28,133,0.001, 0.0198798, 0.0423665, 0.0915862, 0.100853, 0.137825, 0.0171508, 0.295465, 0.361632, 1, 

30,117,0.001, 0.0450462, 0.0597207, 0.0707253, 0.0857876, 0.162764, 0.20659, 0.291019, 0.330643, 0.898378, 1, 

Generation #15
27,260,0.001, 0.0237461, 0.0423665, 0.0915862, 0.100853, 0.381012, 0.385992, 0.295465, 0.361632, 1, 

28,133,0.001, 0.0198798, 0.0423665, 0.0915862, 0.100853, 0.137825, 0.0171508, 0.295465, 0.361632, 1, 

30,117,0.001, 0.0450462, 0.0597207, 0.0707253, 0.0857876, 0.162764, 0.20659, 0.291019, 0.330643, 0.898378, 1, 

37,105,0.001, 0.00840153, 0.0423665, 0.0915862, 0.102331, 0.170174, 0.24216, 0.206464, 0.206464, 0.234805, 0.291452, 0.396937, 0.402397, 0.691473, 0.410757, 0.435524, 0.987873, 1, 

35,116,0.001, 0.00840153, 0.0423665, 0.0915862, 0.100853, 0.162764, 0.20659, 0.203915, 0.206464, 0.234805, 0.291452, 0.396937, 0.402397, 0.410757, 0.435524, 0.987873, 1, 

Generation #16
27,260,0.001, 0.0237461, 0.0423665, 0.0915862, 0.100853, 0.381012, 0.385992, 0.295465, 0.361632, 1, 

28,133,0.001, 0.0198798, 0.0423665, 0.0915862, 0.100853, 0.137825, 0.0171508, 0.295465, 0.361632, 1, 

30,117,0.001, 0.0450462, 0.0597207, 0.0707253, 0.0857876, 0.162764, 0.20659, 0.291019, 0.330643, 0.898378, 1, 

37,105,0.001, 0.00840153, 0.0423665, 0.0915862, 0.102331, 0.170174, 0.24216, 0.206464, 0.206464, 0.234805, 0.291452, 0.396937, 0.402397, 0.691473, 0.410757, 0.435524, 0.987873, 1, 

35,116,0.001, 0.00840153, 0.0423665, 0.0915862, 0.100853, 0.162764, 0.20659, 0.203915, 0.206464, 0.234805, 0.291452, 0.396937, 0.402397, 0.410757, 0.435524, 0.987873, 1, 

Generation #17
27,260,0.001, 0.0237461, 0.0423665, 0.0915862, 0.100853, 0.381012, 0.385992, 0.295465, 0.361632, 1, 

28,133,0.001, 0.0198798, 0.0423665, 0.0915862, 0.100853, 0.137825, 0.0171508, 0.295465, 0.361632, 1, 

30,117,0.001, 0.0450462, 0.0597207, 0.0707253, 0.0857876, 0.162764, 0.20659, 0.291019, 0.330643, 0.898378, 1, 

33,79,0.001, 0.0237461, 0.0423665, 0.0423665, 0.0915862, 0.100853, 0.0112703, 0.203915, 0.206464, 0.234805, 0.291452, 0.396937, 0.449955, 0.410757, 0.435524, 0.987873, 1, 

Generation #18
30,117,0.001, 0.0450462, 0.0597207, 0.0707253, 0.0857876, 0.162764, 0.20659, 0.291019, 0.330643, 0.898378, 1, 

33,79,0.001, 0.0237461, 0.0423665, 0.0423665, 0.0915862, 0.100853, 0.0112703, 0.203915, 0.206464, 0.234805, 0.291452, 0.396937, 0.449955, 0.410757, 0.435524, 0.987873, 1, 

27,143,0.001, 0.00840153, 0.00840153, 0.0423665, 0.0915862, 0.100853, 0.0112703, 0.203915, 0.206464, 1, 

28,129,0.001, 0.00840153, 0.0423665, 0.0915862, 0.100853, 0.162764, 0.20659, 0.832859, 1, 

Generation #19
30,117,0.001, 0.0450462, 0.0597207, 0.0707253, 0.0857876, 0.162764, 0.20659, 0.291019, 0.330643, 0.898378, 1, 

33,79,0.001, 0.0237461, 0.0423665, 0.0423665, 0.0915862, 0.100853, 0.0112703, 0.203915, 0.206464, 0.234805, 0.291452, 0.396937, 0.449955, 0.410757, 0.435524, 0.987873, 1, 

27,143,0.001, 0.00840153, 0.00840153, 0.0423665, 0.0915862, 0.100853, 0.0112703, 0.203915, 0.206464, 1, 

28,129,0.001, 0.00840153, 0.0423665, 0.0915862, 0.100853, 0.162764, 0.20659, 0.832859, 1, 

29,126,0.001, 0.0450462, 0.0597207, 0.0707253, 0.0857876, 0.162764, 0.20659, 0.291019, 1, 

Generation #20
30,117,0.001, 0.0450462, 0.0597207, 0.0707253, 0.0857876, 0.162764, 0.20659, 0.291019, 0.330643, 0.898378, 1, 

33,79,0.001, 0.0237461, 0.0423665, 0.0423665, 0.0915862, 0.100853, 0.0112703, 0.203915, 0.206464, 0.234805, 0.291452, 0.396937, 0.449955, 0.410757, 0.435524, 0.987873, 1, 

32,90,0.001, 0.0450462, 0.00840153, 0.0423665, 0.0915862, 0.100853, 0.0112703, 0.203915, 0.206464, 0.234805, 0.291452, 0.396937, 0.410757, 0.435524, 0.987873, 1, 

31,115,0.001, 0.00840153, 0.00840153, 0.0423665, 0.0915862, 0.100853, 0.0112703, 0.203915, 0.382199, 0.518519, 0.525345, 1, 

27,118,0.001, 0.00840153, 0.00840153, 0.0423665, 0.0915862, 0.100853, 0.0112703, 0.203915, 0.206464, 1, 

Generation #21
33,79,0.001, 0.0237461, 0.0423665, 0.0423665, 0.0915862, 0.100853, 0.0112703, 0.203915, 0.206464, 0.234805, 0.291452, 0.396937, 0.449955, 0.410757, 0.435524, 0.987873, 1, 

32,90,0.001, 0.0450462, 0.00840153, 0.0423665, 0.0915862, 0.100853, 0.0112703, 0.203915, 0.206464, 0.234805, 0.291452, 0.396937, 0.410757, 0.435524, 0.987873, 1, 

27,118,0.001, 0.00840153, 0.00840153, 0.0423665, 0.0915862, 0.100853, 0.0112703, 0.203915, 0.206464, 1, 

28,103,0.001, 0.0198798, 0.0423665, 0.0915862, 0.100853, 0.137825, 0.385992, 0.295465, 0.361632, 1, 

Generation #22
33,79,0.001, 0.0237461, 0.0423665, 0.0423665, 0.0915862, 0.100853, 0.0112703, 0.203915, 0.206464, 0.234805, 0.291452, 0.396937, 0.449955, 0.410757, 0.435524, 0.987873, 1, 

32,90,0.001, 0.0450462, 0.00840153, 0.0423665, 0.0915862, 0.100853, 0.0112703, 0.203915, 0.206464, 0.234805, 0.291452, 0.396937, 0.410757, 0.435524, 0.987873, 1, 

27,118,0.001, 0.00840153, 0.00840153, 0.0423665, 0.0915862, 0.100853, 0.0112703, 0.203915, 0.206464, 1, 

28,103,0.001, 0.0198798, 0.0423665, 0.0915862, 0.100853, 0.137825, 0.385992, 0.295465, 0.361632, 1, 

Generation #23
33,79,0.001, 0.0237461, 0.0423665, 0.0423665, 0.0915862, 0.100853, 0.0112703, 0.203915, 0.206464, 0.234805, 0.291452, 0.396937, 0.449955, 0.410757, 0.435524, 0.987873, 1, 

32,90,0.001, 0.0450462, 0.00840153, 0.0423665, 0.0915862, 0.100853, 0.0112703, 0.203915, 0.206464, 0.234805, 0.291452, 0.396937, 0.410757, 0.435524, 0.987873, 1, 

27,118,0.001, 0.00840153, 0.00840153, 0.0423665, 0.0915862, 0.100853, 0.0112703, 0.203915, 0.206464, 1, 

28,103,0.001, 0.0198798, 0.0423665, 0.0915862, 0.100853, 0.137825, 0.385992, 0.295465, 0.361632, 1, 

Generation #24
33,79,0.001, 0.0237461, 0.0423665, 0.0423665, 0.0915862, 0.100853, 0.0112703, 0.203915, 0.206464, 0.234805, 0.291452, 0.396937, 0.449955, 0.410757, 0.435524, 0.987873, 1, 

32,90,0.001, 0.0450462, 0.00840153, 0.0423665, 0.0915862, 0.100853, 0.0112703, 0.203915, 0.206464, 0.234805, 0.291452, 0.396937, 0.410757, 0.435524, 0.987873, 1, 

27,118,0.001, 0.00840153, 0.00840153, 0.0423665, 0.0915862, 0.100853, 0.0112703, 0.203915, 0.206464, 1, 

28,103,0.001, 0.0198798, 0.0423665, 0.0915862, 0.100853, 0.137825, 0.385992, 0.295465, 0.361632, 1, 

Generation #25
33,79,0.001, 0.0237461, 0.0423665, 0.0423665, 0.0915862, 0.100853, 0.0112703, 0.203915, 0.206464, 0.234805, 0.291452, 0.396937, 0.449955, 0.410757, 0.435524, 0.987873, 1, 

32,90,0.001, 0.0450462, 0.00840153, 0.0423665, 0.0915862, 0.100853, 0.0112703, 0.203915, 0.206464, 0.234805, 0.291452, 0.396937, 0.410757, 0.435524, 0.987873, 1, 

27,118,0.001, 0.00840153, 0.00840153, 0.0423665, 0.0915862, 0.100853, 0.0112703, 0.203915, 0.206464, 1, 

28,103,0.001, 0.0198798, 0.0423665, 0.0915862, 0.100853, 0.137825, 0.385992, 0.295465, 0.361632, 1, 

Generation #26
33,79,0.001, 0.0237461, 0.0423665, 0.0423665, 0.0915862, 0.100853, 0.0112703, 0.203915, 0.206464, 0.234805, 0.291452, 0.396937, 0.449955, 0.410757, 0.435524, 0.987873, 1, 

32,90,0.001, 0.0450462, 0.00840153, 0.0423665, 0.0915862, 0.100853, 0.0112703, 0.203915, 0.206464, 0.234805, 0.291452, 0.396937, 0.410757, 0.435524, 0.987873, 1, 

27,118,0.001, 0.00840153, 0.00840153, 0.0423665, 0.0915862, 0.100853, 0.0112703, 0.203915, 0.206464, 1, 

28,103,0.001, 0.0198798, 0.0423665, 0.0915862, 0.100853, 0.137825, 0.385992, 0.295465, 0.361632, 1, 

Generation #27
33,79,0.001, 0.0237461, 0.0423665, 0.0423665, 0.0915862, 0.100853, 0.0112703, 0.203915, 0.206464, 0.234805, 0.291452, 0.396937, 0.449955, 0.410757, 0.435524, 0.987873, 1, 

32,90,0.001, 0.0450462, 0.00840153, 0.0423665, 0.0915862, 0.100853, 0.0112703, 0.203915, 0.206464, 0.234805, 0.291452, 0.396937, 0.410757, 0.435524, 0.987873, 1, 

27,118,0.001, 0.00840153, 0.00840153, 0.0423665, 0.0915862, 0.100853, 0.0112703, 0.203915, 0.206464, 1, 

28,103,0.001, 0.0198798, 0.0423665, 0.0915862, 0.100853, 0.137825, 0.385992, 0.295465, 0.361632, 1, 

Generation #28
33,79,0.001, 0.0237461, 0.0423665, 0.0423665, 0.0915862, 0.100853, 0.0112703, 0.203915, 0.206464, 0.234805, 0.291452, 0.396937, 0.449955, 0.410757, 0.435524, 0.987873, 1, 

32,90,0.001, 0.0450462, 0.00840153, 0.0423665, 0.0915862, 0.100853, 0.0112703, 0.203915, 0.206464, 0.234805, 0.291452, 0.396937, 0.410757, 0.435524, 0.987873, 1, 

27,118,0.001, 0.00840153, 0.00840153, 0.0423665, 0.0915862, 0.100853, 0.0112703, 0.203915, 0.206464, 1, 

28,103,0.001, 0.0198798, 0.0423665, 0.0915862, 0.100853, 0.137825, 0.385992, 0.295465, 0.361632, 1, 

Generation #29
33,79,0.001, 0.0237461, 0.0423665, 0.0423665, 0.0915862, 0.100853, 0.0112703, 0.203915, 0.206464, 0.234805, 0.291452, 0.396937, 0.449955, 0.410757, 0.435524, 0.987873, 1, 

32,90,0.001, 0.0450462, 0.00840153, 0.0423665, 0.0915862, 0.100853, 0.0112703, 0.203915, 0.206464, 0.234805, 0.291452, 0.396937, 0.410757, 0.435524, 0.987873, 1, 

27,118,0.001, 0.00840153, 0.00840153, 0.0423665, 0.0915862, 0.100853, 0.0112703, 0.203915, 0.206464, 1, 

28,103,0.001, 0.0198798, 0.0423665, 0.0915862, 0.100853, 0.137825, 0.385992, 0.295465, 0.361632, 1, 

29,102,0.001, 0.00840153, 0.00840153, 0.0423665, 0.100853, 0.137825, 0.0171508, 0.295465, 0.361632, 1, 

Generation #30
33,79,0.001, 0.0237461, 0.0423665, 0.0423665, 0.0915862, 0.100853, 0.0112703, 0.203915, 0.206464, 0.234805, 0.291452, 0.396937, 0.449955, 0.410757, 0.435524, 0.987873, 1, 

32,90,0.001, 0.0450462, 0.00840153, 0.0423665, 0.0915862, 0.100853, 0.0112703, 0.203915, 0.206464, 0.234805, 0.291452, 0.396937, 0.410757, 0.435524, 0.987873, 1, 

28,103,0.001, 0.0198798, 0.0423665, 0.0915862, 0.100853, 0.137825, 0.385992, 0.295465, 0.361632, 1, 

29,102,0.001, 0.00840153, 0.00840153, 0.0423665, 0.100853, 0.137825, 0.0171508, 0.295465, 0.361632, 1, 

26,118,0.001, 0.00840153, 0.00840153, 0.0423665, 0.0915862, 0.100853, 0.0112703, 0.203915, 0.206464, 0.234805, 1, 

Generation #31
33,79,0.001, 0.0237461, 0.0423665, 0.0423665, 0.0915862, 0.100853, 0.0112703, 0.203915, 0.206464, 0.234805, 0.291452, 0.396937, 0.449955, 0.410757, 0.435524, 0.987873, 1, 

32,90,0.001, 0.0450462, 0.00840153, 0.0423665, 0.0915862, 0.100853, 0.0112703, 0.203915, 0.206464, 0.234805, 0.291452, 0.396937, 0.410757, 0.435524, 0.987873, 1, 

28,103,0.001, 0.0198798, 0.0423665, 0.0915862, 0.100853, 0.137825, 0.385992, 0.295465, 0.361632, 1, 

29,102,0.001, 0.00840153, 0.00840153, 0.0423665, 0.100853, 0.137825, 0.0171508, 0.295465, 0.361632, 1, 

26,118,0.001, 0.00840153, 0.00840153, 0.0423665, 0.0915862, 0.100853, 0.0112703, 0.203915, 0.206464, 0.234805, 1, 

Generation #32
33,79,0.001, 0.0237461, 0.0423665, 0.0423665, 0.0915862, 0.100853, 0.0112703, 0.203915, 0.206464, 0.234805, 0.291452, 0.396937, 0.449955, 0.410757, 0.435524, 0.987873, 1, 

32,90,0.001, 0.0450462, 0.00840153, 0.0423665, 0.0915862, 0.100853, 0.0112703, 0.203915, 0.206464, 0.234805, 0.291452, 0.396937, 0.410757, 0.435524, 0.987873, 1, 

28,103,0.001, 0.0198798, 0.0423665, 0.0915862, 0.100853, 0.137825, 0.385992, 0.295465, 0.361632, 1, 

29,102,0.001, 0.00840153, 0.00840153, 0.0423665, 0.100853, 0.137825, 0.0171508, 0.295465, 0.361632, 1, 

26,118,0.001, 0.00840153, 0.00840153, 0.0423665, 0.0915862, 0.100853, 0.0112703, 0.203915, 0.206464, 0.234805, 1, 

Generation #33
33,79,0.001, 0.0237461, 0.0423665, 0.0423665, 0.0915862, 0.100853, 0.0112703, 0.203915, 0.206464, 0.234805, 0.291452, 0.396937, 0.449955, 0.410757, 0.435524, 0.987873, 1, 

32,90,0.001, 0.0450462, 0.00840153, 0.0423665, 0.0915862, 0.100853, 0.0112703, 0.203915, 0.206464, 0.234805, 0.291452, 0.396937, 0.410757, 0.435524, 0.987873, 1, 

28,103,0.001, 0.0198798, 0.0423665, 0.0915862, 0.100853, 0.137825, 0.385992, 0.295465, 0.361632, 1, 

29,102,0.001, 0.00840153, 0.00840153, 0.0423665, 0.100853, 0.137825, 0.0171508, 0.295465, 0.361632, 1, 

26,118,0.001, 0.00840153, 0.00840153, 0.0423665, 0.0915862, 0.100853, 0.0112703, 0.203915, 0.206464, 0.234805, 1, 

Generation #34
33,79,0.001, 0.0237461, 0.0423665, 0.0423665, 0.0915862, 0.100853, 0.0112703, 0.203915, 0.206464, 0.234805, 0.291452, 0.396937, 0.449955, 0.410757, 0.435524, 0.987873, 1, 

32,90,0.001, 0.0450462, 0.00840153, 0.0423665, 0.0915862, 0.100853, 0.0112703, 0.203915, 0.206464, 0.234805, 0.291452, 0.396937, 0.410757, 0.435524, 0.987873, 1, 

28,103,0.001, 0.0198798, 0.0423665, 0.0915862, 0.100853, 0.137825, 0.385992, 0.295465, 0.361632, 1, 

29,102,0.001, 0.00840153, 0.00840153, 0.0423665, 0.100853, 0.137825, 0.0171508, 0.295465, 0.361632, 1, 

26,118,0.001, 0.00840153, 0.00840153, 0.0423665, 0.0915862, 0.100853, 0.0112703, 0.203915, 0.206464, 0.234805, 1, 

Generation #35
33,79,0.001, 0.0237461, 0.0423665, 0.0423665, 0.0915862, 0.100853, 0.0112703, 0.203915, 0.206464, 0.234805, 0.291452, 0.396937, 0.449955, 0.410757, 0.435524, 0.987873, 1, 

32,90,0.001, 0.0450462, 0.00840153, 0.0423665, 0.0915862, 0.100853, 0.0112703, 0.203915, 0.206464, 0.234805, 0.291452, 0.396937, 0.410757, 0.435524, 0.987873, 1, 

26,118,0.001, 0.00840153, 0.00840153, 0.0423665, 0.0915862, 0.100853, 0.0112703, 0.203915, 0.206464, 0.234805, 1, 

27,100,0.001, 0.0198798, 0.0423665, 0.0423665, 0.0915862, 0.100853, 0.0112703, 0.203915, 0.206464, 1, 

Generation #36
33,79,0.001, 0.0237461, 0.0423665, 0.0423665, 0.0915862, 0.100853, 0.0112703, 0.203915, 0.206464, 0.234805, 0.291452, 0.396937, 0.449955, 0.410757, 0.435524, 0.987873, 1, 

32,90,0.001, 0.0450462, 0.00840153, 0.0423665, 0.0915862, 0.100853, 0.0112703, 0.203915, 0.206464, 0.234805, 0.291452, 0.396937, 0.410757, 0.435524, 0.987873, 1, 

26,118,0.001, 0.00840153, 0.00840153, 0.0423665, 0.0915862, 0.100853, 0.0112703, 0.203915, 0.206464, 0.234805, 1, 

27,100,0.001, 0.0198798, 0.0423665, 0.0423665, 0.0915862, 0.100853, 0.0112703, 0.203915, 0.206464, 1, 

29,99,0.001, 0.0450462, 0.00840153, 0.0423665, 0.0915862, 0.100853, 0.137825, 0.0171508, 0.295465, 0.361632, 0.291452, 0.396937, 0.987873, 1, 

Generation #37
33,79,0.001, 0.0237461, 0.0423665, 0.0423665, 0.0915862, 0.100853, 0.0112703, 0.203915, 0.206464, 0.234805, 0.291452, 0.396937, 0.449955, 0.410757, 0.435524, 0.987873, 1, 

26,118,0.001, 0.00840153, 0.00840153, 0.0423665, 0.0915862, 0.100853, 0.0112703, 0.203915, 0.206464, 0.234805, 1, 

27,100,0.001, 0.0198798, 0.0423665, 0.0423665, 0.0915862, 0.100853, 0.0112703, 0.203915, 0.206464, 1, 

29,99,0.001, 0.0450462, 0.00840153, 0.0423665, 0.0915862, 0.100853, 0.137825, 0.0171508, 0.295465, 0.361632, 0.291452, 0.396937, 0.987873, 1, 

31,87,0.001, 0.0198798, 0.0423665, 0.0423665, 0.0915862, 0.100853, 0.0112703, 0.203915, 0.206464, 0.234805, 0.291452, 0.396937, 0.410757, 0.435524, 0.987873, 1, 

Generation #38
33,79,0.001, 0.0237461, 0.0423665, 0.0423665, 0.0915862, 0.100853, 0.0112703, 0.203915, 0.206464, 0.234805, 0.291452, 0.396937, 0.449955, 0.410757, 0.435524, 0.987873, 1, 

26,118,0.001, 0.00840153, 0.00840153, 0.0423665, 0.0915862, 0.100853, 0.0112703, 0.203915, 0.206464, 0.234805, 1, 

27,100,0.001, 0.0198798, 0.0423665, 0.0423665, 0.0915862, 0.100853, 0.0112703, 0.203915, 0.206464, 1, 

29,99,0.001, 0.0450462, 0.00840153, 0.0423665, 0.0915862, 0.100853, 0.137825, 0.0171508, 0.295465, 0.361632, 0.291452, 0.396937, 0.987873, 1, 

31,87,0.001, 0.0198798, 0.0423665, 0.0423665, 0.0915862, 0.100853, 0.0112703, 0.203915, 0.206464, 0.234805, 0.291452, 0.396937, 0.410757, 0.435524, 0.987873, 1, 

Generation #39
33,79,0.001, 0.0237461, 0.0423665, 0.0423665, 0.0915862, 0.100853, 0.0112703, 0.203915, 0.206464, 0.234805, 0.291452, 0.396937, 0.449955, 0.410757, 0.435524, 0.987873, 1, 

26,118,0.001, 0.00840153, 0.00840153, 0.0423665, 0.0915862, 0.100853, 0.0112703, 0.203915, 0.206464, 0.234805, 1, 

27,100,0.001, 0.0198798, 0.0423665, 0.0423665, 0.0915862, 0.100853, 0.0112703, 0.203915, 0.206464, 1, 

29,99,0.001, 0.0450462, 0.00840153, 0.0423665, 0.0915862, 0.100853, 0.137825, 0.0171508, 0.295465, 0.361632, 0.291452, 0.396937, 0.987873, 1, 

31,87,0.001, 0.0198798, 0.0423665, 0.0423665, 0.0915862, 0.100853, 0.0112703, 0.203915, 0.206464, 0.234805, 0.291452, 0.396937, 0.410757, 0.435524, 0.987873, 1, 

Generation #40
33,79,0.001, 0.0237461, 0.0423665, 0.0423665, 0.0915862, 0.100853, 0.0112703, 0.203915, 0.206464, 0.234805, 0.291452, 0.396937, 0.449955, 0.410757, 0.435524, 0.987873, 1, 

26,118,0.001, 0.00840153, 0.00840153, 0.0423665, 0.0915862, 0.100853, 0.0112703, 0.203915, 0.206464, 0.234805, 1, 

27,100,0.001, 0.0198798, 0.0423665, 0.0423665, 0.0915862, 0.100853, 0.0112703, 0.203915, 0.206464, 1, 

29,99,0.001, 0.0450462, 0.00840153, 0.0423665, 0.0915862, 0.100853, 0.137825, 0.0171508, 0.295465, 0.361632, 0.291452, 0.396937, 0.987873, 1, 

31,87,0.001, 0.0198798, 0.0423665, 0.0423665, 0.0915862, 0.100853, 0.0112703, 0.203915, 0.206464, 0.234805, 0.291452, 0.396937, 0.410757, 0.435524, 0.987873, 1, 

Generation #41
33,79,0.001, 0.0237461, 0.0423665, 0.0423665, 0.0915862, 0.100853, 0.0112703, 0.203915, 0.206464, 0.234805, 0.291452, 0.396937, 0.449955, 0.410757, 0.435524, 0.987873, 1, 

26,118,0.001, 0.00840153, 0.00840153, 0.0423665, 0.0915862, 0.100853, 0.0112703, 0.203915, 0.206464, 0.234805, 1, 

27,100,0.001, 0.0198798, 0.0423665, 0.0423665, 0.0915862, 0.100853, 0.0112703, 0.203915, 0.206464, 1, 

29,99,0.001, 0.0450462, 0.00840153, 0.0423665, 0.0915862, 0.100853, 0.137825, 0.0171508, 0.295465, 0.361632, 0.291452, 0.396937, 0.987873, 1, 

31,87,0.001, 0.0198798, 0.0423665, 0.0423665, 0.0915862, 0.100853, 0.0112703, 0.203915, 0.206464, 0.234805, 0.291452, 0.396937, 0.410757, 0.435524, 0.987873, 1, 

Generation #42
33,79,0.001, 0.0237461, 0.0423665, 0.0423665, 0.0915862, 0.100853, 0.0112703, 0.203915, 0.206464, 0.234805, 0.291452, 0.396937, 0.449955, 0.410757, 0.435524, 0.987873, 1, 

26,118,0.001, 0.00840153, 0.00840153, 0.0423665, 0.0915862, 0.100853, 0.0112703, 0.203915, 0.206464, 0.234805, 1, 

27,100,0.001, 0.0198798, 0.0423665, 0.0423665, 0.0915862, 0.100853, 0.0112703, 0.203915, 0.206464, 1, 

29,99,0.001, 0.0450462, 0.00840153, 0.0423665, 0.0915862, 0.100853, 0.137825, 0.0171508, 0.295465, 0.361632, 0.291452, 0.396937, 0.987873, 1, 

31,87,0.001, 0.0198798, 0.0423665, 0.0423665, 0.0915862, 0.100853, 0.0112703, 0.203915, 0.206464, 0.234805, 0.291452, 0.396937, 0.410757, 0.435524, 0.987873, 1, 

Generation #43
33,79,0.001, 0.0237461, 0.0423665, 0.0423665, 0.0915862, 0.100853, 0.0112703, 0.203915, 0.206464, 0.234805, 0.291452, 0.396937, 0.449955, 0.410757, 0.435524, 0.987873, 1, 

26,118,0.001, 0.00840153, 0.00840153, 0.0423665, 0.0915862, 0.100853, 0.0112703, 0.203915, 0.206464, 0.234805, 1, 

27,100,0.001, 0.0198798, 0.0423665, 0.0423665, 0.0915862, 0.100853, 0.0112703, 0.203915, 0.206464, 1, 

29,99,0.001, 0.0450462, 0.00840153, 0.0423665, 0.0915862, 0.100853, 0.137825, 0.0171508, 0.295465, 0.361632, 0.291452, 0.396937, 0.987873, 1, 

31,87,0.001, 0.0198798, 0.0423665, 0.0423665, 0.0915862, 0.100853, 0.0112703, 0.203915, 0.206464, 0.234805, 0.291452, 0.396937, 0.410757, 0.435524, 0.987873, 1, 

Generation #44
33,79,0.001, 0.0237461, 0.0423665, 0.0423665, 0.0915862, 0.100853, 0.0112703, 0.203915, 0.206464, 0.234805, 0.291452, 0.396937, 0.449955, 0.410757, 0.435524, 0.987873, 1, 

26,118,0.001, 0.00840153, 0.00840153, 0.0423665, 0.0915862, 0.100853, 0.0112703, 0.203915, 0.206464, 0.234805, 1, 

27,100,0.001, 0.0198798, 0.0423665, 0.0423665, 0.0915862, 0.100853, 0.0112703, 0.203915, 0.206464, 1, 

29,99,0.001, 0.0450462, 0.00840153, 0.0423665, 0.0915862, 0.100853, 0.137825, 0.0171508, 0.295465, 0.361632, 0.291452, 0.396937, 0.987873, 1, 

31,87,0.001, 0.0198798, 0.0423665, 0.0423665, 0.0915862, 0.100853, 0.0112703, 0.203915, 0.206464, 0.234805, 0.291452, 0.396937, 0.410757, 0.435524, 0.987873, 1, 

Generation #45
33,79,0.001, 0.0237461, 0.0423665, 0.0423665, 0.0915862, 0.100853, 0.0112703, 0.203915, 0.206464, 0.234805, 0.291452, 0.396937, 0.449955, 0.410757, 0.435524, 0.987873, 1, 

26,118,0.001, 0.00840153, 0.00840153, 0.0423665, 0.0915862, 0.100853, 0.0112703, 0.203915, 0.206464, 0.234805, 1, 

27,100,0.001, 0.0198798, 0.0423665, 0.0423665, 0.0915862, 0.100853, 0.0112703, 0.203915, 0.206464, 1, 

29,99,0.001, 0.0450462, 0.00840153, 0.0423665, 0.0915862, 0.100853, 0.137825, 0.0171508, 0.295465, 0.361632, 0.291452, 0.396937, 0.987873, 1, 

31,87,0.001, 0.0198798, 0.0423665, 0.0423665, 0.0915862, 0.100853, 0.0112703, 0.203915, 0.206464, 0.234805, 0.291452, 0.396937, 0.410757, 0.435524, 0.987873, 1, 

Generation #46
33,79,0.001, 0.0237461, 0.0423665, 0.0423665, 0.0915862, 0.100853, 0.0112703, 0.203915, 0.206464, 0.234805, 0.291452, 0.396937, 0.449955, 0.410757, 0.435524, 0.987873, 1, 

26,118,0.001, 0.00840153, 0.00840153, 0.0423665, 0.0915862, 0.100853, 0.0112703, 0.203915, 0.206464, 0.234805, 1, 

27,100,0.001, 0.0198798, 0.0423665, 0.0423665, 0.0915862, 0.100853, 0.0112703, 0.203915, 0.206464, 1, 

29,99,0.001, 0.0450462, 0.00840153, 0.0423665, 0.0915862, 0.100853, 0.137825, 0.0171508, 0.295465, 0.361632, 0.291452, 0.396937, 0.987873, 1, 

31,87,0.001, 0.0198798, 0.0423665, 0.0423665, 0.0915862, 0.100853, 0.0112703, 0.203915, 0.206464, 0.234805, 0.291452, 0.396937, 0.410757, 0.435524, 0.987873, 1, 

Generation #47
33,79,0.001, 0.0237461, 0.0423665, 0.0423665, 0.0915862, 0.100853, 0.0112703, 0.203915, 0.206464, 0.234805, 0.291452, 0.396937, 0.449955, 0.410757, 0.435524, 0.987873, 1, 

26,118,0.001, 0.00840153, 0.00840153, 0.0423665, 0.0915862, 0.100853, 0.0112703, 0.203915, 0.206464, 0.234805, 1, 

27,100,0.001, 0.0198798, 0.0423665, 0.0423665, 0.0915862, 0.100853, 0.0112703, 0.203915, 0.206464, 1, 

29,99,0.001, 0.0450462, 0.00840153, 0.0423665, 0.0915862, 0.100853, 0.137825, 0.0171508, 0.295465, 0.361632, 0.291452, 0.396937, 0.987873, 1, 

31,87,0.001, 0.0198798, 0.0423665, 0.0423665, 0.0915862, 0.100853, 0.0112703, 0.203915, 0.206464, 0.234805, 0.291452, 0.396937, 0.410757, 0.435524, 0.987873, 1, 

Generation #48
33,79,0.001, 0.0237461, 0.0423665, 0.0423665, 0.0915862, 0.100853, 0.0112703, 0.203915, 0.206464, 0.234805, 0.291452, 0.396937, 0.449955, 0.410757, 0.435524, 0.987873, 1, 

26,118,0.001, 0.00840153, 0.00840153, 0.0423665, 0.0915862, 0.100853, 0.0112703, 0.203915, 0.206464, 0.234805, 1, 

27,100,0.001, 0.0198798, 0.0423665, 0.0423665, 0.0915862, 0.100853, 0.0112703, 0.203915, 0.206464, 1, 

29,99,0.001, 0.0450462, 0.00840153, 0.0423665, 0.0915862, 0.100853, 0.137825, 0.0171508, 0.295465, 0.361632, 0.291452, 0.396937, 0.987873, 1, 

31,87,0.001, 0.0198798, 0.0423665, 0.0423665, 0.0915862, 0.100853, 0.0112703, 0.203915, 0.206464, 0.234805, 0.291452, 0.396937, 0.410757, 0.435524, 0.987873, 1, 

Generation #49
33,79,0.001, 0.0237461, 0.0423665, 0.0423665, 0.0915862, 0.100853, 0.0112703, 0.203915, 0.206464, 0.234805, 0.291452, 0.396937, 0.449955, 0.410757, 0.435524, 0.987873, 1, 

26,118,0.001, 0.00840153, 0.00840153, 0.0423665, 0.0915862, 0.100853, 0.0112703, 0.203915, 0.206464, 0.234805, 1, 

27,100,0.001, 0.0198798, 0.0423665, 0.0423665, 0.0915862, 0.100853, 0.0112703, 0.203915, 0.206464, 1, 

29,99,0.001, 0.0450462, 0.00840153, 0.0423665, 0.0915862, 0.100853, 0.137825, 0.0171508, 0.295465, 0.361632, 0.291452, 0.396937, 0.987873, 1, 

31,87,0.001, 0.0198798, 0.0423665, 0.0423665, 0.0915862, 0.100853, 0.0112703, 0.203915, 0.206464, 0.234805, 0.291452, 0.396937, 0.410757, 0.435524, 0.987873, 1, 

--- Pareto Front Solutions ---
Solution 0: N total=83 (N_initial=50, N_added=33), Time total=84 ms, Saved to: ./results/Flex_t2_l2_pareto_0.csv, percents=0.001, 0.0237461, 0.0423665, 0.0423665, 0.0915862, 0.100853, 0.0112703, 0.203915, 0.206464, 0.234805, 0.291452, 0.396937, 0.449955, 0.410757, 0.435524, 0.987873, 1, 

Solution 1: N total=76 (N_initial=50, N_added=26), Time total=123 ms, Saved to: ./results/Flex_t2_l2_pareto_1.csv, percents=0.001, 0.00840153, 0.00840153, 0.0423665, 0.0915862, 0.100853, 0.0112703, 0.203915, 0.206464, 0.234805, 1, 

Solution 2: N total=77 (N_initial=50, N_added=27), Time total=105 ms, Saved to: ./results/Flex_t2_l2_pareto_2.csv, percents=0.001, 0.0198798, 0.0423665, 0.0423665, 0.0915862, 0.100853, 0.0112703, 0.203915, 0.206464, 1, 

Solution 3: N total=79 (N_initial=50, N_added=29), Time total=104 ms, Saved to: ./results/Flex_t2_l2_pareto_3.csv, percents=0.001, 0.0450462, 0.00840153, 0.0423665, 0.0915862, 0.100853, 0.137825, 0.0171508, 0.295465, 0.361632, 0.291452, 0.396937, 0.987873, 1, 

Solution 4: N total=81 (N_initial=50, N_added=31), Time total=92 ms, Saved to: ./results/Flex_t2_l2_pareto_4.csv, percents=0.001, 0.0198798, 0.0423665, 0.0423665, 0.0915862, 0.100853, 0.0112703, 0.203915, 0.206464, 0.234805, 0.291452, 0.396937, 0.410757, 0.435524, 0.987873, 1, 

------------d=1, t=2, lambda=3, filename=./evaluation/Flex/Flex_2_3.csv------------
Grouping d-sets by partitioned row counts for detecting arrays...
Ready to look at pairs for detecting arrays...
First Stage N=75, Time=7
There are 142 remaining non-locating pairs
--- Running GA Algorithm (phase2) ---
Running GA with std::execution::par
Generation #0
24,73,0.001, 0.216678, 0.282957, 0.311778, 0.354523, 0.412192, 0.50329, 0.520102, 0.616818, 0.713752, 0.909788, 0.961451, 1, 

23,83,0.001, 0.149125, 0.241395, 0.273808, 0.380573, 0.410453, 0.451197, 0.452653, 0.617787, 0.79752, 0.834495, 0.94702, 1, 

25,33,0.001, 0.0473556, 0.0805984, 0.106028, 0.15985, 0.172209, 0.192292, 0.264584, 0.271634, 0.394499, 0.629706, 0.685452, 0.807193, 0.833311, 0.866502, 0.889906, 0.964491, 1, 

35,18,0.001, 0.0610174, 0.0863022, 0.105153, 0.127165, 0.145508, 0.166673, 0.170357, 0.277155, 0.299963, 0.335962, 0.336612, 0.351461, 0.355549, 0.362109, 0.387672, 0.391591, 0.425009, 0.465631, 0.481552, 0.489994, 0.592972, 0.600645, 0.705191, 0.771394, 0.84861, 0.943131, 1, 

34,26,0.001, 0.0339436, 0.0363001, 0.0450263, 0.0625013, 0.0673779, 0.101367, 0.125663, 0.194666, 0.202313, 0.223443, 0.2344, 0.294456, 0.33299, 0.472112, 0.507206, 0.575472, 0.580568, 0.617918, 0.714338, 0.719919, 0.73999, 0.793194, 0.909299, 0.919318, 0.931535, 0.961601, 1, 

26,27,0.001, 0.0843345, 0.107483, 0.128425, 0.201399, 0.213371, 0.38519, 0.422481, 0.521965, 0.527345, 0.604142, 0.829802, 0.844331, 0.876986, 0.886493, 1, 

Generation #1
35,18,0.001, 0.0610174, 0.0863022, 0.105153, 0.127165, 0.145508, 0.166673, 0.170357, 0.277155, 0.299963, 0.335962, 0.336612, 0.351461, 0.355549, 0.362109, 0.387672, 0.391591, 0.425009, 0.465631, 0.481552, 0.489994, 0.592972, 0.600645, 0.705191, 0.771394, 0.84861, 0.943131, 1, 

23,27,0.001, 0.00118303, 0.012248, 0.0293706, 0.043367, 0.0636715, 0.107903, 0.112907, 0.649672, 0.860667, 0.864079, 0.886001, 0.973461, 1, 

36,16,0.001, 0.00118303, 0.012248, 0.0293706, 0.043367, 0.0636715, 0.107903, 0.112907, 0.122919, 0.459583, 0.256851, 0.317813, 0.336612, 0.351461, 0.355549, 0.362109, 0.387672, 0.391591, 0.425009, 0.465631, 0.481552, 0.489994, 0.592972, 0.600645, 0.705191, 0.771394, 0.84861, 0.943131, 1, 

33,25,0.001, 0.0845769, 0.0889329, 0.0894046, 0.113536, 0.126955, 0.181122, 0.191734, 0.257919, 0.310019, 0.326693, 0.347678, 0.508439, 0.515272, 0.567527, 0.625596, 0.665501, 0.669753, 0.767605, 0.869289, 0.894001, 0.913427, 0.991536, 0.997336, 1, 

Generation #2
36,16,0.001, 0.00118303, 0.012248, 0.0293706, 0.043367, 0.0636715, 0.107903, 0.112907, 0.122919, 0.459583, 0.256851, 0.317813, 0.336612, 0.351461, 0.355549, 0.362109, 0.387672, 0.391591, 0.425009, 0.465631, 0.481552, 0.489994, 0.592972, 0.600645, 0.705191, 0.771394, 0.84861, 0.943131, 1, 

34,18,0.001, 0.0339436, 0.0363001, 0.0450263, 0.0625013, 0.0673779, 0.101367, 0.125663, 0.194666, 0.202313, 0.223443, 0.2344, 0.294456, 0.33299, 0.472112, 0.507206, 0.575472, 0.696492, 0.701428, 0.720912, 0.807637, 0.810681, 0.820226, 0.849961, 0.861976, 0.935776, 1, 

20,47,0.001, 0.0952212, 0.141342, 0.108716, 0.171519, 0.189468, 0.451197, 0.452653, 0.617787, 0.79752, 0.94702, 1, 

23,20,0.001, 0.0579511, 0.0588305, 0.106217, 0.107146, 0.111293, 0.177977, 0.269133, 0.388591, 0.459178, 0.480293, 0.501239, 0.66931, 0.937431, 1, 

37,13,0.001, 0.0210853, 0.0273649, 0.0293706, 0.043367, 0.0636715, 0.107903, 0.112907, 0.122919, 0.256851, 0.317813, 0.329263, 0.372546, 0.388878, 0.418805, 0.467849, 0.485238, 0.572474, 0.575639, 0.608452, 0.637613, 0.656581, 0.703036, 0.752796, 0.767593, 0.846715, 0.863385, 0.973477, 0.998643, 0.999069, 1, 

22,46,0.001, 0.109341, 0.157253, 0.171254, 0.218334, 0.224309, 0.23978, 0.438599, 0.514031, 0.589199, 0.746333, 0.753423, 1, 

Generation #3
20,47,0.001, 0.0952212, 0.141342, 0.108716, 0.171519, 0.189468, 0.451197, 0.452653, 0.617787, 0.79752, 0.94702, 1, 

23,20,0.001, 0.0579511, 0.0588305, 0.106217, 0.107146, 0.111293, 0.177977, 0.269133, 0.388591, 0.459178, 0.480293, 0.501239, 0.66931, 0.937431, 1, 

37,13,0.001, 0.0210853, 0.0273649, 0.0293706, 0.043367, 0.0636715, 0.107903, 0.112907, 0.122919, 0.256851, 0.317813, 0.329263, 0.372546, 0.388878, 0.418805, 0.467849, 0.485238, 0.572474, 0.575639, 0.608452, 0.637613, 0.656581, 0.703036, 0.752796, 0.767593, 0.846715, 0.863385, 0.973477, 0.998643, 0.999069, 1, 

21,21,0.001, 0.0210853, 0.0273649, 0.0293706, 0.043367, 0.0636715, 0.107903, 0.112907, 0.122919, 0.256851, 0.317813, 0.329263, 0.372546, 0.388878, 1, 

24,15,0.001, 0.0210853, 0.0273649, 0.0293706, 0.043367, 0.0636715, 0.107903, 0.112907, 0.122919, 0.256851, 0.317813, 0.329263, 0.372546, 0.388878, 0.418805, 0.934779, 0.969552, 1, 

Generation #4
19,30,0.001, 0.0339436, 0.0363001, 0.0450263, 0.0625013, 0.0673779, 0.101367, 0.125663, 0.412747, 0.834495, 0.94702, 1, 

21,13,0.001, 0.0339436, 0.0363001, 0.0450263, 0.0625013, 0.0673779, 0.101367, 0.125663, 0.194666, 0.202313, 0.223443, 0.2344, 0.294456, 0.991836, 1, 

Generation #5
19,12,0.001, 0.0494574, 0.0273649, 0.0293706, 0.043367, 0.0636715, 0.107903, 0.112907, 0.122919, 0.256851, 0.317813, 0.329263, 0.372546, 0.388878, 1, 

Generation #6
19,12,0.001, 0.0494574, 0.0273649, 0.0293706, 0.043367, 0.0636715, 0.107903, 0.112907, 0.122919, 0.256851, 0.317813, 0.329263, 0.372546, 0.388878, 1, 

Generation #7
19,12,0.001, 0.0494574, 0.0273649, 0.0293706, 0.043367, 0.0636715, 0.107903, 0.112907, 0.122919, 0.256851, 0.317813, 0.329263, 0.372546, 0.388878, 1, 

Generation #8
19,12,0.001, 0.0494574, 0.0273649, 0.0293706, 0.043367, 0.0636715, 0.107903, 0.112907, 0.122919, 0.256851, 0.317813, 0.329263, 0.372546, 0.388878, 1, 

18,19,0.001, 0.0494574, 0.0273649, 0.0293706, 0.043367, 0.0636715, 0.107903, 0.112907, 0.122919, 0.256851, 0.317813, 0.949215, 1, 

Generation #9
19,12,0.001, 0.0494574, 0.0273649, 0.0293706, 0.043367, 0.0636715, 0.107903, 0.112907, 0.122919, 0.256851, 0.317813, 0.329263, 0.372546, 0.388878, 1, 

18,19,0.001, 0.0494574, 0.0273649, 0.0293706, 0.043367, 0.0636715, 0.107903, 0.112907, 0.122919, 0.256851, 0.317813, 0.949215, 1, 

Generation #10
19,12,0.001, 0.0494574, 0.0273649, 0.0293706, 0.043367, 0.0636715, 0.107903, 0.112907, 0.122919, 0.256851, 0.317813, 0.329263, 0.372546, 0.388878, 1, 

18,19,0.001, 0.0494574, 0.0273649, 0.0293706, 0.043367, 0.0636715, 0.107903, 0.112907, 0.122919, 0.256851, 0.317813, 0.949215, 1, 

17,25,0.001, 0.0210853, 0.0273649, 0.0293706, 0.043367, 0.0636715, 0.107903, 0.107903, 0.112907, 0.122919, 0.256851, 1, 

Generation #11
17,25,0.001, 0.0210853, 0.0273649, 0.0293706, 0.043367, 0.0636715, 0.107903, 0.107903, 0.112907, 0.122919, 0.256851, 1, 

18,12,0.001, 0.0339436, 0.0363001, 0.0450263, 0.0625013, 0.0673779, 0.101367, 0.125663, 0.122919, 0.256851, 0.317813, 0.949215, 1, 

Generation #12
17,25,0.001, 0.0210853, 0.0273649, 0.0293706, 0.043367, 0.0636715, 0.107903, 0.107903, 0.112907, 0.122919, 0.256851, 1, 

18,11,0.001, 0.0339436, 0.0273649, 0.0293706, 0.043367, 0.0636715, 0.107903, 0.107903, 0.122919, 0.256851, 0.317813, 0.949215, 1, 

Generation #13
18,11,0.001, 0.0339436, 0.0273649, 0.0293706, 0.043367, 0.0636715, 0.107903, 0.107903, 0.122919, 0.256851, 0.317813, 0.949215, 1, 

16,12,0.001, 0.0210853, 0.0273649, 0.0293706, 0.043367, 0.0636715, 0.107903, 0.112907, 0.122919, 0.305685, 0.94702, 1, 

Generation #14
18,11,0.001, 0.0339436, 0.0273649, 0.0293706, 0.043367, 0.0636715, 0.107903, 0.107903, 0.122919, 0.256851, 0.317813, 0.949215, 1, 

16,12,0.001, 0.0210853, 0.0273649, 0.0293706, 0.043367, 0.0636715, 0.107903, 0.112907, 0.122919, 0.305685, 0.94702, 1, 

Generation #15
18,11,0.001, 0.0339436, 0.0273649, 0.0293706, 0.043367, 0.0636715, 0.107903, 0.107903, 0.122919, 0.256851, 0.317813, 0.949215, 1, 

16,12,0.001, 0.0210853, 0.0273649, 0.0293706, 0.043367, 0.0636715, 0.107903, 0.112907, 0.122919, 0.305685, 0.94702, 1, 

20,10,0.001, 0.0210853, 0.0273649, 0.0293706, 0.043367, 0.0636715, 0.107903, 0.112907, 0.122919, 0.256851, 0.157754, 0.329263, 0.372546, 0.937431, 1, 

Generation #16
18,11,0.001, 0.0339436, 0.0273649, 0.0293706, 0.043367, 0.0636715, 0.107903, 0.107903, 0.122919, 0.256851, 0.317813, 0.949215, 1, 

16,12,0.001, 0.0210853, 0.0273649, 0.0293706, 0.043367, 0.0636715, 0.107903, 0.112907, 0.122919, 0.305685, 0.94702, 1, 

20,10,0.001, 0.0210853, 0.0273649, 0.0293706, 0.043367, 0.0636715, 0.107903, 0.112907, 0.122919, 0.256851, 0.157754, 0.329263, 0.372546, 0.937431, 1, 

Generation #17
18,11,0.001, 0.0339436, 0.0273649, 0.0293706, 0.043367, 0.0636715, 0.107903, 0.107903, 0.122919, 0.256851, 0.317813, 0.949215, 1, 

16,12,0.001, 0.0210853, 0.0273649, 0.0293706, 0.043367, 0.0636715, 0.107903, 0.112907, 0.122919, 0.305685, 0.94702, 1, 

20,10,0.001, 0.0210853, 0.0273649, 0.0293706, 0.043367, 0.0636715, 0.107903, 0.112907, 0.122919, 0.256851, 0.157754, 0.329263, 0.372546, 0.937431, 1, 

Generation #18
18,11,0.001, 0.0339436, 0.0273649, 0.0293706, 0.043367, 0.0636715, 0.107903, 0.107903, 0.122919, 0.256851, 0.317813, 0.949215, 1, 

16,12,0.001, 0.0210853, 0.0273649, 0.0293706, 0.043367, 0.0636715, 0.107903, 0.112907, 0.122919, 0.305685, 0.94702, 1, 

20,10,0.001, 0.0210853, 0.0273649, 0.0293706, 0.043367, 0.0636715, 0.107903, 0.112907, 0.122919, 0.256851, 0.157754, 0.329263, 0.372546, 0.937431, 1, 

Generation #19
18,11,0.001, 0.0339436, 0.0273649, 0.0293706, 0.043367, 0.0636715, 0.107903, 0.107903, 0.122919, 0.256851, 0.317813, 0.949215, 1, 

16,12,0.001, 0.0210853, 0.0273649, 0.0293706, 0.043367, 0.0636715, 0.107903, 0.112907, 0.122919, 0.305685, 0.94702, 1, 

20,10,0.001, 0.0210853, 0.0273649, 0.0293706, 0.043367, 0.0636715, 0.107903, 0.112907, 0.122919, 0.256851, 0.157754, 0.329263, 0.372546, 0.937431, 1, 

Generation #20
18,11,0.001, 0.0339436, 0.0273649, 0.0293706, 0.043367, 0.0636715, 0.107903, 0.107903, 0.122919, 0.256851, 0.317813, 0.949215, 1, 

16,12,0.001, 0.0210853, 0.0273649, 0.0293706, 0.043367, 0.0636715, 0.107903, 0.112907, 0.122919, 0.305685, 0.94702, 1, 

20,10,0.001, 0.0210853, 0.0273649, 0.0293706, 0.043367, 0.0636715, 0.107903, 0.112907, 0.122919, 0.256851, 0.157754, 0.329263, 0.372546, 0.937431, 1, 

Generation #21
18,11,0.001, 0.0339436, 0.0273649, 0.0293706, 0.043367, 0.0636715, 0.107903, 0.107903, 0.122919, 0.256851, 0.317813, 0.949215, 1, 

16,12,0.001, 0.0210853, 0.0273649, 0.0293706, 0.043367, 0.0636715, 0.107903, 0.112907, 0.122919, 0.305685, 0.94702, 1, 

20,10,0.001, 0.0210853, 0.0273649, 0.0293706, 0.043367, 0.0636715, 0.107903, 0.112907, 0.122919, 0.256851, 0.157754, 0.329263, 0.372546, 0.937431, 1, 

Generation #22
18,11,0.001, 0.0339436, 0.0273649, 0.0293706, 0.043367, 0.0636715, 0.107903, 0.107903, 0.122919, 0.256851, 0.317813, 0.949215, 1, 

16,12,0.001, 0.0210853, 0.0273649, 0.0293706, 0.043367, 0.0636715, 0.107903, 0.112907, 0.122919, 0.305685, 0.94702, 1, 

20,10,0.001, 0.0210853, 0.0273649, 0.0293706, 0.043367, 0.0636715, 0.107903, 0.112907, 0.122919, 0.256851, 0.157754, 0.329263, 0.372546, 0.937431, 1, 

Generation #23
18,11,0.001, 0.0339436, 0.0273649, 0.0293706, 0.043367, 0.0636715, 0.107903, 0.107903, 0.122919, 0.256851, 0.317813, 0.949215, 1, 

16,12,0.001, 0.0210853, 0.0273649, 0.0293706, 0.043367, 0.0636715, 0.107903, 0.112907, 0.122919, 0.305685, 0.94702, 1, 

20,10,0.001, 0.0210853, 0.0273649, 0.0293706, 0.043367, 0.0636715, 0.107903, 0.112907, 0.122919, 0.256851, 0.157754, 0.329263, 0.372546, 0.937431, 1, 

Generation #24
18,11,0.001, 0.0339436, 0.0273649, 0.0293706, 0.043367, 0.0636715, 0.107903, 0.107903, 0.122919, 0.256851, 0.317813, 0.949215, 1, 

16,12,0.001, 0.0210853, 0.0273649, 0.0293706, 0.043367, 0.0636715, 0.107903, 0.112907, 0.122919, 0.305685, 0.94702, 1, 

20,10,0.001, 0.0210853, 0.0273649, 0.0293706, 0.043367, 0.0636715, 0.107903, 0.112907, 0.122919, 0.256851, 0.157754, 0.329263, 0.372546, 0.937431, 1, 

Generation #25
18,11,0.001, 0.0339436, 0.0273649, 0.0293706, 0.043367, 0.0636715, 0.107903, 0.107903, 0.122919, 0.256851, 0.317813, 0.949215, 1, 

16,12,0.001, 0.0210853, 0.0273649, 0.0293706, 0.043367, 0.0636715, 0.107903, 0.112907, 0.122919, 0.305685, 0.94702, 1, 

20,10,0.001, 0.0210853, 0.0273649, 0.0293706, 0.043367, 0.0636715, 0.107903, 0.112907, 0.122919, 0.256851, 0.157754, 0.329263, 0.372546, 0.937431, 1, 

Generation #26
18,11,0.001, 0.0339436, 0.0273649, 0.0293706, 0.043367, 0.0636715, 0.107903, 0.107903, 0.122919, 0.256851, 0.317813, 0.949215, 1, 

16,12,0.001, 0.0210853, 0.0273649, 0.0293706, 0.043367, 0.0636715, 0.107903, 0.112907, 0.122919, 0.305685, 0.94702, 1, 

20,10,0.001, 0.0210853, 0.0273649, 0.0293706, 0.043367, 0.0636715, 0.107903, 0.112907, 0.122919, 0.256851, 0.157754, 0.329263, 0.372546, 0.937431, 1, 

Generation #27
18,11,0.001, 0.0339436, 0.0273649, 0.0293706, 0.043367, 0.0636715, 0.107903, 0.107903, 0.122919, 0.256851, 0.317813, 0.949215, 1, 

16,12,0.001, 0.0210853, 0.0273649, 0.0293706, 0.043367, 0.0636715, 0.107903, 0.112907, 0.122919, 0.305685, 0.94702, 1, 

20,10,0.001, 0.0210853, 0.0273649, 0.0293706, 0.043367, 0.0636715, 0.107903, 0.112907, 0.122919, 0.256851, 0.157754, 0.329263, 0.372546, 0.937431, 1, 

Generation #28
18,11,0.001, 0.0339436, 0.0273649, 0.0293706, 0.043367, 0.0636715, 0.107903, 0.107903, 0.122919, 0.256851, 0.317813, 0.949215, 1, 

16,12,0.001, 0.0210853, 0.0273649, 0.0293706, 0.043367, 0.0636715, 0.107903, 0.112907, 0.122919, 0.305685, 0.94702, 1, 

19,10,0.001, 0.0210853, 0.0273649, 0.0293706, 0.043367, 0.0636715, 0.107903, 0.112907, 0.122919, 0.122919, 0.256851, 0.317813, 0.949215, 1, 

Generation #29
18,11,0.001, 0.0339436, 0.0273649, 0.0293706, 0.043367, 0.0636715, 0.107903, 0.107903, 0.122919, 0.256851, 0.317813, 0.949215, 1, 

16,12,0.001, 0.0210853, 0.0273649, 0.0293706, 0.043367, 0.0636715, 0.107903, 0.112907, 0.122919, 0.305685, 0.94702, 1, 

19,10,0.001, 0.0210853, 0.0273649, 0.0293706, 0.043367, 0.0636715, 0.107903, 0.112907, 0.122919, 0.122919, 0.256851, 0.317813, 0.949215, 1, 

Generation #30
18,11,0.001, 0.0339436, 0.0273649, 0.0293706, 0.043367, 0.0636715, 0.107903, 0.107903, 0.122919, 0.256851, 0.317813, 0.949215, 1, 

16,12,0.001, 0.0210853, 0.0273649, 0.0293706, 0.043367, 0.0636715, 0.107903, 0.112907, 0.122919, 0.305685, 0.94702, 1, 

19,10,0.001, 0.0210853, 0.0273649, 0.0293706, 0.043367, 0.0636715, 0.107903, 0.112907, 0.122919, 0.122919, 0.256851, 0.317813, 0.949215, 1, 

Generation #31
18,11,0.001, 0.0339436, 0.0273649, 0.0293706, 0.043367, 0.0636715, 0.107903, 0.107903, 0.122919, 0.256851, 0.317813, 0.949215, 1, 

16,12,0.001, 0.0210853, 0.0273649, 0.0293706, 0.043367, 0.0636715, 0.107903, 0.112907, 0.122919, 0.305685, 0.94702, 1, 

19,10,0.001, 0.0210853, 0.0273649, 0.0293706, 0.043367, 0.0636715, 0.107903, 0.112907, 0.122919, 0.122919, 0.256851, 0.317813, 0.949215, 1, 

Generation #32
18,11,0.001, 0.0339436, 0.0273649, 0.0293706, 0.043367, 0.0636715, 0.107903, 0.107903, 0.122919, 0.256851, 0.317813, 0.949215, 1, 

16,12,0.001, 0.0210853, 0.0273649, 0.0293706, 0.043367, 0.0636715, 0.107903, 0.112907, 0.122919, 0.305685, 0.94702, 1, 

19,10,0.001, 0.0210853, 0.0273649, 0.0293706, 0.043367, 0.0636715, 0.107903, 0.112907, 0.122919, 0.122919, 0.256851, 0.317813, 0.949215, 1, 

Generation #33
18,11,0.001, 0.0339436, 0.0273649, 0.0293706, 0.043367, 0.0636715, 0.107903, 0.107903, 0.122919, 0.256851, 0.317813, 0.949215, 1, 

16,12,0.001, 0.0210853, 0.0273649, 0.0293706, 0.043367, 0.0636715, 0.107903, 0.112907, 0.122919, 0.305685, 0.94702, 1, 

19,10,0.001, 0.0210853, 0.0273649, 0.0293706, 0.043367, 0.0636715, 0.107903, 0.112907, 0.122919, 0.122919, 0.256851, 0.317813, 0.949215, 1, 

Generation #34
16,12,0.001, 0.0210853, 0.0273649, 0.0293706, 0.043367, 0.0636715, 0.107903, 0.112907, 0.122919, 0.305685, 0.94702, 1, 

18,9,0.001, 0.0210853, 0.0273649, 0.0293706, 0.043367, 0.0636715, 0.107903, 0.112907, 0.122919, 0.256851, 0.317813, 0.329263, 0.372546, 1, 

Generation #35
16,12,0.001, 0.0210853, 0.0273649, 0.0293706, 0.043367, 0.0636715, 0.107903, 0.112907, 0.122919, 0.305685, 0.94702, 1, 

18,9,0.001, 0.0210853, 0.0273649, 0.0293706, 0.043367, 0.0636715, 0.107903, 0.112907, 0.122919, 0.256851, 0.317813, 0.329263, 0.372546, 1, 

Generation #36
16,12,0.001, 0.0210853, 0.0273649, 0.0293706, 0.043367, 0.0636715, 0.107903, 0.112907, 0.122919, 0.305685, 0.94702, 1, 

18,9,0.001, 0.0210853, 0.0273649, 0.0293706, 0.043367, 0.0636715, 0.107903, 0.112907, 0.122919, 0.256851, 0.317813, 0.329263, 0.372546, 1, 

Generation #37
16,12,0.001, 0.0210853, 0.0273649, 0.0293706, 0.043367, 0.0636715, 0.107903, 0.112907, 0.122919, 0.305685, 0.94702, 1, 

18,9,0.001, 0.0210853, 0.0273649, 0.0293706, 0.043367, 0.0636715, 0.107903, 0.112907, 0.122919, 0.256851, 0.317813, 0.329263, 0.372546, 1, 

Generation #38
16,12,0.001, 0.0210853, 0.0273649, 0.0293706, 0.043367, 0.0636715, 0.107903, 0.112907, 0.122919, 0.305685, 0.94702, 1, 

18,9,0.001, 0.0210853, 0.0273649, 0.0293706, 0.043367, 0.0636715, 0.107903, 0.112907, 0.122919, 0.256851, 0.317813, 0.329263, 0.372546, 1, 

Generation #39
16,12,0.001, 0.0210853, 0.0273649, 0.0293706, 0.043367, 0.0636715, 0.107903, 0.112907, 0.122919, 0.305685, 0.94702, 1, 

18,9,0.001, 0.0210853, 0.0273649, 0.0293706, 0.043367, 0.0636715, 0.107903, 0.112907, 0.122919, 0.256851, 0.317813, 0.329263, 0.372546, 1, 

Generation #40
16,12,0.001, 0.0210853, 0.0273649, 0.0293706, 0.043367, 0.0636715, 0.107903, 0.112907, 0.122919, 0.305685, 0.94702, 1, 

18,9,0.001, 0.0210853, 0.0273649, 0.0293706, 0.043367, 0.0636715, 0.107903, 0.112907, 0.122919, 0.256851, 0.317813, 0.329263, 0.372546, 1, 

Generation #41
16,12,0.001, 0.0210853, 0.0273649, 0.0293706, 0.043367, 0.0636715, 0.107903, 0.112907, 0.122919, 0.305685, 0.94702, 1, 

18,9,0.001, 0.0210853, 0.0273649, 0.0293706, 0.043367, 0.0636715, 0.107903, 0.112907, 0.122919, 0.256851, 0.317813, 0.329263, 0.372546, 1, 

Generation #42
16,12,0.001, 0.0210853, 0.0273649, 0.0293706, 0.043367, 0.0636715, 0.107903, 0.112907, 0.122919, 0.305685, 0.94702, 1, 

18,9,0.001, 0.0210853, 0.0273649, 0.0293706, 0.043367, 0.0636715, 0.107903, 0.112907, 0.122919, 0.256851, 0.317813, 0.329263, 0.372546, 1, 

Generation #43
16,12,0.001, 0.0210853, 0.0273649, 0.0293706, 0.043367, 0.0636715, 0.107903, 0.112907, 0.122919, 0.305685, 0.94702, 1, 

18,9,0.001, 0.0210853, 0.0273649, 0.0293706, 0.043367, 0.0636715, 0.107903, 0.112907, 0.122919, 0.256851, 0.317813, 0.329263, 0.372546, 1, 

Generation #44
16,12,0.001, 0.0210853, 0.0273649, 0.0293706, 0.043367, 0.0636715, 0.107903, 0.112907, 0.122919, 0.305685, 0.94702, 1, 

18,9,0.001, 0.0210853, 0.0273649, 0.0293706, 0.043367, 0.0636715, 0.107903, 0.112907, 0.122919, 0.256851, 0.317813, 0.329263, 0.372546, 1, 

Generation #45
16,12,0.001, 0.0210853, 0.0273649, 0.0293706, 0.043367, 0.0636715, 0.107903, 0.112907, 0.122919, 0.305685, 0.94702, 1, 

18,9,0.001, 0.0210853, 0.0273649, 0.0293706, 0.043367, 0.0636715, 0.107903, 0.112907, 0.122919, 0.256851, 0.317813, 0.329263, 0.372546, 1, 

Generation #46
16,12,0.001, 0.0210853, 0.0273649, 0.0293706, 0.043367, 0.0636715, 0.107903, 0.112907, 0.122919, 0.305685, 0.94702, 1, 

18,9,0.001, 0.0210853, 0.0273649, 0.0293706, 0.043367, 0.0636715, 0.107903, 0.112907, 0.122919, 0.256851, 0.317813, 0.329263, 0.372546, 1, 

Generation #47
16,12,0.001, 0.0210853, 0.0273649, 0.0293706, 0.043367, 0.0636715, 0.107903, 0.112907, 0.122919, 0.305685, 0.94702, 1, 

18,9,0.001, 0.0210853, 0.0273649, 0.0293706, 0.043367, 0.0636715, 0.107903, 0.112907, 0.122919, 0.256851, 0.317813, 0.329263, 0.372546, 1, 

Generation #48
16,12,0.001, 0.0210853, 0.0273649, 0.0293706, 0.043367, 0.0636715, 0.107903, 0.112907, 0.122919, 0.305685, 0.94702, 1, 

18,9,0.001, 0.0210853, 0.0273649, 0.0293706, 0.043367, 0.0636715, 0.107903, 0.112907, 0.122919, 0.256851, 0.317813, 0.329263, 0.372546, 1, 

Generation #49
16,12,0.001, 0.0210853, 0.0273649, 0.0293706, 0.043367, 0.0636715, 0.107903, 0.112907, 0.122919, 0.305685, 0.94702, 1, 

18,9,0.001, 0.0210853, 0.0273649, 0.0293706, 0.043367, 0.0636715, 0.107903, 0.112907, 0.122919, 0.256851, 0.317813, 0.329263, 0.372546, 1, 

--- Pareto Front Solutions ---
Solution 0: N total=91 (N_initial=75, N_added=16), Time total=19 ms, Saved to: ./results/Flex_t2_l3_pareto_0.csv, percents=0.001, 0.0210853, 0.0273649, 0.0293706, 0.043367, 0.0636715, 0.107903, 0.112907, 0.122919, 0.305685, 0.94702, 1, 

Solution 1: N total=93 (N_initial=75, N_added=18), Time total=16 ms, Saved to: ./results/Flex_t2_l3_pareto_1.csv, percents=0.001, 0.0210853, 0.0273649, 0.0293706, 0.043367, 0.0636715, 0.107903, 0.112907, 0.122919, 0.256851, 0.317813, 0.329263, 0.372546, 1, 

------------d=1, t=2, lambda=4, filename=./evaluation/Flex/Flex_2_4.csv------------
Grouping d-sets by partitioned row counts for detecting arrays...
Ready to look at pairs for detecting arrays...
First Stage N=100, Time=6
There are 125 remaining non-locating pairs
--- Running GA Algorithm (phase2) ---
Running GA with std::execution::par
Generation #0
27,43,0.001, 0.00780696, 0.0459275, 0.0899996, 0.142025, 0.143091, 0.215875, 0.264286, 0.29977, 0.385816, 0.523786, 0.564571, 0.635686, 0.671895, 0.827833, 0.918728, 1, 

29,33,0.001, 0.0565024, 0.0942216, 0.0990103, 0.0995996, 0.226093, 0.26144, 0.270323, 0.272979, 0.362972, 0.381383, 0.460168, 0.460347, 0.916858, 0.936397, 0.953774, 1, 

30,30,0.001, 0.0783896, 0.0853568, 0.0854993, 0.0865859, 0.124122, 0.132147, 0.296613, 0.35814, 0.363061, 0.367726, 0.369858, 0.417146, 0.537774, 0.714343, 0.745942, 0.762619, 0.791965, 0.798873, 0.822842, 1, 

23,53,0.001, 0.0664268, 0.0769026, 0.282554, 0.295679, 0.326681, 0.428669, 0.477556, 0.558492, 0.597759, 0.667034, 0.835391, 1, 

Generation #1
23,53,0.001, 0.0664268, 0.0769026, 0.282554, 0.295679, 0.326681, 0.428669, 0.477556, 0.558492, 0.597759, 0.667034, 0.835391, 1, 

27,26,0.001, 0.0114431, 0.0805163, 0.111316, 0.135306, 0.183382, 0.239957, 0.319024, 0.443367, 0.479949, 0.483555, 0.612006, 0.640933, 0.755116, 0.946071, 1, 

26,36,0.001, 0.0522089, 0.0990851, 0.140544, 0.151172, 0.157172, 0.286372, 0.419077, 0.455379, 0.554179, 0.590903, 0.639542, 0.707349, 0.758112, 0.785405, 0.99189, 1, 

37,25,0.001, 0.0907637, 0.0475543, 0.0573551, 0.063578, 0.0799794, 0.156382, 0.217564, 0.218461, 0.239585, 0.247177, 0.248315, 0.259852, 0.275413, 0.276167, 0.314725, 0.431858, 0.439279, 0.493494, 0.562743, 0.788191, 0.818696, 0.839075, 0.933032, 0.934696, 0.968701, 0.975073, 1, 

25,38,0.001, 0.00780696, 0.0459275, 0.0899996, 0.142025, 0.143091, 0.215875, 0.264286, 0.29977, 0.385816, 0.523786, 0.460168, 0.460347, 0.916858, 0.936397, 0.953774, 1, 

Generation #2
23,30,0.001, 0.0244489, 0.0578128, 0.063528, 0.108, 0.144947, 0.161778, 0.250195, 0.359627, 0.99993, 1, 

22,44,0.001, 0.0142679, 0.0211432, 0.0346723, 0.108244, 0.116055, 0.151824, 0.170008, 0.316246, 0.562251, 0.656541, 0.658746, 0.83291, 1, 

25,21,0.001, 0.0489268, 0.0721096, 0.112701, 0.171464, 0.184216, 0.194009, 0.196892, 0.272979, 0.362972, 0.381383, 0.460168, 0.460347, 0.916858, 0.936397, 0.953774, 1, 

Generation #3
23,30,0.001, 0.0244489, 0.0578128, 0.063528, 0.108, 0.144947, 0.161778, 0.250195, 0.359627, 0.99993, 1, 

22,44,0.001, 0.0142679, 0.0211432, 0.0346723, 0.108244, 0.116055, 0.151824, 0.170008, 0.316246, 0.562251, 0.656541, 0.658746, 0.83291, 1, 

25,21,0.001, 0.0489268, 0.0721096, 0.112701, 0.171464, 0.184216, 0.194009, 0.196892, 0.272979, 0.362972, 0.381383, 0.460168, 0.460347, 0.916858, 0.936397, 0.953774, 1, 

Generation #4
25,21,0.001, 0.0489268, 0.0721096, 0.112701, 0.171464, 0.184216, 0.194009, 0.196892, 0.272979, 0.362972, 0.381383, 0.460168, 0.460347, 0.916858, 0.936397, 0.953774, 1, 

21,30,0.0764029, 0.0841661, 0.119622, 0.126519, 0.169592, 0.261718, 0.537508, 0.699352, 0.819352, 1, 

Generation #5
25,21,0.001, 0.0489268, 0.0721096, 0.112701, 0.171464, 0.184216, 0.194009, 0.196892, 0.272979, 0.362972, 0.381383, 0.460168, 0.460347, 0.916858, 0.936397, 0.953774, 1, 

21,28,0.001, 0.0565024, 0.0942216, 0.127572, 0.138465, 0.153173, 0.183704, 0.236628, 0.190345, 0.255566, 1, 

Generation #6
21,28,0.001, 0.0565024, 0.0942216, 0.127572, 0.138465, 0.153173, 0.183704, 0.236628, 0.190345, 0.255566, 1, 

23,21,0.001, 0.0244489, 0.0578128, 0.063528, 0.108, 0.144947, 0.161778, 0.103476, 0.316246, 0.562251, 0.656541, 0.658746, 0.83291, 1, 

20,45,0.001, 0.0565024, 0.0942216, 0.127572, 0.138465, 0.153173, 0.183704, 0.236628, 0.190345, 0.255566, 1, 

Generation #7
21,28,0.001, 0.0565024, 0.0942216, 0.127572, 0.138465, 0.153173, 0.183704, 0.236628, 0.190345, 0.255566, 1, 

23,21,0.001, 0.0244489, 0.0578128, 0.063528, 0.108, 0.144947, 0.161778, 0.103476, 0.316246, 0.562251, 0.656541, 0.658746, 0.83291, 1, 

22,22,0.001, 0.0142679, 0.0211432, 0.0346723, 0.108244, 0.116055, 0.151824, 0.170008, 0.179919, 0.460607, 0.537763, 0.668536, 0.983479, 1, 

20,42,0.001, 0.0114431, 0.0942216, 0.111316, 0.135306, 0.183382, 0.239957, 0.319024, 0.543704, 1, 

Generation #8
20,26,0.001, 0.0244489, 0.0578128, 0.0990103, 0.0995996, 0.256094, 0.201853, 0.27596, 0.316246, 0.562251, 1, 

21,21,0.001, 0.0268667, 0.0520176, 0.127572, 0.138465, 0.144947, 0.151824, 0.170008, 0.237393, 0.597759, 0.667034, 0.835391, 1, 

36,18,0.001, 0.0565024, 0.0942216, 0.0990103, 0.0995996, 0.0799794, 0.156382, 0.217564, 0.218461, 0.239585, 0.247177, 0.248315, 0.259852, 0.275413, 0.276167, 0.314725, 0.431858, 0.439279, 0.493494, 0.562743, 0.788191, 0.818696, 0.839075, 0.933032, 0.934696, 0.968701, 0.975073, 1, 

Generation #9
21,21,0.001, 0.0268667, 0.0520176, 0.127572, 0.138465, 0.144947, 0.151824, 0.170008, 0.237393, 0.597759, 0.667034, 0.835391, 1, 

36,18,0.001, 0.0565024, 0.0942216, 0.0990103, 0.0995996, 0.0799794, 0.156382, 0.217564, 0.218461, 0.239585, 0.247177, 0.248315, 0.259852, 0.275413, 0.276167, 0.314725, 0.431858, 0.439279, 0.493494, 0.562743, 0.788191, 0.818696, 0.839075, 0.933032, 0.934696, 0.968701, 0.975073, 1, 

20,25,0.001, 0.0268667, 0.0520176, 0.127572, 0.138465, 0.153173, 0.183704, 0.236628, 0.190345, 0.255566, 1, 

Generation #10
21,21,0.001, 0.0268667, 0.0520176, 0.127572, 0.138465, 0.144947, 0.151824, 0.170008, 0.237393, 0.597759, 0.667034, 0.835391, 1, 

36,18,0.001, 0.0565024, 0.0942216, 0.0990103, 0.0995996, 0.0799794, 0.156382, 0.217564, 0.218461, 0.239585, 0.247177, 0.248315, 0.259852, 0.275413, 0.276167, 0.314725, 0.431858, 0.439279, 0.493494, 0.562743, 0.788191, 0.818696, 0.839075, 0.933032, 0.934696, 0.968701, 0.975073, 1, 

20,25,0.001, 0.0268667, 0.0520176, 0.127572, 0.138465, 0.153173, 0.183704, 0.236628, 0.190345, 0.255566, 1, 

Generation #11
21,21,0.001, 0.0268667, 0.0520176, 0.127572, 0.138465, 0.144947, 0.151824, 0.170008, 0.237393, 0.597759, 0.667034, 0.835391, 1, 

36,18,0.001, 0.0565024, 0.0942216, 0.0990103, 0.0995996, 0.0799794, 0.156382, 0.217564, 0.218461, 0.239585, 0.247177, 0.248315, 0.259852, 0.275413, 0.276167, 0.314725, 0.431858, 0.439279, 0.493494, 0.562743, 0.788191, 0.818696, 0.839075, 0.933032, 0.934696, 0.968701, 0.975073, 1, 

20,25,0.001, 0.0268667, 0.0520176, 0.127572, 0.138465, 0.153173, 0.183704, 0.236628, 0.190345, 0.255566, 1, 

Generation #12
21,21,0.001, 0.0268667, 0.0520176, 0.127572, 0.138465, 0.144947, 0.151824, 0.170008, 0.237393, 0.597759, 0.667034, 0.835391, 1, 

20,25,0.001, 0.0268667, 0.0520176, 0.127572, 0.138465, 0.153173, 0.183704, 0.236628, 0.190345, 0.255566, 1, 

36,17,0.001, 0.0565024, 0.0942216, 0.0346723, 0.108244, 0.116055, 0.151824, 0.217564, 0.218461, 0.239585, 0.247177, 0.248315, 0.259852, 0.275413, 0.276167, 0.314725, 0.431858, 0.439279, 0.493494, 0.562743, 0.788191, 0.818696, 0.839075, 0.933032, 0.934696, 0.968701, 0.975073, 1, 

Generation #13
21,21,0.001, 0.0268667, 0.0520176, 0.127572, 0.138465, 0.144947, 0.151824, 0.170008, 0.237393, 0.597759, 0.667034, 0.835391, 1, 

20,25,0.001, 0.0268667, 0.0520176, 0.127572, 0.138465, 0.153173, 0.183704, 0.236628, 0.190345, 0.255566, 1, 

36,17,0.001, 0.0565024, 0.0942216, 0.0346723, 0.108244, 0.116055, 0.151824, 0.217564, 0.218461, 0.239585, 0.247177, 0.248315, 0.259852, 0.275413, 0.276167, 0.314725, 0.431858, 0.439279, 0.493494, 0.562743, 0.788191, 0.818696, 0.839075, 0.933032, 0.934696, 0.968701, 0.975073, 1, 

26,20,0.001, 0.0565024, 0.0942216, 0.0990103, 0.0995996, 0.0799794, 0.144947, 0.161778, 0.170008, 0.179919, 0.250257, 0.520756, 0.305352, 0.635686, 0.671895, 0.827833, 0.918728, 1, 

Generation #14
21,21,0.001, 0.0268667, 0.0520176, 0.127572, 0.138465, 0.144947, 0.151824, 0.170008, 0.237393, 0.597759, 0.667034, 0.835391, 1, 

20,25,0.001, 0.0268667, 0.0520176, 0.127572, 0.138465, 0.153173, 0.183704, 0.236628, 0.190345, 0.255566, 1, 

36,17,0.001, 0.0565024, 0.0942216, 0.0346723, 0.108244, 0.116055, 0.151824, 0.217564, 0.218461, 0.239585, 0.247177, 0.248315, 0.259852, 0.275413, 0.276167, 0.314725, 0.431858, 0.439279, 0.493494, 0.562743, 0.788191, 0.818696, 0.839075, 0.933032, 0.934696, 0.968701, 0.975073, 1, 

26,20,0.001, 0.0565024, 0.0942216, 0.0990103, 0.0995996, 0.0799794, 0.144947, 0.161778, 0.170008, 0.179919, 0.250257, 0.520756, 0.305352, 0.635686, 0.671895, 0.827833, 0.918728, 1, 

27,19,0.001, 0.0565024, 0.0942216, 0.0990103, 0.108, 0.144947, 0.161778, 0.250195, 0.179919, 0.250257, 0.520756, 0.305352, 0.635686, 0.618963, 0.671895, 0.827833, 0.918728, 1, 

Generation #15
34,17,0.001, 0.031588, 0.0244489, 0.0578128, 0.063528, 0.108, 0.144947, 0.161778, 0.170008, 0.179919, 0.250257, 0.520756, 0.259852, 0.275413, 0.276167, 0.314725, 0.431858, 0.439279, 0.493494, 0.562743, 0.788191, 0.818696, 0.839075, 0.933032, 0.968701, 0.975073, 1, 

20,20,0.001, 0.0142679, 0.0211432, 0.0346723, 0.108, 0.144947, 0.161778, 0.250195, 0.190345, 0.255566, 1, 

25,19,0.001, 0.0244489, 0.0578128, 0.063528, 0.108, 0.144947, 0.144947, 0.161778, 0.170008, 0.179919, 0.250257, 0.520756, 0.305352, 0.635686, 0.671895, 0.827833, 0.918728, 1, 

Generation #16
34,17,0.001, 0.031588, 0.0244489, 0.0578128, 0.063528, 0.108, 0.144947, 0.161778, 0.170008, 0.179919, 0.250257, 0.520756, 0.259852, 0.275413, 0.276167, 0.314725, 0.431858, 0.439279, 0.493494, 0.562743, 0.788191, 0.818696, 0.839075, 0.933032, 0.968701, 0.975073, 1, 

20,20,0.001, 0.0142679, 0.0211432, 0.0346723, 0.108, 0.144947, 0.161778, 0.250195, 0.190345, 0.255566, 1, 

25,19,0.001, 0.0244489, 0.0578128, 0.063528, 0.108, 0.144947, 0.144947, 0.161778, 0.170008, 0.179919, 0.250257, 0.520756, 0.305352, 0.635686, 0.671895, 0.827833, 0.918728, 1, 

Generation #17
34,17,0.001, 0.031588, 0.0244489, 0.0578128, 0.063528, 0.108, 0.144947, 0.161778, 0.170008, 0.179919, 0.250257, 0.520756, 0.259852, 0.275413, 0.276167, 0.314725, 0.431858, 0.439279, 0.493494, 0.562743, 0.788191, 0.818696, 0.839075, 0.933032, 0.968701, 0.975073, 1, 

20,20,0.001, 0.0142679, 0.0211432, 0.0346723, 0.108, 0.144947, 0.161778, 0.250195, 0.190345, 0.255566, 1, 

25,18,0.001, 0.0565024, 0.0942216, 0.0990103, 0.0995996, 0.0799794, 0.144947, 0.161778, 0.170008, 0.179919, 0.250257, 0.520756, 0.305352, 0.671895, 0.827833, 0.918728, 1, 

Generation #18
20,20,0.001, 0.0142679, 0.0211432, 0.0346723, 0.108, 0.144947, 0.161778, 0.250195, 0.190345, 0.255566, 1, 

21,16,0.001, 0.031588, 0.0244489, 0.0578128, 0.063528, 0.108, 0.144947, 0.161778, 0.170008, 0.168344, 0.179919, 0.250257, 0.520756, 0.460347, 1, 

Generation #19
20,20,0.001, 0.0142679, 0.0211432, 0.0346723, 0.108, 0.144947, 0.161778, 0.250195, 0.190345, 0.255566, 1, 

21,16,0.001, 0.031588, 0.0244489, 0.0578128, 0.063528, 0.108, 0.144947, 0.161778, 0.170008, 0.168344, 0.179919, 0.250257, 0.520756, 0.460347, 1, 

Generation #20
20,20,0.001, 0.0142679, 0.0211432, 0.0346723, 0.108, 0.144947, 0.161778, 0.250195, 0.190345, 0.255566, 1, 

21,16,0.001, 0.031588, 0.0244489, 0.0578128, 0.063528, 0.108, 0.144947, 0.161778, 0.170008, 0.168344, 0.179919, 0.250257, 0.520756, 0.460347, 1, 

Generation #21
20,20,0.001, 0.0142679, 0.0211432, 0.0346723, 0.108, 0.144947, 0.161778, 0.250195, 0.190345, 0.255566, 1, 

21,16,0.001, 0.031588, 0.0244489, 0.0578128, 0.063528, 0.108, 0.144947, 0.161778, 0.170008, 0.168344, 0.179919, 0.250257, 0.520756, 0.460347, 1, 

Generation #22
20,20,0.001, 0.0142679, 0.0211432, 0.0346723, 0.108, 0.144947, 0.161778, 0.250195, 0.190345, 0.255566, 1, 

21,16,0.001, 0.031588, 0.0244489, 0.0578128, 0.063528, 0.108, 0.144947, 0.161778, 0.170008, 0.168344, 0.179919, 0.250257, 0.520756, 0.460347, 1, 

Generation #23
20,20,0.001, 0.0142679, 0.0211432, 0.0346723, 0.108, 0.144947, 0.161778, 0.250195, 0.190345, 0.255566, 1, 

21,16,0.001, 0.031588, 0.0244489, 0.0578128, 0.063528, 0.108, 0.144947, 0.161778, 0.170008, 0.168344, 0.179919, 0.250257, 0.520756, 0.460347, 1, 

Generation #24
20,20,0.001, 0.0142679, 0.0211432, 0.0346723, 0.108, 0.144947, 0.161778, 0.250195, 0.190345, 0.255566, 1, 

21,16,0.001, 0.031588, 0.0244489, 0.0578128, 0.063528, 0.108, 0.144947, 0.161778, 0.170008, 0.168344, 0.179919, 0.250257, 0.520756, 0.460347, 1, 

Generation #25
20,20,0.001, 0.0142679, 0.0211432, 0.0346723, 0.108, 0.144947, 0.161778, 0.250195, 0.190345, 0.255566, 1, 

21,16,0.001, 0.031588, 0.0244489, 0.0578128, 0.063528, 0.108, 0.144947, 0.161778, 0.170008, 0.168344, 0.179919, 0.250257, 0.520756, 0.460347, 1, 

Generation #26
20,20,0.001, 0.0142679, 0.0211432, 0.0346723, 0.108, 0.144947, 0.161778, 0.250195, 0.190345, 0.255566, 1, 

21,16,0.001, 0.031588, 0.0244489, 0.0578128, 0.063528, 0.108, 0.144947, 0.161778, 0.170008, 0.168344, 0.179919, 0.250257, 0.520756, 0.460347, 1, 

Generation #27
20,20,0.001, 0.0142679, 0.0211432, 0.0346723, 0.108, 0.144947, 0.161778, 0.250195, 0.190345, 0.255566, 1, 

21,16,0.001, 0.031588, 0.0244489, 0.0578128, 0.063528, 0.108, 0.144947, 0.161778, 0.170008, 0.168344, 0.179919, 0.250257, 0.520756, 0.460347, 1, 

Generation #28
20,20,0.001, 0.0142679, 0.0211432, 0.0346723, 0.108, 0.144947, 0.161778, 0.250195, 0.190345, 0.255566, 1, 

21,16,0.001, 0.031588, 0.0244489, 0.0578128, 0.063528, 0.108, 0.144947, 0.161778, 0.170008, 0.168344, 0.179919, 0.250257, 0.520756, 0.460347, 1, 

Generation #29
20,20,0.001, 0.0142679, 0.0211432, 0.0346723, 0.108, 0.144947, 0.161778, 0.250195, 0.190345, 0.255566, 1, 

21,16,0.001, 0.031588, 0.0244489, 0.0578128, 0.063528, 0.108, 0.144947, 0.161778, 0.170008, 0.168344, 0.179919, 0.250257, 0.520756, 0.460347, 1, 

Generation #30
20,20,0.001, 0.0142679, 0.0211432, 0.0346723, 0.108, 0.144947, 0.161778, 0.250195, 0.190345, 0.255566, 1, 

21,16,0.001, 0.031588, 0.0244489, 0.0578128, 0.063528, 0.108, 0.144947, 0.161778, 0.170008, 0.168344, 0.179919, 0.250257, 0.520756, 0.460347, 1, 

Generation #31
20,20,0.001, 0.0142679, 0.0211432, 0.0346723, 0.108, 0.144947, 0.161778, 0.250195, 0.190345, 0.255566, 1, 

21,16,0.001, 0.031588, 0.0244489, 0.0578128, 0.063528, 0.108, 0.144947, 0.161778, 0.170008, 0.168344, 0.179919, 0.250257, 0.520756, 0.460347, 1, 

Generation #32
20,20,0.001, 0.0142679, 0.0211432, 0.0346723, 0.108, 0.144947, 0.161778, 0.250195, 0.190345, 0.255566, 1, 

21,16,0.001, 0.031588, 0.0244489, 0.0578128, 0.063528, 0.108, 0.144947, 0.161778, 0.170008, 0.168344, 0.179919, 0.250257, 0.520756, 0.460347, 1, 

34,15,0.001, 0.031588, 0.0244489, 0.0578128, 0.063528, 0.108, 0.144947, 0.161778, 0.170008, 0.168344, 0.179919, 0.250257, 0.259852, 0.275413, 0.276167, 0.314725, 0.431858, 0.439279, 0.493494, 0.562743, 0.788191, 0.818696, 0.839075, 0.933032, 0.968701, 0.975073, 1, 

Generation #33
20,20,0.001, 0.0142679, 0.0211432, 0.0346723, 0.108, 0.144947, 0.161778, 0.250195, 0.190345, 0.255566, 1, 

21,16,0.001, 0.031588, 0.0244489, 0.0578128, 0.063528, 0.108, 0.144947, 0.161778, 0.170008, 0.168344, 0.179919, 0.250257, 0.520756, 0.460347, 1, 

34,15,0.001, 0.031588, 0.0244489, 0.0578128, 0.063528, 0.108, 0.144947, 0.161778, 0.170008, 0.168344, 0.179919, 0.250257, 0.259852, 0.275413, 0.276167, 0.314725, 0.431858, 0.439279, 0.493494, 0.562743, 0.788191, 0.818696, 0.839075, 0.933032, 0.968701, 0.975073, 1, 

Generation #34
20,20,0.001, 0.0142679, 0.0211432, 0.0346723, 0.108, 0.144947, 0.161778, 0.250195, 0.190345, 0.255566, 1, 

21,16,0.001, 0.031588, 0.0244489, 0.0578128, 0.063528, 0.108, 0.144947, 0.161778, 0.170008, 0.168344, 0.179919, 0.250257, 0.520756, 0.460347, 1, 

25,15,0.001, 0.031588, 0.0244489, 0.0578128, 0.063528, 0.13283, 0.108, 0.144947, 0.161778, 0.170008, 0.179919, 0.250257, 0.520756, 0.305352, 0.635686, 0.671895, 0.827833, 0.918728, 1, 

Generation #35
20,20,0.001, 0.0142679, 0.0211432, 0.0346723, 0.108, 0.144947, 0.161778, 0.250195, 0.190345, 0.255566, 1, 

21,16,0.001, 0.031588, 0.0244489, 0.0578128, 0.063528, 0.108, 0.144947, 0.161778, 0.170008, 0.168344, 0.179919, 0.250257, 0.520756, 0.460347, 1, 

25,15,0.001, 0.031588, 0.0244489, 0.0578128, 0.063528, 0.13283, 0.108, 0.144947, 0.161778, 0.170008, 0.179919, 0.250257, 0.520756, 0.305352, 0.635686, 0.671895, 0.827833, 0.918728, 1, 

Generation #36
20,20,0.001, 0.0142679, 0.0211432, 0.0346723, 0.108, 0.144947, 0.161778, 0.250195, 0.190345, 0.255566, 1, 

21,16,0.001, 0.031588, 0.0244489, 0.0578128, 0.063528, 0.108, 0.144947, 0.161778, 0.170008, 0.168344, 0.179919, 0.250257, 0.520756, 0.460347, 1, 

25,15,0.001, 0.031588, 0.0244489, 0.0578128, 0.063528, 0.13283, 0.108, 0.144947, 0.161778, 0.170008, 0.179919, 0.250257, 0.520756, 0.305352, 0.635686, 0.671895, 0.827833, 0.918728, 1, 

Generation #37
20,20,0.001, 0.0142679, 0.0211432, 0.0346723, 0.108, 0.144947, 0.161778, 0.250195, 0.190345, 0.255566, 1, 

21,16,0.001, 0.031588, 0.0244489, 0.0578128, 0.063528, 0.108, 0.144947, 0.161778, 0.170008, 0.168344, 0.179919, 0.250257, 0.520756, 0.460347, 1, 

25,15,0.001, 0.031588, 0.0244489, 0.0578128, 0.063528, 0.13283, 0.108, 0.144947, 0.161778, 0.170008, 0.179919, 0.250257, 0.520756, 0.305352, 0.635686, 0.671895, 0.827833, 0.918728, 1, 

Generation #38
20,20,0.001, 0.0142679, 0.0211432, 0.0346723, 0.108, 0.144947, 0.161778, 0.250195, 0.190345, 0.255566, 1, 

21,16,0.001, 0.031588, 0.0244489, 0.0578128, 0.063528, 0.108, 0.144947, 0.161778, 0.170008, 0.168344, 0.179919, 0.250257, 0.520756, 0.460347, 1, 

25,15,0.001, 0.031588, 0.0244489, 0.0578128, 0.063528, 0.13283, 0.108, 0.144947, 0.161778, 0.170008, 0.179919, 0.250257, 0.520756, 0.305352, 0.635686, 0.671895, 0.827833, 0.918728, 1, 

Generation #39
20,20,0.001, 0.0142679, 0.0211432, 0.0346723, 0.108, 0.144947, 0.161778, 0.250195, 0.190345, 0.255566, 1, 

21,16,0.001, 0.031588, 0.0244489, 0.0578128, 0.063528, 0.108, 0.144947, 0.161778, 0.170008, 0.168344, 0.179919, 0.250257, 0.520756, 0.460347, 1, 

25,15,0.001, 0.031588, 0.0244489, 0.0578128, 0.063528, 0.13283, 0.108, 0.144947, 0.161778, 0.170008, 0.179919, 0.250257, 0.520756, 0.305352, 0.635686, 0.671895, 0.827833, 0.918728, 1, 

Generation #40
20,20,0.001, 0.0142679, 0.0211432, 0.0346723, 0.108, 0.144947, 0.161778, 0.250195, 0.190345, 0.255566, 1, 

21,16,0.001, 0.031588, 0.0244489, 0.0578128, 0.063528, 0.108, 0.144947, 0.161778, 0.170008, 0.168344, 0.179919, 0.250257, 0.520756, 0.460347, 1, 

22,15,0.001, 0.0565024, 0.0244489, 0.0578128, 0.063528, 0.108, 0.144947, 0.161778, 0.170008, 0.168344, 0.179919, 0.250257, 0.520756, 0.460347, 1, 

Generation #41
20,20,0.001, 0.0142679, 0.0211432, 0.0346723, 0.108, 0.144947, 0.161778, 0.250195, 0.190345, 0.255566, 1, 

21,16,0.001, 0.031588, 0.0244489, 0.0578128, 0.063528, 0.108, 0.144947, 0.161778, 0.170008, 0.168344, 0.179919, 0.250257, 0.520756, 0.460347, 1, 

22,15,0.001, 0.0565024, 0.0244489, 0.0578128, 0.063528, 0.108, 0.144947, 0.161778, 0.170008, 0.168344, 0.179919, 0.250257, 0.520756, 0.460347, 1, 

Generation #42
20,20,0.001, 0.0142679, 0.0211432, 0.0346723, 0.108, 0.144947, 0.161778, 0.250195, 0.190345, 0.255566, 1, 

21,16,0.001, 0.031588, 0.0244489, 0.0578128, 0.063528, 0.108, 0.144947, 0.161778, 0.170008, 0.168344, 0.179919, 0.250257, 0.520756, 0.460347, 1, 

22,15,0.001, 0.0565024, 0.0244489, 0.0578128, 0.063528, 0.108, 0.144947, 0.161778, 0.170008, 0.168344, 0.179919, 0.250257, 0.520756, 0.460347, 1, 

Generation #43
20,20,0.001, 0.0142679, 0.0211432, 0.0346723, 0.108, 0.144947, 0.161778, 0.250195, 0.190345, 0.255566, 1, 

21,16,0.001, 0.031588, 0.0244489, 0.0578128, 0.063528, 0.108, 0.144947, 0.161778, 0.170008, 0.168344, 0.179919, 0.250257, 0.520756, 0.460347, 1, 

22,15,0.001, 0.0565024, 0.0244489, 0.0578128, 0.063528, 0.108, 0.144947, 0.161778, 0.170008, 0.168344, 0.179919, 0.250257, 0.520756, 0.460347, 1, 

33,13,0.001, 0.031588, 0.0244489, 0.0578128, 0.063528, 0.108, 0.144947, 0.144947, 0.161778, 0.170008, 0.179919, 0.250257, 0.520756, 0.305352, 0.276167, 0.314725, 0.431858, 0.439279, 0.493494, 0.562743, 0.788191, 0.818696, 0.839075, 0.933032, 0.968701, 0.975073, 1, 

Generation #44
22,15,0.001, 0.0565024, 0.0244489, 0.0578128, 0.063528, 0.108, 0.144947, 0.161778, 0.170008, 0.168344, 0.179919, 0.250257, 0.520756, 0.460347, 1, 

33,13,0.001, 0.031588, 0.0244489, 0.0578128, 0.063528, 0.108, 0.144947, 0.144947, 0.161778, 0.170008, 0.179919, 0.250257, 0.520756, 0.305352, 0.276167, 0.314725, 0.431858, 0.439279, 0.493494, 0.562743, 0.788191, 0.818696, 0.839075, 0.933032, 0.968701, 0.975073, 1, 

20,16,0.001, 0.031588, 0.0244489, 0.0578128, 0.063528, 0.108, 0.144947, 0.161778, 0.170008, 0.520756, 0.305352, 0.668536, 1, 

Generation #45
22,15,0.001, 0.0565024, 0.0244489, 0.0578128, 0.063528, 0.108, 0.144947, 0.161778, 0.170008, 0.168344, 0.179919, 0.250257, 0.520756, 0.460347, 1, 

33,13,0.001, 0.031588, 0.0244489, 0.0578128, 0.063528, 0.108, 0.144947, 0.144947, 0.161778, 0.170008, 0.179919, 0.250257, 0.520756, 0.305352, 0.276167, 0.314725, 0.431858, 0.439279, 0.493494, 0.562743, 0.788191, 0.818696, 0.839075, 0.933032, 0.968701, 0.975073, 1, 

20,16,0.001, 0.031588, 0.0244489, 0.0578128, 0.063528, 0.108, 0.144947, 0.161778, 0.170008, 0.520756, 0.305352, 0.668536, 1, 

Generation #46
22,15,0.001, 0.0565024, 0.0244489, 0.0578128, 0.063528, 0.108, 0.144947, 0.161778, 0.170008, 0.168344, 0.179919, 0.250257, 0.520756, 0.460347, 1, 

33,13,0.001, 0.031588, 0.0244489, 0.0578128, 0.063528, 0.108, 0.144947, 0.144947, 0.161778, 0.170008, 0.179919, 0.250257, 0.520756, 0.305352, 0.276167, 0.314725, 0.431858, 0.439279, 0.493494, 0.562743, 0.788191, 0.818696, 0.839075, 0.933032, 0.968701, 0.975073, 1, 

20,16,0.001, 0.031588, 0.0244489, 0.0578128, 0.063528, 0.108, 0.144947, 0.161778, 0.170008, 0.520756, 0.305352, 0.668536, 1, 

Generation #47
20,13,0.001, 0.031588, 0.0244489, 0.0578128, 0.063528, 0.108, 0.144947, 0.161778, 0.170008, 0.168344, 0.179919, 0.250257, 0.520756, 0.460347, 1, 

Generation #48
20,13,0.001, 0.031588, 0.0244489, 0.0578128, 0.063528, 0.108, 0.144947, 0.161778, 0.170008, 0.168344, 0.179919, 0.250257, 0.520756, 0.460347, 1, 

Generation #49
20,13,0.001, 0.031588, 0.0244489, 0.0578128, 0.063528, 0.108, 0.144947, 0.161778, 0.170008, 0.168344, 0.179919, 0.250257, 0.520756, 0.460347, 1, 

--- Pareto Front Solutions ---
Solution 0: N total=120 (N_initial=100, N_added=20), Time total=19 ms, Saved to: ./results/Flex_t2_l4_pareto_0.csv, percents=0.001, 0.031588, 0.0244489, 0.0578128, 0.063528, 0.108, 0.144947, 0.161778, 0.170008, 0.168344, 0.179919, 0.250257, 0.520756, 0.460347, 1, 

