------------d=1, t=2, lambda=1, filename=./evaluation/Make/Make_2_1.csv------------
Grouping d-sets by partitioned row counts for detecting arrays...
Ready to look at pairs for detecting arrays...
First Stage N=30, Time=5
There are 4890 remaining non-locating pairs
--- Running GA Algorithm (phase2) ---
Running GA with std::execution::par
Generation #0
58,444,0.001, 0.00563984, 0.0472926, 0.0698625, 0.0751163, 0.198198, 0.226628, 0.274555, 0.301448, 0.330416, 0.408317, 0.413537, 0.600954, 0.665264, 0.673547, 0.693171, 0.748014, 0.773028, 0.803385, 0.892334, 0.903401, 1, 

48,1239,0.001, 0.142675, 0.144645, 0.243401, 0.419488, 0.422539, 0.551303, 0.673079, 0.81168, 0.95616, 0.981794, 1, 

49,1071,0.001, 0.0600788, 0.0635621, 0.186926, 0.393744, 0.428939, 0.462547, 0.528912, 0.586828, 0.59682, 0.710195, 0.749947, 0.797568, 0.797852, 0.857405, 1, 

47,1252,0.001, 0.0970704, 0.133815, 0.193307, 0.314824, 0.330009, 0.392028, 0.397921, 0.422169, 0.783244, 0.803073, 0.930679, 1, 

54,687,0.001, 0.017851, 0.0501659, 0.0513067, 0.110065, 0.137015, 0.159559, 0.187127, 0.248876, 0.279032, 0.421249, 0.482314, 0.608711, 0.629831, 0.648283, 0.693314, 0.753794, 0.76718, 0.888482, 0.910419, 0.911522, 1, 

56,633,0.001, 0.0372068, 0.177359, 0.178224, 0.230609, 0.242764, 0.255838, 0.292014, 0.348837, 0.58322, 0.649774, 0.670719, 0.694369, 0.712898, 0.739363, 0.774425, 0.818322, 0.834638, 0.970637, 0.979585, 1, 

50,700,0.001, 0.0485364, 0.0638381, 0.103473, 0.112512, 0.157387, 0.207509, 0.233497, 0.34024, 0.425078, 0.623749, 0.642961, 0.77327, 0.821051, 0.86027, 0.97724, 1, 

Generation #1
46,394,0.001, 0.0266537, 0.037516, 0.040253, 0.075425, 0.14546, 0.153692, 0.211271, 0.22996, 0.248763, 0.803073, 0.930679, 1, 

49,354,0.001, 0.0110509, 0.0391854, 0.0928903, 0.129683, 0.148351, 0.15305, 0.461979, 0.480012, 0.650595, 0.662716, 0.705202, 0.789084, 1, 

Generation #2
46,394,0.001, 0.0266537, 0.037516, 0.040253, 0.075425, 0.14546, 0.153692, 0.211271, 0.22996, 0.248763, 0.803073, 0.930679, 1, 

49,354,0.001, 0.0110509, 0.0391854, 0.0928903, 0.129683, 0.148351, 0.15305, 0.461979, 0.480012, 0.650595, 0.662716, 0.705202, 0.789084, 1, 

45,835,0.001, 0.0465451, 0.0638471, 0.184685, 0.065582, 0.465486, 0.467519, 0.710549, 0.845754, 0.979017, 1, 

Generation #3
46,394,0.001, 0.0266537, 0.037516, 0.040253, 0.075425, 0.14546, 0.153692, 0.211271, 0.22996, 0.248763, 0.803073, 0.930679, 1, 

49,354,0.001, 0.0110509, 0.0391854, 0.0928903, 0.129683, 0.148351, 0.15305, 0.461979, 0.480012, 0.650595, 0.662716, 0.705202, 0.789084, 1, 

44,464,0.001, 0.00563984, 0.0472926, 0.0751163, 0.198198, 0.226628, 0.274555, 0.932469, 0.993654, 1, 

56,348,0.001, 0.0219461, 0.0261442, 0.0262016, 0.0663368, 0.100799, 0.0914514, 0.217953, 0.230267, 0.195536, 0.475426, 0.499855, 0.560467, 0.596326, 0.623889, 0.668683, 0.687021, 0.786031, 0.860464, 0.966642, 1, 

Generation #4
46,394,0.001, 0.0266537, 0.037516, 0.040253, 0.075425, 0.14546, 0.153692, 0.211271, 0.22996, 0.248763, 0.803073, 0.930679, 1, 

49,354,0.001, 0.0110509, 0.0391854, 0.0928903, 0.129683, 0.148351, 0.15305, 0.461979, 0.480012, 0.650595, 0.662716, 0.705202, 0.789084, 1, 

44,464,0.001, 0.00563984, 0.0472926, 0.0751163, 0.198198, 0.226628, 0.274555, 0.932469, 0.993654, 1, 

56,348,0.001, 0.0219461, 0.0261442, 0.0262016, 0.0663368, 0.100799, 0.0914514, 0.217953, 0.230267, 0.195536, 0.475426, 0.499855, 0.560467, 0.596326, 0.623889, 0.668683, 0.687021, 0.786031, 0.860464, 0.966642, 1, 

Generation #5
46,394,0.001, 0.0266537, 0.037516, 0.040253, 0.075425, 0.14546, 0.153692, 0.211271, 0.22996, 0.248763, 0.803073, 0.930679, 1, 

49,354,0.001, 0.0110509, 0.0391854, 0.0928903, 0.129683, 0.148351, 0.15305, 0.461979, 0.480012, 0.650595, 0.662716, 0.705202, 0.789084, 1, 

44,464,0.001, 0.00563984, 0.0472926, 0.0751163, 0.198198, 0.226628, 0.274555, 0.932469, 0.993654, 1, 

53,341,0.001, 0.0110509, 0.0391854, 0.0928903, 0.129683, 0.148351, 0.15305, 0.161136, 0.234665, 0.262227, 0.262612, 0.981794, 1, 

Generation #6
46,394,0.001, 0.0266537, 0.037516, 0.040253, 0.075425, 0.14546, 0.153692, 0.211271, 0.22996, 0.248763, 0.803073, 0.930679, 1, 

49,354,0.001, 0.0110509, 0.0391854, 0.0928903, 0.129683, 0.148351, 0.15305, 0.461979, 0.480012, 0.650595, 0.662716, 0.705202, 0.789084, 1, 

44,464,0.001, 0.00563984, 0.0472926, 0.0751163, 0.198198, 0.226628, 0.274555, 0.932469, 0.993654, 1, 

53,341,0.001, 0.0110509, 0.0391854, 0.0928903, 0.129683, 0.148351, 0.15305, 0.161136, 0.234665, 0.262227, 0.262612, 0.981794, 1, 

45,399,0.001, 0.00563984, 0.0472926, 0.0698625, 0.0751163, 0.198198, 0.164494, 0.230267, 0.195536, 0.981794, 1, 

Generation #7
56,295,0.001, 0.00563984, 0.0472926, 0.0698625, 0.0751163, 0.100799, 0.207509, 0.233497, 0.34024, 0.262227, 0.262612, 0.288228, 0.29071, 0.387741, 0.387959, 0.439057, 0.598829, 0.58542, 0.888482, 0.910419, 0.911522, 1, 

46,356,0.001, 0.0110509, 0.0391854, 0.040253, 0.075425, 0.14546, 0.153692, 0.211271, 0.274555, 0.301448, 0.95616, 1, 

47,320,0.001, 0.0110509, 0.0391854, 0.0928903, 0.075425, 0.14546, 0.153692, 0.211271, 0.22996, 0.248763, 0.635177, 0.648952, 0.726148, 0.943837, 0.951523, 1, 

44,382,0.001, 0.00729219, 0.0261442, 0.0262016, 0.0663368, 0.100799, 0.164494, 0.230267, 0.195536, 0.981794, 1, 

Generation #8
56,295,0.001, 0.00563984, 0.0472926, 0.0698625, 0.0751163, 0.100799, 0.207509, 0.233497, 0.34024, 0.262227, 0.262612, 0.288228, 0.29071, 0.387741, 0.387959, 0.439057, 0.598829, 0.58542, 0.888482, 0.910419, 0.911522, 1, 

46,356,0.001, 0.0110509, 0.0391854, 0.040253, 0.075425, 0.14546, 0.153692, 0.211271, 0.274555, 0.301448, 0.95616, 1, 

47,320,0.001, 0.0110509, 0.0391854, 0.0928903, 0.075425, 0.14546, 0.153692, 0.211271, 0.22996, 0.248763, 0.635177, 0.648952, 0.726148, 0.943837, 0.951523, 1, 

44,382,0.001, 0.00729219, 0.0261442, 0.0262016, 0.0663368, 0.100799, 0.164494, 0.230267, 0.195536, 0.981794, 1, 

43,436,0.001, 0.0110509, 0.0391854, 0.0663368, 0.100799, 0.164494, 0.217953, 0.932469, 0.993654, 1, 

42,449,0.001, 0.035436, 0.037516, 0.040253, 0.075425, 0.157387, 0.164494, 0.230267, 0.195536, 0.981794, 1, 

Generation #9
56,295,0.001, 0.00563984, 0.0472926, 0.0698625, 0.0751163, 0.100799, 0.207509, 0.233497, 0.34024, 0.262227, 0.262612, 0.288228, 0.29071, 0.387741, 0.387959, 0.439057, 0.598829, 0.58542, 0.888482, 0.910419, 0.911522, 1, 

47,320,0.001, 0.0110509, 0.0391854, 0.0928903, 0.075425, 0.14546, 0.153692, 0.211271, 0.22996, 0.248763, 0.635177, 0.648952, 0.726148, 0.943837, 0.951523, 1, 

44,382,0.001, 0.00729219, 0.0261442, 0.0262016, 0.0663368, 0.100799, 0.164494, 0.230267, 0.195536, 0.981794, 1, 

43,436,0.001, 0.0110509, 0.0391854, 0.0663368, 0.100799, 0.164494, 0.217953, 0.932469, 0.993654, 1, 

42,449,0.001, 0.035436, 0.037516, 0.040253, 0.075425, 0.157387, 0.164494, 0.230267, 0.195536, 0.981794, 1, 

45,342,0.001, 0.0219461, 0.0261442, 0.0262016, 0.0663368, 0.100799, 0.164494, 0.230267, 0.195536, 0.981794, 1, 

Generation #10
56,295,0.001, 0.00563984, 0.0472926, 0.0698625, 0.0751163, 0.100799, 0.207509, 0.233497, 0.34024, 0.262227, 0.262612, 0.288228, 0.29071, 0.387741, 0.387959, 0.439057, 0.598829, 0.58542, 0.888482, 0.910419, 0.911522, 1, 

47,320,0.001, 0.0110509, 0.0391854, 0.0928903, 0.075425, 0.14546, 0.153692, 0.211271, 0.22996, 0.248763, 0.635177, 0.648952, 0.726148, 0.943837, 0.951523, 1, 

44,382,0.001, 0.00729219, 0.0261442, 0.0262016, 0.0663368, 0.100799, 0.164494, 0.230267, 0.195536, 0.981794, 1, 

43,436,0.001, 0.0110509, 0.0391854, 0.0663368, 0.100799, 0.164494, 0.217953, 0.932469, 0.993654, 1, 

42,449,0.001, 0.035436, 0.037516, 0.040253, 0.075425, 0.157387, 0.164494, 0.230267, 0.195536, 0.981794, 1, 

45,334,0.001, 0.00563984, 0.0218816, 0.0456565, 0.126535, 0.100799, 0.16336, 0.164494, 0.217953, 0.22996, 0.981794, 1, 

Generation #11
56,295,0.001, 0.00563984, 0.0472926, 0.0698625, 0.0751163, 0.100799, 0.207509, 0.233497, 0.34024, 0.262227, 0.262612, 0.288228, 0.29071, 0.387741, 0.387959, 0.439057, 0.598829, 0.58542, 0.888482, 0.910419, 0.911522, 1, 

47,320,0.001, 0.0110509, 0.0391854, 0.0928903, 0.075425, 0.14546, 0.153692, 0.211271, 0.22996, 0.248763, 0.635177, 0.648952, 0.726148, 0.943837, 0.951523, 1, 

44,382,0.001, 0.00729219, 0.0261442, 0.0262016, 0.0663368, 0.100799, 0.164494, 0.230267, 0.195536, 0.981794, 1, 

43,436,0.001, 0.0110509, 0.0391854, 0.0663368, 0.100799, 0.164494, 0.217953, 0.932469, 0.993654, 1, 

42,449,0.001, 0.035436, 0.037516, 0.040253, 0.075425, 0.157387, 0.164494, 0.230267, 0.195536, 0.981794, 1, 

45,334,0.001, 0.00563984, 0.0218816, 0.0456565, 0.126535, 0.100799, 0.16336, 0.164494, 0.217953, 0.22996, 0.981794, 1, 

Generation #12
56,295,0.001, 0.00563984, 0.0472926, 0.0698625, 0.0751163, 0.100799, 0.207509, 0.233497, 0.34024, 0.262227, 0.262612, 0.288228, 0.29071, 0.387741, 0.387959, 0.439057, 0.598829, 0.58542, 0.888482, 0.910419, 0.911522, 1, 

47,320,0.001, 0.0110509, 0.0391854, 0.0928903, 0.075425, 0.14546, 0.153692, 0.211271, 0.22996, 0.248763, 0.635177, 0.648952, 0.726148, 0.943837, 0.951523, 1, 

43,436,0.001, 0.0110509, 0.0391854, 0.0663368, 0.100799, 0.164494, 0.217953, 0.932469, 0.993654, 1, 

42,449,0.001, 0.035436, 0.037516, 0.040253, 0.075425, 0.157387, 0.164494, 0.230267, 0.195536, 0.981794, 1, 

44,325,0.001, 0.00563984, 0.0218816, 0.0456565, 0.0663368, 0.100799, 0.16336, 0.164494, 0.217953, 0.22996, 1, 

Generation #13
56,295,0.001, 0.00563984, 0.0472926, 0.0698625, 0.0751163, 0.100799, 0.207509, 0.233497, 0.34024, 0.262227, 0.262612, 0.288228, 0.29071, 0.387741, 0.387959, 0.439057, 0.598829, 0.58542, 0.888482, 0.910419, 0.911522, 1, 

47,320,0.001, 0.0110509, 0.0391854, 0.0928903, 0.075425, 0.14546, 0.153692, 0.211271, 0.22996, 0.248763, 0.635177, 0.648952, 0.726148, 0.943837, 0.951523, 1, 

43,436,0.001, 0.0110509, 0.0391854, 0.0663368, 0.100799, 0.164494, 0.217953, 0.932469, 0.993654, 1, 

42,449,0.001, 0.035436, 0.037516, 0.040253, 0.075425, 0.157387, 0.164494, 0.230267, 0.195536, 0.981794, 1, 

44,325,0.001, 0.00563984, 0.0218816, 0.0456565, 0.0663368, 0.100799, 0.16336, 0.164494, 0.217953, 0.22996, 1, 

Generation #14
56,295,0.001, 0.00563984, 0.0472926, 0.0698625, 0.0751163, 0.100799, 0.207509, 0.233497, 0.34024, 0.262227, 0.262612, 0.288228, 0.29071, 0.387741, 0.387959, 0.439057, 0.598829, 0.58542, 0.888482, 0.910419, 0.911522, 1, 

42,449,0.001, 0.035436, 0.037516, 0.040253, 0.075425, 0.157387, 0.164494, 0.230267, 0.195536, 0.981794, 1, 

44,304,0.001, 0.00563984, 0.037516, 0.040253, 0.075425, 0.14546, 0.153692, 0.211271, 0.301448, 0.95616, 1, 

43,392,0.001, 0.00563984, 0.0218816, 0.0456565, 0.126535, 0.171676, 0.223503, 0.360442, 0.22996, 1, 

Generation #15
42,449,0.001, 0.035436, 0.037516, 0.040253, 0.075425, 0.157387, 0.164494, 0.230267, 0.195536, 0.981794, 1, 

44,304,0.001, 0.00563984, 0.037516, 0.040253, 0.075425, 0.14546, 0.153692, 0.211271, 0.301448, 0.95616, 1, 

46,297,0.001, 0.00563984, 0.0218816, 0.0456565, 0.0751163, 0.100799, 0.207509, 0.233497, 0.274555, 0.301448, 0.95616, 0.981794, 1, 

43,332,0.001, 0.00563984, 0.037516, 0.040253, 0.075425, 0.14546, 0.153692, 0.211271, 0.22996, 1, 

52,295,0.001, 0.00729219, 0.0261442, 0.0262016, 0.0663368, 0.100799, 0.164494, 0.211271, 0.22996, 0.635177, 0.648952, 0.726148, 0.560467, 0.596326, 0.623889, 0.668683, 0.687021, 0.786031, 0.860464, 0.966642, 1, 

Generation #16
44,304,0.001, 0.00563984, 0.037516, 0.040253, 0.075425, 0.14546, 0.153692, 0.211271, 0.301448, 0.95616, 1, 

46,297,0.001, 0.00563984, 0.0218816, 0.0456565, 0.0751163, 0.100799, 0.207509, 0.233497, 0.274555, 0.301448, 0.95616, 0.981794, 1, 

43,332,0.001, 0.00563984, 0.037516, 0.040253, 0.075425, 0.14546, 0.153692, 0.211271, 0.22996, 1, 

52,295,0.001, 0.00729219, 0.0261442, 0.0262016, 0.0663368, 0.100799, 0.164494, 0.211271, 0.22996, 0.635177, 0.648952, 0.726148, 0.560467, 0.596326, 0.623889, 0.668683, 0.687021, 0.786031, 0.860464, 0.966642, 1, 

42,383,0.001, 0.0110509, 0.0391854, 0.0928903, 0.075425, 0.14546, 0.153692, 0.211271, 0.22996, 1, 

Generation #17
44,304,0.001, 0.00563984, 0.037516, 0.040253, 0.075425, 0.14546, 0.153692, 0.211271, 0.301448, 0.95616, 1, 

46,297,0.001, 0.00563984, 0.0218816, 0.0456565, 0.0751163, 0.100799, 0.207509, 0.233497, 0.274555, 0.301448, 0.95616, 0.981794, 1, 

43,332,0.001, 0.00563984, 0.037516, 0.040253, 0.075425, 0.14546, 0.153692, 0.211271, 0.22996, 1, 

52,295,0.001, 0.00729219, 0.0261442, 0.0262016, 0.0663368, 0.100799, 0.164494, 0.211271, 0.22996, 0.635177, 0.648952, 0.726148, 0.560467, 0.596326, 0.623889, 0.668683, 0.687021, 0.786031, 0.860464, 0.966642, 1, 

42,383,0.001, 0.0110509, 0.0391854, 0.0928903, 0.075425, 0.14546, 0.153692, 0.211271, 0.22996, 1, 

Generation #18
44,304,0.001, 0.00563984, 0.037516, 0.040253, 0.075425, 0.14546, 0.153692, 0.211271, 0.301448, 0.95616, 1, 

43,332,0.001, 0.00563984, 0.037516, 0.040253, 0.075425, 0.14546, 0.153692, 0.211271, 0.22996, 1, 

42,383,0.001, 0.0110509, 0.0391854, 0.0928903, 0.075425, 0.14546, 0.153692, 0.211271, 0.22996, 1, 

46,282,0.001, 0.00563984, 0.037516, 0.040253, 0.075425, 0.14546, 0.153692, 0.230267, 0.211271, 0.22996, 0.981794, 1, 

Generation #19
44,304,0.001, 0.00563984, 0.037516, 0.040253, 0.075425, 0.14546, 0.153692, 0.211271, 0.301448, 0.95616, 1, 

43,332,0.001, 0.00563984, 0.037516, 0.040253, 0.075425, 0.14546, 0.153692, 0.211271, 0.22996, 1, 

42,383,0.001, 0.0110509, 0.0391854, 0.0928903, 0.075425, 0.14546, 0.153692, 0.211271, 0.22996, 1, 

46,282,0.001, 0.00563984, 0.037516, 0.040253, 0.075425, 0.14546, 0.153692, 0.230267, 0.211271, 0.22996, 0.981794, 1, 

Generation #20
44,304,0.001, 0.00563984, 0.037516, 0.040253, 0.075425, 0.14546, 0.153692, 0.211271, 0.301448, 0.95616, 1, 

43,332,0.001, 0.00563984, 0.037516, 0.040253, 0.075425, 0.14546, 0.153692, 0.211271, 0.22996, 1, 

46,282,0.001, 0.00563984, 0.037516, 0.040253, 0.075425, 0.14546, 0.153692, 0.230267, 0.211271, 0.22996, 0.981794, 1, 

49,276,0.001, 0.00563984, 0.0218816, 0.0456565, 0.075425, 0.164494, 0.230267, 0.195536, 0.230267, 0.195536, 0.475426, 0.511489, 0.606937, 0.610299, 0.952596, 1, 

42,340,0.001, 0.00563984, 0.037516, 0.040253, 0.0663368, 0.100799, 0.153692, 0.211271, 0.22996, 1, 

Generation #21
44,304,0.001, 0.00563984, 0.037516, 0.040253, 0.075425, 0.14546, 0.153692, 0.211271, 0.301448, 0.95616, 1, 

43,332,0.001, 0.00563984, 0.037516, 0.040253, 0.075425, 0.14546, 0.153692, 0.211271, 0.22996, 1, 

46,282,0.001, 0.00563984, 0.037516, 0.040253, 0.075425, 0.14546, 0.153692, 0.230267, 0.211271, 0.22996, 0.981794, 1, 

49,276,0.001, 0.00563984, 0.0218816, 0.0456565, 0.075425, 0.164494, 0.230267, 0.195536, 0.230267, 0.195536, 0.475426, 0.511489, 0.606937, 0.610299, 0.952596, 1, 

42,340,0.001, 0.00563984, 0.037516, 0.040253, 0.0663368, 0.100799, 0.153692, 0.211271, 0.22996, 1, 

Generation #22
44,304,0.001, 0.00563984, 0.037516, 0.040253, 0.075425, 0.14546, 0.153692, 0.211271, 0.301448, 0.95616, 1, 

46,282,0.001, 0.00563984, 0.037516, 0.040253, 0.075425, 0.14546, 0.153692, 0.230267, 0.211271, 0.22996, 0.981794, 1, 

49,276,0.001, 0.00563984, 0.0218816, 0.0456565, 0.075425, 0.164494, 0.230267, 0.195536, 0.230267, 0.195536, 0.475426, 0.511489, 0.606937, 0.610299, 0.952596, 1, 

41,311,0.001, 0.00563984, 0.0218816, 0.0456565, 0.0663368, 0.100799, 0.16336, 0.164494, 0.217953, 0.22996, 1, 

Generation #23
46,282,0.001, 0.00563984, 0.037516, 0.040253, 0.075425, 0.14546, 0.153692, 0.230267, 0.211271, 0.22996, 0.981794, 1, 

49,276,0.001, 0.00563984, 0.0218816, 0.0456565, 0.075425, 0.164494, 0.230267, 0.195536, 0.230267, 0.195536, 0.475426, 0.511489, 0.606937, 0.610299, 0.952596, 1, 

41,311,0.001, 0.00563984, 0.0218816, 0.0456565, 0.0663368, 0.100799, 0.16336, 0.164494, 0.217953, 0.22996, 1, 

42,297,0.001, 0.00563984, 0.037516, 0.0456565, 0.0663368, 0.100799, 0.121373, 0.16336, 0.164494, 0.217953, 0.22996, 1, 

Generation #24
46,282,0.001, 0.00563984, 0.037516, 0.040253, 0.075425, 0.14546, 0.153692, 0.230267, 0.211271, 0.22996, 0.981794, 1, 

49,276,0.001, 0.00563984, 0.0218816, 0.0456565, 0.075425, 0.164494, 0.230267, 0.195536, 0.230267, 0.195536, 0.475426, 0.511489, 0.606937, 0.610299, 0.952596, 1, 

41,311,0.001, 0.00563984, 0.0218816, 0.0456565, 0.0663368, 0.100799, 0.16336, 0.164494, 0.217953, 0.22996, 1, 

42,297,0.001, 0.00563984, 0.037516, 0.0456565, 0.0663368, 0.100799, 0.121373, 0.16336, 0.164494, 0.217953, 0.22996, 1, 

Generation #25
49,276,0.001, 0.00563984, 0.0218816, 0.0456565, 0.075425, 0.164494, 0.230267, 0.195536, 0.230267, 0.195536, 0.475426, 0.511489, 0.606937, 0.610299, 0.952596, 1, 

41,311,0.001, 0.00563984, 0.0218816, 0.0456565, 0.0663368, 0.100799, 0.16336, 0.164494, 0.217953, 0.22996, 1, 

42,297,0.001, 0.00563984, 0.037516, 0.0456565, 0.0663368, 0.100799, 0.121373, 0.16336, 0.164494, 0.217953, 0.22996, 1, 

46,277,0.001, 0.00563984, 0.0218816, 0.0262016, 0.0663368, 0.100799, 0.164494, 0.230267, 0.217953, 0.22996, 1, 

Generation #26
49,276,0.001, 0.00563984, 0.0218816, 0.0456565, 0.075425, 0.164494, 0.230267, 0.195536, 0.230267, 0.195536, 0.475426, 0.511489, 0.606937, 0.610299, 0.952596, 1, 

41,311,0.001, 0.00563984, 0.0218816, 0.0456565, 0.0663368, 0.100799, 0.16336, 0.164494, 0.217953, 0.22996, 1, 

42,297,0.001, 0.00563984, 0.037516, 0.0456565, 0.0663368, 0.100799, 0.121373, 0.16336, 0.164494, 0.217953, 0.22996, 1, 

46,277,0.001, 0.00563984, 0.0218816, 0.0262016, 0.0663368, 0.100799, 0.164494, 0.230267, 0.217953, 0.22996, 1, 

Generation #27
49,276,0.001, 0.00563984, 0.0218816, 0.0456565, 0.075425, 0.164494, 0.230267, 0.195536, 0.230267, 0.195536, 0.475426, 0.511489, 0.606937, 0.610299, 0.952596, 1, 

41,311,0.001, 0.00563984, 0.0218816, 0.0456565, 0.0663368, 0.100799, 0.16336, 0.164494, 0.217953, 0.22996, 1, 

42,297,0.001, 0.00563984, 0.037516, 0.0456565, 0.0663368, 0.100799, 0.121373, 0.16336, 0.164494, 0.217953, 0.22996, 1, 

46,277,0.001, 0.00563984, 0.0218816, 0.0262016, 0.0663368, 0.100799, 0.164494, 0.230267, 0.217953, 0.22996, 1, 

Generation #28
49,276,0.001, 0.00563984, 0.0218816, 0.0456565, 0.075425, 0.164494, 0.230267, 0.195536, 0.230267, 0.195536, 0.475426, 0.511489, 0.606937, 0.610299, 0.952596, 1, 

41,311,0.001, 0.00563984, 0.0218816, 0.0456565, 0.0663368, 0.100799, 0.16336, 0.164494, 0.217953, 0.22996, 1, 

42,297,0.001, 0.00563984, 0.037516, 0.0456565, 0.0663368, 0.100799, 0.121373, 0.16336, 0.164494, 0.217953, 0.22996, 1, 

46,277,0.001, 0.00563984, 0.0218816, 0.0262016, 0.0663368, 0.100799, 0.164494, 0.230267, 0.217953, 0.22996, 1, 

Generation #29
49,276,0.001, 0.00563984, 0.0218816, 0.0456565, 0.075425, 0.164494, 0.230267, 0.195536, 0.230267, 0.195536, 0.475426, 0.511489, 0.606937, 0.610299, 0.952596, 1, 

41,311,0.001, 0.00563984, 0.0218816, 0.0456565, 0.0663368, 0.100799, 0.16336, 0.164494, 0.217953, 0.22996, 1, 

42,297,0.001, 0.00563984, 0.037516, 0.0456565, 0.0663368, 0.100799, 0.121373, 0.16336, 0.164494, 0.217953, 0.22996, 1, 

46,277,0.001, 0.00563984, 0.0218816, 0.0262016, 0.0663368, 0.100799, 0.164494, 0.230267, 0.217953, 0.22996, 1, 

43,296,0.001, 0.00563984, 0.0218816, 0.0456565, 0.0663368, 0.100799, 0.16336, 0.164494, 0.274555, 0.301448, 1, 

Generation #30
49,276,0.001, 0.00563984, 0.0218816, 0.0456565, 0.075425, 0.164494, 0.230267, 0.195536, 0.230267, 0.195536, 0.475426, 0.511489, 0.606937, 0.610299, 0.952596, 1, 

41,311,0.001, 0.00563984, 0.0218816, 0.0456565, 0.0663368, 0.100799, 0.16336, 0.164494, 0.217953, 0.22996, 1, 

42,297,0.001, 0.00563984, 0.037516, 0.0456565, 0.0663368, 0.100799, 0.121373, 0.16336, 0.164494, 0.217953, 0.22996, 1, 

43,296,0.001, 0.00563984, 0.0218816, 0.0456565, 0.0663368, 0.100799, 0.16336, 0.164494, 0.274555, 0.301448, 1, 

44,277,0.001, 0.00563984, 0.0218816, 0.0456565, 0.0663368, 0.100799, 0.16336, 0.164494, 0.274555, 0.301448, 0.95616, 0.574329, 1, 

Generation #31
49,276,0.001, 0.00563984, 0.0218816, 0.0456565, 0.075425, 0.164494, 0.230267, 0.195536, 0.230267, 0.195536, 0.475426, 0.511489, 0.606937, 0.610299, 0.952596, 1, 

41,311,0.001, 0.00563984, 0.0218816, 0.0456565, 0.0663368, 0.100799, 0.16336, 0.164494, 0.217953, 0.22996, 1, 

42,297,0.001, 0.00563984, 0.037516, 0.0456565, 0.0663368, 0.100799, 0.121373, 0.16336, 0.164494, 0.217953, 0.22996, 1, 

43,296,0.001, 0.00563984, 0.0218816, 0.0456565, 0.0663368, 0.100799, 0.16336, 0.164494, 0.274555, 0.301448, 1, 

44,277,0.001, 0.00563984, 0.0218816, 0.0456565, 0.0663368, 0.100799, 0.16336, 0.164494, 0.274555, 0.301448, 0.95616, 0.574329, 1, 

Generation #32
49,276,0.001, 0.00563984, 0.0218816, 0.0456565, 0.075425, 0.164494, 0.230267, 0.195536, 0.230267, 0.195536, 0.475426, 0.511489, 0.606937, 0.610299, 0.952596, 1, 

41,311,0.001, 0.00563984, 0.0218816, 0.0456565, 0.0663368, 0.100799, 0.16336, 0.164494, 0.217953, 0.22996, 1, 

42,297,0.001, 0.00563984, 0.037516, 0.0456565, 0.0663368, 0.100799, 0.121373, 0.16336, 0.164494, 0.217953, 0.22996, 1, 

43,296,0.001, 0.00563984, 0.0218816, 0.0456565, 0.0663368, 0.100799, 0.16336, 0.164494, 0.274555, 0.301448, 1, 

44,277,0.001, 0.00563984, 0.0218816, 0.0456565, 0.0663368, 0.100799, 0.16336, 0.164494, 0.274555, 0.301448, 0.95616, 0.574329, 1, 

40,351,0.001, 0.00563984, 0.0218816, 0.0456565, 0.0663368, 0.100799, 0.164494, 0.164494, 0.217953, 0.22996, 1, 

Generation #33
49,276,0.001, 0.00563984, 0.0218816, 0.0456565, 0.075425, 0.164494, 0.230267, 0.195536, 0.230267, 0.195536, 0.475426, 0.511489, 0.606937, 0.610299, 0.952596, 1, 

41,311,0.001, 0.00563984, 0.0218816, 0.0456565, 0.0663368, 0.100799, 0.16336, 0.164494, 0.217953, 0.22996, 1, 

42,297,0.001, 0.00563984, 0.037516, 0.0456565, 0.0663368, 0.100799, 0.121373, 0.16336, 0.164494, 0.217953, 0.22996, 1, 

43,296,0.001, 0.00563984, 0.0218816, 0.0456565, 0.0663368, 0.100799, 0.16336, 0.164494, 0.274555, 0.301448, 1, 

44,277,0.001, 0.00563984, 0.0218816, 0.0456565, 0.0663368, 0.100799, 0.16336, 0.164494, 0.274555, 0.301448, 0.95616, 0.574329, 1, 

40,351,0.001, 0.00563984, 0.0218816, 0.0456565, 0.0663368, 0.100799, 0.164494, 0.164494, 0.217953, 0.22996, 1, 

Generation #34
41,311,0.001, 0.00563984, 0.0218816, 0.0456565, 0.0663368, 0.100799, 0.16336, 0.164494, 0.217953, 0.22996, 1, 

42,297,0.001, 0.00563984, 0.037516, 0.0456565, 0.0663368, 0.100799, 0.121373, 0.16336, 0.164494, 0.217953, 0.22996, 1, 

43,296,0.001, 0.00563984, 0.0218816, 0.0456565, 0.0663368, 0.100799, 0.16336, 0.164494, 0.274555, 0.301448, 1, 

44,277,0.001, 0.00563984, 0.0218816, 0.0456565, 0.0663368, 0.100799, 0.16336, 0.164494, 0.274555, 0.301448, 0.95616, 0.574329, 1, 

40,351,0.001, 0.00563984, 0.0218816, 0.0456565, 0.0663368, 0.100799, 0.164494, 0.164494, 0.217953, 0.22996, 1, 

48,272,0.001, 0.00563984, 0.0218816, 0.0456565, 0.0663368, 0.100799, 0.16336, 0.164494, 0.217953, 0.22996, 0.981794, 1, 

47,273,0.001, 0.00563984, 0.037516, 0.0262016, 0.0663368, 0.100799, 0.16336, 0.164494, 0.327198, 0.22996, 0.981794, 1, 

Generation #35
41,311,0.001, 0.00563984, 0.0218816, 0.0456565, 0.0663368, 0.100799, 0.16336, 0.164494, 0.217953, 0.22996, 1, 

42,297,0.001, 0.00563984, 0.037516, 0.0456565, 0.0663368, 0.100799, 0.121373, 0.16336, 0.164494, 0.217953, 0.22996, 1, 

40,351,0.001, 0.00563984, 0.0218816, 0.0456565, 0.0663368, 0.100799, 0.164494, 0.164494, 0.217953, 0.22996, 1, 

44,271,0.001, 0.00563984, 0.0218816, 0.0456565, 0.0663368, 0.100799, 0.16336, 0.195536, 0.230267, 0.22996, 1, 

43,289,0.001, 0.00563984, 0.0218816, 0.0456565, 0.0663368, 0.100799, 0.16336, 0.164494, 0.274555, 0.301448, 1, 

45,262,0.001, 0.00563984, 0.037516, 0.0456565, 0.0663368, 0.100799, 0.16336, 0.164494, 0.217953, 0.22996, 1, 

Generation #36
41,311,0.001, 0.00563984, 0.0218816, 0.0456565, 0.0663368, 0.100799, 0.16336, 0.164494, 0.217953, 0.22996, 1, 

40,351,0.001, 0.00563984, 0.0218816, 0.0456565, 0.0663368, 0.100799, 0.164494, 0.164494, 0.217953, 0.22996, 1, 

44,271,0.001, 0.00563984, 0.0218816, 0.0456565, 0.0663368, 0.100799, 0.16336, 0.195536, 0.230267, 0.22996, 1, 

45,262,0.001, 0.00563984, 0.037516, 0.0456565, 0.0663368, 0.100799, 0.16336, 0.164494, 0.217953, 0.22996, 1, 

52,260,0.001, 0.00563984, 0.0218816, 0.0456565, 0.0663368, 0.100799, 0.16336, 0.195536, 0.230267, 0.195536, 0.475426, 0.511489, 0.606937, 0.610299, 0.952596, 1, 

42,286,0.001, 0.00563984, 0.0218816, 0.040253, 0.0663368, 0.100799, 0.153692, 0.211271, 0.22996, 1, 

Generation #37
41,311,0.001, 0.00563984, 0.0218816, 0.0456565, 0.0663368, 0.100799, 0.16336, 0.164494, 0.217953, 0.22996, 1, 

40,351,0.001, 0.00563984, 0.0218816, 0.0456565, 0.0663368, 0.100799, 0.164494, 0.164494, 0.217953, 0.22996, 1, 

44,271,0.001, 0.00563984, 0.0218816, 0.0456565, 0.0663368, 0.100799, 0.16336, 0.195536, 0.230267, 0.22996, 1, 

45,262,0.001, 0.00563984, 0.037516, 0.0456565, 0.0663368, 0.100799, 0.16336, 0.164494, 0.217953, 0.22996, 1, 

52,260,0.001, 0.00563984, 0.0218816, 0.0456565, 0.0663368, 0.100799, 0.16336, 0.195536, 0.230267, 0.195536, 0.475426, 0.511489, 0.606937, 0.610299, 0.952596, 1, 

42,286,0.001, 0.00563984, 0.0218816, 0.040253, 0.0663368, 0.100799, 0.153692, 0.211271, 0.22996, 1, 

Generation #38
41,311,0.001, 0.00563984, 0.0218816, 0.0456565, 0.0663368, 0.100799, 0.16336, 0.164494, 0.217953, 0.22996, 1, 

40,351,0.001, 0.00563984, 0.0218816, 0.0456565, 0.0663368, 0.100799, 0.164494, 0.164494, 0.217953, 0.22996, 1, 

44,271,0.001, 0.00563984, 0.0218816, 0.0456565, 0.0663368, 0.100799, 0.16336, 0.195536, 0.230267, 0.22996, 1, 

45,262,0.001, 0.00563984, 0.037516, 0.0456565, 0.0663368, 0.100799, 0.16336, 0.164494, 0.217953, 0.22996, 1, 

52,260,0.001, 0.00563984, 0.0218816, 0.0456565, 0.0663368, 0.100799, 0.16336, 0.195536, 0.230267, 0.195536, 0.475426, 0.511489, 0.606937, 0.610299, 0.952596, 1, 

42,286,0.001, 0.00563984, 0.0218816, 0.040253, 0.0663368, 0.100799, 0.153692, 0.211271, 0.22996, 1, 

Generation #39
41,311,0.001, 0.00563984, 0.0218816, 0.0456565, 0.0663368, 0.100799, 0.16336, 0.164494, 0.217953, 0.22996, 1, 

40,351,0.001, 0.00563984, 0.0218816, 0.0456565, 0.0663368, 0.100799, 0.164494, 0.164494, 0.217953, 0.22996, 1, 

42,286,0.001, 0.00563984, 0.0218816, 0.040253, 0.0663368, 0.100799, 0.153692, 0.211271, 0.22996, 1, 

43,255,0.001, 0.00563984, 0.0218816, 0.0456565, 0.0663368, 0.100799, 0.0914514, 0.217953, 0.195536, 0.981794, 1, 

Generation #40
41,311,0.001, 0.00563984, 0.0218816, 0.0456565, 0.0663368, 0.100799, 0.16336, 0.164494, 0.217953, 0.22996, 1, 

40,351,0.001, 0.00563984, 0.0218816, 0.0456565, 0.0663368, 0.100799, 0.164494, 0.164494, 0.217953, 0.22996, 1, 

42,286,0.001, 0.00563984, 0.0218816, 0.040253, 0.0663368, 0.100799, 0.153692, 0.211271, 0.22996, 1, 

43,255,0.001, 0.00563984, 0.0218816, 0.0456565, 0.0663368, 0.100799, 0.0914514, 0.217953, 0.195536, 0.981794, 1, 

Generation #41
41,311,0.001, 0.00563984, 0.0218816, 0.0456565, 0.0663368, 0.100799, 0.16336, 0.164494, 0.217953, 0.22996, 1, 

40,351,0.001, 0.00563984, 0.0218816, 0.0456565, 0.0663368, 0.100799, 0.164494, 0.164494, 0.217953, 0.22996, 1, 

42,286,0.001, 0.00563984, 0.0218816, 0.040253, 0.0663368, 0.100799, 0.153692, 0.211271, 0.22996, 1, 

43,255,0.001, 0.00563984, 0.0218816, 0.0456565, 0.0663368, 0.100799, 0.0914514, 0.217953, 0.195536, 0.981794, 1, 

Generation #42
41,311,0.001, 0.00563984, 0.0218816, 0.0456565, 0.0663368, 0.100799, 0.16336, 0.164494, 0.217953, 0.22996, 1, 

40,351,0.001, 0.00563984, 0.0218816, 0.0456565, 0.0663368, 0.100799, 0.164494, 0.164494, 0.217953, 0.22996, 1, 

43,255,0.001, 0.00563984, 0.0218816, 0.0456565, 0.0663368, 0.100799, 0.0914514, 0.217953, 0.195536, 0.981794, 1, 

42,285,0.001, 0.00563984, 0.0218816, 0.0456565, 0.0751163, 0.14546, 0.153692, 0.230267, 0.195536, 0.981794, 1, 

Generation #43
41,311,0.001, 0.00563984, 0.0218816, 0.0456565, 0.0663368, 0.100799, 0.16336, 0.164494, 0.217953, 0.22996, 1, 

40,351,0.001, 0.00563984, 0.0218816, 0.0456565, 0.0663368, 0.100799, 0.164494, 0.164494, 0.217953, 0.22996, 1, 

43,255,0.001, 0.00563984, 0.0218816, 0.0456565, 0.0663368, 0.100799, 0.0914514, 0.217953, 0.195536, 0.981794, 1, 

42,285,0.001, 0.00563984, 0.0218816, 0.0456565, 0.0751163, 0.14546, 0.153692, 0.230267, 0.195536, 0.981794, 1, 

Generation #44
41,311,0.001, 0.00563984, 0.0218816, 0.0456565, 0.0663368, 0.100799, 0.16336, 0.164494, 0.217953, 0.22996, 1, 

40,351,0.001, 0.00563984, 0.0218816, 0.0456565, 0.0663368, 0.100799, 0.164494, 0.164494, 0.217953, 0.22996, 1, 

43,255,0.001, 0.00563984, 0.0218816, 0.0456565, 0.0663368, 0.100799, 0.0914514, 0.217953, 0.195536, 0.981794, 1, 

42,285,0.001, 0.00563984, 0.0218816, 0.0456565, 0.0751163, 0.14546, 0.153692, 0.230267, 0.195536, 0.981794, 1, 

Generation #45
41,311,0.001, 0.00563984, 0.0218816, 0.0456565, 0.0663368, 0.100799, 0.16336, 0.164494, 0.217953, 0.22996, 1, 

40,351,0.001, 0.00563984, 0.0218816, 0.0456565, 0.0663368, 0.100799, 0.164494, 0.164494, 0.217953, 0.22996, 1, 

43,255,0.001, 0.00563984, 0.0218816, 0.0456565, 0.0663368, 0.100799, 0.0914514, 0.217953, 0.195536, 0.981794, 1, 

42,285,0.001, 0.00563984, 0.0218816, 0.0456565, 0.0751163, 0.14546, 0.153692, 0.230267, 0.195536, 0.981794, 1, 

Generation #46
41,311,0.001, 0.00563984, 0.0218816, 0.0456565, 0.0663368, 0.100799, 0.16336, 0.164494, 0.217953, 0.22996, 1, 

40,351,0.001, 0.00563984, 0.0218816, 0.0456565, 0.0663368, 0.100799, 0.164494, 0.164494, 0.217953, 0.22996, 1, 

43,255,0.001, 0.00563984, 0.0218816, 0.0456565, 0.0663368, 0.100799, 0.0914514, 0.217953, 0.195536, 0.981794, 1, 

42,285,0.001, 0.00563984, 0.0218816, 0.0456565, 0.0751163, 0.14546, 0.153692, 0.230267, 0.195536, 0.981794, 1, 

Generation #47
41,311,0.001, 0.00563984, 0.0218816, 0.0456565, 0.0663368, 0.100799, 0.16336, 0.164494, 0.217953, 0.22996, 1, 

40,351,0.001, 0.00563984, 0.0218816, 0.0456565, 0.0663368, 0.100799, 0.164494, 0.164494, 0.217953, 0.22996, 1, 

43,255,0.001, 0.00563984, 0.0218816, 0.0456565, 0.0663368, 0.100799, 0.0914514, 0.217953, 0.195536, 0.981794, 1, 

42,285,0.001, 0.00563984, 0.0218816, 0.0456565, 0.0751163, 0.14546, 0.153692, 0.230267, 0.195536, 0.981794, 1, 

Generation #48
43,255,0.001, 0.00563984, 0.0218816, 0.0456565, 0.0663368, 0.100799, 0.0914514, 0.217953, 0.195536, 0.981794, 1, 

42,285,0.001, 0.00563984, 0.0218816, 0.0456565, 0.0751163, 0.14546, 0.153692, 0.230267, 0.195536, 0.981794, 1, 

40,306,0.001, 0.00563984, 0.037516, 0.0456565, 0.0663368, 0.100799, 0.16336, 0.164494, 0.217953, 1, 

Generation #49
43,255,0.001, 0.00563984, 0.0218816, 0.0456565, 0.0663368, 0.100799, 0.0914514, 0.217953, 0.195536, 0.981794, 1, 

42,285,0.001, 0.00563984, 0.0218816, 0.0456565, 0.0751163, 0.14546, 0.153692, 0.230267, 0.195536, 0.981794, 1, 

40,306,0.001, 0.00563984, 0.037516, 0.0456565, 0.0663368, 0.100799, 0.16336, 0.164494, 0.217953, 1, 

--- Pareto Front Solutions ---
Solution 0: N total=73 (N_initial=30, N_added=43), Time total=260 ms, Saved to: ./results/Make_t2_l1_pareto_0.csv, percents=0.001, 0.00563984, 0.0218816, 0.0456565, 0.0663368, 0.100799, 0.0914514, 0.217953, 0.195536, 0.981794, 1, 

Solution 1: N total=72 (N_initial=30, N_added=42), Time total=290 ms, Saved to: ./results/Make_t2_l1_pareto_1.csv, percents=0.001, 0.00563984, 0.0218816, 0.0456565, 0.0751163, 0.14546, 0.153692, 0.230267, 0.195536, 0.981794, 1, 

Solution 2: N total=70 (N_initial=30, N_added=40), Time total=311 ms, Saved to: ./results/Make_t2_l1_pareto_2.csv, percents=0.001, 0.00563984, 0.037516, 0.0456565, 0.0663368, 0.100799, 0.16336, 0.164494, 0.217953, 1, 

------------d=1, t=2, lambda=2, filename=./evaluation/Make/Make_2_2.csv------------
Grouping d-sets by partitioned row counts for detecting arrays...
Ready to look at pairs for detecting arrays...
First Stage N=60, Time=4
There are 656 remaining non-locating pairs
--- Running GA Algorithm (phase2) ---
Running GA with std::execution::par
Generation #0
40,212,0.001, 0.0552025, 0.0764591, 0.109324, 0.267082, 0.30042, 0.304743, 0.313257, 0.377251, 0.53146, 0.577488, 0.591114, 0.624789, 0.919678, 0.949354, 0.98975, 1, 

51,136,0.001, 0.0268775, 0.038095, 0.068154, 0.0735111, 0.0820137, 0.106063, 0.177268, 0.238374, 0.244062, 0.271455, 0.273521, 0.28032, 0.291074, 0.294009, 0.303641, 0.421926, 0.65575, 0.657404, 0.674922, 0.739969, 0.793823, 0.808413, 0.849061, 0.893751, 0.909934, 0.951702, 0.956144, 1, 

48,173,0.001, 0.0558662, 0.0803374, 0.0828731, 0.0990128, 0.212071, 0.229028, 0.280279, 0.295314, 0.427575, 0.442996, 0.488396, 0.516224, 0.54202, 0.662986, 0.687179, 0.765554, 0.774091, 0.847746, 0.899264, 0.900821, 1, 

41,189,0.001, 0.03232, 0.0515151, 0.0630396, 0.0697614, 0.0861824, 0.115852, 0.253253, 0.293126, 0.60093, 0.6606, 0.666683, 0.708898, 0.725841, 0.909752, 0.915344, 0.950233, 1, 

37,261,0.001, 0.0674265, 0.226462, 0.271659, 0.294081, 0.324784, 0.39253, 0.430464, 0.440539, 0.450754, 0.452167, 0.515278, 0.66896, 1, 

Generation #1
51,136,0.001, 0.0268775, 0.038095, 0.068154, 0.0735111, 0.0820137, 0.106063, 0.177268, 0.238374, 0.244062, 0.271455, 0.273521, 0.28032, 0.291074, 0.294009, 0.303641, 0.421926, 0.65575, 0.657404, 0.674922, 0.739969, 0.793823, 0.808413, 0.849061, 0.893751, 0.909934, 0.951702, 0.956144, 1, 

48,173,0.001, 0.0558662, 0.0803374, 0.0828731, 0.0990128, 0.212071, 0.229028, 0.280279, 0.295314, 0.427575, 0.442996, 0.488396, 0.516224, 0.54202, 0.662986, 0.687179, 0.765554, 0.774091, 0.847746, 0.899264, 0.900821, 1, 

44,174,0.001, 0.0646234, 0.0774384, 0.0996379, 0.103829, 0.177789, 0.228751, 0.288245, 0.366932, 0.376304, 0.383344, 0.420578, 0.733711, 0.917734, 0.971949, 1, 

36,198,0.001, 0.0123621, 0.035148, 0.0382234, 0.101063, 0.318706, 0.328177, 0.365177, 0.516205, 0.520719, 0.559107, 0.729364, 1, 

41,178,0.001, 0.0149521, 0.112387, 0.124814, 0.158594, 0.199186, 0.254805, 0.280003, 0.289719, 0.292959, 0.951703, 0.96802, 1, 

50,161,0.001, 0.0193949, 0.0548093, 0.0637759, 0.173167, 0.189477, 0.20294, 0.399727, 0.596762, 0.650638, 0.684284, 0.718723, 0.0913924, 0.774808, 0.865112, 0.887533, 0.892644, 0.896777, 0.915435, 0.964185, 1, 

Generation #2
51,136,0.001, 0.0268775, 0.038095, 0.068154, 0.0735111, 0.0820137, 0.106063, 0.177268, 0.238374, 0.244062, 0.271455, 0.273521, 0.28032, 0.291074, 0.294009, 0.303641, 0.421926, 0.65575, 0.657404, 0.674922, 0.739969, 0.793823, 0.808413, 0.849061, 0.893751, 0.909934, 0.951702, 0.956144, 1, 

35,170,0.001, 0.0416407, 0.0962506, 0.0978454, 0.123546, 0.146139, 0.555726, 0.77265, 0.954127, 1, 

43,156,0.001, 0.0700911, 0.122193, 0.158752, 0.204947, 0.246255, 0.115852, 0.253253, 0.293126, 0.60093, 0.6606, 0.666683, 0.708898, 0.725841, 0.909752, 0.915344, 0.950233, 1, 

Generation #3
51,136,0.001, 0.0268775, 0.038095, 0.068154, 0.0735111, 0.0820137, 0.106063, 0.177268, 0.238374, 0.244062, 0.271455, 0.273521, 0.28032, 0.291074, 0.294009, 0.303641, 0.421926, 0.65575, 0.657404, 0.674922, 0.739969, 0.793823, 0.808413, 0.849061, 0.893751, 0.909934, 0.951702, 0.956144, 1, 

35,170,0.001, 0.0416407, 0.0962506, 0.0978454, 0.123546, 0.146139, 0.555726, 0.77265, 0.954127, 1, 

37,160,0.001, 0.0558662, 0.0803374, 0.0828731, 0.0990128, 0.229028, 0.280279, 0.295314, 0.427575, 0.908301, 0.943674, 0.963547, 1, 

42,151,0.001, 0.0423067, 0.122193, 0.158752, 0.204947, 0.246255, 0.248218, 0.600297, 0.707025, 0.427575, 0.915222, 0.653545, 0.951703, 0.96802, 1, 

Generation #4
51,136,0.001, 0.0268775, 0.038095, 0.068154, 0.0735111, 0.0820137, 0.106063, 0.177268, 0.238374, 0.244062, 0.271455, 0.273521, 0.28032, 0.291074, 0.294009, 0.303641, 0.421926, 0.65575, 0.657404, 0.674922, 0.739969, 0.793823, 0.808413, 0.849061, 0.893751, 0.909934, 0.951702, 0.956144, 1, 

37,160,0.001, 0.0558662, 0.0803374, 0.0828731, 0.0990128, 0.229028, 0.280279, 0.295314, 0.427575, 0.908301, 0.943674, 0.963547, 1, 

38,141,0.001, 0.0123621, 0.035148, 0.0382234, 0.125194, 0.128909, 0.158827, 0.16865, 0.182038, 0.211049, 0.850103, 0.880061, 1, 

34,162,0.001, 0.0638705, 0.0945771, 0.105822, 0.158594, 0.199186, 0.254805, 0.280003, 0.427575, 0.915222, 1, 

32,188,0.001, 0.0423067, 0.122193, 0.158752, 0.204947, 0.229028, 0.280279, 0.295314, 0.427575, 0.915222, 1, 

Generation #5
32,188,0.001, 0.0423067, 0.122193, 0.158752, 0.204947, 0.229028, 0.280279, 0.295314, 0.427575, 0.915222, 1, 

34,128,0.001, 0.0123621, 0.035148, 0.0382234, 0.125194, 0.128909, 0.158827, 0.16865, 0.182038, 0.211049, 0.229766, 0.96802, 1, 

Generation #6
32,188,0.001, 0.0423067, 0.122193, 0.158752, 0.204947, 0.229028, 0.280279, 0.295314, 0.427575, 0.915222, 1, 

34,128,0.001, 0.0123621, 0.035148, 0.0382234, 0.125194, 0.128909, 0.158827, 0.16865, 0.182038, 0.211049, 0.229766, 0.96802, 1, 

Generation #7
32,188,0.001, 0.0423067, 0.122193, 0.158752, 0.204947, 0.229028, 0.280279, 0.295314, 0.427575, 0.915222, 1, 

34,128,0.001, 0.0123621, 0.035148, 0.0382234, 0.125194, 0.128909, 0.158827, 0.16865, 0.182038, 0.211049, 0.229766, 0.96802, 1, 

52,119,0.001, 0.0268775, 0.038095, 0.068154, 0.0735111, 0.0820137, 0.106063, 0.177268, 0.238374, 0.244062, 0.271455, 0.273521, 0.28032, 0.291074, 0.294009, 0.303641, 0.421926, 0.65575, 0.657404, 0.639043, 0.643891, 0.651928, 0.673374, 0.767905, 0.777206, 0.822299, 0.825173, 0.865125, 0.902926, 1, 

Generation #8
32,188,0.001, 0.0423067, 0.122193, 0.158752, 0.204947, 0.229028, 0.280279, 0.295314, 0.427575, 0.915222, 1, 

34,119,0.001, 0.0558662, 0.065702, 0.113606, 0.0990128, 0.212071, 0.229028, 0.280279, 0.295314, 0.211049, 0.83148, 0.96802, 1, 

Generation #9
32,188,0.001, 0.0423067, 0.122193, 0.158752, 0.204947, 0.229028, 0.280279, 0.295314, 0.427575, 0.915222, 1, 

34,119,0.001, 0.0558662, 0.065702, 0.113606, 0.0990128, 0.212071, 0.229028, 0.280279, 0.295314, 0.211049, 0.83148, 0.96802, 1, 

55,114,0.001, 0.03232, 0.0515151, 0.0382234, 0.125194, 0.128909, 0.158827, 0.16865, 0.182038, 0.211049, 0.229766, 0.96802, 0.27351, 0.324367, 0.345868, 0.364902, 0.430135, 0.592652, 0.136245, 0.639043, 0.643891, 0.651928, 0.673374, 0.767905, 0.777206, 0.822299, 0.825173, 0.865125, 0.902926, 1, 

Generation #10
32,188,0.001, 0.0423067, 0.122193, 0.158752, 0.204947, 0.229028, 0.280279, 0.295314, 0.427575, 0.915222, 1, 

34,119,0.001, 0.0558662, 0.065702, 0.113606, 0.0990128, 0.212071, 0.229028, 0.280279, 0.295314, 0.211049, 0.83148, 0.96802, 1, 

55,114,0.001, 0.03232, 0.0515151, 0.0382234, 0.125194, 0.128909, 0.158827, 0.16865, 0.182038, 0.211049, 0.229766, 0.96802, 0.27351, 0.324367, 0.345868, 0.364902, 0.430135, 0.592652, 0.136245, 0.639043, 0.643891, 0.651928, 0.673374, 0.767905, 0.777206, 0.822299, 0.825173, 0.865125, 0.902926, 1, 

Generation #11
32,188,0.001, 0.0423067, 0.122193, 0.158752, 0.204947, 0.229028, 0.280279, 0.295314, 0.427575, 0.915222, 1, 

34,119,0.001, 0.0558662, 0.065702, 0.113606, 0.0990128, 0.212071, 0.229028, 0.280279, 0.295314, 0.211049, 0.83148, 0.96802, 1, 

55,114,0.001, 0.03232, 0.0515151, 0.0382234, 0.125194, 0.128909, 0.158827, 0.16865, 0.182038, 0.211049, 0.229766, 0.96802, 0.27351, 0.324367, 0.345868, 0.364902, 0.430135, 0.592652, 0.136245, 0.639043, 0.643891, 0.651928, 0.673374, 0.767905, 0.777206, 0.822299, 0.825173, 0.865125, 0.902926, 1, 

51,118,0.001, 0.03232, 0.0515151, 0.0630396, 0.0697614, 0.0861824, 0.115852, 0.21757, 0.283823, 0.328865, 0.426037, 0.441899, 0.510445, 0.531703, 0.603223, 0.669417, 0.671583, 0.683361, 0.684286, 0.769471, 0.772956, 0.0263848, 0.805077, 0.895163, 0.926851, 0.933265, 0.984945, 0.990739, 0.902926, 1, 

Generation #12
32,188,0.001, 0.0423067, 0.122193, 0.158752, 0.204947, 0.229028, 0.280279, 0.295314, 0.427575, 0.915222, 1, 

34,119,0.001, 0.0558662, 0.065702, 0.113606, 0.0990128, 0.212071, 0.229028, 0.280279, 0.295314, 0.211049, 0.83148, 0.96802, 1, 

55,114,0.001, 0.03232, 0.0515151, 0.0382234, 0.125194, 0.128909, 0.158827, 0.16865, 0.182038, 0.211049, 0.229766, 0.96802, 0.27351, 0.324367, 0.345868, 0.364902, 0.430135, 0.592652, 0.136245, 0.639043, 0.643891, 0.651928, 0.673374, 0.767905, 0.777206, 0.822299, 0.825173, 0.865125, 0.902926, 1, 

51,118,0.001, 0.03232, 0.0515151, 0.0630396, 0.0697614, 0.0861824, 0.115852, 0.21757, 0.283823, 0.328865, 0.426037, 0.441899, 0.510445, 0.531703, 0.603223, 0.669417, 0.671583, 0.683361, 0.684286, 0.769471, 0.772956, 0.0263848, 0.805077, 0.895163, 0.926851, 0.933265, 0.984945, 0.990739, 0.902926, 1, 

56,113,0.001, 0.03232, 0.0515151, 0.0630396, 0.0697614, 0.0861824, 0.115852, 0.21757, 0.283823, 0.328865, 0.426037, 0.441899, 0.510445, 0.324367, 0.345868, 0.364902, 0.430135, 0.592652, 0.597972, 0.639043, 0.643891, 0.651928, 0.673374, 0.76057, 0.767905, 0.777206, 0.822299, 0.825173, 0.865125, 0.902926, 1, 

Generation #13
32,188,0.001, 0.0423067, 0.122193, 0.158752, 0.204947, 0.229028, 0.280279, 0.295314, 0.427575, 0.915222, 1, 

34,119,0.001, 0.0558662, 0.065702, 0.113606, 0.0990128, 0.212071, 0.229028, 0.280279, 0.295314, 0.211049, 0.83148, 0.96802, 1, 

55,114,0.001, 0.03232, 0.0515151, 0.0382234, 0.125194, 0.128909, 0.158827, 0.16865, 0.182038, 0.211049, 0.229766, 0.96802, 0.27351, 0.324367, 0.345868, 0.364902, 0.430135, 0.592652, 0.136245, 0.639043, 0.643891, 0.651928, 0.673374, 0.767905, 0.777206, 0.822299, 0.825173, 0.865125, 0.902926, 1, 

51,118,0.001, 0.03232, 0.0515151, 0.0630396, 0.0697614, 0.0861824, 0.115852, 0.21757, 0.283823, 0.328865, 0.426037, 0.441899, 0.510445, 0.531703, 0.603223, 0.669417, 0.671583, 0.683361, 0.684286, 0.769471, 0.772956, 0.0263848, 0.805077, 0.895163, 0.926851, 0.933265, 0.984945, 0.990739, 0.902926, 1, 

56,113,0.001, 0.03232, 0.0515151, 0.0630396, 0.0697614, 0.0861824, 0.115852, 0.21757, 0.283823, 0.328865, 0.426037, 0.441899, 0.510445, 0.324367, 0.345868, 0.364902, 0.430135, 0.592652, 0.597972, 0.639043, 0.643891, 0.651928, 0.673374, 0.76057, 0.767905, 0.777206, 0.822299, 0.825173, 0.865125, 0.902926, 1, 

Generation #14
32,188,0.001, 0.0423067, 0.122193, 0.158752, 0.204947, 0.229028, 0.280279, 0.295314, 0.427575, 0.915222, 1, 

34,119,0.001, 0.0558662, 0.065702, 0.113606, 0.0990128, 0.212071, 0.229028, 0.280279, 0.295314, 0.211049, 0.83148, 0.96802, 1, 

55,114,0.001, 0.03232, 0.0515151, 0.0382234, 0.125194, 0.128909, 0.158827, 0.16865, 0.182038, 0.211049, 0.229766, 0.96802, 0.27351, 0.324367, 0.345868, 0.364902, 0.430135, 0.592652, 0.136245, 0.639043, 0.643891, 0.651928, 0.673374, 0.767905, 0.777206, 0.822299, 0.825173, 0.865125, 0.902926, 1, 

51,118,0.001, 0.03232, 0.0515151, 0.0630396, 0.0697614, 0.0861824, 0.115852, 0.21757, 0.283823, 0.328865, 0.426037, 0.441899, 0.510445, 0.531703, 0.603223, 0.669417, 0.671583, 0.683361, 0.684286, 0.769471, 0.772956, 0.0263848, 0.805077, 0.895163, 0.926851, 0.933265, 0.984945, 0.990739, 0.902926, 1, 

56,113,0.001, 0.03232, 0.0515151, 0.0630396, 0.0697614, 0.0861824, 0.115852, 0.21757, 0.283823, 0.328865, 0.426037, 0.441899, 0.510445, 0.324367, 0.345868, 0.364902, 0.430135, 0.592652, 0.597972, 0.639043, 0.643891, 0.651928, 0.673374, 0.76057, 0.767905, 0.777206, 0.822299, 0.825173, 0.865125, 0.902926, 1, 

Generation #15
32,188,0.001, 0.0423067, 0.122193, 0.158752, 0.204947, 0.229028, 0.280279, 0.295314, 0.427575, 0.915222, 1, 

34,119,0.001, 0.0558662, 0.065702, 0.113606, 0.0990128, 0.212071, 0.229028, 0.280279, 0.295314, 0.211049, 0.83148, 0.96802, 1, 

55,114,0.001, 0.03232, 0.0515151, 0.0382234, 0.125194, 0.128909, 0.158827, 0.16865, 0.182038, 0.211049, 0.229766, 0.96802, 0.27351, 0.324367, 0.345868, 0.364902, 0.430135, 0.592652, 0.136245, 0.639043, 0.643891, 0.651928, 0.673374, 0.767905, 0.777206, 0.822299, 0.825173, 0.865125, 0.902926, 1, 

56,113,0.001, 0.03232, 0.0515151, 0.0630396, 0.0697614, 0.0861824, 0.115852, 0.21757, 0.283823, 0.328865, 0.426037, 0.441899, 0.510445, 0.324367, 0.345868, 0.364902, 0.430135, 0.592652, 0.597972, 0.639043, 0.643891, 0.651928, 0.673374, 0.76057, 0.767905, 0.777206, 0.822299, 0.825173, 0.865125, 0.902926, 1, 

51,115,0.001, 0.0268775, 0.038095, 0.068154, 0.0735111, 0.0820137, 0.106063, 0.177268, 0.238374, 0.244062, 0.271455, 0.273521, 0.291074, 0.294009, 0.303641, 0.421926, 0.65575, 0.657404, 0.674922, 0.739969, 0.793823, 0.808413, 0.849061, 0.893751, 0.909934, 0.951702, 0.956144, 1, 

Generation #16
32,188,0.001, 0.0423067, 0.122193, 0.158752, 0.204947, 0.229028, 0.280279, 0.295314, 0.427575, 0.915222, 1, 

34,119,0.001, 0.0558662, 0.065702, 0.113606, 0.0990128, 0.212071, 0.229028, 0.280279, 0.295314, 0.211049, 0.83148, 0.96802, 1, 

44,112,0.001, 0.03232, 0.0515151, 0.0630396, 0.0735111, 0.0820137, 0.0310703, 0.158827, 0.16865, 0.427575, 0.442996, 0.488396, 0.27351, 0.720451, 0.714762, 0.796656, 0.798807, 0.809603, 0.857237, 0.912391, 0.938946, 1, 

Generation #17
32,188,0.001, 0.0423067, 0.122193, 0.158752, 0.204947, 0.229028, 0.280279, 0.295314, 0.427575, 0.915222, 1, 

34,119,0.001, 0.0558662, 0.065702, 0.113606, 0.0990128, 0.212071, 0.229028, 0.280279, 0.295314, 0.211049, 0.83148, 0.96802, 1, 

44,112,0.001, 0.03232, 0.0515151, 0.0630396, 0.0735111, 0.0820137, 0.0310703, 0.158827, 0.16865, 0.427575, 0.442996, 0.488396, 0.27351, 0.720451, 0.714762, 0.796656, 0.798807, 0.809603, 0.857237, 0.912391, 0.938946, 1, 

Generation #18
32,188,0.001, 0.0423067, 0.122193, 0.158752, 0.204947, 0.229028, 0.280279, 0.295314, 0.427575, 0.915222, 1, 

34,119,0.001, 0.0558662, 0.065702, 0.113606, 0.0990128, 0.212071, 0.229028, 0.280279, 0.295314, 0.211049, 0.83148, 0.96802, 1, 

44,112,0.001, 0.03232, 0.0515151, 0.0630396, 0.0735111, 0.0820137, 0.0310703, 0.158827, 0.16865, 0.427575, 0.442996, 0.488396, 0.27351, 0.720451, 0.714762, 0.796656, 0.798807, 0.809603, 0.857237, 0.912391, 0.938946, 1, 

Generation #19
32,188,0.001, 0.0423067, 0.122193, 0.158752, 0.204947, 0.229028, 0.280279, 0.295314, 0.427575, 0.915222, 1, 

34,119,0.001, 0.0558662, 0.065702, 0.113606, 0.0990128, 0.212071, 0.229028, 0.280279, 0.295314, 0.211049, 0.83148, 0.96802, 1, 

44,112,0.001, 0.03232, 0.0515151, 0.0630396, 0.0735111, 0.0820137, 0.0310703, 0.158827, 0.16865, 0.427575, 0.442996, 0.488396, 0.27351, 0.720451, 0.714762, 0.796656, 0.798807, 0.809603, 0.857237, 0.912391, 0.938946, 1, 

Generation #20
32,188,0.001, 0.0423067, 0.122193, 0.158752, 0.204947, 0.229028, 0.280279, 0.295314, 0.427575, 0.915222, 1, 

34,119,0.001, 0.0558662, 0.065702, 0.113606, 0.0990128, 0.212071, 0.229028, 0.280279, 0.295314, 0.211049, 0.83148, 0.96802, 1, 

44,112,0.001, 0.03232, 0.0515151, 0.0630396, 0.0735111, 0.0820137, 0.0310703, 0.158827, 0.16865, 0.427575, 0.442996, 0.488396, 0.27351, 0.720451, 0.714762, 0.796656, 0.798807, 0.809603, 0.857237, 0.912391, 0.938946, 1, 

Generation #21
32,188,0.001, 0.0423067, 0.122193, 0.158752, 0.204947, 0.229028, 0.280279, 0.295314, 0.427575, 0.915222, 1, 

34,119,0.001, 0.0558662, 0.065702, 0.113606, 0.0990128, 0.212071, 0.229028, 0.280279, 0.295314, 0.211049, 0.83148, 0.96802, 1, 

44,112,0.001, 0.03232, 0.0515151, 0.0630396, 0.0735111, 0.0820137, 0.0310703, 0.158827, 0.16865, 0.427575, 0.442996, 0.488396, 0.27351, 0.720451, 0.714762, 0.796656, 0.798807, 0.809603, 0.857237, 0.912391, 0.938946, 1, 

Generation #22
32,188,0.001, 0.0423067, 0.122193, 0.158752, 0.204947, 0.229028, 0.280279, 0.295314, 0.427575, 0.915222, 1, 

34,119,0.001, 0.0558662, 0.065702, 0.113606, 0.0990128, 0.212071, 0.229028, 0.280279, 0.295314, 0.211049, 0.83148, 0.96802, 1, 

44,112,0.001, 0.03232, 0.0515151, 0.0630396, 0.0735111, 0.0820137, 0.0310703, 0.158827, 0.16865, 0.427575, 0.442996, 0.488396, 0.27351, 0.720451, 0.714762, 0.796656, 0.798807, 0.809603, 0.857237, 0.912391, 0.938946, 1, 

Generation #23
32,188,0.001, 0.0423067, 0.122193, 0.158752, 0.204947, 0.229028, 0.280279, 0.295314, 0.427575, 0.915222, 1, 

34,119,0.001, 0.0558662, 0.065702, 0.113606, 0.0990128, 0.212071, 0.229028, 0.280279, 0.295314, 0.211049, 0.83148, 0.96802, 1, 

44,112,0.001, 0.03232, 0.0515151, 0.0630396, 0.0735111, 0.0820137, 0.0310703, 0.158827, 0.16865, 0.427575, 0.442996, 0.488396, 0.27351, 0.720451, 0.714762, 0.796656, 0.798807, 0.809603, 0.857237, 0.912391, 0.938946, 1, 

Generation #24
32,188,0.001, 0.0423067, 0.122193, 0.158752, 0.204947, 0.229028, 0.280279, 0.295314, 0.427575, 0.915222, 1, 

34,119,0.001, 0.0558662, 0.065702, 0.113606, 0.0990128, 0.212071, 0.229028, 0.280279, 0.295314, 0.211049, 0.83148, 0.96802, 1, 

44,112,0.001, 0.03232, 0.0515151, 0.0630396, 0.0735111, 0.0820137, 0.0310703, 0.158827, 0.16865, 0.427575, 0.442996, 0.488396, 0.27351, 0.720451, 0.714762, 0.796656, 0.798807, 0.809603, 0.857237, 0.912391, 0.938946, 1, 

Generation #25
32,188,0.001, 0.0423067, 0.122193, 0.158752, 0.204947, 0.229028, 0.280279, 0.295314, 0.427575, 0.915222, 1, 

34,119,0.001, 0.0558662, 0.065702, 0.113606, 0.0990128, 0.212071, 0.229028, 0.280279, 0.295314, 0.211049, 0.83148, 0.96802, 1, 

44,112,0.001, 0.03232, 0.0515151, 0.0630396, 0.0735111, 0.0820137, 0.0310703, 0.158827, 0.16865, 0.427575, 0.442996, 0.488396, 0.27351, 0.720451, 0.714762, 0.796656, 0.798807, 0.809603, 0.857237, 0.912391, 0.938946, 1, 

Generation #26
32,188,0.001, 0.0423067, 0.122193, 0.158752, 0.204947, 0.229028, 0.280279, 0.295314, 0.427575, 0.915222, 1, 

34,119,0.001, 0.0558662, 0.065702, 0.113606, 0.0990128, 0.212071, 0.229028, 0.280279, 0.295314, 0.211049, 0.83148, 0.96802, 1, 

44,112,0.001, 0.03232, 0.0515151, 0.0630396, 0.0735111, 0.0820137, 0.0310703, 0.158827, 0.16865, 0.427575, 0.442996, 0.488396, 0.27351, 0.720451, 0.714762, 0.796656, 0.798807, 0.809603, 0.857237, 0.912391, 0.938946, 1, 

Generation #27
32,188,0.001, 0.0423067, 0.122193, 0.158752, 0.204947, 0.229028, 0.280279, 0.295314, 0.427575, 0.915222, 1, 

34,119,0.001, 0.0558662, 0.065702, 0.113606, 0.0990128, 0.212071, 0.229028, 0.280279, 0.295314, 0.211049, 0.83148, 0.96802, 1, 

44,112,0.001, 0.03232, 0.0515151, 0.0630396, 0.0735111, 0.0820137, 0.0310703, 0.158827, 0.16865, 0.427575, 0.442996, 0.488396, 0.27351, 0.720451, 0.714762, 0.796656, 0.798807, 0.809603, 0.857237, 0.912391, 0.938946, 1, 

Generation #28
32,188,0.001, 0.0423067, 0.122193, 0.158752, 0.204947, 0.229028, 0.280279, 0.295314, 0.427575, 0.915222, 1, 

34,119,0.001, 0.0558662, 0.065702, 0.113606, 0.0990128, 0.212071, 0.229028, 0.280279, 0.295314, 0.211049, 0.83148, 0.96802, 1, 

44,112,0.001, 0.03232, 0.0515151, 0.0630396, 0.0735111, 0.0820137, 0.0310703, 0.158827, 0.16865, 0.427575, 0.442996, 0.488396, 0.27351, 0.720451, 0.714762, 0.796656, 0.798807, 0.809603, 0.857237, 0.912391, 0.938946, 1, 

35,113,0.001, 0.0423067, 0.035148, 0.0515151, 0.0630396, 0.0735111, 0.0820137, 0.106063, 0.177268, 0.211049, 0.83148, 0.96802, 1, 

Generation #29
32,188,0.001, 0.0423067, 0.122193, 0.158752, 0.204947, 0.229028, 0.280279, 0.295314, 0.427575, 0.915222, 1, 

34,119,0.001, 0.0558662, 0.065702, 0.113606, 0.0990128, 0.212071, 0.229028, 0.280279, 0.295314, 0.211049, 0.83148, 0.96802, 1, 

44,112,0.001, 0.03232, 0.0515151, 0.0630396, 0.0735111, 0.0820137, 0.0310703, 0.158827, 0.16865, 0.427575, 0.442996, 0.488396, 0.27351, 0.720451, 0.714762, 0.796656, 0.798807, 0.809603, 0.857237, 0.912391, 0.938946, 1, 

35,113,0.001, 0.0423067, 0.035148, 0.0515151, 0.0630396, 0.0735111, 0.0820137, 0.106063, 0.177268, 0.211049, 0.83148, 0.96802, 1, 

Generation #30
32,188,0.001, 0.0423067, 0.122193, 0.158752, 0.204947, 0.229028, 0.280279, 0.295314, 0.427575, 0.915222, 1, 

44,112,0.001, 0.03232, 0.0515151, 0.0630396, 0.0735111, 0.0820137, 0.0310703, 0.158827, 0.16865, 0.427575, 0.442996, 0.488396, 0.27351, 0.720451, 0.714762, 0.796656, 0.798807, 0.809603, 0.857237, 0.912391, 0.938946, 1, 

35,113,0.001, 0.0423067, 0.035148, 0.0515151, 0.0630396, 0.0735111, 0.0820137, 0.106063, 0.177268, 0.211049, 0.83148, 0.96802, 1, 

33,117,0.001, 0.03232, 0.0515151, 0.0630396, 0.0735111, 0.0820137, 0.280279, 0.295314, 0.211049, 0.96802, 1, 

Generation #31
32,188,0.001, 0.0423067, 0.122193, 0.158752, 0.204947, 0.229028, 0.280279, 0.295314, 0.427575, 0.915222, 1, 

35,113,0.001, 0.0423067, 0.035148, 0.0515151, 0.0630396, 0.0735111, 0.0820137, 0.106063, 0.177268, 0.211049, 0.83148, 0.96802, 1, 

33,117,0.001, 0.03232, 0.0515151, 0.0630396, 0.0735111, 0.0820137, 0.280279, 0.295314, 0.211049, 0.96802, 1, 

40,105,0.001, 0.03232, 0.0515151, 0.0339325, 0.0630396, 0.0735111, 0.0820137, 0.106063, 0.177268, 0.238374, 0.244062, 0.271455, 0.96802, 1, 

Generation #32
32,188,0.001, 0.0423067, 0.122193, 0.158752, 0.204947, 0.229028, 0.280279, 0.295314, 0.427575, 0.915222, 1, 

35,113,0.001, 0.0423067, 0.035148, 0.0515151, 0.0630396, 0.0735111, 0.0820137, 0.106063, 0.177268, 0.211049, 0.83148, 0.96802, 1, 

33,117,0.001, 0.03232, 0.0515151, 0.0630396, 0.0735111, 0.0820137, 0.280279, 0.295314, 0.211049, 0.96802, 1, 

40,105,0.001, 0.03232, 0.0515151, 0.0339325, 0.0630396, 0.0735111, 0.0820137, 0.106063, 0.177268, 0.238374, 0.244062, 0.271455, 0.96802, 1, 

Generation #33
32,188,0.001, 0.0423067, 0.122193, 0.158752, 0.204947, 0.229028, 0.280279, 0.295314, 0.427575, 0.915222, 1, 

35,113,0.001, 0.0423067, 0.035148, 0.0515151, 0.0630396, 0.0735111, 0.0820137, 0.106063, 0.177268, 0.211049, 0.83148, 0.96802, 1, 

33,117,0.001, 0.03232, 0.0515151, 0.0630396, 0.0735111, 0.0820137, 0.280279, 0.295314, 0.211049, 0.96802, 1, 

40,105,0.001, 0.03232, 0.0515151, 0.0339325, 0.0630396, 0.0735111, 0.0820137, 0.106063, 0.177268, 0.238374, 0.244062, 0.271455, 0.96802, 1, 

Generation #34
32,188,0.001, 0.0423067, 0.122193, 0.158752, 0.204947, 0.229028, 0.280279, 0.295314, 0.427575, 0.915222, 1, 

35,113,0.001, 0.0423067, 0.035148, 0.0515151, 0.0630396, 0.0735111, 0.0820137, 0.106063, 0.177268, 0.211049, 0.83148, 0.96802, 1, 

33,117,0.001, 0.03232, 0.0515151, 0.0630396, 0.0735111, 0.0820137, 0.280279, 0.295314, 0.211049, 0.96802, 1, 

40,105,0.001, 0.03232, 0.0515151, 0.0339325, 0.0630396, 0.0735111, 0.0820137, 0.106063, 0.177268, 0.238374, 0.244062, 0.271455, 0.96802, 1, 

Generation #35
32,188,0.001, 0.0423067, 0.122193, 0.158752, 0.204947, 0.229028, 0.280279, 0.295314, 0.427575, 0.915222, 1, 

35,113,0.001, 0.0423067, 0.035148, 0.0515151, 0.0630396, 0.0735111, 0.0820137, 0.106063, 0.177268, 0.211049, 0.83148, 0.96802, 1, 

33,117,0.001, 0.03232, 0.0515151, 0.0630396, 0.0735111, 0.0820137, 0.280279, 0.295314, 0.211049, 0.96802, 1, 

38,97,0.001, 0.03232, 0.0515151, 0.0339325, 0.0630396, 0.0735111, 0.0820137, 0.106063, 0.283823, 0.328865, 0.426037, 0.0170899, 1, 

Generation #36
32,188,0.001, 0.0423067, 0.122193, 0.158752, 0.204947, 0.229028, 0.280279, 0.295314, 0.427575, 0.915222, 1, 

35,113,0.001, 0.0423067, 0.035148, 0.0515151, 0.0630396, 0.0735111, 0.0820137, 0.106063, 0.177268, 0.211049, 0.83148, 0.96802, 1, 

33,117,0.001, 0.03232, 0.0515151, 0.0630396, 0.0735111, 0.0820137, 0.280279, 0.295314, 0.211049, 0.96802, 1, 

38,97,0.001, 0.03232, 0.0515151, 0.0339325, 0.0630396, 0.0735111, 0.0820137, 0.106063, 0.283823, 0.328865, 0.426037, 0.0170899, 1, 

Generation #37
32,188,0.001, 0.0423067, 0.122193, 0.158752, 0.204947, 0.229028, 0.280279, 0.295314, 0.427575, 0.915222, 1, 

35,113,0.001, 0.0423067, 0.035148, 0.0515151, 0.0630396, 0.0735111, 0.0820137, 0.106063, 0.177268, 0.211049, 0.83148, 0.96802, 1, 

33,117,0.001, 0.03232, 0.0515151, 0.0630396, 0.0735111, 0.0820137, 0.280279, 0.295314, 0.211049, 0.96802, 1, 

38,97,0.001, 0.03232, 0.0515151, 0.0339325, 0.0630396, 0.0735111, 0.0820137, 0.106063, 0.283823, 0.328865, 0.426037, 0.0170899, 1, 

Generation #38
32,188,0.001, 0.0423067, 0.122193, 0.158752, 0.204947, 0.229028, 0.280279, 0.295314, 0.427575, 0.915222, 1, 

35,113,0.001, 0.0423067, 0.035148, 0.0515151, 0.0630396, 0.0735111, 0.0820137, 0.106063, 0.177268, 0.211049, 0.83148, 0.96802, 1, 

33,117,0.001, 0.03232, 0.0515151, 0.0630396, 0.0735111, 0.0820137, 0.280279, 0.295314, 0.211049, 0.96802, 1, 

38,97,0.001, 0.03232, 0.0515151, 0.0339325, 0.0630396, 0.0735111, 0.0820137, 0.106063, 0.283823, 0.328865, 0.426037, 0.0170899, 1, 

Generation #39
32,188,0.001, 0.0423067, 0.122193, 0.158752, 0.204947, 0.229028, 0.280279, 0.295314, 0.427575, 0.915222, 1, 

35,113,0.001, 0.0423067, 0.035148, 0.0515151, 0.0630396, 0.0735111, 0.0820137, 0.106063, 0.177268, 0.211049, 0.83148, 0.96802, 1, 

33,117,0.001, 0.03232, 0.0515151, 0.0630396, 0.0735111, 0.0820137, 0.280279, 0.295314, 0.211049, 0.96802, 1, 

38,97,0.001, 0.03232, 0.0515151, 0.0339325, 0.0630396, 0.0735111, 0.0820137, 0.106063, 0.283823, 0.328865, 0.426037, 0.0170899, 1, 

Generation #40
32,188,0.001, 0.0423067, 0.122193, 0.158752, 0.204947, 0.229028, 0.280279, 0.295314, 0.427575, 0.915222, 1, 

35,113,0.001, 0.0423067, 0.035148, 0.0515151, 0.0630396, 0.0735111, 0.0820137, 0.106063, 0.177268, 0.211049, 0.83148, 0.96802, 1, 

33,117,0.001, 0.03232, 0.0515151, 0.0630396, 0.0735111, 0.0820137, 0.280279, 0.295314, 0.211049, 0.96802, 1, 

38,97,0.001, 0.03232, 0.0515151, 0.0339325, 0.0630396, 0.0735111, 0.0820137, 0.106063, 0.283823, 0.328865, 0.426037, 0.0170899, 1, 

Generation #41
32,188,0.001, 0.0423067, 0.122193, 0.158752, 0.204947, 0.229028, 0.280279, 0.295314, 0.427575, 0.915222, 1, 

35,113,0.001, 0.0423067, 0.035148, 0.0515151, 0.0630396, 0.0735111, 0.0820137, 0.106063, 0.177268, 0.211049, 0.83148, 0.96802, 1, 

33,117,0.001, 0.03232, 0.0515151, 0.0630396, 0.0735111, 0.0820137, 0.280279, 0.295314, 0.211049, 0.96802, 1, 

38,97,0.001, 0.03232, 0.0515151, 0.0339325, 0.0630396, 0.0735111, 0.0820137, 0.106063, 0.283823, 0.328865, 0.426037, 0.0170899, 1, 

Generation #42
32,188,0.001, 0.0423067, 0.122193, 0.158752, 0.204947, 0.229028, 0.280279, 0.295314, 0.427575, 0.915222, 1, 

35,113,0.001, 0.0423067, 0.035148, 0.0515151, 0.0630396, 0.0735111, 0.0820137, 0.106063, 0.177268, 0.211049, 0.83148, 0.96802, 1, 

33,117,0.001, 0.03232, 0.0515151, 0.0630396, 0.0735111, 0.0820137, 0.280279, 0.295314, 0.211049, 0.96802, 1, 

38,97,0.001, 0.03232, 0.0515151, 0.0339325, 0.0630396, 0.0735111, 0.0820137, 0.106063, 0.283823, 0.328865, 0.426037, 0.0170899, 1, 

Generation #43
32,188,0.001, 0.0423067, 0.122193, 0.158752, 0.204947, 0.229028, 0.280279, 0.295314, 0.427575, 0.915222, 1, 

35,113,0.001, 0.0423067, 0.035148, 0.0515151, 0.0630396, 0.0735111, 0.0820137, 0.106063, 0.177268, 0.211049, 0.83148, 0.96802, 1, 

33,117,0.001, 0.03232, 0.0515151, 0.0630396, 0.0735111, 0.0820137, 0.280279, 0.295314, 0.211049, 0.96802, 1, 

38,97,0.001, 0.03232, 0.0515151, 0.0339325, 0.0630396, 0.0735111, 0.0820137, 0.106063, 0.283823, 0.328865, 0.426037, 0.0170899, 1, 

Generation #44
32,188,0.001, 0.0423067, 0.122193, 0.158752, 0.204947, 0.229028, 0.280279, 0.295314, 0.427575, 0.915222, 1, 

35,113,0.001, 0.0423067, 0.035148, 0.0515151, 0.0630396, 0.0735111, 0.0820137, 0.106063, 0.177268, 0.211049, 0.83148, 0.96802, 1, 

33,117,0.001, 0.03232, 0.0515151, 0.0630396, 0.0735111, 0.0820137, 0.280279, 0.295314, 0.211049, 0.96802, 1, 

38,97,0.001, 0.03232, 0.0515151, 0.0339325, 0.0630396, 0.0735111, 0.0820137, 0.106063, 0.283823, 0.328865, 0.426037, 0.0170899, 1, 

Generation #45
32,188,0.001, 0.0423067, 0.122193, 0.158752, 0.204947, 0.229028, 0.280279, 0.295314, 0.427575, 0.915222, 1, 

35,113,0.001, 0.0423067, 0.035148, 0.0515151, 0.0630396, 0.0735111, 0.0820137, 0.106063, 0.177268, 0.211049, 0.83148, 0.96802, 1, 

33,117,0.001, 0.03232, 0.0515151, 0.0630396, 0.0735111, 0.0820137, 0.280279, 0.295314, 0.211049, 0.96802, 1, 

38,97,0.001, 0.03232, 0.0515151, 0.0339325, 0.0630396, 0.0735111, 0.0820137, 0.106063, 0.283823, 0.328865, 0.426037, 0.0170899, 1, 

Generation #46
32,188,0.001, 0.0423067, 0.122193, 0.158752, 0.204947, 0.229028, 0.280279, 0.295314, 0.427575, 0.915222, 1, 

35,113,0.001, 0.0423067, 0.035148, 0.0515151, 0.0630396, 0.0735111, 0.0820137, 0.106063, 0.177268, 0.211049, 0.83148, 0.96802, 1, 

33,117,0.001, 0.03232, 0.0515151, 0.0630396, 0.0735111, 0.0820137, 0.280279, 0.295314, 0.211049, 0.96802, 1, 

38,97,0.001, 0.03232, 0.0515151, 0.0339325, 0.0630396, 0.0735111, 0.0820137, 0.106063, 0.283823, 0.328865, 0.426037, 0.0170899, 1, 

Generation #47
32,188,0.001, 0.0423067, 0.122193, 0.158752, 0.204947, 0.229028, 0.280279, 0.295314, 0.427575, 0.915222, 1, 

35,113,0.001, 0.0423067, 0.035148, 0.0515151, 0.0630396, 0.0735111, 0.0820137, 0.106063, 0.177268, 0.211049, 0.83148, 0.96802, 1, 

33,117,0.001, 0.03232, 0.0515151, 0.0630396, 0.0735111, 0.0820137, 0.280279, 0.295314, 0.211049, 0.96802, 1, 

38,97,0.001, 0.03232, 0.0515151, 0.0339325, 0.0630396, 0.0735111, 0.0820137, 0.106063, 0.283823, 0.328865, 0.426037, 0.0170899, 1, 

Generation #48
32,188,0.001, 0.0423067, 0.122193, 0.158752, 0.204947, 0.229028, 0.280279, 0.295314, 0.427575, 0.915222, 1, 

35,113,0.001, 0.0423067, 0.035148, 0.0515151, 0.0630396, 0.0735111, 0.0820137, 0.106063, 0.177268, 0.211049, 0.83148, 0.96802, 1, 

33,117,0.001, 0.03232, 0.0515151, 0.0630396, 0.0735111, 0.0820137, 0.280279, 0.295314, 0.211049, 0.96802, 1, 

38,97,0.001, 0.03232, 0.0515151, 0.0339325, 0.0630396, 0.0735111, 0.0820137, 0.106063, 0.283823, 0.328865, 0.426037, 0.0170899, 1, 

Generation #49
32,188,0.001, 0.0423067, 0.122193, 0.158752, 0.204947, 0.229028, 0.280279, 0.295314, 0.427575, 0.915222, 1, 

35,113,0.001, 0.0423067, 0.035148, 0.0515151, 0.0630396, 0.0735111, 0.0820137, 0.106063, 0.177268, 0.211049, 0.83148, 0.96802, 1, 

33,117,0.001, 0.03232, 0.0515151, 0.0630396, 0.0735111, 0.0820137, 0.280279, 0.295314, 0.211049, 0.96802, 1, 

38,97,0.001, 0.03232, 0.0515151, 0.0339325, 0.0630396, 0.0735111, 0.0820137, 0.106063, 0.283823, 0.328865, 0.426037, 0.0170899, 1, 

--- Pareto Front Solutions ---
Solution 0: N total=92 (N_initial=60, N_added=32), Time total=192 ms, Saved to: ./results/Make_t2_l2_pareto_0.csv, percents=0.001, 0.0423067, 0.122193, 0.158752, 0.204947, 0.229028, 0.280279, 0.295314, 0.427575, 0.915222, 1, 

Solution 1: N total=95 (N_initial=60, N_added=35), Time total=117 ms, Saved to: ./results/Make_t2_l2_pareto_1.csv, percents=0.001, 0.0423067, 0.035148, 0.0515151, 0.0630396, 0.0735111, 0.0820137, 0.106063, 0.177268, 0.211049, 0.83148, 0.96802, 1, 

Solution 2: N total=93 (N_initial=60, N_added=33), Time total=121 ms, Saved to: ./results/Make_t2_l2_pareto_2.csv, percents=0.001, 0.03232, 0.0515151, 0.0630396, 0.0735111, 0.0820137, 0.280279, 0.295314, 0.211049, 0.96802, 1, 

Solution 3: N total=98 (N_initial=60, N_added=38), Time total=101 ms, Saved to: ./results/Make_t2_l2_pareto_3.csv, percents=0.001, 0.03232, 0.0515151, 0.0339325, 0.0630396, 0.0735111, 0.0820137, 0.106063, 0.283823, 0.328865, 0.426037, 0.0170899, 1, 

------------d=1, t=2, lambda=3, filename=./evaluation/Make/Make_2_3.csv------------
Grouping d-sets by partitioned row counts for detecting arrays...
Ready to look at pairs for detecting arrays...
First Stage N=90, Time=4
There are 150 remaining non-locating pairs
--- Running GA Algorithm (phase2) ---
Running GA with std::execution::par
Generation #0
39,43,0.001, 0.0247254, 0.0401042, 0.0483629, 0.0619183, 0.0802979, 0.0922649, 0.176548, 0.217462, 0.254248, 0.293026, 0.362859, 0.457325, 0.491685, 0.584534, 0.610867, 0.632755, 0.658777, 0.702736, 0.725711, 0.765456, 0.959337, 0.964962, 0.984452, 1, 

38,51,0.001, 0.0576566, 0.0926037, 0.135617, 0.137913, 0.213431, 0.214428, 0.225243, 0.240459, 0.350682, 0.372387, 0.407809, 0.419915, 0.469905, 0.530333, 0.543266, 0.589063, 0.608235, 0.815458, 0.851062, 0.909492, 0.9169, 0.944271, 1, 

36,55,0.001, 0.0195636, 0.10853, 0.134893, 0.137047, 0.153825, 0.239713, 0.24121, 0.253475, 0.296518, 0.466061, 0.511495, 0.540685, 0.544877, 0.647321, 0.704513, 0.706047, 0.721974, 0.888711, 0.934781, 0.984455, 1, 

29,70,0.001, 0.105206, 0.361354, 0.450703, 0.46005, 0.464645, 0.492269, 0.712876, 0.808157, 0.949471, 0.976792, 1, 

34,59,0.001, 0.126598, 0.170251, 0.174019, 0.247195, 0.353611, 0.396192, 0.400646, 0.548232, 0.624219, 0.648653, 0.650182, 0.77766, 0.784783, 0.803736, 0.921562, 0.923207, 0.950862, 1, 

28,112,0.001, 0.13911, 0.195608, 0.260023, 0.266817, 0.278984, 0.40388, 0.420267, 0.568614, 0.601221, 0.860829, 1, 

Generation #1
25,79,0.001, 0.014196, 0.0197155, 0.0460504, 0.133603, 0.279329, 0.464922, 0.497186, 0.655058, 0.6926, 0.785621, 1, 

34,40,0.001, 0.035049, 0.056183, 0.0805769, 0.132826, 0.161515, 0.172995, 0.179766, 0.413069, 0.433712, 0.471262, 0.577173, 0.601412, 0.666099, 0.673039, 0.698654, 0.737071, 0.816084, 0.84048, 0.930981, 0.988148, 1, 

26,44,0.001, 0.0219731, 0.029241, 0.0404862, 0.066938, 0.103009, 0.125949, 0.153577, 0.177692, 0.279209, 1, 

38,39,0.001, 0.0355709, 0.0456538, 0.0460965, 0.0746429, 0.120665, 0.172386, 0.212496, 0.298092, 0.304784, 0.30642, 0.342935, 0.348252, 0.396542, 0.439109, 0.528357, 0.531677, 0.540599, 0.617377, 0.654329, 0.732569, 0.779391, 0.871909, 0.940957, 1, 

Generation #2
25,79,0.001, 0.014196, 0.0197155, 0.0460504, 0.133603, 0.279329, 0.464922, 0.497186, 0.655058, 0.6926, 0.785621, 1, 

26,44,0.001, 0.0219731, 0.029241, 0.0404862, 0.066938, 0.103009, 0.125949, 0.153577, 0.177692, 0.279209, 1, 

34,34,0.001, 0.035049, 0.056183, 0.0805769, 0.132826, 0.161515, 0.172995, 0.179766, 0.374526, 0.375257, 0.390204, 0.500783, 0.543456, 0.558769, 0.59138, 0.710007, 0.758618, 0.73115, 0.862636, 0.968583, 1, 

Generation #3
25,79,0.001, 0.014196, 0.0197155, 0.0460504, 0.133603, 0.279329, 0.464922, 0.497186, 0.655058, 0.6926, 0.785621, 1, 

26,44,0.001, 0.0219731, 0.029241, 0.0404862, 0.066938, 0.103009, 0.125949, 0.153577, 0.177692, 0.279209, 1, 

34,34,0.001, 0.035049, 0.056183, 0.0805769, 0.132826, 0.161515, 0.172995, 0.179766, 0.374526, 0.375257, 0.390204, 0.500783, 0.543456, 0.558769, 0.59138, 0.710007, 0.758618, 0.73115, 0.862636, 0.968583, 1, 

31,40,0.001, 0.00312099, 0.0634109, 0.175745, 0.186415, 0.0802979, 0.0922649, 0.176548, 0.217462, 0.254248, 0.293026, 0.362859, 0.457325, 0.491685, 0.584534, 0.916865, 0.951802, 1, 

Generation #4
26,44,0.001, 0.0219731, 0.029241, 0.0404862, 0.066938, 0.103009, 0.125949, 0.153577, 0.177692, 0.279209, 1, 

34,34,0.001, 0.035049, 0.056183, 0.0805769, 0.132826, 0.161515, 0.172995, 0.179766, 0.374526, 0.375257, 0.390204, 0.500783, 0.543456, 0.558769, 0.59138, 0.710007, 0.758618, 0.73115, 0.862636, 0.968583, 1, 

31,40,0.001, 0.00312099, 0.0634109, 0.175745, 0.186415, 0.0802979, 0.0922649, 0.176548, 0.217462, 0.254248, 0.293026, 0.362859, 0.457325, 0.491685, 0.584534, 0.916865, 0.951802, 1, 

32,37,0.001, 0.0219731, 0.029241, 0.0404862, 0.066938, 0.0802979, 0.0922649, 0.176548, 0.217462, 0.254248, 0.293026, 0.362859, 0.457325, 0.491685, 0.584534, 0.916865, 0.951802, 1, 

25,53,0.001, 0.00312099, 0.0634109, 0.175745, 0.186415, 0.100337, 0.103289, 0.203776, 0.650815, 0.842185, 0.922919, 1, 

Generation #5
34,34,0.001, 0.035049, 0.056183, 0.0805769, 0.132826, 0.161515, 0.172995, 0.179766, 0.374526, 0.375257, 0.390204, 0.500783, 0.543456, 0.558769, 0.59138, 0.710007, 0.758618, 0.73115, 0.862636, 0.968583, 1, 

32,37,0.001, 0.0219731, 0.029241, 0.0404862, 0.066938, 0.0802979, 0.0922649, 0.176548, 0.217462, 0.254248, 0.293026, 0.362859, 0.457325, 0.491685, 0.584534, 0.916865, 0.951802, 1, 

36,26,0.001, 0.0355709, 0.0456538, 0.0460965, 0.0746429, 0.120665, 0.172386, 0.212496, 0.298092, 0.304784, 0.471262, 0.577173, 0.601412, 0.666099, 0.673039, 0.698654, 0.737071, 0.540599, 0.617377, 0.654329, 0.732569, 0.779391, 0.871909, 0.940957, 1, 

24,40,0.001, 0.0355709, 0.0456538, 0.0460965, 0.0746429, 0.120665, 0.172386, 0.212496, 0.298092, 0.481481, 0.522038, 1, 

Generation #6
34,34,0.001, 0.035049, 0.056183, 0.0805769, 0.132826, 0.161515, 0.172995, 0.179766, 0.374526, 0.375257, 0.390204, 0.500783, 0.543456, 0.558769, 0.59138, 0.710007, 0.758618, 0.73115, 0.862636, 0.968583, 1, 

36,26,0.001, 0.0355709, 0.0456538, 0.0460965, 0.0746429, 0.120665, 0.172386, 0.212496, 0.298092, 0.304784, 0.471262, 0.577173, 0.601412, 0.666099, 0.673039, 0.698654, 0.737071, 0.540599, 0.617377, 0.654329, 0.732569, 0.779391, 0.871909, 0.940957, 1, 

24,40,0.001, 0.0355709, 0.0456538, 0.0460965, 0.0746429, 0.120665, 0.172386, 0.212496, 0.298092, 0.481481, 0.522038, 1, 

30,37,0.001, 0.0355709, 0.0456538, 0.0460965, 0.0746429, 0.120665, 0.212496, 0.298092, 0.254248, 0.293026, 0.362859, 0.457325, 0.491685, 0.584534, 0.916865, 0.951802, 1, 

Generation #7
36,26,0.001, 0.0355709, 0.0456538, 0.0460965, 0.0746429, 0.120665, 0.172386, 0.212496, 0.298092, 0.304784, 0.471262, 0.577173, 0.601412, 0.666099, 0.673039, 0.698654, 0.737071, 0.540599, 0.617377, 0.654329, 0.732569, 0.779391, 0.871909, 0.940957, 1, 

24,40,0.001, 0.0355709, 0.0456538, 0.0460965, 0.0746429, 0.120665, 0.172386, 0.212496, 0.298092, 0.481481, 0.522038, 1, 

30,37,0.001, 0.0355709, 0.0456538, 0.0460965, 0.0746429, 0.120665, 0.212496, 0.298092, 0.254248, 0.293026, 0.362859, 0.457325, 0.491685, 0.584534, 0.916865, 0.951802, 1, 

31,36,0.001, 0.0219731, 0.029241, 0.0404862, 0.186415, 0.100337, 0.103289, 0.203776, 0.210533, 0.463849, 0.507068, 0.638028, 0.715646, 0.730087, 0.84335, 0.871065, 0.959113, 0.978741, 1, 

32,28,0.001, 0.0219731, 0.029241, 0.0404862, 0.066938, 0.0802979, 0.0642832, 0.0922649, 0.176548, 0.217462, 0.254248, 0.293026, 0.362859, 0.457325, 0.491685, 0.584534, 0.916865, 0.951802, 1, 

Generation #8
36,26,0.001, 0.0355709, 0.0456538, 0.0460965, 0.0746429, 0.120665, 0.172386, 0.212496, 0.298092, 0.304784, 0.471262, 0.577173, 0.601412, 0.666099, 0.673039, 0.698654, 0.737071, 0.540599, 0.617377, 0.654329, 0.732569, 0.779391, 0.871909, 0.940957, 1, 

24,40,0.001, 0.0355709, 0.0456538, 0.0460965, 0.0746429, 0.120665, 0.172386, 0.212496, 0.298092, 0.481481, 0.522038, 1, 

30,37,0.001, 0.0355709, 0.0456538, 0.0460965, 0.0746429, 0.120665, 0.212496, 0.298092, 0.254248, 0.293026, 0.362859, 0.457325, 0.491685, 0.584534, 0.916865, 0.951802, 1, 

32,28,0.001, 0.0219731, 0.029241, 0.0404862, 0.066938, 0.0802979, 0.0642832, 0.0922649, 0.176548, 0.217462, 0.254248, 0.293026, 0.362859, 0.457325, 0.491685, 0.584534, 0.916865, 0.951802, 1, 

29,39,0.001, 0.0355709, 0.0456538, 0.0460965, 0.0746429, 0.229034, 0.120665, 0.212496, 0.298092, 0.254248, 0.375257, 0.358202, 0.37084, 0.988544, 0.989752, 1, 

31,31,0.001, 0.0219731, 0.029241, 0.0404862, 0.13583, 0.066938, 0.103009, 0.125949, 0.153577, 0.177692, 0.217462, 0.254248, 0.293026, 0.362859, 0.457325, 0.491685, 0.584534, 0.916865, 0.951802, 1, 

Generation #9
36,26,0.001, 0.0355709, 0.0456538, 0.0460965, 0.0746429, 0.120665, 0.172386, 0.212496, 0.298092, 0.304784, 0.471262, 0.577173, 0.601412, 0.666099, 0.673039, 0.698654, 0.737071, 0.540599, 0.617377, 0.654329, 0.732569, 0.779391, 0.871909, 0.940957, 1, 

24,40,0.001, 0.0355709, 0.0456538, 0.0460965, 0.0746429, 0.120665, 0.172386, 0.212496, 0.298092, 0.481481, 0.522038, 1, 

32,28,0.001, 0.0219731, 0.029241, 0.0404862, 0.066938, 0.0802979, 0.0642832, 0.0922649, 0.176548, 0.217462, 0.254248, 0.293026, 0.362859, 0.457325, 0.491685, 0.584534, 0.916865, 0.951802, 1, 

31,31,0.001, 0.0219731, 0.029241, 0.0404862, 0.13583, 0.066938, 0.103009, 0.125949, 0.153577, 0.177692, 0.217462, 0.254248, 0.293026, 0.362859, 0.457325, 0.491685, 0.584534, 0.916865, 0.951802, 1, 

30,36,0.001, 0.0219731, 0.029241, 0.0404862, 0.066938, 0.0802979, 0.0642832, 0.0922649, 0.176548, 0.217462, 0.362859, 0.457325, 0.491685, 0.584534, 0.916865, 0.951802, 1, 

25,39,0.001, 0.0440364, 0.029241, 0.0404862, 0.066938, 0.103009, 0.0922649, 0.176548, 0.217462, 0.254248, 1, 

Generation #10
36,26,0.001, 0.0355709, 0.0456538, 0.0460965, 0.0746429, 0.120665, 0.172386, 0.212496, 0.298092, 0.304784, 0.471262, 0.577173, 0.601412, 0.666099, 0.673039, 0.698654, 0.737071, 0.540599, 0.617377, 0.654329, 0.732569, 0.779391, 0.871909, 0.940957, 1, 

24,40,0.001, 0.0355709, 0.0456538, 0.0460965, 0.0746429, 0.120665, 0.172386, 0.212496, 0.298092, 0.481481, 0.522038, 1, 

32,28,0.001, 0.0219731, 0.029241, 0.0404862, 0.066938, 0.0802979, 0.0642832, 0.0922649, 0.176548, 0.217462, 0.254248, 0.293026, 0.362859, 0.457325, 0.491685, 0.584534, 0.916865, 0.951802, 1, 

31,31,0.001, 0.0219731, 0.029241, 0.0404862, 0.13583, 0.066938, 0.103009, 0.125949, 0.153577, 0.177692, 0.217462, 0.254248, 0.293026, 0.362859, 0.457325, 0.491685, 0.584534, 0.916865, 0.951802, 1, 

30,36,0.001, 0.0219731, 0.029241, 0.0404862, 0.066938, 0.0802979, 0.0642832, 0.0922649, 0.176548, 0.217462, 0.362859, 0.457325, 0.491685, 0.584534, 0.916865, 0.951802, 1, 

25,39,0.001, 0.0440364, 0.029241, 0.0404862, 0.066938, 0.103009, 0.0922649, 0.176548, 0.217462, 0.254248, 1, 

Generation #11
36,26,0.001, 0.0355709, 0.0456538, 0.0460965, 0.0746429, 0.120665, 0.172386, 0.212496, 0.298092, 0.304784, 0.471262, 0.577173, 0.601412, 0.666099, 0.673039, 0.698654, 0.737071, 0.540599, 0.617377, 0.654329, 0.732569, 0.779391, 0.871909, 0.940957, 1, 

24,40,0.001, 0.0355709, 0.0456538, 0.0460965, 0.0746429, 0.120665, 0.172386, 0.212496, 0.298092, 0.481481, 0.522038, 1, 

32,28,0.001, 0.0219731, 0.029241, 0.0404862, 0.066938, 0.0802979, 0.0642832, 0.0922649, 0.176548, 0.217462, 0.254248, 0.293026, 0.362859, 0.457325, 0.491685, 0.584534, 0.916865, 0.951802, 1, 

31,31,0.001, 0.0219731, 0.029241, 0.0404862, 0.13583, 0.066938, 0.103009, 0.125949, 0.153577, 0.177692, 0.217462, 0.254248, 0.293026, 0.362859, 0.457325, 0.491685, 0.584534, 0.916865, 0.951802, 1, 

30,36,0.001, 0.0219731, 0.029241, 0.0404862, 0.066938, 0.0802979, 0.0642832, 0.0922649, 0.176548, 0.217462, 0.362859, 0.457325, 0.491685, 0.584534, 0.916865, 0.951802, 1, 

25,39,0.001, 0.0440364, 0.029241, 0.0404862, 0.066938, 0.103009, 0.0922649, 0.176548, 0.217462, 0.254248, 1, 

Generation #12
36,26,0.001, 0.0355709, 0.0456538, 0.0460965, 0.0746429, 0.120665, 0.172386, 0.212496, 0.298092, 0.304784, 0.471262, 0.577173, 0.601412, 0.666099, 0.673039, 0.698654, 0.737071, 0.540599, 0.617377, 0.654329, 0.732569, 0.779391, 0.871909, 0.940957, 1, 

24,40,0.001, 0.0355709, 0.0456538, 0.0460965, 0.0746429, 0.120665, 0.172386, 0.212496, 0.298092, 0.481481, 0.522038, 1, 

32,28,0.001, 0.0219731, 0.029241, 0.0404862, 0.066938, 0.0802979, 0.0642832, 0.0922649, 0.176548, 0.217462, 0.254248, 0.293026, 0.362859, 0.457325, 0.491685, 0.584534, 0.916865, 0.951802, 1, 

31,31,0.001, 0.0219731, 0.029241, 0.0404862, 0.13583, 0.066938, 0.103009, 0.125949, 0.153577, 0.177692, 0.217462, 0.254248, 0.293026, 0.362859, 0.457325, 0.491685, 0.584534, 0.916865, 0.951802, 1, 

30,36,0.001, 0.0219731, 0.029241, 0.0404862, 0.066938, 0.0802979, 0.0642832, 0.0922649, 0.176548, 0.217462, 0.362859, 0.457325, 0.491685, 0.584534, 0.916865, 0.951802, 1, 

25,39,0.001, 0.0440364, 0.029241, 0.0404862, 0.066938, 0.103009, 0.0922649, 0.176548, 0.217462, 0.254248, 1, 

Generation #13
36,26,0.001, 0.0355709, 0.0456538, 0.0460965, 0.0746429, 0.120665, 0.172386, 0.212496, 0.298092, 0.304784, 0.471262, 0.577173, 0.601412, 0.666099, 0.673039, 0.698654, 0.737071, 0.540599, 0.617377, 0.654329, 0.732569, 0.779391, 0.871909, 0.940957, 1, 

24,40,0.001, 0.0355709, 0.0456538, 0.0460965, 0.0746429, 0.120665, 0.172386, 0.212496, 0.298092, 0.481481, 0.522038, 1, 

32,28,0.001, 0.0219731, 0.029241, 0.0404862, 0.066938, 0.0802979, 0.0642832, 0.0922649, 0.176548, 0.217462, 0.254248, 0.293026, 0.362859, 0.457325, 0.491685, 0.584534, 0.916865, 0.951802, 1, 

31,31,0.001, 0.0219731, 0.029241, 0.0404862, 0.13583, 0.066938, 0.103009, 0.125949, 0.153577, 0.177692, 0.217462, 0.254248, 0.293026, 0.362859, 0.457325, 0.491685, 0.584534, 0.916865, 0.951802, 1, 

30,36,0.001, 0.0219731, 0.029241, 0.0404862, 0.066938, 0.0802979, 0.0642832, 0.0922649, 0.176548, 0.217462, 0.362859, 0.457325, 0.491685, 0.584534, 0.916865, 0.951802, 1, 

25,39,0.001, 0.0440364, 0.029241, 0.0404862, 0.066938, 0.103009, 0.0922649, 0.176548, 0.217462, 0.254248, 1, 

Generation #14
36,26,0.001, 0.0355709, 0.0456538, 0.0460965, 0.0746429, 0.120665, 0.172386, 0.212496, 0.298092, 0.304784, 0.471262, 0.577173, 0.601412, 0.666099, 0.673039, 0.698654, 0.737071, 0.540599, 0.617377, 0.654329, 0.732569, 0.779391, 0.871909, 0.940957, 1, 

24,40,0.001, 0.0355709, 0.0456538, 0.0460965, 0.0746429, 0.120665, 0.172386, 0.212496, 0.298092, 0.481481, 0.522038, 1, 

32,28,0.001, 0.0219731, 0.029241, 0.0404862, 0.066938, 0.0802979, 0.0642832, 0.0922649, 0.176548, 0.217462, 0.254248, 0.293026, 0.362859, 0.457325, 0.491685, 0.584534, 0.916865, 0.951802, 1, 

31,31,0.001, 0.0219731, 0.029241, 0.0404862, 0.13583, 0.066938, 0.103009, 0.125949, 0.153577, 0.177692, 0.217462, 0.254248, 0.293026, 0.362859, 0.457325, 0.491685, 0.584534, 0.916865, 0.951802, 1, 

25,39,0.001, 0.0440364, 0.029241, 0.0404862, 0.066938, 0.103009, 0.0922649, 0.176548, 0.217462, 0.254248, 1, 

30,33,0.001, 0.0440364, 0.029241, 0.0404862, 0.066938, 0.103009, 0.0922649, 0.176548, 0.217462, 0.358479, 0.293026, 0.362859, 0.457325, 0.491685, 0.86941, 0.916865, 0.951802, 1, 

Generation #15
24,40,0.001, 0.0355709, 0.0456538, 0.0460965, 0.0746429, 0.120665, 0.172386, 0.212496, 0.298092, 0.481481, 0.522038, 1, 

25,39,0.001, 0.0440364, 0.029241, 0.0404862, 0.066938, 0.103009, 0.0922649, 0.176548, 0.217462, 0.254248, 1, 

28,25,0.001, 0.0440364, 0.029241, 0.0404862, 0.066938, 0.0802979, 0.0642832, 0.0922649, 0.176548, 0.217462, 0.254248, 0.293026, 0.362859, 0.457325, 0.491685, 0.584534, 0.916865, 0.951802, 1, 

Generation #16
24,40,0.001, 0.0355709, 0.0456538, 0.0460965, 0.0746429, 0.120665, 0.172386, 0.212496, 0.298092, 0.481481, 0.522038, 1, 

25,39,0.001, 0.0440364, 0.029241, 0.0404862, 0.066938, 0.103009, 0.0922649, 0.176548, 0.217462, 0.254248, 1, 

28,25,0.001, 0.0440364, 0.029241, 0.0404862, 0.066938, 0.0802979, 0.0642832, 0.0922649, 0.176548, 0.217462, 0.254248, 0.293026, 0.362859, 0.457325, 0.491685, 0.584534, 0.916865, 0.951802, 1, 

Generation #17
28,25,0.001, 0.0440364, 0.029241, 0.0404862, 0.066938, 0.0802979, 0.0642832, 0.0922649, 0.176548, 0.217462, 0.254248, 0.293026, 0.362859, 0.457325, 0.491685, 0.584534, 0.916865, 0.951802, 1, 

24,34,0.001, 0.0575779, 0.029241, 0.0404862, 0.066938, 0.103009, 0.125949, 0.217462, 0.254248, 1, 

23,70,0.001, 0.0219731, 0.029241, 0.0404862, 0.0619183, 0.0802979, 0.0922649, 0.176548, 0.217462, 0.254248, 1, 

Generation #18
28,25,0.001, 0.0440364, 0.029241, 0.0404862, 0.066938, 0.0802979, 0.0642832, 0.0922649, 0.176548, 0.217462, 0.254248, 0.293026, 0.362859, 0.457325, 0.491685, 0.584534, 0.916865, 0.951802, 1, 

24,34,0.001, 0.0575779, 0.029241, 0.0404862, 0.066938, 0.103009, 0.125949, 0.217462, 0.254248, 1, 

23,70,0.001, 0.0219731, 0.029241, 0.0404862, 0.0619183, 0.0802979, 0.0922649, 0.176548, 0.217462, 0.254248, 1, 

Generation #19
28,25,0.001, 0.0440364, 0.029241, 0.0404862, 0.066938, 0.0802979, 0.0642832, 0.0922649, 0.176548, 0.217462, 0.254248, 0.293026, 0.362859, 0.457325, 0.491685, 0.584534, 0.916865, 0.951802, 1, 

24,34,0.001, 0.0575779, 0.029241, 0.0404862, 0.066938, 0.103009, 0.125949, 0.217462, 0.254248, 1, 

23,70,0.001, 0.0219731, 0.029241, 0.0404862, 0.0619183, 0.0802979, 0.0922649, 0.176548, 0.217462, 0.254248, 1, 

Generation #20
28,25,0.001, 0.0440364, 0.029241, 0.0404862, 0.066938, 0.0802979, 0.0642832, 0.0922649, 0.176548, 0.217462, 0.254248, 0.293026, 0.362859, 0.457325, 0.491685, 0.584534, 0.916865, 0.951802, 1, 

24,34,0.001, 0.0575779, 0.029241, 0.0404862, 0.066938, 0.103009, 0.125949, 0.217462, 0.254248, 1, 

23,70,0.001, 0.0219731, 0.029241, 0.0404862, 0.0619183, 0.0802979, 0.0922649, 0.176548, 0.217462, 0.254248, 1, 

Generation #21
28,25,0.001, 0.0440364, 0.029241, 0.0404862, 0.066938, 0.0802979, 0.0642832, 0.0922649, 0.176548, 0.217462, 0.254248, 0.293026, 0.362859, 0.457325, 0.491685, 0.584534, 0.916865, 0.951802, 1, 

23,31,0.001, 0.0219731, 0.029241, 0.0404862, 0.13583, 0.066938, 0.103009, 0.125949, 0.153577, 0.177692, 0.922919, 1, 

Generation #22
28,25,0.001, 0.0440364, 0.029241, 0.0404862, 0.066938, 0.0802979, 0.0642832, 0.0922649, 0.176548, 0.217462, 0.254248, 0.293026, 0.362859, 0.457325, 0.491685, 0.584534, 0.916865, 0.951802, 1, 

23,31,0.001, 0.0219731, 0.029241, 0.0404862, 0.13583, 0.066938, 0.103009, 0.125949, 0.153577, 0.177692, 0.922919, 1, 

Generation #23
28,25,0.001, 0.0440364, 0.029241, 0.0404862, 0.066938, 0.0802979, 0.0642832, 0.0922649, 0.176548, 0.217462, 0.254248, 0.293026, 0.362859, 0.457325, 0.491685, 0.584534, 0.916865, 0.951802, 1, 

23,31,0.001, 0.0219731, 0.029241, 0.0404862, 0.13583, 0.066938, 0.103009, 0.125949, 0.153577, 0.177692, 0.922919, 1, 

Generation #24
28,25,0.001, 0.0440364, 0.029241, 0.0404862, 0.066938, 0.0802979, 0.0642832, 0.0922649, 0.176548, 0.217462, 0.254248, 0.293026, 0.362859, 0.457325, 0.491685, 0.584534, 0.916865, 0.951802, 1, 

23,31,0.001, 0.0219731, 0.029241, 0.0404862, 0.13583, 0.066938, 0.103009, 0.125949, 0.153577, 0.177692, 0.922919, 1, 

27,30,0.001, 0.0440364, 0.029241, 0.0404862, 0.066938, 0.0802979, 0.0642832, 0.0922649, 0.176548, 0.217462, 0.254248, 0.358202, 0.37084, 0.988544, 0.989752, 1, 

Generation #25
28,25,0.001, 0.0440364, 0.029241, 0.0404862, 0.066938, 0.0802979, 0.0642832, 0.0922649, 0.176548, 0.217462, 0.254248, 0.293026, 0.362859, 0.457325, 0.491685, 0.584534, 0.916865, 0.951802, 1, 

23,31,0.001, 0.0219731, 0.029241, 0.0404862, 0.13583, 0.066938, 0.103009, 0.125949, 0.153577, 0.177692, 0.922919, 1, 

27,30,0.001, 0.0440364, 0.029241, 0.0404862, 0.066938, 0.0802979, 0.0642832, 0.0922649, 0.176548, 0.217462, 0.254248, 0.358202, 0.37084, 0.988544, 0.989752, 1, 

Generation #26
28,25,0.001, 0.0440364, 0.029241, 0.0404862, 0.066938, 0.0802979, 0.0642832, 0.0922649, 0.176548, 0.217462, 0.254248, 0.293026, 0.362859, 0.457325, 0.491685, 0.584534, 0.916865, 0.951802, 1, 

23,31,0.001, 0.0219731, 0.029241, 0.0404862, 0.13583, 0.066938, 0.103009, 0.125949, 0.153577, 0.177692, 0.922919, 1, 

27,30,0.001, 0.0440364, 0.029241, 0.0404862, 0.066938, 0.0802979, 0.0642832, 0.0922649, 0.176548, 0.217462, 0.254248, 0.358202, 0.37084, 0.988544, 0.989752, 1, 

Generation #27
28,25,0.001, 0.0440364, 0.029241, 0.0404862, 0.066938, 0.0802979, 0.0642832, 0.0922649, 0.176548, 0.217462, 0.254248, 0.293026, 0.362859, 0.457325, 0.491685, 0.584534, 0.916865, 0.951802, 1, 

23,31,0.001, 0.0219731, 0.029241, 0.0404862, 0.13583, 0.066938, 0.103009, 0.125949, 0.153577, 0.177692, 0.922919, 1, 

27,30,0.001, 0.0440364, 0.029241, 0.0404862, 0.066938, 0.0802979, 0.0642832, 0.0922649, 0.176548, 0.217462, 0.254248, 0.358202, 0.37084, 0.988544, 0.989752, 1, 

Generation #28
28,25,0.001, 0.0440364, 0.029241, 0.0404862, 0.066938, 0.0802979, 0.0642832, 0.0922649, 0.176548, 0.217462, 0.254248, 0.293026, 0.362859, 0.457325, 0.491685, 0.584534, 0.916865, 0.951802, 1, 

27,30,0.001, 0.0440364, 0.029241, 0.0404862, 0.066938, 0.0802979, 0.0642832, 0.0922649, 0.176548, 0.217462, 0.254248, 0.358202, 0.37084, 0.988544, 0.989752, 1, 

22,31,0.001, 0.0219731, 0.029241, 0.0404862, 0.0619183, 0.0802979, 0.125949, 0.153577, 0.217462, 0.254248, 1, 

Generation #29
28,25,0.001, 0.0440364, 0.029241, 0.0404862, 0.066938, 0.0802979, 0.0642832, 0.0922649, 0.176548, 0.217462, 0.254248, 0.293026, 0.362859, 0.457325, 0.491685, 0.584534, 0.916865, 0.951802, 1, 

27,30,0.001, 0.0440364, 0.029241, 0.0404862, 0.066938, 0.0802979, 0.0642832, 0.0922649, 0.176548, 0.217462, 0.254248, 0.358202, 0.37084, 0.988544, 0.989752, 1, 

22,31,0.001, 0.0219731, 0.029241, 0.0404862, 0.0619183, 0.0802979, 0.125949, 0.153577, 0.217462, 0.254248, 1, 

Generation #30
28,25,0.001, 0.0440364, 0.029241, 0.0404862, 0.066938, 0.0802979, 0.0642832, 0.0922649, 0.176548, 0.217462, 0.254248, 0.293026, 0.362859, 0.457325, 0.491685, 0.584534, 0.916865, 0.951802, 1, 

27,30,0.001, 0.0440364, 0.029241, 0.0404862, 0.066938, 0.0802979, 0.0642832, 0.0922649, 0.176548, 0.217462, 0.254248, 0.358202, 0.37084, 0.988544, 0.989752, 1, 

22,31,0.001, 0.0219731, 0.029241, 0.0404862, 0.0619183, 0.0802979, 0.125949, 0.153577, 0.217462, 0.254248, 1, 

Generation #31
28,25,0.001, 0.0440364, 0.029241, 0.0404862, 0.066938, 0.0802979, 0.0642832, 0.0922649, 0.176548, 0.217462, 0.254248, 0.293026, 0.362859, 0.457325, 0.491685, 0.584534, 0.916865, 0.951802, 1, 

27,30,0.001, 0.0440364, 0.029241, 0.0404862, 0.066938, 0.0802979, 0.0642832, 0.0922649, 0.176548, 0.217462, 0.254248, 0.358202, 0.37084, 0.988544, 0.989752, 1, 

22,31,0.001, 0.0219731, 0.029241, 0.0404862, 0.0619183, 0.0802979, 0.125949, 0.153577, 0.217462, 0.254248, 1, 

Generation #32
28,25,0.001, 0.0440364, 0.029241, 0.0404862, 0.066938, 0.0802979, 0.0642832, 0.0922649, 0.176548, 0.217462, 0.254248, 0.293026, 0.362859, 0.457325, 0.491685, 0.584534, 0.916865, 0.951802, 1, 

27,30,0.001, 0.0440364, 0.029241, 0.0404862, 0.066938, 0.0802979, 0.0642832, 0.0922649, 0.176548, 0.217462, 0.254248, 0.358202, 0.37084, 0.988544, 0.989752, 1, 

22,31,0.001, 0.0219731, 0.029241, 0.0404862, 0.0619183, 0.0802979, 0.125949, 0.153577, 0.217462, 0.254248, 1, 

Generation #33
28,25,0.001, 0.0440364, 0.029241, 0.0404862, 0.066938, 0.0802979, 0.0642832, 0.0922649, 0.176548, 0.217462, 0.254248, 0.293026, 0.362859, 0.457325, 0.491685, 0.584534, 0.916865, 0.951802, 1, 

27,30,0.001, 0.0440364, 0.029241, 0.0404862, 0.066938, 0.0802979, 0.0642832, 0.0922649, 0.176548, 0.217462, 0.254248, 0.358202, 0.37084, 0.988544, 0.989752, 1, 

22,31,0.001, 0.0219731, 0.029241, 0.0404862, 0.0619183, 0.0802979, 0.125949, 0.153577, 0.217462, 0.254248, 1, 

Generation #34
28,25,0.001, 0.0440364, 0.029241, 0.0404862, 0.066938, 0.0802979, 0.0642832, 0.0922649, 0.176548, 0.217462, 0.254248, 0.293026, 0.362859, 0.457325, 0.491685, 0.584534, 0.916865, 0.951802, 1, 

27,30,0.001, 0.0440364, 0.029241, 0.0404862, 0.066938, 0.0802979, 0.0642832, 0.0922649, 0.176548, 0.217462, 0.254248, 0.358202, 0.37084, 0.988544, 0.989752, 1, 

22,31,0.001, 0.0219731, 0.029241, 0.0404862, 0.0619183, 0.0802979, 0.125949, 0.153577, 0.217462, 0.254248, 1, 

Generation #35
28,25,0.001, 0.0440364, 0.029241, 0.0404862, 0.066938, 0.0802979, 0.0642832, 0.0922649, 0.176548, 0.217462, 0.254248, 0.293026, 0.362859, 0.457325, 0.491685, 0.584534, 0.916865, 0.951802, 1, 

27,30,0.001, 0.0440364, 0.029241, 0.0404862, 0.066938, 0.0802979, 0.0642832, 0.0922649, 0.176548, 0.217462, 0.254248, 0.358202, 0.37084, 0.988544, 0.989752, 1, 

22,31,0.001, 0.0219731, 0.029241, 0.0404862, 0.0619183, 0.0802979, 0.125949, 0.153577, 0.217462, 0.254248, 1, 

31,23,0.001, 0.0219731, 0.029241, 0.0404862, 0.066938, 0.0802979, 0.0642832, 0.0922649, 0.176548, 0.217462, 0.254248, 0.293026, 0.362859, 0.457325, 0.491685, 0.584534, 0.584534, 0.916865, 0.951802, 1, 

Generation #36
28,25,0.001, 0.0440364, 0.029241, 0.0404862, 0.066938, 0.0802979, 0.0642832, 0.0922649, 0.176548, 0.217462, 0.254248, 0.293026, 0.362859, 0.457325, 0.491685, 0.584534, 0.916865, 0.951802, 1, 

27,30,0.001, 0.0440364, 0.029241, 0.0404862, 0.066938, 0.0802979, 0.0642832, 0.0922649, 0.176548, 0.217462, 0.254248, 0.358202, 0.37084, 0.988544, 0.989752, 1, 

22,31,0.001, 0.0219731, 0.029241, 0.0404862, 0.0619183, 0.0802979, 0.125949, 0.153577, 0.217462, 0.254248, 1, 

31,23,0.001, 0.0219731, 0.029241, 0.0404862, 0.066938, 0.0802979, 0.0642832, 0.0922649, 0.176548, 0.217462, 0.254248, 0.293026, 0.362859, 0.457325, 0.491685, 0.584534, 0.584534, 0.916865, 0.951802, 1, 

Generation #37
28,25,0.001, 0.0440364, 0.029241, 0.0404862, 0.066938, 0.0802979, 0.0642832, 0.0922649, 0.176548, 0.217462, 0.254248, 0.293026, 0.362859, 0.457325, 0.491685, 0.584534, 0.916865, 0.951802, 1, 

27,30,0.001, 0.0440364, 0.029241, 0.0404862, 0.066938, 0.0802979, 0.0642832, 0.0922649, 0.176548, 0.217462, 0.254248, 0.358202, 0.37084, 0.988544, 0.989752, 1, 

22,31,0.001, 0.0219731, 0.029241, 0.0404862, 0.0619183, 0.0802979, 0.125949, 0.153577, 0.217462, 0.254248, 1, 

31,23,0.001, 0.0219731, 0.029241, 0.0404862, 0.066938, 0.0802979, 0.0642832, 0.0922649, 0.176548, 0.217462, 0.254248, 0.293026, 0.362859, 0.457325, 0.491685, 0.584534, 0.584534, 0.916865, 0.951802, 1, 

Generation #38
28,25,0.001, 0.0440364, 0.029241, 0.0404862, 0.066938, 0.0802979, 0.0642832, 0.0922649, 0.176548, 0.217462, 0.254248, 0.293026, 0.362859, 0.457325, 0.491685, 0.584534, 0.916865, 0.951802, 1, 

27,30,0.001, 0.0440364, 0.029241, 0.0404862, 0.066938, 0.0802979, 0.0642832, 0.0922649, 0.176548, 0.217462, 0.254248, 0.358202, 0.37084, 0.988544, 0.989752, 1, 

22,31,0.001, 0.0219731, 0.029241, 0.0404862, 0.0619183, 0.0802979, 0.125949, 0.153577, 0.217462, 0.254248, 1, 

31,23,0.001, 0.0219731, 0.029241, 0.0404862, 0.066938, 0.0802979, 0.0642832, 0.0922649, 0.176548, 0.217462, 0.254248, 0.293026, 0.362859, 0.457325, 0.491685, 0.584534, 0.584534, 0.916865, 0.951802, 1, 

Generation #39
28,25,0.001, 0.0440364, 0.029241, 0.0404862, 0.066938, 0.0802979, 0.0642832, 0.0922649, 0.176548, 0.217462, 0.254248, 0.293026, 0.362859, 0.457325, 0.491685, 0.584534, 0.916865, 0.951802, 1, 

27,30,0.001, 0.0440364, 0.029241, 0.0404862, 0.066938, 0.0802979, 0.0642832, 0.0922649, 0.176548, 0.217462, 0.254248, 0.358202, 0.37084, 0.988544, 0.989752, 1, 

22,31,0.001, 0.0219731, 0.029241, 0.0404862, 0.0619183, 0.0802979, 0.125949, 0.153577, 0.217462, 0.254248, 1, 

31,23,0.001, 0.0219731, 0.029241, 0.0404862, 0.066938, 0.0802979, 0.0642832, 0.0922649, 0.176548, 0.217462, 0.254248, 0.293026, 0.362859, 0.457325, 0.491685, 0.584534, 0.584534, 0.916865, 0.951802, 1, 

Generation #40
28,25,0.001, 0.0440364, 0.029241, 0.0404862, 0.066938, 0.0802979, 0.0642832, 0.0922649, 0.176548, 0.217462, 0.254248, 0.293026, 0.362859, 0.457325, 0.491685, 0.584534, 0.916865, 0.951802, 1, 

27,30,0.001, 0.0440364, 0.029241, 0.0404862, 0.066938, 0.0802979, 0.0642832, 0.0922649, 0.176548, 0.217462, 0.254248, 0.358202, 0.37084, 0.988544, 0.989752, 1, 

22,31,0.001, 0.0219731, 0.029241, 0.0404862, 0.0619183, 0.0802979, 0.125949, 0.153577, 0.217462, 0.254248, 1, 

31,23,0.001, 0.0219731, 0.029241, 0.0404862, 0.066938, 0.0802979, 0.0642832, 0.0922649, 0.176548, 0.217462, 0.254248, 0.293026, 0.362859, 0.457325, 0.491685, 0.584534, 0.584534, 0.916865, 0.951802, 1, 

Generation #41
28,25,0.001, 0.0440364, 0.029241, 0.0404862, 0.066938, 0.0802979, 0.0642832, 0.0922649, 0.176548, 0.217462, 0.254248, 0.293026, 0.362859, 0.457325, 0.491685, 0.584534, 0.916865, 0.951802, 1, 

27,30,0.001, 0.0440364, 0.029241, 0.0404862, 0.066938, 0.0802979, 0.0642832, 0.0922649, 0.176548, 0.217462, 0.254248, 0.358202, 0.37084, 0.988544, 0.989752, 1, 

22,31,0.001, 0.0219731, 0.029241, 0.0404862, 0.0619183, 0.0802979, 0.125949, 0.153577, 0.217462, 0.254248, 1, 

31,23,0.001, 0.0219731, 0.029241, 0.0404862, 0.066938, 0.0802979, 0.0642832, 0.0922649, 0.176548, 0.217462, 0.254248, 0.293026, 0.362859, 0.457325, 0.491685, 0.584534, 0.584534, 0.916865, 0.951802, 1, 

Generation #42
28,25,0.001, 0.0440364, 0.029241, 0.0404862, 0.066938, 0.0802979, 0.0642832, 0.0922649, 0.176548, 0.217462, 0.254248, 0.293026, 0.362859, 0.457325, 0.491685, 0.584534, 0.916865, 0.951802, 1, 

27,30,0.001, 0.0440364, 0.029241, 0.0404862, 0.066938, 0.0802979, 0.0642832, 0.0922649, 0.176548, 0.217462, 0.254248, 0.358202, 0.37084, 0.988544, 0.989752, 1, 

22,31,0.001, 0.0219731, 0.029241, 0.0404862, 0.0619183, 0.0802979, 0.125949, 0.153577, 0.217462, 0.254248, 1, 

31,23,0.001, 0.0219731, 0.029241, 0.0404862, 0.066938, 0.0802979, 0.0642832, 0.0922649, 0.176548, 0.217462, 0.254248, 0.293026, 0.362859, 0.457325, 0.491685, 0.584534, 0.584534, 0.916865, 0.951802, 1, 

Generation #43
28,25,0.001, 0.0440364, 0.029241, 0.0404862, 0.066938, 0.0802979, 0.0642832, 0.0922649, 0.176548, 0.217462, 0.254248, 0.293026, 0.362859, 0.457325, 0.491685, 0.584534, 0.916865, 0.951802, 1, 

27,30,0.001, 0.0440364, 0.029241, 0.0404862, 0.066938, 0.0802979, 0.0642832, 0.0922649, 0.176548, 0.217462, 0.254248, 0.358202, 0.37084, 0.988544, 0.989752, 1, 

22,31,0.001, 0.0219731, 0.029241, 0.0404862, 0.0619183, 0.0802979, 0.125949, 0.153577, 0.217462, 0.254248, 1, 

31,23,0.001, 0.0219731, 0.029241, 0.0404862, 0.066938, 0.0802979, 0.0642832, 0.0922649, 0.176548, 0.217462, 0.254248, 0.293026, 0.362859, 0.457325, 0.491685, 0.584534, 0.584534, 0.916865, 0.951802, 1, 

Generation #44
22,31,0.001, 0.0219731, 0.029241, 0.0404862, 0.0619183, 0.0802979, 0.125949, 0.153577, 0.217462, 0.254248, 1, 

31,23,0.001, 0.0219731, 0.029241, 0.0404862, 0.066938, 0.0802979, 0.0642832, 0.0922649, 0.176548, 0.217462, 0.254248, 0.293026, 0.362859, 0.457325, 0.491685, 0.584534, 0.584534, 0.916865, 0.951802, 1, 

27,25,0.001, 0.0219731, 0.029241, 0.0404862, 0.0619183, 0.0802979, 0.0922649, 0.0922649, 0.176548, 0.217462, 0.254248, 0.293026, 0.362859, 0.457325, 0.491685, 0.584534, 0.916865, 0.951802, 1, 

Generation #45
22,31,0.001, 0.0219731, 0.029241, 0.0404862, 0.0619183, 0.0802979, 0.125949, 0.153577, 0.217462, 0.254248, 1, 

27,25,0.001, 0.0219731, 0.029241, 0.0404862, 0.0619183, 0.0802979, 0.0922649, 0.0922649, 0.176548, 0.217462, 0.254248, 0.293026, 0.362859, 0.457325, 0.491685, 0.584534, 0.916865, 0.951802, 1, 

29,23,0.001, 0.0219731, 0.029241, 0.0404862, 0.0619183, 0.0802979, 0.0642832, 0.0922649, 0.176548, 0.217462, 0.254248, 0.293026, 0.362859, 0.457325, 0.491685, 0.584534, 0.584534, 0.916865, 0.951802, 1, 

Generation #46
22,31,0.001, 0.0219731, 0.029241, 0.0404862, 0.0619183, 0.0802979, 0.125949, 0.153577, 0.217462, 0.254248, 1, 

27,25,0.001, 0.0219731, 0.029241, 0.0404862, 0.0619183, 0.0802979, 0.0922649, 0.0922649, 0.176548, 0.217462, 0.254248, 0.293026, 0.362859, 0.457325, 0.491685, 0.584534, 0.916865, 0.951802, 1, 

29,23,0.001, 0.0219731, 0.029241, 0.0404862, 0.0619183, 0.0802979, 0.0642832, 0.0922649, 0.176548, 0.217462, 0.254248, 0.293026, 0.362859, 0.457325, 0.491685, 0.584534, 0.584534, 0.916865, 0.951802, 1, 

Generation #47
22,31,0.001, 0.0219731, 0.029241, 0.0404862, 0.0619183, 0.0802979, 0.125949, 0.153577, 0.217462, 0.254248, 1, 

27,25,0.001, 0.0219731, 0.029241, 0.0404862, 0.0619183, 0.0802979, 0.0922649, 0.0922649, 0.176548, 0.217462, 0.254248, 0.293026, 0.362859, 0.457325, 0.491685, 0.584534, 0.916865, 0.951802, 1, 

29,23,0.001, 0.0219731, 0.029241, 0.0404862, 0.0619183, 0.0802979, 0.0642832, 0.0922649, 0.176548, 0.217462, 0.254248, 0.293026, 0.362859, 0.457325, 0.491685, 0.584534, 0.584534, 0.916865, 0.951802, 1, 

Generation #48
22,31,0.001, 0.0219731, 0.029241, 0.0404862, 0.0619183, 0.0802979, 0.125949, 0.153577, 0.217462, 0.254248, 1, 

27,25,0.001, 0.0219731, 0.029241, 0.0404862, 0.0619183, 0.0802979, 0.0922649, 0.0922649, 0.176548, 0.217462, 0.254248, 0.293026, 0.362859, 0.457325, 0.491685, 0.584534, 0.916865, 0.951802, 1, 

29,23,0.001, 0.0219731, 0.029241, 0.0404862, 0.0619183, 0.0802979, 0.0642832, 0.0922649, 0.176548, 0.217462, 0.254248, 0.293026, 0.362859, 0.457325, 0.491685, 0.584534, 0.584534, 0.916865, 0.951802, 1, 

26,28,0.001, 0.0219731, 0.029241, 0.0404862, 0.13583, 0.066938, 0.0922649, 0.176548, 0.217462, 0.217462, 0.254248, 0.358202, 0.37084, 0.988544, 0.989752, 1, 

Generation #49
22,31,0.001, 0.0219731, 0.029241, 0.0404862, 0.0619183, 0.0802979, 0.125949, 0.153577, 0.217462, 0.254248, 1, 

27,25,0.001, 0.0219731, 0.029241, 0.0404862, 0.0619183, 0.0802979, 0.0922649, 0.0922649, 0.176548, 0.217462, 0.254248, 0.293026, 0.362859, 0.457325, 0.491685, 0.584534, 0.916865, 0.951802, 1, 

29,23,0.001, 0.0219731, 0.029241, 0.0404862, 0.0619183, 0.0802979, 0.0642832, 0.0922649, 0.176548, 0.217462, 0.254248, 0.293026, 0.362859, 0.457325, 0.491685, 0.584534, 0.584534, 0.916865, 0.951802, 1, 

26,28,0.001, 0.0219731, 0.029241, 0.0404862, 0.13583, 0.066938, 0.0922649, 0.176548, 0.217462, 0.217462, 0.254248, 0.358202, 0.37084, 0.988544, 0.989752, 1, 

--- Pareto Front Solutions ---
Solution 0: N total=112 (N_initial=90, N_added=22), Time total=35 ms, Saved to: ./results/Make_t2_l3_pareto_0.csv, percents=0.001, 0.0219731, 0.029241, 0.0404862, 0.0619183, 0.0802979, 0.125949, 0.153577, 0.217462, 0.254248, 1, 

Solution 1: N total=117 (N_initial=90, N_added=27), Time total=29 ms, Saved to: ./results/Make_t2_l3_pareto_1.csv, percents=0.001, 0.0219731, 0.029241, 0.0404862, 0.0619183, 0.0802979, 0.0922649, 0.0922649, 0.176548, 0.217462, 0.254248, 0.293026, 0.362859, 0.457325, 0.491685, 0.584534, 0.916865, 0.951802, 1, 

Solution 2: N total=119 (N_initial=90, N_added=29), Time total=27 ms, Saved to: ./results/Make_t2_l3_pareto_2.csv, percents=0.001, 0.0219731, 0.029241, 0.0404862, 0.0619183, 0.0802979, 0.0642832, 0.0922649, 0.176548, 0.217462, 0.254248, 0.293026, 0.362859, 0.457325, 0.491685, 0.584534, 0.584534, 0.916865, 0.951802, 1, 

Solution 3: N total=116 (N_initial=90, N_added=26), Time total=32 ms, Saved to: ./results/Make_t2_l3_pareto_3.csv, percents=0.001, 0.0219731, 0.029241, 0.0404862, 0.13583, 0.066938, 0.0922649, 0.176548, 0.217462, 0.217462, 0.254248, 0.358202, 0.37084, 0.988544, 0.989752, 1, 

------------d=1, t=2, lambda=4, filename=./evaluation/Make/Make_2_4.csv------------
Grouping d-sets by partitioned row counts for detecting arrays...
Ready to look at pairs for detecting arrays...
First Stage N=120, Time=5
There are 132 remaining non-locating pairs
--- Running GA Algorithm (phase2) ---
Running GA with std::execution::par
Generation #0
31,58,0.001, 0.131645, 0.153867, 0.156724, 0.19086, 0.267103, 0.27406, 0.302089, 0.395554, 0.632269, 0.755394, 0.757322, 0.811886, 0.981271, 0.981959, 0.994305, 1, 

35,52,0.001, 0.0573655, 0.0645829, 0.107316, 0.141149, 0.163789, 0.186074, 0.215576, 0.223935, 0.252752, 0.302002, 0.312771, 0.421288, 0.455757, 0.544668, 0.8196, 0.85559, 0.86182, 0.890182, 0.939926, 0.993645, 1, 

28,71,0.001, 0.0844258, 0.10153, 0.126459, 0.343994, 0.378409, 0.784121, 0.8166, 0.850311, 0.888905, 1, 

Generation #1
28,71,0.001, 0.0844258, 0.10153, 0.126459, 0.343994, 0.378409, 0.784121, 0.8166, 0.850311, 0.888905, 1, 

29,55,0.001, 0.0745671, 0.0908368, 0.134592, 0.24188, 0.249529, 0.263156, 0.478498, 0.497271, 0.576893, 0.679685, 0.978882, 0.996457, 1, 

30,43,0.001, 0.0817736, 0.0835914, 0.116647, 0.148585, 0.309522, 0.366671, 0.38044, 0.39814, 0.416456, 0.570019, 0.71376, 0.89502, 0.942325, 1, 

Generation #2
29,55,0.001, 0.0745671, 0.0908368, 0.134592, 0.24188, 0.249529, 0.263156, 0.478498, 0.497271, 0.576893, 0.679685, 0.978882, 0.996457, 1, 

30,43,0.001, 0.0817736, 0.0835914, 0.116647, 0.148585, 0.309522, 0.366671, 0.38044, 0.39814, 0.416456, 0.570019, 0.71376, 0.89502, 0.942325, 1, 

28,63,0.001, 0.0272462, 0.0316431, 0.0470431, 0.270124, 0.298951, 0.370947, 0.830659, 0.843295, 0.91076, 1, 

Generation #3
29,55,0.001, 0.0745671, 0.0908368, 0.134592, 0.24188, 0.249529, 0.263156, 0.478498, 0.497271, 0.576893, 0.679685, 0.978882, 0.996457, 1, 

30,43,0.001, 0.0817736, 0.0835914, 0.116647, 0.148585, 0.309522, 0.366671, 0.38044, 0.39814, 0.416456, 0.570019, 0.71376, 0.89502, 0.942325, 1, 

27,120,0.001, 0.0272462, 0.0316431, 0.0470431, 0.270124, 0.298951, 0.370947, 0.497956, 0.498624, 0.373534, 0.911296, 1, 

28,58,0.001, 0.0700046, 0.114849, 0.149794, 0.230227, 0.258153, 0.26267, 0.39343, 0.679431, 0.373534, 0.911296, 1, 

Generation #4
30,43,0.001, 0.0817736, 0.0835914, 0.116647, 0.148585, 0.309522, 0.366671, 0.38044, 0.39814, 0.416456, 0.570019, 0.71376, 0.89502, 0.942325, 1, 

27,48,0.001, 0.0272462, 0.0316431, 0.0470431, 0.270124, 0.298951, 0.315079, 0.323162, 0.430932, 0.48463, 0.950086, 0.966875, 0.988173, 1, 

Generation #5
30,43,0.001, 0.0817736, 0.0835914, 0.116647, 0.148585, 0.309522, 0.366671, 0.38044, 0.39814, 0.416456, 0.570019, 0.71376, 0.89502, 0.942325, 1, 

27,48,0.001, 0.0272462, 0.0316431, 0.0470431, 0.270124, 0.298951, 0.315079, 0.323162, 0.430932, 0.48463, 0.950086, 0.966875, 0.988173, 1, 

35,42,0.001, 0.0272462, 0.0645829, 0.107316, 0.141149, 0.163789, 0.186074, 0.215576, 0.223935, 0.252752, 0.302002, 0.312771, 0.421288, 0.455757, 0.544668, 0.8196, 0.85559, 0.86182, 0.890182, 0.939926, 0.993645, 1, 

26,66,0.001, 0.0272462, 0.152775, 0.219895, 0.137, 0.304064, 0.382254, 0.426777, 0.843295, 0.91076, 1, 

Generation #6
30,43,0.001, 0.0817736, 0.0835914, 0.116647, 0.148585, 0.309522, 0.366671, 0.38044, 0.39814, 0.416456, 0.570019, 0.71376, 0.89502, 0.942325, 1, 

27,48,0.001, 0.0272462, 0.0316431, 0.0470431, 0.270124, 0.298951, 0.315079, 0.323162, 0.430932, 0.48463, 0.950086, 0.966875, 0.988173, 1, 

35,42,0.001, 0.0272462, 0.0645829, 0.107316, 0.141149, 0.163789, 0.186074, 0.215576, 0.223935, 0.252752, 0.302002, 0.312771, 0.421288, 0.455757, 0.544668, 0.8196, 0.85559, 0.86182, 0.890182, 0.939926, 0.993645, 1, 

26,58,0.001, 0.0547738, 0.0677716, 0.0470431, 0.270124, 0.298951, 0.370947, 0.497956, 0.0977344, 0.395554, 0.91076, 1, 

25,92,0.001, 0.0547738, 0.0677716, 0.0999154, 0.156835, 0.237661, 0.315079, 0.302089, 0.395554, 0.632269, 0.755394, 1, 

Generation #7
30,43,0.001, 0.0817736, 0.0835914, 0.116647, 0.148585, 0.309522, 0.366671, 0.38044, 0.39814, 0.416456, 0.570019, 0.71376, 0.89502, 0.942325, 1, 

27,48,0.001, 0.0272462, 0.0316431, 0.0470431, 0.270124, 0.298951, 0.315079, 0.323162, 0.430932, 0.48463, 0.950086, 0.966875, 0.988173, 1, 

35,42,0.001, 0.0272462, 0.0645829, 0.107316, 0.141149, 0.163789, 0.186074, 0.215576, 0.223935, 0.252752, 0.302002, 0.312771, 0.421288, 0.455757, 0.544668, 0.8196, 0.85559, 0.86182, 0.890182, 0.939926, 0.993645, 1, 

25,92,0.001, 0.0547738, 0.0677716, 0.0999154, 0.156835, 0.237661, 0.315079, 0.302089, 0.395554, 0.632269, 0.755394, 1, 

26,52,0.001, 0.0573655, 0.0645829, 0.107316, 0.141149, 0.163789, 0.186074, 0.215576, 0.223935, 0.888905, 1, 

Generation #8
30,43,0.001, 0.0817736, 0.0835914, 0.116647, 0.148585, 0.309522, 0.366671, 0.38044, 0.39814, 0.416456, 0.570019, 0.71376, 0.89502, 0.942325, 1, 

27,48,0.001, 0.0272462, 0.0316431, 0.0470431, 0.270124, 0.298951, 0.315079, 0.323162, 0.430932, 0.48463, 0.950086, 0.966875, 0.988173, 1, 

35,42,0.001, 0.0272462, 0.0645829, 0.107316, 0.141149, 0.163789, 0.186074, 0.215576, 0.223935, 0.252752, 0.302002, 0.312771, 0.421288, 0.455757, 0.544668, 0.8196, 0.85559, 0.86182, 0.890182, 0.939926, 0.993645, 1, 

26,52,0.001, 0.0573655, 0.0645829, 0.107316, 0.141149, 0.163789, 0.186074, 0.215576, 0.223935, 0.888905, 1, 

25,61,0.001, 0.0402458, 0.139649, 0.142804, 0.194145, 0.304064, 0.382254, 0.426777, 0.91076, 1, 

Generation #9
27,48,0.001, 0.0272462, 0.0316431, 0.0470431, 0.270124, 0.298951, 0.315079, 0.323162, 0.430932, 0.48463, 0.950086, 0.966875, 0.988173, 1, 

26,52,0.001, 0.0573655, 0.0645829, 0.107316, 0.141149, 0.163789, 0.186074, 0.215576, 0.223935, 0.888905, 1, 

25,61,0.001, 0.0402458, 0.139649, 0.142804, 0.194145, 0.304064, 0.382254, 0.426777, 0.91076, 1, 

30,41,0.001, 0.0573655, 0.0645829, 0.107316, 0.194145, 0.238689, 0.244319, 0.267666, 0.309417, 0.354365, 0.60145, 0.608225, 0.619584, 0.660148, 1, 

Generation #10
27,48,0.001, 0.0272462, 0.0316431, 0.0470431, 0.270124, 0.298951, 0.315079, 0.323162, 0.430932, 0.48463, 0.950086, 0.966875, 0.988173, 1, 

26,52,0.001, 0.0573655, 0.0645829, 0.107316, 0.141149, 0.163789, 0.186074, 0.215576, 0.223935, 0.888905, 1, 

25,61,0.001, 0.0402458, 0.139649, 0.142804, 0.194145, 0.304064, 0.382254, 0.426777, 0.91076, 1, 

30,41,0.001, 0.0573655, 0.0645829, 0.107316, 0.194145, 0.238689, 0.244319, 0.267666, 0.309417, 0.354365, 0.60145, 0.608225, 0.619584, 0.660148, 1, 

Generation #11
30,41,0.001, 0.0573655, 0.0645829, 0.107316, 0.194145, 0.238689, 0.244319, 0.267666, 0.309417, 0.354365, 0.60145, 0.608225, 0.619584, 0.660148, 1, 

25,50,0.001, 0.0547738, 0.0677716, 0.0999154, 0.156835, 0.237661, 0.315079, 0.302089, 0.395554, 0.632269, 0.755394, 1, 

27,42,0.001, 0.0700046, 0.114849, 0.0999154, 0.156835, 0.237661, 0.302089, 0.395554, 0.632269, 0.755394, 1, 

Generation #12
30,41,0.001, 0.0573655, 0.0645829, 0.107316, 0.194145, 0.238689, 0.244319, 0.267666, 0.309417, 0.354365, 0.60145, 0.608225, 0.619584, 0.660148, 1, 

25,50,0.001, 0.0547738, 0.0677716, 0.0999154, 0.156835, 0.237661, 0.315079, 0.302089, 0.395554, 0.632269, 0.755394, 1, 

27,42,0.001, 0.0700046, 0.114849, 0.0999154, 0.156835, 0.237661, 0.302089, 0.395554, 0.632269, 0.755394, 1, 

Generation #13
30,41,0.001, 0.0573655, 0.0645829, 0.107316, 0.194145, 0.238689, 0.244319, 0.267666, 0.309417, 0.354365, 0.60145, 0.608225, 0.619584, 0.660148, 1, 

25,50,0.001, 0.0547738, 0.0677716, 0.0999154, 0.156835, 0.237661, 0.315079, 0.302089, 0.395554, 0.632269, 0.755394, 1, 

27,42,0.001, 0.0700046, 0.114849, 0.0999154, 0.156835, 0.237661, 0.302089, 0.395554, 0.632269, 0.755394, 1, 

Generation #14
30,41,0.001, 0.0573655, 0.0645829, 0.107316, 0.194145, 0.238689, 0.244319, 0.267666, 0.309417, 0.354365, 0.60145, 0.608225, 0.619584, 0.660148, 1, 

25,50,0.001, 0.0547738, 0.0677716, 0.0999154, 0.156835, 0.237661, 0.315079, 0.302089, 0.395554, 0.632269, 0.755394, 1, 

27,42,0.001, 0.0700046, 0.114849, 0.0999154, 0.156835, 0.237661, 0.302089, 0.395554, 0.632269, 0.755394, 1, 

Generation #15
30,41,0.001, 0.0573655, 0.0645829, 0.107316, 0.194145, 0.238689, 0.244319, 0.267666, 0.309417, 0.354365, 0.60145, 0.608225, 0.619584, 0.660148, 1, 

25,50,0.001, 0.0547738, 0.0677716, 0.0999154, 0.156835, 0.237661, 0.315079, 0.302089, 0.395554, 0.632269, 0.755394, 1, 

27,42,0.001, 0.0700046, 0.114849, 0.0999154, 0.156835, 0.237661, 0.302089, 0.395554, 0.632269, 0.755394, 1, 

Generation #16
25,50,0.001, 0.0547738, 0.0677716, 0.0999154, 0.156835, 0.237661, 0.315079, 0.302089, 0.395554, 0.632269, 0.755394, 1, 

26,41,0.001, 0.0700046, 0.0645829, 0.107316, 0.141149, 0.163789, 0.186074, 0.309417, 0.354365, 0.60145, 0.608225, 0.619584, 1, 

Generation #17
26,41,0.001, 0.0700046, 0.0645829, 0.107316, 0.141149, 0.163789, 0.186074, 0.309417, 0.354365, 0.60145, 0.608225, 0.619584, 1, 

25,42,0.001, 0.0573655, 0.0645829, 0.107316, 0.141149, 0.163789, 0.186074, 0.215576, 0.395554, 0.632269, 0.934421, 1, 

Generation #18
26,41,0.001, 0.0700046, 0.0645829, 0.107316, 0.141149, 0.163789, 0.186074, 0.309417, 0.354365, 0.60145, 0.608225, 0.619584, 1, 

25,42,0.001, 0.0573655, 0.0645829, 0.107316, 0.141149, 0.163789, 0.186074, 0.215576, 0.395554, 0.632269, 0.934421, 1, 

Generation #19
26,41,0.001, 0.0700046, 0.0645829, 0.107316, 0.141149, 0.163789, 0.186074, 0.309417, 0.354365, 0.60145, 0.608225, 0.619584, 1, 

25,42,0.001, 0.0573655, 0.0645829, 0.107316, 0.141149, 0.163789, 0.186074, 0.215576, 0.395554, 0.632269, 0.934421, 1, 

Generation #20
26,41,0.001, 0.0700046, 0.0645829, 0.107316, 0.141149, 0.163789, 0.186074, 0.309417, 0.354365, 0.60145, 0.608225, 0.619584, 1, 

25,42,0.001, 0.0573655, 0.0645829, 0.107316, 0.141149, 0.163789, 0.186074, 0.215576, 0.395554, 0.632269, 0.934421, 1, 

Generation #21
26,41,0.001, 0.0700046, 0.0645829, 0.107316, 0.141149, 0.163789, 0.186074, 0.309417, 0.354365, 0.60145, 0.608225, 0.619584, 1, 

25,42,0.001, 0.0573655, 0.0645829, 0.107316, 0.141149, 0.163789, 0.186074, 0.215576, 0.395554, 0.632269, 0.934421, 1, 

28,39,0.001, 0.0573655, 0.0645829, 0.107316, 0.141149, 0.163789, 0.186074, 0.215576, 0.309417, 0.354365, 0.60145, 0.608225, 0.619584, 0.660148, 0.691404, 1, 

Generation #22
26,41,0.001, 0.0700046, 0.0645829, 0.107316, 0.141149, 0.163789, 0.186074, 0.309417, 0.354365, 0.60145, 0.608225, 0.619584, 1, 

25,42,0.001, 0.0573655, 0.0645829, 0.107316, 0.141149, 0.163789, 0.186074, 0.215576, 0.395554, 0.632269, 0.934421, 1, 

28,39,0.001, 0.0573655, 0.0645829, 0.107316, 0.141149, 0.163789, 0.186074, 0.215576, 0.309417, 0.354365, 0.60145, 0.608225, 0.619584, 0.660148, 0.691404, 1, 

Generation #23
26,41,0.001, 0.0700046, 0.0645829, 0.107316, 0.141149, 0.163789, 0.186074, 0.309417, 0.354365, 0.60145, 0.608225, 0.619584, 1, 

25,42,0.001, 0.0573655, 0.0645829, 0.107316, 0.141149, 0.163789, 0.186074, 0.215576, 0.395554, 0.632269, 0.934421, 1, 

28,39,0.001, 0.0573655, 0.0645829, 0.107316, 0.141149, 0.163789, 0.186074, 0.215576, 0.309417, 0.354365, 0.60145, 0.608225, 0.619584, 0.660148, 0.691404, 1, 

Generation #24
26,41,0.001, 0.0700046, 0.0645829, 0.107316, 0.141149, 0.163789, 0.186074, 0.309417, 0.354365, 0.60145, 0.608225, 0.619584, 1, 

25,42,0.001, 0.0573655, 0.0645829, 0.107316, 0.141149, 0.163789, 0.186074, 0.215576, 0.395554, 0.632269, 0.934421, 1, 

28,39,0.001, 0.0573655, 0.0645829, 0.107316, 0.141149, 0.163789, 0.186074, 0.215576, 0.309417, 0.354365, 0.60145, 0.608225, 0.619584, 0.660148, 0.691404, 1, 

Generation #25
25,39,0.001, 0.0817736, 0.0835914, 0.116647, 0.148585, 0.309522, 0.366671, 0.38044, 0.39814, 1, 

28,38,0.001, 0.0573655, 0.0645829, 0.107316, 0.141149, 0.238689, 0.244319, 0.267666, 0.309417, 0.354365, 0.60145, 0.608225, 0.619584, 0.660148, 1, 

Generation #26
25,39,0.001, 0.0817736, 0.0835914, 0.116647, 0.148585, 0.309522, 0.366671, 0.38044, 0.39814, 1, 

28,38,0.001, 0.0573655, 0.0645829, 0.107316, 0.141149, 0.238689, 0.244319, 0.267666, 0.309417, 0.354365, 0.60145, 0.608225, 0.619584, 0.660148, 1, 

Generation #27
25,39,0.001, 0.0817736, 0.0835914, 0.116647, 0.148585, 0.309522, 0.366671, 0.38044, 0.39814, 1, 

28,38,0.001, 0.0573655, 0.0645829, 0.107316, 0.141149, 0.238689, 0.244319, 0.267666, 0.309417, 0.354365, 0.60145, 0.608225, 0.619584, 0.660148, 1, 

Generation #28
25,39,0.001, 0.0817736, 0.0835914, 0.116647, 0.148585, 0.309522, 0.366671, 0.38044, 0.39814, 1, 

28,38,0.001, 0.0573655, 0.0645829, 0.107316, 0.141149, 0.238689, 0.244319, 0.267666, 0.309417, 0.354365, 0.60145, 0.608225, 0.619584, 0.660148, 1, 

Generation #29
25,39,0.001, 0.0817736, 0.0835914, 0.116647, 0.148585, 0.309522, 0.366671, 0.38044, 0.39814, 1, 

28,38,0.001, 0.0573655, 0.0645829, 0.107316, 0.141149, 0.238689, 0.244319, 0.267666, 0.309417, 0.354365, 0.60145, 0.608225, 0.619584, 0.660148, 1, 

Generation #30
25,39,0.001, 0.0817736, 0.0835914, 0.116647, 0.148585, 0.309522, 0.366671, 0.38044, 0.39814, 1, 

28,38,0.001, 0.0573655, 0.0645829, 0.107316, 0.141149, 0.238689, 0.244319, 0.267666, 0.309417, 0.354365, 0.60145, 0.608225, 0.619584, 0.660148, 1, 

Generation #31
25,39,0.001, 0.0817736, 0.0835914, 0.116647, 0.148585, 0.309522, 0.366671, 0.38044, 0.39814, 1, 

28,38,0.001, 0.0573655, 0.0645829, 0.107316, 0.141149, 0.238689, 0.244319, 0.267666, 0.309417, 0.354365, 0.60145, 0.608225, 0.619584, 0.660148, 1, 

Generation #32
25,39,0.001, 0.0817736, 0.0835914, 0.116647, 0.148585, 0.309522, 0.366671, 0.38044, 0.39814, 1, 

28,38,0.001, 0.0573655, 0.0645829, 0.107316, 0.141149, 0.238689, 0.244319, 0.267666, 0.309417, 0.354365, 0.60145, 0.608225, 0.619584, 0.660148, 1, 

Generation #33
25,39,0.001, 0.0817736, 0.0835914, 0.116647, 0.148585, 0.309522, 0.366671, 0.38044, 0.39814, 1, 

28,38,0.001, 0.0573655, 0.0645829, 0.107316, 0.141149, 0.238689, 0.244319, 0.267666, 0.309417, 0.354365, 0.60145, 0.608225, 0.619584, 0.660148, 1, 

Generation #34
25,39,0.001, 0.0817736, 0.0835914, 0.116647, 0.148585, 0.309522, 0.366671, 0.38044, 0.39814, 1, 

28,38,0.001, 0.0573655, 0.0645829, 0.107316, 0.141149, 0.238689, 0.244319, 0.267666, 0.309417, 0.354365, 0.60145, 0.608225, 0.619584, 0.660148, 1, 

Generation #35
25,39,0.001, 0.0817736, 0.0835914, 0.116647, 0.148585, 0.309522, 0.366671, 0.38044, 0.39814, 1, 

28,38,0.001, 0.0573655, 0.0645829, 0.107316, 0.141149, 0.238689, 0.244319, 0.267666, 0.309417, 0.354365, 0.60145, 0.608225, 0.619584, 0.660148, 1, 

Generation #36
25,39,0.001, 0.0817736, 0.0835914, 0.116647, 0.148585, 0.309522, 0.366671, 0.38044, 0.39814, 1, 

28,38,0.001, 0.0573655, 0.0645829, 0.107316, 0.141149, 0.238689, 0.244319, 0.267666, 0.309417, 0.354365, 0.60145, 0.608225, 0.619584, 0.660148, 1, 

Generation #37
25,39,0.001, 0.0817736, 0.0835914, 0.116647, 0.148585, 0.309522, 0.366671, 0.38044, 0.39814, 1, 

28,38,0.001, 0.0573655, 0.0645829, 0.107316, 0.141149, 0.238689, 0.244319, 0.267666, 0.309417, 0.354365, 0.60145, 0.608225, 0.619584, 0.660148, 1, 

Generation #38
25,39,0.001, 0.0817736, 0.0835914, 0.116647, 0.148585, 0.309522, 0.366671, 0.38044, 0.39814, 1, 

28,38,0.001, 0.0573655, 0.0645829, 0.107316, 0.141149, 0.238689, 0.244319, 0.267666, 0.309417, 0.354365, 0.60145, 0.608225, 0.619584, 0.660148, 1, 

Generation #39
25,39,0.001, 0.0817736, 0.0835914, 0.116647, 0.148585, 0.309522, 0.366671, 0.38044, 0.39814, 1, 

28,35,0.001, 0.0817736, 0.0835914, 0.107316, 0.141149, 0.163789, 0.186074, 0.215576, 0.223935, 0.252752, 0.302002, 0.569145, 0.641675, 0.850093, 0.886764, 1, 

Generation #40
25,39,0.001, 0.0817736, 0.0835914, 0.116647, 0.148585, 0.309522, 0.366671, 0.38044, 0.39814, 1, 

28,35,0.001, 0.0817736, 0.0835914, 0.107316, 0.141149, 0.163789, 0.186074, 0.215576, 0.223935, 0.252752, 0.302002, 0.569145, 0.641675, 0.850093, 0.886764, 1, 

Generation #41
25,39,0.001, 0.0817736, 0.0835914, 0.116647, 0.148585, 0.309522, 0.366671, 0.38044, 0.39814, 1, 

28,35,0.001, 0.0817736, 0.0835914, 0.107316, 0.141149, 0.163789, 0.186074, 0.215576, 0.223935, 0.252752, 0.302002, 0.569145, 0.641675, 0.850093, 0.886764, 1, 

Generation #42
25,39,0.001, 0.0817736, 0.0835914, 0.116647, 0.148585, 0.309522, 0.366671, 0.38044, 0.39814, 1, 

28,35,0.001, 0.0817736, 0.0835914, 0.107316, 0.141149, 0.163789, 0.186074, 0.215576, 0.223935, 0.252752, 0.302002, 0.569145, 0.641675, 0.850093, 0.886764, 1, 

Generation #43
25,39,0.001, 0.0817736, 0.0835914, 0.116647, 0.148585, 0.309522, 0.366671, 0.38044, 0.39814, 1, 

28,35,0.001, 0.0817736, 0.0835914, 0.107316, 0.141149, 0.163789, 0.186074, 0.215576, 0.223935, 0.252752, 0.302002, 0.569145, 0.641675, 0.850093, 0.886764, 1, 

Generation #44
25,39,0.001, 0.0817736, 0.0835914, 0.116647, 0.148585, 0.309522, 0.366671, 0.38044, 0.39814, 1, 

28,35,0.001, 0.0817736, 0.0835914, 0.107316, 0.141149, 0.163789, 0.186074, 0.215576, 0.223935, 0.252752, 0.302002, 0.569145, 0.641675, 0.850093, 0.886764, 1, 

Generation #45
25,39,0.001, 0.0817736, 0.0835914, 0.116647, 0.148585, 0.309522, 0.366671, 0.38044, 0.39814, 1, 

28,35,0.001, 0.0817736, 0.0835914, 0.107316, 0.141149, 0.163789, 0.186074, 0.215576, 0.223935, 0.252752, 0.302002, 0.569145, 0.641675, 0.850093, 0.886764, 1, 

Generation #46
25,39,0.001, 0.0817736, 0.0835914, 0.116647, 0.148585, 0.309522, 0.366671, 0.38044, 0.39814, 1, 

28,35,0.001, 0.0817736, 0.0835914, 0.107316, 0.141149, 0.163789, 0.186074, 0.215576, 0.223935, 0.252752, 0.302002, 0.569145, 0.641675, 0.850093, 0.886764, 1, 

Generation #47
25,39,0.001, 0.0817736, 0.0835914, 0.116647, 0.148585, 0.309522, 0.366671, 0.38044, 0.39814, 1, 

28,35,0.001, 0.0817736, 0.0835914, 0.107316, 0.141149, 0.163789, 0.186074, 0.215576, 0.223935, 0.252752, 0.302002, 0.569145, 0.641675, 0.850093, 0.886764, 1, 

Generation #48
25,39,0.001, 0.0817736, 0.0835914, 0.116647, 0.148585, 0.309522, 0.366671, 0.38044, 0.39814, 1, 

28,35,0.001, 0.0817736, 0.0835914, 0.107316, 0.141149, 0.163789, 0.186074, 0.215576, 0.223935, 0.252752, 0.302002, 0.569145, 0.641675, 0.850093, 0.886764, 1, 

Generation #49
25,39,0.001, 0.0817736, 0.0835914, 0.116647, 0.148585, 0.309522, 0.366671, 0.38044, 0.39814, 1, 

28,35,0.001, 0.0817736, 0.0835914, 0.107316, 0.141149, 0.163789, 0.186074, 0.215576, 0.223935, 0.252752, 0.302002, 0.569145, 0.641675, 0.850093, 0.886764, 1, 

--- Pareto Front Solutions ---
Solution 0: N total=145 (N_initial=120, N_added=25), Time total=44 ms, Saved to: ./results/Make_t2_l4_pareto_0.csv, percents=0.001, 0.0817736, 0.0835914, 0.116647, 0.148585, 0.309522, 0.366671, 0.38044, 0.39814, 1, 

Solution 1: N total=148 (N_initial=120, N_added=28), Time total=40 ms, Saved to: ./results/Make_t2_l4_pareto_1.csv, percents=0.001, 0.0817736, 0.0835914, 0.107316, 0.141149, 0.163789, 0.186074, 0.215576, 0.223935, 0.252752, 0.302002, 0.569145, 0.641675, 0.850093, 0.886764, 1, 

