------------d=1, t=2, lambda=1, filename=./evaluation/SPINV/SPINV_2_1.csv------------
Grouping d-sets by partitioned row counts for detecting arrays...
Ready to look at pairs for detecting arrays...
First Stage N=40, Time=17
There are 15440 remaining non-locating pairs
--- Running GA Algorithm (phase2) ---
Running GA with std::execution::par
Generation #0
57,780,0.001, 0.016831, 0.0219461, 0.0261442, 0.0262016, 0.0663368, 0.0980615, 0.100799, 0.106911, 0.164494, 0.17776, 0.217953, 0.230267, 0.239707, 0.475426, 0.477239, 0.511489, 0.606937, 0.610299, 0.6522, 0.67643, 0.685118, 0.749872, 0.761045, 0.776041, 0.831382, 0.843834, 0.844438, 0.85952, 0.970357, 1, 

48,1005,0.001, 0.0404221, 0.114574, 0.207754, 0.255838, 0.348837, 0.488192, 0.608378, 0.649774, 0.656133, 0.670719, 0.80047, 0.818322, 0.927298, 0.950905, 0.999048, 1, 

43,2164,0.001, 0.0498482, 0.216652, 0.249468, 0.280081, 0.356849, 0.456092, 0.578588, 0.814896, 0.815772, 0.872318, 0.886671, 0.887786, 1, 

44,1243,0.001, 0.0344967, 0.0799311, 0.146416, 0.168693, 0.213749, 0.231546, 0.301595, 0.355781, 0.414556, 0.554904, 0.577706, 0.75276, 0.85917, 0.972072, 0.999616, 1, 

42,3218,0.001, 0.122718, 0.363604, 0.672066, 0.732928, 0.788191, 0.845823, 0.906977, 0.935203, 0.944783, 0.951693, 1, 

Generation #1
43,799,0.001, 0.00624963, 0.0674232, 0.0735423, 0.390537, 0.0215159, 0.417931, 0.617929, 0.682249, 0.701573, 0.772879, 0.792408, 0.827195, 1, 

45,629,0.001, 0.016831, 0.0219461, 0.0261442, 0.0262016, 0.0663368, 0.0980615, 0.100799, 0.106911, 0.164494, 0.17776, 0.217953, 0.230267, 0.239707, 0.337173, 0.475426, 0.477239, 0.511489, 0.606937, 0.939807, 1, 

41,949,0.001, 0.00749773, 0.0745505, 0.0835864, 0.148514, 0.0128827, 0.159123, 0.171845, 0.202599, 0.272444, 0.834638, 1, 

Generation #2
43,548,0.001, 0.0254464, 0.0366954, 0.0698214, 0.10015, 0.173493, 0.705002, 0.68848, 0.800919, 0.800945, 0.832629, 1, 

41,680,0.001, 0.0462656, 0.0669575, 0.140062, 0.250261, 0.316409, 0.38425, 0.397094, 0.439128, 0.944783, 0.984088, 1, 

40,691,0.001, 0.0234395, 0.0390873, 0.0460126, 0.10239, 0.640794, 0.37751, 0.421868, 0.450826, 0.991008, 1, 

Generation #3
40,691,0.001, 0.0234395, 0.0390873, 0.0460126, 0.10239, 0.640794, 0.37751, 0.421868, 0.450826, 0.991008, 1, 

41,410,0.001, 0.0234395, 0.0390873, 0.0460126, 0.10239, 0.640794, 0.482314, 0.608711, 0.40289, 0.834638, 1, 

Generation #4
41,410,0.001, 0.0234395, 0.0390873, 0.0460126, 0.10239, 0.640794, 0.482314, 0.608711, 0.40289, 0.834638, 1, 

39,625,0.001, 0.0234395, 0.0390873, 0.0460126, 0.10239, 0.111185, 0.37751, 0.421868, 0.244813, 0.262717, 0.951693, 1, 

Generation #5
41,410,0.001, 0.0234395, 0.0390873, 0.0460126, 0.10239, 0.640794, 0.482314, 0.608711, 0.40289, 0.834638, 1, 

39,557,0.001, 0.016774, 0.0547898, 0.114905, 0.167029, 0.157387, 0.210881, 0.23582, 0.244813, 0.262717, 0.951693, 1, 

58,360,0.001, 0.016774, 0.0219461, 0.0261442, 0.0262016, 0.0663368, 0.0980615, 0.100799, 0.106911, 0.164494, 0.17776, 0.217953, 0.230267, 0.239707, 0.475426, 0.477239, 0.511489, 0.606937, 0.536372, 0.610299, 0.6522, 0.67643, 0.685118, 0.749872, 0.761045, 0.776041, 0.831382, 0.843834, 0.844438, 0.85952, 0.970357, 1, 

55,368,0.001, 0.016831, 0.0219461, 0.0261442, 0.0262016, 0.0663368, 0.0980615, 0.100799, 0.106911, 0.164494, 0.17776, 0.217953, 0.230267, 0.239707, 0.475426, 0.477239, 0.511489, 0.606937, 0.536372, 0.610299, 0.6522, 0.67643, 0.685118, 0.749872, 0.761045, 0.776041, 0.831382, 0.843834, 0.844438, 0.85952, 0.970357, 1, 

Generation #6
41,410,0.001, 0.0234395, 0.0390873, 0.0460126, 0.10239, 0.640794, 0.482314, 0.608711, 0.40289, 0.834638, 1, 

58,360,0.001, 0.016774, 0.0219461, 0.0261442, 0.0262016, 0.0663368, 0.0980615, 0.100799, 0.106911, 0.164494, 0.17776, 0.217953, 0.230267, 0.239707, 0.475426, 0.477239, 0.511489, 0.606937, 0.536372, 0.610299, 0.6522, 0.67643, 0.685118, 0.749872, 0.761045, 0.776041, 0.831382, 0.843834, 0.844438, 0.85952, 0.970357, 1, 

55,368,0.001, 0.016831, 0.0219461, 0.0261442, 0.0262016, 0.0663368, 0.0980615, 0.100799, 0.106911, 0.164494, 0.17776, 0.217953, 0.230267, 0.239707, 0.475426, 0.477239, 0.511489, 0.606937, 0.536372, 0.610299, 0.6522, 0.67643, 0.685118, 0.749872, 0.761045, 0.776041, 0.831382, 0.843834, 0.844438, 0.85952, 0.970357, 1, 

38,684,0.001, 0.017851, 0.0456565, 0.0765168, 0.126535, 0.213749, 0.37751, 0.421868, 0.450826, 0.991008, 1, 

39,418,0.001, 0.016831, 0.0219461, 0.0261442, 0.0262016, 0.0663368, 0.0980615, 0.100799, 0.106911, 0.164494, 0.17776, 1, 

Generation #7
58,360,0.001, 0.016774, 0.0219461, 0.0261442, 0.0262016, 0.0663368, 0.0980615, 0.100799, 0.106911, 0.164494, 0.17776, 0.217953, 0.230267, 0.239707, 0.475426, 0.477239, 0.511489, 0.606937, 0.536372, 0.610299, 0.6522, 0.67643, 0.685118, 0.749872, 0.761045, 0.776041, 0.831382, 0.843834, 0.844438, 0.85952, 0.970357, 1, 

54,364,0.001, 0.016774, 0.0219461, 0.0261442, 0.0262016, 0.0663368, 0.0980615, 0.100799, 0.106911, 0.164494, 0.17776, 0.217953, 0.230267, 0.239707, 0.475426, 0.477239, 0.511489, 0.606937, 0.536372, 0.610299, 0.6522, 0.67643, 0.758009, 0.749872, 0.761045, 0.822098, 0.937526, 0.967304, 1, 

38,391,0.001, 0.016774, 0.0219461, 0.0261442, 0.0262016, 0.0663368, 0.0980615, 0.100799, 0.106911, 0.164494, 0.17776, 1, 

Generation #8
38,391,0.001, 0.016774, 0.0219461, 0.0261442, 0.0262016, 0.0663368, 0.0980615, 0.100799, 0.106911, 0.164494, 0.17776, 1, 

47,350,0.001, 0.016831, 0.0219461, 0.0261442, 0.0262016, 0.0663368, 0.222937, 0.0980615, 0.100799, 0.106911, 0.46076, 0.499657, 0.59825, 0.607071, 0.700106, 0.77817, 0.883051, 0.942354, 1, 

Generation #9
38,391,0.001, 0.016774, 0.0219461, 0.0261442, 0.0262016, 0.0663368, 0.0980615, 0.100799, 0.106911, 0.164494, 0.17776, 1, 

47,350,0.001, 0.016831, 0.0219461, 0.0261442, 0.0262016, 0.0663368, 0.222937, 0.0980615, 0.100799, 0.106911, 0.46076, 0.499657, 0.59825, 0.607071, 0.700106, 0.77817, 0.883051, 0.942354, 1, 

58,345,0.001, 0.016774, 0.0219461, 0.0261442, 0.0262016, 0.0663368, 0.0980615, 0.100799, 0.106911, 0.164494, 0.17776, 0.217953, 0.230267, 0.239707, 0.475426, 0.477239, 0.511489, 0.20846, 0.606937, 0.536372, 0.610299, 0.6522, 0.67643, 0.685118, 0.749872, 0.761045, 0.776041, 0.831382, 0.843834, 0.844438, 0.85952, 0.970357, 1, 

37,406,0.001, 0.016774, 0.0219461, 0.0261442, 0.0262016, 0.111185, 0.37751, 0.421868, 0.800945, 1, 

Generation #10
47,350,0.001, 0.016831, 0.0219461, 0.0261442, 0.0262016, 0.0663368, 0.222937, 0.0980615, 0.100799, 0.106911, 0.46076, 0.499657, 0.59825, 0.607071, 0.700106, 0.77817, 0.883051, 0.942354, 1, 

36,379,0.001, 0.016831, 0.0219461, 0.0261442, 0.0262016, 0.0663368, 0.222937, 0.421868, 0.800945, 1, 

52,320,0.001, 0.016774, 0.0219461, 0.0261442, 0.0262016, 0.0663368, 0.0980615, 0.100799, 0.106911, 0.164494, 0.17776, 0.217953, 0.230267, 0.239707, 0.475426, 0.477239, 0.511489, 0.20846, 0.606937, 0.536372, 0.610299, 0.6522, 0.67643, 0.685118, 0.822098, 0.937526, 0.967304, 1, 

Generation #11
36,379,0.001, 0.016831, 0.0219461, 0.0261442, 0.0262016, 0.0663368, 0.222937, 0.421868, 0.800945, 1, 

52,320,0.001, 0.016774, 0.0219461, 0.0261442, 0.0262016, 0.0663368, 0.0980615, 0.100799, 0.106911, 0.164494, 0.17776, 0.217953, 0.230267, 0.239707, 0.475426, 0.477239, 0.511489, 0.20846, 0.606937, 0.536372, 0.610299, 0.6522, 0.67643, 0.685118, 0.822098, 0.937526, 0.967304, 1, 

40,348,0.001, 0.016774, 0.0219461, 0.0261442, 0.0262016, 0.0663368, 0.0980615, 0.100799, 0.106911, 0.164494, 0.951693, 1, 

Generation #12
52,320,0.001, 0.016774, 0.0219461, 0.0261442, 0.0262016, 0.0663368, 0.0980615, 0.100799, 0.106911, 0.164494, 0.17776, 0.217953, 0.230267, 0.239707, 0.475426, 0.477239, 0.511489, 0.20846, 0.606937, 0.536372, 0.610299, 0.6522, 0.67643, 0.685118, 0.822098, 0.937526, 0.967304, 1, 

40,348,0.001, 0.016774, 0.0219461, 0.0261442, 0.0262016, 0.0663368, 0.0980615, 0.100799, 0.106911, 0.164494, 0.951693, 1, 

35,440,0.001, 0.0234395, 0.0390873, 0.0460126, 0.10239, 0.0663368, 0.0980615, 0.100799, 0.106911, 0.534667, 1, 

41,335,0.001, 0.016774, 0.0219461, 0.0261442, 0.0262016, 0.0663368, 0.0980615, 0.100799, 0.106911, 0.262717, 0.951693, 1, 

56,312,0.001, 0.016774, 0.0219461, 0.0261442, 0.0262016, 0.0663368, 0.0980615, 0.100799, 0.106911, 0.164494, 0.17776, 0.217953, 0.230267, 0.239707, 0.475426, 0.477239, 0.511489, 0.606937, 0.610299, 0.6522, 0.67643, 0.685118, 0.749872, 0.336645, 0.761045, 0.776041, 0.831382, 0.843834, 0.844438, 0.85952, 0.970357, 1, 

36,370,0.001, 0.016774, 0.0219461, 0.0261442, 0.0262016, 0.0663368, 0.0980615, 0.100799, 0.106911, 0.164494, 0.17776, 1, 

Generation #13
35,440,0.001, 0.0234395, 0.0390873, 0.0460126, 0.10239, 0.0663368, 0.0980615, 0.100799, 0.106911, 0.534667, 1, 

36,370,0.001, 0.016774, 0.0219461, 0.0261442, 0.0262016, 0.0663368, 0.0980615, 0.100799, 0.106911, 0.164494, 0.17776, 1, 

38,331,0.001, 0.016831, 0.0219461, 0.0261442, 0.0262016, 0.0663368, 0.0980615, 0.100799, 0.106911, 0.164494, 0.951693, 1, 

40,307,0.001, 0.016831, 0.0219461, 0.0261442, 0.0262016, 0.0663368, 0.0980615, 0.100799, 0.106911, 0.164494, 0.17776, 1, 

Generation #14
35,440,0.001, 0.0234395, 0.0390873, 0.0460126, 0.10239, 0.0663368, 0.0980615, 0.100799, 0.106911, 0.534667, 1, 

36,370,0.001, 0.016774, 0.0219461, 0.0261442, 0.0262016, 0.0663368, 0.0980615, 0.100799, 0.106911, 0.164494, 0.17776, 1, 

38,331,0.001, 0.016831, 0.0219461, 0.0261442, 0.0262016, 0.0663368, 0.0980615, 0.100799, 0.106911, 0.164494, 0.951693, 1, 

40,307,0.001, 0.016831, 0.0219461, 0.0261442, 0.0262016, 0.0663368, 0.0980615, 0.100799, 0.106911, 0.164494, 0.17776, 1, 

39,320,0.001, 0.016831, 0.0219461, 0.0261442, 0.0262016, 0.0663368, 0.0980615, 0.106911, 0.164494, 0.17776, 1, 

Generation #15
35,440,0.001, 0.0234395, 0.0390873, 0.0460126, 0.10239, 0.0663368, 0.0980615, 0.100799, 0.106911, 0.534667, 1, 

36,370,0.001, 0.016774, 0.0219461, 0.0261442, 0.0262016, 0.0663368, 0.0980615, 0.100799, 0.106911, 0.164494, 0.17776, 1, 

40,307,0.001, 0.016831, 0.0219461, 0.0261442, 0.0262016, 0.0663368, 0.0980615, 0.100799, 0.106911, 0.164494, 0.17776, 1, 

38,309,0.001, 0.016774, 0.0219461, 0.0261442, 0.0262016, 0.0663368, 0.0980615, 0.100799, 0.106911, 0.534667, 1, 

Generation #16
35,440,0.001, 0.0234395, 0.0390873, 0.0460126, 0.10239, 0.0663368, 0.0980615, 0.100799, 0.106911, 0.534667, 1, 

36,370,0.001, 0.016774, 0.0219461, 0.0261442, 0.0262016, 0.0663368, 0.0980615, 0.100799, 0.106911, 0.164494, 0.17776, 1, 

40,307,0.001, 0.016831, 0.0219461, 0.0261442, 0.0262016, 0.0663368, 0.0980615, 0.100799, 0.106911, 0.164494, 0.17776, 1, 

38,309,0.001, 0.016774, 0.0219461, 0.0261442, 0.0262016, 0.0663368, 0.0980615, 0.100799, 0.106911, 0.534667, 1, 

Generation #17
35,440,0.001, 0.0234395, 0.0390873, 0.0460126, 0.10239, 0.0663368, 0.0980615, 0.100799, 0.106911, 0.534667, 1, 

36,370,0.001, 0.016774, 0.0219461, 0.0261442, 0.0262016, 0.0663368, 0.0980615, 0.100799, 0.106911, 0.164494, 0.17776, 1, 

40,307,0.001, 0.016831, 0.0219461, 0.0261442, 0.0262016, 0.0663368, 0.0980615, 0.100799, 0.106911, 0.164494, 0.17776, 1, 

38,309,0.001, 0.016774, 0.0219461, 0.0261442, 0.0262016, 0.0663368, 0.0980615, 0.100799, 0.106911, 0.534667, 1, 

37,363,0.001, 0.016774, 0.0219461, 0.0261442, 0.0262016, 0.0663368, 0.0980615, 0.100799, 0.434974, 0.834638, 1, 

Generation #18
35,440,0.001, 0.0234395, 0.0390873, 0.0460126, 0.10239, 0.0663368, 0.0980615, 0.100799, 0.106911, 0.534667, 1, 

40,307,0.001, 0.016831, 0.0219461, 0.0261442, 0.0262016, 0.0663368, 0.0980615, 0.100799, 0.106911, 0.164494, 0.17776, 1, 

38,309,0.001, 0.016774, 0.0219461, 0.0261442, 0.0262016, 0.0663368, 0.0980615, 0.100799, 0.106911, 0.534667, 1, 

37,352,0.001, 0.016774, 0.0219461, 0.0261442, 0.0262016, 0.0663368, 0.0980615, 0.100799, 0.800945, 1, 

36,353,0.001, 0.016774, 0.0219461, 0.0261442, 0.0262016, 0.0980615, 0.100799, 0.100799, 0.800945, 1, 

Generation #19
35,440,0.001, 0.0234395, 0.0390873, 0.0460126, 0.10239, 0.0663368, 0.0980615, 0.100799, 0.106911, 0.534667, 1, 

40,307,0.001, 0.016831, 0.0219461, 0.0261442, 0.0262016, 0.0663368, 0.0980615, 0.100799, 0.106911, 0.164494, 0.17776, 1, 

38,309,0.001, 0.016774, 0.0219461, 0.0261442, 0.0262016, 0.0663368, 0.0980615, 0.100799, 0.106911, 0.534667, 1, 

37,352,0.001, 0.016774, 0.0219461, 0.0261442, 0.0262016, 0.0663368, 0.0980615, 0.100799, 0.800945, 1, 

36,353,0.001, 0.016774, 0.0219461, 0.0261442, 0.0262016, 0.0980615, 0.100799, 0.100799, 0.800945, 1, 

53,304,0.001, 0.016831, 0.0219461, 0.0261442, 0.0262016, 0.0663368, 0.0980615, 0.23582, 0.106911, 0.17776, 0.217953, 0.230267, 0.239707, 0.475426, 0.477239, 0.511489, 0.606937, 0.536372, 0.610299, 0.6522, 0.67643, 0.758009, 0.749872, 0.761045, 0.822098, 0.741323, 0.937526, 0.967304, 1, 

Generation #20
35,440,0.001, 0.0234395, 0.0390873, 0.0460126, 0.10239, 0.0663368, 0.0980615, 0.100799, 0.106911, 0.534667, 1, 

40,307,0.001, 0.016831, 0.0219461, 0.0261442, 0.0262016, 0.0663368, 0.0980615, 0.100799, 0.106911, 0.164494, 0.17776, 1, 

38,309,0.001, 0.016774, 0.0219461, 0.0261442, 0.0262016, 0.0663368, 0.0980615, 0.100799, 0.106911, 0.534667, 1, 

37,352,0.001, 0.016774, 0.0219461, 0.0261442, 0.0262016, 0.0663368, 0.0980615, 0.100799, 0.800945, 1, 

36,353,0.001, 0.016774, 0.0219461, 0.0261442, 0.0262016, 0.0980615, 0.100799, 0.100799, 0.800945, 1, 

53,304,0.001, 0.016831, 0.0219461, 0.0261442, 0.0262016, 0.0663368, 0.0980615, 0.23582, 0.106911, 0.17776, 0.217953, 0.230267, 0.239707, 0.475426, 0.477239, 0.511489, 0.606937, 0.536372, 0.610299, 0.6522, 0.67643, 0.758009, 0.749872, 0.761045, 0.822098, 0.741323, 0.937526, 0.967304, 1, 

Generation #21
35,440,0.001, 0.0234395, 0.0390873, 0.0460126, 0.10239, 0.0663368, 0.0980615, 0.100799, 0.106911, 0.534667, 1, 

40,307,0.001, 0.016831, 0.0219461, 0.0261442, 0.0262016, 0.0663368, 0.0980615, 0.100799, 0.106911, 0.164494, 0.17776, 1, 

38,309,0.001, 0.016774, 0.0219461, 0.0261442, 0.0262016, 0.0663368, 0.0980615, 0.100799, 0.106911, 0.534667, 1, 

37,352,0.001, 0.016774, 0.0219461, 0.0261442, 0.0262016, 0.0663368, 0.0980615, 0.100799, 0.800945, 1, 

36,353,0.001, 0.016774, 0.0219461, 0.0261442, 0.0262016, 0.0980615, 0.100799, 0.100799, 0.800945, 1, 

53,304,0.001, 0.016831, 0.0219461, 0.0261442, 0.0262016, 0.0663368, 0.0980615, 0.23582, 0.106911, 0.17776, 0.217953, 0.230267, 0.239707, 0.475426, 0.477239, 0.511489, 0.606937, 0.536372, 0.610299, 0.6522, 0.67643, 0.758009, 0.749872, 0.761045, 0.822098, 0.741323, 0.937526, 0.967304, 1, 

Generation #22
35,440,0.001, 0.0234395, 0.0390873, 0.0460126, 0.10239, 0.0663368, 0.0980615, 0.100799, 0.106911, 0.534667, 1, 

40,307,0.001, 0.016831, 0.0219461, 0.0261442, 0.0262016, 0.0663368, 0.0980615, 0.100799, 0.106911, 0.164494, 0.17776, 1, 

38,309,0.001, 0.016774, 0.0219461, 0.0261442, 0.0262016, 0.0663368, 0.0980615, 0.100799, 0.106911, 0.534667, 1, 

37,352,0.001, 0.016774, 0.0219461, 0.0261442, 0.0262016, 0.0663368, 0.0980615, 0.100799, 0.800945, 1, 

36,353,0.001, 0.016774, 0.0219461, 0.0261442, 0.0262016, 0.0980615, 0.100799, 0.100799, 0.800945, 1, 

53,304,0.001, 0.016831, 0.0219461, 0.0261442, 0.0262016, 0.0663368, 0.0980615, 0.23582, 0.106911, 0.17776, 0.217953, 0.230267, 0.239707, 0.475426, 0.477239, 0.511489, 0.606937, 0.536372, 0.610299, 0.6522, 0.67643, 0.758009, 0.749872, 0.761045, 0.822098, 0.741323, 0.937526, 0.967304, 1, 

Generation #23
35,440,0.001, 0.0234395, 0.0390873, 0.0460126, 0.10239, 0.0663368, 0.0980615, 0.100799, 0.106911, 0.534667, 1, 

40,307,0.001, 0.016831, 0.0219461, 0.0261442, 0.0262016, 0.0663368, 0.0980615, 0.100799, 0.106911, 0.164494, 0.17776, 1, 

38,309,0.001, 0.016774, 0.0219461, 0.0261442, 0.0262016, 0.0663368, 0.0980615, 0.100799, 0.106911, 0.534667, 1, 

37,352,0.001, 0.016774, 0.0219461, 0.0261442, 0.0262016, 0.0663368, 0.0980615, 0.100799, 0.800945, 1, 

36,353,0.001, 0.016774, 0.0219461, 0.0261442, 0.0262016, 0.0980615, 0.100799, 0.100799, 0.800945, 1, 

53,304,0.001, 0.016831, 0.0219461, 0.0261442, 0.0262016, 0.0663368, 0.0980615, 0.23582, 0.106911, 0.17776, 0.217953, 0.230267, 0.239707, 0.475426, 0.477239, 0.511489, 0.606937, 0.536372, 0.610299, 0.6522, 0.67643, 0.758009, 0.749872, 0.761045, 0.822098, 0.741323, 0.937526, 0.967304, 1, 

Generation #24
35,440,0.001, 0.0234395, 0.0390873, 0.0460126, 0.10239, 0.0663368, 0.0980615, 0.100799, 0.106911, 0.534667, 1, 

38,309,0.001, 0.016774, 0.0219461, 0.0261442, 0.0262016, 0.0663368, 0.0980615, 0.100799, 0.106911, 0.534667, 1, 

37,352,0.001, 0.016774, 0.0219461, 0.0261442, 0.0262016, 0.0663368, 0.0980615, 0.100799, 0.800945, 1, 

36,353,0.001, 0.016774, 0.0219461, 0.0261442, 0.0262016, 0.0980615, 0.100799, 0.100799, 0.800945, 1, 

40,302,0.001, 0.016831, 0.0219461, 0.0261442, 0.0262016, 0.0663368, 0.0980615, 0.100799, 0.106911, 0.164494, 0.951693, 1, 

Generation #25
35,440,0.001, 0.0234395, 0.0390873, 0.0460126, 0.10239, 0.0663368, 0.0980615, 0.100799, 0.106911, 0.534667, 1, 

37,352,0.001, 0.016774, 0.0219461, 0.0261442, 0.0262016, 0.0663368, 0.0980615, 0.100799, 0.800945, 1, 

36,353,0.001, 0.016774, 0.0219461, 0.0261442, 0.0262016, 0.0980615, 0.100799, 0.100799, 0.800945, 1, 

38,281,0.001, 0.016774, 0.0219461, 0.0261442, 0.0262016, 0.0663368, 0.0980615, 0.223946, 0.106911, 0.164494, 0.951693, 1, 

Generation #26
35,440,0.001, 0.0234395, 0.0390873, 0.0460126, 0.10239, 0.0663368, 0.0980615, 0.100799, 0.106911, 0.534667, 1, 

37,352,0.001, 0.016774, 0.0219461, 0.0261442, 0.0262016, 0.0663368, 0.0980615, 0.100799, 0.800945, 1, 

36,353,0.001, 0.016774, 0.0219461, 0.0261442, 0.0262016, 0.0980615, 0.100799, 0.100799, 0.800945, 1, 

38,281,0.001, 0.016774, 0.0219461, 0.0261442, 0.0262016, 0.0663368, 0.0980615, 0.223946, 0.106911, 0.164494, 0.951693, 1, 

Generation #27
35,440,0.001, 0.0234395, 0.0390873, 0.0460126, 0.10239, 0.0663368, 0.0980615, 0.100799, 0.106911, 0.534667, 1, 

37,352,0.001, 0.016774, 0.0219461, 0.0261442, 0.0262016, 0.0663368, 0.0980615, 0.100799, 0.800945, 1, 

36,353,0.001, 0.016774, 0.0219461, 0.0261442, 0.0262016, 0.0980615, 0.100799, 0.100799, 0.800945, 1, 

38,281,0.001, 0.016774, 0.0219461, 0.0261442, 0.0262016, 0.0663368, 0.0980615, 0.223946, 0.106911, 0.164494, 0.951693, 1, 

Generation #28
35,440,0.001, 0.0234395, 0.0390873, 0.0460126, 0.10239, 0.0663368, 0.0980615, 0.100799, 0.106911, 0.534667, 1, 

37,352,0.001, 0.016774, 0.0219461, 0.0261442, 0.0262016, 0.0663368, 0.0980615, 0.100799, 0.800945, 1, 

36,353,0.001, 0.016774, 0.0219461, 0.0261442, 0.0262016, 0.0980615, 0.100799, 0.100799, 0.800945, 1, 

38,281,0.001, 0.016774, 0.0219461, 0.0261442, 0.0262016, 0.0663368, 0.0980615, 0.223946, 0.106911, 0.164494, 0.951693, 1, 

Generation #29
35,440,0.001, 0.0234395, 0.0390873, 0.0460126, 0.10239, 0.0663368, 0.0980615, 0.100799, 0.106911, 0.534667, 1, 

37,352,0.001, 0.016774, 0.0219461, 0.0261442, 0.0262016, 0.0663368, 0.0980615, 0.100799, 0.800945, 1, 

36,353,0.001, 0.016774, 0.0219461, 0.0261442, 0.0262016, 0.0980615, 0.100799, 0.100799, 0.800945, 1, 

38,281,0.001, 0.016774, 0.0219461, 0.0261442, 0.0262016, 0.0663368, 0.0980615, 0.223946, 0.106911, 0.164494, 0.951693, 1, 

43,260,0.001, 0.016774, 0.0219461, 0.0261442, 0.0262016, 0.0663368, 0.222937, 0.0980615, 0.100799, 0.106911, 0.46076, 0.499657, 0.0805962, 0.607071, 0.700106, 0.77817, 0.883051, 0.942354, 1, 

Generation #30
35,440,0.001, 0.0234395, 0.0390873, 0.0460126, 0.10239, 0.0663368, 0.0980615, 0.100799, 0.106911, 0.534667, 1, 

37,352,0.001, 0.016774, 0.0219461, 0.0261442, 0.0262016, 0.0663368, 0.0980615, 0.100799, 0.800945, 1, 

36,353,0.001, 0.016774, 0.0219461, 0.0261442, 0.0262016, 0.0980615, 0.100799, 0.100799, 0.800945, 1, 

38,281,0.001, 0.016774, 0.0219461, 0.0261442, 0.0262016, 0.0663368, 0.0980615, 0.223946, 0.106911, 0.164494, 0.951693, 1, 

43,260,0.001, 0.016774, 0.0219461, 0.0261442, 0.0262016, 0.0663368, 0.222937, 0.0980615, 0.100799, 0.106911, 0.46076, 0.499657, 0.0805962, 0.607071, 0.700106, 0.77817, 0.883051, 0.942354, 1, 

Generation #31
35,440,0.001, 0.0234395, 0.0390873, 0.0460126, 0.10239, 0.0663368, 0.0980615, 0.100799, 0.106911, 0.534667, 1, 

37,352,0.001, 0.016774, 0.0219461, 0.0261442, 0.0262016, 0.0663368, 0.0980615, 0.100799, 0.800945, 1, 

36,353,0.001, 0.016774, 0.0219461, 0.0261442, 0.0262016, 0.0980615, 0.100799, 0.100799, 0.800945, 1, 

38,281,0.001, 0.016774, 0.0219461, 0.0261442, 0.0262016, 0.0663368, 0.0980615, 0.223946, 0.106911, 0.164494, 0.951693, 1, 

43,260,0.001, 0.016774, 0.0219461, 0.0261442, 0.0262016, 0.0663368, 0.222937, 0.0980615, 0.100799, 0.106911, 0.46076, 0.499657, 0.0805962, 0.607071, 0.700106, 0.77817, 0.883051, 0.942354, 1, 

Generation #32
35,440,0.001, 0.0234395, 0.0390873, 0.0460126, 0.10239, 0.0663368, 0.0980615, 0.100799, 0.106911, 0.534667, 1, 

36,353,0.001, 0.016774, 0.0219461, 0.0261442, 0.0262016, 0.0980615, 0.100799, 0.100799, 0.800945, 1, 

38,281,0.001, 0.016774, 0.0219461, 0.0261442, 0.0262016, 0.0663368, 0.0980615, 0.223946, 0.106911, 0.164494, 0.951693, 1, 

43,260,0.001, 0.016774, 0.0219461, 0.0261442, 0.0262016, 0.0663368, 0.222937, 0.0980615, 0.100799, 0.106911, 0.46076, 0.499657, 0.0805962, 0.607071, 0.700106, 0.77817, 0.883051, 0.942354, 1, 

37,304,0.001, 0.016831, 0.0219461, 0.0261442, 0.0262016, 0.0663368, 0.0980615, 0.100799, 0.244813, 0.262717, 0.951693, 1, 

Generation #33
35,440,0.001, 0.0234395, 0.0390873, 0.0460126, 0.10239, 0.0663368, 0.0980615, 0.100799, 0.106911, 0.534667, 1, 

36,353,0.001, 0.016774, 0.0219461, 0.0261442, 0.0262016, 0.0980615, 0.100799, 0.100799, 0.800945, 1, 

38,281,0.001, 0.016774, 0.0219461, 0.0261442, 0.0262016, 0.0663368, 0.0980615, 0.223946, 0.106911, 0.164494, 0.951693, 1, 

43,260,0.001, 0.016774, 0.0219461, 0.0261442, 0.0262016, 0.0663368, 0.222937, 0.0980615, 0.100799, 0.106911, 0.46076, 0.499657, 0.0805962, 0.607071, 0.700106, 0.77817, 0.883051, 0.942354, 1, 

37,304,0.001, 0.016831, 0.0219461, 0.0261442, 0.0262016, 0.0663368, 0.0980615, 0.100799, 0.244813, 0.262717, 0.951693, 1, 

Generation #34
35,440,0.001, 0.0234395, 0.0390873, 0.0460126, 0.10239, 0.0663368, 0.0980615, 0.100799, 0.106911, 0.534667, 1, 

36,353,0.001, 0.016774, 0.0219461, 0.0261442, 0.0262016, 0.0980615, 0.100799, 0.100799, 0.800945, 1, 

38,281,0.001, 0.016774, 0.0219461, 0.0261442, 0.0262016, 0.0663368, 0.0980615, 0.223946, 0.106911, 0.164494, 0.951693, 1, 

43,260,0.001, 0.016774, 0.0219461, 0.0261442, 0.0262016, 0.0663368, 0.222937, 0.0980615, 0.100799, 0.106911, 0.46076, 0.499657, 0.0805962, 0.607071, 0.700106, 0.77817, 0.883051, 0.942354, 1, 

37,304,0.001, 0.016831, 0.0219461, 0.0261442, 0.0262016, 0.0663368, 0.0980615, 0.100799, 0.244813, 0.262717, 0.951693, 1, 

Generation #35
35,440,0.001, 0.0234395, 0.0390873, 0.0460126, 0.10239, 0.0663368, 0.0980615, 0.100799, 0.106911, 0.534667, 1, 

36,353,0.001, 0.016774, 0.0219461, 0.0261442, 0.0262016, 0.0980615, 0.100799, 0.100799, 0.800945, 1, 

38,281,0.001, 0.016774, 0.0219461, 0.0261442, 0.0262016, 0.0663368, 0.0980615, 0.223946, 0.106911, 0.164494, 0.951693, 1, 

43,260,0.001, 0.016774, 0.0219461, 0.0261442, 0.0262016, 0.0663368, 0.222937, 0.0980615, 0.100799, 0.106911, 0.46076, 0.499657, 0.0805962, 0.607071, 0.700106, 0.77817, 0.883051, 0.942354, 1, 

37,304,0.001, 0.016831, 0.0219461, 0.0261442, 0.0262016, 0.0663368, 0.0980615, 0.100799, 0.244813, 0.262717, 0.951693, 1, 

Generation #36
35,440,0.001, 0.0234395, 0.0390873, 0.0460126, 0.10239, 0.0663368, 0.0980615, 0.100799, 0.106911, 0.534667, 1, 

36,353,0.001, 0.016774, 0.0219461, 0.0261442, 0.0262016, 0.0980615, 0.100799, 0.100799, 0.800945, 1, 

38,281,0.001, 0.016774, 0.0219461, 0.0261442, 0.0262016, 0.0663368, 0.0980615, 0.223946, 0.106911, 0.164494, 0.951693, 1, 

43,260,0.001, 0.016774, 0.0219461, 0.0261442, 0.0262016, 0.0663368, 0.222937, 0.0980615, 0.100799, 0.106911, 0.46076, 0.499657, 0.0805962, 0.607071, 0.700106, 0.77817, 0.883051, 0.942354, 1, 

37,304,0.001, 0.016831, 0.0219461, 0.0261442, 0.0262016, 0.0663368, 0.0980615, 0.100799, 0.244813, 0.262717, 0.951693, 1, 

Generation #37
35,440,0.001, 0.0234395, 0.0390873, 0.0460126, 0.10239, 0.0663368, 0.0980615, 0.100799, 0.106911, 0.534667, 1, 

36,353,0.001, 0.016774, 0.0219461, 0.0261442, 0.0262016, 0.0980615, 0.100799, 0.100799, 0.800945, 1, 

38,281,0.001, 0.016774, 0.0219461, 0.0261442, 0.0262016, 0.0663368, 0.0980615, 0.223946, 0.106911, 0.164494, 0.951693, 1, 

43,260,0.001, 0.016774, 0.0219461, 0.0261442, 0.0262016, 0.0663368, 0.222937, 0.0980615, 0.100799, 0.106911, 0.46076, 0.499657, 0.0805962, 0.607071, 0.700106, 0.77817, 0.883051, 0.942354, 1, 

37,304,0.001, 0.016831, 0.0219461, 0.0261442, 0.0262016, 0.0663368, 0.0980615, 0.100799, 0.244813, 0.262717, 0.951693, 1, 

Generation #38
35,440,0.001, 0.0234395, 0.0390873, 0.0460126, 0.10239, 0.0663368, 0.0980615, 0.100799, 0.106911, 0.534667, 1, 

36,353,0.001, 0.016774, 0.0219461, 0.0261442, 0.0262016, 0.0980615, 0.100799, 0.100799, 0.800945, 1, 

38,281,0.001, 0.016774, 0.0219461, 0.0261442, 0.0262016, 0.0663368, 0.0980615, 0.223946, 0.106911, 0.164494, 0.951693, 1, 

43,260,0.001, 0.016774, 0.0219461, 0.0261442, 0.0262016, 0.0663368, 0.222937, 0.0980615, 0.100799, 0.106911, 0.46076, 0.499657, 0.0805962, 0.607071, 0.700106, 0.77817, 0.883051, 0.942354, 1, 

37,304,0.001, 0.016831, 0.0219461, 0.0261442, 0.0262016, 0.0663368, 0.0980615, 0.100799, 0.244813, 0.262717, 0.951693, 1, 

Generation #39
35,440,0.001, 0.0234395, 0.0390873, 0.0460126, 0.10239, 0.0663368, 0.0980615, 0.100799, 0.106911, 0.534667, 1, 

36,353,0.001, 0.016774, 0.0219461, 0.0261442, 0.0262016, 0.0980615, 0.100799, 0.100799, 0.800945, 1, 

38,281,0.001, 0.016774, 0.0219461, 0.0261442, 0.0262016, 0.0663368, 0.0980615, 0.223946, 0.106911, 0.164494, 0.951693, 1, 

43,260,0.001, 0.016774, 0.0219461, 0.0261442, 0.0262016, 0.0663368, 0.222937, 0.0980615, 0.100799, 0.106911, 0.46076, 0.499657, 0.0805962, 0.607071, 0.700106, 0.77817, 0.883051, 0.942354, 1, 

37,304,0.001, 0.016831, 0.0219461, 0.0261442, 0.0262016, 0.0663368, 0.0980615, 0.100799, 0.244813, 0.262717, 0.951693, 1, 

Generation #40
35,440,0.001, 0.0234395, 0.0390873, 0.0460126, 0.10239, 0.0663368, 0.0980615, 0.100799, 0.106911, 0.534667, 1, 

36,353,0.001, 0.016774, 0.0219461, 0.0261442, 0.0262016, 0.0980615, 0.100799, 0.100799, 0.800945, 1, 

38,281,0.001, 0.016774, 0.0219461, 0.0261442, 0.0262016, 0.0663368, 0.0980615, 0.223946, 0.106911, 0.164494, 0.951693, 1, 

43,260,0.001, 0.016774, 0.0219461, 0.0261442, 0.0262016, 0.0663368, 0.222937, 0.0980615, 0.100799, 0.106911, 0.46076, 0.499657, 0.0805962, 0.607071, 0.700106, 0.77817, 0.883051, 0.942354, 1, 

37,304,0.001, 0.016831, 0.0219461, 0.0261442, 0.0262016, 0.0663368, 0.0980615, 0.100799, 0.244813, 0.262717, 0.951693, 1, 

Generation #41
35,440,0.001, 0.0234395, 0.0390873, 0.0460126, 0.10239, 0.0663368, 0.0980615, 0.100799, 0.106911, 0.534667, 1, 

36,353,0.001, 0.016774, 0.0219461, 0.0261442, 0.0262016, 0.0980615, 0.100799, 0.100799, 0.800945, 1, 

38,281,0.001, 0.016774, 0.0219461, 0.0261442, 0.0262016, 0.0663368, 0.0980615, 0.223946, 0.106911, 0.164494, 0.951693, 1, 

43,260,0.001, 0.016774, 0.0219461, 0.0261442, 0.0262016, 0.0663368, 0.222937, 0.0980615, 0.100799, 0.106911, 0.46076, 0.499657, 0.0805962, 0.607071, 0.700106, 0.77817, 0.883051, 0.942354, 1, 

37,304,0.001, 0.016831, 0.0219461, 0.0261442, 0.0262016, 0.0663368, 0.0980615, 0.100799, 0.244813, 0.262717, 0.951693, 1, 

Generation #42
35,440,0.001, 0.0234395, 0.0390873, 0.0460126, 0.10239, 0.0663368, 0.0980615, 0.100799, 0.106911, 0.534667, 1, 

36,353,0.001, 0.016774, 0.0219461, 0.0261442, 0.0262016, 0.0980615, 0.100799, 0.100799, 0.800945, 1, 

38,281,0.001, 0.016774, 0.0219461, 0.0261442, 0.0262016, 0.0663368, 0.0980615, 0.223946, 0.106911, 0.164494, 0.951693, 1, 

43,260,0.001, 0.016774, 0.0219461, 0.0261442, 0.0262016, 0.0663368, 0.222937, 0.0980615, 0.100799, 0.106911, 0.46076, 0.499657, 0.0805962, 0.607071, 0.700106, 0.77817, 0.883051, 0.942354, 1, 

37,304,0.001, 0.016831, 0.0219461, 0.0261442, 0.0262016, 0.0663368, 0.0980615, 0.100799, 0.244813, 0.262717, 0.951693, 1, 

Generation #43
35,440,0.001, 0.0234395, 0.0390873, 0.0460126, 0.10239, 0.0663368, 0.0980615, 0.100799, 0.106911, 0.534667, 1, 

36,353,0.001, 0.016774, 0.0219461, 0.0261442, 0.0262016, 0.0980615, 0.100799, 0.100799, 0.800945, 1, 

38,281,0.001, 0.016774, 0.0219461, 0.0261442, 0.0262016, 0.0663368, 0.0980615, 0.223946, 0.106911, 0.164494, 0.951693, 1, 

43,260,0.001, 0.016774, 0.0219461, 0.0261442, 0.0262016, 0.0663368, 0.222937, 0.0980615, 0.100799, 0.106911, 0.46076, 0.499657, 0.0805962, 0.607071, 0.700106, 0.77817, 0.883051, 0.942354, 1, 

37,304,0.001, 0.016831, 0.0219461, 0.0261442, 0.0262016, 0.0663368, 0.0980615, 0.100799, 0.244813, 0.262717, 0.951693, 1, 

Generation #44
35,440,0.001, 0.0234395, 0.0390873, 0.0460126, 0.10239, 0.0663368, 0.0980615, 0.100799, 0.106911, 0.534667, 1, 

36,353,0.001, 0.016774, 0.0219461, 0.0261442, 0.0262016, 0.0980615, 0.100799, 0.100799, 0.800945, 1, 

38,281,0.001, 0.016774, 0.0219461, 0.0261442, 0.0262016, 0.0663368, 0.0980615, 0.223946, 0.106911, 0.164494, 0.951693, 1, 

43,260,0.001, 0.016774, 0.0219461, 0.0261442, 0.0262016, 0.0663368, 0.222937, 0.0980615, 0.100799, 0.106911, 0.46076, 0.499657, 0.0805962, 0.607071, 0.700106, 0.77817, 0.883051, 0.942354, 1, 

37,304,0.001, 0.016831, 0.0219461, 0.0261442, 0.0262016, 0.0663368, 0.0980615, 0.100799, 0.244813, 0.262717, 0.951693, 1, 

Generation #45
35,440,0.001, 0.0234395, 0.0390873, 0.0460126, 0.10239, 0.0663368, 0.0980615, 0.100799, 0.106911, 0.534667, 1, 

36,353,0.001, 0.016774, 0.0219461, 0.0261442, 0.0262016, 0.0980615, 0.100799, 0.100799, 0.800945, 1, 

40,267,0.001, 0.016831, 0.0219461, 0.0261442, 0.0262016, 0.0663368, 0.0980615, 0.100799, 0.106911, 0.164494, 0.951693, 1, 

37,275,0.001, 0.016831, 0.0219461, 0.0261442, 0.0262016, 0.100799, 0.106911, 0.164494, 0.17776, 1, 

43,254,0.001, 0.016774, 0.0219461, 0.0261442, 0.0262016, 0.0663368, 0.0980615, 0.100799, 0.106911, 0.164494, 0.217953, 0.230267, 0.607071, 0.700106, 0.77817, 0.883051, 0.942354, 1, 

Generation #46
35,440,0.001, 0.0234395, 0.0390873, 0.0460126, 0.10239, 0.0663368, 0.0980615, 0.100799, 0.106911, 0.534667, 1, 

36,353,0.001, 0.016774, 0.0219461, 0.0261442, 0.0262016, 0.0980615, 0.100799, 0.100799, 0.800945, 1, 

40,267,0.001, 0.016831, 0.0219461, 0.0261442, 0.0262016, 0.0663368, 0.0980615, 0.100799, 0.106911, 0.164494, 0.951693, 1, 

37,275,0.001, 0.016831, 0.0219461, 0.0261442, 0.0262016, 0.100799, 0.106911, 0.164494, 0.17776, 1, 

43,254,0.001, 0.016774, 0.0219461, 0.0261442, 0.0262016, 0.0663368, 0.0980615, 0.100799, 0.106911, 0.164494, 0.217953, 0.230267, 0.607071, 0.700106, 0.77817, 0.883051, 0.942354, 1, 

Generation #47
35,440,0.001, 0.0234395, 0.0390873, 0.0460126, 0.10239, 0.0663368, 0.0980615, 0.100799, 0.106911, 0.534667, 1, 

36,353,0.001, 0.016774, 0.0219461, 0.0261442, 0.0262016, 0.0980615, 0.100799, 0.100799, 0.800945, 1, 

40,267,0.001, 0.016831, 0.0219461, 0.0261442, 0.0262016, 0.0663368, 0.0980615, 0.100799, 0.106911, 0.164494, 0.951693, 1, 

37,275,0.001, 0.016831, 0.0219461, 0.0261442, 0.0262016, 0.100799, 0.106911, 0.164494, 0.17776, 1, 

43,254,0.001, 0.016774, 0.0219461, 0.0261442, 0.0262016, 0.0663368, 0.0980615, 0.100799, 0.106911, 0.164494, 0.217953, 0.230267, 0.607071, 0.700106, 0.77817, 0.883051, 0.942354, 1, 

Generation #48
35,440,0.001, 0.0234395, 0.0390873, 0.0460126, 0.10239, 0.0663368, 0.0980615, 0.100799, 0.106911, 0.534667, 1, 

36,353,0.001, 0.016774, 0.0219461, 0.0261442, 0.0262016, 0.0980615, 0.100799, 0.100799, 0.800945, 1, 

40,267,0.001, 0.016831, 0.0219461, 0.0261442, 0.0262016, 0.0663368, 0.0980615, 0.100799, 0.106911, 0.164494, 0.951693, 1, 

37,275,0.001, 0.016831, 0.0219461, 0.0261442, 0.0262016, 0.100799, 0.106911, 0.164494, 0.17776, 1, 

43,254,0.001, 0.016774, 0.0219461, 0.0261442, 0.0262016, 0.0663368, 0.0980615, 0.100799, 0.106911, 0.164494, 0.217953, 0.230267, 0.607071, 0.700106, 0.77817, 0.883051, 0.942354, 1, 

Generation #49
35,440,0.001, 0.0234395, 0.0390873, 0.0460126, 0.10239, 0.0663368, 0.0980615, 0.100799, 0.106911, 0.534667, 1, 

36,353,0.001, 0.016774, 0.0219461, 0.0261442, 0.0262016, 0.0980615, 0.100799, 0.100799, 0.800945, 1, 

40,267,0.001, 0.016831, 0.0219461, 0.0261442, 0.0262016, 0.0663368, 0.0980615, 0.100799, 0.106911, 0.164494, 0.951693, 1, 

37,275,0.001, 0.016831, 0.0219461, 0.0261442, 0.0262016, 0.100799, 0.106911, 0.164494, 0.17776, 1, 

43,254,0.001, 0.016774, 0.0219461, 0.0261442, 0.0262016, 0.0663368, 0.0980615, 0.100799, 0.106911, 0.164494, 0.217953, 0.230267, 0.607071, 0.700106, 0.77817, 0.883051, 0.942354, 1, 

--- Pareto Front Solutions ---
Solution 0: N total=75 (N_initial=40, N_added=35), Time total=457 ms, Saved to: ./results/SPINV_t2_l1_pareto_0.csv, percents=0.001, 0.0234395, 0.0390873, 0.0460126, 0.10239, 0.0663368, 0.0980615, 0.100799, 0.106911, 0.534667, 1, 

Solution 1: N total=76 (N_initial=40, N_added=36), Time total=370 ms, Saved to: ./results/SPINV_t2_l1_pareto_1.csv, percents=0.001, 0.016774, 0.0219461, 0.0261442, 0.0262016, 0.0980615, 0.100799, 0.100799, 0.800945, 1, 

Solution 2: N total=80 (N_initial=40, N_added=40), Time total=284 ms, Saved to: ./results/SPINV_t2_l1_pareto_2.csv, percents=0.001, 0.016831, 0.0219461, 0.0261442, 0.0262016, 0.0663368, 0.0980615, 0.100799, 0.106911, 0.164494, 0.951693, 1, 

Solution 3: N total=77 (N_initial=40, N_added=37), Time total=292 ms, Saved to: ./results/SPINV_t2_l1_pareto_3.csv, percents=0.001, 0.016831, 0.0219461, 0.0261442, 0.0262016, 0.100799, 0.106911, 0.164494, 0.17776, 1, 

Solution 4: N total=83 (N_initial=40, N_added=43), Time total=271 ms, Saved to: ./results/SPINV_t2_l1_pareto_4.csv, percents=0.001, 0.016774, 0.0219461, 0.0261442, 0.0262016, 0.0663368, 0.0980615, 0.100799, 0.106911, 0.164494, 0.217953, 0.230267, 0.607071, 0.700106, 0.77817, 0.883051, 0.942354, 1, 

------------d=1, t=2, lambda=2, filename=./evaluation/SPINV/SPINV_2_2.csv------------
Grouping d-sets by partitioned row counts for detecting arrays...
Ready to look at pairs for detecting arrays...
First Stage N=56, Time=18
There are 3913 remaining non-locating pairs
--- Running GA Algorithm (phase2) ---
Running GA with std::execution::par
Generation #0
47,405,0.001, 0.045534, 0.0535643, 0.0812379, 0.130788, 0.14651, 0.151041, 0.156094, 0.17067, 0.171201, 0.195711, 0.237717, 0.256489, 0.32145, 0.400516, 0.576087, 0.633985, 0.697556, 0.701361, 0.714301, 0.775241, 0.777343, 0.908218, 0.92317, 0.978813, 1, 

48,286,0.001, 0.0259451, 0.0278314, 0.0534258, 0.0640391, 0.0745486, 0.0977761, 0.164313, 0.215218, 0.32289, 0.346079, 0.372443, 0.553597, 0.575019, 0.615845, 0.619354, 0.659843, 0.782698, 0.800317, 0.856663, 0.890032, 0.917336, 0.946179, 1, 

38,777,0.001, 0.0744832, 0.343317, 0.379709, 0.433968, 0.461812, 0.842597, 0.844984, 0.913017, 0.991229, 1, 

39,435,0.001, 0.0339823, 0.0393058, 0.040199, 0.11993, 0.257204, 0.374807, 0.522512, 0.78792, 0.846604, 0.895322, 0.994525, 1, 

37,894,0.001, 0.0786389, 0.146918, 0.227709, 0.245145, 0.335261, 0.554427, 0.834704, 0.856403, 0.878943, 0.910456, 0.935012, 1, 

41,416,0.001, 0.049575, 0.142748, 0.169612, 0.279797, 0.30372, 0.364741, 0.453274, 0.461213, 0.465864, 0.495383, 0.548716, 0.665572, 0.726167, 0.750469, 0.948373, 1, 

Generation #1
42,225,0.001, 0.0259451, 0.0278314, 0.0534258, 0.0640391, 0.0745486, 0.0977761, 0.164313, 0.215218, 0.32289, 0.346079, 0.517965, 0.782757, 0.807693, 0.898373, 0.931057, 0.972043, 0.990303, 1, 

46,205,0.001, 0.0183278, 0.0210869, 0.0309607, 0.0685134, 0.070073, 0.0962067, 0.120038, 0.182629, 0.274425, 0.28663, 0.291566, 0.296395, 0.302741, 0.362204, 0.388471, 0.406316, 0.784942, 0.791969, 0.901175, 0.903373, 0.928437, 0.941148, 0.971371, 1, 

43,209,0.001, 0.0259451, 0.0278314, 0.0534258, 0.0640391, 0.0745486, 0.0977761, 0.164313, 0.215218, 0.32289, 0.346079, 0.372443, 0.553597, 0.575019, 0.615845, 0.619354, 0.659843, 0.782698, 0.716408, 0.743658, 0.906337, 0.999642, 1, 

34,343,0.001, 0.0259451, 0.0278314, 0.0534258, 0.0640391, 0.0745486, 0.614608, 0.622372, 0.925766, 0.984619, 1, 

35,293,0.001, 0.0216631, 0.0480891, 0.116823, 0.132614, 0.154787, 0.170455, 0.78792, 0.846604, 0.895322, 0.994525, 1, 

Generation #2
46,205,0.001, 0.0183278, 0.0210869, 0.0309607, 0.0685134, 0.070073, 0.0962067, 0.120038, 0.182629, 0.274425, 0.28663, 0.291566, 0.296395, 0.302741, 0.362204, 0.388471, 0.406316, 0.784942, 0.791969, 0.901175, 0.903373, 0.928437, 0.941148, 0.971371, 1, 

34,255,0.001, 0.0272174, 0.0493633, 0.097418, 0.120232, 0.143111, 0.842597, 0.844984, 0.913017, 0.991229, 1, 

32,338,0.001, 0.0347943, 0.049497, 0.110889, 0.117164, 0.128632, 0.246276, 0.281085, 0.320643, 1, 

35,208,0.001, 0.0189926, 0.0317928, 0.0572939, 0.125821, 0.194382, 0.207772, 0.269748, 0.275295, 0.278043, 0.337983, 0.994525, 1, 

Generation #3
46,205,0.001, 0.0183278, 0.0210869, 0.0309607, 0.0685134, 0.070073, 0.0962067, 0.120038, 0.182629, 0.274425, 0.28663, 0.291566, 0.296395, 0.302741, 0.362204, 0.388471, 0.406316, 0.784942, 0.791969, 0.901175, 0.903373, 0.928437, 0.941148, 0.971371, 1, 

34,255,0.001, 0.0272174, 0.0493633, 0.097418, 0.120232, 0.143111, 0.842597, 0.844984, 0.913017, 0.991229, 1, 

32,338,0.001, 0.0347943, 0.049497, 0.110889, 0.117164, 0.128632, 0.246276, 0.281085, 0.320643, 1, 

35,208,0.001, 0.0189926, 0.0317928, 0.0572939, 0.125821, 0.194382, 0.207772, 0.269748, 0.275295, 0.278043, 0.337983, 0.994525, 1, 

37,207,0.001, 0.0259451, 0.0278314, 0.0534258, 0.0640391, 0.0745486, 0.0977761, 0.164313, 0.215218, 0.32289, 0.346079, 0.372443, 0.79505, 0.885712, 0.887346, 0.910245, 0.966663, 1, 

Generation #4
32,338,0.001, 0.0347943, 0.049497, 0.110889, 0.117164, 0.128632, 0.246276, 0.281085, 0.320643, 1, 

35,208,0.001, 0.0189926, 0.0317928, 0.0572939, 0.125821, 0.194382, 0.207772, 0.269748, 0.275295, 0.278043, 0.337983, 0.994525, 1, 

33,333,0.001, 0.0150139, 0.106448, 0.0572939, 0.125821, 0.194382, 0.207772, 0.622372, 0.925766, 0.940286, 1, 

34,232,0.001, 0.00522632, 0.0228842, 0.0572939, 0.125821, 0.194382, 0.207772, 0.269748, 0.275295, 0.278043, 1, 

36,199,0.001, 0.00522632, 0.0228842, 0.0572366, 0.0834081, 0.115438, 0.129326, 0.197175, 0.856403, 0.878943, 0.550623, 0.935012, 1, 

44,184,0.001, 0.0189926, 0.0317928, 0.0572939, 0.0640391, 0.0745486, 0.0977761, 0.164313, 0.215218, 0.32289, 0.346079, 0.235272, 0.553597, 0.575019, 0.615845, 0.619354, 0.659843, 0.782698, 0.800317, 0.856663, 0.890032, 0.917336, 0.946179, 1, 

Generation #5
32,338,0.001, 0.0347943, 0.049497, 0.110889, 0.117164, 0.128632, 0.246276, 0.281085, 0.320643, 1, 

35,208,0.001, 0.0189926, 0.0317928, 0.0572939, 0.125821, 0.194382, 0.207772, 0.269748, 0.275295, 0.278043, 0.337983, 0.994525, 1, 

36,199,0.001, 0.00522632, 0.0228842, 0.0572366, 0.0834081, 0.115438, 0.129326, 0.197175, 0.856403, 0.878943, 0.550623, 0.935012, 1, 

44,184,0.001, 0.0189926, 0.0317928, 0.0572939, 0.0640391, 0.0745486, 0.0977761, 0.164313, 0.215218, 0.32289, 0.346079, 0.235272, 0.553597, 0.575019, 0.615845, 0.619354, 0.659843, 0.782698, 0.800317, 0.856663, 0.890032, 0.917336, 0.946179, 1, 

34,223,0.001, 0.0259451, 0.0278314, 0.0534258, 0.0640391, 0.252418, 0.262004, 0.263819, 0.338847, 0.991229, 1, 

33,243,0.001, 0.0259451, 0.0278314, 0.0534258, 0.0640391, 0.0745486, 0.0977761, 0.269748, 0.275295, 0.278043, 0.337983, 0.994525, 1, 

Generation #6
32,338,0.001, 0.0347943, 0.049497, 0.110889, 0.117164, 0.128632, 0.246276, 0.281085, 0.320643, 1, 

35,208,0.001, 0.0189926, 0.0317928, 0.0572939, 0.125821, 0.194382, 0.207772, 0.269748, 0.275295, 0.278043, 0.337983, 0.994525, 1, 

36,199,0.001, 0.00522632, 0.0228842, 0.0572366, 0.0834081, 0.115438, 0.129326, 0.197175, 0.856403, 0.878943, 0.550623, 0.935012, 1, 

44,184,0.001, 0.0189926, 0.0317928, 0.0572939, 0.0640391, 0.0745486, 0.0977761, 0.164313, 0.215218, 0.32289, 0.346079, 0.235272, 0.553597, 0.575019, 0.615845, 0.619354, 0.659843, 0.782698, 0.800317, 0.856663, 0.890032, 0.917336, 0.946179, 1, 

33,213,0.001, 0.0259451, 0.0512868, 0.0278314, 0.0534258, 0.0640391, 0.0745486, 0.0977761, 0.164313, 0.275295, 0.278043, 1, 

39,196,0.001, 0.00522632, 0.0228842, 0.0572939, 0.125821, 0.194382, 0.207772, 0.269748, 0.215218, 0.32289, 0.346079, 0.517965, 0.782757, 0.807693, 0.898373, 0.931057, 0.972043, 0.990303, 1, 

50,183,0.001, 0.0189926, 0.0317928, 0.0572939, 0.0640391, 0.0745486, 0.0977761, 0.164313, 0.215218, 0.32289, 0.346079, 0.235272, 0.553597, 0.575019, 0.615845, 0.619354, 0.659843, 0.68893, 0.731509, 0.767314, 0.786497, 0.799764, 0.827221, 0.84577, 0.846934, 0.961051, 0.968712, 1, 

Generation #7
33,200,0.001, 0.00522632, 0.0228842, 0.0572939, 0.125821, 0.194382, 0.207772, 0.134698, 0.320643, 1, 

45,143,0.001, 0.0183278, 0.0210869, 0.0309607, 0.0685134, 0.070073, 0.0962067, 0.120038, 0.182629, 0.274425, 0.28663, 0.291566, 0.296395, 0.302741, 0.362204, 0.388471, 0.406316, 0.784942, 0.791969, 0.901175, 0.903373, 0.928437, 0.941148, 0.971371, 1, 

32,225,0.001, 0.0259451, 0.0512868, 0.0278314, 0.0534258, 0.0640391, 0.0745486, 0.0977761, 0.164313, 0.275295, 0.278043, 1, 

34,159,0.001, 0.0183278, 0.0210869, 0.0309607, 0.0685134, 0.194382, 0.207772, 0.622372, 0.925766, 0.940286, 1, 

Generation #8
33,200,0.001, 0.00522632, 0.0228842, 0.0572939, 0.125821, 0.194382, 0.207772, 0.134698, 0.320643, 1, 

45,143,0.001, 0.0183278, 0.0210869, 0.0309607, 0.0685134, 0.070073, 0.0962067, 0.120038, 0.182629, 0.274425, 0.28663, 0.291566, 0.296395, 0.302741, 0.362204, 0.388471, 0.406316, 0.784942, 0.791969, 0.901175, 0.903373, 0.928437, 0.941148, 0.971371, 1, 

32,225,0.001, 0.0259451, 0.0512868, 0.0278314, 0.0534258, 0.0640391, 0.0745486, 0.0977761, 0.164313, 0.275295, 0.278043, 1, 

34,159,0.001, 0.0183278, 0.0210869, 0.0309607, 0.0685134, 0.194382, 0.207772, 0.622372, 0.925766, 0.940286, 1, 

Generation #9
45,143,0.001, 0.0183278, 0.0210869, 0.0309607, 0.0685134, 0.070073, 0.0962067, 0.120038, 0.182629, 0.274425, 0.28663, 0.291566, 0.296395, 0.302741, 0.362204, 0.388471, 0.406316, 0.784942, 0.791969, 0.901175, 0.903373, 0.928437, 0.941148, 0.971371, 1, 

34,159,0.001, 0.0183278, 0.0210869, 0.0309607, 0.0685134, 0.194382, 0.207772, 0.622372, 0.925766, 0.940286, 1, 

31,194,0.001, 0.0183278, 0.0210869, 0.0534258, 0.0640391, 0.0745486, 0.0977761, 0.164313, 0.215218, 1, 

39,158,0.001, 0.0183278, 0.0210869, 0.0309607, 0.0685134, 0.0745486, 0.0977761, 0.164313, 0.215218, 0.32289, 0.346079, 0.79505, 0.885712, 0.887346, 0.910245, 0.966663, 1, 

Generation #10
45,143,0.001, 0.0183278, 0.0210869, 0.0309607, 0.0685134, 0.070073, 0.0962067, 0.120038, 0.182629, 0.274425, 0.28663, 0.291566, 0.296395, 0.302741, 0.362204, 0.388471, 0.406316, 0.784942, 0.791969, 0.901175, 0.903373, 0.928437, 0.941148, 0.971371, 1, 

34,159,0.001, 0.0183278, 0.0210869, 0.0309607, 0.0685134, 0.194382, 0.207772, 0.622372, 0.925766, 0.940286, 1, 

31,194,0.001, 0.0183278, 0.0210869, 0.0534258, 0.0640391, 0.0745486, 0.0977761, 0.164313, 0.215218, 1, 

39,158,0.001, 0.0183278, 0.0210869, 0.0309607, 0.0685134, 0.0745486, 0.0977761, 0.164313, 0.215218, 0.32289, 0.346079, 0.79505, 0.885712, 0.887346, 0.910245, 0.966663, 1, 

33,173,0.001, 0.0189926, 0.0317928, 0.0572939, 0.0640391, 0.0745486, 0.0977761, 0.164313, 0.263819, 1, 

Generation #11
45,143,0.001, 0.0183278, 0.0210869, 0.0309607, 0.0685134, 0.070073, 0.0962067, 0.120038, 0.182629, 0.274425, 0.28663, 0.291566, 0.296395, 0.302741, 0.362204, 0.388471, 0.406316, 0.784942, 0.791969, 0.901175, 0.903373, 0.928437, 0.941148, 0.971371, 1, 

34,159,0.001, 0.0183278, 0.0210869, 0.0309607, 0.0685134, 0.194382, 0.207772, 0.622372, 0.925766, 0.940286, 1, 

39,158,0.001, 0.0183278, 0.0210869, 0.0309607, 0.0685134, 0.0745486, 0.0977761, 0.164313, 0.215218, 0.32289, 0.346079, 0.79505, 0.885712, 0.887346, 0.910245, 0.966663, 1, 

33,173,0.001, 0.0189926, 0.0317928, 0.0572939, 0.0640391, 0.0745486, 0.0977761, 0.164313, 0.263819, 1, 

31,193,0.001, 0.0229939, 0.0512868, 0.0278314, 0.0534258, 0.0640391, 0.0745486, 0.263819, 0.338847, 0.991229, 1, 

Generation #12
45,143,0.001, 0.0183278, 0.0210869, 0.0309607, 0.0685134, 0.070073, 0.0962067, 0.120038, 0.182629, 0.274425, 0.28663, 0.291566, 0.296395, 0.302741, 0.362204, 0.388471, 0.406316, 0.784942, 0.791969, 0.901175, 0.903373, 0.928437, 0.941148, 0.971371, 1, 

34,159,0.001, 0.0183278, 0.0210869, 0.0309607, 0.0685134, 0.194382, 0.207772, 0.622372, 0.925766, 0.940286, 1, 

39,158,0.001, 0.0183278, 0.0210869, 0.0309607, 0.0685134, 0.0745486, 0.0977761, 0.164313, 0.215218, 0.32289, 0.346079, 0.79505, 0.885712, 0.887346, 0.910245, 0.966663, 1, 

33,173,0.001, 0.0189926, 0.0317928, 0.0572939, 0.0640391, 0.0745486, 0.0977761, 0.164313, 0.263819, 1, 

31,193,0.001, 0.0229939, 0.0512868, 0.0278314, 0.0534258, 0.0640391, 0.0745486, 0.263819, 0.338847, 0.991229, 1, 

Generation #13
45,143,0.001, 0.0183278, 0.0210869, 0.0309607, 0.0685134, 0.070073, 0.0962067, 0.120038, 0.182629, 0.274425, 0.28663, 0.291566, 0.296395, 0.302741, 0.362204, 0.388471, 0.406316, 0.784942, 0.791969, 0.901175, 0.903373, 0.928437, 0.941148, 0.971371, 1, 

34,159,0.001, 0.0183278, 0.0210869, 0.0309607, 0.0685134, 0.194382, 0.207772, 0.622372, 0.925766, 0.940286, 1, 

39,158,0.001, 0.0183278, 0.0210869, 0.0309607, 0.0685134, 0.0745486, 0.0977761, 0.164313, 0.215218, 0.32289, 0.346079, 0.79505, 0.885712, 0.887346, 0.910245, 0.966663, 1, 

29,188,0.001, 0.0189926, 0.0317928, 0.0572939, 0.0640391, 0.0745486, 0.0977761, 0.164313, 0.215218, 1, 

32,168,0.001, 0.0183278, 0.0210869, 0.0309607, 0.0685134, 0.0745486, 0.0977761, 0.164313, 0.215218, 0.991229, 1, 

Generation #14
45,143,0.001, 0.0183278, 0.0210869, 0.0309607, 0.0685134, 0.070073, 0.0962067, 0.120038, 0.182629, 0.274425, 0.28663, 0.291566, 0.296395, 0.302741, 0.362204, 0.388471, 0.406316, 0.784942, 0.791969, 0.901175, 0.903373, 0.928437, 0.941148, 0.971371, 1, 

29,188,0.001, 0.0189926, 0.0317928, 0.0572939, 0.0640391, 0.0745486, 0.0977761, 0.164313, 0.215218, 1, 

32,168,0.001, 0.0183278, 0.0210869, 0.0309607, 0.0685134, 0.0745486, 0.0977761, 0.164313, 0.215218, 0.991229, 1, 

33,145,0.001, 0.00522632, 0.0228842, 0.0309607, 0.0685134, 0.0745486, 0.0977761, 0.164313, 0.338847, 0.991229, 1, 

Generation #15
45,143,0.001, 0.0183278, 0.0210869, 0.0309607, 0.0685134, 0.070073, 0.0962067, 0.120038, 0.182629, 0.274425, 0.28663, 0.291566, 0.296395, 0.302741, 0.362204, 0.388471, 0.406316, 0.784942, 0.791969, 0.901175, 0.903373, 0.928437, 0.941148, 0.971371, 1, 

29,188,0.001, 0.0189926, 0.0317928, 0.0572939, 0.0640391, 0.0745486, 0.0977761, 0.164313, 0.215218, 1, 

33,145,0.001, 0.00522632, 0.0228842, 0.0309607, 0.0685134, 0.0745486, 0.0977761, 0.164313, 0.338847, 0.991229, 1, 

32,153,0.001, 0.00522632, 0.0228842, 0.0309607, 0.0685134, 0.0745486, 0.0977761, 0.164313, 0.338847, 0.991229, 1, 

Generation #16
45,143,0.001, 0.0183278, 0.0210869, 0.0309607, 0.0685134, 0.070073, 0.0962067, 0.120038, 0.182629, 0.274425, 0.28663, 0.291566, 0.296395, 0.302741, 0.362204, 0.388471, 0.406316, 0.784942, 0.791969, 0.901175, 0.903373, 0.928437, 0.941148, 0.971371, 1, 

33,145,0.001, 0.00522632, 0.0228842, 0.0309607, 0.0685134, 0.0745486, 0.0977761, 0.164313, 0.338847, 0.991229, 1, 

32,153,0.001, 0.00522632, 0.0228842, 0.0309607, 0.0685134, 0.0745486, 0.0977761, 0.164313, 0.338847, 0.991229, 1, 

29,187,0.001, 0.0189926, 0.0317928, 0.0572939, 0.0640391, 0.0745486, 0.0977761, 0.164313, 0.215218, 1, 

Generation #17
33,145,0.001, 0.00522632, 0.0228842, 0.0309607, 0.0685134, 0.0745486, 0.0977761, 0.164313, 0.338847, 0.991229, 1, 

29,187,0.001, 0.0189926, 0.0317928, 0.0572939, 0.0640391, 0.0745486, 0.0977761, 0.164313, 0.215218, 1, 

31,153,0.001, 0.0189926, 0.0317928, 0.0572939, 0.0685134, 0.0745486, 0.0977761, 0.269748, 0.275295, 1, 

43,142,0.001, 0.00522632, 0.0228842, 0.0309607, 0.0685134, 0.0745486, 0.0977761, 0.164313, 0.182629, 0.274425, 0.28663, 0.291566, 0.296395, 0.302741, 0.362204, 0.388471, 0.406316, 0.784942, 0.791969, 0.856663, 0.890032, 0.917336, 0.946179, 1, 

Generation #18
33,145,0.001, 0.00522632, 0.0228842, 0.0309607, 0.0685134, 0.0745486, 0.0977761, 0.164313, 0.338847, 0.991229, 1, 

29,187,0.001, 0.0189926, 0.0317928, 0.0572939, 0.0640391, 0.0745486, 0.0977761, 0.164313, 0.215218, 1, 

31,153,0.001, 0.0189926, 0.0317928, 0.0572939, 0.0685134, 0.0745486, 0.0977761, 0.269748, 0.275295, 1, 

43,142,0.001, 0.00522632, 0.0228842, 0.0309607, 0.0685134, 0.0745486, 0.0977761, 0.164313, 0.182629, 0.274425, 0.28663, 0.291566, 0.296395, 0.302741, 0.362204, 0.388471, 0.406316, 0.784942, 0.791969, 0.856663, 0.890032, 0.917336, 0.946179, 1, 

Generation #19
33,145,0.001, 0.00522632, 0.0228842, 0.0309607, 0.0685134, 0.0745486, 0.0977761, 0.164313, 0.338847, 0.991229, 1, 

29,187,0.001, 0.0189926, 0.0317928, 0.0572939, 0.0640391, 0.0745486, 0.0977761, 0.164313, 0.215218, 1, 

31,153,0.001, 0.0189926, 0.0317928, 0.0572939, 0.0685134, 0.0745486, 0.0977761, 0.269748, 0.275295, 1, 

43,142,0.001, 0.00522632, 0.0228842, 0.0309607, 0.0685134, 0.0745486, 0.0977761, 0.164313, 0.182629, 0.274425, 0.28663, 0.291566, 0.296395, 0.302741, 0.362204, 0.388471, 0.406316, 0.784942, 0.791969, 0.856663, 0.890032, 0.917336, 0.946179, 1, 

Generation #20
33,145,0.001, 0.00522632, 0.0228842, 0.0309607, 0.0685134, 0.0745486, 0.0977761, 0.164313, 0.338847, 0.991229, 1, 

29,187,0.001, 0.0189926, 0.0317928, 0.0572939, 0.0640391, 0.0745486, 0.0977761, 0.164313, 0.215218, 1, 

31,153,0.001, 0.0189926, 0.0317928, 0.0572939, 0.0685134, 0.0745486, 0.0977761, 0.269748, 0.275295, 1, 

43,142,0.001, 0.00522632, 0.0228842, 0.0309607, 0.0685134, 0.0745486, 0.0977761, 0.164313, 0.182629, 0.274425, 0.28663, 0.291566, 0.296395, 0.302741, 0.362204, 0.388471, 0.406316, 0.784942, 0.791969, 0.856663, 0.890032, 0.917336, 0.946179, 1, 

Generation #21
33,145,0.001, 0.00522632, 0.0228842, 0.0309607, 0.0685134, 0.0745486, 0.0977761, 0.164313, 0.338847, 0.991229, 1, 

29,187,0.001, 0.0189926, 0.0317928, 0.0572939, 0.0640391, 0.0745486, 0.0977761, 0.164313, 0.215218, 1, 

31,153,0.001, 0.0189926, 0.0317928, 0.0572939, 0.0685134, 0.0745486, 0.0977761, 0.269748, 0.275295, 1, 

43,142,0.001, 0.00522632, 0.0228842, 0.0309607, 0.0685134, 0.0745486, 0.0977761, 0.164313, 0.182629, 0.274425, 0.28663, 0.291566, 0.296395, 0.302741, 0.362204, 0.388471, 0.406316, 0.784942, 0.791969, 0.856663, 0.890032, 0.917336, 0.946179, 1, 

30,183,0.001, 0.0183278, 0.0210869, 0.0534258, 0.0640391, 0.0745486, 0.0977761, 0.164313, 0.29865, 0.215218, 1, 

Generation #22
33,145,0.001, 0.00522632, 0.0228842, 0.0309607, 0.0685134, 0.0745486, 0.0977761, 0.164313, 0.338847, 0.991229, 1, 

29,187,0.001, 0.0189926, 0.0317928, 0.0572939, 0.0640391, 0.0745486, 0.0977761, 0.164313, 0.215218, 1, 

31,153,0.001, 0.0189926, 0.0317928, 0.0572939, 0.0685134, 0.0745486, 0.0977761, 0.269748, 0.275295, 1, 

43,142,0.001, 0.00522632, 0.0228842, 0.0309607, 0.0685134, 0.0745486, 0.0977761, 0.164313, 0.182629, 0.274425, 0.28663, 0.291566, 0.296395, 0.302741, 0.362204, 0.388471, 0.406316, 0.784942, 0.791969, 0.856663, 0.890032, 0.917336, 0.946179, 1, 

30,183,0.001, 0.0183278, 0.0210869, 0.0534258, 0.0640391, 0.0745486, 0.0977761, 0.164313, 0.29865, 0.215218, 1, 

Generation #23
33,145,0.001, 0.00522632, 0.0228842, 0.0309607, 0.0685134, 0.0745486, 0.0977761, 0.164313, 0.338847, 0.991229, 1, 

29,187,0.001, 0.0189926, 0.0317928, 0.0572939, 0.0640391, 0.0745486, 0.0977761, 0.164313, 0.215218, 1, 

31,153,0.001, 0.0189926, 0.0317928, 0.0572939, 0.0685134, 0.0745486, 0.0977761, 0.269748, 0.275295, 1, 

43,142,0.001, 0.00522632, 0.0228842, 0.0309607, 0.0685134, 0.0745486, 0.0977761, 0.164313, 0.182629, 0.274425, 0.28663, 0.291566, 0.296395, 0.302741, 0.362204, 0.388471, 0.406316, 0.784942, 0.791969, 0.856663, 0.890032, 0.917336, 0.946179, 1, 

30,183,0.001, 0.0183278, 0.0210869, 0.0534258, 0.0640391, 0.0745486, 0.0977761, 0.164313, 0.29865, 0.215218, 1, 

Generation #24
33,145,0.001, 0.00522632, 0.0228842, 0.0309607, 0.0685134, 0.0745486, 0.0977761, 0.164313, 0.338847, 0.991229, 1, 

29,187,0.001, 0.0189926, 0.0317928, 0.0572939, 0.0640391, 0.0745486, 0.0977761, 0.164313, 0.215218, 1, 

31,153,0.001, 0.0189926, 0.0317928, 0.0572939, 0.0685134, 0.0745486, 0.0977761, 0.269748, 0.275295, 1, 

43,142,0.001, 0.00522632, 0.0228842, 0.0309607, 0.0685134, 0.0745486, 0.0977761, 0.164313, 0.182629, 0.274425, 0.28663, 0.291566, 0.296395, 0.302741, 0.362204, 0.388471, 0.406316, 0.784942, 0.791969, 0.856663, 0.890032, 0.917336, 0.946179, 1, 

30,183,0.001, 0.0183278, 0.0210869, 0.0534258, 0.0640391, 0.0745486, 0.0977761, 0.164313, 0.29865, 0.215218, 1, 

Generation #25
33,145,0.001, 0.00522632, 0.0228842, 0.0309607, 0.0685134, 0.0745486, 0.0977761, 0.164313, 0.338847, 0.991229, 1, 

29,187,0.001, 0.0189926, 0.0317928, 0.0572939, 0.0640391, 0.0745486, 0.0977761, 0.164313, 0.215218, 1, 

31,153,0.001, 0.0189926, 0.0317928, 0.0572939, 0.0685134, 0.0745486, 0.0977761, 0.269748, 0.275295, 1, 

43,142,0.001, 0.00522632, 0.0228842, 0.0309607, 0.0685134, 0.0745486, 0.0977761, 0.164313, 0.182629, 0.274425, 0.28663, 0.291566, 0.296395, 0.302741, 0.362204, 0.388471, 0.406316, 0.784942, 0.791969, 0.856663, 0.890032, 0.917336, 0.946179, 1, 

30,183,0.001, 0.0183278, 0.0210869, 0.0534258, 0.0640391, 0.0745486, 0.0977761, 0.164313, 0.29865, 0.215218, 1, 

Generation #26
33,145,0.001, 0.00522632, 0.0228842, 0.0309607, 0.0685134, 0.0745486, 0.0977761, 0.164313, 0.338847, 0.991229, 1, 

29,187,0.001, 0.0189926, 0.0317928, 0.0572939, 0.0640391, 0.0745486, 0.0977761, 0.164313, 0.215218, 1, 

31,153,0.001, 0.0189926, 0.0317928, 0.0572939, 0.0685134, 0.0745486, 0.0977761, 0.269748, 0.275295, 1, 

43,142,0.001, 0.00522632, 0.0228842, 0.0309607, 0.0685134, 0.0745486, 0.0977761, 0.164313, 0.182629, 0.274425, 0.28663, 0.291566, 0.296395, 0.302741, 0.362204, 0.388471, 0.406316, 0.784942, 0.791969, 0.856663, 0.890032, 0.917336, 0.946179, 1, 

30,183,0.001, 0.0183278, 0.0210869, 0.0534258, 0.0640391, 0.0745486, 0.0977761, 0.164313, 0.29865, 0.215218, 1, 

Generation #27
33,145,0.001, 0.00522632, 0.0228842, 0.0309607, 0.0685134, 0.0745486, 0.0977761, 0.164313, 0.338847, 0.991229, 1, 

29,187,0.001, 0.0189926, 0.0317928, 0.0572939, 0.0640391, 0.0745486, 0.0977761, 0.164313, 0.215218, 1, 

31,153,0.001, 0.0189926, 0.0317928, 0.0572939, 0.0685134, 0.0745486, 0.0977761, 0.269748, 0.275295, 1, 

43,142,0.001, 0.00522632, 0.0228842, 0.0309607, 0.0685134, 0.0745486, 0.0977761, 0.164313, 0.182629, 0.274425, 0.28663, 0.291566, 0.296395, 0.302741, 0.362204, 0.388471, 0.406316, 0.784942, 0.791969, 0.856663, 0.890032, 0.917336, 0.946179, 1, 

30,183,0.001, 0.0183278, 0.0210869, 0.0534258, 0.0640391, 0.0745486, 0.0977761, 0.164313, 0.29865, 0.215218, 1, 

Generation #28
33,145,0.001, 0.00522632, 0.0228842, 0.0309607, 0.0685134, 0.0745486, 0.0977761, 0.164313, 0.338847, 0.991229, 1, 

29,187,0.001, 0.0189926, 0.0317928, 0.0572939, 0.0640391, 0.0745486, 0.0977761, 0.164313, 0.215218, 1, 

31,153,0.001, 0.0189926, 0.0317928, 0.0572939, 0.0685134, 0.0745486, 0.0977761, 0.269748, 0.275295, 1, 

43,142,0.001, 0.00522632, 0.0228842, 0.0309607, 0.0685134, 0.0745486, 0.0977761, 0.164313, 0.182629, 0.274425, 0.28663, 0.291566, 0.296395, 0.302741, 0.362204, 0.388471, 0.406316, 0.784942, 0.791969, 0.856663, 0.890032, 0.917336, 0.946179, 1, 

30,183,0.001, 0.0183278, 0.0210869, 0.0534258, 0.0640391, 0.0745486, 0.0977761, 0.164313, 0.29865, 0.215218, 1, 

Generation #29
33,145,0.001, 0.00522632, 0.0228842, 0.0309607, 0.0685134, 0.0745486, 0.0977761, 0.164313, 0.338847, 0.991229, 1, 

29,187,0.001, 0.0189926, 0.0317928, 0.0572939, 0.0640391, 0.0745486, 0.0977761, 0.164313, 0.215218, 1, 

31,153,0.001, 0.0189926, 0.0317928, 0.0572939, 0.0685134, 0.0745486, 0.0977761, 0.269748, 0.275295, 1, 

43,142,0.001, 0.00522632, 0.0228842, 0.0309607, 0.0685134, 0.0745486, 0.0977761, 0.164313, 0.182629, 0.274425, 0.28663, 0.291566, 0.296395, 0.302741, 0.362204, 0.388471, 0.406316, 0.784942, 0.791969, 0.856663, 0.890032, 0.917336, 0.946179, 1, 

30,183,0.001, 0.0183278, 0.0210869, 0.0534258, 0.0640391, 0.0745486, 0.0977761, 0.164313, 0.29865, 0.215218, 1, 

Generation #30
33,145,0.001, 0.00522632, 0.0228842, 0.0309607, 0.0685134, 0.0745486, 0.0977761, 0.164313, 0.338847, 0.991229, 1, 

29,187,0.001, 0.0189926, 0.0317928, 0.0572939, 0.0640391, 0.0745486, 0.0977761, 0.164313, 0.215218, 1, 

31,153,0.001, 0.0189926, 0.0317928, 0.0572939, 0.0685134, 0.0745486, 0.0977761, 0.269748, 0.275295, 1, 

43,142,0.001, 0.00522632, 0.0228842, 0.0309607, 0.0685134, 0.0745486, 0.0977761, 0.164313, 0.182629, 0.274425, 0.28663, 0.291566, 0.296395, 0.302741, 0.362204, 0.388471, 0.406316, 0.784942, 0.791969, 0.856663, 0.890032, 0.917336, 0.946179, 1, 

30,183,0.001, 0.0183278, 0.0210869, 0.0534258, 0.0640391, 0.0745486, 0.0977761, 0.164313, 0.29865, 0.215218, 1, 

Generation #31
33,145,0.001, 0.00522632, 0.0228842, 0.0309607, 0.0685134, 0.0745486, 0.0977761, 0.164313, 0.338847, 0.991229, 1, 

29,187,0.001, 0.0189926, 0.0317928, 0.0572939, 0.0640391, 0.0745486, 0.0977761, 0.164313, 0.215218, 1, 

31,153,0.001, 0.0189926, 0.0317928, 0.0572939, 0.0685134, 0.0745486, 0.0977761, 0.269748, 0.275295, 1, 

43,142,0.001, 0.00522632, 0.0228842, 0.0309607, 0.0685134, 0.0745486, 0.0977761, 0.164313, 0.182629, 0.274425, 0.28663, 0.291566, 0.296395, 0.302741, 0.362204, 0.388471, 0.406316, 0.784942, 0.791969, 0.856663, 0.890032, 0.917336, 0.946179, 1, 

30,183,0.001, 0.0183278, 0.0210869, 0.0534258, 0.0640391, 0.0745486, 0.0977761, 0.164313, 0.29865, 0.215218, 1, 

Generation #32
29,187,0.001, 0.0189926, 0.0317928, 0.0572939, 0.0640391, 0.0745486, 0.0977761, 0.164313, 0.215218, 1, 

43,142,0.001, 0.00522632, 0.0228842, 0.0309607, 0.0685134, 0.0745486, 0.0977761, 0.164313, 0.182629, 0.274425, 0.28663, 0.291566, 0.296395, 0.302741, 0.362204, 0.388471, 0.406316, 0.784942, 0.791969, 0.856663, 0.890032, 0.917336, 0.946179, 1, 

30,183,0.001, 0.0183278, 0.0210869, 0.0534258, 0.0640391, 0.0745486, 0.0977761, 0.164313, 0.29865, 0.215218, 1, 

31,145,0.001, 0.00522632, 0.0228842, 0.0309607, 0.108014, 0.0685134, 0.0745486, 0.120038, 0.182629, 0.274425, 0.278043, 1, 

Generation #33
29,187,0.001, 0.0189926, 0.0317928, 0.0572939, 0.0640391, 0.0745486, 0.0977761, 0.164313, 0.215218, 1, 

30,183,0.001, 0.0183278, 0.0210869, 0.0534258, 0.0640391, 0.0745486, 0.0977761, 0.164313, 0.29865, 0.215218, 1, 

31,145,0.001, 0.00522632, 0.0228842, 0.0309607, 0.108014, 0.0685134, 0.0745486, 0.120038, 0.182629, 0.274425, 0.278043, 1, 

33,122,0.001, 0.00522632, 0.0210869, 0.0210869, 0.0534258, 0.0640391, 0.0745486, 0.120038, 0.182629, 0.274425, 0.994525, 1, 

Generation #34
29,187,0.001, 0.0189926, 0.0317928, 0.0572939, 0.0640391, 0.0745486, 0.0977761, 0.164313, 0.215218, 1, 

30,183,0.001, 0.0183278, 0.0210869, 0.0534258, 0.0640391, 0.0745486, 0.0977761, 0.164313, 0.29865, 0.215218, 1, 

31,145,0.001, 0.00522632, 0.0228842, 0.0309607, 0.108014, 0.0685134, 0.0745486, 0.120038, 0.182629, 0.274425, 0.278043, 1, 

33,122,0.001, 0.00522632, 0.0210869, 0.0210869, 0.0534258, 0.0640391, 0.0745486, 0.120038, 0.182629, 0.274425, 0.994525, 1, 

Generation #35
29,187,0.001, 0.0189926, 0.0317928, 0.0572939, 0.0640391, 0.0745486, 0.0977761, 0.164313, 0.215218, 1, 

30,183,0.001, 0.0183278, 0.0210869, 0.0534258, 0.0640391, 0.0745486, 0.0977761, 0.164313, 0.29865, 0.215218, 1, 

31,145,0.001, 0.00522632, 0.0228842, 0.0309607, 0.108014, 0.0685134, 0.0745486, 0.120038, 0.182629, 0.274425, 0.278043, 1, 

33,122,0.001, 0.00522632, 0.0210869, 0.0210869, 0.0534258, 0.0640391, 0.0745486, 0.120038, 0.182629, 0.274425, 0.994525, 1, 

Generation #36
29,187,0.001, 0.0189926, 0.0317928, 0.0572939, 0.0640391, 0.0745486, 0.0977761, 0.164313, 0.215218, 1, 

30,183,0.001, 0.0183278, 0.0210869, 0.0534258, 0.0640391, 0.0745486, 0.0977761, 0.164313, 0.29865, 0.215218, 1, 

31,145,0.001, 0.00522632, 0.0228842, 0.0309607, 0.108014, 0.0685134, 0.0745486, 0.120038, 0.182629, 0.274425, 0.278043, 1, 

33,122,0.001, 0.00522632, 0.0210869, 0.0210869, 0.0534258, 0.0640391, 0.0745486, 0.120038, 0.182629, 0.274425, 0.994525, 1, 

Generation #37
29,187,0.001, 0.0189926, 0.0317928, 0.0572939, 0.0640391, 0.0745486, 0.0977761, 0.164313, 0.215218, 1, 

31,145,0.001, 0.00522632, 0.0228842, 0.0309607, 0.108014, 0.0685134, 0.0745486, 0.120038, 0.182629, 0.274425, 0.278043, 1, 

33,122,0.001, 0.00522632, 0.0210869, 0.0210869, 0.0534258, 0.0640391, 0.0745486, 0.120038, 0.182629, 0.274425, 0.994525, 1, 

30,181,0.001, 0.0183278, 0.0210869, 0.0309607, 0.0685134, 0.070073, 0.0962067, 0.120038, 0.182629, 0.274425, 1, 

Generation #38
29,187,0.001, 0.0189926, 0.0317928, 0.0572939, 0.0640391, 0.0745486, 0.0977761, 0.164313, 0.215218, 1, 

31,145,0.001, 0.00522632, 0.0228842, 0.0309607, 0.108014, 0.0685134, 0.0745486, 0.120038, 0.182629, 0.274425, 0.278043, 1, 

33,122,0.001, 0.00522632, 0.0210869, 0.0210869, 0.0534258, 0.0640391, 0.0745486, 0.120038, 0.182629, 0.274425, 0.994525, 1, 

30,181,0.001, 0.0183278, 0.0210869, 0.0309607, 0.0685134, 0.070073, 0.0962067, 0.120038, 0.182629, 0.274425, 1, 

Generation #39
29,187,0.001, 0.0189926, 0.0317928, 0.0572939, 0.0640391, 0.0745486, 0.0977761, 0.164313, 0.215218, 1, 

31,145,0.001, 0.00522632, 0.0228842, 0.0309607, 0.108014, 0.0685134, 0.0745486, 0.120038, 0.182629, 0.274425, 0.278043, 1, 

33,122,0.001, 0.00522632, 0.0210869, 0.0210869, 0.0534258, 0.0640391, 0.0745486, 0.120038, 0.182629, 0.274425, 0.994525, 1, 

30,181,0.001, 0.0183278, 0.0210869, 0.0309607, 0.0685134, 0.070073, 0.0962067, 0.120038, 0.182629, 0.274425, 1, 

Generation #40
29,187,0.001, 0.0189926, 0.0317928, 0.0572939, 0.0640391, 0.0745486, 0.0977761, 0.164313, 0.215218, 1, 

31,145,0.001, 0.00522632, 0.0228842, 0.0309607, 0.108014, 0.0685134, 0.0745486, 0.120038, 0.182629, 0.274425, 0.278043, 1, 

33,122,0.001, 0.00522632, 0.0210869, 0.0210869, 0.0534258, 0.0640391, 0.0745486, 0.120038, 0.182629, 0.274425, 0.994525, 1, 

30,181,0.001, 0.0183278, 0.0210869, 0.0309607, 0.0685134, 0.070073, 0.0962067, 0.120038, 0.182629, 0.274425, 1, 

Generation #41
29,187,0.001, 0.0189926, 0.0317928, 0.0572939, 0.0640391, 0.0745486, 0.0977761, 0.164313, 0.215218, 1, 

31,145,0.001, 0.00522632, 0.0228842, 0.0309607, 0.108014, 0.0685134, 0.0745486, 0.120038, 0.182629, 0.274425, 0.278043, 1, 

33,122,0.001, 0.00522632, 0.0210869, 0.0210869, 0.0534258, 0.0640391, 0.0745486, 0.120038, 0.182629, 0.274425, 0.994525, 1, 

30,181,0.001, 0.0183278, 0.0210869, 0.0309607, 0.0685134, 0.070073, 0.0962067, 0.120038, 0.182629, 0.274425, 1, 

Generation #42
29,187,0.001, 0.0189926, 0.0317928, 0.0572939, 0.0640391, 0.0745486, 0.0977761, 0.164313, 0.215218, 1, 

31,145,0.001, 0.00522632, 0.0228842, 0.0309607, 0.108014, 0.0685134, 0.0745486, 0.120038, 0.182629, 0.274425, 0.278043, 1, 

33,122,0.001, 0.00522632, 0.0210869, 0.0210869, 0.0534258, 0.0640391, 0.0745486, 0.120038, 0.182629, 0.274425, 0.994525, 1, 

30,181,0.001, 0.0183278, 0.0210869, 0.0309607, 0.0685134, 0.070073, 0.0962067, 0.120038, 0.182629, 0.274425, 1, 

Generation #43
29,187,0.001, 0.0189926, 0.0317928, 0.0572939, 0.0640391, 0.0745486, 0.0977761, 0.164313, 0.215218, 1, 

31,145,0.001, 0.00522632, 0.0228842, 0.0309607, 0.108014, 0.0685134, 0.0745486, 0.120038, 0.182629, 0.274425, 0.278043, 1, 

33,122,0.001, 0.00522632, 0.0210869, 0.0210869, 0.0534258, 0.0640391, 0.0745486, 0.120038, 0.182629, 0.274425, 0.994525, 1, 

30,181,0.001, 0.0183278, 0.0210869, 0.0309607, 0.0685134, 0.070073, 0.0962067, 0.120038, 0.182629, 0.274425, 1, 

Generation #44
29,187,0.001, 0.0189926, 0.0317928, 0.0572939, 0.0640391, 0.0745486, 0.0977761, 0.164313, 0.215218, 1, 

31,145,0.001, 0.00522632, 0.0228842, 0.0309607, 0.108014, 0.0685134, 0.0745486, 0.120038, 0.182629, 0.274425, 0.278043, 1, 

33,122,0.001, 0.00522632, 0.0210869, 0.0210869, 0.0534258, 0.0640391, 0.0745486, 0.120038, 0.182629, 0.274425, 0.994525, 1, 

30,181,0.001, 0.0183278, 0.0210869, 0.0309607, 0.0685134, 0.070073, 0.0962067, 0.120038, 0.182629, 0.274425, 1, 

Generation #45
29,187,0.001, 0.0189926, 0.0317928, 0.0572939, 0.0640391, 0.0745486, 0.0977761, 0.164313, 0.215218, 1, 

31,145,0.001, 0.00522632, 0.0228842, 0.0309607, 0.108014, 0.0685134, 0.0745486, 0.120038, 0.182629, 0.274425, 0.278043, 1, 

33,122,0.001, 0.00522632, 0.0210869, 0.0210869, 0.0534258, 0.0640391, 0.0745486, 0.120038, 0.182629, 0.274425, 0.994525, 1, 

30,181,0.001, 0.0183278, 0.0210869, 0.0309607, 0.0685134, 0.070073, 0.0962067, 0.120038, 0.182629, 0.274425, 1, 

Generation #46
33,122,0.001, 0.00522632, 0.0210869, 0.0210869, 0.0534258, 0.0640391, 0.0745486, 0.120038, 0.182629, 0.274425, 0.994525, 1, 

29,138,0.001, 0.00522632, 0.0228842, 0.0309607, 0.0685134, 0.0745486, 0.0977761, 0.164313, 0.215218, 0.32289, 0.346079, 1, 

Generation #47
33,122,0.001, 0.00522632, 0.0210869, 0.0210869, 0.0534258, 0.0640391, 0.0745486, 0.120038, 0.182629, 0.274425, 0.994525, 1, 

29,138,0.001, 0.00522632, 0.0228842, 0.0309607, 0.0685134, 0.0745486, 0.0977761, 0.164313, 0.215218, 0.32289, 0.346079, 1, 

Generation #48
33,122,0.001, 0.00522632, 0.0210869, 0.0210869, 0.0534258, 0.0640391, 0.0745486, 0.120038, 0.182629, 0.274425, 0.994525, 1, 

29,138,0.001, 0.00522632, 0.0228842, 0.0309607, 0.0685134, 0.0745486, 0.0977761, 0.164313, 0.215218, 0.32289, 0.346079, 1, 

Generation #49
33,122,0.001, 0.00522632, 0.0210869, 0.0210869, 0.0534258, 0.0640391, 0.0745486, 0.120038, 0.182629, 0.274425, 0.994525, 1, 

29,138,0.001, 0.00522632, 0.0228842, 0.0309607, 0.0685134, 0.0745486, 0.0977761, 0.164313, 0.215218, 0.32289, 0.346079, 1, 

--- Pareto Front Solutions ---
Solution 0: N total=89 (N_initial=56, N_added=33), Time total=140 ms, Saved to: ./results/SPINV_t2_l2_pareto_0.csv, percents=0.001, 0.00522632, 0.0210869, 0.0210869, 0.0534258, 0.0640391, 0.0745486, 0.120038, 0.182629, 0.274425, 0.994525, 1, 

Solution 1: N total=85 (N_initial=56, N_added=29), Time total=156 ms, Saved to: ./results/SPINV_t2_l2_pareto_1.csv, percents=0.001, 0.00522632, 0.0228842, 0.0309607, 0.0685134, 0.0745486, 0.0977761, 0.164313, 0.215218, 0.32289, 0.346079, 1, 

------------d=1, t=2, lambda=3, filename=./evaluation/SPINV/SPINV_2_3.csv------------
Grouping d-sets by partitioned row counts for detecting arrays...
Ready to look at pairs for detecting arrays...
First Stage N=64, Time=19
There are 2741 remaining non-locating pairs
--- Running GA Algorithm (phase2) ---
Running GA with std::execution::par
Generation #0
38,337,0.001, 0.0561051, 0.276942, 0.305683, 0.321175, 0.403861, 0.637003, 0.668726, 0.682797, 0.690062, 0.897209, 0.958735, 1, 

40,267,0.001, 0.0342218, 0.0422959, 0.0477313, 0.089635, 0.100471, 0.160758, 0.266038, 0.275589, 0.296908, 0.323638, 0.510476, 0.651049, 0.891898, 0.933028, 1, 

33,595,0.001, 0.0238419, 0.0941274, 0.140407, 0.15265, 0.285031, 0.589419, 0.697483, 0.846084, 0.956033, 1, 

43,212,0.001, 0.00975136, 0.0606865, 0.108609, 0.124561, 0.161185, 0.170847, 0.174023, 0.185203, 0.185775, 0.240831, 0.339446, 0.409224, 0.51854, 0.559089, 0.574579, 0.759863, 0.762014, 0.896758, 1, 

Generation #1
40,267,0.001, 0.0342218, 0.0422959, 0.0477313, 0.089635, 0.100471, 0.160758, 0.266038, 0.275589, 0.296908, 0.323638, 0.510476, 0.651049, 0.891898, 0.933028, 1, 

33,595,0.001, 0.0238419, 0.0941274, 0.140407, 0.15265, 0.285031, 0.589419, 0.697483, 0.846084, 0.956033, 1, 

43,212,0.001, 0.00975136, 0.0606865, 0.108609, 0.124561, 0.161185, 0.170847, 0.174023, 0.185203, 0.185775, 0.240831, 0.339446, 0.409224, 0.51854, 0.559089, 0.574579, 0.759863, 0.762014, 0.896758, 1, 

45,128,0.001, 0.00842034, 0.018985, 0.0264082, 0.0303042, 0.0515189, 0.0535445, 0.0648702, 0.123595, 0.255812, 0.28899, 0.402548, 0.455755, 0.491795, 0.537004, 0.604584, 0.620871, 0.621671, 0.659424, 0.723191, 0.841744, 0.866453, 0.99621, 1, 

38,304,0.001, 0.0389419, 0.0811144, 0.103256, 0.288848, 0.76051, 0.786357, 0.875861, 0.943381, 0.948385, 1, 

36,412,0.001, 0.0548172, 0.194818, 0.206572, 0.231116, 0.240233, 0.295841, 0.156311, 0.754884, 0.977202, 1, 

Generation #2
45,128,0.001, 0.00842034, 0.018985, 0.0264082, 0.0303042, 0.0515189, 0.0535445, 0.0648702, 0.123595, 0.255812, 0.28899, 0.402548, 0.455755, 0.491795, 0.537004, 0.604584, 0.620871, 0.621671, 0.659424, 0.723191, 0.841744, 0.866453, 0.99621, 1, 

33,206,0.001, 0.00842034, 0.018985, 0.0264082, 0.0303042, 0.0515189, 0.0535445, 0.0648702, 0.846084, 0.956033, 1, 

38,162,0.001, 0.0103145, 0.0251735, 0.0809956, 0.124205, 0.257857, 0.311802, 0.359377, 0.368592, 0.403818, 0.498468, 0.498705, 0.56344, 0.591215, 0.69559, 1, 

Generation #3
45,128,0.001, 0.00842034, 0.018985, 0.0264082, 0.0303042, 0.0515189, 0.0535445, 0.0648702, 0.123595, 0.255812, 0.28899, 0.402548, 0.455755, 0.491795, 0.537004, 0.604584, 0.620871, 0.621671, 0.659424, 0.723191, 0.841744, 0.866453, 0.99621, 1, 

33,206,0.001, 0.00842034, 0.018985, 0.0264082, 0.0303042, 0.0515189, 0.0535445, 0.0648702, 0.846084, 0.956033, 1, 

38,162,0.001, 0.0103145, 0.0251735, 0.0809956, 0.124205, 0.257857, 0.311802, 0.359377, 0.368592, 0.403818, 0.498468, 0.498705, 0.56344, 0.591215, 0.69559, 1, 

Generation #4
45,128,0.001, 0.00842034, 0.018985, 0.0264082, 0.0303042, 0.0515189, 0.0535445, 0.0648702, 0.123595, 0.255812, 0.28899, 0.402548, 0.455755, 0.491795, 0.537004, 0.604584, 0.620871, 0.621671, 0.659424, 0.723191, 0.841744, 0.866453, 0.99621, 1, 

33,206,0.001, 0.00842034, 0.018985, 0.0264082, 0.0303042, 0.0515189, 0.0535445, 0.0648702, 0.846084, 0.956033, 1, 

38,162,0.001, 0.0103145, 0.0251735, 0.0809956, 0.124205, 0.257857, 0.311802, 0.359377, 0.368592, 0.403818, 0.498468, 0.498705, 0.56344, 0.591215, 0.69559, 1, 

42,160,0.001, 0.0217673, 0.0418266, 0.0264082, 0.0303042, 0.0515189, 0.0535445, 0.0648702, 0.123595, 0.255812, 0.00206763, 0.402548, 0.409224, 0.51854, 0.559089, 0.574579, 0.759863, 0.762014, 0.896758, 1, 

37,184,0.001, 0.0150202, 0.0422959, 0.0477313, 0.089635, 0.100471, 0.160758, 0.266038, 0.275589, 0.296908, 0.323638, 0.510476, 0.651049, 0.891898, 0.933028, 1, 

Generation #5
45,128,0.001, 0.00842034, 0.018985, 0.0264082, 0.0303042, 0.0515189, 0.0535445, 0.0648702, 0.123595, 0.255812, 0.28899, 0.402548, 0.455755, 0.491795, 0.537004, 0.604584, 0.620871, 0.621671, 0.659424, 0.723191, 0.841744, 0.866453, 0.99621, 1, 

33,206,0.001, 0.00842034, 0.018985, 0.0264082, 0.0303042, 0.0515189, 0.0535445, 0.0648702, 0.846084, 0.956033, 1, 

38,162,0.001, 0.0103145, 0.0251735, 0.0809956, 0.124205, 0.257857, 0.311802, 0.359377, 0.368592, 0.403818, 0.498468, 0.498705, 0.56344, 0.591215, 0.69559, 1, 

42,160,0.001, 0.0217673, 0.0418266, 0.0264082, 0.0303042, 0.0515189, 0.0535445, 0.0648702, 0.123595, 0.255812, 0.00206763, 0.402548, 0.409224, 0.51854, 0.559089, 0.574579, 0.759863, 0.762014, 0.896758, 1, 

37,184,0.001, 0.0150202, 0.0422959, 0.0477313, 0.089635, 0.100471, 0.160758, 0.266038, 0.275589, 0.296908, 0.323638, 0.510476, 0.651049, 0.891898, 0.933028, 1, 

32,480,0.001, 0.00842034, 0.018985, 0.206572, 0.231116, 0.240233, 0.295841, 0.156311, 0.754884, 0.977202, 1, 

Generation #6
45,128,0.001, 0.00842034, 0.018985, 0.0264082, 0.0303042, 0.0515189, 0.0535445, 0.0648702, 0.123595, 0.255812, 0.28899, 0.402548, 0.455755, 0.491795, 0.537004, 0.604584, 0.620871, 0.621671, 0.659424, 0.723191, 0.841744, 0.866453, 0.99621, 1, 

33,206,0.001, 0.00842034, 0.018985, 0.0264082, 0.0303042, 0.0515189, 0.0535445, 0.0648702, 0.846084, 0.956033, 1, 

38,162,0.001, 0.0103145, 0.0251735, 0.0809956, 0.124205, 0.257857, 0.311802, 0.359377, 0.368592, 0.403818, 0.498468, 0.498705, 0.56344, 0.591215, 0.69559, 1, 

42,160,0.001, 0.0217673, 0.0418266, 0.0264082, 0.0303042, 0.0515189, 0.0535445, 0.0648702, 0.123595, 0.255812, 0.00206763, 0.402548, 0.409224, 0.51854, 0.559089, 0.574579, 0.759863, 0.762014, 0.896758, 1, 

37,184,0.001, 0.0150202, 0.0422959, 0.0477313, 0.089635, 0.100471, 0.160758, 0.266038, 0.275589, 0.296908, 0.323638, 0.510476, 0.651049, 0.891898, 0.933028, 1, 

32,480,0.001, 0.00842034, 0.018985, 0.206572, 0.231116, 0.240233, 0.295841, 0.156311, 0.754884, 0.977202, 1, 

Generation #7
45,128,0.001, 0.00842034, 0.018985, 0.0264082, 0.0303042, 0.0515189, 0.0535445, 0.0648702, 0.123595, 0.255812, 0.28899, 0.402548, 0.455755, 0.491795, 0.537004, 0.604584, 0.620871, 0.621671, 0.659424, 0.723191, 0.841744, 0.866453, 0.99621, 1, 

33,206,0.001, 0.00842034, 0.018985, 0.0264082, 0.0303042, 0.0515189, 0.0535445, 0.0648702, 0.846084, 0.956033, 1, 

38,162,0.001, 0.0103145, 0.0251735, 0.0809956, 0.124205, 0.257857, 0.311802, 0.359377, 0.368592, 0.403818, 0.498468, 0.498705, 0.56344, 0.591215, 0.69559, 1, 

42,160,0.001, 0.0217673, 0.0418266, 0.0264082, 0.0303042, 0.0515189, 0.0535445, 0.0648702, 0.123595, 0.255812, 0.00206763, 0.402548, 0.409224, 0.51854, 0.559089, 0.574579, 0.759863, 0.762014, 0.896758, 1, 

37,184,0.001, 0.0150202, 0.0422959, 0.0477313, 0.089635, 0.100471, 0.160758, 0.266038, 0.275589, 0.296908, 0.323638, 0.510476, 0.651049, 0.891898, 0.933028, 1, 

32,263,0.001, 0.0103145, 0.0422959, 0.0477313, 0.089635, 0.100471, 0.160758, 0.536691, 0.800975, 1, 

Generation #8
45,128,0.001, 0.00842034, 0.018985, 0.0264082, 0.0303042, 0.0515189, 0.0535445, 0.0648702, 0.123595, 0.255812, 0.28899, 0.402548, 0.455755, 0.491795, 0.537004, 0.604584, 0.620871, 0.621671, 0.659424, 0.723191, 0.841744, 0.866453, 0.99621, 1, 

33,206,0.001, 0.00842034, 0.018985, 0.0264082, 0.0303042, 0.0515189, 0.0535445, 0.0648702, 0.846084, 0.956033, 1, 

38,162,0.001, 0.0103145, 0.0251735, 0.0809956, 0.124205, 0.257857, 0.311802, 0.359377, 0.368592, 0.403818, 0.498468, 0.498705, 0.56344, 0.591215, 0.69559, 1, 

42,160,0.001, 0.0217673, 0.0418266, 0.0264082, 0.0303042, 0.0515189, 0.0535445, 0.0648702, 0.123595, 0.255812, 0.00206763, 0.402548, 0.409224, 0.51854, 0.559089, 0.574579, 0.759863, 0.762014, 0.896758, 1, 

37,184,0.001, 0.0150202, 0.0422959, 0.0477313, 0.089635, 0.100471, 0.160758, 0.266038, 0.275589, 0.296908, 0.323638, 0.510476, 0.651049, 0.891898, 0.933028, 1, 

32,263,0.001, 0.0103145, 0.0422959, 0.0477313, 0.089635, 0.100471, 0.160758, 0.536691, 0.800975, 1, 

Generation #9
45,128,0.001, 0.00842034, 0.018985, 0.0264082, 0.0303042, 0.0515189, 0.0535445, 0.0648702, 0.123595, 0.255812, 0.28899, 0.402548, 0.455755, 0.491795, 0.537004, 0.604584, 0.620871, 0.621671, 0.659424, 0.723191, 0.841744, 0.866453, 0.99621, 1, 

33,206,0.001, 0.00842034, 0.018985, 0.0264082, 0.0303042, 0.0515189, 0.0535445, 0.0648702, 0.846084, 0.956033, 1, 

32,263,0.001, 0.0103145, 0.0422959, 0.0477313, 0.089635, 0.100471, 0.160758, 0.536691, 0.800975, 1, 

44,140,0.001, 0.00842034, 0.018985, 0.0264082, 0.0303042, 0.0515189, 0.0535445, 0.0648702, 0.123595, 0.255812, 0.28899, 0.402548, 0.455755, 0.491795, 0.537004, 0.604584, 0.620871, 0.621671, 0.659424, 0.723191, 0.841744, 0.0231934, 0.866453, 0.99621, 1, 

42,149,0.001, 0.0103145, 0.0251735, 0.0809956, 0.0303042, 0.0515189, 0.0535445, 0.0648702, 0.123595, 0.255812, 0.00206763, 0.402548, 0.409224, 0.51854, 0.559089, 0.574579, 0.759863, 0.762014, 0.190226, 1, 

37,159,0.001, 0.00842034, 0.018985, 0.0264082, 0.0303042, 0.0515189, 0.0535445, 0.0648702, 0.123595, 0.255812, 0.28899, 0.402548, 0.455755, 0.891898, 0.933028, 1, 

35,197,0.001, 0.00842034, 0.018985, 0.0264082, 0.0303042, 0.0515189, 0.0535445, 0.222606, 0.0648702, 0.846084, 0.956033, 1, 

Generation #10
45,128,0.001, 0.00842034, 0.018985, 0.0264082, 0.0303042, 0.0515189, 0.0535445, 0.0648702, 0.123595, 0.255812, 0.28899, 0.402548, 0.455755, 0.491795, 0.537004, 0.604584, 0.620871, 0.621671, 0.659424, 0.723191, 0.841744, 0.866453, 0.99621, 1, 

32,263,0.001, 0.0103145, 0.0422959, 0.0477313, 0.089635, 0.100471, 0.160758, 0.536691, 0.800975, 1, 

44,140,0.001, 0.00842034, 0.018985, 0.0264082, 0.0303042, 0.0515189, 0.0535445, 0.0648702, 0.123595, 0.255812, 0.28899, 0.402548, 0.455755, 0.491795, 0.537004, 0.604584, 0.620871, 0.621671, 0.659424, 0.723191, 0.841744, 0.0231934, 0.866453, 0.99621, 1, 

42,149,0.001, 0.0103145, 0.0251735, 0.0809956, 0.0303042, 0.0515189, 0.0535445, 0.0648702, 0.123595, 0.255812, 0.00206763, 0.402548, 0.409224, 0.51854, 0.559089, 0.574579, 0.759863, 0.762014, 0.190226, 1, 

37,159,0.001, 0.00842034, 0.018985, 0.0264082, 0.0303042, 0.0515189, 0.0535445, 0.0648702, 0.123595, 0.255812, 0.28899, 0.402548, 0.455755, 0.891898, 0.933028, 1, 

35,197,0.001, 0.00842034, 0.018985, 0.0264082, 0.0303042, 0.0515189, 0.0535445, 0.222606, 0.0648702, 0.846084, 0.956033, 1, 

33,204,0.001, 0.0103145, 0.0422959, 0.0477313, 0.089635, 0.100471, 0.0534501, 0.536691, 0.558663, 1, 

38,155,0.001, 0.00842034, 0.018985, 0.0264082, 0.0303042, 0.0515189, 0.0535445, 0.0648702, 0.123595, 0.255812, 0.28899, 0.402548, 0.455755, 0.891898, 0.933028, 1, 

Generation #11
45,128,0.001, 0.00842034, 0.018985, 0.0264082, 0.0303042, 0.0515189, 0.0535445, 0.0648702, 0.123595, 0.255812, 0.28899, 0.402548, 0.455755, 0.491795, 0.537004, 0.604584, 0.620871, 0.621671, 0.659424, 0.723191, 0.841744, 0.866453, 0.99621, 1, 

44,140,0.001, 0.00842034, 0.018985, 0.0264082, 0.0303042, 0.0515189, 0.0535445, 0.0648702, 0.123595, 0.255812, 0.28899, 0.402548, 0.455755, 0.491795, 0.537004, 0.604584, 0.620871, 0.621671, 0.659424, 0.723191, 0.841744, 0.0231934, 0.866453, 0.99621, 1, 

42,149,0.001, 0.0103145, 0.0251735, 0.0809956, 0.0303042, 0.0515189, 0.0535445, 0.0648702, 0.123595, 0.255812, 0.00206763, 0.402548, 0.409224, 0.51854, 0.559089, 0.574579, 0.759863, 0.762014, 0.190226, 1, 

37,159,0.001, 0.00842034, 0.018985, 0.0264082, 0.0303042, 0.0515189, 0.0535445, 0.0648702, 0.123595, 0.255812, 0.28899, 0.402548, 0.455755, 0.891898, 0.933028, 1, 

38,155,0.001, 0.00842034, 0.018985, 0.0264082, 0.0303042, 0.0515189, 0.0535445, 0.0648702, 0.123595, 0.255812, 0.28899, 0.402548, 0.455755, 0.891898, 0.933028, 1, 

32,162,0.001, 0.00842034, 0.018985, 0.0264082, 0.0303042, 0.0515189, 0.0535445, 0.0648702, 0.368592, 0.403818, 1, 

Generation #12
45,128,0.001, 0.00842034, 0.018985, 0.0264082, 0.0303042, 0.0515189, 0.0535445, 0.0648702, 0.123595, 0.255812, 0.28899, 0.402548, 0.455755, 0.491795, 0.537004, 0.604584, 0.620871, 0.621671, 0.659424, 0.723191, 0.841744, 0.866453, 0.99621, 1, 

44,140,0.001, 0.00842034, 0.018985, 0.0264082, 0.0303042, 0.0515189, 0.0535445, 0.0648702, 0.123595, 0.255812, 0.28899, 0.402548, 0.455755, 0.491795, 0.537004, 0.604584, 0.620871, 0.621671, 0.659424, 0.723191, 0.841744, 0.0231934, 0.866453, 0.99621, 1, 

32,162,0.001, 0.00842034, 0.018985, 0.0264082, 0.0303042, 0.0515189, 0.0535445, 0.0648702, 0.368592, 0.403818, 1, 

37,152,0.001, 0.00842034, 0.018985, 0.0264082, 0.0303042, 0.0515189, 0.0535445, 0.0648702, 0.123595, 0.255812, 0.28899, 0.323638, 0.510476, 0.651049, 0.891898, 0.933028, 1, 

42,145,0.001, 0.00842034, 0.018985, 0.0264082, 0.0303042, 0.0515189, 0.0535445, 0.0648702, 0.123595, 0.255812, 0.28899, 0.402548, 0.455755, 0.491795, 0.604584, 0.620871, 0.621671, 0.659424, 1, 

31,231,0.001, 0.018985, 0.0264082, 0.0303042, 0.0515189, 0.0535445, 0.0648702, 0.123595, 0.403818, 1, 

Generation #13
45,128,0.001, 0.00842034, 0.018985, 0.0264082, 0.0303042, 0.0515189, 0.0535445, 0.0648702, 0.123595, 0.255812, 0.28899, 0.402548, 0.455755, 0.491795, 0.537004, 0.604584, 0.620871, 0.621671, 0.659424, 0.723191, 0.841744, 0.866453, 0.99621, 1, 

32,162,0.001, 0.00842034, 0.018985, 0.0264082, 0.0303042, 0.0515189, 0.0535445, 0.0648702, 0.368592, 0.403818, 1, 

31,231,0.001, 0.018985, 0.0264082, 0.0303042, 0.0515189, 0.0535445, 0.0648702, 0.123595, 0.403818, 1, 

35,131,0.001, 0.00842034, 0.018985, 0.0264082, 0.0303042, 0.0515189, 0.0535445, 0.0648702, 0.123595, 0.255812, 0.28899, 0.402548, 0.455755, 0.891898, 0.933028, 1, 

34,152,0.001, 0.0103145, 0.018985, 0.0264082, 0.0303042, 0.0515189, 0.0535445, 0.0648702, 0.123595, 0.255812, 0.28899, 0.402548, 0.651049, 1, 

Generation #14
32,162,0.001, 0.00842034, 0.018985, 0.0264082, 0.0303042, 0.0515189, 0.0535445, 0.0648702, 0.368592, 0.403818, 1, 

31,231,0.001, 0.018985, 0.0264082, 0.0303042, 0.0515189, 0.0535445, 0.0648702, 0.123595, 0.403818, 1, 

48,125,0.001, 0.00842034, 0.018985, 0.0264082, 0.0844546, 0.0303042, 0.0515189, 0.160758, 0.0648702, 0.123595, 0.255812, 0.28899, 0.402548, 0.455755, 0.491795, 0.537004, 0.604584, 0.620871, 0.621671, 0.659424, 0.723191, 0.841744, 0.866453, 0.99621, 0.900326, 0.910517, 0.965333, 0.989401, 1, 

33,127,0.001, 0.00842034, 0.018985, 0.0264082, 0.0303042, 0.0515189, 0.0535445, 0.0648702, 0.123595, 0.255812, 0.510476, 0.651049, 0.891898, 0.933028, 1, 

Generation #15
32,162,0.001, 0.00842034, 0.018985, 0.0264082, 0.0303042, 0.0515189, 0.0535445, 0.0648702, 0.368592, 0.403818, 1, 

31,231,0.001, 0.018985, 0.0264082, 0.0303042, 0.0515189, 0.0535445, 0.0648702, 0.123595, 0.403818, 1, 

48,125,0.001, 0.00842034, 0.018985, 0.0264082, 0.0844546, 0.0303042, 0.0515189, 0.160758, 0.0648702, 0.123595, 0.255812, 0.28899, 0.402548, 0.455755, 0.491795, 0.537004, 0.604584, 0.620871, 0.621671, 0.659424, 0.723191, 0.841744, 0.866453, 0.99621, 0.900326, 0.910517, 0.965333, 0.989401, 1, 

33,127,0.001, 0.00842034, 0.018985, 0.0264082, 0.0303042, 0.0515189, 0.0535445, 0.0648702, 0.123595, 0.255812, 0.510476, 0.651049, 0.891898, 0.933028, 1, 

Generation #16
32,162,0.001, 0.00842034, 0.018985, 0.0264082, 0.0303042, 0.0515189, 0.0535445, 0.0648702, 0.368592, 0.403818, 1, 

48,125,0.001, 0.00842034, 0.018985, 0.0264082, 0.0844546, 0.0303042, 0.0515189, 0.160758, 0.0648702, 0.123595, 0.255812, 0.28899, 0.402548, 0.455755, 0.491795, 0.537004, 0.604584, 0.620871, 0.621671, 0.659424, 0.723191, 0.841744, 0.866453, 0.99621, 0.900326, 0.910517, 0.965333, 0.989401, 1, 

33,127,0.001, 0.00842034, 0.018985, 0.0264082, 0.0303042, 0.0515189, 0.0535445, 0.0648702, 0.123595, 0.255812, 0.510476, 0.651049, 0.891898, 0.933028, 1, 

31,209,0.001, 0.0162168, 0.018985, 0.0264082, 0.0303042, 0.0515189, 0.0535445, 0.0648702, 0.123595, 1, 

30,223,0.001, 0.0103145, 0.018985, 0.0264082, 0.0303042, 0.0515189, 0.0535445, 0.222606, 0.0648702, 0.185775, 1, 

Generation #17
48,125,0.001, 0.00842034, 0.018985, 0.0264082, 0.0844546, 0.0303042, 0.0515189, 0.160758, 0.0648702, 0.123595, 0.255812, 0.28899, 0.402548, 0.455755, 0.491795, 0.537004, 0.604584, 0.620871, 0.621671, 0.659424, 0.723191, 0.841744, 0.866453, 0.99621, 0.900326, 0.910517, 0.965333, 0.989401, 1, 

33,127,0.001, 0.00842034, 0.018985, 0.0264082, 0.0303042, 0.0515189, 0.0535445, 0.0648702, 0.123595, 0.255812, 0.510476, 0.651049, 0.891898, 0.933028, 1, 

30,223,0.001, 0.0103145, 0.018985, 0.0264082, 0.0303042, 0.0515189, 0.0535445, 0.222606, 0.0648702, 0.185775, 1, 

31,185,0.001, 0.0103145, 0.0422959, 0.0264082, 0.0303042, 0.0515189, 0.0535445, 0.0648702, 0.368592, 0.403818, 1, 

32,145,0.001, 0.0103145, 0.018985, 0.0264082, 0.0303042, 0.0515189, 0.0535445, 0.222606, 0.0648702, 0.846084, 0.956033, 1, 

Generation #18
33,127,0.001, 0.00842034, 0.018985, 0.0264082, 0.0303042, 0.0515189, 0.0535445, 0.0648702, 0.123595, 0.255812, 0.510476, 0.651049, 0.891898, 0.933028, 1, 

30,223,0.001, 0.0103145, 0.018985, 0.0264082, 0.0303042, 0.0515189, 0.0535445, 0.222606, 0.0648702, 0.185775, 1, 

31,185,0.001, 0.0103145, 0.0422959, 0.0264082, 0.0303042, 0.0515189, 0.0535445, 0.0648702, 0.368592, 0.403818, 1, 

32,145,0.001, 0.0103145, 0.018985, 0.0264082, 0.0303042, 0.0515189, 0.0535445, 0.222606, 0.0648702, 0.846084, 0.956033, 1, 

45,111,0.001, 0.00842034, 0.018985, 0.0264082, 0.0303042, 0.0515189, 0.0535445, 0.0648702, 0.123595, 0.255812, 0.28899, 0.402548, 0.455755, 0.491795, 0.537004, 0.604584, 0.620871, 0.621671, 0.659424, 0.723191, 0.841744, 0.0231934, 0.866453, 0.99621, 1, 

29,250,0.001, 0.0103145, 0.018985, 0.0264082, 0.0303042, 0.0515189, 0.0535445, 0.0648702, 0.368592, 0.403818, 1, 

Generation #19
33,127,0.001, 0.00842034, 0.018985, 0.0264082, 0.0303042, 0.0515189, 0.0535445, 0.0648702, 0.123595, 0.255812, 0.510476, 0.651049, 0.891898, 0.933028, 1, 

30,223,0.001, 0.0103145, 0.018985, 0.0264082, 0.0303042, 0.0515189, 0.0535445, 0.222606, 0.0648702, 0.185775, 1, 

31,185,0.001, 0.0103145, 0.0422959, 0.0264082, 0.0303042, 0.0515189, 0.0535445, 0.0648702, 0.368592, 0.403818, 1, 

32,145,0.001, 0.0103145, 0.018985, 0.0264082, 0.0303042, 0.0515189, 0.0535445, 0.222606, 0.0648702, 0.846084, 0.956033, 1, 

45,111,0.001, 0.00842034, 0.018985, 0.0264082, 0.0303042, 0.0515189, 0.0535445, 0.0648702, 0.123595, 0.255812, 0.28899, 0.402548, 0.455755, 0.491795, 0.537004, 0.604584, 0.620871, 0.621671, 0.659424, 0.723191, 0.841744, 0.0231934, 0.866453, 0.99621, 1, 

29,250,0.001, 0.0103145, 0.018985, 0.0264082, 0.0303042, 0.0515189, 0.0535445, 0.0648702, 0.368592, 0.403818, 1, 

Generation #20
33,127,0.001, 0.00842034, 0.018985, 0.0264082, 0.0303042, 0.0515189, 0.0535445, 0.0648702, 0.123595, 0.255812, 0.510476, 0.651049, 0.891898, 0.933028, 1, 

30,223,0.001, 0.0103145, 0.018985, 0.0264082, 0.0303042, 0.0515189, 0.0535445, 0.222606, 0.0648702, 0.185775, 1, 

31,185,0.001, 0.0103145, 0.0422959, 0.0264082, 0.0303042, 0.0515189, 0.0535445, 0.0648702, 0.368592, 0.403818, 1, 

32,145,0.001, 0.0103145, 0.018985, 0.0264082, 0.0303042, 0.0515189, 0.0535445, 0.222606, 0.0648702, 0.846084, 0.956033, 1, 

45,111,0.001, 0.00842034, 0.018985, 0.0264082, 0.0303042, 0.0515189, 0.0535445, 0.0648702, 0.123595, 0.255812, 0.28899, 0.402548, 0.455755, 0.491795, 0.537004, 0.604584, 0.620871, 0.621671, 0.659424, 0.723191, 0.841744, 0.0231934, 0.866453, 0.99621, 1, 

29,250,0.001, 0.0103145, 0.018985, 0.0264082, 0.0303042, 0.0515189, 0.0535445, 0.0648702, 0.368592, 0.403818, 1, 

Generation #21
33,127,0.001, 0.00842034, 0.018985, 0.0264082, 0.0303042, 0.0515189, 0.0535445, 0.0648702, 0.123595, 0.255812, 0.510476, 0.651049, 0.891898, 0.933028, 1, 

30,223,0.001, 0.0103145, 0.018985, 0.0264082, 0.0303042, 0.0515189, 0.0535445, 0.222606, 0.0648702, 0.185775, 1, 

32,145,0.001, 0.0103145, 0.018985, 0.0264082, 0.0303042, 0.0515189, 0.0535445, 0.222606, 0.0648702, 0.846084, 0.956033, 1, 

45,111,0.001, 0.00842034, 0.018985, 0.0264082, 0.0303042, 0.0515189, 0.0535445, 0.0648702, 0.123595, 0.255812, 0.28899, 0.402548, 0.455755, 0.491795, 0.537004, 0.604584, 0.620871, 0.621671, 0.659424, 0.723191, 0.841744, 0.0231934, 0.866453, 0.99621, 1, 

29,250,0.001, 0.0103145, 0.018985, 0.0264082, 0.0303042, 0.0515189, 0.0535445, 0.0648702, 0.368592, 0.403818, 1, 

31,158,0.001, 0.0103145, 0.018985, 0.0264082, 0.0303042, 0.0515189, 0.0535445, 0.0648702, 0.368592, 0.403818, 1, 

Generation #22
33,127,0.001, 0.00842034, 0.018985, 0.0264082, 0.0303042, 0.0515189, 0.0535445, 0.0648702, 0.123595, 0.255812, 0.510476, 0.651049, 0.891898, 0.933028, 1, 

30,223,0.001, 0.0103145, 0.018985, 0.0264082, 0.0303042, 0.0515189, 0.0535445, 0.222606, 0.0648702, 0.185775, 1, 

45,111,0.001, 0.00842034, 0.018985, 0.0264082, 0.0303042, 0.0515189, 0.0535445, 0.0648702, 0.123595, 0.255812, 0.28899, 0.402548, 0.455755, 0.491795, 0.537004, 0.604584, 0.620871, 0.621671, 0.659424, 0.723191, 0.841744, 0.0231934, 0.866453, 0.99621, 1, 

29,250,0.001, 0.0103145, 0.018985, 0.0264082, 0.0303042, 0.0515189, 0.0535445, 0.0648702, 0.368592, 0.403818, 1, 

31,158,0.001, 0.0103145, 0.018985, 0.0264082, 0.0303042, 0.0515189, 0.0535445, 0.0648702, 0.368592, 0.403818, 1, 

37,116,0.001, 0.00842034, 0.018985, 0.0264082, 0.0303042, 0.0515189, 0.0535445, 0.0648702, 0.123595, 0.255812, 0.28899, 0.402548, 0.510476, 0.651049, 0.891898, 0.933028, 1, 

32,135,0.001, 0.00842034, 0.018985, 0.0264082, 0.0844546, 0.0303042, 0.0515189, 0.222606, 0.0648702, 0.185775, 1, 

34,122,0.001, 0.00842034, 0.018985, 0.0264082, 0.0303042, 0.0515189, 0.0535445, 0.0648702, 0.123595, 0.255812, 0.28899, 0.402548, 0.455755, 0.891898, 0.933028, 1, 

Generation #23
33,127,0.001, 0.00842034, 0.018985, 0.0264082, 0.0303042, 0.0515189, 0.0535445, 0.0648702, 0.123595, 0.255812, 0.510476, 0.651049, 0.891898, 0.933028, 1, 

30,223,0.001, 0.0103145, 0.018985, 0.0264082, 0.0303042, 0.0515189, 0.0535445, 0.222606, 0.0648702, 0.185775, 1, 

45,111,0.001, 0.00842034, 0.018985, 0.0264082, 0.0303042, 0.0515189, 0.0535445, 0.0648702, 0.123595, 0.255812, 0.28899, 0.402548, 0.455755, 0.491795, 0.537004, 0.604584, 0.620871, 0.621671, 0.659424, 0.723191, 0.841744, 0.0231934, 0.866453, 0.99621, 1, 

29,250,0.001, 0.0103145, 0.018985, 0.0264082, 0.0303042, 0.0515189, 0.0535445, 0.0648702, 0.368592, 0.403818, 1, 

31,158,0.001, 0.0103145, 0.018985, 0.0264082, 0.0303042, 0.0515189, 0.0535445, 0.0648702, 0.368592, 0.403818, 1, 

37,116,0.001, 0.00842034, 0.018985, 0.0264082, 0.0303042, 0.0515189, 0.0535445, 0.0648702, 0.123595, 0.255812, 0.28899, 0.402548, 0.510476, 0.651049, 0.891898, 0.933028, 1, 

32,135,0.001, 0.00842034, 0.018985, 0.0264082, 0.0844546, 0.0303042, 0.0515189, 0.222606, 0.0648702, 0.185775, 1, 

34,122,0.001, 0.00842034, 0.018985, 0.0264082, 0.0303042, 0.0515189, 0.0535445, 0.0648702, 0.123595, 0.255812, 0.28899, 0.402548, 0.455755, 0.891898, 0.933028, 1, 

Generation #24
33,127,0.001, 0.00842034, 0.018985, 0.0264082, 0.0303042, 0.0515189, 0.0535445, 0.0648702, 0.123595, 0.255812, 0.510476, 0.651049, 0.891898, 0.933028, 1, 

30,223,0.001, 0.0103145, 0.018985, 0.0264082, 0.0303042, 0.0515189, 0.0535445, 0.222606, 0.0648702, 0.185775, 1, 

45,111,0.001, 0.00842034, 0.018985, 0.0264082, 0.0303042, 0.0515189, 0.0535445, 0.0648702, 0.123595, 0.255812, 0.28899, 0.402548, 0.455755, 0.491795, 0.537004, 0.604584, 0.620871, 0.621671, 0.659424, 0.723191, 0.841744, 0.0231934, 0.866453, 0.99621, 1, 

29,250,0.001, 0.0103145, 0.018985, 0.0264082, 0.0303042, 0.0515189, 0.0535445, 0.0648702, 0.368592, 0.403818, 1, 

31,158,0.001, 0.0103145, 0.018985, 0.0264082, 0.0303042, 0.0515189, 0.0535445, 0.0648702, 0.368592, 0.403818, 1, 

37,116,0.001, 0.00842034, 0.018985, 0.0264082, 0.0303042, 0.0515189, 0.0535445, 0.0648702, 0.123595, 0.255812, 0.28899, 0.402548, 0.510476, 0.651049, 0.891898, 0.933028, 1, 

32,135,0.001, 0.00842034, 0.018985, 0.0264082, 0.0844546, 0.0303042, 0.0515189, 0.222606, 0.0648702, 0.185775, 1, 

34,122,0.001, 0.00842034, 0.018985, 0.0264082, 0.0303042, 0.0515189, 0.0535445, 0.0648702, 0.123595, 0.255812, 0.28899, 0.402548, 0.455755, 0.891898, 0.933028, 1, 

Generation #25
33,127,0.001, 0.00842034, 0.018985, 0.0264082, 0.0303042, 0.0515189, 0.0535445, 0.0648702, 0.123595, 0.255812, 0.510476, 0.651049, 0.891898, 0.933028, 1, 

45,111,0.001, 0.00842034, 0.018985, 0.0264082, 0.0303042, 0.0515189, 0.0535445, 0.0648702, 0.123595, 0.255812, 0.28899, 0.402548, 0.455755, 0.491795, 0.537004, 0.604584, 0.620871, 0.621671, 0.659424, 0.723191, 0.841744, 0.0231934, 0.866453, 0.99621, 1, 

29,250,0.001, 0.0103145, 0.018985, 0.0264082, 0.0303042, 0.0515189, 0.0535445, 0.0648702, 0.368592, 0.403818, 1, 

31,158,0.001, 0.0103145, 0.018985, 0.0264082, 0.0303042, 0.0515189, 0.0535445, 0.0648702, 0.368592, 0.403818, 1, 

37,116,0.001, 0.00842034, 0.018985, 0.0264082, 0.0303042, 0.0515189, 0.0535445, 0.0648702, 0.123595, 0.255812, 0.28899, 0.402548, 0.510476, 0.651049, 0.891898, 0.933028, 1, 

32,135,0.001, 0.00842034, 0.018985, 0.0264082, 0.0844546, 0.0303042, 0.0515189, 0.222606, 0.0648702, 0.185775, 1, 

34,122,0.001, 0.00842034, 0.018985, 0.0264082, 0.0303042, 0.0515189, 0.0535445, 0.0648702, 0.123595, 0.255812, 0.28899, 0.402548, 0.455755, 0.891898, 0.933028, 1, 

30,221,0.001, 0.00842034, 0.018985, 0.0264082, 0.0303042, 0.0515189, 0.0535445, 0.0648702, 0.368592, 0.403818, 1, 

Generation #26
33,127,0.001, 0.00842034, 0.018985, 0.0264082, 0.0303042, 0.0515189, 0.0535445, 0.0648702, 0.123595, 0.255812, 0.510476, 0.651049, 0.891898, 0.933028, 1, 

29,250,0.001, 0.0103145, 0.018985, 0.0264082, 0.0303042, 0.0515189, 0.0535445, 0.0648702, 0.368592, 0.403818, 1, 

31,158,0.001, 0.0103145, 0.018985, 0.0264082, 0.0303042, 0.0515189, 0.0535445, 0.0648702, 0.368592, 0.403818, 1, 

34,122,0.001, 0.00842034, 0.018985, 0.0264082, 0.0303042, 0.0515189, 0.0535445, 0.0648702, 0.123595, 0.255812, 0.28899, 0.402548, 0.455755, 0.891898, 0.933028, 1, 

30,221,0.001, 0.00842034, 0.018985, 0.0264082, 0.0303042, 0.0515189, 0.0535445, 0.0648702, 0.368592, 0.403818, 1, 

35,110,0.001, 0.00842034, 0.018985, 0.0264082, 0.0303042, 0.0515189, 0.0535445, 0.0648702, 0.123595, 0.255812, 0.28899, 0.402548, 0.455755, 0.891898, 0.933028, 1, 

32,131,0.001, 0.0103145, 0.018985, 0.0264082, 0.0303042, 0.0515189, 0.0535445, 0.0648702, 0.123595, 0.185775, 1, 

Generation #27
33,127,0.001, 0.00842034, 0.018985, 0.0264082, 0.0303042, 0.0515189, 0.0535445, 0.0648702, 0.123595, 0.255812, 0.510476, 0.651049, 0.891898, 0.933028, 1, 

29,250,0.001, 0.0103145, 0.018985, 0.0264082, 0.0303042, 0.0515189, 0.0535445, 0.0648702, 0.368592, 0.403818, 1, 

31,158,0.001, 0.0103145, 0.018985, 0.0264082, 0.0303042, 0.0515189, 0.0535445, 0.0648702, 0.368592, 0.403818, 1, 

34,122,0.001, 0.00842034, 0.018985, 0.0264082, 0.0303042, 0.0515189, 0.0535445, 0.0648702, 0.123595, 0.255812, 0.28899, 0.402548, 0.455755, 0.891898, 0.933028, 1, 

30,221,0.001, 0.00842034, 0.018985, 0.0264082, 0.0303042, 0.0515189, 0.0535445, 0.0648702, 0.368592, 0.403818, 1, 

35,110,0.001, 0.00842034, 0.018985, 0.0264082, 0.0303042, 0.0515189, 0.0535445, 0.0648702, 0.123595, 0.255812, 0.28899, 0.402548, 0.455755, 0.891898, 0.933028, 1, 

32,131,0.001, 0.0103145, 0.018985, 0.0264082, 0.0303042, 0.0515189, 0.0535445, 0.0648702, 0.123595, 0.185775, 1, 

Generation #28
33,127,0.001, 0.00842034, 0.018985, 0.0264082, 0.0303042, 0.0515189, 0.0535445, 0.0648702, 0.123595, 0.255812, 0.510476, 0.651049, 0.891898, 0.933028, 1, 

29,250,0.001, 0.0103145, 0.018985, 0.0264082, 0.0303042, 0.0515189, 0.0535445, 0.0648702, 0.368592, 0.403818, 1, 

31,158,0.001, 0.0103145, 0.018985, 0.0264082, 0.0303042, 0.0515189, 0.0535445, 0.0648702, 0.368592, 0.403818, 1, 

34,122,0.001, 0.00842034, 0.018985, 0.0264082, 0.0303042, 0.0515189, 0.0535445, 0.0648702, 0.123595, 0.255812, 0.28899, 0.402548, 0.455755, 0.891898, 0.933028, 1, 

30,221,0.001, 0.00842034, 0.018985, 0.0264082, 0.0303042, 0.0515189, 0.0535445, 0.0648702, 0.368592, 0.403818, 1, 

35,110,0.001, 0.00842034, 0.018985, 0.0264082, 0.0303042, 0.0515189, 0.0535445, 0.0648702, 0.123595, 0.255812, 0.28899, 0.402548, 0.455755, 0.891898, 0.933028, 1, 

32,131,0.001, 0.0103145, 0.018985, 0.0264082, 0.0303042, 0.0515189, 0.0535445, 0.0648702, 0.123595, 0.185775, 1, 

Generation #29
33,127,0.001, 0.00842034, 0.018985, 0.0264082, 0.0303042, 0.0515189, 0.0535445, 0.0648702, 0.123595, 0.255812, 0.510476, 0.651049, 0.891898, 0.933028, 1, 

29,250,0.001, 0.0103145, 0.018985, 0.0264082, 0.0303042, 0.0515189, 0.0535445, 0.0648702, 0.368592, 0.403818, 1, 

31,158,0.001, 0.0103145, 0.018985, 0.0264082, 0.0303042, 0.0515189, 0.0535445, 0.0648702, 0.368592, 0.403818, 1, 

34,122,0.001, 0.00842034, 0.018985, 0.0264082, 0.0303042, 0.0515189, 0.0535445, 0.0648702, 0.123595, 0.255812, 0.28899, 0.402548, 0.455755, 0.891898, 0.933028, 1, 

30,221,0.001, 0.00842034, 0.018985, 0.0264082, 0.0303042, 0.0515189, 0.0535445, 0.0648702, 0.368592, 0.403818, 1, 

35,110,0.001, 0.00842034, 0.018985, 0.0264082, 0.0303042, 0.0515189, 0.0535445, 0.0648702, 0.123595, 0.255812, 0.28899, 0.402548, 0.455755, 0.891898, 0.933028, 1, 

32,131,0.001, 0.0103145, 0.018985, 0.0264082, 0.0303042, 0.0515189, 0.0535445, 0.0648702, 0.123595, 0.185775, 1, 

Generation #30
33,127,0.001, 0.00842034, 0.018985, 0.0264082, 0.0303042, 0.0515189, 0.0535445, 0.0648702, 0.123595, 0.255812, 0.510476, 0.651049, 0.891898, 0.933028, 1, 

29,250,0.001, 0.0103145, 0.018985, 0.0264082, 0.0303042, 0.0515189, 0.0535445, 0.0648702, 0.368592, 0.403818, 1, 

31,158,0.001, 0.0103145, 0.018985, 0.0264082, 0.0303042, 0.0515189, 0.0535445, 0.0648702, 0.368592, 0.403818, 1, 

34,122,0.001, 0.00842034, 0.018985, 0.0264082, 0.0303042, 0.0515189, 0.0535445, 0.0648702, 0.123595, 0.255812, 0.28899, 0.402548, 0.455755, 0.891898, 0.933028, 1, 

30,221,0.001, 0.00842034, 0.018985, 0.0264082, 0.0303042, 0.0515189, 0.0535445, 0.0648702, 0.368592, 0.403818, 1, 

35,110,0.001, 0.00842034, 0.018985, 0.0264082, 0.0303042, 0.0515189, 0.0535445, 0.0648702, 0.123595, 0.255812, 0.28899, 0.402548, 0.455755, 0.891898, 0.933028, 1, 

32,131,0.001, 0.0103145, 0.018985, 0.0264082, 0.0303042, 0.0515189, 0.0535445, 0.0648702, 0.123595, 0.185775, 1, 

Generation #31
33,127,0.001, 0.00842034, 0.018985, 0.0264082, 0.0303042, 0.0515189, 0.0535445, 0.0648702, 0.123595, 0.255812, 0.510476, 0.651049, 0.891898, 0.933028, 1, 

29,250,0.001, 0.0103145, 0.018985, 0.0264082, 0.0303042, 0.0515189, 0.0535445, 0.0648702, 0.368592, 0.403818, 1, 

31,158,0.001, 0.0103145, 0.018985, 0.0264082, 0.0303042, 0.0515189, 0.0535445, 0.0648702, 0.368592, 0.403818, 1, 

30,221,0.001, 0.00842034, 0.018985, 0.0264082, 0.0303042, 0.0515189, 0.0535445, 0.0648702, 0.368592, 0.403818, 1, 

32,131,0.001, 0.0103145, 0.018985, 0.0264082, 0.0303042, 0.0515189, 0.0535445, 0.0648702, 0.123595, 0.185775, 1, 

34,110,0.001, 0.00842034, 0.018985, 0.0264082, 0.0303042, 0.0535445, 0.0535445, 0.0648702, 0.123595, 0.255812, 0.28899, 0.402548, 0.455755, 0.891898, 0.933028, 1, 

Generation #32
33,127,0.001, 0.00842034, 0.018985, 0.0264082, 0.0303042, 0.0515189, 0.0535445, 0.0648702, 0.123595, 0.255812, 0.510476, 0.651049, 0.891898, 0.933028, 1, 

29,250,0.001, 0.0103145, 0.018985, 0.0264082, 0.0303042, 0.0515189, 0.0535445, 0.0648702, 0.368592, 0.403818, 1, 

31,158,0.001, 0.0103145, 0.018985, 0.0264082, 0.0303042, 0.0515189, 0.0535445, 0.0648702, 0.368592, 0.403818, 1, 

32,131,0.001, 0.0103145, 0.018985, 0.0264082, 0.0303042, 0.0515189, 0.0535445, 0.0648702, 0.123595, 0.185775, 1, 

34,110,0.001, 0.00842034, 0.018985, 0.0264082, 0.0303042, 0.0535445, 0.0535445, 0.0648702, 0.123595, 0.255812, 0.28899, 0.402548, 0.455755, 0.891898, 0.933028, 1, 

30,198,0.001, 0.00842034, 0.0264082, 0.0303042, 0.0515189, 0.0535445, 0.222606, 0.368592, 0.403818, 1, 

Generation #33
33,127,0.001, 0.00842034, 0.018985, 0.0264082, 0.0303042, 0.0515189, 0.0535445, 0.0648702, 0.123595, 0.255812, 0.510476, 0.651049, 0.891898, 0.933028, 1, 

29,250,0.001, 0.0103145, 0.018985, 0.0264082, 0.0303042, 0.0515189, 0.0535445, 0.0648702, 0.368592, 0.403818, 1, 

31,158,0.001, 0.0103145, 0.018985, 0.0264082, 0.0303042, 0.0515189, 0.0535445, 0.0648702, 0.368592, 0.403818, 1, 

32,131,0.001, 0.0103145, 0.018985, 0.0264082, 0.0303042, 0.0515189, 0.0535445, 0.0648702, 0.123595, 0.185775, 1, 

34,110,0.001, 0.00842034, 0.018985, 0.0264082, 0.0303042, 0.0535445, 0.0535445, 0.0648702, 0.123595, 0.255812, 0.28899, 0.402548, 0.455755, 0.891898, 0.933028, 1, 

30,198,0.001, 0.00842034, 0.0264082, 0.0303042, 0.0515189, 0.0535445, 0.222606, 0.368592, 0.403818, 1, 

Generation #34
33,127,0.001, 0.00842034, 0.018985, 0.0264082, 0.0303042, 0.0515189, 0.0535445, 0.0648702, 0.123595, 0.255812, 0.510476, 0.651049, 0.891898, 0.933028, 1, 

29,250,0.001, 0.0103145, 0.018985, 0.0264082, 0.0303042, 0.0515189, 0.0535445, 0.0648702, 0.368592, 0.403818, 1, 

31,158,0.001, 0.0103145, 0.018985, 0.0264082, 0.0303042, 0.0515189, 0.0535445, 0.0648702, 0.368592, 0.403818, 1, 

32,131,0.001, 0.0103145, 0.018985, 0.0264082, 0.0303042, 0.0515189, 0.0535445, 0.0648702, 0.123595, 0.185775, 1, 

34,110,0.001, 0.00842034, 0.018985, 0.0264082, 0.0303042, 0.0535445, 0.0535445, 0.0648702, 0.123595, 0.255812, 0.28899, 0.402548, 0.455755, 0.891898, 0.933028, 1, 

30,198,0.001, 0.00842034, 0.0264082, 0.0303042, 0.0515189, 0.0535445, 0.222606, 0.368592, 0.403818, 1, 

36,104,0.001, 0.0103145, 0.018985, 0.0264082, 0.0303042, 0.0515189, 0.0535445, 0.0648702, 0.123595, 0.255812, 0.28899, 0.340668, 0.323638, 0.510476, 0.891898, 0.933028, 1, 

Generation #35
33,127,0.001, 0.00842034, 0.018985, 0.0264082, 0.0303042, 0.0515189, 0.0535445, 0.0648702, 0.123595, 0.255812, 0.510476, 0.651049, 0.891898, 0.933028, 1, 

29,250,0.001, 0.0103145, 0.018985, 0.0264082, 0.0303042, 0.0515189, 0.0535445, 0.0648702, 0.368592, 0.403818, 1, 

31,158,0.001, 0.0103145, 0.018985, 0.0264082, 0.0303042, 0.0515189, 0.0535445, 0.0648702, 0.368592, 0.403818, 1, 

32,131,0.001, 0.0103145, 0.018985, 0.0264082, 0.0303042, 0.0515189, 0.0535445, 0.0648702, 0.123595, 0.185775, 1, 

34,110,0.001, 0.00842034, 0.018985, 0.0264082, 0.0303042, 0.0535445, 0.0535445, 0.0648702, 0.123595, 0.255812, 0.28899, 0.402548, 0.455755, 0.891898, 0.933028, 1, 

30,198,0.001, 0.00842034, 0.0264082, 0.0303042, 0.0515189, 0.0535445, 0.222606, 0.368592, 0.403818, 1, 

36,104,0.001, 0.0103145, 0.018985, 0.0264082, 0.0303042, 0.0515189, 0.0535445, 0.0648702, 0.123595, 0.255812, 0.28899, 0.340668, 0.323638, 0.510476, 0.891898, 0.933028, 1, 

Generation #36
33,127,0.001, 0.00842034, 0.018985, 0.0264082, 0.0303042, 0.0515189, 0.0535445, 0.0648702, 0.123595, 0.255812, 0.510476, 0.651049, 0.891898, 0.933028, 1, 

29,250,0.001, 0.0103145, 0.018985, 0.0264082, 0.0303042, 0.0515189, 0.0535445, 0.0648702, 0.368592, 0.403818, 1, 

31,158,0.001, 0.0103145, 0.018985, 0.0264082, 0.0303042, 0.0515189, 0.0535445, 0.0648702, 0.368592, 0.403818, 1, 

32,131,0.001, 0.0103145, 0.018985, 0.0264082, 0.0303042, 0.0515189, 0.0535445, 0.0648702, 0.123595, 0.185775, 1, 

34,110,0.001, 0.00842034, 0.018985, 0.0264082, 0.0303042, 0.0535445, 0.0535445, 0.0648702, 0.123595, 0.255812, 0.28899, 0.402548, 0.455755, 0.891898, 0.933028, 1, 

30,198,0.001, 0.00842034, 0.0264082, 0.0303042, 0.0515189, 0.0535445, 0.222606, 0.368592, 0.403818, 1, 

36,104,0.001, 0.0103145, 0.018985, 0.0264082, 0.0303042, 0.0515189, 0.0535445, 0.0648702, 0.123595, 0.255812, 0.28899, 0.340668, 0.323638, 0.510476, 0.891898, 0.933028, 1, 

Generation #37
33,127,0.001, 0.00842034, 0.018985, 0.0264082, 0.0303042, 0.0515189, 0.0535445, 0.0648702, 0.123595, 0.255812, 0.510476, 0.651049, 0.891898, 0.933028, 1, 

29,250,0.001, 0.0103145, 0.018985, 0.0264082, 0.0303042, 0.0515189, 0.0535445, 0.0648702, 0.368592, 0.403818, 1, 

31,158,0.001, 0.0103145, 0.018985, 0.0264082, 0.0303042, 0.0515189, 0.0535445, 0.0648702, 0.368592, 0.403818, 1, 

32,131,0.001, 0.0103145, 0.018985, 0.0264082, 0.0303042, 0.0515189, 0.0535445, 0.0648702, 0.123595, 0.185775, 1, 

34,110,0.001, 0.00842034, 0.018985, 0.0264082, 0.0303042, 0.0535445, 0.0535445, 0.0648702, 0.123595, 0.255812, 0.28899, 0.402548, 0.455755, 0.891898, 0.933028, 1, 

30,198,0.001, 0.00842034, 0.0264082, 0.0303042, 0.0515189, 0.0535445, 0.222606, 0.368592, 0.403818, 1, 

36,104,0.001, 0.0103145, 0.018985, 0.0264082, 0.0303042, 0.0515189, 0.0535445, 0.0648702, 0.123595, 0.255812, 0.28899, 0.340668, 0.323638, 0.510476, 0.891898, 0.933028, 1, 

37,103,0.001, 0.00842034, 0.018985, 0.0264082, 0.0303042, 0.0515189, 0.0535445, 0.0648702, 0.123595, 0.255812, 0.28899, 0.323638, 0.510476, 1, 

Generation #38
33,127,0.001, 0.00842034, 0.018985, 0.0264082, 0.0303042, 0.0515189, 0.0535445, 0.0648702, 0.123595, 0.255812, 0.510476, 0.651049, 0.891898, 0.933028, 1, 

29,250,0.001, 0.0103145, 0.018985, 0.0264082, 0.0303042, 0.0515189, 0.0535445, 0.0648702, 0.368592, 0.403818, 1, 

31,158,0.001, 0.0103145, 0.018985, 0.0264082, 0.0303042, 0.0515189, 0.0535445, 0.0648702, 0.368592, 0.403818, 1, 

32,131,0.001, 0.0103145, 0.018985, 0.0264082, 0.0303042, 0.0515189, 0.0535445, 0.0648702, 0.123595, 0.185775, 1, 

34,110,0.001, 0.00842034, 0.018985, 0.0264082, 0.0303042, 0.0535445, 0.0535445, 0.0648702, 0.123595, 0.255812, 0.28899, 0.402548, 0.455755, 0.891898, 0.933028, 1, 

30,198,0.001, 0.00842034, 0.0264082, 0.0303042, 0.0515189, 0.0535445, 0.222606, 0.368592, 0.403818, 1, 

36,104,0.001, 0.0103145, 0.018985, 0.0264082, 0.0303042, 0.0515189, 0.0535445, 0.0648702, 0.123595, 0.255812, 0.28899, 0.340668, 0.323638, 0.510476, 0.891898, 0.933028, 1, 

37,103,0.001, 0.00842034, 0.018985, 0.0264082, 0.0303042, 0.0515189, 0.0535445, 0.0648702, 0.123595, 0.255812, 0.28899, 0.323638, 0.510476, 1, 

Generation #39
33,127,0.001, 0.00842034, 0.018985, 0.0264082, 0.0303042, 0.0515189, 0.0535445, 0.0648702, 0.123595, 0.255812, 0.510476, 0.651049, 0.891898, 0.933028, 1, 

29,250,0.001, 0.0103145, 0.018985, 0.0264082, 0.0303042, 0.0515189, 0.0535445, 0.0648702, 0.368592, 0.403818, 1, 

32,131,0.001, 0.0103145, 0.018985, 0.0264082, 0.0303042, 0.0515189, 0.0535445, 0.0648702, 0.123595, 0.185775, 1, 

34,110,0.001, 0.00842034, 0.018985, 0.0264082, 0.0303042, 0.0535445, 0.0535445, 0.0648702, 0.123595, 0.255812, 0.28899, 0.402548, 0.455755, 0.891898, 0.933028, 1, 

30,198,0.001, 0.00842034, 0.0264082, 0.0303042, 0.0515189, 0.0535445, 0.222606, 0.368592, 0.403818, 1, 

36,104,0.001, 0.0103145, 0.018985, 0.0264082, 0.0303042, 0.0515189, 0.0535445, 0.0648702, 0.123595, 0.255812, 0.28899, 0.340668, 0.323638, 0.510476, 0.891898, 0.933028, 1, 

37,103,0.001, 0.00842034, 0.018985, 0.0264082, 0.0303042, 0.0515189, 0.0535445, 0.0648702, 0.123595, 0.255812, 0.28899, 0.323638, 0.510476, 1, 

31,150,0.001, 0.0103145, 0.018985, 0.0264082, 0.0303042, 0.0515189, 0.0535445, 0.0648702, 0.368592, 0.403818, 1, 

Generation #40
33,127,0.001, 0.00842034, 0.018985, 0.0264082, 0.0303042, 0.0515189, 0.0535445, 0.0648702, 0.123595, 0.255812, 0.510476, 0.651049, 0.891898, 0.933028, 1, 

29,250,0.001, 0.0103145, 0.018985, 0.0264082, 0.0303042, 0.0515189, 0.0535445, 0.0648702, 0.368592, 0.403818, 1, 

32,131,0.001, 0.0103145, 0.018985, 0.0264082, 0.0303042, 0.0515189, 0.0535445, 0.0648702, 0.123595, 0.185775, 1, 

34,110,0.001, 0.00842034, 0.018985, 0.0264082, 0.0303042, 0.0535445, 0.0535445, 0.0648702, 0.123595, 0.255812, 0.28899, 0.402548, 0.455755, 0.891898, 0.933028, 1, 

30,198,0.001, 0.00842034, 0.0264082, 0.0303042, 0.0515189, 0.0535445, 0.222606, 0.368592, 0.403818, 1, 

36,104,0.001, 0.0103145, 0.018985, 0.0264082, 0.0303042, 0.0515189, 0.0535445, 0.0648702, 0.123595, 0.255812, 0.28899, 0.340668, 0.323638, 0.510476, 0.891898, 0.933028, 1, 

37,103,0.001, 0.00842034, 0.018985, 0.0264082, 0.0303042, 0.0515189, 0.0535445, 0.0648702, 0.123595, 0.255812, 0.28899, 0.323638, 0.510476, 1, 

31,150,0.001, 0.0103145, 0.018985, 0.0264082, 0.0303042, 0.0515189, 0.0535445, 0.0648702, 0.368592, 0.403818, 1, 

Generation #41
33,127,0.001, 0.00842034, 0.018985, 0.0264082, 0.0303042, 0.0515189, 0.0535445, 0.0648702, 0.123595, 0.255812, 0.510476, 0.651049, 0.891898, 0.933028, 1, 

29,250,0.001, 0.0103145, 0.018985, 0.0264082, 0.0303042, 0.0515189, 0.0535445, 0.0648702, 0.368592, 0.403818, 1, 

32,131,0.001, 0.0103145, 0.018985, 0.0264082, 0.0303042, 0.0515189, 0.0535445, 0.0648702, 0.123595, 0.185775, 1, 

34,110,0.001, 0.00842034, 0.018985, 0.0264082, 0.0303042, 0.0535445, 0.0535445, 0.0648702, 0.123595, 0.255812, 0.28899, 0.402548, 0.455755, 0.891898, 0.933028, 1, 

30,198,0.001, 0.00842034, 0.0264082, 0.0303042, 0.0515189, 0.0535445, 0.222606, 0.368592, 0.403818, 1, 

36,104,0.001, 0.0103145, 0.018985, 0.0264082, 0.0303042, 0.0515189, 0.0535445, 0.0648702, 0.123595, 0.255812, 0.28899, 0.340668, 0.323638, 0.510476, 0.891898, 0.933028, 1, 

37,103,0.001, 0.00842034, 0.018985, 0.0264082, 0.0303042, 0.0515189, 0.0535445, 0.0648702, 0.123595, 0.255812, 0.28899, 0.323638, 0.510476, 1, 

31,150,0.001, 0.0103145, 0.018985, 0.0264082, 0.0303042, 0.0515189, 0.0535445, 0.0648702, 0.368592, 0.403818, 1, 

Generation #42
33,127,0.001, 0.00842034, 0.018985, 0.0264082, 0.0303042, 0.0515189, 0.0535445, 0.0648702, 0.123595, 0.255812, 0.510476, 0.651049, 0.891898, 0.933028, 1, 

29,250,0.001, 0.0103145, 0.018985, 0.0264082, 0.0303042, 0.0515189, 0.0535445, 0.0648702, 0.368592, 0.403818, 1, 

32,131,0.001, 0.0103145, 0.018985, 0.0264082, 0.0303042, 0.0515189, 0.0535445, 0.0648702, 0.123595, 0.185775, 1, 

34,110,0.001, 0.00842034, 0.018985, 0.0264082, 0.0303042, 0.0535445, 0.0535445, 0.0648702, 0.123595, 0.255812, 0.28899, 0.402548, 0.455755, 0.891898, 0.933028, 1, 

30,198,0.001, 0.00842034, 0.0264082, 0.0303042, 0.0515189, 0.0535445, 0.222606, 0.368592, 0.403818, 1, 

36,104,0.001, 0.0103145, 0.018985, 0.0264082, 0.0303042, 0.0515189, 0.0535445, 0.0648702, 0.123595, 0.255812, 0.28899, 0.340668, 0.323638, 0.510476, 0.891898, 0.933028, 1, 

37,103,0.001, 0.00842034, 0.018985, 0.0264082, 0.0303042, 0.0515189, 0.0535445, 0.0648702, 0.123595, 0.255812, 0.28899, 0.323638, 0.510476, 1, 

31,150,0.001, 0.0103145, 0.018985, 0.0264082, 0.0303042, 0.0515189, 0.0535445, 0.0648702, 0.368592, 0.403818, 1, 

Generation #43
33,127,0.001, 0.00842034, 0.018985, 0.0264082, 0.0303042, 0.0515189, 0.0535445, 0.0648702, 0.123595, 0.255812, 0.510476, 0.651049, 0.891898, 0.933028, 1, 

29,250,0.001, 0.0103145, 0.018985, 0.0264082, 0.0303042, 0.0515189, 0.0535445, 0.0648702, 0.368592, 0.403818, 1, 

32,131,0.001, 0.0103145, 0.018985, 0.0264082, 0.0303042, 0.0515189, 0.0535445, 0.0648702, 0.123595, 0.185775, 1, 

34,110,0.001, 0.00842034, 0.018985, 0.0264082, 0.0303042, 0.0535445, 0.0535445, 0.0648702, 0.123595, 0.255812, 0.28899, 0.402548, 0.455755, 0.891898, 0.933028, 1, 

30,198,0.001, 0.00842034, 0.0264082, 0.0303042, 0.0515189, 0.0535445, 0.222606, 0.368592, 0.403818, 1, 

36,104,0.001, 0.0103145, 0.018985, 0.0264082, 0.0303042, 0.0515189, 0.0535445, 0.0648702, 0.123595, 0.255812, 0.28899, 0.340668, 0.323638, 0.510476, 0.891898, 0.933028, 1, 

37,103,0.001, 0.00842034, 0.018985, 0.0264082, 0.0303042, 0.0515189, 0.0535445, 0.0648702, 0.123595, 0.255812, 0.28899, 0.323638, 0.510476, 1, 

31,150,0.001, 0.0103145, 0.018985, 0.0264082, 0.0303042, 0.0515189, 0.0535445, 0.0648702, 0.368592, 0.403818, 1, 

Generation #44
33,127,0.001, 0.00842034, 0.018985, 0.0264082, 0.0303042, 0.0515189, 0.0535445, 0.0648702, 0.123595, 0.255812, 0.510476, 0.651049, 0.891898, 0.933028, 1, 

29,250,0.001, 0.0103145, 0.018985, 0.0264082, 0.0303042, 0.0515189, 0.0535445, 0.0648702, 0.368592, 0.403818, 1, 

32,131,0.001, 0.0103145, 0.018985, 0.0264082, 0.0303042, 0.0515189, 0.0535445, 0.0648702, 0.123595, 0.185775, 1, 

34,110,0.001, 0.00842034, 0.018985, 0.0264082, 0.0303042, 0.0535445, 0.0535445, 0.0648702, 0.123595, 0.255812, 0.28899, 0.402548, 0.455755, 0.891898, 0.933028, 1, 

30,198,0.001, 0.00842034, 0.0264082, 0.0303042, 0.0515189, 0.0535445, 0.222606, 0.368592, 0.403818, 1, 

36,104,0.001, 0.0103145, 0.018985, 0.0264082, 0.0303042, 0.0515189, 0.0535445, 0.0648702, 0.123595, 0.255812, 0.28899, 0.340668, 0.323638, 0.510476, 0.891898, 0.933028, 1, 

37,103,0.001, 0.00842034, 0.018985, 0.0264082, 0.0303042, 0.0515189, 0.0535445, 0.0648702, 0.123595, 0.255812, 0.28899, 0.323638, 0.510476, 1, 

31,150,0.001, 0.0103145, 0.018985, 0.0264082, 0.0303042, 0.0515189, 0.0535445, 0.0648702, 0.368592, 0.403818, 1, 

Generation #45
33,127,0.001, 0.00842034, 0.018985, 0.0264082, 0.0303042, 0.0515189, 0.0535445, 0.0648702, 0.123595, 0.255812, 0.510476, 0.651049, 0.891898, 0.933028, 1, 

29,250,0.001, 0.0103145, 0.018985, 0.0264082, 0.0303042, 0.0515189, 0.0535445, 0.0648702, 0.368592, 0.403818, 1, 

32,131,0.001, 0.0103145, 0.018985, 0.0264082, 0.0303042, 0.0515189, 0.0535445, 0.0648702, 0.123595, 0.185775, 1, 

34,110,0.001, 0.00842034, 0.018985, 0.0264082, 0.0303042, 0.0535445, 0.0535445, 0.0648702, 0.123595, 0.255812, 0.28899, 0.402548, 0.455755, 0.891898, 0.933028, 1, 

30,198,0.001, 0.00842034, 0.0264082, 0.0303042, 0.0515189, 0.0535445, 0.222606, 0.368592, 0.403818, 1, 

36,104,0.001, 0.0103145, 0.018985, 0.0264082, 0.0303042, 0.0515189, 0.0535445, 0.0648702, 0.123595, 0.255812, 0.28899, 0.340668, 0.323638, 0.510476, 0.891898, 0.933028, 1, 

37,103,0.001, 0.00842034, 0.018985, 0.0264082, 0.0303042, 0.0515189, 0.0535445, 0.0648702, 0.123595, 0.255812, 0.28899, 0.323638, 0.510476, 1, 

31,150,0.001, 0.0103145, 0.018985, 0.0264082, 0.0303042, 0.0515189, 0.0535445, 0.0648702, 0.368592, 0.403818, 1, 

Generation #46
33,127,0.001, 0.00842034, 0.018985, 0.0264082, 0.0303042, 0.0515189, 0.0535445, 0.0648702, 0.123595, 0.255812, 0.510476, 0.651049, 0.891898, 0.933028, 1, 

29,250,0.001, 0.0103145, 0.018985, 0.0264082, 0.0303042, 0.0515189, 0.0535445, 0.0648702, 0.368592, 0.403818, 1, 

32,131,0.001, 0.0103145, 0.018985, 0.0264082, 0.0303042, 0.0515189, 0.0535445, 0.0648702, 0.123595, 0.185775, 1, 

34,110,0.001, 0.00842034, 0.018985, 0.0264082, 0.0303042, 0.0535445, 0.0535445, 0.0648702, 0.123595, 0.255812, 0.28899, 0.402548, 0.455755, 0.891898, 0.933028, 1, 

30,198,0.001, 0.00842034, 0.0264082, 0.0303042, 0.0515189, 0.0535445, 0.222606, 0.368592, 0.403818, 1, 

36,104,0.001, 0.0103145, 0.018985, 0.0264082, 0.0303042, 0.0515189, 0.0535445, 0.0648702, 0.123595, 0.255812, 0.28899, 0.340668, 0.323638, 0.510476, 0.891898, 0.933028, 1, 

37,103,0.001, 0.00842034, 0.018985, 0.0264082, 0.0303042, 0.0515189, 0.0535445, 0.0648702, 0.123595, 0.255812, 0.28899, 0.323638, 0.510476, 1, 

31,150,0.001, 0.0103145, 0.018985, 0.0264082, 0.0303042, 0.0515189, 0.0535445, 0.0648702, 0.368592, 0.403818, 1, 

Generation #47
33,127,0.001, 0.00842034, 0.018985, 0.0264082, 0.0303042, 0.0515189, 0.0535445, 0.0648702, 0.123595, 0.255812, 0.510476, 0.651049, 0.891898, 0.933028, 1, 

29,250,0.001, 0.0103145, 0.018985, 0.0264082, 0.0303042, 0.0515189, 0.0535445, 0.0648702, 0.368592, 0.403818, 1, 

32,131,0.001, 0.0103145, 0.018985, 0.0264082, 0.0303042, 0.0515189, 0.0535445, 0.0648702, 0.123595, 0.185775, 1, 

34,110,0.001, 0.00842034, 0.018985, 0.0264082, 0.0303042, 0.0535445, 0.0535445, 0.0648702, 0.123595, 0.255812, 0.28899, 0.402548, 0.455755, 0.891898, 0.933028, 1, 

30,198,0.001, 0.00842034, 0.0264082, 0.0303042, 0.0515189, 0.0535445, 0.222606, 0.368592, 0.403818, 1, 

36,104,0.001, 0.0103145, 0.018985, 0.0264082, 0.0303042, 0.0515189, 0.0535445, 0.0648702, 0.123595, 0.255812, 0.28899, 0.340668, 0.323638, 0.510476, 0.891898, 0.933028, 1, 

37,103,0.001, 0.00842034, 0.018985, 0.0264082, 0.0303042, 0.0515189, 0.0535445, 0.0648702, 0.123595, 0.255812, 0.28899, 0.323638, 0.510476, 1, 

31,150,0.001, 0.0103145, 0.018985, 0.0264082, 0.0303042, 0.0515189, 0.0535445, 0.0648702, 0.368592, 0.403818, 1, 

Generation #48
33,127,0.001, 0.00842034, 0.018985, 0.0264082, 0.0303042, 0.0515189, 0.0535445, 0.0648702, 0.123595, 0.255812, 0.510476, 0.651049, 0.891898, 0.933028, 1, 

29,250,0.001, 0.0103145, 0.018985, 0.0264082, 0.0303042, 0.0515189, 0.0535445, 0.0648702, 0.368592, 0.403818, 1, 

32,131,0.001, 0.0103145, 0.018985, 0.0264082, 0.0303042, 0.0515189, 0.0535445, 0.0648702, 0.123595, 0.185775, 1, 

34,110,0.001, 0.00842034, 0.018985, 0.0264082, 0.0303042, 0.0535445, 0.0535445, 0.0648702, 0.123595, 0.255812, 0.28899, 0.402548, 0.455755, 0.891898, 0.933028, 1, 

30,198,0.001, 0.00842034, 0.0264082, 0.0303042, 0.0515189, 0.0535445, 0.222606, 0.368592, 0.403818, 1, 

36,104,0.001, 0.0103145, 0.018985, 0.0264082, 0.0303042, 0.0515189, 0.0535445, 0.0648702, 0.123595, 0.255812, 0.28899, 0.340668, 0.323638, 0.510476, 0.891898, 0.933028, 1, 

37,103,0.001, 0.00842034, 0.018985, 0.0264082, 0.0303042, 0.0515189, 0.0535445, 0.0648702, 0.123595, 0.255812, 0.28899, 0.323638, 0.510476, 1, 

31,150,0.001, 0.0103145, 0.018985, 0.0264082, 0.0303042, 0.0515189, 0.0535445, 0.0648702, 0.368592, 0.403818, 1, 

Generation #49
33,127,0.001, 0.00842034, 0.018985, 0.0264082, 0.0303042, 0.0515189, 0.0535445, 0.0648702, 0.123595, 0.255812, 0.510476, 0.651049, 0.891898, 0.933028, 1, 

29,250,0.001, 0.0103145, 0.018985, 0.0264082, 0.0303042, 0.0515189, 0.0535445, 0.0648702, 0.368592, 0.403818, 1, 

32,131,0.001, 0.0103145, 0.018985, 0.0264082, 0.0303042, 0.0515189, 0.0535445, 0.0648702, 0.123595, 0.185775, 1, 

34,110,0.001, 0.00842034, 0.018985, 0.0264082, 0.0303042, 0.0535445, 0.0535445, 0.0648702, 0.123595, 0.255812, 0.28899, 0.402548, 0.455755, 0.891898, 0.933028, 1, 

30,198,0.001, 0.00842034, 0.0264082, 0.0303042, 0.0515189, 0.0535445, 0.222606, 0.368592, 0.403818, 1, 

36,104,0.001, 0.0103145, 0.018985, 0.0264082, 0.0303042, 0.0515189, 0.0535445, 0.0648702, 0.123595, 0.255812, 0.28899, 0.340668, 0.323638, 0.510476, 0.891898, 0.933028, 1, 

37,103,0.001, 0.00842034, 0.018985, 0.0264082, 0.0303042, 0.0515189, 0.0535445, 0.0648702, 0.123595, 0.255812, 0.28899, 0.323638, 0.510476, 1, 

31,150,0.001, 0.0103145, 0.018985, 0.0264082, 0.0303042, 0.0515189, 0.0535445, 0.0648702, 0.368592, 0.403818, 1, 

--- Pareto Front Solutions ---
Solution 0: N total=97 (N_initial=64, N_added=33), Time total=146 ms, Saved to: ./results/SPINV_t2_l3_pareto_0.csv, percents=0.001, 0.00842034, 0.018985, 0.0264082, 0.0303042, 0.0515189, 0.0535445, 0.0648702, 0.123595, 0.255812, 0.510476, 0.651049, 0.891898, 0.933028, 1, 

Solution 1: N total=93 (N_initial=64, N_added=29), Time total=269 ms, Saved to: ./results/SPINV_t2_l3_pareto_1.csv, percents=0.001, 0.0103145, 0.018985, 0.0264082, 0.0303042, 0.0515189, 0.0535445, 0.0648702, 0.368592, 0.403818, 1, 

Solution 2: N total=96 (N_initial=64, N_added=32), Time total=150 ms, Saved to: ./results/SPINV_t2_l3_pareto_2.csv, percents=0.001, 0.0103145, 0.018985, 0.0264082, 0.0303042, 0.0515189, 0.0535445, 0.0648702, 0.123595, 0.185775, 1, 

Solution 3: N total=98 (N_initial=64, N_added=34), Time total=129 ms, Saved to: ./results/SPINV_t2_l3_pareto_3.csv, percents=0.001, 0.00842034, 0.018985, 0.0264082, 0.0303042, 0.0535445, 0.0535445, 0.0648702, 0.123595, 0.255812, 0.28899, 0.402548, 0.455755, 0.891898, 0.933028, 1, 

Solution 4: N total=94 (N_initial=64, N_added=30), Time total=217 ms, Saved to: ./results/SPINV_t2_l3_pareto_4.csv, percents=0.001, 0.00842034, 0.0264082, 0.0303042, 0.0515189, 0.0535445, 0.222606, 0.368592, 0.403818, 1, 

Solution 5: N total=100 (N_initial=64, N_added=36), Time total=123 ms, Saved to: ./results/SPINV_t2_l3_pareto_5.csv, percents=0.001, 0.0103145, 0.018985, 0.0264082, 0.0303042, 0.0515189, 0.0535445, 0.0648702, 0.123595, 0.255812, 0.28899, 0.340668, 0.323638, 0.510476, 0.891898, 0.933028, 1, 

Solution 6: N total=101 (N_initial=64, N_added=37), Time total=122 ms, Saved to: ./results/SPINV_t2_l3_pareto_6.csv, percents=0.001, 0.00842034, 0.018985, 0.0264082, 0.0303042, 0.0515189, 0.0535445, 0.0648702, 0.123595, 0.255812, 0.28899, 0.323638, 0.510476, 1, 

Solution 7: N total=95 (N_initial=64, N_added=31), Time total=169 ms, Saved to: ./results/SPINV_t2_l3_pareto_7.csv, percents=0.001, 0.0103145, 0.018985, 0.0264082, 0.0303042, 0.0515189, 0.0535445, 0.0648702, 0.368592, 0.403818, 1, 

------------d=1, t=2, lambda=4, filename=./evaluation/SPINV/SPINV_2_4.csv------------
Grouping d-sets by partitioned row counts for detecting arrays...
Ready to look at pairs for detecting arrays...
First Stage N=82, Time=21
There are 3079 remaining non-locating pairs
--- Running GA Algorithm (phase2) ---
Running GA with std::execution::par
Generation #0
42,424,0.001, 0.0631034, 0.0691319, 0.0944341, 0.113559, 0.28073, 0.292028, 0.479248, 0.48618, 0.631429, 0.659967, 0.806913, 0.869972, 0.876185, 0.993023, 1, 

39,1039,0.001, 0.145982, 0.20018, 0.293017, 0.309028, 0.383016, 0.38308, 0.439632, 0.579101, 0.888135, 1, 

55,254,0.001, 0.029426, 0.0551077, 0.0801411, 0.0934489, 0.163835, 0.238769, 0.247417, 0.307339, 0.436911, 0.498794, 0.520794, 0.522297, 0.53597, 0.556202, 0.599395, 0.62191, 0.625417, 0.6282, 0.647629, 0.679921, 0.768232, 0.777445, 0.845223, 0.872727, 0.882501, 0.885672, 0.899597, 0.967044, 0.994972, 1, 

56,230,0.001, 0.0189094, 0.030018, 0.0572175, 0.0682384, 0.108052, 0.146153, 0.189471, 0.271426, 0.281375, 0.347345, 0.408257, 0.417711, 0.420817, 0.448255, 0.55329, 0.657453, 0.66784, 0.679799, 0.705564, 0.718052, 0.730197, 0.805696, 0.853258, 0.910085, 0.911613, 0.939339, 0.979983, 1, 

40,855,0.001, 0.0991983, 0.218966, 0.481825, 0.594543, 0.623648, 0.653717, 0.689427, 0.865845, 0.877272, 0.931196, 1, 

43,270,0.001, 0.0176493, 0.069381, 0.0707768, 0.0742188, 0.103704, 0.146468, 0.238358, 0.265627, 0.523857, 0.526785, 0.553422, 0.853552, 0.878143, 0.878981, 0.970756, 0.992152, 1, 

Generation #1
43,270,0.001, 0.0176493, 0.069381, 0.0707768, 0.0742188, 0.103704, 0.146468, 0.238358, 0.265627, 0.523857, 0.526785, 0.553422, 0.853552, 0.878143, 0.878981, 0.970756, 0.992152, 1, 

37,321,0.001, 0.0164371, 0.0389462, 0.0813579, 0.107335, 0.159593, 0.468522, 0.719518, 0.733834, 0.996462, 1, 

49,208,0.001, 0.0164371, 0.0389462, 0.0813579, 0.107335, 0.109431, 0.159593, 0.281864, 0.392739, 0.483039, 0.487776, 0.499724, 0.574331, 0.599197, 0.704573, 0.761354, 0.817097, 0.839452, 0.84685, 0.861, 0.890615, 0.945973, 1, 

Generation #2
43,270,0.001, 0.0176493, 0.069381, 0.0707768, 0.0742188, 0.103704, 0.146468, 0.238358, 0.265627, 0.523857, 0.526785, 0.553422, 0.853552, 0.878143, 0.878981, 0.970756, 0.992152, 1, 

37,321,0.001, 0.0164371, 0.0389462, 0.0813579, 0.107335, 0.159593, 0.468522, 0.719518, 0.733834, 0.996462, 1, 

49,208,0.001, 0.0164371, 0.0389462, 0.0813579, 0.107335, 0.109431, 0.159593, 0.281864, 0.392739, 0.483039, 0.487776, 0.499724, 0.574331, 0.599197, 0.704573, 0.761354, 0.817097, 0.839452, 0.84685, 0.861, 0.890615, 0.945973, 1, 

40,276,0.001, 0.0228377, 0.0658809, 0.17404, 0.428431, 0.497631, 0.590885, 0.609284, 0.775192, 0.798282, 0.823113, 0.945995, 1, 

Generation #3
37,321,0.001, 0.0164371, 0.0389462, 0.0813579, 0.107335, 0.159593, 0.468522, 0.719518, 0.733834, 0.996462, 1, 

49,208,0.001, 0.0164371, 0.0389462, 0.0813579, 0.107335, 0.109431, 0.159593, 0.281864, 0.392739, 0.483039, 0.487776, 0.499724, 0.574331, 0.599197, 0.704573, 0.761354, 0.817097, 0.839452, 0.84685, 0.861, 0.890615, 0.945973, 1, 

40,269,0.001, 0.0164371, 0.0389462, 0.0813579, 0.107335, 0.109431, 0.159593, 0.281864, 0.392739, 0.483039, 0.487776, 0.499724, 0.574331, 1, 

41,261,0.001, 0.0164371, 0.0389462, 0.0813579, 0.107335, 0.109431, 0.159593, 0.18703, 0.281864, 0.392739, 0.483039, 0.487776, 0.499724, 1, 

43,256,0.001, 0.0189094, 0.030018, 0.0572175, 0.0742188, 0.103704, 0.146468, 0.907946, 0.238358, 0.265627, 0.523857, 0.526785, 0.399047, 0.509943, 0.771633, 0.909889, 1, 

38,320,0.001, 0.029426, 0.0551077, 0.0801411, 0.0934489, 0.163835, 0.405691, 0.47298, 0.579101, 0.960503, 1, 

Generation #4
38,256,0.001, 0.0164371, 0.0389462, 0.0813579, 0.107335, 0.109431, 0.159593, 0.18703, 0.579101, 0.888135, 1, 

47,176,0.001, 0.0189094, 0.030018, 0.0572175, 0.0682384, 0.108052, 0.146153, 0.189471, 0.271426, 0.281375, 0.347345, 0.408257, 0.417711, 0.420817, 0.448255, 0.55329, 0.657453, 0.66784, 0.679799, 0.705564, 0.718052, 0.730197, 1, 

39,213,0.001, 0.0247752, 0.0698305, 0.104814, 0.122419, 0.289792, 0.336037, 0.370085, 0.439324, 0.882022, 0.46235, 0.823113, 0.945995, 1, 

35,257,0.001, 0.0433398, 0.0435948, 0.0482178, 0.168069, 0.190201, 0.195148, 0.201966, 0.579101, 0.960503, 1, 

Generation #5
47,176,0.001, 0.0189094, 0.030018, 0.0572175, 0.0682384, 0.108052, 0.146153, 0.189471, 0.271426, 0.281375, 0.347345, 0.408257, 0.417711, 0.420817, 0.448255, 0.55329, 0.657453, 0.66784, 0.679799, 0.705564, 0.718052, 0.730197, 1, 

39,213,0.001, 0.0247752, 0.0698305, 0.104814, 0.122419, 0.289792, 0.336037, 0.370085, 0.439324, 0.882022, 0.46235, 0.823113, 0.945995, 1, 

35,257,0.001, 0.0433398, 0.0435948, 0.0482178, 0.168069, 0.190201, 0.195148, 0.201966, 0.579101, 0.960503, 1, 

37,227,0.001, 0.0189094, 0.030018, 0.0572175, 0.0682384, 0.108052, 0.146153, 0.189471, 0.271426, 0.281375, 1, 

Generation #6
47,176,0.001, 0.0189094, 0.030018, 0.0572175, 0.0682384, 0.108052, 0.146153, 0.189471, 0.271426, 0.281375, 0.347345, 0.408257, 0.417711, 0.420817, 0.448255, 0.55329, 0.657453, 0.66784, 0.679799, 0.705564, 0.718052, 0.730197, 1, 

39,213,0.001, 0.0247752, 0.0698305, 0.104814, 0.122419, 0.289792, 0.336037, 0.370085, 0.439324, 0.882022, 0.46235, 0.823113, 0.945995, 1, 

35,257,0.001, 0.0433398, 0.0435948, 0.0482178, 0.168069, 0.190201, 0.195148, 0.201966, 0.579101, 0.960503, 1, 

40,201,0.001, 0.0189094, 0.030018, 0.0572175, 0.0742188, 0.108052, 0.146153, 0.189471, 0.271426, 0.794956, 0.956244, 0.958904, 0.975031, 1, 

45,194,0.001, 0.0164371, 0.0389462, 0.0813579, 0.107335, 0.109431, 0.159593, 0.281864, 0.392739, 0.483039, 0.487776, 0.499724, 0.574331, 0.599197, 0.704573, 0.761354, 0.817097, 0.839452, 0.84685, 0.861, 0.890615, 0.945973, 1, 

37,218,0.001, 0.0164371, 0.0389462, 0.0813579, 0.107335, 0.109431, 0.159593, 0.18703, 0.579101, 0.888135, 1, 

Generation #7
47,176,0.001, 0.0189094, 0.030018, 0.0572175, 0.0682384, 0.108052, 0.146153, 0.189471, 0.271426, 0.281375, 0.347345, 0.408257, 0.417711, 0.420817, 0.448255, 0.55329, 0.657453, 0.66784, 0.679799, 0.705564, 0.718052, 0.730197, 1, 

39,213,0.001, 0.0247752, 0.0698305, 0.104814, 0.122419, 0.289792, 0.336037, 0.370085, 0.439324, 0.882022, 0.46235, 0.823113, 0.945995, 1, 

35,257,0.001, 0.0433398, 0.0435948, 0.0482178, 0.168069, 0.190201, 0.195148, 0.201966, 0.579101, 0.960503, 1, 

45,194,0.001, 0.0164371, 0.0389462, 0.0813579, 0.107335, 0.109431, 0.159593, 0.281864, 0.392739, 0.483039, 0.487776, 0.499724, 0.574331, 0.599197, 0.704573, 0.761354, 0.817097, 0.839452, 0.84685, 0.861, 0.890615, 0.945973, 1, 

37,218,0.001, 0.0164371, 0.0389462, 0.0813579, 0.107335, 0.109431, 0.159593, 0.18703, 0.579101, 0.888135, 1, 

36,237,0.001, 0.0189094, 0.030018, 0.0572175, 0.107335, 0.109431, 0.159593, 0.18703, 0.888135, 1, 

40,195,0.001, 0.0189094, 0.030018, 0.0572175, 0.0682384, 0.108052, 0.146153, 0.189471, 0.271426, 0.392739, 0.483039, 0.487776, 0.499724, 1, 

Generation #8
47,176,0.001, 0.0189094, 0.030018, 0.0572175, 0.0682384, 0.108052, 0.146153, 0.189471, 0.271426, 0.281375, 0.347345, 0.408257, 0.417711, 0.420817, 0.448255, 0.55329, 0.657453, 0.66784, 0.679799, 0.705564, 0.718052, 0.730197, 1, 

39,213,0.001, 0.0247752, 0.0698305, 0.104814, 0.122419, 0.289792, 0.336037, 0.370085, 0.439324, 0.882022, 0.46235, 0.823113, 0.945995, 1, 

40,195,0.001, 0.0189094, 0.030018, 0.0572175, 0.0682384, 0.108052, 0.146153, 0.189471, 0.271426, 0.392739, 0.483039, 0.487776, 0.499724, 1, 

41,192,0.001, 0.0189094, 0.0389462, 0.0813579, 0.107335, 0.109431, 0.159593, 0.18703, 0.271426, 0.392739, 0.483039, 0.487776, 0.499724, 1, 

36,215,0.001, 0.0164371, 0.0389462, 0.0813579, 0.107335, 0.159593, 0.468522, 0.108154, 0.247417, 0.307339, 0.436911, 1, 

35,238,0.001, 0.0189094, 0.030018, 0.0572175, 0.0682384, 0.108052, 0.146153, 0.189471, 0.271426, 0.281375, 1, 

Generation #9
47,176,0.001, 0.0189094, 0.030018, 0.0572175, 0.0682384, 0.108052, 0.146153, 0.189471, 0.271426, 0.281375, 0.347345, 0.408257, 0.417711, 0.420817, 0.448255, 0.55329, 0.657453, 0.66784, 0.679799, 0.705564, 0.718052, 0.730197, 1, 

40,195,0.001, 0.0189094, 0.030018, 0.0572175, 0.0682384, 0.108052, 0.146153, 0.189471, 0.271426, 0.392739, 0.483039, 0.487776, 0.499724, 1, 

41,192,0.001, 0.0189094, 0.0389462, 0.0813579, 0.107335, 0.109431, 0.159593, 0.18703, 0.271426, 0.392739, 0.483039, 0.487776, 0.499724, 1, 

36,215,0.001, 0.0164371, 0.0389462, 0.0813579, 0.107335, 0.159593, 0.468522, 0.108154, 0.247417, 0.307339, 0.436911, 1, 

35,238,0.001, 0.0189094, 0.030018, 0.0572175, 0.0682384, 0.108052, 0.146153, 0.189471, 0.271426, 0.281375, 1, 

37,211,0.001, 0.0189094, 0.030018, 0.0572175, 0.0682384, 0.108052, 0.146153, 0.247417, 0.733834, 1, 

Generation #10
47,176,0.001, 0.0189094, 0.030018, 0.0572175, 0.0682384, 0.108052, 0.146153, 0.189471, 0.271426, 0.281375, 0.347345, 0.408257, 0.417711, 0.420817, 0.448255, 0.55329, 0.657453, 0.66784, 0.679799, 0.705564, 0.718052, 0.730197, 1, 

40,195,0.001, 0.0189094, 0.030018, 0.0572175, 0.0682384, 0.108052, 0.146153, 0.189471, 0.271426, 0.392739, 0.483039, 0.487776, 0.499724, 1, 

41,192,0.001, 0.0189094, 0.0389462, 0.0813579, 0.107335, 0.109431, 0.159593, 0.18703, 0.271426, 0.392739, 0.483039, 0.487776, 0.499724, 1, 

36,215,0.001, 0.0164371, 0.0389462, 0.0813579, 0.107335, 0.159593, 0.468522, 0.108154, 0.247417, 0.307339, 0.436911, 1, 

35,238,0.001, 0.0189094, 0.030018, 0.0572175, 0.0682384, 0.108052, 0.146153, 0.189471, 0.271426, 0.281375, 1, 

37,211,0.001, 0.0189094, 0.030018, 0.0572175, 0.0682384, 0.108052, 0.146153, 0.247417, 0.733834, 1, 

Generation #11
47,176,0.001, 0.0189094, 0.030018, 0.0572175, 0.0682384, 0.108052, 0.146153, 0.189471, 0.271426, 0.281375, 0.347345, 0.408257, 0.417711, 0.420817, 0.448255, 0.55329, 0.657453, 0.66784, 0.679799, 0.705564, 0.718052, 0.730197, 1, 

40,195,0.001, 0.0189094, 0.030018, 0.0572175, 0.0682384, 0.108052, 0.146153, 0.189471, 0.271426, 0.392739, 0.483039, 0.487776, 0.499724, 1, 

41,192,0.001, 0.0189094, 0.0389462, 0.0813579, 0.107335, 0.109431, 0.159593, 0.18703, 0.271426, 0.392739, 0.483039, 0.487776, 0.499724, 1, 

35,238,0.001, 0.0189094, 0.030018, 0.0572175, 0.0682384, 0.108052, 0.146153, 0.189471, 0.271426, 0.281375, 1, 

36,199,0.001, 0.0189094, 0.030018, 0.0572175, 0.0682384, 0.103704, 0.146468, 0.238358, 0.579101, 0.960503, 1, 

39,197,0.001, 0.0189094, 0.030018, 0.0572175, 0.107335, 0.109431, 0.159593, 0.271426, 0.392739, 0.483039, 0.487776, 0.499724, 1, 

Generation #12
38,167,0.001, 0.0189094, 0.030018, 0.0572175, 0.0682384, 0.108052, 0.146153, 0.189471, 0.271426, 0.281375, 0.361025, 1, 

35,187,0.001, 0.0164371, 0.0389462, 0.0670325, 0.0961413, 0.0972789, 0.181509, 0.220998, 0.189471, 0.271426, 0.281375, 0.347345, 1, 

Generation #13
38,167,0.001, 0.0189094, 0.030018, 0.0572175, 0.0682384, 0.108052, 0.146153, 0.189471, 0.271426, 0.281375, 0.361025, 1, 

35,187,0.001, 0.0164371, 0.0389462, 0.0670325, 0.0961413, 0.0972789, 0.181509, 0.220998, 0.189471, 0.271426, 0.281375, 0.347345, 1, 

37,174,0.001, 0.0189094, 0.030018, 0.0572175, 0.0682384, 0.108052, 0.146153, 0.189471, 0.271426, 0.483039, 0.487776, 0.499724, 1, 

34,493,0.001, 0.030018, 0.0572175, 0.107335, 0.109431, 0.159593, 0.18703, 0.888135, 1, 

Generation #14
38,167,0.001, 0.0189094, 0.030018, 0.0572175, 0.0682384, 0.108052, 0.146153, 0.189471, 0.271426, 0.281375, 0.361025, 1, 

37,174,0.001, 0.0189094, 0.030018, 0.0572175, 0.0682384, 0.108052, 0.146153, 0.189471, 0.271426, 0.483039, 0.487776, 0.499724, 1, 

34,493,0.001, 0.030018, 0.0572175, 0.107335, 0.109431, 0.159593, 0.18703, 0.888135, 1, 

35,184,0.001, 0.0189094, 0.030018, 0.0572175, 0.0682384, 0.108052, 0.146153, 0.189471, 0.54428, 0.960503, 1, 

Generation #15
38,167,0.001, 0.0189094, 0.030018, 0.0572175, 0.0682384, 0.108052, 0.146153, 0.189471, 0.271426, 0.281375, 0.361025, 1, 

37,174,0.001, 0.0189094, 0.030018, 0.0572175, 0.0682384, 0.108052, 0.146153, 0.189471, 0.271426, 0.483039, 0.487776, 0.499724, 1, 

35,184,0.001, 0.0189094, 0.030018, 0.0572175, 0.0682384, 0.108052, 0.146153, 0.189471, 0.54428, 0.960503, 1, 

34,199,0.001, 0.0189094, 0.030018, 0.0572175, 0.0682384, 0.108052, 0.146153, 0.118661, 0.307339, 0.436911, 0.361025, 1, 

Generation #16
38,167,0.001, 0.0189094, 0.030018, 0.0572175, 0.0682384, 0.108052, 0.146153, 0.189471, 0.271426, 0.281375, 0.361025, 1, 

37,174,0.001, 0.0189094, 0.030018, 0.0572175, 0.0682384, 0.108052, 0.146153, 0.189471, 0.271426, 0.483039, 0.487776, 0.499724, 1, 

35,184,0.001, 0.0189094, 0.030018, 0.0572175, 0.0682384, 0.108052, 0.146153, 0.189471, 0.54428, 0.960503, 1, 

34,199,0.001, 0.0189094, 0.030018, 0.0572175, 0.0682384, 0.108052, 0.146153, 0.118661, 0.307339, 0.436911, 0.361025, 1, 

Generation #17
38,167,0.001, 0.0189094, 0.030018, 0.0572175, 0.0682384, 0.108052, 0.146153, 0.189471, 0.271426, 0.281375, 0.361025, 1, 

37,174,0.001, 0.0189094, 0.030018, 0.0572175, 0.0682384, 0.108052, 0.146153, 0.189471, 0.271426, 0.483039, 0.487776, 0.499724, 1, 

34,199,0.001, 0.0189094, 0.030018, 0.0572175, 0.0682384, 0.108052, 0.146153, 0.118661, 0.307339, 0.436911, 0.361025, 1, 

35,175,0.001, 0.0189094, 0.030018, 0.0572175, 0.0742188, 0.108052, 0.146153, 0.189471, 0.271426, 0.281375, 1, 

Generation #18
38,167,0.001, 0.0189094, 0.030018, 0.0572175, 0.0682384, 0.108052, 0.146153, 0.189471, 0.271426, 0.281375, 0.361025, 1, 

37,174,0.001, 0.0189094, 0.030018, 0.0572175, 0.0682384, 0.108052, 0.146153, 0.189471, 0.271426, 0.483039, 0.487776, 0.499724, 1, 

34,199,0.001, 0.0189094, 0.030018, 0.0572175, 0.0682384, 0.108052, 0.146153, 0.118661, 0.307339, 0.436911, 0.361025, 1, 

35,175,0.001, 0.0189094, 0.030018, 0.0572175, 0.0742188, 0.108052, 0.146153, 0.189471, 0.271426, 0.281375, 1, 

Generation #19
34,199,0.001, 0.0189094, 0.030018, 0.0572175, 0.0682384, 0.108052, 0.146153, 0.118661, 0.307339, 0.436911, 0.361025, 1, 

35,175,0.001, 0.0189094, 0.030018, 0.0572175, 0.0742188, 0.108052, 0.146153, 0.189471, 0.271426, 0.281375, 1, 

37,163,0.001, 0.0189094, 0.030018, 0.0572175, 0.0682384, 0.108052, 0.146153, 0.189471, 0.271426, 0.281375, 0.191436, 0.710663, 1, 

Generation #20
34,199,0.001, 0.0189094, 0.030018, 0.0572175, 0.0682384, 0.108052, 0.146153, 0.118661, 0.307339, 0.436911, 0.361025, 1, 

35,175,0.001, 0.0189094, 0.030018, 0.0572175, 0.0742188, 0.108052, 0.146153, 0.189471, 0.271426, 0.281375, 1, 

37,163,0.001, 0.0189094, 0.030018, 0.0572175, 0.0682384, 0.108052, 0.146153, 0.189471, 0.271426, 0.281375, 0.191436, 0.710663, 1, 

Generation #21
34,199,0.001, 0.0189094, 0.030018, 0.0572175, 0.0682384, 0.108052, 0.146153, 0.118661, 0.307339, 0.436911, 0.361025, 1, 

35,175,0.001, 0.0189094, 0.030018, 0.0572175, 0.0742188, 0.108052, 0.146153, 0.189471, 0.271426, 0.281375, 1, 

37,163,0.001, 0.0189094, 0.030018, 0.0572175, 0.0682384, 0.108052, 0.146153, 0.189471, 0.271426, 0.281375, 0.191436, 0.710663, 1, 

Generation #22
34,199,0.001, 0.0189094, 0.030018, 0.0572175, 0.0682384, 0.108052, 0.146153, 0.118661, 0.307339, 0.436911, 0.361025, 1, 

35,175,0.001, 0.0189094, 0.030018, 0.0572175, 0.0742188, 0.108052, 0.146153, 0.189471, 0.271426, 0.281375, 1, 

37,163,0.001, 0.0189094, 0.030018, 0.0572175, 0.0682384, 0.108052, 0.146153, 0.189471, 0.271426, 0.281375, 0.191436, 0.710663, 1, 

Generation #23
34,199,0.001, 0.0189094, 0.030018, 0.0572175, 0.0682384, 0.108052, 0.146153, 0.118661, 0.307339, 0.436911, 0.361025, 1, 

35,175,0.001, 0.0189094, 0.030018, 0.0572175, 0.0742188, 0.108052, 0.146153, 0.189471, 0.271426, 0.281375, 1, 

37,163,0.001, 0.0189094, 0.030018, 0.0572175, 0.0682384, 0.108052, 0.146153, 0.189471, 0.271426, 0.281375, 0.191436, 0.710663, 1, 

Generation #24
34,199,0.001, 0.0189094, 0.030018, 0.0572175, 0.0682384, 0.108052, 0.146153, 0.118661, 0.307339, 0.436911, 0.361025, 1, 

35,175,0.001, 0.0189094, 0.030018, 0.0572175, 0.0742188, 0.108052, 0.146153, 0.189471, 0.271426, 0.281375, 1, 

37,163,0.001, 0.0189094, 0.030018, 0.0572175, 0.0682384, 0.108052, 0.146153, 0.189471, 0.271426, 0.281375, 0.191436, 0.710663, 1, 

Generation #25
34,199,0.001, 0.0189094, 0.030018, 0.0572175, 0.0682384, 0.108052, 0.146153, 0.118661, 0.307339, 0.436911, 0.361025, 1, 

35,175,0.001, 0.0189094, 0.030018, 0.0572175, 0.0742188, 0.108052, 0.146153, 0.189471, 0.271426, 0.281375, 1, 

37,163,0.001, 0.0189094, 0.030018, 0.0572175, 0.0682384, 0.108052, 0.146153, 0.189471, 0.271426, 0.281375, 0.191436, 0.710663, 1, 

Generation #26
34,199,0.001, 0.0189094, 0.030018, 0.0572175, 0.0682384, 0.108052, 0.146153, 0.118661, 0.307339, 0.436911, 0.361025, 1, 

35,175,0.001, 0.0189094, 0.030018, 0.0572175, 0.0742188, 0.108052, 0.146153, 0.189471, 0.271426, 0.281375, 1, 

37,163,0.001, 0.0189094, 0.030018, 0.0572175, 0.0682384, 0.108052, 0.146153, 0.189471, 0.271426, 0.281375, 0.191436, 0.710663, 1, 

Generation #27
34,199,0.001, 0.0189094, 0.030018, 0.0572175, 0.0682384, 0.108052, 0.146153, 0.118661, 0.307339, 0.436911, 0.361025, 1, 

35,175,0.001, 0.0189094, 0.030018, 0.0572175, 0.0742188, 0.108052, 0.146153, 0.189471, 0.271426, 0.281375, 1, 

37,163,0.001, 0.0189094, 0.030018, 0.0572175, 0.0682384, 0.108052, 0.146153, 0.189471, 0.271426, 0.281375, 0.191436, 0.710663, 1, 

33,223,0.001, 0.030018, 0.0572175, 0.0682384, 0.103704, 0.146468, 0.238358, 0.271426, 0.436911, 0.361025, 1, 

Generation #28
34,199,0.001, 0.0189094, 0.030018, 0.0572175, 0.0682384, 0.108052, 0.146153, 0.118661, 0.307339, 0.436911, 0.361025, 1, 

35,175,0.001, 0.0189094, 0.030018, 0.0572175, 0.0742188, 0.108052, 0.146153, 0.189471, 0.271426, 0.281375, 1, 

37,163,0.001, 0.0189094, 0.030018, 0.0572175, 0.0682384, 0.108052, 0.146153, 0.189471, 0.271426, 0.281375, 0.191436, 0.710663, 1, 

33,223,0.001, 0.030018, 0.0572175, 0.0682384, 0.103704, 0.146468, 0.238358, 0.271426, 0.436911, 0.361025, 1, 

Generation #29
34,199,0.001, 0.0189094, 0.030018, 0.0572175, 0.0682384, 0.108052, 0.146153, 0.118661, 0.307339, 0.436911, 0.361025, 1, 

35,175,0.001, 0.0189094, 0.030018, 0.0572175, 0.0742188, 0.108052, 0.146153, 0.189471, 0.271426, 0.281375, 1, 

37,163,0.001, 0.0189094, 0.030018, 0.0572175, 0.0682384, 0.108052, 0.146153, 0.189471, 0.271426, 0.281375, 0.191436, 0.710663, 1, 

33,223,0.001, 0.030018, 0.0572175, 0.0682384, 0.103704, 0.146468, 0.238358, 0.271426, 0.436911, 0.361025, 1, 

Generation #30
34,199,0.001, 0.0189094, 0.030018, 0.0572175, 0.0682384, 0.108052, 0.146153, 0.118661, 0.307339, 0.436911, 0.361025, 1, 

35,175,0.001, 0.0189094, 0.030018, 0.0572175, 0.0742188, 0.108052, 0.146153, 0.189471, 0.271426, 0.281375, 1, 

37,163,0.001, 0.0189094, 0.030018, 0.0572175, 0.0682384, 0.108052, 0.146153, 0.189471, 0.271426, 0.281375, 0.191436, 0.710663, 1, 

33,223,0.001, 0.030018, 0.0572175, 0.0682384, 0.103704, 0.146468, 0.238358, 0.271426, 0.436911, 0.361025, 1, 

Generation #31
34,199,0.001, 0.0189094, 0.030018, 0.0572175, 0.0682384, 0.108052, 0.146153, 0.118661, 0.307339, 0.436911, 0.361025, 1, 

35,175,0.001, 0.0189094, 0.030018, 0.0572175, 0.0742188, 0.108052, 0.146153, 0.189471, 0.271426, 0.281375, 1, 

37,163,0.001, 0.0189094, 0.030018, 0.0572175, 0.0682384, 0.108052, 0.146153, 0.189471, 0.271426, 0.281375, 0.191436, 0.710663, 1, 

33,223,0.001, 0.030018, 0.0572175, 0.0682384, 0.103704, 0.146468, 0.238358, 0.271426, 0.436911, 0.361025, 1, 

Generation #32
34,199,0.001, 0.0189094, 0.030018, 0.0572175, 0.0682384, 0.108052, 0.146153, 0.118661, 0.307339, 0.436911, 0.361025, 1, 

35,175,0.001, 0.0189094, 0.030018, 0.0572175, 0.0742188, 0.108052, 0.146153, 0.189471, 0.271426, 0.281375, 1, 

37,163,0.001, 0.0189094, 0.030018, 0.0572175, 0.0682384, 0.108052, 0.146153, 0.189471, 0.271426, 0.281375, 0.191436, 0.710663, 1, 

33,223,0.001, 0.030018, 0.0572175, 0.0682384, 0.103704, 0.146468, 0.238358, 0.271426, 0.436911, 0.361025, 1, 

36,170,0.001, 0.0189094, 0.030018, 0.0572175, 0.0682384, 0.108052, 0.146153, 0.189471, 0.307339, 0.436911, 0.361025, 1, 

Generation #33
34,199,0.001, 0.0189094, 0.030018, 0.0572175, 0.0682384, 0.108052, 0.146153, 0.118661, 0.307339, 0.436911, 0.361025, 1, 

35,175,0.001, 0.0189094, 0.030018, 0.0572175, 0.0742188, 0.108052, 0.146153, 0.189471, 0.271426, 0.281375, 1, 

37,163,0.001, 0.0189094, 0.030018, 0.0572175, 0.0682384, 0.108052, 0.146153, 0.189471, 0.271426, 0.281375, 0.191436, 0.710663, 1, 

33,223,0.001, 0.030018, 0.0572175, 0.0682384, 0.103704, 0.146468, 0.238358, 0.271426, 0.436911, 0.361025, 1, 

36,170,0.001, 0.0189094, 0.030018, 0.0572175, 0.0682384, 0.108052, 0.146153, 0.189471, 0.307339, 0.436911, 0.361025, 1, 

Generation #34
34,199,0.001, 0.0189094, 0.030018, 0.0572175, 0.0682384, 0.108052, 0.146153, 0.118661, 0.307339, 0.436911, 0.361025, 1, 

37,163,0.001, 0.0189094, 0.030018, 0.0572175, 0.0682384, 0.108052, 0.146153, 0.189471, 0.271426, 0.281375, 0.191436, 0.710663, 1, 

33,223,0.001, 0.030018, 0.0572175, 0.0682384, 0.103704, 0.146468, 0.238358, 0.271426, 0.436911, 0.361025, 1, 

36,170,0.001, 0.0189094, 0.030018, 0.0572175, 0.0682384, 0.108052, 0.146153, 0.189471, 0.307339, 0.436911, 0.361025, 1, 

35,172,0.001, 0.0189094, 0.030018, 0.0572175, 0.0742188, 0.108052, 0.146153, 0.189471, 0.307339, 0.436911, 0.361025, 1, 

Generation #35
34,199,0.001, 0.0189094, 0.030018, 0.0572175, 0.0682384, 0.108052, 0.146153, 0.118661, 0.307339, 0.436911, 0.361025, 1, 

37,163,0.001, 0.0189094, 0.030018, 0.0572175, 0.0682384, 0.108052, 0.146153, 0.189471, 0.271426, 0.281375, 0.191436, 0.710663, 1, 

33,223,0.001, 0.030018, 0.0572175, 0.0682384, 0.103704, 0.146468, 0.238358, 0.271426, 0.436911, 0.361025, 1, 

36,170,0.001, 0.0189094, 0.030018, 0.0572175, 0.0682384, 0.108052, 0.146153, 0.189471, 0.307339, 0.436911, 0.361025, 1, 

35,172,0.001, 0.0189094, 0.030018, 0.0572175, 0.0742188, 0.108052, 0.146153, 0.189471, 0.307339, 0.436911, 0.361025, 1, 

Generation #36
34,199,0.001, 0.0189094, 0.030018, 0.0572175, 0.0682384, 0.108052, 0.146153, 0.118661, 0.307339, 0.436911, 0.361025, 1, 

37,163,0.001, 0.0189094, 0.030018, 0.0572175, 0.0682384, 0.108052, 0.146153, 0.189471, 0.271426, 0.281375, 0.191436, 0.710663, 1, 

33,223,0.001, 0.030018, 0.0572175, 0.0682384, 0.103704, 0.146468, 0.238358, 0.271426, 0.436911, 0.361025, 1, 

36,170,0.001, 0.0189094, 0.030018, 0.0572175, 0.0682384, 0.108052, 0.146153, 0.189471, 0.307339, 0.436911, 0.361025, 1, 

35,172,0.001, 0.0189094, 0.030018, 0.0572175, 0.0742188, 0.108052, 0.146153, 0.189471, 0.307339, 0.436911, 0.361025, 1, 

Generation #37
34,199,0.001, 0.0189094, 0.030018, 0.0572175, 0.0682384, 0.108052, 0.146153, 0.118661, 0.307339, 0.436911, 0.361025, 1, 

37,163,0.001, 0.0189094, 0.030018, 0.0572175, 0.0682384, 0.108052, 0.146153, 0.189471, 0.271426, 0.281375, 0.191436, 0.710663, 1, 

33,223,0.001, 0.030018, 0.0572175, 0.0682384, 0.103704, 0.146468, 0.238358, 0.271426, 0.436911, 0.361025, 1, 

36,170,0.001, 0.0189094, 0.030018, 0.0572175, 0.0682384, 0.108052, 0.146153, 0.189471, 0.307339, 0.436911, 0.361025, 1, 

35,172,0.001, 0.0189094, 0.030018, 0.0572175, 0.0742188, 0.108052, 0.146153, 0.189471, 0.307339, 0.436911, 0.361025, 1, 

Generation #38
34,199,0.001, 0.0189094, 0.030018, 0.0572175, 0.0682384, 0.108052, 0.146153, 0.118661, 0.307339, 0.436911, 0.361025, 1, 

37,163,0.001, 0.0189094, 0.030018, 0.0572175, 0.0682384, 0.108052, 0.146153, 0.189471, 0.271426, 0.281375, 0.191436, 0.710663, 1, 

33,223,0.001, 0.030018, 0.0572175, 0.0682384, 0.103704, 0.146468, 0.238358, 0.271426, 0.436911, 0.361025, 1, 

36,170,0.001, 0.0189094, 0.030018, 0.0572175, 0.0682384, 0.108052, 0.146153, 0.189471, 0.307339, 0.436911, 0.361025, 1, 

35,172,0.001, 0.0189094, 0.030018, 0.0572175, 0.0742188, 0.108052, 0.146153, 0.189471, 0.307339, 0.436911, 0.361025, 1, 

Generation #39
34,199,0.001, 0.0189094, 0.030018, 0.0572175, 0.0682384, 0.108052, 0.146153, 0.118661, 0.307339, 0.436911, 0.361025, 1, 

37,163,0.001, 0.0189094, 0.030018, 0.0572175, 0.0682384, 0.108052, 0.146153, 0.189471, 0.271426, 0.281375, 0.191436, 0.710663, 1, 

33,223,0.001, 0.030018, 0.0572175, 0.0682384, 0.103704, 0.146468, 0.238358, 0.271426, 0.436911, 0.361025, 1, 

36,170,0.001, 0.0189094, 0.030018, 0.0572175, 0.0682384, 0.108052, 0.146153, 0.189471, 0.307339, 0.436911, 0.361025, 1, 

35,172,0.001, 0.0189094, 0.030018, 0.0572175, 0.0742188, 0.108052, 0.146153, 0.189471, 0.307339, 0.436911, 0.361025, 1, 

Generation #40
34,199,0.001, 0.0189094, 0.030018, 0.0572175, 0.0682384, 0.108052, 0.146153, 0.118661, 0.307339, 0.436911, 0.361025, 1, 

37,163,0.001, 0.0189094, 0.030018, 0.0572175, 0.0682384, 0.108052, 0.146153, 0.189471, 0.271426, 0.281375, 0.191436, 0.710663, 1, 

33,223,0.001, 0.030018, 0.0572175, 0.0682384, 0.103704, 0.146468, 0.238358, 0.271426, 0.436911, 0.361025, 1, 

36,170,0.001, 0.0189094, 0.030018, 0.0572175, 0.0682384, 0.108052, 0.146153, 0.189471, 0.307339, 0.436911, 0.361025, 1, 

35,172,0.001, 0.0189094, 0.030018, 0.0572175, 0.0742188, 0.108052, 0.146153, 0.189471, 0.307339, 0.436911, 0.361025, 1, 

Generation #41
34,199,0.001, 0.0189094, 0.030018, 0.0572175, 0.0682384, 0.108052, 0.146153, 0.118661, 0.307339, 0.436911, 0.361025, 1, 

37,163,0.001, 0.0189094, 0.030018, 0.0572175, 0.0682384, 0.108052, 0.146153, 0.189471, 0.271426, 0.281375, 0.191436, 0.710663, 1, 

33,223,0.001, 0.030018, 0.0572175, 0.0682384, 0.103704, 0.146468, 0.238358, 0.271426, 0.436911, 0.361025, 1, 

36,170,0.001, 0.0189094, 0.030018, 0.0572175, 0.0682384, 0.108052, 0.146153, 0.189471, 0.307339, 0.436911, 0.361025, 1, 

35,172,0.001, 0.0189094, 0.030018, 0.0572175, 0.0742188, 0.108052, 0.146153, 0.189471, 0.307339, 0.436911, 0.361025, 1, 

Generation #42
34,199,0.001, 0.0189094, 0.030018, 0.0572175, 0.0682384, 0.108052, 0.146153, 0.118661, 0.307339, 0.436911, 0.361025, 1, 

37,163,0.001, 0.0189094, 0.030018, 0.0572175, 0.0682384, 0.108052, 0.146153, 0.189471, 0.271426, 0.281375, 0.191436, 0.710663, 1, 

33,223,0.001, 0.030018, 0.0572175, 0.0682384, 0.103704, 0.146468, 0.238358, 0.271426, 0.436911, 0.361025, 1, 

36,170,0.001, 0.0189094, 0.030018, 0.0572175, 0.0682384, 0.108052, 0.146153, 0.189471, 0.307339, 0.436911, 0.361025, 1, 

35,172,0.001, 0.0189094, 0.030018, 0.0572175, 0.0742188, 0.108052, 0.146153, 0.189471, 0.307339, 0.436911, 0.361025, 1, 

Generation #43
34,199,0.001, 0.0189094, 0.030018, 0.0572175, 0.0682384, 0.108052, 0.146153, 0.118661, 0.307339, 0.436911, 0.361025, 1, 

37,163,0.001, 0.0189094, 0.030018, 0.0572175, 0.0682384, 0.108052, 0.146153, 0.189471, 0.271426, 0.281375, 0.191436, 0.710663, 1, 

33,223,0.001, 0.030018, 0.0572175, 0.0682384, 0.103704, 0.146468, 0.238358, 0.271426, 0.436911, 0.361025, 1, 

36,170,0.001, 0.0189094, 0.030018, 0.0572175, 0.0682384, 0.108052, 0.146153, 0.189471, 0.307339, 0.436911, 0.361025, 1, 

35,171,0.001, 0.0189094, 0.030018, 0.0572175, 0.0742188, 0.108052, 0.146153, 0.189471, 0.271426, 0.281375, 1, 

Generation #44
34,199,0.001, 0.0189094, 0.030018, 0.0572175, 0.0682384, 0.108052, 0.146153, 0.118661, 0.307339, 0.436911, 0.361025, 1, 

37,163,0.001, 0.0189094, 0.030018, 0.0572175, 0.0682384, 0.108052, 0.146153, 0.189471, 0.271426, 0.281375, 0.191436, 0.710663, 1, 

33,223,0.001, 0.030018, 0.0572175, 0.0682384, 0.103704, 0.146468, 0.238358, 0.271426, 0.436911, 0.361025, 1, 

36,170,0.001, 0.0189094, 0.030018, 0.0572175, 0.0682384, 0.108052, 0.146153, 0.189471, 0.307339, 0.436911, 0.361025, 1, 

35,171,0.001, 0.0189094, 0.030018, 0.0572175, 0.0742188, 0.108052, 0.146153, 0.189471, 0.271426, 0.281375, 1, 

Generation #45
34,199,0.001, 0.0189094, 0.030018, 0.0572175, 0.0682384, 0.108052, 0.146153, 0.118661, 0.307339, 0.436911, 0.361025, 1, 

37,163,0.001, 0.0189094, 0.030018, 0.0572175, 0.0682384, 0.108052, 0.146153, 0.189471, 0.271426, 0.281375, 0.191436, 0.710663, 1, 

33,223,0.001, 0.030018, 0.0572175, 0.0682384, 0.103704, 0.146468, 0.238358, 0.271426, 0.436911, 0.361025, 1, 

36,170,0.001, 0.0189094, 0.030018, 0.0572175, 0.0682384, 0.108052, 0.146153, 0.189471, 0.307339, 0.436911, 0.361025, 1, 

35,171,0.001, 0.0189094, 0.030018, 0.0572175, 0.0742188, 0.108052, 0.146153, 0.189471, 0.271426, 0.281375, 1, 

Generation #46
34,199,0.001, 0.0189094, 0.030018, 0.0572175, 0.0682384, 0.108052, 0.146153, 0.118661, 0.307339, 0.436911, 0.361025, 1, 

37,163,0.001, 0.0189094, 0.030018, 0.0572175, 0.0682384, 0.108052, 0.146153, 0.189471, 0.271426, 0.281375, 0.191436, 0.710663, 1, 

36,170,0.001, 0.0189094, 0.030018, 0.0572175, 0.0682384, 0.108052, 0.146153, 0.189471, 0.307339, 0.436911, 0.361025, 1, 

35,171,0.001, 0.0189094, 0.030018, 0.0572175, 0.0742188, 0.108052, 0.146153, 0.189471, 0.271426, 0.281375, 1, 

33,213,0.001, 0.030018, 0.0572175, 0.0682384, 0.108052, 0.146153, 0.247417, 0.307339, 0.436911, 1, 

Generation #47
34,199,0.001, 0.0189094, 0.030018, 0.0572175, 0.0682384, 0.108052, 0.146153, 0.118661, 0.307339, 0.436911, 0.361025, 1, 

37,163,0.001, 0.0189094, 0.030018, 0.0572175, 0.0682384, 0.108052, 0.146153, 0.189471, 0.271426, 0.281375, 0.191436, 0.710663, 1, 

36,170,0.001, 0.0189094, 0.030018, 0.0572175, 0.0682384, 0.108052, 0.146153, 0.189471, 0.307339, 0.436911, 0.361025, 1, 

35,171,0.001, 0.0189094, 0.030018, 0.0572175, 0.0742188, 0.108052, 0.146153, 0.189471, 0.271426, 0.281375, 1, 

33,213,0.001, 0.030018, 0.0572175, 0.0682384, 0.108052, 0.146153, 0.247417, 0.307339, 0.436911, 1, 

Generation #48
34,199,0.001, 0.0189094, 0.030018, 0.0572175, 0.0682384, 0.108052, 0.146153, 0.118661, 0.307339, 0.436911, 0.361025, 1, 

37,163,0.001, 0.0189094, 0.030018, 0.0572175, 0.0682384, 0.108052, 0.146153, 0.189471, 0.271426, 0.281375, 0.191436, 0.710663, 1, 

36,170,0.001, 0.0189094, 0.030018, 0.0572175, 0.0682384, 0.108052, 0.146153, 0.189471, 0.307339, 0.436911, 0.361025, 1, 

35,171,0.001, 0.0189094, 0.030018, 0.0572175, 0.0742188, 0.108052, 0.146153, 0.189471, 0.271426, 0.281375, 1, 

33,213,0.001, 0.030018, 0.0572175, 0.0682384, 0.108052, 0.146153, 0.247417, 0.307339, 0.436911, 1, 

Generation #49
37,163,0.001, 0.0189094, 0.030018, 0.0572175, 0.0682384, 0.108052, 0.146153, 0.189471, 0.271426, 0.281375, 0.191436, 0.710663, 1, 

36,170,0.001, 0.0189094, 0.030018, 0.0572175, 0.0682384, 0.108052, 0.146153, 0.189471, 0.307339, 0.436911, 0.361025, 1, 

35,171,0.001, 0.0189094, 0.030018, 0.0572175, 0.0742188, 0.108052, 0.146153, 0.189471, 0.271426, 0.281375, 1, 

33,213,0.001, 0.030018, 0.0572175, 0.0682384, 0.108052, 0.146153, 0.247417, 0.307339, 0.436911, 1, 

34,178,0.001, 0.0189094, 0.030018, 0.0572175, 0.0682384, 0.109431, 0.159593, 0.220998, 0.189471, 0.271426, 0.281375, 0.347345, 1, 

--- Pareto Front Solutions ---
Solution 0: N total=119 (N_initial=82, N_added=37), Time total=184 ms, Saved to: ./results/SPINV_t2_l4_pareto_0.csv, percents=0.001, 0.0189094, 0.030018, 0.0572175, 0.0682384, 0.108052, 0.146153, 0.189471, 0.271426, 0.281375, 0.191436, 0.710663, 1, 

Solution 1: N total=118 (N_initial=82, N_added=36), Time total=191 ms, Saved to: ./results/SPINV_t2_l4_pareto_1.csv, percents=0.001, 0.0189094, 0.030018, 0.0572175, 0.0682384, 0.108052, 0.146153, 0.189471, 0.307339, 0.436911, 0.361025, 1, 

Solution 2: N total=117 (N_initial=82, N_added=35), Time total=192 ms, Saved to: ./results/SPINV_t2_l4_pareto_2.csv, percents=0.001, 0.0189094, 0.030018, 0.0572175, 0.0742188, 0.108052, 0.146153, 0.189471, 0.271426, 0.281375, 1, 

Solution 3: N total=115 (N_initial=82, N_added=33), Time total=234 ms, Saved to: ./results/SPINV_t2_l4_pareto_3.csv, percents=0.001, 0.030018, 0.0572175, 0.0682384, 0.108052, 0.146153, 0.247417, 0.307339, 0.436911, 1, 

Solution 4: N total=116 (N_initial=82, N_added=34), Time total=199 ms, Saved to: ./results/SPINV_t2_l4_pareto_4.csv, percents=0.001, 0.0189094, 0.030018, 0.0572175, 0.0682384, 0.109431, 0.159593, 0.220998, 0.189471, 0.271426, 0.281375, 0.347345, 1, 

