------------d=1, t=2, lambda=1, filename=./evaluation/SPINS/SPINS_2_1.csv------------
Grouping d-sets by partitioned row counts for detecting arrays...
Ready to look at pairs for detecting arrays...
First Stage N=24, Time=2
There are 2372 remaining non-locating pairs
--- Running GA Algorithm (phase2) ---
Running GA with std::execution::par
Generation #0
31,823,0.001, 0.139605, 0.219523, 0.33745, 0.371203, 0.465486, 0.467519, 0.710549, 0.845754, 0.979017, 1, 

32,618,0.001, 0.142675, 0.144645, 0.243401, 0.419488, 0.422539, 0.551303, 0.673079, 0.81168, 0.95616, 0.981794, 1, 

46,253,0.001, 0.0472392, 0.0794125, 0.141696, 0.194206, 0.22622, 0.254485, 0.372164, 0.393958, 0.397675, 0.398864, 0.409995, 0.421386, 0.447858, 0.511963, 0.604414, 0.646296, 0.649432, 0.739572, 0.741345, 0.820452, 0.829236, 0.846398, 0.914191, 0.918131, 1, 

34,471,0.001, 0.0930755, 0.117456, 0.246838, 0.266876, 0.268594, 0.459387, 0.461979, 0.480012, 0.650595, 0.662716, 0.705202, 0.789084, 1, 

33,591,0.001, 0.0970704, 0.133815, 0.193307, 0.314824, 0.330009, 0.392028, 0.397921, 0.422169, 0.783244, 0.803073, 0.930679, 1, 

36,294,0.001, 0.0720436, 0.120518, 0.216134, 0.240205, 0.316409, 0.38425, 0.397094, 0.439128, 0.446672, 0.457051, 0.782234, 0.787231, 0.8087, 0.870795, 0.937226, 1, 

Generation #1
30,417,0.001, 0.0652647, 0.0923021, 0.0938731, 0.18788, 0.279308, 0.45693, 0.710549, 0.845754, 0.979017, 1, 

32,187,0.001, 0.0141455, 0.0218816, 0.0456565, 0.126535, 0.171676, 0.223503, 0.360442, 0.365705, 0.45636, 0.667142, 0.690827, 0.859433, 0.884137, 1, 

42,147,0.001, 0.0211516, 0.0392133, 0.0765168, 0.109886, 0.119161, 0.216399, 0.246362, 0.302584, 0.345675, 0.346068, 0.390185, 0.443204, 0.526623, 0.627717, 0.63203, 0.637202, 0.649053, 0.741608, 0.807409, 0.810516, 0.922613, 0.940965, 0.95317, 0.986705, 1, 

31,307,0.001, 0.0472392, 0.0794125, 0.141696, 0.583685, 0.666923, 0.687387, 0.775528, 0.797689, 0.831146, 0.990146, 1, 

Generation #2
30,417,0.001, 0.0652647, 0.0923021, 0.0938731, 0.18788, 0.279308, 0.45693, 0.710549, 0.845754, 0.979017, 1, 

32,187,0.001, 0.0141455, 0.0218816, 0.0456565, 0.126535, 0.171676, 0.223503, 0.360442, 0.365705, 0.45636, 0.667142, 0.690827, 0.859433, 0.884137, 1, 

42,147,0.001, 0.0211516, 0.0392133, 0.0765168, 0.109886, 0.119161, 0.216399, 0.246362, 0.302584, 0.345675, 0.346068, 0.390185, 0.443204, 0.526623, 0.627717, 0.63203, 0.637202, 0.649053, 0.741608, 0.807409, 0.810516, 0.922613, 0.940965, 0.95317, 0.986705, 1, 

31,307,0.001, 0.0472392, 0.0794125, 0.141696, 0.583685, 0.666923, 0.687387, 0.775528, 0.797689, 0.831146, 0.990146, 1, 

35,186,0.001, 0.0211516, 0.0392133, 0.0765168, 0.109886, 0.119161, 0.216399, 0.246362, 0.302584, 0.345675, 0.346068, 0.390185, 0.443204, 0.526623, 0.627717, 0.937226, 1, 

40,164,0.001, 0.0259043, 0.0501659, 0.0513067, 0.110065, 0.137015, 0.159559, 0.187127, 0.248876, 0.279032, 0.421249, 0.482314, 0.608711, 0.629831, 0.648283, 0.693314, 0.753794, 0.76718, 0.888482, 0.910419, 0.911522, 1, 

41,150,0.001, 0.016774, 0.0547898, 0.114905, 0.167029, 0.204664, 0.210881, 0.23582, 0.244813, 0.262717, 0.352138, 0.413039, 0.418693, 0.466229, 0.520547, 0.531108, 0.535225, 0.607002, 0.66901, 0.687382, 0.732609, 0.736278, 0.904949, 0.9155, 1, 

Generation #3
34,125,0.001, 0.0234395, 0.0390873, 0.0697975, 0.0460126, 0.10239, 0.111185, 0.134715, 0.142228, 0.244813, 0.262717, 0.710195, 0.749947, 0.797568, 0.797852, 0.579279, 1, 

30,129,0.001, 0.0259043, 0.0501659, 0.0513067, 0.110065, 0.137015, 0.159559, 0.187127, 0.248876, 0.59682, 1, 

Generation #4
34,125,0.001, 0.0234395, 0.0390873, 0.0697975, 0.0460126, 0.10239, 0.111185, 0.134715, 0.142228, 0.244813, 0.262717, 0.710195, 0.749947, 0.797568, 0.797852, 0.579279, 1, 

30,129,0.001, 0.0259043, 0.0501659, 0.0513067, 0.110065, 0.137015, 0.159559, 0.187127, 0.248876, 0.59682, 1, 

28,135,0.001, 0.0211516, 0.0392133, 0.0765168, 0.109886, 0.119161, 0.216399, 0.246362, 0.302584, 0.59682, 1, 

27,209,0.001, 0.0211516, 0.0392133, 0.0765168, 0.109886, 0.119161, 0.216399, 0.246362, 0.248876, 0.59682, 1, 

Generation #5
34,125,0.001, 0.0234395, 0.0390873, 0.0697975, 0.0460126, 0.10239, 0.111185, 0.134715, 0.142228, 0.244813, 0.262717, 0.710195, 0.749947, 0.797568, 0.797852, 0.579279, 1, 

30,129,0.001, 0.0259043, 0.0501659, 0.0513067, 0.110065, 0.137015, 0.159559, 0.187127, 0.248876, 0.59682, 1, 

28,135,0.001, 0.0211516, 0.0392133, 0.0765168, 0.109886, 0.119161, 0.216399, 0.246362, 0.302584, 0.59682, 1, 

27,209,0.001, 0.0211516, 0.0392133, 0.0765168, 0.109886, 0.119161, 0.216399, 0.246362, 0.248876, 0.59682, 1, 

Generation #6
34,125,0.001, 0.0234395, 0.0390873, 0.0697975, 0.0460126, 0.10239, 0.111185, 0.134715, 0.142228, 0.244813, 0.262717, 0.710195, 0.749947, 0.797568, 0.797852, 0.579279, 1, 

30,129,0.001, 0.0259043, 0.0501659, 0.0513067, 0.110065, 0.137015, 0.159559, 0.187127, 0.248876, 0.59682, 1, 

27,130,0.001, 0.0234395, 0.0390873, 0.0460126, 0.10239, 0.111185, 0.134715, 0.248876, 0.59682, 1, 

Generation #7
34,125,0.001, 0.0234395, 0.0390873, 0.0697975, 0.0460126, 0.10239, 0.111185, 0.134715, 0.142228, 0.244813, 0.262717, 0.710195, 0.749947, 0.797568, 0.797852, 0.579279, 1, 

30,129,0.001, 0.0259043, 0.0501659, 0.0513067, 0.110065, 0.137015, 0.159559, 0.187127, 0.248876, 0.59682, 1, 

27,130,0.001, 0.0234395, 0.0390873, 0.0460126, 0.10239, 0.111185, 0.134715, 0.248876, 0.59682, 1, 

43,124,0.001, 0.0234395, 0.0390873, 0.0460126, 0.10239, 0.111185, 0.142228, 0.147769, 0.164878, 0.182603, 0.226503, 0.233886, 0.288066, 0.627717, 0.63203, 0.637202, 0.649053, 0.741608, 0.807409, 0.810516, 0.922613, 0.940965, 0.95317, 0.986705, 1, 

Generation #8
32,118,0.001, 0.0259043, 0.0218816, 0.0456565, 0.126535, 0.171676, 0.223503, 0.360442, 0.462834, 0.365705, 0.45636, 0.667142, 0.690827, 0.859433, 0.884137, 1, 

26,125,0.0234395, 0.0390873, 0.0460126, 0.10239, 0.111185, 0.216399, 0.187127, 0.248876, 0.59682, 1, 

Generation #9
32,118,0.001, 0.0259043, 0.0218816, 0.0456565, 0.126535, 0.171676, 0.223503, 0.360442, 0.462834, 0.365705, 0.45636, 0.667142, 0.690827, 0.859433, 0.884137, 1, 

26,125,0.0234395, 0.0390873, 0.0460126, 0.10239, 0.111185, 0.216399, 0.187127, 0.248876, 0.59682, 1, 

Generation #10
32,118,0.001, 0.0259043, 0.0218816, 0.0456565, 0.126535, 0.171676, 0.223503, 0.360442, 0.462834, 0.365705, 0.45636, 0.667142, 0.690827, 0.859433, 0.884137, 1, 

26,125,0.0234395, 0.0390873, 0.0460126, 0.10239, 0.111185, 0.216399, 0.187127, 0.248876, 0.59682, 1, 

30,124,0.001, 0.0234395, 0.0390873, 0.0460126, 0.10239, 0.119161, 0.134715, 0.142228, 0.147769, 0.164878, 0.182603, 1, 

Generation #11
32,118,0.001, 0.0259043, 0.0218816, 0.0456565, 0.126535, 0.171676, 0.223503, 0.360442, 0.462834, 0.365705, 0.45636, 0.667142, 0.690827, 0.859433, 0.884137, 1, 

26,125,0.0234395, 0.0390873, 0.0460126, 0.10239, 0.111185, 0.216399, 0.187127, 0.248876, 0.59682, 1, 

30,124,0.001, 0.0234395, 0.0390873, 0.0460126, 0.10239, 0.119161, 0.134715, 0.142228, 0.147769, 0.164878, 0.182603, 1, 

Generation #12
32,118,0.001, 0.0259043, 0.0218816, 0.0456565, 0.126535, 0.171676, 0.223503, 0.360442, 0.462834, 0.365705, 0.45636, 0.667142, 0.690827, 0.859433, 0.884137, 1, 

26,125,0.0234395, 0.0390873, 0.0460126, 0.10239, 0.111185, 0.216399, 0.187127, 0.248876, 0.59682, 1, 

30,124,0.001, 0.0234395, 0.0390873, 0.0460126, 0.10239, 0.119161, 0.134715, 0.142228, 0.147769, 0.164878, 0.182603, 1, 

Generation #13
32,118,0.001, 0.0259043, 0.0218816, 0.0456565, 0.126535, 0.171676, 0.223503, 0.360442, 0.462834, 0.365705, 0.45636, 0.667142, 0.690827, 0.859433, 0.884137, 1, 

26,125,0.0234395, 0.0390873, 0.0460126, 0.10239, 0.111185, 0.216399, 0.187127, 0.248876, 0.59682, 1, 

30,124,0.001, 0.0234395, 0.0390873, 0.0460126, 0.10239, 0.119161, 0.134715, 0.142228, 0.147769, 0.164878, 0.182603, 1, 

Generation #14
32,118,0.001, 0.0259043, 0.0218816, 0.0456565, 0.126535, 0.171676, 0.223503, 0.360442, 0.462834, 0.365705, 0.45636, 0.667142, 0.690827, 0.859433, 0.884137, 1, 

26,125,0.0234395, 0.0390873, 0.0460126, 0.10239, 0.111185, 0.216399, 0.187127, 0.248876, 0.59682, 1, 

30,124,0.001, 0.0234395, 0.0390873, 0.0460126, 0.10239, 0.119161, 0.134715, 0.142228, 0.147769, 0.164878, 0.182603, 1, 

Generation #15
32,118,0.001, 0.0259043, 0.0218816, 0.0456565, 0.126535, 0.171676, 0.223503, 0.360442, 0.462834, 0.365705, 0.45636, 0.667142, 0.690827, 0.859433, 0.884137, 1, 

26,125,0.0234395, 0.0390873, 0.0460126, 0.10239, 0.111185, 0.216399, 0.187127, 0.248876, 0.59682, 1, 

30,124,0.001, 0.0234395, 0.0390873, 0.0460126, 0.10239, 0.119161, 0.134715, 0.142228, 0.147769, 0.164878, 0.182603, 1, 

Generation #16
32,118,0.001, 0.0259043, 0.0218816, 0.0456565, 0.126535, 0.171676, 0.223503, 0.360442, 0.462834, 0.365705, 0.45636, 0.667142, 0.690827, 0.859433, 0.884137, 1, 

26,125,0.0234395, 0.0390873, 0.0460126, 0.10239, 0.111185, 0.216399, 0.187127, 0.248876, 0.59682, 1, 

30,124,0.001, 0.0234395, 0.0390873, 0.0460126, 0.10239, 0.119161, 0.134715, 0.142228, 0.147769, 0.164878, 0.182603, 1, 

Generation #17
32,118,0.001, 0.0259043, 0.0218816, 0.0456565, 0.126535, 0.171676, 0.223503, 0.360442, 0.462834, 0.365705, 0.45636, 0.667142, 0.690827, 0.859433, 0.884137, 1, 

26,125,0.0234395, 0.0390873, 0.0460126, 0.10239, 0.111185, 0.216399, 0.187127, 0.248876, 0.59682, 1, 

30,121,0.001, 0.0234395, 0.0390873, 0.0460126, 0.10239, 0.119161, 0.216399, 0.246362, 0.302584, 0.59682, 1, 

43,107,0.001, 0.0211516, 0.0392133, 0.0765168, 0.109886, 0.111185, 0.142228, 0.147769, 0.164878, 0.182603, 0.226503, 0.233886, 0.288066, 0.288066, 0.250962, 0.627717, 0.63203, 0.637202, 0.649053, 0.903182, 0.741608, 0.807409, 0.810516, 0.922613, 0.940965, 0.95317, 0.986705, 1, 

Generation #18
32,118,0.001, 0.0259043, 0.0218816, 0.0456565, 0.126535, 0.171676, 0.223503, 0.360442, 0.462834, 0.365705, 0.45636, 0.667142, 0.690827, 0.859433, 0.884137, 1, 

26,125,0.0234395, 0.0390873, 0.0460126, 0.10239, 0.111185, 0.216399, 0.187127, 0.248876, 0.59682, 1, 

30,121,0.001, 0.0234395, 0.0390873, 0.0460126, 0.10239, 0.119161, 0.216399, 0.246362, 0.302584, 0.59682, 1, 

43,107,0.001, 0.0211516, 0.0392133, 0.0765168, 0.109886, 0.111185, 0.142228, 0.147769, 0.164878, 0.182603, 0.226503, 0.233886, 0.288066, 0.288066, 0.250962, 0.627717, 0.63203, 0.637202, 0.649053, 0.903182, 0.741608, 0.807409, 0.810516, 0.922613, 0.940965, 0.95317, 0.986705, 1, 

Generation #19
32,118,0.001, 0.0259043, 0.0218816, 0.0456565, 0.126535, 0.171676, 0.223503, 0.360442, 0.462834, 0.365705, 0.45636, 0.667142, 0.690827, 0.859433, 0.884137, 1, 

26,125,0.0234395, 0.0390873, 0.0460126, 0.10239, 0.111185, 0.216399, 0.187127, 0.248876, 0.59682, 1, 

30,121,0.001, 0.0234395, 0.0390873, 0.0460126, 0.10239, 0.119161, 0.216399, 0.246362, 0.302584, 0.59682, 1, 

43,107,0.001, 0.0211516, 0.0392133, 0.0765168, 0.109886, 0.111185, 0.142228, 0.147769, 0.164878, 0.182603, 0.226503, 0.233886, 0.288066, 0.288066, 0.250962, 0.627717, 0.63203, 0.637202, 0.649053, 0.903182, 0.741608, 0.807409, 0.810516, 0.922613, 0.940965, 0.95317, 0.986705, 1, 

39,116,0.0234395, 0.0234395, 0.0390873, 0.0697975, 0.0460126, 0.10239, 0.111185, 0.147769, 0.164878, 0.182603, 0.226503, 0.233886, 0.288066, 0.627717, 0.63203, 0.637202, 0.649053, 0.741608, 0.807409, 0.810516, 0.922613, 0.940965, 0.95317, 0.986705, 1, 

Generation #20
32,118,0.001, 0.0259043, 0.0218816, 0.0456565, 0.126535, 0.171676, 0.223503, 0.360442, 0.462834, 0.365705, 0.45636, 0.667142, 0.690827, 0.859433, 0.884137, 1, 

26,125,0.0234395, 0.0390873, 0.0460126, 0.10239, 0.111185, 0.216399, 0.187127, 0.248876, 0.59682, 1, 

30,121,0.001, 0.0234395, 0.0390873, 0.0460126, 0.10239, 0.119161, 0.216399, 0.246362, 0.302584, 0.59682, 1, 

43,107,0.001, 0.0211516, 0.0392133, 0.0765168, 0.109886, 0.111185, 0.142228, 0.147769, 0.164878, 0.182603, 0.226503, 0.233886, 0.288066, 0.288066, 0.250962, 0.627717, 0.63203, 0.637202, 0.649053, 0.903182, 0.741608, 0.807409, 0.810516, 0.922613, 0.940965, 0.95317, 0.986705, 1, 

39,116,0.0234395, 0.0234395, 0.0390873, 0.0697975, 0.0460126, 0.10239, 0.111185, 0.147769, 0.164878, 0.182603, 0.226503, 0.233886, 0.288066, 0.627717, 0.63203, 0.637202, 0.649053, 0.741608, 0.807409, 0.810516, 0.922613, 0.940965, 0.95317, 0.986705, 1, 

33,117,0.0234395, 0.0234395, 0.0390873, 0.0456565, 0.10239, 0.111185, 0.134715, 0.142228, 0.147769, 0.164878, 0.182603, 0.690827, 0.859433, 0.884137, 1, 

29,123,0.001, 0.0259043, 0.0218816, 0.0456565, 0.126535, 0.171676, 0.223503, 0.246362, 0.302584, 0.59682, 1, 

Generation #21
32,118,0.001, 0.0259043, 0.0218816, 0.0456565, 0.126535, 0.171676, 0.223503, 0.360442, 0.462834, 0.365705, 0.45636, 0.667142, 0.690827, 0.859433, 0.884137, 1, 

26,125,0.0234395, 0.0390873, 0.0460126, 0.10239, 0.111185, 0.216399, 0.187127, 0.248876, 0.59682, 1, 

30,121,0.001, 0.0234395, 0.0390873, 0.0460126, 0.10239, 0.119161, 0.216399, 0.246362, 0.302584, 0.59682, 1, 

43,107,0.001, 0.0211516, 0.0392133, 0.0765168, 0.109886, 0.111185, 0.142228, 0.147769, 0.164878, 0.182603, 0.226503, 0.233886, 0.288066, 0.288066, 0.250962, 0.627717, 0.63203, 0.637202, 0.649053, 0.903182, 0.741608, 0.807409, 0.810516, 0.922613, 0.940965, 0.95317, 0.986705, 1, 

39,116,0.0234395, 0.0234395, 0.0390873, 0.0697975, 0.0460126, 0.10239, 0.111185, 0.147769, 0.164878, 0.182603, 0.226503, 0.233886, 0.288066, 0.627717, 0.63203, 0.637202, 0.649053, 0.741608, 0.807409, 0.810516, 0.922613, 0.940965, 0.95317, 0.986705, 1, 

33,117,0.0234395, 0.0234395, 0.0390873, 0.0456565, 0.10239, 0.111185, 0.134715, 0.142228, 0.147769, 0.164878, 0.182603, 0.690827, 0.859433, 0.884137, 1, 

28,123,0.001, 0.0211516, 0.0218816, 0.0456565, 0.10239, 0.111185, 0.134715, 0.142228, 0.302584, 0.59682, 1, 

Generation #22
26,125,0.0234395, 0.0390873, 0.0460126, 0.10239, 0.111185, 0.216399, 0.187127, 0.248876, 0.59682, 1, 

30,121,0.001, 0.0234395, 0.0390873, 0.0460126, 0.10239, 0.119161, 0.216399, 0.246362, 0.302584, 0.59682, 1, 

43,107,0.001, 0.0211516, 0.0392133, 0.0765168, 0.109886, 0.111185, 0.142228, 0.147769, 0.164878, 0.182603, 0.226503, 0.233886, 0.288066, 0.288066, 0.250962, 0.627717, 0.63203, 0.637202, 0.649053, 0.903182, 0.741608, 0.807409, 0.810516, 0.922613, 0.940965, 0.95317, 0.986705, 1, 

28,123,0.001, 0.0211516, 0.0218816, 0.0456565, 0.10239, 0.111185, 0.134715, 0.142228, 0.302584, 0.59682, 1, 

31,115,0.001, 0.0266537, 0.037516, 0.040253, 0.075425, 0.111185, 0.134715, 0.142228, 0.147769, 0.164878, 0.182603, 0.690827, 0.859433, 0.884137, 1, 

Generation #23
26,125,0.0234395, 0.0390873, 0.0460126, 0.10239, 0.111185, 0.216399, 0.187127, 0.248876, 0.59682, 1, 

30,121,0.001, 0.0234395, 0.0390873, 0.0460126, 0.10239, 0.119161, 0.216399, 0.246362, 0.302584, 0.59682, 1, 

43,107,0.001, 0.0211516, 0.0392133, 0.0765168, 0.109886, 0.111185, 0.142228, 0.147769, 0.164878, 0.182603, 0.226503, 0.233886, 0.288066, 0.288066, 0.250962, 0.627717, 0.63203, 0.637202, 0.649053, 0.903182, 0.741608, 0.807409, 0.810516, 0.922613, 0.940965, 0.95317, 0.986705, 1, 

28,123,0.001, 0.0211516, 0.0218816, 0.0456565, 0.10239, 0.111185, 0.134715, 0.142228, 0.302584, 0.59682, 1, 

31,115,0.001, 0.0266537, 0.037516, 0.040253, 0.075425, 0.111185, 0.134715, 0.142228, 0.147769, 0.164878, 0.182603, 0.690827, 0.859433, 0.884137, 1, 

Generation #24
26,125,0.0234395, 0.0390873, 0.0460126, 0.10239, 0.111185, 0.216399, 0.187127, 0.248876, 0.59682, 1, 

30,121,0.001, 0.0234395, 0.0390873, 0.0460126, 0.10239, 0.119161, 0.216399, 0.246362, 0.302584, 0.59682, 1, 

43,107,0.001, 0.0211516, 0.0392133, 0.0765168, 0.109886, 0.111185, 0.142228, 0.147769, 0.164878, 0.182603, 0.226503, 0.233886, 0.288066, 0.288066, 0.250962, 0.627717, 0.63203, 0.637202, 0.649053, 0.903182, 0.741608, 0.807409, 0.810516, 0.922613, 0.940965, 0.95317, 0.986705, 1, 

28,123,0.001, 0.0211516, 0.0218816, 0.0456565, 0.10239, 0.111185, 0.134715, 0.142228, 0.302584, 0.59682, 1, 

31,115,0.001, 0.0266537, 0.037516, 0.040253, 0.075425, 0.111185, 0.134715, 0.142228, 0.147769, 0.164878, 0.182603, 0.690827, 0.859433, 0.884137, 1, 

Generation #25
26,125,0.0234395, 0.0390873, 0.0460126, 0.10239, 0.111185, 0.216399, 0.187127, 0.248876, 0.59682, 1, 

30,121,0.001, 0.0234395, 0.0390873, 0.0460126, 0.10239, 0.119161, 0.216399, 0.246362, 0.302584, 0.59682, 1, 

43,107,0.001, 0.0211516, 0.0392133, 0.0765168, 0.109886, 0.111185, 0.142228, 0.147769, 0.164878, 0.182603, 0.226503, 0.233886, 0.288066, 0.288066, 0.250962, 0.627717, 0.63203, 0.637202, 0.649053, 0.903182, 0.741608, 0.807409, 0.810516, 0.922613, 0.940965, 0.95317, 0.986705, 1, 

28,123,0.001, 0.0211516, 0.0218816, 0.0456565, 0.10239, 0.111185, 0.134715, 0.142228, 0.302584, 0.59682, 1, 

31,115,0.001, 0.0266537, 0.037516, 0.040253, 0.075425, 0.111185, 0.134715, 0.142228, 0.147769, 0.164878, 0.182603, 0.690827, 0.859433, 0.884137, 1, 

Generation #26
26,125,0.0234395, 0.0390873, 0.0460126, 0.10239, 0.111185, 0.216399, 0.187127, 0.248876, 0.59682, 1, 

30,121,0.001, 0.0234395, 0.0390873, 0.0460126, 0.10239, 0.119161, 0.216399, 0.246362, 0.302584, 0.59682, 1, 

43,107,0.001, 0.0211516, 0.0392133, 0.0765168, 0.109886, 0.111185, 0.142228, 0.147769, 0.164878, 0.182603, 0.226503, 0.233886, 0.288066, 0.288066, 0.250962, 0.627717, 0.63203, 0.637202, 0.649053, 0.903182, 0.741608, 0.807409, 0.810516, 0.922613, 0.940965, 0.95317, 0.986705, 1, 

28,123,0.001, 0.0211516, 0.0218816, 0.0456565, 0.10239, 0.111185, 0.134715, 0.142228, 0.302584, 0.59682, 1, 

31,115,0.001, 0.0266537, 0.037516, 0.040253, 0.075425, 0.111185, 0.134715, 0.142228, 0.147769, 0.164878, 0.182603, 0.690827, 0.859433, 0.884137, 1, 

Generation #27
26,125,0.0234395, 0.0390873, 0.0460126, 0.10239, 0.111185, 0.216399, 0.187127, 0.248876, 0.59682, 1, 

30,121,0.001, 0.0234395, 0.0390873, 0.0460126, 0.10239, 0.119161, 0.216399, 0.246362, 0.302584, 0.59682, 1, 

43,107,0.001, 0.0211516, 0.0392133, 0.0765168, 0.109886, 0.111185, 0.142228, 0.147769, 0.164878, 0.182603, 0.226503, 0.233886, 0.288066, 0.288066, 0.250962, 0.627717, 0.63203, 0.637202, 0.649053, 0.903182, 0.741608, 0.807409, 0.810516, 0.922613, 0.940965, 0.95317, 0.986705, 1, 

28,123,0.001, 0.0211516, 0.0218816, 0.0456565, 0.10239, 0.111185, 0.134715, 0.142228, 0.302584, 0.59682, 1, 

31,115,0.001, 0.0266537, 0.037516, 0.040253, 0.075425, 0.111185, 0.134715, 0.142228, 0.147769, 0.164878, 0.182603, 0.690827, 0.859433, 0.884137, 1, 

Generation #28
26,125,0.0234395, 0.0390873, 0.0460126, 0.10239, 0.111185, 0.216399, 0.187127, 0.248876, 0.59682, 1, 

30,121,0.001, 0.0234395, 0.0390873, 0.0460126, 0.10239, 0.119161, 0.216399, 0.246362, 0.302584, 0.59682, 1, 

43,107,0.001, 0.0211516, 0.0392133, 0.0765168, 0.109886, 0.111185, 0.142228, 0.147769, 0.164878, 0.182603, 0.226503, 0.233886, 0.288066, 0.288066, 0.250962, 0.627717, 0.63203, 0.637202, 0.649053, 0.903182, 0.741608, 0.807409, 0.810516, 0.922613, 0.940965, 0.95317, 0.986705, 1, 

28,123,0.001, 0.0211516, 0.0218816, 0.0456565, 0.10239, 0.111185, 0.134715, 0.142228, 0.302584, 0.59682, 1, 

31,115,0.001, 0.0266537, 0.037516, 0.040253, 0.075425, 0.111185, 0.134715, 0.142228, 0.147769, 0.164878, 0.182603, 0.690827, 0.859433, 0.884137, 1, 

33,113,0.001, 0.0234395, 0.0218816, 0.0456565, 0.10239, 0.111185, 0.134715, 0.142228, 0.147769, 0.164878, 0.182603, 0.690827, 0.859433, 0.884137, 1, 

25,152,0.001, 0.0234395, 0.0390873, 0.0460126, 0.111185, 0.134715, 0.248876, 0.59682, 1, 

Generation #29
26,125,0.0234395, 0.0390873, 0.0460126, 0.10239, 0.111185, 0.216399, 0.187127, 0.248876, 0.59682, 1, 

43,107,0.001, 0.0211516, 0.0392133, 0.0765168, 0.109886, 0.111185, 0.142228, 0.147769, 0.164878, 0.182603, 0.226503, 0.233886, 0.288066, 0.288066, 0.250962, 0.627717, 0.63203, 0.637202, 0.649053, 0.903182, 0.741608, 0.807409, 0.810516, 0.922613, 0.940965, 0.95317, 0.986705, 1, 

28,123,0.001, 0.0211516, 0.0218816, 0.0456565, 0.10239, 0.111185, 0.134715, 0.142228, 0.302584, 0.59682, 1, 

31,115,0.001, 0.0266537, 0.037516, 0.040253, 0.075425, 0.111185, 0.134715, 0.142228, 0.147769, 0.164878, 0.182603, 0.690827, 0.859433, 0.884137, 1, 

33,113,0.001, 0.0234395, 0.0218816, 0.0456565, 0.10239, 0.111185, 0.134715, 0.142228, 0.147769, 0.164878, 0.182603, 0.690827, 0.859433, 0.884137, 1, 

25,152,0.001, 0.0234395, 0.0390873, 0.0460126, 0.111185, 0.134715, 0.248876, 0.59682, 1, 

29,120,0.001, 0.0266537, 0.0390873, 0.0460126, 0.10239, 0.111185, 0.187127, 0.248876, 0.59682, 1, 

Generation #30
26,125,0.0234395, 0.0390873, 0.0460126, 0.10239, 0.111185, 0.216399, 0.187127, 0.248876, 0.59682, 1, 

43,107,0.001, 0.0211516, 0.0392133, 0.0765168, 0.109886, 0.111185, 0.142228, 0.147769, 0.164878, 0.182603, 0.226503, 0.233886, 0.288066, 0.288066, 0.250962, 0.627717, 0.63203, 0.637202, 0.649053, 0.903182, 0.741608, 0.807409, 0.810516, 0.922613, 0.940965, 0.95317, 0.986705, 1, 

28,123,0.001, 0.0211516, 0.0218816, 0.0456565, 0.10239, 0.111185, 0.134715, 0.142228, 0.302584, 0.59682, 1, 

31,115,0.001, 0.0266537, 0.037516, 0.040253, 0.075425, 0.111185, 0.134715, 0.142228, 0.147769, 0.164878, 0.182603, 0.690827, 0.859433, 0.884137, 1, 

33,113,0.001, 0.0234395, 0.0218816, 0.0456565, 0.10239, 0.111185, 0.134715, 0.142228, 0.147769, 0.164878, 0.182603, 0.690827, 0.859433, 0.884137, 1, 

25,152,0.001, 0.0234395, 0.0390873, 0.0460126, 0.111185, 0.134715, 0.248876, 0.59682, 1, 

29,120,0.001, 0.0266537, 0.0390873, 0.0460126, 0.10239, 0.111185, 0.187127, 0.248876, 0.59682, 1, 

Generation #31
26,125,0.0234395, 0.0390873, 0.0460126, 0.10239, 0.111185, 0.216399, 0.187127, 0.248876, 0.59682, 1, 

25,152,0.001, 0.0234395, 0.0390873, 0.0460126, 0.111185, 0.134715, 0.248876, 0.59682, 1, 

28,106,0.0234395, 0.0234395, 0.0390873, 0.0697975, 0.0460126, 0.10239, 0.111185, 0.147769, 0.164878, 0.182603, 1, 

Generation #32
25,152,0.001, 0.0234395, 0.0390873, 0.0460126, 0.111185, 0.134715, 0.248876, 0.59682, 1, 

28,106,0.0234395, 0.0234395, 0.0390873, 0.0697975, 0.0460126, 0.10239, 0.111185, 0.147769, 0.164878, 0.182603, 1, 

26,111,0.001, 0.0259043, 0.0218816, 0.0456565, 0.126535, 0.171676, 0.223503, 0.246362, 0.302584, 0.59682, 1, 

Generation #33
25,152,0.001, 0.0234395, 0.0390873, 0.0460126, 0.111185, 0.134715, 0.248876, 0.59682, 1, 

28,106,0.0234395, 0.0234395, 0.0390873, 0.0697975, 0.0460126, 0.10239, 0.111185, 0.147769, 0.164878, 0.182603, 1, 

26,111,0.001, 0.0259043, 0.0218816, 0.0456565, 0.126535, 0.171676, 0.223503, 0.246362, 0.302584, 0.59682, 1, 

Generation #34
25,152,0.001, 0.0234395, 0.0390873, 0.0460126, 0.111185, 0.134715, 0.248876, 0.59682, 1, 

28,106,0.0234395, 0.0234395, 0.0390873, 0.0697975, 0.0460126, 0.10239, 0.111185, 0.147769, 0.164878, 0.182603, 1, 

26,111,0.001, 0.0259043, 0.0218816, 0.0456565, 0.126535, 0.171676, 0.223503, 0.246362, 0.302584, 0.59682, 1, 

Generation #35
25,152,0.001, 0.0234395, 0.0390873, 0.0460126, 0.111185, 0.134715, 0.248876, 0.59682, 1, 

28,106,0.0234395, 0.0234395, 0.0390873, 0.0697975, 0.0460126, 0.10239, 0.111185, 0.147769, 0.164878, 0.182603, 1, 

26,111,0.001, 0.0259043, 0.0218816, 0.0456565, 0.126535, 0.171676, 0.223503, 0.246362, 0.302584, 0.59682, 1, 

Generation #36
25,152,0.001, 0.0234395, 0.0390873, 0.0460126, 0.111185, 0.134715, 0.248876, 0.59682, 1, 

28,106,0.0234395, 0.0234395, 0.0390873, 0.0697975, 0.0460126, 0.10239, 0.111185, 0.147769, 0.164878, 0.182603, 1, 

26,111,0.001, 0.0259043, 0.0218816, 0.0456565, 0.126535, 0.171676, 0.223503, 0.246362, 0.302584, 0.59682, 1, 

Generation #37
25,152,0.001, 0.0234395, 0.0390873, 0.0460126, 0.111185, 0.134715, 0.248876, 0.59682, 1, 

28,106,0.0234395, 0.0234395, 0.0390873, 0.0697975, 0.0460126, 0.10239, 0.111185, 0.147769, 0.164878, 0.182603, 1, 

26,111,0.001, 0.0259043, 0.0218816, 0.0456565, 0.126535, 0.171676, 0.223503, 0.246362, 0.302584, 0.59682, 1, 

31,105,0.001, 0.0211516, 0.0218816, 0.0456565, 0.10239, 0.111185, 0.134715, 0.142228, 0.164878, 0.59682, 0.226503, 0.667142, 0.690827, 0.884137, 1, 

Generation #38
25,152,0.001, 0.0234395, 0.0390873, 0.0460126, 0.111185, 0.134715, 0.248876, 0.59682, 1, 

28,106,0.0234395, 0.0234395, 0.0390873, 0.0697975, 0.0460126, 0.10239, 0.111185, 0.147769, 0.164878, 0.182603, 1, 

26,111,0.001, 0.0259043, 0.0218816, 0.0456565, 0.126535, 0.171676, 0.223503, 0.246362, 0.302584, 0.59682, 1, 

31,105,0.001, 0.0211516, 0.0218816, 0.0456565, 0.10239, 0.111185, 0.134715, 0.142228, 0.164878, 0.59682, 0.226503, 0.667142, 0.690827, 0.884137, 1, 

Generation #39
25,152,0.001, 0.0234395, 0.0390873, 0.0460126, 0.111185, 0.134715, 0.248876, 0.59682, 1, 

28,106,0.0234395, 0.0234395, 0.0390873, 0.0697975, 0.0460126, 0.10239, 0.111185, 0.147769, 0.164878, 0.182603, 1, 

26,111,0.001, 0.0259043, 0.0218816, 0.0456565, 0.126535, 0.171676, 0.223503, 0.246362, 0.302584, 0.59682, 1, 

31,105,0.001, 0.0211516, 0.0218816, 0.0456565, 0.10239, 0.111185, 0.134715, 0.142228, 0.164878, 0.59682, 0.226503, 0.667142, 0.690827, 0.884137, 1, 

Generation #40
25,152,0.001, 0.0234395, 0.0390873, 0.0460126, 0.111185, 0.134715, 0.248876, 0.59682, 1, 

28,106,0.0234395, 0.0234395, 0.0390873, 0.0697975, 0.0460126, 0.10239, 0.111185, 0.147769, 0.164878, 0.182603, 1, 

26,111,0.001, 0.0259043, 0.0218816, 0.0456565, 0.126535, 0.171676, 0.223503, 0.246362, 0.302584, 0.59682, 1, 

31,105,0.001, 0.0211516, 0.0218816, 0.0456565, 0.10239, 0.111185, 0.134715, 0.142228, 0.164878, 0.59682, 0.226503, 0.667142, 0.690827, 0.884137, 1, 

Generation #41
25,152,0.001, 0.0234395, 0.0390873, 0.0460126, 0.111185, 0.134715, 0.248876, 0.59682, 1, 

28,106,0.0234395, 0.0234395, 0.0390873, 0.0697975, 0.0460126, 0.10239, 0.111185, 0.147769, 0.164878, 0.182603, 1, 

26,111,0.001, 0.0259043, 0.0218816, 0.0456565, 0.126535, 0.171676, 0.223503, 0.246362, 0.302584, 0.59682, 1, 

31,105,0.001, 0.0211516, 0.0218816, 0.0456565, 0.10239, 0.111185, 0.134715, 0.142228, 0.164878, 0.59682, 0.226503, 0.667142, 0.690827, 0.884137, 1, 

Generation #42
25,152,0.001, 0.0234395, 0.0390873, 0.0460126, 0.111185, 0.134715, 0.248876, 0.59682, 1, 

28,106,0.0234395, 0.0234395, 0.0390873, 0.0697975, 0.0460126, 0.10239, 0.111185, 0.147769, 0.164878, 0.182603, 1, 

26,111,0.001, 0.0259043, 0.0218816, 0.0456565, 0.126535, 0.171676, 0.223503, 0.246362, 0.302584, 0.59682, 1, 

31,105,0.001, 0.0211516, 0.0218816, 0.0456565, 0.10239, 0.111185, 0.134715, 0.142228, 0.164878, 0.59682, 0.226503, 0.667142, 0.690827, 0.884137, 1, 

Generation #43
25,152,0.001, 0.0234395, 0.0390873, 0.0460126, 0.111185, 0.134715, 0.248876, 0.59682, 1, 

28,106,0.0234395, 0.0234395, 0.0390873, 0.0697975, 0.0460126, 0.10239, 0.111185, 0.147769, 0.164878, 0.182603, 1, 

26,111,0.001, 0.0259043, 0.0218816, 0.0456565, 0.126535, 0.171676, 0.223503, 0.246362, 0.302584, 0.59682, 1, 

31,105,0.001, 0.0211516, 0.0218816, 0.0456565, 0.10239, 0.111185, 0.134715, 0.142228, 0.164878, 0.59682, 0.226503, 0.667142, 0.690827, 0.884137, 1, 

Generation #44
25,152,0.001, 0.0234395, 0.0390873, 0.0460126, 0.111185, 0.134715, 0.248876, 0.59682, 1, 

28,106,0.0234395, 0.0234395, 0.0390873, 0.0697975, 0.0460126, 0.10239, 0.111185, 0.147769, 0.164878, 0.182603, 1, 

26,111,0.001, 0.0259043, 0.0218816, 0.0456565, 0.126535, 0.171676, 0.223503, 0.246362, 0.302584, 0.59682, 1, 

31,105,0.001, 0.0211516, 0.0218816, 0.0456565, 0.10239, 0.111185, 0.134715, 0.142228, 0.164878, 0.59682, 0.226503, 0.667142, 0.690827, 0.884137, 1, 

Generation #45
25,152,0.001, 0.0234395, 0.0390873, 0.0460126, 0.111185, 0.134715, 0.248876, 0.59682, 1, 

28,106,0.0234395, 0.0234395, 0.0390873, 0.0697975, 0.0460126, 0.10239, 0.111185, 0.147769, 0.164878, 0.182603, 1, 

26,111,0.001, 0.0259043, 0.0218816, 0.0456565, 0.126535, 0.171676, 0.223503, 0.246362, 0.302584, 0.59682, 1, 

31,105,0.001, 0.0211516, 0.0218816, 0.0456565, 0.10239, 0.111185, 0.134715, 0.142228, 0.164878, 0.59682, 0.226503, 0.667142, 0.690827, 0.884137, 1, 

Generation #46
25,152,0.001, 0.0234395, 0.0390873, 0.0460126, 0.111185, 0.134715, 0.248876, 0.59682, 1, 

28,106,0.0234395, 0.0234395, 0.0390873, 0.0697975, 0.0460126, 0.10239, 0.111185, 0.147769, 0.164878, 0.182603, 1, 

26,111,0.001, 0.0259043, 0.0218816, 0.0456565, 0.126535, 0.171676, 0.223503, 0.246362, 0.302584, 0.59682, 1, 

31,105,0.001, 0.0211516, 0.0218816, 0.0456565, 0.10239, 0.111185, 0.134715, 0.142228, 0.164878, 0.59682, 0.226503, 0.667142, 0.690827, 0.884137, 1, 

Generation #47
25,152,0.001, 0.0234395, 0.0390873, 0.0460126, 0.111185, 0.134715, 0.248876, 0.59682, 1, 

28,106,0.0234395, 0.0234395, 0.0390873, 0.0697975, 0.0460126, 0.10239, 0.111185, 0.147769, 0.164878, 0.182603, 1, 

26,111,0.001, 0.0259043, 0.0218816, 0.0456565, 0.126535, 0.171676, 0.223503, 0.246362, 0.302584, 0.59682, 1, 

31,105,0.001, 0.0211516, 0.0218816, 0.0456565, 0.10239, 0.111185, 0.134715, 0.142228, 0.164878, 0.59682, 0.226503, 0.667142, 0.690827, 0.884137, 1, 

Generation #48
25,152,0.001, 0.0234395, 0.0390873, 0.0460126, 0.111185, 0.134715, 0.248876, 0.59682, 1, 

28,106,0.0234395, 0.0234395, 0.0390873, 0.0697975, 0.0460126, 0.10239, 0.111185, 0.147769, 0.164878, 0.182603, 1, 

26,111,0.001, 0.0259043, 0.0218816, 0.0456565, 0.126535, 0.171676, 0.223503, 0.246362, 0.302584, 0.59682, 1, 

31,105,0.001, 0.0211516, 0.0218816, 0.0456565, 0.10239, 0.111185, 0.134715, 0.142228, 0.164878, 0.59682, 0.226503, 0.667142, 0.690827, 0.884137, 1, 

Generation #49
25,152,0.001, 0.0234395, 0.0390873, 0.0460126, 0.111185, 0.134715, 0.248876, 0.59682, 1, 

28,106,0.0234395, 0.0234395, 0.0390873, 0.0697975, 0.0460126, 0.10239, 0.111185, 0.147769, 0.164878, 0.182603, 1, 

26,111,0.001, 0.0259043, 0.0218816, 0.0456565, 0.126535, 0.171676, 0.223503, 0.246362, 0.302584, 0.59682, 1, 

31,105,0.001, 0.0211516, 0.0218816, 0.0456565, 0.10239, 0.111185, 0.134715, 0.142228, 0.164878, 0.59682, 0.226503, 0.667142, 0.690827, 0.884137, 1, 

--- Pareto Front Solutions ---
Solution 0: N total=49 (N_initial=24, N_added=25), Time total=154 ms, Saved to: ./results/SPINS_t2_l1_pareto_0.csv, percents=0.001, 0.0234395, 0.0390873, 0.0460126, 0.111185, 0.134715, 0.248876, 0.59682, 1, 

Solution 1: N total=52 (N_initial=24, N_added=28), Time total=108 ms, Saved to: ./results/SPINS_t2_l1_pareto_1.csv, percents=0.0234395, 0.0234395, 0.0390873, 0.0697975, 0.0460126, 0.10239, 0.111185, 0.147769, 0.164878, 0.182603, 1, 

Solution 2: N total=50 (N_initial=24, N_added=26), Time total=113 ms, Saved to: ./results/SPINS_t2_l1_pareto_2.csv, percents=0.001, 0.0259043, 0.0218816, 0.0456565, 0.126535, 0.171676, 0.223503, 0.246362, 0.302584, 0.59682, 1, 

Solution 3: N total=55 (N_initial=24, N_added=31), Time total=107 ms, Saved to: ./results/SPINS_t2_l1_pareto_3.csv, percents=0.001, 0.0211516, 0.0218816, 0.0456565, 0.10239, 0.111185, 0.134715, 0.142228, 0.164878, 0.59682, 0.226503, 0.667142, 0.690827, 0.884137, 1, 

------------d=1, t=2, lambda=2, filename=./evaluation/SPINS/SPINS_2_2.csv------------
Grouping d-sets by partitioned row counts for detecting arrays...
Ready to look at pairs for detecting arrays...
First Stage N=32, Time=2
There are 1010 remaining non-locating pairs
--- Running GA Algorithm (phase2) ---
Running GA with std::execution::par
Generation #0
30,250,0.001, 0.113887, 0.170232, 0.179379, 0.237351, 0.318708, 0.405395, 0.438362, 0.698715, 0.876705, 1, 

41,145,0.001, 0.0190538, 0.019057, 0.0393635, 0.103278, 0.108195, 0.19433, 0.219594, 0.22091, 0.371833, 0.407942, 0.461577, 0.474217, 0.476424, 0.577874, 0.580299, 0.611322, 0.61874, 0.685275, 0.780642, 0.887878, 0.950084, 0.963527, 0.979907, 1, 

33,176,0.001, 0.0192611, 0.0265706, 0.0344361, 0.191554, 0.220402, 0.231165, 0.270266, 0.286165, 0.384876, 0.634305, 0.66818, 0.696628, 0.732446, 0.73489, 0.831677, 0.839082, 1, 

44,107,0.001, 0.0273679, 0.0434116, 0.0792703, 0.106187, 0.112127, 0.1824, 0.258229, 0.275331, 0.357553, 0.416332, 0.451047, 0.518952, 0.538524, 0.572754, 0.60898, 0.643714, 0.768937, 0.776106, 0.778538, 0.785143, 0.789986, 0.804531, 0.909237, 0.926672, 0.932266, 1, 

29,337,0.001, 0.151902, 0.275728, 0.433817, 0.452103, 0.577327, 0.686253, 0.80906, 0.831216, 0.944475, 1, 

38,156,0.001, 0.0607335, 0.0680651, 0.122475, 0.176796, 0.185472, 0.281305, 0.436117, 0.558942, 0.566632, 0.577269, 0.585721, 0.826119, 0.828047, 0.871175, 0.921364, 0.936376, 0.946879, 0.951476, 1, 

Generation #1
30,93,0.001, 0.0247441, 0.0293718, 0.0588033, 0.0804743, 0.143452, 0.212933, 0.247483, 0.378527, 0.39742, 0.409763, 0.444682, 0.985134, 1, 

26,158,0.001, 0.0607335, 0.0680651, 0.122475, 0.176796, 0.185472, 0.582534, 0.63701, 0.848824, 0.929013, 1, 

Generation #2
26,158,0.001, 0.0607335, 0.0680651, 0.122475, 0.176796, 0.185472, 0.582534, 0.63701, 0.848824, 0.929013, 1, 

27,84,0.001, 0.0247441, 0.0293718, 0.0588033, 0.0804743, 0.143452, 0.212933, 0.247483, 0.378527, 0.39742, 1, 

Generation #3
27,84,0.001, 0.0247441, 0.0293718, 0.0588033, 0.0804743, 0.143452, 0.212933, 0.247483, 0.378527, 0.39742, 1, 

25,123,0.001, 0.0324975, 0.0751111, 0.105646, 0.191397, 0.19433, 0.219594, 1, 

Generation #4
27,84,0.001, 0.0247441, 0.0293718, 0.0588033, 0.0804743, 0.143452, 0.212933, 0.247483, 0.378527, 0.39742, 1, 

25,123,0.001, 0.0324975, 0.0751111, 0.105646, 0.191397, 0.19433, 0.219594, 1, 

Generation #5
27,84,0.001, 0.0247441, 0.0293718, 0.0588033, 0.0804743, 0.143452, 0.212933, 0.247483, 0.378527, 0.39742, 1, 

25,123,0.001, 0.0324975, 0.0751111, 0.105646, 0.191397, 0.19433, 0.219594, 1, 

Generation #6
27,84,0.001, 0.0247441, 0.0293718, 0.0588033, 0.0804743, 0.143452, 0.212933, 0.247483, 0.378527, 0.39742, 1, 

25,88,0.001, 0.0190538, 0.019057, 0.0393635, 0.103278, 0.108195, 0.19433, 0.219594, 0.75977, 1, 

Generation #7
27,84,0.001, 0.0247441, 0.0293718, 0.0588033, 0.0804743, 0.143452, 0.212933, 0.247483, 0.378527, 0.39742, 1, 

25,88,0.001, 0.0190538, 0.019057, 0.0393635, 0.103278, 0.108195, 0.19433, 0.219594, 0.75977, 1, 

Generation #8
27,84,0.001, 0.0247441, 0.0293718, 0.0588033, 0.0804743, 0.143452, 0.212933, 0.247483, 0.378527, 0.39742, 1, 

25,88,0.001, 0.0190538, 0.019057, 0.0393635, 0.103278, 0.108195, 0.19433, 0.219594, 0.75977, 1, 

32,79,0.001, 0.0247441, 0.0293718, 0.0588033, 0.0804743, 0.143452, 0.212933, 0.247483, 0.252074, 0.253371, 0.256633, 0.261675, 0.262633, 0.270112, 0.386134, 1, 

Generation #9
27,84,0.001, 0.0247441, 0.0293718, 0.0588033, 0.0804743, 0.143452, 0.212933, 0.247483, 0.378527, 0.39742, 1, 

25,88,0.001, 0.0190538, 0.019057, 0.0393635, 0.103278, 0.108195, 0.19433, 0.219594, 0.75977, 1, 

32,79,0.001, 0.0247441, 0.0293718, 0.0588033, 0.0804743, 0.143452, 0.212933, 0.247483, 0.252074, 0.253371, 0.256633, 0.261675, 0.262633, 0.270112, 0.386134, 1, 

24,200,0.001, 0.0190538, 0.019057, 0.0393635, 0.103278, 0.19433, 0.219594, 1, 

Generation #10
27,84,0.001, 0.0247441, 0.0293718, 0.0588033, 0.0804743, 0.143452, 0.212933, 0.247483, 0.378527, 0.39742, 1, 

25,88,0.001, 0.0190538, 0.019057, 0.0393635, 0.103278, 0.108195, 0.19433, 0.219594, 0.75977, 1, 

32,79,0.001, 0.0247441, 0.0293718, 0.0588033, 0.0804743, 0.143452, 0.212933, 0.247483, 0.252074, 0.253371, 0.256633, 0.261675, 0.262633, 0.270112, 0.386134, 1, 

24,200,0.001, 0.0190538, 0.019057, 0.0393635, 0.103278, 0.19433, 0.219594, 1, 

29,82,0.001, 0.0404583, 0.0479492, 0.0577381, 0.070852, 0.0968304, 0.116016, 0.129764, 0.252074, 0.694517, 0.781319, 0.989315, 1, 

Generation #11
27,84,0.001, 0.0247441, 0.0293718, 0.0588033, 0.0804743, 0.143452, 0.212933, 0.247483, 0.378527, 0.39742, 1, 

25,88,0.001, 0.0190538, 0.019057, 0.0393635, 0.103278, 0.108195, 0.19433, 0.219594, 0.75977, 1, 

32,79,0.001, 0.0247441, 0.0293718, 0.0588033, 0.0804743, 0.143452, 0.212933, 0.247483, 0.252074, 0.253371, 0.256633, 0.261675, 0.262633, 0.270112, 0.386134, 1, 

24,200,0.001, 0.0190538, 0.019057, 0.0393635, 0.103278, 0.19433, 0.219594, 1, 

29,82,0.001, 0.0404583, 0.0479492, 0.0577381, 0.070852, 0.0968304, 0.116016, 0.129764, 0.252074, 0.694517, 0.781319, 0.989315, 1, 

Generation #12
27,84,0.001, 0.0247441, 0.0293718, 0.0588033, 0.0804743, 0.143452, 0.212933, 0.247483, 0.378527, 0.39742, 1, 

25,88,0.001, 0.0190538, 0.019057, 0.0393635, 0.103278, 0.108195, 0.19433, 0.219594, 0.75977, 1, 

32,79,0.001, 0.0247441, 0.0293718, 0.0588033, 0.0804743, 0.143452, 0.212933, 0.247483, 0.252074, 0.253371, 0.256633, 0.261675, 0.262633, 0.270112, 0.386134, 1, 

29,82,0.001, 0.0404583, 0.0479492, 0.0577381, 0.070852, 0.0968304, 0.116016, 0.129764, 0.252074, 0.694517, 0.781319, 0.989315, 1, 

24,109,0.001, 0.0240935, 0.019057, 0.0393635, 0.103278, 0.108195, 0.19433, 0.219594, 0.698715, 1, 

Generation #13
27,84,0.001, 0.0247441, 0.0293718, 0.0588033, 0.0804743, 0.143452, 0.212933, 0.247483, 0.378527, 0.39742, 1, 

25,88,0.001, 0.0190538, 0.019057, 0.0393635, 0.103278, 0.108195, 0.19433, 0.219594, 0.75977, 1, 

32,79,0.001, 0.0247441, 0.0293718, 0.0588033, 0.0804743, 0.143452, 0.212933, 0.247483, 0.252074, 0.253371, 0.256633, 0.261675, 0.262633, 0.270112, 0.386134, 1, 

29,82,0.001, 0.0404583, 0.0479492, 0.0577381, 0.070852, 0.0968304, 0.116016, 0.129764, 0.252074, 0.694517, 0.781319, 0.989315, 1, 

24,109,0.001, 0.0240935, 0.019057, 0.0393635, 0.103278, 0.108195, 0.19433, 0.219594, 0.698715, 1, 

23,153,0.0324975, 0.0751111, 0.105646, 0.191397, 0.19433, 0.219594, 1, 

Generation #14
27,84,0.001, 0.0247441, 0.0293718, 0.0588033, 0.0804743, 0.143452, 0.212933, 0.247483, 0.378527, 0.39742, 1, 

25,88,0.001, 0.0190538, 0.019057, 0.0393635, 0.103278, 0.108195, 0.19433, 0.219594, 0.75977, 1, 

32,79,0.001, 0.0247441, 0.0293718, 0.0588033, 0.0804743, 0.143452, 0.212933, 0.247483, 0.252074, 0.253371, 0.256633, 0.261675, 0.262633, 0.270112, 0.386134, 1, 

29,82,0.001, 0.0404583, 0.0479492, 0.0577381, 0.070852, 0.0968304, 0.116016, 0.129764, 0.252074, 0.694517, 0.781319, 0.989315, 1, 

24,109,0.001, 0.0240935, 0.019057, 0.0393635, 0.103278, 0.108195, 0.19433, 0.219594, 0.698715, 1, 

23,153,0.0324975, 0.0751111, 0.105646, 0.191397, 0.19433, 0.219594, 1, 

Generation #15
27,84,0.001, 0.0247441, 0.0293718, 0.0588033, 0.0804743, 0.143452, 0.212933, 0.247483, 0.378527, 0.39742, 1, 

25,88,0.001, 0.0190538, 0.019057, 0.0393635, 0.103278, 0.108195, 0.19433, 0.219594, 0.75977, 1, 

32,79,0.001, 0.0247441, 0.0293718, 0.0588033, 0.0804743, 0.143452, 0.212933, 0.247483, 0.252074, 0.253371, 0.256633, 0.261675, 0.262633, 0.270112, 0.386134, 1, 

24,109,0.001, 0.0240935, 0.019057, 0.0393635, 0.103278, 0.108195, 0.19433, 0.219594, 0.698715, 1, 

23,153,0.0324975, 0.0751111, 0.105646, 0.191397, 0.19433, 0.219594, 1, 

29,81,0.001, 0.0247441, 0.0293718, 0.0588033, 0.0700201, 0.0968304, 0.116016, 0.129764, 0.252074, 0.253371, 1, 

Generation #16
27,84,0.001, 0.0247441, 0.0293718, 0.0588033, 0.0804743, 0.143452, 0.212933, 0.247483, 0.378527, 0.39742, 1, 

25,88,0.001, 0.0190538, 0.019057, 0.0393635, 0.103278, 0.108195, 0.19433, 0.219594, 0.75977, 1, 

32,79,0.001, 0.0247441, 0.0293718, 0.0588033, 0.0804743, 0.143452, 0.212933, 0.247483, 0.252074, 0.253371, 0.256633, 0.261675, 0.262633, 0.270112, 0.386134, 1, 

24,109,0.001, 0.0240935, 0.019057, 0.0393635, 0.103278, 0.108195, 0.19433, 0.219594, 0.698715, 1, 

23,153,0.0324975, 0.0751111, 0.105646, 0.191397, 0.19433, 0.219594, 1, 

29,81,0.001, 0.0247441, 0.0293718, 0.0588033, 0.0700201, 0.0968304, 0.116016, 0.129764, 0.252074, 0.253371, 1, 

43,75,0.001, 0.0190538, 0.019057, 0.0393635, 0.103278, 0.108195, 0.19433, 0.219594, 0.275331, 0.371833, 0.407942, 0.461577, 0.474217, 0.476424, 0.577874, 0.580299, 0.497148, 0.525915, 0.553629, 0.559021, 0.61908, 0.64264, 0.659248, 0.665334, 0.926672, 0.932266, 1, 

Generation #17
27,84,0.001, 0.0247441, 0.0293718, 0.0588033, 0.0804743, 0.143452, 0.212933, 0.247483, 0.378527, 0.39742, 1, 

25,88,0.001, 0.0190538, 0.019057, 0.0393635, 0.103278, 0.108195, 0.19433, 0.219594, 0.75977, 1, 

32,79,0.001, 0.0247441, 0.0293718, 0.0588033, 0.0804743, 0.143452, 0.212933, 0.247483, 0.252074, 0.253371, 0.256633, 0.261675, 0.262633, 0.270112, 0.386134, 1, 

24,109,0.001, 0.0240935, 0.019057, 0.0393635, 0.103278, 0.108195, 0.19433, 0.219594, 0.698715, 1, 

23,153,0.0324975, 0.0751111, 0.105646, 0.191397, 0.19433, 0.219594, 1, 

29,81,0.001, 0.0247441, 0.0293718, 0.0588033, 0.0700201, 0.0968304, 0.116016, 0.129764, 0.252074, 0.253371, 1, 

43,75,0.001, 0.0190538, 0.019057, 0.0393635, 0.103278, 0.108195, 0.19433, 0.219594, 0.275331, 0.371833, 0.407942, 0.461577, 0.474217, 0.476424, 0.577874, 0.580299, 0.497148, 0.525915, 0.553629, 0.559021, 0.61908, 0.64264, 0.659248, 0.665334, 0.926672, 0.932266, 1, 

Generation #18
27,84,0.001, 0.0247441, 0.0293718, 0.0588033, 0.0804743, 0.143452, 0.212933, 0.247483, 0.378527, 0.39742, 1, 

25,88,0.001, 0.0190538, 0.019057, 0.0393635, 0.103278, 0.108195, 0.19433, 0.219594, 0.75977, 1, 

32,79,0.001, 0.0247441, 0.0293718, 0.0588033, 0.0804743, 0.143452, 0.212933, 0.247483, 0.252074, 0.253371, 0.256633, 0.261675, 0.262633, 0.270112, 0.386134, 1, 

24,109,0.001, 0.0240935, 0.019057, 0.0393635, 0.103278, 0.108195, 0.19433, 0.219594, 0.698715, 1, 

23,153,0.0324975, 0.0751111, 0.105646, 0.191397, 0.19433, 0.219594, 1, 

29,81,0.001, 0.0247441, 0.0293718, 0.0588033, 0.0700201, 0.0968304, 0.116016, 0.129764, 0.252074, 0.253371, 1, 

43,75,0.001, 0.0190538, 0.019057, 0.0393635, 0.103278, 0.108195, 0.19433, 0.219594, 0.275331, 0.371833, 0.407942, 0.461577, 0.474217, 0.476424, 0.577874, 0.580299, 0.497148, 0.525915, 0.553629, 0.559021, 0.61908, 0.64264, 0.659248, 0.665334, 0.926672, 0.932266, 1, 

Generation #19
27,84,0.001, 0.0247441, 0.0293718, 0.0588033, 0.0804743, 0.143452, 0.212933, 0.247483, 0.378527, 0.39742, 1, 

25,88,0.001, 0.0190538, 0.019057, 0.0393635, 0.103278, 0.108195, 0.19433, 0.219594, 0.75977, 1, 

32,79,0.001, 0.0247441, 0.0293718, 0.0588033, 0.0804743, 0.143452, 0.212933, 0.247483, 0.252074, 0.253371, 0.256633, 0.261675, 0.262633, 0.270112, 0.386134, 1, 

24,109,0.001, 0.0240935, 0.019057, 0.0393635, 0.103278, 0.108195, 0.19433, 0.219594, 0.698715, 1, 

23,153,0.0324975, 0.0751111, 0.105646, 0.191397, 0.19433, 0.219594, 1, 

29,81,0.001, 0.0247441, 0.0293718, 0.0588033, 0.0700201, 0.0968304, 0.116016, 0.129764, 0.252074, 0.253371, 1, 

43,75,0.001, 0.0190538, 0.019057, 0.0393635, 0.103278, 0.108195, 0.19433, 0.219594, 0.275331, 0.371833, 0.407942, 0.461577, 0.474217, 0.476424, 0.577874, 0.580299, 0.497148, 0.525915, 0.553629, 0.559021, 0.61908, 0.64264, 0.659248, 0.665334, 0.926672, 0.932266, 1, 

Generation #20
27,84,0.001, 0.0247441, 0.0293718, 0.0588033, 0.0804743, 0.143452, 0.212933, 0.247483, 0.378527, 0.39742, 1, 

25,88,0.001, 0.0190538, 0.019057, 0.0393635, 0.103278, 0.108195, 0.19433, 0.219594, 0.75977, 1, 

32,79,0.001, 0.0247441, 0.0293718, 0.0588033, 0.0804743, 0.143452, 0.212933, 0.247483, 0.252074, 0.253371, 0.256633, 0.261675, 0.262633, 0.270112, 0.386134, 1, 

24,109,0.001, 0.0240935, 0.019057, 0.0393635, 0.103278, 0.108195, 0.19433, 0.219594, 0.698715, 1, 

23,153,0.0324975, 0.0751111, 0.105646, 0.191397, 0.19433, 0.219594, 1, 

29,81,0.001, 0.0247441, 0.0293718, 0.0588033, 0.0700201, 0.0968304, 0.116016, 0.129764, 0.252074, 0.253371, 1, 

43,75,0.001, 0.0190538, 0.019057, 0.0393635, 0.103278, 0.108195, 0.19433, 0.219594, 0.275331, 0.371833, 0.407942, 0.461577, 0.474217, 0.476424, 0.577874, 0.580299, 0.497148, 0.525915, 0.553629, 0.559021, 0.61908, 0.64264, 0.659248, 0.665334, 0.926672, 0.932266, 1, 

Generation #21
27,84,0.001, 0.0247441, 0.0293718, 0.0588033, 0.0804743, 0.143452, 0.212933, 0.247483, 0.378527, 0.39742, 1, 

25,88,0.001, 0.0190538, 0.019057, 0.0393635, 0.103278, 0.108195, 0.19433, 0.219594, 0.75977, 1, 

32,79,0.001, 0.0247441, 0.0293718, 0.0588033, 0.0804743, 0.143452, 0.212933, 0.247483, 0.252074, 0.253371, 0.256633, 0.261675, 0.262633, 0.270112, 0.386134, 1, 

24,109,0.001, 0.0240935, 0.019057, 0.0393635, 0.103278, 0.108195, 0.19433, 0.219594, 0.698715, 1, 

23,153,0.0324975, 0.0751111, 0.105646, 0.191397, 0.19433, 0.219594, 1, 

29,81,0.001, 0.0247441, 0.0293718, 0.0588033, 0.0700201, 0.0968304, 0.116016, 0.129764, 0.252074, 0.253371, 1, 

43,75,0.001, 0.0190538, 0.019057, 0.0393635, 0.103278, 0.108195, 0.19433, 0.219594, 0.275331, 0.371833, 0.407942, 0.461577, 0.474217, 0.476424, 0.577874, 0.580299, 0.497148, 0.525915, 0.553629, 0.559021, 0.61908, 0.64264, 0.659248, 0.665334, 0.926672, 0.932266, 1, 

33,76,0.001, 0.0247441, 0.019057, 0.0393635, 0.103278, 0.108195, 0.212933, 0.247483, 0.252074, 0.253371, 0.256633, 0.261675, 0.262633, 0.270112, 0.386134, 1, 

28,82,0.001, 0.0240935, 0.0433855, 0.0639626, 0.0700201, 0.0968304, 0.116016, 0.129764, 0.252074, 0.694517, 0.781319, 0.989315, 1, 

Generation #22
27,84,0.001, 0.0247441, 0.0293718, 0.0588033, 0.0804743, 0.143452, 0.212933, 0.247483, 0.378527, 0.39742, 1, 

25,88,0.001, 0.0190538, 0.019057, 0.0393635, 0.103278, 0.108195, 0.19433, 0.219594, 0.75977, 1, 

32,79,0.001, 0.0247441, 0.0293718, 0.0588033, 0.0804743, 0.143452, 0.212933, 0.247483, 0.252074, 0.253371, 0.256633, 0.261675, 0.262633, 0.270112, 0.386134, 1, 

24,109,0.001, 0.0240935, 0.019057, 0.0393635, 0.103278, 0.108195, 0.19433, 0.219594, 0.698715, 1, 

23,153,0.0324975, 0.0751111, 0.105646, 0.191397, 0.19433, 0.219594, 1, 

29,81,0.001, 0.0247441, 0.0293718, 0.0588033, 0.0700201, 0.0968304, 0.116016, 0.129764, 0.252074, 0.253371, 1, 

43,75,0.001, 0.0190538, 0.019057, 0.0393635, 0.103278, 0.108195, 0.19433, 0.219594, 0.275331, 0.371833, 0.407942, 0.461577, 0.474217, 0.476424, 0.577874, 0.580299, 0.497148, 0.525915, 0.553629, 0.559021, 0.61908, 0.64264, 0.659248, 0.665334, 0.926672, 0.932266, 1, 

33,76,0.001, 0.0247441, 0.019057, 0.0393635, 0.103278, 0.108195, 0.212933, 0.247483, 0.252074, 0.253371, 0.256633, 0.261675, 0.262633, 0.270112, 0.386134, 1, 

28,82,0.001, 0.0240935, 0.0433855, 0.0639626, 0.0700201, 0.0968304, 0.116016, 0.129764, 0.252074, 0.694517, 0.781319, 0.989315, 1, 

Generation #23
27,84,0.001, 0.0247441, 0.0293718, 0.0588033, 0.0804743, 0.143452, 0.212933, 0.247483, 0.378527, 0.39742, 1, 

25,88,0.001, 0.0190538, 0.019057, 0.0393635, 0.103278, 0.108195, 0.19433, 0.219594, 0.75977, 1, 

32,79,0.001, 0.0247441, 0.0293718, 0.0588033, 0.0804743, 0.143452, 0.212933, 0.247483, 0.252074, 0.253371, 0.256633, 0.261675, 0.262633, 0.270112, 0.386134, 1, 

23,153,0.0324975, 0.0751111, 0.105646, 0.191397, 0.19433, 0.219594, 1, 

29,81,0.001, 0.0247441, 0.0293718, 0.0588033, 0.0700201, 0.0968304, 0.116016, 0.129764, 0.252074, 0.253371, 1, 

43,75,0.001, 0.0190538, 0.019057, 0.0393635, 0.103278, 0.108195, 0.19433, 0.219594, 0.275331, 0.371833, 0.407942, 0.461577, 0.474217, 0.476424, 0.577874, 0.580299, 0.497148, 0.525915, 0.553629, 0.559021, 0.61908, 0.64264, 0.659248, 0.665334, 0.926672, 0.932266, 1, 

33,76,0.001, 0.0247441, 0.019057, 0.0393635, 0.103278, 0.108195, 0.212933, 0.247483, 0.252074, 0.253371, 0.256633, 0.261675, 0.262633, 0.270112, 0.386134, 1, 

28,82,0.001, 0.0240935, 0.0433855, 0.0639626, 0.0700201, 0.0968304, 0.116016, 0.129764, 0.252074, 0.694517, 0.781319, 0.989315, 1, 

24,108,0.001, 0.0240935, 0.019057, 0.0393635, 0.103278, 0.108195, 0.19433, 0.219594, 0.275331, 1, 

Generation #24
27,84,0.001, 0.0247441, 0.0293718, 0.0588033, 0.0804743, 0.143452, 0.212933, 0.247483, 0.378527, 0.39742, 1, 

25,88,0.001, 0.0190538, 0.019057, 0.0393635, 0.103278, 0.108195, 0.19433, 0.219594, 0.75977, 1, 

32,79,0.001, 0.0247441, 0.0293718, 0.0588033, 0.0804743, 0.143452, 0.212933, 0.247483, 0.252074, 0.253371, 0.256633, 0.261675, 0.262633, 0.270112, 0.386134, 1, 

23,153,0.0324975, 0.0751111, 0.105646, 0.191397, 0.19433, 0.219594, 1, 

29,81,0.001, 0.0247441, 0.0293718, 0.0588033, 0.0700201, 0.0968304, 0.116016, 0.129764, 0.252074, 0.253371, 1, 

43,75,0.001, 0.0190538, 0.019057, 0.0393635, 0.103278, 0.108195, 0.19433, 0.219594, 0.275331, 0.371833, 0.407942, 0.461577, 0.474217, 0.476424, 0.577874, 0.580299, 0.497148, 0.525915, 0.553629, 0.559021, 0.61908, 0.64264, 0.659248, 0.665334, 0.926672, 0.932266, 1, 

33,76,0.001, 0.0247441, 0.019057, 0.0393635, 0.103278, 0.108195, 0.212933, 0.247483, 0.252074, 0.253371, 0.256633, 0.261675, 0.262633, 0.270112, 0.386134, 1, 

28,82,0.001, 0.0240935, 0.0433855, 0.0639626, 0.0700201, 0.0968304, 0.116016, 0.129764, 0.252074, 0.694517, 0.781319, 0.989315, 1, 

24,108,0.001, 0.0240935, 0.019057, 0.0393635, 0.103278, 0.108195, 0.19433, 0.219594, 0.275331, 1, 

45,74,0.001, 0.0190538, 0.019057, 0.0393635, 0.0700201, 0.0968304, 0.116016, 0.129764, 0.253371, 0.256633, 0.261675, 0.262633, 0.270112, 0.386134, 0.482578, 0.505485, 0.505765, 0.531682, 0.561047, 0.590908, 0.664023, 0.687218, 0.72382, 0.753545, 0.776104, 0.815951, 0.82029, 0.829668, 0.873353, 1, 

Generation #25
25,88,0.001, 0.0190538, 0.019057, 0.0393635, 0.103278, 0.108195, 0.19433, 0.219594, 0.75977, 1, 

23,153,0.0324975, 0.0751111, 0.105646, 0.191397, 0.19433, 0.219594, 1, 

24,108,0.001, 0.0240935, 0.019057, 0.0393635, 0.103278, 0.108195, 0.19433, 0.219594, 0.275331, 1, 

45,74,0.001, 0.0190538, 0.019057, 0.0393635, 0.0700201, 0.0968304, 0.116016, 0.129764, 0.253371, 0.256633, 0.261675, 0.262633, 0.270112, 0.386134, 0.482578, 0.505485, 0.505765, 0.531682, 0.561047, 0.590908, 0.664023, 0.687218, 0.72382, 0.753545, 0.776104, 0.815951, 0.82029, 0.829668, 0.873353, 1, 

27,75,0.001, 0.0247441, 0.019057, 0.0393635, 0.0588033, 0.0700201, 0.0968304, 0.116016, 0.129764, 0.252074, 0.253371, 1, 

26,76,0.001, 0.0190538, 0.019057, 0.0393635, 0.103278, 0.108195, 0.19433, 0.219594, 0.252074, 0.253371, 1, 

Generation #26
25,88,0.001, 0.0190538, 0.019057, 0.0393635, 0.103278, 0.108195, 0.19433, 0.219594, 0.75977, 1, 

23,153,0.0324975, 0.0751111, 0.105646, 0.191397, 0.19433, 0.219594, 1, 

24,108,0.001, 0.0240935, 0.019057, 0.0393635, 0.103278, 0.108195, 0.19433, 0.219594, 0.275331, 1, 

45,74,0.001, 0.0190538, 0.019057, 0.0393635, 0.0700201, 0.0968304, 0.116016, 0.129764, 0.253371, 0.256633, 0.261675, 0.262633, 0.270112, 0.386134, 0.482578, 0.505485, 0.505765, 0.531682, 0.561047, 0.590908, 0.664023, 0.687218, 0.72382, 0.753545, 0.776104, 0.815951, 0.82029, 0.829668, 0.873353, 1, 

27,75,0.001, 0.0247441, 0.019057, 0.0393635, 0.0588033, 0.0700201, 0.0968304, 0.116016, 0.129764, 0.252074, 0.253371, 1, 

26,76,0.001, 0.0190538, 0.019057, 0.0393635, 0.103278, 0.108195, 0.19433, 0.219594, 0.252074, 0.253371, 1, 

Generation #27
25,88,0.001, 0.0190538, 0.019057, 0.0393635, 0.103278, 0.108195, 0.19433, 0.219594, 0.75977, 1, 

23,153,0.0324975, 0.0751111, 0.105646, 0.191397, 0.19433, 0.219594, 1, 

24,108,0.001, 0.0240935, 0.019057, 0.0393635, 0.103278, 0.108195, 0.19433, 0.219594, 0.275331, 1, 

45,74,0.001, 0.0190538, 0.019057, 0.0393635, 0.0700201, 0.0968304, 0.116016, 0.129764, 0.253371, 0.256633, 0.261675, 0.262633, 0.270112, 0.386134, 0.482578, 0.505485, 0.505765, 0.531682, 0.561047, 0.590908, 0.664023, 0.687218, 0.72382, 0.753545, 0.776104, 0.815951, 0.82029, 0.829668, 0.873353, 1, 

27,75,0.001, 0.0247441, 0.019057, 0.0393635, 0.0588033, 0.0700201, 0.0968304, 0.116016, 0.129764, 0.252074, 0.253371, 1, 

26,76,0.001, 0.0190538, 0.019057, 0.0393635, 0.103278, 0.108195, 0.19433, 0.219594, 0.252074, 0.253371, 1, 

Generation #28
25,88,0.001, 0.0190538, 0.019057, 0.0393635, 0.103278, 0.108195, 0.19433, 0.219594, 0.75977, 1, 

23,153,0.0324975, 0.0751111, 0.105646, 0.191397, 0.19433, 0.219594, 1, 

24,108,0.001, 0.0240935, 0.019057, 0.0393635, 0.103278, 0.108195, 0.19433, 0.219594, 0.275331, 1, 

45,74,0.001, 0.0190538, 0.019057, 0.0393635, 0.0700201, 0.0968304, 0.116016, 0.129764, 0.253371, 0.256633, 0.261675, 0.262633, 0.270112, 0.386134, 0.482578, 0.505485, 0.505765, 0.531682, 0.561047, 0.590908, 0.664023, 0.687218, 0.72382, 0.753545, 0.776104, 0.815951, 0.82029, 0.829668, 0.873353, 1, 

27,75,0.001, 0.0247441, 0.019057, 0.0393635, 0.0588033, 0.0700201, 0.0968304, 0.116016, 0.129764, 0.252074, 0.253371, 1, 

26,76,0.001, 0.0190538, 0.019057, 0.0393635, 0.103278, 0.108195, 0.19433, 0.219594, 0.252074, 0.253371, 1, 

Generation #29
25,88,0.001, 0.0190538, 0.019057, 0.0393635, 0.103278, 0.108195, 0.19433, 0.219594, 0.75977, 1, 

23,153,0.0324975, 0.0751111, 0.105646, 0.191397, 0.19433, 0.219594, 1, 

24,108,0.001, 0.0240935, 0.019057, 0.0393635, 0.103278, 0.108195, 0.19433, 0.219594, 0.275331, 1, 

45,74,0.001, 0.0190538, 0.019057, 0.0393635, 0.0700201, 0.0968304, 0.116016, 0.129764, 0.253371, 0.256633, 0.261675, 0.262633, 0.270112, 0.386134, 0.482578, 0.505485, 0.505765, 0.531682, 0.561047, 0.590908, 0.664023, 0.687218, 0.72382, 0.753545, 0.776104, 0.815951, 0.82029, 0.829668, 0.873353, 1, 

27,75,0.001, 0.0247441, 0.019057, 0.0393635, 0.0588033, 0.0700201, 0.0968304, 0.116016, 0.129764, 0.252074, 0.253371, 1, 

26,76,0.001, 0.0190538, 0.019057, 0.0393635, 0.103278, 0.108195, 0.19433, 0.219594, 0.252074, 0.253371, 1, 

Generation #30
25,88,0.001, 0.0190538, 0.019057, 0.0393635, 0.103278, 0.108195, 0.19433, 0.219594, 0.75977, 1, 

23,153,0.0324975, 0.0751111, 0.105646, 0.191397, 0.19433, 0.219594, 1, 

24,108,0.001, 0.0240935, 0.019057, 0.0393635, 0.103278, 0.108195, 0.19433, 0.219594, 0.275331, 1, 

45,74,0.001, 0.0190538, 0.019057, 0.0393635, 0.0700201, 0.0968304, 0.116016, 0.129764, 0.253371, 0.256633, 0.261675, 0.262633, 0.270112, 0.386134, 0.482578, 0.505485, 0.505765, 0.531682, 0.561047, 0.590908, 0.664023, 0.687218, 0.72382, 0.753545, 0.776104, 0.815951, 0.82029, 0.829668, 0.873353, 1, 

27,75,0.001, 0.0247441, 0.019057, 0.0393635, 0.0588033, 0.0700201, 0.0968304, 0.116016, 0.129764, 0.252074, 0.253371, 1, 

26,76,0.001, 0.0190538, 0.019057, 0.0393635, 0.103278, 0.108195, 0.19433, 0.219594, 0.252074, 0.253371, 1, 

Generation #31
25,88,0.001, 0.0190538, 0.019057, 0.0393635, 0.103278, 0.108195, 0.19433, 0.219594, 0.75977, 1, 

23,153,0.0324975, 0.0751111, 0.105646, 0.191397, 0.19433, 0.219594, 1, 

24,108,0.001, 0.0240935, 0.019057, 0.0393635, 0.103278, 0.108195, 0.19433, 0.219594, 0.275331, 1, 

45,74,0.001, 0.0190538, 0.019057, 0.0393635, 0.0700201, 0.0968304, 0.116016, 0.129764, 0.253371, 0.256633, 0.261675, 0.262633, 0.270112, 0.386134, 0.482578, 0.505485, 0.505765, 0.531682, 0.561047, 0.590908, 0.664023, 0.687218, 0.72382, 0.753545, 0.776104, 0.815951, 0.82029, 0.829668, 0.873353, 1, 

27,75,0.001, 0.0247441, 0.019057, 0.0393635, 0.0588033, 0.0700201, 0.0968304, 0.116016, 0.129764, 0.252074, 0.253371, 1, 

26,76,0.001, 0.0190538, 0.019057, 0.0393635, 0.103278, 0.108195, 0.19433, 0.219594, 0.252074, 0.253371, 1, 

Generation #32
25,88,0.001, 0.0190538, 0.019057, 0.0393635, 0.103278, 0.108195, 0.19433, 0.219594, 0.75977, 1, 

23,153,0.0324975, 0.0751111, 0.105646, 0.191397, 0.19433, 0.219594, 1, 

24,108,0.001, 0.0240935, 0.019057, 0.0393635, 0.103278, 0.108195, 0.19433, 0.219594, 0.275331, 1, 

45,74,0.001, 0.0190538, 0.019057, 0.0393635, 0.0700201, 0.0968304, 0.116016, 0.129764, 0.253371, 0.256633, 0.261675, 0.262633, 0.270112, 0.386134, 0.482578, 0.505485, 0.505765, 0.531682, 0.561047, 0.590908, 0.664023, 0.687218, 0.72382, 0.753545, 0.776104, 0.815951, 0.82029, 0.829668, 0.873353, 1, 

27,75,0.001, 0.0247441, 0.019057, 0.0393635, 0.0588033, 0.0700201, 0.0968304, 0.116016, 0.129764, 0.252074, 0.253371, 1, 

26,76,0.001, 0.0190538, 0.019057, 0.0393635, 0.103278, 0.108195, 0.19433, 0.219594, 0.252074, 0.253371, 1, 

Generation #33
25,88,0.001, 0.0190538, 0.019057, 0.0393635, 0.103278, 0.108195, 0.19433, 0.219594, 0.75977, 1, 

23,153,0.0324975, 0.0751111, 0.105646, 0.191397, 0.19433, 0.219594, 1, 

24,108,0.001, 0.0240935, 0.019057, 0.0393635, 0.103278, 0.108195, 0.19433, 0.219594, 0.275331, 1, 

45,74,0.001, 0.0190538, 0.019057, 0.0393635, 0.0700201, 0.0968304, 0.116016, 0.129764, 0.253371, 0.256633, 0.261675, 0.262633, 0.270112, 0.386134, 0.482578, 0.505485, 0.505765, 0.531682, 0.561047, 0.590908, 0.664023, 0.687218, 0.72382, 0.753545, 0.776104, 0.815951, 0.82029, 0.829668, 0.873353, 1, 

27,75,0.001, 0.0247441, 0.019057, 0.0393635, 0.0588033, 0.0700201, 0.0968304, 0.116016, 0.129764, 0.252074, 0.253371, 1, 

26,76,0.001, 0.0190538, 0.019057, 0.0393635, 0.103278, 0.108195, 0.19433, 0.219594, 0.252074, 0.253371, 1, 

Generation #34
25,88,0.001, 0.0190538, 0.019057, 0.0393635, 0.103278, 0.108195, 0.19433, 0.219594, 0.75977, 1, 

23,153,0.0324975, 0.0751111, 0.105646, 0.191397, 0.19433, 0.219594, 1, 

24,108,0.001, 0.0240935, 0.019057, 0.0393635, 0.103278, 0.108195, 0.19433, 0.219594, 0.275331, 1, 

45,74,0.001, 0.0190538, 0.019057, 0.0393635, 0.0700201, 0.0968304, 0.116016, 0.129764, 0.253371, 0.256633, 0.261675, 0.262633, 0.270112, 0.386134, 0.482578, 0.505485, 0.505765, 0.531682, 0.561047, 0.590908, 0.664023, 0.687218, 0.72382, 0.753545, 0.776104, 0.815951, 0.82029, 0.829668, 0.873353, 1, 

27,75,0.001, 0.0247441, 0.019057, 0.0393635, 0.0588033, 0.0700201, 0.0968304, 0.116016, 0.129764, 0.252074, 0.253371, 1, 

26,76,0.001, 0.0190538, 0.019057, 0.0393635, 0.103278, 0.108195, 0.19433, 0.219594, 0.252074, 0.253371, 1, 

Generation #35
25,88,0.001, 0.0190538, 0.019057, 0.0393635, 0.103278, 0.108195, 0.19433, 0.219594, 0.75977, 1, 

23,153,0.0324975, 0.0751111, 0.105646, 0.191397, 0.19433, 0.219594, 1, 

24,108,0.001, 0.0240935, 0.019057, 0.0393635, 0.103278, 0.108195, 0.19433, 0.219594, 0.275331, 1, 

27,75,0.001, 0.0247441, 0.019057, 0.0393635, 0.0588033, 0.0700201, 0.0968304, 0.116016, 0.129764, 0.252074, 0.253371, 1, 

26,76,0.001, 0.0190538, 0.019057, 0.0393635, 0.103278, 0.108195, 0.19433, 0.219594, 0.252074, 0.253371, 1, 

42,71,0.001, 0.0240935, 0.019057, 0.0393635, 0.0700201, 0.0968304, 0.116016, 0.129764, 0.253371, 0.261675, 0.262633, 0.386134, 0.482578, 0.505485, 0.505765, 0.531682, 0.525915, 0.553629, 0.559021, 0.61908, 0.64264, 0.659248, 0.665334, 0.926672, 0.932266, 1, 

Generation #36
25,88,0.001, 0.0190538, 0.019057, 0.0393635, 0.103278, 0.108195, 0.19433, 0.219594, 0.75977, 1, 

23,153,0.0324975, 0.0751111, 0.105646, 0.191397, 0.19433, 0.219594, 1, 

24,108,0.001, 0.0240935, 0.019057, 0.0393635, 0.103278, 0.108195, 0.19433, 0.219594, 0.275331, 1, 

27,75,0.001, 0.0247441, 0.019057, 0.0393635, 0.0588033, 0.0700201, 0.0968304, 0.116016, 0.129764, 0.252074, 0.253371, 1, 

26,76,0.001, 0.0190538, 0.019057, 0.0393635, 0.103278, 0.108195, 0.19433, 0.219594, 0.252074, 0.253371, 1, 

42,71,0.001, 0.0240935, 0.019057, 0.0393635, 0.0700201, 0.0968304, 0.116016, 0.129764, 0.253371, 0.261675, 0.262633, 0.386134, 0.482578, 0.505485, 0.505765, 0.531682, 0.525915, 0.553629, 0.559021, 0.61908, 0.64264, 0.659248, 0.665334, 0.926672, 0.932266, 1, 

Generation #37
25,88,0.001, 0.0190538, 0.019057, 0.0393635, 0.103278, 0.108195, 0.19433, 0.219594, 0.75977, 1, 

23,153,0.0324975, 0.0751111, 0.105646, 0.191397, 0.19433, 0.219594, 1, 

24,108,0.001, 0.0240935, 0.019057, 0.0393635, 0.103278, 0.108195, 0.19433, 0.219594, 0.275331, 1, 

27,75,0.001, 0.0247441, 0.019057, 0.0393635, 0.0588033, 0.0700201, 0.0968304, 0.116016, 0.129764, 0.252074, 0.253371, 1, 

26,76,0.001, 0.0190538, 0.019057, 0.0393635, 0.103278, 0.108195, 0.19433, 0.219594, 0.252074, 0.253371, 1, 

42,71,0.001, 0.0240935, 0.019057, 0.0393635, 0.0700201, 0.0968304, 0.116016, 0.129764, 0.253371, 0.261675, 0.262633, 0.386134, 0.482578, 0.505485, 0.505765, 0.531682, 0.525915, 0.553629, 0.559021, 0.61908, 0.64264, 0.659248, 0.665334, 0.926672, 0.932266, 1, 

Generation #38
25,88,0.001, 0.0190538, 0.019057, 0.0393635, 0.103278, 0.108195, 0.19433, 0.219594, 0.75977, 1, 

23,153,0.0324975, 0.0751111, 0.105646, 0.191397, 0.19433, 0.219594, 1, 

24,108,0.001, 0.0240935, 0.019057, 0.0393635, 0.103278, 0.108195, 0.19433, 0.219594, 0.275331, 1, 

27,75,0.001, 0.0247441, 0.019057, 0.0393635, 0.0588033, 0.0700201, 0.0968304, 0.116016, 0.129764, 0.252074, 0.253371, 1, 

26,76,0.001, 0.0190538, 0.019057, 0.0393635, 0.103278, 0.108195, 0.19433, 0.219594, 0.252074, 0.253371, 1, 

42,71,0.001, 0.0240935, 0.019057, 0.0393635, 0.0700201, 0.0968304, 0.116016, 0.129764, 0.253371, 0.261675, 0.262633, 0.386134, 0.482578, 0.505485, 0.505765, 0.531682, 0.525915, 0.553629, 0.559021, 0.61908, 0.64264, 0.659248, 0.665334, 0.926672, 0.932266, 1, 

Generation #39
25,88,0.001, 0.0190538, 0.019057, 0.0393635, 0.103278, 0.108195, 0.19433, 0.219594, 0.75977, 1, 

23,153,0.0324975, 0.0751111, 0.105646, 0.191397, 0.19433, 0.219594, 1, 

24,108,0.001, 0.0240935, 0.019057, 0.0393635, 0.103278, 0.108195, 0.19433, 0.219594, 0.275331, 1, 

27,75,0.001, 0.0247441, 0.019057, 0.0393635, 0.0588033, 0.0700201, 0.0968304, 0.116016, 0.129764, 0.252074, 0.253371, 1, 

26,76,0.001, 0.0190538, 0.019057, 0.0393635, 0.103278, 0.108195, 0.19433, 0.219594, 0.252074, 0.253371, 1, 

42,71,0.001, 0.0240935, 0.019057, 0.0393635, 0.0700201, 0.0968304, 0.116016, 0.129764, 0.253371, 0.261675, 0.262633, 0.386134, 0.482578, 0.505485, 0.505765, 0.531682, 0.525915, 0.553629, 0.559021, 0.61908, 0.64264, 0.659248, 0.665334, 0.926672, 0.932266, 1, 

Generation #40
25,88,0.001, 0.0190538, 0.019057, 0.0393635, 0.103278, 0.108195, 0.19433, 0.219594, 0.75977, 1, 

23,153,0.0324975, 0.0751111, 0.105646, 0.191397, 0.19433, 0.219594, 1, 

24,108,0.001, 0.0240935, 0.019057, 0.0393635, 0.103278, 0.108195, 0.19433, 0.219594, 0.275331, 1, 

27,75,0.001, 0.0247441, 0.019057, 0.0393635, 0.0588033, 0.0700201, 0.0968304, 0.116016, 0.129764, 0.252074, 0.253371, 1, 

26,76,0.001, 0.0190538, 0.019057, 0.0393635, 0.103278, 0.108195, 0.19433, 0.219594, 0.252074, 0.253371, 1, 

42,71,0.001, 0.0240935, 0.019057, 0.0393635, 0.0700201, 0.0968304, 0.116016, 0.129764, 0.253371, 0.261675, 0.262633, 0.386134, 0.482578, 0.505485, 0.505765, 0.531682, 0.525915, 0.553629, 0.559021, 0.61908, 0.64264, 0.659248, 0.665334, 0.926672, 0.932266, 1, 

Generation #41
25,88,0.001, 0.0190538, 0.019057, 0.0393635, 0.103278, 0.108195, 0.19433, 0.219594, 0.75977, 1, 

23,153,0.0324975, 0.0751111, 0.105646, 0.191397, 0.19433, 0.219594, 1, 

24,108,0.001, 0.0240935, 0.019057, 0.0393635, 0.103278, 0.108195, 0.19433, 0.219594, 0.275331, 1, 

27,75,0.001, 0.0247441, 0.019057, 0.0393635, 0.0588033, 0.0700201, 0.0968304, 0.116016, 0.129764, 0.252074, 0.253371, 1, 

26,76,0.001, 0.0190538, 0.019057, 0.0393635, 0.103278, 0.108195, 0.19433, 0.219594, 0.252074, 0.253371, 1, 

42,71,0.001, 0.0240935, 0.019057, 0.0393635, 0.0700201, 0.0968304, 0.116016, 0.129764, 0.253371, 0.261675, 0.262633, 0.386134, 0.482578, 0.505485, 0.505765, 0.531682, 0.525915, 0.553629, 0.559021, 0.61908, 0.64264, 0.659248, 0.665334, 0.926672, 0.932266, 1, 

Generation #42
23,153,0.0324975, 0.0751111, 0.105646, 0.191397, 0.19433, 0.219594, 1, 

24,108,0.001, 0.0240935, 0.019057, 0.0393635, 0.103278, 0.108195, 0.19433, 0.219594, 0.275331, 1, 

27,75,0.001, 0.0247441, 0.019057, 0.0393635, 0.0588033, 0.0700201, 0.0968304, 0.116016, 0.129764, 0.252074, 0.253371, 1, 

26,76,0.001, 0.0190538, 0.019057, 0.0393635, 0.103278, 0.108195, 0.19433, 0.219594, 0.252074, 0.253371, 1, 

42,71,0.001, 0.0240935, 0.019057, 0.0393635, 0.0700201, 0.0968304, 0.116016, 0.129764, 0.253371, 0.261675, 0.262633, 0.386134, 0.482578, 0.505485, 0.505765, 0.531682, 0.525915, 0.553629, 0.559021, 0.61908, 0.64264, 0.659248, 0.665334, 0.926672, 0.932266, 1, 

25,79,0.001, 0.0240935, 0.019057, 0.0393635, 0.103278, 0.108195, 0.19433, 0.219594, 0.275331, 1, 

31,74,0.001, 0.0240935, 0.019057, 0.0393635, 0.0588033, 0.0968304, 0.116016, 0.129764, 0.252074, 0.253371, 0.914958, 0.256633, 0.261675, 0.262633, 0.270112, 0.386134, 1, 

Generation #43
23,153,0.0324975, 0.0751111, 0.105646, 0.191397, 0.19433, 0.219594, 1, 

24,108,0.001, 0.0240935, 0.019057, 0.0393635, 0.103278, 0.108195, 0.19433, 0.219594, 0.275331, 1, 

27,75,0.001, 0.0247441, 0.019057, 0.0393635, 0.0588033, 0.0700201, 0.0968304, 0.116016, 0.129764, 0.252074, 0.253371, 1, 

26,76,0.001, 0.0190538, 0.019057, 0.0393635, 0.103278, 0.108195, 0.19433, 0.219594, 0.252074, 0.253371, 1, 

42,71,0.001, 0.0240935, 0.019057, 0.0393635, 0.0700201, 0.0968304, 0.116016, 0.129764, 0.253371, 0.261675, 0.262633, 0.386134, 0.482578, 0.505485, 0.505765, 0.531682, 0.525915, 0.553629, 0.559021, 0.61908, 0.64264, 0.659248, 0.665334, 0.926672, 0.932266, 1, 

25,79,0.001, 0.0240935, 0.019057, 0.0393635, 0.103278, 0.108195, 0.19433, 0.219594, 0.275331, 1, 

31,74,0.001, 0.0240935, 0.019057, 0.0393635, 0.0588033, 0.0968304, 0.116016, 0.129764, 0.252074, 0.253371, 0.914958, 0.256633, 0.261675, 0.262633, 0.270112, 0.386134, 1, 

41,73,0.001, 0.0240935, 0.019057, 0.0393635, 0.0588033, 0.0700201, 0.0968304, 0.116016, 0.129764, 0.252074, 0.253371, 0.386134, 0.482578, 0.505485, 0.505765, 0.531682, 0.525915, 0.553629, 0.559021, 0.61908, 0.64264, 0.659248, 0.926672, 0.932266, 1, 

Generation #44
23,153,0.0324975, 0.0751111, 0.105646, 0.191397, 0.19433, 0.219594, 1, 

24,108,0.001, 0.0240935, 0.019057, 0.0393635, 0.103278, 0.108195, 0.19433, 0.219594, 0.275331, 1, 

27,75,0.001, 0.0247441, 0.019057, 0.0393635, 0.0588033, 0.0700201, 0.0968304, 0.116016, 0.129764, 0.252074, 0.253371, 1, 

26,76,0.001, 0.0190538, 0.019057, 0.0393635, 0.103278, 0.108195, 0.19433, 0.219594, 0.252074, 0.253371, 1, 

42,71,0.001, 0.0240935, 0.019057, 0.0393635, 0.0700201, 0.0968304, 0.116016, 0.129764, 0.253371, 0.261675, 0.262633, 0.386134, 0.482578, 0.505485, 0.505765, 0.531682, 0.525915, 0.553629, 0.559021, 0.61908, 0.64264, 0.659248, 0.665334, 0.926672, 0.932266, 1, 

25,79,0.001, 0.0240935, 0.019057, 0.0393635, 0.103278, 0.108195, 0.19433, 0.219594, 0.275331, 1, 

31,74,0.001, 0.0240935, 0.019057, 0.0393635, 0.0588033, 0.0968304, 0.116016, 0.129764, 0.252074, 0.253371, 0.914958, 0.256633, 0.261675, 0.262633, 0.270112, 0.386134, 1, 

41,73,0.001, 0.0240935, 0.019057, 0.0393635, 0.0588033, 0.0700201, 0.0968304, 0.116016, 0.129764, 0.252074, 0.253371, 0.386134, 0.482578, 0.505485, 0.505765, 0.531682, 0.525915, 0.553629, 0.559021, 0.61908, 0.64264, 0.659248, 0.926672, 0.932266, 1, 

Generation #45
23,153,0.0324975, 0.0751111, 0.105646, 0.191397, 0.19433, 0.219594, 1, 

24,108,0.001, 0.0240935, 0.019057, 0.0393635, 0.103278, 0.108195, 0.19433, 0.219594, 0.275331, 1, 

25,66,0.001, 0.0240935, 0.019057, 0.0393635, 0.0700201, 0.0700201, 0.0968304, 0.116016, 0.129764, 0.252074, 0.253371, 1, 

Generation #46
23,153,0.0324975, 0.0751111, 0.105646, 0.191397, 0.19433, 0.219594, 1, 

24,108,0.001, 0.0240935, 0.019057, 0.0393635, 0.103278, 0.108195, 0.19433, 0.219594, 0.275331, 1, 

25,66,0.001, 0.0240935, 0.019057, 0.0393635, 0.0700201, 0.0700201, 0.0968304, 0.116016, 0.129764, 0.252074, 0.253371, 1, 

Generation #47
23,153,0.0324975, 0.0751111, 0.105646, 0.191397, 0.19433, 0.219594, 1, 

24,108,0.001, 0.0240935, 0.019057, 0.0393635, 0.103278, 0.108195, 0.19433, 0.219594, 0.275331, 1, 

25,66,0.001, 0.0240935, 0.019057, 0.0393635, 0.0700201, 0.0700201, 0.0968304, 0.116016, 0.129764, 0.252074, 0.253371, 1, 

Generation #48
23,153,0.0324975, 0.0751111, 0.105646, 0.191397, 0.19433, 0.219594, 1, 

24,108,0.001, 0.0240935, 0.019057, 0.0393635, 0.103278, 0.108195, 0.19433, 0.219594, 0.275331, 1, 

25,66,0.001, 0.0240935, 0.019057, 0.0393635, 0.0700201, 0.0700201, 0.0968304, 0.116016, 0.129764, 0.252074, 0.253371, 1, 

Generation #49
23,153,0.0324975, 0.0751111, 0.105646, 0.191397, 0.19433, 0.219594, 1, 

24,108,0.001, 0.0240935, 0.019057, 0.0393635, 0.103278, 0.108195, 0.19433, 0.219594, 0.275331, 1, 

25,66,0.001, 0.0240935, 0.019057, 0.0393635, 0.0700201, 0.0700201, 0.0968304, 0.116016, 0.129764, 0.252074, 0.253371, 1, 

--- Pareto Front Solutions ---
Solution 0: N total=55 (N_initial=32, N_added=23), Time total=155 ms, Saved to: ./results/SPINS_t2_l2_pareto_0.csv, percents=0.0324975, 0.0751111, 0.105646, 0.191397, 0.19433, 0.219594, 1, 

Solution 1: N total=56 (N_initial=32, N_added=24), Time total=110 ms, Saved to: ./results/SPINS_t2_l2_pareto_1.csv, percents=0.001, 0.0240935, 0.019057, 0.0393635, 0.103278, 0.108195, 0.19433, 0.219594, 0.275331, 1, 

Solution 2: N total=57 (N_initial=32, N_added=25), Time total=68 ms, Saved to: ./results/SPINS_t2_l2_pareto_2.csv, percents=0.001, 0.0240935, 0.019057, 0.0393635, 0.0700201, 0.0700201, 0.0968304, 0.116016, 0.129764, 0.252074, 0.253371, 1, 

------------d=1, t=2, lambda=3, filename=./evaluation/SPINS/SPINS_2_3.csv------------
Grouping d-sets by partitioned row counts for detecting arrays...
Ready to look at pairs for detecting arrays...
First Stage N=56, Time=2
There are 298 remaining non-locating pairs
--- Running GA Algorithm (phase2) ---
Running GA with std::execution::par
Generation #0
37,44,0.001, 0.0267549, 0.0555091, 0.092959, 0.14443, 0.16878, 0.185829, 0.318377, 0.345954, 0.34864, 0.367246, 0.473409, 0.528373, 0.544366, 0.545316, 0.566079, 0.569536, 0.61873, 0.619655, 0.645932, 0.674566, 0.714711, 0.749404, 0.923007, 0.928754, 0.93718, 0.970291, 1, 

29,54,0.001, 0.011526, 0.042443, 0.075543, 0.228576, 0.235217, 0.253212, 0.311598, 0.337543, 0.375629, 0.454314, 0.494404, 0.629732, 0.782527, 0.86226, 0.865684, 0.873883, 0.879664, 1, 

32,51,0.001, 0.020831, 0.0277765, 0.0684892, 0.134797, 0.266026, 0.273634, 0.303244, 0.330039, 0.354456, 0.383192, 0.453627, 0.575572, 0.610274, 0.685476, 0.752031, 0.879795, 0.901287, 0.941149, 0.965511, 1, 

24,68,0.001, 0.0126846, 0.0205984, 0.0698369, 0.0711016, 0.096457, 0.181172, 0.335779, 0.347493, 0.362391, 0.375519, 0.438595, 0.452781, 0.86758, 0.942564, 1, 

21,153,0.001, 0.0373157, 0.181164, 0.211907, 0.243811, 0.337156, 0.404385, 0.564181, 0.590831, 0.593629, 1, 

Generation #1
21,153,0.001, 0.0373157, 0.181164, 0.211907, 0.243811, 0.337156, 0.404385, 0.564181, 0.590831, 0.593629, 1, 

26,31,0.001, 0.00300145, 0.0263891, 0.0319624, 0.0821495, 0.174644, 0.176036, 0.201348, 0.209017, 0.252523, 0.282764, 0.389226, 0.389666, 0.646174, 0.758307, 0.912843, 0.982413, 1, 

22,62,0.001, 0.0409527, 0.0638478, 0.121828, 0.122947, 0.13948, 0.221934, 0.22832, 0.249874, 0.37921, 1, 

Generation #2
21,153,0.001, 0.0373157, 0.181164, 0.211907, 0.243811, 0.337156, 0.404385, 0.564181, 0.590831, 0.593629, 1, 

26,31,0.001, 0.00300145, 0.0263891, 0.0319624, 0.0821495, 0.174644, 0.176036, 0.201348, 0.209017, 0.252523, 0.282764, 0.389226, 0.389666, 0.646174, 0.758307, 0.912843, 0.982413, 1, 

22,62,0.001, 0.0409527, 0.0638478, 0.121828, 0.122947, 0.13948, 0.221934, 0.22832, 0.249874, 0.37921, 1, 

24,57,0.001, 0.0409527, 0.0638478, 0.211907, 0.243811, 0.337156, 0.404385, 0.564181, 0.590831, 0.593629, 1, 

Generation #3
21,153,0.001, 0.0373157, 0.181164, 0.211907, 0.243811, 0.337156, 0.404385, 0.564181, 0.590831, 0.593629, 1, 

25,33,0.001, 0.0321937, 0.0348126, 0.0442745, 0.0708477, 0.0821495, 0.174644, 0.176036, 0.209017, 0.252523, 0.282764, 0.389226, 0.389666, 1, 

26,28,0.001, 0.0321937, 0.0348126, 0.0442745, 0.0708477, 0.0821495, 0.174644, 0.176036, 0.257178, 0.26125, 0.324234, 0.353341, 0.385149, 0.41474, 0.460056, 0.464313, 0.873883, 0.861451, 1, 

24,48,0.001, 0.0370623, 0.053153, 0.0618469, 0.0994438, 0.246326, 0.266185, 0.303041, 0.326007, 0.395129, 0.50265, 0.536229, 0.67376, 0.767833, 1, 

22,52,0.001, 0.0336214, 0.0646143, 0.06661, 0.090571, 0.0933571, 0.149382, 0.465409, 0.551145, 0.94074, 0.98032, 1, 

Generation #4
25,33,0.001, 0.0321937, 0.0348126, 0.0442745, 0.0708477, 0.0821495, 0.174644, 0.176036, 0.209017, 0.252523, 0.282764, 0.389226, 0.389666, 1, 

26,28,0.001, 0.0321937, 0.0348126, 0.0442745, 0.0708477, 0.0821495, 0.174644, 0.176036, 0.257178, 0.26125, 0.324234, 0.353341, 0.385149, 0.41474, 0.460056, 0.464313, 0.873883, 0.861451, 1, 

24,48,0.001, 0.0370623, 0.053153, 0.0618469, 0.0994438, 0.246326, 0.266185, 0.303041, 0.326007, 0.395129, 0.50265, 0.536229, 0.67376, 0.767833, 1, 

22,52,0.001, 0.0336214, 0.0646143, 0.06661, 0.090571, 0.0933571, 0.149382, 0.465409, 0.551145, 0.94074, 0.98032, 1, 

21,90,0.001, 0.0126846, 0.0205984, 0.0698369, 0.134797, 0.266026, 0.273634, 0.303244, 0.330039, 0.354456, 1, 

Generation #5
25,33,0.001, 0.0321937, 0.0348126, 0.0442745, 0.0708477, 0.0821495, 0.174644, 0.176036, 0.209017, 0.252523, 0.282764, 0.389226, 0.389666, 1, 

26,28,0.001, 0.0321937, 0.0348126, 0.0442745, 0.0708477, 0.0821495, 0.174644, 0.176036, 0.257178, 0.26125, 0.324234, 0.353341, 0.385149, 0.41474, 0.460056, 0.464313, 0.873883, 0.861451, 1, 

21,59,0.001, 0.0127573, 0.0226416, 0.0608992, 0.134797, 0.176036, 0.201348, 0.209017, 0.252523, 0.282764, 1, 

22,45,0.001, 0.0127573, 0.0226416, 0.0608992, 0.0967184, 0.129654, 0.176036, 0.201348, 0.209017, 0.252523, 0.282764, 1, 

23,43,0.001, 0.0321937, 0.0348126, 0.0442745, 0.0708477, 0.246326, 0.266185, 0.303041, 0.326007, 0.395129, 0.536229, 0.67376, 0.767833, 1, 

Generation #6
25,33,0.001, 0.0321937, 0.0348126, 0.0442745, 0.0708477, 0.0821495, 0.174644, 0.176036, 0.209017, 0.252523, 0.282764, 0.389226, 0.389666, 1, 

26,28,0.001, 0.0321937, 0.0348126, 0.0442745, 0.0708477, 0.0821495, 0.174644, 0.176036, 0.257178, 0.26125, 0.324234, 0.353341, 0.385149, 0.41474, 0.460056, 0.464313, 0.873883, 0.861451, 1, 

22,45,0.001, 0.0127573, 0.0226416, 0.0608992, 0.0967184, 0.129654, 0.176036, 0.201348, 0.209017, 0.252523, 0.282764, 1, 

23,43,0.001, 0.0321937, 0.0348126, 0.0442745, 0.0708477, 0.246326, 0.266185, 0.303041, 0.326007, 0.395129, 0.536229, 0.67376, 0.767833, 1, 

21,47,0.001, 0.00300145, 0.0263891, 0.0319624, 0.0708477, 0.16878, 0.185829, 0.303244, 0.375629, 0.919912, 1, 

20,52,0.001, 0.0126846, 0.0205984, 0.0698369, 0.134797, 0.176036, 0.201348, 0.209017, 0.590831, 1, 

Generation #7
25,33,0.001, 0.0321937, 0.0348126, 0.0442745, 0.0708477, 0.0821495, 0.174644, 0.176036, 0.209017, 0.252523, 0.282764, 0.389226, 0.389666, 1, 

26,28,0.001, 0.0321937, 0.0348126, 0.0442745, 0.0708477, 0.0821495, 0.174644, 0.176036, 0.257178, 0.26125, 0.324234, 0.353341, 0.385149, 0.41474, 0.460056, 0.464313, 0.873883, 0.861451, 1, 

22,45,0.001, 0.0127573, 0.0226416, 0.0608992, 0.0967184, 0.129654, 0.176036, 0.201348, 0.209017, 0.252523, 0.282764, 1, 

23,43,0.001, 0.0321937, 0.0348126, 0.0442745, 0.0708477, 0.246326, 0.266185, 0.303041, 0.326007, 0.395129, 0.536229, 0.67376, 0.767833, 1, 

21,47,0.001, 0.00300145, 0.0263891, 0.0319624, 0.0708477, 0.16878, 0.185829, 0.303244, 0.375629, 0.919912, 1, 

20,52,0.001, 0.0126846, 0.0205984, 0.0698369, 0.134797, 0.176036, 0.201348, 0.209017, 0.590831, 1, 

Generation #8
25,33,0.001, 0.0321937, 0.0348126, 0.0442745, 0.0708477, 0.0821495, 0.174644, 0.176036, 0.209017, 0.252523, 0.282764, 0.389226, 0.389666, 1, 

26,28,0.001, 0.0321937, 0.0348126, 0.0442745, 0.0708477, 0.0821495, 0.174644, 0.176036, 0.257178, 0.26125, 0.324234, 0.353341, 0.385149, 0.41474, 0.460056, 0.464313, 0.873883, 0.861451, 1, 

22,45,0.001, 0.0127573, 0.0226416, 0.0608992, 0.0967184, 0.129654, 0.176036, 0.201348, 0.209017, 0.252523, 0.282764, 1, 

21,47,0.001, 0.00300145, 0.0263891, 0.0319624, 0.0708477, 0.16878, 0.185829, 0.303244, 0.375629, 0.919912, 1, 

20,52,0.001, 0.0126846, 0.0205984, 0.0698369, 0.134797, 0.176036, 0.201348, 0.209017, 0.590831, 1, 

23,38,0.001, 0.00300145, 0.0263891, 0.0319624, 0.0821495, 0.129654, 0.174644, 0.176036, 0.209017, 0.252523, 0.282764, 0.389226, 0.389666, 1, 

Generation #9
26,28,0.001, 0.0321937, 0.0348126, 0.0442745, 0.0708477, 0.0821495, 0.174644, 0.176036, 0.257178, 0.26125, 0.324234, 0.353341, 0.385149, 0.41474, 0.460056, 0.464313, 0.873883, 0.861451, 1, 

20,35,0.001, 0.0321937, 0.0348126, 0.0442745, 0.0708477, 0.0821495, 0.176036, 0.201348, 0.209017, 0.438653, 1, 

23,33,0.001, 0.0321937, 0.0348126, 0.0442745, 0.0708477, 0.0821495, 0.174644, 0.176036, 0.209017, 0.252523, 0.282764, 1, 

Generation #10
26,28,0.001, 0.0321937, 0.0348126, 0.0442745, 0.0708477, 0.0821495, 0.174644, 0.176036, 0.257178, 0.26125, 0.324234, 0.353341, 0.385149, 0.41474, 0.460056, 0.464313, 0.873883, 0.861451, 1, 

20,35,0.001, 0.0321937, 0.0348126, 0.0442745, 0.0708477, 0.0821495, 0.176036, 0.201348, 0.209017, 0.438653, 1, 

23,33,0.001, 0.0321937, 0.0348126, 0.0442745, 0.0708477, 0.0821495, 0.174644, 0.176036, 0.209017, 0.252523, 0.282764, 1, 

Generation #11
26,28,0.001, 0.0321937, 0.0348126, 0.0442745, 0.0708477, 0.0821495, 0.174644, 0.176036, 0.257178, 0.26125, 0.324234, 0.353341, 0.385149, 0.41474, 0.460056, 0.464313, 0.873883, 0.861451, 1, 

20,35,0.001, 0.0321937, 0.0348126, 0.0442745, 0.0708477, 0.0821495, 0.176036, 0.201348, 0.209017, 0.438653, 1, 

23,33,0.001, 0.0321937, 0.0348126, 0.0442745, 0.0708477, 0.0821495, 0.174644, 0.176036, 0.209017, 0.252523, 0.282764, 1, 

Generation #12
26,28,0.001, 0.0321937, 0.0348126, 0.0442745, 0.0708477, 0.0821495, 0.174644, 0.176036, 0.257178, 0.26125, 0.324234, 0.353341, 0.385149, 0.41474, 0.460056, 0.464313, 0.873883, 0.861451, 1, 

20,35,0.001, 0.0321937, 0.0348126, 0.0442745, 0.0708477, 0.0821495, 0.176036, 0.201348, 0.209017, 0.438653, 1, 

23,33,0.001, 0.0321937, 0.0348126, 0.0442745, 0.0708477, 0.0821495, 0.174644, 0.176036, 0.209017, 0.252523, 0.282764, 1, 

22,34,0.001, 0.0321937, 0.0348126, 0.0442745, 0.0708477, 0.0821495, 0.176036, 0.176036, 0.209017, 0.252523, 0.282764, 1, 

Generation #13
26,28,0.001, 0.0321937, 0.0348126, 0.0442745, 0.0708477, 0.0821495, 0.174644, 0.176036, 0.257178, 0.26125, 0.324234, 0.353341, 0.385149, 0.41474, 0.460056, 0.464313, 0.873883, 0.861451, 1, 

20,35,0.001, 0.0321937, 0.0348126, 0.0442745, 0.0708477, 0.0821495, 0.176036, 0.201348, 0.209017, 0.438653, 1, 

23,33,0.001, 0.0321937, 0.0348126, 0.0442745, 0.0708477, 0.0821495, 0.174644, 0.176036, 0.209017, 0.252523, 0.282764, 1, 

22,34,0.001, 0.0321937, 0.0348126, 0.0442745, 0.0708477, 0.0821495, 0.176036, 0.176036, 0.209017, 0.252523, 0.282764, 1, 

Generation #14
26,28,0.001, 0.0321937, 0.0348126, 0.0442745, 0.0708477, 0.0821495, 0.174644, 0.176036, 0.257178, 0.26125, 0.324234, 0.353341, 0.385149, 0.41474, 0.460056, 0.464313, 0.873883, 0.861451, 1, 

20,35,0.001, 0.0321937, 0.0348126, 0.0442745, 0.0708477, 0.0821495, 0.176036, 0.201348, 0.209017, 0.438653, 1, 

23,33,0.001, 0.0321937, 0.0348126, 0.0442745, 0.0708477, 0.0821495, 0.174644, 0.176036, 0.209017, 0.252523, 0.282764, 1, 

22,34,0.001, 0.0321937, 0.0348126, 0.0442745, 0.0708477, 0.0821495, 0.176036, 0.176036, 0.209017, 0.252523, 0.282764, 1, 

27,27,0.001, 0.0321937, 0.0348126, 0.0442745, 0.0708477, 0.0821495, 0.174644, 0.176036, 0.209017, 0.252523, 0.282764, 0.353341, 0.385149, 0.41474, 0.460056, 0.464313, 0.873883, 0.861451, 1, 

Generation #15
26,28,0.001, 0.0321937, 0.0348126, 0.0442745, 0.0708477, 0.0821495, 0.174644, 0.176036, 0.257178, 0.26125, 0.324234, 0.353341, 0.385149, 0.41474, 0.460056, 0.464313, 0.873883, 0.861451, 1, 

20,35,0.001, 0.0321937, 0.0348126, 0.0442745, 0.0708477, 0.0821495, 0.176036, 0.201348, 0.209017, 0.438653, 1, 

23,33,0.001, 0.0321937, 0.0348126, 0.0442745, 0.0708477, 0.0821495, 0.174644, 0.176036, 0.209017, 0.252523, 0.282764, 1, 

22,34,0.001, 0.0321937, 0.0348126, 0.0442745, 0.0708477, 0.0821495, 0.176036, 0.176036, 0.209017, 0.252523, 0.282764, 1, 

27,27,0.001, 0.0321937, 0.0348126, 0.0442745, 0.0708477, 0.0821495, 0.174644, 0.176036, 0.209017, 0.252523, 0.282764, 0.353341, 0.385149, 0.41474, 0.460056, 0.464313, 0.873883, 0.861451, 1, 

Generation #16
26,28,0.001, 0.0321937, 0.0348126, 0.0442745, 0.0708477, 0.0821495, 0.174644, 0.176036, 0.257178, 0.26125, 0.324234, 0.353341, 0.385149, 0.41474, 0.460056, 0.464313, 0.873883, 0.861451, 1, 

20,35,0.001, 0.0321937, 0.0348126, 0.0442745, 0.0708477, 0.0821495, 0.176036, 0.201348, 0.209017, 0.438653, 1, 

23,33,0.001, 0.0321937, 0.0348126, 0.0442745, 0.0708477, 0.0821495, 0.174644, 0.176036, 0.209017, 0.252523, 0.282764, 1, 

22,34,0.001, 0.0321937, 0.0348126, 0.0442745, 0.0708477, 0.0821495, 0.176036, 0.176036, 0.209017, 0.252523, 0.282764, 1, 

27,27,0.001, 0.0321937, 0.0348126, 0.0442745, 0.0708477, 0.0821495, 0.174644, 0.176036, 0.209017, 0.252523, 0.282764, 0.353341, 0.385149, 0.41474, 0.460056, 0.464313, 0.873883, 0.861451, 1, 

Generation #17
26,28,0.001, 0.0321937, 0.0348126, 0.0442745, 0.0708477, 0.0821495, 0.174644, 0.176036, 0.257178, 0.26125, 0.324234, 0.353341, 0.385149, 0.41474, 0.460056, 0.464313, 0.873883, 0.861451, 1, 

20,35,0.001, 0.0321937, 0.0348126, 0.0442745, 0.0708477, 0.0821495, 0.176036, 0.201348, 0.209017, 0.438653, 1, 

27,27,0.001, 0.0321937, 0.0348126, 0.0442745, 0.0708477, 0.0821495, 0.174644, 0.176036, 0.209017, 0.252523, 0.282764, 0.353341, 0.385149, 0.41474, 0.460056, 0.464313, 0.873883, 0.861451, 1, 

21,31,0.001, 0.0321937, 0.0348126, 0.0442745, 0.0708477, 0.0821495, 0.176036, 0.201348, 0.209017, 0.252523, 0.282764, 0.389226, 1, 

Generation #18
26,28,0.001, 0.0321937, 0.0348126, 0.0442745, 0.0708477, 0.0821495, 0.174644, 0.176036, 0.257178, 0.26125, 0.324234, 0.353341, 0.385149, 0.41474, 0.460056, 0.464313, 0.873883, 0.861451, 1, 

20,35,0.001, 0.0321937, 0.0348126, 0.0442745, 0.0708477, 0.0821495, 0.176036, 0.201348, 0.209017, 0.438653, 1, 

27,27,0.001, 0.0321937, 0.0348126, 0.0442745, 0.0708477, 0.0821495, 0.174644, 0.176036, 0.209017, 0.252523, 0.282764, 0.353341, 0.385149, 0.41474, 0.460056, 0.464313, 0.873883, 0.861451, 1, 

21,31,0.001, 0.0321937, 0.0348126, 0.0442745, 0.0708477, 0.0821495, 0.176036, 0.201348, 0.209017, 0.252523, 0.282764, 0.389226, 1, 

Generation #19
26,28,0.001, 0.0321937, 0.0348126, 0.0442745, 0.0708477, 0.0821495, 0.174644, 0.176036, 0.257178, 0.26125, 0.324234, 0.353341, 0.385149, 0.41474, 0.460056, 0.464313, 0.873883, 0.861451, 1, 

20,35,0.001, 0.0321937, 0.0348126, 0.0442745, 0.0708477, 0.0821495, 0.176036, 0.201348, 0.209017, 0.438653, 1, 

27,27,0.001, 0.0321937, 0.0348126, 0.0442745, 0.0708477, 0.0821495, 0.174644, 0.176036, 0.209017, 0.252523, 0.282764, 0.353341, 0.385149, 0.41474, 0.460056, 0.464313, 0.873883, 0.861451, 1, 

21,31,0.001, 0.0321937, 0.0348126, 0.0442745, 0.0708477, 0.0821495, 0.176036, 0.201348, 0.209017, 0.252523, 0.282764, 0.389226, 1, 

Generation #20
20,25,0.001, 0.0321937, 0.0348126, 0.0442745, 0.0708477, 0.0821495, 0.174644, 0.176036, 0.201348, 0.37921, 1, 

Generation #21
20,25,0.001, 0.0321937, 0.0348126, 0.0442745, 0.0708477, 0.0821495, 0.174644, 0.176036, 0.201348, 0.37921, 1, 

Generation #22
20,25,0.001, 0.0321937, 0.0348126, 0.0442745, 0.0708477, 0.0821495, 0.174644, 0.176036, 0.201348, 0.37921, 1, 

19,36,0.001, 0.0321937, 0.0348126, 0.0442745, 0.0967184, 0.129654, 0.176036, 0.133632, 0.209017, 0.408476, 1, 

Generation #23
20,25,0.001, 0.0321937, 0.0348126, 0.0442745, 0.0708477, 0.0821495, 0.174644, 0.176036, 0.201348, 0.37921, 1, 

19,36,0.001, 0.0321937, 0.0348126, 0.0442745, 0.0967184, 0.129654, 0.176036, 0.133632, 0.209017, 0.408476, 1, 

Generation #24
20,25,0.001, 0.0321937, 0.0348126, 0.0442745, 0.0708477, 0.0821495, 0.174644, 0.176036, 0.201348, 0.37921, 1, 

19,36,0.001, 0.0321937, 0.0348126, 0.0442745, 0.0967184, 0.129654, 0.176036, 0.133632, 0.209017, 0.408476, 1, 

Generation #25
20,25,0.001, 0.0321937, 0.0348126, 0.0442745, 0.0708477, 0.0821495, 0.174644, 0.176036, 0.201348, 0.37921, 1, 

19,36,0.001, 0.0321937, 0.0348126, 0.0442745, 0.0967184, 0.129654, 0.176036, 0.133632, 0.209017, 0.408476, 1, 

Generation #26
20,25,0.001, 0.0321937, 0.0348126, 0.0442745, 0.0708477, 0.0821495, 0.174644, 0.176036, 0.201348, 0.37921, 1, 

19,36,0.001, 0.0321937, 0.0348126, 0.0442745, 0.0967184, 0.129654, 0.176036, 0.133632, 0.209017, 0.408476, 1, 

Generation #27
20,25,0.001, 0.0321937, 0.0348126, 0.0442745, 0.0708477, 0.0821495, 0.174644, 0.176036, 0.201348, 0.37921, 1, 

19,36,0.001, 0.0321937, 0.0348126, 0.0442745, 0.0967184, 0.129654, 0.176036, 0.133632, 0.209017, 0.408476, 1, 

Generation #28
20,25,0.001, 0.0321937, 0.0348126, 0.0442745, 0.0708477, 0.0821495, 0.174644, 0.176036, 0.201348, 0.37921, 1, 

19,36,0.001, 0.0321937, 0.0348126, 0.0442745, 0.0967184, 0.129654, 0.176036, 0.133632, 0.209017, 0.408476, 1, 

Generation #29
20,25,0.001, 0.0321937, 0.0348126, 0.0442745, 0.0708477, 0.0821495, 0.174644, 0.176036, 0.201348, 0.37921, 1, 

19,36,0.001, 0.0321937, 0.0348126, 0.0442745, 0.0967184, 0.129654, 0.176036, 0.133632, 0.209017, 0.408476, 1, 

Generation #30
20,25,0.001, 0.0321937, 0.0348126, 0.0442745, 0.0708477, 0.0821495, 0.174644, 0.176036, 0.201348, 0.37921, 1, 

19,36,0.001, 0.0321937, 0.0348126, 0.0442745, 0.0967184, 0.129654, 0.176036, 0.133632, 0.209017, 0.408476, 1, 

Generation #31
20,25,0.001, 0.0321937, 0.0348126, 0.0442745, 0.0708477, 0.0821495, 0.174644, 0.176036, 0.201348, 0.37921, 1, 

19,36,0.001, 0.0321937, 0.0348126, 0.0442745, 0.0967184, 0.129654, 0.176036, 0.133632, 0.209017, 0.408476, 1, 

Generation #32
20,25,0.001, 0.0321937, 0.0348126, 0.0442745, 0.0708477, 0.0821495, 0.174644, 0.176036, 0.201348, 0.37921, 1, 

19,36,0.001, 0.0321937, 0.0348126, 0.0442745, 0.0967184, 0.129654, 0.176036, 0.133632, 0.209017, 0.408476, 1, 

Generation #33
20,25,0.001, 0.0321937, 0.0348126, 0.0442745, 0.0708477, 0.0821495, 0.174644, 0.176036, 0.201348, 0.37921, 1, 

19,36,0.001, 0.0321937, 0.0348126, 0.0442745, 0.0967184, 0.129654, 0.176036, 0.133632, 0.209017, 0.408476, 1, 

Generation #34
20,25,0.001, 0.0321937, 0.0348126, 0.0442745, 0.0708477, 0.0821495, 0.174644, 0.176036, 0.201348, 0.37921, 1, 

19,36,0.001, 0.0321937, 0.0348126, 0.0442745, 0.0967184, 0.129654, 0.176036, 0.133632, 0.209017, 0.408476, 1, 

Generation #35
20,25,0.001, 0.0321937, 0.0348126, 0.0442745, 0.0708477, 0.0821495, 0.174644, 0.176036, 0.201348, 0.37921, 1, 

19,36,0.001, 0.0321937, 0.0348126, 0.0442745, 0.0967184, 0.129654, 0.176036, 0.133632, 0.209017, 0.408476, 1, 

Generation #36
20,25,0.001, 0.0321937, 0.0348126, 0.0442745, 0.0708477, 0.0821495, 0.174644, 0.176036, 0.201348, 0.37921, 1, 

19,36,0.001, 0.0321937, 0.0348126, 0.0442745, 0.0967184, 0.129654, 0.176036, 0.133632, 0.209017, 0.408476, 1, 

Generation #37
20,25,0.001, 0.0321937, 0.0348126, 0.0442745, 0.0708477, 0.0821495, 0.174644, 0.176036, 0.201348, 0.37921, 1, 

19,36,0.001, 0.0321937, 0.0348126, 0.0442745, 0.0967184, 0.129654, 0.176036, 0.133632, 0.209017, 0.408476, 1, 

Generation #38
20,25,0.001, 0.0321937, 0.0348126, 0.0442745, 0.0708477, 0.0821495, 0.174644, 0.176036, 0.201348, 0.37921, 1, 

19,36,0.001, 0.0321937, 0.0348126, 0.0442745, 0.0967184, 0.129654, 0.176036, 0.133632, 0.209017, 0.408476, 1, 

Generation #39
20,25,0.001, 0.0321937, 0.0348126, 0.0442745, 0.0708477, 0.0821495, 0.174644, 0.176036, 0.201348, 0.37921, 1, 

19,36,0.001, 0.0321937, 0.0348126, 0.0442745, 0.0967184, 0.129654, 0.176036, 0.133632, 0.209017, 0.408476, 1, 

Generation #40
20,25,0.001, 0.0321937, 0.0348126, 0.0442745, 0.0708477, 0.0821495, 0.174644, 0.176036, 0.201348, 0.37921, 1, 

19,36,0.001, 0.0321937, 0.0348126, 0.0442745, 0.0967184, 0.129654, 0.176036, 0.133632, 0.209017, 0.408476, 1, 

Generation #41
20,25,0.001, 0.0321937, 0.0348126, 0.0442745, 0.0708477, 0.0821495, 0.174644, 0.176036, 0.201348, 0.37921, 1, 

19,36,0.001, 0.0321937, 0.0348126, 0.0442745, 0.0967184, 0.129654, 0.176036, 0.133632, 0.209017, 0.408476, 1, 

Generation #42
20,25,0.001, 0.0321937, 0.0348126, 0.0442745, 0.0708477, 0.0821495, 0.174644, 0.176036, 0.201348, 0.37921, 1, 

19,36,0.001, 0.0321937, 0.0348126, 0.0442745, 0.0967184, 0.129654, 0.176036, 0.133632, 0.209017, 0.408476, 1, 

Generation #43
20,25,0.001, 0.0321937, 0.0348126, 0.0442745, 0.0708477, 0.0821495, 0.174644, 0.176036, 0.201348, 0.37921, 1, 

19,36,0.001, 0.0321937, 0.0348126, 0.0442745, 0.0967184, 0.129654, 0.176036, 0.133632, 0.209017, 0.408476, 1, 

Generation #44
20,25,0.001, 0.0321937, 0.0348126, 0.0442745, 0.0708477, 0.0821495, 0.174644, 0.176036, 0.201348, 0.37921, 1, 

19,36,0.001, 0.0321937, 0.0348126, 0.0442745, 0.0967184, 0.129654, 0.176036, 0.133632, 0.209017, 0.408476, 1, 

Generation #45
20,25,0.001, 0.0321937, 0.0348126, 0.0442745, 0.0708477, 0.0821495, 0.174644, 0.176036, 0.201348, 0.37921, 1, 

19,36,0.001, 0.0321937, 0.0348126, 0.0442745, 0.0967184, 0.129654, 0.176036, 0.133632, 0.209017, 0.408476, 1, 

Generation #46
20,25,0.001, 0.0321937, 0.0348126, 0.0442745, 0.0708477, 0.0821495, 0.174644, 0.176036, 0.201348, 0.37921, 1, 

19,36,0.001, 0.0321937, 0.0348126, 0.0442745, 0.0967184, 0.129654, 0.176036, 0.133632, 0.209017, 0.408476, 1, 

Generation #47
20,25,0.001, 0.0321937, 0.0348126, 0.0442745, 0.0708477, 0.0821495, 0.174644, 0.176036, 0.201348, 0.37921, 1, 

19,36,0.001, 0.0321937, 0.0348126, 0.0442745, 0.0967184, 0.129654, 0.176036, 0.133632, 0.209017, 0.408476, 1, 

Generation #48
20,25,0.001, 0.0321937, 0.0348126, 0.0442745, 0.0708477, 0.0821495, 0.174644, 0.176036, 0.201348, 0.37921, 1, 

19,36,0.001, 0.0321937, 0.0348126, 0.0442745, 0.0967184, 0.129654, 0.176036, 0.133632, 0.209017, 0.408476, 1, 

Generation #49
20,25,0.001, 0.0321937, 0.0348126, 0.0442745, 0.0708477, 0.0821495, 0.174644, 0.176036, 0.201348, 0.37921, 1, 

19,36,0.001, 0.0321937, 0.0348126, 0.0442745, 0.0967184, 0.129654, 0.176036, 0.133632, 0.209017, 0.408476, 1, 

--- Pareto Front Solutions ---
Solution 0: N total=76 (N_initial=56, N_added=20), Time total=27 ms, Saved to: ./results/SPINS_t2_l3_pareto_0.csv, percents=0.001, 0.0321937, 0.0348126, 0.0442745, 0.0708477, 0.0821495, 0.174644, 0.176036, 0.201348, 0.37921, 1, 

Solution 1: N total=75 (N_initial=56, N_added=19), Time total=38 ms, Saved to: ./results/SPINS_t2_l3_pareto_1.csv, percents=0.001, 0.0321937, 0.0348126, 0.0442745, 0.0967184, 0.129654, 0.176036, 0.133632, 0.209017, 0.408476, 1, 

------------d=1, t=2, lambda=4, filename=./evaluation/SPINS/SPINS_2_4.csv------------
Grouping d-sets by partitioned row counts for detecting arrays...
Ready to look at pairs for detecting arrays...
First Stage N=64, Time=2
There are 479 remaining non-locating pairs
--- Running GA Algorithm (phase2) ---
Running GA with std::execution::par
Generation #0
27,210,0.001, 0.0202612, 0.234493, 0.237878, 0.265273, 0.279441, 0.291524, 0.4591, 0.532476, 0.974424, 0.987264, 1, 

40,72,0.001, 0.0449058, 0.0453553, 0.0561146, 0.0771068, 0.0873171, 0.126771, 0.149864, 0.18125, 0.207535, 0.240493, 0.25232, 0.343615, 0.441775, 0.46436, 0.510241, 0.511073, 0.558379, 0.576171, 0.597683, 0.60637, 0.620605, 0.750379, 0.771641, 0.974729, 0.977743, 1, 

30,118,0.001, 0.0291581, 0.094222, 0.125762, 0.13238, 0.143173, 0.183909, 0.390266, 0.48143, 0.485976, 0.761089, 0.923943, 0.953225, 1, 

29,174,0.001, 0.0614921, 0.158926, 0.254372, 0.382242, 0.401445, 0.430918, 0.551795, 0.58954, 0.721915, 0.739007, 0.862502, 1, 

Generation #1
27,210,0.001, 0.0202612, 0.234493, 0.237878, 0.265273, 0.279441, 0.291524, 0.4591, 0.532476, 0.974424, 0.987264, 1, 

40,72,0.001, 0.0449058, 0.0453553, 0.0561146, 0.0771068, 0.0873171, 0.126771, 0.149864, 0.18125, 0.207535, 0.240493, 0.25232, 0.343615, 0.441775, 0.46436, 0.510241, 0.511073, 0.558379, 0.576171, 0.597683, 0.60637, 0.620605, 0.750379, 0.771641, 0.974729, 0.977743, 1, 

30,87,0.001, 0.0959875, 0.116307, 0.120765, 0.135413, 0.15528, 0.190463, 0.273964, 0.304518, 0.309026, 0.357343, 0.365169, 0.400387, 1, 

46,62,0.001, 0.0304904, 0.0381905, 0.0716534, 0.0860775, 0.096619, 0.106373, 0.150978, 0.160651, 0.171162, 0.185856, 0.248602, 0.283888, 0.43439, 0.44474, 0.548911, 0.662958, 0.710232, 0.711822, 0.734454, 0.776794, 0.792674, 0.806144, 0.817812, 0.831869, 0.854616, 0.90263, 0.905709, 0.913205, 0.972851, 1, 

29,138,0.001, 0.117167, 0.193543, 0.237117, 0.24286, 0.464309, 0.478883, 0.586879, 0.724275, 0.830424, 0.957126, 1, 

Generation #2
29,61,0.001, 0.0449058, 0.0453553, 0.0561146, 0.0771068, 0.0873171, 0.126771, 0.149864, 0.18125, 0.207535, 0.240493, 1, 

27,118,0.001, 0.0802771, 0.145651, 0.157573, 0.161721, 0.164429, 0.211355, 0.294984, 0.349427, 0.354738, 0.3879, 0.488297, 1, 

Generation #3
29,61,0.001, 0.0449058, 0.0453553, 0.0561146, 0.0771068, 0.0873171, 0.126771, 0.149864, 0.18125, 0.207535, 0.240493, 1, 

27,74,0.001, 0.0173013, 0.0504709, 0.0572771, 0.0953259, 0.201146, 0.287602, 0.302623, 0.331841, 0.366934, 0.415505, 1, 

Generation #4
27,61,0.001, 0.0304904, 0.0381905, 0.0716534, 0.0860775, 0.096619, 0.106373, 0.150978, 0.349427, 0.354738, 0.3879, 0.488297, 1, 

Generation #5
24,46,0.001, 0.0304904, 0.0381905, 0.0716534, 0.0860775, 0.096619, 0.106373, 0.273964, 0.304518, 0.309026, 0.357343, 0.365169, 0.400387, 1, 

Generation #6
24,46,0.001, 0.0304904, 0.0381905, 0.0716534, 0.0860775, 0.096619, 0.106373, 0.273964, 0.304518, 0.309026, 0.357343, 0.365169, 0.400387, 1, 

Generation #7
24,46,0.001, 0.0304904, 0.0381905, 0.0716534, 0.0860775, 0.096619, 0.106373, 0.273964, 0.304518, 0.309026, 0.357343, 0.365169, 0.400387, 1, 

Generation #8
24,46,0.001, 0.0304904, 0.0381905, 0.0716534, 0.0860775, 0.096619, 0.106373, 0.273964, 0.304518, 0.309026, 0.357343, 0.365169, 0.400387, 1, 

Generation #9
24,46,0.001, 0.0304904, 0.0381905, 0.0716534, 0.0860775, 0.096619, 0.106373, 0.273964, 0.304518, 0.309026, 0.357343, 0.365169, 0.400387, 1, 

Generation #10
24,46,0.001, 0.0304904, 0.0381905, 0.0716534, 0.0860775, 0.096619, 0.106373, 0.273964, 0.304518, 0.309026, 0.357343, 0.365169, 0.400387, 1, 

Generation #11
24,46,0.001, 0.0304904, 0.0381905, 0.0716534, 0.0860775, 0.096619, 0.106373, 0.273964, 0.304518, 0.309026, 0.357343, 0.365169, 0.400387, 1, 

Generation #12
24,46,0.001, 0.0304904, 0.0381905, 0.0716534, 0.0860775, 0.096619, 0.106373, 0.273964, 0.304518, 0.309026, 0.357343, 0.365169, 0.400387, 1, 

25,44,0.001, 0.0291581, 0.0381905, 0.0439903, 0.0771068, 0.0873171, 0.126771, 0.149864, 0.18125, 0.207535, 0.240493, 1, 

Generation #13
24,46,0.001, 0.0304904, 0.0381905, 0.0716534, 0.0860775, 0.096619, 0.106373, 0.273964, 0.304518, 0.309026, 0.357343, 0.365169, 0.400387, 1, 

25,44,0.001, 0.0291581, 0.0381905, 0.0439903, 0.0771068, 0.0873171, 0.126771, 0.149864, 0.18125, 0.207535, 0.240493, 1, 

Generation #14
24,46,0.001, 0.0304904, 0.0381905, 0.0716534, 0.0860775, 0.096619, 0.106373, 0.273964, 0.304518, 0.309026, 0.357343, 0.365169, 0.400387, 1, 

25,44,0.001, 0.0291581, 0.0381905, 0.0439903, 0.0771068, 0.0873171, 0.126771, 0.149864, 0.18125, 0.207535, 0.240493, 1, 

Generation #15
24,46,0.001, 0.0304904, 0.0381905, 0.0716534, 0.0860775, 0.096619, 0.106373, 0.273964, 0.304518, 0.309026, 0.357343, 0.365169, 0.400387, 1, 

25,44,0.001, 0.0291581, 0.0381905, 0.0439903, 0.0771068, 0.0873171, 0.126771, 0.149864, 0.18125, 0.207535, 0.240493, 1, 

Generation #16
24,46,0.001, 0.0304904, 0.0381905, 0.0716534, 0.0860775, 0.096619, 0.106373, 0.273964, 0.304518, 0.309026, 0.357343, 0.365169, 0.400387, 1, 

25,44,0.001, 0.0291581, 0.0381905, 0.0439903, 0.0771068, 0.0873171, 0.126771, 0.149864, 0.18125, 0.207535, 0.240493, 1, 

Generation #17
24,46,0.001, 0.0304904, 0.0381905, 0.0716534, 0.0860775, 0.096619, 0.106373, 0.273964, 0.304518, 0.309026, 0.357343, 0.365169, 0.400387, 1, 

25,44,0.001, 0.0291581, 0.0381905, 0.0439903, 0.0771068, 0.0873171, 0.126771, 0.149864, 0.18125, 0.207535, 0.240493, 1, 

Generation #18
24,46,0.001, 0.0304904, 0.0381905, 0.0716534, 0.0860775, 0.096619, 0.106373, 0.273964, 0.304518, 0.309026, 0.357343, 0.365169, 0.400387, 1, 

25,44,0.001, 0.0291581, 0.0381905, 0.0439903, 0.0771068, 0.0873171, 0.126771, 0.149864, 0.18125, 0.207535, 0.240493, 1, 

Generation #19
24,46,0.001, 0.0304904, 0.0381905, 0.0716534, 0.0860775, 0.096619, 0.106373, 0.273964, 0.304518, 0.309026, 0.357343, 0.365169, 0.400387, 1, 

25,44,0.001, 0.0291581, 0.0381905, 0.0439903, 0.0771068, 0.0873171, 0.126771, 0.149864, 0.18125, 0.207535, 0.240493, 1, 

Generation #20
24,46,0.001, 0.0304904, 0.0381905, 0.0716534, 0.0860775, 0.096619, 0.106373, 0.273964, 0.304518, 0.309026, 0.357343, 0.365169, 0.400387, 1, 

25,44,0.001, 0.0291581, 0.0381905, 0.0439903, 0.0771068, 0.0873171, 0.126771, 0.149864, 0.18125, 0.207535, 0.240493, 1, 

Generation #21
24,46,0.001, 0.0304904, 0.0381905, 0.0716534, 0.0860775, 0.096619, 0.106373, 0.273964, 0.304518, 0.309026, 0.357343, 0.365169, 0.400387, 1, 

25,44,0.001, 0.0291581, 0.0381905, 0.0439903, 0.0771068, 0.0873171, 0.126771, 0.149864, 0.18125, 0.207535, 0.240493, 1, 

Generation #22
24,46,0.001, 0.0304904, 0.0381905, 0.0716534, 0.0860775, 0.096619, 0.106373, 0.273964, 0.304518, 0.309026, 0.357343, 0.365169, 0.400387, 1, 

25,44,0.001, 0.0291581, 0.0381905, 0.0439903, 0.0771068, 0.0873171, 0.126771, 0.149864, 0.18125, 0.207535, 0.240493, 1, 

23,76,0.001, 0.0291581, 0.0381905, 0.0439903, 0.0873171, 0.126771, 0.149864, 0.18125, 0.207535, 0.240493, 1, 

Generation #23
24,46,0.001, 0.0304904, 0.0381905, 0.0716534, 0.0860775, 0.096619, 0.106373, 0.273964, 0.304518, 0.309026, 0.357343, 0.365169, 0.400387, 1, 

25,44,0.001, 0.0291581, 0.0381905, 0.0439903, 0.0771068, 0.0873171, 0.126771, 0.149864, 0.18125, 0.207535, 0.240493, 1, 

23,76,0.001, 0.0291581, 0.0381905, 0.0439903, 0.0873171, 0.126771, 0.149864, 0.18125, 0.207535, 0.240493, 1, 

33,42,0.001, 0.0291581, 0.0381905, 0.0439903, 0.0771068, 0.0873171, 0.126771, 0.149864, 0.18125, 0.207535, 0.240493, 0.25232, 0.343615, 0.441775, 0.46436, 0.46436, 0.510241, 0.876089, 0.624389, 0.992969, 1, 

Generation #24
24,46,0.001, 0.0304904, 0.0381905, 0.0716534, 0.0860775, 0.096619, 0.106373, 0.273964, 0.304518, 0.309026, 0.357343, 0.365169, 0.400387, 1, 

25,44,0.001, 0.0291581, 0.0381905, 0.0439903, 0.0771068, 0.0873171, 0.126771, 0.149864, 0.18125, 0.207535, 0.240493, 1, 

23,76,0.001, 0.0291581, 0.0381905, 0.0439903, 0.0873171, 0.126771, 0.149864, 0.18125, 0.207535, 0.240493, 1, 

33,42,0.001, 0.0291581, 0.0381905, 0.0439903, 0.0771068, 0.0873171, 0.126771, 0.149864, 0.18125, 0.207535, 0.240493, 0.25232, 0.343615, 0.441775, 0.46436, 0.46436, 0.510241, 0.876089, 0.624389, 0.992969, 1, 

Generation #25
24,46,0.001, 0.0304904, 0.0381905, 0.0716534, 0.0860775, 0.096619, 0.106373, 0.273964, 0.304518, 0.309026, 0.357343, 0.365169, 0.400387, 1, 

25,44,0.001, 0.0291581, 0.0381905, 0.0439903, 0.0771068, 0.0873171, 0.126771, 0.149864, 0.18125, 0.207535, 0.240493, 1, 

23,76,0.001, 0.0291581, 0.0381905, 0.0439903, 0.0873171, 0.126771, 0.149864, 0.18125, 0.207535, 0.240493, 1, 

33,42,0.001, 0.0291581, 0.0381905, 0.0439903, 0.0771068, 0.0873171, 0.126771, 0.149864, 0.18125, 0.207535, 0.240493, 0.25232, 0.343615, 0.441775, 0.46436, 0.46436, 0.510241, 0.876089, 0.624389, 0.992969, 1, 

Generation #26
24,46,0.001, 0.0304904, 0.0381905, 0.0716534, 0.0860775, 0.096619, 0.106373, 0.273964, 0.304518, 0.309026, 0.357343, 0.365169, 0.400387, 1, 

25,44,0.001, 0.0291581, 0.0381905, 0.0439903, 0.0771068, 0.0873171, 0.126771, 0.149864, 0.18125, 0.207535, 0.240493, 1, 

23,76,0.001, 0.0291581, 0.0381905, 0.0439903, 0.0873171, 0.126771, 0.149864, 0.18125, 0.207535, 0.240493, 1, 

33,42,0.001, 0.0291581, 0.0381905, 0.0439903, 0.0771068, 0.0873171, 0.126771, 0.149864, 0.18125, 0.207535, 0.240493, 0.25232, 0.343615, 0.441775, 0.46436, 0.46436, 0.510241, 0.876089, 0.624389, 0.992969, 1, 

Generation #27
24,46,0.001, 0.0304904, 0.0381905, 0.0716534, 0.0860775, 0.096619, 0.106373, 0.273964, 0.304518, 0.309026, 0.357343, 0.365169, 0.400387, 1, 

25,44,0.001, 0.0291581, 0.0381905, 0.0439903, 0.0771068, 0.0873171, 0.126771, 0.149864, 0.18125, 0.207535, 0.240493, 1, 

23,76,0.001, 0.0291581, 0.0381905, 0.0439903, 0.0873171, 0.126771, 0.149864, 0.18125, 0.207535, 0.240493, 1, 

33,42,0.001, 0.0291581, 0.0381905, 0.0439903, 0.0771068, 0.0873171, 0.126771, 0.149864, 0.18125, 0.207535, 0.240493, 0.25232, 0.343615, 0.441775, 0.46436, 0.46436, 0.510241, 0.876089, 0.624389, 0.992969, 1, 

Generation #28
24,46,0.001, 0.0304904, 0.0381905, 0.0716534, 0.0860775, 0.096619, 0.106373, 0.273964, 0.304518, 0.309026, 0.357343, 0.365169, 0.400387, 1, 

25,44,0.001, 0.0291581, 0.0381905, 0.0439903, 0.0771068, 0.0873171, 0.126771, 0.149864, 0.18125, 0.207535, 0.240493, 1, 

23,76,0.001, 0.0291581, 0.0381905, 0.0439903, 0.0873171, 0.126771, 0.149864, 0.18125, 0.207535, 0.240493, 1, 

33,42,0.001, 0.0291581, 0.0381905, 0.0439903, 0.0771068, 0.0873171, 0.126771, 0.149864, 0.18125, 0.207535, 0.240493, 0.25232, 0.343615, 0.441775, 0.46436, 0.46436, 0.510241, 0.876089, 0.624389, 0.992969, 1, 

Generation #29
24,46,0.001, 0.0304904, 0.0381905, 0.0716534, 0.0860775, 0.096619, 0.106373, 0.273964, 0.304518, 0.309026, 0.357343, 0.365169, 0.400387, 1, 

25,44,0.001, 0.0291581, 0.0381905, 0.0439903, 0.0771068, 0.0873171, 0.126771, 0.149864, 0.18125, 0.207535, 0.240493, 1, 

23,76,0.001, 0.0291581, 0.0381905, 0.0439903, 0.0873171, 0.126771, 0.149864, 0.18125, 0.207535, 0.240493, 1, 

33,42,0.001, 0.0291581, 0.0381905, 0.0439903, 0.0771068, 0.0873171, 0.126771, 0.149864, 0.18125, 0.207535, 0.240493, 0.25232, 0.343615, 0.441775, 0.46436, 0.46436, 0.510241, 0.876089, 0.624389, 0.992969, 1, 

Generation #30
24,46,0.001, 0.0304904, 0.0381905, 0.0716534, 0.0860775, 0.096619, 0.106373, 0.273964, 0.304518, 0.309026, 0.357343, 0.365169, 0.400387, 1, 

25,44,0.001, 0.0291581, 0.0381905, 0.0439903, 0.0771068, 0.0873171, 0.126771, 0.149864, 0.18125, 0.207535, 0.240493, 1, 

23,76,0.001, 0.0291581, 0.0381905, 0.0439903, 0.0873171, 0.126771, 0.149864, 0.18125, 0.207535, 0.240493, 1, 

33,42,0.001, 0.0291581, 0.0381905, 0.0439903, 0.0771068, 0.0873171, 0.126771, 0.149864, 0.18125, 0.207535, 0.240493, 0.25232, 0.343615, 0.441775, 0.46436, 0.46436, 0.510241, 0.876089, 0.624389, 0.992969, 1, 

Generation #31
24,46,0.001, 0.0304904, 0.0381905, 0.0716534, 0.0860775, 0.096619, 0.106373, 0.273964, 0.304518, 0.309026, 0.357343, 0.365169, 0.400387, 1, 

25,44,0.001, 0.0291581, 0.0381905, 0.0439903, 0.0771068, 0.0873171, 0.126771, 0.149864, 0.18125, 0.207535, 0.240493, 1, 

23,76,0.001, 0.0291581, 0.0381905, 0.0439903, 0.0873171, 0.126771, 0.149864, 0.18125, 0.207535, 0.240493, 1, 

33,42,0.001, 0.0291581, 0.0381905, 0.0439903, 0.0771068, 0.0873171, 0.126771, 0.149864, 0.18125, 0.207535, 0.240493, 0.25232, 0.343615, 0.441775, 0.46436, 0.46436, 0.510241, 0.876089, 0.624389, 0.992969, 1, 

Generation #32
24,46,0.001, 0.0304904, 0.0381905, 0.0716534, 0.0860775, 0.096619, 0.106373, 0.273964, 0.304518, 0.309026, 0.357343, 0.365169, 0.400387, 1, 

25,44,0.001, 0.0291581, 0.0381905, 0.0439903, 0.0771068, 0.0873171, 0.126771, 0.149864, 0.18125, 0.207535, 0.240493, 1, 

23,76,0.001, 0.0291581, 0.0381905, 0.0439903, 0.0873171, 0.126771, 0.149864, 0.18125, 0.207535, 0.240493, 1, 

33,42,0.001, 0.0291581, 0.0381905, 0.0439903, 0.0771068, 0.0873171, 0.126771, 0.149864, 0.18125, 0.207535, 0.240493, 0.25232, 0.343615, 0.441775, 0.46436, 0.46436, 0.510241, 0.876089, 0.624389, 0.992969, 1, 

Generation #33
24,46,0.001, 0.0304904, 0.0381905, 0.0716534, 0.0860775, 0.096619, 0.106373, 0.273964, 0.304518, 0.309026, 0.357343, 0.365169, 0.400387, 1, 

25,44,0.001, 0.0291581, 0.0381905, 0.0439903, 0.0771068, 0.0873171, 0.126771, 0.149864, 0.18125, 0.207535, 0.240493, 1, 

23,76,0.001, 0.0291581, 0.0381905, 0.0439903, 0.0873171, 0.126771, 0.149864, 0.18125, 0.207535, 0.240493, 1, 

33,42,0.001, 0.0291581, 0.0381905, 0.0439903, 0.0771068, 0.0873171, 0.126771, 0.149864, 0.18125, 0.207535, 0.240493, 0.25232, 0.343615, 0.441775, 0.46436, 0.46436, 0.510241, 0.876089, 0.624389, 0.992969, 1, 

Generation #34
24,46,0.001, 0.0304904, 0.0381905, 0.0716534, 0.0860775, 0.096619, 0.106373, 0.273964, 0.304518, 0.309026, 0.357343, 0.365169, 0.400387, 1, 

25,44,0.001, 0.0291581, 0.0381905, 0.0439903, 0.0771068, 0.0873171, 0.126771, 0.149864, 0.18125, 0.207535, 0.240493, 1, 

23,76,0.001, 0.0291581, 0.0381905, 0.0439903, 0.0873171, 0.126771, 0.149864, 0.18125, 0.207535, 0.240493, 1, 

33,42,0.001, 0.0291581, 0.0381905, 0.0439903, 0.0771068, 0.0873171, 0.126771, 0.149864, 0.18125, 0.207535, 0.240493, 0.25232, 0.343615, 0.441775, 0.46436, 0.46436, 0.510241, 0.876089, 0.624389, 0.992969, 1, 

Generation #35
24,46,0.001, 0.0304904, 0.0381905, 0.0716534, 0.0860775, 0.096619, 0.106373, 0.273964, 0.304518, 0.309026, 0.357343, 0.365169, 0.400387, 1, 

25,44,0.001, 0.0291581, 0.0381905, 0.0439903, 0.0771068, 0.0873171, 0.126771, 0.149864, 0.18125, 0.207535, 0.240493, 1, 

23,76,0.001, 0.0291581, 0.0381905, 0.0439903, 0.0873171, 0.126771, 0.149864, 0.18125, 0.207535, 0.240493, 1, 

33,42,0.001, 0.0291581, 0.0381905, 0.0439903, 0.0771068, 0.0873171, 0.126771, 0.149864, 0.18125, 0.207535, 0.240493, 0.25232, 0.343615, 0.441775, 0.46436, 0.46436, 0.510241, 0.876089, 0.624389, 0.992969, 1, 

Generation #36
24,46,0.001, 0.0304904, 0.0381905, 0.0716534, 0.0860775, 0.096619, 0.106373, 0.273964, 0.304518, 0.309026, 0.357343, 0.365169, 0.400387, 1, 

25,44,0.001, 0.0291581, 0.0381905, 0.0439903, 0.0771068, 0.0873171, 0.126771, 0.149864, 0.18125, 0.207535, 0.240493, 1, 

23,76,0.001, 0.0291581, 0.0381905, 0.0439903, 0.0873171, 0.126771, 0.149864, 0.18125, 0.207535, 0.240493, 1, 

33,42,0.001, 0.0291581, 0.0381905, 0.0439903, 0.0771068, 0.0873171, 0.126771, 0.149864, 0.18125, 0.207535, 0.240493, 0.25232, 0.343615, 0.441775, 0.46436, 0.46436, 0.510241, 0.876089, 0.624389, 0.992969, 1, 

Generation #37
24,46,0.001, 0.0304904, 0.0381905, 0.0716534, 0.0860775, 0.096619, 0.106373, 0.273964, 0.304518, 0.309026, 0.357343, 0.365169, 0.400387, 1, 

25,44,0.001, 0.0291581, 0.0381905, 0.0439903, 0.0771068, 0.0873171, 0.126771, 0.149864, 0.18125, 0.207535, 0.240493, 1, 

23,76,0.001, 0.0291581, 0.0381905, 0.0439903, 0.0873171, 0.126771, 0.149864, 0.18125, 0.207535, 0.240493, 1, 

33,42,0.001, 0.0291581, 0.0381905, 0.0439903, 0.0771068, 0.0873171, 0.126771, 0.149864, 0.18125, 0.207535, 0.240493, 0.25232, 0.343615, 0.441775, 0.46436, 0.46436, 0.510241, 0.876089, 0.624389, 0.992969, 1, 

Generation #38
24,46,0.001, 0.0304904, 0.0381905, 0.0716534, 0.0860775, 0.096619, 0.106373, 0.273964, 0.304518, 0.309026, 0.357343, 0.365169, 0.400387, 1, 

25,44,0.001, 0.0291581, 0.0381905, 0.0439903, 0.0771068, 0.0873171, 0.126771, 0.149864, 0.18125, 0.207535, 0.240493, 1, 

23,76,0.001, 0.0291581, 0.0381905, 0.0439903, 0.0873171, 0.126771, 0.149864, 0.18125, 0.207535, 0.240493, 1, 

33,42,0.001, 0.0291581, 0.0381905, 0.0439903, 0.0771068, 0.0873171, 0.126771, 0.149864, 0.18125, 0.207535, 0.240493, 0.25232, 0.343615, 0.441775, 0.46436, 0.46436, 0.510241, 0.876089, 0.624389, 0.992969, 1, 

Generation #39
24,46,0.001, 0.0304904, 0.0381905, 0.0716534, 0.0860775, 0.096619, 0.106373, 0.273964, 0.304518, 0.309026, 0.357343, 0.365169, 0.400387, 1, 

25,44,0.001, 0.0291581, 0.0381905, 0.0439903, 0.0771068, 0.0873171, 0.126771, 0.149864, 0.18125, 0.207535, 0.240493, 1, 

23,76,0.001, 0.0291581, 0.0381905, 0.0439903, 0.0873171, 0.126771, 0.149864, 0.18125, 0.207535, 0.240493, 1, 

33,42,0.001, 0.0291581, 0.0381905, 0.0439903, 0.0771068, 0.0873171, 0.126771, 0.149864, 0.18125, 0.207535, 0.240493, 0.25232, 0.343615, 0.441775, 0.46436, 0.46436, 0.510241, 0.876089, 0.624389, 0.992969, 1, 

Generation #40
24,46,0.001, 0.0304904, 0.0381905, 0.0716534, 0.0860775, 0.096619, 0.106373, 0.273964, 0.304518, 0.309026, 0.357343, 0.365169, 0.400387, 1, 

25,44,0.001, 0.0291581, 0.0381905, 0.0439903, 0.0771068, 0.0873171, 0.126771, 0.149864, 0.18125, 0.207535, 0.240493, 1, 

23,76,0.001, 0.0291581, 0.0381905, 0.0439903, 0.0873171, 0.126771, 0.149864, 0.18125, 0.207535, 0.240493, 1, 

33,42,0.001, 0.0291581, 0.0381905, 0.0439903, 0.0771068, 0.0873171, 0.126771, 0.149864, 0.18125, 0.207535, 0.240493, 0.25232, 0.343615, 0.441775, 0.46436, 0.46436, 0.510241, 0.876089, 0.624389, 0.992969, 1, 

Generation #41
24,46,0.001, 0.0304904, 0.0381905, 0.0716534, 0.0860775, 0.096619, 0.106373, 0.273964, 0.304518, 0.309026, 0.357343, 0.365169, 0.400387, 1, 

25,44,0.001, 0.0291581, 0.0381905, 0.0439903, 0.0771068, 0.0873171, 0.126771, 0.149864, 0.18125, 0.207535, 0.240493, 1, 

23,76,0.001, 0.0291581, 0.0381905, 0.0439903, 0.0873171, 0.126771, 0.149864, 0.18125, 0.207535, 0.240493, 1, 

33,42,0.001, 0.0291581, 0.0381905, 0.0439903, 0.0771068, 0.0873171, 0.126771, 0.149864, 0.18125, 0.207535, 0.240493, 0.25232, 0.343615, 0.441775, 0.46436, 0.46436, 0.510241, 0.876089, 0.624389, 0.992969, 1, 

Generation #42
24,46,0.001, 0.0304904, 0.0381905, 0.0716534, 0.0860775, 0.096619, 0.106373, 0.273964, 0.304518, 0.309026, 0.357343, 0.365169, 0.400387, 1, 

25,44,0.001, 0.0291581, 0.0381905, 0.0439903, 0.0771068, 0.0873171, 0.126771, 0.149864, 0.18125, 0.207535, 0.240493, 1, 

23,76,0.001, 0.0291581, 0.0381905, 0.0439903, 0.0873171, 0.126771, 0.149864, 0.18125, 0.207535, 0.240493, 1, 

33,42,0.001, 0.0291581, 0.0381905, 0.0439903, 0.0771068, 0.0873171, 0.126771, 0.149864, 0.18125, 0.207535, 0.240493, 0.25232, 0.343615, 0.441775, 0.46436, 0.46436, 0.510241, 0.876089, 0.624389, 0.992969, 1, 

Generation #43
24,46,0.001, 0.0304904, 0.0381905, 0.0716534, 0.0860775, 0.096619, 0.106373, 0.273964, 0.304518, 0.309026, 0.357343, 0.365169, 0.400387, 1, 

25,44,0.001, 0.0291581, 0.0381905, 0.0439903, 0.0771068, 0.0873171, 0.126771, 0.149864, 0.18125, 0.207535, 0.240493, 1, 

23,76,0.001, 0.0291581, 0.0381905, 0.0439903, 0.0873171, 0.126771, 0.149864, 0.18125, 0.207535, 0.240493, 1, 

33,42,0.001, 0.0291581, 0.0381905, 0.0439903, 0.0771068, 0.0873171, 0.126771, 0.149864, 0.18125, 0.207535, 0.240493, 0.25232, 0.343615, 0.441775, 0.46436, 0.46436, 0.510241, 0.876089, 0.624389, 0.992969, 1, 

Generation #44
24,46,0.001, 0.0304904, 0.0381905, 0.0716534, 0.0860775, 0.096619, 0.106373, 0.273964, 0.304518, 0.309026, 0.357343, 0.365169, 0.400387, 1, 

25,44,0.001, 0.0291581, 0.0381905, 0.0439903, 0.0771068, 0.0873171, 0.126771, 0.149864, 0.18125, 0.207535, 0.240493, 1, 

23,76,0.001, 0.0291581, 0.0381905, 0.0439903, 0.0873171, 0.126771, 0.149864, 0.18125, 0.207535, 0.240493, 1, 

33,42,0.001, 0.0291581, 0.0381905, 0.0439903, 0.0771068, 0.0873171, 0.126771, 0.149864, 0.18125, 0.207535, 0.240493, 0.25232, 0.343615, 0.441775, 0.46436, 0.46436, 0.510241, 0.876089, 0.624389, 0.992969, 1, 

Generation #45
24,46,0.001, 0.0304904, 0.0381905, 0.0716534, 0.0860775, 0.096619, 0.106373, 0.273964, 0.304518, 0.309026, 0.357343, 0.365169, 0.400387, 1, 

25,44,0.001, 0.0291581, 0.0381905, 0.0439903, 0.0771068, 0.0873171, 0.126771, 0.149864, 0.18125, 0.207535, 0.240493, 1, 

23,76,0.001, 0.0291581, 0.0381905, 0.0439903, 0.0873171, 0.126771, 0.149864, 0.18125, 0.207535, 0.240493, 1, 

33,42,0.001, 0.0291581, 0.0381905, 0.0439903, 0.0771068, 0.0873171, 0.126771, 0.149864, 0.18125, 0.207535, 0.240493, 0.25232, 0.343615, 0.441775, 0.46436, 0.46436, 0.510241, 0.876089, 0.624389, 0.992969, 1, 

Generation #46
24,46,0.001, 0.0304904, 0.0381905, 0.0716534, 0.0860775, 0.096619, 0.106373, 0.273964, 0.304518, 0.309026, 0.357343, 0.365169, 0.400387, 1, 

25,44,0.001, 0.0291581, 0.0381905, 0.0439903, 0.0771068, 0.0873171, 0.126771, 0.149864, 0.18125, 0.207535, 0.240493, 1, 

23,76,0.001, 0.0291581, 0.0381905, 0.0439903, 0.0873171, 0.126771, 0.149864, 0.18125, 0.207535, 0.240493, 1, 

33,42,0.001, 0.0291581, 0.0381905, 0.0439903, 0.0771068, 0.0873171, 0.126771, 0.149864, 0.18125, 0.207535, 0.240493, 0.25232, 0.343615, 0.441775, 0.46436, 0.46436, 0.510241, 0.876089, 0.624389, 0.992969, 1, 

Generation #47
24,46,0.001, 0.0304904, 0.0381905, 0.0716534, 0.0860775, 0.096619, 0.106373, 0.273964, 0.304518, 0.309026, 0.357343, 0.365169, 0.400387, 1, 

25,44,0.001, 0.0291581, 0.0381905, 0.0439903, 0.0771068, 0.0873171, 0.126771, 0.149864, 0.18125, 0.207535, 0.240493, 1, 

23,76,0.001, 0.0291581, 0.0381905, 0.0439903, 0.0873171, 0.126771, 0.149864, 0.18125, 0.207535, 0.240493, 1, 

33,42,0.001, 0.0291581, 0.0381905, 0.0439903, 0.0771068, 0.0873171, 0.126771, 0.149864, 0.18125, 0.207535, 0.240493, 0.25232, 0.343615, 0.441775, 0.46436, 0.46436, 0.510241, 0.876089, 0.624389, 0.992969, 1, 

Generation #48
24,46,0.001, 0.0304904, 0.0381905, 0.0716534, 0.0860775, 0.096619, 0.106373, 0.273964, 0.304518, 0.309026, 0.357343, 0.365169, 0.400387, 1, 

25,44,0.001, 0.0291581, 0.0381905, 0.0439903, 0.0771068, 0.0873171, 0.126771, 0.149864, 0.18125, 0.207535, 0.240493, 1, 

23,76,0.001, 0.0291581, 0.0381905, 0.0439903, 0.0873171, 0.126771, 0.149864, 0.18125, 0.207535, 0.240493, 1, 

33,42,0.001, 0.0291581, 0.0381905, 0.0439903, 0.0771068, 0.0873171, 0.126771, 0.149864, 0.18125, 0.207535, 0.240493, 0.25232, 0.343615, 0.441775, 0.46436, 0.46436, 0.510241, 0.876089, 0.624389, 0.992969, 1, 

Generation #49
24,46,0.001, 0.0304904, 0.0381905, 0.0716534, 0.0860775, 0.096619, 0.106373, 0.273964, 0.304518, 0.309026, 0.357343, 0.365169, 0.400387, 1, 

25,44,0.001, 0.0291581, 0.0381905, 0.0439903, 0.0771068, 0.0873171, 0.126771, 0.149864, 0.18125, 0.207535, 0.240493, 1, 

23,76,0.001, 0.0291581, 0.0381905, 0.0439903, 0.0873171, 0.126771, 0.149864, 0.18125, 0.207535, 0.240493, 1, 

33,42,0.001, 0.0291581, 0.0381905, 0.0439903, 0.0771068, 0.0873171, 0.126771, 0.149864, 0.18125, 0.207535, 0.240493, 0.25232, 0.343615, 0.441775, 0.46436, 0.46436, 0.510241, 0.876089, 0.624389, 0.992969, 1, 

--- Pareto Front Solutions ---
Solution 0: N total=88 (N_initial=64, N_added=24), Time total=48 ms, Saved to: ./results/SPINS_t2_l4_pareto_0.csv, percents=0.001, 0.0304904, 0.0381905, 0.0716534, 0.0860775, 0.096619, 0.106373, 0.273964, 0.304518, 0.309026, 0.357343, 0.365169, 0.400387, 1, 

Solution 1: N total=89 (N_initial=64, N_added=25), Time total=46 ms, Saved to: ./results/SPINS_t2_l4_pareto_1.csv, percents=0.001, 0.0291581, 0.0381905, 0.0439903, 0.0771068, 0.0873171, 0.126771, 0.149864, 0.18125, 0.207535, 0.240493, 1, 

Solution 2: N total=87 (N_initial=64, N_added=23), Time total=78 ms, Saved to: ./results/SPINS_t2_l4_pareto_2.csv, percents=0.001, 0.0291581, 0.0381905, 0.0439903, 0.0873171, 0.126771, 0.149864, 0.18125, 0.207535, 0.240493, 1, 

Solution 3: N total=97 (N_initial=64, N_added=33), Time total=44 ms, Saved to: ./results/SPINS_t2_l4_pareto_3.csv, percents=0.001, 0.0291581, 0.0381905, 0.0439903, 0.0771068, 0.0873171, 0.126771, 0.149864, 0.18125, 0.207535, 0.240493, 0.25232, 0.343615, 0.441775, 0.46436, 0.46436, 0.510241, 0.876089, 0.624389, 0.992969, 1, 

