------------d=1, t=2, lambda=1, filename=./evaluation/SPINS/SPINS_2_1.csv------------
Grouping d-sets by partitioned row counts for detecting arrays...
Ready to look at pairs for detecting arrays...
First Stage N=24, Time=2
There are 2372 remaining non-locating pairs
--- Running GA Algorithm (phase2) ---
Running GA with std::execution::par
Generation #0
30,798,0.001, 0.142675, 0.144645, 0.243401, 0.419488, 0.422539, 0.551303, 0.673079, 0.81168, 0.95616, 0.981794, 1, 

43,213,0.001, 0.0414656, 0.0521207, 0.0686577, 0.117633, 0.126995, 0.163411, 0.214394, 0.220679, 0.352849, 0.417959, 0.422481, 0.437751, 0.531079, 0.56771, 0.665585, 0.753818, 0.779536, 0.779854, 0.839998, 0.860712, 0.920273, 0.923837, 0.948958, 0.981036, 0.999757, 1, 

32,454,0.001, 0.0970704, 0.133815, 0.193307, 0.314824, 0.330009, 0.392028, 0.397921, 0.422169, 0.783244, 0.803073, 0.930679, 1, 

38,220,0.001, 0.0141455, 0.0218816, 0.0456565, 0.126535, 0.171676, 0.223503, 0.360442, 0.365705, 0.45636, 0.479251, 0.508095, 0.573131, 0.69156, 0.698453, 0.828251, 0.841254, 0.951562, 1, 

31,575,0.001, 0.114574, 0.207754, 0.488192, 0.608378, 0.656133, 0.80047, 0.927298, 0.950905, 0.999048, 1, 

Generation #1
30,798,0.001, 0.142675, 0.144645, 0.243401, 0.419488, 0.422539, 0.551303, 0.673079, 0.81168, 0.95616, 0.981794, 1, 

40,174,0.001, 0.0266537, 0.037516, 0.040253, 0.075425, 0.14546, 0.153692, 0.211271, 0.22996, 0.248763, 0.304855, 0.31975, 0.359774, 0.379474, 0.432226, 0.493915, 0.513683, 0.525324, 0.565476, 0.885862, 1, 

31,180,0.001, 0.016831, 0.0528152, 0.0980615, 0.106911, 0.119235, 0.150345, 0.17776, 0.247358, 0.299091, 0.400537, 0.470213, 0.789084, 1, 

49,160,0.001, 0.017851, 0.0501659, 0.0513067, 0.110065, 0.137015, 0.159559, 0.187127, 0.248876, 0.279032, 0.421249, 0.482314, 0.608711, 0.629831, 0.648283, 0.693314, 0.753794, 0.503741, 0.506478, 0.59103, 0.602225, 0.637, 0.664335, 0.665919, 0.696968, 0.703648, 0.826224, 0.867416, 0.996671, 1, 

34,176,0.001, 0.0414656, 0.0521207, 0.0686577, 0.117633, 0.126995, 0.163411, 0.214394, 0.220679, 0.783244, 0.803073, 0.930679, 1, 

Generation #2
31,180,0.001, 0.016831, 0.0528152, 0.0980615, 0.106911, 0.119235, 0.150345, 0.17776, 0.247358, 0.299091, 0.400537, 0.470213, 0.789084, 1, 

32,172,0.001, 0.017851, 0.0501659, 0.0513067, 0.110065, 0.137015, 0.159559, 0.187127, 0.248876, 0.279032, 0.852734, 1, 

33,148,0.001, 0.0266537, 0.037516, 0.040253, 0.075425, 0.14546, 0.153692, 0.211271, 0.22996, 0.248763, 0.662716, 0.705202, 0.789084, 1, 

30,183,0.001, 0.0266537, 0.037516, 0.040253, 0.140626, 0.209852, 0.273465, 0.273585, 0.353292, 0.369654, 0.382673, 1, 

Generation #3
33,148,0.001, 0.0266537, 0.037516, 0.040253, 0.075425, 0.14546, 0.153692, 0.211271, 0.22996, 0.248763, 0.662716, 0.705202, 0.789084, 1, 

30,165,0.001, 0.0414656, 0.0521207, 0.0686577, 0.117633, 0.126995, 0.163411, 0.214394, 0.220679, 0.352849, 0.417959, 0.642961, 1, 

28,224,0.001, 0.0266537, 0.037516, 0.040253, 0.075425, 0.14546, 0.153692, 0.927298, 0.999048, 1, 

Generation #4
28,224,0.001, 0.0266537, 0.037516, 0.040253, 0.075425, 0.14546, 0.153692, 0.927298, 0.999048, 1, 

31,127,0.001, 0.0234395, 0.0390873, 0.107735, 0.0460126, 0.10239, 0.111185, 0.134715, 0.360248, 0.351432, 0.357338, 0.690827, 0.859433, 0.884137, 1, 

30,148,0.001, 0.017851, 0.0501659, 0.0513067, 0.110065, 0.137015, 0.159559, 0.211271, 0.22996, 0.248763, 0.304855, 1, 

Generation #5
31,127,0.001, 0.0234395, 0.0390873, 0.107735, 0.0460126, 0.10239, 0.111185, 0.134715, 0.360248, 0.351432, 0.357338, 0.690827, 0.859433, 0.884137, 1, 

27,137,0.001, 0.0266537, 0.037516, 0.040253, 0.075425, 0.14546, 0.159559, 0.211271, 0.22996, 0.248763, 0.304855, 1, 

Generation #6
31,127,0.001, 0.0234395, 0.0390873, 0.107735, 0.0460126, 0.10239, 0.111185, 0.134715, 0.360248, 0.351432, 0.357338, 0.690827, 0.859433, 0.884137, 1, 

27,137,0.001, 0.0266537, 0.037516, 0.040253, 0.075425, 0.14546, 0.159559, 0.211271, 0.22996, 0.248763, 0.304855, 1, 

Generation #7
31,127,0.001, 0.0234395, 0.0390873, 0.107735, 0.0460126, 0.10239, 0.111185, 0.134715, 0.360248, 0.351432, 0.357338, 0.690827, 0.859433, 0.884137, 1, 

27,137,0.001, 0.0266537, 0.037516, 0.040253, 0.075425, 0.14546, 0.159559, 0.211271, 0.22996, 0.248763, 0.304855, 1, 

Generation #8
27,137,0.001, 0.0266537, 0.037516, 0.040253, 0.075425, 0.14546, 0.159559, 0.211271, 0.22996, 0.248763, 0.304855, 1, 

29,117,0.001, 0.0234395, 0.0390873, 0.0460126, 0.10239, 0.111185, 0.134715, 0.201765, 0.215415, 0.215567, 0.254165, 0.298254, 0.789084, 1, 

28,136,0.001, 0.0234395, 0.037516, 0.040253, 0.075425, 0.14546, 0.153692, 0.211271, 0.22996, 0.248763, 1, 

Generation #9
27,137,0.001, 0.0266537, 0.037516, 0.040253, 0.075425, 0.14546, 0.159559, 0.211271, 0.22996, 0.248763, 0.304855, 1, 

29,117,0.001, 0.0234395, 0.0390873, 0.0460126, 0.10239, 0.111185, 0.134715, 0.201765, 0.215415, 0.215567, 0.254165, 0.298254, 0.789084, 1, 

28,136,0.001, 0.0234395, 0.037516, 0.040253, 0.075425, 0.14546, 0.153692, 0.211271, 0.22996, 0.248763, 1, 

46,105,0.001, 0.0234395, 0.0390873, 0.0460126, 0.10239, 0.111185, 0.134715, 0.201765, 0.215415, 0.279032, 0.421249, 0.482314, 0.608711, 0.629831, 0.648283, 0.693314, 0.753794, 0.503741, 0.506478, 0.59103, 0.602225, 0.637, 0.664335, 0.665919, 0.696968, 0.703648, 0.826224, 0.867416, 0.996671, 1, 

Generation #10
29,117,0.001, 0.0234395, 0.0390873, 0.0460126, 0.10239, 0.111185, 0.134715, 0.201765, 0.215415, 0.215567, 0.254165, 0.298254, 0.789084, 1, 

46,105,0.001, 0.0234395, 0.0390873, 0.0460126, 0.10239, 0.111185, 0.134715, 0.201765, 0.215415, 0.279032, 0.421249, 0.482314, 0.608711, 0.629831, 0.648283, 0.693314, 0.753794, 0.503741, 0.506478, 0.59103, 0.602225, 0.637, 0.664335, 0.665919, 0.696968, 0.703648, 0.826224, 0.867416, 0.996671, 1, 

27,135,0.001, 0.0234395, 0.037516, 0.040253, 0.075425, 0.14546, 0.150345, 0.17776, 0.247358, 0.352849, 0.417959, 0.642961, 1, 

Generation #11
29,117,0.001, 0.0234395, 0.0390873, 0.0460126, 0.10239, 0.111185, 0.134715, 0.201765, 0.215415, 0.215567, 0.254165, 0.298254, 0.789084, 1, 

46,105,0.001, 0.0234395, 0.0390873, 0.0460126, 0.10239, 0.111185, 0.134715, 0.201765, 0.215415, 0.279032, 0.421249, 0.482314, 0.608711, 0.629831, 0.648283, 0.693314, 0.753794, 0.503741, 0.506478, 0.59103, 0.602225, 0.637, 0.664335, 0.665919, 0.696968, 0.703648, 0.826224, 0.867416, 0.996671, 1, 

27,135,0.001, 0.0234395, 0.037516, 0.040253, 0.075425, 0.14546, 0.150345, 0.17776, 0.247358, 0.352849, 0.417959, 0.642961, 1, 

Generation #12
29,117,0.001, 0.0234395, 0.0390873, 0.0460126, 0.10239, 0.111185, 0.134715, 0.201765, 0.215415, 0.215567, 0.254165, 0.298254, 0.789084, 1, 

46,105,0.001, 0.0234395, 0.0390873, 0.0460126, 0.10239, 0.111185, 0.134715, 0.201765, 0.215415, 0.279032, 0.421249, 0.482314, 0.608711, 0.629831, 0.648283, 0.693314, 0.753794, 0.503741, 0.506478, 0.59103, 0.602225, 0.637, 0.664335, 0.665919, 0.696968, 0.703648, 0.826224, 0.867416, 0.996671, 1, 

27,135,0.001, 0.0234395, 0.037516, 0.040253, 0.075425, 0.14546, 0.150345, 0.17776, 0.247358, 0.352849, 0.417959, 0.642961, 1, 

Generation #13
29,117,0.001, 0.0234395, 0.0390873, 0.0460126, 0.10239, 0.111185, 0.134715, 0.201765, 0.215415, 0.215567, 0.254165, 0.298254, 0.789084, 1, 

46,105,0.001, 0.0234395, 0.0390873, 0.0460126, 0.10239, 0.111185, 0.134715, 0.201765, 0.215415, 0.279032, 0.421249, 0.482314, 0.608711, 0.629831, 0.648283, 0.693314, 0.753794, 0.503741, 0.506478, 0.59103, 0.602225, 0.637, 0.664335, 0.665919, 0.696968, 0.703648, 0.826224, 0.867416, 0.996671, 1, 

27,135,0.001, 0.0234395, 0.037516, 0.040253, 0.075425, 0.14546, 0.150345, 0.17776, 0.247358, 0.352849, 0.417959, 0.642961, 1, 

26,196,0.001, 0.017851, 0.0501659, 0.0513067, 0.110065, 0.137015, 0.159559, 0.187127, 0.248763, 1, 

Generation #14
29,117,0.001, 0.0234395, 0.0390873, 0.0460126, 0.10239, 0.111185, 0.134715, 0.201765, 0.215415, 0.215567, 0.254165, 0.298254, 0.789084, 1, 

46,105,0.001, 0.0234395, 0.0390873, 0.0460126, 0.10239, 0.111185, 0.134715, 0.201765, 0.215415, 0.279032, 0.421249, 0.482314, 0.608711, 0.629831, 0.648283, 0.693314, 0.753794, 0.503741, 0.506478, 0.59103, 0.602225, 0.637, 0.664335, 0.665919, 0.696968, 0.703648, 0.826224, 0.867416, 0.996671, 1, 

27,135,0.001, 0.0234395, 0.037516, 0.040253, 0.075425, 0.14546, 0.150345, 0.17776, 0.247358, 0.352849, 0.417959, 0.642961, 1, 

26,171,0.001, 0.0234395, 0.0390873, 0.0513067, 0.110065, 0.137015, 0.248876, 0.279032, 1, 

Generation #15
29,117,0.001, 0.0234395, 0.0390873, 0.0460126, 0.10239, 0.111185, 0.134715, 0.201765, 0.215415, 0.215567, 0.254165, 0.298254, 0.789084, 1, 

46,105,0.001, 0.0234395, 0.0390873, 0.0460126, 0.10239, 0.111185, 0.134715, 0.201765, 0.215415, 0.279032, 0.421249, 0.482314, 0.608711, 0.629831, 0.648283, 0.693314, 0.753794, 0.503741, 0.506478, 0.59103, 0.602225, 0.637, 0.664335, 0.665919, 0.696968, 0.703648, 0.826224, 0.867416, 0.996671, 1, 

27,135,0.001, 0.0234395, 0.037516, 0.040253, 0.075425, 0.14546, 0.150345, 0.17776, 0.247358, 0.352849, 0.417959, 0.642961, 1, 

26,171,0.001, 0.0234395, 0.0390873, 0.0513067, 0.110065, 0.137015, 0.248876, 0.279032, 1, 

Generation #16
29,117,0.001, 0.0234395, 0.0390873, 0.0460126, 0.10239, 0.111185, 0.134715, 0.201765, 0.215415, 0.215567, 0.254165, 0.298254, 0.789084, 1, 

46,105,0.001, 0.0234395, 0.0390873, 0.0460126, 0.10239, 0.111185, 0.134715, 0.201765, 0.215415, 0.279032, 0.421249, 0.482314, 0.608711, 0.629831, 0.648283, 0.693314, 0.753794, 0.503741, 0.506478, 0.59103, 0.602225, 0.637, 0.664335, 0.665919, 0.696968, 0.703648, 0.826224, 0.867416, 0.996671, 1, 

27,135,0.001, 0.0234395, 0.037516, 0.040253, 0.075425, 0.14546, 0.150345, 0.17776, 0.247358, 0.352849, 0.417959, 0.642961, 1, 

26,171,0.001, 0.0234395, 0.0390873, 0.0513067, 0.110065, 0.137015, 0.248876, 0.279032, 1, 

Generation #17
29,117,0.001, 0.0234395, 0.0390873, 0.0460126, 0.10239, 0.111185, 0.134715, 0.201765, 0.215415, 0.215567, 0.254165, 0.298254, 0.789084, 1, 

46,105,0.001, 0.0234395, 0.0390873, 0.0460126, 0.10239, 0.111185, 0.134715, 0.201765, 0.215415, 0.279032, 0.421249, 0.482314, 0.608711, 0.629831, 0.648283, 0.693314, 0.753794, 0.503741, 0.506478, 0.59103, 0.602225, 0.637, 0.664335, 0.665919, 0.696968, 0.703648, 0.826224, 0.867416, 0.996671, 1, 

27,135,0.001, 0.0234395, 0.037516, 0.040253, 0.075425, 0.14546, 0.150345, 0.17776, 0.247358, 0.352849, 0.417959, 0.642961, 1, 

26,171,0.001, 0.0234395, 0.0390873, 0.0513067, 0.110065, 0.137015, 0.248876, 0.279032, 1, 

Generation #18
29,117,0.001, 0.0234395, 0.0390873, 0.0460126, 0.10239, 0.111185, 0.134715, 0.201765, 0.215415, 0.215567, 0.254165, 0.298254, 0.789084, 1, 

46,105,0.001, 0.0234395, 0.0390873, 0.0460126, 0.10239, 0.111185, 0.134715, 0.201765, 0.215415, 0.279032, 0.421249, 0.482314, 0.608711, 0.629831, 0.648283, 0.693314, 0.753794, 0.503741, 0.506478, 0.59103, 0.602225, 0.637, 0.664335, 0.665919, 0.696968, 0.703648, 0.826224, 0.867416, 0.996671, 1, 

27,135,0.001, 0.0234395, 0.037516, 0.040253, 0.075425, 0.14546, 0.150345, 0.17776, 0.247358, 0.352849, 0.417959, 0.642961, 1, 

26,171,0.001, 0.0234395, 0.0390873, 0.0513067, 0.110065, 0.137015, 0.248876, 0.279032, 1, 

28,131,0.001, 0.0266537, 0.037516, 0.040253, 0.075425, 0.14546, 0.153692, 0.22996, 0.248763, 1, 

Generation #19
29,117,0.001, 0.0234395, 0.0390873, 0.0460126, 0.10239, 0.111185, 0.134715, 0.201765, 0.215415, 0.215567, 0.254165, 0.298254, 0.789084, 1, 

46,105,0.001, 0.0234395, 0.0390873, 0.0460126, 0.10239, 0.111185, 0.134715, 0.201765, 0.215415, 0.279032, 0.421249, 0.482314, 0.608711, 0.629831, 0.648283, 0.693314, 0.753794, 0.503741, 0.506478, 0.59103, 0.602225, 0.637, 0.664335, 0.665919, 0.696968, 0.703648, 0.826224, 0.867416, 0.996671, 1, 

27,135,0.001, 0.0234395, 0.037516, 0.040253, 0.075425, 0.14546, 0.150345, 0.17776, 0.247358, 0.352849, 0.417959, 0.642961, 1, 

26,171,0.001, 0.0234395, 0.0390873, 0.0513067, 0.110065, 0.137015, 0.248876, 0.279032, 1, 

28,131,0.001, 0.0266537, 0.037516, 0.040253, 0.075425, 0.14546, 0.153692, 0.22996, 0.248763, 1, 

Generation #20
29,117,0.001, 0.0234395, 0.0390873, 0.0460126, 0.10239, 0.111185, 0.134715, 0.201765, 0.215415, 0.215567, 0.254165, 0.298254, 0.789084, 1, 

46,105,0.001, 0.0234395, 0.0390873, 0.0460126, 0.10239, 0.111185, 0.134715, 0.201765, 0.215415, 0.279032, 0.421249, 0.482314, 0.608711, 0.629831, 0.648283, 0.693314, 0.753794, 0.503741, 0.506478, 0.59103, 0.602225, 0.637, 0.664335, 0.665919, 0.696968, 0.703648, 0.826224, 0.867416, 0.996671, 1, 

27,135,0.001, 0.0234395, 0.037516, 0.040253, 0.075425, 0.14546, 0.150345, 0.17776, 0.247358, 0.352849, 0.417959, 0.642961, 1, 

26,171,0.001, 0.0234395, 0.0390873, 0.0513067, 0.110065, 0.137015, 0.248876, 0.279032, 1, 

28,131,0.001, 0.0266537, 0.037516, 0.040253, 0.075425, 0.14546, 0.153692, 0.22996, 0.248763, 1, 

Generation #21
29,117,0.001, 0.0234395, 0.0390873, 0.0460126, 0.10239, 0.111185, 0.134715, 0.201765, 0.215415, 0.215567, 0.254165, 0.298254, 0.789084, 1, 

46,105,0.001, 0.0234395, 0.0390873, 0.0460126, 0.10239, 0.111185, 0.134715, 0.201765, 0.215415, 0.279032, 0.421249, 0.482314, 0.608711, 0.629831, 0.648283, 0.693314, 0.753794, 0.503741, 0.506478, 0.59103, 0.602225, 0.637, 0.664335, 0.665919, 0.696968, 0.703648, 0.826224, 0.867416, 0.996671, 1, 

27,135,0.001, 0.0234395, 0.037516, 0.040253, 0.075425, 0.14546, 0.150345, 0.17776, 0.247358, 0.352849, 0.417959, 0.642961, 1, 

26,171,0.001, 0.0234395, 0.0390873, 0.0513067, 0.110065, 0.137015, 0.248876, 0.279032, 1, 

28,131,0.001, 0.0266537, 0.037516, 0.040253, 0.075425, 0.14546, 0.153692, 0.22996, 0.248763, 1, 

Generation #22
29,117,0.001, 0.0234395, 0.0390873, 0.0460126, 0.10239, 0.111185, 0.134715, 0.201765, 0.215415, 0.215567, 0.254165, 0.298254, 0.789084, 1, 

46,105,0.001, 0.0234395, 0.0390873, 0.0460126, 0.10239, 0.111185, 0.134715, 0.201765, 0.215415, 0.279032, 0.421249, 0.482314, 0.608711, 0.629831, 0.648283, 0.693314, 0.753794, 0.503741, 0.506478, 0.59103, 0.602225, 0.637, 0.664335, 0.665919, 0.696968, 0.703648, 0.826224, 0.867416, 0.996671, 1, 

27,135,0.001, 0.0234395, 0.037516, 0.040253, 0.075425, 0.14546, 0.150345, 0.17776, 0.247358, 0.352849, 0.417959, 0.642961, 1, 

26,171,0.001, 0.0234395, 0.0390873, 0.0513067, 0.110065, 0.137015, 0.248876, 0.279032, 1, 

28,131,0.001, 0.0266537, 0.037516, 0.040253, 0.075425, 0.14546, 0.153692, 0.22996, 0.248763, 1, 

Generation #23
29,117,0.001, 0.0234395, 0.0390873, 0.0460126, 0.10239, 0.111185, 0.134715, 0.201765, 0.215415, 0.215567, 0.254165, 0.298254, 0.789084, 1, 

46,105,0.001, 0.0234395, 0.0390873, 0.0460126, 0.10239, 0.111185, 0.134715, 0.201765, 0.215415, 0.279032, 0.421249, 0.482314, 0.608711, 0.629831, 0.648283, 0.693314, 0.753794, 0.503741, 0.506478, 0.59103, 0.602225, 0.637, 0.664335, 0.665919, 0.696968, 0.703648, 0.826224, 0.867416, 0.996671, 1, 

27,135,0.001, 0.0234395, 0.037516, 0.040253, 0.075425, 0.14546, 0.150345, 0.17776, 0.247358, 0.352849, 0.417959, 0.642961, 1, 

26,171,0.001, 0.0234395, 0.0390873, 0.0513067, 0.110065, 0.137015, 0.248876, 0.279032, 1, 

28,129,0.001, 0.0234395, 0.0390873, 0.0460126, 0.10239, 0.127017, 0.111185, 0.153692, 0.22996, 0.247358, 0.417959, 1, 

Generation #24
29,117,0.001, 0.0234395, 0.0390873, 0.0460126, 0.10239, 0.111185, 0.134715, 0.201765, 0.215415, 0.215567, 0.254165, 0.298254, 0.789084, 1, 

46,105,0.001, 0.0234395, 0.0390873, 0.0460126, 0.10239, 0.111185, 0.134715, 0.201765, 0.215415, 0.279032, 0.421249, 0.482314, 0.608711, 0.629831, 0.648283, 0.693314, 0.753794, 0.503741, 0.506478, 0.59103, 0.602225, 0.637, 0.664335, 0.665919, 0.696968, 0.703648, 0.826224, 0.867416, 0.996671, 1, 

28,129,0.001, 0.0234395, 0.0390873, 0.0460126, 0.10239, 0.127017, 0.111185, 0.153692, 0.22996, 0.247358, 0.417959, 1, 

25,169,0.001, 0.0266537, 0.037516, 0.0460126, 0.110065, 0.137015, 0.248876, 0.279032, 1, 

27,130,0.001, 0.0266537, 0.037516, 0.040253, 0.075425, 0.14546, 0.153692, 0.22996, 0.248763, 1, 

35,114,0.001, 0.0266537, 0.037516, 0.040253, 0.075425, 0.14546, 0.153692, 0.22996, 0.248763, 0.248763, 0.304855, 0.31975, 0.359774, 0.379474, 0.432226, 0.493915, 0.513683, 0.525324, 0.885862, 1, 

Generation #25
29,117,0.001, 0.0234395, 0.0390873, 0.0460126, 0.10239, 0.111185, 0.134715, 0.201765, 0.215415, 0.215567, 0.254165, 0.298254, 0.789084, 1, 

46,105,0.001, 0.0234395, 0.0390873, 0.0460126, 0.10239, 0.111185, 0.134715, 0.201765, 0.215415, 0.279032, 0.421249, 0.482314, 0.608711, 0.629831, 0.648283, 0.693314, 0.753794, 0.503741, 0.506478, 0.59103, 0.602225, 0.637, 0.664335, 0.665919, 0.696968, 0.703648, 0.826224, 0.867416, 0.996671, 1, 

28,129,0.001, 0.0234395, 0.0390873, 0.0460126, 0.10239, 0.127017, 0.111185, 0.153692, 0.22996, 0.247358, 0.417959, 1, 

25,169,0.001, 0.0266537, 0.037516, 0.0460126, 0.110065, 0.137015, 0.248876, 0.279032, 1, 

27,130,0.001, 0.0266537, 0.037516, 0.040253, 0.075425, 0.14546, 0.153692, 0.22996, 0.248763, 1, 

35,114,0.001, 0.0266537, 0.037516, 0.040253, 0.075425, 0.14546, 0.153692, 0.22996, 0.248763, 0.248763, 0.304855, 0.31975, 0.359774, 0.379474, 0.432226, 0.493915, 0.513683, 0.525324, 0.885862, 1, 

Generation #26
29,117,0.001, 0.0234395, 0.0390873, 0.0460126, 0.10239, 0.111185, 0.134715, 0.201765, 0.215415, 0.215567, 0.254165, 0.298254, 0.789084, 1, 

46,105,0.001, 0.0234395, 0.0390873, 0.0460126, 0.10239, 0.111185, 0.134715, 0.201765, 0.215415, 0.279032, 0.421249, 0.482314, 0.608711, 0.629831, 0.648283, 0.693314, 0.753794, 0.503741, 0.506478, 0.59103, 0.602225, 0.637, 0.664335, 0.665919, 0.696968, 0.703648, 0.826224, 0.867416, 0.996671, 1, 

28,129,0.001, 0.0234395, 0.0390873, 0.0460126, 0.10239, 0.127017, 0.111185, 0.153692, 0.22996, 0.247358, 0.417959, 1, 

25,169,0.001, 0.0266537, 0.037516, 0.0460126, 0.110065, 0.137015, 0.248876, 0.279032, 1, 

27,130,0.001, 0.0266537, 0.037516, 0.040253, 0.075425, 0.14546, 0.153692, 0.22996, 0.248763, 1, 

35,114,0.001, 0.0266537, 0.037516, 0.040253, 0.075425, 0.14546, 0.153692, 0.22996, 0.248763, 0.248763, 0.304855, 0.31975, 0.359774, 0.379474, 0.432226, 0.493915, 0.513683, 0.525324, 0.885862, 1, 

26,158,0.001, 0.0266537, 0.037516, 0.0460126, 0.110065, 0.137015, 0.248876, 0.279032, 1, 

Generation #27
29,117,0.001, 0.0234395, 0.0390873, 0.0460126, 0.10239, 0.111185, 0.134715, 0.201765, 0.215415, 0.215567, 0.254165, 0.298254, 0.789084, 1, 

46,105,0.001, 0.0234395, 0.0390873, 0.0460126, 0.10239, 0.111185, 0.134715, 0.201765, 0.215415, 0.279032, 0.421249, 0.482314, 0.608711, 0.629831, 0.648283, 0.693314, 0.753794, 0.503741, 0.506478, 0.59103, 0.602225, 0.637, 0.664335, 0.665919, 0.696968, 0.703648, 0.826224, 0.867416, 0.996671, 1, 

28,129,0.001, 0.0234395, 0.0390873, 0.0460126, 0.10239, 0.127017, 0.111185, 0.153692, 0.22996, 0.247358, 0.417959, 1, 

25,169,0.001, 0.0266537, 0.037516, 0.0460126, 0.110065, 0.137015, 0.248876, 0.279032, 1, 

27,130,0.001, 0.0266537, 0.037516, 0.040253, 0.075425, 0.14546, 0.153692, 0.22996, 0.248763, 1, 

35,114,0.001, 0.0266537, 0.037516, 0.040253, 0.075425, 0.14546, 0.153692, 0.22996, 0.248763, 0.248763, 0.304855, 0.31975, 0.359774, 0.379474, 0.432226, 0.493915, 0.513683, 0.525324, 0.885862, 1, 

26,158,0.001, 0.0266537, 0.037516, 0.0460126, 0.110065, 0.137015, 0.248876, 0.279032, 1, 

Generation #28
29,117,0.001, 0.0234395, 0.0390873, 0.0460126, 0.10239, 0.111185, 0.134715, 0.201765, 0.215415, 0.215567, 0.254165, 0.298254, 0.789084, 1, 

46,105,0.001, 0.0234395, 0.0390873, 0.0460126, 0.10239, 0.111185, 0.134715, 0.201765, 0.215415, 0.279032, 0.421249, 0.482314, 0.608711, 0.629831, 0.648283, 0.693314, 0.753794, 0.503741, 0.506478, 0.59103, 0.602225, 0.637, 0.664335, 0.665919, 0.696968, 0.703648, 0.826224, 0.867416, 0.996671, 1, 

28,129,0.001, 0.0234395, 0.0390873, 0.0460126, 0.10239, 0.127017, 0.111185, 0.153692, 0.22996, 0.247358, 0.417959, 1, 

25,169,0.001, 0.0266537, 0.037516, 0.0460126, 0.110065, 0.137015, 0.248876, 0.279032, 1, 

27,130,0.001, 0.0266537, 0.037516, 0.040253, 0.075425, 0.14546, 0.153692, 0.22996, 0.248763, 1, 

35,114,0.001, 0.0266537, 0.037516, 0.040253, 0.075425, 0.14546, 0.153692, 0.22996, 0.248763, 0.248763, 0.304855, 0.31975, 0.359774, 0.379474, 0.432226, 0.493915, 0.513683, 0.525324, 0.885862, 1, 

26,158,0.001, 0.0266537, 0.037516, 0.0460126, 0.110065, 0.137015, 0.248876, 0.279032, 1, 

36,112,0.001, 0.0266537, 0.037516, 0.040253, 0.110065, 0.137015, 0.153692, 0.22996, 0.248763, 0.248763, 0.304855, 0.31975, 0.359774, 0.379474, 0.432226, 0.493915, 0.513683, 0.525324, 0.057487, 1, 

Generation #29
29,117,0.001, 0.0234395, 0.0390873, 0.0460126, 0.10239, 0.111185, 0.134715, 0.201765, 0.215415, 0.215567, 0.254165, 0.298254, 0.789084, 1, 

46,105,0.001, 0.0234395, 0.0390873, 0.0460126, 0.10239, 0.111185, 0.134715, 0.201765, 0.215415, 0.279032, 0.421249, 0.482314, 0.608711, 0.629831, 0.648283, 0.693314, 0.753794, 0.503741, 0.506478, 0.59103, 0.602225, 0.637, 0.664335, 0.665919, 0.696968, 0.703648, 0.826224, 0.867416, 0.996671, 1, 

28,129,0.001, 0.0234395, 0.0390873, 0.0460126, 0.10239, 0.127017, 0.111185, 0.153692, 0.22996, 0.247358, 0.417959, 1, 

25,169,0.001, 0.0266537, 0.037516, 0.0460126, 0.110065, 0.137015, 0.248876, 0.279032, 1, 

27,130,0.001, 0.0266537, 0.037516, 0.040253, 0.075425, 0.14546, 0.153692, 0.22996, 0.248763, 1, 

35,114,0.001, 0.0266537, 0.037516, 0.040253, 0.075425, 0.14546, 0.153692, 0.22996, 0.248763, 0.248763, 0.304855, 0.31975, 0.359774, 0.379474, 0.432226, 0.493915, 0.513683, 0.525324, 0.885862, 1, 

26,158,0.001, 0.0266537, 0.037516, 0.0460126, 0.110065, 0.137015, 0.248876, 0.279032, 1, 

36,112,0.001, 0.0266537, 0.037516, 0.040253, 0.110065, 0.137015, 0.153692, 0.22996, 0.248763, 0.248763, 0.304855, 0.31975, 0.359774, 0.379474, 0.432226, 0.493915, 0.513683, 0.525324, 0.057487, 1, 

Generation #30
29,117,0.001, 0.0234395, 0.0390873, 0.0460126, 0.10239, 0.111185, 0.134715, 0.201765, 0.215415, 0.215567, 0.254165, 0.298254, 0.789084, 1, 

46,105,0.001, 0.0234395, 0.0390873, 0.0460126, 0.10239, 0.111185, 0.134715, 0.201765, 0.215415, 0.279032, 0.421249, 0.482314, 0.608711, 0.629831, 0.648283, 0.693314, 0.753794, 0.503741, 0.506478, 0.59103, 0.602225, 0.637, 0.664335, 0.665919, 0.696968, 0.703648, 0.826224, 0.867416, 0.996671, 1, 

28,129,0.001, 0.0234395, 0.0390873, 0.0460126, 0.10239, 0.127017, 0.111185, 0.153692, 0.22996, 0.247358, 0.417959, 1, 

25,169,0.001, 0.0266537, 0.037516, 0.0460126, 0.110065, 0.137015, 0.248876, 0.279032, 1, 

27,130,0.001, 0.0266537, 0.037516, 0.040253, 0.075425, 0.14546, 0.153692, 0.22996, 0.248763, 1, 

35,114,0.001, 0.0266537, 0.037516, 0.040253, 0.075425, 0.14546, 0.153692, 0.22996, 0.248763, 0.248763, 0.304855, 0.31975, 0.359774, 0.379474, 0.432226, 0.493915, 0.513683, 0.525324, 0.885862, 1, 

26,158,0.001, 0.0266537, 0.037516, 0.0460126, 0.110065, 0.137015, 0.248876, 0.279032, 1, 

36,112,0.001, 0.0266537, 0.037516, 0.040253, 0.110065, 0.137015, 0.153692, 0.22996, 0.248763, 0.248763, 0.304855, 0.31975, 0.359774, 0.379474, 0.432226, 0.493915, 0.513683, 0.525324, 0.057487, 1, 

Generation #31
29,117,0.001, 0.0234395, 0.0390873, 0.0460126, 0.10239, 0.111185, 0.134715, 0.201765, 0.215415, 0.215567, 0.254165, 0.298254, 0.789084, 1, 

46,105,0.001, 0.0234395, 0.0390873, 0.0460126, 0.10239, 0.111185, 0.134715, 0.201765, 0.215415, 0.279032, 0.421249, 0.482314, 0.608711, 0.629831, 0.648283, 0.693314, 0.753794, 0.503741, 0.506478, 0.59103, 0.602225, 0.637, 0.664335, 0.665919, 0.696968, 0.703648, 0.826224, 0.867416, 0.996671, 1, 

28,129,0.001, 0.0234395, 0.0390873, 0.0460126, 0.10239, 0.127017, 0.111185, 0.153692, 0.22996, 0.247358, 0.417959, 1, 

25,169,0.001, 0.0266537, 0.037516, 0.0460126, 0.110065, 0.137015, 0.248876, 0.279032, 1, 

27,130,0.001, 0.0266537, 0.037516, 0.040253, 0.075425, 0.14546, 0.153692, 0.22996, 0.248763, 1, 

35,114,0.001, 0.0266537, 0.037516, 0.040253, 0.075425, 0.14546, 0.153692, 0.22996, 0.248763, 0.248763, 0.304855, 0.31975, 0.359774, 0.379474, 0.432226, 0.493915, 0.513683, 0.525324, 0.885862, 1, 

26,158,0.001, 0.0266537, 0.037516, 0.0460126, 0.110065, 0.137015, 0.248876, 0.279032, 1, 

36,112,0.001, 0.0266537, 0.037516, 0.040253, 0.110065, 0.137015, 0.153692, 0.22996, 0.248763, 0.248763, 0.304855, 0.31975, 0.359774, 0.379474, 0.432226, 0.493915, 0.513683, 0.525324, 0.057487, 1, 

Generation #32
29,117,0.001, 0.0234395, 0.0390873, 0.0460126, 0.10239, 0.111185, 0.134715, 0.201765, 0.215415, 0.215567, 0.254165, 0.298254, 0.789084, 1, 

46,105,0.001, 0.0234395, 0.0390873, 0.0460126, 0.10239, 0.111185, 0.134715, 0.201765, 0.215415, 0.279032, 0.421249, 0.482314, 0.608711, 0.629831, 0.648283, 0.693314, 0.753794, 0.503741, 0.506478, 0.59103, 0.602225, 0.637, 0.664335, 0.665919, 0.696968, 0.703648, 0.826224, 0.867416, 0.996671, 1, 

28,129,0.001, 0.0234395, 0.0390873, 0.0460126, 0.10239, 0.127017, 0.111185, 0.153692, 0.22996, 0.247358, 0.417959, 1, 

25,169,0.001, 0.0266537, 0.037516, 0.0460126, 0.110065, 0.137015, 0.248876, 0.279032, 1, 

27,130,0.001, 0.0266537, 0.037516, 0.040253, 0.075425, 0.14546, 0.153692, 0.22996, 0.248763, 1, 

35,114,0.001, 0.0266537, 0.037516, 0.040253, 0.075425, 0.14546, 0.153692, 0.22996, 0.248763, 0.248763, 0.304855, 0.31975, 0.359774, 0.379474, 0.432226, 0.493915, 0.513683, 0.525324, 0.885862, 1, 

26,158,0.001, 0.0266537, 0.037516, 0.0460126, 0.110065, 0.137015, 0.248876, 0.279032, 1, 

36,112,0.001, 0.0266537, 0.037516, 0.040253, 0.110065, 0.137015, 0.153692, 0.22996, 0.248763, 0.248763, 0.304855, 0.31975, 0.359774, 0.379474, 0.432226, 0.493915, 0.513683, 0.525324, 0.057487, 1, 

Generation #33
29,117,0.001, 0.0234395, 0.0390873, 0.0460126, 0.10239, 0.111185, 0.134715, 0.201765, 0.215415, 0.215567, 0.254165, 0.298254, 0.789084, 1, 

46,105,0.001, 0.0234395, 0.0390873, 0.0460126, 0.10239, 0.111185, 0.134715, 0.201765, 0.215415, 0.279032, 0.421249, 0.482314, 0.608711, 0.629831, 0.648283, 0.693314, 0.753794, 0.503741, 0.506478, 0.59103, 0.602225, 0.637, 0.664335, 0.665919, 0.696968, 0.703648, 0.826224, 0.867416, 0.996671, 1, 

28,129,0.001, 0.0234395, 0.0390873, 0.0460126, 0.10239, 0.127017, 0.111185, 0.153692, 0.22996, 0.247358, 0.417959, 1, 

25,169,0.001, 0.0266537, 0.037516, 0.0460126, 0.110065, 0.137015, 0.248876, 0.279032, 1, 

27,130,0.001, 0.0266537, 0.037516, 0.040253, 0.075425, 0.14546, 0.153692, 0.22996, 0.248763, 1, 

35,114,0.001, 0.0266537, 0.037516, 0.040253, 0.075425, 0.14546, 0.153692, 0.22996, 0.248763, 0.248763, 0.304855, 0.31975, 0.359774, 0.379474, 0.432226, 0.493915, 0.513683, 0.525324, 0.885862, 1, 

26,158,0.001, 0.0266537, 0.037516, 0.0460126, 0.110065, 0.137015, 0.248876, 0.279032, 1, 

36,112,0.001, 0.0266537, 0.037516, 0.040253, 0.110065, 0.137015, 0.153692, 0.22996, 0.248763, 0.248763, 0.304855, 0.31975, 0.359774, 0.379474, 0.432226, 0.493915, 0.513683, 0.525324, 0.057487, 1, 

Generation #34
29,117,0.001, 0.0234395, 0.0390873, 0.0460126, 0.10239, 0.111185, 0.134715, 0.201765, 0.215415, 0.215567, 0.254165, 0.298254, 0.789084, 1, 

46,105,0.001, 0.0234395, 0.0390873, 0.0460126, 0.10239, 0.111185, 0.134715, 0.201765, 0.215415, 0.279032, 0.421249, 0.482314, 0.608711, 0.629831, 0.648283, 0.693314, 0.753794, 0.503741, 0.506478, 0.59103, 0.602225, 0.637, 0.664335, 0.665919, 0.696968, 0.703648, 0.826224, 0.867416, 0.996671, 1, 

28,129,0.001, 0.0234395, 0.0390873, 0.0460126, 0.10239, 0.127017, 0.111185, 0.153692, 0.22996, 0.247358, 0.417959, 1, 

25,169,0.001, 0.0266537, 0.037516, 0.0460126, 0.110065, 0.137015, 0.248876, 0.279032, 1, 

27,130,0.001, 0.0266537, 0.037516, 0.040253, 0.075425, 0.14546, 0.153692, 0.22996, 0.248763, 1, 

35,114,0.001, 0.0266537, 0.037516, 0.040253, 0.075425, 0.14546, 0.153692, 0.22996, 0.248763, 0.248763, 0.304855, 0.31975, 0.359774, 0.379474, 0.432226, 0.493915, 0.513683, 0.525324, 0.885862, 1, 

26,158,0.001, 0.0266537, 0.037516, 0.0460126, 0.110065, 0.137015, 0.248876, 0.279032, 1, 

36,112,0.001, 0.0266537, 0.037516, 0.040253, 0.110065, 0.137015, 0.153692, 0.22996, 0.248763, 0.248763, 0.304855, 0.31975, 0.359774, 0.379474, 0.432226, 0.493915, 0.513683, 0.525324, 0.057487, 1, 

Generation #35
29,117,0.001, 0.0234395, 0.0390873, 0.0460126, 0.10239, 0.111185, 0.134715, 0.201765, 0.215415, 0.215567, 0.254165, 0.298254, 0.789084, 1, 

46,105,0.001, 0.0234395, 0.0390873, 0.0460126, 0.10239, 0.111185, 0.134715, 0.201765, 0.215415, 0.279032, 0.421249, 0.482314, 0.608711, 0.629831, 0.648283, 0.693314, 0.753794, 0.503741, 0.506478, 0.59103, 0.602225, 0.637, 0.664335, 0.665919, 0.696968, 0.703648, 0.826224, 0.867416, 0.996671, 1, 

28,129,0.001, 0.0234395, 0.0390873, 0.0460126, 0.10239, 0.127017, 0.111185, 0.153692, 0.22996, 0.247358, 0.417959, 1, 

25,169,0.001, 0.0266537, 0.037516, 0.0460126, 0.110065, 0.137015, 0.248876, 0.279032, 1, 

27,130,0.001, 0.0266537, 0.037516, 0.040253, 0.075425, 0.14546, 0.153692, 0.22996, 0.248763, 1, 

35,114,0.001, 0.0266537, 0.037516, 0.040253, 0.075425, 0.14546, 0.153692, 0.22996, 0.248763, 0.248763, 0.304855, 0.31975, 0.359774, 0.379474, 0.432226, 0.493915, 0.513683, 0.525324, 0.885862, 1, 

26,158,0.001, 0.0266537, 0.037516, 0.0460126, 0.110065, 0.137015, 0.248876, 0.279032, 1, 

36,112,0.001, 0.0266537, 0.037516, 0.040253, 0.110065, 0.137015, 0.153692, 0.22996, 0.248763, 0.248763, 0.304855, 0.31975, 0.359774, 0.379474, 0.432226, 0.493915, 0.513683, 0.525324, 0.057487, 1, 

Generation #36
29,117,0.001, 0.0234395, 0.0390873, 0.0460126, 0.10239, 0.111185, 0.134715, 0.201765, 0.215415, 0.215567, 0.254165, 0.298254, 0.789084, 1, 

46,105,0.001, 0.0234395, 0.0390873, 0.0460126, 0.10239, 0.111185, 0.134715, 0.201765, 0.215415, 0.279032, 0.421249, 0.482314, 0.608711, 0.629831, 0.648283, 0.693314, 0.753794, 0.503741, 0.506478, 0.59103, 0.602225, 0.637, 0.664335, 0.665919, 0.696968, 0.703648, 0.826224, 0.867416, 0.996671, 1, 

25,169,0.001, 0.0266537, 0.037516, 0.0460126, 0.110065, 0.137015, 0.248876, 0.279032, 1, 

35,114,0.001, 0.0266537, 0.037516, 0.040253, 0.075425, 0.14546, 0.153692, 0.22996, 0.248763, 0.248763, 0.304855, 0.31975, 0.359774, 0.379474, 0.432226, 0.493915, 0.513683, 0.525324, 0.885862, 1, 

26,158,0.001, 0.0266537, 0.037516, 0.0460126, 0.110065, 0.137015, 0.248876, 0.279032, 1, 

36,112,0.001, 0.0266537, 0.037516, 0.040253, 0.110065, 0.137015, 0.153692, 0.22996, 0.248763, 0.248763, 0.304855, 0.31975, 0.359774, 0.379474, 0.432226, 0.493915, 0.513683, 0.525324, 0.057487, 1, 

27,125,0.001, 0.0234395, 0.0390873, 0.0513067, 0.110065, 0.137015, 0.248876, 0.279032, 1, 

Generation #37
29,117,0.001, 0.0234395, 0.0390873, 0.0460126, 0.10239, 0.111185, 0.134715, 0.201765, 0.215415, 0.215567, 0.254165, 0.298254, 0.789084, 1, 

46,105,0.001, 0.0234395, 0.0390873, 0.0460126, 0.10239, 0.111185, 0.134715, 0.201765, 0.215415, 0.279032, 0.421249, 0.482314, 0.608711, 0.629831, 0.648283, 0.693314, 0.753794, 0.503741, 0.506478, 0.59103, 0.602225, 0.637, 0.664335, 0.665919, 0.696968, 0.703648, 0.826224, 0.867416, 0.996671, 1, 

25,169,0.001, 0.0266537, 0.037516, 0.0460126, 0.110065, 0.137015, 0.248876, 0.279032, 1, 

35,114,0.001, 0.0266537, 0.037516, 0.040253, 0.075425, 0.14546, 0.153692, 0.22996, 0.248763, 0.248763, 0.304855, 0.31975, 0.359774, 0.379474, 0.432226, 0.493915, 0.513683, 0.525324, 0.885862, 1, 

26,158,0.001, 0.0266537, 0.037516, 0.0460126, 0.110065, 0.137015, 0.248876, 0.279032, 1, 

36,112,0.001, 0.0266537, 0.037516, 0.040253, 0.110065, 0.137015, 0.153692, 0.22996, 0.248763, 0.248763, 0.304855, 0.31975, 0.359774, 0.379474, 0.432226, 0.493915, 0.513683, 0.525324, 0.057487, 1, 

27,125,0.001, 0.0234395, 0.0390873, 0.0513067, 0.110065, 0.137015, 0.248876, 0.279032, 1, 

Generation #38
29,117,0.001, 0.0234395, 0.0390873, 0.0460126, 0.10239, 0.111185, 0.134715, 0.201765, 0.215415, 0.215567, 0.254165, 0.298254, 0.789084, 1, 

46,105,0.001, 0.0234395, 0.0390873, 0.0460126, 0.10239, 0.111185, 0.134715, 0.201765, 0.215415, 0.279032, 0.421249, 0.482314, 0.608711, 0.629831, 0.648283, 0.693314, 0.753794, 0.503741, 0.506478, 0.59103, 0.602225, 0.637, 0.664335, 0.665919, 0.696968, 0.703648, 0.826224, 0.867416, 0.996671, 1, 

25,169,0.001, 0.0266537, 0.037516, 0.0460126, 0.110065, 0.137015, 0.248876, 0.279032, 1, 

35,114,0.001, 0.0266537, 0.037516, 0.040253, 0.075425, 0.14546, 0.153692, 0.22996, 0.248763, 0.248763, 0.304855, 0.31975, 0.359774, 0.379474, 0.432226, 0.493915, 0.513683, 0.525324, 0.885862, 1, 

26,158,0.001, 0.0266537, 0.037516, 0.0460126, 0.110065, 0.137015, 0.248876, 0.279032, 1, 

36,112,0.001, 0.0266537, 0.037516, 0.040253, 0.110065, 0.137015, 0.153692, 0.22996, 0.248763, 0.248763, 0.304855, 0.31975, 0.359774, 0.379474, 0.432226, 0.493915, 0.513683, 0.525324, 0.057487, 1, 

27,125,0.001, 0.0234395, 0.0390873, 0.0513067, 0.110065, 0.137015, 0.248876, 0.279032, 1, 

Generation #39
29,117,0.001, 0.0234395, 0.0390873, 0.0460126, 0.10239, 0.111185, 0.134715, 0.201765, 0.215415, 0.215567, 0.254165, 0.298254, 0.789084, 1, 

46,105,0.001, 0.0234395, 0.0390873, 0.0460126, 0.10239, 0.111185, 0.134715, 0.201765, 0.215415, 0.279032, 0.421249, 0.482314, 0.608711, 0.629831, 0.648283, 0.693314, 0.753794, 0.503741, 0.506478, 0.59103, 0.602225, 0.637, 0.664335, 0.665919, 0.696968, 0.703648, 0.826224, 0.867416, 0.996671, 1, 

25,169,0.001, 0.0266537, 0.037516, 0.0460126, 0.110065, 0.137015, 0.248876, 0.279032, 1, 

35,114,0.001, 0.0266537, 0.037516, 0.040253, 0.075425, 0.14546, 0.153692, 0.22996, 0.248763, 0.248763, 0.304855, 0.31975, 0.359774, 0.379474, 0.432226, 0.493915, 0.513683, 0.525324, 0.885862, 1, 

26,158,0.001, 0.0266537, 0.037516, 0.0460126, 0.110065, 0.137015, 0.248876, 0.279032, 1, 

36,112,0.001, 0.0266537, 0.037516, 0.040253, 0.110065, 0.137015, 0.153692, 0.22996, 0.248763, 0.248763, 0.304855, 0.31975, 0.359774, 0.379474, 0.432226, 0.493915, 0.513683, 0.525324, 0.057487, 1, 

27,125,0.001, 0.0234395, 0.0390873, 0.0513067, 0.110065, 0.137015, 0.248876, 0.279032, 1, 

Generation #40
29,117,0.001, 0.0234395, 0.0390873, 0.0460126, 0.10239, 0.111185, 0.134715, 0.201765, 0.215415, 0.215567, 0.254165, 0.298254, 0.789084, 1, 

46,105,0.001, 0.0234395, 0.0390873, 0.0460126, 0.10239, 0.111185, 0.134715, 0.201765, 0.215415, 0.279032, 0.421249, 0.482314, 0.608711, 0.629831, 0.648283, 0.693314, 0.753794, 0.503741, 0.506478, 0.59103, 0.602225, 0.637, 0.664335, 0.665919, 0.696968, 0.703648, 0.826224, 0.867416, 0.996671, 1, 

25,169,0.001, 0.0266537, 0.037516, 0.0460126, 0.110065, 0.137015, 0.248876, 0.279032, 1, 

35,114,0.001, 0.0266537, 0.037516, 0.040253, 0.075425, 0.14546, 0.153692, 0.22996, 0.248763, 0.248763, 0.304855, 0.31975, 0.359774, 0.379474, 0.432226, 0.493915, 0.513683, 0.525324, 0.885862, 1, 

26,158,0.001, 0.0266537, 0.037516, 0.0460126, 0.110065, 0.137015, 0.248876, 0.279032, 1, 

36,112,0.001, 0.0266537, 0.037516, 0.040253, 0.110065, 0.137015, 0.153692, 0.22996, 0.248763, 0.248763, 0.304855, 0.31975, 0.359774, 0.379474, 0.432226, 0.493915, 0.513683, 0.525324, 0.057487, 1, 

27,125,0.001, 0.0234395, 0.0390873, 0.0513067, 0.110065, 0.137015, 0.248876, 0.279032, 1, 

Generation #41
29,117,0.001, 0.0234395, 0.0390873, 0.0460126, 0.10239, 0.111185, 0.134715, 0.201765, 0.215415, 0.215567, 0.254165, 0.298254, 0.789084, 1, 

46,105,0.001, 0.0234395, 0.0390873, 0.0460126, 0.10239, 0.111185, 0.134715, 0.201765, 0.215415, 0.279032, 0.421249, 0.482314, 0.608711, 0.629831, 0.648283, 0.693314, 0.753794, 0.503741, 0.506478, 0.59103, 0.602225, 0.637, 0.664335, 0.665919, 0.696968, 0.703648, 0.826224, 0.867416, 0.996671, 1, 

25,169,0.001, 0.0266537, 0.037516, 0.0460126, 0.110065, 0.137015, 0.248876, 0.279032, 1, 

35,114,0.001, 0.0266537, 0.037516, 0.040253, 0.075425, 0.14546, 0.153692, 0.22996, 0.248763, 0.248763, 0.304855, 0.31975, 0.359774, 0.379474, 0.432226, 0.493915, 0.513683, 0.525324, 0.885862, 1, 

26,158,0.001, 0.0266537, 0.037516, 0.0460126, 0.110065, 0.137015, 0.248876, 0.279032, 1, 

36,112,0.001, 0.0266537, 0.037516, 0.040253, 0.110065, 0.137015, 0.153692, 0.22996, 0.248763, 0.248763, 0.304855, 0.31975, 0.359774, 0.379474, 0.432226, 0.493915, 0.513683, 0.525324, 0.057487, 1, 

27,125,0.001, 0.0234395, 0.0390873, 0.0513067, 0.110065, 0.137015, 0.248876, 0.279032, 1, 

Generation #42
29,117,0.001, 0.0234395, 0.0390873, 0.0460126, 0.10239, 0.111185, 0.134715, 0.201765, 0.215415, 0.215567, 0.254165, 0.298254, 0.789084, 1, 

46,105,0.001, 0.0234395, 0.0390873, 0.0460126, 0.10239, 0.111185, 0.134715, 0.201765, 0.215415, 0.279032, 0.421249, 0.482314, 0.608711, 0.629831, 0.648283, 0.693314, 0.753794, 0.503741, 0.506478, 0.59103, 0.602225, 0.637, 0.664335, 0.665919, 0.696968, 0.703648, 0.826224, 0.867416, 0.996671, 1, 

25,169,0.001, 0.0266537, 0.037516, 0.0460126, 0.110065, 0.137015, 0.248876, 0.279032, 1, 

27,125,0.001, 0.0234395, 0.0390873, 0.0513067, 0.110065, 0.137015, 0.248876, 0.279032, 1, 

31,109,0.001, 0.0234395, 0.0390873, 0.0460126, 0.10239, 0.111185, 0.134715, 0.201765, 0.215415, 0.279032, 0.421249, 1, 

26,155,0.001, 0.037516, 0.040253, 0.075425, 0.14546, 0.159559, 0.211271, 0.22996, 1, 

Generation #43
29,117,0.001, 0.0234395, 0.0390873, 0.0460126, 0.10239, 0.111185, 0.134715, 0.201765, 0.215415, 0.215567, 0.254165, 0.298254, 0.789084, 1, 

46,105,0.001, 0.0234395, 0.0390873, 0.0460126, 0.10239, 0.111185, 0.134715, 0.201765, 0.215415, 0.279032, 0.421249, 0.482314, 0.608711, 0.629831, 0.648283, 0.693314, 0.753794, 0.503741, 0.506478, 0.59103, 0.602225, 0.637, 0.664335, 0.665919, 0.696968, 0.703648, 0.826224, 0.867416, 0.996671, 1, 

25,169,0.001, 0.0266537, 0.037516, 0.0460126, 0.110065, 0.137015, 0.248876, 0.279032, 1, 

27,125,0.001, 0.0234395, 0.0390873, 0.0513067, 0.110065, 0.137015, 0.248876, 0.279032, 1, 

31,109,0.001, 0.0234395, 0.0390873, 0.0460126, 0.10239, 0.111185, 0.134715, 0.201765, 0.215415, 0.279032, 0.421249, 1, 

26,155,0.001, 0.037516, 0.040253, 0.075425, 0.14546, 0.159559, 0.211271, 0.22996, 1, 

28,120,0.001, 0.0234395, 0.037516, 0.040253, 0.075425, 0.14546, 0.159559, 0.211271, 0.22996, 0.248763, 1, 

Generation #44
29,117,0.001, 0.0234395, 0.0390873, 0.0460126, 0.10239, 0.111185, 0.134715, 0.201765, 0.215415, 0.215567, 0.254165, 0.298254, 0.789084, 1, 

46,105,0.001, 0.0234395, 0.0390873, 0.0460126, 0.10239, 0.111185, 0.134715, 0.201765, 0.215415, 0.279032, 0.421249, 0.482314, 0.608711, 0.629831, 0.648283, 0.693314, 0.753794, 0.503741, 0.506478, 0.59103, 0.602225, 0.637, 0.664335, 0.665919, 0.696968, 0.703648, 0.826224, 0.867416, 0.996671, 1, 

25,169,0.001, 0.0266537, 0.037516, 0.0460126, 0.110065, 0.137015, 0.248876, 0.279032, 1, 

27,125,0.001, 0.0234395, 0.0390873, 0.0513067, 0.110065, 0.137015, 0.248876, 0.279032, 1, 

31,109,0.001, 0.0234395, 0.0390873, 0.0460126, 0.10239, 0.111185, 0.134715, 0.201765, 0.215415, 0.279032, 0.421249, 1, 

26,155,0.001, 0.037516, 0.040253, 0.075425, 0.14546, 0.159559, 0.211271, 0.22996, 1, 

28,120,0.001, 0.0234395, 0.037516, 0.040253, 0.075425, 0.14546, 0.159559, 0.211271, 0.22996, 0.248763, 1, 

Generation #45
29,117,0.001, 0.0234395, 0.0390873, 0.0460126, 0.10239, 0.111185, 0.134715, 0.201765, 0.215415, 0.215567, 0.254165, 0.298254, 0.789084, 1, 

46,105,0.001, 0.0234395, 0.0390873, 0.0460126, 0.10239, 0.111185, 0.134715, 0.201765, 0.215415, 0.279032, 0.421249, 0.482314, 0.608711, 0.629831, 0.648283, 0.693314, 0.753794, 0.503741, 0.506478, 0.59103, 0.602225, 0.637, 0.664335, 0.665919, 0.696968, 0.703648, 0.826224, 0.867416, 0.996671, 1, 

25,169,0.001, 0.0266537, 0.037516, 0.0460126, 0.110065, 0.137015, 0.248876, 0.279032, 1, 

27,125,0.001, 0.0234395, 0.0390873, 0.0513067, 0.110065, 0.137015, 0.248876, 0.279032, 1, 

31,109,0.001, 0.0234395, 0.0390873, 0.0460126, 0.10239, 0.111185, 0.134715, 0.201765, 0.215415, 0.279032, 0.421249, 1, 

26,155,0.001, 0.037516, 0.040253, 0.075425, 0.14546, 0.159559, 0.211271, 0.22996, 1, 

28,120,0.001, 0.0234395, 0.037516, 0.040253, 0.075425, 0.14546, 0.159559, 0.211271, 0.22996, 0.248763, 1, 

Generation #46
46,105,0.001, 0.0234395, 0.0390873, 0.0460126, 0.10239, 0.111185, 0.134715, 0.201765, 0.215415, 0.279032, 0.421249, 0.482314, 0.608711, 0.629831, 0.648283, 0.693314, 0.753794, 0.503741, 0.506478, 0.59103, 0.602225, 0.637, 0.664335, 0.665919, 0.696968, 0.703648, 0.826224, 0.867416, 0.996671, 1, 

25,169,0.001, 0.0266537, 0.037516, 0.0460126, 0.110065, 0.137015, 0.248876, 0.279032, 1, 

27,125,0.001, 0.0234395, 0.0390873, 0.0513067, 0.110065, 0.137015, 0.248876, 0.279032, 1, 

31,109,0.001, 0.0234395, 0.0390873, 0.0460126, 0.10239, 0.111185, 0.134715, 0.201765, 0.215415, 0.279032, 0.421249, 1, 

28,120,0.001, 0.0234395, 0.037516, 0.040253, 0.075425, 0.14546, 0.159559, 0.211271, 0.22996, 0.248763, 1, 

26,152,0.001, 0.0234395, 0.037516, 0.040253, 0.075425, 0.14546, 0.159559, 0.211271, 0.22996, 1, 

29,110,0.001, 0.0234395, 0.0390873, 0.0460126, 0.10239, 0.111185, 0.134715, 0.201765, 0.22996, 0.248763, 0.304855, 1, 

Generation #47
46,105,0.001, 0.0234395, 0.0390873, 0.0460126, 0.10239, 0.111185, 0.134715, 0.201765, 0.215415, 0.279032, 0.421249, 0.482314, 0.608711, 0.629831, 0.648283, 0.693314, 0.753794, 0.503741, 0.506478, 0.59103, 0.602225, 0.637, 0.664335, 0.665919, 0.696968, 0.703648, 0.826224, 0.867416, 0.996671, 1, 

25,169,0.001, 0.0266537, 0.037516, 0.0460126, 0.110065, 0.137015, 0.248876, 0.279032, 1, 

27,125,0.001, 0.0234395, 0.0390873, 0.0513067, 0.110065, 0.137015, 0.248876, 0.279032, 1, 

31,109,0.001, 0.0234395, 0.0390873, 0.0460126, 0.10239, 0.111185, 0.134715, 0.201765, 0.215415, 0.279032, 0.421249, 1, 

28,120,0.001, 0.0234395, 0.037516, 0.040253, 0.075425, 0.14546, 0.159559, 0.211271, 0.22996, 0.248763, 1, 

26,152,0.001, 0.0234395, 0.037516, 0.040253, 0.075425, 0.14546, 0.159559, 0.211271, 0.22996, 1, 

29,110,0.001, 0.0234395, 0.0390873, 0.0460126, 0.10239, 0.111185, 0.134715, 0.201765, 0.22996, 0.248763, 0.304855, 1, 

Generation #48
46,105,0.001, 0.0234395, 0.0390873, 0.0460126, 0.10239, 0.111185, 0.134715, 0.201765, 0.215415, 0.279032, 0.421249, 0.482314, 0.608711, 0.629831, 0.648283, 0.693314, 0.753794, 0.503741, 0.506478, 0.59103, 0.602225, 0.637, 0.664335, 0.665919, 0.696968, 0.703648, 0.826224, 0.867416, 0.996671, 1, 

25,169,0.001, 0.0266537, 0.037516, 0.0460126, 0.110065, 0.137015, 0.248876, 0.279032, 1, 

27,125,0.001, 0.0234395, 0.0390873, 0.0513067, 0.110065, 0.137015, 0.248876, 0.279032, 1, 

31,109,0.001, 0.0234395, 0.0390873, 0.0460126, 0.10239, 0.111185, 0.134715, 0.201765, 0.215415, 0.279032, 0.421249, 1, 

28,120,0.001, 0.0234395, 0.037516, 0.040253, 0.075425, 0.14546, 0.159559, 0.211271, 0.22996, 0.248763, 1, 

26,152,0.001, 0.0234395, 0.037516, 0.040253, 0.075425, 0.14546, 0.159559, 0.211271, 0.22996, 1, 

29,110,0.001, 0.0234395, 0.0390873, 0.0460126, 0.10239, 0.111185, 0.134715, 0.201765, 0.22996, 0.248763, 0.304855, 1, 

Generation #49
46,105,0.001, 0.0234395, 0.0390873, 0.0460126, 0.10239, 0.111185, 0.134715, 0.201765, 0.215415, 0.279032, 0.421249, 0.482314, 0.608711, 0.629831, 0.648283, 0.693314, 0.753794, 0.503741, 0.506478, 0.59103, 0.602225, 0.637, 0.664335, 0.665919, 0.696968, 0.703648, 0.826224, 0.867416, 0.996671, 1, 

25,169,0.001, 0.0266537, 0.037516, 0.0460126, 0.110065, 0.137015, 0.248876, 0.279032, 1, 

27,125,0.001, 0.0234395, 0.0390873, 0.0513067, 0.110065, 0.137015, 0.248876, 0.279032, 1, 

31,109,0.001, 0.0234395, 0.0390873, 0.0460126, 0.10239, 0.111185, 0.134715, 0.201765, 0.215415, 0.279032, 0.421249, 1, 

28,120,0.001, 0.0234395, 0.037516, 0.040253, 0.075425, 0.14546, 0.159559, 0.211271, 0.22996, 0.248763, 1, 

26,152,0.001, 0.0234395, 0.037516, 0.040253, 0.075425, 0.14546, 0.159559, 0.211271, 0.22996, 1, 

29,110,0.001, 0.0234395, 0.0390873, 0.0460126, 0.10239, 0.111185, 0.134715, 0.201765, 0.22996, 0.248763, 0.304855, 1, 

--- Pareto Front Solutions ---
Solution 0: N total=70 (N_initial=24, N_added=46), Time total=107 ms, Saved to: ./results/SPINS_t2_l1_pareto_0.csv, percents=0.001, 0.0234395, 0.0390873, 0.0460126, 0.10239, 0.111185, 0.134715, 0.201765, 0.215415, 0.279032, 0.421249, 0.482314, 0.608711, 0.629831, 0.648283, 0.693314, 0.753794, 0.503741, 0.506478, 0.59103, 0.602225, 0.637, 0.664335, 0.665919, 0.696968, 0.703648, 0.826224, 0.867416, 0.996671, 1, 

Solution 1: N total=49 (N_initial=24, N_added=25), Time total=171 ms, Saved to: ./results/SPINS_t2_l1_pareto_1.csv, percents=0.001, 0.0266537, 0.037516, 0.0460126, 0.110065, 0.137015, 0.248876, 0.279032, 1, 

Solution 2: N total=51 (N_initial=24, N_added=27), Time total=127 ms, Saved to: ./results/SPINS_t2_l1_pareto_2.csv, percents=0.001, 0.0234395, 0.0390873, 0.0513067, 0.110065, 0.137015, 0.248876, 0.279032, 1, 

Solution 3: N total=55 (N_initial=24, N_added=31), Time total=111 ms, Saved to: ./results/SPINS_t2_l1_pareto_3.csv, percents=0.001, 0.0234395, 0.0390873, 0.0460126, 0.10239, 0.111185, 0.134715, 0.201765, 0.215415, 0.279032, 0.421249, 1, 

Solution 4: N total=52 (N_initial=24, N_added=28), Time total=122 ms, Saved to: ./results/SPINS_t2_l1_pareto_4.csv, percents=0.001, 0.0234395, 0.037516, 0.040253, 0.075425, 0.14546, 0.159559, 0.211271, 0.22996, 0.248763, 1, 

Solution 5: N total=50 (N_initial=24, N_added=26), Time total=154 ms, Saved to: ./results/SPINS_t2_l1_pareto_5.csv, percents=0.001, 0.0234395, 0.037516, 0.040253, 0.075425, 0.14546, 0.159559, 0.211271, 0.22996, 1, 

Solution 6: N total=53 (N_initial=24, N_added=29), Time total=112 ms, Saved to: ./results/SPINS_t2_l1_pareto_6.csv, percents=0.001, 0.0234395, 0.0390873, 0.0460126, 0.10239, 0.111185, 0.134715, 0.201765, 0.22996, 0.248763, 0.304855, 1, 

------------d=1, t=2, lambda=2, filename=./evaluation/SPINS/SPINS_2_2.csv------------
Grouping d-sets by partitioned row counts for detecting arrays...
Ready to look at pairs for detecting arrays...
First Stage N=32, Time=2
There are 1027 remaining non-locating pairs
--- Running GA Algorithm (phase2) ---
Running GA with std::execution::par
Generation #0
32,164,0.001, 0.0408157, 0.0704967, 0.113954, 0.241632, 0.274671, 0.427921, 0.451108, 0.513163, 0.520491, 0.54105, 0.707017, 0.868204, 1, 

42,77,0.001, 0.0211211, 0.0325152, 0.0371866, 0.0380293, 0.101846, 0.126184, 0.139682, 0.156597, 0.166031, 0.256426, 0.259781, 0.274295, 0.309381, 0.355935, 0.37908, 0.417417, 0.504738, 0.507325, 0.565317, 0.59716, 0.677916, 0.876788, 0.914058, 0.962246, 0.997444, 1, 

31,225,0.001, 0.0511948, 0.119575, 0.16324, 0.171223, 0.221986, 0.343041, 0.479342, 0.825925, 0.847845, 0.977351, 1, 

30,506,0.001, 0.197116, 0.30109, 0.3505, 0.43137, 0.453887, 0.770219, 0.816763, 0.892711, 0.955108, 1, 

34,104,0.001, 0.0219428, 0.0306911, 0.0548394, 0.0701275, 0.0939323, 0.105368, 0.204589, 0.295237, 0.323575, 0.468322, 0.530217, 0.810041, 0.822035, 0.881479, 0.954273, 0.997978, 1, 

Generation #1
42,77,0.001, 0.0211211, 0.0325152, 0.0371866, 0.0380293, 0.101846, 0.126184, 0.139682, 0.156597, 0.166031, 0.256426, 0.259781, 0.274295, 0.309381, 0.355935, 0.37908, 0.417417, 0.504738, 0.507325, 0.565317, 0.59716, 0.677916, 0.876788, 0.914058, 0.962246, 0.997444, 1, 

34,104,0.001, 0.0219428, 0.0306911, 0.0548394, 0.0701275, 0.0939323, 0.105368, 0.204589, 0.295237, 0.323575, 0.468322, 0.530217, 0.810041, 0.822035, 0.881479, 0.954273, 0.997978, 1, 

31,152,0.001, 0.0599641, 0.0908743, 0.127641, 0.130437, 0.152537, 0.155327, 0.199468, 0.20681, 0.711023, 0.89706, 1, 

30,279,0.001, 0.0430475, 0.0856163, 0.0877452, 0.267422, 0.290937, 0.294111, 0.360652, 0.601941, 0.831064, 0.836148, 0.947042, 1, 

Generation #2
42,77,0.001, 0.0211211, 0.0325152, 0.0371866, 0.0380293, 0.101846, 0.126184, 0.139682, 0.156597, 0.166031, 0.256426, 0.259781, 0.274295, 0.309381, 0.355935, 0.37908, 0.417417, 0.504738, 0.507325, 0.565317, 0.59716, 0.677916, 0.876788, 0.914058, 0.962246, 0.997444, 1, 

34,104,0.001, 0.0219428, 0.0306911, 0.0548394, 0.0701275, 0.0939323, 0.105368, 0.204589, 0.295237, 0.323575, 0.468322, 0.530217, 0.810041, 0.822035, 0.881479, 0.954273, 0.997978, 1, 

29,106,0.001, 0.0211211, 0.0325152, 0.0371866, 0.0380293, 0.101846, 0.126184, 0.139682, 0.156597, 0.166031, 0.256426, 0.8016, 1, 

28,178,0.001, 0.0599641, 0.0908743, 0.127641, 0.130437, 0.152537, 0.155327, 0.199468, 0.20681, 0.711023, 0.89706, 1, 

Generation #3
42,77,0.001, 0.0211211, 0.0325152, 0.0371866, 0.0380293, 0.101846, 0.126184, 0.139682, 0.156597, 0.166031, 0.256426, 0.259781, 0.274295, 0.309381, 0.355935, 0.37908, 0.417417, 0.504738, 0.507325, 0.565317, 0.59716, 0.677916, 0.876788, 0.914058, 0.962246, 0.997444, 1, 

34,104,0.001, 0.0219428, 0.0306911, 0.0548394, 0.0701275, 0.0939323, 0.105368, 0.204589, 0.295237, 0.323575, 0.468322, 0.530217, 0.810041, 0.822035, 0.881479, 0.954273, 0.997978, 1, 

29,106,0.001, 0.0211211, 0.0325152, 0.0371866, 0.0380293, 0.101846, 0.126184, 0.139682, 0.156597, 0.166031, 0.256426, 0.8016, 1, 

28,178,0.001, 0.0599641, 0.0908743, 0.127641, 0.130437, 0.152537, 0.155327, 0.199468, 0.20681, 0.711023, 0.89706, 1, 

Generation #4
42,77,0.001, 0.0211211, 0.0325152, 0.0371866, 0.0380293, 0.101846, 0.126184, 0.139682, 0.156597, 0.166031, 0.256426, 0.259781, 0.274295, 0.309381, 0.355935, 0.37908, 0.417417, 0.504738, 0.507325, 0.565317, 0.59716, 0.677916, 0.876788, 0.914058, 0.962246, 0.997444, 1, 

27,102,0.001, 0.0219428, 0.0306911, 0.0548394, 0.0701275, 0.101846, 0.126184, 0.139682, 0.156597, 0.166031, 0.927004, 1, 

Generation #5
42,77,0.001, 0.0211211, 0.0325152, 0.0371866, 0.0380293, 0.101846, 0.126184, 0.139682, 0.156597, 0.166031, 0.256426, 0.259781, 0.274295, 0.309381, 0.355935, 0.37908, 0.417417, 0.504738, 0.507325, 0.565317, 0.59716, 0.677916, 0.876788, 0.914058, 0.962246, 0.997444, 1, 

27,102,0.001, 0.0219428, 0.0306911, 0.0548394, 0.0701275, 0.101846, 0.126184, 0.139682, 0.156597, 0.166031, 0.927004, 1, 

45,63,0.001, 0.0211211, 0.0325152, 0.0371866, 0.0380293, 0.101846, 0.126184, 0.139682, 0.156597, 0.166031, 0.256426, 0.259781, 0.274295, 0.309381, 0.30282, 0.314163, 0.713724, 0.353426, 0.369644, 0.439077, 0.560897, 0.705233, 0.727216, 0.797011, 0.824708, 0.870406, 0.913549, 0.925979, 0.950548, 1, 

37,97,0.001, 0.0219428, 0.0306911, 0.0548394, 0.0701275, 0.101846, 0.126184, 0.139682, 0.156597, 0.166031, 0.256426, 0.259781, 0.274295, 0.309381, 0.355935, 0.37908, 0.417417, 0.900951, 1, 

Generation #6
42,77,0.001, 0.0211211, 0.0325152, 0.0371866, 0.0380293, 0.101846, 0.126184, 0.139682, 0.156597, 0.166031, 0.256426, 0.259781, 0.274295, 0.309381, 0.355935, 0.37908, 0.417417, 0.504738, 0.507325, 0.565317, 0.59716, 0.677916, 0.876788, 0.914058, 0.962246, 0.997444, 1, 

27,102,0.001, 0.0219428, 0.0306911, 0.0548394, 0.0701275, 0.101846, 0.126184, 0.139682, 0.156597, 0.166031, 0.927004, 1, 

45,63,0.001, 0.0211211, 0.0325152, 0.0371866, 0.0380293, 0.101846, 0.126184, 0.139682, 0.156597, 0.166031, 0.256426, 0.259781, 0.274295, 0.309381, 0.30282, 0.314163, 0.713724, 0.353426, 0.369644, 0.439077, 0.560897, 0.705233, 0.727216, 0.797011, 0.824708, 0.870406, 0.913549, 0.925979, 0.950548, 1, 

28,91,0.001, 0.0219428, 0.0306911, 0.0548394, 0.0701275, 0.101846, 0.126184, 0.139682, 0.156597, 0.89706, 1, 

31,89,0.001, 0.0211211, 0.0325152, 0.0371866, 0.0380293, 0.101846, 0.126184, 0.139682, 0.156597, 0.166031, 0.256426, 0.8016, 1, 

Generation #7
42,77,0.001, 0.0211211, 0.0325152, 0.0371866, 0.0380293, 0.101846, 0.126184, 0.139682, 0.156597, 0.166031, 0.256426, 0.259781, 0.274295, 0.309381, 0.355935, 0.37908, 0.417417, 0.504738, 0.507325, 0.565317, 0.59716, 0.677916, 0.876788, 0.914058, 0.962246, 0.997444, 1, 

27,102,0.001, 0.0219428, 0.0306911, 0.0548394, 0.0701275, 0.101846, 0.126184, 0.139682, 0.156597, 0.166031, 0.927004, 1, 

45,63,0.001, 0.0211211, 0.0325152, 0.0371866, 0.0380293, 0.101846, 0.126184, 0.139682, 0.156597, 0.166031, 0.256426, 0.259781, 0.274295, 0.309381, 0.30282, 0.314163, 0.713724, 0.353426, 0.369644, 0.439077, 0.560897, 0.705233, 0.727216, 0.797011, 0.824708, 0.870406, 0.913549, 0.925979, 0.950548, 1, 

28,85,0.001, 0.0219428, 0.0306911, 0.0548394, 0.0701275, 0.0939323, 0.105368, 0.204589, 0.295237, 0.166031, 0.256426, 0.8016, 1, 

35,80,0.001, 0.0219428, 0.0306911, 0.0548394, 0.0701275, 0.126184, 0.139682, 0.156597, 0.156597, 0.166031, 0.256426, 0.259781, 0.274295, 0.309381, 0.525334, 0.568263, 0.599898, 0.61648, 0.900951, 1, 

Generation #8
42,77,0.001, 0.0211211, 0.0325152, 0.0371866, 0.0380293, 0.101846, 0.126184, 0.139682, 0.156597, 0.166031, 0.256426, 0.259781, 0.274295, 0.309381, 0.355935, 0.37908, 0.417417, 0.504738, 0.507325, 0.565317, 0.59716, 0.677916, 0.876788, 0.914058, 0.962246, 0.997444, 1, 

27,102,0.001, 0.0219428, 0.0306911, 0.0548394, 0.0701275, 0.101846, 0.126184, 0.139682, 0.156597, 0.166031, 0.927004, 1, 

45,63,0.001, 0.0211211, 0.0325152, 0.0371866, 0.0380293, 0.101846, 0.126184, 0.139682, 0.156597, 0.166031, 0.256426, 0.259781, 0.274295, 0.309381, 0.30282, 0.314163, 0.713724, 0.353426, 0.369644, 0.439077, 0.560897, 0.705233, 0.727216, 0.797011, 0.824708, 0.870406, 0.913549, 0.925979, 0.950548, 1, 

28,85,0.001, 0.0219428, 0.0306911, 0.0548394, 0.0701275, 0.0939323, 0.105368, 0.204589, 0.295237, 0.166031, 0.256426, 0.8016, 1, 

29,80,0.001, 0.0219428, 0.0306911, 0.0548394, 0.0701275, 0.127582, 0.139682, 0.156597, 0.166031, 0.256426, 0.656554, 0.792016, 1, 

Generation #9
42,77,0.001, 0.0211211, 0.0325152, 0.0371866, 0.0380293, 0.101846, 0.126184, 0.139682, 0.156597, 0.166031, 0.256426, 0.259781, 0.274295, 0.309381, 0.355935, 0.37908, 0.417417, 0.504738, 0.507325, 0.565317, 0.59716, 0.677916, 0.876788, 0.914058, 0.962246, 0.997444, 1, 

45,63,0.001, 0.0211211, 0.0325152, 0.0371866, 0.0380293, 0.101846, 0.126184, 0.139682, 0.156597, 0.166031, 0.256426, 0.259781, 0.274295, 0.309381, 0.30282, 0.314163, 0.713724, 0.353426, 0.369644, 0.439077, 0.560897, 0.705233, 0.727216, 0.797011, 0.824708, 0.870406, 0.913549, 0.925979, 0.950548, 1, 

28,85,0.001, 0.0219428, 0.0306911, 0.0548394, 0.0701275, 0.0939323, 0.105368, 0.204589, 0.295237, 0.166031, 0.256426, 0.8016, 1, 

29,80,0.001, 0.0219428, 0.0306911, 0.0548394, 0.0701275, 0.127582, 0.139682, 0.156597, 0.166031, 0.256426, 0.656554, 0.792016, 1, 

27,95,0.001, 0.0219428, 0.0306911, 0.0701275, 0.126184, 0.139682, 0.156597, 0.166031, 0.256426, 1, 

Generation #10
45,63,0.001, 0.0211211, 0.0325152, 0.0371866, 0.0380293, 0.101846, 0.126184, 0.139682, 0.156597, 0.166031, 0.256426, 0.259781, 0.274295, 0.309381, 0.30282, 0.314163, 0.713724, 0.353426, 0.369644, 0.439077, 0.560897, 0.705233, 0.727216, 0.797011, 0.824708, 0.870406, 0.913549, 0.925979, 0.950548, 1, 

28,85,0.001, 0.0219428, 0.0306911, 0.0548394, 0.0701275, 0.0939323, 0.105368, 0.204589, 0.295237, 0.166031, 0.256426, 0.8016, 1, 

29,80,0.001, 0.0219428, 0.0306911, 0.0548394, 0.0701275, 0.127582, 0.139682, 0.156597, 0.166031, 0.256426, 0.656554, 0.792016, 1, 

27,95,0.001, 0.0219428, 0.0306911, 0.0701275, 0.126184, 0.139682, 0.156597, 0.166031, 0.256426, 1, 

30,77,0.001, 0.0211211, 0.0325152, 0.0371866, 0.0380293, 0.101846, 0.126184, 0.139682, 0.156597, 0.166031, 0.263345, 0.256426, 0.8016, 1, 

Generation #11
45,63,0.001, 0.0211211, 0.0325152, 0.0371866, 0.0380293, 0.101846, 0.126184, 0.139682, 0.156597, 0.166031, 0.256426, 0.259781, 0.274295, 0.309381, 0.30282, 0.314163, 0.713724, 0.353426, 0.369644, 0.439077, 0.560897, 0.705233, 0.727216, 0.797011, 0.824708, 0.870406, 0.913549, 0.925979, 0.950548, 1, 

27,95,0.001, 0.0219428, 0.0306911, 0.0701275, 0.126184, 0.139682, 0.156597, 0.166031, 0.256426, 1, 

28,80,0.001, 0.0211211, 0.0325152, 0.0371866, 0.0380293, 0.101846, 0.126184, 0.139682, 0.156597, 0.256426, 0.8016, 1, 

29,74,0.001, 0.0219428, 0.0306911, 0.0371866, 0.0380293, 0.101846, 0.126184, 0.139682, 0.156597, 0.166031, 0.263345, 0.256426, 0.8016, 1, 

Generation #12
45,63,0.001, 0.0211211, 0.0325152, 0.0371866, 0.0380293, 0.101846, 0.126184, 0.139682, 0.156597, 0.166031, 0.256426, 0.259781, 0.274295, 0.309381, 0.30282, 0.314163, 0.713724, 0.353426, 0.369644, 0.439077, 0.560897, 0.705233, 0.727216, 0.797011, 0.824708, 0.870406, 0.913549, 0.925979, 0.950548, 1, 

27,95,0.001, 0.0219428, 0.0306911, 0.0701275, 0.126184, 0.139682, 0.156597, 0.166031, 0.256426, 1, 

28,80,0.001, 0.0211211, 0.0325152, 0.0371866, 0.0380293, 0.101846, 0.126184, 0.139682, 0.156597, 0.256426, 0.8016, 1, 

29,74,0.001, 0.0219428, 0.0306911, 0.0371866, 0.0380293, 0.101846, 0.126184, 0.139682, 0.156597, 0.166031, 0.263345, 0.256426, 0.8016, 1, 

44,72,0.001, 0.0211211, 0.0325152, 0.0371866, 0.0380293, 0.101846, 0.126184, 0.139682, 0.156597, 0.166031, 0.256426, 0.259781, 0.274295, 0.309381, 0.706645, 0.314163, 0.713724, 0.353426, 0.369644, 0.439077, 0.560897, 0.870265, 0.873338, 0.882082, 0.891101, 0.917152, 0.921335, 0.977742, 1, 

Generation #13
45,63,0.001, 0.0211211, 0.0325152, 0.0371866, 0.0380293, 0.101846, 0.126184, 0.139682, 0.156597, 0.166031, 0.256426, 0.259781, 0.274295, 0.309381, 0.30282, 0.314163, 0.713724, 0.353426, 0.369644, 0.439077, 0.560897, 0.705233, 0.727216, 0.797011, 0.824708, 0.870406, 0.913549, 0.925979, 0.950548, 1, 

28,80,0.001, 0.0211211, 0.0325152, 0.0371866, 0.0380293, 0.101846, 0.126184, 0.139682, 0.156597, 0.256426, 0.8016, 1, 

29,74,0.001, 0.0219428, 0.0306911, 0.0371866, 0.0380293, 0.101846, 0.126184, 0.139682, 0.156597, 0.166031, 0.263345, 0.256426, 0.8016, 1, 

44,72,0.001, 0.0211211, 0.0325152, 0.0371866, 0.0380293, 0.101846, 0.126184, 0.139682, 0.156597, 0.166031, 0.256426, 0.259781, 0.274295, 0.309381, 0.706645, 0.314163, 0.713724, 0.353426, 0.369644, 0.439077, 0.560897, 0.870265, 0.873338, 0.882082, 0.891101, 0.917152, 0.921335, 0.977742, 1, 

27,92,0.001, 0.0211211, 0.0325152, 0.0371866, 0.0380293, 0.101846, 0.126184, 0.139682, 0.156597, 0.166031, 0.256426, 0.259781, 1, 

24,121,0.001, 0.0219428, 0.0306911, 0.0548394, 0.0701275, 0.126184, 0.139682, 0.153896, 0.557222, 1, 

Generation #14
45,63,0.001, 0.0211211, 0.0325152, 0.0371866, 0.0380293, 0.101846, 0.126184, 0.139682, 0.156597, 0.166031, 0.256426, 0.259781, 0.274295, 0.309381, 0.30282, 0.314163, 0.713724, 0.353426, 0.369644, 0.439077, 0.560897, 0.705233, 0.727216, 0.797011, 0.824708, 0.870406, 0.913549, 0.925979, 0.950548, 1, 

28,80,0.001, 0.0211211, 0.0325152, 0.0371866, 0.0380293, 0.101846, 0.126184, 0.139682, 0.156597, 0.256426, 0.8016, 1, 

29,74,0.001, 0.0219428, 0.0306911, 0.0371866, 0.0380293, 0.101846, 0.126184, 0.139682, 0.156597, 0.166031, 0.263345, 0.256426, 0.8016, 1, 

44,72,0.001, 0.0211211, 0.0325152, 0.0371866, 0.0380293, 0.101846, 0.126184, 0.139682, 0.156597, 0.166031, 0.256426, 0.259781, 0.274295, 0.309381, 0.706645, 0.314163, 0.713724, 0.353426, 0.369644, 0.439077, 0.560897, 0.870265, 0.873338, 0.882082, 0.891101, 0.917152, 0.921335, 0.977742, 1, 

24,121,0.001, 0.0219428, 0.0306911, 0.0548394, 0.0701275, 0.126184, 0.139682, 0.153896, 0.557222, 1, 

32,73,0.001, 0.0211211, 0.0325152, 0.0371866, 0.0380293, 0.101846, 0.126184, 0.139682, 0.156597, 0.166031, 0.256426, 0.259781, 0.274295, 0.309381, 0.355935, 0.37908, 0.417417, 0.900951, 1, 

26,82,0.001, 0.0211211, 0.0325152, 0.0371866, 0.0380293, 0.101846, 0.126184, 0.139682, 0.156597, 0.166031, 0.256426, 0.8016, 1, 

Generation #15
45,63,0.001, 0.0211211, 0.0325152, 0.0371866, 0.0380293, 0.101846, 0.126184, 0.139682, 0.156597, 0.166031, 0.256426, 0.259781, 0.274295, 0.309381, 0.30282, 0.314163, 0.713724, 0.353426, 0.369644, 0.439077, 0.560897, 0.705233, 0.727216, 0.797011, 0.824708, 0.870406, 0.913549, 0.925979, 0.950548, 1, 

44,72,0.001, 0.0211211, 0.0325152, 0.0371866, 0.0380293, 0.101846, 0.126184, 0.139682, 0.156597, 0.166031, 0.256426, 0.259781, 0.274295, 0.309381, 0.706645, 0.314163, 0.713724, 0.353426, 0.369644, 0.439077, 0.560897, 0.870265, 0.873338, 0.882082, 0.891101, 0.917152, 0.921335, 0.977742, 1, 

24,121,0.001, 0.0219428, 0.0306911, 0.0548394, 0.0701275, 0.126184, 0.139682, 0.153896, 0.557222, 1, 

32,73,0.001, 0.0211211, 0.0325152, 0.0371866, 0.0380293, 0.101846, 0.126184, 0.139682, 0.156597, 0.166031, 0.256426, 0.259781, 0.274295, 0.309381, 0.355935, 0.37908, 0.417417, 0.900951, 1, 

26,82,0.001, 0.0211211, 0.0325152, 0.0371866, 0.0380293, 0.101846, 0.126184, 0.139682, 0.156597, 0.166031, 0.256426, 0.8016, 1, 

28,74,0.001, 0.0219428, 0.0306911, 0.0371866, 0.0380293, 0.101846, 0.126184, 0.139682, 0.156597, 0.166031, 0.263345, 0.256426, 0.8016, 1, 

Generation #16
45,63,0.001, 0.0211211, 0.0325152, 0.0371866, 0.0380293, 0.101846, 0.126184, 0.139682, 0.156597, 0.166031, 0.256426, 0.259781, 0.274295, 0.309381, 0.30282, 0.314163, 0.713724, 0.353426, 0.369644, 0.439077, 0.560897, 0.705233, 0.727216, 0.797011, 0.824708, 0.870406, 0.913549, 0.925979, 0.950548, 1, 

24,121,0.001, 0.0219428, 0.0306911, 0.0548394, 0.0701275, 0.126184, 0.139682, 0.153896, 0.557222, 1, 

26,82,0.001, 0.0211211, 0.0325152, 0.0371866, 0.0380293, 0.101846, 0.126184, 0.139682, 0.156597, 0.166031, 0.256426, 0.8016, 1, 

27,67,0.001, 0.0211211, 0.0325152, 0.0371866, 0.0380293, 0.101846, 0.126184, 0.139682, 0.156597, 0.166031, 0.256426, 0.259781, 1, 

Generation #17
45,63,0.001, 0.0211211, 0.0325152, 0.0371866, 0.0380293, 0.101846, 0.126184, 0.139682, 0.156597, 0.166031, 0.256426, 0.259781, 0.274295, 0.309381, 0.30282, 0.314163, 0.713724, 0.353426, 0.369644, 0.439077, 0.560897, 0.705233, 0.727216, 0.797011, 0.824708, 0.870406, 0.913549, 0.925979, 0.950548, 1, 

24,121,0.001, 0.0219428, 0.0306911, 0.0548394, 0.0701275, 0.126184, 0.139682, 0.153896, 0.557222, 1, 

26,82,0.001, 0.0211211, 0.0325152, 0.0371866, 0.0380293, 0.101846, 0.126184, 0.139682, 0.156597, 0.166031, 0.256426, 0.8016, 1, 

27,67,0.001, 0.0211211, 0.0325152, 0.0371866, 0.0380293, 0.101846, 0.126184, 0.139682, 0.156597, 0.166031, 0.256426, 0.259781, 1, 

Generation #18
45,63,0.001, 0.0211211, 0.0325152, 0.0371866, 0.0380293, 0.101846, 0.126184, 0.139682, 0.156597, 0.166031, 0.256426, 0.259781, 0.274295, 0.309381, 0.30282, 0.314163, 0.713724, 0.353426, 0.369644, 0.439077, 0.560897, 0.705233, 0.727216, 0.797011, 0.824708, 0.870406, 0.913549, 0.925979, 0.950548, 1, 

24,121,0.001, 0.0219428, 0.0306911, 0.0548394, 0.0701275, 0.126184, 0.139682, 0.153896, 0.557222, 1, 

26,82,0.001, 0.0211211, 0.0325152, 0.0371866, 0.0380293, 0.101846, 0.126184, 0.139682, 0.156597, 0.166031, 0.256426, 0.8016, 1, 

27,67,0.001, 0.0211211, 0.0325152, 0.0371866, 0.0380293, 0.101846, 0.126184, 0.139682, 0.156597, 0.166031, 0.256426, 0.259781, 1, 

25,98,0.001, 0.0211211, 0.0325152, 0.0371866, 0.0380293, 0.101846, 0.126184, 0.139682, 0.156597, 1, 

Generation #19
45,63,0.001, 0.0211211, 0.0325152, 0.0371866, 0.0380293, 0.101846, 0.126184, 0.139682, 0.156597, 0.166031, 0.256426, 0.259781, 0.274295, 0.309381, 0.30282, 0.314163, 0.713724, 0.353426, 0.369644, 0.439077, 0.560897, 0.705233, 0.727216, 0.797011, 0.824708, 0.870406, 0.913549, 0.925979, 0.950548, 1, 

24,121,0.001, 0.0219428, 0.0306911, 0.0548394, 0.0701275, 0.126184, 0.139682, 0.153896, 0.557222, 1, 

26,82,0.001, 0.0211211, 0.0325152, 0.0371866, 0.0380293, 0.101846, 0.126184, 0.139682, 0.156597, 0.166031, 0.256426, 0.8016, 1, 

27,67,0.001, 0.0211211, 0.0325152, 0.0371866, 0.0380293, 0.101846, 0.126184, 0.139682, 0.156597, 0.166031, 0.256426, 0.259781, 1, 

25,98,0.001, 0.0211211, 0.0325152, 0.0371866, 0.0380293, 0.101846, 0.126184, 0.139682, 0.156597, 1, 

Generation #20
45,63,0.001, 0.0211211, 0.0325152, 0.0371866, 0.0380293, 0.101846, 0.126184, 0.139682, 0.156597, 0.166031, 0.256426, 0.259781, 0.274295, 0.309381, 0.30282, 0.314163, 0.713724, 0.353426, 0.369644, 0.439077, 0.560897, 0.705233, 0.727216, 0.797011, 0.824708, 0.870406, 0.913549, 0.925979, 0.950548, 1, 

24,121,0.001, 0.0219428, 0.0306911, 0.0548394, 0.0701275, 0.126184, 0.139682, 0.153896, 0.557222, 1, 

26,82,0.001, 0.0211211, 0.0325152, 0.0371866, 0.0380293, 0.101846, 0.126184, 0.139682, 0.156597, 0.166031, 0.256426, 0.8016, 1, 

27,67,0.001, 0.0211211, 0.0325152, 0.0371866, 0.0380293, 0.101846, 0.126184, 0.139682, 0.156597, 0.166031, 0.256426, 0.259781, 1, 

25,98,0.001, 0.0211211, 0.0325152, 0.0371866, 0.0380293, 0.101846, 0.126184, 0.139682, 0.156597, 1, 

Generation #21
45,63,0.001, 0.0211211, 0.0325152, 0.0371866, 0.0380293, 0.101846, 0.126184, 0.139682, 0.156597, 0.166031, 0.256426, 0.259781, 0.274295, 0.309381, 0.30282, 0.314163, 0.713724, 0.353426, 0.369644, 0.439077, 0.560897, 0.705233, 0.727216, 0.797011, 0.824708, 0.870406, 0.913549, 0.925979, 0.950548, 1, 

24,121,0.001, 0.0219428, 0.0306911, 0.0548394, 0.0701275, 0.126184, 0.139682, 0.153896, 0.557222, 1, 

26,82,0.001, 0.0211211, 0.0325152, 0.0371866, 0.0380293, 0.101846, 0.126184, 0.139682, 0.156597, 0.166031, 0.256426, 0.8016, 1, 

27,67,0.001, 0.0211211, 0.0325152, 0.0371866, 0.0380293, 0.101846, 0.126184, 0.139682, 0.156597, 0.166031, 0.256426, 0.259781, 1, 

25,98,0.001, 0.0211211, 0.0325152, 0.0371866, 0.0380293, 0.101846, 0.126184, 0.139682, 0.156597, 1, 

Generation #22
45,63,0.001, 0.0211211, 0.0325152, 0.0371866, 0.0380293, 0.101846, 0.126184, 0.139682, 0.156597, 0.166031, 0.256426, 0.259781, 0.274295, 0.309381, 0.30282, 0.314163, 0.713724, 0.353426, 0.369644, 0.439077, 0.560897, 0.705233, 0.727216, 0.797011, 0.824708, 0.870406, 0.913549, 0.925979, 0.950548, 1, 

24,121,0.001, 0.0219428, 0.0306911, 0.0548394, 0.0701275, 0.126184, 0.139682, 0.153896, 0.557222, 1, 

26,82,0.001, 0.0211211, 0.0325152, 0.0371866, 0.0380293, 0.101846, 0.126184, 0.139682, 0.156597, 0.166031, 0.256426, 0.8016, 1, 

27,67,0.001, 0.0211211, 0.0325152, 0.0371866, 0.0380293, 0.101846, 0.126184, 0.139682, 0.156597, 0.166031, 0.256426, 0.259781, 1, 

25,98,0.001, 0.0211211, 0.0325152, 0.0371866, 0.0380293, 0.101846, 0.126184, 0.139682, 0.156597, 1, 

Generation #23
45,63,0.001, 0.0211211, 0.0325152, 0.0371866, 0.0380293, 0.101846, 0.126184, 0.139682, 0.156597, 0.166031, 0.256426, 0.259781, 0.274295, 0.309381, 0.30282, 0.314163, 0.713724, 0.353426, 0.369644, 0.439077, 0.560897, 0.705233, 0.727216, 0.797011, 0.824708, 0.870406, 0.913549, 0.925979, 0.950548, 1, 

24,121,0.001, 0.0219428, 0.0306911, 0.0548394, 0.0701275, 0.126184, 0.139682, 0.153896, 0.557222, 1, 

26,82,0.001, 0.0211211, 0.0325152, 0.0371866, 0.0380293, 0.101846, 0.126184, 0.139682, 0.156597, 0.166031, 0.256426, 0.8016, 1, 

27,67,0.001, 0.0211211, 0.0325152, 0.0371866, 0.0380293, 0.101846, 0.126184, 0.139682, 0.156597, 0.166031, 0.256426, 0.259781, 1, 

25,98,0.001, 0.0211211, 0.0325152, 0.0371866, 0.0380293, 0.101846, 0.126184, 0.139682, 0.156597, 1, 

Generation #24
45,63,0.001, 0.0211211, 0.0325152, 0.0371866, 0.0380293, 0.101846, 0.126184, 0.139682, 0.156597, 0.166031, 0.256426, 0.259781, 0.274295, 0.309381, 0.30282, 0.314163, 0.713724, 0.353426, 0.369644, 0.439077, 0.560897, 0.705233, 0.727216, 0.797011, 0.824708, 0.870406, 0.913549, 0.925979, 0.950548, 1, 

24,121,0.001, 0.0219428, 0.0306911, 0.0548394, 0.0701275, 0.126184, 0.139682, 0.153896, 0.557222, 1, 

26,82,0.001, 0.0211211, 0.0325152, 0.0371866, 0.0380293, 0.101846, 0.126184, 0.139682, 0.156597, 0.166031, 0.256426, 0.8016, 1, 

27,67,0.001, 0.0211211, 0.0325152, 0.0371866, 0.0380293, 0.101846, 0.126184, 0.139682, 0.156597, 0.166031, 0.256426, 0.259781, 1, 

25,98,0.001, 0.0211211, 0.0325152, 0.0371866, 0.0380293, 0.101846, 0.126184, 0.139682, 0.156597, 1, 

Generation #25
45,63,0.001, 0.0211211, 0.0325152, 0.0371866, 0.0380293, 0.101846, 0.126184, 0.139682, 0.156597, 0.166031, 0.256426, 0.259781, 0.274295, 0.309381, 0.30282, 0.314163, 0.713724, 0.353426, 0.369644, 0.439077, 0.560897, 0.705233, 0.727216, 0.797011, 0.824708, 0.870406, 0.913549, 0.925979, 0.950548, 1, 

24,121,0.001, 0.0219428, 0.0306911, 0.0548394, 0.0701275, 0.126184, 0.139682, 0.153896, 0.557222, 1, 

26,82,0.001, 0.0211211, 0.0325152, 0.0371866, 0.0380293, 0.101846, 0.126184, 0.139682, 0.156597, 0.166031, 0.256426, 0.8016, 1, 

27,67,0.001, 0.0211211, 0.0325152, 0.0371866, 0.0380293, 0.101846, 0.126184, 0.139682, 0.156597, 0.166031, 0.256426, 0.259781, 1, 

25,98,0.001, 0.0211211, 0.0325152, 0.0371866, 0.0380293, 0.101846, 0.126184, 0.139682, 0.156597, 1, 

Generation #26
45,63,0.001, 0.0211211, 0.0325152, 0.0371866, 0.0380293, 0.101846, 0.126184, 0.139682, 0.156597, 0.166031, 0.256426, 0.259781, 0.274295, 0.309381, 0.30282, 0.314163, 0.713724, 0.353426, 0.369644, 0.439077, 0.560897, 0.705233, 0.727216, 0.797011, 0.824708, 0.870406, 0.913549, 0.925979, 0.950548, 1, 

24,121,0.001, 0.0219428, 0.0306911, 0.0548394, 0.0701275, 0.126184, 0.139682, 0.153896, 0.557222, 1, 

25,67,0.001, 0.0219428, 0.0306911, 0.0548394, 0.0701275, 0.101846, 0.139682, 0.156597, 0.166031, 0.256426, 0.259781, 1, 

Generation #27
45,63,0.001, 0.0211211, 0.0325152, 0.0371866, 0.0380293, 0.101846, 0.126184, 0.139682, 0.156597, 0.166031, 0.256426, 0.259781, 0.274295, 0.309381, 0.30282, 0.314163, 0.713724, 0.353426, 0.369644, 0.439077, 0.560897, 0.705233, 0.727216, 0.797011, 0.824708, 0.870406, 0.913549, 0.925979, 0.950548, 1, 

24,121,0.001, 0.0219428, 0.0306911, 0.0548394, 0.0701275, 0.126184, 0.139682, 0.153896, 0.557222, 1, 

25,67,0.001, 0.0219428, 0.0306911, 0.0548394, 0.0701275, 0.101846, 0.139682, 0.156597, 0.166031, 0.256426, 0.259781, 1, 

Generation #28
45,63,0.001, 0.0211211, 0.0325152, 0.0371866, 0.0380293, 0.101846, 0.126184, 0.139682, 0.156597, 0.166031, 0.256426, 0.259781, 0.274295, 0.309381, 0.30282, 0.314163, 0.713724, 0.353426, 0.369644, 0.439077, 0.560897, 0.705233, 0.727216, 0.797011, 0.824708, 0.870406, 0.913549, 0.925979, 0.950548, 1, 

24,121,0.001, 0.0219428, 0.0306911, 0.0548394, 0.0701275, 0.126184, 0.139682, 0.153896, 0.557222, 1, 

25,67,0.001, 0.0219428, 0.0306911, 0.0548394, 0.0701275, 0.101846, 0.139682, 0.156597, 0.166031, 0.256426, 0.259781, 1, 

Generation #29
45,63,0.001, 0.0211211, 0.0325152, 0.0371866, 0.0380293, 0.101846, 0.126184, 0.139682, 0.156597, 0.166031, 0.256426, 0.259781, 0.274295, 0.309381, 0.30282, 0.314163, 0.713724, 0.353426, 0.369644, 0.439077, 0.560897, 0.705233, 0.727216, 0.797011, 0.824708, 0.870406, 0.913549, 0.925979, 0.950548, 1, 

24,121,0.001, 0.0219428, 0.0306911, 0.0548394, 0.0701275, 0.126184, 0.139682, 0.153896, 0.557222, 1, 

25,67,0.001, 0.0219428, 0.0306911, 0.0548394, 0.0701275, 0.101846, 0.139682, 0.156597, 0.166031, 0.256426, 0.259781, 1, 

Generation #30
45,63,0.001, 0.0211211, 0.0325152, 0.0371866, 0.0380293, 0.101846, 0.126184, 0.139682, 0.156597, 0.166031, 0.256426, 0.259781, 0.274295, 0.309381, 0.30282, 0.314163, 0.713724, 0.353426, 0.369644, 0.439077, 0.560897, 0.705233, 0.727216, 0.797011, 0.824708, 0.870406, 0.913549, 0.925979, 0.950548, 1, 

24,121,0.001, 0.0219428, 0.0306911, 0.0548394, 0.0701275, 0.126184, 0.139682, 0.153896, 0.557222, 1, 

25,67,0.001, 0.0219428, 0.0306911, 0.0548394, 0.0701275, 0.101846, 0.139682, 0.156597, 0.166031, 0.256426, 0.259781, 1, 

Generation #31
45,63,0.001, 0.0211211, 0.0325152, 0.0371866, 0.0380293, 0.101846, 0.126184, 0.139682, 0.156597, 0.166031, 0.256426, 0.259781, 0.274295, 0.309381, 0.30282, 0.314163, 0.713724, 0.353426, 0.369644, 0.439077, 0.560897, 0.705233, 0.727216, 0.797011, 0.824708, 0.870406, 0.913549, 0.925979, 0.950548, 1, 

24,121,0.001, 0.0219428, 0.0306911, 0.0548394, 0.0701275, 0.126184, 0.139682, 0.153896, 0.557222, 1, 

25,67,0.001, 0.0219428, 0.0306911, 0.0548394, 0.0701275, 0.101846, 0.139682, 0.156597, 0.166031, 0.256426, 0.259781, 1, 

Generation #32
45,63,0.001, 0.0211211, 0.0325152, 0.0371866, 0.0380293, 0.101846, 0.126184, 0.139682, 0.156597, 0.166031, 0.256426, 0.259781, 0.274295, 0.309381, 0.30282, 0.314163, 0.713724, 0.353426, 0.369644, 0.439077, 0.560897, 0.705233, 0.727216, 0.797011, 0.824708, 0.870406, 0.913549, 0.925979, 0.950548, 1, 

24,121,0.001, 0.0219428, 0.0306911, 0.0548394, 0.0701275, 0.126184, 0.139682, 0.153896, 0.557222, 1, 

25,67,0.001, 0.0219428, 0.0306911, 0.0548394, 0.0701275, 0.101846, 0.139682, 0.156597, 0.166031, 0.256426, 0.259781, 1, 

Generation #33
45,63,0.001, 0.0211211, 0.0325152, 0.0371866, 0.0380293, 0.101846, 0.126184, 0.139682, 0.156597, 0.166031, 0.256426, 0.259781, 0.274295, 0.309381, 0.30282, 0.314163, 0.713724, 0.353426, 0.369644, 0.439077, 0.560897, 0.705233, 0.727216, 0.797011, 0.824708, 0.870406, 0.913549, 0.925979, 0.950548, 1, 

24,121,0.001, 0.0219428, 0.0306911, 0.0548394, 0.0701275, 0.126184, 0.139682, 0.153896, 0.557222, 1, 

25,67,0.001, 0.0219428, 0.0306911, 0.0548394, 0.0701275, 0.101846, 0.139682, 0.156597, 0.166031, 0.256426, 0.259781, 1, 

Generation #34
45,63,0.001, 0.0211211, 0.0325152, 0.0371866, 0.0380293, 0.101846, 0.126184, 0.139682, 0.156597, 0.166031, 0.256426, 0.259781, 0.274295, 0.309381, 0.30282, 0.314163, 0.713724, 0.353426, 0.369644, 0.439077, 0.560897, 0.705233, 0.727216, 0.797011, 0.824708, 0.870406, 0.913549, 0.925979, 0.950548, 1, 

24,121,0.001, 0.0219428, 0.0306911, 0.0548394, 0.0701275, 0.126184, 0.139682, 0.153896, 0.557222, 1, 

25,67,0.001, 0.0219428, 0.0306911, 0.0548394, 0.0701275, 0.101846, 0.139682, 0.156597, 0.166031, 0.256426, 0.259781, 1, 

Generation #35
45,63,0.001, 0.0211211, 0.0325152, 0.0371866, 0.0380293, 0.101846, 0.126184, 0.139682, 0.156597, 0.166031, 0.256426, 0.259781, 0.274295, 0.309381, 0.30282, 0.314163, 0.713724, 0.353426, 0.369644, 0.439077, 0.560897, 0.705233, 0.727216, 0.797011, 0.824708, 0.870406, 0.913549, 0.925979, 0.950548, 1, 

24,121,0.001, 0.0219428, 0.0306911, 0.0548394, 0.0701275, 0.126184, 0.139682, 0.153896, 0.557222, 1, 

25,67,0.001, 0.0219428, 0.0306911, 0.0548394, 0.0701275, 0.101846, 0.139682, 0.156597, 0.166031, 0.256426, 0.259781, 1, 

27,64,0.001, 0.0211211, 0.0325152, 0.0371866, 0.0380293, 0.101846, 0.126184, 0.139682, 0.156597, 0.166031, 0.256426, 0.8016, 1, 

Generation #36
45,63,0.001, 0.0211211, 0.0325152, 0.0371866, 0.0380293, 0.101846, 0.126184, 0.139682, 0.156597, 0.166031, 0.256426, 0.259781, 0.274295, 0.309381, 0.30282, 0.314163, 0.713724, 0.353426, 0.369644, 0.439077, 0.560897, 0.705233, 0.727216, 0.797011, 0.824708, 0.870406, 0.913549, 0.925979, 0.950548, 1, 

24,121,0.001, 0.0219428, 0.0306911, 0.0548394, 0.0701275, 0.126184, 0.139682, 0.153896, 0.557222, 1, 

25,67,0.001, 0.0219428, 0.0306911, 0.0548394, 0.0701275, 0.101846, 0.139682, 0.156597, 0.166031, 0.256426, 0.259781, 1, 

27,64,0.001, 0.0211211, 0.0325152, 0.0371866, 0.0380293, 0.101846, 0.126184, 0.139682, 0.156597, 0.166031, 0.256426, 0.8016, 1, 

Generation #37
45,63,0.001, 0.0211211, 0.0325152, 0.0371866, 0.0380293, 0.101846, 0.126184, 0.139682, 0.156597, 0.166031, 0.256426, 0.259781, 0.274295, 0.309381, 0.30282, 0.314163, 0.713724, 0.353426, 0.369644, 0.439077, 0.560897, 0.705233, 0.727216, 0.797011, 0.824708, 0.870406, 0.913549, 0.925979, 0.950548, 1, 

24,121,0.001, 0.0219428, 0.0306911, 0.0548394, 0.0701275, 0.126184, 0.139682, 0.153896, 0.557222, 1, 

25,67,0.001, 0.0219428, 0.0306911, 0.0548394, 0.0701275, 0.101846, 0.139682, 0.156597, 0.166031, 0.256426, 0.259781, 1, 

27,64,0.001, 0.0211211, 0.0325152, 0.0371866, 0.0380293, 0.101846, 0.126184, 0.139682, 0.156597, 0.166031, 0.256426, 0.8016, 1, 

Generation #38
45,63,0.001, 0.0211211, 0.0325152, 0.0371866, 0.0380293, 0.101846, 0.126184, 0.139682, 0.156597, 0.166031, 0.256426, 0.259781, 0.274295, 0.309381, 0.30282, 0.314163, 0.713724, 0.353426, 0.369644, 0.439077, 0.560897, 0.705233, 0.727216, 0.797011, 0.824708, 0.870406, 0.913549, 0.925979, 0.950548, 1, 

24,121,0.001, 0.0219428, 0.0306911, 0.0548394, 0.0701275, 0.126184, 0.139682, 0.153896, 0.557222, 1, 

25,67,0.001, 0.0219428, 0.0306911, 0.0548394, 0.0701275, 0.101846, 0.139682, 0.156597, 0.166031, 0.256426, 0.259781, 1, 

27,64,0.001, 0.0211211, 0.0325152, 0.0371866, 0.0380293, 0.101846, 0.126184, 0.139682, 0.156597, 0.166031, 0.256426, 0.8016, 1, 

Generation #39
45,63,0.001, 0.0211211, 0.0325152, 0.0371866, 0.0380293, 0.101846, 0.126184, 0.139682, 0.156597, 0.166031, 0.256426, 0.259781, 0.274295, 0.309381, 0.30282, 0.314163, 0.713724, 0.353426, 0.369644, 0.439077, 0.560897, 0.705233, 0.727216, 0.797011, 0.824708, 0.870406, 0.913549, 0.925979, 0.950548, 1, 

24,121,0.001, 0.0219428, 0.0306911, 0.0548394, 0.0701275, 0.126184, 0.139682, 0.153896, 0.557222, 1, 

25,67,0.001, 0.0219428, 0.0306911, 0.0548394, 0.0701275, 0.101846, 0.139682, 0.156597, 0.166031, 0.256426, 0.259781, 1, 

27,64,0.001, 0.0211211, 0.0325152, 0.0371866, 0.0380293, 0.101846, 0.126184, 0.139682, 0.156597, 0.166031, 0.256426, 0.8016, 1, 

Generation #40
45,63,0.001, 0.0211211, 0.0325152, 0.0371866, 0.0380293, 0.101846, 0.126184, 0.139682, 0.156597, 0.166031, 0.256426, 0.259781, 0.274295, 0.309381, 0.30282, 0.314163, 0.713724, 0.353426, 0.369644, 0.439077, 0.560897, 0.705233, 0.727216, 0.797011, 0.824708, 0.870406, 0.913549, 0.925979, 0.950548, 1, 

24,121,0.001, 0.0219428, 0.0306911, 0.0548394, 0.0701275, 0.126184, 0.139682, 0.153896, 0.557222, 1, 

25,67,0.001, 0.0219428, 0.0306911, 0.0548394, 0.0701275, 0.101846, 0.139682, 0.156597, 0.166031, 0.256426, 0.259781, 1, 

27,64,0.001, 0.0211211, 0.0325152, 0.0371866, 0.0380293, 0.101846, 0.126184, 0.139682, 0.156597, 0.166031, 0.256426, 0.8016, 1, 

Generation #41
45,63,0.001, 0.0211211, 0.0325152, 0.0371866, 0.0380293, 0.101846, 0.126184, 0.139682, 0.156597, 0.166031, 0.256426, 0.259781, 0.274295, 0.309381, 0.30282, 0.314163, 0.713724, 0.353426, 0.369644, 0.439077, 0.560897, 0.705233, 0.727216, 0.797011, 0.824708, 0.870406, 0.913549, 0.925979, 0.950548, 1, 

24,121,0.001, 0.0219428, 0.0306911, 0.0548394, 0.0701275, 0.126184, 0.139682, 0.153896, 0.557222, 1, 

25,67,0.001, 0.0219428, 0.0306911, 0.0548394, 0.0701275, 0.101846, 0.139682, 0.156597, 0.166031, 0.256426, 0.259781, 1, 

27,64,0.001, 0.0211211, 0.0325152, 0.0371866, 0.0380293, 0.101846, 0.126184, 0.139682, 0.156597, 0.166031, 0.256426, 0.8016, 1, 

Generation #42
45,63,0.001, 0.0211211, 0.0325152, 0.0371866, 0.0380293, 0.101846, 0.126184, 0.139682, 0.156597, 0.166031, 0.256426, 0.259781, 0.274295, 0.309381, 0.30282, 0.314163, 0.713724, 0.353426, 0.369644, 0.439077, 0.560897, 0.705233, 0.727216, 0.797011, 0.824708, 0.870406, 0.913549, 0.925979, 0.950548, 1, 

25,67,0.001, 0.0219428, 0.0306911, 0.0548394, 0.0701275, 0.101846, 0.139682, 0.156597, 0.166031, 0.256426, 0.259781, 1, 

27,64,0.001, 0.0211211, 0.0325152, 0.0371866, 0.0380293, 0.101846, 0.126184, 0.139682, 0.156597, 0.166031, 0.256426, 0.8016, 1, 

24,98,0.001, 0.0211211, 0.0325152, 0.0371866, 0.0380293, 0.101846, 0.126184, 0.139682, 0.156597, 1, 

Generation #43
45,63,0.001, 0.0211211, 0.0325152, 0.0371866, 0.0380293, 0.101846, 0.126184, 0.139682, 0.156597, 0.166031, 0.256426, 0.259781, 0.274295, 0.309381, 0.30282, 0.314163, 0.713724, 0.353426, 0.369644, 0.439077, 0.560897, 0.705233, 0.727216, 0.797011, 0.824708, 0.870406, 0.913549, 0.925979, 0.950548, 1, 

25,67,0.001, 0.0219428, 0.0306911, 0.0548394, 0.0701275, 0.101846, 0.139682, 0.156597, 0.166031, 0.256426, 0.259781, 1, 

27,64,0.001, 0.0211211, 0.0325152, 0.0371866, 0.0380293, 0.101846, 0.126184, 0.139682, 0.156597, 0.166031, 0.256426, 0.8016, 1, 

24,98,0.001, 0.0211211, 0.0325152, 0.0371866, 0.0380293, 0.101846, 0.126184, 0.139682, 0.156597, 1, 

Generation #44
45,63,0.001, 0.0211211, 0.0325152, 0.0371866, 0.0380293, 0.101846, 0.126184, 0.139682, 0.156597, 0.166031, 0.256426, 0.259781, 0.274295, 0.309381, 0.30282, 0.314163, 0.713724, 0.353426, 0.369644, 0.439077, 0.560897, 0.705233, 0.727216, 0.797011, 0.824708, 0.870406, 0.913549, 0.925979, 0.950548, 1, 

25,67,0.001, 0.0219428, 0.0306911, 0.0548394, 0.0701275, 0.101846, 0.139682, 0.156597, 0.166031, 0.256426, 0.259781, 1, 

27,64,0.001, 0.0211211, 0.0325152, 0.0371866, 0.0380293, 0.101846, 0.126184, 0.139682, 0.156597, 0.166031, 0.256426, 0.8016, 1, 

24,98,0.001, 0.0211211, 0.0325152, 0.0371866, 0.0380293, 0.101846, 0.126184, 0.139682, 0.156597, 1, 

Generation #45
45,63,0.001, 0.0211211, 0.0325152, 0.0371866, 0.0380293, 0.101846, 0.126184, 0.139682, 0.156597, 0.166031, 0.256426, 0.259781, 0.274295, 0.309381, 0.30282, 0.314163, 0.713724, 0.353426, 0.369644, 0.439077, 0.560897, 0.705233, 0.727216, 0.797011, 0.824708, 0.870406, 0.913549, 0.925979, 0.950548, 1, 

25,67,0.001, 0.0219428, 0.0306911, 0.0548394, 0.0701275, 0.101846, 0.139682, 0.156597, 0.166031, 0.256426, 0.259781, 1, 

27,64,0.001, 0.0211211, 0.0325152, 0.0371866, 0.0380293, 0.101846, 0.126184, 0.139682, 0.156597, 0.166031, 0.256426, 0.8016, 1, 

24,98,0.001, 0.0211211, 0.0325152, 0.0371866, 0.0380293, 0.101846, 0.126184, 0.139682, 0.156597, 1, 

Generation #46
45,63,0.001, 0.0211211, 0.0325152, 0.0371866, 0.0380293, 0.101846, 0.126184, 0.139682, 0.156597, 0.166031, 0.256426, 0.259781, 0.274295, 0.309381, 0.30282, 0.314163, 0.713724, 0.353426, 0.369644, 0.439077, 0.560897, 0.705233, 0.727216, 0.797011, 0.824708, 0.870406, 0.913549, 0.925979, 0.950548, 1, 

25,67,0.001, 0.0219428, 0.0306911, 0.0548394, 0.0701275, 0.101846, 0.139682, 0.156597, 0.166031, 0.256426, 0.259781, 1, 

27,64,0.001, 0.0211211, 0.0325152, 0.0371866, 0.0380293, 0.101846, 0.126184, 0.139682, 0.156597, 0.166031, 0.256426, 0.8016, 1, 

24,98,0.001, 0.0211211, 0.0325152, 0.0371866, 0.0380293, 0.101846, 0.126184, 0.139682, 0.156597, 1, 

Generation #47
45,63,0.001, 0.0211211, 0.0325152, 0.0371866, 0.0380293, 0.101846, 0.126184, 0.139682, 0.156597, 0.166031, 0.256426, 0.259781, 0.274295, 0.309381, 0.30282, 0.314163, 0.713724, 0.353426, 0.369644, 0.439077, 0.560897, 0.705233, 0.727216, 0.797011, 0.824708, 0.870406, 0.913549, 0.925979, 0.950548, 1, 

25,67,0.001, 0.0219428, 0.0306911, 0.0548394, 0.0701275, 0.101846, 0.139682, 0.156597, 0.166031, 0.256426, 0.259781, 1, 

27,64,0.001, 0.0211211, 0.0325152, 0.0371866, 0.0380293, 0.101846, 0.126184, 0.139682, 0.156597, 0.166031, 0.256426, 0.8016, 1, 

24,98,0.001, 0.0211211, 0.0325152, 0.0371866, 0.0380293, 0.101846, 0.126184, 0.139682, 0.156597, 1, 

Generation #48
45,63,0.001, 0.0211211, 0.0325152, 0.0371866, 0.0380293, 0.101846, 0.126184, 0.139682, 0.156597, 0.166031, 0.256426, 0.259781, 0.274295, 0.309381, 0.30282, 0.314163, 0.713724, 0.353426, 0.369644, 0.439077, 0.560897, 0.705233, 0.727216, 0.797011, 0.824708, 0.870406, 0.913549, 0.925979, 0.950548, 1, 

25,67,0.001, 0.0219428, 0.0306911, 0.0548394, 0.0701275, 0.101846, 0.139682, 0.156597, 0.166031, 0.256426, 0.259781, 1, 

27,64,0.001, 0.0211211, 0.0325152, 0.0371866, 0.0380293, 0.101846, 0.126184, 0.139682, 0.156597, 0.166031, 0.256426, 0.8016, 1, 

24,98,0.001, 0.0211211, 0.0325152, 0.0371866, 0.0380293, 0.101846, 0.126184, 0.139682, 0.156597, 1, 

Generation #49
45,63,0.001, 0.0211211, 0.0325152, 0.0371866, 0.0380293, 0.101846, 0.126184, 0.139682, 0.156597, 0.166031, 0.256426, 0.259781, 0.274295, 0.309381, 0.30282, 0.314163, 0.713724, 0.353426, 0.369644, 0.439077, 0.560897, 0.705233, 0.727216, 0.797011, 0.824708, 0.870406, 0.913549, 0.925979, 0.950548, 1, 

25,67,0.001, 0.0219428, 0.0306911, 0.0548394, 0.0701275, 0.101846, 0.139682, 0.156597, 0.166031, 0.256426, 0.259781, 1, 

27,64,0.001, 0.0211211, 0.0325152, 0.0371866, 0.0380293, 0.101846, 0.126184, 0.139682, 0.156597, 0.166031, 0.256426, 0.8016, 1, 

24,98,0.001, 0.0211211, 0.0325152, 0.0371866, 0.0380293, 0.101846, 0.126184, 0.139682, 0.156597, 1, 

--- Pareto Front Solutions ---
Solution 0: N total=77 (N_initial=32, N_added=45), Time total=65 ms, Saved to: ./results/SPINS_t2_l2_pareto_0.csv, percents=0.001, 0.0211211, 0.0325152, 0.0371866, 0.0380293, 0.101846, 0.126184, 0.139682, 0.156597, 0.166031, 0.256426, 0.259781, 0.274295, 0.309381, 0.30282, 0.314163, 0.713724, 0.353426, 0.369644, 0.439077, 0.560897, 0.705233, 0.727216, 0.797011, 0.824708, 0.870406, 0.913549, 0.925979, 0.950548, 1, 

Solution 1: N total=57 (N_initial=32, N_added=25), Time total=69 ms, Saved to: ./results/SPINS_t2_l2_pareto_1.csv, percents=0.001, 0.0219428, 0.0306911, 0.0548394, 0.0701275, 0.101846, 0.139682, 0.156597, 0.166031, 0.256426, 0.259781, 1, 

Solution 2: N total=59 (N_initial=32, N_added=27), Time total=66 ms, Saved to: ./results/SPINS_t2_l2_pareto_2.csv, percents=0.001, 0.0211211, 0.0325152, 0.0371866, 0.0380293, 0.101846, 0.126184, 0.139682, 0.156597, 0.166031, 0.256426, 0.8016, 1, 

Solution 3: N total=56 (N_initial=32, N_added=24), Time total=100 ms, Saved to: ./results/SPINS_t2_l2_pareto_3.csv, percents=0.001, 0.0211211, 0.0325152, 0.0371866, 0.0380293, 0.101846, 0.126184, 0.139682, 0.156597, 1, 

------------d=1, t=2, lambda=3, filename=./evaluation/SPINS/SPINS_2_3.csv------------
Grouping d-sets by partitioned row counts for detecting arrays...
Ready to look at pairs for detecting arrays...
First Stage N=56, Time=2
There are 248 remaining non-locating pairs
--- Running GA Algorithm (phase2) ---
Running GA with std::execution::par
Generation #0
40,38,0.001, 0.0337629, 0.0344128, 0.0569843, 0.0609782, 0.0635819, 0.0636928, 0.0911221, 0.112133, 0.126075, 0.12967, 0.137441, 0.150662, 0.151859, 0.170439, 0.170793, 0.257603, 0.304376, 0.411375, 0.465888, 0.468816, 0.473155, 0.556886, 0.576075, 0.703856, 0.800307, 0.814875, 0.850245, 0.855561, 1, 

24,100,0.001, 0.169129, 0.301921, 0.340716, 0.353441, 0.439405, 0.879286, 0.888636, 0.906611, 0.908829, 1, 

25,60,0.001, 0.0834102, 0.139107, 0.190398, 0.228583, 0.345579, 0.402124, 0.543887, 0.580481, 0.603241, 0.623736, 0.692908, 0.743638, 0.777323, 1, 

34,40,0.001, 0.0418991, 0.0459085, 0.0515637, 0.0549628, 0.129462, 0.139384, 0.153086, 0.175051, 0.186658, 0.307668, 0.356085, 0.401448, 0.464833, 0.490922, 0.601055, 0.715532, 0.755573, 0.829761, 0.892533, 0.94412, 0.966582, 0.986272, 1, 

Generation #1
25,35,0.001, 0.0337629, 0.0344128, 0.0569843, 0.0609782, 0.0635819, 0.0636928, 0.0911221, 0.112133, 0.126075, 0.12967, 0.137441, 0.150662, 0.151859, 0.960635, 1, 

23,50,0.001, 0.00845908, 0.0557853, 0.0835047, 0.0994927, 0.105028, 0.112981, 0.205079, 0.906611, 0.908829, 1, 

Generation #2
23,50,0.001, 0.00845908, 0.0557853, 0.0835047, 0.0994927, 0.105028, 0.112981, 0.205079, 0.906611, 0.908829, 1, 

24,32,0.001, 0.0337629, 0.0344128, 0.0569843, 0.0609782, 0.0635819, 0.0636928, 0.0911221, 0.112133, 0.126075, 0.12967, 0.137441, 0.150662, 0.151859, 0.960635, 1, 

22,61,0.001, 0.0485774, 0.066206, 0.06803, 0.189486, 0.196794, 0.2554, 0.463863, 0.592739, 0.723445, 1, 

36,30,0.001, 0.00559426, 0.0269421, 0.030244, 0.100402, 0.112823, 0.171916, 0.172559, 0.210135, 0.214855, 0.239563, 0.291614, 0.371065, 0.406633, 0.447548, 0.447748, 0.494106, 0.520597, 0.548374, 0.56711, 0.628145, 0.631337, 0.645955, 0.694217, 0.779207, 0.790016, 0.827427, 0.933137, 1, 

Generation #3
24,32,0.001, 0.0337629, 0.0344128, 0.0569843, 0.0609782, 0.0635819, 0.0636928, 0.0911221, 0.112133, 0.126075, 0.12967, 0.137441, 0.150662, 0.151859, 0.960635, 1, 

36,30,0.001, 0.00559426, 0.0269421, 0.030244, 0.100402, 0.112823, 0.171916, 0.172559, 0.210135, 0.214855, 0.239563, 0.291614, 0.371065, 0.406633, 0.447548, 0.447748, 0.494106, 0.520597, 0.548374, 0.56711, 0.628145, 0.631337, 0.645955, 0.694217, 0.779207, 0.790016, 0.827427, 0.933137, 1, 

21,53,0.001, 0.00845908, 0.0557853, 0.0835047, 0.0994927, 0.105028, 0.112981, 0.205079, 0.257315, 0.908829, 1, 

22,50,0.001, 0.106078, 0.0515561, 0.0803946, 0.121762, 0.122041, 0.136899, 0.158754, 0.198538, 0.301343, 0.949829, 1, 

Generation #4
24,32,0.001, 0.0337629, 0.0344128, 0.0569843, 0.0609782, 0.0635819, 0.0636928, 0.0911221, 0.112133, 0.126075, 0.12967, 0.137441, 0.150662, 0.151859, 0.960635, 1, 

36,30,0.001, 0.00559426, 0.0269421, 0.030244, 0.100402, 0.112823, 0.171916, 0.172559, 0.210135, 0.214855, 0.239563, 0.291614, 0.371065, 0.406633, 0.447548, 0.447748, 0.494106, 0.520597, 0.548374, 0.56711, 0.628145, 0.631337, 0.645955, 0.694217, 0.779207, 0.790016, 0.827427, 0.933137, 1, 

21,53,0.001, 0.00845908, 0.0557853, 0.0835047, 0.0994927, 0.105028, 0.112981, 0.205079, 0.257315, 0.908829, 1, 

22,50,0.001, 0.106078, 0.0515561, 0.0803946, 0.121762, 0.122041, 0.136899, 0.158754, 0.198538, 0.301343, 0.949829, 1, 

23,47,0.001, 0.0337629, 0.0344128, 0.0569843, 0.0609782, 0.0635819, 0.23982, 0.24017, 0.351433, 0.394814, 0.991358, 1, 

Generation #5
21,53,0.001, 0.00845908, 0.0557853, 0.0835047, 0.0994927, 0.105028, 0.112981, 0.205079, 0.257315, 0.908829, 1, 

22,25,0.001, 0.0337629, 0.0344128, 0.0569843, 0.0609782, 0.0635819, 0.0636928, 0.0911221, 0.112133, 0.126075, 0.12967, 0.137441, 0.151859, 0.960635, 1, 

35,21,0.001, 0.0337629, 0.0344128, 0.0569843, 0.0609782, 0.0635819, 0.0636928, 0.0911221, 0.112133, 0.126075, 0.12967, 0.137441, 0.150662, 0.151859, 0.360381, 0.363725, 0.436745, 0.477982, 0.511305, 0.538876, 0.558598, 0.588715, 0.66261, 0.75742, 0.837612, 0.875247, 0.912846, 0.933137, 1, 

Generation #6
22,25,0.001, 0.0337629, 0.0344128, 0.0569843, 0.0609782, 0.0635819, 0.0636928, 0.0911221, 0.112133, 0.126075, 0.12967, 0.137441, 0.151859, 0.960635, 1, 

35,21,0.001, 0.0337629, 0.0344128, 0.0569843, 0.0609782, 0.0635819, 0.0636928, 0.0911221, 0.112133, 0.126075, 0.12967, 0.137441, 0.150662, 0.151859, 0.360381, 0.363725, 0.436745, 0.477982, 0.511305, 0.538876, 0.558598, 0.588715, 0.66261, 0.75742, 0.837612, 0.875247, 0.912846, 0.933137, 1, 

21,42,0.001, 0.00845908, 0.0557853, 0.0835047, 0.0994927, 0.122041, 0.136899, 0.158754, 0.198538, 0.921567, 0.949829, 1, 

Generation #7
22,25,0.001, 0.0337629, 0.0344128, 0.0569843, 0.0609782, 0.0635819, 0.0636928, 0.0911221, 0.112133, 0.126075, 0.12967, 0.137441, 0.151859, 0.960635, 1, 

35,21,0.001, 0.0337629, 0.0344128, 0.0569843, 0.0609782, 0.0635819, 0.0636928, 0.0911221, 0.112133, 0.126075, 0.12967, 0.137441, 0.150662, 0.151859, 0.360381, 0.363725, 0.436745, 0.477982, 0.511305, 0.538876, 0.558598, 0.588715, 0.66261, 0.75742, 0.837612, 0.875247, 0.912846, 0.933137, 1, 

21,42,0.001, 0.00845908, 0.0557853, 0.0835047, 0.0994927, 0.122041, 0.136899, 0.158754, 0.198538, 0.921567, 0.949829, 1, 

20,59,0.001, 0.00559426, 0.0269421, 0.030244, 0.100402, 0.112823, 0.171916, 0.172559, 0.210135, 0.214855, 1, 

Generation #8
22,25,0.001, 0.0337629, 0.0344128, 0.0569843, 0.0609782, 0.0635819, 0.0636928, 0.0911221, 0.112133, 0.126075, 0.12967, 0.137441, 0.151859, 0.960635, 1, 

35,21,0.001, 0.0337629, 0.0344128, 0.0569843, 0.0609782, 0.0635819, 0.0636928, 0.0911221, 0.112133, 0.126075, 0.12967, 0.137441, 0.150662, 0.151859, 0.360381, 0.363725, 0.436745, 0.477982, 0.511305, 0.538876, 0.558598, 0.588715, 0.66261, 0.75742, 0.837612, 0.875247, 0.912846, 0.933137, 1, 

21,42,0.001, 0.00845908, 0.0557853, 0.0835047, 0.0994927, 0.122041, 0.136899, 0.158754, 0.198538, 0.921567, 0.949829, 1, 

20,59,0.001, 0.00559426, 0.0269421, 0.030244, 0.100402, 0.112823, 0.171916, 0.172559, 0.210135, 0.214855, 1, 

Generation #9
22,25,0.001, 0.0337629, 0.0344128, 0.0569843, 0.0609782, 0.0635819, 0.0636928, 0.0911221, 0.112133, 0.126075, 0.12967, 0.137441, 0.151859, 0.960635, 1, 

23,24,0.001, 0.0337629, 0.0344128, 0.0569843, 0.0609782, 0.0635819, 0.0636928, 0.0911221, 0.112133, 0.126075, 0.12967, 0.137441, 0.150662, 0.151859, 0.960635, 1, 

19,37,0.001, 0.00559426, 0.0269421, 0.030244, 0.100402, 0.112823, 0.171916, 0.172559, 0.257315, 0.908829, 1, 

34,18,0.001, 0.0337629, 0.0344128, 0.0569843, 0.0609782, 0.0635819, 0.0636928, 0.0911221, 0.112133, 0.126075, 0.12967, 0.137441, 0.150662, 0.151859, 0.170439, 0.170793, 0.257603, 0.304376, 0.411375, 0.468816, 0.473155, 0.556886, 0.576075, 0.703856, 0.800307, 0.814875, 0.850245, 0.855561, 1, 

Generation #10
22,25,0.001, 0.0337629, 0.0344128, 0.0569843, 0.0609782, 0.0635819, 0.0636928, 0.0911221, 0.112133, 0.126075, 0.12967, 0.137441, 0.151859, 0.960635, 1, 

23,24,0.001, 0.0337629, 0.0344128, 0.0569843, 0.0609782, 0.0635819, 0.0636928, 0.0911221, 0.112133, 0.126075, 0.12967, 0.137441, 0.150662, 0.151859, 0.960635, 1, 

19,37,0.001, 0.00559426, 0.0269421, 0.030244, 0.100402, 0.112823, 0.171916, 0.172559, 0.257315, 0.908829, 1, 

34,18,0.001, 0.0337629, 0.0344128, 0.0569843, 0.0609782, 0.0635819, 0.0636928, 0.0911221, 0.112133, 0.126075, 0.12967, 0.137441, 0.150662, 0.151859, 0.170439, 0.170793, 0.257603, 0.304376, 0.411375, 0.468816, 0.473155, 0.556886, 0.576075, 0.703856, 0.800307, 0.814875, 0.850245, 0.855561, 1, 

Generation #11
22,25,0.001, 0.0337629, 0.0344128, 0.0569843, 0.0609782, 0.0635819, 0.0636928, 0.0911221, 0.112133, 0.126075, 0.12967, 0.137441, 0.151859, 0.960635, 1, 

23,24,0.001, 0.0337629, 0.0344128, 0.0569843, 0.0609782, 0.0635819, 0.0636928, 0.0911221, 0.112133, 0.126075, 0.12967, 0.137441, 0.150662, 0.151859, 0.960635, 1, 

34,18,0.001, 0.0337629, 0.0344128, 0.0569843, 0.0609782, 0.0635819, 0.0636928, 0.0911221, 0.112133, 0.126075, 0.12967, 0.137441, 0.150662, 0.151859, 0.170439, 0.170793, 0.257603, 0.304376, 0.411375, 0.468816, 0.473155, 0.556886, 0.576075, 0.703856, 0.800307, 0.814875, 0.850245, 0.855561, 1, 

19,35,0.001, 0.0337629, 0.0569843, 0.0609782, 0.0635819, 0.0635819, 0.171916, 0.172559, 0.210135, 0.214855, 1, 

Generation #12
22,25,0.001, 0.0337629, 0.0344128, 0.0569843, 0.0609782, 0.0635819, 0.0636928, 0.0911221, 0.112133, 0.126075, 0.12967, 0.137441, 0.151859, 0.960635, 1, 

23,24,0.001, 0.0337629, 0.0344128, 0.0569843, 0.0609782, 0.0635819, 0.0636928, 0.0911221, 0.112133, 0.126075, 0.12967, 0.137441, 0.150662, 0.151859, 0.960635, 1, 

34,18,0.001, 0.0337629, 0.0344128, 0.0569843, 0.0609782, 0.0635819, 0.0636928, 0.0911221, 0.112133, 0.126075, 0.12967, 0.137441, 0.150662, 0.151859, 0.170439, 0.170793, 0.257603, 0.304376, 0.411375, 0.468816, 0.473155, 0.556886, 0.576075, 0.703856, 0.800307, 0.814875, 0.850245, 0.855561, 1, 

19,35,0.001, 0.0337629, 0.0569843, 0.0609782, 0.0635819, 0.0635819, 0.171916, 0.172559, 0.210135, 0.214855, 1, 

Generation #13
22,25,0.001, 0.0337629, 0.0344128, 0.0569843, 0.0609782, 0.0635819, 0.0636928, 0.0911221, 0.112133, 0.126075, 0.12967, 0.137441, 0.151859, 0.960635, 1, 

23,24,0.001, 0.0337629, 0.0344128, 0.0569843, 0.0609782, 0.0635819, 0.0636928, 0.0911221, 0.112133, 0.126075, 0.12967, 0.137441, 0.150662, 0.151859, 0.960635, 1, 

34,18,0.001, 0.0337629, 0.0344128, 0.0569843, 0.0609782, 0.0635819, 0.0636928, 0.0911221, 0.112133, 0.126075, 0.12967, 0.137441, 0.150662, 0.151859, 0.170439, 0.170793, 0.257603, 0.304376, 0.411375, 0.468816, 0.473155, 0.556886, 0.576075, 0.703856, 0.800307, 0.814875, 0.850245, 0.855561, 1, 

19,35,0.001, 0.0337629, 0.0569843, 0.0609782, 0.0635819, 0.0635819, 0.171916, 0.172559, 0.210135, 0.214855, 1, 

Generation #14
22,25,0.001, 0.0337629, 0.0344128, 0.0569843, 0.0609782, 0.0635819, 0.0636928, 0.0911221, 0.112133, 0.126075, 0.12967, 0.137441, 0.151859, 0.960635, 1, 

23,24,0.001, 0.0337629, 0.0344128, 0.0569843, 0.0609782, 0.0635819, 0.0636928, 0.0911221, 0.112133, 0.126075, 0.12967, 0.137441, 0.150662, 0.151859, 0.960635, 1, 

34,18,0.001, 0.0337629, 0.0344128, 0.0569843, 0.0609782, 0.0635819, 0.0636928, 0.0911221, 0.112133, 0.126075, 0.12967, 0.137441, 0.150662, 0.151859, 0.170439, 0.170793, 0.257603, 0.304376, 0.411375, 0.468816, 0.473155, 0.556886, 0.576075, 0.703856, 0.800307, 0.814875, 0.850245, 0.855561, 1, 

19,35,0.001, 0.0337629, 0.0569843, 0.0609782, 0.0635819, 0.0635819, 0.171916, 0.172559, 0.210135, 0.214855, 1, 

Generation #15
22,25,0.001, 0.0337629, 0.0344128, 0.0569843, 0.0609782, 0.0635819, 0.0636928, 0.0911221, 0.112133, 0.126075, 0.12967, 0.137441, 0.151859, 0.960635, 1, 

23,24,0.001, 0.0337629, 0.0344128, 0.0569843, 0.0609782, 0.0635819, 0.0636928, 0.0911221, 0.112133, 0.126075, 0.12967, 0.137441, 0.150662, 0.151859, 0.960635, 1, 

34,18,0.001, 0.0337629, 0.0344128, 0.0569843, 0.0609782, 0.0635819, 0.0636928, 0.0911221, 0.112133, 0.126075, 0.12967, 0.137441, 0.150662, 0.151859, 0.170439, 0.170793, 0.257603, 0.304376, 0.411375, 0.468816, 0.473155, 0.556886, 0.576075, 0.703856, 0.800307, 0.814875, 0.850245, 0.855561, 1, 

19,35,0.001, 0.0337629, 0.0569843, 0.0609782, 0.0635819, 0.0635819, 0.171916, 0.172559, 0.210135, 0.214855, 1, 

21,29,0.001, 0.0337629, 0.0344128, 0.0569843, 0.0609782, 0.0635819, 0.0911221, 0.112133, 0.126075, 0.12967, 0.137441, 0.100678, 0.960635, 1, 

Generation #16
22,25,0.001, 0.0337629, 0.0344128, 0.0569843, 0.0609782, 0.0635819, 0.0636928, 0.0911221, 0.112133, 0.126075, 0.12967, 0.137441, 0.151859, 0.960635, 1, 

23,24,0.001, 0.0337629, 0.0344128, 0.0569843, 0.0609782, 0.0635819, 0.0636928, 0.0911221, 0.112133, 0.126075, 0.12967, 0.137441, 0.150662, 0.151859, 0.960635, 1, 

34,18,0.001, 0.0337629, 0.0344128, 0.0569843, 0.0609782, 0.0635819, 0.0636928, 0.0911221, 0.112133, 0.126075, 0.12967, 0.137441, 0.150662, 0.151859, 0.170439, 0.170793, 0.257603, 0.304376, 0.411375, 0.468816, 0.473155, 0.556886, 0.576075, 0.703856, 0.800307, 0.814875, 0.850245, 0.855561, 1, 

19,35,0.001, 0.0337629, 0.0569843, 0.0609782, 0.0635819, 0.0635819, 0.171916, 0.172559, 0.210135, 0.214855, 1, 

21,29,0.001, 0.0337629, 0.0344128, 0.0569843, 0.0609782, 0.0635819, 0.0911221, 0.112133, 0.126075, 0.12967, 0.137441, 0.100678, 0.960635, 1, 

Generation #17
22,25,0.001, 0.0337629, 0.0344128, 0.0569843, 0.0609782, 0.0635819, 0.0636928, 0.0911221, 0.112133, 0.126075, 0.12967, 0.137441, 0.151859, 0.960635, 1, 

23,24,0.001, 0.0337629, 0.0344128, 0.0569843, 0.0609782, 0.0635819, 0.0636928, 0.0911221, 0.112133, 0.126075, 0.12967, 0.137441, 0.150662, 0.151859, 0.960635, 1, 

34,18,0.001, 0.0337629, 0.0344128, 0.0569843, 0.0609782, 0.0635819, 0.0636928, 0.0911221, 0.112133, 0.126075, 0.12967, 0.137441, 0.150662, 0.151859, 0.170439, 0.170793, 0.257603, 0.304376, 0.411375, 0.468816, 0.473155, 0.556886, 0.576075, 0.703856, 0.800307, 0.814875, 0.850245, 0.855561, 1, 

19,35,0.001, 0.0337629, 0.0569843, 0.0609782, 0.0635819, 0.0635819, 0.171916, 0.172559, 0.210135, 0.214855, 1, 

21,29,0.001, 0.0337629, 0.0344128, 0.0569843, 0.0609782, 0.0635819, 0.0911221, 0.112133, 0.126075, 0.12967, 0.137441, 0.100678, 0.960635, 1, 

Generation #18
22,25,0.001, 0.0337629, 0.0344128, 0.0569843, 0.0609782, 0.0635819, 0.0636928, 0.0911221, 0.112133, 0.126075, 0.12967, 0.137441, 0.151859, 0.960635, 1, 

23,24,0.001, 0.0337629, 0.0344128, 0.0569843, 0.0609782, 0.0635819, 0.0636928, 0.0911221, 0.112133, 0.126075, 0.12967, 0.137441, 0.150662, 0.151859, 0.960635, 1, 

34,18,0.001, 0.0337629, 0.0344128, 0.0569843, 0.0609782, 0.0635819, 0.0636928, 0.0911221, 0.112133, 0.126075, 0.12967, 0.137441, 0.150662, 0.151859, 0.170439, 0.170793, 0.257603, 0.304376, 0.411375, 0.468816, 0.473155, 0.556886, 0.576075, 0.703856, 0.800307, 0.814875, 0.850245, 0.855561, 1, 

19,35,0.001, 0.0337629, 0.0569843, 0.0609782, 0.0635819, 0.0635819, 0.171916, 0.172559, 0.210135, 0.214855, 1, 

21,29,0.001, 0.0337629, 0.0344128, 0.0569843, 0.0609782, 0.0635819, 0.0911221, 0.112133, 0.126075, 0.12967, 0.137441, 0.100678, 0.960635, 1, 

Generation #19
22,25,0.001, 0.0337629, 0.0344128, 0.0569843, 0.0609782, 0.0635819, 0.0636928, 0.0911221, 0.112133, 0.126075, 0.12967, 0.137441, 0.151859, 0.960635, 1, 

23,24,0.001, 0.0337629, 0.0344128, 0.0569843, 0.0609782, 0.0635819, 0.0636928, 0.0911221, 0.112133, 0.126075, 0.12967, 0.137441, 0.150662, 0.151859, 0.960635, 1, 

34,18,0.001, 0.0337629, 0.0344128, 0.0569843, 0.0609782, 0.0635819, 0.0636928, 0.0911221, 0.112133, 0.126075, 0.12967, 0.137441, 0.150662, 0.151859, 0.170439, 0.170793, 0.257603, 0.304376, 0.411375, 0.468816, 0.473155, 0.556886, 0.576075, 0.703856, 0.800307, 0.814875, 0.850245, 0.855561, 1, 

19,35,0.001, 0.0337629, 0.0569843, 0.0609782, 0.0635819, 0.0635819, 0.171916, 0.172559, 0.210135, 0.214855, 1, 

21,29,0.001, 0.0337629, 0.0344128, 0.0569843, 0.0609782, 0.0635819, 0.0911221, 0.112133, 0.126075, 0.12967, 0.137441, 0.100678, 0.960635, 1, 

32,20,0.001, 0.00559426, 0.0269421, 0.0569843, 0.0609782, 0.0635819, 0.0636928, 0.0911221, 0.112133, 0.126075, 0.12967, 0.137441, 0.150662, 0.151859, 0.170439, 0.170793, 0.257603, 0.304376, 0.411375, 0.465888, 0.468816, 0.473155, 0.576075, 0.703856, 0.814875, 0.850245, 0.855561, 1, 

Generation #20
23,24,0.001, 0.0337629, 0.0344128, 0.0569843, 0.0609782, 0.0635819, 0.0636928, 0.0911221, 0.112133, 0.126075, 0.12967, 0.137441, 0.150662, 0.151859, 0.960635, 1, 

34,18,0.001, 0.0337629, 0.0344128, 0.0569843, 0.0609782, 0.0635819, 0.0636928, 0.0911221, 0.112133, 0.126075, 0.12967, 0.137441, 0.150662, 0.151859, 0.170439, 0.170793, 0.257603, 0.304376, 0.411375, 0.468816, 0.473155, 0.556886, 0.576075, 0.703856, 0.800307, 0.814875, 0.850245, 0.855561, 1, 

19,35,0.001, 0.0337629, 0.0569843, 0.0609782, 0.0635819, 0.0635819, 0.171916, 0.172559, 0.210135, 0.214855, 1, 

32,20,0.001, 0.00559426, 0.0269421, 0.0569843, 0.0609782, 0.0635819, 0.0636928, 0.0911221, 0.112133, 0.126075, 0.12967, 0.137441, 0.150662, 0.151859, 0.170439, 0.170793, 0.257603, 0.304376, 0.411375, 0.465888, 0.468816, 0.473155, 0.576075, 0.703856, 0.814875, 0.850245, 0.855561, 1, 

21,25,0.001, 0.0337629, 0.0344128, 0.0569843, 0.0609782, 0.0635819, 0.0636928, 0.0911221, 0.112133, 0.12967, 0.137441, 0.150662, 0.151859, 0.960635, 1, 

Generation #21
34,18,0.001, 0.0337629, 0.0344128, 0.0569843, 0.0609782, 0.0635819, 0.0636928, 0.0911221, 0.112133, 0.126075, 0.12967, 0.137441, 0.150662, 0.151859, 0.170439, 0.170793, 0.257603, 0.304376, 0.411375, 0.468816, 0.473155, 0.556886, 0.576075, 0.703856, 0.800307, 0.814875, 0.850245, 0.855561, 1, 

19,35,0.001, 0.0337629, 0.0569843, 0.0609782, 0.0635819, 0.0635819, 0.171916, 0.172559, 0.210135, 0.214855, 1, 

32,20,0.001, 0.00559426, 0.0269421, 0.0569843, 0.0609782, 0.0635819, 0.0636928, 0.0911221, 0.112133, 0.126075, 0.12967, 0.137441, 0.150662, 0.151859, 0.170439, 0.170793, 0.257603, 0.304376, 0.411375, 0.465888, 0.468816, 0.473155, 0.576075, 0.703856, 0.814875, 0.850245, 0.855561, 1, 

21,25,0.001, 0.0337629, 0.0344128, 0.0569843, 0.0609782, 0.0635819, 0.0636928, 0.0911221, 0.112133, 0.12967, 0.137441, 0.150662, 0.151859, 0.960635, 1, 

23,22,0.001, 0.0337629, 0.0344128, 0.0569843, 0.0609782, 0.0635819, 0.0636928, 0.0911221, 0.112133, 0.126075, 0.12967, 0.137441, 0.150662, 0.151859, 0.960635, 1, 

Generation #22
34,18,0.001, 0.0337629, 0.0344128, 0.0569843, 0.0609782, 0.0635819, 0.0636928, 0.0911221, 0.112133, 0.126075, 0.12967, 0.137441, 0.150662, 0.151859, 0.170439, 0.170793, 0.257603, 0.304376, 0.411375, 0.468816, 0.473155, 0.556886, 0.576075, 0.703856, 0.800307, 0.814875, 0.850245, 0.855561, 1, 

19,35,0.001, 0.0337629, 0.0569843, 0.0609782, 0.0635819, 0.0635819, 0.171916, 0.172559, 0.210135, 0.214855, 1, 

32,20,0.001, 0.00559426, 0.0269421, 0.0569843, 0.0609782, 0.0635819, 0.0636928, 0.0911221, 0.112133, 0.126075, 0.12967, 0.137441, 0.150662, 0.151859, 0.170439, 0.170793, 0.257603, 0.304376, 0.411375, 0.465888, 0.468816, 0.473155, 0.576075, 0.703856, 0.814875, 0.850245, 0.855561, 1, 

21,25,0.001, 0.0337629, 0.0344128, 0.0569843, 0.0609782, 0.0635819, 0.0636928, 0.0911221, 0.112133, 0.12967, 0.137441, 0.150662, 0.151859, 0.960635, 1, 

22,22,0.001, 0.0337629, 0.0344128, 0.0569843, 0.0609782, 0.0635819, 0.0636928, 0.0911221, 0.112133, 0.126075, 0.12967, 0.137441, 0.150662, 0.151859, 0.960635, 1, 

20,32,0.001, 0.0148922, 0.0269421, 0.030244, 0.0635819, 0.0636928, 0.0911221, 0.112133, 0.126075, 0.12967, 0.137441, 1, 

Generation #23
34,18,0.001, 0.0337629, 0.0344128, 0.0569843, 0.0609782, 0.0635819, 0.0636928, 0.0911221, 0.112133, 0.126075, 0.12967, 0.137441, 0.150662, 0.151859, 0.170439, 0.170793, 0.257603, 0.304376, 0.411375, 0.468816, 0.473155, 0.556886, 0.576075, 0.703856, 0.800307, 0.814875, 0.850245, 0.855561, 1, 

19,35,0.001, 0.0337629, 0.0569843, 0.0609782, 0.0635819, 0.0635819, 0.171916, 0.172559, 0.210135, 0.214855, 1, 

32,20,0.001, 0.00559426, 0.0269421, 0.0569843, 0.0609782, 0.0635819, 0.0636928, 0.0911221, 0.112133, 0.126075, 0.12967, 0.137441, 0.150662, 0.151859, 0.170439, 0.170793, 0.257603, 0.304376, 0.411375, 0.465888, 0.468816, 0.473155, 0.576075, 0.703856, 0.814875, 0.850245, 0.855561, 1, 

22,22,0.001, 0.0337629, 0.0344128, 0.0569843, 0.0609782, 0.0635819, 0.0636928, 0.0911221, 0.112133, 0.126075, 0.12967, 0.137441, 0.150662, 0.151859, 0.960635, 1, 

20,24,0.001, 0.0148922, 0.0557853, 0.0569843, 0.0609782, 0.0635819, 0.0636928, 0.0911221, 0.112133, 0.12967, 0.137441, 0.150662, 0.151859, 0.960635, 1, 

Generation #24
34,18,0.001, 0.0337629, 0.0344128, 0.0569843, 0.0609782, 0.0635819, 0.0636928, 0.0911221, 0.112133, 0.126075, 0.12967, 0.137441, 0.150662, 0.151859, 0.170439, 0.170793, 0.257603, 0.304376, 0.411375, 0.468816, 0.473155, 0.556886, 0.576075, 0.703856, 0.800307, 0.814875, 0.850245, 0.855561, 1, 

19,35,0.001, 0.0337629, 0.0569843, 0.0609782, 0.0635819, 0.0635819, 0.171916, 0.172559, 0.210135, 0.214855, 1, 

32,20,0.001, 0.00559426, 0.0269421, 0.0569843, 0.0609782, 0.0635819, 0.0636928, 0.0911221, 0.112133, 0.126075, 0.12967, 0.137441, 0.150662, 0.151859, 0.170439, 0.170793, 0.257603, 0.304376, 0.411375, 0.465888, 0.468816, 0.473155, 0.576075, 0.703856, 0.814875, 0.850245, 0.855561, 1, 

22,22,0.001, 0.0337629, 0.0344128, 0.0569843, 0.0609782, 0.0635819, 0.0636928, 0.0911221, 0.112133, 0.126075, 0.12967, 0.137441, 0.150662, 0.151859, 0.960635, 1, 

20,24,0.001, 0.0148922, 0.0557853, 0.0569843, 0.0609782, 0.0635819, 0.0636928, 0.0911221, 0.112133, 0.12967, 0.137441, 0.150662, 0.151859, 0.960635, 1, 

Generation #25
34,18,0.001, 0.0337629, 0.0344128, 0.0569843, 0.0609782, 0.0635819, 0.0636928, 0.0911221, 0.112133, 0.126075, 0.12967, 0.137441, 0.150662, 0.151859, 0.170439, 0.170793, 0.257603, 0.304376, 0.411375, 0.468816, 0.473155, 0.556886, 0.576075, 0.703856, 0.800307, 0.814875, 0.850245, 0.855561, 1, 

19,35,0.001, 0.0337629, 0.0569843, 0.0609782, 0.0635819, 0.0635819, 0.171916, 0.172559, 0.210135, 0.214855, 1, 

32,20,0.001, 0.00559426, 0.0269421, 0.0569843, 0.0609782, 0.0635819, 0.0636928, 0.0911221, 0.112133, 0.126075, 0.12967, 0.137441, 0.150662, 0.151859, 0.170439, 0.170793, 0.257603, 0.304376, 0.411375, 0.465888, 0.468816, 0.473155, 0.576075, 0.703856, 0.814875, 0.850245, 0.855561, 1, 

22,22,0.001, 0.0337629, 0.0344128, 0.0569843, 0.0609782, 0.0635819, 0.0636928, 0.0911221, 0.112133, 0.126075, 0.12967, 0.137441, 0.150662, 0.151859, 0.960635, 1, 

20,24,0.001, 0.0148922, 0.0557853, 0.0569843, 0.0609782, 0.0635819, 0.0636928, 0.0911221, 0.112133, 0.12967, 0.137441, 0.150662, 0.151859, 0.960635, 1, 

Generation #26
34,18,0.001, 0.0337629, 0.0344128, 0.0569843, 0.0609782, 0.0635819, 0.0636928, 0.0911221, 0.112133, 0.126075, 0.12967, 0.137441, 0.150662, 0.151859, 0.170439, 0.170793, 0.257603, 0.304376, 0.411375, 0.468816, 0.473155, 0.556886, 0.576075, 0.703856, 0.800307, 0.814875, 0.850245, 0.855561, 1, 

19,35,0.001, 0.0337629, 0.0569843, 0.0609782, 0.0635819, 0.0635819, 0.171916, 0.172559, 0.210135, 0.214855, 1, 

32,20,0.001, 0.00559426, 0.0269421, 0.0569843, 0.0609782, 0.0635819, 0.0636928, 0.0911221, 0.112133, 0.126075, 0.12967, 0.137441, 0.150662, 0.151859, 0.170439, 0.170793, 0.257603, 0.304376, 0.411375, 0.465888, 0.468816, 0.473155, 0.576075, 0.703856, 0.814875, 0.850245, 0.855561, 1, 

22,22,0.001, 0.0337629, 0.0344128, 0.0569843, 0.0609782, 0.0635819, 0.0636928, 0.0911221, 0.112133, 0.126075, 0.12967, 0.137441, 0.150662, 0.151859, 0.960635, 1, 

20,24,0.001, 0.0148922, 0.0557853, 0.0569843, 0.0609782, 0.0635819, 0.0636928, 0.0911221, 0.112133, 0.12967, 0.137441, 0.150662, 0.151859, 0.960635, 1, 

Generation #27
34,18,0.001, 0.0337629, 0.0344128, 0.0569843, 0.0609782, 0.0635819, 0.0636928, 0.0911221, 0.112133, 0.126075, 0.12967, 0.137441, 0.150662, 0.151859, 0.170439, 0.170793, 0.257603, 0.304376, 0.411375, 0.468816, 0.473155, 0.556886, 0.576075, 0.703856, 0.800307, 0.814875, 0.850245, 0.855561, 1, 

19,35,0.001, 0.0337629, 0.0569843, 0.0609782, 0.0635819, 0.0635819, 0.171916, 0.172559, 0.210135, 0.214855, 1, 

32,20,0.001, 0.00559426, 0.0269421, 0.0569843, 0.0609782, 0.0635819, 0.0636928, 0.0911221, 0.112133, 0.126075, 0.12967, 0.137441, 0.150662, 0.151859, 0.170439, 0.170793, 0.257603, 0.304376, 0.411375, 0.465888, 0.468816, 0.473155, 0.576075, 0.703856, 0.814875, 0.850245, 0.855561, 1, 

22,22,0.001, 0.0337629, 0.0344128, 0.0569843, 0.0609782, 0.0635819, 0.0636928, 0.0911221, 0.112133, 0.126075, 0.12967, 0.137441, 0.150662, 0.151859, 0.960635, 1, 

20,24,0.001, 0.0148922, 0.0557853, 0.0569843, 0.0609782, 0.0635819, 0.0636928, 0.0911221, 0.112133, 0.12967, 0.137441, 0.150662, 0.151859, 0.960635, 1, 

Generation #28
34,18,0.001, 0.0337629, 0.0344128, 0.0569843, 0.0609782, 0.0635819, 0.0636928, 0.0911221, 0.112133, 0.126075, 0.12967, 0.137441, 0.150662, 0.151859, 0.170439, 0.170793, 0.257603, 0.304376, 0.411375, 0.468816, 0.473155, 0.556886, 0.576075, 0.703856, 0.800307, 0.814875, 0.850245, 0.855561, 1, 

19,35,0.001, 0.0337629, 0.0569843, 0.0609782, 0.0635819, 0.0635819, 0.171916, 0.172559, 0.210135, 0.214855, 1, 

32,20,0.001, 0.00559426, 0.0269421, 0.0569843, 0.0609782, 0.0635819, 0.0636928, 0.0911221, 0.112133, 0.126075, 0.12967, 0.137441, 0.150662, 0.151859, 0.170439, 0.170793, 0.257603, 0.304376, 0.411375, 0.465888, 0.468816, 0.473155, 0.576075, 0.703856, 0.814875, 0.850245, 0.855561, 1, 

22,22,0.001, 0.0337629, 0.0344128, 0.0569843, 0.0609782, 0.0635819, 0.0636928, 0.0911221, 0.112133, 0.126075, 0.12967, 0.137441, 0.150662, 0.151859, 0.960635, 1, 

20,24,0.001, 0.0148922, 0.0557853, 0.0569843, 0.0609782, 0.0635819, 0.0636928, 0.0911221, 0.112133, 0.12967, 0.137441, 0.150662, 0.151859, 0.960635, 1, 

Generation #29
34,18,0.001, 0.0337629, 0.0344128, 0.0569843, 0.0609782, 0.0635819, 0.0636928, 0.0911221, 0.112133, 0.126075, 0.12967, 0.137441, 0.150662, 0.151859, 0.170439, 0.170793, 0.257603, 0.304376, 0.411375, 0.468816, 0.473155, 0.556886, 0.576075, 0.703856, 0.800307, 0.814875, 0.850245, 0.855561, 1, 

19,35,0.001, 0.0337629, 0.0569843, 0.0609782, 0.0635819, 0.0635819, 0.171916, 0.172559, 0.210135, 0.214855, 1, 

32,20,0.001, 0.00559426, 0.0269421, 0.0569843, 0.0609782, 0.0635819, 0.0636928, 0.0911221, 0.112133, 0.126075, 0.12967, 0.137441, 0.150662, 0.151859, 0.170439, 0.170793, 0.257603, 0.304376, 0.411375, 0.465888, 0.468816, 0.473155, 0.576075, 0.703856, 0.814875, 0.850245, 0.855561, 1, 

22,22,0.001, 0.0337629, 0.0344128, 0.0569843, 0.0609782, 0.0635819, 0.0636928, 0.0911221, 0.112133, 0.126075, 0.12967, 0.137441, 0.150662, 0.151859, 0.960635, 1, 

20,24,0.001, 0.0148922, 0.0557853, 0.0569843, 0.0609782, 0.0635819, 0.0636928, 0.0911221, 0.112133, 0.12967, 0.137441, 0.150662, 0.151859, 0.960635, 1, 

Generation #30
34,18,0.001, 0.0337629, 0.0344128, 0.0569843, 0.0609782, 0.0635819, 0.0636928, 0.0911221, 0.112133, 0.126075, 0.12967, 0.137441, 0.150662, 0.151859, 0.170439, 0.170793, 0.257603, 0.304376, 0.411375, 0.468816, 0.473155, 0.556886, 0.576075, 0.703856, 0.800307, 0.814875, 0.850245, 0.855561, 1, 

19,35,0.001, 0.0337629, 0.0569843, 0.0609782, 0.0635819, 0.0635819, 0.171916, 0.172559, 0.210135, 0.214855, 1, 

32,20,0.001, 0.00559426, 0.0269421, 0.0569843, 0.0609782, 0.0635819, 0.0636928, 0.0911221, 0.112133, 0.126075, 0.12967, 0.137441, 0.150662, 0.151859, 0.170439, 0.170793, 0.257603, 0.304376, 0.411375, 0.465888, 0.468816, 0.473155, 0.576075, 0.703856, 0.814875, 0.850245, 0.855561, 1, 

22,22,0.001, 0.0337629, 0.0344128, 0.0569843, 0.0609782, 0.0635819, 0.0636928, 0.0911221, 0.112133, 0.126075, 0.12967, 0.137441, 0.150662, 0.151859, 0.960635, 1, 

20,24,0.001, 0.0148922, 0.0557853, 0.0569843, 0.0609782, 0.0635819, 0.0636928, 0.0911221, 0.112133, 0.12967, 0.137441, 0.150662, 0.151859, 0.960635, 1, 

Generation #31
34,18,0.001, 0.0337629, 0.0344128, 0.0569843, 0.0609782, 0.0635819, 0.0636928, 0.0911221, 0.112133, 0.126075, 0.12967, 0.137441, 0.150662, 0.151859, 0.170439, 0.170793, 0.257603, 0.304376, 0.411375, 0.468816, 0.473155, 0.556886, 0.576075, 0.703856, 0.800307, 0.814875, 0.850245, 0.855561, 1, 

19,35,0.001, 0.0337629, 0.0569843, 0.0609782, 0.0635819, 0.0635819, 0.171916, 0.172559, 0.210135, 0.214855, 1, 

32,20,0.001, 0.00559426, 0.0269421, 0.0569843, 0.0609782, 0.0635819, 0.0636928, 0.0911221, 0.112133, 0.126075, 0.12967, 0.137441, 0.150662, 0.151859, 0.170439, 0.170793, 0.257603, 0.304376, 0.411375, 0.465888, 0.468816, 0.473155, 0.576075, 0.703856, 0.814875, 0.850245, 0.855561, 1, 

22,22,0.001, 0.0337629, 0.0344128, 0.0569843, 0.0609782, 0.0635819, 0.0636928, 0.0911221, 0.112133, 0.126075, 0.12967, 0.137441, 0.150662, 0.151859, 0.960635, 1, 

20,24,0.001, 0.0148922, 0.0557853, 0.0569843, 0.0609782, 0.0635819, 0.0636928, 0.0911221, 0.112133, 0.12967, 0.137441, 0.150662, 0.151859, 0.960635, 1, 

Generation #32
34,18,0.001, 0.0337629, 0.0344128, 0.0569843, 0.0609782, 0.0635819, 0.0636928, 0.0911221, 0.112133, 0.126075, 0.12967, 0.137441, 0.150662, 0.151859, 0.170439, 0.170793, 0.257603, 0.304376, 0.411375, 0.468816, 0.473155, 0.556886, 0.576075, 0.703856, 0.800307, 0.814875, 0.850245, 0.855561, 1, 

19,35,0.001, 0.0337629, 0.0569843, 0.0609782, 0.0635819, 0.0635819, 0.171916, 0.172559, 0.210135, 0.214855, 1, 

20,24,0.001, 0.0148922, 0.0557853, 0.0569843, 0.0609782, 0.0635819, 0.0636928, 0.0911221, 0.112133, 0.12967, 0.137441, 0.150662, 0.151859, 0.960635, 1, 

22,20,0.001, 0.0337629, 0.0344128, 0.0569843, 0.0609782, 0.0635819, 0.0636928, 0.0911221, 0.112133, 0.126075, 0.12967, 0.137441, 0.150662, 0.151859, 0.960635, 1, 

Generation #33
34,18,0.001, 0.0337629, 0.0344128, 0.0569843, 0.0609782, 0.0635819, 0.0636928, 0.0911221, 0.112133, 0.126075, 0.12967, 0.137441, 0.150662, 0.151859, 0.170439, 0.170793, 0.257603, 0.304376, 0.411375, 0.468816, 0.473155, 0.556886, 0.576075, 0.703856, 0.800307, 0.814875, 0.850245, 0.855561, 1, 

19,35,0.001, 0.0337629, 0.0569843, 0.0609782, 0.0635819, 0.0635819, 0.171916, 0.172559, 0.210135, 0.214855, 1, 

20,24,0.001, 0.0148922, 0.0557853, 0.0569843, 0.0609782, 0.0635819, 0.0636928, 0.0911221, 0.112133, 0.12967, 0.137441, 0.150662, 0.151859, 0.960635, 1, 

22,20,0.001, 0.0337629, 0.0344128, 0.0569843, 0.0609782, 0.0635819, 0.0636928, 0.0911221, 0.112133, 0.126075, 0.12967, 0.137441, 0.150662, 0.151859, 0.960635, 1, 

Generation #34
34,18,0.001, 0.0337629, 0.0344128, 0.0569843, 0.0609782, 0.0635819, 0.0636928, 0.0911221, 0.112133, 0.126075, 0.12967, 0.137441, 0.150662, 0.151859, 0.170439, 0.170793, 0.257603, 0.304376, 0.411375, 0.468816, 0.473155, 0.556886, 0.576075, 0.703856, 0.800307, 0.814875, 0.850245, 0.855561, 1, 

19,35,0.001, 0.0337629, 0.0569843, 0.0609782, 0.0635819, 0.0635819, 0.171916, 0.172559, 0.210135, 0.214855, 1, 

20,24,0.001, 0.0148922, 0.0557853, 0.0569843, 0.0609782, 0.0635819, 0.0636928, 0.0911221, 0.112133, 0.12967, 0.137441, 0.150662, 0.151859, 0.960635, 1, 

22,20,0.001, 0.0337629, 0.0344128, 0.0569843, 0.0609782, 0.0635819, 0.0636928, 0.0911221, 0.112133, 0.126075, 0.12967, 0.137441, 0.150662, 0.151859, 0.960635, 1, 

Generation #35
34,18,0.001, 0.0337629, 0.0344128, 0.0569843, 0.0609782, 0.0635819, 0.0636928, 0.0911221, 0.112133, 0.126075, 0.12967, 0.137441, 0.150662, 0.151859, 0.170439, 0.170793, 0.257603, 0.304376, 0.411375, 0.468816, 0.473155, 0.556886, 0.576075, 0.703856, 0.800307, 0.814875, 0.850245, 0.855561, 1, 

19,35,0.001, 0.0337629, 0.0569843, 0.0609782, 0.0635819, 0.0635819, 0.171916, 0.172559, 0.210135, 0.214855, 1, 

20,24,0.001, 0.0148922, 0.0557853, 0.0569843, 0.0609782, 0.0635819, 0.0636928, 0.0911221, 0.112133, 0.12967, 0.137441, 0.150662, 0.151859, 0.960635, 1, 

21,19,0.001, 0.0337629, 0.0344128, 0.0569843, 0.0609782, 0.0635819, 0.0636928, 0.0911221, 0.112133, 0.12967, 0.137441, 0.150662, 0.267682, 0.151859, 0.960635, 1, 

Generation #36
34,18,0.001, 0.0337629, 0.0344128, 0.0569843, 0.0609782, 0.0635819, 0.0636928, 0.0911221, 0.112133, 0.126075, 0.12967, 0.137441, 0.150662, 0.151859, 0.170439, 0.170793, 0.257603, 0.304376, 0.411375, 0.468816, 0.473155, 0.556886, 0.576075, 0.703856, 0.800307, 0.814875, 0.850245, 0.855561, 1, 

19,35,0.001, 0.0337629, 0.0569843, 0.0609782, 0.0635819, 0.0635819, 0.171916, 0.172559, 0.210135, 0.214855, 1, 

20,24,0.001, 0.0148922, 0.0557853, 0.0569843, 0.0609782, 0.0635819, 0.0636928, 0.0911221, 0.112133, 0.12967, 0.137441, 0.150662, 0.151859, 0.960635, 1, 

21,19,0.001, 0.0337629, 0.0344128, 0.0569843, 0.0609782, 0.0635819, 0.0636928, 0.0911221, 0.112133, 0.12967, 0.137441, 0.150662, 0.267682, 0.151859, 0.960635, 1, 

Generation #37
34,18,0.001, 0.0337629, 0.0344128, 0.0569843, 0.0609782, 0.0635819, 0.0636928, 0.0911221, 0.112133, 0.126075, 0.12967, 0.137441, 0.150662, 0.151859, 0.170439, 0.170793, 0.257603, 0.304376, 0.411375, 0.468816, 0.473155, 0.556886, 0.576075, 0.703856, 0.800307, 0.814875, 0.850245, 0.855561, 1, 

19,35,0.001, 0.0337629, 0.0569843, 0.0609782, 0.0635819, 0.0635819, 0.171916, 0.172559, 0.210135, 0.214855, 1, 

20,24,0.001, 0.0148922, 0.0557853, 0.0569843, 0.0609782, 0.0635819, 0.0636928, 0.0911221, 0.112133, 0.12967, 0.137441, 0.150662, 0.151859, 0.960635, 1, 

21,19,0.001, 0.0337629, 0.0344128, 0.0569843, 0.0609782, 0.0635819, 0.0636928, 0.0911221, 0.112133, 0.12967, 0.137441, 0.150662, 0.267682, 0.151859, 0.960635, 1, 

Generation #38
34,18,0.001, 0.0337629, 0.0344128, 0.0569843, 0.0609782, 0.0635819, 0.0636928, 0.0911221, 0.112133, 0.126075, 0.12967, 0.137441, 0.150662, 0.151859, 0.170439, 0.170793, 0.257603, 0.304376, 0.411375, 0.468816, 0.473155, 0.556886, 0.576075, 0.703856, 0.800307, 0.814875, 0.850245, 0.855561, 1, 

19,35,0.001, 0.0337629, 0.0569843, 0.0609782, 0.0635819, 0.0635819, 0.171916, 0.172559, 0.210135, 0.214855, 1, 

20,24,0.001, 0.0148922, 0.0557853, 0.0569843, 0.0609782, 0.0635819, 0.0636928, 0.0911221, 0.112133, 0.12967, 0.137441, 0.150662, 0.151859, 0.960635, 1, 

21,19,0.001, 0.0337629, 0.0344128, 0.0569843, 0.0609782, 0.0635819, 0.0636928, 0.0911221, 0.112133, 0.12967, 0.137441, 0.150662, 0.267682, 0.151859, 0.960635, 1, 

Generation #39
34,18,0.001, 0.0337629, 0.0344128, 0.0569843, 0.0609782, 0.0635819, 0.0636928, 0.0911221, 0.112133, 0.126075, 0.12967, 0.137441, 0.150662, 0.151859, 0.170439, 0.170793, 0.257603, 0.304376, 0.411375, 0.468816, 0.473155, 0.556886, 0.576075, 0.703856, 0.800307, 0.814875, 0.850245, 0.855561, 1, 

19,35,0.001, 0.0337629, 0.0569843, 0.0609782, 0.0635819, 0.0635819, 0.171916, 0.172559, 0.210135, 0.214855, 1, 

20,24,0.001, 0.0148922, 0.0557853, 0.0569843, 0.0609782, 0.0635819, 0.0636928, 0.0911221, 0.112133, 0.12967, 0.137441, 0.150662, 0.151859, 0.960635, 1, 

21,19,0.001, 0.0337629, 0.0344128, 0.0569843, 0.0609782, 0.0635819, 0.0636928, 0.0911221, 0.112133, 0.12967, 0.137441, 0.150662, 0.267682, 0.151859, 0.960635, 1, 

Generation #40
34,18,0.001, 0.0337629, 0.0344128, 0.0569843, 0.0609782, 0.0635819, 0.0636928, 0.0911221, 0.112133, 0.126075, 0.12967, 0.137441, 0.150662, 0.151859, 0.170439, 0.170793, 0.257603, 0.304376, 0.411375, 0.468816, 0.473155, 0.556886, 0.576075, 0.703856, 0.800307, 0.814875, 0.850245, 0.855561, 1, 

19,35,0.001, 0.0337629, 0.0569843, 0.0609782, 0.0635819, 0.0635819, 0.171916, 0.172559, 0.210135, 0.214855, 1, 

20,24,0.001, 0.0148922, 0.0557853, 0.0569843, 0.0609782, 0.0635819, 0.0636928, 0.0911221, 0.112133, 0.12967, 0.137441, 0.150662, 0.151859, 0.960635, 1, 

21,19,0.001, 0.0337629, 0.0344128, 0.0569843, 0.0609782, 0.0635819, 0.0636928, 0.0911221, 0.112133, 0.12967, 0.137441, 0.150662, 0.267682, 0.151859, 0.960635, 1, 

Generation #41
34,18,0.001, 0.0337629, 0.0344128, 0.0569843, 0.0609782, 0.0635819, 0.0636928, 0.0911221, 0.112133, 0.126075, 0.12967, 0.137441, 0.150662, 0.151859, 0.170439, 0.170793, 0.257603, 0.304376, 0.411375, 0.468816, 0.473155, 0.556886, 0.576075, 0.703856, 0.800307, 0.814875, 0.850245, 0.855561, 1, 

19,35,0.001, 0.0337629, 0.0569843, 0.0609782, 0.0635819, 0.0635819, 0.171916, 0.172559, 0.210135, 0.214855, 1, 

20,24,0.001, 0.0148922, 0.0557853, 0.0569843, 0.0609782, 0.0635819, 0.0636928, 0.0911221, 0.112133, 0.12967, 0.137441, 0.150662, 0.151859, 0.960635, 1, 

21,19,0.001, 0.0337629, 0.0344128, 0.0569843, 0.0609782, 0.0635819, 0.0636928, 0.0911221, 0.112133, 0.12967, 0.137441, 0.150662, 0.267682, 0.151859, 0.960635, 1, 

Generation #42
34,18,0.001, 0.0337629, 0.0344128, 0.0569843, 0.0609782, 0.0635819, 0.0636928, 0.0911221, 0.112133, 0.126075, 0.12967, 0.137441, 0.150662, 0.151859, 0.170439, 0.170793, 0.257603, 0.304376, 0.411375, 0.468816, 0.473155, 0.556886, 0.576075, 0.703856, 0.800307, 0.814875, 0.850245, 0.855561, 1, 

19,35,0.001, 0.0337629, 0.0569843, 0.0609782, 0.0635819, 0.0635819, 0.171916, 0.172559, 0.210135, 0.214855, 1, 

20,24,0.001, 0.0148922, 0.0557853, 0.0569843, 0.0609782, 0.0635819, 0.0636928, 0.0911221, 0.112133, 0.12967, 0.137441, 0.150662, 0.151859, 0.960635, 1, 

21,19,0.001, 0.0337629, 0.0344128, 0.0569843, 0.0609782, 0.0635819, 0.0636928, 0.0911221, 0.112133, 0.12967, 0.137441, 0.150662, 0.267682, 0.151859, 0.960635, 1, 

Generation #43
34,18,0.001, 0.0337629, 0.0344128, 0.0569843, 0.0609782, 0.0635819, 0.0636928, 0.0911221, 0.112133, 0.126075, 0.12967, 0.137441, 0.150662, 0.151859, 0.170439, 0.170793, 0.257603, 0.304376, 0.411375, 0.468816, 0.473155, 0.556886, 0.576075, 0.703856, 0.800307, 0.814875, 0.850245, 0.855561, 1, 

19,35,0.001, 0.0337629, 0.0569843, 0.0609782, 0.0635819, 0.0635819, 0.171916, 0.172559, 0.210135, 0.214855, 1, 

20,24,0.001, 0.0148922, 0.0557853, 0.0569843, 0.0609782, 0.0635819, 0.0636928, 0.0911221, 0.112133, 0.12967, 0.137441, 0.150662, 0.151859, 0.960635, 1, 

21,19,0.001, 0.0337629, 0.0344128, 0.0569843, 0.0609782, 0.0635819, 0.0636928, 0.0911221, 0.112133, 0.12967, 0.137441, 0.150662, 0.267682, 0.151859, 0.960635, 1, 

Generation #44
34,18,0.001, 0.0337629, 0.0344128, 0.0569843, 0.0609782, 0.0635819, 0.0636928, 0.0911221, 0.112133, 0.126075, 0.12967, 0.137441, 0.150662, 0.151859, 0.170439, 0.170793, 0.257603, 0.304376, 0.411375, 0.468816, 0.473155, 0.556886, 0.576075, 0.703856, 0.800307, 0.814875, 0.850245, 0.855561, 1, 

19,35,0.001, 0.0337629, 0.0569843, 0.0609782, 0.0635819, 0.0635819, 0.171916, 0.172559, 0.210135, 0.214855, 1, 

20,24,0.001, 0.0148922, 0.0557853, 0.0569843, 0.0609782, 0.0635819, 0.0636928, 0.0911221, 0.112133, 0.12967, 0.137441, 0.150662, 0.151859, 0.960635, 1, 

21,19,0.001, 0.0337629, 0.0344128, 0.0569843, 0.0609782, 0.0635819, 0.0636928, 0.0911221, 0.112133, 0.12967, 0.137441, 0.150662, 0.267682, 0.151859, 0.960635, 1, 

Generation #45
34,18,0.001, 0.0337629, 0.0344128, 0.0569843, 0.0609782, 0.0635819, 0.0636928, 0.0911221, 0.112133, 0.126075, 0.12967, 0.137441, 0.150662, 0.151859, 0.170439, 0.170793, 0.257603, 0.304376, 0.411375, 0.468816, 0.473155, 0.556886, 0.576075, 0.703856, 0.800307, 0.814875, 0.850245, 0.855561, 1, 

19,35,0.001, 0.0337629, 0.0569843, 0.0609782, 0.0635819, 0.0635819, 0.171916, 0.172559, 0.210135, 0.214855, 1, 

20,24,0.001, 0.0148922, 0.0557853, 0.0569843, 0.0609782, 0.0635819, 0.0636928, 0.0911221, 0.112133, 0.12967, 0.137441, 0.150662, 0.151859, 0.960635, 1, 

21,19,0.001, 0.0337629, 0.0344128, 0.0569843, 0.0609782, 0.0635819, 0.0636928, 0.0911221, 0.112133, 0.12967, 0.137441, 0.150662, 0.267682, 0.151859, 0.960635, 1, 

Generation #46
34,18,0.001, 0.0337629, 0.0344128, 0.0569843, 0.0609782, 0.0635819, 0.0636928, 0.0911221, 0.112133, 0.126075, 0.12967, 0.137441, 0.150662, 0.151859, 0.170439, 0.170793, 0.257603, 0.304376, 0.411375, 0.468816, 0.473155, 0.556886, 0.576075, 0.703856, 0.800307, 0.814875, 0.850245, 0.855561, 1, 

19,35,0.001, 0.0337629, 0.0569843, 0.0609782, 0.0635819, 0.0635819, 0.171916, 0.172559, 0.210135, 0.214855, 1, 

20,19,0.001, 0.00559426, 0.0269421, 0.030244, 0.0609782, 0.0635819, 0.0636928, 0.0911221, 0.112133, 0.126075, 0.12967, 0.137441, 0.151859, 0.960635, 1, 

Generation #47
34,18,0.001, 0.0337629, 0.0344128, 0.0569843, 0.0609782, 0.0635819, 0.0636928, 0.0911221, 0.112133, 0.126075, 0.12967, 0.137441, 0.150662, 0.151859, 0.170439, 0.170793, 0.257603, 0.304376, 0.411375, 0.468816, 0.473155, 0.556886, 0.576075, 0.703856, 0.800307, 0.814875, 0.850245, 0.855561, 1, 

19,35,0.001, 0.0337629, 0.0569843, 0.0609782, 0.0635819, 0.0635819, 0.171916, 0.172559, 0.210135, 0.214855, 1, 

20,19,0.001, 0.00559426, 0.0269421, 0.030244, 0.0609782, 0.0635819, 0.0636928, 0.0911221, 0.112133, 0.126075, 0.12967, 0.137441, 0.151859, 0.960635, 1, 

Generation #48
34,18,0.001, 0.0337629, 0.0344128, 0.0569843, 0.0609782, 0.0635819, 0.0636928, 0.0911221, 0.112133, 0.126075, 0.12967, 0.137441, 0.150662, 0.151859, 0.170439, 0.170793, 0.257603, 0.304376, 0.411375, 0.468816, 0.473155, 0.556886, 0.576075, 0.703856, 0.800307, 0.814875, 0.850245, 0.855561, 1, 

19,35,0.001, 0.0337629, 0.0569843, 0.0609782, 0.0635819, 0.0635819, 0.171916, 0.172559, 0.210135, 0.214855, 1, 

20,19,0.001, 0.00559426, 0.0269421, 0.030244, 0.0609782, 0.0635819, 0.0636928, 0.0911221, 0.112133, 0.126075, 0.12967, 0.137441, 0.151859, 0.960635, 1, 

Generation #49
34,18,0.001, 0.0337629, 0.0344128, 0.0569843, 0.0609782, 0.0635819, 0.0636928, 0.0911221, 0.112133, 0.126075, 0.12967, 0.137441, 0.150662, 0.151859, 0.170439, 0.170793, 0.257603, 0.304376, 0.411375, 0.468816, 0.473155, 0.556886, 0.576075, 0.703856, 0.800307, 0.814875, 0.850245, 0.855561, 1, 

19,35,0.001, 0.0337629, 0.0569843, 0.0609782, 0.0635819, 0.0635819, 0.171916, 0.172559, 0.210135, 0.214855, 1, 

20,19,0.001, 0.00559426, 0.0269421, 0.030244, 0.0609782, 0.0635819, 0.0636928, 0.0911221, 0.112133, 0.126075, 0.12967, 0.137441, 0.151859, 0.960635, 1, 

18,46,0.001, 0.0337629, 0.0569843, 0.030244, 0.100402, 0.112823, 0.0911221, 0.112133, 0.112133, 1, 

--- Pareto Front Solutions ---
Solution 0: N total=90 (N_initial=56, N_added=34), Time total=20 ms, Saved to: ./results/SPINS_t2_l3_pareto_0.csv, percents=0.001, 0.0337629, 0.0344128, 0.0569843, 0.0609782, 0.0635819, 0.0636928, 0.0911221, 0.112133, 0.126075, 0.12967, 0.137441, 0.150662, 0.151859, 0.170439, 0.170793, 0.257603, 0.304376, 0.411375, 0.468816, 0.473155, 0.556886, 0.576075, 0.703856, 0.800307, 0.814875, 0.850245, 0.855561, 1, 

Solution 1: N total=75 (N_initial=56, N_added=19), Time total=37 ms, Saved to: ./results/SPINS_t2_l3_pareto_1.csv, percents=0.001, 0.0337629, 0.0569843, 0.0609782, 0.0635819, 0.0635819, 0.171916, 0.172559, 0.210135, 0.214855, 1, 

Solution 2: N total=76 (N_initial=56, N_added=20), Time total=21 ms, Saved to: ./results/SPINS_t2_l3_pareto_2.csv, percents=0.001, 0.00559426, 0.0269421, 0.030244, 0.0609782, 0.0635819, 0.0636928, 0.0911221, 0.112133, 0.126075, 0.12967, 0.137441, 0.151859, 0.960635, 1, 

Solution 3: N total=74 (N_initial=56, N_added=18), Time total=48 ms, Saved to: ./results/SPINS_t2_l3_pareto_3.csv, percents=0.001, 0.0337629, 0.0569843, 0.030244, 0.100402, 0.112823, 0.0911221, 0.112133, 0.112133, 1, 

------------d=1, t=2, lambda=4, filename=./evaluation/SPINS/SPINS_2_4.csv------------
Grouping d-sets by partitioned row counts for detecting arrays...
Ready to look at pairs for detecting arrays...
First Stage N=64, Time=3
There are 467 remaining non-locating pairs
--- Running GA Algorithm (phase2) ---
Running GA with std::execution::par
Generation #0
39,103,0.001, 0.0565816, 0.167515, 0.171228, 0.210538, 0.229862, 0.235894, 0.277069, 0.377927, 0.391102, 0.402651, 0.431919, 0.443583, 0.459036, 0.55802, 0.627291, 0.698485, 0.825959, 0.882484, 0.907746, 0.927771, 0.968953, 1, 

28,153,0.001, 0.0764781, 0.164506, 0.183198, 0.221751, 0.230435, 0.252009, 0.584055, 0.631746, 0.673128, 1, 

37,108,0.001, 0.0646744, 0.0673959, 0.0771338, 0.194807, 0.218786, 0.304011, 0.358829, 0.360392, 0.376631, 0.498074, 0.550412, 0.602493, 0.681103, 0.684426, 0.747335, 0.750216, 0.765194, 0.815192, 0.84405, 0.978836, 1, 

31,113,0.001, 0.0554255, 0.0667799, 0.193424, 0.328851, 0.355715, 0.358419, 0.380871, 0.425492, 0.459455, 0.533573, 0.875927, 0.912672, 1, 

42,85,0.001, 0.0519205, 0.0598265, 0.0747004, 0.0920577, 0.104955, 0.1226, 0.173218, 0.25738, 0.313626, 0.320963, 0.355292, 0.367348, 0.386693, 0.542719, 0.556649, 0.629699, 0.724755, 0.728543, 0.741939, 0.769911, 0.776589, 0.777693, 0.824433, 0.861657, 0.90626, 0.958135, 0.959932, 1, 

41,94,0.001, 0.0766642, 0.106863, 0.118636, 0.120316, 0.168609, 0.179663, 0.219299, 0.248079, 0.283059, 0.284858, 0.328971, 0.526967, 0.541483, 0.570431, 0.573668, 0.591115, 0.604323, 0.616888, 0.629253, 0.686115, 0.746605, 0.784437, 0.805159, 0.867657, 0.988575, 1, 

Generation #1
27,110,0.001, 0.0895474, 0.117739, 0.123205, 0.12352, 0.133562, 0.135414, 0.161483, 0.208616, 0.608564, 0.615247, 0.701398, 1, 

29,78,0.001, 0.00993309, 0.0335799, 0.0529374, 0.159789, 0.201642, 0.260276, 0.307143, 0.387342, 0.394562, 0.895245, 0.924558, 0.954135, 0.995498, 1, 

46,70,0.001, 0.0519205, 0.0598265, 0.0747004, 0.0920577, 0.104955, 0.1226, 0.173218, 0.25738, 0.313626, 0.320963, 0.83284, 0.355292, 0.367348, 0.386693, 0.542719, 0.556649, 0.629699, 0.724755, 0.728543, 0.690268, 0.705205, 0.778227, 0.785195, 0.827226, 0.859197, 0.886425, 0.955974, 0.988914, 1, 

Generation #2
27,110,0.001, 0.0895474, 0.117739, 0.123205, 0.12352, 0.133562, 0.135414, 0.161483, 0.208616, 0.608564, 0.615247, 0.701398, 1, 

29,78,0.001, 0.00993309, 0.0335799, 0.0529374, 0.159789, 0.201642, 0.260276, 0.307143, 0.387342, 0.394562, 0.895245, 0.924558, 0.954135, 0.995498, 1, 

45,63,0.001, 0.0519205, 0.0678024, 0.0769797, 0.0871415, 0.0943152, 0.10142, 0.117169, 0.166624, 0.207408, 0.280311, 0.3052, 0.324838, 0.347929, 0.366479, 0.371691, 0.381086, 0.402252, 0.525901, 0.558094, 0.62023, 0.68653, 0.723663, 0.740304, 0.7993, 0.826018, 0.858257, 0.869298, 0.871934, 0.938541, 1, 

30,77,0.001, 0.0251858, 0.0771345, 0.0793415, 0.137132, 0.206581, 0.264806, 0.271316, 0.367498, 0.406559, 0.450673, 0.465793, 0.844997, 0.867023, 0.91136, 1, 

39,73,0.001, 0.0646744, 0.0673959, 0.0771338, 0.194807, 0.218786, 0.304011, 0.358829, 0.360392, 0.376631, 0.498074, 0.550412, 0.602493, 0.681103, 0.684426, 0.621502, 0.693024, 0.735325, 0.750142, 0.877283, 0.894214, 0.90606, 0.919921, 0.937802, 1, 

Generation #3
29,78,0.001, 0.00993309, 0.0335799, 0.0529374, 0.159789, 0.201642, 0.260276, 0.307143, 0.387342, 0.394562, 0.895245, 0.924558, 0.954135, 0.995498, 1, 

45,63,0.001, 0.0519205, 0.0678024, 0.0769797, 0.0871415, 0.0943152, 0.10142, 0.117169, 0.166624, 0.207408, 0.280311, 0.3052, 0.324838, 0.347929, 0.366479, 0.371691, 0.381086, 0.402252, 0.525901, 0.558094, 0.62023, 0.68653, 0.723663, 0.740304, 0.7993, 0.826018, 0.858257, 0.869298, 0.871934, 0.938541, 1, 

30,77,0.001, 0.0251858, 0.0771345, 0.0793415, 0.137132, 0.206581, 0.264806, 0.271316, 0.367498, 0.406559, 0.450673, 0.465793, 0.844997, 0.867023, 0.91136, 1, 

39,73,0.001, 0.0646744, 0.0673959, 0.0771338, 0.194807, 0.218786, 0.304011, 0.358829, 0.360392, 0.376631, 0.498074, 0.550412, 0.602493, 0.681103, 0.684426, 0.621502, 0.693024, 0.735325, 0.750142, 0.877283, 0.894214, 0.90606, 0.919921, 0.937802, 1, 

27,101,0.001, 0.051859, 0.0678024, 0.0769797, 0.0871415, 0.0943152, 0.10142, 0.117169, 0.208616, 0.218518, 0.278881, 1, 

41,70,0.001, 0.0519205, 0.0598265, 0.0747004, 0.0920577, 0.104955, 0.1226, 0.173218, 0.25738, 0.313626, 0.320963, 0.620468, 0.68344, 0.68826, 0.743385, 0.808109, 0.811606, 0.641596, 0.674182, 0.714991, 0.838931, 0.854996, 0.879922, 0.894459, 0.95057, 1, 

Generation #4
29,61,0.001, 0.0519205, 0.0598265, 0.0747004, 0.12352, 0.133562, 0.135414, 0.161483, 0.208616, 0.218518, 0.278881, 0.284991, 0.304448, 0.36453, 0.431744, 0.467109, 1, 

26,84,0.001, 0.0582102, 0.0731375, 0.148749, 0.153289, 0.366273, 0.544279, 0.547273, 0.616753, 0.823899, 1, 

28,83,0.001, 0.0565391, 0.0625352, 0.06719, 0.106121, 0.15877, 0.164119, 0.188157, 0.2177, 0.829693, 0.964931, 1, 

Generation #5
29,61,0.001, 0.0519205, 0.0598265, 0.0747004, 0.12352, 0.133562, 0.135414, 0.161483, 0.208616, 0.218518, 0.278881, 0.284991, 0.304448, 0.36453, 0.431744, 0.467109, 1, 

26,84,0.001, 0.0582102, 0.0731375, 0.148749, 0.153289, 0.366273, 0.544279, 0.547273, 0.616753, 0.823899, 1, 

28,74,0.001, 0.0519205, 0.0598265, 0.0747004, 0.12352, 0.0943152, 0.10142, 0.117169, 0.208616, 0.218518, 0.278881, 1, 

Generation #6
29,61,0.001, 0.0519205, 0.0598265, 0.0747004, 0.12352, 0.133562, 0.135414, 0.161483, 0.208616, 0.218518, 0.278881, 0.284991, 0.304448, 0.36453, 0.431744, 0.467109, 1, 

30,59,0.001, 0.0519205, 0.0598265, 0.0747004, 0.0920577, 0.104955, 0.1226, 0.173218, 0.25738, 0.313626, 0.895245, 0.924558, 0.954135, 0.995498, 1, 

25,95,0.001, 0.0251858, 0.0771345, 0.0793415, 0.106121, 0.164119, 0.188157, 0.2177, 0.829693, 0.964931, 1, 

26,74,0.001, 0.0565391, 0.0625352, 0.06719, 0.106121, 0.15877, 0.547273, 0.616753, 0.823899, 1, 

Generation #7
29,61,0.001, 0.0519205, 0.0598265, 0.0747004, 0.12352, 0.133562, 0.135414, 0.161483, 0.208616, 0.218518, 0.278881, 0.284991, 0.304448, 0.36453, 0.431744, 0.467109, 1, 

30,59,0.001, 0.0519205, 0.0598265, 0.0747004, 0.0920577, 0.104955, 0.1226, 0.173218, 0.25738, 0.313626, 0.895245, 0.924558, 0.954135, 0.995498, 1, 

26,74,0.001, 0.0565391, 0.0625352, 0.06719, 0.106121, 0.15877, 0.547273, 0.616753, 0.823899, 1, 

25,77,0.001, 0.0519205, 0.0598265, 0.0747004, 0.0920577, 0.104955, 0.1226, 0.161483, 0.208616, 0.218518, 1, 

28,73,0.001, 0.0519205, 0.0598265, 0.0747004, 0.0920577, 0.0943152, 0.10142, 0.208616, 0.218518, 0.278881, 1, 

32,53,0.001, 0.00993309, 0.0335799, 0.0529374, 0.0871415, 0.0943152, 0.10142, 0.117169, 0.166624, 0.207408, 0.280311, 0.3052, 0.324838, 0.347929, 0.431744, 0.467109, 1, 

Generation #8
29,61,0.001, 0.0519205, 0.0598265, 0.0747004, 0.12352, 0.133562, 0.135414, 0.161483, 0.208616, 0.218518, 0.278881, 0.284991, 0.304448, 0.36453, 0.431744, 0.467109, 1, 

30,59,0.001, 0.0519205, 0.0598265, 0.0747004, 0.0920577, 0.104955, 0.1226, 0.173218, 0.25738, 0.313626, 0.895245, 0.924558, 0.954135, 0.995498, 1, 

26,74,0.001, 0.0565391, 0.0625352, 0.06719, 0.106121, 0.15877, 0.547273, 0.616753, 0.823899, 1, 

25,77,0.001, 0.0519205, 0.0598265, 0.0747004, 0.0920577, 0.104955, 0.1226, 0.161483, 0.208616, 0.218518, 1, 

32,53,0.001, 0.00993309, 0.0335799, 0.0529374, 0.0871415, 0.0943152, 0.10142, 0.117169, 0.166624, 0.207408, 0.280311, 0.3052, 0.324838, 0.347929, 0.431744, 0.467109, 1, 

27,66,0.001, 0.0519205, 0.0598265, 0.0747004, 0.12352, 0.133562, 0.135414, 0.161483, 0.208616, 0.218518, 0.278881, 1, 

Generation #9
29,61,0.001, 0.0519205, 0.0598265, 0.0747004, 0.12352, 0.133562, 0.135414, 0.161483, 0.208616, 0.218518, 0.278881, 0.284991, 0.304448, 0.36453, 0.431744, 0.467109, 1, 

30,59,0.001, 0.0519205, 0.0598265, 0.0747004, 0.0920577, 0.104955, 0.1226, 0.173218, 0.25738, 0.313626, 0.895245, 0.924558, 0.954135, 0.995498, 1, 

32,53,0.001, 0.00993309, 0.0335799, 0.0529374, 0.0871415, 0.0943152, 0.10142, 0.117169, 0.166624, 0.207408, 0.280311, 0.3052, 0.324838, 0.347929, 0.431744, 0.467109, 1, 

26,64,0.001, 0.0519205, 0.0598265, 0.0747004, 0.0920577, 0.104955, 0.1226, 0.173218, 0.25738, 0.313626, 1, 

25,70,0.001, 0.051859, 0.0678024, 0.0175643, 0.0747004, 0.0920577, 0.104955, 0.1226, 0.161483, 0.208616, 0.218518, 1, 

Generation #10
29,61,0.001, 0.0519205, 0.0598265, 0.0747004, 0.12352, 0.133562, 0.135414, 0.161483, 0.208616, 0.218518, 0.278881, 0.284991, 0.304448, 0.36453, 0.431744, 0.467109, 1, 

30,59,0.001, 0.0519205, 0.0598265, 0.0747004, 0.0920577, 0.104955, 0.1226, 0.173218, 0.25738, 0.313626, 0.895245, 0.924558, 0.954135, 0.995498, 1, 

32,53,0.001, 0.00993309, 0.0335799, 0.0529374, 0.0871415, 0.0943152, 0.10142, 0.117169, 0.166624, 0.207408, 0.280311, 0.3052, 0.324838, 0.347929, 0.431744, 0.467109, 1, 

25,64,0.001, 0.0519205, 0.0598265, 0.0747004, 0.12352, 0.0943152, 0.10142, 0.161483, 0.208616, 0.218518, 0.278881, 1, 

Generation #11
32,53,0.001, 0.00993309, 0.0335799, 0.0529374, 0.0871415, 0.0943152, 0.10142, 0.117169, 0.166624, 0.207408, 0.280311, 0.3052, 0.324838, 0.347929, 0.431744, 0.467109, 1, 

25,64,0.001, 0.0519205, 0.0598265, 0.0747004, 0.12352, 0.0943152, 0.10142, 0.161483, 0.208616, 0.218518, 0.278881, 1, 

28,54,0.001, 0.0582102, 0.0598265, 0.0747004, 0.0920577, 0.104955, 0.10142, 0.117169, 0.208616, 0.218518, 0.355895, 0.140856, 0.284991, 0.304448, 0.995498, 1, 

Generation #12
32,53,0.001, 0.00993309, 0.0335799, 0.0529374, 0.0871415, 0.0943152, 0.10142, 0.117169, 0.166624, 0.207408, 0.280311, 0.3052, 0.324838, 0.347929, 0.431744, 0.467109, 1, 

28,54,0.001, 0.0582102, 0.0598265, 0.0747004, 0.0920577, 0.104955, 0.10142, 0.117169, 0.208616, 0.218518, 0.355895, 0.140856, 0.284991, 0.304448, 0.995498, 1, 

25,60,0.001, 0.0519205, 0.0598265, 0.0747004, 0.0920577, 0.0943152, 0.10142, 0.208616, 0.218518, 0.278881, 0.278881, 1, 

Generation #13
32,53,0.001, 0.00993309, 0.0335799, 0.0529374, 0.0871415, 0.0943152, 0.10142, 0.117169, 0.166624, 0.207408, 0.280311, 0.3052, 0.324838, 0.347929, 0.431744, 0.467109, 1, 

28,54,0.001, 0.0582102, 0.0598265, 0.0747004, 0.0920577, 0.104955, 0.10142, 0.117169, 0.208616, 0.218518, 0.355895, 0.140856, 0.284991, 0.304448, 0.995498, 1, 

25,60,0.001, 0.0519205, 0.0598265, 0.0747004, 0.0920577, 0.0943152, 0.10142, 0.208616, 0.218518, 0.278881, 0.278881, 1, 

27,59,0.001, 0.0582102, 0.0598265, 0.0747004, 0.0920577, 0.104955, 0.10142, 0.117169, 0.208616, 0.218518, 0.208616, 1, 

Generation #14
32,53,0.001, 0.00993309, 0.0335799, 0.0529374, 0.0871415, 0.0943152, 0.10142, 0.117169, 0.166624, 0.207408, 0.280311, 0.3052, 0.324838, 0.347929, 0.431744, 0.467109, 1, 

28,54,0.001, 0.0582102, 0.0598265, 0.0747004, 0.0920577, 0.104955, 0.10142, 0.117169, 0.208616, 0.218518, 0.355895, 0.140856, 0.284991, 0.304448, 0.995498, 1, 

25,60,0.001, 0.0519205, 0.0598265, 0.0747004, 0.0920577, 0.0943152, 0.10142, 0.208616, 0.218518, 0.278881, 0.278881, 1, 

27,59,0.001, 0.0582102, 0.0598265, 0.0747004, 0.0920577, 0.104955, 0.10142, 0.117169, 0.208616, 0.218518, 0.208616, 1, 

Generation #15
32,53,0.001, 0.00993309, 0.0335799, 0.0529374, 0.0871415, 0.0943152, 0.10142, 0.117169, 0.166624, 0.207408, 0.280311, 0.3052, 0.324838, 0.347929, 0.431744, 0.467109, 1, 

28,54,0.001, 0.0582102, 0.0598265, 0.0747004, 0.0920577, 0.104955, 0.10142, 0.117169, 0.208616, 0.218518, 0.355895, 0.140856, 0.284991, 0.304448, 0.995498, 1, 

25,60,0.001, 0.0519205, 0.0598265, 0.0747004, 0.0920577, 0.0943152, 0.10142, 0.208616, 0.218518, 0.278881, 0.278881, 1, 

27,59,0.001, 0.0582102, 0.0598265, 0.0747004, 0.0920577, 0.104955, 0.10142, 0.117169, 0.208616, 0.218518, 0.208616, 1, 

Generation #16
32,53,0.001, 0.00993309, 0.0335799, 0.0529374, 0.0871415, 0.0943152, 0.10142, 0.117169, 0.166624, 0.207408, 0.280311, 0.3052, 0.324838, 0.347929, 0.431744, 0.467109, 1, 

28,54,0.001, 0.0582102, 0.0598265, 0.0747004, 0.0920577, 0.104955, 0.10142, 0.117169, 0.208616, 0.218518, 0.355895, 0.140856, 0.284991, 0.304448, 0.995498, 1, 

25,60,0.001, 0.0519205, 0.0598265, 0.0747004, 0.0920577, 0.0943152, 0.10142, 0.208616, 0.218518, 0.278881, 0.278881, 1, 

26,55,0.001, 0.00993309, 0.0335799, 0.0529374, 0.0871415, 0.0943152, 0.10142, 0.161483, 0.475794, 0.218518, 0.278881, 1, 

Generation #17
32,53,0.001, 0.00993309, 0.0335799, 0.0529374, 0.0871415, 0.0943152, 0.10142, 0.117169, 0.166624, 0.207408, 0.280311, 0.3052, 0.324838, 0.347929, 0.431744, 0.467109, 1, 

28,54,0.001, 0.0582102, 0.0598265, 0.0747004, 0.0920577, 0.104955, 0.10142, 0.117169, 0.208616, 0.218518, 0.355895, 0.140856, 0.284991, 0.304448, 0.995498, 1, 

25,60,0.001, 0.0519205, 0.0598265, 0.0747004, 0.0920577, 0.0943152, 0.10142, 0.208616, 0.218518, 0.278881, 0.278881, 1, 

26,55,0.001, 0.00993309, 0.0335799, 0.0529374, 0.0871415, 0.0943152, 0.10142, 0.161483, 0.475794, 0.218518, 0.278881, 1, 

24,65,0.001, 0.0519205, 0.0335799, 0.12352, 0.0943152, 0.10142, 0.117169, 0.208616, 0.218518, 0.313626, 1, 

Generation #18
32,53,0.001, 0.00993309, 0.0335799, 0.0529374, 0.0871415, 0.0943152, 0.10142, 0.117169, 0.166624, 0.207408, 0.280311, 0.3052, 0.324838, 0.347929, 0.431744, 0.467109, 1, 

28,54,0.001, 0.0582102, 0.0598265, 0.0747004, 0.0920577, 0.104955, 0.10142, 0.117169, 0.208616, 0.218518, 0.355895, 0.140856, 0.284991, 0.304448, 0.995498, 1, 

25,60,0.001, 0.0519205, 0.0598265, 0.0747004, 0.0920577, 0.0943152, 0.10142, 0.208616, 0.218518, 0.278881, 0.278881, 1, 

26,55,0.001, 0.00993309, 0.0335799, 0.0529374, 0.0871415, 0.0943152, 0.10142, 0.161483, 0.475794, 0.218518, 0.278881, 1, 

24,65,0.001, 0.0519205, 0.0335799, 0.12352, 0.0943152, 0.10142, 0.117169, 0.208616, 0.218518, 0.313626, 1, 

Generation #19
32,53,0.001, 0.00993309, 0.0335799, 0.0529374, 0.0871415, 0.0943152, 0.10142, 0.117169, 0.166624, 0.207408, 0.280311, 0.3052, 0.324838, 0.347929, 0.431744, 0.467109, 1, 

28,54,0.001, 0.0582102, 0.0598265, 0.0747004, 0.0920577, 0.104955, 0.10142, 0.117169, 0.208616, 0.218518, 0.355895, 0.140856, 0.284991, 0.304448, 0.995498, 1, 

25,60,0.001, 0.0519205, 0.0598265, 0.0747004, 0.0920577, 0.0943152, 0.10142, 0.208616, 0.218518, 0.278881, 0.278881, 1, 

26,55,0.001, 0.00993309, 0.0335799, 0.0529374, 0.0871415, 0.0943152, 0.10142, 0.161483, 0.475794, 0.218518, 0.278881, 1, 

24,65,0.001, 0.0519205, 0.0335799, 0.12352, 0.0943152, 0.10142, 0.117169, 0.208616, 0.218518, 0.313626, 1, 

Generation #20
25,60,0.001, 0.0519205, 0.0598265, 0.0747004, 0.0920577, 0.0943152, 0.10142, 0.208616, 0.218518, 0.278881, 0.278881, 1, 

24,65,0.001, 0.0519205, 0.0335799, 0.12352, 0.0943152, 0.10142, 0.117169, 0.208616, 0.218518, 0.313626, 1, 

26,52,0.001, 0.0519205, 0.0598265, 0.0797498, 0.0747004, 0.0920577, 0.104955, 0.10142, 0.117169, 0.208616, 0.218518, 0.278881, 1, 

Generation #21
25,60,0.001, 0.0519205, 0.0598265, 0.0747004, 0.0920577, 0.0943152, 0.10142, 0.208616, 0.218518, 0.278881, 0.278881, 1, 

24,65,0.001, 0.0519205, 0.0335799, 0.12352, 0.0943152, 0.10142, 0.117169, 0.208616, 0.218518, 0.313626, 1, 

26,52,0.001, 0.0519205, 0.0598265, 0.0797498, 0.0747004, 0.0920577, 0.104955, 0.10142, 0.117169, 0.208616, 0.218518, 0.278881, 1, 

Generation #22
25,60,0.001, 0.0519205, 0.0598265, 0.0747004, 0.0920577, 0.0943152, 0.10142, 0.208616, 0.218518, 0.278881, 0.278881, 1, 

24,65,0.001, 0.0519205, 0.0335799, 0.12352, 0.0943152, 0.10142, 0.117169, 0.208616, 0.218518, 0.313626, 1, 

26,52,0.001, 0.0519205, 0.0598265, 0.0797498, 0.0747004, 0.0920577, 0.104955, 0.10142, 0.117169, 0.208616, 0.218518, 0.278881, 1, 

28,44,0.001, 0.0519205, 0.0335799, 0.0529374, 0.0871415, 0.0943152, 0.10142, 0.117169, 0.166624, 0.207408, 0.280311, 0.3052, 0.324838, 0.347929, 0.431744, 0.467109, 1, 

Generation #23
25,60,0.001, 0.0519205, 0.0598265, 0.0747004, 0.0920577, 0.0943152, 0.10142, 0.208616, 0.218518, 0.278881, 0.278881, 1, 

26,52,0.001, 0.0519205, 0.0598265, 0.0797498, 0.0747004, 0.0920577, 0.104955, 0.10142, 0.117169, 0.208616, 0.218518, 0.278881, 1, 

24,64,0.001, 0.0519205, 0.0598265, 0.0747004, 0.0920577, 0.104955, 0.1226, 0.161483, 0.208616, 0.218518, 1, 

28,42,0.001, 0.00993309, 0.0335799, 0.0529374, 0.0871415, 0.0943152, 0.10142, 0.117169, 0.166624, 0.207408, 0.280311, 0.3052, 0.324838, 0.347929, 0.431744, 0.467109, 1, 

Generation #24
25,60,0.001, 0.0519205, 0.0598265, 0.0747004, 0.0920577, 0.0943152, 0.10142, 0.208616, 0.218518, 0.278881, 0.278881, 1, 

26,52,0.001, 0.0519205, 0.0598265, 0.0797498, 0.0747004, 0.0920577, 0.104955, 0.10142, 0.117169, 0.208616, 0.218518, 0.278881, 1, 

24,64,0.001, 0.0519205, 0.0598265, 0.0747004, 0.0920577, 0.104955, 0.1226, 0.161483, 0.208616, 0.218518, 1, 

28,42,0.001, 0.00993309, 0.0335799, 0.0529374, 0.0871415, 0.0943152, 0.10142, 0.117169, 0.166624, 0.207408, 0.280311, 0.3052, 0.324838, 0.347929, 0.431744, 0.467109, 1, 

Generation #25
25,60,0.001, 0.0519205, 0.0598265, 0.0747004, 0.0920577, 0.0943152, 0.10142, 0.208616, 0.218518, 0.278881, 0.278881, 1, 

26,52,0.001, 0.0519205, 0.0598265, 0.0797498, 0.0747004, 0.0920577, 0.104955, 0.10142, 0.117169, 0.208616, 0.218518, 0.278881, 1, 

24,64,0.001, 0.0519205, 0.0598265, 0.0747004, 0.0920577, 0.104955, 0.1226, 0.161483, 0.208616, 0.218518, 1, 

28,42,0.001, 0.00993309, 0.0335799, 0.0529374, 0.0871415, 0.0943152, 0.10142, 0.117169, 0.166624, 0.207408, 0.280311, 0.3052, 0.324838, 0.347929, 0.431744, 0.467109, 1, 

Generation #26
25,60,0.001, 0.0519205, 0.0598265, 0.0747004, 0.0920577, 0.0943152, 0.10142, 0.208616, 0.218518, 0.278881, 0.278881, 1, 

26,52,0.001, 0.0519205, 0.0598265, 0.0797498, 0.0747004, 0.0920577, 0.104955, 0.10142, 0.117169, 0.208616, 0.218518, 0.278881, 1, 

24,64,0.001, 0.0519205, 0.0598265, 0.0747004, 0.0920577, 0.104955, 0.1226, 0.161483, 0.208616, 0.218518, 1, 

28,42,0.001, 0.00993309, 0.0335799, 0.0529374, 0.0871415, 0.0943152, 0.10142, 0.117169, 0.166624, 0.207408, 0.280311, 0.3052, 0.324838, 0.347929, 0.431744, 0.467109, 1, 

Generation #27
25,60,0.001, 0.0519205, 0.0598265, 0.0747004, 0.0920577, 0.0943152, 0.10142, 0.208616, 0.218518, 0.278881, 0.278881, 1, 

26,52,0.001, 0.0519205, 0.0598265, 0.0797498, 0.0747004, 0.0920577, 0.104955, 0.10142, 0.117169, 0.208616, 0.218518, 0.278881, 1, 

24,64,0.001, 0.0519205, 0.0598265, 0.0747004, 0.0920577, 0.104955, 0.1226, 0.161483, 0.208616, 0.218518, 1, 

28,42,0.001, 0.00993309, 0.0335799, 0.0529374, 0.0871415, 0.0943152, 0.10142, 0.117169, 0.166624, 0.207408, 0.280311, 0.3052, 0.324838, 0.347929, 0.431744, 0.467109, 1, 

Generation #28
25,60,0.001, 0.0519205, 0.0598265, 0.0747004, 0.0920577, 0.0943152, 0.10142, 0.208616, 0.218518, 0.278881, 0.278881, 1, 

26,52,0.001, 0.0519205, 0.0598265, 0.0797498, 0.0747004, 0.0920577, 0.104955, 0.10142, 0.117169, 0.208616, 0.218518, 0.278881, 1, 

24,64,0.001, 0.0519205, 0.0598265, 0.0747004, 0.0920577, 0.104955, 0.1226, 0.161483, 0.208616, 0.218518, 1, 

28,42,0.001, 0.00993309, 0.0335799, 0.0529374, 0.0871415, 0.0943152, 0.10142, 0.117169, 0.166624, 0.207408, 0.280311, 0.3052, 0.324838, 0.347929, 0.431744, 0.467109, 1, 

Generation #29
26,52,0.001, 0.0519205, 0.0598265, 0.0797498, 0.0747004, 0.0920577, 0.104955, 0.10142, 0.117169, 0.208616, 0.218518, 0.278881, 1, 

24,64,0.001, 0.0519205, 0.0598265, 0.0747004, 0.0920577, 0.104955, 0.1226, 0.161483, 0.208616, 0.218518, 1, 

28,42,0.001, 0.00993309, 0.0335799, 0.0529374, 0.0871415, 0.0943152, 0.10142, 0.117169, 0.166624, 0.207408, 0.280311, 0.3052, 0.324838, 0.347929, 0.431744, 0.467109, 1, 

25,57,0.001, 0.0519205, 0.0598265, 0.0747004, 0.0920577, 0.104955, 0.1226, 0.161483, 0.208616, 0.218518, 0.278881, 1, 

Generation #30
26,52,0.001, 0.0519205, 0.0598265, 0.0797498, 0.0747004, 0.0920577, 0.104955, 0.10142, 0.117169, 0.208616, 0.218518, 0.278881, 1, 

24,64,0.001, 0.0519205, 0.0598265, 0.0747004, 0.0920577, 0.104955, 0.1226, 0.161483, 0.208616, 0.218518, 1, 

28,42,0.001, 0.00993309, 0.0335799, 0.0529374, 0.0871415, 0.0943152, 0.10142, 0.117169, 0.166624, 0.207408, 0.280311, 0.3052, 0.324838, 0.347929, 0.431744, 0.467109, 1, 

25,57,0.001, 0.0519205, 0.0598265, 0.0747004, 0.0920577, 0.104955, 0.1226, 0.161483, 0.208616, 0.218518, 0.278881, 1, 

Generation #31
26,52,0.001, 0.0519205, 0.0598265, 0.0797498, 0.0747004, 0.0920577, 0.104955, 0.10142, 0.117169, 0.208616, 0.218518, 0.278881, 1, 

24,64,0.001, 0.0519205, 0.0598265, 0.0747004, 0.0920577, 0.104955, 0.1226, 0.161483, 0.208616, 0.218518, 1, 

28,42,0.001, 0.00993309, 0.0335799, 0.0529374, 0.0871415, 0.0943152, 0.10142, 0.117169, 0.166624, 0.207408, 0.280311, 0.3052, 0.324838, 0.347929, 0.431744, 0.467109, 1, 

25,57,0.001, 0.0519205, 0.0598265, 0.0747004, 0.0920577, 0.104955, 0.1226, 0.161483, 0.208616, 0.218518, 0.278881, 1, 

Generation #32
26,52,0.001, 0.0519205, 0.0598265, 0.0797498, 0.0747004, 0.0920577, 0.104955, 0.10142, 0.117169, 0.208616, 0.218518, 0.278881, 1, 

24,64,0.001, 0.0519205, 0.0598265, 0.0747004, 0.0920577, 0.104955, 0.1226, 0.161483, 0.208616, 0.218518, 1, 

28,42,0.001, 0.00993309, 0.0335799, 0.0529374, 0.0871415, 0.0943152, 0.10142, 0.117169, 0.166624, 0.207408, 0.280311, 0.3052, 0.324838, 0.347929, 0.431744, 0.467109, 1, 

25,57,0.001, 0.0519205, 0.0598265, 0.0747004, 0.0920577, 0.104955, 0.1226, 0.161483, 0.208616, 0.218518, 0.278881, 1, 

Generation #33
26,52,0.001, 0.0519205, 0.0598265, 0.0797498, 0.0747004, 0.0920577, 0.104955, 0.10142, 0.117169, 0.208616, 0.218518, 0.278881, 1, 

24,64,0.001, 0.0519205, 0.0598265, 0.0747004, 0.0920577, 0.104955, 0.1226, 0.161483, 0.208616, 0.218518, 1, 

28,42,0.001, 0.00993309, 0.0335799, 0.0529374, 0.0871415, 0.0943152, 0.10142, 0.117169, 0.166624, 0.207408, 0.280311, 0.3052, 0.324838, 0.347929, 0.431744, 0.467109, 1, 

25,57,0.001, 0.0519205, 0.0598265, 0.0747004, 0.0920577, 0.104955, 0.1226, 0.161483, 0.208616, 0.218518, 0.278881, 1, 

Generation #34
26,52,0.001, 0.0519205, 0.0598265, 0.0797498, 0.0747004, 0.0920577, 0.104955, 0.10142, 0.117169, 0.208616, 0.218518, 0.278881, 1, 

24,64,0.001, 0.0519205, 0.0598265, 0.0747004, 0.0920577, 0.104955, 0.1226, 0.161483, 0.208616, 0.218518, 1, 

28,42,0.001, 0.00993309, 0.0335799, 0.0529374, 0.0871415, 0.0943152, 0.10142, 0.117169, 0.166624, 0.207408, 0.280311, 0.3052, 0.324838, 0.347929, 0.431744, 0.467109, 1, 

25,57,0.001, 0.0519205, 0.0598265, 0.0747004, 0.0920577, 0.104955, 0.1226, 0.161483, 0.208616, 0.218518, 0.278881, 1, 

Generation #35
26,52,0.001, 0.0519205, 0.0598265, 0.0797498, 0.0747004, 0.0920577, 0.104955, 0.10142, 0.117169, 0.208616, 0.218518, 0.278881, 1, 

24,64,0.001, 0.0519205, 0.0598265, 0.0747004, 0.0920577, 0.104955, 0.1226, 0.161483, 0.208616, 0.218518, 1, 

28,42,0.001, 0.00993309, 0.0335799, 0.0529374, 0.0871415, 0.0943152, 0.10142, 0.117169, 0.166624, 0.207408, 0.280311, 0.3052, 0.324838, 0.347929, 0.431744, 0.467109, 1, 

25,57,0.001, 0.0519205, 0.0598265, 0.0747004, 0.0920577, 0.104955, 0.1226, 0.161483, 0.208616, 0.218518, 0.278881, 1, 

Generation #36
26,52,0.001, 0.0519205, 0.0598265, 0.0797498, 0.0747004, 0.0920577, 0.104955, 0.10142, 0.117169, 0.208616, 0.218518, 0.278881, 1, 

24,64,0.001, 0.0519205, 0.0598265, 0.0747004, 0.0920577, 0.104955, 0.1226, 0.161483, 0.208616, 0.218518, 1, 

28,42,0.001, 0.00993309, 0.0335799, 0.0529374, 0.0871415, 0.0943152, 0.10142, 0.117169, 0.166624, 0.207408, 0.280311, 0.3052, 0.324838, 0.347929, 0.431744, 0.467109, 1, 

25,57,0.001, 0.0519205, 0.0598265, 0.0747004, 0.0920577, 0.104955, 0.1226, 0.161483, 0.208616, 0.218518, 0.278881, 1, 

Generation #37
26,52,0.001, 0.0519205, 0.0598265, 0.0797498, 0.0747004, 0.0920577, 0.104955, 0.10142, 0.117169, 0.208616, 0.218518, 0.278881, 1, 

24,64,0.001, 0.0519205, 0.0598265, 0.0747004, 0.0920577, 0.104955, 0.1226, 0.161483, 0.208616, 0.218518, 1, 

28,42,0.001, 0.00993309, 0.0335799, 0.0529374, 0.0871415, 0.0943152, 0.10142, 0.117169, 0.166624, 0.207408, 0.280311, 0.3052, 0.324838, 0.347929, 0.431744, 0.467109, 1, 

25,57,0.001, 0.0519205, 0.0598265, 0.0747004, 0.0920577, 0.104955, 0.1226, 0.161483, 0.208616, 0.218518, 0.278881, 1, 

Generation #38
26,52,0.001, 0.0519205, 0.0598265, 0.0797498, 0.0747004, 0.0920577, 0.104955, 0.10142, 0.117169, 0.208616, 0.218518, 0.278881, 1, 

24,64,0.001, 0.0519205, 0.0598265, 0.0747004, 0.0920577, 0.104955, 0.1226, 0.161483, 0.208616, 0.218518, 1, 

28,42,0.001, 0.00993309, 0.0335799, 0.0529374, 0.0871415, 0.0943152, 0.10142, 0.117169, 0.166624, 0.207408, 0.280311, 0.3052, 0.324838, 0.347929, 0.431744, 0.467109, 1, 

25,57,0.001, 0.0519205, 0.0598265, 0.0747004, 0.0920577, 0.104955, 0.1226, 0.161483, 0.208616, 0.218518, 0.278881, 1, 

Generation #39
26,52,0.001, 0.0519205, 0.0598265, 0.0797498, 0.0747004, 0.0920577, 0.104955, 0.10142, 0.117169, 0.208616, 0.218518, 0.278881, 1, 

24,64,0.001, 0.0519205, 0.0598265, 0.0747004, 0.0920577, 0.104955, 0.1226, 0.161483, 0.208616, 0.218518, 1, 

28,42,0.001, 0.00993309, 0.0335799, 0.0529374, 0.0871415, 0.0943152, 0.10142, 0.117169, 0.166624, 0.207408, 0.280311, 0.3052, 0.324838, 0.347929, 0.431744, 0.467109, 1, 

25,57,0.001, 0.0519205, 0.0598265, 0.0747004, 0.0920577, 0.104955, 0.1226, 0.161483, 0.208616, 0.218518, 0.278881, 1, 

Generation #40
26,52,0.001, 0.0519205, 0.0598265, 0.0797498, 0.0747004, 0.0920577, 0.104955, 0.10142, 0.117169, 0.208616, 0.218518, 0.278881, 1, 

28,42,0.001, 0.00993309, 0.0335799, 0.0529374, 0.0871415, 0.0943152, 0.10142, 0.117169, 0.166624, 0.207408, 0.280311, 0.3052, 0.324838, 0.347929, 0.431744, 0.467109, 1, 

25,57,0.001, 0.0519205, 0.0598265, 0.0747004, 0.0920577, 0.104955, 0.1226, 0.161483, 0.208616, 0.218518, 0.278881, 1, 

23,61,0.001, 0.00993309, 0.0335799, 0.0529374, 0.0871415, 0.104955, 0.1226, 0.161483, 0.208616, 1, 

Generation #41
26,52,0.001, 0.0519205, 0.0598265, 0.0797498, 0.0747004, 0.0920577, 0.104955, 0.10142, 0.117169, 0.208616, 0.218518, 0.278881, 1, 

28,42,0.001, 0.00993309, 0.0335799, 0.0529374, 0.0871415, 0.0943152, 0.10142, 0.117169, 0.166624, 0.207408, 0.280311, 0.3052, 0.324838, 0.347929, 0.431744, 0.467109, 1, 

25,57,0.001, 0.0519205, 0.0598265, 0.0747004, 0.0920577, 0.104955, 0.1226, 0.161483, 0.208616, 0.218518, 0.278881, 1, 

23,61,0.001, 0.00993309, 0.0335799, 0.0529374, 0.0871415, 0.104955, 0.1226, 0.161483, 0.208616, 1, 

Generation #42
26,52,0.001, 0.0519205, 0.0598265, 0.0797498, 0.0747004, 0.0920577, 0.104955, 0.10142, 0.117169, 0.208616, 0.218518, 0.278881, 1, 

28,42,0.001, 0.00993309, 0.0335799, 0.0529374, 0.0871415, 0.0943152, 0.10142, 0.117169, 0.166624, 0.207408, 0.280311, 0.3052, 0.324838, 0.347929, 0.431744, 0.467109, 1, 

25,57,0.001, 0.0519205, 0.0598265, 0.0747004, 0.0920577, 0.104955, 0.1226, 0.161483, 0.208616, 0.218518, 0.278881, 1, 

23,61,0.001, 0.00993309, 0.0335799, 0.0529374, 0.0871415, 0.104955, 0.1226, 0.161483, 0.208616, 1, 

Generation #43
26,52,0.001, 0.0519205, 0.0598265, 0.0797498, 0.0747004, 0.0920577, 0.104955, 0.10142, 0.117169, 0.208616, 0.218518, 0.278881, 1, 

28,42,0.001, 0.00993309, 0.0335799, 0.0529374, 0.0871415, 0.0943152, 0.10142, 0.117169, 0.166624, 0.207408, 0.280311, 0.3052, 0.324838, 0.347929, 0.431744, 0.467109, 1, 

25,57,0.001, 0.0519205, 0.0598265, 0.0747004, 0.0920577, 0.104955, 0.1226, 0.161483, 0.208616, 0.218518, 0.278881, 1, 

23,61,0.001, 0.00993309, 0.0335799, 0.0529374, 0.0871415, 0.104955, 0.1226, 0.161483, 0.208616, 1, 

Generation #44
26,52,0.001, 0.0519205, 0.0598265, 0.0797498, 0.0747004, 0.0920577, 0.104955, 0.10142, 0.117169, 0.208616, 0.218518, 0.278881, 1, 

28,42,0.001, 0.00993309, 0.0335799, 0.0529374, 0.0871415, 0.0943152, 0.10142, 0.117169, 0.166624, 0.207408, 0.280311, 0.3052, 0.324838, 0.347929, 0.431744, 0.467109, 1, 

25,57,0.001, 0.0519205, 0.0598265, 0.0747004, 0.0920577, 0.104955, 0.1226, 0.161483, 0.208616, 0.218518, 0.278881, 1, 

23,61,0.001, 0.00993309, 0.0335799, 0.0529374, 0.0871415, 0.104955, 0.1226, 0.161483, 0.208616, 1, 

Generation #45
26,52,0.001, 0.0519205, 0.0598265, 0.0797498, 0.0747004, 0.0920577, 0.104955, 0.10142, 0.117169, 0.208616, 0.218518, 0.278881, 1, 

28,42,0.001, 0.00993309, 0.0335799, 0.0529374, 0.0871415, 0.0943152, 0.10142, 0.117169, 0.166624, 0.207408, 0.280311, 0.3052, 0.324838, 0.347929, 0.431744, 0.467109, 1, 

25,57,0.001, 0.0519205, 0.0598265, 0.0747004, 0.0920577, 0.104955, 0.1226, 0.161483, 0.208616, 0.218518, 0.278881, 1, 

23,61,0.001, 0.00993309, 0.0335799, 0.0529374, 0.0871415, 0.104955, 0.1226, 0.161483, 0.208616, 1, 

Generation #46
26,52,0.001, 0.0519205, 0.0598265, 0.0797498, 0.0747004, 0.0920577, 0.104955, 0.10142, 0.117169, 0.208616, 0.218518, 0.278881, 1, 

28,42,0.001, 0.00993309, 0.0335799, 0.0529374, 0.0871415, 0.0943152, 0.10142, 0.117169, 0.166624, 0.207408, 0.280311, 0.3052, 0.324838, 0.347929, 0.431744, 0.467109, 1, 

25,57,0.001, 0.0519205, 0.0598265, 0.0747004, 0.0920577, 0.104955, 0.1226, 0.161483, 0.208616, 0.218518, 0.278881, 1, 

23,61,0.001, 0.00993309, 0.0335799, 0.0529374, 0.0871415, 0.104955, 0.1226, 0.161483, 0.208616, 1, 

Generation #47
26,52,0.001, 0.0519205, 0.0598265, 0.0797498, 0.0747004, 0.0920577, 0.104955, 0.10142, 0.117169, 0.208616, 0.218518, 0.278881, 1, 

28,42,0.001, 0.00993309, 0.0335799, 0.0529374, 0.0871415, 0.0943152, 0.10142, 0.117169, 0.166624, 0.207408, 0.280311, 0.3052, 0.324838, 0.347929, 0.431744, 0.467109, 1, 

25,57,0.001, 0.0519205, 0.0598265, 0.0747004, 0.0920577, 0.104955, 0.1226, 0.161483, 0.208616, 0.218518, 0.278881, 1, 

23,61,0.001, 0.00993309, 0.0335799, 0.0529374, 0.0871415, 0.104955, 0.1226, 0.161483, 0.208616, 1, 

Generation #48
26,52,0.001, 0.0519205, 0.0598265, 0.0797498, 0.0747004, 0.0920577, 0.104955, 0.10142, 0.117169, 0.208616, 0.218518, 0.278881, 1, 

28,42,0.001, 0.00993309, 0.0335799, 0.0529374, 0.0871415, 0.0943152, 0.10142, 0.117169, 0.166624, 0.207408, 0.280311, 0.3052, 0.324838, 0.347929, 0.431744, 0.467109, 1, 

25,57,0.001, 0.0519205, 0.0598265, 0.0747004, 0.0920577, 0.104955, 0.1226, 0.161483, 0.208616, 0.218518, 0.278881, 1, 

23,61,0.001, 0.00993309, 0.0335799, 0.0529374, 0.0871415, 0.104955, 0.1226, 0.161483, 0.208616, 1, 

Generation #49
26,52,0.001, 0.0519205, 0.0598265, 0.0797498, 0.0747004, 0.0920577, 0.104955, 0.10142, 0.117169, 0.208616, 0.218518, 0.278881, 1, 

28,42,0.001, 0.00993309, 0.0335799, 0.0529374, 0.0871415, 0.0943152, 0.10142, 0.117169, 0.166624, 0.207408, 0.280311, 0.3052, 0.324838, 0.347929, 0.431744, 0.467109, 1, 

25,57,0.001, 0.0519205, 0.0598265, 0.0747004, 0.0920577, 0.104955, 0.1226, 0.161483, 0.208616, 0.218518, 0.278881, 1, 

23,61,0.001, 0.00993309, 0.0335799, 0.0529374, 0.0871415, 0.104955, 0.1226, 0.161483, 0.208616, 1, 

--- Pareto Front Solutions ---
Solution 0: N total=90 (N_initial=64, N_added=26), Time total=55 ms, Saved to: ./results/SPINS_t2_l4_pareto_0.csv, percents=0.001, 0.0519205, 0.0598265, 0.0797498, 0.0747004, 0.0920577, 0.104955, 0.10142, 0.117169, 0.208616, 0.218518, 0.278881, 1, 

Solution 1: N total=92 (N_initial=64, N_added=28), Time total=45 ms, Saved to: ./results/SPINS_t2_l4_pareto_1.csv, percents=0.001, 0.00993309, 0.0335799, 0.0529374, 0.0871415, 0.0943152, 0.10142, 0.117169, 0.166624, 0.207408, 0.280311, 0.3052, 0.324838, 0.347929, 0.431744, 0.467109, 1, 

Solution 2: N total=89 (N_initial=64, N_added=25), Time total=60 ms, Saved to: ./results/SPINS_t2_l4_pareto_2.csv, percents=0.001, 0.0519205, 0.0598265, 0.0747004, 0.0920577, 0.104955, 0.1226, 0.161483, 0.208616, 0.218518, 0.278881, 1, 

Solution 3: N total=87 (N_initial=64, N_added=23), Time total=64 ms, Saved to: ./results/SPINS_t2_l4_pareto_3.csv, percents=0.001, 0.00993309, 0.0335799, 0.0529374, 0.0871415, 0.104955, 0.1226, 0.161483, 0.208616, 1, 

