------------d=1, t=2, lambda=1, filename=./evaluation/SPINV/SPINV_2_1.csv------------
Computing partitioned counts of d-sets...
Ready to look at pairs based on partitioned counts...
First Stage N=40, Time=21
There are 1673 remaining non-locating pairs
--- Running GA Algorithm (phase2) ---
Running GA with std::execution::par
Generation #0
46,251,0.001, 0.016831, 0.0219461, 0.0261442, 0.0262016, 0.0663368, 0.0980615, 0.100799, 0.106911, 0.164494, 0.17776, 0.217953, 0.230267, 0.239707, 0.475426, 0.477239, 0.511489, 0.606937, 0.610299, 0.6522, 0.67643, 0.685118, 0.749872, 0.761045, 0.776041, 0.831382, 0.843834, 0.844438, 0.85952, 0.970357, 1, 

32,500,0.001, 0.0513067, 0.110065, 0.137015, 0.187127, 0.279032, 0.482314, 0.608711, 0.648283, 0.693314, 0.753794, 0.76718, 0.911522, 1, 

34,261,0.001, 0.0485364, 0.0638381, 0.103473, 0.112512, 0.157387, 0.207509, 0.233497, 0.34024, 0.425078, 0.623749, 0.642961, 0.77327, 0.821051, 0.86027, 0.97724, 1, 

Generation #1
31,243,0.001, 0.0855743, 0.102474, 0.366973, 0.178384, 0.262493, 0.577869, 0.680841, 0.792411, 0.888301, 0.923233, 0.962328, 1, 

34,218,0.001, 0.0482424, 0.060196, 0.0767149, 0.371646, 0.434784, 0.519215, 0.553258, 0.557035, 0.560323, 0.597118, 0.737906, 0.884534, 0.917956, 0.993539, 1, 

44,140,0.001, 0.016831, 0.0219461, 0.0261442, 0.0262016, 0.0663368, 0.0980615, 0.100799, 0.106911, 0.351754, 0.3762, 0.494598, 0.496739, 0.514013, 0.53445, 0.563776, 0.570655, 0.585305, 0.591522, 0.625223, 0.737456, 0.759444, 0.881117, 0.898407, 0.908204, 1, 

29,246,0.001, 0.0440817, 0.056377, 0.0625786, 0.242764, 0.58322, 0.712898, 0.774425, 0.834638, 1, 

33,236,0.001, 0.016831, 0.0799311, 0.146416, 0.168693, 0.213749, 0.231546, 0.301595, 0.355781, 0.414556, 0.554904, 0.577706, 0.75276, 0.85917, 0.972072, 0.999616, 1, 

Generation #2
44,140,0.001, 0.016831, 0.0219461, 0.0261442, 0.0262016, 0.0663368, 0.0980615, 0.100799, 0.106911, 0.351754, 0.3762, 0.494598, 0.496739, 0.514013, 0.53445, 0.563776, 0.570655, 0.585305, 0.591522, 0.625223, 0.737456, 0.759444, 0.881117, 0.898407, 0.908204, 1, 

36,181,0.001, 0.016831, 0.0219461, 0.0261442, 0.0262016, 0.140489, 0.215016, 0.248977, 0.649774, 0.656133, 0.670719, 0.80047, 0.818322, 0.927298, 0.950905, 0.999048, 1, 

32,213,0.001, 0.0672946, 0.123432, 0.157992, 0.187394, 0.188193, 0.208597, 0.281565, 0.358948, 0.443988, 0.828251, 0.951562, 1, 

34,201,0.001, 0.00922476, 0.069808, 0.108605, 0.115324, 0.123458, 0.130797, 0.168115, 0.241206, 0.269902, 0.779217, 0.280767, 0.316369, 0.884987, 0.921868, 0.975359, 0.976836, 1, 

29,227,0.001, 0.00922476, 0.069808, 0.108605, 0.152494, 0.311227, 0.509842, 0.850221, 0.984248, 0.991008, 1, 

Generation #3
44,140,0.001, 0.016831, 0.0219461, 0.0261442, 0.0262016, 0.0663368, 0.0980615, 0.100799, 0.106911, 0.351754, 0.3762, 0.494598, 0.496739, 0.514013, 0.53445, 0.563776, 0.570655, 0.585305, 0.591522, 0.625223, 0.737456, 0.759444, 0.881117, 0.898407, 0.908204, 1, 

36,181,0.001, 0.016831, 0.0219461, 0.0261442, 0.0262016, 0.140489, 0.215016, 0.248977, 0.649774, 0.656133, 0.670719, 0.80047, 0.818322, 0.927298, 0.950905, 0.999048, 1, 

29,227,0.001, 0.00922476, 0.069808, 0.108605, 0.152494, 0.311227, 0.509842, 0.850221, 0.984248, 0.991008, 1, 

30,192,0.001, 0.016831, 0.0219461, 0.0261442, 0.0262016, 0.0663368, 0.0980615, 0.471627, 0.496676, 0.646755, 0.764687, 0.803333, 0.833078, 0.955158, 1, 

Generation #4
44,140,0.001, 0.016831, 0.0219461, 0.0261442, 0.0262016, 0.0663368, 0.0980615, 0.100799, 0.106911, 0.351754, 0.3762, 0.494598, 0.496739, 0.514013, 0.53445, 0.563776, 0.570655, 0.585305, 0.591522, 0.625223, 0.737456, 0.759444, 0.881117, 0.898407, 0.908204, 1, 

29,227,0.001, 0.00922476, 0.069808, 0.108605, 0.152494, 0.311227, 0.509842, 0.850221, 0.984248, 0.991008, 1, 

30,192,0.001, 0.016831, 0.0219461, 0.0261442, 0.0262016, 0.0663368, 0.0980615, 0.471627, 0.496676, 0.646755, 0.764687, 0.803333, 0.833078, 0.955158, 1, 

33,147,0.001, 0.0440817, 0.056377, 0.0625786, 0.242764, 0.140489, 0.215016, 0.248977, 0.292859, 0.322475, 0.33071, 0.383738, 0.75276, 0.85917, 0.972072, 0.314426, 1, 

32,187,0.001, 0.0110509, 0.0391854, 0.0928903, 0.129683, 0.148351, 0.15305, 0.161136, 0.170891, 0.276805, 0.282516, 0.839223, 0.882897, 0.893691, 0.9037, 1, 

25,233,0.001, 0.016831, 0.0219461, 0.0261442, 0.0262016, 0.0663368, 0.0980615, 0.100799, 0.106911, 0.351754, 1, 

Generation #5
25,233,0.001, 0.016831, 0.0219461, 0.0261442, 0.0262016, 0.0663368, 0.0980615, 0.100799, 0.106911, 0.351754, 1, 

44,132,0.001, 0.016831, 0.0219461, 0.0261442, 0.0262016, 0.140489, 0.215016, 0.248977, 0.292859, 0.322475, 0.33071, 0.383738, 0.44437, 0.514013, 0.53445, 0.980887, 0.563776, 0.0975406, 0.585305, 0.591522, 0.625223, 0.99744, 0.737456, 0.759444, 0.881117, 0.958853, 1, 

28,169,0.001, 0.00922476, 0.069808, 0.0261442, 0.0262016, 0.0663368, 0.0980615, 0.100799, 0.106911, 0.351754, 1, 

30,139,0.001, 0.016831, 0.0219461, 0.0261442, 0.0262016, 0.0663368, 0.0980615, 0.100799, 0.106911, 0.351754, 1, 

Generation #6
25,233,0.001, 0.016831, 0.0219461, 0.0261442, 0.0262016, 0.0663368, 0.0980615, 0.100799, 0.106911, 0.351754, 1, 

30,139,0.001, 0.016831, 0.0219461, 0.0261442, 0.0262016, 0.0663368, 0.0980615, 0.100799, 0.106911, 0.351754, 1, 

29,151,0.001, 0.016831, 0.0219461, 0.0261442, 0.0262016, 0.0663368, 0.0980615, 0.100799, 0.106911, 0.351754, 1, 

28,158,0.001, 0.016831, 0.0219461, 0.0261442, 0.0262016, 0.0663368, 0.0980615, 0.100799, 0.106911, 0.351754, 1, 

27,170,0.001, 0.0440817, 0.0219461, 0.0261442, 0.0262016, 0.140489, 0.215016, 0.248977, 0.292859, 0.834638, 1, 

31,125,0.001, 0.016831, 0.0219461, 0.0261442, 0.0262016, 0.0663368, 0.0980615, 0.220777, 0.215415, 0.215567, 0.254165, 0.298254, 0.324787, 0.363879, 0.993539, 1, 

Generation #7
25,233,0.001, 0.016831, 0.0219461, 0.0261442, 0.0262016, 0.0663368, 0.0980615, 0.100799, 0.106911, 0.351754, 1, 

30,139,0.001, 0.016831, 0.0219461, 0.0261442, 0.0262016, 0.0663368, 0.0980615, 0.100799, 0.106911, 0.351754, 1, 

29,151,0.001, 0.016831, 0.0219461, 0.0261442, 0.0262016, 0.0663368, 0.0980615, 0.100799, 0.106911, 0.351754, 1, 

28,158,0.001, 0.016831, 0.0219461, 0.0261442, 0.0262016, 0.0663368, 0.0980615, 0.100799, 0.106911, 0.351754, 1, 

27,170,0.001, 0.0440817, 0.0219461, 0.0261442, 0.0262016, 0.140489, 0.215016, 0.248977, 0.292859, 0.834638, 1, 

31,125,0.001, 0.016831, 0.0219461, 0.0261442, 0.0262016, 0.0663368, 0.0980615, 0.220777, 0.215415, 0.215567, 0.254165, 0.298254, 0.324787, 0.363879, 0.993539, 1, 

26,227,0.001, 0.016831, 0.0219461, 0.0261442, 0.0262016, 0.140489, 0.215016, 0.100799, 0.106911, 0.351754, 1, 

Generation #8
25,233,0.001, 0.016831, 0.0219461, 0.0261442, 0.0262016, 0.0663368, 0.0980615, 0.100799, 0.106911, 0.351754, 1, 

28,158,0.001, 0.016831, 0.0219461, 0.0261442, 0.0262016, 0.0663368, 0.0980615, 0.100799, 0.106911, 0.351754, 1, 

27,170,0.001, 0.0440817, 0.0219461, 0.0261442, 0.0262016, 0.140489, 0.215016, 0.248977, 0.292859, 0.834638, 1, 

31,125,0.001, 0.016831, 0.0219461, 0.0261442, 0.0262016, 0.0663368, 0.0980615, 0.220777, 0.215415, 0.215567, 0.254165, 0.298254, 0.324787, 0.363879, 0.993539, 1, 

26,223,0.001, 0.016831, 0.0219461, 0.0261442, 0.0262016, 0.0663368, 0.0980615, 0.100799, 0.106911, 0.351754, 1, 

29,136,0.001, 0.016831, 0.0219461, 0.0261442, 0.0262016, 0.0663368, 0.0980615, 0.220777, 0.22262, 0.411498, 0.436605, 0.441918, 1, 

Generation #9
25,233,0.001, 0.016831, 0.0219461, 0.0261442, 0.0262016, 0.0663368, 0.0980615, 0.100799, 0.106911, 0.351754, 1, 

31,125,0.001, 0.016831, 0.0219461, 0.0261442, 0.0262016, 0.0663368, 0.0980615, 0.220777, 0.215415, 0.215567, 0.254165, 0.298254, 0.324787, 0.363879, 0.993539, 1, 

29,136,0.001, 0.016831, 0.0219461, 0.0261442, 0.0262016, 0.0663368, 0.0980615, 0.220777, 0.22262, 0.411498, 0.436605, 0.441918, 1, 

33,117,0.001, 0.016831, 0.0219461, 0.0261442, 0.0262016, 0.0663368, 0.0980615, 0.201765, 0.215415, 0.215567, 0.254165, 0.298254, 0.324787, 0.363879, 0.993539, 1, 

26,213,0.001, 0.016831, 0.0219461, 0.0261442, 0.0262016, 0.140489, 0.185154, 0.100799, 0.106911, 0.351754, 1, 

27,140,0.001, 0.016831, 0.0219461, 0.0261442, 0.0262016, 0.0663368, 0.0980615, 0.100799, 0.106911, 0.351754, 1, 

Generation #10
25,233,0.001, 0.016831, 0.0219461, 0.0261442, 0.0262016, 0.0663368, 0.0980615, 0.100799, 0.106911, 0.351754, 1, 

31,125,0.001, 0.016831, 0.0219461, 0.0261442, 0.0262016, 0.0663368, 0.0980615, 0.220777, 0.215415, 0.215567, 0.254165, 0.298254, 0.324787, 0.363879, 0.993539, 1, 

29,136,0.001, 0.016831, 0.0219461, 0.0261442, 0.0262016, 0.0663368, 0.0980615, 0.220777, 0.22262, 0.411498, 0.436605, 0.441918, 1, 

33,117,0.001, 0.016831, 0.0219461, 0.0261442, 0.0262016, 0.0663368, 0.0980615, 0.201765, 0.215415, 0.215567, 0.254165, 0.298254, 0.324787, 0.363879, 0.993539, 1, 

27,140,0.001, 0.016831, 0.0219461, 0.0261442, 0.0262016, 0.0663368, 0.0980615, 0.100799, 0.106911, 0.351754, 1, 

26,144,0.001, 0.016831, 0.0219461, 0.0261442, 0.0262016, 0.0663368, 0.0980615, 0.220777, 0.22262, 0.411498, 0.436605, 0.441918, 1, 

Generation #11
25,233,0.001, 0.016831, 0.0219461, 0.0261442, 0.0262016, 0.0663368, 0.0980615, 0.100799, 0.106911, 0.351754, 1, 

27,140,0.001, 0.016831, 0.0219461, 0.0261442, 0.0262016, 0.0663368, 0.0980615, 0.100799, 0.106911, 0.351754, 1, 

26,144,0.001, 0.016831, 0.0219461, 0.0261442, 0.0262016, 0.0663368, 0.0980615, 0.220777, 0.22262, 0.411498, 0.436605, 0.441918, 1, 

29,131,0.001, 0.016831, 0.0219461, 0.0261442, 0.0262016, 0.0663368, 0.0980615, 0.220777, 0.22262, 0.411498, 0.436605, 0.298254, 0.324787, 0.363879, 0.993539, 1, 

31,117,0.001, 0.016831, 0.0219461, 0.0261442, 0.0262016, 0.0663368, 0.0980615, 0.201765, 0.215415, 0.215567, 0.254165, 0.298254, 0.324787, 0.363879, 0.993539, 1, 

Generation #12
25,233,0.001, 0.016831, 0.0219461, 0.0261442, 0.0262016, 0.0663368, 0.0980615, 0.100799, 0.106911, 0.351754, 1, 

27,140,0.001, 0.016831, 0.0219461, 0.0261442, 0.0262016, 0.0663368, 0.0980615, 0.100799, 0.106911, 0.351754, 1, 

26,144,0.001, 0.016831, 0.0219461, 0.0261442, 0.0262016, 0.0663368, 0.0980615, 0.220777, 0.22262, 0.411498, 0.436605, 0.441918, 1, 

29,131,0.001, 0.016831, 0.0219461, 0.0261442, 0.0262016, 0.0663368, 0.0980615, 0.220777, 0.22262, 0.411498, 0.436605, 0.298254, 0.324787, 0.363879, 0.993539, 1, 

31,117,0.001, 0.016831, 0.0219461, 0.0261442, 0.0262016, 0.0663368, 0.0980615, 0.201765, 0.215415, 0.215567, 0.254165, 0.298254, 0.324787, 0.363879, 0.993539, 1, 

30,124,0.001, 0.016831, 0.0219461, 0.0261442, 0.0262016, 0.0663368, 0.0980615, 0.220777, 0.22262, 0.411498, 0.436605, 0.441918, 1, 

28,137,0.001, 0.016831, 0.0219461, 0.0261442, 0.0262016, 0.0663368, 0.0980615, 0.220777, 0.22262, 0.411498, 0.436605, 0.441918, 1, 

Generation #13
25,233,0.001, 0.016831, 0.0219461, 0.0261442, 0.0262016, 0.0663368, 0.0980615, 0.100799, 0.106911, 0.351754, 1, 

27,140,0.001, 0.016831, 0.0219461, 0.0261442, 0.0262016, 0.0663368, 0.0980615, 0.100799, 0.106911, 0.351754, 1, 

26,144,0.001, 0.016831, 0.0219461, 0.0261442, 0.0262016, 0.0663368, 0.0980615, 0.220777, 0.22262, 0.411498, 0.436605, 0.441918, 1, 

28,115,0.001, 0.016831, 0.0219461, 0.0261442, 0.0262016, 0.0663368, 0.0980615, 0.100799, 0.106911, 0.351754, 1, 

Generation #14
25,233,0.001, 0.016831, 0.0219461, 0.0261442, 0.0262016, 0.0663368, 0.0980615, 0.100799, 0.106911, 0.351754, 1, 

26,144,0.001, 0.016831, 0.0219461, 0.0261442, 0.0262016, 0.0663368, 0.0980615, 0.220777, 0.22262, 0.411498, 0.436605, 0.441918, 1, 

28,113,0.001, 0.016831, 0.0219461, 0.0261442, 0.0262016, 0.0663368, 0.0980615, 0.100799, 0.106911, 0.215567, 0.254165, 0.298254, 0.324787, 0.363879, 0.993539, 1, 

27,136,0.001, 0.016831, 0.0219461, 0.0261442, 0.0262016, 0.140489, 0.215016, 0.100799, 0.106911, 0.351754, 1, 

Generation #15
25,233,0.001, 0.016831, 0.0219461, 0.0261442, 0.0262016, 0.0663368, 0.0980615, 0.100799, 0.106911, 0.351754, 1, 

26,144,0.001, 0.016831, 0.0219461, 0.0261442, 0.0262016, 0.0663368, 0.0980615, 0.220777, 0.22262, 0.411498, 0.436605, 0.441918, 1, 

28,113,0.001, 0.016831, 0.0219461, 0.0261442, 0.0262016, 0.0663368, 0.0980615, 0.100799, 0.106911, 0.215567, 0.254165, 0.298254, 0.324787, 0.363879, 0.993539, 1, 

27,136,0.001, 0.016831, 0.0219461, 0.0261442, 0.0262016, 0.140489, 0.215016, 0.100799, 0.106911, 0.351754, 1, 

Generation #16
25,233,0.001, 0.016831, 0.0219461, 0.0261442, 0.0262016, 0.0663368, 0.0980615, 0.100799, 0.106911, 0.351754, 1, 

26,144,0.001, 0.016831, 0.0219461, 0.0261442, 0.0262016, 0.0663368, 0.0980615, 0.220777, 0.22262, 0.411498, 0.436605, 0.441918, 1, 

28,113,0.001, 0.016831, 0.0219461, 0.0261442, 0.0262016, 0.0663368, 0.0980615, 0.100799, 0.106911, 0.215567, 0.254165, 0.298254, 0.324787, 0.363879, 0.993539, 1, 

27,118,0.001, 0.016831, 0.0219461, 0.0261442, 0.0262016, 0.0663368, 0.0980615, 0.100799, 0.22262, 0.411498, 0.436605, 0.441918, 1, 

33,111,0.001, 0.016831, 0.0219461, 0.0261442, 0.0262016, 0.0663368, 0.0980615, 0.100799, 0.106911, 0.215567, 0.254165, 0.298254, 0.324787, 0.363879, 0.993539, 1, 

Generation #17
28,113,0.001, 0.016831, 0.0219461, 0.0261442, 0.0262016, 0.0663368, 0.0980615, 0.100799, 0.106911, 0.215567, 0.254165, 0.298254, 0.324787, 0.363879, 0.993539, 1, 

27,118,0.001, 0.016831, 0.0219461, 0.0261442, 0.0262016, 0.0663368, 0.0980615, 0.100799, 0.22262, 0.411498, 0.436605, 0.441918, 1, 

33,111,0.001, 0.016831, 0.0219461, 0.0261442, 0.0262016, 0.0663368, 0.0980615, 0.100799, 0.106911, 0.215567, 0.254165, 0.298254, 0.324787, 0.363879, 0.993539, 1, 

25,128,0.001, 0.016831, 0.0219461, 0.0261442, 0.0262016, 0.0663368, 0.0980615, 0.100799, 0.106911, 0.351754, 1, 

Generation #18
28,113,0.001, 0.016831, 0.0219461, 0.0261442, 0.0262016, 0.0663368, 0.0980615, 0.100799, 0.106911, 0.215567, 0.254165, 0.298254, 0.324787, 0.363879, 0.993539, 1, 

27,118,0.001, 0.016831, 0.0219461, 0.0261442, 0.0262016, 0.0663368, 0.0980615, 0.100799, 0.22262, 0.411498, 0.436605, 0.441918, 1, 

33,111,0.001, 0.016831, 0.0219461, 0.0261442, 0.0262016, 0.0663368, 0.0980615, 0.100799, 0.106911, 0.215567, 0.254165, 0.298254, 0.324787, 0.363879, 0.993539, 1, 

25,123,0.001, 0.016831, 0.0219461, 0.0261442, 0.0262016, 0.0695622, 0.0663368, 0.100799, 0.106911, 0.351754, 1, 

Generation #19
28,113,0.001, 0.016831, 0.0219461, 0.0261442, 0.0262016, 0.0663368, 0.0980615, 0.100799, 0.106911, 0.215567, 0.254165, 0.298254, 0.324787, 0.363879, 0.993539, 1, 

27,118,0.001, 0.016831, 0.0219461, 0.0261442, 0.0262016, 0.0663368, 0.0980615, 0.100799, 0.22262, 0.411498, 0.436605, 0.441918, 1, 

33,111,0.001, 0.016831, 0.0219461, 0.0261442, 0.0262016, 0.0663368, 0.0980615, 0.100799, 0.106911, 0.215567, 0.254165, 0.298254, 0.324787, 0.363879, 0.993539, 1, 

25,123,0.001, 0.016831, 0.0219461, 0.0261442, 0.0262016, 0.0695622, 0.0663368, 0.100799, 0.106911, 0.351754, 1, 

Generation #20
28,113,0.001, 0.016831, 0.0219461, 0.0261442, 0.0262016, 0.0663368, 0.0980615, 0.100799, 0.106911, 0.215567, 0.254165, 0.298254, 0.324787, 0.363879, 0.993539, 1, 

27,118,0.001, 0.016831, 0.0219461, 0.0261442, 0.0262016, 0.0663368, 0.0980615, 0.100799, 0.22262, 0.411498, 0.436605, 0.441918, 1, 

33,111,0.001, 0.016831, 0.0219461, 0.0261442, 0.0262016, 0.0663368, 0.0980615, 0.100799, 0.106911, 0.215567, 0.254165, 0.298254, 0.324787, 0.363879, 0.993539, 1, 

25,123,0.001, 0.016831, 0.0219461, 0.0261442, 0.0262016, 0.0695622, 0.0663368, 0.100799, 0.106911, 0.351754, 1, 

Generation #21
28,113,0.001, 0.016831, 0.0219461, 0.0261442, 0.0262016, 0.0663368, 0.0980615, 0.100799, 0.106911, 0.215567, 0.254165, 0.298254, 0.324787, 0.363879, 0.993539, 1, 

27,118,0.001, 0.016831, 0.0219461, 0.0261442, 0.0262016, 0.0663368, 0.0980615, 0.100799, 0.22262, 0.411498, 0.436605, 0.441918, 1, 

33,111,0.001, 0.016831, 0.0219461, 0.0261442, 0.0262016, 0.0663368, 0.0980615, 0.100799, 0.106911, 0.215567, 0.254165, 0.298254, 0.324787, 0.363879, 0.993539, 1, 

25,123,0.001, 0.016831, 0.0219461, 0.0261442, 0.0262016, 0.0695622, 0.0663368, 0.100799, 0.106911, 0.351754, 1, 

Generation #22
25,111,0.001, 0.016831, 0.0219461, 0.0261442, 0.0262016, 0.0695622, 0.0663368, 0.100799, 0.22262, 0.411498, 1, 

Generation #23
25,111,0.001, 0.016831, 0.0219461, 0.0261442, 0.0262016, 0.0695622, 0.0663368, 0.100799, 0.22262, 0.411498, 1, 

Generation #24
25,111,0.001, 0.016831, 0.0219461, 0.0261442, 0.0262016, 0.0695622, 0.0663368, 0.100799, 0.22262, 0.411498, 1, 

Generation #25
25,111,0.001, 0.016831, 0.0219461, 0.0261442, 0.0262016, 0.0695622, 0.0663368, 0.100799, 0.22262, 0.411498, 1, 

Generation #26
25,111,0.001, 0.016831, 0.0219461, 0.0261442, 0.0262016, 0.0695622, 0.0663368, 0.100799, 0.22262, 0.411498, 1, 

Generation #27
25,111,0.001, 0.016831, 0.0219461, 0.0261442, 0.0262016, 0.0695622, 0.0663368, 0.100799, 0.22262, 0.411498, 1, 

Generation #28
25,111,0.001, 0.016831, 0.0219461, 0.0261442, 0.0262016, 0.0695622, 0.0663368, 0.100799, 0.22262, 0.411498, 1, 

27,105,0.001, 0.016831, 0.0219461, 0.0261442, 0.0262016, 0.0663368, 0.0980615, 0.100799, 0.22262, 0.411498, 0.436605, 0.441918, 1, 

Generation #29
25,111,0.001, 0.016831, 0.0219461, 0.0261442, 0.0262016, 0.0695622, 0.0663368, 0.100799, 0.22262, 0.411498, 1, 

27,105,0.001, 0.016831, 0.0219461, 0.0261442, 0.0262016, 0.0663368, 0.0980615, 0.100799, 0.22262, 0.411498, 0.436605, 0.441918, 1, 

Generation #30
25,111,0.001, 0.016831, 0.0219461, 0.0261442, 0.0262016, 0.0695622, 0.0663368, 0.100799, 0.22262, 0.411498, 1, 

27,105,0.001, 0.016831, 0.0219461, 0.0261442, 0.0262016, 0.0663368, 0.0980615, 0.100799, 0.22262, 0.411498, 0.436605, 0.441918, 1, 

Generation #31
25,111,0.001, 0.016831, 0.0219461, 0.0261442, 0.0262016, 0.0695622, 0.0663368, 0.100799, 0.22262, 0.411498, 1, 

27,105,0.001, 0.016831, 0.0219461, 0.0261442, 0.0262016, 0.0663368, 0.0980615, 0.100799, 0.22262, 0.411498, 0.436605, 0.441918, 1, 

Generation #32
25,111,0.001, 0.016831, 0.0219461, 0.0261442, 0.0262016, 0.0695622, 0.0663368, 0.100799, 0.22262, 0.411498, 1, 

27,105,0.001, 0.016831, 0.0219461, 0.0261442, 0.0262016, 0.0663368, 0.0980615, 0.100799, 0.22262, 0.411498, 0.436605, 0.441918, 1, 

Generation #33
25,111,0.001, 0.016831, 0.0219461, 0.0261442, 0.0262016, 0.0695622, 0.0663368, 0.100799, 0.22262, 0.411498, 1, 

27,105,0.001, 0.016831, 0.0219461, 0.0261442, 0.0262016, 0.0663368, 0.0980615, 0.100799, 0.22262, 0.411498, 0.436605, 0.441918, 1, 

Generation #34
25,111,0.001, 0.016831, 0.0219461, 0.0261442, 0.0262016, 0.0695622, 0.0663368, 0.100799, 0.22262, 0.411498, 1, 

27,105,0.001, 0.016831, 0.0219461, 0.0261442, 0.0262016, 0.0663368, 0.0980615, 0.100799, 0.22262, 0.411498, 0.436605, 0.441918, 1, 

33,93,0.001, 0.016831, 0.0219461, 0.0261442, 0.0262016, 0.0663368, 0.0980615, 0.100799, 0.102095, 0.22262, 0.215567, 0.254165, 0.298254, 0.0418841, 0.324787, 0.363879, 0.993539, 1, 

Generation #35
25,111,0.001, 0.016831, 0.0219461, 0.0261442, 0.0262016, 0.0695622, 0.0663368, 0.100799, 0.22262, 0.411498, 1, 

27,105,0.001, 0.016831, 0.0219461, 0.0261442, 0.0262016, 0.0663368, 0.0980615, 0.100799, 0.22262, 0.411498, 0.436605, 0.441918, 1, 

33,93,0.001, 0.016831, 0.0219461, 0.0261442, 0.0262016, 0.0663368, 0.0980615, 0.100799, 0.102095, 0.22262, 0.215567, 0.254165, 0.298254, 0.0418841, 0.324787, 0.363879, 0.993539, 1, 

Generation #36
25,111,0.001, 0.016831, 0.0219461, 0.0261442, 0.0262016, 0.0695622, 0.0663368, 0.100799, 0.22262, 0.411498, 1, 

27,105,0.001, 0.016831, 0.0219461, 0.0261442, 0.0262016, 0.0663368, 0.0980615, 0.100799, 0.22262, 0.411498, 0.436605, 0.441918, 1, 

33,93,0.001, 0.016831, 0.0219461, 0.0261442, 0.0262016, 0.0663368, 0.0980615, 0.100799, 0.102095, 0.22262, 0.215567, 0.254165, 0.298254, 0.0418841, 0.324787, 0.363879, 0.993539, 1, 

Generation #37
25,111,0.001, 0.016831, 0.0219461, 0.0261442, 0.0262016, 0.0695622, 0.0663368, 0.100799, 0.22262, 0.411498, 1, 

27,105,0.001, 0.016831, 0.0219461, 0.0261442, 0.0262016, 0.0663368, 0.0980615, 0.100799, 0.22262, 0.411498, 0.436605, 0.441918, 1, 

33,93,0.001, 0.016831, 0.0219461, 0.0261442, 0.0262016, 0.0663368, 0.0980615, 0.100799, 0.102095, 0.22262, 0.215567, 0.254165, 0.298254, 0.0418841, 0.324787, 0.363879, 0.993539, 1, 

Generation #38
25,111,0.001, 0.016831, 0.0219461, 0.0261442, 0.0262016, 0.0695622, 0.0663368, 0.100799, 0.22262, 0.411498, 1, 

27,105,0.001, 0.016831, 0.0219461, 0.0261442, 0.0262016, 0.0663368, 0.0980615, 0.100799, 0.22262, 0.411498, 0.436605, 0.441918, 1, 

33,93,0.001, 0.016831, 0.0219461, 0.0261442, 0.0262016, 0.0663368, 0.0980615, 0.100799, 0.102095, 0.22262, 0.215567, 0.254165, 0.298254, 0.0418841, 0.324787, 0.363879, 0.993539, 1, 

Generation #39
25,111,0.001, 0.016831, 0.0219461, 0.0261442, 0.0262016, 0.0695622, 0.0663368, 0.100799, 0.22262, 0.411498, 1, 

27,105,0.001, 0.016831, 0.0219461, 0.0261442, 0.0262016, 0.0663368, 0.0980615, 0.100799, 0.22262, 0.411498, 0.436605, 0.441918, 1, 

33,93,0.001, 0.016831, 0.0219461, 0.0261442, 0.0262016, 0.0663368, 0.0980615, 0.100799, 0.102095, 0.22262, 0.215567, 0.254165, 0.298254, 0.0418841, 0.324787, 0.363879, 0.993539, 1, 

Generation #40
25,111,0.001, 0.016831, 0.0219461, 0.0261442, 0.0262016, 0.0695622, 0.0663368, 0.100799, 0.22262, 0.411498, 1, 

27,105,0.001, 0.016831, 0.0219461, 0.0261442, 0.0262016, 0.0663368, 0.0980615, 0.100799, 0.22262, 0.411498, 0.436605, 0.441918, 1, 

33,93,0.001, 0.016831, 0.0219461, 0.0261442, 0.0262016, 0.0663368, 0.0980615, 0.100799, 0.102095, 0.22262, 0.215567, 0.254165, 0.298254, 0.0418841, 0.324787, 0.363879, 0.993539, 1, 

Generation #41
25,111,0.001, 0.016831, 0.0219461, 0.0261442, 0.0262016, 0.0695622, 0.0663368, 0.100799, 0.22262, 0.411498, 1, 

27,105,0.001, 0.016831, 0.0219461, 0.0261442, 0.0262016, 0.0663368, 0.0980615, 0.100799, 0.22262, 0.411498, 0.436605, 0.441918, 1, 

33,93,0.001, 0.016831, 0.0219461, 0.0261442, 0.0262016, 0.0663368, 0.0980615, 0.100799, 0.102095, 0.22262, 0.215567, 0.254165, 0.298254, 0.0418841, 0.324787, 0.363879, 0.993539, 1, 

Generation #42
25,111,0.001, 0.016831, 0.0219461, 0.0261442, 0.0262016, 0.0695622, 0.0663368, 0.100799, 0.22262, 0.411498, 1, 

27,105,0.001, 0.016831, 0.0219461, 0.0261442, 0.0262016, 0.0663368, 0.0980615, 0.100799, 0.22262, 0.411498, 0.436605, 0.441918, 1, 

33,93,0.001, 0.016831, 0.0219461, 0.0261442, 0.0262016, 0.0663368, 0.0980615, 0.100799, 0.102095, 0.22262, 0.215567, 0.254165, 0.298254, 0.0418841, 0.324787, 0.363879, 0.993539, 1, 

30,102,0.001, 0.016831, 0.0219461, 0.0261442, 0.0262016, 0.0663368, 0.0980615, 0.100799, 0.106911, 0.215567, 0.254165, 0.262769, 0.298254, 0.324787, 0.363879, 0.993539, 1, 

Generation #43
25,111,0.001, 0.016831, 0.0219461, 0.0261442, 0.0262016, 0.0695622, 0.0663368, 0.100799, 0.22262, 0.411498, 1, 

27,105,0.001, 0.016831, 0.0219461, 0.0261442, 0.0262016, 0.0663368, 0.0980615, 0.100799, 0.22262, 0.411498, 0.436605, 0.441918, 1, 

33,93,0.001, 0.016831, 0.0219461, 0.0261442, 0.0262016, 0.0663368, 0.0980615, 0.100799, 0.102095, 0.22262, 0.215567, 0.254165, 0.298254, 0.0418841, 0.324787, 0.363879, 0.993539, 1, 

30,99,0.001, 0.016831, 0.0219461, 0.0261442, 0.0262016, 0.0663368, 0.0980615, 0.100799, 0.106911, 0.215567, 0.254165, 0.298254, 0.324787, 0.363879, 0.993539, 1, 

Generation #44
25,111,0.001, 0.016831, 0.0219461, 0.0261442, 0.0262016, 0.0695622, 0.0663368, 0.100799, 0.22262, 0.411498, 1, 

27,105,0.001, 0.016831, 0.0219461, 0.0261442, 0.0262016, 0.0663368, 0.0980615, 0.100799, 0.22262, 0.411498, 0.436605, 0.441918, 1, 

33,93,0.001, 0.016831, 0.0219461, 0.0261442, 0.0262016, 0.0663368, 0.0980615, 0.100799, 0.102095, 0.22262, 0.215567, 0.254165, 0.298254, 0.0418841, 0.324787, 0.363879, 0.993539, 1, 

30,99,0.001, 0.016831, 0.0219461, 0.0261442, 0.0262016, 0.0663368, 0.0980615, 0.100799, 0.106911, 0.215567, 0.254165, 0.298254, 0.324787, 0.363879, 0.993539, 1, 

Generation #45
25,111,0.001, 0.016831, 0.0219461, 0.0261442, 0.0262016, 0.0695622, 0.0663368, 0.100799, 0.22262, 0.411498, 1, 

27,105,0.001, 0.016831, 0.0219461, 0.0261442, 0.0262016, 0.0663368, 0.0980615, 0.100799, 0.22262, 0.411498, 0.436605, 0.441918, 1, 

33,93,0.001, 0.016831, 0.0219461, 0.0261442, 0.0262016, 0.0663368, 0.0980615, 0.100799, 0.102095, 0.22262, 0.215567, 0.254165, 0.298254, 0.0418841, 0.324787, 0.363879, 0.993539, 1, 

30,99,0.001, 0.016831, 0.0219461, 0.0261442, 0.0262016, 0.0663368, 0.0980615, 0.100799, 0.106911, 0.215567, 0.254165, 0.298254, 0.324787, 0.363879, 0.993539, 1, 

Generation #46
25,111,0.001, 0.016831, 0.0219461, 0.0261442, 0.0262016, 0.0695622, 0.0663368, 0.100799, 0.22262, 0.411498, 1, 

27,105,0.001, 0.016831, 0.0219461, 0.0261442, 0.0262016, 0.0663368, 0.0980615, 0.100799, 0.22262, 0.411498, 0.436605, 0.441918, 1, 

33,93,0.001, 0.016831, 0.0219461, 0.0261442, 0.0262016, 0.0663368, 0.0980615, 0.100799, 0.102095, 0.22262, 0.215567, 0.254165, 0.298254, 0.0418841, 0.324787, 0.363879, 0.993539, 1, 

30,99,0.001, 0.016831, 0.0219461, 0.0261442, 0.0262016, 0.0663368, 0.0980615, 0.100799, 0.106911, 0.215567, 0.254165, 0.298254, 0.324787, 0.363879, 0.993539, 1, 

Generation #47
25,111,0.001, 0.016831, 0.0219461, 0.0261442, 0.0262016, 0.0695622, 0.0663368, 0.100799, 0.22262, 0.411498, 1, 

27,105,0.001, 0.016831, 0.0219461, 0.0261442, 0.0262016, 0.0663368, 0.0980615, 0.100799, 0.22262, 0.411498, 0.436605, 0.441918, 1, 

33,93,0.001, 0.016831, 0.0219461, 0.0261442, 0.0262016, 0.0663368, 0.0980615, 0.100799, 0.102095, 0.22262, 0.215567, 0.254165, 0.298254, 0.0418841, 0.324787, 0.363879, 0.993539, 1, 

30,99,0.001, 0.016831, 0.0219461, 0.0261442, 0.0262016, 0.0663368, 0.0980615, 0.100799, 0.106911, 0.215567, 0.254165, 0.298254, 0.324787, 0.363879, 0.993539, 1, 

Generation #48
25,111,0.001, 0.016831, 0.0219461, 0.0261442, 0.0262016, 0.0695622, 0.0663368, 0.100799, 0.22262, 0.411498, 1, 

27,105,0.001, 0.016831, 0.0219461, 0.0261442, 0.0262016, 0.0663368, 0.0980615, 0.100799, 0.22262, 0.411498, 0.436605, 0.441918, 1, 

33,93,0.001, 0.016831, 0.0219461, 0.0261442, 0.0262016, 0.0663368, 0.0980615, 0.100799, 0.102095, 0.22262, 0.215567, 0.254165, 0.298254, 0.0418841, 0.324787, 0.363879, 0.993539, 1, 

30,99,0.001, 0.016831, 0.0219461, 0.0261442, 0.0262016, 0.0663368, 0.0980615, 0.100799, 0.106911, 0.215567, 0.254165, 0.298254, 0.324787, 0.363879, 0.993539, 1, 

Generation #49
25,111,0.001, 0.016831, 0.0219461, 0.0261442, 0.0262016, 0.0695622, 0.0663368, 0.100799, 0.22262, 0.411498, 1, 

27,105,0.001, 0.016831, 0.0219461, 0.0261442, 0.0262016, 0.0663368, 0.0980615, 0.100799, 0.22262, 0.411498, 0.436605, 0.441918, 1, 

33,93,0.001, 0.016831, 0.0219461, 0.0261442, 0.0262016, 0.0663368, 0.0980615, 0.100799, 0.102095, 0.22262, 0.215567, 0.254165, 0.298254, 0.0418841, 0.324787, 0.363879, 0.993539, 1, 

30,99,0.001, 0.016831, 0.0219461, 0.0261442, 0.0262016, 0.0663368, 0.0980615, 0.100799, 0.106911, 0.215567, 0.254165, 0.298254, 0.324787, 0.363879, 0.993539, 1, 

--- Pareto Front Solutions ---
Solution 0: N total=65 (N_initial=40, N_added=25), Time total=132 ms, Saved to: ./results/SPINV_t2_l1_pareto_0.csv, percents=0.001, 0.016831, 0.0219461, 0.0261442, 0.0262016, 0.0695622, 0.0663368, 0.100799, 0.22262, 0.411498, 1, 

Solution 1: N total=67 (N_initial=40, N_added=27), Time total=126 ms, Saved to: ./results/SPINV_t2_l1_pareto_1.csv, percents=0.001, 0.016831, 0.0219461, 0.0261442, 0.0262016, 0.0663368, 0.0980615, 0.100799, 0.22262, 0.411498, 0.436605, 0.441918, 1, 

Solution 2: N total=73 (N_initial=40, N_added=33), Time total=114 ms, Saved to: ./results/SPINV_t2_l1_pareto_2.csv, percents=0.001, 0.016831, 0.0219461, 0.0261442, 0.0262016, 0.0663368, 0.0980615, 0.100799, 0.102095, 0.22262, 0.215567, 0.254165, 0.298254, 0.0418841, 0.324787, 0.363879, 0.993539, 1, 

Solution 3: N total=70 (N_initial=40, N_added=30), Time total=120 ms, Saved to: ./results/SPINV_t2_l1_pareto_3.csv, percents=0.001, 0.016831, 0.0219461, 0.0261442, 0.0262016, 0.0663368, 0.0980615, 0.100799, 0.106911, 0.215567, 0.254165, 0.298254, 0.324787, 0.363879, 0.993539, 1, 

------------d=1, t=2, lambda=2, filename=./evaluation/SPINV/SPINV_2_2.csv------------
Computing partitioned counts of d-sets...
Ready to look at pairs based on partitioned counts...
First Stage N=56, Time=17
There are 88 remaining non-locating pairs
--- Running GA Algorithm (phase2) ---
Running GA with std::execution::par
Generation #0
30,57,0.001, 0.0798509, 0.162059, 0.240087, 0.289363, 0.358335, 0.48707, 0.533535, 0.605498, 0.910542, 0.955474, 0.98602, 1, 

36,28,0.001, 0.0653516, 0.0761404, 0.108355, 0.20359, 0.242951, 0.352402, 0.399987, 0.535435, 0.592081, 0.592366, 0.609344, 0.668526, 0.668835, 0.689853, 0.79052, 0.835848, 0.884153, 0.9369, 0.990594, 1, 

28,75,0.001, 0.100159, 0.175603, 0.185067, 0.283908, 0.372853, 0.425792, 0.520355, 0.678391, 0.793101, 0.861741, 1, 

Generation #1
25,51,0.001, 0.0318588, 0.134283, 0.135691, 0.206943, 0.350645, 0.725742, 0.851376, 0.949388, 0.986959, 1, 

42,24,0.001, 0.0318108, 0.0535437, 0.0600997, 0.0605746, 0.0931186, 0.100563, 0.109774, 0.121441, 0.207853, 0.216759, 0.226439, 0.323529, 0.351778, 0.356101, 0.377087, 0.467578, 0.636307, 0.65653, 0.698524, 0.703408, 0.771074, 0.778091, 0.786516, 0.788491, 0.844145, 0.930736, 0.978788, 0.979008, 1, 

33,27,0.001, 0.0167223, 0.0448755, 0.125598, 0.148733, 0.152222, 0.154466, 0.259134, 0.346529, 0.372705, 0.586581, 0.621767, 0.701903, 0.792494, 0.849484, 0.924945, 0.987471, 1, 

28,38,0.001, 0.0318588, 0.0818099, 0.111774, 0.198249, 0.229586, 0.247113, 0.581709, 0.616824, 0.707376, 0.740064, 1, 

27,47,0.001, 0.100159, 0.175603, 0.185067, 0.283908, 0.372853, 0.425792, 0.520355, 0.678391, 0.809657, 0.972632, 1, 

Generation #2
42,24,0.001, 0.0318108, 0.0535437, 0.0600997, 0.0605746, 0.0931186, 0.100563, 0.109774, 0.121441, 0.207853, 0.216759, 0.226439, 0.323529, 0.351778, 0.356101, 0.377087, 0.467578, 0.636307, 0.65653, 0.698524, 0.703408, 0.771074, 0.778091, 0.786516, 0.788491, 0.844145, 0.930736, 0.978788, 0.979008, 1, 

33,27,0.001, 0.0167223, 0.0448755, 0.125598, 0.148733, 0.152222, 0.154466, 0.259134, 0.346529, 0.372705, 0.586581, 0.621767, 0.701903, 0.792494, 0.849484, 0.924945, 0.987471, 1, 

27,28,0.001, 0.0508843, 0.103733, 0.118891, 0.162897, 0.264181, 0.281802, 0.282568, 0.616824, 0.707376, 0.740064, 1, 

24,40,0.001, 0.0318588, 0.0818099, 0.111774, 0.198249, 0.229586, 0.247113, 0.293471, 0.616824, 0.740064, 1, 

Generation #3
24,40,0.001, 0.0318588, 0.0818099, 0.111774, 0.198249, 0.229586, 0.247113, 0.293471, 0.616824, 0.740064, 1, 

27,22,0.001, 0.0318588, 0.0818099, 0.111774, 0.198249, 0.229586, 0.247113, 0.293471, 0.637605, 0.716496, 0.740064, 1, 

26,38,0.001, 0.0298951, 0.175603, 0.185067, 0.283908, 0.372853, 0.425792, 0.520355, 0.678391, 0.809657, 0.972632, 1, 

Generation #4
27,22,0.001, 0.0318588, 0.0818099, 0.111774, 0.198249, 0.229586, 0.247113, 0.293471, 0.637605, 0.716496, 0.740064, 1, 

26,26,0.001, 0.0311226, 0.0411248, 0.0608276, 0.101093, 0.178597, 0.247113, 0.753166, 0.759447, 0.809657, 0.972632, 1, 

24,28,0.001, 0.0520482, 0.0669722, 0.083338, 0.0836364, 0.182037, 0.184645, 0.204301, 0.235559, 0.262378, 0.353704, 1, 

Generation #5
27,22,0.001, 0.0318588, 0.0818099, 0.111774, 0.198249, 0.229586, 0.247113, 0.293471, 0.637605, 0.716496, 0.740064, 1, 

26,26,0.001, 0.0311226, 0.0411248, 0.0608276, 0.101093, 0.178597, 0.247113, 0.753166, 0.759447, 0.809657, 0.972632, 1, 

24,28,0.001, 0.0520482, 0.0669722, 0.083338, 0.0836364, 0.182037, 0.184645, 0.204301, 0.235559, 0.262378, 0.353704, 1, 

Generation #6
27,22,0.001, 0.0318588, 0.0818099, 0.111774, 0.198249, 0.229586, 0.247113, 0.293471, 0.637605, 0.716496, 0.740064, 1, 

26,26,0.001, 0.0311226, 0.0411248, 0.0608276, 0.101093, 0.178597, 0.247113, 0.753166, 0.759447, 0.809657, 0.972632, 1, 

24,28,0.001, 0.0520482, 0.0669722, 0.083338, 0.0836364, 0.182037, 0.184645, 0.204301, 0.235559, 0.262378, 0.353704, 1, 

Generation #7
27,22,0.001, 0.0318588, 0.0818099, 0.111774, 0.198249, 0.229586, 0.247113, 0.293471, 0.637605, 0.716496, 0.740064, 1, 

24,26,0.001, 0.0318588, 0.0818099, 0.111774, 0.198249, 0.229586, 0.247113, 0.293471, 0.616824, 0.740064, 1, 

Generation #8
27,22,0.001, 0.0318588, 0.0818099, 0.111774, 0.198249, 0.229586, 0.247113, 0.293471, 0.637605, 0.716496, 0.740064, 1, 

24,26,0.001, 0.0318588, 0.0818099, 0.111774, 0.198249, 0.229586, 0.247113, 0.293471, 0.616824, 0.740064, 1, 

40,19,0.001, 0.0318588, 0.0818099, 0.111774, 0.0605746, 0.0931186, 0.100563, 0.109774, 0.121441, 0.207853, 0.216759, 0.226439, 0.323529, 0.351778, 0.356101, 0.377087, 0.467578, 0.636307, 0.65653, 0.698524, 0.703408, 0.771074, 0.778091, 0.786516, 0.788491, 0.844145, 0.930736, 0.978788, 0.979008, 1, 

22,30,0.001, 0.0167223, 0.0448755, 0.125598, 0.148733, 0.229586, 0.247113, 0.293471, 0.616824, 0.23746, 0.740064, 1, 

Generation #9
27,22,0.001, 0.0318588, 0.0818099, 0.111774, 0.198249, 0.229586, 0.247113, 0.293471, 0.637605, 0.716496, 0.740064, 1, 

24,26,0.001, 0.0318588, 0.0818099, 0.111774, 0.198249, 0.229586, 0.247113, 0.293471, 0.616824, 0.740064, 1, 

40,19,0.001, 0.0318588, 0.0818099, 0.111774, 0.0605746, 0.0931186, 0.100563, 0.109774, 0.121441, 0.207853, 0.216759, 0.226439, 0.323529, 0.351778, 0.356101, 0.377087, 0.467578, 0.636307, 0.65653, 0.698524, 0.703408, 0.771074, 0.778091, 0.786516, 0.788491, 0.844145, 0.930736, 0.978788, 0.979008, 1, 

22,30,0.001, 0.0167223, 0.0448755, 0.125598, 0.148733, 0.229586, 0.247113, 0.293471, 0.616824, 0.23746, 0.740064, 1, 

25,23,0.001, 0.0318108, 0.0535437, 0.0600997, 0.148733, 0.152222, 0.154466, 0.259134, 0.346529, 0.372705, 0.98602, 1, 

Generation #10
27,22,0.001, 0.0318588, 0.0818099, 0.111774, 0.198249, 0.229586, 0.247113, 0.293471, 0.637605, 0.716496, 0.740064, 1, 

24,26,0.001, 0.0318588, 0.0818099, 0.111774, 0.198249, 0.229586, 0.247113, 0.293471, 0.616824, 0.740064, 1, 

40,19,0.001, 0.0318588, 0.0818099, 0.111774, 0.0605746, 0.0931186, 0.100563, 0.109774, 0.121441, 0.207853, 0.216759, 0.226439, 0.323529, 0.351778, 0.356101, 0.377087, 0.467578, 0.636307, 0.65653, 0.698524, 0.703408, 0.771074, 0.778091, 0.786516, 0.788491, 0.844145, 0.930736, 0.978788, 0.979008, 1, 

22,30,0.001, 0.0167223, 0.0448755, 0.125598, 0.148733, 0.229586, 0.247113, 0.293471, 0.616824, 0.23746, 0.740064, 1, 

25,23,0.001, 0.0318108, 0.0535437, 0.0600997, 0.148733, 0.152222, 0.154466, 0.259134, 0.346529, 0.372705, 0.98602, 1, 

Generation #11
22,30,0.001, 0.0167223, 0.0448755, 0.125598, 0.148733, 0.229586, 0.247113, 0.293471, 0.616824, 0.23746, 0.740064, 1, 

25,18,0.001, 0.0318588, 0.0535437, 0.0600997, 0.0605746, 0.0931186, 0.100563, 0.109774, 0.121441, 0.207853, 0.216759, 1, 

23,25,0.001, 0.0311226, 0.0411248, 0.0608276, 0.101093, 0.232977, 0.270986, 0.278844, 0.207853, 0.216759, 1, 

30,17,0.001, 0.0520482, 0.0535437, 0.0600997, 0.0605746, 0.0931186, 0.100563, 0.109774, 0.121441, 0.207853, 0.216759, 0.226439, 0.323529, 0.351778, 0.792494, 0.987471, 1, 

Generation #12
22,30,0.001, 0.0167223, 0.0448755, 0.125598, 0.148733, 0.229586, 0.247113, 0.293471, 0.616824, 0.23746, 0.740064, 1, 

25,18,0.001, 0.0318588, 0.0535437, 0.0600997, 0.0605746, 0.0931186, 0.100563, 0.109774, 0.121441, 0.207853, 0.216759, 1, 

23,25,0.001, 0.0311226, 0.0411248, 0.0608276, 0.101093, 0.232977, 0.270986, 0.278844, 0.207853, 0.216759, 1, 

30,17,0.001, 0.0520482, 0.0535437, 0.0600997, 0.0605746, 0.0931186, 0.100563, 0.109774, 0.121441, 0.207853, 0.216759, 0.226439, 0.323529, 0.351778, 0.792494, 0.987471, 1, 

Generation #13
22,30,0.001, 0.0167223, 0.0448755, 0.125598, 0.148733, 0.229586, 0.247113, 0.293471, 0.616824, 0.23746, 0.740064, 1, 

25,18,0.001, 0.0318588, 0.0535437, 0.0600997, 0.0605746, 0.0931186, 0.100563, 0.109774, 0.121441, 0.207853, 0.216759, 1, 

23,25,0.001, 0.0311226, 0.0411248, 0.0608276, 0.101093, 0.232977, 0.270986, 0.278844, 0.207853, 0.216759, 1, 

30,17,0.001, 0.0520482, 0.0535437, 0.0600997, 0.0605746, 0.0931186, 0.100563, 0.109774, 0.121441, 0.207853, 0.216759, 0.226439, 0.323529, 0.351778, 0.792494, 0.987471, 1, 

43,15,0.001, 0.0318108, 0.0535437, 0.0600997, 0.0605746, 0.0931186, 0.100563, 0.109774, 0.121441, 0.207853, 0.216759, 0.226439, 0.323529, 0.351778, 0.356101, 0.377087, 0.467578, 0.636307, 0.65653, 0.698524, 0.703408, 0.771074, 0.778091, 0.786516, 0.788491, 0.844145, 0.930736, 0.978788, 0.979008, 1, 

Generation #14
22,30,0.001, 0.0167223, 0.0448755, 0.125598, 0.148733, 0.229586, 0.247113, 0.293471, 0.616824, 0.23746, 0.740064, 1, 

25,18,0.001, 0.0318588, 0.0535437, 0.0600997, 0.0605746, 0.0931186, 0.100563, 0.109774, 0.121441, 0.207853, 0.216759, 1, 

23,25,0.001, 0.0311226, 0.0411248, 0.0608276, 0.101093, 0.232977, 0.270986, 0.278844, 0.207853, 0.216759, 1, 

30,17,0.001, 0.0520482, 0.0535437, 0.0600997, 0.0605746, 0.0931186, 0.100563, 0.109774, 0.121441, 0.207853, 0.216759, 0.226439, 0.323529, 0.351778, 0.792494, 0.987471, 1, 

43,15,0.001, 0.0318108, 0.0535437, 0.0600997, 0.0605746, 0.0931186, 0.100563, 0.109774, 0.121441, 0.207853, 0.216759, 0.226439, 0.323529, 0.351778, 0.356101, 0.377087, 0.467578, 0.636307, 0.65653, 0.698524, 0.703408, 0.771074, 0.778091, 0.786516, 0.788491, 0.844145, 0.930736, 0.978788, 0.979008, 1, 

24,24,0.001, 0.0318108, 0.0535437, 0.0600997, 0.0605746, 0.0931186, 0.100563, 0.109774, 0.121441, 0.740064, 1, 

34,16,0.001, 0.0318588, 0.0818099, 0.0600997, 0.0605746, 0.0931186, 0.100563, 0.109774, 0.121441, 0.207853, 0.216759, 0.226439, 0.323529, 0.351778, 0.356101, 0.377087, 0.467578, 0.636307, 0.65653, 0.990594, 1, 

Generation #15
22,30,0.001, 0.0167223, 0.0448755, 0.125598, 0.148733, 0.229586, 0.247113, 0.293471, 0.616824, 0.23746, 0.740064, 1, 

25,18,0.001, 0.0318588, 0.0535437, 0.0600997, 0.0605746, 0.0931186, 0.100563, 0.109774, 0.121441, 0.207853, 0.216759, 1, 

23,25,0.001, 0.0311226, 0.0411248, 0.0608276, 0.101093, 0.232977, 0.270986, 0.278844, 0.207853, 0.216759, 1, 

30,17,0.001, 0.0520482, 0.0535437, 0.0600997, 0.0605746, 0.0931186, 0.100563, 0.109774, 0.121441, 0.207853, 0.216759, 0.226439, 0.323529, 0.351778, 0.792494, 0.987471, 1, 

43,15,0.001, 0.0318108, 0.0535437, 0.0600997, 0.0605746, 0.0931186, 0.100563, 0.109774, 0.121441, 0.207853, 0.216759, 0.226439, 0.323529, 0.351778, 0.356101, 0.377087, 0.467578, 0.636307, 0.65653, 0.698524, 0.703408, 0.771074, 0.778091, 0.786516, 0.788491, 0.844145, 0.930736, 0.978788, 0.979008, 1, 

24,24,0.001, 0.0318108, 0.0535437, 0.0600997, 0.0605746, 0.0931186, 0.100563, 0.109774, 0.121441, 0.740064, 1, 

34,16,0.001, 0.0318588, 0.0818099, 0.0600997, 0.0605746, 0.0931186, 0.100563, 0.109774, 0.121441, 0.207853, 0.216759, 0.226439, 0.323529, 0.351778, 0.356101, 0.377087, 0.467578, 0.636307, 0.65653, 0.990594, 1, 

Generation #16
22,30,0.001, 0.0167223, 0.0448755, 0.125598, 0.148733, 0.229586, 0.247113, 0.293471, 0.616824, 0.23746, 0.740064, 1, 

23,25,0.001, 0.0311226, 0.0411248, 0.0608276, 0.101093, 0.232977, 0.270986, 0.278844, 0.207853, 0.216759, 1, 

30,17,0.001, 0.0520482, 0.0535437, 0.0600997, 0.0605746, 0.0931186, 0.100563, 0.109774, 0.121441, 0.207853, 0.216759, 0.226439, 0.323529, 0.351778, 0.792494, 0.987471, 1, 

43,15,0.001, 0.0318108, 0.0535437, 0.0600997, 0.0605746, 0.0931186, 0.100563, 0.109774, 0.121441, 0.207853, 0.216759, 0.226439, 0.323529, 0.351778, 0.356101, 0.377087, 0.467578, 0.636307, 0.65653, 0.698524, 0.703408, 0.771074, 0.778091, 0.786516, 0.788491, 0.844145, 0.930736, 0.978788, 0.979008, 1, 

34,16,0.001, 0.0318588, 0.0818099, 0.0600997, 0.0605746, 0.0931186, 0.100563, 0.109774, 0.121441, 0.207853, 0.216759, 0.226439, 0.323529, 0.351778, 0.356101, 0.377087, 0.467578, 0.636307, 0.65653, 0.990594, 1, 

24,18,0.001, 0.0318108, 0.0535437, 0.0600997, 0.0836364, 0.182037, 0.184645, 0.204301, 0.346529, 0.372705, 0.216759, 1, 

Generation #17
22,30,0.001, 0.0167223, 0.0448755, 0.125598, 0.148733, 0.229586, 0.247113, 0.293471, 0.616824, 0.23746, 0.740064, 1, 

30,17,0.001, 0.0520482, 0.0535437, 0.0600997, 0.0605746, 0.0931186, 0.100563, 0.109774, 0.121441, 0.207853, 0.216759, 0.226439, 0.323529, 0.351778, 0.792494, 0.987471, 1, 

34,16,0.001, 0.0318588, 0.0818099, 0.0600997, 0.0605746, 0.0931186, 0.100563, 0.109774, 0.121441, 0.207853, 0.216759, 0.226439, 0.323529, 0.351778, 0.356101, 0.377087, 0.467578, 0.636307, 0.65653, 0.990594, 1, 

24,18,0.001, 0.0318108, 0.0535437, 0.0600997, 0.0836364, 0.182037, 0.184645, 0.204301, 0.346529, 0.372705, 0.216759, 1, 

41,13,0.001, 0.0318108, 0.0535437, 0.0600997, 0.0605746, 0.0931186, 0.100563, 0.109774, 0.121441, 0.207853, 0.216759, 0.226439, 0.323529, 0.351778, 0.356101, 0.377087, 0.467578, 0.636307, 0.65653, 0.698524, 0.703408, 0.771074, 0.778091, 0.786516, 0.788491, 0.844145, 0.930736, 0.978788, 0.979008, 1, 

23,21,0.001, 0.0520482, 0.0535437, 0.0600997, 0.0605746, 0.0931186, 0.100563, 0.109774, 0.346529, 0.372705, 0.216759, 1, 

Generation #18
22,30,0.001, 0.0167223, 0.0448755, 0.125598, 0.148733, 0.229586, 0.247113, 0.293471, 0.616824, 0.23746, 0.740064, 1, 

24,18,0.001, 0.0318108, 0.0535437, 0.0600997, 0.0836364, 0.182037, 0.184645, 0.204301, 0.346529, 0.372705, 0.216759, 1, 

41,13,0.001, 0.0318108, 0.0535437, 0.0600997, 0.0605746, 0.0931186, 0.100563, 0.109774, 0.121441, 0.207853, 0.216759, 0.226439, 0.323529, 0.351778, 0.356101, 0.377087, 0.467578, 0.636307, 0.65653, 0.698524, 0.703408, 0.771074, 0.778091, 0.786516, 0.788491, 0.844145, 0.930736, 0.978788, 0.979008, 1, 

23,21,0.001, 0.0520482, 0.0535437, 0.0600997, 0.0605746, 0.0931186, 0.100563, 0.109774, 0.346529, 0.372705, 0.216759, 1, 

30,14,0.001, 0.0318108, 0.0535437, 0.0600997, 0.0605746, 0.0931186, 0.100563, 0.109774, 0.121441, 0.207853, 0.216759, 0.226439, 0.323529, 0.351778, 0.792494, 0.987471, 1, 

Generation #19
22,30,0.001, 0.0167223, 0.0448755, 0.125598, 0.148733, 0.229586, 0.247113, 0.293471, 0.616824, 0.23746, 0.740064, 1, 

24,18,0.001, 0.0318108, 0.0535437, 0.0600997, 0.0836364, 0.182037, 0.184645, 0.204301, 0.346529, 0.372705, 0.216759, 1, 

41,13,0.001, 0.0318108, 0.0535437, 0.0600997, 0.0605746, 0.0931186, 0.100563, 0.109774, 0.121441, 0.207853, 0.216759, 0.226439, 0.323529, 0.351778, 0.356101, 0.377087, 0.467578, 0.636307, 0.65653, 0.698524, 0.703408, 0.771074, 0.778091, 0.786516, 0.788491, 0.844145, 0.930736, 0.978788, 0.979008, 1, 

23,21,0.001, 0.0520482, 0.0535437, 0.0600997, 0.0605746, 0.0931186, 0.100563, 0.109774, 0.346529, 0.372705, 0.216759, 1, 

30,14,0.001, 0.0318108, 0.0535437, 0.0600997, 0.0605746, 0.0931186, 0.100563, 0.109774, 0.121441, 0.207853, 0.216759, 0.226439, 0.323529, 0.351778, 0.792494, 0.987471, 1, 

Generation #20
22,30,0.001, 0.0167223, 0.0448755, 0.125598, 0.148733, 0.229586, 0.247113, 0.293471, 0.616824, 0.23746, 0.740064, 1, 

24,18,0.001, 0.0318108, 0.0535437, 0.0600997, 0.0836364, 0.182037, 0.184645, 0.204301, 0.346529, 0.372705, 0.216759, 1, 

41,13,0.001, 0.0318108, 0.0535437, 0.0600997, 0.0605746, 0.0931186, 0.100563, 0.109774, 0.121441, 0.207853, 0.216759, 0.226439, 0.323529, 0.351778, 0.356101, 0.377087, 0.467578, 0.636307, 0.65653, 0.698524, 0.703408, 0.771074, 0.778091, 0.786516, 0.788491, 0.844145, 0.930736, 0.978788, 0.979008, 1, 

23,21,0.001, 0.0520482, 0.0535437, 0.0600997, 0.0605746, 0.0931186, 0.100563, 0.109774, 0.346529, 0.372705, 0.216759, 1, 

30,14,0.001, 0.0318108, 0.0535437, 0.0600997, 0.0605746, 0.0931186, 0.100563, 0.109774, 0.121441, 0.207853, 0.216759, 0.226439, 0.323529, 0.351778, 0.792494, 0.987471, 1, 

Generation #21
22,30,0.001, 0.0167223, 0.0448755, 0.125598, 0.148733, 0.229586, 0.247113, 0.293471, 0.616824, 0.23746, 0.740064, 1, 

24,18,0.001, 0.0318108, 0.0535437, 0.0600997, 0.0836364, 0.182037, 0.184645, 0.204301, 0.346529, 0.372705, 0.216759, 1, 

41,13,0.001, 0.0318108, 0.0535437, 0.0600997, 0.0605746, 0.0931186, 0.100563, 0.109774, 0.121441, 0.207853, 0.216759, 0.226439, 0.323529, 0.351778, 0.356101, 0.377087, 0.467578, 0.636307, 0.65653, 0.698524, 0.703408, 0.771074, 0.778091, 0.786516, 0.788491, 0.844145, 0.930736, 0.978788, 0.979008, 1, 

23,21,0.001, 0.0520482, 0.0535437, 0.0600997, 0.0605746, 0.0931186, 0.100563, 0.109774, 0.346529, 0.372705, 0.216759, 1, 

30,14,0.001, 0.0318108, 0.0535437, 0.0600997, 0.0605746, 0.0931186, 0.100563, 0.109774, 0.121441, 0.207853, 0.216759, 0.226439, 0.323529, 0.351778, 0.792494, 0.987471, 1, 

26,15,0.001, 0.0520482, 0.0669722, 0.0600997, 0.0605746, 0.0931186, 0.100563, 0.109774, 0.121441, 0.207853, 0.216759, 0.226439, 0.323529, 0.351778, 0.792494, 0.987471, 1, 

Generation #22
22,30,0.001, 0.0167223, 0.0448755, 0.125598, 0.148733, 0.229586, 0.247113, 0.293471, 0.616824, 0.23746, 0.740064, 1, 

24,18,0.001, 0.0318108, 0.0535437, 0.0600997, 0.0836364, 0.182037, 0.184645, 0.204301, 0.346529, 0.372705, 0.216759, 1, 

41,13,0.001, 0.0318108, 0.0535437, 0.0600997, 0.0605746, 0.0931186, 0.100563, 0.109774, 0.121441, 0.207853, 0.216759, 0.226439, 0.323529, 0.351778, 0.356101, 0.377087, 0.467578, 0.636307, 0.65653, 0.698524, 0.703408, 0.771074, 0.778091, 0.786516, 0.788491, 0.844145, 0.930736, 0.978788, 0.979008, 1, 

23,21,0.001, 0.0520482, 0.0535437, 0.0600997, 0.0605746, 0.0931186, 0.100563, 0.109774, 0.346529, 0.372705, 0.216759, 1, 

30,14,0.001, 0.0318108, 0.0535437, 0.0600997, 0.0605746, 0.0931186, 0.100563, 0.109774, 0.121441, 0.207853, 0.216759, 0.226439, 0.323529, 0.351778, 0.792494, 0.987471, 1, 

26,15,0.001, 0.0520482, 0.0669722, 0.0600997, 0.0605746, 0.0931186, 0.100563, 0.109774, 0.121441, 0.207853, 0.216759, 0.226439, 0.323529, 0.351778, 0.792494, 0.987471, 1, 

Generation #23
22,30,0.001, 0.0167223, 0.0448755, 0.125598, 0.148733, 0.229586, 0.247113, 0.293471, 0.616824, 0.23746, 0.740064, 1, 

24,18,0.001, 0.0318108, 0.0535437, 0.0600997, 0.0836364, 0.182037, 0.184645, 0.204301, 0.346529, 0.372705, 0.216759, 1, 

41,13,0.001, 0.0318108, 0.0535437, 0.0600997, 0.0605746, 0.0931186, 0.100563, 0.109774, 0.121441, 0.207853, 0.216759, 0.226439, 0.323529, 0.351778, 0.356101, 0.377087, 0.467578, 0.636307, 0.65653, 0.698524, 0.703408, 0.771074, 0.778091, 0.786516, 0.788491, 0.844145, 0.930736, 0.978788, 0.979008, 1, 

23,21,0.001, 0.0520482, 0.0535437, 0.0600997, 0.0605746, 0.0931186, 0.100563, 0.109774, 0.346529, 0.372705, 0.216759, 1, 

30,14,0.001, 0.0318108, 0.0535437, 0.0600997, 0.0605746, 0.0931186, 0.100563, 0.109774, 0.121441, 0.207853, 0.216759, 0.226439, 0.323529, 0.351778, 0.792494, 0.987471, 1, 

26,15,0.001, 0.0520482, 0.0669722, 0.0600997, 0.0605746, 0.0931186, 0.100563, 0.109774, 0.121441, 0.207853, 0.216759, 0.226439, 0.323529, 0.351778, 0.792494, 0.987471, 1, 

Generation #24
22,30,0.001, 0.0167223, 0.0448755, 0.125598, 0.148733, 0.229586, 0.247113, 0.293471, 0.616824, 0.23746, 0.740064, 1, 

41,13,0.001, 0.0318108, 0.0535437, 0.0600997, 0.0605746, 0.0931186, 0.100563, 0.109774, 0.121441, 0.207853, 0.216759, 0.226439, 0.323529, 0.351778, 0.356101, 0.377087, 0.467578, 0.636307, 0.65653, 0.698524, 0.703408, 0.771074, 0.778091, 0.786516, 0.788491, 0.844145, 0.930736, 0.978788, 0.979008, 1, 

23,21,0.001, 0.0520482, 0.0535437, 0.0600997, 0.0605746, 0.0931186, 0.100563, 0.109774, 0.346529, 0.372705, 0.216759, 1, 

30,14,0.001, 0.0318108, 0.0535437, 0.0600997, 0.0605746, 0.0931186, 0.100563, 0.109774, 0.121441, 0.207853, 0.216759, 0.226439, 0.323529, 0.351778, 0.792494, 0.987471, 1, 

26,15,0.001, 0.0520482, 0.0669722, 0.0600997, 0.0605746, 0.0931186, 0.100563, 0.109774, 0.121441, 0.207853, 0.216759, 0.226439, 0.323529, 0.351778, 0.792494, 0.987471, 1, 

24,16,0.001, 0.0318108, 0.0535437, 0.0600997, 0.0605746, 0.0931186, 0.100563, 0.109774, 0.121441, 0.207853, 0.216759, 1, 

Generation #25
41,13,0.001, 0.0318108, 0.0535437, 0.0600997, 0.0605746, 0.0931186, 0.100563, 0.109774, 0.121441, 0.207853, 0.216759, 0.226439, 0.323529, 0.351778, 0.356101, 0.377087, 0.467578, 0.636307, 0.65653, 0.698524, 0.703408, 0.771074, 0.778091, 0.786516, 0.788491, 0.844145, 0.930736, 0.978788, 0.979008, 1, 

23,21,0.001, 0.0520482, 0.0535437, 0.0600997, 0.0605746, 0.0931186, 0.100563, 0.109774, 0.346529, 0.372705, 0.216759, 1, 

30,14,0.001, 0.0318108, 0.0535437, 0.0600997, 0.0605746, 0.0931186, 0.100563, 0.109774, 0.121441, 0.207853, 0.216759, 0.226439, 0.323529, 0.351778, 0.792494, 0.987471, 1, 

26,15,0.001, 0.0520482, 0.0669722, 0.0600997, 0.0605746, 0.0931186, 0.100563, 0.109774, 0.121441, 0.207853, 0.216759, 0.226439, 0.323529, 0.351778, 0.792494, 0.987471, 1, 

24,16,0.001, 0.0318108, 0.0535437, 0.0600997, 0.0605746, 0.0931186, 0.100563, 0.109774, 0.121441, 0.207853, 0.216759, 1, 

21,26,0.001, 0.0318588, 0.0535437, 0.0600997, 0.0605746, 0.0931186, 0.100563, 0.109774, 0.121441, 0.207853, 0.740064, 1, 

Generation #26
41,13,0.001, 0.0318108, 0.0535437, 0.0600997, 0.0605746, 0.0931186, 0.100563, 0.109774, 0.121441, 0.207853, 0.216759, 0.226439, 0.323529, 0.351778, 0.356101, 0.377087, 0.467578, 0.636307, 0.65653, 0.698524, 0.703408, 0.771074, 0.778091, 0.786516, 0.788491, 0.844145, 0.930736, 0.978788, 0.979008, 1, 

23,21,0.001, 0.0520482, 0.0535437, 0.0600997, 0.0605746, 0.0931186, 0.100563, 0.109774, 0.346529, 0.372705, 0.216759, 1, 

30,14,0.001, 0.0318108, 0.0535437, 0.0600997, 0.0605746, 0.0931186, 0.100563, 0.109774, 0.121441, 0.207853, 0.216759, 0.226439, 0.323529, 0.351778, 0.792494, 0.987471, 1, 

26,15,0.001, 0.0520482, 0.0669722, 0.0600997, 0.0605746, 0.0931186, 0.100563, 0.109774, 0.121441, 0.207853, 0.216759, 0.226439, 0.323529, 0.351778, 0.792494, 0.987471, 1, 

24,16,0.001, 0.0318108, 0.0535437, 0.0600997, 0.0605746, 0.0931186, 0.100563, 0.109774, 0.121441, 0.207853, 0.216759, 1, 

21,26,0.001, 0.0318588, 0.0535437, 0.0600997, 0.0605746, 0.0931186, 0.100563, 0.109774, 0.121441, 0.207853, 0.740064, 1, 

Generation #27
41,13,0.001, 0.0318108, 0.0535437, 0.0600997, 0.0605746, 0.0931186, 0.100563, 0.109774, 0.121441, 0.207853, 0.216759, 0.226439, 0.323529, 0.351778, 0.356101, 0.377087, 0.467578, 0.636307, 0.65653, 0.698524, 0.703408, 0.771074, 0.778091, 0.786516, 0.788491, 0.844145, 0.930736, 0.978788, 0.979008, 1, 

23,21,0.001, 0.0520482, 0.0535437, 0.0600997, 0.0605746, 0.0931186, 0.100563, 0.109774, 0.346529, 0.372705, 0.216759, 1, 

30,14,0.001, 0.0318108, 0.0535437, 0.0600997, 0.0605746, 0.0931186, 0.100563, 0.109774, 0.121441, 0.207853, 0.216759, 0.226439, 0.323529, 0.351778, 0.792494, 0.987471, 1, 

26,15,0.001, 0.0520482, 0.0669722, 0.0600997, 0.0605746, 0.0931186, 0.100563, 0.109774, 0.121441, 0.207853, 0.216759, 0.226439, 0.323529, 0.351778, 0.792494, 0.987471, 1, 

24,16,0.001, 0.0318108, 0.0535437, 0.0600997, 0.0605746, 0.0931186, 0.100563, 0.109774, 0.121441, 0.207853, 0.216759, 1, 

21,26,0.001, 0.0318588, 0.0535437, 0.0600997, 0.0605746, 0.0931186, 0.100563, 0.109774, 0.121441, 0.207853, 0.740064, 1, 

Generation #28
41,13,0.001, 0.0318108, 0.0535437, 0.0600997, 0.0605746, 0.0931186, 0.100563, 0.109774, 0.121441, 0.207853, 0.216759, 0.226439, 0.323529, 0.351778, 0.356101, 0.377087, 0.467578, 0.636307, 0.65653, 0.698524, 0.703408, 0.771074, 0.778091, 0.786516, 0.788491, 0.844145, 0.930736, 0.978788, 0.979008, 1, 

23,21,0.001, 0.0520482, 0.0535437, 0.0600997, 0.0605746, 0.0931186, 0.100563, 0.109774, 0.346529, 0.372705, 0.216759, 1, 

30,14,0.001, 0.0318108, 0.0535437, 0.0600997, 0.0605746, 0.0931186, 0.100563, 0.109774, 0.121441, 0.207853, 0.216759, 0.226439, 0.323529, 0.351778, 0.792494, 0.987471, 1, 

26,15,0.001, 0.0520482, 0.0669722, 0.0600997, 0.0605746, 0.0931186, 0.100563, 0.109774, 0.121441, 0.207853, 0.216759, 0.226439, 0.323529, 0.351778, 0.792494, 0.987471, 1, 

24,16,0.001, 0.0318108, 0.0535437, 0.0600997, 0.0605746, 0.0931186, 0.100563, 0.109774, 0.121441, 0.207853, 0.216759, 1, 

21,26,0.001, 0.0318588, 0.0535437, 0.0600997, 0.0605746, 0.0931186, 0.100563, 0.109774, 0.121441, 0.207853, 0.740064, 1, 

Generation #29
41,13,0.001, 0.0318108, 0.0535437, 0.0600997, 0.0605746, 0.0931186, 0.100563, 0.109774, 0.121441, 0.207853, 0.216759, 0.226439, 0.323529, 0.351778, 0.356101, 0.377087, 0.467578, 0.636307, 0.65653, 0.698524, 0.703408, 0.771074, 0.778091, 0.786516, 0.788491, 0.844145, 0.930736, 0.978788, 0.979008, 1, 

23,21,0.001, 0.0520482, 0.0535437, 0.0600997, 0.0605746, 0.0931186, 0.100563, 0.109774, 0.346529, 0.372705, 0.216759, 1, 

30,14,0.001, 0.0318108, 0.0535437, 0.0600997, 0.0605746, 0.0931186, 0.100563, 0.109774, 0.121441, 0.207853, 0.216759, 0.226439, 0.323529, 0.351778, 0.792494, 0.987471, 1, 

26,15,0.001, 0.0520482, 0.0669722, 0.0600997, 0.0605746, 0.0931186, 0.100563, 0.109774, 0.121441, 0.207853, 0.216759, 0.226439, 0.323529, 0.351778, 0.792494, 0.987471, 1, 

24,16,0.001, 0.0318108, 0.0535437, 0.0600997, 0.0605746, 0.0931186, 0.100563, 0.109774, 0.121441, 0.207853, 0.216759, 1, 

21,26,0.001, 0.0318588, 0.0535437, 0.0600997, 0.0605746, 0.0931186, 0.100563, 0.109774, 0.121441, 0.207853, 0.740064, 1, 

Generation #30
41,13,0.001, 0.0318108, 0.0535437, 0.0600997, 0.0605746, 0.0931186, 0.100563, 0.109774, 0.121441, 0.207853, 0.216759, 0.226439, 0.323529, 0.351778, 0.356101, 0.377087, 0.467578, 0.636307, 0.65653, 0.698524, 0.703408, 0.771074, 0.778091, 0.786516, 0.788491, 0.844145, 0.930736, 0.978788, 0.979008, 1, 

23,21,0.001, 0.0520482, 0.0535437, 0.0600997, 0.0605746, 0.0931186, 0.100563, 0.109774, 0.346529, 0.372705, 0.216759, 1, 

30,14,0.001, 0.0318108, 0.0535437, 0.0600997, 0.0605746, 0.0931186, 0.100563, 0.109774, 0.121441, 0.207853, 0.216759, 0.226439, 0.323529, 0.351778, 0.792494, 0.987471, 1, 

26,15,0.001, 0.0520482, 0.0669722, 0.0600997, 0.0605746, 0.0931186, 0.100563, 0.109774, 0.121441, 0.207853, 0.216759, 0.226439, 0.323529, 0.351778, 0.792494, 0.987471, 1, 

24,16,0.001, 0.0318108, 0.0535437, 0.0600997, 0.0605746, 0.0931186, 0.100563, 0.109774, 0.121441, 0.207853, 0.216759, 1, 

21,26,0.001, 0.0318588, 0.0535437, 0.0600997, 0.0605746, 0.0931186, 0.100563, 0.109774, 0.121441, 0.207853, 0.740064, 1, 

Generation #31
41,13,0.001, 0.0318108, 0.0535437, 0.0600997, 0.0605746, 0.0931186, 0.100563, 0.109774, 0.121441, 0.207853, 0.216759, 0.226439, 0.323529, 0.351778, 0.356101, 0.377087, 0.467578, 0.636307, 0.65653, 0.698524, 0.703408, 0.771074, 0.778091, 0.786516, 0.788491, 0.844145, 0.930736, 0.978788, 0.979008, 1, 

23,21,0.001, 0.0520482, 0.0535437, 0.0600997, 0.0605746, 0.0931186, 0.100563, 0.109774, 0.346529, 0.372705, 0.216759, 1, 

30,14,0.001, 0.0318108, 0.0535437, 0.0600997, 0.0605746, 0.0931186, 0.100563, 0.109774, 0.121441, 0.207853, 0.216759, 0.226439, 0.323529, 0.351778, 0.792494, 0.987471, 1, 

26,15,0.001, 0.0520482, 0.0669722, 0.0600997, 0.0605746, 0.0931186, 0.100563, 0.109774, 0.121441, 0.207853, 0.216759, 0.226439, 0.323529, 0.351778, 0.792494, 0.987471, 1, 

24,16,0.001, 0.0318108, 0.0535437, 0.0600997, 0.0605746, 0.0931186, 0.100563, 0.109774, 0.121441, 0.207853, 0.216759, 1, 

21,26,0.001, 0.0318588, 0.0535437, 0.0600997, 0.0605746, 0.0931186, 0.100563, 0.109774, 0.121441, 0.207853, 0.740064, 1, 

Generation #32
41,13,0.001, 0.0318108, 0.0535437, 0.0600997, 0.0605746, 0.0931186, 0.100563, 0.109774, 0.121441, 0.207853, 0.216759, 0.226439, 0.323529, 0.351778, 0.356101, 0.377087, 0.467578, 0.636307, 0.65653, 0.698524, 0.703408, 0.771074, 0.778091, 0.786516, 0.788491, 0.844145, 0.930736, 0.978788, 0.979008, 1, 

23,21,0.001, 0.0520482, 0.0535437, 0.0600997, 0.0605746, 0.0931186, 0.100563, 0.109774, 0.346529, 0.372705, 0.216759, 1, 

30,14,0.001, 0.0318108, 0.0535437, 0.0600997, 0.0605746, 0.0931186, 0.100563, 0.109774, 0.121441, 0.207853, 0.216759, 0.226439, 0.323529, 0.351778, 0.792494, 0.987471, 1, 

26,15,0.001, 0.0520482, 0.0669722, 0.0600997, 0.0605746, 0.0931186, 0.100563, 0.109774, 0.121441, 0.207853, 0.216759, 0.226439, 0.323529, 0.351778, 0.792494, 0.987471, 1, 

24,16,0.001, 0.0318108, 0.0535437, 0.0600997, 0.0605746, 0.0931186, 0.100563, 0.109774, 0.121441, 0.207853, 0.216759, 1, 

21,26,0.001, 0.0318588, 0.0535437, 0.0600997, 0.0605746, 0.0931186, 0.100563, 0.109774, 0.121441, 0.207853, 0.740064, 1, 

Generation #33
41,13,0.001, 0.0318108, 0.0535437, 0.0600997, 0.0605746, 0.0931186, 0.100563, 0.109774, 0.121441, 0.207853, 0.216759, 0.226439, 0.323529, 0.351778, 0.356101, 0.377087, 0.467578, 0.636307, 0.65653, 0.698524, 0.703408, 0.771074, 0.778091, 0.786516, 0.788491, 0.844145, 0.930736, 0.978788, 0.979008, 1, 

23,21,0.001, 0.0520482, 0.0535437, 0.0600997, 0.0605746, 0.0931186, 0.100563, 0.109774, 0.346529, 0.372705, 0.216759, 1, 

30,14,0.001, 0.0318108, 0.0535437, 0.0600997, 0.0605746, 0.0931186, 0.100563, 0.109774, 0.121441, 0.207853, 0.216759, 0.226439, 0.323529, 0.351778, 0.792494, 0.987471, 1, 

26,15,0.001, 0.0520482, 0.0669722, 0.0600997, 0.0605746, 0.0931186, 0.100563, 0.109774, 0.121441, 0.207853, 0.216759, 0.226439, 0.323529, 0.351778, 0.792494, 0.987471, 1, 

24,16,0.001, 0.0318108, 0.0535437, 0.0600997, 0.0605746, 0.0931186, 0.100563, 0.109774, 0.121441, 0.207853, 0.216759, 1, 

21,26,0.001, 0.0318588, 0.0535437, 0.0600997, 0.0605746, 0.0931186, 0.100563, 0.109774, 0.121441, 0.207853, 0.740064, 1, 

Generation #34
41,13,0.001, 0.0318108, 0.0535437, 0.0600997, 0.0605746, 0.0931186, 0.100563, 0.109774, 0.121441, 0.207853, 0.216759, 0.226439, 0.323529, 0.351778, 0.356101, 0.377087, 0.467578, 0.636307, 0.65653, 0.698524, 0.703408, 0.771074, 0.778091, 0.786516, 0.788491, 0.844145, 0.930736, 0.978788, 0.979008, 1, 

23,21,0.001, 0.0520482, 0.0535437, 0.0600997, 0.0605746, 0.0931186, 0.100563, 0.109774, 0.346529, 0.372705, 0.216759, 1, 

30,14,0.001, 0.0318108, 0.0535437, 0.0600997, 0.0605746, 0.0931186, 0.100563, 0.109774, 0.121441, 0.207853, 0.216759, 0.226439, 0.323529, 0.351778, 0.792494, 0.987471, 1, 

26,15,0.001, 0.0520482, 0.0669722, 0.0600997, 0.0605746, 0.0931186, 0.100563, 0.109774, 0.121441, 0.207853, 0.216759, 0.226439, 0.323529, 0.351778, 0.792494, 0.987471, 1, 

24,16,0.001, 0.0318108, 0.0535437, 0.0600997, 0.0605746, 0.0931186, 0.100563, 0.109774, 0.121441, 0.207853, 0.216759, 1, 

21,26,0.001, 0.0318588, 0.0535437, 0.0600997, 0.0605746, 0.0931186, 0.100563, 0.109774, 0.121441, 0.207853, 0.740064, 1, 

Generation #35
41,13,0.001, 0.0318108, 0.0535437, 0.0600997, 0.0605746, 0.0931186, 0.100563, 0.109774, 0.121441, 0.207853, 0.216759, 0.226439, 0.323529, 0.351778, 0.356101, 0.377087, 0.467578, 0.636307, 0.65653, 0.698524, 0.703408, 0.771074, 0.778091, 0.786516, 0.788491, 0.844145, 0.930736, 0.978788, 0.979008, 1, 

23,21,0.001, 0.0520482, 0.0535437, 0.0600997, 0.0605746, 0.0931186, 0.100563, 0.109774, 0.346529, 0.372705, 0.216759, 1, 

30,14,0.001, 0.0318108, 0.0535437, 0.0600997, 0.0605746, 0.0931186, 0.100563, 0.109774, 0.121441, 0.207853, 0.216759, 0.226439, 0.323529, 0.351778, 0.792494, 0.987471, 1, 

26,15,0.001, 0.0520482, 0.0669722, 0.0600997, 0.0605746, 0.0931186, 0.100563, 0.109774, 0.121441, 0.207853, 0.216759, 0.226439, 0.323529, 0.351778, 0.792494, 0.987471, 1, 

24,16,0.001, 0.0318108, 0.0535437, 0.0600997, 0.0605746, 0.0931186, 0.100563, 0.109774, 0.121441, 0.207853, 0.216759, 1, 

21,26,0.001, 0.0318588, 0.0535437, 0.0600997, 0.0605746, 0.0931186, 0.100563, 0.109774, 0.121441, 0.207853, 0.740064, 1, 

Generation #36
41,13,0.001, 0.0318108, 0.0535437, 0.0600997, 0.0605746, 0.0931186, 0.100563, 0.109774, 0.121441, 0.207853, 0.216759, 0.226439, 0.323529, 0.351778, 0.356101, 0.377087, 0.467578, 0.636307, 0.65653, 0.698524, 0.703408, 0.771074, 0.778091, 0.786516, 0.788491, 0.844145, 0.930736, 0.978788, 0.979008, 1, 

23,21,0.001, 0.0520482, 0.0535437, 0.0600997, 0.0605746, 0.0931186, 0.100563, 0.109774, 0.346529, 0.372705, 0.216759, 1, 

26,15,0.001, 0.0520482, 0.0669722, 0.0600997, 0.0605746, 0.0931186, 0.100563, 0.109774, 0.121441, 0.207853, 0.216759, 0.226439, 0.323529, 0.351778, 0.792494, 0.987471, 1, 

24,16,0.001, 0.0318108, 0.0535437, 0.0600997, 0.0605746, 0.0931186, 0.100563, 0.109774, 0.121441, 0.207853, 0.216759, 1, 

21,26,0.001, 0.0318588, 0.0535437, 0.0600997, 0.0605746, 0.0931186, 0.100563, 0.109774, 0.121441, 0.207853, 0.740064, 1, 

29,14,0.0318588, 0.0318108, 0.0535437, 0.0600997, 0.0605746, 0.0931186, 0.100563, 0.109774, 0.121441, 0.207853, 0.216759, 0.226439, 0.323529, 0.351778, 0.792494, 0.987471, 1, 

Generation #37
41,13,0.001, 0.0318108, 0.0535437, 0.0600997, 0.0605746, 0.0931186, 0.100563, 0.109774, 0.121441, 0.207853, 0.216759, 0.226439, 0.323529, 0.351778, 0.356101, 0.377087, 0.467578, 0.636307, 0.65653, 0.698524, 0.703408, 0.771074, 0.778091, 0.786516, 0.788491, 0.844145, 0.930736, 0.978788, 0.979008, 1, 

23,21,0.001, 0.0520482, 0.0535437, 0.0600997, 0.0605746, 0.0931186, 0.100563, 0.109774, 0.346529, 0.372705, 0.216759, 1, 

26,15,0.001, 0.0520482, 0.0669722, 0.0600997, 0.0605746, 0.0931186, 0.100563, 0.109774, 0.121441, 0.207853, 0.216759, 0.226439, 0.323529, 0.351778, 0.792494, 0.987471, 1, 

24,16,0.001, 0.0318108, 0.0535437, 0.0600997, 0.0605746, 0.0931186, 0.100563, 0.109774, 0.121441, 0.207853, 0.216759, 1, 

21,26,0.001, 0.0318588, 0.0535437, 0.0600997, 0.0605746, 0.0931186, 0.100563, 0.109774, 0.121441, 0.207853, 0.740064, 1, 

29,14,0.0318588, 0.0318108, 0.0535437, 0.0600997, 0.0605746, 0.0931186, 0.100563, 0.109774, 0.121441, 0.207853, 0.216759, 0.226439, 0.323529, 0.351778, 0.792494, 0.987471, 1, 

Generation #38
41,13,0.001, 0.0318108, 0.0535437, 0.0600997, 0.0605746, 0.0931186, 0.100563, 0.109774, 0.121441, 0.207853, 0.216759, 0.226439, 0.323529, 0.351778, 0.356101, 0.377087, 0.467578, 0.636307, 0.65653, 0.698524, 0.703408, 0.771074, 0.778091, 0.786516, 0.788491, 0.844145, 0.930736, 0.978788, 0.979008, 1, 

23,21,0.001, 0.0520482, 0.0535437, 0.0600997, 0.0605746, 0.0931186, 0.100563, 0.109774, 0.346529, 0.372705, 0.216759, 1, 

26,15,0.001, 0.0520482, 0.0669722, 0.0600997, 0.0605746, 0.0931186, 0.100563, 0.109774, 0.121441, 0.207853, 0.216759, 0.226439, 0.323529, 0.351778, 0.792494, 0.987471, 1, 

24,16,0.001, 0.0318108, 0.0535437, 0.0600997, 0.0605746, 0.0931186, 0.100563, 0.109774, 0.121441, 0.207853, 0.216759, 1, 

21,26,0.001, 0.0318588, 0.0535437, 0.0600997, 0.0605746, 0.0931186, 0.100563, 0.109774, 0.121441, 0.207853, 0.740064, 1, 

29,14,0.0318588, 0.0318108, 0.0535437, 0.0600997, 0.0605746, 0.0931186, 0.100563, 0.109774, 0.121441, 0.207853, 0.216759, 0.226439, 0.323529, 0.351778, 0.792494, 0.987471, 1, 

Generation #39
41,13,0.001, 0.0318108, 0.0535437, 0.0600997, 0.0605746, 0.0931186, 0.100563, 0.109774, 0.121441, 0.207853, 0.216759, 0.226439, 0.323529, 0.351778, 0.356101, 0.377087, 0.467578, 0.636307, 0.65653, 0.698524, 0.703408, 0.771074, 0.778091, 0.786516, 0.788491, 0.844145, 0.930736, 0.978788, 0.979008, 1, 

23,21,0.001, 0.0520482, 0.0535437, 0.0600997, 0.0605746, 0.0931186, 0.100563, 0.109774, 0.346529, 0.372705, 0.216759, 1, 

26,15,0.001, 0.0520482, 0.0669722, 0.0600997, 0.0605746, 0.0931186, 0.100563, 0.109774, 0.121441, 0.207853, 0.216759, 0.226439, 0.323529, 0.351778, 0.792494, 0.987471, 1, 

24,16,0.001, 0.0318108, 0.0535437, 0.0600997, 0.0605746, 0.0931186, 0.100563, 0.109774, 0.121441, 0.207853, 0.216759, 1, 

21,26,0.001, 0.0318588, 0.0535437, 0.0600997, 0.0605746, 0.0931186, 0.100563, 0.109774, 0.121441, 0.207853, 0.740064, 1, 

29,14,0.0318588, 0.0318108, 0.0535437, 0.0600997, 0.0605746, 0.0931186, 0.100563, 0.109774, 0.121441, 0.207853, 0.216759, 0.226439, 0.323529, 0.351778, 0.792494, 0.987471, 1, 

Generation #40
21,26,0.001, 0.0318588, 0.0535437, 0.0600997, 0.0605746, 0.0931186, 0.100563, 0.109774, 0.121441, 0.207853, 0.740064, 1, 

23,9,0.0318588, 0.0318108, 0.0535437, 0.0600997, 0.0605746, 0.0931186, 0.184645, 0.204301, 0.346529, 0.372705, 0.216759, 1, 

Generation #41
21,26,0.001, 0.0318588, 0.0535437, 0.0600997, 0.0605746, 0.0931186, 0.100563, 0.109774, 0.121441, 0.207853, 0.740064, 1, 

23,9,0.0318588, 0.0318108, 0.0535437, 0.0600997, 0.0605746, 0.0931186, 0.184645, 0.204301, 0.346529, 0.372705, 0.216759, 1, 

Generation #42
21,26,0.001, 0.0318588, 0.0535437, 0.0600997, 0.0605746, 0.0931186, 0.100563, 0.109774, 0.121441, 0.207853, 0.740064, 1, 

23,9,0.0318588, 0.0318108, 0.0535437, 0.0600997, 0.0605746, 0.0931186, 0.184645, 0.204301, 0.346529, 0.372705, 0.216759, 1, 

Generation #43
21,26,0.001, 0.0318588, 0.0535437, 0.0600997, 0.0605746, 0.0931186, 0.100563, 0.109774, 0.121441, 0.207853, 0.740064, 1, 

23,9,0.0318588, 0.0318108, 0.0535437, 0.0600997, 0.0605746, 0.0931186, 0.184645, 0.204301, 0.346529, 0.372705, 0.216759, 1, 

Generation #44
21,26,0.001, 0.0318588, 0.0535437, 0.0600997, 0.0605746, 0.0931186, 0.100563, 0.109774, 0.121441, 0.207853, 0.740064, 1, 

23,9,0.0318588, 0.0318108, 0.0535437, 0.0600997, 0.0605746, 0.0931186, 0.184645, 0.204301, 0.346529, 0.372705, 0.216759, 1, 

Generation #45
21,26,0.001, 0.0318588, 0.0535437, 0.0600997, 0.0605746, 0.0931186, 0.100563, 0.109774, 0.121441, 0.207853, 0.740064, 1, 

23,9,0.0318588, 0.0318108, 0.0535437, 0.0600997, 0.0605746, 0.0931186, 0.184645, 0.204301, 0.346529, 0.372705, 0.216759, 1, 

Generation #46
21,26,0.001, 0.0318588, 0.0535437, 0.0600997, 0.0605746, 0.0931186, 0.100563, 0.109774, 0.121441, 0.207853, 0.740064, 1, 

23,9,0.0318588, 0.0318108, 0.0535437, 0.0600997, 0.0605746, 0.0931186, 0.184645, 0.204301, 0.346529, 0.372705, 0.216759, 1, 

Generation #47
21,26,0.001, 0.0318588, 0.0535437, 0.0600997, 0.0605746, 0.0931186, 0.100563, 0.109774, 0.121441, 0.207853, 0.740064, 1, 

23,9,0.0318588, 0.0318108, 0.0535437, 0.0600997, 0.0605746, 0.0931186, 0.184645, 0.204301, 0.346529, 0.372705, 0.216759, 1, 

Generation #48
21,26,0.001, 0.0318588, 0.0535437, 0.0600997, 0.0605746, 0.0931186, 0.100563, 0.109774, 0.121441, 0.207853, 0.740064, 1, 

23,9,0.0318588, 0.0318108, 0.0535437, 0.0600997, 0.0605746, 0.0931186, 0.184645, 0.204301, 0.346529, 0.372705, 0.216759, 1, 

Generation #49
21,26,0.001, 0.0318588, 0.0535437, 0.0600997, 0.0605746, 0.0931186, 0.100563, 0.109774, 0.121441, 0.207853, 0.740064, 1, 

23,9,0.0318588, 0.0318108, 0.0535437, 0.0600997, 0.0605746, 0.0931186, 0.184645, 0.204301, 0.346529, 0.372705, 0.216759, 1, 

--- Pareto Front Solutions ---
Solution 0: N total=77 (N_initial=56, N_added=21), Time total=43 ms, Saved to: ./results/SPINV_t2_l2_pareto_0.csv, percents=0.001, 0.0318588, 0.0535437, 0.0600997, 0.0605746, 0.0931186, 0.100563, 0.109774, 0.121441, 0.207853, 0.740064, 1, 

Solution 1: N total=79 (N_initial=56, N_added=23), Time total=26 ms, Saved to: ./results/SPINV_t2_l2_pareto_1.csv, percents=0.0318588, 0.0318108, 0.0535437, 0.0600997, 0.0605746, 0.0931186, 0.184645, 0.204301, 0.346529, 0.372705, 0.216759, 1, 

------------d=1, t=2, lambda=3, filename=./evaluation/SPINV/SPINV_2_3.csv------------
Computing partitioned counts of d-sets...
Ready to look at pairs based on partitioned counts...
First Stage N=64, Time=16
There are 102 remaining non-locating pairs
--- Running GA Algorithm (phase2) ---
Running GA with std::execution::par
Generation #0
37,34,0.001, 0.0682965, 0.125997, 0.149939, 0.200881, 0.349011, 0.377996, 0.379769, 0.490378, 0.515879, 0.584483, 0.665618, 0.693135, 0.756457, 0.772603, 0.899833, 0.901676, 1, 

34,41,0.001, 0.136217, 0.175096, 0.365102, 0.423366, 0.429611, 0.571556, 0.613958, 0.695995, 0.904617, 1, 

48,22,0.001, 0.0418839, 0.0478251, 0.0502696, 0.0508636, 0.0598672, 0.0714873, 0.0819212, 0.11022, 0.111297, 0.126803, 0.195985, 0.246168, 0.254981, 0.284757, 0.327615, 0.389695, 0.443172, 0.482942, 0.485739, 0.588289, 0.760113, 0.816476, 0.823995, 0.828742, 0.945322, 1, 

29,50,0.001, 0.070107, 0.0706535, 0.115059, 0.137516, 0.348828, 0.359707, 0.493971, 0.546893, 0.833828, 0.891463, 1, 

39,32,0.001, 0.079433, 0.08518, 0.0871238, 0.0888873, 0.0998233, 0.105412, 0.156244, 0.211636, 0.374852, 0.375446, 0.521629, 0.636656, 0.655284, 0.857227, 0.952461, 0.954092, 1, 

44,25,0.001, 0.0678306, 0.0697865, 0.124503, 0.169034, 0.192395, 0.234432, 0.264483, 0.269873, 0.323389, 0.327312, 0.328517, 0.352741, 0.364073, 0.377439, 0.421127, 0.442842, 0.485974, 0.524374, 0.558596, 0.6073, 0.631118, 0.672282, 0.70828, 0.727193, 0.730251, 0.73256, 0.752563, 0.893659, 1, 

33,43,0.001, 0.077278, 0.121606, 0.174094, 0.186174, 0.486082, 0.524878, 0.540865, 0.71302, 0.749451, 0.759899, 0.989516, 0.994656, 1, 

Generation #1
29,50,0.001, 0.070107, 0.0706535, 0.115059, 0.137516, 0.348828, 0.359707, 0.493971, 0.546893, 0.833828, 0.891463, 1, 

37,19,0.001, 0.0418839, 0.0478251, 0.0502696, 0.0508636, 0.0598672, 0.164585, 0.0714873, 0.0819212, 0.425505, 0.442314, 0.573525, 0.599949, 0.616529, 0.700138, 0.937734, 0.950908, 1, 

38,13,0.001, 0.0474184, 0.0208854, 0.0268427, 0.0287759, 0.0319527, 0.0585509, 0.0533827, 0.184526, 0.239279, 0.263065, 0.265775, 0.303994, 0.319484, 0.370027, 0.586996, 0.613131, 0.628415, 0.632148, 0.653232, 0.746423, 0.812188, 0.815195, 0.912475, 0.976124, 0.980976, 1, 

30,36,0.001, 0.0352601, 0.0897102, 0.125133, 0.126628, 0.142212, 0.221047, 0.223549, 0.242067, 0.98156, 1, 

Generation #2
29,50,0.001, 0.070107, 0.0706535, 0.115059, 0.137516, 0.348828, 0.359707, 0.493971, 0.546893, 0.833828, 0.891463, 1, 

37,19,0.001, 0.0418839, 0.0478251, 0.0502696, 0.0508636, 0.0598672, 0.164585, 0.0714873, 0.0819212, 0.425505, 0.442314, 0.573525, 0.599949, 0.616529, 0.700138, 0.937734, 0.950908, 1, 

38,13,0.001, 0.0474184, 0.0208854, 0.0268427, 0.0287759, 0.0319527, 0.0585509, 0.0533827, 0.184526, 0.239279, 0.263065, 0.265775, 0.303994, 0.319484, 0.370027, 0.586996, 0.613131, 0.628415, 0.632148, 0.653232, 0.746423, 0.812188, 0.815195, 0.912475, 0.976124, 0.980976, 1, 

30,36,0.001, 0.0352601, 0.0897102, 0.125133, 0.126628, 0.142212, 0.221047, 0.223549, 0.242067, 0.98156, 1, 

36,25,0.001, 0.0418839, 0.0478251, 0.0502696, 0.0508636, 0.0598672, 0.240522, 0.294256, 0.299822, 0.356137, 0.358071, 0.364361, 0.427365, 0.458138, 0.483126, 0.492422, 1, 

35,32,0.001, 0.021817, 0.0660405, 0.102185, 0.139268, 0.34679, 0.674542, 0.689635, 0.735555, 0.872032, 1, 

Generation #3
37,19,0.001, 0.0418839, 0.0478251, 0.0502696, 0.0508636, 0.0598672, 0.164585, 0.0714873, 0.0819212, 0.425505, 0.442314, 0.573525, 0.599949, 0.616529, 0.700138, 0.937734, 0.950908, 1, 

38,13,0.001, 0.0474184, 0.0208854, 0.0268427, 0.0287759, 0.0319527, 0.0585509, 0.0533827, 0.184526, 0.239279, 0.263065, 0.265775, 0.303994, 0.319484, 0.370027, 0.586996, 0.613131, 0.628415, 0.632148, 0.653232, 0.746423, 0.812188, 0.815195, 0.912475, 0.976124, 0.980976, 1, 

26,34,0.001, 0.0455186, 0.048036, 0.0490959, 0.0563921, 0.0977231, 0.109016, 0.0184776, 0.11022, 0.111297, 1, 

30,28,0.001, 0.0418839, 0.0478251, 0.0502696, 0.0508636, 0.0598672, 0.240522, 0.294256, 0.749451, 1, 

33,25,0.001, 0.0474184, 0.0208854, 0.0268427, 0.0287759, 0.0319527, 0.0585509, 0.0533827, 0.184526, 0.239279, 0.263065, 0.265775, 0.303994, 0.319484, 0.370027, 0.586996, 0.950908, 1, 

Generation #4
37,19,0.001, 0.0418839, 0.0478251, 0.0502696, 0.0508636, 0.0598672, 0.164585, 0.0714873, 0.0819212, 0.425505, 0.442314, 0.573525, 0.599949, 0.616529, 0.700138, 0.937734, 0.950908, 1, 

38,13,0.001, 0.0474184, 0.0208854, 0.0268427, 0.0287759, 0.0319527, 0.0585509, 0.0533827, 0.184526, 0.239279, 0.263065, 0.265775, 0.303994, 0.319484, 0.370027, 0.586996, 0.613131, 0.628415, 0.632148, 0.653232, 0.746423, 0.812188, 0.815195, 0.912475, 0.976124, 0.980976, 1, 

26,34,0.001, 0.0455186, 0.048036, 0.0490959, 0.0563921, 0.0977231, 0.109016, 0.0184776, 0.11022, 0.111297, 1, 

30,28,0.001, 0.0418839, 0.0478251, 0.0502696, 0.0508636, 0.0598672, 0.240522, 0.294256, 0.749451, 1, 

33,25,0.001, 0.0474184, 0.0208854, 0.0268427, 0.0287759, 0.0319527, 0.0585509, 0.0533827, 0.184526, 0.239279, 0.263065, 0.265775, 0.303994, 0.319484, 0.370027, 0.586996, 0.950908, 1, 

Generation #5
38,13,0.001, 0.0474184, 0.0208854, 0.0268427, 0.0287759, 0.0319527, 0.0585509, 0.0533827, 0.184526, 0.239279, 0.263065, 0.265775, 0.303994, 0.319484, 0.370027, 0.586996, 0.613131, 0.628415, 0.632148, 0.653232, 0.746423, 0.812188, 0.815195, 0.912475, 0.976124, 0.980976, 1, 

26,34,0.001, 0.0455186, 0.048036, 0.0490959, 0.0563921, 0.0977231, 0.109016, 0.0184776, 0.11022, 0.111297, 1, 

30,28,0.001, 0.0418839, 0.0478251, 0.0502696, 0.0508636, 0.0598672, 0.240522, 0.294256, 0.749451, 1, 

33,25,0.001, 0.0474184, 0.0208854, 0.0268427, 0.0287759, 0.0319527, 0.0585509, 0.0533827, 0.184526, 0.239279, 0.263065, 0.265775, 0.303994, 0.319484, 0.370027, 0.586996, 0.950908, 1, 

35,18,0.001, 0.0418839, 0.0478251, 0.0502696, 0.0508636, 0.0598672, 0.0714873, 0.0819212, 0.11022, 0.111297, 0.126803, 0.195985, 0.599949, 0.616529, 0.700138, 0.937734, 0.950908, 1, 

Generation #6
38,13,0.001, 0.0474184, 0.0208854, 0.0268427, 0.0287759, 0.0319527, 0.0585509, 0.0533827, 0.184526, 0.239279, 0.263065, 0.265775, 0.303994, 0.319484, 0.370027, 0.586996, 0.613131, 0.628415, 0.632148, 0.653232, 0.746423, 0.812188, 0.815195, 0.912475, 0.976124, 0.980976, 1, 

26,34,0.001, 0.0455186, 0.048036, 0.0490959, 0.0563921, 0.0977231, 0.109016, 0.0184776, 0.11022, 0.111297, 1, 

31,22,0.001, 0.0418839, 0.0478251, 0.0502696, 0.0508636, 0.0598672, 0.0714873, 0.0819212, 0.11022, 0.111297, 0.358071, 0.364361, 0.427365, 0.458138, 0.483126, 0.492422, 1, 

35,17,0.001, 0.0474184, 0.0208854, 0.0268427, 0.0287759, 0.0319527, 0.0585509, 0.0533827, 0.184526, 0.239279, 0.263065, 0.265775, 0.303994, 0.319484, 0.370027, 0.492422, 1, 

36,15,0.001, 0.0418839, 0.0478251, 0.0502696, 0.0508636, 0.0977231, 0.109016, 0.0184776, 0.11022, 0.111297, 0.126803, 0.195985, 0.246168, 0.254981, 0.284757, 0.489074, 0.327615, 0.389695, 0.443172, 0.482942, 1, 

28,24,0.001, 0.0301104, 0.0374473, 0.0656148, 0.111754, 0.120764, 0.222953, 0.227442, 0.11022, 0.111297, 0.126803, 0.195985, 0.246168, 1, 

Generation #7
38,13,0.001, 0.0474184, 0.0208854, 0.0268427, 0.0287759, 0.0319527, 0.0585509, 0.0533827, 0.184526, 0.239279, 0.263065, 0.265775, 0.303994, 0.319484, 0.370027, 0.586996, 0.613131, 0.628415, 0.632148, 0.653232, 0.746423, 0.812188, 0.815195, 0.912475, 0.976124, 0.980976, 1, 

26,34,0.001, 0.0455186, 0.048036, 0.0490959, 0.0563921, 0.0977231, 0.109016, 0.0184776, 0.11022, 0.111297, 1, 

31,22,0.001, 0.0418839, 0.0478251, 0.0502696, 0.0508636, 0.0598672, 0.0714873, 0.0819212, 0.11022, 0.111297, 0.358071, 0.364361, 0.427365, 0.458138, 0.483126, 0.492422, 1, 

35,17,0.001, 0.0474184, 0.0208854, 0.0268427, 0.0287759, 0.0319527, 0.0585509, 0.0533827, 0.184526, 0.239279, 0.263065, 0.265775, 0.303994, 0.319484, 0.370027, 0.492422, 1, 

36,15,0.001, 0.0418839, 0.0478251, 0.0502696, 0.0508636, 0.0977231, 0.109016, 0.0184776, 0.11022, 0.111297, 0.126803, 0.195985, 0.246168, 0.254981, 0.284757, 0.489074, 0.327615, 0.389695, 0.443172, 0.482942, 1, 

28,24,0.001, 0.0301104, 0.0374473, 0.0656148, 0.111754, 0.120764, 0.222953, 0.227442, 0.11022, 0.111297, 0.126803, 0.195985, 0.246168, 1, 

33,18,0.001, 0.0418839, 0.0478251, 0.050096, 0.0508636, 0.0598672, 0.164585, 0.0714873, 0.0819212, 0.111297, 0.126803, 0.195985, 0.254981, 0.458138, 0.483126, 0.492422, 1, 

Generation #8
38,13,0.001, 0.0474184, 0.0208854, 0.0268427, 0.0287759, 0.0319527, 0.0585509, 0.0533827, 0.184526, 0.239279, 0.263065, 0.265775, 0.303994, 0.319484, 0.370027, 0.586996, 0.613131, 0.628415, 0.632148, 0.653232, 0.746423, 0.812188, 0.815195, 0.912475, 0.976124, 0.980976, 1, 

26,34,0.001, 0.0455186, 0.048036, 0.0490959, 0.0563921, 0.0977231, 0.109016, 0.0184776, 0.11022, 0.111297, 1, 

31,22,0.001, 0.0418839, 0.0478251, 0.0502696, 0.0508636, 0.0598672, 0.0714873, 0.0819212, 0.11022, 0.111297, 0.358071, 0.364361, 0.427365, 0.458138, 0.483126, 0.492422, 1, 

28,24,0.001, 0.0301104, 0.0374473, 0.0656148, 0.111754, 0.120764, 0.222953, 0.227442, 0.11022, 0.111297, 0.126803, 0.195985, 0.246168, 1, 

33,15,0.001, 0.0301104, 0.0374473, 0.0656148, 0.111754, 0.0977231, 0.109016, 0.0184776, 0.11022, 0.111297, 0.126803, 0.364361, 0.427365, 0.644596, 0.458138, 0.483126, 0.492422, 1, 

27,27,0.001, 0.0455186, 0.048036, 0.0490959, 0.0563921, 0.0977231, 0.109016, 0.140321, 0.202216, 0.309636, 1, 

Generation #9
38,13,0.001, 0.0474184, 0.0208854, 0.0268427, 0.0287759, 0.0319527, 0.0585509, 0.0533827, 0.184526, 0.239279, 0.263065, 0.265775, 0.303994, 0.319484, 0.370027, 0.586996, 0.613131, 0.628415, 0.632148, 0.653232, 0.746423, 0.812188, 0.815195, 0.912475, 0.976124, 0.980976, 1, 

26,34,0.001, 0.0455186, 0.048036, 0.0490959, 0.0563921, 0.0977231, 0.109016, 0.0184776, 0.11022, 0.111297, 1, 

31,22,0.001, 0.0418839, 0.0478251, 0.0502696, 0.0508636, 0.0598672, 0.0714873, 0.0819212, 0.11022, 0.111297, 0.358071, 0.364361, 0.427365, 0.458138, 0.483126, 0.492422, 1, 

28,24,0.001, 0.0301104, 0.0374473, 0.0656148, 0.111754, 0.120764, 0.222953, 0.227442, 0.11022, 0.111297, 0.126803, 0.195985, 0.246168, 1, 

33,15,0.001, 0.0301104, 0.0374473, 0.0656148, 0.111754, 0.0977231, 0.109016, 0.0184776, 0.11022, 0.111297, 0.126803, 0.364361, 0.427365, 0.644596, 0.458138, 0.483126, 0.492422, 1, 

27,27,0.001, 0.0455186, 0.048036, 0.0490959, 0.0563921, 0.0977231, 0.109016, 0.140321, 0.202216, 0.309636, 1, 

Generation #10
26,34,0.001, 0.0455186, 0.048036, 0.0490959, 0.0563921, 0.0977231, 0.109016, 0.0184776, 0.11022, 0.111297, 1, 

28,24,0.001, 0.0301104, 0.0374473, 0.0656148, 0.111754, 0.120764, 0.222953, 0.227442, 0.11022, 0.111297, 0.126803, 0.195985, 0.246168, 1, 

27,27,0.001, 0.0455186, 0.048036, 0.0490959, 0.0563921, 0.0977231, 0.109016, 0.140321, 0.202216, 0.309636, 1, 

32,12,0.001, 0.0301104, 0.0374473, 0.0656148, 0.111754, 0.0977231, 0.109016, 0.11022, 0.111297, 0.126803, 0.364361, 0.427365, 0.644596, 0.458138, 0.483126, 0.492422, 0.389695, 0.443172, 0.482942, 1, 

31,15,0.001, 0.0455186, 0.048036, 0.0490959, 0.0563921, 0.0977231, 0.0714873, 0.0819212, 0.11022, 0.111297, 0.126803, 0.195985, 0.254981, 0.458138, 0.483126, 0.492422, 1, 

Generation #11
26,34,0.001, 0.0455186, 0.048036, 0.0490959, 0.0563921, 0.0977231, 0.109016, 0.0184776, 0.11022, 0.111297, 1, 

28,24,0.001, 0.0301104, 0.0374473, 0.0656148, 0.111754, 0.120764, 0.222953, 0.227442, 0.11022, 0.111297, 0.126803, 0.195985, 0.246168, 1, 

27,27,0.001, 0.0455186, 0.048036, 0.0490959, 0.0563921, 0.0977231, 0.109016, 0.140321, 0.202216, 0.309636, 1, 

32,12,0.001, 0.0301104, 0.0374473, 0.0656148, 0.111754, 0.0977231, 0.109016, 0.11022, 0.111297, 0.126803, 0.364361, 0.427365, 0.644596, 0.458138, 0.483126, 0.492422, 0.389695, 0.443172, 0.482942, 1, 

31,15,0.001, 0.0455186, 0.048036, 0.0490959, 0.0563921, 0.0977231, 0.0714873, 0.0819212, 0.11022, 0.111297, 0.126803, 0.195985, 0.254981, 0.458138, 0.483126, 0.492422, 1, 

Generation #12
26,34,0.001, 0.0455186, 0.048036, 0.0490959, 0.0563921, 0.0977231, 0.109016, 0.0184776, 0.11022, 0.111297, 1, 

28,24,0.001, 0.0301104, 0.0374473, 0.0656148, 0.111754, 0.120764, 0.222953, 0.227442, 0.11022, 0.111297, 0.126803, 0.195985, 0.246168, 1, 

27,27,0.001, 0.0455186, 0.048036, 0.0490959, 0.0563921, 0.0977231, 0.109016, 0.140321, 0.202216, 0.309636, 1, 

32,12,0.001, 0.0301104, 0.0374473, 0.0656148, 0.111754, 0.0977231, 0.109016, 0.11022, 0.111297, 0.126803, 0.364361, 0.427365, 0.644596, 0.458138, 0.483126, 0.492422, 0.389695, 0.443172, 0.482942, 1, 

31,15,0.001, 0.0455186, 0.048036, 0.0490959, 0.0563921, 0.0977231, 0.0714873, 0.0819212, 0.11022, 0.111297, 0.126803, 0.195985, 0.254981, 0.458138, 0.483126, 0.492422, 1, 

30,23,0.001, 0.0474184, 0.0208854, 0.0268427, 0.0287759, 0.0319527, 0.0585509, 0.227442, 0.11022, 0.111297, 0.126803, 0.195985, 0.246168, 1, 

33,10,0.001, 0.0540639, 0.0478251, 0.0502696, 0.0508636, 0.0598672, 0.0714873, 0.0819212, 0.121484, 0.111297, 0.126803, 0.195985, 0.246168, 0.254981, 0.489074, 0.327615, 0.389695, 0.443172, 0.482942, 1, 

Generation #13
26,34,0.001, 0.0455186, 0.048036, 0.0490959, 0.0563921, 0.0977231, 0.109016, 0.0184776, 0.11022, 0.111297, 1, 

28,24,0.001, 0.0301104, 0.0374473, 0.0656148, 0.111754, 0.120764, 0.222953, 0.227442, 0.11022, 0.111297, 0.126803, 0.195985, 0.246168, 1, 

27,27,0.001, 0.0455186, 0.048036, 0.0490959, 0.0563921, 0.0977231, 0.109016, 0.140321, 0.202216, 0.309636, 1, 

31,15,0.001, 0.0455186, 0.048036, 0.0490959, 0.0563921, 0.0977231, 0.0714873, 0.0819212, 0.11022, 0.111297, 0.126803, 0.195985, 0.254981, 0.458138, 0.483126, 0.492422, 1, 

30,23,0.001, 0.0474184, 0.0208854, 0.0268427, 0.0287759, 0.0319527, 0.0585509, 0.227442, 0.11022, 0.111297, 0.126803, 0.195985, 0.246168, 1, 

33,10,0.001, 0.0540639, 0.0478251, 0.0502696, 0.0508636, 0.0598672, 0.0714873, 0.0819212, 0.121484, 0.111297, 0.126803, 0.195985, 0.246168, 0.254981, 0.489074, 0.327615, 0.389695, 0.443172, 0.482942, 1, 

32,11,0.001, 0.0455186, 0.048036, 0.0490959, 0.0563921, 0.0977231, 0.109016, 0.140321, 0.11022, 0.111297, 0.126803, 0.195985, 0.246168, 0.254981, 0.284757, 0.327615, 0.389695, 0.443172, 0.482942, 1, 

Generation #14
28,24,0.001, 0.0301104, 0.0374473, 0.0656148, 0.111754, 0.120764, 0.222953, 0.227442, 0.11022, 0.111297, 0.126803, 0.195985, 0.246168, 1, 

31,15,0.001, 0.0455186, 0.048036, 0.0490959, 0.0563921, 0.0977231, 0.0714873, 0.0819212, 0.11022, 0.111297, 0.126803, 0.195985, 0.254981, 0.458138, 0.483126, 0.492422, 1, 

30,23,0.001, 0.0474184, 0.0208854, 0.0268427, 0.0287759, 0.0319527, 0.0585509, 0.227442, 0.11022, 0.111297, 0.126803, 0.195985, 0.246168, 1, 

33,10,0.001, 0.0540639, 0.0478251, 0.0502696, 0.0508636, 0.0598672, 0.0714873, 0.0819212, 0.121484, 0.111297, 0.126803, 0.195985, 0.246168, 0.254981, 0.489074, 0.327615, 0.389695, 0.443172, 0.482942, 1, 

32,11,0.001, 0.0455186, 0.048036, 0.0490959, 0.0563921, 0.0977231, 0.109016, 0.140321, 0.11022, 0.111297, 0.126803, 0.195985, 0.246168, 0.254981, 0.284757, 0.327615, 0.389695, 0.443172, 0.482942, 1, 

26,26,0.001, 0.0455186, 0.048036, 0.0490959, 0.0563921, 0.0977231, 0.109016, 0.0184776, 0.184526, 0.239279, 1, 

Generation #15
31,15,0.001, 0.0455186, 0.048036, 0.0490959, 0.0563921, 0.0977231, 0.0714873, 0.0819212, 0.11022, 0.111297, 0.126803, 0.195985, 0.254981, 0.458138, 0.483126, 0.492422, 1, 

33,10,0.001, 0.0540639, 0.0478251, 0.0502696, 0.0508636, 0.0598672, 0.0714873, 0.0819212, 0.121484, 0.111297, 0.126803, 0.195985, 0.246168, 0.254981, 0.489074, 0.327615, 0.389695, 0.443172, 0.482942, 1, 

32,11,0.001, 0.0455186, 0.048036, 0.0490959, 0.0563921, 0.0977231, 0.109016, 0.140321, 0.11022, 0.111297, 0.126803, 0.195985, 0.246168, 0.254981, 0.284757, 0.327615, 0.389695, 0.443172, 0.482942, 1, 

24,22,0.001, 0.0540639, 0.0478251, 0.0502696, 0.0508636, 0.0598672, 0.0714873, 0.0819212, 0.11022, 0.111297, 0.126803, 0.195985, 0.246168, 1, 

Generation #16
31,15,0.001, 0.0455186, 0.048036, 0.0490959, 0.0563921, 0.0977231, 0.0714873, 0.0819212, 0.11022, 0.111297, 0.126803, 0.195985, 0.254981, 0.458138, 0.483126, 0.492422, 1, 

33,10,0.001, 0.0540639, 0.0478251, 0.0502696, 0.0508636, 0.0598672, 0.0714873, 0.0819212, 0.121484, 0.111297, 0.126803, 0.195985, 0.246168, 0.254981, 0.489074, 0.327615, 0.389695, 0.443172, 0.482942, 1, 

32,11,0.001, 0.0455186, 0.048036, 0.0490959, 0.0563921, 0.0977231, 0.109016, 0.140321, 0.11022, 0.111297, 0.126803, 0.195985, 0.246168, 0.254981, 0.284757, 0.327615, 0.389695, 0.443172, 0.482942, 1, 

24,22,0.001, 0.0540639, 0.0478251, 0.0502696, 0.0508636, 0.0598672, 0.0714873, 0.0819212, 0.11022, 0.111297, 0.126803, 0.195985, 0.246168, 1, 

29,18,0.001, 0.0301104, 0.0374473, 0.0656148, 0.111754, 0.0977231, 0.109016, 0.11022, 0.111297, 0.126803, 0.111297, 0.126803, 1, 

26,21,0.001, 0.0301104, 0.0374473, 0.0656148, 0.0563921, 0.0977231, 0.109016, 0.0184776, 0.11022, 0.111297, 1, 

Generation #17
31,15,0.001, 0.0455186, 0.048036, 0.0490959, 0.0563921, 0.0977231, 0.0714873, 0.0819212, 0.11022, 0.111297, 0.126803, 0.195985, 0.254981, 0.458138, 0.483126, 0.492422, 1, 

33,10,0.001, 0.0540639, 0.0478251, 0.0502696, 0.0508636, 0.0598672, 0.0714873, 0.0819212, 0.121484, 0.111297, 0.126803, 0.195985, 0.246168, 0.254981, 0.489074, 0.327615, 0.389695, 0.443172, 0.482942, 1, 

32,11,0.001, 0.0455186, 0.048036, 0.0490959, 0.0563921, 0.0977231, 0.109016, 0.140321, 0.11022, 0.111297, 0.126803, 0.195985, 0.246168, 0.254981, 0.284757, 0.327615, 0.389695, 0.443172, 0.482942, 1, 

24,22,0.001, 0.0540639, 0.0478251, 0.0502696, 0.0508636, 0.0598672, 0.0714873, 0.0819212, 0.11022, 0.111297, 0.126803, 0.195985, 0.246168, 1, 

26,21,0.001, 0.0301104, 0.0374473, 0.0656148, 0.0563921, 0.0977231, 0.109016, 0.0184776, 0.11022, 0.111297, 1, 

28,16,0.001, 0.0418839, 0.0478251, 0.0508636, 0.0598672, 0.0714873, 0.0819212, 0.11022, 0.111297, 0.126803, 0.126803, 0.195985, 0.246168, 1, 

Generation #18
31,15,0.001, 0.0455186, 0.048036, 0.0490959, 0.0563921, 0.0977231, 0.0714873, 0.0819212, 0.11022, 0.111297, 0.126803, 0.195985, 0.254981, 0.458138, 0.483126, 0.492422, 1, 

33,10,0.001, 0.0540639, 0.0478251, 0.0502696, 0.0508636, 0.0598672, 0.0714873, 0.0819212, 0.121484, 0.111297, 0.126803, 0.195985, 0.246168, 0.254981, 0.489074, 0.327615, 0.389695, 0.443172, 0.482942, 1, 

32,11,0.001, 0.0455186, 0.048036, 0.0490959, 0.0563921, 0.0977231, 0.109016, 0.140321, 0.11022, 0.111297, 0.126803, 0.195985, 0.246168, 0.254981, 0.284757, 0.327615, 0.389695, 0.443172, 0.482942, 1, 

24,22,0.001, 0.0540639, 0.0478251, 0.0502696, 0.0508636, 0.0598672, 0.0714873, 0.0819212, 0.11022, 0.111297, 0.126803, 0.195985, 0.246168, 1, 

26,21,0.001, 0.0301104, 0.0374473, 0.0656148, 0.0563921, 0.0977231, 0.109016, 0.0184776, 0.11022, 0.111297, 1, 

28,16,0.001, 0.0418839, 0.0478251, 0.0508636, 0.0598672, 0.0714873, 0.0819212, 0.11022, 0.111297, 0.126803, 0.126803, 0.195985, 0.246168, 1, 

Generation #19
31,15,0.001, 0.0455186, 0.048036, 0.0490959, 0.0563921, 0.0977231, 0.0714873, 0.0819212, 0.11022, 0.111297, 0.126803, 0.195985, 0.254981, 0.458138, 0.483126, 0.492422, 1, 

33,10,0.001, 0.0540639, 0.0478251, 0.0502696, 0.0508636, 0.0598672, 0.0714873, 0.0819212, 0.121484, 0.111297, 0.126803, 0.195985, 0.246168, 0.254981, 0.489074, 0.327615, 0.389695, 0.443172, 0.482942, 1, 

32,11,0.001, 0.0455186, 0.048036, 0.0490959, 0.0563921, 0.0977231, 0.109016, 0.140321, 0.11022, 0.111297, 0.126803, 0.195985, 0.246168, 0.254981, 0.284757, 0.327615, 0.389695, 0.443172, 0.482942, 1, 

24,22,0.001, 0.0540639, 0.0478251, 0.0502696, 0.0508636, 0.0598672, 0.0714873, 0.0819212, 0.11022, 0.111297, 0.126803, 0.195985, 0.246168, 1, 

26,21,0.001, 0.0301104, 0.0374473, 0.0656148, 0.0563921, 0.0977231, 0.109016, 0.0184776, 0.11022, 0.111297, 1, 

28,16,0.001, 0.0418839, 0.0478251, 0.0508636, 0.0598672, 0.0714873, 0.0819212, 0.11022, 0.111297, 0.126803, 0.126803, 0.195985, 0.246168, 1, 

23,114,0.001, 0.0102076, 0.0208854, 0.0268427, 0.0287759, 0.0319527, 0.0585509, 0.121484, 1, 

Generation #20
24,22,0.001, 0.0540639, 0.0478251, 0.0502696, 0.0508636, 0.0598672, 0.0714873, 0.0819212, 0.11022, 0.111297, 0.126803, 0.195985, 0.246168, 1, 

26,21,0.001, 0.0301104, 0.0374473, 0.0656148, 0.0563921, 0.0977231, 0.109016, 0.0184776, 0.11022, 0.111297, 1, 

28,16,0.001, 0.0418839, 0.0478251, 0.0508636, 0.0598672, 0.0714873, 0.0819212, 0.11022, 0.111297, 0.126803, 0.126803, 0.195985, 0.246168, 1, 

23,114,0.001, 0.0102076, 0.0208854, 0.0268427, 0.0287759, 0.0319527, 0.0585509, 0.121484, 1, 

30,10,0.001, 0.0474184, 0.0208854, 0.0490959, 0.0563921, 0.0977231, 0.0714873, 0.0819212, 0.11022, 0.111297, 0.126803, 0.195985, 0.254981, 0.458138, 0.483126, 0.492422, 1, 

Generation #21
24,22,0.001, 0.0540639, 0.0478251, 0.0502696, 0.0508636, 0.0598672, 0.0714873, 0.0819212, 0.11022, 0.111297, 0.126803, 0.195985, 0.246168, 1, 

26,21,0.001, 0.0301104, 0.0374473, 0.0656148, 0.0563921, 0.0977231, 0.109016, 0.0184776, 0.11022, 0.111297, 1, 

28,16,0.001, 0.0418839, 0.0478251, 0.0508636, 0.0598672, 0.0714873, 0.0819212, 0.11022, 0.111297, 0.126803, 0.126803, 0.195985, 0.246168, 1, 

23,114,0.001, 0.0102076, 0.0208854, 0.0268427, 0.0287759, 0.0319527, 0.0585509, 0.121484, 1, 

30,10,0.001, 0.0474184, 0.0208854, 0.0490959, 0.0563921, 0.0977231, 0.0714873, 0.0819212, 0.11022, 0.111297, 0.126803, 0.195985, 0.254981, 0.458138, 0.483126, 0.492422, 1, 

27,17,0.001, 0.0418839, 0.0478251, 0.0508636, 0.0598672, 0.0714873, 0.109016, 0.11022, 0.111297, 0.126803, 0.111297, 0.126803, 1, 

Generation #22
24,22,0.001, 0.0540639, 0.0478251, 0.0502696, 0.0508636, 0.0598672, 0.0714873, 0.0819212, 0.11022, 0.111297, 0.126803, 0.195985, 0.246168, 1, 

26,21,0.001, 0.0301104, 0.0374473, 0.0656148, 0.0563921, 0.0977231, 0.109016, 0.0184776, 0.11022, 0.111297, 1, 

28,16,0.001, 0.0418839, 0.0478251, 0.0508636, 0.0598672, 0.0714873, 0.0819212, 0.11022, 0.111297, 0.126803, 0.126803, 0.195985, 0.246168, 1, 

23,114,0.001, 0.0102076, 0.0208854, 0.0268427, 0.0287759, 0.0319527, 0.0585509, 0.121484, 1, 

30,10,0.001, 0.0474184, 0.0208854, 0.0490959, 0.0563921, 0.0977231, 0.0714873, 0.0819212, 0.11022, 0.111297, 0.126803, 0.195985, 0.254981, 0.458138, 0.483126, 0.492422, 1, 

27,17,0.001, 0.0418839, 0.0478251, 0.0508636, 0.0598672, 0.0714873, 0.109016, 0.11022, 0.111297, 0.126803, 0.111297, 0.126803, 1, 

Generation #23
24,22,0.001, 0.0540639, 0.0478251, 0.0502696, 0.0508636, 0.0598672, 0.0714873, 0.0819212, 0.11022, 0.111297, 0.126803, 0.195985, 0.246168, 1, 

26,21,0.001, 0.0301104, 0.0374473, 0.0656148, 0.0563921, 0.0977231, 0.109016, 0.0184776, 0.11022, 0.111297, 1, 

28,16,0.001, 0.0418839, 0.0478251, 0.0508636, 0.0598672, 0.0714873, 0.0819212, 0.11022, 0.111297, 0.126803, 0.126803, 0.195985, 0.246168, 1, 

23,114,0.001, 0.0102076, 0.0208854, 0.0268427, 0.0287759, 0.0319527, 0.0585509, 0.121484, 1, 

30,10,0.001, 0.0474184, 0.0208854, 0.0490959, 0.0563921, 0.0977231, 0.0714873, 0.0819212, 0.11022, 0.111297, 0.126803, 0.195985, 0.254981, 0.458138, 0.483126, 0.492422, 1, 

27,17,0.001, 0.0418839, 0.0478251, 0.0508636, 0.0598672, 0.0714873, 0.109016, 0.11022, 0.111297, 0.126803, 0.111297, 0.126803, 1, 

Generation #24
24,22,0.001, 0.0540639, 0.0478251, 0.0502696, 0.0508636, 0.0598672, 0.0714873, 0.0819212, 0.11022, 0.111297, 0.126803, 0.195985, 0.246168, 1, 

26,21,0.001, 0.0301104, 0.0374473, 0.0656148, 0.0563921, 0.0977231, 0.109016, 0.0184776, 0.11022, 0.111297, 1, 

28,16,0.001, 0.0418839, 0.0478251, 0.0508636, 0.0598672, 0.0714873, 0.0819212, 0.11022, 0.111297, 0.126803, 0.126803, 0.195985, 0.246168, 1, 

23,114,0.001, 0.0102076, 0.0208854, 0.0268427, 0.0287759, 0.0319527, 0.0585509, 0.121484, 1, 

30,10,0.001, 0.0474184, 0.0208854, 0.0490959, 0.0563921, 0.0977231, 0.0714873, 0.0819212, 0.11022, 0.111297, 0.126803, 0.195985, 0.254981, 0.458138, 0.483126, 0.492422, 1, 

27,17,0.001, 0.0418839, 0.0478251, 0.0508636, 0.0598672, 0.0714873, 0.109016, 0.11022, 0.111297, 0.126803, 0.111297, 0.126803, 1, 

Generation #25
24,22,0.001, 0.0540639, 0.0478251, 0.0502696, 0.0508636, 0.0598672, 0.0714873, 0.0819212, 0.11022, 0.111297, 0.126803, 0.195985, 0.246168, 1, 

26,21,0.001, 0.0301104, 0.0374473, 0.0656148, 0.0563921, 0.0977231, 0.109016, 0.0184776, 0.11022, 0.111297, 1, 

28,16,0.001, 0.0418839, 0.0478251, 0.0508636, 0.0598672, 0.0714873, 0.0819212, 0.11022, 0.111297, 0.126803, 0.126803, 0.195985, 0.246168, 1, 

23,114,0.001, 0.0102076, 0.0208854, 0.0268427, 0.0287759, 0.0319527, 0.0585509, 0.121484, 1, 

30,10,0.001, 0.0474184, 0.0208854, 0.0490959, 0.0563921, 0.0977231, 0.0714873, 0.0819212, 0.11022, 0.111297, 0.126803, 0.195985, 0.254981, 0.458138, 0.483126, 0.492422, 1, 

27,17,0.001, 0.0418839, 0.0478251, 0.0508636, 0.0598672, 0.0714873, 0.109016, 0.11022, 0.111297, 0.126803, 0.111297, 0.126803, 1, 

Generation #26
24,22,0.001, 0.0540639, 0.0478251, 0.0502696, 0.0508636, 0.0598672, 0.0714873, 0.0819212, 0.11022, 0.111297, 0.126803, 0.195985, 0.246168, 1, 

26,21,0.001, 0.0301104, 0.0374473, 0.0656148, 0.0563921, 0.0977231, 0.109016, 0.0184776, 0.11022, 0.111297, 1, 

28,16,0.001, 0.0418839, 0.0478251, 0.0508636, 0.0598672, 0.0714873, 0.0819212, 0.11022, 0.111297, 0.126803, 0.126803, 0.195985, 0.246168, 1, 

23,114,0.001, 0.0102076, 0.0208854, 0.0268427, 0.0287759, 0.0319527, 0.0585509, 0.121484, 1, 

30,10,0.001, 0.0474184, 0.0208854, 0.0490959, 0.0563921, 0.0977231, 0.0714873, 0.0819212, 0.11022, 0.111297, 0.126803, 0.195985, 0.254981, 0.458138, 0.483126, 0.492422, 1, 

27,17,0.001, 0.0418839, 0.0478251, 0.0508636, 0.0598672, 0.0714873, 0.109016, 0.11022, 0.111297, 0.126803, 0.111297, 0.126803, 1, 

Generation #27
24,22,0.001, 0.0540639, 0.0478251, 0.0502696, 0.0508636, 0.0598672, 0.0714873, 0.0819212, 0.11022, 0.111297, 0.126803, 0.195985, 0.246168, 1, 

26,21,0.001, 0.0301104, 0.0374473, 0.0656148, 0.0563921, 0.0977231, 0.109016, 0.0184776, 0.11022, 0.111297, 1, 

23,114,0.001, 0.0102076, 0.0208854, 0.0268427, 0.0287759, 0.0319527, 0.0585509, 0.121484, 1, 

30,10,0.001, 0.0474184, 0.0208854, 0.0490959, 0.0563921, 0.0977231, 0.0714873, 0.0819212, 0.11022, 0.111297, 0.126803, 0.195985, 0.254981, 0.458138, 0.483126, 0.492422, 1, 

27,17,0.001, 0.0418839, 0.0478251, 0.0508636, 0.0598672, 0.0714873, 0.109016, 0.11022, 0.111297, 0.126803, 0.111297, 0.126803, 1, 

28,15,0.001, 0.0455186, 0.048036, 0.0502696, 0.0508636, 0.0598672, 0.0714873, 0.0819212, 0.121484, 0.111297, 0.126803, 0.195985, 0.246168, 1, 

Generation #28
24,22,0.001, 0.0540639, 0.0478251, 0.0502696, 0.0508636, 0.0598672, 0.0714873, 0.0819212, 0.11022, 0.111297, 0.126803, 0.195985, 0.246168, 1, 

26,21,0.001, 0.0301104, 0.0374473, 0.0656148, 0.0563921, 0.0977231, 0.109016, 0.0184776, 0.11022, 0.111297, 1, 

23,114,0.001, 0.0102076, 0.0208854, 0.0268427, 0.0287759, 0.0319527, 0.0585509, 0.121484, 1, 

30,10,0.001, 0.0474184, 0.0208854, 0.0490959, 0.0563921, 0.0977231, 0.0714873, 0.0819212, 0.11022, 0.111297, 0.126803, 0.195985, 0.254981, 0.458138, 0.483126, 0.492422, 1, 

27,17,0.001, 0.0418839, 0.0478251, 0.0508636, 0.0598672, 0.0714873, 0.109016, 0.11022, 0.111297, 0.126803, 0.111297, 0.126803, 1, 

28,15,0.001, 0.0455186, 0.048036, 0.0502696, 0.0508636, 0.0598672, 0.0714873, 0.0819212, 0.121484, 0.111297, 0.126803, 0.195985, 0.246168, 1, 

Generation #29
24,22,0.001, 0.0540639, 0.0478251, 0.0502696, 0.0508636, 0.0598672, 0.0714873, 0.0819212, 0.11022, 0.111297, 0.126803, 0.195985, 0.246168, 1, 

26,21,0.001, 0.0301104, 0.0374473, 0.0656148, 0.0563921, 0.0977231, 0.109016, 0.0184776, 0.11022, 0.111297, 1, 

23,114,0.001, 0.0102076, 0.0208854, 0.0268427, 0.0287759, 0.0319527, 0.0585509, 0.121484, 1, 

30,10,0.001, 0.0474184, 0.0208854, 0.0490959, 0.0563921, 0.0977231, 0.0714873, 0.0819212, 0.11022, 0.111297, 0.126803, 0.195985, 0.254981, 0.458138, 0.483126, 0.492422, 1, 

27,17,0.001, 0.0418839, 0.0478251, 0.0508636, 0.0598672, 0.0714873, 0.109016, 0.11022, 0.111297, 0.126803, 0.111297, 0.126803, 1, 

28,15,0.001, 0.0455186, 0.048036, 0.0502696, 0.0508636, 0.0598672, 0.0714873, 0.0819212, 0.121484, 0.111297, 0.126803, 0.195985, 0.246168, 1, 

Generation #30
24,22,0.001, 0.0540639, 0.0478251, 0.0502696, 0.0508636, 0.0598672, 0.0714873, 0.0819212, 0.11022, 0.111297, 0.126803, 0.195985, 0.246168, 1, 

26,21,0.001, 0.0301104, 0.0374473, 0.0656148, 0.0563921, 0.0977231, 0.109016, 0.0184776, 0.11022, 0.111297, 1, 

23,114,0.001, 0.0102076, 0.0208854, 0.0268427, 0.0287759, 0.0319527, 0.0585509, 0.121484, 1, 

30,10,0.001, 0.0474184, 0.0208854, 0.0490959, 0.0563921, 0.0977231, 0.0714873, 0.0819212, 0.11022, 0.111297, 0.126803, 0.195985, 0.254981, 0.458138, 0.483126, 0.492422, 1, 

27,17,0.001, 0.0418839, 0.0478251, 0.0508636, 0.0598672, 0.0714873, 0.109016, 0.11022, 0.111297, 0.126803, 0.111297, 0.126803, 1, 

28,15,0.001, 0.0455186, 0.048036, 0.0502696, 0.0508636, 0.0598672, 0.0714873, 0.0819212, 0.121484, 0.111297, 0.126803, 0.195985, 0.246168, 1, 

Generation #31
24,22,0.001, 0.0540639, 0.0478251, 0.0502696, 0.0508636, 0.0598672, 0.0714873, 0.0819212, 0.11022, 0.111297, 0.126803, 0.195985, 0.246168, 1, 

26,21,0.001, 0.0301104, 0.0374473, 0.0656148, 0.0563921, 0.0977231, 0.109016, 0.0184776, 0.11022, 0.111297, 1, 

23,114,0.001, 0.0102076, 0.0208854, 0.0268427, 0.0287759, 0.0319527, 0.0585509, 0.121484, 1, 

30,10,0.001, 0.0474184, 0.0208854, 0.0490959, 0.0563921, 0.0977231, 0.0714873, 0.0819212, 0.11022, 0.111297, 0.126803, 0.195985, 0.254981, 0.458138, 0.483126, 0.492422, 1, 

27,17,0.001, 0.0418839, 0.0478251, 0.0508636, 0.0598672, 0.0714873, 0.109016, 0.11022, 0.111297, 0.126803, 0.111297, 0.126803, 1, 

28,15,0.001, 0.0455186, 0.048036, 0.0502696, 0.0508636, 0.0598672, 0.0714873, 0.0819212, 0.121484, 0.111297, 0.126803, 0.195985, 0.246168, 1, 

Generation #32
24,22,0.001, 0.0540639, 0.0478251, 0.0502696, 0.0508636, 0.0598672, 0.0714873, 0.0819212, 0.11022, 0.111297, 0.126803, 0.195985, 0.246168, 1, 

26,21,0.001, 0.0301104, 0.0374473, 0.0656148, 0.0563921, 0.0977231, 0.109016, 0.0184776, 0.11022, 0.111297, 1, 

23,114,0.001, 0.0102076, 0.0208854, 0.0268427, 0.0287759, 0.0319527, 0.0585509, 0.121484, 1, 

30,10,0.001, 0.0474184, 0.0208854, 0.0490959, 0.0563921, 0.0977231, 0.0714873, 0.0819212, 0.11022, 0.111297, 0.126803, 0.195985, 0.254981, 0.458138, 0.483126, 0.492422, 1, 

27,17,0.001, 0.0418839, 0.0478251, 0.0508636, 0.0598672, 0.0714873, 0.109016, 0.11022, 0.111297, 0.126803, 0.111297, 0.126803, 1, 

28,15,0.001, 0.0455186, 0.048036, 0.0502696, 0.0508636, 0.0598672, 0.0714873, 0.0819212, 0.121484, 0.111297, 0.126803, 0.195985, 0.246168, 1, 

Generation #33
24,22,0.001, 0.0540639, 0.0478251, 0.0502696, 0.0508636, 0.0598672, 0.0714873, 0.0819212, 0.11022, 0.111297, 0.126803, 0.195985, 0.246168, 1, 

26,21,0.001, 0.0301104, 0.0374473, 0.0656148, 0.0563921, 0.0977231, 0.109016, 0.0184776, 0.11022, 0.111297, 1, 

23,114,0.001, 0.0102076, 0.0208854, 0.0268427, 0.0287759, 0.0319527, 0.0585509, 0.121484, 1, 

30,10,0.001, 0.0474184, 0.0208854, 0.0490959, 0.0563921, 0.0977231, 0.0714873, 0.0819212, 0.11022, 0.111297, 0.126803, 0.195985, 0.254981, 0.458138, 0.483126, 0.492422, 1, 

27,17,0.001, 0.0418839, 0.0478251, 0.0508636, 0.0598672, 0.0714873, 0.109016, 0.11022, 0.111297, 0.126803, 0.111297, 0.126803, 1, 

28,15,0.001, 0.0455186, 0.048036, 0.0502696, 0.0508636, 0.0598672, 0.0714873, 0.0819212, 0.121484, 0.111297, 0.126803, 0.195985, 0.246168, 1, 

Generation #34
24,22,0.001, 0.0540639, 0.0478251, 0.0502696, 0.0508636, 0.0598672, 0.0714873, 0.0819212, 0.11022, 0.111297, 0.126803, 0.195985, 0.246168, 1, 

26,21,0.001, 0.0301104, 0.0374473, 0.0656148, 0.0563921, 0.0977231, 0.109016, 0.0184776, 0.11022, 0.111297, 1, 

23,114,0.001, 0.0102076, 0.0208854, 0.0268427, 0.0287759, 0.0319527, 0.0585509, 0.121484, 1, 

30,10,0.001, 0.0474184, 0.0208854, 0.0490959, 0.0563921, 0.0977231, 0.0714873, 0.0819212, 0.11022, 0.111297, 0.126803, 0.195985, 0.254981, 0.458138, 0.483126, 0.492422, 1, 

27,17,0.001, 0.0418839, 0.0478251, 0.0508636, 0.0598672, 0.0714873, 0.109016, 0.11022, 0.111297, 0.126803, 0.111297, 0.126803, 1, 

28,15,0.001, 0.0455186, 0.048036, 0.0502696, 0.0508636, 0.0598672, 0.0714873, 0.0819212, 0.121484, 0.111297, 0.126803, 0.195985, 0.246168, 1, 

Generation #35
24,22,0.001, 0.0540639, 0.0478251, 0.0502696, 0.0508636, 0.0598672, 0.0714873, 0.0819212, 0.11022, 0.111297, 0.126803, 0.195985, 0.246168, 1, 

26,21,0.001, 0.0301104, 0.0374473, 0.0656148, 0.0563921, 0.0977231, 0.109016, 0.0184776, 0.11022, 0.111297, 1, 

23,114,0.001, 0.0102076, 0.0208854, 0.0268427, 0.0287759, 0.0319527, 0.0585509, 0.121484, 1, 

30,10,0.001, 0.0474184, 0.0208854, 0.0490959, 0.0563921, 0.0977231, 0.0714873, 0.0819212, 0.11022, 0.111297, 0.126803, 0.195985, 0.254981, 0.458138, 0.483126, 0.492422, 1, 

27,17,0.001, 0.0418839, 0.0478251, 0.0508636, 0.0598672, 0.0714873, 0.109016, 0.11022, 0.111297, 0.126803, 0.111297, 0.126803, 1, 

28,15,0.001, 0.0455186, 0.048036, 0.0502696, 0.0508636, 0.0598672, 0.0714873, 0.0819212, 0.121484, 0.111297, 0.126803, 0.195985, 0.246168, 1, 

Generation #36
24,22,0.001, 0.0540639, 0.0478251, 0.0502696, 0.0508636, 0.0598672, 0.0714873, 0.0819212, 0.11022, 0.111297, 0.126803, 0.195985, 0.246168, 1, 

26,21,0.001, 0.0301104, 0.0374473, 0.0656148, 0.0563921, 0.0977231, 0.109016, 0.0184776, 0.11022, 0.111297, 1, 

23,114,0.001, 0.0102076, 0.0208854, 0.0268427, 0.0287759, 0.0319527, 0.0585509, 0.121484, 1, 

30,10,0.001, 0.0474184, 0.0208854, 0.0490959, 0.0563921, 0.0977231, 0.0714873, 0.0819212, 0.11022, 0.111297, 0.126803, 0.195985, 0.254981, 0.458138, 0.483126, 0.492422, 1, 

27,17,0.001, 0.0418839, 0.0478251, 0.0508636, 0.0598672, 0.0714873, 0.109016, 0.11022, 0.111297, 0.126803, 0.111297, 0.126803, 1, 

28,15,0.001, 0.0455186, 0.048036, 0.0502696, 0.0508636, 0.0598672, 0.0714873, 0.0819212, 0.121484, 0.111297, 0.126803, 0.195985, 0.246168, 1, 

Generation #37
24,22,0.001, 0.0540639, 0.0478251, 0.0502696, 0.0508636, 0.0598672, 0.0714873, 0.0819212, 0.11022, 0.111297, 0.126803, 0.195985, 0.246168, 1, 

26,21,0.001, 0.0301104, 0.0374473, 0.0656148, 0.0563921, 0.0977231, 0.109016, 0.0184776, 0.11022, 0.111297, 1, 

23,114,0.001, 0.0102076, 0.0208854, 0.0268427, 0.0287759, 0.0319527, 0.0585509, 0.121484, 1, 

30,10,0.001, 0.0474184, 0.0208854, 0.0490959, 0.0563921, 0.0977231, 0.0714873, 0.0819212, 0.11022, 0.111297, 0.126803, 0.195985, 0.254981, 0.458138, 0.483126, 0.492422, 1, 

27,17,0.001, 0.0418839, 0.0478251, 0.0508636, 0.0598672, 0.0714873, 0.109016, 0.11022, 0.111297, 0.126803, 0.111297, 0.126803, 1, 

28,15,0.001, 0.0455186, 0.048036, 0.0502696, 0.0508636, 0.0598672, 0.0714873, 0.0819212, 0.121484, 0.111297, 0.126803, 0.195985, 0.246168, 1, 

Generation #38
24,22,0.001, 0.0540639, 0.0478251, 0.0502696, 0.0508636, 0.0598672, 0.0714873, 0.0819212, 0.11022, 0.111297, 0.126803, 0.195985, 0.246168, 1, 

26,21,0.001, 0.0301104, 0.0374473, 0.0656148, 0.0563921, 0.0977231, 0.109016, 0.0184776, 0.11022, 0.111297, 1, 

23,114,0.001, 0.0102076, 0.0208854, 0.0268427, 0.0287759, 0.0319527, 0.0585509, 0.121484, 1, 

30,10,0.001, 0.0474184, 0.0208854, 0.0490959, 0.0563921, 0.0977231, 0.0714873, 0.0819212, 0.11022, 0.111297, 0.126803, 0.195985, 0.254981, 0.458138, 0.483126, 0.492422, 1, 

27,17,0.001, 0.0418839, 0.0478251, 0.0508636, 0.0598672, 0.0714873, 0.109016, 0.11022, 0.111297, 0.126803, 0.111297, 0.126803, 1, 

28,15,0.001, 0.0455186, 0.048036, 0.0502696, 0.0508636, 0.0598672, 0.0714873, 0.0819212, 0.121484, 0.111297, 0.126803, 0.195985, 0.246168, 1, 

Generation #39
24,22,0.001, 0.0540639, 0.0478251, 0.0502696, 0.0508636, 0.0598672, 0.0714873, 0.0819212, 0.11022, 0.111297, 0.126803, 0.195985, 0.246168, 1, 

26,21,0.001, 0.0301104, 0.0374473, 0.0656148, 0.0563921, 0.0977231, 0.109016, 0.0184776, 0.11022, 0.111297, 1, 

23,114,0.001, 0.0102076, 0.0208854, 0.0268427, 0.0287759, 0.0319527, 0.0585509, 0.121484, 1, 

30,10,0.001, 0.0474184, 0.0208854, 0.0490959, 0.0563921, 0.0977231, 0.0714873, 0.0819212, 0.11022, 0.111297, 0.126803, 0.195985, 0.254981, 0.458138, 0.483126, 0.492422, 1, 

28,15,0.001, 0.0455186, 0.048036, 0.0502696, 0.0508636, 0.0598672, 0.0714873, 0.0819212, 0.121484, 0.111297, 0.126803, 0.195985, 0.246168, 1, 

27,16,0.001, 0.0474184, 0.0208854, 0.0490959, 0.0563921, 0.0977231, 0.0714873, 0.0819212, 0.11022, 0.126803, 0.111297, 0.126803, 1, 

Generation #40
24,22,0.001, 0.0540639, 0.0478251, 0.0502696, 0.0508636, 0.0598672, 0.0714873, 0.0819212, 0.11022, 0.111297, 0.126803, 0.195985, 0.246168, 1, 

26,21,0.001, 0.0301104, 0.0374473, 0.0656148, 0.0563921, 0.0977231, 0.109016, 0.0184776, 0.11022, 0.111297, 1, 

23,114,0.001, 0.0102076, 0.0208854, 0.0268427, 0.0287759, 0.0319527, 0.0585509, 0.121484, 1, 

30,10,0.001, 0.0474184, 0.0208854, 0.0490959, 0.0563921, 0.0977231, 0.0714873, 0.0819212, 0.11022, 0.111297, 0.126803, 0.195985, 0.254981, 0.458138, 0.483126, 0.492422, 1, 

28,15,0.001, 0.0455186, 0.048036, 0.0502696, 0.0508636, 0.0598672, 0.0714873, 0.0819212, 0.121484, 0.111297, 0.126803, 0.195985, 0.246168, 1, 

27,16,0.001, 0.0474184, 0.0208854, 0.0490959, 0.0563921, 0.0977231, 0.0714873, 0.0819212, 0.11022, 0.126803, 0.111297, 0.126803, 1, 

Generation #41
24,22,0.001, 0.0540639, 0.0478251, 0.0502696, 0.0508636, 0.0598672, 0.0714873, 0.0819212, 0.11022, 0.111297, 0.126803, 0.195985, 0.246168, 1, 

26,21,0.001, 0.0301104, 0.0374473, 0.0656148, 0.0563921, 0.0977231, 0.109016, 0.0184776, 0.11022, 0.111297, 1, 

23,114,0.001, 0.0102076, 0.0208854, 0.0268427, 0.0287759, 0.0319527, 0.0585509, 0.121484, 1, 

30,10,0.001, 0.0474184, 0.0208854, 0.0490959, 0.0563921, 0.0977231, 0.0714873, 0.0819212, 0.11022, 0.111297, 0.126803, 0.195985, 0.254981, 0.458138, 0.483126, 0.492422, 1, 

28,15,0.001, 0.0455186, 0.048036, 0.0502696, 0.0508636, 0.0598672, 0.0714873, 0.0819212, 0.121484, 0.111297, 0.126803, 0.195985, 0.246168, 1, 

27,16,0.001, 0.0474184, 0.0208854, 0.0490959, 0.0563921, 0.0977231, 0.0714873, 0.0819212, 0.11022, 0.126803, 0.111297, 0.126803, 1, 

Generation #42
24,22,0.001, 0.0540639, 0.0478251, 0.0502696, 0.0508636, 0.0598672, 0.0714873, 0.0819212, 0.11022, 0.111297, 0.126803, 0.195985, 0.246168, 1, 

26,21,0.001, 0.0301104, 0.0374473, 0.0656148, 0.0563921, 0.0977231, 0.109016, 0.0184776, 0.11022, 0.111297, 1, 

23,114,0.001, 0.0102076, 0.0208854, 0.0268427, 0.0287759, 0.0319527, 0.0585509, 0.121484, 1, 

30,10,0.001, 0.0474184, 0.0208854, 0.0490959, 0.0563921, 0.0977231, 0.0714873, 0.0819212, 0.11022, 0.111297, 0.126803, 0.195985, 0.254981, 0.458138, 0.483126, 0.492422, 1, 

28,15,0.001, 0.0455186, 0.048036, 0.0502696, 0.0508636, 0.0598672, 0.0714873, 0.0819212, 0.121484, 0.111297, 0.126803, 0.195985, 0.246168, 1, 

27,16,0.001, 0.0474184, 0.0208854, 0.0490959, 0.0563921, 0.0977231, 0.0714873, 0.0819212, 0.11022, 0.126803, 0.111297, 0.126803, 1, 

Generation #43
24,22,0.001, 0.0540639, 0.0478251, 0.0502696, 0.0508636, 0.0598672, 0.0714873, 0.0819212, 0.11022, 0.111297, 0.126803, 0.195985, 0.246168, 1, 

26,21,0.001, 0.0301104, 0.0374473, 0.0656148, 0.0563921, 0.0977231, 0.109016, 0.0184776, 0.11022, 0.111297, 1, 

23,114,0.001, 0.0102076, 0.0208854, 0.0268427, 0.0287759, 0.0319527, 0.0585509, 0.121484, 1, 

30,10,0.001, 0.0474184, 0.0208854, 0.0490959, 0.0563921, 0.0977231, 0.0714873, 0.0819212, 0.11022, 0.111297, 0.126803, 0.195985, 0.254981, 0.458138, 0.483126, 0.492422, 1, 

28,15,0.001, 0.0455186, 0.048036, 0.0502696, 0.0508636, 0.0598672, 0.0714873, 0.0819212, 0.121484, 0.111297, 0.126803, 0.195985, 0.246168, 1, 

27,16,0.001, 0.0474184, 0.0208854, 0.0490959, 0.0563921, 0.0977231, 0.0714873, 0.0819212, 0.11022, 0.126803, 0.111297, 0.126803, 1, 

Generation #44
24,22,0.001, 0.0540639, 0.0478251, 0.0502696, 0.0508636, 0.0598672, 0.0714873, 0.0819212, 0.11022, 0.111297, 0.126803, 0.195985, 0.246168, 1, 

26,21,0.001, 0.0301104, 0.0374473, 0.0656148, 0.0563921, 0.0977231, 0.109016, 0.0184776, 0.11022, 0.111297, 1, 

23,114,0.001, 0.0102076, 0.0208854, 0.0268427, 0.0287759, 0.0319527, 0.0585509, 0.121484, 1, 

30,10,0.001, 0.0474184, 0.0208854, 0.0490959, 0.0563921, 0.0977231, 0.0714873, 0.0819212, 0.11022, 0.111297, 0.126803, 0.195985, 0.254981, 0.458138, 0.483126, 0.492422, 1, 

28,15,0.001, 0.0455186, 0.048036, 0.0502696, 0.0508636, 0.0598672, 0.0714873, 0.0819212, 0.121484, 0.111297, 0.126803, 0.195985, 0.246168, 1, 

27,16,0.001, 0.0474184, 0.0208854, 0.0490959, 0.0563921, 0.0977231, 0.0714873, 0.0819212, 0.11022, 0.126803, 0.111297, 0.126803, 1, 

Generation #45
24,22,0.001, 0.0540639, 0.0478251, 0.0502696, 0.0508636, 0.0598672, 0.0714873, 0.0819212, 0.11022, 0.111297, 0.126803, 0.195985, 0.246168, 1, 

26,21,0.001, 0.0301104, 0.0374473, 0.0656148, 0.0563921, 0.0977231, 0.109016, 0.0184776, 0.11022, 0.111297, 1, 

23,114,0.001, 0.0102076, 0.0208854, 0.0268427, 0.0287759, 0.0319527, 0.0585509, 0.121484, 1, 

30,10,0.001, 0.0474184, 0.0208854, 0.0490959, 0.0563921, 0.0977231, 0.0714873, 0.0819212, 0.11022, 0.111297, 0.126803, 0.195985, 0.254981, 0.458138, 0.483126, 0.492422, 1, 

28,15,0.001, 0.0455186, 0.048036, 0.0502696, 0.0508636, 0.0598672, 0.0714873, 0.0819212, 0.121484, 0.111297, 0.126803, 0.195985, 0.246168, 1, 

27,16,0.001, 0.0474184, 0.0208854, 0.0490959, 0.0563921, 0.0977231, 0.0714873, 0.0819212, 0.11022, 0.126803, 0.111297, 0.126803, 1, 

Generation #46
24,22,0.001, 0.0540639, 0.0478251, 0.0502696, 0.0508636, 0.0598672, 0.0714873, 0.0819212, 0.11022, 0.111297, 0.126803, 0.195985, 0.246168, 1, 

26,21,0.001, 0.0301104, 0.0374473, 0.0656148, 0.0563921, 0.0977231, 0.109016, 0.0184776, 0.11022, 0.111297, 1, 

23,114,0.001, 0.0102076, 0.0208854, 0.0268427, 0.0287759, 0.0319527, 0.0585509, 0.121484, 1, 

30,10,0.001, 0.0474184, 0.0208854, 0.0490959, 0.0563921, 0.0977231, 0.0714873, 0.0819212, 0.11022, 0.111297, 0.126803, 0.195985, 0.254981, 0.458138, 0.483126, 0.492422, 1, 

28,15,0.001, 0.0455186, 0.048036, 0.0502696, 0.0508636, 0.0598672, 0.0714873, 0.0819212, 0.121484, 0.111297, 0.126803, 0.195985, 0.246168, 1, 

27,16,0.001, 0.0474184, 0.0208854, 0.0490959, 0.0563921, 0.0977231, 0.0714873, 0.0819212, 0.11022, 0.126803, 0.111297, 0.126803, 1, 

Generation #47
24,22,0.001, 0.0540639, 0.0478251, 0.0502696, 0.0508636, 0.0598672, 0.0714873, 0.0819212, 0.11022, 0.111297, 0.126803, 0.195985, 0.246168, 1, 

26,21,0.001, 0.0301104, 0.0374473, 0.0656148, 0.0563921, 0.0977231, 0.109016, 0.0184776, 0.11022, 0.111297, 1, 

23,114,0.001, 0.0102076, 0.0208854, 0.0268427, 0.0287759, 0.0319527, 0.0585509, 0.121484, 1, 

30,10,0.001, 0.0474184, 0.0208854, 0.0490959, 0.0563921, 0.0977231, 0.0714873, 0.0819212, 0.11022, 0.111297, 0.126803, 0.195985, 0.254981, 0.458138, 0.483126, 0.492422, 1, 

28,15,0.001, 0.0455186, 0.048036, 0.0502696, 0.0508636, 0.0598672, 0.0714873, 0.0819212, 0.121484, 0.111297, 0.126803, 0.195985, 0.246168, 1, 

27,16,0.001, 0.0474184, 0.0208854, 0.0490959, 0.0563921, 0.0977231, 0.0714873, 0.0819212, 0.11022, 0.126803, 0.111297, 0.126803, 1, 

Generation #48
24,22,0.001, 0.0540639, 0.0478251, 0.0502696, 0.0508636, 0.0598672, 0.0714873, 0.0819212, 0.11022, 0.111297, 0.126803, 0.195985, 0.246168, 1, 

26,21,0.001, 0.0301104, 0.0374473, 0.0656148, 0.0563921, 0.0977231, 0.109016, 0.0184776, 0.11022, 0.111297, 1, 

23,114,0.001, 0.0102076, 0.0208854, 0.0268427, 0.0287759, 0.0319527, 0.0585509, 0.121484, 1, 

30,10,0.001, 0.0474184, 0.0208854, 0.0490959, 0.0563921, 0.0977231, 0.0714873, 0.0819212, 0.11022, 0.111297, 0.126803, 0.195985, 0.254981, 0.458138, 0.483126, 0.492422, 1, 

28,15,0.001, 0.0455186, 0.048036, 0.0502696, 0.0508636, 0.0598672, 0.0714873, 0.0819212, 0.121484, 0.111297, 0.126803, 0.195985, 0.246168, 1, 

27,16,0.001, 0.0474184, 0.0208854, 0.0490959, 0.0563921, 0.0977231, 0.0714873, 0.0819212, 0.11022, 0.126803, 0.111297, 0.126803, 1, 

Generation #49
24,22,0.001, 0.0540639, 0.0478251, 0.0502696, 0.0508636, 0.0598672, 0.0714873, 0.0819212, 0.11022, 0.111297, 0.126803, 0.195985, 0.246168, 1, 

26,21,0.001, 0.0301104, 0.0374473, 0.0656148, 0.0563921, 0.0977231, 0.109016, 0.0184776, 0.11022, 0.111297, 1, 

23,114,0.001, 0.0102076, 0.0208854, 0.0268427, 0.0287759, 0.0319527, 0.0585509, 0.121484, 1, 

30,10,0.001, 0.0474184, 0.0208854, 0.0490959, 0.0563921, 0.0977231, 0.0714873, 0.0819212, 0.11022, 0.111297, 0.126803, 0.195985, 0.254981, 0.458138, 0.483126, 0.492422, 1, 

28,15,0.001, 0.0455186, 0.048036, 0.0502696, 0.0508636, 0.0598672, 0.0714873, 0.0819212, 0.121484, 0.111297, 0.126803, 0.195985, 0.246168, 1, 

27,16,0.001, 0.0474184, 0.0208854, 0.0490959, 0.0563921, 0.0977231, 0.0714873, 0.0819212, 0.11022, 0.126803, 0.111297, 0.126803, 1, 

--- Pareto Front Solutions ---
Solution 0: N total=88 (N_initial=64, N_added=24), Time total=38 ms, Saved to: ./results/SPINV_t2_l3_pareto_0.csv, percents=0.001, 0.0540639, 0.0478251, 0.0502696, 0.0508636, 0.0598672, 0.0714873, 0.0819212, 0.11022, 0.111297, 0.126803, 0.195985, 0.246168, 1, 

Solution 1: N total=90 (N_initial=64, N_added=26), Time total=37 ms, Saved to: ./results/SPINV_t2_l3_pareto_1.csv, percents=0.001, 0.0301104, 0.0374473, 0.0656148, 0.0563921, 0.0977231, 0.109016, 0.0184776, 0.11022, 0.111297, 1, 

Solution 2: N total=87 (N_initial=64, N_added=23), Time total=130 ms, Saved to: ./results/SPINV_t2_l3_pareto_2.csv, percents=0.001, 0.0102076, 0.0208854, 0.0268427, 0.0287759, 0.0319527, 0.0585509, 0.121484, 1, 

Solution 3: N total=94 (N_initial=64, N_added=30), Time total=26 ms, Saved to: ./results/SPINV_t2_l3_pareto_3.csv, percents=0.001, 0.0474184, 0.0208854, 0.0490959, 0.0563921, 0.0977231, 0.0714873, 0.0819212, 0.11022, 0.111297, 0.126803, 0.195985, 0.254981, 0.458138, 0.483126, 0.492422, 1, 

Solution 4: N total=92 (N_initial=64, N_added=28), Time total=31 ms, Saved to: ./results/SPINV_t2_l3_pareto_4.csv, percents=0.001, 0.0455186, 0.048036, 0.0502696, 0.0508636, 0.0598672, 0.0714873, 0.0819212, 0.121484, 0.111297, 0.126803, 0.195985, 0.246168, 1, 

Solution 5: N total=91 (N_initial=64, N_added=27), Time total=32 ms, Saved to: ./results/SPINV_t2_l3_pareto_5.csv, percents=0.001, 0.0474184, 0.0208854, 0.0490959, 0.0563921, 0.0977231, 0.0714873, 0.0819212, 0.11022, 0.126803, 0.111297, 0.126803, 1, 

------------d=1, t=2, lambda=4, filename=./evaluation/SPINV/SPINV_2_4.csv------------
Computing partitioned counts of d-sets...
Ready to look at pairs based on partitioned counts...
First Stage N=82, Time=17
There are 8 remaining non-locating pairs
--- Running GA Algorithm (phase2) ---
Running GA with std::execution::par
Generation #0
37,5,0.001, 0.0398329, 0.0406431, 0.0634768, 0.0689345, 0.101939, 0.161085, 0.208199, 0.225302, 0.246099, 0.246992, 0.28358, 0.293466, 0.313137, 0.322892, 0.399259, 0.405194, 0.420495, 0.448452, 0.5511, 0.574196, 0.61641, 0.7119, 0.834291, 0.890268, 0.98637, 0.997318, 1, 

22,6,0.001, 0.0224872, 0.0980587, 0.12444, 0.14573, 0.276168, 0.403844, 0.435665, 0.467588, 0.52338, 0.592495, 1, 

Generation #1
22,6,0.001, 0.0224872, 0.0980587, 0.12444, 0.14573, 0.276168, 0.403844, 0.435665, 0.467588, 0.52338, 0.592495, 1, 

20,9,0.001, 0.0398329, 0.0406431, 0.0634768, 0.101939, 0.161085, 0.208199, 0.225302, 0.927199, 0.999865, 1, 

32,4,0.001, 0.103133, 0.108507, 0.135427, 0.168953, 0.178954, 0.20066, 0.296877, 0.395187, 0.395658, 0.402003, 0.40838, 0.447411, 0.536806, 0.538599, 0.551516, 0.702498, 0.742762, 0.783642, 1, 

Generation #2
22,6,0.001, 0.0224872, 0.0980587, 0.12444, 0.14573, 0.276168, 0.403844, 0.435665, 0.467588, 0.52338, 0.592495, 1, 

20,9,0.001, 0.0398329, 0.0406431, 0.0634768, 0.101939, 0.161085, 0.208199, 0.225302, 0.927199, 0.999865, 1, 

32,4,0.001, 0.103133, 0.108507, 0.135427, 0.168953, 0.178954, 0.20066, 0.296877, 0.395187, 0.395658, 0.402003, 0.40838, 0.447411, 0.536806, 0.538599, 0.551516, 0.702498, 0.742762, 0.783642, 1, 

Generation #3
22,6,0.001, 0.0224872, 0.0980587, 0.12444, 0.14573, 0.276168, 0.403844, 0.435665, 0.467588, 0.52338, 0.592495, 1, 

20,9,0.001, 0.0398329, 0.0406431, 0.0634768, 0.101939, 0.161085, 0.208199, 0.225302, 0.927199, 0.999865, 1, 

32,4,0.001, 0.103133, 0.108507, 0.135427, 0.168953, 0.178954, 0.20066, 0.296877, 0.395187, 0.395658, 0.402003, 0.40838, 0.447411, 0.536806, 0.538599, 0.551516, 0.702498, 0.742762, 0.783642, 1, 

Generation #4
22,6,0.001, 0.0224872, 0.0980587, 0.12444, 0.14573, 0.276168, 0.403844, 0.435665, 0.467588, 0.52338, 0.592495, 1, 

20,9,0.001, 0.0398329, 0.0406431, 0.0634768, 0.101939, 0.161085, 0.208199, 0.225302, 0.927199, 0.999865, 1, 

32,4,0.001, 0.103133, 0.108507, 0.135427, 0.168953, 0.178954, 0.20066, 0.296877, 0.395187, 0.395658, 0.402003, 0.40838, 0.447411, 0.536806, 0.538599, 0.551516, 0.702498, 0.742762, 0.783642, 1, 

Generation #5
22,6,0.001, 0.0224872, 0.0980587, 0.12444, 0.14573, 0.276168, 0.403844, 0.435665, 0.467588, 0.52338, 0.592495, 1, 

20,9,0.001, 0.0398329, 0.0406431, 0.0634768, 0.101939, 0.161085, 0.208199, 0.225302, 0.927199, 0.999865, 1, 

32,4,0.001, 0.103133, 0.108507, 0.135427, 0.168953, 0.178954, 0.20066, 0.296877, 0.395187, 0.395658, 0.402003, 0.40838, 0.447411, 0.536806, 0.538599, 0.551516, 0.702498, 0.742762, 0.783642, 1, 

Generation #6
22,6,0.001, 0.0224872, 0.0980587, 0.12444, 0.14573, 0.276168, 0.403844, 0.435665, 0.467588, 0.52338, 0.592495, 1, 

20,9,0.001, 0.0398329, 0.0406431, 0.0634768, 0.101939, 0.161085, 0.208199, 0.225302, 0.927199, 0.999865, 1, 

32,4,0.001, 0.103133, 0.108507, 0.135427, 0.168953, 0.178954, 0.20066, 0.296877, 0.395187, 0.395658, 0.402003, 0.40838, 0.447411, 0.536806, 0.538599, 0.551516, 0.702498, 0.742762, 0.783642, 1, 

Generation #7
22,6,0.001, 0.0224872, 0.0980587, 0.12444, 0.14573, 0.276168, 0.403844, 0.435665, 0.467588, 0.52338, 0.592495, 1, 

20,9,0.001, 0.0398329, 0.0406431, 0.0634768, 0.101939, 0.161085, 0.208199, 0.225302, 0.927199, 0.999865, 1, 

32,4,0.001, 0.103133, 0.108507, 0.135427, 0.168953, 0.178954, 0.20066, 0.296877, 0.395187, 0.395658, 0.402003, 0.40838, 0.447411, 0.536806, 0.538599, 0.551516, 0.702498, 0.742762, 0.783642, 1, 

23,5,0.001, 0.0398329, 0.0406431, 0.0634768, 0.156055, 0.181811, 0.206907, 0.230924, 0.393986, 0.556328, 0.999865, 1, 

Generation #8
33,3,0.001, 0.0338976, 0.054272, 0.0728321, 0.0740037, 0.198846, 0.213378, 0.224163, 0.325144, 0.342364, 0.352704, 0.373397, 0.40714, 0.413039, 0.425364, 0.425928, 0.451603, 0.495564, 0.5192, 0.560516, 0.574679, 0.59857, 0.848916, 0.857228, 0.861583, 0.93433, 0.973958, 1, 

20,4,0.001, 0.0338976, 0.054272, 0.0728321, 0.0740037, 0.198846, 0.213378, 0.224163, 0.325144, 0.927746, 0.95716, 1, 

Generation #9
33,3,0.001, 0.0338976, 0.054272, 0.0728321, 0.0740037, 0.198846, 0.213378, 0.224163, 0.325144, 0.342364, 0.352704, 0.373397, 0.40714, 0.413039, 0.425364, 0.425928, 0.451603, 0.495564, 0.5192, 0.560516, 0.574679, 0.59857, 0.848916, 0.857228, 0.861583, 0.93433, 0.973958, 1, 

20,4,0.001, 0.0338976, 0.054272, 0.0728321, 0.0740037, 0.198846, 0.213378, 0.224163, 0.325144, 0.927746, 0.95716, 1, 

Generation #10
33,3,0.001, 0.0338976, 0.054272, 0.0728321, 0.0740037, 0.198846, 0.213378, 0.224163, 0.325144, 0.342364, 0.352704, 0.373397, 0.40714, 0.413039, 0.425364, 0.425928, 0.451603, 0.495564, 0.5192, 0.560516, 0.574679, 0.59857, 0.848916, 0.857228, 0.861583, 0.93433, 0.973958, 1, 

20,4,0.001, 0.0338976, 0.054272, 0.0728321, 0.0740037, 0.198846, 0.213378, 0.224163, 0.325144, 0.927746, 0.95716, 1, 

19,12,0.001, 0.0628191, 0.066182, 0.10188, 0.108008, 0.152748, 0.630864, 0.636845, 0.764183, 0.432383, 0.994038, 1, 

Generation #11
33,3,0.001, 0.0338976, 0.054272, 0.0728321, 0.0740037, 0.198846, 0.213378, 0.224163, 0.325144, 0.342364, 0.352704, 0.373397, 0.40714, 0.413039, 0.425364, 0.425928, 0.451603, 0.495564, 0.5192, 0.560516, 0.574679, 0.59857, 0.848916, 0.857228, 0.861583, 0.93433, 0.973958, 1, 

20,4,0.001, 0.0338976, 0.054272, 0.0728321, 0.0740037, 0.198846, 0.213378, 0.224163, 0.325144, 0.927746, 0.95716, 1, 

19,12,0.001, 0.0628191, 0.066182, 0.10188, 0.108008, 0.152748, 0.630864, 0.636845, 0.764183, 0.432383, 0.994038, 1, 

Generation #12
20,4,0.001, 0.0338976, 0.054272, 0.0728321, 0.0740037, 0.198846, 0.213378, 0.224163, 0.325144, 0.927746, 0.95716, 1, 

19,12,0.001, 0.0628191, 0.066182, 0.10188, 0.108008, 0.152748, 0.630864, 0.636845, 0.764183, 0.432383, 0.994038, 1, 

23,3,0.001, 0.0590591, 0.0722254, 0.122506, 0.108008, 0.189012, 0.224881, 0.233631, 0.343518, 0.41619, 0.425082, 0.437833, 0.509325, 0.527532, 0.112927, 0.595667, 1, 

Generation #13
20,4,0.001, 0.0338976, 0.054272, 0.0728321, 0.0740037, 0.198846, 0.213378, 0.224163, 0.325144, 0.927746, 0.95716, 1, 

19,12,0.001, 0.0628191, 0.066182, 0.10188, 0.108008, 0.152748, 0.630864, 0.636845, 0.764183, 0.432383, 0.994038, 1, 

23,3,0.001, 0.0590591, 0.0722254, 0.122506, 0.108008, 0.189012, 0.224881, 0.233631, 0.343518, 0.41619, 0.425082, 0.437833, 0.509325, 0.527532, 0.112927, 0.595667, 1, 

Generation #14
20,4,0.001, 0.0338976, 0.054272, 0.0728321, 0.0740037, 0.198846, 0.213378, 0.224163, 0.325144, 0.927746, 0.95716, 1, 

19,12,0.001, 0.0628191, 0.066182, 0.10188, 0.108008, 0.152748, 0.630864, 0.636845, 0.764183, 0.432383, 0.994038, 1, 

22,3,0.001, 0.0338976, 0.0980587, 0.12444, 0.14573, 0.276168, 0.403844, 0.435665, 0.393986, 0.556328, 0.999865, 1, 

Generation #15
20,4,0.001, 0.0338976, 0.054272, 0.0728321, 0.0740037, 0.198846, 0.213378, 0.224163, 0.325144, 0.927746, 0.95716, 1, 

19,12,0.001, 0.0628191, 0.066182, 0.10188, 0.108008, 0.152748, 0.630864, 0.636845, 0.764183, 0.432383, 0.994038, 1, 

22,3,0.001, 0.0338976, 0.0980587, 0.12444, 0.14573, 0.276168, 0.403844, 0.435665, 0.393986, 0.556328, 0.999865, 1, 

Generation #16
20,4,0.001, 0.0338976, 0.054272, 0.0728321, 0.0740037, 0.198846, 0.213378, 0.224163, 0.325144, 0.927746, 0.95716, 1, 

19,12,0.001, 0.0628191, 0.066182, 0.10188, 0.108008, 0.152748, 0.630864, 0.636845, 0.764183, 0.432383, 0.994038, 1, 

22,3,0.001, 0.0338976, 0.0980587, 0.12444, 0.14573, 0.276168, 0.403844, 0.435665, 0.393986, 0.556328, 0.999865, 1, 

Generation #17
20,4,0.001, 0.0338976, 0.054272, 0.0728321, 0.0740037, 0.198846, 0.213378, 0.224163, 0.325144, 0.927746, 0.95716, 1, 

19,12,0.001, 0.0628191, 0.066182, 0.10188, 0.108008, 0.152748, 0.630864, 0.636845, 0.764183, 0.432383, 0.994038, 1, 

22,3,0.001, 0.0338976, 0.0980587, 0.12444, 0.14573, 0.276168, 0.403844, 0.435665, 0.393986, 0.556328, 0.999865, 1, 

Generation #18
22,3,0.001, 0.0338976, 0.0980587, 0.12444, 0.14573, 0.276168, 0.403844, 0.435665, 0.393986, 0.556328, 0.999865, 1, 

19,4,0.001, 0.0224872, 0.0980587, 0.12444, 0.14573, 0.276168, 0.403844, 0.435665, 0.467588, 0.52338, 0.592495, 1, 

Generation #19
22,3,0.001, 0.0338976, 0.0980587, 0.12444, 0.14573, 0.276168, 0.403844, 0.435665, 0.393986, 0.556328, 0.999865, 1, 

19,4,0.001, 0.0224872, 0.0980587, 0.12444, 0.14573, 0.276168, 0.403844, 0.435665, 0.467588, 0.52338, 0.592495, 1, 

23,2,0.001, 0.0224872, 0.144016, 0.15656, 0.206919, 0.168953, 0.178954, 0.20066, 0.296877, 0.355802, 0.398948, 0.416519, 0.881947, 0.980011, 1, 

Generation #20
22,3,0.001, 0.0338976, 0.0980587, 0.12444, 0.14573, 0.276168, 0.403844, 0.435665, 0.393986, 0.556328, 0.999865, 1, 

19,4,0.001, 0.0224872, 0.0980587, 0.12444, 0.14573, 0.276168, 0.403844, 0.435665, 0.467588, 0.52338, 0.592495, 1, 

23,2,0.001, 0.0224872, 0.144016, 0.15656, 0.206919, 0.168953, 0.178954, 0.20066, 0.296877, 0.355802, 0.398948, 0.416519, 0.881947, 0.980011, 1, 

Generation #21
22,3,0.001, 0.0338976, 0.0980587, 0.12444, 0.14573, 0.276168, 0.403844, 0.435665, 0.393986, 0.556328, 0.999865, 1, 

19,4,0.001, 0.0224872, 0.0980587, 0.12444, 0.14573, 0.276168, 0.403844, 0.435665, 0.467588, 0.52338, 0.592495, 1, 

23,2,0.001, 0.0224872, 0.144016, 0.15656, 0.206919, 0.168953, 0.178954, 0.20066, 0.296877, 0.355802, 0.398948, 0.416519, 0.881947, 0.980011, 1, 

Generation #22
19,4,0.001, 0.0224872, 0.0980587, 0.12444, 0.14573, 0.276168, 0.403844, 0.435665, 0.467588, 0.52338, 0.592495, 1, 

23,2,0.001, 0.0224872, 0.144016, 0.15656, 0.206919, 0.168953, 0.178954, 0.20066, 0.296877, 0.355802, 0.398948, 0.416519, 0.881947, 0.980011, 1, 

20,3,0.001, 0.0398329, 0.0722254, 0.122506, 0.14573, 0.276168, 0.403844, 0.435665, 0.393986, 0.556328, 0.999865, 1, 

Generation #23
19,4,0.001, 0.0224872, 0.0980587, 0.12444, 0.14573, 0.276168, 0.403844, 0.435665, 0.467588, 0.52338, 0.592495, 1, 

23,2,0.001, 0.0224872, 0.144016, 0.15656, 0.206919, 0.168953, 0.178954, 0.20066, 0.296877, 0.355802, 0.398948, 0.416519, 0.881947, 0.980011, 1, 

20,3,0.001, 0.0398329, 0.0722254, 0.122506, 0.14573, 0.276168, 0.403844, 0.435665, 0.393986, 0.556328, 0.999865, 1, 

Generation #24
19,4,0.001, 0.0224872, 0.0980587, 0.12444, 0.14573, 0.276168, 0.403844, 0.435665, 0.467588, 0.52338, 0.592495, 1, 

23,2,0.001, 0.0224872, 0.144016, 0.15656, 0.206919, 0.168953, 0.178954, 0.20066, 0.296877, 0.355802, 0.398948, 0.416519, 0.881947, 0.980011, 1, 

20,3,0.001, 0.0398329, 0.0722254, 0.122506, 0.14573, 0.276168, 0.403844, 0.435665, 0.393986, 0.556328, 0.999865, 1, 

Generation #25
19,4,0.001, 0.0224872, 0.0980587, 0.12444, 0.14573, 0.276168, 0.403844, 0.435665, 0.467588, 0.52338, 0.592495, 1, 

20,3,0.001, 0.0398329, 0.0722254, 0.122506, 0.14573, 0.276168, 0.403844, 0.435665, 0.393986, 0.556328, 0.999865, 1, 

22,2,0.001, 0.0500143, 0.0600092, 0.0929128, 0.117406, 0.134211, 0.161085, 0.208199, 0.225302, 0.246099, 0.246992, 0.366247, 0.405062, 0.980011, 1, 

Generation #26
19,4,0.001, 0.0224872, 0.0980587, 0.12444, 0.14573, 0.276168, 0.403844, 0.435665, 0.467588, 0.52338, 0.592495, 1, 

20,3,0.001, 0.0398329, 0.0722254, 0.122506, 0.14573, 0.276168, 0.403844, 0.435665, 0.393986, 0.556328, 0.999865, 1, 

22,2,0.001, 0.0500143, 0.0600092, 0.0929128, 0.117406, 0.134211, 0.161085, 0.208199, 0.225302, 0.246099, 0.246992, 0.366247, 0.405062, 0.980011, 1, 

26,1,0.001, 0.0590591, 0.0722254, 0.122506, 0.126699, 0.304451, 0.149451, 0.202552, 0.208199, 0.225302, 0.246099, 0.246992, 0.28358, 0.293466, 0.313137, 0.684573, 0.69069, 0.826435, 0.881323, 0.993948, 1, 

Generation #27
19,4,0.001, 0.0224872, 0.0980587, 0.12444, 0.14573, 0.276168, 0.403844, 0.435665, 0.467588, 0.52338, 0.592495, 1, 

20,3,0.001, 0.0398329, 0.0722254, 0.122506, 0.14573, 0.276168, 0.403844, 0.435665, 0.393986, 0.556328, 0.999865, 1, 

22,2,0.001, 0.0500143, 0.0600092, 0.0929128, 0.117406, 0.134211, 0.161085, 0.208199, 0.225302, 0.246099, 0.246992, 0.366247, 0.405062, 0.980011, 1, 

26,1,0.001, 0.0590591, 0.0722254, 0.122506, 0.126699, 0.304451, 0.149451, 0.202552, 0.208199, 0.225302, 0.246099, 0.246992, 0.28358, 0.293466, 0.313137, 0.684573, 0.69069, 0.826435, 0.881323, 0.993948, 1, 

Generation #28
19,4,0.001, 0.0224872, 0.0980587, 0.12444, 0.14573, 0.276168, 0.403844, 0.435665, 0.467588, 0.52338, 0.592495, 1, 

20,3,0.001, 0.0398329, 0.0722254, 0.122506, 0.14573, 0.276168, 0.403844, 0.435665, 0.393986, 0.556328, 0.999865, 1, 

22,2,0.001, 0.0500143, 0.0600092, 0.0929128, 0.117406, 0.134211, 0.161085, 0.208199, 0.225302, 0.246099, 0.246992, 0.366247, 0.405062, 0.980011, 1, 

26,1,0.001, 0.0590591, 0.0722254, 0.122506, 0.126699, 0.304451, 0.149451, 0.202552, 0.208199, 0.225302, 0.246099, 0.246992, 0.28358, 0.293466, 0.313137, 0.684573, 0.69069, 0.826435, 0.881323, 0.993948, 1, 

Generation #29
19,4,0.001, 0.0224872, 0.0980587, 0.12444, 0.14573, 0.276168, 0.403844, 0.435665, 0.467588, 0.52338, 0.592495, 1, 

20,3,0.001, 0.0398329, 0.0722254, 0.122506, 0.14573, 0.276168, 0.403844, 0.435665, 0.393986, 0.556328, 0.999865, 1, 

22,2,0.001, 0.0500143, 0.0600092, 0.0929128, 0.117406, 0.134211, 0.161085, 0.208199, 0.225302, 0.246099, 0.246992, 0.366247, 0.405062, 0.980011, 1, 

26,1,0.001, 0.0590591, 0.0722254, 0.122506, 0.126699, 0.304451, 0.149451, 0.202552, 0.208199, 0.225302, 0.246099, 0.246992, 0.28358, 0.293466, 0.313137, 0.684573, 0.69069, 0.826435, 0.881323, 0.993948, 1, 

Generation #30
19,4,0.001, 0.0224872, 0.0980587, 0.12444, 0.14573, 0.276168, 0.403844, 0.435665, 0.467588, 0.52338, 0.592495, 1, 

20,3,0.001, 0.0398329, 0.0722254, 0.122506, 0.14573, 0.276168, 0.403844, 0.435665, 0.393986, 0.556328, 0.999865, 1, 

22,2,0.001, 0.0500143, 0.0600092, 0.0929128, 0.117406, 0.134211, 0.161085, 0.208199, 0.225302, 0.246099, 0.246992, 0.366247, 0.405062, 0.980011, 1, 

26,1,0.001, 0.0590591, 0.0722254, 0.122506, 0.126699, 0.304451, 0.149451, 0.202552, 0.208199, 0.225302, 0.246099, 0.246992, 0.28358, 0.293466, 0.313137, 0.684573, 0.69069, 0.826435, 0.881323, 0.993948, 1, 

Generation #31
19,4,0.001, 0.0224872, 0.0980587, 0.12444, 0.14573, 0.276168, 0.403844, 0.435665, 0.467588, 0.52338, 0.592495, 1, 

20,3,0.001, 0.0398329, 0.0722254, 0.122506, 0.14573, 0.276168, 0.403844, 0.435665, 0.393986, 0.556328, 0.999865, 1, 

22,2,0.001, 0.0500143, 0.0600092, 0.0929128, 0.117406, 0.134211, 0.161085, 0.208199, 0.225302, 0.246099, 0.246992, 0.366247, 0.405062, 0.980011, 1, 

26,1,0.001, 0.0590591, 0.0722254, 0.122506, 0.126699, 0.304451, 0.149451, 0.202552, 0.208199, 0.225302, 0.246099, 0.246992, 0.28358, 0.293466, 0.313137, 0.684573, 0.69069, 0.826435, 0.881323, 0.993948, 1, 

Generation #32
19,4,0.001, 0.0224872, 0.0980587, 0.12444, 0.14573, 0.276168, 0.403844, 0.435665, 0.467588, 0.52338, 0.592495, 1, 

20,3,0.001, 0.0398329, 0.0722254, 0.122506, 0.14573, 0.276168, 0.403844, 0.435665, 0.393986, 0.556328, 0.999865, 1, 

22,2,0.001, 0.0500143, 0.0600092, 0.0929128, 0.117406, 0.134211, 0.161085, 0.208199, 0.225302, 0.246099, 0.246992, 0.366247, 0.405062, 0.980011, 1, 

26,1,0.001, 0.0590591, 0.0722254, 0.122506, 0.126699, 0.304451, 0.149451, 0.202552, 0.208199, 0.225302, 0.246099, 0.246992, 0.28358, 0.293466, 0.313137, 0.684573, 0.69069, 0.826435, 0.881323, 0.993948, 1, 

Generation #33
19,4,0.001, 0.0224872, 0.0980587, 0.12444, 0.14573, 0.276168, 0.403844, 0.435665, 0.467588, 0.52338, 0.592495, 1, 

20,3,0.001, 0.0398329, 0.0722254, 0.122506, 0.14573, 0.276168, 0.403844, 0.435665, 0.393986, 0.556328, 0.999865, 1, 

22,2,0.001, 0.0500143, 0.0600092, 0.0929128, 0.117406, 0.134211, 0.161085, 0.208199, 0.225302, 0.246099, 0.246992, 0.366247, 0.405062, 0.980011, 1, 

26,1,0.001, 0.0590591, 0.0722254, 0.122506, 0.126699, 0.304451, 0.149451, 0.202552, 0.208199, 0.225302, 0.246099, 0.246992, 0.28358, 0.293466, 0.313137, 0.684573, 0.69069, 0.826435, 0.881323, 0.993948, 1, 

Generation #34
19,4,0.001, 0.0224872, 0.0980587, 0.12444, 0.14573, 0.276168, 0.403844, 0.435665, 0.467588, 0.52338, 0.592495, 1, 

20,3,0.001, 0.0398329, 0.0722254, 0.122506, 0.14573, 0.276168, 0.403844, 0.435665, 0.393986, 0.556328, 0.999865, 1, 

22,2,0.001, 0.0500143, 0.0600092, 0.0929128, 0.117406, 0.134211, 0.161085, 0.208199, 0.225302, 0.246099, 0.246992, 0.366247, 0.405062, 0.980011, 1, 

26,1,0.001, 0.0590591, 0.0722254, 0.122506, 0.126699, 0.304451, 0.149451, 0.202552, 0.208199, 0.225302, 0.246099, 0.246992, 0.28358, 0.293466, 0.313137, 0.684573, 0.69069, 0.826435, 0.881323, 0.993948, 1, 

Generation #35
19,4,0.001, 0.0224872, 0.0980587, 0.12444, 0.14573, 0.276168, 0.403844, 0.435665, 0.467588, 0.52338, 0.592495, 1, 

20,3,0.001, 0.0398329, 0.0722254, 0.122506, 0.14573, 0.276168, 0.403844, 0.435665, 0.393986, 0.556328, 0.999865, 1, 

26,1,0.001, 0.0590591, 0.0722254, 0.122506, 0.126699, 0.304451, 0.149451, 0.202552, 0.208199, 0.225302, 0.246099, 0.246992, 0.28358, 0.293466, 0.313137, 0.684573, 0.69069, 0.826435, 0.881323, 0.993948, 1, 

21,2,0.001, 0.0398329, 0.0406431, 0.0634768, 0.156055, 0.181811, 0.206907, 0.233631, 0.343518, 0.41619, 0.425082, 0.437833, 0.509325, 0.527532, 0.112927, 1, 

Generation #36
19,4,0.001, 0.0224872, 0.0980587, 0.12444, 0.14573, 0.276168, 0.403844, 0.435665, 0.467588, 0.52338, 0.592495, 1, 

20,3,0.001, 0.0398329, 0.0722254, 0.122506, 0.14573, 0.276168, 0.403844, 0.435665, 0.393986, 0.556328, 0.999865, 1, 

26,1,0.001, 0.0590591, 0.0722254, 0.122506, 0.126699, 0.304451, 0.149451, 0.202552, 0.208199, 0.225302, 0.246099, 0.246992, 0.28358, 0.293466, 0.313137, 0.684573, 0.69069, 0.826435, 0.881323, 0.993948, 1, 

21,2,0.001, 0.0398329, 0.0406431, 0.0634768, 0.156055, 0.181811, 0.206907, 0.233631, 0.343518, 0.41619, 0.425082, 0.437833, 0.509325, 0.527532, 0.112927, 1, 

Generation #37
19,4,0.001, 0.0224872, 0.0980587, 0.12444, 0.14573, 0.276168, 0.403844, 0.435665, 0.467588, 0.52338, 0.592495, 1, 

20,3,0.001, 0.0398329, 0.0722254, 0.122506, 0.14573, 0.276168, 0.403844, 0.435665, 0.393986, 0.556328, 0.999865, 1, 

26,1,0.001, 0.0590591, 0.0722254, 0.122506, 0.126699, 0.304451, 0.149451, 0.202552, 0.208199, 0.225302, 0.246099, 0.246992, 0.28358, 0.293466, 0.313137, 0.684573, 0.69069, 0.826435, 0.881323, 0.993948, 1, 

21,2,0.001, 0.0398329, 0.0406431, 0.0634768, 0.156055, 0.181811, 0.206907, 0.233631, 0.343518, 0.41619, 0.425082, 0.437833, 0.509325, 0.527532, 0.112927, 1, 

Generation #38
19,4,0.001, 0.0224872, 0.0980587, 0.12444, 0.14573, 0.276168, 0.403844, 0.435665, 0.467588, 0.52338, 0.592495, 1, 

20,3,0.001, 0.0398329, 0.0722254, 0.122506, 0.14573, 0.276168, 0.403844, 0.435665, 0.393986, 0.556328, 0.999865, 1, 

26,1,0.001, 0.0590591, 0.0722254, 0.122506, 0.126699, 0.304451, 0.149451, 0.202552, 0.208199, 0.225302, 0.246099, 0.246992, 0.28358, 0.293466, 0.313137, 0.684573, 0.69069, 0.826435, 0.881323, 0.993948, 1, 

21,2,0.001, 0.0398329, 0.0406431, 0.0634768, 0.156055, 0.181811, 0.206907, 0.233631, 0.343518, 0.41619, 0.425082, 0.437833, 0.509325, 0.527532, 0.112927, 1, 

Generation #39
19,4,0.001, 0.0224872, 0.0980587, 0.12444, 0.14573, 0.276168, 0.403844, 0.435665, 0.467588, 0.52338, 0.592495, 1, 

20,3,0.001, 0.0398329, 0.0722254, 0.122506, 0.14573, 0.276168, 0.403844, 0.435665, 0.393986, 0.556328, 0.999865, 1, 

26,1,0.001, 0.0590591, 0.0722254, 0.122506, 0.126699, 0.304451, 0.149451, 0.202552, 0.208199, 0.225302, 0.246099, 0.246992, 0.28358, 0.293466, 0.313137, 0.684573, 0.69069, 0.826435, 0.881323, 0.993948, 1, 

21,2,0.001, 0.0398329, 0.0406431, 0.0634768, 0.156055, 0.181811, 0.206907, 0.233631, 0.343518, 0.41619, 0.425082, 0.437833, 0.509325, 0.527532, 0.112927, 1, 

Generation #40
19,4,0.001, 0.0224872, 0.0980587, 0.12444, 0.14573, 0.276168, 0.403844, 0.435665, 0.467588, 0.52338, 0.592495, 1, 

20,3,0.001, 0.0398329, 0.0722254, 0.122506, 0.14573, 0.276168, 0.403844, 0.435665, 0.393986, 0.556328, 0.999865, 1, 

26,1,0.001, 0.0590591, 0.0722254, 0.122506, 0.126699, 0.304451, 0.149451, 0.202552, 0.208199, 0.225302, 0.246099, 0.246992, 0.28358, 0.293466, 0.313137, 0.684573, 0.69069, 0.826435, 0.881323, 0.993948, 1, 

21,2,0.001, 0.0398329, 0.0406431, 0.0634768, 0.156055, 0.181811, 0.206907, 0.233631, 0.343518, 0.41619, 0.425082, 0.437833, 0.509325, 0.527532, 0.112927, 1, 

Generation #41
19,4,0.001, 0.0224872, 0.0980587, 0.12444, 0.14573, 0.276168, 0.403844, 0.435665, 0.467588, 0.52338, 0.592495, 1, 

20,3,0.001, 0.0398329, 0.0722254, 0.122506, 0.14573, 0.276168, 0.403844, 0.435665, 0.393986, 0.556328, 0.999865, 1, 

26,1,0.001, 0.0590591, 0.0722254, 0.122506, 0.126699, 0.304451, 0.149451, 0.202552, 0.208199, 0.225302, 0.246099, 0.246992, 0.28358, 0.293466, 0.313137, 0.684573, 0.69069, 0.826435, 0.881323, 0.993948, 1, 

21,2,0.001, 0.0398329, 0.0406431, 0.0634768, 0.156055, 0.181811, 0.206907, 0.233631, 0.343518, 0.41619, 0.425082, 0.437833, 0.509325, 0.527532, 0.112927, 1, 

18,10,0.001, 0.0628191, 0.066182, 0.0194777, 0.10188, 0.276168, 0.403844, 0.435665, 0.393986, 0.556328, 0.999865, 1, 

Generation #42
19,4,0.001, 0.0224872, 0.0980587, 0.12444, 0.14573, 0.276168, 0.403844, 0.435665, 0.467588, 0.52338, 0.592495, 1, 

20,3,0.001, 0.0398329, 0.0722254, 0.122506, 0.14573, 0.276168, 0.403844, 0.435665, 0.393986, 0.556328, 0.999865, 1, 

26,1,0.001, 0.0590591, 0.0722254, 0.122506, 0.126699, 0.304451, 0.149451, 0.202552, 0.208199, 0.225302, 0.246099, 0.246992, 0.28358, 0.293466, 0.313137, 0.684573, 0.69069, 0.826435, 0.881323, 0.993948, 1, 

21,2,0.001, 0.0398329, 0.0406431, 0.0634768, 0.156055, 0.181811, 0.206907, 0.233631, 0.343518, 0.41619, 0.425082, 0.437833, 0.509325, 0.527532, 0.112927, 1, 

18,10,0.001, 0.0628191, 0.066182, 0.0194777, 0.10188, 0.276168, 0.403844, 0.435665, 0.393986, 0.556328, 0.999865, 1, 

Generation #43
19,4,0.001, 0.0224872, 0.0980587, 0.12444, 0.14573, 0.276168, 0.403844, 0.435665, 0.467588, 0.52338, 0.592495, 1, 

20,3,0.001, 0.0398329, 0.0722254, 0.122506, 0.14573, 0.276168, 0.403844, 0.435665, 0.393986, 0.556328, 0.999865, 1, 

26,1,0.001, 0.0590591, 0.0722254, 0.122506, 0.126699, 0.304451, 0.149451, 0.202552, 0.208199, 0.225302, 0.246099, 0.246992, 0.28358, 0.293466, 0.313137, 0.684573, 0.69069, 0.826435, 0.881323, 0.993948, 1, 

21,2,0.001, 0.0398329, 0.0406431, 0.0634768, 0.156055, 0.181811, 0.206907, 0.233631, 0.343518, 0.41619, 0.425082, 0.437833, 0.509325, 0.527532, 0.112927, 1, 

18,10,0.001, 0.0628191, 0.066182, 0.0194777, 0.10188, 0.276168, 0.403844, 0.435665, 0.393986, 0.556328, 0.999865, 1, 

Generation #44
19,4,0.001, 0.0224872, 0.0980587, 0.12444, 0.14573, 0.276168, 0.403844, 0.435665, 0.467588, 0.52338, 0.592495, 1, 

20,3,0.001, 0.0398329, 0.0722254, 0.122506, 0.14573, 0.276168, 0.403844, 0.435665, 0.393986, 0.556328, 0.999865, 1, 

26,1,0.001, 0.0590591, 0.0722254, 0.122506, 0.126699, 0.304451, 0.149451, 0.202552, 0.208199, 0.225302, 0.246099, 0.246992, 0.28358, 0.293466, 0.313137, 0.684573, 0.69069, 0.826435, 0.881323, 0.993948, 1, 

21,2,0.001, 0.0398329, 0.0406431, 0.0634768, 0.156055, 0.181811, 0.206907, 0.233631, 0.343518, 0.41619, 0.425082, 0.437833, 0.509325, 0.527532, 0.112927, 1, 

18,10,0.001, 0.0628191, 0.066182, 0.0194777, 0.10188, 0.276168, 0.403844, 0.435665, 0.393986, 0.556328, 0.999865, 1, 

Generation #45
19,4,0.001, 0.0224872, 0.0980587, 0.12444, 0.14573, 0.276168, 0.403844, 0.435665, 0.467588, 0.52338, 0.592495, 1, 

20,3,0.001, 0.0398329, 0.0722254, 0.122506, 0.14573, 0.276168, 0.403844, 0.435665, 0.393986, 0.556328, 0.999865, 1, 

26,1,0.001, 0.0590591, 0.0722254, 0.122506, 0.126699, 0.304451, 0.149451, 0.202552, 0.208199, 0.225302, 0.246099, 0.246992, 0.28358, 0.293466, 0.313137, 0.684573, 0.69069, 0.826435, 0.881323, 0.993948, 1, 

21,2,0.001, 0.0398329, 0.0406431, 0.0634768, 0.156055, 0.181811, 0.206907, 0.233631, 0.343518, 0.41619, 0.425082, 0.437833, 0.509325, 0.527532, 0.112927, 1, 

18,10,0.001, 0.0628191, 0.066182, 0.0194777, 0.10188, 0.276168, 0.403844, 0.435665, 0.393986, 0.556328, 0.999865, 1, 

Generation #46
19,4,0.001, 0.0224872, 0.0980587, 0.12444, 0.14573, 0.276168, 0.403844, 0.435665, 0.467588, 0.52338, 0.592495, 1, 

20,3,0.001, 0.0398329, 0.0722254, 0.122506, 0.14573, 0.276168, 0.403844, 0.435665, 0.393986, 0.556328, 0.999865, 1, 

26,1,0.001, 0.0590591, 0.0722254, 0.122506, 0.126699, 0.304451, 0.149451, 0.202552, 0.208199, 0.225302, 0.246099, 0.246992, 0.28358, 0.293466, 0.313137, 0.684573, 0.69069, 0.826435, 0.881323, 0.993948, 1, 

21,2,0.001, 0.0398329, 0.0406431, 0.0634768, 0.156055, 0.181811, 0.206907, 0.233631, 0.343518, 0.41619, 0.425082, 0.437833, 0.509325, 0.527532, 0.112927, 1, 

18,10,0.001, 0.0628191, 0.066182, 0.0194777, 0.10188, 0.276168, 0.403844, 0.435665, 0.393986, 0.556328, 0.999865, 1, 

Generation #47
19,4,0.001, 0.0224872, 0.0980587, 0.12444, 0.14573, 0.276168, 0.403844, 0.435665, 0.467588, 0.52338, 0.592495, 1, 

26,1,0.001, 0.0590591, 0.0722254, 0.122506, 0.126699, 0.304451, 0.149451, 0.202552, 0.208199, 0.225302, 0.246099, 0.246992, 0.28358, 0.293466, 0.313137, 0.684573, 0.69069, 0.826435, 0.881323, 0.993948, 1, 

18,6,0.001, 0.0398329, 0.0406431, 0.0634768, 0.403844, 0.435665, 0.393986, 0.556328, 1, 

20,2,0.001, 0.0500143, 0.0722254, 0.122506, 0.14573, 0.276168, 0.403844, 0.435665, 0.393986, 0.556328, 0.999865, 1, 

Generation #48
19,4,0.001, 0.0224872, 0.0980587, 0.12444, 0.14573, 0.276168, 0.403844, 0.435665, 0.467588, 0.52338, 0.592495, 1, 

26,1,0.001, 0.0590591, 0.0722254, 0.122506, 0.126699, 0.304451, 0.149451, 0.202552, 0.208199, 0.225302, 0.246099, 0.246992, 0.28358, 0.293466, 0.313137, 0.684573, 0.69069, 0.826435, 0.881323, 0.993948, 1, 

18,6,0.001, 0.0398329, 0.0406431, 0.0634768, 0.403844, 0.435665, 0.393986, 0.556328, 1, 

20,2,0.001, 0.0500143, 0.0722254, 0.122506, 0.14573, 0.276168, 0.403844, 0.435665, 0.393986, 0.556328, 0.999865, 1, 

Generation #49
19,4,0.001, 0.0224872, 0.0980587, 0.12444, 0.14573, 0.276168, 0.403844, 0.435665, 0.467588, 0.52338, 0.592495, 1, 

26,1,0.001, 0.0590591, 0.0722254, 0.122506, 0.126699, 0.304451, 0.149451, 0.202552, 0.208199, 0.225302, 0.246099, 0.246992, 0.28358, 0.293466, 0.313137, 0.684573, 0.69069, 0.826435, 0.881323, 0.993948, 1, 

18,6,0.001, 0.0398329, 0.0406431, 0.0634768, 0.403844, 0.435665, 0.393986, 0.556328, 1, 

20,2,0.001, 0.0500143, 0.0722254, 0.122506, 0.14573, 0.276168, 0.403844, 0.435665, 0.393986, 0.556328, 0.999865, 1, 

--- Pareto Front Solutions ---
Solution 0: N total=101 (N_initial=82, N_added=19), Time total=21 ms, Saved to: ./results/SPINV_t2_l4_pareto_0.csv, percents=0.001, 0.0224872, 0.0980587, 0.12444, 0.14573, 0.276168, 0.403844, 0.435665, 0.467588, 0.52338, 0.592495, 1, 

Solution 1: N total=108 (N_initial=82, N_added=26), Time total=18 ms, Saved to: ./results/SPINV_t2_l4_pareto_1.csv, percents=0.001, 0.0590591, 0.0722254, 0.122506, 0.126699, 0.304451, 0.149451, 0.202552, 0.208199, 0.225302, 0.246099, 0.246992, 0.28358, 0.293466, 0.313137, 0.684573, 0.69069, 0.826435, 0.881323, 0.993948, 1, 

Solution 2: N total=100 (N_initial=82, N_added=18), Time total=23 ms, Saved to: ./results/SPINV_t2_l4_pareto_2.csv, percents=0.001, 0.0398329, 0.0406431, 0.0634768, 0.403844, 0.435665, 0.393986, 0.556328, 1, 

Solution 3: N total=102 (N_initial=82, N_added=20), Time total=19 ms, Saved to: ./results/SPINV_t2_l4_pareto_3.csv, percents=0.001, 0.0500143, 0.0722254, 0.122506, 0.14573, 0.276168, 0.403844, 0.435665, 0.393986, 0.556328, 0.999865, 1, 

