------------d=1, t=3, lambda=1, filename=./evaluation/Make/Make_3_1.csv------------
Computing partitioned counts of d-sets...
Ready to look at pairs based on partitioned counts...
First Stage N=138, Time=186
There are 10072 remaining non-locating pairs
--- Running GA Algorithm (phase2) ---
Running GA with std::execution::par
Generation #0
204,4165,0.001, 0.06713, 0.0674232, 0.117336, 0.141682, 0.173924, 0.363872, 0.411498, 0.434517, 0.441918, 0.457509, 0.478828, 0.483178, 0.488401, 0.498398, 0.711005, 0.735319, 0.744631, 0.82902, 0.829059, 0.891394, 0.946545, 0.95004, 1, 

216,3066,0.001, 0.016831, 0.0528152, 0.0980615, 0.106911, 0.119235, 0.150345, 0.17776, 0.247358, 0.299091, 0.400537, 0.470213, 0.492376, 0.576229, 0.613618, 0.67643, 0.75629, 0.776041, 0.831382, 0.839098, 0.844438, 0.957415, 0.970357, 1, 

215,3531,0.001, 0.0110509, 0.0391854, 0.0928903, 0.129683, 0.148351, 0.15305, 0.161136, 0.234665, 0.262227, 0.262612, 0.288228, 0.29071, 0.387741, 0.387959, 0.439057, 0.598829, 0.623264, 0.646717, 0.734431, 0.75492, 0.778334, 0.828504, 0.918703, 0.937746, 1, 

214,3649,0.001, 0.0485364, 0.0638381, 0.103473, 0.112512, 0.157387, 0.207509, 0.233497, 0.34024, 0.425078, 0.623749, 0.642961, 0.77327, 0.821051, 0.86027, 0.97724, 1, 

Generation #1
204,4165,0.001, 0.06713, 0.0674232, 0.117336, 0.141682, 0.173924, 0.363872, 0.411498, 0.434517, 0.441918, 0.457509, 0.478828, 0.483178, 0.488401, 0.498398, 0.711005, 0.735319, 0.744631, 0.82902, 0.829059, 0.891394, 0.946545, 0.95004, 1, 

207,4131,0.001, 0.0662492, 0.120139, 0.176954, 0.202528, 0.233823, 0.25393, 0.331906, 0.444786, 0.499249, 0.5138, 0.550361, 0.557304, 0.790189, 0.928789, 1, 

212,1918,0.001, 0.0234395, 0.0391854, 0.0928903, 0.129683, 0.148351, 0.15305, 0.161136, 0.234665, 0.262227, 0.262612, 0.288228, 0.29071, 0.387741, 0.387959, 0.439057, 0.598829, 0.623264, 0.646717, 0.734431, 0.75492, 0.778334, 0.828504, 0.918703, 0.937746, 1, 

211,3124,0.001, 0.0414656, 0.0521207, 0.0686577, 0.117633, 0.126995, 0.163411, 0.214394, 0.422169, 0.783244, 0.803073, 0.930679, 1, 

Generation #2
212,1918,0.001, 0.0234395, 0.0391854, 0.0928903, 0.129683, 0.148351, 0.15305, 0.161136, 0.234665, 0.262227, 0.262612, 0.288228, 0.29071, 0.387741, 0.387959, 0.439057, 0.598829, 0.623264, 0.646717, 0.734431, 0.75492, 0.778334, 0.828504, 0.918703, 0.937746, 1, 

201,3466,0.001, 0.0691965, 0.0903244, 0.091733, 0.112512, 0.157387, 0.207509, 0.233497, 0.34024, 0.425078, 0.487233, 0.499855, 0.560467, 0.596326, 0.623889, 0.38746, 0.687021, 0.786031, 0.860464, 0.966642, 1, 

209,3046,0.001, 0.0234395, 0.0391854, 0.0928903, 0.129683, 0.148351, 0.15305, 0.161136, 0.234665, 0.262227, 0.262612, 0.288228, 0.29071, 0.396706, 0.387959, 0.439057, 0.598829, 0.979755, 1, 

210,2774,0.001, 0.0254464, 0.0366954, 0.0698214, 0.10015, 0.173493, 0.182069, 0.201765, 0.215415, 0.215567, 0.262612, 0.288228, 0.29071, 0.387741, 0.387959, 0.439057, 0.598829, 0.623264, 0.646717, 0.734431, 0.75492, 0.778334, 0.828504, 0.918703, 0.937746, 1, 

Generation #3
212,1918,0.001, 0.0234395, 0.0391854, 0.0928903, 0.129683, 0.148351, 0.15305, 0.161136, 0.234665, 0.262227, 0.262612, 0.288228, 0.29071, 0.387741, 0.387959, 0.439057, 0.598829, 0.623264, 0.646717, 0.734431, 0.75492, 0.778334, 0.828504, 0.918703, 0.937746, 1, 

218,1761,0.001, 0.0110509, 0.0391854, 0.0928903, 0.075425, 0.14546, 0.153692, 0.211271, 0.22996, 0.363127, 0.304855, 0.31975, 0.359774, 0.821051, 0.86027, 0.97724, 1, 

200,2526,0.001, 0.0266537, 0.037516, 0.040253, 0.075425, 0.14546, 0.153692, 0.211271, 0.22996, 0.304855, 0.31975, 0.359774, 0.379474, 0.432226, 1, 

Generation #4
212,1918,0.001, 0.0234395, 0.0391854, 0.0928903, 0.129683, 0.148351, 0.15305, 0.161136, 0.234665, 0.262227, 0.262612, 0.288228, 0.29071, 0.387741, 0.387959, 0.439057, 0.598829, 0.623264, 0.646717, 0.734431, 0.75492, 0.778334, 0.828504, 0.918703, 0.937746, 1, 

218,1761,0.001, 0.0110509, 0.0391854, 0.0928903, 0.075425, 0.14546, 0.153692, 0.211271, 0.22996, 0.363127, 0.304855, 0.31975, 0.359774, 0.821051, 0.86027, 0.97724, 1, 

200,2526,0.001, 0.0266537, 0.037516, 0.040253, 0.075425, 0.14546, 0.153692, 0.211271, 0.22996, 0.304855, 0.31975, 0.359774, 0.379474, 0.432226, 1, 

211,2426,0.001, 0.0141455, 0.0218816, 0.0456565, 0.22262, 0.14546, 0.153692, 0.211271, 0.22996, 0.304855, 0.31975, 0.359774, 0.379474, 0.432226, 1, 

208,2494,0.001, 0.0266537, 0.037516, 0.040253, 0.142215, 0.15825, 0.15305, 0.161136, 0.234665, 0.262227, 0.262612, 0.288228, 0.29071, 0.396706, 0.387959, 0.439057, 0.598829, 0.5515, 1, 

Generation #5
212,1918,0.001, 0.0234395, 0.0391854, 0.0928903, 0.129683, 0.148351, 0.15305, 0.161136, 0.234665, 0.262227, 0.262612, 0.288228, 0.29071, 0.387741, 0.387959, 0.439057, 0.598829, 0.623264, 0.646717, 0.734431, 0.75492, 0.778334, 0.828504, 0.918703, 0.937746, 1, 

218,1761,0.001, 0.0110509, 0.0391854, 0.0928903, 0.075425, 0.14546, 0.153692, 0.211271, 0.22996, 0.363127, 0.304855, 0.31975, 0.359774, 0.821051, 0.86027, 0.97724, 1, 

200,2526,0.001, 0.0266537, 0.037516, 0.040253, 0.075425, 0.14546, 0.153692, 0.211271, 0.22996, 0.304855, 0.31975, 0.359774, 0.379474, 0.432226, 1, 

211,2426,0.001, 0.0141455, 0.0218816, 0.0456565, 0.22262, 0.14546, 0.153692, 0.211271, 0.22996, 0.304855, 0.31975, 0.359774, 0.379474, 0.432226, 1, 

206,2427,0.001, 0.017851, 0.0501659, 0.0456565, 0.22262, 0.14546, 0.153692, 0.211271, 0.22996, 0.304855, 0.31975, 0.359774, 0.131101, 0.432226, 1, 

Generation #6
212,1918,0.001, 0.0234395, 0.0391854, 0.0928903, 0.129683, 0.148351, 0.15305, 0.161136, 0.234665, 0.262227, 0.262612, 0.288228, 0.29071, 0.387741, 0.387959, 0.439057, 0.598829, 0.623264, 0.646717, 0.734431, 0.75492, 0.778334, 0.828504, 0.918703, 0.937746, 1, 

218,1761,0.001, 0.0110509, 0.0391854, 0.0928903, 0.075425, 0.14546, 0.153692, 0.211271, 0.22996, 0.363127, 0.304855, 0.31975, 0.359774, 0.821051, 0.86027, 0.97724, 1, 

200,2526,0.001, 0.0266537, 0.037516, 0.040253, 0.075425, 0.14546, 0.153692, 0.211271, 0.22996, 0.304855, 0.31975, 0.359774, 0.379474, 0.432226, 1, 

206,2427,0.001, 0.017851, 0.0501659, 0.0456565, 0.22262, 0.14546, 0.153692, 0.211271, 0.22996, 0.304855, 0.31975, 0.359774, 0.131101, 0.432226, 1, 

195,3253,0.001, 0.0266537, 0.0752839, 0.0456565, 0.126535, 0.171676, 0.223503, 0.161136, 0.234665, 0.262227, 0.262612, 0.288228, 0.29071, 0.396706, 0.387959, 0.439057, 0.598829, 0.5515, 1, 

209,2210,0.001, 0.0211516, 0.0392133, 0.0765168, 0.109886, 0.119161, 0.216399, 0.246362, 0.248876, 0.578835, 0.632639, 0.714346, 0.747626, 0.902875, 0.966634, 1, 

Generation #7
212,1918,0.001, 0.0234395, 0.0391854, 0.0928903, 0.129683, 0.148351, 0.15305, 0.161136, 0.234665, 0.262227, 0.262612, 0.288228, 0.29071, 0.387741, 0.387959, 0.439057, 0.598829, 0.623264, 0.646717, 0.734431, 0.75492, 0.778334, 0.828504, 0.918703, 0.937746, 1, 

218,1761,0.001, 0.0110509, 0.0391854, 0.0928903, 0.075425, 0.14546, 0.153692, 0.211271, 0.22996, 0.363127, 0.304855, 0.31975, 0.359774, 0.821051, 0.86027, 0.97724, 1, 

209,2210,0.001, 0.0211516, 0.0392133, 0.0765168, 0.109886, 0.119161, 0.216399, 0.246362, 0.248876, 0.578835, 0.632639, 0.714346, 0.747626, 0.902875, 0.966634, 1, 

193,2320,0.001, 0.0141455, 0.0218816, 0.0456565, 0.126535, 0.171676, 0.223503, 0.214394, 0.422169, 0.783244, 0.803073, 0.930679, 1, 

Generation #8
212,1918,0.001, 0.0234395, 0.0391854, 0.0928903, 0.129683, 0.148351, 0.15305, 0.161136, 0.234665, 0.262227, 0.262612, 0.288228, 0.29071, 0.387741, 0.387959, 0.439057, 0.598829, 0.623264, 0.646717, 0.734431, 0.75492, 0.778334, 0.828504, 0.918703, 0.937746, 1, 

218,1761,0.001, 0.0110509, 0.0391854, 0.0928903, 0.075425, 0.14546, 0.153692, 0.211271, 0.22996, 0.363127, 0.304855, 0.31975, 0.359774, 0.821051, 0.86027, 0.97724, 1, 

193,2320,0.001, 0.0141455, 0.0218816, 0.0456565, 0.126535, 0.171676, 0.223503, 0.214394, 0.422169, 0.783244, 0.803073, 0.930679, 1, 

205,2285,0.001, 0.0110509, 0.0391854, 0.0980615, 0.106911, 0.119235, 0.150345, 0.17776, 0.304855, 0.31975, 0.359774, 0.379474, 0.432226, 1, 

207,2166,0.001, 0.0110509, 0.0391854, 0.0928903, 0.117633, 0.126995, 0.163411, 0.211271, 0.22996, 0.363127, 0.304855, 0.31975, 0.359774, 0.821051, 0.86027, 0.97724, 1, 

Generation #9
212,1918,0.001, 0.0234395, 0.0391854, 0.0928903, 0.129683, 0.148351, 0.15305, 0.161136, 0.234665, 0.262227, 0.262612, 0.288228, 0.29071, 0.387741, 0.387959, 0.439057, 0.598829, 0.623264, 0.646717, 0.734431, 0.75492, 0.778334, 0.828504, 0.918703, 0.937746, 1, 

218,1761,0.001, 0.0110509, 0.0391854, 0.0928903, 0.075425, 0.14546, 0.153692, 0.211271, 0.22996, 0.363127, 0.304855, 0.31975, 0.359774, 0.821051, 0.86027, 0.97724, 1, 

193,2320,0.001, 0.0141455, 0.0218816, 0.0456565, 0.126535, 0.171676, 0.223503, 0.214394, 0.422169, 0.783244, 0.803073, 0.930679, 1, 

207,2166,0.001, 0.0110509, 0.0391854, 0.0928903, 0.117633, 0.126995, 0.163411, 0.211271, 0.22996, 0.363127, 0.304855, 0.31975, 0.359774, 0.821051, 0.86027, 0.97724, 1, 

195,2309,0.001, 0.0141455, 0.0218816, 0.0456565, 0.126535, 0.171676, 0.223503, 0.360442, 0.365705, 0.346068, 0.390185, 0.432226, 1, 

198,2179,0.001, 0.0110509, 0.0391854, 0.0928903, 0.117633, 0.126995, 0.163411, 0.214394, 0.422169, 0.783244, 0.803073, 0.359774, 0.379474, 0.432226, 1, 

Generation #10
212,1918,0.001, 0.0234395, 0.0391854, 0.0928903, 0.129683, 0.148351, 0.15305, 0.161136, 0.234665, 0.262227, 0.262612, 0.288228, 0.29071, 0.387741, 0.387959, 0.439057, 0.598829, 0.623264, 0.646717, 0.734431, 0.75492, 0.778334, 0.828504, 0.918703, 0.937746, 1, 

218,1761,0.001, 0.0110509, 0.0391854, 0.0928903, 0.075425, 0.14546, 0.153692, 0.211271, 0.22996, 0.363127, 0.304855, 0.31975, 0.359774, 0.821051, 0.86027, 0.97724, 1, 

193,2320,0.001, 0.0141455, 0.0218816, 0.0456565, 0.126535, 0.171676, 0.223503, 0.214394, 0.422169, 0.783244, 0.803073, 0.930679, 1, 

207,2166,0.001, 0.0110509, 0.0391854, 0.0928903, 0.117633, 0.126995, 0.163411, 0.211271, 0.22996, 0.363127, 0.304855, 0.31975, 0.359774, 0.821051, 0.86027, 0.97724, 1, 

198,2179,0.001, 0.0110509, 0.0391854, 0.0928903, 0.117633, 0.126995, 0.163411, 0.214394, 0.422169, 0.783244, 0.803073, 0.359774, 0.379474, 0.432226, 1, 

187,2868,0.001, 0.0110509, 0.0391854, 0.0928903, 0.117633, 0.126995, 0.15305, 0.234665, 0.262227, 0.803073, 0.930679, 0.747626, 0.902875, 0.966634, 1, 

195,2234,0.001, 0.0141455, 0.0218816, 0.0456565, 0.126535, 0.171676, 0.223503, 0.360442, 0.365705, 0.346068, 0.31975, 0.359774, 0.379474, 0.432226, 1, 

Generation #11
212,1918,0.001, 0.0234395, 0.0391854, 0.0928903, 0.129683, 0.148351, 0.15305, 0.161136, 0.234665, 0.262227, 0.262612, 0.288228, 0.29071, 0.387741, 0.387959, 0.439057, 0.598829, 0.623264, 0.646717, 0.734431, 0.75492, 0.778334, 0.828504, 0.918703, 0.937746, 1, 

193,2320,0.001, 0.0141455, 0.0218816, 0.0456565, 0.126535, 0.171676, 0.223503, 0.214394, 0.422169, 0.783244, 0.803073, 0.930679, 1, 

198,2179,0.001, 0.0110509, 0.0391854, 0.0928903, 0.117633, 0.126995, 0.163411, 0.214394, 0.422169, 0.783244, 0.803073, 0.359774, 0.379474, 0.432226, 1, 

187,2868,0.001, 0.0110509, 0.0391854, 0.0928903, 0.117633, 0.126995, 0.15305, 0.234665, 0.262227, 0.803073, 0.930679, 0.747626, 0.902875, 0.966634, 1, 

195,2234,0.001, 0.0141455, 0.0218816, 0.0456565, 0.126535, 0.171676, 0.223503, 0.360442, 0.365705, 0.346068, 0.31975, 0.359774, 0.379474, 0.432226, 1, 

202,2107,0.001, 0.0110509, 0.0391854, 0.0928903, 0.075425, 0.119235, 0.150345, 0.17776, 0.247358, 0.299091, 0.31975, 0.359774, 0.379474, 0.432226, 1, 

218,1628,0.001, 0.0110509, 0.0391854, 0.0928903, 0.117633, 0.126995, 0.163411, 0.360442, 0.365705, 0.346068, 0.31975, 0.359774, 0.379474, 0.432226, 1, 

Generation #12
212,1918,0.001, 0.0234395, 0.0391854, 0.0928903, 0.129683, 0.148351, 0.15305, 0.161136, 0.234665, 0.262227, 0.262612, 0.288228, 0.29071, 0.387741, 0.387959, 0.439057, 0.598829, 0.623264, 0.646717, 0.734431, 0.75492, 0.778334, 0.828504, 0.918703, 0.937746, 1, 

193,2320,0.001, 0.0141455, 0.0218816, 0.0456565, 0.126535, 0.171676, 0.223503, 0.214394, 0.422169, 0.783244, 0.803073, 0.930679, 1, 

187,2868,0.001, 0.0110509, 0.0391854, 0.0928903, 0.117633, 0.126995, 0.15305, 0.234665, 0.262227, 0.803073, 0.930679, 0.747626, 0.902875, 0.966634, 1, 

195,2234,0.001, 0.0141455, 0.0218816, 0.0456565, 0.126535, 0.171676, 0.223503, 0.360442, 0.365705, 0.346068, 0.31975, 0.359774, 0.379474, 0.432226, 1, 

218,1628,0.001, 0.0110509, 0.0391854, 0.0928903, 0.117633, 0.126995, 0.163411, 0.360442, 0.365705, 0.346068, 0.31975, 0.359774, 0.379474, 0.432226, 1, 

198,1937,0.001, 0.0110509, 0.0391854, 0.0980615, 0.106911, 0.119235, 0.150345, 0.17776, 0.247358, 0.299091, 0.556699, 0.876697, 0.359774, 0.379474, 0.387741, 0.387959, 0.439057, 0.598829, 0.623264, 1, 

220,1584,0.001, 0.0141455, 0.0218816, 0.0928903, 0.129683, 0.14546, 0.153692, 0.211271, 0.22996, 0.378822, 0.31975, 0.359774, 0.270198, 0.432226, 1, 

Generation #13
212,1918,0.001, 0.0234395, 0.0391854, 0.0928903, 0.129683, 0.148351, 0.15305, 0.161136, 0.234665, 0.262227, 0.262612, 0.288228, 0.29071, 0.387741, 0.387959, 0.439057, 0.598829, 0.623264, 0.646717, 0.734431, 0.75492, 0.778334, 0.828504, 0.918703, 0.937746, 1, 

193,2320,0.001, 0.0141455, 0.0218816, 0.0456565, 0.126535, 0.171676, 0.223503, 0.214394, 0.422169, 0.783244, 0.803073, 0.930679, 1, 

187,2868,0.001, 0.0110509, 0.0391854, 0.0928903, 0.117633, 0.126995, 0.15305, 0.234665, 0.262227, 0.803073, 0.930679, 0.747626, 0.902875, 0.966634, 1, 

195,2234,0.001, 0.0141455, 0.0218816, 0.0456565, 0.126535, 0.171676, 0.223503, 0.360442, 0.365705, 0.346068, 0.31975, 0.359774, 0.379474, 0.432226, 1, 

218,1628,0.001, 0.0110509, 0.0391854, 0.0928903, 0.117633, 0.126995, 0.163411, 0.360442, 0.365705, 0.346068, 0.31975, 0.359774, 0.379474, 0.432226, 1, 

198,1937,0.001, 0.0110509, 0.0391854, 0.0980615, 0.106911, 0.119235, 0.150345, 0.17776, 0.247358, 0.299091, 0.556699, 0.876697, 0.359774, 0.379474, 0.387741, 0.387959, 0.439057, 0.598829, 0.623264, 1, 

220,1584,0.001, 0.0141455, 0.0218816, 0.0928903, 0.129683, 0.14546, 0.153692, 0.211271, 0.22996, 0.378822, 0.31975, 0.359774, 0.270198, 0.432226, 1, 

Generation #14
193,2320,0.001, 0.0141455, 0.0218816, 0.0456565, 0.126535, 0.171676, 0.223503, 0.214394, 0.422169, 0.783244, 0.803073, 0.930679, 1, 

187,2868,0.001, 0.0110509, 0.0391854, 0.0928903, 0.117633, 0.126995, 0.15305, 0.234665, 0.262227, 0.803073, 0.930679, 0.747626, 0.902875, 0.966634, 1, 

195,2234,0.001, 0.0141455, 0.0218816, 0.0456565, 0.126535, 0.171676, 0.223503, 0.360442, 0.365705, 0.346068, 0.31975, 0.359774, 0.379474, 0.432226, 1, 

218,1628,0.001, 0.0110509, 0.0391854, 0.0928903, 0.117633, 0.126995, 0.163411, 0.360442, 0.365705, 0.346068, 0.31975, 0.359774, 0.379474, 0.432226, 1, 

198,1937,0.001, 0.0110509, 0.0391854, 0.0980615, 0.106911, 0.119235, 0.150345, 0.17776, 0.247358, 0.299091, 0.556699, 0.876697, 0.359774, 0.379474, 0.387741, 0.387959, 0.439057, 0.598829, 0.623264, 1, 

220,1584,0.001, 0.0141455, 0.0218816, 0.0928903, 0.129683, 0.14546, 0.153692, 0.211271, 0.22996, 0.378822, 0.31975, 0.359774, 0.270198, 0.432226, 1, 

205,1827,0.001, 0.0141455, 0.0218816, 0.0765168, 0.109886, 0.119235, 0.150345, 0.211271, 0.22996, 0.31975, 0.359774, 0.270198, 0.432226, 1, 

Generation #15
193,2320,0.001, 0.0141455, 0.0218816, 0.0456565, 0.126535, 0.171676, 0.223503, 0.214394, 0.422169, 0.783244, 0.803073, 0.930679, 1, 

187,2868,0.001, 0.0110509, 0.0391854, 0.0928903, 0.117633, 0.126995, 0.15305, 0.234665, 0.262227, 0.803073, 0.930679, 0.747626, 0.902875, 0.966634, 1, 

195,2234,0.001, 0.0141455, 0.0218816, 0.0456565, 0.126535, 0.171676, 0.223503, 0.360442, 0.365705, 0.346068, 0.31975, 0.359774, 0.379474, 0.432226, 1, 

218,1628,0.001, 0.0110509, 0.0391854, 0.0928903, 0.117633, 0.126995, 0.163411, 0.360442, 0.365705, 0.346068, 0.31975, 0.359774, 0.379474, 0.432226, 1, 

198,1937,0.001, 0.0110509, 0.0391854, 0.0980615, 0.106911, 0.119235, 0.150345, 0.17776, 0.247358, 0.299091, 0.556699, 0.876697, 0.359774, 0.379474, 0.387741, 0.387959, 0.439057, 0.598829, 0.623264, 1, 

220,1584,0.001, 0.0141455, 0.0218816, 0.0928903, 0.129683, 0.14546, 0.153692, 0.211271, 0.22996, 0.378822, 0.31975, 0.359774, 0.270198, 0.432226, 1, 

205,1827,0.001, 0.0141455, 0.0218816, 0.0765168, 0.109886, 0.119235, 0.150345, 0.211271, 0.22996, 0.31975, 0.359774, 0.270198, 0.432226, 1, 

Generation #16
193,2320,0.001, 0.0141455, 0.0218816, 0.0456565, 0.126535, 0.171676, 0.223503, 0.214394, 0.422169, 0.783244, 0.803073, 0.930679, 1, 

187,2868,0.001, 0.0110509, 0.0391854, 0.0928903, 0.117633, 0.126995, 0.15305, 0.234665, 0.262227, 0.803073, 0.930679, 0.747626, 0.902875, 0.966634, 1, 

195,2234,0.001, 0.0141455, 0.0218816, 0.0456565, 0.126535, 0.171676, 0.223503, 0.360442, 0.365705, 0.346068, 0.31975, 0.359774, 0.379474, 0.432226, 1, 

218,1628,0.001, 0.0110509, 0.0391854, 0.0928903, 0.117633, 0.126995, 0.163411, 0.360442, 0.365705, 0.346068, 0.31975, 0.359774, 0.379474, 0.432226, 1, 

198,1937,0.001, 0.0110509, 0.0391854, 0.0980615, 0.106911, 0.119235, 0.150345, 0.17776, 0.247358, 0.299091, 0.556699, 0.876697, 0.359774, 0.379474, 0.387741, 0.387959, 0.439057, 0.598829, 0.623264, 1, 

220,1584,0.001, 0.0141455, 0.0218816, 0.0928903, 0.129683, 0.14546, 0.153692, 0.211271, 0.22996, 0.378822, 0.31975, 0.359774, 0.270198, 0.432226, 1, 

205,1827,0.001, 0.0141455, 0.0218816, 0.0765168, 0.109886, 0.119235, 0.150345, 0.211271, 0.22996, 0.31975, 0.359774, 0.270198, 0.432226, 1, 

Generation #17
193,2320,0.001, 0.0141455, 0.0218816, 0.0456565, 0.126535, 0.171676, 0.223503, 0.214394, 0.422169, 0.783244, 0.803073, 0.930679, 1, 

187,2868,0.001, 0.0110509, 0.0391854, 0.0928903, 0.117633, 0.126995, 0.15305, 0.234665, 0.262227, 0.803073, 0.930679, 0.747626, 0.902875, 0.966634, 1, 

195,2234,0.001, 0.0141455, 0.0218816, 0.0456565, 0.126535, 0.171676, 0.223503, 0.360442, 0.365705, 0.346068, 0.31975, 0.359774, 0.379474, 0.432226, 1, 

218,1628,0.001, 0.0110509, 0.0391854, 0.0928903, 0.117633, 0.126995, 0.163411, 0.360442, 0.365705, 0.346068, 0.31975, 0.359774, 0.379474, 0.432226, 1, 

198,1937,0.001, 0.0110509, 0.0391854, 0.0980615, 0.106911, 0.119235, 0.150345, 0.17776, 0.247358, 0.299091, 0.556699, 0.876697, 0.359774, 0.379474, 0.387741, 0.387959, 0.439057, 0.598829, 0.623264, 1, 

220,1584,0.001, 0.0141455, 0.0218816, 0.0928903, 0.129683, 0.14546, 0.153692, 0.211271, 0.22996, 0.378822, 0.31975, 0.359774, 0.270198, 0.432226, 1, 

205,1827,0.001, 0.0141455, 0.0218816, 0.0765168, 0.109886, 0.119235, 0.150345, 0.211271, 0.22996, 0.31975, 0.359774, 0.270198, 0.432226, 1, 

Generation #18
193,2320,0.001, 0.0141455, 0.0218816, 0.0456565, 0.126535, 0.171676, 0.223503, 0.214394, 0.422169, 0.783244, 0.803073, 0.930679, 1, 

187,2868,0.001, 0.0110509, 0.0391854, 0.0928903, 0.117633, 0.126995, 0.15305, 0.234665, 0.262227, 0.803073, 0.930679, 0.747626, 0.902875, 0.966634, 1, 

195,2234,0.001, 0.0141455, 0.0218816, 0.0456565, 0.126535, 0.171676, 0.223503, 0.360442, 0.365705, 0.346068, 0.31975, 0.359774, 0.379474, 0.432226, 1, 

218,1628,0.001, 0.0110509, 0.0391854, 0.0928903, 0.117633, 0.126995, 0.163411, 0.360442, 0.365705, 0.346068, 0.31975, 0.359774, 0.379474, 0.432226, 1, 

198,1937,0.001, 0.0110509, 0.0391854, 0.0980615, 0.106911, 0.119235, 0.150345, 0.17776, 0.247358, 0.299091, 0.556699, 0.876697, 0.359774, 0.379474, 0.387741, 0.387959, 0.439057, 0.598829, 0.623264, 1, 

220,1584,0.001, 0.0141455, 0.0218816, 0.0928903, 0.129683, 0.14546, 0.153692, 0.211271, 0.22996, 0.378822, 0.31975, 0.359774, 0.270198, 0.432226, 1, 

205,1827,0.001, 0.0141455, 0.0218816, 0.0765168, 0.109886, 0.119235, 0.150345, 0.211271, 0.22996, 0.31975, 0.359774, 0.270198, 0.432226, 1, 

Generation #19
193,2320,0.001, 0.0141455, 0.0218816, 0.0456565, 0.126535, 0.171676, 0.223503, 0.214394, 0.422169, 0.783244, 0.803073, 0.930679, 1, 

187,2868,0.001, 0.0110509, 0.0391854, 0.0928903, 0.117633, 0.126995, 0.15305, 0.234665, 0.262227, 0.803073, 0.930679, 0.747626, 0.902875, 0.966634, 1, 

195,2234,0.001, 0.0141455, 0.0218816, 0.0456565, 0.126535, 0.171676, 0.223503, 0.360442, 0.365705, 0.346068, 0.31975, 0.359774, 0.379474, 0.432226, 1, 

218,1628,0.001, 0.0110509, 0.0391854, 0.0928903, 0.117633, 0.126995, 0.163411, 0.360442, 0.365705, 0.346068, 0.31975, 0.359774, 0.379474, 0.432226, 1, 

198,1937,0.001, 0.0110509, 0.0391854, 0.0980615, 0.106911, 0.119235, 0.150345, 0.17776, 0.247358, 0.299091, 0.556699, 0.876697, 0.359774, 0.379474, 0.387741, 0.387959, 0.439057, 0.598829, 0.623264, 1, 

220,1584,0.001, 0.0141455, 0.0218816, 0.0928903, 0.129683, 0.14546, 0.153692, 0.211271, 0.22996, 0.378822, 0.31975, 0.359774, 0.270198, 0.432226, 1, 

205,1827,0.001, 0.0141455, 0.0218816, 0.0765168, 0.109886, 0.119235, 0.150345, 0.211271, 0.22996, 0.31975, 0.359774, 0.270198, 0.432226, 1, 

197,2152,0.001, 0.0141455, 0.0218816, 0.0456565, 0.106911, 0.119235, 0.150345, 0.17776, 0.304855, 0.31975, 0.359774, 0.379474, 0.960211, 1, 

Generation #20
193,2320,0.001, 0.0141455, 0.0218816, 0.0456565, 0.126535, 0.171676, 0.223503, 0.214394, 0.422169, 0.783244, 0.803073, 0.930679, 1, 

187,2868,0.001, 0.0110509, 0.0391854, 0.0928903, 0.117633, 0.126995, 0.15305, 0.234665, 0.262227, 0.803073, 0.930679, 0.747626, 0.902875, 0.966634, 1, 

195,2234,0.001, 0.0141455, 0.0218816, 0.0456565, 0.126535, 0.171676, 0.223503, 0.360442, 0.365705, 0.346068, 0.31975, 0.359774, 0.379474, 0.432226, 1, 

218,1628,0.001, 0.0110509, 0.0391854, 0.0928903, 0.117633, 0.126995, 0.163411, 0.360442, 0.365705, 0.346068, 0.31975, 0.359774, 0.379474, 0.432226, 1, 

198,1937,0.001, 0.0110509, 0.0391854, 0.0980615, 0.106911, 0.119235, 0.150345, 0.17776, 0.247358, 0.299091, 0.556699, 0.876697, 0.359774, 0.379474, 0.387741, 0.387959, 0.439057, 0.598829, 0.623264, 1, 

220,1584,0.001, 0.0141455, 0.0218816, 0.0928903, 0.129683, 0.14546, 0.153692, 0.211271, 0.22996, 0.378822, 0.31975, 0.359774, 0.270198, 0.432226, 1, 

205,1827,0.001, 0.0141455, 0.0218816, 0.0765168, 0.109886, 0.119235, 0.150345, 0.211271, 0.22996, 0.31975, 0.359774, 0.270198, 0.432226, 1, 

197,2152,0.001, 0.0141455, 0.0218816, 0.0456565, 0.106911, 0.119235, 0.150345, 0.17776, 0.304855, 0.31975, 0.359774, 0.379474, 0.960211, 1, 

Generation #21
193,2320,0.001, 0.0141455, 0.0218816, 0.0456565, 0.126535, 0.171676, 0.223503, 0.214394, 0.422169, 0.783244, 0.803073, 0.930679, 1, 

187,2868,0.001, 0.0110509, 0.0391854, 0.0928903, 0.117633, 0.126995, 0.15305, 0.234665, 0.262227, 0.803073, 0.930679, 0.747626, 0.902875, 0.966634, 1, 

195,2234,0.001, 0.0141455, 0.0218816, 0.0456565, 0.126535, 0.171676, 0.223503, 0.360442, 0.365705, 0.346068, 0.31975, 0.359774, 0.379474, 0.432226, 1, 

218,1628,0.001, 0.0110509, 0.0391854, 0.0928903, 0.117633, 0.126995, 0.163411, 0.360442, 0.365705, 0.346068, 0.31975, 0.359774, 0.379474, 0.432226, 1, 

198,1937,0.001, 0.0110509, 0.0391854, 0.0980615, 0.106911, 0.119235, 0.150345, 0.17776, 0.247358, 0.299091, 0.556699, 0.876697, 0.359774, 0.379474, 0.387741, 0.387959, 0.439057, 0.598829, 0.623264, 1, 

220,1584,0.001, 0.0141455, 0.0218816, 0.0928903, 0.129683, 0.14546, 0.153692, 0.211271, 0.22996, 0.378822, 0.31975, 0.359774, 0.270198, 0.432226, 1, 

205,1827,0.001, 0.0141455, 0.0218816, 0.0765168, 0.109886, 0.119235, 0.150345, 0.211271, 0.22996, 0.31975, 0.359774, 0.270198, 0.432226, 1, 

197,2152,0.001, 0.0141455, 0.0218816, 0.0456565, 0.106911, 0.119235, 0.150345, 0.17776, 0.304855, 0.31975, 0.359774, 0.379474, 0.960211, 1, 

Generation #22
193,2320,0.001, 0.0141455, 0.0218816, 0.0456565, 0.126535, 0.171676, 0.223503, 0.214394, 0.422169, 0.783244, 0.803073, 0.930679, 1, 

187,2868,0.001, 0.0110509, 0.0391854, 0.0928903, 0.117633, 0.126995, 0.15305, 0.234665, 0.262227, 0.803073, 0.930679, 0.747626, 0.902875, 0.966634, 1, 

195,2234,0.001, 0.0141455, 0.0218816, 0.0456565, 0.126535, 0.171676, 0.223503, 0.360442, 0.365705, 0.346068, 0.31975, 0.359774, 0.379474, 0.432226, 1, 

218,1628,0.001, 0.0110509, 0.0391854, 0.0928903, 0.117633, 0.126995, 0.163411, 0.360442, 0.365705, 0.346068, 0.31975, 0.359774, 0.379474, 0.432226, 1, 

220,1584,0.001, 0.0141455, 0.0218816, 0.0928903, 0.129683, 0.14546, 0.153692, 0.211271, 0.22996, 0.378822, 0.31975, 0.359774, 0.270198, 0.432226, 1, 

205,1827,0.001, 0.0141455, 0.0218816, 0.0765168, 0.109886, 0.119235, 0.150345, 0.211271, 0.22996, 0.31975, 0.359774, 0.270198, 0.432226, 1, 

197,2152,0.001, 0.0141455, 0.0218816, 0.0456565, 0.106911, 0.119235, 0.150345, 0.17776, 0.304855, 0.31975, 0.359774, 0.379474, 0.960211, 1, 

198,1924,0.001, 0.0141455, 0.0218816, 0.0456565, 0.075425, 0.14546, 0.150345, 0.17776, 0.304855, 0.31975, 0.359774, 0.379474, 0.432226, 0.966634, 1, 

213,1770,0.001, 0.0110509, 0.0218816, 0.0456565, 0.112512, 0.157387, 0.207509, 0.233497, 0.34024, 0.425078, 0.487233, 0.499855, 0.560467, 0.596326, 0.623889, 0.38746, 0.687021, 0.786031, 0.860464, 0.966642, 1, 

Generation #23
193,2320,0.001, 0.0141455, 0.0218816, 0.0456565, 0.126535, 0.171676, 0.223503, 0.214394, 0.422169, 0.783244, 0.803073, 0.930679, 1, 

187,2868,0.001, 0.0110509, 0.0391854, 0.0928903, 0.117633, 0.126995, 0.15305, 0.234665, 0.262227, 0.803073, 0.930679, 0.747626, 0.902875, 0.966634, 1, 

195,2234,0.001, 0.0141455, 0.0218816, 0.0456565, 0.126535, 0.171676, 0.223503, 0.360442, 0.365705, 0.346068, 0.31975, 0.359774, 0.379474, 0.432226, 1, 

218,1628,0.001, 0.0110509, 0.0391854, 0.0928903, 0.117633, 0.126995, 0.163411, 0.360442, 0.365705, 0.346068, 0.31975, 0.359774, 0.379474, 0.432226, 1, 

220,1584,0.001, 0.0141455, 0.0218816, 0.0928903, 0.129683, 0.14546, 0.153692, 0.211271, 0.22996, 0.378822, 0.31975, 0.359774, 0.270198, 0.432226, 1, 

205,1827,0.001, 0.0141455, 0.0218816, 0.0765168, 0.109886, 0.119235, 0.150345, 0.211271, 0.22996, 0.31975, 0.359774, 0.270198, 0.432226, 1, 

197,2152,0.001, 0.0141455, 0.0218816, 0.0456565, 0.106911, 0.119235, 0.150345, 0.17776, 0.304855, 0.31975, 0.359774, 0.379474, 0.960211, 1, 

198,1924,0.001, 0.0141455, 0.0218816, 0.0456565, 0.075425, 0.14546, 0.150345, 0.17776, 0.304855, 0.31975, 0.359774, 0.379474, 0.432226, 0.966634, 1, 

202,1910,0.001, 0.0141455, 0.0218816, 0.0456565, 0.106911, 0.119235, 0.150345, 0.17776, 0.304855, 0.31975, 0.359774, 0.379474, 0.960211, 1, 

206,1664,0.001, 0.0110509, 0.0218816, 0.0456565, 0.106911, 0.119235, 0.150345, 0.17776, 0.304855, 0.31975, 0.359774, 0.747626, 0.902875, 0.966634, 1, 

Generation #24
193,2320,0.001, 0.0141455, 0.0218816, 0.0456565, 0.126535, 0.171676, 0.223503, 0.214394, 0.422169, 0.783244, 0.803073, 0.930679, 1, 

187,2868,0.001, 0.0110509, 0.0391854, 0.0928903, 0.117633, 0.126995, 0.15305, 0.234665, 0.262227, 0.803073, 0.930679, 0.747626, 0.902875, 0.966634, 1, 

195,2234,0.001, 0.0141455, 0.0218816, 0.0456565, 0.126535, 0.171676, 0.223503, 0.360442, 0.365705, 0.346068, 0.31975, 0.359774, 0.379474, 0.432226, 1, 

218,1628,0.001, 0.0110509, 0.0391854, 0.0928903, 0.117633, 0.126995, 0.163411, 0.360442, 0.365705, 0.346068, 0.31975, 0.359774, 0.379474, 0.432226, 1, 

220,1584,0.001, 0.0141455, 0.0218816, 0.0928903, 0.129683, 0.14546, 0.153692, 0.211271, 0.22996, 0.378822, 0.31975, 0.359774, 0.270198, 0.432226, 1, 

205,1827,0.001, 0.0141455, 0.0218816, 0.0765168, 0.109886, 0.119235, 0.150345, 0.211271, 0.22996, 0.31975, 0.359774, 0.270198, 0.432226, 1, 

197,2152,0.001, 0.0141455, 0.0218816, 0.0456565, 0.106911, 0.119235, 0.150345, 0.17776, 0.304855, 0.31975, 0.359774, 0.379474, 0.960211, 1, 

198,1924,0.001, 0.0141455, 0.0218816, 0.0456565, 0.075425, 0.14546, 0.150345, 0.17776, 0.304855, 0.31975, 0.359774, 0.379474, 0.432226, 0.966634, 1, 

202,1910,0.001, 0.0141455, 0.0218816, 0.0456565, 0.106911, 0.119235, 0.150345, 0.17776, 0.304855, 0.31975, 0.359774, 0.379474, 0.960211, 1, 

206,1664,0.001, 0.0110509, 0.0218816, 0.0456565, 0.106911, 0.119235, 0.150345, 0.17776, 0.304855, 0.31975, 0.359774, 0.747626, 0.902875, 0.966634, 1, 

Generation #25
193,2320,0.001, 0.0141455, 0.0218816, 0.0456565, 0.126535, 0.171676, 0.223503, 0.214394, 0.422169, 0.783244, 0.803073, 0.930679, 1, 

187,2868,0.001, 0.0110509, 0.0391854, 0.0928903, 0.117633, 0.126995, 0.15305, 0.234665, 0.262227, 0.803073, 0.930679, 0.747626, 0.902875, 0.966634, 1, 

195,2234,0.001, 0.0141455, 0.0218816, 0.0456565, 0.126535, 0.171676, 0.223503, 0.360442, 0.365705, 0.346068, 0.31975, 0.359774, 0.379474, 0.432226, 1, 

218,1628,0.001, 0.0110509, 0.0391854, 0.0928903, 0.117633, 0.126995, 0.163411, 0.360442, 0.365705, 0.346068, 0.31975, 0.359774, 0.379474, 0.432226, 1, 

220,1584,0.001, 0.0141455, 0.0218816, 0.0928903, 0.129683, 0.14546, 0.153692, 0.211271, 0.22996, 0.378822, 0.31975, 0.359774, 0.270198, 0.432226, 1, 

205,1827,0.001, 0.0141455, 0.0218816, 0.0765168, 0.109886, 0.119235, 0.150345, 0.211271, 0.22996, 0.31975, 0.359774, 0.270198, 0.432226, 1, 

197,2152,0.001, 0.0141455, 0.0218816, 0.0456565, 0.106911, 0.119235, 0.150345, 0.17776, 0.304855, 0.31975, 0.359774, 0.379474, 0.960211, 1, 

198,1924,0.001, 0.0141455, 0.0218816, 0.0456565, 0.075425, 0.14546, 0.150345, 0.17776, 0.304855, 0.31975, 0.359774, 0.379474, 0.432226, 0.966634, 1, 

202,1910,0.001, 0.0141455, 0.0218816, 0.0456565, 0.106911, 0.119235, 0.150345, 0.17776, 0.304855, 0.31975, 0.359774, 0.379474, 0.960211, 1, 

206,1664,0.001, 0.0110509, 0.0218816, 0.0456565, 0.106911, 0.119235, 0.150345, 0.17776, 0.304855, 0.31975, 0.359774, 0.747626, 0.902875, 0.966634, 1, 

210,1644,0.001, 0.0110509, 0.0391854, 0.0456565, 0.129683, 0.148351, 0.15305, 0.161136, 0.234665, 0.262227, 0.803073, 0.359774, 0.379474, 0.432226, 1, 

235,1451,0.001, 0.0110509, 0.0391854, 0.0980615, 0.106911, 0.119235, 0.150345, 0.17776, 0.304855, 0.31975, 0.359774, 0.747626, 0.432226, 0.387959, 0.387959, 0.439057, 0.598829, 0.623264, 0.646717, 0.734431, 0.75492, 0.778334, 0.918703, 0.937746, 1, 

Generation #26
193,2320,0.001, 0.0141455, 0.0218816, 0.0456565, 0.126535, 0.171676, 0.223503, 0.214394, 0.422169, 0.783244, 0.803073, 0.930679, 1, 

187,2868,0.001, 0.0110509, 0.0391854, 0.0928903, 0.117633, 0.126995, 0.15305, 0.234665, 0.262227, 0.803073, 0.930679, 0.747626, 0.902875, 0.966634, 1, 

195,2234,0.001, 0.0141455, 0.0218816, 0.0456565, 0.126535, 0.171676, 0.223503, 0.360442, 0.365705, 0.346068, 0.31975, 0.359774, 0.379474, 0.432226, 1, 

218,1628,0.001, 0.0110509, 0.0391854, 0.0928903, 0.117633, 0.126995, 0.163411, 0.360442, 0.365705, 0.346068, 0.31975, 0.359774, 0.379474, 0.432226, 1, 

220,1584,0.001, 0.0141455, 0.0218816, 0.0928903, 0.129683, 0.14546, 0.153692, 0.211271, 0.22996, 0.378822, 0.31975, 0.359774, 0.270198, 0.432226, 1, 

205,1827,0.001, 0.0141455, 0.0218816, 0.0765168, 0.109886, 0.119235, 0.150345, 0.211271, 0.22996, 0.31975, 0.359774, 0.270198, 0.432226, 1, 

197,2152,0.001, 0.0141455, 0.0218816, 0.0456565, 0.106911, 0.119235, 0.150345, 0.17776, 0.304855, 0.31975, 0.359774, 0.379474, 0.960211, 1, 

198,1924,0.001, 0.0141455, 0.0218816, 0.0456565, 0.075425, 0.14546, 0.150345, 0.17776, 0.304855, 0.31975, 0.359774, 0.379474, 0.432226, 0.966634, 1, 

202,1910,0.001, 0.0141455, 0.0218816, 0.0456565, 0.106911, 0.119235, 0.150345, 0.17776, 0.304855, 0.31975, 0.359774, 0.379474, 0.960211, 1, 

206,1664,0.001, 0.0110509, 0.0218816, 0.0456565, 0.106911, 0.119235, 0.150345, 0.17776, 0.304855, 0.31975, 0.359774, 0.747626, 0.902875, 0.966634, 1, 

210,1644,0.001, 0.0110509, 0.0391854, 0.0456565, 0.129683, 0.148351, 0.15305, 0.161136, 0.234665, 0.262227, 0.803073, 0.359774, 0.379474, 0.432226, 1, 

235,1451,0.001, 0.0110509, 0.0391854, 0.0980615, 0.106911, 0.119235, 0.150345, 0.17776, 0.304855, 0.31975, 0.359774, 0.747626, 0.432226, 0.387959, 0.387959, 0.439057, 0.598829, 0.623264, 0.646717, 0.734431, 0.75492, 0.778334, 0.918703, 0.937746, 1, 

Generation #27
193,2320,0.001, 0.0141455, 0.0218816, 0.0456565, 0.126535, 0.171676, 0.223503, 0.214394, 0.422169, 0.783244, 0.803073, 0.930679, 1, 

187,2868,0.001, 0.0110509, 0.0391854, 0.0928903, 0.117633, 0.126995, 0.15305, 0.234665, 0.262227, 0.803073, 0.930679, 0.747626, 0.902875, 0.966634, 1, 

195,2234,0.001, 0.0141455, 0.0218816, 0.0456565, 0.126535, 0.171676, 0.223503, 0.360442, 0.365705, 0.346068, 0.31975, 0.359774, 0.379474, 0.432226, 1, 

218,1628,0.001, 0.0110509, 0.0391854, 0.0928903, 0.117633, 0.126995, 0.163411, 0.360442, 0.365705, 0.346068, 0.31975, 0.359774, 0.379474, 0.432226, 1, 

220,1584,0.001, 0.0141455, 0.0218816, 0.0928903, 0.129683, 0.14546, 0.153692, 0.211271, 0.22996, 0.378822, 0.31975, 0.359774, 0.270198, 0.432226, 1, 

205,1827,0.001, 0.0141455, 0.0218816, 0.0765168, 0.109886, 0.119235, 0.150345, 0.211271, 0.22996, 0.31975, 0.359774, 0.270198, 0.432226, 1, 

197,2152,0.001, 0.0141455, 0.0218816, 0.0456565, 0.106911, 0.119235, 0.150345, 0.17776, 0.304855, 0.31975, 0.359774, 0.379474, 0.960211, 1, 

198,1924,0.001, 0.0141455, 0.0218816, 0.0456565, 0.075425, 0.14546, 0.150345, 0.17776, 0.304855, 0.31975, 0.359774, 0.379474, 0.432226, 0.966634, 1, 

202,1910,0.001, 0.0141455, 0.0218816, 0.0456565, 0.106911, 0.119235, 0.150345, 0.17776, 0.304855, 0.31975, 0.359774, 0.379474, 0.960211, 1, 

206,1664,0.001, 0.0110509, 0.0218816, 0.0456565, 0.106911, 0.119235, 0.150345, 0.17776, 0.304855, 0.31975, 0.359774, 0.747626, 0.902875, 0.966634, 1, 

210,1644,0.001, 0.0110509, 0.0391854, 0.0456565, 0.129683, 0.148351, 0.15305, 0.161136, 0.234665, 0.262227, 0.803073, 0.359774, 0.379474, 0.432226, 1, 

235,1451,0.001, 0.0110509, 0.0391854, 0.0980615, 0.106911, 0.119235, 0.150345, 0.17776, 0.304855, 0.31975, 0.359774, 0.747626, 0.432226, 0.387959, 0.387959, 0.439057, 0.598829, 0.623264, 0.646717, 0.734431, 0.75492, 0.778334, 0.918703, 0.937746, 1, 

Generation #28
193,2320,0.001, 0.0141455, 0.0218816, 0.0456565, 0.126535, 0.171676, 0.223503, 0.214394, 0.422169, 0.783244, 0.803073, 0.930679, 1, 

187,2868,0.001, 0.0110509, 0.0391854, 0.0928903, 0.117633, 0.126995, 0.15305, 0.234665, 0.262227, 0.803073, 0.930679, 0.747626, 0.902875, 0.966634, 1, 

195,2234,0.001, 0.0141455, 0.0218816, 0.0456565, 0.126535, 0.171676, 0.223503, 0.360442, 0.365705, 0.346068, 0.31975, 0.359774, 0.379474, 0.432226, 1, 

218,1628,0.001, 0.0110509, 0.0391854, 0.0928903, 0.117633, 0.126995, 0.163411, 0.360442, 0.365705, 0.346068, 0.31975, 0.359774, 0.379474, 0.432226, 1, 

220,1584,0.001, 0.0141455, 0.0218816, 0.0928903, 0.129683, 0.14546, 0.153692, 0.211271, 0.22996, 0.378822, 0.31975, 0.359774, 0.270198, 0.432226, 1, 

205,1827,0.001, 0.0141455, 0.0218816, 0.0765168, 0.109886, 0.119235, 0.150345, 0.211271, 0.22996, 0.31975, 0.359774, 0.270198, 0.432226, 1, 

197,2152,0.001, 0.0141455, 0.0218816, 0.0456565, 0.106911, 0.119235, 0.150345, 0.17776, 0.304855, 0.31975, 0.359774, 0.379474, 0.960211, 1, 

198,1924,0.001, 0.0141455, 0.0218816, 0.0456565, 0.075425, 0.14546, 0.150345, 0.17776, 0.304855, 0.31975, 0.359774, 0.379474, 0.432226, 0.966634, 1, 

202,1910,0.001, 0.0141455, 0.0218816, 0.0456565, 0.106911, 0.119235, 0.150345, 0.17776, 0.304855, 0.31975, 0.359774, 0.379474, 0.960211, 1, 

206,1664,0.001, 0.0110509, 0.0218816, 0.0456565, 0.106911, 0.119235, 0.150345, 0.17776, 0.304855, 0.31975, 0.359774, 0.747626, 0.902875, 0.966634, 1, 

210,1644,0.001, 0.0110509, 0.0391854, 0.0456565, 0.129683, 0.148351, 0.15305, 0.161136, 0.234665, 0.262227, 0.803073, 0.359774, 0.379474, 0.432226, 1, 

235,1451,0.001, 0.0110509, 0.0391854, 0.0980615, 0.106911, 0.119235, 0.150345, 0.17776, 0.304855, 0.31975, 0.359774, 0.747626, 0.432226, 0.387959, 0.387959, 0.439057, 0.598829, 0.623264, 0.646717, 0.734431, 0.75492, 0.778334, 0.918703, 0.937746, 1, 

Generation #29
193,2320,0.001, 0.0141455, 0.0218816, 0.0456565, 0.126535, 0.171676, 0.223503, 0.214394, 0.422169, 0.783244, 0.803073, 0.930679, 1, 

187,2868,0.001, 0.0110509, 0.0391854, 0.0928903, 0.117633, 0.126995, 0.15305, 0.234665, 0.262227, 0.803073, 0.930679, 0.747626, 0.902875, 0.966634, 1, 

195,2234,0.001, 0.0141455, 0.0218816, 0.0456565, 0.126535, 0.171676, 0.223503, 0.360442, 0.365705, 0.346068, 0.31975, 0.359774, 0.379474, 0.432226, 1, 

218,1628,0.001, 0.0110509, 0.0391854, 0.0928903, 0.117633, 0.126995, 0.163411, 0.360442, 0.365705, 0.346068, 0.31975, 0.359774, 0.379474, 0.432226, 1, 

220,1584,0.001, 0.0141455, 0.0218816, 0.0928903, 0.129683, 0.14546, 0.153692, 0.211271, 0.22996, 0.378822, 0.31975, 0.359774, 0.270198, 0.432226, 1, 

205,1827,0.001, 0.0141455, 0.0218816, 0.0765168, 0.109886, 0.119235, 0.150345, 0.211271, 0.22996, 0.31975, 0.359774, 0.270198, 0.432226, 1, 

198,1924,0.001, 0.0141455, 0.0218816, 0.0456565, 0.075425, 0.14546, 0.150345, 0.17776, 0.304855, 0.31975, 0.359774, 0.379474, 0.432226, 0.966634, 1, 

206,1664,0.001, 0.0110509, 0.0218816, 0.0456565, 0.106911, 0.119235, 0.150345, 0.17776, 0.304855, 0.31975, 0.359774, 0.747626, 0.902875, 0.966634, 1, 

210,1644,0.001, 0.0110509, 0.0391854, 0.0456565, 0.129683, 0.148351, 0.15305, 0.161136, 0.234665, 0.262227, 0.803073, 0.359774, 0.379474, 0.432226, 1, 

235,1451,0.001, 0.0110509, 0.0391854, 0.0980615, 0.106911, 0.119235, 0.150345, 0.17776, 0.304855, 0.31975, 0.359774, 0.747626, 0.432226, 0.387959, 0.387959, 0.439057, 0.598829, 0.623264, 0.646717, 0.734431, 0.75492, 0.778334, 0.918703, 0.937746, 1, 

197,1954,0.001, 0.0141455, 0.0218816, 0.0456565, 0.126535, 0.171676, 0.223503, 0.360442, 0.365705, 0.346068, 0.31975, 0.359774, 0.379474, 0.432226, 1, 

201,1830,0.001, 0.0141455, 0.0218816, 0.0456565, 0.075425, 0.14546, 0.150345, 0.211271, 0.22996, 0.31975, 0.359774, 0.270198, 0.902875, 0.966634, 1, 

196,2175,0.001, 0.0110509, 0.0391854, 0.0980615, 0.106911, 0.119235, 0.150345, 0.17776, 0.304855, 0.31975, 0.359774, 0.379474, 0.432226, 0.966634, 1, 

Generation #30
193,2320,0.001, 0.0141455, 0.0218816, 0.0456565, 0.126535, 0.171676, 0.223503, 0.214394, 0.422169, 0.783244, 0.803073, 0.930679, 1, 

187,2868,0.001, 0.0110509, 0.0391854, 0.0928903, 0.117633, 0.126995, 0.15305, 0.234665, 0.262227, 0.803073, 0.930679, 0.747626, 0.902875, 0.966634, 1, 

195,2234,0.001, 0.0141455, 0.0218816, 0.0456565, 0.126535, 0.171676, 0.223503, 0.360442, 0.365705, 0.346068, 0.31975, 0.359774, 0.379474, 0.432226, 1, 

218,1628,0.001, 0.0110509, 0.0391854, 0.0928903, 0.117633, 0.126995, 0.163411, 0.360442, 0.365705, 0.346068, 0.31975, 0.359774, 0.379474, 0.432226, 1, 

220,1584,0.001, 0.0141455, 0.0218816, 0.0928903, 0.129683, 0.14546, 0.153692, 0.211271, 0.22996, 0.378822, 0.31975, 0.359774, 0.270198, 0.432226, 1, 

205,1827,0.001, 0.0141455, 0.0218816, 0.0765168, 0.109886, 0.119235, 0.150345, 0.211271, 0.22996, 0.31975, 0.359774, 0.270198, 0.432226, 1, 

198,1924,0.001, 0.0141455, 0.0218816, 0.0456565, 0.075425, 0.14546, 0.150345, 0.17776, 0.304855, 0.31975, 0.359774, 0.379474, 0.432226, 0.966634, 1, 

206,1664,0.001, 0.0110509, 0.0218816, 0.0456565, 0.106911, 0.119235, 0.150345, 0.17776, 0.304855, 0.31975, 0.359774, 0.747626, 0.902875, 0.966634, 1, 

210,1644,0.001, 0.0110509, 0.0391854, 0.0456565, 0.129683, 0.148351, 0.15305, 0.161136, 0.234665, 0.262227, 0.803073, 0.359774, 0.379474, 0.432226, 1, 

235,1451,0.001, 0.0110509, 0.0391854, 0.0980615, 0.106911, 0.119235, 0.150345, 0.17776, 0.304855, 0.31975, 0.359774, 0.747626, 0.432226, 0.387959, 0.387959, 0.439057, 0.598829, 0.623264, 0.646717, 0.734431, 0.75492, 0.778334, 0.918703, 0.937746, 1, 

197,1954,0.001, 0.0141455, 0.0218816, 0.0456565, 0.126535, 0.171676, 0.223503, 0.360442, 0.365705, 0.346068, 0.31975, 0.359774, 0.379474, 0.432226, 1, 

201,1830,0.001, 0.0141455, 0.0218816, 0.0456565, 0.075425, 0.14546, 0.150345, 0.211271, 0.22996, 0.31975, 0.359774, 0.270198, 0.902875, 0.966634, 1, 

196,2175,0.001, 0.0110509, 0.0391854, 0.0980615, 0.106911, 0.119235, 0.150345, 0.17776, 0.304855, 0.31975, 0.359774, 0.379474, 0.432226, 0.966634, 1, 

Generation #31
193,2320,0.001, 0.0141455, 0.0218816, 0.0456565, 0.126535, 0.171676, 0.223503, 0.214394, 0.422169, 0.783244, 0.803073, 0.930679, 1, 

187,2868,0.001, 0.0110509, 0.0391854, 0.0928903, 0.117633, 0.126995, 0.15305, 0.234665, 0.262227, 0.803073, 0.930679, 0.747626, 0.902875, 0.966634, 1, 

195,2234,0.001, 0.0141455, 0.0218816, 0.0456565, 0.126535, 0.171676, 0.223503, 0.360442, 0.365705, 0.346068, 0.31975, 0.359774, 0.379474, 0.432226, 1, 

218,1628,0.001, 0.0110509, 0.0391854, 0.0928903, 0.117633, 0.126995, 0.163411, 0.360442, 0.365705, 0.346068, 0.31975, 0.359774, 0.379474, 0.432226, 1, 

220,1584,0.001, 0.0141455, 0.0218816, 0.0928903, 0.129683, 0.14546, 0.153692, 0.211271, 0.22996, 0.378822, 0.31975, 0.359774, 0.270198, 0.432226, 1, 

198,1924,0.001, 0.0141455, 0.0218816, 0.0456565, 0.075425, 0.14546, 0.150345, 0.17776, 0.304855, 0.31975, 0.359774, 0.379474, 0.432226, 0.966634, 1, 

235,1451,0.001, 0.0110509, 0.0391854, 0.0980615, 0.106911, 0.119235, 0.150345, 0.17776, 0.304855, 0.31975, 0.359774, 0.747626, 0.432226, 0.387959, 0.387959, 0.439057, 0.598829, 0.623264, 0.646717, 0.734431, 0.75492, 0.778334, 0.918703, 0.937746, 1, 

197,1954,0.001, 0.0141455, 0.0218816, 0.0456565, 0.126535, 0.171676, 0.223503, 0.360442, 0.365705, 0.346068, 0.31975, 0.359774, 0.379474, 0.432226, 1, 

201,1830,0.001, 0.0141455, 0.0218816, 0.0456565, 0.075425, 0.14546, 0.150345, 0.211271, 0.22996, 0.31975, 0.359774, 0.270198, 0.902875, 0.966634, 1, 

196,2175,0.001, 0.0110509, 0.0391854, 0.0980615, 0.106911, 0.119235, 0.150345, 0.17776, 0.304855, 0.31975, 0.359774, 0.379474, 0.432226, 0.966634, 1, 

202,1635,0.001, 0.0141455, 0.0218816, 0.0456565, 0.106911, 0.119235, 0.150345, 0.17776, 0.304855, 0.31975, 0.359774, 0.359774, 0.960211, 1, 

Generation #32
193,2320,0.001, 0.0141455, 0.0218816, 0.0456565, 0.126535, 0.171676, 0.223503, 0.214394, 0.422169, 0.783244, 0.803073, 0.930679, 1, 

187,2868,0.001, 0.0110509, 0.0391854, 0.0928903, 0.117633, 0.126995, 0.15305, 0.234665, 0.262227, 0.803073, 0.930679, 0.747626, 0.902875, 0.966634, 1, 

195,2234,0.001, 0.0141455, 0.0218816, 0.0456565, 0.126535, 0.171676, 0.223503, 0.360442, 0.365705, 0.346068, 0.31975, 0.359774, 0.379474, 0.432226, 1, 

218,1628,0.001, 0.0110509, 0.0391854, 0.0928903, 0.117633, 0.126995, 0.163411, 0.360442, 0.365705, 0.346068, 0.31975, 0.359774, 0.379474, 0.432226, 1, 

220,1584,0.001, 0.0141455, 0.0218816, 0.0928903, 0.129683, 0.14546, 0.153692, 0.211271, 0.22996, 0.378822, 0.31975, 0.359774, 0.270198, 0.432226, 1, 

198,1924,0.001, 0.0141455, 0.0218816, 0.0456565, 0.075425, 0.14546, 0.150345, 0.17776, 0.304855, 0.31975, 0.359774, 0.379474, 0.432226, 0.966634, 1, 

235,1451,0.001, 0.0110509, 0.0391854, 0.0980615, 0.106911, 0.119235, 0.150345, 0.17776, 0.304855, 0.31975, 0.359774, 0.747626, 0.432226, 0.387959, 0.387959, 0.439057, 0.598829, 0.623264, 0.646717, 0.734431, 0.75492, 0.778334, 0.918703, 0.937746, 1, 

197,1954,0.001, 0.0141455, 0.0218816, 0.0456565, 0.126535, 0.171676, 0.223503, 0.360442, 0.365705, 0.346068, 0.31975, 0.359774, 0.379474, 0.432226, 1, 

201,1830,0.001, 0.0141455, 0.0218816, 0.0456565, 0.075425, 0.14546, 0.150345, 0.211271, 0.22996, 0.31975, 0.359774, 0.270198, 0.902875, 0.966634, 1, 

196,2175,0.001, 0.0110509, 0.0391854, 0.0980615, 0.106911, 0.119235, 0.150345, 0.17776, 0.304855, 0.31975, 0.359774, 0.379474, 0.432226, 0.966634, 1, 

202,1635,0.001, 0.0141455, 0.0218816, 0.0456565, 0.106911, 0.119235, 0.150345, 0.17776, 0.304855, 0.31975, 0.359774, 0.359774, 0.960211, 1, 

Generation #33
187,2868,0.001, 0.0110509, 0.0391854, 0.0928903, 0.117633, 0.126995, 0.15305, 0.234665, 0.262227, 0.803073, 0.930679, 0.747626, 0.902875, 0.966634, 1, 

218,1628,0.001, 0.0110509, 0.0391854, 0.0928903, 0.117633, 0.126995, 0.163411, 0.360442, 0.365705, 0.346068, 0.31975, 0.359774, 0.379474, 0.432226, 1, 

220,1584,0.001, 0.0141455, 0.0218816, 0.0928903, 0.129683, 0.14546, 0.153692, 0.211271, 0.22996, 0.378822, 0.31975, 0.359774, 0.270198, 0.432226, 1, 

235,1451,0.001, 0.0110509, 0.0391854, 0.0980615, 0.106911, 0.119235, 0.150345, 0.17776, 0.304855, 0.31975, 0.359774, 0.747626, 0.432226, 0.387959, 0.387959, 0.439057, 0.598829, 0.623264, 0.646717, 0.734431, 0.75492, 0.778334, 0.918703, 0.937746, 1, 

201,1830,0.001, 0.0141455, 0.0218816, 0.0456565, 0.075425, 0.14546, 0.150345, 0.211271, 0.22996, 0.31975, 0.359774, 0.270198, 0.902875, 0.966634, 1, 

202,1635,0.001, 0.0141455, 0.0218816, 0.0456565, 0.106911, 0.119235, 0.150345, 0.17776, 0.304855, 0.31975, 0.359774, 0.359774, 0.960211, 1, 

193,1860,0.001, 0.0141455, 0.0218816, 0.0456565, 0.106911, 0.119235, 0.150345, 0.17776, 0.304855, 0.31975, 0.359774, 0.379474, 0.432226, 0.966634, 1, 

Generation #34
187,2868,0.001, 0.0110509, 0.0391854, 0.0928903, 0.117633, 0.126995, 0.15305, 0.234665, 0.262227, 0.803073, 0.930679, 0.747626, 0.902875, 0.966634, 1, 

218,1628,0.001, 0.0110509, 0.0391854, 0.0928903, 0.117633, 0.126995, 0.163411, 0.360442, 0.365705, 0.346068, 0.31975, 0.359774, 0.379474, 0.432226, 1, 

220,1584,0.001, 0.0141455, 0.0218816, 0.0928903, 0.129683, 0.14546, 0.153692, 0.211271, 0.22996, 0.378822, 0.31975, 0.359774, 0.270198, 0.432226, 1, 

235,1451,0.001, 0.0110509, 0.0391854, 0.0980615, 0.106911, 0.119235, 0.150345, 0.17776, 0.304855, 0.31975, 0.359774, 0.747626, 0.432226, 0.387959, 0.387959, 0.439057, 0.598829, 0.623264, 0.646717, 0.734431, 0.75492, 0.778334, 0.918703, 0.937746, 1, 

202,1635,0.001, 0.0141455, 0.0218816, 0.0456565, 0.106911, 0.119235, 0.150345, 0.17776, 0.304855, 0.31975, 0.359774, 0.359774, 0.960211, 1, 

193,1749,0.001, 0.0110509, 0.0218816, 0.0456565, 0.106911, 0.119235, 0.150345, 0.17776, 0.304855, 0.31975, 0.359774, 0.359774, 0.960211, 1, 

Generation #35
187,2868,0.001, 0.0110509, 0.0391854, 0.0928903, 0.117633, 0.126995, 0.15305, 0.234665, 0.262227, 0.803073, 0.930679, 0.747626, 0.902875, 0.966634, 1, 

218,1628,0.001, 0.0110509, 0.0391854, 0.0928903, 0.117633, 0.126995, 0.163411, 0.360442, 0.365705, 0.346068, 0.31975, 0.359774, 0.379474, 0.432226, 1, 

220,1584,0.001, 0.0141455, 0.0218816, 0.0928903, 0.129683, 0.14546, 0.153692, 0.211271, 0.22996, 0.378822, 0.31975, 0.359774, 0.270198, 0.432226, 1, 

235,1451,0.001, 0.0110509, 0.0391854, 0.0980615, 0.106911, 0.119235, 0.150345, 0.17776, 0.304855, 0.31975, 0.359774, 0.747626, 0.432226, 0.387959, 0.387959, 0.439057, 0.598829, 0.623264, 0.646717, 0.734431, 0.75492, 0.778334, 0.918703, 0.937746, 1, 

202,1635,0.001, 0.0141455, 0.0218816, 0.0456565, 0.106911, 0.119235, 0.150345, 0.17776, 0.304855, 0.31975, 0.359774, 0.359774, 0.960211, 1, 

193,1749,0.001, 0.0110509, 0.0218816, 0.0456565, 0.106911, 0.119235, 0.150345, 0.17776, 0.304855, 0.31975, 0.359774, 0.359774, 0.960211, 1, 

Generation #36
187,2868,0.001, 0.0110509, 0.0391854, 0.0928903, 0.117633, 0.126995, 0.15305, 0.234665, 0.262227, 0.803073, 0.930679, 0.747626, 0.902875, 0.966634, 1, 

218,1628,0.001, 0.0110509, 0.0391854, 0.0928903, 0.117633, 0.126995, 0.163411, 0.360442, 0.365705, 0.346068, 0.31975, 0.359774, 0.379474, 0.432226, 1, 

220,1584,0.001, 0.0141455, 0.0218816, 0.0928903, 0.129683, 0.14546, 0.153692, 0.211271, 0.22996, 0.378822, 0.31975, 0.359774, 0.270198, 0.432226, 1, 

235,1451,0.001, 0.0110509, 0.0391854, 0.0980615, 0.106911, 0.119235, 0.150345, 0.17776, 0.304855, 0.31975, 0.359774, 0.747626, 0.432226, 0.387959, 0.387959, 0.439057, 0.598829, 0.623264, 0.646717, 0.734431, 0.75492, 0.778334, 0.918703, 0.937746, 1, 

202,1635,0.001, 0.0141455, 0.0218816, 0.0456565, 0.106911, 0.119235, 0.150345, 0.17776, 0.304855, 0.31975, 0.359774, 0.359774, 0.960211, 1, 

193,1749,0.001, 0.0110509, 0.0218816, 0.0456565, 0.106911, 0.119235, 0.150345, 0.17776, 0.304855, 0.31975, 0.359774, 0.359774, 0.960211, 1, 

Generation #37
187,2868,0.001, 0.0110509, 0.0391854, 0.0928903, 0.117633, 0.126995, 0.15305, 0.234665, 0.262227, 0.803073, 0.930679, 0.747626, 0.902875, 0.966634, 1, 

218,1628,0.001, 0.0110509, 0.0391854, 0.0928903, 0.117633, 0.126995, 0.163411, 0.360442, 0.365705, 0.346068, 0.31975, 0.359774, 0.379474, 0.432226, 1, 

220,1584,0.001, 0.0141455, 0.0218816, 0.0928903, 0.129683, 0.14546, 0.153692, 0.211271, 0.22996, 0.378822, 0.31975, 0.359774, 0.270198, 0.432226, 1, 

235,1451,0.001, 0.0110509, 0.0391854, 0.0980615, 0.106911, 0.119235, 0.150345, 0.17776, 0.304855, 0.31975, 0.359774, 0.747626, 0.432226, 0.387959, 0.387959, 0.439057, 0.598829, 0.623264, 0.646717, 0.734431, 0.75492, 0.778334, 0.918703, 0.937746, 1, 

202,1635,0.001, 0.0141455, 0.0218816, 0.0456565, 0.106911, 0.119235, 0.150345, 0.17776, 0.304855, 0.31975, 0.359774, 0.359774, 0.960211, 1, 

193,1749,0.001, 0.0110509, 0.0218816, 0.0456565, 0.106911, 0.119235, 0.150345, 0.17776, 0.304855, 0.31975, 0.359774, 0.359774, 0.960211, 1, 

Generation #38
187,2868,0.001, 0.0110509, 0.0391854, 0.0928903, 0.117633, 0.126995, 0.15305, 0.234665, 0.262227, 0.803073, 0.930679, 0.747626, 0.902875, 0.966634, 1, 

218,1628,0.001, 0.0110509, 0.0391854, 0.0928903, 0.117633, 0.126995, 0.163411, 0.360442, 0.365705, 0.346068, 0.31975, 0.359774, 0.379474, 0.432226, 1, 

220,1584,0.001, 0.0141455, 0.0218816, 0.0928903, 0.129683, 0.14546, 0.153692, 0.211271, 0.22996, 0.378822, 0.31975, 0.359774, 0.270198, 0.432226, 1, 

235,1451,0.001, 0.0110509, 0.0391854, 0.0980615, 0.106911, 0.119235, 0.150345, 0.17776, 0.304855, 0.31975, 0.359774, 0.747626, 0.432226, 0.387959, 0.387959, 0.439057, 0.598829, 0.623264, 0.646717, 0.734431, 0.75492, 0.778334, 0.918703, 0.937746, 1, 

202,1635,0.001, 0.0141455, 0.0218816, 0.0456565, 0.106911, 0.119235, 0.150345, 0.17776, 0.304855, 0.31975, 0.359774, 0.359774, 0.960211, 1, 

193,1749,0.001, 0.0110509, 0.0218816, 0.0456565, 0.106911, 0.119235, 0.150345, 0.17776, 0.304855, 0.31975, 0.359774, 0.359774, 0.960211, 1, 

Generation #39
187,2868,0.001, 0.0110509, 0.0391854, 0.0928903, 0.117633, 0.126995, 0.15305, 0.234665, 0.262227, 0.803073, 0.930679, 0.747626, 0.902875, 0.966634, 1, 

218,1628,0.001, 0.0110509, 0.0391854, 0.0928903, 0.117633, 0.126995, 0.163411, 0.360442, 0.365705, 0.346068, 0.31975, 0.359774, 0.379474, 0.432226, 1, 

220,1584,0.001, 0.0141455, 0.0218816, 0.0928903, 0.129683, 0.14546, 0.153692, 0.211271, 0.22996, 0.378822, 0.31975, 0.359774, 0.270198, 0.432226, 1, 

235,1451,0.001, 0.0110509, 0.0391854, 0.0980615, 0.106911, 0.119235, 0.150345, 0.17776, 0.304855, 0.31975, 0.359774, 0.747626, 0.432226, 0.387959, 0.387959, 0.439057, 0.598829, 0.623264, 0.646717, 0.734431, 0.75492, 0.778334, 0.918703, 0.937746, 1, 

202,1635,0.001, 0.0141455, 0.0218816, 0.0456565, 0.106911, 0.119235, 0.150345, 0.17776, 0.304855, 0.31975, 0.359774, 0.359774, 0.960211, 1, 

193,1749,0.001, 0.0110509, 0.0218816, 0.0456565, 0.106911, 0.119235, 0.150345, 0.17776, 0.304855, 0.31975, 0.359774, 0.359774, 0.960211, 1, 

Generation #40
187,2868,0.001, 0.0110509, 0.0391854, 0.0928903, 0.117633, 0.126995, 0.15305, 0.234665, 0.262227, 0.803073, 0.930679, 0.747626, 0.902875, 0.966634, 1, 

218,1628,0.001, 0.0110509, 0.0391854, 0.0928903, 0.117633, 0.126995, 0.163411, 0.360442, 0.365705, 0.346068, 0.31975, 0.359774, 0.379474, 0.432226, 1, 

220,1584,0.001, 0.0141455, 0.0218816, 0.0928903, 0.129683, 0.14546, 0.153692, 0.211271, 0.22996, 0.378822, 0.31975, 0.359774, 0.270198, 0.432226, 1, 

235,1451,0.001, 0.0110509, 0.0391854, 0.0980615, 0.106911, 0.119235, 0.150345, 0.17776, 0.304855, 0.31975, 0.359774, 0.747626, 0.432226, 0.387959, 0.387959, 0.439057, 0.598829, 0.623264, 0.646717, 0.734431, 0.75492, 0.778334, 0.918703, 0.937746, 1, 

202,1635,0.001, 0.0141455, 0.0218816, 0.0456565, 0.106911, 0.119235, 0.150345, 0.17776, 0.304855, 0.31975, 0.359774, 0.359774, 0.960211, 1, 

193,1749,0.001, 0.0110509, 0.0218816, 0.0456565, 0.106911, 0.119235, 0.150345, 0.17776, 0.304855, 0.31975, 0.359774, 0.359774, 0.960211, 1, 

Generation #41
187,2868,0.001, 0.0110509, 0.0391854, 0.0928903, 0.117633, 0.126995, 0.15305, 0.234665, 0.262227, 0.803073, 0.930679, 0.747626, 0.902875, 0.966634, 1, 

218,1628,0.001, 0.0110509, 0.0391854, 0.0928903, 0.117633, 0.126995, 0.163411, 0.360442, 0.365705, 0.346068, 0.31975, 0.359774, 0.379474, 0.432226, 1, 

220,1584,0.001, 0.0141455, 0.0218816, 0.0928903, 0.129683, 0.14546, 0.153692, 0.211271, 0.22996, 0.378822, 0.31975, 0.359774, 0.270198, 0.432226, 1, 

235,1451,0.001, 0.0110509, 0.0391854, 0.0980615, 0.106911, 0.119235, 0.150345, 0.17776, 0.304855, 0.31975, 0.359774, 0.747626, 0.432226, 0.387959, 0.387959, 0.439057, 0.598829, 0.623264, 0.646717, 0.734431, 0.75492, 0.778334, 0.918703, 0.937746, 1, 

202,1635,0.001, 0.0141455, 0.0218816, 0.0456565, 0.106911, 0.119235, 0.150345, 0.17776, 0.304855, 0.31975, 0.359774, 0.359774, 0.960211, 1, 

193,1749,0.001, 0.0110509, 0.0218816, 0.0456565, 0.106911, 0.119235, 0.150345, 0.17776, 0.304855, 0.31975, 0.359774, 0.359774, 0.960211, 1, 

Generation #42
187,2868,0.001, 0.0110509, 0.0391854, 0.0928903, 0.117633, 0.126995, 0.15305, 0.234665, 0.262227, 0.803073, 0.930679, 0.747626, 0.902875, 0.966634, 1, 

218,1628,0.001, 0.0110509, 0.0391854, 0.0928903, 0.117633, 0.126995, 0.163411, 0.360442, 0.365705, 0.346068, 0.31975, 0.359774, 0.379474, 0.432226, 1, 

220,1584,0.001, 0.0141455, 0.0218816, 0.0928903, 0.129683, 0.14546, 0.153692, 0.211271, 0.22996, 0.378822, 0.31975, 0.359774, 0.270198, 0.432226, 1, 

235,1451,0.001, 0.0110509, 0.0391854, 0.0980615, 0.106911, 0.119235, 0.150345, 0.17776, 0.304855, 0.31975, 0.359774, 0.747626, 0.432226, 0.387959, 0.387959, 0.439057, 0.598829, 0.623264, 0.646717, 0.734431, 0.75492, 0.778334, 0.918703, 0.937746, 1, 

202,1635,0.001, 0.0141455, 0.0218816, 0.0456565, 0.106911, 0.119235, 0.150345, 0.17776, 0.304855, 0.31975, 0.359774, 0.359774, 0.960211, 1, 

193,1749,0.001, 0.0110509, 0.0218816, 0.0456565, 0.106911, 0.119235, 0.150345, 0.17776, 0.304855, 0.31975, 0.359774, 0.359774, 0.960211, 1, 

Generation #43
187,2868,0.001, 0.0110509, 0.0391854, 0.0928903, 0.117633, 0.126995, 0.15305, 0.234665, 0.262227, 0.803073, 0.930679, 0.747626, 0.902875, 0.966634, 1, 

218,1628,0.001, 0.0110509, 0.0391854, 0.0928903, 0.117633, 0.126995, 0.163411, 0.360442, 0.365705, 0.346068, 0.31975, 0.359774, 0.379474, 0.432226, 1, 

220,1584,0.001, 0.0141455, 0.0218816, 0.0928903, 0.129683, 0.14546, 0.153692, 0.211271, 0.22996, 0.378822, 0.31975, 0.359774, 0.270198, 0.432226, 1, 

235,1451,0.001, 0.0110509, 0.0391854, 0.0980615, 0.106911, 0.119235, 0.150345, 0.17776, 0.304855, 0.31975, 0.359774, 0.747626, 0.432226, 0.387959, 0.387959, 0.439057, 0.598829, 0.623264, 0.646717, 0.734431, 0.75492, 0.778334, 0.918703, 0.937746, 1, 

202,1635,0.001, 0.0141455, 0.0218816, 0.0456565, 0.106911, 0.119235, 0.150345, 0.17776, 0.304855, 0.31975, 0.359774, 0.359774, 0.960211, 1, 

193,1749,0.001, 0.0110509, 0.0218816, 0.0456565, 0.106911, 0.119235, 0.150345, 0.17776, 0.304855, 0.31975, 0.359774, 0.359774, 0.960211, 1, 

Generation #44
187,2868,0.001, 0.0110509, 0.0391854, 0.0928903, 0.117633, 0.126995, 0.15305, 0.234665, 0.262227, 0.803073, 0.930679, 0.747626, 0.902875, 0.966634, 1, 

218,1628,0.001, 0.0110509, 0.0391854, 0.0928903, 0.117633, 0.126995, 0.163411, 0.360442, 0.365705, 0.346068, 0.31975, 0.359774, 0.379474, 0.432226, 1, 

220,1584,0.001, 0.0141455, 0.0218816, 0.0928903, 0.129683, 0.14546, 0.153692, 0.211271, 0.22996, 0.378822, 0.31975, 0.359774, 0.270198, 0.432226, 1, 

235,1451,0.001, 0.0110509, 0.0391854, 0.0980615, 0.106911, 0.119235, 0.150345, 0.17776, 0.304855, 0.31975, 0.359774, 0.747626, 0.432226, 0.387959, 0.387959, 0.439057, 0.598829, 0.623264, 0.646717, 0.734431, 0.75492, 0.778334, 0.918703, 0.937746, 1, 

202,1635,0.001, 0.0141455, 0.0218816, 0.0456565, 0.106911, 0.119235, 0.150345, 0.17776, 0.304855, 0.31975, 0.359774, 0.359774, 0.960211, 1, 

193,1749,0.001, 0.0110509, 0.0218816, 0.0456565, 0.106911, 0.119235, 0.150345, 0.17776, 0.304855, 0.31975, 0.359774, 0.359774, 0.960211, 1, 

Generation #45
187,2868,0.001, 0.0110509, 0.0391854, 0.0928903, 0.117633, 0.126995, 0.15305, 0.234665, 0.262227, 0.803073, 0.930679, 0.747626, 0.902875, 0.966634, 1, 

218,1628,0.001, 0.0110509, 0.0391854, 0.0928903, 0.117633, 0.126995, 0.163411, 0.360442, 0.365705, 0.346068, 0.31975, 0.359774, 0.379474, 0.432226, 1, 

220,1584,0.001, 0.0141455, 0.0218816, 0.0928903, 0.129683, 0.14546, 0.153692, 0.211271, 0.22996, 0.378822, 0.31975, 0.359774, 0.270198, 0.432226, 1, 

235,1451,0.001, 0.0110509, 0.0391854, 0.0980615, 0.106911, 0.119235, 0.150345, 0.17776, 0.304855, 0.31975, 0.359774, 0.747626, 0.432226, 0.387959, 0.387959, 0.439057, 0.598829, 0.623264, 0.646717, 0.734431, 0.75492, 0.778334, 0.918703, 0.937746, 1, 

202,1635,0.001, 0.0141455, 0.0218816, 0.0456565, 0.106911, 0.119235, 0.150345, 0.17776, 0.304855, 0.31975, 0.359774, 0.359774, 0.960211, 1, 

193,1749,0.001, 0.0110509, 0.0218816, 0.0456565, 0.106911, 0.119235, 0.150345, 0.17776, 0.304855, 0.31975, 0.359774, 0.359774, 0.960211, 1, 

Generation #46
187,2868,0.001, 0.0110509, 0.0391854, 0.0928903, 0.117633, 0.126995, 0.15305, 0.234665, 0.262227, 0.803073, 0.930679, 0.747626, 0.902875, 0.966634, 1, 

218,1628,0.001, 0.0110509, 0.0391854, 0.0928903, 0.117633, 0.126995, 0.163411, 0.360442, 0.365705, 0.346068, 0.31975, 0.359774, 0.379474, 0.432226, 1, 

220,1584,0.001, 0.0141455, 0.0218816, 0.0928903, 0.129683, 0.14546, 0.153692, 0.211271, 0.22996, 0.378822, 0.31975, 0.359774, 0.270198, 0.432226, 1, 

235,1451,0.001, 0.0110509, 0.0391854, 0.0980615, 0.106911, 0.119235, 0.150345, 0.17776, 0.304855, 0.31975, 0.359774, 0.747626, 0.432226, 0.387959, 0.387959, 0.439057, 0.598829, 0.623264, 0.646717, 0.734431, 0.75492, 0.778334, 0.918703, 0.937746, 1, 

202,1635,0.001, 0.0141455, 0.0218816, 0.0456565, 0.106911, 0.119235, 0.150345, 0.17776, 0.304855, 0.31975, 0.359774, 0.359774, 0.960211, 1, 

193,1749,0.001, 0.0110509, 0.0218816, 0.0456565, 0.106911, 0.119235, 0.150345, 0.17776, 0.304855, 0.31975, 0.359774, 0.359774, 0.960211, 1, 

Generation #47
187,2868,0.001, 0.0110509, 0.0391854, 0.0928903, 0.117633, 0.126995, 0.15305, 0.234665, 0.262227, 0.803073, 0.930679, 0.747626, 0.902875, 0.966634, 1, 

218,1628,0.001, 0.0110509, 0.0391854, 0.0928903, 0.117633, 0.126995, 0.163411, 0.360442, 0.365705, 0.346068, 0.31975, 0.359774, 0.379474, 0.432226, 1, 

220,1584,0.001, 0.0141455, 0.0218816, 0.0928903, 0.129683, 0.14546, 0.153692, 0.211271, 0.22996, 0.378822, 0.31975, 0.359774, 0.270198, 0.432226, 1, 

235,1451,0.001, 0.0110509, 0.0391854, 0.0980615, 0.106911, 0.119235, 0.150345, 0.17776, 0.304855, 0.31975, 0.359774, 0.747626, 0.432226, 0.387959, 0.387959, 0.439057, 0.598829, 0.623264, 0.646717, 0.734431, 0.75492, 0.778334, 0.918703, 0.937746, 1, 

202,1635,0.001, 0.0141455, 0.0218816, 0.0456565, 0.106911, 0.119235, 0.150345, 0.17776, 0.304855, 0.31975, 0.359774, 0.359774, 0.960211, 1, 

193,1749,0.001, 0.0110509, 0.0218816, 0.0456565, 0.106911, 0.119235, 0.150345, 0.17776, 0.304855, 0.31975, 0.359774, 0.359774, 0.960211, 1, 

Generation #48
187,2868,0.001, 0.0110509, 0.0391854, 0.0928903, 0.117633, 0.126995, 0.15305, 0.234665, 0.262227, 0.803073, 0.930679, 0.747626, 0.902875, 0.966634, 1, 

218,1628,0.001, 0.0110509, 0.0391854, 0.0928903, 0.117633, 0.126995, 0.163411, 0.360442, 0.365705, 0.346068, 0.31975, 0.359774, 0.379474, 0.432226, 1, 

220,1584,0.001, 0.0141455, 0.0218816, 0.0928903, 0.129683, 0.14546, 0.153692, 0.211271, 0.22996, 0.378822, 0.31975, 0.359774, 0.270198, 0.432226, 1, 

235,1451,0.001, 0.0110509, 0.0391854, 0.0980615, 0.106911, 0.119235, 0.150345, 0.17776, 0.304855, 0.31975, 0.359774, 0.747626, 0.432226, 0.387959, 0.387959, 0.439057, 0.598829, 0.623264, 0.646717, 0.734431, 0.75492, 0.778334, 0.918703, 0.937746, 1, 

202,1635,0.001, 0.0141455, 0.0218816, 0.0456565, 0.106911, 0.119235, 0.150345, 0.17776, 0.304855, 0.31975, 0.359774, 0.359774, 0.960211, 1, 

193,1749,0.001, 0.0110509, 0.0218816, 0.0456565, 0.106911, 0.119235, 0.150345, 0.17776, 0.304855, 0.31975, 0.359774, 0.359774, 0.960211, 1, 

198,1714,0.001, 0.0110509, 0.0218816, 0.0456565, 0.112512, 0.157387, 0.207509, 0.17776, 0.304855, 0.31975, 0.31975, 0.359774, 0.379474, 0.432226, 1, 

Generation #49
187,2868,0.001, 0.0110509, 0.0391854, 0.0928903, 0.117633, 0.126995, 0.15305, 0.234665, 0.262227, 0.803073, 0.930679, 0.747626, 0.902875, 0.966634, 1, 

218,1628,0.001, 0.0110509, 0.0391854, 0.0928903, 0.117633, 0.126995, 0.163411, 0.360442, 0.365705, 0.346068, 0.31975, 0.359774, 0.379474, 0.432226, 1, 

220,1584,0.001, 0.0141455, 0.0218816, 0.0928903, 0.129683, 0.14546, 0.153692, 0.211271, 0.22996, 0.378822, 0.31975, 0.359774, 0.270198, 0.432226, 1, 

235,1451,0.001, 0.0110509, 0.0391854, 0.0980615, 0.106911, 0.119235, 0.150345, 0.17776, 0.304855, 0.31975, 0.359774, 0.747626, 0.432226, 0.387959, 0.387959, 0.439057, 0.598829, 0.623264, 0.646717, 0.734431, 0.75492, 0.778334, 0.918703, 0.937746, 1, 

202,1635,0.001, 0.0141455, 0.0218816, 0.0456565, 0.106911, 0.119235, 0.150345, 0.17776, 0.304855, 0.31975, 0.359774, 0.359774, 0.960211, 1, 

193,1749,0.001, 0.0110509, 0.0218816, 0.0456565, 0.106911, 0.119235, 0.150345, 0.17776, 0.304855, 0.31975, 0.359774, 0.359774, 0.960211, 1, 

198,1714,0.001, 0.0110509, 0.0218816, 0.0456565, 0.112512, 0.157387, 0.207509, 0.17776, 0.304855, 0.31975, 0.31975, 0.359774, 0.379474, 0.432226, 1, 

--- Pareto Front Solutions ---
Solution 0: N total=325 (N_initial=138, N_added=187), Time total=3054 ms, Saved to: ./results/Make_t3_l1_pareto_0.csv, percents=0.001, 0.0110509, 0.0391854, 0.0928903, 0.117633, 0.126995, 0.15305, 0.234665, 0.262227, 0.803073, 0.930679, 0.747626, 0.902875, 0.966634, 1, 

Solution 1: N total=356 (N_initial=138, N_added=218), Time total=1814 ms, Saved to: ./results/Make_t3_l1_pareto_1.csv, percents=0.001, 0.0110509, 0.0391854, 0.0928903, 0.117633, 0.126995, 0.163411, 0.360442, 0.365705, 0.346068, 0.31975, 0.359774, 0.379474, 0.432226, 1, 

Solution 2: N total=358 (N_initial=138, N_added=220), Time total=1770 ms, Saved to: ./results/Make_t3_l1_pareto_2.csv, percents=0.001, 0.0141455, 0.0218816, 0.0928903, 0.129683, 0.14546, 0.153692, 0.211271, 0.22996, 0.378822, 0.31975, 0.359774, 0.270198, 0.432226, 1, 

Solution 3: N total=373 (N_initial=138, N_added=235), Time total=1637 ms, Saved to: ./results/Make_t3_l1_pareto_3.csv, percents=0.001, 0.0110509, 0.0391854, 0.0980615, 0.106911, 0.119235, 0.150345, 0.17776, 0.304855, 0.31975, 0.359774, 0.747626, 0.432226, 0.387959, 0.387959, 0.439057, 0.598829, 0.623264, 0.646717, 0.734431, 0.75492, 0.778334, 0.918703, 0.937746, 1, 

Solution 4: N total=340 (N_initial=138, N_added=202), Time total=1821 ms, Saved to: ./results/Make_t3_l1_pareto_4.csv, percents=0.001, 0.0141455, 0.0218816, 0.0456565, 0.106911, 0.119235, 0.150345, 0.17776, 0.304855, 0.31975, 0.359774, 0.359774, 0.960211, 1, 

Solution 5: N total=331 (N_initial=138, N_added=193), Time total=1935 ms, Saved to: ./results/Make_t3_l1_pareto_5.csv, percents=0.001, 0.0110509, 0.0218816, 0.0456565, 0.106911, 0.119235, 0.150345, 0.17776, 0.304855, 0.31975, 0.359774, 0.359774, 0.960211, 1, 

Solution 6: N total=336 (N_initial=138, N_added=198), Time total=1900 ms, Saved to: ./results/Make_t3_l1_pareto_6.csv, percents=0.001, 0.0110509, 0.0218816, 0.0456565, 0.112512, 0.157387, 0.207509, 0.17776, 0.304855, 0.31975, 0.31975, 0.359774, 0.379474, 0.432226, 1, 

------------d=1, t=3, lambda=2, filename=./evaluation/Make/Make_3_2.csv------------
Computing partitioned counts of d-sets...
Ready to look at pairs based on partitioned counts...
First Stage N=244, Time=146
There are 270 remaining non-locating pairs
--- Running GA Algorithm (phase2) ---
Running GA with std::execution::par
Generation #0
187,348,0.001, 0.0677622, 0.0840053, 0.10833, 0.109328, 0.112733, 0.231438, 0.24218, 0.289125, 0.31765, 0.340893, 0.351098, 0.351211, 0.368023, 0.414358, 0.426353, 0.558289, 0.638649, 0.738498, 0.793535, 0.85689, 0.929637, 0.948064, 1, 

173,360,0.001, 0.0259064, 0.0654061, 0.0820643, 0.0918227, 0.148395, 0.183668, 0.192386, 0.198537, 0.205597, 0.266533, 0.32404, 0.326395, 0.544295, 0.649104, 0.669178, 0.735231, 0.818398, 0.899578, 0.91462, 0.965953, 1, 

Generation #1
187,348,0.001, 0.0677622, 0.0840053, 0.10833, 0.109328, 0.112733, 0.231438, 0.24218, 0.289125, 0.31765, 0.340893, 0.351098, 0.351211, 0.368023, 0.414358, 0.426353, 0.558289, 0.638649, 0.738498, 0.793535, 0.85689, 0.929637, 0.948064, 1, 

173,360,0.001, 0.0259064, 0.0654061, 0.0820643, 0.0918227, 0.148395, 0.183668, 0.192386, 0.198537, 0.205597, 0.266533, 0.32404, 0.326395, 0.544295, 0.649104, 0.669178, 0.735231, 0.818398, 0.899578, 0.91462, 0.965953, 1, 

191,290,0.001, 0.0475194, 0.0724629, 0.093585, 0.10309, 0.160015, 0.176144, 0.188265, 0.190798, 0.192489, 0.217058, 0.317997, 0.332946, 0.362576, 0.375587, 0.259817, 0.429311, 0.580126, 0.593605, 0.640846, 0.674809, 0.715889, 0.763573, 0.80662, 0.916879, 0.954214, 1, 

Generation #2
173,360,0.001, 0.0259064, 0.0654061, 0.0820643, 0.0918227, 0.148395, 0.183668, 0.192386, 0.198537, 0.205597, 0.266533, 0.32404, 0.326395, 0.544295, 0.649104, 0.669178, 0.735231, 0.818398, 0.899578, 0.91462, 0.965953, 1, 

185,261,0.001, 0.0159592, 0.0176833, 0.0487175, 0.0638924, 0.0738051, 0.156431, 0.175538, 0.284253, 0.301843, 0.308635, 0.362554, 0.443062, 0.460502, 0.559781, 0.650665, 0.755733, 0.765975, 0.802545, 0.822095, 0.854869, 0.886867, 0.905555, 0.917286, 0.967504, 1, 

Generation #3
173,360,0.001, 0.0259064, 0.0654061, 0.0820643, 0.0918227, 0.148395, 0.183668, 0.192386, 0.198537, 0.205597, 0.266533, 0.32404, 0.326395, 0.544295, 0.649104, 0.669178, 0.735231, 0.818398, 0.899578, 0.91462, 0.965953, 1, 

185,261,0.001, 0.0159592, 0.0176833, 0.0487175, 0.0638924, 0.0738051, 0.156431, 0.175538, 0.284253, 0.301843, 0.308635, 0.362554, 0.443062, 0.460502, 0.559781, 0.650665, 0.755733, 0.765975, 0.802545, 0.822095, 0.854869, 0.886867, 0.905555, 0.917286, 0.967504, 1, 

178,317,0.001, 0.0332909, 0.0486055, 0.107518, 0.219344, 0.289964, 0.292177, 0.409046, 0.439973, 0.487229, 0.489061, 0.505342, 0.530527, 0.567595, 0.613367, 0.613593, 0.629583, 0.648054, 0.654908, 0.675547, 0.790441, 0.816073, 0.885906, 0.92048, 0.949906, 0.971228, 0.988065, 1, 

177,339,0.001, 0.0475194, 0.0724629, 0.093585, 0.180598, 0.185142, 0.192815, 0.266666, 0.351048, 0.393487, 0.475321, 0.763452, 0.783396, 0.895658, 1, 

209,247,0.001, 0.0159592, 0.0176833, 0.0487175, 0.0638924, 0.0738051, 0.156431, 0.175538, 0.284253, 0.270315, 0.271554, 0.356582, 0.332946, 0.362576, 0.375587, 0.259817, 0.429311, 0.580126, 0.593605, 0.640846, 0.674809, 0.715889, 0.763573, 0.80662, 0.916879, 0.954214, 1, 

Generation #4
173,360,0.001, 0.0259064, 0.0654061, 0.0820643, 0.0918227, 0.148395, 0.183668, 0.192386, 0.198537, 0.205597, 0.266533, 0.32404, 0.326395, 0.544295, 0.649104, 0.669178, 0.735231, 0.818398, 0.899578, 0.91462, 0.965953, 1, 

185,261,0.001, 0.0159592, 0.0176833, 0.0487175, 0.0638924, 0.0738051, 0.156431, 0.175538, 0.284253, 0.301843, 0.308635, 0.362554, 0.443062, 0.460502, 0.559781, 0.650665, 0.755733, 0.765975, 0.802545, 0.822095, 0.854869, 0.886867, 0.905555, 0.917286, 0.967504, 1, 

178,317,0.001, 0.0332909, 0.0486055, 0.107518, 0.219344, 0.289964, 0.292177, 0.409046, 0.439973, 0.487229, 0.489061, 0.505342, 0.530527, 0.567595, 0.613367, 0.613593, 0.629583, 0.648054, 0.654908, 0.675547, 0.790441, 0.816073, 0.885906, 0.92048, 0.949906, 0.971228, 0.988065, 1, 

177,339,0.001, 0.0475194, 0.0724629, 0.093585, 0.180598, 0.185142, 0.192815, 0.266666, 0.351048, 0.393487, 0.475321, 0.763452, 0.783396, 0.895658, 1, 

198,247,0.001, 0.0142518, 0.0203735, 0.0409194, 0.0887245, 0.108402, 0.157225, 0.193326, 0.244377, 0.301454, 0.405808, 0.464346, 0.607709, 0.685725, 0.737448, 0.74601, 0.755474, 0.84401, 0.63967, 0.659547, 0.674562, 0.746632, 0.815352, 0.836143, 0.86112, 0.861793, 0.8797, 0.920368, 0.958506, 0.988899, 1, 

180,275,0.001, 0.0259064, 0.0654061, 0.0820643, 0.0918227, 0.148395, 0.183668, 0.192386, 0.198537, 0.205597, 0.266533, 0.32404, 0.326395, 0.544295, 0.649104, 0.669178, 0.735231, 0.648054, 0.654908, 0.675547, 0.790441, 0.816073, 0.885906, 0.92048, 0.949906, 0.971228, 0.988065, 1, 

Generation #5
173,360,0.001, 0.0259064, 0.0654061, 0.0820643, 0.0918227, 0.148395, 0.183668, 0.192386, 0.198537, 0.205597, 0.266533, 0.32404, 0.326395, 0.544295, 0.649104, 0.669178, 0.735231, 0.818398, 0.899578, 0.91462, 0.965953, 1, 

185,261,0.001, 0.0159592, 0.0176833, 0.0487175, 0.0638924, 0.0738051, 0.156431, 0.175538, 0.284253, 0.301843, 0.308635, 0.362554, 0.443062, 0.460502, 0.559781, 0.650665, 0.755733, 0.765975, 0.802545, 0.822095, 0.854869, 0.886867, 0.905555, 0.917286, 0.967504, 1, 

178,317,0.001, 0.0332909, 0.0486055, 0.107518, 0.219344, 0.289964, 0.292177, 0.409046, 0.439973, 0.487229, 0.489061, 0.505342, 0.530527, 0.567595, 0.613367, 0.613593, 0.629583, 0.648054, 0.654908, 0.675547, 0.790441, 0.816073, 0.885906, 0.92048, 0.949906, 0.971228, 0.988065, 1, 

177,339,0.001, 0.0475194, 0.0724629, 0.093585, 0.180598, 0.185142, 0.192815, 0.266666, 0.351048, 0.393487, 0.475321, 0.763452, 0.783396, 0.895658, 1, 

198,247,0.001, 0.0142518, 0.0203735, 0.0409194, 0.0887245, 0.108402, 0.157225, 0.193326, 0.244377, 0.301454, 0.405808, 0.464346, 0.607709, 0.685725, 0.737448, 0.74601, 0.755474, 0.84401, 0.63967, 0.659547, 0.674562, 0.746632, 0.815352, 0.836143, 0.86112, 0.861793, 0.8797, 0.920368, 0.958506, 0.988899, 1, 

180,275,0.001, 0.0259064, 0.0654061, 0.0820643, 0.0918227, 0.148395, 0.183668, 0.192386, 0.198537, 0.205597, 0.266533, 0.32404, 0.326395, 0.544295, 0.649104, 0.669178, 0.735231, 0.648054, 0.654908, 0.675547, 0.790441, 0.816073, 0.885906, 0.92048, 0.949906, 0.971228, 0.988065, 1, 

Generation #6
171,257,0.001, 0.0187413, 0.0203735, 0.0409194, 0.0887245, 0.108402, 0.157225, 0.193326, 0.244377, 0.301454, 0.410784, 0.356582, 0.4141, 0.461428, 0.508843, 0.509454, 0.523491, 0.84401, 0.868836, 0.956621, 1, 

197,245,0.001, 0.0159592, 0.0176833, 0.0487175, 0.0638924, 0.0738051, 0.156431, 0.175538, 0.284253, 0.270315, 0.271554, 0.356582, 0.530527, 0.544295, 0.649104, 0.669178, 0.735231, 0.980786, 0.899578, 0.91462, 0.965953, 1, 

Generation #7
171,257,0.001, 0.0187413, 0.0203735, 0.0409194, 0.0887245, 0.108402, 0.157225, 0.193326, 0.244377, 0.301454, 0.410784, 0.356582, 0.4141, 0.461428, 0.508843, 0.509454, 0.523491, 0.84401, 0.868836, 0.956621, 1, 

197,245,0.001, 0.0159592, 0.0176833, 0.0487175, 0.0638924, 0.0738051, 0.156431, 0.175538, 0.284253, 0.270315, 0.271554, 0.356582, 0.530527, 0.544295, 0.649104, 0.669178, 0.735231, 0.980786, 0.899578, 0.91462, 0.965953, 1, 

Generation #8
171,257,0.001, 0.0187413, 0.0203735, 0.0409194, 0.0887245, 0.108402, 0.157225, 0.193326, 0.244377, 0.301454, 0.410784, 0.356582, 0.4141, 0.461428, 0.508843, 0.509454, 0.523491, 0.84401, 0.868836, 0.956621, 1, 

197,245,0.001, 0.0159592, 0.0176833, 0.0487175, 0.0638924, 0.0738051, 0.156431, 0.175538, 0.284253, 0.270315, 0.271554, 0.356582, 0.530527, 0.544295, 0.649104, 0.669178, 0.735231, 0.980786, 0.899578, 0.91462, 0.965953, 1, 

Generation #9
171,257,0.001, 0.0187413, 0.0203735, 0.0409194, 0.0887245, 0.108402, 0.157225, 0.193326, 0.244377, 0.301454, 0.410784, 0.356582, 0.4141, 0.461428, 0.508843, 0.509454, 0.523491, 0.84401, 0.868836, 0.956621, 1, 

197,245,0.001, 0.0159592, 0.0176833, 0.0487175, 0.0638924, 0.0738051, 0.156431, 0.175538, 0.284253, 0.270315, 0.271554, 0.356582, 0.530527, 0.544295, 0.649104, 0.669178, 0.735231, 0.980786, 0.899578, 0.91462, 0.965953, 1, 

Generation #10
171,257,0.001, 0.0187413, 0.0203735, 0.0409194, 0.0887245, 0.108402, 0.157225, 0.193326, 0.244377, 0.301454, 0.410784, 0.356582, 0.4141, 0.461428, 0.508843, 0.509454, 0.523491, 0.84401, 0.868836, 0.956621, 1, 

197,245,0.001, 0.0159592, 0.0176833, 0.0487175, 0.0638924, 0.0738051, 0.156431, 0.175538, 0.284253, 0.270315, 0.271554, 0.356582, 0.530527, 0.544295, 0.649104, 0.669178, 0.735231, 0.980786, 0.899578, 0.91462, 0.965953, 1, 

167,391,0.001, 0.109003, 0.119084, 0.0203735, 0.0409194, 0.0887245, 0.108402, 0.157225, 0.193326, 0.244377, 0.530787, 0.973377, 1, 

Generation #11
171,257,0.001, 0.0187413, 0.0203735, 0.0409194, 0.0887245, 0.108402, 0.157225, 0.193326, 0.244377, 0.301454, 0.410784, 0.356582, 0.4141, 0.461428, 0.508843, 0.509454, 0.523491, 0.84401, 0.868836, 0.956621, 1, 

197,245,0.001, 0.0159592, 0.0176833, 0.0487175, 0.0638924, 0.0738051, 0.156431, 0.175538, 0.284253, 0.270315, 0.271554, 0.356582, 0.530527, 0.544295, 0.649104, 0.669178, 0.735231, 0.980786, 0.899578, 0.91462, 0.965953, 1, 

167,391,0.001, 0.109003, 0.119084, 0.0203735, 0.0409194, 0.0887245, 0.108402, 0.157225, 0.193326, 0.244377, 0.530787, 0.973377, 1, 

Generation #12
171,257,0.001, 0.0187413, 0.0203735, 0.0409194, 0.0887245, 0.108402, 0.157225, 0.193326, 0.244377, 0.301454, 0.410784, 0.356582, 0.4141, 0.461428, 0.508843, 0.509454, 0.523491, 0.84401, 0.868836, 0.956621, 1, 

197,245,0.001, 0.0159592, 0.0176833, 0.0487175, 0.0638924, 0.0738051, 0.156431, 0.175538, 0.284253, 0.270315, 0.271554, 0.356582, 0.530527, 0.544295, 0.649104, 0.669178, 0.735231, 0.980786, 0.899578, 0.91462, 0.965953, 1, 

167,391,0.001, 0.109003, 0.119084, 0.0203735, 0.0409194, 0.0887245, 0.108402, 0.157225, 0.193326, 0.244377, 0.530787, 0.973377, 1, 

226,242,0.001, 0.0142518, 0.0203735, 0.0409194, 0.0887245, 0.108402, 0.157225, 0.193326, 0.244377, 0.301454, 0.405808, 0.464346, 0.607709, 0.685725, 0.737448, 0.74601, 0.755474, 0.84401, 0.63967, 0.659547, 0.674562, 0.746632, 0.815352, 0.836143, 0.86112, 0.861793, 0.8797, 0.920368, 0.958506, 0.988899, 1, 

Generation #13
171,257,0.001, 0.0187413, 0.0203735, 0.0409194, 0.0887245, 0.108402, 0.157225, 0.193326, 0.244377, 0.301454, 0.410784, 0.356582, 0.4141, 0.461428, 0.508843, 0.509454, 0.523491, 0.84401, 0.868836, 0.956621, 1, 

197,245,0.001, 0.0159592, 0.0176833, 0.0487175, 0.0638924, 0.0738051, 0.156431, 0.175538, 0.284253, 0.270315, 0.271554, 0.356582, 0.530527, 0.544295, 0.649104, 0.669178, 0.735231, 0.980786, 0.899578, 0.91462, 0.965953, 1, 

167,391,0.001, 0.109003, 0.119084, 0.0203735, 0.0409194, 0.0887245, 0.108402, 0.157225, 0.193326, 0.244377, 0.530787, 0.973377, 1, 

201,234,0.001, 0.0187413, 0.0203735, 0.0618677, 0.0887245, 0.108402, 0.157225, 0.193326, 0.244377, 0.301454, 0.405808, 0.464346, 0.607709, 0.685725, 0.737448, 0.74601, 0.755474, 0.84401, 0.868836, 0.956621, 1, 

Generation #14
171,257,0.001, 0.0187413, 0.0203735, 0.0409194, 0.0887245, 0.108402, 0.157225, 0.193326, 0.244377, 0.301454, 0.410784, 0.356582, 0.4141, 0.461428, 0.508843, 0.509454, 0.523491, 0.84401, 0.868836, 0.956621, 1, 

167,391,0.001, 0.109003, 0.119084, 0.0203735, 0.0409194, 0.0887245, 0.108402, 0.157225, 0.193326, 0.244377, 0.530787, 0.973377, 1, 

197,210,0.001, 0.0259064, 0.0203735, 0.0618677, 0.0887245, 0.108402, 0.157225, 0.193326, 0.244377, 0.301454, 0.405808, 0.464346, 0.607709, 0.685725, 0.737448, 0.74601, 0.755474, 0.84401, 0.868836, 0.956621, 1, 

192,249,0.001, 0.0159592, 0.0176833, 0.0487175, 0.0638924, 0.0738051, 0.156431, 0.238411, 0.175538, 0.284253, 0.270315, 0.271554, 0.356582, 0.530527, 0.544295, 0.649104, 0.669178, 0.735231, 0.980786, 0.899578, 0.91462, 0.965953, 1, 

Generation #15
171,257,0.001, 0.0187413, 0.0203735, 0.0409194, 0.0887245, 0.108402, 0.157225, 0.193326, 0.244377, 0.301454, 0.410784, 0.356582, 0.4141, 0.461428, 0.508843, 0.509454, 0.523491, 0.84401, 0.868836, 0.956621, 1, 

167,391,0.001, 0.109003, 0.119084, 0.0203735, 0.0409194, 0.0887245, 0.108402, 0.157225, 0.193326, 0.244377, 0.530787, 0.973377, 1, 

197,210,0.001, 0.0259064, 0.0203735, 0.0618677, 0.0887245, 0.108402, 0.157225, 0.193326, 0.244377, 0.301454, 0.405808, 0.464346, 0.607709, 0.685725, 0.737448, 0.74601, 0.755474, 0.84401, 0.868836, 0.956621, 1, 

192,249,0.001, 0.0159592, 0.0176833, 0.0487175, 0.0638924, 0.0738051, 0.156431, 0.238411, 0.175538, 0.284253, 0.270315, 0.271554, 0.356582, 0.530527, 0.544295, 0.649104, 0.669178, 0.735231, 0.980786, 0.899578, 0.91462, 0.965953, 1, 

193,238,0.0009435, 0.001, 0.0142518, 0.0203735, 0.0409194, 0.0887245, 0.108402, 0.157225, 0.193326, 0.244377, 0.301454, 0.405808, 0.326395, 0.544295, 0.649104, 0.669178, 0.735231, 0.648054, 0.654908, 0.675547, 0.790441, 0.816073, 0.885906, 0.92048, 0.949906, 0.971228, 0.988065, 1, 

Generation #16
171,257,0.001, 0.0187413, 0.0203735, 0.0409194, 0.0887245, 0.108402, 0.157225, 0.193326, 0.244377, 0.301454, 0.410784, 0.356582, 0.4141, 0.461428, 0.508843, 0.509454, 0.523491, 0.84401, 0.868836, 0.956621, 1, 

167,391,0.001, 0.109003, 0.119084, 0.0203735, 0.0409194, 0.0887245, 0.108402, 0.157225, 0.193326, 0.244377, 0.530787, 0.973377, 1, 

197,210,0.001, 0.0259064, 0.0203735, 0.0618677, 0.0887245, 0.108402, 0.157225, 0.193326, 0.244377, 0.301454, 0.405808, 0.464346, 0.607709, 0.685725, 0.737448, 0.74601, 0.755474, 0.84401, 0.868836, 0.956621, 1, 

192,249,0.001, 0.0159592, 0.0176833, 0.0487175, 0.0638924, 0.0738051, 0.156431, 0.238411, 0.175538, 0.284253, 0.270315, 0.271554, 0.356582, 0.530527, 0.544295, 0.649104, 0.669178, 0.735231, 0.980786, 0.899578, 0.91462, 0.965953, 1, 

193,238,0.0009435, 0.001, 0.0142518, 0.0203735, 0.0409194, 0.0887245, 0.108402, 0.157225, 0.193326, 0.244377, 0.301454, 0.405808, 0.326395, 0.544295, 0.649104, 0.669178, 0.735231, 0.648054, 0.654908, 0.675547, 0.790441, 0.816073, 0.885906, 0.92048, 0.949906, 0.971228, 0.988065, 1, 

195,232,0.001, 0.0142518, 0.0203735, 0.0409194, 0.0409194, 0.0887245, 0.108402, 0.157225, 0.193326, 0.244377, 0.301454, 0.405808, 0.464346, 0.607709, 0.685725, 0.74601, 0.755474, 0.84401, 0.711676, 0.956621, 1, 

Generation #17
171,257,0.001, 0.0187413, 0.0203735, 0.0409194, 0.0887245, 0.108402, 0.157225, 0.193326, 0.244377, 0.301454, 0.410784, 0.356582, 0.4141, 0.461428, 0.508843, 0.509454, 0.523491, 0.84401, 0.868836, 0.956621, 1, 

167,391,0.001, 0.109003, 0.119084, 0.0203735, 0.0409194, 0.0887245, 0.108402, 0.157225, 0.193326, 0.244377, 0.530787, 0.973377, 1, 

197,210,0.001, 0.0259064, 0.0203735, 0.0618677, 0.0887245, 0.108402, 0.157225, 0.193326, 0.244377, 0.301454, 0.405808, 0.464346, 0.607709, 0.685725, 0.737448, 0.74601, 0.755474, 0.84401, 0.868836, 0.956621, 1, 

192,249,0.001, 0.0159592, 0.0176833, 0.0487175, 0.0638924, 0.0738051, 0.156431, 0.238411, 0.175538, 0.284253, 0.270315, 0.271554, 0.356582, 0.530527, 0.544295, 0.649104, 0.669178, 0.735231, 0.980786, 0.899578, 0.91462, 0.965953, 1, 

193,238,0.0009435, 0.001, 0.0142518, 0.0203735, 0.0409194, 0.0887245, 0.108402, 0.157225, 0.193326, 0.244377, 0.301454, 0.405808, 0.326395, 0.544295, 0.649104, 0.669178, 0.735231, 0.648054, 0.654908, 0.675547, 0.790441, 0.816073, 0.885906, 0.92048, 0.949906, 0.971228, 0.988065, 1, 

195,232,0.001, 0.0142518, 0.0203735, 0.0409194, 0.0409194, 0.0887245, 0.108402, 0.157225, 0.193326, 0.244377, 0.301454, 0.405808, 0.464346, 0.607709, 0.685725, 0.74601, 0.755474, 0.84401, 0.711676, 0.956621, 1, 

Generation #18
171,257,0.001, 0.0187413, 0.0203735, 0.0409194, 0.0887245, 0.108402, 0.157225, 0.193326, 0.244377, 0.301454, 0.410784, 0.356582, 0.4141, 0.461428, 0.508843, 0.509454, 0.523491, 0.84401, 0.868836, 0.956621, 1, 

167,391,0.001, 0.109003, 0.119084, 0.0203735, 0.0409194, 0.0887245, 0.108402, 0.157225, 0.193326, 0.244377, 0.530787, 0.973377, 1, 

197,210,0.001, 0.0259064, 0.0203735, 0.0618677, 0.0887245, 0.108402, 0.157225, 0.193326, 0.244377, 0.301454, 0.405808, 0.464346, 0.607709, 0.685725, 0.737448, 0.74601, 0.755474, 0.84401, 0.868836, 0.956621, 1, 

192,249,0.001, 0.0159592, 0.0176833, 0.0487175, 0.0638924, 0.0738051, 0.156431, 0.238411, 0.175538, 0.284253, 0.270315, 0.271554, 0.356582, 0.530527, 0.544295, 0.649104, 0.669178, 0.735231, 0.980786, 0.899578, 0.91462, 0.965953, 1, 

193,238,0.0009435, 0.001, 0.0142518, 0.0203735, 0.0409194, 0.0887245, 0.108402, 0.157225, 0.193326, 0.244377, 0.301454, 0.405808, 0.326395, 0.544295, 0.649104, 0.669178, 0.735231, 0.648054, 0.654908, 0.675547, 0.790441, 0.816073, 0.885906, 0.92048, 0.949906, 0.971228, 0.988065, 1, 

195,232,0.001, 0.0142518, 0.0203735, 0.0409194, 0.0409194, 0.0887245, 0.108402, 0.157225, 0.193326, 0.244377, 0.301454, 0.405808, 0.464346, 0.607709, 0.685725, 0.74601, 0.755474, 0.84401, 0.711676, 0.956621, 1, 

Generation #19
171,257,0.001, 0.0187413, 0.0203735, 0.0409194, 0.0887245, 0.108402, 0.157225, 0.193326, 0.244377, 0.301454, 0.410784, 0.356582, 0.4141, 0.461428, 0.508843, 0.509454, 0.523491, 0.84401, 0.868836, 0.956621, 1, 

167,391,0.001, 0.109003, 0.119084, 0.0203735, 0.0409194, 0.0887245, 0.108402, 0.157225, 0.193326, 0.244377, 0.530787, 0.973377, 1, 

197,210,0.001, 0.0259064, 0.0203735, 0.0618677, 0.0887245, 0.108402, 0.157225, 0.193326, 0.244377, 0.301454, 0.405808, 0.464346, 0.607709, 0.685725, 0.737448, 0.74601, 0.755474, 0.84401, 0.868836, 0.956621, 1, 

192,249,0.001, 0.0159592, 0.0176833, 0.0487175, 0.0638924, 0.0738051, 0.156431, 0.238411, 0.175538, 0.284253, 0.270315, 0.271554, 0.356582, 0.530527, 0.544295, 0.649104, 0.669178, 0.735231, 0.980786, 0.899578, 0.91462, 0.965953, 1, 

193,238,0.0009435, 0.001, 0.0142518, 0.0203735, 0.0409194, 0.0887245, 0.108402, 0.157225, 0.193326, 0.244377, 0.301454, 0.405808, 0.326395, 0.544295, 0.649104, 0.669178, 0.735231, 0.648054, 0.654908, 0.675547, 0.790441, 0.816073, 0.885906, 0.92048, 0.949906, 0.971228, 0.988065, 1, 

195,232,0.001, 0.0142518, 0.0203735, 0.0409194, 0.0409194, 0.0887245, 0.108402, 0.157225, 0.193326, 0.244377, 0.301454, 0.405808, 0.464346, 0.607709, 0.685725, 0.74601, 0.755474, 0.84401, 0.711676, 0.956621, 1, 

Generation #20
171,257,0.001, 0.0187413, 0.0203735, 0.0409194, 0.0887245, 0.108402, 0.157225, 0.193326, 0.244377, 0.301454, 0.410784, 0.356582, 0.4141, 0.461428, 0.508843, 0.509454, 0.523491, 0.84401, 0.868836, 0.956621, 1, 

167,391,0.001, 0.109003, 0.119084, 0.0203735, 0.0409194, 0.0887245, 0.108402, 0.157225, 0.193326, 0.244377, 0.530787, 0.973377, 1, 

197,210,0.001, 0.0259064, 0.0203735, 0.0618677, 0.0887245, 0.108402, 0.157225, 0.193326, 0.244377, 0.301454, 0.405808, 0.464346, 0.607709, 0.685725, 0.737448, 0.74601, 0.755474, 0.84401, 0.868836, 0.956621, 1, 

192,249,0.001, 0.0159592, 0.0176833, 0.0487175, 0.0638924, 0.0738051, 0.156431, 0.238411, 0.175538, 0.284253, 0.270315, 0.271554, 0.356582, 0.530527, 0.544295, 0.649104, 0.669178, 0.735231, 0.980786, 0.899578, 0.91462, 0.965953, 1, 

193,238,0.0009435, 0.001, 0.0142518, 0.0203735, 0.0409194, 0.0887245, 0.108402, 0.157225, 0.193326, 0.244377, 0.301454, 0.405808, 0.326395, 0.544295, 0.649104, 0.669178, 0.735231, 0.648054, 0.654908, 0.675547, 0.790441, 0.816073, 0.885906, 0.92048, 0.949906, 0.971228, 0.988065, 1, 

195,232,0.001, 0.0142518, 0.0203735, 0.0409194, 0.0409194, 0.0887245, 0.108402, 0.157225, 0.193326, 0.244377, 0.301454, 0.405808, 0.464346, 0.607709, 0.685725, 0.74601, 0.755474, 0.84401, 0.711676, 0.956621, 1, 

Generation #21
171,257,0.001, 0.0187413, 0.0203735, 0.0409194, 0.0887245, 0.108402, 0.157225, 0.193326, 0.244377, 0.301454, 0.410784, 0.356582, 0.4141, 0.461428, 0.508843, 0.509454, 0.523491, 0.84401, 0.868836, 0.956621, 1, 

167,391,0.001, 0.109003, 0.119084, 0.0203735, 0.0409194, 0.0887245, 0.108402, 0.157225, 0.193326, 0.244377, 0.530787, 0.973377, 1, 

197,210,0.001, 0.0259064, 0.0203735, 0.0618677, 0.0887245, 0.108402, 0.157225, 0.193326, 0.244377, 0.301454, 0.405808, 0.464346, 0.607709, 0.685725, 0.737448, 0.74601, 0.755474, 0.84401, 0.868836, 0.956621, 1, 

189,225,0.001, 0.001, 0.0142518, 0.0203735, 0.0409194, 0.0887245, 0.108402, 0.157225, 0.193326, 0.244377, 0.301454, 0.405808, 0.607709, 0.0579891, 0.685725, 0.685725, 1, 

Generation #22
171,257,0.001, 0.0187413, 0.0203735, 0.0409194, 0.0887245, 0.108402, 0.157225, 0.193326, 0.244377, 0.301454, 0.410784, 0.356582, 0.4141, 0.461428, 0.508843, 0.509454, 0.523491, 0.84401, 0.868836, 0.956621, 1, 

167,391,0.001, 0.109003, 0.119084, 0.0203735, 0.0409194, 0.0887245, 0.108402, 0.157225, 0.193326, 0.244377, 0.530787, 0.973377, 1, 

197,210,0.001, 0.0259064, 0.0203735, 0.0618677, 0.0887245, 0.108402, 0.157225, 0.193326, 0.244377, 0.301454, 0.405808, 0.464346, 0.607709, 0.685725, 0.737448, 0.74601, 0.755474, 0.84401, 0.868836, 0.956621, 1, 

189,225,0.001, 0.001, 0.0142518, 0.0203735, 0.0409194, 0.0887245, 0.108402, 0.157225, 0.193326, 0.244377, 0.301454, 0.405808, 0.607709, 0.0579891, 0.685725, 0.685725, 1, 

165,476,0.001, 0.0142518, 0.0203735, 0.0820643, 0.0918227, 0.257586, 0.283753, 0.295334, 0.442341, 0.521395, 0.530787, 0.973377, 1, 

Generation #23
171,257,0.001, 0.0187413, 0.0203735, 0.0409194, 0.0887245, 0.108402, 0.157225, 0.193326, 0.244377, 0.301454, 0.410784, 0.356582, 0.4141, 0.461428, 0.508843, 0.509454, 0.523491, 0.84401, 0.868836, 0.956621, 1, 

167,391,0.001, 0.109003, 0.119084, 0.0203735, 0.0409194, 0.0887245, 0.108402, 0.157225, 0.193326, 0.244377, 0.530787, 0.973377, 1, 

197,210,0.001, 0.0259064, 0.0203735, 0.0618677, 0.0887245, 0.108402, 0.157225, 0.193326, 0.244377, 0.301454, 0.405808, 0.464346, 0.607709, 0.685725, 0.737448, 0.74601, 0.755474, 0.84401, 0.868836, 0.956621, 1, 

189,225,0.001, 0.001, 0.0142518, 0.0203735, 0.0409194, 0.0887245, 0.108402, 0.157225, 0.193326, 0.244377, 0.301454, 0.405808, 0.607709, 0.0579891, 0.685725, 0.685725, 1, 

165,476,0.001, 0.0142518, 0.0203735, 0.0820643, 0.0918227, 0.257586, 0.283753, 0.295334, 0.442341, 0.521395, 0.530787, 0.973377, 1, 

185,256,0.001, 0.0187413, 0.0203735, 0.0409194, 0.0887245, 0.108402, 0.157225, 0.193326, 0.244377, 0.301454, 0.405808, 0.268474, 0.362554, 0.443062, 0.460502, 0.649104, 0.669178, 0.735231, 0.648054, 0.654908, 0.675547, 0.790441, 0.816073, 0.885906, 0.92048, 0.949906, 0.971228, 0.988065, 1, 

Generation #24
171,257,0.001, 0.0187413, 0.0203735, 0.0409194, 0.0887245, 0.108402, 0.157225, 0.193326, 0.244377, 0.301454, 0.410784, 0.356582, 0.4141, 0.461428, 0.508843, 0.509454, 0.523491, 0.84401, 0.868836, 0.956621, 1, 

167,391,0.001, 0.109003, 0.119084, 0.0203735, 0.0409194, 0.0887245, 0.108402, 0.157225, 0.193326, 0.244377, 0.530787, 0.973377, 1, 

197,210,0.001, 0.0259064, 0.0203735, 0.0618677, 0.0887245, 0.108402, 0.157225, 0.193326, 0.244377, 0.301454, 0.405808, 0.464346, 0.607709, 0.685725, 0.737448, 0.74601, 0.755474, 0.84401, 0.868836, 0.956621, 1, 

189,225,0.001, 0.001, 0.0142518, 0.0203735, 0.0409194, 0.0887245, 0.108402, 0.157225, 0.193326, 0.244377, 0.301454, 0.405808, 0.607709, 0.0579891, 0.685725, 0.685725, 1, 

165,476,0.001, 0.0142518, 0.0203735, 0.0820643, 0.0918227, 0.257586, 0.283753, 0.295334, 0.442341, 0.521395, 0.530787, 0.973377, 1, 

185,256,0.001, 0.0187413, 0.0203735, 0.0409194, 0.0887245, 0.108402, 0.157225, 0.193326, 0.244377, 0.301454, 0.405808, 0.268474, 0.362554, 0.443062, 0.460502, 0.649104, 0.669178, 0.735231, 0.648054, 0.654908, 0.675547, 0.790441, 0.816073, 0.885906, 0.92048, 0.949906, 0.971228, 0.988065, 1, 

Generation #25
171,257,0.001, 0.0187413, 0.0203735, 0.0409194, 0.0887245, 0.108402, 0.157225, 0.193326, 0.244377, 0.301454, 0.410784, 0.356582, 0.4141, 0.461428, 0.508843, 0.509454, 0.523491, 0.84401, 0.868836, 0.956621, 1, 

167,391,0.001, 0.109003, 0.119084, 0.0203735, 0.0409194, 0.0887245, 0.108402, 0.157225, 0.193326, 0.244377, 0.530787, 0.973377, 1, 

197,210,0.001, 0.0259064, 0.0203735, 0.0618677, 0.0887245, 0.108402, 0.157225, 0.193326, 0.244377, 0.301454, 0.405808, 0.464346, 0.607709, 0.685725, 0.737448, 0.74601, 0.755474, 0.84401, 0.868836, 0.956621, 1, 

189,225,0.001, 0.001, 0.0142518, 0.0203735, 0.0409194, 0.0887245, 0.108402, 0.157225, 0.193326, 0.244377, 0.301454, 0.405808, 0.607709, 0.0579891, 0.685725, 0.685725, 1, 

165,476,0.001, 0.0142518, 0.0203735, 0.0820643, 0.0918227, 0.257586, 0.283753, 0.295334, 0.442341, 0.521395, 0.530787, 0.973377, 1, 

185,256,0.001, 0.0187413, 0.0203735, 0.0409194, 0.0887245, 0.108402, 0.157225, 0.193326, 0.244377, 0.301454, 0.405808, 0.268474, 0.362554, 0.443062, 0.460502, 0.649104, 0.669178, 0.735231, 0.648054, 0.654908, 0.675547, 0.790441, 0.816073, 0.885906, 0.92048, 0.949906, 0.971228, 0.988065, 1, 

Generation #26
171,257,0.001, 0.0187413, 0.0203735, 0.0409194, 0.0887245, 0.108402, 0.157225, 0.193326, 0.244377, 0.301454, 0.410784, 0.356582, 0.4141, 0.461428, 0.508843, 0.509454, 0.523491, 0.84401, 0.868836, 0.956621, 1, 

167,391,0.001, 0.109003, 0.119084, 0.0203735, 0.0409194, 0.0887245, 0.108402, 0.157225, 0.193326, 0.244377, 0.530787, 0.973377, 1, 

197,210,0.001, 0.0259064, 0.0203735, 0.0618677, 0.0887245, 0.108402, 0.157225, 0.193326, 0.244377, 0.301454, 0.405808, 0.464346, 0.607709, 0.685725, 0.737448, 0.74601, 0.755474, 0.84401, 0.868836, 0.956621, 1, 

189,225,0.001, 0.001, 0.0142518, 0.0203735, 0.0409194, 0.0887245, 0.108402, 0.157225, 0.193326, 0.244377, 0.301454, 0.405808, 0.607709, 0.0579891, 0.685725, 0.685725, 1, 

165,476,0.001, 0.0142518, 0.0203735, 0.0820643, 0.0918227, 0.257586, 0.283753, 0.295334, 0.442341, 0.521395, 0.530787, 0.973377, 1, 

185,256,0.001, 0.0187413, 0.0203735, 0.0409194, 0.0887245, 0.108402, 0.157225, 0.193326, 0.244377, 0.301454, 0.405808, 0.268474, 0.362554, 0.443062, 0.460502, 0.649104, 0.669178, 0.735231, 0.648054, 0.654908, 0.675547, 0.790441, 0.816073, 0.885906, 0.92048, 0.949906, 0.971228, 0.988065, 1, 

168,347,0.001, 0.0489173, 0.0804715, 0.153857, 0.0638924, 0.0738051, 0.156431, 0.175538, 0.284253, 0.270315, 0.271554, 0.356582, 0.530527, 0.544295, 0.649104, 0.669178, 0.735231, 0.980786, 0.899578, 0.91462, 0.965953, 1, 

Generation #27
171,257,0.001, 0.0187413, 0.0203735, 0.0409194, 0.0887245, 0.108402, 0.157225, 0.193326, 0.244377, 0.301454, 0.410784, 0.356582, 0.4141, 0.461428, 0.508843, 0.509454, 0.523491, 0.84401, 0.868836, 0.956621, 1, 

167,391,0.001, 0.109003, 0.119084, 0.0203735, 0.0409194, 0.0887245, 0.108402, 0.157225, 0.193326, 0.244377, 0.530787, 0.973377, 1, 

197,210,0.001, 0.0259064, 0.0203735, 0.0618677, 0.0887245, 0.108402, 0.157225, 0.193326, 0.244377, 0.301454, 0.405808, 0.464346, 0.607709, 0.685725, 0.737448, 0.74601, 0.755474, 0.84401, 0.868836, 0.956621, 1, 

189,225,0.001, 0.001, 0.0142518, 0.0203735, 0.0409194, 0.0887245, 0.108402, 0.157225, 0.193326, 0.244377, 0.301454, 0.405808, 0.607709, 0.0579891, 0.685725, 0.685725, 1, 

165,476,0.001, 0.0142518, 0.0203735, 0.0820643, 0.0918227, 0.257586, 0.283753, 0.295334, 0.442341, 0.521395, 0.530787, 0.973377, 1, 

185,256,0.001, 0.0187413, 0.0203735, 0.0409194, 0.0887245, 0.108402, 0.157225, 0.193326, 0.244377, 0.301454, 0.405808, 0.268474, 0.362554, 0.443062, 0.460502, 0.649104, 0.669178, 0.735231, 0.648054, 0.654908, 0.675547, 0.790441, 0.816073, 0.885906, 0.92048, 0.949906, 0.971228, 0.988065, 1, 

168,347,0.001, 0.0489173, 0.0804715, 0.153857, 0.0638924, 0.0738051, 0.156431, 0.175538, 0.284253, 0.270315, 0.271554, 0.356582, 0.530527, 0.544295, 0.649104, 0.669178, 0.735231, 0.980786, 0.899578, 0.91462, 0.965953, 1, 

Generation #28
171,257,0.001, 0.0187413, 0.0203735, 0.0409194, 0.0887245, 0.108402, 0.157225, 0.193326, 0.244377, 0.301454, 0.410784, 0.356582, 0.4141, 0.461428, 0.508843, 0.509454, 0.523491, 0.84401, 0.868836, 0.956621, 1, 

167,391,0.001, 0.109003, 0.119084, 0.0203735, 0.0409194, 0.0887245, 0.108402, 0.157225, 0.193326, 0.244377, 0.530787, 0.973377, 1, 

197,210,0.001, 0.0259064, 0.0203735, 0.0618677, 0.0887245, 0.108402, 0.157225, 0.193326, 0.244377, 0.301454, 0.405808, 0.464346, 0.607709, 0.685725, 0.737448, 0.74601, 0.755474, 0.84401, 0.868836, 0.956621, 1, 

189,225,0.001, 0.001, 0.0142518, 0.0203735, 0.0409194, 0.0887245, 0.108402, 0.157225, 0.193326, 0.244377, 0.301454, 0.405808, 0.607709, 0.0579891, 0.685725, 0.685725, 1, 

165,476,0.001, 0.0142518, 0.0203735, 0.0820643, 0.0918227, 0.257586, 0.283753, 0.295334, 0.442341, 0.521395, 0.530787, 0.973377, 1, 

168,347,0.001, 0.0489173, 0.0804715, 0.153857, 0.0638924, 0.0738051, 0.156431, 0.175538, 0.284253, 0.270315, 0.271554, 0.356582, 0.530527, 0.544295, 0.649104, 0.669178, 0.735231, 0.980786, 0.899578, 0.91462, 0.965953, 1, 

176,251,0.001, 0.0159592, 0.0176833, 0.0487175, 0.0638924, 0.0738051, 0.156431, 0.175538, 0.244377, 0.301454, 0.0100613, 0.841339, 0.914843, 1, 

Generation #29
171,257,0.001, 0.0187413, 0.0203735, 0.0409194, 0.0887245, 0.108402, 0.157225, 0.193326, 0.244377, 0.301454, 0.410784, 0.356582, 0.4141, 0.461428, 0.508843, 0.509454, 0.523491, 0.84401, 0.868836, 0.956621, 1, 

167,391,0.001, 0.109003, 0.119084, 0.0203735, 0.0409194, 0.0887245, 0.108402, 0.157225, 0.193326, 0.244377, 0.530787, 0.973377, 1, 

197,210,0.001, 0.0259064, 0.0203735, 0.0618677, 0.0887245, 0.108402, 0.157225, 0.193326, 0.244377, 0.301454, 0.405808, 0.464346, 0.607709, 0.685725, 0.737448, 0.74601, 0.755474, 0.84401, 0.868836, 0.956621, 1, 

189,225,0.001, 0.001, 0.0142518, 0.0203735, 0.0409194, 0.0887245, 0.108402, 0.157225, 0.193326, 0.244377, 0.301454, 0.405808, 0.607709, 0.0579891, 0.685725, 0.685725, 1, 

165,476,0.001, 0.0142518, 0.0203735, 0.0820643, 0.0918227, 0.257586, 0.283753, 0.295334, 0.442341, 0.521395, 0.530787, 0.973377, 1, 

168,347,0.001, 0.0489173, 0.0804715, 0.153857, 0.0638924, 0.0738051, 0.156431, 0.175538, 0.284253, 0.270315, 0.271554, 0.356582, 0.530527, 0.544295, 0.649104, 0.669178, 0.735231, 0.980786, 0.899578, 0.91462, 0.965953, 1, 

176,251,0.001, 0.0159592, 0.0176833, 0.0487175, 0.0638924, 0.0738051, 0.156431, 0.175538, 0.244377, 0.301454, 0.0100613, 0.841339, 0.914843, 1, 

Generation #30
171,257,0.001, 0.0187413, 0.0203735, 0.0409194, 0.0887245, 0.108402, 0.157225, 0.193326, 0.244377, 0.301454, 0.410784, 0.356582, 0.4141, 0.461428, 0.508843, 0.509454, 0.523491, 0.84401, 0.868836, 0.956621, 1, 

167,391,0.001, 0.109003, 0.119084, 0.0203735, 0.0409194, 0.0887245, 0.108402, 0.157225, 0.193326, 0.244377, 0.530787, 0.973377, 1, 

197,210,0.001, 0.0259064, 0.0203735, 0.0618677, 0.0887245, 0.108402, 0.157225, 0.193326, 0.244377, 0.301454, 0.405808, 0.464346, 0.607709, 0.685725, 0.737448, 0.74601, 0.755474, 0.84401, 0.868836, 0.956621, 1, 

189,225,0.001, 0.001, 0.0142518, 0.0203735, 0.0409194, 0.0887245, 0.108402, 0.157225, 0.193326, 0.244377, 0.301454, 0.405808, 0.607709, 0.0579891, 0.685725, 0.685725, 1, 

165,476,0.001, 0.0142518, 0.0203735, 0.0820643, 0.0918227, 0.257586, 0.283753, 0.295334, 0.442341, 0.521395, 0.530787, 0.973377, 1, 

168,347,0.001, 0.0489173, 0.0804715, 0.153857, 0.0638924, 0.0738051, 0.156431, 0.175538, 0.284253, 0.270315, 0.271554, 0.356582, 0.530527, 0.544295, 0.649104, 0.669178, 0.735231, 0.980786, 0.899578, 0.91462, 0.965953, 1, 

176,251,0.001, 0.0159592, 0.0176833, 0.0487175, 0.0638924, 0.0738051, 0.156431, 0.175538, 0.244377, 0.301454, 0.0100613, 0.841339, 0.914843, 1, 

Generation #31
171,257,0.001, 0.0187413, 0.0203735, 0.0409194, 0.0887245, 0.108402, 0.157225, 0.193326, 0.244377, 0.301454, 0.410784, 0.356582, 0.4141, 0.461428, 0.508843, 0.509454, 0.523491, 0.84401, 0.868836, 0.956621, 1, 

167,391,0.001, 0.109003, 0.119084, 0.0203735, 0.0409194, 0.0887245, 0.108402, 0.157225, 0.193326, 0.244377, 0.530787, 0.973377, 1, 

197,210,0.001, 0.0259064, 0.0203735, 0.0618677, 0.0887245, 0.108402, 0.157225, 0.193326, 0.244377, 0.301454, 0.405808, 0.464346, 0.607709, 0.685725, 0.737448, 0.74601, 0.755474, 0.84401, 0.868836, 0.956621, 1, 

189,225,0.001, 0.001, 0.0142518, 0.0203735, 0.0409194, 0.0887245, 0.108402, 0.157225, 0.193326, 0.244377, 0.301454, 0.405808, 0.607709, 0.0579891, 0.685725, 0.685725, 1, 

165,476,0.001, 0.0142518, 0.0203735, 0.0820643, 0.0918227, 0.257586, 0.283753, 0.295334, 0.442341, 0.521395, 0.530787, 0.973377, 1, 

168,347,0.001, 0.0489173, 0.0804715, 0.153857, 0.0638924, 0.0738051, 0.156431, 0.175538, 0.284253, 0.270315, 0.271554, 0.356582, 0.530527, 0.544295, 0.649104, 0.669178, 0.735231, 0.980786, 0.899578, 0.91462, 0.965953, 1, 

176,251,0.001, 0.0159592, 0.0176833, 0.0487175, 0.0638924, 0.0738051, 0.156431, 0.175538, 0.244377, 0.301454, 0.0100613, 0.841339, 0.914843, 1, 

Generation #32
171,257,0.001, 0.0187413, 0.0203735, 0.0409194, 0.0887245, 0.108402, 0.157225, 0.193326, 0.244377, 0.301454, 0.410784, 0.356582, 0.4141, 0.461428, 0.508843, 0.509454, 0.523491, 0.84401, 0.868836, 0.956621, 1, 

167,391,0.001, 0.109003, 0.119084, 0.0203735, 0.0409194, 0.0887245, 0.108402, 0.157225, 0.193326, 0.244377, 0.530787, 0.973377, 1, 

197,210,0.001, 0.0259064, 0.0203735, 0.0618677, 0.0887245, 0.108402, 0.157225, 0.193326, 0.244377, 0.301454, 0.405808, 0.464346, 0.607709, 0.685725, 0.737448, 0.74601, 0.755474, 0.84401, 0.868836, 0.956621, 1, 

189,225,0.001, 0.001, 0.0142518, 0.0203735, 0.0409194, 0.0887245, 0.108402, 0.157225, 0.193326, 0.244377, 0.301454, 0.405808, 0.607709, 0.0579891, 0.685725, 0.685725, 1, 

165,476,0.001, 0.0142518, 0.0203735, 0.0820643, 0.0918227, 0.257586, 0.283753, 0.295334, 0.442341, 0.521395, 0.530787, 0.973377, 1, 

168,347,0.001, 0.0489173, 0.0804715, 0.153857, 0.0638924, 0.0738051, 0.156431, 0.175538, 0.284253, 0.270315, 0.271554, 0.356582, 0.530527, 0.544295, 0.649104, 0.669178, 0.735231, 0.980786, 0.899578, 0.91462, 0.965953, 1, 

176,251,0.001, 0.0159592, 0.0176833, 0.0487175, 0.0638924, 0.0738051, 0.156431, 0.175538, 0.244377, 0.301454, 0.0100613, 0.841339, 0.914843, 1, 

Generation #33
171,257,0.001, 0.0187413, 0.0203735, 0.0409194, 0.0887245, 0.108402, 0.157225, 0.193326, 0.244377, 0.301454, 0.410784, 0.356582, 0.4141, 0.461428, 0.508843, 0.509454, 0.523491, 0.84401, 0.868836, 0.956621, 1, 

197,210,0.001, 0.0259064, 0.0203735, 0.0618677, 0.0887245, 0.108402, 0.157225, 0.193326, 0.244377, 0.301454, 0.405808, 0.464346, 0.607709, 0.685725, 0.737448, 0.74601, 0.755474, 0.84401, 0.868836, 0.956621, 1, 

189,225,0.001, 0.001, 0.0142518, 0.0203735, 0.0409194, 0.0887245, 0.108402, 0.157225, 0.193326, 0.244377, 0.301454, 0.405808, 0.607709, 0.0579891, 0.685725, 0.685725, 1, 

165,476,0.001, 0.0142518, 0.0203735, 0.0820643, 0.0918227, 0.257586, 0.283753, 0.295334, 0.442341, 0.521395, 0.530787, 0.973377, 1, 

176,251,0.001, 0.0159592, 0.0176833, 0.0487175, 0.0638924, 0.0738051, 0.156431, 0.175538, 0.244377, 0.301454, 0.0100613, 0.841339, 0.914843, 1, 

166,312,0.001, 0.0259064, 0.0203735, 0.0618677, 0.0887245, 0.108402, 0.157225, 0.193326, 0.244377, 0.301454, 0.0100613, 0.841339, 0.432865, 0.914843, 1, 

Generation #34
171,257,0.001, 0.0187413, 0.0203735, 0.0409194, 0.0887245, 0.108402, 0.157225, 0.193326, 0.244377, 0.301454, 0.410784, 0.356582, 0.4141, 0.461428, 0.508843, 0.509454, 0.523491, 0.84401, 0.868836, 0.956621, 1, 

197,210,0.001, 0.0259064, 0.0203735, 0.0618677, 0.0887245, 0.108402, 0.157225, 0.193326, 0.244377, 0.301454, 0.405808, 0.464346, 0.607709, 0.685725, 0.737448, 0.74601, 0.755474, 0.84401, 0.868836, 0.956621, 1, 

189,225,0.001, 0.001, 0.0142518, 0.0203735, 0.0409194, 0.0887245, 0.108402, 0.157225, 0.193326, 0.244377, 0.301454, 0.405808, 0.607709, 0.0579891, 0.685725, 0.685725, 1, 

165,476,0.001, 0.0142518, 0.0203735, 0.0820643, 0.0918227, 0.257586, 0.283753, 0.295334, 0.442341, 0.521395, 0.530787, 0.973377, 1, 

176,251,0.001, 0.0159592, 0.0176833, 0.0487175, 0.0638924, 0.0738051, 0.156431, 0.175538, 0.244377, 0.301454, 0.0100613, 0.841339, 0.914843, 1, 

166,312,0.001, 0.0259064, 0.0203735, 0.0618677, 0.0887245, 0.108402, 0.157225, 0.193326, 0.244377, 0.301454, 0.0100613, 0.841339, 0.432865, 0.914843, 1, 

Generation #35
171,257,0.001, 0.0187413, 0.0203735, 0.0409194, 0.0887245, 0.108402, 0.157225, 0.193326, 0.244377, 0.301454, 0.410784, 0.356582, 0.4141, 0.461428, 0.508843, 0.509454, 0.523491, 0.84401, 0.868836, 0.956621, 1, 

197,210,0.001, 0.0259064, 0.0203735, 0.0618677, 0.0887245, 0.108402, 0.157225, 0.193326, 0.244377, 0.301454, 0.405808, 0.464346, 0.607709, 0.685725, 0.737448, 0.74601, 0.755474, 0.84401, 0.868836, 0.956621, 1, 

189,225,0.001, 0.001, 0.0142518, 0.0203735, 0.0409194, 0.0887245, 0.108402, 0.157225, 0.193326, 0.244377, 0.301454, 0.405808, 0.607709, 0.0579891, 0.685725, 0.685725, 1, 

165,476,0.001, 0.0142518, 0.0203735, 0.0820643, 0.0918227, 0.257586, 0.283753, 0.295334, 0.442341, 0.521395, 0.530787, 0.973377, 1, 

176,251,0.001, 0.0159592, 0.0176833, 0.0487175, 0.0638924, 0.0738051, 0.156431, 0.175538, 0.244377, 0.301454, 0.0100613, 0.841339, 0.914843, 1, 

166,312,0.001, 0.0259064, 0.0203735, 0.0618677, 0.0887245, 0.108402, 0.157225, 0.193326, 0.244377, 0.301454, 0.0100613, 0.841339, 0.432865, 0.914843, 1, 

Generation #36
171,257,0.001, 0.0187413, 0.0203735, 0.0409194, 0.0887245, 0.108402, 0.157225, 0.193326, 0.244377, 0.301454, 0.410784, 0.356582, 0.4141, 0.461428, 0.508843, 0.509454, 0.523491, 0.84401, 0.868836, 0.956621, 1, 

197,210,0.001, 0.0259064, 0.0203735, 0.0618677, 0.0887245, 0.108402, 0.157225, 0.193326, 0.244377, 0.301454, 0.405808, 0.464346, 0.607709, 0.685725, 0.737448, 0.74601, 0.755474, 0.84401, 0.868836, 0.956621, 1, 

189,225,0.001, 0.001, 0.0142518, 0.0203735, 0.0409194, 0.0887245, 0.108402, 0.157225, 0.193326, 0.244377, 0.301454, 0.405808, 0.607709, 0.0579891, 0.685725, 0.685725, 1, 

165,476,0.001, 0.0142518, 0.0203735, 0.0820643, 0.0918227, 0.257586, 0.283753, 0.295334, 0.442341, 0.521395, 0.530787, 0.973377, 1, 

176,251,0.001, 0.0159592, 0.0176833, 0.0487175, 0.0638924, 0.0738051, 0.156431, 0.175538, 0.244377, 0.301454, 0.0100613, 0.841339, 0.914843, 1, 

166,312,0.001, 0.0259064, 0.0203735, 0.0618677, 0.0887245, 0.108402, 0.157225, 0.193326, 0.244377, 0.301454, 0.0100613, 0.841339, 0.432865, 0.914843, 1, 

Generation #37
171,257,0.001, 0.0187413, 0.0203735, 0.0409194, 0.0887245, 0.108402, 0.157225, 0.193326, 0.244377, 0.301454, 0.410784, 0.356582, 0.4141, 0.461428, 0.508843, 0.509454, 0.523491, 0.84401, 0.868836, 0.956621, 1, 

197,210,0.001, 0.0259064, 0.0203735, 0.0618677, 0.0887245, 0.108402, 0.157225, 0.193326, 0.244377, 0.301454, 0.405808, 0.464346, 0.607709, 0.685725, 0.737448, 0.74601, 0.755474, 0.84401, 0.868836, 0.956621, 1, 

189,225,0.001, 0.001, 0.0142518, 0.0203735, 0.0409194, 0.0887245, 0.108402, 0.157225, 0.193326, 0.244377, 0.301454, 0.405808, 0.607709, 0.0579891, 0.685725, 0.685725, 1, 

165,476,0.001, 0.0142518, 0.0203735, 0.0820643, 0.0918227, 0.257586, 0.283753, 0.295334, 0.442341, 0.521395, 0.530787, 0.973377, 1, 

176,251,0.001, 0.0159592, 0.0176833, 0.0487175, 0.0638924, 0.0738051, 0.156431, 0.175538, 0.244377, 0.301454, 0.0100613, 0.841339, 0.914843, 1, 

166,312,0.001, 0.0259064, 0.0203735, 0.0618677, 0.0887245, 0.108402, 0.157225, 0.193326, 0.244377, 0.301454, 0.0100613, 0.841339, 0.432865, 0.914843, 1, 

Generation #38
171,257,0.001, 0.0187413, 0.0203735, 0.0409194, 0.0887245, 0.108402, 0.157225, 0.193326, 0.244377, 0.301454, 0.410784, 0.356582, 0.4141, 0.461428, 0.508843, 0.509454, 0.523491, 0.84401, 0.868836, 0.956621, 1, 

197,210,0.001, 0.0259064, 0.0203735, 0.0618677, 0.0887245, 0.108402, 0.157225, 0.193326, 0.244377, 0.301454, 0.405808, 0.464346, 0.607709, 0.685725, 0.737448, 0.74601, 0.755474, 0.84401, 0.868836, 0.956621, 1, 

189,225,0.001, 0.001, 0.0142518, 0.0203735, 0.0409194, 0.0887245, 0.108402, 0.157225, 0.193326, 0.244377, 0.301454, 0.405808, 0.607709, 0.0579891, 0.685725, 0.685725, 1, 

165,476,0.001, 0.0142518, 0.0203735, 0.0820643, 0.0918227, 0.257586, 0.283753, 0.295334, 0.442341, 0.521395, 0.530787, 0.973377, 1, 

176,251,0.001, 0.0159592, 0.0176833, 0.0487175, 0.0638924, 0.0738051, 0.156431, 0.175538, 0.244377, 0.301454, 0.0100613, 0.841339, 0.914843, 1, 

166,312,0.001, 0.0259064, 0.0203735, 0.0618677, 0.0887245, 0.108402, 0.157225, 0.193326, 0.244377, 0.301454, 0.0100613, 0.841339, 0.432865, 0.914843, 1, 

Generation #39
171,257,0.001, 0.0187413, 0.0203735, 0.0409194, 0.0887245, 0.108402, 0.157225, 0.193326, 0.244377, 0.301454, 0.410784, 0.356582, 0.4141, 0.461428, 0.508843, 0.509454, 0.523491, 0.84401, 0.868836, 0.956621, 1, 

197,210,0.001, 0.0259064, 0.0203735, 0.0618677, 0.0887245, 0.108402, 0.157225, 0.193326, 0.244377, 0.301454, 0.405808, 0.464346, 0.607709, 0.685725, 0.737448, 0.74601, 0.755474, 0.84401, 0.868836, 0.956621, 1, 

189,225,0.001, 0.001, 0.0142518, 0.0203735, 0.0409194, 0.0887245, 0.108402, 0.157225, 0.193326, 0.244377, 0.301454, 0.405808, 0.607709, 0.0579891, 0.685725, 0.685725, 1, 

165,476,0.001, 0.0142518, 0.0203735, 0.0820643, 0.0918227, 0.257586, 0.283753, 0.295334, 0.442341, 0.521395, 0.530787, 0.973377, 1, 

176,251,0.001, 0.0159592, 0.0176833, 0.0487175, 0.0638924, 0.0738051, 0.156431, 0.175538, 0.244377, 0.301454, 0.0100613, 0.841339, 0.914843, 1, 

166,312,0.001, 0.0259064, 0.0203735, 0.0618677, 0.0887245, 0.108402, 0.157225, 0.193326, 0.244377, 0.301454, 0.0100613, 0.841339, 0.432865, 0.914843, 1, 

161,1100,0.001, 0.0159592, 0.0176833, 0.0487175, 0.734476, 0.0738051, 0.156431, 0.192386, 0.284253, 0.270315, 0.271554, 0.763452, 0.783396, 0.895658, 1, 

Generation #40
171,257,0.001, 0.0187413, 0.0203735, 0.0409194, 0.0887245, 0.108402, 0.157225, 0.193326, 0.244377, 0.301454, 0.410784, 0.356582, 0.4141, 0.461428, 0.508843, 0.509454, 0.523491, 0.84401, 0.868836, 0.956621, 1, 

197,210,0.001, 0.0259064, 0.0203735, 0.0618677, 0.0887245, 0.108402, 0.157225, 0.193326, 0.244377, 0.301454, 0.405808, 0.464346, 0.607709, 0.685725, 0.737448, 0.74601, 0.755474, 0.84401, 0.868836, 0.956621, 1, 

189,225,0.001, 0.001, 0.0142518, 0.0203735, 0.0409194, 0.0887245, 0.108402, 0.157225, 0.193326, 0.244377, 0.301454, 0.405808, 0.607709, 0.0579891, 0.685725, 0.685725, 1, 

176,251,0.001, 0.0159592, 0.0176833, 0.0487175, 0.0638924, 0.0738051, 0.156431, 0.175538, 0.244377, 0.301454, 0.0100613, 0.841339, 0.914843, 1, 

161,1100,0.001, 0.0159592, 0.0176833, 0.0487175, 0.734476, 0.0738051, 0.156431, 0.192386, 0.284253, 0.270315, 0.271554, 0.763452, 0.783396, 0.895658, 1, 

165,279,0.001, 0.0142518, 0.0203735, 0.0409194, 0.0409194, 0.0887245, 0.108402, 0.157225, 0.270315, 0.271554, 0.356582, 0.464346, 0.607709, 0.685725, 1, 

Generation #41
171,257,0.001, 0.0187413, 0.0203735, 0.0409194, 0.0887245, 0.108402, 0.157225, 0.193326, 0.244377, 0.301454, 0.410784, 0.356582, 0.4141, 0.461428, 0.508843, 0.509454, 0.523491, 0.84401, 0.868836, 0.956621, 1, 

197,210,0.001, 0.0259064, 0.0203735, 0.0618677, 0.0887245, 0.108402, 0.157225, 0.193326, 0.244377, 0.301454, 0.405808, 0.464346, 0.607709, 0.685725, 0.737448, 0.74601, 0.755474, 0.84401, 0.868836, 0.956621, 1, 

189,225,0.001, 0.001, 0.0142518, 0.0203735, 0.0409194, 0.0887245, 0.108402, 0.157225, 0.193326, 0.244377, 0.301454, 0.405808, 0.607709, 0.0579891, 0.685725, 0.685725, 1, 

176,251,0.001, 0.0159592, 0.0176833, 0.0487175, 0.0638924, 0.0738051, 0.156431, 0.175538, 0.244377, 0.301454, 0.0100613, 0.841339, 0.914843, 1, 

161,1100,0.001, 0.0159592, 0.0176833, 0.0487175, 0.734476, 0.0738051, 0.156431, 0.192386, 0.284253, 0.270315, 0.271554, 0.763452, 0.783396, 0.895658, 1, 

165,279,0.001, 0.0142518, 0.0203735, 0.0409194, 0.0409194, 0.0887245, 0.108402, 0.157225, 0.270315, 0.271554, 0.356582, 0.464346, 0.607709, 0.685725, 1, 

Generation #42
197,210,0.001, 0.0259064, 0.0203735, 0.0618677, 0.0887245, 0.108402, 0.157225, 0.193326, 0.244377, 0.301454, 0.405808, 0.464346, 0.607709, 0.685725, 0.737448, 0.74601, 0.755474, 0.84401, 0.868836, 0.956621, 1, 

189,225,0.001, 0.001, 0.0142518, 0.0203735, 0.0409194, 0.0887245, 0.108402, 0.157225, 0.193326, 0.244377, 0.301454, 0.405808, 0.607709, 0.0579891, 0.685725, 0.685725, 1, 

176,251,0.001, 0.0159592, 0.0176833, 0.0487175, 0.0638924, 0.0738051, 0.156431, 0.175538, 0.244377, 0.301454, 0.0100613, 0.841339, 0.914843, 1, 

161,1100,0.001, 0.0159592, 0.0176833, 0.0487175, 0.734476, 0.0738051, 0.156431, 0.192386, 0.284253, 0.270315, 0.271554, 0.763452, 0.783396, 0.895658, 1, 

165,256,0.001, 0.0142518, 0.0203735, 0.0409194, 0.0409194, 0.0887245, 0.108402, 0.157225, 0.193326, 0.244377, 0.801069, 0.973377, 1, 

Generation #43
197,210,0.001, 0.0259064, 0.0203735, 0.0618677, 0.0887245, 0.108402, 0.157225, 0.193326, 0.244377, 0.301454, 0.405808, 0.464346, 0.607709, 0.685725, 0.737448, 0.74601, 0.755474, 0.84401, 0.868836, 0.956621, 1, 

189,225,0.001, 0.001, 0.0142518, 0.0203735, 0.0409194, 0.0887245, 0.108402, 0.157225, 0.193326, 0.244377, 0.301454, 0.405808, 0.607709, 0.0579891, 0.685725, 0.685725, 1, 

176,251,0.001, 0.0159592, 0.0176833, 0.0487175, 0.0638924, 0.0738051, 0.156431, 0.175538, 0.244377, 0.301454, 0.0100613, 0.841339, 0.914843, 1, 

161,1100,0.001, 0.0159592, 0.0176833, 0.0487175, 0.734476, 0.0738051, 0.156431, 0.192386, 0.284253, 0.270315, 0.271554, 0.763452, 0.783396, 0.895658, 1, 

165,256,0.001, 0.0142518, 0.0203735, 0.0409194, 0.0409194, 0.0887245, 0.108402, 0.157225, 0.193326, 0.244377, 0.801069, 0.973377, 1, 

Generation #44
197,210,0.001, 0.0259064, 0.0203735, 0.0618677, 0.0887245, 0.108402, 0.157225, 0.193326, 0.244377, 0.301454, 0.405808, 0.464346, 0.607709, 0.685725, 0.737448, 0.74601, 0.755474, 0.84401, 0.868836, 0.956621, 1, 

189,225,0.001, 0.001, 0.0142518, 0.0203735, 0.0409194, 0.0887245, 0.108402, 0.157225, 0.193326, 0.244377, 0.301454, 0.405808, 0.607709, 0.0579891, 0.685725, 0.685725, 1, 

176,251,0.001, 0.0159592, 0.0176833, 0.0487175, 0.0638924, 0.0738051, 0.156431, 0.175538, 0.244377, 0.301454, 0.0100613, 0.841339, 0.914843, 1, 

161,1100,0.001, 0.0159592, 0.0176833, 0.0487175, 0.734476, 0.0738051, 0.156431, 0.192386, 0.284253, 0.270315, 0.271554, 0.763452, 0.783396, 0.895658, 1, 

165,256,0.001, 0.0142518, 0.0203735, 0.0409194, 0.0409194, 0.0887245, 0.108402, 0.157225, 0.193326, 0.244377, 0.801069, 0.973377, 1, 

Generation #45
197,210,0.001, 0.0259064, 0.0203735, 0.0618677, 0.0887245, 0.108402, 0.157225, 0.193326, 0.244377, 0.301454, 0.405808, 0.464346, 0.607709, 0.685725, 0.737448, 0.74601, 0.755474, 0.84401, 0.868836, 0.956621, 1, 

189,225,0.001, 0.001, 0.0142518, 0.0203735, 0.0409194, 0.0887245, 0.108402, 0.157225, 0.193326, 0.244377, 0.301454, 0.405808, 0.607709, 0.0579891, 0.685725, 0.685725, 1, 

161,1100,0.001, 0.0159592, 0.0176833, 0.0487175, 0.734476, 0.0738051, 0.156431, 0.192386, 0.284253, 0.270315, 0.271554, 0.763452, 0.783396, 0.895658, 1, 

165,256,0.001, 0.0142518, 0.0203735, 0.0409194, 0.0409194, 0.0887245, 0.108402, 0.157225, 0.193326, 0.244377, 0.801069, 0.973377, 1, 

171,237,0.001, 0.0142518, 0.0203735, 0.0409194, 0.0409194, 0.0887245, 0.108402, 0.157225, 0.270315, 0.301454, 0.410784, 0.356582, 0.4141, 0.461428, 0.508843, 0.509454, 0.498072, 0.523491, 0.84401, 0.868836, 0.956621, 1, 

Generation #46
197,210,0.001, 0.0259064, 0.0203735, 0.0618677, 0.0887245, 0.108402, 0.157225, 0.193326, 0.244377, 0.301454, 0.405808, 0.464346, 0.607709, 0.685725, 0.737448, 0.74601, 0.755474, 0.84401, 0.868836, 0.956621, 1, 

189,225,0.001, 0.001, 0.0142518, 0.0203735, 0.0409194, 0.0887245, 0.108402, 0.157225, 0.193326, 0.244377, 0.301454, 0.405808, 0.607709, 0.0579891, 0.685725, 0.685725, 1, 

165,256,0.001, 0.0142518, 0.0203735, 0.0409194, 0.0409194, 0.0887245, 0.108402, 0.157225, 0.193326, 0.244377, 0.801069, 0.973377, 1, 

171,237,0.001, 0.0142518, 0.0203735, 0.0409194, 0.0409194, 0.0887245, 0.108402, 0.157225, 0.270315, 0.301454, 0.410784, 0.356582, 0.4141, 0.461428, 0.508843, 0.509454, 0.498072, 0.523491, 0.84401, 0.868836, 0.956621, 1, 

157,407,0.001, 0.0259064, 0.0203735, 0.0487175, 0.0638924, 0.0738051, 0.156431, 0.175538, 0.284253, 0.301454, 0.405808, 0.464346, 0.607709, 0.685725, 0.685725, 1, 

Generation #47
197,210,0.001, 0.0259064, 0.0203735, 0.0618677, 0.0887245, 0.108402, 0.157225, 0.193326, 0.244377, 0.301454, 0.405808, 0.464346, 0.607709, 0.685725, 0.737448, 0.74601, 0.755474, 0.84401, 0.868836, 0.956621, 1, 

189,225,0.001, 0.001, 0.0142518, 0.0203735, 0.0409194, 0.0887245, 0.108402, 0.157225, 0.193326, 0.244377, 0.301454, 0.405808, 0.607709, 0.0579891, 0.685725, 0.685725, 1, 

165,256,0.001, 0.0142518, 0.0203735, 0.0409194, 0.0409194, 0.0887245, 0.108402, 0.157225, 0.193326, 0.244377, 0.801069, 0.973377, 1, 

171,237,0.001, 0.0142518, 0.0203735, 0.0409194, 0.0409194, 0.0887245, 0.108402, 0.157225, 0.270315, 0.301454, 0.410784, 0.356582, 0.4141, 0.461428, 0.508843, 0.509454, 0.498072, 0.523491, 0.84401, 0.868836, 0.956621, 1, 

157,407,0.001, 0.0259064, 0.0203735, 0.0487175, 0.0638924, 0.0738051, 0.156431, 0.175538, 0.284253, 0.301454, 0.405808, 0.464346, 0.607709, 0.685725, 0.685725, 1, 

Generation #48
197,210,0.001, 0.0259064, 0.0203735, 0.0618677, 0.0887245, 0.108402, 0.157225, 0.193326, 0.244377, 0.301454, 0.405808, 0.464346, 0.607709, 0.685725, 0.737448, 0.74601, 0.755474, 0.84401, 0.868836, 0.956621, 1, 

189,225,0.001, 0.001, 0.0142518, 0.0203735, 0.0409194, 0.0887245, 0.108402, 0.157225, 0.193326, 0.244377, 0.301454, 0.405808, 0.607709, 0.0579891, 0.685725, 0.685725, 1, 

165,256,0.001, 0.0142518, 0.0203735, 0.0409194, 0.0409194, 0.0887245, 0.108402, 0.157225, 0.193326, 0.244377, 0.801069, 0.973377, 1, 

171,237,0.001, 0.0142518, 0.0203735, 0.0409194, 0.0409194, 0.0887245, 0.108402, 0.157225, 0.270315, 0.301454, 0.410784, 0.356582, 0.4141, 0.461428, 0.508843, 0.509454, 0.498072, 0.523491, 0.84401, 0.868836, 0.956621, 1, 

157,407,0.001, 0.0259064, 0.0203735, 0.0487175, 0.0638924, 0.0738051, 0.156431, 0.175538, 0.284253, 0.301454, 0.405808, 0.464346, 0.607709, 0.685725, 0.685725, 1, 

Generation #49
197,210,0.001, 0.0259064, 0.0203735, 0.0618677, 0.0887245, 0.108402, 0.157225, 0.193326, 0.244377, 0.301454, 0.405808, 0.464346, 0.607709, 0.685725, 0.737448, 0.74601, 0.755474, 0.84401, 0.868836, 0.956621, 1, 

189,225,0.001, 0.001, 0.0142518, 0.0203735, 0.0409194, 0.0887245, 0.108402, 0.157225, 0.193326, 0.244377, 0.301454, 0.405808, 0.607709, 0.0579891, 0.685725, 0.685725, 1, 

165,256,0.001, 0.0142518, 0.0203735, 0.0409194, 0.0409194, 0.0887245, 0.108402, 0.157225, 0.193326, 0.244377, 0.801069, 0.973377, 1, 

171,237,0.001, 0.0142518, 0.0203735, 0.0409194, 0.0409194, 0.0887245, 0.108402, 0.157225, 0.270315, 0.301454, 0.410784, 0.356582, 0.4141, 0.461428, 0.508843, 0.509454, 0.498072, 0.523491, 0.84401, 0.868836, 0.956621, 1, 

157,407,0.001, 0.0259064, 0.0203735, 0.0487175, 0.0638924, 0.0738051, 0.156431, 0.175538, 0.284253, 0.301454, 0.405808, 0.464346, 0.607709, 0.685725, 0.685725, 1, 

--- Pareto Front Solutions ---
Solution 0: N total=441 (N_initial=244, N_added=197), Time total=356 ms, Saved to: ./results/Make_t3_l2_pareto_0.csv, percents=0.001, 0.0259064, 0.0203735, 0.0618677, 0.0887245, 0.108402, 0.157225, 0.193326, 0.244377, 0.301454, 0.405808, 0.464346, 0.607709, 0.685725, 0.737448, 0.74601, 0.755474, 0.84401, 0.868836, 0.956621, 1, 

Solution 1: N total=433 (N_initial=244, N_added=189), Time total=371 ms, Saved to: ./results/Make_t3_l2_pareto_1.csv, percents=0.001, 0.001, 0.0142518, 0.0203735, 0.0409194, 0.0887245, 0.108402, 0.157225, 0.193326, 0.244377, 0.301454, 0.405808, 0.607709, 0.0579891, 0.685725, 0.685725, 1, 

Solution 2: N total=409 (N_initial=244, N_added=165), Time total=402 ms, Saved to: ./results/Make_t3_l2_pareto_2.csv, percents=0.001, 0.0142518, 0.0203735, 0.0409194, 0.0409194, 0.0887245, 0.108402, 0.157225, 0.193326, 0.244377, 0.801069, 0.973377, 1, 

Solution 3: N total=415 (N_initial=244, N_added=171), Time total=383 ms, Saved to: ./results/Make_t3_l2_pareto_3.csv, percents=0.001, 0.0142518, 0.0203735, 0.0409194, 0.0409194, 0.0887245, 0.108402, 0.157225, 0.270315, 0.301454, 0.410784, 0.356582, 0.4141, 0.461428, 0.508843, 0.509454, 0.498072, 0.523491, 0.84401, 0.868836, 0.956621, 1, 

Solution 4: N total=401 (N_initial=244, N_added=157), Time total=553 ms, Saved to: ./results/Make_t3_l2_pareto_4.csv, percents=0.001, 0.0259064, 0.0203735, 0.0487175, 0.0638924, 0.0738051, 0.156431, 0.175538, 0.284253, 0.301454, 0.405808, 0.464346, 0.607709, 0.685725, 0.685725, 1, 

------------d=1, t=3, lambda=3, filename=./evaluation/Make/Make_3_3.csv------------
Computing partitioned counts of d-sets...
Ready to look at pairs based on partitioned counts...
First Stage N=360, Time=90
There are 197 remaining non-locating pairs
--- Running GA Algorithm (phase2) ---
Running GA with std::execution::par
Generation #0
187,278,0.001, 0.0876582, 0.104503, 0.109255, 0.178043, 0.205175, 0.244395, 0.261414, 0.277482, 0.328584, 0.358635, 0.417858, 0.516844, 0.561465, 0.582098, 0.616227, 0.627028, 0.683098, 0.706413, 0.771902, 0.854401, 0.874702, 0.917808, 0.969685, 1, 

193,247,0.001, 0.0824443, 0.0935888, 0.0987162, 0.134211, 0.143649, 0.179568, 0.343191, 0.403189, 0.46673, 0.487453, 0.523515, 0.534719, 0.537497, 0.671132, 0.74974, 0.752672, 0.809312, 0.895291, 0.907647, 0.932083, 0.94185, 1, 

156,461,0.001, 0.0737058, 0.090869, 0.168457, 0.400757, 0.420776, 0.467706, 0.551085, 0.764968, 0.894573, 0.925842, 0.929132, 1, 

Generation #1
156,461,0.001, 0.0737058, 0.090869, 0.168457, 0.400757, 0.420776, 0.467706, 0.551085, 0.764968, 0.894573, 0.925842, 0.929132, 1, 

157,242,0.001, 0.047512, 0.102869, 0.111496, 0.174789, 0.224578, 0.234987, 0.238159, 0.238298, 0.331672, 1, 

Generation #2
156,461,0.001, 0.0737058, 0.090869, 0.168457, 0.400757, 0.420776, 0.467706, 0.551085, 0.764968, 0.894573, 0.925842, 0.929132, 1, 

157,242,0.001, 0.047512, 0.102869, 0.111496, 0.174789, 0.224578, 0.234987, 0.238159, 0.238298, 0.331672, 1, 

231,228,0.001, 0.0623161, 0.0805398, 0.122999, 0.151684, 0.196668, 0.213322, 0.231584, 0.244083, 0.246761, 0.270204, 0.437236, 0.560149, 0.624088, 0.635855, 0.684181, 0.753389, 0.78854, 0.887046, 0.987751, 1, 

Generation #3
156,461,0.001, 0.0737058, 0.090869, 0.168457, 0.400757, 0.420776, 0.467706, 0.551085, 0.764968, 0.894573, 0.925842, 0.929132, 1, 

157,242,0.001, 0.047512, 0.102869, 0.111496, 0.174789, 0.224578, 0.234987, 0.238159, 0.238298, 0.331672, 1, 

195,241,0.001, 0.0398309, 0.093876, 0.122999, 0.151684, 0.196668, 0.213322, 0.231584, 0.261942, 0.325706, 0.329725, 0.345533, 0.417262, 0.478012, 0.514289, 0.556187, 0.567826, 0.5749, 0.660438, 0.674912, 0.725967, 0.733659, 0.763922, 0.78025, 0.790303, 0.835313, 0.887073, 0.915369, 0.989441, 0.997524, 1, 

196,179,0.001, 0.0213422, 0.0237446, 0.0384295, 0.0820432, 0.107098, 0.163675, 0.3117, 0.313398, 0.342796, 0.516755, 0.522284, 0.63463, 0.663513, 0.467103, 0.468146, 0.511634, 0.552493, 0.578433, 0.597651, 0.668997, 0.699371, 0.728494, 0.809053, 0.859408, 0.924848, 0.935518, 0.773412, 0.976746, 1, 

Generation #4
156,461,0.001, 0.0737058, 0.090869, 0.168457, 0.400757, 0.420776, 0.467706, 0.551085, 0.764968, 0.894573, 0.925842, 0.929132, 1, 

157,242,0.001, 0.047512, 0.102869, 0.111496, 0.174789, 0.224578, 0.234987, 0.238159, 0.238298, 0.331672, 1, 

195,241,0.001, 0.0398309, 0.093876, 0.122999, 0.151684, 0.196668, 0.213322, 0.231584, 0.261942, 0.325706, 0.329725, 0.345533, 0.417262, 0.478012, 0.514289, 0.556187, 0.567826, 0.5749, 0.660438, 0.674912, 0.725967, 0.733659, 0.763922, 0.78025, 0.790303, 0.835313, 0.887073, 0.915369, 0.989441, 0.997524, 1, 

196,179,0.001, 0.0213422, 0.0237446, 0.0384295, 0.0820432, 0.107098, 0.163675, 0.3117, 0.313398, 0.342796, 0.516755, 0.522284, 0.63463, 0.663513, 0.467103, 0.468146, 0.511634, 0.552493, 0.578433, 0.597651, 0.668997, 0.699371, 0.728494, 0.809053, 0.859408, 0.924848, 0.935518, 0.773412, 0.976746, 1, 

Generation #5
156,461,0.001, 0.0737058, 0.090869, 0.168457, 0.400757, 0.420776, 0.467706, 0.551085, 0.764968, 0.894573, 0.925842, 0.929132, 1, 

157,242,0.001, 0.047512, 0.102869, 0.111496, 0.174789, 0.224578, 0.234987, 0.238159, 0.238298, 0.331672, 1, 

196,179,0.001, 0.0213422, 0.0237446, 0.0384295, 0.0820432, 0.107098, 0.163675, 0.3117, 0.313398, 0.342796, 0.516755, 0.522284, 0.63463, 0.663513, 0.467103, 0.468146, 0.511634, 0.552493, 0.578433, 0.597651, 0.668997, 0.699371, 0.728494, 0.809053, 0.859408, 0.924848, 0.935518, 0.773412, 0.976746, 1, 

160,226,0.001, 0.0578254, 0.0933461, 0.107488, 0.134211, 0.143649, 0.179568, 0.343191, 0.403189, 0.46673, 0.487453, 0.523515, 0.534719, 0.537497, 0.671132, 0.74974, 0.870609, 0.886108, 0.89438, 0.950601, 0.964009, 1, 

Generation #6
156,461,0.001, 0.0737058, 0.090869, 0.168457, 0.400757, 0.420776, 0.467706, 0.551085, 0.764968, 0.894573, 0.925842, 0.929132, 1, 

157,242,0.001, 0.047512, 0.102869, 0.111496, 0.174789, 0.224578, 0.234987, 0.238159, 0.238298, 0.331672, 1, 

196,179,0.001, 0.0213422, 0.0237446, 0.0384295, 0.0820432, 0.107098, 0.163675, 0.3117, 0.313398, 0.342796, 0.516755, 0.522284, 0.63463, 0.663513, 0.467103, 0.468146, 0.511634, 0.552493, 0.578433, 0.597651, 0.668997, 0.699371, 0.728494, 0.809053, 0.859408, 0.924848, 0.935518, 0.773412, 0.976746, 1, 

160,226,0.001, 0.0578254, 0.0933461, 0.107488, 0.134211, 0.143649, 0.179568, 0.343191, 0.403189, 0.46673, 0.487453, 0.523515, 0.534719, 0.537497, 0.671132, 0.74974, 0.870609, 0.886108, 0.89438, 0.950601, 0.964009, 1, 

173,203,0.001, 0.0623161, 0.0805398, 0.122999, 0.151684, 0.196668, 0.213322, 0.231584, 0.244083, 0.246761, 0.270204, 0.437236, 0.608774, 0.640968, 0.671132, 0.74974, 0.870609, 0.886108, 0.89438, 0.950601, 0.964009, 1, 

Generation #7
156,461,0.001, 0.0737058, 0.090869, 0.168457, 0.400757, 0.420776, 0.467706, 0.551085, 0.764968, 0.894573, 0.925842, 0.929132, 1, 

157,242,0.001, 0.047512, 0.102869, 0.111496, 0.174789, 0.224578, 0.234987, 0.238159, 0.238298, 0.331672, 1, 

196,179,0.001, 0.0213422, 0.0237446, 0.0384295, 0.0820432, 0.107098, 0.163675, 0.3117, 0.313398, 0.342796, 0.516755, 0.522284, 0.63463, 0.663513, 0.467103, 0.468146, 0.511634, 0.552493, 0.578433, 0.597651, 0.668997, 0.699371, 0.728494, 0.809053, 0.859408, 0.924848, 0.935518, 0.773412, 0.976746, 1, 

160,226,0.001, 0.0578254, 0.0933461, 0.107488, 0.134211, 0.143649, 0.179568, 0.343191, 0.403189, 0.46673, 0.487453, 0.523515, 0.534719, 0.537497, 0.671132, 0.74974, 0.870609, 0.886108, 0.89438, 0.950601, 0.964009, 1, 

173,203,0.001, 0.0623161, 0.0805398, 0.122999, 0.151684, 0.196668, 0.213322, 0.231584, 0.244083, 0.246761, 0.270204, 0.437236, 0.608774, 0.640968, 0.671132, 0.74974, 0.870609, 0.886108, 0.89438, 0.950601, 0.964009, 1, 

Generation #8
156,461,0.001, 0.0737058, 0.090869, 0.168457, 0.400757, 0.420776, 0.467706, 0.551085, 0.764968, 0.894573, 0.925842, 0.929132, 1, 

157,242,0.001, 0.047512, 0.102869, 0.111496, 0.174789, 0.224578, 0.234987, 0.238159, 0.238298, 0.331672, 1, 

196,179,0.001, 0.0213422, 0.0237446, 0.0384295, 0.0820432, 0.107098, 0.163675, 0.3117, 0.313398, 0.342796, 0.516755, 0.522284, 0.63463, 0.663513, 0.467103, 0.468146, 0.511634, 0.552493, 0.578433, 0.597651, 0.668997, 0.699371, 0.728494, 0.809053, 0.859408, 0.924848, 0.935518, 0.773412, 0.976746, 1, 

160,226,0.001, 0.0578254, 0.0933461, 0.107488, 0.134211, 0.143649, 0.179568, 0.343191, 0.403189, 0.46673, 0.487453, 0.523515, 0.534719, 0.537497, 0.671132, 0.74974, 0.870609, 0.886108, 0.89438, 0.950601, 0.964009, 1, 

173,203,0.001, 0.0623161, 0.0805398, 0.122999, 0.151684, 0.196668, 0.213322, 0.231584, 0.244083, 0.246761, 0.270204, 0.437236, 0.608774, 0.640968, 0.671132, 0.74974, 0.870609, 0.886108, 0.89438, 0.950601, 0.964009, 1, 

Generation #9
156,461,0.001, 0.0737058, 0.090869, 0.168457, 0.400757, 0.420776, 0.467706, 0.551085, 0.764968, 0.894573, 0.925842, 0.929132, 1, 

157,242,0.001, 0.047512, 0.102869, 0.111496, 0.174789, 0.224578, 0.234987, 0.238159, 0.238298, 0.331672, 1, 

160,226,0.001, 0.0578254, 0.0933461, 0.107488, 0.134211, 0.143649, 0.179568, 0.343191, 0.403189, 0.46673, 0.487453, 0.523515, 0.534719, 0.537497, 0.671132, 0.74974, 0.870609, 0.886108, 0.89438, 0.950601, 0.964009, 1, 

173,203,0.001, 0.0623161, 0.0805398, 0.122999, 0.151684, 0.196668, 0.213322, 0.231584, 0.244083, 0.246761, 0.270204, 0.437236, 0.608774, 0.640968, 0.671132, 0.74974, 0.870609, 0.886108, 0.89438, 0.950601, 0.964009, 1, 

189,162,0.001, 0.047512, 0.102869, 0.111496, 0.12224, 0.257193, 0.213322, 0.231584, 0.261942, 0.325706, 0.329725, 0.345533, 0.417262, 0.478012, 0.514289, 0.556187, 0.567826, 0.5749, 0.660438, 0.674912, 0.725967, 0.733659, 0.763922, 0.78025, 0.790303, 0.835313, 0.887073, 0.915369, 0.989441, 0.997524, 1, 

Generation #10
156,461,0.001, 0.0737058, 0.090869, 0.168457, 0.400757, 0.420776, 0.467706, 0.551085, 0.764968, 0.894573, 0.925842, 0.929132, 1, 

157,242,0.001, 0.047512, 0.102869, 0.111496, 0.174789, 0.224578, 0.234987, 0.238159, 0.238298, 0.331672, 1, 

160,226,0.001, 0.0578254, 0.0933461, 0.107488, 0.134211, 0.143649, 0.179568, 0.343191, 0.403189, 0.46673, 0.487453, 0.523515, 0.534719, 0.537497, 0.671132, 0.74974, 0.870609, 0.886108, 0.89438, 0.950601, 0.964009, 1, 

173,203,0.001, 0.0623161, 0.0805398, 0.122999, 0.151684, 0.196668, 0.213322, 0.231584, 0.244083, 0.246761, 0.270204, 0.437236, 0.608774, 0.640968, 0.671132, 0.74974, 0.870609, 0.886108, 0.89438, 0.950601, 0.964009, 1, 

189,162,0.001, 0.047512, 0.102869, 0.111496, 0.12224, 0.257193, 0.213322, 0.231584, 0.261942, 0.325706, 0.329725, 0.345533, 0.417262, 0.478012, 0.514289, 0.556187, 0.567826, 0.5749, 0.660438, 0.674912, 0.725967, 0.733659, 0.763922, 0.78025, 0.790303, 0.835313, 0.887073, 0.915369, 0.989441, 0.997524, 1, 

Generation #11
156,461,0.001, 0.0737058, 0.090869, 0.168457, 0.400757, 0.420776, 0.467706, 0.551085, 0.764968, 0.894573, 0.925842, 0.929132, 1, 

157,242,0.001, 0.047512, 0.102869, 0.111496, 0.174789, 0.224578, 0.234987, 0.238159, 0.238298, 0.331672, 1, 

160,226,0.001, 0.0578254, 0.0933461, 0.107488, 0.134211, 0.143649, 0.179568, 0.343191, 0.403189, 0.46673, 0.487453, 0.523515, 0.534719, 0.537497, 0.671132, 0.74974, 0.870609, 0.886108, 0.89438, 0.950601, 0.964009, 1, 

173,203,0.001, 0.0623161, 0.0805398, 0.122999, 0.151684, 0.196668, 0.213322, 0.231584, 0.244083, 0.246761, 0.270204, 0.437236, 0.608774, 0.640968, 0.671132, 0.74974, 0.870609, 0.886108, 0.89438, 0.950601, 0.964009, 1, 

189,162,0.001, 0.047512, 0.102869, 0.111496, 0.12224, 0.257193, 0.213322, 0.231584, 0.261942, 0.325706, 0.329725, 0.345533, 0.417262, 0.478012, 0.514289, 0.556187, 0.567826, 0.5749, 0.660438, 0.674912, 0.725967, 0.733659, 0.763922, 0.78025, 0.790303, 0.835313, 0.887073, 0.915369, 0.989441, 0.997524, 1, 

Generation #12
156,461,0.001, 0.0737058, 0.090869, 0.168457, 0.400757, 0.420776, 0.467706, 0.551085, 0.764968, 0.894573, 0.925842, 0.929132, 1, 

157,242,0.001, 0.047512, 0.102869, 0.111496, 0.174789, 0.224578, 0.234987, 0.238159, 0.238298, 0.331672, 1, 

160,226,0.001, 0.0578254, 0.0933461, 0.107488, 0.134211, 0.143649, 0.179568, 0.343191, 0.403189, 0.46673, 0.487453, 0.523515, 0.534719, 0.537497, 0.671132, 0.74974, 0.870609, 0.886108, 0.89438, 0.950601, 0.964009, 1, 

173,203,0.001, 0.0623161, 0.0805398, 0.122999, 0.151684, 0.196668, 0.213322, 0.231584, 0.244083, 0.246761, 0.270204, 0.437236, 0.608774, 0.640968, 0.671132, 0.74974, 0.870609, 0.886108, 0.89438, 0.950601, 0.964009, 1, 

189,162,0.001, 0.047512, 0.102869, 0.111496, 0.12224, 0.257193, 0.213322, 0.231584, 0.261942, 0.325706, 0.329725, 0.345533, 0.417262, 0.478012, 0.514289, 0.556187, 0.567826, 0.5749, 0.660438, 0.674912, 0.725967, 0.733659, 0.763922, 0.78025, 0.790303, 0.835313, 0.887073, 0.915369, 0.989441, 0.997524, 1, 

Generation #13
156,461,0.001, 0.0737058, 0.090869, 0.168457, 0.400757, 0.420776, 0.467706, 0.551085, 0.764968, 0.894573, 0.925842, 0.929132, 1, 

157,242,0.001, 0.047512, 0.102869, 0.111496, 0.174789, 0.224578, 0.234987, 0.238159, 0.238298, 0.331672, 1, 

160,226,0.001, 0.0578254, 0.0933461, 0.107488, 0.134211, 0.143649, 0.179568, 0.343191, 0.403189, 0.46673, 0.487453, 0.523515, 0.534719, 0.537497, 0.671132, 0.74974, 0.870609, 0.886108, 0.89438, 0.950601, 0.964009, 1, 

173,203,0.001, 0.0623161, 0.0805398, 0.122999, 0.151684, 0.196668, 0.213322, 0.231584, 0.244083, 0.246761, 0.270204, 0.437236, 0.608774, 0.640968, 0.671132, 0.74974, 0.870609, 0.886108, 0.89438, 0.950601, 0.964009, 1, 

189,162,0.001, 0.047512, 0.102869, 0.111496, 0.12224, 0.257193, 0.213322, 0.231584, 0.261942, 0.325706, 0.329725, 0.345533, 0.417262, 0.478012, 0.514289, 0.556187, 0.567826, 0.5749, 0.660438, 0.674912, 0.725967, 0.733659, 0.763922, 0.78025, 0.790303, 0.835313, 0.887073, 0.915369, 0.989441, 0.997524, 1, 

188,198,0.001, 0.0213422, 0.0237446, 0.0384295, 0.0820432, 0.107098, 0.163675, 0.3117, 0.313398, 0.342796, 0.516755, 0.522284, 0.63463, 0.663513, 0.582098, 0.616227, 0.627028, 0.683098, 0.706413, 0.771902, 0.854401, 0.98093, 0.917808, 0.969685, 1, 

Generation #14
156,461,0.001, 0.0737058, 0.090869, 0.168457, 0.400757, 0.420776, 0.467706, 0.551085, 0.764968, 0.894573, 0.925842, 0.929132, 1, 

157,242,0.001, 0.047512, 0.102869, 0.111496, 0.174789, 0.224578, 0.234987, 0.238159, 0.238298, 0.331672, 1, 

160,226,0.001, 0.0578254, 0.0933461, 0.107488, 0.134211, 0.143649, 0.179568, 0.343191, 0.403189, 0.46673, 0.487453, 0.523515, 0.534719, 0.537497, 0.671132, 0.74974, 0.870609, 0.886108, 0.89438, 0.950601, 0.964009, 1, 

173,203,0.001, 0.0623161, 0.0805398, 0.122999, 0.151684, 0.196668, 0.213322, 0.231584, 0.244083, 0.246761, 0.270204, 0.437236, 0.608774, 0.640968, 0.671132, 0.74974, 0.870609, 0.886108, 0.89438, 0.950601, 0.964009, 1, 

189,162,0.001, 0.047512, 0.102869, 0.111496, 0.12224, 0.257193, 0.213322, 0.231584, 0.261942, 0.325706, 0.329725, 0.345533, 0.417262, 0.478012, 0.514289, 0.556187, 0.567826, 0.5749, 0.660438, 0.674912, 0.725967, 0.733659, 0.763922, 0.78025, 0.790303, 0.835313, 0.887073, 0.915369, 0.989441, 0.997524, 1, 

188,198,0.001, 0.0213422, 0.0237446, 0.0384295, 0.0820432, 0.107098, 0.163675, 0.3117, 0.313398, 0.342796, 0.516755, 0.522284, 0.63463, 0.663513, 0.582098, 0.616227, 0.627028, 0.683098, 0.706413, 0.771902, 0.854401, 0.98093, 0.917808, 0.969685, 1, 

Generation #15
156,461,0.001, 0.0737058, 0.090869, 0.168457, 0.400757, 0.420776, 0.467706, 0.551085, 0.764968, 0.894573, 0.925842, 0.929132, 1, 

157,242,0.001, 0.047512, 0.102869, 0.111496, 0.174789, 0.224578, 0.234987, 0.238159, 0.238298, 0.331672, 1, 

160,226,0.001, 0.0578254, 0.0933461, 0.107488, 0.134211, 0.143649, 0.179568, 0.343191, 0.403189, 0.46673, 0.487453, 0.523515, 0.534719, 0.537497, 0.671132, 0.74974, 0.870609, 0.886108, 0.89438, 0.950601, 0.964009, 1, 

173,203,0.001, 0.0623161, 0.0805398, 0.122999, 0.151684, 0.196668, 0.213322, 0.231584, 0.244083, 0.246761, 0.270204, 0.437236, 0.608774, 0.640968, 0.671132, 0.74974, 0.870609, 0.886108, 0.89438, 0.950601, 0.964009, 1, 

182,147,0.0213422, 0.0237446, 0.0384295, 0.0820432, 0.0559164, 0.123075, 0.213322, 0.231584, 0.261942, 0.325706, 0.329725, 0.345533, 0.417262, 0.478012, 0.514289, 0.684181, 0.753389, 0.78854, 0.887046, 0.987751, 1, 

Generation #16
156,461,0.001, 0.0737058, 0.090869, 0.168457, 0.400757, 0.420776, 0.467706, 0.551085, 0.764968, 0.894573, 0.925842, 0.929132, 1, 

157,242,0.001, 0.047512, 0.102869, 0.111496, 0.174789, 0.224578, 0.234987, 0.238159, 0.238298, 0.331672, 1, 

160,226,0.001, 0.0578254, 0.0933461, 0.107488, 0.134211, 0.143649, 0.179568, 0.343191, 0.403189, 0.46673, 0.487453, 0.523515, 0.534719, 0.537497, 0.671132, 0.74974, 0.870609, 0.886108, 0.89438, 0.950601, 0.964009, 1, 

173,203,0.001, 0.0623161, 0.0805398, 0.122999, 0.151684, 0.196668, 0.213322, 0.231584, 0.244083, 0.246761, 0.270204, 0.437236, 0.608774, 0.640968, 0.671132, 0.74974, 0.870609, 0.886108, 0.89438, 0.950601, 0.964009, 1, 

182,147,0.0213422, 0.0237446, 0.0384295, 0.0820432, 0.0559164, 0.123075, 0.213322, 0.231584, 0.261942, 0.325706, 0.329725, 0.345533, 0.417262, 0.478012, 0.514289, 0.684181, 0.753389, 0.78854, 0.887046, 0.987751, 1, 

Generation #17
156,461,0.001, 0.0737058, 0.090869, 0.168457, 0.400757, 0.420776, 0.467706, 0.551085, 0.764968, 0.894573, 0.925842, 0.929132, 1, 

157,242,0.001, 0.047512, 0.102869, 0.111496, 0.174789, 0.224578, 0.234987, 0.238159, 0.238298, 0.331672, 1, 

160,226,0.001, 0.0578254, 0.0933461, 0.107488, 0.134211, 0.143649, 0.179568, 0.343191, 0.403189, 0.46673, 0.487453, 0.523515, 0.534719, 0.537497, 0.671132, 0.74974, 0.870609, 0.886108, 0.89438, 0.950601, 0.964009, 1, 

182,147,0.0213422, 0.0237446, 0.0384295, 0.0820432, 0.0559164, 0.123075, 0.213322, 0.231584, 0.261942, 0.325706, 0.329725, 0.345533, 0.417262, 0.478012, 0.514289, 0.684181, 0.753389, 0.78854, 0.887046, 0.987751, 1, 

173,185,0.001, 0.0444918, 0.0237446, 0.0384295, 0.0820432, 0.107098, 0.151326, 0.188532, 0.221005, 0.236962, 0.257358, 0.285394, 0.293922, 0.343999, 0.502041, 0.74974, 0.870609, 0.886108, 0.89438, 0.922542, 0.950601, 0.964009, 1, 

Generation #18
156,461,0.001, 0.0737058, 0.090869, 0.168457, 0.400757, 0.420776, 0.467706, 0.551085, 0.764968, 0.894573, 0.925842, 0.929132, 1, 

157,242,0.001, 0.047512, 0.102869, 0.111496, 0.174789, 0.224578, 0.234987, 0.238159, 0.238298, 0.331672, 1, 

160,226,0.001, 0.0578254, 0.0933461, 0.107488, 0.134211, 0.143649, 0.179568, 0.343191, 0.403189, 0.46673, 0.487453, 0.523515, 0.534719, 0.537497, 0.671132, 0.74974, 0.870609, 0.886108, 0.89438, 0.950601, 0.964009, 1, 

182,147,0.0213422, 0.0237446, 0.0384295, 0.0820432, 0.0559164, 0.123075, 0.213322, 0.231584, 0.261942, 0.325706, 0.329725, 0.345533, 0.417262, 0.478012, 0.514289, 0.684181, 0.753389, 0.78854, 0.887046, 0.987751, 1, 

173,185,0.001, 0.0444918, 0.0237446, 0.0384295, 0.0820432, 0.107098, 0.151326, 0.188532, 0.221005, 0.236962, 0.257358, 0.285394, 0.293922, 0.343999, 0.502041, 0.74974, 0.870609, 0.886108, 0.89438, 0.922542, 0.950601, 0.964009, 1, 

Generation #19
156,461,0.001, 0.0737058, 0.090869, 0.168457, 0.400757, 0.420776, 0.467706, 0.551085, 0.764968, 0.894573, 0.925842, 0.929132, 1, 

157,242,0.001, 0.047512, 0.102869, 0.111496, 0.174789, 0.224578, 0.234987, 0.238159, 0.238298, 0.331672, 1, 

160,226,0.001, 0.0578254, 0.0933461, 0.107488, 0.134211, 0.143649, 0.179568, 0.343191, 0.403189, 0.46673, 0.487453, 0.523515, 0.534719, 0.537497, 0.671132, 0.74974, 0.870609, 0.886108, 0.89438, 0.950601, 0.964009, 1, 

182,147,0.0213422, 0.0237446, 0.0384295, 0.0820432, 0.0559164, 0.123075, 0.213322, 0.231584, 0.261942, 0.325706, 0.329725, 0.345533, 0.417262, 0.478012, 0.514289, 0.684181, 0.753389, 0.78854, 0.887046, 0.987751, 1, 

173,185,0.001, 0.0444918, 0.0237446, 0.0384295, 0.0820432, 0.107098, 0.151326, 0.188532, 0.221005, 0.236962, 0.257358, 0.285394, 0.293922, 0.343999, 0.502041, 0.74974, 0.870609, 0.886108, 0.89438, 0.922542, 0.950601, 0.964009, 1, 

Generation #20
156,461,0.001, 0.0737058, 0.090869, 0.168457, 0.400757, 0.420776, 0.467706, 0.551085, 0.764968, 0.894573, 0.925842, 0.929132, 1, 

157,242,0.001, 0.047512, 0.102869, 0.111496, 0.174789, 0.224578, 0.234987, 0.238159, 0.238298, 0.331672, 1, 

160,226,0.001, 0.0578254, 0.0933461, 0.107488, 0.134211, 0.143649, 0.179568, 0.343191, 0.403189, 0.46673, 0.487453, 0.523515, 0.534719, 0.537497, 0.671132, 0.74974, 0.870609, 0.886108, 0.89438, 0.950601, 0.964009, 1, 

182,147,0.0213422, 0.0237446, 0.0384295, 0.0820432, 0.0559164, 0.123075, 0.213322, 0.231584, 0.261942, 0.325706, 0.329725, 0.345533, 0.417262, 0.478012, 0.514289, 0.684181, 0.753389, 0.78854, 0.887046, 0.987751, 1, 

173,185,0.001, 0.0444918, 0.0237446, 0.0384295, 0.0820432, 0.107098, 0.151326, 0.188532, 0.221005, 0.236962, 0.257358, 0.285394, 0.293922, 0.343999, 0.502041, 0.74974, 0.870609, 0.886108, 0.89438, 0.922542, 0.950601, 0.964009, 1, 

Generation #21
156,461,0.001, 0.0737058, 0.090869, 0.168457, 0.400757, 0.420776, 0.467706, 0.551085, 0.764968, 0.894573, 0.925842, 0.929132, 1, 

157,242,0.001, 0.047512, 0.102869, 0.111496, 0.174789, 0.224578, 0.234987, 0.238159, 0.238298, 0.331672, 1, 

160,226,0.001, 0.0578254, 0.0933461, 0.107488, 0.134211, 0.143649, 0.179568, 0.343191, 0.403189, 0.46673, 0.487453, 0.523515, 0.534719, 0.537497, 0.671132, 0.74974, 0.870609, 0.886108, 0.89438, 0.950601, 0.964009, 1, 

182,147,0.0213422, 0.0237446, 0.0384295, 0.0820432, 0.0559164, 0.123075, 0.213322, 0.231584, 0.261942, 0.325706, 0.329725, 0.345533, 0.417262, 0.478012, 0.514289, 0.684181, 0.753389, 0.78854, 0.887046, 0.987751, 1, 

173,185,0.001, 0.0444918, 0.0237446, 0.0384295, 0.0820432, 0.107098, 0.151326, 0.188532, 0.221005, 0.236962, 0.257358, 0.285394, 0.293922, 0.343999, 0.502041, 0.74974, 0.870609, 0.886108, 0.89438, 0.922542, 0.950601, 0.964009, 1, 

Generation #22
156,461,0.001, 0.0737058, 0.090869, 0.168457, 0.400757, 0.420776, 0.467706, 0.551085, 0.764968, 0.894573, 0.925842, 0.929132, 1, 

157,242,0.001, 0.047512, 0.102869, 0.111496, 0.174789, 0.224578, 0.234987, 0.238159, 0.238298, 0.331672, 1, 

160,226,0.001, 0.0578254, 0.0933461, 0.107488, 0.134211, 0.143649, 0.179568, 0.343191, 0.403189, 0.46673, 0.487453, 0.523515, 0.534719, 0.537497, 0.671132, 0.74974, 0.870609, 0.886108, 0.89438, 0.950601, 0.964009, 1, 

182,147,0.0213422, 0.0237446, 0.0384295, 0.0820432, 0.0559164, 0.123075, 0.213322, 0.231584, 0.261942, 0.325706, 0.329725, 0.345533, 0.417262, 0.478012, 0.514289, 0.684181, 0.753389, 0.78854, 0.887046, 0.987751, 1, 

173,185,0.001, 0.0444918, 0.0237446, 0.0384295, 0.0820432, 0.107098, 0.151326, 0.188532, 0.221005, 0.236962, 0.257358, 0.285394, 0.293922, 0.343999, 0.502041, 0.74974, 0.870609, 0.886108, 0.89438, 0.922542, 0.950601, 0.964009, 1, 

Generation #23
156,461,0.001, 0.0737058, 0.090869, 0.168457, 0.400757, 0.420776, 0.467706, 0.551085, 0.764968, 0.894573, 0.925842, 0.929132, 1, 

157,242,0.001, 0.047512, 0.102869, 0.111496, 0.174789, 0.224578, 0.234987, 0.238159, 0.238298, 0.331672, 1, 

160,226,0.001, 0.0578254, 0.0933461, 0.107488, 0.134211, 0.143649, 0.179568, 0.343191, 0.403189, 0.46673, 0.487453, 0.523515, 0.534719, 0.537497, 0.671132, 0.74974, 0.870609, 0.886108, 0.89438, 0.950601, 0.964009, 1, 

182,147,0.0213422, 0.0237446, 0.0384295, 0.0820432, 0.0559164, 0.123075, 0.213322, 0.231584, 0.261942, 0.325706, 0.329725, 0.345533, 0.417262, 0.478012, 0.514289, 0.684181, 0.753389, 0.78854, 0.887046, 0.987751, 1, 

173,185,0.001, 0.0444918, 0.0237446, 0.0384295, 0.0820432, 0.107098, 0.151326, 0.188532, 0.221005, 0.236962, 0.257358, 0.285394, 0.293922, 0.343999, 0.502041, 0.74974, 0.870609, 0.886108, 0.89438, 0.922542, 0.950601, 0.964009, 1, 

164,207,0.001, 0.0398309, 0.093876, 0.122999, 0.151684, 0.196668, 0.213322, 0.231584, 0.325706, 0.329725, 0.345533, 0.417262, 0.478012, 0.514289, 0.684181, 0.753389, 0.78854, 0.887046, 0.922542, 0.950601, 0.964009, 1, 

Generation #24
182,147,0.0213422, 0.0237446, 0.0384295, 0.0820432, 0.0559164, 0.123075, 0.213322, 0.231584, 0.261942, 0.325706, 0.329725, 0.345533, 0.417262, 0.478012, 0.514289, 0.684181, 0.753389, 0.78854, 0.887046, 0.987751, 1, 

173,185,0.001, 0.0444918, 0.0237446, 0.0384295, 0.0820432, 0.107098, 0.151326, 0.188532, 0.221005, 0.236962, 0.257358, 0.285394, 0.293922, 0.343999, 0.502041, 0.74974, 0.870609, 0.886108, 0.89438, 0.922542, 0.950601, 0.964009, 1, 

164,207,0.001, 0.0398309, 0.093876, 0.122999, 0.151684, 0.196668, 0.213322, 0.231584, 0.325706, 0.329725, 0.345533, 0.417262, 0.478012, 0.514289, 0.684181, 0.753389, 0.78854, 0.887046, 0.922542, 0.950601, 0.964009, 1, 

152,217,0.001, 0.0623161, 0.0805398, 0.0448883, 0.0559164, 0.123075, 0.263741, 0.294354, 0.301627, 0.331672, 0.427524, 1, 

Generation #25
182,147,0.0213422, 0.0237446, 0.0384295, 0.0820432, 0.0559164, 0.123075, 0.213322, 0.231584, 0.261942, 0.325706, 0.329725, 0.345533, 0.417262, 0.478012, 0.514289, 0.684181, 0.753389, 0.78854, 0.887046, 0.987751, 1, 

173,185,0.001, 0.0444918, 0.0237446, 0.0384295, 0.0820432, 0.107098, 0.151326, 0.188532, 0.221005, 0.236962, 0.257358, 0.285394, 0.293922, 0.343999, 0.502041, 0.74974, 0.870609, 0.886108, 0.89438, 0.922542, 0.950601, 0.964009, 1, 

164,207,0.001, 0.0398309, 0.093876, 0.122999, 0.151684, 0.196668, 0.213322, 0.231584, 0.325706, 0.329725, 0.345533, 0.417262, 0.478012, 0.514289, 0.684181, 0.753389, 0.78854, 0.887046, 0.922542, 0.950601, 0.964009, 1, 

152,217,0.001, 0.0623161, 0.0805398, 0.0448883, 0.0559164, 0.123075, 0.263741, 0.294354, 0.301627, 0.331672, 0.427524, 1, 

166,201,0.001, 0.0737058, 0.090869, 0.12224, 0.257193, 0.213322, 0.231584, 0.314157, 0.32941, 0.427524, 1, 

Generation #26
182,147,0.0213422, 0.0237446, 0.0384295, 0.0820432, 0.0559164, 0.123075, 0.213322, 0.231584, 0.261942, 0.325706, 0.329725, 0.345533, 0.417262, 0.478012, 0.514289, 0.684181, 0.753389, 0.78854, 0.887046, 0.987751, 1, 

173,185,0.001, 0.0444918, 0.0237446, 0.0384295, 0.0820432, 0.107098, 0.151326, 0.188532, 0.221005, 0.236962, 0.257358, 0.285394, 0.293922, 0.343999, 0.502041, 0.74974, 0.870609, 0.886108, 0.89438, 0.922542, 0.950601, 0.964009, 1, 

164,207,0.001, 0.0398309, 0.093876, 0.122999, 0.151684, 0.196668, 0.213322, 0.231584, 0.325706, 0.329725, 0.345533, 0.417262, 0.478012, 0.514289, 0.684181, 0.753389, 0.78854, 0.887046, 0.922542, 0.950601, 0.964009, 1, 

152,217,0.001, 0.0623161, 0.0805398, 0.0448883, 0.0559164, 0.123075, 0.263741, 0.294354, 0.301627, 0.331672, 0.427524, 1, 

166,201,0.001, 0.0737058, 0.090869, 0.12224, 0.257193, 0.213322, 0.231584, 0.314157, 0.32941, 0.427524, 1, 

Generation #27
182,147,0.0213422, 0.0237446, 0.0384295, 0.0820432, 0.0559164, 0.123075, 0.213322, 0.231584, 0.261942, 0.325706, 0.329725, 0.345533, 0.417262, 0.478012, 0.514289, 0.684181, 0.753389, 0.78854, 0.887046, 0.987751, 1, 

173,185,0.001, 0.0444918, 0.0237446, 0.0384295, 0.0820432, 0.107098, 0.151326, 0.188532, 0.221005, 0.236962, 0.257358, 0.285394, 0.293922, 0.343999, 0.502041, 0.74974, 0.870609, 0.886108, 0.89438, 0.922542, 0.950601, 0.964009, 1, 

164,207,0.001, 0.0398309, 0.093876, 0.122999, 0.151684, 0.196668, 0.213322, 0.231584, 0.325706, 0.329725, 0.345533, 0.417262, 0.478012, 0.514289, 0.684181, 0.753389, 0.78854, 0.887046, 0.922542, 0.950601, 0.964009, 1, 

152,217,0.001, 0.0623161, 0.0805398, 0.0448883, 0.0559164, 0.123075, 0.263741, 0.294354, 0.301627, 0.331672, 0.427524, 1, 

166,201,0.001, 0.0737058, 0.090869, 0.12224, 0.257193, 0.213322, 0.231584, 0.314157, 0.32941, 0.427524, 1, 

Generation #28
182,147,0.0213422, 0.0237446, 0.0384295, 0.0820432, 0.0559164, 0.123075, 0.213322, 0.231584, 0.261942, 0.325706, 0.329725, 0.345533, 0.417262, 0.478012, 0.514289, 0.684181, 0.753389, 0.78854, 0.887046, 0.987751, 1, 

173,185,0.001, 0.0444918, 0.0237446, 0.0384295, 0.0820432, 0.107098, 0.151326, 0.188532, 0.221005, 0.236962, 0.257358, 0.285394, 0.293922, 0.343999, 0.502041, 0.74974, 0.870609, 0.886108, 0.89438, 0.922542, 0.950601, 0.964009, 1, 

164,207,0.001, 0.0398309, 0.093876, 0.122999, 0.151684, 0.196668, 0.213322, 0.231584, 0.325706, 0.329725, 0.345533, 0.417262, 0.478012, 0.514289, 0.684181, 0.753389, 0.78854, 0.887046, 0.922542, 0.950601, 0.964009, 1, 

152,217,0.001, 0.0623161, 0.0805398, 0.0448883, 0.0559164, 0.123075, 0.263741, 0.294354, 0.301627, 0.331672, 0.427524, 1, 

166,201,0.001, 0.0737058, 0.090869, 0.12224, 0.257193, 0.213322, 0.231584, 0.314157, 0.32941, 0.427524, 1, 

Generation #29
182,147,0.0213422, 0.0237446, 0.0384295, 0.0820432, 0.0559164, 0.123075, 0.213322, 0.231584, 0.261942, 0.325706, 0.329725, 0.345533, 0.417262, 0.478012, 0.514289, 0.684181, 0.753389, 0.78854, 0.887046, 0.987751, 1, 

173,185,0.001, 0.0444918, 0.0237446, 0.0384295, 0.0820432, 0.107098, 0.151326, 0.188532, 0.221005, 0.236962, 0.257358, 0.285394, 0.293922, 0.343999, 0.502041, 0.74974, 0.870609, 0.886108, 0.89438, 0.922542, 0.950601, 0.964009, 1, 

164,207,0.001, 0.0398309, 0.093876, 0.122999, 0.151684, 0.196668, 0.213322, 0.231584, 0.325706, 0.329725, 0.345533, 0.417262, 0.478012, 0.514289, 0.684181, 0.753389, 0.78854, 0.887046, 0.922542, 0.950601, 0.964009, 1, 

152,217,0.001, 0.0623161, 0.0805398, 0.0448883, 0.0559164, 0.123075, 0.263741, 0.294354, 0.301627, 0.331672, 0.427524, 1, 

166,201,0.001, 0.0737058, 0.090869, 0.12224, 0.257193, 0.213322, 0.231584, 0.314157, 0.32941, 0.427524, 1, 

Generation #30
182,147,0.0213422, 0.0237446, 0.0384295, 0.0820432, 0.0559164, 0.123075, 0.213322, 0.231584, 0.261942, 0.325706, 0.329725, 0.345533, 0.417262, 0.478012, 0.514289, 0.684181, 0.753389, 0.78854, 0.887046, 0.987751, 1, 

173,185,0.001, 0.0444918, 0.0237446, 0.0384295, 0.0820432, 0.107098, 0.151326, 0.188532, 0.221005, 0.236962, 0.257358, 0.285394, 0.293922, 0.343999, 0.502041, 0.74974, 0.870609, 0.886108, 0.89438, 0.922542, 0.950601, 0.964009, 1, 

164,207,0.001, 0.0398309, 0.093876, 0.122999, 0.151684, 0.196668, 0.213322, 0.231584, 0.325706, 0.329725, 0.345533, 0.417262, 0.478012, 0.514289, 0.684181, 0.753389, 0.78854, 0.887046, 0.922542, 0.950601, 0.964009, 1, 

152,217,0.001, 0.0623161, 0.0805398, 0.0448883, 0.0559164, 0.123075, 0.263741, 0.294354, 0.301627, 0.331672, 0.427524, 1, 

166,195,0.001, 0.0213422, 0.0237446, 0.0592031, 0.151684, 0.196668, 0.213322, 0.231584, 0.244083, 0.32941, 0.427524, 1, 

Generation #31
182,147,0.0213422, 0.0237446, 0.0384295, 0.0820432, 0.0559164, 0.123075, 0.213322, 0.231584, 0.261942, 0.325706, 0.329725, 0.345533, 0.417262, 0.478012, 0.514289, 0.684181, 0.753389, 0.78854, 0.887046, 0.987751, 1, 

173,185,0.001, 0.0444918, 0.0237446, 0.0384295, 0.0820432, 0.107098, 0.151326, 0.188532, 0.221005, 0.236962, 0.257358, 0.285394, 0.293922, 0.343999, 0.502041, 0.74974, 0.870609, 0.886108, 0.89438, 0.922542, 0.950601, 0.964009, 1, 

164,207,0.001, 0.0398309, 0.093876, 0.122999, 0.151684, 0.196668, 0.213322, 0.231584, 0.325706, 0.329725, 0.345533, 0.417262, 0.478012, 0.514289, 0.684181, 0.753389, 0.78854, 0.887046, 0.922542, 0.950601, 0.964009, 1, 

152,217,0.001, 0.0623161, 0.0805398, 0.0448883, 0.0559164, 0.123075, 0.263741, 0.294354, 0.301627, 0.331672, 0.427524, 1, 

166,195,0.001, 0.0213422, 0.0237446, 0.0592031, 0.151684, 0.196668, 0.213322, 0.231584, 0.244083, 0.32941, 0.427524, 1, 

Generation #32
182,147,0.0213422, 0.0237446, 0.0384295, 0.0820432, 0.0559164, 0.123075, 0.213322, 0.231584, 0.261942, 0.325706, 0.329725, 0.345533, 0.417262, 0.478012, 0.514289, 0.684181, 0.753389, 0.78854, 0.887046, 0.987751, 1, 

173,185,0.001, 0.0444918, 0.0237446, 0.0384295, 0.0820432, 0.107098, 0.151326, 0.188532, 0.221005, 0.236962, 0.257358, 0.285394, 0.293922, 0.343999, 0.502041, 0.74974, 0.870609, 0.886108, 0.89438, 0.922542, 0.950601, 0.964009, 1, 

164,207,0.001, 0.0398309, 0.093876, 0.122999, 0.151684, 0.196668, 0.213322, 0.231584, 0.325706, 0.329725, 0.345533, 0.417262, 0.478012, 0.514289, 0.684181, 0.753389, 0.78854, 0.887046, 0.922542, 0.950601, 0.964009, 1, 

152,217,0.001, 0.0623161, 0.0805398, 0.0448883, 0.0559164, 0.123075, 0.263741, 0.294354, 0.301627, 0.331672, 0.427524, 1, 

166,195,0.001, 0.0213422, 0.0237446, 0.0592031, 0.151684, 0.196668, 0.213322, 0.231584, 0.244083, 0.32941, 0.427524, 1, 

Generation #33
182,147,0.0213422, 0.0237446, 0.0384295, 0.0820432, 0.0559164, 0.123075, 0.213322, 0.231584, 0.261942, 0.325706, 0.329725, 0.345533, 0.417262, 0.478012, 0.514289, 0.684181, 0.753389, 0.78854, 0.887046, 0.987751, 1, 

173,185,0.001, 0.0444918, 0.0237446, 0.0384295, 0.0820432, 0.107098, 0.151326, 0.188532, 0.221005, 0.236962, 0.257358, 0.285394, 0.293922, 0.343999, 0.502041, 0.74974, 0.870609, 0.886108, 0.89438, 0.922542, 0.950601, 0.964009, 1, 

164,207,0.001, 0.0398309, 0.093876, 0.122999, 0.151684, 0.196668, 0.213322, 0.231584, 0.325706, 0.329725, 0.345533, 0.417262, 0.478012, 0.514289, 0.684181, 0.753389, 0.78854, 0.887046, 0.922542, 0.950601, 0.964009, 1, 

152,217,0.001, 0.0623161, 0.0805398, 0.0448883, 0.0559164, 0.123075, 0.263741, 0.294354, 0.301627, 0.331672, 0.427524, 1, 

166,195,0.001, 0.0213422, 0.0237446, 0.0592031, 0.151684, 0.196668, 0.213322, 0.231584, 0.244083, 0.32941, 0.427524, 1, 

Generation #34
182,147,0.0213422, 0.0237446, 0.0384295, 0.0820432, 0.0559164, 0.123075, 0.213322, 0.231584, 0.261942, 0.325706, 0.329725, 0.345533, 0.417262, 0.478012, 0.514289, 0.684181, 0.753389, 0.78854, 0.887046, 0.987751, 1, 

173,185,0.001, 0.0444918, 0.0237446, 0.0384295, 0.0820432, 0.107098, 0.151326, 0.188532, 0.221005, 0.236962, 0.257358, 0.285394, 0.293922, 0.343999, 0.502041, 0.74974, 0.870609, 0.886108, 0.89438, 0.922542, 0.950601, 0.964009, 1, 

164,207,0.001, 0.0398309, 0.093876, 0.122999, 0.151684, 0.196668, 0.213322, 0.231584, 0.325706, 0.329725, 0.345533, 0.417262, 0.478012, 0.514289, 0.684181, 0.753389, 0.78854, 0.887046, 0.922542, 0.950601, 0.964009, 1, 

152,217,0.001, 0.0623161, 0.0805398, 0.0448883, 0.0559164, 0.123075, 0.263741, 0.294354, 0.301627, 0.331672, 0.427524, 1, 

166,195,0.001, 0.0213422, 0.0237446, 0.0592031, 0.151684, 0.196668, 0.213322, 0.231584, 0.244083, 0.32941, 0.427524, 1, 

Generation #35
182,147,0.0213422, 0.0237446, 0.0384295, 0.0820432, 0.0559164, 0.123075, 0.213322, 0.231584, 0.261942, 0.325706, 0.329725, 0.345533, 0.417262, 0.478012, 0.514289, 0.684181, 0.753389, 0.78854, 0.887046, 0.987751, 1, 

173,185,0.001, 0.0444918, 0.0237446, 0.0384295, 0.0820432, 0.107098, 0.151326, 0.188532, 0.221005, 0.236962, 0.257358, 0.285394, 0.293922, 0.343999, 0.502041, 0.74974, 0.870609, 0.886108, 0.89438, 0.922542, 0.950601, 0.964009, 1, 

164,207,0.001, 0.0398309, 0.093876, 0.122999, 0.151684, 0.196668, 0.213322, 0.231584, 0.325706, 0.329725, 0.345533, 0.417262, 0.478012, 0.514289, 0.684181, 0.753389, 0.78854, 0.887046, 0.922542, 0.950601, 0.964009, 1, 

152,217,0.001, 0.0623161, 0.0805398, 0.0448883, 0.0559164, 0.123075, 0.263741, 0.294354, 0.301627, 0.331672, 0.427524, 1, 

166,195,0.001, 0.0213422, 0.0237446, 0.0592031, 0.151684, 0.196668, 0.213322, 0.231584, 0.244083, 0.32941, 0.427524, 1, 

Generation #36
182,147,0.0213422, 0.0237446, 0.0384295, 0.0820432, 0.0559164, 0.123075, 0.213322, 0.231584, 0.261942, 0.325706, 0.329725, 0.345533, 0.417262, 0.478012, 0.514289, 0.684181, 0.753389, 0.78854, 0.887046, 0.987751, 1, 

173,185,0.001, 0.0444918, 0.0237446, 0.0384295, 0.0820432, 0.107098, 0.151326, 0.188532, 0.221005, 0.236962, 0.257358, 0.285394, 0.293922, 0.343999, 0.502041, 0.74974, 0.870609, 0.886108, 0.89438, 0.922542, 0.950601, 0.964009, 1, 

164,207,0.001, 0.0398309, 0.093876, 0.122999, 0.151684, 0.196668, 0.213322, 0.231584, 0.325706, 0.329725, 0.345533, 0.417262, 0.478012, 0.514289, 0.684181, 0.753389, 0.78854, 0.887046, 0.922542, 0.950601, 0.964009, 1, 

152,217,0.001, 0.0623161, 0.0805398, 0.0448883, 0.0559164, 0.123075, 0.263741, 0.294354, 0.301627, 0.331672, 0.427524, 1, 

166,195,0.001, 0.0213422, 0.0237446, 0.0592031, 0.151684, 0.196668, 0.213322, 0.231584, 0.244083, 0.32941, 0.427524, 1, 

Generation #37
182,147,0.0213422, 0.0237446, 0.0384295, 0.0820432, 0.0559164, 0.123075, 0.213322, 0.231584, 0.261942, 0.325706, 0.329725, 0.345533, 0.417262, 0.478012, 0.514289, 0.684181, 0.753389, 0.78854, 0.887046, 0.987751, 1, 

173,185,0.001, 0.0444918, 0.0237446, 0.0384295, 0.0820432, 0.107098, 0.151326, 0.188532, 0.221005, 0.236962, 0.257358, 0.285394, 0.293922, 0.343999, 0.502041, 0.74974, 0.870609, 0.886108, 0.89438, 0.922542, 0.950601, 0.964009, 1, 

164,207,0.001, 0.0398309, 0.093876, 0.122999, 0.151684, 0.196668, 0.213322, 0.231584, 0.325706, 0.329725, 0.345533, 0.417262, 0.478012, 0.514289, 0.684181, 0.753389, 0.78854, 0.887046, 0.922542, 0.950601, 0.964009, 1, 

152,217,0.001, 0.0623161, 0.0805398, 0.0448883, 0.0559164, 0.123075, 0.263741, 0.294354, 0.301627, 0.331672, 0.427524, 1, 

166,195,0.001, 0.0213422, 0.0237446, 0.0592031, 0.151684, 0.196668, 0.213322, 0.231584, 0.244083, 0.32941, 0.427524, 1, 

Generation #38
182,147,0.0213422, 0.0237446, 0.0384295, 0.0820432, 0.0559164, 0.123075, 0.213322, 0.231584, 0.261942, 0.325706, 0.329725, 0.345533, 0.417262, 0.478012, 0.514289, 0.684181, 0.753389, 0.78854, 0.887046, 0.987751, 1, 

173,185,0.001, 0.0444918, 0.0237446, 0.0384295, 0.0820432, 0.107098, 0.151326, 0.188532, 0.221005, 0.236962, 0.257358, 0.285394, 0.293922, 0.343999, 0.502041, 0.74974, 0.870609, 0.886108, 0.89438, 0.922542, 0.950601, 0.964009, 1, 

164,207,0.001, 0.0398309, 0.093876, 0.122999, 0.151684, 0.196668, 0.213322, 0.231584, 0.325706, 0.329725, 0.345533, 0.417262, 0.478012, 0.514289, 0.684181, 0.753389, 0.78854, 0.887046, 0.922542, 0.950601, 0.964009, 1, 

152,217,0.001, 0.0623161, 0.0805398, 0.0448883, 0.0559164, 0.123075, 0.263741, 0.294354, 0.301627, 0.331672, 0.427524, 1, 

166,195,0.001, 0.0213422, 0.0237446, 0.0592031, 0.151684, 0.196668, 0.213322, 0.231584, 0.244083, 0.32941, 0.427524, 1, 

Generation #39
182,147,0.0213422, 0.0237446, 0.0384295, 0.0820432, 0.0559164, 0.123075, 0.213322, 0.231584, 0.261942, 0.325706, 0.329725, 0.345533, 0.417262, 0.478012, 0.514289, 0.684181, 0.753389, 0.78854, 0.887046, 0.987751, 1, 

173,185,0.001, 0.0444918, 0.0237446, 0.0384295, 0.0820432, 0.107098, 0.151326, 0.188532, 0.221005, 0.236962, 0.257358, 0.285394, 0.293922, 0.343999, 0.502041, 0.74974, 0.870609, 0.886108, 0.89438, 0.922542, 0.950601, 0.964009, 1, 

164,207,0.001, 0.0398309, 0.093876, 0.122999, 0.151684, 0.196668, 0.213322, 0.231584, 0.325706, 0.329725, 0.345533, 0.417262, 0.478012, 0.514289, 0.684181, 0.753389, 0.78854, 0.887046, 0.922542, 0.950601, 0.964009, 1, 

152,217,0.001, 0.0623161, 0.0805398, 0.0448883, 0.0559164, 0.123075, 0.263741, 0.294354, 0.301627, 0.331672, 0.427524, 1, 

166,195,0.001, 0.0213422, 0.0237446, 0.0592031, 0.151684, 0.196668, 0.213322, 0.231584, 0.244083, 0.32941, 0.427524, 1, 

Generation #40
182,147,0.0213422, 0.0237446, 0.0384295, 0.0820432, 0.0559164, 0.123075, 0.213322, 0.231584, 0.261942, 0.325706, 0.329725, 0.345533, 0.417262, 0.478012, 0.514289, 0.684181, 0.753389, 0.78854, 0.887046, 0.987751, 1, 

173,185,0.001, 0.0444918, 0.0237446, 0.0384295, 0.0820432, 0.107098, 0.151326, 0.188532, 0.221005, 0.236962, 0.257358, 0.285394, 0.293922, 0.343999, 0.502041, 0.74974, 0.870609, 0.886108, 0.89438, 0.922542, 0.950601, 0.964009, 1, 

164,207,0.001, 0.0398309, 0.093876, 0.122999, 0.151684, 0.196668, 0.213322, 0.231584, 0.325706, 0.329725, 0.345533, 0.417262, 0.478012, 0.514289, 0.684181, 0.753389, 0.78854, 0.887046, 0.922542, 0.950601, 0.964009, 1, 

152,217,0.001, 0.0623161, 0.0805398, 0.0448883, 0.0559164, 0.123075, 0.263741, 0.294354, 0.301627, 0.331672, 0.427524, 1, 

166,195,0.001, 0.0213422, 0.0237446, 0.0592031, 0.151684, 0.196668, 0.213322, 0.231584, 0.244083, 0.32941, 0.427524, 1, 

Generation #41
182,147,0.0213422, 0.0237446, 0.0384295, 0.0820432, 0.0559164, 0.123075, 0.213322, 0.231584, 0.261942, 0.325706, 0.329725, 0.345533, 0.417262, 0.478012, 0.514289, 0.684181, 0.753389, 0.78854, 0.887046, 0.987751, 1, 

173,185,0.001, 0.0444918, 0.0237446, 0.0384295, 0.0820432, 0.107098, 0.151326, 0.188532, 0.221005, 0.236962, 0.257358, 0.285394, 0.293922, 0.343999, 0.502041, 0.74974, 0.870609, 0.886108, 0.89438, 0.922542, 0.950601, 0.964009, 1, 

164,207,0.001, 0.0398309, 0.093876, 0.122999, 0.151684, 0.196668, 0.213322, 0.231584, 0.325706, 0.329725, 0.345533, 0.417262, 0.478012, 0.514289, 0.684181, 0.753389, 0.78854, 0.887046, 0.922542, 0.950601, 0.964009, 1, 

152,217,0.001, 0.0623161, 0.0805398, 0.0448883, 0.0559164, 0.123075, 0.263741, 0.294354, 0.301627, 0.331672, 0.427524, 1, 

166,195,0.001, 0.0213422, 0.0237446, 0.0592031, 0.151684, 0.196668, 0.213322, 0.231584, 0.244083, 0.32941, 0.427524, 1, 

Generation #42
182,147,0.0213422, 0.0237446, 0.0384295, 0.0820432, 0.0559164, 0.123075, 0.213322, 0.231584, 0.261942, 0.325706, 0.329725, 0.345533, 0.417262, 0.478012, 0.514289, 0.684181, 0.753389, 0.78854, 0.887046, 0.987751, 1, 

173,185,0.001, 0.0444918, 0.0237446, 0.0384295, 0.0820432, 0.107098, 0.151326, 0.188532, 0.221005, 0.236962, 0.257358, 0.285394, 0.293922, 0.343999, 0.502041, 0.74974, 0.870609, 0.886108, 0.89438, 0.922542, 0.950601, 0.964009, 1, 

164,207,0.001, 0.0398309, 0.093876, 0.122999, 0.151684, 0.196668, 0.213322, 0.231584, 0.325706, 0.329725, 0.345533, 0.417262, 0.478012, 0.514289, 0.684181, 0.753389, 0.78854, 0.887046, 0.922542, 0.950601, 0.964009, 1, 

152,217,0.001, 0.0623161, 0.0805398, 0.0448883, 0.0559164, 0.123075, 0.263741, 0.294354, 0.301627, 0.331672, 0.427524, 1, 

166,195,0.001, 0.0213422, 0.0237446, 0.0592031, 0.151684, 0.196668, 0.213322, 0.231584, 0.244083, 0.32941, 0.427524, 1, 

Generation #43
182,147,0.0213422, 0.0237446, 0.0384295, 0.0820432, 0.0559164, 0.123075, 0.213322, 0.231584, 0.261942, 0.325706, 0.329725, 0.345533, 0.417262, 0.478012, 0.514289, 0.684181, 0.753389, 0.78854, 0.887046, 0.987751, 1, 

173,185,0.001, 0.0444918, 0.0237446, 0.0384295, 0.0820432, 0.107098, 0.151326, 0.188532, 0.221005, 0.236962, 0.257358, 0.285394, 0.293922, 0.343999, 0.502041, 0.74974, 0.870609, 0.886108, 0.89438, 0.922542, 0.950601, 0.964009, 1, 

164,207,0.001, 0.0398309, 0.093876, 0.122999, 0.151684, 0.196668, 0.213322, 0.231584, 0.325706, 0.329725, 0.345533, 0.417262, 0.478012, 0.514289, 0.684181, 0.753389, 0.78854, 0.887046, 0.922542, 0.950601, 0.964009, 1, 

152,217,0.001, 0.0623161, 0.0805398, 0.0448883, 0.0559164, 0.123075, 0.263741, 0.294354, 0.301627, 0.331672, 0.427524, 1, 

166,195,0.001, 0.0213422, 0.0237446, 0.0592031, 0.151684, 0.196668, 0.213322, 0.231584, 0.244083, 0.32941, 0.427524, 1, 

Generation #44
182,147,0.0213422, 0.0237446, 0.0384295, 0.0820432, 0.0559164, 0.123075, 0.213322, 0.231584, 0.261942, 0.325706, 0.329725, 0.345533, 0.417262, 0.478012, 0.514289, 0.684181, 0.753389, 0.78854, 0.887046, 0.987751, 1, 

173,185,0.001, 0.0444918, 0.0237446, 0.0384295, 0.0820432, 0.107098, 0.151326, 0.188532, 0.221005, 0.236962, 0.257358, 0.285394, 0.293922, 0.343999, 0.502041, 0.74974, 0.870609, 0.886108, 0.89438, 0.922542, 0.950601, 0.964009, 1, 

164,207,0.001, 0.0398309, 0.093876, 0.122999, 0.151684, 0.196668, 0.213322, 0.231584, 0.325706, 0.329725, 0.345533, 0.417262, 0.478012, 0.514289, 0.684181, 0.753389, 0.78854, 0.887046, 0.922542, 0.950601, 0.964009, 1, 

152,217,0.001, 0.0623161, 0.0805398, 0.0448883, 0.0559164, 0.123075, 0.263741, 0.294354, 0.301627, 0.331672, 0.427524, 1, 

166,195,0.001, 0.0213422, 0.0237446, 0.0592031, 0.151684, 0.196668, 0.213322, 0.231584, 0.244083, 0.32941, 0.427524, 1, 

Generation #45
182,147,0.0213422, 0.0237446, 0.0384295, 0.0820432, 0.0559164, 0.123075, 0.213322, 0.231584, 0.261942, 0.325706, 0.329725, 0.345533, 0.417262, 0.478012, 0.514289, 0.684181, 0.753389, 0.78854, 0.887046, 0.987751, 1, 

173,185,0.001, 0.0444918, 0.0237446, 0.0384295, 0.0820432, 0.107098, 0.151326, 0.188532, 0.221005, 0.236962, 0.257358, 0.285394, 0.293922, 0.343999, 0.502041, 0.74974, 0.870609, 0.886108, 0.89438, 0.922542, 0.950601, 0.964009, 1, 

164,207,0.001, 0.0398309, 0.093876, 0.122999, 0.151684, 0.196668, 0.213322, 0.231584, 0.325706, 0.329725, 0.345533, 0.417262, 0.478012, 0.514289, 0.684181, 0.753389, 0.78854, 0.887046, 0.922542, 0.950601, 0.964009, 1, 

152,217,0.001, 0.0623161, 0.0805398, 0.0448883, 0.0559164, 0.123075, 0.263741, 0.294354, 0.301627, 0.331672, 0.427524, 1, 

166,195,0.001, 0.0213422, 0.0237446, 0.0592031, 0.151684, 0.196668, 0.213322, 0.231584, 0.244083, 0.32941, 0.427524, 1, 

Generation #46
182,147,0.0213422, 0.0237446, 0.0384295, 0.0820432, 0.0559164, 0.123075, 0.213322, 0.231584, 0.261942, 0.325706, 0.329725, 0.345533, 0.417262, 0.478012, 0.514289, 0.684181, 0.753389, 0.78854, 0.887046, 0.987751, 1, 

173,185,0.001, 0.0444918, 0.0237446, 0.0384295, 0.0820432, 0.107098, 0.151326, 0.188532, 0.221005, 0.236962, 0.257358, 0.285394, 0.293922, 0.343999, 0.502041, 0.74974, 0.870609, 0.886108, 0.89438, 0.922542, 0.950601, 0.964009, 1, 

164,207,0.001, 0.0398309, 0.093876, 0.122999, 0.151684, 0.196668, 0.213322, 0.231584, 0.325706, 0.329725, 0.345533, 0.417262, 0.478012, 0.514289, 0.684181, 0.753389, 0.78854, 0.887046, 0.922542, 0.950601, 0.964009, 1, 

152,217,0.001, 0.0623161, 0.0805398, 0.0448883, 0.0559164, 0.123075, 0.263741, 0.294354, 0.301627, 0.331672, 0.427524, 1, 

166,195,0.001, 0.0213422, 0.0237446, 0.0592031, 0.151684, 0.196668, 0.213322, 0.231584, 0.244083, 0.32941, 0.427524, 1, 

Generation #47
182,147,0.0213422, 0.0237446, 0.0384295, 0.0820432, 0.0559164, 0.123075, 0.213322, 0.231584, 0.261942, 0.325706, 0.329725, 0.345533, 0.417262, 0.478012, 0.514289, 0.684181, 0.753389, 0.78854, 0.887046, 0.987751, 1, 

173,185,0.001, 0.0444918, 0.0237446, 0.0384295, 0.0820432, 0.107098, 0.151326, 0.188532, 0.221005, 0.236962, 0.257358, 0.285394, 0.293922, 0.343999, 0.502041, 0.74974, 0.870609, 0.886108, 0.89438, 0.922542, 0.950601, 0.964009, 1, 

164,207,0.001, 0.0398309, 0.093876, 0.122999, 0.151684, 0.196668, 0.213322, 0.231584, 0.325706, 0.329725, 0.345533, 0.417262, 0.478012, 0.514289, 0.684181, 0.753389, 0.78854, 0.887046, 0.922542, 0.950601, 0.964009, 1, 

152,217,0.001, 0.0623161, 0.0805398, 0.0448883, 0.0559164, 0.123075, 0.263741, 0.294354, 0.301627, 0.331672, 0.427524, 1, 

166,195,0.001, 0.0213422, 0.0237446, 0.0592031, 0.151684, 0.196668, 0.213322, 0.231584, 0.244083, 0.32941, 0.427524, 1, 

Generation #48
182,147,0.0213422, 0.0237446, 0.0384295, 0.0820432, 0.0559164, 0.123075, 0.213322, 0.231584, 0.261942, 0.325706, 0.329725, 0.345533, 0.417262, 0.478012, 0.514289, 0.684181, 0.753389, 0.78854, 0.887046, 0.987751, 1, 

173,185,0.001, 0.0444918, 0.0237446, 0.0384295, 0.0820432, 0.107098, 0.151326, 0.188532, 0.221005, 0.236962, 0.257358, 0.285394, 0.293922, 0.343999, 0.502041, 0.74974, 0.870609, 0.886108, 0.89438, 0.922542, 0.950601, 0.964009, 1, 

164,207,0.001, 0.0398309, 0.093876, 0.122999, 0.151684, 0.196668, 0.213322, 0.231584, 0.325706, 0.329725, 0.345533, 0.417262, 0.478012, 0.514289, 0.684181, 0.753389, 0.78854, 0.887046, 0.922542, 0.950601, 0.964009, 1, 

152,217,0.001, 0.0623161, 0.0805398, 0.0448883, 0.0559164, 0.123075, 0.263741, 0.294354, 0.301627, 0.331672, 0.427524, 1, 

166,195,0.001, 0.0213422, 0.0237446, 0.0592031, 0.151684, 0.196668, 0.213322, 0.231584, 0.244083, 0.32941, 0.427524, 1, 

Generation #49
182,147,0.0213422, 0.0237446, 0.0384295, 0.0820432, 0.0559164, 0.123075, 0.213322, 0.231584, 0.261942, 0.325706, 0.329725, 0.345533, 0.417262, 0.478012, 0.514289, 0.684181, 0.753389, 0.78854, 0.887046, 0.987751, 1, 

173,185,0.001, 0.0444918, 0.0237446, 0.0384295, 0.0820432, 0.107098, 0.151326, 0.188532, 0.221005, 0.236962, 0.257358, 0.285394, 0.293922, 0.343999, 0.502041, 0.74974, 0.870609, 0.886108, 0.89438, 0.922542, 0.950601, 0.964009, 1, 

164,207,0.001, 0.0398309, 0.093876, 0.122999, 0.151684, 0.196668, 0.213322, 0.231584, 0.325706, 0.329725, 0.345533, 0.417262, 0.478012, 0.514289, 0.684181, 0.753389, 0.78854, 0.887046, 0.922542, 0.950601, 0.964009, 1, 

152,217,0.001, 0.0623161, 0.0805398, 0.0448883, 0.0559164, 0.123075, 0.263741, 0.294354, 0.301627, 0.331672, 0.427524, 1, 

166,195,0.001, 0.0213422, 0.0237446, 0.0592031, 0.151684, 0.196668, 0.213322, 0.231584, 0.244083, 0.32941, 0.427524, 1, 

--- Pareto Front Solutions ---
Solution 0: N total=542 (N_initial=360, N_added=182), Time total=237 ms, Saved to: ./results/Make_t3_l3_pareto_0.csv, percents=0.0213422, 0.0237446, 0.0384295, 0.0820432, 0.0559164, 0.123075, 0.213322, 0.231584, 0.261942, 0.325706, 0.329725, 0.345533, 0.417262, 0.478012, 0.514289, 0.684181, 0.753389, 0.78854, 0.887046, 0.987751, 1, 

Solution 1: N total=533 (N_initial=360, N_added=173), Time total=275 ms, Saved to: ./results/Make_t3_l3_pareto_1.csv, percents=0.001, 0.0444918, 0.0237446, 0.0384295, 0.0820432, 0.107098, 0.151326, 0.188532, 0.221005, 0.236962, 0.257358, 0.285394, 0.293922, 0.343999, 0.502041, 0.74974, 0.870609, 0.886108, 0.89438, 0.922542, 0.950601, 0.964009, 1, 

Solution 2: N total=524 (N_initial=360, N_added=164), Time total=297 ms, Saved to: ./results/Make_t3_l3_pareto_2.csv, percents=0.001, 0.0398309, 0.093876, 0.122999, 0.151684, 0.196668, 0.213322, 0.231584, 0.325706, 0.329725, 0.345533, 0.417262, 0.478012, 0.514289, 0.684181, 0.753389, 0.78854, 0.887046, 0.922542, 0.950601, 0.964009, 1, 

Solution 3: N total=512 (N_initial=360, N_added=152), Time total=307 ms, Saved to: ./results/Make_t3_l3_pareto_3.csv, percents=0.001, 0.0623161, 0.0805398, 0.0448883, 0.0559164, 0.123075, 0.263741, 0.294354, 0.301627, 0.331672, 0.427524, 1, 

Solution 4: N total=526 (N_initial=360, N_added=166), Time total=285 ms, Saved to: ./results/Make_t3_l3_pareto_4.csv, percents=0.001, 0.0213422, 0.0237446, 0.0592031, 0.151684, 0.196668, 0.213322, 0.231584, 0.244083, 0.32941, 0.427524, 1, 

------------d=1, t=3, lambda=4, filename=./evaluation/Make/Make_3_4.csv------------
Computing partitioned counts of d-sets...
Ready to look at pairs based on partitioned counts...
First Stage N=480, Time=99
There are 4 remaining non-locating pairs
--- Running GA Algorithm (phase2) ---
Running GA with std::execution::par
Generation #0
26,5,0.001, 0.136558, 0.16049, 0.321077, 0.327696, 0.390144, 0.411833, 0.421132, 0.50017, 0.594007, 0.64783, 0.681117, 0.698011, 0.737891, 0.849252, 0.976611, 0.983076, 1, 

30,2,0.001, 0.156688, 0.164233, 0.240563, 0.297588, 0.307177, 0.337055, 0.367929, 0.393384, 0.402238, 0.42082, 0.486821, 0.491666, 0.559126, 0.563872, 0.667883, 0.740323, 0.755729, 0.775395, 0.775656, 0.82587, 0.851933, 0.875785, 0.888936, 0.912969, 0.9541, 1, 

19,6,0.001, 0.324487, 0.459376, 0.565267, 0.60092, 0.615323, 0.632026, 0.775286, 0.781825, 0.827172, 0.90078, 1, 

28,4,0.001, 0.104997, 0.170496, 0.29541, 0.299174, 0.369076, 0.386745, 0.394148, 0.488418, 0.55225, 0.559654, 0.583521, 0.591423, 0.646878, 0.647321, 0.703653, 0.770115, 0.85419, 0.866956, 0.87222, 0.953847, 0.965651, 0.97101, 1, 

Generation #1
21,1,0.001, 0.16511, 0.239386, 0.185528, 0.201603, 0.382178, 0.414411, 0.426429, 0.453295, 0.622159, 0.644464, 0.681097, 0.75213, 0.757321, 0.797608, 0.824341, 0.865933, 0.928938, 1, 

15,2,0.001, 0.0589199, 0.0693251, 0.0880833, 0.144839, 0.256268, 0.335985, 0.372205, 0.377229, 0.426273, 0.959716, 1, 

Generation #2
24,0,0.001, 0.0565809, 0.0964583, 0.198766, 0.20147, 0.385754, 0.519695, 0.649945, 0.699228, 0.74167, 0.354026, 0.362684, 0.383433, 0.482609, 0.488215, 0.539009, 0.574472, 0.605682, 0.705662, 0.732701, 0.838766, 0.982873, 1, 

13,1,0.001, 0.0479451, 0.107889, 0.185528, 0.201603, 0.382178, 0.414411, 0.426429, 0.377229, 0.426273, 0.959716, 1, 

Generation #3
24,0,0.001, 0.0565809, 0.0964583, 0.198766, 0.20147, 0.385754, 0.519695, 0.649945, 0.699228, 0.74167, 0.354026, 0.362684, 0.383433, 0.482609, 0.488215, 0.539009, 0.574472, 0.605682, 0.705662, 0.732701, 0.838766, 0.982873, 1, 

13,1,0.001, 0.0479451, 0.107889, 0.185528, 0.201603, 0.382178, 0.414411, 0.426429, 0.377229, 0.426273, 0.959716, 1, 

Generation #4
24,0,0.001, 0.0565809, 0.0964583, 0.198766, 0.20147, 0.385754, 0.519695, 0.649945, 0.699228, 0.74167, 0.354026, 0.362684, 0.383433, 0.482609, 0.488215, 0.539009, 0.574472, 0.605682, 0.705662, 0.732701, 0.838766, 0.982873, 1, 

13,1,0.001, 0.0479451, 0.107889, 0.185528, 0.201603, 0.382178, 0.414411, 0.426429, 0.377229, 0.426273, 0.959716, 1, 

Generation #5
24,0,0.001, 0.0565809, 0.0964583, 0.198766, 0.20147, 0.385754, 0.519695, 0.649945, 0.699228, 0.74167, 0.354026, 0.362684, 0.383433, 0.482609, 0.488215, 0.539009, 0.574472, 0.605682, 0.705662, 0.732701, 0.838766, 0.982873, 1, 

13,1,0.001, 0.0479451, 0.107889, 0.185528, 0.201603, 0.382178, 0.414411, 0.426429, 0.377229, 0.426273, 0.959716, 1, 

Generation #6
24,0,0.001, 0.0565809, 0.0964583, 0.198766, 0.20147, 0.385754, 0.519695, 0.649945, 0.699228, 0.74167, 0.354026, 0.362684, 0.383433, 0.482609, 0.488215, 0.539009, 0.574472, 0.605682, 0.705662, 0.732701, 0.838766, 0.982873, 1, 

13,1,0.001, 0.0479451, 0.107889, 0.185528, 0.201603, 0.382178, 0.414411, 0.426429, 0.377229, 0.426273, 0.959716, 1, 

Generation #7
24,0,0.001, 0.0565809, 0.0964583, 0.198766, 0.20147, 0.385754, 0.519695, 0.649945, 0.699228, 0.74167, 0.354026, 0.362684, 0.383433, 0.482609, 0.488215, 0.539009, 0.574472, 0.605682, 0.705662, 0.732701, 0.838766, 0.982873, 1, 

13,1,0.001, 0.0479451, 0.107889, 0.185528, 0.201603, 0.382178, 0.414411, 0.426429, 0.377229, 0.426273, 0.959716, 1, 

Generation #8
24,0,0.001, 0.0565809, 0.0964583, 0.198766, 0.20147, 0.385754, 0.519695, 0.649945, 0.699228, 0.74167, 0.354026, 0.362684, 0.383433, 0.482609, 0.488215, 0.539009, 0.574472, 0.605682, 0.705662, 0.732701, 0.838766, 0.982873, 1, 

13,1,0.001, 0.0479451, 0.107889, 0.185528, 0.201603, 0.382178, 0.414411, 0.426429, 0.377229, 0.426273, 0.959716, 1, 

Generation #9
24,0,0.001, 0.0565809, 0.0964583, 0.198766, 0.20147, 0.385754, 0.519695, 0.649945, 0.699228, 0.74167, 0.354026, 0.362684, 0.383433, 0.482609, 0.488215, 0.539009, 0.574472, 0.605682, 0.705662, 0.732701, 0.838766, 0.982873, 1, 

13,1,0.001, 0.0479451, 0.107889, 0.185528, 0.201603, 0.382178, 0.414411, 0.426429, 0.377229, 0.426273, 0.959716, 1, 

Generation #10
24,0,0.001, 0.0565809, 0.0964583, 0.198766, 0.20147, 0.385754, 0.519695, 0.649945, 0.699228, 0.74167, 0.354026, 0.362684, 0.383433, 0.482609, 0.488215, 0.539009, 0.574472, 0.605682, 0.705662, 0.732701, 0.838766, 0.982873, 1, 

13,1,0.001, 0.0479451, 0.107889, 0.185528, 0.201603, 0.382178, 0.414411, 0.426429, 0.377229, 0.426273, 0.959716, 1, 

Generation #11
24,0,0.001, 0.0565809, 0.0964583, 0.198766, 0.20147, 0.385754, 0.519695, 0.649945, 0.699228, 0.74167, 0.354026, 0.362684, 0.383433, 0.482609, 0.488215, 0.539009, 0.574472, 0.605682, 0.705662, 0.732701, 0.838766, 0.982873, 1, 

13,1,0.001, 0.0479451, 0.107889, 0.185528, 0.201603, 0.382178, 0.414411, 0.426429, 0.377229, 0.426273, 0.959716, 1, 

Generation #12
24,0,0.001, 0.0565809, 0.0964583, 0.198766, 0.20147, 0.385754, 0.519695, 0.649945, 0.699228, 0.74167, 0.354026, 0.362684, 0.383433, 0.482609, 0.488215, 0.539009, 0.574472, 0.605682, 0.705662, 0.732701, 0.838766, 0.982873, 1, 

13,1,0.001, 0.0479451, 0.107889, 0.185528, 0.201603, 0.382178, 0.414411, 0.426429, 0.377229, 0.426273, 0.959716, 1, 

Generation #13
24,0,0.001, 0.0565809, 0.0964583, 0.198766, 0.20147, 0.385754, 0.519695, 0.649945, 0.699228, 0.74167, 0.354026, 0.362684, 0.383433, 0.482609, 0.488215, 0.539009, 0.574472, 0.605682, 0.705662, 0.732701, 0.838766, 0.982873, 1, 

13,1,0.001, 0.0479451, 0.107889, 0.185528, 0.201603, 0.382178, 0.414411, 0.426429, 0.377229, 0.426273, 0.959716, 1, 

Generation #14
24,0,0.001, 0.0565809, 0.0964583, 0.198766, 0.20147, 0.385754, 0.519695, 0.649945, 0.699228, 0.74167, 0.354026, 0.362684, 0.383433, 0.482609, 0.488215, 0.539009, 0.574472, 0.605682, 0.705662, 0.732701, 0.838766, 0.982873, 1, 

13,1,0.001, 0.0479451, 0.107889, 0.185528, 0.201603, 0.382178, 0.414411, 0.426429, 0.377229, 0.426273, 0.959716, 1, 

Generation #15
24,0,0.001, 0.0565809, 0.0964583, 0.198766, 0.20147, 0.385754, 0.519695, 0.649945, 0.699228, 0.74167, 0.354026, 0.362684, 0.383433, 0.482609, 0.488215, 0.539009, 0.574472, 0.605682, 0.705662, 0.732701, 0.838766, 0.982873, 1, 

13,1,0.001, 0.0479451, 0.107889, 0.185528, 0.201603, 0.382178, 0.414411, 0.426429, 0.377229, 0.426273, 0.959716, 1, 

Generation #16
24,0,0.001, 0.0565809, 0.0964583, 0.198766, 0.20147, 0.385754, 0.519695, 0.649945, 0.699228, 0.74167, 0.354026, 0.362684, 0.383433, 0.482609, 0.488215, 0.539009, 0.574472, 0.605682, 0.705662, 0.732701, 0.838766, 0.982873, 1, 

13,1,0.001, 0.0479451, 0.107889, 0.185528, 0.201603, 0.382178, 0.414411, 0.426429, 0.377229, 0.426273, 0.959716, 1, 

Generation #17
24,0,0.001, 0.0565809, 0.0964583, 0.198766, 0.20147, 0.385754, 0.519695, 0.649945, 0.699228, 0.74167, 0.354026, 0.362684, 0.383433, 0.482609, 0.488215, 0.539009, 0.574472, 0.605682, 0.705662, 0.732701, 0.838766, 0.982873, 1, 

13,1,0.001, 0.0479451, 0.107889, 0.185528, 0.201603, 0.382178, 0.414411, 0.426429, 0.377229, 0.426273, 0.959716, 1, 

Generation #18
24,0,0.001, 0.0565809, 0.0964583, 0.198766, 0.20147, 0.385754, 0.519695, 0.649945, 0.699228, 0.74167, 0.354026, 0.362684, 0.383433, 0.482609, 0.488215, 0.539009, 0.574472, 0.605682, 0.705662, 0.732701, 0.838766, 0.982873, 1, 

13,1,0.001, 0.0479451, 0.107889, 0.185528, 0.201603, 0.382178, 0.414411, 0.426429, 0.377229, 0.426273, 0.959716, 1, 

Generation #19
24,0,0.001, 0.0565809, 0.0964583, 0.198766, 0.20147, 0.385754, 0.519695, 0.649945, 0.699228, 0.74167, 0.354026, 0.362684, 0.383433, 0.482609, 0.488215, 0.539009, 0.574472, 0.605682, 0.705662, 0.732701, 0.838766, 0.982873, 1, 

13,1,0.001, 0.0479451, 0.107889, 0.185528, 0.201603, 0.382178, 0.414411, 0.426429, 0.377229, 0.426273, 0.959716, 1, 

Generation #20
24,0,0.001, 0.0565809, 0.0964583, 0.198766, 0.20147, 0.385754, 0.519695, 0.649945, 0.699228, 0.74167, 0.354026, 0.362684, 0.383433, 0.482609, 0.488215, 0.539009, 0.574472, 0.605682, 0.705662, 0.732701, 0.838766, 0.982873, 1, 

13,1,0.001, 0.0479451, 0.107889, 0.185528, 0.201603, 0.382178, 0.414411, 0.426429, 0.377229, 0.426273, 0.959716, 1, 

Generation #21
24,0,0.001, 0.0565809, 0.0964583, 0.198766, 0.20147, 0.385754, 0.519695, 0.649945, 0.699228, 0.74167, 0.354026, 0.362684, 0.383433, 0.482609, 0.488215, 0.539009, 0.574472, 0.605682, 0.705662, 0.732701, 0.838766, 0.982873, 1, 

13,1,0.001, 0.0479451, 0.107889, 0.185528, 0.201603, 0.382178, 0.414411, 0.426429, 0.377229, 0.426273, 0.959716, 1, 

Generation #22
24,0,0.001, 0.0565809, 0.0964583, 0.198766, 0.20147, 0.385754, 0.519695, 0.649945, 0.699228, 0.74167, 0.354026, 0.362684, 0.383433, 0.482609, 0.488215, 0.539009, 0.574472, 0.605682, 0.705662, 0.732701, 0.838766, 0.982873, 1, 

13,1,0.001, 0.0479451, 0.107889, 0.185528, 0.201603, 0.382178, 0.414411, 0.426429, 0.377229, 0.426273, 0.959716, 1, 

Generation #23
24,0,0.001, 0.0565809, 0.0964583, 0.198766, 0.20147, 0.385754, 0.519695, 0.649945, 0.699228, 0.74167, 0.354026, 0.362684, 0.383433, 0.482609, 0.488215, 0.539009, 0.574472, 0.605682, 0.705662, 0.732701, 0.838766, 0.982873, 1, 

13,1,0.001, 0.0479451, 0.107889, 0.185528, 0.201603, 0.382178, 0.414411, 0.426429, 0.377229, 0.426273, 0.959716, 1, 

Generation #24
24,0,0.001, 0.0565809, 0.0964583, 0.198766, 0.20147, 0.385754, 0.519695, 0.649945, 0.699228, 0.74167, 0.354026, 0.362684, 0.383433, 0.482609, 0.488215, 0.539009, 0.574472, 0.605682, 0.705662, 0.732701, 0.838766, 0.982873, 1, 

13,1,0.001, 0.0479451, 0.107889, 0.185528, 0.201603, 0.382178, 0.414411, 0.426429, 0.377229, 0.426273, 0.959716, 1, 

Generation #25
24,0,0.001, 0.0565809, 0.0964583, 0.198766, 0.20147, 0.385754, 0.519695, 0.649945, 0.699228, 0.74167, 0.354026, 0.362684, 0.383433, 0.482609, 0.488215, 0.539009, 0.574472, 0.605682, 0.705662, 0.732701, 0.838766, 0.982873, 1, 

13,1,0.001, 0.0479451, 0.107889, 0.185528, 0.201603, 0.382178, 0.414411, 0.426429, 0.377229, 0.426273, 0.959716, 1, 

Generation #26
24,0,0.001, 0.0565809, 0.0964583, 0.198766, 0.20147, 0.385754, 0.519695, 0.649945, 0.699228, 0.74167, 0.354026, 0.362684, 0.383433, 0.482609, 0.488215, 0.539009, 0.574472, 0.605682, 0.705662, 0.732701, 0.838766, 0.982873, 1, 

13,1,0.001, 0.0479451, 0.107889, 0.185528, 0.201603, 0.382178, 0.414411, 0.426429, 0.377229, 0.426273, 0.959716, 1, 

Generation #27
24,0,0.001, 0.0565809, 0.0964583, 0.198766, 0.20147, 0.385754, 0.519695, 0.649945, 0.699228, 0.74167, 0.354026, 0.362684, 0.383433, 0.482609, 0.488215, 0.539009, 0.574472, 0.605682, 0.705662, 0.732701, 0.838766, 0.982873, 1, 

13,1,0.001, 0.0479451, 0.107889, 0.185528, 0.201603, 0.382178, 0.414411, 0.426429, 0.377229, 0.426273, 0.959716, 1, 

Generation #28
24,0,0.001, 0.0565809, 0.0964583, 0.198766, 0.20147, 0.385754, 0.519695, 0.649945, 0.699228, 0.74167, 0.354026, 0.362684, 0.383433, 0.482609, 0.488215, 0.539009, 0.574472, 0.605682, 0.705662, 0.732701, 0.838766, 0.982873, 1, 

13,1,0.001, 0.0479451, 0.107889, 0.185528, 0.201603, 0.382178, 0.414411, 0.426429, 0.377229, 0.426273, 0.959716, 1, 

Generation #29
24,0,0.001, 0.0565809, 0.0964583, 0.198766, 0.20147, 0.385754, 0.519695, 0.649945, 0.699228, 0.74167, 0.354026, 0.362684, 0.383433, 0.482609, 0.488215, 0.539009, 0.574472, 0.605682, 0.705662, 0.732701, 0.838766, 0.982873, 1, 

13,1,0.001, 0.0479451, 0.107889, 0.185528, 0.201603, 0.382178, 0.414411, 0.426429, 0.377229, 0.426273, 0.959716, 1, 

Generation #30
24,0,0.001, 0.0565809, 0.0964583, 0.198766, 0.20147, 0.385754, 0.519695, 0.649945, 0.699228, 0.74167, 0.354026, 0.362684, 0.383433, 0.482609, 0.488215, 0.539009, 0.574472, 0.605682, 0.705662, 0.732701, 0.838766, 0.982873, 1, 

13,1,0.001, 0.0479451, 0.107889, 0.185528, 0.201603, 0.382178, 0.414411, 0.426429, 0.377229, 0.426273, 0.959716, 1, 

Generation #31
24,0,0.001, 0.0565809, 0.0964583, 0.198766, 0.20147, 0.385754, 0.519695, 0.649945, 0.699228, 0.74167, 0.354026, 0.362684, 0.383433, 0.482609, 0.488215, 0.539009, 0.574472, 0.605682, 0.705662, 0.732701, 0.838766, 0.982873, 1, 

13,1,0.001, 0.0479451, 0.107889, 0.185528, 0.201603, 0.382178, 0.414411, 0.426429, 0.377229, 0.426273, 0.959716, 1, 

Generation #32
12,0,0.001, 0.0565809, 0.0964583, 0.107448, 0.240743, 0.256268, 0.335985, 0.372205, 0.2192, 0.739372, 0.744893, 1, 

Generation #33
12,0,0.001, 0.0565809, 0.0964583, 0.107448, 0.240743, 0.256268, 0.335985, 0.372205, 0.2192, 0.739372, 0.744893, 1, 

Generation #34
12,0,0.001, 0.0565809, 0.0964583, 0.107448, 0.240743, 0.256268, 0.335985, 0.372205, 0.2192, 0.739372, 0.744893, 1, 

Generation #35
12,0,0.001, 0.0565809, 0.0964583, 0.107448, 0.240743, 0.256268, 0.335985, 0.372205, 0.2192, 0.739372, 0.744893, 1, 

Generation #36
12,0,0.001, 0.0565809, 0.0964583, 0.107448, 0.240743, 0.256268, 0.335985, 0.372205, 0.2192, 0.739372, 0.744893, 1, 

Generation #37
12,0,0.001, 0.0565809, 0.0964583, 0.107448, 0.240743, 0.256268, 0.335985, 0.372205, 0.2192, 0.739372, 0.744893, 1, 

Generation #38
12,0,0.001, 0.0565809, 0.0964583, 0.107448, 0.240743, 0.256268, 0.335985, 0.372205, 0.2192, 0.739372, 0.744893, 1, 

Generation #39
12,0,0.001, 0.0565809, 0.0964583, 0.107448, 0.240743, 0.256268, 0.335985, 0.372205, 0.2192, 0.739372, 0.744893, 1, 

Generation #40
12,0,0.001, 0.0565809, 0.0964583, 0.107448, 0.240743, 0.256268, 0.335985, 0.372205, 0.2192, 0.739372, 0.744893, 1, 

Generation #41
12,0,0.001, 0.0565809, 0.0964583, 0.107448, 0.240743, 0.256268, 0.335985, 0.372205, 0.2192, 0.739372, 0.744893, 1, 

Generation #42
12,0,0.001, 0.0565809, 0.0964583, 0.107448, 0.240743, 0.256268, 0.335985, 0.372205, 0.2192, 0.739372, 0.744893, 1, 

Generation #43
12,0,0.001, 0.0565809, 0.0964583, 0.107448, 0.240743, 0.256268, 0.335985, 0.372205, 0.2192, 0.739372, 0.744893, 1, 

Generation #44
12,0,0.001, 0.0565809, 0.0964583, 0.107448, 0.240743, 0.256268, 0.335985, 0.372205, 0.2192, 0.739372, 0.744893, 1, 

Generation #45
12,0,0.001, 0.0565809, 0.0964583, 0.107448, 0.240743, 0.256268, 0.335985, 0.372205, 0.2192, 0.739372, 0.744893, 1, 

Generation #46
12,0,0.001, 0.0565809, 0.0964583, 0.107448, 0.240743, 0.256268, 0.335985, 0.372205, 0.2192, 0.739372, 0.744893, 1, 

Generation #47
12,0,0.001, 0.0565809, 0.0964583, 0.107448, 0.240743, 0.256268, 0.335985, 0.372205, 0.2192, 0.739372, 0.744893, 1, 

Generation #48
12,0,0.001, 0.0565809, 0.0964583, 0.107448, 0.240743, 0.256268, 0.335985, 0.372205, 0.2192, 0.739372, 0.744893, 1, 

Generation #49
12,0,0.001, 0.0565809, 0.0964583, 0.107448, 0.240743, 0.256268, 0.335985, 0.372205, 0.2192, 0.739372, 0.744893, 1, 

--- Pareto Front Solutions ---
Solution 0: N total=492 (N_initial=480, N_added=12), Time total=99 ms, Saved to: ./results/Make_t3_l4_pareto_0.csv, percents=0.001, 0.0565809, 0.0964583, 0.107448, 0.240743, 0.256268, 0.335985, 0.372205, 0.2192, 0.739372, 0.744893, 1, 

