------------d=1, t=3, lambda=1, filename=./evaluation/Make/Make_3_1.csv------------
Computing partitioned counts of d-sets...
Ready to look at pairs based on partitioned counts...
First Stage N=138, Time=187
There are 10072 remaining non-locating pairs
--- Running GA Algorithm (phase2) ---
Running GA with std::execution::par
Generation #0
203,10997,0.001, 0.221124, 0.229578, 0.248151, 0.317247, 0.437383, 0.444051, 0.643865, 0.749881, 0.83435, 0.852734, 1, 

212,2361,0.001, 0.0219461, 0.0261442, 0.0262016, 0.0663368, 0.100799, 0.164494, 0.217953, 0.230267, 0.239707, 0.475426, 0.477239, 0.511489, 0.606937, 0.610299, 0.685118, 0.749872, 0.761045, 0.79815, 0.843834, 0.85952, 0.956795, 1, 

211,2604,0.001, 0.0141455, 0.0218816, 0.0456565, 0.126535, 0.171676, 0.223503, 0.360442, 0.365705, 0.45636, 0.479251, 0.508095, 0.573131, 0.69156, 0.698453, 0.828251, 0.841254, 0.951562, 1, 

204,2606,0.001, 0.0110509, 0.0391854, 0.0928903, 0.129683, 0.148351, 0.15305, 0.161136, 0.234665, 0.262227, 0.262612, 0.288228, 0.29071, 0.387741, 0.387959, 0.439057, 0.598829, 0.623264, 0.646717, 0.734431, 0.75492, 0.778334, 0.828504, 0.918703, 0.937746, 1, 

Generation #1
212,2361,0.001, 0.0219461, 0.0261442, 0.0262016, 0.0663368, 0.100799, 0.164494, 0.217953, 0.230267, 0.239707, 0.475426, 0.477239, 0.511489, 0.606937, 0.610299, 0.685118, 0.749872, 0.761045, 0.79815, 0.843834, 0.85952, 0.956795, 1, 

204,2606,0.001, 0.0110509, 0.0391854, 0.0928903, 0.129683, 0.148351, 0.15305, 0.161136, 0.234665, 0.262227, 0.262612, 0.288228, 0.29071, 0.387741, 0.387959, 0.439057, 0.598829, 0.623264, 0.646717, 0.734431, 0.75492, 0.778334, 0.828504, 0.918703, 0.937746, 1, 

208,2420,0.001, 0.0234395, 0.0390873, 0.0460126, 0.10239, 0.111185, 0.134715, 0.142228, 0.147769, 0.815772, 0.872318, 0.886671, 0.887786, 1, 

199,10151,0.001, 0.221124, 0.229578, 0.248151, 0.317247, 0.437383, 0.444051, 0.643865, 0.749881, 0.83435, 0.852734, 1, 

221,2087,0.001, 0.0141455, 0.0218816, 0.0456565, 0.126535, 0.171676, 0.223503, 0.360442, 0.365705, 0.45636, 0.479251, 0.508095, 0.573131, 0.69156, 0.698453, 0.828251, 0.841254, 0.500265, 0.606337, 0.609739, 0.635615, 0.680288, 0.683138, 0.739085, 0.751494, 0.883742, 0.897283, 0.972106, 1, 

201,5590,0.001, 0.145816, 0.146418, 0.150165, 0.28743, 0.388153, 0.444671, 0.554408, 0.557681, 0.56455, 0.579264, 0.687332, 0.69542, 0.790189, 0.928789, 1, 

Generation #2
212,2361,0.001, 0.0219461, 0.0261442, 0.0262016, 0.0663368, 0.100799, 0.164494, 0.217953, 0.230267, 0.239707, 0.475426, 0.477239, 0.511489, 0.606937, 0.610299, 0.685118, 0.749872, 0.761045, 0.79815, 0.843834, 0.85952, 0.956795, 1, 

204,2606,0.001, 0.0110509, 0.0391854, 0.0928903, 0.129683, 0.148351, 0.15305, 0.161136, 0.234665, 0.262227, 0.262612, 0.288228, 0.29071, 0.387741, 0.387959, 0.439057, 0.598829, 0.623264, 0.646717, 0.734431, 0.75492, 0.778334, 0.828504, 0.918703, 0.937746, 1, 

208,2420,0.001, 0.0234395, 0.0390873, 0.0460126, 0.10239, 0.111185, 0.134715, 0.142228, 0.147769, 0.815772, 0.872318, 0.886671, 0.887786, 1, 

199,10151,0.001, 0.221124, 0.229578, 0.248151, 0.317247, 0.437383, 0.444051, 0.643865, 0.749881, 0.83435, 0.852734, 1, 

221,2087,0.001, 0.0141455, 0.0218816, 0.0456565, 0.126535, 0.171676, 0.223503, 0.360442, 0.365705, 0.45636, 0.479251, 0.508095, 0.573131, 0.69156, 0.698453, 0.828251, 0.841254, 0.500265, 0.606337, 0.609739, 0.635615, 0.680288, 0.683138, 0.739085, 0.751494, 0.883742, 0.897283, 0.972106, 1, 

201,5590,0.001, 0.145816, 0.146418, 0.150165, 0.28743, 0.388153, 0.444671, 0.554408, 0.557681, 0.56455, 0.579264, 0.687332, 0.69542, 0.790189, 0.928789, 1, 

Generation #3
212,2361,0.001, 0.0219461, 0.0261442, 0.0262016, 0.0663368, 0.100799, 0.164494, 0.217953, 0.230267, 0.239707, 0.475426, 0.477239, 0.511489, 0.606937, 0.610299, 0.685118, 0.749872, 0.761045, 0.79815, 0.843834, 0.85952, 0.956795, 1, 

204,2606,0.001, 0.0110509, 0.0391854, 0.0928903, 0.129683, 0.148351, 0.15305, 0.161136, 0.234665, 0.262227, 0.262612, 0.288228, 0.29071, 0.387741, 0.387959, 0.439057, 0.598829, 0.623264, 0.646717, 0.734431, 0.75492, 0.778334, 0.828504, 0.918703, 0.937746, 1, 

208,2420,0.001, 0.0234395, 0.0390873, 0.0460126, 0.10239, 0.111185, 0.134715, 0.142228, 0.147769, 0.815772, 0.872318, 0.886671, 0.887786, 1, 

199,10151,0.001, 0.221124, 0.229578, 0.248151, 0.317247, 0.437383, 0.444051, 0.643865, 0.749881, 0.83435, 0.852734, 1, 

221,2087,0.001, 0.0141455, 0.0218816, 0.0456565, 0.126535, 0.171676, 0.223503, 0.360442, 0.365705, 0.45636, 0.479251, 0.508095, 0.573131, 0.69156, 0.698453, 0.828251, 0.841254, 0.500265, 0.606337, 0.609739, 0.635615, 0.680288, 0.683138, 0.739085, 0.751494, 0.883742, 0.897283, 0.972106, 1, 

201,5590,0.001, 0.145816, 0.146418, 0.150165, 0.28743, 0.388153, 0.444671, 0.554408, 0.557681, 0.56455, 0.579264, 0.687332, 0.69542, 0.790189, 0.928789, 1, 

215,2188,0.001, 0.0266537, 0.037516, 0.040253, 0.075425, 0.14546, 0.153692, 0.211271, 0.22996, 0.248763, 0.304855, 0.680204, 0.767888, 0.818092, 0.828087, 0.957457, 0.979393, 1, 

227,2056,0.001, 0.0141455, 0.0218816, 0.0456565, 0.126535, 0.14546, 0.153692, 0.211271, 0.22996, 0.248763, 0.182603, 0.226503, 0.233886, 0.288066, 0.436146, 0.459913, 0.494666, 0.552769, 0.560013, 0.560173, 0.589613, 0.739437, 0.740977, 0.79267, 0.822098, 0.937526, 0.967304, 1, 

213,2321,0.001, 0.016831, 0.0528152, 0.0980615, 0.106911, 0.119235, 0.150345, 0.17776, 0.247358, 0.299091, 0.400537, 0.470213, 0.492376, 0.576229, 0.613618, 0.957457, 0.979393, 1, 

Generation #4
199,10151,0.001, 0.221124, 0.229578, 0.248151, 0.317247, 0.437383, 0.444051, 0.643865, 0.749881, 0.83435, 0.852734, 1, 

212,1983,0.001, 0.0141455, 0.0218816, 0.0456565, 0.126535, 0.171676, 0.223503, 0.187127, 0.34024, 0.425078, 0.623749, 0.642961, 0.77327, 0.821051, 0.86027, 0.97724, 1, 

209,2213,0.001, 0.016831, 0.0528152, 0.0980615, 0.106911, 0.119235, 0.150345, 0.247358, 0.299091, 0.872318, 0.886671, 0.887786, 1, 

200,2535,0.001, 0.0219461, 0.0261442, 0.0262016, 0.0663368, 0.100799, 0.164494, 0.217953, 0.230267, 0.239707, 0.290694, 0.361273, 0.69542, 0.790189, 0.928789, 1, 

202,2301,0.001, 0.0141455, 0.0218816, 0.0456565, 0.126535, 0.171676, 0.223503, 0.187127, 0.248876, 0.279032, 0.872318, 0.886671, 0.887786, 1, 

Generation #5
212,1983,0.001, 0.0141455, 0.0218816, 0.0456565, 0.126535, 0.171676, 0.223503, 0.187127, 0.34024, 0.425078, 0.623749, 0.642961, 0.77327, 0.821051, 0.86027, 0.97724, 1, 

209,2213,0.001, 0.016831, 0.0528152, 0.0980615, 0.106911, 0.119235, 0.150345, 0.247358, 0.299091, 0.872318, 0.886671, 0.887786, 1, 

202,2301,0.001, 0.0141455, 0.0218816, 0.0456565, 0.126535, 0.171676, 0.223503, 0.187127, 0.248876, 0.279032, 0.872318, 0.886671, 0.887786, 1, 

200,2468,0.001, 0.0141455, 0.0218816, 0.0456565, 0.126535, 0.171676, 0.126503, 0.223503, 0.360442, 0.365705, 0.45636, 0.479251, 1, 

199,2894,0.001, 0.016831, 0.0528152, 0.0980615, 0.106911, 0.119235, 0.150345, 0.247358, 0.951061, 0.749881, 0.83435, 0.852734, 1, 

219,1970,0.001, 0.0141455, 0.0218816, 0.0456565, 0.126535, 0.171676, 0.223503, 0.331906, 0.444786, 0.499249, 0.5138, 0.550361, 0.557304, 0.672902, 0.750565, 0.754468, 0.776257, 0.809355, 0.852882, 0.992883, 1, 

208,2221,0.001, 0.017851, 0.0501659, 0.0513067, 0.110065, 0.137015, 0.159559, 0.187127, 0.248876, 0.58322, 0.649774, 0.670719, 0.694369, 0.712898, 0.739363, 0.774425, 0.598829, 0.623264, 0.646717, 0.844438, 0.957415, 0.970357, 1, 

Generation #6
197,1856,0.001, 0.0219461, 0.0261442, 0.0262016, 0.0663368, 0.100799, 0.164494, 0.223503, 0.360442, 0.365705, 0.45636, 0.479251, 1, 

Generation #7
197,1856,0.001, 0.0219461, 0.0261442, 0.0262016, 0.0663368, 0.100799, 0.164494, 0.223503, 0.360442, 0.365705, 0.45636, 0.479251, 1, 

190,2182,0.001, 0.0141455, 0.0218816, 0.0456565, 0.126535, 0.233823, 0.25393, 0.331906, 0.444786, 0.499249, 0.803073, 0.930679, 1, 

203,1785,0.001, 0.0141455, 0.0218816, 0.0456565, 0.126535, 0.14546, 0.15305, 0.161136, 0.234665, 0.262227, 0.262612, 0.288228, 0.29071, 0.387741, 0.387959, 0.439057, 0.979393, 1, 

Generation #8
197,1856,0.001, 0.0219461, 0.0261442, 0.0262016, 0.0663368, 0.100799, 0.164494, 0.223503, 0.360442, 0.365705, 0.45636, 0.479251, 1, 

190,2182,0.001, 0.0141455, 0.0218816, 0.0456565, 0.126535, 0.233823, 0.25393, 0.331906, 0.444786, 0.499249, 0.803073, 0.930679, 1, 

203,1785,0.001, 0.0141455, 0.0218816, 0.0456565, 0.126535, 0.14546, 0.15305, 0.161136, 0.234665, 0.262227, 0.262612, 0.288228, 0.29071, 0.387741, 0.387959, 0.439057, 0.979393, 1, 

188,2186,0.001, 0.0266537, 0.037516, 0.040253, 0.075425, 0.100799, 0.164494, 0.223503, 0.360442, 0.365705, 0.45636, 0.479251, 1, 

Generation #9
197,1856,0.001, 0.0219461, 0.0261442, 0.0262016, 0.0663368, 0.100799, 0.164494, 0.223503, 0.360442, 0.365705, 0.45636, 0.479251, 1, 

190,2182,0.001, 0.0141455, 0.0218816, 0.0456565, 0.126535, 0.233823, 0.25393, 0.331906, 0.444786, 0.499249, 0.803073, 0.930679, 1, 

203,1785,0.001, 0.0141455, 0.0218816, 0.0456565, 0.126535, 0.14546, 0.15305, 0.161136, 0.234665, 0.262227, 0.262612, 0.288228, 0.29071, 0.387741, 0.387959, 0.439057, 0.979393, 1, 

188,2186,0.001, 0.0266537, 0.037516, 0.040253, 0.075425, 0.100799, 0.164494, 0.223503, 0.360442, 0.365705, 0.45636, 0.479251, 1, 

Generation #10
197,1856,0.001, 0.0219461, 0.0261442, 0.0262016, 0.0663368, 0.100799, 0.164494, 0.223503, 0.360442, 0.365705, 0.45636, 0.479251, 1, 

190,2182,0.001, 0.0141455, 0.0218816, 0.0456565, 0.126535, 0.233823, 0.25393, 0.331906, 0.444786, 0.499249, 0.803073, 0.930679, 1, 

203,1785,0.001, 0.0141455, 0.0218816, 0.0456565, 0.126535, 0.14546, 0.15305, 0.161136, 0.234665, 0.262227, 0.262612, 0.288228, 0.29071, 0.387741, 0.387959, 0.439057, 0.979393, 1, 

188,2186,0.001, 0.0266537, 0.037516, 0.040253, 0.075425, 0.100799, 0.164494, 0.223503, 0.360442, 0.365705, 0.45636, 0.479251, 1, 

196,2005,0.001, 0.0141455, 0.0218816, 0.0456565, 0.0663368, 0.100799, 0.164494, 0.247358, 0.299091, 0.262227, 0.318171, 0.363569, 0.391329, 0.456397, 0.46757, 0.469434, 0.479609, 0.503741, 0.506478, 1, 

215,1769,0.001, 0.0141455, 0.0218816, 0.0456565, 0.126535, 0.14546, 0.15305, 0.211271, 0.234665, 0.262227, 0.262612, 0.29071, 0.387741, 0.387959, 0.439057, 0.979393, 1, 

Generation #11
197,1856,0.001, 0.0219461, 0.0261442, 0.0262016, 0.0663368, 0.100799, 0.164494, 0.223503, 0.360442, 0.365705, 0.45636, 0.479251, 1, 

190,2182,0.001, 0.0141455, 0.0218816, 0.0456565, 0.126535, 0.233823, 0.25393, 0.331906, 0.444786, 0.499249, 0.803073, 0.930679, 1, 

203,1785,0.001, 0.0141455, 0.0218816, 0.0456565, 0.126535, 0.14546, 0.15305, 0.161136, 0.234665, 0.262227, 0.262612, 0.288228, 0.29071, 0.387741, 0.387959, 0.439057, 0.979393, 1, 

188,2186,0.001, 0.0266537, 0.037516, 0.040253, 0.075425, 0.100799, 0.164494, 0.223503, 0.360442, 0.365705, 0.45636, 0.479251, 1, 

196,2005,0.001, 0.0141455, 0.0218816, 0.0456565, 0.0663368, 0.100799, 0.164494, 0.247358, 0.299091, 0.262227, 0.318171, 0.363569, 0.391329, 0.456397, 0.46757, 0.469434, 0.479609, 0.503741, 0.506478, 1, 

215,1769,0.001, 0.0141455, 0.0218816, 0.0456565, 0.126535, 0.14546, 0.15305, 0.211271, 0.234665, 0.262227, 0.262612, 0.29071, 0.387741, 0.387959, 0.439057, 0.979393, 1, 

Generation #12
197,1856,0.001, 0.0219461, 0.0261442, 0.0262016, 0.0663368, 0.100799, 0.164494, 0.223503, 0.360442, 0.365705, 0.45636, 0.479251, 1, 

190,2182,0.001, 0.0141455, 0.0218816, 0.0456565, 0.126535, 0.233823, 0.25393, 0.331906, 0.444786, 0.499249, 0.803073, 0.930679, 1, 

203,1785,0.001, 0.0141455, 0.0218816, 0.0456565, 0.126535, 0.14546, 0.15305, 0.161136, 0.234665, 0.262227, 0.262612, 0.288228, 0.29071, 0.387741, 0.387959, 0.439057, 0.979393, 1, 

188,2186,0.001, 0.0266537, 0.037516, 0.040253, 0.075425, 0.100799, 0.164494, 0.223503, 0.360442, 0.365705, 0.45636, 0.479251, 1, 

196,2005,0.001, 0.0141455, 0.0218816, 0.0456565, 0.0663368, 0.100799, 0.164494, 0.247358, 0.299091, 0.262227, 0.318171, 0.363569, 0.391329, 0.456397, 0.46757, 0.469434, 0.479609, 0.503741, 0.506478, 1, 

215,1769,0.001, 0.0141455, 0.0218816, 0.0456565, 0.126535, 0.14546, 0.15305, 0.211271, 0.234665, 0.262227, 0.262612, 0.29071, 0.387741, 0.387959, 0.439057, 0.979393, 1, 

Generation #13
197,1856,0.001, 0.0219461, 0.0261442, 0.0262016, 0.0663368, 0.100799, 0.164494, 0.223503, 0.360442, 0.365705, 0.45636, 0.479251, 1, 

190,2182,0.001, 0.0141455, 0.0218816, 0.0456565, 0.126535, 0.233823, 0.25393, 0.331906, 0.444786, 0.499249, 0.803073, 0.930679, 1, 

203,1785,0.001, 0.0141455, 0.0218816, 0.0456565, 0.126535, 0.14546, 0.15305, 0.161136, 0.234665, 0.262227, 0.262612, 0.288228, 0.29071, 0.387741, 0.387959, 0.439057, 0.979393, 1, 

188,2186,0.001, 0.0266537, 0.037516, 0.040253, 0.075425, 0.100799, 0.164494, 0.223503, 0.360442, 0.365705, 0.45636, 0.479251, 1, 

196,2005,0.001, 0.0141455, 0.0218816, 0.0456565, 0.0663368, 0.100799, 0.164494, 0.247358, 0.299091, 0.262227, 0.318171, 0.363569, 0.391329, 0.456397, 0.46757, 0.469434, 0.479609, 0.503741, 0.506478, 1, 

211,1727,0.0104079, 0.001, 0.0219461, 0.0261442, 0.0262016, 0.0663368, 0.100799, 0.164494, 0.247358, 0.299091, 0.262227, 0.318171, 0.363569, 0.391329, 0.456397, 0.494666, 0.552769, 0.560013, 0.560173, 0.589613, 1, 

Generation #14
197,1856,0.001, 0.0219461, 0.0261442, 0.0262016, 0.0663368, 0.100799, 0.164494, 0.223503, 0.360442, 0.365705, 0.45636, 0.479251, 1, 

190,2182,0.001, 0.0141455, 0.0218816, 0.0456565, 0.126535, 0.233823, 0.25393, 0.331906, 0.444786, 0.499249, 0.803073, 0.930679, 1, 

203,1785,0.001, 0.0141455, 0.0218816, 0.0456565, 0.126535, 0.14546, 0.15305, 0.161136, 0.234665, 0.262227, 0.262612, 0.288228, 0.29071, 0.387741, 0.387959, 0.439057, 0.979393, 1, 

188,2186,0.001, 0.0266537, 0.037516, 0.040253, 0.075425, 0.100799, 0.164494, 0.223503, 0.360442, 0.365705, 0.45636, 0.479251, 1, 

196,2005,0.001, 0.0141455, 0.0218816, 0.0456565, 0.0663368, 0.100799, 0.164494, 0.247358, 0.299091, 0.262227, 0.318171, 0.363569, 0.391329, 0.456397, 0.46757, 0.469434, 0.479609, 0.503741, 0.506478, 1, 

211,1727,0.0104079, 0.001, 0.0219461, 0.0261442, 0.0262016, 0.0663368, 0.100799, 0.164494, 0.247358, 0.299091, 0.262227, 0.318171, 0.363569, 0.391329, 0.456397, 0.494666, 0.552769, 0.560013, 0.560173, 0.589613, 1, 

Generation #15
197,1856,0.001, 0.0219461, 0.0261442, 0.0262016, 0.0663368, 0.100799, 0.164494, 0.223503, 0.360442, 0.365705, 0.45636, 0.479251, 1, 

190,2182,0.001, 0.0141455, 0.0218816, 0.0456565, 0.126535, 0.233823, 0.25393, 0.331906, 0.444786, 0.499249, 0.803073, 0.930679, 1, 

203,1785,0.001, 0.0141455, 0.0218816, 0.0456565, 0.126535, 0.14546, 0.15305, 0.161136, 0.234665, 0.262227, 0.262612, 0.288228, 0.29071, 0.387741, 0.387959, 0.439057, 0.979393, 1, 

188,2186,0.001, 0.0266537, 0.037516, 0.040253, 0.075425, 0.100799, 0.164494, 0.223503, 0.360442, 0.365705, 0.45636, 0.479251, 1, 

196,2005,0.001, 0.0141455, 0.0218816, 0.0456565, 0.0663368, 0.100799, 0.164494, 0.247358, 0.299091, 0.262227, 0.318171, 0.363569, 0.391329, 0.456397, 0.46757, 0.469434, 0.479609, 0.503741, 0.506478, 1, 

211,1727,0.0104079, 0.001, 0.0219461, 0.0261442, 0.0262016, 0.0663368, 0.100799, 0.164494, 0.247358, 0.299091, 0.262227, 0.318171, 0.363569, 0.391329, 0.456397, 0.494666, 0.552769, 0.560013, 0.560173, 0.589613, 1, 

Generation #16
197,1856,0.001, 0.0219461, 0.0261442, 0.0262016, 0.0663368, 0.100799, 0.164494, 0.223503, 0.360442, 0.365705, 0.45636, 0.479251, 1, 

190,2182,0.001, 0.0141455, 0.0218816, 0.0456565, 0.126535, 0.233823, 0.25393, 0.331906, 0.444786, 0.499249, 0.803073, 0.930679, 1, 

203,1785,0.001, 0.0141455, 0.0218816, 0.0456565, 0.126535, 0.14546, 0.15305, 0.161136, 0.234665, 0.262227, 0.262612, 0.288228, 0.29071, 0.387741, 0.387959, 0.439057, 0.979393, 1, 

188,2186,0.001, 0.0266537, 0.037516, 0.040253, 0.075425, 0.100799, 0.164494, 0.223503, 0.360442, 0.365705, 0.45636, 0.479251, 1, 

233,1509,0.0104079, 0.001, 0.0219461, 0.0261442, 0.0262016, 0.0663368, 0.100799, 0.164494, 0.247358, 0.299091, 0.262227, 0.318171, 0.391329, 0.456397, 0.469434, 0.479609, 0.503741, 0.506478, 1, 

196,1999,0.001, 0.0141455, 0.0218816, 0.0262016, 0.0663368, 0.100799, 0.164494, 0.217953, 0.360442, 0.365705, 0.45636, 0.479251, 0.391329, 0.456397, 0.46757, 0.469434, 0.479609, 0.503741, 0.455145, 1, 

205,1662,0.001, 0.0141455, 0.0218816, 0.0456565, 0.126535, 0.14546, 0.153692, 0.211271, 0.22996, 0.365705, 0.45636, 0.479251, 0.361273, 1, 

Generation #17
197,1856,0.001, 0.0219461, 0.0261442, 0.0262016, 0.0663368, 0.100799, 0.164494, 0.223503, 0.360442, 0.365705, 0.45636, 0.479251, 1, 

190,2182,0.001, 0.0141455, 0.0218816, 0.0456565, 0.126535, 0.233823, 0.25393, 0.331906, 0.444786, 0.499249, 0.803073, 0.930679, 1, 

188,2186,0.001, 0.0266537, 0.037516, 0.040253, 0.075425, 0.100799, 0.164494, 0.223503, 0.360442, 0.365705, 0.45636, 0.479251, 1, 

233,1509,0.0104079, 0.001, 0.0219461, 0.0261442, 0.0262016, 0.0663368, 0.100799, 0.164494, 0.247358, 0.299091, 0.262227, 0.318171, 0.391329, 0.456397, 0.469434, 0.479609, 0.503741, 0.506478, 1, 

196,1999,0.001, 0.0141455, 0.0218816, 0.0262016, 0.0663368, 0.100799, 0.164494, 0.217953, 0.360442, 0.365705, 0.45636, 0.479251, 0.391329, 0.456397, 0.46757, 0.469434, 0.479609, 0.503741, 0.455145, 1, 

205,1662,0.001, 0.0141455, 0.0218816, 0.0456565, 0.126535, 0.14546, 0.153692, 0.211271, 0.22996, 0.365705, 0.45636, 0.479251, 0.361273, 1, 

202,1743,0.001, 0.0141455, 0.0218816, 0.0456565, 0.0663368, 0.14546, 0.153692, 0.223503, 0.234665, 0.262227, 0.262612, 0.288228, 0.29071, 0.387741, 0.387959, 0.439057, 0.979393, 1, 

Generation #18
190,2182,0.001, 0.0141455, 0.0218816, 0.0456565, 0.126535, 0.233823, 0.25393, 0.331906, 0.444786, 0.499249, 0.803073, 0.930679, 1, 

188,2186,0.001, 0.0266537, 0.037516, 0.040253, 0.075425, 0.100799, 0.164494, 0.223503, 0.360442, 0.365705, 0.45636, 0.479251, 1, 

233,1509,0.0104079, 0.001, 0.0219461, 0.0261442, 0.0262016, 0.0663368, 0.100799, 0.164494, 0.247358, 0.299091, 0.262227, 0.318171, 0.391329, 0.456397, 0.469434, 0.479609, 0.503741, 0.506478, 1, 

196,1999,0.001, 0.0141455, 0.0218816, 0.0262016, 0.0663368, 0.100799, 0.164494, 0.217953, 0.360442, 0.365705, 0.45636, 0.479251, 0.391329, 0.456397, 0.46757, 0.469434, 0.479609, 0.503741, 0.455145, 1, 

205,1662,0.001, 0.0141455, 0.0218816, 0.0456565, 0.126535, 0.14546, 0.153692, 0.211271, 0.22996, 0.365705, 0.45636, 0.479251, 0.361273, 1, 

202,1743,0.001, 0.0141455, 0.0218816, 0.0456565, 0.0663368, 0.14546, 0.153692, 0.223503, 0.234665, 0.262227, 0.262612, 0.288228, 0.29071, 0.387741, 0.387959, 0.439057, 0.979393, 1, 

197,1833,0.001, 0.0141455, 0.0218816, 0.0262016, 0.0663368, 0.100799, 0.164494, 0.211271, 0.22996, 0.365705, 0.45636, 0.479251, 0.361273, 1, 

Generation #19
190,2182,0.001, 0.0141455, 0.0218816, 0.0456565, 0.126535, 0.233823, 0.25393, 0.331906, 0.444786, 0.499249, 0.803073, 0.930679, 1, 

188,2186,0.001, 0.0266537, 0.037516, 0.040253, 0.075425, 0.100799, 0.164494, 0.223503, 0.360442, 0.365705, 0.45636, 0.479251, 1, 

233,1509,0.0104079, 0.001, 0.0219461, 0.0261442, 0.0262016, 0.0663368, 0.100799, 0.164494, 0.247358, 0.299091, 0.262227, 0.318171, 0.391329, 0.456397, 0.469434, 0.479609, 0.503741, 0.506478, 1, 

196,1999,0.001, 0.0141455, 0.0218816, 0.0262016, 0.0663368, 0.100799, 0.164494, 0.217953, 0.360442, 0.365705, 0.45636, 0.479251, 0.391329, 0.456397, 0.46757, 0.469434, 0.479609, 0.503741, 0.455145, 1, 

205,1662,0.001, 0.0141455, 0.0218816, 0.0456565, 0.126535, 0.14546, 0.153692, 0.211271, 0.22996, 0.365705, 0.45636, 0.479251, 0.361273, 1, 

197,1833,0.001, 0.0141455, 0.0218816, 0.0262016, 0.0663368, 0.100799, 0.164494, 0.211271, 0.22996, 0.365705, 0.45636, 0.479251, 0.361273, 1, 

201,1725,0.0104079, 0.001, 0.0219461, 0.0261442, 0.0262016, 0.0663368, 0.100799, 0.164494, 0.247358, 0.262227, 0.262612, 0.288228, 0.29071, 1, 

Generation #20
190,2182,0.001, 0.0141455, 0.0218816, 0.0456565, 0.126535, 0.233823, 0.25393, 0.331906, 0.444786, 0.499249, 0.803073, 0.930679, 1, 

188,2186,0.001, 0.0266537, 0.037516, 0.040253, 0.075425, 0.100799, 0.164494, 0.223503, 0.360442, 0.365705, 0.45636, 0.479251, 1, 

233,1509,0.0104079, 0.001, 0.0219461, 0.0261442, 0.0262016, 0.0663368, 0.100799, 0.164494, 0.247358, 0.299091, 0.262227, 0.318171, 0.391329, 0.456397, 0.469434, 0.479609, 0.503741, 0.506478, 1, 

196,1999,0.001, 0.0141455, 0.0218816, 0.0262016, 0.0663368, 0.100799, 0.164494, 0.217953, 0.360442, 0.365705, 0.45636, 0.479251, 0.391329, 0.456397, 0.46757, 0.469434, 0.479609, 0.503741, 0.455145, 1, 

205,1662,0.001, 0.0141455, 0.0218816, 0.0456565, 0.126535, 0.14546, 0.153692, 0.211271, 0.22996, 0.365705, 0.45636, 0.479251, 0.361273, 1, 

197,1833,0.001, 0.0141455, 0.0218816, 0.0262016, 0.0663368, 0.100799, 0.164494, 0.211271, 0.22996, 0.365705, 0.45636, 0.479251, 0.361273, 1, 

201,1725,0.0104079, 0.001, 0.0219461, 0.0261442, 0.0262016, 0.0663368, 0.100799, 0.164494, 0.247358, 0.262227, 0.262612, 0.288228, 0.29071, 1, 

Generation #21
190,2182,0.001, 0.0141455, 0.0218816, 0.0456565, 0.126535, 0.233823, 0.25393, 0.331906, 0.444786, 0.499249, 0.803073, 0.930679, 1, 

188,2186,0.001, 0.0266537, 0.037516, 0.040253, 0.075425, 0.100799, 0.164494, 0.223503, 0.360442, 0.365705, 0.45636, 0.479251, 1, 

233,1509,0.0104079, 0.001, 0.0219461, 0.0261442, 0.0262016, 0.0663368, 0.100799, 0.164494, 0.247358, 0.299091, 0.262227, 0.318171, 0.391329, 0.456397, 0.469434, 0.479609, 0.503741, 0.506478, 1, 

196,1999,0.001, 0.0141455, 0.0218816, 0.0262016, 0.0663368, 0.100799, 0.164494, 0.217953, 0.360442, 0.365705, 0.45636, 0.479251, 0.391329, 0.456397, 0.46757, 0.469434, 0.479609, 0.503741, 0.455145, 1, 

205,1662,0.001, 0.0141455, 0.0218816, 0.0456565, 0.126535, 0.14546, 0.153692, 0.211271, 0.22996, 0.365705, 0.45636, 0.479251, 0.361273, 1, 

197,1833,0.001, 0.0141455, 0.0218816, 0.0262016, 0.0663368, 0.100799, 0.164494, 0.211271, 0.22996, 0.365705, 0.45636, 0.479251, 0.361273, 1, 

201,1725,0.0104079, 0.001, 0.0219461, 0.0261442, 0.0262016, 0.0663368, 0.100799, 0.164494, 0.247358, 0.262227, 0.262612, 0.288228, 0.29071, 1, 

208,1623,0.0104079, 0.001, 0.0218816, 0.0456565, 0.0663368, 0.14546, 0.153692, 0.211271, 0.22996, 0.248763, 0.182603, 0.226503, 0.233886, 0.288066, 0.459913, 0.494666, 0.552769, 0.560013, 0.560173, 0.589613, 1, 

198,1751,0.0104079, 0.001, 0.0219461, 0.0261442, 0.0262016, 0.100799, 0.164494, 0.223503, 0.360442, 0.365705, 0.45636, 0.479251, 1, 

Generation #22
190,2182,0.001, 0.0141455, 0.0218816, 0.0456565, 0.126535, 0.233823, 0.25393, 0.331906, 0.444786, 0.499249, 0.803073, 0.930679, 1, 

188,2186,0.001, 0.0266537, 0.037516, 0.040253, 0.075425, 0.100799, 0.164494, 0.223503, 0.360442, 0.365705, 0.45636, 0.479251, 1, 

196,1999,0.001, 0.0141455, 0.0218816, 0.0262016, 0.0663368, 0.100799, 0.164494, 0.217953, 0.360442, 0.365705, 0.45636, 0.479251, 0.391329, 0.456397, 0.46757, 0.469434, 0.479609, 0.503741, 0.455145, 1, 

197,1833,0.001, 0.0141455, 0.0218816, 0.0262016, 0.0663368, 0.100799, 0.164494, 0.211271, 0.22996, 0.365705, 0.45636, 0.479251, 0.361273, 1, 

201,1725,0.0104079, 0.001, 0.0219461, 0.0261442, 0.0262016, 0.0663368, 0.100799, 0.164494, 0.247358, 0.262227, 0.262612, 0.288228, 0.29071, 1, 

208,1623,0.0104079, 0.001, 0.0218816, 0.0456565, 0.0663368, 0.14546, 0.153692, 0.211271, 0.22996, 0.248763, 0.182603, 0.226503, 0.233886, 0.288066, 0.459913, 0.494666, 0.552769, 0.560013, 0.560173, 0.589613, 1, 

198,1751,0.0104079, 0.001, 0.0219461, 0.0261442, 0.0262016, 0.100799, 0.164494, 0.223503, 0.360442, 0.365705, 0.45636, 0.479251, 1, 

204,1647,0.0104079, 0.001, 0.0219461, 0.0261442, 0.0262016, 0.0663368, 0.100799, 0.164494, 0.306818, 0.299091, 0.262227, 0.479251, 0.361273, 0.387741, 0.387959, 0.439057, 0.979393, 1, 

216,1464,0.0104079, 0.001, 0.0219461, 0.0261442, 0.0262016, 0.0663368, 0.100799, 0.164494, 0.247358, 0.299091, 0.641819, 0.318171, 0.29071, 0.387741, 0.387959, 0.439057, 0.979393, 1, 

200,1733,0.0104079, 0.001, 0.0219461, 0.0261442, 0.0547134, 0.0663368, 0.164494, 0.247358, 0.299091, 0.262227, 0.318171, 0.852734, 1, 

Generation #23
190,2182,0.001, 0.0141455, 0.0218816, 0.0456565, 0.126535, 0.233823, 0.25393, 0.331906, 0.444786, 0.499249, 0.803073, 0.930679, 1, 

188,2186,0.001, 0.0266537, 0.037516, 0.040253, 0.075425, 0.100799, 0.164494, 0.223503, 0.360442, 0.365705, 0.45636, 0.479251, 1, 

196,1999,0.001, 0.0141455, 0.0218816, 0.0262016, 0.0663368, 0.100799, 0.164494, 0.217953, 0.360442, 0.365705, 0.45636, 0.479251, 0.391329, 0.456397, 0.46757, 0.469434, 0.479609, 0.503741, 0.455145, 1, 

197,1833,0.001, 0.0141455, 0.0218816, 0.0262016, 0.0663368, 0.100799, 0.164494, 0.211271, 0.22996, 0.365705, 0.45636, 0.479251, 0.361273, 1, 

201,1725,0.0104079, 0.001, 0.0219461, 0.0261442, 0.0262016, 0.0663368, 0.100799, 0.164494, 0.247358, 0.262227, 0.262612, 0.288228, 0.29071, 1, 

208,1623,0.0104079, 0.001, 0.0218816, 0.0456565, 0.0663368, 0.14546, 0.153692, 0.211271, 0.22996, 0.248763, 0.182603, 0.226503, 0.233886, 0.288066, 0.459913, 0.494666, 0.552769, 0.560013, 0.560173, 0.589613, 1, 

198,1751,0.0104079, 0.001, 0.0219461, 0.0261442, 0.0262016, 0.100799, 0.164494, 0.223503, 0.360442, 0.365705, 0.45636, 0.479251, 1, 

204,1647,0.0104079, 0.001, 0.0219461, 0.0261442, 0.0262016, 0.0663368, 0.100799, 0.164494, 0.306818, 0.299091, 0.262227, 0.479251, 0.361273, 0.387741, 0.387959, 0.439057, 0.979393, 1, 

216,1464,0.0104079, 0.001, 0.0219461, 0.0261442, 0.0262016, 0.0663368, 0.100799, 0.164494, 0.247358, 0.299091, 0.641819, 0.318171, 0.29071, 0.387741, 0.387959, 0.439057, 0.979393, 1, 

200,1733,0.0104079, 0.001, 0.0219461, 0.0261442, 0.0547134, 0.0663368, 0.164494, 0.247358, 0.299091, 0.262227, 0.318171, 0.852734, 1, 

Generation #24
196,1999,0.001, 0.0141455, 0.0218816, 0.0262016, 0.0663368, 0.100799, 0.164494, 0.217953, 0.360442, 0.365705, 0.45636, 0.479251, 0.391329, 0.456397, 0.46757, 0.469434, 0.479609, 0.503741, 0.455145, 1, 

197,1833,0.001, 0.0141455, 0.0218816, 0.0262016, 0.0663368, 0.100799, 0.164494, 0.211271, 0.22996, 0.365705, 0.45636, 0.479251, 0.361273, 1, 

208,1623,0.0104079, 0.001, 0.0218816, 0.0456565, 0.0663368, 0.14546, 0.153692, 0.211271, 0.22996, 0.248763, 0.182603, 0.226503, 0.233886, 0.288066, 0.459913, 0.494666, 0.552769, 0.560013, 0.560173, 0.589613, 1, 

198,1751,0.0104079, 0.001, 0.0219461, 0.0261442, 0.0262016, 0.100799, 0.164494, 0.223503, 0.360442, 0.365705, 0.45636, 0.479251, 1, 

204,1647,0.0104079, 0.001, 0.0219461, 0.0261442, 0.0262016, 0.0663368, 0.100799, 0.164494, 0.306818, 0.299091, 0.262227, 0.479251, 0.361273, 0.387741, 0.387959, 0.439057, 0.979393, 1, 

216,1464,0.0104079, 0.001, 0.0219461, 0.0261442, 0.0262016, 0.0663368, 0.100799, 0.164494, 0.247358, 0.299091, 0.641819, 0.318171, 0.29071, 0.387741, 0.387959, 0.439057, 0.979393, 1, 

199,1694,0.001, 0.0141455, 0.0218816, 0.0456565, 0.126535, 0.14546, 0.15305, 0.211271, 0.234665, 0.262227, 0.262612, 0.29071, 0.361273, 1, 

188,2168,0.001, 0.0141455, 0.0218816, 0.0456565, 0.0663368, 0.14546, 0.15305, 0.161136, 0.234665, 0.262227, 0.45636, 0.479251, 1, 

Generation #25
197,1833,0.001, 0.0141455, 0.0218816, 0.0262016, 0.0663368, 0.100799, 0.164494, 0.211271, 0.22996, 0.365705, 0.45636, 0.479251, 0.361273, 1, 

208,1623,0.0104079, 0.001, 0.0218816, 0.0456565, 0.0663368, 0.14546, 0.153692, 0.211271, 0.22996, 0.248763, 0.182603, 0.226503, 0.233886, 0.288066, 0.459913, 0.494666, 0.552769, 0.560013, 0.560173, 0.589613, 1, 

204,1647,0.0104079, 0.001, 0.0219461, 0.0261442, 0.0262016, 0.0663368, 0.100799, 0.164494, 0.306818, 0.299091, 0.262227, 0.479251, 0.361273, 0.387741, 0.387959, 0.439057, 0.979393, 1, 

216,1464,0.0104079, 0.001, 0.0219461, 0.0261442, 0.0262016, 0.0663368, 0.100799, 0.164494, 0.247358, 0.299091, 0.641819, 0.318171, 0.29071, 0.387741, 0.387959, 0.439057, 0.979393, 1, 

188,2168,0.001, 0.0141455, 0.0218816, 0.0456565, 0.0663368, 0.14546, 0.15305, 0.161136, 0.234665, 0.262227, 0.45636, 0.479251, 1, 

195,1925,0.001, 0.0141455, 0.0218816, 0.0262016, 0.0663368, 0.100799, 0.164494, 0.223503, 0.360442, 0.365705, 0.45636, 0.479251, 1, 

198,1676,0.001, 0.0141455, 0.0218816, 0.0456565, 0.0663368, 0.100799, 0.164494, 0.247358, 0.299091, 0.262227, 0.45636, 0.498627, 1, 

Generation #26
197,1833,0.001, 0.0141455, 0.0218816, 0.0262016, 0.0663368, 0.100799, 0.164494, 0.211271, 0.22996, 0.365705, 0.45636, 0.479251, 0.361273, 1, 

204,1647,0.0104079, 0.001, 0.0219461, 0.0261442, 0.0262016, 0.0663368, 0.100799, 0.164494, 0.306818, 0.299091, 0.262227, 0.479251, 0.361273, 0.387741, 0.387959, 0.439057, 0.979393, 1, 

216,1464,0.0104079, 0.001, 0.0219461, 0.0261442, 0.0262016, 0.0663368, 0.100799, 0.164494, 0.247358, 0.299091, 0.641819, 0.318171, 0.29071, 0.387741, 0.387959, 0.439057, 0.979393, 1, 

188,2168,0.001, 0.0141455, 0.0218816, 0.0456565, 0.0663368, 0.14546, 0.15305, 0.161136, 0.234665, 0.262227, 0.45636, 0.479251, 1, 

195,1925,0.001, 0.0141455, 0.0218816, 0.0262016, 0.0663368, 0.100799, 0.164494, 0.223503, 0.360442, 0.365705, 0.45636, 0.479251, 1, 

198,1676,0.001, 0.0141455, 0.0218816, 0.0456565, 0.0663368, 0.100799, 0.164494, 0.247358, 0.299091, 0.262227, 0.45636, 0.498627, 1, 

208,1586,0.0104079, 0.001, 0.0219461, 0.0261442, 0.0262016, 0.0663368, 0.100799, 0.164494, 0.247358, 0.262227, 0.45636, 0.479251, 0.361273, 1, 

Generation #27
204,1647,0.0104079, 0.001, 0.0219461, 0.0261442, 0.0262016, 0.0663368, 0.100799, 0.164494, 0.306818, 0.299091, 0.262227, 0.479251, 0.361273, 0.387741, 0.387959, 0.439057, 0.979393, 1, 

216,1464,0.0104079, 0.001, 0.0219461, 0.0261442, 0.0262016, 0.0663368, 0.100799, 0.164494, 0.247358, 0.299091, 0.641819, 0.318171, 0.29071, 0.387741, 0.387959, 0.439057, 0.979393, 1, 

198,1676,0.001, 0.0141455, 0.0218816, 0.0456565, 0.0663368, 0.100799, 0.164494, 0.247358, 0.299091, 0.262227, 0.45636, 0.498627, 1, 

208,1586,0.0104079, 0.001, 0.0219461, 0.0261442, 0.0262016, 0.0663368, 0.100799, 0.164494, 0.247358, 0.262227, 0.45636, 0.479251, 0.361273, 1, 

188,1724,0.0104079, 0.001, 0.0219461, 0.0261442, 0.0262016, 0.0663368, 0.100799, 0.164494, 0.306818, 0.262227, 0.479251, 0.361273, 1, 

Generation #28
204,1647,0.0104079, 0.001, 0.0219461, 0.0261442, 0.0262016, 0.0663368, 0.100799, 0.164494, 0.306818, 0.299091, 0.262227, 0.479251, 0.361273, 0.387741, 0.387959, 0.439057, 0.979393, 1, 

216,1464,0.0104079, 0.001, 0.0219461, 0.0261442, 0.0262016, 0.0663368, 0.100799, 0.164494, 0.247358, 0.299091, 0.641819, 0.318171, 0.29071, 0.387741, 0.387959, 0.439057, 0.979393, 1, 

198,1676,0.001, 0.0141455, 0.0218816, 0.0456565, 0.0663368, 0.100799, 0.164494, 0.247358, 0.299091, 0.262227, 0.45636, 0.498627, 1, 

208,1586,0.0104079, 0.001, 0.0219461, 0.0261442, 0.0262016, 0.0663368, 0.100799, 0.164494, 0.247358, 0.262227, 0.45636, 0.479251, 0.361273, 1, 

188,1724,0.0104079, 0.001, 0.0219461, 0.0261442, 0.0262016, 0.0663368, 0.100799, 0.164494, 0.306818, 0.262227, 0.479251, 0.361273, 1, 

214,1478,0.0104079, 0.001, 0.0219461, 0.0261442, 0.0262016, 0.0663368, 0.100799, 0.164494, 0.247358, 0.299091, 0.262612, 0.852734, 1, 

Generation #29
204,1647,0.0104079, 0.001, 0.0219461, 0.0261442, 0.0262016, 0.0663368, 0.100799, 0.164494, 0.306818, 0.299091, 0.262227, 0.479251, 0.361273, 0.387741, 0.387959, 0.439057, 0.979393, 1, 

216,1464,0.0104079, 0.001, 0.0219461, 0.0261442, 0.0262016, 0.0663368, 0.100799, 0.164494, 0.247358, 0.299091, 0.641819, 0.318171, 0.29071, 0.387741, 0.387959, 0.439057, 0.979393, 1, 

198,1676,0.001, 0.0141455, 0.0218816, 0.0456565, 0.0663368, 0.100799, 0.164494, 0.247358, 0.299091, 0.262227, 0.45636, 0.498627, 1, 

208,1586,0.0104079, 0.001, 0.0219461, 0.0261442, 0.0262016, 0.0663368, 0.100799, 0.164494, 0.247358, 0.262227, 0.45636, 0.479251, 0.361273, 1, 

188,1724,0.0104079, 0.001, 0.0219461, 0.0261442, 0.0262016, 0.0663368, 0.100799, 0.164494, 0.306818, 0.262227, 0.479251, 0.361273, 1, 

214,1478,0.0104079, 0.001, 0.0219461, 0.0261442, 0.0262016, 0.0663368, 0.100799, 0.164494, 0.247358, 0.299091, 0.262612, 0.852734, 1, 

Generation #30
204,1647,0.0104079, 0.001, 0.0219461, 0.0261442, 0.0262016, 0.0663368, 0.100799, 0.164494, 0.306818, 0.299091, 0.262227, 0.479251, 0.361273, 0.387741, 0.387959, 0.439057, 0.979393, 1, 

216,1464,0.0104079, 0.001, 0.0219461, 0.0261442, 0.0262016, 0.0663368, 0.100799, 0.164494, 0.247358, 0.299091, 0.641819, 0.318171, 0.29071, 0.387741, 0.387959, 0.439057, 0.979393, 1, 

198,1676,0.001, 0.0141455, 0.0218816, 0.0456565, 0.0663368, 0.100799, 0.164494, 0.247358, 0.299091, 0.262227, 0.45636, 0.498627, 1, 

208,1586,0.0104079, 0.001, 0.0219461, 0.0261442, 0.0262016, 0.0663368, 0.100799, 0.164494, 0.247358, 0.262227, 0.45636, 0.479251, 0.361273, 1, 

188,1724,0.0104079, 0.001, 0.0219461, 0.0261442, 0.0262016, 0.0663368, 0.100799, 0.164494, 0.306818, 0.262227, 0.479251, 0.361273, 1, 

214,1478,0.0104079, 0.001, 0.0219461, 0.0261442, 0.0262016, 0.0663368, 0.100799, 0.164494, 0.247358, 0.299091, 0.262612, 0.852734, 1, 

Generation #31
204,1647,0.0104079, 0.001, 0.0219461, 0.0261442, 0.0262016, 0.0663368, 0.100799, 0.164494, 0.306818, 0.299091, 0.262227, 0.479251, 0.361273, 0.387741, 0.387959, 0.439057, 0.979393, 1, 

198,1676,0.001, 0.0141455, 0.0218816, 0.0456565, 0.0663368, 0.100799, 0.164494, 0.247358, 0.299091, 0.262227, 0.45636, 0.498627, 1, 

208,1586,0.0104079, 0.001, 0.0219461, 0.0261442, 0.0262016, 0.0663368, 0.100799, 0.164494, 0.247358, 0.262227, 0.45636, 0.479251, 0.361273, 1, 

188,1724,0.0104079, 0.001, 0.0219461, 0.0261442, 0.0262016, 0.0663368, 0.100799, 0.164494, 0.306818, 0.262227, 0.479251, 0.361273, 1, 

214,1427,0.001, 0.0141455, 0.0218816, 0.0456565, 0.126535, 0.14546, 0.153692, 0.211271, 0.247358, 0.262227, 0.45636, 0.479251, 1, 

Generation #32
204,1647,0.0104079, 0.001, 0.0219461, 0.0261442, 0.0262016, 0.0663368, 0.100799, 0.164494, 0.306818, 0.299091, 0.262227, 0.479251, 0.361273, 0.387741, 0.387959, 0.439057, 0.979393, 1, 

198,1676,0.001, 0.0141455, 0.0218816, 0.0456565, 0.0663368, 0.100799, 0.164494, 0.247358, 0.299091, 0.262227, 0.45636, 0.498627, 1, 

208,1586,0.0104079, 0.001, 0.0219461, 0.0261442, 0.0262016, 0.0663368, 0.100799, 0.164494, 0.247358, 0.262227, 0.45636, 0.479251, 0.361273, 1, 

188,1724,0.0104079, 0.001, 0.0219461, 0.0261442, 0.0262016, 0.0663368, 0.100799, 0.164494, 0.306818, 0.262227, 0.479251, 0.361273, 1, 

214,1427,0.001, 0.0141455, 0.0218816, 0.0456565, 0.126535, 0.14546, 0.153692, 0.211271, 0.247358, 0.262227, 0.45636, 0.479251, 1, 

Generation #33
204,1647,0.0104079, 0.001, 0.0219461, 0.0261442, 0.0262016, 0.0663368, 0.100799, 0.164494, 0.306818, 0.299091, 0.262227, 0.479251, 0.361273, 0.387741, 0.387959, 0.439057, 0.979393, 1, 

198,1676,0.001, 0.0141455, 0.0218816, 0.0456565, 0.0663368, 0.100799, 0.164494, 0.247358, 0.299091, 0.262227, 0.45636, 0.498627, 1, 

208,1586,0.0104079, 0.001, 0.0219461, 0.0261442, 0.0262016, 0.0663368, 0.100799, 0.164494, 0.247358, 0.262227, 0.45636, 0.479251, 0.361273, 1, 

188,1724,0.0104079, 0.001, 0.0219461, 0.0261442, 0.0262016, 0.0663368, 0.100799, 0.164494, 0.306818, 0.262227, 0.479251, 0.361273, 1, 

214,1427,0.001, 0.0141455, 0.0218816, 0.0456565, 0.126535, 0.14546, 0.153692, 0.211271, 0.247358, 0.262227, 0.45636, 0.479251, 1, 

210,1451,0.0104079, 0.001, 0.0219461, 0.0261442, 0.0262016, 0.0663368, 0.100799, 0.164494, 0.306818, 0.299091, 0.262227, 0.479251, 0.361273, 0.387741, 0.387959, 0.979393, 0.979393, 1, 

Generation #34
204,1647,0.0104079, 0.001, 0.0219461, 0.0261442, 0.0262016, 0.0663368, 0.100799, 0.164494, 0.306818, 0.299091, 0.262227, 0.479251, 0.361273, 0.387741, 0.387959, 0.439057, 0.979393, 1, 

198,1676,0.001, 0.0141455, 0.0218816, 0.0456565, 0.0663368, 0.100799, 0.164494, 0.247358, 0.299091, 0.262227, 0.45636, 0.498627, 1, 

188,1724,0.0104079, 0.001, 0.0219461, 0.0261442, 0.0262016, 0.0663368, 0.100799, 0.164494, 0.306818, 0.262227, 0.479251, 0.361273, 1, 

214,1427,0.001, 0.0141455, 0.0218816, 0.0456565, 0.126535, 0.14546, 0.153692, 0.211271, 0.247358, 0.262227, 0.45636, 0.479251, 1, 

210,1451,0.0104079, 0.001, 0.0219461, 0.0261442, 0.0262016, 0.0663368, 0.100799, 0.164494, 0.306818, 0.299091, 0.262227, 0.479251, 0.361273, 0.387741, 0.387959, 0.979393, 0.979393, 1, 

207,1473,0.0104079, 0.001, 0.0219461, 0.0261442, 0.0262016, 0.0663368, 0.100799, 0.164494, 0.247358, 0.262227, 0.45636, 0.479251, 0.233886, 0.288066, 0.459913, 0.494666, 0.552769, 0.560013, 0.560173, 0.589613, 1, 

Generation #35
198,1676,0.001, 0.0141455, 0.0218816, 0.0456565, 0.0663368, 0.100799, 0.164494, 0.247358, 0.299091, 0.262227, 0.45636, 0.498627, 1, 

188,1724,0.0104079, 0.001, 0.0219461, 0.0261442, 0.0262016, 0.0663368, 0.100799, 0.164494, 0.306818, 0.262227, 0.479251, 0.361273, 1, 

214,1427,0.001, 0.0141455, 0.0218816, 0.0456565, 0.126535, 0.14546, 0.153692, 0.211271, 0.247358, 0.262227, 0.45636, 0.479251, 1, 

210,1451,0.0104079, 0.001, 0.0219461, 0.0261442, 0.0262016, 0.0663368, 0.100799, 0.164494, 0.306818, 0.299091, 0.262227, 0.479251, 0.361273, 0.387741, 0.387959, 0.979393, 0.979393, 1, 

207,1473,0.0104079, 0.001, 0.0219461, 0.0261442, 0.0262016, 0.0663368, 0.100799, 0.164494, 0.247358, 0.262227, 0.45636, 0.479251, 0.233886, 0.288066, 0.459913, 0.494666, 0.552769, 0.560013, 0.560173, 0.589613, 1, 

203,1611,0.0104079, 0.001, 0.0219461, 0.0261442, 0.0262016, 0.0663368, 0.100799, 0.164494, 0.247358, 0.271402, 0.45636, 0.852734, 1, 

Generation #36
198,1676,0.001, 0.0141455, 0.0218816, 0.0456565, 0.0663368, 0.100799, 0.164494, 0.247358, 0.299091, 0.262227, 0.45636, 0.498627, 1, 

188,1724,0.0104079, 0.001, 0.0219461, 0.0261442, 0.0262016, 0.0663368, 0.100799, 0.164494, 0.306818, 0.262227, 0.479251, 0.361273, 1, 

214,1427,0.001, 0.0141455, 0.0218816, 0.0456565, 0.126535, 0.14546, 0.153692, 0.211271, 0.247358, 0.262227, 0.45636, 0.479251, 1, 

210,1451,0.0104079, 0.001, 0.0219461, 0.0261442, 0.0262016, 0.0663368, 0.100799, 0.164494, 0.306818, 0.299091, 0.262227, 0.479251, 0.361273, 0.387741, 0.387959, 0.979393, 0.979393, 1, 

207,1473,0.0104079, 0.001, 0.0219461, 0.0261442, 0.0262016, 0.0663368, 0.100799, 0.164494, 0.247358, 0.262227, 0.45636, 0.479251, 0.233886, 0.288066, 0.459913, 0.494666, 0.552769, 0.560013, 0.560173, 0.589613, 1, 

203,1611,0.0104079, 0.001, 0.0219461, 0.0261442, 0.0262016, 0.0663368, 0.100799, 0.164494, 0.247358, 0.271402, 0.45636, 0.852734, 1, 

206,1564,0.0104079, 0.001, 0.0219461, 0.0261442, 0.0262016, 0.0663368, 0.100799, 0.164494, 0.247358, 0.299091, 0.262227, 0.479251, 0.361273, 1, 

Generation #37
198,1676,0.001, 0.0141455, 0.0218816, 0.0456565, 0.0663368, 0.100799, 0.164494, 0.247358, 0.299091, 0.262227, 0.45636, 0.498627, 1, 

188,1724,0.0104079, 0.001, 0.0219461, 0.0261442, 0.0262016, 0.0663368, 0.100799, 0.164494, 0.306818, 0.262227, 0.479251, 0.361273, 1, 

214,1427,0.001, 0.0141455, 0.0218816, 0.0456565, 0.126535, 0.14546, 0.153692, 0.211271, 0.247358, 0.262227, 0.45636, 0.479251, 1, 

210,1451,0.0104079, 0.001, 0.0219461, 0.0261442, 0.0262016, 0.0663368, 0.100799, 0.164494, 0.306818, 0.299091, 0.262227, 0.479251, 0.361273, 0.387741, 0.387959, 0.979393, 0.979393, 1, 

207,1473,0.0104079, 0.001, 0.0219461, 0.0261442, 0.0262016, 0.0663368, 0.100799, 0.164494, 0.247358, 0.262227, 0.45636, 0.479251, 0.233886, 0.288066, 0.459913, 0.494666, 0.552769, 0.560013, 0.560173, 0.589613, 1, 

200,1521,0.0104079, 0.001, 0.0219461, 0.0261442, 0.0262016, 0.0663368, 0.100799, 0.164494, 0.247358, 0.299091, 0.262612, 0.288228, 0.29071, 0.387741, 0.387959, 0.439057, 0.979393, 1, 

Generation #38
198,1676,0.001, 0.0141455, 0.0218816, 0.0456565, 0.0663368, 0.100799, 0.164494, 0.247358, 0.299091, 0.262227, 0.45636, 0.498627, 1, 

188,1724,0.0104079, 0.001, 0.0219461, 0.0261442, 0.0262016, 0.0663368, 0.100799, 0.164494, 0.306818, 0.262227, 0.479251, 0.361273, 1, 

210,1451,0.0104079, 0.001, 0.0219461, 0.0261442, 0.0262016, 0.0663368, 0.100799, 0.164494, 0.306818, 0.299091, 0.262227, 0.479251, 0.361273, 0.387741, 0.387959, 0.979393, 0.979393, 1, 

207,1473,0.0104079, 0.001, 0.0219461, 0.0261442, 0.0262016, 0.0663368, 0.100799, 0.164494, 0.247358, 0.262227, 0.45636, 0.479251, 0.233886, 0.288066, 0.459913, 0.494666, 0.552769, 0.560013, 0.560173, 0.589613, 1, 

200,1521,0.0104079, 0.001, 0.0219461, 0.0261442, 0.0262016, 0.0663368, 0.100799, 0.164494, 0.247358, 0.299091, 0.262612, 0.288228, 0.29071, 0.387741, 0.387959, 0.439057, 0.979393, 1, 

214,1366,0.0104079, 0.001, 0.0219461, 0.0261442, 0.0262016, 0.0663368, 0.100799, 0.164494, 0.247358, 0.262227, 0.262612, 0.288228, 0.29071, 0.788523, 0.436146, 0.459913, 0.494666, 0.552769, 0.560013, 0.560173, 0.589613, 1, 

Generation #39
198,1676,0.001, 0.0141455, 0.0218816, 0.0456565, 0.0663368, 0.100799, 0.164494, 0.247358, 0.299091, 0.262227, 0.45636, 0.498627, 1, 

188,1724,0.0104079, 0.001, 0.0219461, 0.0261442, 0.0262016, 0.0663368, 0.100799, 0.164494, 0.306818, 0.262227, 0.479251, 0.361273, 1, 

210,1451,0.0104079, 0.001, 0.0219461, 0.0261442, 0.0262016, 0.0663368, 0.100799, 0.164494, 0.306818, 0.299091, 0.262227, 0.479251, 0.361273, 0.387741, 0.387959, 0.979393, 0.979393, 1, 

207,1473,0.0104079, 0.001, 0.0219461, 0.0261442, 0.0262016, 0.0663368, 0.100799, 0.164494, 0.247358, 0.262227, 0.45636, 0.479251, 0.233886, 0.288066, 0.459913, 0.494666, 0.552769, 0.560013, 0.560173, 0.589613, 1, 

200,1521,0.0104079, 0.001, 0.0219461, 0.0261442, 0.0262016, 0.0663368, 0.100799, 0.164494, 0.247358, 0.299091, 0.262612, 0.288228, 0.29071, 0.387741, 0.387959, 0.439057, 0.979393, 1, 

214,1366,0.0104079, 0.001, 0.0219461, 0.0261442, 0.0262016, 0.0663368, 0.100799, 0.164494, 0.247358, 0.262227, 0.262612, 0.288228, 0.29071, 0.788523, 0.436146, 0.459913, 0.494666, 0.552769, 0.560013, 0.560173, 0.589613, 1, 

Generation #40
198,1676,0.001, 0.0141455, 0.0218816, 0.0456565, 0.0663368, 0.100799, 0.164494, 0.247358, 0.299091, 0.262227, 0.45636, 0.498627, 1, 

188,1724,0.0104079, 0.001, 0.0219461, 0.0261442, 0.0262016, 0.0663368, 0.100799, 0.164494, 0.306818, 0.262227, 0.479251, 0.361273, 1, 

210,1451,0.0104079, 0.001, 0.0219461, 0.0261442, 0.0262016, 0.0663368, 0.100799, 0.164494, 0.306818, 0.299091, 0.262227, 0.479251, 0.361273, 0.387741, 0.387959, 0.979393, 0.979393, 1, 

207,1473,0.0104079, 0.001, 0.0219461, 0.0261442, 0.0262016, 0.0663368, 0.100799, 0.164494, 0.247358, 0.262227, 0.45636, 0.479251, 0.233886, 0.288066, 0.459913, 0.494666, 0.552769, 0.560013, 0.560173, 0.589613, 1, 

200,1521,0.0104079, 0.001, 0.0219461, 0.0261442, 0.0262016, 0.0663368, 0.100799, 0.164494, 0.247358, 0.299091, 0.262612, 0.288228, 0.29071, 0.387741, 0.387959, 0.439057, 0.979393, 1, 

214,1366,0.0104079, 0.001, 0.0219461, 0.0261442, 0.0262016, 0.0663368, 0.100799, 0.164494, 0.247358, 0.262227, 0.262612, 0.288228, 0.29071, 0.788523, 0.436146, 0.459913, 0.494666, 0.552769, 0.560013, 0.560173, 0.589613, 1, 

194,1718,0.0104079, 0.0141455, 0.0218816, 0.0261442, 0.0262016, 0.0663368, 0.100799, 0.211271, 0.234665, 0.262227, 0.262612, 0.288228, 1, 

Generation #41
198,1676,0.001, 0.0141455, 0.0218816, 0.0456565, 0.0663368, 0.100799, 0.164494, 0.247358, 0.299091, 0.262227, 0.45636, 0.498627, 1, 

188,1724,0.0104079, 0.001, 0.0219461, 0.0261442, 0.0262016, 0.0663368, 0.100799, 0.164494, 0.306818, 0.262227, 0.479251, 0.361273, 1, 

210,1451,0.0104079, 0.001, 0.0219461, 0.0261442, 0.0262016, 0.0663368, 0.100799, 0.164494, 0.306818, 0.299091, 0.262227, 0.479251, 0.361273, 0.387741, 0.387959, 0.979393, 0.979393, 1, 

207,1473,0.0104079, 0.001, 0.0219461, 0.0261442, 0.0262016, 0.0663368, 0.100799, 0.164494, 0.247358, 0.262227, 0.45636, 0.479251, 0.233886, 0.288066, 0.459913, 0.494666, 0.552769, 0.560013, 0.560173, 0.589613, 1, 

200,1521,0.0104079, 0.001, 0.0219461, 0.0261442, 0.0262016, 0.0663368, 0.100799, 0.164494, 0.247358, 0.299091, 0.262612, 0.288228, 0.29071, 0.387741, 0.387959, 0.439057, 0.979393, 1, 

214,1366,0.0104079, 0.001, 0.0219461, 0.0261442, 0.0262016, 0.0663368, 0.100799, 0.164494, 0.247358, 0.262227, 0.262612, 0.288228, 0.29071, 0.788523, 0.436146, 0.459913, 0.494666, 0.552769, 0.560013, 0.560173, 0.589613, 1, 

190,1709,0.0104079, 0.001, 0.0218816, 0.0456565, 0.0663368, 0.0663368, 0.100799, 0.164494, 0.306818, 0.262227, 0.45636, 0.479251, 1, 

Generation #42
198,1676,0.001, 0.0141455, 0.0218816, 0.0456565, 0.0663368, 0.100799, 0.164494, 0.247358, 0.299091, 0.262227, 0.45636, 0.498627, 1, 

188,1724,0.0104079, 0.001, 0.0219461, 0.0261442, 0.0262016, 0.0663368, 0.100799, 0.164494, 0.306818, 0.262227, 0.479251, 0.361273, 1, 

210,1451,0.0104079, 0.001, 0.0219461, 0.0261442, 0.0262016, 0.0663368, 0.100799, 0.164494, 0.306818, 0.299091, 0.262227, 0.479251, 0.361273, 0.387741, 0.387959, 0.979393, 0.979393, 1, 

207,1473,0.0104079, 0.001, 0.0219461, 0.0261442, 0.0262016, 0.0663368, 0.100799, 0.164494, 0.247358, 0.262227, 0.45636, 0.479251, 0.233886, 0.288066, 0.459913, 0.494666, 0.552769, 0.560013, 0.560173, 0.589613, 1, 

200,1521,0.0104079, 0.001, 0.0219461, 0.0261442, 0.0262016, 0.0663368, 0.100799, 0.164494, 0.247358, 0.299091, 0.262612, 0.288228, 0.29071, 0.387741, 0.387959, 0.439057, 0.979393, 1, 

214,1366,0.0104079, 0.001, 0.0219461, 0.0261442, 0.0262016, 0.0663368, 0.100799, 0.164494, 0.247358, 0.262227, 0.262612, 0.288228, 0.29071, 0.788523, 0.436146, 0.459913, 0.494666, 0.552769, 0.560013, 0.560173, 0.589613, 1, 

190,1709,0.0104079, 0.001, 0.0218816, 0.0456565, 0.0663368, 0.0663368, 0.100799, 0.164494, 0.306818, 0.262227, 0.45636, 0.479251, 1, 

Generation #43
198,1676,0.001, 0.0141455, 0.0218816, 0.0456565, 0.0663368, 0.100799, 0.164494, 0.247358, 0.299091, 0.262227, 0.45636, 0.498627, 1, 

188,1724,0.0104079, 0.001, 0.0219461, 0.0261442, 0.0262016, 0.0663368, 0.100799, 0.164494, 0.306818, 0.262227, 0.479251, 0.361273, 1, 

210,1451,0.0104079, 0.001, 0.0219461, 0.0261442, 0.0262016, 0.0663368, 0.100799, 0.164494, 0.306818, 0.299091, 0.262227, 0.479251, 0.361273, 0.387741, 0.387959, 0.979393, 0.979393, 1, 

207,1473,0.0104079, 0.001, 0.0219461, 0.0261442, 0.0262016, 0.0663368, 0.100799, 0.164494, 0.247358, 0.262227, 0.45636, 0.479251, 0.233886, 0.288066, 0.459913, 0.494666, 0.552769, 0.560013, 0.560173, 0.589613, 1, 

200,1521,0.0104079, 0.001, 0.0219461, 0.0261442, 0.0262016, 0.0663368, 0.100799, 0.164494, 0.247358, 0.299091, 0.262612, 0.288228, 0.29071, 0.387741, 0.387959, 0.439057, 0.979393, 1, 

214,1366,0.0104079, 0.001, 0.0219461, 0.0261442, 0.0262016, 0.0663368, 0.100799, 0.164494, 0.247358, 0.262227, 0.262612, 0.288228, 0.29071, 0.788523, 0.436146, 0.459913, 0.494666, 0.552769, 0.560013, 0.560173, 0.589613, 1, 

190,1709,0.0104079, 0.001, 0.0218816, 0.0456565, 0.0663368, 0.0663368, 0.100799, 0.164494, 0.306818, 0.262227, 0.45636, 0.479251, 1, 

Generation #44
198,1676,0.001, 0.0141455, 0.0218816, 0.0456565, 0.0663368, 0.100799, 0.164494, 0.247358, 0.299091, 0.262227, 0.45636, 0.498627, 1, 

188,1724,0.0104079, 0.001, 0.0219461, 0.0261442, 0.0262016, 0.0663368, 0.100799, 0.164494, 0.306818, 0.262227, 0.479251, 0.361273, 1, 

210,1451,0.0104079, 0.001, 0.0219461, 0.0261442, 0.0262016, 0.0663368, 0.100799, 0.164494, 0.306818, 0.299091, 0.262227, 0.479251, 0.361273, 0.387741, 0.387959, 0.979393, 0.979393, 1, 

207,1473,0.0104079, 0.001, 0.0219461, 0.0261442, 0.0262016, 0.0663368, 0.100799, 0.164494, 0.247358, 0.262227, 0.45636, 0.479251, 0.233886, 0.288066, 0.459913, 0.494666, 0.552769, 0.560013, 0.560173, 0.589613, 1, 

200,1521,0.0104079, 0.001, 0.0219461, 0.0261442, 0.0262016, 0.0663368, 0.100799, 0.164494, 0.247358, 0.299091, 0.262612, 0.288228, 0.29071, 0.387741, 0.387959, 0.439057, 0.979393, 1, 

214,1366,0.0104079, 0.001, 0.0219461, 0.0261442, 0.0262016, 0.0663368, 0.100799, 0.164494, 0.247358, 0.262227, 0.262612, 0.288228, 0.29071, 0.788523, 0.436146, 0.459913, 0.494666, 0.552769, 0.560013, 0.560173, 0.589613, 1, 

190,1709,0.0104079, 0.001, 0.0218816, 0.0456565, 0.0663368, 0.0663368, 0.100799, 0.164494, 0.306818, 0.262227, 0.45636, 0.479251, 1, 

Generation #45
198,1676,0.001, 0.0141455, 0.0218816, 0.0456565, 0.0663368, 0.100799, 0.164494, 0.247358, 0.299091, 0.262227, 0.45636, 0.498627, 1, 

188,1724,0.0104079, 0.001, 0.0219461, 0.0261442, 0.0262016, 0.0663368, 0.100799, 0.164494, 0.306818, 0.262227, 0.479251, 0.361273, 1, 

210,1451,0.0104079, 0.001, 0.0219461, 0.0261442, 0.0262016, 0.0663368, 0.100799, 0.164494, 0.306818, 0.299091, 0.262227, 0.479251, 0.361273, 0.387741, 0.387959, 0.979393, 0.979393, 1, 

207,1473,0.0104079, 0.001, 0.0219461, 0.0261442, 0.0262016, 0.0663368, 0.100799, 0.164494, 0.247358, 0.262227, 0.45636, 0.479251, 0.233886, 0.288066, 0.459913, 0.494666, 0.552769, 0.560013, 0.560173, 0.589613, 1, 

200,1521,0.0104079, 0.001, 0.0219461, 0.0261442, 0.0262016, 0.0663368, 0.100799, 0.164494, 0.247358, 0.299091, 0.262612, 0.288228, 0.29071, 0.387741, 0.387959, 0.439057, 0.979393, 1, 

214,1366,0.0104079, 0.001, 0.0219461, 0.0261442, 0.0262016, 0.0663368, 0.100799, 0.164494, 0.247358, 0.262227, 0.262612, 0.288228, 0.29071, 0.788523, 0.436146, 0.459913, 0.494666, 0.552769, 0.560013, 0.560173, 0.589613, 1, 

190,1709,0.0104079, 0.001, 0.0218816, 0.0456565, 0.0663368, 0.0663368, 0.100799, 0.164494, 0.306818, 0.262227, 0.45636, 0.479251, 1, 

Generation #46
198,1676,0.001, 0.0141455, 0.0218816, 0.0456565, 0.0663368, 0.100799, 0.164494, 0.247358, 0.299091, 0.262227, 0.45636, 0.498627, 1, 

188,1724,0.0104079, 0.001, 0.0219461, 0.0261442, 0.0262016, 0.0663368, 0.100799, 0.164494, 0.306818, 0.262227, 0.479251, 0.361273, 1, 

210,1451,0.0104079, 0.001, 0.0219461, 0.0261442, 0.0262016, 0.0663368, 0.100799, 0.164494, 0.306818, 0.299091, 0.262227, 0.479251, 0.361273, 0.387741, 0.387959, 0.979393, 0.979393, 1, 

207,1473,0.0104079, 0.001, 0.0219461, 0.0261442, 0.0262016, 0.0663368, 0.100799, 0.164494, 0.247358, 0.262227, 0.45636, 0.479251, 0.233886, 0.288066, 0.459913, 0.494666, 0.552769, 0.560013, 0.560173, 0.589613, 1, 

200,1521,0.0104079, 0.001, 0.0219461, 0.0261442, 0.0262016, 0.0663368, 0.100799, 0.164494, 0.247358, 0.299091, 0.262612, 0.288228, 0.29071, 0.387741, 0.387959, 0.439057, 0.979393, 1, 

214,1366,0.0104079, 0.001, 0.0219461, 0.0261442, 0.0262016, 0.0663368, 0.100799, 0.164494, 0.247358, 0.262227, 0.262612, 0.288228, 0.29071, 0.788523, 0.436146, 0.459913, 0.494666, 0.552769, 0.560013, 0.560173, 0.589613, 1, 

190,1709,0.0104079, 0.001, 0.0218816, 0.0456565, 0.0663368, 0.0663368, 0.100799, 0.164494, 0.306818, 0.262227, 0.45636, 0.479251, 1, 

Generation #47
198,1676,0.001, 0.0141455, 0.0218816, 0.0456565, 0.0663368, 0.100799, 0.164494, 0.247358, 0.299091, 0.262227, 0.45636, 0.498627, 1, 

188,1724,0.0104079, 0.001, 0.0219461, 0.0261442, 0.0262016, 0.0663368, 0.100799, 0.164494, 0.306818, 0.262227, 0.479251, 0.361273, 1, 

210,1451,0.0104079, 0.001, 0.0219461, 0.0261442, 0.0262016, 0.0663368, 0.100799, 0.164494, 0.306818, 0.299091, 0.262227, 0.479251, 0.361273, 0.387741, 0.387959, 0.979393, 0.979393, 1, 

207,1473,0.0104079, 0.001, 0.0219461, 0.0261442, 0.0262016, 0.0663368, 0.100799, 0.164494, 0.247358, 0.262227, 0.45636, 0.479251, 0.233886, 0.288066, 0.459913, 0.494666, 0.552769, 0.560013, 0.560173, 0.589613, 1, 

200,1521,0.0104079, 0.001, 0.0219461, 0.0261442, 0.0262016, 0.0663368, 0.100799, 0.164494, 0.247358, 0.299091, 0.262612, 0.288228, 0.29071, 0.387741, 0.387959, 0.439057, 0.979393, 1, 

214,1366,0.0104079, 0.001, 0.0219461, 0.0261442, 0.0262016, 0.0663368, 0.100799, 0.164494, 0.247358, 0.262227, 0.262612, 0.288228, 0.29071, 0.788523, 0.436146, 0.459913, 0.494666, 0.552769, 0.560013, 0.560173, 0.589613, 1, 

190,1709,0.0104079, 0.001, 0.0218816, 0.0456565, 0.0663368, 0.0663368, 0.100799, 0.164494, 0.306818, 0.262227, 0.45636, 0.479251, 1, 

Generation #48
188,1724,0.0104079, 0.001, 0.0219461, 0.0261442, 0.0262016, 0.0663368, 0.100799, 0.164494, 0.306818, 0.262227, 0.479251, 0.361273, 1, 

214,1366,0.0104079, 0.001, 0.0219461, 0.0261442, 0.0262016, 0.0663368, 0.100799, 0.164494, 0.247358, 0.262227, 0.262612, 0.288228, 0.29071, 0.788523, 0.436146, 0.459913, 0.494666, 0.552769, 0.560013, 0.560173, 0.589613, 1, 

190,1709,0.0104079, 0.001, 0.0218816, 0.0456565, 0.0663368, 0.0663368, 0.100799, 0.164494, 0.306818, 0.262227, 0.45636, 0.479251, 1, 

191,1426,0.0104079, 0.0141455, 0.0218816, 0.0261442, 0.0262016, 0.0663368, 0.100799, 0.211271, 0.234665, 0.262227, 0.177432, 0.262612, 0.852734, 1, 

Generation #49
188,1724,0.0104079, 0.001, 0.0219461, 0.0261442, 0.0262016, 0.0663368, 0.100799, 0.164494, 0.306818, 0.262227, 0.479251, 0.361273, 1, 

214,1366,0.0104079, 0.001, 0.0219461, 0.0261442, 0.0262016, 0.0663368, 0.100799, 0.164494, 0.247358, 0.262227, 0.262612, 0.288228, 0.29071, 0.788523, 0.436146, 0.459913, 0.494666, 0.552769, 0.560013, 0.560173, 0.589613, 1, 

190,1709,0.0104079, 0.001, 0.0218816, 0.0456565, 0.0663368, 0.0663368, 0.100799, 0.164494, 0.306818, 0.262227, 0.45636, 0.479251, 1, 

191,1426,0.0104079, 0.0141455, 0.0218816, 0.0261442, 0.0262016, 0.0663368, 0.100799, 0.211271, 0.234665, 0.262227, 0.177432, 0.262612, 0.852734, 1, 

--- Pareto Front Solutions ---
Solution 0: N total=326 (N_initial=138, N_added=188), Time total=1911 ms, Saved to: ./results/Make_t3_l1_pareto_0.csv, percents=0.0104079, 0.001, 0.0219461, 0.0261442, 0.0262016, 0.0663368, 0.100799, 0.164494, 0.306818, 0.262227, 0.479251, 0.361273, 1, 

Solution 1: N total=352 (N_initial=138, N_added=214), Time total=1553 ms, Saved to: ./results/Make_t3_l1_pareto_1.csv, percents=0.0104079, 0.001, 0.0219461, 0.0261442, 0.0262016, 0.0663368, 0.100799, 0.164494, 0.247358, 0.262227, 0.262612, 0.288228, 0.29071, 0.788523, 0.436146, 0.459913, 0.494666, 0.552769, 0.560013, 0.560173, 0.589613, 1, 

Solution 2: N total=328 (N_initial=138, N_added=190), Time total=1896 ms, Saved to: ./results/Make_t3_l1_pareto_2.csv, percents=0.0104079, 0.001, 0.0218816, 0.0456565, 0.0663368, 0.0663368, 0.100799, 0.164494, 0.306818, 0.262227, 0.45636, 0.479251, 1, 

Solution 3: N total=329 (N_initial=138, N_added=191), Time total=1613 ms, Saved to: ./results/Make_t3_l1_pareto_3.csv, percents=0.0104079, 0.0141455, 0.0218816, 0.0261442, 0.0262016, 0.0663368, 0.100799, 0.211271, 0.234665, 0.262227, 0.177432, 0.262612, 0.852734, 1, 

------------d=1, t=3, lambda=2, filename=./evaluation/Make/Make_3_2.csv------------
Computing partitioned counts of d-sets...
Ready to look at pairs based on partitioned counts...
First Stage N=244, Time=148
There are 270 remaining non-locating pairs
--- Running GA Algorithm (phase2) ---
Running GA with std::execution::par
Generation #0
168,875,0.001, 0.146905, 0.200881, 0.29308, 0.426073, 0.577608, 0.631425, 0.817312, 0.86366, 0.908744, 0.990182, 0.997329, 1, 

188,381,0.001, 0.0483728, 0.062824, 0.071618, 0.0821046, 0.101393, 0.239935, 0.249185, 0.278002, 0.286725, 0.295747, 0.360041, 0.372865, 0.567905, 0.611891, 0.696819, 0.71084, 0.72961, 0.750215, 0.761841, 0.768227, 0.779585, 0.78673, 0.865133, 0.9008, 0.912572, 0.95402, 0.998158, 1, 

215,347,0.001, 0.0671904, 0.0725382, 0.150459, 0.164008, 0.185471, 0.239603, 0.251806, 0.301883, 0.382806, 0.4306, 0.439812, 0.466575, 0.497212, 0.504691, 0.604442, 0.691548, 0.696933, 0.712191, 0.746856, 0.763834, 0.76605, 0.769226, 0.772784, 0.818404, 0.819335, 0.841646, 0.856857, 0.9117, 1, 

181,575,0.001, 0.0571175, 0.19097, 0.236663, 0.307122, 0.464381, 0.46697, 0.475877, 0.500688, 0.572542, 0.647972, 0.765836, 0.827026, 0.864588, 0.895744, 1, 

204,350,0.001, 0.0134242, 0.0188177, 0.0594231, 0.0821862, 0.0911176, 0.0992089, 0.129026, 0.129857, 0.227142, 0.302956, 0.356322, 0.399874, 0.419676, 0.430939, 0.503331, 0.537973, 0.540949, 0.541816, 0.583526, 0.600266, 0.703341, 0.747648, 0.748004, 0.756448, 0.772878, 0.786682, 0.796077, 0.80462, 0.947044, 1, 

Generation #1
168,875,0.001, 0.146905, 0.200881, 0.29308, 0.426073, 0.577608, 0.631425, 0.817312, 0.86366, 0.908744, 0.990182, 0.997329, 1, 

188,381,0.001, 0.0483728, 0.062824, 0.071618, 0.0821046, 0.101393, 0.239935, 0.249185, 0.278002, 0.286725, 0.295747, 0.360041, 0.372865, 0.567905, 0.611891, 0.696819, 0.71084, 0.72961, 0.750215, 0.761841, 0.768227, 0.779585, 0.78673, 0.865133, 0.9008, 0.912572, 0.95402, 0.998158, 1, 

205,282,0.001, 0.0239786, 0.0442225, 0.0456075, 0.0848911, 0.0867066, 0.130894, 0.211559, 0.237037, 0.238334, 0.245836, 0.286556, 0.294451, 0.355399, 0.494329, 0.546167, 0.592597, 0.67091, 0.74234, 0.77678, 0.794101, 0.830175, 0.839558, 0.862064, 0.910856, 0.914573, 0.954384, 0.983196, 1, 

193,326,0.001, 0.0446694, 0.0526087, 0.103946, 0.219798, 0.265123, 0.282393, 0.431362, 0.506335, 0.528001, 0.574011, 0.789479, 0.792433, 1, 

177,383,0.001, 0.0584058, 0.113366, 0.133808, 0.144151, 0.219841, 0.268801, 0.275661, 0.298011, 0.303751, 0.595383, 0.597237, 0.65377, 0.654012, 0.50201, 0.540632, 0.656478, 0.721387, 0.79536, 0.799629, 0.800757, 0.864132, 0.874872, 0.922373, 0.946916, 1, 

174,717,0.001, 0.190863, 0.222874, 0.27577, 0.344684, 0.43616, 0.437535, 0.817312, 0.86366, 0.908744, 0.862468, 0.990182, 0.997329, 1, 

Generation #2
168,875,0.001, 0.146905, 0.200881, 0.29308, 0.426073, 0.577608, 0.631425, 0.817312, 0.86366, 0.908744, 0.990182, 0.997329, 1, 

205,282,0.001, 0.0239786, 0.0442225, 0.0456075, 0.0848911, 0.0867066, 0.130894, 0.211559, 0.237037, 0.238334, 0.245836, 0.286556, 0.294451, 0.355399, 0.494329, 0.546167, 0.592597, 0.67091, 0.74234, 0.77678, 0.794101, 0.830175, 0.839558, 0.862064, 0.910856, 0.914573, 0.954384, 0.983196, 1, 

193,326,0.001, 0.0446694, 0.0526087, 0.103946, 0.219798, 0.265123, 0.282393, 0.431362, 0.506335, 0.528001, 0.574011, 0.789479, 0.792433, 1, 

174,717,0.001, 0.190863, 0.222874, 0.27577, 0.344684, 0.43616, 0.437535, 0.817312, 0.86366, 0.908744, 0.862468, 0.990182, 0.997329, 1, 

175,346,0.001, 0.0483728, 0.062824, 0.071618, 0.0821046, 0.101393, 0.239935, 0.249185, 0.278002, 0.286725, 0.295747, 0.360041, 0.372865, 0.567905, 0.611891, 1, 

187,333,0.001, 0.0134242, 0.0188177, 0.0594231, 0.0821862, 0.0911176, 0.0992089, 0.129026, 0.129857, 0.227142, 0.302956, 0.356322, 0.399874, 0.419676, 0.430939, 0.503331, 0.909194, 1, 

Generation #3
168,875,0.001, 0.146905, 0.200881, 0.29308, 0.426073, 0.577608, 0.631425, 0.817312, 0.86366, 0.908744, 0.990182, 0.997329, 1, 

205,282,0.001, 0.0239786, 0.0442225, 0.0456075, 0.0848911, 0.0867066, 0.130894, 0.211559, 0.237037, 0.238334, 0.245836, 0.286556, 0.294451, 0.355399, 0.494329, 0.546167, 0.592597, 0.67091, 0.74234, 0.77678, 0.794101, 0.830175, 0.839558, 0.862064, 0.910856, 0.914573, 0.954384, 0.983196, 1, 

174,717,0.001, 0.190863, 0.222874, 0.27577, 0.344684, 0.43616, 0.437535, 0.817312, 0.86366, 0.908744, 0.862468, 0.990182, 0.997329, 1, 

175,346,0.001, 0.0483728, 0.062824, 0.071618, 0.0821046, 0.101393, 0.239935, 0.249185, 0.278002, 0.286725, 0.295747, 0.360041, 0.372865, 0.567905, 0.611891, 1, 

185,298,0.001, 0.0483728, 0.062824, 0.071618, 0.0821046, 0.101393, 0.239935, 0.249185, 0.278002, 0.286725, 0.295747, 0.360041, 0.372865, 0.611891, 0.696819, 0.71084, 0.72961, 0.972629, 1, 

197,287,0.001, 0.0483728, 0.062824, 0.071618, 0.0821046, 0.101393, 0.239935, 0.249185, 0.278002, 0.286725, 0.295747, 0.360041, 0.372865, 0.567905, 0.611891, 1, 

Generation #4
168,875,0.001, 0.146905, 0.200881, 0.29308, 0.426073, 0.577608, 0.631425, 0.817312, 0.86366, 0.908744, 0.990182, 0.997329, 1, 

205,282,0.001, 0.0239786, 0.0442225, 0.0456075, 0.0848911, 0.0867066, 0.130894, 0.211559, 0.237037, 0.238334, 0.245836, 0.286556, 0.294451, 0.355399, 0.494329, 0.546167, 0.592597, 0.67091, 0.74234, 0.77678, 0.794101, 0.830175, 0.839558, 0.862064, 0.910856, 0.914573, 0.954384, 0.983196, 1, 

174,717,0.001, 0.190863, 0.222874, 0.27577, 0.344684, 0.43616, 0.437535, 0.817312, 0.86366, 0.908744, 0.862468, 0.990182, 0.997329, 1, 

175,346,0.001, 0.0483728, 0.062824, 0.071618, 0.0821046, 0.101393, 0.239935, 0.249185, 0.278002, 0.286725, 0.295747, 0.360041, 0.372865, 0.567905, 0.611891, 1, 

185,298,0.001, 0.0483728, 0.062824, 0.071618, 0.0821046, 0.101393, 0.239935, 0.249185, 0.278002, 0.286725, 0.295747, 0.360041, 0.372865, 0.611891, 0.696819, 0.71084, 0.72961, 0.972629, 1, 

197,287,0.001, 0.0483728, 0.062824, 0.071618, 0.0821046, 0.101393, 0.239935, 0.249185, 0.278002, 0.286725, 0.295747, 0.360041, 0.372865, 0.567905, 0.611891, 1, 

232,260,0.001, 0.0239786, 0.0442225, 0.0456075, 0.0848911, 0.130894, 0.211559, 0.237037, 0.238334, 0.271551, 0.321039, 0.327322, 0.354703, 0.118621, 0.400693, 0.444736, 0.541123, 0.588233, 0.69059, 0.771254, 0.775395, 0.792087, 0.832861, 1, 

183,329,0.001, 0.0483728, 0.062824, 0.071618, 0.0821046, 0.101393, 0.239935, 0.249185, 0.278002, 0.286725, 0.295747, 0.360041, 0.372865, 0.567905, 0.611891, 1, 

193,295,0.001, 0.0239786, 0.0442225, 0.0456075, 0.0848911, 0.0867066, 0.130894, 0.211559, 0.237037, 0.238334, 0.295747, 0.360041, 0.0614908, 0.567905, 0.611891, 1, 

Generation #5
168,875,0.001, 0.146905, 0.200881, 0.29308, 0.426073, 0.577608, 0.631425, 0.817312, 0.86366, 0.908744, 0.990182, 0.997329, 1, 

205,282,0.001, 0.0239786, 0.0442225, 0.0456075, 0.0848911, 0.0867066, 0.130894, 0.211559, 0.237037, 0.238334, 0.245836, 0.286556, 0.294451, 0.355399, 0.494329, 0.546167, 0.592597, 0.67091, 0.74234, 0.77678, 0.794101, 0.830175, 0.839558, 0.862064, 0.910856, 0.914573, 0.954384, 0.983196, 1, 

185,298,0.001, 0.0483728, 0.062824, 0.071618, 0.0821046, 0.101393, 0.239935, 0.249185, 0.278002, 0.286725, 0.295747, 0.360041, 0.372865, 0.611891, 0.696819, 0.71084, 0.72961, 0.972629, 1, 

197,287,0.001, 0.0483728, 0.062824, 0.071618, 0.0821046, 0.101393, 0.239935, 0.249185, 0.278002, 0.286725, 0.295747, 0.360041, 0.372865, 0.567905, 0.611891, 1, 

232,260,0.001, 0.0239786, 0.0442225, 0.0456075, 0.0848911, 0.130894, 0.211559, 0.237037, 0.238334, 0.271551, 0.321039, 0.327322, 0.354703, 0.118621, 0.400693, 0.444736, 0.541123, 0.588233, 0.69059, 0.771254, 0.775395, 0.792087, 0.832861, 1, 

193,295,0.001, 0.0239786, 0.0442225, 0.0456075, 0.0848911, 0.0867066, 0.130894, 0.211559, 0.237037, 0.238334, 0.295747, 0.360041, 0.0614908, 0.567905, 0.611891, 1, 

211,274,0.001, 0.0239786, 0.0442225, 0.0456075, 0.0848911, 0.0867066, 0.130894, 0.211559, 0.237037, 0.238334, 0.245836, 0.286556, 0.294451, 0.567905, 0.611891, 0.696819, 0.71084, 0.72961, 0.750215, 0.761841, 0.768227, 0.779585, 0.78673, 0.865133, 0.9008, 0.912572, 0.411269, 0.998158, 1, 

169,301,0.001, 0.0134242, 0.0188177, 0.0594231, 0.0821862, 0.0911176, 0.0992089, 0.129026, 0.298011, 0.303751, 0.595383, 0.81219, 0.399874, 0.419676, 0.430939, 0.503331, 0.909194, 1, 

Generation #6
168,875,0.001, 0.146905, 0.200881, 0.29308, 0.426073, 0.577608, 0.631425, 0.817312, 0.86366, 0.908744, 0.990182, 0.997329, 1, 

185,298,0.001, 0.0483728, 0.062824, 0.071618, 0.0821046, 0.101393, 0.239935, 0.249185, 0.278002, 0.286725, 0.295747, 0.360041, 0.372865, 0.611891, 0.696819, 0.71084, 0.72961, 0.972629, 1, 

197,287,0.001, 0.0483728, 0.062824, 0.071618, 0.0821046, 0.101393, 0.239935, 0.249185, 0.278002, 0.286725, 0.295747, 0.360041, 0.372865, 0.567905, 0.611891, 1, 

232,260,0.001, 0.0239786, 0.0442225, 0.0456075, 0.0848911, 0.130894, 0.211559, 0.237037, 0.238334, 0.271551, 0.321039, 0.327322, 0.354703, 0.118621, 0.400693, 0.444736, 0.541123, 0.588233, 0.69059, 0.771254, 0.775395, 0.792087, 0.832861, 1, 

193,295,0.001, 0.0239786, 0.0442225, 0.0456075, 0.0848911, 0.0867066, 0.130894, 0.211559, 0.237037, 0.238334, 0.295747, 0.360041, 0.0614908, 0.567905, 0.611891, 1, 

211,274,0.001, 0.0239786, 0.0442225, 0.0456075, 0.0848911, 0.0867066, 0.130894, 0.211559, 0.237037, 0.238334, 0.245836, 0.286556, 0.294451, 0.567905, 0.611891, 0.696819, 0.71084, 0.72961, 0.750215, 0.761841, 0.768227, 0.779585, 0.78673, 0.865133, 0.9008, 0.912572, 0.411269, 0.998158, 1, 

169,301,0.001, 0.0134242, 0.0188177, 0.0594231, 0.0821862, 0.0911176, 0.0992089, 0.129026, 0.298011, 0.303751, 0.595383, 0.81219, 0.399874, 0.419676, 0.430939, 0.503331, 0.909194, 1, 

204,276,0.001, 0.0239786, 0.0442225, 0.0456075, 0.0848911, 0.130894, 0.239935, 0.249185, 0.278002, 0.286725, 0.295747, 0.360041, 0.65377, 0.654012, 0.754766, 0.788192, 0.812975, 0.832761, 0.859098, 0.908095, 0.911216, 0.915487, 0.965571, 1, 

Generation #7
169,301,0.001, 0.0134242, 0.0188177, 0.0594231, 0.0821862, 0.0911176, 0.0992089, 0.129026, 0.298011, 0.303751, 0.595383, 0.81219, 0.399874, 0.419676, 0.430939, 0.503331, 0.909194, 1, 

176,297,0.001, 0.0134242, 0.0188177, 0.0594231, 0.0821862, 0.0911176, 0.0992089, 0.129026, 0.129857, 0.227142, 0.302956, 0.356322, 0.399874, 0.567905, 0.611891, 1, 

177,252,0.001, 0.0239786, 0.0442225, 0.0456075, 0.0848911, 0.0867066, 0.130894, 0.211559, 0.237037, 0.238334, 0.360041, 0.372865, 0.567905, 0.611891, 1, 

155,361,0.0584058, 0.113366, 0.133808, 0.144151, 0.219841, 0.268801, 0.275661, 0.278002, 0.0464584, 0.278002, 0.286725, 0.295747, 0.360041, 0.372865, 0.567905, 0.611891, 0.696819, 0.71084, 0.750215, 0.761841, 0.768227, 0.779585, 0.922373, 0.946916, 1, 

Generation #8
169,301,0.001, 0.0134242, 0.0188177, 0.0594231, 0.0821862, 0.0911176, 0.0992089, 0.129026, 0.298011, 0.303751, 0.595383, 0.81219, 0.399874, 0.419676, 0.430939, 0.503331, 0.909194, 1, 

176,297,0.001, 0.0134242, 0.0188177, 0.0594231, 0.0821862, 0.0911176, 0.0992089, 0.129026, 0.129857, 0.227142, 0.302956, 0.356322, 0.399874, 0.567905, 0.611891, 1, 

177,252,0.001, 0.0239786, 0.0442225, 0.0456075, 0.0848911, 0.0867066, 0.130894, 0.211559, 0.237037, 0.238334, 0.360041, 0.372865, 0.567905, 0.611891, 1, 

155,361,0.0584058, 0.113366, 0.133808, 0.144151, 0.219841, 0.268801, 0.275661, 0.278002, 0.0464584, 0.278002, 0.286725, 0.295747, 0.360041, 0.372865, 0.567905, 0.611891, 0.696819, 0.71084, 0.750215, 0.761841, 0.768227, 0.779585, 0.922373, 0.946916, 1, 

Generation #9
177,252,0.001, 0.0239786, 0.0442225, 0.0456075, 0.0848911, 0.0867066, 0.130894, 0.211559, 0.237037, 0.238334, 0.360041, 0.372865, 0.567905, 0.611891, 1, 

155,361,0.0584058, 0.113366, 0.133808, 0.144151, 0.219841, 0.268801, 0.275661, 0.278002, 0.0464584, 0.278002, 0.286725, 0.295747, 0.360041, 0.372865, 0.567905, 0.611891, 0.696819, 0.71084, 0.750215, 0.761841, 0.768227, 0.779585, 0.922373, 0.946916, 1, 

166,293,0.001, 0.0134242, 0.0188177, 0.0594231, 0.0821862, 0.0911176, 0.130894, 0.211559, 0.237037, 0.238334, 0.360041, 0.372865, 0.567905, 0.611891, 1, 

Generation #10
177,252,0.001, 0.0239786, 0.0442225, 0.0456075, 0.0848911, 0.0867066, 0.130894, 0.211559, 0.237037, 0.238334, 0.360041, 0.372865, 0.567905, 0.611891, 1, 

155,361,0.0584058, 0.113366, 0.133808, 0.144151, 0.219841, 0.268801, 0.275661, 0.278002, 0.0464584, 0.278002, 0.286725, 0.295747, 0.360041, 0.372865, 0.567905, 0.611891, 0.696819, 0.71084, 0.750215, 0.761841, 0.768227, 0.779585, 0.922373, 0.946916, 1, 

166,293,0.001, 0.0134242, 0.0188177, 0.0594231, 0.0821862, 0.0911176, 0.130894, 0.211559, 0.237037, 0.238334, 0.360041, 0.372865, 0.567905, 0.611891, 1, 

176,267,0.001, 0.0483728, 0.0442225, 0.0456075, 0.0848911, 0.0867066, 0.130894, 0.211559, 0.237037, 0.238334, 0.295747, 0.360041, 0.0614908, 0.567905, 0.611891, 1, 

207,241,0.001, 0.0239786, 0.0442225, 0.0456075, 0.0821862, 0.0911176, 0.0992089, 0.129026, 0.129857, 0.227142, 0.657978, 0.671699, 0.127274, 0.941445, 0.997649, 0.611891, 0.696819, 0.71084, 0.72961, 0.750215, 0.761841, 0.768227, 0.862365, 0.78673, 1, 

Generation #11
177,252,0.001, 0.0239786, 0.0442225, 0.0456075, 0.0848911, 0.0867066, 0.130894, 0.211559, 0.237037, 0.238334, 0.360041, 0.372865, 0.567905, 0.611891, 1, 

155,361,0.0584058, 0.113366, 0.133808, 0.144151, 0.219841, 0.268801, 0.275661, 0.278002, 0.0464584, 0.278002, 0.286725, 0.295747, 0.360041, 0.372865, 0.567905, 0.611891, 0.696819, 0.71084, 0.750215, 0.761841, 0.768227, 0.779585, 0.922373, 0.946916, 1, 

166,293,0.001, 0.0134242, 0.0188177, 0.0594231, 0.0821862, 0.0911176, 0.130894, 0.211559, 0.237037, 0.238334, 0.360041, 0.372865, 0.567905, 0.611891, 1, 

176,267,0.001, 0.0483728, 0.0442225, 0.0456075, 0.0848911, 0.0867066, 0.130894, 0.211559, 0.237037, 0.238334, 0.295747, 0.360041, 0.0614908, 0.567905, 0.611891, 1, 

207,241,0.001, 0.0239786, 0.0442225, 0.0456075, 0.0821862, 0.0911176, 0.0992089, 0.129026, 0.129857, 0.227142, 0.657978, 0.671699, 0.127274, 0.941445, 0.997649, 0.611891, 0.696819, 0.71084, 0.72961, 0.750215, 0.761841, 0.768227, 0.862365, 0.78673, 1, 

188,246,0.001, 0.0446694, 0.0526087, 0.0456075, 0.0848911, 0.0867066, 0.0992089, 0.129026, 0.129857, 0.227142, 0.302956, 0.356322, 0.399874, 0.419676, 0.430939, 0.503331, 0.909194, 1, 

Generation #12
177,252,0.001, 0.0239786, 0.0442225, 0.0456075, 0.0848911, 0.0867066, 0.130894, 0.211559, 0.237037, 0.238334, 0.360041, 0.372865, 0.567905, 0.611891, 1, 

155,361,0.0584058, 0.113366, 0.133808, 0.144151, 0.219841, 0.268801, 0.275661, 0.278002, 0.0464584, 0.278002, 0.286725, 0.295747, 0.360041, 0.372865, 0.567905, 0.611891, 0.696819, 0.71084, 0.750215, 0.761841, 0.768227, 0.779585, 0.922373, 0.946916, 1, 

166,293,0.001, 0.0134242, 0.0188177, 0.0594231, 0.0821862, 0.0911176, 0.130894, 0.211559, 0.237037, 0.238334, 0.360041, 0.372865, 0.567905, 0.611891, 1, 

176,267,0.001, 0.0483728, 0.0442225, 0.0456075, 0.0848911, 0.0867066, 0.130894, 0.211559, 0.237037, 0.238334, 0.295747, 0.360041, 0.0614908, 0.567905, 0.611891, 1, 

188,246,0.001, 0.0446694, 0.0526087, 0.0456075, 0.0848911, 0.0867066, 0.0992089, 0.129026, 0.129857, 0.227142, 0.302956, 0.356322, 0.399874, 0.419676, 0.430939, 0.503331, 0.909194, 1, 

206,222,0.001, 0.0446694, 0.0526087, 0.0456075, 0.0848911, 0.0867066, 0.0992089, 0.129026, 0.298011, 0.238334, 0.245836, 0.356605, 0.286556, 0.294451, 0.355399, 0.494329, 0.546167, 0.696819, 0.71084, 0.72961, 0.750215, 0.761841, 0.768227, 0.779585, 0.78673, 1, 

172,285,0.001, 0.0134242, 0.0188177, 0.0594231, 0.0821862, 0.0911176, 0.0992089, 0.249185, 0.278002, 0.286725, 0.295747, 0.360041, 0.372865, 0.567905, 0.611891, 1, 

Generation #13
177,252,0.001, 0.0239786, 0.0442225, 0.0456075, 0.0848911, 0.0867066, 0.130894, 0.211559, 0.237037, 0.238334, 0.360041, 0.372865, 0.567905, 0.611891, 1, 

155,361,0.0584058, 0.113366, 0.133808, 0.144151, 0.219841, 0.268801, 0.275661, 0.278002, 0.0464584, 0.278002, 0.286725, 0.295747, 0.360041, 0.372865, 0.567905, 0.611891, 0.696819, 0.71084, 0.750215, 0.761841, 0.768227, 0.779585, 0.922373, 0.946916, 1, 

166,293,0.001, 0.0134242, 0.0188177, 0.0594231, 0.0821862, 0.0911176, 0.130894, 0.211559, 0.237037, 0.238334, 0.360041, 0.372865, 0.567905, 0.611891, 1, 

176,267,0.001, 0.0483728, 0.0442225, 0.0456075, 0.0848911, 0.0867066, 0.130894, 0.211559, 0.237037, 0.238334, 0.295747, 0.360041, 0.0614908, 0.567905, 0.611891, 1, 

188,246,0.001, 0.0446694, 0.0526087, 0.0456075, 0.0848911, 0.0867066, 0.0992089, 0.129026, 0.129857, 0.227142, 0.302956, 0.356322, 0.399874, 0.419676, 0.430939, 0.503331, 0.909194, 1, 

206,222,0.001, 0.0446694, 0.0526087, 0.0456075, 0.0848911, 0.0867066, 0.0992089, 0.129026, 0.298011, 0.238334, 0.245836, 0.356605, 0.286556, 0.294451, 0.355399, 0.494329, 0.546167, 0.696819, 0.71084, 0.72961, 0.750215, 0.761841, 0.768227, 0.779585, 0.78673, 1, 

172,285,0.001, 0.0134242, 0.0188177, 0.0594231, 0.0821862, 0.0911176, 0.0992089, 0.249185, 0.278002, 0.286725, 0.295747, 0.360041, 0.372865, 0.567905, 0.611891, 1, 

Generation #14
177,252,0.001, 0.0239786, 0.0442225, 0.0456075, 0.0848911, 0.0867066, 0.130894, 0.211559, 0.237037, 0.238334, 0.360041, 0.372865, 0.567905, 0.611891, 1, 

155,361,0.0584058, 0.113366, 0.133808, 0.144151, 0.219841, 0.268801, 0.275661, 0.278002, 0.0464584, 0.278002, 0.286725, 0.295747, 0.360041, 0.372865, 0.567905, 0.611891, 0.696819, 0.71084, 0.750215, 0.761841, 0.768227, 0.779585, 0.922373, 0.946916, 1, 

166,293,0.001, 0.0134242, 0.0188177, 0.0594231, 0.0821862, 0.0911176, 0.130894, 0.211559, 0.237037, 0.238334, 0.360041, 0.372865, 0.567905, 0.611891, 1, 

176,267,0.001, 0.0483728, 0.0442225, 0.0456075, 0.0848911, 0.0867066, 0.130894, 0.211559, 0.237037, 0.238334, 0.295747, 0.360041, 0.0614908, 0.567905, 0.611891, 1, 

188,246,0.001, 0.0446694, 0.0526087, 0.0456075, 0.0848911, 0.0867066, 0.0992089, 0.129026, 0.129857, 0.227142, 0.302956, 0.356322, 0.399874, 0.419676, 0.430939, 0.503331, 0.909194, 1, 

206,222,0.001, 0.0446694, 0.0526087, 0.0456075, 0.0848911, 0.0867066, 0.0992089, 0.129026, 0.298011, 0.238334, 0.245836, 0.356605, 0.286556, 0.294451, 0.355399, 0.494329, 0.546167, 0.696819, 0.71084, 0.72961, 0.750215, 0.761841, 0.768227, 0.779585, 0.78673, 1, 

172,285,0.001, 0.0134242, 0.0188177, 0.0594231, 0.0821862, 0.0911176, 0.0992089, 0.249185, 0.278002, 0.286725, 0.295747, 0.360041, 0.372865, 0.567905, 0.611891, 1, 

Generation #15
177,252,0.001, 0.0239786, 0.0442225, 0.0456075, 0.0848911, 0.0867066, 0.130894, 0.211559, 0.237037, 0.238334, 0.360041, 0.372865, 0.567905, 0.611891, 1, 

155,361,0.0584058, 0.113366, 0.133808, 0.144151, 0.219841, 0.268801, 0.275661, 0.278002, 0.0464584, 0.278002, 0.286725, 0.295747, 0.360041, 0.372865, 0.567905, 0.611891, 0.696819, 0.71084, 0.750215, 0.761841, 0.768227, 0.779585, 0.922373, 0.946916, 1, 

166,293,0.001, 0.0134242, 0.0188177, 0.0594231, 0.0821862, 0.0911176, 0.130894, 0.211559, 0.237037, 0.238334, 0.360041, 0.372865, 0.567905, 0.611891, 1, 

176,267,0.001, 0.0483728, 0.0442225, 0.0456075, 0.0848911, 0.0867066, 0.130894, 0.211559, 0.237037, 0.238334, 0.295747, 0.360041, 0.0614908, 0.567905, 0.611891, 1, 

188,246,0.001, 0.0446694, 0.0526087, 0.0456075, 0.0848911, 0.0867066, 0.0992089, 0.129026, 0.129857, 0.227142, 0.302956, 0.356322, 0.399874, 0.419676, 0.430939, 0.503331, 0.909194, 1, 

206,222,0.001, 0.0446694, 0.0526087, 0.0456075, 0.0848911, 0.0867066, 0.0992089, 0.129026, 0.298011, 0.238334, 0.245836, 0.356605, 0.286556, 0.294451, 0.355399, 0.494329, 0.546167, 0.696819, 0.71084, 0.72961, 0.750215, 0.761841, 0.768227, 0.779585, 0.78673, 1, 

172,285,0.001, 0.0134242, 0.0188177, 0.0594231, 0.0821862, 0.0911176, 0.0992089, 0.249185, 0.278002, 0.286725, 0.295747, 0.360041, 0.372865, 0.567905, 0.611891, 1, 

Generation #16
177,252,0.001, 0.0239786, 0.0442225, 0.0456075, 0.0848911, 0.0867066, 0.130894, 0.211559, 0.237037, 0.238334, 0.360041, 0.372865, 0.567905, 0.611891, 1, 

155,361,0.0584058, 0.113366, 0.133808, 0.144151, 0.219841, 0.268801, 0.275661, 0.278002, 0.0464584, 0.278002, 0.286725, 0.295747, 0.360041, 0.372865, 0.567905, 0.611891, 0.696819, 0.71084, 0.750215, 0.761841, 0.768227, 0.779585, 0.922373, 0.946916, 1, 

166,293,0.001, 0.0134242, 0.0188177, 0.0594231, 0.0821862, 0.0911176, 0.130894, 0.211559, 0.237037, 0.238334, 0.360041, 0.372865, 0.567905, 0.611891, 1, 

176,267,0.001, 0.0483728, 0.0442225, 0.0456075, 0.0848911, 0.0867066, 0.130894, 0.211559, 0.237037, 0.238334, 0.295747, 0.360041, 0.0614908, 0.567905, 0.611891, 1, 

188,246,0.001, 0.0446694, 0.0526087, 0.0456075, 0.0848911, 0.0867066, 0.0992089, 0.129026, 0.129857, 0.227142, 0.302956, 0.356322, 0.399874, 0.419676, 0.430939, 0.503331, 0.909194, 1, 

206,222,0.001, 0.0446694, 0.0526087, 0.0456075, 0.0848911, 0.0867066, 0.0992089, 0.129026, 0.298011, 0.238334, 0.245836, 0.356605, 0.286556, 0.294451, 0.355399, 0.494329, 0.546167, 0.696819, 0.71084, 0.72961, 0.750215, 0.761841, 0.768227, 0.779585, 0.78673, 1, 

172,285,0.001, 0.0134242, 0.0188177, 0.0594231, 0.0821862, 0.0911176, 0.0992089, 0.249185, 0.278002, 0.286725, 0.295747, 0.360041, 0.372865, 0.567905, 0.611891, 1, 

153,417,0.120207, 0.001, 0.0239786, 0.0442225, 0.0821046, 0.101393, 0.239935, 0.249185, 0.278002, 0.286725, 0.551166, 0.360041, 0.372865, 0.567905, 0.611891, 1, 

Generation #17
177,252,0.001, 0.0239786, 0.0442225, 0.0456075, 0.0848911, 0.0867066, 0.130894, 0.211559, 0.237037, 0.238334, 0.360041, 0.372865, 0.567905, 0.611891, 1, 

155,361,0.0584058, 0.113366, 0.133808, 0.144151, 0.219841, 0.268801, 0.275661, 0.278002, 0.0464584, 0.278002, 0.286725, 0.295747, 0.360041, 0.372865, 0.567905, 0.611891, 0.696819, 0.71084, 0.750215, 0.761841, 0.768227, 0.779585, 0.922373, 0.946916, 1, 

166,293,0.001, 0.0134242, 0.0188177, 0.0594231, 0.0821862, 0.0911176, 0.130894, 0.211559, 0.237037, 0.238334, 0.360041, 0.372865, 0.567905, 0.611891, 1, 

176,267,0.001, 0.0483728, 0.0442225, 0.0456075, 0.0848911, 0.0867066, 0.130894, 0.211559, 0.237037, 0.238334, 0.295747, 0.360041, 0.0614908, 0.567905, 0.611891, 1, 

188,246,0.001, 0.0446694, 0.0526087, 0.0456075, 0.0848911, 0.0867066, 0.0992089, 0.129026, 0.129857, 0.227142, 0.302956, 0.356322, 0.399874, 0.419676, 0.430939, 0.503331, 0.909194, 1, 

172,285,0.001, 0.0134242, 0.0188177, 0.0594231, 0.0821862, 0.0911176, 0.0992089, 0.249185, 0.278002, 0.286725, 0.295747, 0.360041, 0.372865, 0.567905, 0.611891, 1, 

153,417,0.120207, 0.001, 0.0239786, 0.0442225, 0.0821046, 0.101393, 0.239935, 0.249185, 0.278002, 0.286725, 0.551166, 0.360041, 0.372865, 0.567905, 0.611891, 1, 

202,202,0.0584058, 0.0483728, 0.0442225, 0.0456075, 0.0848911, 0.0867066, 0.130894, 0.211559, 0.237037, 0.238334, 0.295747, 0.360041, 0.0614908, 0.567905, 0.611891, 1, 

Generation #18
177,252,0.001, 0.0239786, 0.0442225, 0.0456075, 0.0848911, 0.0867066, 0.130894, 0.211559, 0.237037, 0.238334, 0.360041, 0.372865, 0.567905, 0.611891, 1, 

155,361,0.0584058, 0.113366, 0.133808, 0.144151, 0.219841, 0.268801, 0.275661, 0.278002, 0.0464584, 0.278002, 0.286725, 0.295747, 0.360041, 0.372865, 0.567905, 0.611891, 0.696819, 0.71084, 0.750215, 0.761841, 0.768227, 0.779585, 0.922373, 0.946916, 1, 

166,293,0.001, 0.0134242, 0.0188177, 0.0594231, 0.0821862, 0.0911176, 0.130894, 0.211559, 0.237037, 0.238334, 0.360041, 0.372865, 0.567905, 0.611891, 1, 

176,267,0.001, 0.0483728, 0.0442225, 0.0456075, 0.0848911, 0.0867066, 0.130894, 0.211559, 0.237037, 0.238334, 0.295747, 0.360041, 0.0614908, 0.567905, 0.611891, 1, 

188,246,0.001, 0.0446694, 0.0526087, 0.0456075, 0.0848911, 0.0867066, 0.0992089, 0.129026, 0.129857, 0.227142, 0.302956, 0.356322, 0.399874, 0.419676, 0.430939, 0.503331, 0.909194, 1, 

172,285,0.001, 0.0134242, 0.0188177, 0.0594231, 0.0821862, 0.0911176, 0.0992089, 0.249185, 0.278002, 0.286725, 0.295747, 0.360041, 0.372865, 0.567905, 0.611891, 1, 

153,417,0.120207, 0.001, 0.0239786, 0.0442225, 0.0821046, 0.101393, 0.239935, 0.249185, 0.278002, 0.286725, 0.551166, 0.360041, 0.372865, 0.567905, 0.611891, 1, 

202,202,0.0584058, 0.0483728, 0.0442225, 0.0456075, 0.0848911, 0.0867066, 0.130894, 0.211559, 0.237037, 0.238334, 0.295747, 0.360041, 0.0614908, 0.567905, 0.611891, 1, 

Generation #19
177,252,0.001, 0.0239786, 0.0442225, 0.0456075, 0.0848911, 0.0867066, 0.130894, 0.211559, 0.237037, 0.238334, 0.360041, 0.372865, 0.567905, 0.611891, 1, 

155,361,0.0584058, 0.113366, 0.133808, 0.144151, 0.219841, 0.268801, 0.275661, 0.278002, 0.0464584, 0.278002, 0.286725, 0.295747, 0.360041, 0.372865, 0.567905, 0.611891, 0.696819, 0.71084, 0.750215, 0.761841, 0.768227, 0.779585, 0.922373, 0.946916, 1, 

166,293,0.001, 0.0134242, 0.0188177, 0.0594231, 0.0821862, 0.0911176, 0.130894, 0.211559, 0.237037, 0.238334, 0.360041, 0.372865, 0.567905, 0.611891, 1, 

176,267,0.001, 0.0483728, 0.0442225, 0.0456075, 0.0848911, 0.0867066, 0.130894, 0.211559, 0.237037, 0.238334, 0.295747, 0.360041, 0.0614908, 0.567905, 0.611891, 1, 

172,285,0.001, 0.0134242, 0.0188177, 0.0594231, 0.0821862, 0.0911176, 0.0992089, 0.249185, 0.278002, 0.286725, 0.295747, 0.360041, 0.372865, 0.567905, 0.611891, 1, 

153,417,0.120207, 0.001, 0.0239786, 0.0442225, 0.0821046, 0.101393, 0.239935, 0.249185, 0.278002, 0.286725, 0.551166, 0.360041, 0.372865, 0.567905, 0.611891, 1, 

202,202,0.0584058, 0.0483728, 0.0442225, 0.0456075, 0.0848911, 0.0867066, 0.130894, 0.211559, 0.237037, 0.238334, 0.295747, 0.360041, 0.0614908, 0.567905, 0.611891, 1, 

180,241,0.001, 0.0446694, 0.0188177, 0.0594231, 0.0821862, 0.0911176, 0.130894, 0.211559, 0.237037, 0.238334, 0.295747, 0.360041, 0.0614908, 0.567905, 0.611891, 1, 

Generation #20
177,252,0.001, 0.0239786, 0.0442225, 0.0456075, 0.0848911, 0.0867066, 0.130894, 0.211559, 0.237037, 0.238334, 0.360041, 0.372865, 0.567905, 0.611891, 1, 

155,361,0.0584058, 0.113366, 0.133808, 0.144151, 0.219841, 0.268801, 0.275661, 0.278002, 0.0464584, 0.278002, 0.286725, 0.295747, 0.360041, 0.372865, 0.567905, 0.611891, 0.696819, 0.71084, 0.750215, 0.761841, 0.768227, 0.779585, 0.922373, 0.946916, 1, 

166,293,0.001, 0.0134242, 0.0188177, 0.0594231, 0.0821862, 0.0911176, 0.130894, 0.211559, 0.237037, 0.238334, 0.360041, 0.372865, 0.567905, 0.611891, 1, 

176,267,0.001, 0.0483728, 0.0442225, 0.0456075, 0.0848911, 0.0867066, 0.130894, 0.211559, 0.237037, 0.238334, 0.295747, 0.360041, 0.0614908, 0.567905, 0.611891, 1, 

172,285,0.001, 0.0134242, 0.0188177, 0.0594231, 0.0821862, 0.0911176, 0.0992089, 0.249185, 0.278002, 0.286725, 0.295747, 0.360041, 0.372865, 0.567905, 0.611891, 1, 

153,417,0.120207, 0.001, 0.0239786, 0.0442225, 0.0821046, 0.101393, 0.239935, 0.249185, 0.278002, 0.286725, 0.551166, 0.360041, 0.372865, 0.567905, 0.611891, 1, 

202,202,0.0584058, 0.0483728, 0.0442225, 0.0456075, 0.0848911, 0.0867066, 0.130894, 0.211559, 0.237037, 0.238334, 0.295747, 0.360041, 0.0614908, 0.567905, 0.611891, 1, 

180,241,0.001, 0.0446694, 0.0188177, 0.0594231, 0.0821862, 0.0911176, 0.130894, 0.211559, 0.237037, 0.238334, 0.295747, 0.360041, 0.0614908, 0.567905, 0.611891, 1, 

Generation #21
177,252,0.001, 0.0239786, 0.0442225, 0.0456075, 0.0848911, 0.0867066, 0.130894, 0.211559, 0.237037, 0.238334, 0.360041, 0.372865, 0.567905, 0.611891, 1, 

155,361,0.0584058, 0.113366, 0.133808, 0.144151, 0.219841, 0.268801, 0.275661, 0.278002, 0.0464584, 0.278002, 0.286725, 0.295747, 0.360041, 0.372865, 0.567905, 0.611891, 0.696819, 0.71084, 0.750215, 0.761841, 0.768227, 0.779585, 0.922373, 0.946916, 1, 

166,293,0.001, 0.0134242, 0.0188177, 0.0594231, 0.0821862, 0.0911176, 0.130894, 0.211559, 0.237037, 0.238334, 0.360041, 0.372865, 0.567905, 0.611891, 1, 

176,267,0.001, 0.0483728, 0.0442225, 0.0456075, 0.0848911, 0.0867066, 0.130894, 0.211559, 0.237037, 0.238334, 0.295747, 0.360041, 0.0614908, 0.567905, 0.611891, 1, 

172,285,0.001, 0.0134242, 0.0188177, 0.0594231, 0.0821862, 0.0911176, 0.0992089, 0.249185, 0.278002, 0.286725, 0.295747, 0.360041, 0.372865, 0.567905, 0.611891, 1, 

153,417,0.120207, 0.001, 0.0239786, 0.0442225, 0.0821046, 0.101393, 0.239935, 0.249185, 0.278002, 0.286725, 0.551166, 0.360041, 0.372865, 0.567905, 0.611891, 1, 

202,202,0.0584058, 0.0483728, 0.0442225, 0.0456075, 0.0848911, 0.0867066, 0.130894, 0.211559, 0.237037, 0.238334, 0.295747, 0.360041, 0.0614908, 0.567905, 0.611891, 1, 

180,241,0.001, 0.0446694, 0.0188177, 0.0594231, 0.0821862, 0.0911176, 0.130894, 0.211559, 0.237037, 0.238334, 0.295747, 0.360041, 0.0614908, 0.567905, 0.611891, 1, 

Generation #22
177,252,0.001, 0.0239786, 0.0442225, 0.0456075, 0.0848911, 0.0867066, 0.130894, 0.211559, 0.237037, 0.238334, 0.360041, 0.372865, 0.567905, 0.611891, 1, 

155,361,0.0584058, 0.113366, 0.133808, 0.144151, 0.219841, 0.268801, 0.275661, 0.278002, 0.0464584, 0.278002, 0.286725, 0.295747, 0.360041, 0.372865, 0.567905, 0.611891, 0.696819, 0.71084, 0.750215, 0.761841, 0.768227, 0.779585, 0.922373, 0.946916, 1, 

166,293,0.001, 0.0134242, 0.0188177, 0.0594231, 0.0821862, 0.0911176, 0.130894, 0.211559, 0.237037, 0.238334, 0.360041, 0.372865, 0.567905, 0.611891, 1, 

176,267,0.001, 0.0483728, 0.0442225, 0.0456075, 0.0848911, 0.0867066, 0.130894, 0.211559, 0.237037, 0.238334, 0.295747, 0.360041, 0.0614908, 0.567905, 0.611891, 1, 

172,285,0.001, 0.0134242, 0.0188177, 0.0594231, 0.0821862, 0.0911176, 0.0992089, 0.249185, 0.278002, 0.286725, 0.295747, 0.360041, 0.372865, 0.567905, 0.611891, 1, 

153,417,0.120207, 0.001, 0.0239786, 0.0442225, 0.0821046, 0.101393, 0.239935, 0.249185, 0.278002, 0.286725, 0.551166, 0.360041, 0.372865, 0.567905, 0.611891, 1, 

202,202,0.0584058, 0.0483728, 0.0442225, 0.0456075, 0.0848911, 0.0867066, 0.130894, 0.211559, 0.237037, 0.238334, 0.295747, 0.360041, 0.0614908, 0.567905, 0.611891, 1, 

180,241,0.001, 0.0446694, 0.0188177, 0.0594231, 0.0821862, 0.0911176, 0.130894, 0.211559, 0.237037, 0.238334, 0.295747, 0.360041, 0.0614908, 0.567905, 0.611891, 1, 

Generation #23
155,361,0.0584058, 0.113366, 0.133808, 0.144151, 0.219841, 0.268801, 0.275661, 0.278002, 0.0464584, 0.278002, 0.286725, 0.295747, 0.360041, 0.372865, 0.567905, 0.611891, 0.696819, 0.71084, 0.750215, 0.761841, 0.768227, 0.779585, 0.922373, 0.946916, 1, 

166,293,0.001, 0.0134242, 0.0188177, 0.0594231, 0.0821862, 0.0911176, 0.130894, 0.211559, 0.237037, 0.238334, 0.360041, 0.372865, 0.567905, 0.611891, 1, 

153,417,0.120207, 0.001, 0.0239786, 0.0442225, 0.0821046, 0.101393, 0.239935, 0.249185, 0.278002, 0.286725, 0.551166, 0.360041, 0.372865, 0.567905, 0.611891, 1, 

202,202,0.0584058, 0.0483728, 0.0442225, 0.0456075, 0.0848911, 0.0867066, 0.130894, 0.211559, 0.237037, 0.238334, 0.295747, 0.360041, 0.0614908, 0.567905, 0.611891, 1, 

180,241,0.001, 0.0446694, 0.0188177, 0.0594231, 0.0821862, 0.0911176, 0.130894, 0.211559, 0.237037, 0.238334, 0.295747, 0.360041, 0.0614908, 0.567905, 0.611891, 1, 

168,280,0.001, 0.0239786, 0.0442225, 0.0456075, 0.0821862, 0.0867066, 0.130894, 0.211559, 0.237037, 0.238334, 0.245836, 0.286556, 0.0614908, 0.567905, 0.611891, 1, 

174,245,0.001, 0.0483728, 0.0442225, 0.0456075, 0.0848911, 0.0867066, 0.0992089, 0.129026, 0.298011, 0.238334, 0.245836, 0.356605, 0.286556, 0.294451, 1, 

Generation #24
155,361,0.0584058, 0.113366, 0.133808, 0.144151, 0.219841, 0.268801, 0.275661, 0.278002, 0.0464584, 0.278002, 0.286725, 0.295747, 0.360041, 0.372865, 0.567905, 0.611891, 0.696819, 0.71084, 0.750215, 0.761841, 0.768227, 0.779585, 0.922373, 0.946916, 1, 

166,293,0.001, 0.0134242, 0.0188177, 0.0594231, 0.0821862, 0.0911176, 0.130894, 0.211559, 0.237037, 0.238334, 0.360041, 0.372865, 0.567905, 0.611891, 1, 

153,417,0.120207, 0.001, 0.0239786, 0.0442225, 0.0821046, 0.101393, 0.239935, 0.249185, 0.278002, 0.286725, 0.551166, 0.360041, 0.372865, 0.567905, 0.611891, 1, 

202,202,0.0584058, 0.0483728, 0.0442225, 0.0456075, 0.0848911, 0.0867066, 0.130894, 0.211559, 0.237037, 0.238334, 0.295747, 0.360041, 0.0614908, 0.567905, 0.611891, 1, 

180,241,0.001, 0.0446694, 0.0188177, 0.0594231, 0.0821862, 0.0911176, 0.130894, 0.211559, 0.237037, 0.238334, 0.295747, 0.360041, 0.0614908, 0.567905, 0.611891, 1, 

168,280,0.001, 0.0239786, 0.0442225, 0.0456075, 0.0821862, 0.0867066, 0.130894, 0.211559, 0.237037, 0.238334, 0.245836, 0.286556, 0.0614908, 0.567905, 0.611891, 1, 

174,245,0.001, 0.0483728, 0.0442225, 0.0456075, 0.0848911, 0.0867066, 0.0992089, 0.129026, 0.298011, 0.238334, 0.245836, 0.356605, 0.286556, 0.294451, 1, 

Generation #25
155,361,0.0584058, 0.113366, 0.133808, 0.144151, 0.219841, 0.268801, 0.275661, 0.278002, 0.0464584, 0.278002, 0.286725, 0.295747, 0.360041, 0.372865, 0.567905, 0.611891, 0.696819, 0.71084, 0.750215, 0.761841, 0.768227, 0.779585, 0.922373, 0.946916, 1, 

166,293,0.001, 0.0134242, 0.0188177, 0.0594231, 0.0821862, 0.0911176, 0.130894, 0.211559, 0.237037, 0.238334, 0.360041, 0.372865, 0.567905, 0.611891, 1, 

153,417,0.120207, 0.001, 0.0239786, 0.0442225, 0.0821046, 0.101393, 0.239935, 0.249185, 0.278002, 0.286725, 0.551166, 0.360041, 0.372865, 0.567905, 0.611891, 1, 

202,202,0.0584058, 0.0483728, 0.0442225, 0.0456075, 0.0848911, 0.0867066, 0.130894, 0.211559, 0.237037, 0.238334, 0.295747, 0.360041, 0.0614908, 0.567905, 0.611891, 1, 

180,241,0.001, 0.0446694, 0.0188177, 0.0594231, 0.0821862, 0.0911176, 0.130894, 0.211559, 0.237037, 0.238334, 0.295747, 0.360041, 0.0614908, 0.567905, 0.611891, 1, 

168,280,0.001, 0.0239786, 0.0442225, 0.0456075, 0.0821862, 0.0867066, 0.130894, 0.211559, 0.237037, 0.238334, 0.245836, 0.286556, 0.0614908, 0.567905, 0.611891, 1, 

174,245,0.001, 0.0483728, 0.0442225, 0.0456075, 0.0848911, 0.0867066, 0.0992089, 0.129026, 0.298011, 0.238334, 0.245836, 0.356605, 0.286556, 0.294451, 1, 

171,262,0.001, 0.0134242, 0.0442225, 0.0456075, 0.0821862, 0.0867066, 0.130894, 0.211559, 0.237037, 0.302956, 0.356322, 0.399874, 0.419676, 0.503331, 0.503331, 0.909194, 1, 

Generation #26
155,361,0.0584058, 0.113366, 0.133808, 0.144151, 0.219841, 0.268801, 0.275661, 0.278002, 0.0464584, 0.278002, 0.286725, 0.295747, 0.360041, 0.372865, 0.567905, 0.611891, 0.696819, 0.71084, 0.750215, 0.761841, 0.768227, 0.779585, 0.922373, 0.946916, 1, 

166,293,0.001, 0.0134242, 0.0188177, 0.0594231, 0.0821862, 0.0911176, 0.130894, 0.211559, 0.237037, 0.238334, 0.360041, 0.372865, 0.567905, 0.611891, 1, 

153,417,0.120207, 0.001, 0.0239786, 0.0442225, 0.0821046, 0.101393, 0.239935, 0.249185, 0.278002, 0.286725, 0.551166, 0.360041, 0.372865, 0.567905, 0.611891, 1, 

202,202,0.0584058, 0.0483728, 0.0442225, 0.0456075, 0.0848911, 0.0867066, 0.130894, 0.211559, 0.237037, 0.238334, 0.295747, 0.360041, 0.0614908, 0.567905, 0.611891, 1, 

180,241,0.001, 0.0446694, 0.0188177, 0.0594231, 0.0821862, 0.0911176, 0.130894, 0.211559, 0.237037, 0.238334, 0.295747, 0.360041, 0.0614908, 0.567905, 0.611891, 1, 

168,280,0.001, 0.0239786, 0.0442225, 0.0456075, 0.0821862, 0.0867066, 0.130894, 0.211559, 0.237037, 0.238334, 0.245836, 0.286556, 0.0614908, 0.567905, 0.611891, 1, 

174,245,0.001, 0.0483728, 0.0442225, 0.0456075, 0.0848911, 0.0867066, 0.0992089, 0.129026, 0.298011, 0.238334, 0.245836, 0.356605, 0.286556, 0.294451, 1, 

169,262,0.001, 0.0483728, 0.071618, 0.0821046, 0.101393, 0.0992089, 0.129026, 0.237037, 0.238334, 0.360041, 0.294451, 0.355399, 1, 

Generation #27
155,361,0.0584058, 0.113366, 0.133808, 0.144151, 0.219841, 0.268801, 0.275661, 0.278002, 0.0464584, 0.278002, 0.286725, 0.295747, 0.360041, 0.372865, 0.567905, 0.611891, 0.696819, 0.71084, 0.750215, 0.761841, 0.768227, 0.779585, 0.922373, 0.946916, 1, 

166,293,0.001, 0.0134242, 0.0188177, 0.0594231, 0.0821862, 0.0911176, 0.130894, 0.211559, 0.237037, 0.238334, 0.360041, 0.372865, 0.567905, 0.611891, 1, 

153,417,0.120207, 0.001, 0.0239786, 0.0442225, 0.0821046, 0.101393, 0.239935, 0.249185, 0.278002, 0.286725, 0.551166, 0.360041, 0.372865, 0.567905, 0.611891, 1, 

202,202,0.0584058, 0.0483728, 0.0442225, 0.0456075, 0.0848911, 0.0867066, 0.130894, 0.211559, 0.237037, 0.238334, 0.295747, 0.360041, 0.0614908, 0.567905, 0.611891, 1, 

180,241,0.001, 0.0446694, 0.0188177, 0.0594231, 0.0821862, 0.0911176, 0.130894, 0.211559, 0.237037, 0.238334, 0.295747, 0.360041, 0.0614908, 0.567905, 0.611891, 1, 

168,280,0.001, 0.0239786, 0.0442225, 0.0456075, 0.0821862, 0.0867066, 0.130894, 0.211559, 0.237037, 0.238334, 0.245836, 0.286556, 0.0614908, 0.567905, 0.611891, 1, 

174,245,0.001, 0.0483728, 0.0442225, 0.0456075, 0.0848911, 0.0867066, 0.0992089, 0.129026, 0.298011, 0.238334, 0.245836, 0.356605, 0.286556, 0.294451, 1, 

169,262,0.001, 0.0483728, 0.071618, 0.0821046, 0.101393, 0.0992089, 0.129026, 0.237037, 0.238334, 0.360041, 0.294451, 0.355399, 1, 

Generation #28
155,361,0.0584058, 0.113366, 0.133808, 0.144151, 0.219841, 0.268801, 0.275661, 0.278002, 0.0464584, 0.278002, 0.286725, 0.295747, 0.360041, 0.372865, 0.567905, 0.611891, 0.696819, 0.71084, 0.750215, 0.761841, 0.768227, 0.779585, 0.922373, 0.946916, 1, 

166,293,0.001, 0.0134242, 0.0188177, 0.0594231, 0.0821862, 0.0911176, 0.130894, 0.211559, 0.237037, 0.238334, 0.360041, 0.372865, 0.567905, 0.611891, 1, 

153,417,0.120207, 0.001, 0.0239786, 0.0442225, 0.0821046, 0.101393, 0.239935, 0.249185, 0.278002, 0.286725, 0.551166, 0.360041, 0.372865, 0.567905, 0.611891, 1, 

202,202,0.0584058, 0.0483728, 0.0442225, 0.0456075, 0.0848911, 0.0867066, 0.130894, 0.211559, 0.237037, 0.238334, 0.295747, 0.360041, 0.0614908, 0.567905, 0.611891, 1, 

180,241,0.001, 0.0446694, 0.0188177, 0.0594231, 0.0821862, 0.0911176, 0.130894, 0.211559, 0.237037, 0.238334, 0.295747, 0.360041, 0.0614908, 0.567905, 0.611891, 1, 

168,280,0.001, 0.0239786, 0.0442225, 0.0456075, 0.0821862, 0.0867066, 0.130894, 0.211559, 0.237037, 0.238334, 0.245836, 0.286556, 0.0614908, 0.567905, 0.611891, 1, 

174,245,0.001, 0.0483728, 0.0442225, 0.0456075, 0.0848911, 0.0867066, 0.0992089, 0.129026, 0.298011, 0.238334, 0.245836, 0.356605, 0.286556, 0.294451, 1, 

169,262,0.001, 0.0483728, 0.071618, 0.0821046, 0.101393, 0.0992089, 0.129026, 0.237037, 0.238334, 0.360041, 0.294451, 0.355399, 1, 

Generation #29
155,361,0.0584058, 0.113366, 0.133808, 0.144151, 0.219841, 0.268801, 0.275661, 0.278002, 0.0464584, 0.278002, 0.286725, 0.295747, 0.360041, 0.372865, 0.567905, 0.611891, 0.696819, 0.71084, 0.750215, 0.761841, 0.768227, 0.779585, 0.922373, 0.946916, 1, 

166,293,0.001, 0.0134242, 0.0188177, 0.0594231, 0.0821862, 0.0911176, 0.130894, 0.211559, 0.237037, 0.238334, 0.360041, 0.372865, 0.567905, 0.611891, 1, 

153,417,0.120207, 0.001, 0.0239786, 0.0442225, 0.0821046, 0.101393, 0.239935, 0.249185, 0.278002, 0.286725, 0.551166, 0.360041, 0.372865, 0.567905, 0.611891, 1, 

202,202,0.0584058, 0.0483728, 0.0442225, 0.0456075, 0.0848911, 0.0867066, 0.130894, 0.211559, 0.237037, 0.238334, 0.295747, 0.360041, 0.0614908, 0.567905, 0.611891, 1, 

180,241,0.001, 0.0446694, 0.0188177, 0.0594231, 0.0821862, 0.0911176, 0.130894, 0.211559, 0.237037, 0.238334, 0.295747, 0.360041, 0.0614908, 0.567905, 0.611891, 1, 

168,280,0.001, 0.0239786, 0.0442225, 0.0456075, 0.0821862, 0.0867066, 0.130894, 0.211559, 0.237037, 0.238334, 0.245836, 0.286556, 0.0614908, 0.567905, 0.611891, 1, 

174,245,0.001, 0.0483728, 0.0442225, 0.0456075, 0.0848911, 0.0867066, 0.0992089, 0.129026, 0.298011, 0.238334, 0.245836, 0.356605, 0.286556, 0.294451, 1, 

169,262,0.001, 0.0483728, 0.071618, 0.0821046, 0.101393, 0.0992089, 0.129026, 0.237037, 0.238334, 0.360041, 0.294451, 0.355399, 1, 

Generation #30
155,361,0.0584058, 0.113366, 0.133808, 0.144151, 0.219841, 0.268801, 0.275661, 0.278002, 0.0464584, 0.278002, 0.286725, 0.295747, 0.360041, 0.372865, 0.567905, 0.611891, 0.696819, 0.71084, 0.750215, 0.761841, 0.768227, 0.779585, 0.922373, 0.946916, 1, 

166,293,0.001, 0.0134242, 0.0188177, 0.0594231, 0.0821862, 0.0911176, 0.130894, 0.211559, 0.237037, 0.238334, 0.360041, 0.372865, 0.567905, 0.611891, 1, 

153,417,0.120207, 0.001, 0.0239786, 0.0442225, 0.0821046, 0.101393, 0.239935, 0.249185, 0.278002, 0.286725, 0.551166, 0.360041, 0.372865, 0.567905, 0.611891, 1, 

202,202,0.0584058, 0.0483728, 0.0442225, 0.0456075, 0.0848911, 0.0867066, 0.130894, 0.211559, 0.237037, 0.238334, 0.295747, 0.360041, 0.0614908, 0.567905, 0.611891, 1, 

180,241,0.001, 0.0446694, 0.0188177, 0.0594231, 0.0821862, 0.0911176, 0.130894, 0.211559, 0.237037, 0.238334, 0.295747, 0.360041, 0.0614908, 0.567905, 0.611891, 1, 

168,280,0.001, 0.0239786, 0.0442225, 0.0456075, 0.0821862, 0.0867066, 0.130894, 0.211559, 0.237037, 0.238334, 0.245836, 0.286556, 0.0614908, 0.567905, 0.611891, 1, 

174,245,0.001, 0.0483728, 0.0442225, 0.0456075, 0.0848911, 0.0867066, 0.0992089, 0.129026, 0.298011, 0.238334, 0.245836, 0.356605, 0.286556, 0.294451, 1, 

169,262,0.001, 0.0483728, 0.071618, 0.0821046, 0.101393, 0.0992089, 0.129026, 0.237037, 0.238334, 0.360041, 0.294451, 0.355399, 1, 

Generation #31
155,361,0.0584058, 0.113366, 0.133808, 0.144151, 0.219841, 0.268801, 0.275661, 0.278002, 0.0464584, 0.278002, 0.286725, 0.295747, 0.360041, 0.372865, 0.567905, 0.611891, 0.696819, 0.71084, 0.750215, 0.761841, 0.768227, 0.779585, 0.922373, 0.946916, 1, 

166,293,0.001, 0.0134242, 0.0188177, 0.0594231, 0.0821862, 0.0911176, 0.130894, 0.211559, 0.237037, 0.238334, 0.360041, 0.372865, 0.567905, 0.611891, 1, 

153,417,0.120207, 0.001, 0.0239786, 0.0442225, 0.0821046, 0.101393, 0.239935, 0.249185, 0.278002, 0.286725, 0.551166, 0.360041, 0.372865, 0.567905, 0.611891, 1, 

202,202,0.0584058, 0.0483728, 0.0442225, 0.0456075, 0.0848911, 0.0867066, 0.130894, 0.211559, 0.237037, 0.238334, 0.295747, 0.360041, 0.0614908, 0.567905, 0.611891, 1, 

180,241,0.001, 0.0446694, 0.0188177, 0.0594231, 0.0821862, 0.0911176, 0.130894, 0.211559, 0.237037, 0.238334, 0.295747, 0.360041, 0.0614908, 0.567905, 0.611891, 1, 

168,280,0.001, 0.0239786, 0.0442225, 0.0456075, 0.0821862, 0.0867066, 0.130894, 0.211559, 0.237037, 0.238334, 0.245836, 0.286556, 0.0614908, 0.567905, 0.611891, 1, 

174,245,0.001, 0.0483728, 0.0442225, 0.0456075, 0.0848911, 0.0867066, 0.0992089, 0.129026, 0.298011, 0.238334, 0.245836, 0.356605, 0.286556, 0.294451, 1, 

169,262,0.001, 0.0483728, 0.071618, 0.0821046, 0.101393, 0.0992089, 0.129026, 0.237037, 0.238334, 0.360041, 0.294451, 0.355399, 1, 

Generation #32
155,361,0.0584058, 0.113366, 0.133808, 0.144151, 0.219841, 0.268801, 0.275661, 0.278002, 0.0464584, 0.278002, 0.286725, 0.295747, 0.360041, 0.372865, 0.567905, 0.611891, 0.696819, 0.71084, 0.750215, 0.761841, 0.768227, 0.779585, 0.922373, 0.946916, 1, 

166,293,0.001, 0.0134242, 0.0188177, 0.0594231, 0.0821862, 0.0911176, 0.130894, 0.211559, 0.237037, 0.238334, 0.360041, 0.372865, 0.567905, 0.611891, 1, 

153,417,0.120207, 0.001, 0.0239786, 0.0442225, 0.0821046, 0.101393, 0.239935, 0.249185, 0.278002, 0.286725, 0.551166, 0.360041, 0.372865, 0.567905, 0.611891, 1, 

202,202,0.0584058, 0.0483728, 0.0442225, 0.0456075, 0.0848911, 0.0867066, 0.130894, 0.211559, 0.237037, 0.238334, 0.295747, 0.360041, 0.0614908, 0.567905, 0.611891, 1, 

180,241,0.001, 0.0446694, 0.0188177, 0.0594231, 0.0821862, 0.0911176, 0.130894, 0.211559, 0.237037, 0.238334, 0.295747, 0.360041, 0.0614908, 0.567905, 0.611891, 1, 

168,280,0.001, 0.0239786, 0.0442225, 0.0456075, 0.0821862, 0.0867066, 0.130894, 0.211559, 0.237037, 0.238334, 0.245836, 0.286556, 0.0614908, 0.567905, 0.611891, 1, 

174,245,0.001, 0.0483728, 0.0442225, 0.0456075, 0.0848911, 0.0867066, 0.0992089, 0.129026, 0.298011, 0.238334, 0.245836, 0.356605, 0.286556, 0.294451, 1, 

169,262,0.001, 0.0483728, 0.071618, 0.0821046, 0.101393, 0.0992089, 0.129026, 0.237037, 0.238334, 0.360041, 0.294451, 0.355399, 1, 

Generation #33
155,361,0.0584058, 0.113366, 0.133808, 0.144151, 0.219841, 0.268801, 0.275661, 0.278002, 0.0464584, 0.278002, 0.286725, 0.295747, 0.360041, 0.372865, 0.567905, 0.611891, 0.696819, 0.71084, 0.750215, 0.761841, 0.768227, 0.779585, 0.922373, 0.946916, 1, 

166,293,0.001, 0.0134242, 0.0188177, 0.0594231, 0.0821862, 0.0911176, 0.130894, 0.211559, 0.237037, 0.238334, 0.360041, 0.372865, 0.567905, 0.611891, 1, 

153,417,0.120207, 0.001, 0.0239786, 0.0442225, 0.0821046, 0.101393, 0.239935, 0.249185, 0.278002, 0.286725, 0.551166, 0.360041, 0.372865, 0.567905, 0.611891, 1, 

202,202,0.0584058, 0.0483728, 0.0442225, 0.0456075, 0.0848911, 0.0867066, 0.130894, 0.211559, 0.237037, 0.238334, 0.295747, 0.360041, 0.0614908, 0.567905, 0.611891, 1, 

180,241,0.001, 0.0446694, 0.0188177, 0.0594231, 0.0821862, 0.0911176, 0.130894, 0.211559, 0.237037, 0.238334, 0.295747, 0.360041, 0.0614908, 0.567905, 0.611891, 1, 

168,280,0.001, 0.0239786, 0.0442225, 0.0456075, 0.0821862, 0.0867066, 0.130894, 0.211559, 0.237037, 0.238334, 0.245836, 0.286556, 0.0614908, 0.567905, 0.611891, 1, 

174,245,0.001, 0.0483728, 0.0442225, 0.0456075, 0.0848911, 0.0867066, 0.0992089, 0.129026, 0.298011, 0.238334, 0.245836, 0.356605, 0.286556, 0.294451, 1, 

169,262,0.001, 0.0483728, 0.071618, 0.0821046, 0.101393, 0.0992089, 0.129026, 0.237037, 0.238334, 0.360041, 0.294451, 0.355399, 1, 

Generation #34
155,361,0.0584058, 0.113366, 0.133808, 0.144151, 0.219841, 0.268801, 0.275661, 0.278002, 0.0464584, 0.278002, 0.286725, 0.295747, 0.360041, 0.372865, 0.567905, 0.611891, 0.696819, 0.71084, 0.750215, 0.761841, 0.768227, 0.779585, 0.922373, 0.946916, 1, 

166,293,0.001, 0.0134242, 0.0188177, 0.0594231, 0.0821862, 0.0911176, 0.130894, 0.211559, 0.237037, 0.238334, 0.360041, 0.372865, 0.567905, 0.611891, 1, 

153,417,0.120207, 0.001, 0.0239786, 0.0442225, 0.0821046, 0.101393, 0.239935, 0.249185, 0.278002, 0.286725, 0.551166, 0.360041, 0.372865, 0.567905, 0.611891, 1, 

202,202,0.0584058, 0.0483728, 0.0442225, 0.0456075, 0.0848911, 0.0867066, 0.130894, 0.211559, 0.237037, 0.238334, 0.295747, 0.360041, 0.0614908, 0.567905, 0.611891, 1, 

180,241,0.001, 0.0446694, 0.0188177, 0.0594231, 0.0821862, 0.0911176, 0.130894, 0.211559, 0.237037, 0.238334, 0.295747, 0.360041, 0.0614908, 0.567905, 0.611891, 1, 

168,280,0.001, 0.0239786, 0.0442225, 0.0456075, 0.0821862, 0.0867066, 0.130894, 0.211559, 0.237037, 0.238334, 0.245836, 0.286556, 0.0614908, 0.567905, 0.611891, 1, 

174,245,0.001, 0.0483728, 0.0442225, 0.0456075, 0.0848911, 0.0867066, 0.0992089, 0.129026, 0.298011, 0.238334, 0.245836, 0.356605, 0.286556, 0.294451, 1, 

169,262,0.001, 0.0483728, 0.071618, 0.0821046, 0.101393, 0.0992089, 0.129026, 0.237037, 0.238334, 0.360041, 0.294451, 0.355399, 1, 

Generation #35
155,361,0.0584058, 0.113366, 0.133808, 0.144151, 0.219841, 0.268801, 0.275661, 0.278002, 0.0464584, 0.278002, 0.286725, 0.295747, 0.360041, 0.372865, 0.567905, 0.611891, 0.696819, 0.71084, 0.750215, 0.761841, 0.768227, 0.779585, 0.922373, 0.946916, 1, 

166,293,0.001, 0.0134242, 0.0188177, 0.0594231, 0.0821862, 0.0911176, 0.130894, 0.211559, 0.237037, 0.238334, 0.360041, 0.372865, 0.567905, 0.611891, 1, 

153,417,0.120207, 0.001, 0.0239786, 0.0442225, 0.0821046, 0.101393, 0.239935, 0.249185, 0.278002, 0.286725, 0.551166, 0.360041, 0.372865, 0.567905, 0.611891, 1, 

202,202,0.0584058, 0.0483728, 0.0442225, 0.0456075, 0.0848911, 0.0867066, 0.130894, 0.211559, 0.237037, 0.238334, 0.295747, 0.360041, 0.0614908, 0.567905, 0.611891, 1, 

180,241,0.001, 0.0446694, 0.0188177, 0.0594231, 0.0821862, 0.0911176, 0.130894, 0.211559, 0.237037, 0.238334, 0.295747, 0.360041, 0.0614908, 0.567905, 0.611891, 1, 

168,280,0.001, 0.0239786, 0.0442225, 0.0456075, 0.0821862, 0.0867066, 0.130894, 0.211559, 0.237037, 0.238334, 0.245836, 0.286556, 0.0614908, 0.567905, 0.611891, 1, 

174,245,0.001, 0.0483728, 0.0442225, 0.0456075, 0.0848911, 0.0867066, 0.0992089, 0.129026, 0.298011, 0.238334, 0.245836, 0.356605, 0.286556, 0.294451, 1, 

169,262,0.001, 0.0483728, 0.071618, 0.0821046, 0.101393, 0.0992089, 0.129026, 0.237037, 0.238334, 0.360041, 0.294451, 0.355399, 1, 

195,239,0.001, 0.0134242, 0.0442225, 0.0456075, 0.0821862, 0.0867066, 0.130894, 0.211559, 0.237037, 0.238334, 0.295747, 0.360041, 0.0614908, 0.567905, 1, 

167,291,0.001, 0.0483728, 0.0442225, 0.0456075, 0.0848911, 0.0867066, 0.130894, 0.211559, 0.237037, 0.238334, 0.295747, 0.372865, 0.567905, 0.567905, 0.132129, 1, 

Generation #36
155,361,0.0584058, 0.113366, 0.133808, 0.144151, 0.219841, 0.268801, 0.275661, 0.278002, 0.0464584, 0.278002, 0.286725, 0.295747, 0.360041, 0.372865, 0.567905, 0.611891, 0.696819, 0.71084, 0.750215, 0.761841, 0.768227, 0.779585, 0.922373, 0.946916, 1, 

166,293,0.001, 0.0134242, 0.0188177, 0.0594231, 0.0821862, 0.0911176, 0.130894, 0.211559, 0.237037, 0.238334, 0.360041, 0.372865, 0.567905, 0.611891, 1, 

153,417,0.120207, 0.001, 0.0239786, 0.0442225, 0.0821046, 0.101393, 0.239935, 0.249185, 0.278002, 0.286725, 0.551166, 0.360041, 0.372865, 0.567905, 0.611891, 1, 

202,202,0.0584058, 0.0483728, 0.0442225, 0.0456075, 0.0848911, 0.0867066, 0.130894, 0.211559, 0.237037, 0.238334, 0.295747, 0.360041, 0.0614908, 0.567905, 0.611891, 1, 

180,241,0.001, 0.0446694, 0.0188177, 0.0594231, 0.0821862, 0.0911176, 0.130894, 0.211559, 0.237037, 0.238334, 0.295747, 0.360041, 0.0614908, 0.567905, 0.611891, 1, 

168,280,0.001, 0.0239786, 0.0442225, 0.0456075, 0.0821862, 0.0867066, 0.130894, 0.211559, 0.237037, 0.238334, 0.245836, 0.286556, 0.0614908, 0.567905, 0.611891, 1, 

174,245,0.001, 0.0483728, 0.0442225, 0.0456075, 0.0848911, 0.0867066, 0.0992089, 0.129026, 0.298011, 0.238334, 0.245836, 0.356605, 0.286556, 0.294451, 1, 

169,262,0.001, 0.0483728, 0.071618, 0.0821046, 0.101393, 0.0992089, 0.129026, 0.237037, 0.238334, 0.360041, 0.294451, 0.355399, 1, 

195,239,0.001, 0.0134242, 0.0442225, 0.0456075, 0.0821862, 0.0867066, 0.130894, 0.211559, 0.237037, 0.238334, 0.295747, 0.360041, 0.0614908, 0.567905, 1, 

167,291,0.001, 0.0483728, 0.0442225, 0.0456075, 0.0848911, 0.0867066, 0.130894, 0.211559, 0.237037, 0.238334, 0.295747, 0.372865, 0.567905, 0.567905, 0.132129, 1, 

170,254,0.001, 0.0134242, 0.0442225, 0.0456075, 0.0821862, 0.0867066, 0.130894, 0.211559, 0.237037, 0.302956, 0.356322, 0.360041, 0.0614908, 0.567905, 0.611891, 1, 

Generation #37
155,361,0.0584058, 0.113366, 0.133808, 0.144151, 0.219841, 0.268801, 0.275661, 0.278002, 0.0464584, 0.278002, 0.286725, 0.295747, 0.360041, 0.372865, 0.567905, 0.611891, 0.696819, 0.71084, 0.750215, 0.761841, 0.768227, 0.779585, 0.922373, 0.946916, 1, 

166,293,0.001, 0.0134242, 0.0188177, 0.0594231, 0.0821862, 0.0911176, 0.130894, 0.211559, 0.237037, 0.238334, 0.360041, 0.372865, 0.567905, 0.611891, 1, 

153,417,0.120207, 0.001, 0.0239786, 0.0442225, 0.0821046, 0.101393, 0.239935, 0.249185, 0.278002, 0.286725, 0.551166, 0.360041, 0.372865, 0.567905, 0.611891, 1, 

202,202,0.0584058, 0.0483728, 0.0442225, 0.0456075, 0.0848911, 0.0867066, 0.130894, 0.211559, 0.237037, 0.238334, 0.295747, 0.360041, 0.0614908, 0.567905, 0.611891, 1, 

180,241,0.001, 0.0446694, 0.0188177, 0.0594231, 0.0821862, 0.0911176, 0.130894, 0.211559, 0.237037, 0.238334, 0.295747, 0.360041, 0.0614908, 0.567905, 0.611891, 1, 

168,280,0.001, 0.0239786, 0.0442225, 0.0456075, 0.0821862, 0.0867066, 0.130894, 0.211559, 0.237037, 0.238334, 0.245836, 0.286556, 0.0614908, 0.567905, 0.611891, 1, 

174,245,0.001, 0.0483728, 0.0442225, 0.0456075, 0.0848911, 0.0867066, 0.0992089, 0.129026, 0.298011, 0.238334, 0.245836, 0.356605, 0.286556, 0.294451, 1, 

169,262,0.001, 0.0483728, 0.071618, 0.0821046, 0.101393, 0.0992089, 0.129026, 0.237037, 0.238334, 0.360041, 0.294451, 0.355399, 1, 

195,239,0.001, 0.0134242, 0.0442225, 0.0456075, 0.0821862, 0.0867066, 0.130894, 0.211559, 0.237037, 0.238334, 0.295747, 0.360041, 0.0614908, 0.567905, 1, 

167,291,0.001, 0.0483728, 0.0442225, 0.0456075, 0.0848911, 0.0867066, 0.130894, 0.211559, 0.237037, 0.238334, 0.295747, 0.372865, 0.567905, 0.567905, 0.132129, 1, 

170,254,0.001, 0.0134242, 0.0442225, 0.0456075, 0.0821862, 0.0867066, 0.130894, 0.211559, 0.237037, 0.302956, 0.356322, 0.360041, 0.0614908, 0.567905, 0.611891, 1, 

Generation #38
155,361,0.0584058, 0.113366, 0.133808, 0.144151, 0.219841, 0.268801, 0.275661, 0.278002, 0.0464584, 0.278002, 0.286725, 0.295747, 0.360041, 0.372865, 0.567905, 0.611891, 0.696819, 0.71084, 0.750215, 0.761841, 0.768227, 0.779585, 0.922373, 0.946916, 1, 

153,417,0.120207, 0.001, 0.0239786, 0.0442225, 0.0821046, 0.101393, 0.239935, 0.249185, 0.278002, 0.286725, 0.551166, 0.360041, 0.372865, 0.567905, 0.611891, 1, 

202,202,0.0584058, 0.0483728, 0.0442225, 0.0456075, 0.0848911, 0.0867066, 0.130894, 0.211559, 0.237037, 0.238334, 0.295747, 0.360041, 0.0614908, 0.567905, 0.611891, 1, 

165,232,0.001, 0.0239786, 0.0442225, 0.0456075, 0.0848911, 0.0867066, 0.0992089, 0.129026, 0.298011, 0.238334, 0.245836, 0.356605, 0.286556, 0.294451, 1, 

Generation #39
155,361,0.0584058, 0.113366, 0.133808, 0.144151, 0.219841, 0.268801, 0.275661, 0.278002, 0.0464584, 0.278002, 0.286725, 0.295747, 0.360041, 0.372865, 0.567905, 0.611891, 0.696819, 0.71084, 0.750215, 0.761841, 0.768227, 0.779585, 0.922373, 0.946916, 1, 

153,417,0.120207, 0.001, 0.0239786, 0.0442225, 0.0821046, 0.101393, 0.239935, 0.249185, 0.278002, 0.286725, 0.551166, 0.360041, 0.372865, 0.567905, 0.611891, 1, 

202,202,0.0584058, 0.0483728, 0.0442225, 0.0456075, 0.0848911, 0.0867066, 0.130894, 0.211559, 0.237037, 0.238334, 0.295747, 0.360041, 0.0614908, 0.567905, 0.611891, 1, 

165,232,0.001, 0.0239786, 0.0442225, 0.0456075, 0.0848911, 0.0867066, 0.0992089, 0.129026, 0.298011, 0.238334, 0.245836, 0.356605, 0.286556, 0.294451, 1, 

Generation #40
155,361,0.0584058, 0.113366, 0.133808, 0.144151, 0.219841, 0.268801, 0.275661, 0.278002, 0.0464584, 0.278002, 0.286725, 0.295747, 0.360041, 0.372865, 0.567905, 0.611891, 0.696819, 0.71084, 0.750215, 0.761841, 0.768227, 0.779585, 0.922373, 0.946916, 1, 

153,417,0.120207, 0.001, 0.0239786, 0.0442225, 0.0821046, 0.101393, 0.239935, 0.249185, 0.278002, 0.286725, 0.551166, 0.360041, 0.372865, 0.567905, 0.611891, 1, 

202,202,0.0584058, 0.0483728, 0.0442225, 0.0456075, 0.0848911, 0.0867066, 0.130894, 0.211559, 0.237037, 0.238334, 0.295747, 0.360041, 0.0614908, 0.567905, 0.611891, 1, 

165,232,0.001, 0.0239786, 0.0442225, 0.0456075, 0.0848911, 0.0867066, 0.0992089, 0.129026, 0.298011, 0.238334, 0.245836, 0.356605, 0.286556, 0.294451, 1, 

Generation #41
155,361,0.0584058, 0.113366, 0.133808, 0.144151, 0.219841, 0.268801, 0.275661, 0.278002, 0.0464584, 0.278002, 0.286725, 0.295747, 0.360041, 0.372865, 0.567905, 0.611891, 0.696819, 0.71084, 0.750215, 0.761841, 0.768227, 0.779585, 0.922373, 0.946916, 1, 

153,417,0.120207, 0.001, 0.0239786, 0.0442225, 0.0821046, 0.101393, 0.239935, 0.249185, 0.278002, 0.286725, 0.551166, 0.360041, 0.372865, 0.567905, 0.611891, 1, 

202,202,0.0584058, 0.0483728, 0.0442225, 0.0456075, 0.0848911, 0.0867066, 0.130894, 0.211559, 0.237037, 0.238334, 0.295747, 0.360041, 0.0614908, 0.567905, 0.611891, 1, 

165,232,0.001, 0.0239786, 0.0442225, 0.0456075, 0.0848911, 0.0867066, 0.0992089, 0.129026, 0.298011, 0.238334, 0.245836, 0.356605, 0.286556, 0.294451, 1, 

163,279,0.001, 0.0134242, 0.0188177, 0.0456075, 0.0848911, 0.0867066, 0.130894, 0.211559, 0.237037, 0.238334, 0.295747, 0.360041, 0.0614908, 0.567905, 1, 

Generation #42
155,361,0.0584058, 0.113366, 0.133808, 0.144151, 0.219841, 0.268801, 0.275661, 0.278002, 0.0464584, 0.278002, 0.286725, 0.295747, 0.360041, 0.372865, 0.567905, 0.611891, 0.696819, 0.71084, 0.750215, 0.761841, 0.768227, 0.779585, 0.922373, 0.946916, 1, 

153,417,0.120207, 0.001, 0.0239786, 0.0442225, 0.0821046, 0.101393, 0.239935, 0.249185, 0.278002, 0.286725, 0.551166, 0.360041, 0.372865, 0.567905, 0.611891, 1, 

202,202,0.0584058, 0.0483728, 0.0442225, 0.0456075, 0.0848911, 0.0867066, 0.130894, 0.211559, 0.237037, 0.238334, 0.295747, 0.360041, 0.0614908, 0.567905, 0.611891, 1, 

165,232,0.001, 0.0239786, 0.0442225, 0.0456075, 0.0848911, 0.0867066, 0.0992089, 0.129026, 0.298011, 0.238334, 0.245836, 0.356605, 0.286556, 0.294451, 1, 

163,279,0.001, 0.0134242, 0.0188177, 0.0456075, 0.0848911, 0.0867066, 0.130894, 0.211559, 0.237037, 0.238334, 0.295747, 0.360041, 0.0614908, 0.567905, 1, 

Generation #43
155,361,0.0584058, 0.113366, 0.133808, 0.144151, 0.219841, 0.268801, 0.275661, 0.278002, 0.0464584, 0.278002, 0.286725, 0.295747, 0.360041, 0.372865, 0.567905, 0.611891, 0.696819, 0.71084, 0.750215, 0.761841, 0.768227, 0.779585, 0.922373, 0.946916, 1, 

153,417,0.120207, 0.001, 0.0239786, 0.0442225, 0.0821046, 0.101393, 0.239935, 0.249185, 0.278002, 0.286725, 0.551166, 0.360041, 0.372865, 0.567905, 0.611891, 1, 

202,202,0.0584058, 0.0483728, 0.0442225, 0.0456075, 0.0848911, 0.0867066, 0.130894, 0.211559, 0.237037, 0.238334, 0.295747, 0.360041, 0.0614908, 0.567905, 0.611891, 1, 

165,232,0.001, 0.0239786, 0.0442225, 0.0456075, 0.0848911, 0.0867066, 0.0992089, 0.129026, 0.298011, 0.238334, 0.245836, 0.356605, 0.286556, 0.294451, 1, 

163,279,0.001, 0.0134242, 0.0188177, 0.0456075, 0.0848911, 0.0867066, 0.130894, 0.211559, 0.237037, 0.238334, 0.295747, 0.360041, 0.0614908, 0.567905, 1, 

Generation #44
155,361,0.0584058, 0.113366, 0.133808, 0.144151, 0.219841, 0.268801, 0.275661, 0.278002, 0.0464584, 0.278002, 0.286725, 0.295747, 0.360041, 0.372865, 0.567905, 0.611891, 0.696819, 0.71084, 0.750215, 0.761841, 0.768227, 0.779585, 0.922373, 0.946916, 1, 

153,417,0.120207, 0.001, 0.0239786, 0.0442225, 0.0821046, 0.101393, 0.239935, 0.249185, 0.278002, 0.286725, 0.551166, 0.360041, 0.372865, 0.567905, 0.611891, 1, 

202,202,0.0584058, 0.0483728, 0.0442225, 0.0456075, 0.0848911, 0.0867066, 0.130894, 0.211559, 0.237037, 0.238334, 0.295747, 0.360041, 0.0614908, 0.567905, 0.611891, 1, 

165,232,0.001, 0.0239786, 0.0442225, 0.0456075, 0.0848911, 0.0867066, 0.0992089, 0.129026, 0.298011, 0.238334, 0.245836, 0.356605, 0.286556, 0.294451, 1, 

163,279,0.001, 0.0134242, 0.0188177, 0.0456075, 0.0848911, 0.0867066, 0.130894, 0.211559, 0.237037, 0.238334, 0.295747, 0.360041, 0.0614908, 0.567905, 1, 

192,226,0.001, 0.0239786, 0.0442225, 0.0456075, 0.0821862, 0.0867066, 0.130894, 0.211559, 0.237037, 0.238334, 0.245836, 0.286556, 0.0614908, 1, 

Generation #45
155,361,0.0584058, 0.113366, 0.133808, 0.144151, 0.219841, 0.268801, 0.275661, 0.278002, 0.0464584, 0.278002, 0.286725, 0.295747, 0.360041, 0.372865, 0.567905, 0.611891, 0.696819, 0.71084, 0.750215, 0.761841, 0.768227, 0.779585, 0.922373, 0.946916, 1, 

153,417,0.120207, 0.001, 0.0239786, 0.0442225, 0.0821046, 0.101393, 0.239935, 0.249185, 0.278002, 0.286725, 0.551166, 0.360041, 0.372865, 0.567905, 0.611891, 1, 

202,202,0.0584058, 0.0483728, 0.0442225, 0.0456075, 0.0848911, 0.0867066, 0.130894, 0.211559, 0.237037, 0.238334, 0.295747, 0.360041, 0.0614908, 0.567905, 0.611891, 1, 

165,232,0.001, 0.0239786, 0.0442225, 0.0456075, 0.0848911, 0.0867066, 0.0992089, 0.129026, 0.298011, 0.238334, 0.245836, 0.356605, 0.286556, 0.294451, 1, 

163,279,0.001, 0.0134242, 0.0188177, 0.0456075, 0.0848911, 0.0867066, 0.130894, 0.211559, 0.237037, 0.238334, 0.295747, 0.360041, 0.0614908, 0.567905, 1, 

192,226,0.001, 0.0239786, 0.0442225, 0.0456075, 0.0821862, 0.0867066, 0.130894, 0.211559, 0.237037, 0.238334, 0.245836, 0.286556, 0.0614908, 1, 

160,286,0.001, 0.0134242, 0.0188177, 0.0594231, 0.0821862, 0.0911176, 0.0992089, 0.211559, 0.237037, 0.238334, 0.295747, 0.360041, 0.0614908, 0.567905, 1, 

Generation #46
155,361,0.0584058, 0.113366, 0.133808, 0.144151, 0.219841, 0.268801, 0.275661, 0.278002, 0.0464584, 0.278002, 0.286725, 0.295747, 0.360041, 0.372865, 0.567905, 0.611891, 0.696819, 0.71084, 0.750215, 0.761841, 0.768227, 0.779585, 0.922373, 0.946916, 1, 

153,417,0.120207, 0.001, 0.0239786, 0.0442225, 0.0821046, 0.101393, 0.239935, 0.249185, 0.278002, 0.286725, 0.551166, 0.360041, 0.372865, 0.567905, 0.611891, 1, 

202,202,0.0584058, 0.0483728, 0.0442225, 0.0456075, 0.0848911, 0.0867066, 0.130894, 0.211559, 0.237037, 0.238334, 0.295747, 0.360041, 0.0614908, 0.567905, 0.611891, 1, 

165,232,0.001, 0.0239786, 0.0442225, 0.0456075, 0.0848911, 0.0867066, 0.0992089, 0.129026, 0.298011, 0.238334, 0.245836, 0.356605, 0.286556, 0.294451, 1, 

163,279,0.001, 0.0134242, 0.0188177, 0.0456075, 0.0848911, 0.0867066, 0.130894, 0.211559, 0.237037, 0.238334, 0.295747, 0.360041, 0.0614908, 0.567905, 1, 

192,226,0.001, 0.0239786, 0.0442225, 0.0456075, 0.0821862, 0.0867066, 0.130894, 0.211559, 0.237037, 0.238334, 0.245836, 0.286556, 0.0614908, 1, 

160,286,0.001, 0.0134242, 0.0188177, 0.0594231, 0.0821862, 0.0911176, 0.0992089, 0.211559, 0.237037, 0.238334, 0.295747, 0.360041, 0.0614908, 0.567905, 1, 

Generation #47
155,361,0.0584058, 0.113366, 0.133808, 0.144151, 0.219841, 0.268801, 0.275661, 0.278002, 0.0464584, 0.278002, 0.286725, 0.295747, 0.360041, 0.372865, 0.567905, 0.611891, 0.696819, 0.71084, 0.750215, 0.761841, 0.768227, 0.779585, 0.922373, 0.946916, 1, 

153,417,0.120207, 0.001, 0.0239786, 0.0442225, 0.0821046, 0.101393, 0.239935, 0.249185, 0.278002, 0.286725, 0.551166, 0.360041, 0.372865, 0.567905, 0.611891, 1, 

202,202,0.0584058, 0.0483728, 0.0442225, 0.0456075, 0.0848911, 0.0867066, 0.130894, 0.211559, 0.237037, 0.238334, 0.295747, 0.360041, 0.0614908, 0.567905, 0.611891, 1, 

165,232,0.001, 0.0239786, 0.0442225, 0.0456075, 0.0848911, 0.0867066, 0.0992089, 0.129026, 0.298011, 0.238334, 0.245836, 0.356605, 0.286556, 0.294451, 1, 

163,279,0.001, 0.0134242, 0.0188177, 0.0456075, 0.0848911, 0.0867066, 0.130894, 0.211559, 0.237037, 0.238334, 0.295747, 0.360041, 0.0614908, 0.567905, 1, 

192,226,0.001, 0.0239786, 0.0442225, 0.0456075, 0.0821862, 0.0867066, 0.130894, 0.211559, 0.237037, 0.238334, 0.245836, 0.286556, 0.0614908, 1, 

160,286,0.001, 0.0134242, 0.0188177, 0.0594231, 0.0821862, 0.0911176, 0.0992089, 0.211559, 0.237037, 0.238334, 0.295747, 0.360041, 0.0614908, 0.567905, 1, 

Generation #48
155,361,0.0584058, 0.113366, 0.133808, 0.144151, 0.219841, 0.268801, 0.275661, 0.278002, 0.0464584, 0.278002, 0.286725, 0.295747, 0.360041, 0.372865, 0.567905, 0.611891, 0.696819, 0.71084, 0.750215, 0.761841, 0.768227, 0.779585, 0.922373, 0.946916, 1, 

153,417,0.120207, 0.001, 0.0239786, 0.0442225, 0.0821046, 0.101393, 0.239935, 0.249185, 0.278002, 0.286725, 0.551166, 0.360041, 0.372865, 0.567905, 0.611891, 1, 

202,202,0.0584058, 0.0483728, 0.0442225, 0.0456075, 0.0848911, 0.0867066, 0.130894, 0.211559, 0.237037, 0.238334, 0.295747, 0.360041, 0.0614908, 0.567905, 0.611891, 1, 

165,232,0.001, 0.0239786, 0.0442225, 0.0456075, 0.0848911, 0.0867066, 0.0992089, 0.129026, 0.298011, 0.238334, 0.245836, 0.356605, 0.286556, 0.294451, 1, 

163,279,0.001, 0.0134242, 0.0188177, 0.0456075, 0.0848911, 0.0867066, 0.130894, 0.211559, 0.237037, 0.238334, 0.295747, 0.360041, 0.0614908, 0.567905, 1, 

192,226,0.001, 0.0239786, 0.0442225, 0.0456075, 0.0821862, 0.0867066, 0.130894, 0.211559, 0.237037, 0.238334, 0.245836, 0.286556, 0.0614908, 1, 

160,286,0.001, 0.0134242, 0.0188177, 0.0594231, 0.0821862, 0.0911176, 0.0992089, 0.211559, 0.237037, 0.238334, 0.295747, 0.360041, 0.0614908, 0.567905, 1, 

Generation #49
155,361,0.0584058, 0.113366, 0.133808, 0.144151, 0.219841, 0.268801, 0.275661, 0.278002, 0.0464584, 0.278002, 0.286725, 0.295747, 0.360041, 0.372865, 0.567905, 0.611891, 0.696819, 0.71084, 0.750215, 0.761841, 0.768227, 0.779585, 0.922373, 0.946916, 1, 

153,417,0.120207, 0.001, 0.0239786, 0.0442225, 0.0821046, 0.101393, 0.239935, 0.249185, 0.278002, 0.286725, 0.551166, 0.360041, 0.372865, 0.567905, 0.611891, 1, 

202,202,0.0584058, 0.0483728, 0.0442225, 0.0456075, 0.0848911, 0.0867066, 0.130894, 0.211559, 0.237037, 0.238334, 0.295747, 0.360041, 0.0614908, 0.567905, 0.611891, 1, 

165,232,0.001, 0.0239786, 0.0442225, 0.0456075, 0.0848911, 0.0867066, 0.0992089, 0.129026, 0.298011, 0.238334, 0.245836, 0.356605, 0.286556, 0.294451, 1, 

163,279,0.001, 0.0134242, 0.0188177, 0.0456075, 0.0848911, 0.0867066, 0.130894, 0.211559, 0.237037, 0.238334, 0.295747, 0.360041, 0.0614908, 0.567905, 1, 

192,226,0.001, 0.0239786, 0.0442225, 0.0456075, 0.0821862, 0.0867066, 0.130894, 0.211559, 0.237037, 0.238334, 0.245836, 0.286556, 0.0614908, 1, 

160,286,0.001, 0.0134242, 0.0188177, 0.0594231, 0.0821862, 0.0911176, 0.0992089, 0.211559, 0.237037, 0.238334, 0.295747, 0.360041, 0.0614908, 0.567905, 1, 

--- Pareto Front Solutions ---
Solution 0: N total=399 (N_initial=244, N_added=155), Time total=509 ms, Saved to: ./results/Make_t3_l2_pareto_0.csv, percents=0.0584058, 0.113366, 0.133808, 0.144151, 0.219841, 0.268801, 0.275661, 0.278002, 0.0464584, 0.278002, 0.286725, 0.295747, 0.360041, 0.372865, 0.567905, 0.611891, 0.696819, 0.71084, 0.750215, 0.761841, 0.768227, 0.779585, 0.922373, 0.946916, 1, 

Solution 1: N total=397 (N_initial=244, N_added=153), Time total=565 ms, Saved to: ./results/Make_t3_l2_pareto_1.csv, percents=0.120207, 0.001, 0.0239786, 0.0442225, 0.0821046, 0.101393, 0.239935, 0.249185, 0.278002, 0.286725, 0.551166, 0.360041, 0.372865, 0.567905, 0.611891, 1, 

Solution 2: N total=446 (N_initial=244, N_added=202), Time total=350 ms, Saved to: ./results/Make_t3_l2_pareto_2.csv, percents=0.0584058, 0.0483728, 0.0442225, 0.0456075, 0.0848911, 0.0867066, 0.130894, 0.211559, 0.237037, 0.238334, 0.295747, 0.360041, 0.0614908, 0.567905, 0.611891, 1, 

Solution 3: N total=409 (N_initial=244, N_added=165), Time total=380 ms, Saved to: ./results/Make_t3_l2_pareto_3.csv, percents=0.001, 0.0239786, 0.0442225, 0.0456075, 0.0848911, 0.0867066, 0.0992089, 0.129026, 0.298011, 0.238334, 0.245836, 0.356605, 0.286556, 0.294451, 1, 

Solution 4: N total=407 (N_initial=244, N_added=163), Time total=427 ms, Saved to: ./results/Make_t3_l2_pareto_4.csv, percents=0.001, 0.0134242, 0.0188177, 0.0456075, 0.0848911, 0.0867066, 0.130894, 0.211559, 0.237037, 0.238334, 0.295747, 0.360041, 0.0614908, 0.567905, 1, 

Solution 5: N total=436 (N_initial=244, N_added=192), Time total=374 ms, Saved to: ./results/Make_t3_l2_pareto_5.csv, percents=0.001, 0.0239786, 0.0442225, 0.0456075, 0.0821862, 0.0867066, 0.130894, 0.211559, 0.237037, 0.238334, 0.245836, 0.286556, 0.0614908, 1, 

Solution 6: N total=404 (N_initial=244, N_added=160), Time total=434 ms, Saved to: ./results/Make_t3_l2_pareto_6.csv, percents=0.001, 0.0134242, 0.0188177, 0.0594231, 0.0821862, 0.0911176, 0.0992089, 0.211559, 0.237037, 0.238334, 0.295747, 0.360041, 0.0614908, 0.567905, 1, 

------------d=1, t=3, lambda=3, filename=./evaluation/Make/Make_3_3.csv------------
Computing partitioned counts of d-sets...
Ready to look at pairs based on partitioned counts...
First Stage N=360, Time=91
There are 197 remaining non-locating pairs
--- Running GA Algorithm (phase2) ---
Running GA with std::execution::par
Generation #0
174,390,0.001, 0.0729545, 0.0735438, 0.117797, 0.135868, 0.203583, 0.299724, 0.335851, 0.346393, 0.435876, 0.576531, 0.649839, 0.667373, 0.736103, 0.794174, 1, 

181,316,0.001, 0.0755846, 0.132036, 0.150321, 0.165938, 0.216626, 0.317611, 0.380696, 0.48345, 0.493703, 0.572436, 0.63489, 0.652821, 0.685695, 0.716926, 0.722717, 0.823314, 0.835188, 0.860218, 0.890831, 0.894499, 0.935005, 1, 

206,267,0.001, 0.0483227, 0.0579329, 0.0998376, 0.100991, 0.105596, 0.131, 0.164679, 0.213163, 0.232694, 0.240611, 0.242438, 0.246417, 0.362128, 0.379085, 0.445955, 0.449102, 0.483778, 0.485137, 0.504688, 0.70189, 0.708909, 0.716422, 0.71756, 0.726629, 0.819665, 0.828949, 0.831561, 0.85851, 0.859226, 1, 

218,265,0.001, 0.0510994, 0.0547214, 0.0599517, 0.0786647, 0.171902, 0.234779, 0.288887, 0.559897, 0.595132, 0.609477, 0.637153, 0.728676, 0.847973, 0.860358, 0.913201, 0.945794, 1, 

Generation #1
168,312,0.001, 0.012675, 0.128728, 0.155146, 0.1637, 0.234864, 0.267001, 0.279426, 0.33517, 0.368119, 0.396824, 0.434201, 0.48126, 0.736103, 0.794174, 1, 

180,210,0.001, 0.0511028, 0.0861043, 0.0904053, 0.278839, 0.405422, 0.367616, 0.391361, 0.404039, 0.421683, 0.519615, 0.54262, 0.557377, 0.576211, 0.60431, 0.625731, 0.698813, 0.70401, 0.760457, 0.8118, 0.872831, 0.914176, 0.965857, 0.990132, 0.991659, 1, 

Generation #2
168,312,0.001, 0.012675, 0.128728, 0.155146, 0.1637, 0.234864, 0.267001, 0.279426, 0.33517, 0.368119, 0.396824, 0.434201, 0.48126, 0.736103, 0.794174, 1, 

180,210,0.001, 0.0511028, 0.0861043, 0.0904053, 0.278839, 0.405422, 0.367616, 0.391361, 0.404039, 0.421683, 0.519615, 0.54262, 0.557377, 0.576211, 0.60431, 0.625731, 0.698813, 0.70401, 0.760457, 0.8118, 0.872831, 0.914176, 0.965857, 0.990132, 0.991659, 1, 

175,237,0.001, 0.0113792, 0.0168724, 0.0517338, 0.0989365, 0.112989, 0.121449, 0.126597, 0.165304, 0.268214, 0.275489, 0.277156, 0.361585, 0.378142, 0.443034, 0.447901, 0.472146, 0.540131, 0.567319, 0.583529, 0.68515, 0.700442, 0.748971, 0.817926, 0.827793, 0.885943, 0.929038, 0.950712, 1, 

222,199,0.001, 0.0230751, 0.0514174, 0.0537879, 0.0578811, 0.0599018, 0.0924662, 0.100911, 0.231766, 0.351953, 0.449739, 0.471353, 0.473477, 0.479496, 0.497604, 0.529772, 0.543622, 0.595747, 0.59706, 0.739141, 0.751401, 0.823961, 0.844849, 0.9003, 0.928795, 0.971582, 0.985447, 1, 

Generation #3
168,312,0.001, 0.012675, 0.128728, 0.155146, 0.1637, 0.234864, 0.267001, 0.279426, 0.33517, 0.368119, 0.396824, 0.434201, 0.48126, 0.736103, 0.794174, 1, 

180,210,0.001, 0.0511028, 0.0861043, 0.0904053, 0.278839, 0.405422, 0.367616, 0.391361, 0.404039, 0.421683, 0.519615, 0.54262, 0.557377, 0.576211, 0.60431, 0.625731, 0.698813, 0.70401, 0.760457, 0.8118, 0.872831, 0.914176, 0.965857, 0.990132, 0.991659, 1, 

175,237,0.001, 0.0113792, 0.0168724, 0.0517338, 0.0989365, 0.112989, 0.121449, 0.126597, 0.165304, 0.268214, 0.275489, 0.277156, 0.361585, 0.378142, 0.443034, 0.447901, 0.472146, 0.540131, 0.567319, 0.583529, 0.68515, 0.700442, 0.748971, 0.817926, 0.827793, 0.885943, 0.929038, 0.950712, 1, 

222,199,0.001, 0.0230751, 0.0514174, 0.0537879, 0.0578811, 0.0599018, 0.0924662, 0.100911, 0.231766, 0.351953, 0.449739, 0.471353, 0.473477, 0.479496, 0.497604, 0.529772, 0.543622, 0.595747, 0.59706, 0.739141, 0.751401, 0.823961, 0.844849, 0.9003, 0.928795, 0.971582, 0.985447, 1, 

Generation #4
168,312,0.001, 0.012675, 0.128728, 0.155146, 0.1637, 0.234864, 0.267001, 0.279426, 0.33517, 0.368119, 0.396824, 0.434201, 0.48126, 0.736103, 0.794174, 1, 

180,210,0.001, 0.0511028, 0.0861043, 0.0904053, 0.278839, 0.405422, 0.367616, 0.391361, 0.404039, 0.421683, 0.519615, 0.54262, 0.557377, 0.576211, 0.60431, 0.625731, 0.698813, 0.70401, 0.760457, 0.8118, 0.872831, 0.914176, 0.965857, 0.990132, 0.991659, 1, 

175,237,0.001, 0.0113792, 0.0168724, 0.0517338, 0.0989365, 0.112989, 0.121449, 0.126597, 0.165304, 0.268214, 0.275489, 0.277156, 0.361585, 0.378142, 0.443034, 0.447901, 0.472146, 0.540131, 0.567319, 0.583529, 0.68515, 0.700442, 0.748971, 0.817926, 0.827793, 0.885943, 0.929038, 0.950712, 1, 

189,172,0.001, 0.0729545, 0.0735438, 0.117797, 0.135868, 0.203583, 0.370722, 0.100911, 0.231766, 0.351953, 0.449739, 0.471353, 0.473477, 0.479496, 0.497604, 0.529772, 0.543622, 0.595747, 0.739141, 0.827987, 0.844917, 0.869955, 0.882363, 0.890232, 0.931531, 0.949179, 1, 

Generation #5
180,210,0.001, 0.0511028, 0.0861043, 0.0904053, 0.278839, 0.405422, 0.367616, 0.391361, 0.404039, 0.421683, 0.519615, 0.54262, 0.557377, 0.576211, 0.60431, 0.625731, 0.698813, 0.70401, 0.760457, 0.8118, 0.872831, 0.914176, 0.965857, 0.990132, 0.991659, 1, 

189,172,0.001, 0.0729545, 0.0735438, 0.117797, 0.135868, 0.203583, 0.370722, 0.100911, 0.231766, 0.351953, 0.449739, 0.471353, 0.473477, 0.479496, 0.497604, 0.529772, 0.543622, 0.595747, 0.739141, 0.827987, 0.844917, 0.869955, 0.882363, 0.890232, 0.931531, 0.949179, 1, 

167,215,0.001, 0.0230751, 0.0514174, 0.0537879, 0.100991, 0.105596, 0.131, 0.164679, 0.213163, 0.232694, 0.240611, 0.242438, 0.246417, 0.362128, 0.379085, 0.445955, 0.724124, 0.753088, 0.856502, 0.944312, 0.954014, 1, 

Generation #6
189,172,0.001, 0.0729545, 0.0735438, 0.117797, 0.135868, 0.203583, 0.370722, 0.100911, 0.231766, 0.351953, 0.449739, 0.471353, 0.473477, 0.479496, 0.497604, 0.529772, 0.543622, 0.595747, 0.739141, 0.827987, 0.844917, 0.869955, 0.882363, 0.890232, 0.931531, 0.949179, 1, 

163,203,0.001, 0.0483227, 0.0579329, 0.0998376, 0.100991, 0.105596, 0.131, 0.164679, 0.213163, 0.232694, 0.240611, 0.242438, 0.246417, 1, 

176,188,0.001, 0.0483227, 0.0168724, 0.0517338, 0.0989365, 0.112989, 0.121449, 0.126597, 0.165304, 0.268214, 0.576531, 0.649839, 0.667373, 0.736103, 0.794174, 1, 

Generation #7
189,172,0.001, 0.0729545, 0.0735438, 0.117797, 0.135868, 0.203583, 0.370722, 0.100911, 0.231766, 0.351953, 0.449739, 0.471353, 0.473477, 0.479496, 0.497604, 0.529772, 0.543622, 0.595747, 0.739141, 0.827987, 0.844917, 0.869955, 0.882363, 0.890232, 0.931531, 0.949179, 1, 

163,203,0.001, 0.0483227, 0.0579329, 0.0998376, 0.100991, 0.105596, 0.131, 0.164679, 0.213163, 0.232694, 0.240611, 0.242438, 0.246417, 1, 

176,188,0.001, 0.0483227, 0.0168724, 0.0517338, 0.0989365, 0.112989, 0.121449, 0.126597, 0.165304, 0.268214, 0.576531, 0.649839, 0.667373, 0.736103, 0.794174, 1, 

173,200,0.001, 0.0230751, 0.0514174, 0.0537879, 0.0578811, 0.0599018, 0.0924662, 0.100911, 0.231766, 0.351953, 0.449739, 0.84321, 0.471353, 1, 

Generation #8
189,172,0.001, 0.0729545, 0.0735438, 0.117797, 0.135868, 0.203583, 0.370722, 0.100911, 0.231766, 0.351953, 0.449739, 0.471353, 0.473477, 0.479496, 0.497604, 0.529772, 0.543622, 0.595747, 0.739141, 0.827987, 0.844917, 0.869955, 0.882363, 0.890232, 0.931531, 0.949179, 1, 

163,203,0.001, 0.0483227, 0.0579329, 0.0998376, 0.100991, 0.105596, 0.131, 0.164679, 0.213163, 0.232694, 0.240611, 0.242438, 0.246417, 1, 

176,188,0.001, 0.0483227, 0.0168724, 0.0517338, 0.0989365, 0.112989, 0.121449, 0.126597, 0.165304, 0.268214, 0.576531, 0.649839, 0.667373, 0.736103, 0.794174, 1, 

173,200,0.001, 0.0230751, 0.0514174, 0.0537879, 0.0578811, 0.0599018, 0.0924662, 0.100911, 0.231766, 0.351953, 0.449739, 0.84321, 0.471353, 1, 

Generation #9
189,172,0.001, 0.0729545, 0.0735438, 0.117797, 0.135868, 0.203583, 0.370722, 0.100911, 0.231766, 0.351953, 0.449739, 0.471353, 0.473477, 0.479496, 0.497604, 0.529772, 0.543622, 0.595747, 0.739141, 0.827987, 0.844917, 0.869955, 0.882363, 0.890232, 0.931531, 0.949179, 1, 

163,203,0.001, 0.0483227, 0.0579329, 0.0998376, 0.100991, 0.105596, 0.131, 0.164679, 0.213163, 0.232694, 0.240611, 0.242438, 0.246417, 1, 

176,188,0.001, 0.0483227, 0.0168724, 0.0517338, 0.0989365, 0.112989, 0.121449, 0.126597, 0.165304, 0.268214, 0.576531, 0.649839, 0.667373, 0.736103, 0.794174, 1, 

173,200,0.001, 0.0230751, 0.0514174, 0.0537879, 0.0578811, 0.0599018, 0.0924662, 0.100911, 0.231766, 0.351953, 0.449739, 0.84321, 0.471353, 1, 

206,152,0.001, 0.0230751, 0.0514174, 0.0537879, 0.0578811, 0.0599018, 0.0924662, 0.100911, 0.201484, 0.237026, 0.296636, 0.307279, 0.273151, 0.695243, 0.806667, 0.84365, 1, 

190,163,0.001, 0.0483227, 0.0168724, 0.0517338, 0.0989365, 0.112989, 0.121449, 0.126597, 0.165304, 0.268214, 0.275489, 0.277156, 0.361585, 0.378142, 0.443034, 0.447901, 0.472146, 0.540131, 0.567319, 0.583529, 0.68515, 0.700442, 0.748971, 0.817926, 0.827793, 0.96554, 0.885943, 0.929038, 0.950712, 1, 

Generation #10
189,172,0.001, 0.0729545, 0.0735438, 0.117797, 0.135868, 0.203583, 0.370722, 0.100911, 0.231766, 0.351953, 0.449739, 0.471353, 0.473477, 0.479496, 0.497604, 0.529772, 0.543622, 0.595747, 0.739141, 0.827987, 0.844917, 0.869955, 0.882363, 0.890232, 0.931531, 0.949179, 1, 

163,203,0.001, 0.0483227, 0.0579329, 0.0998376, 0.100991, 0.105596, 0.131, 0.164679, 0.213163, 0.232694, 0.240611, 0.242438, 0.246417, 1, 

176,188,0.001, 0.0483227, 0.0168724, 0.0517338, 0.0989365, 0.112989, 0.121449, 0.126597, 0.165304, 0.268214, 0.576531, 0.649839, 0.667373, 0.736103, 0.794174, 1, 

173,200,0.001, 0.0230751, 0.0514174, 0.0537879, 0.0578811, 0.0599018, 0.0924662, 0.100911, 0.231766, 0.351953, 0.449739, 0.84321, 0.471353, 1, 

206,152,0.001, 0.0230751, 0.0514174, 0.0537879, 0.0578811, 0.0599018, 0.0924662, 0.100911, 0.201484, 0.237026, 0.296636, 0.307279, 0.273151, 0.695243, 0.806667, 0.84365, 1, 

190,163,0.001, 0.0483227, 0.0168724, 0.0517338, 0.0989365, 0.112989, 0.121449, 0.126597, 0.165304, 0.268214, 0.275489, 0.277156, 0.361585, 0.378142, 0.443034, 0.447901, 0.472146, 0.540131, 0.567319, 0.583529, 0.68515, 0.700442, 0.748971, 0.817926, 0.827793, 0.96554, 0.885943, 0.929038, 0.950712, 1, 

Generation #11
189,172,0.001, 0.0729545, 0.0735438, 0.117797, 0.135868, 0.203583, 0.370722, 0.100911, 0.231766, 0.351953, 0.449739, 0.471353, 0.473477, 0.479496, 0.497604, 0.529772, 0.543622, 0.595747, 0.739141, 0.827987, 0.844917, 0.869955, 0.882363, 0.890232, 0.931531, 0.949179, 1, 

163,203,0.001, 0.0483227, 0.0579329, 0.0998376, 0.100991, 0.105596, 0.131, 0.164679, 0.213163, 0.232694, 0.240611, 0.242438, 0.246417, 1, 

176,188,0.001, 0.0483227, 0.0168724, 0.0517338, 0.0989365, 0.112989, 0.121449, 0.126597, 0.165304, 0.268214, 0.576531, 0.649839, 0.667373, 0.736103, 0.794174, 1, 

173,200,0.001, 0.0230751, 0.0514174, 0.0537879, 0.0578811, 0.0599018, 0.0924662, 0.100911, 0.231766, 0.351953, 0.449739, 0.84321, 0.471353, 1, 

206,152,0.001, 0.0230751, 0.0514174, 0.0537879, 0.0578811, 0.0599018, 0.0924662, 0.100911, 0.201484, 0.237026, 0.296636, 0.307279, 0.273151, 0.695243, 0.806667, 0.84365, 1, 

190,163,0.001, 0.0483227, 0.0168724, 0.0517338, 0.0989365, 0.112989, 0.121449, 0.126597, 0.165304, 0.268214, 0.275489, 0.277156, 0.361585, 0.378142, 0.443034, 0.447901, 0.472146, 0.540131, 0.567319, 0.583529, 0.68515, 0.700442, 0.748971, 0.817926, 0.827793, 0.96554, 0.885943, 0.929038, 0.950712, 1, 

183,183,0.001, 0.0483227, 0.0579329, 0.0998376, 0.100991, 0.105596, 0.131, 0.100911, 0.231766, 0.351953, 0.449739, 0.471353, 0.473477, 0.479496, 0.497604, 0.529772, 0.543622, 0.595747, 0.739141, 0.827987, 0.844917, 0.869955, 0.882363, 0.890232, 0.931531, 0.949179, 1, 

Generation #12
189,172,0.001, 0.0729545, 0.0735438, 0.117797, 0.135868, 0.203583, 0.370722, 0.100911, 0.231766, 0.351953, 0.449739, 0.471353, 0.473477, 0.479496, 0.497604, 0.529772, 0.543622, 0.595747, 0.739141, 0.827987, 0.844917, 0.869955, 0.882363, 0.890232, 0.931531, 0.949179, 1, 

163,203,0.001, 0.0483227, 0.0579329, 0.0998376, 0.100991, 0.105596, 0.131, 0.164679, 0.213163, 0.232694, 0.240611, 0.242438, 0.246417, 1, 

176,188,0.001, 0.0483227, 0.0168724, 0.0517338, 0.0989365, 0.112989, 0.121449, 0.126597, 0.165304, 0.268214, 0.576531, 0.649839, 0.667373, 0.736103, 0.794174, 1, 

173,200,0.001, 0.0230751, 0.0514174, 0.0537879, 0.0578811, 0.0599018, 0.0924662, 0.100911, 0.231766, 0.351953, 0.449739, 0.84321, 0.471353, 1, 

206,152,0.001, 0.0230751, 0.0514174, 0.0537879, 0.0578811, 0.0599018, 0.0924662, 0.100911, 0.201484, 0.237026, 0.296636, 0.307279, 0.273151, 0.695243, 0.806667, 0.84365, 1, 

190,163,0.001, 0.0483227, 0.0168724, 0.0517338, 0.0989365, 0.112989, 0.121449, 0.126597, 0.165304, 0.268214, 0.275489, 0.277156, 0.361585, 0.378142, 0.443034, 0.447901, 0.472146, 0.540131, 0.567319, 0.583529, 0.68515, 0.700442, 0.748971, 0.817926, 0.827793, 0.96554, 0.885943, 0.929038, 0.950712, 1, 

183,183,0.001, 0.0483227, 0.0579329, 0.0998376, 0.100991, 0.105596, 0.131, 0.100911, 0.231766, 0.351953, 0.449739, 0.471353, 0.473477, 0.479496, 0.497604, 0.529772, 0.543622, 0.595747, 0.739141, 0.827987, 0.844917, 0.869955, 0.882363, 0.890232, 0.931531, 0.949179, 1, 

186,179,0.001, 0.0483227, 0.0168724, 0.0517338, 0.0989365, 0.112989, 0.121449, 0.126597, 0.165304, 0.237026, 0.240611, 0.242438, 0.246417, 0.362128, 0.379085, 0.445955, 0.724124, 0.753088, 0.856502, 0.944312, 0.954014, 1, 

Generation #13
163,203,0.001, 0.0483227, 0.0579329, 0.0998376, 0.100991, 0.105596, 0.131, 0.164679, 0.213163, 0.232694, 0.240611, 0.242438, 0.246417, 1, 

173,200,0.001, 0.0230751, 0.0514174, 0.0537879, 0.0578811, 0.0599018, 0.0924662, 0.100911, 0.231766, 0.351953, 0.449739, 0.84321, 0.471353, 1, 

206,152,0.001, 0.0230751, 0.0514174, 0.0537879, 0.0578811, 0.0599018, 0.0924662, 0.100911, 0.201484, 0.237026, 0.296636, 0.307279, 0.273151, 0.695243, 0.806667, 0.84365, 1, 

190,163,0.001, 0.0483227, 0.0168724, 0.0517338, 0.0989365, 0.112989, 0.121449, 0.126597, 0.165304, 0.268214, 0.275489, 0.277156, 0.361585, 0.378142, 0.443034, 0.447901, 0.472146, 0.540131, 0.567319, 0.583529, 0.68515, 0.700442, 0.748971, 0.817926, 0.827793, 0.96554, 0.885943, 0.929038, 0.950712, 1, 

174,169,0.001, 0.0483227, 0.0168724, 0.0517338, 0.0989365, 0.112989, 0.121449, 0.126597, 0.165304, 0.268214, 0.576531, 0.649839, 0.667373, 0.736103, 0.794174, 1, 

Generation #14
163,203,0.001, 0.0483227, 0.0579329, 0.0998376, 0.100991, 0.105596, 0.131, 0.164679, 0.213163, 0.232694, 0.240611, 0.242438, 0.246417, 1, 

206,152,0.001, 0.0230751, 0.0514174, 0.0537879, 0.0578811, 0.0599018, 0.0924662, 0.100911, 0.201484, 0.237026, 0.296636, 0.307279, 0.273151, 0.695243, 0.806667, 0.84365, 1, 

190,163,0.001, 0.0483227, 0.0168724, 0.0517338, 0.0989365, 0.112989, 0.121449, 0.126597, 0.165304, 0.268214, 0.275489, 0.277156, 0.361585, 0.378142, 0.443034, 0.447901, 0.472146, 0.540131, 0.567319, 0.583529, 0.68515, 0.700442, 0.748971, 0.817926, 0.827793, 0.96554, 0.885943, 0.929038, 0.950712, 1, 

174,169,0.001, 0.0483227, 0.0168724, 0.0517338, 0.0989365, 0.112989, 0.121449, 0.126597, 0.165304, 0.268214, 0.576531, 0.649839, 0.667373, 0.736103, 0.794174, 1, 

170,171,0.001, 0.0230751, 0.0514174, 0.0537879, 0.0578811, 0.0599018, 0.0924662, 0.100911, 0.231766, 0.351953, 0.449739, 0.471353, 0.479496, 0.794174, 1, 

183,167,0.001, 0.0510994, 0.0517338, 0.0989365, 0.112989, 0.121449, 0.126597, 0.165304, 0.268214, 0.68945, 0.768483, 0.852538, 0.512204, 0.518069, 0.596691, 0.607196, 0.694646, 0.840666, 1, 

160,265,0.001, 0.0483227, 0.0579329, 0.0998376, 0.100991, 0.105596, 0.131, 0.164679, 0.213163, 0.232694, 0.415914, 0.477199, 0.512204, 0.518069, 0.596691, 0.607196, 0.456699, 0.840666, 1, 

Generation #15
163,203,0.001, 0.0483227, 0.0579329, 0.0998376, 0.100991, 0.105596, 0.131, 0.164679, 0.213163, 0.232694, 0.240611, 0.242438, 0.246417, 1, 

206,152,0.001, 0.0230751, 0.0514174, 0.0537879, 0.0578811, 0.0599018, 0.0924662, 0.100911, 0.201484, 0.237026, 0.296636, 0.307279, 0.273151, 0.695243, 0.806667, 0.84365, 1, 

190,163,0.001, 0.0483227, 0.0168724, 0.0517338, 0.0989365, 0.112989, 0.121449, 0.126597, 0.165304, 0.268214, 0.275489, 0.277156, 0.361585, 0.378142, 0.443034, 0.447901, 0.472146, 0.540131, 0.567319, 0.583529, 0.68515, 0.700442, 0.748971, 0.817926, 0.827793, 0.96554, 0.885943, 0.929038, 0.950712, 1, 

174,169,0.001, 0.0483227, 0.0168724, 0.0517338, 0.0989365, 0.112989, 0.121449, 0.126597, 0.165304, 0.268214, 0.576531, 0.649839, 0.667373, 0.736103, 0.794174, 1, 

170,171,0.001, 0.0230751, 0.0514174, 0.0537879, 0.0578811, 0.0599018, 0.0924662, 0.100911, 0.231766, 0.351953, 0.449739, 0.471353, 0.479496, 0.794174, 1, 

183,167,0.001, 0.0510994, 0.0517338, 0.0989365, 0.112989, 0.121449, 0.126597, 0.165304, 0.268214, 0.68945, 0.768483, 0.852538, 0.512204, 0.518069, 0.596691, 0.607196, 0.694646, 0.840666, 1, 

160,265,0.001, 0.0483227, 0.0579329, 0.0998376, 0.100991, 0.105596, 0.131, 0.164679, 0.213163, 0.232694, 0.415914, 0.477199, 0.512204, 0.518069, 0.596691, 0.607196, 0.456699, 0.840666, 1, 

Generation #16
163,203,0.001, 0.0483227, 0.0579329, 0.0998376, 0.100991, 0.105596, 0.131, 0.164679, 0.213163, 0.232694, 0.240611, 0.242438, 0.246417, 1, 

206,152,0.001, 0.0230751, 0.0514174, 0.0537879, 0.0578811, 0.0599018, 0.0924662, 0.100911, 0.201484, 0.237026, 0.296636, 0.307279, 0.273151, 0.695243, 0.806667, 0.84365, 1, 

190,163,0.001, 0.0483227, 0.0168724, 0.0517338, 0.0989365, 0.112989, 0.121449, 0.126597, 0.165304, 0.268214, 0.275489, 0.277156, 0.361585, 0.378142, 0.443034, 0.447901, 0.472146, 0.540131, 0.567319, 0.583529, 0.68515, 0.700442, 0.748971, 0.817926, 0.827793, 0.96554, 0.885943, 0.929038, 0.950712, 1, 

174,169,0.001, 0.0483227, 0.0168724, 0.0517338, 0.0989365, 0.112989, 0.121449, 0.126597, 0.165304, 0.268214, 0.576531, 0.649839, 0.667373, 0.736103, 0.794174, 1, 

170,171,0.001, 0.0230751, 0.0514174, 0.0537879, 0.0578811, 0.0599018, 0.0924662, 0.100911, 0.231766, 0.351953, 0.449739, 0.471353, 0.479496, 0.794174, 1, 

183,167,0.001, 0.0510994, 0.0517338, 0.0989365, 0.112989, 0.121449, 0.126597, 0.165304, 0.268214, 0.68945, 0.768483, 0.852538, 0.512204, 0.518069, 0.596691, 0.607196, 0.694646, 0.840666, 1, 

160,265,0.001, 0.0483227, 0.0579329, 0.0998376, 0.100991, 0.105596, 0.131, 0.164679, 0.213163, 0.232694, 0.415914, 0.477199, 0.512204, 0.518069, 0.596691, 0.607196, 0.456699, 0.840666, 1, 

176,168,0.001, 0.0483227, 0.0168724, 0.0517338, 0.0989365, 0.112989, 0.121449, 0.126597, 0.165304, 0.237026, 0.240611, 0.242438, 0.246417, 0.362128, 0.379085, 0.445955, 0.724124, 0.753088, 0.856502, 0.944312, 0.954014, 1, 

Generation #17
206,152,0.001, 0.0230751, 0.0514174, 0.0537879, 0.0578811, 0.0599018, 0.0924662, 0.100911, 0.201484, 0.237026, 0.296636, 0.307279, 0.273151, 0.695243, 0.806667, 0.84365, 1, 

153,199,0.001, 0.0483227, 0.0579329, 0.0998376, 0.100991, 0.105596, 0.131, 0.164679, 0.213163, 0.232694, 0.240611, 0.242438, 1, 

163,162,0.001, 0.0483227, 0.0168724, 0.0517338, 0.0989365, 0.112989, 0.121449, 0.126597, 0.165304, 0.237026, 0.449739, 0.84321, 0.471353, 1, 

Generation #18
206,152,0.001, 0.0230751, 0.0514174, 0.0537879, 0.0578811, 0.0599018, 0.0924662, 0.100911, 0.201484, 0.237026, 0.296636, 0.307279, 0.273151, 0.695243, 0.806667, 0.84365, 1, 

153,199,0.001, 0.0483227, 0.0579329, 0.0998376, 0.100991, 0.105596, 0.131, 0.164679, 0.213163, 0.232694, 0.240611, 0.242438, 1, 

163,162,0.001, 0.0483227, 0.0168724, 0.0517338, 0.0989365, 0.112989, 0.121449, 0.126597, 0.165304, 0.237026, 0.449739, 0.84321, 0.471353, 1, 

Generation #19
206,152,0.001, 0.0230751, 0.0514174, 0.0537879, 0.0578811, 0.0599018, 0.0924662, 0.100911, 0.201484, 0.237026, 0.296636, 0.307279, 0.273151, 0.695243, 0.806667, 0.84365, 1, 

153,199,0.001, 0.0483227, 0.0579329, 0.0998376, 0.100991, 0.105596, 0.131, 0.164679, 0.213163, 0.232694, 0.240611, 0.242438, 1, 

163,162,0.001, 0.0483227, 0.0168724, 0.0517338, 0.0989365, 0.112989, 0.121449, 0.126597, 0.165304, 0.237026, 0.449739, 0.84321, 0.471353, 1, 

Generation #20
206,152,0.001, 0.0230751, 0.0514174, 0.0537879, 0.0578811, 0.0599018, 0.0924662, 0.100911, 0.201484, 0.237026, 0.296636, 0.307279, 0.273151, 0.695243, 0.806667, 0.84365, 1, 

153,199,0.001, 0.0483227, 0.0579329, 0.0998376, 0.100991, 0.105596, 0.131, 0.164679, 0.213163, 0.232694, 0.240611, 0.242438, 1, 

163,162,0.001, 0.0483227, 0.0168724, 0.0517338, 0.0989365, 0.112989, 0.121449, 0.126597, 0.165304, 0.237026, 0.449739, 0.84321, 0.471353, 1, 

187,159,0.001, 0.0483227, 0.0168724, 0.0517338, 0.0989365, 0.112989, 0.121449, 0.126597, 0.165304, 0.435876, 0.576531, 0.649839, 0.667373, 0.736103, 0.794174, 1, 

Generation #21
153,199,0.001, 0.0483227, 0.0579329, 0.0998376, 0.100991, 0.105596, 0.131, 0.164679, 0.213163, 0.232694, 0.240611, 0.242438, 1, 

163,162,0.001, 0.0483227, 0.0168724, 0.0517338, 0.0989365, 0.112989, 0.121449, 0.126597, 0.165304, 0.237026, 0.449739, 0.84321, 0.471353, 1, 

187,146,0.001, 0.0230751, 0.0514174, 0.0537879, 0.0578811, 0.0599018, 0.0924662, 0.100911, 0.231766, 0.413554, 0.415914, 0.477199, 0.512204, 1, 

Generation #22
153,199,0.001, 0.0483227, 0.0579329, 0.0998376, 0.100991, 0.105596, 0.131, 0.164679, 0.213163, 0.232694, 0.240611, 0.242438, 1, 

163,162,0.001, 0.0483227, 0.0168724, 0.0517338, 0.0989365, 0.112989, 0.121449, 0.126597, 0.165304, 0.237026, 0.449739, 0.84321, 0.471353, 1, 

187,146,0.001, 0.0230751, 0.0514174, 0.0537879, 0.0578811, 0.0599018, 0.0924662, 0.100911, 0.231766, 0.413554, 0.415914, 0.477199, 0.512204, 1, 

159,186,0.001, 0.0532468, 0.0414997, 0.0743845, 0.0989365, 0.112989, 0.121449, 0.126597, 0.165304, 0.268214, 0.275489, 0.277156, 0.361585, 0.378142, 0.806667, 0.565017, 0.84365, 1, 

Generation #23
153,199,0.001, 0.0483227, 0.0579329, 0.0998376, 0.100991, 0.105596, 0.131, 0.164679, 0.213163, 0.232694, 0.240611, 0.242438, 1, 

163,162,0.001, 0.0483227, 0.0168724, 0.0517338, 0.0989365, 0.112989, 0.121449, 0.126597, 0.165304, 0.237026, 0.449739, 0.84321, 0.471353, 1, 

187,146,0.001, 0.0230751, 0.0514174, 0.0537879, 0.0578811, 0.0599018, 0.0924662, 0.100911, 0.231766, 0.413554, 0.415914, 0.477199, 0.512204, 1, 

159,186,0.001, 0.0532468, 0.0414997, 0.0743845, 0.0989365, 0.112989, 0.121449, 0.126597, 0.165304, 0.268214, 0.275489, 0.277156, 0.361585, 0.378142, 0.806667, 0.565017, 0.84365, 1, 

Generation #24
153,199,0.001, 0.0483227, 0.0579329, 0.0998376, 0.100991, 0.105596, 0.131, 0.164679, 0.213163, 0.232694, 0.240611, 0.242438, 1, 

163,162,0.001, 0.0483227, 0.0168724, 0.0517338, 0.0989365, 0.112989, 0.121449, 0.126597, 0.165304, 0.237026, 0.449739, 0.84321, 0.471353, 1, 

187,146,0.001, 0.0230751, 0.0514174, 0.0537879, 0.0578811, 0.0599018, 0.0924662, 0.100911, 0.231766, 0.413554, 0.415914, 0.477199, 0.512204, 1, 

159,186,0.001, 0.0532468, 0.0414997, 0.0743845, 0.0989365, 0.112989, 0.121449, 0.126597, 0.165304, 0.268214, 0.275489, 0.277156, 0.361585, 0.378142, 0.806667, 0.565017, 0.84365, 1, 

Generation #25
153,199,0.001, 0.0483227, 0.0579329, 0.0998376, 0.100991, 0.105596, 0.131, 0.164679, 0.213163, 0.232694, 0.240611, 0.242438, 1, 

163,162,0.001, 0.0483227, 0.0168724, 0.0517338, 0.0989365, 0.112989, 0.121449, 0.126597, 0.165304, 0.237026, 0.449739, 0.84321, 0.471353, 1, 

187,146,0.001, 0.0230751, 0.0514174, 0.0537879, 0.0578811, 0.0599018, 0.0924662, 0.100911, 0.231766, 0.413554, 0.415914, 0.477199, 0.512204, 1, 

159,186,0.001, 0.0532468, 0.0414997, 0.0743845, 0.0989365, 0.112989, 0.121449, 0.126597, 0.165304, 0.268214, 0.275489, 0.277156, 0.361585, 0.378142, 0.806667, 0.565017, 0.84365, 1, 

175,159,0.001, 0.0510994, 0.0514174, 0.0537879, 0.100991, 0.105596, 0.131, 0.164679, 0.213163, 0.232694, 0.240611, 0.242438, 0.246417, 0.362128, 0.379085, 0.445955, 0.724124, 0.753088, 0.856502, 0.944312, 0.954014, 1, 

Generation #26
153,199,0.001, 0.0483227, 0.0579329, 0.0998376, 0.100991, 0.105596, 0.131, 0.164679, 0.213163, 0.232694, 0.240611, 0.242438, 1, 

163,162,0.001, 0.0483227, 0.0168724, 0.0517338, 0.0989365, 0.112989, 0.121449, 0.126597, 0.165304, 0.237026, 0.449739, 0.84321, 0.471353, 1, 

187,146,0.001, 0.0230751, 0.0514174, 0.0537879, 0.0578811, 0.0599018, 0.0924662, 0.100911, 0.231766, 0.413554, 0.415914, 0.477199, 0.512204, 1, 

159,186,0.001, 0.0532468, 0.0414997, 0.0743845, 0.0989365, 0.112989, 0.121449, 0.126597, 0.165304, 0.268214, 0.275489, 0.277156, 0.361585, 0.378142, 0.806667, 0.565017, 0.84365, 1, 

175,159,0.001, 0.0510994, 0.0514174, 0.0537879, 0.100991, 0.105596, 0.131, 0.164679, 0.213163, 0.232694, 0.240611, 0.242438, 0.246417, 0.362128, 0.379085, 0.445955, 0.724124, 0.753088, 0.856502, 0.944312, 0.954014, 1, 

Generation #27
153,199,0.001, 0.0483227, 0.0579329, 0.0998376, 0.100991, 0.105596, 0.131, 0.164679, 0.213163, 0.232694, 0.240611, 0.242438, 1, 

163,162,0.001, 0.0483227, 0.0168724, 0.0517338, 0.0989365, 0.112989, 0.121449, 0.126597, 0.165304, 0.237026, 0.449739, 0.84321, 0.471353, 1, 

187,146,0.001, 0.0230751, 0.0514174, 0.0537879, 0.0578811, 0.0599018, 0.0924662, 0.100911, 0.231766, 0.413554, 0.415914, 0.477199, 0.512204, 1, 

159,186,0.001, 0.0532468, 0.0414997, 0.0743845, 0.0989365, 0.112989, 0.121449, 0.126597, 0.165304, 0.268214, 0.275489, 0.277156, 0.361585, 0.378142, 0.806667, 0.565017, 0.84365, 1, 

175,159,0.001, 0.0510994, 0.0514174, 0.0537879, 0.100991, 0.105596, 0.131, 0.164679, 0.213163, 0.232694, 0.240611, 0.242438, 0.246417, 0.362128, 0.379085, 0.445955, 0.724124, 0.753088, 0.856502, 0.944312, 0.954014, 1, 

152,276,0.001, 0.0532468, 0.0414997, 0.0743845, 0.0989365, 0.112989, 0.121449, 0.126597, 0.165304, 0.268214, 0.268214, 0.104749, 0.277156, 0.361585, 0.378142, 0.806667, 0.84365, 1, 

Generation #28
153,199,0.001, 0.0483227, 0.0579329, 0.0998376, 0.100991, 0.105596, 0.131, 0.164679, 0.213163, 0.232694, 0.240611, 0.242438, 1, 

163,162,0.001, 0.0483227, 0.0168724, 0.0517338, 0.0989365, 0.112989, 0.121449, 0.126597, 0.165304, 0.237026, 0.449739, 0.84321, 0.471353, 1, 

187,146,0.001, 0.0230751, 0.0514174, 0.0537879, 0.0578811, 0.0599018, 0.0924662, 0.100911, 0.231766, 0.413554, 0.415914, 0.477199, 0.512204, 1, 

159,186,0.001, 0.0532468, 0.0414997, 0.0743845, 0.0989365, 0.112989, 0.121449, 0.126597, 0.165304, 0.268214, 0.275489, 0.277156, 0.361585, 0.378142, 0.806667, 0.565017, 0.84365, 1, 

175,159,0.001, 0.0510994, 0.0514174, 0.0537879, 0.100991, 0.105596, 0.131, 0.164679, 0.213163, 0.232694, 0.240611, 0.242438, 0.246417, 0.362128, 0.379085, 0.445955, 0.724124, 0.753088, 0.856502, 0.944312, 0.954014, 1, 

152,276,0.001, 0.0532468, 0.0414997, 0.0743845, 0.0989365, 0.112989, 0.121449, 0.126597, 0.165304, 0.268214, 0.268214, 0.104749, 0.277156, 0.361585, 0.378142, 0.806667, 0.84365, 1, 

Generation #29
153,199,0.001, 0.0483227, 0.0579329, 0.0998376, 0.100991, 0.105596, 0.131, 0.164679, 0.213163, 0.232694, 0.240611, 0.242438, 1, 

163,162,0.001, 0.0483227, 0.0168724, 0.0517338, 0.0989365, 0.112989, 0.121449, 0.126597, 0.165304, 0.237026, 0.449739, 0.84321, 0.471353, 1, 

187,146,0.001, 0.0230751, 0.0514174, 0.0537879, 0.0578811, 0.0599018, 0.0924662, 0.100911, 0.231766, 0.413554, 0.415914, 0.477199, 0.512204, 1, 

159,186,0.001, 0.0532468, 0.0414997, 0.0743845, 0.0989365, 0.112989, 0.121449, 0.126597, 0.165304, 0.268214, 0.275489, 0.277156, 0.361585, 0.378142, 0.806667, 0.565017, 0.84365, 1, 

175,159,0.001, 0.0510994, 0.0514174, 0.0537879, 0.100991, 0.105596, 0.131, 0.164679, 0.213163, 0.232694, 0.240611, 0.242438, 0.246417, 0.362128, 0.379085, 0.445955, 0.724124, 0.753088, 0.856502, 0.944312, 0.954014, 1, 

152,276,0.001, 0.0532468, 0.0414997, 0.0743845, 0.0989365, 0.112989, 0.121449, 0.126597, 0.165304, 0.268214, 0.268214, 0.104749, 0.277156, 0.361585, 0.378142, 0.806667, 0.84365, 1, 

Generation #30
153,199,0.001, 0.0483227, 0.0579329, 0.0998376, 0.100991, 0.105596, 0.131, 0.164679, 0.213163, 0.232694, 0.240611, 0.242438, 1, 

163,162,0.001, 0.0483227, 0.0168724, 0.0517338, 0.0989365, 0.112989, 0.121449, 0.126597, 0.165304, 0.237026, 0.449739, 0.84321, 0.471353, 1, 

187,146,0.001, 0.0230751, 0.0514174, 0.0537879, 0.0578811, 0.0599018, 0.0924662, 0.100911, 0.231766, 0.413554, 0.415914, 0.477199, 0.512204, 1, 

159,186,0.001, 0.0532468, 0.0414997, 0.0743845, 0.0989365, 0.112989, 0.121449, 0.126597, 0.165304, 0.268214, 0.275489, 0.277156, 0.361585, 0.378142, 0.806667, 0.565017, 0.84365, 1, 

175,159,0.001, 0.0510994, 0.0514174, 0.0537879, 0.100991, 0.105596, 0.131, 0.164679, 0.213163, 0.232694, 0.240611, 0.242438, 0.246417, 0.362128, 0.379085, 0.445955, 0.724124, 0.753088, 0.856502, 0.944312, 0.954014, 1, 

152,276,0.001, 0.0532468, 0.0414997, 0.0743845, 0.0989365, 0.112989, 0.121449, 0.126597, 0.165304, 0.268214, 0.268214, 0.104749, 0.277156, 0.361585, 0.378142, 0.806667, 0.84365, 1, 

Generation #31
153,199,0.001, 0.0483227, 0.0579329, 0.0998376, 0.100991, 0.105596, 0.131, 0.164679, 0.213163, 0.232694, 0.240611, 0.242438, 1, 

163,162,0.001, 0.0483227, 0.0168724, 0.0517338, 0.0989365, 0.112989, 0.121449, 0.126597, 0.165304, 0.237026, 0.449739, 0.84321, 0.471353, 1, 

187,146,0.001, 0.0230751, 0.0514174, 0.0537879, 0.0578811, 0.0599018, 0.0924662, 0.100911, 0.231766, 0.413554, 0.415914, 0.477199, 0.512204, 1, 

159,186,0.001, 0.0532468, 0.0414997, 0.0743845, 0.0989365, 0.112989, 0.121449, 0.126597, 0.165304, 0.268214, 0.275489, 0.277156, 0.361585, 0.378142, 0.806667, 0.565017, 0.84365, 1, 

175,159,0.001, 0.0510994, 0.0514174, 0.0537879, 0.100991, 0.105596, 0.131, 0.164679, 0.213163, 0.232694, 0.240611, 0.242438, 0.246417, 0.362128, 0.379085, 0.445955, 0.724124, 0.753088, 0.856502, 0.944312, 0.954014, 1, 

152,276,0.001, 0.0532468, 0.0414997, 0.0743845, 0.0989365, 0.112989, 0.121449, 0.126597, 0.165304, 0.268214, 0.268214, 0.104749, 0.277156, 0.361585, 0.378142, 0.806667, 0.84365, 1, 

Generation #32
153,199,0.001, 0.0483227, 0.0579329, 0.0998376, 0.100991, 0.105596, 0.131, 0.164679, 0.213163, 0.232694, 0.240611, 0.242438, 1, 

163,162,0.001, 0.0483227, 0.0168724, 0.0517338, 0.0989365, 0.112989, 0.121449, 0.126597, 0.165304, 0.237026, 0.449739, 0.84321, 0.471353, 1, 

187,146,0.001, 0.0230751, 0.0514174, 0.0537879, 0.0578811, 0.0599018, 0.0924662, 0.100911, 0.231766, 0.413554, 0.415914, 0.477199, 0.512204, 1, 

159,186,0.001, 0.0532468, 0.0414997, 0.0743845, 0.0989365, 0.112989, 0.121449, 0.126597, 0.165304, 0.268214, 0.275489, 0.277156, 0.361585, 0.378142, 0.806667, 0.565017, 0.84365, 1, 

175,159,0.001, 0.0510994, 0.0514174, 0.0537879, 0.100991, 0.105596, 0.131, 0.164679, 0.213163, 0.232694, 0.240611, 0.242438, 0.246417, 0.362128, 0.379085, 0.445955, 0.724124, 0.753088, 0.856502, 0.944312, 0.954014, 1, 

152,276,0.001, 0.0532468, 0.0414997, 0.0743845, 0.0989365, 0.112989, 0.121449, 0.126597, 0.165304, 0.268214, 0.268214, 0.104749, 0.277156, 0.361585, 0.378142, 0.806667, 0.84365, 1, 

160,178,0.001, 0.0483227, 0.0168724, 0.0517338, 0.0989365, 0.112989, 0.121449, 0.126597, 0.165304, 0.268214, 0.275489, 0.480592, 0.361585, 0.378142, 0.443034, 0.810607, 0.447901, 0.472146, 0.540131, 0.567319, 0.583529, 1, 

141,429,0.001, 0.0113792, 0.0168724, 0.237456, 0.0989365, 0.112989, 0.121449, 0.126597, 0.165304, 0.237026, 0.240611, 0.84321, 1, 

Generation #33
153,199,0.001, 0.0483227, 0.0579329, 0.0998376, 0.100991, 0.105596, 0.131, 0.164679, 0.213163, 0.232694, 0.240611, 0.242438, 1, 

163,162,0.001, 0.0483227, 0.0168724, 0.0517338, 0.0989365, 0.112989, 0.121449, 0.126597, 0.165304, 0.237026, 0.449739, 0.84321, 0.471353, 1, 

187,146,0.001, 0.0230751, 0.0514174, 0.0537879, 0.0578811, 0.0599018, 0.0924662, 0.100911, 0.231766, 0.413554, 0.415914, 0.477199, 0.512204, 1, 

159,186,0.001, 0.0532468, 0.0414997, 0.0743845, 0.0989365, 0.112989, 0.121449, 0.126597, 0.165304, 0.268214, 0.275489, 0.277156, 0.361585, 0.378142, 0.806667, 0.565017, 0.84365, 1, 

175,159,0.001, 0.0510994, 0.0514174, 0.0537879, 0.100991, 0.105596, 0.131, 0.164679, 0.213163, 0.232694, 0.240611, 0.242438, 0.246417, 0.362128, 0.379085, 0.445955, 0.724124, 0.753088, 0.856502, 0.944312, 0.954014, 1, 

152,276,0.001, 0.0532468, 0.0414997, 0.0743845, 0.0989365, 0.112989, 0.121449, 0.126597, 0.165304, 0.268214, 0.268214, 0.104749, 0.277156, 0.361585, 0.378142, 0.806667, 0.84365, 1, 

160,178,0.001, 0.0483227, 0.0168724, 0.0517338, 0.0989365, 0.112989, 0.121449, 0.126597, 0.165304, 0.268214, 0.275489, 0.480592, 0.361585, 0.378142, 0.443034, 0.810607, 0.447901, 0.472146, 0.540131, 0.567319, 0.583529, 1, 

141,429,0.001, 0.0113792, 0.0168724, 0.237456, 0.0989365, 0.112989, 0.121449, 0.126597, 0.165304, 0.237026, 0.240611, 0.84321, 1, 

Generation #34
153,199,0.001, 0.0483227, 0.0579329, 0.0998376, 0.100991, 0.105596, 0.131, 0.164679, 0.213163, 0.232694, 0.240611, 0.242438, 1, 

163,162,0.001, 0.0483227, 0.0168724, 0.0517338, 0.0989365, 0.112989, 0.121449, 0.126597, 0.165304, 0.237026, 0.449739, 0.84321, 0.471353, 1, 

187,146,0.001, 0.0230751, 0.0514174, 0.0537879, 0.0578811, 0.0599018, 0.0924662, 0.100911, 0.231766, 0.413554, 0.415914, 0.477199, 0.512204, 1, 

159,186,0.001, 0.0532468, 0.0414997, 0.0743845, 0.0989365, 0.112989, 0.121449, 0.126597, 0.165304, 0.268214, 0.275489, 0.277156, 0.361585, 0.378142, 0.806667, 0.565017, 0.84365, 1, 

175,159,0.001, 0.0510994, 0.0514174, 0.0537879, 0.100991, 0.105596, 0.131, 0.164679, 0.213163, 0.232694, 0.240611, 0.242438, 0.246417, 0.362128, 0.379085, 0.445955, 0.724124, 0.753088, 0.856502, 0.944312, 0.954014, 1, 

152,276,0.001, 0.0532468, 0.0414997, 0.0743845, 0.0989365, 0.112989, 0.121449, 0.126597, 0.165304, 0.268214, 0.268214, 0.104749, 0.277156, 0.361585, 0.378142, 0.806667, 0.84365, 1, 

160,178,0.001, 0.0483227, 0.0168724, 0.0517338, 0.0989365, 0.112989, 0.121449, 0.126597, 0.165304, 0.268214, 0.275489, 0.480592, 0.361585, 0.378142, 0.443034, 0.810607, 0.447901, 0.472146, 0.540131, 0.567319, 0.583529, 1, 

141,429,0.001, 0.0113792, 0.0168724, 0.237456, 0.0989365, 0.112989, 0.121449, 0.126597, 0.165304, 0.237026, 0.240611, 0.84321, 1, 

Generation #35
153,199,0.001, 0.0483227, 0.0579329, 0.0998376, 0.100991, 0.105596, 0.131, 0.164679, 0.213163, 0.232694, 0.240611, 0.242438, 1, 

163,162,0.001, 0.0483227, 0.0168724, 0.0517338, 0.0989365, 0.112989, 0.121449, 0.126597, 0.165304, 0.237026, 0.449739, 0.84321, 0.471353, 1, 

187,146,0.001, 0.0230751, 0.0514174, 0.0537879, 0.0578811, 0.0599018, 0.0924662, 0.100911, 0.231766, 0.413554, 0.415914, 0.477199, 0.512204, 1, 

159,186,0.001, 0.0532468, 0.0414997, 0.0743845, 0.0989365, 0.112989, 0.121449, 0.126597, 0.165304, 0.268214, 0.275489, 0.277156, 0.361585, 0.378142, 0.806667, 0.565017, 0.84365, 1, 

175,159,0.001, 0.0510994, 0.0514174, 0.0537879, 0.100991, 0.105596, 0.131, 0.164679, 0.213163, 0.232694, 0.240611, 0.242438, 0.246417, 0.362128, 0.379085, 0.445955, 0.724124, 0.753088, 0.856502, 0.944312, 0.954014, 1, 

152,276,0.001, 0.0532468, 0.0414997, 0.0743845, 0.0989365, 0.112989, 0.121449, 0.126597, 0.165304, 0.268214, 0.268214, 0.104749, 0.277156, 0.361585, 0.378142, 0.806667, 0.84365, 1, 

160,178,0.001, 0.0483227, 0.0168724, 0.0517338, 0.0989365, 0.112989, 0.121449, 0.126597, 0.165304, 0.268214, 0.275489, 0.480592, 0.361585, 0.378142, 0.443034, 0.810607, 0.447901, 0.472146, 0.540131, 0.567319, 0.583529, 1, 

141,429,0.001, 0.0113792, 0.0168724, 0.237456, 0.0989365, 0.112989, 0.121449, 0.126597, 0.165304, 0.237026, 0.240611, 0.84321, 1, 

Generation #36
153,199,0.001, 0.0483227, 0.0579329, 0.0998376, 0.100991, 0.105596, 0.131, 0.164679, 0.213163, 0.232694, 0.240611, 0.242438, 1, 

163,162,0.001, 0.0483227, 0.0168724, 0.0517338, 0.0989365, 0.112989, 0.121449, 0.126597, 0.165304, 0.237026, 0.449739, 0.84321, 0.471353, 1, 

187,146,0.001, 0.0230751, 0.0514174, 0.0537879, 0.0578811, 0.0599018, 0.0924662, 0.100911, 0.231766, 0.413554, 0.415914, 0.477199, 0.512204, 1, 

159,186,0.001, 0.0532468, 0.0414997, 0.0743845, 0.0989365, 0.112989, 0.121449, 0.126597, 0.165304, 0.268214, 0.275489, 0.277156, 0.361585, 0.378142, 0.806667, 0.565017, 0.84365, 1, 

175,159,0.001, 0.0510994, 0.0514174, 0.0537879, 0.100991, 0.105596, 0.131, 0.164679, 0.213163, 0.232694, 0.240611, 0.242438, 0.246417, 0.362128, 0.379085, 0.445955, 0.724124, 0.753088, 0.856502, 0.944312, 0.954014, 1, 

152,276,0.001, 0.0532468, 0.0414997, 0.0743845, 0.0989365, 0.112989, 0.121449, 0.126597, 0.165304, 0.268214, 0.268214, 0.104749, 0.277156, 0.361585, 0.378142, 0.806667, 0.84365, 1, 

160,178,0.001, 0.0483227, 0.0168724, 0.0517338, 0.0989365, 0.112989, 0.121449, 0.126597, 0.165304, 0.268214, 0.275489, 0.480592, 0.361585, 0.378142, 0.443034, 0.810607, 0.447901, 0.472146, 0.540131, 0.567319, 0.583529, 1, 

141,429,0.001, 0.0113792, 0.0168724, 0.237456, 0.0989365, 0.112989, 0.121449, 0.126597, 0.165304, 0.237026, 0.240611, 0.84321, 1, 

Generation #37
153,199,0.001, 0.0483227, 0.0579329, 0.0998376, 0.100991, 0.105596, 0.131, 0.164679, 0.213163, 0.232694, 0.240611, 0.242438, 1, 

163,162,0.001, 0.0483227, 0.0168724, 0.0517338, 0.0989365, 0.112989, 0.121449, 0.126597, 0.165304, 0.237026, 0.449739, 0.84321, 0.471353, 1, 

187,146,0.001, 0.0230751, 0.0514174, 0.0537879, 0.0578811, 0.0599018, 0.0924662, 0.100911, 0.231766, 0.413554, 0.415914, 0.477199, 0.512204, 1, 

159,186,0.001, 0.0532468, 0.0414997, 0.0743845, 0.0989365, 0.112989, 0.121449, 0.126597, 0.165304, 0.268214, 0.275489, 0.277156, 0.361585, 0.378142, 0.806667, 0.565017, 0.84365, 1, 

175,159,0.001, 0.0510994, 0.0514174, 0.0537879, 0.100991, 0.105596, 0.131, 0.164679, 0.213163, 0.232694, 0.240611, 0.242438, 0.246417, 0.362128, 0.379085, 0.445955, 0.724124, 0.753088, 0.856502, 0.944312, 0.954014, 1, 

152,276,0.001, 0.0532468, 0.0414997, 0.0743845, 0.0989365, 0.112989, 0.121449, 0.126597, 0.165304, 0.268214, 0.268214, 0.104749, 0.277156, 0.361585, 0.378142, 0.806667, 0.84365, 1, 

160,178,0.001, 0.0483227, 0.0168724, 0.0517338, 0.0989365, 0.112989, 0.121449, 0.126597, 0.165304, 0.268214, 0.275489, 0.480592, 0.361585, 0.378142, 0.443034, 0.810607, 0.447901, 0.472146, 0.540131, 0.567319, 0.583529, 1, 

141,429,0.001, 0.0113792, 0.0168724, 0.237456, 0.0989365, 0.112989, 0.121449, 0.126597, 0.165304, 0.237026, 0.240611, 0.84321, 1, 

Generation #38
153,199,0.001, 0.0483227, 0.0579329, 0.0998376, 0.100991, 0.105596, 0.131, 0.164679, 0.213163, 0.232694, 0.240611, 0.242438, 1, 

163,162,0.001, 0.0483227, 0.0168724, 0.0517338, 0.0989365, 0.112989, 0.121449, 0.126597, 0.165304, 0.237026, 0.449739, 0.84321, 0.471353, 1, 

187,146,0.001, 0.0230751, 0.0514174, 0.0537879, 0.0578811, 0.0599018, 0.0924662, 0.100911, 0.231766, 0.413554, 0.415914, 0.477199, 0.512204, 1, 

159,186,0.001, 0.0532468, 0.0414997, 0.0743845, 0.0989365, 0.112989, 0.121449, 0.126597, 0.165304, 0.268214, 0.275489, 0.277156, 0.361585, 0.378142, 0.806667, 0.565017, 0.84365, 1, 

175,159,0.001, 0.0510994, 0.0514174, 0.0537879, 0.100991, 0.105596, 0.131, 0.164679, 0.213163, 0.232694, 0.240611, 0.242438, 0.246417, 0.362128, 0.379085, 0.445955, 0.724124, 0.753088, 0.856502, 0.944312, 0.954014, 1, 

152,276,0.001, 0.0532468, 0.0414997, 0.0743845, 0.0989365, 0.112989, 0.121449, 0.126597, 0.165304, 0.268214, 0.268214, 0.104749, 0.277156, 0.361585, 0.378142, 0.806667, 0.84365, 1, 

160,178,0.001, 0.0483227, 0.0168724, 0.0517338, 0.0989365, 0.112989, 0.121449, 0.126597, 0.165304, 0.268214, 0.275489, 0.480592, 0.361585, 0.378142, 0.443034, 0.810607, 0.447901, 0.472146, 0.540131, 0.567319, 0.583529, 1, 

141,429,0.001, 0.0113792, 0.0168724, 0.237456, 0.0989365, 0.112989, 0.121449, 0.126597, 0.165304, 0.237026, 0.240611, 0.84321, 1, 

Generation #39
153,199,0.001, 0.0483227, 0.0579329, 0.0998376, 0.100991, 0.105596, 0.131, 0.164679, 0.213163, 0.232694, 0.240611, 0.242438, 1, 

163,162,0.001, 0.0483227, 0.0168724, 0.0517338, 0.0989365, 0.112989, 0.121449, 0.126597, 0.165304, 0.237026, 0.449739, 0.84321, 0.471353, 1, 

187,146,0.001, 0.0230751, 0.0514174, 0.0537879, 0.0578811, 0.0599018, 0.0924662, 0.100911, 0.231766, 0.413554, 0.415914, 0.477199, 0.512204, 1, 

159,186,0.001, 0.0532468, 0.0414997, 0.0743845, 0.0989365, 0.112989, 0.121449, 0.126597, 0.165304, 0.268214, 0.275489, 0.277156, 0.361585, 0.378142, 0.806667, 0.565017, 0.84365, 1, 

175,159,0.001, 0.0510994, 0.0514174, 0.0537879, 0.100991, 0.105596, 0.131, 0.164679, 0.213163, 0.232694, 0.240611, 0.242438, 0.246417, 0.362128, 0.379085, 0.445955, 0.724124, 0.753088, 0.856502, 0.944312, 0.954014, 1, 

152,276,0.001, 0.0532468, 0.0414997, 0.0743845, 0.0989365, 0.112989, 0.121449, 0.126597, 0.165304, 0.268214, 0.268214, 0.104749, 0.277156, 0.361585, 0.378142, 0.806667, 0.84365, 1, 

160,178,0.001, 0.0483227, 0.0168724, 0.0517338, 0.0989365, 0.112989, 0.121449, 0.126597, 0.165304, 0.268214, 0.275489, 0.480592, 0.361585, 0.378142, 0.443034, 0.810607, 0.447901, 0.472146, 0.540131, 0.567319, 0.583529, 1, 

141,429,0.001, 0.0113792, 0.0168724, 0.237456, 0.0989365, 0.112989, 0.121449, 0.126597, 0.165304, 0.237026, 0.240611, 0.84321, 1, 

Generation #40
153,199,0.001, 0.0483227, 0.0579329, 0.0998376, 0.100991, 0.105596, 0.131, 0.164679, 0.213163, 0.232694, 0.240611, 0.242438, 1, 

163,162,0.001, 0.0483227, 0.0168724, 0.0517338, 0.0989365, 0.112989, 0.121449, 0.126597, 0.165304, 0.237026, 0.449739, 0.84321, 0.471353, 1, 

187,146,0.001, 0.0230751, 0.0514174, 0.0537879, 0.0578811, 0.0599018, 0.0924662, 0.100911, 0.231766, 0.413554, 0.415914, 0.477199, 0.512204, 1, 

159,186,0.001, 0.0532468, 0.0414997, 0.0743845, 0.0989365, 0.112989, 0.121449, 0.126597, 0.165304, 0.268214, 0.275489, 0.277156, 0.361585, 0.378142, 0.806667, 0.565017, 0.84365, 1, 

175,159,0.001, 0.0510994, 0.0514174, 0.0537879, 0.100991, 0.105596, 0.131, 0.164679, 0.213163, 0.232694, 0.240611, 0.242438, 0.246417, 0.362128, 0.379085, 0.445955, 0.724124, 0.753088, 0.856502, 0.944312, 0.954014, 1, 

152,276,0.001, 0.0532468, 0.0414997, 0.0743845, 0.0989365, 0.112989, 0.121449, 0.126597, 0.165304, 0.268214, 0.268214, 0.104749, 0.277156, 0.361585, 0.378142, 0.806667, 0.84365, 1, 

160,178,0.001, 0.0483227, 0.0168724, 0.0517338, 0.0989365, 0.112989, 0.121449, 0.126597, 0.165304, 0.268214, 0.275489, 0.480592, 0.361585, 0.378142, 0.443034, 0.810607, 0.447901, 0.472146, 0.540131, 0.567319, 0.583529, 1, 

141,429,0.001, 0.0113792, 0.0168724, 0.237456, 0.0989365, 0.112989, 0.121449, 0.126597, 0.165304, 0.237026, 0.240611, 0.84321, 1, 

195,130,0.001, 0.0532468, 0.0414997, 0.0743845, 0.0989365, 0.112989, 0.121449, 0.126597, 0.165304, 0.268214, 0.275489, 0.307279, 0.273151, 0.695243, 0.806667, 0.84365, 1, 

Generation #41
153,199,0.001, 0.0483227, 0.0579329, 0.0998376, 0.100991, 0.105596, 0.131, 0.164679, 0.213163, 0.232694, 0.240611, 0.242438, 1, 

163,162,0.001, 0.0483227, 0.0168724, 0.0517338, 0.0989365, 0.112989, 0.121449, 0.126597, 0.165304, 0.237026, 0.449739, 0.84321, 0.471353, 1, 

187,146,0.001, 0.0230751, 0.0514174, 0.0537879, 0.0578811, 0.0599018, 0.0924662, 0.100911, 0.231766, 0.413554, 0.415914, 0.477199, 0.512204, 1, 

159,186,0.001, 0.0532468, 0.0414997, 0.0743845, 0.0989365, 0.112989, 0.121449, 0.126597, 0.165304, 0.268214, 0.275489, 0.277156, 0.361585, 0.378142, 0.806667, 0.565017, 0.84365, 1, 

175,159,0.001, 0.0510994, 0.0514174, 0.0537879, 0.100991, 0.105596, 0.131, 0.164679, 0.213163, 0.232694, 0.240611, 0.242438, 0.246417, 0.362128, 0.379085, 0.445955, 0.724124, 0.753088, 0.856502, 0.944312, 0.954014, 1, 

152,276,0.001, 0.0532468, 0.0414997, 0.0743845, 0.0989365, 0.112989, 0.121449, 0.126597, 0.165304, 0.268214, 0.268214, 0.104749, 0.277156, 0.361585, 0.378142, 0.806667, 0.84365, 1, 

160,178,0.001, 0.0483227, 0.0168724, 0.0517338, 0.0989365, 0.112989, 0.121449, 0.126597, 0.165304, 0.268214, 0.275489, 0.480592, 0.361585, 0.378142, 0.443034, 0.810607, 0.447901, 0.472146, 0.540131, 0.567319, 0.583529, 1, 

141,429,0.001, 0.0113792, 0.0168724, 0.237456, 0.0989365, 0.112989, 0.121449, 0.126597, 0.165304, 0.237026, 0.240611, 0.84321, 1, 

195,130,0.001, 0.0532468, 0.0414997, 0.0743845, 0.0989365, 0.112989, 0.121449, 0.126597, 0.165304, 0.268214, 0.275489, 0.307279, 0.273151, 0.695243, 0.806667, 0.84365, 1, 

Generation #42
153,199,0.001, 0.0483227, 0.0579329, 0.0998376, 0.100991, 0.105596, 0.131, 0.164679, 0.213163, 0.232694, 0.240611, 0.242438, 1, 

163,162,0.001, 0.0483227, 0.0168724, 0.0517338, 0.0989365, 0.112989, 0.121449, 0.126597, 0.165304, 0.237026, 0.449739, 0.84321, 0.471353, 1, 

187,146,0.001, 0.0230751, 0.0514174, 0.0537879, 0.0578811, 0.0599018, 0.0924662, 0.100911, 0.231766, 0.413554, 0.415914, 0.477199, 0.512204, 1, 

159,186,0.001, 0.0532468, 0.0414997, 0.0743845, 0.0989365, 0.112989, 0.121449, 0.126597, 0.165304, 0.268214, 0.275489, 0.277156, 0.361585, 0.378142, 0.806667, 0.565017, 0.84365, 1, 

175,159,0.001, 0.0510994, 0.0514174, 0.0537879, 0.100991, 0.105596, 0.131, 0.164679, 0.213163, 0.232694, 0.240611, 0.242438, 0.246417, 0.362128, 0.379085, 0.445955, 0.724124, 0.753088, 0.856502, 0.944312, 0.954014, 1, 

160,178,0.001, 0.0483227, 0.0168724, 0.0517338, 0.0989365, 0.112989, 0.121449, 0.126597, 0.165304, 0.268214, 0.275489, 0.480592, 0.361585, 0.378142, 0.443034, 0.810607, 0.447901, 0.472146, 0.540131, 0.567319, 0.583529, 1, 

141,429,0.001, 0.0113792, 0.0168724, 0.237456, 0.0989365, 0.112989, 0.121449, 0.126597, 0.165304, 0.237026, 0.240611, 0.84321, 1, 

195,130,0.001, 0.0532468, 0.0414997, 0.0743845, 0.0989365, 0.112989, 0.121449, 0.126597, 0.165304, 0.268214, 0.275489, 0.307279, 0.273151, 0.695243, 0.806667, 0.84365, 1, 

152,263,0.001, 0.037754, 0.0414997, 0.0743845, 0.0537879, 0.0578811, 0.0599018, 0.0924662, 0.100911, 0.231766, 0.351953, 0.449739, 0.84321, 0.471353, 1, 

Generation #43
153,199,0.001, 0.0483227, 0.0579329, 0.0998376, 0.100991, 0.105596, 0.131, 0.164679, 0.213163, 0.232694, 0.240611, 0.242438, 1, 

163,162,0.001, 0.0483227, 0.0168724, 0.0517338, 0.0989365, 0.112989, 0.121449, 0.126597, 0.165304, 0.237026, 0.449739, 0.84321, 0.471353, 1, 

187,146,0.001, 0.0230751, 0.0514174, 0.0537879, 0.0578811, 0.0599018, 0.0924662, 0.100911, 0.231766, 0.413554, 0.415914, 0.477199, 0.512204, 1, 

159,186,0.001, 0.0532468, 0.0414997, 0.0743845, 0.0989365, 0.112989, 0.121449, 0.126597, 0.165304, 0.268214, 0.275489, 0.277156, 0.361585, 0.378142, 0.806667, 0.565017, 0.84365, 1, 

175,159,0.001, 0.0510994, 0.0514174, 0.0537879, 0.100991, 0.105596, 0.131, 0.164679, 0.213163, 0.232694, 0.240611, 0.242438, 0.246417, 0.362128, 0.379085, 0.445955, 0.724124, 0.753088, 0.856502, 0.944312, 0.954014, 1, 

160,178,0.001, 0.0483227, 0.0168724, 0.0517338, 0.0989365, 0.112989, 0.121449, 0.126597, 0.165304, 0.268214, 0.275489, 0.480592, 0.361585, 0.378142, 0.443034, 0.810607, 0.447901, 0.472146, 0.540131, 0.567319, 0.583529, 1, 

141,429,0.001, 0.0113792, 0.0168724, 0.237456, 0.0989365, 0.112989, 0.121449, 0.126597, 0.165304, 0.237026, 0.240611, 0.84321, 1, 

195,130,0.001, 0.0532468, 0.0414997, 0.0743845, 0.0989365, 0.112989, 0.121449, 0.126597, 0.165304, 0.268214, 0.275489, 0.307279, 0.273151, 0.695243, 0.806667, 0.84365, 1, 

152,263,0.001, 0.037754, 0.0414997, 0.0743845, 0.0537879, 0.0578811, 0.0599018, 0.0924662, 0.100911, 0.231766, 0.351953, 0.449739, 0.84321, 0.471353, 1, 

Generation #44
153,199,0.001, 0.0483227, 0.0579329, 0.0998376, 0.100991, 0.105596, 0.131, 0.164679, 0.213163, 0.232694, 0.240611, 0.242438, 1, 

163,162,0.001, 0.0483227, 0.0168724, 0.0517338, 0.0989365, 0.112989, 0.121449, 0.126597, 0.165304, 0.237026, 0.449739, 0.84321, 0.471353, 1, 

187,146,0.001, 0.0230751, 0.0514174, 0.0537879, 0.0578811, 0.0599018, 0.0924662, 0.100911, 0.231766, 0.413554, 0.415914, 0.477199, 0.512204, 1, 

159,186,0.001, 0.0532468, 0.0414997, 0.0743845, 0.0989365, 0.112989, 0.121449, 0.126597, 0.165304, 0.268214, 0.275489, 0.277156, 0.361585, 0.378142, 0.806667, 0.565017, 0.84365, 1, 

175,159,0.001, 0.0510994, 0.0514174, 0.0537879, 0.100991, 0.105596, 0.131, 0.164679, 0.213163, 0.232694, 0.240611, 0.242438, 0.246417, 0.362128, 0.379085, 0.445955, 0.724124, 0.753088, 0.856502, 0.944312, 0.954014, 1, 

160,178,0.001, 0.0483227, 0.0168724, 0.0517338, 0.0989365, 0.112989, 0.121449, 0.126597, 0.165304, 0.268214, 0.275489, 0.480592, 0.361585, 0.378142, 0.443034, 0.810607, 0.447901, 0.472146, 0.540131, 0.567319, 0.583529, 1, 

141,429,0.001, 0.0113792, 0.0168724, 0.237456, 0.0989365, 0.112989, 0.121449, 0.126597, 0.165304, 0.237026, 0.240611, 0.84321, 1, 

195,130,0.001, 0.0532468, 0.0414997, 0.0743845, 0.0989365, 0.112989, 0.121449, 0.126597, 0.165304, 0.268214, 0.275489, 0.307279, 0.273151, 0.695243, 0.806667, 0.84365, 1, 

152,263,0.001, 0.037754, 0.0414997, 0.0743845, 0.0537879, 0.0578811, 0.0599018, 0.0924662, 0.100911, 0.231766, 0.351953, 0.449739, 0.84321, 0.471353, 1, 

Generation #45
153,199,0.001, 0.0483227, 0.0579329, 0.0998376, 0.100991, 0.105596, 0.131, 0.164679, 0.213163, 0.232694, 0.240611, 0.242438, 1, 

163,162,0.001, 0.0483227, 0.0168724, 0.0517338, 0.0989365, 0.112989, 0.121449, 0.126597, 0.165304, 0.237026, 0.449739, 0.84321, 0.471353, 1, 

187,146,0.001, 0.0230751, 0.0514174, 0.0537879, 0.0578811, 0.0599018, 0.0924662, 0.100911, 0.231766, 0.413554, 0.415914, 0.477199, 0.512204, 1, 

159,186,0.001, 0.0532468, 0.0414997, 0.0743845, 0.0989365, 0.112989, 0.121449, 0.126597, 0.165304, 0.268214, 0.275489, 0.277156, 0.361585, 0.378142, 0.806667, 0.565017, 0.84365, 1, 

175,159,0.001, 0.0510994, 0.0514174, 0.0537879, 0.100991, 0.105596, 0.131, 0.164679, 0.213163, 0.232694, 0.240611, 0.242438, 0.246417, 0.362128, 0.379085, 0.445955, 0.724124, 0.753088, 0.856502, 0.944312, 0.954014, 1, 

160,178,0.001, 0.0483227, 0.0168724, 0.0517338, 0.0989365, 0.112989, 0.121449, 0.126597, 0.165304, 0.268214, 0.275489, 0.480592, 0.361585, 0.378142, 0.443034, 0.810607, 0.447901, 0.472146, 0.540131, 0.567319, 0.583529, 1, 

141,429,0.001, 0.0113792, 0.0168724, 0.237456, 0.0989365, 0.112989, 0.121449, 0.126597, 0.165304, 0.237026, 0.240611, 0.84321, 1, 

195,130,0.001, 0.0532468, 0.0414997, 0.0743845, 0.0989365, 0.112989, 0.121449, 0.126597, 0.165304, 0.268214, 0.275489, 0.307279, 0.273151, 0.695243, 0.806667, 0.84365, 1, 

152,263,0.001, 0.037754, 0.0414997, 0.0743845, 0.0537879, 0.0578811, 0.0599018, 0.0924662, 0.100911, 0.231766, 0.351953, 0.449739, 0.84321, 0.471353, 1, 

Generation #46
153,199,0.001, 0.0483227, 0.0579329, 0.0998376, 0.100991, 0.105596, 0.131, 0.164679, 0.213163, 0.232694, 0.240611, 0.242438, 1, 

163,162,0.001, 0.0483227, 0.0168724, 0.0517338, 0.0989365, 0.112989, 0.121449, 0.126597, 0.165304, 0.237026, 0.449739, 0.84321, 0.471353, 1, 

187,146,0.001, 0.0230751, 0.0514174, 0.0537879, 0.0578811, 0.0599018, 0.0924662, 0.100911, 0.231766, 0.413554, 0.415914, 0.477199, 0.512204, 1, 

159,186,0.001, 0.0532468, 0.0414997, 0.0743845, 0.0989365, 0.112989, 0.121449, 0.126597, 0.165304, 0.268214, 0.275489, 0.277156, 0.361585, 0.378142, 0.806667, 0.565017, 0.84365, 1, 

175,159,0.001, 0.0510994, 0.0514174, 0.0537879, 0.100991, 0.105596, 0.131, 0.164679, 0.213163, 0.232694, 0.240611, 0.242438, 0.246417, 0.362128, 0.379085, 0.445955, 0.724124, 0.753088, 0.856502, 0.944312, 0.954014, 1, 

160,178,0.001, 0.0483227, 0.0168724, 0.0517338, 0.0989365, 0.112989, 0.121449, 0.126597, 0.165304, 0.268214, 0.275489, 0.480592, 0.361585, 0.378142, 0.443034, 0.810607, 0.447901, 0.472146, 0.540131, 0.567319, 0.583529, 1, 

141,429,0.001, 0.0113792, 0.0168724, 0.237456, 0.0989365, 0.112989, 0.121449, 0.126597, 0.165304, 0.237026, 0.240611, 0.84321, 1, 

195,130,0.001, 0.0532468, 0.0414997, 0.0743845, 0.0989365, 0.112989, 0.121449, 0.126597, 0.165304, 0.268214, 0.275489, 0.307279, 0.273151, 0.695243, 0.806667, 0.84365, 1, 

152,263,0.001, 0.037754, 0.0414997, 0.0743845, 0.0537879, 0.0578811, 0.0599018, 0.0924662, 0.100911, 0.231766, 0.351953, 0.449739, 0.84321, 0.471353, 1, 

Generation #47
153,199,0.001, 0.0483227, 0.0579329, 0.0998376, 0.100991, 0.105596, 0.131, 0.164679, 0.213163, 0.232694, 0.240611, 0.242438, 1, 

163,162,0.001, 0.0483227, 0.0168724, 0.0517338, 0.0989365, 0.112989, 0.121449, 0.126597, 0.165304, 0.237026, 0.449739, 0.84321, 0.471353, 1, 

187,146,0.001, 0.0230751, 0.0514174, 0.0537879, 0.0578811, 0.0599018, 0.0924662, 0.100911, 0.231766, 0.413554, 0.415914, 0.477199, 0.512204, 1, 

159,186,0.001, 0.0532468, 0.0414997, 0.0743845, 0.0989365, 0.112989, 0.121449, 0.126597, 0.165304, 0.268214, 0.275489, 0.277156, 0.361585, 0.378142, 0.806667, 0.565017, 0.84365, 1, 

175,159,0.001, 0.0510994, 0.0514174, 0.0537879, 0.100991, 0.105596, 0.131, 0.164679, 0.213163, 0.232694, 0.240611, 0.242438, 0.246417, 0.362128, 0.379085, 0.445955, 0.724124, 0.753088, 0.856502, 0.944312, 0.954014, 1, 

160,178,0.001, 0.0483227, 0.0168724, 0.0517338, 0.0989365, 0.112989, 0.121449, 0.126597, 0.165304, 0.268214, 0.275489, 0.480592, 0.361585, 0.378142, 0.443034, 0.810607, 0.447901, 0.472146, 0.540131, 0.567319, 0.583529, 1, 

141,429,0.001, 0.0113792, 0.0168724, 0.237456, 0.0989365, 0.112989, 0.121449, 0.126597, 0.165304, 0.237026, 0.240611, 0.84321, 1, 

195,130,0.001, 0.0532468, 0.0414997, 0.0743845, 0.0989365, 0.112989, 0.121449, 0.126597, 0.165304, 0.268214, 0.275489, 0.307279, 0.273151, 0.695243, 0.806667, 0.84365, 1, 

152,263,0.001, 0.037754, 0.0414997, 0.0743845, 0.0537879, 0.0578811, 0.0599018, 0.0924662, 0.100911, 0.231766, 0.351953, 0.449739, 0.84321, 0.471353, 1, 

161,170,0.001, 0.0230751, 0.0514174, 0.0537879, 0.0578811, 0.112989, 0.121449, 0.126597, 0.165304, 0.268214, 0.275489, 0.277156, 0.361585, 0.378142, 0.443034, 0.810607, 0.447901, 0.472146, 0.540131, 0.567319, 0.583529, 1, 

Generation #48
153,199,0.001, 0.0483227, 0.0579329, 0.0998376, 0.100991, 0.105596, 0.131, 0.164679, 0.213163, 0.232694, 0.240611, 0.242438, 1, 

163,162,0.001, 0.0483227, 0.0168724, 0.0517338, 0.0989365, 0.112989, 0.121449, 0.126597, 0.165304, 0.237026, 0.449739, 0.84321, 0.471353, 1, 

187,146,0.001, 0.0230751, 0.0514174, 0.0537879, 0.0578811, 0.0599018, 0.0924662, 0.100911, 0.231766, 0.413554, 0.415914, 0.477199, 0.512204, 1, 

159,186,0.001, 0.0532468, 0.0414997, 0.0743845, 0.0989365, 0.112989, 0.121449, 0.126597, 0.165304, 0.268214, 0.275489, 0.277156, 0.361585, 0.378142, 0.806667, 0.565017, 0.84365, 1, 

175,159,0.001, 0.0510994, 0.0514174, 0.0537879, 0.100991, 0.105596, 0.131, 0.164679, 0.213163, 0.232694, 0.240611, 0.242438, 0.246417, 0.362128, 0.379085, 0.445955, 0.724124, 0.753088, 0.856502, 0.944312, 0.954014, 1, 

160,178,0.001, 0.0483227, 0.0168724, 0.0517338, 0.0989365, 0.112989, 0.121449, 0.126597, 0.165304, 0.268214, 0.275489, 0.480592, 0.361585, 0.378142, 0.443034, 0.810607, 0.447901, 0.472146, 0.540131, 0.567319, 0.583529, 1, 

141,429,0.001, 0.0113792, 0.0168724, 0.237456, 0.0989365, 0.112989, 0.121449, 0.126597, 0.165304, 0.237026, 0.240611, 0.84321, 1, 

195,130,0.001, 0.0532468, 0.0414997, 0.0743845, 0.0989365, 0.112989, 0.121449, 0.126597, 0.165304, 0.268214, 0.275489, 0.307279, 0.273151, 0.695243, 0.806667, 0.84365, 1, 

152,263,0.001, 0.037754, 0.0414997, 0.0743845, 0.0537879, 0.0578811, 0.0599018, 0.0924662, 0.100911, 0.231766, 0.351953, 0.449739, 0.84321, 0.471353, 1, 

161,170,0.001, 0.0230751, 0.0514174, 0.0537879, 0.0578811, 0.112989, 0.121449, 0.126597, 0.165304, 0.268214, 0.275489, 0.277156, 0.361585, 0.378142, 0.443034, 0.810607, 0.447901, 0.472146, 0.540131, 0.567319, 0.583529, 1, 

Generation #49
153,199,0.001, 0.0483227, 0.0579329, 0.0998376, 0.100991, 0.105596, 0.131, 0.164679, 0.213163, 0.232694, 0.240611, 0.242438, 1, 

163,162,0.001, 0.0483227, 0.0168724, 0.0517338, 0.0989365, 0.112989, 0.121449, 0.126597, 0.165304, 0.237026, 0.449739, 0.84321, 0.471353, 1, 

187,146,0.001, 0.0230751, 0.0514174, 0.0537879, 0.0578811, 0.0599018, 0.0924662, 0.100911, 0.231766, 0.413554, 0.415914, 0.477199, 0.512204, 1, 

159,186,0.001, 0.0532468, 0.0414997, 0.0743845, 0.0989365, 0.112989, 0.121449, 0.126597, 0.165304, 0.268214, 0.275489, 0.277156, 0.361585, 0.378142, 0.806667, 0.565017, 0.84365, 1, 

175,159,0.001, 0.0510994, 0.0514174, 0.0537879, 0.100991, 0.105596, 0.131, 0.164679, 0.213163, 0.232694, 0.240611, 0.242438, 0.246417, 0.362128, 0.379085, 0.445955, 0.724124, 0.753088, 0.856502, 0.944312, 0.954014, 1, 

160,178,0.001, 0.0483227, 0.0168724, 0.0517338, 0.0989365, 0.112989, 0.121449, 0.126597, 0.165304, 0.268214, 0.275489, 0.480592, 0.361585, 0.378142, 0.443034, 0.810607, 0.447901, 0.472146, 0.540131, 0.567319, 0.583529, 1, 

141,429,0.001, 0.0113792, 0.0168724, 0.237456, 0.0989365, 0.112989, 0.121449, 0.126597, 0.165304, 0.237026, 0.240611, 0.84321, 1, 

195,130,0.001, 0.0532468, 0.0414997, 0.0743845, 0.0989365, 0.112989, 0.121449, 0.126597, 0.165304, 0.268214, 0.275489, 0.307279, 0.273151, 0.695243, 0.806667, 0.84365, 1, 

152,263,0.001, 0.037754, 0.0414997, 0.0743845, 0.0537879, 0.0578811, 0.0599018, 0.0924662, 0.100911, 0.231766, 0.351953, 0.449739, 0.84321, 0.471353, 1, 

161,170,0.001, 0.0230751, 0.0514174, 0.0537879, 0.0578811, 0.112989, 0.121449, 0.126597, 0.165304, 0.268214, 0.275489, 0.277156, 0.361585, 0.378142, 0.443034, 0.810607, 0.447901, 0.472146, 0.540131, 0.567319, 0.583529, 1, 

--- Pareto Front Solutions ---
Solution 0: N total=513 (N_initial=360, N_added=153), Time total=290 ms, Saved to: ./results/Make_t3_l3_pareto_0.csv, percents=0.001, 0.0483227, 0.0579329, 0.0998376, 0.100991, 0.105596, 0.131, 0.164679, 0.213163, 0.232694, 0.240611, 0.242438, 1, 

Solution 1: N total=523 (N_initial=360, N_added=163), Time total=253 ms, Saved to: ./results/Make_t3_l3_pareto_1.csv, percents=0.001, 0.0483227, 0.0168724, 0.0517338, 0.0989365, 0.112989, 0.121449, 0.126597, 0.165304, 0.237026, 0.449739, 0.84321, 0.471353, 1, 

Solution 2: N total=547 (N_initial=360, N_added=187), Time total=237 ms, Saved to: ./results/Make_t3_l3_pareto_2.csv, percents=0.001, 0.0230751, 0.0514174, 0.0537879, 0.0578811, 0.0599018, 0.0924662, 0.100911, 0.231766, 0.413554, 0.415914, 0.477199, 0.512204, 1, 

Solution 3: N total=519 (N_initial=360, N_added=159), Time total=277 ms, Saved to: ./results/Make_t3_l3_pareto_3.csv, percents=0.001, 0.0532468, 0.0414997, 0.0743845, 0.0989365, 0.112989, 0.121449, 0.126597, 0.165304, 0.268214, 0.275489, 0.277156, 0.361585, 0.378142, 0.806667, 0.565017, 0.84365, 1, 

Solution 4: N total=535 (N_initial=360, N_added=175), Time total=250 ms, Saved to: ./results/Make_t3_l3_pareto_4.csv, percents=0.001, 0.0510994, 0.0514174, 0.0537879, 0.100991, 0.105596, 0.131, 0.164679, 0.213163, 0.232694, 0.240611, 0.242438, 0.246417, 0.362128, 0.379085, 0.445955, 0.724124, 0.753088, 0.856502, 0.944312, 0.954014, 1, 

Solution 5: N total=520 (N_initial=360, N_added=160), Time total=269 ms, Saved to: ./results/Make_t3_l3_pareto_5.csv, percents=0.001, 0.0483227, 0.0168724, 0.0517338, 0.0989365, 0.112989, 0.121449, 0.126597, 0.165304, 0.268214, 0.275489, 0.480592, 0.361585, 0.378142, 0.443034, 0.810607, 0.447901, 0.472146, 0.540131, 0.567319, 0.583529, 1, 

Solution 6: N total=501 (N_initial=360, N_added=141), Time total=520 ms, Saved to: ./results/Make_t3_l3_pareto_6.csv, percents=0.001, 0.0113792, 0.0168724, 0.237456, 0.0989365, 0.112989, 0.121449, 0.126597, 0.165304, 0.237026, 0.240611, 0.84321, 1, 

Solution 7: N total=555 (N_initial=360, N_added=195), Time total=221 ms, Saved to: ./results/Make_t3_l3_pareto_7.csv, percents=0.001, 0.0532468, 0.0414997, 0.0743845, 0.0989365, 0.112989, 0.121449, 0.126597, 0.165304, 0.268214, 0.275489, 0.307279, 0.273151, 0.695243, 0.806667, 0.84365, 1, 

Solution 8: N total=512 (N_initial=360, N_added=152), Time total=354 ms, Saved to: ./results/Make_t3_l3_pareto_8.csv, percents=0.001, 0.037754, 0.0414997, 0.0743845, 0.0537879, 0.0578811, 0.0599018, 0.0924662, 0.100911, 0.231766, 0.351953, 0.449739, 0.84321, 0.471353, 1, 

Solution 9: N total=521 (N_initial=360, N_added=161), Time total=261 ms, Saved to: ./results/Make_t3_l3_pareto_9.csv, percents=0.001, 0.0230751, 0.0514174, 0.0537879, 0.0578811, 0.112989, 0.121449, 0.126597, 0.165304, 0.268214, 0.275489, 0.277156, 0.361585, 0.378142, 0.443034, 0.810607, 0.447901, 0.472146, 0.540131, 0.567319, 0.583529, 1, 

------------d=1, t=3, lambda=4, filename=./evaluation/Make/Make_3_4.csv------------
Computing partitioned counts of d-sets...
Ready to look at pairs based on partitioned counts...
First Stage N=480, Time=100
There are 4 remaining non-locating pairs
--- Running GA Algorithm (phase2) ---
Running GA with std::execution::par
Generation #0
15,0,0.001, 0.0551823, 0.0661239, 0.144337, 0.181056, 0.279458, 0.333201, 0.45117, 0.510912, 0.713419, 0.845065, 0.872449, 0.958294, 1, 

Generation #1
15,0,0.001, 0.0551823, 0.0661239, 0.144337, 0.181056, 0.279458, 0.333201, 0.45117, 0.510912, 0.713419, 0.845065, 0.872449, 0.958294, 1, 

Generation #2
15,0,0.001, 0.0551823, 0.0661239, 0.144337, 0.181056, 0.279458, 0.333201, 0.45117, 0.510912, 0.713419, 0.845065, 0.872449, 0.958294, 1, 

Generation #3
15,0,0.001, 0.0551823, 0.0661239, 0.144337, 0.181056, 0.279458, 0.333201, 0.45117, 0.510912, 0.713419, 0.845065, 0.872449, 0.958294, 1, 

Generation #4
15,0,0.001, 0.0551823, 0.0661239, 0.144337, 0.181056, 0.279458, 0.333201, 0.45117, 0.510912, 0.713419, 0.845065, 0.872449, 0.958294, 1, 

Generation #5
15,0,0.001, 0.0551823, 0.0661239, 0.144337, 0.181056, 0.279458, 0.333201, 0.45117, 0.510912, 0.713419, 0.845065, 0.872449, 0.958294, 1, 

14,2,0.001, 0.126208, 0.208312, 0.239617, 0.258352, 0.370336, 0.39961, 0.452116, 0.610232, 1, 

Generation #6
15,0,0.001, 0.0551823, 0.0661239, 0.144337, 0.181056, 0.279458, 0.333201, 0.45117, 0.510912, 0.713419, 0.845065, 0.872449, 0.958294, 1, 

11,1,0.001, 0.147595, 0.164082, 0.242162, 0.275422, 0.311143, 0.39961, 0.452116, 0.610232, 1, 

Generation #7
15,0,0.001, 0.0551823, 0.0661239, 0.144337, 0.181056, 0.279458, 0.333201, 0.45117, 0.510912, 0.713419, 0.845065, 0.872449, 0.958294, 1, 

11,1,0.001, 0.147595, 0.164082, 0.242162, 0.275422, 0.311143, 0.39961, 0.452116, 0.610232, 1, 

Generation #8
15,0,0.001, 0.0551823, 0.0661239, 0.144337, 0.181056, 0.279458, 0.333201, 0.45117, 0.510912, 0.713419, 0.845065, 0.872449, 0.958294, 1, 

11,1,0.001, 0.147595, 0.164082, 0.242162, 0.275422, 0.311143, 0.39961, 0.452116, 0.610232, 1, 

Generation #9
15,0,0.001, 0.0551823, 0.0661239, 0.144337, 0.181056, 0.279458, 0.333201, 0.45117, 0.510912, 0.713419, 0.845065, 0.872449, 0.958294, 1, 

11,1,0.001, 0.147595, 0.164082, 0.242162, 0.275422, 0.311143, 0.39961, 0.452116, 0.610232, 1, 

Generation #10
15,0,0.001, 0.0551823, 0.0661239, 0.144337, 0.181056, 0.279458, 0.333201, 0.45117, 0.510912, 0.713419, 0.845065, 0.872449, 0.958294, 1, 

11,1,0.001, 0.147595, 0.164082, 0.242162, 0.275422, 0.311143, 0.39961, 0.452116, 0.610232, 1, 

Generation #11
15,0,0.001, 0.0551823, 0.0661239, 0.144337, 0.181056, 0.279458, 0.333201, 0.45117, 0.510912, 0.713419, 0.845065, 0.872449, 0.958294, 1, 

11,1,0.001, 0.147595, 0.164082, 0.242162, 0.275422, 0.311143, 0.39961, 0.452116, 0.610232, 1, 

Generation #12
15,0,0.001, 0.0551823, 0.0661239, 0.144337, 0.181056, 0.279458, 0.333201, 0.45117, 0.510912, 0.713419, 0.845065, 0.872449, 0.958294, 1, 

11,1,0.001, 0.147595, 0.164082, 0.242162, 0.275422, 0.311143, 0.39961, 0.452116, 0.610232, 1, 

Generation #13
15,0,0.001, 0.0551823, 0.0661239, 0.144337, 0.181056, 0.279458, 0.333201, 0.45117, 0.510912, 0.713419, 0.845065, 0.872449, 0.958294, 1, 

11,1,0.001, 0.147595, 0.164082, 0.242162, 0.275422, 0.311143, 0.39961, 0.452116, 0.610232, 1, 

Generation #14
15,0,0.001, 0.0551823, 0.0661239, 0.144337, 0.181056, 0.279458, 0.333201, 0.45117, 0.510912, 0.713419, 0.845065, 0.872449, 0.958294, 1, 

11,1,0.001, 0.147595, 0.164082, 0.242162, 0.275422, 0.311143, 0.39961, 0.452116, 0.610232, 1, 

Generation #15
15,0,0.001, 0.0551823, 0.0661239, 0.144337, 0.181056, 0.279458, 0.333201, 0.45117, 0.510912, 0.713419, 0.845065, 0.872449, 0.958294, 1, 

11,1,0.001, 0.147595, 0.164082, 0.242162, 0.275422, 0.311143, 0.39961, 0.452116, 0.610232, 1, 

Generation #16
15,0,0.001, 0.0551823, 0.0661239, 0.144337, 0.181056, 0.279458, 0.333201, 0.45117, 0.510912, 0.713419, 0.845065, 0.872449, 0.958294, 1, 

11,1,0.001, 0.147595, 0.164082, 0.242162, 0.275422, 0.311143, 0.39961, 0.452116, 0.610232, 1, 

Generation #17
15,0,0.001, 0.0551823, 0.0661239, 0.144337, 0.181056, 0.279458, 0.333201, 0.45117, 0.510912, 0.713419, 0.845065, 0.872449, 0.958294, 1, 

11,1,0.001, 0.147595, 0.164082, 0.242162, 0.275422, 0.311143, 0.39961, 0.452116, 0.610232, 1, 

Generation #18
15,0,0.001, 0.0551823, 0.0661239, 0.144337, 0.181056, 0.279458, 0.333201, 0.45117, 0.510912, 0.713419, 0.845065, 0.872449, 0.958294, 1, 

11,1,0.001, 0.147595, 0.164082, 0.242162, 0.275422, 0.311143, 0.39961, 0.452116, 0.610232, 1, 

Generation #19
15,0,0.001, 0.0551823, 0.0661239, 0.144337, 0.181056, 0.279458, 0.333201, 0.45117, 0.510912, 0.713419, 0.845065, 0.872449, 0.958294, 1, 

11,1,0.001, 0.147595, 0.164082, 0.242162, 0.275422, 0.311143, 0.39961, 0.452116, 0.610232, 1, 

Generation #20
15,0,0.001, 0.0551823, 0.0661239, 0.144337, 0.181056, 0.279458, 0.333201, 0.45117, 0.510912, 0.713419, 0.845065, 0.872449, 0.958294, 1, 

11,1,0.001, 0.147595, 0.164082, 0.242162, 0.275422, 0.311143, 0.39961, 0.452116, 0.610232, 1, 

Generation #21
15,0,0.001, 0.0551823, 0.0661239, 0.144337, 0.181056, 0.279458, 0.333201, 0.45117, 0.510912, 0.713419, 0.845065, 0.872449, 0.958294, 1, 

11,1,0.001, 0.147595, 0.164082, 0.242162, 0.275422, 0.311143, 0.39961, 0.452116, 0.610232, 1, 

Generation #22
15,0,0.001, 0.0551823, 0.0661239, 0.144337, 0.181056, 0.279458, 0.333201, 0.45117, 0.510912, 0.713419, 0.845065, 0.872449, 0.958294, 1, 

11,1,0.001, 0.147595, 0.164082, 0.242162, 0.275422, 0.311143, 0.39961, 0.452116, 0.610232, 1, 

Generation #23
15,0,0.001, 0.0551823, 0.0661239, 0.144337, 0.181056, 0.279458, 0.333201, 0.45117, 0.510912, 0.713419, 0.845065, 0.872449, 0.958294, 1, 

11,1,0.001, 0.147595, 0.164082, 0.242162, 0.275422, 0.311143, 0.39961, 0.452116, 0.610232, 1, 

Generation #24
15,0,0.001, 0.0551823, 0.0661239, 0.144337, 0.181056, 0.279458, 0.333201, 0.45117, 0.510912, 0.713419, 0.845065, 0.872449, 0.958294, 1, 

11,1,0.001, 0.147595, 0.164082, 0.242162, 0.275422, 0.311143, 0.39961, 0.452116, 0.610232, 1, 

Generation #25
15,0,0.001, 0.0551823, 0.0661239, 0.144337, 0.181056, 0.279458, 0.333201, 0.45117, 0.510912, 0.713419, 0.845065, 0.872449, 0.958294, 1, 

11,1,0.001, 0.147595, 0.164082, 0.242162, 0.275422, 0.311143, 0.39961, 0.452116, 0.610232, 1, 

Generation #26
15,0,0.001, 0.0551823, 0.0661239, 0.144337, 0.181056, 0.279458, 0.333201, 0.45117, 0.510912, 0.713419, 0.845065, 0.872449, 0.958294, 1, 

11,1,0.001, 0.147595, 0.164082, 0.242162, 0.275422, 0.311143, 0.39961, 0.452116, 0.610232, 1, 

Generation #27
15,0,0.001, 0.0551823, 0.0661239, 0.144337, 0.181056, 0.279458, 0.333201, 0.45117, 0.510912, 0.713419, 0.845065, 0.872449, 0.958294, 1, 

11,1,0.001, 0.147595, 0.164082, 0.242162, 0.275422, 0.311143, 0.39961, 0.452116, 0.610232, 1, 

Generation #28
15,0,0.001, 0.0551823, 0.0661239, 0.144337, 0.181056, 0.279458, 0.333201, 0.45117, 0.510912, 0.713419, 0.845065, 0.872449, 0.958294, 1, 

11,1,0.001, 0.147595, 0.164082, 0.242162, 0.275422, 0.311143, 0.39961, 0.452116, 0.610232, 1, 

Generation #29
11,0,0.001, 0.054968, 0.11846, 0.1887, 0.196571, 0.279105, 0.451327, 0.469589, 1, 

Generation #30
11,0,0.001, 0.054968, 0.11846, 0.1887, 0.196571, 0.279105, 0.451327, 0.469589, 1, 

Generation #31
11,0,0.001, 0.054968, 0.11846, 0.1887, 0.196571, 0.279105, 0.451327, 0.469589, 1, 

Generation #32
11,0,0.001, 0.054968, 0.11846, 0.1887, 0.196571, 0.279105, 0.451327, 0.469589, 1, 

Generation #33
11,0,0.001, 0.054968, 0.11846, 0.1887, 0.196571, 0.279105, 0.451327, 0.469589, 1, 

Generation #34
11,0,0.001, 0.054968, 0.11846, 0.1887, 0.196571, 0.279105, 0.451327, 0.469589, 1, 

Generation #35
11,0,0.001, 0.054968, 0.11846, 0.1887, 0.196571, 0.279105, 0.451327, 0.469589, 1, 

Generation #36
11,0,0.001, 0.054968, 0.11846, 0.1887, 0.196571, 0.279105, 0.451327, 0.469589, 1, 

Generation #37
11,0,0.001, 0.054968, 0.11846, 0.1887, 0.196571, 0.279105, 0.451327, 0.469589, 1, 

Generation #38
11,0,0.001, 0.054968, 0.11846, 0.1887, 0.196571, 0.279105, 0.451327, 0.469589, 1, 

Generation #39
10,0,0.001, 0.027078, 0.0374122, 0.239617, 0.101587, 0.425538, 0.451327, 0.469589, 0.977439, 1, 

Generation #40
10,0,0.001, 0.027078, 0.0374122, 0.239617, 0.101587, 0.425538, 0.451327, 0.469589, 0.977439, 1, 

8,5,0.001, 0.0551823, 0.0661239, 0.1887, 0.19724, 0.469589, 1, 

Generation #41
10,0,0.001, 0.027078, 0.0374122, 0.239617, 0.101587, 0.425538, 0.451327, 0.469589, 0.977439, 1, 

8,5,0.001, 0.0551823, 0.0661239, 0.1887, 0.19724, 0.469589, 1, 

Generation #42
10,0,0.001, 0.027078, 0.0374122, 0.239617, 0.101587, 0.425538, 0.451327, 0.469589, 0.977439, 1, 

8,5,0.001, 0.0551823, 0.0661239, 0.1887, 0.19724, 0.469589, 1, 

Generation #43
10,0,0.001, 0.027078, 0.0374122, 0.239617, 0.101587, 0.425538, 0.451327, 0.469589, 0.977439, 1, 

8,5,0.001, 0.0551823, 0.0661239, 0.1887, 0.19724, 0.469589, 1, 

Generation #44
10,0,0.001, 0.027078, 0.0374122, 0.239617, 0.101587, 0.425538, 0.451327, 0.469589, 0.977439, 1, 

8,5,0.001, 0.0551823, 0.0661239, 0.1887, 0.19724, 0.469589, 1, 

Generation #45
10,0,0.001, 0.027078, 0.0374122, 0.239617, 0.101587, 0.425538, 0.451327, 0.469589, 0.977439, 1, 

8,5,0.001, 0.0551823, 0.0661239, 0.1887, 0.19724, 0.469589, 1, 

Generation #46
10,0,0.001, 0.027078, 0.0374122, 0.239617, 0.101587, 0.425538, 0.451327, 0.469589, 0.977439, 1, 

8,5,0.001, 0.0551823, 0.0661239, 0.1887, 0.19724, 0.469589, 1, 

Generation #47
10,0,0.001, 0.027078, 0.0374122, 0.239617, 0.101587, 0.425538, 0.451327, 0.469589, 0.977439, 1, 

8,5,0.001, 0.0551823, 0.0661239, 0.1887, 0.19724, 0.469589, 1, 

Generation #48
10,0,0.001, 0.027078, 0.0374122, 0.239617, 0.101587, 0.425538, 0.451327, 0.469589, 0.977439, 1, 

8,5,0.001, 0.0551823, 0.0661239, 0.1887, 0.19724, 0.469589, 1, 

Generation #49
10,0,0.001, 0.027078, 0.0374122, 0.239617, 0.101587, 0.425538, 0.451327, 0.469589, 0.977439, 1, 

8,5,0.001, 0.0551823, 0.0661239, 0.1887, 0.19724, 0.469589, 1, 

--- Pareto Front Solutions ---
Solution 0: N total=490 (N_initial=480, N_added=10), Time total=100 ms, Saved to: ./results/Make_t3_l4_pareto_0.csv, percents=0.001, 0.027078, 0.0374122, 0.239617, 0.101587, 0.425538, 0.451327, 0.469589, 0.977439, 1, 

Solution 1: N total=488 (N_initial=480, N_added=8), Time total=105 ms, Saved to: ./results/Make_t3_l4_pareto_1.csv, percents=0.001, 0.0551823, 0.0661239, 0.1887, 0.19724, 0.469589, 1, 

