------------d=1, t=3, lambda=1, filename=./evaluation/SPINS/SPINS_3_1.csv------------
Computing partitioned counts of d-sets...
Ready to look at pairs based on partitioned counts...
First Stage N=93, Time=69
There are 6014 remaining non-locating pairs
--- Running GA Algorithm (phase2) ---
Running GA with std::execution::par
Generation #0
114,6195,0.001, 0.221124, 0.229578, 0.248151, 0.317247, 0.437383, 0.444051, 0.643865, 0.749881, 0.83435, 0.852734, 1, 

115,2442,0.001, 0.0537338, 0.106666, 0.111303, 0.348809, 0.39629, 0.452333, 0.476821, 0.529451, 0.635177, 0.648952, 0.726148, 0.943837, 0.951523, 1, 

124,1246,0.001, 0.0219461, 0.0261442, 0.0262016, 0.0663368, 0.100799, 0.164494, 0.217953, 0.230267, 0.239707, 0.475426, 0.477239, 0.511489, 0.606937, 0.610299, 0.685118, 0.749872, 0.761045, 0.79815, 0.843834, 0.85952, 0.956795, 1, 

122,1249,0.001, 0.017851, 0.0501659, 0.0513067, 0.110065, 0.137015, 0.159559, 0.187127, 0.248876, 0.279032, 0.421249, 0.482314, 0.608711, 0.629831, 0.648283, 0.693314, 0.753794, 0.76718, 0.888482, 0.910419, 0.911522, 1, 

Generation #1
112,6589,0.001, 0.227072, 0.289959, 0.32352, 0.371329, 0.372239, 0.376172, 0.471627, 0.496676, 0.646755, 0.764687, 0.803333, 0.833078, 0.955158, 1, 

113,981,0.001, 0.016831, 0.0528152, 0.0980615, 0.106911, 0.119235, 0.17776, 0.247358, 0.299091, 1, 

Generation #2
112,6589,0.001, 0.227072, 0.289959, 0.32352, 0.371329, 0.372239, 0.376172, 0.471627, 0.496676, 0.646755, 0.764687, 0.803333, 0.833078, 0.955158, 1, 

113,981,0.001, 0.016831, 0.0528152, 0.0980615, 0.106911, 0.119235, 0.17776, 0.247358, 0.299091, 1, 

Generation #3
113,981,0.001, 0.016831, 0.0528152, 0.0980615, 0.106911, 0.119235, 0.17776, 0.247358, 0.299091, 1, 

112,1151,0.001, 0.016831, 0.0528152, 0.0980615, 0.106911, 0.119235, 0.17776, 0.247358, 0.299091, 1, 

Generation #4
113,981,0.001, 0.016831, 0.0528152, 0.0980615, 0.106911, 0.119235, 0.17776, 0.247358, 0.299091, 1, 

126,870,0.001, 0.0234395, 0.0390873, 0.0460126, 0.10239, 0.111185, 0.134715, 0.142228, 0.147769, 0.164878, 0.182603, 0.226503, 0.233886, 0.45517, 0.463487, 0.532428, 0.559007, 0.529021, 0.626218, 0.704687, 0.713675, 0.738961, 0.761479, 0.761965, 0.804252, 0.900865, 0.94796, 1, 

111,996,0.001, 0.0141455, 0.0218816, 0.0456565, 0.126535, 0.25827, 0.299694, 0.381954, 0.273822, 0.279, 0.662116, 0.852734, 1, 

Generation #5
113,981,0.001, 0.016831, 0.0528152, 0.0980615, 0.106911, 0.119235, 0.17776, 0.247358, 0.299091, 1, 

126,870,0.001, 0.0234395, 0.0390873, 0.0460126, 0.10239, 0.111185, 0.134715, 0.142228, 0.147769, 0.164878, 0.182603, 0.226503, 0.233886, 0.45517, 0.463487, 0.532428, 0.559007, 0.529021, 0.626218, 0.704687, 0.713675, 0.738961, 0.761479, 0.761965, 0.804252, 0.900865, 0.94796, 1, 

111,996,0.001, 0.0141455, 0.0218816, 0.0456565, 0.126535, 0.25827, 0.299694, 0.381954, 0.273822, 0.279, 0.662116, 0.852734, 1, 

108,1005,0.001, 0.017851, 0.0501659, 0.0513067, 0.110065, 0.137015, 0.159559, 0.187127, 0.248876, 0.806633, 1, 

Generation #6
113,981,0.001, 0.016831, 0.0528152, 0.0980615, 0.106911, 0.119235, 0.17776, 0.247358, 0.299091, 1, 

126,870,0.001, 0.0234395, 0.0390873, 0.0460126, 0.10239, 0.111185, 0.134715, 0.142228, 0.147769, 0.164878, 0.182603, 0.226503, 0.233886, 0.45517, 0.463487, 0.532428, 0.559007, 0.529021, 0.626218, 0.704687, 0.713675, 0.738961, 0.761479, 0.761965, 0.804252, 0.900865, 0.94796, 1, 

111,996,0.001, 0.0141455, 0.0218816, 0.0456565, 0.126535, 0.25827, 0.299694, 0.381954, 0.273822, 0.279, 0.662116, 0.852734, 1, 

108,1005,0.001, 0.017851, 0.0501659, 0.0513067, 0.110065, 0.137015, 0.159559, 0.187127, 0.248876, 0.806633, 1, 

121,949,0.001, 0.0141455, 0.0218816, 0.0456565, 0.109886, 0.119161, 0.17776, 0.247358, 0.299091, 1, 

122,910,0.001, 0.017851, 0.0501659, 0.0513067, 0.110065, 0.137015, 0.159559, 0.187127, 0.248876, 0.806633, 1, 

116,960,0.001, 0.016831, 0.0528152, 0.0980615, 0.106911, 0.119235, 0.17776, 0.247358, 0.299091, 1, 

Generation #7
111,996,0.001, 0.0141455, 0.0218816, 0.0456565, 0.126535, 0.25827, 0.299694, 0.381954, 0.273822, 0.279, 0.662116, 0.852734, 1, 

108,1005,0.001, 0.017851, 0.0501659, 0.0513067, 0.110065, 0.137015, 0.159559, 0.187127, 0.248876, 0.806633, 1, 

116,960,0.001, 0.016831, 0.0528152, 0.0980615, 0.106911, 0.119235, 0.17776, 0.247358, 0.299091, 1, 

125,846,0.001, 0.016831, 0.0528152, 0.0980615, 0.106911, 0.119235, 0.159559, 0.187127, 0.248876, 0.279032, 0.421249, 0.482314, 0.833078, 0.629831, 0.648283, 0.693314, 0.637202, 0.649053, 0.741608, 0.807409, 0.810516, 0.922613, 0.940965, 0.95317, 0.986705, 1, 

121,869,0.001, 0.017851, 0.0501659, 0.0513067, 0.0663368, 0.100799, 0.17776, 0.247358, 0.345675, 0.529451, 0.635177, 0.648952, 0.726148, 0.943837, 0.951523, 1, 

113,973,0.001, 0.017851, 0.0501659, 0.0513067, 0.110065, 0.137015, 0.299694, 0.381954, 0.273822, 0.279, 0.662116, 0.852734, 1, 

117,883,0.001, 0.017851, 0.0501659, 0.0513067, 0.110065, 0.137015, 0.159559, 0.187127, 0.299091, 1, 

112,985,0.001, 0.0141455, 0.0218816, 0.0456565, 0.106911, 0.119235, 0.17776, 0.247358, 0.299091, 1, 

Generation #8
111,996,0.001, 0.0141455, 0.0218816, 0.0456565, 0.126535, 0.25827, 0.299694, 0.381954, 0.273822, 0.279, 0.662116, 0.852734, 1, 

108,1005,0.001, 0.017851, 0.0501659, 0.0513067, 0.110065, 0.137015, 0.159559, 0.187127, 0.248876, 0.806633, 1, 

125,846,0.001, 0.016831, 0.0528152, 0.0980615, 0.106911, 0.119235, 0.159559, 0.187127, 0.248876, 0.279032, 0.421249, 0.482314, 0.833078, 0.629831, 0.648283, 0.693314, 0.637202, 0.649053, 0.741608, 0.807409, 0.810516, 0.922613, 0.940965, 0.95317, 0.986705, 1, 

121,869,0.001, 0.017851, 0.0501659, 0.0513067, 0.0663368, 0.100799, 0.17776, 0.247358, 0.345675, 0.529451, 0.635177, 0.648952, 0.726148, 0.943837, 0.951523, 1, 

113,973,0.001, 0.017851, 0.0501659, 0.0513067, 0.110065, 0.137015, 0.299694, 0.381954, 0.273822, 0.279, 0.662116, 0.852734, 1, 

117,883,0.001, 0.017851, 0.0501659, 0.0513067, 0.110065, 0.137015, 0.159559, 0.187127, 0.299091, 1, 

112,985,0.001, 0.0141455, 0.0218816, 0.0456565, 0.106911, 0.119235, 0.17776, 0.247358, 0.299091, 1, 

119,874,0.001, 0.0141455, 0.0501659, 0.0513067, 0.110065, 0.137015, 0.159559, 0.187127, 0.248876, 0.806633, 1, 

116,955,0.001, 0.017851, 0.0501659, 0.0513067, 0.110065, 0.137015, 0.366099, 0.62497, 0.468192, 0.48206, 0.421249, 0.901945, 1, 

Generation #9
111,996,0.001, 0.0141455, 0.0218816, 0.0456565, 0.126535, 0.25827, 0.299694, 0.381954, 0.273822, 0.279, 0.662116, 0.852734, 1, 

108,1005,0.001, 0.017851, 0.0501659, 0.0513067, 0.110065, 0.137015, 0.159559, 0.187127, 0.248876, 0.806633, 1, 

125,846,0.001, 0.016831, 0.0528152, 0.0980615, 0.106911, 0.119235, 0.159559, 0.187127, 0.248876, 0.279032, 0.421249, 0.482314, 0.833078, 0.629831, 0.648283, 0.693314, 0.637202, 0.649053, 0.741608, 0.807409, 0.810516, 0.922613, 0.940965, 0.95317, 0.986705, 1, 

121,869,0.001, 0.017851, 0.0501659, 0.0513067, 0.0663368, 0.100799, 0.17776, 0.247358, 0.345675, 0.529451, 0.635177, 0.648952, 0.726148, 0.943837, 0.951523, 1, 

113,973,0.001, 0.017851, 0.0501659, 0.0513067, 0.110065, 0.137015, 0.299694, 0.381954, 0.273822, 0.279, 0.662116, 0.852734, 1, 

117,883,0.001, 0.017851, 0.0501659, 0.0513067, 0.110065, 0.137015, 0.159559, 0.187127, 0.299091, 1, 

112,985,0.001, 0.0141455, 0.0218816, 0.0456565, 0.106911, 0.119235, 0.17776, 0.247358, 0.299091, 1, 

119,874,0.001, 0.0141455, 0.0501659, 0.0513067, 0.110065, 0.137015, 0.159559, 0.187127, 0.248876, 0.806633, 1, 

116,955,0.001, 0.017851, 0.0501659, 0.0513067, 0.110065, 0.137015, 0.366099, 0.62497, 0.468192, 0.48206, 0.421249, 0.901945, 1, 

120,873,0.001, 0.017851, 0.0501659, 0.0513067, 0.0663368, 0.100799, 0.17776, 0.247358, 0.468192, 0.48206, 0.421249, 0.901945, 1, 

Generation #10
111,996,0.001, 0.0141455, 0.0218816, 0.0456565, 0.126535, 0.25827, 0.299694, 0.381954, 0.273822, 0.279, 0.662116, 0.852734, 1, 

108,1005,0.001, 0.017851, 0.0501659, 0.0513067, 0.110065, 0.137015, 0.159559, 0.187127, 0.248876, 0.806633, 1, 

113,973,0.001, 0.017851, 0.0501659, 0.0513067, 0.110065, 0.137015, 0.299694, 0.381954, 0.273822, 0.279, 0.662116, 0.852734, 1, 

117,883,0.001, 0.017851, 0.0501659, 0.0513067, 0.110065, 0.137015, 0.159559, 0.187127, 0.299091, 1, 

112,985,0.001, 0.0141455, 0.0218816, 0.0456565, 0.106911, 0.119235, 0.17776, 0.247358, 0.299091, 1, 

119,874,0.001, 0.0141455, 0.0501659, 0.0513067, 0.110065, 0.137015, 0.159559, 0.187127, 0.248876, 0.806633, 1, 

115,937,0.001, 0.016831, 0.0501659, 0.0513067, 0.110065, 0.137015, 0.159559, 0.187127, 0.248876, 0.806633, 1, 

120,850,0.016831, 0.017851, 0.0501659, 0.0513067, 0.110065, 0.137015, 0.159559, 0.187127, 0.248876, 0.806633, 1, 

122,836,0.001, 0.016831, 0.0528152, 0.0513067, 0.0663368, 0.134715, 0.142228, 0.164878, 0.182603, 0.226503, 0.233886, 0.288066, 0.436146, 0.858627, 0.936587, 1, 

Generation #11
108,1005,0.001, 0.017851, 0.0501659, 0.0513067, 0.110065, 0.137015, 0.159559, 0.187127, 0.248876, 0.806633, 1, 

117,883,0.001, 0.017851, 0.0501659, 0.0513067, 0.110065, 0.137015, 0.159559, 0.187127, 0.299091, 1, 

119,874,0.001, 0.0141455, 0.0501659, 0.0513067, 0.110065, 0.137015, 0.159559, 0.187127, 0.248876, 0.806633, 1, 

120,850,0.016831, 0.017851, 0.0501659, 0.0513067, 0.110065, 0.137015, 0.159559, 0.187127, 0.248876, 0.806633, 1, 

122,836,0.001, 0.016831, 0.0528152, 0.0513067, 0.0663368, 0.134715, 0.142228, 0.164878, 0.182603, 0.226503, 0.233886, 0.288066, 0.436146, 0.858627, 0.936587, 1, 

115,936,0.001, 0.017851, 0.0501659, 0.0513067, 0.110065, 0.100799, 0.17776, 0.247358, 0.345675, 0.529451, 0.635177, 0.648952, 0.726148, 0.943837, 0.951523, 1, 

136,755,0.001, 0.016831, 0.0528152, 0.0513067, 0.0663368, 0.134715, 0.142228, 0.164878, 0.182603, 0.226503, 0.233886, 0.288066, 0.436146, 0.45517, 0.463487, 0.532428, 0.559007, 0.261353, 0.529021, 0.626218, 0.704687, 0.713675, 0.738961, 0.761479, 0.761965, 0.804252, 0.900865, 0.94796, 1, 

111,973,0.001, 0.016831, 0.0501659, 0.0513067, 0.110065, 0.137015, 0.159559, 0.187127, 0.17776, 0.492276, 0.247358, 0.299091, 1, 

114,954,0.001, 0.017851, 0.0501659, 0.0513067, 0.110065, 0.137015, 0.17776, 0.247358, 0.468192, 0.48206, 0.421249, 0.901945, 1, 

Generation #12
108,1005,0.001, 0.017851, 0.0501659, 0.0513067, 0.110065, 0.137015, 0.159559, 0.187127, 0.248876, 0.806633, 1, 

117,883,0.001, 0.017851, 0.0501659, 0.0513067, 0.110065, 0.137015, 0.159559, 0.187127, 0.299091, 1, 

119,874,0.001, 0.0141455, 0.0501659, 0.0513067, 0.110065, 0.137015, 0.159559, 0.187127, 0.248876, 0.806633, 1, 

120,850,0.016831, 0.017851, 0.0501659, 0.0513067, 0.110065, 0.137015, 0.159559, 0.187127, 0.248876, 0.806633, 1, 

122,836,0.001, 0.016831, 0.0528152, 0.0513067, 0.0663368, 0.134715, 0.142228, 0.164878, 0.182603, 0.226503, 0.233886, 0.288066, 0.436146, 0.858627, 0.936587, 1, 

115,936,0.001, 0.017851, 0.0501659, 0.0513067, 0.110065, 0.100799, 0.17776, 0.247358, 0.345675, 0.529451, 0.635177, 0.648952, 0.726148, 0.943837, 0.951523, 1, 

136,755,0.001, 0.016831, 0.0528152, 0.0513067, 0.0663368, 0.134715, 0.142228, 0.164878, 0.182603, 0.226503, 0.233886, 0.288066, 0.436146, 0.45517, 0.463487, 0.532428, 0.559007, 0.261353, 0.529021, 0.626218, 0.704687, 0.713675, 0.738961, 0.761479, 0.761965, 0.804252, 0.900865, 0.94796, 1, 

111,973,0.001, 0.016831, 0.0501659, 0.0513067, 0.110065, 0.137015, 0.159559, 0.187127, 0.17776, 0.492276, 0.247358, 0.299091, 1, 

114,954,0.001, 0.017851, 0.0501659, 0.0513067, 0.110065, 0.137015, 0.17776, 0.247358, 0.468192, 0.48206, 0.421249, 0.901945, 1, 

Generation #13
108,1005,0.001, 0.017851, 0.0501659, 0.0513067, 0.110065, 0.137015, 0.159559, 0.187127, 0.248876, 0.806633, 1, 

122,836,0.001, 0.016831, 0.0528152, 0.0513067, 0.0663368, 0.134715, 0.142228, 0.164878, 0.182603, 0.226503, 0.233886, 0.288066, 0.436146, 0.858627, 0.936587, 1, 

125,754,0.001, 0.0141455, 0.0218816, 0.0513067, 0.0663368, 0.100799, 0.17776, 0.247358, 0.345675, 0.529451, 0.635177, 0.648952, 0.726148, 0.943837, 0.951523, 1, 

110,844,0.001, 0.017851, 0.0501659, 0.0513067, 0.0663368, 0.100799, 0.0448965, 0.247358, 0.345675, 0.529451, 1, 

Generation #14
108,1005,0.001, 0.017851, 0.0501659, 0.0513067, 0.110065, 0.137015, 0.159559, 0.187127, 0.248876, 0.806633, 1, 

125,754,0.001, 0.0141455, 0.0218816, 0.0513067, 0.0663368, 0.100799, 0.17776, 0.247358, 0.345675, 0.529451, 0.635177, 0.648952, 0.726148, 0.943837, 0.951523, 1, 

110,844,0.001, 0.017851, 0.0501659, 0.0513067, 0.0663368, 0.100799, 0.0448965, 0.247358, 0.345675, 0.529451, 1, 

122,815,0.001, 0.017851, 0.0501659, 0.0513067, 0.110065, 0.100799, 0.17776, 0.247358, 0.345675, 0.529451, 0.635177, 0.648952, 0.726148, 0.943837, 0.951523, 1, 

Generation #15
108,1005,0.001, 0.017851, 0.0501659, 0.0513067, 0.110065, 0.137015, 0.159559, 0.187127, 0.248876, 0.806633, 1, 

125,754,0.001, 0.0141455, 0.0218816, 0.0513067, 0.0663368, 0.100799, 0.17776, 0.247358, 0.345675, 0.529451, 0.635177, 0.648952, 0.726148, 0.943837, 0.951523, 1, 

110,844,0.001, 0.017851, 0.0501659, 0.0513067, 0.0663368, 0.100799, 0.0448965, 0.247358, 0.345675, 0.529451, 1, 

122,815,0.001, 0.017851, 0.0501659, 0.0513067, 0.110065, 0.100799, 0.17776, 0.247358, 0.345675, 0.529451, 0.635177, 0.648952, 0.726148, 0.943837, 0.951523, 1, 

Generation #16
108,1005,0.001, 0.017851, 0.0501659, 0.0513067, 0.110065, 0.137015, 0.159559, 0.187127, 0.248876, 0.806633, 1, 

125,754,0.001, 0.0141455, 0.0218816, 0.0513067, 0.0663368, 0.100799, 0.17776, 0.247358, 0.345675, 0.529451, 0.635177, 0.648952, 0.726148, 0.943837, 0.951523, 1, 

110,844,0.001, 0.017851, 0.0501659, 0.0513067, 0.0663368, 0.100799, 0.0448965, 0.247358, 0.345675, 0.529451, 1, 

122,815,0.001, 0.017851, 0.0501659, 0.0513067, 0.110065, 0.100799, 0.17776, 0.247358, 0.345675, 0.529451, 0.635177, 0.648952, 0.726148, 0.943837, 0.951523, 1, 

109,936,0.001, 0.0141455, 0.0218816, 0.0513067, 0.0663368, 0.100799, 0.17776, 0.247358, 0.345675, 1, 

Generation #17
108,1005,0.001, 0.017851, 0.0501659, 0.0513067, 0.110065, 0.137015, 0.159559, 0.187127, 0.248876, 0.806633, 1, 

125,754,0.001, 0.0141455, 0.0218816, 0.0513067, 0.0663368, 0.100799, 0.17776, 0.247358, 0.345675, 0.529451, 0.635177, 0.648952, 0.726148, 0.943837, 0.951523, 1, 

110,844,0.001, 0.017851, 0.0501659, 0.0513067, 0.0663368, 0.100799, 0.0448965, 0.247358, 0.345675, 0.529451, 1, 

122,815,0.001, 0.017851, 0.0501659, 0.0513067, 0.110065, 0.100799, 0.17776, 0.247358, 0.345675, 0.529451, 0.635177, 0.648952, 0.726148, 0.943837, 0.951523, 1, 

109,936,0.001, 0.0141455, 0.0218816, 0.0513067, 0.0663368, 0.100799, 0.17776, 0.247358, 0.345675, 1, 

105,1294,0.001, 0.016831, 0.0528152, 0.0980615, 0.106911, 0.119235, 0.17776, 0.366937, 0.299091, 1, 

Generation #18
108,1005,0.001, 0.017851, 0.0501659, 0.0513067, 0.110065, 0.137015, 0.159559, 0.187127, 0.248876, 0.806633, 1, 

125,754,0.001, 0.0141455, 0.0218816, 0.0513067, 0.0663368, 0.100799, 0.17776, 0.247358, 0.345675, 0.529451, 0.635177, 0.648952, 0.726148, 0.943837, 0.951523, 1, 

110,844,0.001, 0.017851, 0.0501659, 0.0513067, 0.0663368, 0.100799, 0.0448965, 0.247358, 0.345675, 0.529451, 1, 

122,815,0.001, 0.017851, 0.0501659, 0.0513067, 0.110065, 0.100799, 0.17776, 0.247358, 0.345675, 0.529451, 0.635177, 0.648952, 0.726148, 0.943837, 0.951523, 1, 

109,936,0.001, 0.0141455, 0.0218816, 0.0513067, 0.0663368, 0.100799, 0.17776, 0.247358, 0.345675, 1, 

105,1294,0.001, 0.016831, 0.0528152, 0.0980615, 0.106911, 0.119235, 0.17776, 0.366937, 0.299091, 1, 

Generation #19
108,1005,0.001, 0.017851, 0.0501659, 0.0513067, 0.110065, 0.137015, 0.159559, 0.187127, 0.248876, 0.806633, 1, 

125,754,0.001, 0.0141455, 0.0218816, 0.0513067, 0.0663368, 0.100799, 0.17776, 0.247358, 0.345675, 0.529451, 0.635177, 0.648952, 0.726148, 0.943837, 0.951523, 1, 

110,844,0.001, 0.017851, 0.0501659, 0.0513067, 0.0663368, 0.100799, 0.0448965, 0.247358, 0.345675, 0.529451, 1, 

122,815,0.001, 0.017851, 0.0501659, 0.0513067, 0.110065, 0.100799, 0.17776, 0.247358, 0.345675, 0.529451, 0.635177, 0.648952, 0.726148, 0.943837, 0.951523, 1, 

109,936,0.001, 0.0141455, 0.0218816, 0.0513067, 0.0663368, 0.100799, 0.17776, 0.247358, 0.345675, 1, 

105,1294,0.001, 0.016831, 0.0528152, 0.0980615, 0.106911, 0.119235, 0.17776, 0.366937, 0.299091, 1, 

Generation #20
108,1005,0.001, 0.017851, 0.0501659, 0.0513067, 0.110065, 0.137015, 0.159559, 0.187127, 0.248876, 0.806633, 1, 

125,754,0.001, 0.0141455, 0.0218816, 0.0513067, 0.0663368, 0.100799, 0.17776, 0.247358, 0.345675, 0.529451, 0.635177, 0.648952, 0.726148, 0.943837, 0.951523, 1, 

110,844,0.001, 0.017851, 0.0501659, 0.0513067, 0.0663368, 0.100799, 0.0448965, 0.247358, 0.345675, 0.529451, 1, 

122,815,0.001, 0.017851, 0.0501659, 0.0513067, 0.110065, 0.100799, 0.17776, 0.247358, 0.345675, 0.529451, 0.635177, 0.648952, 0.726148, 0.943837, 0.951523, 1, 

109,936,0.001, 0.0141455, 0.0218816, 0.0513067, 0.0663368, 0.100799, 0.17776, 0.247358, 0.345675, 1, 

105,1294,0.001, 0.016831, 0.0528152, 0.0980615, 0.106911, 0.119235, 0.17776, 0.366937, 0.299091, 1, 

Generation #21
108,1005,0.001, 0.017851, 0.0501659, 0.0513067, 0.110065, 0.137015, 0.159559, 0.187127, 0.248876, 0.806633, 1, 

125,754,0.001, 0.0141455, 0.0218816, 0.0513067, 0.0663368, 0.100799, 0.17776, 0.247358, 0.345675, 0.529451, 0.635177, 0.648952, 0.726148, 0.943837, 0.951523, 1, 

110,844,0.001, 0.017851, 0.0501659, 0.0513067, 0.0663368, 0.100799, 0.0448965, 0.247358, 0.345675, 0.529451, 1, 

122,815,0.001, 0.017851, 0.0501659, 0.0513067, 0.110065, 0.100799, 0.17776, 0.247358, 0.345675, 0.529451, 0.635177, 0.648952, 0.726148, 0.943837, 0.951523, 1, 

109,936,0.001, 0.0141455, 0.0218816, 0.0513067, 0.0663368, 0.100799, 0.17776, 0.247358, 0.345675, 1, 

105,1294,0.001, 0.016831, 0.0528152, 0.0980615, 0.106911, 0.119235, 0.17776, 0.366937, 0.299091, 1, 

Generation #22
108,1005,0.001, 0.017851, 0.0501659, 0.0513067, 0.110065, 0.137015, 0.159559, 0.187127, 0.248876, 0.806633, 1, 

125,754,0.001, 0.0141455, 0.0218816, 0.0513067, 0.0663368, 0.100799, 0.17776, 0.247358, 0.345675, 0.529451, 0.635177, 0.648952, 0.726148, 0.943837, 0.951523, 1, 

110,844,0.001, 0.017851, 0.0501659, 0.0513067, 0.0663368, 0.100799, 0.0448965, 0.247358, 0.345675, 0.529451, 1, 

122,815,0.001, 0.017851, 0.0501659, 0.0513067, 0.110065, 0.100799, 0.17776, 0.247358, 0.345675, 0.529451, 0.635177, 0.648952, 0.726148, 0.943837, 0.951523, 1, 

109,936,0.001, 0.0141455, 0.0218816, 0.0513067, 0.0663368, 0.100799, 0.17776, 0.247358, 0.345675, 1, 

105,1294,0.001, 0.016831, 0.0528152, 0.0980615, 0.106911, 0.119235, 0.17776, 0.366937, 0.299091, 1, 

112,839,0.001, 0.016831, 0.0501659, 0.0513067, 0.110065, 0.100799, 0.17776, 0.247358, 0.468192, 0.48206, 0.421249, 0.901945, 1, 

Generation #23
108,1005,0.001, 0.017851, 0.0501659, 0.0513067, 0.110065, 0.137015, 0.159559, 0.187127, 0.248876, 0.806633, 1, 

125,754,0.001, 0.0141455, 0.0218816, 0.0513067, 0.0663368, 0.100799, 0.17776, 0.247358, 0.345675, 0.529451, 0.635177, 0.648952, 0.726148, 0.943837, 0.951523, 1, 

110,844,0.001, 0.017851, 0.0501659, 0.0513067, 0.0663368, 0.100799, 0.0448965, 0.247358, 0.345675, 0.529451, 1, 

122,815,0.001, 0.017851, 0.0501659, 0.0513067, 0.110065, 0.100799, 0.17776, 0.247358, 0.345675, 0.529451, 0.635177, 0.648952, 0.726148, 0.943837, 0.951523, 1, 

109,936,0.001, 0.0141455, 0.0218816, 0.0513067, 0.0663368, 0.100799, 0.17776, 0.247358, 0.345675, 1, 

105,1294,0.001, 0.016831, 0.0528152, 0.0980615, 0.106911, 0.119235, 0.17776, 0.366937, 0.299091, 1, 

112,839,0.001, 0.016831, 0.0501659, 0.0513067, 0.110065, 0.100799, 0.17776, 0.247358, 0.468192, 0.48206, 0.421249, 0.901945, 1, 

124,805,0.001, 0.016831, 0.0528152, 0.0513067, 0.0663368, 0.134715, 0.142228, 0.164878, 0.182603, 0.226503, 0.233886, 0.288066, 0.436146, 0.45517, 0.463487, 0.532428, 0.559007, 0.261353, 0.529021, 0.626218, 0.704687, 0.713675, 0.738961, 0.761479, 0.761965, 0.804252, 0.900865, 0.94796, 1, 

Generation #24
108,1005,0.001, 0.017851, 0.0501659, 0.0513067, 0.110065, 0.137015, 0.159559, 0.187127, 0.248876, 0.806633, 1, 

125,754,0.001, 0.0141455, 0.0218816, 0.0513067, 0.0663368, 0.100799, 0.17776, 0.247358, 0.345675, 0.529451, 0.635177, 0.648952, 0.726148, 0.943837, 0.951523, 1, 

110,844,0.001, 0.017851, 0.0501659, 0.0513067, 0.0663368, 0.100799, 0.0448965, 0.247358, 0.345675, 0.529451, 1, 

109,936,0.001, 0.0141455, 0.0218816, 0.0513067, 0.0663368, 0.100799, 0.17776, 0.247358, 0.345675, 1, 

105,1294,0.001, 0.016831, 0.0528152, 0.0980615, 0.106911, 0.119235, 0.17776, 0.366937, 0.299091, 1, 

117,782,0.001, 0.016831, 0.0528152, 0.0513067, 0.0663368, 0.100799, 0.17776, 0.247358, 0.345675, 0.419476, 0.635177, 0.648952, 0.726148, 0.943837, 0.951523, 1, 

112,790,0.001, 0.017851, 0.0501659, 0.0513067, 0.0663368, 0.100799, 0.17776, 0.247358, 0.468192, 0.299091, 1, 

Generation #25
108,1005,0.001, 0.017851, 0.0501659, 0.0513067, 0.110065, 0.137015, 0.159559, 0.187127, 0.248876, 0.806633, 1, 

125,754,0.001, 0.0141455, 0.0218816, 0.0513067, 0.0663368, 0.100799, 0.17776, 0.247358, 0.345675, 0.529451, 0.635177, 0.648952, 0.726148, 0.943837, 0.951523, 1, 

110,844,0.001, 0.017851, 0.0501659, 0.0513067, 0.0663368, 0.100799, 0.0448965, 0.247358, 0.345675, 0.529451, 1, 

109,936,0.001, 0.0141455, 0.0218816, 0.0513067, 0.0663368, 0.100799, 0.17776, 0.247358, 0.345675, 1, 

105,1294,0.001, 0.016831, 0.0528152, 0.0980615, 0.106911, 0.119235, 0.17776, 0.366937, 0.299091, 1, 

117,782,0.001, 0.016831, 0.0528152, 0.0513067, 0.0663368, 0.100799, 0.17776, 0.247358, 0.345675, 0.419476, 0.635177, 0.648952, 0.726148, 0.943837, 0.951523, 1, 

112,790,0.001, 0.017851, 0.0501659, 0.0513067, 0.0663368, 0.100799, 0.17776, 0.247358, 0.468192, 0.299091, 1, 

120,760,0.001, 0.017851, 0.0501659, 0.0513067, 0.0663368, 0.134715, 0.142228, 0.164878, 0.182603, 0.226503, 0.233886, 0.288066, 0.436146, 0.858627, 0.936587, 1, 

Generation #26
108,1005,0.001, 0.017851, 0.0501659, 0.0513067, 0.110065, 0.137015, 0.159559, 0.187127, 0.248876, 0.806633, 1, 

125,754,0.001, 0.0141455, 0.0218816, 0.0513067, 0.0663368, 0.100799, 0.17776, 0.247358, 0.345675, 0.529451, 0.635177, 0.648952, 0.726148, 0.943837, 0.951523, 1, 

110,844,0.001, 0.017851, 0.0501659, 0.0513067, 0.0663368, 0.100799, 0.0448965, 0.247358, 0.345675, 0.529451, 1, 

109,936,0.001, 0.0141455, 0.0218816, 0.0513067, 0.0663368, 0.100799, 0.17776, 0.247358, 0.345675, 1, 

105,1294,0.001, 0.016831, 0.0528152, 0.0980615, 0.106911, 0.119235, 0.17776, 0.366937, 0.299091, 1, 

117,782,0.001, 0.016831, 0.0528152, 0.0513067, 0.0663368, 0.100799, 0.17776, 0.247358, 0.345675, 0.419476, 0.635177, 0.648952, 0.726148, 0.943837, 0.951523, 1, 

112,790,0.001, 0.017851, 0.0501659, 0.0513067, 0.0663368, 0.100799, 0.17776, 0.247358, 0.468192, 0.299091, 1, 

120,760,0.001, 0.017851, 0.0501659, 0.0513067, 0.0663368, 0.134715, 0.142228, 0.164878, 0.182603, 0.226503, 0.233886, 0.288066, 0.436146, 0.858627, 0.936587, 1, 

Generation #27
108,1005,0.001, 0.017851, 0.0501659, 0.0513067, 0.110065, 0.137015, 0.159559, 0.187127, 0.248876, 0.806633, 1, 

125,754,0.001, 0.0141455, 0.0218816, 0.0513067, 0.0663368, 0.100799, 0.17776, 0.247358, 0.345675, 0.529451, 0.635177, 0.648952, 0.726148, 0.943837, 0.951523, 1, 

110,844,0.001, 0.017851, 0.0501659, 0.0513067, 0.0663368, 0.100799, 0.0448965, 0.247358, 0.345675, 0.529451, 1, 

109,936,0.001, 0.0141455, 0.0218816, 0.0513067, 0.0663368, 0.100799, 0.17776, 0.247358, 0.345675, 1, 

105,1294,0.001, 0.016831, 0.0528152, 0.0980615, 0.106911, 0.119235, 0.17776, 0.366937, 0.299091, 1, 

117,782,0.001, 0.016831, 0.0528152, 0.0513067, 0.0663368, 0.100799, 0.17776, 0.247358, 0.345675, 0.419476, 0.635177, 0.648952, 0.726148, 0.943837, 0.951523, 1, 

112,790,0.001, 0.017851, 0.0501659, 0.0513067, 0.0663368, 0.100799, 0.17776, 0.247358, 0.468192, 0.299091, 1, 

120,760,0.001, 0.017851, 0.0501659, 0.0513067, 0.0663368, 0.134715, 0.142228, 0.164878, 0.182603, 0.226503, 0.233886, 0.288066, 0.436146, 0.858627, 0.936587, 1, 

Generation #28
108,1005,0.001, 0.017851, 0.0501659, 0.0513067, 0.110065, 0.137015, 0.159559, 0.187127, 0.248876, 0.806633, 1, 

125,754,0.001, 0.0141455, 0.0218816, 0.0513067, 0.0663368, 0.100799, 0.17776, 0.247358, 0.345675, 0.529451, 0.635177, 0.648952, 0.726148, 0.943837, 0.951523, 1, 

110,844,0.001, 0.017851, 0.0501659, 0.0513067, 0.0663368, 0.100799, 0.0448965, 0.247358, 0.345675, 0.529451, 1, 

105,1294,0.001, 0.016831, 0.0528152, 0.0980615, 0.106911, 0.119235, 0.17776, 0.366937, 0.299091, 1, 

117,782,0.001, 0.016831, 0.0528152, 0.0513067, 0.0663368, 0.100799, 0.17776, 0.247358, 0.345675, 0.419476, 0.635177, 0.648952, 0.726148, 0.943837, 0.951523, 1, 

112,790,0.001, 0.017851, 0.0501659, 0.0513067, 0.0663368, 0.100799, 0.17776, 0.247358, 0.468192, 0.299091, 1, 

120,760,0.001, 0.017851, 0.0501659, 0.0513067, 0.0663368, 0.134715, 0.142228, 0.164878, 0.182603, 0.226503, 0.233886, 0.288066, 0.436146, 0.858627, 0.936587, 1, 

109,866,0.016831, 0.017851, 0.0501659, 0.0513067, 0.0663368, 0.100799, 0.17776, 0.247358, 0.468192, 0.299091, 1, 

111,820,0.001, 0.016831, 0.0528152, 0.0513067, 0.0663368, 0.134715, 0.142228, 0.164878, 0.182603, 0.299091, 1, 

Generation #29
108,1005,0.001, 0.017851, 0.0501659, 0.0513067, 0.110065, 0.137015, 0.159559, 0.187127, 0.248876, 0.806633, 1, 

125,754,0.001, 0.0141455, 0.0218816, 0.0513067, 0.0663368, 0.100799, 0.17776, 0.247358, 0.345675, 0.529451, 0.635177, 0.648952, 0.726148, 0.943837, 0.951523, 1, 

110,844,0.001, 0.017851, 0.0501659, 0.0513067, 0.0663368, 0.100799, 0.0448965, 0.247358, 0.345675, 0.529451, 1, 

105,1294,0.001, 0.016831, 0.0528152, 0.0980615, 0.106911, 0.119235, 0.17776, 0.366937, 0.299091, 1, 

117,782,0.001, 0.016831, 0.0528152, 0.0513067, 0.0663368, 0.100799, 0.17776, 0.247358, 0.345675, 0.419476, 0.635177, 0.648952, 0.726148, 0.943837, 0.951523, 1, 

112,790,0.001, 0.017851, 0.0501659, 0.0513067, 0.0663368, 0.100799, 0.17776, 0.247358, 0.468192, 0.299091, 1, 

120,760,0.001, 0.017851, 0.0501659, 0.0513067, 0.0663368, 0.134715, 0.142228, 0.164878, 0.182603, 0.226503, 0.233886, 0.288066, 0.436146, 0.858627, 0.936587, 1, 

109,866,0.016831, 0.017851, 0.0501659, 0.0513067, 0.0663368, 0.100799, 0.17776, 0.247358, 0.468192, 0.299091, 1, 

111,820,0.001, 0.016831, 0.0528152, 0.0513067, 0.0663368, 0.134715, 0.142228, 0.164878, 0.182603, 0.299091, 1, 

Generation #30
108,1005,0.001, 0.017851, 0.0501659, 0.0513067, 0.110065, 0.137015, 0.159559, 0.187127, 0.248876, 0.806633, 1, 

125,754,0.001, 0.0141455, 0.0218816, 0.0513067, 0.0663368, 0.100799, 0.17776, 0.247358, 0.345675, 0.529451, 0.635177, 0.648952, 0.726148, 0.943837, 0.951523, 1, 

110,844,0.001, 0.017851, 0.0501659, 0.0513067, 0.0663368, 0.100799, 0.0448965, 0.247358, 0.345675, 0.529451, 1, 

105,1294,0.001, 0.016831, 0.0528152, 0.0980615, 0.106911, 0.119235, 0.17776, 0.366937, 0.299091, 1, 

117,782,0.001, 0.016831, 0.0528152, 0.0513067, 0.0663368, 0.100799, 0.17776, 0.247358, 0.345675, 0.419476, 0.635177, 0.648952, 0.726148, 0.943837, 0.951523, 1, 

112,790,0.001, 0.017851, 0.0501659, 0.0513067, 0.0663368, 0.100799, 0.17776, 0.247358, 0.468192, 0.299091, 1, 

120,760,0.001, 0.017851, 0.0501659, 0.0513067, 0.0663368, 0.134715, 0.142228, 0.164878, 0.182603, 0.226503, 0.233886, 0.288066, 0.436146, 0.858627, 0.936587, 1, 

109,866,0.016831, 0.017851, 0.0501659, 0.0513067, 0.0663368, 0.100799, 0.17776, 0.247358, 0.468192, 0.299091, 1, 

111,820,0.001, 0.016831, 0.0528152, 0.0513067, 0.0663368, 0.134715, 0.142228, 0.164878, 0.182603, 0.299091, 1, 

Generation #31
125,754,0.001, 0.0141455, 0.0218816, 0.0513067, 0.0663368, 0.100799, 0.17776, 0.247358, 0.345675, 0.529451, 0.635177, 0.648952, 0.726148, 0.943837, 0.951523, 1, 

110,844,0.001, 0.017851, 0.0501659, 0.0513067, 0.0663368, 0.100799, 0.0448965, 0.247358, 0.345675, 0.529451, 1, 

105,1294,0.001, 0.016831, 0.0528152, 0.0980615, 0.106911, 0.119235, 0.17776, 0.366937, 0.299091, 1, 

117,782,0.001, 0.016831, 0.0528152, 0.0513067, 0.0663368, 0.100799, 0.17776, 0.247358, 0.345675, 0.419476, 0.635177, 0.648952, 0.726148, 0.943837, 0.951523, 1, 

112,790,0.001, 0.017851, 0.0501659, 0.0513067, 0.0663368, 0.100799, 0.17776, 0.247358, 0.468192, 0.299091, 1, 

120,760,0.001, 0.017851, 0.0501659, 0.0513067, 0.0663368, 0.134715, 0.142228, 0.164878, 0.182603, 0.226503, 0.233886, 0.288066, 0.436146, 0.858627, 0.936587, 1, 

109,866,0.016831, 0.017851, 0.0501659, 0.0513067, 0.0663368, 0.100799, 0.17776, 0.247358, 0.468192, 0.299091, 1, 

111,820,0.001, 0.016831, 0.0528152, 0.0513067, 0.0663368, 0.134715, 0.142228, 0.164878, 0.182603, 0.299091, 1, 

108,978,0.001, 0.016831, 0.0528152, 0.0513067, 0.0663368, 0.100799, 0.17776, 0.247358, 0.299091, 1, 

Generation #32
125,754,0.001, 0.0141455, 0.0218816, 0.0513067, 0.0663368, 0.100799, 0.17776, 0.247358, 0.345675, 0.529451, 0.635177, 0.648952, 0.726148, 0.943837, 0.951523, 1, 

110,844,0.001, 0.017851, 0.0501659, 0.0513067, 0.0663368, 0.100799, 0.0448965, 0.247358, 0.345675, 0.529451, 1, 

105,1294,0.001, 0.016831, 0.0528152, 0.0980615, 0.106911, 0.119235, 0.17776, 0.366937, 0.299091, 1, 

117,782,0.001, 0.016831, 0.0528152, 0.0513067, 0.0663368, 0.100799, 0.17776, 0.247358, 0.345675, 0.419476, 0.635177, 0.648952, 0.726148, 0.943837, 0.951523, 1, 

112,790,0.001, 0.017851, 0.0501659, 0.0513067, 0.0663368, 0.100799, 0.17776, 0.247358, 0.468192, 0.299091, 1, 

120,760,0.001, 0.017851, 0.0501659, 0.0513067, 0.0663368, 0.134715, 0.142228, 0.164878, 0.182603, 0.226503, 0.233886, 0.288066, 0.436146, 0.858627, 0.936587, 1, 

109,866,0.016831, 0.017851, 0.0501659, 0.0513067, 0.0663368, 0.100799, 0.17776, 0.247358, 0.468192, 0.299091, 1, 

111,820,0.001, 0.016831, 0.0528152, 0.0513067, 0.0663368, 0.134715, 0.142228, 0.164878, 0.182603, 0.299091, 1, 

108,978,0.001, 0.016831, 0.0528152, 0.0513067, 0.0663368, 0.100799, 0.17776, 0.247358, 0.299091, 1, 

Generation #33
125,754,0.001, 0.0141455, 0.0218816, 0.0513067, 0.0663368, 0.100799, 0.17776, 0.247358, 0.345675, 0.529451, 0.635177, 0.648952, 0.726148, 0.943837, 0.951523, 1, 

110,844,0.001, 0.017851, 0.0501659, 0.0513067, 0.0663368, 0.100799, 0.0448965, 0.247358, 0.345675, 0.529451, 1, 

105,1294,0.001, 0.016831, 0.0528152, 0.0980615, 0.106911, 0.119235, 0.17776, 0.366937, 0.299091, 1, 

112,790,0.001, 0.017851, 0.0501659, 0.0513067, 0.0663368, 0.100799, 0.17776, 0.247358, 0.468192, 0.299091, 1, 

120,760,0.001, 0.017851, 0.0501659, 0.0513067, 0.0663368, 0.134715, 0.142228, 0.164878, 0.182603, 0.226503, 0.233886, 0.288066, 0.436146, 0.858627, 0.936587, 1, 

109,866,0.016831, 0.017851, 0.0501659, 0.0513067, 0.0663368, 0.100799, 0.17776, 0.247358, 0.468192, 0.299091, 1, 

111,820,0.001, 0.016831, 0.0528152, 0.0513067, 0.0663368, 0.134715, 0.142228, 0.164878, 0.182603, 0.299091, 1, 

108,978,0.001, 0.016831, 0.0528152, 0.0513067, 0.0663368, 0.100799, 0.17776, 0.247358, 0.299091, 1, 

117,765,0.016831, 0.017851, 0.0501659, 0.0513067, 0.0663368, 0.134715, 0.142228, 0.164878, 0.182603, 0.226503, 0.233886, 0.288066, 0.436146, 0.858627, 1, 

Generation #34
125,754,0.001, 0.0141455, 0.0218816, 0.0513067, 0.0663368, 0.100799, 0.17776, 0.247358, 0.345675, 0.529451, 0.635177, 0.648952, 0.726148, 0.943837, 0.951523, 1, 

110,844,0.001, 0.017851, 0.0501659, 0.0513067, 0.0663368, 0.100799, 0.0448965, 0.247358, 0.345675, 0.529451, 1, 

105,1294,0.001, 0.016831, 0.0528152, 0.0980615, 0.106911, 0.119235, 0.17776, 0.366937, 0.299091, 1, 

112,790,0.001, 0.017851, 0.0501659, 0.0513067, 0.0663368, 0.100799, 0.17776, 0.247358, 0.468192, 0.299091, 1, 

120,760,0.001, 0.017851, 0.0501659, 0.0513067, 0.0663368, 0.134715, 0.142228, 0.164878, 0.182603, 0.226503, 0.233886, 0.288066, 0.436146, 0.858627, 0.936587, 1, 

109,866,0.016831, 0.017851, 0.0501659, 0.0513067, 0.0663368, 0.100799, 0.17776, 0.247358, 0.468192, 0.299091, 1, 

111,820,0.001, 0.016831, 0.0528152, 0.0513067, 0.0663368, 0.134715, 0.142228, 0.164878, 0.182603, 0.299091, 1, 

108,978,0.001, 0.016831, 0.0528152, 0.0513067, 0.0663368, 0.100799, 0.17776, 0.247358, 0.299091, 1, 

117,765,0.016831, 0.017851, 0.0501659, 0.0513067, 0.0663368, 0.134715, 0.142228, 0.164878, 0.182603, 0.226503, 0.233886, 0.288066, 0.436146, 0.858627, 1, 

Generation #35
125,754,0.001, 0.0141455, 0.0218816, 0.0513067, 0.0663368, 0.100799, 0.17776, 0.247358, 0.345675, 0.529451, 0.635177, 0.648952, 0.726148, 0.943837, 0.951523, 1, 

110,844,0.001, 0.017851, 0.0501659, 0.0513067, 0.0663368, 0.100799, 0.0448965, 0.247358, 0.345675, 0.529451, 1, 

105,1294,0.001, 0.016831, 0.0528152, 0.0980615, 0.106911, 0.119235, 0.17776, 0.366937, 0.299091, 1, 

112,790,0.001, 0.017851, 0.0501659, 0.0513067, 0.0663368, 0.100799, 0.17776, 0.247358, 0.468192, 0.299091, 1, 

120,760,0.001, 0.017851, 0.0501659, 0.0513067, 0.0663368, 0.134715, 0.142228, 0.164878, 0.182603, 0.226503, 0.233886, 0.288066, 0.436146, 0.858627, 0.936587, 1, 

109,866,0.016831, 0.017851, 0.0501659, 0.0513067, 0.0663368, 0.100799, 0.17776, 0.247358, 0.468192, 0.299091, 1, 

111,820,0.001, 0.016831, 0.0528152, 0.0513067, 0.0663368, 0.134715, 0.142228, 0.164878, 0.182603, 0.299091, 1, 

108,978,0.001, 0.016831, 0.0528152, 0.0513067, 0.0663368, 0.100799, 0.17776, 0.247358, 0.299091, 1, 

117,765,0.016831, 0.017851, 0.0501659, 0.0513067, 0.0663368, 0.134715, 0.142228, 0.164878, 0.182603, 0.226503, 0.233886, 0.288066, 0.436146, 0.858627, 1, 

128,726,0.001, 0.016831, 0.0528152, 0.0513067, 0.0663368, 0.134715, 0.142228, 0.164878, 0.182603, 0.226503, 0.233886, 0.288066, 0.436146, 0.45517, 0.463487, 0.532428, 0.559007, 0.261353, 0.529021, 0.626218, 0.704687, 0.713675, 0.738961, 0.761479, 0.761965, 0.804252, 0.900865, 0.94796, 1, 

Generation #36
110,844,0.001, 0.017851, 0.0501659, 0.0513067, 0.0663368, 0.100799, 0.0448965, 0.247358, 0.345675, 0.529451, 1, 

105,1294,0.001, 0.016831, 0.0528152, 0.0980615, 0.106911, 0.119235, 0.17776, 0.366937, 0.299091, 1, 

109,866,0.016831, 0.017851, 0.0501659, 0.0513067, 0.0663368, 0.100799, 0.17776, 0.247358, 0.468192, 0.299091, 1, 

108,978,0.001, 0.016831, 0.0528152, 0.0513067, 0.0663368, 0.100799, 0.17776, 0.247358, 0.299091, 1, 

128,726,0.001, 0.016831, 0.0528152, 0.0513067, 0.0663368, 0.134715, 0.142228, 0.164878, 0.182603, 0.226503, 0.233886, 0.288066, 0.436146, 0.45517, 0.463487, 0.532428, 0.559007, 0.261353, 0.529021, 0.626218, 0.704687, 0.713675, 0.738961, 0.761479, 0.761965, 0.804252, 0.900865, 0.94796, 1, 

111,731,0.001, 0.017851, 0.0501659, 0.0513067, 0.0663368, 0.100799, 0.17776, 0.247358, 0.468192, 0.299091, 0.233886, 0.436146, 0.858627, 0.936587, 1, 

Generation #37
110,844,0.001, 0.017851, 0.0501659, 0.0513067, 0.0663368, 0.100799, 0.0448965, 0.247358, 0.345675, 0.529451, 1, 

105,1294,0.001, 0.016831, 0.0528152, 0.0980615, 0.106911, 0.119235, 0.17776, 0.366937, 0.299091, 1, 

109,866,0.016831, 0.017851, 0.0501659, 0.0513067, 0.0663368, 0.100799, 0.17776, 0.247358, 0.468192, 0.299091, 1, 

108,978,0.001, 0.016831, 0.0528152, 0.0513067, 0.0663368, 0.100799, 0.17776, 0.247358, 0.299091, 1, 

128,726,0.001, 0.016831, 0.0528152, 0.0513067, 0.0663368, 0.134715, 0.142228, 0.164878, 0.182603, 0.226503, 0.233886, 0.288066, 0.436146, 0.45517, 0.463487, 0.532428, 0.559007, 0.261353, 0.529021, 0.626218, 0.704687, 0.713675, 0.738961, 0.761479, 0.761965, 0.804252, 0.900865, 0.94796, 1, 

111,731,0.001, 0.017851, 0.0501659, 0.0513067, 0.0663368, 0.100799, 0.17776, 0.247358, 0.468192, 0.299091, 0.233886, 0.436146, 0.858627, 0.936587, 1, 

Generation #38
110,844,0.001, 0.017851, 0.0501659, 0.0513067, 0.0663368, 0.100799, 0.0448965, 0.247358, 0.345675, 0.529451, 1, 

105,1294,0.001, 0.016831, 0.0528152, 0.0980615, 0.106911, 0.119235, 0.17776, 0.366937, 0.299091, 1, 

109,866,0.016831, 0.017851, 0.0501659, 0.0513067, 0.0663368, 0.100799, 0.17776, 0.247358, 0.468192, 0.299091, 1, 

108,978,0.001, 0.016831, 0.0528152, 0.0513067, 0.0663368, 0.100799, 0.17776, 0.247358, 0.299091, 1, 

128,726,0.001, 0.016831, 0.0528152, 0.0513067, 0.0663368, 0.134715, 0.142228, 0.164878, 0.182603, 0.226503, 0.233886, 0.288066, 0.436146, 0.45517, 0.463487, 0.532428, 0.559007, 0.261353, 0.529021, 0.626218, 0.704687, 0.713675, 0.738961, 0.761479, 0.761965, 0.804252, 0.900865, 0.94796, 1, 

111,731,0.001, 0.017851, 0.0501659, 0.0513067, 0.0663368, 0.100799, 0.17776, 0.247358, 0.468192, 0.299091, 0.233886, 0.436146, 0.858627, 0.936587, 1, 

106,1038,0.001, 0.016831, 0.0528152, 0.0513067, 0.0663368, 0.134715, 0.142228, 0.164878, 0.182603, 0.529451, 1, 

Generation #39
110,844,0.001, 0.017851, 0.0501659, 0.0513067, 0.0663368, 0.100799, 0.0448965, 0.247358, 0.345675, 0.529451, 1, 

105,1294,0.001, 0.016831, 0.0528152, 0.0980615, 0.106911, 0.119235, 0.17776, 0.366937, 0.299091, 1, 

109,866,0.016831, 0.017851, 0.0501659, 0.0513067, 0.0663368, 0.100799, 0.17776, 0.247358, 0.468192, 0.299091, 1, 

108,978,0.001, 0.016831, 0.0528152, 0.0513067, 0.0663368, 0.100799, 0.17776, 0.247358, 0.299091, 1, 

128,726,0.001, 0.016831, 0.0528152, 0.0513067, 0.0663368, 0.134715, 0.142228, 0.164878, 0.182603, 0.226503, 0.233886, 0.288066, 0.436146, 0.45517, 0.463487, 0.532428, 0.559007, 0.261353, 0.529021, 0.626218, 0.704687, 0.713675, 0.738961, 0.761479, 0.761965, 0.804252, 0.900865, 0.94796, 1, 

111,731,0.001, 0.017851, 0.0501659, 0.0513067, 0.0663368, 0.100799, 0.17776, 0.247358, 0.468192, 0.299091, 0.233886, 0.436146, 0.858627, 0.936587, 1, 

106,1038,0.001, 0.016831, 0.0528152, 0.0513067, 0.0663368, 0.134715, 0.142228, 0.164878, 0.182603, 0.529451, 1, 

Generation #40
110,844,0.001, 0.017851, 0.0501659, 0.0513067, 0.0663368, 0.100799, 0.0448965, 0.247358, 0.345675, 0.529451, 1, 

105,1294,0.001, 0.016831, 0.0528152, 0.0980615, 0.106911, 0.119235, 0.17776, 0.366937, 0.299091, 1, 

109,866,0.016831, 0.017851, 0.0501659, 0.0513067, 0.0663368, 0.100799, 0.17776, 0.247358, 0.468192, 0.299091, 1, 

108,978,0.001, 0.016831, 0.0528152, 0.0513067, 0.0663368, 0.100799, 0.17776, 0.247358, 0.299091, 1, 

128,726,0.001, 0.016831, 0.0528152, 0.0513067, 0.0663368, 0.134715, 0.142228, 0.164878, 0.182603, 0.226503, 0.233886, 0.288066, 0.436146, 0.45517, 0.463487, 0.532428, 0.559007, 0.261353, 0.529021, 0.626218, 0.704687, 0.713675, 0.738961, 0.761479, 0.761965, 0.804252, 0.900865, 0.94796, 1, 

111,731,0.001, 0.017851, 0.0501659, 0.0513067, 0.0663368, 0.100799, 0.17776, 0.247358, 0.468192, 0.299091, 0.233886, 0.436146, 0.858627, 0.936587, 1, 

106,1038,0.001, 0.016831, 0.0528152, 0.0513067, 0.0663368, 0.134715, 0.142228, 0.164878, 0.182603, 0.529451, 1, 

Generation #41
110,844,0.001, 0.017851, 0.0501659, 0.0513067, 0.0663368, 0.100799, 0.0448965, 0.247358, 0.345675, 0.529451, 1, 

105,1294,0.001, 0.016831, 0.0528152, 0.0980615, 0.106911, 0.119235, 0.17776, 0.366937, 0.299091, 1, 

109,866,0.016831, 0.017851, 0.0501659, 0.0513067, 0.0663368, 0.100799, 0.17776, 0.247358, 0.468192, 0.299091, 1, 

128,726,0.001, 0.016831, 0.0528152, 0.0513067, 0.0663368, 0.134715, 0.142228, 0.164878, 0.182603, 0.226503, 0.233886, 0.288066, 0.436146, 0.45517, 0.463487, 0.532428, 0.559007, 0.261353, 0.529021, 0.626218, 0.704687, 0.713675, 0.738961, 0.761479, 0.761965, 0.804252, 0.900865, 0.94796, 1, 

111,731,0.001, 0.017851, 0.0501659, 0.0513067, 0.0663368, 0.100799, 0.17776, 0.247358, 0.468192, 0.299091, 0.233886, 0.436146, 0.858627, 0.936587, 1, 

106,1038,0.001, 0.016831, 0.0528152, 0.0513067, 0.0663368, 0.134715, 0.142228, 0.164878, 0.182603, 0.529451, 1, 

107,884,0.001, 0.0141455, 0.0218816, 0.0513067, 0.0663368, 0.100799, 0.17776, 0.247358, 0.299091, 1, 

Generation #42
110,844,0.001, 0.017851, 0.0501659, 0.0513067, 0.0663368, 0.100799, 0.0448965, 0.247358, 0.345675, 0.529451, 1, 

105,1294,0.001, 0.016831, 0.0528152, 0.0980615, 0.106911, 0.119235, 0.17776, 0.366937, 0.299091, 1, 

109,866,0.016831, 0.017851, 0.0501659, 0.0513067, 0.0663368, 0.100799, 0.17776, 0.247358, 0.468192, 0.299091, 1, 

128,726,0.001, 0.016831, 0.0528152, 0.0513067, 0.0663368, 0.134715, 0.142228, 0.164878, 0.182603, 0.226503, 0.233886, 0.288066, 0.436146, 0.45517, 0.463487, 0.532428, 0.559007, 0.261353, 0.529021, 0.626218, 0.704687, 0.713675, 0.738961, 0.761479, 0.761965, 0.804252, 0.900865, 0.94796, 1, 

111,731,0.001, 0.017851, 0.0501659, 0.0513067, 0.0663368, 0.100799, 0.17776, 0.247358, 0.468192, 0.299091, 0.233886, 0.436146, 0.858627, 0.936587, 1, 

106,1038,0.001, 0.016831, 0.0528152, 0.0513067, 0.0663368, 0.134715, 0.142228, 0.164878, 0.182603, 0.529451, 1, 

107,884,0.001, 0.0141455, 0.0218816, 0.0513067, 0.0663368, 0.100799, 0.17776, 0.247358, 0.299091, 1, 

Generation #43
110,844,0.001, 0.017851, 0.0501659, 0.0513067, 0.0663368, 0.100799, 0.0448965, 0.247358, 0.345675, 0.529451, 1, 

105,1294,0.001, 0.016831, 0.0528152, 0.0980615, 0.106911, 0.119235, 0.17776, 0.366937, 0.299091, 1, 

109,866,0.016831, 0.017851, 0.0501659, 0.0513067, 0.0663368, 0.100799, 0.17776, 0.247358, 0.468192, 0.299091, 1, 

128,726,0.001, 0.016831, 0.0528152, 0.0513067, 0.0663368, 0.134715, 0.142228, 0.164878, 0.182603, 0.226503, 0.233886, 0.288066, 0.436146, 0.45517, 0.463487, 0.532428, 0.559007, 0.261353, 0.529021, 0.626218, 0.704687, 0.713675, 0.738961, 0.761479, 0.761965, 0.804252, 0.900865, 0.94796, 1, 

111,731,0.001, 0.017851, 0.0501659, 0.0513067, 0.0663368, 0.100799, 0.17776, 0.247358, 0.468192, 0.299091, 0.233886, 0.436146, 0.858627, 0.936587, 1, 

106,1038,0.001, 0.016831, 0.0528152, 0.0513067, 0.0663368, 0.134715, 0.142228, 0.164878, 0.182603, 0.529451, 1, 

107,884,0.001, 0.0141455, 0.0218816, 0.0513067, 0.0663368, 0.100799, 0.17776, 0.247358, 0.299091, 1, 

Generation #44
110,844,0.001, 0.017851, 0.0501659, 0.0513067, 0.0663368, 0.100799, 0.0448965, 0.247358, 0.345675, 0.529451, 1, 

105,1294,0.001, 0.016831, 0.0528152, 0.0980615, 0.106911, 0.119235, 0.17776, 0.366937, 0.299091, 1, 

109,866,0.016831, 0.017851, 0.0501659, 0.0513067, 0.0663368, 0.100799, 0.17776, 0.247358, 0.468192, 0.299091, 1, 

128,726,0.001, 0.016831, 0.0528152, 0.0513067, 0.0663368, 0.134715, 0.142228, 0.164878, 0.182603, 0.226503, 0.233886, 0.288066, 0.436146, 0.45517, 0.463487, 0.532428, 0.559007, 0.261353, 0.529021, 0.626218, 0.704687, 0.713675, 0.738961, 0.761479, 0.761965, 0.804252, 0.900865, 0.94796, 1, 

111,731,0.001, 0.017851, 0.0501659, 0.0513067, 0.0663368, 0.100799, 0.17776, 0.247358, 0.468192, 0.299091, 0.233886, 0.436146, 0.858627, 0.936587, 1, 

106,1038,0.001, 0.016831, 0.0528152, 0.0513067, 0.0663368, 0.134715, 0.142228, 0.164878, 0.182603, 0.529451, 1, 

107,884,0.001, 0.0141455, 0.0218816, 0.0513067, 0.0663368, 0.100799, 0.17776, 0.247358, 0.299091, 1, 

Generation #45
110,844,0.001, 0.017851, 0.0501659, 0.0513067, 0.0663368, 0.100799, 0.0448965, 0.247358, 0.345675, 0.529451, 1, 

105,1294,0.001, 0.016831, 0.0528152, 0.0980615, 0.106911, 0.119235, 0.17776, 0.366937, 0.299091, 1, 

109,866,0.016831, 0.017851, 0.0501659, 0.0513067, 0.0663368, 0.100799, 0.17776, 0.247358, 0.468192, 0.299091, 1, 

128,726,0.001, 0.016831, 0.0528152, 0.0513067, 0.0663368, 0.134715, 0.142228, 0.164878, 0.182603, 0.226503, 0.233886, 0.288066, 0.436146, 0.45517, 0.463487, 0.532428, 0.559007, 0.261353, 0.529021, 0.626218, 0.704687, 0.713675, 0.738961, 0.761479, 0.761965, 0.804252, 0.900865, 0.94796, 1, 

111,731,0.001, 0.017851, 0.0501659, 0.0513067, 0.0663368, 0.100799, 0.17776, 0.247358, 0.468192, 0.299091, 0.233886, 0.436146, 0.858627, 0.936587, 1, 

106,1038,0.001, 0.016831, 0.0528152, 0.0513067, 0.0663368, 0.134715, 0.142228, 0.164878, 0.182603, 0.529451, 1, 

107,884,0.001, 0.0141455, 0.0218816, 0.0513067, 0.0663368, 0.100799, 0.17776, 0.247358, 0.299091, 1, 

Generation #46
110,844,0.001, 0.017851, 0.0501659, 0.0513067, 0.0663368, 0.100799, 0.0448965, 0.247358, 0.345675, 0.529451, 1, 

105,1294,0.001, 0.016831, 0.0528152, 0.0980615, 0.106911, 0.119235, 0.17776, 0.366937, 0.299091, 1, 

109,866,0.016831, 0.017851, 0.0501659, 0.0513067, 0.0663368, 0.100799, 0.17776, 0.247358, 0.468192, 0.299091, 1, 

128,726,0.001, 0.016831, 0.0528152, 0.0513067, 0.0663368, 0.134715, 0.142228, 0.164878, 0.182603, 0.226503, 0.233886, 0.288066, 0.436146, 0.45517, 0.463487, 0.532428, 0.559007, 0.261353, 0.529021, 0.626218, 0.704687, 0.713675, 0.738961, 0.761479, 0.761965, 0.804252, 0.900865, 0.94796, 1, 

111,731,0.001, 0.017851, 0.0501659, 0.0513067, 0.0663368, 0.100799, 0.17776, 0.247358, 0.468192, 0.299091, 0.233886, 0.436146, 0.858627, 0.936587, 1, 

106,1038,0.001, 0.016831, 0.0528152, 0.0513067, 0.0663368, 0.134715, 0.142228, 0.164878, 0.182603, 0.529451, 1, 

107,884,0.001, 0.0141455, 0.0218816, 0.0513067, 0.0663368, 0.100799, 0.17776, 0.247358, 0.299091, 1, 

Generation #47
110,844,0.001, 0.017851, 0.0501659, 0.0513067, 0.0663368, 0.100799, 0.0448965, 0.247358, 0.345675, 0.529451, 1, 

105,1294,0.001, 0.016831, 0.0528152, 0.0980615, 0.106911, 0.119235, 0.17776, 0.366937, 0.299091, 1, 

109,866,0.016831, 0.017851, 0.0501659, 0.0513067, 0.0663368, 0.100799, 0.17776, 0.247358, 0.468192, 0.299091, 1, 

128,726,0.001, 0.016831, 0.0528152, 0.0513067, 0.0663368, 0.134715, 0.142228, 0.164878, 0.182603, 0.226503, 0.233886, 0.288066, 0.436146, 0.45517, 0.463487, 0.532428, 0.559007, 0.261353, 0.529021, 0.626218, 0.704687, 0.713675, 0.738961, 0.761479, 0.761965, 0.804252, 0.900865, 0.94796, 1, 

111,731,0.001, 0.017851, 0.0501659, 0.0513067, 0.0663368, 0.100799, 0.17776, 0.247358, 0.468192, 0.299091, 0.233886, 0.436146, 0.858627, 0.936587, 1, 

106,1038,0.001, 0.016831, 0.0528152, 0.0513067, 0.0663368, 0.134715, 0.142228, 0.164878, 0.182603, 0.529451, 1, 

107,884,0.001, 0.0141455, 0.0218816, 0.0513067, 0.0663368, 0.100799, 0.17776, 0.247358, 0.299091, 1, 

Generation #48
110,844,0.001, 0.017851, 0.0501659, 0.0513067, 0.0663368, 0.100799, 0.0448965, 0.247358, 0.345675, 0.529451, 1, 

105,1294,0.001, 0.016831, 0.0528152, 0.0980615, 0.106911, 0.119235, 0.17776, 0.366937, 0.299091, 1, 

109,866,0.016831, 0.017851, 0.0501659, 0.0513067, 0.0663368, 0.100799, 0.17776, 0.247358, 0.468192, 0.299091, 1, 

128,726,0.001, 0.016831, 0.0528152, 0.0513067, 0.0663368, 0.134715, 0.142228, 0.164878, 0.182603, 0.226503, 0.233886, 0.288066, 0.436146, 0.45517, 0.463487, 0.532428, 0.559007, 0.261353, 0.529021, 0.626218, 0.704687, 0.713675, 0.738961, 0.761479, 0.761965, 0.804252, 0.900865, 0.94796, 1, 

111,731,0.001, 0.017851, 0.0501659, 0.0513067, 0.0663368, 0.100799, 0.17776, 0.247358, 0.468192, 0.299091, 0.233886, 0.436146, 0.858627, 0.936587, 1, 

107,884,0.001, 0.0141455, 0.0218816, 0.0513067, 0.0663368, 0.100799, 0.17776, 0.247358, 0.299091, 1, 

106,909,0.001, 0.017851, 0.0501659, 0.0513067, 0.0663368, 0.100799, 0.17776, 0.247358, 0.468192, 0.299091, 1, 

Generation #49
110,844,0.001, 0.017851, 0.0501659, 0.0513067, 0.0663368, 0.100799, 0.0448965, 0.247358, 0.345675, 0.529451, 1, 

105,1294,0.001, 0.016831, 0.0528152, 0.0980615, 0.106911, 0.119235, 0.17776, 0.366937, 0.299091, 1, 

109,866,0.016831, 0.017851, 0.0501659, 0.0513067, 0.0663368, 0.100799, 0.17776, 0.247358, 0.468192, 0.299091, 1, 

128,726,0.001, 0.016831, 0.0528152, 0.0513067, 0.0663368, 0.134715, 0.142228, 0.164878, 0.182603, 0.226503, 0.233886, 0.288066, 0.436146, 0.45517, 0.463487, 0.532428, 0.559007, 0.261353, 0.529021, 0.626218, 0.704687, 0.713675, 0.738961, 0.761479, 0.761965, 0.804252, 0.900865, 0.94796, 1, 

111,731,0.001, 0.017851, 0.0501659, 0.0513067, 0.0663368, 0.100799, 0.17776, 0.247358, 0.468192, 0.299091, 0.233886, 0.436146, 0.858627, 0.936587, 1, 

107,884,0.001, 0.0141455, 0.0218816, 0.0513067, 0.0663368, 0.100799, 0.17776, 0.247358, 0.299091, 1, 

106,909,0.001, 0.017851, 0.0501659, 0.0513067, 0.0663368, 0.100799, 0.17776, 0.247358, 0.468192, 0.299091, 1, 

--- Pareto Front Solutions ---
Solution 0: N total=203 (N_initial=93, N_added=110), Time total=913 ms, Saved to: ./results/SPINS_t3_l1_pareto_0.csv, percents=0.001, 0.017851, 0.0501659, 0.0513067, 0.0663368, 0.100799, 0.0448965, 0.247358, 0.345675, 0.529451, 1, 

Solution 1: N total=198 (N_initial=93, N_added=105), Time total=1363 ms, Saved to: ./results/SPINS_t3_l1_pareto_1.csv, percents=0.001, 0.016831, 0.0528152, 0.0980615, 0.106911, 0.119235, 0.17776, 0.366937, 0.299091, 1, 

Solution 2: N total=202 (N_initial=93, N_added=109), Time total=935 ms, Saved to: ./results/SPINS_t3_l1_pareto_2.csv, percents=0.016831, 0.017851, 0.0501659, 0.0513067, 0.0663368, 0.100799, 0.17776, 0.247358, 0.468192, 0.299091, 1, 

Solution 3: N total=221 (N_initial=93, N_added=128), Time total=795 ms, Saved to: ./results/SPINS_t3_l1_pareto_3.csv, percents=0.001, 0.016831, 0.0528152, 0.0513067, 0.0663368, 0.134715, 0.142228, 0.164878, 0.182603, 0.226503, 0.233886, 0.288066, 0.436146, 0.45517, 0.463487, 0.532428, 0.559007, 0.261353, 0.529021, 0.626218, 0.704687, 0.713675, 0.738961, 0.761479, 0.761965, 0.804252, 0.900865, 0.94796, 1, 

Solution 4: N total=204 (N_initial=93, N_added=111), Time total=800 ms, Saved to: ./results/SPINS_t3_l1_pareto_4.csv, percents=0.001, 0.017851, 0.0501659, 0.0513067, 0.0663368, 0.100799, 0.17776, 0.247358, 0.468192, 0.299091, 0.233886, 0.436146, 0.858627, 0.936587, 1, 

Solution 5: N total=200 (N_initial=93, N_added=107), Time total=953 ms, Saved to: ./results/SPINS_t3_l1_pareto_5.csv, percents=0.001, 0.0141455, 0.0218816, 0.0513067, 0.0663368, 0.100799, 0.17776, 0.247358, 0.299091, 1, 

Solution 6: N total=199 (N_initial=93, N_added=106), Time total=978 ms, Saved to: ./results/SPINS_t3_l1_pareto_6.csv, percents=0.001, 0.017851, 0.0501659, 0.0513067, 0.0663368, 0.100799, 0.17776, 0.247358, 0.468192, 0.299091, 1, 

------------d=1, t=3, lambda=2, filename=./evaluation/SPINS/SPINS_3_2.csv------------
Computing partitioned counts of d-sets...
Ready to look at pairs based on partitioned counts...
First Stage N=129, Time=53
There are 738 remaining non-locating pairs
--- Running GA Algorithm (phase2) ---
Running GA with std::execution::par
Generation #0
145,493,0.001, 0.0512163, 0.0778331, 0.11265, 0.121297, 0.198922, 0.232468, 0.248942, 0.314702, 0.323821, 0.365666, 0.438968, 0.459418, 0.462464, 0.602364, 0.61264, 0.647162, 0.769418, 0.881092, 0.957784, 0.961274, 1, 

141,692,0.001, 0.0341819, 0.0970835, 0.295069, 0.323036, 0.37586, 0.37878, 0.458429, 0.471621, 0.567721, 0.624437, 0.731826, 0.740677, 0.770379, 0.792808, 0.936849, 0.992856, 1, 

161,447,0.001, 0.0318585, 0.0481563, 0.0748922, 0.112882, 0.15554, 0.162142, 0.183951, 0.197186, 0.218366, 0.256631, 0.370733, 0.481254, 0.505084, 0.545199, 0.605065, 0.610583, 0.653738, 0.740207, 0.865716, 0.923235, 0.945753, 0.984495, 0.988119, 0.99061, 1, 

148,455,0.001, 0.0334132, 0.0379405, 0.109068, 0.137594, 0.230368, 0.241062, 0.297927, 0.310649, 0.341915, 0.379433, 0.379691, 0.397108, 0.48309, 0.560305, 0.599226, 0.606986, 0.718721, 0.722698, 0.744754, 0.802738, 0.845091, 0.86005, 0.934564, 1, 

167,421,0.001, 0.0456674, 0.0527765, 0.0689152, 0.241629, 0.255829, 0.285344, 0.322829, 0.444337, 0.447438, 0.502793, 0.571269, 0.609146, 0.613277, 0.616715, 0.720543, 0.916231, 0.960347, 0.995455, 1, 

Generation #1
145,493,0.001, 0.0512163, 0.0778331, 0.11265, 0.121297, 0.198922, 0.232468, 0.248942, 0.314702, 0.323821, 0.365666, 0.438968, 0.459418, 0.462464, 0.602364, 0.61264, 0.647162, 0.769418, 0.881092, 0.957784, 0.961274, 1, 

141,692,0.001, 0.0341819, 0.0970835, 0.295069, 0.323036, 0.37586, 0.37878, 0.458429, 0.471621, 0.567721, 0.624437, 0.731826, 0.740677, 0.770379, 0.792808, 0.936849, 0.992856, 1, 

148,455,0.001, 0.0334132, 0.0379405, 0.109068, 0.137594, 0.230368, 0.241062, 0.297927, 0.310649, 0.341915, 0.379433, 0.379691, 0.397108, 0.48309, 0.560305, 0.599226, 0.606986, 0.718721, 0.722698, 0.744754, 0.802738, 0.845091, 0.86005, 0.934564, 1, 

143,509,0.001, 0.0512163, 0.0778331, 0.11265, 0.121297, 0.198922, 0.232468, 0.248942, 0.314702, 0.323821, 0.365666, 0.438968, 0.885181, 0.935543, 0.947882, 1, 

154,417,0.001, 0.0587563, 0.0211981, 0.0387811, 0.0589807, 0.102937, 0.106706, 0.131271, 0.134165, 0.143683, 0.164623, 0.197796, 0.20436, 0.226516, 0.240726, 0.286346, 0.292213, 0.301196, 0.3302, 0.360996, 0.444401, 0.664527, 0.701988, 0.805402, 0.810092, 0.838464, 0.868253, 0.998233, 1, 

Generation #2
145,493,0.001, 0.0512163, 0.0778331, 0.11265, 0.121297, 0.198922, 0.232468, 0.248942, 0.314702, 0.323821, 0.365666, 0.438968, 0.459418, 0.462464, 0.602364, 0.61264, 0.647162, 0.769418, 0.881092, 0.957784, 0.961274, 1, 

141,692,0.001, 0.0341819, 0.0970835, 0.295069, 0.323036, 0.37586, 0.37878, 0.458429, 0.471621, 0.567721, 0.624437, 0.731826, 0.740677, 0.770379, 0.792808, 0.936849, 0.992856, 1, 

143,509,0.001, 0.0512163, 0.0778331, 0.11265, 0.121297, 0.198922, 0.232468, 0.248942, 0.314702, 0.323821, 0.365666, 0.438968, 0.885181, 0.935543, 0.947882, 1, 

146,426,0.001, 0.0587563, 0.0211981, 0.0387811, 0.0589807, 0.102937, 0.106706, 0.131271, 0.134165, 0.143683, 0.164623, 0.197796, 0.642099, 0.698758, 0.51916, 0.576077, 0.589091, 0.597241, 0.656332, 0.735168, 0.749203, 0.8051, 0.859032, 0.949401, 0.961477, 1, 

154,323,0.001, 0.00932522, 0.0328812, 0.044671, 0.104518, 0.10867, 0.241062, 0.297927, 0.310649, 0.341915, 0.379433, 0.379691, 0.397108, 0.48309, 0.560305, 0.599226, 0.606986, 0.718721, 0.722698, 0.744754, 0.802738, 0.845091, 0.86005, 0.934564, 1, 

Generation #3
145,493,0.001, 0.0512163, 0.0778331, 0.11265, 0.121297, 0.198922, 0.232468, 0.248942, 0.314702, 0.323821, 0.365666, 0.438968, 0.459418, 0.462464, 0.602364, 0.61264, 0.647162, 0.769418, 0.881092, 0.957784, 0.961274, 1, 

141,692,0.001, 0.0341819, 0.0970835, 0.295069, 0.323036, 0.37586, 0.37878, 0.458429, 0.471621, 0.567721, 0.624437, 0.731826, 0.740677, 0.770379, 0.792808, 0.936849, 0.992856, 1, 

143,509,0.001, 0.0512163, 0.0778331, 0.11265, 0.121297, 0.198922, 0.232468, 0.248942, 0.314702, 0.323821, 0.365666, 0.438968, 0.885181, 0.935543, 0.947882, 1, 

146,426,0.001, 0.0587563, 0.0211981, 0.0387811, 0.0589807, 0.102937, 0.106706, 0.131271, 0.134165, 0.143683, 0.164623, 0.197796, 0.642099, 0.698758, 0.51916, 0.576077, 0.589091, 0.597241, 0.656332, 0.735168, 0.749203, 0.8051, 0.859032, 0.949401, 0.961477, 1, 

154,323,0.001, 0.00932522, 0.0328812, 0.044671, 0.104518, 0.10867, 0.241062, 0.297927, 0.310649, 0.341915, 0.379433, 0.379691, 0.397108, 0.48309, 0.560305, 0.599226, 0.606986, 0.718721, 0.722698, 0.744754, 0.802738, 0.845091, 0.86005, 0.934564, 1, 

151,377,0.001, 0.0105193, 0.0211981, 0.0387811, 0.0589807, 0.102937, 0.106706, 0.131271, 0.134165, 0.143683, 0.695876, 0.796016, 0.906386, 0.925025, 0.947109, 1, 

Generation #4
145,493,0.001, 0.0512163, 0.0778331, 0.11265, 0.121297, 0.198922, 0.232468, 0.248942, 0.314702, 0.323821, 0.365666, 0.438968, 0.459418, 0.462464, 0.602364, 0.61264, 0.647162, 0.769418, 0.881092, 0.957784, 0.961274, 1, 

141,692,0.001, 0.0341819, 0.0970835, 0.295069, 0.323036, 0.37586, 0.37878, 0.458429, 0.471621, 0.567721, 0.624437, 0.731826, 0.740677, 0.770379, 0.792808, 0.936849, 0.992856, 1, 

143,509,0.001, 0.0512163, 0.0778331, 0.11265, 0.121297, 0.198922, 0.232468, 0.248942, 0.314702, 0.323821, 0.365666, 0.438968, 0.885181, 0.935543, 0.947882, 1, 

146,426,0.001, 0.0587563, 0.0211981, 0.0387811, 0.0589807, 0.102937, 0.106706, 0.131271, 0.134165, 0.143683, 0.164623, 0.197796, 0.642099, 0.698758, 0.51916, 0.576077, 0.589091, 0.597241, 0.656332, 0.735168, 0.749203, 0.8051, 0.859032, 0.949401, 0.961477, 1, 

148,312,0.001, 0.00932522, 0.0328812, 0.044671, 0.104518, 0.10867, 0.0174923, 0.157142, 0.16275, 0.165962, 0.183222, 0.184512, 0.234406, 0.258351, 0.306382, 0.449737, 1, 

Generation #5
145,493,0.001, 0.0512163, 0.0778331, 0.11265, 0.121297, 0.198922, 0.232468, 0.248942, 0.314702, 0.323821, 0.365666, 0.438968, 0.459418, 0.462464, 0.602364, 0.61264, 0.647162, 0.769418, 0.881092, 0.957784, 0.961274, 1, 

141,692,0.001, 0.0341819, 0.0970835, 0.295069, 0.323036, 0.37586, 0.37878, 0.458429, 0.471621, 0.567721, 0.624437, 0.731826, 0.740677, 0.770379, 0.792808, 0.936849, 0.992856, 1, 

143,509,0.001, 0.0512163, 0.0778331, 0.11265, 0.121297, 0.198922, 0.232468, 0.248942, 0.314702, 0.323821, 0.365666, 0.438968, 0.885181, 0.935543, 0.947882, 1, 

146,426,0.001, 0.0587563, 0.0211981, 0.0387811, 0.0589807, 0.102937, 0.106706, 0.131271, 0.134165, 0.143683, 0.164623, 0.197796, 0.642099, 0.698758, 0.51916, 0.576077, 0.589091, 0.597241, 0.656332, 0.735168, 0.749203, 0.8051, 0.859032, 0.949401, 0.961477, 1, 

148,312,0.001, 0.00932522, 0.0328812, 0.044671, 0.104518, 0.10867, 0.0174923, 0.157142, 0.16275, 0.165962, 0.183222, 0.184512, 0.234406, 0.258351, 0.306382, 0.449737, 1, 

147,329,0.001, 0.0109918, 0.0203913, 0.0221943, 0.0242184, 0.102563, 0.117093, 0.129842, 0.138315, 0.143683, 0.164623, 0.197796, 0.20436, 0.0559183, 0.226516, 0.240726, 1, 

Generation #6
145,493,0.001, 0.0512163, 0.0778331, 0.11265, 0.121297, 0.198922, 0.232468, 0.248942, 0.314702, 0.323821, 0.365666, 0.438968, 0.459418, 0.462464, 0.602364, 0.61264, 0.647162, 0.769418, 0.881092, 0.957784, 0.961274, 1, 

141,692,0.001, 0.0341819, 0.0970835, 0.295069, 0.323036, 0.37586, 0.37878, 0.458429, 0.471621, 0.567721, 0.624437, 0.731826, 0.740677, 0.770379, 0.792808, 0.936849, 0.992856, 1, 

143,509,0.001, 0.0512163, 0.0778331, 0.11265, 0.121297, 0.198922, 0.232468, 0.248942, 0.314702, 0.323821, 0.365666, 0.438968, 0.885181, 0.935543, 0.947882, 1, 

146,426,0.001, 0.0587563, 0.0211981, 0.0387811, 0.0589807, 0.102937, 0.106706, 0.131271, 0.134165, 0.143683, 0.164623, 0.197796, 0.642099, 0.698758, 0.51916, 0.576077, 0.589091, 0.597241, 0.656332, 0.735168, 0.749203, 0.8051, 0.859032, 0.949401, 0.961477, 1, 

148,312,0.001, 0.00932522, 0.0328812, 0.044671, 0.104518, 0.10867, 0.0174923, 0.157142, 0.16275, 0.165962, 0.183222, 0.184512, 0.234406, 0.258351, 0.306382, 0.449737, 1, 

147,329,0.001, 0.0109918, 0.0203913, 0.0221943, 0.0242184, 0.102563, 0.117093, 0.129842, 0.138315, 0.143683, 0.164623, 0.197796, 0.20436, 0.0559183, 0.226516, 0.240726, 1, 

157,308,0.001, 0.0177883, 0.0203913, 0.0221943, 0.0242184, 0.102563, 0.117093, 0.0768919, 0.138315, 0.176808, 0.47559, 0.487787, 0.518206, 0.571032, 0.881088, 1, 

Generation #7
148,312,0.001, 0.00932522, 0.0328812, 0.044671, 0.104518, 0.10867, 0.0174923, 0.157142, 0.16275, 0.165962, 0.183222, 0.184512, 0.234406, 0.258351, 0.306382, 0.449737, 1, 

147,329,0.001, 0.0109918, 0.0203913, 0.0221943, 0.0242184, 0.102563, 0.117093, 0.129842, 0.138315, 0.143683, 0.164623, 0.197796, 0.20436, 0.0559183, 0.226516, 0.240726, 1, 

157,308,0.001, 0.0177883, 0.0203913, 0.0221943, 0.0242184, 0.102563, 0.117093, 0.0768919, 0.138315, 0.176808, 0.47559, 0.487787, 0.518206, 0.571032, 0.881088, 1, 

143,341,0.001, 0.0109918, 0.0203913, 0.0221943, 0.0242184, 0.102563, 0.117093, 0.129842, 0.138315, 0.143683, 0.164623, 0.197796, 0.234406, 0.258351, 0.306382, 0.449737, 1, 

140,411,0.001, 0.0587563, 0.0211981, 0.0387811, 0.0589807, 0.102937, 0.106706, 0.129842, 0.138315, 0.143683, 0.164623, 0.197796, 0.20436, 0.226516, 0.240726, 1, 

Generation #8
148,312,0.001, 0.00932522, 0.0328812, 0.044671, 0.104518, 0.10867, 0.0174923, 0.157142, 0.16275, 0.165962, 0.183222, 0.184512, 0.234406, 0.258351, 0.306382, 0.449737, 1, 

157,308,0.001, 0.0177883, 0.0203913, 0.0221943, 0.0242184, 0.102563, 0.117093, 0.0768919, 0.138315, 0.176808, 0.47559, 0.487787, 0.518206, 0.571032, 0.881088, 1, 

140,411,0.001, 0.0587563, 0.0211981, 0.0387811, 0.0589807, 0.102937, 0.106706, 0.129842, 0.138315, 0.143683, 0.164623, 0.197796, 0.20436, 0.226516, 0.240726, 1, 

165,281,0.001, 0.0105193, 0.0211981, 0.0387811, 0.0589807, 0.102937, 0.106706, 0.131271, 0.236795, 0.143683, 0.164623, 0.197796, 0.20436, 0.226516, 0.240726, 1, 

143,314,0.001, 0.0520702, 0.0211981, 0.0387811, 0.0589807, 0.102937, 0.106706, 0.131271, 0.138315, 0.143683, 0.164623, 0.197796, 0.269206, 0.234406, 0.258351, 0.306382, 0.449737, 1, 

Generation #9
140,411,0.001, 0.0587563, 0.0211981, 0.0387811, 0.0589807, 0.102937, 0.106706, 0.129842, 0.138315, 0.143683, 0.164623, 0.197796, 0.20436, 0.226516, 0.240726, 1, 

165,281,0.001, 0.0105193, 0.0211981, 0.0387811, 0.0589807, 0.102937, 0.106706, 0.131271, 0.236795, 0.143683, 0.164623, 0.197796, 0.20436, 0.226516, 0.240726, 1, 

143,314,0.001, 0.0520702, 0.0211981, 0.0387811, 0.0589807, 0.102937, 0.106706, 0.131271, 0.138315, 0.143683, 0.164623, 0.197796, 0.269206, 0.234406, 0.258351, 0.306382, 0.449737, 1, 

145,294,0.001, 0.0318585, 0.0211981, 0.0394441, 0.0387811, 0.0589807, 0.102937, 0.106706, 0.131271, 0.134165, 0.164623, 0.197796, 0.20436, 0.226516, 0.240726, 1, 

Generation #10
140,411,0.001, 0.0587563, 0.0211981, 0.0387811, 0.0589807, 0.102937, 0.106706, 0.129842, 0.138315, 0.143683, 0.164623, 0.197796, 0.20436, 0.226516, 0.240726, 1, 

165,281,0.001, 0.0105193, 0.0211981, 0.0387811, 0.0589807, 0.102937, 0.106706, 0.131271, 0.236795, 0.143683, 0.164623, 0.197796, 0.20436, 0.226516, 0.240726, 1, 

143,314,0.001, 0.0520702, 0.0211981, 0.0387811, 0.0589807, 0.102937, 0.106706, 0.131271, 0.138315, 0.143683, 0.164623, 0.197796, 0.269206, 0.234406, 0.258351, 0.306382, 0.449737, 1, 

145,294,0.001, 0.0318585, 0.0211981, 0.0394441, 0.0387811, 0.0589807, 0.102937, 0.106706, 0.131271, 0.134165, 0.164623, 0.197796, 0.20436, 0.226516, 0.240726, 1, 

Generation #11
140,411,0.001, 0.0587563, 0.0211981, 0.0387811, 0.0589807, 0.102937, 0.106706, 0.129842, 0.138315, 0.143683, 0.164623, 0.197796, 0.20436, 0.226516, 0.240726, 1, 

165,281,0.001, 0.0105193, 0.0211981, 0.0387811, 0.0589807, 0.102937, 0.106706, 0.131271, 0.236795, 0.143683, 0.164623, 0.197796, 0.20436, 0.226516, 0.240726, 1, 

143,314,0.001, 0.0520702, 0.0211981, 0.0387811, 0.0589807, 0.102937, 0.106706, 0.131271, 0.138315, 0.143683, 0.164623, 0.197796, 0.269206, 0.234406, 0.258351, 0.306382, 0.449737, 1, 

145,294,0.001, 0.0318585, 0.0211981, 0.0394441, 0.0387811, 0.0589807, 0.102937, 0.106706, 0.131271, 0.134165, 0.164623, 0.197796, 0.20436, 0.226516, 0.240726, 1, 

154,287,0.001, 0.00932522, 0.0328812, 0.044671, 0.104518, 0.10867, 0.117093, 0.129842, 0.138315, 0.143683, 0.164623, 0.197796, 0.20436, 0.0559183, 0.226516, 0.240726, 1, 

Generation #12
165,281,0.001, 0.0105193, 0.0211981, 0.0387811, 0.0589807, 0.102937, 0.106706, 0.131271, 0.236795, 0.143683, 0.164623, 0.197796, 0.20436, 0.226516, 0.240726, 1, 

143,314,0.001, 0.0520702, 0.0211981, 0.0387811, 0.0589807, 0.102937, 0.106706, 0.131271, 0.138315, 0.143683, 0.164623, 0.197796, 0.269206, 0.234406, 0.258351, 0.306382, 0.449737, 1, 

145,294,0.001, 0.0318585, 0.0211981, 0.0394441, 0.0387811, 0.0589807, 0.102937, 0.106706, 0.131271, 0.134165, 0.164623, 0.197796, 0.20436, 0.226516, 0.240726, 1, 

152,286,0.001, 0.00932522, 0.0328812, 0.0221943, 0.0387811, 0.0589807, 0.102937, 0.106706, 0.131271, 0.134165, 0.143683, 0.164623, 0.197796, 0.20436, 0.226516, 0.240726, 0.286346, 0.292213, 0.301196, 0.3302, 0.764362, 0.873473, 0.942186, 1, 

139,373,0.001, 0.0105193, 0.0211981, 0.0387811, 0.0589807, 0.102937, 0.0174923, 0.157142, 0.16275, 0.165962, 0.183222, 0.184512, 0.234406, 0.258351, 0.306382, 0.449737, 1, 

Generation #13
143,314,0.001, 0.0520702, 0.0211981, 0.0387811, 0.0589807, 0.102937, 0.106706, 0.131271, 0.138315, 0.143683, 0.164623, 0.197796, 0.269206, 0.234406, 0.258351, 0.306382, 0.449737, 1, 

145,294,0.001, 0.0318585, 0.0211981, 0.0394441, 0.0387811, 0.0589807, 0.102937, 0.106706, 0.131271, 0.134165, 0.164623, 0.197796, 0.20436, 0.226516, 0.240726, 1, 

152,272,0.001, 0.00932522, 0.0328812, 0.044671, 0.104518, 0.10867, 0.241062, 0.297927, 0.310649, 0.341915, 0.183222, 0.184512, 0.234406, 0.258351, 0.306382, 0.449737, 1, 

130,328,0.001, 0.00932522, 0.0328812, 0.044671, 0.104518, 0.10867, 0.0174923, 0.157142, 0.16275, 0.165962, 0.183222, 0.184512, 0.234406, 0.258351, 0.306382, 0.449737, 1, 

Generation #14
143,314,0.001, 0.0520702, 0.0211981, 0.0387811, 0.0589807, 0.102937, 0.106706, 0.131271, 0.138315, 0.143683, 0.164623, 0.197796, 0.269206, 0.234406, 0.258351, 0.306382, 0.449737, 1, 

145,294,0.001, 0.0318585, 0.0211981, 0.0394441, 0.0387811, 0.0589807, 0.102937, 0.106706, 0.131271, 0.134165, 0.164623, 0.197796, 0.20436, 0.226516, 0.240726, 1, 

152,272,0.001, 0.00932522, 0.0328812, 0.044671, 0.104518, 0.10867, 0.241062, 0.297927, 0.310649, 0.341915, 0.183222, 0.184512, 0.234406, 0.258351, 0.306382, 0.449737, 1, 

130,328,0.001, 0.00932522, 0.0328812, 0.044671, 0.104518, 0.10867, 0.0174923, 0.157142, 0.16275, 0.165962, 0.183222, 0.184512, 0.234406, 0.258351, 0.306382, 0.449737, 1, 

Generation #15
143,314,0.001, 0.0520702, 0.0211981, 0.0387811, 0.0589807, 0.102937, 0.106706, 0.131271, 0.138315, 0.143683, 0.164623, 0.197796, 0.269206, 0.234406, 0.258351, 0.306382, 0.449737, 1, 

145,294,0.001, 0.0318585, 0.0211981, 0.0394441, 0.0387811, 0.0589807, 0.102937, 0.106706, 0.131271, 0.134165, 0.164623, 0.197796, 0.20436, 0.226516, 0.240726, 1, 

152,272,0.001, 0.00932522, 0.0328812, 0.044671, 0.104518, 0.10867, 0.241062, 0.297927, 0.310649, 0.341915, 0.183222, 0.184512, 0.234406, 0.258351, 0.306382, 0.449737, 1, 

130,328,0.001, 0.00932522, 0.0328812, 0.044671, 0.104518, 0.10867, 0.0174923, 0.157142, 0.16275, 0.165962, 0.183222, 0.184512, 0.234406, 0.258351, 0.306382, 0.449737, 1, 

Generation #16
143,314,0.001, 0.0520702, 0.0211981, 0.0387811, 0.0589807, 0.102937, 0.106706, 0.131271, 0.138315, 0.143683, 0.164623, 0.197796, 0.269206, 0.234406, 0.258351, 0.306382, 0.449737, 1, 

145,294,0.001, 0.0318585, 0.0211981, 0.0394441, 0.0387811, 0.0589807, 0.102937, 0.106706, 0.131271, 0.134165, 0.164623, 0.197796, 0.20436, 0.226516, 0.240726, 1, 

152,272,0.001, 0.00932522, 0.0328812, 0.044671, 0.104518, 0.10867, 0.241062, 0.297927, 0.310649, 0.341915, 0.183222, 0.184512, 0.234406, 0.258351, 0.306382, 0.449737, 1, 

130,328,0.001, 0.00932522, 0.0328812, 0.044671, 0.104518, 0.10867, 0.0174923, 0.157142, 0.16275, 0.165962, 0.183222, 0.184512, 0.234406, 0.258351, 0.306382, 0.449737, 1, 

141,317,0.001, 0.0105193, 0.0211981, 0.0387811, 0.0589807, 0.102937, 0.106706, 0.106706, 0.131271, 0.134165, 0.164623, 0.197796, 0.20436, 0.226516, 0.240726, 1, 

Generation #17
152,272,0.001, 0.00932522, 0.0328812, 0.044671, 0.104518, 0.10867, 0.241062, 0.297927, 0.310649, 0.341915, 0.183222, 0.184512, 0.234406, 0.258351, 0.306382, 0.449737, 1, 

130,328,0.001, 0.00932522, 0.0328812, 0.044671, 0.104518, 0.10867, 0.0174923, 0.157142, 0.16275, 0.165962, 0.183222, 0.184512, 0.234406, 0.258351, 0.306382, 0.449737, 1, 

138,290,0.001, 0.00932522, 0.0211981, 0.0387811, 0.0589807, 0.102937, 0.106706, 0.131271, 0.131271, 0.134165, 0.143683, 0.164623, 0.226516, 0.240726, 1, 

136,309,0.001, 0.0105193, 0.0211981, 0.0387811, 0.0589807, 0.102563, 0.117093, 0.131271, 0.134165, 0.176808, 0.197796, 0.20436, 0.0559183, 0.226516, 0.240726, 1, 

170,262,0.001, 0.0177883, 0.0203913, 0.0221943, 0.0242184, 0.102563, 0.117093, 0.106706, 0.131271, 0.134165, 0.164623, 0.197796, 0.20436, 0.226516, 0.240726, 1, 

Generation #18
152,272,0.001, 0.00932522, 0.0328812, 0.044671, 0.104518, 0.10867, 0.241062, 0.297927, 0.310649, 0.341915, 0.183222, 0.184512, 0.234406, 0.258351, 0.306382, 0.449737, 1, 

130,328,0.001, 0.00932522, 0.0328812, 0.044671, 0.104518, 0.10867, 0.0174923, 0.157142, 0.16275, 0.165962, 0.183222, 0.184512, 0.234406, 0.258351, 0.306382, 0.449737, 1, 

138,290,0.001, 0.00932522, 0.0211981, 0.0387811, 0.0589807, 0.102937, 0.106706, 0.131271, 0.131271, 0.134165, 0.143683, 0.164623, 0.226516, 0.240726, 1, 

136,309,0.001, 0.0105193, 0.0211981, 0.0387811, 0.0589807, 0.102563, 0.117093, 0.131271, 0.134165, 0.176808, 0.197796, 0.20436, 0.0559183, 0.226516, 0.240726, 1, 

170,262,0.001, 0.0177883, 0.0203913, 0.0221943, 0.0242184, 0.102563, 0.117093, 0.106706, 0.131271, 0.134165, 0.164623, 0.197796, 0.20436, 0.226516, 0.240726, 1, 

Generation #19
152,272,0.001, 0.00932522, 0.0328812, 0.044671, 0.104518, 0.10867, 0.241062, 0.297927, 0.310649, 0.341915, 0.183222, 0.184512, 0.234406, 0.258351, 0.306382, 0.449737, 1, 

130,328,0.001, 0.00932522, 0.0328812, 0.044671, 0.104518, 0.10867, 0.0174923, 0.157142, 0.16275, 0.165962, 0.183222, 0.184512, 0.234406, 0.258351, 0.306382, 0.449737, 1, 

138,290,0.001, 0.00932522, 0.0211981, 0.0387811, 0.0589807, 0.102937, 0.106706, 0.131271, 0.131271, 0.134165, 0.143683, 0.164623, 0.226516, 0.240726, 1, 

136,309,0.001, 0.0105193, 0.0211981, 0.0387811, 0.0589807, 0.102563, 0.117093, 0.131271, 0.134165, 0.176808, 0.197796, 0.20436, 0.0559183, 0.226516, 0.240726, 1, 

170,262,0.001, 0.0177883, 0.0203913, 0.0221943, 0.0242184, 0.102563, 0.117093, 0.106706, 0.131271, 0.134165, 0.164623, 0.197796, 0.20436, 0.226516, 0.240726, 1, 

Generation #20
152,272,0.001, 0.00932522, 0.0328812, 0.044671, 0.104518, 0.10867, 0.241062, 0.297927, 0.310649, 0.341915, 0.183222, 0.184512, 0.234406, 0.258351, 0.306382, 0.449737, 1, 

130,328,0.001, 0.00932522, 0.0328812, 0.044671, 0.104518, 0.10867, 0.0174923, 0.157142, 0.16275, 0.165962, 0.183222, 0.184512, 0.234406, 0.258351, 0.306382, 0.449737, 1, 

138,290,0.001, 0.00932522, 0.0211981, 0.0387811, 0.0589807, 0.102937, 0.106706, 0.131271, 0.131271, 0.134165, 0.143683, 0.164623, 0.226516, 0.240726, 1, 

136,309,0.001, 0.0105193, 0.0211981, 0.0387811, 0.0589807, 0.102563, 0.117093, 0.131271, 0.134165, 0.176808, 0.197796, 0.20436, 0.0559183, 0.226516, 0.240726, 1, 

170,262,0.001, 0.0177883, 0.0203913, 0.0221943, 0.0242184, 0.102563, 0.117093, 0.106706, 0.131271, 0.134165, 0.164623, 0.197796, 0.20436, 0.226516, 0.240726, 1, 

144,287,0.001, 0.00932522, 0.0328812, 0.0387811, 0.0589807, 0.102937, 0.0174923, 0.157142, 0.16275, 0.165962, 0.183222, 0.184512, 0.234406, 0.258351, 0.306382, 0.449737, 1, 

160,268,0.001, 0.00932522, 0.0328812, 0.0221943, 0.0242184, 0.102563, 0.117093, 0.129842, 0.138315, 0.143683, 0.164623, 0.197796, 0.20436, 0.0559183, 0.226516, 0.240726, 1, 

Generation #21
130,328,0.001, 0.00932522, 0.0328812, 0.044671, 0.104518, 0.10867, 0.0174923, 0.157142, 0.16275, 0.165962, 0.183222, 0.184512, 0.234406, 0.258351, 0.306382, 0.449737, 1, 

138,290,0.001, 0.00932522, 0.0211981, 0.0387811, 0.0589807, 0.102937, 0.106706, 0.131271, 0.131271, 0.134165, 0.143683, 0.164623, 0.226516, 0.240726, 1, 

136,309,0.001, 0.0105193, 0.0211981, 0.0387811, 0.0589807, 0.102563, 0.117093, 0.131271, 0.134165, 0.176808, 0.197796, 0.20436, 0.0559183, 0.226516, 0.240726, 1, 

170,262,0.001, 0.0177883, 0.0203913, 0.0221943, 0.0242184, 0.102563, 0.117093, 0.106706, 0.131271, 0.134165, 0.164623, 0.197796, 0.20436, 0.226516, 0.240726, 1, 

144,287,0.001, 0.00932522, 0.0328812, 0.0387811, 0.0589807, 0.102937, 0.0174923, 0.157142, 0.16275, 0.165962, 0.183222, 0.184512, 0.234406, 0.258351, 0.306382, 0.449737, 1, 

160,268,0.001, 0.00932522, 0.0328812, 0.0221943, 0.0242184, 0.102563, 0.117093, 0.129842, 0.138315, 0.143683, 0.164623, 0.197796, 0.20436, 0.0559183, 0.226516, 0.240726, 1, 

145,269,0.001, 0.0177883, 0.0203913, 0.0387811, 0.0589807, 0.102937, 0.106706, 0.106706, 0.131271, 0.134165, 0.164623, 0.197796, 0.20436, 0.226516, 0.240726, 1, 

Generation #22
130,328,0.001, 0.00932522, 0.0328812, 0.044671, 0.104518, 0.10867, 0.0174923, 0.157142, 0.16275, 0.165962, 0.183222, 0.184512, 0.234406, 0.258351, 0.306382, 0.449737, 1, 

138,290,0.001, 0.00932522, 0.0211981, 0.0387811, 0.0589807, 0.102937, 0.106706, 0.131271, 0.131271, 0.134165, 0.143683, 0.164623, 0.226516, 0.240726, 1, 

136,309,0.001, 0.0105193, 0.0211981, 0.0387811, 0.0589807, 0.102563, 0.117093, 0.131271, 0.134165, 0.176808, 0.197796, 0.20436, 0.0559183, 0.226516, 0.240726, 1, 

144,287,0.001, 0.00932522, 0.0328812, 0.0387811, 0.0589807, 0.102937, 0.0174923, 0.157142, 0.16275, 0.165962, 0.183222, 0.184512, 0.234406, 0.258351, 0.306382, 0.449737, 1, 

145,269,0.001, 0.0177883, 0.0203913, 0.0387811, 0.0589807, 0.102937, 0.106706, 0.106706, 0.131271, 0.134165, 0.164623, 0.197796, 0.20436, 0.226516, 0.240726, 1, 

160,257,0.001, 0.00932522, 0.0328812, 0.0221943, 0.0387811, 0.0589807, 0.102937, 0.106706, 0.131271, 0.134165, 0.143683, 0.164623, 0.197796, 0.20436, 0.226516, 0.240726, 0.286346, 0.292213, 0.301196, 0.3302, 0.764362, 0.873473, 0.942186, 1, 

Generation #23
130,328,0.001, 0.00932522, 0.0328812, 0.044671, 0.104518, 0.10867, 0.0174923, 0.157142, 0.16275, 0.165962, 0.183222, 0.184512, 0.234406, 0.258351, 0.306382, 0.449737, 1, 

138,290,0.001, 0.00932522, 0.0211981, 0.0387811, 0.0589807, 0.102937, 0.106706, 0.131271, 0.131271, 0.134165, 0.143683, 0.164623, 0.226516, 0.240726, 1, 

136,309,0.001, 0.0105193, 0.0211981, 0.0387811, 0.0589807, 0.102563, 0.117093, 0.131271, 0.134165, 0.176808, 0.197796, 0.20436, 0.0559183, 0.226516, 0.240726, 1, 

144,287,0.001, 0.00932522, 0.0328812, 0.0387811, 0.0589807, 0.102937, 0.0174923, 0.157142, 0.16275, 0.165962, 0.183222, 0.184512, 0.234406, 0.258351, 0.306382, 0.449737, 1, 

145,269,0.001, 0.0177883, 0.0203913, 0.0387811, 0.0589807, 0.102937, 0.106706, 0.106706, 0.131271, 0.134165, 0.164623, 0.197796, 0.20436, 0.226516, 0.240726, 1, 

160,257,0.001, 0.00932522, 0.0328812, 0.0221943, 0.0387811, 0.0589807, 0.102937, 0.106706, 0.131271, 0.134165, 0.143683, 0.164623, 0.197796, 0.20436, 0.226516, 0.240726, 0.286346, 0.292213, 0.301196, 0.3302, 0.764362, 0.873473, 0.942186, 1, 

Generation #24
130,328,0.001, 0.00932522, 0.0328812, 0.044671, 0.104518, 0.10867, 0.0174923, 0.157142, 0.16275, 0.165962, 0.183222, 0.184512, 0.234406, 0.258351, 0.306382, 0.449737, 1, 

138,290,0.001, 0.00932522, 0.0211981, 0.0387811, 0.0589807, 0.102937, 0.106706, 0.131271, 0.131271, 0.134165, 0.143683, 0.164623, 0.226516, 0.240726, 1, 

136,309,0.001, 0.0105193, 0.0211981, 0.0387811, 0.0589807, 0.102563, 0.117093, 0.131271, 0.134165, 0.176808, 0.197796, 0.20436, 0.0559183, 0.226516, 0.240726, 1, 

144,287,0.001, 0.00932522, 0.0328812, 0.0387811, 0.0589807, 0.102937, 0.0174923, 0.157142, 0.16275, 0.165962, 0.183222, 0.184512, 0.234406, 0.258351, 0.306382, 0.449737, 1, 

145,269,0.001, 0.0177883, 0.0203913, 0.0387811, 0.0589807, 0.102937, 0.106706, 0.106706, 0.131271, 0.134165, 0.164623, 0.197796, 0.20436, 0.226516, 0.240726, 1, 

160,257,0.001, 0.00932522, 0.0328812, 0.0221943, 0.0387811, 0.0589807, 0.102937, 0.106706, 0.131271, 0.134165, 0.143683, 0.164623, 0.197796, 0.20436, 0.226516, 0.240726, 0.286346, 0.292213, 0.301196, 0.3302, 0.764362, 0.873473, 0.942186, 1, 

Generation #25
130,328,0.001, 0.00932522, 0.0328812, 0.044671, 0.104518, 0.10867, 0.0174923, 0.157142, 0.16275, 0.165962, 0.183222, 0.184512, 0.234406, 0.258351, 0.306382, 0.449737, 1, 

138,290,0.001, 0.00932522, 0.0211981, 0.0387811, 0.0589807, 0.102937, 0.106706, 0.131271, 0.131271, 0.134165, 0.143683, 0.164623, 0.226516, 0.240726, 1, 

136,309,0.001, 0.0105193, 0.0211981, 0.0387811, 0.0589807, 0.102563, 0.117093, 0.131271, 0.134165, 0.176808, 0.197796, 0.20436, 0.0559183, 0.226516, 0.240726, 1, 

144,287,0.001, 0.00932522, 0.0328812, 0.0387811, 0.0589807, 0.102937, 0.0174923, 0.157142, 0.16275, 0.165962, 0.183222, 0.184512, 0.234406, 0.258351, 0.306382, 0.449737, 1, 

145,269,0.001, 0.0177883, 0.0203913, 0.0387811, 0.0589807, 0.102937, 0.106706, 0.106706, 0.131271, 0.134165, 0.164623, 0.197796, 0.20436, 0.226516, 0.240726, 1, 

160,257,0.001, 0.00932522, 0.0328812, 0.0221943, 0.0387811, 0.0589807, 0.102937, 0.106706, 0.131271, 0.134165, 0.143683, 0.164623, 0.197796, 0.20436, 0.226516, 0.240726, 0.286346, 0.292213, 0.301196, 0.3302, 0.764362, 0.873473, 0.942186, 1, 

184,237,0.001, 0.00932522, 0.0328812, 0.044671, 0.104518, 0.10867, 0.241062, 0.297927, 0.310649, 0.341915, 0.183222, 0.184512, 0.234406, 0.258351, 0.306382, 0.449737, 1, 

Generation #26
130,328,0.001, 0.00932522, 0.0328812, 0.044671, 0.104518, 0.10867, 0.0174923, 0.157142, 0.16275, 0.165962, 0.183222, 0.184512, 0.234406, 0.258351, 0.306382, 0.449737, 1, 

138,290,0.001, 0.00932522, 0.0211981, 0.0387811, 0.0589807, 0.102937, 0.106706, 0.131271, 0.131271, 0.134165, 0.143683, 0.164623, 0.226516, 0.240726, 1, 

136,309,0.001, 0.0105193, 0.0211981, 0.0387811, 0.0589807, 0.102563, 0.117093, 0.131271, 0.134165, 0.176808, 0.197796, 0.20436, 0.0559183, 0.226516, 0.240726, 1, 

144,287,0.001, 0.00932522, 0.0328812, 0.0387811, 0.0589807, 0.102937, 0.0174923, 0.157142, 0.16275, 0.165962, 0.183222, 0.184512, 0.234406, 0.258351, 0.306382, 0.449737, 1, 

145,269,0.001, 0.0177883, 0.0203913, 0.0387811, 0.0589807, 0.102937, 0.106706, 0.106706, 0.131271, 0.134165, 0.164623, 0.197796, 0.20436, 0.226516, 0.240726, 1, 

160,257,0.001, 0.00932522, 0.0328812, 0.0221943, 0.0387811, 0.0589807, 0.102937, 0.106706, 0.131271, 0.134165, 0.143683, 0.164623, 0.197796, 0.20436, 0.226516, 0.240726, 0.286346, 0.292213, 0.301196, 0.3302, 0.764362, 0.873473, 0.942186, 1, 

184,237,0.001, 0.00932522, 0.0328812, 0.044671, 0.104518, 0.10867, 0.241062, 0.297927, 0.310649, 0.341915, 0.183222, 0.184512, 0.234406, 0.258351, 0.306382, 0.449737, 1, 

Generation #27
130,328,0.001, 0.00932522, 0.0328812, 0.044671, 0.104518, 0.10867, 0.0174923, 0.157142, 0.16275, 0.165962, 0.183222, 0.184512, 0.234406, 0.258351, 0.306382, 0.449737, 1, 

138,290,0.001, 0.00932522, 0.0211981, 0.0387811, 0.0589807, 0.102937, 0.106706, 0.131271, 0.131271, 0.134165, 0.143683, 0.164623, 0.226516, 0.240726, 1, 

136,309,0.001, 0.0105193, 0.0211981, 0.0387811, 0.0589807, 0.102563, 0.117093, 0.131271, 0.134165, 0.176808, 0.197796, 0.20436, 0.0559183, 0.226516, 0.240726, 1, 

144,287,0.001, 0.00932522, 0.0328812, 0.0387811, 0.0589807, 0.102937, 0.0174923, 0.157142, 0.16275, 0.165962, 0.183222, 0.184512, 0.234406, 0.258351, 0.306382, 0.449737, 1, 

145,269,0.001, 0.0177883, 0.0203913, 0.0387811, 0.0589807, 0.102937, 0.106706, 0.106706, 0.131271, 0.134165, 0.164623, 0.197796, 0.20436, 0.226516, 0.240726, 1, 

160,257,0.001, 0.00932522, 0.0328812, 0.0221943, 0.0387811, 0.0589807, 0.102937, 0.106706, 0.131271, 0.134165, 0.143683, 0.164623, 0.197796, 0.20436, 0.226516, 0.240726, 0.286346, 0.292213, 0.301196, 0.3302, 0.764362, 0.873473, 0.942186, 1, 

184,237,0.001, 0.00932522, 0.0328812, 0.044671, 0.104518, 0.10867, 0.241062, 0.297927, 0.310649, 0.341915, 0.183222, 0.184512, 0.234406, 0.258351, 0.306382, 0.449737, 1, 

Generation #28
130,328,0.001, 0.00932522, 0.0328812, 0.044671, 0.104518, 0.10867, 0.0174923, 0.157142, 0.16275, 0.165962, 0.183222, 0.184512, 0.234406, 0.258351, 0.306382, 0.449737, 1, 

138,290,0.001, 0.00932522, 0.0211981, 0.0387811, 0.0589807, 0.102937, 0.106706, 0.131271, 0.131271, 0.134165, 0.143683, 0.164623, 0.226516, 0.240726, 1, 

136,309,0.001, 0.0105193, 0.0211981, 0.0387811, 0.0589807, 0.102563, 0.117093, 0.131271, 0.134165, 0.176808, 0.197796, 0.20436, 0.0559183, 0.226516, 0.240726, 1, 

144,287,0.001, 0.00932522, 0.0328812, 0.0387811, 0.0589807, 0.102937, 0.0174923, 0.157142, 0.16275, 0.165962, 0.183222, 0.184512, 0.234406, 0.258351, 0.306382, 0.449737, 1, 

145,269,0.001, 0.0177883, 0.0203913, 0.0387811, 0.0589807, 0.102937, 0.106706, 0.106706, 0.131271, 0.134165, 0.164623, 0.197796, 0.20436, 0.226516, 0.240726, 1, 

160,257,0.001, 0.00932522, 0.0328812, 0.0221943, 0.0387811, 0.0589807, 0.102937, 0.106706, 0.131271, 0.134165, 0.143683, 0.164623, 0.197796, 0.20436, 0.226516, 0.240726, 0.286346, 0.292213, 0.301196, 0.3302, 0.764362, 0.873473, 0.942186, 1, 

184,237,0.001, 0.00932522, 0.0328812, 0.044671, 0.104518, 0.10867, 0.241062, 0.297927, 0.310649, 0.341915, 0.183222, 0.184512, 0.234406, 0.258351, 0.306382, 0.449737, 1, 

Generation #29
130,328,0.001, 0.00932522, 0.0328812, 0.044671, 0.104518, 0.10867, 0.0174923, 0.157142, 0.16275, 0.165962, 0.183222, 0.184512, 0.234406, 0.258351, 0.306382, 0.449737, 1, 

138,290,0.001, 0.00932522, 0.0211981, 0.0387811, 0.0589807, 0.102937, 0.106706, 0.131271, 0.131271, 0.134165, 0.143683, 0.164623, 0.226516, 0.240726, 1, 

136,309,0.001, 0.0105193, 0.0211981, 0.0387811, 0.0589807, 0.102563, 0.117093, 0.131271, 0.134165, 0.176808, 0.197796, 0.20436, 0.0559183, 0.226516, 0.240726, 1, 

144,287,0.001, 0.00932522, 0.0328812, 0.0387811, 0.0589807, 0.102937, 0.0174923, 0.157142, 0.16275, 0.165962, 0.183222, 0.184512, 0.234406, 0.258351, 0.306382, 0.449737, 1, 

145,269,0.001, 0.0177883, 0.0203913, 0.0387811, 0.0589807, 0.102937, 0.106706, 0.106706, 0.131271, 0.134165, 0.164623, 0.197796, 0.20436, 0.226516, 0.240726, 1, 

160,257,0.001, 0.00932522, 0.0328812, 0.0221943, 0.0387811, 0.0589807, 0.102937, 0.106706, 0.131271, 0.134165, 0.143683, 0.164623, 0.197796, 0.20436, 0.226516, 0.240726, 0.286346, 0.292213, 0.301196, 0.3302, 0.764362, 0.873473, 0.942186, 1, 

184,237,0.001, 0.00932522, 0.0328812, 0.044671, 0.104518, 0.10867, 0.241062, 0.297927, 0.310649, 0.341915, 0.183222, 0.184512, 0.234406, 0.258351, 0.306382, 0.449737, 1, 

154,262,0.001, 0.0177883, 0.0203913, 0.0394441, 0.0387811, 0.0589807, 0.102937, 0.106706, 0.131271, 0.134165, 0.143683, 0.164623, 0.197796, 0.20436, 0.226516, 0.240726, 0.286346, 0.292213, 0.301196, 0.3302, 0.764362, 0.873473, 0.942186, 1, 

Generation #30
130,328,0.001, 0.00932522, 0.0328812, 0.044671, 0.104518, 0.10867, 0.0174923, 0.157142, 0.16275, 0.165962, 0.183222, 0.184512, 0.234406, 0.258351, 0.306382, 0.449737, 1, 

138,290,0.001, 0.00932522, 0.0211981, 0.0387811, 0.0589807, 0.102937, 0.106706, 0.131271, 0.131271, 0.134165, 0.143683, 0.164623, 0.226516, 0.240726, 1, 

136,309,0.001, 0.0105193, 0.0211981, 0.0387811, 0.0589807, 0.102563, 0.117093, 0.131271, 0.134165, 0.176808, 0.197796, 0.20436, 0.0559183, 0.226516, 0.240726, 1, 

144,287,0.001, 0.00932522, 0.0328812, 0.0387811, 0.0589807, 0.102937, 0.0174923, 0.157142, 0.16275, 0.165962, 0.183222, 0.184512, 0.234406, 0.258351, 0.306382, 0.449737, 1, 

145,269,0.001, 0.0177883, 0.0203913, 0.0387811, 0.0589807, 0.102937, 0.106706, 0.106706, 0.131271, 0.134165, 0.164623, 0.197796, 0.20436, 0.226516, 0.240726, 1, 

160,257,0.001, 0.00932522, 0.0328812, 0.0221943, 0.0387811, 0.0589807, 0.102937, 0.106706, 0.131271, 0.134165, 0.143683, 0.164623, 0.197796, 0.20436, 0.226516, 0.240726, 0.286346, 0.292213, 0.301196, 0.3302, 0.764362, 0.873473, 0.942186, 1, 

184,237,0.001, 0.00932522, 0.0328812, 0.044671, 0.104518, 0.10867, 0.241062, 0.297927, 0.310649, 0.341915, 0.183222, 0.184512, 0.234406, 0.258351, 0.306382, 0.449737, 1, 

154,262,0.001, 0.0177883, 0.0203913, 0.0394441, 0.0387811, 0.0589807, 0.102937, 0.106706, 0.131271, 0.134165, 0.143683, 0.164623, 0.197796, 0.20436, 0.226516, 0.240726, 0.286346, 0.292213, 0.301196, 0.3302, 0.764362, 0.873473, 0.942186, 1, 

Generation #31
130,328,0.001, 0.00932522, 0.0328812, 0.044671, 0.104518, 0.10867, 0.0174923, 0.157142, 0.16275, 0.165962, 0.183222, 0.184512, 0.234406, 0.258351, 0.306382, 0.449737, 1, 

138,290,0.001, 0.00932522, 0.0211981, 0.0387811, 0.0589807, 0.102937, 0.106706, 0.131271, 0.131271, 0.134165, 0.143683, 0.164623, 0.226516, 0.240726, 1, 

136,309,0.001, 0.0105193, 0.0211981, 0.0387811, 0.0589807, 0.102563, 0.117093, 0.131271, 0.134165, 0.176808, 0.197796, 0.20436, 0.0559183, 0.226516, 0.240726, 1, 

144,287,0.001, 0.00932522, 0.0328812, 0.0387811, 0.0589807, 0.102937, 0.0174923, 0.157142, 0.16275, 0.165962, 0.183222, 0.184512, 0.234406, 0.258351, 0.306382, 0.449737, 1, 

145,269,0.001, 0.0177883, 0.0203913, 0.0387811, 0.0589807, 0.102937, 0.106706, 0.106706, 0.131271, 0.134165, 0.164623, 0.197796, 0.20436, 0.226516, 0.240726, 1, 

184,237,0.001, 0.00932522, 0.0328812, 0.044671, 0.104518, 0.10867, 0.241062, 0.297927, 0.310649, 0.341915, 0.183222, 0.184512, 0.234406, 0.258351, 0.306382, 0.449737, 1, 

154,257,0.001, 0.0177883, 0.0203913, 0.0394441, 0.0387811, 0.0589807, 0.102937, 0.106706, 0.131271, 0.134165, 0.143683, 0.164623, 0.197796, 0.20436, 0.226516, 0.240726, 0.286346, 0.292213, 0.301196, 0.3302, 0.764362, 0.873473, 0.942186, 1, 

142,288,0.001, 0.00932522, 0.0328812, 0.0221943, 0.0387811, 0.0589807, 0.102937, 0.106706, 0.131271, 0.134165, 0.143683, 0.197796, 0.20436, 0.226516, 0.306382, 0.449737, 1, 

Generation #32
130,328,0.001, 0.00932522, 0.0328812, 0.044671, 0.104518, 0.10867, 0.0174923, 0.157142, 0.16275, 0.165962, 0.183222, 0.184512, 0.234406, 0.258351, 0.306382, 0.449737, 1, 

138,290,0.001, 0.00932522, 0.0211981, 0.0387811, 0.0589807, 0.102937, 0.106706, 0.131271, 0.131271, 0.134165, 0.143683, 0.164623, 0.226516, 0.240726, 1, 

136,309,0.001, 0.0105193, 0.0211981, 0.0387811, 0.0589807, 0.102563, 0.117093, 0.131271, 0.134165, 0.176808, 0.197796, 0.20436, 0.0559183, 0.226516, 0.240726, 1, 

144,287,0.001, 0.00932522, 0.0328812, 0.0387811, 0.0589807, 0.102937, 0.0174923, 0.157142, 0.16275, 0.165962, 0.183222, 0.184512, 0.234406, 0.258351, 0.306382, 0.449737, 1, 

145,269,0.001, 0.0177883, 0.0203913, 0.0387811, 0.0589807, 0.102937, 0.106706, 0.106706, 0.131271, 0.134165, 0.164623, 0.197796, 0.20436, 0.226516, 0.240726, 1, 

184,237,0.001, 0.00932522, 0.0328812, 0.044671, 0.104518, 0.10867, 0.241062, 0.297927, 0.310649, 0.341915, 0.183222, 0.184512, 0.234406, 0.258351, 0.306382, 0.449737, 1, 

142,288,0.001, 0.00932522, 0.0328812, 0.0221943, 0.0387811, 0.0589807, 0.102937, 0.106706, 0.131271, 0.134165, 0.143683, 0.197796, 0.20436, 0.226516, 0.306382, 0.449737, 1, 

146,254,0.001, 0.00932522, 0.0328812, 0.0387811, 0.0589807, 0.102937, 0.157142, 0.16275, 0.165962, 0.183222, 0.184512, 0.234406, 0.258351, 0.306382, 0.449737, 1, 

Generation #33
130,328,0.001, 0.00932522, 0.0328812, 0.044671, 0.104518, 0.10867, 0.0174923, 0.157142, 0.16275, 0.165962, 0.183222, 0.184512, 0.234406, 0.258351, 0.306382, 0.449737, 1, 

138,290,0.001, 0.00932522, 0.0211981, 0.0387811, 0.0589807, 0.102937, 0.106706, 0.131271, 0.131271, 0.134165, 0.143683, 0.164623, 0.226516, 0.240726, 1, 

136,309,0.001, 0.0105193, 0.0211981, 0.0387811, 0.0589807, 0.102563, 0.117093, 0.131271, 0.134165, 0.176808, 0.197796, 0.20436, 0.0559183, 0.226516, 0.240726, 1, 

144,287,0.001, 0.00932522, 0.0328812, 0.0387811, 0.0589807, 0.102937, 0.0174923, 0.157142, 0.16275, 0.165962, 0.183222, 0.184512, 0.234406, 0.258351, 0.306382, 0.449737, 1, 

145,269,0.001, 0.0177883, 0.0203913, 0.0387811, 0.0589807, 0.102937, 0.106706, 0.106706, 0.131271, 0.134165, 0.164623, 0.197796, 0.20436, 0.226516, 0.240726, 1, 

184,237,0.001, 0.00932522, 0.0328812, 0.044671, 0.104518, 0.10867, 0.241062, 0.297927, 0.310649, 0.341915, 0.183222, 0.184512, 0.234406, 0.258351, 0.306382, 0.449737, 1, 

142,288,0.001, 0.00932522, 0.0328812, 0.0221943, 0.0387811, 0.0589807, 0.102937, 0.106706, 0.131271, 0.134165, 0.143683, 0.197796, 0.20436, 0.226516, 0.306382, 0.449737, 1, 

146,254,0.001, 0.00932522, 0.0328812, 0.0387811, 0.0589807, 0.102937, 0.157142, 0.16275, 0.165962, 0.183222, 0.184512, 0.234406, 0.258351, 0.306382, 0.449737, 1, 

Generation #34
130,328,0.001, 0.00932522, 0.0328812, 0.044671, 0.104518, 0.10867, 0.0174923, 0.157142, 0.16275, 0.165962, 0.183222, 0.184512, 0.234406, 0.258351, 0.306382, 0.449737, 1, 

138,290,0.001, 0.00932522, 0.0211981, 0.0387811, 0.0589807, 0.102937, 0.106706, 0.131271, 0.131271, 0.134165, 0.143683, 0.164623, 0.226516, 0.240726, 1, 

136,309,0.001, 0.0105193, 0.0211981, 0.0387811, 0.0589807, 0.102563, 0.117093, 0.131271, 0.134165, 0.176808, 0.197796, 0.20436, 0.0559183, 0.226516, 0.240726, 1, 

144,287,0.001, 0.00932522, 0.0328812, 0.0387811, 0.0589807, 0.102937, 0.0174923, 0.157142, 0.16275, 0.165962, 0.183222, 0.184512, 0.234406, 0.258351, 0.306382, 0.449737, 1, 

145,269,0.001, 0.0177883, 0.0203913, 0.0387811, 0.0589807, 0.102937, 0.106706, 0.106706, 0.131271, 0.134165, 0.164623, 0.197796, 0.20436, 0.226516, 0.240726, 1, 

184,237,0.001, 0.00932522, 0.0328812, 0.044671, 0.104518, 0.10867, 0.241062, 0.297927, 0.310649, 0.341915, 0.183222, 0.184512, 0.234406, 0.258351, 0.306382, 0.449737, 1, 

142,288,0.001, 0.00932522, 0.0328812, 0.0221943, 0.0387811, 0.0589807, 0.102937, 0.106706, 0.131271, 0.134165, 0.143683, 0.197796, 0.20436, 0.226516, 0.306382, 0.449737, 1, 

146,254,0.001, 0.00932522, 0.0328812, 0.0387811, 0.0589807, 0.102937, 0.157142, 0.16275, 0.165962, 0.183222, 0.184512, 0.234406, 0.258351, 0.306382, 0.449737, 1, 

Generation #35
130,328,0.001, 0.00932522, 0.0328812, 0.044671, 0.104518, 0.10867, 0.0174923, 0.157142, 0.16275, 0.165962, 0.183222, 0.184512, 0.234406, 0.258351, 0.306382, 0.449737, 1, 

138,290,0.001, 0.00932522, 0.0211981, 0.0387811, 0.0589807, 0.102937, 0.106706, 0.131271, 0.131271, 0.134165, 0.143683, 0.164623, 0.226516, 0.240726, 1, 

136,309,0.001, 0.0105193, 0.0211981, 0.0387811, 0.0589807, 0.102563, 0.117093, 0.131271, 0.134165, 0.176808, 0.197796, 0.20436, 0.0559183, 0.226516, 0.240726, 1, 

144,287,0.001, 0.00932522, 0.0328812, 0.0387811, 0.0589807, 0.102937, 0.0174923, 0.157142, 0.16275, 0.165962, 0.183222, 0.184512, 0.234406, 0.258351, 0.306382, 0.449737, 1, 

145,269,0.001, 0.0177883, 0.0203913, 0.0387811, 0.0589807, 0.102937, 0.106706, 0.106706, 0.131271, 0.134165, 0.164623, 0.197796, 0.20436, 0.226516, 0.240726, 1, 

184,237,0.001, 0.00932522, 0.0328812, 0.044671, 0.104518, 0.10867, 0.241062, 0.297927, 0.310649, 0.341915, 0.183222, 0.184512, 0.234406, 0.258351, 0.306382, 0.449737, 1, 

142,288,0.001, 0.00932522, 0.0328812, 0.0221943, 0.0387811, 0.0589807, 0.102937, 0.106706, 0.131271, 0.134165, 0.143683, 0.197796, 0.20436, 0.226516, 0.306382, 0.449737, 1, 

146,254,0.001, 0.00932522, 0.0328812, 0.0387811, 0.0589807, 0.102937, 0.157142, 0.16275, 0.165962, 0.183222, 0.184512, 0.234406, 0.258351, 0.306382, 0.449737, 1, 

Generation #36
130,328,0.001, 0.00932522, 0.0328812, 0.044671, 0.104518, 0.10867, 0.0174923, 0.157142, 0.16275, 0.165962, 0.183222, 0.184512, 0.234406, 0.258351, 0.306382, 0.449737, 1, 

138,290,0.001, 0.00932522, 0.0211981, 0.0387811, 0.0589807, 0.102937, 0.106706, 0.131271, 0.131271, 0.134165, 0.143683, 0.164623, 0.226516, 0.240726, 1, 

136,309,0.001, 0.0105193, 0.0211981, 0.0387811, 0.0589807, 0.102563, 0.117093, 0.131271, 0.134165, 0.176808, 0.197796, 0.20436, 0.0559183, 0.226516, 0.240726, 1, 

144,287,0.001, 0.00932522, 0.0328812, 0.0387811, 0.0589807, 0.102937, 0.0174923, 0.157142, 0.16275, 0.165962, 0.183222, 0.184512, 0.234406, 0.258351, 0.306382, 0.449737, 1, 

145,269,0.001, 0.0177883, 0.0203913, 0.0387811, 0.0589807, 0.102937, 0.106706, 0.106706, 0.131271, 0.134165, 0.164623, 0.197796, 0.20436, 0.226516, 0.240726, 1, 

184,237,0.001, 0.00932522, 0.0328812, 0.044671, 0.104518, 0.10867, 0.241062, 0.297927, 0.310649, 0.341915, 0.183222, 0.184512, 0.234406, 0.258351, 0.306382, 0.449737, 1, 

142,288,0.001, 0.00932522, 0.0328812, 0.0221943, 0.0387811, 0.0589807, 0.102937, 0.106706, 0.131271, 0.134165, 0.143683, 0.197796, 0.20436, 0.226516, 0.306382, 0.449737, 1, 

146,254,0.001, 0.00932522, 0.0328812, 0.0387811, 0.0589807, 0.102937, 0.157142, 0.16275, 0.165962, 0.183222, 0.184512, 0.234406, 0.258351, 0.306382, 0.449737, 1, 

Generation #37
130,328,0.001, 0.00932522, 0.0328812, 0.044671, 0.104518, 0.10867, 0.0174923, 0.157142, 0.16275, 0.165962, 0.183222, 0.184512, 0.234406, 0.258351, 0.306382, 0.449737, 1, 

138,290,0.001, 0.00932522, 0.0211981, 0.0387811, 0.0589807, 0.102937, 0.106706, 0.131271, 0.131271, 0.134165, 0.143683, 0.164623, 0.226516, 0.240726, 1, 

136,309,0.001, 0.0105193, 0.0211981, 0.0387811, 0.0589807, 0.102563, 0.117093, 0.131271, 0.134165, 0.176808, 0.197796, 0.20436, 0.0559183, 0.226516, 0.240726, 1, 

144,287,0.001, 0.00932522, 0.0328812, 0.0387811, 0.0589807, 0.102937, 0.0174923, 0.157142, 0.16275, 0.165962, 0.183222, 0.184512, 0.234406, 0.258351, 0.306382, 0.449737, 1, 

145,269,0.001, 0.0177883, 0.0203913, 0.0387811, 0.0589807, 0.102937, 0.106706, 0.106706, 0.131271, 0.134165, 0.164623, 0.197796, 0.20436, 0.226516, 0.240726, 1, 

184,237,0.001, 0.00932522, 0.0328812, 0.044671, 0.104518, 0.10867, 0.241062, 0.297927, 0.310649, 0.341915, 0.183222, 0.184512, 0.234406, 0.258351, 0.306382, 0.449737, 1, 

142,288,0.001, 0.00932522, 0.0328812, 0.0221943, 0.0387811, 0.0589807, 0.102937, 0.106706, 0.131271, 0.134165, 0.143683, 0.197796, 0.20436, 0.226516, 0.306382, 0.449737, 1, 

146,254,0.001, 0.00932522, 0.0328812, 0.0387811, 0.0589807, 0.102937, 0.157142, 0.16275, 0.165962, 0.183222, 0.184512, 0.234406, 0.258351, 0.306382, 0.449737, 1, 

Generation #38
130,328,0.001, 0.00932522, 0.0328812, 0.044671, 0.104518, 0.10867, 0.0174923, 0.157142, 0.16275, 0.165962, 0.183222, 0.184512, 0.234406, 0.258351, 0.306382, 0.449737, 1, 

138,290,0.001, 0.00932522, 0.0211981, 0.0387811, 0.0589807, 0.102937, 0.106706, 0.131271, 0.131271, 0.134165, 0.143683, 0.164623, 0.226516, 0.240726, 1, 

136,309,0.001, 0.0105193, 0.0211981, 0.0387811, 0.0589807, 0.102563, 0.117093, 0.131271, 0.134165, 0.176808, 0.197796, 0.20436, 0.0559183, 0.226516, 0.240726, 1, 

144,287,0.001, 0.00932522, 0.0328812, 0.0387811, 0.0589807, 0.102937, 0.0174923, 0.157142, 0.16275, 0.165962, 0.183222, 0.184512, 0.234406, 0.258351, 0.306382, 0.449737, 1, 

145,269,0.001, 0.0177883, 0.0203913, 0.0387811, 0.0589807, 0.102937, 0.106706, 0.106706, 0.131271, 0.134165, 0.164623, 0.197796, 0.20436, 0.226516, 0.240726, 1, 

184,237,0.001, 0.00932522, 0.0328812, 0.044671, 0.104518, 0.10867, 0.241062, 0.297927, 0.310649, 0.341915, 0.183222, 0.184512, 0.234406, 0.258351, 0.306382, 0.449737, 1, 

142,288,0.001, 0.00932522, 0.0328812, 0.0221943, 0.0387811, 0.0589807, 0.102937, 0.106706, 0.131271, 0.134165, 0.143683, 0.197796, 0.20436, 0.226516, 0.306382, 0.449737, 1, 

146,254,0.001, 0.00932522, 0.0328812, 0.0387811, 0.0589807, 0.102937, 0.157142, 0.16275, 0.165962, 0.183222, 0.184512, 0.234406, 0.258351, 0.306382, 0.449737, 1, 

Generation #39
130,328,0.001, 0.00932522, 0.0328812, 0.044671, 0.104518, 0.10867, 0.0174923, 0.157142, 0.16275, 0.165962, 0.183222, 0.184512, 0.234406, 0.258351, 0.306382, 0.449737, 1, 

138,290,0.001, 0.00932522, 0.0211981, 0.0387811, 0.0589807, 0.102937, 0.106706, 0.131271, 0.131271, 0.134165, 0.143683, 0.164623, 0.226516, 0.240726, 1, 

136,309,0.001, 0.0105193, 0.0211981, 0.0387811, 0.0589807, 0.102563, 0.117093, 0.131271, 0.134165, 0.176808, 0.197796, 0.20436, 0.0559183, 0.226516, 0.240726, 1, 

144,287,0.001, 0.00932522, 0.0328812, 0.0387811, 0.0589807, 0.102937, 0.0174923, 0.157142, 0.16275, 0.165962, 0.183222, 0.184512, 0.234406, 0.258351, 0.306382, 0.449737, 1, 

145,269,0.001, 0.0177883, 0.0203913, 0.0387811, 0.0589807, 0.102937, 0.106706, 0.106706, 0.131271, 0.134165, 0.164623, 0.197796, 0.20436, 0.226516, 0.240726, 1, 

142,288,0.001, 0.00932522, 0.0328812, 0.0221943, 0.0387811, 0.0589807, 0.102937, 0.106706, 0.131271, 0.134165, 0.143683, 0.197796, 0.20436, 0.226516, 0.306382, 0.449737, 1, 

146,254,0.001, 0.00932522, 0.0328812, 0.0387811, 0.0589807, 0.102937, 0.157142, 0.16275, 0.165962, 0.183222, 0.184512, 0.234406, 0.258351, 0.306382, 0.449737, 1, 

163,228,0.001, 0.0177883, 0.0203913, 0.0387811, 0.0589807, 0.102937, 0.106706, 0.106706, 0.131271, 0.134165, 0.164623, 0.197796, 0.20436, 0.226516, 0.594074, 0.240726, 1, 

Generation #40
130,328,0.001, 0.00932522, 0.0328812, 0.044671, 0.104518, 0.10867, 0.0174923, 0.157142, 0.16275, 0.165962, 0.183222, 0.184512, 0.234406, 0.258351, 0.306382, 0.449737, 1, 

138,290,0.001, 0.00932522, 0.0211981, 0.0387811, 0.0589807, 0.102937, 0.106706, 0.131271, 0.131271, 0.134165, 0.143683, 0.164623, 0.226516, 0.240726, 1, 

136,309,0.001, 0.0105193, 0.0211981, 0.0387811, 0.0589807, 0.102563, 0.117093, 0.131271, 0.134165, 0.176808, 0.197796, 0.20436, 0.0559183, 0.226516, 0.240726, 1, 

144,287,0.001, 0.00932522, 0.0328812, 0.0387811, 0.0589807, 0.102937, 0.0174923, 0.157142, 0.16275, 0.165962, 0.183222, 0.184512, 0.234406, 0.258351, 0.306382, 0.449737, 1, 

145,269,0.001, 0.0177883, 0.0203913, 0.0387811, 0.0589807, 0.102937, 0.106706, 0.106706, 0.131271, 0.134165, 0.164623, 0.197796, 0.20436, 0.226516, 0.240726, 1, 

142,288,0.001, 0.00932522, 0.0328812, 0.0221943, 0.0387811, 0.0589807, 0.102937, 0.106706, 0.131271, 0.134165, 0.143683, 0.197796, 0.20436, 0.226516, 0.306382, 0.449737, 1, 

146,254,0.001, 0.00932522, 0.0328812, 0.0387811, 0.0589807, 0.102937, 0.157142, 0.16275, 0.165962, 0.183222, 0.184512, 0.234406, 0.258351, 0.306382, 0.449737, 1, 

163,228,0.001, 0.0177883, 0.0203913, 0.0387811, 0.0589807, 0.102937, 0.106706, 0.106706, 0.131271, 0.134165, 0.164623, 0.197796, 0.20436, 0.226516, 0.594074, 0.240726, 1, 

Generation #41
130,328,0.001, 0.00932522, 0.0328812, 0.044671, 0.104518, 0.10867, 0.0174923, 0.157142, 0.16275, 0.165962, 0.183222, 0.184512, 0.234406, 0.258351, 0.306382, 0.449737, 1, 

138,290,0.001, 0.00932522, 0.0211981, 0.0387811, 0.0589807, 0.102937, 0.106706, 0.131271, 0.131271, 0.134165, 0.143683, 0.164623, 0.226516, 0.240726, 1, 

136,309,0.001, 0.0105193, 0.0211981, 0.0387811, 0.0589807, 0.102563, 0.117093, 0.131271, 0.134165, 0.176808, 0.197796, 0.20436, 0.0559183, 0.226516, 0.240726, 1, 

144,287,0.001, 0.00932522, 0.0328812, 0.0387811, 0.0589807, 0.102937, 0.0174923, 0.157142, 0.16275, 0.165962, 0.183222, 0.184512, 0.234406, 0.258351, 0.306382, 0.449737, 1, 

145,269,0.001, 0.0177883, 0.0203913, 0.0387811, 0.0589807, 0.102937, 0.106706, 0.106706, 0.131271, 0.134165, 0.164623, 0.197796, 0.20436, 0.226516, 0.240726, 1, 

142,288,0.001, 0.00932522, 0.0328812, 0.0221943, 0.0387811, 0.0589807, 0.102937, 0.106706, 0.131271, 0.134165, 0.143683, 0.197796, 0.20436, 0.226516, 0.306382, 0.449737, 1, 

146,254,0.001, 0.00932522, 0.0328812, 0.0387811, 0.0589807, 0.102937, 0.157142, 0.16275, 0.165962, 0.183222, 0.184512, 0.234406, 0.258351, 0.306382, 0.449737, 1, 

163,228,0.001, 0.0177883, 0.0203913, 0.0387811, 0.0589807, 0.102937, 0.106706, 0.106706, 0.131271, 0.134165, 0.164623, 0.197796, 0.20436, 0.226516, 0.594074, 0.240726, 1, 

Generation #42
130,328,0.001, 0.00932522, 0.0328812, 0.044671, 0.104518, 0.10867, 0.0174923, 0.157142, 0.16275, 0.165962, 0.183222, 0.184512, 0.234406, 0.258351, 0.306382, 0.449737, 1, 

138,290,0.001, 0.00932522, 0.0211981, 0.0387811, 0.0589807, 0.102937, 0.106706, 0.131271, 0.131271, 0.134165, 0.143683, 0.164623, 0.226516, 0.240726, 1, 

136,309,0.001, 0.0105193, 0.0211981, 0.0387811, 0.0589807, 0.102563, 0.117093, 0.131271, 0.134165, 0.176808, 0.197796, 0.20436, 0.0559183, 0.226516, 0.240726, 1, 

144,287,0.001, 0.00932522, 0.0328812, 0.0387811, 0.0589807, 0.102937, 0.0174923, 0.157142, 0.16275, 0.165962, 0.183222, 0.184512, 0.234406, 0.258351, 0.306382, 0.449737, 1, 

145,269,0.001, 0.0177883, 0.0203913, 0.0387811, 0.0589807, 0.102937, 0.106706, 0.106706, 0.131271, 0.134165, 0.164623, 0.197796, 0.20436, 0.226516, 0.240726, 1, 

142,288,0.001, 0.00932522, 0.0328812, 0.0221943, 0.0387811, 0.0589807, 0.102937, 0.106706, 0.131271, 0.134165, 0.143683, 0.197796, 0.20436, 0.226516, 0.306382, 0.449737, 1, 

146,254,0.001, 0.00932522, 0.0328812, 0.0387811, 0.0589807, 0.102937, 0.157142, 0.16275, 0.165962, 0.183222, 0.184512, 0.234406, 0.258351, 0.306382, 0.449737, 1, 

163,228,0.001, 0.0177883, 0.0203913, 0.0387811, 0.0589807, 0.102937, 0.106706, 0.106706, 0.131271, 0.134165, 0.164623, 0.197796, 0.20436, 0.226516, 0.594074, 0.240726, 1, 

137,298,0.001, 0.0318585, 0.0211981, 0.0394441, 0.0387811, 0.0589807, 0.102937, 0.106706, 0.131271, 0.134165, 0.143683, 0.164623, 0.197796, 0.20436, 0.226516, 0.240726, 0.286346, 0.292213, 0.301196, 0.3302, 0.764362, 0.873473, 0.942186, 1, 

Generation #43
130,328,0.001, 0.00932522, 0.0328812, 0.044671, 0.104518, 0.10867, 0.0174923, 0.157142, 0.16275, 0.165962, 0.183222, 0.184512, 0.234406, 0.258351, 0.306382, 0.449737, 1, 

138,290,0.001, 0.00932522, 0.0211981, 0.0387811, 0.0589807, 0.102937, 0.106706, 0.131271, 0.131271, 0.134165, 0.143683, 0.164623, 0.226516, 0.240726, 1, 

136,309,0.001, 0.0105193, 0.0211981, 0.0387811, 0.0589807, 0.102563, 0.117093, 0.131271, 0.134165, 0.176808, 0.197796, 0.20436, 0.0559183, 0.226516, 0.240726, 1, 

144,287,0.001, 0.00932522, 0.0328812, 0.0387811, 0.0589807, 0.102937, 0.0174923, 0.157142, 0.16275, 0.165962, 0.183222, 0.184512, 0.234406, 0.258351, 0.306382, 0.449737, 1, 

145,269,0.001, 0.0177883, 0.0203913, 0.0387811, 0.0589807, 0.102937, 0.106706, 0.106706, 0.131271, 0.134165, 0.164623, 0.197796, 0.20436, 0.226516, 0.240726, 1, 

142,288,0.001, 0.00932522, 0.0328812, 0.0221943, 0.0387811, 0.0589807, 0.102937, 0.106706, 0.131271, 0.134165, 0.143683, 0.197796, 0.20436, 0.226516, 0.306382, 0.449737, 1, 

146,254,0.001, 0.00932522, 0.0328812, 0.0387811, 0.0589807, 0.102937, 0.157142, 0.16275, 0.165962, 0.183222, 0.184512, 0.234406, 0.258351, 0.306382, 0.449737, 1, 

163,228,0.001, 0.0177883, 0.0203913, 0.0387811, 0.0589807, 0.102937, 0.106706, 0.106706, 0.131271, 0.134165, 0.164623, 0.197796, 0.20436, 0.226516, 0.594074, 0.240726, 1, 

137,298,0.001, 0.0318585, 0.0211981, 0.0394441, 0.0387811, 0.0589807, 0.102937, 0.106706, 0.131271, 0.134165, 0.143683, 0.164623, 0.197796, 0.20436, 0.226516, 0.240726, 0.286346, 0.292213, 0.301196, 0.3302, 0.764362, 0.873473, 0.942186, 1, 

Generation #44
130,328,0.001, 0.00932522, 0.0328812, 0.044671, 0.104518, 0.10867, 0.0174923, 0.157142, 0.16275, 0.165962, 0.183222, 0.184512, 0.234406, 0.258351, 0.306382, 0.449737, 1, 

138,290,0.001, 0.00932522, 0.0211981, 0.0387811, 0.0589807, 0.102937, 0.106706, 0.131271, 0.131271, 0.134165, 0.143683, 0.164623, 0.226516, 0.240726, 1, 

136,309,0.001, 0.0105193, 0.0211981, 0.0387811, 0.0589807, 0.102563, 0.117093, 0.131271, 0.134165, 0.176808, 0.197796, 0.20436, 0.0559183, 0.226516, 0.240726, 1, 

142,288,0.001, 0.00932522, 0.0328812, 0.0221943, 0.0387811, 0.0589807, 0.102937, 0.106706, 0.131271, 0.134165, 0.143683, 0.197796, 0.20436, 0.226516, 0.306382, 0.449737, 1, 

146,254,0.001, 0.00932522, 0.0328812, 0.0387811, 0.0589807, 0.102937, 0.157142, 0.16275, 0.165962, 0.183222, 0.184512, 0.234406, 0.258351, 0.306382, 0.449737, 1, 

163,228,0.001, 0.0177883, 0.0203913, 0.0387811, 0.0589807, 0.102937, 0.106706, 0.106706, 0.131271, 0.134165, 0.164623, 0.197796, 0.20436, 0.226516, 0.594074, 0.240726, 1, 

137,298,0.001, 0.0318585, 0.0211981, 0.0394441, 0.0387811, 0.0589807, 0.102937, 0.106706, 0.131271, 0.134165, 0.143683, 0.164623, 0.197796, 0.20436, 0.226516, 0.240726, 0.286346, 0.292213, 0.301196, 0.3302, 0.764362, 0.873473, 0.942186, 1, 

153,244,0.001, 0.00932522, 0.0328812, 0.0221943, 0.0387811, 0.0589807, 0.102937, 0.106706, 0.131271, 0.134165, 0.143683, 0.197796, 0.20436, 0.226516, 0.306382, 0.449737, 1, 

134,327,0.001, 0.00932522, 0.0328812, 0.0221943, 0.0387811, 0.0589807, 0.102937, 0.106706, 0.131271, 0.134165, 0.143683, 0.164623, 0.226516, 0.240726, 1, 

144,258,0.001, 0.00932522, 0.0328812, 0.0221943, 0.0387811, 0.0589807, 0.102937, 0.106706, 0.131271, 0.134165, 0.143683, 0.164623, 0.234406, 0.258351, 0.306382, 0.449737, 1, 

Generation #45
130,328,0.001, 0.00932522, 0.0328812, 0.044671, 0.104518, 0.10867, 0.0174923, 0.157142, 0.16275, 0.165962, 0.183222, 0.184512, 0.234406, 0.258351, 0.306382, 0.449737, 1, 

138,290,0.001, 0.00932522, 0.0211981, 0.0387811, 0.0589807, 0.102937, 0.106706, 0.131271, 0.131271, 0.134165, 0.143683, 0.164623, 0.226516, 0.240726, 1, 

136,309,0.001, 0.0105193, 0.0211981, 0.0387811, 0.0589807, 0.102563, 0.117093, 0.131271, 0.134165, 0.176808, 0.197796, 0.20436, 0.0559183, 0.226516, 0.240726, 1, 

142,288,0.001, 0.00932522, 0.0328812, 0.0221943, 0.0387811, 0.0589807, 0.102937, 0.106706, 0.131271, 0.134165, 0.143683, 0.197796, 0.20436, 0.226516, 0.306382, 0.449737, 1, 

146,254,0.001, 0.00932522, 0.0328812, 0.0387811, 0.0589807, 0.102937, 0.157142, 0.16275, 0.165962, 0.183222, 0.184512, 0.234406, 0.258351, 0.306382, 0.449737, 1, 

163,228,0.001, 0.0177883, 0.0203913, 0.0387811, 0.0589807, 0.102937, 0.106706, 0.106706, 0.131271, 0.134165, 0.164623, 0.197796, 0.20436, 0.226516, 0.594074, 0.240726, 1, 

137,298,0.001, 0.0318585, 0.0211981, 0.0394441, 0.0387811, 0.0589807, 0.102937, 0.106706, 0.131271, 0.134165, 0.143683, 0.164623, 0.197796, 0.20436, 0.226516, 0.240726, 0.286346, 0.292213, 0.301196, 0.3302, 0.764362, 0.873473, 0.942186, 1, 

153,244,0.001, 0.00932522, 0.0328812, 0.0221943, 0.0387811, 0.0589807, 0.102937, 0.106706, 0.131271, 0.134165, 0.143683, 0.197796, 0.20436, 0.226516, 0.306382, 0.449737, 1, 

134,327,0.001, 0.00932522, 0.0328812, 0.0221943, 0.0387811, 0.0589807, 0.102937, 0.106706, 0.131271, 0.134165, 0.143683, 0.164623, 0.226516, 0.240726, 1, 

144,258,0.001, 0.00932522, 0.0328812, 0.0221943, 0.0387811, 0.0589807, 0.102937, 0.106706, 0.131271, 0.134165, 0.143683, 0.164623, 0.234406, 0.258351, 0.306382, 0.449737, 1, 

Generation #46
130,328,0.001, 0.00932522, 0.0328812, 0.044671, 0.104518, 0.10867, 0.0174923, 0.157142, 0.16275, 0.165962, 0.183222, 0.184512, 0.234406, 0.258351, 0.306382, 0.449737, 1, 

138,290,0.001, 0.00932522, 0.0211981, 0.0387811, 0.0589807, 0.102937, 0.106706, 0.131271, 0.131271, 0.134165, 0.143683, 0.164623, 0.226516, 0.240726, 1, 

136,309,0.001, 0.0105193, 0.0211981, 0.0387811, 0.0589807, 0.102563, 0.117093, 0.131271, 0.134165, 0.176808, 0.197796, 0.20436, 0.0559183, 0.226516, 0.240726, 1, 

142,288,0.001, 0.00932522, 0.0328812, 0.0221943, 0.0387811, 0.0589807, 0.102937, 0.106706, 0.131271, 0.134165, 0.143683, 0.197796, 0.20436, 0.226516, 0.306382, 0.449737, 1, 

146,254,0.001, 0.00932522, 0.0328812, 0.0387811, 0.0589807, 0.102937, 0.157142, 0.16275, 0.165962, 0.183222, 0.184512, 0.234406, 0.258351, 0.306382, 0.449737, 1, 

163,228,0.001, 0.0177883, 0.0203913, 0.0387811, 0.0589807, 0.102937, 0.106706, 0.106706, 0.131271, 0.134165, 0.164623, 0.197796, 0.20436, 0.226516, 0.594074, 0.240726, 1, 

137,298,0.001, 0.0318585, 0.0211981, 0.0394441, 0.0387811, 0.0589807, 0.102937, 0.106706, 0.131271, 0.134165, 0.143683, 0.164623, 0.197796, 0.20436, 0.226516, 0.240726, 0.286346, 0.292213, 0.301196, 0.3302, 0.764362, 0.873473, 0.942186, 1, 

153,244,0.001, 0.00932522, 0.0328812, 0.0221943, 0.0387811, 0.0589807, 0.102937, 0.106706, 0.131271, 0.134165, 0.143683, 0.197796, 0.20436, 0.226516, 0.306382, 0.449737, 1, 

134,327,0.001, 0.00932522, 0.0328812, 0.0221943, 0.0387811, 0.0589807, 0.102937, 0.106706, 0.131271, 0.134165, 0.143683, 0.164623, 0.226516, 0.240726, 1, 

144,258,0.001, 0.00932522, 0.0328812, 0.0221943, 0.0387811, 0.0589807, 0.102937, 0.106706, 0.131271, 0.134165, 0.143683, 0.164623, 0.234406, 0.258351, 0.306382, 0.449737, 1, 

Generation #47
130,328,0.001, 0.00932522, 0.0328812, 0.044671, 0.104518, 0.10867, 0.0174923, 0.157142, 0.16275, 0.165962, 0.183222, 0.184512, 0.234406, 0.258351, 0.306382, 0.449737, 1, 

138,290,0.001, 0.00932522, 0.0211981, 0.0387811, 0.0589807, 0.102937, 0.106706, 0.131271, 0.131271, 0.134165, 0.143683, 0.164623, 0.226516, 0.240726, 1, 

136,309,0.001, 0.0105193, 0.0211981, 0.0387811, 0.0589807, 0.102563, 0.117093, 0.131271, 0.134165, 0.176808, 0.197796, 0.20436, 0.0559183, 0.226516, 0.240726, 1, 

142,288,0.001, 0.00932522, 0.0328812, 0.0221943, 0.0387811, 0.0589807, 0.102937, 0.106706, 0.131271, 0.134165, 0.143683, 0.197796, 0.20436, 0.226516, 0.306382, 0.449737, 1, 

146,254,0.001, 0.00932522, 0.0328812, 0.0387811, 0.0589807, 0.102937, 0.157142, 0.16275, 0.165962, 0.183222, 0.184512, 0.234406, 0.258351, 0.306382, 0.449737, 1, 

163,228,0.001, 0.0177883, 0.0203913, 0.0387811, 0.0589807, 0.102937, 0.106706, 0.106706, 0.131271, 0.134165, 0.164623, 0.197796, 0.20436, 0.226516, 0.594074, 0.240726, 1, 

137,298,0.001, 0.0318585, 0.0211981, 0.0394441, 0.0387811, 0.0589807, 0.102937, 0.106706, 0.131271, 0.134165, 0.143683, 0.164623, 0.197796, 0.20436, 0.226516, 0.240726, 0.286346, 0.292213, 0.301196, 0.3302, 0.764362, 0.873473, 0.942186, 1, 

153,244,0.001, 0.00932522, 0.0328812, 0.0221943, 0.0387811, 0.0589807, 0.102937, 0.106706, 0.131271, 0.134165, 0.143683, 0.197796, 0.20436, 0.226516, 0.306382, 0.449737, 1, 

134,327,0.001, 0.00932522, 0.0328812, 0.0221943, 0.0387811, 0.0589807, 0.102937, 0.106706, 0.131271, 0.134165, 0.143683, 0.164623, 0.226516, 0.240726, 1, 

144,258,0.001, 0.00932522, 0.0328812, 0.0221943, 0.0387811, 0.0589807, 0.102937, 0.106706, 0.131271, 0.134165, 0.143683, 0.164623, 0.234406, 0.258351, 0.306382, 0.449737, 1, 

Generation #48
130,328,0.001, 0.00932522, 0.0328812, 0.044671, 0.104518, 0.10867, 0.0174923, 0.157142, 0.16275, 0.165962, 0.183222, 0.184512, 0.234406, 0.258351, 0.306382, 0.449737, 1, 

138,290,0.001, 0.00932522, 0.0211981, 0.0387811, 0.0589807, 0.102937, 0.106706, 0.131271, 0.131271, 0.134165, 0.143683, 0.164623, 0.226516, 0.240726, 1, 

136,309,0.001, 0.0105193, 0.0211981, 0.0387811, 0.0589807, 0.102563, 0.117093, 0.131271, 0.134165, 0.176808, 0.197796, 0.20436, 0.0559183, 0.226516, 0.240726, 1, 

142,288,0.001, 0.00932522, 0.0328812, 0.0221943, 0.0387811, 0.0589807, 0.102937, 0.106706, 0.131271, 0.134165, 0.143683, 0.197796, 0.20436, 0.226516, 0.306382, 0.449737, 1, 

146,254,0.001, 0.00932522, 0.0328812, 0.0387811, 0.0589807, 0.102937, 0.157142, 0.16275, 0.165962, 0.183222, 0.184512, 0.234406, 0.258351, 0.306382, 0.449737, 1, 

163,228,0.001, 0.0177883, 0.0203913, 0.0387811, 0.0589807, 0.102937, 0.106706, 0.106706, 0.131271, 0.134165, 0.164623, 0.197796, 0.20436, 0.226516, 0.594074, 0.240726, 1, 

137,298,0.001, 0.0318585, 0.0211981, 0.0394441, 0.0387811, 0.0589807, 0.102937, 0.106706, 0.131271, 0.134165, 0.143683, 0.164623, 0.197796, 0.20436, 0.226516, 0.240726, 0.286346, 0.292213, 0.301196, 0.3302, 0.764362, 0.873473, 0.942186, 1, 

153,244,0.001, 0.00932522, 0.0328812, 0.0221943, 0.0387811, 0.0589807, 0.102937, 0.106706, 0.131271, 0.134165, 0.143683, 0.197796, 0.20436, 0.226516, 0.306382, 0.449737, 1, 

134,327,0.001, 0.00932522, 0.0328812, 0.0221943, 0.0387811, 0.0589807, 0.102937, 0.106706, 0.131271, 0.134165, 0.143683, 0.164623, 0.226516, 0.240726, 1, 

144,258,0.001, 0.00932522, 0.0328812, 0.0221943, 0.0387811, 0.0589807, 0.102937, 0.106706, 0.131271, 0.134165, 0.143683, 0.164623, 0.234406, 0.258351, 0.306382, 0.449737, 1, 

Generation #49
130,328,0.001, 0.00932522, 0.0328812, 0.044671, 0.104518, 0.10867, 0.0174923, 0.157142, 0.16275, 0.165962, 0.183222, 0.184512, 0.234406, 0.258351, 0.306382, 0.449737, 1, 

146,254,0.001, 0.00932522, 0.0328812, 0.0387811, 0.0589807, 0.102937, 0.157142, 0.16275, 0.165962, 0.183222, 0.184512, 0.234406, 0.258351, 0.306382, 0.449737, 1, 

163,228,0.001, 0.0177883, 0.0203913, 0.0387811, 0.0589807, 0.102937, 0.106706, 0.106706, 0.131271, 0.134165, 0.164623, 0.197796, 0.20436, 0.226516, 0.594074, 0.240726, 1, 

153,244,0.001, 0.00932522, 0.0328812, 0.0221943, 0.0387811, 0.0589807, 0.102937, 0.106706, 0.131271, 0.134165, 0.143683, 0.197796, 0.20436, 0.226516, 0.306382, 0.449737, 1, 

144,258,0.001, 0.00932522, 0.0328812, 0.0221943, 0.0387811, 0.0589807, 0.102937, 0.106706, 0.131271, 0.134165, 0.143683, 0.164623, 0.234406, 0.258351, 0.306382, 0.449737, 1, 

133,271,0.001, 0.00932522, 0.0328812, 0.0221943, 0.0589807, 0.102563, 0.117093, 0.131271, 0.134165, 0.176808, 0.197796, 0.20436, 0.0559183, 0.226516, 0.240726, 1, 

159,235,0.001, 0.00932522, 0.0328812, 0.0221943, 0.0387811, 0.0589807, 0.102937, 0.106706, 0.131271, 0.134165, 0.143683, 0.197796, 0.234406, 0.258351, 0.306382, 0.240726, 0.286346, 0.292213, 0.301196, 0.3302, 0.764362, 0.873473, 0.942186, 1, 

--- Pareto Front Solutions ---
Solution 0: N total=259 (N_initial=129, N_added=130), Time total=381 ms, Saved to: ./results/SPINS_t3_l2_pareto_0.csv, percents=0.001, 0.00932522, 0.0328812, 0.044671, 0.104518, 0.10867, 0.0174923, 0.157142, 0.16275, 0.165962, 0.183222, 0.184512, 0.234406, 0.258351, 0.306382, 0.449737, 1, 

Solution 1: N total=275 (N_initial=129, N_added=146), Time total=307 ms, Saved to: ./results/SPINS_t3_l2_pareto_1.csv, percents=0.001, 0.00932522, 0.0328812, 0.0387811, 0.0589807, 0.102937, 0.157142, 0.16275, 0.165962, 0.183222, 0.184512, 0.234406, 0.258351, 0.306382, 0.449737, 1, 

Solution 2: N total=292 (N_initial=129, N_added=163), Time total=281 ms, Saved to: ./results/SPINS_t3_l2_pareto_2.csv, percents=0.001, 0.0177883, 0.0203913, 0.0387811, 0.0589807, 0.102937, 0.106706, 0.106706, 0.131271, 0.134165, 0.164623, 0.197796, 0.20436, 0.226516, 0.594074, 0.240726, 1, 

Solution 3: N total=282 (N_initial=129, N_added=153), Time total=297 ms, Saved to: ./results/SPINS_t3_l2_pareto_3.csv, percents=0.001, 0.00932522, 0.0328812, 0.0221943, 0.0387811, 0.0589807, 0.102937, 0.106706, 0.131271, 0.134165, 0.143683, 0.197796, 0.20436, 0.226516, 0.306382, 0.449737, 1, 

Solution 4: N total=273 (N_initial=129, N_added=144), Time total=311 ms, Saved to: ./results/SPINS_t3_l2_pareto_4.csv, percents=0.001, 0.00932522, 0.0328812, 0.0221943, 0.0387811, 0.0589807, 0.102937, 0.106706, 0.131271, 0.134165, 0.143683, 0.164623, 0.234406, 0.258351, 0.306382, 0.449737, 1, 

Solution 5: N total=262 (N_initial=129, N_added=133), Time total=324 ms, Saved to: ./results/SPINS_t3_l2_pareto_5.csv, percents=0.001, 0.00932522, 0.0328812, 0.0221943, 0.0589807, 0.102563, 0.117093, 0.131271, 0.134165, 0.176808, 0.197796, 0.20436, 0.0559183, 0.226516, 0.240726, 1, 

Solution 6: N total=288 (N_initial=129, N_added=159), Time total=288 ms, Saved to: ./results/SPINS_t3_l2_pareto_6.csv, percents=0.001, 0.00932522, 0.0328812, 0.0221943, 0.0387811, 0.0589807, 0.102937, 0.106706, 0.131271, 0.134165, 0.143683, 0.197796, 0.234406, 0.258351, 0.306382, 0.240726, 0.286346, 0.292213, 0.301196, 0.3302, 0.764362, 0.873473, 0.942186, 1, 

------------d=1, t=3, lambda=3, filename=./evaluation/SPINS/SPINS_3_3.csv------------
Computing partitioned counts of d-sets...
Ready to look at pairs based on partitioned counts...
First Stage N=220, Time=41
There are 213 remaining non-locating pairs
--- Running GA Algorithm (phase2) ---
Running GA with std::execution::par
Generation #0
175,441,0.001, 0.0367259, 0.0906834, 0.121317, 0.226119, 0.30042, 0.304562, 0.320344, 0.354332, 0.379598, 0.485324, 0.529069, 0.610734, 0.676143, 0.712969, 0.717014, 0.728308, 0.890024, 0.904473, 0.971611, 1, 

189,248,0.001, 0.036281, 0.0465186, 0.063956, 0.0778005, 0.098978, 0.14215, 0.158642, 0.179956, 0.207289, 0.237507, 0.261195, 0.347792, 0.455283, 0.507423, 0.509753, 0.512745, 0.537168, 0.553984, 0.580009, 0.587692, 0.598734, 0.701082, 0.725509, 0.779791, 0.820544, 0.882053, 0.918368, 1, 

221,211,0.001, 0.0294746, 0.0630055, 0.0673424, 0.10627, 0.151278, 0.217877, 0.229387, 0.247224, 0.27382, 0.373923, 0.40242, 0.448159, 0.573438, 0.661774, 0.667419, 0.698559, 0.785909, 0.819172, 0.848958, 0.851893, 0.855436, 0.890844, 0.913018, 1, 

193,241,0.001, 0.0402246, 0.0739107, 0.0974694, 0.104624, 0.131922, 0.153146, 0.155497, 0.164986, 0.192021, 0.367217, 0.41316, 0.475757, 0.543421, 0.584719, 0.617202, 0.636862, 0.66138, 0.695136, 0.781549, 0.783293, 0.798402, 0.860681, 0.874876, 0.887687, 0.927443, 0.966079, 0.984216, 0.987654, 1, 

168,479,0.001, 0.213955, 0.320631, 0.361599, 0.463205, 0.492604, 0.499776, 0.645664, 0.650685, 0.719345, 0.728328, 0.852763, 0.853639, 0.966611, 1, 

219,239,0.001, 0.0265408, 0.0456835, 0.0883325, 0.0913041, 0.13222, 0.167484, 0.175608, 0.292501, 0.331762, 0.377305, 0.531301, 0.625586, 0.630198, 0.674658, 0.692174, 0.724547, 0.744295, 0.867224, 1, 

215,240,0.001, 0.044969, 0.0571263, 0.0971645, 0.12192, 0.143553, 0.176487, 0.222999, 0.237362, 0.374531, 0.408514, 0.441719, 0.461806, 0.47625, 0.476783, 0.477779, 0.492595, 0.502265, 0.554229, 0.671689, 0.833434, 0.838772, 0.869324, 0.900742, 0.927676, 0.9326, 0.939858, 0.969947, 0.97271, 0.985884, 1, 

177,314,0.001, 0.111811, 0.137898, 0.218466, 0.224543, 0.234373, 0.348136, 0.427067, 0.495828, 0.538744, 0.54756, 0.550118, 0.573483, 0.57678, 0.598223, 0.59901, 0.71194, 0.741222, 0.759944, 0.767961, 0.799146, 0.837357, 0.893077, 0.912108, 0.971412, 0.99772, 1, 

Generation #1
168,479,0.001, 0.213955, 0.320631, 0.361599, 0.463205, 0.492604, 0.499776, 0.645664, 0.650685, 0.719345, 0.728328, 0.852763, 0.853639, 0.966611, 1, 

170,182,0.001, 0.0323429, 0.0434169, 0.0539676, 0.0791319, 0.113954, 0.13905, 0.156877, 0.159408, 0.207309, 0.264681, 0.305455, 0.306184, 0.406469, 0.427413, 0.810804, 0.844234, 0.934378, 0.954534, 1, 

Generation #2
170,182,0.001, 0.0323429, 0.0434169, 0.0539676, 0.0791319, 0.113954, 0.13905, 0.156877, 0.159408, 0.207309, 0.264681, 0.305455, 0.306184, 0.406469, 0.427413, 0.810804, 0.844234, 0.934378, 0.954534, 1, 

164,219,0.001, 0.0220838, 0.0307834, 0.108935, 0.127487, 0.16429, 0.185463, 0.202872, 0.219051, 0.258287, 0.356046, 0.39596, 0.434338, 0.471846, 0.613478, 0.675142, 0.685813, 0.705019, 0.779116, 1, 

159,232,0.001, 0.0265408, 0.0456835, 0.0883325, 0.0913041, 0.13222, 0.167484, 0.175608, 0.292501, 0.331762, 0.377305, 0.531301, 0.625586, 0.967718, 1, 

Generation #3
170,182,0.001, 0.0323429, 0.0434169, 0.0539676, 0.0791319, 0.113954, 0.13905, 0.156877, 0.159408, 0.207309, 0.264681, 0.305455, 0.306184, 0.406469, 0.427413, 0.810804, 0.844234, 0.934378, 0.954534, 1, 

164,219,0.001, 0.0220838, 0.0307834, 0.108935, 0.127487, 0.16429, 0.185463, 0.202872, 0.219051, 0.258287, 0.356046, 0.39596, 0.434338, 0.471846, 0.613478, 0.675142, 0.685813, 0.705019, 0.779116, 1, 

159,232,0.001, 0.0265408, 0.0456835, 0.0883325, 0.0913041, 0.13222, 0.167484, 0.175608, 0.292501, 0.331762, 0.377305, 0.531301, 0.625586, 0.967718, 1, 

167,217,0.001, 0.044969, 0.0571263, 0.0971645, 0.12192, 0.143553, 0.176487, 0.222999, 0.374531, 0.408514, 0.529069, 0.610734, 0.676143, 0.712969, 0.717014, 0.728308, 0.890024, 0.904473, 0.971611, 1, 

171,180,0.001, 0.0214009, 0.0571263, 0.0971645, 0.12192, 0.143553, 0.176487, 0.155497, 0.164986, 0.192021, 0.367217, 0.200926, 0.475757, 0.543421, 0.584719, 0.617202, 0.66138, 0.695136, 0.781549, 0.969629, 1, 

Generation #4
170,182,0.001, 0.0323429, 0.0434169, 0.0539676, 0.0791319, 0.113954, 0.13905, 0.156877, 0.159408, 0.207309, 0.264681, 0.305455, 0.306184, 0.406469, 0.427413, 0.810804, 0.844234, 0.934378, 0.954534, 1, 

164,219,0.001, 0.0220838, 0.0307834, 0.108935, 0.127487, 0.16429, 0.185463, 0.202872, 0.219051, 0.258287, 0.356046, 0.39596, 0.434338, 0.471846, 0.613478, 0.675142, 0.685813, 0.705019, 0.779116, 1, 

159,232,0.001, 0.0265408, 0.0456835, 0.0883325, 0.0913041, 0.13222, 0.167484, 0.175608, 0.292501, 0.331762, 0.377305, 0.531301, 0.625586, 0.967718, 1, 

167,217,0.001, 0.044969, 0.0571263, 0.0971645, 0.12192, 0.143553, 0.176487, 0.222999, 0.374531, 0.408514, 0.529069, 0.610734, 0.676143, 0.712969, 0.717014, 0.728308, 0.890024, 0.904473, 0.971611, 1, 

171,180,0.001, 0.0214009, 0.0571263, 0.0971645, 0.12192, 0.143553, 0.176487, 0.155497, 0.164986, 0.192021, 0.367217, 0.200926, 0.475757, 0.543421, 0.584719, 0.617202, 0.66138, 0.695136, 0.781549, 0.969629, 1, 

Generation #5
170,182,0.001, 0.0323429, 0.0434169, 0.0539676, 0.0791319, 0.113954, 0.13905, 0.156877, 0.159408, 0.207309, 0.264681, 0.305455, 0.306184, 0.406469, 0.427413, 0.810804, 0.844234, 0.934378, 0.954534, 1, 

164,219,0.001, 0.0220838, 0.0307834, 0.108935, 0.127487, 0.16429, 0.185463, 0.202872, 0.219051, 0.258287, 0.356046, 0.39596, 0.434338, 0.471846, 0.613478, 0.675142, 0.685813, 0.705019, 0.779116, 1, 

159,232,0.001, 0.0265408, 0.0456835, 0.0883325, 0.0913041, 0.13222, 0.167484, 0.175608, 0.292501, 0.331762, 0.377305, 0.531301, 0.625586, 0.967718, 1, 

167,217,0.001, 0.044969, 0.0571263, 0.0971645, 0.12192, 0.143553, 0.176487, 0.222999, 0.374531, 0.408514, 0.529069, 0.610734, 0.676143, 0.712969, 0.717014, 0.728308, 0.890024, 0.904473, 0.971611, 1, 

171,180,0.001, 0.0214009, 0.0571263, 0.0971645, 0.12192, 0.143553, 0.176487, 0.155497, 0.164986, 0.192021, 0.367217, 0.200926, 0.475757, 0.543421, 0.584719, 0.617202, 0.66138, 0.695136, 0.781549, 0.969629, 1, 

Generation #6
170,182,0.001, 0.0323429, 0.0434169, 0.0539676, 0.0791319, 0.113954, 0.13905, 0.156877, 0.159408, 0.207309, 0.264681, 0.305455, 0.306184, 0.406469, 0.427413, 0.810804, 0.844234, 0.934378, 0.954534, 1, 

164,219,0.001, 0.0220838, 0.0307834, 0.108935, 0.127487, 0.16429, 0.185463, 0.202872, 0.219051, 0.258287, 0.356046, 0.39596, 0.434338, 0.471846, 0.613478, 0.675142, 0.685813, 0.705019, 0.779116, 1, 

159,232,0.001, 0.0265408, 0.0456835, 0.0883325, 0.0913041, 0.13222, 0.167484, 0.175608, 0.292501, 0.331762, 0.377305, 0.531301, 0.625586, 0.967718, 1, 

171,180,0.001, 0.0214009, 0.0571263, 0.0971645, 0.12192, 0.143553, 0.176487, 0.155497, 0.164986, 0.192021, 0.367217, 0.200926, 0.475757, 0.543421, 0.584719, 0.617202, 0.66138, 0.695136, 0.781549, 0.969629, 1, 

167,208,0.001, 0.0220838, 0.0475044, 0.131363, 0.152897, 0.24791, 0.270039, 0.29047, 0.159408, 0.207309, 0.264681, 0.305455, 0.47625, 0.852581, 0.903401, 0.890024, 0.904473, 0.971611, 1, 

Generation #7
137,168,0.001, 0.0294746, 0.0434169, 0.0539676, 0.0791319, 0.113954, 0.13905, 0.172191, 0.159408, 0.505257, 0.521506, 0.523563, 0.408906, 1, 

Generation #8
137,168,0.001, 0.0294746, 0.0434169, 0.0539676, 0.0791319, 0.113954, 0.13905, 0.172191, 0.159408, 0.505257, 0.521506, 0.523563, 0.408906, 1, 

Generation #9
137,168,0.001, 0.0294746, 0.0434169, 0.0539676, 0.0791319, 0.113954, 0.13905, 0.172191, 0.159408, 0.505257, 0.521506, 0.523563, 0.408906, 1, 

Generation #10
137,168,0.001, 0.0294746, 0.0434169, 0.0539676, 0.0791319, 0.113954, 0.13905, 0.172191, 0.159408, 0.505257, 0.521506, 0.523563, 0.408906, 1, 

Generation #11
137,168,0.001, 0.0294746, 0.0434169, 0.0539676, 0.0791319, 0.113954, 0.13905, 0.172191, 0.159408, 0.505257, 0.521506, 0.523563, 0.408906, 1, 

178,166,0.001, 0.0323429, 0.0434169, 0.0539676, 0.0791319, 0.113954, 0.13905, 0.156877, 0.159408, 0.207309, 0.264681, 0.305455, 0.306184, 0.406469, 0.427413, 0.456068, 0.844234, 0.934378, 0.954534, 1, 

Generation #12
137,168,0.001, 0.0294746, 0.0434169, 0.0539676, 0.0791319, 0.113954, 0.13905, 0.172191, 0.159408, 0.505257, 0.521506, 0.523563, 0.408906, 1, 

178,166,0.001, 0.0323429, 0.0434169, 0.0539676, 0.0791319, 0.113954, 0.13905, 0.156877, 0.159408, 0.207309, 0.264681, 0.305455, 0.306184, 0.406469, 0.427413, 0.456068, 0.844234, 0.934378, 0.954534, 1, 

Generation #13
137,168,0.001, 0.0294746, 0.0434169, 0.0539676, 0.0791319, 0.113954, 0.13905, 0.172191, 0.159408, 0.505257, 0.521506, 0.523563, 0.408906, 1, 

178,166,0.001, 0.0323429, 0.0434169, 0.0539676, 0.0791319, 0.113954, 0.13905, 0.156877, 0.159408, 0.207309, 0.264681, 0.305455, 0.306184, 0.406469, 0.427413, 0.456068, 0.844234, 0.934378, 0.954534, 1, 

Generation #14
137,168,0.001, 0.0294746, 0.0434169, 0.0539676, 0.0791319, 0.113954, 0.13905, 0.172191, 0.159408, 0.505257, 0.521506, 0.523563, 0.408906, 1, 

178,166,0.001, 0.0323429, 0.0434169, 0.0539676, 0.0791319, 0.113954, 0.13905, 0.156877, 0.159408, 0.207309, 0.264681, 0.305455, 0.306184, 0.406469, 0.427413, 0.456068, 0.844234, 0.934378, 0.954534, 1, 

Generation #15
137,168,0.001, 0.0294746, 0.0434169, 0.0539676, 0.0791319, 0.113954, 0.13905, 0.172191, 0.159408, 0.505257, 0.521506, 0.523563, 0.408906, 1, 

178,166,0.001, 0.0323429, 0.0434169, 0.0539676, 0.0791319, 0.113954, 0.13905, 0.156877, 0.159408, 0.207309, 0.264681, 0.305455, 0.306184, 0.406469, 0.427413, 0.456068, 0.844234, 0.934378, 0.954534, 1, 

Generation #16
137,168,0.001, 0.0294746, 0.0434169, 0.0539676, 0.0791319, 0.113954, 0.13905, 0.172191, 0.159408, 0.505257, 0.521506, 0.523563, 0.408906, 1, 

169,166,0.001, 0.0294746, 0.0434169, 0.0539676, 0.0791319, 0.113954, 0.153146, 0.155497, 0.467751, 0.505257, 0.521506, 0.523563, 0.408906, 1, 

Generation #17
137,168,0.001, 0.0294746, 0.0434169, 0.0539676, 0.0791319, 0.113954, 0.13905, 0.172191, 0.159408, 0.505257, 0.521506, 0.523563, 0.408906, 1, 

169,166,0.001, 0.0294746, 0.0434169, 0.0539676, 0.0791319, 0.113954, 0.153146, 0.155497, 0.467751, 0.505257, 0.521506, 0.523563, 0.408906, 1, 

Generation #18
137,168,0.001, 0.0294746, 0.0434169, 0.0539676, 0.0791319, 0.113954, 0.13905, 0.172191, 0.159408, 0.505257, 0.521506, 0.523563, 0.408906, 1, 

169,166,0.001, 0.0294746, 0.0434169, 0.0539676, 0.0791319, 0.113954, 0.153146, 0.155497, 0.467751, 0.505257, 0.521506, 0.523563, 0.408906, 1, 

Generation #19
137,168,0.001, 0.0294746, 0.0434169, 0.0539676, 0.0791319, 0.113954, 0.13905, 0.172191, 0.159408, 0.505257, 0.521506, 0.523563, 0.408906, 1, 

169,166,0.001, 0.0294746, 0.0434169, 0.0539676, 0.0791319, 0.113954, 0.153146, 0.155497, 0.467751, 0.505257, 0.521506, 0.523563, 0.408906, 1, 

189,153,0.0337228, 0.0434169, 0.0539676, 0.0791319, 0.113954, 0.113954, 0.13905, 0.156877, 0.159408, 0.207309, 0.0132507, 0.264681, 0.305455, 0.306184, 0.406469, 0.427413, 0.456068, 0.844234, 0.934378, 0.954534, 1, 

Generation #20
137,168,0.001, 0.0294746, 0.0434169, 0.0539676, 0.0791319, 0.113954, 0.13905, 0.172191, 0.159408, 0.505257, 0.521506, 0.523563, 0.408906, 1, 

169,166,0.001, 0.0294746, 0.0434169, 0.0539676, 0.0791319, 0.113954, 0.153146, 0.155497, 0.467751, 0.505257, 0.521506, 0.523563, 0.408906, 1, 

189,153,0.0337228, 0.0434169, 0.0539676, 0.0791319, 0.113954, 0.113954, 0.13905, 0.156877, 0.159408, 0.207309, 0.0132507, 0.264681, 0.305455, 0.306184, 0.406469, 0.427413, 0.456068, 0.844234, 0.934378, 0.954534, 1, 

Generation #21
137,168,0.001, 0.0294746, 0.0434169, 0.0539676, 0.0791319, 0.113954, 0.13905, 0.172191, 0.159408, 0.505257, 0.521506, 0.523563, 0.408906, 1, 

169,166,0.001, 0.0294746, 0.0434169, 0.0539676, 0.0791319, 0.113954, 0.153146, 0.155497, 0.467751, 0.505257, 0.521506, 0.523563, 0.408906, 1, 

189,153,0.0337228, 0.0434169, 0.0539676, 0.0791319, 0.113954, 0.113954, 0.13905, 0.156877, 0.159408, 0.207309, 0.0132507, 0.264681, 0.305455, 0.306184, 0.406469, 0.427413, 0.456068, 0.844234, 0.934378, 0.954534, 1, 

Generation #22
137,168,0.001, 0.0294746, 0.0434169, 0.0539676, 0.0791319, 0.113954, 0.13905, 0.172191, 0.159408, 0.505257, 0.521506, 0.523563, 0.408906, 1, 

169,166,0.001, 0.0294746, 0.0434169, 0.0539676, 0.0791319, 0.113954, 0.153146, 0.155497, 0.467751, 0.505257, 0.521506, 0.523563, 0.408906, 1, 

189,153,0.0337228, 0.0434169, 0.0539676, 0.0791319, 0.113954, 0.113954, 0.13905, 0.156877, 0.159408, 0.207309, 0.0132507, 0.264681, 0.305455, 0.306184, 0.406469, 0.427413, 0.456068, 0.844234, 0.934378, 0.954534, 1, 

Generation #23
137,168,0.001, 0.0294746, 0.0434169, 0.0539676, 0.0791319, 0.113954, 0.13905, 0.172191, 0.159408, 0.505257, 0.521506, 0.523563, 0.408906, 1, 

169,166,0.001, 0.0294746, 0.0434169, 0.0539676, 0.0791319, 0.113954, 0.153146, 0.155497, 0.467751, 0.505257, 0.521506, 0.523563, 0.408906, 1, 

189,153,0.0337228, 0.0434169, 0.0539676, 0.0791319, 0.113954, 0.113954, 0.13905, 0.156877, 0.159408, 0.207309, 0.0132507, 0.264681, 0.305455, 0.306184, 0.406469, 0.427413, 0.456068, 0.844234, 0.934378, 0.954534, 1, 

Generation #24
137,168,0.001, 0.0294746, 0.0434169, 0.0539676, 0.0791319, 0.113954, 0.13905, 0.172191, 0.159408, 0.505257, 0.521506, 0.523563, 0.408906, 1, 

169,166,0.001, 0.0294746, 0.0434169, 0.0539676, 0.0791319, 0.113954, 0.153146, 0.155497, 0.467751, 0.505257, 0.521506, 0.523563, 0.408906, 1, 

189,153,0.0337228, 0.0434169, 0.0539676, 0.0791319, 0.113954, 0.113954, 0.13905, 0.156877, 0.159408, 0.207309, 0.0132507, 0.264681, 0.305455, 0.306184, 0.406469, 0.427413, 0.456068, 0.844234, 0.934378, 0.954534, 1, 

Generation #25
137,168,0.001, 0.0294746, 0.0434169, 0.0539676, 0.0791319, 0.113954, 0.13905, 0.172191, 0.159408, 0.505257, 0.521506, 0.523563, 0.408906, 1, 

169,166,0.001, 0.0294746, 0.0434169, 0.0539676, 0.0791319, 0.113954, 0.153146, 0.155497, 0.467751, 0.505257, 0.521506, 0.523563, 0.408906, 1, 

189,153,0.0337228, 0.0434169, 0.0539676, 0.0791319, 0.113954, 0.113954, 0.13905, 0.156877, 0.159408, 0.207309, 0.0132507, 0.264681, 0.305455, 0.306184, 0.406469, 0.427413, 0.456068, 0.844234, 0.934378, 0.954534, 1, 

Generation #26
137,168,0.001, 0.0294746, 0.0434169, 0.0539676, 0.0791319, 0.113954, 0.13905, 0.172191, 0.159408, 0.505257, 0.521506, 0.523563, 0.408906, 1, 

169,166,0.001, 0.0294746, 0.0434169, 0.0539676, 0.0791319, 0.113954, 0.153146, 0.155497, 0.467751, 0.505257, 0.521506, 0.523563, 0.408906, 1, 

189,153,0.0337228, 0.0434169, 0.0539676, 0.0791319, 0.113954, 0.113954, 0.13905, 0.156877, 0.159408, 0.207309, 0.0132507, 0.264681, 0.305455, 0.306184, 0.406469, 0.427413, 0.456068, 0.844234, 0.934378, 0.954534, 1, 

Generation #27
137,168,0.001, 0.0294746, 0.0434169, 0.0539676, 0.0791319, 0.113954, 0.13905, 0.172191, 0.159408, 0.505257, 0.521506, 0.523563, 0.408906, 1, 

169,166,0.001, 0.0294746, 0.0434169, 0.0539676, 0.0791319, 0.113954, 0.153146, 0.155497, 0.467751, 0.505257, 0.521506, 0.523563, 0.408906, 1, 

189,153,0.0337228, 0.0434169, 0.0539676, 0.0791319, 0.113954, 0.113954, 0.13905, 0.156877, 0.159408, 0.207309, 0.0132507, 0.264681, 0.305455, 0.306184, 0.406469, 0.427413, 0.456068, 0.844234, 0.934378, 0.954534, 1, 

Generation #28
137,168,0.001, 0.0294746, 0.0434169, 0.0539676, 0.0791319, 0.113954, 0.13905, 0.172191, 0.159408, 0.505257, 0.521506, 0.523563, 0.408906, 1, 

169,166,0.001, 0.0294746, 0.0434169, 0.0539676, 0.0791319, 0.113954, 0.153146, 0.155497, 0.467751, 0.505257, 0.521506, 0.523563, 0.408906, 1, 

189,153,0.0337228, 0.0434169, 0.0539676, 0.0791319, 0.113954, 0.113954, 0.13905, 0.156877, 0.159408, 0.207309, 0.0132507, 0.264681, 0.305455, 0.306184, 0.406469, 0.427413, 0.456068, 0.844234, 0.934378, 0.954534, 1, 

Generation #29
137,168,0.001, 0.0294746, 0.0434169, 0.0539676, 0.0791319, 0.113954, 0.13905, 0.172191, 0.159408, 0.505257, 0.521506, 0.523563, 0.408906, 1, 

169,166,0.001, 0.0294746, 0.0434169, 0.0539676, 0.0791319, 0.113954, 0.153146, 0.155497, 0.467751, 0.505257, 0.521506, 0.523563, 0.408906, 1, 

189,153,0.0337228, 0.0434169, 0.0539676, 0.0791319, 0.113954, 0.113954, 0.13905, 0.156877, 0.159408, 0.207309, 0.0132507, 0.264681, 0.305455, 0.306184, 0.406469, 0.427413, 0.456068, 0.844234, 0.934378, 0.954534, 1, 

Generation #30
137,168,0.001, 0.0294746, 0.0434169, 0.0539676, 0.0791319, 0.113954, 0.13905, 0.172191, 0.159408, 0.505257, 0.521506, 0.523563, 0.408906, 1, 

189,153,0.0337228, 0.0434169, 0.0539676, 0.0791319, 0.113954, 0.113954, 0.13905, 0.156877, 0.159408, 0.207309, 0.0132507, 0.264681, 0.305455, 0.306184, 0.406469, 0.427413, 0.456068, 0.844234, 0.934378, 0.954534, 1, 

166,154,0.001, 0.0323429, 0.0434169, 0.0539676, 0.0791319, 0.113954, 0.13905, 0.156877, 0.159408, 0.207309, 0.264681, 0.305455, 0.306184, 0.406469, 0.427413, 0.836037, 0.844234, 0.934378, 1, 

Generation #31
137,168,0.001, 0.0294746, 0.0434169, 0.0539676, 0.0791319, 0.113954, 0.13905, 0.172191, 0.159408, 0.505257, 0.521506, 0.523563, 0.408906, 1, 

189,153,0.0337228, 0.0434169, 0.0539676, 0.0791319, 0.113954, 0.113954, 0.13905, 0.156877, 0.159408, 0.207309, 0.0132507, 0.264681, 0.305455, 0.306184, 0.406469, 0.427413, 0.456068, 0.844234, 0.934378, 0.954534, 1, 

166,154,0.001, 0.0323429, 0.0434169, 0.0539676, 0.0791319, 0.113954, 0.13905, 0.156877, 0.159408, 0.207309, 0.264681, 0.305455, 0.306184, 0.406469, 0.427413, 0.836037, 0.844234, 0.934378, 1, 

Generation #32
137,168,0.001, 0.0294746, 0.0434169, 0.0539676, 0.0791319, 0.113954, 0.13905, 0.172191, 0.159408, 0.505257, 0.521506, 0.523563, 0.408906, 1, 

189,153,0.0337228, 0.0434169, 0.0539676, 0.0791319, 0.113954, 0.113954, 0.13905, 0.156877, 0.159408, 0.207309, 0.0132507, 0.264681, 0.305455, 0.306184, 0.406469, 0.427413, 0.456068, 0.844234, 0.934378, 0.954534, 1, 

166,154,0.001, 0.0323429, 0.0434169, 0.0539676, 0.0791319, 0.113954, 0.13905, 0.156877, 0.159408, 0.207309, 0.264681, 0.305455, 0.306184, 0.406469, 0.427413, 0.836037, 0.844234, 0.934378, 1, 

Generation #33
137,168,0.001, 0.0294746, 0.0434169, 0.0539676, 0.0791319, 0.113954, 0.13905, 0.172191, 0.159408, 0.505257, 0.521506, 0.523563, 0.408906, 1, 

189,153,0.0337228, 0.0434169, 0.0539676, 0.0791319, 0.113954, 0.113954, 0.13905, 0.156877, 0.159408, 0.207309, 0.0132507, 0.264681, 0.305455, 0.306184, 0.406469, 0.427413, 0.456068, 0.844234, 0.934378, 0.954534, 1, 

166,154,0.001, 0.0323429, 0.0434169, 0.0539676, 0.0791319, 0.113954, 0.13905, 0.156877, 0.159408, 0.207309, 0.264681, 0.305455, 0.306184, 0.406469, 0.427413, 0.836037, 0.844234, 0.934378, 1, 

Generation #34
137,168,0.001, 0.0294746, 0.0434169, 0.0539676, 0.0791319, 0.113954, 0.13905, 0.172191, 0.159408, 0.505257, 0.521506, 0.523563, 0.408906, 1, 

189,153,0.0337228, 0.0434169, 0.0539676, 0.0791319, 0.113954, 0.113954, 0.13905, 0.156877, 0.159408, 0.207309, 0.0132507, 0.264681, 0.305455, 0.306184, 0.406469, 0.427413, 0.456068, 0.844234, 0.934378, 0.954534, 1, 

166,154,0.001, 0.0323429, 0.0434169, 0.0539676, 0.0791319, 0.113954, 0.13905, 0.156877, 0.159408, 0.207309, 0.264681, 0.305455, 0.306184, 0.406469, 0.427413, 0.836037, 0.844234, 0.934378, 1, 

Generation #35
137,168,0.001, 0.0294746, 0.0434169, 0.0539676, 0.0791319, 0.113954, 0.13905, 0.172191, 0.159408, 0.505257, 0.521506, 0.523563, 0.408906, 1, 

189,153,0.0337228, 0.0434169, 0.0539676, 0.0791319, 0.113954, 0.113954, 0.13905, 0.156877, 0.159408, 0.207309, 0.0132507, 0.264681, 0.305455, 0.306184, 0.406469, 0.427413, 0.456068, 0.844234, 0.934378, 0.954534, 1, 

166,154,0.001, 0.0323429, 0.0434169, 0.0539676, 0.0791319, 0.113954, 0.13905, 0.156877, 0.159408, 0.207309, 0.264681, 0.305455, 0.306184, 0.406469, 0.427413, 0.836037, 0.844234, 0.934378, 1, 

Generation #36
137,168,0.001, 0.0294746, 0.0434169, 0.0539676, 0.0791319, 0.113954, 0.13905, 0.172191, 0.159408, 0.505257, 0.521506, 0.523563, 0.408906, 1, 

189,153,0.0337228, 0.0434169, 0.0539676, 0.0791319, 0.113954, 0.113954, 0.13905, 0.156877, 0.159408, 0.207309, 0.0132507, 0.264681, 0.305455, 0.306184, 0.406469, 0.427413, 0.456068, 0.844234, 0.934378, 0.954534, 1, 

166,154,0.001, 0.0323429, 0.0434169, 0.0539676, 0.0791319, 0.113954, 0.13905, 0.156877, 0.159408, 0.207309, 0.264681, 0.305455, 0.306184, 0.406469, 0.427413, 0.836037, 0.844234, 0.934378, 1, 

Generation #37
137,168,0.001, 0.0294746, 0.0434169, 0.0539676, 0.0791319, 0.113954, 0.13905, 0.172191, 0.159408, 0.505257, 0.521506, 0.523563, 0.408906, 1, 

189,153,0.0337228, 0.0434169, 0.0539676, 0.0791319, 0.113954, 0.113954, 0.13905, 0.156877, 0.159408, 0.207309, 0.0132507, 0.264681, 0.305455, 0.306184, 0.406469, 0.427413, 0.456068, 0.844234, 0.934378, 0.954534, 1, 

166,154,0.001, 0.0323429, 0.0434169, 0.0539676, 0.0791319, 0.113954, 0.13905, 0.156877, 0.159408, 0.207309, 0.264681, 0.305455, 0.306184, 0.406469, 0.427413, 0.836037, 0.844234, 0.934378, 1, 

Generation #38
137,168,0.001, 0.0294746, 0.0434169, 0.0539676, 0.0791319, 0.113954, 0.13905, 0.172191, 0.159408, 0.505257, 0.521506, 0.523563, 0.408906, 1, 

189,153,0.0337228, 0.0434169, 0.0539676, 0.0791319, 0.113954, 0.113954, 0.13905, 0.156877, 0.159408, 0.207309, 0.0132507, 0.264681, 0.305455, 0.306184, 0.406469, 0.427413, 0.456068, 0.844234, 0.934378, 0.954534, 1, 

166,154,0.001, 0.0323429, 0.0434169, 0.0539676, 0.0791319, 0.113954, 0.13905, 0.156877, 0.159408, 0.207309, 0.264681, 0.305455, 0.306184, 0.406469, 0.427413, 0.836037, 0.844234, 0.934378, 1, 

Generation #39
137,168,0.001, 0.0294746, 0.0434169, 0.0539676, 0.0791319, 0.113954, 0.13905, 0.172191, 0.159408, 0.505257, 0.521506, 0.523563, 0.408906, 1, 

189,153,0.0337228, 0.0434169, 0.0539676, 0.0791319, 0.113954, 0.113954, 0.13905, 0.156877, 0.159408, 0.207309, 0.0132507, 0.264681, 0.305455, 0.306184, 0.406469, 0.427413, 0.456068, 0.844234, 0.934378, 0.954534, 1, 

166,154,0.001, 0.0323429, 0.0434169, 0.0539676, 0.0791319, 0.113954, 0.13905, 0.156877, 0.159408, 0.207309, 0.264681, 0.305455, 0.306184, 0.406469, 0.427413, 0.836037, 0.844234, 0.934378, 1, 

Generation #40
137,168,0.001, 0.0294746, 0.0434169, 0.0539676, 0.0791319, 0.113954, 0.13905, 0.172191, 0.159408, 0.505257, 0.521506, 0.523563, 0.408906, 1, 

189,153,0.0337228, 0.0434169, 0.0539676, 0.0791319, 0.113954, 0.113954, 0.13905, 0.156877, 0.159408, 0.207309, 0.0132507, 0.264681, 0.305455, 0.306184, 0.406469, 0.427413, 0.456068, 0.844234, 0.934378, 0.954534, 1, 

166,154,0.001, 0.0323429, 0.0434169, 0.0539676, 0.0791319, 0.113954, 0.13905, 0.156877, 0.159408, 0.207309, 0.264681, 0.305455, 0.306184, 0.406469, 0.427413, 0.836037, 0.844234, 0.934378, 1, 

Generation #41
137,168,0.001, 0.0294746, 0.0434169, 0.0539676, 0.0791319, 0.113954, 0.13905, 0.172191, 0.159408, 0.505257, 0.521506, 0.523563, 0.408906, 1, 

189,153,0.0337228, 0.0434169, 0.0539676, 0.0791319, 0.113954, 0.113954, 0.13905, 0.156877, 0.159408, 0.207309, 0.0132507, 0.264681, 0.305455, 0.306184, 0.406469, 0.427413, 0.456068, 0.844234, 0.934378, 0.954534, 1, 

166,154,0.001, 0.0323429, 0.0434169, 0.0539676, 0.0791319, 0.113954, 0.13905, 0.156877, 0.159408, 0.207309, 0.264681, 0.305455, 0.306184, 0.406469, 0.427413, 0.836037, 0.844234, 0.934378, 1, 

Generation #42
137,168,0.001, 0.0294746, 0.0434169, 0.0539676, 0.0791319, 0.113954, 0.13905, 0.172191, 0.159408, 0.505257, 0.521506, 0.523563, 0.408906, 1, 

189,153,0.0337228, 0.0434169, 0.0539676, 0.0791319, 0.113954, 0.113954, 0.13905, 0.156877, 0.159408, 0.207309, 0.0132507, 0.264681, 0.305455, 0.306184, 0.406469, 0.427413, 0.456068, 0.844234, 0.934378, 0.954534, 1, 

166,154,0.001, 0.0323429, 0.0434169, 0.0539676, 0.0791319, 0.113954, 0.13905, 0.156877, 0.159408, 0.207309, 0.264681, 0.305455, 0.306184, 0.406469, 0.427413, 0.836037, 0.844234, 0.934378, 1, 

Generation #43
137,168,0.001, 0.0294746, 0.0434169, 0.0539676, 0.0791319, 0.113954, 0.13905, 0.172191, 0.159408, 0.505257, 0.521506, 0.523563, 0.408906, 1, 

189,153,0.0337228, 0.0434169, 0.0539676, 0.0791319, 0.113954, 0.113954, 0.13905, 0.156877, 0.159408, 0.207309, 0.0132507, 0.264681, 0.305455, 0.306184, 0.406469, 0.427413, 0.456068, 0.844234, 0.934378, 0.954534, 1, 

166,154,0.001, 0.0323429, 0.0434169, 0.0539676, 0.0791319, 0.113954, 0.13905, 0.156877, 0.159408, 0.207309, 0.264681, 0.305455, 0.306184, 0.406469, 0.427413, 0.836037, 0.844234, 0.934378, 1, 

Generation #44
137,168,0.001, 0.0294746, 0.0434169, 0.0539676, 0.0791319, 0.113954, 0.13905, 0.172191, 0.159408, 0.505257, 0.521506, 0.523563, 0.408906, 1, 

189,153,0.0337228, 0.0434169, 0.0539676, 0.0791319, 0.113954, 0.113954, 0.13905, 0.156877, 0.159408, 0.207309, 0.0132507, 0.264681, 0.305455, 0.306184, 0.406469, 0.427413, 0.456068, 0.844234, 0.934378, 0.954534, 1, 

166,154,0.001, 0.0323429, 0.0434169, 0.0539676, 0.0791319, 0.113954, 0.13905, 0.156877, 0.159408, 0.207309, 0.264681, 0.305455, 0.306184, 0.406469, 0.427413, 0.836037, 0.844234, 0.934378, 1, 

Generation #45
137,168,0.001, 0.0294746, 0.0434169, 0.0539676, 0.0791319, 0.113954, 0.13905, 0.172191, 0.159408, 0.505257, 0.521506, 0.523563, 0.408906, 1, 

189,153,0.0337228, 0.0434169, 0.0539676, 0.0791319, 0.113954, 0.113954, 0.13905, 0.156877, 0.159408, 0.207309, 0.0132507, 0.264681, 0.305455, 0.306184, 0.406469, 0.427413, 0.456068, 0.844234, 0.934378, 0.954534, 1, 

166,154,0.001, 0.0323429, 0.0434169, 0.0539676, 0.0791319, 0.113954, 0.13905, 0.156877, 0.159408, 0.207309, 0.264681, 0.305455, 0.306184, 0.406469, 0.427413, 0.836037, 0.844234, 0.934378, 1, 

Generation #46
137,168,0.001, 0.0294746, 0.0434169, 0.0539676, 0.0791319, 0.113954, 0.13905, 0.172191, 0.159408, 0.505257, 0.521506, 0.523563, 0.408906, 1, 

189,153,0.0337228, 0.0434169, 0.0539676, 0.0791319, 0.113954, 0.113954, 0.13905, 0.156877, 0.159408, 0.207309, 0.0132507, 0.264681, 0.305455, 0.306184, 0.406469, 0.427413, 0.456068, 0.844234, 0.934378, 0.954534, 1, 

166,154,0.001, 0.0323429, 0.0434169, 0.0539676, 0.0791319, 0.113954, 0.13905, 0.156877, 0.159408, 0.207309, 0.264681, 0.305455, 0.306184, 0.406469, 0.427413, 0.836037, 0.844234, 0.934378, 1, 

Generation #47
137,168,0.001, 0.0294746, 0.0434169, 0.0539676, 0.0791319, 0.113954, 0.13905, 0.172191, 0.159408, 0.505257, 0.521506, 0.523563, 0.408906, 1, 

189,153,0.0337228, 0.0434169, 0.0539676, 0.0791319, 0.113954, 0.113954, 0.13905, 0.156877, 0.159408, 0.207309, 0.0132507, 0.264681, 0.305455, 0.306184, 0.406469, 0.427413, 0.456068, 0.844234, 0.934378, 0.954534, 1, 

166,154,0.001, 0.0323429, 0.0434169, 0.0539676, 0.0791319, 0.113954, 0.13905, 0.156877, 0.159408, 0.207309, 0.264681, 0.305455, 0.306184, 0.406469, 0.427413, 0.836037, 0.844234, 0.934378, 1, 

Generation #48
137,168,0.001, 0.0294746, 0.0434169, 0.0539676, 0.0791319, 0.113954, 0.13905, 0.172191, 0.159408, 0.505257, 0.521506, 0.523563, 0.408906, 1, 

189,153,0.0337228, 0.0434169, 0.0539676, 0.0791319, 0.113954, 0.113954, 0.13905, 0.156877, 0.159408, 0.207309, 0.0132507, 0.264681, 0.305455, 0.306184, 0.406469, 0.427413, 0.456068, 0.844234, 0.934378, 0.954534, 1, 

166,154,0.001, 0.0323429, 0.0434169, 0.0539676, 0.0791319, 0.113954, 0.13905, 0.156877, 0.159408, 0.207309, 0.264681, 0.305455, 0.306184, 0.406469, 0.427413, 0.836037, 0.844234, 0.934378, 1, 

Generation #49
137,168,0.001, 0.0294746, 0.0434169, 0.0539676, 0.0791319, 0.113954, 0.13905, 0.172191, 0.159408, 0.505257, 0.521506, 0.523563, 0.408906, 1, 

189,153,0.0337228, 0.0434169, 0.0539676, 0.0791319, 0.113954, 0.113954, 0.13905, 0.156877, 0.159408, 0.207309, 0.0132507, 0.264681, 0.305455, 0.306184, 0.406469, 0.427413, 0.456068, 0.844234, 0.934378, 0.954534, 1, 

166,154,0.001, 0.0323429, 0.0434169, 0.0539676, 0.0791319, 0.113954, 0.13905, 0.156877, 0.159408, 0.207309, 0.264681, 0.305455, 0.306184, 0.406469, 0.427413, 0.836037, 0.844234, 0.934378, 1, 

--- Pareto Front Solutions ---
Solution 0: N total=357 (N_initial=220, N_added=137), Time total=209 ms, Saved to: ./results/SPINS_t3_l3_pareto_0.csv, percents=0.001, 0.0294746, 0.0434169, 0.0539676, 0.0791319, 0.113954, 0.13905, 0.172191, 0.159408, 0.505257, 0.521506, 0.523563, 0.408906, 1, 

Solution 1: N total=409 (N_initial=220, N_added=189), Time total=194 ms, Saved to: ./results/SPINS_t3_l3_pareto_1.csv, percents=0.0337228, 0.0434169, 0.0539676, 0.0791319, 0.113954, 0.113954, 0.13905, 0.156877, 0.159408, 0.207309, 0.0132507, 0.264681, 0.305455, 0.306184, 0.406469, 0.427413, 0.456068, 0.844234, 0.934378, 0.954534, 1, 

Solution 2: N total=386 (N_initial=220, N_added=166), Time total=195 ms, Saved to: ./results/SPINS_t3_l3_pareto_2.csv, percents=0.001, 0.0323429, 0.0434169, 0.0539676, 0.0791319, 0.113954, 0.13905, 0.156877, 0.159408, 0.207309, 0.264681, 0.305455, 0.306184, 0.406469, 0.427413, 0.836037, 0.844234, 0.934378, 1, 

------------d=1, t=3, lambda=4, filename=./evaluation/SPINS/SPINS_3_4.csv------------
Computing partitioned counts of d-sets...
Ready to look at pairs based on partitioned counts...
First Stage N=256, Time=42
There are 388 remaining non-locating pairs
--- Running GA Algorithm (phase2) ---
Running GA with std::execution::par
Generation #0
277,525,0.001, 0.126908, 0.157911, 0.166235, 0.171162, 0.172212, 0.204278, 0.205044, 0.2218, 0.445311, 0.797749, 0.963985, 0.973829, 0.991069, 1, 

306,452,0.001, 0.0352977, 0.0906719, 0.11993, 0.196692, 0.212577, 0.268583, 0.298131, 0.298601, 0.324175, 0.329079, 0.384963, 0.387874, 0.393823, 0.406289, 0.416283, 0.479245, 0.517146, 0.618558, 0.64382, 0.64438, 0.670494, 0.709663, 0.724259, 0.737753, 0.841719, 0.958943, 1, 

271,698,0.001, 0.0866665, 0.243849, 0.249722, 0.384143, 0.692231, 0.787618, 0.82747, 0.873544, 0.938463, 1, 

307,451,0.001, 0.0440043, 0.0675028, 0.0957964, 0.101953, 0.104206, 0.136085, 0.208351, 0.212765, 0.217522, 0.282758, 0.347246, 0.539901, 0.564923, 0.68116, 0.787351, 0.873288, 0.873465, 0.917703, 0.939943, 0.974343, 1, 

294,472,0.001, 0.027472, 0.0430995, 0.0600516, 0.140196, 0.291063, 0.339347, 0.347256, 0.392175, 0.424856, 0.426623, 0.548844, 0.571461, 0.702156, 0.869148, 0.88823, 0.896996, 0.928543, 1, 

347,417,0.001, 0.0361586, 0.0735747, 0.126512, 0.128511, 0.131594, 0.213677, 0.215589, 0.241441, 0.269967, 0.329318, 0.350999, 0.377124, 0.490985, 0.49358, 0.577379, 0.668739, 0.669595, 0.744031, 0.806563, 0.823233, 0.825481, 0.862467, 0.95648, 0.960949, 0.971148, 0.971453, 1, 

265,738,0.001, 0.0906348, 0.188051, 0.189832, 0.234907, 0.24749, 0.254534, 0.382011, 0.405576, 0.518166, 0.556657, 0.569293, 0.646661, 0.682843, 0.88182, 0.927379, 1, 

287,514,0.001, 0.195166, 0.200622, 0.268327, 0.311798, 0.549587, 0.653904, 0.709597, 0.760176, 0.761605, 0.783696, 0.923452, 0.934521, 0.937816, 0.944037, 0.966538, 0.997526, 1, 

Generation #1
277,525,0.001, 0.126908, 0.157911, 0.166235, 0.171162, 0.172212, 0.204278, 0.205044, 0.2218, 0.445311, 0.797749, 0.963985, 0.973829, 0.991069, 1, 

265,738,0.001, 0.0906348, 0.188051, 0.189832, 0.234907, 0.24749, 0.254534, 0.382011, 0.405576, 0.518166, 0.556657, 0.569293, 0.646661, 0.682843, 0.88182, 0.927379, 1, 

281,376,0.001, 0.0534387, 0.0863245, 0.106622, 0.117921, 0.178494, 0.196045, 0.204554, 0.204806, 0.209062, 0.691092, 0.799532, 1, 

299,329,0.001, 0.0369318, 0.0421294, 0.0854654, 0.110593, 0.147238, 0.227582, 0.227946, 0.230269, 0.242478, 0.305874, 0.426129, 0.431072, 0.461175, 0.528896, 0.536518, 0.565212, 0.629027, 0.629061, 0.636891, 0.681122, 0.685588, 0.713908, 0.730755, 0.791258, 0.867146, 0.948075, 0.954217, 0.954218, 0.994344, 1, 

256,840,0.001, 0.195166, 0.200622, 0.268327, 0.311798, 0.349921, 0.489123, 0.570819, 0.782472, 0.853259, 1, 

270,579,0.001, 0.150679, 0.170676, 0.287679, 0.345379, 0.47525, 0.515888, 0.590412, 0.607448, 0.623284, 0.691092, 0.799532, 1, 

Generation #2
265,738,0.001, 0.0906348, 0.188051, 0.189832, 0.234907, 0.24749, 0.254534, 0.382011, 0.405576, 0.518166, 0.556657, 0.569293, 0.646661, 0.682843, 0.88182, 0.927379, 1, 

281,376,0.001, 0.0534387, 0.0863245, 0.106622, 0.117921, 0.178494, 0.196045, 0.204554, 0.204806, 0.209062, 0.691092, 0.799532, 1, 

299,329,0.001, 0.0369318, 0.0421294, 0.0854654, 0.110593, 0.147238, 0.227582, 0.227946, 0.230269, 0.242478, 0.305874, 0.426129, 0.431072, 0.461175, 0.528896, 0.536518, 0.565212, 0.629027, 0.629061, 0.636891, 0.681122, 0.685588, 0.713908, 0.730755, 0.791258, 0.867146, 0.948075, 0.954217, 0.954218, 0.994344, 1, 

256,840,0.001, 0.195166, 0.200622, 0.268327, 0.311798, 0.349921, 0.489123, 0.570819, 0.782472, 0.853259, 1, 

270,579,0.001, 0.150679, 0.170676, 0.287679, 0.345379, 0.47525, 0.515888, 0.590412, 0.607448, 0.623284, 0.691092, 0.799532, 1, 

276,518,0.001, 0.0534387, 0.0863245, 0.106622, 0.117921, 0.178494, 0.196045, 0.204554, 0.204806, 0.209062, 0.691092, 0.799532, 1, 

Generation #3
281,376,0.001, 0.0534387, 0.0863245, 0.106622, 0.117921, 0.178494, 0.196045, 0.204554, 0.204806, 0.209062, 0.691092, 0.799532, 1, 

299,329,0.001, 0.0369318, 0.0421294, 0.0854654, 0.110593, 0.147238, 0.227582, 0.227946, 0.230269, 0.242478, 0.305874, 0.426129, 0.431072, 0.461175, 0.528896, 0.536518, 0.565212, 0.629027, 0.629061, 0.636891, 0.681122, 0.685588, 0.713908, 0.730755, 0.791258, 0.867146, 0.948075, 0.954217, 0.954218, 0.994344, 1, 

273,506,0.001, 0.0371938, 0.0471085, 0.117012, 0.118345, 0.47525, 0.515888, 0.590412, 0.607448, 0.623284, 0.691092, 0.799532, 1, 

250,547,0.001, 0.0906348, 0.188051, 0.189832, 0.234907, 0.24749, 0.489123, 0.570819, 0.782472, 0.853259, 1, 

275,427,0.001, 0.0440043, 0.0675028, 0.0957964, 0.101953, 0.104206, 0.136085, 0.208351, 0.212765, 0.217522, 0.282758, 0.347246, 0.539901, 0.564923, 0.68116, 0.787351, 0.873288, 0.873465, 0.917703, 1, 

Generation #4
299,329,0.001, 0.0369318, 0.0421294, 0.0854654, 0.110593, 0.147238, 0.227582, 0.227946, 0.230269, 0.242478, 0.305874, 0.426129, 0.431072, 0.461175, 0.528896, 0.536518, 0.565212, 0.629027, 0.629061, 0.636891, 0.681122, 0.685588, 0.713908, 0.730755, 0.791258, 0.867146, 0.948075, 0.954217, 0.954218, 0.994344, 1, 

250,547,0.001, 0.0906348, 0.188051, 0.189832, 0.234907, 0.24749, 0.489123, 0.570819, 0.782472, 0.853259, 1, 

275,427,0.001, 0.0440043, 0.0675028, 0.0957964, 0.101953, 0.104206, 0.136085, 0.208351, 0.212765, 0.217522, 0.282758, 0.347246, 0.539901, 0.564923, 0.68116, 0.787351, 0.873288, 0.873465, 0.917703, 1, 

265,437,0.001, 0.0590503, 0.0750634, 0.127271, 0.101953, 0.104206, 0.136085, 0.208351, 0.212765, 0.217522, 0.282758, 0.347246, 0.539901, 0.564923, 0.68116, 1, 

280,335,0.001, 0.0440043, 0.0675028, 0.0957964, 0.101953, 0.104206, 0.136085, 0.208351, 0.212765, 0.217522, 0.282758, 0.347246, 0.539901, 0.564923, 0.68116, 0.787351, 0.873288, 0.873465, 0.917703, 0.939943, 0.974343, 1, 

Generation #5
299,329,0.001, 0.0369318, 0.0421294, 0.0854654, 0.110593, 0.147238, 0.227582, 0.227946, 0.230269, 0.242478, 0.305874, 0.426129, 0.431072, 0.461175, 0.528896, 0.536518, 0.565212, 0.629027, 0.629061, 0.636891, 0.681122, 0.685588, 0.713908, 0.730755, 0.791258, 0.867146, 0.948075, 0.954217, 0.954218, 0.994344, 1, 

250,547,0.001, 0.0906348, 0.188051, 0.189832, 0.234907, 0.24749, 0.489123, 0.570819, 0.782472, 0.853259, 1, 

275,427,0.001, 0.0440043, 0.0675028, 0.0957964, 0.101953, 0.104206, 0.136085, 0.208351, 0.212765, 0.217522, 0.282758, 0.347246, 0.539901, 0.564923, 0.68116, 0.787351, 0.873288, 0.873465, 0.917703, 1, 

265,437,0.001, 0.0590503, 0.0750634, 0.127271, 0.101953, 0.104206, 0.136085, 0.208351, 0.212765, 0.217522, 0.282758, 0.347246, 0.539901, 0.564923, 0.68116, 1, 

280,335,0.001, 0.0440043, 0.0675028, 0.0957964, 0.101953, 0.104206, 0.136085, 0.208351, 0.212765, 0.217522, 0.282758, 0.347246, 0.539901, 0.564923, 0.68116, 0.787351, 0.873288, 0.873465, 0.917703, 0.939943, 0.974343, 1, 

Generation #6
299,329,0.001, 0.0369318, 0.0421294, 0.0854654, 0.110593, 0.147238, 0.227582, 0.227946, 0.230269, 0.242478, 0.305874, 0.426129, 0.431072, 0.461175, 0.528896, 0.536518, 0.565212, 0.629027, 0.629061, 0.636891, 0.681122, 0.685588, 0.713908, 0.730755, 0.791258, 0.867146, 0.948075, 0.954217, 0.954218, 0.994344, 1, 

250,547,0.001, 0.0906348, 0.188051, 0.189832, 0.234907, 0.24749, 0.489123, 0.570819, 0.782472, 0.853259, 1, 

275,427,0.001, 0.0440043, 0.0675028, 0.0957964, 0.101953, 0.104206, 0.136085, 0.208351, 0.212765, 0.217522, 0.282758, 0.347246, 0.539901, 0.564923, 0.68116, 0.787351, 0.873288, 0.873465, 0.917703, 1, 

265,437,0.001, 0.0590503, 0.0750634, 0.127271, 0.101953, 0.104206, 0.136085, 0.208351, 0.212765, 0.217522, 0.282758, 0.347246, 0.539901, 0.564923, 0.68116, 1, 

280,335,0.001, 0.0440043, 0.0675028, 0.0957964, 0.101953, 0.104206, 0.136085, 0.208351, 0.212765, 0.217522, 0.282758, 0.347246, 0.539901, 0.564923, 0.68116, 0.787351, 0.873288, 0.873465, 0.917703, 0.939943, 0.974343, 1, 

Generation #7
299,329,0.001, 0.0369318, 0.0421294, 0.0854654, 0.110593, 0.147238, 0.227582, 0.227946, 0.230269, 0.242478, 0.305874, 0.426129, 0.431072, 0.461175, 0.528896, 0.536518, 0.565212, 0.629027, 0.629061, 0.636891, 0.681122, 0.685588, 0.713908, 0.730755, 0.791258, 0.867146, 0.948075, 0.954217, 0.954218, 0.994344, 1, 

250,547,0.001, 0.0906348, 0.188051, 0.189832, 0.234907, 0.24749, 0.489123, 0.570819, 0.782472, 0.853259, 1, 

275,427,0.001, 0.0440043, 0.0675028, 0.0957964, 0.101953, 0.104206, 0.136085, 0.208351, 0.212765, 0.217522, 0.282758, 0.347246, 0.539901, 0.564923, 0.68116, 0.787351, 0.873288, 0.873465, 0.917703, 1, 

265,437,0.001, 0.0590503, 0.0750634, 0.127271, 0.101953, 0.104206, 0.136085, 0.208351, 0.212765, 0.217522, 0.282758, 0.347246, 0.539901, 0.564923, 0.68116, 1, 

280,335,0.001, 0.0440043, 0.0675028, 0.0957964, 0.101953, 0.104206, 0.136085, 0.208351, 0.212765, 0.217522, 0.282758, 0.347246, 0.539901, 0.564923, 0.68116, 0.787351, 0.873288, 0.873465, 0.917703, 0.939943, 0.974343, 1, 

Generation #8
250,547,0.001, 0.0906348, 0.188051, 0.189832, 0.234907, 0.24749, 0.489123, 0.570819, 0.782472, 0.853259, 1, 

275,427,0.001, 0.0440043, 0.0675028, 0.0957964, 0.101953, 0.104206, 0.136085, 0.208351, 0.212765, 0.217522, 0.282758, 0.347246, 0.539901, 0.564923, 0.68116, 0.787351, 0.873288, 0.873465, 0.917703, 1, 

265,437,0.001, 0.0590503, 0.0750634, 0.127271, 0.101953, 0.104206, 0.136085, 0.208351, 0.212765, 0.217522, 0.282758, 0.347246, 0.539901, 0.564923, 0.68116, 1, 

276,327,0.001, 0.0440043, 0.0675028, 0.0957964, 0.101953, 0.104206, 0.136085, 0.208351, 0.212765, 0.217522, 0.282758, 0.799532, 1, 

257,465,0.001, 0.0440043, 0.0675028, 0.0957964, 0.101953, 0.104206, 0.136085, 0.590412, 0.607448, 0.623284, 0.691092, 0.799532, 1, 

Generation #9
250,547,0.001, 0.0906348, 0.188051, 0.189832, 0.234907, 0.24749, 0.489123, 0.570819, 0.782472, 0.853259, 1, 

275,427,0.001, 0.0440043, 0.0675028, 0.0957964, 0.101953, 0.104206, 0.136085, 0.208351, 0.212765, 0.217522, 0.282758, 0.347246, 0.539901, 0.564923, 0.68116, 0.787351, 0.873288, 0.873465, 0.917703, 1, 

265,437,0.001, 0.0590503, 0.0750634, 0.127271, 0.101953, 0.104206, 0.136085, 0.208351, 0.212765, 0.217522, 0.282758, 0.347246, 0.539901, 0.564923, 0.68116, 1, 

276,327,0.001, 0.0440043, 0.0675028, 0.0957964, 0.101953, 0.104206, 0.136085, 0.208351, 0.212765, 0.217522, 0.282758, 0.799532, 1, 

257,465,0.001, 0.0440043, 0.0675028, 0.0957964, 0.101953, 0.104206, 0.136085, 0.590412, 0.607448, 0.623284, 0.691092, 0.799532, 1, 

252,473,0.001, 0.0440043, 0.0675028, 0.0957964, 0.101953, 0.104206, 0.136085, 0.208351, 0.212765, 0.217522, 0.282758, 0.347246, 0.539901, 0.564923, 0.68116, 1, 

Generation #10
250,547,0.001, 0.0906348, 0.188051, 0.189832, 0.234907, 0.24749, 0.489123, 0.570819, 0.782472, 0.853259, 1, 

276,327,0.001, 0.0440043, 0.0675028, 0.0957964, 0.101953, 0.104206, 0.136085, 0.208351, 0.212765, 0.217522, 0.282758, 0.799532, 1, 

257,465,0.001, 0.0440043, 0.0675028, 0.0957964, 0.101953, 0.104206, 0.136085, 0.590412, 0.607448, 0.623284, 0.691092, 0.799532, 1, 

252,473,0.001, 0.0440043, 0.0675028, 0.0957964, 0.101953, 0.104206, 0.136085, 0.208351, 0.212765, 0.217522, 0.282758, 0.347246, 0.539901, 0.564923, 0.68116, 1, 

264,423,0.001, 0.0440043, 0.0675028, 0.0957964, 0.104206, 0.136085, 0.208351, 0.212765, 0.217522, 0.282758, 0.799532, 1, 

Generation #11
250,547,0.001, 0.0906348, 0.188051, 0.189832, 0.234907, 0.24749, 0.489123, 0.570819, 0.782472, 0.853259, 1, 

276,327,0.001, 0.0440043, 0.0675028, 0.0957964, 0.101953, 0.104206, 0.136085, 0.208351, 0.212765, 0.217522, 0.282758, 0.799532, 1, 

257,465,0.001, 0.0440043, 0.0675028, 0.0957964, 0.101953, 0.104206, 0.136085, 0.590412, 0.607448, 0.623284, 0.691092, 0.799532, 1, 

252,473,0.001, 0.0440043, 0.0675028, 0.0957964, 0.101953, 0.104206, 0.136085, 0.208351, 0.212765, 0.217522, 0.282758, 0.347246, 0.539901, 0.564923, 0.68116, 1, 

264,423,0.001, 0.0440043, 0.0675028, 0.0957964, 0.104206, 0.136085, 0.208351, 0.212765, 0.217522, 0.282758, 0.799532, 1, 

275,377,0.001, 0.0440043, 0.0675028, 0.0957964, 0.101953, 0.104206, 0.136085, 0.208351, 0.212765, 0.217522, 0.282758, 0.347246, 0.539901, 0.564923, 0.68116, 0.787351, 0.873288, 0.873465, 0.917703, 1, 

Generation #12
250,547,0.001, 0.0906348, 0.188051, 0.189832, 0.234907, 0.24749, 0.489123, 0.570819, 0.782472, 0.853259, 1, 

276,327,0.001, 0.0440043, 0.0675028, 0.0957964, 0.101953, 0.104206, 0.136085, 0.208351, 0.212765, 0.217522, 0.282758, 0.799532, 1, 

257,465,0.001, 0.0440043, 0.0675028, 0.0957964, 0.101953, 0.104206, 0.136085, 0.590412, 0.607448, 0.623284, 0.691092, 0.799532, 1, 

252,473,0.001, 0.0440043, 0.0675028, 0.0957964, 0.101953, 0.104206, 0.136085, 0.208351, 0.212765, 0.217522, 0.282758, 0.347246, 0.539901, 0.564923, 0.68116, 1, 

275,377,0.001, 0.0440043, 0.0675028, 0.0957964, 0.101953, 0.104206, 0.136085, 0.208351, 0.212765, 0.217522, 0.282758, 0.347246, 0.539901, 0.564923, 0.68116, 0.787351, 0.873288, 0.873465, 0.917703, 1, 

258,420,0.001, 0.0534387, 0.0863245, 0.106622, 0.117921, 0.178494, 0.196045, 0.204554, 0.204806, 0.217522, 0.282758, 0.539901, 0.564923, 1, 

Generation #13
250,547,0.001, 0.0906348, 0.188051, 0.189832, 0.234907, 0.24749, 0.489123, 0.570819, 0.782472, 0.853259, 1, 

276,327,0.001, 0.0440043, 0.0675028, 0.0957964, 0.101953, 0.104206, 0.136085, 0.208351, 0.212765, 0.217522, 0.282758, 0.799532, 1, 

257,465,0.001, 0.0440043, 0.0675028, 0.0957964, 0.101953, 0.104206, 0.136085, 0.590412, 0.607448, 0.623284, 0.691092, 0.799532, 1, 

252,473,0.001, 0.0440043, 0.0675028, 0.0957964, 0.101953, 0.104206, 0.136085, 0.208351, 0.212765, 0.217522, 0.282758, 0.347246, 0.539901, 0.564923, 0.68116, 1, 

275,377,0.001, 0.0440043, 0.0675028, 0.0957964, 0.101953, 0.104206, 0.136085, 0.208351, 0.212765, 0.217522, 0.282758, 0.347246, 0.539901, 0.564923, 0.68116, 0.787351, 0.873288, 0.873465, 0.917703, 1, 

258,420,0.001, 0.0534387, 0.0863245, 0.106622, 0.117921, 0.178494, 0.196045, 0.204554, 0.204806, 0.217522, 0.282758, 0.539901, 0.564923, 1, 

Generation #14
250,547,0.001, 0.0906348, 0.188051, 0.189832, 0.234907, 0.24749, 0.489123, 0.570819, 0.782472, 0.853259, 1, 

276,327,0.001, 0.0440043, 0.0675028, 0.0957964, 0.101953, 0.104206, 0.136085, 0.208351, 0.212765, 0.217522, 0.282758, 0.799532, 1, 

257,465,0.001, 0.0440043, 0.0675028, 0.0957964, 0.101953, 0.104206, 0.136085, 0.590412, 0.607448, 0.623284, 0.691092, 0.799532, 1, 

252,473,0.001, 0.0440043, 0.0675028, 0.0957964, 0.101953, 0.104206, 0.136085, 0.208351, 0.212765, 0.217522, 0.282758, 0.347246, 0.539901, 0.564923, 0.68116, 1, 

258,420,0.001, 0.0534387, 0.0863245, 0.106622, 0.117921, 0.178494, 0.196045, 0.204554, 0.204806, 0.217522, 0.282758, 0.539901, 0.564923, 1, 

320,287,0.001, 0.0371938, 0.0471085, 0.117012, 0.118345, 0.185998, 0.240151, 0.266939, 0.212765, 0.217522, 0.282758, 0.347246, 0.539901, 0.564923, 0.68116, 0.873288, 0.873465, 0.917703, 1, 

266,418,0.001, 0.0440043, 0.0675028, 0.0957964, 0.101953, 0.104206, 0.136085, 0.208351, 0.212765, 0.217522, 0.282758, 0.347246, 0.450983, 0.487428, 0.536783, 0.58678, 0.623081, 0.630585, 0.678287, 0.785794, 0.791959, 0.834332, 0.850073, 0.857884, 0.88771, 0.922847, 1, 

271,374,0.001, 0.0440043, 0.0675028, 0.0957964, 0.101953, 0.104206, 0.136085, 0.208351, 0.212765, 0.217522, 0.282758, 0.395085, 0.347246, 0.539901, 0.564923, 0.68116, 0.787351, 0.873288, 0.873465, 0.917703, 1, 

Generation #15
250,547,0.001, 0.0906348, 0.188051, 0.189832, 0.234907, 0.24749, 0.489123, 0.570819, 0.782472, 0.853259, 1, 

276,327,0.001, 0.0440043, 0.0675028, 0.0957964, 0.101953, 0.104206, 0.136085, 0.208351, 0.212765, 0.217522, 0.282758, 0.799532, 1, 

257,465,0.001, 0.0440043, 0.0675028, 0.0957964, 0.101953, 0.104206, 0.136085, 0.590412, 0.607448, 0.623284, 0.691092, 0.799532, 1, 

252,473,0.001, 0.0440043, 0.0675028, 0.0957964, 0.101953, 0.104206, 0.136085, 0.208351, 0.212765, 0.217522, 0.282758, 0.347246, 0.539901, 0.564923, 0.68116, 1, 

258,420,0.001, 0.0534387, 0.0863245, 0.106622, 0.117921, 0.178494, 0.196045, 0.204554, 0.204806, 0.217522, 0.282758, 0.539901, 0.564923, 1, 

320,287,0.001, 0.0371938, 0.0471085, 0.117012, 0.118345, 0.185998, 0.240151, 0.266939, 0.212765, 0.217522, 0.282758, 0.347246, 0.539901, 0.564923, 0.68116, 0.873288, 0.873465, 0.917703, 1, 

271,374,0.001, 0.0440043, 0.0675028, 0.0957964, 0.101953, 0.104206, 0.136085, 0.208351, 0.212765, 0.217522, 0.282758, 0.395085, 0.347246, 0.539901, 0.564923, 0.68116, 0.787351, 0.873288, 0.873465, 0.917703, 1, 

266,401,0.001, 0.027472, 0.0430995, 0.127271, 0.101953, 0.104206, 0.136085, 0.208351, 0.212765, 0.217522, 0.271328, 0.282758, 1, 

Generation #16
250,547,0.001, 0.0906348, 0.188051, 0.189832, 0.234907, 0.24749, 0.489123, 0.570819, 0.782472, 0.853259, 1, 

276,327,0.001, 0.0440043, 0.0675028, 0.0957964, 0.101953, 0.104206, 0.136085, 0.208351, 0.212765, 0.217522, 0.282758, 0.799532, 1, 

257,465,0.001, 0.0440043, 0.0675028, 0.0957964, 0.101953, 0.104206, 0.136085, 0.590412, 0.607448, 0.623284, 0.691092, 0.799532, 1, 

252,473,0.001, 0.0440043, 0.0675028, 0.0957964, 0.101953, 0.104206, 0.136085, 0.208351, 0.212765, 0.217522, 0.282758, 0.347246, 0.539901, 0.564923, 0.68116, 1, 

258,420,0.001, 0.0534387, 0.0863245, 0.106622, 0.117921, 0.178494, 0.196045, 0.204554, 0.204806, 0.217522, 0.282758, 0.539901, 0.564923, 1, 

320,287,0.001, 0.0371938, 0.0471085, 0.117012, 0.118345, 0.185998, 0.240151, 0.266939, 0.212765, 0.217522, 0.282758, 0.347246, 0.539901, 0.564923, 0.68116, 0.873288, 0.873465, 0.917703, 1, 

271,374,0.001, 0.0440043, 0.0675028, 0.0957964, 0.101953, 0.104206, 0.136085, 0.208351, 0.212765, 0.217522, 0.282758, 0.395085, 0.347246, 0.539901, 0.564923, 0.68116, 0.787351, 0.873288, 0.873465, 0.917703, 1, 

266,401,0.001, 0.027472, 0.0430995, 0.127271, 0.101953, 0.104206, 0.136085, 0.208351, 0.212765, 0.217522, 0.271328, 0.282758, 1, 

269,377,0.001, 0.0371938, 0.0471085, 0.0957964, 0.118345, 0.185998, 0.240151, 0.266939, 0.212765, 0.217522, 0.282758, 0.347246, 0.539901, 0.564923, 0.68116, 0.873288, 0.873465, 0.917703, 1, 

Generation #17
250,547,0.001, 0.0906348, 0.188051, 0.189832, 0.234907, 0.24749, 0.489123, 0.570819, 0.782472, 0.853259, 1, 

276,327,0.001, 0.0440043, 0.0675028, 0.0957964, 0.101953, 0.104206, 0.136085, 0.208351, 0.212765, 0.217522, 0.282758, 0.799532, 1, 

257,465,0.001, 0.0440043, 0.0675028, 0.0957964, 0.101953, 0.104206, 0.136085, 0.590412, 0.607448, 0.623284, 0.691092, 0.799532, 1, 

252,473,0.001, 0.0440043, 0.0675028, 0.0957964, 0.101953, 0.104206, 0.136085, 0.208351, 0.212765, 0.217522, 0.282758, 0.347246, 0.539901, 0.564923, 0.68116, 1, 

258,420,0.001, 0.0534387, 0.0863245, 0.106622, 0.117921, 0.178494, 0.196045, 0.204554, 0.204806, 0.217522, 0.282758, 0.539901, 0.564923, 1, 

320,287,0.001, 0.0371938, 0.0471085, 0.117012, 0.118345, 0.185998, 0.240151, 0.266939, 0.212765, 0.217522, 0.282758, 0.347246, 0.539901, 0.564923, 0.68116, 0.873288, 0.873465, 0.917703, 1, 

271,374,0.001, 0.0440043, 0.0675028, 0.0957964, 0.101953, 0.104206, 0.136085, 0.208351, 0.212765, 0.217522, 0.282758, 0.395085, 0.347246, 0.539901, 0.564923, 0.68116, 0.787351, 0.873288, 0.873465, 0.917703, 1, 

266,401,0.001, 0.027472, 0.0430995, 0.127271, 0.101953, 0.104206, 0.136085, 0.208351, 0.212765, 0.217522, 0.271328, 0.282758, 1, 

269,377,0.001, 0.0371938, 0.0471085, 0.0957964, 0.118345, 0.185998, 0.240151, 0.266939, 0.212765, 0.217522, 0.282758, 0.347246, 0.539901, 0.564923, 0.68116, 0.873288, 0.873465, 0.917703, 1, 

Generation #18
250,547,0.001, 0.0906348, 0.188051, 0.189832, 0.234907, 0.24749, 0.489123, 0.570819, 0.782472, 0.853259, 1, 

276,327,0.001, 0.0440043, 0.0675028, 0.0957964, 0.101953, 0.104206, 0.136085, 0.208351, 0.212765, 0.217522, 0.282758, 0.799532, 1, 

257,465,0.001, 0.0440043, 0.0675028, 0.0957964, 0.101953, 0.104206, 0.136085, 0.590412, 0.607448, 0.623284, 0.691092, 0.799532, 1, 

252,473,0.001, 0.0440043, 0.0675028, 0.0957964, 0.101953, 0.104206, 0.136085, 0.208351, 0.212765, 0.217522, 0.282758, 0.347246, 0.539901, 0.564923, 0.68116, 1, 

258,420,0.001, 0.0534387, 0.0863245, 0.106622, 0.117921, 0.178494, 0.196045, 0.204554, 0.204806, 0.217522, 0.282758, 0.539901, 0.564923, 1, 

320,287,0.001, 0.0371938, 0.0471085, 0.117012, 0.118345, 0.185998, 0.240151, 0.266939, 0.212765, 0.217522, 0.282758, 0.347246, 0.539901, 0.564923, 0.68116, 0.873288, 0.873465, 0.917703, 1, 

271,374,0.001, 0.0440043, 0.0675028, 0.0957964, 0.101953, 0.104206, 0.136085, 0.208351, 0.212765, 0.217522, 0.282758, 0.395085, 0.347246, 0.539901, 0.564923, 0.68116, 0.787351, 0.873288, 0.873465, 0.917703, 1, 

262,375,0.001, 0.0440043, 0.0675028, 0.0957964, 0.101953, 0.104206, 0.136085, 0.208351, 0.212765, 0.217522, 0.282758, 0.347246, 0.539901, 0.564923, 0.68116, 0.787351, 0.873288, 0.873465, 0.917703, 1, 

Generation #19
250,547,0.001, 0.0906348, 0.188051, 0.189832, 0.234907, 0.24749, 0.489123, 0.570819, 0.782472, 0.853259, 1, 

258,420,0.001, 0.0534387, 0.0863245, 0.106622, 0.117921, 0.178494, 0.196045, 0.204554, 0.204806, 0.217522, 0.282758, 0.539901, 0.564923, 1, 

320,287,0.001, 0.0371938, 0.0471085, 0.117012, 0.118345, 0.185998, 0.240151, 0.266939, 0.212765, 0.217522, 0.282758, 0.347246, 0.539901, 0.564923, 0.68116, 0.873288, 0.873465, 0.917703, 1, 

262,375,0.001, 0.0440043, 0.0675028, 0.0957964, 0.101953, 0.104206, 0.136085, 0.208351, 0.212765, 0.217522, 0.282758, 0.347246, 0.539901, 0.564923, 0.68116, 0.787351, 0.873288, 0.873465, 0.917703, 1, 

256,444,0.001, 0.0440043, 0.0675028, 0.0957964, 0.101953, 0.104206, 0.136085, 0.208351, 0.212765, 0.217522, 0.282758, 0.799532, 1, 

252,464,0.001, 0.0371938, 0.0471085, 0.117012, 0.118345, 0.47525, 0.515888, 0.590412, 0.607448, 0.217522, 0.282758, 0.347246, 0.539901, 0.564923, 0.68116, 0.873288, 0.873465, 0.917703, 1, 

264,326,0.001, 0.0440043, 0.0675028, 0.0957964, 0.101953, 0.104206, 0.136085, 0.570819, 0.782472, 0.853259, 1, 

Generation #20
320,287,0.001, 0.0371938, 0.0471085, 0.117012, 0.118345, 0.185998, 0.240151, 0.266939, 0.212765, 0.217522, 0.282758, 0.347246, 0.539901, 0.564923, 0.68116, 0.873288, 0.873465, 0.917703, 1, 

262,375,0.001, 0.0440043, 0.0675028, 0.0957964, 0.101953, 0.104206, 0.136085, 0.208351, 0.212765, 0.217522, 0.282758, 0.347246, 0.539901, 0.564923, 0.68116, 0.787351, 0.873288, 0.873465, 0.917703, 1, 

264,326,0.001, 0.0440043, 0.0675028, 0.0957964, 0.101953, 0.104206, 0.136085, 0.570819, 0.782472, 0.853259, 1, 

243,418,0.001, 0.0440043, 0.0675028, 0.0957964, 0.117921, 0.104206, 0.136085, 0.212765, 0.217522, 0.282758, 0.799532, 1, 

Generation #21
320,287,0.001, 0.0371938, 0.0471085, 0.117012, 0.118345, 0.185998, 0.240151, 0.266939, 0.212765, 0.217522, 0.282758, 0.347246, 0.539901, 0.564923, 0.68116, 0.873288, 0.873465, 0.917703, 1, 

264,326,0.001, 0.0440043, 0.0675028, 0.0957964, 0.101953, 0.104206, 0.136085, 0.570819, 0.782472, 0.853259, 1, 

243,418,0.001, 0.0440043, 0.0675028, 0.0957964, 0.117921, 0.104206, 0.136085, 0.212765, 0.217522, 0.282758, 0.799532, 1, 

256,361,0.001, 0.0440043, 0.0675028, 0.0957964, 0.101953, 0.104206, 0.136085, 0.208351, 0.212765, 0.217522, 0.282758, 0.799532, 1, 

Generation #22
320,287,0.001, 0.0371938, 0.0471085, 0.117012, 0.118345, 0.185998, 0.240151, 0.266939, 0.212765, 0.217522, 0.282758, 0.347246, 0.539901, 0.564923, 0.68116, 0.873288, 0.873465, 0.917703, 1, 

264,326,0.001, 0.0440043, 0.0675028, 0.0957964, 0.101953, 0.104206, 0.136085, 0.570819, 0.782472, 0.853259, 1, 

243,418,0.001, 0.0440043, 0.0675028, 0.0957964, 0.117921, 0.104206, 0.136085, 0.212765, 0.217522, 0.282758, 0.799532, 1, 

256,361,0.001, 0.0440043, 0.0675028, 0.0957964, 0.101953, 0.104206, 0.136085, 0.208351, 0.212765, 0.217522, 0.282758, 0.799532, 1, 

Generation #23
320,287,0.001, 0.0371938, 0.0471085, 0.117012, 0.118345, 0.185998, 0.240151, 0.266939, 0.212765, 0.217522, 0.282758, 0.347246, 0.539901, 0.564923, 0.68116, 0.873288, 0.873465, 0.917703, 1, 

264,326,0.001, 0.0440043, 0.0675028, 0.0957964, 0.101953, 0.104206, 0.136085, 0.570819, 0.782472, 0.853259, 1, 

243,418,0.001, 0.0440043, 0.0675028, 0.0957964, 0.117921, 0.104206, 0.136085, 0.212765, 0.217522, 0.282758, 0.799532, 1, 

256,361,0.001, 0.0440043, 0.0675028, 0.0957964, 0.101953, 0.104206, 0.136085, 0.208351, 0.212765, 0.217522, 0.282758, 0.799532, 1, 

251,403,0.001, 0.0440043, 0.0675028, 0.0957964, 0.101953, 0.104206, 0.136085, 0.208351, 0.212765, 0.217522, 0.282758, 0.347246, 0.539901, 0.564923, 0.68116, 1, 

Generation #24
320,287,0.001, 0.0371938, 0.0471085, 0.117012, 0.118345, 0.185998, 0.240151, 0.266939, 0.212765, 0.217522, 0.282758, 0.347246, 0.539901, 0.564923, 0.68116, 0.873288, 0.873465, 0.917703, 1, 

264,326,0.001, 0.0440043, 0.0675028, 0.0957964, 0.101953, 0.104206, 0.136085, 0.570819, 0.782472, 0.853259, 1, 

243,418,0.001, 0.0440043, 0.0675028, 0.0957964, 0.117921, 0.104206, 0.136085, 0.212765, 0.217522, 0.282758, 0.799532, 1, 

256,361,0.001, 0.0440043, 0.0675028, 0.0957964, 0.101953, 0.104206, 0.136085, 0.208351, 0.212765, 0.217522, 0.282758, 0.799532, 1, 

251,403,0.001, 0.0440043, 0.0675028, 0.0957964, 0.101953, 0.104206, 0.136085, 0.208351, 0.212765, 0.217522, 0.282758, 0.347246, 0.539901, 0.564923, 0.68116, 1, 

Generation #25
320,287,0.001, 0.0371938, 0.0471085, 0.117012, 0.118345, 0.185998, 0.240151, 0.266939, 0.212765, 0.217522, 0.282758, 0.347246, 0.539901, 0.564923, 0.68116, 0.873288, 0.873465, 0.917703, 1, 

264,326,0.001, 0.0440043, 0.0675028, 0.0957964, 0.101953, 0.104206, 0.136085, 0.570819, 0.782472, 0.853259, 1, 

243,418,0.001, 0.0440043, 0.0675028, 0.0957964, 0.117921, 0.104206, 0.136085, 0.212765, 0.217522, 0.282758, 0.799532, 1, 

256,361,0.001, 0.0440043, 0.0675028, 0.0957964, 0.101953, 0.104206, 0.136085, 0.208351, 0.212765, 0.217522, 0.282758, 0.799532, 1, 

251,403,0.001, 0.0440043, 0.0675028, 0.0957964, 0.101953, 0.104206, 0.136085, 0.208351, 0.212765, 0.217522, 0.282758, 0.347246, 0.539901, 0.564923, 0.68116, 1, 

Generation #26
320,287,0.001, 0.0371938, 0.0471085, 0.117012, 0.118345, 0.185998, 0.240151, 0.266939, 0.212765, 0.217522, 0.282758, 0.347246, 0.539901, 0.564923, 0.68116, 0.873288, 0.873465, 0.917703, 1, 

264,326,0.001, 0.0440043, 0.0675028, 0.0957964, 0.101953, 0.104206, 0.136085, 0.570819, 0.782472, 0.853259, 1, 

243,418,0.001, 0.0440043, 0.0675028, 0.0957964, 0.117921, 0.104206, 0.136085, 0.212765, 0.217522, 0.282758, 0.799532, 1, 

256,361,0.001, 0.0440043, 0.0675028, 0.0957964, 0.101953, 0.104206, 0.136085, 0.208351, 0.212765, 0.217522, 0.282758, 0.799532, 1, 

251,403,0.001, 0.0440043, 0.0675028, 0.0957964, 0.101953, 0.104206, 0.136085, 0.208351, 0.212765, 0.217522, 0.282758, 0.347246, 0.539901, 0.564923, 0.68116, 1, 

Generation #27
320,287,0.001, 0.0371938, 0.0471085, 0.117012, 0.118345, 0.185998, 0.240151, 0.266939, 0.212765, 0.217522, 0.282758, 0.347246, 0.539901, 0.564923, 0.68116, 0.873288, 0.873465, 0.917703, 1, 

264,326,0.001, 0.0440043, 0.0675028, 0.0957964, 0.101953, 0.104206, 0.136085, 0.570819, 0.782472, 0.853259, 1, 

243,418,0.001, 0.0440043, 0.0675028, 0.0957964, 0.117921, 0.104206, 0.136085, 0.212765, 0.217522, 0.282758, 0.799532, 1, 

256,361,0.001, 0.0440043, 0.0675028, 0.0957964, 0.101953, 0.104206, 0.136085, 0.208351, 0.212765, 0.217522, 0.282758, 0.799532, 1, 

251,403,0.001, 0.0440043, 0.0675028, 0.0957964, 0.101953, 0.104206, 0.136085, 0.208351, 0.212765, 0.217522, 0.282758, 0.347246, 0.539901, 0.564923, 0.68116, 1, 

Generation #28
320,287,0.001, 0.0371938, 0.0471085, 0.117012, 0.118345, 0.185998, 0.240151, 0.266939, 0.212765, 0.217522, 0.282758, 0.347246, 0.539901, 0.564923, 0.68116, 0.873288, 0.873465, 0.917703, 1, 

264,326,0.001, 0.0440043, 0.0675028, 0.0957964, 0.101953, 0.104206, 0.136085, 0.570819, 0.782472, 0.853259, 1, 

243,418,0.001, 0.0440043, 0.0675028, 0.0957964, 0.117921, 0.104206, 0.136085, 0.212765, 0.217522, 0.282758, 0.799532, 1, 

256,361,0.001, 0.0440043, 0.0675028, 0.0957964, 0.101953, 0.104206, 0.136085, 0.208351, 0.212765, 0.217522, 0.282758, 0.799532, 1, 

251,403,0.001, 0.0440043, 0.0675028, 0.0957964, 0.101953, 0.104206, 0.136085, 0.208351, 0.212765, 0.217522, 0.282758, 0.347246, 0.539901, 0.564923, 0.68116, 1, 

Generation #29
320,287,0.001, 0.0371938, 0.0471085, 0.117012, 0.118345, 0.185998, 0.240151, 0.266939, 0.212765, 0.217522, 0.282758, 0.347246, 0.539901, 0.564923, 0.68116, 0.873288, 0.873465, 0.917703, 1, 

264,326,0.001, 0.0440043, 0.0675028, 0.0957964, 0.101953, 0.104206, 0.136085, 0.570819, 0.782472, 0.853259, 1, 

243,418,0.001, 0.0440043, 0.0675028, 0.0957964, 0.117921, 0.104206, 0.136085, 0.212765, 0.217522, 0.282758, 0.799532, 1, 

256,361,0.001, 0.0440043, 0.0675028, 0.0957964, 0.101953, 0.104206, 0.136085, 0.208351, 0.212765, 0.217522, 0.282758, 0.799532, 1, 

251,403,0.001, 0.0440043, 0.0675028, 0.0957964, 0.101953, 0.104206, 0.136085, 0.208351, 0.212765, 0.217522, 0.282758, 0.347246, 0.539901, 0.564923, 0.68116, 1, 

Generation #30
320,287,0.001, 0.0371938, 0.0471085, 0.117012, 0.118345, 0.185998, 0.240151, 0.266939, 0.212765, 0.217522, 0.282758, 0.347246, 0.539901, 0.564923, 0.68116, 0.873288, 0.873465, 0.917703, 1, 

264,326,0.001, 0.0440043, 0.0675028, 0.0957964, 0.101953, 0.104206, 0.136085, 0.570819, 0.782472, 0.853259, 1, 

243,418,0.001, 0.0440043, 0.0675028, 0.0957964, 0.117921, 0.104206, 0.136085, 0.212765, 0.217522, 0.282758, 0.799532, 1, 

256,361,0.001, 0.0440043, 0.0675028, 0.0957964, 0.101953, 0.104206, 0.136085, 0.208351, 0.212765, 0.217522, 0.282758, 0.799532, 1, 

251,403,0.001, 0.0440043, 0.0675028, 0.0957964, 0.101953, 0.104206, 0.136085, 0.208351, 0.212765, 0.217522, 0.282758, 0.347246, 0.539901, 0.564923, 0.68116, 1, 

Generation #31
320,287,0.001, 0.0371938, 0.0471085, 0.117012, 0.118345, 0.185998, 0.240151, 0.266939, 0.212765, 0.217522, 0.282758, 0.347246, 0.539901, 0.564923, 0.68116, 0.873288, 0.873465, 0.917703, 1, 

243,418,0.001, 0.0440043, 0.0675028, 0.0957964, 0.117921, 0.104206, 0.136085, 0.212765, 0.217522, 0.282758, 0.799532, 1, 

256,361,0.001, 0.0440043, 0.0675028, 0.0957964, 0.101953, 0.104206, 0.136085, 0.208351, 0.212765, 0.217522, 0.282758, 0.799532, 1, 

251,403,0.001, 0.0440043, 0.0675028, 0.0957964, 0.101953, 0.104206, 0.136085, 0.208351, 0.212765, 0.217522, 0.282758, 0.347246, 0.539901, 0.564923, 0.68116, 1, 

259,318,0.001, 0.0440043, 0.0675028, 0.0957964, 0.101953, 0.104206, 0.136085, 0.212765, 0.217522, 0.282758, 0.799532, 1, 

Generation #32
320,287,0.001, 0.0371938, 0.0471085, 0.117012, 0.118345, 0.185998, 0.240151, 0.266939, 0.212765, 0.217522, 0.282758, 0.347246, 0.539901, 0.564923, 0.68116, 0.873288, 0.873465, 0.917703, 1, 

243,418,0.001, 0.0440043, 0.0675028, 0.0957964, 0.117921, 0.104206, 0.136085, 0.212765, 0.217522, 0.282758, 0.799532, 1, 

256,361,0.001, 0.0440043, 0.0675028, 0.0957964, 0.101953, 0.104206, 0.136085, 0.208351, 0.212765, 0.217522, 0.282758, 0.799532, 1, 

251,403,0.001, 0.0440043, 0.0675028, 0.0957964, 0.101953, 0.104206, 0.136085, 0.208351, 0.212765, 0.217522, 0.282758, 0.347246, 0.539901, 0.564923, 0.68116, 1, 

259,318,0.001, 0.0440043, 0.0675028, 0.0957964, 0.101953, 0.104206, 0.136085, 0.212765, 0.217522, 0.282758, 0.799532, 1, 

279,296,0.001, 0.0440043, 0.0675028, 0.127271, 0.101953, 0.104206, 0.136085, 0.208351, 0.212765, 0.217522, 0.282758, 0.347246, 0.539901, 0.564923, 0.869148, 0.88823, 0.636665, 0.667442, 0.672141, 0.891409, 0.675884, 0.681072, 0.712187, 0.7767, 0.806895, 0.856291, 0.917203, 1, 

Generation #33
320,287,0.001, 0.0371938, 0.0471085, 0.117012, 0.118345, 0.185998, 0.240151, 0.266939, 0.212765, 0.217522, 0.282758, 0.347246, 0.539901, 0.564923, 0.68116, 0.873288, 0.873465, 0.917703, 1, 

243,418,0.001, 0.0440043, 0.0675028, 0.0957964, 0.117921, 0.104206, 0.136085, 0.212765, 0.217522, 0.282758, 0.799532, 1, 

251,403,0.001, 0.0440043, 0.0675028, 0.0957964, 0.101953, 0.104206, 0.136085, 0.208351, 0.212765, 0.217522, 0.282758, 0.347246, 0.539901, 0.564923, 0.68116, 1, 

279,296,0.001, 0.0440043, 0.0675028, 0.127271, 0.101953, 0.104206, 0.136085, 0.208351, 0.212765, 0.217522, 0.282758, 0.347246, 0.539901, 0.564923, 0.869148, 0.88823, 0.636665, 0.667442, 0.672141, 0.891409, 0.675884, 0.681072, 0.712187, 0.7767, 0.806895, 0.856291, 0.917203, 1, 

255,309,0.001, 0.0440043, 0.0675028, 0.0957964, 0.101953, 0.104206, 0.136085, 0.208351, 0.212765, 0.217522, 0.282758, 0.347246, 0.539901, 0.564923, 0.68116, 1, 

Generation #34
320,287,0.001, 0.0371938, 0.0471085, 0.117012, 0.118345, 0.185998, 0.240151, 0.266939, 0.212765, 0.217522, 0.282758, 0.347246, 0.539901, 0.564923, 0.68116, 0.873288, 0.873465, 0.917703, 1, 

243,418,0.001, 0.0440043, 0.0675028, 0.0957964, 0.117921, 0.104206, 0.136085, 0.212765, 0.217522, 0.282758, 0.799532, 1, 

251,403,0.001, 0.0440043, 0.0675028, 0.0957964, 0.101953, 0.104206, 0.136085, 0.208351, 0.212765, 0.217522, 0.282758, 0.347246, 0.539901, 0.564923, 0.68116, 1, 

279,296,0.001, 0.0440043, 0.0675028, 0.127271, 0.101953, 0.104206, 0.136085, 0.208351, 0.212765, 0.217522, 0.282758, 0.347246, 0.539901, 0.564923, 0.869148, 0.88823, 0.636665, 0.667442, 0.672141, 0.891409, 0.675884, 0.681072, 0.712187, 0.7767, 0.806895, 0.856291, 0.917203, 1, 

255,309,0.001, 0.0440043, 0.0675028, 0.0957964, 0.101953, 0.104206, 0.136085, 0.208351, 0.212765, 0.217522, 0.282758, 0.347246, 0.539901, 0.564923, 0.68116, 1, 

Generation #35
320,287,0.001, 0.0371938, 0.0471085, 0.117012, 0.118345, 0.185998, 0.240151, 0.266939, 0.212765, 0.217522, 0.282758, 0.347246, 0.539901, 0.564923, 0.68116, 0.873288, 0.873465, 0.917703, 1, 

243,418,0.001, 0.0440043, 0.0675028, 0.0957964, 0.117921, 0.104206, 0.136085, 0.212765, 0.217522, 0.282758, 0.799532, 1, 

251,403,0.001, 0.0440043, 0.0675028, 0.0957964, 0.101953, 0.104206, 0.136085, 0.208351, 0.212765, 0.217522, 0.282758, 0.347246, 0.539901, 0.564923, 0.68116, 1, 

279,296,0.001, 0.0440043, 0.0675028, 0.127271, 0.101953, 0.104206, 0.136085, 0.208351, 0.212765, 0.217522, 0.282758, 0.347246, 0.539901, 0.564923, 0.869148, 0.88823, 0.636665, 0.667442, 0.672141, 0.891409, 0.675884, 0.681072, 0.712187, 0.7767, 0.806895, 0.856291, 0.917203, 1, 

255,309,0.001, 0.0440043, 0.0675028, 0.0957964, 0.101953, 0.104206, 0.136085, 0.208351, 0.212765, 0.217522, 0.282758, 0.347246, 0.539901, 0.564923, 0.68116, 1, 

Generation #36
243,418,0.001, 0.0440043, 0.0675028, 0.0957964, 0.117921, 0.104206, 0.136085, 0.212765, 0.217522, 0.282758, 0.799532, 1, 

251,403,0.001, 0.0440043, 0.0675028, 0.0957964, 0.101953, 0.104206, 0.136085, 0.208351, 0.212765, 0.217522, 0.282758, 0.347246, 0.539901, 0.564923, 0.68116, 1, 

255,309,0.001, 0.0440043, 0.0675028, 0.0957964, 0.101953, 0.104206, 0.136085, 0.208351, 0.212765, 0.217522, 0.282758, 0.347246, 0.539901, 0.564923, 0.68116, 1, 

277,286,0.001, 0.0440043, 0.0675028, 0.0957964, 0.101953, 0.104206, 0.136085, 0.208351, 0.212765, 0.217522, 0.556657, 0.927791, 1, 

Generation #37
243,418,0.001, 0.0440043, 0.0675028, 0.0957964, 0.117921, 0.104206, 0.136085, 0.212765, 0.217522, 0.282758, 0.799532, 1, 

251,403,0.001, 0.0440043, 0.0675028, 0.0957964, 0.101953, 0.104206, 0.136085, 0.208351, 0.212765, 0.217522, 0.282758, 0.347246, 0.539901, 0.564923, 0.68116, 1, 

255,309,0.001, 0.0440043, 0.0675028, 0.0957964, 0.101953, 0.104206, 0.136085, 0.208351, 0.212765, 0.217522, 0.282758, 0.347246, 0.539901, 0.564923, 0.68116, 1, 

277,286,0.001, 0.0440043, 0.0675028, 0.0957964, 0.101953, 0.104206, 0.136085, 0.208351, 0.212765, 0.217522, 0.556657, 0.927791, 1, 

Generation #38
243,418,0.001, 0.0440043, 0.0675028, 0.0957964, 0.117921, 0.104206, 0.136085, 0.212765, 0.217522, 0.282758, 0.799532, 1, 

251,403,0.001, 0.0440043, 0.0675028, 0.0957964, 0.101953, 0.104206, 0.136085, 0.208351, 0.212765, 0.217522, 0.282758, 0.347246, 0.539901, 0.564923, 0.68116, 1, 

255,309,0.001, 0.0440043, 0.0675028, 0.0957964, 0.101953, 0.104206, 0.136085, 0.208351, 0.212765, 0.217522, 0.282758, 0.347246, 0.539901, 0.564923, 0.68116, 1, 

277,286,0.001, 0.0440043, 0.0675028, 0.0957964, 0.101953, 0.104206, 0.136085, 0.208351, 0.212765, 0.217522, 0.556657, 0.927791, 1, 

Generation #39
243,418,0.001, 0.0440043, 0.0675028, 0.0957964, 0.117921, 0.104206, 0.136085, 0.212765, 0.217522, 0.282758, 0.799532, 1, 

251,403,0.001, 0.0440043, 0.0675028, 0.0957964, 0.101953, 0.104206, 0.136085, 0.208351, 0.212765, 0.217522, 0.282758, 0.347246, 0.539901, 0.564923, 0.68116, 1, 

255,309,0.001, 0.0440043, 0.0675028, 0.0957964, 0.101953, 0.104206, 0.136085, 0.208351, 0.212765, 0.217522, 0.282758, 0.347246, 0.539901, 0.564923, 0.68116, 1, 

277,286,0.001, 0.0440043, 0.0675028, 0.0957964, 0.101953, 0.104206, 0.136085, 0.208351, 0.212765, 0.217522, 0.556657, 0.927791, 1, 

Generation #40
243,418,0.001, 0.0440043, 0.0675028, 0.0957964, 0.117921, 0.104206, 0.136085, 0.212765, 0.217522, 0.282758, 0.799532, 1, 

251,403,0.001, 0.0440043, 0.0675028, 0.0957964, 0.101953, 0.104206, 0.136085, 0.208351, 0.212765, 0.217522, 0.282758, 0.347246, 0.539901, 0.564923, 0.68116, 1, 

255,309,0.001, 0.0440043, 0.0675028, 0.0957964, 0.101953, 0.104206, 0.136085, 0.208351, 0.212765, 0.217522, 0.282758, 0.347246, 0.539901, 0.564923, 0.68116, 1, 

277,286,0.001, 0.0440043, 0.0675028, 0.0957964, 0.101953, 0.104206, 0.136085, 0.208351, 0.212765, 0.217522, 0.556657, 0.927791, 1, 

Generation #41
243,418,0.001, 0.0440043, 0.0675028, 0.0957964, 0.117921, 0.104206, 0.136085, 0.212765, 0.217522, 0.282758, 0.799532, 1, 

251,403,0.001, 0.0440043, 0.0675028, 0.0957964, 0.101953, 0.104206, 0.136085, 0.208351, 0.212765, 0.217522, 0.282758, 0.347246, 0.539901, 0.564923, 0.68116, 1, 

255,309,0.001, 0.0440043, 0.0675028, 0.0957964, 0.101953, 0.104206, 0.136085, 0.208351, 0.212765, 0.217522, 0.282758, 0.347246, 0.539901, 0.564923, 0.68116, 1, 

277,286,0.001, 0.0440043, 0.0675028, 0.0957964, 0.101953, 0.104206, 0.136085, 0.208351, 0.212765, 0.217522, 0.556657, 0.927791, 1, 

252,365,0.001, 0.0440043, 0.0675028, 0.0957964, 0.101953, 0.104206, 0.136085, 0.208351, 0.212765, 0.217522, 0.691092, 0.755061, 0.539901, 0.564923, 0.68116, 0.787351, 0.873288, 0.809501, 0.917703, 1, 

Generation #42
243,418,0.001, 0.0440043, 0.0675028, 0.0957964, 0.117921, 0.104206, 0.136085, 0.212765, 0.217522, 0.282758, 0.799532, 1, 

251,403,0.001, 0.0440043, 0.0675028, 0.0957964, 0.101953, 0.104206, 0.136085, 0.208351, 0.212765, 0.217522, 0.282758, 0.347246, 0.539901, 0.564923, 0.68116, 1, 

255,309,0.001, 0.0440043, 0.0675028, 0.0957964, 0.101953, 0.104206, 0.136085, 0.208351, 0.212765, 0.217522, 0.282758, 0.347246, 0.539901, 0.564923, 0.68116, 1, 

277,286,0.001, 0.0440043, 0.0675028, 0.0957964, 0.101953, 0.104206, 0.136085, 0.208351, 0.212765, 0.217522, 0.556657, 0.927791, 1, 

252,365,0.001, 0.0440043, 0.0675028, 0.0957964, 0.101953, 0.104206, 0.136085, 0.208351, 0.212765, 0.217522, 0.691092, 0.755061, 0.539901, 0.564923, 0.68116, 0.787351, 0.873288, 0.809501, 0.917703, 1, 

Generation #43
243,418,0.001, 0.0440043, 0.0675028, 0.0957964, 0.117921, 0.104206, 0.136085, 0.212765, 0.217522, 0.282758, 0.799532, 1, 

251,403,0.001, 0.0440043, 0.0675028, 0.0957964, 0.101953, 0.104206, 0.136085, 0.208351, 0.212765, 0.217522, 0.282758, 0.347246, 0.539901, 0.564923, 0.68116, 1, 

255,309,0.001, 0.0440043, 0.0675028, 0.0957964, 0.101953, 0.104206, 0.136085, 0.208351, 0.212765, 0.217522, 0.282758, 0.347246, 0.539901, 0.564923, 0.68116, 1, 

277,286,0.001, 0.0440043, 0.0675028, 0.0957964, 0.101953, 0.104206, 0.136085, 0.208351, 0.212765, 0.217522, 0.556657, 0.927791, 1, 

252,365,0.001, 0.0440043, 0.0675028, 0.0957964, 0.101953, 0.104206, 0.136085, 0.208351, 0.212765, 0.217522, 0.691092, 0.755061, 0.539901, 0.564923, 0.68116, 0.787351, 0.873288, 0.809501, 0.917703, 1, 

Generation #44
243,418,0.001, 0.0440043, 0.0675028, 0.0957964, 0.117921, 0.104206, 0.136085, 0.212765, 0.217522, 0.282758, 0.799532, 1, 

251,403,0.001, 0.0440043, 0.0675028, 0.0957964, 0.101953, 0.104206, 0.136085, 0.208351, 0.212765, 0.217522, 0.282758, 0.347246, 0.539901, 0.564923, 0.68116, 1, 

255,309,0.001, 0.0440043, 0.0675028, 0.0957964, 0.101953, 0.104206, 0.136085, 0.208351, 0.212765, 0.217522, 0.282758, 0.347246, 0.539901, 0.564923, 0.68116, 1, 

277,286,0.001, 0.0440043, 0.0675028, 0.0957964, 0.101953, 0.104206, 0.136085, 0.208351, 0.212765, 0.217522, 0.556657, 0.927791, 1, 

252,365,0.001, 0.0440043, 0.0675028, 0.0957964, 0.101953, 0.104206, 0.136085, 0.208351, 0.212765, 0.217522, 0.691092, 0.755061, 0.539901, 0.564923, 0.68116, 0.787351, 0.873288, 0.809501, 0.917703, 1, 

Generation #45
243,418,0.001, 0.0440043, 0.0675028, 0.0957964, 0.117921, 0.104206, 0.136085, 0.212765, 0.217522, 0.282758, 0.799532, 1, 

255,309,0.001, 0.0440043, 0.0675028, 0.0957964, 0.101953, 0.104206, 0.136085, 0.208351, 0.212765, 0.217522, 0.282758, 0.347246, 0.539901, 0.564923, 0.68116, 1, 

277,286,0.001, 0.0440043, 0.0675028, 0.0957964, 0.101953, 0.104206, 0.136085, 0.208351, 0.212765, 0.217522, 0.556657, 0.927791, 1, 

252,365,0.001, 0.0440043, 0.0675028, 0.0957964, 0.101953, 0.104206, 0.136085, 0.208351, 0.212765, 0.217522, 0.691092, 0.755061, 0.539901, 0.564923, 0.68116, 0.787351, 0.873288, 0.809501, 0.917703, 1, 

249,385,0.001, 0.0440043, 0.0675028, 0.0957964, 0.101953, 0.104206, 0.136085, 0.208351, 0.212765, 0.217522, 0.282758, 0.347246, 0.564923, 0.68116, 1, 

Generation #46
243,418,0.001, 0.0440043, 0.0675028, 0.0957964, 0.117921, 0.104206, 0.136085, 0.212765, 0.217522, 0.282758, 0.799532, 1, 

255,309,0.001, 0.0440043, 0.0675028, 0.0957964, 0.101953, 0.104206, 0.136085, 0.208351, 0.212765, 0.217522, 0.282758, 0.347246, 0.539901, 0.564923, 0.68116, 1, 

277,286,0.001, 0.0440043, 0.0675028, 0.0957964, 0.101953, 0.104206, 0.136085, 0.208351, 0.212765, 0.217522, 0.556657, 0.927791, 1, 

252,365,0.001, 0.0440043, 0.0675028, 0.0957964, 0.101953, 0.104206, 0.136085, 0.208351, 0.212765, 0.217522, 0.691092, 0.755061, 0.539901, 0.564923, 0.68116, 0.787351, 0.873288, 0.809501, 0.917703, 1, 

249,385,0.001, 0.0440043, 0.0675028, 0.0957964, 0.101953, 0.104206, 0.136085, 0.208351, 0.212765, 0.217522, 0.282758, 0.347246, 0.564923, 0.68116, 1, 

Generation #47
243,418,0.001, 0.0440043, 0.0675028, 0.0957964, 0.117921, 0.104206, 0.136085, 0.212765, 0.217522, 0.282758, 0.799532, 1, 

255,309,0.001, 0.0440043, 0.0675028, 0.0957964, 0.101953, 0.104206, 0.136085, 0.208351, 0.212765, 0.217522, 0.282758, 0.347246, 0.539901, 0.564923, 0.68116, 1, 

277,286,0.001, 0.0440043, 0.0675028, 0.0957964, 0.101953, 0.104206, 0.136085, 0.208351, 0.212765, 0.217522, 0.556657, 0.927791, 1, 

252,365,0.001, 0.0440043, 0.0675028, 0.0957964, 0.101953, 0.104206, 0.136085, 0.208351, 0.212765, 0.217522, 0.691092, 0.755061, 0.539901, 0.564923, 0.68116, 0.787351, 0.873288, 0.809501, 0.917703, 1, 

249,385,0.001, 0.0440043, 0.0675028, 0.0957964, 0.101953, 0.104206, 0.136085, 0.208351, 0.212765, 0.217522, 0.282758, 0.347246, 0.564923, 0.68116, 1, 

Generation #48
243,418,0.001, 0.0440043, 0.0675028, 0.0957964, 0.117921, 0.104206, 0.136085, 0.212765, 0.217522, 0.282758, 0.799532, 1, 

255,309,0.001, 0.0440043, 0.0675028, 0.0957964, 0.101953, 0.104206, 0.136085, 0.208351, 0.212765, 0.217522, 0.282758, 0.347246, 0.539901, 0.564923, 0.68116, 1, 

277,286,0.001, 0.0440043, 0.0675028, 0.0957964, 0.101953, 0.104206, 0.136085, 0.208351, 0.212765, 0.217522, 0.556657, 0.927791, 1, 

252,365,0.001, 0.0440043, 0.0675028, 0.0957964, 0.101953, 0.104206, 0.136085, 0.208351, 0.212765, 0.217522, 0.691092, 0.755061, 0.539901, 0.564923, 0.68116, 0.787351, 0.873288, 0.809501, 0.917703, 1, 

249,385,0.001, 0.0440043, 0.0675028, 0.0957964, 0.101953, 0.104206, 0.136085, 0.208351, 0.212765, 0.217522, 0.282758, 0.347246, 0.564923, 0.68116, 1, 

Generation #49
243,418,0.001, 0.0440043, 0.0675028, 0.0957964, 0.117921, 0.104206, 0.136085, 0.212765, 0.217522, 0.282758, 0.799532, 1, 

255,309,0.001, 0.0440043, 0.0675028, 0.0957964, 0.101953, 0.104206, 0.136085, 0.208351, 0.212765, 0.217522, 0.282758, 0.347246, 0.539901, 0.564923, 0.68116, 1, 

277,286,0.001, 0.0440043, 0.0675028, 0.0957964, 0.101953, 0.104206, 0.136085, 0.208351, 0.212765, 0.217522, 0.556657, 0.927791, 1, 

252,365,0.001, 0.0440043, 0.0675028, 0.0957964, 0.101953, 0.104206, 0.136085, 0.208351, 0.212765, 0.217522, 0.691092, 0.755061, 0.539901, 0.564923, 0.68116, 0.787351, 0.873288, 0.809501, 0.917703, 1, 

249,385,0.001, 0.0440043, 0.0675028, 0.0957964, 0.101953, 0.104206, 0.136085, 0.208351, 0.212765, 0.217522, 0.282758, 0.347246, 0.564923, 0.68116, 1, 

--- Pareto Front Solutions ---
Solution 0: N total=499 (N_initial=256, N_added=243), Time total=460 ms, Saved to: ./results/SPINS_t3_l4_pareto_0.csv, percents=0.001, 0.0440043, 0.0675028, 0.0957964, 0.117921, 0.104206, 0.136085, 0.212765, 0.217522, 0.282758, 0.799532, 1, 

Solution 1: N total=511 (N_initial=256, N_added=255), Time total=351 ms, Saved to: ./results/SPINS_t3_l4_pareto_1.csv, percents=0.001, 0.0440043, 0.0675028, 0.0957964, 0.101953, 0.104206, 0.136085, 0.208351, 0.212765, 0.217522, 0.282758, 0.347246, 0.539901, 0.564923, 0.68116, 1, 

Solution 2: N total=533 (N_initial=256, N_added=277), Time total=328 ms, Saved to: ./results/SPINS_t3_l4_pareto_2.csv, percents=0.001, 0.0440043, 0.0675028, 0.0957964, 0.101953, 0.104206, 0.136085, 0.208351, 0.212765, 0.217522, 0.556657, 0.927791, 1, 

Solution 3: N total=508 (N_initial=256, N_added=252), Time total=407 ms, Saved to: ./results/SPINS_t3_l4_pareto_3.csv, percents=0.001, 0.0440043, 0.0675028, 0.0957964, 0.101953, 0.104206, 0.136085, 0.208351, 0.212765, 0.217522, 0.691092, 0.755061, 0.539901, 0.564923, 0.68116, 0.787351, 0.873288, 0.809501, 0.917703, 1, 

Solution 4: N total=505 (N_initial=256, N_added=249), Time total=427 ms, Saved to: ./results/SPINS_t3_l4_pareto_4.csv, percents=0.001, 0.0440043, 0.0675028, 0.0957964, 0.101953, 0.104206, 0.136085, 0.208351, 0.212765, 0.217522, 0.282758, 0.347246, 0.564923, 0.68116, 1, 

