------------d=1, t=3, lambda=1, filename=./evaluation/SPINS/SPINS_3_1.csv------------
Computing partitioned counts of d-sets...
Ready to look at pairs based on partitioned counts...
First Stage N=93, Time=69
There are 6014 remaining non-locating pairs
--- Running GA Algorithm (phase2) ---
Running GA with std::execution::par
Generation #0
110,3051,0.001, 0.0777999, 0.166832, 0.242069, 0.257228, 0.258304, 0.387663, 0.615808, 0.651669, 0.732383, 0.80068, 1, 

118,2107,0.001, 0.0537338, 0.106666, 0.111303, 0.348809, 0.39629, 0.452333, 0.476821, 0.529451, 0.635177, 0.648952, 0.726148, 0.943837, 0.951523, 1, 

119,2011,0.001, 0.0652647, 0.0923021, 0.0938731, 0.18788, 0.279308, 0.321956, 0.395536, 0.440664, 0.503057, 0.558331, 0.599636, 0.622639, 0.667532, 0.718683, 0.735605, 0.75248, 0.863046, 0.870344, 0.885862, 1, 

123,1697,0.001, 0.0481836, 0.152529, 0.166563, 0.215614, 0.315211, 0.339545, 0.375901, 0.401264, 0.44847, 0.484486, 0.49426, 0.494827, 0.552829, 0.584441, 0.674566, 0.701407, 0.949534, 1, 

126,1174,0.001, 0.0219461, 0.0261442, 0.0262016, 0.0663368, 0.100799, 0.164494, 0.217953, 0.230267, 0.239707, 0.475426, 0.477239, 0.511489, 0.606937, 0.610299, 0.685118, 0.749872, 0.761045, 0.79815, 0.843834, 0.85952, 0.956795, 1, 

135,1162,0.001, 0.0254464, 0.0366954, 0.0698214, 0.10015, 0.173493, 0.182069, 0.201765, 0.215415, 0.215567, 0.254165, 0.298254, 0.324787, 0.363879, 0.391268, 0.504137, 0.516423, 0.523615, 0.547289, 0.599489, 0.601581, 0.63591, 0.637151, 0.649966, 0.652885, 0.667381, 0.687122, 0.797561, 0.838927, 0.978985, 1, 

Generation #1
110,3051,0.001, 0.0777999, 0.166832, 0.242069, 0.257228, 0.258304, 0.387663, 0.615808, 0.651669, 0.732383, 0.80068, 1, 

137,980,0.001, 0.0266537, 0.040253, 0.075425, 0.14546, 0.153692, 0.211271, 0.22996, 0.248763, 0.304855, 0.31975, 0.359774, 0.379474, 0.432226, 0.493915, 0.513683, 0.525324, 0.565476, 0.629407, 0.723999, 0.748353, 0.765408, 0.783513, 0.964962, 0.991353, 1, 

117,997,0.001, 0.016774, 0.0547898, 0.114905, 0.167029, 0.204664, 0.210881, 0.23582, 0.244813, 0.262717, 0.352138, 0.413039, 0.418693, 0.466229, 0.520547, 0.586388, 0.672046, 0.694611, 0.790018, 0.797249, 0.80785, 0.82484, 0.85428, 0.895432, 0.920324, 0.922448, 0.956867, 1, 

113,2998,0.001, 0.139454, 0.152472, 0.159417, 0.161031, 0.215706, 0.330756, 0.385246, 0.494171, 0.566406, 1, 

Generation #2
110,3051,0.001, 0.0777999, 0.166832, 0.242069, 0.257228, 0.258304, 0.387663, 0.615808, 0.651669, 0.732383, 0.80068, 1, 

117,997,0.001, 0.016774, 0.0547898, 0.114905, 0.167029, 0.204664, 0.210881, 0.23582, 0.244813, 0.262717, 0.352138, 0.413039, 0.418693, 0.466229, 0.520547, 0.586388, 0.672046, 0.694611, 0.790018, 0.797249, 0.80785, 0.82484, 0.85428, 0.895432, 0.920324, 0.922448, 0.956867, 1, 

113,1230,0.001, 0.016774, 0.0547898, 0.114905, 0.167029, 0.204664, 0.210881, 0.397921, 0.422169, 0.783244, 0.803073, 0.930679, 1, 

111,2154,0.001, 0.0211516, 0.13649, 0.23364, 0.23789, 0.25827, 0.299694, 0.381954, 0.494171, 0.566406, 1, 

118,816,0.001, 0.016774, 0.0234395, 0.0390873, 0.0460126, 0.10239, 0.111185, 0.134715, 0.142228, 0.147769, 0.457496, 0.545702, 0.635084, 0.715985, 0.776274, 0.79, 0.907809, 1, 

Generation #3
110,3051,0.001, 0.0777999, 0.166832, 0.242069, 0.257228, 0.258304, 0.387663, 0.615808, 0.651669, 0.732383, 0.80068, 1, 

113,1230,0.001, 0.016774, 0.0547898, 0.114905, 0.167029, 0.204664, 0.210881, 0.397921, 0.422169, 0.783244, 0.803073, 0.930679, 1, 

111,2154,0.001, 0.0211516, 0.13649, 0.23364, 0.23789, 0.25827, 0.299694, 0.381954, 0.494171, 0.566406, 1, 

118,816,0.001, 0.016774, 0.0234395, 0.0390873, 0.0460126, 0.10239, 0.111185, 0.134715, 0.142228, 0.147769, 0.457496, 0.545702, 0.635084, 0.715985, 0.776274, 0.79, 0.907809, 1, 

115,957,0.001, 0.0141455, 0.0218816, 0.0456565, 0.126535, 0.171676, 0.223503, 0.360442, 0.365705, 0.366474, 0.45636, 0.803073, 0.930679, 1, 

Generation #4
110,3051,0.001, 0.0777999, 0.166832, 0.242069, 0.257228, 0.258304, 0.387663, 0.615808, 0.651669, 0.732383, 0.80068, 1, 

113,1230,0.001, 0.016774, 0.0547898, 0.114905, 0.167029, 0.204664, 0.210881, 0.397921, 0.422169, 0.783244, 0.803073, 0.930679, 1, 

111,2154,0.001, 0.0211516, 0.13649, 0.23364, 0.23789, 0.25827, 0.299694, 0.381954, 0.494171, 0.566406, 1, 

118,816,0.001, 0.016774, 0.0234395, 0.0390873, 0.0460126, 0.10239, 0.111185, 0.134715, 0.142228, 0.147769, 0.457496, 0.545702, 0.635084, 0.715985, 0.776274, 0.79, 0.907809, 1, 

115,957,0.001, 0.0141455, 0.0218816, 0.0456565, 0.126535, 0.171676, 0.223503, 0.360442, 0.365705, 0.366474, 0.45636, 0.803073, 0.930679, 1, 

116,910,0.001, 0.0219461, 0.0261442, 0.0262016, 0.0663368, 0.100799, 0.153692, 0.211271, 0.147769, 0.164878, 0.792408, 0.827195, 1, 

Generation #5
110,3051,0.001, 0.0777999, 0.166832, 0.242069, 0.257228, 0.258304, 0.387663, 0.615808, 0.651669, 0.732383, 0.80068, 1, 

111,2154,0.001, 0.0211516, 0.13649, 0.23364, 0.23789, 0.25827, 0.299694, 0.381954, 0.494171, 0.566406, 1, 

118,816,0.001, 0.016774, 0.0234395, 0.0390873, 0.0460126, 0.10239, 0.111185, 0.134715, 0.142228, 0.147769, 0.457496, 0.545702, 0.635084, 0.715985, 0.776274, 0.79, 0.907809, 1, 

113,906,0.001, 0.017851, 0.0501659, 0.0513067, 0.110065, 0.176775, 0.164494, 0.217953, 0.248763, 0.566406, 1, 

Generation #6
110,3051,0.001, 0.0777999, 0.166832, 0.242069, 0.257228, 0.258304, 0.387663, 0.615808, 0.651669, 0.732383, 0.80068, 1, 

118,816,0.001, 0.016774, 0.0234395, 0.0390873, 0.0460126, 0.10239, 0.111185, 0.134715, 0.142228, 0.147769, 0.457496, 0.545702, 0.635084, 0.715985, 0.776274, 0.79, 0.907809, 1, 

113,906,0.001, 0.017851, 0.0501659, 0.0513067, 0.110065, 0.176775, 0.164494, 0.217953, 0.248763, 0.566406, 1, 

111,1146,0.001, 0.016774, 0.0547898, 0.114905, 0.161031, 0.141758, 0.215706, 0.330756, 0.236785, 0.385246, 0.566406, 1, 

Generation #7
118,816,0.001, 0.016774, 0.0234395, 0.0390873, 0.0460126, 0.10239, 0.111185, 0.134715, 0.142228, 0.147769, 0.457496, 0.545702, 0.635084, 0.715985, 0.776274, 0.79, 0.907809, 1, 

113,906,0.001, 0.017851, 0.0501659, 0.0513067, 0.110065, 0.176775, 0.164494, 0.217953, 0.248763, 0.566406, 1, 

111,1146,0.001, 0.016774, 0.0547898, 0.114905, 0.161031, 0.141758, 0.215706, 0.330756, 0.236785, 0.385246, 0.566406, 1, 

109,2835,0.001, 0.139454, 0.152472, 0.159417, 0.161031, 0.215706, 0.164494, 0.217953, 0.248763, 0.566406, 1, 

117,880,0.001, 0.0141455, 0.0218816, 0.040253, 0.075425, 0.14546, 0.153692, 0.211271, 0.560323, 0.597118, 0.737906, 0.917956, 0.993539, 1, 

Generation #8
118,816,0.001, 0.016774, 0.0234395, 0.0390873, 0.0460126, 0.10239, 0.111185, 0.134715, 0.142228, 0.147769, 0.457496, 0.545702, 0.635084, 0.715985, 0.776274, 0.79, 0.907809, 1, 

113,906,0.001, 0.017851, 0.0501659, 0.0513067, 0.110065, 0.176775, 0.164494, 0.217953, 0.248763, 0.566406, 1, 

111,1146,0.001, 0.016774, 0.0547898, 0.114905, 0.161031, 0.141758, 0.215706, 0.330756, 0.236785, 0.385246, 0.566406, 1, 

109,2835,0.001, 0.139454, 0.152472, 0.159417, 0.161031, 0.215706, 0.164494, 0.217953, 0.248763, 0.566406, 1, 

117,880,0.001, 0.0141455, 0.0218816, 0.040253, 0.075425, 0.14546, 0.153692, 0.211271, 0.560323, 0.597118, 0.737906, 0.917956, 0.993539, 1, 

108,3144,0.001, 0.142675, 0.144645, 0.243401, 0.419488, 0.422539, 0.551303, 0.673079, 0.81168, 0.385246, 0.566406, 1, 

112,1057,0.001, 0.0141455, 0.0390873, 0.0460126, 0.10239, 0.258304, 0.387663, 0.615808, 0.651669, 0.45393, 0.80068, 1, 

Generation #9
118,816,0.001, 0.016774, 0.0234395, 0.0390873, 0.0460126, 0.10239, 0.111185, 0.134715, 0.142228, 0.147769, 0.457496, 0.545702, 0.635084, 0.715985, 0.776274, 0.79, 0.907809, 1, 

113,906,0.001, 0.017851, 0.0501659, 0.0513067, 0.110065, 0.176775, 0.164494, 0.217953, 0.248763, 0.566406, 1, 

109,2835,0.001, 0.139454, 0.152472, 0.159417, 0.161031, 0.215706, 0.164494, 0.217953, 0.248763, 0.566406, 1, 

117,880,0.001, 0.0141455, 0.0218816, 0.040253, 0.075425, 0.14546, 0.153692, 0.211271, 0.560323, 0.597118, 0.737906, 0.917956, 0.993539, 1, 

108,3144,0.001, 0.142675, 0.144645, 0.243401, 0.419488, 0.422539, 0.551303, 0.673079, 0.81168, 0.385246, 0.566406, 1, 

111,1010,0.001, 0.0254464, 0.0366954, 0.040253, 0.0663368, 0.100799, 0.153692, 0.211271, 0.147769, 0.164878, 0.792408, 0.827195, 1, 

Generation #10
111,1010,0.001, 0.0254464, 0.0366954, 0.040253, 0.0663368, 0.100799, 0.153692, 0.211271, 0.147769, 0.164878, 0.792408, 0.827195, 1, 

113,828,0.001, 0.016774, 0.0234395, 0.0390873, 0.0460126, 0.10239, 0.111185, 0.134715, 0.142228, 0.147769, 0.457496, 0.545702, 0.635084, 0.715985, 0.432226, 0.858627, 0.936587, 1, 

108,1113,0.001, 0.0141455, 0.037516, 0.040253, 0.075425, 0.429448, 0.153692, 0.211271, 0.22996, 0.248763, 1, 

118,797,0.001, 0.016774, 0.0234395, 0.0390873, 0.0460126, 0.10239, 0.111185, 0.134715, 0.142228, 0.147769, 0.457496, 0.545702, 0.635084, 0.379474, 0.432226, 0.278742, 0.858627, 0.936587, 1, 

Generation #11
111,1010,0.001, 0.0254464, 0.0366954, 0.040253, 0.0663368, 0.100799, 0.153692, 0.211271, 0.147769, 0.164878, 0.792408, 0.827195, 1, 

113,828,0.001, 0.016774, 0.0234395, 0.0390873, 0.0460126, 0.10239, 0.111185, 0.134715, 0.142228, 0.147769, 0.457496, 0.545702, 0.635084, 0.715985, 0.432226, 0.858627, 0.936587, 1, 

108,1113,0.001, 0.0141455, 0.037516, 0.040253, 0.075425, 0.429448, 0.153692, 0.211271, 0.22996, 0.248763, 1, 

118,797,0.001, 0.016774, 0.0234395, 0.0390873, 0.0460126, 0.10239, 0.111185, 0.134715, 0.142228, 0.147769, 0.457496, 0.545702, 0.635084, 0.379474, 0.432226, 0.278742, 0.858627, 0.936587, 1, 

112,875,0.001, 0.016774, 0.0234395, 0.0390873, 0.0460126, 0.10239, 0.111185, 0.134715, 0.142228, 0.147769, 0.457496, 0.545702, 0.635084, 0.715985, 0.432226, 0.858627, 0.936587, 1, 

Generation #12
113,828,0.001, 0.016774, 0.0234395, 0.0390873, 0.0460126, 0.10239, 0.111185, 0.134715, 0.142228, 0.147769, 0.457496, 0.545702, 0.635084, 0.715985, 0.432226, 0.858627, 0.936587, 1, 

108,1113,0.001, 0.0141455, 0.037516, 0.040253, 0.075425, 0.429448, 0.153692, 0.211271, 0.22996, 0.248763, 1, 

118,797,0.001, 0.016774, 0.0234395, 0.0390873, 0.0460126, 0.10239, 0.111185, 0.134715, 0.142228, 0.147769, 0.457496, 0.545702, 0.635084, 0.379474, 0.432226, 0.278742, 0.858627, 0.936587, 1, 

112,875,0.001, 0.016774, 0.0234395, 0.0390873, 0.0460126, 0.10239, 0.111185, 0.134715, 0.142228, 0.147769, 0.457496, 0.545702, 0.635084, 0.715985, 0.432226, 0.858627, 0.936587, 1, 

111,931,0.001, 0.0141455, 0.0390873, 0.040253, 0.065861, 0.075425, 0.14546, 0.153692, 0.211271, 0.560323, 0.597118, 0.930679, 1, 

Generation #13
113,828,0.001, 0.016774, 0.0234395, 0.0390873, 0.0460126, 0.10239, 0.111185, 0.134715, 0.142228, 0.147769, 0.457496, 0.545702, 0.635084, 0.715985, 0.432226, 0.858627, 0.936587, 1, 

108,1113,0.001, 0.0141455, 0.037516, 0.040253, 0.075425, 0.429448, 0.153692, 0.211271, 0.22996, 0.248763, 1, 

118,797,0.001, 0.016774, 0.0234395, 0.0390873, 0.0460126, 0.10239, 0.111185, 0.134715, 0.142228, 0.147769, 0.457496, 0.545702, 0.635084, 0.379474, 0.432226, 0.278742, 0.858627, 0.936587, 1, 

112,875,0.001, 0.016774, 0.0234395, 0.0390873, 0.0460126, 0.10239, 0.111185, 0.134715, 0.142228, 0.147769, 0.457496, 0.545702, 0.635084, 0.715985, 0.432226, 0.858627, 0.936587, 1, 

111,931,0.001, 0.0141455, 0.0390873, 0.040253, 0.065861, 0.075425, 0.14546, 0.153692, 0.211271, 0.560323, 0.597118, 0.930679, 1, 

126,741,0.001, 0.016774, 0.0234395, 0.0390873, 0.0460126, 0.10239, 0.111185, 0.134715, 0.365705, 0.366474, 0.457496, 0.545702, 0.635084, 0.379474, 0.432226, 0.278742, 0.858627, 0.936587, 1, 

Generation #14
108,1113,0.001, 0.0141455, 0.037516, 0.040253, 0.075425, 0.429448, 0.153692, 0.211271, 0.22996, 0.248763, 1, 

118,797,0.001, 0.016774, 0.0234395, 0.0390873, 0.0460126, 0.10239, 0.111185, 0.134715, 0.142228, 0.147769, 0.457496, 0.545702, 0.635084, 0.379474, 0.432226, 0.278742, 0.858627, 0.936587, 1, 

126,741,0.001, 0.016774, 0.0234395, 0.0390873, 0.0460126, 0.10239, 0.111185, 0.134715, 0.365705, 0.366474, 0.457496, 0.545702, 0.635084, 0.379474, 0.432226, 0.278742, 0.858627, 0.936587, 1, 

110,820,0.001, 0.0141455, 0.0218816, 0.040253, 0.075425, 0.14546, 0.153692, 0.211271, 0.22996, 0.248763, 0.535233, 1, 

127,735,0.001, 0.0141455, 0.0218816, 0.040253, 0.065861, 0.10239, 0.111185, 0.134715, 0.142228, 0.147769, 0.457496, 0.545702, 0.635084, 0.715985, 0.432226, 0.858627, 0.936587, 1, 

Generation #15
108,1113,0.001, 0.0141455, 0.037516, 0.040253, 0.075425, 0.429448, 0.153692, 0.211271, 0.22996, 0.248763, 1, 

126,741,0.001, 0.016774, 0.0234395, 0.0390873, 0.0460126, 0.10239, 0.111185, 0.134715, 0.365705, 0.366474, 0.457496, 0.545702, 0.635084, 0.379474, 0.432226, 0.278742, 0.858627, 0.936587, 1, 

110,820,0.001, 0.0141455, 0.0218816, 0.040253, 0.075425, 0.14546, 0.153692, 0.211271, 0.22996, 0.248763, 0.535233, 1, 

127,735,0.001, 0.0141455, 0.0218816, 0.040253, 0.065861, 0.10239, 0.111185, 0.134715, 0.142228, 0.147769, 0.457496, 0.545702, 0.635084, 0.715985, 0.432226, 0.858627, 0.936587, 1, 

118,770,0.001, 0.0141455, 0.0218816, 0.0456565, 0.065861, 0.075425, 0.14546, 0.153692, 0.211271, 0.560323, 0.597118, 0.930679, 1, 

Generation #16
108,1113,0.001, 0.0141455, 0.037516, 0.040253, 0.075425, 0.429448, 0.153692, 0.211271, 0.22996, 0.248763, 1, 

126,741,0.001, 0.016774, 0.0234395, 0.0390873, 0.0460126, 0.10239, 0.111185, 0.134715, 0.365705, 0.366474, 0.457496, 0.545702, 0.635084, 0.379474, 0.432226, 0.278742, 0.858627, 0.936587, 1, 

110,820,0.001, 0.0141455, 0.0218816, 0.040253, 0.075425, 0.14546, 0.153692, 0.211271, 0.22996, 0.248763, 0.535233, 1, 

127,735,0.001, 0.0141455, 0.0218816, 0.040253, 0.065861, 0.10239, 0.111185, 0.134715, 0.142228, 0.147769, 0.457496, 0.545702, 0.635084, 0.715985, 0.432226, 0.858627, 0.936587, 1, 

117,756,0.001, 0.016774, 0.0234395, 0.0390873, 0.0460126, 0.10239, 0.111185, 0.211271, 0.22996, 0.248763, 0.535233, 1, 

Generation #17
126,741,0.001, 0.016774, 0.0234395, 0.0390873, 0.0460126, 0.10239, 0.111185, 0.134715, 0.365705, 0.366474, 0.457496, 0.545702, 0.635084, 0.379474, 0.432226, 0.278742, 0.858627, 0.936587, 1, 

127,735,0.001, 0.0141455, 0.0218816, 0.040253, 0.065861, 0.10239, 0.111185, 0.134715, 0.142228, 0.147769, 0.457496, 0.545702, 0.635084, 0.715985, 0.432226, 0.858627, 0.936587, 1, 

117,756,0.001, 0.016774, 0.0234395, 0.0390873, 0.0460126, 0.10239, 0.111185, 0.211271, 0.22996, 0.248763, 0.535233, 1, 

108,843,0.001, 0.0141455, 0.0390873, 0.040253, 0.139567, 0.065861, 0.075425, 0.14546, 0.153692, 0.211271, 0.560323, 0.597118, 1, 

110,805,0.001, 0.0141455, 0.0218816, 0.040253, 0.0460126, 0.10239, 0.111185, 0.134715, 0.142228, 0.147769, 0.457496, 0.930679, 1, 

Generation #18
126,741,0.001, 0.016774, 0.0234395, 0.0390873, 0.0460126, 0.10239, 0.111185, 0.134715, 0.365705, 0.366474, 0.457496, 0.545702, 0.635084, 0.379474, 0.432226, 0.278742, 0.858627, 0.936587, 1, 

127,735,0.001, 0.0141455, 0.0218816, 0.040253, 0.065861, 0.10239, 0.111185, 0.134715, 0.142228, 0.147769, 0.457496, 0.545702, 0.635084, 0.715985, 0.432226, 0.858627, 0.936587, 1, 

117,756,0.001, 0.016774, 0.0234395, 0.0390873, 0.0460126, 0.10239, 0.111185, 0.211271, 0.22996, 0.248763, 0.535233, 1, 

108,843,0.001, 0.0141455, 0.0390873, 0.040253, 0.139567, 0.065861, 0.075425, 0.14546, 0.153692, 0.211271, 0.560323, 0.597118, 1, 

110,805,0.001, 0.0141455, 0.0218816, 0.040253, 0.0460126, 0.10239, 0.111185, 0.134715, 0.142228, 0.147769, 0.457496, 0.930679, 1, 

Generation #19
126,741,0.001, 0.016774, 0.0234395, 0.0390873, 0.0460126, 0.10239, 0.111185, 0.134715, 0.365705, 0.366474, 0.457496, 0.545702, 0.635084, 0.379474, 0.432226, 0.278742, 0.858627, 0.936587, 1, 

127,735,0.001, 0.0141455, 0.0218816, 0.040253, 0.065861, 0.10239, 0.111185, 0.134715, 0.142228, 0.147769, 0.457496, 0.545702, 0.635084, 0.715985, 0.432226, 0.858627, 0.936587, 1, 

117,756,0.001, 0.016774, 0.0234395, 0.0390873, 0.0460126, 0.10239, 0.111185, 0.211271, 0.22996, 0.248763, 0.535233, 1, 

108,843,0.001, 0.0141455, 0.0390873, 0.040253, 0.139567, 0.065861, 0.075425, 0.14546, 0.153692, 0.211271, 0.560323, 0.597118, 1, 

110,805,0.001, 0.0141455, 0.0218816, 0.040253, 0.0460126, 0.10239, 0.111185, 0.134715, 0.142228, 0.147769, 0.457496, 0.930679, 1, 

116,758,0.001, 0.016774, 0.0234395, 0.0390873, 0.0460126, 0.10239, 0.111185, 0.134715, 0.365705, 0.366474, 0.457496, 0.545702, 0.635084, 0.715985, 0.776274, 0.79, 0.907809, 1, 

Generation #20
126,741,0.001, 0.016774, 0.0234395, 0.0390873, 0.0460126, 0.10239, 0.111185, 0.134715, 0.365705, 0.366474, 0.457496, 0.545702, 0.635084, 0.379474, 0.432226, 0.278742, 0.858627, 0.936587, 1, 

127,735,0.001, 0.0141455, 0.0218816, 0.040253, 0.065861, 0.10239, 0.111185, 0.134715, 0.142228, 0.147769, 0.457496, 0.545702, 0.635084, 0.715985, 0.432226, 0.858627, 0.936587, 1, 

117,756,0.001, 0.016774, 0.0234395, 0.0390873, 0.0460126, 0.10239, 0.111185, 0.211271, 0.22996, 0.248763, 0.535233, 1, 

108,843,0.001, 0.0141455, 0.0390873, 0.040253, 0.139567, 0.065861, 0.075425, 0.14546, 0.153692, 0.211271, 0.560323, 0.597118, 1, 

110,805,0.001, 0.0141455, 0.0218816, 0.040253, 0.0460126, 0.10239, 0.111185, 0.134715, 0.142228, 0.147769, 0.457496, 0.930679, 1, 

116,758,0.001, 0.016774, 0.0234395, 0.0390873, 0.0460126, 0.10239, 0.111185, 0.134715, 0.365705, 0.366474, 0.457496, 0.545702, 0.635084, 0.715985, 0.776274, 0.79, 0.907809, 1, 

Generation #21
117,756,0.001, 0.016774, 0.0234395, 0.0390873, 0.0460126, 0.10239, 0.111185, 0.211271, 0.22996, 0.248763, 0.535233, 1, 

108,843,0.001, 0.0141455, 0.0390873, 0.040253, 0.139567, 0.065861, 0.075425, 0.14546, 0.153692, 0.211271, 0.560323, 0.597118, 1, 

110,805,0.001, 0.0141455, 0.0218816, 0.040253, 0.0460126, 0.10239, 0.111185, 0.134715, 0.142228, 0.147769, 0.457496, 0.930679, 1, 

116,758,0.001, 0.016774, 0.0234395, 0.0390873, 0.0460126, 0.10239, 0.111185, 0.134715, 0.365705, 0.366474, 0.457496, 0.545702, 0.635084, 0.715985, 0.776274, 0.79, 0.907809, 1, 

122,716,0.001, 0.0141455, 0.037516, 0.040253, 0.0460126, 0.10239, 0.111185, 0.134715, 0.142228, 0.147769, 0.457496, 0.545702, 0.635084, 0.379474, 0.432226, 0.278742, 0.858627, 0.936587, 1, 

Generation #22
117,756,0.001, 0.016774, 0.0234395, 0.0390873, 0.0460126, 0.10239, 0.111185, 0.211271, 0.22996, 0.248763, 0.535233, 1, 

108,843,0.001, 0.0141455, 0.0390873, 0.040253, 0.139567, 0.065861, 0.075425, 0.14546, 0.153692, 0.211271, 0.560323, 0.597118, 1, 

110,805,0.001, 0.0141455, 0.0218816, 0.040253, 0.0460126, 0.10239, 0.111185, 0.134715, 0.142228, 0.147769, 0.457496, 0.930679, 1, 

116,758,0.001, 0.016774, 0.0234395, 0.0390873, 0.0460126, 0.10239, 0.111185, 0.134715, 0.365705, 0.366474, 0.457496, 0.545702, 0.635084, 0.715985, 0.776274, 0.79, 0.907809, 1, 

122,716,0.001, 0.0141455, 0.037516, 0.040253, 0.0460126, 0.10239, 0.111185, 0.134715, 0.142228, 0.147769, 0.457496, 0.545702, 0.635084, 0.379474, 0.432226, 0.278742, 0.858627, 0.936587, 1, 

118,719,0.001, 0.016774, 0.0234395, 0.0390873, 0.0460126, 0.10239, 0.111185, 0.134715, 0.142228, 0.248763, 0.304855, 0.31975, 0.635084, 0.715985, 0.432226, 0.858627, 0.936587, 1, 

Generation #23
108,843,0.001, 0.0141455, 0.0390873, 0.040253, 0.139567, 0.065861, 0.075425, 0.14546, 0.153692, 0.211271, 0.560323, 0.597118, 1, 

116,758,0.001, 0.016774, 0.0234395, 0.0390873, 0.0460126, 0.10239, 0.111185, 0.134715, 0.365705, 0.366474, 0.457496, 0.545702, 0.635084, 0.715985, 0.776274, 0.79, 0.907809, 1, 

118,719,0.001, 0.016774, 0.0234395, 0.0390873, 0.0460126, 0.10239, 0.111185, 0.134715, 0.142228, 0.248763, 0.304855, 0.31975, 0.635084, 0.715985, 0.432226, 0.858627, 0.936587, 1, 

117,748,0.001, 0.0141455, 0.0234395, 0.0390873, 0.0460126, 0.075425, 0.14546, 0.153692, 0.211271, 0.560323, 0.0159324, 0.597118, 0.930679, 1, 

110,785,0.001, 0.0141455, 0.0218816, 0.040253, 0.0460126, 0.10239, 0.134715, 0.142228, 0.147769, 0.457496, 0.930679, 1, 

121,711,0.001, 0.0141455, 0.0234395, 0.0390873, 0.0460126, 0.10239, 0.111185, 0.134715, 0.142228, 0.147769, 0.457496, 0.545702, 0.635084, 0.379474, 0.432226, 0.278742, 0.858627, 0.936587, 1, 

Generation #24
108,843,0.001, 0.0141455, 0.0390873, 0.040253, 0.139567, 0.065861, 0.075425, 0.14546, 0.153692, 0.211271, 0.560323, 0.597118, 1, 

116,758,0.001, 0.016774, 0.0234395, 0.0390873, 0.0460126, 0.10239, 0.111185, 0.134715, 0.365705, 0.366474, 0.457496, 0.545702, 0.635084, 0.715985, 0.776274, 0.79, 0.907809, 1, 

118,719,0.001, 0.016774, 0.0234395, 0.0390873, 0.0460126, 0.10239, 0.111185, 0.134715, 0.142228, 0.248763, 0.304855, 0.31975, 0.635084, 0.715985, 0.432226, 0.858627, 0.936587, 1, 

117,748,0.001, 0.0141455, 0.0234395, 0.0390873, 0.0460126, 0.075425, 0.14546, 0.153692, 0.211271, 0.560323, 0.0159324, 0.597118, 0.930679, 1, 

110,785,0.001, 0.0141455, 0.0218816, 0.040253, 0.0460126, 0.10239, 0.134715, 0.142228, 0.147769, 0.457496, 0.930679, 1, 

121,711,0.001, 0.0141455, 0.0234395, 0.0390873, 0.0460126, 0.10239, 0.111185, 0.134715, 0.142228, 0.147769, 0.457496, 0.545702, 0.635084, 0.379474, 0.432226, 0.278742, 0.858627, 0.936587, 1, 

Generation #25
108,843,0.001, 0.0141455, 0.0390873, 0.040253, 0.139567, 0.065861, 0.075425, 0.14546, 0.153692, 0.211271, 0.560323, 0.597118, 1, 

116,758,0.001, 0.016774, 0.0234395, 0.0390873, 0.0460126, 0.10239, 0.111185, 0.134715, 0.365705, 0.366474, 0.457496, 0.545702, 0.635084, 0.715985, 0.776274, 0.79, 0.907809, 1, 

118,719,0.001, 0.016774, 0.0234395, 0.0390873, 0.0460126, 0.10239, 0.111185, 0.134715, 0.142228, 0.248763, 0.304855, 0.31975, 0.635084, 0.715985, 0.432226, 0.858627, 0.936587, 1, 

117,748,0.001, 0.0141455, 0.0234395, 0.0390873, 0.0460126, 0.075425, 0.14546, 0.153692, 0.211271, 0.560323, 0.0159324, 0.597118, 0.930679, 1, 

110,785,0.001, 0.0141455, 0.0218816, 0.040253, 0.0460126, 0.10239, 0.134715, 0.142228, 0.147769, 0.457496, 0.930679, 1, 

121,711,0.001, 0.0141455, 0.0234395, 0.0390873, 0.0460126, 0.10239, 0.111185, 0.134715, 0.142228, 0.147769, 0.457496, 0.545702, 0.635084, 0.379474, 0.432226, 0.278742, 0.858627, 0.936587, 1, 

Generation #26
108,843,0.001, 0.0141455, 0.0390873, 0.040253, 0.139567, 0.065861, 0.075425, 0.14546, 0.153692, 0.211271, 0.560323, 0.597118, 1, 

116,758,0.001, 0.016774, 0.0234395, 0.0390873, 0.0460126, 0.10239, 0.111185, 0.134715, 0.365705, 0.366474, 0.457496, 0.545702, 0.635084, 0.715985, 0.776274, 0.79, 0.907809, 1, 

118,719,0.001, 0.016774, 0.0234395, 0.0390873, 0.0460126, 0.10239, 0.111185, 0.134715, 0.142228, 0.248763, 0.304855, 0.31975, 0.635084, 0.715985, 0.432226, 0.858627, 0.936587, 1, 

117,748,0.001, 0.0141455, 0.0234395, 0.0390873, 0.0460126, 0.075425, 0.14546, 0.153692, 0.211271, 0.560323, 0.0159324, 0.597118, 0.930679, 1, 

110,785,0.001, 0.0141455, 0.0218816, 0.040253, 0.0460126, 0.10239, 0.134715, 0.142228, 0.147769, 0.457496, 0.930679, 1, 

121,711,0.001, 0.0141455, 0.0234395, 0.0390873, 0.0460126, 0.10239, 0.111185, 0.134715, 0.142228, 0.147769, 0.457496, 0.545702, 0.635084, 0.379474, 0.432226, 0.278742, 0.858627, 0.936587, 1, 

Generation #27
108,843,0.001, 0.0141455, 0.0390873, 0.040253, 0.139567, 0.065861, 0.075425, 0.14546, 0.153692, 0.211271, 0.560323, 0.597118, 1, 

118,719,0.001, 0.016774, 0.0234395, 0.0390873, 0.0460126, 0.10239, 0.111185, 0.134715, 0.142228, 0.248763, 0.304855, 0.31975, 0.635084, 0.715985, 0.432226, 0.858627, 0.936587, 1, 

110,785,0.001, 0.0141455, 0.0218816, 0.040253, 0.0460126, 0.10239, 0.134715, 0.142228, 0.147769, 0.457496, 0.930679, 1, 

121,711,0.001, 0.0141455, 0.0234395, 0.0390873, 0.0460126, 0.10239, 0.111185, 0.134715, 0.142228, 0.147769, 0.457496, 0.545702, 0.635084, 0.379474, 0.432226, 0.278742, 0.858627, 0.936587, 1, 

114,724,0.001, 0.0141455, 0.0218816, 0.040253, 0.065861, 0.075425, 0.14546, 0.153692, 0.560323, 0.566406, 1, 

Generation #28
108,843,0.001, 0.0141455, 0.0390873, 0.040253, 0.139567, 0.065861, 0.075425, 0.14546, 0.153692, 0.211271, 0.560323, 0.597118, 1, 

118,719,0.001, 0.016774, 0.0234395, 0.0390873, 0.0460126, 0.10239, 0.111185, 0.134715, 0.142228, 0.248763, 0.304855, 0.31975, 0.635084, 0.715985, 0.432226, 0.858627, 0.936587, 1, 

110,785,0.001, 0.0141455, 0.0218816, 0.040253, 0.0460126, 0.10239, 0.134715, 0.142228, 0.147769, 0.457496, 0.930679, 1, 

121,711,0.001, 0.0141455, 0.0234395, 0.0390873, 0.0460126, 0.10239, 0.111185, 0.134715, 0.142228, 0.147769, 0.457496, 0.545702, 0.635084, 0.379474, 0.432226, 0.278742, 0.858627, 0.936587, 1, 

114,724,0.001, 0.0141455, 0.0218816, 0.040253, 0.065861, 0.075425, 0.14546, 0.153692, 0.560323, 0.566406, 1, 

Generation #29
108,843,0.001, 0.0141455, 0.0390873, 0.040253, 0.139567, 0.065861, 0.075425, 0.14546, 0.153692, 0.211271, 0.560323, 0.597118, 1, 

118,719,0.001, 0.016774, 0.0234395, 0.0390873, 0.0460126, 0.10239, 0.111185, 0.134715, 0.142228, 0.248763, 0.304855, 0.31975, 0.635084, 0.715985, 0.432226, 0.858627, 0.936587, 1, 

110,785,0.001, 0.0141455, 0.0218816, 0.040253, 0.0460126, 0.10239, 0.134715, 0.142228, 0.147769, 0.457496, 0.930679, 1, 

121,711,0.001, 0.0141455, 0.0234395, 0.0390873, 0.0460126, 0.10239, 0.111185, 0.134715, 0.142228, 0.147769, 0.457496, 0.545702, 0.635084, 0.379474, 0.432226, 0.278742, 0.858627, 0.936587, 1, 

114,724,0.001, 0.0141455, 0.0218816, 0.040253, 0.065861, 0.075425, 0.14546, 0.153692, 0.560323, 0.566406, 1, 

Generation #30
108,843,0.001, 0.0141455, 0.0390873, 0.040253, 0.139567, 0.065861, 0.075425, 0.14546, 0.153692, 0.211271, 0.560323, 0.597118, 1, 

118,719,0.001, 0.016774, 0.0234395, 0.0390873, 0.0460126, 0.10239, 0.111185, 0.134715, 0.142228, 0.248763, 0.304855, 0.31975, 0.635084, 0.715985, 0.432226, 0.858627, 0.936587, 1, 

110,785,0.001, 0.0141455, 0.0218816, 0.040253, 0.0460126, 0.10239, 0.134715, 0.142228, 0.147769, 0.457496, 0.930679, 1, 

121,711,0.001, 0.0141455, 0.0234395, 0.0390873, 0.0460126, 0.10239, 0.111185, 0.134715, 0.142228, 0.147769, 0.457496, 0.545702, 0.635084, 0.379474, 0.432226, 0.278742, 0.858627, 0.936587, 1, 

114,724,0.001, 0.0141455, 0.0218816, 0.040253, 0.065861, 0.075425, 0.14546, 0.153692, 0.560323, 0.566406, 1, 

Generation #31
108,843,0.001, 0.0141455, 0.0390873, 0.040253, 0.139567, 0.065861, 0.075425, 0.14546, 0.153692, 0.211271, 0.560323, 0.597118, 1, 

118,719,0.001, 0.016774, 0.0234395, 0.0390873, 0.0460126, 0.10239, 0.111185, 0.134715, 0.142228, 0.248763, 0.304855, 0.31975, 0.635084, 0.715985, 0.432226, 0.858627, 0.936587, 1, 

110,785,0.001, 0.0141455, 0.0218816, 0.040253, 0.0460126, 0.10239, 0.134715, 0.142228, 0.147769, 0.457496, 0.930679, 1, 

121,711,0.001, 0.0141455, 0.0234395, 0.0390873, 0.0460126, 0.10239, 0.111185, 0.134715, 0.142228, 0.147769, 0.457496, 0.545702, 0.635084, 0.379474, 0.432226, 0.278742, 0.858627, 0.936587, 1, 

114,724,0.001, 0.0141455, 0.0218816, 0.040253, 0.065861, 0.075425, 0.14546, 0.153692, 0.560323, 0.566406, 1, 

Generation #32
108,843,0.001, 0.0141455, 0.0390873, 0.040253, 0.139567, 0.065861, 0.075425, 0.14546, 0.153692, 0.211271, 0.560323, 0.597118, 1, 

110,785,0.001, 0.0141455, 0.0218816, 0.040253, 0.0460126, 0.10239, 0.134715, 0.142228, 0.147769, 0.457496, 0.930679, 1, 

112,708,0.0141455, 0.0234395, 0.0218816, 0.040253, 0.0460126, 0.10239, 0.111185, 0.211271, 0.22996, 0.248763, 0.535233, 1, 

Generation #33
108,843,0.001, 0.0141455, 0.0390873, 0.040253, 0.139567, 0.065861, 0.075425, 0.14546, 0.153692, 0.211271, 0.560323, 0.597118, 1, 

110,785,0.001, 0.0141455, 0.0218816, 0.040253, 0.0460126, 0.10239, 0.134715, 0.142228, 0.147769, 0.457496, 0.930679, 1, 

112,708,0.0141455, 0.0234395, 0.0218816, 0.040253, 0.0460126, 0.10239, 0.111185, 0.211271, 0.22996, 0.248763, 0.535233, 1, 

Generation #34
108,843,0.001, 0.0141455, 0.0390873, 0.040253, 0.139567, 0.065861, 0.075425, 0.14546, 0.153692, 0.211271, 0.560323, 0.597118, 1, 

110,785,0.001, 0.0141455, 0.0218816, 0.040253, 0.0460126, 0.10239, 0.134715, 0.142228, 0.147769, 0.457496, 0.930679, 1, 

112,708,0.0141455, 0.0234395, 0.0218816, 0.040253, 0.0460126, 0.10239, 0.111185, 0.211271, 0.22996, 0.248763, 0.535233, 1, 

Generation #35
108,843,0.001, 0.0141455, 0.0390873, 0.040253, 0.139567, 0.065861, 0.075425, 0.14546, 0.153692, 0.211271, 0.560323, 0.597118, 1, 

110,785,0.001, 0.0141455, 0.0218816, 0.040253, 0.0460126, 0.10239, 0.134715, 0.142228, 0.147769, 0.457496, 0.930679, 1, 

112,708,0.0141455, 0.0234395, 0.0218816, 0.040253, 0.0460126, 0.10239, 0.111185, 0.211271, 0.22996, 0.248763, 0.535233, 1, 

Generation #36
108,843,0.001, 0.0141455, 0.0390873, 0.040253, 0.139567, 0.065861, 0.075425, 0.14546, 0.153692, 0.211271, 0.560323, 0.597118, 1, 

110,785,0.001, 0.0141455, 0.0218816, 0.040253, 0.0460126, 0.10239, 0.134715, 0.142228, 0.147769, 0.457496, 0.930679, 1, 

112,708,0.0141455, 0.0234395, 0.0218816, 0.040253, 0.0460126, 0.10239, 0.111185, 0.211271, 0.22996, 0.248763, 0.535233, 1, 

Generation #37
108,843,0.001, 0.0141455, 0.0390873, 0.040253, 0.139567, 0.065861, 0.075425, 0.14546, 0.153692, 0.211271, 0.560323, 0.597118, 1, 

110,785,0.001, 0.0141455, 0.0218816, 0.040253, 0.0460126, 0.10239, 0.134715, 0.142228, 0.147769, 0.457496, 0.930679, 1, 

112,708,0.0141455, 0.0234395, 0.0218816, 0.040253, 0.0460126, 0.10239, 0.111185, 0.211271, 0.22996, 0.248763, 0.535233, 1, 

Generation #38
108,843,0.001, 0.0141455, 0.0390873, 0.040253, 0.139567, 0.065861, 0.075425, 0.14546, 0.153692, 0.211271, 0.560323, 0.597118, 1, 

110,785,0.001, 0.0141455, 0.0218816, 0.040253, 0.0460126, 0.10239, 0.134715, 0.142228, 0.147769, 0.457496, 0.930679, 1, 

112,708,0.0141455, 0.0234395, 0.0218816, 0.040253, 0.0460126, 0.10239, 0.111185, 0.211271, 0.22996, 0.248763, 0.535233, 1, 

Generation #39
108,843,0.001, 0.0141455, 0.0390873, 0.040253, 0.139567, 0.065861, 0.075425, 0.14546, 0.153692, 0.211271, 0.560323, 0.597118, 1, 

110,785,0.001, 0.0141455, 0.0218816, 0.040253, 0.0460126, 0.10239, 0.134715, 0.142228, 0.147769, 0.457496, 0.930679, 1, 

112,708,0.0141455, 0.0234395, 0.0218816, 0.040253, 0.0460126, 0.10239, 0.111185, 0.211271, 0.22996, 0.248763, 0.535233, 1, 

Generation #40
108,843,0.001, 0.0141455, 0.0390873, 0.040253, 0.139567, 0.065861, 0.075425, 0.14546, 0.153692, 0.211271, 0.560323, 0.597118, 1, 

110,785,0.001, 0.0141455, 0.0218816, 0.040253, 0.0460126, 0.10239, 0.134715, 0.142228, 0.147769, 0.457496, 0.930679, 1, 

112,708,0.0141455, 0.0234395, 0.0218816, 0.040253, 0.0460126, 0.10239, 0.111185, 0.211271, 0.22996, 0.248763, 0.535233, 1, 

Generation #41
108,843,0.001, 0.0141455, 0.0390873, 0.040253, 0.139567, 0.065861, 0.075425, 0.14546, 0.153692, 0.211271, 0.560323, 0.597118, 1, 

110,785,0.001, 0.0141455, 0.0218816, 0.040253, 0.0460126, 0.10239, 0.134715, 0.142228, 0.147769, 0.457496, 0.930679, 1, 

112,708,0.0141455, 0.0234395, 0.0218816, 0.040253, 0.0460126, 0.10239, 0.111185, 0.211271, 0.22996, 0.248763, 0.535233, 1, 

Generation #42
108,843,0.001, 0.0141455, 0.0390873, 0.040253, 0.139567, 0.065861, 0.075425, 0.14546, 0.153692, 0.211271, 0.560323, 0.597118, 1, 

110,785,0.001, 0.0141455, 0.0218816, 0.040253, 0.0460126, 0.10239, 0.134715, 0.142228, 0.147769, 0.457496, 0.930679, 1, 

112,708,0.0141455, 0.0234395, 0.0218816, 0.040253, 0.0460126, 0.10239, 0.111185, 0.211271, 0.22996, 0.248763, 0.535233, 1, 

Generation #43
108,843,0.001, 0.0141455, 0.0390873, 0.040253, 0.139567, 0.065861, 0.075425, 0.14546, 0.153692, 0.211271, 0.560323, 0.597118, 1, 

110,785,0.001, 0.0141455, 0.0218816, 0.040253, 0.0460126, 0.10239, 0.134715, 0.142228, 0.147769, 0.457496, 0.930679, 1, 

112,708,0.0141455, 0.0234395, 0.0218816, 0.040253, 0.0460126, 0.10239, 0.111185, 0.211271, 0.22996, 0.248763, 0.535233, 1, 

Generation #44
108,843,0.001, 0.0141455, 0.0390873, 0.040253, 0.139567, 0.065861, 0.075425, 0.14546, 0.153692, 0.211271, 0.560323, 0.597118, 1, 

110,785,0.001, 0.0141455, 0.0218816, 0.040253, 0.0460126, 0.10239, 0.134715, 0.142228, 0.147769, 0.457496, 0.930679, 1, 

112,708,0.0141455, 0.0234395, 0.0218816, 0.040253, 0.0460126, 0.10239, 0.111185, 0.211271, 0.22996, 0.248763, 0.535233, 1, 

Generation #45
108,843,0.001, 0.0141455, 0.0390873, 0.040253, 0.139567, 0.065861, 0.075425, 0.14546, 0.153692, 0.211271, 0.560323, 0.597118, 1, 

110,785,0.001, 0.0141455, 0.0218816, 0.040253, 0.0460126, 0.10239, 0.134715, 0.142228, 0.147769, 0.457496, 0.930679, 1, 

112,708,0.0141455, 0.0234395, 0.0218816, 0.040253, 0.0460126, 0.10239, 0.111185, 0.211271, 0.22996, 0.248763, 0.535233, 1, 

111,777,0.001, 0.0141455, 0.0234395, 0.0390873, 0.0460126, 0.075425, 0.14546, 0.153692, 0.211271, 0.560323, 0.566406, 1, 

109,788,0.001, 0.0141455, 0.0218816, 0.040253, 0.0460126, 0.10239, 0.111185, 0.134715, 0.248763, 0.304855, 0.545702, 1, 

116,699,0.0141455, 0.0234395, 0.0218816, 0.040253, 0.0460126, 0.075425, 0.14546, 0.153692, 0.211271, 0.560323, 0.0159324, 0.597118, 0.930679, 1, 

Generation #46
108,843,0.001, 0.0141455, 0.0390873, 0.040253, 0.139567, 0.065861, 0.075425, 0.14546, 0.153692, 0.211271, 0.560323, 0.597118, 1, 

110,785,0.001, 0.0141455, 0.0218816, 0.040253, 0.0460126, 0.10239, 0.134715, 0.142228, 0.147769, 0.457496, 0.930679, 1, 

112,708,0.0141455, 0.0234395, 0.0218816, 0.040253, 0.0460126, 0.10239, 0.111185, 0.211271, 0.22996, 0.248763, 0.535233, 1, 

111,777,0.001, 0.0141455, 0.0234395, 0.0390873, 0.0460126, 0.075425, 0.14546, 0.153692, 0.211271, 0.560323, 0.566406, 1, 

109,788,0.001, 0.0141455, 0.0218816, 0.040253, 0.0460126, 0.10239, 0.111185, 0.134715, 0.248763, 0.304855, 0.545702, 1, 

116,699,0.0141455, 0.0234395, 0.0218816, 0.040253, 0.0460126, 0.075425, 0.14546, 0.153692, 0.211271, 0.560323, 0.0159324, 0.597118, 0.930679, 1, 

Generation #47
108,843,0.001, 0.0141455, 0.0390873, 0.040253, 0.139567, 0.065861, 0.075425, 0.14546, 0.153692, 0.211271, 0.560323, 0.597118, 1, 

110,785,0.001, 0.0141455, 0.0218816, 0.040253, 0.0460126, 0.10239, 0.134715, 0.142228, 0.147769, 0.457496, 0.930679, 1, 

112,708,0.0141455, 0.0234395, 0.0218816, 0.040253, 0.0460126, 0.10239, 0.111185, 0.211271, 0.22996, 0.248763, 0.535233, 1, 

111,777,0.001, 0.0141455, 0.0234395, 0.0390873, 0.0460126, 0.075425, 0.14546, 0.153692, 0.211271, 0.560323, 0.566406, 1, 

109,788,0.001, 0.0141455, 0.0218816, 0.040253, 0.0460126, 0.10239, 0.111185, 0.134715, 0.248763, 0.304855, 0.545702, 1, 

116,699,0.0141455, 0.0234395, 0.0218816, 0.040253, 0.0460126, 0.075425, 0.14546, 0.153692, 0.211271, 0.560323, 0.0159324, 0.597118, 0.930679, 1, 

Generation #48
108,843,0.001, 0.0141455, 0.0390873, 0.040253, 0.139567, 0.065861, 0.075425, 0.14546, 0.153692, 0.211271, 0.560323, 0.597118, 1, 

110,785,0.001, 0.0141455, 0.0218816, 0.040253, 0.0460126, 0.10239, 0.134715, 0.142228, 0.147769, 0.457496, 0.930679, 1, 

112,708,0.0141455, 0.0234395, 0.0218816, 0.040253, 0.0460126, 0.10239, 0.111185, 0.211271, 0.22996, 0.248763, 0.535233, 1, 

111,777,0.001, 0.0141455, 0.0234395, 0.0390873, 0.0460126, 0.075425, 0.14546, 0.153692, 0.211271, 0.560323, 0.566406, 1, 

109,788,0.001, 0.0141455, 0.0218816, 0.040253, 0.0460126, 0.10239, 0.111185, 0.134715, 0.248763, 0.304855, 0.545702, 1, 

116,699,0.0141455, 0.0234395, 0.0218816, 0.040253, 0.0460126, 0.075425, 0.14546, 0.153692, 0.211271, 0.560323, 0.0159324, 0.597118, 0.930679, 1, 

Generation #49
108,843,0.001, 0.0141455, 0.0390873, 0.040253, 0.139567, 0.065861, 0.075425, 0.14546, 0.153692, 0.211271, 0.560323, 0.597118, 1, 

110,785,0.001, 0.0141455, 0.0218816, 0.040253, 0.0460126, 0.10239, 0.134715, 0.142228, 0.147769, 0.457496, 0.930679, 1, 

112,708,0.0141455, 0.0234395, 0.0218816, 0.040253, 0.0460126, 0.10239, 0.111185, 0.211271, 0.22996, 0.248763, 0.535233, 1, 

111,777,0.001, 0.0141455, 0.0234395, 0.0390873, 0.0460126, 0.075425, 0.14546, 0.153692, 0.211271, 0.560323, 0.566406, 1, 

109,788,0.001, 0.0141455, 0.0218816, 0.040253, 0.0460126, 0.10239, 0.111185, 0.134715, 0.248763, 0.304855, 0.545702, 1, 

116,699,0.0141455, 0.0234395, 0.0218816, 0.040253, 0.0460126, 0.075425, 0.14546, 0.153692, 0.211271, 0.560323, 0.0159324, 0.597118, 0.930679, 1, 

--- Pareto Front Solutions ---
Solution 0: N total=201 (N_initial=93, N_added=108), Time total=912 ms, Saved to: ./results/SPINS_t3_l1_pareto_0.csv, percents=0.001, 0.0141455, 0.0390873, 0.040253, 0.139567, 0.065861, 0.075425, 0.14546, 0.153692, 0.211271, 0.560323, 0.597118, 1, 

Solution 1: N total=203 (N_initial=93, N_added=110), Time total=854 ms, Saved to: ./results/SPINS_t3_l1_pareto_1.csv, percents=0.001, 0.0141455, 0.0218816, 0.040253, 0.0460126, 0.10239, 0.134715, 0.142228, 0.147769, 0.457496, 0.930679, 1, 

Solution 2: N total=205 (N_initial=93, N_added=112), Time total=777 ms, Saved to: ./results/SPINS_t3_l1_pareto_2.csv, percents=0.0141455, 0.0234395, 0.0218816, 0.040253, 0.0460126, 0.10239, 0.111185, 0.211271, 0.22996, 0.248763, 0.535233, 1, 

Solution 3: N total=204 (N_initial=93, N_added=111), Time total=846 ms, Saved to: ./results/SPINS_t3_l1_pareto_3.csv, percents=0.001, 0.0141455, 0.0234395, 0.0390873, 0.0460126, 0.075425, 0.14546, 0.153692, 0.211271, 0.560323, 0.566406, 1, 

Solution 4: N total=202 (N_initial=93, N_added=109), Time total=857 ms, Saved to: ./results/SPINS_t3_l1_pareto_4.csv, percents=0.001, 0.0141455, 0.0218816, 0.040253, 0.0460126, 0.10239, 0.111185, 0.134715, 0.248763, 0.304855, 0.545702, 1, 

Solution 5: N total=209 (N_initial=93, N_added=116), Time total=768 ms, Saved to: ./results/SPINS_t3_l1_pareto_5.csv, percents=0.0141455, 0.0234395, 0.0218816, 0.040253, 0.0460126, 0.075425, 0.14546, 0.153692, 0.211271, 0.560323, 0.0159324, 0.597118, 0.930679, 1, 

------------d=1, t=3, lambda=2, filename=./evaluation/SPINS/SPINS_3_2.csv------------
Computing partitioned counts of d-sets...
Ready to look at pairs based on partitioned counts...
First Stage N=129, Time=54
There are 746 remaining non-locating pairs
--- Running GA Algorithm (phase2) ---
Running GA with std::execution::par
Generation #0
151,612,0.001, 0.0516401, 0.10717, 0.117568, 0.138128, 0.1454, 0.194701, 0.251917, 0.252063, 0.295637, 0.316272, 0.322217, 0.331736, 0.377676, 0.381104, 0.444513, 0.446092, 0.460821, 0.487796, 0.521196, 0.542084, 0.549806, 0.672933, 0.699613, 0.78743, 0.97234, 1, 

149,997,0.001, 0.114041, 0.132629, 0.165685, 0.23467, 0.234918, 0.304946, 0.465176, 0.515207, 0.601881, 0.76198, 0.785855, 1, 

165,428,0.001, 0.0407126, 0.0412898, 0.0807394, 0.110284, 0.134967, 0.174148, 0.183973, 0.316273, 0.381593, 0.399572, 0.452972, 0.464742, 0.473361, 0.544526, 0.561959, 0.563484, 0.616653, 0.647535, 0.663491, 0.714597, 0.754662, 0.80743, 0.866693, 0.902048, 0.96617, 0.966379, 1, 

156,469,0.001, 0.0545382, 0.0728045, 0.0997596, 0.107407, 0.110796, 0.17301, 0.184092, 0.204936, 0.236413, 0.250144, 0.310452, 0.312832, 0.315391, 0.356533, 0.480912, 0.487704, 0.557227, 0.562768, 0.607153, 0.636758, 0.644781, 0.66554, 0.70422, 0.731516, 0.740367, 0.784322, 0.785468, 0.8767, 0.895819, 1, 

150,739,0.001, 0.0721192, 0.0751143, 0.0961159, 0.164788, 0.217645, 0.249554, 0.266117, 0.865286, 0.905271, 1, 

152,575,0.001, 0.0346377, 0.116367, 0.125621, 0.192808, 0.222545, 0.226362, 0.242312, 0.256668, 0.289897, 0.308318, 0.340589, 0.396615, 0.48343, 0.524594, 0.647218, 0.655224, 0.790927, 0.793472, 0.834719, 0.858175, 0.927939, 0.936267, 0.94356, 0.950234, 0.962052, 0.976928, 0.994859, 1, 

Generation #1
144,641,0.001, 0.0516401, 0.166687, 0.176128, 0.210767, 0.251149, 0.257496, 0.423918, 0.575721, 0.666094, 0.758764, 0.813518, 0.821648, 0.909096, 1, 

147,537,0.001, 0.0493684, 0.110711, 0.132615, 0.168514, 0.181615, 0.250657, 0.294336, 0.355847, 0.368864, 0.38316, 0.429088, 0.52265, 0.534987, 0.593575, 0.616772, 0.63492, 0.646708, 0.655707, 0.662893, 0.7001, 0.716736, 0.735318, 0.945044, 0.963334, 1, 

153,421,0.001, 0.0360859, 0.0569162, 0.0627768, 0.128568, 0.191069, 0.208097, 0.225675, 0.225731, 0.263264, 0.264985, 0.289138, 0.330709, 0.339352, 0.350159, 0.376355, 0.405864, 0.44566, 0.481242, 0.567869, 0.72109, 0.949463, 1, 

Generation #2
147,537,0.001, 0.0493684, 0.110711, 0.132615, 0.168514, 0.181615, 0.250657, 0.294336, 0.355847, 0.368864, 0.38316, 0.429088, 0.52265, 0.534987, 0.593575, 0.616772, 0.63492, 0.646708, 0.655707, 0.662893, 0.7001, 0.716736, 0.735318, 0.945044, 0.963334, 1, 

144,606,0.001, 0.0622683, 0.104689, 0.118104, 0.175139, 0.215466, 0.227942, 0.425239, 0.677548, 0.945795, 0.96659, 1, 

150,404,0.001, 0.033698, 0.127535, 0.17287, 0.206294, 0.297463, 0.208097, 0.423918, 0.575721, 0.666094, 0.758764, 0.813518, 0.821648, 0.909096, 1, 

Generation #3
144,606,0.001, 0.0622683, 0.104689, 0.118104, 0.175139, 0.215466, 0.227942, 0.425239, 0.677548, 0.945795, 0.96659, 1, 

150,404,0.001, 0.033698, 0.127535, 0.17287, 0.206294, 0.297463, 0.208097, 0.423918, 0.575721, 0.666094, 0.758764, 0.813518, 0.821648, 0.909096, 1, 

167,354,0.001, 0.0430904, 0.0322298, 0.0513076, 0.0641071, 0.0688111, 0.130747, 0.170446, 0.182092, 0.25494, 0.283727, 0.313834, 0.341068, 0.407636, 0.514426, 0.514705, 0.548347, 0.57959, 0.582136, 0.583636, 0.640561, 0.676117, 0.737495, 0.739501, 0.763669, 0.887403, 0.894315, 0.905336, 0.977094, 1, 

158,357,0.001, 0.0322298, 0.0513076, 0.0641071, 0.0688111, 0.130747, 0.170446, 0.182092, 0.25494, 0.283727, 0.551884, 0.693502, 0.694758, 0.724518, 0.838232, 0.853688, 0.96976, 0.885359, 0.923248, 0.961093, 0.985096, 1, 

145,517,0.001, 0.0545382, 0.0728045, 0.0997596, 0.107407, 0.110796, 0.17301, 0.184092, 0.865286, 0.905271, 1, 

149,477,0.001, 0.0322298, 0.0513076, 0.0641071, 0.0688111, 0.130747, 0.170446, 0.182092, 0.25494, 0.283727, 0.42888, 0.45199, 0.472813, 0.490945, 0.521387, 0.557588, 0.649179, 0.674713, 0.823914, 0.890686, 0.902425, 1, 

Generation #4
150,404,0.001, 0.033698, 0.127535, 0.17287, 0.206294, 0.297463, 0.208097, 0.423918, 0.575721, 0.666094, 0.758764, 0.813518, 0.821648, 0.909096, 1, 

167,354,0.001, 0.0430904, 0.0322298, 0.0513076, 0.0641071, 0.0688111, 0.130747, 0.170446, 0.182092, 0.25494, 0.283727, 0.313834, 0.341068, 0.407636, 0.514426, 0.514705, 0.548347, 0.57959, 0.582136, 0.583636, 0.640561, 0.676117, 0.737495, 0.739501, 0.763669, 0.887403, 0.894315, 0.905336, 0.977094, 1, 

158,357,0.001, 0.0322298, 0.0513076, 0.0641071, 0.0688111, 0.130747, 0.170446, 0.182092, 0.25494, 0.283727, 0.551884, 0.693502, 0.694758, 0.724518, 0.838232, 0.853688, 0.96976, 0.885359, 0.923248, 0.961093, 0.985096, 1, 

138,680,0.001, 0.0407126, 0.0412898, 0.184873, 0.261724, 0.217645, 0.249554, 0.266117, 0.865286, 0.905271, 1, 

143,418,0.001, 0.0360859, 0.0569162, 0.0627768, 0.128568, 0.191069, 0.208097, 0.225675, 0.225731, 0.263264, 0.264985, 0.289138, 0.330709, 0.339352, 0.350159, 0.616772, 0.63492, 0.646708, 0.655707, 0.662893, 0.7001, 0.716736, 0.80743, 0.866693, 0.902048, 0.96617, 0.966379, 1, 

152,395,0.001, 0.0322298, 0.0513076, 0.081267, 0.121227, 0.121821, 0.154151, 0.169313, 0.25686, 0.29507, 0.317092, 0.34017, 0.374195, 0.392666, 0.408492, 0.525658, 0.548656, 0.586614, 0.613191, 0.619185, 0.786279, 0.839467, 0.85545, 0.888204, 0.971101, 0.977349, 1, 

Generation #5
150,404,0.001, 0.033698, 0.127535, 0.17287, 0.206294, 0.297463, 0.208097, 0.423918, 0.575721, 0.666094, 0.758764, 0.813518, 0.821648, 0.909096, 1, 

167,354,0.001, 0.0430904, 0.0322298, 0.0513076, 0.0641071, 0.0688111, 0.130747, 0.170446, 0.182092, 0.25494, 0.283727, 0.313834, 0.341068, 0.407636, 0.514426, 0.514705, 0.548347, 0.57959, 0.582136, 0.583636, 0.640561, 0.676117, 0.737495, 0.739501, 0.763669, 0.887403, 0.894315, 0.905336, 0.977094, 1, 

158,357,0.001, 0.0322298, 0.0513076, 0.0641071, 0.0688111, 0.130747, 0.170446, 0.182092, 0.25494, 0.283727, 0.551884, 0.693502, 0.694758, 0.724518, 0.838232, 0.853688, 0.96976, 0.885359, 0.923248, 0.961093, 0.985096, 1, 

138,680,0.001, 0.0407126, 0.0412898, 0.184873, 0.261724, 0.217645, 0.249554, 0.266117, 0.865286, 0.905271, 1, 

143,418,0.001, 0.0360859, 0.0569162, 0.0627768, 0.128568, 0.191069, 0.208097, 0.225675, 0.225731, 0.263264, 0.264985, 0.289138, 0.330709, 0.339352, 0.350159, 0.616772, 0.63492, 0.646708, 0.655707, 0.662893, 0.7001, 0.716736, 0.80743, 0.866693, 0.902048, 0.96617, 0.966379, 1, 

145,414,0.001, 0.0430904, 0.0322298, 0.0513076, 0.0641071, 0.0688111, 0.130747, 0.170446, 0.182092, 0.25494, 0.283727, 0.313834, 1, 

151,391,0.001, 0.0430904, 0.0322298, 0.0513076, 0.0641071, 0.0688111, 0.130747, 0.170446, 0.453505, 0.530505, 0.544854, 0.667761, 0.833507, 0.910221, 1, 

Generation #6
150,404,0.001, 0.033698, 0.127535, 0.17287, 0.206294, 0.297463, 0.208097, 0.423918, 0.575721, 0.666094, 0.758764, 0.813518, 0.821648, 0.909096, 1, 

167,354,0.001, 0.0430904, 0.0322298, 0.0513076, 0.0641071, 0.0688111, 0.130747, 0.170446, 0.182092, 0.25494, 0.283727, 0.313834, 0.341068, 0.407636, 0.514426, 0.514705, 0.548347, 0.57959, 0.582136, 0.583636, 0.640561, 0.676117, 0.737495, 0.739501, 0.763669, 0.887403, 0.894315, 0.905336, 0.977094, 1, 

158,357,0.001, 0.0322298, 0.0513076, 0.0641071, 0.0688111, 0.130747, 0.170446, 0.182092, 0.25494, 0.283727, 0.551884, 0.693502, 0.694758, 0.724518, 0.838232, 0.853688, 0.96976, 0.885359, 0.923248, 0.961093, 0.985096, 1, 

138,680,0.001, 0.0407126, 0.0412898, 0.184873, 0.261724, 0.217645, 0.249554, 0.266117, 0.865286, 0.905271, 1, 

143,418,0.001, 0.0360859, 0.0569162, 0.0627768, 0.128568, 0.191069, 0.208097, 0.225675, 0.225731, 0.263264, 0.264985, 0.289138, 0.330709, 0.339352, 0.350159, 0.616772, 0.63492, 0.646708, 0.655707, 0.662893, 0.7001, 0.716736, 0.80743, 0.866693, 0.902048, 0.96617, 0.966379, 1, 

145,414,0.001, 0.0430904, 0.0322298, 0.0513076, 0.0641071, 0.0688111, 0.130747, 0.170446, 0.182092, 0.25494, 0.283727, 0.313834, 1, 

151,391,0.001, 0.0430904, 0.0322298, 0.0513076, 0.0641071, 0.0688111, 0.130747, 0.170446, 0.453505, 0.530505, 0.544854, 0.667761, 0.833507, 0.910221, 1, 

Generation #7
158,357,0.001, 0.0322298, 0.0513076, 0.0641071, 0.0688111, 0.130747, 0.170446, 0.182092, 0.25494, 0.283727, 0.551884, 0.693502, 0.694758, 0.724518, 0.838232, 0.853688, 0.96976, 0.885359, 0.923248, 0.961093, 0.985096, 1, 

143,418,0.001, 0.0360859, 0.0569162, 0.0627768, 0.128568, 0.191069, 0.208097, 0.225675, 0.225731, 0.263264, 0.264985, 0.289138, 0.330709, 0.339352, 0.350159, 0.616772, 0.63492, 0.646708, 0.655707, 0.662893, 0.7001, 0.716736, 0.80743, 0.866693, 0.902048, 0.96617, 0.966379, 1, 

145,414,0.001, 0.0430904, 0.0322298, 0.0513076, 0.0641071, 0.0688111, 0.130747, 0.170446, 0.182092, 0.25494, 0.283727, 0.313834, 1, 

135,581,0.001, 0.0496408, 0.183955, 0.118104, 0.0688111, 0.0688111, 0.130747, 0.170446, 0.182092, 0.25494, 0.283727, 0.313834, 1, 

141,477,0.001, 0.0430904, 0.0569162, 0.0627768, 0.128568, 0.191069, 0.208097, 0.225675, 0.225731, 0.263264, 1, 

159,326,0.001, 0.0430904, 0.0322298, 0.0513076, 0.0641071, 0.0688111, 0.130747, 0.182092, 0.25494, 0.283727, 0.551884, 0.693502, 0.694758, 0.724518, 0.838232, 0.853688, 0.96976, 1, 

142,444,0.0360828, 0.0399393, 0.0562733, 0.118104, 0.175139, 0.215466, 0.170446, 0.182092, 0.25494, 0.283727, 0.551884, 1, 

148,385,0.001, 0.0430904, 0.0322298, 0.0513076, 0.0641071, 0.142348, 0.148073, 0.162231, 0.215821, 0.247404, 0.256674, 0.55455, 0.560675, 0.886621, 0.894647, 0.896791, 0.913554, 0.0570131, 0.950703, 1, 

153,373,0.001, 0.0430904, 0.0322298, 0.0513076, 0.0641071, 0.0688111, 0.130747, 0.170446, 0.182092, 0.25494, 0.283727, 0.313834, 0.341068, 0.407636, 0.557588, 0.649179, 0.788174, 1, 

Generation #8
158,357,0.001, 0.0322298, 0.0513076, 0.0641071, 0.0688111, 0.130747, 0.170446, 0.182092, 0.25494, 0.283727, 0.551884, 0.693502, 0.694758, 0.724518, 0.838232, 0.853688, 0.96976, 0.885359, 0.923248, 0.961093, 0.985096, 1, 

143,418,0.001, 0.0360859, 0.0569162, 0.0627768, 0.128568, 0.191069, 0.208097, 0.225675, 0.225731, 0.263264, 0.264985, 0.289138, 0.330709, 0.339352, 0.350159, 0.616772, 0.63492, 0.646708, 0.655707, 0.662893, 0.7001, 0.716736, 0.80743, 0.866693, 0.902048, 0.96617, 0.966379, 1, 

145,414,0.001, 0.0430904, 0.0322298, 0.0513076, 0.0641071, 0.0688111, 0.130747, 0.170446, 0.182092, 0.25494, 0.283727, 0.313834, 1, 

135,581,0.001, 0.0496408, 0.183955, 0.118104, 0.0688111, 0.0688111, 0.130747, 0.170446, 0.182092, 0.25494, 0.283727, 0.313834, 1, 

141,477,0.001, 0.0430904, 0.0569162, 0.0627768, 0.128568, 0.191069, 0.208097, 0.225675, 0.225731, 0.263264, 1, 

159,326,0.001, 0.0430904, 0.0322298, 0.0513076, 0.0641071, 0.0688111, 0.130747, 0.182092, 0.25494, 0.283727, 0.551884, 0.693502, 0.694758, 0.724518, 0.838232, 0.853688, 0.96976, 1, 

142,444,0.0360828, 0.0399393, 0.0562733, 0.118104, 0.175139, 0.215466, 0.170446, 0.182092, 0.25494, 0.283727, 0.551884, 1, 

148,385,0.001, 0.0430904, 0.0322298, 0.0513076, 0.0641071, 0.142348, 0.148073, 0.162231, 0.215821, 0.247404, 0.256674, 0.55455, 0.560675, 0.886621, 0.894647, 0.896791, 0.913554, 0.0570131, 0.950703, 1, 

153,369,0.001, 0.0322298, 0.0513076, 0.0641071, 0.0688111, 0.130747, 0.170446, 0.182092, 0.25494, 0.283727, 0.551884, 0.693502, 0.694758, 0.724518, 0.838232, 0.853688, 0.788174, 1, 

Generation #9
135,581,0.001, 0.0496408, 0.183955, 0.118104, 0.0688111, 0.0688111, 0.130747, 0.170446, 0.182092, 0.25494, 0.283727, 0.313834, 1, 

159,326,0.001, 0.0430904, 0.0322298, 0.0513076, 0.0641071, 0.0688111, 0.130747, 0.182092, 0.25494, 0.283727, 0.551884, 0.693502, 0.694758, 0.724518, 0.838232, 0.853688, 0.96976, 1, 

141,349,0.001, 0.0430904, 0.0322298, 0.0513076, 0.0641071, 0.0688111, 0.130747, 0.170446, 0.182092, 0.530505, 0.544854, 0.667761, 0.833507, 0.910221, 1, 

137,541,0.001, 0.0622683, 0.104689, 0.118104, 0.0641071, 0.0688111, 0.130747, 0.170446, 0.182092, 0.25494, 0.283727, 0.351453, 0.313834, 1, 

174,324,0.001, 0.0322298, 0.0513076, 0.0641071, 0.0688111, 0.130747, 0.170446, 0.162231, 0.215821, 0.247404, 0.256674, 0.370021, 0.55455, 0.560675, 0.886621, 0.894647, 0.896791, 0.913554, 0.0570131, 0.950703, 1, 

Generation #10
135,581,0.001, 0.0496408, 0.183955, 0.118104, 0.0688111, 0.0688111, 0.130747, 0.170446, 0.182092, 0.25494, 0.283727, 0.313834, 1, 

159,326,0.001, 0.0430904, 0.0322298, 0.0513076, 0.0641071, 0.0688111, 0.130747, 0.182092, 0.25494, 0.283727, 0.551884, 0.693502, 0.694758, 0.724518, 0.838232, 0.853688, 0.96976, 1, 

141,349,0.001, 0.0430904, 0.0322298, 0.0513076, 0.0641071, 0.0688111, 0.130747, 0.170446, 0.182092, 0.530505, 0.544854, 0.667761, 0.833507, 0.910221, 1, 

137,541,0.001, 0.0622683, 0.104689, 0.118104, 0.0641071, 0.0688111, 0.130747, 0.170446, 0.182092, 0.25494, 0.283727, 0.351453, 0.313834, 1, 

174,324,0.001, 0.0322298, 0.0513076, 0.0641071, 0.0688111, 0.130747, 0.170446, 0.162231, 0.215821, 0.247404, 0.256674, 0.370021, 0.55455, 0.560675, 0.886621, 0.894647, 0.896791, 0.913554, 0.0570131, 0.950703, 1, 

140,379,0.001, 0.0430904, 0.0322298, 0.0513076, 0.0641071, 0.0688111, 0.130747, 0.170446, 0.453505, 0.530505, 0.544854, 1, 

Generation #11
135,581,0.001, 0.0496408, 0.183955, 0.118104, 0.0688111, 0.0688111, 0.130747, 0.170446, 0.182092, 0.25494, 0.283727, 0.313834, 1, 

159,326,0.001, 0.0430904, 0.0322298, 0.0513076, 0.0641071, 0.0688111, 0.130747, 0.182092, 0.25494, 0.283727, 0.551884, 0.693502, 0.694758, 0.724518, 0.838232, 0.853688, 0.96976, 1, 

141,349,0.001, 0.0430904, 0.0322298, 0.0513076, 0.0641071, 0.0688111, 0.130747, 0.170446, 0.182092, 0.530505, 0.544854, 0.667761, 0.833507, 0.910221, 1, 

137,541,0.001, 0.0622683, 0.104689, 0.118104, 0.0641071, 0.0688111, 0.130747, 0.170446, 0.182092, 0.25494, 0.283727, 0.351453, 0.313834, 1, 

174,324,0.001, 0.0322298, 0.0513076, 0.0641071, 0.0688111, 0.130747, 0.170446, 0.162231, 0.215821, 0.247404, 0.256674, 0.370021, 0.55455, 0.560675, 0.886621, 0.894647, 0.896791, 0.913554, 0.0570131, 0.950703, 1, 

140,379,0.001, 0.0430904, 0.0322298, 0.0513076, 0.0641071, 0.0688111, 0.130747, 0.170446, 0.453505, 0.530505, 0.544854, 1, 

142,342,0.0360828, 0.0399393, 0.100301, 0.119768, 0.18669, 0.214871, 0.238422, 0.239265, 0.26075, 0.358702, 0.394393, 0.401013, 0.909096, 1, 

Generation #12
135,581,0.001, 0.0496408, 0.183955, 0.118104, 0.0688111, 0.0688111, 0.130747, 0.170446, 0.182092, 0.25494, 0.283727, 0.313834, 1, 

141,349,0.001, 0.0430904, 0.0322298, 0.0513076, 0.0641071, 0.0688111, 0.130747, 0.170446, 0.182092, 0.530505, 0.544854, 0.667761, 0.833507, 0.910221, 1, 

137,541,0.001, 0.0622683, 0.104689, 0.118104, 0.0641071, 0.0688111, 0.130747, 0.170446, 0.182092, 0.25494, 0.283727, 0.351453, 0.313834, 1, 

140,379,0.001, 0.0430904, 0.0322298, 0.0513076, 0.0641071, 0.0688111, 0.130747, 0.170446, 0.453505, 0.530505, 0.544854, 1, 

142,342,0.0360828, 0.0399393, 0.100301, 0.119768, 0.18669, 0.214871, 0.238422, 0.239265, 0.26075, 0.358702, 0.394393, 0.401013, 0.909096, 1, 

139,479,0.001, 0.0322298, 0.0513076, 0.081267, 0.121227, 0.121821, 0.208097, 0.225675, 0.225731, 0.263264, 1, 

151,339,0.0360828, 0.0399393, 0.100301, 0.119768, 0.0641071, 0.0688111, 0.130747, 0.170446, 0.182092, 0.25494, 0.283727, 0.313834, 0.341068, 0.407636, 0.557588, 0.649179, 0.788174, 1, 

157,323,0.001, 0.0430904, 0.0322298, 0.0513076, 0.0641071, 0.0688111, 0.130747, 0.170446, 0.182092, 0.25494, 0.283727, 0.313834, 0.821648, 0.909096, 1, 

Generation #13
135,581,0.001, 0.0496408, 0.183955, 0.118104, 0.0688111, 0.0688111, 0.130747, 0.170446, 0.182092, 0.25494, 0.283727, 0.313834, 1, 

141,349,0.001, 0.0430904, 0.0322298, 0.0513076, 0.0641071, 0.0688111, 0.130747, 0.170446, 0.182092, 0.530505, 0.544854, 0.667761, 0.833507, 0.910221, 1, 

137,541,0.001, 0.0622683, 0.104689, 0.118104, 0.0641071, 0.0688111, 0.130747, 0.170446, 0.182092, 0.25494, 0.283727, 0.351453, 0.313834, 1, 

140,379,0.001, 0.0430904, 0.0322298, 0.0513076, 0.0641071, 0.0688111, 0.130747, 0.170446, 0.453505, 0.530505, 0.544854, 1, 

142,342,0.0360828, 0.0399393, 0.100301, 0.119768, 0.18669, 0.214871, 0.238422, 0.239265, 0.26075, 0.358702, 0.394393, 0.401013, 0.909096, 1, 

139,479,0.001, 0.0322298, 0.0513076, 0.081267, 0.121227, 0.121821, 0.208097, 0.225675, 0.225731, 0.263264, 1, 

151,339,0.0360828, 0.0399393, 0.100301, 0.119768, 0.0641071, 0.0688111, 0.130747, 0.170446, 0.182092, 0.25494, 0.283727, 0.313834, 0.341068, 0.407636, 0.557588, 0.649179, 0.788174, 1, 

157,323,0.001, 0.0430904, 0.0322298, 0.0513076, 0.0641071, 0.0688111, 0.130747, 0.170446, 0.182092, 0.25494, 0.283727, 0.313834, 0.821648, 0.909096, 1, 

152,337,0.001, 0.0430904, 0.0322298, 0.0513076, 0.0641071, 0.142348, 0.148073, 0.162231, 0.182092, 0.25494, 0.283727, 0.313834, 0.341068, 0.407636, 0.557588, 0.649179, 0.986716, 0.788174, 1, 

Generation #14
135,581,0.001, 0.0496408, 0.183955, 0.118104, 0.0688111, 0.0688111, 0.130747, 0.170446, 0.182092, 0.25494, 0.283727, 0.313834, 1, 

141,349,0.001, 0.0430904, 0.0322298, 0.0513076, 0.0641071, 0.0688111, 0.130747, 0.170446, 0.182092, 0.530505, 0.544854, 0.667761, 0.833507, 0.910221, 1, 

137,541,0.001, 0.0622683, 0.104689, 0.118104, 0.0641071, 0.0688111, 0.130747, 0.170446, 0.182092, 0.25494, 0.283727, 0.351453, 0.313834, 1, 

140,379,0.001, 0.0430904, 0.0322298, 0.0513076, 0.0641071, 0.0688111, 0.130747, 0.170446, 0.453505, 0.530505, 0.544854, 1, 

142,342,0.0360828, 0.0399393, 0.100301, 0.119768, 0.18669, 0.214871, 0.238422, 0.239265, 0.26075, 0.358702, 0.394393, 0.401013, 0.909096, 1, 

139,479,0.001, 0.0322298, 0.0513076, 0.081267, 0.121227, 0.121821, 0.208097, 0.225675, 0.225731, 0.263264, 1, 

151,339,0.0360828, 0.0399393, 0.100301, 0.119768, 0.0641071, 0.0688111, 0.130747, 0.170446, 0.182092, 0.25494, 0.283727, 0.313834, 0.341068, 0.407636, 0.557588, 0.649179, 0.788174, 1, 

157,323,0.001, 0.0430904, 0.0322298, 0.0513076, 0.0641071, 0.0688111, 0.130747, 0.170446, 0.182092, 0.25494, 0.283727, 0.313834, 0.821648, 0.909096, 1, 

152,337,0.001, 0.0430904, 0.0322298, 0.0513076, 0.0641071, 0.142348, 0.148073, 0.162231, 0.182092, 0.25494, 0.283727, 0.313834, 0.341068, 0.407636, 0.557588, 0.649179, 0.986716, 0.788174, 1, 

Generation #15
141,349,0.001, 0.0430904, 0.0322298, 0.0513076, 0.0641071, 0.0688111, 0.130747, 0.170446, 0.182092, 0.530505, 0.544854, 0.667761, 0.833507, 0.910221, 1, 

140,379,0.001, 0.0430904, 0.0322298, 0.0513076, 0.0641071, 0.0688111, 0.130747, 0.170446, 0.453505, 0.530505, 0.544854, 1, 

142,342,0.0360828, 0.0399393, 0.100301, 0.119768, 0.18669, 0.214871, 0.238422, 0.239265, 0.26075, 0.358702, 0.394393, 0.401013, 0.909096, 1, 

151,339,0.0360828, 0.0399393, 0.100301, 0.119768, 0.0641071, 0.0688111, 0.130747, 0.170446, 0.182092, 0.25494, 0.283727, 0.313834, 0.341068, 0.407636, 0.557588, 0.649179, 0.788174, 1, 

157,323,0.001, 0.0430904, 0.0322298, 0.0513076, 0.0641071, 0.0688111, 0.130747, 0.170446, 0.182092, 0.25494, 0.283727, 0.313834, 0.821648, 0.909096, 1, 

152,337,0.001, 0.0430904, 0.0322298, 0.0513076, 0.0641071, 0.142348, 0.148073, 0.162231, 0.182092, 0.25494, 0.283727, 0.313834, 0.341068, 0.407636, 0.557588, 0.649179, 0.986716, 0.788174, 1, 

132,388,0.001, 0.0430904, 0.0569162, 0.0627768, 0.0641071, 0.0688111, 0.130747, 0.170446, 0.182092, 0.25494, 0.283727, 0.313834, 0.341068, 0.407636, 0.557588, 0.649179, 0.788174, 1, 

Generation #16
141,349,0.001, 0.0430904, 0.0322298, 0.0513076, 0.0641071, 0.0688111, 0.130747, 0.170446, 0.182092, 0.530505, 0.544854, 0.667761, 0.833507, 0.910221, 1, 

142,342,0.0360828, 0.0399393, 0.100301, 0.119768, 0.18669, 0.214871, 0.238422, 0.239265, 0.26075, 0.358702, 0.394393, 0.401013, 0.909096, 1, 

132,388,0.001, 0.0430904, 0.0569162, 0.0627768, 0.0641071, 0.0688111, 0.130747, 0.170446, 0.182092, 0.25494, 0.283727, 0.313834, 0.341068, 0.407636, 0.557588, 0.649179, 0.788174, 1, 

150,299,0.001, 0.0322298, 0.0322298, 0.0513076, 0.0641071, 0.0688111, 0.130747, 0.170446, 0.182092, 0.283727, 0.313834, 0.341068, 0.407636, 0.202655, 0.557588, 0.649179, 0.788174, 1, 

182,297,0.001, 0.0430904, 0.0322298, 0.0513076, 0.0641071, 0.0688111, 0.130747, 0.170446, 0.453505, 0.530505, 0.544854, 0.370021, 0.55455, 0.560675, 0.886621, 0.894647, 0.913554, 0.0570131, 0.950703, 1, 

134,361,0.001, 0.0430904, 0.0322298, 0.0513076, 0.0641071, 0.0688111, 0.130747, 0.170446, 0.182092, 0.25494, 0.283727, 0.313834, 0.341068, 0.407636, 0.514426, 0.514705, 0.548347, 1, 

Generation #17
141,349,0.001, 0.0430904, 0.0322298, 0.0513076, 0.0641071, 0.0688111, 0.130747, 0.170446, 0.182092, 0.530505, 0.544854, 0.667761, 0.833507, 0.910221, 1, 

142,342,0.0360828, 0.0399393, 0.100301, 0.119768, 0.18669, 0.214871, 0.238422, 0.239265, 0.26075, 0.358702, 0.394393, 0.401013, 0.909096, 1, 

132,388,0.001, 0.0430904, 0.0569162, 0.0627768, 0.0641071, 0.0688111, 0.130747, 0.170446, 0.182092, 0.25494, 0.283727, 0.313834, 0.341068, 0.407636, 0.557588, 0.649179, 0.788174, 1, 

150,299,0.001, 0.0322298, 0.0322298, 0.0513076, 0.0641071, 0.0688111, 0.130747, 0.170446, 0.182092, 0.283727, 0.313834, 0.341068, 0.407636, 0.202655, 0.557588, 0.649179, 0.788174, 1, 

182,297,0.001, 0.0430904, 0.0322298, 0.0513076, 0.0641071, 0.0688111, 0.130747, 0.170446, 0.453505, 0.530505, 0.544854, 0.370021, 0.55455, 0.560675, 0.886621, 0.894647, 0.913554, 0.0570131, 0.950703, 1, 

134,361,0.001, 0.0430904, 0.0322298, 0.0513076, 0.0641071, 0.0688111, 0.130747, 0.170446, 0.182092, 0.25494, 0.283727, 0.313834, 0.341068, 0.407636, 0.514426, 0.514705, 0.548347, 1, 

Generation #18
141,349,0.001, 0.0430904, 0.0322298, 0.0513076, 0.0641071, 0.0688111, 0.130747, 0.170446, 0.182092, 0.530505, 0.544854, 0.667761, 0.833507, 0.910221, 1, 

142,342,0.0360828, 0.0399393, 0.100301, 0.119768, 0.18669, 0.214871, 0.238422, 0.239265, 0.26075, 0.358702, 0.394393, 0.401013, 0.909096, 1, 

132,388,0.001, 0.0430904, 0.0569162, 0.0627768, 0.0641071, 0.0688111, 0.130747, 0.170446, 0.182092, 0.25494, 0.283727, 0.313834, 0.341068, 0.407636, 0.557588, 0.649179, 0.788174, 1, 

150,299,0.001, 0.0322298, 0.0322298, 0.0513076, 0.0641071, 0.0688111, 0.130747, 0.170446, 0.182092, 0.283727, 0.313834, 0.341068, 0.407636, 0.202655, 0.557588, 0.649179, 0.788174, 1, 

182,297,0.001, 0.0430904, 0.0322298, 0.0513076, 0.0641071, 0.0688111, 0.130747, 0.170446, 0.453505, 0.530505, 0.544854, 0.370021, 0.55455, 0.560675, 0.886621, 0.894647, 0.913554, 0.0570131, 0.950703, 1, 

134,361,0.001, 0.0430904, 0.0322298, 0.0513076, 0.0641071, 0.0688111, 0.130747, 0.170446, 0.182092, 0.25494, 0.283727, 0.313834, 0.341068, 0.407636, 0.514426, 0.514705, 0.548347, 1, 

131,406,0.0360828, 0.0399393, 0.100301, 0.119768, 0.0641071, 0.0688111, 0.130747, 0.170446, 0.182092, 0.25494, 0.283727, 0.313834, 0.821648, 1, 

Generation #19
141,349,0.001, 0.0430904, 0.0322298, 0.0513076, 0.0641071, 0.0688111, 0.130747, 0.170446, 0.182092, 0.530505, 0.544854, 0.667761, 0.833507, 0.910221, 1, 

142,342,0.0360828, 0.0399393, 0.100301, 0.119768, 0.18669, 0.214871, 0.238422, 0.239265, 0.26075, 0.358702, 0.394393, 0.401013, 0.909096, 1, 

132,388,0.001, 0.0430904, 0.0569162, 0.0627768, 0.0641071, 0.0688111, 0.130747, 0.170446, 0.182092, 0.25494, 0.283727, 0.313834, 0.341068, 0.407636, 0.557588, 0.649179, 0.788174, 1, 

150,299,0.001, 0.0322298, 0.0322298, 0.0513076, 0.0641071, 0.0688111, 0.130747, 0.170446, 0.182092, 0.283727, 0.313834, 0.341068, 0.407636, 0.202655, 0.557588, 0.649179, 0.788174, 1, 

182,297,0.001, 0.0430904, 0.0322298, 0.0513076, 0.0641071, 0.0688111, 0.130747, 0.170446, 0.453505, 0.530505, 0.544854, 0.370021, 0.55455, 0.560675, 0.886621, 0.894647, 0.913554, 0.0570131, 0.950703, 1, 

134,361,0.001, 0.0430904, 0.0322298, 0.0513076, 0.0641071, 0.0688111, 0.130747, 0.170446, 0.182092, 0.25494, 0.283727, 0.313834, 0.341068, 0.407636, 0.514426, 0.514705, 0.548347, 1, 

131,406,0.0360828, 0.0399393, 0.100301, 0.119768, 0.0641071, 0.0688111, 0.130747, 0.170446, 0.182092, 0.25494, 0.283727, 0.313834, 0.821648, 1, 

Generation #20
132,388,0.001, 0.0430904, 0.0569162, 0.0627768, 0.0641071, 0.0688111, 0.130747, 0.170446, 0.182092, 0.25494, 0.283727, 0.313834, 0.341068, 0.407636, 0.557588, 0.649179, 0.788174, 1, 

150,299,0.001, 0.0322298, 0.0322298, 0.0513076, 0.0641071, 0.0688111, 0.130747, 0.170446, 0.182092, 0.283727, 0.313834, 0.341068, 0.407636, 0.202655, 0.557588, 0.649179, 0.788174, 1, 

182,297,0.001, 0.0430904, 0.0322298, 0.0513076, 0.0641071, 0.0688111, 0.130747, 0.170446, 0.453505, 0.530505, 0.544854, 0.370021, 0.55455, 0.560675, 0.886621, 0.894647, 0.913554, 0.0570131, 0.950703, 1, 

134,361,0.001, 0.0430904, 0.0322298, 0.0513076, 0.0641071, 0.0688111, 0.130747, 0.170446, 0.182092, 0.25494, 0.283727, 0.313834, 0.341068, 0.407636, 0.514426, 0.514705, 0.548347, 1, 

131,406,0.0360828, 0.0399393, 0.100301, 0.119768, 0.0641071, 0.0688111, 0.130747, 0.170446, 0.182092, 0.25494, 0.283727, 0.313834, 0.821648, 1, 

139,340,0.001, 0.0430904, 0.0322298, 0.0513076, 0.0641071, 0.0688111, 0.130747, 0.170446, 0.182092, 0.283727, 0.313834, 0.341068, 0.313834, 1, 

Generation #21
132,388,0.001, 0.0430904, 0.0569162, 0.0627768, 0.0641071, 0.0688111, 0.130747, 0.170446, 0.182092, 0.25494, 0.283727, 0.313834, 0.341068, 0.407636, 0.557588, 0.649179, 0.788174, 1, 

150,299,0.001, 0.0322298, 0.0322298, 0.0513076, 0.0641071, 0.0688111, 0.130747, 0.170446, 0.182092, 0.283727, 0.313834, 0.341068, 0.407636, 0.202655, 0.557588, 0.649179, 0.788174, 1, 

182,297,0.001, 0.0430904, 0.0322298, 0.0513076, 0.0641071, 0.0688111, 0.130747, 0.170446, 0.453505, 0.530505, 0.544854, 0.370021, 0.55455, 0.560675, 0.886621, 0.894647, 0.913554, 0.0570131, 0.950703, 1, 

134,361,0.001, 0.0430904, 0.0322298, 0.0513076, 0.0641071, 0.0688111, 0.130747, 0.170446, 0.182092, 0.25494, 0.283727, 0.313834, 0.341068, 0.407636, 0.514426, 0.514705, 0.548347, 1, 

131,406,0.0360828, 0.0399393, 0.100301, 0.119768, 0.0641071, 0.0688111, 0.130747, 0.170446, 0.182092, 0.25494, 0.283727, 0.313834, 0.821648, 1, 

139,340,0.001, 0.0430904, 0.0322298, 0.0513076, 0.0641071, 0.0688111, 0.130747, 0.170446, 0.182092, 0.283727, 0.313834, 0.341068, 0.313834, 1, 

Generation #22
132,388,0.001, 0.0430904, 0.0569162, 0.0627768, 0.0641071, 0.0688111, 0.130747, 0.170446, 0.182092, 0.25494, 0.283727, 0.313834, 0.341068, 0.407636, 0.557588, 0.649179, 0.788174, 1, 

150,299,0.001, 0.0322298, 0.0322298, 0.0513076, 0.0641071, 0.0688111, 0.130747, 0.170446, 0.182092, 0.283727, 0.313834, 0.341068, 0.407636, 0.202655, 0.557588, 0.649179, 0.788174, 1, 

182,297,0.001, 0.0430904, 0.0322298, 0.0513076, 0.0641071, 0.0688111, 0.130747, 0.170446, 0.453505, 0.530505, 0.544854, 0.370021, 0.55455, 0.560675, 0.886621, 0.894647, 0.913554, 0.0570131, 0.950703, 1, 

134,361,0.001, 0.0430904, 0.0322298, 0.0513076, 0.0641071, 0.0688111, 0.130747, 0.170446, 0.182092, 0.25494, 0.283727, 0.313834, 0.341068, 0.407636, 0.514426, 0.514705, 0.548347, 1, 

131,406,0.0360828, 0.0399393, 0.100301, 0.119768, 0.0641071, 0.0688111, 0.130747, 0.170446, 0.182092, 0.25494, 0.283727, 0.313834, 0.821648, 1, 

139,340,0.001, 0.0430904, 0.0322298, 0.0513076, 0.0641071, 0.0688111, 0.130747, 0.170446, 0.182092, 0.283727, 0.313834, 0.341068, 0.313834, 1, 

Generation #23
132,388,0.001, 0.0430904, 0.0569162, 0.0627768, 0.0641071, 0.0688111, 0.130747, 0.170446, 0.182092, 0.25494, 0.283727, 0.313834, 0.341068, 0.407636, 0.557588, 0.649179, 0.788174, 1, 

150,299,0.001, 0.0322298, 0.0322298, 0.0513076, 0.0641071, 0.0688111, 0.130747, 0.170446, 0.182092, 0.283727, 0.313834, 0.341068, 0.407636, 0.202655, 0.557588, 0.649179, 0.788174, 1, 

182,297,0.001, 0.0430904, 0.0322298, 0.0513076, 0.0641071, 0.0688111, 0.130747, 0.170446, 0.453505, 0.530505, 0.544854, 0.370021, 0.55455, 0.560675, 0.886621, 0.894647, 0.913554, 0.0570131, 0.950703, 1, 

134,361,0.001, 0.0430904, 0.0322298, 0.0513076, 0.0641071, 0.0688111, 0.130747, 0.170446, 0.182092, 0.25494, 0.283727, 0.313834, 0.341068, 0.407636, 0.514426, 0.514705, 0.548347, 1, 

131,406,0.0360828, 0.0399393, 0.100301, 0.119768, 0.0641071, 0.0688111, 0.130747, 0.170446, 0.182092, 0.25494, 0.283727, 0.313834, 0.821648, 1, 

139,340,0.001, 0.0430904, 0.0322298, 0.0513076, 0.0641071, 0.0688111, 0.130747, 0.170446, 0.182092, 0.283727, 0.313834, 0.341068, 0.313834, 1, 

Generation #24
132,388,0.001, 0.0430904, 0.0569162, 0.0627768, 0.0641071, 0.0688111, 0.130747, 0.170446, 0.182092, 0.25494, 0.283727, 0.313834, 0.341068, 0.407636, 0.557588, 0.649179, 0.788174, 1, 

150,299,0.001, 0.0322298, 0.0322298, 0.0513076, 0.0641071, 0.0688111, 0.130747, 0.170446, 0.182092, 0.283727, 0.313834, 0.341068, 0.407636, 0.202655, 0.557588, 0.649179, 0.788174, 1, 

182,297,0.001, 0.0430904, 0.0322298, 0.0513076, 0.0641071, 0.0688111, 0.130747, 0.170446, 0.453505, 0.530505, 0.544854, 0.370021, 0.55455, 0.560675, 0.886621, 0.894647, 0.913554, 0.0570131, 0.950703, 1, 

134,361,0.001, 0.0430904, 0.0322298, 0.0513076, 0.0641071, 0.0688111, 0.130747, 0.170446, 0.182092, 0.25494, 0.283727, 0.313834, 0.341068, 0.407636, 0.514426, 0.514705, 0.548347, 1, 

131,406,0.0360828, 0.0399393, 0.100301, 0.119768, 0.0641071, 0.0688111, 0.130747, 0.170446, 0.182092, 0.25494, 0.283727, 0.313834, 0.821648, 1, 

139,340,0.001, 0.0430904, 0.0322298, 0.0513076, 0.0641071, 0.0688111, 0.130747, 0.170446, 0.182092, 0.283727, 0.313834, 0.341068, 0.313834, 1, 

Generation #25
132,388,0.001, 0.0430904, 0.0569162, 0.0627768, 0.0641071, 0.0688111, 0.130747, 0.170446, 0.182092, 0.25494, 0.283727, 0.313834, 0.341068, 0.407636, 0.557588, 0.649179, 0.788174, 1, 

150,299,0.001, 0.0322298, 0.0322298, 0.0513076, 0.0641071, 0.0688111, 0.130747, 0.170446, 0.182092, 0.283727, 0.313834, 0.341068, 0.407636, 0.202655, 0.557588, 0.649179, 0.788174, 1, 

182,297,0.001, 0.0430904, 0.0322298, 0.0513076, 0.0641071, 0.0688111, 0.130747, 0.170446, 0.453505, 0.530505, 0.544854, 0.370021, 0.55455, 0.560675, 0.886621, 0.894647, 0.913554, 0.0570131, 0.950703, 1, 

134,361,0.001, 0.0430904, 0.0322298, 0.0513076, 0.0641071, 0.0688111, 0.130747, 0.170446, 0.182092, 0.25494, 0.283727, 0.313834, 0.341068, 0.407636, 0.514426, 0.514705, 0.548347, 1, 

131,406,0.0360828, 0.0399393, 0.100301, 0.119768, 0.0641071, 0.0688111, 0.130747, 0.170446, 0.182092, 0.25494, 0.283727, 0.313834, 0.821648, 1, 

139,340,0.001, 0.0430904, 0.0322298, 0.0513076, 0.0641071, 0.0688111, 0.130747, 0.170446, 0.182092, 0.283727, 0.313834, 0.341068, 0.313834, 1, 

Generation #26
132,388,0.001, 0.0430904, 0.0569162, 0.0627768, 0.0641071, 0.0688111, 0.130747, 0.170446, 0.182092, 0.25494, 0.283727, 0.313834, 0.341068, 0.407636, 0.557588, 0.649179, 0.788174, 1, 

150,299,0.001, 0.0322298, 0.0322298, 0.0513076, 0.0641071, 0.0688111, 0.130747, 0.170446, 0.182092, 0.283727, 0.313834, 0.341068, 0.407636, 0.202655, 0.557588, 0.649179, 0.788174, 1, 

182,297,0.001, 0.0430904, 0.0322298, 0.0513076, 0.0641071, 0.0688111, 0.130747, 0.170446, 0.453505, 0.530505, 0.544854, 0.370021, 0.55455, 0.560675, 0.886621, 0.894647, 0.913554, 0.0570131, 0.950703, 1, 

134,361,0.001, 0.0430904, 0.0322298, 0.0513076, 0.0641071, 0.0688111, 0.130747, 0.170446, 0.182092, 0.25494, 0.283727, 0.313834, 0.341068, 0.407636, 0.514426, 0.514705, 0.548347, 1, 

131,406,0.0360828, 0.0399393, 0.100301, 0.119768, 0.0641071, 0.0688111, 0.130747, 0.170446, 0.182092, 0.25494, 0.283727, 0.313834, 0.821648, 1, 

139,340,0.001, 0.0430904, 0.0322298, 0.0513076, 0.0641071, 0.0688111, 0.130747, 0.170446, 0.182092, 0.283727, 0.313834, 0.341068, 0.313834, 1, 

144,317,0.0360828, 0.0399393, 0.0562733, 0.118104, 0.175139, 0.215466, 0.170446, 0.182092, 0.25494, 0.283727, 0.551884, 1, 

Generation #27
132,388,0.001, 0.0430904, 0.0569162, 0.0627768, 0.0641071, 0.0688111, 0.130747, 0.170446, 0.182092, 0.25494, 0.283727, 0.313834, 0.341068, 0.407636, 0.557588, 0.649179, 0.788174, 1, 

150,299,0.001, 0.0322298, 0.0322298, 0.0513076, 0.0641071, 0.0688111, 0.130747, 0.170446, 0.182092, 0.283727, 0.313834, 0.341068, 0.407636, 0.202655, 0.557588, 0.649179, 0.788174, 1, 

182,297,0.001, 0.0430904, 0.0322298, 0.0513076, 0.0641071, 0.0688111, 0.130747, 0.170446, 0.453505, 0.530505, 0.544854, 0.370021, 0.55455, 0.560675, 0.886621, 0.894647, 0.913554, 0.0570131, 0.950703, 1, 

134,361,0.001, 0.0430904, 0.0322298, 0.0513076, 0.0641071, 0.0688111, 0.130747, 0.170446, 0.182092, 0.25494, 0.283727, 0.313834, 0.341068, 0.407636, 0.514426, 0.514705, 0.548347, 1, 

131,406,0.0360828, 0.0399393, 0.100301, 0.119768, 0.0641071, 0.0688111, 0.130747, 0.170446, 0.182092, 0.25494, 0.283727, 0.313834, 0.821648, 1, 

139,340,0.001, 0.0430904, 0.0322298, 0.0513076, 0.0641071, 0.0688111, 0.130747, 0.170446, 0.182092, 0.283727, 0.313834, 0.341068, 0.313834, 1, 

144,317,0.0360828, 0.0399393, 0.0562733, 0.118104, 0.175139, 0.215466, 0.170446, 0.182092, 0.25494, 0.283727, 0.551884, 1, 

Generation #28
132,388,0.001, 0.0430904, 0.0569162, 0.0627768, 0.0641071, 0.0688111, 0.130747, 0.170446, 0.182092, 0.25494, 0.283727, 0.313834, 0.341068, 0.407636, 0.557588, 0.649179, 0.788174, 1, 

150,299,0.001, 0.0322298, 0.0322298, 0.0513076, 0.0641071, 0.0688111, 0.130747, 0.170446, 0.182092, 0.283727, 0.313834, 0.341068, 0.407636, 0.202655, 0.557588, 0.649179, 0.788174, 1, 

182,297,0.001, 0.0430904, 0.0322298, 0.0513076, 0.0641071, 0.0688111, 0.130747, 0.170446, 0.453505, 0.530505, 0.544854, 0.370021, 0.55455, 0.560675, 0.886621, 0.894647, 0.913554, 0.0570131, 0.950703, 1, 

134,361,0.001, 0.0430904, 0.0322298, 0.0513076, 0.0641071, 0.0688111, 0.130747, 0.170446, 0.182092, 0.25494, 0.283727, 0.313834, 0.341068, 0.407636, 0.514426, 0.514705, 0.548347, 1, 

131,406,0.0360828, 0.0399393, 0.100301, 0.119768, 0.0641071, 0.0688111, 0.130747, 0.170446, 0.182092, 0.25494, 0.283727, 0.313834, 0.821648, 1, 

139,340,0.001, 0.0430904, 0.0322298, 0.0513076, 0.0641071, 0.0688111, 0.130747, 0.170446, 0.182092, 0.283727, 0.313834, 0.341068, 0.313834, 1, 

144,317,0.0360828, 0.0399393, 0.0562733, 0.118104, 0.175139, 0.215466, 0.170446, 0.182092, 0.25494, 0.283727, 0.551884, 1, 

Generation #29
132,388,0.001, 0.0430904, 0.0569162, 0.0627768, 0.0641071, 0.0688111, 0.130747, 0.170446, 0.182092, 0.25494, 0.283727, 0.313834, 0.341068, 0.407636, 0.557588, 0.649179, 0.788174, 1, 

150,299,0.001, 0.0322298, 0.0322298, 0.0513076, 0.0641071, 0.0688111, 0.130747, 0.170446, 0.182092, 0.283727, 0.313834, 0.341068, 0.407636, 0.202655, 0.557588, 0.649179, 0.788174, 1, 

182,297,0.001, 0.0430904, 0.0322298, 0.0513076, 0.0641071, 0.0688111, 0.130747, 0.170446, 0.453505, 0.530505, 0.544854, 0.370021, 0.55455, 0.560675, 0.886621, 0.894647, 0.913554, 0.0570131, 0.950703, 1, 

134,361,0.001, 0.0430904, 0.0322298, 0.0513076, 0.0641071, 0.0688111, 0.130747, 0.170446, 0.182092, 0.25494, 0.283727, 0.313834, 0.341068, 0.407636, 0.514426, 0.514705, 0.548347, 1, 

131,406,0.0360828, 0.0399393, 0.100301, 0.119768, 0.0641071, 0.0688111, 0.130747, 0.170446, 0.182092, 0.25494, 0.283727, 0.313834, 0.821648, 1, 

139,340,0.001, 0.0430904, 0.0322298, 0.0513076, 0.0641071, 0.0688111, 0.130747, 0.170446, 0.182092, 0.283727, 0.313834, 0.341068, 0.313834, 1, 

144,317,0.0360828, 0.0399393, 0.0562733, 0.118104, 0.175139, 0.215466, 0.170446, 0.182092, 0.25494, 0.283727, 0.551884, 1, 

147,313,0.0360828, 0.0430904, 0.0322298, 0.0513076, 0.0641071, 0.0688111, 0.130747, 0.170446, 0.182092, 0.245163, 0.25494, 0.283727, 0.313834, 0.341068, 0.407636, 0.557588, 0.649179, 0.788174, 1, 

Generation #30
132,388,0.001, 0.0430904, 0.0569162, 0.0627768, 0.0641071, 0.0688111, 0.130747, 0.170446, 0.182092, 0.25494, 0.283727, 0.313834, 0.341068, 0.407636, 0.557588, 0.649179, 0.788174, 1, 

150,299,0.001, 0.0322298, 0.0322298, 0.0513076, 0.0641071, 0.0688111, 0.130747, 0.170446, 0.182092, 0.283727, 0.313834, 0.341068, 0.407636, 0.202655, 0.557588, 0.649179, 0.788174, 1, 

182,297,0.001, 0.0430904, 0.0322298, 0.0513076, 0.0641071, 0.0688111, 0.130747, 0.170446, 0.453505, 0.530505, 0.544854, 0.370021, 0.55455, 0.560675, 0.886621, 0.894647, 0.913554, 0.0570131, 0.950703, 1, 

134,361,0.001, 0.0430904, 0.0322298, 0.0513076, 0.0641071, 0.0688111, 0.130747, 0.170446, 0.182092, 0.25494, 0.283727, 0.313834, 0.341068, 0.407636, 0.514426, 0.514705, 0.548347, 1, 

131,406,0.0360828, 0.0399393, 0.100301, 0.119768, 0.0641071, 0.0688111, 0.130747, 0.170446, 0.182092, 0.25494, 0.283727, 0.313834, 0.821648, 1, 

139,340,0.001, 0.0430904, 0.0322298, 0.0513076, 0.0641071, 0.0688111, 0.130747, 0.170446, 0.182092, 0.283727, 0.313834, 0.341068, 0.313834, 1, 

144,317,0.0360828, 0.0399393, 0.0562733, 0.118104, 0.175139, 0.215466, 0.170446, 0.182092, 0.25494, 0.283727, 0.551884, 1, 

147,313,0.0360828, 0.0430904, 0.0322298, 0.0513076, 0.0641071, 0.0688111, 0.130747, 0.170446, 0.182092, 0.245163, 0.25494, 0.283727, 0.313834, 0.341068, 0.407636, 0.557588, 0.649179, 0.788174, 1, 

Generation #31
132,388,0.001, 0.0430904, 0.0569162, 0.0627768, 0.0641071, 0.0688111, 0.130747, 0.170446, 0.182092, 0.25494, 0.283727, 0.313834, 0.341068, 0.407636, 0.557588, 0.649179, 0.788174, 1, 

150,299,0.001, 0.0322298, 0.0322298, 0.0513076, 0.0641071, 0.0688111, 0.130747, 0.170446, 0.182092, 0.283727, 0.313834, 0.341068, 0.407636, 0.202655, 0.557588, 0.649179, 0.788174, 1, 

182,297,0.001, 0.0430904, 0.0322298, 0.0513076, 0.0641071, 0.0688111, 0.130747, 0.170446, 0.453505, 0.530505, 0.544854, 0.370021, 0.55455, 0.560675, 0.886621, 0.894647, 0.913554, 0.0570131, 0.950703, 1, 

134,361,0.001, 0.0430904, 0.0322298, 0.0513076, 0.0641071, 0.0688111, 0.130747, 0.170446, 0.182092, 0.25494, 0.283727, 0.313834, 0.341068, 0.407636, 0.514426, 0.514705, 0.548347, 1, 

131,406,0.0360828, 0.0399393, 0.100301, 0.119768, 0.0641071, 0.0688111, 0.130747, 0.170446, 0.182092, 0.25494, 0.283727, 0.313834, 0.821648, 1, 

139,340,0.001, 0.0430904, 0.0322298, 0.0513076, 0.0641071, 0.0688111, 0.130747, 0.170446, 0.182092, 0.283727, 0.313834, 0.341068, 0.313834, 1, 

144,317,0.0360828, 0.0399393, 0.0562733, 0.118104, 0.175139, 0.215466, 0.170446, 0.182092, 0.25494, 0.283727, 0.551884, 1, 

147,313,0.0360828, 0.0430904, 0.0322298, 0.0513076, 0.0641071, 0.0688111, 0.130747, 0.170446, 0.182092, 0.245163, 0.25494, 0.283727, 0.313834, 0.341068, 0.407636, 0.557588, 0.649179, 0.788174, 1, 

Generation #32
132,388,0.001, 0.0430904, 0.0569162, 0.0627768, 0.0641071, 0.0688111, 0.130747, 0.170446, 0.182092, 0.25494, 0.283727, 0.313834, 0.341068, 0.407636, 0.557588, 0.649179, 0.788174, 1, 

150,299,0.001, 0.0322298, 0.0322298, 0.0513076, 0.0641071, 0.0688111, 0.130747, 0.170446, 0.182092, 0.283727, 0.313834, 0.341068, 0.407636, 0.202655, 0.557588, 0.649179, 0.788174, 1, 

182,297,0.001, 0.0430904, 0.0322298, 0.0513076, 0.0641071, 0.0688111, 0.130747, 0.170446, 0.453505, 0.530505, 0.544854, 0.370021, 0.55455, 0.560675, 0.886621, 0.894647, 0.913554, 0.0570131, 0.950703, 1, 

134,361,0.001, 0.0430904, 0.0322298, 0.0513076, 0.0641071, 0.0688111, 0.130747, 0.170446, 0.182092, 0.25494, 0.283727, 0.313834, 0.341068, 0.407636, 0.514426, 0.514705, 0.548347, 1, 

131,406,0.0360828, 0.0399393, 0.100301, 0.119768, 0.0641071, 0.0688111, 0.130747, 0.170446, 0.182092, 0.25494, 0.283727, 0.313834, 0.821648, 1, 

139,340,0.001, 0.0430904, 0.0322298, 0.0513076, 0.0641071, 0.0688111, 0.130747, 0.170446, 0.182092, 0.283727, 0.313834, 0.341068, 0.313834, 1, 

144,317,0.0360828, 0.0399393, 0.0562733, 0.118104, 0.175139, 0.215466, 0.170446, 0.182092, 0.25494, 0.283727, 0.551884, 1, 

147,313,0.0360828, 0.0430904, 0.0322298, 0.0513076, 0.0641071, 0.0688111, 0.130747, 0.170446, 0.182092, 0.245163, 0.25494, 0.283727, 0.313834, 0.341068, 0.407636, 0.557588, 0.649179, 0.788174, 1, 

Generation #33
132,388,0.001, 0.0430904, 0.0569162, 0.0627768, 0.0641071, 0.0688111, 0.130747, 0.170446, 0.182092, 0.25494, 0.283727, 0.313834, 0.341068, 0.407636, 0.557588, 0.649179, 0.788174, 1, 

150,299,0.001, 0.0322298, 0.0322298, 0.0513076, 0.0641071, 0.0688111, 0.130747, 0.170446, 0.182092, 0.283727, 0.313834, 0.341068, 0.407636, 0.202655, 0.557588, 0.649179, 0.788174, 1, 

182,297,0.001, 0.0430904, 0.0322298, 0.0513076, 0.0641071, 0.0688111, 0.130747, 0.170446, 0.453505, 0.530505, 0.544854, 0.370021, 0.55455, 0.560675, 0.886621, 0.894647, 0.913554, 0.0570131, 0.950703, 1, 

134,361,0.001, 0.0430904, 0.0322298, 0.0513076, 0.0641071, 0.0688111, 0.130747, 0.170446, 0.182092, 0.25494, 0.283727, 0.313834, 0.341068, 0.407636, 0.514426, 0.514705, 0.548347, 1, 

131,406,0.0360828, 0.0399393, 0.100301, 0.119768, 0.0641071, 0.0688111, 0.130747, 0.170446, 0.182092, 0.25494, 0.283727, 0.313834, 0.821648, 1, 

139,340,0.001, 0.0430904, 0.0322298, 0.0513076, 0.0641071, 0.0688111, 0.130747, 0.170446, 0.182092, 0.283727, 0.313834, 0.341068, 0.313834, 1, 

144,317,0.0360828, 0.0399393, 0.0562733, 0.118104, 0.175139, 0.215466, 0.170446, 0.182092, 0.25494, 0.283727, 0.551884, 1, 

147,313,0.0360828, 0.0430904, 0.0322298, 0.0513076, 0.0641071, 0.0688111, 0.130747, 0.170446, 0.182092, 0.245163, 0.25494, 0.283727, 0.313834, 0.341068, 0.407636, 0.557588, 0.649179, 0.788174, 1, 

135,360,0.001, 0.0430904, 0.0322298, 0.0513076, 0.0641071, 0.0688111, 0.130747, 0.170446, 0.182092, 0.25494, 0.283727, 0.313834, 0.821648, 0.909096, 1, 

Generation #34
132,388,0.001, 0.0430904, 0.0569162, 0.0627768, 0.0641071, 0.0688111, 0.130747, 0.170446, 0.182092, 0.25494, 0.283727, 0.313834, 0.341068, 0.407636, 0.557588, 0.649179, 0.788174, 1, 

150,299,0.001, 0.0322298, 0.0322298, 0.0513076, 0.0641071, 0.0688111, 0.130747, 0.170446, 0.182092, 0.283727, 0.313834, 0.341068, 0.407636, 0.202655, 0.557588, 0.649179, 0.788174, 1, 

182,297,0.001, 0.0430904, 0.0322298, 0.0513076, 0.0641071, 0.0688111, 0.130747, 0.170446, 0.453505, 0.530505, 0.544854, 0.370021, 0.55455, 0.560675, 0.886621, 0.894647, 0.913554, 0.0570131, 0.950703, 1, 

134,361,0.001, 0.0430904, 0.0322298, 0.0513076, 0.0641071, 0.0688111, 0.130747, 0.170446, 0.182092, 0.25494, 0.283727, 0.313834, 0.341068, 0.407636, 0.514426, 0.514705, 0.548347, 1, 

131,406,0.0360828, 0.0399393, 0.100301, 0.119768, 0.0641071, 0.0688111, 0.130747, 0.170446, 0.182092, 0.25494, 0.283727, 0.313834, 0.821648, 1, 

139,340,0.001, 0.0430904, 0.0322298, 0.0513076, 0.0641071, 0.0688111, 0.130747, 0.170446, 0.182092, 0.283727, 0.313834, 0.341068, 0.313834, 1, 

144,317,0.0360828, 0.0399393, 0.0562733, 0.118104, 0.175139, 0.215466, 0.170446, 0.182092, 0.25494, 0.283727, 0.551884, 1, 

147,313,0.0360828, 0.0430904, 0.0322298, 0.0513076, 0.0641071, 0.0688111, 0.130747, 0.170446, 0.182092, 0.245163, 0.25494, 0.283727, 0.313834, 0.341068, 0.407636, 0.557588, 0.649179, 0.788174, 1, 

135,360,0.001, 0.0430904, 0.0322298, 0.0513076, 0.0641071, 0.0688111, 0.130747, 0.170446, 0.182092, 0.25494, 0.283727, 0.313834, 0.821648, 0.909096, 1, 

Generation #35
132,388,0.001, 0.0430904, 0.0569162, 0.0627768, 0.0641071, 0.0688111, 0.130747, 0.170446, 0.182092, 0.25494, 0.283727, 0.313834, 0.341068, 0.407636, 0.557588, 0.649179, 0.788174, 1, 

150,299,0.001, 0.0322298, 0.0322298, 0.0513076, 0.0641071, 0.0688111, 0.130747, 0.170446, 0.182092, 0.283727, 0.313834, 0.341068, 0.407636, 0.202655, 0.557588, 0.649179, 0.788174, 1, 

182,297,0.001, 0.0430904, 0.0322298, 0.0513076, 0.0641071, 0.0688111, 0.130747, 0.170446, 0.453505, 0.530505, 0.544854, 0.370021, 0.55455, 0.560675, 0.886621, 0.894647, 0.913554, 0.0570131, 0.950703, 1, 

134,361,0.001, 0.0430904, 0.0322298, 0.0513076, 0.0641071, 0.0688111, 0.130747, 0.170446, 0.182092, 0.25494, 0.283727, 0.313834, 0.341068, 0.407636, 0.514426, 0.514705, 0.548347, 1, 

131,406,0.0360828, 0.0399393, 0.100301, 0.119768, 0.0641071, 0.0688111, 0.130747, 0.170446, 0.182092, 0.25494, 0.283727, 0.313834, 0.821648, 1, 

139,340,0.001, 0.0430904, 0.0322298, 0.0513076, 0.0641071, 0.0688111, 0.130747, 0.170446, 0.182092, 0.283727, 0.313834, 0.341068, 0.313834, 1, 

144,317,0.0360828, 0.0399393, 0.0562733, 0.118104, 0.175139, 0.215466, 0.170446, 0.182092, 0.25494, 0.283727, 0.551884, 1, 

147,313,0.0360828, 0.0430904, 0.0322298, 0.0513076, 0.0641071, 0.0688111, 0.130747, 0.170446, 0.182092, 0.245163, 0.25494, 0.283727, 0.313834, 0.341068, 0.407636, 0.557588, 0.649179, 0.788174, 1, 

135,360,0.001, 0.0430904, 0.0322298, 0.0513076, 0.0641071, 0.0688111, 0.130747, 0.170446, 0.182092, 0.25494, 0.283727, 0.313834, 0.821648, 0.909096, 1, 

Generation #36
132,388,0.001, 0.0430904, 0.0569162, 0.0627768, 0.0641071, 0.0688111, 0.130747, 0.170446, 0.182092, 0.25494, 0.283727, 0.313834, 0.341068, 0.407636, 0.557588, 0.649179, 0.788174, 1, 

134,361,0.001, 0.0430904, 0.0322298, 0.0513076, 0.0641071, 0.0688111, 0.130747, 0.170446, 0.182092, 0.25494, 0.283727, 0.313834, 0.341068, 0.407636, 0.514426, 0.514705, 0.548347, 1, 

131,406,0.0360828, 0.0399393, 0.100301, 0.119768, 0.0641071, 0.0688111, 0.130747, 0.170446, 0.182092, 0.25494, 0.283727, 0.313834, 0.821648, 1, 

139,340,0.001, 0.0430904, 0.0322298, 0.0513076, 0.0641071, 0.0688111, 0.130747, 0.170446, 0.182092, 0.283727, 0.313834, 0.341068, 0.313834, 1, 

144,317,0.0360828, 0.0399393, 0.0562733, 0.118104, 0.175139, 0.215466, 0.170446, 0.182092, 0.25494, 0.283727, 0.551884, 1, 

147,313,0.0360828, 0.0430904, 0.0322298, 0.0513076, 0.0641071, 0.0688111, 0.130747, 0.170446, 0.182092, 0.245163, 0.25494, 0.283727, 0.313834, 0.341068, 0.407636, 0.557588, 0.649179, 0.788174, 1, 

135,360,0.001, 0.0430904, 0.0322298, 0.0513076, 0.0641071, 0.0688111, 0.130747, 0.170446, 0.182092, 0.25494, 0.283727, 0.313834, 0.821648, 0.909096, 1, 

148,283,0.001, 0.0430904, 0.0322298, 0.0513076, 0.0641071, 0.142348, 0.130747, 0.170446, 0.453505, 0.530505, 0.544854, 1, 

Generation #37
132,388,0.001, 0.0430904, 0.0569162, 0.0627768, 0.0641071, 0.0688111, 0.130747, 0.170446, 0.182092, 0.25494, 0.283727, 0.313834, 0.341068, 0.407636, 0.557588, 0.649179, 0.788174, 1, 

134,361,0.001, 0.0430904, 0.0322298, 0.0513076, 0.0641071, 0.0688111, 0.130747, 0.170446, 0.182092, 0.25494, 0.283727, 0.313834, 0.341068, 0.407636, 0.514426, 0.514705, 0.548347, 1, 

131,406,0.0360828, 0.0399393, 0.100301, 0.119768, 0.0641071, 0.0688111, 0.130747, 0.170446, 0.182092, 0.25494, 0.283727, 0.313834, 0.821648, 1, 

139,340,0.001, 0.0430904, 0.0322298, 0.0513076, 0.0641071, 0.0688111, 0.130747, 0.170446, 0.182092, 0.283727, 0.313834, 0.341068, 0.313834, 1, 

144,317,0.0360828, 0.0399393, 0.0562733, 0.118104, 0.175139, 0.215466, 0.170446, 0.182092, 0.25494, 0.283727, 0.551884, 1, 

147,313,0.0360828, 0.0430904, 0.0322298, 0.0513076, 0.0641071, 0.0688111, 0.130747, 0.170446, 0.182092, 0.245163, 0.25494, 0.283727, 0.313834, 0.341068, 0.407636, 0.557588, 0.649179, 0.788174, 1, 

135,360,0.001, 0.0430904, 0.0322298, 0.0513076, 0.0641071, 0.0688111, 0.130747, 0.170446, 0.182092, 0.25494, 0.283727, 0.313834, 0.821648, 0.909096, 1, 

148,283,0.001, 0.0430904, 0.0322298, 0.0513076, 0.0641071, 0.142348, 0.130747, 0.170446, 0.453505, 0.530505, 0.544854, 1, 

133,369,0.001, 0.0430904, 0.0322298, 0.0513076, 0.0641071, 0.0688111, 0.130747, 0.170446, 0.182092, 0.25494, 0.313834, 0.341068, 0.313834, 1, 

Generation #38
132,388,0.001, 0.0430904, 0.0569162, 0.0627768, 0.0641071, 0.0688111, 0.130747, 0.170446, 0.182092, 0.25494, 0.283727, 0.313834, 0.341068, 0.407636, 0.557588, 0.649179, 0.788174, 1, 

131,406,0.0360828, 0.0399393, 0.100301, 0.119768, 0.0641071, 0.0688111, 0.130747, 0.170446, 0.182092, 0.25494, 0.283727, 0.313834, 0.821648, 1, 

144,317,0.0360828, 0.0399393, 0.0562733, 0.118104, 0.175139, 0.215466, 0.170446, 0.182092, 0.25494, 0.283727, 0.551884, 1, 

147,313,0.0360828, 0.0430904, 0.0322298, 0.0513076, 0.0641071, 0.0688111, 0.130747, 0.170446, 0.182092, 0.245163, 0.25494, 0.283727, 0.313834, 0.341068, 0.407636, 0.557588, 0.649179, 0.788174, 1, 

148,283,0.001, 0.0430904, 0.0322298, 0.0513076, 0.0641071, 0.142348, 0.130747, 0.170446, 0.453505, 0.530505, 0.544854, 1, 

133,369,0.001, 0.0430904, 0.0322298, 0.0513076, 0.0641071, 0.0688111, 0.130747, 0.170446, 0.182092, 0.25494, 0.313834, 0.341068, 0.313834, 1, 

134,336,0.001, 0.0430904, 0.0322298, 0.0513076, 0.0641071, 0.0688111, 0.130747, 0.182092, 0.25494, 0.358702, 0.283727, 0.313834, 0.341068, 0.909096, 1, 

Generation #39
132,388,0.001, 0.0430904, 0.0569162, 0.0627768, 0.0641071, 0.0688111, 0.130747, 0.170446, 0.182092, 0.25494, 0.283727, 0.313834, 0.341068, 0.407636, 0.557588, 0.649179, 0.788174, 1, 

131,406,0.0360828, 0.0399393, 0.100301, 0.119768, 0.0641071, 0.0688111, 0.130747, 0.170446, 0.182092, 0.25494, 0.283727, 0.313834, 0.821648, 1, 

148,283,0.001, 0.0430904, 0.0322298, 0.0513076, 0.0641071, 0.142348, 0.130747, 0.170446, 0.453505, 0.530505, 0.544854, 1, 

133,369,0.001, 0.0430904, 0.0322298, 0.0513076, 0.0641071, 0.0688111, 0.130747, 0.170446, 0.182092, 0.25494, 0.313834, 0.341068, 0.313834, 1, 

134,336,0.001, 0.0430904, 0.0322298, 0.0513076, 0.0641071, 0.0688111, 0.130747, 0.182092, 0.25494, 0.358702, 0.283727, 0.313834, 0.341068, 0.909096, 1, 

139,312,0.001, 0.0430904, 0.0322298, 0.0513076, 0.0641071, 0.0688111, 0.130747, 0.182092, 0.25494, 0.283727, 0.551884, 0.693502, 0.694758, 0.724518, 0.838232, 0.853688, 0.96976, 1, 

Generation #40
132,388,0.001, 0.0430904, 0.0569162, 0.0627768, 0.0641071, 0.0688111, 0.130747, 0.170446, 0.182092, 0.25494, 0.283727, 0.313834, 0.341068, 0.407636, 0.557588, 0.649179, 0.788174, 1, 

131,406,0.0360828, 0.0399393, 0.100301, 0.119768, 0.0641071, 0.0688111, 0.130747, 0.170446, 0.182092, 0.25494, 0.283727, 0.313834, 0.821648, 1, 

148,283,0.001, 0.0430904, 0.0322298, 0.0513076, 0.0641071, 0.142348, 0.130747, 0.170446, 0.453505, 0.530505, 0.544854, 1, 

133,369,0.001, 0.0430904, 0.0322298, 0.0513076, 0.0641071, 0.0688111, 0.130747, 0.170446, 0.182092, 0.25494, 0.313834, 0.341068, 0.313834, 1, 

134,336,0.001, 0.0430904, 0.0322298, 0.0513076, 0.0641071, 0.0688111, 0.130747, 0.182092, 0.25494, 0.358702, 0.283727, 0.313834, 0.341068, 0.909096, 1, 

139,312,0.001, 0.0430904, 0.0322298, 0.0513076, 0.0641071, 0.0688111, 0.130747, 0.182092, 0.25494, 0.283727, 0.551884, 0.693502, 0.694758, 0.724518, 0.838232, 0.853688, 0.96976, 1, 

146,285,0.0360828, 0.0399393, 0.100301, 0.119768, 0.0641071, 0.0688111, 0.130747, 0.170446, 0.182092, 0.25494, 0.283727, 0.313834, 0.821648, 0.909096, 1, 

Generation #41
132,388,0.001, 0.0430904, 0.0569162, 0.0627768, 0.0641071, 0.0688111, 0.130747, 0.170446, 0.182092, 0.25494, 0.283727, 0.313834, 0.341068, 0.407636, 0.557588, 0.649179, 0.788174, 1, 

131,406,0.0360828, 0.0399393, 0.100301, 0.119768, 0.0641071, 0.0688111, 0.130747, 0.170446, 0.182092, 0.25494, 0.283727, 0.313834, 0.821648, 1, 

148,283,0.001, 0.0430904, 0.0322298, 0.0513076, 0.0641071, 0.142348, 0.130747, 0.170446, 0.453505, 0.530505, 0.544854, 1, 

133,369,0.001, 0.0430904, 0.0322298, 0.0513076, 0.0641071, 0.0688111, 0.130747, 0.170446, 0.182092, 0.25494, 0.313834, 0.341068, 0.313834, 1, 

134,336,0.001, 0.0430904, 0.0322298, 0.0513076, 0.0641071, 0.0688111, 0.130747, 0.182092, 0.25494, 0.358702, 0.283727, 0.313834, 0.341068, 0.909096, 1, 

139,312,0.001, 0.0430904, 0.0322298, 0.0513076, 0.0641071, 0.0688111, 0.130747, 0.182092, 0.25494, 0.283727, 0.551884, 0.693502, 0.694758, 0.724518, 0.838232, 0.853688, 0.96976, 1, 

146,285,0.0360828, 0.0399393, 0.100301, 0.119768, 0.0641071, 0.0688111, 0.130747, 0.170446, 0.182092, 0.25494, 0.283727, 0.313834, 0.821648, 0.909096, 1, 

Generation #42
132,388,0.001, 0.0430904, 0.0569162, 0.0627768, 0.0641071, 0.0688111, 0.130747, 0.170446, 0.182092, 0.25494, 0.283727, 0.313834, 0.341068, 0.407636, 0.557588, 0.649179, 0.788174, 1, 

131,406,0.0360828, 0.0399393, 0.100301, 0.119768, 0.0641071, 0.0688111, 0.130747, 0.170446, 0.182092, 0.25494, 0.283727, 0.313834, 0.821648, 1, 

148,283,0.001, 0.0430904, 0.0322298, 0.0513076, 0.0641071, 0.142348, 0.130747, 0.170446, 0.453505, 0.530505, 0.544854, 1, 

133,369,0.001, 0.0430904, 0.0322298, 0.0513076, 0.0641071, 0.0688111, 0.130747, 0.170446, 0.182092, 0.25494, 0.313834, 0.341068, 0.313834, 1, 

134,336,0.001, 0.0430904, 0.0322298, 0.0513076, 0.0641071, 0.0688111, 0.130747, 0.182092, 0.25494, 0.358702, 0.283727, 0.313834, 0.341068, 0.909096, 1, 

139,312,0.001, 0.0430904, 0.0322298, 0.0513076, 0.0641071, 0.0688111, 0.130747, 0.182092, 0.25494, 0.283727, 0.551884, 0.693502, 0.694758, 0.724518, 0.838232, 0.853688, 0.96976, 1, 

146,285,0.0360828, 0.0399393, 0.100301, 0.119768, 0.0641071, 0.0688111, 0.130747, 0.170446, 0.182092, 0.25494, 0.283727, 0.313834, 0.821648, 0.909096, 1, 

Generation #43
132,388,0.001, 0.0430904, 0.0569162, 0.0627768, 0.0641071, 0.0688111, 0.130747, 0.170446, 0.182092, 0.25494, 0.283727, 0.313834, 0.341068, 0.407636, 0.557588, 0.649179, 0.788174, 1, 

148,283,0.001, 0.0430904, 0.0322298, 0.0513076, 0.0641071, 0.142348, 0.130747, 0.170446, 0.453505, 0.530505, 0.544854, 1, 

133,369,0.001, 0.0430904, 0.0322298, 0.0513076, 0.0641071, 0.0688111, 0.130747, 0.170446, 0.182092, 0.25494, 0.313834, 0.341068, 0.313834, 1, 

134,336,0.001, 0.0430904, 0.0322298, 0.0513076, 0.0641071, 0.0688111, 0.130747, 0.182092, 0.25494, 0.358702, 0.283727, 0.313834, 0.341068, 0.909096, 1, 

139,312,0.001, 0.0430904, 0.0322298, 0.0513076, 0.0641071, 0.0688111, 0.130747, 0.182092, 0.25494, 0.283727, 0.551884, 0.693502, 0.694758, 0.724518, 0.838232, 0.853688, 0.96976, 1, 

146,285,0.0360828, 0.0399393, 0.100301, 0.119768, 0.0641071, 0.0688111, 0.130747, 0.170446, 0.182092, 0.25494, 0.283727, 0.313834, 0.821648, 0.909096, 1, 

131,398,0.0360828, 0.0430904, 0.0322298, 0.0513076, 0.0641071, 0.0688111, 0.130747, 0.170446, 0.182092, 0.25494, 0.283727, 0.313834, 0.341068, 0.407636, 0.557588, 0.649179, 0.788174, 1, 

Generation #44
132,388,0.001, 0.0430904, 0.0569162, 0.0627768, 0.0641071, 0.0688111, 0.130747, 0.170446, 0.182092, 0.25494, 0.283727, 0.313834, 0.341068, 0.407636, 0.557588, 0.649179, 0.788174, 1, 

148,283,0.001, 0.0430904, 0.0322298, 0.0513076, 0.0641071, 0.142348, 0.130747, 0.170446, 0.453505, 0.530505, 0.544854, 1, 

133,369,0.001, 0.0430904, 0.0322298, 0.0513076, 0.0641071, 0.0688111, 0.130747, 0.170446, 0.182092, 0.25494, 0.313834, 0.341068, 0.313834, 1, 

134,336,0.001, 0.0430904, 0.0322298, 0.0513076, 0.0641071, 0.0688111, 0.130747, 0.182092, 0.25494, 0.358702, 0.283727, 0.313834, 0.341068, 0.909096, 1, 

139,312,0.001, 0.0430904, 0.0322298, 0.0513076, 0.0641071, 0.0688111, 0.130747, 0.182092, 0.25494, 0.283727, 0.551884, 0.693502, 0.694758, 0.724518, 0.838232, 0.853688, 0.96976, 1, 

146,285,0.0360828, 0.0399393, 0.100301, 0.119768, 0.0641071, 0.0688111, 0.130747, 0.170446, 0.182092, 0.25494, 0.283727, 0.313834, 0.821648, 0.909096, 1, 

131,398,0.0360828, 0.0430904, 0.0322298, 0.0513076, 0.0641071, 0.0688111, 0.130747, 0.170446, 0.182092, 0.25494, 0.283727, 0.313834, 0.341068, 0.407636, 0.557588, 0.649179, 0.788174, 1, 

Generation #45
132,388,0.001, 0.0430904, 0.0569162, 0.0627768, 0.0641071, 0.0688111, 0.130747, 0.170446, 0.182092, 0.25494, 0.283727, 0.313834, 0.341068, 0.407636, 0.557588, 0.649179, 0.788174, 1, 

148,283,0.001, 0.0430904, 0.0322298, 0.0513076, 0.0641071, 0.142348, 0.130747, 0.170446, 0.453505, 0.530505, 0.544854, 1, 

133,369,0.001, 0.0430904, 0.0322298, 0.0513076, 0.0641071, 0.0688111, 0.130747, 0.170446, 0.182092, 0.25494, 0.313834, 0.341068, 0.313834, 1, 

134,336,0.001, 0.0430904, 0.0322298, 0.0513076, 0.0641071, 0.0688111, 0.130747, 0.182092, 0.25494, 0.358702, 0.283727, 0.313834, 0.341068, 0.909096, 1, 

139,312,0.001, 0.0430904, 0.0322298, 0.0513076, 0.0641071, 0.0688111, 0.130747, 0.182092, 0.25494, 0.283727, 0.551884, 0.693502, 0.694758, 0.724518, 0.838232, 0.853688, 0.96976, 1, 

146,285,0.0360828, 0.0399393, 0.100301, 0.119768, 0.0641071, 0.0688111, 0.130747, 0.170446, 0.182092, 0.25494, 0.283727, 0.313834, 0.821648, 0.909096, 1, 

131,398,0.0360828, 0.0430904, 0.0322298, 0.0513076, 0.0641071, 0.0688111, 0.130747, 0.170446, 0.182092, 0.25494, 0.283727, 0.313834, 0.341068, 0.407636, 0.557588, 0.649179, 0.788174, 1, 

152,276,0.001, 0.0430904, 0.0322298, 0.0513076, 0.0641071, 0.0688111, 0.130747, 0.170446, 0.182092, 0.283727, 0.313834, 0.341068, 0.634198, 0.202655, 0.557588, 0.649179, 0.788174, 1, 

Generation #46
132,388,0.001, 0.0430904, 0.0569162, 0.0627768, 0.0641071, 0.0688111, 0.130747, 0.170446, 0.182092, 0.25494, 0.283727, 0.313834, 0.341068, 0.407636, 0.557588, 0.649179, 0.788174, 1, 

148,283,0.001, 0.0430904, 0.0322298, 0.0513076, 0.0641071, 0.142348, 0.130747, 0.170446, 0.453505, 0.530505, 0.544854, 1, 

133,369,0.001, 0.0430904, 0.0322298, 0.0513076, 0.0641071, 0.0688111, 0.130747, 0.170446, 0.182092, 0.25494, 0.313834, 0.341068, 0.313834, 1, 

134,336,0.001, 0.0430904, 0.0322298, 0.0513076, 0.0641071, 0.0688111, 0.130747, 0.182092, 0.25494, 0.358702, 0.283727, 0.313834, 0.341068, 0.909096, 1, 

139,312,0.001, 0.0430904, 0.0322298, 0.0513076, 0.0641071, 0.0688111, 0.130747, 0.182092, 0.25494, 0.283727, 0.551884, 0.693502, 0.694758, 0.724518, 0.838232, 0.853688, 0.96976, 1, 

146,285,0.0360828, 0.0399393, 0.100301, 0.119768, 0.0641071, 0.0688111, 0.130747, 0.170446, 0.182092, 0.25494, 0.283727, 0.313834, 0.821648, 0.909096, 1, 

131,398,0.0360828, 0.0430904, 0.0322298, 0.0513076, 0.0641071, 0.0688111, 0.130747, 0.170446, 0.182092, 0.25494, 0.283727, 0.313834, 0.341068, 0.407636, 0.557588, 0.649179, 0.788174, 1, 

152,276,0.001, 0.0430904, 0.0322298, 0.0513076, 0.0641071, 0.0688111, 0.130747, 0.170446, 0.182092, 0.283727, 0.313834, 0.341068, 0.634198, 0.202655, 0.557588, 0.649179, 0.788174, 1, 

143,308,0.0360828, 0.0430904, 0.0322298, 0.0513076, 0.0641071, 0.0688111, 0.130747, 0.170446, 0.182092, 0.245163, 0.25494, 0.283727, 0.313834, 0.341068, 0.407636, 0.557588, 0.649179, 1, 

Generation #47
132,388,0.001, 0.0430904, 0.0569162, 0.0627768, 0.0641071, 0.0688111, 0.130747, 0.170446, 0.182092, 0.25494, 0.283727, 0.313834, 0.341068, 0.407636, 0.557588, 0.649179, 0.788174, 1, 

148,283,0.001, 0.0430904, 0.0322298, 0.0513076, 0.0641071, 0.142348, 0.130747, 0.170446, 0.453505, 0.530505, 0.544854, 1, 

133,369,0.001, 0.0430904, 0.0322298, 0.0513076, 0.0641071, 0.0688111, 0.130747, 0.170446, 0.182092, 0.25494, 0.313834, 0.341068, 0.313834, 1, 

134,336,0.001, 0.0430904, 0.0322298, 0.0513076, 0.0641071, 0.0688111, 0.130747, 0.182092, 0.25494, 0.358702, 0.283727, 0.313834, 0.341068, 0.909096, 1, 

139,312,0.001, 0.0430904, 0.0322298, 0.0513076, 0.0641071, 0.0688111, 0.130747, 0.182092, 0.25494, 0.283727, 0.551884, 0.693502, 0.694758, 0.724518, 0.838232, 0.853688, 0.96976, 1, 

146,285,0.0360828, 0.0399393, 0.100301, 0.119768, 0.0641071, 0.0688111, 0.130747, 0.170446, 0.182092, 0.25494, 0.283727, 0.313834, 0.821648, 0.909096, 1, 

131,398,0.0360828, 0.0430904, 0.0322298, 0.0513076, 0.0641071, 0.0688111, 0.130747, 0.170446, 0.182092, 0.25494, 0.283727, 0.313834, 0.341068, 0.407636, 0.557588, 0.649179, 0.788174, 1, 

152,276,0.001, 0.0430904, 0.0322298, 0.0513076, 0.0641071, 0.0688111, 0.130747, 0.170446, 0.182092, 0.283727, 0.313834, 0.341068, 0.634198, 0.202655, 0.557588, 0.649179, 0.788174, 1, 

143,308,0.0360828, 0.0430904, 0.0322298, 0.0513076, 0.0641071, 0.0688111, 0.130747, 0.170446, 0.182092, 0.245163, 0.25494, 0.283727, 0.313834, 0.341068, 0.407636, 0.557588, 0.649179, 1, 

Generation #48
132,388,0.001, 0.0430904, 0.0569162, 0.0627768, 0.0641071, 0.0688111, 0.130747, 0.170446, 0.182092, 0.25494, 0.283727, 0.313834, 0.341068, 0.407636, 0.557588, 0.649179, 0.788174, 1, 

148,283,0.001, 0.0430904, 0.0322298, 0.0513076, 0.0641071, 0.142348, 0.130747, 0.170446, 0.453505, 0.530505, 0.544854, 1, 

133,369,0.001, 0.0430904, 0.0322298, 0.0513076, 0.0641071, 0.0688111, 0.130747, 0.170446, 0.182092, 0.25494, 0.313834, 0.341068, 0.313834, 1, 

134,336,0.001, 0.0430904, 0.0322298, 0.0513076, 0.0641071, 0.0688111, 0.130747, 0.182092, 0.25494, 0.358702, 0.283727, 0.313834, 0.341068, 0.909096, 1, 

139,312,0.001, 0.0430904, 0.0322298, 0.0513076, 0.0641071, 0.0688111, 0.130747, 0.182092, 0.25494, 0.283727, 0.551884, 0.693502, 0.694758, 0.724518, 0.838232, 0.853688, 0.96976, 1, 

146,285,0.0360828, 0.0399393, 0.100301, 0.119768, 0.0641071, 0.0688111, 0.130747, 0.170446, 0.182092, 0.25494, 0.283727, 0.313834, 0.821648, 0.909096, 1, 

131,398,0.0360828, 0.0430904, 0.0322298, 0.0513076, 0.0641071, 0.0688111, 0.130747, 0.170446, 0.182092, 0.25494, 0.283727, 0.313834, 0.341068, 0.407636, 0.557588, 0.649179, 0.788174, 1, 

152,276,0.001, 0.0430904, 0.0322298, 0.0513076, 0.0641071, 0.0688111, 0.130747, 0.170446, 0.182092, 0.283727, 0.313834, 0.341068, 0.634198, 0.202655, 0.557588, 0.649179, 0.788174, 1, 

143,308,0.0360828, 0.0430904, 0.0322298, 0.0513076, 0.0641071, 0.0688111, 0.130747, 0.170446, 0.182092, 0.245163, 0.25494, 0.283727, 0.313834, 0.341068, 0.407636, 0.557588, 0.649179, 1, 

Generation #49
132,388,0.001, 0.0430904, 0.0569162, 0.0627768, 0.0641071, 0.0688111, 0.130747, 0.170446, 0.182092, 0.25494, 0.283727, 0.313834, 0.341068, 0.407636, 0.557588, 0.649179, 0.788174, 1, 

148,283,0.001, 0.0430904, 0.0322298, 0.0513076, 0.0641071, 0.142348, 0.130747, 0.170446, 0.453505, 0.530505, 0.544854, 1, 

133,369,0.001, 0.0430904, 0.0322298, 0.0513076, 0.0641071, 0.0688111, 0.130747, 0.170446, 0.182092, 0.25494, 0.313834, 0.341068, 0.313834, 1, 

134,336,0.001, 0.0430904, 0.0322298, 0.0513076, 0.0641071, 0.0688111, 0.130747, 0.182092, 0.25494, 0.358702, 0.283727, 0.313834, 0.341068, 0.909096, 1, 

139,312,0.001, 0.0430904, 0.0322298, 0.0513076, 0.0641071, 0.0688111, 0.130747, 0.182092, 0.25494, 0.283727, 0.551884, 0.693502, 0.694758, 0.724518, 0.838232, 0.853688, 0.96976, 1, 

146,285,0.0360828, 0.0399393, 0.100301, 0.119768, 0.0641071, 0.0688111, 0.130747, 0.170446, 0.182092, 0.25494, 0.283727, 0.313834, 0.821648, 0.909096, 1, 

131,398,0.0360828, 0.0430904, 0.0322298, 0.0513076, 0.0641071, 0.0688111, 0.130747, 0.170446, 0.182092, 0.25494, 0.283727, 0.313834, 0.341068, 0.407636, 0.557588, 0.649179, 0.788174, 1, 

152,276,0.001, 0.0430904, 0.0322298, 0.0513076, 0.0641071, 0.0688111, 0.130747, 0.170446, 0.182092, 0.283727, 0.313834, 0.341068, 0.634198, 0.202655, 0.557588, 0.649179, 0.788174, 1, 

143,308,0.0360828, 0.0430904, 0.0322298, 0.0513076, 0.0641071, 0.0688111, 0.130747, 0.170446, 0.182092, 0.245163, 0.25494, 0.283727, 0.313834, 0.341068, 0.407636, 0.557588, 0.649179, 1, 

--- Pareto Front Solutions ---
Solution 0: N total=261 (N_initial=129, N_added=132), Time total=442 ms, Saved to: ./results/SPINS_t3_l2_pareto_0.csv, percents=0.001, 0.0430904, 0.0569162, 0.0627768, 0.0641071, 0.0688111, 0.130747, 0.170446, 0.182092, 0.25494, 0.283727, 0.313834, 0.341068, 0.407636, 0.557588, 0.649179, 0.788174, 1, 

Solution 1: N total=277 (N_initial=129, N_added=148), Time total=337 ms, Saved to: ./results/SPINS_t3_l2_pareto_1.csv, percents=0.001, 0.0430904, 0.0322298, 0.0513076, 0.0641071, 0.142348, 0.130747, 0.170446, 0.453505, 0.530505, 0.544854, 1, 

Solution 2: N total=262 (N_initial=129, N_added=133), Time total=423 ms, Saved to: ./results/SPINS_t3_l2_pareto_2.csv, percents=0.001, 0.0430904, 0.0322298, 0.0513076, 0.0641071, 0.0688111, 0.130747, 0.170446, 0.182092, 0.25494, 0.313834, 0.341068, 0.313834, 1, 

Solution 3: N total=263 (N_initial=129, N_added=134), Time total=390 ms, Saved to: ./results/SPINS_t3_l2_pareto_3.csv, percents=0.001, 0.0430904, 0.0322298, 0.0513076, 0.0641071, 0.0688111, 0.130747, 0.182092, 0.25494, 0.358702, 0.283727, 0.313834, 0.341068, 0.909096, 1, 

Solution 4: N total=268 (N_initial=129, N_added=139), Time total=366 ms, Saved to: ./results/SPINS_t3_l2_pareto_4.csv, percents=0.001, 0.0430904, 0.0322298, 0.0513076, 0.0641071, 0.0688111, 0.130747, 0.182092, 0.25494, 0.283727, 0.551884, 0.693502, 0.694758, 0.724518, 0.838232, 0.853688, 0.96976, 1, 

Solution 5: N total=275 (N_initial=129, N_added=146), Time total=339 ms, Saved to: ./results/SPINS_t3_l2_pareto_5.csv, percents=0.0360828, 0.0399393, 0.100301, 0.119768, 0.0641071, 0.0688111, 0.130747, 0.170446, 0.182092, 0.25494, 0.283727, 0.313834, 0.821648, 0.909096, 1, 

Solution 6: N total=260 (N_initial=129, N_added=131), Time total=452 ms, Saved to: ./results/SPINS_t3_l2_pareto_6.csv, percents=0.0360828, 0.0430904, 0.0322298, 0.0513076, 0.0641071, 0.0688111, 0.130747, 0.170446, 0.182092, 0.25494, 0.283727, 0.313834, 0.341068, 0.407636, 0.557588, 0.649179, 0.788174, 1, 

Solution 7: N total=281 (N_initial=129, N_added=152), Time total=330 ms, Saved to: ./results/SPINS_t3_l2_pareto_7.csv, percents=0.001, 0.0430904, 0.0322298, 0.0513076, 0.0641071, 0.0688111, 0.130747, 0.170446, 0.182092, 0.283727, 0.313834, 0.341068, 0.634198, 0.202655, 0.557588, 0.649179, 0.788174, 1, 

Solution 8: N total=272 (N_initial=129, N_added=143), Time total=362 ms, Saved to: ./results/SPINS_t3_l2_pareto_8.csv, percents=0.0360828, 0.0430904, 0.0322298, 0.0513076, 0.0641071, 0.0688111, 0.130747, 0.170446, 0.182092, 0.245163, 0.25494, 0.283727, 0.313834, 0.341068, 0.407636, 0.557588, 0.649179, 1, 

------------d=1, t=3, lambda=3, filename=./evaluation/SPINS/SPINS_3_3.csv------------
Computing partitioned counts of d-sets...
Ready to look at pairs based on partitioned counts...
First Stage N=220, Time=41
There are 228 remaining non-locating pairs
--- Running GA Algorithm (phase2) ---
Running GA with std::execution::par
Generation #0
176,212,0.001, 0.0347232, 0.0413178, 0.0911587, 0.133705, 0.17074, 0.173815, 0.204755, 0.291399, 0.301361, 0.339497, 0.339918, 0.382834, 0.40547, 0.71801, 0.792764, 0.848371, 0.917932, 0.956596, 1, 

158,623,0.001, 0.16373, 0.171992, 0.342729, 0.406658, 0.522747, 0.539991, 0.558508, 0.694293, 0.817846, 0.831431, 0.966691, 1, 

173,267,0.001, 0.0592404, 0.0786132, 0.0868185, 0.126449, 0.229287, 0.376977, 0.423411, 0.466021, 0.871005, 1, 

168,352,0.001, 0.0861848, 0.149729, 0.167586, 0.308693, 0.440408, 0.460079, 0.468369, 0.78511, 0.796982, 1, 

167,390,0.001, 0.140785, 0.293397, 0.419756, 0.531547, 0.534136, 0.601168, 0.749964, 0.767178, 0.889576, 1, 

Generation #1
176,212,0.001, 0.0347232, 0.0413178, 0.0911587, 0.133705, 0.17074, 0.173815, 0.204755, 0.291399, 0.301361, 0.339497, 0.339918, 0.382834, 0.40547, 0.71801, 0.792764, 0.848371, 0.917932, 0.956596, 1, 

173,267,0.001, 0.0592404, 0.0786132, 0.0868185, 0.126449, 0.229287, 0.376977, 0.423411, 0.466021, 0.871005, 1, 

164,316,0.001, 0.0324301, 0.149729, 0.167586, 0.308693, 0.440408, 0.460079, 0.468369, 0.78511, 0.796982, 1, 

169,277,0.001, 0.0998588, 0.103516, 0.124783, 0.138688, 0.17381, 0.233635, 0.247686, 0.286968, 0.290063, 0.295121, 0.303113, 0.306199, 0.369239, 0.397974, 0.495491, 0.609356, 0.702797, 0.705034, 0.709861, 0.741991, 0.77342, 0.819554, 0.838474, 0.838898, 0.947278, 1, 

158,389,0.001, 0.140785, 0.293397, 0.419756, 0.531547, 0.534136, 0.601168, 0.749964, 0.466021, 0.871005, 1, 

192,207,0.001, 0.0406074, 0.0616213, 0.0937381, 0.100688, 0.104668, 0.148607, 0.173335, 0.229587, 0.492497, 0.495572, 0.549366, 0.586026, 0.601502, 0.616045, 0.631566, 0.651224, 0.29645, 0.697516, 0.749796, 0.811667, 0.81806, 0.858269, 0.891113, 0.902545, 0.932497, 0.970832, 0.974404, 1, 

Generation #2
176,212,0.001, 0.0347232, 0.0413178, 0.0911587, 0.133705, 0.17074, 0.173815, 0.204755, 0.291399, 0.301361, 0.339497, 0.339918, 0.382834, 0.40547, 0.71801, 0.792764, 0.848371, 0.917932, 0.956596, 1, 

192,207,0.001, 0.0406074, 0.0616213, 0.0937381, 0.100688, 0.104668, 0.148607, 0.173335, 0.229587, 0.492497, 0.495572, 0.549366, 0.586026, 0.601502, 0.616045, 0.631566, 0.651224, 0.29645, 0.697516, 0.749796, 0.811667, 0.81806, 0.858269, 0.891113, 0.902545, 0.932497, 0.970832, 0.974404, 1, 

195,181,0.001, 0.0324301, 0.0625346, 0.0698525, 0.0847811, 0.0934643, 0.110255, 0.167043, 0.188916, 0.1949, 0.196831, 0.21324, 1, 

156,226,0.001, 0.0347232, 0.0413178, 0.0911587, 0.0704947, 0.17074, 0.173815, 0.204755, 0.291399, 0.301361, 1, 

Generation #3
176,212,0.001, 0.0347232, 0.0413178, 0.0911587, 0.133705, 0.17074, 0.173815, 0.204755, 0.291399, 0.301361, 0.339497, 0.339918, 0.382834, 0.40547, 0.71801, 0.792764, 0.848371, 0.917932, 0.956596, 1, 

192,207,0.001, 0.0406074, 0.0616213, 0.0937381, 0.100688, 0.104668, 0.148607, 0.173335, 0.229587, 0.492497, 0.495572, 0.549366, 0.586026, 0.601502, 0.616045, 0.631566, 0.651224, 0.29645, 0.697516, 0.749796, 0.811667, 0.81806, 0.858269, 0.891113, 0.902545, 0.932497, 0.970832, 0.974404, 1, 

195,181,0.001, 0.0324301, 0.0625346, 0.0698525, 0.0847811, 0.0934643, 0.110255, 0.167043, 0.188916, 0.1949, 0.196831, 0.21324, 1, 

156,226,0.001, 0.0347232, 0.0413178, 0.0911587, 0.0704947, 0.17074, 0.173815, 0.204755, 0.291399, 0.301361, 1, 

Generation #4
195,181,0.001, 0.0324301, 0.0625346, 0.0698525, 0.0847811, 0.0934643, 0.110255, 0.167043, 0.188916, 0.1949, 0.196831, 0.21324, 1, 

156,226,0.001, 0.0347232, 0.0413178, 0.0911587, 0.0704947, 0.17074, 0.173815, 0.204755, 0.291399, 0.301361, 1, 

176,207,0.001, 0.0592404, 0.0786132, 0.092151, 0.157776, 0.280832, 0.311186, 0.322293, 0.357629, 0.383526, 0.393326, 0.540975, 0.599345, 0.765767, 0.812627, 0.812877, 0.934916, 0.960785, 0.968896, 0.442058, 1, 

Generation #5
195,181,0.001, 0.0324301, 0.0625346, 0.0698525, 0.0847811, 0.0934643, 0.110255, 0.167043, 0.188916, 0.1949, 0.196831, 0.21324, 1, 

156,226,0.001, 0.0347232, 0.0413178, 0.0911587, 0.0704947, 0.17074, 0.173815, 0.204755, 0.291399, 0.301361, 1, 

176,207,0.001, 0.0592404, 0.0786132, 0.092151, 0.157776, 0.280832, 0.311186, 0.322293, 0.357629, 0.383526, 0.393326, 0.540975, 0.599345, 0.765767, 0.812627, 0.812877, 0.934916, 0.960785, 0.968896, 0.442058, 1, 

155,287,0.001, 0.0794249, 0.0840869, 0.0887107, 0.111546, 0.123354, 0.156578, 0.179247, 0.22475, 0.236252, 0.316215, 0.317493, 0.421558, 0.447523, 0.463841, 0.828906, 0.908826, 0.910163, 0.915008, 1, 

Generation #6
156,226,0.001, 0.0347232, 0.0413178, 0.0911587, 0.0704947, 0.17074, 0.173815, 0.204755, 0.291399, 0.301361, 1, 

176,207,0.001, 0.0592404, 0.0786132, 0.092151, 0.157776, 0.280832, 0.311186, 0.322293, 0.357629, 0.383526, 0.393326, 0.540975, 0.599345, 0.765767, 0.812627, 0.812877, 0.934916, 0.960785, 0.968896, 0.442058, 1, 

155,279,0.001, 0.0592404, 0.0786132, 0.092151, 0.157776, 0.280832, 0.311186, 0.322293, 0.357629, 0.301361, 1, 

183,174,0.001, 0.0324301, 0.0625346, 0.0698525, 0.0847811, 0.0934643, 0.110255, 0.167043, 0.188916, 0.1949, 0.196831, 0.303113, 0.306199, 0.369239, 0.397974, 0.495491, 0.609356, 0.702797, 0.705034, 0.709861, 0.741991, 0.77342, 0.819554, 0.838474, 0.838898, 0.947278, 1, 

175,217,0.001, 0.0406074, 0.0616213, 0.0937381, 0.100688, 0.104668, 0.148607, 0.468369, 0.78511, 0.796982, 1, 

Generation #7
156,226,0.001, 0.0347232, 0.0413178, 0.0911587, 0.0704947, 0.17074, 0.173815, 0.204755, 0.291399, 0.301361, 1, 

183,174,0.001, 0.0324301, 0.0625346, 0.0698525, 0.0847811, 0.0934643, 0.110255, 0.167043, 0.188916, 0.1949, 0.196831, 0.303113, 0.306199, 0.369239, 0.397974, 0.495491, 0.609356, 0.702797, 0.705034, 0.709861, 0.741991, 0.77342, 0.819554, 0.838474, 0.838898, 0.947278, 1, 

167,185,0.001, 0.0324301, 0.0625346, 0.0698525, 0.0847811, 0.0934643, 0.110255, 0.167043, 0.188916, 0.1949, 0.196831, 0.21324, 0.317493, 0.421558, 0.757704, 0.836479, 0.960268, 0.990792, 1, 

154,265,0.001, 0.0324301, 0.0625346, 0.0698525, 0.0847811, 0.0934643, 0.216548, 0.250858, 0.266226, 0.275302, 0.63274, 0.6596, 1, 

Generation #8
156,226,0.001, 0.0347232, 0.0413178, 0.0911587, 0.0704947, 0.17074, 0.173815, 0.204755, 0.291399, 0.301361, 1, 

183,174,0.001, 0.0324301, 0.0625346, 0.0698525, 0.0847811, 0.0934643, 0.110255, 0.167043, 0.188916, 0.1949, 0.196831, 0.303113, 0.306199, 0.369239, 0.397974, 0.495491, 0.609356, 0.702797, 0.705034, 0.709861, 0.741991, 0.77342, 0.819554, 0.838474, 0.838898, 0.947278, 1, 

167,185,0.001, 0.0324301, 0.0625346, 0.0698525, 0.0847811, 0.0934643, 0.110255, 0.167043, 0.188916, 0.1949, 0.196831, 0.21324, 0.317493, 0.421558, 0.757704, 0.836479, 0.960268, 0.990792, 1, 

154,265,0.001, 0.0324301, 0.0625346, 0.0698525, 0.0847811, 0.0934643, 0.216548, 0.250858, 0.266226, 0.275302, 0.63274, 0.6596, 1, 

153,291,0.001, 0.0406074, 0.103516, 0.124783, 0.138688, 0.17074, 0.173815, 0.204755, 0.291399, 0.301361, 1, 

Generation #9
156,226,0.001, 0.0347232, 0.0413178, 0.0911587, 0.0704947, 0.17074, 0.173815, 0.204755, 0.291399, 0.301361, 1, 

183,174,0.001, 0.0324301, 0.0625346, 0.0698525, 0.0847811, 0.0934643, 0.110255, 0.167043, 0.188916, 0.1949, 0.196831, 0.303113, 0.306199, 0.369239, 0.397974, 0.495491, 0.609356, 0.702797, 0.705034, 0.709861, 0.741991, 0.77342, 0.819554, 0.838474, 0.838898, 0.947278, 1, 

167,185,0.001, 0.0324301, 0.0625346, 0.0698525, 0.0847811, 0.0934643, 0.110255, 0.167043, 0.188916, 0.1949, 0.196831, 0.21324, 0.317493, 0.421558, 0.757704, 0.836479, 0.960268, 0.990792, 1, 

153,227,0.001, 0.0406074, 0.0616213, 0.0937381, 0.190244, 0.216133, 0.225871, 0.164735, 0.281086, 0.318154, 0.430494, 0.512883, 0.537446, 0.540537, 0.6425, 0.848543, 0.876366, 0.897432, 0.995199, 1, 

Generation #10
156,226,0.001, 0.0347232, 0.0413178, 0.0911587, 0.0704947, 0.17074, 0.173815, 0.204755, 0.291399, 0.301361, 1, 

183,174,0.001, 0.0324301, 0.0625346, 0.0698525, 0.0847811, 0.0934643, 0.110255, 0.167043, 0.188916, 0.1949, 0.196831, 0.303113, 0.306199, 0.369239, 0.397974, 0.495491, 0.609356, 0.702797, 0.705034, 0.709861, 0.741991, 0.77342, 0.819554, 0.838474, 0.838898, 0.947278, 1, 

167,185,0.001, 0.0324301, 0.0625346, 0.0698525, 0.0847811, 0.0934643, 0.110255, 0.167043, 0.188916, 0.1949, 0.196831, 0.21324, 0.317493, 0.421558, 0.757704, 0.836479, 0.960268, 0.990792, 1, 

153,227,0.001, 0.0406074, 0.0616213, 0.0937381, 0.190244, 0.216133, 0.225871, 0.164735, 0.281086, 0.318154, 0.430494, 0.512883, 0.537446, 0.540537, 0.6425, 0.848543, 0.876366, 0.897432, 0.995199, 1, 

164,210,0.001, 0.0406074, 0.0616213, 0.0937381, 0.100688, 0.104668, 0.148607, 0.173335, 0.229587, 0.492497, 0.495572, 0.9642, 0.549366, 0.586026, 0.601502, 0.6425, 0.848543, 0.876366, 0.897432, 0.995199, 1, 

Generation #11
156,226,0.001, 0.0347232, 0.0413178, 0.0911587, 0.0704947, 0.17074, 0.173815, 0.204755, 0.291399, 0.301361, 1, 

183,174,0.001, 0.0324301, 0.0625346, 0.0698525, 0.0847811, 0.0934643, 0.110255, 0.167043, 0.188916, 0.1949, 0.196831, 0.303113, 0.306199, 0.369239, 0.397974, 0.495491, 0.609356, 0.702797, 0.705034, 0.709861, 0.741991, 0.77342, 0.819554, 0.838474, 0.838898, 0.947278, 1, 

167,185,0.001, 0.0324301, 0.0625346, 0.0698525, 0.0847811, 0.0934643, 0.110255, 0.167043, 0.188916, 0.1949, 0.196831, 0.21324, 0.317493, 0.421558, 0.757704, 0.836479, 0.960268, 0.990792, 1, 

153,227,0.001, 0.0406074, 0.0616213, 0.0937381, 0.190244, 0.216133, 0.225871, 0.164735, 0.281086, 0.318154, 0.430494, 0.512883, 0.537446, 0.540537, 0.6425, 0.848543, 0.876366, 0.897432, 0.995199, 1, 

164,210,0.001, 0.0406074, 0.0616213, 0.0937381, 0.100688, 0.104668, 0.148607, 0.173335, 0.229587, 0.492497, 0.495572, 0.9642, 0.549366, 0.586026, 0.601502, 0.6425, 0.848543, 0.876366, 0.897432, 0.995199, 1, 

Generation #12
156,226,0.001, 0.0347232, 0.0413178, 0.0911587, 0.0704947, 0.17074, 0.173815, 0.204755, 0.291399, 0.301361, 1, 

183,174,0.001, 0.0324301, 0.0625346, 0.0698525, 0.0847811, 0.0934643, 0.110255, 0.167043, 0.188916, 0.1949, 0.196831, 0.303113, 0.306199, 0.369239, 0.397974, 0.495491, 0.609356, 0.702797, 0.705034, 0.709861, 0.741991, 0.77342, 0.819554, 0.838474, 0.838898, 0.947278, 1, 

167,185,0.001, 0.0324301, 0.0625346, 0.0698525, 0.0847811, 0.0934643, 0.110255, 0.167043, 0.188916, 0.1949, 0.196831, 0.21324, 0.317493, 0.421558, 0.757704, 0.836479, 0.960268, 0.990792, 1, 

153,227,0.001, 0.0406074, 0.0616213, 0.0937381, 0.190244, 0.216133, 0.225871, 0.164735, 0.281086, 0.318154, 0.430494, 0.512883, 0.537446, 0.540537, 0.6425, 0.848543, 0.876366, 0.897432, 0.995199, 1, 

151,272,0.001, 0.0616213, 0.0937381, 0.100688, 0.104668, 0.148607, 0.173335, 0.291399, 0.301361, 1, 

163,204,0.001, 0.0406074, 0.0616213, 0.0937381, 0.100688, 0.104668, 0.148607, 0.173335, 0.229587, 0.492497, 0.495572, 0.549366, 0.586026, 0.601502, 0.616045, 0.631566, 0.651224, 0.29645, 0.697516, 0.749796, 1, 

Generation #13
156,226,0.001, 0.0347232, 0.0413178, 0.0911587, 0.0704947, 0.17074, 0.173815, 0.204755, 0.291399, 0.301361, 1, 

183,174,0.001, 0.0324301, 0.0625346, 0.0698525, 0.0847811, 0.0934643, 0.110255, 0.167043, 0.188916, 0.1949, 0.196831, 0.303113, 0.306199, 0.369239, 0.397974, 0.495491, 0.609356, 0.702797, 0.705034, 0.709861, 0.741991, 0.77342, 0.819554, 0.838474, 0.838898, 0.947278, 1, 

167,185,0.001, 0.0324301, 0.0625346, 0.0698525, 0.0847811, 0.0934643, 0.110255, 0.167043, 0.188916, 0.1949, 0.196831, 0.21324, 0.317493, 0.421558, 0.757704, 0.836479, 0.960268, 0.990792, 1, 

153,227,0.001, 0.0406074, 0.0616213, 0.0937381, 0.190244, 0.216133, 0.225871, 0.164735, 0.281086, 0.318154, 0.430494, 0.512883, 0.537446, 0.540537, 0.6425, 0.848543, 0.876366, 0.897432, 0.995199, 1, 

151,272,0.001, 0.0616213, 0.0937381, 0.100688, 0.104668, 0.148607, 0.173335, 0.291399, 0.301361, 1, 

163,204,0.001, 0.0406074, 0.0616213, 0.0937381, 0.100688, 0.104668, 0.148607, 0.173335, 0.229587, 0.492497, 0.495572, 0.549366, 0.586026, 0.601502, 0.616045, 0.631566, 0.651224, 0.29645, 0.697516, 0.749796, 1, 

Generation #14
156,226,0.001, 0.0347232, 0.0413178, 0.0911587, 0.0704947, 0.17074, 0.173815, 0.204755, 0.291399, 0.301361, 1, 

183,174,0.001, 0.0324301, 0.0625346, 0.0698525, 0.0847811, 0.0934643, 0.110255, 0.167043, 0.188916, 0.1949, 0.196831, 0.303113, 0.306199, 0.369239, 0.397974, 0.495491, 0.609356, 0.702797, 0.705034, 0.709861, 0.741991, 0.77342, 0.819554, 0.838474, 0.838898, 0.947278, 1, 

153,227,0.001, 0.0406074, 0.0616213, 0.0937381, 0.190244, 0.216133, 0.225871, 0.164735, 0.281086, 0.318154, 0.430494, 0.512883, 0.537446, 0.540537, 0.6425, 0.848543, 0.876366, 0.897432, 0.995199, 1, 

151,272,0.001, 0.0616213, 0.0937381, 0.100688, 0.104668, 0.148607, 0.173335, 0.291399, 0.301361, 1, 

163,204,0.001, 0.0406074, 0.0616213, 0.0937381, 0.100688, 0.104668, 0.148607, 0.173335, 0.229587, 0.492497, 0.495572, 0.549366, 0.586026, 0.601502, 0.616045, 0.631566, 0.651224, 0.29645, 0.697516, 0.749796, 1, 

184,173,0.001, 0.0592404, 0.0786132, 0.092151, 0.157776, 0.280832, 0.311186, 0.322293, 0.229587, 0.492497, 0.495572, 0.9642, 0.549366, 0.586026, 0.601502, 0.6425, 0.848543, 0.876366, 0.897432, 0.995199, 1, 

166,178,0.001, 0.0324301, 0.0625346, 0.0698525, 0.0847811, 0.0934643, 0.110255, 0.167043, 0.188916, 0.1949, 0.427314, 0.196831, 0.21324, 0.317493, 0.421558, 0.333183, 0.369384, 0.429035, 0.584041, 0.633996, 0.723702, 0.825714, 0.842985, 0.88288, 0.93157, 1, 

Generation #15
156,226,0.001, 0.0347232, 0.0413178, 0.0911587, 0.0704947, 0.17074, 0.173815, 0.204755, 0.291399, 0.301361, 1, 

183,174,0.001, 0.0324301, 0.0625346, 0.0698525, 0.0847811, 0.0934643, 0.110255, 0.167043, 0.188916, 0.1949, 0.196831, 0.303113, 0.306199, 0.369239, 0.397974, 0.495491, 0.609356, 0.702797, 0.705034, 0.709861, 0.741991, 0.77342, 0.819554, 0.838474, 0.838898, 0.947278, 1, 

153,227,0.001, 0.0406074, 0.0616213, 0.0937381, 0.190244, 0.216133, 0.225871, 0.164735, 0.281086, 0.318154, 0.430494, 0.512883, 0.537446, 0.540537, 0.6425, 0.848543, 0.876366, 0.897432, 0.995199, 1, 

151,272,0.001, 0.0616213, 0.0937381, 0.100688, 0.104668, 0.148607, 0.173335, 0.291399, 0.301361, 1, 

163,204,0.001, 0.0406074, 0.0616213, 0.0937381, 0.100688, 0.104668, 0.148607, 0.173335, 0.229587, 0.492497, 0.495572, 0.549366, 0.586026, 0.601502, 0.616045, 0.631566, 0.651224, 0.29645, 0.697516, 0.749796, 1, 

184,173,0.001, 0.0592404, 0.0786132, 0.092151, 0.157776, 0.280832, 0.311186, 0.322293, 0.229587, 0.492497, 0.495572, 0.9642, 0.549366, 0.586026, 0.601502, 0.6425, 0.848543, 0.876366, 0.897432, 0.995199, 1, 

166,178,0.001, 0.0324301, 0.0625346, 0.0698525, 0.0847811, 0.0934643, 0.110255, 0.167043, 0.188916, 0.1949, 0.427314, 0.196831, 0.21324, 0.317493, 0.421558, 0.333183, 0.369384, 0.429035, 0.584041, 0.633996, 0.723702, 0.825714, 0.842985, 0.88288, 0.93157, 1, 

Generation #16
156,226,0.001, 0.0347232, 0.0413178, 0.0911587, 0.0704947, 0.17074, 0.173815, 0.204755, 0.291399, 0.301361, 1, 

183,174,0.001, 0.0324301, 0.0625346, 0.0698525, 0.0847811, 0.0934643, 0.110255, 0.167043, 0.188916, 0.1949, 0.196831, 0.303113, 0.306199, 0.369239, 0.397974, 0.495491, 0.609356, 0.702797, 0.705034, 0.709861, 0.741991, 0.77342, 0.819554, 0.838474, 0.838898, 0.947278, 1, 

153,227,0.001, 0.0406074, 0.0616213, 0.0937381, 0.190244, 0.216133, 0.225871, 0.164735, 0.281086, 0.318154, 0.430494, 0.512883, 0.537446, 0.540537, 0.6425, 0.848543, 0.876366, 0.897432, 0.995199, 1, 

151,272,0.001, 0.0616213, 0.0937381, 0.100688, 0.104668, 0.148607, 0.173335, 0.291399, 0.301361, 1, 

163,204,0.001, 0.0406074, 0.0616213, 0.0937381, 0.100688, 0.104668, 0.148607, 0.173335, 0.229587, 0.492497, 0.495572, 0.549366, 0.586026, 0.601502, 0.616045, 0.631566, 0.651224, 0.29645, 0.697516, 0.749796, 1, 

184,173,0.001, 0.0592404, 0.0786132, 0.092151, 0.157776, 0.280832, 0.311186, 0.322293, 0.229587, 0.492497, 0.495572, 0.9642, 0.549366, 0.586026, 0.601502, 0.6425, 0.848543, 0.876366, 0.897432, 0.995199, 1, 

166,178,0.001, 0.0324301, 0.0625346, 0.0698525, 0.0847811, 0.0934643, 0.110255, 0.167043, 0.188916, 0.1949, 0.427314, 0.196831, 0.21324, 0.317493, 0.421558, 0.333183, 0.369384, 0.429035, 0.584041, 0.633996, 0.723702, 0.825714, 0.842985, 0.88288, 0.93157, 1, 

Generation #17
156,226,0.001, 0.0347232, 0.0413178, 0.0911587, 0.0704947, 0.17074, 0.173815, 0.204755, 0.291399, 0.301361, 1, 

183,174,0.001, 0.0324301, 0.0625346, 0.0698525, 0.0847811, 0.0934643, 0.110255, 0.167043, 0.188916, 0.1949, 0.196831, 0.303113, 0.306199, 0.369239, 0.397974, 0.495491, 0.609356, 0.702797, 0.705034, 0.709861, 0.741991, 0.77342, 0.819554, 0.838474, 0.838898, 0.947278, 1, 

153,227,0.001, 0.0406074, 0.0616213, 0.0937381, 0.190244, 0.216133, 0.225871, 0.164735, 0.281086, 0.318154, 0.430494, 0.512883, 0.537446, 0.540537, 0.6425, 0.848543, 0.876366, 0.897432, 0.995199, 1, 

151,272,0.001, 0.0616213, 0.0937381, 0.100688, 0.104668, 0.148607, 0.173335, 0.291399, 0.301361, 1, 

163,204,0.001, 0.0406074, 0.0616213, 0.0937381, 0.100688, 0.104668, 0.148607, 0.173335, 0.229587, 0.492497, 0.495572, 0.549366, 0.586026, 0.601502, 0.616045, 0.631566, 0.651224, 0.29645, 0.697516, 0.749796, 1, 

184,173,0.001, 0.0592404, 0.0786132, 0.092151, 0.157776, 0.280832, 0.311186, 0.322293, 0.229587, 0.492497, 0.495572, 0.9642, 0.549366, 0.586026, 0.601502, 0.6425, 0.848543, 0.876366, 0.897432, 0.995199, 1, 

166,178,0.001, 0.0324301, 0.0625346, 0.0698525, 0.0847811, 0.0934643, 0.110255, 0.167043, 0.188916, 0.1949, 0.427314, 0.196831, 0.21324, 0.317493, 0.421558, 0.333183, 0.369384, 0.429035, 0.584041, 0.633996, 0.723702, 0.825714, 0.842985, 0.88288, 0.93157, 1, 

162,221,0.001, 0.0406074, 0.0616213, 0.0937381, 0.100688, 0.104668, 0.148607, 0.173335, 0.229587, 0.492497, 0.236252, 0.316215, 0.317493, 0.421558, 0.447523, 0.463841, 0.828906, 0.908826, 0.705298, 0.910163, 0.915008, 1, 

Generation #18
156,226,0.001, 0.0347232, 0.0413178, 0.0911587, 0.0704947, 0.17074, 0.173815, 0.204755, 0.291399, 0.301361, 1, 

153,227,0.001, 0.0406074, 0.0616213, 0.0937381, 0.190244, 0.216133, 0.225871, 0.164735, 0.281086, 0.318154, 0.430494, 0.512883, 0.537446, 0.540537, 0.6425, 0.848543, 0.876366, 0.897432, 0.995199, 1, 

151,272,0.001, 0.0616213, 0.0937381, 0.100688, 0.104668, 0.148607, 0.173335, 0.291399, 0.301361, 1, 

163,204,0.001, 0.0406074, 0.0616213, 0.0937381, 0.100688, 0.104668, 0.148607, 0.173335, 0.229587, 0.492497, 0.495572, 0.549366, 0.586026, 0.601502, 0.616045, 0.631566, 0.651224, 0.29645, 0.697516, 0.749796, 1, 

166,178,0.001, 0.0324301, 0.0625346, 0.0698525, 0.0847811, 0.0934643, 0.110255, 0.167043, 0.188916, 0.1949, 0.427314, 0.196831, 0.21324, 0.317493, 0.421558, 0.333183, 0.369384, 0.429035, 0.584041, 0.633996, 0.723702, 0.825714, 0.842985, 0.88288, 0.93157, 1, 

162,221,0.001, 0.0406074, 0.0616213, 0.0937381, 0.100688, 0.104668, 0.148607, 0.173335, 0.229587, 0.492497, 0.236252, 0.316215, 0.317493, 0.421558, 0.447523, 0.463841, 0.828906, 0.908826, 0.705298, 0.910163, 0.915008, 1, 

171,163,0.001, 0.0406074, 0.0616213, 0.0522548, 0.0995521, 0.0934643, 0.110255, 0.167043, 0.188916, 0.1949, 0.196831, 0.303113, 0.537446, 0.540537, 0.6425, 0.848543, 0.876366, 0.897432, 0.995199, 1, 

Generation #19
156,226,0.001, 0.0347232, 0.0413178, 0.0911587, 0.0704947, 0.17074, 0.173815, 0.204755, 0.291399, 0.301361, 1, 

153,227,0.001, 0.0406074, 0.0616213, 0.0937381, 0.190244, 0.216133, 0.225871, 0.164735, 0.281086, 0.318154, 0.430494, 0.512883, 0.537446, 0.540537, 0.6425, 0.848543, 0.876366, 0.897432, 0.995199, 1, 

151,272,0.001, 0.0616213, 0.0937381, 0.100688, 0.104668, 0.148607, 0.173335, 0.291399, 0.301361, 1, 

163,204,0.001, 0.0406074, 0.0616213, 0.0937381, 0.100688, 0.104668, 0.148607, 0.173335, 0.229587, 0.492497, 0.495572, 0.549366, 0.586026, 0.601502, 0.616045, 0.631566, 0.651224, 0.29645, 0.697516, 0.749796, 1, 

166,178,0.001, 0.0324301, 0.0625346, 0.0698525, 0.0847811, 0.0934643, 0.110255, 0.167043, 0.188916, 0.1949, 0.427314, 0.196831, 0.21324, 0.317493, 0.421558, 0.333183, 0.369384, 0.429035, 0.584041, 0.633996, 0.723702, 0.825714, 0.842985, 0.88288, 0.93157, 1, 

171,163,0.001, 0.0406074, 0.0616213, 0.0522548, 0.0995521, 0.0934643, 0.110255, 0.167043, 0.188916, 0.1949, 0.196831, 0.303113, 0.537446, 0.540537, 0.6425, 0.848543, 0.876366, 0.897432, 0.995199, 1, 

158,213,0.001, 0.0406074, 0.0616213, 0.0937381, 0.100688, 0.173815, 0.204755, 0.291399, 0.301361, 1, 

Generation #20
156,226,0.001, 0.0347232, 0.0413178, 0.0911587, 0.0704947, 0.17074, 0.173815, 0.204755, 0.291399, 0.301361, 1, 

153,227,0.001, 0.0406074, 0.0616213, 0.0937381, 0.190244, 0.216133, 0.225871, 0.164735, 0.281086, 0.318154, 0.430494, 0.512883, 0.537446, 0.540537, 0.6425, 0.848543, 0.876366, 0.897432, 0.995199, 1, 

151,272,0.001, 0.0616213, 0.0937381, 0.100688, 0.104668, 0.148607, 0.173335, 0.291399, 0.301361, 1, 

163,204,0.001, 0.0406074, 0.0616213, 0.0937381, 0.100688, 0.104668, 0.148607, 0.173335, 0.229587, 0.492497, 0.495572, 0.549366, 0.586026, 0.601502, 0.616045, 0.631566, 0.651224, 0.29645, 0.697516, 0.749796, 1, 

166,178,0.001, 0.0324301, 0.0625346, 0.0698525, 0.0847811, 0.0934643, 0.110255, 0.167043, 0.188916, 0.1949, 0.427314, 0.196831, 0.21324, 0.317493, 0.421558, 0.333183, 0.369384, 0.429035, 0.584041, 0.633996, 0.723702, 0.825714, 0.842985, 0.88288, 0.93157, 1, 

171,163,0.001, 0.0406074, 0.0616213, 0.0522548, 0.0995521, 0.0934643, 0.110255, 0.167043, 0.188916, 0.1949, 0.196831, 0.303113, 0.537446, 0.540537, 0.6425, 0.848543, 0.876366, 0.897432, 0.995199, 1, 

158,213,0.001, 0.0406074, 0.0616213, 0.0937381, 0.100688, 0.173815, 0.204755, 0.291399, 0.301361, 1, 

Generation #21
166,178,0.001, 0.0324301, 0.0625346, 0.0698525, 0.0847811, 0.0934643, 0.110255, 0.167043, 0.188916, 0.1949, 0.427314, 0.196831, 0.21324, 0.317493, 0.421558, 0.333183, 0.369384, 0.429035, 0.584041, 0.633996, 0.723702, 0.825714, 0.842985, 0.88288, 0.93157, 1, 

171,163,0.001, 0.0406074, 0.0616213, 0.0522548, 0.0995521, 0.0934643, 0.110255, 0.167043, 0.188916, 0.1949, 0.196831, 0.303113, 0.537446, 0.540537, 0.6425, 0.848543, 0.876366, 0.897432, 0.995199, 1, 

151,197,0.001, 0.0324301, 0.0625346, 0.0698525, 0.0847811, 0.0934643, 0.110255, 0.167043, 0.188916, 0.1949, 0.196831, 0.21324, 0.317493, 0.421558, 0.757704, 0.333183, 0.369384, 0.429035, 0.584041, 0.442058, 1, 

Generation #22
166,178,0.001, 0.0324301, 0.0625346, 0.0698525, 0.0847811, 0.0934643, 0.110255, 0.167043, 0.188916, 0.1949, 0.427314, 0.196831, 0.21324, 0.317493, 0.421558, 0.333183, 0.369384, 0.429035, 0.584041, 0.633996, 0.723702, 0.825714, 0.842985, 0.88288, 0.93157, 1, 

171,163,0.001, 0.0406074, 0.0616213, 0.0522548, 0.0995521, 0.0934643, 0.110255, 0.167043, 0.188916, 0.1949, 0.196831, 0.303113, 0.537446, 0.540537, 0.6425, 0.848543, 0.876366, 0.897432, 0.995199, 1, 

151,197,0.001, 0.0324301, 0.0625346, 0.0698525, 0.0847811, 0.0934643, 0.110255, 0.167043, 0.188916, 0.1949, 0.196831, 0.21324, 0.317493, 0.421558, 0.757704, 0.333183, 0.369384, 0.429035, 0.584041, 0.442058, 1, 

Generation #23
166,178,0.001, 0.0324301, 0.0625346, 0.0698525, 0.0847811, 0.0934643, 0.110255, 0.167043, 0.188916, 0.1949, 0.427314, 0.196831, 0.21324, 0.317493, 0.421558, 0.333183, 0.369384, 0.429035, 0.584041, 0.633996, 0.723702, 0.825714, 0.842985, 0.88288, 0.93157, 1, 

171,163,0.001, 0.0406074, 0.0616213, 0.0522548, 0.0995521, 0.0934643, 0.110255, 0.167043, 0.188916, 0.1949, 0.196831, 0.303113, 0.537446, 0.540537, 0.6425, 0.848543, 0.876366, 0.897432, 0.995199, 1, 

151,197,0.001, 0.0324301, 0.0625346, 0.0698525, 0.0847811, 0.0934643, 0.110255, 0.167043, 0.188916, 0.1949, 0.196831, 0.21324, 0.317493, 0.421558, 0.757704, 0.333183, 0.369384, 0.429035, 0.584041, 0.442058, 1, 

Generation #24
166,178,0.001, 0.0324301, 0.0625346, 0.0698525, 0.0847811, 0.0934643, 0.110255, 0.167043, 0.188916, 0.1949, 0.427314, 0.196831, 0.21324, 0.317493, 0.421558, 0.333183, 0.369384, 0.429035, 0.584041, 0.633996, 0.723702, 0.825714, 0.842985, 0.88288, 0.93157, 1, 

171,163,0.001, 0.0406074, 0.0616213, 0.0522548, 0.0995521, 0.0934643, 0.110255, 0.167043, 0.188916, 0.1949, 0.196831, 0.303113, 0.537446, 0.540537, 0.6425, 0.848543, 0.876366, 0.897432, 0.995199, 1, 

151,197,0.001, 0.0324301, 0.0625346, 0.0698525, 0.0847811, 0.0934643, 0.110255, 0.167043, 0.188916, 0.1949, 0.196831, 0.21324, 0.317493, 0.421558, 0.757704, 0.333183, 0.369384, 0.429035, 0.584041, 0.442058, 1, 

177,160,0.001, 0.0324301, 0.0625346, 0.0698525, 0.0847811, 0.0934643, 0.110255, 0.167043, 0.188916, 0.1949, 0.427314, 0.196831, 0.21324, 0.317493, 0.421558, 0.447523, 0.463841, 0.828906, 0.908826, 0.442058, 1, 

Generation #25
166,178,0.001, 0.0324301, 0.0625346, 0.0698525, 0.0847811, 0.0934643, 0.110255, 0.167043, 0.188916, 0.1949, 0.427314, 0.196831, 0.21324, 0.317493, 0.421558, 0.333183, 0.369384, 0.429035, 0.584041, 0.633996, 0.723702, 0.825714, 0.842985, 0.88288, 0.93157, 1, 

171,163,0.001, 0.0406074, 0.0616213, 0.0522548, 0.0995521, 0.0934643, 0.110255, 0.167043, 0.188916, 0.1949, 0.196831, 0.303113, 0.537446, 0.540537, 0.6425, 0.848543, 0.876366, 0.897432, 0.995199, 1, 

151,197,0.001, 0.0324301, 0.0625346, 0.0698525, 0.0847811, 0.0934643, 0.110255, 0.167043, 0.188916, 0.1949, 0.196831, 0.21324, 0.317493, 0.421558, 0.757704, 0.333183, 0.369384, 0.429035, 0.584041, 0.442058, 1, 

177,160,0.001, 0.0324301, 0.0625346, 0.0698525, 0.0847811, 0.0934643, 0.110255, 0.167043, 0.188916, 0.1949, 0.427314, 0.196831, 0.21324, 0.317493, 0.421558, 0.447523, 0.463841, 0.828906, 0.908826, 0.442058, 1, 

164,188,0.001, 0.0324301, 0.0625346, 0.0698525, 0.0847811, 0.0934643, 0.110255, 0.167043, 0.229587, 0.492497, 0.236252, 0.316215, 0.317493, 0.421558, 0.447523, 0.463841, 0.828906, 0.908826, 0.705298, 0.915008, 1, 

Generation #26
166,178,0.001, 0.0324301, 0.0625346, 0.0698525, 0.0847811, 0.0934643, 0.110255, 0.167043, 0.188916, 0.1949, 0.427314, 0.196831, 0.21324, 0.317493, 0.421558, 0.333183, 0.369384, 0.429035, 0.584041, 0.633996, 0.723702, 0.825714, 0.842985, 0.88288, 0.93157, 1, 

171,163,0.001, 0.0406074, 0.0616213, 0.0522548, 0.0995521, 0.0934643, 0.110255, 0.167043, 0.188916, 0.1949, 0.196831, 0.303113, 0.537446, 0.540537, 0.6425, 0.848543, 0.876366, 0.897432, 0.995199, 1, 

151,197,0.001, 0.0324301, 0.0625346, 0.0698525, 0.0847811, 0.0934643, 0.110255, 0.167043, 0.188916, 0.1949, 0.196831, 0.21324, 0.317493, 0.421558, 0.757704, 0.333183, 0.369384, 0.429035, 0.584041, 0.442058, 1, 

177,160,0.001, 0.0324301, 0.0625346, 0.0698525, 0.0847811, 0.0934643, 0.110255, 0.167043, 0.188916, 0.1949, 0.427314, 0.196831, 0.21324, 0.317493, 0.421558, 0.447523, 0.463841, 0.828906, 0.908826, 0.442058, 1, 

164,188,0.001, 0.0324301, 0.0625346, 0.0698525, 0.0847811, 0.0934643, 0.110255, 0.167043, 0.229587, 0.492497, 0.236252, 0.316215, 0.317493, 0.421558, 0.447523, 0.463841, 0.828906, 0.908826, 0.705298, 0.915008, 1, 

Generation #27
166,178,0.001, 0.0324301, 0.0625346, 0.0698525, 0.0847811, 0.0934643, 0.110255, 0.167043, 0.188916, 0.1949, 0.427314, 0.196831, 0.21324, 0.317493, 0.421558, 0.333183, 0.369384, 0.429035, 0.584041, 0.633996, 0.723702, 0.825714, 0.842985, 0.88288, 0.93157, 1, 

171,163,0.001, 0.0406074, 0.0616213, 0.0522548, 0.0995521, 0.0934643, 0.110255, 0.167043, 0.188916, 0.1949, 0.196831, 0.303113, 0.537446, 0.540537, 0.6425, 0.848543, 0.876366, 0.897432, 0.995199, 1, 

151,197,0.001, 0.0324301, 0.0625346, 0.0698525, 0.0847811, 0.0934643, 0.110255, 0.167043, 0.188916, 0.1949, 0.196831, 0.21324, 0.317493, 0.421558, 0.757704, 0.333183, 0.369384, 0.429035, 0.584041, 0.442058, 1, 

177,160,0.001, 0.0324301, 0.0625346, 0.0698525, 0.0847811, 0.0934643, 0.110255, 0.167043, 0.188916, 0.1949, 0.427314, 0.196831, 0.21324, 0.317493, 0.421558, 0.447523, 0.463841, 0.828906, 0.908826, 0.442058, 1, 

164,188,0.001, 0.0324301, 0.0625346, 0.0698525, 0.0847811, 0.0934643, 0.110255, 0.167043, 0.229587, 0.492497, 0.236252, 0.316215, 0.317493, 0.421558, 0.447523, 0.463841, 0.828906, 0.908826, 0.705298, 0.915008, 1, 

147,211,0.001, 0.0324301, 0.0625346, 0.0937381, 0.104668, 0.148607, 0.173335, 0.229587, 0.492497, 0.236252, 0.316215, 0.317493, 0.421558, 0.447523, 0.421558, 0.447523, 0.463841, 0.828906, 0.908826, 0.910163, 0.915008, 1, 

Generation #28
166,178,0.001, 0.0324301, 0.0625346, 0.0698525, 0.0847811, 0.0934643, 0.110255, 0.167043, 0.188916, 0.1949, 0.427314, 0.196831, 0.21324, 0.317493, 0.421558, 0.333183, 0.369384, 0.429035, 0.584041, 0.633996, 0.723702, 0.825714, 0.842985, 0.88288, 0.93157, 1, 

171,163,0.001, 0.0406074, 0.0616213, 0.0522548, 0.0995521, 0.0934643, 0.110255, 0.167043, 0.188916, 0.1949, 0.196831, 0.303113, 0.537446, 0.540537, 0.6425, 0.848543, 0.876366, 0.897432, 0.995199, 1, 

151,197,0.001, 0.0324301, 0.0625346, 0.0698525, 0.0847811, 0.0934643, 0.110255, 0.167043, 0.188916, 0.1949, 0.196831, 0.21324, 0.317493, 0.421558, 0.757704, 0.333183, 0.369384, 0.429035, 0.584041, 0.442058, 1, 

177,160,0.001, 0.0324301, 0.0625346, 0.0698525, 0.0847811, 0.0934643, 0.110255, 0.167043, 0.188916, 0.1949, 0.427314, 0.196831, 0.21324, 0.317493, 0.421558, 0.447523, 0.463841, 0.828906, 0.908826, 0.442058, 1, 

147,211,0.001, 0.0324301, 0.0625346, 0.0937381, 0.104668, 0.148607, 0.173335, 0.229587, 0.492497, 0.236252, 0.316215, 0.317493, 0.421558, 0.447523, 0.421558, 0.447523, 0.463841, 0.828906, 0.908826, 0.910163, 0.915008, 1, 

161,180,0.001, 0.0406074, 0.0616213, 0.0937381, 0.100688, 0.104668, 0.148607, 0.173335, 0.266226, 0.275302, 0.63274, 0.6596, 1, 

Generation #29
166,178,0.001, 0.0324301, 0.0625346, 0.0698525, 0.0847811, 0.0934643, 0.110255, 0.167043, 0.188916, 0.1949, 0.427314, 0.196831, 0.21324, 0.317493, 0.421558, 0.333183, 0.369384, 0.429035, 0.584041, 0.633996, 0.723702, 0.825714, 0.842985, 0.88288, 0.93157, 1, 

171,163,0.001, 0.0406074, 0.0616213, 0.0522548, 0.0995521, 0.0934643, 0.110255, 0.167043, 0.188916, 0.1949, 0.196831, 0.303113, 0.537446, 0.540537, 0.6425, 0.848543, 0.876366, 0.897432, 0.995199, 1, 

151,197,0.001, 0.0324301, 0.0625346, 0.0698525, 0.0847811, 0.0934643, 0.110255, 0.167043, 0.188916, 0.1949, 0.196831, 0.21324, 0.317493, 0.421558, 0.757704, 0.333183, 0.369384, 0.429035, 0.584041, 0.442058, 1, 

177,160,0.001, 0.0324301, 0.0625346, 0.0698525, 0.0847811, 0.0934643, 0.110255, 0.167043, 0.188916, 0.1949, 0.427314, 0.196831, 0.21324, 0.317493, 0.421558, 0.447523, 0.463841, 0.828906, 0.908826, 0.442058, 1, 

147,211,0.001, 0.0324301, 0.0625346, 0.0937381, 0.104668, 0.148607, 0.173335, 0.229587, 0.492497, 0.236252, 0.316215, 0.317493, 0.421558, 0.447523, 0.421558, 0.447523, 0.463841, 0.828906, 0.908826, 0.910163, 0.915008, 1, 

161,180,0.001, 0.0406074, 0.0616213, 0.0937381, 0.100688, 0.104668, 0.148607, 0.173335, 0.266226, 0.275302, 0.63274, 0.6596, 1, 

Generation #30
166,178,0.001, 0.0324301, 0.0625346, 0.0698525, 0.0847811, 0.0934643, 0.110255, 0.167043, 0.188916, 0.1949, 0.427314, 0.196831, 0.21324, 0.317493, 0.421558, 0.333183, 0.369384, 0.429035, 0.584041, 0.633996, 0.723702, 0.825714, 0.842985, 0.88288, 0.93157, 1, 

171,163,0.001, 0.0406074, 0.0616213, 0.0522548, 0.0995521, 0.0934643, 0.110255, 0.167043, 0.188916, 0.1949, 0.196831, 0.303113, 0.537446, 0.540537, 0.6425, 0.848543, 0.876366, 0.897432, 0.995199, 1, 

151,197,0.001, 0.0324301, 0.0625346, 0.0698525, 0.0847811, 0.0934643, 0.110255, 0.167043, 0.188916, 0.1949, 0.196831, 0.21324, 0.317493, 0.421558, 0.757704, 0.333183, 0.369384, 0.429035, 0.584041, 0.442058, 1, 

177,160,0.001, 0.0324301, 0.0625346, 0.0698525, 0.0847811, 0.0934643, 0.110255, 0.167043, 0.188916, 0.1949, 0.427314, 0.196831, 0.21324, 0.317493, 0.421558, 0.447523, 0.463841, 0.828906, 0.908826, 0.442058, 1, 

147,211,0.001, 0.0324301, 0.0625346, 0.0937381, 0.104668, 0.148607, 0.173335, 0.229587, 0.492497, 0.236252, 0.316215, 0.317493, 0.421558, 0.447523, 0.421558, 0.447523, 0.463841, 0.828906, 0.908826, 0.910163, 0.915008, 1, 

161,180,0.001, 0.0406074, 0.0616213, 0.0937381, 0.100688, 0.104668, 0.148607, 0.173335, 0.266226, 0.275302, 0.63274, 0.6596, 1, 

Generation #31
166,178,0.001, 0.0324301, 0.0625346, 0.0698525, 0.0847811, 0.0934643, 0.110255, 0.167043, 0.188916, 0.1949, 0.427314, 0.196831, 0.21324, 0.317493, 0.421558, 0.333183, 0.369384, 0.429035, 0.584041, 0.633996, 0.723702, 0.825714, 0.842985, 0.88288, 0.93157, 1, 

171,163,0.001, 0.0406074, 0.0616213, 0.0522548, 0.0995521, 0.0934643, 0.110255, 0.167043, 0.188916, 0.1949, 0.196831, 0.303113, 0.537446, 0.540537, 0.6425, 0.848543, 0.876366, 0.897432, 0.995199, 1, 

151,197,0.001, 0.0324301, 0.0625346, 0.0698525, 0.0847811, 0.0934643, 0.110255, 0.167043, 0.188916, 0.1949, 0.196831, 0.21324, 0.317493, 0.421558, 0.757704, 0.333183, 0.369384, 0.429035, 0.584041, 0.442058, 1, 

177,160,0.001, 0.0324301, 0.0625346, 0.0698525, 0.0847811, 0.0934643, 0.110255, 0.167043, 0.188916, 0.1949, 0.427314, 0.196831, 0.21324, 0.317493, 0.421558, 0.447523, 0.463841, 0.828906, 0.908826, 0.442058, 1, 

147,211,0.001, 0.0324301, 0.0625346, 0.0937381, 0.104668, 0.148607, 0.173335, 0.229587, 0.492497, 0.236252, 0.316215, 0.317493, 0.421558, 0.447523, 0.421558, 0.447523, 0.463841, 0.828906, 0.908826, 0.910163, 0.915008, 1, 

161,180,0.001, 0.0406074, 0.0616213, 0.0937381, 0.100688, 0.104668, 0.148607, 0.173335, 0.266226, 0.275302, 0.63274, 0.6596, 1, 

Generation #32
166,178,0.001, 0.0324301, 0.0625346, 0.0698525, 0.0847811, 0.0934643, 0.110255, 0.167043, 0.188916, 0.1949, 0.427314, 0.196831, 0.21324, 0.317493, 0.421558, 0.333183, 0.369384, 0.429035, 0.584041, 0.633996, 0.723702, 0.825714, 0.842985, 0.88288, 0.93157, 1, 

171,163,0.001, 0.0406074, 0.0616213, 0.0522548, 0.0995521, 0.0934643, 0.110255, 0.167043, 0.188916, 0.1949, 0.196831, 0.303113, 0.537446, 0.540537, 0.6425, 0.848543, 0.876366, 0.897432, 0.995199, 1, 

151,197,0.001, 0.0324301, 0.0625346, 0.0698525, 0.0847811, 0.0934643, 0.110255, 0.167043, 0.188916, 0.1949, 0.196831, 0.21324, 0.317493, 0.421558, 0.757704, 0.333183, 0.369384, 0.429035, 0.584041, 0.442058, 1, 

177,160,0.001, 0.0324301, 0.0625346, 0.0698525, 0.0847811, 0.0934643, 0.110255, 0.167043, 0.188916, 0.1949, 0.427314, 0.196831, 0.21324, 0.317493, 0.421558, 0.447523, 0.463841, 0.828906, 0.908826, 0.442058, 1, 

147,211,0.001, 0.0324301, 0.0625346, 0.0937381, 0.104668, 0.148607, 0.173335, 0.229587, 0.492497, 0.236252, 0.316215, 0.317493, 0.421558, 0.447523, 0.421558, 0.447523, 0.463841, 0.828906, 0.908826, 0.910163, 0.915008, 1, 

161,180,0.001, 0.0406074, 0.0616213, 0.0937381, 0.100688, 0.104668, 0.148607, 0.173335, 0.266226, 0.275302, 0.63274, 0.6596, 1, 

Generation #33
166,178,0.001, 0.0324301, 0.0625346, 0.0698525, 0.0847811, 0.0934643, 0.110255, 0.167043, 0.188916, 0.1949, 0.427314, 0.196831, 0.21324, 0.317493, 0.421558, 0.333183, 0.369384, 0.429035, 0.584041, 0.633996, 0.723702, 0.825714, 0.842985, 0.88288, 0.93157, 1, 

171,163,0.001, 0.0406074, 0.0616213, 0.0522548, 0.0995521, 0.0934643, 0.110255, 0.167043, 0.188916, 0.1949, 0.196831, 0.303113, 0.537446, 0.540537, 0.6425, 0.848543, 0.876366, 0.897432, 0.995199, 1, 

151,197,0.001, 0.0324301, 0.0625346, 0.0698525, 0.0847811, 0.0934643, 0.110255, 0.167043, 0.188916, 0.1949, 0.196831, 0.21324, 0.317493, 0.421558, 0.757704, 0.333183, 0.369384, 0.429035, 0.584041, 0.442058, 1, 

177,160,0.001, 0.0324301, 0.0625346, 0.0698525, 0.0847811, 0.0934643, 0.110255, 0.167043, 0.188916, 0.1949, 0.427314, 0.196831, 0.21324, 0.317493, 0.421558, 0.447523, 0.463841, 0.828906, 0.908826, 0.442058, 1, 

147,211,0.001, 0.0324301, 0.0625346, 0.0937381, 0.104668, 0.148607, 0.173335, 0.229587, 0.492497, 0.236252, 0.316215, 0.317493, 0.421558, 0.447523, 0.421558, 0.447523, 0.463841, 0.828906, 0.908826, 0.910163, 0.915008, 1, 

161,180,0.001, 0.0406074, 0.0616213, 0.0937381, 0.100688, 0.104668, 0.148607, 0.173335, 0.266226, 0.275302, 0.63274, 0.6596, 1, 

Generation #34
166,178,0.001, 0.0324301, 0.0625346, 0.0698525, 0.0847811, 0.0934643, 0.110255, 0.167043, 0.188916, 0.1949, 0.427314, 0.196831, 0.21324, 0.317493, 0.421558, 0.333183, 0.369384, 0.429035, 0.584041, 0.633996, 0.723702, 0.825714, 0.842985, 0.88288, 0.93157, 1, 

171,163,0.001, 0.0406074, 0.0616213, 0.0522548, 0.0995521, 0.0934643, 0.110255, 0.167043, 0.188916, 0.1949, 0.196831, 0.303113, 0.537446, 0.540537, 0.6425, 0.848543, 0.876366, 0.897432, 0.995199, 1, 

151,197,0.001, 0.0324301, 0.0625346, 0.0698525, 0.0847811, 0.0934643, 0.110255, 0.167043, 0.188916, 0.1949, 0.196831, 0.21324, 0.317493, 0.421558, 0.757704, 0.333183, 0.369384, 0.429035, 0.584041, 0.442058, 1, 

177,160,0.001, 0.0324301, 0.0625346, 0.0698525, 0.0847811, 0.0934643, 0.110255, 0.167043, 0.188916, 0.1949, 0.427314, 0.196831, 0.21324, 0.317493, 0.421558, 0.447523, 0.463841, 0.828906, 0.908826, 0.442058, 1, 

147,211,0.001, 0.0324301, 0.0625346, 0.0937381, 0.104668, 0.148607, 0.173335, 0.229587, 0.492497, 0.236252, 0.316215, 0.317493, 0.421558, 0.447523, 0.421558, 0.447523, 0.463841, 0.828906, 0.908826, 0.910163, 0.915008, 1, 

161,180,0.001, 0.0406074, 0.0616213, 0.0937381, 0.100688, 0.104668, 0.148607, 0.173335, 0.266226, 0.275302, 0.63274, 0.6596, 1, 

Generation #35
166,178,0.001, 0.0324301, 0.0625346, 0.0698525, 0.0847811, 0.0934643, 0.110255, 0.167043, 0.188916, 0.1949, 0.427314, 0.196831, 0.21324, 0.317493, 0.421558, 0.333183, 0.369384, 0.429035, 0.584041, 0.633996, 0.723702, 0.825714, 0.842985, 0.88288, 0.93157, 1, 

171,163,0.001, 0.0406074, 0.0616213, 0.0522548, 0.0995521, 0.0934643, 0.110255, 0.167043, 0.188916, 0.1949, 0.196831, 0.303113, 0.537446, 0.540537, 0.6425, 0.848543, 0.876366, 0.897432, 0.995199, 1, 

151,197,0.001, 0.0324301, 0.0625346, 0.0698525, 0.0847811, 0.0934643, 0.110255, 0.167043, 0.188916, 0.1949, 0.196831, 0.21324, 0.317493, 0.421558, 0.757704, 0.333183, 0.369384, 0.429035, 0.584041, 0.442058, 1, 

177,160,0.001, 0.0324301, 0.0625346, 0.0698525, 0.0847811, 0.0934643, 0.110255, 0.167043, 0.188916, 0.1949, 0.427314, 0.196831, 0.21324, 0.317493, 0.421558, 0.447523, 0.463841, 0.828906, 0.908826, 0.442058, 1, 

147,211,0.001, 0.0324301, 0.0625346, 0.0937381, 0.104668, 0.148607, 0.173335, 0.229587, 0.492497, 0.236252, 0.316215, 0.317493, 0.421558, 0.447523, 0.421558, 0.447523, 0.463841, 0.828906, 0.908826, 0.910163, 0.915008, 1, 

161,180,0.001, 0.0406074, 0.0616213, 0.0937381, 0.100688, 0.104668, 0.148607, 0.173335, 0.266226, 0.275302, 0.63274, 0.6596, 1, 

Generation #36
166,178,0.001, 0.0324301, 0.0625346, 0.0698525, 0.0847811, 0.0934643, 0.110255, 0.167043, 0.188916, 0.1949, 0.427314, 0.196831, 0.21324, 0.317493, 0.421558, 0.333183, 0.369384, 0.429035, 0.584041, 0.633996, 0.723702, 0.825714, 0.842985, 0.88288, 0.93157, 1, 

171,163,0.001, 0.0406074, 0.0616213, 0.0522548, 0.0995521, 0.0934643, 0.110255, 0.167043, 0.188916, 0.1949, 0.196831, 0.303113, 0.537446, 0.540537, 0.6425, 0.848543, 0.876366, 0.897432, 0.995199, 1, 

151,197,0.001, 0.0324301, 0.0625346, 0.0698525, 0.0847811, 0.0934643, 0.110255, 0.167043, 0.188916, 0.1949, 0.196831, 0.21324, 0.317493, 0.421558, 0.757704, 0.333183, 0.369384, 0.429035, 0.584041, 0.442058, 1, 

177,160,0.001, 0.0324301, 0.0625346, 0.0698525, 0.0847811, 0.0934643, 0.110255, 0.167043, 0.188916, 0.1949, 0.427314, 0.196831, 0.21324, 0.317493, 0.421558, 0.447523, 0.463841, 0.828906, 0.908826, 0.442058, 1, 

147,211,0.001, 0.0324301, 0.0625346, 0.0937381, 0.104668, 0.148607, 0.173335, 0.229587, 0.492497, 0.236252, 0.316215, 0.317493, 0.421558, 0.447523, 0.421558, 0.447523, 0.463841, 0.828906, 0.908826, 0.910163, 0.915008, 1, 

161,180,0.001, 0.0406074, 0.0616213, 0.0937381, 0.100688, 0.104668, 0.148607, 0.173335, 0.266226, 0.275302, 0.63274, 0.6596, 1, 

Generation #37
166,178,0.001, 0.0324301, 0.0625346, 0.0698525, 0.0847811, 0.0934643, 0.110255, 0.167043, 0.188916, 0.1949, 0.427314, 0.196831, 0.21324, 0.317493, 0.421558, 0.333183, 0.369384, 0.429035, 0.584041, 0.633996, 0.723702, 0.825714, 0.842985, 0.88288, 0.93157, 1, 

171,163,0.001, 0.0406074, 0.0616213, 0.0522548, 0.0995521, 0.0934643, 0.110255, 0.167043, 0.188916, 0.1949, 0.196831, 0.303113, 0.537446, 0.540537, 0.6425, 0.848543, 0.876366, 0.897432, 0.995199, 1, 

151,197,0.001, 0.0324301, 0.0625346, 0.0698525, 0.0847811, 0.0934643, 0.110255, 0.167043, 0.188916, 0.1949, 0.196831, 0.21324, 0.317493, 0.421558, 0.757704, 0.333183, 0.369384, 0.429035, 0.584041, 0.442058, 1, 

177,160,0.001, 0.0324301, 0.0625346, 0.0698525, 0.0847811, 0.0934643, 0.110255, 0.167043, 0.188916, 0.1949, 0.427314, 0.196831, 0.21324, 0.317493, 0.421558, 0.447523, 0.463841, 0.828906, 0.908826, 0.442058, 1, 

147,211,0.001, 0.0324301, 0.0625346, 0.0937381, 0.104668, 0.148607, 0.173335, 0.229587, 0.492497, 0.236252, 0.316215, 0.317493, 0.421558, 0.447523, 0.421558, 0.447523, 0.463841, 0.828906, 0.908826, 0.910163, 0.915008, 1, 

161,180,0.001, 0.0406074, 0.0616213, 0.0937381, 0.100688, 0.104668, 0.148607, 0.173335, 0.266226, 0.275302, 0.63274, 0.6596, 1, 

Generation #38
166,178,0.001, 0.0324301, 0.0625346, 0.0698525, 0.0847811, 0.0934643, 0.110255, 0.167043, 0.188916, 0.1949, 0.427314, 0.196831, 0.21324, 0.317493, 0.421558, 0.333183, 0.369384, 0.429035, 0.584041, 0.633996, 0.723702, 0.825714, 0.842985, 0.88288, 0.93157, 1, 

171,163,0.001, 0.0406074, 0.0616213, 0.0522548, 0.0995521, 0.0934643, 0.110255, 0.167043, 0.188916, 0.1949, 0.196831, 0.303113, 0.537446, 0.540537, 0.6425, 0.848543, 0.876366, 0.897432, 0.995199, 1, 

151,197,0.001, 0.0324301, 0.0625346, 0.0698525, 0.0847811, 0.0934643, 0.110255, 0.167043, 0.188916, 0.1949, 0.196831, 0.21324, 0.317493, 0.421558, 0.757704, 0.333183, 0.369384, 0.429035, 0.584041, 0.442058, 1, 

177,160,0.001, 0.0324301, 0.0625346, 0.0698525, 0.0847811, 0.0934643, 0.110255, 0.167043, 0.188916, 0.1949, 0.427314, 0.196831, 0.21324, 0.317493, 0.421558, 0.447523, 0.463841, 0.828906, 0.908826, 0.442058, 1, 

147,211,0.001, 0.0324301, 0.0625346, 0.0937381, 0.104668, 0.148607, 0.173335, 0.229587, 0.492497, 0.236252, 0.316215, 0.317493, 0.421558, 0.447523, 0.421558, 0.447523, 0.463841, 0.828906, 0.908826, 0.910163, 0.915008, 1, 

161,180,0.001, 0.0406074, 0.0616213, 0.0937381, 0.100688, 0.104668, 0.148607, 0.173335, 0.266226, 0.275302, 0.63274, 0.6596, 1, 

Generation #39
166,178,0.001, 0.0324301, 0.0625346, 0.0698525, 0.0847811, 0.0934643, 0.110255, 0.167043, 0.188916, 0.1949, 0.427314, 0.196831, 0.21324, 0.317493, 0.421558, 0.333183, 0.369384, 0.429035, 0.584041, 0.633996, 0.723702, 0.825714, 0.842985, 0.88288, 0.93157, 1, 

171,163,0.001, 0.0406074, 0.0616213, 0.0522548, 0.0995521, 0.0934643, 0.110255, 0.167043, 0.188916, 0.1949, 0.196831, 0.303113, 0.537446, 0.540537, 0.6425, 0.848543, 0.876366, 0.897432, 0.995199, 1, 

151,197,0.001, 0.0324301, 0.0625346, 0.0698525, 0.0847811, 0.0934643, 0.110255, 0.167043, 0.188916, 0.1949, 0.196831, 0.21324, 0.317493, 0.421558, 0.757704, 0.333183, 0.369384, 0.429035, 0.584041, 0.442058, 1, 

177,160,0.001, 0.0324301, 0.0625346, 0.0698525, 0.0847811, 0.0934643, 0.110255, 0.167043, 0.188916, 0.1949, 0.427314, 0.196831, 0.21324, 0.317493, 0.421558, 0.447523, 0.463841, 0.828906, 0.908826, 0.442058, 1, 

147,211,0.001, 0.0324301, 0.0625346, 0.0937381, 0.104668, 0.148607, 0.173335, 0.229587, 0.492497, 0.236252, 0.316215, 0.317493, 0.421558, 0.447523, 0.421558, 0.447523, 0.463841, 0.828906, 0.908826, 0.910163, 0.915008, 1, 

161,180,0.001, 0.0406074, 0.0616213, 0.0937381, 0.100688, 0.104668, 0.148607, 0.173335, 0.266226, 0.275302, 0.63274, 0.6596, 1, 

Generation #40
166,178,0.001, 0.0324301, 0.0625346, 0.0698525, 0.0847811, 0.0934643, 0.110255, 0.167043, 0.188916, 0.1949, 0.427314, 0.196831, 0.21324, 0.317493, 0.421558, 0.333183, 0.369384, 0.429035, 0.584041, 0.633996, 0.723702, 0.825714, 0.842985, 0.88288, 0.93157, 1, 

171,163,0.001, 0.0406074, 0.0616213, 0.0522548, 0.0995521, 0.0934643, 0.110255, 0.167043, 0.188916, 0.1949, 0.196831, 0.303113, 0.537446, 0.540537, 0.6425, 0.848543, 0.876366, 0.897432, 0.995199, 1, 

151,197,0.001, 0.0324301, 0.0625346, 0.0698525, 0.0847811, 0.0934643, 0.110255, 0.167043, 0.188916, 0.1949, 0.196831, 0.21324, 0.317493, 0.421558, 0.757704, 0.333183, 0.369384, 0.429035, 0.584041, 0.442058, 1, 

177,160,0.001, 0.0324301, 0.0625346, 0.0698525, 0.0847811, 0.0934643, 0.110255, 0.167043, 0.188916, 0.1949, 0.427314, 0.196831, 0.21324, 0.317493, 0.421558, 0.447523, 0.463841, 0.828906, 0.908826, 0.442058, 1, 

147,211,0.001, 0.0324301, 0.0625346, 0.0937381, 0.104668, 0.148607, 0.173335, 0.229587, 0.492497, 0.236252, 0.316215, 0.317493, 0.421558, 0.447523, 0.421558, 0.447523, 0.463841, 0.828906, 0.908826, 0.910163, 0.915008, 1, 

161,180,0.001, 0.0406074, 0.0616213, 0.0937381, 0.100688, 0.104668, 0.148607, 0.173335, 0.266226, 0.275302, 0.63274, 0.6596, 1, 

168,176,0.001, 0.0324301, 0.0625346, 0.0698525, 0.0847811, 0.0934643, 0.110255, 0.167043, 0.188916, 0.1949, 0.196831, 0.21324, 0.317493, 0.421558, 0.757704, 0.333183, 0.369384, 0.429035, 0.584041, 1, 

Generation #41
166,178,0.001, 0.0324301, 0.0625346, 0.0698525, 0.0847811, 0.0934643, 0.110255, 0.167043, 0.188916, 0.1949, 0.427314, 0.196831, 0.21324, 0.317493, 0.421558, 0.333183, 0.369384, 0.429035, 0.584041, 0.633996, 0.723702, 0.825714, 0.842985, 0.88288, 0.93157, 1, 

171,163,0.001, 0.0406074, 0.0616213, 0.0522548, 0.0995521, 0.0934643, 0.110255, 0.167043, 0.188916, 0.1949, 0.196831, 0.303113, 0.537446, 0.540537, 0.6425, 0.848543, 0.876366, 0.897432, 0.995199, 1, 

151,197,0.001, 0.0324301, 0.0625346, 0.0698525, 0.0847811, 0.0934643, 0.110255, 0.167043, 0.188916, 0.1949, 0.196831, 0.21324, 0.317493, 0.421558, 0.757704, 0.333183, 0.369384, 0.429035, 0.584041, 0.442058, 1, 

177,160,0.001, 0.0324301, 0.0625346, 0.0698525, 0.0847811, 0.0934643, 0.110255, 0.167043, 0.188916, 0.1949, 0.427314, 0.196831, 0.21324, 0.317493, 0.421558, 0.447523, 0.463841, 0.828906, 0.908826, 0.442058, 1, 

147,211,0.001, 0.0324301, 0.0625346, 0.0937381, 0.104668, 0.148607, 0.173335, 0.229587, 0.492497, 0.236252, 0.316215, 0.317493, 0.421558, 0.447523, 0.421558, 0.447523, 0.463841, 0.828906, 0.908826, 0.910163, 0.915008, 1, 

161,180,0.001, 0.0406074, 0.0616213, 0.0937381, 0.100688, 0.104668, 0.148607, 0.173335, 0.266226, 0.275302, 0.63274, 0.6596, 1, 

168,176,0.001, 0.0324301, 0.0625346, 0.0698525, 0.0847811, 0.0934643, 0.110255, 0.167043, 0.188916, 0.1949, 0.196831, 0.21324, 0.317493, 0.421558, 0.757704, 0.333183, 0.369384, 0.429035, 0.584041, 1, 

Generation #42
166,178,0.001, 0.0324301, 0.0625346, 0.0698525, 0.0847811, 0.0934643, 0.110255, 0.167043, 0.188916, 0.1949, 0.427314, 0.196831, 0.21324, 0.317493, 0.421558, 0.333183, 0.369384, 0.429035, 0.584041, 0.633996, 0.723702, 0.825714, 0.842985, 0.88288, 0.93157, 1, 

171,163,0.001, 0.0406074, 0.0616213, 0.0522548, 0.0995521, 0.0934643, 0.110255, 0.167043, 0.188916, 0.1949, 0.196831, 0.303113, 0.537446, 0.540537, 0.6425, 0.848543, 0.876366, 0.897432, 0.995199, 1, 

151,197,0.001, 0.0324301, 0.0625346, 0.0698525, 0.0847811, 0.0934643, 0.110255, 0.167043, 0.188916, 0.1949, 0.196831, 0.21324, 0.317493, 0.421558, 0.757704, 0.333183, 0.369384, 0.429035, 0.584041, 0.442058, 1, 

177,160,0.001, 0.0324301, 0.0625346, 0.0698525, 0.0847811, 0.0934643, 0.110255, 0.167043, 0.188916, 0.1949, 0.427314, 0.196831, 0.21324, 0.317493, 0.421558, 0.447523, 0.463841, 0.828906, 0.908826, 0.442058, 1, 

147,211,0.001, 0.0324301, 0.0625346, 0.0937381, 0.104668, 0.148607, 0.173335, 0.229587, 0.492497, 0.236252, 0.316215, 0.317493, 0.421558, 0.447523, 0.421558, 0.447523, 0.463841, 0.828906, 0.908826, 0.910163, 0.915008, 1, 

161,180,0.001, 0.0406074, 0.0616213, 0.0937381, 0.100688, 0.104668, 0.148607, 0.173335, 0.266226, 0.275302, 0.63274, 0.6596, 1, 

168,176,0.001, 0.0324301, 0.0625346, 0.0698525, 0.0847811, 0.0934643, 0.110255, 0.167043, 0.188916, 0.1949, 0.196831, 0.21324, 0.317493, 0.421558, 0.757704, 0.333183, 0.369384, 0.429035, 0.584041, 1, 

Generation #43
166,178,0.001, 0.0324301, 0.0625346, 0.0698525, 0.0847811, 0.0934643, 0.110255, 0.167043, 0.188916, 0.1949, 0.427314, 0.196831, 0.21324, 0.317493, 0.421558, 0.333183, 0.369384, 0.429035, 0.584041, 0.633996, 0.723702, 0.825714, 0.842985, 0.88288, 0.93157, 1, 

171,163,0.001, 0.0406074, 0.0616213, 0.0522548, 0.0995521, 0.0934643, 0.110255, 0.167043, 0.188916, 0.1949, 0.196831, 0.303113, 0.537446, 0.540537, 0.6425, 0.848543, 0.876366, 0.897432, 0.995199, 1, 

151,197,0.001, 0.0324301, 0.0625346, 0.0698525, 0.0847811, 0.0934643, 0.110255, 0.167043, 0.188916, 0.1949, 0.196831, 0.21324, 0.317493, 0.421558, 0.757704, 0.333183, 0.369384, 0.429035, 0.584041, 0.442058, 1, 

177,160,0.001, 0.0324301, 0.0625346, 0.0698525, 0.0847811, 0.0934643, 0.110255, 0.167043, 0.188916, 0.1949, 0.427314, 0.196831, 0.21324, 0.317493, 0.421558, 0.447523, 0.463841, 0.828906, 0.908826, 0.442058, 1, 

147,211,0.001, 0.0324301, 0.0625346, 0.0937381, 0.104668, 0.148607, 0.173335, 0.229587, 0.492497, 0.236252, 0.316215, 0.317493, 0.421558, 0.447523, 0.421558, 0.447523, 0.463841, 0.828906, 0.908826, 0.910163, 0.915008, 1, 

161,180,0.001, 0.0406074, 0.0616213, 0.0937381, 0.100688, 0.104668, 0.148607, 0.173335, 0.266226, 0.275302, 0.63274, 0.6596, 1, 

168,176,0.001, 0.0324301, 0.0625346, 0.0698525, 0.0847811, 0.0934643, 0.110255, 0.167043, 0.188916, 0.1949, 0.196831, 0.21324, 0.317493, 0.421558, 0.757704, 0.333183, 0.369384, 0.429035, 0.584041, 1, 

162,179,0.001, 0.0406074, 0.0616213, 0.0698525, 0.0847811, 0.0934643, 0.110255, 0.167043, 0.188916, 0.1949, 0.196831, 0.303113, 0.306199, 0.317493, 0.421558, 0.757704, 0.836479, 0.917932, 0.956596, 1, 

Generation #44
166,178,0.001, 0.0324301, 0.0625346, 0.0698525, 0.0847811, 0.0934643, 0.110255, 0.167043, 0.188916, 0.1949, 0.427314, 0.196831, 0.21324, 0.317493, 0.421558, 0.333183, 0.369384, 0.429035, 0.584041, 0.633996, 0.723702, 0.825714, 0.842985, 0.88288, 0.93157, 1, 

171,163,0.001, 0.0406074, 0.0616213, 0.0522548, 0.0995521, 0.0934643, 0.110255, 0.167043, 0.188916, 0.1949, 0.196831, 0.303113, 0.537446, 0.540537, 0.6425, 0.848543, 0.876366, 0.897432, 0.995199, 1, 

151,197,0.001, 0.0324301, 0.0625346, 0.0698525, 0.0847811, 0.0934643, 0.110255, 0.167043, 0.188916, 0.1949, 0.196831, 0.21324, 0.317493, 0.421558, 0.757704, 0.333183, 0.369384, 0.429035, 0.584041, 0.442058, 1, 

177,160,0.001, 0.0324301, 0.0625346, 0.0698525, 0.0847811, 0.0934643, 0.110255, 0.167043, 0.188916, 0.1949, 0.427314, 0.196831, 0.21324, 0.317493, 0.421558, 0.447523, 0.463841, 0.828906, 0.908826, 0.442058, 1, 

147,211,0.001, 0.0324301, 0.0625346, 0.0937381, 0.104668, 0.148607, 0.173335, 0.229587, 0.492497, 0.236252, 0.316215, 0.317493, 0.421558, 0.447523, 0.421558, 0.447523, 0.463841, 0.828906, 0.908826, 0.910163, 0.915008, 1, 

161,180,0.001, 0.0406074, 0.0616213, 0.0937381, 0.100688, 0.104668, 0.148607, 0.173335, 0.266226, 0.275302, 0.63274, 0.6596, 1, 

168,176,0.001, 0.0324301, 0.0625346, 0.0698525, 0.0847811, 0.0934643, 0.110255, 0.167043, 0.188916, 0.1949, 0.196831, 0.21324, 0.317493, 0.421558, 0.757704, 0.333183, 0.369384, 0.429035, 0.584041, 1, 

162,179,0.001, 0.0406074, 0.0616213, 0.0698525, 0.0847811, 0.0934643, 0.110255, 0.167043, 0.188916, 0.1949, 0.196831, 0.303113, 0.306199, 0.317493, 0.421558, 0.757704, 0.836479, 0.917932, 0.956596, 1, 

Generation #45
166,178,0.001, 0.0324301, 0.0625346, 0.0698525, 0.0847811, 0.0934643, 0.110255, 0.167043, 0.188916, 0.1949, 0.427314, 0.196831, 0.21324, 0.317493, 0.421558, 0.333183, 0.369384, 0.429035, 0.584041, 0.633996, 0.723702, 0.825714, 0.842985, 0.88288, 0.93157, 1, 

171,163,0.001, 0.0406074, 0.0616213, 0.0522548, 0.0995521, 0.0934643, 0.110255, 0.167043, 0.188916, 0.1949, 0.196831, 0.303113, 0.537446, 0.540537, 0.6425, 0.848543, 0.876366, 0.897432, 0.995199, 1, 

151,197,0.001, 0.0324301, 0.0625346, 0.0698525, 0.0847811, 0.0934643, 0.110255, 0.167043, 0.188916, 0.1949, 0.196831, 0.21324, 0.317493, 0.421558, 0.757704, 0.333183, 0.369384, 0.429035, 0.584041, 0.442058, 1, 

177,160,0.001, 0.0324301, 0.0625346, 0.0698525, 0.0847811, 0.0934643, 0.110255, 0.167043, 0.188916, 0.1949, 0.427314, 0.196831, 0.21324, 0.317493, 0.421558, 0.447523, 0.463841, 0.828906, 0.908826, 0.442058, 1, 

147,211,0.001, 0.0324301, 0.0625346, 0.0937381, 0.104668, 0.148607, 0.173335, 0.229587, 0.492497, 0.236252, 0.316215, 0.317493, 0.421558, 0.447523, 0.421558, 0.447523, 0.463841, 0.828906, 0.908826, 0.910163, 0.915008, 1, 

161,180,0.001, 0.0406074, 0.0616213, 0.0937381, 0.100688, 0.104668, 0.148607, 0.173335, 0.266226, 0.275302, 0.63274, 0.6596, 1, 

168,176,0.001, 0.0324301, 0.0625346, 0.0698525, 0.0847811, 0.0934643, 0.110255, 0.167043, 0.188916, 0.1949, 0.196831, 0.21324, 0.317493, 0.421558, 0.757704, 0.333183, 0.369384, 0.429035, 0.584041, 1, 

162,179,0.001, 0.0406074, 0.0616213, 0.0698525, 0.0847811, 0.0934643, 0.110255, 0.167043, 0.188916, 0.1949, 0.196831, 0.303113, 0.306199, 0.317493, 0.421558, 0.757704, 0.836479, 0.917932, 0.956596, 1, 

Generation #46
166,178,0.001, 0.0324301, 0.0625346, 0.0698525, 0.0847811, 0.0934643, 0.110255, 0.167043, 0.188916, 0.1949, 0.427314, 0.196831, 0.21324, 0.317493, 0.421558, 0.333183, 0.369384, 0.429035, 0.584041, 0.633996, 0.723702, 0.825714, 0.842985, 0.88288, 0.93157, 1, 

171,163,0.001, 0.0406074, 0.0616213, 0.0522548, 0.0995521, 0.0934643, 0.110255, 0.167043, 0.188916, 0.1949, 0.196831, 0.303113, 0.537446, 0.540537, 0.6425, 0.848543, 0.876366, 0.897432, 0.995199, 1, 

151,197,0.001, 0.0324301, 0.0625346, 0.0698525, 0.0847811, 0.0934643, 0.110255, 0.167043, 0.188916, 0.1949, 0.196831, 0.21324, 0.317493, 0.421558, 0.757704, 0.333183, 0.369384, 0.429035, 0.584041, 0.442058, 1, 

177,160,0.001, 0.0324301, 0.0625346, 0.0698525, 0.0847811, 0.0934643, 0.110255, 0.167043, 0.188916, 0.1949, 0.427314, 0.196831, 0.21324, 0.317493, 0.421558, 0.447523, 0.463841, 0.828906, 0.908826, 0.442058, 1, 

147,211,0.001, 0.0324301, 0.0625346, 0.0937381, 0.104668, 0.148607, 0.173335, 0.229587, 0.492497, 0.236252, 0.316215, 0.317493, 0.421558, 0.447523, 0.421558, 0.447523, 0.463841, 0.828906, 0.908826, 0.910163, 0.915008, 1, 

161,180,0.001, 0.0406074, 0.0616213, 0.0937381, 0.100688, 0.104668, 0.148607, 0.173335, 0.266226, 0.275302, 0.63274, 0.6596, 1, 

168,176,0.001, 0.0324301, 0.0625346, 0.0698525, 0.0847811, 0.0934643, 0.110255, 0.167043, 0.188916, 0.1949, 0.196831, 0.21324, 0.317493, 0.421558, 0.757704, 0.333183, 0.369384, 0.429035, 0.584041, 1, 

162,179,0.001, 0.0406074, 0.0616213, 0.0698525, 0.0847811, 0.0934643, 0.110255, 0.167043, 0.188916, 0.1949, 0.196831, 0.303113, 0.306199, 0.317493, 0.421558, 0.757704, 0.836479, 0.917932, 0.956596, 1, 

169,169,0.001, 0.0406074, 0.0616213, 0.0522548, 0.0847811, 0.0934643, 0.110255, 0.167043, 0.188916, 0.1949, 0.081436, 0.196831, 0.21324, 0.317493, 0.421558, 0.757704, 0.836479, 0.917932, 0.956596, 1, 

Generation #47
166,178,0.001, 0.0324301, 0.0625346, 0.0698525, 0.0847811, 0.0934643, 0.110255, 0.167043, 0.188916, 0.1949, 0.427314, 0.196831, 0.21324, 0.317493, 0.421558, 0.333183, 0.369384, 0.429035, 0.584041, 0.633996, 0.723702, 0.825714, 0.842985, 0.88288, 0.93157, 1, 

171,163,0.001, 0.0406074, 0.0616213, 0.0522548, 0.0995521, 0.0934643, 0.110255, 0.167043, 0.188916, 0.1949, 0.196831, 0.303113, 0.537446, 0.540537, 0.6425, 0.848543, 0.876366, 0.897432, 0.995199, 1, 

151,197,0.001, 0.0324301, 0.0625346, 0.0698525, 0.0847811, 0.0934643, 0.110255, 0.167043, 0.188916, 0.1949, 0.196831, 0.21324, 0.317493, 0.421558, 0.757704, 0.333183, 0.369384, 0.429035, 0.584041, 0.442058, 1, 

177,160,0.001, 0.0324301, 0.0625346, 0.0698525, 0.0847811, 0.0934643, 0.110255, 0.167043, 0.188916, 0.1949, 0.427314, 0.196831, 0.21324, 0.317493, 0.421558, 0.447523, 0.463841, 0.828906, 0.908826, 0.442058, 1, 

147,211,0.001, 0.0324301, 0.0625346, 0.0937381, 0.104668, 0.148607, 0.173335, 0.229587, 0.492497, 0.236252, 0.316215, 0.317493, 0.421558, 0.447523, 0.421558, 0.447523, 0.463841, 0.828906, 0.908826, 0.910163, 0.915008, 1, 

161,180,0.001, 0.0406074, 0.0616213, 0.0937381, 0.100688, 0.104668, 0.148607, 0.173335, 0.266226, 0.275302, 0.63274, 0.6596, 1, 

168,176,0.001, 0.0324301, 0.0625346, 0.0698525, 0.0847811, 0.0934643, 0.110255, 0.167043, 0.188916, 0.1949, 0.196831, 0.21324, 0.317493, 0.421558, 0.757704, 0.333183, 0.369384, 0.429035, 0.584041, 1, 

162,179,0.001, 0.0406074, 0.0616213, 0.0698525, 0.0847811, 0.0934643, 0.110255, 0.167043, 0.188916, 0.1949, 0.196831, 0.303113, 0.306199, 0.317493, 0.421558, 0.757704, 0.836479, 0.917932, 0.956596, 1, 

169,169,0.001, 0.0406074, 0.0616213, 0.0522548, 0.0847811, 0.0934643, 0.110255, 0.167043, 0.188916, 0.1949, 0.081436, 0.196831, 0.21324, 0.317493, 0.421558, 0.757704, 0.836479, 0.917932, 0.956596, 1, 

Generation #48
166,178,0.001, 0.0324301, 0.0625346, 0.0698525, 0.0847811, 0.0934643, 0.110255, 0.167043, 0.188916, 0.1949, 0.427314, 0.196831, 0.21324, 0.317493, 0.421558, 0.333183, 0.369384, 0.429035, 0.584041, 0.633996, 0.723702, 0.825714, 0.842985, 0.88288, 0.93157, 1, 

171,163,0.001, 0.0406074, 0.0616213, 0.0522548, 0.0995521, 0.0934643, 0.110255, 0.167043, 0.188916, 0.1949, 0.196831, 0.303113, 0.537446, 0.540537, 0.6425, 0.848543, 0.876366, 0.897432, 0.995199, 1, 

151,197,0.001, 0.0324301, 0.0625346, 0.0698525, 0.0847811, 0.0934643, 0.110255, 0.167043, 0.188916, 0.1949, 0.196831, 0.21324, 0.317493, 0.421558, 0.757704, 0.333183, 0.369384, 0.429035, 0.584041, 0.442058, 1, 

177,160,0.001, 0.0324301, 0.0625346, 0.0698525, 0.0847811, 0.0934643, 0.110255, 0.167043, 0.188916, 0.1949, 0.427314, 0.196831, 0.21324, 0.317493, 0.421558, 0.447523, 0.463841, 0.828906, 0.908826, 0.442058, 1, 

147,211,0.001, 0.0324301, 0.0625346, 0.0937381, 0.104668, 0.148607, 0.173335, 0.229587, 0.492497, 0.236252, 0.316215, 0.317493, 0.421558, 0.447523, 0.421558, 0.447523, 0.463841, 0.828906, 0.908826, 0.910163, 0.915008, 1, 

161,180,0.001, 0.0406074, 0.0616213, 0.0937381, 0.100688, 0.104668, 0.148607, 0.173335, 0.266226, 0.275302, 0.63274, 0.6596, 1, 

168,176,0.001, 0.0324301, 0.0625346, 0.0698525, 0.0847811, 0.0934643, 0.110255, 0.167043, 0.188916, 0.1949, 0.196831, 0.21324, 0.317493, 0.421558, 0.757704, 0.333183, 0.369384, 0.429035, 0.584041, 1, 

162,179,0.001, 0.0406074, 0.0616213, 0.0698525, 0.0847811, 0.0934643, 0.110255, 0.167043, 0.188916, 0.1949, 0.196831, 0.303113, 0.306199, 0.317493, 0.421558, 0.757704, 0.836479, 0.917932, 0.956596, 1, 

169,169,0.001, 0.0406074, 0.0616213, 0.0522548, 0.0847811, 0.0934643, 0.110255, 0.167043, 0.188916, 0.1949, 0.081436, 0.196831, 0.21324, 0.317493, 0.421558, 0.757704, 0.836479, 0.917932, 0.956596, 1, 

160,190,0.001, 0.0324301, 0.0625346, 0.0698525, 0.0847811, 0.104668, 0.148607, 0.173335, 0.266226, 0.275302, 0.63274, 0.6596, 1, 

Generation #49
166,178,0.001, 0.0324301, 0.0625346, 0.0698525, 0.0847811, 0.0934643, 0.110255, 0.167043, 0.188916, 0.1949, 0.427314, 0.196831, 0.21324, 0.317493, 0.421558, 0.333183, 0.369384, 0.429035, 0.584041, 0.633996, 0.723702, 0.825714, 0.842985, 0.88288, 0.93157, 1, 

171,163,0.001, 0.0406074, 0.0616213, 0.0522548, 0.0995521, 0.0934643, 0.110255, 0.167043, 0.188916, 0.1949, 0.196831, 0.303113, 0.537446, 0.540537, 0.6425, 0.848543, 0.876366, 0.897432, 0.995199, 1, 

151,197,0.001, 0.0324301, 0.0625346, 0.0698525, 0.0847811, 0.0934643, 0.110255, 0.167043, 0.188916, 0.1949, 0.196831, 0.21324, 0.317493, 0.421558, 0.757704, 0.333183, 0.369384, 0.429035, 0.584041, 0.442058, 1, 

177,160,0.001, 0.0324301, 0.0625346, 0.0698525, 0.0847811, 0.0934643, 0.110255, 0.167043, 0.188916, 0.1949, 0.427314, 0.196831, 0.21324, 0.317493, 0.421558, 0.447523, 0.463841, 0.828906, 0.908826, 0.442058, 1, 

147,211,0.001, 0.0324301, 0.0625346, 0.0937381, 0.104668, 0.148607, 0.173335, 0.229587, 0.492497, 0.236252, 0.316215, 0.317493, 0.421558, 0.447523, 0.421558, 0.447523, 0.463841, 0.828906, 0.908826, 0.910163, 0.915008, 1, 

161,180,0.001, 0.0406074, 0.0616213, 0.0937381, 0.100688, 0.104668, 0.148607, 0.173335, 0.266226, 0.275302, 0.63274, 0.6596, 1, 

168,176,0.001, 0.0324301, 0.0625346, 0.0698525, 0.0847811, 0.0934643, 0.110255, 0.167043, 0.188916, 0.1949, 0.196831, 0.21324, 0.317493, 0.421558, 0.757704, 0.333183, 0.369384, 0.429035, 0.584041, 1, 

162,179,0.001, 0.0406074, 0.0616213, 0.0698525, 0.0847811, 0.0934643, 0.110255, 0.167043, 0.188916, 0.1949, 0.196831, 0.303113, 0.306199, 0.317493, 0.421558, 0.757704, 0.836479, 0.917932, 0.956596, 1, 

169,169,0.001, 0.0406074, 0.0616213, 0.0522548, 0.0847811, 0.0934643, 0.110255, 0.167043, 0.188916, 0.1949, 0.081436, 0.196831, 0.21324, 0.317493, 0.421558, 0.757704, 0.836479, 0.917932, 0.956596, 1, 

160,190,0.001, 0.0324301, 0.0625346, 0.0698525, 0.0847811, 0.104668, 0.148607, 0.173335, 0.266226, 0.275302, 0.63274, 0.6596, 1, 

--- Pareto Front Solutions ---
Solution 0: N total=386 (N_initial=220, N_added=166), Time total=219 ms, Saved to: ./results/SPINS_t3_l3_pareto_0.csv, percents=0.001, 0.0324301, 0.0625346, 0.0698525, 0.0847811, 0.0934643, 0.110255, 0.167043, 0.188916, 0.1949, 0.427314, 0.196831, 0.21324, 0.317493, 0.421558, 0.333183, 0.369384, 0.429035, 0.584041, 0.633996, 0.723702, 0.825714, 0.842985, 0.88288, 0.93157, 1, 

Solution 1: N total=391 (N_initial=220, N_added=171), Time total=204 ms, Saved to: ./results/SPINS_t3_l3_pareto_1.csv, percents=0.001, 0.0406074, 0.0616213, 0.0522548, 0.0995521, 0.0934643, 0.110255, 0.167043, 0.188916, 0.1949, 0.196831, 0.303113, 0.537446, 0.540537, 0.6425, 0.848543, 0.876366, 0.897432, 0.995199, 1, 

Solution 2: N total=371 (N_initial=220, N_added=151), Time total=238 ms, Saved to: ./results/SPINS_t3_l3_pareto_2.csv, percents=0.001, 0.0324301, 0.0625346, 0.0698525, 0.0847811, 0.0934643, 0.110255, 0.167043, 0.188916, 0.1949, 0.196831, 0.21324, 0.317493, 0.421558, 0.757704, 0.333183, 0.369384, 0.429035, 0.584041, 0.442058, 1, 

Solution 3: N total=397 (N_initial=220, N_added=177), Time total=201 ms, Saved to: ./results/SPINS_t3_l3_pareto_3.csv, percents=0.001, 0.0324301, 0.0625346, 0.0698525, 0.0847811, 0.0934643, 0.110255, 0.167043, 0.188916, 0.1949, 0.427314, 0.196831, 0.21324, 0.317493, 0.421558, 0.447523, 0.463841, 0.828906, 0.908826, 0.442058, 1, 

Solution 4: N total=367 (N_initial=220, N_added=147), Time total=252 ms, Saved to: ./results/SPINS_t3_l3_pareto_4.csv, percents=0.001, 0.0324301, 0.0625346, 0.0937381, 0.104668, 0.148607, 0.173335, 0.229587, 0.492497, 0.236252, 0.316215, 0.317493, 0.421558, 0.447523, 0.421558, 0.447523, 0.463841, 0.828906, 0.908826, 0.910163, 0.915008, 1, 

Solution 5: N total=381 (N_initial=220, N_added=161), Time total=221 ms, Saved to: ./results/SPINS_t3_l3_pareto_5.csv, percents=0.001, 0.0406074, 0.0616213, 0.0937381, 0.100688, 0.104668, 0.148607, 0.173335, 0.266226, 0.275302, 0.63274, 0.6596, 1, 

Solution 6: N total=388 (N_initial=220, N_added=168), Time total=217 ms, Saved to: ./results/SPINS_t3_l3_pareto_6.csv, percents=0.001, 0.0324301, 0.0625346, 0.0698525, 0.0847811, 0.0934643, 0.110255, 0.167043, 0.188916, 0.1949, 0.196831, 0.21324, 0.317493, 0.421558, 0.757704, 0.333183, 0.369384, 0.429035, 0.584041, 1, 

Solution 7: N total=382 (N_initial=220, N_added=162), Time total=220 ms, Saved to: ./results/SPINS_t3_l3_pareto_7.csv, percents=0.001, 0.0406074, 0.0616213, 0.0698525, 0.0847811, 0.0934643, 0.110255, 0.167043, 0.188916, 0.1949, 0.196831, 0.303113, 0.306199, 0.317493, 0.421558, 0.757704, 0.836479, 0.917932, 0.956596, 1, 

Solution 8: N total=389 (N_initial=220, N_added=169), Time total=210 ms, Saved to: ./results/SPINS_t3_l3_pareto_8.csv, percents=0.001, 0.0406074, 0.0616213, 0.0522548, 0.0847811, 0.0934643, 0.110255, 0.167043, 0.188916, 0.1949, 0.081436, 0.196831, 0.21324, 0.317493, 0.421558, 0.757704, 0.836479, 0.917932, 0.956596, 1, 

Solution 9: N total=380 (N_initial=220, N_added=160), Time total=231 ms, Saved to: ./results/SPINS_t3_l3_pareto_9.csv, percents=0.001, 0.0324301, 0.0625346, 0.0698525, 0.0847811, 0.104668, 0.148607, 0.173335, 0.266226, 0.275302, 0.63274, 0.6596, 1, 

------------d=1, t=3, lambda=4, filename=./evaluation/SPINS/SPINS_3_4.csv------------
Computing partitioned counts of d-sets...
Ready to look at pairs based on partitioned counts...
First Stage N=256, Time=43
There are 388 remaining non-locating pairs
--- Running GA Algorithm (phase2) ---
Running GA with std::execution::par
Generation #0
289,582,0.001, 0.0629832, 0.0867406, 0.0868704, 0.216277, 0.306291, 0.362709, 0.376779, 0.387293, 0.421107, 0.423703, 0.500061, 0.516396, 0.562011, 0.570473, 0.595252, 0.618897, 0.741727, 0.775115, 0.788654, 0.842149, 0.844495, 0.856459, 0.865939, 0.919214, 1, 

286,625,0.001, 0.0614077, 0.0748447, 0.07643, 0.0819219, 0.110813, 0.11379, 0.223529, 0.25755, 0.322211, 0.341155, 0.453505, 0.506262, 0.544006, 0.608593, 0.623834, 0.637527, 0.67372, 0.823841, 0.847938, 0.879018, 0.898807, 0.950706, 0.953677, 1, 

310,472,0.001, 0.033488, 0.0783186, 0.120064, 0.160567, 0.164553, 0.167688, 0.198821, 0.232952, 0.281406, 0.385129, 0.504261, 0.539781, 0.583794, 0.652125, 0.663974, 0.722261, 0.729924, 0.731238, 0.875928, 0.894725, 0.911264, 0.913582, 0.967367, 0.968398, 0.974691, 1, 

273,736,0.001, 0.154699, 0.284006, 0.35257, 0.496321, 0.547712, 0.561248, 0.729231, 0.770884, 0.82441, 0.845372, 0.870061, 0.871483, 0.900432, 0.909277, 0.956469, 1, 

265,804,0.001, 0.00958921, 0.0105431, 0.0466291, 0.136197, 0.215377, 0.524985, 0.571529, 0.617915, 0.644711, 0.66956, 0.762092, 0.851598, 0.853422, 0.971199, 1, 

299,479,0.001, 0.0211114, 0.0607413, 0.0842969, 0.134241, 0.15758, 0.158648, 0.187214, 0.243168, 0.256009, 0.271837, 0.327159, 0.403324, 0.41728, 0.429709, 0.493478, 0.566997, 0.571493, 0.757796, 0.766111, 0.773791, 0.934006, 0.956155, 1, 

263,1094,0.001, 0.204019, 0.272556, 0.425333, 0.443606, 0.456102, 0.487495, 0.580386, 0.732554, 0.873456, 1, 

292,489,0.001, 0.0521302, 0.0724063, 0.133786, 0.145043, 0.154188, 0.201669, 0.242597, 0.263511, 0.26462, 0.310343, 0.315844, 0.324273, 0.335217, 0.348345, 0.563086, 0.572337, 0.585067, 0.632102, 0.720118, 0.737743, 0.740016, 0.743646, 0.812835, 0.876994, 0.911152, 1, 

267,737,0.001, 0.066345, 0.147392, 0.250565, 0.402973, 0.538312, 0.589533, 0.631998, 0.6875, 0.697487, 0.788673, 0.900685, 0.920808, 0.940889, 0.989346, 1, 

Generation #1
310,472,0.001, 0.033488, 0.0783186, 0.120064, 0.160567, 0.164553, 0.167688, 0.198821, 0.232952, 0.281406, 0.385129, 0.504261, 0.539781, 0.583794, 0.652125, 0.663974, 0.722261, 0.729924, 0.731238, 0.875928, 0.894725, 0.911264, 0.913582, 0.967367, 0.968398, 0.974691, 1, 

265,804,0.001, 0.00958921, 0.0105431, 0.0466291, 0.136197, 0.215377, 0.524985, 0.571529, 0.617915, 0.644711, 0.66956, 0.762092, 0.851598, 0.853422, 0.971199, 1, 

299,479,0.001, 0.0211114, 0.0607413, 0.0842969, 0.134241, 0.15758, 0.158648, 0.187214, 0.243168, 0.256009, 0.271837, 0.327159, 0.403324, 0.41728, 0.429709, 0.493478, 0.566997, 0.571493, 0.757796, 0.766111, 0.773791, 0.934006, 0.956155, 1, 

263,1094,0.001, 0.204019, 0.272556, 0.425333, 0.443606, 0.456102, 0.487495, 0.580386, 0.732554, 0.873456, 1, 

292,489,0.001, 0.0521302, 0.0724063, 0.133786, 0.145043, 0.154188, 0.201669, 0.242597, 0.263511, 0.26462, 0.310343, 0.315844, 0.324273, 0.335217, 0.348345, 0.563086, 0.572337, 0.585067, 0.632102, 0.720118, 0.737743, 0.740016, 0.743646, 0.812835, 0.876994, 0.911152, 1, 

267,737,0.001, 0.066345, 0.147392, 0.250565, 0.402973, 0.538312, 0.589533, 0.631998, 0.6875, 0.697487, 0.788673, 0.900685, 0.920808, 0.940889, 0.989346, 1, 

323,368,0.001, 0.0113845, 0.0548686, 0.099269, 0.108825, 0.236702, 0.284778, 0.306741, 0.307715, 0.380773, 0.42515, 0.431643, 0.453263, 0.456244, 0.479757, 0.499697, 0.553076, 0.561875, 0.566354, 0.674431, 0.736911, 0.744515, 0.744706, 0.819236, 0.833295, 0.869225, 0.894191, 0.978622, 1, 

303,477,0.001, 0.0256975, 0.0965981, 0.135124, 0.160567, 0.164553, 0.167688, 0.198821, 0.232952, 0.281406, 0.385129, 0.504261, 0.539781, 0.583794, 0.652125, 0.663974, 0.722261, 0.729924, 0.731238, 0.875928, 0.256836, 0.894725, 0.911264, 0.913582, 0.967367, 0.968398, 0.974691, 1, 

314,471,0.001, 0.0210101, 0.12287, 0.166253, 0.214565, 0.217937, 0.382434, 0.440979, 0.855737, 0.490638, 0.50579, 0.515385, 0.516295, 0.570563, 0.580102, 0.585026, 0.599161, 0.765601, 0.774492, 0.774937, 0.779205, 0.806091, 0.859448, 0.87317, 0.939205, 0.985248, 1, 

269,518,0.001, 0.0256975, 0.0965981, 0.120064, 0.160567, 0.164553, 0.167688, 0.198821, 0.232952, 0.281406, 0.385129, 0.504261, 0.539781, 0.583794, 0.652125, 0.663974, 0.722261, 0.729924, 0.731238, 0.875928, 0.894725, 0.911264, 0.913582, 0.967367, 0.968398, 0.974691, 1, 

290,503,0.001, 0.0655484, 0.0782565, 0.0875274, 0.0922625, 0.116551, 0.165651, 0.169486, 0.283202, 0.326618, 0.358182, 0.400093, 0.414244, 0.468727, 0.533466, 0.563086, 0.572337, 0.585067, 0.632102, 0.720118, 0.737743, 0.740016, 0.743646, 0.812835, 0.876994, 0.911152, 1, 

278,511,0.001, 0.129574, 0.161604, 0.20924, 0.214549, 0.242536, 0.313651, 0.319589, 0.479947, 0.521656, 0.524535, 0.535915, 0.901623, 0.902963, 0.917776, 0.920595, 1, 

Generation #2
323,368,0.001, 0.0113845, 0.0548686, 0.099269, 0.108825, 0.236702, 0.284778, 0.306741, 0.307715, 0.380773, 0.42515, 0.431643, 0.453263, 0.456244, 0.479757, 0.499697, 0.553076, 0.561875, 0.566354, 0.674431, 0.736911, 0.744515, 0.744706, 0.819236, 0.833295, 0.869225, 0.894191, 0.978622, 1, 

262,416,0.001, 0.0457228, 0.102888, 0.135952, 0.1387, 0.150319, 0.267879, 0.26911, 0.291717, 0.431886, 0.48891, 0.639326, 0.570563, 0.580102, 1, 

338,367,0.001, 0.0193469, 0.0376648, 0.0425977, 0.0750489, 0.130393, 0.273548, 0.298233, 0.36198, 0.468428, 0.623154, 0.63683, 0.408415, 0.667907, 0.724906, 0.727013, 0.743148, 0.895237, 1, 

Generation #3
323,368,0.001, 0.0113845, 0.0548686, 0.099269, 0.108825, 0.236702, 0.284778, 0.306741, 0.307715, 0.380773, 0.42515, 0.431643, 0.453263, 0.456244, 0.479757, 0.499697, 0.553076, 0.561875, 0.566354, 0.674431, 0.736911, 0.744515, 0.744706, 0.819236, 0.833295, 0.869225, 0.894191, 0.978622, 1, 

262,416,0.001, 0.0457228, 0.102888, 0.135952, 0.1387, 0.150319, 0.267879, 0.26911, 0.291717, 0.431886, 0.48891, 0.639326, 0.570563, 0.580102, 1, 

338,367,0.001, 0.0193469, 0.0376648, 0.0425977, 0.0750489, 0.130393, 0.273548, 0.298233, 0.36198, 0.468428, 0.623154, 0.63683, 0.408415, 0.667907, 0.724906, 0.727013, 0.743148, 0.895237, 1, 

273,372,0.001, 0.033488, 0.0783186, 0.120064, 0.160567, 0.164553, 0.167688, 0.198821, 0.232952, 0.281406, 0.385129, 0.504261, 0.762092, 0.851598, 0.853422, 0.971199, 1, 

Generation #4
262,416,0.001, 0.0457228, 0.102888, 0.135952, 0.1387, 0.150319, 0.267879, 0.26911, 0.291717, 0.431886, 0.48891, 0.639326, 0.570563, 0.580102, 1, 

273,372,0.001, 0.033488, 0.0783186, 0.120064, 0.160567, 0.164553, 0.167688, 0.198821, 0.232952, 0.281406, 0.385129, 0.504261, 0.762092, 0.851598, 0.853422, 0.971199, 1, 

293,334,0.001, 0.0211114, 0.0607413, 0.0842969, 0.134241, 0.15758, 0.158648, 0.187214, 0.243168, 0.256009, 0.845372, 0.870061, 0.871483, 0.900432, 0.909277, 0.956469, 1, 

261,484,0.001, 0.0709297, 0.140254, 0.190095, 0.261563, 0.294359, 0.303334, 0.4041, 0.544581, 1, 

Generation #5
262,416,0.001, 0.0457228, 0.102888, 0.135952, 0.1387, 0.150319, 0.267879, 0.26911, 0.291717, 0.431886, 0.48891, 0.639326, 0.570563, 0.580102, 1, 

273,372,0.001, 0.033488, 0.0783186, 0.120064, 0.160567, 0.164553, 0.167688, 0.198821, 0.232952, 0.281406, 0.385129, 0.504261, 0.762092, 0.851598, 0.853422, 0.971199, 1, 

293,334,0.001, 0.0211114, 0.0607413, 0.0842969, 0.134241, 0.15758, 0.158648, 0.187214, 0.243168, 0.256009, 0.845372, 0.870061, 0.871483, 0.900432, 0.909277, 0.956469, 1, 

261,484,0.001, 0.0709297, 0.140254, 0.190095, 0.261563, 0.294359, 0.303334, 0.4041, 0.544581, 1, 

Generation #6
262,416,0.001, 0.0457228, 0.102888, 0.135952, 0.1387, 0.150319, 0.267879, 0.26911, 0.291717, 0.431886, 0.48891, 0.639326, 0.570563, 0.580102, 1, 

293,334,0.001, 0.0211114, 0.0607413, 0.0842969, 0.134241, 0.15758, 0.158648, 0.187214, 0.243168, 0.256009, 0.845372, 0.870061, 0.871483, 0.900432, 0.909277, 0.956469, 1, 

261,484,0.001, 0.0709297, 0.140254, 0.190095, 0.261563, 0.294359, 0.303334, 0.4041, 0.544581, 1, 

257,495,0.001, 0.0447926, 0.0531636, 0.0842969, 0.261563, 0.294359, 0.303334, 0.4041, 0.544581, 1, 

273,346,0.001, 0.0211114, 0.0607413, 0.0842969, 0.261563, 0.294359, 0.230972, 0.267879, 0.26911, 0.291717, 0.431886, 0.48891, 0.639326, 0.42663, 0.486876, 0.515077, 0.536171, 0.672223, 0.682282, 0.995815, 1, 

Generation #7
262,416,0.001, 0.0457228, 0.102888, 0.135952, 0.1387, 0.150319, 0.267879, 0.26911, 0.291717, 0.431886, 0.48891, 0.639326, 0.570563, 0.580102, 1, 

293,334,0.001, 0.0211114, 0.0607413, 0.0842969, 0.134241, 0.15758, 0.158648, 0.187214, 0.243168, 0.256009, 0.845372, 0.870061, 0.871483, 0.900432, 0.909277, 0.956469, 1, 

257,495,0.001, 0.0447926, 0.0531636, 0.0842969, 0.261563, 0.294359, 0.303334, 0.4041, 0.544581, 1, 

273,346,0.001, 0.0211114, 0.0607413, 0.0842969, 0.261563, 0.294359, 0.230972, 0.267879, 0.26911, 0.291717, 0.431886, 0.48891, 0.639326, 0.42663, 0.486876, 0.515077, 0.536171, 0.672223, 0.682282, 0.995815, 1, 

261,451,0.001, 0.0371085, 0.0442149, 0.0954025, 0.312223, 0.144366, 0.214147, 0.217576, 0.23864, 0.392415, 0.0674391, 0.419698, 0.48891, 0.639326, 0.808127, 1, 

Generation #8
262,416,0.001, 0.0457228, 0.102888, 0.135952, 0.1387, 0.150319, 0.267879, 0.26911, 0.291717, 0.431886, 0.48891, 0.639326, 0.570563, 0.580102, 1, 

293,334,0.001, 0.0211114, 0.0607413, 0.0842969, 0.134241, 0.15758, 0.158648, 0.187214, 0.243168, 0.256009, 0.845372, 0.870061, 0.871483, 0.900432, 0.909277, 0.956469, 1, 

257,495,0.001, 0.0447926, 0.0531636, 0.0842969, 0.261563, 0.294359, 0.303334, 0.4041, 0.544581, 1, 

273,346,0.001, 0.0211114, 0.0607413, 0.0842969, 0.261563, 0.294359, 0.230972, 0.267879, 0.26911, 0.291717, 0.431886, 0.48891, 0.639326, 0.42663, 0.486876, 0.515077, 0.536171, 0.672223, 0.682282, 0.995815, 1, 

261,451,0.001, 0.0371085, 0.0442149, 0.0954025, 0.312223, 0.144366, 0.214147, 0.217576, 0.23864, 0.392415, 0.0674391, 0.419698, 0.48891, 0.639326, 0.808127, 1, 

Generation #9
262,416,0.001, 0.0457228, 0.102888, 0.135952, 0.1387, 0.150319, 0.267879, 0.26911, 0.291717, 0.431886, 0.48891, 0.639326, 0.570563, 0.580102, 1, 

293,334,0.001, 0.0211114, 0.0607413, 0.0842969, 0.134241, 0.15758, 0.158648, 0.187214, 0.243168, 0.256009, 0.845372, 0.870061, 0.871483, 0.900432, 0.909277, 0.956469, 1, 

257,495,0.001, 0.0447926, 0.0531636, 0.0842969, 0.261563, 0.294359, 0.303334, 0.4041, 0.544581, 1, 

273,346,0.001, 0.0211114, 0.0607413, 0.0842969, 0.261563, 0.294359, 0.230972, 0.267879, 0.26911, 0.291717, 0.431886, 0.48891, 0.639326, 0.42663, 0.486876, 0.515077, 0.536171, 0.672223, 0.682282, 0.995815, 1, 

259,446,0.001, 0.0499229, 0.12287, 0.0425977, 0.0750489, 0.130393, 0.273548, 0.298233, 0.36198, 0.468428, 0.623154, 0.63683, 0.408415, 0.667907, 0.724906, 0.727013, 0.743148, 0.895237, 1, 

Generation #10
262,416,0.001, 0.0457228, 0.102888, 0.135952, 0.1387, 0.150319, 0.267879, 0.26911, 0.291717, 0.431886, 0.48891, 0.639326, 0.570563, 0.580102, 1, 

293,334,0.001, 0.0211114, 0.0607413, 0.0842969, 0.134241, 0.15758, 0.158648, 0.187214, 0.243168, 0.256009, 0.845372, 0.870061, 0.871483, 0.900432, 0.909277, 0.956469, 1, 

257,495,0.001, 0.0447926, 0.0531636, 0.0842969, 0.261563, 0.294359, 0.303334, 0.4041, 0.544581, 1, 

273,346,0.001, 0.0211114, 0.0607413, 0.0842969, 0.261563, 0.294359, 0.230972, 0.267879, 0.26911, 0.291717, 0.431886, 0.48891, 0.639326, 0.42663, 0.486876, 0.515077, 0.536171, 0.672223, 0.682282, 0.995815, 1, 

259,446,0.001, 0.0499229, 0.12287, 0.0425977, 0.0750489, 0.130393, 0.273548, 0.298233, 0.36198, 0.468428, 0.623154, 0.63683, 0.408415, 0.667907, 0.724906, 0.727013, 0.743148, 0.895237, 1, 

Generation #11
262,416,0.001, 0.0457228, 0.102888, 0.135952, 0.1387, 0.150319, 0.267879, 0.26911, 0.291717, 0.431886, 0.48891, 0.639326, 0.570563, 0.580102, 1, 

293,334,0.001, 0.0211114, 0.0607413, 0.0842969, 0.134241, 0.15758, 0.158648, 0.187214, 0.243168, 0.256009, 0.845372, 0.870061, 0.871483, 0.900432, 0.909277, 0.956469, 1, 

257,495,0.001, 0.0447926, 0.0531636, 0.0842969, 0.261563, 0.294359, 0.303334, 0.4041, 0.544581, 1, 

273,346,0.001, 0.0211114, 0.0607413, 0.0842969, 0.261563, 0.294359, 0.230972, 0.267879, 0.26911, 0.291717, 0.431886, 0.48891, 0.639326, 0.42663, 0.486876, 0.515077, 0.536171, 0.672223, 0.682282, 0.995815, 1, 

259,446,0.001, 0.0499229, 0.12287, 0.0425977, 0.0750489, 0.130393, 0.273548, 0.298233, 0.36198, 0.468428, 0.623154, 0.63683, 0.408415, 0.667907, 0.724906, 0.727013, 0.743148, 0.895237, 1, 

263,414,0.001, 0.0211114, 0.0607413, 0.0842969, 0.134241, 0.15758, 0.158648, 0.187214, 0.243168, 0.873456, 1, 

Generation #12
262,416,0.001, 0.0457228, 0.102888, 0.135952, 0.1387, 0.150319, 0.267879, 0.26911, 0.291717, 0.431886, 0.48891, 0.639326, 0.570563, 0.580102, 1, 

293,334,0.001, 0.0211114, 0.0607413, 0.0842969, 0.134241, 0.15758, 0.158648, 0.187214, 0.243168, 0.256009, 0.845372, 0.870061, 0.871483, 0.900432, 0.909277, 0.956469, 1, 

257,495,0.001, 0.0447926, 0.0531636, 0.0842969, 0.261563, 0.294359, 0.303334, 0.4041, 0.544581, 1, 

273,346,0.001, 0.0211114, 0.0607413, 0.0842969, 0.261563, 0.294359, 0.230972, 0.267879, 0.26911, 0.291717, 0.431886, 0.48891, 0.639326, 0.42663, 0.486876, 0.515077, 0.536171, 0.672223, 0.682282, 0.995815, 1, 

259,446,0.001, 0.0499229, 0.12287, 0.0425977, 0.0750489, 0.130393, 0.273548, 0.298233, 0.36198, 0.468428, 0.623154, 0.63683, 0.408415, 0.667907, 0.724906, 0.727013, 0.743148, 0.895237, 1, 

263,414,0.001, 0.0211114, 0.0607413, 0.0842969, 0.134241, 0.15758, 0.158648, 0.187214, 0.243168, 0.873456, 1, 

335,287,0.001, 0.0499229, 0.0531636, 0.0857729, 0.0988731, 0.149411, 0.215255, 0.198821, 0.232952, 0.392415, 0.419698, 0.44254, 0.471393, 0.479804, 0.497394, 0.515148, 0.517015, 0.526319, 0.589112, 0.913593, 0.928553, 0.966646, 0.671445, 0.714268, 0.808074, 0.815045, 0.844008, 1, 

Generation #13
262,416,0.001, 0.0457228, 0.102888, 0.135952, 0.1387, 0.150319, 0.267879, 0.26911, 0.291717, 0.431886, 0.48891, 0.639326, 0.570563, 0.580102, 1, 

293,334,0.001, 0.0211114, 0.0607413, 0.0842969, 0.134241, 0.15758, 0.158648, 0.187214, 0.243168, 0.256009, 0.845372, 0.870061, 0.871483, 0.900432, 0.909277, 0.956469, 1, 

257,495,0.001, 0.0447926, 0.0531636, 0.0842969, 0.261563, 0.294359, 0.303334, 0.4041, 0.544581, 1, 

273,346,0.001, 0.0211114, 0.0607413, 0.0842969, 0.261563, 0.294359, 0.230972, 0.267879, 0.26911, 0.291717, 0.431886, 0.48891, 0.639326, 0.42663, 0.486876, 0.515077, 0.536171, 0.672223, 0.682282, 0.995815, 1, 

259,446,0.001, 0.0499229, 0.12287, 0.0425977, 0.0750489, 0.130393, 0.273548, 0.298233, 0.36198, 0.468428, 0.623154, 0.63683, 0.408415, 0.667907, 0.724906, 0.727013, 0.743148, 0.895237, 1, 

263,414,0.001, 0.0211114, 0.0607413, 0.0842969, 0.134241, 0.15758, 0.158648, 0.187214, 0.243168, 0.873456, 1, 

335,287,0.001, 0.0499229, 0.0531636, 0.0857729, 0.0988731, 0.149411, 0.215255, 0.198821, 0.232952, 0.392415, 0.419698, 0.44254, 0.471393, 0.479804, 0.497394, 0.515148, 0.517015, 0.526319, 0.589112, 0.913593, 0.928553, 0.966646, 0.671445, 0.714268, 0.808074, 0.815045, 0.844008, 1, 

Generation #14
262,416,0.001, 0.0457228, 0.102888, 0.135952, 0.1387, 0.150319, 0.267879, 0.26911, 0.291717, 0.431886, 0.48891, 0.639326, 0.570563, 0.580102, 1, 

293,334,0.001, 0.0211114, 0.0607413, 0.0842969, 0.134241, 0.15758, 0.158648, 0.187214, 0.243168, 0.256009, 0.845372, 0.870061, 0.871483, 0.900432, 0.909277, 0.956469, 1, 

257,495,0.001, 0.0447926, 0.0531636, 0.0842969, 0.261563, 0.294359, 0.303334, 0.4041, 0.544581, 1, 

273,346,0.001, 0.0211114, 0.0607413, 0.0842969, 0.261563, 0.294359, 0.230972, 0.267879, 0.26911, 0.291717, 0.431886, 0.48891, 0.639326, 0.42663, 0.486876, 0.515077, 0.536171, 0.672223, 0.682282, 0.995815, 1, 

259,446,0.001, 0.0499229, 0.12287, 0.0425977, 0.0750489, 0.130393, 0.273548, 0.298233, 0.36198, 0.468428, 0.623154, 0.63683, 0.408415, 0.667907, 0.724906, 0.727013, 0.743148, 0.895237, 1, 

263,414,0.001, 0.0211114, 0.0607413, 0.0842969, 0.134241, 0.15758, 0.158648, 0.187214, 0.243168, 0.873456, 1, 

335,287,0.001, 0.0499229, 0.0531636, 0.0857729, 0.0988731, 0.149411, 0.215255, 0.198821, 0.232952, 0.392415, 0.419698, 0.44254, 0.471393, 0.479804, 0.497394, 0.515148, 0.517015, 0.526319, 0.589112, 0.913593, 0.928553, 0.966646, 0.671445, 0.714268, 0.808074, 0.815045, 0.844008, 1, 

Generation #15
293,334,0.001, 0.0211114, 0.0607413, 0.0842969, 0.134241, 0.15758, 0.158648, 0.187214, 0.243168, 0.256009, 0.845372, 0.870061, 0.871483, 0.900432, 0.909277, 0.956469, 1, 

273,346,0.001, 0.0211114, 0.0607413, 0.0842969, 0.261563, 0.294359, 0.230972, 0.267879, 0.26911, 0.291717, 0.431886, 0.48891, 0.639326, 0.42663, 0.486876, 0.515077, 0.536171, 0.672223, 0.682282, 0.995815, 1, 

335,287,0.001, 0.0499229, 0.0531636, 0.0857729, 0.0988731, 0.149411, 0.215255, 0.198821, 0.232952, 0.392415, 0.419698, 0.44254, 0.471393, 0.479804, 0.497394, 0.515148, 0.517015, 0.526319, 0.589112, 0.913593, 0.928553, 0.966646, 0.671445, 0.714268, 0.808074, 0.815045, 0.844008, 1, 

250,403,0.001, 0.0113845, 0.0548686, 0.099269, 0.108825, 0.236702, 0.215255, 0.214147, 0.366237, 0.217576, 0.23864, 0.392415, 0.419698, 0.48891, 0.639326, 0.808127, 1, 

245,435,0.001, 0.033488, 0.0783186, 0.120064, 0.160567, 0.164553, 0.167688, 0.198821, 0.232952, 0.281406, 1, 

Generation #16
293,334,0.001, 0.0211114, 0.0607413, 0.0842969, 0.134241, 0.15758, 0.158648, 0.187214, 0.243168, 0.256009, 0.845372, 0.870061, 0.871483, 0.900432, 0.909277, 0.956469, 1, 

273,346,0.001, 0.0211114, 0.0607413, 0.0842969, 0.261563, 0.294359, 0.230972, 0.267879, 0.26911, 0.291717, 0.431886, 0.48891, 0.639326, 0.42663, 0.486876, 0.515077, 0.536171, 0.672223, 0.682282, 0.995815, 1, 

335,287,0.001, 0.0499229, 0.0531636, 0.0857729, 0.0988731, 0.149411, 0.215255, 0.198821, 0.232952, 0.392415, 0.419698, 0.44254, 0.471393, 0.479804, 0.497394, 0.515148, 0.517015, 0.526319, 0.589112, 0.913593, 0.928553, 0.966646, 0.671445, 0.714268, 0.808074, 0.815045, 0.844008, 1, 

243,402,0.001, 0.0211114, 0.0607413, 0.0842969, 0.134241, 0.15758, 0.158648, 0.187214, 0.080776, 0.243168, 0.256009, 0.271837, 0.639326, 0.42663, 0.486876, 0.515077, 0.536171, 0.672223, 0.682282, 0.995815, 1, 

Generation #17
335,287,0.001, 0.0499229, 0.0531636, 0.0857729, 0.0988731, 0.149411, 0.215255, 0.198821, 0.232952, 0.392415, 0.419698, 0.44254, 0.471393, 0.479804, 0.497394, 0.515148, 0.517015, 0.526319, 0.589112, 0.913593, 0.928553, 0.966646, 0.671445, 0.714268, 0.808074, 0.815045, 0.844008, 1, 

243,402,0.001, 0.0211114, 0.0607413, 0.0842969, 0.134241, 0.15758, 0.158648, 0.187214, 0.080776, 0.243168, 0.256009, 0.271837, 0.639326, 0.42663, 0.486876, 0.515077, 0.536171, 0.672223, 0.682282, 0.995815, 1, 

267,322,0.001, 0.0211114, 0.0842969, 0.134241, 0.149411, 0.215255, 0.239567, 0.270736, 0.873456, 1, 

240,417,0.001, 0.0499229, 0.0531636, 0.0857729, 0.0988731, 0.149411, 0.167688, 0.198821, 0.232952, 0.281406, 0.385129, 0.504261, 0.97556, 1, 

Generation #18
335,287,0.001, 0.0499229, 0.0531636, 0.0857729, 0.0988731, 0.149411, 0.215255, 0.198821, 0.232952, 0.392415, 0.419698, 0.44254, 0.471393, 0.479804, 0.497394, 0.515148, 0.517015, 0.526319, 0.589112, 0.913593, 0.928553, 0.966646, 0.671445, 0.714268, 0.808074, 0.815045, 0.844008, 1, 

243,402,0.001, 0.0211114, 0.0607413, 0.0842969, 0.134241, 0.15758, 0.158648, 0.187214, 0.080776, 0.243168, 0.256009, 0.271837, 0.639326, 0.42663, 0.486876, 0.515077, 0.536171, 0.672223, 0.682282, 0.995815, 1, 

267,322,0.001, 0.0211114, 0.0842969, 0.134241, 0.149411, 0.215255, 0.239567, 0.270736, 0.873456, 1, 

240,417,0.001, 0.0499229, 0.0531636, 0.0857729, 0.0988731, 0.149411, 0.167688, 0.198821, 0.232952, 0.281406, 0.385129, 0.504261, 0.97556, 1, 

Generation #19
335,287,0.001, 0.0499229, 0.0531636, 0.0857729, 0.0988731, 0.149411, 0.215255, 0.198821, 0.232952, 0.392415, 0.419698, 0.44254, 0.471393, 0.479804, 0.497394, 0.515148, 0.517015, 0.526319, 0.589112, 0.913593, 0.928553, 0.966646, 0.671445, 0.714268, 0.808074, 0.815045, 0.844008, 1, 

243,402,0.001, 0.0211114, 0.0607413, 0.0842969, 0.134241, 0.15758, 0.158648, 0.187214, 0.080776, 0.243168, 0.256009, 0.271837, 0.639326, 0.42663, 0.486876, 0.515077, 0.536171, 0.672223, 0.682282, 0.995815, 1, 

267,322,0.001, 0.0211114, 0.0842969, 0.134241, 0.149411, 0.215255, 0.239567, 0.270736, 0.873456, 1, 

240,417,0.001, 0.0499229, 0.0531636, 0.0857729, 0.0988731, 0.149411, 0.167688, 0.198821, 0.232952, 0.281406, 0.385129, 0.504261, 0.97556, 1, 

266,357,0.001, 0.0211114, 0.0607413, 0.0842969, 0.134241, 0.164553, 0.167688, 0.198821, 0.281406, 0.385129, 0.504261, 0.97556, 1, 

264,394,0.001, 0.0211114, 0.0607413, 0.0842969, 0.134241, 0.15758, 0.158648, 0.187214, 0.243168, 1, 

295,300,0.001, 0.0447926, 0.0531636, 0.0954025, 0.160567, 0.164553, 0.167688, 0.198821, 0.232952, 0.243168, 0.256009, 0.271837, 0.327159, 0.920808, 0.940889, 0.486876, 0.515077, 0.536171, 0.672223, 0.682282, 0.995815, 1, 

Generation #20
335,287,0.001, 0.0499229, 0.0531636, 0.0857729, 0.0988731, 0.149411, 0.215255, 0.198821, 0.232952, 0.392415, 0.419698, 0.44254, 0.471393, 0.479804, 0.497394, 0.515148, 0.517015, 0.526319, 0.589112, 0.913593, 0.928553, 0.966646, 0.671445, 0.714268, 0.808074, 0.815045, 0.844008, 1, 

243,402,0.001, 0.0211114, 0.0607413, 0.0842969, 0.134241, 0.15758, 0.158648, 0.187214, 0.080776, 0.243168, 0.256009, 0.271837, 0.639326, 0.42663, 0.486876, 0.515077, 0.536171, 0.672223, 0.682282, 0.995815, 1, 

267,322,0.001, 0.0211114, 0.0842969, 0.134241, 0.149411, 0.215255, 0.239567, 0.270736, 0.873456, 1, 

240,417,0.001, 0.0499229, 0.0531636, 0.0857729, 0.0988731, 0.149411, 0.167688, 0.198821, 0.232952, 0.281406, 0.385129, 0.504261, 0.97556, 1, 

266,357,0.001, 0.0211114, 0.0607413, 0.0842969, 0.134241, 0.164553, 0.167688, 0.198821, 0.281406, 0.385129, 0.504261, 0.97556, 1, 

264,394,0.001, 0.0211114, 0.0607413, 0.0842969, 0.134241, 0.15758, 0.158648, 0.187214, 0.243168, 1, 

295,300,0.001, 0.0447926, 0.0531636, 0.0954025, 0.160567, 0.164553, 0.167688, 0.198821, 0.232952, 0.243168, 0.256009, 0.271837, 0.327159, 0.920808, 0.940889, 0.486876, 0.515077, 0.536171, 0.672223, 0.682282, 0.995815, 1, 

Generation #21
335,287,0.001, 0.0499229, 0.0531636, 0.0857729, 0.0988731, 0.149411, 0.215255, 0.198821, 0.232952, 0.392415, 0.419698, 0.44254, 0.471393, 0.479804, 0.497394, 0.515148, 0.517015, 0.526319, 0.589112, 0.913593, 0.928553, 0.966646, 0.671445, 0.714268, 0.808074, 0.815045, 0.844008, 1, 

243,402,0.001, 0.0211114, 0.0607413, 0.0842969, 0.134241, 0.15758, 0.158648, 0.187214, 0.080776, 0.243168, 0.256009, 0.271837, 0.639326, 0.42663, 0.486876, 0.515077, 0.536171, 0.672223, 0.682282, 0.995815, 1, 

267,322,0.001, 0.0211114, 0.0842969, 0.134241, 0.149411, 0.215255, 0.239567, 0.270736, 0.873456, 1, 

240,417,0.001, 0.0499229, 0.0531636, 0.0857729, 0.0988731, 0.149411, 0.167688, 0.198821, 0.232952, 0.281406, 0.385129, 0.504261, 0.97556, 1, 

295,300,0.001, 0.0447926, 0.0531636, 0.0954025, 0.160567, 0.164553, 0.167688, 0.198821, 0.232952, 0.243168, 0.256009, 0.271837, 0.327159, 0.920808, 0.940889, 0.486876, 0.515077, 0.536171, 0.672223, 0.682282, 0.995815, 1, 

251,345,0.001, 0.0447926, 0.0531636, 0.0954025, 0.160567, 0.164553, 0.167688, 0.198821, 0.232952, 0.243168, 0.256009, 0.271837, 0.327159, 0.920808, 0.909277, 1, 

299,291,0.001, 0.0193469, 0.0376648, 0.0425977, 0.0750489, 0.130393, 0.158648, 0.187214, 0.080776, 0.431886, 0.48891, 0.570563, 0.580102, 1, 

Generation #22
335,287,0.001, 0.0499229, 0.0531636, 0.0857729, 0.0988731, 0.149411, 0.215255, 0.198821, 0.232952, 0.392415, 0.419698, 0.44254, 0.471393, 0.479804, 0.497394, 0.515148, 0.517015, 0.526319, 0.589112, 0.913593, 0.928553, 0.966646, 0.671445, 0.714268, 0.808074, 0.815045, 0.844008, 1, 

243,402,0.001, 0.0211114, 0.0607413, 0.0842969, 0.134241, 0.15758, 0.158648, 0.187214, 0.080776, 0.243168, 0.256009, 0.271837, 0.639326, 0.42663, 0.486876, 0.515077, 0.536171, 0.672223, 0.682282, 0.995815, 1, 

267,322,0.001, 0.0211114, 0.0842969, 0.134241, 0.149411, 0.215255, 0.239567, 0.270736, 0.873456, 1, 

240,417,0.001, 0.0499229, 0.0531636, 0.0857729, 0.0988731, 0.149411, 0.167688, 0.198821, 0.232952, 0.281406, 0.385129, 0.504261, 0.97556, 1, 

295,300,0.001, 0.0447926, 0.0531636, 0.0954025, 0.160567, 0.164553, 0.167688, 0.198821, 0.232952, 0.243168, 0.256009, 0.271837, 0.327159, 0.920808, 0.940889, 0.486876, 0.515077, 0.536171, 0.672223, 0.682282, 0.995815, 1, 

251,345,0.001, 0.0447926, 0.0531636, 0.0954025, 0.160567, 0.164553, 0.167688, 0.198821, 0.232952, 0.243168, 0.256009, 0.271837, 0.327159, 0.920808, 0.909277, 1, 

299,291,0.001, 0.0193469, 0.0376648, 0.0425977, 0.0750489, 0.130393, 0.158648, 0.187214, 0.080776, 0.431886, 0.48891, 0.570563, 0.580102, 1, 

Generation #23
335,287,0.001, 0.0499229, 0.0531636, 0.0857729, 0.0988731, 0.149411, 0.215255, 0.198821, 0.232952, 0.392415, 0.419698, 0.44254, 0.471393, 0.479804, 0.497394, 0.515148, 0.517015, 0.526319, 0.589112, 0.913593, 0.928553, 0.966646, 0.671445, 0.714268, 0.808074, 0.815045, 0.844008, 1, 

243,402,0.001, 0.0211114, 0.0607413, 0.0842969, 0.134241, 0.15758, 0.158648, 0.187214, 0.080776, 0.243168, 0.256009, 0.271837, 0.639326, 0.42663, 0.486876, 0.515077, 0.536171, 0.672223, 0.682282, 0.995815, 1, 

267,322,0.001, 0.0211114, 0.0842969, 0.134241, 0.149411, 0.215255, 0.239567, 0.270736, 0.873456, 1, 

240,417,0.001, 0.0499229, 0.0531636, 0.0857729, 0.0988731, 0.149411, 0.167688, 0.198821, 0.232952, 0.281406, 0.385129, 0.504261, 0.97556, 1, 

295,300,0.001, 0.0447926, 0.0531636, 0.0954025, 0.160567, 0.164553, 0.167688, 0.198821, 0.232952, 0.243168, 0.256009, 0.271837, 0.327159, 0.920808, 0.940889, 0.486876, 0.515077, 0.536171, 0.672223, 0.682282, 0.995815, 1, 

251,345,0.001, 0.0447926, 0.0531636, 0.0954025, 0.160567, 0.164553, 0.167688, 0.198821, 0.232952, 0.243168, 0.256009, 0.271837, 0.327159, 0.920808, 0.909277, 1, 

299,291,0.001, 0.0193469, 0.0376648, 0.0425977, 0.0750489, 0.130393, 0.158648, 0.187214, 0.080776, 0.431886, 0.48891, 0.570563, 0.580102, 1, 

Generation #24
335,287,0.001, 0.0499229, 0.0531636, 0.0857729, 0.0988731, 0.149411, 0.215255, 0.198821, 0.232952, 0.392415, 0.419698, 0.44254, 0.471393, 0.479804, 0.497394, 0.515148, 0.517015, 0.526319, 0.589112, 0.913593, 0.928553, 0.966646, 0.671445, 0.714268, 0.808074, 0.815045, 0.844008, 1, 

243,402,0.001, 0.0211114, 0.0607413, 0.0842969, 0.134241, 0.15758, 0.158648, 0.187214, 0.080776, 0.243168, 0.256009, 0.271837, 0.639326, 0.42663, 0.486876, 0.515077, 0.536171, 0.672223, 0.682282, 0.995815, 1, 

267,322,0.001, 0.0211114, 0.0842969, 0.134241, 0.149411, 0.215255, 0.239567, 0.270736, 0.873456, 1, 

240,417,0.001, 0.0499229, 0.0531636, 0.0857729, 0.0988731, 0.149411, 0.167688, 0.198821, 0.232952, 0.281406, 0.385129, 0.504261, 0.97556, 1, 

295,300,0.001, 0.0447926, 0.0531636, 0.0954025, 0.160567, 0.164553, 0.167688, 0.198821, 0.232952, 0.243168, 0.256009, 0.271837, 0.327159, 0.920808, 0.940889, 0.486876, 0.515077, 0.536171, 0.672223, 0.682282, 0.995815, 1, 

251,345,0.001, 0.0447926, 0.0531636, 0.0954025, 0.160567, 0.164553, 0.167688, 0.198821, 0.232952, 0.243168, 0.256009, 0.271837, 0.327159, 0.920808, 0.909277, 1, 

299,291,0.001, 0.0193469, 0.0376648, 0.0425977, 0.0750489, 0.130393, 0.158648, 0.187214, 0.080776, 0.431886, 0.48891, 0.570563, 0.580102, 1, 

Generation #25
335,287,0.001, 0.0499229, 0.0531636, 0.0857729, 0.0988731, 0.149411, 0.215255, 0.198821, 0.232952, 0.392415, 0.419698, 0.44254, 0.471393, 0.479804, 0.497394, 0.515148, 0.517015, 0.526319, 0.589112, 0.913593, 0.928553, 0.966646, 0.671445, 0.714268, 0.808074, 0.815045, 0.844008, 1, 

243,402,0.001, 0.0211114, 0.0607413, 0.0842969, 0.134241, 0.15758, 0.158648, 0.187214, 0.080776, 0.243168, 0.256009, 0.271837, 0.639326, 0.42663, 0.486876, 0.515077, 0.536171, 0.672223, 0.682282, 0.995815, 1, 

267,322,0.001, 0.0211114, 0.0842969, 0.134241, 0.149411, 0.215255, 0.239567, 0.270736, 0.873456, 1, 

240,417,0.001, 0.0499229, 0.0531636, 0.0857729, 0.0988731, 0.149411, 0.167688, 0.198821, 0.232952, 0.281406, 0.385129, 0.504261, 0.97556, 1, 

295,300,0.001, 0.0447926, 0.0531636, 0.0954025, 0.160567, 0.164553, 0.167688, 0.198821, 0.232952, 0.243168, 0.256009, 0.271837, 0.327159, 0.920808, 0.940889, 0.486876, 0.515077, 0.536171, 0.672223, 0.682282, 0.995815, 1, 

251,345,0.001, 0.0447926, 0.0531636, 0.0954025, 0.160567, 0.164553, 0.167688, 0.198821, 0.232952, 0.243168, 0.256009, 0.271837, 0.327159, 0.920808, 0.909277, 1, 

299,291,0.001, 0.0193469, 0.0376648, 0.0425977, 0.0750489, 0.130393, 0.158648, 0.187214, 0.080776, 0.431886, 0.48891, 0.570563, 0.580102, 1, 

Generation #26
335,287,0.001, 0.0499229, 0.0531636, 0.0857729, 0.0988731, 0.149411, 0.215255, 0.198821, 0.232952, 0.392415, 0.419698, 0.44254, 0.471393, 0.479804, 0.497394, 0.515148, 0.517015, 0.526319, 0.589112, 0.913593, 0.928553, 0.966646, 0.671445, 0.714268, 0.808074, 0.815045, 0.844008, 1, 

243,402,0.001, 0.0211114, 0.0607413, 0.0842969, 0.134241, 0.15758, 0.158648, 0.187214, 0.080776, 0.243168, 0.256009, 0.271837, 0.639326, 0.42663, 0.486876, 0.515077, 0.536171, 0.672223, 0.682282, 0.995815, 1, 

267,322,0.001, 0.0211114, 0.0842969, 0.134241, 0.149411, 0.215255, 0.239567, 0.270736, 0.873456, 1, 

240,417,0.001, 0.0499229, 0.0531636, 0.0857729, 0.0988731, 0.149411, 0.167688, 0.198821, 0.232952, 0.281406, 0.385129, 0.504261, 0.97556, 1, 

295,300,0.001, 0.0447926, 0.0531636, 0.0954025, 0.160567, 0.164553, 0.167688, 0.198821, 0.232952, 0.243168, 0.256009, 0.271837, 0.327159, 0.920808, 0.940889, 0.486876, 0.515077, 0.536171, 0.672223, 0.682282, 0.995815, 1, 

251,345,0.001, 0.0447926, 0.0531636, 0.0954025, 0.160567, 0.164553, 0.167688, 0.198821, 0.232952, 0.243168, 0.256009, 0.271837, 0.327159, 0.920808, 0.909277, 1, 

299,291,0.001, 0.0193469, 0.0376648, 0.0425977, 0.0750489, 0.130393, 0.158648, 0.187214, 0.080776, 0.431886, 0.48891, 0.570563, 0.580102, 1, 

Generation #27
335,287,0.001, 0.0499229, 0.0531636, 0.0857729, 0.0988731, 0.149411, 0.215255, 0.198821, 0.232952, 0.392415, 0.419698, 0.44254, 0.471393, 0.479804, 0.497394, 0.515148, 0.517015, 0.526319, 0.589112, 0.913593, 0.928553, 0.966646, 0.671445, 0.714268, 0.808074, 0.815045, 0.844008, 1, 

243,402,0.001, 0.0211114, 0.0607413, 0.0842969, 0.134241, 0.15758, 0.158648, 0.187214, 0.080776, 0.243168, 0.256009, 0.271837, 0.639326, 0.42663, 0.486876, 0.515077, 0.536171, 0.672223, 0.682282, 0.995815, 1, 

267,322,0.001, 0.0211114, 0.0842969, 0.134241, 0.149411, 0.215255, 0.239567, 0.270736, 0.873456, 1, 

240,417,0.001, 0.0499229, 0.0531636, 0.0857729, 0.0988731, 0.149411, 0.167688, 0.198821, 0.232952, 0.281406, 0.385129, 0.504261, 0.97556, 1, 

295,300,0.001, 0.0447926, 0.0531636, 0.0954025, 0.160567, 0.164553, 0.167688, 0.198821, 0.232952, 0.243168, 0.256009, 0.271837, 0.327159, 0.920808, 0.940889, 0.486876, 0.515077, 0.536171, 0.672223, 0.682282, 0.995815, 1, 

251,345,0.001, 0.0447926, 0.0531636, 0.0954025, 0.160567, 0.164553, 0.167688, 0.198821, 0.232952, 0.243168, 0.256009, 0.271837, 0.327159, 0.920808, 0.909277, 1, 

299,291,0.001, 0.0193469, 0.0376648, 0.0425977, 0.0750489, 0.130393, 0.158648, 0.187214, 0.080776, 0.431886, 0.48891, 0.570563, 0.580102, 1, 

Generation #28
335,287,0.001, 0.0499229, 0.0531636, 0.0857729, 0.0988731, 0.149411, 0.215255, 0.198821, 0.232952, 0.392415, 0.419698, 0.44254, 0.471393, 0.479804, 0.497394, 0.515148, 0.517015, 0.526319, 0.589112, 0.913593, 0.928553, 0.966646, 0.671445, 0.714268, 0.808074, 0.815045, 0.844008, 1, 

243,402,0.001, 0.0211114, 0.0607413, 0.0842969, 0.134241, 0.15758, 0.158648, 0.187214, 0.080776, 0.243168, 0.256009, 0.271837, 0.639326, 0.42663, 0.486876, 0.515077, 0.536171, 0.672223, 0.682282, 0.995815, 1, 

267,322,0.001, 0.0211114, 0.0842969, 0.134241, 0.149411, 0.215255, 0.239567, 0.270736, 0.873456, 1, 

240,417,0.001, 0.0499229, 0.0531636, 0.0857729, 0.0988731, 0.149411, 0.167688, 0.198821, 0.232952, 0.281406, 0.385129, 0.504261, 0.97556, 1, 

295,300,0.001, 0.0447926, 0.0531636, 0.0954025, 0.160567, 0.164553, 0.167688, 0.198821, 0.232952, 0.243168, 0.256009, 0.271837, 0.327159, 0.920808, 0.940889, 0.486876, 0.515077, 0.536171, 0.672223, 0.682282, 0.995815, 1, 

251,345,0.001, 0.0447926, 0.0531636, 0.0954025, 0.160567, 0.164553, 0.167688, 0.198821, 0.232952, 0.243168, 0.256009, 0.271837, 0.327159, 0.920808, 0.909277, 1, 

299,291,0.001, 0.0193469, 0.0376648, 0.0425977, 0.0750489, 0.130393, 0.158648, 0.187214, 0.080776, 0.431886, 0.48891, 0.570563, 0.580102, 1, 

Generation #29
335,287,0.001, 0.0499229, 0.0531636, 0.0857729, 0.0988731, 0.149411, 0.215255, 0.198821, 0.232952, 0.392415, 0.419698, 0.44254, 0.471393, 0.479804, 0.497394, 0.515148, 0.517015, 0.526319, 0.589112, 0.913593, 0.928553, 0.966646, 0.671445, 0.714268, 0.808074, 0.815045, 0.844008, 1, 

243,402,0.001, 0.0211114, 0.0607413, 0.0842969, 0.134241, 0.15758, 0.158648, 0.187214, 0.080776, 0.243168, 0.256009, 0.271837, 0.639326, 0.42663, 0.486876, 0.515077, 0.536171, 0.672223, 0.682282, 0.995815, 1, 

267,322,0.001, 0.0211114, 0.0842969, 0.134241, 0.149411, 0.215255, 0.239567, 0.270736, 0.873456, 1, 

240,417,0.001, 0.0499229, 0.0531636, 0.0857729, 0.0988731, 0.149411, 0.167688, 0.198821, 0.232952, 0.281406, 0.385129, 0.504261, 0.97556, 1, 

295,300,0.001, 0.0447926, 0.0531636, 0.0954025, 0.160567, 0.164553, 0.167688, 0.198821, 0.232952, 0.243168, 0.256009, 0.271837, 0.327159, 0.920808, 0.940889, 0.486876, 0.515077, 0.536171, 0.672223, 0.682282, 0.995815, 1, 

251,345,0.001, 0.0447926, 0.0531636, 0.0954025, 0.160567, 0.164553, 0.167688, 0.198821, 0.232952, 0.243168, 0.256009, 0.271837, 0.327159, 0.920808, 0.909277, 1, 

299,291,0.001, 0.0193469, 0.0376648, 0.0425977, 0.0750489, 0.130393, 0.158648, 0.187214, 0.080776, 0.431886, 0.48891, 0.570563, 0.580102, 1, 

Generation #30
335,287,0.001, 0.0499229, 0.0531636, 0.0857729, 0.0988731, 0.149411, 0.215255, 0.198821, 0.232952, 0.392415, 0.419698, 0.44254, 0.471393, 0.479804, 0.497394, 0.515148, 0.517015, 0.526319, 0.589112, 0.913593, 0.928553, 0.966646, 0.671445, 0.714268, 0.808074, 0.815045, 0.844008, 1, 

243,402,0.001, 0.0211114, 0.0607413, 0.0842969, 0.134241, 0.15758, 0.158648, 0.187214, 0.080776, 0.243168, 0.256009, 0.271837, 0.639326, 0.42663, 0.486876, 0.515077, 0.536171, 0.672223, 0.682282, 0.995815, 1, 

267,322,0.001, 0.0211114, 0.0842969, 0.134241, 0.149411, 0.215255, 0.239567, 0.270736, 0.873456, 1, 

240,417,0.001, 0.0499229, 0.0531636, 0.0857729, 0.0988731, 0.149411, 0.167688, 0.198821, 0.232952, 0.281406, 0.385129, 0.504261, 0.97556, 1, 

295,300,0.001, 0.0447926, 0.0531636, 0.0954025, 0.160567, 0.164553, 0.167688, 0.198821, 0.232952, 0.243168, 0.256009, 0.271837, 0.327159, 0.920808, 0.940889, 0.486876, 0.515077, 0.536171, 0.672223, 0.682282, 0.995815, 1, 

251,345,0.001, 0.0447926, 0.0531636, 0.0954025, 0.160567, 0.164553, 0.167688, 0.198821, 0.232952, 0.243168, 0.256009, 0.271837, 0.327159, 0.920808, 0.909277, 1, 

299,291,0.001, 0.0193469, 0.0376648, 0.0425977, 0.0750489, 0.130393, 0.158648, 0.187214, 0.080776, 0.431886, 0.48891, 0.570563, 0.580102, 1, 

Generation #31
335,287,0.001, 0.0499229, 0.0531636, 0.0857729, 0.0988731, 0.149411, 0.215255, 0.198821, 0.232952, 0.392415, 0.419698, 0.44254, 0.471393, 0.479804, 0.497394, 0.515148, 0.517015, 0.526319, 0.589112, 0.913593, 0.928553, 0.966646, 0.671445, 0.714268, 0.808074, 0.815045, 0.844008, 1, 

243,402,0.001, 0.0211114, 0.0607413, 0.0842969, 0.134241, 0.15758, 0.158648, 0.187214, 0.080776, 0.243168, 0.256009, 0.271837, 0.639326, 0.42663, 0.486876, 0.515077, 0.536171, 0.672223, 0.682282, 0.995815, 1, 

267,322,0.001, 0.0211114, 0.0842969, 0.134241, 0.149411, 0.215255, 0.239567, 0.270736, 0.873456, 1, 

240,417,0.001, 0.0499229, 0.0531636, 0.0857729, 0.0988731, 0.149411, 0.167688, 0.198821, 0.232952, 0.281406, 0.385129, 0.504261, 0.97556, 1, 

295,300,0.001, 0.0447926, 0.0531636, 0.0954025, 0.160567, 0.164553, 0.167688, 0.198821, 0.232952, 0.243168, 0.256009, 0.271837, 0.327159, 0.920808, 0.940889, 0.486876, 0.515077, 0.536171, 0.672223, 0.682282, 0.995815, 1, 

251,345,0.001, 0.0447926, 0.0531636, 0.0954025, 0.160567, 0.164553, 0.167688, 0.198821, 0.232952, 0.243168, 0.256009, 0.271837, 0.327159, 0.920808, 0.909277, 1, 

299,291,0.001, 0.0193469, 0.0376648, 0.0425977, 0.0750489, 0.130393, 0.158648, 0.187214, 0.080776, 0.431886, 0.48891, 0.570563, 0.580102, 1, 

292,302,0.001, 0.0211114, 0.0607413, 0.0842969, 0.134241, 0.15758, 0.215255, 0.214147, 0.366237, 0.217576, 0.23864, 0.392415, 0.419698, 0.48891, 0.639326, 0.808127, 1, 

Generation #32
335,287,0.001, 0.0499229, 0.0531636, 0.0857729, 0.0988731, 0.149411, 0.215255, 0.198821, 0.232952, 0.392415, 0.419698, 0.44254, 0.471393, 0.479804, 0.497394, 0.515148, 0.517015, 0.526319, 0.589112, 0.913593, 0.928553, 0.966646, 0.671445, 0.714268, 0.808074, 0.815045, 0.844008, 1, 

243,402,0.001, 0.0211114, 0.0607413, 0.0842969, 0.134241, 0.15758, 0.158648, 0.187214, 0.080776, 0.243168, 0.256009, 0.271837, 0.639326, 0.42663, 0.486876, 0.515077, 0.536171, 0.672223, 0.682282, 0.995815, 1, 

267,322,0.001, 0.0211114, 0.0842969, 0.134241, 0.149411, 0.215255, 0.239567, 0.270736, 0.873456, 1, 

240,417,0.001, 0.0499229, 0.0531636, 0.0857729, 0.0988731, 0.149411, 0.167688, 0.198821, 0.232952, 0.281406, 0.385129, 0.504261, 0.97556, 1, 

295,300,0.001, 0.0447926, 0.0531636, 0.0954025, 0.160567, 0.164553, 0.167688, 0.198821, 0.232952, 0.243168, 0.256009, 0.271837, 0.327159, 0.920808, 0.940889, 0.486876, 0.515077, 0.536171, 0.672223, 0.682282, 0.995815, 1, 

251,345,0.001, 0.0447926, 0.0531636, 0.0954025, 0.160567, 0.164553, 0.167688, 0.198821, 0.232952, 0.243168, 0.256009, 0.271837, 0.327159, 0.920808, 0.909277, 1, 

299,291,0.001, 0.0193469, 0.0376648, 0.0425977, 0.0750489, 0.130393, 0.158648, 0.187214, 0.080776, 0.431886, 0.48891, 0.570563, 0.580102, 1, 

292,302,0.001, 0.0211114, 0.0607413, 0.0842969, 0.134241, 0.15758, 0.215255, 0.214147, 0.366237, 0.217576, 0.23864, 0.392415, 0.419698, 0.48891, 0.639326, 0.808127, 1, 

Generation #33
335,287,0.001, 0.0499229, 0.0531636, 0.0857729, 0.0988731, 0.149411, 0.215255, 0.198821, 0.232952, 0.392415, 0.419698, 0.44254, 0.471393, 0.479804, 0.497394, 0.515148, 0.517015, 0.526319, 0.589112, 0.913593, 0.928553, 0.966646, 0.671445, 0.714268, 0.808074, 0.815045, 0.844008, 1, 

243,402,0.001, 0.0211114, 0.0607413, 0.0842969, 0.134241, 0.15758, 0.158648, 0.187214, 0.080776, 0.243168, 0.256009, 0.271837, 0.639326, 0.42663, 0.486876, 0.515077, 0.536171, 0.672223, 0.682282, 0.995815, 1, 

267,322,0.001, 0.0211114, 0.0842969, 0.134241, 0.149411, 0.215255, 0.239567, 0.270736, 0.873456, 1, 

240,417,0.001, 0.0499229, 0.0531636, 0.0857729, 0.0988731, 0.149411, 0.167688, 0.198821, 0.232952, 0.281406, 0.385129, 0.504261, 0.97556, 1, 

295,300,0.001, 0.0447926, 0.0531636, 0.0954025, 0.160567, 0.164553, 0.167688, 0.198821, 0.232952, 0.243168, 0.256009, 0.271837, 0.327159, 0.920808, 0.940889, 0.486876, 0.515077, 0.536171, 0.672223, 0.682282, 0.995815, 1, 

251,345,0.001, 0.0447926, 0.0531636, 0.0954025, 0.160567, 0.164553, 0.167688, 0.198821, 0.232952, 0.243168, 0.256009, 0.271837, 0.327159, 0.920808, 0.909277, 1, 

299,291,0.001, 0.0193469, 0.0376648, 0.0425977, 0.0750489, 0.130393, 0.158648, 0.187214, 0.080776, 0.431886, 0.48891, 0.570563, 0.580102, 1, 

292,302,0.001, 0.0211114, 0.0607413, 0.0842969, 0.134241, 0.15758, 0.215255, 0.214147, 0.366237, 0.217576, 0.23864, 0.392415, 0.419698, 0.48891, 0.639326, 0.808127, 1, 

Generation #34
335,287,0.001, 0.0499229, 0.0531636, 0.0857729, 0.0988731, 0.149411, 0.215255, 0.198821, 0.232952, 0.392415, 0.419698, 0.44254, 0.471393, 0.479804, 0.497394, 0.515148, 0.517015, 0.526319, 0.589112, 0.913593, 0.928553, 0.966646, 0.671445, 0.714268, 0.808074, 0.815045, 0.844008, 1, 

243,402,0.001, 0.0211114, 0.0607413, 0.0842969, 0.134241, 0.15758, 0.158648, 0.187214, 0.080776, 0.243168, 0.256009, 0.271837, 0.639326, 0.42663, 0.486876, 0.515077, 0.536171, 0.672223, 0.682282, 0.995815, 1, 

267,322,0.001, 0.0211114, 0.0842969, 0.134241, 0.149411, 0.215255, 0.239567, 0.270736, 0.873456, 1, 

240,417,0.001, 0.0499229, 0.0531636, 0.0857729, 0.0988731, 0.149411, 0.167688, 0.198821, 0.232952, 0.281406, 0.385129, 0.504261, 0.97556, 1, 

295,300,0.001, 0.0447926, 0.0531636, 0.0954025, 0.160567, 0.164553, 0.167688, 0.198821, 0.232952, 0.243168, 0.256009, 0.271837, 0.327159, 0.920808, 0.940889, 0.486876, 0.515077, 0.536171, 0.672223, 0.682282, 0.995815, 1, 

251,345,0.001, 0.0447926, 0.0531636, 0.0954025, 0.160567, 0.164553, 0.167688, 0.198821, 0.232952, 0.243168, 0.256009, 0.271837, 0.327159, 0.920808, 0.909277, 1, 

299,291,0.001, 0.0193469, 0.0376648, 0.0425977, 0.0750489, 0.130393, 0.158648, 0.187214, 0.080776, 0.431886, 0.48891, 0.570563, 0.580102, 1, 

292,302,0.001, 0.0211114, 0.0607413, 0.0842969, 0.134241, 0.15758, 0.215255, 0.214147, 0.366237, 0.217576, 0.23864, 0.392415, 0.419698, 0.48891, 0.639326, 0.808127, 1, 

Generation #35
335,287,0.001, 0.0499229, 0.0531636, 0.0857729, 0.0988731, 0.149411, 0.215255, 0.198821, 0.232952, 0.392415, 0.419698, 0.44254, 0.471393, 0.479804, 0.497394, 0.515148, 0.517015, 0.526319, 0.589112, 0.913593, 0.928553, 0.966646, 0.671445, 0.714268, 0.808074, 0.815045, 0.844008, 1, 

243,402,0.001, 0.0211114, 0.0607413, 0.0842969, 0.134241, 0.15758, 0.158648, 0.187214, 0.080776, 0.243168, 0.256009, 0.271837, 0.639326, 0.42663, 0.486876, 0.515077, 0.536171, 0.672223, 0.682282, 0.995815, 1, 

267,322,0.001, 0.0211114, 0.0842969, 0.134241, 0.149411, 0.215255, 0.239567, 0.270736, 0.873456, 1, 

240,417,0.001, 0.0499229, 0.0531636, 0.0857729, 0.0988731, 0.149411, 0.167688, 0.198821, 0.232952, 0.281406, 0.385129, 0.504261, 0.97556, 1, 

295,300,0.001, 0.0447926, 0.0531636, 0.0954025, 0.160567, 0.164553, 0.167688, 0.198821, 0.232952, 0.243168, 0.256009, 0.271837, 0.327159, 0.920808, 0.940889, 0.486876, 0.515077, 0.536171, 0.672223, 0.682282, 0.995815, 1, 

251,345,0.001, 0.0447926, 0.0531636, 0.0954025, 0.160567, 0.164553, 0.167688, 0.198821, 0.232952, 0.243168, 0.256009, 0.271837, 0.327159, 0.920808, 0.909277, 1, 

299,291,0.001, 0.0193469, 0.0376648, 0.0425977, 0.0750489, 0.130393, 0.158648, 0.187214, 0.080776, 0.431886, 0.48891, 0.570563, 0.580102, 1, 

292,302,0.001, 0.0211114, 0.0607413, 0.0842969, 0.134241, 0.15758, 0.215255, 0.214147, 0.366237, 0.217576, 0.23864, 0.392415, 0.419698, 0.48891, 0.639326, 0.808127, 1, 

Generation #36
335,287,0.001, 0.0499229, 0.0531636, 0.0857729, 0.0988731, 0.149411, 0.215255, 0.198821, 0.232952, 0.392415, 0.419698, 0.44254, 0.471393, 0.479804, 0.497394, 0.515148, 0.517015, 0.526319, 0.589112, 0.913593, 0.928553, 0.966646, 0.671445, 0.714268, 0.808074, 0.815045, 0.844008, 1, 

243,402,0.001, 0.0211114, 0.0607413, 0.0842969, 0.134241, 0.15758, 0.158648, 0.187214, 0.080776, 0.243168, 0.256009, 0.271837, 0.639326, 0.42663, 0.486876, 0.515077, 0.536171, 0.672223, 0.682282, 0.995815, 1, 

267,322,0.001, 0.0211114, 0.0842969, 0.134241, 0.149411, 0.215255, 0.239567, 0.270736, 0.873456, 1, 

240,417,0.001, 0.0499229, 0.0531636, 0.0857729, 0.0988731, 0.149411, 0.167688, 0.198821, 0.232952, 0.281406, 0.385129, 0.504261, 0.97556, 1, 

295,300,0.001, 0.0447926, 0.0531636, 0.0954025, 0.160567, 0.164553, 0.167688, 0.198821, 0.232952, 0.243168, 0.256009, 0.271837, 0.327159, 0.920808, 0.940889, 0.486876, 0.515077, 0.536171, 0.672223, 0.682282, 0.995815, 1, 

251,345,0.001, 0.0447926, 0.0531636, 0.0954025, 0.160567, 0.164553, 0.167688, 0.198821, 0.232952, 0.243168, 0.256009, 0.271837, 0.327159, 0.920808, 0.909277, 1, 

299,291,0.001, 0.0193469, 0.0376648, 0.0425977, 0.0750489, 0.130393, 0.158648, 0.187214, 0.080776, 0.431886, 0.48891, 0.570563, 0.580102, 1, 

292,302,0.001, 0.0211114, 0.0607413, 0.0842969, 0.134241, 0.15758, 0.215255, 0.214147, 0.366237, 0.217576, 0.23864, 0.392415, 0.419698, 0.48891, 0.639326, 0.808127, 1, 

Generation #37
243,402,0.001, 0.0211114, 0.0607413, 0.0842969, 0.134241, 0.15758, 0.158648, 0.187214, 0.080776, 0.243168, 0.256009, 0.271837, 0.639326, 0.42663, 0.486876, 0.515077, 0.536171, 0.672223, 0.682282, 0.995815, 1, 

267,322,0.001, 0.0211114, 0.0842969, 0.134241, 0.149411, 0.215255, 0.239567, 0.270736, 0.873456, 1, 

240,417,0.001, 0.0499229, 0.0531636, 0.0857729, 0.0988731, 0.149411, 0.167688, 0.198821, 0.232952, 0.281406, 0.385129, 0.504261, 0.97556, 1, 

251,345,0.001, 0.0447926, 0.0531636, 0.0954025, 0.160567, 0.164553, 0.167688, 0.198821, 0.232952, 0.243168, 0.256009, 0.271837, 0.327159, 0.920808, 0.909277, 1, 

292,277,0.001, 0.0499229, 0.0531636, 0.0857729, 0.134241, 0.164553, 0.167688, 0.198821, 0.281406, 0.385129, 0.504261, 0.97556, 1, 

Generation #38
243,402,0.001, 0.0211114, 0.0607413, 0.0842969, 0.134241, 0.15758, 0.158648, 0.187214, 0.080776, 0.243168, 0.256009, 0.271837, 0.639326, 0.42663, 0.486876, 0.515077, 0.536171, 0.672223, 0.682282, 0.995815, 1, 

267,322,0.001, 0.0211114, 0.0842969, 0.134241, 0.149411, 0.215255, 0.239567, 0.270736, 0.873456, 1, 

240,417,0.001, 0.0499229, 0.0531636, 0.0857729, 0.0988731, 0.149411, 0.167688, 0.198821, 0.232952, 0.281406, 0.385129, 0.504261, 0.97556, 1, 

251,345,0.001, 0.0447926, 0.0531636, 0.0954025, 0.160567, 0.164553, 0.167688, 0.198821, 0.232952, 0.243168, 0.256009, 0.271837, 0.327159, 0.920808, 0.909277, 1, 

292,277,0.001, 0.0499229, 0.0531636, 0.0857729, 0.134241, 0.164553, 0.167688, 0.198821, 0.281406, 0.385129, 0.504261, 0.97556, 1, 

Generation #39
243,402,0.001, 0.0211114, 0.0607413, 0.0842969, 0.134241, 0.15758, 0.158648, 0.187214, 0.080776, 0.243168, 0.256009, 0.271837, 0.639326, 0.42663, 0.486876, 0.515077, 0.536171, 0.672223, 0.682282, 0.995815, 1, 

267,322,0.001, 0.0211114, 0.0842969, 0.134241, 0.149411, 0.215255, 0.239567, 0.270736, 0.873456, 1, 

240,417,0.001, 0.0499229, 0.0531636, 0.0857729, 0.0988731, 0.149411, 0.167688, 0.198821, 0.232952, 0.281406, 0.385129, 0.504261, 0.97556, 1, 

251,345,0.001, 0.0447926, 0.0531636, 0.0954025, 0.160567, 0.164553, 0.167688, 0.198821, 0.232952, 0.243168, 0.256009, 0.271837, 0.327159, 0.920808, 0.909277, 1, 

292,277,0.001, 0.0499229, 0.0531636, 0.0857729, 0.134241, 0.164553, 0.167688, 0.198821, 0.281406, 0.385129, 0.504261, 0.97556, 1, 

Generation #40
243,402,0.001, 0.0211114, 0.0607413, 0.0842969, 0.134241, 0.15758, 0.158648, 0.187214, 0.080776, 0.243168, 0.256009, 0.271837, 0.639326, 0.42663, 0.486876, 0.515077, 0.536171, 0.672223, 0.682282, 0.995815, 1, 

267,322,0.001, 0.0211114, 0.0842969, 0.134241, 0.149411, 0.215255, 0.239567, 0.270736, 0.873456, 1, 

240,417,0.001, 0.0499229, 0.0531636, 0.0857729, 0.0988731, 0.149411, 0.167688, 0.198821, 0.232952, 0.281406, 0.385129, 0.504261, 0.97556, 1, 

251,345,0.001, 0.0447926, 0.0531636, 0.0954025, 0.160567, 0.164553, 0.167688, 0.198821, 0.232952, 0.243168, 0.256009, 0.271837, 0.327159, 0.920808, 0.909277, 1, 

292,277,0.001, 0.0499229, 0.0531636, 0.0857729, 0.134241, 0.164553, 0.167688, 0.198821, 0.281406, 0.385129, 0.504261, 0.97556, 1, 

Generation #41
243,402,0.001, 0.0211114, 0.0607413, 0.0842969, 0.134241, 0.15758, 0.158648, 0.187214, 0.080776, 0.243168, 0.256009, 0.271837, 0.639326, 0.42663, 0.486876, 0.515077, 0.536171, 0.672223, 0.682282, 0.995815, 1, 

267,322,0.001, 0.0211114, 0.0842969, 0.134241, 0.149411, 0.215255, 0.239567, 0.270736, 0.873456, 1, 

240,417,0.001, 0.0499229, 0.0531636, 0.0857729, 0.0988731, 0.149411, 0.167688, 0.198821, 0.232952, 0.281406, 0.385129, 0.504261, 0.97556, 1, 

251,345,0.001, 0.0447926, 0.0531636, 0.0954025, 0.160567, 0.164553, 0.167688, 0.198821, 0.232952, 0.243168, 0.256009, 0.271837, 0.327159, 0.920808, 0.909277, 1, 

292,277,0.001, 0.0499229, 0.0531636, 0.0857729, 0.134241, 0.164553, 0.167688, 0.198821, 0.281406, 0.385129, 0.504261, 0.97556, 1, 

Generation #42
243,402,0.001, 0.0211114, 0.0607413, 0.0842969, 0.134241, 0.15758, 0.158648, 0.187214, 0.080776, 0.243168, 0.256009, 0.271837, 0.639326, 0.42663, 0.486876, 0.515077, 0.536171, 0.672223, 0.682282, 0.995815, 1, 

267,322,0.001, 0.0211114, 0.0842969, 0.134241, 0.149411, 0.215255, 0.239567, 0.270736, 0.873456, 1, 

240,417,0.001, 0.0499229, 0.0531636, 0.0857729, 0.0988731, 0.149411, 0.167688, 0.198821, 0.232952, 0.281406, 0.385129, 0.504261, 0.97556, 1, 

251,345,0.001, 0.0447926, 0.0531636, 0.0954025, 0.160567, 0.164553, 0.167688, 0.198821, 0.232952, 0.243168, 0.256009, 0.271837, 0.327159, 0.920808, 0.909277, 1, 

292,277,0.001, 0.0499229, 0.0531636, 0.0857729, 0.134241, 0.164553, 0.167688, 0.198821, 0.281406, 0.385129, 0.504261, 0.97556, 1, 

Generation #43
243,402,0.001, 0.0211114, 0.0607413, 0.0842969, 0.134241, 0.15758, 0.158648, 0.187214, 0.080776, 0.243168, 0.256009, 0.271837, 0.639326, 0.42663, 0.486876, 0.515077, 0.536171, 0.672223, 0.682282, 0.995815, 1, 

267,322,0.001, 0.0211114, 0.0842969, 0.134241, 0.149411, 0.215255, 0.239567, 0.270736, 0.873456, 1, 

240,417,0.001, 0.0499229, 0.0531636, 0.0857729, 0.0988731, 0.149411, 0.167688, 0.198821, 0.232952, 0.281406, 0.385129, 0.504261, 0.97556, 1, 

251,345,0.001, 0.0447926, 0.0531636, 0.0954025, 0.160567, 0.164553, 0.167688, 0.198821, 0.232952, 0.243168, 0.256009, 0.271837, 0.327159, 0.920808, 0.909277, 1, 

292,277,0.001, 0.0499229, 0.0531636, 0.0857729, 0.134241, 0.164553, 0.167688, 0.198821, 0.281406, 0.385129, 0.504261, 0.97556, 1, 

Generation #44
243,402,0.001, 0.0211114, 0.0607413, 0.0842969, 0.134241, 0.15758, 0.158648, 0.187214, 0.080776, 0.243168, 0.256009, 0.271837, 0.639326, 0.42663, 0.486876, 0.515077, 0.536171, 0.672223, 0.682282, 0.995815, 1, 

267,322,0.001, 0.0211114, 0.0842969, 0.134241, 0.149411, 0.215255, 0.239567, 0.270736, 0.873456, 1, 

240,417,0.001, 0.0499229, 0.0531636, 0.0857729, 0.0988731, 0.149411, 0.167688, 0.198821, 0.232952, 0.281406, 0.385129, 0.504261, 0.97556, 1, 

251,345,0.001, 0.0447926, 0.0531636, 0.0954025, 0.160567, 0.164553, 0.167688, 0.198821, 0.232952, 0.243168, 0.256009, 0.271837, 0.327159, 0.920808, 0.909277, 1, 

292,277,0.001, 0.0499229, 0.0531636, 0.0857729, 0.134241, 0.164553, 0.167688, 0.198821, 0.281406, 0.385129, 0.504261, 0.97556, 1, 

285,299,0.001, 0.0211114, 0.0607413, 0.0842969, 0.134241, 0.15758, 0.158648, 0.187214, 0.080776, 0.243168, 0.48891, 0.570563, 0.580102, 1, 

Generation #45
243,402,0.001, 0.0211114, 0.0607413, 0.0842969, 0.134241, 0.15758, 0.158648, 0.187214, 0.080776, 0.243168, 0.256009, 0.271837, 0.639326, 0.42663, 0.486876, 0.515077, 0.536171, 0.672223, 0.682282, 0.995815, 1, 

267,322,0.001, 0.0211114, 0.0842969, 0.134241, 0.149411, 0.215255, 0.239567, 0.270736, 0.873456, 1, 

240,417,0.001, 0.0499229, 0.0531636, 0.0857729, 0.0988731, 0.149411, 0.167688, 0.198821, 0.232952, 0.281406, 0.385129, 0.504261, 0.97556, 1, 

251,345,0.001, 0.0447926, 0.0531636, 0.0954025, 0.160567, 0.164553, 0.167688, 0.198821, 0.232952, 0.243168, 0.256009, 0.271837, 0.327159, 0.920808, 0.909277, 1, 

292,277,0.001, 0.0499229, 0.0531636, 0.0857729, 0.134241, 0.164553, 0.167688, 0.198821, 0.281406, 0.385129, 0.504261, 0.97556, 1, 

285,299,0.001, 0.0211114, 0.0607413, 0.0842969, 0.134241, 0.15758, 0.158648, 0.187214, 0.080776, 0.243168, 0.48891, 0.570563, 0.580102, 1, 

Generation #46
243,402,0.001, 0.0211114, 0.0607413, 0.0842969, 0.134241, 0.15758, 0.158648, 0.187214, 0.080776, 0.243168, 0.256009, 0.271837, 0.639326, 0.42663, 0.486876, 0.515077, 0.536171, 0.672223, 0.682282, 0.995815, 1, 

267,322,0.001, 0.0211114, 0.0842969, 0.134241, 0.149411, 0.215255, 0.239567, 0.270736, 0.873456, 1, 

240,417,0.001, 0.0499229, 0.0531636, 0.0857729, 0.0988731, 0.149411, 0.167688, 0.198821, 0.232952, 0.281406, 0.385129, 0.504261, 0.97556, 1, 

251,345,0.001, 0.0447926, 0.0531636, 0.0954025, 0.160567, 0.164553, 0.167688, 0.198821, 0.232952, 0.243168, 0.256009, 0.271837, 0.327159, 0.920808, 0.909277, 1, 

292,277,0.001, 0.0499229, 0.0531636, 0.0857729, 0.134241, 0.164553, 0.167688, 0.198821, 0.281406, 0.385129, 0.504261, 0.97556, 1, 

285,299,0.001, 0.0211114, 0.0607413, 0.0842969, 0.134241, 0.15758, 0.158648, 0.187214, 0.080776, 0.243168, 0.48891, 0.570563, 0.580102, 1, 

Generation #47
243,402,0.001, 0.0211114, 0.0607413, 0.0842969, 0.134241, 0.15758, 0.158648, 0.187214, 0.080776, 0.243168, 0.256009, 0.271837, 0.639326, 0.42663, 0.486876, 0.515077, 0.536171, 0.672223, 0.682282, 0.995815, 1, 

267,322,0.001, 0.0211114, 0.0842969, 0.134241, 0.149411, 0.215255, 0.239567, 0.270736, 0.873456, 1, 

240,417,0.001, 0.0499229, 0.0531636, 0.0857729, 0.0988731, 0.149411, 0.167688, 0.198821, 0.232952, 0.281406, 0.385129, 0.504261, 0.97556, 1, 

251,345,0.001, 0.0447926, 0.0531636, 0.0954025, 0.160567, 0.164553, 0.167688, 0.198821, 0.232952, 0.243168, 0.256009, 0.271837, 0.327159, 0.920808, 0.909277, 1, 

292,277,0.001, 0.0499229, 0.0531636, 0.0857729, 0.134241, 0.164553, 0.167688, 0.198821, 0.281406, 0.385129, 0.504261, 0.97556, 1, 

285,299,0.001, 0.0211114, 0.0607413, 0.0842969, 0.134241, 0.15758, 0.158648, 0.187214, 0.080776, 0.243168, 0.48891, 0.570563, 0.580102, 1, 

Generation #48
243,402,0.001, 0.0211114, 0.0607413, 0.0842969, 0.134241, 0.15758, 0.158648, 0.187214, 0.080776, 0.243168, 0.256009, 0.271837, 0.639326, 0.42663, 0.486876, 0.515077, 0.536171, 0.672223, 0.682282, 0.995815, 1, 

267,322,0.001, 0.0211114, 0.0842969, 0.134241, 0.149411, 0.215255, 0.239567, 0.270736, 0.873456, 1, 

240,417,0.001, 0.0499229, 0.0531636, 0.0857729, 0.0988731, 0.149411, 0.167688, 0.198821, 0.232952, 0.281406, 0.385129, 0.504261, 0.97556, 1, 

251,345,0.001, 0.0447926, 0.0531636, 0.0954025, 0.160567, 0.164553, 0.167688, 0.198821, 0.232952, 0.243168, 0.256009, 0.271837, 0.327159, 0.920808, 0.909277, 1, 

292,277,0.001, 0.0499229, 0.0531636, 0.0857729, 0.134241, 0.164553, 0.167688, 0.198821, 0.281406, 0.385129, 0.504261, 0.97556, 1, 

285,299,0.001, 0.0211114, 0.0607413, 0.0842969, 0.134241, 0.15758, 0.158648, 0.187214, 0.080776, 0.243168, 0.48891, 0.570563, 0.580102, 1, 

Generation #49
243,402,0.001, 0.0211114, 0.0607413, 0.0842969, 0.134241, 0.15758, 0.158648, 0.187214, 0.080776, 0.243168, 0.256009, 0.271837, 0.639326, 0.42663, 0.486876, 0.515077, 0.536171, 0.672223, 0.682282, 0.995815, 1, 

267,322,0.001, 0.0211114, 0.0842969, 0.134241, 0.149411, 0.215255, 0.239567, 0.270736, 0.873456, 1, 

240,417,0.001, 0.0499229, 0.0531636, 0.0857729, 0.0988731, 0.149411, 0.167688, 0.198821, 0.232952, 0.281406, 0.385129, 0.504261, 0.97556, 1, 

251,345,0.001, 0.0447926, 0.0531636, 0.0954025, 0.160567, 0.164553, 0.167688, 0.198821, 0.232952, 0.243168, 0.256009, 0.271837, 0.327159, 0.920808, 0.909277, 1, 

292,277,0.001, 0.0499229, 0.0531636, 0.0857729, 0.134241, 0.164553, 0.167688, 0.198821, 0.281406, 0.385129, 0.504261, 0.97556, 1, 

285,299,0.001, 0.0211114, 0.0607413, 0.0842969, 0.134241, 0.15758, 0.158648, 0.187214, 0.080776, 0.243168, 0.48891, 0.570563, 0.580102, 1, 

--- Pareto Front Solutions ---
Solution 0: N total=499 (N_initial=256, N_added=243), Time total=445 ms, Saved to: ./results/SPINS_t3_l4_pareto_0.csv, percents=0.001, 0.0211114, 0.0607413, 0.0842969, 0.134241, 0.15758, 0.158648, 0.187214, 0.080776, 0.243168, 0.256009, 0.271837, 0.639326, 0.42663, 0.486876, 0.515077, 0.536171, 0.672223, 0.682282, 0.995815, 1, 

Solution 1: N total=523 (N_initial=256, N_added=267), Time total=365 ms, Saved to: ./results/SPINS_t3_l4_pareto_1.csv, percents=0.001, 0.0211114, 0.0842969, 0.134241, 0.149411, 0.215255, 0.239567, 0.270736, 0.873456, 1, 

Solution 2: N total=496 (N_initial=256, N_added=240), Time total=460 ms, Saved to: ./results/SPINS_t3_l4_pareto_2.csv, percents=0.001, 0.0499229, 0.0531636, 0.0857729, 0.0988731, 0.149411, 0.167688, 0.198821, 0.232952, 0.281406, 0.385129, 0.504261, 0.97556, 1, 

Solution 3: N total=507 (N_initial=256, N_added=251), Time total=388 ms, Saved to: ./results/SPINS_t3_l4_pareto_3.csv, percents=0.001, 0.0447926, 0.0531636, 0.0954025, 0.160567, 0.164553, 0.167688, 0.198821, 0.232952, 0.243168, 0.256009, 0.271837, 0.327159, 0.920808, 0.909277, 1, 

Solution 4: N total=548 (N_initial=256, N_added=292), Time total=320 ms, Saved to: ./results/SPINS_t3_l4_pareto_4.csv, percents=0.001, 0.0499229, 0.0531636, 0.0857729, 0.134241, 0.164553, 0.167688, 0.198821, 0.281406, 0.385129, 0.504261, 0.97556, 1, 

Solution 5: N total=541 (N_initial=256, N_added=285), Time total=342 ms, Saved to: ./results/SPINS_t3_l4_pareto_5.csv, percents=0.001, 0.0211114, 0.0607413, 0.0842969, 0.134241, 0.15758, 0.158648, 0.187214, 0.080776, 0.243168, 0.48891, 0.570563, 0.580102, 1, 

